{
"type": "FeatureCollection",
"name": "banks",
"crs": { "type": "name", "properties": { "name": "urn:ogc:def:crs:OGC:1.3:CRS84" } },
"features": [
{ "type": "Feature", "properties": { "lat": 23.0116557, "visible": "False", "version": 3, "tags": null, "id": 631801188, "lon": 72.5687622, "changeset": 0.0, "timestamp": 1286630838, "addr:city": null, "addr:country": null, "addr:full": null, "addr:housenumber": null, "addr:housename": null, "addr:postcode": null, "addr:place": null, "addr:street": null, "email": null, "name": null, "opening_hours": null, "operator": "Bank Of India", "phone": null, "ref": null, "url": null, "website": null, "amenity": "atm", "atm": null, "bank": null, "bicycle_parking": null, "bicycle_rental": null, "bar": null, "biergarten": null, "building": null, "building:levels": null, "cafe": null, "drinking_water": null, "fast_food": null, "fountain": null, "fuel": null, "internet_access": null, "landuse": null, "office": null, "parking": null, "police": null, "post_office": null, "restaurant": null, "school": null, "social_facility": null, "source": null, "start_date": null, "taxi": null, "wikipedia": null, "agrarian": null, "alcohol": null, "bag": null, "books": null, "butcher": null, "clothes": null, "computer": null, "craft": null, "furniture": null, "gas": null, "hairdresser": null, "kitchen": null, "massage": null, "medical_supply": null, "motorcycle": null, "organic": null, "outdoor": null, "pet": null, "religion": null, "second_hand": null, "shoes": null, "shop": null, "swimming_pool": null, "trade": null, "wholesale": null, "attraction": null, "camp_site": null, "guest_house": null, "hostel": null, "information": null, "museum": null, "tourism": null, "viewpoint": null, "zoo": null, "osm_type": "node", "spa": null, "fireplace": null, "fishing": null, "security": null, "water": null }, "geometry": { "type": "Point", "coordinates": [ 72.5687622, 23.0116557 ] } },
{ "type": "Feature", "properties": { "lat": 23.0323231, "visible": "False", "version": 6, "tags": { "brand": "Indian Bank", "brand:wikidata": "Q2003789", "brand:wikipedia": "en:Indian Bank", "name:en": "Indian Bank" }, "id": 1746678859, "lon": 72.511317, "changeset": 0.0, "timestamp": 1716271362, "addr:city": null, "addr:country": null, "addr:full": null, "addr:housenumber": null, "addr:housename": null, "addr:postcode": null, "addr:place": null, "addr:street": null, "email": null, "name": "Indian Bank", "opening_hours": null, "operator": null, "phone": null, "ref": null, "url": null, "website": "https://www.indianbank.in/", "amenity": "bank", "atm": "yes", "bank": null, "bicycle_parking": null, "bicycle_rental": null, "bar": null, "biergarten": null, "building": null, "building:levels": null, "cafe": null, "drinking_water": null, "fast_food": null, "fountain": null, "fuel": null, "internet_access": null, "landuse": null, "office": null, "parking": null, "police": null, "post_office": null, "restaurant": null, "school": null, "social_facility": null, "source": null, "start_date": null, "taxi": null, "wikipedia": null, "agrarian": null, "alcohol": null, "bag": null, "books": null, "butcher": null, "clothes": null, "computer": null, "craft": null, "furniture": null, "gas": null, "hairdresser": null, "kitchen": null, "massage": null, "medical_supply": null, "motorcycle": null, "organic": null, "outdoor": null, "pet": null, "religion": null, "second_hand": null, "shoes": null, "shop": null, "swimming_pool": null, "trade": null, "wholesale": null, "attraction": null, "camp_site": null, "guest_house": null, "hostel": null, "information": null, "museum": null, "tourism": null, "viewpoint": null, "zoo": null, "osm_type": "node", "spa": null, "fireplace": null, "fishing": null, "security": null, "water": null }, "geometry": { "type": "Point", "coordinates": [ 72.511317, 23.0323231 ] } },
{ "type": "Feature", "properties": { "lat": 23.0263264, "visible": "False", "version": 2, "tags": { "brand": "State Bank of India", "brand:wikidata": "Q1340361", "brand:wikipedia": "en:State Bank of India", "operator:wikidata": "Q1340361", "operator:wikipedia": "en:State Bank of India", "short_name": "SBI" }, "id": 1746708885, "lon": 72.5077538, "changeset": 0.0, "timestamp": 1632407478, "addr:city": null, "addr:country": null, "addr:full": null, "addr:housenumber": null, "addr:housename": null, "addr:postcode": null, "addr:place": null, "addr:street": null, "email": null, "name": "State Bank of India", "opening_hours": null, "operator": "State Bank of India", "phone": null, "ref": null, "url": null, "website": null, "amenity": "atm", "atm": null, "bank": null, "bicycle_parking": null, "bicycle_rental": null, "bar": null, "biergarten": null, "building": null, "building:levels": null, "cafe": null, "drinking_water": null, "fast_food": null, "fountain": null, "fuel": null, "internet_access": null, "landuse": null, "office": null, "parking": null, "police": null, "post_office": null, "restaurant": null, "school": null, "social_facility": null, "source": null, "start_date": null, "taxi": null, "wikipedia": null, "agrarian": null, "alcohol": null, "bag": null, "books": null, "butcher": null, "clothes": null, "computer": null, "craft": null, "furniture": null, "gas": null, "hairdresser": null, "kitchen": null, "massage": null, "medical_supply": null, "motorcycle": null, "organic": null, "outdoor": null, "pet": null, "religion": null, "second_hand": null, "shoes": null, "shop": null, "swimming_pool": null, "trade": null, "wholesale": null, "attraction": null, "camp_site": null, "guest_house": null, "hostel": null, "information": null, "museum": null, "tourism": null, "viewpoint": null, "zoo": null, "osm_type": "node", "spa": null, "fireplace": null, "fishing": null, "security": null, "water": null }, "geometry": { "type": "Point", "coordinates": [ 72.5077538, 23.0263264 ] } },
{ "type": "Feature", "properties": { "lat": 23.0458191, "visible": "False", "version": 6, "tags": { "brand": "State Bank of India", "brand:wikidata": "Q1340361", "brand:wikipedia": "en:State Bank of India", "drive_through": "no", "short_name": "SBI" }, "id": 1779126826, "lon": 72.5523558, "changeset": 0.0, "timestamp": 1721224773, "addr:city": null, "addr:country": null, "addr:full": null, "addr:housenumber": null, "addr:housename": null, "addr:postcode": null, "addr:place": null, "addr:street": null, "email": null, "name": "State Bank of India, St. Xavier's School Road Branch", "opening_hours": null, "operator": null, "phone": null, "ref": null, "url": null, "website": null, "amenity": "bank", "atm": "yes", "bank": null, "bicycle_parking": null, "bicycle_rental": null, "bar": null, "biergarten": null, "building": null, "building:levels": null, "cafe": null, "drinking_water": null, "fast_food": null, "fountain": null, "fuel": null, "internet_access": null, "landuse": null, "office": null, "parking": null, "police": null, "post_office": null, "restaurant": null, "school": null, "social_facility": null, "source": null, "start_date": null, "taxi": null, "wikipedia": null, "agrarian": null, "alcohol": null, "bag": null, "books": null, "butcher": null, "clothes": null, "computer": null, "craft": null, "furniture": null, "gas": null, "hairdresser": null, "kitchen": null, "massage": null, "medical_supply": null, "motorcycle": null, "organic": null, "outdoor": null, "pet": null, "religion": null, "second_hand": null, "shoes": null, "shop": null, "swimming_pool": null, "trade": null, "wholesale": null, "attraction": null, "camp_site": null, "guest_house": null, "hostel": null, "information": null, "museum": null, "tourism": null, "viewpoint": null, "zoo": null, "osm_type": "node", "spa": null, "fireplace": null, "fishing": null, "security": null, "water": null }, "geometry": { "type": "Point", "coordinates": [ 72.5523558, 23.0458191 ] } },
{ "type": "Feature", "properties": { "lat": 23.0047261, "visible": "False", "version": 5, "tags": { "brand:wikidata": "Q2003789", "brand:wikipedia": "en:Indian Bank", "name:en": "Indian Bank" }, "id": 1781763048, "lon": 72.5645714, "changeset": 0.0, "timestamp": 1556963405, "addr:city": null, "addr:country": null, "addr:full": null, "addr:housenumber": null, "addr:housename": null, "addr:postcode": null, "addr:place": null, "addr:street": null, "email": null, "name": "Indian Bank", "opening_hours": null, "operator": null, "phone": null, "ref": null, "url": null, "website": "https://www.indianbank.in/", "amenity": "bank", "atm": "yes", "bank": null, "bicycle_parking": null, "bicycle_rental": null, "bar": null, "biergarten": null, "building": null, "building:levels": null, "cafe": null, "drinking_water": null, "fast_food": null, "fountain": null, "fuel": null, "internet_access": null, "landuse": null, "office": null, "parking": null, "police": null, "post_office": null, "restaurant": null, "school": null, "social_facility": null, "source": null, "start_date": null, "taxi": null, "wikipedia": null, "agrarian": null, "alcohol": null, "bag": null, "books": null, "butcher": null, "clothes": null, "computer": null, "craft": null, "furniture": null, "gas": null, "hairdresser": null, "kitchen": null, "massage": null, "medical_supply": null, "motorcycle": null, "organic": null, "outdoor": null, "pet": null, "religion": null, "second_hand": null, "shoes": null, "shop": null, "swimming_pool": null, "trade": null, "wholesale": null, "attraction": null, "camp_site": null, "guest_house": null, "hostel": null, "information": null, "museum": null, "tourism": null, "viewpoint": null, "zoo": null, "osm_type": "node", "spa": null, "fireplace": null, "fishing": null, "security": null, "water": null }, "geometry": { "type": "Point", "coordinates": [ 72.5645714, 23.0047261 ] } },
{ "type": "Feature", "properties": { "lat": 23.0471515, "visible": "False", "version": 6, "tags": { "brand": "Central Bank of India", "brand:wikidata": "Q2007090", "brand:wikipedia": "en:Central Bank of India", "name:en": "Central Bank of India" }, "id": 1830548403, "lon": 72.5527534, "changeset": 0.0, "timestamp": 1574357794, "addr:city": null, "addr:country": null, "addr:full": null, "addr:housenumber": null, "addr:housename": null, "addr:postcode": null, "addr:place": null, "addr:street": null, "email": null, "name": "Central Bank of India", "opening_hours": null, "operator": null, "phone": null, "ref": null, "url": null, "website": "https://www.centralbankofindia.co.in", "amenity": "bank", "atm": null, "bank": null, "bicycle_parking": null, "bicycle_rental": null, "bar": null, "biergarten": null, "building": null, "building:levels": null, "cafe": null, "drinking_water": null, "fast_food": null, "fountain": null, "fuel": null, "internet_access": null, "landuse": null, "office": null, "parking": null, "police": null, "post_office": null, "restaurant": null, "school": null, "social_facility": null, "source": null, "start_date": null, "taxi": null, "wikipedia": null, "agrarian": null, "alcohol": null, "bag": null, "books": null, "butcher": null, "clothes": null, "computer": null, "craft": null, "furniture": null, "gas": null, "hairdresser": null, "kitchen": null, "massage": null, "medical_supply": null, "motorcycle": null, "organic": null, "outdoor": null, "pet": null, "religion": null, "second_hand": null, "shoes": null, "shop": null, "swimming_pool": null, "trade": null, "wholesale": null, "attraction": null, "camp_site": null, "guest_house": null, "hostel": null, "information": null, "museum": null, "tourism": null, "viewpoint": null, "zoo": null, "osm_type": "node", "spa": null, "fireplace": null, "fishing": null, "security": null, "water": null }, "geometry": { "type": "Point", "coordinates": [ 72.5527534, 23.0471515 ] } },
{ "type": "Feature", "properties": { "lat": 23.0453324, "visible": "False", "version": 1, "tags": null, "id": 1830570013, "lon": 72.5517832, "changeset": 0.0, "timestamp": 1342689850, "addr:city": null, "addr:country": null, "addr:full": null, "addr:housenumber": null, "addr:housename": null, "addr:postcode": null, "addr:place": null, "addr:street": null, "email": null, "name": "Kalupur Commercial Co-operative Bank", "opening_hours": null, "operator": null, "phone": null, "ref": null, "url": null, "website": null, "amenity": "bank", "atm": null, "bank": null, "bicycle_parking": null, "bicycle_rental": null, "bar": null, "biergarten": null, "building": null, "building:levels": null, "cafe": null, "drinking_water": null, "fast_food": null, "fountain": null, "fuel": null, "internet_access": null, "landuse": null, "office": null, "parking": null, "police": null, "post_office": null, "restaurant": null, "school": null, "social_facility": null, "source": null, "start_date": null, "taxi": null, "wikipedia": null, "agrarian": null, "alcohol": null, "bag": null, "books": null, "butcher": null, "clothes": null, "computer": null, "craft": null, "furniture": null, "gas": null, "hairdresser": null, "kitchen": null, "massage": null, "medical_supply": null, "motorcycle": null, "organic": null, "outdoor": null, "pet": null, "religion": null, "second_hand": null, "shoes": null, "shop": null, "swimming_pool": null, "trade": null, "wholesale": null, "attraction": null, "camp_site": null, "guest_house": null, "hostel": null, "information": null, "museum": null, "tourism": null, "viewpoint": null, "zoo": null, "osm_type": "node", "spa": null, "fireplace": null, "fishing": null, "security": null, "water": null }, "geometry": { "type": "Point", "coordinates": [ 72.5517832, 23.0453324 ] } },
{ "type": "Feature", "properties": { "lat": 23.0058514, "visible": "False", "version": 4, "tags": { "brand:wikidata": "Q2003797", "brand:wikipedia": "en:Bank of Baroda", "name:en": "Bank of Baroda", "short_name": "BoB" }, "id": 2034596325, "lon": 72.5910422, "changeset": 0.0, "timestamp": 1556963417, "addr:city": null, "addr:country": null, "addr:full": null, "addr:housenumber": null, "addr:housename": null, "addr:postcode": null, "addr:place": null, "addr:street": null, "email": null, "name": "Bank of Baroda", "opening_hours": null, "operator": null, "phone": null, "ref": null, "url": null, "website": "http://www.bankofbaroda.com", "amenity": "bank", "atm": "yes", "bank": null, "bicycle_parking": null, "bicycle_rental": null, "bar": null, "biergarten": null, "building": null, "building:levels": null, "cafe": null, "drinking_water": null, "fast_food": null, "fountain": null, "fuel": null, "internet_access": null, "landuse": null, "office": null, "parking": null, "police": null, "post_office": null, "restaurant": null, "school": null, "social_facility": null, "source": null, "start_date": null, "taxi": null, "wikipedia": null, "agrarian": null, "alcohol": null, "bag": null, "books": null, "butcher": null, "clothes": null, "computer": null, "craft": null, "furniture": null, "gas": null, "hairdresser": null, "kitchen": null, "massage": null, "medical_supply": null, "motorcycle": null, "organic": null, "outdoor": null, "pet": null, "religion": null, "second_hand": null, "shoes": null, "shop": null, "swimming_pool": null, "trade": null, "wholesale": null, "attraction": null, "camp_site": null, "guest_house": null, "hostel": null, "information": null, "museum": null, "tourism": null, "viewpoint": null, "zoo": null, "osm_type": "node", "spa": null, "fireplace": null, "fishing": null, "security": null, "water": null }, "geometry": { "type": "Point", "coordinates": [ 72.5910422, 23.0058514 ] } },
{ "type": "Feature", "properties": { "lat": 23.0899418, "visible": "False", "version": 3, "tags": { "fee": "Free For 5 Trasaction" }, "id": 2211711828, "lon": 72.5657014, "changeset": 0.0, "timestamp": 1577187890, "addr:city": null, "addr:country": null, "addr:full": null, "addr:housenumber": null, "addr:housename": null, "addr:postcode": null, "addr:place": null, "addr:street": null, "email": null, "name": null, "opening_hours": null, "operator": "State Bank of India", "phone": null, "ref": null, "url": null, "website": null, "amenity": "atm", "atm": null, "bank": null, "bicycle_parking": null, "bicycle_rental": null, "bar": null, "biergarten": null, "building": null, "building:levels": null, "cafe": null, "drinking_water": null, "fast_food": null, "fountain": null, "fuel": null, "internet_access": null, "landuse": null, "office": null, "parking": null, "police": null, "post_office": null, "restaurant": null, "school": null, "social_facility": null, "source": null, "start_date": null, "taxi": null, "wikipedia": null, "agrarian": null, "alcohol": null, "bag": null, "books": null, "butcher": null, "clothes": null, "computer": null, "craft": null, "furniture": null, "gas": null, "hairdresser": null, "kitchen": null, "massage": null, "medical_supply": null, "motorcycle": null, "organic": null, "outdoor": null, "pet": null, "religion": null, "second_hand": null, "shoes": null, "shop": null, "swimming_pool": null, "trade": null, "wholesale": null, "attraction": null, "camp_site": null, "guest_house": null, "hostel": null, "information": null, "museum": null, "tourism": null, "viewpoint": null, "zoo": null, "osm_type": "node", "spa": null, "fireplace": null, "fishing": null, "security": null, "water": null }, "geometry": { "type": "Point", "coordinates": [ 72.5657014, 23.0899418 ] } },
{ "type": "Feature", "properties": { "lat": 23.0406536, "visible": "False", "version": 2, "tags": null, "id": 3204931795, "lon": 72.5713107, "changeset": 0.0, "timestamp": 1418725660, "addr:city": "Ahmedabad", "addr:country": null, "addr:full": null, "addr:housenumber": null, "addr:housename": null, "addr:postcode": null, "addr:place": null, "addr:street": "Ashram Road", "email": null, "name": "Ahmedabad District Cooperative Bank", "opening_hours": "Mo-Sa 09:30-16:00", "operator": "Ahmedabad Distrcit Cooperative Bank Society", "phone": null, "ref": null, "url": null, "website": null, "amenity": "bank", "atm": "yes", "bank": null, "bicycle_parking": null, "bicycle_rental": null, "bar": null, "biergarten": null, "building": null, "building:levels": null, "cafe": null, "drinking_water": null, "fast_food": null, "fountain": null, "fuel": null, "internet_access": null, "landuse": null, "office": null, "parking": null, "police": null, "post_office": null, "restaurant": null, "school": null, "social_facility": null, "source": null, "start_date": null, "taxi": null, "wikipedia": null, "agrarian": null, "alcohol": null, "bag": null, "books": null, "butcher": null, "clothes": null, "computer": null, "craft": null, "furniture": null, "gas": null, "hairdresser": null, "kitchen": null, "massage": null, "medical_supply": null, "motorcycle": null, "organic": null, "outdoor": null, "pet": null, "religion": null, "second_hand": null, "shoes": null, "shop": null, "swimming_pool": null, "trade": null, "wholesale": null, "attraction": null, "camp_site": null, "guest_house": null, "hostel": null, "information": null, "museum": null, "tourism": null, "viewpoint": null, "zoo": null, "osm_type": "node", "spa": null, "fireplace": null, "fishing": null, "security": null, "water": null }, "geometry": { "type": "Point", "coordinates": [ 72.5713107, 23.0406536 ] } },
{ "type": "Feature", "properties": { "lat": 23.0245389, "visible": "False", "version": 5, "tags": { "brand": "State Bank of India", "brand:wikidata": "Q1340361", "brand:wikipedia": "en:State Bank of India" }, "id": 3235855839, "lon": 72.579428, "changeset": 0.0, "timestamp": 1623945576, "addr:city": "Ahmedabad", "addr:country": null, "addr:full": null, "addr:housenumber": null, "addr:housename": null, "addr:postcode": null, "addr:place": null, "addr:street": null, "email": null, "name": "The State Bank of India, Ahmedabad Office", "opening_hours": null, "operator": "State Bank of India", "phone": null, "ref": null, "url": null, "website": null, "amenity": "bank", "atm": "yes", "bank": null, "bicycle_parking": null, "bicycle_rental": null, "bar": null, "biergarten": null, "building": null, "building:levels": null, "cafe": null, "drinking_water": null, "fast_food": null, "fountain": null, "fuel": null, "internet_access": null, "landuse": null, "office": null, "parking": null, "police": null, "post_office": null, "restaurant": null, "school": null, "social_facility": null, "source": null, "start_date": null, "taxi": null, "wikipedia": null, "agrarian": null, "alcohol": null, "bag": null, "books": null, "butcher": null, "clothes": null, "computer": null, "craft": null, "furniture": null, "gas": null, "hairdresser": null, "kitchen": null, "massage": null, "medical_supply": null, "motorcycle": null, "organic": null, "outdoor": null, "pet": null, "religion": null, "second_hand": null, "shoes": null, "shop": null, "swimming_pool": null, "trade": null, "wholesale": null, "attraction": null, "camp_site": null, "guest_house": null, "hostel": null, "information": null, "museum": null, "tourism": null, "viewpoint": null, "zoo": null, "osm_type": "node", "spa": null, "fireplace": null, "fishing": null, "security": null, "water": null }, "geometry": { "type": "Point", "coordinates": [ 72.579428, 23.0245389 ] } },
{ "type": "Feature", "properties": { "lat": 23.0337365, "visible": "False", "version": 1, "tags": null, "id": 3242226331, "lon": 72.5608865, "changeset": 0.0, "timestamp": 1418977064, "addr:city": "Ahmedabad", "addr:country": null, "addr:full": null, "addr:housenumber": null, "addr:housename": null, "addr:postcode": "380009", "addr:place": null, "addr:street": null, "email": null, "name": "Citibank", "opening_hours": null, "operator": null, "phone": null, "ref": null, "url": null, "website": null, "amenity": "bank", "atm": null, "bank": null, "bicycle_parking": null, "bicycle_rental": null, "bar": null, "biergarten": null, "building": null, "building:levels": null, "cafe": null, "drinking_water": null, "fast_food": null, "fountain": null, "fuel": null, "internet_access": null, "landuse": null, "office": null, "parking": null, "police": null, "post_office": null, "restaurant": null, "school": null, "social_facility": null, "source": null, "start_date": null, "taxi": null, "wikipedia": null, "agrarian": null, "alcohol": null, "bag": null, "books": null, "butcher": null, "clothes": null, "computer": null, "craft": null, "furniture": null, "gas": null, "hairdresser": null, "kitchen": null, "massage": null, "medical_supply": null, "motorcycle": null, "organic": null, "outdoor": null, "pet": null, "religion": null, "second_hand": null, "shoes": null, "shop": null, "swimming_pool": null, "trade": null, "wholesale": null, "attraction": null, "camp_site": null, "guest_house": null, "hostel": null, "information": null, "museum": null, "tourism": null, "viewpoint": null, "zoo": null, "osm_type": "node", "spa": null, "fireplace": null, "fishing": null, "security": null, "water": null }, "geometry": { "type": "Point", "coordinates": [ 72.5608865, 23.0337365 ] } },
{ "type": "Feature", "properties": { "lat": 23.0328329, "visible": "False", "version": 2, "tags": { "brand": "The State bank of India", "brand:wikidata": "Q1340361" }, "id": 3242226333, "lon": 72.5598654, "changeset": 0.0, "timestamp": 1498487736, "addr:city": null, "addr:country": null, "addr:full": null, "addr:housenumber": null, "addr:housename": null, "addr:postcode": null, "addr:place": null, "addr:street": null, "email": null, "name": "The State Bank of India, Ahmedabad Office", "opening_hours": "09:30-15:30", "operator": "The State Bank of India", "phone": null, "ref": null, "url": null, "website": null, "amenity": "bank", "atm": "yes", "bank": null, "bicycle_parking": null, "bicycle_rental": null, "bar": null, "biergarten": null, "building": null, "building:levels": null, "cafe": null, "drinking_water": null, "fast_food": null, "fountain": null, "fuel": null, "internet_access": null, "landuse": null, "office": null, "parking": null, "police": null, "post_office": null, "restaurant": null, "school": null, "social_facility": null, "source": null, "start_date": null, "taxi": null, "wikipedia": null, "agrarian": null, "alcohol": null, "bag": null, "books": null, "butcher": null, "clothes": null, "computer": null, "craft": null, "furniture": null, "gas": null, "hairdresser": null, "kitchen": null, "massage": null, "medical_supply": null, "motorcycle": null, "organic": null, "outdoor": null, "pet": null, "religion": null, "second_hand": null, "shoes": null, "shop": null, "swimming_pool": null, "trade": null, "wholesale": null, "attraction": null, "camp_site": null, "guest_house": null, "hostel": null, "information": null, "museum": null, "tourism": null, "viewpoint": null, "zoo": null, "osm_type": "node", "spa": null, "fireplace": null, "fishing": null, "security": null, "water": null }, "geometry": { "type": "Point", "coordinates": [ 72.5598654, 23.0328329 ] } },
{ "type": "Feature", "properties": { "lat": 23.0331142, "visible": "False", "version": 5, "tags": { "brand:wikidata": "Q2040404", "brand:wikipedia": "en:Kotak Mahindra Bank", "name:en": "Kotak Mahindra Bank" }, "id": 3242235763, "lon": 72.5599842, "changeset": 0.0, "timestamp": 1778353763, "addr:city": null, "addr:country": null, "addr:full": null, "addr:housenumber": null, "addr:housename": null, "addr:postcode": null, "addr:place": null, "addr:street": null, "email": null, "name": "Kotak Mahindra Bank", "opening_hours": null, "operator": null, "phone": null, "ref": null, "url": null, "website": "https://www.kotak.com/", "amenity": "bank", "atm": "yes", "bank": null, "bicycle_parking": null, "bicycle_rental": null, "bar": null, "biergarten": null, "building": null, "building:levels": null, "cafe": null, "drinking_water": null, "fast_food": null, "fountain": null, "fuel": null, "internet_access": null, "landuse": null, "office": null, "parking": null, "police": null, "post_office": null, "restaurant": null, "school": null, "social_facility": null, "source": null, "start_date": null, "taxi": null, "wikipedia": null, "agrarian": null, "alcohol": null, "bag": null, "books": null, "butcher": null, "clothes": null, "computer": null, "craft": null, "furniture": null, "gas": null, "hairdresser": null, "kitchen": null, "massage": null, "medical_supply": null, "motorcycle": null, "organic": null, "outdoor": null, "pet": null, "religion": null, "second_hand": null, "shoes": null, "shop": null, "swimming_pool": null, "trade": null, "wholesale": null, "attraction": null, "camp_site": null, "guest_house": null, "hostel": null, "information": null, "museum": null, "tourism": null, "viewpoint": null, "zoo": null, "osm_type": "node", "spa": null, "fireplace": null, "fishing": null, "security": null, "water": null }, "geometry": { "type": "Point", "coordinates": [ 72.5599842, 23.0331142 ] } },
{ "type": "Feature", "properties": { "lat": 23.0274353, "visible": "False", "version": 5, "tags": { "brand": "Central Bank of India", "brand:wikidata": "Q2007090", "brand:wikipedia": "en:Central Bank of India", "name:en": "Central Bank of India" }, "id": 3306683244, "lon": 72.5809242, "changeset": 0.0, "timestamp": 1623945576, "addr:city": null, "addr:country": null, "addr:full": null, "addr:housenumber": null, "addr:housename": null, "addr:postcode": null, "addr:place": null, "addr:street": null, "email": null, "name": "Central Bank of India", "opening_hours": null, "operator": null, "phone": null, "ref": null, "url": null, "website": "https://www.centralbankofindia.co.in", "amenity": "bank", "atm": "yes", "bank": null, "bicycle_parking": null, "bicycle_rental": null, "bar": null, "biergarten": null, "building": null, "building:levels": null, "cafe": null, "drinking_water": null, "fast_food": null, "fountain": null, "fuel": null, "internet_access": null, "landuse": null, "office": null, "parking": null, "police": null, "post_office": null, "restaurant": null, "school": null, "social_facility": null, "source": null, "start_date": null, "taxi": null, "wikipedia": null, "agrarian": null, "alcohol": null, "bag": null, "books": null, "butcher": null, "clothes": null, "computer": null, "craft": null, "furniture": null, "gas": null, "hairdresser": null, "kitchen": null, "massage": null, "medical_supply": null, "motorcycle": null, "organic": null, "outdoor": null, "pet": null, "religion": null, "second_hand": null, "shoes": null, "shop": null, "swimming_pool": null, "trade": null, "wholesale": null, "attraction": null, "camp_site": null, "guest_house": null, "hostel": null, "information": null, "museum": null, "tourism": null, "viewpoint": null, "zoo": null, "osm_type": "node", "spa": null, "fireplace": null, "fishing": null, "security": null, "water": null }, "geometry": { "type": "Point", "coordinates": [ 72.5809242, 23.0274353 ] } },
{ "type": "Feature", "properties": { "lat": 23.0137058, "visible": "False", "version": 2, "tags": null, "id": 3306683248, "lon": 72.559847, "changeset": 0.0, "timestamp": 1526751469, "addr:city": null, "addr:country": null, "addr:full": null, "addr:housenumber": null, "addr:housename": null, "addr:postcode": null, "addr:place": null, "addr:street": null, "email": null, "name": "HDFC Bank Paldi Branch", "opening_hours": null, "operator": null, "phone": null, "ref": null, "url": null, "website": null, "amenity": "bank", "atm": "yes", "bank": null, "bicycle_parking": null, "bicycle_rental": null, "bar": null, "biergarten": null, "building": null, "building:levels": null, "cafe": null, "drinking_water": null, "fast_food": null, "fountain": null, "fuel": null, "internet_access": null, "landuse": null, "office": null, "parking": null, "police": null, "post_office": null, "restaurant": null, "school": null, "social_facility": null, "source": null, "start_date": null, "taxi": null, "wikipedia": null, "agrarian": null, "alcohol": null, "bag": null, "books": null, "butcher": null, "clothes": null, "computer": null, "craft": null, "furniture": null, "gas": null, "hairdresser": null, "kitchen": null, "massage": null, "medical_supply": null, "motorcycle": null, "organic": null, "outdoor": null, "pet": null, "religion": null, "second_hand": null, "shoes": null, "shop": null, "swimming_pool": null, "trade": null, "wholesale": null, "attraction": null, "camp_site": null, "guest_house": null, "hostel": null, "information": null, "museum": null, "tourism": null, "viewpoint": null, "zoo": null, "osm_type": "node", "spa": null, "fireplace": null, "fishing": null, "security": null, "water": null }, "geometry": { "type": "Point", "coordinates": [ 72.559847, 23.0137058 ] } },
{ "type": "Feature", "properties": { "lat": 23.026296, "visible": "False", "version": 1, "tags": null, "id": 3306683249, "lon": 72.5819103, "changeset": 0.0, "timestamp": 1422052042, "addr:city": null, "addr:country": null, "addr:full": null, "addr:housenumber": null, "addr:housename": null, "addr:postcode": null, "addr:place": null, "addr:street": null, "email": null, "name": "HDFC Bank Relief Road Branch", "opening_hours": null, "operator": null, "phone": null, "ref": null, "url": null, "website": null, "amenity": "bank", "atm": "yes", "bank": null, "bicycle_parking": null, "bicycle_rental": null, "bar": null, "biergarten": null, "building": null, "building:levels": null, "cafe": null, "drinking_water": null, "fast_food": null, "fountain": null, "fuel": null, "internet_access": null, "landuse": null, "office": null, "parking": null, "police": null, "post_office": null, "restaurant": null, "school": null, "social_facility": null, "source": null, "start_date": null, "taxi": null, "wikipedia": null, "agrarian": null, "alcohol": null, "bag": null, "books": null, "butcher": null, "clothes": null, "computer": null, "craft": null, "furniture": null, "gas": null, "hairdresser": null, "kitchen": null, "massage": null, "medical_supply": null, "motorcycle": null, "organic": null, "outdoor": null, "pet": null, "religion": null, "second_hand": null, "shoes": null, "shop": null, "swimming_pool": null, "trade": null, "wholesale": null, "attraction": null, "camp_site": null, "guest_house": null, "hostel": null, "information": null, "museum": null, "tourism": null, "viewpoint": null, "zoo": null, "osm_type": "node", "spa": null, "fireplace": null, "fishing": null, "security": null, "water": null }, "geometry": { "type": "Point", "coordinates": [ 72.5819103, 23.026296 ] } },
{ "type": "Feature", "properties": { "lat": 23.0388835, "visible": "False", "version": 2, "tags": { "brand": "Yes Bank", "brand:wikidata": "Q2040394", "operator:wikidata": "Q2040394" }, "id": 3306683611, "lon": 72.5880366, "changeset": 0.0, "timestamp": 1716372522, "addr:city": null, "addr:country": null, "addr:full": null, "addr:housenumber": null, "addr:housename": null, "addr:postcode": null, "addr:place": null, "addr:street": null, "email": null, "name": null, "opening_hours": null, "operator": "Yes Bank", "phone": null, "ref": null, "url": null, "website": null, "amenity": "atm", "atm": null, "bank": null, "bicycle_parking": null, "bicycle_rental": null, "bar": null, "biergarten": null, "building": null, "building:levels": null, "cafe": null, "drinking_water": null, "fast_food": null, "fountain": null, "fuel": null, "internet_access": null, "landuse": null, "office": null, "parking": null, "police": null, "post_office": null, "restaurant": null, "school": null, "social_facility": null, "source": null, "start_date": null, "taxi": null, "wikipedia": null, "agrarian": null, "alcohol": null, "bag": null, "books": null, "butcher": null, "clothes": null, "computer": null, "craft": null, "furniture": null, "gas": null, "hairdresser": null, "kitchen": null, "massage": null, "medical_supply": null, "motorcycle": null, "organic": null, "outdoor": null, "pet": null, "religion": null, "second_hand": null, "shoes": null, "shop": null, "swimming_pool": null, "trade": null, "wholesale": null, "attraction": null, "camp_site": null, "guest_house": null, "hostel": null, "information": null, "museum": null, "tourism": null, "viewpoint": null, "zoo": null, "osm_type": "node", "spa": null, "fireplace": null, "fishing": null, "security": null, "water": null }, "geometry": { "type": "Point", "coordinates": [ 72.5880366, 23.0388835 ] } },
{ "type": "Feature", "properties": { "lat": 23.0835179, "visible": "False", "version": 4, "tags": { "brand": "HDFC", "brand:wikidata": "Q631047", "brand:wikipedia": "en:HDFC Bank", "short_name": "HDFC" }, "id": 3500459657, "lon": 72.5909029, "changeset": 0.0, "timestamp": 1537291936, "addr:city": null, "addr:country": null, "addr:full": null, "addr:housenumber": null, "addr:housename": null, "addr:postcode": null, "addr:place": null, "addr:street": null, "email": null, "name": "HDFC Bank", "opening_hours": null, "operator": null, "phone": null, "ref": null, "url": null, "website": "https://www.hdfcbank.com", "amenity": "bank", "atm": "yes", "bank": null, "bicycle_parking": null, "bicycle_rental": null, "bar": null, "biergarten": null, "building": null, "building:levels": null, "cafe": null, "drinking_water": null, "fast_food": null, "fountain": null, "fuel": null, "internet_access": null, "landuse": null, "office": null, "parking": null, "police": null, "post_office": null, "restaurant": null, "school": null, "social_facility": null, "source": null, "start_date": null, "taxi": null, "wikipedia": null, "agrarian": null, "alcohol": null, "bag": null, "books": null, "butcher": null, "clothes": null, "computer": null, "craft": null, "furniture": null, "gas": null, "hairdresser": null, "kitchen": null, "massage": null, "medical_supply": null, "motorcycle": null, "organic": null, "outdoor": null, "pet": null, "religion": null, "second_hand": null, "shoes": null, "shop": null, "swimming_pool": null, "trade": null, "wholesale": null, "attraction": null, "camp_site": null, "guest_house": null, "hostel": null, "information": null, "museum": null, "tourism": null, "viewpoint": null, "zoo": null, "osm_type": "node", "spa": null, "fireplace": null, "fishing": null, "security": null, "water": null }, "geometry": { "type": "Point", "coordinates": [ 72.5909029, 23.0835179 ] } },
{ "type": "Feature", "properties": { "lat": 23.0834501, "visible": "False", "version": 1, "tags": null, "id": 3500459659, "lon": 72.5888148, "changeset": 0.0, "timestamp": 1430895044, "addr:city": null, "addr:country": null, "addr:full": null, "addr:housenumber": null, "addr:housename": null, "addr:postcode": null, "addr:place": null, "addr:street": null, "email": null, "name": "Gol Bank", "opening_hours": null, "operator": null, "phone": null, "ref": null, "url": null, "website": null, "amenity": "bank", "atm": null, "bank": null, "bicycle_parking": null, "bicycle_rental": null, "bar": null, "biergarten": null, "building": null, "building:levels": null, "cafe": null, "drinking_water": null, "fast_food": null, "fountain": null, "fuel": null, "internet_access": null, "landuse": null, "office": null, "parking": null, "police": null, "post_office": null, "restaurant": null, "school": null, "social_facility": null, "source": null, "start_date": null, "taxi": null, "wikipedia": null, "agrarian": null, "alcohol": null, "bag": null, "books": null, "butcher": null, "clothes": null, "computer": null, "craft": null, "furniture": null, "gas": null, "hairdresser": null, "kitchen": null, "massage": null, "medical_supply": null, "motorcycle": null, "organic": null, "outdoor": null, "pet": null, "religion": null, "second_hand": null, "shoes": null, "shop": null, "swimming_pool": null, "trade": null, "wholesale": null, "attraction": null, "camp_site": null, "guest_house": null, "hostel": null, "information": null, "museum": null, "tourism": null, "viewpoint": null, "zoo": null, "osm_type": "node", "spa": null, "fireplace": null, "fishing": null, "security": null, "water": null }, "geometry": { "type": "Point", "coordinates": [ 72.5888148, 23.0834501 ] } },
{ "type": "Feature", "properties": { "lat": 23.0825491, "visible": "False", "version": 4, "tags": { "brand:wikidata": "Q2003797", "brand:wikipedia": "en:Bank of Baroda", "name:en": "Bank of Baroda", "short_name": "BoB" }, "id": 3500459666, "lon": 72.5900739, "changeset": 0.0, "timestamp": 1556963440, "addr:city": null, "addr:country": null, "addr:full": null, "addr:housenumber": null, "addr:housename": null, "addr:postcode": null, "addr:place": null, "addr:street": null, "email": null, "name": "Bank of Baroda", "opening_hours": null, "operator": null, "phone": null, "ref": null, "url": null, "website": "http://www.bankofbaroda.com", "amenity": "bank", "atm": "yes", "bank": null, "bicycle_parking": null, "bicycle_rental": null, "bar": null, "biergarten": null, "building": null, "building:levels": null, "cafe": null, "drinking_water": null, "fast_food": null, "fountain": null, "fuel": null, "internet_access": null, "landuse": null, "office": null, "parking": null, "police": null, "post_office": null, "restaurant": null, "school": null, "social_facility": null, "source": null, "start_date": null, "taxi": null, "wikipedia": null, "agrarian": null, "alcohol": null, "bag": null, "books": null, "butcher": null, "clothes": null, "computer": null, "craft": null, "furniture": null, "gas": null, "hairdresser": null, "kitchen": null, "massage": null, "medical_supply": null, "motorcycle": null, "organic": null, "outdoor": null, "pet": null, "religion": null, "second_hand": null, "shoes": null, "shop": null, "swimming_pool": null, "trade": null, "wholesale": null, "attraction": null, "camp_site": null, "guest_house": null, "hostel": null, "information": null, "museum": null, "tourism": null, "viewpoint": null, "zoo": null, "osm_type": "node", "spa": null, "fireplace": null, "fishing": null, "security": null, "water": null }, "geometry": { "type": "Point", "coordinates": [ 72.5900739, 23.0825491 ] } },
{ "type": "Feature", "properties": { "lat": 23.0140747, "visible": "False", "version": 2, "tags": null, "id": 3774861432, "lon": 72.5285852, "changeset": 0.0, "timestamp": 1513430766, "addr:city": null, "addr:country": null, "addr:full": null, "addr:housenumber": null, "addr:housename": null, "addr:postcode": null, "addr:place": null, "addr:street": null, "email": null, "name": "saswat bank", "opening_hours": null, "operator": null, "phone": null, "ref": null, "url": null, "website": null, "amenity": "bank", "atm": null, "bank": null, "bicycle_parking": null, "bicycle_rental": null, "bar": null, "biergarten": null, "building": null, "building:levels": null, "cafe": null, "drinking_water": null, "fast_food": null, "fountain": null, "fuel": null, "internet_access": null, "landuse": null, "office": null, "parking": null, "police": null, "post_office": null, "restaurant": null, "school": null, "social_facility": null, "source": null, "start_date": null, "taxi": null, "wikipedia": null, "agrarian": null, "alcohol": null, "bag": null, "books": null, "butcher": null, "clothes": null, "computer": null, "craft": null, "furniture": null, "gas": null, "hairdresser": null, "kitchen": null, "massage": null, "medical_supply": null, "motorcycle": null, "organic": null, "outdoor": null, "pet": null, "religion": null, "second_hand": null, "shoes": null, "shop": null, "swimming_pool": null, "trade": null, "wholesale": null, "attraction": null, "camp_site": null, "guest_house": null, "hostel": null, "information": null, "museum": null, "tourism": null, "viewpoint": null, "zoo": null, "osm_type": "node", "spa": null, "fireplace": null, "fishing": null, "security": null, "water": null }, "geometry": { "type": "Point", "coordinates": [ 72.5285852, 23.0140747 ] } },
{ "type": "Feature", "properties": { "lat": 23.0098902, "visible": "False", "version": 4, "tags": { "brand": "HDFC", "brand:wikidata": "Q631047", "brand:wikipedia": "en:HDFC Bank", "short_name": "HDFC" }, "id": 3808256134, "lon": 72.5465809, "changeset": 0.0, "timestamp": 1537291934, "addr:city": null, "addr:country": null, "addr:full": null, "addr:housenumber": null, "addr:housename": null, "addr:postcode": null, "addr:place": null, "addr:street": null, "email": null, "name": "HDFC Bank", "opening_hours": null, "operator": null, "phone": null, "ref": null, "url": null, "website": "https://www.hdfcbank.com", "amenity": "bank", "atm": null, "bank": null, "bicycle_parking": null, "bicycle_rental": null, "bar": null, "biergarten": null, "building": null, "building:levels": null, "cafe": null, "drinking_water": null, "fast_food": null, "fountain": null, "fuel": null, "internet_access": null, "landuse": null, "office": null, "parking": null, "police": null, "post_office": null, "restaurant": null, "school": null, "social_facility": null, "source": null, "start_date": null, "taxi": null, "wikipedia": null, "agrarian": null, "alcohol": null, "bag": null, "books": null, "butcher": null, "clothes": null, "computer": null, "craft": null, "furniture": null, "gas": null, "hairdresser": null, "kitchen": null, "massage": null, "medical_supply": null, "motorcycle": null, "organic": null, "outdoor": null, "pet": null, "religion": null, "second_hand": null, "shoes": null, "shop": null, "swimming_pool": null, "trade": null, "wholesale": null, "attraction": null, "camp_site": null, "guest_house": null, "hostel": null, "information": null, "museum": null, "tourism": null, "viewpoint": null, "zoo": null, "osm_type": "node", "spa": null, "fireplace": null, "fishing": null, "security": null, "water": null }, "geometry": { "type": "Point", "coordinates": [ 72.5465809, 23.0098902 ] } },
{ "type": "Feature", "properties": { "lat": 23.0526603, "visible": "False", "version": 1, "tags": null, "id": 4127286289, "lon": 72.5568708, "changeset": 0.0, "timestamp": 1460865810, "addr:city": null, "addr:country": null, "addr:full": null, "addr:housenumber": "3", "addr:housename": null, "addr:postcode": null, "addr:place": null, "addr:street": "shiv-sankalp soc. amikunj cross road", "email": null, "name": "canera bank", "opening_hours": null, "operator": null, "phone": null, "ref": null, "url": null, "website": null, "amenity": "bank", "atm": null, "bank": null, "bicycle_parking": null, "bicycle_rental": null, "bar": null, "biergarten": null, "building": null, "building:levels": null, "cafe": null, "drinking_water": null, "fast_food": null, "fountain": null, "fuel": null, "internet_access": null, "landuse": null, "office": null, "parking": null, "police": null, "post_office": null, "restaurant": null, "school": null, "social_facility": null, "source": null, "start_date": null, "taxi": null, "wikipedia": null, "agrarian": null, "alcohol": null, "bag": null, "books": null, "butcher": null, "clothes": null, "computer": null, "craft": null, "furniture": null, "gas": null, "hairdresser": null, "kitchen": null, "massage": null, "medical_supply": null, "motorcycle": null, "organic": null, "outdoor": null, "pet": null, "religion": null, "second_hand": null, "shoes": null, "shop": null, "swimming_pool": null, "trade": null, "wholesale": null, "attraction": null, "camp_site": null, "guest_house": null, "hostel": null, "information": null, "museum": null, "tourism": null, "viewpoint": null, "zoo": null, "osm_type": "node", "spa": null, "fireplace": null, "fishing": null, "security": null, "water": null }, "geometry": { "type": "Point", "coordinates": [ 72.5568708, 23.0526603 ] } },
{ "type": "Feature", "properties": { "lat": 23.0119649, "visible": "False", "version": 5, "tags": { "brand": "Yes Bank", "brand:wikidata": "Q2040394", "brand:wikipedia": "en:Yes Bank", "name:en": "YES Bank" }, "id": 4254427889, "lon": 72.5130175, "changeset": 0.0, "timestamp": 1662882035, "addr:city": null, "addr:country": null, "addr:full": null, "addr:housenumber": null, "addr:housename": null, "addr:postcode": "380015", "addr:place": null, "addr:street": "100 Ft. Road", "email": null, "name": "Yes Bank", "opening_hours": null, "operator": null, "phone": null, "ref": null, "url": null, "website": "https://www.yesbank.in", "amenity": "bank", "atm": null, "bank": null, "bicycle_parking": null, "bicycle_rental": null, "bar": null, "biergarten": null, "building": null, "building:levels": null, "cafe": null, "drinking_water": null, "fast_food": null, "fountain": null, "fuel": null, "internet_access": null, "landuse": null, "office": null, "parking": null, "police": null, "post_office": null, "restaurant": null, "school": null, "social_facility": null, "source": null, "start_date": null, "taxi": null, "wikipedia": null, "agrarian": null, "alcohol": null, "bag": null, "books": null, "butcher": null, "clothes": null, "computer": null, "craft": null, "furniture": null, "gas": null, "hairdresser": null, "kitchen": null, "massage": null, "medical_supply": null, "motorcycle": null, "organic": null, "outdoor": null, "pet": null, "religion": null, "second_hand": null, "shoes": null, "shop": null, "swimming_pool": null, "trade": null, "wholesale": null, "attraction": null, "camp_site": null, "guest_house": null, "hostel": null, "information": null, "museum": null, "tourism": null, "viewpoint": null, "zoo": null, "osm_type": "node", "spa": null, "fireplace": null, "fishing": null, "security": null, "water": null }, "geometry": { "type": "Point", "coordinates": [ 72.5130175, 23.0119649 ] } },
{ "type": "Feature", "properties": { "lat": 23.0462917, "visible": "False", "version": 5, "tags": { "brand": "State Bank of India", "brand:wikidata": "Q1340361", "brand:wikipedia": "en:State Bank of India", "short_name": "SBI" }, "id": 4341542319, "lon": 72.6409003, "changeset": 0.0, "timestamp": 1686198616, "addr:city": null, "addr:country": null, "addr:full": null, "addr:housenumber": null, "addr:housename": null, "addr:postcode": "382345", "addr:place": null, "addr:street": "Hirawadi", "email": null, "name": "State Bank of India", "opening_hours": null, "operator": null, "phone": null, "ref": null, "url": null, "website": null, "amenity": "bank", "atm": null, "bank": null, "bicycle_parking": null, "bicycle_rental": null, "bar": null, "biergarten": null, "building": null, "building:levels": null, "cafe": null, "drinking_water": null, "fast_food": null, "fountain": null, "fuel": null, "internet_access": null, "landuse": null, "office": null, "parking": null, "police": null, "post_office": null, "restaurant": null, "school": null, "social_facility": null, "source": null, "start_date": null, "taxi": null, "wikipedia": null, "agrarian": null, "alcohol": null, "bag": null, "books": null, "butcher": null, "clothes": null, "computer": null, "craft": null, "furniture": null, "gas": null, "hairdresser": null, "kitchen": null, "massage": null, "medical_supply": null, "motorcycle": null, "organic": null, "outdoor": null, "pet": null, "religion": null, "second_hand": null, "shoes": null, "shop": null, "swimming_pool": null, "trade": null, "wholesale": null, "attraction": null, "camp_site": null, "guest_house": null, "hostel": null, "information": null, "museum": null, "tourism": null, "viewpoint": null, "zoo": null, "osm_type": "node", "spa": null, "fireplace": null, "fishing": null, "security": null, "water": null }, "geometry": { "type": "Point", "coordinates": [ 72.6409003, 23.0462917 ] } },
{ "type": "Feature", "properties": { "lat": 22.9713508, "visible": "False", "version": 4, "tags": { "brand:wikidata": "Q3595747", "brand:wikipedia": "en:Dena Bank", "name:en": "Dena Bank" }, "id": 4358515492, "lon": 72.6273272, "changeset": 0.0, "timestamp": 1541146391, "addr:city": null, "addr:country": null, "addr:full": null, "addr:housenumber": null, "addr:housename": null, "addr:postcode": null, "addr:place": null, "addr:street": "Swami Bapa Smruti Mandir Road", "email": null, "name": "Dena Bank", "opening_hours": null, "operator": null, "phone": null, "ref": null, "url": null, "website": "http://www.denabank.com", "amenity": "bank", "atm": null, "bank": null, "bicycle_parking": null, "bicycle_rental": null, "bar": null, "biergarten": null, "building": null, "building:levels": null, "cafe": null, "drinking_water": null, "fast_food": null, "fountain": null, "fuel": null, "internet_access": null, "landuse": null, "office": null, "parking": null, "police": null, "post_office": null, "restaurant": null, "school": null, "social_facility": null, "source": null, "start_date": null, "taxi": null, "wikipedia": null, "agrarian": null, "alcohol": null, "bag": null, "books": null, "butcher": null, "clothes": null, "computer": null, "craft": null, "furniture": null, "gas": null, "hairdresser": null, "kitchen": null, "massage": null, "medical_supply": null, "motorcycle": null, "organic": null, "outdoor": null, "pet": null, "religion": null, "second_hand": null, "shoes": null, "shop": null, "swimming_pool": null, "trade": null, "wholesale": null, "attraction": null, "camp_site": null, "guest_house": null, "hostel": null, "information": null, "museum": null, "tourism": null, "viewpoint": null, "zoo": null, "osm_type": "node", "spa": null, "fireplace": null, "fishing": null, "security": null, "water": null }, "geometry": { "type": "Point", "coordinates": [ 72.6273272, 22.9713508 ] } },
{ "type": "Feature", "properties": { "lat": 23.0384792, "visible": "False", "version": 5, "tags": { "brand:wikidata": "Q2040404", "brand:wikipedia": "en:Kotak Mahindra Bank", "name:en": "Kotak Mahindra Bank" }, "id": 4358562490, "lon": 72.5692563, "changeset": 0.0, "timestamp": 1778353781, "addr:city": null, "addr:country": null, "addr:full": null, "addr:housenumber": null, "addr:housename": null, "addr:postcode": null, "addr:place": null, "addr:street": "Ashram Road", "email": null, "name": "Kotak Mahindra Bank", "opening_hours": null, "operator": null, "phone": null, "ref": null, "url": null, "website": "https://www.kotak.com/", "amenity": "bank", "atm": null, "bank": null, "bicycle_parking": null, "bicycle_rental": null, "bar": null, "biergarten": null, "building": null, "building:levels": null, "cafe": null, "drinking_water": null, "fast_food": null, "fountain": null, "fuel": null, "internet_access": null, "landuse": null, "office": null, "parking": null, "police": null, "post_office": null, "restaurant": null, "school": null, "social_facility": null, "source": null, "start_date": null, "taxi": null, "wikipedia": null, "agrarian": null, "alcohol": null, "bag": null, "books": null, "butcher": null, "clothes": null, "computer": null, "craft": null, "furniture": null, "gas": null, "hairdresser": null, "kitchen": null, "massage": null, "medical_supply": null, "motorcycle": null, "organic": null, "outdoor": null, "pet": null, "religion": null, "second_hand": null, "shoes": null, "shop": null, "swimming_pool": null, "trade": null, "wholesale": null, "attraction": null, "camp_site": null, "guest_house": null, "hostel": null, "information": null, "museum": null, "tourism": null, "viewpoint": null, "zoo": null, "osm_type": "node", "spa": null, "fireplace": null, "fishing": null, "security": null, "water": null }, "geometry": { "type": "Point", "coordinates": [ 72.5692563, 23.0384792 ] } },
{ "type": "Feature", "properties": { "lat": 22.9623509, "visible": "False", "version": 5, "tags": { "brand": "HDFC", "brand:wikidata": "Q631047", "brand:wikipedia": "en:HDFC Bank", "short_name": "HDFC" }, "id": 4422048291, "lon": 72.6326626, "changeset": 0.0, "timestamp": 1705309622, "addr:city": null, "addr:country": null, "addr:full": null, "addr:housenumber": null, "addr:housename": null, "addr:postcode": null, "addr:place": null, "addr:street": null, "email": null, "name": "HDFC bank", "opening_hours": null, "operator": null, "phone": null, "ref": null, "url": null, "website": "https://www.hdfcbank.com", "amenity": "bank", "atm": null, "bank": null, "bicycle_parking": null, "bicycle_rental": null, "bar": null, "biergarten": null, "building": null, "building:levels": null, "cafe": null, "drinking_water": null, "fast_food": null, "fountain": null, "fuel": null, "internet_access": null, "landuse": null, "office": null, "parking": null, "police": null, "post_office": null, "restaurant": null, "school": null, "social_facility": null, "source": null, "start_date": null, "taxi": null, "wikipedia": null, "agrarian": null, "alcohol": null, "bag": null, "books": null, "butcher": null, "clothes": null, "computer": null, "craft": null, "furniture": null, "gas": null, "hairdresser": null, "kitchen": null, "massage": null, "medical_supply": null, "motorcycle": null, "organic": null, "outdoor": null, "pet": null, "religion": null, "second_hand": null, "shoes": null, "shop": null, "swimming_pool": null, "trade": null, "wholesale": null, "attraction": null, "camp_site": null, "guest_house": null, "hostel": null, "information": null, "museum": null, "tourism": null, "viewpoint": null, "zoo": null, "osm_type": "node", "spa": null, "fireplace": null, "fishing": null, "security": null, "water": null }, "geometry": { "type": "Point", "coordinates": [ 72.6326626, 22.9623509 ] } },
{ "type": "Feature", "properties": { "lat": 23.0478082, "visible": "False", "version": 1, "tags": null, "id": 4445025089, "lon": 72.5269346, "changeset": 0.0, "timestamp": 1476333631, "addr:city": null, "addr:country": null, "addr:full": null, "addr:housenumber": null, "addr:housename": null, "addr:postcode": null, "addr:place": null, "addr:street": null, "email": null, "name": null, "opening_hours": null, "operator": "Axis Bank", "phone": null, "ref": null, "url": null, "website": null, "amenity": "atm", "atm": null, "bank": null, "bicycle_parking": null, "bicycle_rental": null, "bar": null, "biergarten": null, "building": null, "building:levels": null, "cafe": null, "drinking_water": null, "fast_food": null, "fountain": null, "fuel": null, "internet_access": null, "landuse": null, "office": null, "parking": null, "police": null, "post_office": null, "restaurant": null, "school": null, "social_facility": null, "source": null, "start_date": null, "taxi": null, "wikipedia": null, "agrarian": null, "alcohol": null, "bag": null, "books": null, "butcher": null, "clothes": null, "computer": null, "craft": null, "furniture": null, "gas": null, "hairdresser": null, "kitchen": null, "massage": null, "medical_supply": null, "motorcycle": null, "organic": null, "outdoor": null, "pet": null, "religion": null, "second_hand": null, "shoes": null, "shop": null, "swimming_pool": null, "trade": null, "wholesale": null, "attraction": null, "camp_site": null, "guest_house": null, "hostel": null, "information": null, "museum": null, "tourism": null, "viewpoint": null, "zoo": null, "osm_type": "node", "spa": null, "fireplace": null, "fishing": null, "security": null, "water": null }, "geometry": { "type": "Point", "coordinates": [ 72.5269346, 23.0478082 ] } },
{ "type": "Feature", "properties": { "lat": 23.0478572, "visible": "False", "version": 2, "tags": null, "id": 4445025489, "lon": 72.526783, "changeset": 0.0, "timestamp": 1478506288, "addr:city": null, "addr:country": null, "addr:full": null, "addr:housenumber": null, "addr:housename": null, "addr:postcode": null, "addr:place": null, "addr:street": null, "email": null, "name": "Bank of Baroda", "opening_hours": null, "operator": "Bank of Baroda", "phone": null, "ref": null, "url": null, "website": null, "amenity": "atm", "atm": null, "bank": null, "bicycle_parking": null, "bicycle_rental": null, "bar": null, "biergarten": null, "building": null, "building:levels": null, "cafe": null, "drinking_water": null, "fast_food": null, "fountain": null, "fuel": null, "internet_access": null, "landuse": null, "office": null, "parking": null, "police": null, "post_office": null, "restaurant": null, "school": null, "social_facility": null, "source": null, "start_date": null, "taxi": null, "wikipedia": null, "agrarian": null, "alcohol": null, "bag": null, "books": null, "butcher": null, "clothes": null, "computer": null, "craft": null, "furniture": null, "gas": null, "hairdresser": null, "kitchen": null, "massage": null, "medical_supply": null, "motorcycle": null, "organic": null, "outdoor": null, "pet": null, "religion": null, "second_hand": null, "shoes": null, "shop": null, "swimming_pool": null, "trade": null, "wholesale": null, "attraction": null, "camp_site": null, "guest_house": null, "hostel": null, "information": null, "museum": null, "tourism": null, "viewpoint": null, "zoo": null, "osm_type": "node", "spa": null, "fireplace": null, "fishing": null, "security": null, "water": null }, "geometry": { "type": "Point", "coordinates": [ 72.526783, 23.0478572 ] } },
{ "type": "Feature", "properties": { "lat": 23.0142393, "visible": "False", "version": 1, "tags": null, "id": 4456641892, "lon": 72.5935884, "changeset": 0.0, "timestamp": 1476979664, "addr:city": null, "addr:country": null, "addr:full": null, "addr:housenumber": null, "addr:housename": null, "addr:postcode": null, "addr:place": null, "addr:street": null, "email": null, "name": null, "opening_hours": null, "operator": "Gita mandir", "phone": null, "ref": null, "url": null, "website": null, "amenity": "atm", "atm": null, "bank": null, "bicycle_parking": null, "bicycle_rental": null, "bar": null, "biergarten": null, "building": null, "building:levels": null, "cafe": null, "drinking_water": null, "fast_food": null, "fountain": null, "fuel": null, "internet_access": null, "landuse": null, "office": null, "parking": null, "police": null, "post_office": null, "restaurant": null, "school": null, "social_facility": null, "source": null, "start_date": null, "taxi": null, "wikipedia": null, "agrarian": null, "alcohol": null, "bag": null, "books": null, "butcher": null, "clothes": null, "computer": null, "craft": null, "furniture": null, "gas": null, "hairdresser": null, "kitchen": null, "massage": null, "medical_supply": null, "motorcycle": null, "organic": null, "outdoor": null, "pet": null, "religion": null, "second_hand": null, "shoes": null, "shop": null, "swimming_pool": null, "trade": null, "wholesale": null, "attraction": null, "camp_site": null, "guest_house": null, "hostel": null, "information": null, "museum": null, "tourism": null, "viewpoint": null, "zoo": null, "osm_type": "node", "spa": null, "fireplace": null, "fishing": null, "security": null, "water": null }, "geometry": { "type": "Point", "coordinates": [ 72.5935884, 23.0142393 ] } },
{ "type": "Feature", "properties": { "lat": 23.0353395, "visible": "False", "version": 3, "tags": { "currency:INR": "yes" }, "id": 4633783889, "lon": 72.5429261, "changeset": 0.0, "timestamp": 1501007865, "addr:city": "Ahmedabad", "addr:country": null, "addr:full": null, "addr:housenumber": "Gujarat University", "addr:housename": null, "addr:postcode": "380009", "addr:place": null, "addr:street": "Gujarat University Internal Road", "email": null, "name": "State Bank Of India", "opening_hours": "24/7", "operator": "SBI ATM", "phone": null, "ref": null, "url": null, "website": null, "amenity": "atm", "atm": null, "bank": null, "bicycle_parking": null, "bicycle_rental": null, "bar": null, "biergarten": null, "building": null, "building:levels": null, "cafe": null, "drinking_water": null, "fast_food": null, "fountain": null, "fuel": null, "internet_access": null, "landuse": null, "office": null, "parking": null, "police": null, "post_office": null, "restaurant": null, "school": null, "social_facility": null, "source": null, "start_date": null, "taxi": null, "wikipedia": null, "agrarian": null, "alcohol": null, "bag": null, "books": null, "butcher": null, "clothes": null, "computer": null, "craft": null, "furniture": null, "gas": null, "hairdresser": null, "kitchen": null, "massage": null, "medical_supply": null, "motorcycle": null, "organic": null, "outdoor": null, "pet": null, "religion": null, "second_hand": null, "shoes": null, "shop": null, "swimming_pool": null, "trade": null, "wholesale": null, "attraction": null, "camp_site": null, "guest_house": null, "hostel": null, "information": null, "museum": null, "tourism": null, "viewpoint": null, "zoo": null, "osm_type": "node", "spa": null, "fireplace": null, "fishing": null, "security": null, "water": null }, "geometry": { "type": "Point", "coordinates": [ 72.5429261, 23.0353395 ] } },
{ "type": "Feature", "properties": { "lat": 23.072579, "visible": "False", "version": 1, "tags": null, "id": 4715930893, "lon": 72.5539414, "changeset": 0.0, "timestamp": 1488596648, "addr:city": null, "addr:country": null, "addr:full": null, "addr:housenumber": null, "addr:housename": null, "addr:postcode": null, "addr:place": null, "addr:street": "Ghatlodia", "email": null, "name": null, "opening_hours": null, "operator": null, "phone": null, "ref": null, "url": null, "website": null, "amenity": "bank", "atm": null, "bank": null, "bicycle_parking": null, "bicycle_rental": null, "bar": null, "biergarten": null, "building": null, "building:levels": null, "cafe": null, "drinking_water": null, "fast_food": null, "fountain": null, "fuel": null, "internet_access": null, "landuse": null, "office": null, "parking": null, "police": null, "post_office": null, "restaurant": null, "school": null, "social_facility": null, "source": null, "start_date": null, "taxi": null, "wikipedia": null, "agrarian": null, "alcohol": null, "bag": null, "books": null, "butcher": null, "clothes": null, "computer": null, "craft": null, "furniture": null, "gas": null, "hairdresser": null, "kitchen": null, "massage": null, "medical_supply": null, "motorcycle": null, "organic": null, "outdoor": null, "pet": null, "religion": null, "second_hand": null, "shoes": null, "shop": null, "swimming_pool": null, "trade": null, "wholesale": null, "attraction": null, "camp_site": null, "guest_house": null, "hostel": null, "information": null, "museum": null, "tourism": null, "viewpoint": null, "zoo": null, "osm_type": "node", "spa": null, "fireplace": null, "fishing": null, "security": null, "water": null }, "geometry": { "type": "Point", "coordinates": [ 72.5539414, 23.072579 ] } },
{ "type": "Feature", "properties": { "lat": 23.0176502, "visible": "False", "version": 2, "tags": { "brand": "ICICI Bank", "brand:wikidata": "Q1653258", "currency:others": "yes", "operator:wikidata": "Q1653258", "short_name": "ICICI" }, "id": 4718600962, "lon": 72.4754529, "changeset": 0.0, "timestamp": 1661272696, "addr:city": null, "addr:country": null, "addr:full": null, "addr:housenumber": null, "addr:housename": null, "addr:postcode": null, "addr:place": null, "addr:street": null, "email": null, "name": "ICICI Bank", "opening_hours": null, "operator": "ICICI Bank", "phone": null, "ref": null, "url": null, "website": null, "amenity": "atm", "atm": null, "bank": null, "bicycle_parking": null, "bicycle_rental": null, "bar": null, "biergarten": null, "building": null, "building:levels": null, "cafe": null, "drinking_water": null, "fast_food": null, "fountain": null, "fuel": null, "internet_access": null, "landuse": null, "office": null, "parking": null, "police": null, "post_office": null, "restaurant": null, "school": null, "social_facility": null, "source": null, "start_date": null, "taxi": null, "wikipedia": null, "agrarian": null, "alcohol": null, "bag": null, "books": null, "butcher": null, "clothes": null, "computer": null, "craft": null, "furniture": null, "gas": null, "hairdresser": null, "kitchen": null, "massage": null, "medical_supply": null, "motorcycle": null, "organic": null, "outdoor": null, "pet": null, "religion": null, "second_hand": null, "shoes": null, "shop": null, "swimming_pool": null, "trade": null, "wholesale": null, "attraction": null, "camp_site": null, "guest_house": null, "hostel": null, "information": null, "museum": null, "tourism": null, "viewpoint": null, "zoo": null, "osm_type": "node", "spa": null, "fireplace": null, "fishing": null, "security": null, "water": null }, "geometry": { "type": "Point", "coordinates": [ 72.4754529, 23.0176502 ] } },
{ "type": "Feature", "properties": { "lat": 23.0172484, "visible": "False", "version": 2, "tags": { "brand": "HDFC Bank", "brand:wikidata": "Q631047", "operator:wikidata": "Q631047", "short_name": "HDFC" }, "id": 4718603128, "lon": 72.4758126, "changeset": 0.0, "timestamp": 1661272696, "addr:city": null, "addr:country": null, "addr:full": null, "addr:housenumber": null, "addr:housename": null, "addr:postcode": null, "addr:place": null, "addr:street": null, "email": null, "name": "HDFC Bank", "opening_hours": null, "operator": "HDFC Bank", "phone": null, "ref": null, "url": null, "website": null, "amenity": "atm", "atm": null, "bank": null, "bicycle_parking": null, "bicycle_rental": null, "bar": null, "biergarten": null, "building": null, "building:levels": null, "cafe": null, "drinking_water": null, "fast_food": null, "fountain": null, "fuel": null, "internet_access": null, "landuse": null, "office": null, "parking": null, "police": null, "post_office": null, "restaurant": null, "school": null, "social_facility": null, "source": null, "start_date": null, "taxi": null, "wikipedia": null, "agrarian": null, "alcohol": null, "bag": null, "books": null, "butcher": null, "clothes": null, "computer": null, "craft": null, "furniture": null, "gas": null, "hairdresser": null, "kitchen": null, "massage": null, "medical_supply": null, "motorcycle": null, "organic": null, "outdoor": null, "pet": null, "religion": null, "second_hand": null, "shoes": null, "shop": null, "swimming_pool": null, "trade": null, "wholesale": null, "attraction": null, "camp_site": null, "guest_house": null, "hostel": null, "information": null, "museum": null, "tourism": null, "viewpoint": null, "zoo": null, "osm_type": "node", "spa": null, "fireplace": null, "fishing": null, "security": null, "water": null }, "geometry": { "type": "Point", "coordinates": [ 72.4758126, 23.0172484 ] } },
{ "type": "Feature", "properties": { "lat": 23.017059, "visible": "False", "version": 2, "tags": { "brand": "Axis Bank", "brand:wikidata": "Q2003549", "operator:wikidata": "Q2003549" }, "id": 4718608363, "lon": 72.4760216, "changeset": 0.0, "timestamp": 1661272696, "addr:city": null, "addr:country": null, "addr:full": null, "addr:housenumber": null, "addr:housename": null, "addr:postcode": null, "addr:place": null, "addr:street": null, "email": null, "name": "Axis Bank", "opening_hours": null, "operator": "Axis Bank", "phone": null, "ref": null, "url": null, "website": null, "amenity": "atm", "atm": null, "bank": null, "bicycle_parking": null, "bicycle_rental": null, "bar": null, "biergarten": null, "building": null, "building:levels": null, "cafe": null, "drinking_water": null, "fast_food": null, "fountain": null, "fuel": null, "internet_access": null, "landuse": null, "office": null, "parking": null, "police": null, "post_office": null, "restaurant": null, "school": null, "social_facility": null, "source": null, "start_date": null, "taxi": null, "wikipedia": null, "agrarian": null, "alcohol": null, "bag": null, "books": null, "butcher": null, "clothes": null, "computer": null, "craft": null, "furniture": null, "gas": null, "hairdresser": null, "kitchen": null, "massage": null, "medical_supply": null, "motorcycle": null, "organic": null, "outdoor": null, "pet": null, "religion": null, "second_hand": null, "shoes": null, "shop": null, "swimming_pool": null, "trade": null, "wholesale": null, "attraction": null, "camp_site": null, "guest_house": null, "hostel": null, "information": null, "museum": null, "tourism": null, "viewpoint": null, "zoo": null, "osm_type": "node", "spa": null, "fireplace": null, "fishing": null, "security": null, "water": null }, "geometry": { "type": "Point", "coordinates": [ 72.4760216, 23.017059 ] } },
{ "type": "Feature", "properties": { "lat": 23.0257545, "visible": "False", "version": 1, "tags": null, "id": 4762313976, "lon": 72.5251753, "changeset": 0.0, "timestamp": 1490809358, "addr:city": null, "addr:country": null, "addr:full": null, "addr:housenumber": null, "addr:housename": null, "addr:postcode": null, "addr:place": null, "addr:street": null, "email": null, "name": null, "opening_hours": null, "operator": "The amdavad distric co-operative bank ltd", "phone": null, "ref": null, "url": null, "website": null, "amenity": "atm", "atm": null, "bank": null, "bicycle_parking": null, "bicycle_rental": null, "bar": null, "biergarten": null, "building": null, "building:levels": null, "cafe": null, "drinking_water": null, "fast_food": null, "fountain": null, "fuel": null, "internet_access": null, "landuse": null, "office": null, "parking": null, "police": null, "post_office": null, "restaurant": null, "school": null, "social_facility": null, "source": null, "start_date": null, "taxi": null, "wikipedia": null, "agrarian": null, "alcohol": null, "bag": null, "books": null, "butcher": null, "clothes": null, "computer": null, "craft": null, "furniture": null, "gas": null, "hairdresser": null, "kitchen": null, "massage": null, "medical_supply": null, "motorcycle": null, "organic": null, "outdoor": null, "pet": null, "religion": null, "second_hand": null, "shoes": null, "shop": null, "swimming_pool": null, "trade": null, "wholesale": null, "attraction": null, "camp_site": null, "guest_house": null, "hostel": null, "information": null, "museum": null, "tourism": null, "viewpoint": null, "zoo": null, "osm_type": "node", "spa": null, "fireplace": null, "fishing": null, "security": null, "water": null }, "geometry": { "type": "Point", "coordinates": [ 72.5251753, 23.0257545 ] } },
{ "type": "Feature", "properties": { "lat": 23.0804261, "visible": "False", "version": 4, "tags": { "brand:wikidata": "Q1340361", "brand:wikipedia": "en:State Bank of India", "name:en": "State Bank of India", "short_name": "SBI" }, "id": 4794246528, "lon": 72.5744422, "changeset": 0.0, "timestamp": 1572265570, "addr:city": null, "addr:country": null, "addr:full": null, "addr:housenumber": null, "addr:housename": null, "addr:postcode": null, "addr:place": null, "addr:street": null, "email": null, "name": "State Bank of India", "opening_hours": null, "operator": null, "phone": null, "ref": null, "url": null, "website": null, "amenity": "bank", "atm": null, "bank": null, "bicycle_parking": null, "bicycle_rental": null, "bar": null, "biergarten": null, "building": null, "building:levels": null, "cafe": null, "drinking_water": null, "fast_food": null, "fountain": null, "fuel": null, "internet_access": null, "landuse": null, "office": null, "parking": null, "police": null, "post_office": null, "restaurant": null, "school": null, "social_facility": null, "source": null, "start_date": null, "taxi": null, "wikipedia": null, "agrarian": null, "alcohol": null, "bag": null, "books": null, "butcher": null, "clothes": null, "computer": null, "craft": null, "furniture": null, "gas": null, "hairdresser": null, "kitchen": null, "massage": null, "medical_supply": null, "motorcycle": null, "organic": null, "outdoor": null, "pet": null, "religion": null, "second_hand": null, "shoes": null, "shop": null, "swimming_pool": null, "trade": null, "wholesale": null, "attraction": null, "camp_site": null, "guest_house": null, "hostel": null, "information": null, "museum": null, "tourism": null, "viewpoint": null, "zoo": null, "osm_type": "node", "spa": null, "fireplace": null, "fishing": null, "security": null, "water": null }, "geometry": { "type": "Point", "coordinates": [ 72.5744422, 23.0804261 ] } },
{ "type": "Feature", "properties": { "lat": 23.0708588, "visible": "False", "version": 1, "tags": null, "id": 4794252822, "lon": 72.5768807, "changeset": 0.0, "timestamp": 1492212156, "addr:city": null, "addr:country": null, "addr:full": null, "addr:housenumber": null, "addr:housename": null, "addr:postcode": null, "addr:place": null, "addr:street": null, "email": null, "name": null, "opening_hours": "24/7", "operator": "SBI", "phone": null, "ref": null, "url": null, "website": null, "amenity": "atm", "atm": null, "bank": null, "bicycle_parking": null, "bicycle_rental": null, "bar": null, "biergarten": null, "building": null, "building:levels": null, "cafe": null, "drinking_water": null, "fast_food": null, "fountain": null, "fuel": null, "internet_access": null, "landuse": null, "office": null, "parking": null, "police": null, "post_office": null, "restaurant": null, "school": null, "social_facility": null, "source": null, "start_date": null, "taxi": null, "wikipedia": null, "agrarian": null, "alcohol": null, "bag": null, "books": null, "butcher": null, "clothes": null, "computer": null, "craft": null, "furniture": null, "gas": null, "hairdresser": null, "kitchen": null, "massage": null, "medical_supply": null, "motorcycle": null, "organic": null, "outdoor": null, "pet": null, "religion": null, "second_hand": null, "shoes": null, "shop": null, "swimming_pool": null, "trade": null, "wholesale": null, "attraction": null, "camp_site": null, "guest_house": null, "hostel": null, "information": null, "museum": null, "tourism": null, "viewpoint": null, "zoo": null, "osm_type": "node", "spa": null, "fireplace": null, "fishing": null, "security": null, "water": null }, "geometry": { "type": "Point", "coordinates": [ 72.5768807, 23.0708588 ] } },
{ "type": "Feature", "properties": { "lat": 23.0707904, "visible": "False", "version": 1, "tags": null, "id": 4794252823, "lon": 72.576858, "changeset": 0.0, "timestamp": 1492212157, "addr:city": null, "addr:country": null, "addr:full": null, "addr:housenumber": null, "addr:housename": null, "addr:postcode": null, "addr:place": null, "addr:street": null, "email": null, "name": null, "opening_hours": "24/7", "operator": "Canara Bank", "phone": null, "ref": null, "url": null, "website": null, "amenity": "atm", "atm": null, "bank": null, "bicycle_parking": null, "bicycle_rental": null, "bar": null, "biergarten": null, "building": null, "building:levels": null, "cafe": null, "drinking_water": null, "fast_food": null, "fountain": null, "fuel": null, "internet_access": null, "landuse": null, "office": null, "parking": null, "police": null, "post_office": null, "restaurant": null, "school": null, "social_facility": null, "source": null, "start_date": null, "taxi": null, "wikipedia": null, "agrarian": null, "alcohol": null, "bag": null, "books": null, "butcher": null, "clothes": null, "computer": null, "craft": null, "furniture": null, "gas": null, "hairdresser": null, "kitchen": null, "massage": null, "medical_supply": null, "motorcycle": null, "organic": null, "outdoor": null, "pet": null, "religion": null, "second_hand": null, "shoes": null, "shop": null, "swimming_pool": null, "trade": null, "wholesale": null, "attraction": null, "camp_site": null, "guest_house": null, "hostel": null, "information": null, "museum": null, "tourism": null, "viewpoint": null, "zoo": null, "osm_type": "node", "spa": null, "fireplace": null, "fishing": null, "security": null, "water": null }, "geometry": { "type": "Point", "coordinates": [ 72.576858, 23.0707904 ] } },
{ "type": "Feature", "properties": { "lat": 23.0794785, "visible": "False", "version": 1, "tags": null, "id": 4794252825, "lon": 72.5709062, "changeset": 0.0, "timestamp": 1492212161, "addr:city": null, "addr:country": null, "addr:full": null, "addr:housenumber": null, "addr:housename": null, "addr:postcode": null, "addr:place": null, "addr:street": null, "email": null, "name": null, "opening_hours": "24/7", "operator": "IDBI", "phone": null, "ref": null, "url": null, "website": null, "amenity": "atm", "atm": null, "bank": null, "bicycle_parking": null, "bicycle_rental": null, "bar": null, "biergarten": null, "building": null, "building:levels": null, "cafe": null, "drinking_water": null, "fast_food": null, "fountain": null, "fuel": null, "internet_access": null, "landuse": null, "office": null, "parking": null, "police": null, "post_office": null, "restaurant": null, "school": null, "social_facility": null, "source": null, "start_date": null, "taxi": null, "wikipedia": null, "agrarian": null, "alcohol": null, "bag": null, "books": null, "butcher": null, "clothes": null, "computer": null, "craft": null, "furniture": null, "gas": null, "hairdresser": null, "kitchen": null, "massage": null, "medical_supply": null, "motorcycle": null, "organic": null, "outdoor": null, "pet": null, "religion": null, "second_hand": null, "shoes": null, "shop": null, "swimming_pool": null, "trade": null, "wholesale": null, "attraction": null, "camp_site": null, "guest_house": null, "hostel": null, "information": null, "museum": null, "tourism": null, "viewpoint": null, "zoo": null, "osm_type": "node", "spa": null, "fireplace": null, "fishing": null, "security": null, "water": null }, "geometry": { "type": "Point", "coordinates": [ 72.5709062, 23.0794785 ] } },
{ "type": "Feature", "properties": { "lat": 23.0798606, "visible": "False", "version": 1, "tags": null, "id": 4794252826, "lon": 72.5687465, "changeset": 0.0, "timestamp": 1492212162, "addr:city": null, "addr:country": null, "addr:full": null, "addr:housenumber": null, "addr:housename": null, "addr:postcode": null, "addr:place": null, "addr:street": null, "email": null, "name": null, "opening_hours": "24/7", "operator": "ICICI", "phone": null, "ref": null, "url": null, "website": null, "amenity": "atm", "atm": null, "bank": null, "bicycle_parking": null, "bicycle_rental": null, "bar": null, "biergarten": null, "building": null, "building:levels": null, "cafe": null, "drinking_water": null, "fast_food": null, "fountain": null, "fuel": null, "internet_access": null, "landuse": null, "office": null, "parking": null, "police": null, "post_office": null, "restaurant": null, "school": null, "social_facility": null, "source": null, "start_date": null, "taxi": null, "wikipedia": null, "agrarian": null, "alcohol": null, "bag": null, "books": null, "butcher": null, "clothes": null, "computer": null, "craft": null, "furniture": null, "gas": null, "hairdresser": null, "kitchen": null, "massage": null, "medical_supply": null, "motorcycle": null, "organic": null, "outdoor": null, "pet": null, "religion": null, "second_hand": null, "shoes": null, "shop": null, "swimming_pool": null, "trade": null, "wholesale": null, "attraction": null, "camp_site": null, "guest_house": null, "hostel": null, "information": null, "museum": null, "tourism": null, "viewpoint": null, "zoo": null, "osm_type": "node", "spa": null, "fireplace": null, "fishing": null, "security": null, "water": null }, "geometry": { "type": "Point", "coordinates": [ 72.5687465, 23.0798606 ] } },
{ "type": "Feature", "properties": { "lat": 23.0721014, "visible": "False", "version": 1, "tags": null, "id": 4794252827, "lon": 72.5675918, "changeset": 0.0, "timestamp": 1492212163, "addr:city": null, "addr:country": null, "addr:full": null, "addr:housenumber": null, "addr:housename": null, "addr:postcode": null, "addr:place": null, "addr:street": null, "email": null, "name": null, "opening_hours": "24/7", "operator": "Bank of India", "phone": null, "ref": null, "url": null, "website": null, "amenity": "atm", "atm": null, "bank": null, "bicycle_parking": null, "bicycle_rental": null, "bar": null, "biergarten": null, "building": null, "building:levels": null, "cafe": null, "drinking_water": null, "fast_food": null, "fountain": null, "fuel": null, "internet_access": null, "landuse": null, "office": null, "parking": null, "police": null, "post_office": null, "restaurant": null, "school": null, "social_facility": null, "source": null, "start_date": null, "taxi": null, "wikipedia": null, "agrarian": null, "alcohol": null, "bag": null, "books": null, "butcher": null, "clothes": null, "computer": null, "craft": null, "furniture": null, "gas": null, "hairdresser": null, "kitchen": null, "massage": null, "medical_supply": null, "motorcycle": null, "organic": null, "outdoor": null, "pet": null, "religion": null, "second_hand": null, "shoes": null, "shop": null, "swimming_pool": null, "trade": null, "wholesale": null, "attraction": null, "camp_site": null, "guest_house": null, "hostel": null, "information": null, "museum": null, "tourism": null, "viewpoint": null, "zoo": null, "osm_type": "node", "spa": null, "fireplace": null, "fishing": null, "security": null, "water": null }, "geometry": { "type": "Point", "coordinates": [ 72.5675918, 23.0721014 ] } },
{ "type": "Feature", "properties": { "lat": 23.0786893, "visible": "False", "version": 1, "tags": null, "id": 4794252828, "lon": 72.5782479, "changeset": 0.0, "timestamp": 1492212165, "addr:city": null, "addr:country": null, "addr:full": null, "addr:housenumber": null, "addr:housename": null, "addr:postcode": null, "addr:place": null, "addr:street": null, "email": null, "name": null, "opening_hours": "24/7", "operator": "Bank of Baroda", "phone": null, "ref": null, "url": null, "website": null, "amenity": "atm", "atm": null, "bank": null, "bicycle_parking": null, "bicycle_rental": null, "bar": null, "biergarten": null, "building": null, "building:levels": null, "cafe": null, "drinking_water": null, "fast_food": null, "fountain": null, "fuel": null, "internet_access": null, "landuse": null, "office": null, "parking": null, "police": null, "post_office": null, "restaurant": null, "school": null, "social_facility": null, "source": null, "start_date": null, "taxi": null, "wikipedia": null, "agrarian": null, "alcohol": null, "bag": null, "books": null, "butcher": null, "clothes": null, "computer": null, "craft": null, "furniture": null, "gas": null, "hairdresser": null, "kitchen": null, "massage": null, "medical_supply": null, "motorcycle": null, "organic": null, "outdoor": null, "pet": null, "religion": null, "second_hand": null, "shoes": null, "shop": null, "swimming_pool": null, "trade": null, "wholesale": null, "attraction": null, "camp_site": null, "guest_house": null, "hostel": null, "information": null, "museum": null, "tourism": null, "viewpoint": null, "zoo": null, "osm_type": "node", "spa": null, "fireplace": null, "fishing": null, "security": null, "water": null }, "geometry": { "type": "Point", "coordinates": [ 72.5782479, 23.0786893 ] } },
{ "type": "Feature", "properties": { "lat": 23.07632, "visible": "False", "version": 1, "tags": null, "id": 4794253021, "lon": 72.5670756, "changeset": 0.0, "timestamp": 1492212163, "addr:city": null, "addr:country": null, "addr:full": null, "addr:housenumber": null, "addr:housename": null, "addr:postcode": null, "addr:place": null, "addr:street": null, "email": null, "name": null, "opening_hours": "24/7", "operator": "Axis", "phone": null, "ref": null, "url": null, "website": null, "amenity": "atm", "atm": null, "bank": null, "bicycle_parking": null, "bicycle_rental": null, "bar": null, "biergarten": null, "building": null, "building:levels": null, "cafe": null, "drinking_water": null, "fast_food": null, "fountain": null, "fuel": null, "internet_access": null, "landuse": null, "office": null, "parking": null, "police": null, "post_office": null, "restaurant": null, "school": null, "social_facility": null, "source": null, "start_date": null, "taxi": null, "wikipedia": null, "agrarian": null, "alcohol": null, "bag": null, "books": null, "butcher": null, "clothes": null, "computer": null, "craft": null, "furniture": null, "gas": null, "hairdresser": null, "kitchen": null, "massage": null, "medical_supply": null, "motorcycle": null, "organic": null, "outdoor": null, "pet": null, "religion": null, "second_hand": null, "shoes": null, "shop": null, "swimming_pool": null, "trade": null, "wholesale": null, "attraction": null, "camp_site": null, "guest_house": null, "hostel": null, "information": null, "museum": null, "tourism": null, "viewpoint": null, "zoo": null, "osm_type": "node", "spa": null, "fireplace": null, "fishing": null, "security": null, "water": null }, "geometry": { "type": "Point", "coordinates": [ 72.5670756, 23.07632 ] } },
{ "type": "Feature", "properties": { "lat": 23.0677939, "visible": "False", "version": 1, "tags": null, "id": 4794253022, "lon": 72.5725289, "changeset": 0.0, "timestamp": 1492212164, "addr:city": null, "addr:country": null, "addr:full": null, "addr:housenumber": null, "addr:housename": null, "addr:postcode": null, "addr:place": null, "addr:street": null, "email": null, "name": null, "opening_hours": "24/7", "operator": "SBI", "phone": null, "ref": null, "url": null, "website": null, "amenity": "atm", "atm": null, "bank": null, "bicycle_parking": null, "bicycle_rental": null, "bar": null, "biergarten": null, "building": null, "building:levels": null, "cafe": null, "drinking_water": null, "fast_food": null, "fountain": null, "fuel": null, "internet_access": null, "landuse": null, "office": null, "parking": null, "police": null, "post_office": null, "restaurant": null, "school": null, "social_facility": null, "source": null, "start_date": null, "taxi": null, "wikipedia": null, "agrarian": null, "alcohol": null, "bag": null, "books": null, "butcher": null, "clothes": null, "computer": null, "craft": null, "furniture": null, "gas": null, "hairdresser": null, "kitchen": null, "massage": null, "medical_supply": null, "motorcycle": null, "organic": null, "outdoor": null, "pet": null, "religion": null, "second_hand": null, "shoes": null, "shop": null, "swimming_pool": null, "trade": null, "wholesale": null, "attraction": null, "camp_site": null, "guest_house": null, "hostel": null, "information": null, "museum": null, "tourism": null, "viewpoint": null, "zoo": null, "osm_type": "node", "spa": null, "fireplace": null, "fishing": null, "security": null, "water": null }, "geometry": { "type": "Point", "coordinates": [ 72.5725289, 23.0677939 ] } },
{ "type": "Feature", "properties": { "lat": 23.1282051, "visible": "False", "version": 2, "tags": null, "id": 5165010877, "lon": 72.5439614, "changeset": 0.0, "timestamp": 1564605424, "addr:city": null, "addr:country": null, "addr:full": null, "addr:housenumber": null, "addr:housename": null, "addr:postcode": null, "addr:place": null, "addr:street": null, "email": null, "name": "Kalupur Cooperative Commercial BANK", "opening_hours": null, "operator": null, "phone": null, "ref": null, "url": null, "website": null, "amenity": "bank", "atm": "no", "bank": null, "bicycle_parking": null, "bicycle_rental": null, "bar": null, "biergarten": null, "building": null, "building:levels": null, "cafe": null, "drinking_water": null, "fast_food": null, "fountain": null, "fuel": null, "internet_access": null, "landuse": null, "office": null, "parking": null, "police": null, "post_office": null, "restaurant": null, "school": null, "social_facility": null, "source": null, "start_date": null, "taxi": null, "wikipedia": null, "agrarian": null, "alcohol": null, "bag": null, "books": null, "butcher": null, "clothes": null, "computer": null, "craft": null, "furniture": null, "gas": null, "hairdresser": null, "kitchen": null, "massage": null, "medical_supply": null, "motorcycle": null, "organic": null, "outdoor": null, "pet": null, "religion": null, "second_hand": null, "shoes": null, "shop": null, "swimming_pool": null, "trade": null, "wholesale": null, "attraction": null, "camp_site": null, "guest_house": null, "hostel": null, "information": null, "museum": null, "tourism": null, "viewpoint": null, "zoo": null, "osm_type": "node", "spa": null, "fireplace": null, "fishing": null, "security": null, "water": null }, "geometry": { "type": "Point", "coordinates": [ 72.5439614, 23.1282051 ] } },
{ "type": "Feature", "properties": { "lat": 23.0262784, "visible": "False", "version": 2, "tags": { "brand": "State Bank of India", "brand:wikidata": "Q1340361", "brand:wikipedia": "en:State Bank of India", "short_name": "SBI" }, "id": 5545191843, "lon": 72.482714, "changeset": 0.0, "timestamp": 1633166409, "addr:city": null, "addr:country": null, "addr:full": null, "addr:housenumber": null, "addr:housename": null, "addr:postcode": "380058", "addr:place": null, "addr:street": "Ambli Bopal Road", "email": null, "name": "State Bank of India", "opening_hours": null, "operator": null, "phone": null, "ref": null, "url": null, "website": null, "amenity": "bank", "atm": null, "bank": null, "bicycle_parking": null, "bicycle_rental": null, "bar": null, "biergarten": null, "building": null, "building:levels": null, "cafe": null, "drinking_water": null, "fast_food": null, "fountain": null, "fuel": null, "internet_access": null, "landuse": null, "office": null, "parking": null, "police": null, "post_office": null, "restaurant": null, "school": null, "social_facility": null, "source": null, "start_date": null, "taxi": null, "wikipedia": null, "agrarian": null, "alcohol": null, "bag": null, "books": null, "butcher": null, "clothes": null, "computer": null, "craft": null, "furniture": null, "gas": null, "hairdresser": null, "kitchen": null, "massage": null, "medical_supply": null, "motorcycle": null, "organic": null, "outdoor": null, "pet": null, "religion": null, "second_hand": null, "shoes": null, "shop": null, "swimming_pool": null, "trade": null, "wholesale": null, "attraction": null, "camp_site": null, "guest_house": null, "hostel": null, "information": null, "museum": null, "tourism": null, "viewpoint": null, "zoo": null, "osm_type": "node", "spa": null, "fireplace": null, "fishing": null, "security": null, "water": null }, "geometry": { "type": "Point", "coordinates": [ 72.482714, 23.0262784 ] } },
{ "type": "Feature", "properties": { "lat": 23.1872819, "visible": "False", "version": 2, "tags": { "branch": "Trimandir Branch", "brand": "State Bank of India", "brand:wikidata": "Q1340361", "brand:wikipedia": "en:State Bank of India", "description": "13476", "drive_through": "no", "short_name": "SBI" }, "id": 5546134532, "lon": 72.5731675, "changeset": 0.0, "timestamp": 1637266436, "addr:city": "Adalaj", "addr:country": null, "addr:full": null, "addr:housenumber": "SHOP NO. G/6-7-8, AMBA BUSINESS PARK", "addr:housename": null, "addr:postcode": "382421", "addr:place": null, "addr:street": "Amba Township Main Road", "email": "sbi.13476@sbi.co.in", "name": "State Bank of India", "opening_hours": null, "operator": "State Bank of India", "phone": "7923970200", "ref": null, "url": null, "website": null, "amenity": "bank", "atm": "yes", "bank": null, "bicycle_parking": null, "bicycle_rental": null, "bar": null, "biergarten": null, "building": null, "building:levels": null, "cafe": null, "drinking_water": null, "fast_food": null, "fountain": null, "fuel": null, "internet_access": null, "landuse": null, "office": null, "parking": null, "police": null, "post_office": null, "restaurant": null, "school": null, "social_facility": null, "source": null, "start_date": null, "taxi": null, "wikipedia": null, "agrarian": null, "alcohol": null, "bag": null, "books": null, "butcher": null, "clothes": null, "computer": null, "craft": null, "furniture": null, "gas": null, "hairdresser": null, "kitchen": null, "massage": null, "medical_supply": null, "motorcycle": null, "organic": null, "outdoor": null, "pet": null, "religion": null, "second_hand": null, "shoes": null, "shop": null, "swimming_pool": null, "trade": null, "wholesale": null, "attraction": null, "camp_site": null, "guest_house": null, "hostel": null, "information": null, "museum": null, "tourism": null, "viewpoint": null, "zoo": null, "osm_type": "node", "spa": null, "fireplace": null, "fishing": null, "security": null, "water": null }, "geometry": { "type": "Point", "coordinates": [ 72.5731675, 23.1872819 ] } },
{ "type": "Feature", "properties": { "lat": 23.0317286, "visible": "False", "version": 1, "tags": null, "id": 5711631773, "lon": 72.4580324, "changeset": 0.0, "timestamp": 1529679853, "addr:city": null, "addr:country": null, "addr:full": null, "addr:housenumber": null, "addr:housename": null, "addr:postcode": null, "addr:place": null, "addr:street": null, "email": null, "name": "ATM HDFC Bank", "opening_hours": null, "operator": null, "phone": null, "ref": null, "url": null, "website": null, "amenity": "atm", "atm": null, "bank": null, "bicycle_parking": null, "bicycle_rental": null, "bar": null, "biergarten": null, "building": null, "building:levels": null, "cafe": null, "drinking_water": null, "fast_food": null, "fountain": null, "fuel": null, "internet_access": null, "landuse": null, "office": null, "parking": null, "police": null, "post_office": null, "restaurant": null, "school": null, "social_facility": null, "source": null, "start_date": null, "taxi": null, "wikipedia": null, "agrarian": null, "alcohol": null, "bag": null, "books": null, "butcher": null, "clothes": null, "computer": null, "craft": null, "furniture": null, "gas": null, "hairdresser": null, "kitchen": null, "massage": null, "medical_supply": null, "motorcycle": null, "organic": null, "outdoor": null, "pet": null, "religion": null, "second_hand": null, "shoes": null, "shop": null, "swimming_pool": null, "trade": null, "wholesale": null, "attraction": null, "camp_site": null, "guest_house": null, "hostel": null, "information": null, "museum": null, "tourism": null, "viewpoint": null, "zoo": null, "osm_type": "node", "spa": null, "fireplace": null, "fishing": null, "security": null, "water": null }, "geometry": { "type": "Point", "coordinates": [ 72.4580324, 23.0317286 ] } },
{ "type": "Feature", "properties": { "lat": 23.1952986, "visible": "False", "version": 2, "tags": { "description": "Significant branch office of State Bank of India." }, "id": 6113414381, "lon": 72.6146307, "changeset": 0.0, "timestamp": 1545134756, "addr:city": "Gandhinagar", "addr:country": null, "addr:full": null, "addr:housenumber": null, "addr:housename": null, "addr:postcode": "382421", "addr:place": null, "addr:street": "Sarthak Mall", "email": null, "name": "State Bank of India", "opening_hours": null, "operator": null, "phone": null, "ref": null, "url": null, "website": null, "amenity": "bank", "atm": "yes", "bank": null, "bicycle_parking": null, "bicycle_rental": null, "bar": null, "biergarten": null, "building": null, "building:levels": null, "cafe": null, "drinking_water": null, "fast_food": null, "fountain": null, "fuel": null, "internet_access": null, "landuse": null, "office": null, "parking": null, "police": null, "post_office": null, "restaurant": null, "school": null, "social_facility": null, "source": null, "start_date": null, "taxi": null, "wikipedia": null, "agrarian": null, "alcohol": null, "bag": null, "books": null, "butcher": null, "clothes": null, "computer": null, "craft": null, "furniture": null, "gas": null, "hairdresser": null, "kitchen": null, "massage": null, "medical_supply": null, "motorcycle": null, "organic": null, "outdoor": null, "pet": null, "religion": null, "second_hand": null, "shoes": null, "shop": null, "swimming_pool": null, "trade": null, "wholesale": null, "attraction": null, "camp_site": null, "guest_house": null, "hostel": null, "information": null, "museum": null, "tourism": null, "viewpoint": null, "zoo": null, "osm_type": "node", "spa": null, "fireplace": null, "fishing": null, "security": null, "water": null }, "geometry": { "type": "Point", "coordinates": [ 72.6146307, 23.1952986 ] } },
{ "type": "Feature", "properties": { "lat": 22.9950448, "visible": "False", "version": 1, "tags": null, "id": 6263502085, "lon": 72.6022845, "changeset": 0.0, "timestamp": 1549535837, "addr:city": null, "addr:country": null, "addr:full": null, "addr:housenumber": null, "addr:housename": null, "addr:postcode": "380008", "addr:place": null, "addr:street": "Jhawarchowck, Maninagar", "email": null, "name": "Indusland Bank", "opening_hours": "Mo-Sa 09:00-18:00", "operator": null, "phone": null, "ref": null, "url": null, "website": null, "amenity": "bank", "atm": null, "bank": null, "bicycle_parking": null, "bicycle_rental": null, "bar": null, "biergarten": null, "building": null, "building:levels": null, "cafe": null, "drinking_water": null, "fast_food": null, "fountain": null, "fuel": null, "internet_access": null, "landuse": null, "office": null, "parking": null, "police": null, "post_office": null, "restaurant": null, "school": null, "social_facility": null, "source": null, "start_date": null, "taxi": null, "wikipedia": null, "agrarian": null, "alcohol": null, "bag": null, "books": null, "butcher": null, "clothes": null, "computer": null, "craft": null, "furniture": null, "gas": null, "hairdresser": null, "kitchen": null, "massage": null, "medical_supply": null, "motorcycle": null, "organic": null, "outdoor": null, "pet": null, "religion": null, "second_hand": null, "shoes": null, "shop": null, "swimming_pool": null, "trade": null, "wholesale": null, "attraction": null, "camp_site": null, "guest_house": null, "hostel": null, "information": null, "museum": null, "tourism": null, "viewpoint": null, "zoo": null, "osm_type": "node", "spa": null, "fireplace": null, "fishing": null, "security": null, "water": null }, "geometry": { "type": "Point", "coordinates": [ 72.6022845, 22.9950448 ] } },
{ "type": "Feature", "properties": { "lat": 22.9950529, "visible": "False", "version": 1, "tags": null, "id": 6263502185, "lon": 72.6022554, "changeset": 0.0, "timestamp": 1549535839, "addr:city": null, "addr:country": null, "addr:full": null, "addr:housenumber": null, "addr:housename": null, "addr:postcode": null, "addr:place": null, "addr:street": null, "email": null, "name": null, "opening_hours": "24/7", "operator": "Indusland Bank ATM", "phone": null, "ref": null, "url": null, "website": null, "amenity": "atm", "atm": null, "bank": null, "bicycle_parking": null, "bicycle_rental": null, "bar": null, "biergarten": null, "building": null, "building:levels": null, "cafe": null, "drinking_water": null, "fast_food": null, "fountain": null, "fuel": null, "internet_access": null, "landuse": null, "office": null, "parking": null, "police": null, "post_office": null, "restaurant": null, "school": null, "social_facility": null, "source": null, "start_date": null, "taxi": null, "wikipedia": null, "agrarian": null, "alcohol": null, "bag": null, "books": null, "butcher": null, "clothes": null, "computer": null, "craft": null, "furniture": null, "gas": null, "hairdresser": null, "kitchen": null, "massage": null, "medical_supply": null, "motorcycle": null, "organic": null, "outdoor": null, "pet": null, "religion": null, "second_hand": null, "shoes": null, "shop": null, "swimming_pool": null, "trade": null, "wholesale": null, "attraction": null, "camp_site": null, "guest_house": null, "hostel": null, "information": null, "museum": null, "tourism": null, "viewpoint": null, "zoo": null, "osm_type": "node", "spa": null, "fireplace": null, "fishing": null, "security": null, "water": null }, "geometry": { "type": "Point", "coordinates": [ 72.6022554, 22.9950529 ] } },
{ "type": "Feature", "properties": { "lat": 23.0132724, "visible": "False", "version": 3, "tags": null, "id": 6782649985, "lon": 72.5298603, "changeset": 0.0, "timestamp": 1731468648, "addr:city": null, "addr:country": null, "addr:full": null, "addr:housenumber": null, "addr:housename": null, "addr:postcode": "380015", "addr:place": null, "addr:street": "132 Ft. Ring Road", "email": null, "name": "SBI", "opening_hours": null, "operator": null, "phone": null, "ref": null, "url": null, "website": null, "amenity": "bank", "atm": null, "bank": null, "bicycle_parking": null, "bicycle_rental": null, "bar": null, "biergarten": null, "building": null, "building:levels": null, "cafe": null, "drinking_water": null, "fast_food": null, "fountain": null, "fuel": null, "internet_access": null, "landuse": null, "office": null, "parking": null, "police": null, "post_office": null, "restaurant": null, "school": null, "social_facility": null, "source": null, "start_date": null, "taxi": null, "wikipedia": null, "agrarian": null, "alcohol": null, "bag": null, "books": null, "butcher": null, "clothes": null, "computer": null, "craft": null, "furniture": null, "gas": null, "hairdresser": null, "kitchen": null, "massage": null, "medical_supply": null, "motorcycle": null, "organic": null, "outdoor": null, "pet": null, "religion": null, "second_hand": null, "shoes": null, "shop": null, "swimming_pool": null, "trade": null, "wholesale": null, "attraction": null, "camp_site": null, "guest_house": null, "hostel": null, "information": null, "museum": null, "tourism": null, "viewpoint": null, "zoo": null, "osm_type": "node", "spa": null, "fireplace": null, "fishing": null, "security": null, "water": null }, "geometry": { "type": "Point", "coordinates": [ 72.5298603, 23.0132724 ] } },
{ "type": "Feature", "properties": { "lat": 23.013352, "visible": "False", "version": 3, "tags": null, "id": 6782650085, "lon": 72.5298603, "changeset": 0.0, "timestamp": 1731468653, "addr:city": null, "addr:country": null, "addr:full": null, "addr:housenumber": null, "addr:housename": null, "addr:postcode": "380015", "addr:place": null, "addr:street": null, "email": null, "name": "Bank of Baroda", "opening_hours": null, "operator": null, "phone": null, "ref": null, "url": null, "website": null, "amenity": "bank", "atm": null, "bank": null, "bicycle_parking": null, "bicycle_rental": null, "bar": null, "biergarten": null, "building": null, "building:levels": null, "cafe": null, "drinking_water": null, "fast_food": null, "fountain": null, "fuel": null, "internet_access": null, "landuse": null, "office": null, "parking": null, "police": null, "post_office": null, "restaurant": null, "school": null, "social_facility": null, "source": null, "start_date": null, "taxi": null, "wikipedia": null, "agrarian": null, "alcohol": null, "bag": null, "books": null, "butcher": null, "clothes": null, "computer": null, "craft": null, "furniture": null, "gas": null, "hairdresser": null, "kitchen": null, "massage": null, "medical_supply": null, "motorcycle": null, "organic": null, "outdoor": null, "pet": null, "religion": null, "second_hand": null, "shoes": null, "shop": null, "swimming_pool": null, "trade": null, "wholesale": null, "attraction": null, "camp_site": null, "guest_house": null, "hostel": null, "information": null, "museum": null, "tourism": null, "viewpoint": null, "zoo": null, "osm_type": "node", "spa": null, "fireplace": null, "fishing": null, "security": null, "water": null }, "geometry": { "type": "Point", "coordinates": [ 72.5298603, 23.013352 ] } },
{ "type": "Feature", "properties": { "lat": 23.016933, "visible": "False", "version": 2, "tags": { "brand": "Union Bank of India", "brand:wikidata": "Q2004078" }, "id": 6992389930, "lon": 72.4729214, "changeset": 0.0, "timestamp": 1777526658, "addr:city": null, "addr:country": null, "addr:full": null, "addr:housenumber": null, "addr:housename": null, "addr:postcode": null, "addr:place": null, "addr:street": null, "email": null, "name": "Union Bank of India", "opening_hours": null, "operator": null, "phone": null, "ref": null, "url": null, "website": null, "amenity": "bank", "atm": null, "bank": null, "bicycle_parking": null, "bicycle_rental": null, "bar": null, "biergarten": null, "building": null, "building:levels": null, "cafe": null, "drinking_water": null, "fast_food": null, "fountain": null, "fuel": null, "internet_access": null, "landuse": null, "office": null, "parking": null, "police": null, "post_office": null, "restaurant": null, "school": null, "social_facility": null, "source": null, "start_date": null, "taxi": null, "wikipedia": null, "agrarian": null, "alcohol": null, "bag": null, "books": null, "butcher": null, "clothes": null, "computer": null, "craft": null, "furniture": null, "gas": null, "hairdresser": null, "kitchen": null, "massage": null, "medical_supply": null, "motorcycle": null, "organic": null, "outdoor": null, "pet": null, "religion": null, "second_hand": null, "shoes": null, "shop": null, "swimming_pool": null, "trade": null, "wholesale": null, "attraction": null, "camp_site": null, "guest_house": null, "hostel": null, "information": null, "museum": null, "tourism": null, "viewpoint": null, "zoo": null, "osm_type": "node", "spa": null, "fireplace": null, "fishing": null, "security": null, "water": null }, "geometry": { "type": "Point", "coordinates": [ 72.4729214, 23.016933 ] } },
{ "type": "Feature", "properties": { "lat": 23.0168635, "visible": "False", "version": 2, "tags": { "brand": "State Bank of India", "brand:wikidata": "Q1340361", "brand:wikipedia": "en:State Bank of India", "short_name": "SBI" }, "id": 6992389931, "lon": 72.4725529, "changeset": 0.0, "timestamp": 1661272696, "addr:city": null, "addr:country": null, "addr:full": null, "addr:housenumber": null, "addr:housename": null, "addr:postcode": null, "addr:place": null, "addr:street": null, "email": null, "name": "State Bank of India", "opening_hours": null, "operator": "SBI", "phone": null, "ref": null, "url": null, "website": null, "amenity": "bank", "atm": null, "bank": null, "bicycle_parking": null, "bicycle_rental": null, "bar": null, "biergarten": null, "building": null, "building:levels": null, "cafe": null, "drinking_water": null, "fast_food": null, "fountain": null, "fuel": null, "internet_access": null, "landuse": null, "office": null, "parking": null, "police": null, "post_office": null, "restaurant": null, "school": null, "social_facility": null, "source": null, "start_date": null, "taxi": null, "wikipedia": null, "agrarian": null, "alcohol": null, "bag": null, "books": null, "butcher": null, "clothes": null, "computer": null, "craft": null, "furniture": null, "gas": null, "hairdresser": null, "kitchen": null, "massage": null, "medical_supply": null, "motorcycle": null, "organic": null, "outdoor": null, "pet": null, "religion": null, "second_hand": null, "shoes": null, "shop": null, "swimming_pool": null, "trade": null, "wholesale": null, "attraction": null, "camp_site": null, "guest_house": null, "hostel": null, "information": null, "museum": null, "tourism": null, "viewpoint": null, "zoo": null, "osm_type": "node", "spa": null, "fireplace": null, "fishing": null, "security": null, "water": null }, "geometry": { "type": "Point", "coordinates": [ 72.4725529, 23.0168635 ] } },
{ "type": "Feature", "properties": { "lat": 23.0168689, "visible": "False", "version": 1, "tags": { "cash_in": "yes", "currency:INR": "yes" }, "id": 6992389932, "lon": 72.4725616, "changeset": 0.0, "timestamp": 1574253282, "addr:city": null, "addr:country": null, "addr:full": null, "addr:housenumber": null, "addr:housename": null, "addr:postcode": null, "addr:place": null, "addr:street": null, "email": null, "name": null, "opening_hours": null, "operator": "State Bank of India SBI", "phone": null, "ref": null, "url": null, "website": null, "amenity": "atm", "atm": null, "bank": null, "bicycle_parking": null, "bicycle_rental": null, "bar": null, "biergarten": null, "building": null, "building:levels": null, "cafe": null, "drinking_water": null, "fast_food": null, "fountain": null, "fuel": null, "internet_access": null, "landuse": null, "office": null, "parking": null, "police": null, "post_office": null, "restaurant": null, "school": null, "social_facility": null, "source": null, "start_date": null, "taxi": null, "wikipedia": null, "agrarian": null, "alcohol": null, "bag": null, "books": null, "butcher": null, "clothes": null, "computer": null, "craft": null, "furniture": null, "gas": null, "hairdresser": null, "kitchen": null, "massage": null, "medical_supply": null, "motorcycle": null, "organic": null, "outdoor": null, "pet": null, "religion": null, "second_hand": null, "shoes": null, "shop": null, "swimming_pool": null, "trade": null, "wholesale": null, "attraction": null, "camp_site": null, "guest_house": null, "hostel": null, "information": null, "museum": null, "tourism": null, "viewpoint": null, "zoo": null, "osm_type": "node", "spa": null, "fireplace": null, "fishing": null, "security": null, "water": null }, "geometry": { "type": "Point", "coordinates": [ 72.4725616, 23.0168689 ] } },
{ "type": "Feature", "properties": { "lat": 23.0457257, "visible": "False", "version": 1, "tags": { "brand": "Axis Bank", "brand:wikidata": "Q2003549", "brand:wikipedia": "en:Axis Bank", "drive_through": "no" }, "id": 8815159955, "lon": 72.5523509, "changeset": 0.0, "timestamp": 1623170980, "addr:city": null, "addr:country": null, "addr:full": null, "addr:housenumber": null, "addr:housename": null, "addr:postcode": null, "addr:place": null, "addr:street": null, "email": null, "name": "Axis Bank, Memnagar Branch", "opening_hours": null, "operator": null, "phone": null, "ref": null, "url": null, "website": null, "amenity": "bank", "atm": "yes", "bank": null, "bicycle_parking": null, "bicycle_rental": null, "bar": null, "biergarten": null, "building": null, "building:levels": null, "cafe": null, "drinking_water": null, "fast_food": null, "fountain": null, "fuel": null, "internet_access": null, "landuse": null, "office": null, "parking": null, "police": null, "post_office": null, "restaurant": null, "school": null, "social_facility": null, "source": null, "start_date": null, "taxi": null, "wikipedia": null, "agrarian": null, "alcohol": null, "bag": null, "books": null, "butcher": null, "clothes": null, "computer": null, "craft": null, "furniture": null, "gas": null, "hairdresser": null, "kitchen": null, "massage": null, "medical_supply": null, "motorcycle": null, "organic": null, "outdoor": null, "pet": null, "religion": null, "second_hand": null, "shoes": null, "shop": null, "swimming_pool": null, "trade": null, "wholesale": null, "attraction": null, "camp_site": null, "guest_house": null, "hostel": null, "information": null, "museum": null, "tourism": null, "viewpoint": null, "zoo": null, "osm_type": "node", "spa": null, "fireplace": null, "fishing": null, "security": null, "water": null }, "geometry": { "type": "Point", "coordinates": [ 72.5523509, 23.0457257 ] } },
{ "type": "Feature", "properties": { "lat": 22.9767643, "visible": "False", "version": 1, "tags": null, "id": 9653262917, "lon": 72.6209643, "changeset": 0.0, "timestamp": 1649487990, "addr:city": null, "addr:country": null, "addr:full": null, "addr:housenumber": null, "addr:housename": null, "addr:postcode": null, "addr:place": null, "addr:street": null, "email": null, "name": null, "opening_hours": "24/7", "operator": "Axis Bank", "phone": null, "ref": null, "url": null, "website": null, "amenity": "atm", "atm": null, "bank": null, "bicycle_parking": null, "bicycle_rental": null, "bar": null, "biergarten": null, "building": null, "building:levels": null, "cafe": null, "drinking_water": null, "fast_food": null, "fountain": null, "fuel": null, "internet_access": null, "landuse": null, "office": null, "parking": null, "police": null, "post_office": null, "restaurant": null, "school": null, "social_facility": null, "source": null, "start_date": null, "taxi": null, "wikipedia": null, "agrarian": null, "alcohol": null, "bag": null, "books": null, "butcher": null, "clothes": null, "computer": null, "craft": null, "furniture": null, "gas": null, "hairdresser": null, "kitchen": null, "massage": null, "medical_supply": null, "motorcycle": null, "organic": null, "outdoor": null, "pet": null, "religion": null, "second_hand": null, "shoes": null, "shop": null, "swimming_pool": null, "trade": null, "wholesale": null, "attraction": null, "camp_site": null, "guest_house": null, "hostel": null, "information": null, "museum": null, "tourism": null, "viewpoint": null, "zoo": null, "osm_type": "node", "spa": null, "fireplace": null, "fishing": null, "security": null, "water": null }, "geometry": { "type": "Point", "coordinates": [ 72.6209643, 22.9767643 ] } },
{ "type": "Feature", "properties": { "lat": 23.1966118, "visible": "False", "version": 1, "tags": { "addr:district": "Gandhinagar", "brand": "IDBI", "drive_through": "no" }, "id": 11309211077, "lon": 72.6318002, "changeset": 0.0, "timestamp": 1699003285, "addr:city": "Gandhinagar", "addr:country": null, "addr:full": null, "addr:housenumber": "Super Mall - Infocity Near Gh \"0\" Circle", "addr:housename": null, "addr:postcode": "382009", "addr:place": null, "addr:street": "Gandhinagar-Sarkhej Highway", "email": null, "name": "IDBI Bank", "opening_hours": null, "operator": "IDBI", "phone": null, "ref": null, "url": null, "website": null, "amenity": "bank", "atm": "yes", "bank": null, "bicycle_parking": null, "bicycle_rental": null, "bar": null, "biergarten": null, "building": null, "building:levels": null, "cafe": null, "drinking_water": null, "fast_food": null, "fountain": null, "fuel": null, "internet_access": null, "landuse": null, "office": null, "parking": null, "police": null, "post_office": null, "restaurant": null, "school": null, "social_facility": null, "source": null, "start_date": null, "taxi": null, "wikipedia": null, "agrarian": null, "alcohol": null, "bag": null, "books": null, "butcher": null, "clothes": null, "computer": null, "craft": null, "furniture": null, "gas": null, "hairdresser": null, "kitchen": null, "massage": null, "medical_supply": null, "motorcycle": null, "organic": null, "outdoor": null, "pet": null, "religion": null, "second_hand": null, "shoes": null, "shop": null, "swimming_pool": null, "trade": null, "wholesale": null, "attraction": null, "camp_site": null, "guest_house": null, "hostel": null, "information": null, "museum": null, "tourism": null, "viewpoint": null, "zoo": null, "osm_type": "node", "spa": null, "fireplace": null, "fishing": null, "security": null, "water": null }, "geometry": { "type": "Point", "coordinates": [ 72.6318002, 23.1966118 ] } },
{ "type": "Feature", "properties": { "lat": 23.0747717, "visible": "False", "version": 1, "tags": { "brand": "IndusInd Bank", "brand:wikidata": "Q2040323", "operator:wikidata": "Q2040323" }, "id": 11545552868, "lon": 72.6235194, "changeset": 0.0, "timestamp": 1706087539, "addr:city": null, "addr:country": null, "addr:full": null, "addr:housenumber": null, "addr:housename": null, "addr:postcode": null, "addr:place": null, "addr:street": null, "email": null, "name": "Indusind Bank ATM", "opening_hours": null, "operator": "IndusInd Bank", "phone": null, "ref": null, "url": null, "website": null, "amenity": "atm", "atm": "yes", "bank": null, "bicycle_parking": null, "bicycle_rental": null, "bar": null, "biergarten": null, "building": null, "building:levels": null, "cafe": null, "drinking_water": null, "fast_food": null, "fountain": null, "fuel": null, "internet_access": null, "landuse": null, "office": null, "parking": null, "police": null, "post_office": null, "restaurant": null, "school": null, "social_facility": null, "source": null, "start_date": null, "taxi": null, "wikipedia": null, "agrarian": null, "alcohol": null, "bag": null, "books": null, "butcher": null, "clothes": null, "computer": null, "craft": null, "furniture": null, "gas": null, "hairdresser": null, "kitchen": null, "massage": null, "medical_supply": null, "motorcycle": null, "organic": null, "outdoor": null, "pet": null, "religion": null, "second_hand": null, "shoes": null, "shop": null, "swimming_pool": null, "trade": null, "wholesale": null, "attraction": null, "camp_site": null, "guest_house": null, "hostel": null, "information": null, "museum": null, "tourism": null, "viewpoint": null, "zoo": null, "osm_type": "node", "spa": null, "fireplace": null, "fishing": null, "security": null, "water": null }, "geometry": { "type": "Point", "coordinates": [ 72.6235194, 23.0747717 ] } },
{ "type": "Feature", "properties": { "lat": 23.0725319, "visible": "False", "version": 1, "tags": null, "id": 11545595769, "lon": 72.6206597, "changeset": 0.0, "timestamp": 1706087539, "addr:city": null, "addr:country": null, "addr:full": null, "addr:housenumber": null, "addr:housename": null, "addr:postcode": null, "addr:place": null, "addr:street": null, "email": null, "name": "Dena Bank ATM", "opening_hours": null, "operator": null, "phone": null, "ref": null, "url": null, "website": null, "amenity": "atm", "atm": "yes", "bank": null, "bicycle_parking": null, "bicycle_rental": null, "bar": null, "biergarten": null, "building": null, "building:levels": null, "cafe": null, "drinking_water": null, "fast_food": null, "fountain": null, "fuel": null, "internet_access": null, "landuse": null, "office": null, "parking": null, "police": null, "post_office": null, "restaurant": null, "school": null, "social_facility": null, "source": null, "start_date": null, "taxi": null, "wikipedia": null, "agrarian": null, "alcohol": null, "bag": null, "books": null, "butcher": null, "clothes": null, "computer": null, "craft": null, "furniture": null, "gas": null, "hairdresser": null, "kitchen": null, "massage": null, "medical_supply": null, "motorcycle": null, "organic": null, "outdoor": null, "pet": null, "religion": null, "second_hand": null, "shoes": null, "shop": null, "swimming_pool": null, "trade": null, "wholesale": null, "attraction": null, "camp_site": null, "guest_house": null, "hostel": null, "information": null, "museum": null, "tourism": null, "viewpoint": null, "zoo": null, "osm_type": "node", "spa": null, "fireplace": null, "fishing": null, "security": null, "water": null }, "geometry": { "type": "Point", "coordinates": [ 72.6206597, 23.0725319 ] } },
{ "type": "Feature", "properties": { "lat": 22.982501, "visible": "False", "version": 1, "tags": { "brand": "State Bank of India", "brand:wikidata": "Q1340361", "operator:wikidata": "Q1340361", "short_name": "SBI" }, "id": 12326909488, "lon": 72.6031889, "changeset": 0.0, "timestamp": 1731165179, "addr:city": null, "addr:country": null, "addr:full": null, "addr:housenumber": null, "addr:housename": null, "addr:postcode": null, "addr:place": null, "addr:street": null, "email": null, "name": null, "opening_hours": null, "operator": "State Bank of India", "phone": null, "ref": null, "url": null, "website": null, "amenity": "atm", "atm": null, "bank": null, "bicycle_parking": null, "bicycle_rental": null, "bar": null, "biergarten": null, "building": null, "building:levels": null, "cafe": null, "drinking_water": null, "fast_food": null, "fountain": null, "fuel": null, "internet_access": null, "landuse": null, "office": null, "parking": null, "police": null, "post_office": null, "restaurant": null, "school": null, "social_facility": null, "source": null, "start_date": null, "taxi": null, "wikipedia": null, "agrarian": null, "alcohol": null, "bag": null, "books": null, "butcher": null, "clothes": null, "computer": null, "craft": null, "furniture": null, "gas": null, "hairdresser": null, "kitchen": null, "massage": null, "medical_supply": null, "motorcycle": null, "organic": null, "outdoor": null, "pet": null, "religion": null, "second_hand": null, "shoes": null, "shop": null, "swimming_pool": null, "trade": null, "wholesale": null, "attraction": null, "camp_site": null, "guest_house": null, "hostel": null, "information": null, "museum": null, "tourism": null, "viewpoint": null, "zoo": null, "osm_type": "node", "spa": null, "fireplace": null, "fishing": null, "security": null, "water": null }, "geometry": { "type": "Point", "coordinates": [ 72.6031889, 22.982501 ] } },
{ "type": "Feature", "properties": { "lat": 23.0505708, "visible": "False", "version": 1, "tags": { "branch": "Thaltej HNI", "brand": "Bank of Baroda", "level": "0", "operator:wikidata": "Q2003797" }, "id": 12827753534, "lon": 72.5001224, "changeset": 0.0, "timestamp": 1746945191, "addr:city": null, "addr:country": null, "addr:full": null, "addr:housenumber": null, "addr:housename": null, "addr:postcode": null, "addr:place": null, "addr:street": null, "email": null, "name": null, "opening_hours": null, "operator": "Bank of Baroda", "phone": null, "ref": null, "url": null, "website": null, "amenity": "atm", "atm": null, "bank": null, "bicycle_parking": null, "bicycle_rental": null, "bar": null, "biergarten": null, "building": null, "building:levels": null, "cafe": null, "drinking_water": null, "fast_food": null, "fountain": null, "fuel": null, "internet_access": null, "landuse": null, "office": null, "parking": null, "police": null, "post_office": null, "restaurant": null, "school": null, "social_facility": null, "source": null, "start_date": null, "taxi": null, "wikipedia": null, "agrarian": null, "alcohol": null, "bag": null, "books": null, "butcher": null, "clothes": null, "computer": null, "craft": null, "furniture": null, "gas": null, "hairdresser": null, "kitchen": null, "massage": null, "medical_supply": null, "motorcycle": null, "organic": null, "outdoor": null, "pet": null, "religion": null, "second_hand": null, "shoes": null, "shop": null, "swimming_pool": null, "trade": null, "wholesale": null, "attraction": null, "camp_site": null, "guest_house": null, "hostel": null, "information": null, "museum": null, "tourism": null, "viewpoint": null, "zoo": null, "osm_type": "node", "spa": null, "fireplace": null, "fishing": null, "security": null, "water": null }, "geometry": { "type": "Point", "coordinates": [ 72.5001224, 23.0505708 ] } },
{ "type": "Feature", "properties": { "lat": 23.0506197, "visible": "False", "version": 1, "tags": { "branch": "Thaltej", "brand": "HDFC Bank", "short_name": "HDFC" }, "id": 12827753535, "lon": 72.4995644, "changeset": 0.0, "timestamp": 1746945191, "addr:city": null, "addr:country": null, "addr:full": null, "addr:housenumber": null, "addr:housename": null, "addr:postcode": null, "addr:place": null, "addr:street": null, "email": null, "name": "HDFC Bank", "opening_hours": null, "operator": null, "phone": null, "ref": null, "url": null, "website": null, "amenity": "bank", "atm": null, "bank": null, "bicycle_parking": null, "bicycle_rental": null, "bar": null, "biergarten": null, "building": null, "building:levels": null, "cafe": null, "drinking_water": null, "fast_food": null, "fountain": null, "fuel": null, "internet_access": null, "landuse": null, "office": null, "parking": null, "police": null, "post_office": null, "restaurant": null, "school": null, "social_facility": null, "source": null, "start_date": null, "taxi": null, "wikipedia": null, "agrarian": null, "alcohol": null, "bag": null, "books": null, "butcher": null, "clothes": null, "computer": null, "craft": null, "furniture": null, "gas": null, "hairdresser": null, "kitchen": null, "massage": null, "medical_supply": null, "motorcycle": null, "organic": null, "outdoor": null, "pet": null, "religion": null, "second_hand": null, "shoes": null, "shop": null, "swimming_pool": null, "trade": null, "wholesale": null, "attraction": null, "camp_site": null, "guest_house": null, "hostel": null, "information": null, "museum": null, "tourism": null, "viewpoint": null, "zoo": null, "osm_type": "node", "spa": null, "fireplace": null, "fishing": null, "security": null, "water": null }, "geometry": { "type": "Point", "coordinates": [ 72.4995644, 23.0506197 ] } },
{ "type": "Feature", "properties": { "lat": 23.05057, "visible": "False", "version": 1, "tags": { "branch": "Thaltej HNI", "brand": "Bank of Baroda" }, "id": 12827753537, "lon": 72.5000671, "changeset": 0.0, "timestamp": 1746945191, "addr:city": null, "addr:country": null, "addr:full": null, "addr:housenumber": null, "addr:housename": null, "addr:postcode": null, "addr:place": null, "addr:street": null, "email": null, "name": "Bank of Baroda", "opening_hours": null, "operator": null, "phone": null, "ref": null, "url": null, "website": null, "amenity": "bank", "atm": null, "bank": null, "bicycle_parking": null, "bicycle_rental": null, "bar": null, "biergarten": null, "building": null, "building:levels": null, "cafe": null, "drinking_water": null, "fast_food": null, "fountain": null, "fuel": null, "internet_access": null, "landuse": null, "office": null, "parking": null, "police": null, "post_office": null, "restaurant": null, "school": null, "social_facility": null, "source": null, "start_date": null, "taxi": null, "wikipedia": null, "agrarian": null, "alcohol": null, "bag": null, "books": null, "butcher": null, "clothes": null, "computer": null, "craft": null, "furniture": null, "gas": null, "hairdresser": null, "kitchen": null, "massage": null, "medical_supply": null, "motorcycle": null, "organic": null, "outdoor": null, "pet": null, "religion": null, "second_hand": null, "shoes": null, "shop": null, "swimming_pool": null, "trade": null, "wholesale": null, "attraction": null, "camp_site": null, "guest_house": null, "hostel": null, "information": null, "museum": null, "tourism": null, "viewpoint": null, "zoo": null, "osm_type": "node", "spa": null, "fireplace": null, "fishing": null, "security": null, "water": null }, "geometry": { "type": "Point", "coordinates": [ 72.5000671, 23.05057 ] } },
{ "type": "Feature", "properties": { "lat": 23.0502369, "visible": "False", "version": 1, "tags": { "branch": "Thaltej", "brand": "State Bank of India", "level": "0", "short_name": "SBI" }, "id": 12827753538, "lon": 72.4985842, "changeset": 0.0, "timestamp": 1746945191, "addr:city": "Ahmedabad", "addr:country": null, "addr:full": null, "addr:housenumber": null, "addr:housename": null, "addr:postcode": null, "addr:place": null, "addr:street": null, "email": null, "name": "State Bank of India", "opening_hours": null, "operator": null, "phone": null, "ref": null, "url": null, "website": null, "amenity": "bank", "atm": null, "bank": null, "bicycle_parking": null, "bicycle_rental": null, "bar": null, "biergarten": null, "building": null, "building:levels": null, "cafe": null, "drinking_water": null, "fast_food": null, "fountain": null, "fuel": null, "internet_access": null, "landuse": null, "office": null, "parking": null, "police": null, "post_office": null, "restaurant": null, "school": null, "social_facility": null, "source": null, "start_date": null, "taxi": null, "wikipedia": null, "agrarian": null, "alcohol": null, "bag": null, "books": null, "butcher": null, "clothes": null, "computer": null, "craft": null, "furniture": null, "gas": null, "hairdresser": null, "kitchen": null, "massage": null, "medical_supply": null, "motorcycle": null, "organic": null, "outdoor": null, "pet": null, "religion": null, "second_hand": null, "shoes": null, "shop": null, "swimming_pool": null, "trade": null, "wholesale": null, "attraction": null, "camp_site": null, "guest_house": null, "hostel": null, "information": null, "museum": null, "tourism": null, "viewpoint": null, "zoo": null, "osm_type": "node", "spa": null, "fireplace": null, "fishing": null, "security": null, "water": null }, "geometry": { "type": "Point", "coordinates": [ 72.4985842, 23.0502369 ] } },
{ "type": "Feature", "properties": { "lat": 23.0502383, "visible": "False", "version": 1, "tags": { "brand": "State Bank of India", "operator:wikidata": "Q1340361" }, "id": 12827753539, "lon": 72.4985353, "changeset": 0.0, "timestamp": 1746945191, "addr:city": null, "addr:country": null, "addr:full": null, "addr:housenumber": null, "addr:housename": null, "addr:postcode": null, "addr:place": null, "addr:street": null, "email": null, "name": null, "opening_hours": null, "operator": "State Bank of India", "phone": null, "ref": null, "url": null, "website": null, "amenity": "atm", "atm": null, "bank": null, "bicycle_parking": null, "bicycle_rental": null, "bar": null, "biergarten": null, "building": null, "building:levels": null, "cafe": null, "drinking_water": null, "fast_food": null, "fountain": null, "fuel": null, "internet_access": null, "landuse": null, "office": null, "parking": null, "police": null, "post_office": null, "restaurant": null, "school": null, "social_facility": null, "source": null, "start_date": null, "taxi": null, "wikipedia": null, "agrarian": null, "alcohol": null, "bag": null, "books": null, "butcher": null, "clothes": null, "computer": null, "craft": null, "furniture": null, "gas": null, "hairdresser": null, "kitchen": null, "massage": null, "medical_supply": null, "motorcycle": null, "organic": null, "outdoor": null, "pet": null, "religion": null, "second_hand": null, "shoes": null, "shop": null, "swimming_pool": null, "trade": null, "wholesale": null, "attraction": null, "camp_site": null, "guest_house": null, "hostel": null, "information": null, "museum": null, "tourism": null, "viewpoint": null, "zoo": null, "osm_type": "node", "spa": null, "fireplace": null, "fishing": null, "security": null, "water": null }, "geometry": { "type": "Point", "coordinates": [ 72.4985353, 23.0502383 ] } },
{ "type": "Feature", "properties": { "lat": 23.007867, "visible": "False", "version": 1, "tags": { "brand": "HDFC Bank", "brand:wikidata": "Q631047", "brand:wikipedia": "en:HDFC Bank", "survey:date": "2025-05-06" }, "id": 12848354131, "lon": 72.4544201, "changeset": 0.0, "timestamp": 1747639766, "addr:city": null, "addr:country": null, "addr:full": null, "addr:housenumber": null, "addr:housename": null, "addr:postcode": null, "addr:place": null, "addr:street": null, "email": null, "name": "HDFC Bank", "opening_hours": null, "operator": null, "phone": null, "ref": null, "url": null, "website": null, "amenity": "bank", "atm": "yes", "bank": null, "bicycle_parking": null, "bicycle_rental": null, "bar": null, "biergarten": null, "building": null, "building:levels": null, "cafe": null, "drinking_water": null, "fast_food": null, "fountain": null, "fuel": null, "internet_access": null, "landuse": null, "office": null, "parking": null, "police": null, "post_office": null, "restaurant": null, "school": null, "social_facility": null, "source": null, "start_date": null, "taxi": null, "wikipedia": null, "agrarian": null, "alcohol": null, "bag": null, "books": null, "butcher": null, "clothes": null, "computer": null, "craft": null, "furniture": null, "gas": null, "hairdresser": null, "kitchen": null, "massage": null, "medical_supply": null, "motorcycle": null, "organic": null, "outdoor": null, "pet": null, "religion": null, "second_hand": null, "shoes": null, "shop": null, "swimming_pool": null, "trade": null, "wholesale": null, "attraction": null, "camp_site": null, "guest_house": null, "hostel": null, "information": null, "museum": null, "tourism": null, "viewpoint": null, "zoo": null, "osm_type": "node", "spa": null, "fireplace": null, "fishing": null, "security": null, "water": null }, "geometry": { "type": "Point", "coordinates": [ 72.4544201, 23.007867 ] } },
{ "type": "Feature", "properties": { "lat": 23.0836123, "visible": "False", "version": 3, "tags": { "currency:rupee": "yes", "drive_through": "no", "not:brand:wikidata": "Q1340361" }, "id": 13941764508, "lon": 72.6495632, "changeset": 0.0, "timestamp": 1781526506, "addr:city": null, "addr:country": null, "addr:full": null, "addr:housenumber": null, "addr:housename": null, "addr:postcode": null, "addr:place": null, "addr:street": null, "email": null, "name": null, "opening_hours": "24/7", "operator": "SBI ATM", "phone": null, "ref": null, "url": null, "website": null, "amenity": "atm", "atm": null, "bank": null, "bicycle_parking": null, "bicycle_rental": null, "bar": null, "biergarten": null, "building": null, "building:levels": null, "cafe": null, "drinking_water": null, "fast_food": null, "fountain": null, "fuel": null, "internet_access": null, "landuse": null, "office": null, "parking": null, "police": null, "post_office": null, "restaurant": null, "school": null, "social_facility": null, "source": null, "start_date": null, "taxi": null, "wikipedia": null, "agrarian": null, "alcohol": null, "bag": null, "books": null, "butcher": null, "clothes": null, "computer": null, "craft": null, "furniture": null, "gas": null, "hairdresser": null, "kitchen": null, "massage": null, "medical_supply": null, "motorcycle": null, "organic": null, "outdoor": null, "pet": null, "religion": null, "second_hand": null, "shoes": null, "shop": null, "swimming_pool": null, "trade": null, "wholesale": null, "attraction": null, "camp_site": null, "guest_house": null, "hostel": null, "information": null, "museum": null, "tourism": null, "viewpoint": null, "zoo": null, "osm_type": "node", "spa": null, "fireplace": null, "fishing": null, "security": null, "water": null }, "geometry": { "type": "Point", "coordinates": [ 72.6495632, 23.0836123 ] } },
{ "type": "Feature", "properties": { "lat": null, "visible": "False", "version": 4, "tags": null, "id": 327200043, "lon": null, "changeset": null, "timestamp": 1731468760, "addr:city": null, "addr:country": null, "addr:full": null, "addr:housenumber": null, "addr:housename": null, "addr:postcode": null, "addr:place": null, "addr:street": null, "email": null, "name": "The Reserve Bank of India", "opening_hours": null, "operator": "Government of India", "phone": null, "ref": null, "url": null, "website": null, "amenity": "bank", "atm": null, "bank": null, "bicycle_parking": null, "bicycle_rental": null, "bar": null, "biergarten": null, "building": "yes", "building:levels": null, "cafe": null, "drinking_water": null, "fast_food": null, "fountain": null, "fuel": null, "internet_access": null, "landuse": null, "office": null, "parking": null, "police": null, "post_office": null, "restaurant": null, "school": null, "social_facility": null, "source": null, "start_date": null, "taxi": null, "wikipedia": null, "agrarian": null, "alcohol": null, "bag": null, "books": null, "butcher": null, "clothes": null, "computer": null, "craft": null, "furniture": null, "gas": null, "hairdresser": null, "kitchen": null, "massage": null, "medical_supply": null, "motorcycle": null, "organic": null, "outdoor": null, "pet": null, "religion": null, "second_hand": null, "shoes": null, "shop": null, "swimming_pool": null, "trade": null, "wholesale": null, "attraction": null, "camp_site": null, "guest_house": null, "hostel": null, "information": null, "museum": null, "tourism": null, "viewpoint": null, "zoo": null, "osm_type": "way", "spa": null, "fireplace": null, "fishing": null, "security": null, "water": null }, "geometry": { "type": "Point", "coordinates": [ 72.569578613074682, 23.033072827951017 ] } },
{ "type": "Feature", "properties": { "lat": null, "visible": "False", "version": 1, "tags": { "brand": "Bank of Baroda", "brand:wikidata": "Q2003797", "brand:wikipedia": "en:Bank of Baroda", "drive_through": "no" }, "id": 754019042, "lon": null, "changeset": null, "timestamp": 1575904823, "addr:city": "Ahmedabad", "addr:country": null, "addr:full": null, "addr:housenumber": null, "addr:housename": null, "addr:postcode": "380008", "addr:place": null, "addr:street": "Lala Lajpat Rai Marg, Maninagar Char Rasta", "email": "manina@bankofbaroda.com", "name": "Bank of Baroda", "opening_hours": null, "operator": null, "phone": null, "ref": null, "url": null, "website": "https://www.bankofbaroda.in/", "amenity": "bank", "atm": "yes", "bank": null, "bicycle_parking": null, "bicycle_rental": null, "bar": null, "biergarten": null, "building": "commercial", "building:levels": null, "cafe": null, "drinking_water": null, "fast_food": null, "fountain": null, "fuel": null, "internet_access": null, "landuse": null, "office": null, "parking": null, "police": null, "post_office": null, "restaurant": null, "school": null, "social_facility": null, "source": null, "start_date": null, "taxi": null, "wikipedia": null, "agrarian": null, "alcohol": null, "bag": null, "books": null, "butcher": null, "clothes": null, "computer": null, "craft": null, "furniture": null, "gas": null, "hairdresser": null, "kitchen": null, "massage": null, "medical_supply": null, "motorcycle": null, "organic": null, "outdoor": null, "pet": null, "religion": null, "second_hand": null, "shoes": null, "shop": null, "swimming_pool": null, "trade": null, "wholesale": null, "attraction": null, "camp_site": null, "guest_house": null, "hostel": null, "information": null, "museum": null, "tourism": null, "viewpoint": null, "zoo": null, "osm_type": "way", "spa": null, "fireplace": null, "fishing": null, "security": null, "water": null }, "geometry": { "type": "Point", "coordinates": [ 72.606552628046302, 22.997005580076426 ] } },
{ "type": "Feature", "properties": { "lat": null, "visible": "False", "version": 3, "tags": { "brand": "ICICI Bank", "brand:wikidata": "Q1653258", "brand:wikipedia": "en:ICICI Bank", "building:colour": "white", "building:material": "plaster", "roof:material": "concrete", "roof:shape": "flat", "short_name": "ICICI" }, "id": 968525629, "lon": null, "changeset": null, "timestamp": 1721816587, "addr:city": null, "addr:country": null, "addr:full": null, "addr:housenumber": null, "addr:housename": null, "addr:postcode": null, "addr:place": null, "addr:street": null, "email": null, "name": "ICICI Bank", "opening_hours": null, "operator": null, "phone": null, "ref": null, "url": null, "website": null, "amenity": "bank", "atm": null, "bank": null, "bicycle_parking": null, "bicycle_rental": null, "bar": null, "biergarten": null, "building": "commercial", "building:levels": "3", "cafe": null, "drinking_water": null, "fast_food": null, "fountain": null, "fuel": null, "internet_access": null, "landuse": null, "office": null, "parking": null, "police": null, "post_office": null, "restaurant": null, "school": null, "social_facility": null, "source": null, "start_date": null, "taxi": null, "wikipedia": null, "agrarian": null, "alcohol": null, "bag": null, "books": null, "butcher": null, "clothes": null, "computer": null, "craft": null, "furniture": null, "gas": null, "hairdresser": null, "kitchen": null, "massage": null, "medical_supply": null, "motorcycle": null, "organic": null, "outdoor": null, "pet": null, "religion": null, "second_hand": null, "shoes": null, "shop": null, "swimming_pool": null, "trade": null, "wholesale": null, "attraction": null, "camp_site": null, "guest_house": null, "hostel": null, "information": null, "museum": null, "tourism": null, "viewpoint": null, "zoo": null, "osm_type": "way", "spa": null, "fireplace": null, "fishing": null, "security": null, "water": null }, "geometry": { "type": "Point", "coordinates": [ 72.557905423633073, 23.018820176192747 ] } }
]
}
