lat,visible,version,tags,id,lon,changeset,timestamp,addr:city,addr:country,addr:full,addr:housenumber,addr:housename,addr:postcode,addr:place,addr:street,email,name,opening_hours,operator,phone,ref,url,website,amenity,atm,bank,bicycle_parking,bicycle_rental,bar,biergarten,building,building:levels,cafe,drinking_water,fast_food,fountain,fuel,internet_access,landuse,office,parking,police,post_office,restaurant,school,social_facility,source,start_date,taxi,wikipedia,agrarian,alcohol,bag,books,butcher,clothes,computer,craft,furniture,gas,hairdresser,kitchen,massage,medical_supply,motorcycle,organic,outdoor,pet,religion,second_hand,shoes,shop,swimming_pool,trade,wholesale,attraction,camp_site,guest_house,hostel,information,museum,tourism,viewpoint,zoo,osm_type,spa,fireplace,fishing,security,water
23.0085819,False,4,,440305869,72.5432503,0.0,1600364457,,,,,,,,,,Jivraj Mehta Hospital,,,,,,,hospital,,,,,,,,,,,,,,,,,,,,,,,,,,,,,,,,,,,,,,,,,,,,,,,,,,,,,,,,,,,,,node,,,,,
23.0140283,False,3,"{""healthcare"":""hospital""}",440310550,72.5645993,0.0,1781892584,,,,,,,,,,Paldi Bus Stand,,,,,,,hospital,,,,,,,,,,,,,,,,,,,,,,,,,,,,,,,,,,,,,,,,,,,,,,,,,,,,,,,,,,,,,node,,,,,
23.0487566,False,5,"{""addr:district"":""Ahmedabad"",""addr:state"":""Gujarat"",""contact:phone"":""9825181745""}",440320413,72.5312683,0.0,1600364843,,,"Sterling Hospital Building, Off Gurukul Road, B/H. Drive In Cinema, Memnagar",,,380054,,,,Sterling Hospital Div. Of Addlife Medical Institute Pvt. Ltd.,,,,,,,hospital,,,,,,,,,,,,,,,,,,,,,,,OpenGovernmentData,,,,,,,,,,,,,,,,,,,,,,,,,,,,,,,,,,,,,,node,,,,,
23.0924908,False,3,,611572691,72.5917525,0.0,1600365332,,,,,,,,,,,,,,,,,hospital,,,,,,,,,,,,,,,,,,,,,,,,,,,,,,,,,,,,,,,,,,,,,,,,,,,,,,,,,,,,,node,,,,,
23.0173915,False,6,"{""addr:district"":""Ahmedabad"",""addr:state"":""Gujarat"",""healthcare"":""hospital""}",761305685,72.5304396,0.0,1628800876,,,"132 Ft. Ring Road, Nr Shyamal Char Rasta, Opposite Someshver Jain Temple",,,380001,,,,"Medilink Hospital, Ahmedabad",,,,,,,hospital,,,,,,,,,,,,,,,,,,,,,,,OpenGovernmentData,,,,,,,,,,,,,,,,,,,,,,,,,,,,,,,,,,,,,,node,,,,,
23.1039413,False,3,,1349429248,72.5679365,0.0,1600364511,,,,,,,,,,Health Center,,,,,,,hospital,,,,,,,,,,,,,,,,,,,,,,,,,,,,,,,,,,,,,,,,,,,,,,,,,,,,,,,,,,,,,node,,,,,
23.0033217,False,4,"{""addr:district"":""Ahmedabad"",""addr:state"":""Gujarat"",""emergency"":""yes""}",1781762768,72.5639517,0.0,1600365682,,,"P.N.House, Near Shantivan Bus Stand,Narayan Nagar Road,Behind Nid, Paldi",,,380007,,,,Ahmedabad Institute Of Medical Services (Aims),,,,,,,hospital,,,,,,,,,,,,,,,,,,,,,,,OpenGovernmentData,,,,,,,,,,,,,,,,,,,,,,,,,,,,,,,,,,,,,,node,,,,,
23.0090048,False,3,,1781764967,72.56227,0.0,1600364679,,,,,,,,,,Shushtrut Hospital,,,,,,,hospital,,,,,,,,,,,,,,,,,,,,,,,,,,,,,,,,,,,,,,,,,,,,,,,,,,,,,,,,,,,,,node,,,,,
23.0368587,False,3,,3293760662,72.5699511,0.0,1600365419,,,,,,,,St. Xavier's College Road,,saviour annexe hospital,,,,,,,hospital,,,,,,,,,,,,,,,,,,,,,,,,,,,,,,,,,,,,,,,,,,,,,,,,,,,,,,,,,,,,,node,,,,,
23.0836049,False,3,,3500454471,72.5901213,0.0,1600364895,Ahmedabad,,,,,380005,,,,Geeta Maternity Hospital,,"Geeta Agarwal, Ashok Agarwal",,,,,hospital,,,,,,,,,,,,,,,,,,,,,,,,,,,,,,,,,,,,,,,,,,,,,,,,,,,,,,,,,,,,,node,,,,,
23.0829627,False,5,"{""addr:district"":""Ahmedabad"",""addr:state"":""Gujarat"",""emergency"":""yes""}",3500459652,72.5906964,0.0,1600364961,Ahmedabad,,"Ramnagar, Sabarmati",,,380005,,,,Sabarmati Development Society Sanchalit Sheth Shri Pukhraj Raichand General Hospital,,,,,,,hospital,,,,,,,,,,,,,,,,,,,,,,,OpenGovernmentData,,,,,,,,,,,,,,,,,,,,,,,,,,,,,,,,,,,,,,node,,,,,
23.0389267,False,6,"{""addr:district"":""Ahmedabad"",""addr:state"":""Gujarat"",""contact:phone"":""7966048000"",""healthcare"":""hospital"",""operator:type"":""private""}",3727529631,72.6107232,0.0,1686198616,,,"opposite DRM Office, Near Chamunda Bridge, Naroda Road",,,380025,,,info@gcsmc.org,GCS Medical College Hospital and Research Centre,,,,,,http://www.gcsmc.org/,hospital,,,,,,,,,,,,,,,,,,,,,,,OpenGovernmentData,,,,,,,,,,,,,,,,,,,,,,,,,,,,,,,,,,,,,,node,,,,,
23.1764265,False,6,"{""emergency"":""yes"",""healthcare"":""hospital"",""healthcare:speciality"":""clinic;general;physiotherapy;dental;ophthalmology;surgery;psychology;homeopathy;internal;vaccination"",""operator:type"":""private"",""wheelchair"":""yes""}",4330126136,72.5753408,0.0,1638819537,Adalaj,,,,,382421,,Ahmedabad-Kalol Highway,,Amba Health Centre & Hospital,,Shree Simandhar Swami Aradhana Trust,(079)39830036/37,,,https://www.ambahealthcentre.org/,hospital,,,,,,,,,,,,,,,,,,,,,,,,1 November 2002,,,,,,,,,,,,,,,,,,,,,,,,,,,,,,,,,,,,,node,,,,,
23.0997272,False,4,"{""healthcare"":""hospital"",""name:en"":""vizcare hospital""}",4415934891,72.5363217,0.0,1637849773,,,,"1, royal homes",,382481,,Satyamev Vista Road,,vizcare hospital,24/7,,,,,,hospital,,,,,,,,,,,,,,,,,,,,,,,,,,,,,,,,,,,,,,,,,,,,,,,,,,,,,,,,,,,,,node,,,,,
23.0457576,False,6,"{""addr:district"":""Ahmedabad"",""addr:state"":""Gujarat"",""healthcare"":""hospital"",""name:en"":""Sun flower women hospital""}",4449189194,72.5412888,0.0,1722251978,,,"Rudra Arcade,Drive In Road,Near Manavmandir,Memnagar",,,380052,,,,Sunflower Womens Endo Infertility and Hospital Pvt. Ltd.,,,,,,,hospital,,,,,,,,,,,,,,,,,,,,,,,OpenGovernmentData,,,,,,,,,,,,,,,,,,,,,,,,,,,,,,,,,,,,,,node,,,,,
23.0460963,False,5,"{""name:en"":""little flower""}",4449189293,72.533033,0.0,1600365902,,,,,,,,,,little flower,,,,,,,hospital,,,,,,,,,,,,,,,,,,,,,,,,,,,,,,,,,,,,,,,,,,,,,,,,,,,,,,,,,,,,,node,,,,,
23.0455774,False,6,"{""addr:district"":""Ahmedabad"",""addr:state"":""Gujarat"",""healthcare"":""hospital"",""name:en"":""May flower Hospital""}",4449201990,72.5419051,0.0,1722251978,,,"132 Ft. Ring Road,Drive-In-Road Junction,Near Manavmandir, Memnagar",,,380052,,,,May Flower Womens Hospital Pvt. Ltd.,,,,,,,hospital,,,,,,,,,,,,,,,,,,,,,,,OpenGovernmentData,,,,,,,,,,,,,,,,,,,,,,,,,,,,,,,,,,,,,,node,,,,,
23.0494133,False,4,"{""healthcare"":""hospital""}",4488014610,72.6074852,0.0,1686198616,,,,,,,,,,"Kidny hospital , asarwa",,,,,,,hospital,,,,,,,,,,,,,,,,,,,,,,,,,,,,,,,,,,,,,,,,,,,,,,,,,,,,,,,,,,,,,node,,,,,
23.0496453,False,4,"{""healthcare"":""hospital""}",4488016247,72.6071588,0.0,1686198616,Ahemedabad,,,,,,,ASarwa,,"Gujarat Institute Of Nursing Education And Research , Asarwa ,Ahemedabad",,,,,,,hospital,,,,,,,,,,,,,,,,,,,,,,,,,,,,,,,,,,,,,,,,,,,,,,,,,,,,,,,,,,,,,node,,,,,
23.0499136,False,4,"{""healthcare"":""hospital""}",4488020552,72.604565,0.0,1686198616,,,,,,,,,,Government Dental College and Hospital,,,,,,,hospital,,,,,,,,,,,,,,,,,,,,,,,,,,,,,,,,,,,,,,,,,,,,,,,,,,,,,,,,,,,,,node,,,,,
22.99465,False,4,,4492330390,72.6157541,0.0,1721162259,,,,32,,380008,,Asmita Society,drkaminipatel@hotmail.com,Vani Hospital & IVF center,,,07922720605,,,https://www.vani-ivf.com/,hospital,,,,,,,,,,,,,,,,,,,,,,,,,,,,,,,,,,,,,,,,,,,,,,,,,,,,,,,,,,,,,node,,,,,
22.994662,False,3,"{""name:en"":""Vani IVF Center""}",4514853390,72.615422,0.0,1600364572,,,,,,,,,,Vani IVF Center,,,,,,,hospital,,,,,,,,,,,,,,,,,,,,,,,,,,,,,,,,,,,,,,,,,,,,,,,,,,,,,,,,,,,,,node,,,,,
23.044384,False,4,"{""healthcare"":""hospital""}",4547563289,72.657885,0.0,1686198616,,,,,,,,,,,,,,,,,hospital,,,,,,,,,,,,,,,,,,,,,,,,,,,,,,,,,,,,,,,,,,,,,,,,,,,,,,,,,,,,,node,,,,,
23.0858856,False,3,,4572892513,72.5638235,0.0,1600366401,Ahmedabad,,,,,382480,,Tirupati Road,,Aalisha Clinic,,Dr Rajesh B. Patel,,,,,hospital,,,,,,,,,,,,,,,,,,,,,,,,,,,,,,,,,,,,,,,,,,,,,,,,,,,,,,,,,,,,,node,,,,,
23.0932069,False,3,,4572893586,72.5592841,0.0,1600366659,medabad,,,,,382480,,,,BalMukund Hospital,,Dr Gajjar,,,,,hospital,,,,,,,,,,,,,,,,,,,,,,,,,,,,,,,,,,,,,,,,,,,,,,,,,,,,,,,,,,,,,node,,,,,
23.0848906,False,3,"{""name:en"":""S G Hospital Chandlodiya""}",4585303203,72.5512244,0.0,1600364323,,,,,,,,,,S G Hospital Chandlodiya,,,,,,,hospital,,,,,,,,,,,,,,,,,,,,,,,,,,,,,,,,,,,,,,,,,,,,,,,,,,,,,,,,,,,,,node,,,,,
23.0249306,False,5,"{""addr:district"":""Ahmedabad"",""addr:state"":""Gujarat""}",4650625621,72.5434079,0.0,1600365919,,,"26/1`L`Colony,Sahjanand College Cross Roads Ambavadi",26/1,,380015,,,,Planet Women Fertility and Counseling,,,,,,,hospital,,,,,,,,,,,,,,,,,,,,,,,OpenGovernmentData,,,,,,,,,,,,,,,,,,,,,,,,,,,,,,,,,,,,,,node,,,,,
23.0300762,False,3,,4746799624,72.5287891,0.0,1600366423,Ahmedabad,,,"103 Shivalik High STreet, Between Keshavbaug - Mansi Circle",,380015,,Judges Bungalow Road,,Excel Eye Care,,Dr Jayesh Vazirani,,,,,hospital,,,,,,,,,,,,,,,,,,,,,,,,,,,,,,,,,,,,,,,,,,,,,,,,,,,,,,,,,,,,,node,,,,,
23.0576222,False,4,"{""name:en"":""Dr Ghanshyam Dabhi""}",4794228821,72.5700771,0.0,1600366100,,,,,,,,,,Shivam X-ray & Sonography clinic,"Mo-Sa 08:00-15:00, 17:00-21:00",,+917927641100,,,,hospital,,,,,,,,,,,,,,,,,,,,,,,,,,,,,,,,,,,,,,,,,,,,,,,,,,,,,,,,,,,,,node,,,,,
22.9991685,False,3,"{""name:en"":""ESIS HOSPITAL""}",4977778522,72.6166652,0.0,1600364339,,,,,,,,,,ESIS HOSPITAL,,,,,,,hospital,,,,,,,,,,,,,,,,,,,,,,,,,,,,,,,,,,,,,,,,,,,,,,,,,,,,,,,,,,,,,node,,,,,
22.9992751,False,3,"{""name:en"":""Rukshmani Hospital""}",4977793222,72.6193052,0.0,1600365960,,,,,,,,,,Rukshmani Hospital,,,,,,,hospital,,,,,,,,,,,,,,,,,,,,,,,,,,,,,,,,,,,,,,,,,,,,,,,,,,,,,,,,,,,,,node,,,,,
22.995052,False,3,,6263502186,72.6023157,0.0,1600364336,,,,,,380008,,"Bhairavnath Road, Jhawarchowck, Maninagar",,Aarna Hospital,24/7,,,,,,hospital,,,,,,,,,,,,,,wlan,,,,,,,,,,,,,,,,,,,,,,,,,,,,,,,,,,,,,,,,,,,,,,,node,,,,,
23.1053006,False,4,"{""addr:district"":""Ahmedabad"",""addr:state"":""Gujarat"",""healthcare"":""hospital"",""operator:type"":""private""}",6968273217,72.5254109,0.0,1716368997,,,"Near Khamidana Darwaja, Ahmedabad Bhavanagar highway, Barwala",,,,,,,"Samarpan General Hospital, Ahmedabad",,,,,,http://www.rsby.gov.in/Districtwise.aspx,hospital,,,,,,,,,,,,,,,,,,,,,,,OpenGovernmentData,,,,,,,,,,,,,,,,,,,,,,,,,,,,,,,,,,,,,,node,,,,,
23.0495869,False,3,"{""addr:district"":""Ahmedabad"",""addr:state"":""Gujarat""}",6968282377,72.5928806,0.0,1600366223,,,"Near Shahibag Railway Crossing, Shahibag",,,380004,,,,Shree Bharti Vallabh Hospital,,,,,,,hospital,,,,,,,,,,,,,,,,,,,,,,,OpenGovernmentData,,,,,,,,,,,,,,,,,,,,,,,,,,,,,,,,,,,,,,node,,,,,
22.9982535,False,3,"{""addr:district"":""Ahmedabad"",""addr:state"":""Gujarat""}",6968376270,72.6250631,0.0,1600366026,,,"C/101, Shreepal Commercial Cente, Hatkeshwar Circle, Khokhara",,,380008,,,,"Kunal Medical Hospital, Ahmedabad",,,,,,,hospital,,,,,,,,,,,,,,,,,,,,,,,OpenGovernmentData,,,,,,,,,,,,,,,,,,,,,,,,,,,,,,,,,,,,,,node,,,,,
23.052184,False,3,"{""addr:district"":""Ahmedabad"",""addr:state"":""Gujarat""}",6968395410,72.5339005,0.0,1600365956,,,"Maruti Coplex, Subhash Chowk, Opp, Gurukul Mandir, Drive In Road, Memnagar",,,380052,,,,Nandan Maternity Home,,,,,,,hospital,,,,,,,,,,,,,,,,,,,,,,,OpenGovernmentData,,,,,,,,,,,,,,,,,,,,,,,,,,,,,,,,,,,,,,node,,,,,
23.0501988,False,4,"{""addr:district"":""Ahmedabad"",""addr:state"":""Gujarat"",""healthcare"":""hospital""}",6968404884,72.5374953,0.0,1716378776,,,"Memnagar Complex,Memnagar",,,380052,,,,"Kalrav Children Hospital, Ahmedabad",,,,,,,hospital,,,,,,,,,,,,,,,,,,,,,,,OpenGovernmentData,,,,,,,,,,,,,,,,,,,,,,,,,,,,,,,,,,,,,,node,,,,,
23.0461279,False,4,"{""addr:district"":""Ahmedabad"",""addr:state"":""Gujarat"",""healthcare"":""hospital""}",6968417889,72.5364487,0.0,1716378776,,,"(Suyog) Building, 2nd Floor, Beside Kamala Kamdhenu Hall, Opposite Gandhi Labour Institute, Drive In Road, Memnagar",,,380052,,,,Cornea Foundation Hospital,,,,,,,hospital,,,,,,,,,,,,,,,,,,,,,,,OpenGovernmentData,,,,,,,,,,,,,,,,,,,,,,,,,,,,,,,,,,,,,,node,,,,,
23.056598,False,5,"{""addr:district"":""Ahmedabad"",""addr:state"":""Gujarat"",""healthcare"":""hospital""}",6968418270,72.6411603,0.0,1686198616,,,"Duplex Market Nayannagar, Near Jain Temple, Krishnanagar",,,382345,,,,Prathna Surgical And Medical Hospital,,,,,,,hospital,,,,,,,,,,,,,,,,,,,,,,,OpenGovernmentData,,,,,,,,,,,,,,,,,,,,,,,,,,,,,,,,,,,,,,node,,,,,
23.0133094,False,4,"{""addr:district"":""Ahmedabad"",""addr:state"":""Gujarat""}",6968419937,72.545561,0.0,1600365387,,,"Upnishad, 3-First Floor, Near Shreyas Railway Crossing, Flyover Bridge, Ambawadi",,,380015,,,,Arihant Fracture and Orthopedic Hospital,,,,,,,hospital,,,,,,,,,,,,,,,,,,,,,,,OpenGovernmentData,,,,,,,,,,,,,,,,,,,,,,,,,,,,,,,,,,,,,,node,,,,,
23.0499504,False,4,"{""addr:district"":""Ahmedabad"",""addr:state"":""Gujarat"",""contact:mobile"":""9824069697"",""healthcare"":""hospital""}",6968717525,72.5338505,0.0,1716378776,,,Subhash Chowk Sonal Char Rasta Gurukul Road Memnagar,,,380052,,,,Chandrabhan Hospital and Gynac Institute,,,,,,,hospital,,,,,,,,,,,,,,,,,,,,,,,OpenGovernmentData,,,,,,,,,,,,,,,,,,,,,,,,,,,,,,,,,,,,,,node,,,,,
23.0856728,False,4,"{""addr:district"":""Ahmedabad"",""addr:state"":""Gujarat"",""healthcare"":""hospital""}",6968717606,72.6335469,0.0,1623945576,,,"1,2, Saraswati Co-Op Housing Soc., B/H Samrathnagar Bus Stand, Indira Bridge Corner, Hansol, Sardanagar",,,382475,,,,"Jeevandeep Hospital, Sardanagar",,,,,,,hospital,,,,,,,,,,,,,,,,,,,,,,,OpenGovernmentData,,,,,,,,,,,,,,,,,,,,,,,,,,,,,,,,,,,,,,node,,,,,
23.0383141,False,3,"{""addr:district"":""Ahmedabad"",""addr:state"":""Gujarat"",""addr:subdistrict"":""Navrangpura"",""contact:phone"":""7927540336"",""operator:type"":""private""}",6968717622,72.567755,0.0,1600364642,,,Behind Old Gujrat High Court,,,380009,,,,"Jagmohan Hospital, Ahmedabad",,,,,,,hospital,,,,,,,,,,,,,,,,,,,,,,,OpenGovernmentData,,,,,,,,,,,,,,,,,,,,,,,,,,,,,,,,,,,,,,node,,,,,
23.0834466,False,3,"{""addr:district"":""Ahmedabad"",""addr:state"":""Gujarat""}",6968717638,72.5895064,0.0,1600366253,,,"Ist Flr,Arihant Complex, Nr, Ramji Mandir Ramnagar, Sabarmati",,,380005,,,,Vasudha Eye Hospital,,,,,,,hospital,,,,,,,,,,,,,,,,,,,,,,,OpenGovernmentData,,,,,,,,,,,,,,,,,,,,,,,,,,,,,,,,,,,,,,node,,,,,
23.0146498,False,4,"{""addr:district"":""Ahmedabad"",""addr:state"":""Gujarat"",""addr:subdistrict"":""Odhav"",""contact:mobile"":""9428018840"",""operator:type"":""private""}",6968859256,72.6448899,0.0,1653384383,,,"28, New Kamlesh Society, Arbudanagar Road, Odhav",,,382415,,,info@dhwanihospital.com,"Dhwani General Hospital, Nursing Home and Materity Home",,,,,,https://dhwanihospital.com/,hospital,,,,,,,,,,,,,,,,,,,,,,,OpenGovernmentData,,,,,,,,,,,,,,,,,,,,,,,,,,,,,,,,,,,,,,node,,,,,
23.0401061,False,4,"{""addr:district"":""Ahmedabad"",""addr:state"":""Gujarat"",""healthcare"":""hospital""}",6968861329,72.6302853,0.0,1686198616,,,"B/H Sukh Sagar Complex, OppositeDinesh Chamber, L B Shastri Marg Bapunagar",,,380025,,,,Kakadiya Hospital,,,,,,,hospital,,,,,,,,,,,,,,,,,,,,,,,OpenGovernmentData,,,,,,,,,,,,,,,,,,,,,,,,,,,,,,,,,,,,,,node,,,,,
23.0506982,False,4,"{""addr:district"":""Ahmedabad"",""addr:state"":""Gujarat"",""healthcare"":""hospital""}",6968861334,72.5157067,0.0,1716379207,,,"1st Floor, Bhaikaka Complex Bhai Kaka Nagar Thaltej",,,380059,,,,Samarpan Maternity And Urosurgical Hospital,,,,,,,hospital,,,,,,,,,,,,,,,,,,,,,,,OpenGovernmentData,,,,,,,,,,,,,,,,,,,,,,,,,,,,,,,,,,,,,,node,,,,,
23.0052925,False,3,"{""addr:district"":""Ahmedabad"",""addr:state"":""Gujarat""}",6968861335,72.5372402,0.0,1600365739,,,"1st Floor, Surganga Complex, Jivraj Park , Vejalpur",,,380051,,,,"Sankalp Eye Hospital, Ahmedabad",,,,,,,hospital,,,,,,,,,,,,,,,,,,,,,,,OpenGovernmentData,,,,,,,,,,,,,,,,,,,,,,,,,,,,,,,,,,,,,,node,,,,,
23.0577024,False,4,"{""addr:district"":""Ahmedabad"",""addr:state"":""Gujarat"",""healthcare"":""hospital""}",6969601192,72.6369452,0.0,1686198616,,,"3Road Floor, Maruti Arcade, Near G.D.Bus Stop, Saijpur-Bogha",,,382345,,,,Suvan Eye Care,,,,,,,hospital,,,,,,,,,,,,,,,,,,,,,,,OpenGovernmentData,,,,,,,,,,,,,,,,,,,,,,,,,,,,,,,,,,,,,,node,,,,,
22.9745791,False,3,"{""addr:district"":""Ahmedabad"",""addr:state"":""Gujarat""}",6969601197,72.6024091,0.0,1600366599,,,"11, Ratam Shopping Centre, Isanpur Highway Crossroad, Isanpur",,,382443,,,,Matrupooja Eye Hospital,,,,,,,hospital,,,,,,,,,,,,,,,,,,,,,,,OpenGovernmentData,,,,,,,,,,,,,,,,,,,,,,,,,,,,,,,,,,,,,,node,,,,,
23.0034352,False,3,"{""addr:district"":""Ahmedabad"",""addr:state"":""Gujarat"",""contact:phone"":""7926828443""}",6969601212,72.5187524,0.0,1600364781,,,"21, 2 Suvidha Shopping Centre,Near Vejalpur Bus Stand,Vejalpur",,,380051,,,,Shaishav Children Hospital And Neonatal Care Unit,,,,,,,hospital,,,,,,,,,,,,,,,,,,,,,,,OpenGovernmentData,,,,,,,,,,,,,,,,,,,,,,,,,,,,,,,,,,,,,,node,,,,,
23.047633,False,4,"{""addr:district"":""Ahmedabad"",""addr:state"":""Gujarat""}",6969601213,72.5258862,0.0,1600366388,,,"Siddhachal, Nr, Doordarshan Kendra Drive In Road",,,380054,,,,"Mehta Hospital, Siddhachal",,,,,,,hospital,,,,,,,,,,,,,,,,,,,,,,,OpenGovernmentData,,,,,,,,,,,,,,,,,,,,,,,,,,,,,,,,,,,,,,node,,,,,
23.0333194,False,6,"{""addr:district"":""Ahmedabad"",""addr:state"":""Gujarat"",""addr:subdistrict"":""Khanpur"",""contact:mobile"":""9825012300"",""healthcare"":""hospital"",""operator:type"":""private""}",6969601214,72.5789867,0.0,1716372522,,,"Opp Borsalli Apts. ,Nr Jain Derasar, Cama Hotel Road, Khanpur",,,380001,,,,Lifecare Emergency Centre,,,,,,https://www.lifecare.co.in/contact.htm,hospital,,,,,,,,,,,,,,,,,,,,,,,OpenGovernmentData,,,,,,,,,,,,,,,,,,,,,,,,,,,,,,,,,,,,,,node,,,,,
23.0133482,False,3,"{""addr:district"":""Ahmedabad"",""addr:state"":""Gujarat""}",6969601219,72.5641099,0.0,1600365363,,,"Next To Adani Cng & Gajarawala Flats, Paldi Roads Paldi",,,380007,,,,Bavishi Hospital,,,,,,,hospital,,,,,,,,,,,,,,,,,,,,,,,OpenGovernmentData,,,,,,,,,,,,,,,,,,,,,,,,,,,,,,,,,,,,,,node,,,,,
23.072936,False,3,"{""addr:district"":""Ahmedabad"",""addr:state"":""Gujarat""}",6969611589,72.5591491,0.0,1600364695,,,"1st Floor, Vaibhav Comp,Near Nirnayanagar Underbridge Nirnayanagar",,,382481,,,,Poojan Children Hospital And Neonatal Care Centre,,,,,,,hospital,,,,,,,,,,,,,,,,,,,,,,,OpenGovernmentData,,,,,,,,,,,,,,,,,,,,,,,,,,,,,,,,,,,,,,node,,,,,
23.0241738,False,3,"{""addr:district"":""Ahmedabad"",""addr:state"":""Gujarat"",""contact:mobile"":""9426083983""}",6969611594,72.5295308,0.0,1600366459,,,"402, Iscon Centre, Above Radhika Saree, Shiv Ranjani Cross Road, 132 Ft. Ring Road",,,380015,,,,Shanti Multi Speciality Hospital,,,,,,,hospital,,,,,,,,,,,,,,,,,,,,,,,OpenGovernmentData,,,,,,,,,,,,,,,,,,,,,,,,,,,,,,,,,,,,,,node,,,,,
23.0589018,False,4,"{""addr:district"":""Ahmedabad"",""addr:state"":""Gujarat"",""healthcare"":""hospital""}",6969753319,72.537851,0.0,1716378860,,,"315-315, Sarvopari Mall, Bhuyang Dev Road, Sola Road",,,380061,,,,Cutis Cosmetic Plastic Surgery Centre,,,,,,,hospital,,,,,,,,,,,,,,,,,,,,,,,OpenGovernmentData,,,,,,,,,,,,,,,,,,,,,,,,,,,,,,,,,,,,,,node,,,,,
23.0228001,False,3,"{""addr:district"":""Ahmedabad"",""addr:state"":""Gujarat""}",6969761669,72.5261003,0.0,1600366235,,,"Near Anupam Shoping Center,Jodhpur Cross Roads Satellite",,,380015,,,,Rathi Hospital,,,,,,,hospital,,,,,,,,,,,,,,,,,,,,,,,OpenGovernmentData,,,,,,,,,,,,,,,,,,,,,,,,,,,,,,,,,,,,,,node,,,,,
23.0519495,False,4,"{""addr:district"":""Ahmedabad"",""addr:state"":""Gujarat""}",6969864002,72.5608003,0.0,1721207596,,,"304, Shashwat, Naran Pura Char Rasta",,,380013,,,,Minal Infertility Clinic and Nursing Home,,,,,,,hospital,,,,,,,,,,,,,,,,,,,,,,,OpenGovernmentData,,,,,,,,,,,,,,,,,,,,,,,,,,,,,,,,,,,,,,node,,,,,
23.0486991,False,3,"{""addr:district"":""Ahmedabad"",""addr:state"":""Gujarat""}",6969886484,72.5665131,0.0,1600366641,,,"3/A,Vikramnagar Society Near panchshil Bus Stop Usmanpura",,,380013,,,,Navkar Surgical Hospital,,,,,,,hospital,,,,,,,,,,,,,,,,,,,,,,,OpenGovernmentData,,,,,,,,,,,,,,,,,,,,,,,,,,,,,,,,,,,,,,node,,,,,
23.0575049,False,3,"{""addr:district"":""Ahmedabad"",""addr:state"":""Gujarat""}",6969893727,72.5703567,0.0,1600365871,,,Niddhi Complex Opp Mehsana Society Bhimjipura Nava Vadaj Road,,,380013,,,,"Navjyot Eye Hospital, Ahmedabad",,,,,,,hospital,,,,,,,,,,,,,,,,,,,,,,,OpenGovernmentData,,,,,,,,,,,,,,,,,,,,,,,,,,,,,,,,,,,,,,node,,,,,
23.014477,False,4,"{""addr:district"":""Ahmedabad"",""addr:state"":""Gujarat"",""addr:subdistrict"":""Paldi"",""contact:mobile"":""9898236060"",""operator:type"":""private""}",6969931781,72.5597177,0.0,1778353775,,,"Opposite Suvidha Shopping Centre, Near Parimal Under Bridge",,,380007,,,contact@aashthehospital.com,Aarna Super Speciality Hospital,,,,,,https://www.aashthehospital.com/,hospital,,,,,,,,,,,,,,,,,,,,,,,OpenGovernmentData,,,,,,,,,,,,,,,,,,,,,,,,,,,,,,,,,,,,,,node,,,,,
23.0130378,False,3,"{""addr:district"":""Ahmedabad"",""addr:state"":""Gujarat""}",6969940932,72.5456992,0.0,1600364314,,,"302, 03, 04 Iii Floor Upnisad Complex",,,380015,,,,"Shalin Hospital, Ahmedabad",,,,,,,hospital,,,,,,,,,,,,,,,,,,,,,,,OpenGovernmentData,,,,,,,,,,,,,,,,,,,,,,,,,,,,,,,,,,,,,,node,,,,,
23.0827039,False,3,"{""addr:district"":""Ahmedabad"",""addr:state"":""Gujarat"",""addr:subdistrict"":""Chandlodia"",""operator:type"":""private""}",6969952025,72.5469075,0.0,1600364328,,,"2nd Floor, Silver Star Complex, Chandlodia-Gota Road",,,382481,,,,Samata Hospital Pvt.Ltd,,,,,,http://www.rsby.gov.in/Districtwise.aspx,hospital,,,,,,,,,,,,,,,,,,,,,,,OpenGovernmentData,,,,,,,,,,,,,,,,,,,,,,,,,,,,,,,,,,,,,,node,,,,,
23.0731324,False,4,"{""addr:district"":""Ahmedabad"",""addr:state"":""Gujarat""}",6969999192,72.5595813,0.0,1721038362,,,"A/4, Shantaram Complex, Nr Nirnaynagar Garnala, Nirnaynagar",,,382481,,,,Amijeet Maternity Hospital,,,,,,,hospital,,,,,,,,,,,,,,,,,,,,,,,OpenGovernmentData,,,,,,,,,,,,,,,,,,,,,,,,,,,,,,,,,,,,,,node,,,,,
23.0471787,False,4,"{""addr:district"":""Ahmedabad"",""addr:state"":""Gujarat"",""healthcare"":""hospital""}",6970024809,72.5333127,0.0,1716378776,,,"F/5, Veermurti Comlex Opp Oxford Tower Gurukul Road Memnagar",,,380052,,,,Shreeji Orthopaedic And Ent Hospital,,,,,,,hospital,,,,,,,,,,,,,,,,,,,,,,,OpenGovernmentData,,,,,,,,,,,,,,,,,,,,,,,,,,,,,,,,,,,,,,node,,,,,
23.0459742,False,4,"{""addr:district"":""Ahmedabad"",""addr:state"":""Gujarat"",""healthcare"":""hospital""}",6970030047,72.6406024,0.0,1686198616,,,"2nd Floor ,Pushpak Arcade ,Near Bajrang Ashram,N.H.No.8,Hirawadi,Bapunagar",,,382350,,,,Anand Hospital and Multispeciality,,,,,,,hospital,,,,,,,,,,,,,,,,,,,,,,,OpenGovernmentData,,,,,,,,,,,,,,,,,,,,,,,,,,,,,,,,,,,,,,node,,,,,
23.0363111,False,3,"{""addr:district"":""Amreli"",""addr:state"":""Gujarat""}",6970039123,72.5325295,0.0,1600364912,,,"2, Chaitanya Society, Opp. IIM New Gate, Vastrapur",,,380015,,,,Shivam Orthopaedic and Gynec Hospital,,,,,,,hospital,,,,,,,,,,,,,,,,,,,,,,,OpenGovernmentData,,,,,,,,,,,,,,,,,,,,,,,,,,,,,,,,,,,,,,node,,,,,
23.1148697,False,3,"{""addr:district"":""Gandhinagar"",""addr:state"":""Gujarat""}",6970058728,72.5838657,0.0,1600366440,,,First Floor Kripa Apartment,,,382424,,,,Satyam Children Hospital,,,,,,,hospital,,,,,,,,,,,,,,,,,,,,,,,OpenGovernmentData,,,,,,,,,,,,,,,,,,,,,,,,,,,,,,,,,,,,,,node,,,,,
23.0324778,False,4,"{""addr:district"":""Ahmedabad"",""addr:state"":""Gujarat"",""healthcare"":""hospital""}",6970101822,72.5245567,0.0,1632407478,,,"A-405, Milenium Plaza, Opposite Swaminarayan Temple, Judges Banglow Road, Vastrapur",,,380015,,,,Aakshardeep Eye Hospital,,,,,,,hospital,,,,,,,,,,,,,,,,,,,,,,,OpenGovernmentData,,,,,,,,,,,,,,,,,,,,,,,,,,,,,,,,,,,,,,node,,,,,
23.0674244,False,3,"{""addr:district"":""Ahmedabad"",""addr:state"":""Gujarat"",""contact:mobile"":""9426661360""}",6970133731,72.5611098,0.0,1600366424,,,"Savtantrasenaninagar, Nr Akhbarnagar Underbridge, 132 Ring Road, Nava Vadaj",,,380013,,,,"Maruti Orthopedic Hospital, Nava Vadaj",,,,,,,hospital,,,,,,,,,,,,,,,,,,,,,,,OpenGovernmentData,,,,,,,,,,,,,,,,,,,,,,,,,,,,,,,,,,,,,,node,,,,,
23.0467529,False,3,"{""addr:district"":""Ahmedabad"",""addr:state"":""Gujarat""}",6970150307,72.5695668,0.0,1600365116,,,"1, Vidya Nagar Soc No.1, OppositeUsmanpura Garden",,,380014,,,,Chetna Maternity Home,,,,,,,hospital,,,,,,,,,,,,,,,,,,,,,,,OpenGovernmentData,,,,,,,,,,,,,,,,,,,,,,,,,,,,,,,,,,,,,,node,,,,,
23.0539474,False,3,"{""addr:district"":""Ahmedabad"",""addr:state"":""Gujarat""}",6970228163,72.5955185,0.0,1600365425,,,"2nd Floor, Shubh Complex, Near Rajasthan Hospital, Shahibaug",,,380004,,,,"Akshardeep Orthopaedic Hospital, Shahibaug",,,,,,,hospital,,,,,,,,,,,,,,,,,,,,,,,OpenGovernmentData,,,,,,,,,,,,,,,,,,,,,,,,,,,,,,,,,,,,,,node,,,,,
23.0360347,False,4,"{""addr:district"":""Ahmedabad"",""addr:state"":""Gujarat"",""healthcare"":""hospital""}",6970233678,72.6297381,0.0,1686198616,,,"No. 7/75, Vallabh Flate,Near Bapunagar Cross Road",,,380024,,,,Tapan Hospital Pvt Ltd,,,,,,,hospital,,,,,,,,,,,,,,,,,,,,,,,OpenGovernmentData,,,,,,,,,,,,,,,,,,,,,,,,,,,,,,,,,,,,,,node,,,,,
23.0502539,False,4,"{""addr:district"":""Ahmedabad"",""addr:state"":""Gujarat"",""healthcare"":""hospital""}",6970257402,72.5209209,0.0,1716379207,,,"A-6 Venunad Complex, Opposite Udgam School, Thaltej",,,380054,,,,Udit Hospital Multi Speciality,,,,,,,hospital,,,,,,,,,,,,,,,,,,,,,,,OpenGovernmentData,,,,,,,,,,,,,,,,,,,,,,,,,,,,,,,,,,,,,,node,,,,,
23.0217867,False,3,"{""addr:district"":""Ahmedabad"",""addr:state"":""Gujarat"",""contact:mobile"":""9825009659""}",6970275374,72.5420675,0.0,1600364411,,,"Model House, Shastri Park Colony, Nehrunagar",,,380015,,,,Saumya Children Hospital and Neonatal Care Center,,,,,,,hospital,,,,,,,,,,,,,,,,,,,,,,,OpenGovernmentData,,,,,,,,,,,,,,,,,,,,,,,,,,,,,,,,,,,,,,node,,,,,
23.0474527,False,4,"{""addr:district"":""Ahmedabad"",""addr:state"":""Gujarat"",""addr:subdistrict"":""Stadium Road -Ahmedabad"",""operator:type"":""private""}",6970292851,72.5616422,0.0,1696133083,,,"Sardar Patel Statue, Stadium Road",,,380014,,,info@lifecare.co.in,Life Care Institute Of Medical Sciences Research Hospital,,,,,,https://www.lifecare.co.in/contact.htm,hospital,,,,,,,,,,,,,,,,,,,,,,,OpenGovernmentData,,,,,,,,,,,,,,,,,,,,,,,,,,,,,,,,,,,,,,node,,,,,
23.0307499,False,4,"{""addr:district"":""Ahmedabad"",""addr:state"":""Gujarat"",""healthcare"":""hospital""}",6970328005,72.4740118,0.0,1633962748,,,"B/H, Petrol Pump, Opp Govt Tube Well, Bopal",,,380058,,,,Vanza Hospital,,,,,,,hospital,,,,,,,,,,,,,,,,,,,,,,,OpenGovernmentData,,,,,,,,,,,,,,,,,,,,,,,,,,,,,,,,,,,,,,node,,,,,
23.0201192,False,4,"{""addr:district"":""Ahmedabad"",""addr:state"":""Gujarat"",""healthcare"":""hospital""}",6970331911,72.5615162,0.0,1637754390,,,"No. 406-7, Harikrupa Tower,Near Government Ladies Hostel,Behind College,Ellisbridge",,,380006,,,,Niyati Ent Hospital,,,,,,,hospital,,,,,,,,,,,,,,,,,,,,,,,OpenGovernmentData,,,,,,,,,,,,,,,,,,,,,,,,,,,,,,,,,,,,,,node,,,,,
23.0361821,False,4,"{""addr:district"":""Ahmedabad"",""addr:state"":""Gujarat"",""addr:subdistrict"":""Bapunagar"",""healthcare"":""hospital"",""operator:type"":""private""}",6970343514,72.6297938,0.0,1686198616,,,"9/99, Vallabh Flats, Near Diamond Market and Dhanvantri Hospital",,,380024,,,,"Metalia Hospital and ICCU, Diamond Market",,,,,,,hospital,,,,,,,,,,,,,,,,,,,,,,,OpenGovernmentData,,,,,,,,,,,,,,,,,,,,,,,,,,,,,,,,,,,,,,node,,,,,
23.0352325,False,4,"{""addr:district"":""Ahmedabad"",""addr:state"":""Gujarat"",""healthcare"":""hospital""}",6970365464,72.6254641,0.0,1686198616,,,"734/ 4888, Bapu Nagar, Near Patelvadi, Opp: Kabir Chamber, Ahd 24",,,380024,,,,Chitrakut Surgical Hospital,,,,,,,hospital,,,,,,,,,,,,,,,,,,,,,,,OpenGovernmentData,,,,,,,,,,,,,,,,,,,,,,,,,,,,,,,,,,,,,,node,,,,,
23.0487003,False,4,"{""addr:district"":""Ahmedabad"",""addr:state"":""Gujarat"",""healthcare"":""hospital""}",6970401154,72.6059912,0.0,1686198616,,,"Bipin Complex, Opposite Civil Cancer Hospital, Asarva",,,380016,,,,Jivansudha Heart and Medical Hospital,,,,,,,hospital,,,,,,,,,,,,,,,,,,,,,,,OpenGovernmentData,,,,,,,,,,,,,,,,,,,,,,,,,,,,,,,,,,,,,,node,,,,,
23.0700266,False,6,"{""addr:district"":""Ahmedabad"",""addr:state"":""Gujarat""}",6970407444,72.5173965,0.0,1732605413,,,"Near Shukan Mall, Off Science City Road Sola",,,380060,,,info@cims.org,Marengo CIMS Hospital,,Marengo,+91-79-48051200,,,https://www.cims.org,hospital,,,,,,,,,,,,,,,,,,,,,,,OpenGovernmentData,,,,,,,,,,,,,,,,,,,,,,,,,,,,,,,,,,,,,,node,,,,,
23.0024291,False,3,"{""addr:district"":""Ahmedabad"",""addr:state"":""Gujarat""}",6970408459,72.5542313,0.0,1600364681,,,"35, 36 Bansidhar Society Near Anjali Cross Road, Chandanagar Road, Vasana",,,380007,,,,Sneh Orthopaedic Hospital,,,,,,,hospital,,,,,,,,,,,,,,,,,,,,,,,OpenGovernmentData,,,,,,,,,,,,,,,,,,,,,,,,,,,,,,,,,,,,,,node,,,,,
23.02741,False,4,"{""addr:district"":""Ahmedabad"",""addr:state"":""Gujarat""}",6970425348,72.5411409,0.0,1600366312,,,"C-1,2,3 Shivani Appt Opp Azad Society",,,380006,,,,Dr Sanjay Gandhi Hospital,,,,,,,hospital,,,,,,,,,,,,,,,,,,,,,,,OpenGovernmentData,,,,,,,,,,,,,,,,,,,,,,,,,,,,,,,,,,,,,,node,,,,,
23.0997283,False,3,"{""addr:district"":""Ahmedabad"",""addr:state"":""Gujarat""}",6970426107,72.5914751,0.0,1600365670,,,"3Road Floor, Urja Avenue, Near Deshawar Hotel, Sabarmati, Gandhinagar Highway",,,380005,,,,Om Pediatric and Neonatal Criticare Hospital,,,,,,,hospital,,,,,,,,,,,,,,,,,,,,,,,OpenGovernmentData,,,,,,,,,,,,,,,,,,,,,,,,,,,,,,,,,,,,,,node,,,,,
23.0605503,False,4,"{""addr:district"":""Panchmahal"",""addr:state"":""Gujarat"",""healthcare"":""hospital""}",6970427669,72.6644231,0.0,1686198616,,,"OppositeOld Bus Stand, Godhra Road, Santrampur",,,389260,,,,Priyal Hospital,,,,,,,hospital,,,,,,,,,,,,,,,,,,,,,,,OpenGovernmentData,,,,,,,,,,,,,,,,,,,,,,,,,,,,,,,,,,,,,,node,,,,,
23.0551196,False,3,"{""addr:district"":""Ahmedabad"",""addr:state"":""Gujarat""}",6970443663,72.5975604,0.0,1600365200,,,"Subh Complex , Near Rajasthan Hospital, Shahibaugh",,,380005,,,,"Anand Multi Speciality Hospital, Ahmedabad",,,,,,,hospital,,,,,,,,,,,,,,,,,,,,,,,OpenGovernmentData,,,,,,,,,,,,,,,,,,,,,,,,,,,,,,,,,,,,,,node,,,,,
23.0396088,False,3,"{""addr:district"":""Ahmedabad"",""addr:state"":""Gujarat""}",6970443687,72.5659485,0.0,1600364910,,,"Dhanlaxmi Complex, Jivraj Park, Vejalpur Road",,,380015,,,,Dr Rupesh Shah Killol Children Hospital,,,,,,,hospital,,,,,,,,,,,,,,,,,,,,,,,OpenGovernmentData,,,,,,,,,,,,,,,,,,,,,,,,,,,,,,,,,,,,,,node,,,,,
23.0494136,False,3,"{""addr:district"":""Ahmedabad"",""addr:state"":""Gujarat""}",6970446765,72.5906771,0.0,1600364892,,,"3, Madhavbaug Apts. & Shopping Centre, 2 Nd Floor, Opposite Police Comissioner's Office, Shashibaug",,,380004,,,,"Jeevandeep Hospital, Shashibaug",,,,,,,hospital,,,,,,,,,,,,,,,,,,,,,,,OpenGovernmentData,,,,,,,,,,,,,,,,,,,,,,,,,,,,,,,,,,,,,,node,,,,,
23.0034167,False,3,"{""addr:district"":""Ahmedabad"",""addr:state"":""Gujarat""}",6970460848,72.518633,0.0,1600366174,,,"24, Suvidha Centre Near Vejalpur Bus Stand Vejalpur",,,380051,,,,Naresh Hospital,,,,,,,hospital,,,,,,,,,,,,,,,,,,,,,,,OpenGovernmentData,,,,,,,,,,,,,,,,,,,,,,,,,,,,,,,,,,,,,,node,,,,,
23.0482276,False,4,"{""addr:district"":""Ahmedabad"",""addr:state"":""Gujarat"",""healthcare"":""hospital""}",6970462158,72.5333825,0.0,1716378776,,,"B- 4 Surya Complex Opp Navneet House, Gurukul Road, Memnagar",,,380052,,,,"Shraddha Surgical Hospital, Ahmedabad",,,,,,,hospital,,,,,,,,,,,,,,,,,,,,,,,OpenGovernmentData,,,,,,,,,,,,,,,,,,,,,,,,,,,,,,,,,,,,,,node,,,,,
23.0462013,False,5,"{""addr:district"":""Ahmedabad"",""addr:state"":""Gujarat"",""addr:subdistrict"":""Shahibaug"",""contact:mobile"":""9998991702"",""operator:type"":""private""}",6970462555,72.5887862,0.0,1600366019,,,"Pramukh Vatika, Shahibaug, BAPS Shri Swaminarayan Mandir",,,380004,,,info@swaminarayan.org,Baps Yogiji Maharaj Hospital,,,,,,https://www.baps.org/,hospital,,,,,,,,,,,,,,,,,,,,,,,OpenGovernmentData,,,,,,,,,,,,,,,,,,,,,,,,,,,,,,,,,,,,,,node,,,,,
23.0134377,False,4,"{""addr:district"":""Ahmedabad"",""addr:state"":""Gujarat"",""addr:subdistrict"":""Satellite"",""operator:type"":""private""}",6970462648,72.5265187,0.0,1600364829,,,"2 nd Floor, Twinkle Complex, Near Dhananjay Tower",,,380015,,,gynaecare2005@yahoo.co.in,Gynaecare Women's Hospital,,,,,,http://www.gynaecarehospital.com/,hospital,,,,,,,,,,,,,,,,,,,,,,,OpenGovernmentData,,,,,,,,,,,,,,,,,,,,,,,,,,,,,,,,,,,,,,node,,,,,
23.0521189,False,4,"{""addr:district"":""Ahmedabad"",""addr:state"":""Gujarat"",""addr:subdistrict"":""Ahmedabad"",""operator:type"":""private""}",6970466463,72.5608045,0.0,1721207596,,,"F.F and 2nd Floor, Shashwat Complex, Naranpura Croos Road",,,380013,,,rhythmhospital@yahoo.com,Rhythm Cardio Pulmonory Care Centre and Medical Hospital,,,,,,http://www.rhythmhospital.com/,hospital,,,,,,,,,,,,,,,,,,,,,,,OpenGovernmentData,,,,,,,,,,,,,,,,,,,,,,,,,,,,,,,,,,,,,,node,,,,,
22.9960097,False,3,"{""addr:district"":""Ahmedabad"",""addr:state"":""Gujarat""}",6970467886,72.6121724,0.0,1600364497,,,"3, Vinay Shopping Centre Maninagar",,,380008,,,,Aarti Surgical Nursing Home,,,,,,,hospital,,,,,,,,,,,,,,,,,,,,,,,OpenGovernmentData,,,,,,,,,,,,,,,,,,,,,,,,,,,,,,,,,,,,,,node,,,,,
23.0083964,False,3,"{""addr:district"":""Ahmedabad"",""addr:state"":""Gujarat""}",6970468038,72.561315,0.0,1600364968,,,"A-305, Swaminarayan Complex, Above Navjivan Restaurant,Mahalaxmi Five Roads,Near Ankur School,Paldi",,,380007,,,,Navkar Ear Nose Throat Hospital,,,,,,,hospital,,,,,,,,,,,,,,,,,,,,,,,OpenGovernmentData,,,,,,,,,,,,,,,,,,,,,,,,,,,,,,,,,,,,,,node,,,,,
23.0738176,False,4,"{""addr:district"":""Ahmedabad"",""addr:state"":""Gujarat"",""healthcare"":""hospital""}",6970512563,72.6595862,0.0,1686198616,,,"Near Jivanvadi, Near Pancham Mall, Nikol Gam Road,Nikol",,,382350,,,,Gitanjali Children Hospital,,,,,,,hospital,,,,,,,,,,,,,,,,,,,,,,,OpenGovernmentData,,,,,,,,,,,,,,,,,,,,,,,,,,,,,,,,,,,,,,node,,,,,
23.1089581,False,3,"{""addr:district"":""Gandhinagar"",""addr:state"":""Gujarat""}",6970516275,72.5930405,0.0,1600366443,,,"301,Shilp Annexe,Near Sakar School.Above Icicibank,New C.G Road.Chandkheda",,,382424,,,,Shilp E.N.T Clinic and Hospital,,,,,,,hospital,,,,,,,,,,,,,,,,,,,,,,,OpenGovernmentData,,,,,,,,,,,,,,,,,,,,,,,,,,,,,,,,,,,,,,node,,,,,
23.0294544,False,3,"{""addr:district"":""Ahmedabad"",""addr:state"":""Gujarat""}",6970516599,72.4747232,0.0,1600365014,,,"Siddhi-Ii Apartments B/S I.O.C, Petrol Pump,Near Bopal, Ambali Road",,,380058,,,,Shreeji Children Hospital,,,,,,,hospital,,,,,,,,,,,,,,,,,,,,,,,OpenGovernmentData,,,,,,,,,,,,,,,,,,,,,,,,,,,,,,,,,,,,,,node,,,,,
23.0730267,False,4,"{""addr:district"":""Ahmedabad"",""addr:state"":""Gujarat"",""healthcare"":""hospital""}",6970522371,72.6528769,0.0,1686198616,,,"2nd Floor, Sruhurd Complex,Opposite Narayanagar,Bus Stop, Naroda",,,382330,,,,Shivam Surgical Hospital,,,,,,,hospital,,,,,,,,,,,,,,,,,,,,,,,OpenGovernmentData,,,,,,,,,,,,,,,,,,,,,,,,,,,,,,,,,,,,,,node,,,,,
23.0172667,False,3,"{""addr:district"":""Ahmedabad"",""addr:state"":""Gujarat""}",6970525741,72.5577027,0.0,1600364688,,,"1st Floor, Abhigam Complex, Near Parimal Railway Crossing, Opposite Doctor House, Ambawadi",,,380006,,,,Parimal Multispeciality Hospital,,,,,,,hospital,,,,,,,,,,,,,,,,,,,,,,,OpenGovernmentData,,,,,,,,,,,,,,,,,,,,,,,,,,,,,,,,,,,,,,node,,,,,
23.1093376,False,3,"{""addr:district"":""Gandhinagar"",""addr:state"":""Gujarat""}",6970537843,72.588505,0.0,1600365372,,,"226-228, Sarjan-Ii, Opposite Samrudhi Complex, Near C.G. Road, Chandkheda",,,382424,,,,Netra Jyoti Eye and Ent Hospital,,,,,,,hospital,,,,,,,,,,,,,,,,,,,,,,,OpenGovernmentData,,,,,,,,,,,,,,,,,,,,,,,,,,,,,,,,,,,,,,node,,,,,
23.0376566,False,3,"{""addr:district"":""Ahmedabad"",""addr:state"":""Gujarat""}",6970541617,72.5647707,0.0,1600365576,,,"270/B/5, Near Amco Bank, Stadium Circle, Navrangpura",,,380009,,,,Shrey Hospital,,,,,,,hospital,,,,,,,,,,,,,,,,,,,,,,,OpenGovernmentData,,,,,,,,,,,,,,,,,,,,,,,,,,,,,,,,,,,,,,node,,,,,
23.0457442,False,3,"{""addr:district"":""Ahmedabad"",""addr:state"":""Gujarat""}",6970544615,72.5139306,0.0,1600364295,,,"G-K, Mondeal Business Park, Near Gurudwara, S.G.Highway",,,380054,,,,Apex Heart Institute,,,,,,,hospital,,,,,,,,,,,,,,,,,,,,,,,OpenGovernmentData,,,,,,,,,,,,,,,,,,,,,,,,,,,,,,,,,,,,,,node,,,,,
23.0085551,False,3,"{""addr:district"":""Ahmedabad"",""addr:state"":""Gujarat""}",6970544855,72.5625072,0.0,1600364545,,,"#202, Chiranjiv Complex,10-A, Uma Society, Near Mahalaxmi 5 Roads, Paldi",,,380007,,,,Het Eye Care,,,,,,,hospital,,,,,,,,,,,,,,,,,,,,,,,OpenGovernmentData,,,,,,,,,,,,,,,,,,,,,,,,,,,,,,,,,,,,,,node,,,,,
23.1078991,False,4,"{""addr:district"":""Ahmedabad"",""addr:state"":""Gujarat"",""healthcare"":""hospital""}",6970546258,72.5783663,0.0,1686058459,,,"24-Utkarsh-2 Bunglows, Behind Janta Nagar, Chandkheda",,,380001,,,,"Utkarsh Hospital, Ahmedabad",,,,,,,hospital,,,,,,,,,,,,,,,,,,,,,,,OpenGovernmentData,,,,,,,,,,,,,,,,,,,,,,,,,,,,,,,,,,,,,,node,,,,,
23.0334255,False,4,"{""addr:district"":""Ahmedabad"",""addr:state"":""Gujarat"",""healthcare"":""hospital""}",6970549388,72.6222763,0.0,1686198616,,,"Sbi Road , Nr Bhidbhanhan Hanuman Temple, Bapunagar",,,380024,,,,"Tilak Hospital (Multispeciality), Ahmedabad",,,,,,,hospital,,,,,,,,,,,,,,,,,,,,,,,OpenGovernmentData,,,,,,,,,,,,,,,,,,,,,,,,,,,,,,,,,,,,,,node,,,,,
23.0362408,False,4,"{""addr:district"":""Ahmedabad"",""addr:state"":""Gujarat"",""addr:subdistrict"":""Ahmedabad"",""healthcare"":""hospital"",""operator:type"":""private""}",6970554098,72.630339,0.0,1686198616,,,"Vallabhnagar Flats, 3/25, Bapunagar, Char Rasta, Bapunagar",,,380024,,,,"Sagar Orthopaedic Hospital, Bapunagar",,,,,,,hospital,,,,,,,,,,,,,,,,,,,,,,,OpenGovernmentData,,,,,,,,,,,,,,,,,,,,,,,,,,,,,,,,,,,,,,node,,,,,
23.0389968,False,4,"{""addr:district"":""Ahmedabad"",""addr:state"":""Gujarat"",""healthcare"":""hospital""}",6970555031,72.6365779,0.0,1686198616,,,"F/26, Surjit Society, Near Mangltirth Hospital, Bapunagar",,,380001,,,,Kalrav Nenotal And Children Hospital,,,,,,,hospital,,,,,,,,,,,,,,,,,,,,,,,OpenGovernmentData,,,,,,,,,,,,,,,,,,,,,,,,,,,,,,,,,,,,,,node,,,,,
23.0843348,False,3,"{""addr:district"":""Ahmedabad"",""addr:state"":""Gujarat"",""addr:subdistrict"":""Sabarmati"",""operator:type"":""private""}",6970569366,72.5919754,0.0,1600364990,,,"Near Sabarmati Police Station Highway, Ramnagar, Sabarmati",,,380005,,,panchshilhospital@yahoo.com;alpanamaha@gmail.com,Panchshil Hospital,,,,,,http://www.panchshilhospital.com/,hospital,,,,,,,,,,,,,,,,,,,,,,,OpenGovernmentData,,,,,,,,,,,,,,,,,,,,,,,,,,,,,,,,,,,,,,node,,,,,
23.0453225,False,5,"{""addr:district"":""Ahmedabad"",""addr:state"":""Gujarat""}",6970584034,72.5623058,0.0,1731468643,,,"3Road Flr Royal House,Near Golden Triangal. Stadium Road, Navrangpura",,,380009,,,,Welcare Women's Hospital,,,,,,,hospital,,,,,,,,,,,,,,,,,,,,,,,OpenGovernmentData,,,,,,,,,,,,,,,,,,,,,,,,,,,,,,,,,,,,,,node,,,,,
23.0411016,False,4,"{""addr:district"":""Ahmedabad"",""addr:state"":""Gujarat"",""contact:phone"":""26461475"",""healthcare"":""hospital""}",6970590541,72.5474321,0.0,1716378776,,,"15,Amar Society,, Opp University Hostel Near University Library, Navrangpura",,,380009,,,,Arpan Newborncare Centre,,,,,,,hospital,,,,,,,,,,,,,,,,,,,,,,,OpenGovernmentData,,,,,,,,,,,,,,,,,,,,,,,,,,,,,,,,,,,,,,node,,,,,
23.0023106,False,3,"{""addr:district"":""Ahmedabad"",""addr:state"":""Gujarat""}",6970597384,72.554928,0.0,1600365666,,,"19, Dungarshinagar, Near Anjali Cross Road, Bhaththa-Vasna",,,380007,,,,Sheth Hospital and Maternity Home,,,,,,,hospital,,,,,,,,,,,,,,,,,,,,,,,OpenGovernmentData,,,,,,,,,,,,,,,,,,,,,,,,,,,,,,,,,,,,,,node,,,,,
23.0217991,False,3,"{""addr:district"":""Ahmedabad"",""addr:state"":""Gujarat""}",6970637983,72.645708,0.0,1600366551,,,"S-2, Rudhraksh Complex, Odhav Road, Odhav, Ahmedabad",,,382415,,,,Shubham Ent Hospital,,,,,,,hospital,,,,,,,,,,,,,,,,,,,,,,,OpenGovernmentData,,,,,,,,,,,,,,,,,,,,,,,,,,,,,,,,,,,,,,node,,,,,
23.0348264,False,4,"{""addr:district"":""Ahmedabad"",""addr:state"":""Gujarat"",""healthcare"":""hospital""}",6970657650,72.6252736,0.0,1686198616,,,"1st Floor, Revabhai Shopping Centre Vastral Road",,,380026,,,,Vasundhara Medical Hospital,,,,,,,hospital,,,,,,,,,,,,,,,,,,,,,,,OpenGovernmentData,,,,,,,,,,,,,,,,,,,,,,,,,,,,,,,,,,,,,,node,,,,,
23.0057708,False,3,"{""addr:district"":""Ahmedabad"",""addr:state"":""Gujarat""}",6970675546,72.5330586,0.0,1600365261,,,"Surganga Complex, 132 Ft. Ring Road",,,380051,,,,Shridhaj Orthopaedic Hospital,,,,,,,hospital,,,,,,,,,,,,,,,,,,,,,,,OpenGovernmentData,,,,,,,,,,,,,,,,,,,,,,,,,,,,,,,,,,,,,,node,,,,,
23.026235,False,3,"{""addr:district"":""Ahmedabad"",""addr:state"":""Gujarat""}",6970683370,72.5252219,0.0,1600365812,,,"F-3, Shilp Arcade, Near Jodhpur Char Rasta, OppositeRatnamani Tower, OppositeRatnamani Tower",,,380052,,,,Clear Vision Eye Hospital (Unit 2),,,,,,,hospital,,,,,,,,,,,,,,,,,,,,,,,OpenGovernmentData,,,,,,,,,,,,,,,,,,,,,,,,,,,,,,,,,,,,,,node,,,,,
23.0664632,False,3,"{""addr:district"":""Ahmedabad"",""addr:state"":""Gujarat""}",6970688331,72.5628076,0.0,1600364296,,,"C - 301, 302, 303, Sweni Complex, Opp- Ronak Park Society, Nr- Akhbarnagar Circle, Nava Vadaj",,,380013,,,,"Jatan Children Hospital, Ahmedabad",,,,,,,hospital,,,,,,,,,,,,,,,,,,,,,,,OpenGovernmentData,,,,,,,,,,,,,,,,,,,,,,,,,,,,,,,,,,,,,,node,,,,,
23.0604581,False,3,"{""addr:district"":""Ahmedabad"",""addr:state"":""Gujarat""}",6970711353,72.566667,0.0,1600364924,,,"3Road & 4Th Floor, Lifeline Complex ,12 Virnagar Society Bhimjipura Kiranpark Road Nava Vadaj",,,380013,,,,Pulse Iccu and Hospital,,,,,,,hospital,,,,,,,,,,,,,,,,,,,,,,,OpenGovernmentData,,,,,,,,,,,,,,,,,,,,,,,,,,,,,,,,,,,,,,node,,,,,
23.0461853,False,4,"{""addr:district"":""Ahmedabad"",""addr:state"":""Gujarat""}",6970724547,72.5326094,0.0,1724248961,,,"# 25, 1st Floor, Maruti Centre, Near Gurukul, Drive-In-Road",,,380052,,,,"Shree Raj Hospital, Ahmedabad",,,,,,,hospital,,,,,,,,,,,,,,,,,,,,,,,OpenGovernmentData,,,,,,,,,,,,,,,,,,,,,,,,,,,,,,,,,,,,,,node,,,,,
23.0042154,False,3,"{""addr:district"":""Ahmedabad"",""addr:state"":""Gujarat""}",6970724571,72.5557615,0.0,1600365457,,,"45, Pankaj Society, Bhattha, Paldi",,,380007,,,,Lekhadia Hospital,,,,,,,hospital,,,,,,,,,,,,,,,,,,,,,,,OpenGovernmentData,,,,,,,,,,,,,,,,,,,,,,,,,,,,,,,,,,,,,,node,,,,,
23.0123687,False,3,"{""addr:district"":""Ahmedabad"",""addr:state"":""Gujarat""}",6970724581,72.6450308,0.0,1600365747,,,"Arbudanagar Road, Via Rajendra Park Road, Odhav",,,382415,,,,Odhav Orthopaedic Hospital,,,,,,,hospital,,,,,,,,,,,,,,,,,,,,,,,OpenGovernmentData,,,,,,,,,,,,,,,,,,,,,,,,,,,,,,,,,,,,,,node,,,,,
23.0686632,False,3,"{""addr:district"":""Ahmedabad"",""addr:state"":""Gujarat""}",6970724583,72.5667344,0.0,1600365096,,,"3-4, Nildhara, Opp Vyas Wadi Nava Wadaj",,,380013,,,,Ami-Sagar Hospital,,,,,,,hospital,,,,,,,,,,,,,,,,,,,,,,,OpenGovernmentData,,,,,,,,,,,,,,,,,,,,,,,,,,,,,,,,,,,,,,node,,,,,
23.0074188,False,3,"{""addr:district"":""Ahmedabad"",""addr:state"":""Gujarat""}",6970732298,72.5589721,0.0,1600365633,,,"203, Murlidhar Complex, Near Fatehpura Bus-Stop, Paldi",,,380007,,,,Amijyot Eye Hospital,,,,,,,hospital,,,,,,,,,,,,,,,,,,,,,,,OpenGovernmentData,,,,,,,,,,,,,,,,,,,,,,,,,,,,,,,,,,,,,,node,,,,,
23.0826952,False,3,"{""addr:district"":""Ahmedabad"",""addr:state"":""Gujarat""}",6970732333,72.5887057,0.0,1600364779,,,"Neminath Apts., 1T Floor,Behind Jain Derasar, Ramnagar, Sabarmati",,,380005,,,,Khara Fracture and Orthopaedic Hospital,,,,,,,hospital,,,,,,,,,,,,,,,,,,,,,,,OpenGovernmentData,,,,,,,,,,,,,,,,,,,,,,,,,,,,,,,,,,,,,,node,,,,,
23.0285678,False,3,"{""addr:district"":""Ahmedabad"",""addr:state"":""Gujarat""}",6970732343,72.5714216,0.0,1600365472,,,"1, Nutan Servoday Society, B/H Kochrab Ashram, Ellisbridge",,,380006,,,,Dr. Dilip Modi Hospital,,,,,,,hospital,,,,,,,,,,,,,,,,,,,,,,,OpenGovernmentData,,,,,,,,,,,,,,,,,,,,,,,,,,,,,,,,,,,,,,node,,,,,
23.0082903,False,3,"{""addr:district"":""Ahmedabad"",""addr:state"":""Gujarat""}",6970767778,72.5595085,0.0,1600364685,,,"204, Haash Business Centre, Fatehpura, Paldi",,,380006,,,,Ratnam Eye Hospital,,,,,,,hospital,,,,,,,,,,,,,,,,,,,,,,,OpenGovernmentData,,,,,,,,,,,,,,,,,,,,,,,,,,,,,,,,,,,,,,node,,,,,
23.0536919,False,3,"{""addr:district"":""Ahmedabad"",""addr:state"":""Gujarat"",""addr:subdistrict"":""Krishna Nagar"",""operator:type"":""private""}",6970793021,72.6427073,0.0,1600365412,,,"Shree Krishna Tower, Near Priya Cinema N.H.No.8",,,382346,,,,Navjivan Orthopaedic and Maternity Hospital,,,,,,,hospital,,,,,,,,,,,,,,,,,,,,,,,OpenGovernmentData,,,,,,,,,,,,,,,,,,,,,,,,,,,,,,,,,,,,,,node,,,,,
22.9950715,False,3,"{""addr:district"":""Ahmedabad"",""addr:state"":""Gujarat""}",6970805021,72.6075442,0.0,1600366492,,,"2nd Floor, Vidita Avenue, Near Jayhind Char Rasta, Maninagar",,,380008,,,,"Akshar Surgical Hospital, Maninagar",,,,,,,hospital,,,,,,,,,,,,,,,,,,,,,,,OpenGovernmentData,,,,,,,,,,,,,,,,,,,,,,,,,,,,,,,,,,,,,,node,,,,,
22.9957344,False,3,"{""addr:district"":""Ahmedabad"",""addr:state"":""Gujarat"",""contact:phone"":""7925470266""}",6970824544,72.6082537,0.0,1600366278,,,"2nd Floor, Dev Darshan Complex, Jaihind Char Rasta, Maninagar",,,380008,,,,Synergy Neonatal and Pediatric Centre,,,,,,,hospital,,,,,,,,,,,,,,,,,,,,,,,OpenGovernmentData,,,,,,,,,,,,,,,,,,,,,,,,,,,,,,,,,,,,,,node,,,,,
23.0549888,False,4,"{""addr:district"":""Ahmedabad"",""addr:state"":""Gujarat"",""healthcare"":""hospital""}",6970826977,72.630925,0.0,1686198616,,,"# 5, Janta Chambers, Near Saijpur Tower, Naroda Road",,,382345,,,,Anand Surgical Hospital Ltd.,,,,,,,hospital,,,,,,,,,,,,,,,,,,,,,,,OpenGovernmentData,,,,,,,,,,,,,,,,,,,,,,,,,,,,,,,,,,,,,,node,,,,,
23.0309628,False,3,"{""addr:district"":""Ahmedabad"",""addr:state"":""Gujarat""}",6970854205,72.561022,0.0,1600365554,,,"OppositeSardar Patel Seva Samaj Hall , In Lane Opp Navrang Pura",,,380001,,,,Navneet Memorial Hospital,,,,,,,hospital,,,,,,,,,,,,,,,,,,,,,,,OpenGovernmentData,,,,,,,,,,,,,,,,,,,,,,,,,,,,,,,,,,,,,,node,,,,,
23.0475378,False,3,"{""addr:district"":""Ahmedabad"",""addr:state"":""Gujarat""}",6970872877,72.5265107,0.0,1600364872,,,"Yogi Complex, Opposite Drive-In-Cinema,Thaltej Tekra",,,380052,,,,Chandandwar Hospital,,,,,,,hospital,,,,,,,,,,,,,,,,,,,,,,,OpenGovernmentData,,,,,,,,,,,,,,,,,,,,,,,,,,,,,,,,,,,,,,node,,,,,
22.988069,False,3,"{""addr:district"":""Ahmedabad"",""addr:state"":""Gujarat""}",6970893337,72.6053086,0.0,1600366255,,,"8/1, Jayant Park Soc., Near Suman Sajni Hall Pruvinagar, Kans Road, Ghodasar",,,380050,,,,Jhanvi Fracture and Orthopaedic Hospital,,,,,,,hospital,,,,,,,,,,,,,,,,,,,,,,,OpenGovernmentData,,,,,,,,,,,,,,,,,,,,,,,,,,,,,,,,,,,,,,node,,,,,
23.0488268,False,3,"{""addr:district"":""Ahmedabad"",""addr:state"":""Gujarat"",""addr:subdistrict"":""Shahibaug"",""operator:type"":""private""}",6970923829,72.5948212,0.0,1600365819,,,"Narmadashanker Road, Near Post Office Shahibuag, Giridhar Nagar",,,380004,,,,Chandramani Hospital,,,,,,,hospital,,,,,,,,,,,,,,,,,,,,,,,OpenGovernmentData,,,,,,,,,,,,,,,,,,,,,,,,,,,,,,,,,,,,,,node,,,,,
23.0366258,False,3,"{""addr:district"":""Ahmedabad"",""addr:state"":""Gujarat"",""contact:phone"":""26580064""}",6970930475,72.5699088,0.0,1600365570,,,"25, Suhasnagar Society, B/H. Swastik Super Market, Near Dinesh Hall, Ashram Road",,,380009,,,,Chaturbhai Mavawala Kidney Hospital and Laparoscopic,,,,,,,hospital,,,,,,,,,,,,,,,,,,,,,,,OpenGovernmentData,,,,,,,,,,,,,,,,,,,,,,,,,,,,,,,,,,,,,,node,,,,,
22.9995355,False,3,"{""addr:district"":""Ahmedabad"",""addr:state"":""Gujarat""}",6970969227,72.6079452,0.0,1600364505,,,"Vibhav Complex, Opposite Canana Bank, L. G. Corner, Maninagar",,,380008,,,,Abhishek Hospital and Heart Centre,,,,,,,hospital,,,,,,,,,,,,,,,,,,,,,,,OpenGovernmentData,,,,,,,,,,,,,,,,,,,,,,,,,,,,,,,,,,,,,,node,,,,,
23.061092,False,3,"{""addr:district"":""Ahmedabad"",""addr:state"":""Gujarat"",""operator:type"":""private""}",6970981040,72.535484,0.0,1600364887,,,"3rd Floor, Narottam Complex, Sola Road , Visharam Nagar, Memnagar",,,380061,,,dr.atul@rediffmail.com,Dr.Atul Shah Eye Hospital,,,,,,http://www.dratulshah.com/,hospital,,,,,,,,,,,,,,,,,,,,,,,OpenGovernmentData,,,,,,,,,,,,,,,,,,,,,,,,,,,,,,,,,,,,,,node,,,,,
23.0165285,False,3,"{""addr:district"":""Ahmedabad"",""addr:state"":""Gujarat""}",6970983906,72.5663348,0.0,1600365246,,,"312, Span Trade Center, Paldi",,,380006,,,,Gandhi Uro Care,,,,,,,hospital,,,,,,,,,,,,,,,,,,,,,,,OpenGovernmentData,,,,,,,,,,,,,,,,,,,,,,,,,,,,,,,,,,,,,,node,,,,,
23.0222866,False,4,"{""addr:district"":""Ahmedabad"",""addr:state"":""Gujarat"",""healthcare"":""hospital""}",6970994343,72.5941667,0.0,1623945576,,,"1782, Desai Ni Pole, Khadia",,,380001,,,,Dhwani Children Hospital,,,,,,,hospital,,,,,,,,,,,,,,,,,,,,,,,OpenGovernmentData,,,,,,,,,,,,,,,,,,,,,,,,,,,,,,,,,,,,,,node,,,,,
23.059151,False,5,"{""addr:district"":""Ahmedabad"",""addr:state"":""Gujarat"",""contact:mobile"":""9825840159"",""healthcare"":""hospital""}",6971005459,72.5507015,0.0,1716378776,,,"Samarpan Tower, Near Ankur Cross Road, 132 Ft Ring Road, Naranpura",,,380052,,,,Umiya Surgical Hospital,,,,,,,hospital,,,,,,,,,,,,,,,,,,,,,,,OpenGovernmentData,,,,,,,,,,,,,,,,,,,,,,,,,,,,,,,,,,,,,,node,,,,,
23.0183023,False,3,"{""addr:district"":""Ahmedabad"",""addr:state"":""Gujarat""}",6971013949,72.5626011,0.0,1600366133,,,"23, Jain Society, Ellisbridge",,,380006,,,,Sannidhya Hospital,,,,,,,hospital,,,,,,,,,,,,,,,,,,,,,,,OpenGovernmentData,,,,,,,,,,,,,,,,,,,,,,,,,,,,,,,,,,,,,,node,,,,,
23.0013354,False,3,"{""addr:district"":""Ahmedabad"",""addr:state"":""Gujarat""}",6971034528,72.5905041,0.0,1600365645,,,"Madhuvan Society,Opposite Bhaktavallabh Dhola School, Shahalam Tolnaka, Kankaria Road",,,380028,,,,"Jankalyan Hospital, Ahmedabad",,,,,,,hospital,,,,,,,,,,,,,,,,,,,,,,,OpenGovernmentData,,,,,,,,,,,,,,,,,,,,,,,,,,,,,,,,,,,,,,node,,,,,
23.0456264,False,6,"{""addr:district"":""Ahmedabad"",""addr:state"":""Gujarat"",""healthcare"":""hospital""}",6971034574,72.5420791,0.0,1722251978,,,"502, Rudra Arcade B, Helmat Circle, Memnagar",,,380052,,,,Livewell Pain & Spine Hospital,,,,,,https://livewellhospital.com/,hospital,,,,,,,,,,,,,,,,,,,,,,,OpenGovernmentData,,,,,,,,,,,,,,,,,,,,,,,,,,,,,,,,,,,,,,node,,,,,
23.020171,False,4,"{""addr:district"":""Ahmedabad"",""addr:state"":""Gujarat"",""healthcare"":""hospital""}",6971932491,72.5189468,0.0,1637736330,,,"Kala -Tirth, Near Prenatirth Derasar,Jodhpur,Satellite",,,380015,,,,Tulip Women's Hospital,,,,,,,hospital,,,,,,,,,,,,,,,,,,,,,,,OpenGovernmentData,,,,,,,,,,,,,,,,,,,,,,,,,,,,,,,,,,,,,,node,,,,,
22.9997731,False,3,"{""addr:district"":""Ahmedabad"",""addr:state"":""Gujarat""}",6971932493,72.6090623,0.0,1600366375,,,"Punit Marg, Near Overbridge, Maninagar",,,380008,,,,"Parimal Hospital, Ahmedabad",,,,,,,hospital,,,,,,,,,,,,,,,,,,,,,,,OpenGovernmentData,,,,,,,,,,,,,,,,,,,,,,,,,,,,,,,,,,,,,,node,,,,,
23.0221879,False,5,"{""addr:district"":""Ahmedabad"",""addr:state"":""Gujarat""}",6971932502,72.5385243,0.0,1731468648,,,"1st Floor, Ocean Park, Satellite Road, Nehru Nagar",,,380015,,,,Jyoti Maternity Hospital,,,,,,,hospital,,,,,,,,,,,,,,,,,,,,,,,OpenGovernmentData,,,,,,,,,,,,,,,,,,,,,,,,,,,,,,,,,,,,,,node,,,,,
23.0328801,False,5,"{""addr:district"":""Ahmedabad"",""addr:state"":""Gujarat"",""healthcare:speciality"":""Eye Care"",""operator:type"":""private""}",6971932520,72.5554597,0.0,1600365107,,,"101, White Cross, 15, Patel Society, Gulbai Tekra",,,380009,,,amdavad@newvisionindia.com,"Centre For Sight, Ahmedabad",,,,,,https://www.centreforsight.net/,hospital,,,,,,,,,,,,,,,,,,,,,,,OpenGovernmentData,,,,,,,,,,,,,,,,,,,,,,,,,,,,,,,,,,,,,,node,,,,,
23.0121836,False,3,"{""addr:district"":""Ahmedabad"",""addr:state"":""Gujarat""}",6971932525,72.5589976,0.0,1600365649,,,"# 7, Samasta Brahma Kshtriya Society, Shantivan Char Rasta , Paldi",,,380007,,,,Jyoti Eye Hospital- Phaco Laser Centre,,,,,,,hospital,,,,,,,,,,,,,,,,,,,,,,,OpenGovernmentData,,,,,,,,,,,,,,,,,,,,,,,,,,,,,,,,,,,,,,node,,,,,
23.0012243,False,5,"{""addr:district"":""Ahmedabad"",""addr:state"":""Gujarat""}",6971932530,72.5601871,0.0,1600364344,,,4 Samasta Society Narayannagar Road Near Shantivan Bus Stand Paldi,,,380007,,,,Dr Ajay Praful Munshi Surgical Nursing Home,,,,,,,hospital,,,,,,,,,,,,,,,,,,,,,,,OpenGovernmentData,,,,,,,,,,,,,,,,,,,,,,,,,,,,,,,,,,,,,,node,,,,,
23.000933,False,3,"{""addr:district"":""Ahmedabad"",""addr:state"":""Gujarat""}",6971932535,72.595249,0.0,1600366109,,,"Gordhanwadi Tekra, Kankaria",,,380028,,,,Ratan Hospital,,,,,,,hospital,,,,,,,,,,,,,,,,,,,,,,,OpenGovernmentData,,,,,,,,,,,,,,,,,,,,,,,,,,,,,,,,,,,,,,node,,,,,
23.0562136,False,4,"{""addr:district"":""Ahmedabad"",""addr:state"":""Gujarat"",""healthcare"":""hospital""}",6971932536,72.6207709,0.0,1686198616,,,"33, Prankunj Society, Kankaria",,,380028,,,,"Pooja Hospital, Ahmedabad",,,,,,,hospital,,,,,,,,,,,,,,,,,,,,,,,OpenGovernmentData,,,,,,,,,,,,,,,,,,,,,,,,,,,,,,,,,,,,,,node,,,,,
22.9830966,False,3,"{""addr:district"":""Ahmedabad"",""addr:state"":""Gujarat""}",6971932541,72.6028711,0.0,1600364484,,,"Ashopalavnagar, Nr Kalpur Co. Bank, Opp Anandwadi Bus Stop, Maninagar-Isanpur Road",,,380050,,,,Shilp Orthopaedics And Trauma Centre,,,,,,,hospital,,,,,,,,,,,,,,,,,,,,,,,OpenGovernmentData,,,,,,,,,,,,,,,,,,,,,,,,,,,,,,,,,,,,,,node,,,,,
22.9990899,False,3,"{""addr:district"":""Ahmedabad"",""addr:state"":""Gujarat"",""contact:mobile"":""9825255636""}",6971932551,72.6009165,0.0,1600364545,,,"1,2 Nikunj Society,Sardar Patel Hospital Lane Rambaug Maninagar",,,380028,,,,Sardar Hosital,,,,,,,hospital,,,,,,,,,,,,,,,,,,,,,,,OpenGovernmentData,,,,,,,,,,,,,,,,,,,,,,,,,,,,,,,,,,,,,,node,,,,,
23.0001972,False,3,"{""addr:district"":""Ahmedabad"",""addr:state"":""Gujarat"",""addr:subdistrict"":""Ahmedabad"",""operator:type"":""private""}",6971932552,72.6048513,0.0,1600364371,,,"Above Tapan Medical Store, Opp L G Hospital, Maninagar",,,380008,,,,Clear Vision Eye Hospital (Unit 3),,,,,,,hospital,,,,,,,,,,,,,,,,,,,,,,,OpenGovernmentData,,,,,,,,,,,,,,,,,,,,,,,,,,,,,,,,,,,,,,node,,,,,
22.9961937,False,3,"{""addr:district"":""Ahmedabad"",""addr:state"":""Gujarat""}",6971932554,72.6038629,0.0,1600365121,,,"Sakar Complex, First Floor, Maninagar",,,380008,,,,Kothari Onco Surgical Hospital,,,,,,,hospital,,,,,,,,,,,,,,,,,,,,,,,OpenGovernmentData,,,,,,,,,,,,,,,,,,,,,,,,,,,,,,,,,,,,,,node,,,,,
22.9914752,False,3,"{""addr:district"":""Ahmedabad"",""addr:state"":""Gujarat""}",6971932555,72.611707,0.0,1600365590,,,2 Kumar Flats Nr Indian Society Maninagar,,,380008,,,,Nilkanth Hospital,,,,,,,hospital,,,,,,,,,,,,,,,,,,,,,,,OpenGovernmentData,,,,,,,,,,,,,,,,,,,,,,,,,,,,,,,,,,,,,,node,,,,,
22.9906258,False,4,"{""addr:district"":""Ahmedabad"",""addr:state"":""Gujarat"",""operator:type"":""private""}",6971932576,72.6125311,0.0,1600365273,,,"4, Ratna Bhuvan, Daxini Society, Maninagar Railway Crossing",,,380008,,,,Ansuya General Hospital,,,,,,,hospital,,,,,,,,,,,,,,,,,,,,,,,OpenGovernmentData,,,,,,,,,,,,,,,,,,,,,,,,,,,,,,,,,,,,,,node,,,,,
22.9979479,False,3,"{""addr:district"":""Ahmedabad"",""addr:state"":""Gujarat""}",6971932581,72.6109077,0.0,1600365425,,,"No. 403/4, Aishwarya Complex,2- Prakash Nagar Society,Opposite Shell Petrol Pump,Jawahar Chowk Maninagar",,,380008,,,,"Aastha Hospital, Ahmedabad",,,,,,,hospital,,,,,,,,,,,,,,,,,,,,,,,OpenGovernmentData,,,,,,,,,,,,,,,,,,,,,,,,,,,,,,,,,,,,,,node,,,,,
22.9957122,False,3,"{""addr:district"":""Ahmedabad"",""addr:state"":""Gujarat""}",6971973786,72.6118974,0.0,1600366406,,,"Vinya Arcade, Nr, Jain Derasar, Maninagar",,,380008,,,,Ahmedabad Medical Centre,,,,,,,hospital,,,,,,,,,,,,,,,,,,,,,,,OpenGovernmentData,,,,,,,,,,,,,,,,,,,,,,,,,,,,,,,,,,,,,,node,,,,,
22.9968677,False,3,"{""addr:district"":""Ahmedabad"",""addr:state"":""Gujarat"",""contact:phone"":""7925462847""}",6971973794,72.6037475,0.0,1600365545,,,"2, Mohil Apartment Opp: Jalaram Plaza, Jawahar Chowk Maninagar",,,380008,,,,Dr Sunil Shah's Eye Hospital,,,,,,,hospital,,,,,,,,,,,,,,,,,,,,,,,OpenGovernmentData,,,,,,,,,,,,,,,,,,,,,,,,,,,,,,,,,,,,,,node,,,,,
22.9947147,False,3,"{""addr:district"":""Ahmedabad"",""addr:state"":""Gujarat""}",6971973795,72.6119833,0.0,1600365157,,,"5, Raman Nagar, Opp Swaminarayan Wadi , Maninagar",,,380008,,,,"Kamal Hospital, Ahmedabad",,,,,,,hospital,,,,,,,,,,,,,,,,,,,,,,,OpenGovernmentData,,,,,,,,,,,,,,,,,,,,,,,,,,,,,,,,,,,,,,node,,,,,
22.9956326,False,3,"{""addr:district"":""Ahmedabad"",""addr:state"":""Gujarat"",""contact:phone"":""25464418""}",6971973800,72.6039098,0.0,1600365304,,,"Wapna Complex Jawahar Chowk, Maninagar",,,380008,,,,Manoramya Children Hospital and Neonatal Centre,,,,,,,hospital,,,,,,,,,,,,,,,,,,,,,,,OpenGovernmentData,,,,,,,,,,,,,,,,,,,,,,,,,,,,,,,,,,,,,,node,,,,,
22.9922814,False,3,"{""addr:district"":""Ahmedabad"",""addr:state"":""Gujarat""}",6971973801,72.6059188,0.0,1600364763,,,"E/ Lincon Apt, Opposite Kamala Nehru Garden ,Near Jayhind School , Opposite Uttamnagar Water Tank ,Maninagar",,,380008,,,,Lavingia Orthopedic Hospital,,,,,,,hospital,,,,,,,,,,,,,,,,,,,,,,,OpenGovernmentData,,,,,,,,,,,,,,,,,,,,,,,,,,,,,,,,,,,,,,node,,,,,
23.061941,False,3,"{""addr:district"":""Ahmedabad"",""addr:state"":""Gujarat""}",6972590201,72.5518066,0.0,1600365349,,,"54,Shraddhadip Complex, ,Ankur Road, Shastrinagar,Naranpura",,,380009,,,,"Nidhi Eye Hospital, Ahmedabad",,,,,,,hospital,,,,,,,,,,,,,,,,,,,,,,,OpenGovernmentData,,,,,,,,,,,,,,,,,,,,,,,,,,,,,,,,,,,,,,node,,,,,
23.0437233,False,4,"{""addr:district"":""Ahmedabad"",""addr:state"":""Gujarat"",""healthcare"":""hospital""}",6972590220,72.5501624,0.0,1716378776,,,Opp Memnagar Fire Station Vijay Char Rasta Navrangpura,,,380009,,,,"Panchal Urology Centre, Ahmedabad",,,,,,,hospital,,,,,,,,,,,,,,,,,,,,,,,OpenGovernmentData,,,,,,,,,,,,,,,,,,,,,,,,,,,,,,,,,,,,,,node,,,,,
23.0381253,False,3,"{""addr:district"":""Ahmedabad"",""addr:state"":""Gujarat""}",6972590229,72.5591853,0.0,1600364732,,,"Third Floor, Shashwat Complex, Naranpura Char Rasta",,,380013,,,,Hari Urosurgical Hospital and Andrology Centre,,,,,,,hospital,,,,,,,,,,,,,,,,,,,,,,,OpenGovernmentData,,,,,,,,,,,,,,,,,,,,,,,,,,,,,,,,,,,,,,node,,,,,
23.0522086,False,4,"{""addr:district"":""Ahmedabad"",""addr:state"":""Gujarat"",""contact:mobile"":""9898495506""}",6972590230,72.5598143,0.0,1721207596,,,"3 Floor, Man Sarovar Complex, Opposite Uco Bank ,Naranpura Char Rasta",,,380015,,,,Usha - Deep Hospital and Nursing Home,,,,,,,hospital,,,,,,,,,,,,,,,,,,,,,,,OpenGovernmentData,,,,,,,,,,,,,,,,,,,,,,,,,,,,,,,,,,,,,,node,,,,,
23.0086507,False,3,"{""addr:district"":""Ahmedabad"",""addr:state"":""Gujarat""}",6972590235,72.5485202,0.0,1600365782,,,"No 1 & 3 First Floor, Jaydeep Tower, Near Shreyas Crossing, Vasna Karnavati",,,380007,,,,Bhavasar Eye Hospital and Maternity Nursing Home,,,,,,,hospital,,,,,,,,,,,,,,,,,,,,,,,OpenGovernmentData,,,,,,,,,,,,,,,,,,,,,,,,,,,,,,,,,,,,,,node,,,,,
23.0559588,False,3,"{""addr:district"":""Ahmedabad"",""addr:state"":""Gujarat""}",6972590251,72.5397232,0.0,1600365448,,,"44/517, Chitrakut Appt.,Opposite Ioc Petrol Pump, Sola Road, Naranpura",,,380013,,,,Devi Hospital,,,,,,,hospital,,,,,,,,,,,,,,,,,,,,,,,OpenGovernmentData,,,,,,,,,,,,,,,,,,,,,,,,,,,,,,,,,,,,,,node,,,,,
23.0469757,False,5,"{""addr:district"":""Ahmedabad"",""addr:state"":""Gujarat"",""healthcare"":""hospital""}",6972590253,72.5436849,0.0,1721215467,,,"132-Ft, Ring Road, Nr Helmet Circle, Memnagar",,,380052,,,,Kaizen Hospital,,,,,,,hospital,,,,,,,,,,,,,,,,,,,,,,,OpenGovernmentData,,,,,,,,,,,,,,,,,,,,,,,,,,,,,,,,,,,,,,node,,,,,
23.0462186,False,4,"{""addr:district"":""Ahmedabad"",""addr:state"":""Gujarat"",""mobile"":""+919426398190""}",6972590270,72.5338653,0.0,1637739414,,,"102, Heritage Plaza, Opposite Gurukul, Drive - In - Road, Memnagar",,,380052,,,,Milan Orthopaedic and Fracture Hospital,"Mo-Su 10:30-14:00, 18:00-20:00",,07927460049,,,,hospital,,,,,,,,,,,,,,,,,,,,,,,OpenGovernmentData,,,,,,,,,,,,,,,,,,,,,,,,,,,,,,,,,,,,,,node,,,,,
23.0544607,False,3,"{""addr:district"":""Ahmedabad"",""addr:state"":""Gujarat""}",6972590271,72.53364,0.0,1600366645,,,"E-10, Tarunnagar Part-1, Subhash Chowk, Gurukul Road, Drive- In Road",,,380052,,,,Aroma Womens Hospital,,,,,,,hospital,,,,,,,,,,,,,,,,,,,,,,,OpenGovernmentData,,,,,,,,,,,,,,,,,,,,,,,,,,,,,,,,,,,,,,node,,,,,
23.0470491,False,4,"{""addr:district"":""Ahmedabad"",""addr:state"":""Gujarat"",""healthcare"":""hospital""}",6972590272,72.533298,0.0,1716378776,,,"1st Floor, Oxford Tower, Gurukul Road, Memnagar",,,380052,,,,"Jain Hospital And Icu, Ahmedabad",,,,,,,hospital,,,,,,,,,,,,,,,,,,,,,,,OpenGovernmentData,,,,,,,,,,,,,,,,,,,,,,,,,,,,,,,,,,,,,,node,,,,,
23.0583588,False,3,"{""addr:district"":""Ahmedabad"",""addr:state"":""Gujarat""}",6972590273,72.533251,0.0,1600364843,,,"D-1 Block, Shantiniketan Appt. , Opp H. B. Kapadia School , Gurukul Road, Memnagar",,,380052,,,,Shreekrishna Hospital and Health Care Centre,,,,,,,hospital,,,,,,,,,,,,,,,,,,,,,,,OpenGovernmentData,,,,,,,,,,,,,,,,,,,,,,,,,,,,,,,,,,,,,,node,,,,,
23.0497418,False,4,"{""addr:district"":""Ahmedabad"",""addr:state"":""Gujarat""}",6972590275,72.531753,0.0,1600365248,,,"4,L K Society, B/H Sunset Row House, Next To Sterling Hospital, Gurukul Road, Memnagar",,,380052,,,,P.N.Desai Eye Hospital,,,,,,,hospital,,,,,,,,,,,,,,,,,,,,,,,OpenGovernmentData,,,,,,,,,,,,,,,,,,,,,,,,,,,,,,,,,,,,,,node,,,,,
23.0474249,False,4,"{""addr:district"":""Ahmedabad"",""addr:state"":""Gujarat""}",6972590276,72.5505593,0.0,1721207596,,,"403 4Th Floor, B Wing Rudra Arcade Police Halmet Cross Roads Junction Of 132 Feet Ring Road Gurukul Road Memnagar",,,380052,,,,"Jaydeep Hospital, Ahmedabad",,,,,,,hospital,,,,,,,,,,,,,,,,,,,,,,,OpenGovernmentData,,,,,,,,,,,,,,,,,,,,,,,,,,,,,,,,,,,,,,node,,,,,
23.0500997,False,4,"{""addr:district"":""Ahmedabad"",""addr:state"":""Gujarat"",""healthcare"":""hospital""}",6972590281,72.5338753,0.0,1716378776,,,"Bhaktinagar, Opposite Sun-Set Row House, Gurukul Road, Memnagar",,,380052,,,,Sharda Eye Hospital Phaco And Laser Centre - Ahmedabad,,,,,,,hospital,,,,,,,,,,,,,,,,,,,,,,,OpenGovernmentData,,,,,,,,,,,,,,,,,,,,,,,,,,,,,,,,,,,,,,node,,,,,
23.0456349,False,5,"{""addr:district"":""Ahmedabad"",""addr:state"":""Gujarat"",""healthcare"":""hospital""}",6972590282,72.5419961,0.0,1722251978,,,"B-211, Rudra Arcade, Bis Mayflower Hus, Helmet Cross Road, Memnagar",,,380052,,,,Shantnam Eye Care Hospital,,,,,,,hospital,,,,,,,,,,,,,,,,,,,,,,,OpenGovernmentData,,,,,,,,,,,,,,,,,,,,,,,,,,,,,,,,,,,,,,node,,,,,
23.0463111,False,4,"{""addr:district"":""Ahmedabad"",""addr:state"":""Gujarat"",""healthcare"":""hospital""}",6972590283,72.5345345,0.0,1716378776,,,"Aavkar Complex,Opposite Gurukul Driven - In - Road,Memnagar",,,380052,,,,Smruti Fracture Orthopedic Hospital,,,,,,,hospital,,,,,,,,,,,,,,,,,,,,,,,OpenGovernmentData,,,,,,,,,,,,,,,,,,,,,,,,,,,,,,,,,,,,,,node,,,,,
23.0455787,False,5,"{""addr:district"":""Ahmedabad"",""addr:state"":""Gujarat"",""healthcare"":""hospital""}",6972590284,72.5418225,0.0,1722251978,,,"Rudra Arcade, 3Road Floor,132 Ring Road Drive In Road Junction, Near Manav Mandir, Memnagar",,,380052,,,,Rajvee Ortho Spine and Child Neuro Hospital,,,,,,,hospital,,,,,,,,,,,,,,,,,,,,,,,OpenGovernmentData,,,,,,,,,,,,,,,,,,,,,,,,,,,,,,,,,,,,,,node,,,,,
23.0492285,False,4,"{""addr:district"":""Ahmedabad"",""addr:state"":""Gujarat"",""healthcare"":""hospital""}",6972593085,72.5334294,0.0,1716378776,,,"2nd Floor, Shantam Complex, Gurukul Road, Opp Navnit House , Memnagar",,,380052,,,,Kidney And Urology Hospital,,,,,,,hospital,,,,,,,,,,,,,,,,,,,,,,,OpenGovernmentData,,,,,,,,,,,,,,,,,,,,,,,,,,,,,,,,,,,,,,node,,,,,
23.0529941,False,4,"{""addr:district"":""Ahmedabad"",""addr:state"":""Gujarat"",""healthcare"":""hospital""}",6972593091,72.5305755,0.0,1716379207,,,Navjyot Complex Upper Ground Floor Near A-One School Subhash Chowk Memnagar,,,380052,,,,"Neil Hospital, Ahmedabad",,,,,,,hospital,,,,,,,,,,,,,,,,,,,,,,,OpenGovernmentData,,,,,,,,,,,,,,,,,,,,,,,,,,,,,,,,,,,,,,node,,,,,
23.0553553,False,3,"{""addr:district"":""Ahmedabad"",""addr:state"":""Gujarat""}",6972593092,72.5209102,0.0,1600364491,,,"60, Jeevandeep Row House, B/H. Goyal Intercity, Thaltej",,,380054,,,,Surveen Children Hospital And Vaccination Centre,,,,,,,hospital,,,,,,,,,,,,,,,,,,,,,,,OpenGovernmentData,,,,,,,,,,,,,,,,,,,,,,,,,,,,,,,,,,,,,,node,,,,,
23.0371812,False,3,"{""addr:district"":""Ahmedabad"",""addr:state"":""Gujarat""}",6972593093,72.522199,0.0,1600366196,,,"49-A, Lad Society ,Sandesh Press Road, Bodakdev",,,380054,,,,Avataran Eye Hospital and Oculoplasty Clinic,,,,,,,hospital,,,,,,,,,,,,,,,,,,,,,,,OpenGovernmentData,,,,,,,,,,,,,,,,,,,,,,,,,,,,,,,,,,,,,,node,,,,,
23.0311411,False,4,"{""addr:district"":""Ahmedabad"",""addr:state"":""Gujarat"",""contact:phone"":""26751386""}",6972593094,72.5271638,0.0,1600364973,,,"96,Nalanda Complex,Vastrapur",,,382418,,,,Akshay Heart and Medical Hospital,,,,,,,hospital,,,,,,,,,,,,,,,,,,,,,,,OpenGovernmentData,,,,,,,,,,,,,,,,,,,,,,,,,,,,,,,,,,,,,,node,,,,,
23.0481314,False,3,"{""addr:district"":""Ahmedabad"",""addr:state"":""Gujarat""}",6973933641,72.5716656,0.0,1600365242,,,Ashram Road,,,380009,,,,"Aalok Hospital, Ahmedabad",,,,,,,hospital,,,,,,,,,,,,,,,,,,,,,,,OpenGovernmentData,,,,,,,,,,,,,,,,,,,,,,,,,,,,,,,,,,,,,,node,,,,,
23.0542867,False,3,"{""addr:district"":""Ahmedabad"",""addr:state"":""Gujarat""}",6973933650,72.5720197,0.0,1600364814,,,"5Th Floor, Bodycare Medical Centre, Juna Wadaj",,,380013,,,,Dr. Manish Ravals Hospital,,,,,,,hospital,,,,,,,,,,,,,,,,,,,,,,,OpenGovernmentData,,,,,,,,,,,,,,,,,,,,,,,,,,,,,,,,,,,,,,node,,,,,
23.0541596,False,3,"{""addr:district"":""Ahmedabad"",""addr:state"":""Gujarat""}",6973933651,72.5720304,0.0,1600365184,,,"4Th Floor , Body Medical Centre,Opposite Juna Wadaj Bus Stand, Ashram Road,Juna Wadaj",,,380013,,,,Harsh Neurosurgical Hospital,,,,,,,hospital,,,,,,,,,,,,,,,,,,,,,,,OpenGovernmentData,,,,,,,,,,,,,,,,,,,,,,,,,,,,,,,,,,,,,,node,,,,,
23.0542275,False,3,"{""addr:district"":""Ahmedabad"",""addr:state"":""Gujarat""}",6973933652,72.5720505,0.0,1600365355,,,"301, 302 3Road Floor, Bodycare Complex",,,380013,,,,Bodycare Orthopaedic and Trauma Hospital,,,,,,,hospital,,,,,,,,,,,,,,,,,,,,,,,OpenGovernmentData,,,,,,,,,,,,,,,,,,,,,,,,,,,,,,,,,,,,,,node,,,,,
23.0472984,False,3,"{""addr:district"":""Ahmedabad"",""addr:state"":""Gujarat""}",6973933657,72.5622028,0.0,1600365993,,,"1st Floor, Chandraprabhu Complex, Near Sardar Patel Statue",,,380014,,,,"Shalin Eyecare Hospital, Ahmedabad",,,,,,,hospital,,,,,,,,,,,,,,,,,,,,,,,OpenGovernmentData,,,,,,,,,,,,,,,,,,,,,,,,,,,,,,,,,,,,,,node,,,,,
23.0575728,False,4,"{""addr:district"":""Ahmedabad"",""addr:state"":""Gujarat"",""addr:subdistrict"":""Navavadaj"",""contact:phone"":""7927642100"",""operator:type"":""private""}",6973933658,72.5703634,0.0,1698177782,,,"Near Bhimajipura Cross Roads, Nava Vadaj Road",,,380013,,,marketing@devasyahospital.com,"Devasya Kidney and Multi speciality Hospital, Ahmedabad",,,,,,https://www.devasyahospital.com/contact-us/,hospital,,,,,,,,,,,,,,,,,,,,,,,OpenGovernmentData,,,,,,,,,,,,,,,,,,,,,,,,,,,,,,,,,,,,,,node,,,,,
23.0670629,False,3,"{""addr:district"":""Ahmedabad"",""addr:state"":""Gujarat""}",6973933659,72.5621612,0.0,1600364714,,,"Akhbarnagar Circle, New Wadaj",,,380013,,,,Manshi Multispeciality Hospital,,,,,,,hospital,,,,,,,,,,,,,,,,,,,,,,,OpenGovernmentData,,,,,,,,,,,,,,,,,,,,,,,,,,,,,,,,,,,,,,node,,,,,
23.0728484,False,3,"{""addr:district"":""Ahmedabad"",""addr:state"":""Gujarat""}",6973933665,72.5590418,0.0,1600365803,,,Nr Nirmay Nagar Underbridge,,,382481,,,,"Vardan Eye Hospital, Ahmedabad",,,,,,,hospital,,,,,,,,,,,,,,,,,,,,,,,OpenGovernmentData,,,,,,,,,,,,,,,,,,,,,,,,,,,,,,,,,,,,,,node,,,,,
23.0606194,False,3,"{""addr:district"":""Ahmedabad"",""addr:state"":""Gujarat""}",6973933666,72.5578952,0.0,1600366099,,,"Bhagvati Nagar,Opposite Patrakar Colony, Vijaynagar, Naranpura",,,380013,,,,"Kumud Heart Hospital and Medical Nursing Home, Ahmedabad",,,,,,,hospital,,,,,,,,,,,,,,,,,,,,,,,OpenGovernmentData,,,,,,,,,,,,,,,,,,,,,,,,,,,,,,,,,,,,,,node,,,,,
23.0584236,False,3,"{""addr:district"":""Ahmedabad"",""addr:state"":""Gujarat""}",6973933671,72.5594985,0.0,1600366444,,,"Khodiyar Complex, Opposite Vijayanagar Petrol Pump, Near Patel Hall, Vijaynagar Road, Naranpura",,,380013,,,,Matruchhaya Children Hospital,,,,,,,hospital,,,,,,,,,,,,,,,,,,,,,,,OpenGovernmentData,,,,,,,,,,,,,,,,,,,,,,,,,,,,,,,,,,,,,,node,,,,,
23.0643212,False,3,"{""addr:district"":""Ahmedabad"",""addr:state"":""Gujarat""}",6973933676,72.5500202,0.0,1600364450,,,"M-5, Block No. 1/1, Shastrinagar, Ankur Road, Naranpura",,,380063,,,,Neo Children Hospital,,,,,,,hospital,,,,,,,,,,,,,,,,,,,,,,,OpenGovernmentData,,,,,,,,,,,,,,,,,,,,,,,,,,,,,,,,,,,,,,node,,,,,
23.0296366,False,3,"{""addr:district"":""Ahmedabad"",""addr:state"":""Gujarat""}",6973933681,72.4742572,0.0,1600364295,,,"311, Shanti Arcade, Pushpak Appartment, Aec Cross Road, Naranpura. Aec Cross Road, Naranpura",,,380007,,,,"Aastha Orthopaedic Hospital, Ahmedabad",,,,,,,hospital,,,,,,,,,,,,,,,,,,,,,,,OpenGovernmentData,,,,,,,,,,,,,,,,,,,,,,,,,,,,,,,,,,,,,,node,,,,,
23.0591455,False,4,"{""addr:district"":""Ahmedabad"",""addr:state"":""Gujarat"",""contact:mobile"":""9825019835""}",6973933682,72.5558715,0.0,1721121483,,,"202-203, Aarambh Complex,Near Ankur Bus Stop, Naranpura",,,380013,,,,Aarambh Heart and Medical Hospital,,,,,,,hospital,,,,,,,,,,,,,,,,,,,,,,,OpenGovernmentData,,,,,,,,,,,,,,,,,,,,,,,,,,,,,,,,,,,,,,node,,,,,
23.0584884,False,4,"{""addr:district"":""Ahmedabad"",""addr:state"":""Gujarat""}",6973949891,72.5554725,0.0,1721130665,,,"# 11,Kamadurga Society Opp: Ankur Bus Stand Naranpura",,,380013,,,,Sanghvi Hospital,,,,,,,hospital,,,,,,,,,,,,,,,,,,,,,,,OpenGovernmentData,,,,,,,,,,,,,,,,,,,,,,,,,,,,,,,,,,,,,,node,,,,,
23.0584551,False,4,"{""addr:district"":""Ahmedabad"",""addr:state"":""Gujarat""}",6973949892,72.5555255,0.0,1721130665,,,"1, Prayag Society 1st Floor, Opp Ankur Bus Stand Naranpura",,,380013,,,,Riddhi Maternity Home,,,,,,,hospital,,,,,,,,,,,,,,,,,,,,,,,OpenGovernmentData,,,,,,,,,,,,,,,,,,,,,,,,,,,,,,,,,,,,,,node,,,,,
23.0538437,False,5,"{""addr:district"":""Ahmedabad"",""addr:state"":""Gujarat"",""addr:subdistrict"":""Naranpura"",""healthcare"":""hospital"",""operator:type"":""private""}",6973949902,72.5476894,0.0,1716378776,,,"2nd Floor B-Block, Swaminarayan Avenue AEC Cross Road Naranpura",,,380013,,,drminol@hotmail.com,Lady Care Womens Hospital Child Care,,,,,,https://www.ladycarehospital.com/,hospital,,,,,,,,,,,,,,,,,,,,,,,OpenGovernmentData,,,,,,,,,,,,,,,,,,,,,,,,,,,,,,,,,,,,,,node,,,,,
23.0585304,False,4,"{""addr:district"":""Ahmedabad"",""addr:state"":""Gujarat""}",6973949907,72.5562523,0.0,1721130665,,,"A/3,4,Vijay Tower, Ankur Comm.Complex, Above Kalupur Comm.Bank, Ankur Cross Road, Ankur, Naranpura",,,380013,,,,Ankur Superspeciality Hospital,,,,,,,hospital,,,,,,,,,,,,,,,,,,,,,,,OpenGovernmentData,,,,,,,,,,,,,,,,,,,,,,,,,,,,,,,,,,,,,,node,,,,,
23.0549308,False,3,"{""addr:district"":""Ahmedabad"",""addr:state"":""Gujarat""}",6974296173,72.6008186,0.0,1600365099,,,"8/A, Navinchandra Park, Civil Camp Road",,,380004,,,,Jeel Children Hospital And Neonatal and Vaccination Center,,,,,,,hospital,,,,,,,,,,,,,,,,,,,,,,,OpenGovernmentData,,,,,,,,,,,,,,,,,,,,,,,,,,,,,,,,,,,,,,node,,,,,
23.0127168,False,3,"{""addr:district"":""Ahmedabad"",""addr:state"":""Gujarat""}",6974382565,72.6389033,0.0,1600366596,,,"Raj Complex, Near Rajendra Park Char Rasta, Near Gauri Cinema, Odhav",,,382415,,,,Divya Jeevan Medical Hospital,,,,,,,hospital,,,,,,,,,,,,,,,,,,,,,,,OpenGovernmentData,,,,,,,,,,,,,,,,,,,,,,,,,,,,,,,,,,,,,,node,,,,,
23.0073805,False,3,"{""addr:district"":""Ahmedabad"",""addr:state"":""Gujarat""}",6974487736,72.5589064,0.0,1600366035,,,"101, Murlidhar Complex, Opposite Ankur School, Fatehpura, Paldi",,,380007,,,,Sanket Children Hospial,,,,,,,hospital,,,,,,,,,,,,,,,,,,,,,,,OpenGovernmentData,,,,,,,,,,,,,,,,,,,,,,,,,,,,,,,,,,,,,,node,,,,,
23.0834799,False,3,"{""addr:district"":""Ahmedabad"",""addr:state"":""Gujarat""}",6974503519,72.5912216,0.0,1600365078,,,"2nd Floor, Mansarovar Complex,Ramnagar Chowk, Sabarmati",,,380001,,,,Sivmm Kidney Hospital,,,,,,,hospital,,,,,,,,,,,,,,,,,,,,,,,OpenGovernmentData,,,,,,,,,,,,,,,,,,,,,,,,,,,,,,,,,,,,,,node,,,,,
23.0527257,False,3,"{""addr:district"":""Ahmedabad"",""addr:state"":""Gujarat""}",6974509084,72.6013067,0.0,1600366608,,,"Civil Hospital Campus, Asarwa",,,380016,,,,U. N.Mehta Institute Of Cardiology and Research Centre,,,,,,,hospital,,,,,,,,,,,,,,,,,,,,,,,OpenGovernmentData,,,,,,,,,,,,,,,,,,,,,,,,,,,,,,,,,,,,,,node,,,,,
23.0544261,False,3,"{""addr:district"":""Ahmedabad"",""addr:state"":""Gujarat""}",6974515481,72.5959396,0.0,1600364772,,,"No. 211, 2nd Floor, Austmangal Complex, Near Rajasthan Hospital",,,380004,,,,Shreeji Neonatal and Child Care,,,,,,,hospital,,,,,,,,,,,,,,,,,,,,,,,OpenGovernmentData,,,,,,,,,,,,,,,,,,,,,,,,,,,,,,,,,,,,,,node,,,,,
23.0870576,False,3,"{""addr:district"":""Surat"",""addr:state"":""Gujarat""}",6974530664,72.5920974,0.0,1600365915,,,"Prasham'' Building ,City Lignt Road",,,395007,,,,Sharda Eye Hospital,,,,,,,hospital,,,,,,,,,,,,,,,,,,,,,,,OpenGovernmentData,,,,,,,,,,,,,,,,,,,,,,,,,,,,,,,,,,,,,,node,,,,,
23.0133822,False,3,"{""addr:district"":""Ahmedabad"",""addr:state"":""Gujarat""}",6974583170,72.5264731,0.0,1600365648,,,"No. 303, Twinkle Complex, Mr. Dhanjay Tower, 100 Ft Road, Shymalal Cross Road",,,380015,,,,Urva Children Hospital and Neonatal Care,,,,,,,hospital,,,,,,,,,,,,,,,,,,,,,,,OpenGovernmentData,,,,,,,,,,,,,,,,,,,,,,,,,,,,,,,,,,,,,,node,,,,,
23.0405047,False,3,"{""addr:district"":""Ahmedabad"",""addr:state"":""Gujarat""}",6974588378,72.5211865,0.0,1600364522,,,"7, Platinum Plaza ( Ground Floor ), Judges`S Bunglow Road, Opp Ioc Petrol Pump",,,380054,,,,Arthro Care Hospital,,,,,,,hospital,,,,,,,,,,,,,,,,,,,,,,,OpenGovernmentData,,,,,,,,,,,,,,,,,,,,,,,,,,,,,,,,,,,,,,node,,,,,
23.0471775,False,3,"{""addr:district"":""Ahmedabad"",""addr:state"":""Gujarat""}",6974599099,72.5654282,0.0,1600365134,,,"76-1-B, Kheteswar Bhavan, Kirti Colony, Near Vitthal Bhavan, Usman Pura Underbridge",,,380013,,,,Kheteswar Medical Educational and Research Centre Hospital,,,,,,,hospital,,,,,,,,,,,,,,,,,,,,,,,OpenGovernmentData,,,,,,,,,,,,,,,,,,,,,,,,,,,,,,,,,,,,,,node,,,,,
23.0521364,False,3,"{""addr:district"":""Ahmedabad"",""addr:state"":""Gujarat""}",6974747456,72.5609992,0.0,1600366023,,,"Gurukrupa, Naranpura,Opposite Ladli,Naranpura Cross Roads",,,380013,,,,Shail Eye Hospital,,,,,,,hospital,,,,,,,,,,,,,,,,,,,,,,,OpenGovernmentData,,,,,,,,,,,,,,,,,,,,,,,,,,,,,,,,,,,,,,node,,,,,
23.052411,False,3,"{""addr:district"":""Ahmedabad"",""addr:state"":""Gujarat""}",6974764947,72.5697197,0.0,1600366532,,,"21, Shantinagar, Ashram Road, Vadaj",,,380013,,,,Shah Hospital - Vadaj,,,,,,,hospital,,,,,,,,,,,,,,,,,,,,,,,OpenGovernmentData,,,,,,,,,,,,,,,,,,,,,,,,,,,,,,,,,,,,,,node,,,,,
23.0194415,False,5,"{""addr:district"":""Ahmedabad"",""addr:state"":""Gujarat""}",6974774960,72.5586167,0.0,1731468659,,,"36,Palm Spring,Opposite Collegian Restaurant, Near Doctor House Parimal Crosssing",,,380006,,,,"Sarthak Orthopaedic Hospital, Parimal Crosssing",,,,,,,hospital,,,,,,,,,,,,,,,,,,,,,,,OpenGovernmentData,,,,,,,,,,,,,,,,,,,,,,,,,,,,,,,,,,,,,,node,,,,,
23.0872193,False,4,"{""addr:district"":""Ahmedabad"",""addr:state"":""Gujarat""}",6974791050,72.5922891,0.0,1600365186,,,"# 2425-26 Baronet Complex,Ramnagar, Sabarmati",,,380005,,,,Dhruvi ENT Hospital,,,,,,,hospital,,,,,,,,,,,,,,,,,,,,,,,OpenGovernmentData,,,,,,,,,,,,,,,,,,,,,,,,,,,,,,,,,,,,,,node,,,,,
23.0134142,False,5,"{""addr:district"":""Ahmedabad"",""addr:state"":""Gujarat"",""contact:phone"":""07926769911; 26769922"",""operator:type"":""private""}",6974835665,72.5304092,0.0,1653384588,,,"301-304, 3rd Floor, Jyoti Complex,Beside Parekh Hospital,Shyamal Cross Road, 132 Ft Ring Road, Satellite",,,380015,,,info@sarvamangalivf.com,Sarvamangal Women Hospital,,,,,,https://sarvamangalivf.com/,hospital,,,,,,,,,,,,,,,,,,,,,,,OpenGovernmentData,,,,,,,,,,,,,,,,,,,,,,,,,,,,,,,,,,,,,,node,,,,,
23.0259277,False,4,"{""addr:district"":""Ahmedabad"",""addr:state"":""Gujarat"",""healthcare"":""hospital""}",6974862427,72.5660652,0.0,1697732851,,,"Near Nagari Hospital , Mithakhali Ellishridge",,,380006,,,,Stavya Spine Hospital and Research Institute,,,,,,,hospital,,,,,,,,,,,,,,,,,,,,,,,OpenGovernmentData,,,,,,,,,,,,,,,,,,,,,,,,,,,,,,,,,,,,,,node,,,,,
23.0855562,False,5,"{""addr:district"":""Ahmedabad"",""addr:state"":""Gujarat"",""healthcare"":""hospital""}",6974913360,72.6305442,0.0,1686198616,,,"Near Indira Gandhi Bridge,Hasansol",,,382475,,,,"Kothari Hospital, Ahmedabad",,,,,,,hospital,,,,,,,,,,,,,,,,,,,,,,,OpenGovernmentData,,,,,,,,,,,,,,,,,,,,,,,,,,,,,,,,,,,,,,node,,,,,
23.0604405,False,4,"{""addr:district"":""Ahmedabad"",""addr:state"":""Gujarat"",""healthcare"":""hospital""}",6974916862,72.5352037,0.0,1716378860,,,"4-B, Bhuyangdev Society Bhuyangdev Cross Road Ghatiodia",,,380061,,,,"Gurukrupa Hospital, Ahmedabad",,,,,,,hospital,,,,,,,,,,,,,,,,,,,,,,,OpenGovernmentData,,,,,,,,,,,,,,,,,,,,,,,,,,,,,,,,,,,,,,node,,,,,
23.0283086,False,4,"{""addr:district"":""Ahmedabad"",""addr:state"":""Gujarat"",""check_date"":""2024-08-23""}",6974947589,72.4775523,0.0,1724435694,,,"3Road Floor, Mansarovar Complex, Opp Uco Bank",,,380013,,,,Laxmi Heart and Medical Hospital,,,,,,,hospital,,,,,,,,,,,,,,,,,,,,,,,OpenGovernmentData,,,,,,,,,,,,,,,,,,,,,,,,,,,,,,,,,,,,,,node,,,,,
23.0162743,False,4,"{""addr:district"":""Ahmedabad"",""addr:state"":""Gujarat"",""healthcare"":""hospital""}",6974971519,72.5298151,0.0,1628800876,,,"A-257,258 Popular Plaza, Someshwar Complex I, 132 Ft. Ring Road, Satellite",,,380015,,,,"Navkar Children Hospital, Ahmedabad",,,,,,,hospital,,,,,,,,,,,,,,,,,,,,,,,OpenGovernmentData,,,,,,,,,,,,,,,,,,,,,,,,,,,,,,,,,,,,,,node,,,,,
23.0088754,False,3,"{""addr:district"":""Ahmedabad"",""addr:state"":""Gujarat""}",6975015289,72.5623262,0.0,1600365374,,,"202, Chiranjeevi Complex, 10-A, Umasociety, Mahalaxmi 5 Roads Paldi",,,380007,,,,Dr Chirag M Desai Eye Care,,,,,,,hospital,,,,,,,,,,,,,,,,,,,,,,,OpenGovernmentData,,,,,,,,,,,,,,,,,,,,,,,,,,,,,,,,,,,,,,node,,,,,
23.0315422,False,3,"{""addr:district"":""Ahmedabad"",""addr:state"":""Gujarat"",""addr:subdistrict"":""Bopal"",""operator:type"":""private""}",6975089038,72.4717694,0.0,1600365399,,,"17-18, Abhinandan Complex, Opposite Inductotherm Factory, Bopal",,,380058,,,,Bopal Multispeciality Hospital,,,,,,http://www.rsby.gov.in/Districtwise.aspx,hospital,,,,,,,,,,,,,,,,,,,,,,,OpenGovernmentData,,,,,,,,,,,,,,,,,,,,,,,,,,,,,,,,,,,,,,node,,,,,
23.0526874,False,4,"{""addr:district"":""Ahmedabad"",""addr:state"":""Gujarat"",""healthcare"":""hospital""}",6975130062,72.549178,0.0,1716378776,,,"8-9, Nildhara Complex 132 Feet Rinf Road, New Vadaj 132 Feet Rinf Road, New Vadaj",,,380013,,,,Mother's Maternity and Nursing Home,,,,,,,hospital,,,,,,,,,,,,,,,,,,,,,,,OpenGovernmentData,,,,,,,,,,,,,,,,,,,,,,,,,,,,,,,,,,,,,,node,,,,,
23.0034068,False,3,"{""addr:district"":""Ahmedabad"",""addr:state"":""Gujarat""}",6975165923,72.518924,0.0,1600366433,,,"33, 34, Suvidha Centre, Vejalpur, Near Vejalpur Main Bus Stand",,,380051,,,,Nanavati Maternity Hospital,,,,,,,hospital,,,,,,,,,,,,,,,,,,,,,,,OpenGovernmentData,,,,,,,,,,,,,,,,,,,,,,,,,,,,,,,,,,,,,,node,,,,,
23.0283536,False,3,"{""addr:district"":""Ahmedabad"",""addr:state"":""Gujarat""}",6975283854,72.4773833,0.0,1600366120,,,"9-10, Samarpan Complex, Bopal Ambali Ring Road Char Rasta, Ambali",,,380058,,,,Vaishali Hospital,,,,,,,hospital,,,,,,,,,,,,,,,,,,,,,,,OpenGovernmentData,,,,,,,,,,,,,,,,,,,,,,,,,,,,,,,,,,,,,,node,,,,,
23.0045749,False,3,"{""addr:district"":""Ahmedabad"",""addr:state"":""Gujarat"",""contact:mobile"":""9427681802""}",6975489450,72.6386267,0.0,1600365087,,,"Revabhai Shopping Centre, Rabari Colony,Char Rasta,Vastral Road,Amraiwadi",,,380006,,,,"Gujarat Hospital, Ahmedabad",,,,,,,hospital,,,,,,,,,,,,,,,,,,,,,,,OpenGovernmentData,,,,,,,,,,,,,,,,,,,,,,,,,,,,,,,,,,,,,,node,,,,,
23.0619138,False,4,"{""addr:district"":""Ahmedabad"",""addr:state"":""Gujarat"",""healthcare"":""hospital""}",6975498331,72.6398085,0.0,1686198616,,,"Janta Chambers , Behind Anad Surgical Hospital, Saijpur Tower, Naroda Road",,,380001,,,,Aadya Eye and Ent Hospital,,,,,,,hospital,,,,,,,,,,,,,,,,,,,,,,,OpenGovernmentData,,,,,,,,,,,,,,,,,,,,,,,,,,,,,,,,,,,,,,node,,,,,
23.0217016,False,3,"{""addr:district"":""Ahmedabad"",""addr:state"":""Gujarat""}",6975510816,72.5725166,0.0,1600365411,,,"Opposite Town Hall, Ellisbridge",,,380006,,,,Karnavati Hospital Pvt. Ltd.,,,,,,,hospital,,,,,,,,,,,,,,,,,,,,,,,OpenGovernmentData,,,,,,,,,,,,,,,,,,,,,,,,,,,,,,,,,,,,,,node,,,,,
23.1018186,False,3,"{""addr:district"":""Ahmedabad"",""addr:state"":""Gujarat""}",6975593887,72.6659513,0.0,1600365598,,,"J P Complex, 3Road Floor, Near Naroda Police Station",,,382340,,,,"Gayathri Hospital, Ahmedabad",,,,,,,hospital,,,,,,,,,,,,,,,,,,,,,,,OpenGovernmentData,,,,,,,,,,,,,,,,,,,,,,,,,,,,,,,,,,,,,,node,,,,,
23.0060128,False,5,"{""addr:district"":""Ahmedabad"",""addr:state"":""Gujarat"",""addr:subdistrict"":""Vasna"",""operator:type"":""private""}",6975593892,72.5447845,0.0,1600365688,,,"Kesariyaji Bus Stop, Jivraj Mehta Road, Vasna",,,380007,,,dev.hospital@yahoo.com,"Dev Hospital, Vasna",,,,,,https://www.helloindia.co/Ahmedabad/Dev-Multi-Speciality-Hospital/Vasna,hospital,,,,,,,,,,,,,,,,,,,,,,,OpenGovernmentData,,,,,,,,,,,,,,,,,,,,,,,,,,,,,,,,,,,,,,node,,,,,
23.0518255,False,3,"{""addr:district"":""Ahmedabad"",""addr:state"":""Gujarat""}",6975608462,72.6416056,0.0,1600365821,,,"No. 45, Krishna -Gokul Society, N H Road 8",,,382345,,,,Rukshmani Surgical Hospital,,,,,,,hospital,,,,,,,,,,,,,,,,,,,,,,,OpenGovernmentData,,,,,,,,,,,,,,,,,,,,,,,,,,,,,,,,,,,,,,node,,,,,
23.0379081,False,4,"{""addr:district"":""Ahmedabad"",""addr:state"":""Gujarat"",""healthcare"":""hospital""}",6975627959,72.6442704,0.0,1686198616,,,"B-05, Tf Sardar Patel Mall, Diamond Mill Compound, Nikolgam Road",,,382350,,,,Sanket Children's Speciality Hospital,,,,,,,hospital,,,,,,,,,,,,,,,,,,,,,,,OpenGovernmentData,,,,,,,,,,,,,,,,,,,,,,,,,,,,,,,,,,,,,,node,,,,,
22.999875,False,3,"{""addr:district"":""Ahmedabad"",""addr:state"":""Gujarat""}",6975629568,72.6575299,0.0,1600366269,,,"A/1,Tejrndrapark Society,Nirant Char Rasta,Vastral Road",,,382418,,,,Hariom Multispeciality Hospital,,,,,,,hospital,,,,,,,,,,,,,,,,,,,,,,,OpenGovernmentData,,,,,,,,,,,,,,,,,,,,,,,,,,,,,,,,,,,,,,node,,,,,
23.0838969,False,4,"{""addr:district"":""Ahmedabad"",""addr:state"":""Gujarat""}",6975631040,72.5912485,0.0,1600364445,,,"2nd Floor, Neelkamal Shopping Centre Near Kamal Talkies, Sabarmati",,,380005,,,,Neelkamal Hospital Pvt Ltd (Pooja Hospital),,,,,,,hospital,,,,,,,,,,,,,,,,,,,,,,,OpenGovernmentData,,,,,,,,,,,,,,,,,,,,,,,,,,,,,,,,,,,,,,node,,,,,
23.0638912,False,5,"{""addr:district"":""Ahmedabad"",""addr:state"":""Gujarat"",""healthcare"":""hospital""}",6975633410,72.6422949,0.0,1686198616,,,"Near Anuradha Medical Store, Saijpur, Patia, Naroda Road",,,382220,,,,"Trupti Hospital, Saijpur",,,,,,,hospital,,,,,,,,,,,,,,,,,,,,,,,OpenGovernmentData,,,,,,,,,,,,,,,,,,,,,,,,,,,,,,,,,,,,,,node,,,,,
23.0454856,False,3,"{""addr:district"":""Ahmedabad"",""addr:state"":""Gujarat""}",6975641054,72.5623074,0.0,1600366311,,,"Aabhushan Complex,2nd Floor,Near Golden Triangal,Sardar Patel Stadium Road",,,380001,,,,Deep Urosurgical Hospital,,,,,,,hospital,,,,,,,,,,,,,,,,,,,,,,,OpenGovernmentData,,,,,,,,,,,,,,,,,,,,,,,,,,,,,,,,,,,,,,node,,,,,
23.0060905,False,3,"{""addr:district"":""Ahmedabad"",""addr:state"":""Gujarat""}",6975643587,72.5557816,0.0,1600365372,,,"301,3Road Floor Nilkanth Plaza Baththa Cross Roads Paldi",,,380007,,,,Sannidhya Eye Hospital,,,,,,,hospital,,,,,,,,,,,,,,,,,,,,,,,OpenGovernmentData,,,,,,,,,,,,,,,,,,,,,,,,,,,,,,,,,,,,,,node,,,,,
23.0604664,False,5,"{""addr:district"":""Ahmedabad"",""addr:state"":""Gujarat"",""addr:subdistrict"":""Ahmedabad"",""healthcare"":""hospital"",""operator:type"":""private""}",6975657008,72.6398112,0.0,1696133094,,,"Opp Saijpur Tower, Saijpur Bogha, Naroda Road",,,382345,,,,Karnavati Super Speciality Hospital,,,,,,https://www.karnavatihospital.com/,hospital,,,,,,,,,,,,,,,,,,,,,,,OpenGovernmentData,,,,,,,,,,,,,,,,,,,,,,,,,,,,,,,,,,,,,,node,,,,,
23.0133562,False,3,"{""addr:district"":""Ahmedabad"",""addr:state"":""Gujarat""}",6975659494,72.5263832,0.0,1600365968,,,"Anamay, Near Hotel President, C.G.Road Swastik Char Rasta, Navrangpura",,,380015,,,,Shyamal Orthopaedic Hospital,,,,,,,hospital,,,,,,,,,,,,,,,,,,,,,,,OpenGovernmentData,,,,,,,,,,,,,,,,,,,,,,,,,,,,,,,,,,,,,,node,,,,,
23.0981234,False,3,"{""addr:district"":""Gandhinagar"",""addr:state"":""Gujarat""}",6975679362,72.5891134,0.0,1600366275,,,"C-19, First Floor, Sarthi Complex, Near Visat Petrol Pump, Motera Road, Sabarmati",,,382424,,,,Sanskar Heart Care And Medical Hospital,,,,,,,hospital,,,,,,,,,,,,,,,,,,,,,,,OpenGovernmentData,,,,,,,,,,,,,,,,,,,,,,,,,,,,,,,,,,,,,,node,,,,,
23.0576184,False,3,"{""addr:district"":""Ahmedabad"",""addr:state"":""Gujarat""}",6975686200,72.5692952,0.0,1600364581,,,"20, Mehsana Society, Opposite Laxmi Hospital,Opposite Sanjivani Complex, Nava Vadaj Road",,,380013,,,,Vadaj Orthopaedic Hospital,,,,,,,hospital,,,,,,,,,,,,,,,,,,,,,,,OpenGovernmentData,,,,,,,,,,,,,,,,,,,,,,,,,,,,,,,,,,,,,,node,,,,,
23.0403424,False,4,"{""addr:district"":""Ahmedabad"",""addr:state"":""Gujarat"",""healthcare"":""hospital""}",6975737976,72.5532469,0.0,1716378776,,,"4Th Floor,Dolly Complex,Near Vipul Dudhiya,Stadium Cross Roads",,,380009,,,,Sahjanand Eye Care Hospital,,,,,,,hospital,,,,,,,,,,,,,,,,,,,,,,,OpenGovernmentData,,,,,,,,,,,,,,,,,,,,,,,,,,,,,,,,,,,,,,node,,,,,
23.0328949,False,3,"{""addr:district"":""Ahmedabad"",""addr:state"":""Gujarat""}",6975737981,72.5553042,0.0,1600365441,,,"4Th Floor,Gala Business Centre,St. Xavier's College Corner,Near Hotel Klassic Gold,Sardar Patel Nagar Road,Navrangpura",,,380006,,,,Maniar Hospital,,,,,,,hospital,,,,,,,,,,,,,,,,,,,,,,,OpenGovernmentData,,,,,,,,,,,,,,,,,,,,,,,,,,,,,,,,,,,,,,node,,,,,
23.0021131,False,3,"{""addr:district"":""Ahmedabad"",""addr:state"":""Gujarat""}",6975823750,72.5505567,0.0,1600365500,,,"H-3, Sushmita Flats, Beside Mehta Restaurant, OppositeVasna Bus Stand, Vasana",,,380007,,,,Manish Eye Hospital - Ahmedabad,,,,,,,hospital,,,,,,,,,,,,,,,,,,,,,,,OpenGovernmentData,,,,,,,,,,,,,,,,,,,,,,,,,,,,,,,,,,,,,,node,,,,,
23.0763407,False,4,"{""addr:district"":""Ahmedabad"",""addr:state"":""Gujarat"",""contact:mobile"":""9825931179"",""healthcare"":""hospital""}",6975823755,72.6544695,0.0,1686198616,,,OppositeUnion Co- Op,,,382330,,,,Parvati Jadav Hospital,,,,,,,hospital,,,,,,,,,,,,,,,,,,,,,,,OpenGovernmentData,,,,,,,,,,,,,,,,,,,,,,,,,,,,,,,,,,,,,,node,,,,,
23.0302148,False,4,"{""addr:district"":""Ahmedabad"",""addr:state"":""Gujarat"",""healthcare"":""hospital""}",6975839535,72.622926,0.0,1686198616,,,"198/1272, OppositeAmbaji Temple,Jodka, Near Gol Limda, Dargah Road,Hardasnagar",,,380024,,,,"Matru Hospital, Ahmedabad",,,,,,,hospital,,,,,,,,,,,,,,,,,,,,,,,OpenGovernmentData,,,,,,,,,,,,,,,,,,,,,,,,,,,,,,,,,,,,,,node,,,,,
23.0006799,False,3,"{""addr:district"":""Ahmedabad"",""addr:state"":""Gujarat""}",6975842889,72.546536,0.0,1600366410,,,"Hari-Om Complex, Opposite Vasna Telephone Exchange, Vasna, Opposite Vasna Telephone Exchange, Vasna",,,380007,,,,"Matoshree Hospital, Ahmedabad",,,,,,,hospital,,,,,,,,,,,,,,,,,,,,,,,OpenGovernmentData,,,,,,,,,,,,,,,,,,,,,,,,,,,,,,,,,,,,,,node,,,,,
23.0371183,False,4,"{""addr:district"":""Ahmedabad"",""addr:state"":""Gujarat"",""operator:type"":""private""}",6975854570,72.5290078,0.0,1653384658,,,"A/405-406, Himalaya Arcade, Opposite Vastrapur Lake, Vastrapur",,,380015,,,,Aashwi E.N.T.Hospital,,,,,,https://aashwient.com/,hospital,,,,,,,,,,,,,,,,,,,,,,,OpenGovernmentData,,,,,,,,,,,,,,,,,,,,,,,,,,,,,,,,,,,,,,node,,,,,
23.1067781,False,4,"{""addr:district"":""Ahmedabad"",""addr:state"":""Gujarat"",""healthcare"":""hospital""}",6975854571,72.5980747,0.0,1635246226,,,"303 Vitthal Mall, Second Floor, Nanakram Super Market,Opposite H H High School , Ram Nagar, Chandkheda",,,380005,,,,Pushpa Children Hospital and Neonatal Care,,,,,,,hospital,,,,,,,,,,,,,,,,,,,,,,,OpenGovernmentData,,,,,,,,,,,,,,,,,,,,,,,,,,,,,,,,,,,,,,node,,,,,
23.0469542,False,3,"{""addr:district"":""Ahmedabad"",""addr:state"":""Gujarat""}",6975865066,72.5556147,0.0,1600366142,,,"Soham Complex, Opp. Ganesh Tower Soham Complex, Navrangapura",,,380014,,,,Aarogyam Speciality Hospital,,,,,,,hospital,,,,,,,,,,,,,,,,,,,,,,,OpenGovernmentData,,,,,,,,,,,,,,,,,,,,,,,,,,,,,,,,,,,,,,node,,,,,
23.0713999,False,3,"{""addr:district"":""Ahmedabad"",""addr:state"":""Gujarat""}",6975865077,72.5591303,0.0,1600364758,,,"A-Block, Shantram Complex, Opposite Vaibhav Complex, Near Nirnaynagar Garnala, Nirnaynagar",,,382481,,,,Trisha Trauma Centre and Icu,,,,,,,hospital,,,,,,,,,,,,,,,,,,,,,,,OpenGovernmentData,,,,,,,,,,,,,,,,,,,,,,,,,,,,,,,,,,,,,,node,,,,,
22.979135,False,3,"{""addr:district"":""Ahmedabad"",""addr:state"":""Gujarat""}",6975865082,72.6195304,0.0,1600364427,,,"Cadila Punitnagar Road, Ghodasar",,,380050,,,,Shreejee Hospital,,,,,,,hospital,,,,,,,,,,,,,,,,,,,,,,,OpenGovernmentData,,,,,,,,,,,,,,,,,,,,,,,,,,,,,,,,,,,,,,node,,,,,
23.0130681,False,5,"{""addr:district"":""Ahmedabad"",""addr:state"":""Gujarat"",""healthcare"":""hospital""}",6975868087,72.5245995,0.0,1648846687,,,"Aksharshara ,Opp Sachin Tower ,Shyamai Cross Roads,Satellite",,,380015,,,,Sanjivani Maternity,,,,,,,hospital,,,,,,,,,,,,,,,,,,,,,,,OpenGovernmentData,,,,,,,,,,,,,,,,,,,,,,,,,,,,,,,,,,,,,,node,,,,,
23.0162681,False,3,"{""addr:district"":""Ahmedabad"",""addr:state"":""Gujarat""}",6975868149,72.5681533,0.0,1600365503,,,"11-12,Nand Apartment",,,380001,,,,Dr. Devendra Kanaiyalal Hospital and Nursing Home,,,,,,,hospital,,,,,,,,,,,,,,,,,,,,,,,OpenGovernmentData,,,,,,,,,,,,,,,,,,,,,,,,,,,,,,,,,,,,,,node,,,,,
23.079662,False,3,"{""addr:district"":""Ahmedabad"",""addr:state"":""Gujarat""}",6975868154,72.5740326,0.0,1600365625,,,"3, Parshvanath Society, Near District Co.Op. Bank Ranip Ranip",,,382480,,,,Harsiddh Hospital,,,,,,,hospital,,,,,,,,,,,,,,,,,,,,,,,OpenGovernmentData,,,,,,,,,,,,,,,,,,,,,,,,,,,,,,,,,,,,,,node,,,,,
23.0152127,False,3,"{""addr:district"":""Ahmedabad"",""addr:state"":""Gujarat""}",6975868159,72.5638162,0.0,1600365517,,,Sumeru Complex Above Tanna Travels Paldi Chor Rasta,,,380007,,,,Gheewala Hospital,,,,,,,hospital,,,,,,,,,,,,,,,,,,,,,,,OpenGovernmentData,,,,,,,,,,,,,,,,,,,,,,,,,,,,,,,,,,,,,,node,,,,,
23.046184,False,3,"{""addr:district"":""Ahmedabad"",""addr:state"":""Gujarat""}",6975868164,72.533758,0.0,1600366078,,,"2nd Floor, Heritage Plaza, Opposite Gurukul Tower, Drive-In-Road",,,380052,,,,Rushabh Uro Hospital,,,,,,,hospital,,,,,,,,,,,,,,,,,,,,,,,OpenGovernmentData,,,,,,,,,,,,,,,,,,,,,,,,,,,,,,,,,,,,,,node,,,,,
23.0594844,False,4,"{""addr:district"":""Ahmedabad"",""addr:state"":""Gujarat"",""healthcare"":""hospital""}",6975868185,72.5360284,0.0,1716378860,,,"B/3, Agrawal Towers, Bhuyangdev Rasta, Sola Road",,,380061,,,,Vallabh Surgical Hospital,,,,,,,hospital,,,,,,,,,,,,,,,,,,,,,,,OpenGovernmentData,,,,,,,,,,,,,,,,,,,,,,,,,,,,,,,,,,,,,,node,,,,,
22.9980056,False,3,"{""addr:district"":""Ahmedabad"",""addr:state"":""Gujarat""}",6975868232,72.6097913,0.0,1600366643,,,"2nd Floor Akash Compelx,Maninagar Station Road",,,380008,,,,Dr. Shurti Ent Hospital,,,,,,,hospital,,,,,,,,,,,,,,,,,,,,,,,OpenGovernmentData,,,,,,,,,,,,,,,,,,,,,,,,,,,,,,,,,,,,,,node,,,,,
22.9933987,False,3,"{""addr:district"":""Ahmedabad"",""addr:state"":""Gujarat""}",6975868242,72.6291548,0.0,1600365950,,,"B-1, Shripal Comm,Centre Hatkeshwar Circle , Khokhare",,,380008,,,,Babycare Children Hospital and Neonatal Centre,,,,,,,hospital,,,,,,,,,,,,,,,,,,,,,,,OpenGovernmentData,,,,,,,,,,,,,,,,,,,,,,,,,,,,,,,,,,,,,,node,,,,,
23.0388744,False,4,"{""addr:district"":""Ahmedabad"",""addr:state"":""Gujarat"",""healthcare"":""hospital""}",6975896997,72.6309961,0.0,1686198616,,,"Dinesh Chambers, Indza Colony Cross Road",,,382350,,,,Venkaria Ortho Hospital,,,,,,,hospital,,,,,,,,,,,,,,,,,,,,,,,OpenGovernmentData,,,,,,,,,,,,,,,,,,,,,,,,,,,,,,,,,,,,,,node,,,,,
23.0182599,False,5,"{""addr:district"":""Ahmedabad"",""addr:state"":""Gujarat"",""healthcare"":""hospital""}",6976062877,72.5568886,0.0,1718975027,,,"17, Parimal Society B/H Prerna Arcade, Near Parimal Garden",,,380006,,,,Diva Eye Institute Hospital,,,,,,,hospital,,,,,,,,,,,,,,,,,,,,,,,OpenGovernmentData,,,,,,,,,,,,,,,,,,,,,,,,,,,,,,,,,,,,,,node,,,,,
23.0186294,False,3,"{""addr:district"":""Ahmedabad"",""addr:state"":""Gujarat""}",6976100898,72.5584531,0.0,1600365495,,,4Th Floor Nand Kutir B/H Doctor House Nr Parimal Rly Crossing Ellisbridge,,,380006,,,,Khush Eye Hospital,,,,,,,hospital,,,,,,,,,,,,,,,,,,,,,,,OpenGovernmentData,,,,,,,,,,,,,,,,,,,,,,,,,,,,,,,,,,,,,,node,,,,,
23.0250378,False,3,"{""addr:district"":""Ahmedabad"",""addr:state"":""Gujarat""}",6976102868,72.5233135,0.0,1600364963,,,"2nd Floor, Sangini Complex, Near Doctor House, Near Parimal Crossing",,,380001,,,,Sangini Hospital,,,,,,,hospital,,,,,,,,,,,,,,,,,,,,,,,OpenGovernmentData,,,,,,,,,,,,,,,,,,,,,,,,,,,,,,,,,,,,,,node,,,,,
23.0694294,False,3,"{""addr:district"":""Ahmedabad"",""addr:state"":""Gujarat""}",6976113859,72.5431028,0.0,1600366171,,,"Astha Medical Complex, 2nd Floor, Prabhat Chowk, Rannapark",,,380061,,,,Aneri Children Hospital,,,,,,,hospital,,,,,,,,,,,,,,,,,,,,,,,OpenGovernmentData,,,,,,,,,,,,,,,,,,,,,,,,,,,,,,,,,,,,,,node,,,,,
23.0838463,False,3,"{""addr:district"":""Ahmedabad"",""addr:state"":""Gujarat""}",6976113864,72.5911814,0.0,1600365612,,,"Nilkamal Comlex, 1st. Floor Behind: Shribalaji Comlex, Ramnagar",,,380005,,,,Divya Jyot Eye Hospital,,,,,,,hospital,,,,,,,,,,,,,,,,,,,,,,,OpenGovernmentData,,,,,,,,,,,,,,,,,,,,,,,,,,,,,,,,,,,,,,node,,,,,
23.0241454,False,3,"{""addr:district"":""Ahmedabad"",""addr:state"":""Gujarat""}",6976113865,72.5498479,0.0,1600365096,,,"Eye Care Hospital, Polytechnic Road , B/H Ioc Petrol Pump Ambawadi",,,380015,,,,Eye Care Hospital Pvt. Ltd.,,,,,,,hospital,,,,,,,,,,,,,,,,,,,,,,,OpenGovernmentData,,,,,,,,,,,,,,,,,,,,,,,,,,,,,,,,,,,,,,node,,,,,
23.0519939,False,3,"{""addr:district"":""Ahmedabad"",""addr:state"":""Gujarat"",""addr:subdistrict"":""Naranpura"",""operator:type"":""private""}",6976120285,72.5640978,0.0,1600364683,,,"Dhananjibhai Complex, B Block, Near Naranpura Railway Crossing",,,380013,,,,Raj Ent Hospital,,,,,,,hospital,,,,,,,,,,,,,,,,,,,,,,,OpenGovernmentData,,,,,,,,,,,,,,,,,,,,,,,,,,,,,,,,,,,,,,node,,,,,
23.0461976,False,3,"{""addr:district"":""Ahmedabad"",""addr:state"":""Gujarat""}",6976120295,72.5616597,0.0,1600366543,,,"9, Nathalal Colony, Near Sardar Patel Statue, Stadium Road",,,380014,,,,Valu Hospital,,,,,,,hospital,,,,,,,,,,,,,,,,,,,,,,,OpenGovernmentData,,,,,,,,,,,,,,,,,,,,,,,,,,,,,,,,,,,,,,node,,,,,
23.1204422,False,3,"{""addr:district"":""Ahmedabad"",""addr:state"":""Gujarat""}",6976136403,72.5815442,0.0,1600366022,,,"Mehshana State Highway, Near Chandkheda Bus Stop, Chandkheda",,,380016,,,,Satyamev Hospital,,,,,,,hospital,,,,,,,,,,,,,,,,,,,,,,,OpenGovernmentData,,,,,,,,,,,,,,,,,,,,,,,,,,,,,,,,,,,,,,node,,,,,
23.0047117,False,4,"{""addr:district"":""Ahmedabad"",""addr:state"":""Gujarat"",""operator:type"":""private""}",6976136409,72.5374903,0.0,1653384313,,,"Polio Foundation Sewa Sansthan, Pavansut Society, Near Rajvadu,B/h.Sun Flower School, Jivrajpark",,,380051,,,info@poliofoundation.org,Polio Foundation,,,,,,https://poliofoundation.org/,hospital,,,,,,,,,,,,,,,,,,,,,,,OpenGovernmentData,,,,,,,,,,,,,,,,,,,,,,,,,,,,,,,,,,,,,,node,,,,,
23.0070978,False,3,"{""addr:district"":""Ahmedabad"",""addr:state"":""Gujarat""}",6976136430,72.5567982,0.0,1600365221,,,"3, Adharshila Ground Floor, Near Fatehpura Post Office Vasna Road",,,380007,,,,Archit Orthopaedic Hospital,,,,,,,hospital,,,,,,,,,,,,,,,,,,,,,,,OpenGovernmentData,,,,,,,,,,,,,,,,,,,,,,,,,,,,,,,,,,,,,,node,,,,,
23.063798,False,4,"{""addr:district"":""Ahmedabad"",""addr:state"":""Gujarat"",""contact:phone"":""7922836817"",""healthcare"":""hospital""}",6976489668,72.6422057,0.0,1686198616,,,"12-13, Kamla Market Opposite Ramdev Mandir, Patia, Naroda Road",,,382443,,,,"Saraswati Eye Hospital, Ahmedabad",,,,,,,hospital,,,,,,,,,,,,,,,,,,,,,,,OpenGovernmentData,,,,,,,,,,,,,,,,,,,,,,,,,,,,,,,,,,,,,,node,,,,,
23.0218028,False,3,"{""addr:district"":""Ahmedabad"",""addr:state"":""Gujarat""}",6976489889,72.5413272,0.0,1600365484,,,"1 Tapovan Society S M Road Nehrunagar Char Rasta, Satelite Road Ambawadi",,,380015,,,,"Bavishi Eye Hospital, Ahmedabad",,,,,,,hospital,,,,,,,,,,,,,,,,,,,,,,,OpenGovernmentData,,,,,,,,,,,,,,,,,,,,,,,,,,,,,,,,,,,,,,node,,,,,
23.000075,False,3,"{""addr:district"":""Ahmedabad"",""addr:state"":""Gujarat""}",6976523987,72.6591285,0.0,1600365091,,,"4Th Floor, Siddhi Vinayak Plaza, Opp Kankubag Party Plot, Nirant Char Rasta, Vastral Road, Ratanpura-Vastral",,,382415,,,,"Shreedhar Hospital, Ahmedabad",,,,,,,hospital,,,,,,,,,,,,,,,,,,,,,,,OpenGovernmentData,,,,,,,,,,,,,,,,,,,,,,,,,,,,,,,,,,,,,,node,,,,,
23.0176604,False,4,"{""addr:district"":""Ahmedabad"",""addr:state"":""Gujarat"",""addr:subdistrict"":""Paldi"",""operator:type"":""private""}",6977128103,72.560572,0.0,1721162260,,,"Sonal Nursing Home, Opposite Jalaram Mandir Shitalbaug, Paldi",,,380007,,,,Aash Arthoscopy Centre,,,,,,https://aasharthroscopy.com/,hospital,,,,,,,,,,,,,,,,,,,,,,,OpenGovernmentData,,,,,,,,,,,,,,,,,,,,,,,,,,,,,,,,,,,,,,node,,,,,
22.9997985,False,3,"{""addr:district"":""Ahmedabad"",""addr:state"":""Gujarat""}",6977128122,72.6359045,0.0,1600366378,,,"Wander Point, Near Bharavi Tower, CTM",,,380026,,,,"Ashirwad Surgical Hospital, C.T.M",,,,,,,hospital,,,,,,,,,,,,,,,,,,,,,,,OpenGovernmentData,,,,,,,,,,,,,,,,,,,,,,,,,,,,,,,,,,,,,,node,,,,,
23.0256722,False,3,"{""addr:district"":""Ahmedabad"",""addr:state"":""Gujarat""}",6977128145,72.5319609,0.0,1600365398,,,"Opposite Umiya Society & Bimanagar, B/H Jaishefali Row Houses, Satalite Road, Ambawadi",,,380015,,,,Sushri Jasumatiben Shantilal Surti Charitable General Hospital,,,,,,,hospital,,,,,,,,,,,,,,,,,,,,,,,OpenGovernmentData,,,,,,,,,,,,,,,,,,,,,,,,,,,,,,,,,,,,,,node,,,,,
23.0095864,False,3,"{""addr:district"":""Ahmedabad"",""addr:state"":""Gujarat""}",6977175156,72.5988331,0.0,1600365442,,,"3 Vijay Tower, Opposite Abad Dairy, Kankaria",,,380022,,,,Dr. Shailesh Shah Surgical Hospital and End. Clinic,,,,,,,hospital,,,,,,,,,,,,,,,,,,,,,,,OpenGovernmentData,,,,,,,,,,,,,,,,,,,,,,,,,,,,,,,,,,,,,,node,,,,,
23.0471713,False,4,"{""addr:district"":""Ahmedabad"",""addr:state"":""Gujarat""}",6977209293,72.5582439,0.0,1721220840,,,"Beside Meghaiaya Flats, Near Sardar Patel Colony, Naranpura",,,380014,,,,"Vrundavan Hospital, Ahmedabad",,,,,,,hospital,,,,,,,,,,,,,,,,,,,,,,,OpenGovernmentData,,,,,,,,,,,,,,,,,,,,,,,,,,,,,,,,,,,,,,node,,,,,
23.0538573,False,3,"{""addr:district"":""Ahmedabad"",""addr:state"":""Gujarat""}",6977547385,72.5956231,0.0,1600366421,,,"S-15,Shubh Comp[Lex, 2nd Floor, , S-15,Shubh Comp[Lex, 2nd Floor",,,380004,,,,Arihant Heart And Medical Hospital,,,,,,,hospital,,,,,,,,,,,,,,,,,,,,,,,OpenGovernmentData,,,,,,,,,,,,,,,,,,,,,,,,,,,,,,,,,,,,,,node,,,,,
23.0109689,False,3,"{""addr:district"":""Ahmedabad"",""addr:state"":""Gujarat""}",6977560828,72.5626293,0.0,1600365809,,,"301, Shivalik-5 Above Indore Chat, Mahalaxmi Cross Roads Paldi",,,380007,,,,"Shaurya Hospital, Ahmedabad",,,,,,,hospital,,,,,,,,,,,,,,,,,,,,,,,OpenGovernmentData,,,,,,,,,,,,,,,,,,,,,,,,,,,,,,,,,,,,,,node,,,,,
23.0539511,False,3,"{""addr:district"":""Ahmedabad"",""addr:state"":""Gujarat""}",6977562492,72.595426,0.0,1600365001,,,"2nd Floor, Shubh Complex Near Rajasthan Hospital, Opp Kedar Flat, Shahibagh",,,380004,,,,Sparsh Netralaya,,,,,,,hospital,,,,,,,,,,,,,,,,,,,,,,,OpenGovernmentData,,,,,,,,,,,,,,,,,,,,,,,,,,,,,,,,,,,,,,node,,,,,
23.0048092,False,3,"{""addr:district"":""Ahmedabad"",""addr:state"":""Gujarat""}",6977562756,72.5901327,0.0,1600365709,,,"Mangal Park Bus Stop, Opp, Petrol Pump Gita Mandir Road",,,380022,,,,"Parth Eye Hospital, Ahmedabad",,,,,,,hospital,,,,,,,,,,,,,,,,,,,,,,,OpenGovernmentData,,,,,,,,,,,,,,,,,,,,,,,,,,,,,,,,,,,,,,node,,,,,
23.0395285,False,4,"{""addr:district"":""Ahmedabad"",""addr:state"":""Gujarat"",""healthcare"":""hospital""}",6977588678,72.67597,0.0,1686198616,,,"1st Floor, Sai-Dham Complex, Near Sahajanand School, Mahadev Nagar Tekra, Vastral",,,382418,,,,"Swastik Hospital, Ahmedabad",,,,,,,hospital,,,,,,,,,,,,,,,,,,,,,,,OpenGovernmentData,,,,,,,,,,,,,,,,,,,,,,,,,,,,,,,,,,,,,,node,,,,,
23.0129094,False,4,"{""addr:district"":""Ahmedabad"",""addr:state"":""Gujarat"",""addr:subdistrict"":""Ahmedabad"",""operator:type"":""private""}",6977637653,72.5457716,0.0,1698177937,,,"Navkar Complex, Near Shreyas Railway Crossing Ambawadi",,,380015,,,medrh@yahoo.co.in,Navkar Hospital,,,,,,https://navkarhospital.in/,hospital,,,,,,,,,,,,,,,,,,,,,,,OpenGovernmentData,,,,,,,,,,,,,,,,,,,,,,,,,,,,,,,,,,,,,,node,,,,,
23.1029936,False,3,"{""addr:district"":""Ahmedabad"",""addr:state"":""Gujarat"",""addr:subdistrict"":""Sabarmati"",""operator:type"":""private""}",6977866283,72.5697277,0.0,1600365453,,,"33-34, D-Cabin, Shantiniketan Shopping Complex, Sabarmati",,,380019,,,pushpamgynee@yahoo.com,"Pushpam Hospital, Ahmedabad",,,,,,,hospital,,,,,,,,,,,,,,,,,,,,,,,OpenGovernmentData,,,,,,,,,,,,,,,,,,,,,,,,,,,,,,,,,,,,,,node,,,,,
23.0668688,False,4,"{""addr:district"":""Ahmedabad"",""addr:state"":""Gujarat""}",6977867216,72.583823,0.0,1720617002,,,"F-8, Nandanvan Complex, Near Kaveri Complex, Subhasbridge Circle, R.T.O",,,380027,,,,"Swari Ent Hospital, Ahmedabad",,,,,,,hospital,,,,,,,,,,,,,,,,,,,,,,,OpenGovernmentData,,,,,,,,,,,,,,,,,,,,,,,,,,,,,,,,,,,,,,node,,,,,
23.0063905,False,3,"{""addr:district"":""Ahmedabad"",""addr:state"":""Gujarat""}",6977886470,72.5335769,0.0,1600364400,,,"101, Dhanlaxmi Complex, Near Jivraj Park Bus Stop, Vejalpur Road",,,380052,,,,"Sagar Hospital, Ahmedabad",,,,,,,hospital,,,,,,,,,,,,,,,,,,,,,,,OpenGovernmentData,,,,,,,,,,,,,,,,,,,,,,,,,,,,,,,,,,,,,,node,,,,,
23.0259215,False,4,"{""addr:district"":""Ahmedabad"",""addr:state"":""Gujarat"",""contact:phone"":""7926754848"",""healthcare"":""hospital"",""operator:type"":""private""}",6977886679,72.5268432,0.0,1632407478,,,"5, 1st Floor, Gold Coin Complex, B BlockJodhpur Char Rasta, Satellite RoadSatellite",,,380015,,,drsanjaychhabra@yahoo.com,Chhabra Eye Hospital,,,,,,,hospital,,,,,,,,,,,,,,,,,,,,,,,OpenGovernmentData,,,,,,,,,,,,,,,,,,,,,,,,,,,,,,,,,,,,,,node,,,,,
23.0482795,False,4,"{""addr:district"":""Ahmedabad"",""addr:state"":""Gujarat"",""healthcare"":""hospital""}",6977959988,72.5337875,0.0,1716378776,,,"New Natraj Complex, Opposite Vijaya Bank , ,Near Navneet Publication, Gurukul Road",,,380052,,,,"Vatsalya Children Hospital, Ahmedabad",,,,,,,hospital,,,,,,,,,,,,,,,,,,,,,,,OpenGovernmentData,,,,,,,,,,,,,,,,,,,,,,,,,,,,,,,,,,,,,,node,,,,,
23.0255723,False,3,"{""addr:district"":""Ahmedabad"",""addr:state"":""Gujarat""}",6977983456,72.5275755,0.0,1600365176,,,"S. 3/A, Goldcoin Complex, Jodhpur Char Rasta, Satellite Road",,,380015,,,,Aastha Eye Hospital,,,,,,,hospital,,,,,,,,,,,,,,,,,,,,,,,OpenGovernmentData,,,,,,,,,,,,,,,,,,,,,,,,,,,,,,,,,,,,,,node,,,,,
23.0827619,False,5,"{""addr:district"":""Ahmedabad"",""addr:state"":""Gujarat"",""healthcare"":""hospital"",""operator:type"":""private"",""wheelchair"":""yes""}",6977984314,72.524609,0.0,1716363065,,,"GMERS Medical Collage, Sola, SG Highway",,,380054,,,,Gmers Medical College Hospital,,,,,,http://www.gmersmchsola.com,hospital,,,,,,,,,,,,,,,,,,,,,,,OpenGovernmentData,,,,,,,,,,,,,,,,,,,,,,,,,,,,,,,,,,,,,,node,,,,,
23.0354102,False,3,"{""addr:district"":""Ahmedabad"",""addr:state"":""Gujarat""}",6978013050,72.5594562,0.0,1600365109,,,"Anamay Building, Near Hotel President,Swastik Char Rasta,C.G.Road,Navrangpura",,,380009,,,,"Super Surgical Hospital, Ahmedabad",,,,,,,hospital,,,,,,,,,,,,,,,,,,,,,,,OpenGovernmentData,,,,,,,,,,,,,,,,,,,,,,,,,,,,,,,,,,,,,,node,,,,,
23.0672085,False,3,"{""addr:district"":""Ahmedabad"",""addr:state"":""Gujarat"",""addr:subdistrict"":""Navavadaj"",""operator:type"":""private""}",6978023117,72.5631899,0.0,1600366258,,,"Surya Rani Complex, Block B, 2nd Floor, Akhabar Nagar Cross Road",,,380013,,,krishnahospital@yahoo.com,Krishna Hospital and ICCU,,,,,,,hospital,,,,,,,,,,,,,,,,,,,,,,,OpenGovernmentData,,,,,,,,,,,,,,,,,,,,,,,,,,,,,,,,,,,,,,node,,,,,
23.0137315,False,3,"{""addr:district"":""Ahmedabad"",""addr:state"":""Gujarat"",""contact:mobile"":""9824061766"",""contact:phone"":""07926751234; 26754929;""}",6978283068,72.5253627,0.0,1600365500,,,"302,Vraj Complex Opp Dhananjay Towers Near Shyamal Cross Roads",,,380015,,,,Satellite Orthopaedic Hospital And Research Centre Pvt Ltd,,,,,,,hospital,,,,,,,,,,,,,,,,,,,,,,,OpenGovernmentData,,,,,,,,,,,,,,,,,,,,,,,,,,,,,,,,,,,,,,node,,,,,
23.0070435,False,3,"{""addr:district"":""Ahmedabad"",""addr:state"":""Gujarat""}",6978371845,72.5658171,0.0,1600365208,,,"203,204,Chirayu Complex,Vishwakunj Char Rasta,Narayan Nagar Road,Paldi",,,380007,,,,Chirayu Orthopaedic and Spine Hospital,,,,,,,hospital,,,,,,,,,,,,,,,,,,,,,,,OpenGovernmentData,,,,,,,,,,,,,,,,,,,,,,,,,,,,,,,,,,,,,,node,,,,,
23.0400753,False,4,"{""addr:district"":""Ahmedabad"",""addr:state"":""Gujarat"",""healthcare"":""hospital""}",6978383380,72.5777945,0.0,1716372522,,,Jay Kunj Cplx. Shanker Bhavan Outside Shahpur Darwaja,,,380004,,,,Adwait Ent Hospital,,,,,,,hospital,,,,,,,,,,,,,,,,,,,,,,,OpenGovernmentData,,,,,,,,,,,,,,,,,,,,,,,,,,,,,,,,,,,,,,node,,,,,
23.013039,False,3,"{""addr:district"":""Ahmedabad"",""addr:state"":""Gujarat""}",6978384976,72.5637853,0.0,1600366663,,,"3Road Floor, Ambika Complex, Paldi Char Rasta",,,380007,,,,"Long Life Hospital, Ahmedabad",,,,,,,hospital,,,,,,,,,,,,,,,,,,,,,,,OpenGovernmentData,,,,,,,,,,,,,,,,,,,,,,,,,,,,,,,,,,,,,,node,,,,,
23.0239912,False,6,"{""addr:district"":""Ahmedabad"",""addr:state"":""Gujarat"",""healthcare"":""hospital""}",6978398222,72.5313695,0.0,1731468634,,,"A, 102, Maruti Towers, Satellite Road",,,380015,,,,"Mamta Children Hospital, Ahmedabad",,,,,,,hospital,,,,,,,,,,,,,,,,,,,,,,,OpenGovernmentData,,,,,,,,,,,,,,,,,,,,,,,,,,,,,,,,,,,,,,node,,,,,
23.0373342,False,3,"{""addr:district"":""Ahmedabad"",""addr:state"":""Gujarat""}",6978561277,72.57069,0.0,1600365907,,,Near Dinesh Hall Ashram Road,,,380009,,,,Shantilal Parikh Hospital and Check Up Clinic,,,,,,,hospital,,,,,,,,,,,,,,,,,,,,,,,OpenGovernmentData,,,,,,,,,,,,,,,,,,,,,,,,,,,,,,,,,,,,,,node,,,,,
23.0671493,False,3,"{""addr:district"":""Ahmedabad"",""addr:state"":""Gujarat"",""addr:subdistrict"":""Ahmedabad"",""operator:type"":""private""}",6978571652,72.566613,0.0,1600366591,,,"A/1, Nildhara Appartment, Bhavsar Hostel Road, New Vadaj, Opp Shivam Flates, Opposite Vyas Vadi",,,380013,,,anilvpatel@hotmail.com,Dr.Anil V.Patel Eye Hospital,,,,,,,hospital,,,,,,,,,,,,,,,,,,,,,,,OpenGovernmentData,,,,,,,,,,,,,,,,,,,,,,,,,,,,,,,,,,,,,,node,,,,,
23.0442336,False,4,"{""addr:district"":""Ahmedabad"",""addr:state"":""Gujarat"",""healthcare"":""hospital""}",6978571769,72.6049981,0.0,1686198616,,,Near : Dena Bank Asarwa Chakla,,,380016,,,,Sharda Clinic and Hospital,,,,,,,hospital,,,,,,,,,,,,,,,,,,,,,,,OpenGovernmentData,,,,,,,,,,,,,,,,,,,,,,,,,,,,,,,,,,,,,,node,,,,,
23.0188639,False,3,"{""addr:district"":""Ahmedabad"",""addr:state"":""Gujarat"",""addr:subdistrict"":""Ahmedabad"",""operator:type"":""private""}",6978625512,72.5606538,0.0,1600366601,,,"60, Bhrahmin Mitra Mandal Soc., Near Old Sharda Mandir Railway Crossing, Ellisbridge",,,380006,,,rajanjoshi44@gmail.com,Dr.Joshi Maternity And Gynec Hospital,,,,,,http://www.joshigynechospital.com/,hospital,,,,,,,,,,,,,,,,,,,,,,,OpenGovernmentData,,,,,,,,,,,,,,,,,,,,,,,,,,,,,,,,,,,,,,node,,,,,
23.0263782,False,4,"{""addr:district"":""Ahmedabad"",""addr:state"":""Gujarat"",""healthcare"":""hospital""}",6978633948,72.5260802,0.0,1632407478,,,"Kedar`, Opposite Petrol Pump, Near Parimal Garden",,,380006,,,,Dr.Nagoris Institute Hospital,,,,,,,hospital,,,,,,,,,,,,,,,,,,,,,,,OpenGovernmentData,,,,,,,,,,,,,,,,,,,,,,,,,,,,,,,,,,,,,,node,,,,,
23.0017415,False,3,"{""addr:district"":""Ahmedabad"",""addr:state"":""Gujarat""}",6978658096,72.5917406,0.0,1600364555,,,"2-Hari Nagar Society, OppositeTelephone Exchange,Kankaria Road, Near Shahalam Tolnaka",,,380028,,,,Dr.Soneji Hospital,,,,,,,hospital,,,,,,,,,,,,,,,,,,,,,,,OpenGovernmentData,,,,,,,,,,,,,,,,,,,,,,,,,,,,,,,,,,,,,,node,,,,,
23.0557144,False,3,"{""addr:district"":""Ahmedabad"",""addr:state"":""Gujarat""}",6978692867,72.5907777,0.0,1600366092,,,"Near Under Bridge, Rejbhavan Road, Shahibag",,,380004,,,,Eye Research Centre And Retina Foundation,,,,,,,hospital,,,,,,,,,,,,,,,,,,,,,,,OpenGovernmentData,,,,,,,,,,,,,,,,,,,,,,,,,,,,,,,,,,,,,,node,,,,,
23.0232494,False,3,"{""addr:district"":""Ahmedabad"",""addr:state"":""Gujarat""}",6978708394,72.5719513,0.0,1600366578,,,"Agrawal Chamber ,2nd Floor.Opposite Town Halll,Asharam Road",,,380007,,,,Dr. Manoj Tank E.N.T. Hospital,,,,,,,hospital,,,,,,,,,,,,,,,,,,,,,,,OpenGovernmentData,,,,,,,,,,,,,,,,,,,,,,,,,,,,,,,,,,,,,,node,,,,,
23.0496493,False,4,"{""addr:district"":""Ahmedabad"",""addr:state"":""Gujarat"",""healthcare"":""hospital""}",6978708767,72.6573488,0.0,1686198616,,,"Sahajanand Complex, Bapa Sitaram Chowk, Harivilla Road, B/H. Parshwnath Town Ship, Nava Naroda",,,380025,,,,"Prasad Hospital, Ahmedabad",,,,,,,hospital,,,,,,,,,,,,,,,,,,,,,,,OpenGovernmentData,,,,,,,,,,,,,,,,,,,,,,,,,,,,,,,,,,,,,,node,,,,,
23.0099185,False,3,"{""addr:district"":""Ahmedabad"",""addr:state"":""Gujarat"",""contact:mobile"":""9825313138""}",6978775436,72.6450951,0.0,1600365214,,,"1-Arbudanagar, OppositePanchdev Mandir, Odhav",,,382415,,,,Rangam Multispeciality Hospital,,,,,,,hospital,,,,,,,,,,,,,,,,,,,,,,,OpenGovernmentData,,,,,,,,,,,,,,,,,,,,,,,,,,,,,,,,,,,,,,node,,,,,
23.0662892,False,3,"{""addr:district"":""Ahmedabad"",""addr:state"":""Gujarat"",""addr:subdistrict"":""Navavadaj"",""operator:type"":""private""}",6978935663,72.5629491,0.0,1600365105,,,"C - 101, Sweni Complex, Near Akhbarnagar Circle, Opposite Ronak Park",,,380013,,,,Astha Orthopedic and Spine Hospital,,,,,,,hospital,,,,,,,,,,,,,,,,,,,,,,,OpenGovernmentData,,,,,,,,,,,,,,,,,,,,,,,,,,,,,,,,,,,,,,node,,,,,
23.1105464,False,3,"{""addr:district"":""Ahmedabad"",""addr:state"":""Gujarat""}",6978978091,72.5849734,0.0,1600365594,,,"Laxmikrupa Society Near Shiv Shakti Bus Stop, Chandkheda",,,380001,,,,Amrut Arogyadham Medical Hospital,,,,,,,hospital,,,,,,,,,,,,,,,,,,,,,,,OpenGovernmentData,,,,,,,,,,,,,,,,,,,,,,,,,,,,,,,,,,,,,,node,,,,,
23.0125983,False,4,"{""addr:district"":""Ahmedabad"",""addr:state"":""Gujarat"",""addr:subdistrict"":""Ahmedabad"",""healthcare"":""hospital"",""operator:type"":""private""}",6978978566,72.5178203,0.0,1629105967,,,"218- Sahajanand Palace, Opposite Rahul Tower, Anand Nagar Road, Satellite",,,380051,,,,Rushabh Medi-Surge Hospital Pvt Ltd,,,,,,,hospital,,,,,,,,,,,,,,,,,,,,,,,OpenGovernmentData,,,,,,,,,,,,,,,,,,,,,,,,,,,,,,,,,,,,,,node,,,,,
23.0520957,False,3,"{""addr:district"":""Ahmedabad"",""addr:state"":""Gujarat""}",6978995190,72.6002379,0.0,1600365847,,,"1st Floor,Agrasen Tower,Opp B.J Medical College,Asarwa",,,380016,,,,Jay Orthopaedic Hospital,,,,,,,hospital,,,,,,,,,,,,,,,,,,,,,,,OpenGovernmentData,,,,,,,,,,,,,,,,,,,,,,,,,,,,,,,,,,,,,,node,,,,,
23.0411786,False,3,"{""addr:district"":""Ahmedabad"",""addr:state"":""Gujarat""}",6978995195,72.5621706,0.0,1600365303,,,"45, Hindu Colony, Nr Stadium Circle, Navrangura",,,380009,,,,Pramukh Neurosurgical Hosptial,,,,,,,hospital,,,,,,,,,,,,,,,,,,,,,,,OpenGovernmentData,,,,,,,,,,,,,,,,,,,,,,,,,,,,,,,,,,,,,,node,,,,,
23.0042895,False,3,"{""addr:district"":""Ahmedabad"",""addr:state"":""Gujarat""}",6979071770,72.5905082,0.0,1600365738,,,"3Road Floor, Sanket Complex, Opp Petrol Pump Mangal Park, Bhulabhai Park, Geetamandir Road",,,380022,,,,"Trupti Heart and Medical Hospital, Ahmedabad",,,,,,,hospital,,,,,,,,,,,,,,,,,,,,,,,OpenGovernmentData,,,,,,,,,,,,,,,,,,,,,,,,,,,,,,,,,,,,,,node,,,,,
23.0472453,False,3,"{""addr:district"":""Ahmedabad"",""addr:state"":""Gujarat""}",6979129057,72.5624844,0.0,1600364398,,,"1st Floor, Subhlaxmi Complex, Opposite Sanghvi School, Naran Pura",,,380013,,,,Aash Surgical Hospital,,,,,,,hospital,,,,,,,,,,,,,,,,,,,,,,,OpenGovernmentData,,,,,,,,,,,,,,,,,,,,,,,,,,,,,,,,,,,,,,node,,,,,
23.010948,False,3,"{""addr:district"":""Ahmedabad"",""addr:state"":""Gujarat""}",6979134750,72.5465682,0.0,1600364381,,,"2, Radharamn Centre, Opposite Jaydeep Tower, Paldi",,,380007,,,,Kanchi Orthopaedic Hospital,,,,,,,hospital,,,,,,,,,,,,,,,,,,,,,,,OpenGovernmentData,,,,,,,,,,,,,,,,,,,,,,,,,,,,,,,,,,,,,,node,,,,,
23.0993792,False,4,"{""addr:district"":""Gandhinagar"",""addr:state"":""Gujarat"",""healthcare"":""hospital""}",6979173508,72.6285593,0.0,1686198616,,,Hansol- Highway Village Bhat,,,382428,,,,"Kanoria Hospital And Research Centre, Gandhinagar",,,,,,,hospital,,,,,,,,,,,,,,,,,,,,,,,OpenGovernmentData,,,,,,,,,,,,,,,,,,,,,,,,,,,,,,,,,,,,,,node,,,,,
23.0603035,False,4,"{""addr:district"":""Ahmedabad"",""addr:state"":""Gujarat"",""healthcare"":""hospital""}",6979198636,72.5355001,0.0,1716378860,,,"Narottam Complex, OppositeSwaminarayan Temple, Near Agarwal Tower, Bhuyangdev Cross Road,Sola Road",,,380024,,,,Shree Mahavir Mutlispeciality Hospital and Icu,,,,,,,hospital,,,,,,,,,,,,,,,,,,,,,,,OpenGovernmentData,,,,,,,,,,,,,,,,,,,,,,,,,,,,,,,,,,,,,,node,,,,,
23.0803277,False,3,"{""addr:district"":""Ahmedabad"",""addr:state"":""Gujarat""}",6979224512,72.5666606,0.0,1600366124,,,"Opposite Nav Sarjan High School,Near Balol Nagar Char Rasta,Nirnay Ngr Road",,,382480,,,,Jainee Surgical Hospital,,,,,,,hospital,,,,,,,,,,,,,,,,,,,,,,,OpenGovernmentData,,,,,,,,,,,,,,,,,,,,,,,,,,,,,,,,,,,,,,node,,,,,
23.0767892,False,3,"{""addr:district"":""Ahmedabad"",""addr:state"":""Gujarat""}",6979298469,72.5390634,0.0,1600364702,,,"3Road Floor,Medicare Building, B/H.M.J. Library, Ashram Road",,,380009,,,,Shri Rang Hospitaland Research Centre,,,,,,,hospital,,,,,,,,,,,,,,,,,,,,,,,OpenGovernmentData,,,,,,,,,,,,,,,,,,,,,,,,,,,,,,,,,,,,,,node,,,,,
23.0402678,False,3,"{""addr:district"":""Ahmedabad"",""addr:state"":""Gujarat""}",6979320336,72.5659271,0.0,1600365376,,,"Blue Star Complex, Near Income Tax Railway Under Bridge",,,380014,,,,Brain and Spine Hospital,,,,,,,hospital,,,,,,,,,,,,,,,,,,,,,,,OpenGovernmentData,,,,,,,,,,,,,,,,,,,,,,,,,,,,,,,,,,,,,,node,,,,,
23.0099407,False,4,"{""addr:district"":""Ahmedabad"",""addr:state"":""Gujarat"",""operator:type"":""private""}",6979326720,72.5545666,0.0,1653384563,,,"Opposite Annapurna Hall, New Vikas Gruh road, Paldi",,,380007,,,contact@bodylinehospitals.com,Bodyline Hospitals,,,,,,https://www.bodylinehospitals.com/contact.php,hospital,,,,,,,,,,,,,,,,,,,,,,,OpenGovernmentData,,,,,,,,,,,,,,,,,,,,,,,,,,,,,,,,,,,,,,node,,,,,
23.0672116,False,4,"{""addr:district"":""Ahmedabad"",""addr:state"":""Gujarat"",""healthcare"":""hospital""}",6979370261,72.6429212,0.0,1686198616,,,"First Floor,Devi Jyot Apartment , A-Ward Bus Stand,A-Ward,Kubernagar",,,382340,,,,"Siddhi Hospital, Ahmedabad",,,,,,,hospital,,,,,,,,,,,,,,,,,,,,,,,OpenGovernmentData,,,,,,,,,,,,,,,,,,,,,,,,,,,,,,,,,,,,,,node,,,,,
23.0620742,False,3,"{""addr:district"":""Ahmedabad"",""addr:state"":""Gujarat""}",6979376698,72.5306962,0.0,1600365483,,,"Apm Shopping Hall,Opp Sun N Step Club,Sattadhar Cross Road",,,380061,,,,Om Children Hospital,,,,,,,hospital,,,,,,,,,,,,,,,,,,,,,,,OpenGovernmentData,,,,,,,,,,,,,,,,,,,,,,,,,,,,,,,,,,,,,,node,,,,,
23.0057153,False,3,"{""addr:district"":""Ahmedabad"",""addr:state"":""Gujarat"",""contact:phone"":""26812217""}",6979376705,72.532901,0.0,1600365509,,,"Surganga Complex ,132Ft Ring Road, Near Swaminarayan Mandir, Jivrapark Bus Stop",,,380051,,,,Samkit Hospital Icu and Iccu,,,,,,,hospital,,,,,,,,,,,,,,,,,,,,,,,OpenGovernmentData,,,,,,,,,,,,,,,,,,,,,,,,,,,,,,,,,,,,,,node,,,,,
23.0169692,False,3,"{""addr:district"":""Ahmedabad"",""addr:state"":""Gujarat""}",6979376757,72.5667264,0.0,1600366208,,,"2nd Floor, Aashirwad Avenue Nr Deepak, Petrol Pump ,Pritamnagar, Paldi",,,380006,,,,Vrundavan Children Hospital,,,,,,,hospital,,,,,,,,,,,,,,,,,,,,,,,OpenGovernmentData,,,,,,,,,,,,,,,,,,,,,,,,,,,,,,,,,,,,,,node,,,,,
23.0392262,False,4,"{""addr:district"":""Ahmedabad"",""addr:state"":""Gujarat"",""addr:subdistrict"":""Bapunagar"",""healthcare"":""hospital"",""operator:type"":""private""}",6979376762,72.6383065,0.0,1686198616,,,"Trimurti Complex, Thakkarbapa Nagar Road, Approach India Colony",,,380024,,,,"Netra Raksha Hospital, Thakkarbapa Nagar",,,,,,,hospital,,,,,,,,,,,,,,,,,,,,,,,OpenGovernmentData,,,,,,,,,,,,,,,,,,,,,,,,,,,,,,,,,,,,,,node,,,,,
23.0567152,False,4,"{""addr:district"":""Ahmedabad"",""addr:state"":""Gujarat"",""healthcare"":""hospital""}",6979376763,72.634133,0.0,1686198616,,,"Shivam Complex, Naroda Road, Saijpur Bogha",,,382345,,,,Shivam Heart and Medical Hospital,,,,,,,hospital,,,,,,,,,,,,,,,,,,,,,,,OpenGovernmentData,,,,,,,,,,,,,,,,,,,,,,,,,,,,,,,,,,,,,,node,,,,,
23.0583008,False,3,"{""addr:district"":""Ahmedabad"",""addr:state"":""Gujarat"",""contact:mobile"":""9825155017""}",6979404752,72.5332966,0.0,1600364679,,,"D Block, Shantiniketan Appt, OppositeH.B.Kapadia School, Gurukul Road, Mem Nagar",,,380052,,,,"Shashwat Hospital and Research Center, Ahmedabad",,,,,,,hospital,,,,,,,,,,,,,,,,,,,,,,,OpenGovernmentData,,,,,,,,,,,,,,,,,,,,,,,,,,,,,,,,,,,,,,node,,,,,
23.0043253,False,3,"{""addr:district"":""Ahmedabad"",""addr:state"":""Gujarat""}",6979483953,72.5520748,0.0,1600364423,,,"A-203/204, Swaminarayan Avenue ,2nd Floor , Anjali Char Rasta ,Paldi ,Vasana Road",,,380007,,,,"Aditya Hospital, Ahmedabad",,,,,,,hospital,,,,,,,,,,,,,,,,,,,,,,,OpenGovernmentData,,,,,,,,,,,,,,,,,,,,,,,,,,,,,,,,,,,,,,node,,,,,
23.0152967,False,3,"{""addr:district"":""Ahmedabad"",""addr:state"":""Gujarat""}",6979514449,72.5638765,0.0,1600364903,,,"Sumeru Complex, Opposite Sadhana High School, Paldi Char Rasta",,,380006,,,,Krupanidhi Hospital,,,,,,,hospital,,,,,,,,,,,,,,,,,,,,,,,OpenGovernmentData,,,,,,,,,,,,,,,,,,,,,,,,,,,,,,,,,,,,,,node,,,,,
23.0499602,False,4,"{""addr:district"":""Ahmedabad"",""addr:state"":""Gujarat"",""addr:subdistrict"":""Memnagar"",""healthcare"":""hospital"",""operator:type"":""private""}",6979534905,72.5348282,0.0,1716378776,,,"1st Floor, Suryadeep Towers Shopping Complex, Naroda Bank Lane",,,380052,,,adityaeyehospital@gmail.com,"Aditya Eye Hospital, Ahmedabad",,,,,,,hospital,,,,,,,,,,,,,,,,,,,,,,,OpenGovernmentData,,,,,,,,,,,,,,,,,,,,,,,,,,,,,,,,,,,,,,node,,,,,
22.978619,False,3,"{""addr:district"":""Ahmedabad"",""addr:state"":""Gujarat"",""contact:mobile"":""9426087698""}",6979537048,72.611884,0.0,1600364497,,,"1st Floor, Akshar Avenue, Cadila Bridge Corner, Nr Atmamangal Hall, Ghodasar",,,380050,,,,"Joitiba General Hospital, Ahmedabad",,,,,,,hospital,,,,,,,,,,,,,,,,,,,,,,,OpenGovernmentData,,,,,,,,,,,,,,,,,,,,,,,,,,,,,,,,,,,,,,node,,,,,
22.9926876,False,3,"{""addr:district"":""Ahmedabad"",""addr:state"":""Gujarat""}",6979632808,72.6321253,0.0,1600366334,,,"1st Floor, Shiv Chambers, Ctm",,,380026,,,,Anoop Children Hospital,,,,,,,hospital,,,,,,,,,,,,,,,,,,,,,,,OpenGovernmentData,,,,,,,,,,,,,,,,,,,,,,,,,,,,,,,,,,,,,,node,,,,,
23.0462322,False,3,"{""addr:district"":""Ahmedabad"",""addr:state"":""Gujarat""}",6979632818,72.5337466,0.0,1600364472,,,"208/209, Heritage Plaza, Opposite Gurukul Temple, Drive In Road",,,380052,,,,Aayush Surgical Hospital,,,,,,,hospital,,,,,,,,,,,,,,,,,,,,,,,OpenGovernmentData,,,,,,,,,,,,,,,,,,,,,,,,,,,,,,,,,,,,,,node,,,,,
23.0731297,False,3,"{""addr:district"":""Ahmedabad"",""addr:state"":""Gujarat""}",6979632882,72.5368439,0.0,1600364500,,,"Chankayapuri, Sec- 6, Ghatlodia",,,380061,,,,"J J Hospital, Ahmedabad",,,,,,,hospital,,,,,,,,,,,,,,,,,,,,,,,OpenGovernmentData,,,,,,,,,,,,,,,,,,,,,,,,,,,,,,,,,,,,,,node,,,,,
23.0176617,False,3,"{""addr:district"":""Ahmedabad"",""addr:state"":""Gujarat""}",6979632888,72.5539094,0.0,1600365936,,,"Anand Park, Near Amrut Jyoti School,Ambawadi",,,380006,,,,Dr. Rajiv Thakores Hospital,,,,,,,hospital,,,,,,,,,,,,,,,,,,,,,,,OpenGovernmentData,,,,,,,,,,,,,,,,,,,,,,,,,,,,,,,,,,,,,,node,,,,,
23.0561654,False,4,"{""addr:district"":""Ahmedabad"",""addr:state"":""Gujarat"",""healthcare"":""hospital""}",6979940473,72.5493899,0.0,1716378776,,,"Behind Aec Zonal Office, 132ft Ring Road, Sahjanand Complex",,,380015,,,,Chikhalkar Hospital and Iccu,,,,,,,hospital,,,,,,,,,,,,,,,,,,,,,,,OpenGovernmentData,,,,,,,,,,,,,,,,,,,,,,,,,,,,,,,,,,,,,,node,,,,,
23.0379772,False,3,"{""addr:district"":""Ahmedabad"",""addr:state"":""Gujarat""}",6979940478,72.5595984,0.0,1600364826,,,"Silver Spring, B/H Xavier's Ladies Hostel, Navrangpuram",,,380009,,,,The Holistic Medical Centre Ayulink Ayurveda Hospital,,,,,,,hospital,,,,,,,,,,,,,,,,,,,,,,,OpenGovernmentData,,,,,,,,,,,,,,,,,,,,,,,,,,,,,,,,,,,,,,node,,,,,
22.9926333,False,3,"{""addr:district"":""Ahmedabad"",""addr:state"":""Gujarat""}",6979967498,72.632124,0.0,1600364391,,,"2nd Floor, Shiv Chambers Near : Ctm Cross Road",,,380026,,,,Aniket Ent Hospital,,,,,,,hospital,,,,,,,,,,,,,,,,,,,,,,,OpenGovernmentData,,,,,,,,,,,,,,,,,,,,,,,,,,,,,,,,,,,,,,node,,,,,
23.082678,False,3,"{""addr:district"":""Ahmedabad"",""addr:state"":""Gujarat""}",6980252878,72.5896941,0.0,1600366373,,,"Opposite Bank Of India,Ramnagar,Sabarmati",,,380005,,,,Amruta Hospital and Heart Centre,,,,,,,hospital,,,,,,,,,,,,,,,,,,,,,,,OpenGovernmentData,,,,,,,,,,,,,,,,,,,,,,,,,,,,,,,,,,,,,,node,,,,,
23.0381006,False,4,"{""addr:district"":""Ahmedabad"",""addr:state"":""Gujarat"",""healthcare"":""hospital""}",6980252896,72.6439887,0.0,1686198616,,,"B-6,Sardar Patel Mall,Near Diamond Mill,Nikol Gam Road,Bapunagar",,,382350,,,,Hari Krishna Uro Surgical Hospital,,,,,,,hospital,,,,,,,,,,,,,,,,,,,,,,,OpenGovernmentData,,,,,,,,,,,,,,,,,,,,,,,,,,,,,,,,,,,,,,node,,,,,
23.0632822,False,4,"{""addr:district"":""Ahmedabad"",""addr:state"":""Gujarat""}",6980252908,72.5315224,0.0,1600366647,,,"F-1, Center Plaza, Sattadhar Char Rasta",,,380061,,,,Aditya Multi-Speciality Hospital,,,,,,,hospital,,,,,,,,,,,,,,,,,,,,,,,OpenGovernmentData,,,,,,,,,,,,,,,,,,,,,,,,,,,,,,,,,,,,,,node,,,,,
23.0208659,False,3,"{""addr:district"":""Ahmedabad"",""addr:state"":""Gujarat""}",6980792037,72.6388442,0.0,1600364990,,,"C - Second Floor,Soham Complex,Soni Ni Chali Char Rasta,Odhav",,,382415,,,,Vatsalya Neonatal and Children Hospital,,,,,,,hospital,,,,,,,,,,,,,,,,,,,,,,,OpenGovernmentData,,,,,,,,,,,,,,,,,,,,,,,,,,,,,,,,,,,,,,node,,,,,
23.0745277,False,4,"{""addr:district"":""Ahmedabad"",""addr:state"":""Gujarat"",""addr:subdistrict"":""Sola"",""contact:mobile"":""9099074235"",""operator:type"":""private""}",6980840228,72.5125068,0.0,1600365730,,,"Sarjen Arcade, Beside Satyam Complex, Science city road",,,380060,,,admin@motherhoodhospital.com,Motherhood Womens and Child Care Hospital,,,,,,https://www.motherhoodhospital.com/,hospital,,,,,,,,,,,,,,,,,,,,,,,OpenGovernmentData,,,,,,,,,,,,,,,,,,,,,,,,,,,,,,,,,,,,,,node,,,,,
23.0024575,False,3,"{""addr:district"":""Ahmedabad"",""addr:state"":""Gujarat"",""contact:mobile"":""9426002912""}",6980978805,72.595257,0.0,1600366015,,,"101, Hira Anand Complex, Gordhanwadi Cross Road, Kakariya",,,380028,,,,Arpan Orthopedic and Trauma Hospital,,,,,,,hospital,,,,,,,,,,,,,,,,,,,,,,,OpenGovernmentData,,,,,,,,,,,,,,,,,,,,,,,,,,,,,,,,,,,,,,node,,,,,
23.0199254,False,3,"{""addr:district"":""Ahmedabad"",""addr:state"":""Gujarat""}",6981004951,72.5458769,0.0,1600365918,,,"Urmi, 3 State Bank Society, Opposite Snehkunj, Behind C N Vidyalaya, S M Road, Ambawadi",,,380015,,,,Jarmarwala Hospital,,,,,,,hospital,,,,,,,,,,,,,,,,,,,,,,,OpenGovernmentData,,,,,,,,,,,,,,,,,,,,,,,,,,,,,,,,,,,,,,node,,,,,
23.0098432,False,4,"{""addr:district"":""Ahmedabad"",""addr:state"":""Gujarat""}",6981152500,72.5806028,0.0,1600366041,,,"202/203, 2 Nd Floor, Bagmar Plaza, Nr Jamalpur Cross Road, Jamalpur",,,380043,,,,Pearl Eye Hospital,,,,,,,hospital,,,,,,,,,,,,,,,,,,,,,,,OpenGovernmentData,,,,,,,,,,,,,,,,,,,,,,,,,,,,,,,,,,,,,,node,,,,,
23.0310362,False,3,"{""addr:district"":""Dahod"",""addr:state"":""Gujarat""}",6981256117,72.6149404,0.0,1600366183,,,"Near Yadgar Chowk, S V Patel Road",,,389151,,,,Shushilaben Neonatal And Child Care Centre,,,,,,,hospital,,,,,,,,,,,,,,,,,,,,,,,OpenGovernmentData,,,,,,,,,,,,,,,,,,,,,,,,,,,,,,,,,,,,,,node,,,,,
23.0844866,False,3,"{""addr:district"":""Ahmedabad"",""addr:state"":""Gujarat""}",6981277613,72.5914161,0.0,1600366674,,,"S/2 - 3 - 7, 2nd Floor, Nanakram Super Market Ramnagar, Sabarmati",,,380005,,,,Shree Aman Hospital,,,,,,,hospital,,,,,,,,,,,,,,,,,,,,,,,OpenGovernmentData,,,,,,,,,,,,,,,,,,,,,,,,,,,,,,,,,,,,,,node,,,,,
23.0460902,False,3,"{""addr:district"":""Ahmedabad"",""addr:state"":""Gujarat""}",6981405297,72.5286249,0.0,1600365230,,,"Next To Asia School, B/H Hdfc Bank, Opp Drive In Cinema",,,380054,,,,Rainbow Super Speciality Children's Hospital,,,,,,,hospital,,,,,,,,,,,,,,,,,,,,,,,OpenGovernmentData,,,,,,,,,,,,,,,,,,,,,,,,,,,,,,,,,,,,,,node,,,,,
23.0837834,False,3,"{""addr:district"":""Ahmedabad"",""addr:state"":""Gujarat"",""addr:subdistrict"":""Sabarmati"",""operator:type"":""private""}",6981412703,72.5889122,0.0,1600364538,,,"Ramji Mandir, Ramnagar, Amba Chowk",,,380005,,,,"Parth Hospital, Ahmedabad",,,,,,,hospital,,,,,,,,,,,,,,,,,,,,,,,OpenGovernmentData,,,,,,,,,,,,,,,,,,,,,,,,,,,,,,,,,,,,,,node,,,,,
23.0602795,False,3,"{""addr:district"":""Ahmedabad"",""addr:state"":""Gujarat""}",6981446717,72.5647576,0.0,1600365924,,,"Chakravrti Complex, Opposite Kiral Park, Bhimjipura",,,380013,,,,"Gayatri Heart And Medical Hospital, Bhimjipura",,,,,,,hospital,,,,,,,,,,,,,,,,,,,,,,,OpenGovernmentData,,,,,,,,,,,,,,,,,,,,,,,,,,,,,,,,,,,,,,node,,,,,
23.0066966,False,3,"{""addr:district"":""Ahmedabad"",""addr:state"":""Gujarat""}",6981455290,72.5563677,0.0,1600364975,,,"Siddharth Complex, Near Anandnagar Bus Stand, Paldi, Bhutha",,,380007,,,,Sanghavi Hospital Pvt. Ltd.,,,,,,,hospital,,,,,,,,,,,,,,,,,,,,,,,OpenGovernmentData,,,,,,,,,,,,,,,,,,,,,,,,,,,,,,,,,,,,,,node,,,,,
22.9947616,False,3,"{""addr:district"":""Ahmedabad"",""addr:state"":""Gujarat"",""addr:subdistrict"":""Maninagar"",""operator:type"":""private""}",6981476944,72.6141009,0.0,1600364305,,,"Alankar Complex, Near Old Railway Crossing Maninagar (East)",,,380008,,,pallavhospital@yahoo.co.in,Pallav J M Desai Memorial Hospital (Better Health Pvt.Ltd.),,,,,,,hospital,,,,,,,,,,,,,,,,,,,,,,,OpenGovernmentData,,,,,,,,,,,,,,,,,,,,,,,,,,,,,,,,,,,,,,node,,,,,
23.0029958,False,6,"{""addr:district"":""Ahmedabad"",""addr:state"":""Gujarat"",""healthcare"":""hospital"",""healthcare:speciality"":""surgery""}",6981478241,72.5544217,0.0,1731468647,Ahmedabad,,"Shashi Shopping Centre, 2nd Floor, Near Swaminarayan Avenue, Anjli Cross Road, Paldi",,,380007,,"120 Feet Ring Road, Oppsite Anjali BRTS",bhavin.surgeon@gmail.com,"Parth Surgical Hospital, Ahmedabad",,,+07926609138,,,,hospital,,,,,,,,,,,,,,,,,,,,,,,,,,,,,,,,,,,,,,,,,,,,,,,,,,,,,,,,,,,,,node,,,,,
23.1924861,False,3,"{""addr:district"":""Gandhinagar"",""addr:state"":""Gujarat""}",6981501666,72.6132895,0.0,1600365933,,,"166, Shopping Centre, Opposite Nigam Petrol Pump, Sector - 21",,,382021,,,,Sanjivani Heart And Medical Hospital - Gandhinagar,,,,,,,hospital,,,,,,,,,,,,,,,,,,,,,,,OpenGovernmentData,,,,,,,,,,,,,,,,,,,,,,,,,,,,,,,,,,,,,,node,,,,,
23.0277853,False,3,"{""addr:district"":""Ahmedabad"",""addr:state"":""Gujarat""}",6981550649,72.5218208,0.0,1600364854,,,"2, Satelite Society, OppositeSundervan, Ahemdabad",,,380015,,,,"Jalaram Hospital, Ahmedabad",,,,,,,hospital,,,,,,,,,,,,,,,,,,,,,,,OpenGovernmentData,,,,,,,,,,,,,,,,,,,,,,,,,,,,,,,,,,,,,,node,,,,,
23.0464247,False,3,"{""addr:district"":""Ahmedabad"",""addr:state"":""Gujarat""}",6981560332,72.5709508,0.0,1600364294,,,"11, Vidyanagar Society No.2, B/H. Mehta Resturant, Usmanpura",,,380014,,,,Kruti Orthopedic Hospital,,,,,,,hospital,,,,,,,,,,,,,,,,,,,,,,,OpenGovernmentData,,,,,,,,,,,,,,,,,,,,,,,,,,,,,,,,,,,,,,node,,,,,
23.0547211,False,3,"{""addr:district"":""Ahmedabad"",""addr:state"":""Gujarat""}",6981636783,72.5964291,0.0,1600365606,,,"C/301-2-3, Sweni Complex, Opp Ronak Park Soc, Nr Akhbarnagar Circle",,,382340,,,,Jariwala Women's Hospital,,,,,,,hospital,,,,,,,,,,,,,,,,,,,,,,,OpenGovernmentData,,,,,,,,,,,,,,,,,,,,,,,,,,,,,,,,,,,,,,node,,,,,
23.0031785,False,3,"{""addr:district"":""Ahmedabad"",""addr:state"":""Gujarat""}",6981636786,72.6334758,0.0,1600366014,,,"101,102, First Floor, Wonder Point Complex, Near Bharavitower, National Highway Road, Amraiwadi",,,380026,,,,Rukshmani Medical Hospital,,,,,,,hospital,,,,,,,,,,,,,,,,,,,,,,,OpenGovernmentData,,,,,,,,,,,,,,,,,,,,,,,,,,,,,,,,,,,,,,node,,,,,
23.0705004,False,4,"{""addr:district"":""Ahmedabad"",""addr:state"":""Gujarat"",""operator:type"":""private""}",6981694438,72.5227287,0.0,1653384226,,,"Sola Science City Road, Near Sola Brige, S.G.Highway",,,380060,,,info.hcc@hcgahmd.com,HCG Cancer Centre,,,,,,https://www.hcgoncology.com/,hospital,,,,,,,,,,,,,,,,,,,,,,,OpenGovernmentData,,,,,,,,,,,,,,,,,,,,,,,,,,,,,,,,,,,,,,node,,,,,
23.0544878,False,3,"{""addr:district"":""Ahmedabad"",""addr:state"":""Gujarat""}",6981717526,72.6029496,0.0,1600364261,,,"4-Vishwakarma Colony, 1st Floor, B/H New Civil Hospital, Near Alaknanda Mandakini Flats, Shahibaug",,,380004,,,,Zeal Maternity And Nursing Home,,,,,,,hospital,,,,,,,,,,,,,,,,,,,,,,,OpenGovernmentData,,,,,,,,,,,,,,,,,,,,,,,,,,,,,,,,,,,,,,node,,,,,
22.980618,False,3,"{""addr:district"":""Ahmedabad"",""addr:state"":""Gujarat""}",6981777270,72.6021999,0.0,1600365181,,,"Near Ramwadi Bus Stop, Isanpur Road",,,382443,,,,Vraj Hospital and Heart Care Center,,,,,,,hospital,,,,,,,,,,,,,,,,,,,,,,,OpenGovernmentData,,,,,,,,,,,,,,,,,,,,,,,,,,,,,,,,,,,,,,node,,,,,
23.0126292,False,4,"{""addr:district"":""Ahmedabad"",""addr:state"":""Gujarat"",""healthcare"":""hospital""}",6981793062,72.51789,0.0,1698332423,,,"301, Sahjanandpalace, Nrkanak-Kalaflat, 100Ftanandnagarroad",,,380015,,,,Sahjanand Orthopaedic Hospital,,,,,,,hospital,,,,,,,,,,,,,,,,,,,,,,,OpenGovernmentData,,,,,,,,,,,,,,,,,,,,,,,,,,,,,,,,,,,,,,node,,,,,
23.0421276,False,3,"{""addr:district"":""Ahmedabad"",""addr:state"":""Gujarat""}",6981802923,72.5592698,0.0,1600366470,,,"Near Somlalit School, Behind Hindu Colony, Stadium,Navrangpura",,,380009,,,,Jaju Plastic Surgery Center,,,,,,,hospital,,,,,,,,,,,,,,,,,,,,,,,OpenGovernmentData,,,,,,,,,,,,,,,,,,,,,,,,,,,,,,,,,,,,,,node,,,,,
22.9947925,False,4,"{""addr:district"":""Ahmedabad"",""addr:state"":""Gujarat"",""contact:phone"":""7925470900""}",6981810684,72.6074664,0.0,1600366550,,,"204, Pramukh Papace, Jaihind Crose Road, Maninagar",,,380008,,,,Raghuvir Eye Hospital,,,,,,,hospital,,,,,,,,,,,,,,,,,,,,,,,OpenGovernmentData,,,,,,,,,,,,,,,,,,,,,,,,,,,,,,,,,,,,,,node,,,,,
23.066349,False,4,"{""addr:district"":""Ahmedabad"",""addr:state"":""Gujarat""}",6981819871,72.5838341,0.0,1720617002,,,"1st Floor, Kaceri Complex,Subhash Bridge Circle,Opposite R.T.O. Office",,,380027,,,,Shachi Women's Hospital,,,,,,,hospital,,,,,,,,,,,,,,,,,,,,,,,OpenGovernmentData,,,,,,,,,,,,,,,,,,,,,,,,,,,,,,,,,,,,,,node,,,,,
22.9989479,False,3,"{""addr:district"":""Ahmedabad"",""addr:state"":""Gujarat""}",6981883350,72.6251891,0.0,1600366407,,,"Tejendra Complex Opp Shaiw Complex,Ctm Road Hatkashwar",,,380026,,,,"Palak Hospital, Ahmedabad",,,,,,,hospital,,,,,,,,,,,,,,,,,,,,,,,OpenGovernmentData,,,,,,,,,,,,,,,,,,,,,,,,,,,,,,,,,,,,,,node,,,,,
23.0487768,False,4,"{""addr:district"":""Ahmedabad"",""addr:state"":""Gujarat"",""healthcare"":""hospital""}",6981886630,72.6059926,0.0,1686198616,,,"Bipin Complex, Opposite Cancer Hospital, Asarwa",,,380016,,,,Anand Children Hospital Neonatal Intensive Care,,,,,,,hospital,,,,,,,,,,,,,,,,,,,,,,,OpenGovernmentData,,,,,,,,,,,,,,,,,,,,,,,,,,,,,,,,,,,,,,node,,,,,
23.0477933,False,3,"{""addr:district"":""Ahmedabad"",""addr:state"":""Gujarat"",""addr:subdistrict"":""Usmanpura"",""operator:type"":""private""}",6981922067,72.5712056,0.0,1600365716,,,"103, Ashvarath Shopping Centre, Usmanpura Ashram Road",,,380013,,,drspp2003@yahoo.com,Patel E.N.T Hospital,,,,,,,hospital,,,,,,,,,,,,,,,,,,,,,,,OpenGovernmentData,,,,,,,,,,,,,,,,,,,,,,,,,,,,,,,,,,,,,,node,,,,,
23.0318187,False,3,"{""addr:district"":""Ahmedabad"",""addr:state"":""Gujarat"",""contact:phone"":""7926753892; 26763777""}",6981937281,72.5260091,0.0,1600366300,,,"29/30, Mansi Complex.B, Premchand Nagar Road, Vastrapur",,,380015,,,,Rosemaarry Womens Hospital,,,,,,,hospital,,,,,,,,,,,,,,,,,,,,,,,OpenGovernmentData,,,,,,,,,,,,,,,,,,,,,,,,,,,,,,,,,,,,,,node,,,,,
23.0837698,False,3,"{""addr:district"":""Ahmedabad"",""addr:state"":""Gujarat"",""addr:subdistrict"":""Sabarmati"",""operator:type"":""private""}",6981956892,72.5903244,0.0,1600364989,,,"Near Kalimata Temple, Ramnagar Sabermati",,,380005,,,,Sanjivan Heart and Medical Hospital,,,,,,,hospital,,,,,,,,,,,,,,,,,,,,,,,OpenGovernmentData,,,,,,,,,,,,,,,,,,,,,,,,,,,,,,,,,,,,,,node,,,,,
23.0592152,False,4,"{""addr:district"":""Ahmedabad"",""addr:state"":""Gujarat"",""healthcare"":""hospital""}",6981966028,72.5360379,0.0,1716378860,,,"Shubhlaxmi Palace, Bhuyangdev Char Rasta, Sola Road",,,380061,,,,Sainath Orhtopaedic Hospital,,,,,,,hospital,,,,,,,,,,,,,,,,,,,,,,,OpenGovernmentData,,,,,,,,,,,,,,,,,,,,,,,,,,,,,,,,,,,,,,node,,,,,
23.0380179,False,4,"{""addr:district"":""Ahmedabad"",""addr:state"":""Gujarat"",""healthcare"":""hospital""}",6981981192,72.6445547,0.0,1686198616,,,"Sardar Patel Moll,Nikol Gam Road , N. H -8 (East)",,,380008,,,,Sardar Hospital,,,,,,,hospital,,,,,,,,,,,,,,,,,,,,,,,OpenGovernmentData,,,,,,,,,,,,,,,,,,,,,,,,,,,,,,,,,,,,,,node,,,,,
23.0200612,False,4,"{""addr:district"":""Mahesana"",""addr:state"":""Gujarat"",""healthcare"":""hospital""}",6981981259,72.5615551,0.0,1637754390,,,"Near Coneress Bhavan,Opposite District Sudbe Bunglow",,,384001,,,,Shree Harikrupa Hospital,,,,,,,hospital,,,,,,,,,,,,,,,,,,,,,,,OpenGovernmentData,,,,,,,,,,,,,,,,,,,,,,,,,,,,,,,,,,,,,,node,,,,,
23.0202065,False,3,"{""addr:district"":""Ahmedabad"",""addr:state"":""Gujarat""}",6981982797,72.5642668,0.0,1600365972,,,"#65, Pritamnagar Society, Government Ladies Hospel Road, Near College, Ellisbridge",,,380006,,,,Amardeep Multispeciality Children Hospital,,,,,,,hospital,,,,,,,,,,,,,,,,,,,,,,,OpenGovernmentData,,,,,,,,,,,,,,,,,,,,,,,,,,,,,,,,,,,,,,node,,,,,
23.0288615,False,5,"{""addr:district"":""Ahmedabad"",""addr:state"":""Gujarat"",""addr:subdistrict"":""Ellisbridge"",""contact:mobile"":""90996 12345"",""operator:type"":""private""}",6981984553,72.5642949,0.0,1653384669,,,"1, Maharastra Society, Mithakhali Six Road",,,380006,,,info.ao@hcgel.com,HCG Multi Specialty Hospital,,,,,,https://www.hcghospitals.in/,hospital,,,,,,,,,,,,,,,,,,,,,,,OpenGovernmentData,,,,,,,,,,,,,,,,,,,,,,,,,,,,,,,,,,,,,,node,,,,,
22.9949308,False,3,"{""addr:district"":""Ahmedabad"",""addr:state"":""Gujarat""}",6981984751,72.6068804,0.0,1600366502,,,"7, Shivnandan Complex, Maninagar, Radhavallabh Mandir",,,380008,,,,Palak Eye Hospital,,,,,,,hospital,,,,,,,,,,,,,,,,,,,,,,,OpenGovernmentData,,,,,,,,,,,,,,,,,,,,,,,,,,,,,,,,,,,,,,node,,,,,
22.9994812,False,3,"{""addr:district"":""Ahmedabad"",""addr:state"":""Gujarat"",""operator:type"":""government""}",6981988165,72.6197255,0.0,1600365770,,,"Near Vosawada, Opposite Sport Complex, Khokhra",,,380008,,,,Rukshmani Government Hospital,,,,,,http://www.rsby.gov.in/Districtwise.aspx,hospital,,,,,,,,,,,,,,,,,,,,,,,OpenGovernmentData,,,,,,,,,,,,,,,,,,,,,,,,,,,,,,,,,,,,,,node,,,,,
23.0504316,False,3,"{""addr:district"":""Ahmedabad"",""addr:state"":""Gujarat""}",6981988318,72.6468533,0.0,1600364941,,,"3Road -4Th Floor,Shreeram Residency,OppositeNilkanth Mahadev Mandir",,,380001,,,,Rugved Multispeciality Hospital,,,,,,,hospital,,,,,,,,,,,,,,,,,,,,,,,OpenGovernmentData,,,,,,,,,,,,,,,,,,,,,,,,,,,,,,,,,,,,,,node,,,,,
22.9978986,False,3,"{""addr:district"":""Ahmedabad"",""addr:state"":""Gujarat""}",6981998855,72.6079211,0.0,1600365264,,,"2nd Floor, Mahalaxmi Mkt. No.1, Maninagar Char Rasta",,,380008,,,,Ashirwad Children and Eye Hospital,,,,,,,hospital,,,,,,,,,,,,,,,,,,,,,,,OpenGovernmentData,,,,,,,,,,,,,,,,,,,,,,,,,,,,,,,,,,,,,,node,,,,,
23.0237122,False,3,"{""addr:district"":""Ahmedabad"",""addr:state"":""Gujarat""}",6982001505,72.6391487,0.0,1600364632,,,"2nd Floor, Payoniyar Plaza, Syam Eastate, Soni Ni Chali Char Rasta, N.H. No.8, Odhav",,,380024,,,,Ayushman Medical Hospital and Dignosis Center,,,,,,,hospital,,,,,,,,,,,,,,,,,,,,,,,OpenGovernmentData,,,,,,,,,,,,,,,,,,,,,,,,,,,,,,,,,,,,,,node,,,,,
22.9980843,False,3,"{""addr:district"":""Ahmedabad"",""addr:state"":""Gujarat"",""contact:phone"":""7925463679""}",6982001606,72.6098563,0.0,1600366402,,,Gopal Tower Maninagar,,,380008,,,,"Ravi Surgical Hospital, Ahmedabad",,,,,,,hospital,,,,,,,,,,,,,,,,,,,,,,,OpenGovernmentData,,,,,,,,,,,,,,,,,,,,,,,,,,,,,,,,,,,,,,node,,,,,
22.9981609,False,3,"{""addr:district"":""Ahmedabad"",""addr:state"":""Gujarat""}",6982007106,72.625165,0.0,1600365061,,,"1st Floor , Shreepal Comm.Centre , Hatkeshwar Circle ,Khokhra",,,380008,,,,Shrreeji Surgical Hospital,,,,,,,hospital,,,,,,,,,,,,,,,,,,,,,,,OpenGovernmentData,,,,,,,,,,,,,,,,,,,,,,,,,,,,,,,,,,,,,,node,,,,,
23.002323,False,3,"{""addr:district"":""Ahmedabad"",""addr:state"":""Gujarat"",""contact:phone"":""7926826677""}",6982014039,72.5175279,0.0,1600366693,,,"322 - 333, 3 Road Floor,Shreyas Complex, Near Shrinandnagar - I,Opposite Vejapur Bust Stand, Vejapur",,,380051,,,,Shreyas Speciality Hospital,,,,,,,hospital,,,,,,,,,,,,,,,,,,,,,,,OpenGovernmentData,,,,,,,,,,,,,,,,,,,,,,,,,,,,,,,,,,,,,,node,,,,,
23.0021551,False,3,"{""addr:district"":""Ahmedabad"",""addr:state"":""Gujarat"",""addr:subdistrict"":""Vasna"",""operator:type"":""private""}",6982024115,72.5467211,0.0,1600365384,,,"3rd Floor, Pratham Mangal Complex, Near Vasna Bus Stop, Vasana",,,380007,,,,"Rugveda Practur and Orthopaedic Hospital, Ahmedabad",,,,,,,hospital,,,,,,,,,,,,,,,,,,,,,,,OpenGovernmentData,,,,,,,,,,,,,,,,,,,,,,,,,,,,,,,,,,,,,,node,,,,,
23.049363,False,3,"{""addr:district"":""Ahmedabad"",""addr:state"":""Gujarat""}",6982028883,72.594506,0.0,1600364943,,,"66,Mahalaxmi Society,B/H.Sujata Flat, OppositeRushika Appt. Shahibaug",,,380004,,,,Kalptaru Hospital,,,,,,,hospital,,,,,,,,,,,,,,,,,,,,,,,OpenGovernmentData,,,,,,,,,,,,,,,,,,,,,,,,,,,,,,,,,,,,,,node,,,,,
23.0364864,False,4,"{""addr:district"":""Ahmedabad"",""addr:state"":""Gujarat""}",6982031216,72.5696392,0.0,1600366024,,,"Off'ashram Road,Near Kandoibhogilal Mulchand,Dinesh Hall Navrangpura",,,380009,,,,Sukhmani Hospital / Saviour Annexe Hospital,,,,,,,hospital,,,,,,,,,,,,,,,,,,,,,,,OpenGovernmentData,,,,,,,,,,,,,,,,,,,,,,,,,,,,,,,,,,,,,,node,,,,,
23.0540923,False,3,"{""addr:district"":""Ahmedabad"",""addr:state"":""Gujarat""}",6982046922,72.6429145,0.0,1600365041,,,"Shree Krishna Tower, Opposite Priya Cinema Naroda Narol High Way",,,380025,,,,"Setu Surgical Hospital, Ahmedabad",,,,,,,hospital,,,,,,,,,,,,,,,,,,,,,,,OpenGovernmentData,,,,,,,,,,,,,,,,,,,,,,,,,,,,,,,,,,,,,,node,,,,,
23.0578122,False,3,"{""addr:district"":""Ahmedabad"",""addr:state"":""Gujarat""}",6982051126,72.5701462,0.0,1600366145,,,"Sanjeevani Complex,Opposite Mehsana Society Nava Wadaj Road, Vadaj",,,380013,,,,Auro Ent Hospital,,,,,,,hospital,,,,,,,,,,,,,,,,,,,,,,,OpenGovernmentData,,,,,,,,,,,,,,,,,,,,,,,,,,,,,,,,,,,,,,node,,,,,
23.0034741,False,3,"{""addr:district"":""Ahmedabad"",""addr:state"":""Gujarat""}",6982060211,72.5189053,0.0,1600365962,,,"32/A, Suvidha Centre Near Vejalpur Bus Stand Vejalpur",,,380051,,,,"Swastik Surgical Hospital And Dental Clinic, Ahmedabad",,,,,,,hospital,,,,,,,,,,,,,,,,,,,,,,,OpenGovernmentData,,,,,,,,,,,,,,,,,,,,,,,,,,,,,,,,,,,,,,node,,,,,
23.0459888,False,4,"{""addr:district"":""Ahmedabad"",""addr:state"":""Gujarat"",""addr:subdistrict"":""Ahmedabad"",""operator:type"":""private""}",6982070577,72.5615689,0.0,1721218036,,,"3rd Floor, Soham Complex, Near Navrang, Six Road, Navrangpura",,,380009,,,sanjivanieyehospital@gmail.com,"Sanjivani Eye Hospital and Phaco Centre, Ahmedabad",,,,,,www.sanjivanieyehospital.co.in,hospital,,,,,,,,,,,,,,,,,,,,,,,OpenGovernmentData,,,,,,,,,,,,,,,,,,,,,,,,,,,,,,,,,,,,,,node,,,,,
23.0595717,False,4,"{""addr:district"":""Ahmedabad"",""addr:state"":""Gujarat"",""addr:subdistrict"":""Ahmedabad"",""healthcare"":""hospital"",""operator:type"":""private""}",6982092102,72.5356453,0.0,1716378860,,,"5, Agraval Tower ( Back Side), Bhuyangdev Char Rasta, Sola Road, Ghatlodia",,,380061,,,,"Sanjeevani Hospital, Ahmedabad",,,,,,,hospital,,,,,,,,,,,,,,,,,,,,,,,OpenGovernmentData,,,,,,,,,,,,,,,,,,,,,,,,,,,,,,,,,,,,,,node,,,,,
23.0288813,False,3,"{""addr:district"":""Ahmedabad"",""addr:state"":""Gujarat""}",6982092139,72.5643083,0.0,1600364369,,,"# 1, Maharastra Soc. , Near Mithakhali Six Road,Ellisrbridge",,,380006,,,,Hcg Medi-Surge Hospitals Private Limited,,,,,,,hospital,,,,,,,,,,,,,,,,,,,,,,,OpenGovernmentData,,,,,,,,,,,,,,,,,,,,,,,,,,,,,,,,,,,,,,node,,,,,
23.0389016,False,4,"{""addr:district"":""Ahmedabad"",""addr:state"":""Gujarat"",""healthcare"":""hospital""}",6982092151,72.5161432,0.0,1662882035,,,"201, Kadamb Near Rajvansh Tower, Judges Bunglow Road, Bodakdev",,,380054,,,,The Vitreoretina Clinic and Eye Hospital,,,,,,,hospital,,,,,,,,,,,,,,,,,,,,,,,OpenGovernmentData,,,,,,,,,,,,,,,,,,,,,,,,,,,,,,,,,,,,,,node,,,,,
22.9931604,False,6,"{""addr:district"":""Ahmedabad"",""addr:state"":""Gujarat"",""addr:subdistrict"":""Juhanpura"",""operator:type"":""private""}",6982092157,72.5256523,0.0,1731468637,,,"1st Floor, Royal Nawab Avenue, Sarkhej Road, Juhanpura",,,380055,,,mahin.hospital@yahoo.com,Mahin Lifecare Services Pvt.Ltd,,,,,,http://www.mahinhospital.com/,hospital,,,,,,,,,,,,,,,,,,,,,,,OpenGovernmentData,,,,,,,,,,,,,,,,,,,,,,,,,,,,,,,,,,,,,,node,,,,,
23.0728893,False,3,"{""addr:district"":""Ahmedabad"",""addr:state"":""Gujarat"",""contact:phone"":""7927623434"",""operator:type"":""private""}",6982092173,72.5590798,0.0,1600365016,,,"1st Floor, Vaibhav Complex, Nirnay Nagar Road, Nirnay Nagar, Near Garnala",,,382481,,,drprakashpatel@yahoo.co.in,Jay Umiya Hospital,,,,,,,hospital,,,,,,,,,,,,,,,,,,,,,,,OpenGovernmentData,,,,,,,,,,,,,,,,,,,,,,,,,,,,,,,,,,,,,,node,,,,,
23.0395124,False,4,"{""addr:district"":""Ahmedabad"",""addr:state"":""Gujarat"",""healthcare"":""hospital""}",6982092220,72.6388644,0.0,1686198616,,,"107, Devraj Math, India Colony Road, Bapu Nagar",,,382350,,,,Aarna Medical Hospital,,,,,,,hospital,,,,,,,,,,,,,,,,,,,,,,,OpenGovernmentData,,,,,,,,,,,,,,,,,,,,,,,,,,,,,,,,,,,,,,node,,,,,
23.0544298,False,3,"{""addr:district"":""Ahmedabad"",""addr:state"":""Gujarat""}",6982092221,72.5958726,0.0,1600365464,,,"312-316,Aust-Mangal Complex,Shahibaug Camp Road,Near Maha Pragna Over Bridge",,,380004,,,,Akshar Krupa Hospital,,,,,,,hospital,,,,,,,,,,,,,,,,,,,,,,,OpenGovernmentData,,,,,,,,,,,,,,,,,,,,,,,,,,,,,,,,,,,,,,node,,,,,
23.0729002,False,3,"{""addr:district"":""Ahmedabad"",""addr:state"":""Gujarat""}",6982092222,72.5591692,0.0,1600365292,,,"1st Floor, Vaibhav Complex, Nr Railway Under Bridge, Nirnayanagar",,,382481,,,,Siddhi Heart and Medical Hospital,,,,,,,hospital,,,,,,,,,,,,,,,,,,,,,,,OpenGovernmentData,,,,,,,,,,,,,,,,,,,,,,,,,,,,,,,,,,,,,,node,,,,,
23.0369328,False,3,"{""addr:district"":""Ahmedabad"",""addr:state"":""Gujarat""}",6982092223,72.5273097,0.0,1600366036,,,"24, Himalay Complex Nehru Park Vastrapur",,,380015,,,,"Ashish Orthopaedic Hospital, Ahmedabad",,,,,,,hospital,,,,,,,,,,,,,,,,,,,,,,,OpenGovernmentData,,,,,,,,,,,,,,,,,,,,,,,,,,,,,,,,,,,,,,node,,,,,
23.0578196,False,3,"{""addr:district"":""Ahmedabad"",""addr:state"":""Gujarat""}",6982092239,72.5701541,0.0,1600365460,,,"Sanjeevani Complex, Opposite Mehsana Soc., Nava Vadaj Road",,,380013,,,,Sanjivani Heart and Medical Hospital (Ahmedabad),,,,,,,hospital,,,,,,,,,,,,,,,,,,,,,,,OpenGovernmentData,,,,,,,,,,,,,,,,,,,,,,,,,,,,,,,,,,,,,,node,,,,,
23.036039,False,4,"{""addr:district"":""Ahmedabad"",""addr:state"":""Gujarat"",""contact:mobile"":""9825020080"",""healthcare"":""hospital""}",6982197103,72.5174716,0.0,1632407478,,,"2nd and 3Road Floor Polyclinic Center, Opp Chiefjustic , Judges Bungalows Cross Road Vastrapur",,,380015,,,,Raksha Hospital Pvt Ltd,,,,,,,hospital,,,,,,,,,,,,,,,,,,,,,,,OpenGovernmentData,,,,,,,,,,,,,,,,,,,,,,,,,,,,,,,,,,,,,,node,,,,,
23.0526578,False,5,"{""addr:district"":""Ahmedabad"",""addr:state"":""Gujarat"",""operator:type"":""government""}",6982197104,72.6028262,0.0,1721162262,,,"B.J.Medical College, New Civil Hospital, Asarwa",,,380016,,,,B.J. Medical College Hospital,,,,,,https://bjmc.org/,hospital,,,,,,,,,,,,,,,,,,,,,,,OpenGovernmentData,,,,,,,,,,,,,,,,,,,,,,,,,,,,,,,,,,,,,,node,,,,,
23.0500108,False,4,"{""addr:district"":""Ahmedabad"",""addr:state"":""Gujarat"",""contact:mobile"":""9825414366"",""healthcare"":""hospital"",""operator:type"":""government""}",6982197122,72.6080297,0.0,1686198616,,,"Civil Hospital Campus, Asarwa",,,380016,,,paraplegiahospital@vsnl.net,Government Spine Institute Hospital,,,,,,http://www.gsiahmedabad.org/about.html,hospital,,,,,,,,,,,,,,,,,,,,,,,OpenGovernmentData,,,,,,,,,,,,,,,,,,,,,,,,,,,,,,,,,,,,,,node,,,,,
22.9798932,False,3,"{""addr:district"":""Ahmedabad"",""addr:state"":""Gujarat"",""contact:phone"":""7925359394; 25394700""}",6982197139,72.5997604,0.0,1600366252,,,Opposite Isanpur Bus Stop,,,382443,,,,"Parth Eye Hospital, Isanpur",,,,,,,hospital,,,,,,,,,,,,,,,,,,,,,,,OpenGovernmentData,,,,,,,,,,,,,,,,,,,,,,,,,,,,,,,,,,,,,,node,,,,,
23.0545187,False,3,"{""addr:district"":""Ahmedabad"",""addr:state"":""Gujarat""}",6982197140,72.595823,0.0,1600365623,,,"213/214,Second Floor,Austmangal Complex,Shahibaug",,,380004,,,,Austmangal Surgical Hospital,,,,,,,hospital,,,,,,,,,,,,,,,,,,,,,,,OpenGovernmentData,,,,,,,,,,,,,,,,,,,,,,,,,,,,,,,,,,,,,,node,,,,,
23.0626344,False,4,"{""addr:district"":""Ahmedabad"",""addr:state"":""Gujarat"",""healthcare"":""hospital""}",6982197141,72.643695,0.0,1686198616,,,"Near .S.T.Workshop Patiya,Naroda",,,380015,,,,Rudraksh Hospital,,,,,,,hospital,,,,,,,,,,,,,,,,,,,,,,,OpenGovernmentData,,,,,,,,,,,,,,,,,,,,,,,,,,,,,,,,,,,,,,node,,,,,
23.0246015,False,3,"{""addr:district"":""Ahmedabad"",""addr:state"":""Gujarat""}",6982527814,72.5449569,0.0,1600364319,,,"204-205, Shyamak Complex, Opposite Sahajanand College, B/H. Kamdhenu Complex, Plytechnic",,,380015,,,,Babul E.N.T. Hospital,,,,,,,hospital,,,,,,,,,,,,,,,,,,,,,,,OpenGovernmentData,,,,,,,,,,,,,,,,,,,,,,,,,,,,,,,,,,,,,,node,,,,,
22.9956523,False,3,"{""addr:district"":""Ahmedabad"",""addr:state"":""Gujarat""}",6982581431,72.6121093,0.0,1600366620,,,Vinay Arcade 2nd Floor Nr Jain Temple Opp Rly Crossing Nr Mani Rly Station,,,380007,,,,Dr Dipak C Shah E N T Hospital,,,,,,,hospital,,,,,,,,,,,,,,,,,,,,,,,OpenGovernmentData,,,,,,,,,,,,,,,,,,,,,,,,,,,,,,,,,,,,,,node,,,,,
23.0476847,False,6,"{""addr:district"":""Ahmedabad"",""addr:state"":""Gujarat"",""contact:mobile"":""9825938397""}",6982581436,72.5663294,0.0,1731468623,,,"14, Vadigam Society, Opposite Nemsnath Society",,,380001,,,,"Adarsh Hospital, Ahmedabad",,,,,,,hospital,,,,,,,,,,,,,,,,,,,,,,,OpenGovernmentData,,,,,,,,,,,,,,,,,,,,,,,,,,,,,,,,,,,,,,node,,,,,
22.9834237,False,3,"{""addr:district"":""Ahmedabad"",""addr:state"":""Gujarat"",""contact:phone"":""25391810""}",6982731905,72.5971761,0.0,1600364916,,,"Groun Floor Sardar Complex Opp Kovid Wadi, Isanpur",,,382443,,,,Swapn Healthcare Hospital Pvt. Ltd,,,,,,,hospital,,,,,,,,,,,,,,,,,,,,,,,OpenGovernmentData,,,,,,,,,,,,,,,,,,,,,,,,,,,,,,,,,,,,,,node,,,,,
23.0543583,False,3,"{""addr:district"":""Ahmedabad"",""addr:state"":""Gujarat""}",6983272102,72.6428729,0.0,1600366595,,,B And C Shri Krishna Towers,,,380001,,,,"Navjivan Maternity and Orthopaedic Hospital, Ahmedabad",,,,,,,hospital,,,,,,,,,,,,,,,,,,,,,,,OpenGovernmentData,,,,,,,,,,,,,,,,,,,,,,,,,,,,,,,,,,,,,,node,,,,,
22.9979961,False,3,"{""addr:district"":""Ahmedabad"",""addr:state"":""Gujarat""}",6983317583,72.6355197,0.0,1600364403,,,"F-101/102,1st Floor,Wonder Point Complex,Nr:Bharvi Tower,N.H.No.8",,,380026,,,,Nadkarni's 21St Century Hospitals Pvt Ltd,,,,,,,hospital,,,,,,,,,,,,,,,,,,,,,,,OpenGovernmentData,,,,,,,,,,,,,,,,,,,,,,,,,,,,,,,,,,,,,,node,,,,,
23.0463124,False,3,"{""addr:district"":""Ahmedabad"",""addr:state"":""Gujarat"",""addr:subdistrict"":""Ahmedabad"",""operator:type"":""private""}",6983409961,72.5624067,0.0,1600364706,,,"14, A, Bharat Colony, Near Sardar Patel Colony, Statue, Stadium Road",,,380014,,,drjitendra@hotmail.com,J.Chirag Surgical Hospital,,,,,,,hospital,,,,,,,,,,,,,,,,,,,,,,,OpenGovernmentData,,,,,,,,,,,,,,,,,,,,,,,,,,,,,,,,,,,,,,node,,,,,
23.0812863,False,3,"{""addr:district"":""Ahmedabad"",""addr:state"":""Gujarat""}",6983440879,72.5380576,0.0,1600364690,,,"Bhavnath Society, Ghatlodia",,,380061,,,,Shri Yogeshwar General Hospital,,,,,,,hospital,,,,,,,,,,,,,,,,,,,,,,,OpenGovernmentData,,,,,,,,,,,,,,,,,,,,,,,,,,,,,,,,,,,,,,node,,,,,
23.0059807,False,3,"{""addr:district"":""Ahmedabad"",""addr:state"":""Gujarat""}",6983477457,72.5599363,0.0,1600364510,,,"Opposite Ankur School Fatehpura,Paldi",,,380007,,,,Navkalp Children Hospital,,,,,,,hospital,,,,,,,,,,,,,,,,,,,,,,,OpenGovernmentData,,,,,,,,,,,,,,,,,,,,,,,,,,,,,,,,,,,,,,node,,,,,
23.0272274,False,4,"{""addr:district"":""Ahmedabad"",""addr:state"":""Gujarat"",""healthcare"":""hospital""}",6983477494,72.5861375,0.0,1623945576,,,"112, First Floor, Business Centre, Patharkuva, Relief Road",,,380001,,,,Memon Ent Hospital,,,,,,,hospital,,,,,,,,,,,,,,,,,,,,,,,OpenGovernmentData,,,,,,,,,,,,,,,,,,,,,,,,,,,,,,,,,,,,,,node,,,,,
23.0592497,False,4,"{""addr:district"":""Ahmedabad"",""addr:state"":""Gujarat"",""healthcare"":""hospital""}",6983511178,72.5372905,0.0,1716378860,,,"Parulnagar Shopping Centre, Opposite Utsav Party Plot, Bhuyandev Char Rasta, Sola Road",,,380061,,,,"Shaishav Children Hospital, Ahmedabad",,,,,,,hospital,,,,,,,,,,,,,,,,,,,,,,,OpenGovernmentData,,,,,,,,,,,,,,,,,,,,,,,,,,,,,,,,,,,,,,node,,,,,
23.0388164,False,4,"{""addr:district"":""Ahmedabad"",""addr:state"":""Gujarat"",""healthcare"":""hospital""}",6983623764,72.6331285,0.0,1686198616,,,"A-63, Shantidhara Society, Colony Road, Bapunagar",,,380024,,,,Shiv Jyoti Eye Hospital,,,,,,,hospital,,,,,,,,,,,,,,,,,,,,,,,OpenGovernmentData,,,,,,,,,,,,,,,,,,,,,,,,,,,,,,,,,,,,,,node,,,,,
23.010174,False,5,"{""addr:district"":""Ahmedabad"",""addr:state"":""Gujarat""}",6983623776,72.5621974,0.0,1731468648,,,"16, First Floor, Shalimar Complex Mahalaxmi, Panch Rasta, Paldi",,,380007,,,,Dr. Atul H Kansara `S (E.N.T) Hospital,,,,,,,hospital,,,,,,,,,,,,,,,,,,,,,,,OpenGovernmentData,,,,,,,,,,,,,,,,,,,,,,,,,,,,,,,,,,,,,,node,,,,,
23.0016415,False,3,"{""addr:district"":""Ahmedabad"",""addr:state"":""Gujarat"",""addr:subdistrict"":""Ahmedabad"",""operator:type"":""private""}",6983629350,72.5481668,0.0,1600365946,,,"1st Floor, Swami Narayan Complex, Opposite Vasna Bus Stop, Vasana",,,380007,,,,Aneri Surgical and Neuro Surgical Hospital,,,,,,,hospital,,,,,,,,,,,,,,,,,,,,,,,OpenGovernmentData,,,,,,,,,,,,,,,,,,,,,,,,,,,,,,,,,,,,,,node,,,,,
23.0288344,False,4,"{""addr:district"":""Ahmedabad"",""addr:state"":""Gujarat"",""check_date"":""2024-08-23""}",6983631097,72.4779037,0.0,1724435626,,,"Office No.Bs-22 To 25, B Wing, 2nd Floor,Amarapali Mall, Near City Gold Theatre,Bopal",,,380058,,,,Bopal Eye Care Centre,,,,,,,hospital,,,,,,,,,,,,,,,,,,,,,,,OpenGovernmentData,,,,,,,,,,,,,,,,,,,,,,,,,,,,,,,,,,,,,,node,,,,,
23.0590239,False,4,"{""addr:district"":""Ahmedabad"",""addr:state"":""Gujarat"",""healthcare"":""hospital""}",6983633938,72.5378671,0.0,1716378860,,,"215-216, Sarvopari Mall, Nr Bhuyangdev Cross Road, Sola Road, Ghatlodia",,,380061,,,,Devam Orthopaedic Hospital,,,,,,,hospital,,,,,,,,,,,,,,,,,,,,,,,OpenGovernmentData,,,,,,,,,,,,,,,,,,,,,,,,,,,,,,,,,,,,,,node,,,,,
23.0539073,False,5,"{""addr:district"":""Ahmedabad"",""addr:state"":""Gujarat"",""addr:subdistrict"":""Shahibauex"",""operator:type"":""private""}",6983634254,72.5964371,0.0,1720608827,,,"Swastil Complex, Opposite Rajasthan Hospital",,,380004,,,info@reshambaiivf.org,Reshambhai Fertility Hospital,,,,,,https://www.reshambaiivf.org/,hospital,,,,,,,,,,,,,,,,,,,,,,,OpenGovernmentData,,,,,,,,,,,,,,,,,,,,,,,,,,,,,,,,,,,,,,node,,,,,
22.9809304,False,3,"{""addr:district"":""Ahmedabad"",""addr:state"":""Gujarat""}",6983651326,72.5987479,0.0,1600365570,,,"2nd Flr, Shradhha Complex, Isanpur",,,382443,,,,"Dr, Nayan V Shah Surgical Hospital",,,,,,,hospital,,,,,,,,,,,,,,,,,,,,,,,OpenGovernmentData,,,,,,,,,,,,,,,,,,,,,,,,,,,,,,,,,,,,,,node,,,,,
23.0405319,False,3,"{""addr:district"":""Ahmedabad"",""addr:state"":""Gujarat""}",6983683410,72.5581983,0.0,1600364971,,,Near Sopan Flats On Stadium Circle To Commerce College Six Road Navrangpura,,,380009,,,,"Samved Orthopaedic Hospital, Ahmedabad",,,,,,,hospital,,,,,,,,,,,,,,,,,,,,,,,OpenGovernmentData,,,,,,,,,,,,,,,,,,,,,,,,,,,,,,,,,,,,,,node,,,,,
22.9872011,False,3,"{""addr:district"":""Ahmedabad"",""addr:state"":""Gujarat"",""contact:phone"":""7925390332""}",6983684511,72.603419,0.0,1600364518,,,"Ground Floor, Suvandana Apartment, Near Yamunaji Haveli, Maninagar-Isanpur Road, Bhaduvat Nagar",,,380008,,,,Shlok Medical and Heart Hospital,,,,,,,hospital,,,,,,,,,,,,,,,,,,,,,,,OpenGovernmentData,,,,,,,,,,,,,,,,,,,,,,,,,,,,,,,,,,,,,,node,,,,,
23.0403048,False,4,"{""addr:district"":""Ahmedabad"",""addr:state"":""Gujarat"",""contact:mobile"":""9898382799"",""healthcare"":""hospital""}",6983723687,72.5543117,0.0,1716378776,,,"405 Swapneel-5,H.L.Commerce College Circle, Navrangpura",,,380009,,,,Cheers Interventional Pain Management Hospital,,,,,,,hospital,,,,,,,,,,,,,,,,,,,,,,,OpenGovernmentData,,,,,,,,,,,,,,,,,,,,,,,,,,,,,,,,,,,,,,node,,,,,
23.0482079,False,3,"{""addr:district"":""Ahmedabad"",""addr:state"":""Gujarat""}",6983724286,72.6016447,0.0,1600365143,,,"Glauoma Squint Centre, Baliya Limdi, Civil Hospital Road",,,380016,,,,"Narang Eye Hospital, Munohwa By Pass Chowk",,,,,,,hospital,,,,,,,,,,,,,,,,,,,,,,,OpenGovernmentData,,,,,,,,,,,,,,,,,,,,,,,,,,,,,,,,,,,,,,node,,,,,
23.0029007,False,3,"{""addr:district"":""Ahmedabad"",""addr:state"":""Gujarat""}",6983778648,72.595717,0.0,1600366349,,,"M-102, Hira Anand Complex,Gordhan Wadi Circle,Kankaria",,,380022,,,,Vishwa Medical And Heart Hospital,,,,,,,hospital,,,,,,,,,,,,,,,,,,,,,,,OpenGovernmentData,,,,,,,,,,,,,,,,,,,,,,,,,,,,,,,,,,,,,,node,,,,,
23.0017465,False,3,"{""addr:district"":""Ahmedabad"",""addr:state"":""Gujarat"",""contact:phone"":""7922771818""}",6986103047,72.6183012,0.0,1600365691,,,"Ami-Ganga Complex, Khokhara Circle, Khokhara",,,380008,,,,"Vivek Children Hospital, Khokhara",,,,,,,hospital,,,,,,,,,,,,,,,,,,,,,,,OpenGovernmentData,,,,,,,,,,,,,,,,,,,,,,,,,,,,,,,,,,,,,,node,,,,,
23.0100246,False,3,"{""addr:district"":""Ahmedabad"",""addr:state"":""Gujarat""}",6986103052,72.5465441,0.0,1600365107,,,"1st Floor Jaideep Towers Near Shreyash Crossing, Dharnidhar Derasar Road",,,380007,,,,Prabhujyot Inst. Of G.I. Endoscopy and Laproscop,,,,,,,hospital,,,,,,,,,,,,,,,,,,,,,,,OpenGovernmentData,,,,,,,,,,,,,,,,,,,,,,,,,,,,,,,,,,,,,,node,,,,,
23.0066954,False,3,"{""addr:district"":""Ahmedabad"",""addr:state"":""Gujarat""}",6986256250,72.5325832,0.0,1600365090,,,"Sa-63, Shaktidhara Society, Bapunagar",,,380024,,,,Vatsalya Gynec Hospital,,,,,,,hospital,,,,,,,,,,,,,,,,,,,,,,,OpenGovernmentData,,,,,,,,,,,,,,,,,,,,,,,,,,,,,,,,,,,,,,node,,,,,
23.0730767,False,4,"{""addr:district"":""Ahmedabad"",""addr:state"":""Gujarat"",""healthcare"":""hospital""}",6986256251,72.6527891,0.0,1686198616,,,"Sruhad Complex(Naroda Doctor House), 3rd Floor, Near Narayannagar Bus Stand, Naroda",,,382330,,,,Vikas Medical and Heart Hospital,,,,,,,hospital,,,,,,,,,,,,,,,,,,,,,,,OpenGovernmentData,,,,,,,,,,,,,,,,,,,,,,,,,,,,,,,,,,,,,,node,,,,,
23.167703,False,5,"{""addr:district"":""GANDHINAGAR"",""addr:state"":""Gujarat"",""check_date"":""2023-10-22"",""healthcare"":""centre""}",6986279344,72.5857745,0.0,1697954733,,,"Balapi highway, Adalaj, Near post office",,,382421,,,,Government hospital Adalaj,,,,,,,hospital,,,,,,,,,,,,,,,,,,,,,,,OpenGovernmentData,,,,,,,,,,,,,,,,,,,,,,,,,,,,,,,,,,,,,,node,,,,,
23.0638572,False,3,"{""addr:district"":""Ahmedabad"",""addr:state"":""Gujarat""}",6986279383,72.5304455,0.0,1600365099,,,202 2nd Floor Centre Plaza Opp Sarthak School Satadhar Char Rasta Sola Raod Ghatlodia,,,380061,,,,Tirtham Surgical and Laparoscopic Centre,,,,,,,hospital,,,,,,,,,,,,,,,,,,,,,,,OpenGovernmentData,,,,,,,,,,,,,,,,,,,,,,,,,,,,,,,,,,,,,,node,,,,,
23.0127576,False,3,"{""addr:district"":""Ahmedabad"",""addr:state"":""Gujarat""}",6986285730,72.5670958,0.0,1600364246,,,Behind: Shahaliji Dargah,,,380001,,,,Peshant House Hospital,,,,,,,hospital,,,,,,,,,,,,,,,,,,,,,,,OpenGovernmentData,,,,,,,,,,,,,,,,,,,,,,,,,,,,,,,,,,,,,,node,,,,,
23.0209844,False,3,"{""addr:district"":""Ahmedabad"",""addr:state"":""Gujarat""}",6986434686,72.5436446,0.0,1600365610,,,"5/A, Medicare Cenre, Behin M.J Library, Ellisbridge",,,380006,,,,Jagdish Orthopadic Hospital,,,,,,,hospital,,,,,,,,,,,,,,,,,,,,,,,OpenGovernmentData,,,,,,,,,,,,,,,,,,,,,,,,,,,,,,,,,,,,,,node,,,,,
23.0402147,False,3,"{""addr:district"":""Ahmedabad"",""addr:state"":""Gujarat""}",6986477087,72.5598545,0.0,1600364413,,,"2nd Floor, Vedanta, Stadium Commerce College Road, Navrangpura",,,380009,,,,Vedanta Institute Of Medical Sciences Hospital,,,,,,,hospital,,,,,,,,,,,,,,,,,,,,,,,OpenGovernmentData,,,,,,,,,,,,,,,,,,,,,,,,,,,,,,,,,,,,,,node,,,,,
23.1224896,False,3,"{""addr:district"":""Ahmedabad"",""addr:state"":""Gujarat""}",6986591574,72.5045286,0.0,1600366001,,,"Village-Ognaj, Taluka-Daskroi",,,380060,,,,Lions Karnavati Shantaben Vishnubhai Patel Eye Hospital,,,,,,,hospital,,,,,,,,,,,,,,,,,,,,,,,OpenGovernmentData,,,,,,,,,,,,,,,,,,,,,,,,,,,,,,,,,,,,,,node,,,,,
23.1146062,False,3,"{""addr:district"":""Gandhinagar"",""addr:state"":""Gujarat""}",6986602457,72.5838912,0.0,1600366123,,,"240 & 320 , Orange Mall, Near Sharda Petrolpump, Chandkheda",,,382424,,,,Shree Sai Children Hospital,,,,,,,hospital,,,,,,,,,,,,,,,,,,,,,,,OpenGovernmentData,,,,,,,,,,,,,,,,,,,,,,,,,,,,,,,,,,,,,,node,,,,,
23.0269892,False,4,"{""addr:district"":""Ahmedabad"",""addr:state"":""Gujarat"",""addr:subdistrict"":""Bopal"",""contact:phone"":""7965404040"",""operator:type"":""private""}",6986602477,72.4773597,0.0,1600364880,,,"28, 2nd Floor Amrapali Axiom,S.P Ring Road, Near Ambli-bopal Circle",,,380025,,,,Devasya Superspeciality Kidney Institute and Research Centre,,,,,,https://www.devasyahospital.com/,hospital,,,,,,,,,,,,,,,,,,,,,,,OpenGovernmentData,,,,,,,,,,,,,,,,,,,,,,,,,,,,,,,,,,,,,,node,,,,,
22.9873418,False,3,"{""addr:district"":""Ahmedabad"",""addr:state"":""Gujarat""}",6986602483,72.611577,0.0,1600365954,,,"Kashubhai Complex.Opposite Aavkar Hall, Near Ghodasarpolice Staion, Ghodsar",,,380050,,,,"Ashirwad Hospital, Ahmedabad",,,,,,,hospital,,,,,,,,,,,,,,,,,,,,,,,OpenGovernmentData,,,,,,,,,,,,,,,,,,,,,,,,,,,,,,,,,,,,,,node,,,,,
23.0809819,False,3,"{""addr:district"":""Ahmedabad"",""addr:state"":""Gujarat""}",6986605704,72.6213037,0.0,1600366173,,,240 B Saibaba Mandir Sardar Nagar Main Road,,,382475,,,,"Shivam Medical Hospital, Sardar Nagar",,,,,,,hospital,,,,,,,,,,,,,,,,,,,,,,,OpenGovernmentData,,,,,,,,,,,,,,,,,,,,,,,,,,,,,,,,,,,,,,node,,,,,
22.9985353,False,3,"{""addr:district"":""Ahmedabad"",""addr:state"":""Gujarat""}",6986605747,72.6247528,0.0,1600365027,,,"1st Floor, Shreepal Commercial Centre, Six Ways, Khokhara",,,380008,,,,Yogiji Medical Hospital,,,,,,,hospital,,,,,,,,,,,,,,,,,,,,,,,OpenGovernmentData,,,,,,,,,,,,,,,,,,,,,,,,,,,,,,,,,,,,,,node,,,,,
23.0436594,False,4,"{""addr:district"":""Ahmedabad"",""addr:state"":""Gujarat"",""healthcare"":""hospital""}",6986605752,72.6502608,0.0,1686198616,,,"2nd Floor, C-Block, Madhav Mall, Oppsite Ratanba School, Thakkar Bapa Nagar",,,382350,,,,Aagman Maternity and Gynec Hospital,,,,,,,hospital,,,,,,,,,,,,,,,,,,,,,,,OpenGovernmentData,,,,,,,,,,,,,,,,,,,,,,,,,,,,,,,,,,,,,,node,,,,,
23.062087,False,3,"{""addr:district"":""Ahmedabad"",""addr:state"":""Gujarat"",""addr:subdistrict"":""Ahmedabad"",""operator:type"":""private""}",6986605757,72.5305813,0.0,1600365075,,,"APM Shopping Mall, Opposite Sun-N-Step Club, Satadhar Char Rasta, Sola Road",,,380061,,,Parthmp@Gmail.Com,Netram Care Eye Hospital,,,,,,http://www.netramcare.com/,hospital,,,,,,,,,,,,,,,,,,,,,,,OpenGovernmentData,,,,,,,,,,,,,,,,,,,,,,,,,,,,,,,,,,,,,,node,,,,,
23.0226864,False,3,"{""addr:district"":""Ahmedabad"",""addr:state"":""Gujarat""}",6986605760,72.5697332,0.0,1600365564,,,"Opp X Ray House B/H Town Hall ,Ellisbridge",,,380006,,,,Jaliyan Orthopaedic Hospital,,,,,,,hospital,,,,,,,,,,,,,,,,,,,,,,,OpenGovernmentData,,,,,,,,,,,,,,,,,,,,,,,,,,,,,,,,,,,,,,node,,,,,
23.0790988,False,3,"{""addr:district"":""Ahmedabad"",""addr:state"":""Gujarat""}",6986619078,72.5753262,0.0,1600365963,,,"Near Sardar Chowk, 10, Dharm Vijay Soc., Ranip",,,382480,,,,Tejal Eye Hospital,,,,,,,hospital,,,,,,,,,,,,,,,,,,,,,,,OpenGovernmentData,,,,,,,,,,,,,,,,,,,,,,,,,,,,,,,,,,,,,,node,,,,,
23.0377884,False,4,"{""addr:district"":""Ahmedabad"",""addr:state"":""Gujarat"",""contact:phone"":""9974276176"",""healthcare"":""hospital""}",6986625078,72.6440035,0.0,1686198616,,,"B-11, Third Floor,Sardar Patel Mall-B,Nikol Gam Road, Bapunagar",,,382350,,,,Ano Care Hospital,,,,,,,hospital,,,,,,,,,,,,,,,,,,,,,,,OpenGovernmentData,,,,,,,,,,,,,,,,,,,,,,,,,,,,,,,,,,,,,,node,,,,,
23.0663546,False,3,"{""addr:district"":""Ahmedabad"",""addr:state"":""Gujarat"",""addr:subdistrict"":""Naranpura"",""contact:phone"":""7927437225"",""operator:type"":""private""}",6986625079,72.5629216,0.0,1600364671,,,"3/B, Hasmukh Colony, Vijaynagar Road",,,380013,,,drsshah2007@yahoo.co.in;drsaurabhshah72@yahoo.com,Dr.Saurabh Shah Orthopaedic Hospital,,,,,,,hospital,,,,,,,,,,,,,,,,,,,,,,,OpenGovernmentData,,,,,,,,,,,,,,,,,,,,,,,,,,,,,,,,,,,,,,node,,,,,
23.054805,False,3,"{""addr:district"":""Ahmedabad"",""addr:state"":""Gujarat"",""addr:subdistrict"":""Shaibaugh"",""operator:type"":""private""}",6986736364,72.5964358,0.0,1600364981,,,"2nd Floor, Shukan Mall, Beside Rajasthan Hospital",,,380004,,,drsajnani@hotmail.com,"Adinath Hospital, Ahmedabad",,,,,,,hospital,,,,,,,,,,,,,,,,,,,,,,,OpenGovernmentData,,,,,,,,,,,,,,,,,,,,,,,,,,,,,,,,,,,,,,node,,,,,
23.0022835,False,3,"{""addr:district"":""Ahmedabad"",""addr:state"":""Gujarat""}",6986966093,72.5482339,0.0,1600365733,,,"First Floor, N.D. Shroff Market , Near Vasna Bus Stop",,,380007,,,,"Shreyas Orthopedic Hospital, Vasna",,,,,,,hospital,,,,,,,,,,,,,,,,,,,,,,,OpenGovernmentData,,,,,,,,,,,,,,,,,,,,,,,,,,,,,,,,,,,,,,node,,,,,
23.0072423,False,3,"{""addr:district"":""Ahmedabad"",""addr:state"":""Gujarat""}",6987068296,72.5362967,0.0,1600366290,,,"# 16, Anuradha Society, Opposite Gnanda Soc., Jivraj Park",,,380051,,,,Chintan Orthopaedic Hospital,,,,,,,hospital,,,,,,,,,,,,,,,,,,,,,,,OpenGovernmentData,,,,,,,,,,,,,,,,,,,,,,,,,,,,,,,,,,,,,,node,,,,,
23.0650523,False,4,"{""addr:district"":""Ahmedabad"",""addr:state"":""Gujarat"",""addr:subdistrict"":""Naroda Patia"",""healthcare"":""hospital"",""operator:type"":""private""}",6987246245,72.6426671,0.0,1686198616,,,"Khandari Bldg., Opposite S.T.Workshop, Naroda Patia",,,382345,,,,Akshar Eye Hospital,,,,,,,hospital,,,,,,,,,,,,,,,,,,,,,,,OpenGovernmentData,,,,,,,,,,,,,,,,,,,,,,,,,,,,,,,,,,,,,,node,,,,,
23.0249533,False,3,"{""addr:district"":""Ahmedabad"",""addr:state"":""Gujarat""}",6987467519,72.5472508,0.0,1600364777,,,"201, Aasthan Complex, Opposite Polytecnic,Anbawadi",,,380015,,,,Dr. Trivedis Arthroscopy Clinic And Hospital,,,,,,,hospital,,,,,,,,,,,,,,,,,,,,,,,OpenGovernmentData,,,,,,,,,,,,,,,,,,,,,,,,,,,,,,,,,,,,,,node,,,,,
23.0034513,False,3,"{""addr:district"":""Ahmedabad"",""addr:state"":""Gujarat"",""contact:mobile"":""9879506033""}",6987525729,72.5189187,0.0,1600364837,,,"4, Suvidha Complex, Near Vejalpur Bus Stop, Opposite Data House, Vejalpur",,,380051,,,,"Spandan Hospital, Ahmedabad",,,,,,,hospital,,,,,,,,,,,,,,,,,,,,,,,OpenGovernmentData,,,,,,,,,,,,,,,,,,,,,,,,,,,,,,,,,,,,,,node,,,,,
23.0114874,False,3,"{""addr:district"":""Ahmedabad"",""addr:state"":""Gujarat""}",6987724528,72.6491044,0.0,1600364283,,,"44, Krushnakunj ShOppositeIng Centre, ,Opposite Maheshwari Nagar, Arbudanagar",,,382415,,,,Kuvar Ba General Hospital,,,,,,,hospital,,,,,,,,,,,,,,,,,,,,,,,OpenGovernmentData,,,,,,,,,,,,,,,,,,,,,,,,,,,,,,,,,,,,,,node,,,,,
23.0804356,False,3,"{""addr:district"":""Ahmedabad"",""addr:state"":""Gujarat""}",6987724550,72.5679736,0.0,1600366630,,,72 Shrijjinagar Part-1 Opp Nathalal Park Society Balolnagar Char Rasta Ranip,,,382480,,,,Vinayak Children Hospital-Ahmedabad,,,,,,,hospital,,,,,,,,,,,,,,,,,,,,,,,OpenGovernmentData,,,,,,,,,,,,,,,,,,,,,,,,,,,,,,,,,,,,,,node,,,,,
23.0489292,False,4,"{""addr:district"":""Ahmedabad"",""addr:state"":""Gujarat""}",6987886544,72.6016849,0.0,1600364262,,,"Maruti Complex, Opposite New Civil Hospital, Asarwa",,,380016,,,,Rachana Hospital,,,,,,,hospital,,,,,,,,,,,,,,,,,,,,,,,OpenGovernmentData,,,,,,,,,,,,,,,,,,,,,,,,,,,,,,,,,,,,,,node,,,,,
23.0405269,False,4,"{""addr:district"":""Ahmedabad"",""addr:state"":""Gujarat"",""healthcare"":""hospital""}",6988042721,72.6583895,0.0,1686198616,,,"1 St Floor, Giriraj Complex , Opp Jeevan Wadi , Nikol Gam Road",,,382350,,,,Kalrav Maternity Hospital and Sonography Centre,,,,,,,hospital,,,,,,,,,,,,,,,,,,,,,,,OpenGovernmentData,,,,,,,,,,,,,,,,,,,,,,,,,,,,,,,,,,,,,,node,,,,,
23.0839074,False,3,"{""addr:district"":""Ahmedabad"",""addr:state"":""Gujarat"",""addr:subdistrict"":""Sabarmati"",""operator:type"":""private""}",6988048676,72.5911881,0.0,1600366507,,,"2nd Floor, Neelkamal Complex, Ramnagar",,,380005,,,drjatingupta@yahoo.com,Aashirwad Surgical Hospital and Nursing Home,,,,,,,hospital,,,,,,,,,,,,,,,,,,,,,,,OpenGovernmentData,,,,,,,,,,,,,,,,,,,,,,,,,,,,,,,,,,,,,,node,,,,,
23.0016292,False,3,"{""addr:district"":""Ahmedabad"",""addr:state"":""Gujarat""}",6988066542,72.5479455,0.0,1600364328,,,"Ground Floor, Punjabhai Chambers, Opposite Vasna Bus Stop",,,380007,,,,Dr. Sejal Desai Eye Hospital,,,,,,,hospital,,,,,,,,,,,,,,,,,,,,,,,OpenGovernmentData,,,,,,,,,,,,,,,,,,,,,,,,,,,,,,,,,,,,,,node,,,,,
23.0220336,False,3,"{""addr:district"":""Ahmedabad"",""addr:state"":""Gujarat""}",6988267618,72.5253251,0.0,1600364533,,,"402, Aditya Plaza Complex Near Jodhpur Cross Road, OppositeVivekanand Nagar Satellite",,,380015,,,,Vishwa Ent Hospital,,,,,,,hospital,,,,,,,,,,,,,,,,,,,,,,,OpenGovernmentData,,,,,,,,,,,,,,,,,,,,,,,,,,,,,,,,,,,,,,node,,,,,
23.014419,False,4,"{""addr:district"":""Ahmedabad"",""addr:state"":""Gujarat"",""healthcare"":""hospital""}",6988306349,72.5629203,0.0,1678530043,,,"14, Dasha Porwad Society, Behind Palid Bus Stop, Near Gajarawala Flats",,,380007,,,,Navkar Plastic Surgery Hospital,,,,,,,hospital,,,,,,,,,,,,,,,,,,,,,,,OpenGovernmentData,,,,,,,,,,,,,,,,,,,,,,,,,,,,,,,,,,,,,,node,,,,,
22.996806,False,3,"{""addr:district"":""Ahmedabad"",""addr:state"":""Gujarat""}",6988322949,72.6562531,0.0,1600364355,,,"303, Siddhi Vinayak Plaza Near Nirant Cross Road, Mahadevnagar Vastral Road",,,382418,,,,Shukan Maternity Home,,,,,,,hospital,,,,,,,,,,,,,,,,,,,,,,,OpenGovernmentData,,,,,,,,,,,,,,,,,,,,,,,,,,,,,,,,,,,,,,node,,,,,
22.9914333,False,3,"{""addr:district"":""Ahmedabad"",""addr:state"":""Gujarat""}",6988340023,72.6338285,0.0,1600365632,,,"Nr: Gurukrupa School, Ramol Road,Ctm Char Rasta",,,380026,,,,Rajni Women's Hospital and Research Centre,,,,,,,hospital,,,,,,,,,,,,,,,,,,,,,,,OpenGovernmentData,,,,,,,,,,,,,,,,,,,,,,,,,,,,,,,,,,,,,,node,,,,,
23.0136587,False,4,"{""addr:district"":""Ahmedabad"",""addr:state"":""Gujarat"",""healthcare"":""hospital""}",6988349685,72.5303878,0.0,1628800876,,,"203-204, , Jyoti Complex B/S, Parekhs Hospitals , Shyamal Cross Roads, Satellite",,,380015,,,,Gujrat Child Care Hospital,,,,,,,hospital,,,,,,,,,,,,,,,,,,,,,,,OpenGovernmentData,,,,,,,,,,,,,,,,,,,,,,,,,,,,,,,,,,,,,,node,,,,,
23.0058276,False,3,"{""addr:district"":""Ahmedabad"",""addr:state"":""Gujarat""}",6988439005,72.5329319,0.0,1600364878,,,"Dhanlaxmi Complex, Nr Jivraj Park Over Bridge",,,380051,,,,"Jain Hospital and Icu, Jivraj Park",,,,,,,hospital,,,,,,,,,,,,,,,,,,,,,,,OpenGovernmentData,,,,,,,,,,,,,,,,,,,,,,,,,,,,,,,,,,,,,,node,,,,,
23.0152707,False,3,"{""addr:district"":""Ahmedabad"",""addr:state"":""Gujarat""}",6988490440,72.5638269,0.0,1600365714,,,"310, Summeru Complex, Jalaram Mandir Road",,,380006,,,,Saraiya Plastic Surgery And Burns Hospital,,,,,,,hospital,,,,,,,,,,,,,,,,,,,,,,,OpenGovernmentData,,,,,,,,,,,,,,,,,,,,,,,,,,,,,,,,,,,,,,node,,,,,
23.0090414,False,3,"{""addr:district"":""Ahmedabad"",""addr:state"":""Gujarat""}",6988491227,72.5622276,0.0,1600364604,,,"A Unit Of Paldi Hospital 9A, Vivekanand Society, Mahalaxmi Panch Rasta",,,380007,,,,"Sushrut Hospital, Ahmedabad",,,,,,,hospital,,,,,,,,,,,,,,,,,,,,,,,OpenGovernmentData,,,,,,,,,,,,,,,,,,,,,,,,,,,,,,,,,,,,,,node,,,,,
23.0213053,False,3,"{""addr:district"":""Ahmedabad"",""addr:state"":""Gujarat""}",6988494095,72.5435185,0.0,1600365168,,,"107,Shailbhadra.OppositeAmbawadi Jain Derasar,Near Nehrunagar Circle,Ambawadi",,,380015,,,,Rushil Cancer And Endocrine Care,,,,,,,hospital,,,,,,,,,,,,,,,,,,,,,,,OpenGovernmentData,,,,,,,,,,,,,,,,,,,,,,,,,,,,,,,,,,,,,,node,,,,,
23.0193453,False,3,"{""addr:district"":""Ahmedabad"",""addr:state"":""Gujarat""}",6988534634,72.5572944,0.0,1600366222,,,"4Th Floor,Viva Complex Opp: Parimal Garden Ellisbridge",,,380006,,,,Shyam Urological Hospital,,,,,,,hospital,,,,,,,,,,,,,,,,,,,,,,,OpenGovernmentData,,,,,,,,,,,,,,,,,,,,,,,,,,,,,,,,,,,,,,node,,,,,
23.064969,False,4,"{""addr:district"":""Ahmedabad"",""addr:state"":""Gujarat"",""healthcare"":""hospital""}",6988536883,72.6426845,0.0,1686198616,,,"9-A Vivekanand Society , Near Badshah Dairy Mahalaxmi Panch Rasta Paldi",,,380007,,,,Smt Shobhadevi Ent Hospital,,,,,,,hospital,,,,,,,,,,,,,,,,,,,,,,,OpenGovernmentData,,,,,,,,,,,,,,,,,,,,,,,,,,,,,,,,,,,,,,node,,,,,
23.0185504,False,3,"{""addr:district"":""Ahmedabad"",""addr:state"":""Gujarat""}",6988713370,72.5362779,0.0,1600365254,,,"Gips, Shreenath Complex, Umiya Vijay Road, Punit Nagar-1, Satelite",,,380015,,,,Gujarat Institute Of Psnchological Sciences Hospit,,,,,,,hospital,,,,,,,,,,,,,,,,,,,,,,,OpenGovernmentData,,,,,,,,,,,,,,,,,,,,,,,,,,,,,,,,,,,,,,node,,,,,
23.0157929,False,4,"{""addr:district"":""Ahmedabad"",""addr:state"":""Gujarat"",""healthcare"":""hospital""}",6988713380,72.5243381,0.0,1622973806,,,"104-105, 1st Floor, Shivalay-2/A, Nr Hasubhai Park, Jodhpur Gam",,,380015,,,,Abhisek Maternity and Nursing Home,,,,,,,hospital,,,,,,,,,,,,,,,,,,,,,,,OpenGovernmentData,,,,,,,,,,,,,,,,,,,,,,,,,,,,,,,,,,,,,,node,,,,,
23.0168791,False,3,"{""addr:district"":""Ahmedabad"",""addr:state"":""Gujarat""}",6989050324,72.5667813,0.0,1600365837,,,"11, Ashirwad Avenu, Opposite Cocharab Ashram, Pritamnagar, Paldi",,,380006,,,,Nishant E N T Hospital,,,,,,,hospital,,,,,,,,,,,,,,,,,,,,,,,OpenGovernmentData,,,,,,,,,,,,,,,,,,,,,,,,,,,,,,,,,,,,,,node,,,,,
23.0175456,False,3,"{""addr:district"":""Ahmedabad"",""addr:state"":""Gujarat""}",6989112022,72.5576954,0.0,1600365558,,,"A - 101 / 104, Silver Brook, Near Parimal Crossing Ambawdi",,,380006,,,,"Siddhivinayak Hospital, Ahmedabad",,,,,,,hospital,,,,,,,,,,,,,,,,,,,,,,,OpenGovernmentData,,,,,,,,,,,,,,,,,,,,,,,,,,,,,,,,,,,,,,node,,,,,
23.0626813,False,4,"{""addr:district"":""Ahmedabad"",""addr:state"":""Gujarat""}",6989122223,72.5377853,0.0,1600366425,,,"Ff-2, Mahavir Tower, Opposite C P Nagar , Ghatlodia",,,380061,,,,Sitababa Hospital,,,,,,,hospital,,,,,,,,,,,,,,,,,,,,,,,OpenGovernmentData,,,,,,,,,,,,,,,,,,,,,,,,,,,,,,,,,,,,,,node,,,,,
23.0054634,False,3,"{""addr:district"":""Ahmedabad"",""addr:state"":""Gujarat""}",6989132421,72.5904116,0.0,1600366105,,,Ami Ganga Complex Rohit Mill Circle,,,380001,,,,Smruti Hospital,,,,,,,hospital,,,,,,,,,,,,,,,,,,,,,,,OpenGovernmentData,,,,,,,,,,,,,,,,,,,,,,,,,,,,,,,,,,,,,,node,,,,,
22.979024,False,3,"{""addr:district"":""Ahmedabad"",""addr:state"":""Gujarat""}",6989164263,72.6105885,0.0,1600365849,,,"Godasar Highway Chowkdi, Godasar",,,380050,,,,Raj Maternity Home,,,,,,,hospital,,,,,,,,,,,,,,,,,,,,,,,OpenGovernmentData,,,,,,,,,,,,,,,,,,,,,,,,,,,,,,,,,,,,,,node,,,,,
23.0552899,False,3,"{""addr:district"":""Ahmedabad"",""addr:state"":""Gujarat""}",6989177887,72.5969093,0.0,1600365916,,,"Camp Road, Shahibaug",,,380021,,,,The Gujarat Research and Medical Institute ( Rajasthan Hospital),,,,,,,hospital,,,,,,,,,,,,,,,,,,,,,,,OpenGovernmentData,,,,,,,,,,,,,,,,,,,,,,,,,,,,,,,,,,,,,,node,,,,,
23.0030081,False,3,"{""addr:district"":""Ahmedabad"",""addr:state"":""Gujarat""}",6989177897,72.5551459,0.0,1600365343,,,"22-A, Dungarshinagar Soc., Paldi, Bhutha",,,380007,,,,Clear Vision Eye Hospital( Unit 1),,,,,,,hospital,,,,,,,,,,,,,,,,,,,,,,,OpenGovernmentData,,,,,,,,,,,,,,,,,,,,,,,,,,,,,,,,,,,,,,node,,,,,
23.0166336,False,3,"{""healthcare"":""hospital""}",6989202574,72.469625,0.0,1600365932,,,,,,,,,,Sannidhya Hospital,,,,,,,hospital,,,,,,,,,,,,,,,,,,,,,,,,,,,,,,,,,,,,,,,,,,,,,,,,,,,,,,,,,,,,,node,,,,,
23.040701,False,3,"{""addr:district"":""Ahmedabad"",""addr:state"":""Gujarat""}",6989221492,72.5689566,0.0,1600366621,,,"Navdeep Complex, Opp Akashwani Near Income Tax Char Rasta, Ashram Road",,,380014,,,,Dr J J Vora Memorial General Hospital,,,,,,,hospital,,,,,,,,,,,,,,,,,,,,,,,OpenGovernmentData,,,,,,,,,,,,,,,,,,,,,,,,,,,,,,,,,,,,,,node,,,,,
23.0041352,False,3,"{""addr:district"":""Ahmedabad"",""addr:state"":""Gujarat""}",6990257834,72.6064526,0.0,1600366429,,,"Near Jaldhara Water Park , Balvatika, Kankaria Maninagar",,,380008,,,,"Siddhi Vinayak Hospital, Ahmedabad",,,,,,,hospital,,,,,,,,,,,,,,,,,,,,,,,OpenGovernmentData,,,,,,,,,,,,,,,,,,,,,,,,,,,,,,,,,,,,,,node,,,,,
23.0696614,False,3,"{""addr:district"":""Ahmedabad"",""addr:state"":""Gujarat""}",6990595051,72.5428694,0.0,1600366291,,,"Aastha Medical Complex, 2nd Floor, Prabhat Chowk",,,380061,,,,Aastha Eye Care Centre,,,,,,,hospital,,,,,,,,,,,,,,,,,,,,,,,OpenGovernmentData,,,,,,,,,,,,,,,,,,,,,,,,,,,,,,,,,,,,,,node,,,,,
23.0395927,False,4,"{""addr:district"":""Ahmedabad"",""addr:state"":""Gujarat"",""healthcare"":""hospital""}",6990600365,72.635415,0.0,1686198616,,,"B-1/5, Ila Society, India Colony",,,382350,,,,Raghukul Ortho Hospital,,,,,,,hospital,,,,,,,,,,,,,,,,,,,,,,,OpenGovernmentData,,,,,,,,,,,,,,,,,,,,,,,,,,,,,,,,,,,,,,node,,,,,
23.0129625,False,3,"{""addr:district"":""Ahmedabad"",""addr:state"":""Gujarat""}",6990678339,72.6388724,0.0,1600365896,,,"3-A, B, Hiraba Complex, Rajendra Park Char Rasta, N H No.8, Odhav",,,382415,,,,Rajput Eye Hospital,,,,,,,hospital,,,,,,,,,,,,,,,,,,,,,,,OpenGovernmentData,,,,,,,,,,,,,,,,,,,,,,,,,,,,,,,,,,,,,,node,,,,,
23.0028217,False,3,"{""addr:district"":""Ahmedabad"",""addr:state"":""Gujarat""}",6990705581,72.6183441,0.0,1600364856,,,"88/688, G H B Khokhara, Near Hatkeshwar Circle, Amraiwadi",,,380026,,,,Het Childcare Hospital,,,,,,,hospital,,,,,,,,,,,,,,,,,,,,,,,OpenGovernmentData,,,,,,,,,,,,,,,,,,,,,,,,,,,,,,,,,,,,,,node,,,,,
23.0328727,False,4,"{""addr:district"":""Ahmedabad"",""addr:state"":""Gujarat"",""healthcare"":""hospital""}",6990726309,72.6284051,0.0,1686198616,,,"1, Rameshwar Park Society, Infront Of Adani Hall Gate,T. B. Nagar Approch, Thakkar Bapa Nagar",,,380050,,,,Madhuram Surgical Hospital,,,,,,,hospital,,,,,,,,,,,,,,,,,,,,,,,OpenGovernmentData,,,,,,,,,,,,,,,,,,,,,,,,,,,,,,,,,,,,,,node,,,,,
23.0147326,False,3,"{""addr:district"":""Ahmedabad"",""addr:state"":""Gujarat""}",6990743054,72.6449161,0.0,1600364353,,,"No. 28, New Kamlesh Society, Arbudanagar Raod, Odhav",,,382415,,,,Dhwani General Hospital Nursing Home and Maternity Home,,,,,,,hospital,,,,,,,,,,,,,,,,,,,,,,,OpenGovernmentData,,,,,,,,,,,,,,,,,,,,,,,,,,,,,,,,,,,,,,node,,,,,
23.1154284,False,3,"{""addr:district"":""Ahmedabad"",""addr:state"":""Gujarat""}",6990752682,72.5822818,0.0,1600364827,,,"Opp Karnavati Club, S G Highway",,,380015,,,,"Shreyas Orthopedic Hospital, Ahmedabad",,,,,,,hospital,,,,,,,,,,,,,,,,,,,,,,,OpenGovernmentData,,,,,,,,,,,,,,,,,,,,,,,,,,,,,,,,,,,,,,node,,,,,
23.0487456,False,4,"{""addr:district"":""Ahmedabad"",""addr:state"":""Gujarat"",""healthcare"":""hospital""}",6990776817,72.6062142,0.0,1686198616,,,"Hospital Bipin Complex, Surat",,,380001,,,,Sanjeevani Fracture andAccident Hospital,,,,,,,hospital,,,,,,,,,,,,,,,,,,,,,,,OpenGovernmentData,,,,,,,,,,,,,,,,,,,,,,,,,,,,,,,,,,,,,,node,,,,,
23.0869528,False,4,"{""addr:district"":""Ahmedabad"",""addr:state"":""Gujarat"",""healthcare"":""hospital""}",6990786215,72.628334,0.0,1686198616,,,Camp Road Opp Swaminarayan Temple Shahibagh,,,380004,,,,Gujarat Research And Medical Institute Hospital,,,,,,,hospital,,,,,,,,,,,,,,,,,,,,,,,OpenGovernmentData,,,,,,,,,,,,,,,,,,,,,,,,,,,,,,,,,,,,,,node,,,,,
23.0633896,False,4,"{""addr:district"":""Ahmedabad"",""addr:state"":""Gujarat"",""healthcare"":""hospital""}",6990824177,72.6412113,0.0,1686198616,,,"Opposite Satluj Hotel, Near Bakat Petrol Pump Patia Circle, Naroda",,,382340,,,,Chirayu Surgical Hospital,,,,,,,hospital,,,,,,,,,,,,,,,,,,,,,,,OpenGovernmentData,,,,,,,,,,,,,,,,,,,,,,,,,,,,,,,,,,,,,,node,,,,,
23.0193008,False,3,"{""addr:district"":""Ahmedabad"",""addr:state"":""Gujarat""}",6990838192,72.5572461,0.0,1600365334,,,"1st Floor, Kaycrest, 21-Parimal Society, Above Andhra Bank, Nr Parimal Garden, Ellisbridge",,,380006,,,,Netralaya-The Eye Associates,,,,,,,hospital,,,,,,,,,,,,,,,,,,,,,,,OpenGovernmentData,,,,,,,,,,,,,,,,,,,,,,,,,,,,,,,,,,,,,,node,,,,,
23.0671591,False,3,"{""addr:district"":""Ahmedabad"",""addr:state"":""Gujarat""}",6990990485,72.5629981,0.0,1600365674,,,Suryarani Complex Akhbar Nagar Cross Road Navavadaj,,,380013,,,,Gayatri Childrens Hospital,,,,,,,hospital,,,,,,,,,,,,,,,,,,,,,,,OpenGovernmentData,,,,,,,,,,,,,,,,,,,,,,,,,,,,,,,,,,,,,,node,,,,,
23.0031649,False,3,"{""addr:district"":""Ahmedabad"",""addr:state"":""Gujarat""}",6991109755,72.5952208,0.0,1600365492,,,"2ndfloor,Urmi Kunj Kankaria , A`Bad",,,380022,,,,Neha Children Hospitals and Neonatal Centre,,,,,,,hospital,,,,,,,,,,,,,,,,,,,,,,,OpenGovernmentData,,,,,,,,,,,,,,,,,,,,,,,,,,,,,,,,,,,,,,node,,,,,
23.0396353,False,3,"{""addr:district"":""Ahmedabad"",""addr:state"":""Gujarat""}",6991207885,72.5659411,0.0,1600365800,,,"1st Floor, Near Collegian Restaurant, Near Doctor House, Parimal Crossing",,,380006,,,,Kavit Urosurgical Hospital,,,,,,,hospital,,,,,,,,,,,,,,,,,,,,,,,OpenGovernmentData,,,,,,,,,,,,,,,,,,,,,,,,,,,,,,,,,,,,,,node,,,,,
23.0598028,False,5,"{""addr:district"":""Ahmedabad"",""addr:state"":""Gujarat"",""healthcare"":""hospital""}",6991208200,72.5357951,0.0,1723022635,,,"Gu 8/ B Agrawal Tower, Bhuyangdev # Road, Ghatlodia Sola Road",,,380052,,,,Auroma Ent Hospital,,,,,,,hospital,,,,,,,,,,,,,,,,,,,,,,,OpenGovernmentData,,,,,,,,,,,,,,,,,,,,,,,,,,,,,,,,,,,,,,node,,,,,
22.9870335,False,4,"{""addr:district"":""Ahmedabad"",""addr:state"":""Gujarat"",""healthcare"":""hospital""}",6991241711,72.4732058,0.0,1678528518,,,"Near Shanti Pura Circle,Sarkhej",,,380014,,,,Sahyog General Hospital and Nursing Home,,,,,,,hospital,,,,,,,,,,,,,,,,,,,,,,,OpenGovernmentData,,,,,,,,,,,,,,,,,,,,,,,,,,,,,,,,,,,,,,node,,,,,
23.0048808,False,3,"{""addr:district"":""Ahmedabad"",""addr:state"":""Gujarat""}",6991261574,72.6367199,0.0,1600365668,,,"2nd Sharda Complex, OppositeRabari Colony, N.H.8, Amraiwadi",,,380026,,,,Jayshri Medical Hospital,,,,,,,hospital,,,,,,,,,,,,,,,,,,,,,,,OpenGovernmentData,,,,,,,,,,,,,,,,,,,,,,,,,,,,,,,,,,,,,,node,,,,,
23.0489175,False,4,"{""addr:district"":""Ahmedabad"",""addr:state"":""Gujarat"",""healthcare"":""hospital""}",6991317932,72.6041847,0.0,1686198616,,,"Opposite New Civil Hospital Gate-5, Near Petrol Pump, Asarwa",,,380016,,,,Radha Krishna Hospital,,,,,,,hospital,,,,,,,,,,,,,,,,,,,,,,,OpenGovernmentData,,,,,,,,,,,,,,,,,,,,,,,,,,,,,,,,,,,,,,node,,,,,
23.0473058,False,3,"{""addr:district"":""Ahmedabad"",""addr:state"":""Gujarat""}",6993387967,72.5586636,0.0,1600364756,,,"1/2, Meghalay Flat, Nr Sardar Patel Colony, Naranpura",,,380013,,,,Bhadra Clinic Hospital,,,,,,,hospital,,,,,,,,,,,,,,,,,,,,,,,OpenGovernmentData,,,,,,,,,,,,,,,,,,,,,,,,,,,,,,,,,,,,,,node,,,,,
22.9970288,False,3,"{""addr:district"":""Ahmedabad"",""addr:state"":""Gujarat""}",6993472071,72.6068388,0.0,1600366376,,,"Kamal Apartments, Near Bank Of Baroda, Maninagar Char Rasta",,,380008,,,,V and M Orthopaedic Centre,,,,,,,hospital,,,,,,,,,,,,,,,,,,,,,,,OpenGovernmentData,,,,,,,,,,,,,,,,,,,,,,,,,,,,,,,,,,,,,,node,,,,,
23.0519251,False,4,"{""addr:district"":""Ahmedabad"",""addr:state"":""Gujarat""}",6993703101,72.560481,0.0,1721207596,,,"6, Shrenik Society, Naranpura Char Rasta",,,380013,,,,"Anand Eye Hospital,(Dr. Rohit Desai)",,,,,,,hospital,,,,,,,,,,,,,,,,,,,,,,,OpenGovernmentData,,,,,,,,,,,,,,,,,,,,,,,,,,,,,,,,,,,,,,node,,,,,
23.0187158,False,4,"{""addr:district"":""Ahmedabad"",""addr:state"":""Gujarat"",""operator:type"":""government""}",6993868923,72.5714269,0.0,1698177814,,,Ellis Bridge,,,380006,,,Info@nhlmmc.edu.in,Smt.NHL Municipal Medical College Hospital,,,,,,https://www.nhlmmc.edu.in/,hospital,,,,,,,,,,,,,,,,,,,,,,,OpenGovernmentData,,,,,,,,,,,,,,,,,,,,,,,,,,,,,,,,,,,,,,node,,,,,
23.0520284,False,3,"{""addr:district"":""Ahmedabad"",""addr:state"":""Gujarat""}",6993868949,72.5641722,0.0,1600364390,,,"Dhanjibhai Complex, 2nd Floor, Near Jivrapark Bus Stop B Block, Nr Naranpura Railway Crossing",,,380013,,,,Killol Children Hospital,,,,,,,hospital,,,,,,,,,,,,,,,,,,,,,,,OpenGovernmentData,,,,,,,,,,,,,,,,,,,,,,,,,,,,,,,,,,,,,,node,,,,,
23.016489,False,3,"{""addr:district"":""Ahmedabad"",""addr:state"":""Gujarat"",""contact:mobile"":""9909013730""}",6993882537,72.5665225,0.0,1600364894,,,"101, Span Trade Centre, Opposite Kochrab Ashram, Near Paldi Char Rasta",,,380006,,,,Gujrat Diagnostic Center and Pathology Laboratory,,,,,,,hospital,,,,,,,,,,,,,,,,,,,,,,,OpenGovernmentData,,,,,,,,,,,,,,,,,,,,,,,,,,,,,,,,,,,,,,node,,,,,
23.0094926,False,3,"{""addr:district"":""Ahmedabad"",""addr:state"":""Gujarat""}",6993884689,72.5988793,0.0,1600365362,,,"Vijay Tower,First Floor,Opp Abad Dairy",,,380022,,,,Giriraj Orthopaedic Hospital,,,,,,,hospital,,,,,,,,,,,,,,,,,,,,,,,OpenGovernmentData,,,,,,,,,,,,,,,,,,,,,,,,,,,,,,,,,,,,,,node,,,,,
22.9998935,False,4,"{""addr:district"":""Ahmedabad"",""addr:state"":""Gujarat""}",6993902494,72.5468244,0.0,1711451305,,,"301, Pratham Mangal Complex, Near Vasna Bus Stand, Vasna",,,380007,,Ashram Road,,BSNL Exchange,,,,,,,hospital,,,,,,,,,,,,,,,,,,,,,,,OpenGovernmentData,,,,,,,,,,,,,,,,,,,,,,,,,,,,,,,,,,,,,,node,,,,,
23.027216,False,3,"{""addr:district"":""Ahmedabad"",""addr:state"":""Gujarat""}",6993975134,72.5454128,0.0,1600365123,,,"No. 205, Vraj Avenue, Near St. Xaviers Ladies Hostel, Navarangpura",,,380009,,,,Amdawad Eye Laser Hospitals Pvt Ltd,,,,,,,hospital,,,,,,,,,,,,,,,,,,,,,,,OpenGovernmentData,,,,,,,,,,,,,,,,,,,,,,,,,,,,,,,,,,,,,,node,,,,,
22.9928112,False,4,,7157714219,72.5191879,0.0,1721162264,,,,,,,,,,Amena Khatun General Hospital,24/7,,+91 079 2682 3523,,,https://www.mctrust.org/,hospital,,,,,,,,,,,,,,,,,,,,,,,,,,,,,,,,,,,,,,,,,,,,,,,,,,,,,,,,,,,,,node,,,,,
23.019646,False,4,"{""addr:district"":""Ahmedabad"",""addr:state"":""Gujarat"",""healthcare"":""hospital""}",7862753690,72.593685,0.0,1623945576,,,"Raipur, Khadia",,,380001,,,,Shree Umiya Multi Speciality Hospital,,,,,,,hospital,,,,,,,,,,,,,,,,,,,,,,,Local Knowledge,,,,,,,,,,,,,,,,,,,,,,,,,,,,,,,,,,,,,,node,,,,,
22.999361,False,3,"{""addr:district"":""Ahmedabad"",""addr:state"":""Gujarat""}",7862753691,72.585958,0.0,1600366341,,,Danilimda,,,380028,,,,Vahedi Hospital,,,,,,,hospital,,,,,,,,,,,,,,,,,,,,,,,Local Knowledge,,,,,,,,,,,,,,,,,,,,,,,,,,,,,,,,,,,,,,node,,,,,
22.9634073,False,3,"{""addr:district"":""Ahmedabad"",""addr:state"":""Gujarat""}",7862753693,72.5912646,0.0,1600364478,,,Narolgam,,,382405,,,,Jankalyan Janaseva Hospital,,,,,,,hospital,,,,,,,,,,,,,,,,,,,,,,,Local Knowledge,,,,,,,,,,,,,,,,,,,,,,,,,,,,,,,,,,,,,,node,,,,,
22.997277,False,3,"{""addr:district"":""Ahmedabad"",""addr:state"":""Gujarat""}",7862753694,72.609198,0.0,1600365694,,,Maninagar,,,380008,,,,Shruti ENT Hospital,,,,,,,hospital,,,,,,,,,,,,,,,,,,,,,,,Local Knowledge,,,,,,,,,,,,,,,,,,,,,,,,,,,,,,,,,,,,,,node,,,,,
22.997459,False,3,"{""addr:district"":""Ahmedabad"",""addr:state"":""Gujarat""}",7862753697,72.610435,0.0,1600364339,,,Maninagar,,,380008,,,,Child Care Surgical Hospital,,,,,,,hospital,,,,,,,,,,,,,,,,,,,,,,,Local Knowledge,,,,,,,,,,,,,,,,,,,,,,,,,,,,,,,,,,,,,,node,,,,,
23.0234972,False,4,"{""addr:district"":""Ahmedabad"",""addr:state"":""Gujarat"",""healthcare"":""hospital""}",7862753698,72.5946245,0.0,1623945576,,,Khadia,,,380001,,,,Mamta Maternity Home,,,,,,,hospital,,,,,,,,,,,,,,,,,,,,,,,Local Knowledge,,,,,,,,,,,,,,,,,,,,,,,,,,,,,,,,,,,,,,node,,,,,
23.018949,False,3,"{""addr:district"":""Ahmedabad"",""addr:state"":""Gujarat""}",7862753699,72.597401,0.0,1600365591,,,Khadia,,,380001,,,,LM Referral Hospital,,,,,,,hospital,,,,,,,,,,,,,,,,,,,,,,,Local Knowledge,,,,,,,,,,,,,,,,,,,,,,,,,,,,,,,,,,,,,,node,,,,,
23.0210847,False,4,"{""addr:district"":""Ahmedabad"",""addr:state"":""Gujarat"",""healthcare"":""hospital""}",7862753700,72.5900772,0.0,1623945576,,,Khadia,,,380001,,,,Mysorewala Surgical Hospital,,,,,,,hospital,,,,,,,,,,,,,,,,,,,,,,,Local Knowledge,,,,,,,,,,,,,,,,,,,,,,,,,,,,,,,,,,,,,,node,,,,,
22.988104,False,3,"{""addr:district"":""Ahmedabad"",""addr:state"":""Gujarat""}",7862753701,72.611857,0.0,1600366570,,,Maninagar,,,380002,,,,"Avishkar Multi Speciality, ICU and Trauma Centre",,,,,,,hospital,,,,,,,,,,,,,,,,,,,,,,,Local Knowledge,,,,,,,,,,,,,,,,,,,,,,,,,,,,,,,,,,,,,,node,,,,,
23.028639,False,4,"{""addr:district"":""Ahmedabad"",""addr:state"":""Gujarat"",""healthcare"":""hospital""}",7862753702,72.596633,0.0,1623945576,,,Kalupur,,,380002,,,,Shree Jee Eye and Orthopedic Hospital,,,,,,,hospital,,,,,,,,,,,,,,,,,,,,,,,Local Knowledge,,,,,,,,,,,,,,,,,,,,,,,,,,,,,,,,,,,,,,node,,,,,
22.9995851,False,3,"{""addr:district"":""Ahmedabad"",""addr:state"":""Gujarat""}",7862753703,72.6003159,0.0,1600364769,,,"Pushpkunj, Maninagar",,,380008,,,,Chanchalba Maternity Hospital,,,,,,,hospital,,,,,,,,,,,,,,,,,,,,,,,Local Knowledge,,,,,,,,,,,,,,,,,,,,,,,,,,,,,,,,,,,,,,node,,,,,
22.998028,False,3,"{""addr:district"":""Ahmedabad"",""addr:state"":""Gujarat""}",7862753704,72.600585,0.0,1600365983,,,"Rambagh, Maninagar",,,380008,,,,Dr. Ramanlal Hospital,,,,,,,hospital,,,,,,,,,,,,,,,,,,,,,,,Local Knowledge,,,,,,,,,,,,,,,,,,,,,,,,,,,,,,,,,,,,,,node,,,,,
22.9970061,False,3,"{""addr:district"":""Ahmedabad"",""addr:state"":""Gujarat""}",7862753706,72.6063718,0.0,1600364256,,,Maninagar,,,380008,,,,Kilu ENT Hospital,,,,,,,hospital,,,,,,,,,,,,,,,,,,,,,,,Local Knowledge,,,,,,,,,,,,,,,,,,,,,,,,,,,,,,,,,,,,,,node,,,,,
23.005749,False,3,"{""addr:district"":""Ahmedabad"",""addr:state"":""Gujarat""}",7862753709,72.595118,0.0,1600365810,,,Kankaria,,,380002,,,,Bhanu Jit Maternity and Nursing Home,,,,,,,hospital,,,,,,,,,,,,,,,,,,,,,,,Local Knowledge,,,,,,,,,,,,,,,,,,,,,,,,,,,,,,,,,,,,,,node,,,,,
23.02645,False,4,"{""addr:district"":""Ahmedabad"",""addr:state"":""Gujarat"",""healthcare"":""hospital""}",7862753714,72.591737,0.0,1623945576,,,"Tankshal, Khadia",,,380001,,,,Chhapan Hospital,,,,,,,hospital,,,,,,,,,,,,,,,,,,,,,,,Local Knowledge,,,,,,,,,,,,,,,,,,,,,,,,,,,,,,,,,,,,,,node,,,,,
22.9666916,False,3,"{""addr:district"":""Ahmedabad"",""addr:state"":""Gujarat""}",7862753715,72.5893488,0.0,1600365804,,,Narolgam,,,382405,,,,Shree Shakti General Hospital,,,,,,,hospital,,,,,,,,,,,,,,,,,,,,,,,Local Knowledge,,,,,,,,,,,,,,,,,,,,,,,,,,,,,,,,,,,,,,node,,,,,
23.002052,False,3,"{""addr:district"":""Ahmedabad"",""addr:state"":""Gujarat""}",7862753717,72.607654,0.0,1600366461,,,"Balvatika, Maninagar",,,380008,,,,Artificial Eye Surgery,,,,,,,hospital,,,,,,,,,,,,,,,,,,,,,,,Local Knowledge,,,,,,,,,,,,,,,,,,,,,,,,,,,,,,,,,,,,,,node,,,,,
23.029419,False,4,"{""addr:district"":""Ahmedabad"",""addr:state"":""Gujarat"",""healthcare"":""hospital""}",7862753719,72.5933157,0.0,1623945576,,,Kalupur,,,380001,,,,Pinakin Dalal Hospital,,,,,,,hospital,,,,,,,,,,,,,,,,,,,,,,,Local Knowledge,,,,,,,,,,,,,,,,,,,,,,,,,,,,,,,,,,,,,,node,,,,,
22.981501,False,3,"{""addr:district"":""Ahmedabad"",""addr:state"":""Gujarat""}",7862753720,72.588856,0.0,1600366016,,,"Vishalnagar, Isanpur",,,380028,,,,Maryam Hospital,,,,,,,hospital,,,,,,,,,,,,,,,,,,,,,,,Local Knowledge,,,,,,,,,,,,,,,,,,,,,,,,,,,,,,,,,,,,,,node,,,,,
22.984428,False,3,"{""addr:district"":""Ahmedabad"",""addr:state"":""Gujarat""}",7862753721,72.616878,0.0,1600366405,,,Maninagar,,,380008,,,,Gurunanak Hospital,,,,,,,hospital,,,,,,,,,,,,,,,,,,,,,,,Local Knowledge,,,,,,,,,,,,,,,,,,,,,,,,,,,,,,,,,,,,,,node,,,,,
22.9947749,False,3,"{""addr:district"":""Ahmedabad"",""addr:state"":""Gujarat""}",7862753722,72.5884667,0.0,1600366548,,,Danilimda,,,380028,,,,Hazrat Amina BIbi Hospital,,,,,,,hospital,,,,,,,,,,,,,,,,,,,,,,,Local Knowledge,,,,,,,,,,,,,,,,,,,,,,,,,,,,,,,,,,,,,,node,,,,,
23.006527,False,3,"{""addr:district"":""Ahmedabad"",""addr:state"":""Gujarat""}",7862753724,72.583296,0.0,1600365836,,,Behrampura,,,380022,,,,Sambhav General Hospital,,,,,,,hospital,,,,,,,,,,,,,,,,,,,,,,,Local Knowledge,,,,,,,,,,,,,,,,,,,,,,,,,,,,,,,,,,,,,,node,,,,,
23.000266,False,3,"{""addr:district"":""Ahmedabad"",""addr:state"":""Gujarat""}",7862753726,72.608195,0.0,1600364411,,,Maninagar,,,380008,,,,Kushi Women Hospital,,,,,,,hospital,,,,,,,,,,,,,,,,,,,,,,,Local Knowledge,,,,,,,,,,,,,,,,,,,,,,,,,,,,,,,,,,,,,,node,,,,,
22.9969506,False,3,"{""addr:district"":""Ahmedabad"",""addr:state"":""Gujarat""}",7862753727,72.601663,0.0,1600364752,,,"Rambagh, Maninagar",,,380008,,,,Mithakhali Stavya Hospital,,,,,,,hospital,,,,,,,,,,,,,,,,,,,,,,,Local Knowledge,,,,,,,,,,,,,,,,,,,,,,,,,,,,,,,,,,,,,,node,,,,,
22.9646691,False,3,"{""addr:district"":""Ahmedabad"",""addr:state"":""Gujarat""}",7862753729,72.5903719,0.0,1600365955,,,Narolgam,,,382405,,,,Narol ICU and Multi Speciality Hospital,,,,,,,hospital,,,,,,,,,,,,,,,,,,,,,,,Local Knowledge,,,,,,,,,,,,,,,,,,,,,,,,,,,,,,,,,,,,,,node,,,,,
23.019026,False,3,"{""addr:district"":""Ahmedabad"",""addr:state"":""Gujarat""}",7862753732,72.593349,0.0,1600365769,,,"Raipur, Khadia",,,380001,,,,Jatan Children Hospital,,,,,,,hospital,,,,,,,,,,,,,,,,,,,,,,,Local Knowledge,,,,,,,,,,,,,,,,,,,,,,,,,,,,,,,,,,,,,,node,,,,,
22.993645,False,3,"{""addr:district"":""Ahmedabad"",""addr:state"":""Gujarat""}",7862753733,72.607322,0.0,1600365385,,,Maninagar,,,380008,,,,Little Flower Neonatal and Pediatric Super Speciality Hospital,,,,,,,hospital,,,,,,,,,,,,,,,,,,,,,,,Local Knowledge,,,,,,,,,,,,,,,,,,,,,,,,,,,,,,,,,,,,,,node,,,,,
22.996403,False,3,"{""addr:district"":""Ahmedabad"",""addr:state"":""Gujarat""}",7862753734,72.608657,0.0,1600366603,,,Maninagar,,,380008,,,,Parikh Orthopedic Hospital,,,,,,,hospital,,,,,,,,,,,,,,,,,,,,,,,Local Knowledge,,,,,,,,,,,,,,,,,,,,,,,,,,,,,,,,,,,,,,node,,,,,
23.023421,False,4,"{""addr:district"":""Ahmedabad"",""addr:state"":""Gujarat"",""healthcare"":""hospital""}",7862753735,72.597732,0.0,1623945576,,,Khadia,,,380001,,,,Divya Children's Hospital,,,,,,,hospital,,,,,,,,,,,,,,,,,,,,,,,Local Knowledge,,,,,,,,,,,,,,,,,,,,,,,,,,,,,,,,,,,,,,node,,,,,
23.024842,False,4,"{""addr:district"":""Ahmedabad"",""addr:state"":""Gujarat"",""healthcare"":""hospital""}",7862753736,72.598982,0.0,1623945576,,,Khadia,,,380002,,,,Chinubhai Baronet Hospital,,,,,,,hospital,,,,,,,,,,,,,,,,,,,,,,,Local Knowledge,,,,,,,,,,,,,,,,,,,,,,,,,,,,,,,,,,,,,,node,,,,,
23.003436,False,3,"{""addr:district"":""Ahmedabad"",""addr:state"":""Gujarat""}",7862753737,72.596416,0.0,1600365205,,,Kankaria,,,380002,,,,Navdeep Hospital,,,,,,,hospital,,,,,,,,,,,,,,,,,,,,,,,Local Knowledge,,,,,,,,,,,,,,,,,,,,,,,,,,,,,,,,,,,,,,node,,,,,
23.012988,False,3,"{""addr:district"":""Ahmedabad"",""addr:state"":""Gujarat""}",7862753738,72.587951,0.0,1600364352,,,Jamalpur,,,380001,,,,Hindu Muslim Ekta Trust Hospital,,,,,,,hospital,,,,,,,,,,,,,,,,,,,,,,,Local Knowledge,,,,,,,,,,,,,,,,,,,,,,,,,,,,,,,,,,,,,,node,,,,,
23.029011,False,4,"{""addr:district"":""Ahmedabad"",""addr:state"":""Gujarat"",""healthcare"":""hospital""}",7862753739,72.592461,0.0,1623945576,,,,,,380001,,,,Dr. Tanumati Shah Hospital,,,,,,,hospital,,,,,,,,,,,,,,,,,,,,,,,Local Knowledge,,,,,,,,,,,,,,,,,,,,,,,,,,,,,,,,,,,,,,node,,,,,
23.009168,False,3,"{""addr:district"":""Ahmedabad"",""addr:state"":""Gujarat""}",7862753740,72.585876,0.0,1600365788,,,,,,380043,,,,Munsipal Hospital,,,,,,,hospital,,,,,,,,,,,,,,,,,,,,,,,Local Knowledge,,,,,,,,,,,,,,,,,,,,,,,,,,,,,,,,,,,,,,node,,,,,
22.9646606,False,3,"{""addr:district"":""Ahmedabad"",""addr:state"":""Gujarat""}",7862753741,72.5934357,0.0,1600366648,,,"Govindwadi, Narolgam",,,382405,,,,Mediclaim Hospital,,,,,,,hospital,,,,,,,,,,,,,,,,,,,,,,,Local Knowledge,,,,,,,,,,,,,,,,,,,,,,,,,,,,,,,,,,,,,,node,,,,,
22.9949326,False,3,"{""addr:district"":""Ahmedabad"",""addr:state"":""Gujarat""}",7862753742,72.6075168,0.0,1600366468,,,"Meghani Nagar, Maninagar",,,380008,,,,Maya Maternity Hospital,,,,,,,hospital,,,,,,,,,,,,,,,,,,,,,,,Local Knowledge,,,,,,,,,,,,,,,,,,,,,,,,,,,,,,,,,,,,,,node,,,,,
23.015985,False,3,"{""addr:district"":""Ahmedabad"",""addr:state"":""Gujarat""}",7862753743,72.587351,0.0,1600364842,,,"Panch Pipli, Astodia, Khamasa",,,380001,,,,Chhipa Welfare Trust Hospital,,,,,,,hospital,,,,,,,,,,,,,,,,,,,,,,,Local Knowledge,,,,,,,,,,,,,,,,,,,,,,,,,,,,,,,,,,,,,,node,,,,,
23.0151021,False,3,"{""addr:district"":""Ahmedabad"",""addr:state"":""Gujarat""}",7862753744,72.5908296,0.0,1600366062,,,"Astodia, Khamasa",,,380001,,,,TB Hospital,,,,,,,hospital,,,,,,,,,,,,,,,,,,,,,,,Local Knowledge,,,,,,,,,,,,,,,,,,,,,,,,,,,,,,,,,,,,,,node,,,,,
23.02691,False,4,"{""addr:district"":""Ahmedabad"",""addr:state"":""Gujarat"",""healthcare"":""hospital""}",7862753745,72.587214,0.0,1623945576,,,"Tankshal, Khadia",,,380001,,,,Jay Orthopedic Hospital,,,,,,,hospital,,,,,,,,,,,,,,,,,,,,,,,Local Knowledge,,,,,,,,,,,,,,,,,,,,,,,,,,,,,,,,,,,,,,node,,,,,
22.997027,False,3,"{""addr:district"":""Ahmedabad"",""addr:state"":""Gujarat""}",7862753749,72.609335,0.0,1600365878,,,Maninagar,,,380008,,,,Sharda Surgical Hospital,,,,,,,hospital,,,,,,,,,,,,,,,,,,,,,,,Local Knowledge,,,,,,,,,,,,,,,,,,,,,,,,,,,,,,,,,,,,,,node,,,,,
23.0259793,False,4,"{""addr:district"":""Ahmedabad"",""addr:state"":""Gujarat"",""healthcare"":""hospital""}",7862753750,72.5919014,0.0,1623945576,,,"Tankshal, Kalupur",,,380001,,,,Sheth Jamnabhai Bhagubhai Trust,,,,,,,hospital,,,,,,,,,,,,,,,,,,,,,,,Local Knowledge,,,,,,,,,,,,,,,,,,,,,,,,,,,,,,,,,,,,,,node,,,,,
23.0003225,False,3,"{""addr:district"":""Ahmedabad"",""addr:state"":""Gujarat""}",7862753751,72.6037424,0.0,1600366662,,,"Balvatika, Maninagar",,,380008,,,,Shivam Children Hospital and Pediatric Critical Care Centre,,,,,,,hospital,,,,,,,,,,,,,,,,,,,,,,,Local Knowledge,,,,,,,,,,,,,,,,,,,,,,,,,,,,,,,,,,,,,,node,,,,,
23.0293947,False,4,"{""addr:district"":""Ahmedabad"",""addr:state"":""Gujarat"",""healthcare"":""hospital""}",7862753752,72.5905625,0.0,1623945576,,,"Zaveriwad, Kalupur",,,380001,,,,Parijat Children Hospital,,,,,,,hospital,,,,,,,,,,,,,,,,,,,,,,,Local Knowledge,,,,,,,,,,,,,,,,,,,,,,,,,,,,,,,,,,,,,,node,,,,,
23.0058864,False,3,"{""addr:district"":""Ahmedabad"",""addr:state"":""Gujarat""}",7862753753,72.5917151,0.0,1600364789,,,"Kankaria, Maninagar",,,380002,,,,Aaditya Spine Hospital,,,,,,,hospital,,,,,,,,,,,,,,,,,,,,,,,Local Knowledge,,,,,,,,,,,,,,,,,,,,,,,,,,,,,,,,,,,,,,node,,,,,
23.0012666,False,3,"{""addr:district"":""Ahmedabad"",""addr:state"":""Gujarat""}",7862753757,72.5877721,0.0,1600364656,,,Danilimda,,,380028,,,,Safal Children Hospital,,,,,,,hospital,,,,,,,,,,,,,,,,,,,,,,,Local Knowledge,,,,,,,,,,,,,,,,,,,,,,,,,,,,,,,,,,,,,,node,,,,,
22.9644685,False,3,"{""addr:district"":""Ahmedabad"",""addr:state"":""Gujarat""}",7862753758,72.590532,0.0,1600364905,,,Narolgam,,,382405,,,,Janani Women and Children Hospital,,,,,,,hospital,,,,,,,,,,,,,,,,,,,,,,,Local Knowledge,,,,,,,,,,,,,,,,,,,,,,,,,,,,,,,,,,,,,,node,,,,,
23.000081,False,3,"{""addr:district"":""Ahmedabad"",""addr:state"":""Gujarat""}",7862753759,72.608487,0.0,1600365901,,,"Balvatika, Maninagar",,,380008,,,,Devam Hospital,,,,,,,hospital,,,,,,,,,,,,,,,,,,,,,,,Local Knowledge,,,,,,,,,,,,,,,,,,,,,,,,,,,,,,,,,,,,,,node,,,,,
22.954141,False,3,"{""addr:district"":""Ahmedabad"",""addr:state"":""Gujarat""}",7863727736,72.612253,0.0,1600365515,,,Vatva,,,382440,,,,Matru Chhaya Hospital,,,,,,,hospital,,,,,,,,,,,,,,,,,,,,,,,Local Knowledge,,,,,,,,,,,,,,,,,,,,,,,,,,,,,,,,,,,,,,node,,,,,
22.983088,False,3,"{""addr:district"":""Ahmedabad"",""addr:state"":""Gujarat""}",7863727738,72.600519,0.0,1600366220,,,Isanpur,,,380050,,,,Remedy Hospital,,,,,,,hospital,,,,,,,,,,,,,,,,,,,,,,,Local Knowledge,,,,,,,,,,,,,,,,,,,,,,,,,,,,,,,,,,,,,,node,,,,,
22.966305,False,3,"{""addr:district"":""Ahmedabad"",""addr:state"":""Gujarat""}",7863727740,72.624931,0.0,1600365215,,,Vatva,,,380050,,,,Sparsh Multi Speciality Hospital,,,,,,,hospital,,,,,,,,,,,,,,,,,,,,,,,Local Knowledge,,,,,,,,,,,,,,,,,,,,,,,,,,,,,,,,,,,,,,node,,,,,
22.9768837,False,3,"{""addr:district"":""Ahmedabad"",""addr:state"":""Gujarat""}",7863727741,72.6010063,0.0,1600364843,,,Isanpur,,,382443,,,,Dirgayu Orthopedic Hospital,,,,,,,hospital,,,,,,,,,,,,,,,,,,,,,,,Local Knowledge,,,,,,,,,,,,,,,,,,,,,,,,,,,,,,,,,,,,,,node,,,,,
22.981475,False,3,"{""addr:district"":""Ahmedabad"",""addr:state"":""Gujarat""}",7863727742,72.611161,0.0,1600364672,,,"Hari Om Nagar, Ghodasar",,,380050,,,,Suman Hospital,,,,,,,hospital,,,,,,,,,,,,,,,,,,,,,,,Local Knowledge,,,,,,,,,,,,,,,,,,,,,,,,,,,,,,,,,,,,,,node,,,,,
22.953285,False,3,"{""addr:district"":""Ahmedabad"",""addr:state"":""Gujarat""}",7863727743,72.615888,0.0,1600366650,,,Vatva,,,382440,,,,Kashiba General Hospital,,,,,,,hospital,,,,,,,,,,,,,,,,,,,,,,,Local Knowledge,,,,,,,,,,,,,,,,,,,,,,,,,,,,,,,,,,,,,,node,,,,,
22.967894,False,3,"{""addr:district"":""Ahmedabad"",""addr:state"":""Gujarat""}",7863727745,72.617867,0.0,1600365884,,,Vatva,,,380050,,,,Vimala Hospital,,,,,,,hospital,,,,,,,,,,,,,,,,,,,,,,,Local Knowledge,,,,,,,,,,,,,,,,,,,,,,,,,,,,,,,,,,,,,,node,,,,,
22.971831,False,3,"{""addr:district"":""Ahmedabad"",""addr:state"":""Gujarat""}",7863727746,72.604727,0.0,1600366206,,,Isanpur,,,382405,,,,Doctor Bhatt's Hospital,,,,,,,hospital,,,,,,,,,,,,,,,,,,,,,,,Local Knowledge,,,,,,,,,,,,,,,,,,,,,,,,,,,,,,,,,,,,,,node,,,,,
22.9704828,False,3,"{""addr:district"":""Ahmedabad"",""addr:state"":""Gujarat""}",7863727747,72.5931204,0.0,1600366467,,,Shankar Nagar Society,,,382405,,,,Medicure Hospital,,,,,,,hospital,,,,,,,,,,,,,,,,,,,,,,,Local Knowledge,,,,,,,,,,,,,,,,,,,,,,,,,,,,,,,,,,,,,,node,,,,,
22.977063,False,3,"{""addr:district"":""Ahmedabad"",""addr:state"":""Gujarat""}",7863727748,72.592925,0.0,1600365536,,,Isanpur,,,382443,,,,Ratan Hospital,,,,,,,hospital,,,,,,,,,,,,,,,,,,,,,,,Local Knowledge,,,,,,,,,,,,,,,,,,,,,,,,,,,,,,,,,,,,,,node,,,,,
22.974308,False,3,"{""addr:district"":""Ahmedabad"",""addr:state"":""Gujarat""}",7863727751,72.611594,0.0,1600364789,,,Ghodasar,,,380050,,,,Smruti Multi Speciality Hospital,,,,,,,hospital,,,,,,,,,,,,,,,,,,,,,,,Local Knowledge,,,,,,,,,,,,,,,,,,,,,,,,,,,,,,,,,,,,,,node,,,,,
22.9515073,False,3,"{""addr:district"":""Ahmedabad"",""addr:state"":""Gujarat""}",7863727754,72.6244409,0.0,1600365436,,,"Dibiyapur, Vatva",,,382445,,,,Harsh Hospital,,,,,,,hospital,,,,,,,,,,,,,,,,,,,,,,,Local Knowledge,,,,,,,,,,,,,,,,,,,,,,,,,,,,,,,,,,,,,,node,,,,,
22.979498,False,3,"{""addr:district"":""Ahmedabad"",""addr:state"":""Gujarat""}",7863727755,72.5983418,0.0,1600365868,,,Isanpur,,,382443,,,,Shakur Children Hospital,,,,,,,hospital,,,,,,,,,,,,,,,,,,,,,,,Local Knowledge,,,,,,,,,,,,,,,,,,,,,,,,,,,,,,,,,,,,,,node,,,,,
22.9664477,False,3,"{""addr:district"":""Ahmedabad"",""addr:state"":""Gujarat""}",7863727756,72.6159949,0.0,1600366180,,,Ghodasar,,,380050,,,,Abhinav Hospital,,,,,,,hospital,,,,,,,,,,,,,,,,,,,,,,,Local Knowledge,,,,,,,,,,,,,,,,,,,,,,,,,,,,,,,,,,,,,,node,,,,,
22.975087,False,3,"{""addr:district"":""Ahmedabad"",""addr:state"":""Gujarat""}",7863727759,72.601692,0.0,1600365255,,,Isanpur,,,382443,,,,Chiranjeevi Hospital,,,,,,,hospital,,,,,,,,,,,,,,,,,,,,,,,Local Knowledge,,,,,,,,,,,,,,,,,,,,,,,,,,,,,,,,,,,,,,node,,,,,
22.979475,False,3,"{""addr:district"":""Ahmedabad"",""addr:state"":""Gujarat""}",7863727760,72.601175,0.0,1600364744,,,"Jay Krishna Society, Isanpur",,,380050,,,,Ashirvad Hospital,,,,,,,hospital,,,,,,,,,,,,,,,,,,,,,,,Local Knowledge,,,,,,,,,,,,,,,,,,,,,,,,,,,,,,,,,,,,,,node,,,,,
22.963029,False,3,"{""addr:district"":""Ahmedabad"",""addr:state"":""Gujarat""}",7863727761,72.61044,0.0,1600365247,,,"Hussainabad, Vatva",,,380050,,,,Roshan General Hospital,,,,,,,hospital,,,,,,,,,,,,,,,,,,,,,,,Local Knowledge,,,,,,,,,,,,,,,,,,,,,,,,,,,,,,,,,,,,,,node,,,,,
22.9831626,False,3,"{""addr:district"":""Ahmedabad"",""addr:state"":""Gujarat""}",7863727762,72.6028164,0.0,1600365420,,,"Asopalav Nagar, Isanpur",,,380050,,,,Jyoti Eye Care Hospital,,,,,,,hospital,,,,,,,,,,,,,,,,,,,,,,,Local Knowledge,,,,,,,,,,,,,,,,,,,,,,,,,,,,,,,,,,,,,,node,,,,,
22.9857798,False,3,"{""addr:district"":""Ahmedabad"",""addr:state"":""Gujarat""}",7863727763,72.6024947,0.0,1600365885,,,"Bhadwatnagar, Ghodasar",,,380050,,,,Dr. Pandya's Maternity Nursing Home,,,,,,,hospital,,,,,,,,,,,,,,,,,,,,,,,Local Knowledge,,,,,,,,,,,,,,,,,,,,,,,,,,,,,,,,,,,,,,node,,,,,
22.978896,False,3,"{""addr:district"":""Ahmedabad"",""addr:state"":""Gujarat""}",7863727766,72.610165,0.0,1600365727,,,"Prakash Nagar, Ghodasar",,,380050,,,,Eye Sight Vision Care Hospital,,,,,,,hospital,,,,,,,,,,,,,,,,,,,,,,,Local Knowledge,,,,,,,,,,,,,,,,,,,,,,,,,,,,,,,,,,,,,,node,,,,,
22.9797902,False,3,"{""addr:district"":""Ahmedabad"",""addr:state"":""Gujarat""}",7863727767,72.5969418,0.0,1600366063,,,Maninagar,,,382443,,,,New Shraddha Hospital,,,,,,,hospital,,,,,,,,,,,,,,,,,,,,,,,Local Knowledge,,,,,,,,,,,,,,,,,,,,,,,,,,,,,,,,,,,,,,node,,,,,
22.981784,False,3,"{""addr:district"":""Ahmedabad"",""addr:state"":""Gujarat""}",7863727768,72.606863,0.0,1600366240,,,"Prakash Nagar, Ghodasar",,,380050,,,,Vedanth Medical Hospital,,,,,,,hospital,,,,,,,,,,,,,,,,,,,,,,,Local Knowledge,,,,,,,,,,,,,,,,,,,,,,,,,,,,,,,,,,,,,,node,,,,,
22.978245,False,3,"{""addr:district"":""Ahmedabad"",""addr:state"":""Gujarat""}",7863727772,72.611169,0.0,1600365902,,,Ghodasar,,,380050,,,,Balaji Speciality Hospital,,,,,,,hospital,,,,,,,,,,,,,,,,,,,,,,,Local Knowledge,,,,,,,,,,,,,,,,,,,,,,,,,,,,,,,,,,,,,,node,,,,,
22.9820852,False,3,"{""addr:district"":""Ahmedabad"",""addr:state"":""Gujarat""}",7863727777,72.6032425,0.0,1600365261,,,Isanpur,,,380043,,,,Dirdhau Hospital,,,,,,,hospital,,,,,,,,,,,,,,,,,,,,,,,Local Knowledge,,,,,,,,,,,,,,,,,,,,,,,,,,,,,,,,,,,,,,node,,,,,
22.958951,False,3,"{""addr:district"":""Ahmedabad"",""addr:state"":""Gujarat""}",7863727778,72.618997,0.0,1600364306,,,Vatva,,,382445,,,,U.N. Mehta Eye Hospital,,,,,,,hospital,,,,,,,,,,,,,,,,,,,,,,,Local Knowledge,,,,,,,,,,,,,,,,,,,,,,,,,,,,,,,,,,,,,,node,,,,,
22.972368,False,3,"{""addr:district"":""Ahmedabad"",""addr:state"":""Gujarat""}",7863727780,72.5872561,0.0,1600364316,,,Narolgam,,,380005,,,,Dr. K.B. Bhagatariya Hospital,,,,,,,hospital,,,,,,,,,,,,,,,,,,,,,,,Local Knowledge,,,,,,,,,,,,,,,,,,,,,,,,,,,,,,,,,,,,,,node,,,,,
22.9605,False,3,"{""addr:district"":""Ahmedabad"",""addr:state"":""Gujarat""}",7863727781,72.608201,0.0,1600365133,,,"Saiyedwadi, Isanpur",,,382440,,,,Aman Multi Speciality Hospital,,,,,,,hospital,,,,,,,,,,,,,,,,,,,,,,,Local Knowledge,,,,,,,,,,,,,,,,,,,,,,,,,,,,,,,,,,,,,,node,,,,,
22.9787938,False,3,"{""addr:district"":""Ahmedabad"",""addr:state"":""Gujarat""}",7863727782,72.6097705,0.0,1600364992,,,Ghodasar,,,380050,,,,Apoorva Women's Hospital,,,,,,,hospital,,,,,,,,,,,,,,,,,,,,,,,Local Knowledge,,,,,,,,,,,,,,,,,,,,,,,,,,,,,,,,,,,,,,node,,,,,
22.98027,False,3,"{""addr:district"":""Ahmedabad"",""addr:state"":""Gujarat""}",7863727783,72.595008,0.0,1600365698,,,Isanpur,,,380028,,,,Shraddha Hospital,,,,,,,hospital,,,,,,,,,,,,,,,,,,,,,,,Local Knowledge,,,,,,,,,,,,,,,,,,,,,,,,,,,,,,,,,,,,,,node,,,,,
22.978672,False,3,"{""addr:district"":""Ahmedabad"",""addr:state"":""Gujarat""}",7863727784,72.608642,0.0,1600364470,,,"Prakash Nagar, Ghodasar",,,380050,,,,Clear Vision Eye Hospital,,,,,,,hospital,,,,,,,,,,,,,,,,,,,,,,,Local Knowledge,,,,,,,,,,,,,,,,,,,,,,,,,,,,,,,,,,,,,,node,,,,,
22.98106,False,3,"{""addr:district"":""Ahmedabad"",""addr:state"":""Gujarat""}",7863727785,72.610699,0.0,1600366212,,,"Prakash Nagar, Ghodasar",,,380050,,,,Akshar Hospital,,,,,,,hospital,,,,,,,,,,,,,,,,,,,,,,,Local Knowledge,,,,,,,,,,,,,,,,,,,,,,,,,,,,,,,,,,,,,,node,,,,,
22.9811997,False,3,"{""addr:district"":""Ahmedabad"",""addr:state"":""Gujarat""}",7863727786,72.6023636,0.0,1600365917,,,Isanpur,,,380050,,,,Shree Nathe Hospital,,,,,,,hospital,,,,,,,,,,,,,,,,,,,,,,,Local Knowledge,,,,,,,,,,,,,,,,,,,,,,,,,,,,,,,,,,,,,,node,,,,,
22.974803,False,3,"{""addr:district"":""Ahmedabad"",""addr:state"":""Gujarat""}",7863727787,72.602266,0.0,1600365561,,,Isanpur,,,382405,,,,Prerana Gynec and Maternity Hospital,,,,,,,hospital,,,,,,,,,,,,,,,,,,,,,,,Local Knowledge,,,,,,,,,,,,,,,,,,,,,,,,,,,,,,,,,,,,,,node,,,,,
22.9840852,False,3,"{""addr:district"":""Ahmedabad"",""addr:state"":""Gujarat""}",7863727788,72.6026036,0.0,1600366436,,,"Bhadwatnagar, Ghodasar",,,380050,,,,Dr. Shah's Maternity and Nursing Home,,,,,,,hospital,,,,,,,,,,,,,,,,,,,,,,,Local Knowledge,,,,,,,,,,,,,,,,,,,,,,,,,,,,,,,,,,,,,,node,,,,,
22.981784,False,3,"{""addr:district"":""Ahmedabad"",""addr:state"":""Gujarat""}",7863727790,72.6029,0.0,1600366328,,,Isanpur,,,380043,,,,Shreeji Children's Hospital,,,,,,,hospital,,,,,,,,,,,,,,,,,,,,,,,Local Knowledge,,,,,,,,,,,,,,,,,,,,,,,,,,,,,,,,,,,,,,node,,,,,
22.9810392,False,3,"{""addr:district"":""Ahmedabad"",""addr:state"":""Gujarat""}",7863727792,72.598519,0.0,1600365653,,,Isanpur,,,382443,,,,Shraddha Orthopaedic Hospital,,,,,,,hospital,,,,,,,,,,,,,,,,,,,,,,,Local Knowledge,,,,,,,,,,,,,,,,,,,,,,,,,,,,,,,,,,,,,,node,,,,,
22.957118,False,3,"{""addr:district"":""Ahmedabad"",""addr:state"":""Gujarat""}",7863727793,72.611815,0.0,1600364903,,,Vatva,,,382440,,,,Safal Hospital,,,,,,,hospital,,,,,,,,,,,,,,,,,,,,,,,Local Knowledge,,,,,,,,,,,,,,,,,,,,,,,,,,,,,,,,,,,,,,node,,,,,
22.9757579,False,3,"{""addr:district"":""Ahmedabad"",""addr:state"":""Gujarat""}",7863727794,72.6022206,0.0,1600366123,,,Isanpur,,,380050,,,,Shraddha Children Hospital,,,,,,,hospital,,,,,,,,,,,,,,,,,,,,,,,Local Knowledge,,,,,,,,,,,,,,,,,,,,,,,,,,,,,,,,,,,,,,node,,,,,
22.983673,False,3,"{""addr:district"":""Ahmedabad"",""addr:state"":""Gujarat""}",7863727795,72.6001796,0.0,1600364434,,,"Jaymala, Isanpur",,,380050,,,,Aatman Hospital,,,,,,,hospital,,,,,,,,,,,,,,,,,,,,,,,Local Knowledge,,,,,,,,,,,,,,,,,,,,,,,,,,,,,,,,,,,,,,node,,,,,
22.9598509,False,3,"{""addr:district"":""Ahmedabad"",""addr:state"":""Gujarat""}",7863727796,72.6117361,0.0,1600365339,,,Vatva,,,382440,,,,Swami Sadanand Hospital,,,,,,,hospital,,,,,,,,,,,,,,,,,,,,,,,Local Knowledge,,,,,,,,,,,,,,,,,,,,,,,,,,,,,,,,,,,,,,node,,,,,
22.955252,False,3,"{""addr:district"":""Ahmedabad"",""addr:state"":""Gujarat""}",7863727797,72.612341,0.0,1600365083,,,Vatva,,,382440,,,,Chiranjeev Children Hospital,,,,,,,hospital,,,,,,,,,,,,,,,,,,,,,,,Local Knowledge,,,,,,,,,,,,,,,,,,,,,,,,,,,,,,,,,,,,,,node,,,,,
22.9769658,False,3,"{""addr:district"":""Ahmedabad"",""addr:state"":""Gujarat""}",7863727799,72.6009535,0.0,1600366234,,,"Rajeswari Society, Isanpur",,,382443,,,,Anand Children Hospital,,,,,,,hospital,,,,,,,,,,,,,,,,,,,,,,,Local Knowledge,,,,,,,,,,,,,,,,,,,,,,,,,,,,,,,,,,,,,,node,,,,,
22.953387,False,3,"{""addr:district"":""Ahmedabad"",""addr:state"":""Gujarat""}",7863727800,72.612777,0.0,1600364589,,,Vatva,,,382440,,,,Shri Ji Kripa Prasuti Griha Hospital,,,,,,,hospital,,,,,,,,,,,,,,,,,,,,,,,Local Knowledge,,,,,,,,,,,,,,,,,,,,,,,,,,,,,,,,,,,,,,node,,,,,
23.0582776,False,4,"{""addr:district"":""Ahmedabad"",""addr:state"":""Gujarat"",""healthcare"":""hospital""}",7864058597,72.6222017,0.0,1686198616,,,Meghaninagar,,,380016,,,,Rameshwar Multi Speciality Hospital,,,,,,,hospital,,,,,,,,,,,,,,,,,,,,,,,Local Knowledge,,,,,,,,,,,,,,,,,,,,,,,,,,,,,,,,,,,,,,node,,,,,
23.096892,False,3,"{""addr:district"":""Ahmedabad"",""addr:state"":""Gujarat""}",7864058598,72.596062,0.0,1600364318,,,Motera,,,380005,,,,Sevak Maternity & Surgical Hospital,,,,,,,hospital,,,,,,,,,,,,,,,,,,,,,,,Local Knowledge,,,,,,,,,,,,,,,,,,,,,,,,,,,,,,,,,,,,,,node,,,,,
23.114943,False,3,"{""addr:district"":""Ahmedabad"",""addr:state"":""Gujarat""}",7864058601,72.581545,0.0,1600365794,,,"Chandkheda, Ahmedabad",,,382424,,,,Navjivan Hospital,,,,,,,hospital,,,,,,,,,,,,,,,,,,,,,,,Local Knowledge,,,,,,,,,,,,,,,,,,,,,,,,,,,,,,,,,,,,,,node,,,,,
23.0376047,False,4,"{""addr:district"":""Ahmedabad"",""addr:state"":""Gujarat"",""healthcare"":""hospital""}",7864058603,72.5798849,0.0,1716372522,,,Shahpur,,,380001,,,,Munciapl Prasuti Hospital,,,,,,,hospital,,,,,,,,,,,,,,,,,,,,,,,Local Knowledge,,,,,,,,,,,,,,,,,,,,,,,,,,,,,,,,,,,,,,node,,,,,
23.114332,False,3,"{""addr:district"":""Ahmedabad"",""addr:state"":""Gujarat""}",7864058605,72.578769,0.0,1600364709,,,Chandkheda,,,382424,,,,Pushp Hospital and Maternity Home,,,,,,,hospital,,,,,,,,,,,,,,,,,,,,,,,Local Knowledge,,,,,,,,,,,,,,,,,,,,,,,,,,,,,,,,,,,,,,node,,,,,
23.122105,False,3,"{""addr:district"":""Ahmedabad"",""addr:state"":""Gujarat""}",7864058606,72.582052,0.0,1600365028,,,"Chandkheda, Ahmedabad",,,382424,,,,Devarshi Super Speciality Hospital,,,,,,,hospital,,,,,,,,,,,,,,,,,,,,,,,Local Knowledge,,,,,,,,,,,,,,,,,,,,,,,,,,,,,,,,,,,,,,node,,,,,
23.038118,False,4,"{""addr:district"":""Ahmedabad"",""addr:state"":""Gujarat"",""healthcare"":""hospital""}",7864058608,72.576487,0.0,1716372522,,,,,,380004,,,,Adhvait Psychiatry Hospital,,,,,,,hospital,,,,,,,,,,,,,,,,,,,,,,,Local Knowledge,,,,,,,,,,,,,,,,,,,,,,,,,,,,,,,,,,,,,,node,,,,,
22.996289,False,3,"{""addr:district"":""Ahmedabad"",""addr:state"":""Gujarat""}",7864058609,72.5794455,0.0,1600366573,,,Danilimda,,,380028,,,,Faiz Hospital,,,,,,,hospital,,,,,,,,,,,,,,,,,,,,,,,Local Knowledge,,,,,,,,,,,,,,,,,,,,,,,,,,,,,,,,,,,,,,node,,,,,
23.0360108,False,4,"{""addr:district"":""Ahmedabad"",""addr:state"":""Gujarat"",""healthcare"":""hospital""}",7864058610,72.5781671,0.0,1716372522,,,Shahpur,,,380001,,,,Shahpur Medical Hospital,,,,,,,hospital,,,,,,,,,,,,,,,,,,,,,,,Local Knowledge,,,,,,,,,,,,,,,,,,,,,,,,,,,,,,,,,,,,,,node,,,,,
23.045083,False,3,"{""addr:district"":""Ahmedabad"",""addr:state"":""Gujarat""}",7864058612,72.5815979,0.0,1600365349,,,"Bharatnagar, Shahpur",,,380004,,,,Krishna Maternity and Nursing Home,,,,,,,hospital,,,,,,,,,,,,,,,,,,,,,,,Local Knowledge,,,,,,,,,,,,,,,,,,,,,,,,,,,,,,,,,,,,,,node,,,,,
23.08992,False,3,"{""addr:district"":""Ahmedabad"",""addr:state"":""Gujarat""}",7864058613,72.590307,0.0,1600365825,,,"Sabarmti, Ahmedabad",,,382424,,,,Rajdip Children Hospital,,,,,,,hospital,,,,,,,,,,,,,,,,,,,,,,,Local Knowledge,,,,,,,,,,,,,,,,,,,,,,,,,,,,,,,,,,,,,,node,,,,,
23.1112092,False,3,"{""addr:district"":""Ahmedabad"",""addr:state"":""Gujarat""}",7864058615,72.5847083,0.0,1600366577,,,"Chandkheda, Ahmedabad",,,382424,,,,Navodaya Hospital for Neonates and Children,,,,,,,hospital,,,,,,,,,,,,,,,,,,,,,,,Local Knowledge,,,,,,,,,,,,,,,,,,,,,,,,,,,,,,,,,,,,,,node,,,,,
23.053458,False,3,"{""addr:district"":""Ahmedabad"",""addr:state"":""Gujarat""}",7864058616,72.589815,0.0,1600365642,,,Dudeshwar,,,380004,,,,ESIC Hospital,,,,,,,hospital,,,,,,,,,,,,,,,,,,,,,,,Local Knowledge,,,,,,,,,,,,,,,,,,,,,,,,,,,,,,,,,,,,,,node,,,,,
23.113705,False,3,"{""addr:district"":""Ahmedabad"",""addr:state"":""Gujarat""}",7864058617,72.583096,0.0,1600365985,,,,,,382424,,,,Chandkheda Orthopedic & Surgical Hospital,,,,,,,hospital,,,,,,,,,,,,,,,,,,,,,,,Local Knowledge,,,,,,,,,,,,,,,,,,,,,,,,,,,,,,,,,,,,,,node,,,,,
23.0958571,False,3,"{""addr:district"":""Ahmedabad"",""addr:state"":""Gujarat""}",7864058619,72.5958301,0.0,1600364705,,,"Parvati Nagar, Acher",,,380005,,,,Parimal Hospital,,,,,,,hospital,,,,,,,,,,,,,,,,,,,,,,,Local Knowledge,,,,,,,,,,,,,,,,,,,,,,,,,,,,,,,,,,,,,,node,,,,,
23.114583,False,3,"{""addr:district"":""Ahmedabad"",""addr:state"":""Gujarat""}",7864058621,72.582827,0.0,1600365943,,,Chandkheda,,,382424,,,,Shivam Surgical and Dental Hospital,,,,,,,hospital,,,,,,,,,,,,,,,,,,,,,,,Local Knowledge,,,,,,,,,,,,,,,,,,,,,,,,,,,,,,,,,,,,,,node,,,,,
23.0403546,False,4,"{""addr:district"":""Ahmedabad"",""addr:state"":""Gujarat"",""healthcare"":""hospital""}",7864058623,72.5795035,0.0,1716372522,,,Kazipur Dariyapur,,,380004,,,,Maheshwari Children Hospital,,,,,,,hospital,,,,,,,,,,,,,,,,,,,,,,,Local Knowledge,,,,,,,,,,,,,,,,,,,,,,,,,,,,,,,,,,,,,,node,,,,,
23.048956,False,3,"{""addr:district"":""Ahmedabad"",""addr:state"":""Gujarat""}",7864058625,72.581574,0.0,1600364555,,,"Tavdipura, Kazipur Dariyapur",,,380004,,,,Sagar Multi Speciality Hospital,,,,,,,hospital,,,,,,,,,,,,,,,,,,,,,,,Local Knowledge,,,,,,,,,,,,,,,,,,,,,,,,,,,,,,,,,,,,,,node,,,,,
23.059688,False,4,"{""addr:district"":""Ahmedabad"",""addr:state"":""Gujarat"",""healthcare"":""hospital""}",7864058626,72.61811,0.0,1686198616,,,Meghaninagar,,,380016,,,,Kamal Hospital,,,,,,,hospital,,,,,,,,,,,,,,,,,,,,,,,Local Knowledge,,,,,,,,,,,,,,,,,,,,,,,,,,,,,,,,,,,,,,node,,,,,
22.9966232,False,3,"{""addr:district"":""Ahmedabad"",""addr:state"":""Gujarat""}",7864058627,72.5785891,0.0,1600365207,,,Danilimda,,,380028,,,,Mumtaz Hospital,,,,,,,hospital,,,,,,,,,,,,,,,,,,,,,,,Local Knowledge,,,,,,,,,,,,,,,,,,,,,,,,,,,,,,,,,,,,,,node,,,,,
23.0465734,False,4,"{""addr:district"":""Ahmedabad"",""addr:state"":""Gujarat"",""healthcare"":""hospital""}",7864058628,72.6082995,0.0,1686198616,,,Asarwa,,,380016,,,,Gcs Hospital,,,,,,,hospital,,,,,,,,,,,,,,,,,,,,,,,Local Knowledge,,,,,,,,,,,,,,,,,,,,,,,,,,,,,,,,,,,,,,node,,,,,
23.032378,False,4,"{""addr:district"":""Ahmedabad"",""addr:state"":""Gujarat"",""healthcare"":""hospital""}",7864058629,72.5774069,0.0,1716372522,,,Shahpur,,,380001,,,,Shreeja Krupa Children Hospital,,,,,,,hospital,,,,,,,,,,,,,,,,,,,,,,,Local Knowledge,,,,,,,,,,,,,,,,,,,,,,,,,,,,,,,,,,,,,,node,,,,,
23.032023,False,4,"{""addr:district"":""Ahmedabad"",""addr:state"":""Gujarat"",""healthcare"":""hospital""}",7864058632,72.577351,0.0,1716372522,,,Shahpur,,,380001,,,,Shraddha Multi Speciality Hospital,,,,,,,hospital,,,,,,,,,,,,,,,,,,,,,,,Local Knowledge,,,,,,,,,,,,,,,,,,,,,,,,,,,,,,,,,,,,,,node,,,,,
23.037853,False,4,"{""addr:district"":""Ahmedabad"",""addr:state"":""Gujarat"",""healthcare"":""hospital""}",7864058634,72.576397,0.0,1716372522,,,,,,380001,,,,Neuron Neuro Surgical Hospital,,,,,,,hospital,,,,,,,,,,,,,,,,,,,,,,,Local Knowledge,,,,,,,,,,,,,,,,,,,,,,,,,,,,,,,,,,,,,,node,,,,,
23.058909,False,3,"{""addr:district"":""Ahmedabad"",""addr:state"":""Gujarat""}",7864058635,72.601892,0.0,1600365324,,,Ahmedabad Cantonment,,,380016,,,,Military Hospital,,,,,,,hospital,,,,,,,,,,,,,,,,,,,,,,,Local Knowledge,,,,,,,,,,,,,,,,,,,,,,,,,,,,,,,,,,,,,,node,,,,,
23.0402323,False,4,"{""addr:district"":""Ahmedabad"",""addr:state"":""Gujarat"",""healthcare"":""hospital""}",7864058636,72.5777147,0.0,1716372522,,,"Shah Colony, Kazipur Dariyapur",,,380004,,,,Krishna Hospital,,,,,,,hospital,,,,,,,,,,,,,,,,,,,,,,,Local Knowledge,,,,,,,,,,,,,,,,,,,,,,,,,,,,,,,,,,,,,,node,,,,,
23.114667,False,3,"{""addr:district"":""Ahmedabad"",""addr:state"":""Gujarat""}",7864058637,72.580661,0.0,1600364756,,,"Laxmi Nagar, Chandkheda",,,382424,,,,Ansh Multispeciality Hospital,,,,,,,hospital,,,,,,,,,,,,,,,,,,,,,,,Local Knowledge,,,,,,,,,,,,,,,,,,,,,,,,,,,,,,,,,,,,,,node,,,,,
23.0547951,False,4,"{""addr:district"":""Ahmedabad"",""addr:state"":""Gujarat"",""healthcare"":""hospital""}",7864058638,72.6208766,0.0,1686198616,,,"Ashish Nagar, Meghaninagar",,,380016,,,,Sonal Maternity Hospital,,,,,,,hospital,,,,,,,,,,,,,,,,,,,,,,,Local Knowledge,,,,,,,,,,,,,,,,,,,,,,,,,,,,,,,,,,,,,,node,,,,,
23.1125242,False,3,"{""addr:district"":""Ahmedabad"",""addr:state"":""Gujarat""}",7864058639,72.5834513,0.0,1600365961,,,"Chandkheda, Ahmedabad",,,382424,,,,Sentara Multispeciality Hospital,,,,,,,hospital,,,,,,,,,,,,,,,,,,,,,,,Local Knowledge,,,,,,,,,,,,,,,,,,,,,,,,,,,,,,,,,,,,,,node,,,,,
23.0347002,False,4,"{""addr:district"":""Ahmedabad"",""addr:state"":""Gujarat"",""healthcare"":""hospital""}",7864058641,72.5951832,0.0,1716372522,,,Dariapur,,,380001,,,,Lokhandwala General Hospital,,,,,,,hospital,,,,,,,,,,,,,,,,,,,,,,,Local Knowledge,,,,,,,,,,,,,,,,,,,,,,,,,,,,,,,,,,,,,,node,,,,,
23.035637,False,4,"{""addr:district"":""Ahmedabad"",""addr:state"":""Gujarat"",""healthcare"":""hospital""}",7864058642,72.588423,0.0,1716372522,,,"Gheekanta, Bhadra",,,380001,,,,Bachardas Lashkari Hospital,,,,,,,hospital,,,,,,,,,,,,,,,,,,,,,,,Local Knowledge,,,,,,,,,,,,,,,,,,,,,,,,,,,,,,,,,,,,,,node,,,,,
23.113388,False,3,"{""addr:district"":""Ahmedabad"",""addr:state"":""Gujarat""}",7864058644,72.583182,0.0,1600366525,,,"Chandkheda, Ahmedabad",,,382424,,,,Rhythm Heart and Medical Hospital,,,,,,,hospital,,,,,,,,,,,,,,,,,,,,,,,Local Knowledge,,,,,,,,,,,,,,,,,,,,,,,,,,,,,,,,,,,,,,node,,,,,
23.1044464,False,3,"{""addr:district"":""Ahmedabad"",""addr:state"":""Gujarat""}",7864058646,72.6025578,0.0,1600365102,,,,,,380005,,,,Lotus Multispeciality Hospital,,,,,,,hospital,,,,,,,,,,,,,,,,,,,,,,,Local Knowledge,,,,,,,,,,,,,,,,,,,,,,,,,,,,,,,,,,,,,,node,,,,,
23.055335,False,3,"{""addr:district"":""Ahmedabad"",""addr:state"":""Gujarat""}",7864058651,72.590092,0.0,1600365885,,,Shahibag,,,380004,,,,Gujarat State Police Welfare Hospital,,,,,,,hospital,,,,,,,,,,,,,,,,,,,,,,,Local Knowledge,,,,,,,,,,,,,,,,,,,,,,,,,,,,,,,,,,,,,,node,,,,,
23.056258,False,4,"{""addr:district"":""Ahmedabad"",""addr:state"":""Gujarat"",""healthcare"":""hospital""}",7864058652,72.620709,0.0,1686198616,,,Kalapi Nagar,,,380016,,,,Ashirwad Maternity and Nursing Home,,,,,,,hospital,,,,,,,,,,,,,,,,,,,,,,,Local Knowledge,,,,,,,,,,,,,,,,,,,,,,,,,,,,,,,,,,,,,,node,,,,,
22.995486,False,3,"{""addr:district"":""Ahmedabad"",""addr:state"":""Gujarat""}",7864058653,72.579059,0.0,1600365247,,,"Shakti Society, Danilimda",,,380028,,,,New Life Hospital,,,,,,,hospital,,,,,,,,,,,,,,,,,,,,,,,Local Knowledge,,,,,,,,,,,,,,,,,,,,,,,,,,,,,,,,,,,,,,node,,,,,
23.051416,False,3,"{""addr:district"":""Ahmedabad"",""addr:state"":""Gujarat""}",7864058655,72.596142,0.0,1600364844,,,Girdhar Nagar,,,380004,,,,Puneet Maternity Nursing Home,,,,,,,hospital,,,,,,,,,,,,,,,,,,,,,,,Local Knowledge,,,,,,,,,,,,,,,,,,,,,,,,,,,,,,,,,,,,,,node,,,,,
23.092043,False,3,"{""addr:district"":""Ahmedabad"",""addr:state"":""Gujarat""}",7864058656,72.591111,0.0,1600365162,,,"Sabarmati, Ahmedabad",,,380005,,,,Indus Hospital,,,,,,,hospital,,,,,,,,,,,,,,,,,,,,,,,Local Knowledge,,,,,,,,,,,,,,,,,,,,,,,,,,,,,,,,,,,,,,node,,,,,
23.001026,False,3,"{""addr:district"":""Ahmedabad"",""addr:state"":""Gujarat""}",7864058657,72.576899,0.0,1600365412,,,Behrampura,,,380022,,,,Chepirog Hospital,,,,,,,hospital,,,,,,,,,,,,,,,,,,,,,,,Local Knowledge,,,,,,,,,,,,,,,,,,,,,,,,,,,,,,,,,,,,,,node,,,,,
23.0521027,False,3,"{""addr:district"":""Ahmedabad"",""addr:state"":""Gujarat""}",7864058658,72.5953342,0.0,1600364452,,,Girdhar Nagar,,,380004,,,,Jain Hospital,,,,,,,hospital,,,,,,,,,,,,,,,,,,,,,,,Local Knowledge,,,,,,,,,,,,,,,,,,,,,,,,,,,,,,,,,,,,,,node,,,,,
23.045993,False,3,"{""addr:district"":""Ahmedabad"",""addr:state"":""Gujarat""}",7864058660,72.589386,0.0,1600365845,,,Dudheshwar,,,380004,,,,Clear Vision Eye Hospital,,,,,,,hospital,,,,,,,,,,,,,,,,,,,,,,,Local Knowledge,,,,,,,,,,,,,,,,,,,,,,,,,,,,,,,,,,,,,,node,,,,,
23.1047391,False,3,"{""addr:district"":""Ahmedabad"",""addr:state"":""Gujarat""}",7864058661,72.5976157,0.0,1600366664,,,Motera,,,382424,,,,Param Multispeciality Hospital,,,,,,,hospital,,,,,,,,,,,,,,,,,,,,,,,Local Knowledge,,,,,,,,,,,,,,,,,,,,,,,,,,,,,,,,,,,,,,node,,,,,
23.0399922,False,4,"{""addr:district"":""Ahmedabad"",""addr:state"":""Gujarat"",""healthcare"":""hospital""}",7864058664,72.5778602,0.0,1716372522,,,Kazipur Dariyapur,,,380004,,,,Shivam Hospital,,,,,,,hospital,,,,,,,,,,,,,,,,,,,,,,,Local Knowledge,,,,,,,,,,,,,,,,,,,,,,,,,,,,,,,,,,,,,,node,,,,,
23.0943467,False,4,"{""addr:district"":""Ahmedabad"",""addr:state"":""Gujarat"",""healthcare"":""hospital""}",7864133778,72.5469031,0.0,1695053975,,,"Gota, Ahmedabad",,,382481,,,,Hridaan Hospital & Pharmacy,,,,,,,hospital,,,,,,,,,,,,,,,,,,,,,,,Local Knowledge,,,,,,,,,,,,,,,,,,,,,,,,,,,,,,,,,,,,,,node,,,,,
23.0188276,False,4,"{""addr:district"":""Ahmedabad"",""addr:state"":""Gujarat"",""healthcare"":""hospital""}",7864133781,72.5134997,0.0,1637742602,,,"Chotila, Jodhpur",,,380015,,,,Sai Krupa Hospital,,,,,,,hospital,,,,,,,,,,,,,,,,,,,,,,,Local Knowledge,,,,,,,,,,,,,,,,,,,,,,,,,,,,,,,,,,,,,,node,,,,,
23.0464267,False,4,"{""addr:district"":""Ahmedabad"",""addr:state"":""Gujarat"",""healthcare"":""hospital""}",7864133783,72.5343808,0.0,1716378776,,,Memnagar,,,380052,,,,Shreeji ENT and Orthopaedic Hospital,,,,,,,hospital,,,,,,,,,,,,,,,,,,,,,,,Local Knowledge,,,,,,,,,,,,,,,,,,,,,,,,,,,,,,,,,,,,,,node,,,,,
23.032409,False,3,"{""addr:district"":""Ahmedabad"",""addr:state"":""Gujarat""}",7864133797,72.459589,0.0,1600365945,,,Bopal,,,380058,,,,Life Care Hospital,,,,,,,hospital,,,,,,,,,,,,,,,,,,,,,,,Local Knowledge,,,,,,,,,,,,,,,,,,,,,,,,,,,,,,,,,,,,,,node,,,,,
23.0323612,False,4,"{""addr:district"":""Ahmedabad"",""addr:state"":""Gujarat"",""healthcare"":""hospital""}",7864133804,72.5247419,0.0,1632407478,,,,,,380015,,,,Tender Touch Children's Hospital,,,,,,,hospital,,,,,,,,,,,,,,,,,,,,,,,Local Knowledge,,,,,,,,,,,,,,,,,,,,,,,,,,,,,,,,,,,,,,node,,,,,
23.0333202,False,3,"{""addr:district"":""Ahmedabad"",""addr:state"":""Gujarat""}",7864133810,72.4658969,0.0,1600364293,,,"Bopal, Ahmedabad",,,380058,,,,Shivam Hospital,,,,,,,hospital,,,,,,,,,,,,,,,,,,,,,,,Local Knowledge,,,,,,,,,,,,,,,,,,,,,,,,,,,,,,,,,,,,,,node,,,,,
23.0310152,False,4,"{""addr:district"":""Ahmedabad"",""addr:state"":""Gujarat"",""healthcare"":""hospital""}",7864133820,72.5257914,0.0,1632407478,,,,,,380015,,,,Devi Hospital,,,,,,,hospital,,,,,,,,,,,,,,,,,,,,,,,Local Knowledge,,,,,,,,,,,,,,,,,,,,,,,,,,,,,,,,,,,,,,node,,,,,
23.019857,False,4,"{""addr:district"":""Ahmedabad"",""addr:state"":""Gujarat"",""healthcare"":""hospital""}",7864133830,72.512076,0.0,1637742602,,,Ramdev Nagar,,,380015,,,,Vismay Child Care Hospital,,,,,,,hospital,,,,,,,,,,,,,,,,,,,,,,,Local Knowledge,,,,,,,,,,,,,,,,,,,,,,,,,,,,,,,,,,,,,,node,,,,,
23.0341111,False,3,"{""addr:district"":""Ahmedabad"",""addr:state"":""Gujarat""}",7864133831,72.4653431,0.0,1600366353,,,"Pushottam Nagar, Bopal",,,380058,,,,Adarsh Hospital,,,,,,,hospital,,,,,,,,,,,,,,,,,,,,,,,Local Knowledge,,,,,,,,,,,,,,,,,,,,,,,,,,,,,,,,,,,,,,node,,,,,
23.0940118,False,4,"{""addr:district"":""Ahmedabad"",""addr:state"":""Gujarat"",""healthcare"":""hospital""}",7864133836,72.546777,0.0,1695053975,,,"Chandlodiya, Ahmedabad",,,382481,,,,Satyam Hospital,,,,,,,hospital,,,,,,,,,,,,,,,,,,,,,,,Local Knowledge,,,,,,,,,,,,,,,,,,,,,,,,,,,,,,,,,,,,,,node,,,,,
23.0405865,False,3,"{""addr:district"":""Ahmedabad"",""addr:state"":""Gujarat""}",7864133843,72.5264512,0.0,1600365032,,,Vastrapur,,,380015,,,,Brinda Women's Hospital,,,,,,,hospital,,,,,,,,,,,,,,,,,,,,,,,Local Knowledge,,,,,,,,,,,,,,,,,,,,,,,,,,,,,,,,,,,,,,node,,,,,
23.040905,False,3,"{""addr:district"":""Ahmedabad"",""addr:state"":""Gujarat""}",7864133850,72.526418,0.0,1600366152,,,Vastrapur,,,380015,,,,Shri Gordhandas Charitable Hospital,,,,,,,hospital,,,,,,,,,,,,,,,,,,,,,,,Local Knowledge,,,,,,,,,,,,,,,,,,,,,,,,,,,,,,,,,,,,,,node,,,,,
23.179368,False,3,"{""addr:district"":""Gandhinagar"",""addr:state"":""Gujarat""}",7867000250,72.633425,0.0,1600365265,,,"Kudasan, Gandhinagar",,,382421,,,,Sanjivani Babycare Hospital,,,,,,,hospital,,,,,,,,,,,,,,,,,,,,,,,Local Knowledge,,,,,,,,,,,,,,,,,,,,,,,,,,,,,,,,,,,,,,node,,,,,
23.1857862,False,3,"{""addr:district"":""Gandhinagar"",""addr:state"":""Gujarat""}",7867000264,72.6217901,0.0,1600364605,,,"Sargasan, Gandhinagar",,,382421,,,,Aashka Multispeciality Hospitals,,,,,,,hospital,,,,,,,,,,,,,,,,,,,,,,,Local Knowledge,,,,,,,,,,,,,,,,,,,,,,,,,,,,,,,,,,,,,,node,,,,,
23.1926044,False,3,"{""addr:district"":""Gandhinagar"",""addr:state"":""Gujarat""}",7867000265,72.6385544,0.0,1600366584,,,Gandhinagar,,,382421,,,,Life Apollo Hospitals,,,,,,,hospital,,,,,,,,,,,,,,,,,,,,,,,Local Knowledge,,,,,,,,,,,,,,,,,,,,,,,,,,,,,,,,,,,,,,node,,,,,
23.1691147,False,3,"{""addr:district"":""Gandhinagar"",""addr:state"":""Gujarat""}",7867000276,72.6129583,0.0,1600364902,,,Por,,,382421,,,,Vishwas Kamdhenu Panchgavya Aarogya Hospital,,,,,,,hospital,,,,,,,,,,,,,,,,,,,,,,,Local Knowledge,,,,,,,,,,,,,,,,,,,,,,,,,,,,,,,,,,,,,,node,,,,,
23.179407,False,3,"{""addr:district"":""Gandhinagar"",""addr:state"":""Gujarat""}",7867000282,72.634087,0.0,1600364925,,,,,,382421,,,,Vachhani Hospital,,,,,,,hospital,,,,,,,,,,,,,,,,,,,,,,,Local Knowledge,,,,,,,,,,,,,,,,,,,,,,,,,,,,,,,,,,,,,,node,,,,,
23.1616888,False,3,"{""addr:district"":""Gandhinagar"",""addr:state"":""Gujarat""}",7867000299,72.5871116,0.0,1600366319,,,,,,382421,,,,Om Prasuti Gruha Hospital,,,,,,,hospital,,,,,,,,,,,,,,,,,,,,,,,Local Knowledge,,,,,,,,,,,,,,,,,,,,,,,,,,,,,,,,,,,,,,node,,,,,
23.1777,False,3,"{""addr:district"":""Gandhinagar"",""addr:state"":""Gujarat""}",7867052424,72.746797,0.0,1600364500,,,Dabhoda,,,382355,,,,Aarohi General Hospital,,,,,,,hospital,,,,,,,,,,,,,,,,,,,,,,,Local Knowledge,,,,,,,,,,,,,,,,,,,,,,,,,,,,,,,,,,,,,,node,,,,,
23.181426,False,3,"{""addr:district"":""Gandhinagar"",""addr:state"":""Gujarat""}",7867052477,72.700156,0.0,1600364413,,,Lavarpur,,,382355,,,,Starling Hospital,,,,,,,hospital,,,,,,,,,,,,,,,,,,,,,,,Local Knowledge,,,,,,,,,,,,,,,,,,,,,,,,,,,,,,,,,,,,,,node,,,,,
22.9874749,False,2,"{""healthcare"":""hospital""}",7935280835,72.4788535,0.0,1607891246,,,"Sanand - Sarkhej Rd, Shantipura, Ahmedabad, Gujarat 380054",,,,,,,Sahyog Hospital,,,,,,,hospital,,,,,,,,,,,,,,,,,,,,,,,,,,,,,,,,,,,,,,,,,,,,,,,,,,,,,,,,,,,,,node,,,,,
22.9859705,False,2,"{""healthcare"":""hospital""}",7935280841,72.5008661,0.0,1607891246,,,"near sapna theatre above balubhai motors, Sarkhej, Sarkhej-Okaf, Gujarat 382210",,,,,,,Navjivan hospital,,,,,,,hospital,,,,,,,,,,,,,,,,,,,,,,,,,,,,,,,,,,,,,,,,,,,,,,,,,,,,,,,,,,,,,node,,,,,
22.985509,False,2,"{""healthcare"":""hospital""}",7935280842,72.493561,0.0,1607891246,,,"M.K House Nr. Manpasand Hotel Opp. Amber Tower Nr. Sawan Party Plot, Sarkhej, Ahmedabad, Gujarat 382210",,,,,,,Hope Hospital,,,,,,,hospital,,,,,,,,,,,,,,,,,,,,,,,,,,,,,,,,,,,,,,,,,,,,,,,,,,,,,,,,,,,,,node,,,,,
22.9845108,False,2,"{""healthcare"":""hospital""}",7935280844,72.4989295,0.0,1607891246,,,"Sarkhej, Ahmedabad, Gujarat 380055",,,,,,,Mamata Hospital,,,,,,,hospital,,,,,,,,,,,,,,,,,,,,,,,,,,,,,,,,,,,,,,,,,,,,,,,,,,,,,,,,,,,,,node,,,,,
22.9835997,False,2,"{""healthcare"":""hospital""}",7935280849,72.4984705,0.0,1607891246,,,"khodiyar complex, Late Shri Satishbhai D Patel Marg, Sarkhej, Ahmedabad, Gujarat 382210",,,,,,,SHREY HOSPITAL,,,,,,,hospital,,,,,,,,,,,,,,,,,,,,,,,,,,,,,,,,,,,,,,,,,,,,,,,,,,,,,,,,,,,,,node,,,,,
22.9809825,False,2,"{""healthcare"":""hospital""}",7935280859,72.501192,0.0,1607891246,,,"Sarkhej Village Rd, Sarkhej, Ahmedabad, Gujarat 380055",,,,,,,Mamta Hospital,,,,,,,hospital,,,,,,,,,,,,,,,,,,,,,,,,,,,,,,,,,,,,,,,,,,,,,,,,,,,,,,,,,,,,,node,,,,,
23.1817847,False,1,"{""healthcare"":""hospital"",""operator:type"":""private""}",9221706976,72.6280818,0.0,1635957930,Kudasan,,,VTC,,382421,,Pandit Dindayal Upadhyay Marg,,Radhe Hospital,,Radhe,,,,,hospital,,,,,,,,,,,,,,,,,,,,,,,,,,,,,,,,,,,,,,,,,,,,,,,,,,,,,,,,,,,,,node,,,,,
22.9767385,False,2,"{""name:hi"":""\u0935\u093F\u092E\u0932\u093E \u0939\u0949\u0938\u094D\u092A\u093F\u091F\u0932""}",9653242417,72.6231298,0.0,1649833218,,,,,,380050,,Bombay conductor Road,,Vimla Hospital,24/7,,+919824601133,,,,hospital,,,,,,,,,,,,,,,,,,,,,,,,,,,,,,,,,,,,,,,,,,,,,,,,,,,,,,,,,,,,,node,,,,,
23.0451918,False,1,"{""healthcare"":""hospital"",""healthcare:speciality"":""general;family_medicine;mental_he"",""operator:type"":""business""}",10038497023,72.4675268,0.0,1663649188,AHMEDABAD,,,SHOP NO15,,380059,,PANCHMUKHI HEXA OPP SAMPRAT RESIDENCE,indu.medicare2022@gmail.com,INDU MEDICARE,,RUSHIK BHAGIYA,+91 99093 64446,,,,hospital,,,,,,,,,,,,,,,,,,,,,,,,,,,,,,,,,,,,,,,,,,,,,,,,,,,,,,,,,,,,,node,,,,,
23.0294026,False,1,"{""healthcare"":""hospital""}",10172958936,72.5905818,0.0,1668064068,Ahmedabad,,,,,,,,,Parijat Children Hospital,,,,,,,hospital,,,,,,,,,,,,,,,,,,,,,,,,,,,,,,,,,,,,,,,,,,,,,,,,,,,,,,,,,,,,,node,,,,,
23.0294443,False,1,"{""healthcare"":""hospital""}",10172958937,72.5933151,0.0,1668064068,,,,,,,,,,Pinakin Dala Hospital,,,,,,,hospital,,,,,,,,,,,,,,,,,,,,,,,,,,,,,,,,,,,,,,,,,,,,,,,,,,,,,,,,,,,,,node,,,,,
23.0376253,False,1,"{""healthcare"":""hospital""}",10172958938,72.5798827,0.0,1668064068,Ahmedabad,,,,,,,,,muncipal parsuti Hospital,,,,,,,hospital,,,,,,,,,,,,,,,,,,,,,,,,,,,,,,,,,,,,,,,,,,,,,,,,,,,,,,,,,,,,,node,,,,,
23.0360259,False,1,"{""healthcare"":""hospital""}",10172958939,72.5781781,0.0,1668064068,Ahmedabad,,,,,,,,,Shahur Medical Hospital,,,,,,,hospital,,,,,,,,,,,,,,,,,,,,,,,,,,,,,,,,,,,,,,,,,,,,,,,,,,,,,,,,,,,,,node,,,,,
23.0342097,False,1,"{""healthcare"":""hospital""}",10172958940,72.5804374,0.0,1668064068,Ahmedabad,,,,,,,,,Paras Hospital,,,,,,,hospital,,,,,,,,,,,,,,,,,,,,,,,,,,,,,,,,,,,,,,,,,,,,,,,,,,,,,,,,,,,,,node,,,,,
23.0320391,False,1,"{""healthcare"":""hospital""}",10172958941,72.577354,0.0,1668064068,Ahmedabad,,,,,,,,,Shraddha Multispecialist Hospital,,,,,,,hospital,,,,,,,,,,,,,,,,,,,,,,,,,,,,,,,,,,,,,,,,,,,,,,,,,,,,,,,,,,,,,node,,,,,
23.036498,False,1,"{""healthcare"":""hospital""}",10172958942,72.5696194,0.0,1668064068,Ahmedabad,,,,,,,,,Sukhmani hospital,,,,,,,hospital,,,,,,,,,,,,,,,,,,,,,,,,,,,,,,,,,,,,,,,,,,,,,,,,,,,,,,,,,,,,,node,,,,,
23.046029,False,1,"{""healthcare"":""hospital""}",10172958943,72.5615306,0.0,1668064068,Ahmedabad,,,,,,,,,Sanjivani Eye Hospital,,,,,,,hospital,,,,,,,,,,,,,,,,,,,,,,,,,,,,,,,,,,,,,,,,,,,,,,,,,,,,,,,,,,,,,node,,,,,
23.0482467,False,1,"{""healthcare"":""hospital""}",10172958944,72.5617682,0.0,1668064068,Ahmedabad,,,,,,,,,Shreyas Dental Hospital,,,,,,,hospital,,,,,,,,,,,,,,,,,,,,,,,,,,,,,,,,,,,,,,,,,,,,,,,,,,,,,,,,,,,,,node,,,,,
23.0673766,False,1,"{""healthcare"":""hospital""}",10172958945,72.5610257,0.0,1668064068,,,,,,,,,,,,,,,,,hospital,,,,,,,,,,,,,,,,,,,,,,,,,,,,,,,,,,,,,,,,,,,,,,,,,,,,,,,,,,,,,node,,,,,
23.0604678,False,1,"{""healthcare"":""hospital""}",10172958946,72.5352149,0.0,1668064068,Ahmedabad,,,,,,,,,GuruKrupa Hospital,,,,,,,hospital,,,,,,,,,,,,,,,,,,,,,,,,,,,,,,,,,,,,,,,,,,,,,,,,,,,,,,,,,,,,,node,,,,,
23.0694667,False,1,"{""emergency"":""no"",""healthcare"":""hospital""}",10172958947,72.5431127,0.0,1668064068,Ahmedabad,,,,,,,,,Aneri CHildren Hospital,,,,,,,hospital,,,,,,,,,,,,,,,,,,,,,,,,,,,,,,,,,,,,,,,,,,,,,,,,,,,,,,,,,,,,,node,,,,,
23.0318655,False,1,"{""healthcare"":""hospital""}",10172958948,72.5259992,0.0,1668064068,Ahmedabad,,,,,,,,,Rosemary Womens Hospital,,,,,,,hospital,,,,,,,,,,,,,,,,,,,,,,,,,,,,,,,,,,,,,,,,,,,,,,,,,,,,,,,,,,,,,node,,,,,
23.0311855,False,1,"{""healthcare"":""hospital""}",10172958949,72.5271428,0.0,1668064068,Ahmedabad,,,,,,,,,Akshay Heart and Medical Hospital,,,,,,,hospital,,,,,,,,,,,,,,,,,,,,,,,,,,,,,,,,,,,,,,,,,,,,,,,,,,,,,,,,,,,,,node,,,,,
23.0251067,False,1,"{""healthcare"":""hospital""}",10172958950,72.5233013,0.0,1668064068,Ahmedabad,,,,,,,,,Sangini Hospital,,,,,,,hospital,,,,,,,,,,,,,,,,,,,,,,,,,,,,,,,,,,,,,,,,,,,,,,,,,,,,,,,,,,,,,node,,,,,
23.0228555,False,1,"{""emergency"":""no"",""healthcare"":""hospital"",""healthcare:speciality"":""paediatrics""}",10172958951,72.5261005,0.0,1668064068,Ahmedabad,,,,,,,,,Rathi Hospital,,,,,,,hospital,,,,,,,,,,,,,,,,,,,,,,,,,,,,,,,,,,,,,,,,,,,,,,,,,,,,,,,,,,,,,node,,,,,
23.02222,False,3,"{""healthcare"":""hospital""}",10172958952,72.538511,0.0,1731468638,ahmedabad,,,,,,,,,Jyoti Maternity Hospital,,,,,,,hospital,,,,,,,,,,,,,,,,,,,,,,,,,,,,,,,,,,,,,,,,,,,,,,,,,,,,,,,,,,,,,node,,,,,
23.0067417,False,1,"{""healthcare"":""hospital""}",10172958953,72.5325801,0.0,1668064068,,,,,,,,,,Vatsalya Gynec Hospital,,,,,,,hospital,,,,,,,,,,,,,,,,,,,,,,,,,,,,,,,,,,,,,,,,,,,,,,,,,,,,,,,,,,,,,node,,,,,
23.0086307,False,1,"{""healthcare"":""hospital""}",10172958954,72.5432561,0.0,1668064068,Ahmedabad,,,,,,,,,Jivraj Mehta Hospital,,,,,,,hospital,,,,,,,,,,,,,,,,,,,,,,,,,,,,,,,,,,,,,,,,,,,,,,,,,,,,,,,,,,,,,node,,,,,
23.0201123,False,1,"{""healthcare"":""hospital""}",10172958955,72.5615615,0.0,1668064068,Ahmedabad,,,,,,,,,Shree Harikrupa Hospital,,,,,,,hospital,,,,,,,,,,,,,,,,,,,,,,,,,,,,,,,,,,,,,,,,,,,,,,,,,,,,,,,,,,,,,node,,,,,
23.0493049,False,1,"{""healthcare"":""hospital""}",10172958956,72.5944694,0.0,1668064068,Ahmedabad,,,,,,,,,Kalptaru Hospital,,,,,,,hospital,,,,,,,,,,,,,,,,,,,,,,,,,,,,,,,,,,,,,,,,,,,,,,,,,,,,,,,,,,,,,node,,,,,
23.04949,False,1,"{""healthcare"":""hospital""}",10172958957,72.6074913,0.0,1668064068,Ahemedabad,,,,,,,,,Kidney Hospital,,,,,,,hospital,,,,,,,,,,,,,,,,,,,,,,,,,,,,,,,,,,,,,,,,,,,,,,,,,,,,,,,,,,,,,node,,,,,
23.0522972,False,1,"{""healthcare"":""hospital""}",10172958958,72.6043839,0.0,1668064068,Ahmedabad,,,,,,,,,Civil Hospital,,,,,,,hospital,,,,,,,,,,,,,,,,,,,,,,,,,,,,,,,,,,,,,,,,,,,,,,,,,,,,,,,,,,,,,node,,,,,
23.0590415,False,1,"{""healthcare"":""hospital""}",10172958959,72.601975,0.0,1668064068,,,,,,,,,,Military Hospital,,,,,,,hospital,,,,,,,,,,,,,,,,,,,,,,,,,,,,,,,,,,,,,,,,,,,,,,,,,,,,,,,,,,,,,node,,,,,
23.0465729,False,1,"{""healthcare"":""hospital""}",10172958960,72.6082954,0.0,1668064068,Ahmedabad,,,,,,,,,GCS Hospital,,,,,,,hospital,,,,,,,,,,,,,,,,,,,,,,,,,,,,,,,,,,,,,,,,,,,,,,,,,,,,,,,,,,,,,node,,,,,
23.0237298,False,1,"{""healthcare"":""hospital""}",10172958961,72.6391848,0.0,1668064068,Ahmdedabad,,,,,,,,,Ayushman Medical Hospital,,,,,,,hospital,,,,,,,,,,,,,,,,,,,,,,,,,,,,,,,,,,,,,,,,,,,,,,,,,,,,,,,,,,,,,node,,,,,
23.0729799,False,1,"{""healthcare"":""hospital""}",10172958963,72.6528746,0.0,1668064068,,,,,,,,,,Shivam Surgical Hospital,,,,,,,hospital,,,,,,,,,,,,,,,,,,,,,,,,,,,,,,,,,,,,,,,,,,,,,,,,,,,,,,,,,,,,,node,,,,,
23.0694304,False,1,"{""healthcare"":""hospital""}",10172958964,72.5431262,0.0,1668064068,Ahmedabad,,,,,,,,,Aneri CHildren Hospital,,,,,,,hospital,,,,,,,,,,,,,,,,,,,,,,,,,,,,,,,,,,,,,,,,,,,,,,,,,,,,,,,,,,,,,node,,,,,
23.0461549,False,1,"{""healthcare"":""hospital""}",10172958965,72.536403,0.0,1668064068,,,,,,,,,,Cornea Foundation Hospital,,,,,,,hospital,,,,,,,,,,,,,,,,,,,,,,,,,,,,,,,,,,,,,,,,,,,,,,,,,,,,,,,,,,,,,node,,,,,
23.1354749,False,3,"{""healthcare"":""hospital"",""healthcare:speciality"":""gynaecology;fertility;neonatology;paediatrics;vaccination""}",10839117487,72.5415625,0.0,1717682996,Ahmedabad,,,,,382421,,SG Highway,,KD Blossom,,,7966770000,,,https://kdblossom.co.in/,hospital,,,,,,,,,,,,,,,,,,,,,,,,,,,,,,,,,,,,,,,,,,,,,,,,,,,,,,,,,,,,,node,,,,,
23.0492471,False,1,"{""description"":""Are you looking for a gynecology hospital in Ahmedabad? Diva Women's Hospital provides pregnancy counseling, infertility management, PCOD/PCOS, ultrasonic sonography, and much more under one roof."",""emergency"":""yes"",""healthcare"":""hospital"",""healthcare:speciality"":""gynaecology""}",10882768855,72.5219853,0.0,1683702883,Ahmedabad,,,,,380054,,"Opp. Sardar Patel Institute, Next to Udgam School for Children",,Diva Women's Hospital,Open 24 Hours,,9978872345,,,https://divahospital.com/,hospital,,,,,,,,,,,,,,,,,,,,,,,,,,,,,,,,,,,,,,,,,,,,,,,,,,,,,,,,,,,,,node,,,,,
23.0255598,False,1,"{""addr:district"":""Ahmedabad"",""emergency"":""yes"",""healthcare"":""hospital"",""healthcare:speciality"":""plastic_surgery;dermatology"",""mobile"":""07948004800"",""operator:type"":""private""}",11900351768,72.527325,0.0,1715583295,Ahmedabad,,,"1st floor, A wing, Gold Coin Complex,",,380015,,Satellite Road,,ADORN Cosmetic Clinic,,Dr Harsh Amin,,,,https://adorn.clinic,hospital,,,,,,,,,,,,,,,,,,,,,,,,,,,,,,,,,,,,,,,,,,,,,,,,,,,,,,,,,,,,,node,,,,,
23.0226039,False,3,"{""addr:district"":""Ahmedabad"",""contact:facebook"":""https://www.facebook.com/cosmeticsurgeryclinic"",""emergency"":""yes"",""healthcare"":""hospital"",""healthcare:speciality"":""clinical_pathology;plastic_surgery;dermatology;dermatovenereology;dental_oral_maxillo_facial_surgery;dentist"",""image"":""https://adorn.clinic/_next/image?url=%2Fimages%2Fabout%2Fabout-banner-img1.webp&w=1200&q=75"",""mobile"":""+917048004800"",""operator:type"":""private"",""wheelchair"":""yes""}",11900380051,72.5509537,0.0,1715584763,Ahmedabad,,,"House of ADORN, opp. JIO petrol pump, Ambawadi Circle, Ambawadi,",,380006,,Surendra Mangaldas Road,,ADORN AESTHETIC CLINIC,24/7,Dr Harsh Amin,,,,https://adorn.clinic,hospital,,,,,,,,,,,,,,,,,,,,,,,streetlevel imagery,2024-05-01,,,,,,,,,,,,,,,,,,,,,,,,,,,,,,,,,,,,,node,,,,,
23.0497137,False,1,"{""addr:district"":""AHMEDABAD"",""emergency"":""yes"",""healthcare"":""hospital"",""healthcare:speciality"":""orthopaedics"",""mobile"":""98098 10108"",""operator:type"":""business""}",12016441172,72.6701157,0.0,1719557390,Ahmedabad,,,"T-1,2,3",,382350,,"RASPAN ARCADE , RASPAN CROSS ROAD, NIKOL",,TEJASYA ORTHOPAEDIC HOSPITAL - DR RAVI PATEL orthopaedic surgeon,24/7,DR RAVI PATEL,,,,WWW.TEJASYAHOSPITAL.COM,hospital,,,,,,,,,,,,,,,,,,,,,,,,,,,,,,,,,,,,,,,,,,,,,,,,,,,,,,,,,,,,,node,,,,,
22.9941963,False,1,"{""healthcare"":""hospital"",""healthcare:speciality"":""homeopathy"",""operator:type"":""private""}",12871031670,72.6715286,0.0,1748439763,,,,,,,,,,charvi Hospital,,kingofshrinivash,,,,,hospital,,,,,,,,,,,,,,,,,,,,,,,,2026-07-23,,,,,,,,,,,,,,,,,,,,,,,,,,,,,,,,,,,,,node,,,,,
23.00188,False,1,"{""healthcare"":""hospital""}",14006884835,72.55442,0.0,1783882156,,,,,,,,,,Sheath hospital,,,,,,,hospital,,,,,,,,,,,,,,,,,,,,,,,,,,,,,,,,,,,,,,,,,,,,,,,,,,,,,,,,,,,,,node,,,,,
23.0699401,False,1,"{""addr:state"":""Gujarat""}",14053415001,72.5600824,0.0,1785143053,Ahmedabad,IN,,607,,380061,,"Centrum Height, Near Akhbar Nagar Circle, Chandlodiya Road, A'bad-380061",,AyurChikitsa -Nidan & Panchakarma clinic,,,063517 19626,,,https://ayurchikitsaclinic.com/,hospital,,,,,,,,,,,,,,,,,,,,,,,,,,,,,,,,,,,,,,,,,,,,,,,,,,,,,,,,,,,,,node,,,,,
,False,5,"{""emergency"":""yes"",""wikidata"":""Q19898321""}",150633578,,,1696879081,,,,,,,,,,Shalby Hospital,,,,,http://www.shalby.org/,,hospital,,,,,,,,,,,,,,,,,,,,,,,"bing, webpage",,,en:Shalby Hospitals,,,,,,,,,,,,,,,,,,,,,,,,,,,,,,,,,,,way,,,,,
,False,7,"{""addr:district"":""Ahmedabad"",""addr:state"":""Gujarat"",""addr:subdistrict"":""Vastrapur"",""building:colour"":""white;grey"",""building:material"":""plaster"",""emergency"":""yes"",""operator:type"":""private"",""roof:material"":""concrete"",""roof:shape"":""flat""}",257623327,,,1778353771,,,"1, Uday Park Society, Near Sunrise Park, Vastrapur",,,380015,,,sanjivanissh@yahoo.com,Sanjivani Super Speciality Hospital,,,,,,https://www.sanjivanihospitals.com/,hospital,,,,,,,hospital,6,,,,,,,,,,,,,,,OpenGovernmentData,,,,,,,,,,,,,,,,,,,,,,,,,,,,,,,,,,,,,,way,,,,,
,False,3,"{""emergency"":""yes"",""note"":""Emergency Call 0793989 8969""}",316004546,,,1600364227,Ahmedabad,,,,,380059,,Hebatpur Road,,Columbia Asia Hospital,,Columbia Asia,,,,,hospital,,,,,,,,,,,,,,,,,,,,,,,,,,,,,,,,,,,,,,,,,,,,,,,,,,,,,,,,,,,,,way,,,,,
,False,5,,317784181,,,1731468703,Ahmedabad,,,,,,,,,Jivraj Mehta Hospital,,,,,,,hospital,,,,,,,yes,,,,,,,,,,,,,,,,,,,,,,,,,,,,,,,,,,,,,,,,,,,,,,,,,,,,,,way,,,,,
,False,5,"{""addr:district"":""Ahmedabad"",""addr:state"":""Gujarat""}",318490585,,,1600364187,Ahmedabad,,"Narayana Pvt.Ltd, Close To Monogram Mill Compound, Opposite Rakhrayl Police Station, Rakhrayl",,,380009,,Rakhial Road,,Narayana Hrudayalaya Hospital,,,,,,https://www.narayanahealth.org/,hospital,,,,,,,,,,,,,,,,,,,,,,,OpenGovernmentData,,,,,,,,,,,,,,,,,,,,,,,,,,,,,,,,,,,,,,way,,,,,
,False,5,"{""addr:district"":""Ahmedabad"",""addr:state"":""Gujarat""}",326731569,,,1600364109,,,Maninagar,,,380008,,,,Lallubhai Gordhanbhai Municipal General Hospital,,,,,,,hospital,,,,,,,,,,,,,,,,,,,,,,,OpenGovernmentData,,,,,,,,,,,,,,,,,,,,,,,,,,,,,,,,,,,,,,way,,,,,
,False,5,"{""healthcare"":""hospital"",""name:etymology:wikidata"":""Q9439""}",332262395,,,1661925739,,,,,,,,,,Victoria Jubilee Hospital,,,,,,,hospital,,,,,,,,,,,,,,,,,,,,,,,,,,,,,,,,,,,,,,,,,,,,,,,,,,,,,,,,,,,,,way,,,,,
,False,3,,342464429,,,1600364164,,,,,,,,,,,,,,,,,hospital,,,,,,,,,,,,,,,,,,,,,,,,,,,,,,,,,,,,,,,,,,,,,,,,,,,,,,,,,,,,,way,,,,,
,False,2,"{""healthcare"":""hospital""}",366805677,,,1679052904,,,,,,,,,,,,,,,,,hospital,,,,,,,,,,,,,,,,,,,,,,,,,,,,,,,,,,,,,,,,,,,,,,,,,,,,,,,,,,,,,way,,,,,
,False,4,"{""addr:district"":""Ahmedabad"",""addr:state"":""Gujarat"",""addr:subdistrict"":""Thaltej"",""building:colour"":""white"",""building:material"":""plaster"",""healthcare"":""hospital"",""operator:type"":""private"",""roof:material"":""concrete"",""roof:shape"":""flat""}",367203318,,,1722861735,,,Opposite Doordarshan Tower Drive In Road,,,380054,,,info@salhospital.com,Sal Hospital and Medical Institute,24/7,,,,,https://www.salhospital.com/,hospital,,,,,,,hospital,3,,,,,,,,,,,,,,,OpenGovernmentData,,,,,,,,,,,,,,,,,,,,,,,,,,,,,,,,,,,,,,way,,,,,
,False,5,,367432722,,,1600364169,ahmedabad,,,,,380054,,Service road - Sarkhej Gandhinagar Highway,,Zydus Hospitals,,,079 6619 0201,,,https://zydushospitals.com/,hospital,,,,,,,,,,,,,,,,,,,,,,,,,,,,,,,,,,,,,,,,,,,,,,,,,,,,,,,,,,,,,way,,,,,
,False,2,"{""healthcare"":""hospital""}",368781664,,,1678530658,,,,,,,,,,,,,,,,,hospital,,,,,,,,,,,,,,,,,,,,,,,,,,,,,,,,,,,,,,,,,,,,,,,,,,,,,,,,,,,,,way,,,,,
,False,4,"{""building:colour"":""grey;white"",""building:material"":""metal_plates"",""roof:material"":""concrete"",""roof:shape"":""flat""}",487512848,,,1721392161,Ahmedabad,,,45/B,,380009,,Stadium Commerce Six Roads,,Infocus Diagnostics,,,,,,,hospital,,,,,,,hospital,6,,,,,,,,,,,,,,,,,,,,,,,,,,,,,,,,,,,,,,,,,,,,,,,,,,,,,way,,,,,
,False,4,"{""building:colour"":""beige"",""building:material"":""plaster"",""roof:material"":""concrete"",""roof:shape"":""flat""}",487512858,,,1721308763,,,,,,,,,,Deep Urosurgical Hospital,,,,,,,hospital,,,,,,,,2,,,,,,,,,,,,,,,,,,,,,,,,,,,,,,,,,,,,,,,,,,,,,,,,,,,,,way,,,,,
,False,5,"{""addr:district"":""Ahmedabad"",""addr:state"":""Gujarat"",""building:colour"":""white"",""building:material"":""plaster"",""roof:material"":""concrete"",""roof:shape"":""flat""}",487512941,,,1721308763,,,"Shreekunj, Patel Park, Stadium Commerce College Road, Navrangpura",,,380009,,,,"Nidhi Hospital, Ahmedabad",,,,,,,hospital,,,,,,,hospital,6,,,,,,,,,,,,,,,OpenGovernmentData,,,,,,,,,,,,,,,,,,,,,,,,,,,,,,,,,,,,,,way,,,,,
,False,4,"{""building:colour"":""lightgrey"",""building:material"":""plaster"",""roof:material"":""concrete"",""roof:shape"":""flat""}",487512942,,,1721308763,,,,,,,,,,,,,,,,,hospital,,,,,,,hospital,4,,,,,,,,,,,,,,,,,,,,,,,,,,,,,,,,,,,,,,,,,,,,,,,,,,,,,way,,,,,
,False,3,"{""healthcare"":""hospital""}",551631340,,,1600364196,,,,,,,,,,SMS Multi-Speciality Hospital,,,,,,,hospital,,,,,,,,,,,,,,,,,,,,,,,,,,,,,,,,,,,,,,,,,,,,,,,,,,,,,,,,,,,,,way,,,,,
,False,5,"{""addr:district"":""Gandhinagar"",""addr:state"":""Gujarat"",""healthcare"":""hospital"",""operator:wikidata"":""Q4780321""}",551913407,,,1686198616,,,"Plot No 1A, Gidc Estate, Bhat Village",,,382428,,,,Apollo Hospitals International Limited,,Apollo Hospitals,,,,,hospital,,,,,,,,,,,,,,,,,,,,,,,OpenGovernmentData,,,,,,,,,,,,,,,,,,,,,,,,,,,,,,,,,,,,,,way,,,,,
,False,4,"{""addr:district"":""KHEDA"",""addr:state"":""Gujarat"",""addr:subdistrict"":""Mehmedabad"",""emergency"":""no"",""healthcare"":""hospital""}",584631612,,,1600364124,,,,,,387110,,,,Government Hospital Ghodasar,,,,,,,hospital,,,,,,,,,,,,,,,,,,,,,,,OpenGovernmentData,,,,,,,,,,,,,,,,,,,,,,,,,,,,,,,,,,,,,,way,,,,,
,False,4,"{""building:colour"":""beige;grey"",""building:material"":""plaster;glass"",""emergency"":""yes"",""healthcare"":""hospital"",""healthcare:speciality"":""general;paediatrics;dentistry;orthopaedics;surgery;cardiology;radiology;physiatry;maternity;gynaecology;emergency"",""roof:material"":""concrete"",""roof:shape"":""flat""}",693889233,,,1732100236,Randesan,,,,,382421,,,,SMVS Hospital,,SMVS Sanstha,,,,,hospital,,,,,,,hospital,8,,,,,,,,,,,,,,,,,,,,,,,,,,,,,,,,,,,,,,,,,,,,,,,,,,,,,way,,,,,
,False,3,"{""healthcare"":""hospital"",""operator:type"":""government""}",733071768,,,1600364167,,,,,,,,,,Danilimda A.M.C Hospital,,Ahmedabad Municipal Corporation,,,,,hospital,,,,,,,,,,,,,,,,,,,,,,,,,,,,,,,,,,,,,,,,,,,,,,,,,,,,,,,,,,,,,way,,,,,
,False,2,"{""healthcare"":""hospital""}",744794009,,,1686058459,,,,,,,,,,Utkarsh hospital,,,,,,,hospital,,,,,,,,,,,,,,,,,,,,,,,,,,,,,,,,,,,,,,,,,,,,,,,,,,,,,,,,,,,,,way,,,,,
,False,2,"{""healthcare"":""hospital""}",745190017,,,1678531184,,,,,,,,,,,,,,,,,hospital,,,,,,,,,,,,,,,,,,,,,,,,,,,,,,,,,,,,,,,,,,,,,,,,,,,,,,,,,,,,,way,,,,,
,False,2,"{""addr:district"":""Ahmedabad"",""addr:state"":""Gujarat"",""healthcare"":""hospital""}",745686111,,,1638658606,,,"# 1, Samir Complex, Opposite Sun Photo, Nehru Nagar, Ambawadi",,,380015,,,,"Vision Care Eye Hospital, Ahmedabad",,,,,,,hospital,,,,,,,yes,,,,,,,,,,,,,,,,OpenGovernmentData,,,,,,,,,,,,,,,,,,,,,,,,,,,,,,,,,,,,,,way,,,,,
,False,2,"{""healthcare"":""hospital""}",746254979,,,1678527870,,,,,,,,,,Shaishav Children Hospital,,,,,,,hospital,,,,,,,,,,,,,,,,,,,,,,,,,,,,,,,,,,,,,,,,,,,,,,,,,,,,,,,,,,,,,way,,,,,
,False,4,"{""addr:district"":""Ahmedabad"",""addr:state"":""Gujarat""}",843003308,,,1731468687,,,Shyamal,,,380015,,,,Janam Hospital,,,,,,,hospital,,,,,,,hospital,,,,,,,,,,,,,,,,Local Knowledge,,,,,,,,,,,,,,,,,,,,,,,,,,,,,,,,,,,,,,way,,,,,
,False,1,"{""healthcare"":""hospital""}",1153422123,,,1678527700,,,,,,,,,,Dr.Maulik Patwa,,,,,,,hospital,,,,,,,,,,,,,,,,,,,,,,,,,,,,,,,,,,,,,,,,,,,,,,,,,,,,,,,,,,,,,way,,,,,
,False,1,"{""healthcare"":""hospital""}",1153422780,,,1678528070,,,,,,,,,,,,,,,,,hospital,,,,,,,,,,,,,,,,,,,,,,,,,,,,,,,,,,,,,,,,,,,,,,,,,,,,,,,,,,,,,way,,,,,
,False,1,"{""healthcare"":""hospital""}",1153423235,,,1678528378,,,,,,,,,,,,,,,,,hospital,,,,,,,,,,,,,,,,,,,,,,,,,,,,,,,,,,,,,,,,,,,,,,,,,,,,,,,,,,,,,way,,,,,
,False,1,"{""healthcare"":""hospital""}",1153423556,,,1678528518,,,,,,,,,,Sahyog Hospital,,,,,,,hospital,,,,,,,,,,,,,,,,,,,,,,,,,,,,,,,,,,,,,,,,,,,,,,,,,,,,,,,,,,,,,way,,,,,
,False,1,"{""healthcare"":""hospital""}",1153424460,,,1678529129,,,,,,,,,,Lions Karnavati Shantaben Vishnubhai Patel Eye Hospital,,,,,,,hospital,,,,,,,,,,,,,,,,,,,,,,,,,,,,,,,,,,,,,,,,,,,,,,,,,,,,,,,,,,,,,way,,,,,
,False,1,"{""healthcare"":""hospital""}",1153426707,,,1678530043,,,,,,,,,,Navkar Plastic Surgery Hospital,,,,,,,hospital,,,,,,,,,,,,,,,,,,,,,,,,,,,,,,,,,,,,,,,,,,,,,,,,,,,,,,,,,,,,,way,,,,,
,False,1,"{""healthcare"":""hospital""}",1153427198,,,1678530188,,,,,,,,,,,,,,,,,hospital,,,,,,,,,,,,,,,,,,,,,,,,,,,,,,,,,,,,,,,,,,,,,,,,,,,,,,,,,,,,,way,,,,,
,False,1,"{""healthcare"":""hospital""}",1153427200,,,1678530211,,,,,,,,,,,,,,,,,hospital,,,,,,,,,,,,,,,,,,,,,,,,,,,,,,,,,,,,,,,,,,,,,,,,,,,,,,,,,,,,,way,,,,,
,False,1,"{""healthcare"":""hospital""}",1153427246,,,1678530251,,,,,,,,,,,,,,,,,hospital,,,,,,,,,,,,,,,,,,,,,,,,,,,,,,,,,,,,,,,,,,,,,,,,,,,,,,,,,,,,,way,,,,,
,False,1,"{""healthcare"":""hospital""}",1153427742,,,1678530343,,,,,,,,,,,,,,,,,hospital,,,,,,,,,,,,,,,,,,,,,,,,,,,,,,,,,,,,,,,,,,,,,,,,,,,,,,,,,,,,,way,,,,,
,False,1,"{""healthcare"":""hospital""}",1153427861,,,1678530418,,,,,,,,,,,,,,,,,hospital,,,,,,,,,,,,,,,,,,,,,,,,,,,,,,,,,,,,,,,,,,,,,,,,,,,,,,,,,,,,,way,,,,,
,False,1,"{""healthcare"":""hospital""}",1153428084,,,1678530458,,,,,,,,,,"Community Health Centre, Chandkheda",,,,,,,hospital,,,,,,,,,,,,,,,,,,,,,,,,,,,,,,,,,,,,,,,,,,,,,,,,,,,,,,,,,,,,,way,,,,,
,False,1,"{""healthcare"":""hospital""}",1153428116,,,1678530493,,,,,,,,,,,,,,,,,hospital,,,,,,,,,,,,,,,,,,,,,,,,,,,,,,,,,,,,,,,,,,,,,,,,,,,,,,,,,,,,,way,,,,,
,False,1,"{""healthcare"":""hospital""}",1153428117,,,1678530494,,,,,,,,,,,,,,,,,hospital,,,,,,,,,,,,,,,,,,,,,,,,,,,,,,,,,,,,,,,,,,,,,,,,,,,,,,,,,,,,,way,,,,,
,False,2,"{""healthcare"":""hospital""}",1153428139,,,1691755631,,,,,,,,,,,,,,,,,hospital,,,,,,,,,,,,,,,,,,,,,,,,,,,,,,,,,,,,,,,,,,,,,,,,,,,,,,,,,,,,,way,,,,,
,False,1,"{""healthcare"":""hospital""}",1153428141,,,1678530552,,,,,,,,,,,,,,,,,hospital,,,,,,,,,,,,,,,,,,,,,,,,,,,,,,,,,,,,,,,,,,,,,,,,,,,,,,,,,,,,,way,,,,,
,False,1,"{""healthcare"":""hospital""}",1153428150,,,1678530568,,,,,,,,,,,,,,,,,hospital,,,,,,,,,,,,,,,,,,,,,,,,,,,,,,,,,,,,,,,,,,,,,,,,,,,,,,,,,,,,,way,,,,,
,False,1,"{""healthcare"":""hospital""}",1153428276,,,1678530612,,,,,,,,,,,,,,,,,hospital,,,,,,,,,,,,,,,,,,,,,,,,,,,,,,,,,,,,,,,,,,,,,,,,,,,,,,,,,,,,,way,,,,,
,False,1,"{""healthcare"":""hospital""}",1153428508,,,1678530701,,,,,,,,,,,,,,,,,hospital,,,,,,,,,,,,,,,,,,,,,,,,,,,,,,,,,,,,,,,,,,,,,,,,,,,,,,,,,,,,,way,,,,,
,False,1,"{""addr:district"":""Ahmedabad"",""alt_name"":""ENT Surgeon"",""description"":""Dr. Parth Amin is a top-rated ENT specialist in Ahmedabad with over 10 years of experience.\n\nWe offers a variety of ENT services including ear microsurgery, head and neck surgery, throat surgery & nose surgery.\n\nWe have special interest in snoring & sleep"",""emergency"":""yes"",""healthcare"":""hospital"",""healthcare:speciality"":""otolaryngology;nuclear;radiotherapy;urology;gastroenterological_surgery;surgery;general;emergency;dermatology;oncology;plastic_surgery;orthopaedics;neurosurgery"",""image"":""https://lh3.googleusercontent.com/p/AF1QipMw-aTQvDECYcvOClUt8r6RtJ3aFyfOAZTaaG-Q=s1360-w1360-h1020"",""level"":""4"",""loc_name"":""ENT Doctor"",""loc_name:gu"":""kan nak gada na nishnat"",""loc_name:hi"":""kan nak gale ke doctor"",""mobile"":""+91-9725854865"",""operator:type"":""private_for_profit"",""payment:alipay"":""yes"",""payment:american_express"":""yes"",""payment:app"":""yes"",""payment:apple_pay"":""yes"",""payment:bancomat"":""yes"",""payment:blik"":""yes"",""payment:cash"":""yes"",""payment:clipper"":""yes"",""payment:contactless"":""yes"",""payment:credit_cards"":""yes"",""payment:cryptocurrencies"":""yes"",""payment:debit_cards"":""yes"",""payment:diners_club"":""yes"",""payment:discover_card"":""yes"",""payment:dkv"":""yes"",""payment:ep_easycard"":""yes"",""payment:ep_geldkarte"":""yes"",""payment:ep_ipass"":""yes"",""payment:girocard"":""yes"",""payment:google_pay"":""yes"",""payment:jcb"":""yes"",""payment:maestro"":""yes"",""payment:mastercard"":""yes"",""payment:mastercard_contactless"":""yes"",""payment:nfc"":""yes"",""payment:notes"":""yes"",""payment:paypal"":""yes"",""payment:unionpay"":""yes"",""payment:uta"":""yes"",""payment:v_pay"":""yes"",""payment:visa"":""yes"",""payment:visa_debit"":""yes"",""payment:visa_electron"":""yes"",""payment:wechat"":""yes"",""wheelchair"":""yes""}",1324432333,,,1729098807,Ahmedabad,,,"4th Floor, Shaleen Hospital",,380060,,"Sola Gam Road, Sukan Mall Cross Road",aminparth@gmail.com,Dr. Parth Amin (ENT Surgeon) Shaleen Hospital,24/7,Dr. Parth Amin (ENT Specialist),+919512039041,,,https://drparthaminent.com,hospital,,,,,,,,,,,,,,,,,,,,,,,,2014-11-01,,,,,,,,,,,,,,,,,,,,,,,,,,,,,,,,,,,,,way,,,,,
,False,1,"{""healthcare"":""hospital""}",1536778482,,,1783585742,,,,,,,,,,,,,,,,,hospital,,,,,,,,,,,,,,,,,,,,,,,,,,,,,,,,,,,,,,,,,,,,,,,,,,,,,,,,,,,,,way,,,,,
