{
"type": "FeatureCollection",
"name": "restaurants",
"crs": { "type": "name", "properties": { "name": "urn:ogc:def:crs:OGC:1.3:CRS84" } },
"features": [
{ "type": "Feature", "properties": { "lat": 22.9936417, "visible": "False", "version": 4, "tags": { "cuisine": "indian" }, "id": 440339381, "lon": 72.5357058, "changeset": 0.0, "timestamp": 1401369824, "addr:city": null, "addr:country": null, "addr:full": null, "addr:housenumber": null, "addr:housename": null, "addr:postcode": null, "addr:place": null, "addr:street": null, "email": null, "name": "Vishala", "opening_hours": null, "operator": null, "phone": null, "ref": null, "url": null, "website": null, "amenity": "restaurant", "atm": null, "bank": null, "bicycle_parking": null, "bicycle_rental": null, "bar": null, "biergarten": null, "building": null, "building:levels": null, "cafe": null, "drinking_water": null, "fast_food": null, "fountain": null, "fuel": null, "internet_access": null, "landuse": null, "office": null, "parking": null, "police": null, "post_office": null, "restaurant": null, "school": null, "social_facility": null, "source": null, "start_date": null, "taxi": null, "wikipedia": null, "agrarian": null, "alcohol": null, "bag": null, "books": null, "butcher": null, "clothes": null, "computer": null, "craft": null, "furniture": null, "gas": null, "hairdresser": null, "kitchen": null, "massage": null, "medical_supply": null, "motorcycle": null, "organic": null, "outdoor": null, "pet": null, "religion": null, "second_hand": null, "shoes": null, "shop": null, "swimming_pool": null, "trade": null, "wholesale": null, "attraction": null, "camp_site": null, "guest_house": null, "hostel": null, "information": null, "museum": null, "tourism": null, "viewpoint": null, "zoo": null, "osm_type": "node", "spa": null, "fireplace": null, "fishing": null, "security": null, "water": null }, "geometry": { "type": "Point", "coordinates": [ 72.5357058, 22.9936417 ] } },
{ "type": "Feature", "properties": { "lat": 23.0042051, "visible": "False", "version": 2, "tags": null, "id": 440339389, "lon": 72.5397742, "changeset": 0.0, "timestamp": 1248963194, "addr:city": null, "addr:country": null, "addr:full": null, "addr:housenumber": null, "addr:housename": null, "addr:postcode": null, "addr:place": null, "addr:street": null, "email": null, "name": "Rajvadu Restaurant", "opening_hours": null, "operator": null, "phone": null, "ref": null, "url": null, "website": null, "amenity": "restaurant", "atm": null, "bank": null, "bicycle_parking": null, "bicycle_rental": null, "bar": null, "biergarten": null, "building": null, "building:levels": null, "cafe": null, "drinking_water": null, "fast_food": null, "fountain": null, "fuel": null, "internet_access": null, "landuse": null, "office": null, "parking": null, "police": null, "post_office": null, "restaurant": null, "school": null, "social_facility": null, "source": null, "start_date": null, "taxi": null, "wikipedia": null, "agrarian": null, "alcohol": null, "bag": null, "books": null, "butcher": null, "clothes": null, "computer": null, "craft": null, "furniture": null, "gas": null, "hairdresser": null, "kitchen": null, "massage": null, "medical_supply": null, "motorcycle": null, "organic": null, "outdoor": null, "pet": null, "religion": null, "second_hand": null, "shoes": null, "shop": null, "swimming_pool": null, "trade": null, "wholesale": null, "attraction": null, "camp_site": null, "guest_house": null, "hostel": null, "information": null, "museum": null, "tourism": null, "viewpoint": null, "zoo": null, "osm_type": "node", "spa": null, "fireplace": null, "fishing": null, "security": null, "water": null }, "geometry": { "type": "Point", "coordinates": [ 72.5397742, 23.0042051 ] } },
{ "type": "Feature", "properties": { "lat": 23.0648296, "visible": "False", "version": 1, "tags": null, "id": 611573353, "lon": 72.5821405, "changeset": 0.0, "timestamp": 1263197409, "addr:city": null, "addr:country": null, "addr:full": null, "addr:housenumber": null, "addr:housename": null, "addr:postcode": null, "addr:place": null, "addr:street": null, "email": null, "name": null, "opening_hours": null, "operator": null, "phone": null, "ref": null, "url": null, "website": null, "amenity": "restaurant", "atm": null, "bank": null, "bicycle_parking": null, "bicycle_rental": null, "bar": null, "biergarten": null, "building": null, "building:levels": null, "cafe": null, "drinking_water": null, "fast_food": null, "fountain": null, "fuel": null, "internet_access": null, "landuse": null, "office": null, "parking": null, "police": null, "post_office": null, "restaurant": null, "school": null, "social_facility": null, "source": null, "start_date": null, "taxi": null, "wikipedia": null, "agrarian": null, "alcohol": null, "bag": null, "books": null, "butcher": null, "clothes": null, "computer": null, "craft": null, "furniture": null, "gas": null, "hairdresser": null, "kitchen": null, "massage": null, "medical_supply": null, "motorcycle": null, "organic": null, "outdoor": null, "pet": null, "religion": null, "second_hand": null, "shoes": null, "shop": null, "swimming_pool": null, "trade": null, "wholesale": null, "attraction": null, "camp_site": null, "guest_house": null, "hostel": null, "information": null, "museum": null, "tourism": null, "viewpoint": null, "zoo": null, "osm_type": "node", "spa": null, "fireplace": null, "fishing": null, "security": null, "water": null }, "geometry": { "type": "Point", "coordinates": [ 72.5821405, 23.0648296 ] } },
{ "type": "Feature", "properties": { "lat": 23.0227338, "visible": "False", "version": 2, "tags": null, "id": 632066507, "lon": 72.5920852, "changeset": 0.0, "timestamp": 1265559433, "addr:city": null, "addr:country": null, "addr:full": null, "addr:housenumber": null, "addr:housename": null, "addr:postcode": null, "addr:place": null, "addr:street": null, "email": null, "name": "Mangaldas Ni Haveli", "opening_hours": null, "operator": null, "phone": null, "ref": null, "url": null, "website": null, "amenity": "restaurant", "atm": null, "bank": null, "bicycle_parking": null, "bicycle_rental": null, "bar": null, "biergarten": null, "building": null, "building:levels": null, "cafe": null, "drinking_water": null, "fast_food": null, "fountain": null, "fuel": null, "internet_access": null, "landuse": null, "office": null, "parking": null, "police": null, "post_office": null, "restaurant": null, "school": null, "social_facility": null, "source": null, "start_date": null, "taxi": null, "wikipedia": null, "agrarian": null, "alcohol": null, "bag": null, "books": null, "butcher": null, "clothes": null, "computer": null, "craft": null, "furniture": null, "gas": null, "hairdresser": null, "kitchen": null, "massage": null, "medical_supply": null, "motorcycle": null, "organic": null, "outdoor": null, "pet": null, "religion": null, "second_hand": null, "shoes": null, "shop": null, "swimming_pool": null, "trade": null, "wholesale": null, "attraction": null, "camp_site": null, "guest_house": null, "hostel": null, "information": null, "museum": null, "tourism": null, "viewpoint": null, "zoo": null, "osm_type": "node", "spa": null, "fireplace": null, "fishing": null, "security": null, "water": null }, "geometry": { "type": "Point", "coordinates": [ 72.5920852, 23.0227338 ] } },
{ "type": "Feature", "properties": { "lat": 23.0317635, "visible": "False", "version": 3, "tags": { "brand": "McDonald's", "brand:pa": "ਮੈਕਡੋਨਲਡ’ਜ਼", "brand:ur": "مکڈونلڈز", "brand:wikidata": "Q38076", "brand:wikipedia": "en:McDonald's", "brand:wikipedia:pa": "ਮੈਕਡੋਨਲਡ’ਜ਼", "brand:wikipedia:ur": "مکڈونلڈز", "cuisine": "burger", "name:pa": "ਮੈਕਡੋਨਲਡ’ਜ਼", "name:ur": "مکڈونلڈز" }, "id": 695666626, "lon": 72.5701852, "changeset": 0.0, "timestamp": 1644179856, "addr:city": null, "addr:country": null, "addr:full": null, "addr:housenumber": null, "addr:housename": null, "addr:postcode": null, "addr:place": null, "addr:street": null, "email": null, "name": "McDonald's", "opening_hours": null, "operator": null, "phone": null, "ref": null, "url": null, "website": null, "amenity": "fast_food", "atm": null, "bank": null, "bicycle_parking": null, "bicycle_rental": null, "bar": null, "biergarten": null, "building": null, "building:levels": null, "cafe": null, "drinking_water": null, "fast_food": null, "fountain": null, "fuel": null, "internet_access": null, "landuse": null, "office": null, "parking": null, "police": null, "post_office": null, "restaurant": null, "school": null, "social_facility": null, "source": null, "start_date": null, "taxi": null, "wikipedia": null, "agrarian": null, "alcohol": null, "bag": null, "books": null, "butcher": null, "clothes": null, "computer": null, "craft": null, "furniture": null, "gas": null, "hairdresser": null, "kitchen": null, "massage": null, "medical_supply": null, "motorcycle": null, "organic": null, "outdoor": null, "pet": null, "religion": null, "second_hand": null, "shoes": null, "shop": null, "swimming_pool": null, "trade": null, "wholesale": null, "attraction": null, "camp_site": null, "guest_house": null, "hostel": null, "information": null, "museum": null, "tourism": null, "viewpoint": null, "zoo": null, "osm_type": "node", "spa": null, "fireplace": null, "fishing": null, "security": null, "water": null }, "geometry": { "type": "Point", "coordinates": [ 72.5701852, 23.0317635 ] } },
{ "type": "Feature", "properties": { "lat": 23.0422876, "visible": "False", "version": 1, "tags": null, "id": 695666627, "lon": 72.5699576, "changeset": 0.0, "timestamp": 1271184380, "addr:city": null, "addr:country": null, "addr:full": null, "addr:housenumber": null, "addr:housename": null, "addr:postcode": null, "addr:place": null, "addr:street": null, "email": null, "name": "Cyber Cafe", "opening_hours": null, "operator": null, "phone": null, "ref": null, "url": null, "website": null, "amenity": "cafe", "atm": null, "bank": null, "bicycle_parking": null, "bicycle_rental": null, "bar": null, "biergarten": null, "building": null, "building:levels": null, "cafe": null, "drinking_water": null, "fast_food": null, "fountain": null, "fuel": null, "internet_access": null, "landuse": null, "office": null, "parking": null, "police": null, "post_office": null, "restaurant": null, "school": null, "social_facility": null, "source": null, "start_date": null, "taxi": null, "wikipedia": null, "agrarian": null, "alcohol": null, "bag": null, "books": null, "butcher": null, "clothes": null, "computer": null, "craft": null, "furniture": null, "gas": null, "hairdresser": null, "kitchen": null, "massage": null, "medical_supply": null, "motorcycle": null, "organic": null, "outdoor": null, "pet": null, "religion": null, "second_hand": null, "shoes": null, "shop": null, "swimming_pool": null, "trade": null, "wholesale": null, "attraction": null, "camp_site": null, "guest_house": null, "hostel": null, "information": null, "museum": null, "tourism": null, "viewpoint": null, "zoo": null, "osm_type": "node", "spa": null, "fireplace": null, "fishing": null, "security": null, "water": null }, "geometry": { "type": "Point", "coordinates": [ 72.5699576, 23.0422876 ] } },
{ "type": "Feature", "properties": { "lat": 23.0410467, "visible": "False", "version": 1, "tags": null, "id": 1313805176, "lon": 72.5485619, "changeset": 0.0, "timestamp": 1307338457, "addr:city": null, "addr:country": null, "addr:full": null, "addr:housenumber": null, "addr:housename": null, "addr:postcode": null, "addr:place": null, "addr:street": null, "email": null, "name": "Cafe Souq", "opening_hours": null, "operator": null, "phone": null, "ref": null, "url": null, "website": null, "amenity": "restaurant", "atm": null, "bank": null, "bicycle_parking": null, "bicycle_rental": null, "bar": null, "biergarten": null, "building": null, "building:levels": null, "cafe": null, "drinking_water": null, "fast_food": null, "fountain": null, "fuel": null, "internet_access": null, "landuse": null, "office": null, "parking": null, "police": null, "post_office": null, "restaurant": null, "school": null, "social_facility": null, "source": null, "start_date": null, "taxi": null, "wikipedia": null, "agrarian": null, "alcohol": null, "bag": null, "books": null, "butcher": null, "clothes": null, "computer": null, "craft": null, "furniture": null, "gas": null, "hairdresser": null, "kitchen": null, "massage": null, "medical_supply": null, "motorcycle": null, "organic": null, "outdoor": null, "pet": null, "religion": null, "second_hand": null, "shoes": null, "shop": null, "swimming_pool": null, "trade": null, "wholesale": null, "attraction": null, "camp_site": null, "guest_house": null, "hostel": null, "information": null, "museum": null, "tourism": null, "viewpoint": null, "zoo": null, "osm_type": "node", "spa": null, "fireplace": null, "fishing": null, "security": null, "water": null }, "geometry": { "type": "Point", "coordinates": [ 72.5485619, 23.0410467 ] } },
{ "type": "Feature", "properties": { "lat": 23.0407234, "visible": "False", "version": 2, "tags": { "cost:coffee": "$3" }, "id": 1313805177, "lon": 72.5485324, "changeset": 0.0, "timestamp": 1417716167, "addr:city": null, "addr:country": null, "addr:full": null, "addr:housenumber": null, "addr:housename": null, "addr:postcode": null, "addr:place": null, "addr:street": null, "email": null, "name": "Chocolate Room", "opening_hours": null, "operator": null, "phone": null, "ref": null, "url": null, "website": null, "amenity": "cafe", "atm": null, "bank": null, "bicycle_parking": null, "bicycle_rental": null, "bar": null, "biergarten": null, "building": null, "building:levels": null, "cafe": null, "drinking_water": null, "fast_food": null, "fountain": null, "fuel": null, "internet_access": null, "landuse": null, "office": null, "parking": null, "police": null, "post_office": null, "restaurant": null, "school": null, "social_facility": null, "source": null, "start_date": null, "taxi": null, "wikipedia": null, "agrarian": null, "alcohol": null, "bag": null, "books": null, "butcher": null, "clothes": null, "computer": null, "craft": null, "furniture": null, "gas": null, "hairdresser": null, "kitchen": null, "massage": null, "medical_supply": null, "motorcycle": null, "organic": null, "outdoor": null, "pet": null, "religion": null, "second_hand": null, "shoes": null, "shop": null, "swimming_pool": null, "trade": null, "wholesale": null, "attraction": null, "camp_site": null, "guest_house": null, "hostel": null, "information": null, "museum": null, "tourism": null, "viewpoint": null, "zoo": null, "osm_type": "node", "spa": null, "fireplace": null, "fishing": null, "security": null, "water": null }, "geometry": { "type": "Point", "coordinates": [ 72.5485324, 23.0407234 ] } },
{ "type": "Feature", "properties": { "lat": 23.0427079, "visible": "False", "version": 2, "tags": { "cost:coffee": "$2" }, "id": 1313805178, "lon": 72.5494685, "changeset": 0.0, "timestamp": 1417716185, "addr:city": null, "addr:country": null, "addr:full": null, "addr:housenumber": null, "addr:housename": null, "addr:postcode": null, "addr:place": null, "addr:street": null, "email": null, "name": "Barrista, Vijay 4 Roads", "opening_hours": null, "operator": null, "phone": null, "ref": null, "url": null, "website": null, "amenity": "cafe", "atm": null, "bank": null, "bicycle_parking": null, "bicycle_rental": null, "bar": null, "biergarten": null, "building": null, "building:levels": null, "cafe": null, "drinking_water": null, "fast_food": null, "fountain": null, "fuel": null, "internet_access": null, "landuse": null, "office": null, "parking": null, "police": null, "post_office": null, "restaurant": null, "school": null, "social_facility": null, "source": null, "start_date": null, "taxi": null, "wikipedia": null, "agrarian": null, "alcohol": null, "bag": null, "books": null, "butcher": null, "clothes": null, "computer": null, "craft": null, "furniture": null, "gas": null, "hairdresser": null, "kitchen": null, "massage": null, "medical_supply": null, "motorcycle": null, "organic": null, "outdoor": null, "pet": null, "religion": null, "second_hand": null, "shoes": null, "shop": null, "swimming_pool": null, "trade": null, "wholesale": null, "attraction": null, "camp_site": null, "guest_house": null, "hostel": null, "information": null, "museum": null, "tourism": null, "viewpoint": null, "zoo": null, "osm_type": "node", "spa": null, "fireplace": null, "fishing": null, "security": null, "water": null }, "geometry": { "type": "Point", "coordinates": [ 72.5494685, 23.0427079 ] } },
{ "type": "Feature", "properties": { "lat": 23.0312796, "visible": "False", "version": 2, "tags": { "cost:coffee": "$2" }, "id": 1313805179, "lon": 72.5493907, "changeset": 0.0, "timestamp": 1417716102, "addr:city": null, "addr:country": null, "addr:full": null, "addr:housenumber": null, "addr:housename": null, "addr:postcode": null, "addr:place": null, "addr:street": null, "email": null, "name": "Cafe Coffee Day", "opening_hours": null, "operator": null, "phone": null, "ref": null, "url": null, "website": null, "amenity": "cafe", "atm": null, "bank": null, "bicycle_parking": null, "bicycle_rental": null, "bar": null, "biergarten": null, "building": null, "building:levels": null, "cafe": null, "drinking_water": null, "fast_food": null, "fountain": null, "fuel": null, "internet_access": null, "landuse": null, "office": null, "parking": null, "police": null, "post_office": null, "restaurant": null, "school": null, "social_facility": null, "source": null, "start_date": null, "taxi": null, "wikipedia": null, "agrarian": null, "alcohol": null, "bag": null, "books": null, "butcher": null, "clothes": null, "computer": null, "craft": null, "furniture": null, "gas": null, "hairdresser": null, "kitchen": null, "massage": null, "medical_supply": null, "motorcycle": null, "organic": null, "outdoor": null, "pet": null, "religion": null, "second_hand": null, "shoes": null, "shop": null, "swimming_pool": null, "trade": null, "wholesale": null, "attraction": null, "camp_site": null, "guest_house": null, "hostel": null, "information": null, "museum": null, "tourism": null, "viewpoint": null, "zoo": null, "osm_type": "node", "spa": null, "fireplace": null, "fishing": null, "security": null, "water": null }, "geometry": { "type": "Point", "coordinates": [ 72.5493907, 23.0312796 ] } },
{ "type": "Feature", "properties": { "lat": 23.0412121, "visible": "False", "version": 4, "tags": { "capacity": "40", "cuisine": "international", "smoking": "no", "wheelchair": "no" }, "id": 1313805181, "lon": 72.5485673, "changeset": 0.0, "timestamp": 1653384773, "addr:city": "Ahmedabad", "addr:country": null, "addr:full": null, "addr:housenumber": "Aarohi Complex", "addr:housename": null, "addr:postcode": "380009", "addr:place": null, "addr:street": "Vijay Cross Roads", "email": null, "name": "Upper Crust Cafe", "opening_hours": "07:00-23:00", "operator": null, "phone": "91-79-26401554", "ref": null, "url": null, "website": "https://www.cafeuppercrust.com/", "amenity": "restaurant", "atm": null, "bank": null, "bicycle_parking": null, "bicycle_rental": null, "bar": null, "biergarten": null, "building": null, "building:levels": null, "cafe": null, "drinking_water": null, "fast_food": null, "fountain": null, "fuel": null, "internet_access": null, "landuse": null, "office": null, "parking": null, "police": null, "post_office": null, "restaurant": null, "school": null, "social_facility": null, "source": "http://www.cafeuppercrust.com/cafe-uppercrust.php", "start_date": null, "taxi": null, "wikipedia": null, "agrarian": null, "alcohol": null, "bag": null, "books": null, "butcher": null, "clothes": null, "computer": null, "craft": null, "furniture": null, "gas": null, "hairdresser": null, "kitchen": null, "massage": null, "medical_supply": null, "motorcycle": null, "organic": null, "outdoor": null, "pet": null, "religion": null, "second_hand": null, "shoes": null, "shop": null, "swimming_pool": null, "trade": null, "wholesale": null, "attraction": null, "camp_site": null, "guest_house": null, "hostel": null, "information": null, "museum": null, "tourism": null, "viewpoint": null, "zoo": null, "osm_type": "node", "spa": null, "fireplace": null, "fishing": null, "security": null, "water": null }, "geometry": { "type": "Point", "coordinates": [ 72.5485673, 23.0412121 ] } },
{ "type": "Feature", "properties": { "lat": 23.1887134, "visible": "False", "version": 6, "tags": { "int_name": "Cafeteria" }, "id": 1343052725, "lon": 72.6268235, "changeset": 0.0, "timestamp": 1753002966, "addr:city": null, "addr:country": null, "addr:full": null, "addr:housenumber": null, "addr:housename": null, "addr:postcode": null, "addr:place": null, "addr:street": null, "email": null, "name": "Cafeteria", "opening_hours": null, "operator": "DAIICT", "phone": null, "ref": null, "url": null, "website": null, "amenity": "fast_food", "atm": null, "bank": null, "bicycle_parking": null, "bicycle_rental": null, "bar": null, "biergarten": null, "building": null, "building:levels": null, "cafe": null, "drinking_water": null, "fast_food": null, "fountain": null, "fuel": null, "internet_access": null, "landuse": null, "office": null, "parking": null, "police": null, "post_office": null, "restaurant": null, "school": null, "social_facility": null, "source": null, "start_date": null, "taxi": null, "wikipedia": null, "agrarian": null, "alcohol": null, "bag": null, "books": null, "butcher": null, "clothes": null, "computer": null, "craft": null, "furniture": null, "gas": null, "hairdresser": null, "kitchen": null, "massage": null, "medical_supply": null, "motorcycle": null, "organic": null, "outdoor": null, "pet": null, "religion": null, "second_hand": null, "shoes": null, "shop": null, "swimming_pool": null, "trade": null, "wholesale": null, "attraction": null, "camp_site": null, "guest_house": null, "hostel": null, "information": null, "museum": null, "tourism": null, "viewpoint": null, "zoo": null, "osm_type": "node", "spa": null, "fireplace": null, "fishing": null, "security": null, "water": null }, "geometry": { "type": "Point", "coordinates": [ 72.6268235, 23.1887134 ] } },
{ "type": "Feature", "properties": { "lat": 23.0120603, "visible": "False", "version": 2, "tags": { "cost:coffee": "$2", "cuisine": "indian", "wifi": "yes" }, "id": 1429887846, "lon": 72.5691606, "changeset": 0.0, "timestamp": 1417716116, "addr:city": null, "addr:country": null, "addr:full": null, "addr:housenumber": null, "addr:housename": null, "addr:postcode": null, "addr:place": null, "addr:street": null, "email": null, "name": "Chai Gate!!!", "opening_hours": null, "operator": null, "phone": null, "ref": null, "url": null, "website": null, "amenity": "cafe", "atm": null, "bank": null, "bicycle_parking": null, "bicycle_rental": null, "bar": null, "biergarten": null, "building": null, "building:levels": null, "cafe": null, "drinking_water": null, "fast_food": null, "fountain": null, "fuel": null, "internet_access": null, "landuse": null, "office": null, "parking": null, "police": null, "post_office": null, "restaurant": null, "school": null, "social_facility": null, "source": null, "start_date": null, "taxi": null, "wikipedia": null, "agrarian": null, "alcohol": null, "bag": null, "books": null, "butcher": null, "clothes": null, "computer": null, "craft": null, "furniture": null, "gas": null, "hairdresser": null, "kitchen": null, "massage": null, "medical_supply": null, "motorcycle": null, "organic": null, "outdoor": null, "pet": null, "religion": null, "second_hand": null, "shoes": null, "shop": null, "swimming_pool": null, "trade": null, "wholesale": null, "attraction": null, "camp_site": null, "guest_house": null, "hostel": null, "information": null, "museum": null, "tourism": null, "viewpoint": null, "zoo": null, "osm_type": "node", "spa": null, "fireplace": null, "fishing": null, "security": null, "water": null }, "geometry": { "type": "Point", "coordinates": [ 72.5691606, 23.0120603 ] } },
{ "type": "Feature", "properties": { "lat": 23.0116852, "visible": "False", "version": 1, "tags": null, "id": 1561520723, "lon": 72.568823, "changeset": 0.0, "timestamp": 1324821499, "addr:city": null, "addr:country": null, "addr:full": null, "addr:housenumber": null, "addr:housename": null, "addr:postcode": null, "addr:place": null, "addr:street": null, "email": null, "name": "Amul", "opening_hours": null, "operator": null, "phone": null, "ref": null, "url": null, "website": null, "amenity": "fast_food", "atm": null, "bank": null, "bicycle_parking": null, "bicycle_rental": null, "bar": null, "biergarten": null, "building": null, "building:levels": null, "cafe": null, "drinking_water": null, "fast_food": null, "fountain": null, "fuel": null, "internet_access": null, "landuse": null, "office": null, "parking": null, "police": null, "post_office": null, "restaurant": null, "school": null, "social_facility": null, "source": null, "start_date": null, "taxi": null, "wikipedia": null, "agrarian": null, "alcohol": null, "bag": null, "books": null, "butcher": null, "clothes": null, "computer": null, "craft": null, "furniture": null, "gas": null, "hairdresser": null, "kitchen": null, "massage": null, "medical_supply": null, "motorcycle": null, "organic": null, "outdoor": null, "pet": null, "religion": null, "second_hand": null, "shoes": null, "shop": null, "swimming_pool": null, "trade": null, "wholesale": null, "attraction": null, "camp_site": null, "guest_house": null, "hostel": null, "information": null, "museum": null, "tourism": null, "viewpoint": null, "zoo": null, "osm_type": "node", "spa": null, "fireplace": null, "fishing": null, "security": null, "water": null }, "geometry": { "type": "Point", "coordinates": [ 72.568823, 23.0116852 ] } },
{ "type": "Feature", "properties": { "lat": 23.0457522, "visible": "False", "version": 1, "tags": null, "id": 1779118412, "lon": 72.5524611, "changeset": 0.0, "timestamp": 1339070032, "addr:city": null, "addr:country": null, "addr:full": null, "addr:housenumber": null, "addr:housename": null, "addr:postcode": null, "addr:place": null, "addr:street": null, "email": null, "name": "Dinner Bell", "opening_hours": null, "operator": null, "phone": null, "ref": null, "url": null, "website": null, "amenity": "restaurant", "atm": null, "bank": null, "bicycle_parking": null, "bicycle_rental": null, "bar": null, "biergarten": null, "building": null, "building:levels": null, "cafe": null, "drinking_water": null, "fast_food": null, "fountain": null, "fuel": null, "internet_access": null, "landuse": null, "office": null, "parking": null, "police": null, "post_office": null, "restaurant": null, "school": null, "social_facility": null, "source": null, "start_date": null, "taxi": null, "wikipedia": null, "agrarian": null, "alcohol": null, "bag": null, "books": null, "butcher": null, "clothes": null, "computer": null, "craft": null, "furniture": null, "gas": null, "hairdresser": null, "kitchen": null, "massage": null, "medical_supply": null, "motorcycle": null, "organic": null, "outdoor": null, "pet": null, "religion": null, "second_hand": null, "shoes": null, "shop": null, "swimming_pool": null, "trade": null, "wholesale": null, "attraction": null, "camp_site": null, "guest_house": null, "hostel": null, "information": null, "museum": null, "tourism": null, "viewpoint": null, "zoo": null, "osm_type": "node", "spa": null, "fireplace": null, "fishing": null, "security": null, "water": null }, "geometry": { "type": "Point", "coordinates": [ 72.5524611, 23.0457522 ] } },
{ "type": "Feature", "properties": { "lat": 23.0376713, "visible": "False", "version": 1, "tags": { "cuisine": "italian" }, "id": 1964926897, "lon": 72.565775, "changeset": 0.0, "timestamp": 1350230632, "addr:city": null, "addr:country": null, "addr:full": null, "addr:housenumber": null, "addr:housename": null, "addr:postcode": null, "addr:place": null, "addr:street": null, "email": null, "name": "Havmor Restaurant", "opening_hours": null, "operator": "indian&international", "phone": null, "ref": null, "url": null, "website": null, "amenity": "restaurant", "atm": null, "bank": null, "bicycle_parking": null, "bicycle_rental": null, "bar": null, "biergarten": null, "building": null, "building:levels": null, "cafe": null, "drinking_water": null, "fast_food": null, "fountain": null, "fuel": null, "internet_access": null, "landuse": null, "office": null, "parking": null, "police": null, "post_office": null, "restaurant": null, "school": null, "social_facility": null, "source": null, "start_date": null, "taxi": null, "wikipedia": null, "agrarian": null, "alcohol": null, "bag": null, "books": null, "butcher": null, "clothes": null, "computer": null, "craft": null, "furniture": null, "gas": null, "hairdresser": null, "kitchen": null, "massage": null, "medical_supply": null, "motorcycle": null, "organic": null, "outdoor": null, "pet": null, "religion": null, "second_hand": null, "shoes": null, "shop": null, "swimming_pool": null, "trade": null, "wholesale": null, "attraction": null, "camp_site": null, "guest_house": null, "hostel": null, "information": null, "museum": null, "tourism": null, "viewpoint": null, "zoo": null, "osm_type": "node", "spa": null, "fireplace": null, "fishing": null, "security": null, "water": null }, "geometry": { "type": "Point", "coordinates": [ 72.565775, 23.0376713 ] } },
{ "type": "Feature", "properties": { "lat": 23.0328812, "visible": "False", "version": 2, "tags": { "cuisine": "ice_cream" }, "id": 1973440767, "lon": 72.5655478, "changeset": 0.0, "timestamp": 1698177873, "addr:city": null, "addr:country": null, "addr:full": null, "addr:housenumber": null, "addr:housename": "Shri Krishna Centre", "addr:postcode": "380009", "addr:place": null, "addr:street": "Law Garden Road", "email": null, "name": "Natural Ice Cream", "opening_hours": null, "operator": null, "phone": null, "ref": null, "url": null, "website": "https://naturalicecreams.in/", "amenity": "fast_food", "atm": null, "bank": null, "bicycle_parking": null, "bicycle_rental": null, "bar": null, "biergarten": null, "building": null, "building:levels": null, "cafe": null, "drinking_water": null, "fast_food": null, "fountain": null, "fuel": null, "internet_access": null, "landuse": null, "office": null, "parking": null, "police": null, "post_office": null, "restaurant": null, "school": null, "social_facility": null, "source": null, "start_date": null, "taxi": null, "wikipedia": null, "agrarian": null, "alcohol": null, "bag": null, "books": null, "butcher": null, "clothes": null, "computer": null, "craft": null, "furniture": null, "gas": null, "hairdresser": null, "kitchen": null, "massage": null, "medical_supply": null, "motorcycle": null, "organic": null, "outdoor": null, "pet": null, "religion": null, "second_hand": null, "shoes": null, "shop": null, "swimming_pool": null, "trade": null, "wholesale": null, "attraction": null, "camp_site": null, "guest_house": null, "hostel": null, "information": null, "museum": null, "tourism": null, "viewpoint": null, "zoo": null, "osm_type": "node", "spa": null, "fireplace": null, "fishing": null, "security": null, "water": null }, "geometry": { "type": "Point", "coordinates": [ 72.5655478, 23.0328812 ] } },
{ "type": "Feature", "properties": { "lat": 23.0270378, "visible": "False", "version": 4, "tags": { "cuisine": "regional" }, "id": 1973442552, "lon": 72.5816167, "changeset": 0.0, "timestamp": 1551755152, "addr:city": null, "addr:country": null, "addr:full": null, "addr:housenumber": null, "addr:housename": "The House of MG", "addr:postcode": null, "addr:place": null, "addr:street": null, "email": null, "name": "Agashiye Restaurant", "opening_hours": null, "operator": null, "phone": null, "ref": null, "url": null, "website": "https://houseofmg.com/", "amenity": "restaurant", "atm": null, "bank": null, "bicycle_parking": null, "bicycle_rental": null, "bar": null, "biergarten": null, "building": null, "building:levels": null, "cafe": null, "drinking_water": null, "fast_food": null, "fountain": null, "fuel": null, "internet_access": null, "landuse": null, "office": null, "parking": null, "police": null, "post_office": null, "restaurant": null, "school": null, "social_facility": null, "source": "local_knowledge", "start_date": null, "taxi": null, "wikipedia": null, "agrarian": null, "alcohol": null, "bag": null, "books": null, "butcher": null, "clothes": null, "computer": null, "craft": null, "furniture": null, "gas": null, "hairdresser": null, "kitchen": null, "massage": null, "medical_supply": null, "motorcycle": null, "organic": null, "outdoor": null, "pet": null, "religion": null, "second_hand": null, "shoes": null, "shop": null, "swimming_pool": null, "trade": null, "wholesale": null, "attraction": null, "camp_site": null, "guest_house": null, "hostel": null, "information": null, "museum": null, "tourism": null, "viewpoint": null, "zoo": null, "osm_type": "node", "spa": null, "fireplace": null, "fishing": null, "security": null, "water": null }, "geometry": { "type": "Point", "coordinates": [ 72.5816167, 23.0270378 ] } },
{ "type": "Feature", "properties": { "lat": 23.0847638, "visible": "False", "version": 6, "tags": { "capacity": "50", "diet:vegetarian": "only", "smoking": "no" }, "id": 2211694435, "lon": 72.5647629, "changeset": 0.0, "timestamp": 1606774724, "addr:city": null, "addr:country": null, "addr:full": null, "addr:housenumber": null, "addr:housename": null, "addr:postcode": "382480", "addr:place": null, "addr:street": "GST Crossing", "email": null, "name": "Food Temple", "opening_hours": null, "operator": null, "phone": null, "ref": null, "url": null, "website": null, "amenity": "restaurant", "atm": null, "bank": null, "bicycle_parking": null, "bicycle_rental": null, "bar": null, "biergarten": null, "building": null, "building:levels": null, "cafe": null, "drinking_water": null, "fast_food": null, "fountain": null, "fuel": null, "internet_access": null, "landuse": null, "office": null, "parking": null, "police": null, "post_office": null, "restaurant": null, "school": null, "social_facility": null, "source": null, "start_date": null, "taxi": null, "wikipedia": null, "agrarian": null, "alcohol": null, "bag": null, "books": null, "butcher": null, "clothes": null, "computer": null, "craft": null, "furniture": null, "gas": null, "hairdresser": null, "kitchen": null, "massage": null, "medical_supply": null, "motorcycle": null, "organic": null, "outdoor": null, "pet": null, "religion": null, "second_hand": null, "shoes": null, "shop": null, "swimming_pool": null, "trade": null, "wholesale": null, "attraction": null, "camp_site": null, "guest_house": null, "hostel": null, "information": null, "museum": null, "tourism": null, "viewpoint": null, "zoo": null, "osm_type": "node", "spa": null, "fireplace": null, "fishing": null, "security": null, "water": null }, "geometry": { "type": "Point", "coordinates": [ 72.5647629, 23.0847638 ] } },
{ "type": "Feature", "properties": { "lat": 23.0523024, "visible": "False", "version": 1, "tags": null, "id": 2376626693, "lon": 72.4998803, "changeset": 0.0, "timestamp": 1373153294, "addr:city": null, "addr:country": null, "addr:full": null, "addr:housenumber": null, "addr:housename": null, "addr:postcode": null, "addr:place": null, "addr:street": null, "email": null, "name": "Black Salt", "opening_hours": null, "operator": null, "phone": null, "ref": null, "url": null, "website": null, "amenity": "restaurant", "atm": null, "bank": null, "bicycle_parking": null, "bicycle_rental": null, "bar": null, "biergarten": null, "building": null, "building:levels": null, "cafe": null, "drinking_water": null, "fast_food": null, "fountain": null, "fuel": null, "internet_access": null, "landuse": null, "office": null, "parking": null, "police": null, "post_office": null, "restaurant": null, "school": null, "social_facility": null, "source": null, "start_date": null, "taxi": null, "wikipedia": null, "agrarian": null, "alcohol": null, "bag": null, "books": null, "butcher": null, "clothes": null, "computer": null, "craft": null, "furniture": null, "gas": null, "hairdresser": null, "kitchen": null, "massage": null, "medical_supply": null, "motorcycle": null, "organic": null, "outdoor": null, "pet": null, "religion": null, "second_hand": null, "shoes": null, "shop": null, "swimming_pool": null, "trade": null, "wholesale": null, "attraction": null, "camp_site": null, "guest_house": null, "hostel": null, "information": null, "museum": null, "tourism": null, "viewpoint": null, "zoo": null, "osm_type": "node", "spa": null, "fireplace": null, "fishing": null, "security": null, "water": null }, "geometry": { "type": "Point", "coordinates": [ 72.4998803, 23.0523024 ] } },
{ "type": "Feature", "properties": { "lat": 23.0272633, "visible": "False", "version": 5, "tags": { "capacity": "60", "check_date": "2023-10-22", "cuisine": "regional", "payment:credit_cards": "yes", "payment:debit_cards": "yes", "smoking": "outside" }, "id": 2377178378, "lon": 72.5816108, "changeset": 0.0, "timestamp": 1697961304, "addr:city": "Ahmedabad", "addr:country": null, "addr:full": null, "addr:housenumber": null, "addr:housename": null, "addr:postcode": "380001", "addr:place": null, "addr:street": "Opposite Sidi Saiyad Jali", "email": null, "name": "Green House Restaurant", "opening_hours": "Mo-Su 7:00-22:00", "operator": null, "phone": null, "ref": null, "url": null, "website": null, "amenity": "restaurant", "atm": null, "bank": null, "bicycle_parking": null, "bicycle_rental": null, "bar": null, "biergarten": null, "building": null, "building:levels": null, "cafe": null, "drinking_water": null, "fast_food": null, "fountain": null, "fuel": null, "internet_access": null, "landuse": null, "office": null, "parking": null, "police": null, "post_office": null, "restaurant": null, "school": null, "social_facility": null, "source": null, "start_date": null, "taxi": null, "wikipedia": null, "agrarian": null, "alcohol": null, "bag": null, "books": null, "butcher": null, "clothes": null, "computer": null, "craft": null, "furniture": null, "gas": null, "hairdresser": null, "kitchen": null, "massage": null, "medical_supply": null, "motorcycle": null, "organic": null, "outdoor": null, "pet": null, "religion": null, "second_hand": null, "shoes": null, "shop": null, "swimming_pool": null, "trade": null, "wholesale": null, "attraction": null, "camp_site": null, "guest_house": null, "hostel": null, "information": null, "museum": null, "tourism": null, "viewpoint": null, "zoo": null, "osm_type": "node", "spa": null, "fireplace": null, "fishing": null, "security": null, "water": null }, "geometry": { "type": "Point", "coordinates": [ 72.5816108, 23.0272633 ] } },
{ "type": "Feature", "properties": { "lat": 23.0674245, "visible": "False", "version": 2, "tags": { "cuisine": "Punjabi,_SouthIndia,_Gujarati Thali.", "historic": "monument", "name:en": "AKHBAR NAGAR CIRCLE" }, "id": 2477174077, "lon": 72.5645716, "changeset": 0.0, "timestamp": 1687762808, "addr:city": null, "addr:country": null, "addr:full": null, "addr:housenumber": null, "addr:housename": null, "addr:postcode": null, "addr:place": null, "addr:street": null, "email": null, "name": "Vrundavan Restaurant;AKHBAR NAGAR CIRCLE", "opening_hours": null, "operator": null, "phone": null, "ref": null, "url": null, "website": null, "amenity": "restaurant", "atm": null, "bank": null, "bicycle_parking": null, "bicycle_rental": null, "bar": null, "biergarten": null, "building": null, "building:levels": null, "cafe": null, "drinking_water": null, "fast_food": null, "fountain": null, "fuel": null, "internet_access": null, "landuse": null, "office": null, "parking": null, "police": null, "post_office": null, "restaurant": null, "school": null, "social_facility": null, "source": null, "start_date": null, "taxi": null, "wikipedia": null, "agrarian": null, "alcohol": null, "bag": null, "books": null, "butcher": null, "clothes": null, "computer": null, "craft": null, "furniture": null, "gas": null, "hairdresser": null, "kitchen": null, "massage": null, "medical_supply": null, "motorcycle": null, "organic": null, "outdoor": null, "pet": null, "religion": null, "second_hand": null, "shoes": null, "shop": null, "swimming_pool": null, "trade": null, "wholesale": null, "attraction": null, "camp_site": null, "guest_house": null, "hostel": null, "information": null, "museum": null, "tourism": null, "viewpoint": null, "zoo": null, "osm_type": "node", "spa": null, "fireplace": null, "fishing": null, "security": null, "water": null }, "geometry": { "type": "Point", "coordinates": [ 72.5645716, 23.0674245 ] } },
{ "type": "Feature", "properties": { "lat": 23.1964319, "visible": "False", "version": 2, "tags": { "cuisine": "Gujarati" }, "id": 2679948361, "lon": 72.6328106, "changeset": 0.0, "timestamp": 1566012163, "addr:city": "Gandhinagar", "addr:country": null, "addr:full": null, "addr:housenumber": "148-A", "addr:housename": "1st Floor, Super Mall 2", "addr:postcode": "382009", "addr:place": null, "addr:street": "NH8C", "email": null, "name": "Ken's Koffee Plus Plus", "opening_hours": "09:30-21:30", "operator": null, "phone": "+91 8758637922", "ref": null, "url": null, "website": null, "amenity": "cafe", "atm": null, "bank": null, "bicycle_parking": null, "bicycle_rental": null, "bar": null, "biergarten": null, "building": null, "building:levels": null, "cafe": null, "drinking_water": null, "fast_food": null, "fountain": null, "fuel": null, "internet_access": "yes", "landuse": null, "office": null, "parking": null, "police": null, "post_office": null, "restaurant": null, "school": null, "social_facility": null, "source": null, "start_date": null, "taxi": null, "wikipedia": null, "agrarian": null, "alcohol": null, "bag": null, "books": null, "butcher": null, "clothes": null, "computer": null, "craft": null, "furniture": null, "gas": null, "hairdresser": null, "kitchen": null, "massage": null, "medical_supply": null, "motorcycle": null, "organic": null, "outdoor": null, "pet": null, "religion": null, "second_hand": null, "shoes": null, "shop": null, "swimming_pool": null, "trade": null, "wholesale": null, "attraction": null, "camp_site": null, "guest_house": null, "hostel": null, "information": null, "museum": null, "tourism": null, "viewpoint": null, "zoo": null, "osm_type": "node", "spa": null, "fireplace": null, "fishing": null, "security": null, "water": null }, "geometry": { "type": "Point", "coordinates": [ 72.6328106, 23.1964319 ] } },
{ "type": "Feature", "properties": { "lat": 23.0212619, "visible": "False", "version": 1, "tags": { "cuisine": "pizza" }, "id": 2908966984, "lon": 72.543503, "changeset": 0.0, "timestamp": 1402401674, "addr:city": "Ahmedabad", "addr:country": null, "addr:full": null, "addr:housenumber": null, "addr:housename": null, "addr:postcode": null, "addr:place": null, "addr:street": "Nehrunagar", "email": null, "name": "Real Paprika", "opening_hours": null, "operator": null, "phone": null, "ref": null, "url": null, "website": null, "amenity": "restaurant", "atm": null, "bank": null, "bicycle_parking": null, "bicycle_rental": null, "bar": null, "biergarten": null, "building": null, "building:levels": null, "cafe": null, "drinking_water": null, "fast_food": null, "fountain": null, "fuel": null, "internet_access": null, "landuse": null, "office": null, "parking": null, "police": null, "post_office": null, "restaurant": null, "school": null, "social_facility": null, "source": null, "start_date": null, "taxi": null, "wikipedia": null, "agrarian": null, "alcohol": null, "bag": null, "books": null, "butcher": null, "clothes": null, "computer": null, "craft": null, "furniture": null, "gas": null, "hairdresser": null, "kitchen": null, "massage": null, "medical_supply": null, "motorcycle": null, "organic": null, "outdoor": null, "pet": null, "religion": null, "second_hand": null, "shoes": null, "shop": null, "swimming_pool": null, "trade": null, "wholesale": null, "attraction": null, "camp_site": null, "guest_house": null, "hostel": null, "information": null, "museum": null, "tourism": null, "viewpoint": null, "zoo": null, "osm_type": "node", "spa": null, "fireplace": null, "fishing": null, "security": null, "water": null }, "geometry": { "type": "Point", "coordinates": [ 72.543503, 23.0212619 ] } },
{ "type": "Feature", "properties": { "lat": 23.0200882, "visible": "False", "version": 2, "tags": { "cuisine": "regional", "smoking": "outside" }, "id": 3204975264, "lon": 72.5860331, "changeset": 0.0, "timestamp": 1418725660, "addr:city": "Ahmedabad", "addr:country": null, "addr:full": null, "addr:housenumber": null, "addr:housename": null, "addr:postcode": "380001", "addr:place": null, "addr:street": null, "email": null, "name": "Gol Limbda Bhajiya and Nashta House", "opening_hours": "06:30-21:30", "operator": null, "phone": null, "ref": null, "url": null, "website": null, "amenity": "fast_food", "atm": null, "bank": null, "bicycle_parking": null, "bicycle_rental": null, "bar": null, "biergarten": null, "building": null, "building:levels": null, "cafe": null, "drinking_water": null, "fast_food": null, "fountain": null, "fuel": null, "internet_access": null, "landuse": null, "office": null, "parking": null, "police": null, "post_office": null, "restaurant": null, "school": null, "social_facility": null, "source": null, "start_date": null, "taxi": null, "wikipedia": null, "agrarian": null, "alcohol": null, "bag": null, "books": null, "butcher": null, "clothes": null, "computer": null, "craft": null, "furniture": null, "gas": null, "hairdresser": null, "kitchen": null, "massage": null, "medical_supply": null, "motorcycle": null, "organic": null, "outdoor": null, "pet": null, "religion": null, "second_hand": null, "shoes": null, "shop": null, "swimming_pool": null, "trade": null, "wholesale": null, "attraction": null, "camp_site": null, "guest_house": null, "hostel": null, "information": null, "museum": null, "tourism": null, "viewpoint": null, "zoo": null, "osm_type": "node", "spa": null, "fireplace": null, "fishing": null, "security": null, "water": null }, "geometry": { "type": "Point", "coordinates": [ 72.5860331, 23.0200882 ] } },
{ "type": "Feature", "properties": { "lat": 23.0362229, "visible": "False", "version": 2, "tags": { "cuisine": "coffee;snack", "internet_access:fee": "no", "smoking": "yes", "wheelchair": "yes" }, "id": 3239361169, "lon": 72.5494261, "changeset": 0.0, "timestamp": 1681218545, "addr:city": null, "addr:country": null, "addr:full": null, "addr:housenumber": null, "addr:housename": null, "addr:postcode": null, "addr:place": null, "addr:street": null, "email": null, "name": "Zen Cafe", "opening_hours": "16:00-20:00", "operator": null, "phone": null, "ref": null, "url": null, "website": null, "amenity": "cafe", "atm": null, "bank": null, "bicycle_parking": null, "bicycle_rental": null, "bar": null, "biergarten": null, "building": null, "building:levels": null, "cafe": null, "drinking_water": null, "fast_food": null, "fountain": null, "fuel": null, "internet_access": "no", "landuse": null, "office": null, "parking": null, "police": null, "post_office": null, "restaurant": null, "school": null, "social_facility": null, "source": null, "start_date": null, "taxi": null, "wikipedia": null, "agrarian": null, "alcohol": null, "bag": null, "books": null, "butcher": null, "clothes": null, "computer": null, "craft": null, "furniture": null, "gas": null, "hairdresser": null, "kitchen": null, "massage": null, "medical_supply": null, "motorcycle": null, "organic": null, "outdoor": null, "pet": null, "religion": null, "second_hand": null, "shoes": null, "shop": null, "swimming_pool": null, "trade": null, "wholesale": null, "attraction": null, "camp_site": null, "guest_house": null, "hostel": null, "information": null, "museum": null, "tourism": null, "viewpoint": null, "zoo": null, "osm_type": "node", "spa": null, "fireplace": null, "fishing": null, "security": null, "water": null }, "geometry": { "type": "Point", "coordinates": [ 72.5494261, 23.0362229 ] } },
{ "type": "Feature", "properties": { "lat": 23.0480405, "visible": "False", "version": 2, "tags": { "cuisine": "regional" }, "id": 3241011933, "lon": 72.526862, "changeset": 0.0, "timestamp": 1502981811, "addr:city": "ahmedabad", "addr:country": null, "addr:full": null, "addr:housenumber": null, "addr:housename": null, "addr:postcode": null, "addr:place": null, "addr:street": null, "email": null, "name": "Barbeque Nation", "opening_hours": null, "operator": null, "phone": null, "ref": null, "url": null, "website": null, "amenity": "restaurant", "atm": null, "bank": null, "bicycle_parking": null, "bicycle_rental": null, "bar": null, "biergarten": null, "building": null, "building:levels": null, "cafe": null, "drinking_water": null, "fast_food": null, "fountain": null, "fuel": null, "internet_access": null, "landuse": null, "office": null, "parking": null, "police": null, "post_office": null, "restaurant": null, "school": null, "social_facility": null, "source": null, "start_date": null, "taxi": null, "wikipedia": null, "agrarian": null, "alcohol": null, "bag": null, "books": null, "butcher": null, "clothes": null, "computer": null, "craft": null, "furniture": null, "gas": null, "hairdresser": null, "kitchen": null, "massage": null, "medical_supply": null, "motorcycle": null, "organic": null, "outdoor": null, "pet": null, "religion": null, "second_hand": null, "shoes": null, "shop": null, "swimming_pool": null, "trade": null, "wholesale": null, "attraction": null, "camp_site": null, "guest_house": null, "hostel": null, "information": null, "museum": null, "tourism": null, "viewpoint": null, "zoo": null, "osm_type": "node", "spa": null, "fireplace": null, "fishing": null, "security": null, "water": null }, "geometry": { "type": "Point", "coordinates": [ 72.526862, 23.0480405 ] } },
{ "type": "Feature", "properties": { "lat": 23.0329764, "visible": "False", "version": 3, "tags": { "brand": "Cafe Coffee Day", "brand:wikidata": "Q5017235", "cuisine": "coffee_shop", "internet_access:fee": "no", "smoking": "no", "takeaway": "yes", "wheelchair": "no" }, "id": 3242226330, "lon": 72.5600005, "changeset": 0.0, "timestamp": 1681218513, "addr:city": null, "addr:country": null, "addr:full": null, "addr:housenumber": null, "addr:housename": null, "addr:postcode": null, "addr:place": null, "addr:street": null, "email": null, "name": "Cafe Coffee Day", "opening_hours": "Mo-Su 09:00-23:00", "operator": "Cafe Coffee Day", "phone": "+91 93776 19151", "ref": null, "url": null, "website": "https://www.cafecoffeeday.com/", "amenity": "cafe", "atm": null, "bank": null, "bicycle_parking": null, "bicycle_rental": null, "bar": null, "biergarten": null, "building": null, "building:levels": null, "cafe": null, "drinking_water": null, "fast_food": null, "fountain": null, "fuel": null, "internet_access": "no", "landuse": null, "office": null, "parking": null, "police": null, "post_office": null, "restaurant": null, "school": null, "social_facility": null, "source": null, "start_date": null, "taxi": null, "wikipedia": null, "agrarian": null, "alcohol": null, "bag": null, "books": null, "butcher": null, "clothes": null, "computer": null, "craft": null, "furniture": null, "gas": null, "hairdresser": null, "kitchen": null, "massage": null, "medical_supply": null, "motorcycle": null, "organic": null, "outdoor": null, "pet": null, "religion": null, "second_hand": null, "shoes": null, "shop": null, "swimming_pool": null, "trade": null, "wholesale": null, "attraction": null, "camp_site": null, "guest_house": null, "hostel": null, "information": null, "museum": null, "tourism": null, "viewpoint": null, "zoo": null, "osm_type": "node", "spa": null, "fireplace": null, "fishing": null, "security": null, "water": null }, "geometry": { "type": "Point", "coordinates": [ 72.5600005, 23.0329764 ] } },
{ "type": "Feature", "properties": { "lat": 23.0423379, "visible": "False", "version": 3, "tags": { "delivery": "yes", "takeaway": "yes" }, "id": 3293763762, "lon": 72.549193, "changeset": 0.0, "timestamp": 1638975255, "addr:city": null, "addr:country": null, "addr:full": null, "addr:housenumber": null, "addr:housename": null, "addr:postcode": null, "addr:place": null, "addr:street": null, "email": null, "name": "Shreeji krupa vadapav", "opening_hours": "Mo-Su 10:00-22:00", "operator": null, "phone": null, "ref": null, "url": null, "website": null, "amenity": "fast_food", "atm": null, "bank": null, "bicycle_parking": null, "bicycle_rental": null, "bar": null, "biergarten": null, "building": null, "building:levels": null, "cafe": null, "drinking_water": null, "fast_food": null, "fountain": null, "fuel": null, "internet_access": null, "landuse": null, "office": null, "parking": null, "police": null, "post_office": null, "restaurant": null, "school": null, "social_facility": null, "source": null, "start_date": null, "taxi": null, "wikipedia": null, "agrarian": null, "alcohol": null, "bag": null, "books": null, "butcher": null, "clothes": null, "computer": null, "craft": null, "furniture": null, "gas": null, "hairdresser": null, "kitchen": null, "massage": null, "medical_supply": null, "motorcycle": null, "organic": null, "outdoor": null, "pet": null, "religion": null, "second_hand": null, "shoes": null, "shop": null, "swimming_pool": null, "trade": null, "wholesale": null, "attraction": null, "camp_site": null, "guest_house": null, "hostel": null, "information": null, "museum": null, "tourism": null, "viewpoint": null, "zoo": null, "osm_type": "node", "spa": null, "fireplace": null, "fishing": null, "security": null, "water": null }, "geometry": { "type": "Point", "coordinates": [ 72.549193, 23.0423379 ] } },
{ "type": "Feature", "properties": { "lat": 23.0423816, "visible": "False", "version": 6, "tags": { "brand": "McDonald's", "brand:pa": "ਮੈਕਡੋਨਲਡ’ਜ਼", "brand:ur": "مکڈونلڈز", "brand:wikidata": "Q38076", "brand:wikipedia": "en:McDonald's", "brand:wikipedia:pa": "ਮੈਕਡੋਨਲਡ’ਜ਼", "brand:wikipedia:ur": "مکڈونلڈز", "cuisine": "burger", "name:pa": "ਮੈਕਡੋਨਲਡ’ਜ਼", "name:ur": "مکڈونلڈز", "takeaway": "yes" }, "id": 3293792062, "lon": 72.5486525, "changeset": 0.0, "timestamp": 1644179856, "addr:city": null, "addr:country": null, "addr:full": null, "addr:housenumber": null, "addr:housename": null, "addr:postcode": null, "addr:place": null, "addr:street": "120 Feet Ring Road", "email": null, "name": "McDonald's", "opening_hours": "24/7", "operator": null, "phone": null, "ref": null, "url": null, "website": null, "amenity": "fast_food", "atm": null, "bank": null, "bicycle_parking": null, "bicycle_rental": null, "bar": null, "biergarten": null, "building": null, "building:levels": null, "cafe": null, "drinking_water": null, "fast_food": null, "fountain": null, "fuel": null, "internet_access": null, "landuse": null, "office": null, "parking": null, "police": null, "post_office": null, "restaurant": null, "school": null, "social_facility": null, "source": null, "start_date": null, "taxi": null, "wikipedia": null, "agrarian": null, "alcohol": null, "bag": null, "books": null, "butcher": null, "clothes": null, "computer": null, "craft": null, "furniture": null, "gas": null, "hairdresser": null, "kitchen": null, "massage": null, "medical_supply": null, "motorcycle": null, "organic": null, "outdoor": null, "pet": null, "religion": null, "second_hand": null, "shoes": null, "shop": null, "swimming_pool": null, "trade": null, "wholesale": null, "attraction": null, "camp_site": null, "guest_house": null, "hostel": null, "information": null, "museum": null, "tourism": null, "viewpoint": null, "zoo": null, "osm_type": "node", "spa": null, "fireplace": null, "fishing": null, "security": null, "water": null }, "geometry": { "type": "Point", "coordinates": [ 72.5486525, 23.0423816 ] } },
{ "type": "Feature", "properties": { "lat": 23.0426757, "visible": "False", "version": 2, "tags": { "cuisine": "ice_cream" }, "id": 3294081761, "lon": 72.5492422, "changeset": 0.0, "timestamp": 1434800093, "addr:city": null, "addr:country": null, "addr:full": null, "addr:housenumber": null, "addr:housename": null, "addr:postcode": null, "addr:place": null, "addr:street": "120 Feet Ring Road", "email": null, "name": "Asharfilal Kulfi", "opening_hours": "24/7", "operator": null, "phone": null, "ref": null, "url": null, "website": null, "amenity": "fast_food", "atm": null, "bank": null, "bicycle_parking": null, "bicycle_rental": null, "bar": null, "biergarten": null, "building": null, "building:levels": null, "cafe": null, "drinking_water": null, "fast_food": null, "fountain": null, "fuel": null, "internet_access": null, "landuse": null, "office": null, "parking": null, "police": null, "post_office": null, "restaurant": null, "school": null, "social_facility": null, "source": null, "start_date": null, "taxi": null, "wikipedia": null, "agrarian": null, "alcohol": null, "bag": null, "books": null, "butcher": null, "clothes": null, "computer": null, "craft": null, "furniture": null, "gas": null, "hairdresser": null, "kitchen": null, "massage": null, "medical_supply": null, "motorcycle": null, "organic": null, "outdoor": null, "pet": null, "religion": null, "second_hand": null, "shoes": null, "shop": null, "swimming_pool": null, "trade": null, "wholesale": null, "attraction": null, "camp_site": null, "guest_house": null, "hostel": null, "information": null, "museum": null, "tourism": null, "viewpoint": null, "zoo": null, "osm_type": "node", "spa": null, "fireplace": null, "fishing": null, "security": null, "water": null }, "geometry": { "type": "Point", "coordinates": [ 72.5492422, 23.0426757 ] } },
{ "type": "Feature", "properties": { "lat": 23.0246187, "visible": "False", "version": 1, "tags": { "cuisine": "ice_cream" }, "id": 3306683246, "lon": 72.5828928, "changeset": 0.0, "timestamp": 1422052042, "addr:city": null, "addr:country": null, "addr:full": null, "addr:housenumber": null, "addr:housename": null, "addr:postcode": null, "addr:place": null, "addr:street": null, "email": null, "name": "Ghandi Cold Drink House", "opening_hours": null, "operator": null, "phone": null, "ref": null, "url": null, "website": null, "amenity": "cafe", "atm": null, "bank": null, "bicycle_parking": null, "bicycle_rental": null, "bar": null, "biergarten": null, "building": null, "building:levels": null, "cafe": null, "drinking_water": null, "fast_food": null, "fountain": null, "fuel": null, "internet_access": null, "landuse": null, "office": null, "parking": null, "police": null, "post_office": null, "restaurant": null, "school": null, "social_facility": null, "source": null, "start_date": null, "taxi": null, "wikipedia": null, "agrarian": null, "alcohol": null, "bag": null, "books": null, "butcher": null, "clothes": null, "computer": null, "craft": null, "furniture": null, "gas": null, "hairdresser": null, "kitchen": null, "massage": null, "medical_supply": null, "motorcycle": null, "organic": null, "outdoor": null, "pet": null, "religion": null, "second_hand": null, "shoes": null, "shop": null, "swimming_pool": null, "trade": null, "wholesale": null, "attraction": null, "camp_site": null, "guest_house": null, "hostel": null, "information": null, "museum": null, "tourism": null, "viewpoint": null, "zoo": null, "osm_type": "node", "spa": null, "fireplace": null, "fishing": null, "security": null, "water": null }, "geometry": { "type": "Point", "coordinates": [ 72.5828928, 23.0246187 ] } },
{ "type": "Feature", "properties": { "lat": 23.027562, "visible": "False", "version": 2, "tags": null, "id": 3306683251, "lon": 72.5811204, "changeset": 0.0, "timestamp": 1423652956, "addr:city": null, "addr:country": null, "addr:full": null, "addr:housenumber": null, "addr:housename": null, "addr:postcode": null, "addr:place": null, "addr:street": null, "email": null, "name": "Lucky Tea Shop", "opening_hours": null, "operator": null, "phone": null, "ref": null, "url": null, "website": null, "amenity": "fast_food", "atm": null, "bank": null, "bicycle_parking": null, "bicycle_rental": null, "bar": null, "biergarten": null, "building": null, "building:levels": null, "cafe": null, "drinking_water": null, "fast_food": null, "fountain": null, "fuel": null, "internet_access": null, "landuse": null, "office": null, "parking": null, "police": null, "post_office": null, "restaurant": null, "school": null, "social_facility": null, "source": null, "start_date": null, "taxi": null, "wikipedia": null, "agrarian": null, "alcohol": null, "bag": null, "books": null, "butcher": null, "clothes": null, "computer": null, "craft": null, "furniture": null, "gas": null, "hairdresser": null, "kitchen": null, "massage": null, "medical_supply": null, "motorcycle": null, "organic": null, "outdoor": null, "pet": null, "religion": null, "second_hand": null, "shoes": null, "shop": null, "swimming_pool": null, "trade": null, "wholesale": null, "attraction": null, "camp_site": null, "guest_house": null, "hostel": null, "information": null, "museum": null, "tourism": null, "viewpoint": null, "zoo": null, "osm_type": "node", "spa": null, "fireplace": null, "fishing": null, "security": null, "water": null }, "geometry": { "type": "Point", "coordinates": [ 72.5811204, 23.027562 ] } },
{ "type": "Feature", "properties": { "lat": 23.0552316, "visible": "False", "version": 1, "tags": null, "id": 3306683254, "lon": 72.5908571, "changeset": 0.0, "timestamp": 1422052042, "addr:city": null, "addr:country": null, "addr:full": null, "addr:housenumber": null, "addr:housename": null, "addr:postcode": null, "addr:place": null, "addr:street": null, "email": null, "name": "Naeeka", "opening_hours": null, "operator": null, "phone": null, "ref": null, "url": null, "website": null, "amenity": "restaurant", "atm": null, "bank": null, "bicycle_parking": null, "bicycle_rental": null, "bar": null, "biergarten": null, "building": null, "building:levels": null, "cafe": null, "drinking_water": null, "fast_food": null, "fountain": null, "fuel": null, "internet_access": null, "landuse": null, "office": null, "parking": null, "police": null, "post_office": null, "restaurant": null, "school": null, "social_facility": null, "source": null, "start_date": null, "taxi": null, "wikipedia": null, "agrarian": null, "alcohol": null, "bag": null, "books": null, "butcher": null, "clothes": null, "computer": null, "craft": null, "furniture": null, "gas": null, "hairdresser": null, "kitchen": null, "massage": null, "medical_supply": null, "motorcycle": null, "organic": null, "outdoor": null, "pet": null, "religion": null, "second_hand": null, "shoes": null, "shop": null, "swimming_pool": null, "trade": null, "wholesale": null, "attraction": null, "camp_site": null, "guest_house": null, "hostel": null, "information": null, "museum": null, "tourism": "hotel", "viewpoint": null, "zoo": null, "osm_type": "node", "spa": null, "fireplace": null, "fishing": null, "security": null, "water": null }, "geometry": { "type": "Point", "coordinates": [ 72.5908571, 23.0552316 ] } },
{ "type": "Feature", "properties": { "lat": 23.0248713, "visible": "False", "version": 1, "tags": null, "id": 3306683255, "lon": 72.5829376, "changeset": 0.0, "timestamp": 1422052043, "addr:city": null, "addr:country": null, "addr:full": null, "addr:housenumber": null, "addr:housename": null, "addr:postcode": null, "addr:place": null, "addr:street": null, "email": null, "name": "Nishat", "opening_hours": null, "operator": null, "phone": null, "ref": null, "url": null, "website": null, "amenity": "restaurant", "atm": null, "bank": null, "bicycle_parking": null, "bicycle_rental": null, "bar": null, "biergarten": null, "building": null, "building:levels": null, "cafe": null, "drinking_water": null, "fast_food": null, "fountain": null, "fuel": null, "internet_access": null, "landuse": null, "office": null, "parking": null, "police": null, "post_office": null, "restaurant": null, "school": null, "social_facility": null, "source": null, "start_date": null, "taxi": null, "wikipedia": null, "agrarian": null, "alcohol": null, "bag": null, "books": null, "butcher": null, "clothes": null, "computer": null, "craft": null, "furniture": null, "gas": null, "hairdresser": null, "kitchen": null, "massage": null, "medical_supply": null, "motorcycle": null, "organic": null, "outdoor": null, "pet": null, "religion": null, "second_hand": null, "shoes": null, "shop": null, "swimming_pool": null, "trade": null, "wholesale": null, "attraction": null, "camp_site": null, "guest_house": null, "hostel": null, "information": null, "museum": null, "tourism": null, "viewpoint": null, "zoo": null, "osm_type": "node", "spa": null, "fireplace": null, "fishing": null, "security": null, "water": null }, "geometry": { "type": "Point", "coordinates": [ 72.5829376, 23.0248713 ] } },
{ "type": "Feature", "properties": { "lat": 23.0248607, "visible": "False", "version": 1, "tags": null, "id": 3306683256, "lon": 72.5830856, "changeset": 0.0, "timestamp": 1422052043, "addr:city": null, "addr:country": null, "addr:full": null, "addr:housenumber": null, "addr:housename": null, "addr:postcode": null, "addr:place": null, "addr:street": null, "email": null, "name": "Nishat", "opening_hours": null, "operator": null, "phone": null, "ref": null, "url": null, "website": null, "amenity": "restaurant", "atm": null, "bank": null, "bicycle_parking": null, "bicycle_rental": null, "bar": null, "biergarten": null, "building": null, "building:levels": null, "cafe": null, "drinking_water": null, "fast_food": null, "fountain": null, "fuel": null, "internet_access": null, "landuse": null, "office": null, "parking": null, "police": null, "post_office": null, "restaurant": null, "school": null, "social_facility": null, "source": null, "start_date": null, "taxi": null, "wikipedia": null, "agrarian": null, "alcohol": null, "bag": null, "books": null, "butcher": null, "clothes": null, "computer": null, "craft": null, "furniture": null, "gas": null, "hairdresser": null, "kitchen": null, "massage": null, "medical_supply": null, "motorcycle": null, "organic": null, "outdoor": null, "pet": null, "religion": null, "second_hand": null, "shoes": null, "shop": null, "swimming_pool": null, "trade": null, "wholesale": null, "attraction": null, "camp_site": null, "guest_house": null, "hostel": null, "information": null, "museum": null, "tourism": null, "viewpoint": null, "zoo": null, "osm_type": "node", "spa": null, "fireplace": null, "fishing": null, "security": null, "water": null }, "geometry": { "type": "Point", "coordinates": [ 72.5830856, 23.0248607 ] } },
{ "type": "Feature", "properties": { "lat": 23.0245678, "visible": "False", "version": 1, "tags": null, "id": 3306683257, "lon": 72.5823659, "changeset": 0.0, "timestamp": 1422052043, "addr:city": null, "addr:country": null, "addr:full": null, "addr:housenumber": null, "addr:housename": null, "addr:postcode": null, "addr:place": null, "addr:street": null, "email": null, "name": "Paramount", "opening_hours": null, "operator": null, "phone": null, "ref": null, "url": null, "website": null, "amenity": "restaurant", "atm": null, "bank": null, "bicycle_parking": null, "bicycle_rental": null, "bar": null, "biergarten": null, "building": null, "building:levels": null, "cafe": null, "drinking_water": null, "fast_food": null, "fountain": null, "fuel": null, "internet_access": null, "landuse": null, "office": null, "parking": null, "police": null, "post_office": null, "restaurant": null, "school": null, "social_facility": null, "source": null, "start_date": null, "taxi": null, "wikipedia": null, "agrarian": null, "alcohol": null, "bag": null, "books": null, "butcher": null, "clothes": null, "computer": null, "craft": null, "furniture": null, "gas": null, "hairdresser": null, "kitchen": null, "massage": null, "medical_supply": null, "motorcycle": null, "organic": null, "outdoor": null, "pet": null, "religion": null, "second_hand": null, "shoes": null, "shop": null, "swimming_pool": null, "trade": null, "wholesale": null, "attraction": null, "camp_site": null, "guest_house": null, "hostel": null, "information": null, "museum": null, "tourism": null, "viewpoint": null, "zoo": null, "osm_type": "node", "spa": null, "fireplace": null, "fishing": null, "security": null, "water": null }, "geometry": { "type": "Point", "coordinates": [ 72.5823659, 23.0245678 ] } },
{ "type": "Feature", "properties": { "lat": 23.0263181, "visible": "False", "version": 1, "tags": { "internet_access:fee": "yes" }, "id": 3306683649, "lon": 72.5830356, "changeset": 0.0, "timestamp": 1422052047, "addr:city": null, "addr:country": null, "addr:full": null, "addr:housenumber": null, "addr:housename": null, "addr:postcode": null, "addr:place": null, "addr:street": null, "email": null, "name": "Relief Cyber Cafe", "opening_hours": null, "operator": null, "phone": null, "ref": null, "url": null, "website": null, "amenity": "cafe", "atm": null, "bank": null, "bicycle_parking": null, "bicycle_rental": null, "bar": null, "biergarten": null, "building": null, "building:levels": null, "cafe": null, "drinking_water": null, "fast_food": null, "fountain": null, "fuel": null, "internet_access": "yes", "landuse": null, "office": null, "parking": null, "police": null, "post_office": null, "restaurant": null, "school": null, "social_facility": null, "source": null, "start_date": null, "taxi": null, "wikipedia": null, "agrarian": null, "alcohol": null, "bag": null, "books": null, "butcher": null, "clothes": null, "computer": null, "craft": null, "furniture": null, "gas": null, "hairdresser": null, "kitchen": null, "massage": null, "medical_supply": null, "motorcycle": null, "organic": null, "outdoor": null, "pet": null, "religion": null, "second_hand": null, "shoes": null, "shop": null, "swimming_pool": null, "trade": null, "wholesale": null, "attraction": null, "camp_site": null, "guest_house": null, "hostel": null, "information": null, "museum": null, "tourism": null, "viewpoint": null, "zoo": null, "osm_type": "node", "spa": null, "fireplace": null, "fishing": null, "security": null, "water": null }, "geometry": { "type": "Point", "coordinates": [ 72.5830356, 23.0263181 ] } },
{ "type": "Feature", "properties": { "lat": 23.0206812, "visible": "False", "version": 1, "tags": null, "id": 3426621651, "lon": 72.5540845, "changeset": 0.0, "timestamp": 1427718688, "addr:city": null, "addr:country": null, "addr:full": null, "addr:housenumber": null, "addr:housename": null, "addr:postcode": null, "addr:place": null, "addr:street": null, "email": null, "name": "Jasuben Pizza", "opening_hours": null, "operator": null, "phone": null, "ref": null, "url": null, "website": null, "amenity": "fast_food", "atm": null, "bank": null, "bicycle_parking": null, "bicycle_rental": null, "bar": null, "biergarten": null, "building": null, "building:levels": null, "cafe": null, "drinking_water": null, "fast_food": null, "fountain": null, "fuel": null, "internet_access": null, "landuse": null, "office": null, "parking": null, "police": null, "post_office": null, "restaurant": null, "school": null, "social_facility": null, "source": null, "start_date": null, "taxi": null, "wikipedia": null, "agrarian": null, "alcohol": null, "bag": null, "books": null, "butcher": null, "clothes": null, "computer": null, "craft": null, "furniture": null, "gas": null, "hairdresser": null, "kitchen": null, "massage": null, "medical_supply": null, "motorcycle": null, "organic": null, "outdoor": null, "pet": null, "religion": null, "second_hand": null, "shoes": null, "shop": null, "swimming_pool": null, "trade": null, "wholesale": null, "attraction": null, "camp_site": null, "guest_house": null, "hostel": null, "information": null, "museum": null, "tourism": null, "viewpoint": null, "zoo": null, "osm_type": "node", "spa": null, "fireplace": null, "fishing": null, "security": null, "water": null }, "geometry": { "type": "Point", "coordinates": [ 72.5540845, 23.0206812 ] } },
{ "type": "Feature", "properties": { "lat": 23.1862186, "visible": "False", "version": 1, "tags": null, "id": 3459655264, "lon": 72.6329653, "changeset": 0.0, "timestamp": 1429199020, "addr:city": null, "addr:country": null, "addr:full": null, "addr:housenumber": null, "addr:housename": null, "addr:postcode": null, "addr:place": null, "addr:street": null, "email": null, "name": "Canteen", "opening_hours": null, "operator": null, "phone": null, "ref": null, "url": null, "website": null, "amenity": "restaurant", "atm": null, "bank": null, "bicycle_parking": null, "bicycle_rental": null, "bar": null, "biergarten": null, "building": null, "building:levels": null, "cafe": null, "drinking_water": null, "fast_food": null, "fountain": null, "fuel": null, "internet_access": null, "landuse": null, "office": null, "parking": null, "police": null, "post_office": null, "restaurant": null, "school": null, "social_facility": null, "source": null, "start_date": null, "taxi": null, "wikipedia": null, "agrarian": null, "alcohol": null, "bag": null, "books": null, "butcher": null, "clothes": null, "computer": null, "craft": null, "furniture": null, "gas": null, "hairdresser": null, "kitchen": null, "massage": null, "medical_supply": null, "motorcycle": null, "organic": null, "outdoor": null, "pet": null, "religion": null, "second_hand": null, "shoes": null, "shop": null, "swimming_pool": null, "trade": null, "wholesale": null, "attraction": null, "camp_site": null, "guest_house": null, "hostel": null, "information": null, "museum": null, "tourism": null, "viewpoint": null, "zoo": null, "osm_type": "node", "spa": null, "fireplace": null, "fishing": null, "security": null, "water": null }, "geometry": { "type": "Point", "coordinates": [ 72.6329653, 23.1862186 ] } },
{ "type": "Feature", "properties": { "lat": 23.0839448, "visible": "False", "version": 1, "tags": { "cuisine": "regional", "delivery": "no", "takeaway": "yes" }, "id": 3500459658, "lon": 72.5892158, "changeset": 0.0, "timestamp": 1430895043, "addr:city": null, "addr:country": null, "addr:full": null, "addr:housenumber": null, "addr:housename": null, "addr:postcode": null, "addr:place": null, "addr:street": null, "email": null, "name": "MAHARAJ Food Corner", "opening_hours": null, "operator": null, "phone": null, "ref": null, "url": null, "website": null, "amenity": "fast_food", "atm": null, "bank": null, "bicycle_parking": null, "bicycle_rental": null, "bar": null, "biergarten": null, "building": null, "building:levels": null, "cafe": null, "drinking_water": null, "fast_food": null, "fountain": null, "fuel": null, "internet_access": null, "landuse": null, "office": null, "parking": null, "police": null, "post_office": null, "restaurant": null, "school": null, "social_facility": null, "source": null, "start_date": null, "taxi": null, "wikipedia": null, "agrarian": null, "alcohol": null, "bag": null, "books": null, "butcher": null, "clothes": null, "computer": null, "craft": null, "furniture": null, "gas": null, "hairdresser": null, "kitchen": null, "massage": null, "medical_supply": null, "motorcycle": null, "organic": null, "outdoor": null, "pet": null, "religion": null, "second_hand": null, "shoes": null, "shop": null, "swimming_pool": null, "trade": null, "wholesale": null, "attraction": null, "camp_site": null, "guest_house": null, "hostel": null, "information": null, "museum": null, "tourism": null, "viewpoint": null, "zoo": null, "osm_type": "node", "spa": null, "fireplace": null, "fishing": null, "security": null, "water": null }, "geometry": { "type": "Point", "coordinates": [ 72.5892158, 23.0839448 ] } },
{ "type": "Feature", "properties": { "lat": 23.0342579, "visible": "False", "version": 1, "tags": null, "id": 3776238973, "lon": 72.5609251, "changeset": 0.0, "timestamp": 1444209668, "addr:city": null, "addr:country": null, "addr:full": null, "addr:housenumber": null, "addr:housename": null, "addr:postcode": null, "addr:place": null, "addr:street": null, "email": null, "name": "waah", "opening_hours": null, "operator": null, "phone": null, "ref": null, "url": null, "website": null, "amenity": "restaurant", "atm": null, "bank": null, "bicycle_parking": null, "bicycle_rental": null, "bar": null, "biergarten": null, "building": null, "building:levels": null, "cafe": null, "drinking_water": null, "fast_food": null, "fountain": null, "fuel": null, "internet_access": null, "landuse": null, "office": null, "parking": null, "police": null, "post_office": null, "restaurant": null, "school": null, "social_facility": null, "source": null, "start_date": null, "taxi": null, "wikipedia": null, "agrarian": null, "alcohol": null, "bag": null, "books": null, "butcher": null, "clothes": null, "computer": null, "craft": null, "furniture": null, "gas": null, "hairdresser": null, "kitchen": null, "massage": null, "medical_supply": null, "motorcycle": null, "organic": null, "outdoor": null, "pet": null, "religion": null, "second_hand": null, "shoes": null, "shop": null, "swimming_pool": null, "trade": null, "wholesale": null, "attraction": null, "camp_site": null, "guest_house": null, "hostel": null, "information": null, "museum": null, "tourism": null, "viewpoint": null, "zoo": null, "osm_type": "node", "spa": null, "fireplace": null, "fishing": null, "security": null, "water": null }, "geometry": { "type": "Point", "coordinates": [ 72.5609251, 23.0342579 ] } },
{ "type": "Feature", "properties": { "lat": 23.0342641, "visible": "False", "version": 1, "tags": { "cuisine": "regional" }, "id": 3776238974, "lon": 72.5608446, "changeset": 0.0, "timestamp": 1444209668, "addr:city": null, "addr:country": null, "addr:full": null, "addr:housenumber": null, "addr:housename": null, "addr:postcode": null, "addr:place": null, "addr:street": null, "email": null, "name": "havmor", "opening_hours": null, "operator": null, "phone": null, "ref": null, "url": null, "website": null, "amenity": "restaurant", "atm": null, "bank": null, "bicycle_parking": null, "bicycle_rental": null, "bar": null, "biergarten": null, "building": null, "building:levels": null, "cafe": null, "drinking_water": null, "fast_food": null, "fountain": null, "fuel": null, "internet_access": null, "landuse": null, "office": null, "parking": null, "police": null, "post_office": null, "restaurant": null, "school": null, "social_facility": null, "source": null, "start_date": null, "taxi": null, "wikipedia": null, "agrarian": null, "alcohol": null, "bag": null, "books": null, "butcher": null, "clothes": null, "computer": null, "craft": null, "furniture": null, "gas": null, "hairdresser": null, "kitchen": null, "massage": null, "medical_supply": null, "motorcycle": null, "organic": null, "outdoor": null, "pet": null, "religion": null, "second_hand": null, "shoes": null, "shop": null, "swimming_pool": null, "trade": null, "wholesale": null, "attraction": null, "camp_site": null, "guest_house": null, "hostel": null, "information": null, "museum": null, "tourism": null, "viewpoint": null, "zoo": null, "osm_type": "node", "spa": null, "fireplace": null, "fishing": null, "security": null, "water": null }, "geometry": { "type": "Point", "coordinates": [ 72.5608446, 23.0342641 ] } },
{ "type": "Feature", "properties": { "lat": 23.0344715, "visible": "False", "version": 1, "tags": null, "id": 3776238976, "lon": 72.5611879, "changeset": 0.0, "timestamp": 1444209668, "addr:city": null, "addr:country": null, "addr:full": null, "addr:housenumber": null, "addr:housename": null, "addr:postcode": null, "addr:place": null, "addr:street": null, "email": null, "name": null, "opening_hours": null, "operator": null, "phone": null, "ref": null, "url": null, "website": null, "amenity": "restaurant", "atm": null, "bank": null, "bicycle_parking": null, "bicycle_rental": null, "bar": null, "biergarten": null, "building": null, "building:levels": null, "cafe": null, "drinking_water": null, "fast_food": null, "fountain": null, "fuel": null, "internet_access": null, "landuse": null, "office": null, "parking": null, "police": null, "post_office": null, "restaurant": null, "school": null, "social_facility": null, "source": null, "start_date": null, "taxi": null, "wikipedia": null, "agrarian": null, "alcohol": null, "bag": null, "books": null, "butcher": null, "clothes": null, "computer": null, "craft": null, "furniture": null, "gas": null, "hairdresser": null, "kitchen": null, "massage": null, "medical_supply": null, "motorcycle": null, "organic": null, "outdoor": null, "pet": null, "religion": null, "second_hand": null, "shoes": null, "shop": null, "swimming_pool": null, "trade": null, "wholesale": null, "attraction": null, "camp_site": null, "guest_house": null, "hostel": null, "information": null, "museum": null, "tourism": null, "viewpoint": null, "zoo": null, "osm_type": "node", "spa": null, "fireplace": null, "fishing": null, "security": null, "water": null }, "geometry": { "type": "Point", "coordinates": [ 72.5611879, 23.0344715 ] } },
{ "type": "Feature", "properties": { "lat": 23.0344517, "visible": "False", "version": 1, "tags": { "cuisine": "pizza" }, "id": 3776238977, "lon": 72.5612536, "changeset": 0.0, "timestamp": 1444209668, "addr:city": null, "addr:country": null, "addr:full": null, "addr:housenumber": null, "addr:housename": null, "addr:postcode": null, "addr:place": null, "addr:street": null, "email": null, "name": "choice", "opening_hours": null, "operator": null, "phone": null, "ref": null, "url": null, "website": null, "amenity": "restaurant", "atm": null, "bank": null, "bicycle_parking": null, "bicycle_rental": null, "bar": null, "biergarten": null, "building": null, "building:levels": null, "cafe": null, "drinking_water": null, "fast_food": null, "fountain": null, "fuel": null, "internet_access": null, "landuse": null, "office": null, "parking": null, "police": null, "post_office": null, "restaurant": null, "school": null, "social_facility": null, "source": null, "start_date": null, "taxi": null, "wikipedia": null, "agrarian": null, "alcohol": null, "bag": null, "books": null, "butcher": null, "clothes": null, "computer": null, "craft": null, "furniture": null, "gas": null, "hairdresser": null, "kitchen": null, "massage": null, "medical_supply": null, "motorcycle": null, "organic": null, "outdoor": null, "pet": null, "religion": null, "second_hand": null, "shoes": null, "shop": null, "swimming_pool": null, "trade": null, "wholesale": null, "attraction": null, "camp_site": null, "guest_house": null, "hostel": null, "information": null, "museum": null, "tourism": null, "viewpoint": null, "zoo": null, "osm_type": "node", "spa": null, "fireplace": null, "fishing": null, "security": null, "water": null }, "geometry": { "type": "Point", "coordinates": [ 72.5612536, 23.0344517 ] } },
{ "type": "Feature", "properties": { "lat": 23.0358422, "visible": "False", "version": 2, "tags": null, "id": 3776238978, "lon": 72.5617312, "changeset": 0.0, "timestamp": 1522042527, "addr:city": null, "addr:country": null, "addr:full": null, "addr:housenumber": null, "addr:housename": null, "addr:postcode": null, "addr:place": null, "addr:street": null, "email": null, "name": "chocolate room", "opening_hours": null, "operator": null, "phone": null, "ref": null, "url": null, "website": null, "amenity": "cafe", "atm": null, "bank": null, "bicycle_parking": null, "bicycle_rental": null, "bar": null, "biergarten": null, "building": null, "building:levels": null, "cafe": null, "drinking_water": null, "fast_food": null, "fountain": null, "fuel": null, "internet_access": null, "landuse": null, "office": null, "parking": null, "police": null, "post_office": null, "restaurant": null, "school": null, "social_facility": null, "source": null, "start_date": null, "taxi": null, "wikipedia": null, "agrarian": null, "alcohol": null, "bag": null, "books": null, "butcher": null, "clothes": null, "computer": null, "craft": null, "furniture": null, "gas": null, "hairdresser": null, "kitchen": null, "massage": null, "medical_supply": null, "motorcycle": null, "organic": null, "outdoor": null, "pet": null, "religion": null, "second_hand": null, "shoes": null, "shop": null, "swimming_pool": null, "trade": null, "wholesale": null, "attraction": null, "camp_site": null, "guest_house": null, "hostel": null, "information": null, "museum": null, "tourism": null, "viewpoint": null, "zoo": null, "osm_type": "node", "spa": null, "fireplace": null, "fishing": null, "security": null, "water": null }, "geometry": { "type": "Point", "coordinates": [ 72.5617312, 23.0358422 ] } },
{ "type": "Feature", "properties": { "lat": 23.0342345, "visible": "False", "version": 1, "tags": null, "id": 3776238979, "lon": 72.5610096, "changeset": 0.0, "timestamp": 1444209668, "addr:city": null, "addr:country": null, "addr:full": null, "addr:housenumber": null, "addr:housename": null, "addr:postcode": null, "addr:place": null, "addr:street": null, "email": null, "name": "purohit", "opening_hours": null, "operator": null, "phone": null, "ref": null, "url": null, "website": null, "amenity": "restaurant", "atm": null, "bank": null, "bicycle_parking": null, "bicycle_rental": null, "bar": null, "biergarten": null, "building": null, "building:levels": null, "cafe": null, "drinking_water": null, "fast_food": null, "fountain": null, "fuel": null, "internet_access": null, "landuse": null, "office": null, "parking": null, "police": null, "post_office": null, "restaurant": null, "school": null, "social_facility": null, "source": null, "start_date": null, "taxi": null, "wikipedia": null, "agrarian": null, "alcohol": null, "bag": null, "books": null, "butcher": null, "clothes": null, "computer": null, "craft": null, "furniture": null, "gas": null, "hairdresser": null, "kitchen": null, "massage": null, "medical_supply": null, "motorcycle": null, "organic": null, "outdoor": null, "pet": null, "religion": null, "second_hand": null, "shoes": null, "shop": null, "swimming_pool": null, "trade": null, "wholesale": null, "attraction": null, "camp_site": null, "guest_house": null, "hostel": null, "information": null, "museum": null, "tourism": null, "viewpoint": null, "zoo": null, "osm_type": "node", "spa": null, "fireplace": null, "fishing": null, "security": null, "water": null }, "geometry": { "type": "Point", "coordinates": [ 72.5610096, 23.0342345 ] } },
{ "type": "Feature", "properties": { "lat": 23.0245018, "visible": "False", "version": 2, "tags": { "brand": "Cafe Coffee Day", "brand:wikidata": "Q5017235", "cuisine": "coffee_shop", "takeaway": "yes" }, "id": 4199023903, "lon": 72.5073318, "changeset": 0.0, "timestamp": 1716271362, "addr:city": null, "addr:country": null, "addr:full": null, "addr:housenumber": null, "addr:housename": null, "addr:postcode": null, "addr:place": null, "addr:street": null, "email": null, "name": "Cafe Coffee Day", "opening_hours": null, "operator": null, "phone": null, "ref": null, "url": null, "website": null, "amenity": "cafe", "atm": null, "bank": null, "bicycle_parking": null, "bicycle_rental": null, "bar": null, "biergarten": null, "building": null, "building:levels": null, "cafe": null, "drinking_water": null, "fast_food": null, "fountain": null, "fuel": null, "internet_access": null, "landuse": null, "office": null, "parking": null, "police": null, "post_office": null, "restaurant": null, "school": null, "social_facility": null, "source": null, "start_date": null, "taxi": null, "wikipedia": null, "agrarian": null, "alcohol": null, "bag": null, "books": null, "butcher": null, "clothes": null, "computer": null, "craft": null, "furniture": null, "gas": null, "hairdresser": null, "kitchen": null, "massage": null, "medical_supply": null, "motorcycle": null, "organic": null, "outdoor": null, "pet": null, "religion": null, "second_hand": null, "shoes": null, "shop": null, "swimming_pool": null, "trade": null, "wholesale": null, "attraction": null, "camp_site": null, "guest_house": null, "hostel": null, "information": null, "museum": null, "tourism": null, "viewpoint": null, "zoo": null, "osm_type": "node", "spa": null, "fireplace": null, "fishing": null, "security": null, "water": null }, "geometry": { "type": "Point", "coordinates": [ 72.5073318, 23.0245018 ] } },
{ "type": "Feature", "properties": { "lat": 23.0385865, "visible": "False", "version": 2, "tags": { "diet:vegetarian": "yes" }, "id": 4199023904, "lon": 72.5126614, "changeset": 0.0, "timestamp": 1607645291, "addr:city": null, "addr:country": null, "addr:full": null, "addr:housenumber": null, "addr:housename": null, "addr:postcode": null, "addr:place": null, "addr:street": null, "email": null, "name": "Honest", "opening_hours": null, "operator": null, "phone": null, "ref": null, "url": null, "website": null, "amenity": "restaurant", "atm": null, "bank": null, "bicycle_parking": null, "bicycle_rental": null, "bar": null, "biergarten": null, "building": null, "building:levels": null, "cafe": null, "drinking_water": null, "fast_food": null, "fountain": null, "fuel": null, "internet_access": null, "landuse": null, "office": null, "parking": null, "police": null, "post_office": null, "restaurant": null, "school": null, "social_facility": null, "source": null, "start_date": null, "taxi": null, "wikipedia": null, "agrarian": null, "alcohol": null, "bag": null, "books": null, "butcher": null, "clothes": null, "computer": null, "craft": null, "furniture": null, "gas": null, "hairdresser": null, "kitchen": null, "massage": null, "medical_supply": null, "motorcycle": null, "organic": null, "outdoor": null, "pet": null, "religion": null, "second_hand": null, "shoes": null, "shop": null, "swimming_pool": null, "trade": null, "wholesale": null, "attraction": null, "camp_site": null, "guest_house": null, "hostel": null, "information": null, "museum": null, "tourism": null, "viewpoint": null, "zoo": null, "osm_type": "node", "spa": null, "fireplace": null, "fishing": null, "security": null, "water": null }, "geometry": { "type": "Point", "coordinates": [ 72.5126614, 23.0385865 ] } },
{ "type": "Feature", "properties": { "lat": 23.0385075, "visible": "False", "version": 3, "tags": { "brand": "Subway", "brand:pa": "ਸਬਵੇਅ", "brand:ur": "سب وے", "brand:wikidata": "Q244457", "brand:wikipedia": "en:Subway (restaurant)", "cuisine": "sandwich", "name:pa": "ਸਬਵੇਅ", "name:ur": "سب وے", "takeaway": "yes" }, "id": 4199023905, "lon": 72.512884, "changeset": 0.0, "timestamp": 1644180497, "addr:city": null, "addr:country": null, "addr:full": null, "addr:housenumber": null, "addr:housename": null, "addr:postcode": null, "addr:place": null, "addr:street": null, "email": null, "name": "Subway", "opening_hours": null, "operator": null, "phone": null, "ref": null, "url": null, "website": null, "amenity": "fast_food", "atm": null, "bank": null, "bicycle_parking": null, "bicycle_rental": null, "bar": null, "biergarten": null, "building": null, "building:levels": null, "cafe": null, "drinking_water": null, "fast_food": null, "fountain": null, "fuel": null, "internet_access": null, "landuse": null, "office": null, "parking": null, "police": null, "post_office": null, "restaurant": null, "school": null, "social_facility": null, "source": null, "start_date": null, "taxi": null, "wikipedia": null, "agrarian": null, "alcohol": null, "bag": null, "books": null, "butcher": null, "clothes": null, "computer": null, "craft": null, "furniture": null, "gas": null, "hairdresser": null, "kitchen": null, "massage": null, "medical_supply": null, "motorcycle": null, "organic": null, "outdoor": null, "pet": null, "religion": null, "second_hand": null, "shoes": null, "shop": null, "swimming_pool": null, "trade": null, "wholesale": null, "attraction": null, "camp_site": null, "guest_house": null, "hostel": null, "information": null, "museum": null, "tourism": null, "viewpoint": null, "zoo": null, "osm_type": "node", "spa": null, "fireplace": null, "fishing": null, "security": null, "water": null }, "geometry": { "type": "Point", "coordinates": [ 72.512884, 23.0385075 ] } },
{ "type": "Feature", "properties": { "lat": 23.0244178, "visible": "False", "version": 2, "tags": { "brand": "McDonald's", "brand:wikidata": "Q38076", "cuisine": "burger", "takeaway": "yes" }, "id": 4199023906, "lon": 72.507327, "changeset": 0.0, "timestamp": 1716271362, "addr:city": null, "addr:country": null, "addr:full": null, "addr:housenumber": null, "addr:housename": null, "addr:postcode": null, "addr:place": null, "addr:street": null, "email": null, "name": "McDonald's", "opening_hours": null, "operator": null, "phone": null, "ref": null, "url": null, "website": null, "amenity": "fast_food", "atm": null, "bank": null, "bicycle_parking": null, "bicycle_rental": null, "bar": null, "biergarten": null, "building": null, "building:levels": null, "cafe": null, "drinking_water": null, "fast_food": null, "fountain": null, "fuel": null, "internet_access": null, "landuse": null, "office": null, "parking": null, "police": null, "post_office": null, "restaurant": null, "school": null, "social_facility": null, "source": null, "start_date": null, "taxi": null, "wikipedia": null, "agrarian": null, "alcohol": null, "bag": null, "books": null, "butcher": null, "clothes": null, "computer": null, "craft": null, "furniture": null, "gas": null, "hairdresser": null, "kitchen": null, "massage": null, "medical_supply": null, "motorcycle": null, "organic": null, "outdoor": null, "pet": null, "religion": null, "second_hand": null, "shoes": null, "shop": null, "swimming_pool": null, "trade": null, "wholesale": null, "attraction": null, "camp_site": null, "guest_house": null, "hostel": null, "information": null, "museum": null, "tourism": null, "viewpoint": null, "zoo": null, "osm_type": "node", "spa": null, "fireplace": null, "fishing": null, "security": null, "water": null }, "geometry": { "type": "Point", "coordinates": [ 72.507327, 23.0244178 ] } },
{ "type": "Feature", "properties": { "lat": 23.0381817, "visible": "False", "version": 3, "tags": { "diet:vegetarian": "yes" }, "id": 4199023907, "lon": 72.5122645, "changeset": 0.0, "timestamp": 1693062296, "addr:city": null, "addr:country": null, "addr:full": null, "addr:housenumber": null, "addr:housename": null, "addr:postcode": null, "addr:place": null, "addr:street": null, "email": null, "name": "Havmor", "opening_hours": null, "operator": null, "phone": null, "ref": null, "url": null, "website": null, "amenity": "restaurant", "atm": null, "bank": null, "bicycle_parking": null, "bicycle_rental": null, "bar": null, "biergarten": null, "building": null, "building:levels": null, "cafe": null, "drinking_water": null, "fast_food": null, "fountain": null, "fuel": null, "internet_access": null, "landuse": null, "office": null, "parking": null, "police": null, "post_office": null, "restaurant": null, "school": null, "social_facility": null, "source": null, "start_date": null, "taxi": null, "wikipedia": null, "agrarian": null, "alcohol": null, "bag": null, "books": null, "butcher": null, "clothes": null, "computer": null, "craft": null, "furniture": null, "gas": null, "hairdresser": null, "kitchen": null, "massage": null, "medical_supply": null, "motorcycle": null, "organic": null, "outdoor": null, "pet": null, "religion": null, "second_hand": null, "shoes": null, "shop": null, "swimming_pool": null, "trade": null, "wholesale": null, "attraction": null, "camp_site": null, "guest_house": null, "hostel": null, "information": null, "museum": null, "tourism": null, "viewpoint": null, "zoo": null, "osm_type": "node", "spa": null, "fireplace": null, "fishing": null, "security": null, "water": null }, "geometry": { "type": "Point", "coordinates": [ 72.5122645, 23.0381817 ] } },
{ "type": "Feature", "properties": { "lat": 23.0371357, "visible": "False", "version": 1, "tags": null, "id": 4319362053, "lon": 72.5443257, "changeset": 0.0, "timestamp": 1469446202, "addr:city": null, "addr:country": null, "addr:full": null, "addr:housenumber": null, "addr:housename": null, "addr:postcode": null, "addr:place": null, "addr:street": null, "email": null, "name": "Nescafe", "opening_hours": null, "operator": null, "phone": null, "ref": null, "url": null, "website": null, "amenity": "cafe", "atm": null, "bank": null, "bicycle_parking": null, "bicycle_rental": null, "bar": null, "biergarten": null, "building": null, "building:levels": null, "cafe": null, "drinking_water": null, "fast_food": null, "fountain": null, "fuel": null, "internet_access": null, "landuse": null, "office": null, "parking": null, "police": null, "post_office": null, "restaurant": null, "school": null, "social_facility": null, "source": null, "start_date": null, "taxi": null, "wikipedia": null, "agrarian": null, "alcohol": null, "bag": null, "books": null, "butcher": null, "clothes": null, "computer": null, "craft": null, "furniture": null, "gas": null, "hairdresser": null, "kitchen": null, "massage": null, "medical_supply": null, "motorcycle": null, "organic": null, "outdoor": null, "pet": null, "religion": null, "second_hand": null, "shoes": null, "shop": null, "swimming_pool": null, "trade": null, "wholesale": null, "attraction": null, "camp_site": null, "guest_house": null, "hostel": null, "information": null, "museum": null, "tourism": null, "viewpoint": null, "zoo": null, "osm_type": "node", "spa": null, "fireplace": null, "fishing": null, "security": null, "water": null }, "geometry": { "type": "Point", "coordinates": [ 72.5443257, 23.0371357 ] } },
{ "type": "Feature", "properties": { "lat": 23.005805, "visible": "False", "version": 1, "tags": null, "id": 4326501193, "lon": 72.5552881, "changeset": 0.0, "timestamp": 1469776232, "addr:city": null, "addr:country": null, "addr:full": null, "addr:housenumber": null, "addr:housename": null, "addr:postcode": null, "addr:place": null, "addr:street": "Ashram Road", "email": null, "name": "TGB", "opening_hours": null, "operator": null, "phone": null, "ref": null, "url": null, "website": null, "amenity": "fast_food", "atm": null, "bank": null, "bicycle_parking": null, "bicycle_rental": null, "bar": null, "biergarten": null, "building": null, "building:levels": null, "cafe": null, "drinking_water": null, "fast_food": null, "fountain": null, "fuel": null, "internet_access": null, "landuse": null, "office": null, "parking": null, "police": null, "post_office": null, "restaurant": null, "school": null, "social_facility": null, "source": null, "start_date": null, "taxi": null, "wikipedia": null, "agrarian": null, "alcohol": null, "bag": null, "books": null, "butcher": null, "clothes": null, "computer": null, "craft": null, "furniture": null, "gas": null, "hairdresser": null, "kitchen": null, "massage": null, "medical_supply": null, "motorcycle": null, "organic": null, "outdoor": null, "pet": null, "religion": null, "second_hand": null, "shoes": null, "shop": null, "swimming_pool": null, "trade": null, "wholesale": null, "attraction": null, "camp_site": null, "guest_house": null, "hostel": null, "information": null, "museum": null, "tourism": null, "viewpoint": null, "zoo": null, "osm_type": "node", "spa": null, "fireplace": null, "fishing": null, "security": null, "water": null }, "geometry": { "type": "Point", "coordinates": [ 72.5552881, 23.005805 ] } },
{ "type": "Feature", "properties": { "lat": 23.051025, "visible": "False", "version": 3, "tags": { "brand": "Domino's", "brand:ks": "ڈومینوز", "brand:pa": "ਡੋਮੀਨੋਜ਼", "brand:ur": "ڈومینوز", "brand:wikidata": "Q839466", "brand:wikipedia": "en:Domino's Pizza", "cuisine": "pizza", "name:ks": "ڈومینوز", "name:pa": "ਡੋਮੀਨੋਜ਼", "name:ur": "ڈومینوز", "takeaway": "yes" }, "id": 4358562689, "lon": 72.64396, "changeset": 0.0, "timestamp": 1732436360, "addr:city": null, "addr:country": null, "addr:full": null, "addr:housenumber": null, "addr:housename": null, "addr:postcode": null, "addr:place": null, "addr:street": null, "email": null, "name": "Domino's", "opening_hours": null, "operator": null, "phone": null, "ref": null, "url": null, "website": null, "amenity": "fast_food", "atm": null, "bank": null, "bicycle_parking": null, "bicycle_rental": null, "bar": null, "biergarten": null, "building": null, "building:levels": null, "cafe": null, "drinking_water": null, "fast_food": null, "fountain": null, "fuel": null, "internet_access": null, "landuse": null, "office": null, "parking": null, "police": null, "post_office": null, "restaurant": null, "school": null, "social_facility": null, "source": null, "start_date": null, "taxi": null, "wikipedia": null, "agrarian": null, "alcohol": null, "bag": null, "books": null, "butcher": null, "clothes": null, "computer": null, "craft": null, "furniture": null, "gas": null, "hairdresser": null, "kitchen": null, "massage": null, "medical_supply": null, "motorcycle": null, "organic": null, "outdoor": null, "pet": null, "religion": null, "second_hand": null, "shoes": null, "shop": null, "swimming_pool": null, "trade": null, "wholesale": null, "attraction": null, "camp_site": null, "guest_house": null, "hostel": null, "information": null, "museum": null, "tourism": null, "viewpoint": null, "zoo": null, "osm_type": "node", "spa": null, "fireplace": null, "fishing": null, "security": null, "water": null }, "geometry": { "type": "Point", "coordinates": [ 72.64396, 23.051025 ] } },
{ "type": "Feature", "properties": { "lat": 23.0510167, "visible": "False", "version": 1, "tags": null, "id": 4358562690, "lon": 72.64456, "changeset": 0.0, "timestamp": 1471676472, "addr:city": null, "addr:country": null, "addr:full": null, "addr:housenumber": null, "addr:housename": null, "addr:postcode": null, "addr:place": null, "addr:street": null, "email": null, "name": "TGB", "opening_hours": null, "operator": null, "phone": null, "ref": null, "url": null, "website": null, "amenity": "fast_food", "atm": null, "bank": null, "bicycle_parking": null, "bicycle_rental": null, "bar": null, "biergarten": null, "building": null, "building:levels": null, "cafe": null, "drinking_water": null, "fast_food": null, "fountain": null, "fuel": null, "internet_access": null, "landuse": null, "office": null, "parking": null, "police": null, "post_office": null, "restaurant": null, "school": null, "social_facility": null, "source": null, "start_date": null, "taxi": null, "wikipedia": null, "agrarian": null, "alcohol": null, "bag": null, "books": null, "butcher": null, "clothes": null, "computer": null, "craft": null, "furniture": null, "gas": null, "hairdresser": null, "kitchen": null, "massage": null, "medical_supply": null, "motorcycle": null, "organic": null, "outdoor": null, "pet": null, "religion": null, "second_hand": null, "shoes": null, "shop": null, "swimming_pool": null, "trade": null, "wholesale": null, "attraction": null, "camp_site": null, "guest_house": null, "hostel": null, "information": null, "museum": null, "tourism": null, "viewpoint": null, "zoo": null, "osm_type": "node", "spa": null, "fireplace": null, "fishing": null, "security": null, "water": null }, "geometry": { "type": "Point", "coordinates": [ 72.64456, 23.0510167 ] } },
{ "type": "Feature", "properties": { "lat": 23.0512085, "visible": "False", "version": 1, "tags": null, "id": 4358562889, "lon": 72.643756, "changeset": 0.0, "timestamp": 1471676463, "addr:city": null, "addr:country": null, "addr:full": null, "addr:housenumber": null, "addr:housename": null, "addr:postcode": null, "addr:place": null, "addr:street": "NH8", "email": null, "name": "Spoons n straws", "opening_hours": null, "operator": null, "phone": null, "ref": null, "url": null, "website": null, "amenity": "fast_food", "atm": null, "bank": null, "bicycle_parking": null, "bicycle_rental": null, "bar": null, "biergarten": null, "building": null, "building:levels": null, "cafe": null, "drinking_water": null, "fast_food": null, "fountain": null, "fuel": null, "internet_access": null, "landuse": null, "office": null, "parking": null, "police": null, "post_office": null, "restaurant": null, "school": null, "social_facility": null, "source": null, "start_date": null, "taxi": null, "wikipedia": null, "agrarian": null, "alcohol": null, "bag": null, "books": null, "butcher": null, "clothes": null, "computer": null, "craft": null, "furniture": null, "gas": null, "hairdresser": null, "kitchen": null, "massage": null, "medical_supply": null, "motorcycle": null, "organic": null, "outdoor": null, "pet": null, "religion": null, "second_hand": null, "shoes": null, "shop": null, "swimming_pool": null, "trade": null, "wholesale": null, "attraction": null, "camp_site": null, "guest_house": null, "hostel": null, "information": null, "museum": null, "tourism": null, "viewpoint": null, "zoo": null, "osm_type": "node", "spa": null, "fireplace": null, "fishing": null, "security": null, "water": null }, "geometry": { "type": "Point", "coordinates": [ 72.643756, 23.0512085 ] } },
{ "type": "Feature", "properties": { "lat": 23.0142097, "visible": "False", "version": 4, "tags": { "brand": "McDonald's", "brand:pa": "ਮੈਕਡੋਨਲਡ’ਜ਼", "brand:ur": "مکڈونلڈز", "brand:wikidata": "Q38076", "brand:wikipedia": "en:McDonald's", "brand:wikipedia:pa": "ਮੈਕਡੋਨਲਡ’ਜ਼", "brand:wikipedia:ur": "مکڈونلڈز", "name:pa": "ਮੈਕਡੋਨਲਡ’ਜ਼", "name:ur": "مکڈونلڈز" }, "id": 4368272090, "lon": 72.597377, "changeset": 0.0, "timestamp": 1644179856, "addr:city": null, "addr:country": null, "addr:full": null, "addr:housenumber": null, "addr:housename": null, "addr:postcode": null, "addr:place": null, "addr:street": null, "email": null, "name": "McDonald's", "opening_hours": null, "operator": null, "phone": null, "ref": null, "url": null, "website": null, "amenity": "restaurant", "atm": null, "bank": null, "bicycle_parking": null, "bicycle_rental": null, "bar": null, "biergarten": null, "building": null, "building:levels": null, "cafe": null, "drinking_water": null, "fast_food": null, "fountain": null, "fuel": null, "internet_access": null, "landuse": null, "office": null, "parking": null, "police": null, "post_office": null, "restaurant": null, "school": null, "social_facility": null, "source": null, "start_date": null, "taxi": null, "wikipedia": null, "agrarian": null, "alcohol": null, "bag": null, "books": null, "butcher": null, "clothes": null, "computer": null, "craft": null, "furniture": null, "gas": null, "hairdresser": null, "kitchen": null, "massage": null, "medical_supply": null, "motorcycle": null, "organic": null, "outdoor": null, "pet": null, "religion": null, "second_hand": null, "shoes": null, "shop": null, "swimming_pool": null, "trade": null, "wholesale": null, "attraction": null, "camp_site": null, "guest_house": null, "hostel": null, "information": null, "museum": null, "tourism": null, "viewpoint": null, "zoo": null, "osm_type": "node", "spa": null, "fireplace": null, "fishing": null, "security": null, "water": null }, "geometry": { "type": "Point", "coordinates": [ 72.597377, 23.0142097 ] } },
{ "type": "Feature", "properties": { "lat": 23.0464898, "visible": "False", "version": 2, "tags": { "brand": "Subway", "brand:pa": "ਸਬਵੇਅ", "brand:ur": "سب وے", "brand:wikidata": "Q244457", "brand:wikipedia": "en:Subway (restaurant)", "name:pa": "ਸਬਵੇਅ", "name:ur": "سب وے" }, "id": 4369863491, "lon": 72.5294517, "changeset": 0.0, "timestamp": 1644180497, "addr:city": null, "addr:country": null, "addr:full": null, "addr:housenumber": null, "addr:housename": null, "addr:postcode": null, "addr:place": null, "addr:street": null, "email": null, "name": "Subway", "opening_hours": null, "operator": null, "phone": null, "ref": null, "url": null, "website": null, "amenity": "restaurant", "atm": null, "bank": null, "bicycle_parking": null, "bicycle_rental": null, "bar": null, "biergarten": null, "building": null, "building:levels": null, "cafe": null, "drinking_water": null, "fast_food": null, "fountain": null, "fuel": null, "internet_access": null, "landuse": null, "office": null, "parking": null, "police": null, "post_office": null, "restaurant": null, "school": null, "social_facility": null, "source": null, "start_date": null, "taxi": null, "wikipedia": null, "agrarian": null, "alcohol": null, "bag": null, "books": null, "butcher": null, "clothes": null, "computer": null, "craft": null, "furniture": null, "gas": null, "hairdresser": null, "kitchen": null, "massage": null, "medical_supply": null, "motorcycle": null, "organic": null, "outdoor": null, "pet": null, "religion": null, "second_hand": null, "shoes": null, "shop": null, "swimming_pool": null, "trade": null, "wholesale": null, "attraction": null, "camp_site": null, "guest_house": null, "hostel": null, "information": null, "museum": null, "tourism": null, "viewpoint": null, "zoo": null, "osm_type": "node", "spa": null, "fireplace": null, "fishing": null, "security": null, "water": null }, "geometry": { "type": "Point", "coordinates": [ 72.5294517, 23.0464898 ] } },
{ "type": "Feature", "properties": { "lat": 23.1799492, "visible": "False", "version": 3, "tags": { "cuisine": "regional" }, "id": 4380552160, "lon": 72.5730115, "changeset": 0.0, "timestamp": 1524183300, "addr:city": null, "addr:country": null, "addr:full": null, "addr:housenumber": null, "addr:housename": null, "addr:postcode": null, "addr:place": null, "addr:street": null, "email": null, "name": "Bhojnalaya - Unodri Bhavan", "opening_hours": null, "operator": null, "phone": null, "ref": null, "url": null, "website": null, "amenity": "fast_food", "atm": null, "bank": null, "bicycle_parking": null, "bicycle_rental": null, "bar": null, "biergarten": null, "building": null, "building:levels": null, "cafe": null, "drinking_water": null, "fast_food": null, "fountain": null, "fuel": null, "internet_access": null, "landuse": null, "office": null, "parking": null, "police": null, "post_office": null, "restaurant": null, "school": null, "social_facility": null, "source": null, "start_date": null, "taxi": null, "wikipedia": null, "agrarian": null, "alcohol": null, "bag": null, "books": null, "butcher": null, "clothes": null, "computer": null, "craft": null, "furniture": null, "gas": null, "hairdresser": null, "kitchen": null, "massage": null, "medical_supply": null, "motorcycle": null, "organic": null, "outdoor": null, "pet": null, "religion": null, "second_hand": null, "shoes": null, "shop": null, "swimming_pool": null, "trade": null, "wholesale": null, "attraction": null, "camp_site": null, "guest_house": null, "hostel": null, "information": null, "museum": null, "tourism": null, "viewpoint": null, "zoo": null, "osm_type": "node", "spa": null, "fireplace": null, "fishing": null, "security": null, "water": null }, "geometry": { "type": "Point", "coordinates": [ 72.5730115, 23.1799492 ] } },
{ "type": "Feature", "properties": { "lat": 23.1103852, "visible": "False", "version": 2, "tags": null, "id": 4422047292, "lon": 72.6748785, "changeset": 0.0, "timestamp": 1475071997, "addr:city": null, "addr:country": null, "addr:full": null, "addr:housenumber": null, "addr:housename": null, "addr:postcode": null, "addr:place": null, "addr:street": null, "email": null, "name": "Kaka fast food", "opening_hours": null, "operator": null, "phone": null, "ref": null, "url": null, "website": null, "amenity": "fast_food", "atm": null, "bank": null, "bicycle_parking": null, "bicycle_rental": null, "bar": null, "biergarten": null, "building": null, "building:levels": null, "cafe": null, "drinking_water": null, "fast_food": null, "fountain": null, "fuel": null, "internet_access": null, "landuse": null, "office": null, "parking": null, "police": null, "post_office": null, "restaurant": null, "school": null, "social_facility": null, "source": null, "start_date": null, "taxi": null, "wikipedia": null, "agrarian": null, "alcohol": null, "bag": null, "books": null, "butcher": null, "clothes": null, "computer": null, "craft": null, "furniture": null, "gas": null, "hairdresser": null, "kitchen": null, "massage": null, "medical_supply": null, "motorcycle": null, "organic": null, "outdoor": null, "pet": null, "religion": null, "second_hand": null, "shoes": null, "shop": null, "swimming_pool": null, "trade": null, "wholesale": null, "attraction": null, "camp_site": null, "guest_house": null, "hostel": null, "information": null, "museum": null, "tourism": null, "viewpoint": null, "zoo": null, "osm_type": "node", "spa": null, "fireplace": null, "fishing": null, "security": null, "water": null }, "geometry": { "type": "Point", "coordinates": [ 72.6748785, 23.1103852 ] } },
{ "type": "Feature", "properties": { "lat": 23.1113356, "visible": "False", "version": 1, "tags": null, "id": 4422082966, "lon": 72.6718897, "changeset": 0.0, "timestamp": 1475072027, "addr:city": null, "addr:country": null, "addr:full": null, "addr:housenumber": null, "addr:housename": null, "addr:postcode": null, "addr:place": null, "addr:street": null, "email": null, "name": "Kaka ni bhajipav", "opening_hours": null, "operator": null, "phone": null, "ref": null, "url": null, "website": null, "amenity": "fast_food", "atm": null, "bank": null, "bicycle_parking": null, "bicycle_rental": null, "bar": null, "biergarten": null, "building": null, "building:levels": null, "cafe": null, "drinking_water": null, "fast_food": null, "fountain": null, "fuel": null, "internet_access": null, "landuse": null, "office": null, "parking": null, "police": null, "post_office": null, "restaurant": null, "school": null, "social_facility": null, "source": null, "start_date": null, "taxi": null, "wikipedia": null, "agrarian": null, "alcohol": null, "bag": null, "books": null, "butcher": null, "clothes": null, "computer": null, "craft": null, "furniture": null, "gas": null, "hairdresser": null, "kitchen": null, "massage": null, "medical_supply": null, "motorcycle": null, "organic": null, "outdoor": null, "pet": null, "religion": null, "second_hand": null, "shoes": null, "shop": null, "swimming_pool": null, "trade": null, "wholesale": null, "attraction": null, "camp_site": null, "guest_house": null, "hostel": null, "information": null, "museum": null, "tourism": null, "viewpoint": null, "zoo": null, "osm_type": "node", "spa": null, "fireplace": null, "fishing": null, "security": null, "water": null }, "geometry": { "type": "Point", "coordinates": [ 72.6718897, 23.1113356 ] } },
{ "type": "Feature", "properties": { "lat": 23.1104061, "visible": "False", "version": 3, "tags": null, "id": 4422101589, "lon": 72.6748011, "changeset": 0.0, "timestamp": 1478326838, "addr:city": null, "addr:country": null, "addr:full": null, "addr:housenumber": null, "addr:housename": null, "addr:postcode": null, "addr:place": null, "addr:street": "Sardar Patel Ring Road", "email": null, "name": "Kaka fastfood", "opening_hours": null, "operator": null, "phone": null, "ref": null, "url": null, "website": null, "amenity": "fast_food", "atm": null, "bank": null, "bicycle_parking": null, "bicycle_rental": null, "bar": null, "biergarten": null, "building": null, "building:levels": null, "cafe": null, "drinking_water": null, "fast_food": null, "fountain": null, "fuel": null, "internet_access": null, "landuse": null, "office": null, "parking": null, "police": null, "post_office": null, "restaurant": null, "school": null, "social_facility": null, "source": null, "start_date": null, "taxi": null, "wikipedia": null, "agrarian": null, "alcohol": null, "bag": null, "books": null, "butcher": null, "clothes": null, "computer": null, "craft": null, "furniture": null, "gas": null, "hairdresser": null, "kitchen": null, "massage": null, "medical_supply": null, "motorcycle": null, "organic": null, "outdoor": null, "pet": null, "religion": null, "second_hand": null, "shoes": null, "shop": null, "swimming_pool": null, "trade": null, "wholesale": null, "attraction": null, "camp_site": null, "guest_house": null, "hostel": null, "information": null, "museum": null, "tourism": null, "viewpoint": null, "zoo": null, "osm_type": "node", "spa": null, "fireplace": null, "fishing": null, "security": null, "water": null }, "geometry": { "type": "Point", "coordinates": [ 72.6748011, 23.1104061 ] } },
{ "type": "Feature", "properties": { "lat": 23.0381074, "visible": "False", "version": 3, "tags": { "cuisine": "indian", "delivery": "yes", "name:en": "Atithi Dining Hall", "takeaway": "yes" }, "id": 4445025289, "lon": 72.5138086, "changeset": 0.0, "timestamp": 1778353779, "addr:city": null, "addr:country": null, "addr:full": null, "addr:housenumber": null, "addr:housename": null, "addr:postcode": null, "addr:place": null, "addr:street": null, "email": null, "name": "Atithi Dining Hall", "opening_hours": "Mo-Su 11:00-15:00,19:00-22:00", "operator": null, "phone": null, "ref": null, "url": null, "website": "https://www.atithiindia.com/", "amenity": "restaurant", "atm": null, "bank": null, "bicycle_parking": null, "bicycle_rental": null, "bar": null, "biergarten": null, "building": null, "building:levels": null, "cafe": null, "drinking_water": null, "fast_food": null, "fountain": null, "fuel": null, "internet_access": null, "landuse": null, "office": null, "parking": null, "police": null, "post_office": null, "restaurant": null, "school": null, "social_facility": null, "source": null, "start_date": null, "taxi": null, "wikipedia": null, "agrarian": null, "alcohol": null, "bag": null, "books": null, "butcher": null, "clothes": null, "computer": null, "craft": null, "furniture": null, "gas": null, "hairdresser": null, "kitchen": null, "massage": null, "medical_supply": null, "motorcycle": null, "organic": null, "outdoor": null, "pet": null, "religion": null, "second_hand": null, "shoes": null, "shop": null, "swimming_pool": null, "trade": null, "wholesale": null, "attraction": null, "camp_site": null, "guest_house": null, "hostel": null, "information": null, "museum": null, "tourism": null, "viewpoint": null, "zoo": null, "osm_type": "node", "spa": null, "fireplace": null, "fishing": null, "security": null, "water": null }, "geometry": { "type": "Point", "coordinates": [ 72.5138086, 23.0381074 ] } },
{ "type": "Feature", "properties": { "lat": 23.0591783, "visible": "False", "version": 2, "tags": { "name:en": "Sabri Kathiyavadi,panjabi" }, "id": 4478346292, "lon": 72.6708433, "changeset": 0.0, "timestamp": 1478335716, "addr:city": null, "addr:country": null, "addr:full": null, "addr:housenumber": null, "addr:housename": null, "addr:postcode": null, "addr:place": null, "addr:street": "Dmart road / nikol naroda road", "email": null, "name": "Sabri Kathiyavadi,panjabi", "opening_hours": null, "operator": null, "phone": null, "ref": null, "url": null, "website": null, "amenity": "restaurant", "atm": null, "bank": null, "bicycle_parking": null, "bicycle_rental": null, "bar": null, "biergarten": null, "building": null, "building:levels": null, "cafe": null, "drinking_water": null, "fast_food": null, "fountain": null, "fuel": null, "internet_access": null, "landuse": null, "office": null, "parking": null, "police": null, "post_office": null, "restaurant": null, "school": null, "social_facility": null, "source": null, "start_date": null, "taxi": null, "wikipedia": null, "agrarian": null, "alcohol": null, "bag": null, "books": null, "butcher": null, "clothes": null, "computer": null, "craft": null, "furniture": null, "gas": null, "hairdresser": null, "kitchen": null, "massage": null, "medical_supply": null, "motorcycle": null, "organic": null, "outdoor": null, "pet": null, "religion": null, "second_hand": null, "shoes": null, "shop": null, "swimming_pool": null, "trade": null, "wholesale": null, "attraction": null, "camp_site": null, "guest_house": null, "hostel": null, "information": null, "museum": null, "tourism": null, "viewpoint": null, "zoo": null, "osm_type": "node", "spa": null, "fireplace": null, "fishing": null, "security": null, "water": null }, "geometry": { "type": "Point", "coordinates": [ 72.6708433, 23.0591783 ] } },
{ "type": "Feature", "properties": { "lat": 23.111054, "visible": "False", "version": 1, "tags": { "name:en": "AFC Garden Restaurant", "name:hi": "ऐ.फ.सी रेस्टोरेंट" }, "id": 4481532989, "lon": 72.6050699, "changeset": 0.0, "timestamp": 1478258071, "addr:city": null, "addr:country": null, "addr:full": null, "addr:housenumber": null, "addr:housename": null, "addr:postcode": null, "addr:place": null, "addr:street": null, "email": null, "name": "AFC Garden Restaurant", "opening_hours": null, "operator": null, "phone": null, "ref": null, "url": null, "website": null, "amenity": "restaurant", "atm": null, "bank": null, "bicycle_parking": null, "bicycle_rental": null, "bar": null, "biergarten": null, "building": null, "building:levels": null, "cafe": null, "drinking_water": null, "fast_food": null, "fountain": null, "fuel": null, "internet_access": null, "landuse": null, "office": null, "parking": null, "police": null, "post_office": null, "restaurant": null, "school": null, "social_facility": null, "source": null, "start_date": null, "taxi": null, "wikipedia": null, "agrarian": null, "alcohol": null, "bag": null, "books": null, "butcher": null, "clothes": null, "computer": null, "craft": null, "furniture": null, "gas": null, "hairdresser": null, "kitchen": null, "massage": null, "medical_supply": null, "motorcycle": null, "organic": null, "outdoor": null, "pet": null, "religion": null, "second_hand": null, "shoes": null, "shop": null, "swimming_pool": null, "trade": null, "wholesale": null, "attraction": null, "camp_site": null, "guest_house": null, "hostel": null, "information": null, "museum": null, "tourism": null, "viewpoint": null, "zoo": null, "osm_type": "node", "spa": null, "fireplace": null, "fishing": null, "security": null, "water": null }, "geometry": { "type": "Point", "coordinates": [ 72.6050699, 23.111054 ] } },
{ "type": "Feature", "properties": { "lat": 23.0795581, "visible": "False", "version": 1, "tags": null, "id": 4483404102, "lon": 72.6690656, "changeset": 0.0, "timestamp": 1478333729, "addr:city": null, "addr:country": null, "addr:full": null, "addr:housenumber": null, "addr:housename": null, "addr:postcode": null, "addr:place": null, "addr:street": null, "email": null, "name": "Kabir Restaurant", "opening_hours": null, "operator": null, "phone": null, "ref": null, "url": null, "website": null, "amenity": "restaurant", "atm": null, "bank": null, "bicycle_parking": null, "bicycle_rental": null, "bar": null, "biergarten": null, "building": null, "building:levels": null, "cafe": null, "drinking_water": null, "fast_food": null, "fountain": null, "fuel": null, "internet_access": null, "landuse": null, "office": null, "parking": null, "police": null, "post_office": null, "restaurant": null, "school": null, "social_facility": null, "source": null, "start_date": null, "taxi": null, "wikipedia": null, "agrarian": null, "alcohol": null, "bag": null, "books": null, "butcher": null, "clothes": null, "computer": null, "craft": null, "furniture": null, "gas": null, "hairdresser": null, "kitchen": null, "massage": null, "medical_supply": null, "motorcycle": null, "organic": null, "outdoor": null, "pet": null, "religion": null, "second_hand": null, "shoes": null, "shop": null, "swimming_pool": null, "trade": null, "wholesale": null, "attraction": null, "camp_site": null, "guest_house": null, "hostel": null, "information": null, "museum": null, "tourism": null, "viewpoint": null, "zoo": null, "osm_type": "node", "spa": null, "fireplace": null, "fishing": null, "security": null, "water": null }, "geometry": { "type": "Point", "coordinates": [ 72.6690656, 23.0795581 ] } },
{ "type": "Feature", "properties": { "lat": 23.030136, "visible": "False", "version": 1, "tags": { "cuisine": "indian", "name:en": "arbi" }, "id": 4510519793, "lon": 72.600163, "changeset": 0.0, "timestamp": 1479564745, "addr:city": null, "addr:country": null, "addr:full": null, "addr:housenumber": null, "addr:housename": null, "addr:postcode": null, "addr:place": null, "addr:street": null, "email": null, "name": "arbi", "opening_hours": null, "operator": null, "phone": null, "ref": null, "url": null, "website": null, "amenity": "restaurant", "atm": null, "bank": null, "bicycle_parking": null, "bicycle_rental": null, "bar": null, "biergarten": null, "building": null, "building:levels": null, "cafe": null, "drinking_water": null, "fast_food": null, "fountain": null, "fuel": null, "internet_access": null, "landuse": null, "office": null, "parking": null, "police": null, "post_office": null, "restaurant": null, "school": null, "social_facility": null, "source": null, "start_date": null, "taxi": null, "wikipedia": null, "agrarian": null, "alcohol": null, "bag": null, "books": null, "butcher": null, "clothes": null, "computer": null, "craft": null, "furniture": null, "gas": null, "hairdresser": null, "kitchen": null, "massage": null, "medical_supply": null, "motorcycle": null, "organic": null, "outdoor": null, "pet": null, "religion": null, "second_hand": null, "shoes": null, "shop": null, "swimming_pool": null, "trade": null, "wholesale": null, "attraction": null, "camp_site": null, "guest_house": null, "hostel": null, "information": null, "museum": null, "tourism": null, "viewpoint": null, "zoo": null, "osm_type": "node", "spa": null, "fireplace": null, "fishing": null, "security": null, "water": null }, "geometry": { "type": "Point", "coordinates": [ 72.600163, 23.030136 ] } },
{ "type": "Feature", "properties": { "lat": 23.035392, "visible": "False", "version": 1, "tags": { "name:en": "Cooking Culture" }, "id": 4534049990, "lon": 72.5065, "changeset": 0.0, "timestamp": 1480690700, "addr:city": null, "addr:country": null, "addr:full": null, "addr:housenumber": null, "addr:housename": null, "addr:postcode": null, "addr:place": null, "addr:street": null, "email": null, "name": "Cooking Culture", "opening_hours": null, "operator": null, "phone": null, "ref": null, "url": null, "website": null, "amenity": "restaurant", "atm": null, "bank": null, "bicycle_parking": null, "bicycle_rental": null, "bar": null, "biergarten": null, "building": null, "building:levels": null, "cafe": null, "drinking_water": null, "fast_food": null, "fountain": null, "fuel": null, "internet_access": null, "landuse": null, "office": null, "parking": null, "police": null, "post_office": null, "restaurant": null, "school": null, "social_facility": null, "source": null, "start_date": null, "taxi": null, "wikipedia": null, "agrarian": null, "alcohol": null, "bag": null, "books": null, "butcher": null, "clothes": null, "computer": null, "craft": null, "furniture": null, "gas": null, "hairdresser": null, "kitchen": null, "massage": null, "medical_supply": null, "motorcycle": null, "organic": null, "outdoor": null, "pet": null, "religion": null, "second_hand": null, "shoes": null, "shop": null, "swimming_pool": null, "trade": null, "wholesale": null, "attraction": null, "camp_site": null, "guest_house": null, "hostel": null, "information": null, "museum": null, "tourism": null, "viewpoint": null, "zoo": null, "osm_type": "node", "spa": null, "fireplace": null, "fishing": null, "security": null, "water": null }, "geometry": { "type": "Point", "coordinates": [ 72.5065, 23.035392 ] } },
{ "type": "Feature", "properties": { "lat": 23.0659846, "visible": "False", "version": 1, "tags": { "name:en": "HANDI HOTEL" }, "id": 4585364197, "lon": 72.5827993, "changeset": 0.0, "timestamp": 1483364901, "addr:city": null, "addr:country": null, "addr:full": null, "addr:housenumber": null, "addr:housename": null, "addr:postcode": null, "addr:place": null, "addr:street": null, "email": null, "name": "HANDI HOTEL", "opening_hours": null, "operator": null, "phone": null, "ref": null, "url": null, "website": null, "amenity": "restaurant", "atm": null, "bank": null, "bicycle_parking": null, "bicycle_rental": null, "bar": null, "biergarten": null, "building": null, "building:levels": null, "cafe": null, "drinking_water": null, "fast_food": null, "fountain": null, "fuel": null, "internet_access": null, "landuse": null, "office": null, "parking": null, "police": null, "post_office": null, "restaurant": null, "school": null, "social_facility": null, "source": null, "start_date": null, "taxi": null, "wikipedia": null, "agrarian": null, "alcohol": null, "bag": null, "books": null, "butcher": null, "clothes": null, "computer": null, "craft": null, "furniture": null, "gas": null, "hairdresser": null, "kitchen": null, "massage": null, "medical_supply": null, "motorcycle": null, "organic": null, "outdoor": null, "pet": null, "religion": null, "second_hand": null, "shoes": null, "shop": null, "swimming_pool": null, "trade": null, "wholesale": null, "attraction": null, "camp_site": null, "guest_house": null, "hostel": null, "information": null, "museum": null, "tourism": null, "viewpoint": null, "zoo": null, "osm_type": "node", "spa": null, "fireplace": null, "fishing": null, "security": null, "water": null }, "geometry": { "type": "Point", "coordinates": [ 72.5827993, 23.0659846 ] } },
{ "type": "Feature", "properties": { "lat": 23.0324134, "visible": "False", "version": 1, "tags": { "name:en": "Little Italy" }, "id": 4595604995, "lon": 72.5082222, "changeset": 0.0, "timestamp": 1483851440, "addr:city": null, "addr:country": null, "addr:full": null, "addr:housenumber": null, "addr:housename": null, "addr:postcode": null, "addr:place": null, "addr:street": null, "email": null, "name": "Little Italy", "opening_hours": null, "operator": null, "phone": null, "ref": null, "url": null, "website": null, "amenity": "restaurant", "atm": null, "bank": null, "bicycle_parking": null, "bicycle_rental": null, "bar": null, "biergarten": null, "building": null, "building:levels": null, "cafe": null, "drinking_water": null, "fast_food": null, "fountain": null, "fuel": null, "internet_access": null, "landuse": null, "office": null, "parking": null, "police": null, "post_office": null, "restaurant": null, "school": null, "social_facility": null, "source": null, "start_date": null, "taxi": null, "wikipedia": null, "agrarian": null, "alcohol": null, "bag": null, "books": null, "butcher": null, "clothes": null, "computer": null, "craft": null, "furniture": null, "gas": null, "hairdresser": null, "kitchen": null, "massage": null, "medical_supply": null, "motorcycle": null, "organic": null, "outdoor": null, "pet": null, "religion": null, "second_hand": null, "shoes": null, "shop": null, "swimming_pool": null, "trade": null, "wholesale": null, "attraction": null, "camp_site": null, "guest_house": null, "hostel": null, "information": null, "museum": null, "tourism": null, "viewpoint": null, "zoo": null, "osm_type": "node", "spa": null, "fireplace": null, "fishing": null, "security": null, "water": null }, "geometry": { "type": "Point", "coordinates": [ 72.5082222, 23.0324134 ] } },
{ "type": "Feature", "properties": { "lat": 23.0199957, "visible": "False", "version": 3, "tags": { "cuisine": "burger;sandwich;regional;ice_cream;grill;cake;coffee_shop;pasta;noodles;pancake;pizza;chicken;fish_and_chips;curry;indian;fish;breakfast;savory_pancakes;tea;seafood;sausage;local;barbecue", "diet:vegan": "yes", "name:en": "Tandoorworkz" }, "id": 4633783690, "lon": 72.5580704, "changeset": 0.0, "timestamp": 1672266091, "addr:city": null, "addr:country": null, "addr:full": null, "addr:housenumber": "Gf-7", "addr:housename": null, "addr:postcode": "380006", "addr:place": null, "addr:street": "Chimanlal Girdharlal Road", "email": "tandoorworkz@gmail.com", "name": "Tandoorworkz", "opening_hours": "Mo-Su 11:30-18:30", "operator": null, "phone": "+91 90168 61000", "ref": null, "url": null, "website": null, "amenity": "restaurant", "atm": null, "bank": null, "bicycle_parking": null, "bicycle_rental": null, "bar": null, "biergarten": null, "building": null, "building:levels": null, "cafe": null, "drinking_water": null, "fast_food": null, "fountain": null, "fuel": null, "internet_access": null, "landuse": null, "office": null, "parking": null, "police": null, "post_office": null, "restaurant": null, "school": null, "social_facility": null, "source": null, "start_date": null, "taxi": null, "wikipedia": null, "agrarian": null, "alcohol": null, "bag": null, "books": null, "butcher": null, "clothes": null, "computer": null, "craft": null, "furniture": null, "gas": null, "hairdresser": null, "kitchen": null, "massage": null, "medical_supply": null, "motorcycle": null, "organic": null, "outdoor": null, "pet": null, "religion": null, "second_hand": null, "shoes": null, "shop": null, "swimming_pool": null, "trade": null, "wholesale": null, "attraction": null, "camp_site": null, "guest_house": null, "hostel": null, "information": null, "museum": null, "tourism": null, "viewpoint": null, "zoo": null, "osm_type": "node", "spa": null, "fireplace": null, "fishing": null, "security": null, "water": null }, "geometry": { "type": "Point", "coordinates": [ 72.5580704, 23.0199957 ] } },
{ "type": "Feature", "properties": { "lat": 22.9818481, "visible": "False", "version": 1, "tags": null, "id": 4636987374, "lon": 72.6317943, "changeset": 0.0, "timestamp": 1485504280, "addr:city": null, "addr:country": null, "addr:full": null, "addr:housenumber": null, "addr:housename": null, "addr:postcode": null, "addr:place": null, "addr:street": null, "email": null, "name": "Annapurna", "opening_hours": null, "operator": null, "phone": null, "ref": null, "url": null, "website": null, "amenity": "restaurant", "atm": null, "bank": null, "bicycle_parking": null, "bicycle_rental": null, "bar": null, "biergarten": null, "building": null, "building:levels": null, "cafe": null, "drinking_water": null, "fast_food": null, "fountain": null, "fuel": null, "internet_access": null, "landuse": null, "office": null, "parking": null, "police": null, "post_office": null, "restaurant": null, "school": null, "social_facility": null, "source": null, "start_date": null, "taxi": null, "wikipedia": null, "agrarian": null, "alcohol": null, "bag": null, "books": null, "butcher": null, "clothes": null, "computer": null, "craft": null, "furniture": null, "gas": null, "hairdresser": null, "kitchen": null, "massage": null, "medical_supply": null, "motorcycle": null, "organic": null, "outdoor": null, "pet": null, "religion": null, "second_hand": null, "shoes": null, "shop": null, "swimming_pool": null, "trade": null, "wholesale": null, "attraction": null, "camp_site": null, "guest_house": null, "hostel": null, "information": null, "museum": null, "tourism": null, "viewpoint": null, "zoo": null, "osm_type": "node", "spa": null, "fireplace": null, "fishing": null, "security": null, "water": null }, "geometry": { "type": "Point", "coordinates": [ 72.6317943, 22.9818481 ] } },
{ "type": "Feature", "properties": { "lat": 22.9811933, "visible": "False", "version": 1, "tags": null, "id": 4637012137, "lon": 72.6319432, "changeset": 0.0, "timestamp": 1485505278, "addr:city": null, "addr:country": null, "addr:full": null, "addr:housenumber": null, "addr:housename": null, "addr:postcode": null, "addr:place": null, "addr:street": null, "email": null, "name": "Gayatri", "opening_hours": null, "operator": null, "phone": null, "ref": null, "url": null, "website": null, "amenity": "restaurant", "atm": null, "bank": null, "bicycle_parking": null, "bicycle_rental": null, "bar": null, "biergarten": null, "building": null, "building:levels": null, "cafe": null, "drinking_water": null, "fast_food": null, "fountain": null, "fuel": null, "internet_access": null, "landuse": null, "office": null, "parking": null, "police": null, "post_office": null, "restaurant": null, "school": null, "social_facility": null, "source": null, "start_date": null, "taxi": null, "wikipedia": null, "agrarian": null, "alcohol": null, "bag": null, "books": null, "butcher": null, "clothes": null, "computer": null, "craft": null, "furniture": null, "gas": null, "hairdresser": null, "kitchen": null, "massage": null, "medical_supply": null, "motorcycle": null, "organic": null, "outdoor": null, "pet": null, "religion": null, "second_hand": null, "shoes": null, "shop": null, "swimming_pool": null, "trade": null, "wholesale": null, "attraction": null, "camp_site": null, "guest_house": null, "hostel": null, "information": null, "museum": null, "tourism": null, "viewpoint": null, "zoo": null, "osm_type": "node", "spa": null, "fireplace": null, "fishing": null, "security": null, "water": null }, "geometry": { "type": "Point", "coordinates": [ 72.6319432, 22.9811933 ] } },
{ "type": "Feature", "properties": { "lat": 22.9815706, "visible": "False", "version": 1, "tags": null, "id": 4637012138, "lon": 72.6329291, "changeset": 0.0, "timestamp": 1485505279, "addr:city": null, "addr:country": null, "addr:full": null, "addr:housenumber": null, "addr:housename": null, "addr:postcode": null, "addr:place": null, "addr:street": null, "email": null, "name": "Royal Pride", "opening_hours": null, "operator": null, "phone": null, "ref": null, "url": null, "website": null, "amenity": "restaurant", "atm": null, "bank": null, "bicycle_parking": null, "bicycle_rental": null, "bar": null, "biergarten": null, "building": null, "building:levels": null, "cafe": null, "drinking_water": null, "fast_food": null, "fountain": null, "fuel": null, "internet_access": null, "landuse": null, "office": null, "parking": null, "police": null, "post_office": null, "restaurant": null, "school": null, "social_facility": null, "source": null, "start_date": null, "taxi": null, "wikipedia": null, "agrarian": null, "alcohol": null, "bag": null, "books": null, "butcher": null, "clothes": null, "computer": null, "craft": null, "furniture": null, "gas": null, "hairdresser": null, "kitchen": null, "massage": null, "medical_supply": null, "motorcycle": null, "organic": null, "outdoor": null, "pet": null, "religion": null, "second_hand": null, "shoes": null, "shop": null, "swimming_pool": null, "trade": null, "wholesale": null, "attraction": null, "camp_site": null, "guest_house": null, "hostel": null, "information": null, "museum": null, "tourism": null, "viewpoint": null, "zoo": null, "osm_type": "node", "spa": null, "fireplace": null, "fishing": null, "security": null, "water": null }, "geometry": { "type": "Point", "coordinates": [ 72.6329291, 22.9815706 ] } },
{ "type": "Feature", "properties": { "lat": 23.0687153, "visible": "False", "version": 1, "tags": null, "id": 4672030298, "lon": 72.5807241, "changeset": 0.0, "timestamp": 1486476826, "addr:city": null, "addr:country": null, "addr:full": null, "addr:housenumber": null, "addr:housename": null, "addr:postcode": null, "addr:place": null, "addr:street": null, "email": null, "name": null, "opening_hours": null, "operator": null, "phone": null, "ref": null, "url": null, "website": null, "amenity": "restaurant", "atm": null, "bank": null, "bicycle_parking": null, "bicycle_rental": null, "bar": null, "biergarten": null, "building": null, "building:levels": null, "cafe": null, "drinking_water": null, "fast_food": null, "fountain": null, "fuel": null, "internet_access": null, "landuse": null, "office": null, "parking": null, "police": null, "post_office": null, "restaurant": null, "school": null, "social_facility": null, "source": null, "start_date": null, "taxi": null, "wikipedia": null, "agrarian": null, "alcohol": null, "bag": null, "books": null, "butcher": null, "clothes": null, "computer": null, "craft": null, "furniture": null, "gas": null, "hairdresser": null, "kitchen": null, "massage": null, "medical_supply": null, "motorcycle": null, "organic": null, "outdoor": null, "pet": null, "religion": null, "second_hand": null, "shoes": null, "shop": null, "swimming_pool": null, "trade": null, "wholesale": null, "attraction": null, "camp_site": null, "guest_house": null, "hostel": null, "information": null, "museum": null, "tourism": null, "viewpoint": null, "zoo": null, "osm_type": "node", "spa": null, "fireplace": null, "fishing": null, "security": null, "water": null }, "geometry": { "type": "Point", "coordinates": [ 72.5807241, 23.0687153 ] } },
{ "type": "Feature", "properties": { "lat": 23.0550362, "visible": "False", "version": 1, "tags": { "name:en": "nilam snacks" }, "id": 4685354589, "lon": 72.5398877, "changeset": 0.0, "timestamp": 1487083648, "addr:city": null, "addr:country": null, "addr:full": null, "addr:housenumber": null, "addr:housename": null, "addr:postcode": null, "addr:place": null, "addr:street": null, "email": null, "name": "nilam snacks", "opening_hours": null, "operator": null, "phone": null, "ref": null, "url": null, "website": null, "amenity": "fast_food", "atm": null, "bank": null, "bicycle_parking": null, "bicycle_rental": null, "bar": null, "biergarten": null, "building": null, "building:levels": null, "cafe": null, "drinking_water": null, "fast_food": null, "fountain": null, "fuel": null, "internet_access": null, "landuse": null, "office": null, "parking": null, "police": null, "post_office": null, "restaurant": null, "school": null, "social_facility": null, "source": null, "start_date": null, "taxi": null, "wikipedia": null, "agrarian": null, "alcohol": null, "bag": null, "books": null, "butcher": null, "clothes": null, "computer": null, "craft": null, "furniture": null, "gas": null, "hairdresser": null, "kitchen": null, "massage": null, "medical_supply": null, "motorcycle": null, "organic": null, "outdoor": null, "pet": null, "religion": null, "second_hand": null, "shoes": null, "shop": null, "swimming_pool": null, "trade": null, "wholesale": null, "attraction": null, "camp_site": null, "guest_house": null, "hostel": null, "information": null, "museum": null, "tourism": null, "viewpoint": null, "zoo": null, "osm_type": "node", "spa": null, "fireplace": null, "fishing": null, "security": null, "water": null }, "geometry": { "type": "Point", "coordinates": [ 72.5398877, 23.0550362 ] } },
{ "type": "Feature", "properties": { "lat": 23.0071778, "visible": "False", "version": 1, "tags": { "cuisine": "indian", "name:en": "Tan-man bhaji pav", "name:hi": "Tan-man bhaji pav" }, "id": 4704651212, "lon": 72.6638136, "changeset": 0.0, "timestamp": 1487993761, "addr:city": null, "addr:country": null, "addr:full": null, "addr:housenumber": null, "addr:housename": null, "addr:postcode": "382418", "addr:place": null, "addr:street": "tanman chokdi", "email": null, "name": "Tan-man bhaji pav", "opening_hours": null, "operator": null, "phone": null, "ref": null, "url": null, "website": null, "amenity": "fast_food", "atm": null, "bank": null, "bicycle_parking": null, "bicycle_rental": null, "bar": null, "biergarten": null, "building": null, "building:levels": null, "cafe": null, "drinking_water": null, "fast_food": null, "fountain": null, "fuel": null, "internet_access": null, "landuse": null, "office": null, "parking": null, "police": null, "post_office": null, "restaurant": null, "school": null, "social_facility": null, "source": null, "start_date": null, "taxi": null, "wikipedia": null, "agrarian": null, "alcohol": null, "bag": null, "books": null, "butcher": null, "clothes": null, "computer": null, "craft": null, "furniture": null, "gas": null, "hairdresser": null, "kitchen": null, "massage": null, "medical_supply": null, "motorcycle": null, "organic": null, "outdoor": null, "pet": null, "religion": null, "second_hand": null, "shoes": null, "shop": null, "swimming_pool": null, "trade": null, "wholesale": null, "attraction": null, "camp_site": null, "guest_house": null, "hostel": null, "information": null, "museum": null, "tourism": null, "viewpoint": null, "zoo": null, "osm_type": "node", "spa": null, "fireplace": null, "fishing": null, "security": null, "water": null }, "geometry": { "type": "Point", "coordinates": [ 72.6638136, 23.0071778 ] } },
{ "type": "Feature", "properties": { "lat": 23.0168753, "visible": "False", "version": 1, "tags": { "cuisine": "regional" }, "id": 4718583250, "lon": 72.4703195, "changeset": 0.0, "timestamp": 1488728267, "addr:city": null, "addr:country": null, "addr:full": null, "addr:housenumber": null, "addr:housename": null, "addr:postcode": null, "addr:place": null, "addr:street": null, "email": null, "name": "Upper Crest", "opening_hours": null, "operator": null, "phone": null, "ref": null, "url": null, "website": null, "amenity": "restaurant", "atm": null, "bank": null, "bicycle_parking": null, "bicycle_rental": null, "bar": null, "biergarten": null, "building": null, "building:levels": null, "cafe": null, "drinking_water": null, "fast_food": null, "fountain": null, "fuel": null, "internet_access": null, "landuse": null, "office": null, "parking": null, "police": null, "post_office": null, "restaurant": null, "school": null, "social_facility": null, "source": null, "start_date": null, "taxi": null, "wikipedia": null, "agrarian": null, "alcohol": null, "bag": null, "books": null, "butcher": null, "clothes": null, "computer": null, "craft": null, "furniture": null, "gas": null, "hairdresser": null, "kitchen": null, "massage": null, "medical_supply": null, "motorcycle": null, "organic": null, "outdoor": null, "pet": null, "religion": null, "second_hand": null, "shoes": null, "shop": null, "swimming_pool": null, "trade": null, "wholesale": null, "attraction": null, "camp_site": null, "guest_house": null, "hostel": null, "information": null, "museum": null, "tourism": null, "viewpoint": null, "zoo": null, "osm_type": "node", "spa": null, "fireplace": null, "fishing": null, "security": null, "water": null }, "geometry": { "type": "Point", "coordinates": [ 72.4703195, 23.0168753 ] } },
{ "type": "Feature", "properties": { "lat": 23.0422816, "visible": "False", "version": 4, "tags": { "brand": "Subway", "brand:pa": "ਸਬਵੇਅ", "brand:ur": "سب وے", "brand:wikidata": "Q244457", "brand:wikipedia": "en:Subway (restaurant)", "cuisine": "sandwich", "name:pa": "ਸਬਵੇਅ", "name:ur": "سب وے", "takeaway": "yes" }, "id": 4797415998, "lon": 72.549183, "changeset": 0.0, "timestamp": 1644180497, "addr:city": null, "addr:country": null, "addr:full": null, "addr:housenumber": null, "addr:housename": null, "addr:postcode": null, "addr:place": null, "addr:street": null, "email": null, "name": "Subway", "opening_hours": null, "operator": null, "phone": null, "ref": null, "url": null, "website": null, "amenity": "fast_food", "atm": null, "bank": null, "bicycle_parking": null, "bicycle_rental": null, "bar": null, "biergarten": null, "building": null, "building:levels": null, "cafe": null, "drinking_water": null, "fast_food": null, "fountain": null, "fuel": null, "internet_access": null, "landuse": null, "office": null, "parking": null, "police": null, "post_office": null, "restaurant": null, "school": null, "social_facility": null, "source": null, "start_date": null, "taxi": null, "wikipedia": null, "agrarian": null, "alcohol": null, "bag": null, "books": null, "butcher": null, "clothes": null, "computer": null, "craft": null, "furniture": null, "gas": null, "hairdresser": null, "kitchen": null, "massage": null, "medical_supply": null, "motorcycle": null, "organic": null, "outdoor": null, "pet": null, "religion": null, "second_hand": null, "shoes": null, "shop": null, "swimming_pool": null, "trade": null, "wholesale": null, "attraction": null, "camp_site": null, "guest_house": null, "hostel": null, "information": null, "museum": null, "tourism": null, "viewpoint": null, "zoo": null, "osm_type": "node", "spa": null, "fireplace": null, "fishing": null, "security": null, "water": null }, "geometry": { "type": "Point", "coordinates": [ 72.549183, 23.0422816 ] } },
{ "type": "Feature", "properties": { "lat": 23.042429, "visible": "False", "version": 2, "tags": { "cuisine": "pizza", "takeaway": "yes" }, "id": 4797416004, "lon": 72.5486687, "changeset": 0.0, "timestamp": 1556779561, "addr:city": "Ahmedabad", "addr:country": null, "addr:full": null, "addr:housenumber": "G2 Yash Aqua", "addr:housename": null, "addr:postcode": "380009", "addr:place": null, "addr:street": "Vijay Cross Road, Navarangpura", "email": null, "name": "Fullfills Ahmedabad", "opening_hours": null, "operator": null, "phone": null, "ref": null, "url": null, "website": null, "amenity": "cafe", "atm": null, "bank": null, "bicycle_parking": null, "bicycle_rental": null, "bar": null, "biergarten": null, "building": null, "building:levels": null, "cafe": null, "drinking_water": null, "fast_food": null, "fountain": null, "fuel": null, "internet_access": null, "landuse": null, "office": null, "parking": null, "police": null, "post_office": null, "restaurant": null, "school": null, "social_facility": null, "source": null, "start_date": null, "taxi": null, "wikipedia": null, "agrarian": null, "alcohol": null, "bag": null, "books": null, "butcher": null, "clothes": null, "computer": null, "craft": null, "furniture": null, "gas": null, "hairdresser": null, "kitchen": null, "massage": null, "medical_supply": null, "motorcycle": null, "organic": null, "outdoor": null, "pet": null, "religion": null, "second_hand": null, "shoes": null, "shop": null, "swimming_pool": null, "trade": null, "wholesale": null, "attraction": null, "camp_site": null, "guest_house": null, "hostel": null, "information": null, "museum": null, "tourism": null, "viewpoint": null, "zoo": null, "osm_type": "node", "spa": null, "fireplace": null, "fishing": null, "security": null, "water": null }, "geometry": { "type": "Point", "coordinates": [ 72.5486687, 23.042429 ] } },
{ "type": "Feature", "properties": { "lat": 23.0416337, "visible": "False", "version": 1, "tags": { "cuisine": "pizza" }, "id": 4797416005, "lon": 72.5490709, "changeset": 0.0, "timestamp": 1492388301, "addr:city": null, "addr:country": null, "addr:full": null, "addr:housenumber": null, "addr:housename": null, "addr:postcode": null, "addr:place": null, "addr:street": null, "email": null, "name": "quinches", "opening_hours": null, "operator": null, "phone": null, "ref": null, "url": null, "website": null, "amenity": "cafe", "atm": null, "bank": null, "bicycle_parking": null, "bicycle_rental": null, "bar": null, "biergarten": null, "building": null, "building:levels": null, "cafe": null, "drinking_water": null, "fast_food": null, "fountain": null, "fuel": null, "internet_access": null, "landuse": null, "office": null, "parking": null, "police": null, "post_office": null, "restaurant": null, "school": null, "social_facility": null, "source": null, "start_date": null, "taxi": null, "wikipedia": null, "agrarian": null, "alcohol": null, "bag": null, "books": null, "butcher": null, "clothes": null, "computer": null, "craft": null, "furniture": null, "gas": null, "hairdresser": null, "kitchen": null, "massage": null, "medical_supply": null, "motorcycle": null, "organic": null, "outdoor": null, "pet": null, "religion": null, "second_hand": null, "shoes": null, "shop": null, "swimming_pool": null, "trade": null, "wholesale": null, "attraction": null, "camp_site": null, "guest_house": null, "hostel": null, "information": null, "museum": null, "tourism": null, "viewpoint": null, "zoo": null, "osm_type": "node", "spa": null, "fireplace": null, "fishing": null, "security": null, "water": null }, "geometry": { "type": "Point", "coordinates": [ 72.5490709, 23.0416337 ] } },
{ "type": "Feature", "properties": { "lat": 23.042389, "visible": "False", "version": 2, "tags": null, "id": 4797416006, "lon": 72.5492178, "changeset": 0.0, "timestamp": 1637908552, "addr:city": null, "addr:country": null, "addr:full": null, "addr:housenumber": null, "addr:housename": null, "addr:postcode": null, "addr:place": null, "addr:street": null, "email": null, "name": "uno pizza", "opening_hours": null, "operator": null, "phone": null, "ref": null, "url": null, "website": null, "amenity": "cafe", "atm": null, "bank": null, "bicycle_parking": null, "bicycle_rental": null, "bar": null, "biergarten": null, "building": null, "building:levels": null, "cafe": null, "drinking_water": null, "fast_food": null, "fountain": null, "fuel": null, "internet_access": null, "landuse": null, "office": null, "parking": null, "police": null, "post_office": null, "restaurant": null, "school": null, "social_facility": null, "source": null, "start_date": null, "taxi": null, "wikipedia": null, "agrarian": null, "alcohol": null, "bag": null, "books": null, "butcher": null, "clothes": null, "computer": null, "craft": null, "furniture": null, "gas": null, "hairdresser": null, "kitchen": null, "massage": null, "medical_supply": null, "motorcycle": null, "organic": null, "outdoor": null, "pet": null, "religion": null, "second_hand": null, "shoes": null, "shop": null, "swimming_pool": null, "trade": null, "wholesale": null, "attraction": null, "camp_site": null, "guest_house": null, "hostel": null, "information": null, "museum": null, "tourism": null, "viewpoint": null, "zoo": null, "osm_type": "node", "spa": null, "fireplace": null, "fishing": null, "security": null, "water": null }, "geometry": { "type": "Point", "coordinates": [ 72.5492178, 23.042389 ] } },
{ "type": "Feature", "properties": { "lat": 23.1871084, "visible": "False", "version": 3, "tags": { "capacity": "20", "cuisine": "regional", "delivery": "yes", "outdoor_seating": "no", "smoking": "no", "takeaway": "yes" }, "id": 4810670481, "lon": 72.5728883, "changeset": 0.0, "timestamp": 1566012163, "addr:city": null, "addr:country": null, "addr:full": null, "addr:housenumber": null, "addr:housename": null, "addr:postcode": null, "addr:place": null, "addr:street": null, "email": null, "name": "Nishra Restaurant", "opening_hours": "11:00-22:00", "operator": null, "phone": null, "ref": null, "url": null, "website": null, "amenity": "restaurant", "atm": null, "bank": null, "bicycle_parking": null, "bicycle_rental": null, "bar": null, "biergarten": null, "building": null, "building:levels": null, "cafe": null, "drinking_water": null, "fast_food": null, "fountain": null, "fuel": null, "internet_access": null, "landuse": null, "office": null, "parking": null, "police": null, "post_office": null, "restaurant": null, "school": null, "social_facility": null, "source": null, "start_date": null, "taxi": null, "wikipedia": null, "agrarian": null, "alcohol": null, "bag": null, "books": null, "butcher": null, "clothes": null, "computer": null, "craft": null, "furniture": null, "gas": null, "hairdresser": null, "kitchen": null, "massage": null, "medical_supply": null, "motorcycle": null, "organic": null, "outdoor": null, "pet": null, "religion": null, "second_hand": null, "shoes": null, "shop": null, "swimming_pool": null, "trade": null, "wholesale": null, "attraction": null, "camp_site": null, "guest_house": null, "hostel": null, "information": null, "museum": null, "tourism": null, "viewpoint": null, "zoo": null, "osm_type": "node", "spa": null, "fireplace": null, "fishing": null, "security": null, "water": null }, "geometry": { "type": "Point", "coordinates": [ 72.5728883, 23.1871084 ] } },
{ "type": "Feature", "properties": { "lat": 23.0444534, "visible": "False", "version": 2, "tags": { "cuisine": "Multi_Cuisine", "outdoor_seating": "no", "smoking": "outside" }, "id": 5029238558, "lon": 72.5505062, "changeset": 0.0, "timestamp": 1566012163, "addr:city": "ahmedabad", "addr:country": null, "addr:full": null, "addr:housenumber": "34", "addr:housename": null, "addr:postcode": null, "addr:place": null, "addr:street": "memnagar", "email": null, "name": "The Cafe Baraco", "opening_hours": "11:00-01:00", "operator": null, "phone": null, "ref": null, "url": null, "website": null, "amenity": "cafe", "atm": null, "bank": null, "bicycle_parking": null, "bicycle_rental": null, "bar": null, "biergarten": null, "building": null, "building:levels": null, "cafe": null, "drinking_water": null, "fast_food": null, "fountain": null, "fuel": null, "internet_access": null, "landuse": null, "office": null, "parking": null, "police": null, "post_office": null, "restaurant": null, "school": null, "social_facility": null, "source": null, "start_date": null, "taxi": null, "wikipedia": null, "agrarian": null, "alcohol": null, "bag": null, "books": null, "butcher": null, "clothes": null, "computer": null, "craft": null, "furniture": null, "gas": null, "hairdresser": null, "kitchen": null, "massage": null, "medical_supply": null, "motorcycle": null, "organic": null, "outdoor": null, "pet": null, "religion": null, "second_hand": null, "shoes": null, "shop": null, "swimming_pool": null, "trade": null, "wholesale": null, "attraction": null, "camp_site": null, "guest_house": null, "hostel": null, "information": null, "museum": null, "tourism": null, "viewpoint": null, "zoo": null, "osm_type": "node", "spa": null, "fireplace": null, "fishing": null, "security": null, "water": null }, "geometry": { "type": "Point", "coordinates": [ 72.5505062, 23.0444534 ] } },
{ "type": "Feature", "properties": { "lat": 23.0398379, "visible": "False", "version": 1, "tags": { "delivery": "no", "drive_through": "no", "outdoor_seating": "no", "smoking": "no", "takeaway": "yes" }, "id": 5140818187, "lon": 72.5276503, "changeset": 0.0, "timestamp": 1506847601, "addr:city": null, "addr:country": null, "addr:full": null, "addr:housenumber": null, "addr:housename": null, "addr:postcode": null, "addr:place": null, "addr:street": null, "email": null, "name": "Iscon Ghantiya", "opening_hours": null, "operator": null, "phone": null, "ref": null, "url": null, "website": null, "amenity": "fast_food", "atm": null, "bank": null, "bicycle_parking": null, "bicycle_rental": null, "bar": null, "biergarten": null, "building": null, "building:levels": null, "cafe": null, "drinking_water": null, "fast_food": null, "fountain": null, "fuel": null, "internet_access": null, "landuse": null, "office": null, "parking": null, "police": null, "post_office": null, "restaurant": null, "school": null, "social_facility": null, "source": null, "start_date": null, "taxi": null, "wikipedia": null, "agrarian": null, "alcohol": null, "bag": null, "books": null, "butcher": null, "clothes": null, "computer": null, "craft": null, "furniture": null, "gas": null, "hairdresser": null, "kitchen": null, "massage": null, "medical_supply": null, "motorcycle": null, "organic": null, "outdoor": null, "pet": null, "religion": null, "second_hand": null, "shoes": null, "shop": null, "swimming_pool": null, "trade": null, "wholesale": null, "attraction": null, "camp_site": null, "guest_house": null, "hostel": null, "information": null, "museum": null, "tourism": null, "viewpoint": null, "zoo": null, "osm_type": "node", "spa": null, "fireplace": null, "fishing": null, "security": null, "water": null }, "geometry": { "type": "Point", "coordinates": [ 72.5276503, 23.0398379 ] } },
{ "type": "Feature", "properties": { "lat": 22.9945198, "visible": "False", "version": 1, "tags": { "cuisine": "indian" }, "id": 5177688241, "lon": 72.665834, "changeset": 0.0, "timestamp": 1508483625, "addr:city": null, "addr:country": null, "addr:full": null, "addr:housenumber": null, "addr:housename": null, "addr:postcode": null, "addr:place": null, "addr:street": null, "email": null, "name": "Hotel Purohit Por", "opening_hours": null, "operator": null, "phone": null, "ref": null, "url": null, "website": null, "amenity": "restaurant", "atm": null, "bank": null, "bicycle_parking": null, "bicycle_rental": null, "bar": null, "biergarten": null, "building": null, "building:levels": null, "cafe": null, "drinking_water": null, "fast_food": null, "fountain": null, "fuel": null, "internet_access": null, "landuse": null, "office": null, "parking": null, "police": null, "post_office": null, "restaurant": null, "school": null, "social_facility": null, "source": null, "start_date": null, "taxi": null, "wikipedia": null, "agrarian": null, "alcohol": null, "bag": null, "books": null, "butcher": null, "clothes": null, "computer": null, "craft": null, "furniture": null, "gas": null, "hairdresser": null, "kitchen": null, "massage": null, "medical_supply": null, "motorcycle": null, "organic": null, "outdoor": null, "pet": null, "religion": null, "second_hand": null, "shoes": null, "shop": null, "swimming_pool": null, "trade": null, "wholesale": null, "attraction": null, "camp_site": null, "guest_house": null, "hostel": null, "information": null, "museum": null, "tourism": null, "viewpoint": null, "zoo": null, "osm_type": "node", "spa": null, "fireplace": null, "fishing": null, "security": null, "water": null }, "geometry": { "type": "Point", "coordinates": [ 72.665834, 22.9945198 ] } },
{ "type": "Feature", "properties": { "lat": 23.0287895, "visible": "False", "version": 1, "tags": null, "id": 5197470721, "lon": 72.4775187, "changeset": 0.0, "timestamp": 1509256130, "addr:city": null, "addr:country": null, "addr:full": null, "addr:housenumber": null, "addr:housename": null, "addr:postcode": null, "addr:place": null, "addr:street": null, "email": null, "name": "Havmor restaurant", "opening_hours": null, "operator": null, "phone": null, "ref": null, "url": null, "website": null, "amenity": "restaurant", "atm": null, "bank": null, "bicycle_parking": null, "bicycle_rental": null, "bar": null, "biergarten": null, "building": null, "building:levels": null, "cafe": null, "drinking_water": null, "fast_food": null, "fountain": null, "fuel": null, "internet_access": null, "landuse": null, "office": null, "parking": null, "police": null, "post_office": null, "restaurant": null, "school": null, "social_facility": null, "source": null, "start_date": null, "taxi": null, "wikipedia": null, "agrarian": null, "alcohol": null, "bag": null, "books": null, "butcher": null, "clothes": null, "computer": null, "craft": null, "furniture": null, "gas": null, "hairdresser": null, "kitchen": null, "massage": null, "medical_supply": null, "motorcycle": null, "organic": null, "outdoor": null, "pet": null, "religion": null, "second_hand": null, "shoes": null, "shop": null, "swimming_pool": null, "trade": null, "wholesale": null, "attraction": null, "camp_site": null, "guest_house": null, "hostel": null, "information": null, "museum": null, "tourism": null, "viewpoint": null, "zoo": null, "osm_type": "node", "spa": null, "fireplace": null, "fishing": null, "security": null, "water": null }, "geometry": { "type": "Point", "coordinates": [ 72.4775187, 23.0287895 ] } },
{ "type": "Feature", "properties": { "lat": 23.0346667, "visible": "False", "version": 1, "tags": null, "id": 5276640722, "lon": 72.5603703, "changeset": 0.0, "timestamp": 1512967199, "addr:city": null, "addr:country": null, "addr:full": null, "addr:housenumber": null, "addr:housename": null, "addr:postcode": null, "addr:place": null, "addr:street": null, "email": null, "name": "Seva Cafe", "opening_hours": null, "operator": null, "phone": null, "ref": null, "url": null, "website": null, "amenity": "cafe", "atm": null, "bank": null, "bicycle_parking": null, "bicycle_rental": null, "bar": null, "biergarten": null, "building": null, "building:levels": null, "cafe": null, "drinking_water": null, "fast_food": null, "fountain": null, "fuel": null, "internet_access": null, "landuse": null, "office": null, "parking": null, "police": null, "post_office": null, "restaurant": null, "school": null, "social_facility": null, "source": null, "start_date": null, "taxi": null, "wikipedia": null, "agrarian": null, "alcohol": null, "bag": null, "books": null, "butcher": null, "clothes": null, "computer": null, "craft": null, "furniture": null, "gas": null, "hairdresser": null, "kitchen": null, "massage": null, "medical_supply": null, "motorcycle": null, "organic": null, "outdoor": null, "pet": null, "religion": null, "second_hand": null, "shoes": null, "shop": null, "swimming_pool": null, "trade": null, "wholesale": null, "attraction": null, "camp_site": null, "guest_house": null, "hostel": null, "information": null, "museum": null, "tourism": null, "viewpoint": null, "zoo": null, "osm_type": "node", "spa": null, "fireplace": null, "fishing": null, "security": null, "water": null }, "geometry": { "type": "Point", "coordinates": [ 72.5603703, 23.0346667 ] } },
{ "type": "Feature", "properties": { "lat": 23.033026, "visible": "False", "version": 1, "tags": null, "id": 5329590125, "lon": 72.5577346, "changeset": 0.0, "timestamp": 1515512326, "addr:city": null, "addr:country": null, "addr:full": null, "addr:housenumber": null, "addr:housename": null, "addr:postcode": null, "addr:place": null, "addr:street": null, "email": null, "name": "Unlocked", "opening_hours": null, "operator": null, "phone": null, "ref": null, "url": null, "website": null, "amenity": "cafe", "atm": null, "bank": null, "bicycle_parking": null, "bicycle_rental": null, "bar": null, "biergarten": null, "building": null, "building:levels": null, "cafe": null, "drinking_water": null, "fast_food": null, "fountain": null, "fuel": null, "internet_access": null, "landuse": null, "office": null, "parking": null, "police": null, "post_office": null, "restaurant": null, "school": null, "social_facility": null, "source": null, "start_date": null, "taxi": null, "wikipedia": null, "agrarian": null, "alcohol": null, "bag": null, "books": null, "butcher": null, "clothes": null, "computer": null, "craft": null, "furniture": null, "gas": null, "hairdresser": null, "kitchen": null, "massage": null, "medical_supply": null, "motorcycle": null, "organic": null, "outdoor": null, "pet": null, "religion": null, "second_hand": null, "shoes": null, "shop": null, "swimming_pool": null, "trade": null, "wholesale": null, "attraction": null, "camp_site": null, "guest_house": null, "hostel": null, "information": null, "museum": null, "tourism": null, "viewpoint": null, "zoo": null, "osm_type": "node", "spa": null, "fireplace": null, "fishing": null, "security": null, "water": null }, "geometry": { "type": "Point", "coordinates": [ 72.5577346, 23.033026 ] } },
{ "type": "Feature", "properties": { "lat": 23.0320819, "visible": "False", "version": 1, "tags": null, "id": 5340470022, "lon": 72.5600295, "changeset": 0.0, "timestamp": 1516009207, "addr:city": null, "addr:country": null, "addr:full": null, "addr:housenumber": null, "addr:housename": null, "addr:postcode": null, "addr:place": null, "addr:street": "Chimanlal Girdharlal Road", "email": null, "name": "Cafe udipi richi", "opening_hours": null, "operator": null, "phone": null, "ref": null, "url": null, "website": null, "amenity": "cafe", "atm": null, "bank": null, "bicycle_parking": null, "bicycle_rental": null, "bar": null, "biergarten": null, "building": null, "building:levels": null, "cafe": null, "drinking_water": null, "fast_food": null, "fountain": null, "fuel": null, "internet_access": null, "landuse": null, "office": null, "parking": null, "police": null, "post_office": null, "restaurant": null, "school": null, "social_facility": null, "source": null, "start_date": null, "taxi": null, "wikipedia": null, "agrarian": null, "alcohol": null, "bag": null, "books": null, "butcher": null, "clothes": null, "computer": null, "craft": null, "furniture": null, "gas": null, "hairdresser": null, "kitchen": null, "massage": null, "medical_supply": null, "motorcycle": null, "organic": null, "outdoor": null, "pet": null, "religion": null, "second_hand": null, "shoes": null, "shop": null, "swimming_pool": null, "trade": null, "wholesale": null, "attraction": null, "camp_site": null, "guest_house": null, "hostel": null, "information": null, "museum": null, "tourism": null, "viewpoint": null, "zoo": null, "osm_type": "node", "spa": null, "fireplace": null, "fishing": null, "security": null, "water": null }, "geometry": { "type": "Point", "coordinates": [ 72.5600295, 23.0320819 ] } },
{ "type": "Feature", "properties": { "lat": 23.0742871, "visible": "False", "version": 1, "tags": null, "id": 5403772221, "lon": 72.6506214, "changeset": 0.0, "timestamp": 1518276821, "addr:city": null, "addr:country": null, "addr:full": null, "addr:housenumber": null, "addr:housename": null, "addr:postcode": null, "addr:place": null, "addr:street": "Kotar pur-airport road", "email": null, "name": "Hotel Emerland", "opening_hours": null, "operator": null, "phone": null, "ref": null, "url": null, "website": null, "amenity": "restaurant", "atm": null, "bank": null, "bicycle_parking": null, "bicycle_rental": null, "bar": null, "biergarten": null, "building": null, "building:levels": null, "cafe": null, "drinking_water": null, "fast_food": null, "fountain": null, "fuel": null, "internet_access": null, "landuse": null, "office": null, "parking": null, "police": null, "post_office": null, "restaurant": null, "school": null, "social_facility": null, "source": null, "start_date": null, "taxi": null, "wikipedia": null, "agrarian": null, "alcohol": null, "bag": null, "books": null, "butcher": null, "clothes": null, "computer": null, "craft": null, "furniture": null, "gas": null, "hairdresser": null, "kitchen": null, "massage": null, "medical_supply": null, "motorcycle": null, "organic": null, "outdoor": null, "pet": null, "religion": null, "second_hand": null, "shoes": null, "shop": null, "swimming_pool": null, "trade": null, "wholesale": null, "attraction": null, "camp_site": null, "guest_house": null, "hostel": null, "information": null, "museum": null, "tourism": null, "viewpoint": null, "zoo": null, "osm_type": "node", "spa": null, "fireplace": null, "fishing": null, "security": null, "water": null }, "geometry": { "type": "Point", "coordinates": [ 72.6506214, 23.0742871 ] } },
{ "type": "Feature", "properties": { "lat": 23.0122064, "visible": "False", "version": 1, "tags": { "outdoor_seating": "yes" }, "id": 5407346983, "lon": 72.5062163, "changeset": 0.0, "timestamp": 1518443743, "addr:city": null, "addr:country": null, "addr:full": null, "addr:housenumber": null, "addr:housename": null, "addr:postcode": null, "addr:place": null, "addr:street": null, "email": null, "name": "In-Garden Cafe", "opening_hours": null, "operator": null, "phone": null, "ref": null, "url": null, "website": null, "amenity": "cafe", "atm": null, "bank": null, "bicycle_parking": null, "bicycle_rental": null, "bar": null, "biergarten": null, "building": null, "building:levels": null, "cafe": null, "drinking_water": null, "fast_food": null, "fountain": null, "fuel": null, "internet_access": null, "landuse": null, "office": null, "parking": null, "police": null, "post_office": null, "restaurant": null, "school": null, "social_facility": null, "source": null, "start_date": null, "taxi": null, "wikipedia": null, "agrarian": null, "alcohol": null, "bag": null, "books": null, "butcher": null, "clothes": null, "computer": null, "craft": null, "furniture": null, "gas": null, "hairdresser": null, "kitchen": null, "massage": null, "medical_supply": null, "motorcycle": null, "organic": null, "outdoor": null, "pet": null, "religion": null, "second_hand": null, "shoes": null, "shop": null, "swimming_pool": null, "trade": null, "wholesale": null, "attraction": null, "camp_site": null, "guest_house": null, "hostel": null, "information": null, "museum": null, "tourism": null, "viewpoint": null, "zoo": null, "osm_type": "node", "spa": null, "fireplace": null, "fishing": null, "security": null, "water": null }, "geometry": { "type": "Point", "coordinates": [ 72.5062163, 23.0122064 ] } },
{ "type": "Feature", "properties": { "lat": 23.0236978, "visible": "False", "version": 1, "tags": null, "id": 5496066223, "lon": 72.5995018, "changeset": 0.0, "timestamp": 1521716576, "addr:city": null, "addr:country": null, "addr:full": null, "addr:housenumber": null, "addr:housename": null, "addr:postcode": null, "addr:place": null, "addr:street": null, "email": null, "name": "Sanmani Restaurant", "opening_hours": null, "operator": null, "phone": null, "ref": null, "url": null, "website": null, "amenity": "restaurant", "atm": null, "bank": null, "bicycle_parking": null, "bicycle_rental": null, "bar": null, "biergarten": null, "building": null, "building:levels": null, "cafe": null, "drinking_water": null, "fast_food": null, "fountain": null, "fuel": null, "internet_access": null, "landuse": null, "office": null, "parking": null, "police": null, "post_office": null, "restaurant": null, "school": null, "social_facility": null, "source": null, "start_date": null, "taxi": null, "wikipedia": null, "agrarian": null, "alcohol": null, "bag": null, "books": null, "butcher": null, "clothes": null, "computer": null, "craft": null, "furniture": null, "gas": null, "hairdresser": null, "kitchen": null, "massage": null, "medical_supply": null, "motorcycle": null, "organic": null, "outdoor": null, "pet": null, "religion": null, "second_hand": null, "shoes": null, "shop": null, "swimming_pool": null, "trade": null, "wholesale": null, "attraction": null, "camp_site": null, "guest_house": null, "hostel": null, "information": null, "museum": null, "tourism": null, "viewpoint": null, "zoo": null, "osm_type": "node", "spa": null, "fireplace": null, "fishing": null, "security": null, "water": null }, "geometry": { "type": "Point", "coordinates": [ 72.5995018, 23.0236978 ] } },
{ "type": "Feature", "properties": { "lat": 23.0275402, "visible": "False", "version": 1, "tags": null, "id": 5527659737, "lon": 72.559229, "changeset": 0.0, "timestamp": 1522839780, "addr:city": null, "addr:country": null, "addr:full": null, "addr:housenumber": null, "addr:housename": null, "addr:postcode": null, "addr:place": null, "addr:street": null, "email": null, "name": "Takshshila Food Court", "opening_hours": null, "operator": null, "phone": null, "ref": null, "url": null, "website": null, "amenity": "restaurant", "atm": null, "bank": null, "bicycle_parking": null, "bicycle_rental": null, "bar": null, "biergarten": null, "building": null, "building:levels": null, "cafe": null, "drinking_water": null, "fast_food": null, "fountain": null, "fuel": null, "internet_access": null, "landuse": null, "office": null, "parking": null, "police": null, "post_office": null, "restaurant": null, "school": null, "social_facility": null, "source": null, "start_date": null, "taxi": null, "wikipedia": null, "agrarian": null, "alcohol": null, "bag": null, "books": null, "butcher": null, "clothes": null, "computer": null, "craft": null, "furniture": null, "gas": null, "hairdresser": null, "kitchen": null, "massage": null, "medical_supply": null, "motorcycle": null, "organic": null, "outdoor": null, "pet": null, "religion": null, "second_hand": null, "shoes": null, "shop": null, "swimming_pool": null, "trade": null, "wholesale": null, "attraction": null, "camp_site": null, "guest_house": null, "hostel": null, "information": null, "museum": null, "tourism": null, "viewpoint": null, "zoo": null, "osm_type": "node", "spa": null, "fireplace": null, "fishing": null, "security": null, "water": null }, "geometry": { "type": "Point", "coordinates": [ 72.559229, 23.0275402 ] } },
{ "type": "Feature", "properties": { "lat": 23.0246356, "visible": "False", "version": 1, "tags": { "cuisine": "gujarati;kathiawari;punjabi" }, "id": 5527662483, "lon": 72.5714777, "changeset": 0.0, "timestamp": 1522839778, "addr:city": null, "addr:country": null, "addr:full": null, "addr:housenumber": null, "addr:housename": null, "addr:postcode": null, "addr:place": null, "addr:street": null, "email": null, "name": "Jai Jalaram Parontha House", "opening_hours": null, "operator": null, "phone": null, "ref": null, "url": null, "website": null, "amenity": "restaurant", "atm": null, "bank": null, "bicycle_parking": null, "bicycle_rental": null, "bar": null, "biergarten": null, "building": null, "building:levels": null, "cafe": null, "drinking_water": null, "fast_food": null, "fountain": null, "fuel": null, "internet_access": null, "landuse": null, "office": null, "parking": null, "police": null, "post_office": null, "restaurant": null, "school": null, "social_facility": null, "source": null, "start_date": null, "taxi": null, "wikipedia": null, "agrarian": null, "alcohol": null, "bag": null, "books": null, "butcher": null, "clothes": null, "computer": null, "craft": null, "furniture": null, "gas": null, "hairdresser": null, "kitchen": null, "massage": null, "medical_supply": null, "motorcycle": null, "organic": null, "outdoor": null, "pet": null, "religion": null, "second_hand": null, "shoes": null, "shop": null, "swimming_pool": null, "trade": null, "wholesale": null, "attraction": null, "camp_site": null, "guest_house": null, "hostel": null, "information": null, "museum": null, "tourism": null, "viewpoint": null, "zoo": null, "osm_type": "node", "spa": null, "fireplace": null, "fishing": null, "security": null, "water": null }, "geometry": { "type": "Point", "coordinates": [ 72.5714777, 23.0246356 ] } },
{ "type": "Feature", "properties": { "lat": 23.0144058, "visible": "False", "version": 1, "tags": null, "id": 5527662869, "lon": 72.565418, "changeset": 0.0, "timestamp": 1522839778, "addr:city": null, "addr:country": null, "addr:full": null, "addr:housenumber": null, "addr:housename": null, "addr:postcode": null, "addr:place": null, "addr:street": null, "email": null, "name": "Udipi Cafe", "opening_hours": null, "operator": null, "phone": null, "ref": null, "url": null, "website": null, "amenity": "cafe", "atm": null, "bank": null, "bicycle_parking": null, "bicycle_rental": null, "bar": null, "biergarten": null, "building": null, "building:levels": null, "cafe": null, "drinking_water": null, "fast_food": null, "fountain": null, "fuel": null, "internet_access": null, "landuse": null, "office": null, "parking": null, "police": null, "post_office": null, "restaurant": null, "school": null, "social_facility": null, "source": null, "start_date": null, "taxi": null, "wikipedia": null, "agrarian": null, "alcohol": null, "bag": null, "books": null, "butcher": null, "clothes": null, "computer": null, "craft": null, "furniture": null, "gas": null, "hairdresser": null, "kitchen": null, "massage": null, "medical_supply": null, "motorcycle": null, "organic": null, "outdoor": null, "pet": null, "religion": null, "second_hand": null, "shoes": null, "shop": null, "swimming_pool": null, "trade": null, "wholesale": null, "attraction": null, "camp_site": null, "guest_house": null, "hostel": null, "information": null, "museum": null, "tourism": null, "viewpoint": null, "zoo": null, "osm_type": "node", "spa": null, "fireplace": null, "fishing": null, "security": null, "water": null }, "geometry": { "type": "Point", "coordinates": [ 72.565418, 23.0144058 ] } },
{ "type": "Feature", "properties": { "lat": 23.1800841, "visible": "False", "version": 1, "tags": { "capacity": "50", "cuisine": "indian;regional", "delivery": "no", "outdoor_seating": "no", "payment:cash": "yes", "payment:coins": "yes", "payment:credit_cards": "yes", "payment:debit_cards": "yes", "smoking": "no", "takeaway": "no" }, "id": 5546134536, "lon": 72.5735839, "changeset": 0.0, "timestamp": 1523473187, "addr:city": null, "addr:country": null, "addr:full": null, "addr:housenumber": null, "addr:housename": null, "addr:postcode": null, "addr:place": null, "addr:street": null, "email": null, "name": "Samrasi - Premium Bhojnalaya", "opening_hours": null, "operator": null, "phone": null, "ref": null, "url": null, "website": null, "amenity": "restaurant", "atm": null, "bank": null, "bicycle_parking": null, "bicycle_rental": null, "bar": null, "biergarten": null, "building": null, "building:levels": null, "cafe": null, "drinking_water": null, "fast_food": null, "fountain": null, "fuel": null, "internet_access": null, "landuse": null, "office": null, "parking": null, "police": null, "post_office": null, "restaurant": null, "school": null, "social_facility": null, "source": null, "start_date": null, "taxi": null, "wikipedia": null, "agrarian": null, "alcohol": null, "bag": null, "books": null, "butcher": null, "clothes": null, "computer": null, "craft": null, "furniture": null, "gas": null, "hairdresser": null, "kitchen": null, "massage": null, "medical_supply": null, "motorcycle": null, "organic": null, "outdoor": null, "pet": null, "religion": null, "second_hand": null, "shoes": null, "shop": null, "swimming_pool": null, "trade": null, "wholesale": null, "attraction": null, "camp_site": null, "guest_house": null, "hostel": null, "information": null, "museum": null, "tourism": null, "viewpoint": null, "zoo": null, "osm_type": "node", "spa": null, "fireplace": null, "fishing": null, "security": null, "water": null }, "geometry": { "type": "Point", "coordinates": [ 72.5735839, 23.1800841 ] } },
{ "type": "Feature", "properties": { "lat": 23.0284866, "visible": "False", "version": 1, "tags": null, "id": 5753441521, "lon": 72.4766561, "changeset": 0.0, "timestamp": 1531296985, "addr:city": null, "addr:country": null, "addr:full": null, "addr:housenumber": null, "addr:housename": null, "addr:postcode": null, "addr:place": null, "addr:street": "Ambli Bopal Road", "email": null, "name": "Jalaram Parotha house", "opening_hours": null, "operator": null, "phone": null, "ref": null, "url": null, "website": null, "amenity": "restaurant", "atm": null, "bank": null, "bicycle_parking": null, "bicycle_rental": null, "bar": null, "biergarten": null, "building": null, "building:levels": null, "cafe": null, "drinking_water": null, "fast_food": null, "fountain": null, "fuel": null, "internet_access": null, "landuse": null, "office": null, "parking": null, "police": null, "post_office": null, "restaurant": null, "school": null, "social_facility": null, "source": null, "start_date": null, "taxi": null, "wikipedia": null, "agrarian": null, "alcohol": null, "bag": null, "books": null, "butcher": null, "clothes": null, "computer": null, "craft": null, "furniture": null, "gas": null, "hairdresser": null, "kitchen": null, "massage": null, "medical_supply": null, "motorcycle": null, "organic": null, "outdoor": null, "pet": null, "religion": null, "second_hand": null, "shoes": null, "shop": null, "swimming_pool": null, "trade": null, "wholesale": null, "attraction": null, "camp_site": null, "guest_house": null, "hostel": null, "information": null, "museum": null, "tourism": null, "viewpoint": null, "zoo": null, "osm_type": "node", "spa": null, "fireplace": null, "fishing": null, "security": null, "water": null }, "geometry": { "type": "Point", "coordinates": [ 72.4766561, 23.0284866 ] } },
{ "type": "Feature", "properties": { "lat": 23.1333506, "visible": "False", "version": 4, "tags": { "cuisine": "indian", "diet:vegetarian": "yes" }, "id": 6088126794, "lon": 72.6334745, "changeset": 0.0, "timestamp": 1611396276, "addr:city": null, "addr:country": null, "addr:full": null, "addr:housenumber": null, "addr:housename": null, "addr:postcode": null, "addr:place": null, "addr:street": null, "email": null, "name": "Vrindavan", "opening_hours": null, "operator": null, "phone": null, "ref": null, "url": null, "website": null, "amenity": "restaurant", "atm": null, "bank": null, "bicycle_parking": null, "bicycle_rental": null, "bar": null, "biergarten": null, "building": null, "building:levels": null, "cafe": null, "drinking_water": null, "fast_food": null, "fountain": null, "fuel": null, "internet_access": null, "landuse": null, "office": null, "parking": null, "police": null, "post_office": null, "restaurant": null, "school": null, "social_facility": null, "source": null, "start_date": null, "taxi": null, "wikipedia": null, "agrarian": null, "alcohol": null, "bag": null, "books": null, "butcher": null, "clothes": null, "computer": null, "craft": null, "furniture": null, "gas": null, "hairdresser": null, "kitchen": null, "massage": null, "medical_supply": null, "motorcycle": null, "organic": null, "outdoor": null, "pet": null, "religion": null, "second_hand": null, "shoes": null, "shop": null, "swimming_pool": null, "trade": null, "wholesale": null, "attraction": null, "camp_site": null, "guest_house": null, "hostel": null, "information": null, "museum": null, "tourism": null, "viewpoint": null, "zoo": null, "osm_type": "node", "spa": null, "fireplace": null, "fishing": null, "security": null, "water": null }, "geometry": { "type": "Point", "coordinates": [ 72.6334745, 23.1333506 ] } },
{ "type": "Feature", "properties": { "lat": 23.1931868, "visible": "False", "version": 1, "tags": { "cuisine": "coffee_shop;sandwich;teahouse" }, "id": 6113416289, "lon": 72.6148754, "changeset": 0.0, "timestamp": 1543853593, "addr:city": "Gandhinagar", "addr:country": null, "addr:full": null, "addr:housenumber": null, "addr:housename": null, "addr:postcode": "382421", "addr:place": null, "addr:street": "Sargasan Crossroad", "email": null, "name": "Khetlaapa Tea Shop", "opening_hours": "24/7", "operator": null, "phone": null, "ref": null, "url": null, "website": null, "amenity": "cafe", "atm": null, "bank": null, "bicycle_parking": null, "bicycle_rental": null, "bar": null, "biergarten": null, "building": null, "building:levels": null, "cafe": null, "drinking_water": null, "fast_food": null, "fountain": null, "fuel": null, "internet_access": null, "landuse": null, "office": null, "parking": null, "police": null, "post_office": null, "restaurant": null, "school": null, "social_facility": null, "source": null, "start_date": null, "taxi": null, "wikipedia": null, "agrarian": null, "alcohol": null, "bag": null, "books": null, "butcher": null, "clothes": null, "computer": null, "craft": null, "furniture": null, "gas": null, "hairdresser": null, "kitchen": null, "massage": null, "medical_supply": null, "motorcycle": null, "organic": null, "outdoor": null, "pet": null, "religion": null, "second_hand": null, "shoes": null, "shop": null, "swimming_pool": null, "trade": null, "wholesale": null, "attraction": null, "camp_site": null, "guest_house": null, "hostel": null, "information": null, "museum": null, "tourism": null, "viewpoint": null, "zoo": null, "osm_type": "node", "spa": null, "fireplace": null, "fishing": null, "security": null, "water": null }, "geometry": { "type": "Point", "coordinates": [ 72.6148754, 23.1931868 ] } },
{ "type": "Feature", "properties": { "lat": 23.1950881, "visible": "False", "version": 2, "tags": null, "id": 6113416290, "lon": 72.6146833, "changeset": 0.0, "timestamp": 1545134756, "addr:city": "Gandhinagar", "addr:country": null, "addr:full": null, "addr:housenumber": null, "addr:housename": null, "addr:postcode": "382421", "addr:place": null, "addr:street": "Sarthak Mall, Kh-Road", "email": null, "name": "7 Colours Pan Parlor", "opening_hours": null, "operator": null, "phone": null, "ref": null, "url": null, "website": null, "amenity": "cafe", "atm": null, "bank": null, "bicycle_parking": null, "bicycle_rental": null, "bar": null, "biergarten": null, "building": null, "building:levels": null, "cafe": null, "drinking_water": null, "fast_food": null, "fountain": null, "fuel": null, "internet_access": null, "landuse": null, "office": null, "parking": null, "police": null, "post_office": null, "restaurant": null, "school": null, "social_facility": null, "source": null, "start_date": null, "taxi": null, "wikipedia": null, "agrarian": null, "alcohol": null, "bag": null, "books": null, "butcher": null, "clothes": null, "computer": null, "craft": null, "furniture": null, "gas": null, "hairdresser": null, "kitchen": null, "massage": null, "medical_supply": null, "motorcycle": null, "organic": null, "outdoor": null, "pet": null, "religion": null, "second_hand": null, "shoes": null, "shop": null, "swimming_pool": null, "trade": null, "wholesale": null, "attraction": null, "camp_site": null, "guest_house": null, "hostel": null, "information": null, "museum": null, "tourism": null, "viewpoint": null, "zoo": null, "osm_type": "node", "spa": null, "fireplace": null, "fishing": null, "security": null, "water": null }, "geometry": { "type": "Point", "coordinates": [ 72.6146833, 23.1950881 ] } },
{ "type": "Feature", "properties": { "lat": 23.0169709, "visible": "False", "version": 1, "tags": { "name:ja": "チキンビリヤニ" }, "id": 6183928288, "lon": 72.5835893, "changeset": 0.0, "timestamp": 1546612625, "addr:city": null, "addr:country": null, "addr:full": null, "addr:housenumber": null, "addr:housename": null, "addr:postcode": null, "addr:place": null, "addr:street": null, "email": null, "name": "Chicken biryani", "opening_hours": null, "operator": null, "phone": null, "ref": null, "url": null, "website": null, "amenity": "restaurant", "atm": null, "bank": null, "bicycle_parking": null, "bicycle_rental": null, "bar": null, "biergarten": null, "building": null, "building:levels": null, "cafe": null, "drinking_water": null, "fast_food": null, "fountain": null, "fuel": null, "internet_access": null, "landuse": null, "office": null, "parking": null, "police": null, "post_office": null, "restaurant": null, "school": null, "social_facility": null, "source": null, "start_date": null, "taxi": null, "wikipedia": null, "agrarian": null, "alcohol": null, "bag": null, "books": null, "butcher": null, "clothes": null, "computer": null, "craft": null, "furniture": null, "gas": null, "hairdresser": null, "kitchen": null, "massage": null, "medical_supply": null, "motorcycle": null, "organic": null, "outdoor": null, "pet": null, "religion": null, "second_hand": null, "shoes": null, "shop": null, "swimming_pool": null, "trade": null, "wholesale": null, "attraction": null, "camp_site": null, "guest_house": null, "hostel": null, "information": null, "museum": null, "tourism": null, "viewpoint": null, "zoo": null, "osm_type": "node", "spa": null, "fireplace": null, "fishing": null, "security": null, "water": null }, "geometry": { "type": "Point", "coordinates": [ 72.5835893, 23.0169709 ] } },
{ "type": "Feature", "properties": { "lat": 23.0197975, "visible": "False", "version": 1, "tags": null, "id": 6183937086, "lon": 72.5838568, "changeset": 0.0, "timestamp": 1546612626, "addr:city": null, "addr:country": null, "addr:full": null, "addr:housenumber": null, "addr:housename": null, "addr:postcode": null, "addr:place": null, "addr:street": null, "email": null, "name": "K.G.N. Chinese Fry Centre", "opening_hours": null, "operator": null, "phone": null, "ref": null, "url": null, "website": null, "amenity": "restaurant", "atm": null, "bank": null, "bicycle_parking": null, "bicycle_rental": null, "bar": null, "biergarten": null, "building": null, "building:levels": null, "cafe": null, "drinking_water": null, "fast_food": null, "fountain": null, "fuel": null, "internet_access": null, "landuse": null, "office": null, "parking": null, "police": null, "post_office": null, "restaurant": null, "school": null, "social_facility": null, "source": null, "start_date": null, "taxi": null, "wikipedia": null, "agrarian": null, "alcohol": null, "bag": null, "books": null, "butcher": null, "clothes": null, "computer": null, "craft": null, "furniture": null, "gas": null, "hairdresser": null, "kitchen": null, "massage": null, "medical_supply": null, "motorcycle": null, "organic": null, "outdoor": null, "pet": null, "religion": null, "second_hand": null, "shoes": null, "shop": null, "swimming_pool": null, "trade": null, "wholesale": null, "attraction": null, "camp_site": null, "guest_house": null, "hostel": null, "information": null, "museum": null, "tourism": null, "viewpoint": null, "zoo": null, "osm_type": "node", "spa": null, "fireplace": null, "fishing": null, "security": null, "water": null }, "geometry": { "type": "Point", "coordinates": [ 72.5838568, 23.0197975 ] } },
{ "type": "Feature", "properties": { "lat": 23.0355672, "visible": "False", "version": 1, "tags": { "air_conditioning": "yes", "cuisine": "pizza;italian;coffee_shop;indian", "delivery": "yes", "outdoor_seating": "yes" }, "id": 6649963089, "lon": 72.5061396, "changeset": 0.0, "timestamp": 1564143232, "addr:city": "ahmedabad", "addr:country": null, "addr:full": null, "addr:housenumber": "0", "addr:housename": null, "addr:postcode": "380054", "addr:place": null, "addr:street": "behind bogarosa, rajpath club, bodakdev.", "email": null, "name": "cabana lounge", "opening_hours": null, "operator": null, "phone": "+919998822297", "ref": null, "url": null, "website": null, "amenity": "cafe", "atm": null, "bank": null, "bicycle_parking": null, "bicycle_rental": null, "bar": null, "biergarten": null, "building": null, "building:levels": null, "cafe": null, "drinking_water": null, "fast_food": null, "fountain": null, "fuel": null, "internet_access": null, "landuse": null, "office": null, "parking": null, "police": null, "post_office": null, "restaurant": null, "school": null, "social_facility": null, "source": null, "start_date": null, "taxi": null, "wikipedia": null, "agrarian": null, "alcohol": null, "bag": null, "books": null, "butcher": null, "clothes": null, "computer": null, "craft": null, "furniture": null, "gas": null, "hairdresser": null, "kitchen": null, "massage": null, "medical_supply": null, "motorcycle": null, "organic": null, "outdoor": null, "pet": null, "religion": null, "second_hand": null, "shoes": null, "shop": null, "swimming_pool": null, "trade": null, "wholesale": null, "attraction": null, "camp_site": null, "guest_house": null, "hostel": null, "information": null, "museum": null, "tourism": null, "viewpoint": null, "zoo": null, "osm_type": "node", "spa": null, "fireplace": null, "fishing": null, "security": null, "water": null }, "geometry": { "type": "Point", "coordinates": [ 72.5061396, 23.0355672 ] } },
{ "type": "Feature", "properties": { "lat": 22.9798046, "visible": "False", "version": 1, "tags": null, "id": 6831009179, "lon": 72.5737246, "changeset": 0.0, "timestamp": 1569597497, "addr:city": null, "addr:country": null, "addr:full": null, "addr:housenumber": null, "addr:housename": null, "addr:postcode": null, "addr:place": null, "addr:street": null, "email": null, "name": "Himalaya Bakery", "opening_hours": null, "operator": null, "phone": null, "ref": null, "url": null, "website": null, "amenity": "fast_food", "atm": null, "bank": null, "bicycle_parking": null, "bicycle_rental": null, "bar": null, "biergarten": null, "building": null, "building:levels": null, "cafe": null, "drinking_water": null, "fast_food": null, "fountain": null, "fuel": null, "internet_access": null, "landuse": null, "office": null, "parking": null, "police": null, "post_office": null, "restaurant": null, "school": null, "social_facility": null, "source": null, "start_date": null, "taxi": null, "wikipedia": null, "agrarian": null, "alcohol": null, "bag": null, "books": null, "butcher": null, "clothes": null, "computer": null, "craft": null, "furniture": null, "gas": null, "hairdresser": null, "kitchen": null, "massage": null, "medical_supply": null, "motorcycle": null, "organic": null, "outdoor": null, "pet": null, "religion": null, "second_hand": null, "shoes": null, "shop": null, "swimming_pool": null, "trade": null, "wholesale": null, "attraction": null, "camp_site": null, "guest_house": null, "hostel": null, "information": null, "museum": null, "tourism": null, "viewpoint": null, "zoo": null, "osm_type": "node", "spa": null, "fireplace": null, "fishing": null, "security": null, "water": null }, "geometry": { "type": "Point", "coordinates": [ 72.5737246, 22.9798046 ] } },
{ "type": "Feature", "properties": { "lat": 23.0012911, "visible": "False", "version": 1, "tags": { "name:ko": "Domino Pizza" }, "id": 7020233388, "lon": 72.5995705, "changeset": 0.0, "timestamp": 1575046603, "addr:city": null, "addr:country": null, "addr:full": null, "addr:housenumber": null, "addr:housename": null, "addr:postcode": null, "addr:place": null, "addr:street": null, "email": null, "name": null, "opening_hours": null, "operator": null, "phone": null, "ref": null, "url": null, "website": null, "amenity": "restaurant", "atm": null, "bank": null, "bicycle_parking": null, "bicycle_rental": null, "bar": null, "biergarten": null, "building": null, "building:levels": null, "cafe": null, "drinking_water": null, "fast_food": null, "fountain": null, "fuel": null, "internet_access": null, "landuse": null, "office": null, "parking": null, "police": null, "post_office": null, "restaurant": null, "school": null, "social_facility": null, "source": null, "start_date": null, "taxi": null, "wikipedia": null, "agrarian": null, "alcohol": null, "bag": null, "books": null, "butcher": null, "clothes": null, "computer": null, "craft": null, "furniture": null, "gas": null, "hairdresser": null, "kitchen": null, "massage": null, "medical_supply": null, "motorcycle": null, "organic": null, "outdoor": null, "pet": null, "religion": null, "second_hand": null, "shoes": null, "shop": null, "swimming_pool": null, "trade": null, "wholesale": null, "attraction": null, "camp_site": null, "guest_house": null, "hostel": null, "information": null, "museum": null, "tourism": null, "viewpoint": null, "zoo": null, "osm_type": "node", "spa": null, "fireplace": null, "fishing": null, "security": null, "water": null }, "geometry": { "type": "Point", "coordinates": [ 72.5995705, 23.0012911 ] } },
{ "type": "Feature", "properties": { "lat": 23.034043, "visible": "False", "version": 1, "tags": null, "id": 7137331982, "lon": 72.5018226, "changeset": 0.0, "timestamp": 1579199061, "addr:city": null, "addr:country": null, "addr:full": null, "addr:housenumber": null, "addr:housename": null, "addr:postcode": null, "addr:place": null, "addr:street": null, "email": null, "name": "The Cafe Date", "opening_hours": null, "operator": null, "phone": null, "ref": null, "url": null, "website": null, "amenity": "cafe", "atm": null, "bank": null, "bicycle_parking": null, "bicycle_rental": null, "bar": null, "biergarten": null, "building": null, "building:levels": null, "cafe": null, "drinking_water": null, "fast_food": null, "fountain": null, "fuel": null, "internet_access": null, "landuse": null, "office": null, "parking": null, "police": null, "post_office": null, "restaurant": null, "school": null, "social_facility": null, "source": null, "start_date": null, "taxi": null, "wikipedia": null, "agrarian": null, "alcohol": null, "bag": null, "books": null, "butcher": null, "clothes": null, "computer": null, "craft": null, "furniture": null, "gas": null, "hairdresser": null, "kitchen": null, "massage": null, "medical_supply": null, "motorcycle": null, "organic": null, "outdoor": null, "pet": null, "religion": null, "second_hand": null, "shoes": null, "shop": null, "swimming_pool": null, "trade": null, "wholesale": null, "attraction": null, "camp_site": null, "guest_house": null, "hostel": null, "information": null, "museum": null, "tourism": null, "viewpoint": null, "zoo": null, "osm_type": "node", "spa": null, "fireplace": null, "fishing": null, "security": null, "water": null }, "geometry": { "type": "Point", "coordinates": [ 72.5018226, 23.034043 ] } },
{ "type": "Feature", "properties": { "lat": 23.0360509, "visible": "False", "version": 3, "tags": { "air_conditioning": "yes", "capacity": "50", "cuisine": "pizza;coffee_shop;sandwich;italian;ice_cream;regional;mexican", "delivery": "yes", "description": "Freshly Brewed Coffee and delicious food", "internet_access:fee": "customers", "level": "2", "outdoor_seating": "yes", "payment:american_express": "yes", "payment:cards": "yes", "payment:cash": "yes", "payment:coins": "yes", "payment:contactless": "yes", "payment:debit_cards": "yes", "payment:maestro": "yes", "payment:mastercard": "yes", "payment:visa": "yes", "takeaway": "yes" }, "id": 8039346176, "lon": 72.5611735, "changeset": 0.0, "timestamp": 1692532184, "addr:city": "Ahmedabad", "addr:country": "IN", "addr:full": null, "addr:housenumber": "1", "addr:housename": null, "addr:postcode": "380009", "addr:place": null, "addr:street": "Swastik Cross Road /Swastik Society Road / Swastik X Road", "email": "coffeestandbbc@gmail.com", "name": "Coffee Stand-CG Road", "opening_hours": "24/7", "operator": null, "phone": "+919726323358", "ref": null, "url": null, "website": null, "amenity": "cafe", "atm": null, "bank": null, "bicycle_parking": null, "bicycle_rental": null, "bar": null, "biergarten": null, "building": null, "building:levels": null, "cafe": null, "drinking_water": null, "fast_food": null, "fountain": null, "fuel": null, "internet_access": "wlan", "landuse": null, "office": null, "parking": null, "police": null, "post_office": null, "restaurant": null, "school": null, "social_facility": null, "source": null, "start_date": null, "taxi": null, "wikipedia": null, "agrarian": null, "alcohol": null, "bag": null, "books": null, "butcher": null, "clothes": null, "computer": null, "craft": null, "furniture": null, "gas": null, "hairdresser": null, "kitchen": null, "massage": null, "medical_supply": null, "motorcycle": null, "organic": null, "outdoor": null, "pet": null, "religion": null, "second_hand": null, "shoes": null, "shop": null, "swimming_pool": null, "trade": null, "wholesale": null, "attraction": null, "camp_site": null, "guest_house": null, "hostel": null, "information": null, "museum": null, "tourism": null, "viewpoint": null, "zoo": null, "osm_type": "node", "spa": null, "fireplace": null, "fishing": null, "security": null, "water": null }, "geometry": { "type": "Point", "coordinates": [ 72.5611735, 23.0360509 ] } },
{ "type": "Feature", "properties": { "lat": 23.1875373, "visible": "False", "version": 3, "tags": { "air_conditioning": "yes", "cuisine": "regional;indian;buffet", "delivery": "yes", "diet:vegetarian": "yes", "outdoor_seating": "no", "smoking": "no" }, "id": 8152270626, "lon": 72.5739984, "changeset": 0.0, "timestamp": 1672266110, "addr:city": "Adalaj", "addr:country": null, "addr:full": null, "addr:housenumber": "Shivam 2", "addr:housename": null, "addr:postcode": "382421", "addr:place": null, "addr:street": "Trimandir - Dadanagar Rd", "email": null, "name": "fiftyeight sixtyeight - 5868", "opening_hours": null, "operator": null, "phone": "+91 95747 45868", "ref": null, "url": null, "website": "https://www.vinncahotels.com/", "amenity": "restaurant", "atm": null, "bank": null, "bicycle_parking": null, "bicycle_rental": null, "bar": null, "biergarten": null, "building": null, "building:levels": null, "cafe": null, "drinking_water": null, "fast_food": null, "fountain": null, "fuel": null, "internet_access": null, "landuse": null, "office": null, "parking": null, "police": null, "post_office": null, "restaurant": null, "school": null, "social_facility": null, "source": null, "start_date": null, "taxi": null, "wikipedia": null, "agrarian": null, "alcohol": null, "bag": null, "books": null, "butcher": null, "clothes": null, "computer": null, "craft": null, "furniture": null, "gas": null, "hairdresser": null, "kitchen": null, "massage": null, "medical_supply": null, "motorcycle": null, "organic": null, "outdoor": null, "pet": null, "religion": null, "second_hand": null, "shoes": null, "shop": null, "swimming_pool": null, "trade": null, "wholesale": null, "attraction": null, "camp_site": null, "guest_house": null, "hostel": null, "information": null, "museum": null, "tourism": null, "viewpoint": null, "zoo": null, "osm_type": "node", "spa": null, "fireplace": null, "fishing": null, "security": null, "water": null }, "geometry": { "type": "Point", "coordinates": [ 72.5739984, 23.1875373 ] } },
{ "type": "Feature", "properties": { "lat": 23.0221413, "visible": "False", "version": 2, "tags": { "brand": "McDonald's", "brand:pa": "ਮੈਕਡੋਨਲਡ’ਜ਼", "brand:ur": "مکڈونلڈز", "brand:wikidata": "Q38076", "brand:wikipedia": "en:McDonald's", "brand:wikipedia:pa": "ਮੈਕਡੋਨਲਡ’ਜ਼", "brand:wikipedia:ur": "مکڈونلڈز", "cuisine": "burger", "name:pa": "ਮੈਕਡੋਨਲਡ’ਜ਼", "name:ur": "مکڈونلڈز", "takeaway": "yes" }, "id": 8455774613, "lon": 72.5567513, "changeset": 0.0, "timestamp": 1644179856, "addr:city": null, "addr:country": null, "addr:full": null, "addr:housenumber": null, "addr:housename": null, "addr:postcode": null, "addr:place": null, "addr:street": null, "email": null, "name": "McDonald's", "opening_hours": null, "operator": null, "phone": null, "ref": null, "url": null, "website": null, "amenity": "fast_food", "atm": null, "bank": null, "bicycle_parking": null, "bicycle_rental": null, "bar": null, "biergarten": null, "building": null, "building:levels": null, "cafe": null, "drinking_water": null, "fast_food": null, "fountain": null, "fuel": null, "internet_access": null, "landuse": null, "office": null, "parking": null, "police": null, "post_office": null, "restaurant": null, "school": null, "social_facility": null, "source": null, "start_date": null, "taxi": null, "wikipedia": null, "agrarian": null, "alcohol": null, "bag": null, "books": null, "butcher": null, "clothes": null, "computer": null, "craft": null, "furniture": null, "gas": null, "hairdresser": null, "kitchen": null, "massage": null, "medical_supply": null, "motorcycle": null, "organic": null, "outdoor": null, "pet": null, "religion": null, "second_hand": null, "shoes": null, "shop": null, "swimming_pool": null, "trade": null, "wholesale": null, "attraction": null, "camp_site": null, "guest_house": null, "hostel": null, "information": null, "museum": null, "tourism": null, "viewpoint": null, "zoo": null, "osm_type": "node", "spa": null, "fireplace": null, "fishing": null, "security": null, "water": null }, "geometry": { "type": "Point", "coordinates": [ 72.5567513, 23.0221413 ] } },
{ "type": "Feature", "properties": { "lat": 23.0175789, "visible": "False", "version": 1, "tags": { "air_conditioning": "yes", "cuisine": "indian", "diet:vegetarian": "yes" }, "id": 8490717173, "lon": 72.4750517, "changeset": 0.0, "timestamp": 1615004103, "addr:city": "Ahmedabad", "addr:country": null, "addr:full": null, "addr:housenumber": "SoBo Centre", "addr:housename": null, "addr:postcode": null, "addr:place": null, "addr:street": "200ft. Gala Gymkhana Road", "email": null, "name": "Hocco Eatery", "opening_hours": null, "operator": null, "phone": null, "ref": null, "url": null, "website": null, "amenity": "restaurant", "atm": null, "bank": null, "bicycle_parking": null, "bicycle_rental": null, "bar": null, "biergarten": null, "building": null, "building:levels": null, "cafe": null, "drinking_water": null, "fast_food": null, "fountain": null, "fuel": null, "internet_access": null, "landuse": null, "office": null, "parking": null, "police": null, "post_office": null, "restaurant": null, "school": null, "social_facility": null, "source": null, "start_date": null, "taxi": null, "wikipedia": null, "agrarian": null, "alcohol": null, "bag": null, "books": null, "butcher": null, "clothes": null, "computer": null, "craft": null, "furniture": null, "gas": null, "hairdresser": null, "kitchen": null, "massage": null, "medical_supply": null, "motorcycle": null, "organic": null, "outdoor": null, "pet": null, "religion": null, "second_hand": null, "shoes": null, "shop": null, "swimming_pool": null, "trade": null, "wholesale": null, "attraction": null, "camp_site": null, "guest_house": null, "hostel": null, "information": null, "museum": null, "tourism": null, "viewpoint": null, "zoo": null, "osm_type": "node", "spa": null, "fireplace": null, "fishing": null, "security": null, "water": null }, "geometry": { "type": "Point", "coordinates": [ 72.4750517, 23.0175789 ] } },
{ "type": "Feature", "properties": { "lat": 23.0244466, "visible": "False", "version": 1, "tags": { "cuisine": "Gujarati;regional", "diet:vegetarian": "yes" }, "id": 8548483880, "lon": 72.5589826, "changeset": 0.0, "timestamp": 1616405970, "addr:city": null, "addr:country": null, "addr:full": null, "addr:housenumber": null, "addr:housename": null, "addr:postcode": null, "addr:place": null, "addr:street": null, "email": null, "name": "Swati Snacks", "opening_hours": null, "operator": null, "phone": null, "ref": null, "url": null, "website": "https://www.swatisnacks.com/", "amenity": "restaurant", "atm": null, "bank": null, "bicycle_parking": null, "bicycle_rental": null, "bar": null, "biergarten": null, "building": null, "building:levels": null, "cafe": null, "drinking_water": null, "fast_food": null, "fountain": null, "fuel": null, "internet_access": null, "landuse": null, "office": null, "parking": null, "police": null, "post_office": null, "restaurant": null, "school": null, "social_facility": null, "source": null, "start_date": null, "taxi": null, "wikipedia": null, "agrarian": null, "alcohol": null, "bag": null, "books": null, "butcher": null, "clothes": null, "computer": null, "craft": null, "furniture": null, "gas": null, "hairdresser": null, "kitchen": null, "massage": null, "medical_supply": null, "motorcycle": null, "organic": null, "outdoor": null, "pet": null, "religion": null, "second_hand": null, "shoes": null, "shop": null, "swimming_pool": null, "trade": null, "wholesale": null, "attraction": null, "camp_site": null, "guest_house": null, "hostel": null, "information": null, "museum": null, "tourism": null, "viewpoint": null, "zoo": null, "osm_type": "node", "spa": null, "fireplace": null, "fishing": null, "security": null, "water": null }, "geometry": { "type": "Point", "coordinates": [ 72.5589826, 23.0244466 ] } },
{ "type": "Feature", "properties": { "lat": 23.0158336, "visible": "False", "version": 1, "tags": null, "id": 8847682611, "lon": 72.5508007, "changeset": 0.0, "timestamp": 1624088859, "addr:city": null, "addr:country": null, "addr:full": null, "addr:housenumber": null, "addr:housename": null, "addr:postcode": null, "addr:place": null, "addr:street": null, "email": null, "name": "Deshi Chulha Non-veg", "opening_hours": null, "operator": null, "phone": null, "ref": null, "url": null, "website": null, "amenity": "cafe", "atm": null, "bank": null, "bicycle_parking": null, "bicycle_rental": null, "bar": null, "biergarten": null, "building": null, "building:levels": null, "cafe": null, "drinking_water": null, "fast_food": null, "fountain": null, "fuel": null, "internet_access": null, "landuse": null, "office": null, "parking": null, "police": null, "post_office": null, "restaurant": null, "school": null, "social_facility": null, "source": null, "start_date": null, "taxi": null, "wikipedia": null, "agrarian": null, "alcohol": null, "bag": null, "books": null, "butcher": null, "clothes": null, "computer": null, "craft": null, "furniture": null, "gas": null, "hairdresser": null, "kitchen": null, "massage": null, "medical_supply": null, "motorcycle": null, "organic": null, "outdoor": null, "pet": null, "religion": null, "second_hand": null, "shoes": null, "shop": null, "swimming_pool": null, "trade": null, "wholesale": null, "attraction": null, "camp_site": null, "guest_house": null, "hostel": null, "information": null, "museum": null, "tourism": null, "viewpoint": null, "zoo": null, "osm_type": "node", "spa": null, "fireplace": null, "fishing": null, "security": null, "water": null }, "geometry": { "type": "Point", "coordinates": [ 72.5508007, 23.0158336 ] } },
{ "type": "Feature", "properties": { "lat": 23.0451215, "visible": "False", "version": 1, "tags": null, "id": 8847682612, "lon": 72.4854863, "changeset": 0.0, "timestamp": 1624088859, "addr:city": null, "addr:country": null, "addr:full": null, "addr:housenumber": null, "addr:housename": null, "addr:postcode": null, "addr:place": null, "addr:street": null, "email": null, "name": "Bean Box Cafe", "opening_hours": null, "operator": null, "phone": null, "ref": null, "url": null, "website": null, "amenity": "cafe", "atm": null, "bank": null, "bicycle_parking": null, "bicycle_rental": null, "bar": null, "biergarten": null, "building": null, "building:levels": null, "cafe": null, "drinking_water": null, "fast_food": null, "fountain": null, "fuel": null, "internet_access": null, "landuse": null, "office": null, "parking": null, "police": null, "post_office": null, "restaurant": null, "school": null, "social_facility": null, "source": null, "start_date": null, "taxi": null, "wikipedia": null, "agrarian": null, "alcohol": null, "bag": null, "books": null, "butcher": null, "clothes": null, "computer": null, "craft": null, "furniture": null, "gas": null, "hairdresser": null, "kitchen": null, "massage": null, "medical_supply": null, "motorcycle": null, "organic": null, "outdoor": null, "pet": null, "religion": null, "second_hand": null, "shoes": null, "shop": null, "swimming_pool": null, "trade": null, "wholesale": null, "attraction": null, "camp_site": null, "guest_house": null, "hostel": null, "information": null, "museum": null, "tourism": null, "viewpoint": null, "zoo": null, "osm_type": "node", "spa": null, "fireplace": null, "fishing": null, "security": null, "water": null }, "geometry": { "type": "Point", "coordinates": [ 72.4854863, 23.0451215 ] } },
{ "type": "Feature", "properties": { "lat": 23.0875162, "visible": "False", "version": 2, "tags": { "air_conditioning": "yes", "capacity": "100", "cuisine": "indian;regional;asian", "diet:meat": "yes", "diet:vegan": "yes", "diet:vegetarian": "yes" }, "id": 8972208043, "lon": 72.683768, "changeset": 0.0, "timestamp": 1631266655, "addr:city": "Ahmedabad", "addr:country": null, "addr:full": null, "addr:housenumber": "4,5,6, Nadroda Business Hub", "addr:housename": null, "addr:postcode": "382330", "addr:place": null, "addr:street": "opp. Satva Green Party Plot, Nr. Ring Road Circle Hanspura, Naroda - Dahegam Road", "email": null, "name": "Babadeepsingh Restaurant", "opening_hours": "Mo-Su 11:00-23:00", "operator": null, "phone": null, "ref": null, "url": null, "website": "https://www.google.com/maps/place/Babadeepsingh+Restaurant/@23.0874355,72.6838467,44m/data=!3m1!1e3!4m5!3m4!1s0x0:0xb4ba50b58fd62be4!8m2!3d23.0874765!4d72.6838011", "amenity": "restaurant", "atm": null, "bank": null, "bicycle_parking": null, "bicycle_rental": null, "bar": null, "biergarten": null, "building": null, "building:levels": null, "cafe": null, "drinking_water": null, "fast_food": null, "fountain": null, "fuel": null, "internet_access": null, "landuse": null, "office": null, "parking": null, "police": null, "post_office": null, "restaurant": null, "school": null, "social_facility": null, "source": "Flood DMBD;Flood;Flood DMBD Clientele;Reu", "start_date": null, "taxi": null, "wikipedia": null, "agrarian": null, "alcohol": null, "bag": null, "books": null, "butcher": null, "clothes": null, "computer": null, "craft": null, "furniture": null, "gas": null, "hairdresser": null, "kitchen": null, "massage": null, "medical_supply": null, "motorcycle": null, "organic": null, "outdoor": null, "pet": null, "religion": null, "second_hand": null, "shoes": null, "shop": null, "swimming_pool": null, "trade": null, "wholesale": null, "attraction": null, "camp_site": null, "guest_house": null, "hostel": null, "information": null, "museum": null, "tourism": null, "viewpoint": null, "zoo": null, "osm_type": "node", "spa": null, "fireplace": null, "fishing": null, "security": null, "water": null }, "geometry": { "type": "Point", "coordinates": [ 72.683768, 23.0875162 ] } },
{ "type": "Feature", "properties": { "lat": 23.0163696, "visible": "False", "version": 1, "tags": { "air_conditioning": "yes", "cuisine": "regional;indian" }, "id": 8998662168, "lon": 72.5248026, "changeset": 0.0, "timestamp": 1628685962, "addr:city": "Ahmedabad", "addr:country": null, "addr:full": null, "addr:housenumber": null, "addr:housename": null, "addr:postcode": "380015", "addr:place": null, "addr:street": "Shivalay Apartment 2", "email": null, "name": "Diwan Bhel Pakodi Center", "opening_hours": "Mo-Su 11:00-22:00", "operator": null, "phone": null, "ref": null, "url": null, "website": null, "amenity": "fast_food", "atm": null, "bank": null, "bicycle_parking": null, "bicycle_rental": null, "bar": null, "biergarten": null, "building": null, "building:levels": null, "cafe": null, "drinking_water": null, "fast_food": null, "fountain": null, "fuel": null, "internet_access": null, "landuse": null, "office": null, "parking": null, "police": null, "post_office": null, "restaurant": null, "school": null, "social_facility": null, "source": null, "start_date": null, "taxi": null, "wikipedia": null, "agrarian": null, "alcohol": null, "bag": null, "books": null, "butcher": null, "clothes": null, "computer": null, "craft": null, "furniture": null, "gas": null, "hairdresser": null, "kitchen": null, "massage": null, "medical_supply": null, "motorcycle": null, "organic": null, "outdoor": null, "pet": null, "religion": null, "second_hand": null, "shoes": null, "shop": null, "swimming_pool": null, "trade": null, "wholesale": null, "attraction": null, "camp_site": null, "guest_house": null, "hostel": null, "information": null, "museum": null, "tourism": null, "viewpoint": null, "zoo": null, "osm_type": "node", "spa": null, "fireplace": null, "fishing": null, "security": null, "water": null }, "geometry": { "type": "Point", "coordinates": [ 72.5248026, 23.0163696 ] } },
{ "type": "Feature", "properties": { "lat": 23.0163966, "visible": "False", "version": 1, "tags": { "cuisine": "regional;indian" }, "id": 8998662169, "lon": 72.5243683, "changeset": 0.0, "timestamp": 1628685962, "addr:city": "Ahmedabad", "addr:country": null, "addr:full": null, "addr:housenumber": "GF-5", "addr:housename": null, "addr:postcode": "380015", "addr:place": null, "addr:street": "Nandanvan 3", "email": null, "name": "Jagdish Chaat Pakodi Center", "opening_hours": "Mo-Su 14:00-22:30", "operator": null, "phone": null, "ref": null, "url": null, "website": null, "amenity": "fast_food", "atm": null, "bank": null, "bicycle_parking": null, "bicycle_rental": null, "bar": null, "biergarten": null, "building": null, "building:levels": null, "cafe": null, "drinking_water": null, "fast_food": null, "fountain": null, "fuel": null, "internet_access": null, "landuse": null, "office": null, "parking": null, "police": null, "post_office": null, "restaurant": null, "school": null, "social_facility": null, "source": null, "start_date": null, "taxi": null, "wikipedia": null, "agrarian": null, "alcohol": null, "bag": null, "books": null, "butcher": null, "clothes": null, "computer": null, "craft": null, "furniture": null, "gas": null, "hairdresser": null, "kitchen": null, "massage": null, "medical_supply": null, "motorcycle": null, "organic": null, "outdoor": null, "pet": null, "religion": null, "second_hand": null, "shoes": null, "shop": null, "swimming_pool": null, "trade": null, "wholesale": null, "attraction": null, "camp_site": null, "guest_house": null, "hostel": null, "information": null, "museum": null, "tourism": null, "viewpoint": null, "zoo": null, "osm_type": "node", "spa": null, "fireplace": null, "fishing": null, "security": null, "water": null }, "geometry": { "type": "Point", "coordinates": [ 72.5243683, 23.0163966 ] } },
{ "type": "Feature", "properties": { "lat": 23.0172744, "visible": "False", "version": 2, "tags": { "addr:suburb": "Shyamal", "brand": "Domino's", "brand:ks": "ڈومینوز", "brand:pa": "ਡੋਮੀਨੋਜ਼", "brand:ur": "ڈومینوز", "brand:wikidata": "Q839466", "brand:wikipedia": "en:Domino's Pizza", "cuisine": "pizza", "delivery": "yes", "name:ks": "ڈومینوز", "name:pa": "ਡੋਮੀਨੋਜ਼", "name:ur": "ڈومینوز", "takeaway": "yes" }, "id": 9005464434, "lon": 72.5299212, "changeset": 0.0, "timestamp": 1645324102, "addr:city": "Ahmedabad", "addr:country": null, "addr:full": null, "addr:housenumber": null, "addr:housename": "Sigma Icon", "addr:postcode": "380015", "addr:place": null, "addr:street": "132 Ft. Ring Road", "email": null, "name": "Domino's", "opening_hours": "Mo-Su 10:00-23:00", "operator": null, "phone": "18002081234", "ref": null, "url": null, "website": null, "amenity": "fast_food", "atm": null, "bank": null, "bicycle_parking": null, "bicycle_rental": null, "bar": null, "biergarten": null, "building": null, "building:levels": null, "cafe": null, "drinking_water": null, "fast_food": null, "fountain": null, "fuel": null, "internet_access": null, "landuse": null, "office": null, "parking": null, "police": null, "post_office": null, "restaurant": null, "school": null, "social_facility": null, "source": null, "start_date": null, "taxi": null, "wikipedia": null, "agrarian": null, "alcohol": null, "bag": null, "books": null, "butcher": null, "clothes": null, "computer": null, "craft": null, "furniture": null, "gas": null, "hairdresser": null, "kitchen": null, "massage": null, "medical_supply": null, "motorcycle": null, "organic": null, "outdoor": null, "pet": null, "religion": null, "second_hand": null, "shoes": null, "shop": null, "swimming_pool": null, "trade": null, "wholesale": null, "attraction": null, "camp_site": null, "guest_house": null, "hostel": null, "information": null, "museum": null, "tourism": null, "viewpoint": null, "zoo": null, "osm_type": "node", "spa": null, "fireplace": null, "fishing": null, "security": null, "water": null }, "geometry": { "type": "Point", "coordinates": [ 72.5299212, 23.0172744 ] } },
{ "type": "Feature", "properties": { "lat": 23.0116205, "visible": "False", "version": 2, "tags": { "air_conditioning": "yes", "cuisine": "pizza", "delivery": "yes" }, "id": 9006994317, "lon": 72.5052184, "changeset": 0.0, "timestamp": 1628966304, "addr:city": "Ahmedabad", "addr:country": null, "addr:full": null, "addr:housenumber": "GF7-8", "addr:housename": null, "addr:postcode": "380015", "addr:place": null, "addr:street": "Opp Prahladnagar Garden", "email": null, "name": "La Milano Pizzeria Prahladnagar", "opening_hours": "Mo-Su 10:00-22:00", "operator": null, "phone": "+916359149090", "ref": null, "url": null, "website": null, "amenity": "restaurant", "atm": null, "bank": null, "bicycle_parking": null, "bicycle_rental": null, "bar": null, "biergarten": null, "building": null, "building:levels": null, "cafe": null, "drinking_water": null, "fast_food": null, "fountain": null, "fuel": null, "internet_access": null, "landuse": null, "office": null, "parking": null, "police": null, "post_office": null, "restaurant": null, "school": null, "social_facility": null, "source": null, "start_date": null, "taxi": null, "wikipedia": null, "agrarian": null, "alcohol": null, "bag": null, "books": null, "butcher": null, "clothes": null, "computer": null, "craft": null, "furniture": null, "gas": null, "hairdresser": null, "kitchen": null, "massage": null, "medical_supply": null, "motorcycle": null, "organic": null, "outdoor": null, "pet": null, "religion": null, "second_hand": null, "shoes": null, "shop": null, "swimming_pool": null, "trade": null, "wholesale": null, "attraction": null, "camp_site": null, "guest_house": null, "hostel": null, "information": null, "museum": null, "tourism": null, "viewpoint": null, "zoo": null, "osm_type": "node", "spa": null, "fireplace": null, "fishing": null, "security": null, "water": null }, "geometry": { "type": "Point", "coordinates": [ 72.5052184, 23.0116205 ] } },
{ "type": "Feature", "properties": { "lat": 23.0258612, "visible": "False", "version": 3, "tags": { "brand": "McDonald's", "brand:pa": "ਮੈਕਡੋਨਲਡ’ਜ਼", "brand:ur": "مکڈونلڈز", "brand:wikidata": "Q38076", "brand:wikipedia": "en:McDonald's", "brand:wikipedia:pa": "ਮੈਕਡੋਨਲਡ’ਜ਼", "brand:wikipedia:ur": "مکڈونلڈز", "cuisine": "burger", "name:pa": "ਮੈਕਡੋਨਲਡ’ਜ਼", "name:ur": "مکڈونلڈز", "takeaway": "yes" }, "id": 9009705206, "lon": 72.4762382, "changeset": 0.0, "timestamp": 1644179856, "addr:city": "Ahmedabad", "addr:country": null, "addr:full": null, "addr:housenumber": "SN 1", "addr:housename": null, "addr:postcode": "380058", "addr:place": null, "addr:street": "Sardar Patel Ring Road", "email": null, "name": "McDonald's", "opening_hours": null, "operator": null, "phone": "+919372722317", "ref": null, "url": null, "website": "https://www.mcdelivery.co.in/", "amenity": "fast_food", "atm": null, "bank": null, "bicycle_parking": null, "bicycle_rental": null, "bar": null, "biergarten": null, "building": null, "building:levels": null, "cafe": null, "drinking_water": null, "fast_food": null, "fountain": null, "fuel": null, "internet_access": null, "landuse": null, "office": null, "parking": null, "police": null, "post_office": null, "restaurant": null, "school": null, "social_facility": null, "source": null, "start_date": null, "taxi": null, "wikipedia": null, "agrarian": null, "alcohol": null, "bag": null, "books": null, "butcher": null, "clothes": null, "computer": null, "craft": null, "furniture": null, "gas": null, "hairdresser": null, "kitchen": null, "massage": null, "medical_supply": null, "motorcycle": null, "organic": null, "outdoor": null, "pet": null, "religion": null, "second_hand": null, "shoes": null, "shop": null, "swimming_pool": null, "trade": null, "wholesale": null, "attraction": null, "camp_site": null, "guest_house": null, "hostel": null, "information": null, "museum": null, "tourism": null, "viewpoint": null, "zoo": null, "osm_type": "node", "spa": null, "fireplace": null, "fishing": null, "security": null, "water": null }, "geometry": { "type": "Point", "coordinates": [ 72.4762382, 23.0258612 ] } },
{ "type": "Feature", "properties": { "lat": 23.0123743, "visible": "False", "version": 3, "tags": { "brand": "McDonald's", "brand:pa": "ਮੈਕਡੋਨਲਡ’ਜ਼", "brand:ur": "مکڈونلڈز", "brand:wikidata": "Q38076", "brand:wikipedia": "en:McDonald's", "brand:wikipedia:pa": "ਮੈਕਡੋਨਲਡ’ਜ਼", "brand:wikipedia:ur": "مکڈونلڈز", "cuisine": "burger", "name:pa": "ਮੈਕਡੋਨਲਡ’ਜ਼", "name:ur": "مکڈونلڈز", "takeaway": "yes" }, "id": 9009771427, "lon": 72.511119, "changeset": 0.0, "timestamp": 1644179856, "addr:city": "Ahmedabad", "addr:country": null, "addr:full": null, "addr:housenumber": "A-04 A-05", "addr:housename": null, "addr:postcode": "380015", "addr:place": null, "addr:street": "100 Ft. Road", "email": null, "name": "McDonald's", "opening_hours": "Mo-Su 10:00-22:45", "operator": null, "phone": "+918928304108", "ref": null, "url": null, "website": "https://www.mcdelivery.co.in/", "amenity": "fast_food", "atm": null, "bank": null, "bicycle_parking": null, "bicycle_rental": null, "bar": null, "biergarten": null, "building": null, "building:levels": null, "cafe": null, "drinking_water": null, "fast_food": null, "fountain": null, "fuel": null, "internet_access": null, "landuse": null, "office": null, "parking": null, "police": null, "post_office": null, "restaurant": null, "school": null, "social_facility": null, "source": null, "start_date": null, "taxi": null, "wikipedia": null, "agrarian": null, "alcohol": null, "bag": null, "books": null, "butcher": null, "clothes": null, "computer": null, "craft": null, "furniture": null, "gas": null, "hairdresser": null, "kitchen": null, "massage": null, "medical_supply": null, "motorcycle": null, "organic": null, "outdoor": null, "pet": null, "religion": null, "second_hand": null, "shoes": null, "shop": null, "swimming_pool": null, "trade": null, "wholesale": null, "attraction": null, "camp_site": null, "guest_house": null, "hostel": null, "information": null, "museum": null, "tourism": null, "viewpoint": null, "zoo": null, "osm_type": "node", "spa": null, "fireplace": null, "fishing": null, "security": null, "water": null }, "geometry": { "type": "Point", "coordinates": [ 72.511119, 23.0123743 ] } },
{ "type": "Feature", "properties": { "lat": 23.0875987, "visible": "False", "version": 3, "tags": { "air_conditioning": "yes", "cuisine": "coffee_shop;pizza;burger;sandwich", "description": "Crush culture is a dine-in cafe bar with love and peaceful moments to be enjoyed. You can make parties over here like birthday, anniversary, reunion and bachelor party. Our specialty:- 1. Photo wall 2. Couple box 3. Nitrogen coffee 4. Fish massage 5. Birt", "image": "https://www.google.com/local/place/fid/0x395e81e7a7ee76af:0x348c69d3c446bfa4/photosphere?iu=https://lh5.googleusercontent.com/p/AF1QipNJ0e2M7nBwKtsz5pXD05YE1kgbJdg_zrJRvYPA%3Dw160-h106-k-no-pi-0-ya60.000004-ro-0-fo100&ik=CAoSLEFGMVFpcE5KMGUyTTduQndLdHN6NX" }, "id": 9078990286, "lon": 72.6839578, "changeset": 0.0, "timestamp": 1692532194, "addr:city": "Ahmedabad", "addr:country": null, "addr:full": null, "addr:housenumber": "106, Naroda business hub, NR. New D-Mart, Naroda-dehgam road", "addr:housename": null, "addr:postcode": "382330", "addr:place": null, "addr:street": "Hanspura", "email": null, "name": "Crush Culture Cafe Bar", "opening_hours": "Mo-Su 10:00-22:00", "operator": null, "phone": "+91 9974 973181", "ref": null, "url": null, "website": "https://instagram.com/crush_culture_cafebar?utm_medium=copy_link", "amenity": "cafe", "atm": null, "bank": null, "bicycle_parking": null, "bicycle_rental": null, "bar": "no", "biergarten": null, "building": null, "building:levels": null, "cafe": null, "drinking_water": null, "fast_food": null, "fountain": null, "fuel": null, "internet_access": "no", "landuse": null, "office": null, "parking": null, "police": null, "post_office": null, "restaurant": null, "school": null, "social_facility": null, "source": "Flood DMBD;Flood;Flood DMBD Clientele;Reu", "start_date": null, "taxi": null, "wikipedia": null, "agrarian": null, "alcohol": null, "bag": null, "books": null, "butcher": null, "clothes": null, "computer": null, "craft": null, "furniture": null, "gas": null, "hairdresser": null, "kitchen": null, "massage": null, "medical_supply": null, "motorcycle": null, "organic": null, "outdoor": null, "pet": null, "religion": null, "second_hand": null, "shoes": null, "shop": null, "swimming_pool": null, "trade": null, "wholesale": null, "attraction": null, "camp_site": null, "guest_house": null, "hostel": null, "information": null, "museum": null, "tourism": null, "viewpoint": null, "zoo": null, "osm_type": "node", "spa": null, "fireplace": null, "fishing": null, "security": null, "water": null }, "geometry": { "type": "Point", "coordinates": [ 72.6839578, 23.0875987 ] } },
{ "type": "Feature", "properties": { "lat": 23.0496098, "visible": "False", "version": 2, "tags": { "air_conditioning": "yes", "capacity": "30", "cuisine": "pizza;regional;burger;coffee_shop;italian;chinese;sandwich;asian;indian" }, "id": 9116794693, "lon": 72.6705415, "changeset": 0.0, "timestamp": 1692532195, "addr:city": "Ahmedabad", "addr:country": null, "addr:full": null, "addr:housenumber": null, "addr:housename": null, "addr:postcode": "382350", "addr:place": null, "addr:street": null, "email": null, "name": "Dadu Cafe", "opening_hours": "Mo-Su 11:00-23:00", "operator": null, "phone": "+91 97254 00091", "ref": null, "url": null, "website": "https://www.instagram.com/dadu_cafe_nikol/", "amenity": "cafe", "atm": null, "bank": null, "bicycle_parking": null, "bicycle_rental": null, "bar": null, "biergarten": null, "building": null, "building:levels": null, "cafe": null, "drinking_water": null, "fast_food": null, "fountain": null, "fuel": null, "internet_access": "no", "landuse": null, "office": null, "parking": null, "police": null, "post_office": null, "restaurant": null, "school": null, "social_facility": null, "source": "Flood DMBD", "start_date": null, "taxi": null, "wikipedia": null, "agrarian": null, "alcohol": null, "bag": null, "books": null, "butcher": null, "clothes": null, "computer": null, "craft": null, "furniture": null, "gas": null, "hairdresser": null, "kitchen": null, "massage": null, "medical_supply": null, "motorcycle": null, "organic": null, "outdoor": null, "pet": null, "religion": null, "second_hand": null, "shoes": null, "shop": null, "swimming_pool": null, "trade": null, "wholesale": null, "attraction": null, "camp_site": null, "guest_house": null, "hostel": null, "information": null, "museum": null, "tourism": null, "viewpoint": null, "zoo": null, "osm_type": "node", "spa": null, "fireplace": null, "fishing": null, "security": null, "water": null }, "geometry": { "type": "Point", "coordinates": [ 72.6705415, 23.0496098 ] } },
{ "type": "Feature", "properties": { "lat": 23.0359596, "visible": "False", "version": 2, "tags": { "air_conditioning": "yes", "cuisine": "gujarati;regional;indian", "diet:vegetarian": "yes", "name:gu": "ગોરધન થાલ", "outdoor_seating": "no", "reservation": "recommended" }, "id": 9123477265, "lon": 72.5111196, "changeset": 0.0, "timestamp": 1637565359, "addr:city": "Ahmedabad", "addr:country": null, "addr:full": null, "addr:housenumber": null, "addr:housename": null, "addr:postcode": "380054", "addr:place": null, "addr:street": "Shapath Tower Ground Floor Sarkhej Gandhi Nagar Highway, Near State Bank Of India, Thaltej", "email": null, "name": "Gordhan Thal", "opening_hours": "Mo-Su 11:00-15:00,03:45-21:45", "operator": null, "phone": null, "ref": null, "url": null, "website": "http://thegordhangroup.com/", "amenity": "restaurant", "atm": null, "bank": null, "bicycle_parking": null, "bicycle_rental": null, "bar": null, "biergarten": null, "building": null, "building:levels": null, "cafe": null, "drinking_water": null, "fast_food": null, "fountain": null, "fuel": null, "internet_access": null, "landuse": null, "office": null, "parking": null, "police": null, "post_office": null, "restaurant": null, "school": null, "social_facility": null, "source": null, "start_date": null, "taxi": null, "wikipedia": null, "agrarian": null, "alcohol": null, "bag": null, "books": null, "butcher": null, "clothes": null, "computer": null, "craft": null, "furniture": null, "gas": null, "hairdresser": null, "kitchen": null, "massage": null, "medical_supply": null, "motorcycle": null, "organic": null, "outdoor": null, "pet": null, "religion": null, "second_hand": null, "shoes": null, "shop": null, "swimming_pool": null, "trade": null, "wholesale": null, "attraction": null, "camp_site": null, "guest_house": null, "hostel": null, "information": null, "museum": null, "tourism": null, "viewpoint": null, "zoo": null, "osm_type": "node", "spa": null, "fireplace": null, "fishing": null, "security": null, "water": null }, "geometry": { "type": "Point", "coordinates": [ 72.5111196, 23.0359596 ] } },
{ "type": "Feature", "properties": { "lat": 23.0361967, "visible": "False", "version": 2, "tags": { "cuisine": "pizza;burger;sandwich;fast_food;tea_shop;juice", "drive_through": "no" }, "id": 9123574763, "lon": 72.5110489, "changeset": 0.0, "timestamp": 1682874953, "addr:city": null, "addr:country": null, "addr:full": null, "addr:housenumber": null, "addr:housename": null, "addr:postcode": null, "addr:place": null, "addr:street": null, "email": null, "name": "Deva's Coffee Bar", "opening_hours": null, "operator": null, "phone": null, "ref": null, "url": null, "website": null, "amenity": "fast_food", "atm": null, "bank": null, "bicycle_parking": null, "bicycle_rental": null, "bar": null, "biergarten": null, "building": null, "building:levels": null, "cafe": null, "drinking_water": null, "fast_food": null, "fountain": null, "fuel": null, "internet_access": null, "landuse": null, "office": null, "parking": null, "police": null, "post_office": null, "restaurant": null, "school": null, "social_facility": null, "source": null, "start_date": null, "taxi": null, "wikipedia": null, "agrarian": null, "alcohol": null, "bag": null, "books": null, "butcher": null, "clothes": null, "computer": null, "craft": null, "furniture": null, "gas": null, "hairdresser": null, "kitchen": null, "massage": null, "medical_supply": null, "motorcycle": null, "organic": null, "outdoor": null, "pet": null, "religion": null, "second_hand": null, "shoes": null, "shop": null, "swimming_pool": null, "trade": null, "wholesale": null, "attraction": null, "camp_site": null, "guest_house": null, "hostel": null, "information": null, "museum": null, "tourism": null, "viewpoint": null, "zoo": null, "osm_type": "node", "spa": null, "fireplace": null, "fishing": null, "security": null, "water": null }, "geometry": { "type": "Point", "coordinates": [ 72.5110489, 23.0361967 ] } },
{ "type": "Feature", "properties": { "lat": 23.0371443, "visible": "False", "version": 1, "tags": null, "id": 9287451026, "lon": 72.5290405, "changeset": 0.0, "timestamp": 1637995006, "addr:city": null, "addr:country": null, "addr:full": null, "addr:housenumber": "Himalaya Arcade B", "addr:housename": null, "addr:postcode": null, "addr:place": null, "addr:street": "Sargam Marg, Nehru Park Cir, Mahavir Nagar society, Vastrapur, Ahmedabad, Gujarat 380015", "email": null, "name": "Shreeji Krupa Bombay Vadapav", "opening_hours": null, "operator": null, "phone": null, "ref": null, "url": null, "website": null, "amenity": "fast_food", "atm": null, "bank": null, "bicycle_parking": null, "bicycle_rental": null, "bar": null, "biergarten": null, "building": null, "building:levels": null, "cafe": null, "drinking_water": null, "fast_food": null, "fountain": null, "fuel": null, "internet_access": null, "landuse": null, "office": null, "parking": null, "police": null, "post_office": null, "restaurant": null, "school": null, "social_facility": null, "source": null, "start_date": null, "taxi": null, "wikipedia": null, "agrarian": null, "alcohol": null, "bag": null, "books": null, "butcher": null, "clothes": null, "computer": null, "craft": null, "furniture": null, "gas": null, "hairdresser": null, "kitchen": null, "massage": null, "medical_supply": null, "motorcycle": null, "organic": null, "outdoor": null, "pet": null, "religion": null, "second_hand": null, "shoes": null, "shop": null, "swimming_pool": null, "trade": null, "wholesale": null, "attraction": null, "camp_site": null, "guest_house": null, "hostel": null, "information": null, "museum": null, "tourism": null, "viewpoint": null, "zoo": null, "osm_type": "node", "spa": null, "fireplace": null, "fishing": null, "security": null, "water": null }, "geometry": { "type": "Point", "coordinates": [ 72.5290405, 23.0371443 ] } },
{ "type": "Feature", "properties": { "lat": 23.0319557, "visible": "False", "version": 2, "tags": { "branch": "Bodakdev", "brand": "Starbucks", "brand:wikidata": "Q37158", "cuisine": "coffee_shop", "official_name": "Starbucks Coffee", "takeaway": "yes" }, "id": 9292073779, "lon": 72.5107614, "changeset": 0.0, "timestamp": 1716271362, "addr:city": null, "addr:country": null, "addr:full": null, "addr:housenumber": null, "addr:housename": null, "addr:postcode": "380054", "addr:place": null, "addr:street": null, "email": null, "name": "Starbucks", "opening_hours": "Mo-Su 7:00-24:00", "operator": null, "phone": null, "ref": null, "url": null, "website": "https://www.starbucks.in/", "amenity": "cafe", "atm": null, "bank": null, "bicycle_parking": null, "bicycle_rental": null, "bar": null, "biergarten": null, "building": null, "building:levels": null, "cafe": null, "drinking_water": null, "fast_food": null, "fountain": null, "fuel": null, "internet_access": null, "landuse": null, "office": null, "parking": null, "police": null, "post_office": null, "restaurant": null, "school": null, "social_facility": null, "source": null, "start_date": null, "taxi": null, "wikipedia": null, "agrarian": null, "alcohol": null, "bag": null, "books": null, "butcher": null, "clothes": null, "computer": null, "craft": null, "furniture": null, "gas": null, "hairdresser": null, "kitchen": null, "massage": null, "medical_supply": null, "motorcycle": null, "organic": null, "outdoor": null, "pet": null, "religion": null, "second_hand": null, "shoes": null, "shop": null, "swimming_pool": null, "trade": null, "wholesale": null, "attraction": null, "camp_site": null, "guest_house": null, "hostel": null, "information": null, "museum": null, "tourism": null, "viewpoint": null, "zoo": null, "osm_type": "node", "spa": null, "fireplace": null, "fishing": null, "security": null, "water": null }, "geometry": { "type": "Point", "coordinates": [ 72.5107614, 23.0319557 ] } },
{ "type": "Feature", "properties": { "lat": 23.0318311, "visible": "False", "version": 1, "tags": null, "id": 9292073782, "lon": 72.511298, "changeset": 0.0, "timestamp": 1638167702, "addr:city": null, "addr:country": null, "addr:full": null, "addr:housenumber": "Ground Floor 6-9", "addr:housename": null, "addr:postcode": "380054", "addr:place": null, "addr:street": null, "email": null, "name": "mocha", "opening_hours": "Mo-Su 11:00-23:00", "operator": null, "phone": null, "ref": null, "url": null, "website": "https://www.mocha.co.in/", "amenity": "cafe", "atm": null, "bank": null, "bicycle_parking": null, "bicycle_rental": null, "bar": null, "biergarten": null, "building": null, "building:levels": null, "cafe": null, "drinking_water": null, "fast_food": null, "fountain": null, "fuel": null, "internet_access": null, "landuse": null, "office": null, "parking": null, "police": null, "post_office": null, "restaurant": null, "school": null, "social_facility": null, "source": null, "start_date": null, "taxi": null, "wikipedia": null, "agrarian": null, "alcohol": null, "bag": null, "books": null, "butcher": null, "clothes": null, "computer": null, "craft": null, "furniture": null, "gas": null, "hairdresser": null, "kitchen": null, "massage": null, "medical_supply": null, "motorcycle": null, "organic": null, "outdoor": null, "pet": null, "religion": null, "second_hand": null, "shoes": null, "shop": null, "swimming_pool": null, "trade": null, "wholesale": null, "attraction": null, "camp_site": null, "guest_house": null, "hostel": null, "information": null, "museum": null, "tourism": null, "viewpoint": null, "zoo": null, "osm_type": "node", "spa": null, "fireplace": null, "fishing": null, "security": null, "water": null }, "geometry": { "type": "Point", "coordinates": [ 72.511298, 23.0318311 ] } },
{ "type": "Feature", "properties": { "lat": 23.0371776, "visible": "False", "version": 1, "tags": null, "id": 9296316189, "lon": 72.5291086, "changeset": 0.0, "timestamp": 1638279319, "addr:city": null, "addr:country": null, "addr:full": null, "addr:housenumber": "Himalaya Arcade B", "addr:housename": null, "addr:postcode": null, "addr:place": null, "addr:street": "Sargam Marg, Nehru Park Cir, Mahavir Nagar society, Vastrapur, Ahmedabad, Gujarat 380015", "email": null, "name": "Gajanand Pauva House", "opening_hours": "Mo-Su 04:30-23:30", "operator": null, "phone": null, "ref": null, "url": null, "website": null, "amenity": "fast_food", "atm": null, "bank": null, "bicycle_parking": null, "bicycle_rental": null, "bar": null, "biergarten": null, "building": null, "building:levels": null, "cafe": null, "drinking_water": null, "fast_food": null, "fountain": null, "fuel": null, "internet_access": null, "landuse": null, "office": null, "parking": null, "police": null, "post_office": null, "restaurant": null, "school": null, "social_facility": null, "source": null, "start_date": null, "taxi": null, "wikipedia": null, "agrarian": null, "alcohol": null, "bag": null, "books": null, "butcher": null, "clothes": null, "computer": null, "craft": null, "furniture": null, "gas": null, "hairdresser": null, "kitchen": null, "massage": null, "medical_supply": null, "motorcycle": null, "organic": null, "outdoor": null, "pet": null, "religion": null, "second_hand": null, "shoes": null, "shop": null, "swimming_pool": null, "trade": null, "wholesale": null, "attraction": null, "camp_site": null, "guest_house": null, "hostel": null, "information": null, "museum": null, "tourism": null, "viewpoint": null, "zoo": null, "osm_type": "node", "spa": null, "fireplace": null, "fishing": null, "security": null, "water": null }, "geometry": { "type": "Point", "coordinates": [ 72.5291086, 23.0371776 ] } },
{ "type": "Feature", "properties": { "lat": 23.0371316, "visible": "False", "version": 1, "tags": { "description": "Chole Puri, Parathas, Thepla, Pulav" }, "id": 9296318313, "lon": 72.5290981, "changeset": 0.0, "timestamp": 1638279271, "addr:city": null, "addr:country": null, "addr:full": null, "addr:housenumber": "Himalaya Arcade B", "addr:housename": null, "addr:postcode": null, "addr:place": null, "addr:street": "Sargam Marg, Nehru Park Cir, Mahavir Nagar society, Vastrapur, Ahmedabad, Gujarat 380015", "email": null, "name": "Jay Mataji Fast Food", "opening_hours": "Mo-Su 08:00-21:00", "operator": null, "phone": "+919377080380", "ref": null, "url": null, "website": null, "amenity": "fast_food", "atm": null, "bank": null, "bicycle_parking": null, "bicycle_rental": null, "bar": null, "biergarten": null, "building": null, "building:levels": null, "cafe": null, "drinking_water": null, "fast_food": null, "fountain": null, "fuel": null, "internet_access": null, "landuse": null, "office": null, "parking": null, "police": null, "post_office": null, "restaurant": null, "school": null, "social_facility": null, "source": null, "start_date": null, "taxi": null, "wikipedia": null, "agrarian": null, "alcohol": null, "bag": null, "books": null, "butcher": null, "clothes": null, "computer": null, "craft": null, "furniture": null, "gas": null, "hairdresser": null, "kitchen": null, "massage": null, "medical_supply": null, "motorcycle": null, "organic": null, "outdoor": null, "pet": null, "religion": null, "second_hand": null, "shoes": null, "shop": null, "swimming_pool": null, "trade": null, "wholesale": null, "attraction": null, "camp_site": null, "guest_house": null, "hostel": null, "information": null, "museum": null, "tourism": null, "viewpoint": null, "zoo": null, "osm_type": "node", "spa": null, "fireplace": null, "fishing": null, "security": null, "water": null }, "geometry": { "type": "Point", "coordinates": [ 72.5290981, 23.0371316 ] } },
{ "type": "Feature", "properties": { "lat": 23.0182853, "visible": "False", "version": 1, "tags": { "address": "Near Auda Garden, Opp. Samanavya Residency, South Bopal, Ahmedabad" }, "id": 9310325493, "lon": 72.4716006, "changeset": 0.0, "timestamp": 1638616927, "addr:city": null, "addr:country": null, "addr:full": null, "addr:housenumber": null, "addr:housename": null, "addr:postcode": null, "addr:place": null, "addr:street": null, "email": null, "name": "Purohit Chavana and Sweet Mart", "opening_hours": null, "operator": null, "phone": "+919824013574", "ref": null, "url": null, "website": null, "amenity": "fast_food", "atm": null, "bank": null, "bicycle_parking": null, "bicycle_rental": null, "bar": null, "biergarten": null, "building": null, "building:levels": null, "cafe": null, "drinking_water": null, "fast_food": null, "fountain": null, "fuel": null, "internet_access": null, "landuse": null, "office": null, "parking": null, "police": null, "post_office": null, "restaurant": null, "school": null, "social_facility": null, "source": null, "start_date": null, "taxi": null, "wikipedia": null, "agrarian": null, "alcohol": null, "bag": null, "books": null, "butcher": null, "clothes": null, "computer": null, "craft": null, "furniture": null, "gas": null, "hairdresser": null, "kitchen": null, "massage": null, "medical_supply": null, "motorcycle": null, "organic": null, "outdoor": null, "pet": null, "religion": null, "second_hand": null, "shoes": null, "shop": null, "swimming_pool": null, "trade": null, "wholesale": null, "attraction": null, "camp_site": null, "guest_house": null, "hostel": null, "information": null, "museum": null, "tourism": null, "viewpoint": null, "zoo": null, "osm_type": "node", "spa": null, "fireplace": null, "fishing": null, "security": null, "water": null }, "geometry": { "type": "Point", "coordinates": [ 72.4716006, 23.0182853 ] } },
{ "type": "Feature", "properties": { "lat": 23.0276271, "visible": "False", "version": 1, "tags": { "address": "Ground Floor 1, P 2 HUB Opposite National Handloom, Law Garden Road, Off, Chimanlal Girdharlal Rd, Ahmedabad, Gujarat 380006", "cuisine": "pizza" }, "id": 9318813907, "lon": 72.5588748, "changeset": 0.0, "timestamp": 1638899902, "addr:city": null, "addr:country": null, "addr:full": null, "addr:housenumber": null, "addr:housename": null, "addr:postcode": null, "addr:place": null, "addr:street": null, "email": null, "name": "Puffiza", "opening_hours": "Mo-Su 11:00-22:00", "operator": null, "phone": "079 4039 5555", "ref": null, "url": null, "website": "https://puffiza.com", "amenity": "fast_food", "atm": null, "bank": null, "bicycle_parking": null, "bicycle_rental": null, "bar": null, "biergarten": null, "building": null, "building:levels": null, "cafe": null, "drinking_water": null, "fast_food": null, "fountain": null, "fuel": null, "internet_access": null, "landuse": null, "office": null, "parking": null, "police": null, "post_office": null, "restaurant": null, "school": null, "social_facility": null, "source": null, "start_date": null, "taxi": null, "wikipedia": null, "agrarian": null, "alcohol": null, "bag": null, "books": null, "butcher": null, "clothes": null, "computer": null, "craft": null, "furniture": null, "gas": null, "hairdresser": null, "kitchen": null, "massage": null, "medical_supply": null, "motorcycle": null, "organic": null, "outdoor": null, "pet": null, "religion": null, "second_hand": null, "shoes": null, "shop": null, "swimming_pool": null, "trade": null, "wholesale": null, "attraction": null, "camp_site": null, "guest_house": null, "hostel": null, "information": null, "museum": null, "tourism": null, "viewpoint": null, "zoo": null, "osm_type": "node", "spa": null, "fireplace": null, "fishing": null, "security": null, "water": null }, "geometry": { "type": "Point", "coordinates": [ 72.5588748, 23.0276271 ] } },
{ "type": "Feature", "properties": { "lat": 23.0116726, "visible": "False", "version": 2, "tags": null, "id": 9345872082, "lon": 72.5081733, "changeset": 0.0, "timestamp": 1693805918, "addr:city": null, "addr:country": null, "addr:full": null, "addr:housenumber": "3rd floor", "addr:housename": null, "addr:postcode": null, "addr:place": null, "addr:street": "100 ft. Road, Prahaladnagar", "email": null, "name": "Skyz Restaurant and Banquet", "opening_hours": null, "operator": null, "phone": "07926931600", "ref": null, "url": null, "website": null, "amenity": "restaurant", "atm": null, "bank": null, "bicycle_parking": null, "bicycle_rental": null, "bar": null, "biergarten": null, "building": null, "building:levels": null, "cafe": null, "drinking_water": null, "fast_food": null, "fountain": null, "fuel": null, "internet_access": null, "landuse": null, "office": null, "parking": null, "police": null, "post_office": null, "restaurant": null, "school": null, "social_facility": null, "source": null, "start_date": null, "taxi": null, "wikipedia": null, "agrarian": null, "alcohol": null, "bag": null, "books": null, "butcher": null, "clothes": null, "computer": null, "craft": null, "furniture": null, "gas": null, "hairdresser": null, "kitchen": null, "massage": null, "medical_supply": null, "motorcycle": null, "organic": null, "outdoor": null, "pet": null, "religion": null, "second_hand": null, "shoes": null, "shop": null, "swimming_pool": null, "trade": null, "wholesale": null, "attraction": null, "camp_site": null, "guest_house": null, "hostel": null, "information": null, "museum": null, "tourism": null, "viewpoint": null, "zoo": null, "osm_type": "node", "spa": null, "fireplace": null, "fishing": null, "security": null, "water": null }, "geometry": { "type": "Point", "coordinates": [ 72.5081733, 23.0116726 ] } },
{ "type": "Feature", "properties": { "lat": 23.0322805, "visible": "False", "version": 3, "tags": { "brand": "The Waffling Station", "cuisine": "dessert;waffles;shakes;cold_coffee", "diet:vegetarian": "yes" }, "id": 9348528050, "lon": 72.5551823, "changeset": 0.0, "timestamp": 1692532197, "addr:city": "Ahmedabad", "addr:country": null, "addr:full": null, "addr:housenumber": "Ground Floor, Vaibhav Flats,", "addr:housename": null, "addr:postcode": "380009", "addr:place": null, "addr:street": "H.L Commerce College Rd, Navrangpara", "email": null, "name": "The Waffling Station", "opening_hours": "Mo-Su 12:00-00:00", "operator": null, "phone": "+919725035686", "ref": null, "url": null, "website": "https://thewafflingstation.com/", "amenity": "restaurant", "atm": null, "bank": null, "bicycle_parking": null, "bicycle_rental": null, "bar": null, "biergarten": null, "building": null, "building:levels": null, "cafe": null, "drinking_water": null, "fast_food": null, "fountain": null, "fuel": null, "internet_access": null, "landuse": null, "office": null, "parking": null, "police": null, "post_office": null, "restaurant": null, "school": null, "social_facility": null, "source": null, "start_date": null, "taxi": null, "wikipedia": null, "agrarian": null, "alcohol": null, "bag": null, "books": null, "butcher": null, "clothes": null, "computer": null, "craft": null, "furniture": null, "gas": null, "hairdresser": null, "kitchen": null, "massage": null, "medical_supply": null, "motorcycle": null, "organic": null, "outdoor": null, "pet": null, "religion": null, "second_hand": null, "shoes": null, "shop": null, "swimming_pool": null, "trade": null, "wholesale": null, "attraction": null, "camp_site": null, "guest_house": null, "hostel": null, "information": null, "museum": null, "tourism": null, "viewpoint": null, "zoo": null, "osm_type": "node", "spa": null, "fireplace": null, "fishing": null, "security": null, "water": null }, "geometry": { "type": "Point", "coordinates": [ 72.5551823, 23.0322805 ] } },
{ "type": "Feature", "properties": { "lat": 23.1925108, "visible": "False", "version": 1, "tags": { "air_conditioning": "yes", "brand": "McDonald's", "brand:wikidata": "Q38076", "cuisine": "burger", "delivery": "yes", "diet:non-vegetarian": "yes", "diet:vegetarian": "yes", "drive_through": "no", "outdoor_seating": "no", "payment:american_express": "yes", "payment:app": "yes", "payment:cards": "yes", "payment:cash": "yes", "payment:coins": "yes", "payment:contactless": "yes", "payment:credit_cards": "yes", "payment:debit_cards": "yes", "payment:maestro": "yes", "payment:mastercard": "yes", "payment:notes": "yes", "payment:visa": "yes", "smoking": "no", "takeaway": "yes" }, "id": 9806747712, "lon": 72.6164238, "changeset": 0.0, "timestamp": 1654788038, "addr:city": "Gandhinagar", "addr:country": null, "addr:full": null, "addr:housenumber": null, "addr:housename": null, "addr:postcode": "382421", "addr:place": null, "addr:street": "Gandhinagar Bypass Road", "email": null, "name": "McDonald's", "opening_hours": null, "operator": null, "phone": null, "ref": null, "url": null, "website": "https://www.mcdonaldsindia.com", "amenity": "fast_food", "atm": null, "bank": null, "bicycle_parking": null, "bicycle_rental": null, "bar": null, "biergarten": null, "building": null, "building:levels": null, "cafe": null, "drinking_water": null, "fast_food": null, "fountain": null, "fuel": null, "internet_access": null, "landuse": null, "office": null, "parking": null, "police": null, "post_office": null, "restaurant": null, "school": null, "social_facility": null, "source": "local knowledge", "start_date": null, "taxi": null, "wikipedia": null, "agrarian": null, "alcohol": null, "bag": null, "books": null, "butcher": null, "clothes": null, "computer": null, "craft": null, "furniture": null, "gas": null, "hairdresser": null, "kitchen": null, "massage": null, "medical_supply": null, "motorcycle": null, "organic": null, "outdoor": null, "pet": null, "religion": null, "second_hand": null, "shoes": null, "shop": null, "swimming_pool": null, "trade": null, "wholesale": null, "attraction": null, "camp_site": null, "guest_house": null, "hostel": null, "information": null, "museum": null, "tourism": null, "viewpoint": null, "zoo": null, "osm_type": "node", "spa": null, "fireplace": null, "fishing": null, "security": null, "water": null }, "geometry": { "type": "Point", "coordinates": [ 72.6164238, 23.1925108 ] } },
{ "type": "Feature", "properties": { "lat": 23.1923234, "visible": "False", "version": 1, "tags": { "air_conditioning": "yes", "branch": "Shital Enterprise", "brand": "Shiva's", "cuisine": "coffee_shop;pizza;burger;italian;sandwich", "delivery": "yes", "diet:vegetarian": "yes", "level": "0", "outdoor_seating": "no", "payment:cards": "yes", "payment:cash": "yes", "payment:contactless": "yes", "reservation": "yes", "smoking": "no", "takeaway": "yes" }, "id": 9806747713, "lon": 72.6165249, "changeset": 0.0, "timestamp": 1654788038, "addr:city": "Gandhinagar", "addr:country": null, "addr:full": null, "addr:housenumber": "Shop no.5 , Ground Floor", "addr:housename": null, "addr:postcode": "382421", "addr:place": null, "addr:street": "Gandhinagar Bypass Road", "email": null, "name": "Shiva's Cafe", "opening_hours": "Mo-Su 08:00-24:00", "operator": null, "phone": "+918128886999", "ref": null, "url": null, "website": null, "amenity": "cafe", "atm": null, "bank": null, "bicycle_parking": null, "bicycle_rental": null, "bar": null, "biergarten": null, "building": null, "building:levels": null, "cafe": null, "drinking_water": null, "fast_food": null, "fountain": null, "fuel": null, "internet_access": "no", "landuse": null, "office": null, "parking": null, "police": null, "post_office": null, "restaurant": null, "school": null, "social_facility": null, "source": "local knowledge", "start_date": null, "taxi": null, "wikipedia": null, "agrarian": null, "alcohol": null, "bag": null, "books": null, "butcher": null, "clothes": null, "computer": null, "craft": null, "furniture": null, "gas": null, "hairdresser": null, "kitchen": null, "massage": null, "medical_supply": null, "motorcycle": null, "organic": null, "outdoor": null, "pet": null, "religion": null, "second_hand": null, "shoes": null, "shop": null, "swimming_pool": null, "trade": null, "wholesale": null, "attraction": null, "camp_site": null, "guest_house": null, "hostel": null, "information": null, "museum": null, "tourism": null, "viewpoint": null, "zoo": null, "osm_type": "node", "spa": null, "fireplace": null, "fishing": null, "security": null, "water": null }, "geometry": { "type": "Point", "coordinates": [ 72.6165249, 23.1923234 ] } },
{ "type": "Feature", "properties": { "lat": 23.1918606, "visible": "False", "version": 1, "tags": { "air_conditioning": "no", "cuisine": "pizza;regional;italian;chinese;mexican;indian;asian", "delivery": "yes", "diet:vegetarian": "yes", "level": "6", "outdoor_seating": "yes", "payment:cards": "yes", "payment:cash": "yes", "payment:contactless": "yes", "reservation": "yes", "smoking": "no", "takeaway": "yes" }, "id": 9806747714, "lon": 72.616653, "changeset": 0.0, "timestamp": 1654788038, "addr:city": "Gandhinagar", "addr:country": null, "addr:full": null, "addr:housenumber": null, "addr:housename": null, "addr:postcode": "382421", "addr:place": null, "addr:street": "Gandhinagar Bypass Road", "email": null, "name": "Upper Deck", "opening_hours": null, "operator": null, "phone": null, "ref": null, "url": null, "website": null, "amenity": "restaurant", "atm": null, "bank": null, "bicycle_parking": null, "bicycle_rental": null, "bar": null, "biergarten": null, "building": null, "building:levels": null, "cafe": null, "drinking_water": null, "fast_food": null, "fountain": null, "fuel": null, "internet_access": null, "landuse": null, "office": null, "parking": null, "police": null, "post_office": null, "restaurant": null, "school": null, "social_facility": null, "source": "local knowledge", "start_date": null, "taxi": null, "wikipedia": null, "agrarian": null, "alcohol": null, "bag": null, "books": null, "butcher": null, "clothes": null, "computer": null, "craft": null, "furniture": null, "gas": null, "hairdresser": null, "kitchen": null, "massage": null, "medical_supply": null, "motorcycle": null, "organic": null, "outdoor": null, "pet": null, "religion": null, "second_hand": null, "shoes": null, "shop": null, "swimming_pool": null, "trade": null, "wholesale": null, "attraction": null, "camp_site": null, "guest_house": null, "hostel": null, "information": null, "museum": null, "tourism": null, "viewpoint": null, "zoo": null, "osm_type": "node", "spa": null, "fireplace": null, "fishing": null, "security": null, "water": null }, "geometry": { "type": "Point", "coordinates": [ 72.616653, 23.1918606 ] } },
{ "type": "Feature", "properties": { "lat": 23.0267886, "visible": "False", "version": 1, "tags": { "cuisine": "indian", "diet:vegetarian": "yes" }, "id": 9809086195, "lon": 72.5079662, "changeset": 0.0, "timestamp": 1654875881, "addr:city": "Ahemedabad", "addr:country": null, "addr:full": null, "addr:housenumber": null, "addr:housename": null, "addr:postcode": "380015", "addr:place": null, "addr:street": "Dev Arc Commercial Complex, 106, Iskcon Cross Rd, Near iscon cross road, Ramdev Nagar,", "email": null, "name": "The Grill Street", "opening_hours": null, "operator": null, "phone": null, "ref": null, "url": null, "website": null, "amenity": "restaurant", "atm": null, "bank": null, "bicycle_parking": null, "bicycle_rental": null, "bar": null, "biergarten": null, "building": null, "building:levels": null, "cafe": null, "drinking_water": null, "fast_food": null, "fountain": null, "fuel": null, "internet_access": null, "landuse": null, "office": null, "parking": null, "police": null, "post_office": null, "restaurant": null, "school": null, "social_facility": null, "source": null, "start_date": null, "taxi": null, "wikipedia": null, "agrarian": null, "alcohol": null, "bag": null, "books": null, "butcher": null, "clothes": null, "computer": null, "craft": null, "furniture": null, "gas": null, "hairdresser": null, "kitchen": null, "massage": null, "medical_supply": null, "motorcycle": null, "organic": null, "outdoor": null, "pet": null, "religion": null, "second_hand": null, "shoes": null, "shop": null, "swimming_pool": null, "trade": null, "wholesale": null, "attraction": null, "camp_site": null, "guest_house": null, "hostel": null, "information": null, "museum": null, "tourism": null, "viewpoint": null, "zoo": null, "osm_type": "node", "spa": null, "fireplace": null, "fishing": null, "security": null, "water": null }, "geometry": { "type": "Point", "coordinates": [ 72.5079662, 23.0267886 ] } },
{ "type": "Feature", "properties": { "lat": 23.0396084, "visible": "False", "version": 1, "tags": { "description": "daskhamanhouse@yahoo.com" }, "id": 9878358235, "lon": 72.5644073, "changeset": 0.0, "timestamp": 1657430810, "addr:city": null, "addr:country": null, "addr:full": null, "addr:housenumber": null, "addr:housename": null, "addr:postcode": null, "addr:place": null, "addr:street": "Navrangpura", "email": null, "name": "The House of Khaman", "opening_hours": "Mo-Su 08:30-21:30", "operator": null, "phone": "+91 88660 79988", "ref": null, "url": null, "website": "http://daskhaman.com", "amenity": "restaurant", "atm": null, "bank": null, "bicycle_parking": null, "bicycle_rental": null, "bar": null, "biergarten": null, "building": null, "building:levels": null, "cafe": null, "drinking_water": null, "fast_food": null, "fountain": null, "fuel": null, "internet_access": null, "landuse": null, "office": null, "parking": null, "police": null, "post_office": null, "restaurant": null, "school": null, "social_facility": null, "source": null, "start_date": null, "taxi": null, "wikipedia": null, "agrarian": null, "alcohol": null, "bag": null, "books": null, "butcher": null, "clothes": null, "computer": null, "craft": null, "furniture": null, "gas": null, "hairdresser": null, "kitchen": null, "massage": null, "medical_supply": null, "motorcycle": null, "organic": null, "outdoor": null, "pet": null, "religion": null, "second_hand": null, "shoes": null, "shop": null, "swimming_pool": null, "trade": null, "wholesale": null, "attraction": null, "camp_site": null, "guest_house": null, "hostel": null, "information": null, "museum": null, "tourism": null, "viewpoint": null, "zoo": null, "osm_type": "node", "spa": null, "fireplace": null, "fishing": null, "security": null, "water": null }, "geometry": { "type": "Point", "coordinates": [ 72.5644073, 23.0396084 ] } },
{ "type": "Feature", "properties": { "lat": 23.0218092, "visible": "False", "version": 1, "tags": { "address": "Service Road, Besides Novotel, Opposite Karnavati Club, S.G. Highway, Ahmedabad" }, "id": 9951265800, "lon": 72.5062361, "changeset": 0.0, "timestamp": 1660411628, "addr:city": null, "addr:country": null, "addr:full": null, "addr:housenumber": null, "addr:housename": null, "addr:postcode": null, "addr:place": null, "addr:street": null, "email": null, "name": "Bhookh Lagi Hai?", "opening_hours": null, "operator": null, "phone": "+919001293435", "ref": null, "url": null, "website": null, "amenity": "fast_food", "atm": null, "bank": null, "bicycle_parking": null, "bicycle_rental": null, "bar": null, "biergarten": null, "building": null, "building:levels": null, "cafe": null, "drinking_water": null, "fast_food": null, "fountain": null, "fuel": null, "internet_access": null, "landuse": null, "office": null, "parking": null, "police": null, "post_office": null, "restaurant": null, "school": null, "social_facility": null, "source": null, "start_date": null, "taxi": null, "wikipedia": null, "agrarian": null, "alcohol": null, "bag": null, "books": null, "butcher": null, "clothes": null, "computer": null, "craft": null, "furniture": null, "gas": null, "hairdresser": null, "kitchen": null, "massage": null, "medical_supply": null, "motorcycle": null, "organic": null, "outdoor": null, "pet": null, "religion": null, "second_hand": null, "shoes": null, "shop": null, "swimming_pool": null, "trade": null, "wholesale": null, "attraction": null, "camp_site": null, "guest_house": null, "hostel": null, "information": null, "museum": null, "tourism": null, "viewpoint": null, "zoo": null, "osm_type": "node", "spa": null, "fireplace": null, "fishing": null, "security": null, "water": null }, "geometry": { "type": "Point", "coordinates": [ 72.5062361, 23.0218092 ] } },
{ "type": "Feature", "properties": { "lat": 23.1170709, "visible": "False", "version": 3, "tags": { "cuisine": "indian;pizza;chinese", "outdoor_seating": "yes", "takeaway": "yes" }, "id": 9996701486, "lon": 72.6283409, "changeset": 0.0, "timestamp": 1664211139, "addr:city": "Ahmedabad", "addr:country": null, "addr:full": null, "addr:housenumber": "304, 3rd Floor Xperia", "addr:housename": null, "addr:postcode": "382424", "addr:place": null, "addr:street": "Sardar Patel Ring Road", "email": null, "name": "The House of Makeba (Bhat)", "opening_hours": "Mo-Su 11:00-23:00", "operator": null, "phone": null, "ref": null, "url": null, "website": null, "amenity": "restaurant", "atm": null, "bank": null, "bicycle_parking": null, "bicycle_rental": null, "bar": null, "biergarten": null, "building": null, "building:levels": null, "cafe": null, "drinking_water": null, "fast_food": null, "fountain": null, "fuel": null, "internet_access": null, "landuse": null, "office": null, "parking": null, "police": null, "post_office": null, "restaurant": null, "school": null, "social_facility": null, "source": null, "start_date": null, "taxi": null, "wikipedia": null, "agrarian": null, "alcohol": null, "bag": null, "books": null, "butcher": null, "clothes": null, "computer": null, "craft": null, "furniture": null, "gas": null, "hairdresser": null, "kitchen": null, "massage": null, "medical_supply": null, "motorcycle": null, "organic": null, "outdoor": null, "pet": null, "religion": null, "second_hand": null, "shoes": null, "shop": null, "swimming_pool": null, "trade": null, "wholesale": null, "attraction": null, "camp_site": null, "guest_house": null, "hostel": null, "information": null, "museum": null, "tourism": null, "viewpoint": null, "zoo": null, "osm_type": "node", "spa": null, "fireplace": null, "fishing": null, "security": null, "water": null }, "geometry": { "type": "Point", "coordinates": [ 72.6283409, 23.1170709 ] } },
{ "type": "Feature", "properties": { "lat": 23.017434, "visible": "False", "version": 1, "tags": null, "id": 10177917536, "lon": 72.4756286, "changeset": 0.0, "timestamp": 1668249530, "addr:city": null, "addr:country": null, "addr:full": null, "addr:housenumber": null, "addr:housename": null, "addr:postcode": null, "addr:place": null, "addr:street": null, "email": null, "name": "Gwalia Sweets", "opening_hours": null, "operator": null, "phone": null, "ref": null, "url": null, "website": null, "amenity": "fast_food", "atm": null, "bank": null, "bicycle_parking": null, "bicycle_rental": null, "bar": null, "biergarten": null, "building": null, "building:levels": null, "cafe": null, "drinking_water": null, "fast_food": null, "fountain": null, "fuel": null, "internet_access": null, "landuse": null, "office": null, "parking": null, "police": null, "post_office": null, "restaurant": null, "school": null, "social_facility": null, "source": null, "start_date": null, "taxi": null, "wikipedia": null, "agrarian": null, "alcohol": null, "bag": null, "books": null, "butcher": null, "clothes": null, "computer": null, "craft": null, "furniture": null, "gas": null, "hairdresser": null, "kitchen": null, "massage": null, "medical_supply": null, "motorcycle": null, "organic": null, "outdoor": null, "pet": null, "religion": null, "second_hand": null, "shoes": null, "shop": null, "swimming_pool": null, "trade": null, "wholesale": null, "attraction": null, "camp_site": null, "guest_house": null, "hostel": null, "information": null, "museum": null, "tourism": null, "viewpoint": null, "zoo": null, "osm_type": "node", "spa": null, "fireplace": null, "fishing": null, "security": null, "water": null }, "geometry": { "type": "Point", "coordinates": [ 72.4756286, 23.017434 ] } },
{ "type": "Feature", "properties": { "lat": 23.0319107, "visible": "False", "version": 1, "tags": { "cuisine": "indian" }, "id": 10225625719, "lon": 72.5883477, "changeset": 0.0, "timestamp": 1669727886, "addr:city": null, "addr:country": null, "addr:full": null, "addr:housenumber": null, "addr:housename": null, "addr:postcode": null, "addr:place": null, "addr:street": null, "email": null, "name": "Authentic cafe", "opening_hours": null, "operator": null, "phone": null, "ref": null, "url": null, "website": null, "amenity": "cafe", "atm": null, "bank": null, "bicycle_parking": null, "bicycle_rental": null, "bar": null, "biergarten": null, "building": null, "building:levels": null, "cafe": null, "drinking_water": null, "fast_food": null, "fountain": null, "fuel": null, "internet_access": null, "landuse": null, "office": null, "parking": null, "police": null, "post_office": null, "restaurant": null, "school": null, "social_facility": null, "source": null, "start_date": null, "taxi": null, "wikipedia": null, "agrarian": null, "alcohol": null, "bag": null, "books": null, "butcher": null, "clothes": null, "computer": null, "craft": null, "furniture": null, "gas": null, "hairdresser": null, "kitchen": null, "massage": null, "medical_supply": null, "motorcycle": null, "organic": null, "outdoor": null, "pet": null, "religion": null, "second_hand": null, "shoes": null, "shop": null, "swimming_pool": null, "trade": null, "wholesale": null, "attraction": null, "camp_site": null, "guest_house": null, "hostel": null, "information": null, "museum": null, "tourism": null, "viewpoint": null, "zoo": null, "osm_type": "node", "spa": null, "fireplace": null, "fishing": null, "security": null, "water": null }, "geometry": { "type": "Point", "coordinates": [ 72.5883477, 23.0319107 ] } },
{ "type": "Feature", "properties": { "lat": 23.0123617, "visible": "False", "version": 1, "tags": null, "id": 10550714022, "lon": 72.5110318, "changeset": 0.0, "timestamp": 1673630950, "addr:city": null, "addr:country": null, "addr:full": null, "addr:housenumber": "107, Safal Pegasus", "addr:housename": null, "addr:postcode": null, "addr:place": null, "addr:street": "100 Feet, Anandnagar Road,", "email": null, "name": "Jassi De Parathe", "opening_hours": "Mo-Su 11:00-23:00", "operator": null, "phone": "+91 95102 22000", "ref": null, "url": null, "website": "https://jassideparathe.com", "amenity": "restaurant", "atm": null, "bank": null, "bicycle_parking": null, "bicycle_rental": null, "bar": null, "biergarten": null, "building": null, "building:levels": null, "cafe": null, "drinking_water": null, "fast_food": null, "fountain": null, "fuel": null, "internet_access": null, "landuse": null, "office": null, "parking": null, "police": null, "post_office": null, "restaurant": null, "school": null, "social_facility": null, "source": null, "start_date": null, "taxi": null, "wikipedia": null, "agrarian": null, "alcohol": null, "bag": null, "books": null, "butcher": null, "clothes": null, "computer": null, "craft": null, "furniture": null, "gas": null, "hairdresser": null, "kitchen": null, "massage": null, "medical_supply": null, "motorcycle": null, "organic": null, "outdoor": null, "pet": null, "religion": null, "second_hand": null, "shoes": null, "shop": null, "swimming_pool": null, "trade": null, "wholesale": null, "attraction": null, "camp_site": null, "guest_house": null, "hostel": null, "information": null, "museum": null, "tourism": null, "viewpoint": null, "zoo": null, "osm_type": "node", "spa": null, "fireplace": null, "fishing": null, "security": null, "water": null }, "geometry": { "type": "Point", "coordinates": [ 72.5110318, 23.0123617 ] } },
{ "type": "Feature", "properties": { "lat": 23.0410761, "visible": "False", "version": 1, "tags": null, "id": 10750415881, "lon": 72.5269272, "changeset": 0.0, "timestamp": 1679394683, "addr:city": null, "addr:country": null, "addr:full": null, "addr:housenumber": null, "addr:housename": null, "addr:postcode": null, "addr:place": null, "addr:street": null, "email": null, "name": "Choco drama", "opening_hours": null, "operator": null, "phone": null, "ref": null, "url": null, "website": null, "amenity": "cafe", "atm": null, "bank": null, "bicycle_parking": null, "bicycle_rental": null, "bar": null, "biergarten": null, "building": null, "building:levels": null, "cafe": null, "drinking_water": null, "fast_food": null, "fountain": null, "fuel": null, "internet_access": null, "landuse": null, "office": null, "parking": null, "police": null, "post_office": null, "restaurant": null, "school": null, "social_facility": null, "source": null, "start_date": null, "taxi": null, "wikipedia": null, "agrarian": null, "alcohol": null, "bag": null, "books": null, "butcher": null, "clothes": null, "computer": null, "craft": null, "furniture": null, "gas": null, "hairdresser": null, "kitchen": null, "massage": null, "medical_supply": null, "motorcycle": null, "organic": null, "outdoor": null, "pet": null, "religion": null, "second_hand": null, "shoes": null, "shop": null, "swimming_pool": null, "trade": null, "wholesale": null, "attraction": null, "camp_site": null, "guest_house": null, "hostel": null, "information": null, "museum": null, "tourism": null, "viewpoint": null, "zoo": null, "osm_type": "node", "spa": null, "fireplace": null, "fishing": null, "security": null, "water": null }, "geometry": { "type": "Point", "coordinates": [ 72.5269272, 23.0410761 ] } },
{ "type": "Feature", "properties": { "lat": 23.0407863, "visible": "False", "version": 1, "tags": null, "id": 10750415885, "lon": 72.5275081, "changeset": 0.0, "timestamp": 1679394683, "addr:city": null, "addr:country": null, "addr:full": null, "addr:housenumber": null, "addr:housename": null, "addr:postcode": null, "addr:place": null, "addr:street": null, "email": null, "name": "leela sandwich", "opening_hours": null, "operator": null, "phone": null, "ref": null, "url": null, "website": null, "amenity": "fast_food", "atm": null, "bank": null, "bicycle_parking": null, "bicycle_rental": null, "bar": null, "biergarten": null, "building": null, "building:levels": null, "cafe": null, "drinking_water": null, "fast_food": null, "fountain": null, "fuel": null, "internet_access": null, "landuse": null, "office": null, "parking": null, "police": null, "post_office": null, "restaurant": null, "school": null, "social_facility": null, "source": null, "start_date": null, "taxi": null, "wikipedia": null, "agrarian": null, "alcohol": null, "bag": null, "books": null, "butcher": null, "clothes": null, "computer": null, "craft": null, "furniture": null, "gas": null, "hairdresser": null, "kitchen": null, "massage": null, "medical_supply": null, "motorcycle": null, "organic": null, "outdoor": null, "pet": null, "religion": null, "second_hand": null, "shoes": null, "shop": null, "swimming_pool": null, "trade": null, "wholesale": null, "attraction": null, "camp_site": null, "guest_house": null, "hostel": null, "information": null, "museum": null, "tourism": null, "viewpoint": null, "zoo": null, "osm_type": "node", "spa": null, "fireplace": null, "fishing": null, "security": null, "water": null }, "geometry": { "type": "Point", "coordinates": [ 72.5275081, 23.0407863 ] } },
{ "type": "Feature", "properties": { "lat": 23.1084228, "visible": "False", "version": 1, "tags": null, "id": 10959605481, "lon": 72.5824778, "changeset": 0.0, "timestamp": 1686059474, "addr:city": null, "addr:country": null, "addr:full": null, "addr:housenumber": null, "addr:housename": null, "addr:postcode": null, "addr:place": null, "addr:street": null, "email": null, "name": "Ramdev Farsan", "opening_hours": null, "operator": null, "phone": null, "ref": null, "url": null, "website": null, "amenity": "restaurant", "atm": null, "bank": null, "bicycle_parking": null, "bicycle_rental": null, "bar": null, "biergarten": null, "building": null, "building:levels": null, "cafe": null, "drinking_water": null, "fast_food": null, "fountain": null, "fuel": null, "internet_access": null, "landuse": null, "office": null, "parking": null, "police": null, "post_office": null, "restaurant": null, "school": null, "social_facility": null, "source": null, "start_date": null, "taxi": null, "wikipedia": null, "agrarian": null, "alcohol": null, "bag": null, "books": null, "butcher": null, "clothes": null, "computer": null, "craft": null, "furniture": null, "gas": null, "hairdresser": null, "kitchen": null, "massage": null, "medical_supply": null, "motorcycle": null, "organic": null, "outdoor": null, "pet": null, "religion": null, "second_hand": null, "shoes": null, "shop": null, "swimming_pool": null, "trade": null, "wholesale": null, "attraction": null, "camp_site": null, "guest_house": null, "hostel": null, "information": null, "museum": null, "tourism": null, "viewpoint": null, "zoo": null, "osm_type": "node", "spa": null, "fireplace": null, "fishing": null, "security": null, "water": null }, "geometry": { "type": "Point", "coordinates": [ 72.5824778, 23.1084228 ] } },
{ "type": "Feature", "properties": { "lat": 23.1089422, "visible": "False", "version": 1, "tags": null, "id": 10959628584, "lon": 72.5912774, "changeset": 0.0, "timestamp": 1686060515, "addr:city": null, "addr:country": null, "addr:full": null, "addr:housenumber": null, "addr:housename": null, "addr:postcode": null, "addr:place": null, "addr:street": null, "email": null, "name": "Monginis Cake shop", "opening_hours": null, "operator": null, "phone": null, "ref": null, "url": null, "website": null, "amenity": "restaurant", "atm": null, "bank": null, "bicycle_parking": null, "bicycle_rental": null, "bar": null, "biergarten": null, "building": null, "building:levels": null, "cafe": null, "drinking_water": null, "fast_food": null, "fountain": null, "fuel": null, "internet_access": null, "landuse": null, "office": null, "parking": null, "police": null, "post_office": null, "restaurant": null, "school": null, "social_facility": null, "source": null, "start_date": null, "taxi": null, "wikipedia": null, "agrarian": null, "alcohol": null, "bag": null, "books": null, "butcher": null, "clothes": null, "computer": null, "craft": null, "furniture": null, "gas": null, "hairdresser": null, "kitchen": null, "massage": null, "medical_supply": null, "motorcycle": null, "organic": null, "outdoor": null, "pet": null, "religion": null, "second_hand": null, "shoes": null, "shop": null, "swimming_pool": null, "trade": null, "wholesale": null, "attraction": null, "camp_site": null, "guest_house": null, "hostel": null, "information": null, "museum": null, "tourism": null, "viewpoint": null, "zoo": null, "osm_type": "node", "spa": null, "fireplace": null, "fishing": null, "security": null, "water": null }, "geometry": { "type": "Point", "coordinates": [ 72.5912774, 23.1089422 ] } },
{ "type": "Feature", "properties": { "lat": 23.1035224, "visible": "False", "version": 2, "tags": null, "id": 10959640143, "lon": 72.5960745, "changeset": 0.0, "timestamp": 1686063513, "addr:city": null, "addr:country": null, "addr:full": null, "addr:housenumber": null, "addr:housename": null, "addr:postcode": null, "addr:place": null, "addr:street": null, "email": null, "name": "Subway.", "opening_hours": null, "operator": null, "phone": null, "ref": null, "url": null, "website": null, "amenity": "restaurant", "atm": null, "bank": null, "bicycle_parking": null, "bicycle_rental": null, "bar": null, "biergarten": null, "building": null, "building:levels": null, "cafe": null, "drinking_water": null, "fast_food": null, "fountain": null, "fuel": null, "internet_access": null, "landuse": null, "office": null, "parking": null, "police": null, "post_office": null, "restaurant": null, "school": null, "social_facility": null, "source": null, "start_date": null, "taxi": null, "wikipedia": null, "agrarian": null, "alcohol": null, "bag": null, "books": null, "butcher": null, "clothes": null, "computer": null, "craft": null, "furniture": null, "gas": null, "hairdresser": null, "kitchen": null, "massage": null, "medical_supply": null, "motorcycle": null, "organic": null, "outdoor": null, "pet": null, "religion": null, "second_hand": null, "shoes": null, "shop": null, "swimming_pool": null, "trade": null, "wholesale": null, "attraction": null, "camp_site": null, "guest_house": null, "hostel": null, "information": null, "museum": null, "tourism": null, "viewpoint": null, "zoo": null, "osm_type": "node", "spa": null, "fireplace": null, "fishing": null, "security": null, "water": null }, "geometry": { "type": "Point", "coordinates": [ 72.5960745, 23.1035224 ] } },
{ "type": "Feature", "properties": { "lat": 23.1096267, "visible": "False", "version": 1, "tags": null, "id": 10959661519, "lon": 72.5938416, "changeset": 0.0, "timestamp": 1686060805, "addr:city": null, "addr:country": null, "addr:full": null, "addr:housenumber": null, "addr:housename": null, "addr:postcode": null, "addr:place": null, "addr:street": null, "email": null, "name": "The Belgian Waffle", "opening_hours": null, "operator": null, "phone": null, "ref": null, "url": null, "website": null, "amenity": "restaurant", "atm": null, "bank": null, "bicycle_parking": null, "bicycle_rental": null, "bar": null, "biergarten": null, "building": null, "building:levels": null, "cafe": null, "drinking_water": null, "fast_food": null, "fountain": null, "fuel": null, "internet_access": null, "landuse": null, "office": null, "parking": null, "police": null, "post_office": null, "restaurant": null, "school": null, "social_facility": null, "source": null, "start_date": null, "taxi": null, "wikipedia": null, "agrarian": null, "alcohol": null, "bag": null, "books": null, "butcher": null, "clothes": null, "computer": null, "craft": null, "furniture": null, "gas": null, "hairdresser": null, "kitchen": null, "massage": null, "medical_supply": null, "motorcycle": null, "organic": null, "outdoor": null, "pet": null, "religion": null, "second_hand": null, "shoes": null, "shop": null, "swimming_pool": null, "trade": null, "wholesale": null, "attraction": null, "camp_site": null, "guest_house": null, "hostel": null, "information": null, "museum": null, "tourism": null, "viewpoint": null, "zoo": null, "osm_type": "node", "spa": null, "fireplace": null, "fishing": null, "security": null, "water": null }, "geometry": { "type": "Point", "coordinates": [ 72.5938416, 23.1096267 ] } },
{ "type": "Feature", "properties": { "lat": 23.1096095, "visible": "False", "version": 1, "tags": null, "id": 10959671658, "lon": 72.5942231, "changeset": 0.0, "timestamp": 1686061473, "addr:city": null, "addr:country": null, "addr:full": null, "addr:housenumber": null, "addr:housename": null, "addr:postcode": null, "addr:place": null, "addr:street": null, "email": null, "name": "Tandoor & Tadka", "opening_hours": null, "operator": null, "phone": null, "ref": null, "url": null, "website": null, "amenity": "restaurant", "atm": null, "bank": null, "bicycle_parking": null, "bicycle_rental": null, "bar": null, "biergarten": null, "building": null, "building:levels": null, "cafe": null, "drinking_water": null, "fast_food": null, "fountain": null, "fuel": null, "internet_access": null, "landuse": null, "office": null, "parking": null, "police": null, "post_office": null, "restaurant": null, "school": null, "social_facility": null, "source": null, "start_date": null, "taxi": null, "wikipedia": null, "agrarian": null, "alcohol": null, "bag": null, "books": null, "butcher": null, "clothes": null, "computer": null, "craft": null, "furniture": null, "gas": null, "hairdresser": null, "kitchen": null, "massage": null, "medical_supply": null, "motorcycle": null, "organic": null, "outdoor": null, "pet": null, "religion": null, "second_hand": null, "shoes": null, "shop": null, "swimming_pool": null, "trade": null, "wholesale": null, "attraction": null, "camp_site": null, "guest_house": null, "hostel": null, "information": null, "museum": null, "tourism": null, "viewpoint": null, "zoo": null, "osm_type": "node", "spa": null, "fireplace": null, "fishing": null, "security": null, "water": null }, "geometry": { "type": "Point", "coordinates": [ 72.5942231, 23.1096095 ] } },
{ "type": "Feature", "properties": { "lat": 23.1034803, "visible": "False", "version": 2, "tags": null, "id": 10959699945, "lon": 72.5961933, "changeset": 0.0, "timestamp": 1686063513, "addr:city": null, "addr:country": null, "addr:full": null, "addr:housenumber": null, "addr:housename": null, "addr:postcode": null, "addr:place": null, "addr:street": null, "email": null, "name": "La Pino's Pizza.", "opening_hours": null, "operator": null, "phone": null, "ref": null, "url": null, "website": null, "amenity": "restaurant", "atm": null, "bank": null, "bicycle_parking": null, "bicycle_rental": null, "bar": null, "biergarten": null, "building": null, "building:levels": null, "cafe": null, "drinking_water": null, "fast_food": null, "fountain": null, "fuel": null, "internet_access": null, "landuse": null, "office": null, "parking": null, "police": null, "post_office": null, "restaurant": null, "school": null, "social_facility": null, "source": null, "start_date": null, "taxi": null, "wikipedia": null, "agrarian": null, "alcohol": null, "bag": null, "books": null, "butcher": null, "clothes": null, "computer": null, "craft": null, "furniture": null, "gas": null, "hairdresser": null, "kitchen": null, "massage": null, "medical_supply": null, "motorcycle": null, "organic": null, "outdoor": null, "pet": null, "religion": null, "second_hand": null, "shoes": null, "shop": null, "swimming_pool": null, "trade": null, "wholesale": null, "attraction": null, "camp_site": null, "guest_house": null, "hostel": null, "information": null, "museum": null, "tourism": null, "viewpoint": null, "zoo": null, "osm_type": "node", "spa": null, "fireplace": null, "fishing": null, "security": null, "water": null }, "geometry": { "type": "Point", "coordinates": [ 72.5961933, 23.1034803 ] } },
{ "type": "Feature", "properties": { "lat": 23.1056688, "visible": "False", "version": 2, "tags": null, "id": 10959715013, "lon": 72.5957957, "changeset": 0.0, "timestamp": 1771525974, "addr:city": null, "addr:country": null, "addr:full": null, "addr:housenumber": null, "addr:housename": null, "addr:postcode": null, "addr:place": null, "addr:street": null, "email": null, "name": "Dangee Dums", "opening_hours": null, "operator": null, "phone": null, "ref": null, "url": null, "website": null, "amenity": "restaurant", "atm": null, "bank": null, "bicycle_parking": null, "bicycle_rental": null, "bar": null, "biergarten": null, "building": null, "building:levels": null, "cafe": null, "drinking_water": null, "fast_food": null, "fountain": null, "fuel": null, "internet_access": null, "landuse": null, "office": null, "parking": null, "police": null, "post_office": null, "restaurant": null, "school": null, "social_facility": null, "source": null, "start_date": null, "taxi": null, "wikipedia": null, "agrarian": null, "alcohol": null, "bag": null, "books": null, "butcher": null, "clothes": null, "computer": null, "craft": null, "furniture": null, "gas": null, "hairdresser": null, "kitchen": null, "massage": null, "medical_supply": null, "motorcycle": null, "organic": null, "outdoor": null, "pet": null, "religion": null, "second_hand": null, "shoes": null, "shop": null, "swimming_pool": null, "trade": null, "wholesale": null, "attraction": null, "camp_site": null, "guest_house": null, "hostel": null, "information": null, "museum": null, "tourism": null, "viewpoint": null, "zoo": null, "osm_type": "node", "spa": null, "fireplace": null, "fishing": null, "security": null, "water": null }, "geometry": { "type": "Point", "coordinates": [ 72.5957957, 23.1056688 ] } },
{ "type": "Feature", "properties": { "lat": 23.103377, "visible": "False", "version": 2, "tags": null, "id": 10959718509, "lon": 72.5958266, "changeset": 0.0, "timestamp": 1686063513, "addr:city": null, "addr:country": null, "addr:full": null, "addr:housenumber": null, "addr:housename": null, "addr:postcode": null, "addr:place": null, "addr:street": null, "email": null, "name": "La Milano Pizzeria.", "opening_hours": null, "operator": null, "phone": null, "ref": null, "url": null, "website": null, "amenity": "restaurant", "atm": null, "bank": null, "bicycle_parking": null, "bicycle_rental": null, "bar": null, "biergarten": null, "building": null, "building:levels": null, "cafe": null, "drinking_water": null, "fast_food": null, "fountain": null, "fuel": null, "internet_access": null, "landuse": null, "office": null, "parking": null, "police": null, "post_office": null, "restaurant": null, "school": null, "social_facility": null, "source": null, "start_date": null, "taxi": null, "wikipedia": null, "agrarian": null, "alcohol": null, "bag": null, "books": null, "butcher": null, "clothes": null, "computer": null, "craft": null, "furniture": null, "gas": null, "hairdresser": null, "kitchen": null, "massage": null, "medical_supply": null, "motorcycle": null, "organic": null, "outdoor": null, "pet": null, "religion": null, "second_hand": null, "shoes": null, "shop": null, "swimming_pool": null, "trade": null, "wholesale": null, "attraction": null, "camp_site": null, "guest_house": null, "hostel": null, "information": null, "museum": null, "tourism": null, "viewpoint": null, "zoo": null, "osm_type": "node", "spa": null, "fireplace": null, "fishing": null, "security": null, "water": null }, "geometry": { "type": "Point", "coordinates": [ 72.5958266, 23.103377 ] } },
{ "type": "Feature", "properties": { "lat": 23.102916, "visible": "False", "version": 1, "tags": null, "id": 10959725324, "lon": 72.5952916, "changeset": 0.0, "timestamp": 1686062782, "addr:city": null, "addr:country": null, "addr:full": null, "addr:housenumber": null, "addr:housename": null, "addr:postcode": null, "addr:place": null, "addr:street": null, "email": null, "name": "Gwalia Sweets Private Limited", "opening_hours": null, "operator": null, "phone": null, "ref": null, "url": null, "website": null, "amenity": "restaurant", "atm": null, "bank": null, "bicycle_parking": null, "bicycle_rental": null, "bar": null, "biergarten": null, "building": null, "building:levels": null, "cafe": null, "drinking_water": null, "fast_food": null, "fountain": null, "fuel": null, "internet_access": null, "landuse": null, "office": null, "parking": null, "police": null, "post_office": null, "restaurant": null, "school": null, "social_facility": null, "source": null, "start_date": null, "taxi": null, "wikipedia": null, "agrarian": null, "alcohol": null, "bag": null, "books": null, "butcher": null, "clothes": null, "computer": null, "craft": null, "furniture": null, "gas": null, "hairdresser": null, "kitchen": null, "massage": null, "medical_supply": null, "motorcycle": null, "organic": null, "outdoor": null, "pet": null, "religion": null, "second_hand": null, "shoes": null, "shop": null, "swimming_pool": null, "trade": null, "wholesale": null, "attraction": null, "camp_site": null, "guest_house": null, "hostel": null, "information": null, "museum": null, "tourism": null, "viewpoint": null, "zoo": null, "osm_type": "node", "spa": null, "fireplace": null, "fishing": null, "security": null, "water": null }, "geometry": { "type": "Point", "coordinates": [ 72.5952916, 23.102916 ] } },
{ "type": "Feature", "properties": { "lat": 23.0416984, "visible": "False", "version": 3, "tags": { "addr:district": "Gujarat", "cuisine": "chinese;pizza;coffee_shop", "diet:local": "yes" }, "id": 11259129233, "lon": 72.6784893, "changeset": 0.0, "timestamp": 1697182188, "addr:city": "Ahmedabad", "addr:country": null, "addr:full": null, "addr:housenumber": "1", "addr:housename": null, "addr:postcode": "382350", "addr:place": null, "addr:street": "Aarth Business Center, Ring Road, opp. Torrent Sub-Station, Nikol", "email": null, "name": "BLUEBERRY RESTAURANT & BANQUET", "opening_hours": null, "operator": null, "phone": "+91 97126 00530", "ref": null, "url": null, "website": "https://www.google.com/search?q=BLUEBERRY+RESTAURANT+%26+BANQUET&sca_esv=573098824&sxsrf=AM9HkKlvC1EB4IVqvjupYP5K1tNLlW-sjg%3A1697177510335&ei=pt8oZZDoE_z7seMPo-CS-A8&ved=0ahUKEwiQ0_70rvKBAxX8fWwGHSOwBP8Q4dUDCBA&uact=5&oq=BLUEBERRY+RESTAURANT+%26+BANQUET&", "amenity": "restaurant", "atm": null, "bank": null, "bicycle_parking": null, "bicycle_rental": null, "bar": null, "biergarten": null, "building": null, "building:levels": null, "cafe": null, "drinking_water": null, "fast_food": null, "fountain": null, "fuel": null, "internet_access": null, "landuse": null, "office": null, "parking": null, "police": null, "post_office": null, "restaurant": null, "school": null, "social_facility": null, "source": null, "start_date": null, "taxi": null, "wikipedia": null, "agrarian": null, "alcohol": null, "bag": null, "books": null, "butcher": null, "clothes": null, "computer": null, "craft": null, "furniture": null, "gas": null, "hairdresser": null, "kitchen": null, "massage": null, "medical_supply": null, "motorcycle": null, "organic": null, "outdoor": null, "pet": null, "religion": null, "second_hand": null, "shoes": null, "shop": null, "swimming_pool": null, "trade": null, "wholesale": null, "attraction": null, "camp_site": null, "guest_house": null, "hostel": null, "information": null, "museum": null, "tourism": null, "viewpoint": null, "zoo": null, "osm_type": "node", "spa": null, "fireplace": null, "fishing": null, "security": null, "water": null }, "geometry": { "type": "Point", "coordinates": [ 72.6784893, 23.0416984 ] } },
{ "type": "Feature", "properties": { "lat": 23.1361303, "visible": "False", "version": 1, "tags": { "cuisine": "ice_cream;waffle;shakes", "internet_access:fee": "yes" }, "id": 11419836108, "lon": 72.5502307, "changeset": 0.0, "timestamp": 1702629979, "addr:city": "Gandhinagar", "addr:country": null, "addr:full": null, "addr:housenumber": "B116, Shaligram Lakeview", "addr:housename": null, "addr:postcode": "382470", "addr:place": null, "addr:street": "S P Ring Road", "email": null, "name": "Scoop N Munch", "opening_hours": null, "operator": null, "phone": "7203025213", "ref": null, "url": null, "website": null, "amenity": "cafe", "atm": null, "bank": null, "bicycle_parking": null, "bicycle_rental": null, "bar": null, "biergarten": null, "building": null, "building:levels": null, "cafe": null, "drinking_water": null, "fast_food": null, "fountain": null, "fuel": null, "internet_access": "wlan", "landuse": null, "office": null, "parking": null, "police": null, "post_office": null, "restaurant": null, "school": null, "social_facility": null, "source": null, "start_date": null, "taxi": null, "wikipedia": null, "agrarian": null, "alcohol": null, "bag": null, "books": null, "butcher": null, "clothes": null, "computer": null, "craft": null, "furniture": null, "gas": null, "hairdresser": null, "kitchen": null, "massage": null, "medical_supply": null, "motorcycle": null, "organic": null, "outdoor": null, "pet": null, "religion": null, "second_hand": null, "shoes": null, "shop": null, "swimming_pool": null, "trade": null, "wholesale": null, "attraction": null, "camp_site": null, "guest_house": null, "hostel": null, "information": null, "museum": null, "tourism": null, "viewpoint": null, "zoo": null, "osm_type": "node", "spa": null, "fireplace": null, "fishing": null, "security": null, "water": null }, "geometry": { "type": "Point", "coordinates": [ 72.5502307, 23.1361303 ] } },
{ "type": "Feature", "properties": { "lat": 22.9782788, "visible": "False", "version": 1, "tags": { "cuisine": "indian", "diet:healthy": "yes", "diet:vegetarian": "yes", "drive_through": "yes" }, "id": 11539673209, "lon": 72.6106967, "changeset": 0.0, "timestamp": 1705919943, "addr:city": null, "addr:country": null, "addr:full": null, "addr:housenumber": null, "addr:housename": null, "addr:postcode": null, "addr:place": null, "addr:street": null, "email": null, "name": "Sakha Surti Locho & Rasawala Khaman", "opening_hours": "Mo-Fr 09:00-17:00", "operator": "Vaishali Khatri", "phone": "+91 8780680039", "ref": null, "url": null, "website": null, "amenity": "fast_food", "atm": null, "bank": null, "bicycle_parking": null, "bicycle_rental": null, "bar": null, "biergarten": null, "building": null, "building:levels": null, "cafe": null, "drinking_water": null, "fast_food": null, "fountain": null, "fuel": null, "internet_access": null, "landuse": null, "office": null, "parking": null, "police": null, "post_office": null, "restaurant": null, "school": null, "social_facility": null, "source": null, "start_date": null, "taxi": null, "wikipedia": null, "agrarian": null, "alcohol": null, "bag": null, "books": null, "butcher": null, "clothes": null, "computer": null, "craft": null, "furniture": null, "gas": null, "hairdresser": null, "kitchen": null, "massage": null, "medical_supply": null, "motorcycle": null, "organic": null, "outdoor": null, "pet": null, "religion": null, "second_hand": null, "shoes": null, "shop": null, "swimming_pool": null, "trade": null, "wholesale": null, "attraction": null, "camp_site": null, "guest_house": null, "hostel": null, "information": null, "museum": null, "tourism": null, "viewpoint": null, "zoo": null, "osm_type": "node", "spa": null, "fireplace": null, "fishing": null, "security": null, "water": null }, "geometry": { "type": "Point", "coordinates": [ 72.6106967, 22.9782788 ] } },
{ "type": "Feature", "properties": { "lat": 23.0681879, "visible": "False", "version": 1, "tags": { "cuisine": "indian", "diet:vegetarian": "yes" }, "id": 11563630520, "lon": 72.576195, "changeset": 0.0, "timestamp": 1706521011, "addr:city": null, "addr:country": null, "addr:full": null, "addr:housenumber": null, "addr:housename": null, "addr:postcode": null, "addr:place": null, "addr:street": null, "email": null, "name": "Dosawala", "opening_hours": "Mo-Su 09:00-21:00", "operator": null, "phone": "8238011325", "ref": null, "url": null, "website": null, "amenity": "restaurant", "atm": null, "bank": null, "bicycle_parking": null, "bicycle_rental": null, "bar": null, "biergarten": null, "building": null, "building:levels": null, "cafe": null, "drinking_water": null, "fast_food": null, "fountain": null, "fuel": null, "internet_access": null, "landuse": null, "office": null, "parking": null, "police": null, "post_office": null, "restaurant": null, "school": null, "social_facility": null, "source": null, "start_date": null, "taxi": null, "wikipedia": null, "agrarian": null, "alcohol": null, "bag": null, "books": null, "butcher": null, "clothes": null, "computer": null, "craft": null, "furniture": null, "gas": null, "hairdresser": null, "kitchen": null, "massage": null, "medical_supply": null, "motorcycle": null, "organic": null, "outdoor": null, "pet": null, "religion": null, "second_hand": null, "shoes": null, "shop": null, "swimming_pool": null, "trade": null, "wholesale": null, "attraction": null, "camp_site": null, "guest_house": null, "hostel": null, "information": null, "museum": null, "tourism": null, "viewpoint": null, "zoo": null, "osm_type": "node", "spa": null, "fireplace": null, "fishing": null, "security": null, "water": null }, "geometry": { "type": "Point", "coordinates": [ 72.576195, 23.0681879 ] } },
{ "type": "Feature", "properties": { "lat": 23.0843166, "visible": "False", "version": 1, "tags": { "cuisine": "coffee_shop;fast_food", "outdoor_seating": "yes" }, "id": 11575789971, "lon": 72.4878637, "changeset": 0.0, "timestamp": 1706767866, "addr:city": "Ahmedabad", "addr:country": null, "addr:full": null, "addr:housenumber": null, "addr:housename": null, "addr:postcode": "380060", "addr:place": null, "addr:street": "Science City Bhadaj Road", "email": null, "name": "Stallions Cafe", "opening_hours": null, "operator": null, "phone": "+919909909560", "ref": null, "url": null, "website": null, "amenity": "cafe", "atm": null, "bank": null, "bicycle_parking": null, "bicycle_rental": null, "bar": null, "biergarten": null, "building": null, "building:levels": null, "cafe": null, "drinking_water": null, "fast_food": null, "fountain": null, "fuel": null, "internet_access": null, "landuse": null, "office": null, "parking": null, "police": null, "post_office": null, "restaurant": null, "school": null, "social_facility": null, "source": null, "start_date": null, "taxi": null, "wikipedia": null, "agrarian": null, "alcohol": null, "bag": null, "books": null, "butcher": null, "clothes": null, "computer": null, "craft": null, "furniture": null, "gas": null, "hairdresser": null, "kitchen": null, "massage": null, "medical_supply": null, "motorcycle": null, "organic": null, "outdoor": null, "pet": null, "religion": null, "second_hand": null, "shoes": null, "shop": null, "swimming_pool": null, "trade": null, "wholesale": null, "attraction": null, "camp_site": null, "guest_house": null, "hostel": null, "information": null, "museum": null, "tourism": null, "viewpoint": null, "zoo": null, "osm_type": "node", "spa": null, "fireplace": null, "fishing": null, "security": null, "water": null }, "geometry": { "type": "Point", "coordinates": [ 72.4878637, 23.0843166 ] } },
{ "type": "Feature", "properties": { "lat": 23.0381383, "visible": "False", "version": 2, "tags": { "air_conditioning": "yes", "branch": "Nikol", "capacity": "100", "cuisine": "pizza;regional;italian;burger;chinese;sandwich;mexican;kebab;indian;ice_cream;international", "diet:vegetarian": "yes", "takeaway": "yes" }, "id": 11724303079, "lon": 72.6772579, "changeset": 0.0, "timestamp": 1710246020, "addr:city": null, "addr:country": null, "addr:full": null, "addr:housenumber": null, "addr:housename": null, "addr:postcode": null, "addr:place": null, "addr:street": null, "email": null, "name": "1944 The Hocco Kitchen", "opening_hours": "Mo-Su 09:00-23:00", "operator": null, "phone": "9904623689", "ref": null, "url": null, "website": null, "amenity": "restaurant", "atm": null, "bank": null, "bicycle_parking": null, "bicycle_rental": null, "bar": null, "biergarten": null, "building": null, "building:levels": null, "cafe": null, "drinking_water": null, "fast_food": null, "fountain": null, "fuel": null, "internet_access": null, "landuse": null, "office": null, "parking": null, "police": null, "post_office": null, "restaurant": null, "school": null, "social_facility": null, "source": null, "start_date": null, "taxi": null, "wikipedia": null, "agrarian": null, "alcohol": null, "bag": null, "books": null, "butcher": null, "clothes": null, "computer": null, "craft": null, "furniture": null, "gas": null, "hairdresser": null, "kitchen": null, "massage": null, "medical_supply": null, "motorcycle": null, "organic": null, "outdoor": null, "pet": null, "religion": null, "second_hand": null, "shoes": null, "shop": null, "swimming_pool": null, "trade": null, "wholesale": null, "attraction": null, "camp_site": null, "guest_house": null, "hostel": null, "information": null, "museum": null, "tourism": null, "viewpoint": null, "zoo": null, "osm_type": "node", "spa": null, "fireplace": null, "fishing": null, "security": null, "water": null }, "geometry": { "type": "Point", "coordinates": [ 72.6772579, 23.0381383 ] } },
{ "type": "Feature", "properties": { "lat": 23.1048411, "visible": "False", "version": 1, "tags": { "address": "Cross Road, Devnagar, Ahmedabad, Gujarat 382481" }, "id": 11773753701, "lon": 72.5379754, "changeset": 0.0, "timestamp": 1711813771, "addr:city": null, "addr:country": null, "addr:full": null, "addr:housenumber": null, "addr:housename": null, "addr:postcode": null, "addr:place": null, "addr:street": null, "email": null, "name": "The Gyan Café", "opening_hours": null, "operator": null, "phone": null, "ref": null, "url": null, "website": "https://thegyancafe.com", "amenity": "cafe", "atm": null, "bank": null, "bicycle_parking": null, "bicycle_rental": null, "bar": null, "biergarten": null, "building": null, "building:levels": null, "cafe": null, "drinking_water": null, "fast_food": null, "fountain": null, "fuel": null, "internet_access": null, "landuse": null, "office": null, "parking": null, "police": null, "post_office": null, "restaurant": null, "school": null, "social_facility": null, "source": null, "start_date": null, "taxi": null, "wikipedia": null, "agrarian": null, "alcohol": null, "bag": null, "books": null, "butcher": null, "clothes": null, "computer": null, "craft": null, "furniture": null, "gas": null, "hairdresser": null, "kitchen": null, "massage": null, "medical_supply": null, "motorcycle": null, "organic": null, "outdoor": null, "pet": null, "religion": null, "second_hand": null, "shoes": null, "shop": null, "swimming_pool": null, "trade": null, "wholesale": null, "attraction": null, "camp_site": null, "guest_house": null, "hostel": null, "information": null, "museum": null, "tourism": null, "viewpoint": null, "zoo": null, "osm_type": "node", "spa": null, "fireplace": null, "fishing": null, "security": null, "water": null }, "geometry": { "type": "Point", "coordinates": [ 72.5379754, 23.1048411 ] } },
{ "type": "Feature", "properties": { "lat": 23.0721192, "visible": "False", "version": 1, "tags": { "addr:district": "Gujarat" }, "id": 11792825426, "lon": 72.6421901, "changeset": 0.0, "timestamp": 1712322903, "addr:city": null, "addr:country": null, "addr:full": null, "addr:housenumber": "117", "addr:housename": null, "addr:postcode": null, "addr:place": null, "addr:street": "B-Ward, Kubernagar", "email": null, "name": "Dinchuiliu Vidhani Kitchen", "opening_hours": null, "operator": null, "phone": null, "ref": null, "url": null, "website": null, "amenity": "restaurant", "atm": null, "bank": null, "bicycle_parking": null, "bicycle_rental": null, "bar": null, "biergarten": null, "building": null, "building:levels": null, "cafe": null, "drinking_water": null, "fast_food": null, "fountain": null, "fuel": null, "internet_access": null, "landuse": null, "office": null, "parking": null, "police": null, "post_office": null, "restaurant": null, "school": null, "social_facility": null, "source": null, "start_date": null, "taxi": null, "wikipedia": null, "agrarian": null, "alcohol": null, "bag": null, "books": null, "butcher": null, "clothes": null, "computer": null, "craft": null, "furniture": null, "gas": null, "hairdresser": null, "kitchen": null, "massage": null, "medical_supply": null, "motorcycle": null, "organic": null, "outdoor": null, "pet": null, "religion": null, "second_hand": null, "shoes": null, "shop": null, "swimming_pool": null, "trade": null, "wholesale": null, "attraction": null, "camp_site": null, "guest_house": null, "hostel": null, "information": null, "museum": null, "tourism": null, "viewpoint": null, "zoo": null, "osm_type": "node", "spa": null, "fireplace": null, "fishing": null, "security": null, "water": null }, "geometry": { "type": "Point", "coordinates": [ 72.6421901, 23.0721192 ] } },
{ "type": "Feature", "properties": { "lat": 23.0162491, "visible": "False", "version": 1, "tags": { "address": "Shop no 17, Ground Floor, Saanvi Nirman Stella, Safal Parisar Rd, nr. Marigold Complex, South Bopal, Bopal, Ahmedabad, Gujarat 380058" }, "id": 11986210790, "lon": 72.4646557, "changeset": 0.0, "timestamp": 1718573842, "addr:city": null, "addr:country": null, "addr:full": null, "addr:housenumber": null, "addr:housename": null, "addr:postcode": null, "addr:place": null, "addr:street": "Safal Parisar Road", "email": null, "name": "HL Frankie", "opening_hours": "Mo-Su 10:00-02:00", "operator": null, "phone": null, "ref": null, "url": null, "website": null, "amenity": "fast_food", "atm": null, "bank": null, "bicycle_parking": null, "bicycle_rental": null, "bar": null, "biergarten": null, "building": null, "building:levels": null, "cafe": null, "drinking_water": null, "fast_food": null, "fountain": null, "fuel": null, "internet_access": null, "landuse": null, "office": null, "parking": null, "police": null, "post_office": null, "restaurant": null, "school": null, "social_facility": null, "source": null, "start_date": null, "taxi": null, "wikipedia": null, "agrarian": null, "alcohol": null, "bag": null, "books": null, "butcher": null, "clothes": null, "computer": null, "craft": null, "furniture": null, "gas": null, "hairdresser": null, "kitchen": null, "massage": null, "medical_supply": null, "motorcycle": null, "organic": null, "outdoor": null, "pet": null, "religion": null, "second_hand": null, "shoes": null, "shop": null, "swimming_pool": null, "trade": null, "wholesale": null, "attraction": null, "camp_site": null, "guest_house": null, "hostel": null, "information": null, "museum": null, "tourism": null, "viewpoint": null, "zoo": null, "osm_type": "node", "spa": null, "fireplace": null, "fishing": null, "security": null, "water": null }, "geometry": { "type": "Point", "coordinates": [ 72.4646557, 23.0162491 ] } },
{ "type": "Feature", "properties": { "lat": 23.0124903, "visible": "False", "version": 1, "tags": { "check_date": "2025-02-15", "currency:XBT": "yes", "payment:lightning": "no", "payment:lightning_contactless": "no", "payment:onchain": "yes" }, "id": 12590599051, "lon": 72.5033515, "changeset": 0.0, "timestamp": 1739643097, "addr:city": "Ahmedabad, Prahladnagar", "addr:country": null, "addr:full": null, "addr:housenumber": null, "addr:housename": null, "addr:postcode": "380015", "addr:place": null, "addr:street": "Service road - Sarkhej Gandhinagar Highway", "email": null, "name": "The dark roast", "opening_hours": null, "operator": null, "phone": null, "ref": null, "url": null, "website": null, "amenity": "cafe", "atm": null, "bank": null, "bicycle_parking": null, "bicycle_rental": null, "bar": null, "biergarten": null, "building": null, "building:levels": null, "cafe": null, "drinking_water": null, "fast_food": null, "fountain": null, "fuel": null, "internet_access": null, "landuse": null, "office": null, "parking": null, "police": null, "post_office": null, "restaurant": null, "school": null, "social_facility": null, "source": null, "start_date": null, "taxi": null, "wikipedia": null, "agrarian": null, "alcohol": null, "bag": null, "books": null, "butcher": null, "clothes": null, "computer": null, "craft": null, "furniture": null, "gas": null, "hairdresser": null, "kitchen": null, "massage": null, "medical_supply": null, "motorcycle": null, "organic": null, "outdoor": null, "pet": null, "religion": null, "second_hand": null, "shoes": null, "shop": null, "swimming_pool": null, "trade": null, "wholesale": null, "attraction": null, "camp_site": null, "guest_house": null, "hostel": null, "information": null, "museum": null, "tourism": null, "viewpoint": null, "zoo": null, "osm_type": "node", "spa": null, "fireplace": null, "fishing": null, "security": null, "water": null }, "geometry": { "type": "Point", "coordinates": [ 72.5033515, 23.0124903 ] } },
{ "type": "Feature", "properties": { "lat": 23.1849638, "visible": "False", "version": 1, "tags": { "brand": "Starbucks", "cuisine": "coffee_shop", "internet_access:fee": "no", "official_name": "Starbucks Coffee", "smoking": "no", "takeaway": "yes" }, "id": 12726457252, "lon": 72.6304054, "changeset": 0.0, "timestamp": 1743706379, "addr:city": null, "addr:country": null, "addr:full": null, "addr:housenumber": null, "addr:housename": null, "addr:postcode": null, "addr:place": null, "addr:street": null, "email": null, "name": "Starbucks", "opening_hours": "Mo-Su 08:00-24:00", "operator": null, "phone": null, "ref": null, "url": null, "website": null, "amenity": "cafe", "atm": null, "bank": null, "bicycle_parking": null, "bicycle_rental": null, "bar": null, "biergarten": null, "building": null, "building:levels": null, "cafe": null, "drinking_water": null, "fast_food": null, "fountain": null, "fuel": null, "internet_access": "yes", "landuse": null, "office": null, "parking": null, "police": null, "post_office": null, "restaurant": null, "school": null, "social_facility": null, "source": null, "start_date": null, "taxi": null, "wikipedia": null, "agrarian": null, "alcohol": null, "bag": null, "books": null, "butcher": null, "clothes": null, "computer": null, "craft": null, "furniture": null, "gas": null, "hairdresser": null, "kitchen": null, "massage": null, "medical_supply": null, "motorcycle": null, "organic": null, "outdoor": null, "pet": null, "religion": null, "second_hand": null, "shoes": null, "shop": null, "swimming_pool": null, "trade": null, "wholesale": null, "attraction": null, "camp_site": null, "guest_house": null, "hostel": null, "information": null, "museum": null, "tourism": null, "viewpoint": null, "zoo": null, "osm_type": "node", "spa": null, "fireplace": null, "fishing": null, "security": null, "water": null }, "geometry": { "type": "Point", "coordinates": [ 72.6304054, 23.1849638 ] } },
{ "type": "Feature", "properties": { "lat": 23.1846554, "visible": "False", "version": 3, "tags": { "cuisine": "South Indian", "panoramax": "b5822e8c-b7b2-4519-830a-4f934cbd0998", "panoramax:0": "0f4fc427-419c-450c-90cc-8593f7d6af2d" }, "id": 12726457258, "lon": 72.6293004, "changeset": 0.0, "timestamp": 1753443303, "addr:city": "Gandhinagar", "addr:country": null, "addr:full": null, "addr:housenumber": null, "addr:housename": null, "addr:postcode": "382421", "addr:place": null, "addr:street": null, "email": null, "name": "Urban Dosa House", "opening_hours": null, "operator": null, "phone": null, "ref": null, "url": null, "website": null, "amenity": "restaurant", "atm": null, "bank": null, "bicycle_parking": null, "bicycle_rental": null, "bar": null, "biergarten": null, "building": null, "building:levels": null, "cafe": null, "drinking_water": null, "fast_food": null, "fountain": null, "fuel": null, "internet_access": null, "landuse": null, "office": null, "parking": null, "police": null, "post_office": null, "restaurant": null, "school": null, "social_facility": null, "source": null, "start_date": null, "taxi": null, "wikipedia": null, "agrarian": null, "alcohol": null, "bag": null, "books": null, "butcher": null, "clothes": null, "computer": null, "craft": null, "furniture": null, "gas": null, "hairdresser": null, "kitchen": null, "massage": null, "medical_supply": null, "motorcycle": null, "organic": null, "outdoor": null, "pet": null, "religion": null, "second_hand": null, "shoes": null, "shop": null, "swimming_pool": null, "trade": null, "wholesale": null, "attraction": null, "camp_site": null, "guest_house": null, "hostel": null, "information": null, "museum": null, "tourism": null, "viewpoint": null, "zoo": null, "osm_type": "node", "spa": null, "fireplace": null, "fishing": null, "security": null, "water": null }, "geometry": { "type": "Point", "coordinates": [ 72.6293004, 23.1846554 ] } },
{ "type": "Feature", "properties": { "lat": 23.1849769, "visible": "False", "version": 1, "tags": { "level": "2" }, "id": 12731411380, "lon": 72.6312398, "changeset": 0.0, "timestamp": 1743870212, "addr:city": null, "addr:country": null, "addr:full": null, "addr:housenumber": null, "addr:housename": null, "addr:postcode": null, "addr:place": null, "addr:street": null, "email": null, "name": "Rasam Thal", "opening_hours": null, "operator": null, "phone": null, "ref": null, "url": null, "website": null, "amenity": "restaurant", "atm": null, "bank": null, "bicycle_parking": null, "bicycle_rental": null, "bar": null, "biergarten": null, "building": null, "building:levels": null, "cafe": null, "drinking_water": null, "fast_food": null, "fountain": null, "fuel": null, "internet_access": null, "landuse": null, "office": null, "parking": null, "police": null, "post_office": null, "restaurant": null, "school": null, "social_facility": null, "source": null, "start_date": null, "taxi": null, "wikipedia": null, "agrarian": null, "alcohol": null, "bag": null, "books": null, "butcher": null, "clothes": null, "computer": null, "craft": null, "furniture": null, "gas": null, "hairdresser": null, "kitchen": null, "massage": null, "medical_supply": null, "motorcycle": null, "organic": null, "outdoor": null, "pet": null, "religion": null, "second_hand": null, "shoes": null, "shop": null, "swimming_pool": null, "trade": null, "wholesale": null, "attraction": null, "camp_site": null, "guest_house": null, "hostel": null, "information": null, "museum": null, "tourism": null, "viewpoint": null, "zoo": null, "osm_type": "node", "spa": null, "fireplace": null, "fishing": null, "security": null, "water": null }, "geometry": { "type": "Point", "coordinates": [ 72.6312398, 23.1849769 ] } },
{ "type": "Feature", "properties": { "lat": 23.1885733, "visible": "False", "version": 1, "tags": { "cuisine": "tea;noodle" }, "id": 12732749099, "lon": 72.6302431, "changeset": 0.0, "timestamp": 1743930671, "addr:city": "Gandhinagar", "addr:country": null, "addr:full": null, "addr:housenumber": null, "addr:housename": null, "addr:postcode": "382421", "addr:place": null, "addr:street": null, "email": null, "name": "Banna's Tea Stall", "opening_hours": null, "operator": null, "phone": null, "ref": null, "url": null, "website": null, "amenity": "cafe", "atm": null, "bank": null, "bicycle_parking": null, "bicycle_rental": null, "bar": null, "biergarten": null, "building": null, "building:levels": null, "cafe": null, "drinking_water": null, "fast_food": null, "fountain": null, "fuel": null, "internet_access": null, "landuse": null, "office": null, "parking": null, "police": null, "post_office": null, "restaurant": null, "school": null, "social_facility": null, "source": null, "start_date": null, "taxi": null, "wikipedia": null, "agrarian": null, "alcohol": null, "bag": null, "books": null, "butcher": null, "clothes": null, "computer": null, "craft": null, "furniture": null, "gas": null, "hairdresser": null, "kitchen": null, "massage": null, "medical_supply": null, "motorcycle": null, "organic": null, "outdoor": null, "pet": null, "religion": null, "second_hand": null, "shoes": null, "shop": null, "swimming_pool": null, "trade": null, "wholesale": null, "attraction": null, "camp_site": null, "guest_house": null, "hostel": null, "information": null, "museum": null, "tourism": null, "viewpoint": null, "zoo": null, "osm_type": "node", "spa": null, "fireplace": null, "fishing": null, "security": null, "water": null }, "geometry": { "type": "Point", "coordinates": [ 72.6302431, 23.1885733 ] } },
{ "type": "Feature", "properties": { "lat": 23.0309116, "visible": "False", "version": 1, "tags": { "cuisine": "indian", "survey:date": "2025-04-20" }, "id": 12770326645, "lon": 72.4650527, "changeset": 0.0, "timestamp": 1745154615, "addr:city": null, "addr:country": null, "addr:full": null, "addr:housenumber": null, "addr:housename": null, "addr:postcode": null, "addr:place": null, "addr:street": null, "email": null, "name": "Honest Restaurant", "opening_hours": null, "operator": null, "phone": null, "ref": null, "url": null, "website": null, "amenity": "restaurant", "atm": null, "bank": null, "bicycle_parking": null, "bicycle_rental": null, "bar": null, "biergarten": null, "building": null, "building:levels": null, "cafe": null, "drinking_water": null, "fast_food": null, "fountain": null, "fuel": null, "internet_access": null, "landuse": null, "office": null, "parking": null, "police": null, "post_office": null, "restaurant": null, "school": null, "social_facility": null, "source": null, "start_date": null, "taxi": null, "wikipedia": null, "agrarian": null, "alcohol": null, "bag": null, "books": null, "butcher": null, "clothes": null, "computer": null, "craft": null, "furniture": null, "gas": null, "hairdresser": null, "kitchen": null, "massage": null, "medical_supply": null, "motorcycle": null, "organic": null, "outdoor": null, "pet": null, "religion": null, "second_hand": null, "shoes": null, "shop": null, "swimming_pool": null, "trade": null, "wholesale": null, "attraction": null, "camp_site": null, "guest_house": null, "hostel": null, "information": null, "museum": null, "tourism": null, "viewpoint": null, "zoo": null, "osm_type": "node", "spa": null, "fireplace": null, "fishing": null, "security": null, "water": null }, "geometry": { "type": "Point", "coordinates": [ 72.4650527, 23.0309116 ] } },
{ "type": "Feature", "properties": { "lat": 23.0267125, "visible": "False", "version": 1, "tags": { "cuisine": "pizza", "survey:date": "2025-04-23" }, "id": 12778806546, "lon": 72.4769539, "changeset": 0.0, "timestamp": 1745420566, "addr:city": null, "addr:country": null, "addr:full": null, "addr:housenumber": null, "addr:housename": null, "addr:postcode": null, "addr:place": null, "addr:street": null, "email": null, "name": "Pizza Hut", "opening_hours": null, "operator": null, "phone": null, "ref": null, "url": null, "website": null, "amenity": "restaurant", "atm": null, "bank": null, "bicycle_parking": null, "bicycle_rental": null, "bar": null, "biergarten": null, "building": null, "building:levels": null, "cafe": null, "drinking_water": null, "fast_food": null, "fountain": null, "fuel": null, "internet_access": null, "landuse": null, "office": null, "parking": null, "police": null, "post_office": null, "restaurant": null, "school": null, "social_facility": null, "source": null, "start_date": null, "taxi": null, "wikipedia": null, "agrarian": null, "alcohol": null, "bag": null, "books": null, "butcher": null, "clothes": null, "computer": null, "craft": null, "furniture": null, "gas": null, "hairdresser": null, "kitchen": null, "massage": null, "medical_supply": null, "motorcycle": null, "organic": null, "outdoor": null, "pet": null, "religion": null, "second_hand": null, "shoes": null, "shop": null, "swimming_pool": null, "trade": null, "wholesale": null, "attraction": null, "camp_site": null, "guest_house": null, "hostel": null, "information": null, "museum": null, "tourism": null, "viewpoint": null, "zoo": null, "osm_type": "node", "spa": null, "fireplace": null, "fishing": null, "security": null, "water": null }, "geometry": { "type": "Point", "coordinates": [ 72.4769539, 23.0267125 ] } },
{ "type": "Feature", "properties": { "lat": 23.0362706, "visible": "False", "version": 1, "tags": { "cuisine": "asian", "survey:date": "2025-05-04" }, "id": 12809739186, "lon": 72.5034854, "changeset": 0.0, "timestamp": 1746373788, "addr:city": null, "addr:country": null, "addr:full": null, "addr:housenumber": null, "addr:housename": null, "addr:postcode": null, "addr:place": null, "addr:street": null, "email": null, "name": "Timtim", "opening_hours": null, "operator": null, "phone": null, "ref": null, "url": null, "website": null, "amenity": "restaurant", "atm": null, "bank": null, "bicycle_parking": null, "bicycle_rental": null, "bar": null, "biergarten": null, "building": null, "building:levels": null, "cafe": null, "drinking_water": null, "fast_food": null, "fountain": null, "fuel": null, "internet_access": null, "landuse": null, "office": null, "parking": null, "police": null, "post_office": null, "restaurant": null, "school": null, "social_facility": null, "source": null, "start_date": null, "taxi": null, "wikipedia": null, "agrarian": null, "alcohol": null, "bag": null, "books": null, "butcher": null, "clothes": null, "computer": null, "craft": null, "furniture": null, "gas": null, "hairdresser": null, "kitchen": null, "massage": null, "medical_supply": null, "motorcycle": null, "organic": null, "outdoor": null, "pet": null, "religion": null, "second_hand": null, "shoes": null, "shop": null, "swimming_pool": null, "trade": null, "wholesale": null, "attraction": null, "camp_site": null, "guest_house": null, "hostel": null, "information": null, "museum": null, "tourism": null, "viewpoint": null, "zoo": null, "osm_type": "node", "spa": null, "fireplace": null, "fishing": null, "security": null, "water": null }, "geometry": { "type": "Point", "coordinates": [ 72.5034854, 23.0362706 ] } },
{ "type": "Feature", "properties": { "lat": 23.078011, "visible": "False", "version": 1, "tags": null, "id": 12827631579, "lon": 72.5901382, "changeset": 0.0, "timestamp": 1746945930, "addr:city": null, "addr:country": null, "addr:full": null, "addr:housenumber": null, "addr:housename": null, "addr:postcode": null, "addr:place": null, "addr:street": null, "email": null, "name": "Prakash Bhojnalaya", "opening_hours": null, "operator": null, "phone": null, "ref": null, "url": null, "website": null, "amenity": "fast_food", "atm": null, "bank": null, "bicycle_parking": null, "bicycle_rental": null, "bar": null, "biergarten": null, "building": null, "building:levels": null, "cafe": null, "drinking_water": null, "fast_food": null, "fountain": null, "fuel": null, "internet_access": null, "landuse": null, "office": null, "parking": null, "police": null, "post_office": null, "restaurant": null, "school": null, "social_facility": null, "source": null, "start_date": null, "taxi": null, "wikipedia": null, "agrarian": null, "alcohol": null, "bag": null, "books": null, "butcher": null, "clothes": null, "computer": null, "craft": null, "furniture": null, "gas": null, "hairdresser": null, "kitchen": null, "massage": null, "medical_supply": null, "motorcycle": null, "organic": null, "outdoor": null, "pet": null, "religion": null, "second_hand": null, "shoes": null, "shop": null, "swimming_pool": null, "trade": null, "wholesale": null, "attraction": null, "camp_site": null, "guest_house": null, "hostel": null, "information": null, "museum": null, "tourism": null, "viewpoint": null, "zoo": null, "osm_type": "node", "spa": null, "fireplace": null, "fishing": null, "security": null, "water": null }, "geometry": { "type": "Point", "coordinates": [ 72.5901382, 23.078011 ] } },
{ "type": "Feature", "properties": { "lat": 23.0499932, "visible": "False", "version": 2, "tags": { "panoramax": "1a720916-e27c-4136-b29b-5d7c926e9bee" }, "id": 12827753536, "lon": 72.4992539, "changeset": 0.0, "timestamp": 1753449789, "addr:city": null, "addr:country": null, "addr:full": null, "addr:housenumber": null, "addr:housename": null, "addr:postcode": null, "addr:place": null, "addr:street": null, "email": null, "name": "Sri Udupi", "opening_hours": null, "operator": null, "phone": null, "ref": null, "url": null, "website": null, "amenity": "restaurant", "atm": null, "bank": null, "bicycle_parking": null, "bicycle_rental": null, "bar": null, "biergarten": null, "building": null, "building:levels": null, "cafe": null, "drinking_water": null, "fast_food": null, "fountain": null, "fuel": null, "internet_access": null, "landuse": null, "office": null, "parking": null, "police": null, "post_office": null, "restaurant": null, "school": null, "social_facility": null, "source": null, "start_date": null, "taxi": null, "wikipedia": null, "agrarian": null, "alcohol": null, "bag": null, "books": null, "butcher": null, "clothes": null, "computer": null, "craft": null, "furniture": null, "gas": null, "hairdresser": null, "kitchen": null, "massage": null, "medical_supply": null, "motorcycle": null, "organic": null, "outdoor": null, "pet": null, "religion": null, "second_hand": null, "shoes": null, "shop": null, "swimming_pool": null, "trade": null, "wholesale": null, "attraction": null, "camp_site": null, "guest_house": null, "hostel": null, "information": null, "museum": null, "tourism": null, "viewpoint": null, "zoo": null, "osm_type": "node", "spa": null, "fireplace": null, "fishing": null, "security": null, "water": null }, "geometry": { "type": "Point", "coordinates": [ 72.4992539, 23.0499932 ] } },
{ "type": "Feature", "properties": { "lat": 23.0298827, "visible": "False", "version": 1, "tags": { "air_conditioning": "no", "cuisine": "indian", "outdoor_seating": "no", "survey:date": "2025-05-19", "takeaway": "yes" }, "id": 12848354132, "lon": 72.4746282, "changeset": 0.0, "timestamp": 1747639766, "addr:city": null, "addr:country": null, "addr:full": null, "addr:housenumber": null, "addr:housename": null, "addr:postcode": null, "addr:place": null, "addr:street": null, "email": null, "name": "Shriji Bombay Vada Pav", "opening_hours": null, "operator": null, "phone": null, "ref": null, "url": null, "website": null, "amenity": "fast_food", "atm": null, "bank": null, "bicycle_parking": null, "bicycle_rental": null, "bar": null, "biergarten": null, "building": null, "building:levels": null, "cafe": null, "drinking_water": null, "fast_food": null, "fountain": null, "fuel": null, "internet_access": null, "landuse": null, "office": null, "parking": null, "police": null, "post_office": null, "restaurant": null, "school": null, "social_facility": null, "source": null, "start_date": null, "taxi": null, "wikipedia": null, "agrarian": null, "alcohol": null, "bag": null, "books": null, "butcher": null, "clothes": null, "computer": null, "craft": null, "furniture": null, "gas": null, "hairdresser": null, "kitchen": null, "massage": null, "medical_supply": null, "motorcycle": null, "organic": null, "outdoor": null, "pet": null, "religion": null, "second_hand": null, "shoes": null, "shop": null, "swimming_pool": null, "trade": null, "wholesale": null, "attraction": null, "camp_site": null, "guest_house": null, "hostel": null, "information": null, "museum": null, "tourism": null, "viewpoint": null, "zoo": null, "osm_type": "node", "spa": null, "fireplace": null, "fishing": null, "security": null, "water": null }, "geometry": { "type": "Point", "coordinates": [ 72.4746282, 23.0298827 ] } },
{ "type": "Feature", "properties": { "lat": 23.0218259, "visible": "False", "version": 3, "tags": { "brand": "McDonald's", "cuisine": "burger", "indoor_seating": "yes", "level": "0", "takeaway": "yes", "toilets": "yes" }, "id": 13041581330, "lon": 72.55691, "changeset": 0.0, "timestamp": 1754065188, "addr:city": null, "addr:country": null, "addr:full": null, "addr:housenumber": null, "addr:housename": null, "addr:postcode": null, "addr:place": null, "addr:street": null, "email": null, "name": "McDonald's", "opening_hours": "10:00-04:00", "operator": null, "phone": null, "ref": null, "url": null, "website": null, "amenity": "fast_food", "atm": null, "bank": null, "bicycle_parking": null, "bicycle_rental": null, "bar": null, "biergarten": null, "building": null, "building:levels": null, "cafe": null, "drinking_water": null, "fast_food": null, "fountain": null, "fuel": null, "internet_access": null, "landuse": null, "office": null, "parking": null, "police": null, "post_office": null, "restaurant": null, "school": null, "social_facility": null, "source": null, "start_date": null, "taxi": null, "wikipedia": null, "agrarian": null, "alcohol": null, "bag": null, "books": null, "butcher": null, "clothes": null, "computer": null, "craft": null, "furniture": null, "gas": null, "hairdresser": null, "kitchen": null, "massage": null, "medical_supply": null, "motorcycle": null, "organic": null, "outdoor": null, "pet": null, "religion": null, "second_hand": null, "shoes": null, "shop": null, "swimming_pool": null, "trade": null, "wholesale": null, "attraction": null, "camp_site": null, "guest_house": null, "hostel": null, "information": null, "museum": null, "tourism": null, "viewpoint": null, "zoo": null, "osm_type": "node", "spa": null, "fireplace": null, "fishing": null, "security": null, "water": null }, "geometry": { "type": "Point", "coordinates": [ 72.55691, 23.0218259 ] } },
{ "type": "Feature", "properties": { "lat": 23.0217347, "visible": "False", "version": 1, "tags": { "brand": "Burger King", "cuisine": "burger", "takeaway": "yes" }, "id": 13041668531, "lon": 72.5569853, "changeset": 0.0, "timestamp": 1754066053, "addr:city": null, "addr:country": null, "addr:full": null, "addr:housenumber": null, "addr:housename": null, "addr:postcode": null, "addr:place": null, "addr:street": null, "email": null, "name": "Burger King", "opening_hours": null, "operator": null, "phone": null, "ref": null, "url": null, "website": null, "amenity": "fast_food", "atm": null, "bank": null, "bicycle_parking": null, "bicycle_rental": null, "bar": null, "biergarten": null, "building": null, "building:levels": null, "cafe": null, "drinking_water": null, "fast_food": null, "fountain": null, "fuel": null, "internet_access": null, "landuse": null, "office": null, "parking": null, "police": null, "post_office": null, "restaurant": null, "school": null, "social_facility": null, "source": null, "start_date": null, "taxi": null, "wikipedia": null, "agrarian": null, "alcohol": null, "bag": null, "books": null, "butcher": null, "clothes": null, "computer": null, "craft": null, "furniture": null, "gas": null, "hairdresser": null, "kitchen": null, "massage": null, "medical_supply": null, "motorcycle": null, "organic": null, "outdoor": null, "pet": null, "religion": null, "second_hand": null, "shoes": null, "shop": null, "swimming_pool": null, "trade": null, "wholesale": null, "attraction": null, "camp_site": null, "guest_house": null, "hostel": null, "information": null, "museum": null, "tourism": null, "viewpoint": null, "zoo": null, "osm_type": "node", "spa": null, "fireplace": null, "fishing": null, "security": null, "water": null }, "geometry": { "type": "Point", "coordinates": [ 72.5569853, 23.0217347 ] } },
{ "type": "Feature", "properties": { "lat": 23.0217891, "visible": "False", "version": 1, "tags": { "brand": "Taco Bell", "cuisine": "tex-mex", "takeaway": "yes" }, "id": 13041668532, "lon": 72.5569528, "changeset": 0.0, "timestamp": 1754066053, "addr:city": null, "addr:country": null, "addr:full": null, "addr:housenumber": null, "addr:housename": null, "addr:postcode": null, "addr:place": null, "addr:street": null, "email": null, "name": "Taco Bell", "opening_hours": null, "operator": null, "phone": null, "ref": null, "url": null, "website": null, "amenity": "fast_food", "atm": null, "bank": null, "bicycle_parking": null, "bicycle_rental": null, "bar": null, "biergarten": null, "building": null, "building:levels": null, "cafe": null, "drinking_water": null, "fast_food": null, "fountain": null, "fuel": null, "internet_access": null, "landuse": null, "office": null, "parking": null, "police": null, "post_office": null, "restaurant": null, "school": null, "social_facility": null, "source": null, "start_date": null, "taxi": null, "wikipedia": null, "agrarian": null, "alcohol": null, "bag": null, "books": null, "butcher": null, "clothes": null, "computer": null, "craft": null, "furniture": null, "gas": null, "hairdresser": null, "kitchen": null, "massage": null, "medical_supply": null, "motorcycle": null, "organic": null, "outdoor": null, "pet": null, "religion": null, "second_hand": null, "shoes": null, "shop": null, "swimming_pool": null, "trade": null, "wholesale": null, "attraction": null, "camp_site": null, "guest_house": null, "hostel": null, "information": null, "museum": null, "tourism": null, "viewpoint": null, "zoo": null, "osm_type": "node", "spa": null, "fireplace": null, "fishing": null, "security": null, "water": null }, "geometry": { "type": "Point", "coordinates": [ 72.5569528, 23.0217891 ] } },
{ "type": "Feature", "properties": { "lat": 23.0216444, "visible": "False", "version": 1, "tags": { "alt_name": "Kentucky Fried Chicken", "alt_name:en": "Kentucky Fried Chicken", "alt_name:hi": "केंटुकी फ्राइड चिकन", "alt_name:pa": "ਕੈਂਟੁਕੀ ਫ੍ਰਾਈਡ ਚਿਕਨ", "alt_name:pnb": "کینٹکی فرائیڈ چکن", "alt_name:ur": "کینٹکی فرائیڈ چکن", "brand": "KFC", "brand:en": "KFC", "brand:hi": "केएफसी", "brand:pa": "ਕੇਐਫਸੀ", "brand:pnb": "کے ایف سی", "brand:ur": "کے ایف سی", "cuisine": "chicken", "name:en": "KFC", "name:hi": "केएफसी", "name:pa": "ਕੇਐਫਸੀ", "name:pnb": "کے ایف سی", "name:ur": "کے ایف سی", "takeaway": "yes" }, "id": 13041668533, "lon": 72.5570471, "changeset": 0.0, "timestamp": 1754066053, "addr:city": null, "addr:country": null, "addr:full": null, "addr:housenumber": null, "addr:housename": null, "addr:postcode": null, "addr:place": null, "addr:street": null, "email": null, "name": "KFC", "opening_hours": null, "operator": null, "phone": null, "ref": null, "url": null, "website": null, "amenity": "fast_food", "atm": null, "bank": null, "bicycle_parking": null, "bicycle_rental": null, "bar": null, "biergarten": null, "building": null, "building:levels": null, "cafe": null, "drinking_water": null, "fast_food": null, "fountain": null, "fuel": null, "internet_access": null, "landuse": null, "office": null, "parking": null, "police": null, "post_office": null, "restaurant": null, "school": null, "social_facility": null, "source": null, "start_date": null, "taxi": null, "wikipedia": null, "agrarian": null, "alcohol": null, "bag": null, "books": null, "butcher": null, "clothes": null, "computer": null, "craft": null, "furniture": null, "gas": null, "hairdresser": null, "kitchen": null, "massage": null, "medical_supply": null, "motorcycle": null, "organic": null, "outdoor": null, "pet": null, "religion": null, "second_hand": null, "shoes": null, "shop": null, "swimming_pool": null, "trade": null, "wholesale": null, "attraction": null, "camp_site": null, "guest_house": null, "hostel": null, "information": null, "museum": null, "tourism": null, "viewpoint": null, "zoo": null, "osm_type": "node", "spa": null, "fireplace": null, "fishing": null, "security": null, "water": null }, "geometry": { "type": "Point", "coordinates": [ 72.5570471, 23.0216444 ] } },
{ "type": "Feature", "properties": { "lat": 23.0216852, "visible": "False", "version": 1, "tags": null, "id": 13041668534, "lon": 72.5570151, "changeset": 0.0, "timestamp": 1754066053, "addr:city": null, "addr:country": null, "addr:full": null, "addr:housenumber": null, "addr:housename": null, "addr:postcode": null, "addr:place": null, "addr:street": null, "email": null, "name": "Shri Maruti Nandan", "opening_hours": null, "operator": null, "phone": null, "ref": null, "url": null, "website": null, "amenity": "restaurant", "atm": null, "bank": null, "bicycle_parking": null, "bicycle_rental": null, "bar": null, "biergarten": null, "building": null, "building:levels": null, "cafe": null, "drinking_water": null, "fast_food": null, "fountain": null, "fuel": null, "internet_access": null, "landuse": null, "office": null, "parking": null, "police": null, "post_office": null, "restaurant": null, "school": null, "social_facility": null, "source": null, "start_date": null, "taxi": null, "wikipedia": null, "agrarian": null, "alcohol": null, "bag": null, "books": null, "butcher": null, "clothes": null, "computer": null, "craft": null, "furniture": null, "gas": null, "hairdresser": null, "kitchen": null, "massage": null, "medical_supply": null, "motorcycle": null, "organic": null, "outdoor": null, "pet": null, "religion": null, "second_hand": null, "shoes": null, "shop": null, "swimming_pool": null, "trade": null, "wholesale": null, "attraction": null, "camp_site": null, "guest_house": null, "hostel": null, "information": null, "museum": null, "tourism": null, "viewpoint": null, "zoo": null, "osm_type": "node", "spa": null, "fireplace": null, "fishing": null, "security": null, "water": null }, "geometry": { "type": "Point", "coordinates": [ 72.5570151, 23.0216852 ] } },
{ "type": "Feature", "properties": { "lat": 23.0233074, "visible": "False", "version": 1, "tags": null, "id": 13446377303, "lon": 72.588879, "changeset": 0.0, "timestamp": 1768059857, "addr:city": null, "addr:country": null, "addr:full": null, "addr:housenumber": null, "addr:housename": null, "addr:postcode": null, "addr:place": null, "addr:street": null, "email": null, "name": "Open air food market", "opening_hours": null, "operator": null, "phone": null, "ref": null, "url": null, "website": null, "amenity": "restaurant", "atm": null, "bank": null, "bicycle_parking": null, "bicycle_rental": null, "bar": null, "biergarten": null, "building": null, "building:levels": null, "cafe": null, "drinking_water": null, "fast_food": null, "fountain": null, "fuel": null, "internet_access": null, "landuse": null, "office": null, "parking": null, "police": null, "post_office": null, "restaurant": null, "school": null, "social_facility": null, "source": null, "start_date": null, "taxi": null, "wikipedia": null, "agrarian": null, "alcohol": null, "bag": null, "books": null, "butcher": null, "clothes": null, "computer": null, "craft": null, "furniture": null, "gas": null, "hairdresser": null, "kitchen": null, "massage": null, "medical_supply": null, "motorcycle": null, "organic": null, "outdoor": null, "pet": null, "religion": null, "second_hand": null, "shoes": null, "shop": null, "swimming_pool": null, "trade": null, "wholesale": null, "attraction": null, "camp_site": null, "guest_house": null, "hostel": null, "information": null, "museum": null, "tourism": null, "viewpoint": null, "zoo": null, "osm_type": "node", "spa": null, "fireplace": null, "fishing": null, "security": null, "water": null }, "geometry": { "type": "Point", "coordinates": [ 72.588879, 23.0233074 ] } },
{ "type": "Feature", "properties": { "lat": 22.9912301, "visible": "False", "version": 1, "tags": { "brand": "Domino's", "brand:wikidata": "Q839466", "cuisine": "pizza", "takeaway": "yes" }, "id": 13465290621, "lon": 72.6323612, "changeset": 0.0, "timestamp": 1768789724, "addr:city": null, "addr:country": null, "addr:full": null, "addr:housenumber": null, "addr:housename": null, "addr:postcode": null, "addr:place": null, "addr:street": null, "email": null, "name": "Domino's", "opening_hours": null, "operator": null, "phone": null, "ref": null, "url": null, "website": null, "amenity": "fast_food", "atm": null, "bank": null, "bicycle_parking": null, "bicycle_rental": null, "bar": null, "biergarten": null, "building": null, "building:levels": null, "cafe": null, "drinking_water": null, "fast_food": null, "fountain": null, "fuel": null, "internet_access": null, "landuse": null, "office": null, "parking": null, "police": null, "post_office": null, "restaurant": null, "school": null, "social_facility": null, "source": null, "start_date": null, "taxi": null, "wikipedia": null, "agrarian": null, "alcohol": null, "bag": null, "books": null, "butcher": null, "clothes": null, "computer": null, "craft": null, "furniture": null, "gas": null, "hairdresser": null, "kitchen": null, "massage": null, "medical_supply": null, "motorcycle": null, "organic": null, "outdoor": null, "pet": null, "religion": null, "second_hand": null, "shoes": null, "shop": null, "swimming_pool": null, "trade": null, "wholesale": null, "attraction": null, "camp_site": null, "guest_house": null, "hostel": null, "information": null, "museum": null, "tourism": null, "viewpoint": null, "zoo": null, "osm_type": "node", "spa": null, "fireplace": null, "fishing": null, "security": null, "water": null }, "geometry": { "type": "Point", "coordinates": [ 72.6323612, 22.9912301 ] } },
{ "type": "Feature", "properties": { "lat": 23.1306578, "visible": "False", "version": 1, "tags": null, "id": 13911496601, "lon": 72.5678755, "changeset": 0.0, "timestamp": 1780641226, "addr:city": null, "addr:country": null, "addr:full": null, "addr:housenumber": null, "addr:housename": null, "addr:postcode": "382470", "addr:place": null, "addr:street": "Mansarowar road", "email": null, "name": "The fountain hotel", "opening_hours": null, "operator": null, "phone": null, "ref": null, "url": null, "website": null, "amenity": "restaurant", "atm": null, "bank": null, "bicycle_parking": null, "bicycle_rental": null, "bar": null, "biergarten": null, "building": null, "building:levels": null, "cafe": null, "drinking_water": null, "fast_food": null, "fountain": null, "fuel": null, "internet_access": null, "landuse": null, "office": null, "parking": null, "police": null, "post_office": null, "restaurant": null, "school": null, "social_facility": null, "source": null, "start_date": null, "taxi": null, "wikipedia": null, "agrarian": null, "alcohol": null, "bag": null, "books": null, "butcher": null, "clothes": null, "computer": null, "craft": null, "furniture": null, "gas": null, "hairdresser": null, "kitchen": null, "massage": null, "medical_supply": null, "motorcycle": null, "organic": null, "outdoor": null, "pet": null, "religion": null, "second_hand": null, "shoes": null, "shop": null, "swimming_pool": null, "trade": null, "wholesale": null, "attraction": null, "camp_site": null, "guest_house": null, "hostel": null, "information": null, "museum": null, "tourism": null, "viewpoint": null, "zoo": null, "osm_type": "node", "spa": null, "fireplace": null, "fishing": null, "security": null, "water": null }, "geometry": { "type": "Point", "coordinates": [ 72.5678755, 23.1306578 ] } },
{ "type": "Feature", "properties": { "lat": 23.0792954, "visible": "False", "version": 1, "tags": { "addr:state": "Gujarat" }, "id": 14014160601, "lon": 72.558098, "changeset": 0.0, "timestamp": 1784019849, "addr:city": "Ahmedabad", "addr:country": "IN", "addr:full": null, "addr:housenumber": null, "addr:housename": null, "addr:postcode": "382481", "addr:place": null, "addr:street": "AD Momos, Opp Swaminarayan Castle 1, Green City Road, Nirnay Nagar", "email": null, "name": "AD MOMOS ( Nirnay Nagar)", "opening_hours": null, "operator": null, "phone": "093279 13179", "ref": null, "url": null, "website": "https://ad-momos-nirnay.grexa.site/", "amenity": "fast_food", "atm": null, "bank": null, "bicycle_parking": null, "bicycle_rental": null, "bar": null, "biergarten": null, "building": null, "building:levels": null, "cafe": null, "drinking_water": null, "fast_food": null, "fountain": null, "fuel": null, "internet_access": null, "landuse": null, "office": null, "parking": null, "police": null, "post_office": null, "restaurant": null, "school": null, "social_facility": null, "source": null, "start_date": null, "taxi": null, "wikipedia": null, "agrarian": null, "alcohol": null, "bag": null, "books": null, "butcher": null, "clothes": null, "computer": null, "craft": null, "furniture": null, "gas": null, "hairdresser": null, "kitchen": null, "massage": null, "medical_supply": null, "motorcycle": null, "organic": null, "outdoor": null, "pet": null, "religion": null, "second_hand": null, "shoes": null, "shop": null, "swimming_pool": null, "trade": null, "wholesale": null, "attraction": null, "camp_site": null, "guest_house": null, "hostel": null, "information": null, "museum": null, "tourism": null, "viewpoint": null, "zoo": null, "osm_type": "node", "spa": null, "fireplace": null, "fishing": null, "security": null, "water": null }, "geometry": { "type": "Point", "coordinates": [ 72.558098, 23.0792954 ] } },
{ "type": "Feature", "properties": { "lat": 23.0760412, "visible": "False", "version": 3, "tags": { "addr:district": "Ahmedabad", "cuisine": "coffee_shop;sandwich", "internet_access:fee": "yes", "outdoor_seating": "no" }, "id": 14022544458, "lon": 72.5265342, "changeset": 0.0, "timestamp": 1784304309, "addr:city": "Ahmedabad", "addr:country": null, "addr:full": null, "addr:housenumber": "10", "addr:housename": null, "addr:postcode": "380060", "addr:place": null, "addr:street": "Ganesh Meredian", "email": null, "name": "ChaiG Cafe", "opening_hours": null, "operator": null, "phone": null, "ref": null, "url": null, "website": null, "amenity": "restaurant", "atm": null, "bank": null, "bicycle_parking": null, "bicycle_rental": null, "bar": null, "biergarten": null, "building": null, "building:levels": null, "cafe": null, "drinking_water": null, "fast_food": null, "fountain": null, "fuel": null, "internet_access": "yes", "landuse": null, "office": null, "parking": null, "police": null, "post_office": null, "restaurant": null, "school": null, "social_facility": null, "source": null, "start_date": null, "taxi": null, "wikipedia": null, "agrarian": null, "alcohol": null, "bag": null, "books": null, "butcher": null, "clothes": null, "computer": null, "craft": null, "furniture": null, "gas": null, "hairdresser": null, "kitchen": null, "massage": null, "medical_supply": null, "motorcycle": null, "organic": null, "outdoor": null, "pet": null, "religion": null, "second_hand": null, "shoes": null, "shop": null, "swimming_pool": null, "trade": null, "wholesale": null, "attraction": null, "camp_site": null, "guest_house": null, "hostel": null, "information": null, "museum": null, "tourism": null, "viewpoint": null, "zoo": null, "osm_type": "node", "spa": null, "fireplace": null, "fishing": null, "security": null, "water": null }, "geometry": { "type": "Point", "coordinates": [ 72.5265342, 23.0760412 ] } },
{ "type": "Feature", "properties": { "lat": 23.1622431, "visible": "False", "version": 1, "tags": null, "id": 14051232491, "lon": 72.6555373, "changeset": 0.0, "timestamp": 1785064526, "addr:city": null, "addr:country": null, "addr:full": null, "addr:housenumber": null, "addr:housename": null, "addr:postcode": null, "addr:place": null, "addr:street": null, "email": null, "name": "Brahmani tea & Parlour", "opening_hours": null, "operator": null, "phone": null, "ref": null, "url": null, "website": null, "amenity": "cafe", "atm": null, "bank": null, "bicycle_parking": null, "bicycle_rental": null, "bar": null, "biergarten": null, "building": null, "building:levels": null, "cafe": null, "drinking_water": null, "fast_food": null, "fountain": null, "fuel": null, "internet_access": null, "landuse": null, "office": null, "parking": null, "police": null, "post_office": null, "restaurant": null, "school": null, "social_facility": null, "source": null, "start_date": null, "taxi": null, "wikipedia": null, "agrarian": null, "alcohol": null, "bag": null, "books": null, "butcher": null, "clothes": null, "computer": null, "craft": null, "furniture": null, "gas": null, "hairdresser": null, "kitchen": null, "massage": null, "medical_supply": null, "motorcycle": null, "organic": null, "outdoor": null, "pet": null, "religion": null, "second_hand": null, "shoes": null, "shop": null, "swimming_pool": null, "trade": null, "wholesale": null, "attraction": null, "camp_site": null, "guest_house": null, "hostel": null, "information": null, "museum": null, "tourism": null, "viewpoint": null, "zoo": null, "osm_type": "node", "spa": null, "fireplace": null, "fishing": null, "security": null, "water": null }, "geometry": { "type": "Point", "coordinates": [ 72.6555373, 23.1622431 ] } },
{ "type": "Feature", "properties": { "lat": null, "visible": "False", "version": 3, "tags": { "alt_name": "BMW" }, "id": 49406390, "lon": null, "changeset": null, "timestamp": 1286629521, "addr:city": null, "addr:country": null, "addr:full": null, "addr:housenumber": null, "addr:housename": null, "addr:postcode": null, "addr:place": null, "addr:street": null, "email": null, "name": "Canteen", "opening_hours": null, "operator": null, "phone": null, "ref": null, "url": null, "website": null, "amenity": "fast_food", "atm": null, "bank": null, "bicycle_parking": null, "bicycle_rental": null, "bar": null, "biergarten": null, "building": null, "building:levels": null, "cafe": null, "drinking_water": null, "fast_food": null, "fountain": null, "fuel": null, "internet_access": null, "landuse": null, "office": null, "parking": null, "police": null, "post_office": null, "restaurant": null, "school": null, "social_facility": null, "source": null, "start_date": null, "taxi": null, "wikipedia": null, "agrarian": null, "alcohol": null, "bag": null, "books": null, "butcher": null, "clothes": null, "computer": null, "craft": null, "furniture": null, "gas": null, "hairdresser": null, "kitchen": null, "massage": null, "medical_supply": null, "motorcycle": null, "organic": null, "outdoor": null, "pet": null, "religion": null, "second_hand": null, "shoes": null, "shop": null, "swimming_pool": null, "trade": null, "wholesale": null, "attraction": null, "camp_site": null, "guest_house": null, "hostel": null, "information": null, "museum": null, "tourism": null, "viewpoint": null, "zoo": null, "osm_type": "way", "spa": null, "fireplace": null, "fishing": null, "security": null, "water": null }, "geometry": { "type": "Point", "coordinates": [ 72.56905410493988, 23.01123699651054 ] } },
{ "type": "Feature", "properties": { "lat": null, "visible": "False", "version": 4, "tags": null, "id": 80831910, "lon": null, "changeset": null, "timestamp": 1286631995, "addr:city": null, "addr:country": null, "addr:full": null, "addr:housenumber": null, "addr:housename": null, "addr:postcode": null, "addr:place": null, "addr:street": null, "email": null, "name": "Students Mess", "opening_hours": null, "operator": null, "phone": null, "ref": null, "url": null, "website": null, "amenity": "restaurant", "atm": null, "bank": null, "bicycle_parking": null, "bicycle_rental": null, "bar": null, "biergarten": null, "building": "yes", "building:levels": null, "cafe": null, "drinking_water": null, "fast_food": null, "fountain": null, "fuel": null, "internet_access": null, "landuse": null, "office": null, "parking": null, "police": null, "post_office": null, "restaurant": null, "school": null, "social_facility": null, "source": null, "start_date": null, "taxi": null, "wikipedia": null, "agrarian": null, "alcohol": null, "bag": null, "books": null, "butcher": null, "clothes": null, "computer": null, "craft": null, "furniture": null, "gas": null, "hairdresser": null, "kitchen": null, "massage": null, "medical_supply": null, "motorcycle": null, "organic": null, "outdoor": null, "pet": null, "religion": null, "second_hand": null, "shoes": null, "shop": null, "swimming_pool": null, "trade": null, "wholesale": null, "attraction": null, "camp_site": null, "guest_house": null, "hostel": null, "information": null, "museum": null, "tourism": null, "viewpoint": null, "zoo": null, "osm_type": "way", "spa": null, "fireplace": null, "fishing": null, "security": null, "water": null }, "geometry": { "type": "Point", "coordinates": [ 72.570438049499757, 23.008929187015145 ] } },
{ "type": "Feature", "properties": { "lat": null, "visible": "False", "version": 11, "tags": { "building:min_level": "24", "building:part": "yes", "capacity": "150", "cuisine": "multicuisine", "height": "65", "min_height": "55", "wikidata": "Q107210904", "wikimedia_commons": "Category:Patang Hotel" }, "id": 85209894, "lon": null, "changeset": null, "timestamp": 1760886918, "addr:city": "Ahmedabad", "addr:country": null, "addr:full": null, "addr:housenumber": null, "addr:housename": null, "addr:postcode": "380009", "addr:place": null, "addr:street": "Nehru Bridge", "email": null, "name": "Patang - The Revolving Restaurant", "opening_hours": "Mo-Su 12:00-15:00,19:00-23:30", "operator": null, "phone": null, "ref": null, "url": null, "website": "http://www.neelkanthpatang.com/", "amenity": "restaurant", "atm": null, "bank": null, "bicycle_parking": null, "bicycle_rental": null, "bar": null, "biergarten": null, "building": null, "building:levels": "26", "cafe": null, "drinking_water": null, "fast_food": null, "fountain": null, "fuel": null, "internet_access": null, "landuse": null, "office": null, "parking": null, "police": null, "post_office": null, "restaurant": null, "school": null, "social_facility": null, "source": "http://www.neelkanthpatang.com/", "start_date": null, "taxi": null, "wikipedia": "en:Patang Hotel", "agrarian": null, "alcohol": null, "bag": null, "books": null, "butcher": null, "clothes": null, "computer": null, "craft": null, "furniture": null, "gas": null, "hairdresser": null, "kitchen": null, "massage": null, "medical_supply": null, "motorcycle": null, "organic": null, "outdoor": null, "pet": null, "religion": null, "second_hand": null, "shoes": null, "shop": null, "swimming_pool": null, "trade": null, "wholesale": null, "attraction": null, "camp_site": null, "guest_house": null, "hostel": null, "information": null, "museum": null, "tourism": null, "viewpoint": null, "zoo": null, "osm_type": "way", "spa": null, "fireplace": null, "fishing": null, "security": null, "water": null }, "geometry": { "type": "Point", "coordinates": [ 72.572173276054244, 23.02635179812691 ] } },
{ "type": "Feature", "properties": { "lat": null, "visible": "False", "version": 3, "tags": null, "id": 366459078, "lon": null, "changeset": null, "timestamp": 1630568171, "addr:city": null, "addr:country": null, "addr:full": null, "addr:housenumber": null, "addr:housename": null, "addr:postcode": null, "addr:place": null, "addr:street": null, "email": null, "name": "@Mango", "opening_hours": "Mo-Su 12:00-15:00,18:00-22:00", "operator": null, "phone": "+919925238230", "ref": null, "url": null, "website": "https://www.atmango.com/", "amenity": "restaurant", "atm": null, "bank": null, "bicycle_parking": null, "bicycle_rental": null, "bar": null, "biergarten": null, "building": "yes", "building:levels": null, "cafe": null, "drinking_water": null, "fast_food": null, "fountain": null, "fuel": null, "internet_access": null, "landuse": null, "office": null, "parking": null, "police": null, "post_office": null, "restaurant": null, "school": null, "social_facility": null, "source": null, "start_date": null, "taxi": null, "wikipedia": null, "agrarian": null, "alcohol": null, "bag": null, "books": null, "butcher": null, "clothes": null, "computer": null, "craft": null, "furniture": null, "gas": null, "hairdresser": null, "kitchen": null, "massage": null, "medical_supply": null, "motorcycle": null, "organic": null, "outdoor": null, "pet": null, "religion": null, "second_hand": null, "shoes": null, "shop": null, "swimming_pool": null, "trade": null, "wholesale": null, "attraction": null, "camp_site": null, "guest_house": null, "hostel": null, "information": null, "museum": null, "tourism": null, "viewpoint": null, "zoo": null, "osm_type": "way", "spa": null, "fireplace": null, "fishing": null, "security": null, "water": null }, "geometry": { "type": "Point", "coordinates": [ 72.501993725731012, 23.039997286993245 ] } },
{ "type": "Feature", "properties": { "lat": null, "visible": "False", "version": 2, "tags": { "internet_access:fee": "no", "outdoor_seating": "no", "smoking": "no" }, "id": 367198356, "lon": null, "changeset": null, "timestamp": 1506847468, "addr:city": null, "addr:country": null, "addr:full": null, "addr:housenumber": null, "addr:housename": null, "addr:postcode": null, "addr:place": null, "addr:street": null, "email": null, "name": "Upper crust cafe", "opening_hours": null, "operator": null, "phone": null, "ref": null, "url": null, "website": null, "amenity": "cafe", "atm": null, "bank": null, "bicycle_parking": null, "bicycle_rental": null, "bar": null, "biergarten": null, "building": "yes", "building:levels": null, "cafe": null, "drinking_water": null, "fast_food": null, "fountain": null, "fuel": null, "internet_access": "no", "landuse": null, "office": null, "parking": null, "police": null, "post_office": null, "restaurant": null, "school": null, "social_facility": null, "source": null, "start_date": null, "taxi": null, "wikipedia": null, "agrarian": null, "alcohol": null, "bag": null, "books": null, "butcher": null, "clothes": null, "computer": null, "craft": null, "furniture": null, "gas": null, "hairdresser": null, "kitchen": null, "massage": null, "medical_supply": null, "motorcycle": null, "organic": null, "outdoor": null, "pet": null, "religion": null, "second_hand": null, "shoes": null, "shop": null, "swimming_pool": null, "trade": null, "wholesale": null, "attraction": null, "camp_site": null, "guest_house": null, "hostel": null, "information": null, "museum": null, "tourism": null, "viewpoint": null, "zoo": null, "osm_type": "way", "spa": null, "fireplace": null, "fishing": null, "security": null, "water": null }, "geometry": { "type": "Point", "coordinates": [ 72.52692955, 23.04108435 ] } },
{ "type": "Feature", "properties": { "lat": null, "visible": "False", "version": 1, "tags": null, "id": 374253739, "lon": null, "changeset": null, "timestamp": 1444209668, "addr:city": null, "addr:country": null, "addr:full": null, "addr:housenumber": null, "addr:housename": null, "addr:postcode": null, "addr:place": null, "addr:street": null, "email": null, "name": null, "opening_hours": null, "operator": null, "phone": null, "ref": null, "url": null, "website": null, "amenity": "restaurant", "atm": null, "bank": null, "bicycle_parking": null, "bicycle_rental": null, "bar": null, "biergarten": null, "building": "yes", "building:levels": null, "cafe": null, "drinking_water": null, "fast_food": null, "fountain": null, "fuel": null, "internet_access": null, "landuse": null, "office": null, "parking": null, "police": null, "post_office": null, "restaurant": null, "school": null, "social_facility": null, "source": null, "start_date": null, "taxi": null, "wikipedia": null, "agrarian": null, "alcohol": null, "bag": null, "books": null, "butcher": null, "clothes": null, "computer": null, "craft": null, "furniture": null, "gas": null, "hairdresser": null, "kitchen": null, "massage": null, "medical_supply": null, "motorcycle": null, "organic": null, "outdoor": null, "pet": null, "religion": null, "second_hand": null, "shoes": null, "shop": null, "swimming_pool": null, "trade": null, "wholesale": null, "attraction": null, "camp_site": null, "guest_house": null, "hostel": null, "information": null, "museum": null, "tourism": null, "viewpoint": null, "zoo": null, "osm_type": "way", "spa": null, "fireplace": null, "fishing": null, "security": null, "water": null }, "geometry": { "type": "Point", "coordinates": [ 72.560922455273513, 23.034251290271609 ] } },
{ "type": "Feature", "properties": { "lat": null, "visible": "False", "version": 1, "tags": null, "id": 374253740, "lon": null, "changeset": null, "timestamp": 1444209668, "addr:city": null, "addr:country": null, "addr:full": null, "addr:housenumber": null, "addr:housename": null, "addr:postcode": null, "addr:place": null, "addr:street": null, "email": null, "name": null, "opening_hours": null, "operator": null, "phone": null, "ref": null, "url": null, "website": null, "amenity": "restaurant", "atm": null, "bank": null, "bicycle_parking": null, "bicycle_rental": null, "bar": null, "biergarten": null, "building": "yes", "building:levels": null, "cafe": null, "drinking_water": null, "fast_food": null, "fountain": null, "fuel": null, "internet_access": null, "landuse": null, "office": null, "parking": null, "police": null, "post_office": null, "restaurant": null, "school": null, "social_facility": null, "source": null, "start_date": null, "taxi": null, "wikipedia": null, "agrarian": null, "alcohol": null, "bag": null, "books": null, "butcher": null, "clothes": null, "computer": null, "craft": null, "furniture": null, "gas": null, "hairdresser": null, "kitchen": null, "massage": null, "medical_supply": null, "motorcycle": null, "organic": null, "outdoor": null, "pet": null, "religion": null, "second_hand": null, "shoes": null, "shop": null, "swimming_pool": null, "trade": null, "wholesale": null, "attraction": null, "camp_site": null, "guest_house": null, "hostel": null, "information": null, "museum": null, "tourism": null, "viewpoint": null, "zoo": null, "osm_type": "way", "spa": null, "fireplace": null, "fishing": null, "security": null, "water": null }, "geometry": { "type": "Point", "coordinates": [ 72.561328807260949, 23.034446243434132 ] } },
{ "type": "Feature", "properties": { "lat": null, "visible": "False", "version": 1, "tags": null, "id": 374253742, "lon": null, "changeset": null, "timestamp": 1444209668, "addr:city": null, "addr:country": null, "addr:full": null, "addr:housenumber": null, "addr:housename": null, "addr:postcode": null, "addr:place": null, "addr:street": null, "email": null, "name": "chocolate room", "opening_hours": null, "operator": null, "phone": null, "ref": null, "url": null, "website": null, "amenity": "restaurant", "atm": null, "bank": null, "bicycle_parking": null, "bicycle_rental": null, "bar": null, "biergarten": null, "building": "yes", "building:levels": null, "cafe": null, "drinking_water": null, "fast_food": null, "fountain": null, "fuel": null, "internet_access": null, "landuse": null, "office": null, "parking": null, "police": null, "post_office": null, "restaurant": null, "school": null, "social_facility": null, "source": null, "start_date": null, "taxi": null, "wikipedia": null, "agrarian": null, "alcohol": null, "bag": null, "books": null, "butcher": null, "clothes": null, "computer": null, "craft": null, "furniture": null, "gas": null, "hairdresser": null, "kitchen": null, "massage": null, "medical_supply": null, "motorcycle": null, "organic": null, "outdoor": null, "pet": null, "religion": null, "second_hand": null, "shoes": null, "shop": null, "swimming_pool": null, "trade": null, "wholesale": null, "attraction": null, "camp_site": null, "guest_house": null, "hostel": null, "information": null, "museum": null, "tourism": null, "viewpoint": null, "zoo": null, "osm_type": "way", "spa": null, "fireplace": null, "fishing": null, "security": null, "water": null }, "geometry": { "type": "Point", "coordinates": [ 72.561187759022815, 23.034470156621104 ] } },
{ "type": "Feature", "properties": { "lat": null, "visible": "False", "version": 1, "tags": null, "id": 374253743, "lon": null, "changeset": null, "timestamp": 1444209668, "addr:city": null, "addr:country": null, "addr:full": null, "addr:housenumber": null, "addr:housename": null, "addr:postcode": null, "addr:place": null, "addr:street": null, "email": null, "name": "waah", "opening_hours": null, "operator": null, "phone": null, "ref": null, "url": null, "website": null, "amenity": "restaurant", "atm": null, "bank": null, "bicycle_parking": null, "bicycle_rental": null, "bar": null, "biergarten": null, "building": "yes", "building:levels": null, "cafe": null, "drinking_water": null, "fast_food": null, "fountain": null, "fuel": null, "internet_access": null, "landuse": null, "office": null, "parking": null, "police": null, "post_office": null, "restaurant": null, "school": null, "social_facility": null, "source": null, "start_date": null, "taxi": null, "wikipedia": null, "agrarian": null, "alcohol": null, "bag": null, "books": null, "butcher": null, "clothes": null, "computer": null, "craft": null, "furniture": null, "gas": null, "hairdresser": null, "kitchen": null, "massage": null, "medical_supply": null, "motorcycle": null, "organic": null, "outdoor": null, "pet": null, "religion": null, "second_hand": null, "shoes": null, "shop": null, "swimming_pool": null, "trade": null, "wholesale": null, "attraction": null, "camp_site": null, "guest_house": null, "hostel": null, "information": null, "museum": null, "tourism": null, "viewpoint": null, "zoo": null, "osm_type": "way", "spa": null, "fireplace": null, "fishing": null, "security": null, "water": null }, "geometry": { "type": "Point", "coordinates": [ 72.561009958259447, 23.034232476118227 ] } },
{ "type": "Feature", "properties": { "lat": null, "visible": "False", "version": 1, "tags": null, "id": 374253744, "lon": null, "changeset": null, "timestamp": 1444209669, "addr:city": null, "addr:country": null, "addr:full": null, "addr:housenumber": null, "addr:housename": null, "addr:postcode": null, "addr:place": null, "addr:street": null, "email": null, "name": "purohit", "opening_hours": null, "operator": null, "phone": null, "ref": null, "url": null, "website": null, "amenity": "restaurant", "atm": null, "bank": null, "bicycle_parking": null, "bicycle_rental": null, "bar": null, "biergarten": null, "building": "yes", "building:levels": null, "cafe": null, "drinking_water": null, "fast_food": null, "fountain": null, "fuel": null, "internet_access": null, "landuse": null, "office": null, "parking": null, "police": null, "post_office": null, "restaurant": null, "school": null, "social_facility": null, "source": null, "start_date": null, "taxi": null, "wikipedia": null, "agrarian": null, "alcohol": null, "bag": null, "books": null, "butcher": null, "clothes": null, "computer": null, "craft": null, "furniture": null, "gas": null, "hairdresser": null, "kitchen": null, "massage": null, "medical_supply": null, "motorcycle": null, "organic": null, "outdoor": null, "pet": null, "religion": null, "second_hand": null, "shoes": null, "shop": null, "swimming_pool": null, "trade": null, "wholesale": null, "attraction": null, "camp_site": null, "guest_house": null, "hostel": null, "information": null, "museum": null, "tourism": null, "viewpoint": null, "zoo": null, "osm_type": "way", "spa": null, "fireplace": null, "fishing": null, "security": null, "water": null }, "geometry": { "type": "Point", "coordinates": [ 72.561097726358682, 23.034215440307968 ] } },
{ "type": "Feature", "properties": { "lat": null, "visible": "False", "version": 1, "tags": null, "id": 374253745, "lon": null, "changeset": null, "timestamp": 1444209669, "addr:city": null, "addr:country": null, "addr:full": null, "addr:housenumber": null, "addr:housename": null, "addr:postcode": null, "addr:place": null, "addr:street": null, "email": null, "name": "havmore", "opening_hours": null, "operator": null, "phone": null, "ref": null, "url": null, "website": null, "amenity": "restaurant", "atm": null, "bank": null, "bicycle_parking": null, "bicycle_rental": null, "bar": null, "biergarten": null, "building": "yes", "building:levels": null, "cafe": null, "drinking_water": null, "fast_food": null, "fountain": null, "fuel": null, "internet_access": null, "landuse": null, "office": null, "parking": null, "police": null, "post_office": null, "restaurant": null, "school": null, "social_facility": null, "source": null, "start_date": null, "taxi": null, "wikipedia": null, "agrarian": null, "alcohol": null, "bag": null, "books": null, "butcher": null, "clothes": null, "computer": null, "craft": null, "furniture": null, "gas": null, "hairdresser": null, "kitchen": null, "massage": null, "medical_supply": null, "motorcycle": null, "organic": null, "outdoor": null, "pet": null, "religion": null, "second_hand": null, "shoes": null, "shop": null, "swimming_pool": null, "trade": null, "wholesale": null, "attraction": null, "camp_site": null, "guest_house": null, "hostel": null, "information": null, "museum": null, "tourism": null, "viewpoint": null, "zoo": null, "osm_type": "way", "spa": null, "fireplace": null, "fishing": null, "security": null, "water": null }, "geometry": { "type": "Point", "coordinates": [ 72.560843542838896, 23.034265092880744 ] } },
{ "type": "Feature", "properties": { "lat": null, "visible": "False", "version": 2, "tags": { "wheelchair": "limited" }, "id": 374537509, "lon": null, "changeset": null, "timestamp": 1642436840, "addr:city": null, "addr:country": null, "addr:full": null, "addr:housenumber": null, "addr:housename": null, "addr:postcode": null, "addr:place": null, "addr:street": null, "email": null, "name": null, "opening_hours": null, "operator": null, "phone": null, "ref": null, "url": null, "website": null, "amenity": "restaurant", "atm": null, "bank": null, "bicycle_parking": null, "bicycle_rental": null, "bar": null, "biergarten": null, "building": "yes", "building:levels": null, "cafe": null, "drinking_water": null, "fast_food": null, "fountain": null, "fuel": null, "internet_access": null, "landuse": null, "office": null, "parking": null, "police": null, "post_office": null, "restaurant": null, "school": null, "social_facility": null, "source": null, "start_date": null, "taxi": null, "wikipedia": null, "agrarian": null, "alcohol": null, "bag": null, "books": null, "butcher": null, "clothes": null, "computer": null, "craft": null, "furniture": null, "gas": null, "hairdresser": null, "kitchen": null, "massage": null, "medical_supply": null, "motorcycle": null, "organic": null, "outdoor": null, "pet": null, "religion": null, "second_hand": null, "shoes": null, "shop": null, "swimming_pool": null, "trade": null, "wholesale": null, "attraction": null, "camp_site": null, "guest_house": null, "hostel": null, "information": null, "museum": null, "tourism": null, "viewpoint": null, "zoo": null, "osm_type": "way", "spa": null, "fireplace": null, "fishing": null, "security": null, "water": null }, "geometry": { "type": "Point", "coordinates": [ 72.549250894705722, 23.037842174565633 ] } },
{ "type": "Feature", "properties": { "lat": null, "visible": "False", "version": 2, "tags": { "roof:material": "concrete", "roof:shape": "flat" }, "id": 404227760, "lon": null, "changeset": null, "timestamp": 1733751656, "addr:city": null, "addr:country": null, "addr:full": null, "addr:housenumber": null, "addr:housename": null, "addr:postcode": null, "addr:place": null, "addr:street": null, "email": null, "name": "MG Science Canteen", "opening_hours": null, "operator": null, "phone": null, "ref": null, "url": null, "website": null, "amenity": "cafe", "atm": null, "bank": null, "bicycle_parking": null, "bicycle_rental": null, "bar": null, "biergarten": null, "building": "retail", "building:levels": "1", "cafe": null, "drinking_water": null, "fast_food": null, "fountain": null, "fuel": null, "internet_access": null, "landuse": null, "office": null, "parking": null, "police": null, "post_office": null, "restaurant": null, "school": null, "social_facility": null, "source": null, "start_date": null, "taxi": null, "wikipedia": null, "agrarian": null, "alcohol": null, "bag": null, "books": null, "butcher": null, "clothes": null, "computer": null, "craft": null, "furniture": null, "gas": null, "hairdresser": null, "kitchen": null, "massage": null, "medical_supply": null, "motorcycle": null, "organic": null, "outdoor": null, "pet": null, "religion": null, "second_hand": null, "shoes": null, "shop": null, "swimming_pool": null, "trade": null, "wholesale": null, "attraction": null, "camp_site": null, "guest_house": null, "hostel": null, "information": null, "museum": null, "tourism": null, "viewpoint": null, "zoo": null, "osm_type": "way", "spa": null, "fireplace": null, "fishing": null, "security": null, "water": null }, "geometry": { "type": "Point", "coordinates": [ 72.55141505, 23.0347461 ] } },
{ "type": "Feature", "properties": { "lat": null, "visible": "False", "version": 1, "tags": null, "id": 451500298, "lon": null, "changeset": null, "timestamp": 1478326888, "addr:city": null, "addr:country": null, "addr:full": null, "addr:housenumber": null, "addr:housename": null, "addr:postcode": null, "addr:place": null, "addr:street": null, "email": null, "name": "kAKA Ni Bhaji pav", "opening_hours": null, "operator": null, "phone": null, "ref": null, "url": null, "website": null, "amenity": "fast_food", "atm": null, "bank": null, "bicycle_parking": null, "bicycle_rental": null, "bar": null, "biergarten": null, "building": "yes", "building:levels": null, "cafe": null, "drinking_water": null, "fast_food": null, "fountain": null, "fuel": null, "internet_access": null, "landuse": null, "office": null, "parking": null, "police": null, "post_office": null, "restaurant": null, "school": null, "social_facility": null, "source": null, "start_date": null, "taxi": null, "wikipedia": null, "agrarian": null, "alcohol": null, "bag": null, "books": null, "butcher": null, "clothes": null, "computer": null, "craft": null, "furniture": null, "gas": null, "hairdresser": null, "kitchen": null, "massage": null, "medical_supply": null, "motorcycle": null, "organic": null, "outdoor": null, "pet": null, "religion": null, "second_hand": null, "shoes": null, "shop": null, "swimming_pool": null, "trade": null, "wholesale": null, "attraction": null, "camp_site": null, "guest_house": null, "hostel": null, "information": null, "museum": null, "tourism": null, "viewpoint": null, "zoo": null, "osm_type": "way", "spa": null, "fireplace": null, "fishing": null, "security": null, "water": null }, "geometry": { "type": "Point", "coordinates": [ 72.6719352393431, 23.111021504476813 ] } },
{ "type": "Feature", "properties": { "lat": null, "visible": "False", "version": 1, "tags": null, "id": 451514771, "lon": null, "changeset": null, "timestamp": 1478335235, "addr:city": "ahmedabad", "addr:country": null, "addr:full": null, "addr:housenumber": null, "addr:housename": null, "addr:postcode": null, "addr:place": null, "addr:street": "Nikol-Nava Naroda road", "email": null, "name": "Kathiyawadi", "opening_hours": null, "operator": null, "phone": null, "ref": null, "url": null, "website": null, "amenity": "restaurant", "atm": null, "bank": null, "bicycle_parking": null, "bicycle_rental": null, "bar": null, "biergarten": null, "building": "yes", "building:levels": null, "cafe": null, "drinking_water": null, "fast_food": null, "fountain": null, "fuel": null, "internet_access": null, "landuse": null, "office": null, "parking": null, "police": null, "post_office": null, "restaurant": null, "school": null, "social_facility": null, "source": null, "start_date": null, "taxi": null, "wikipedia": null, "agrarian": null, "alcohol": null, "bag": null, "books": null, "butcher": null, "clothes": null, "computer": null, "craft": null, "furniture": null, "gas": null, "hairdresser": null, "kitchen": null, "massage": null, "medical_supply": null, "motorcycle": null, "organic": null, "outdoor": null, "pet": null, "religion": null, "second_hand": null, "shoes": null, "shop": null, "swimming_pool": null, "trade": null, "wholesale": null, "attraction": null, "camp_site": null, "guest_house": null, "hostel": null, "information": null, "museum": null, "tourism": null, "viewpoint": null, "zoo": null, "osm_type": "way", "spa": null, "fireplace": null, "fishing": null, "security": null, "water": null }, "geometry": { "type": "Point", "coordinates": [ 72.672011735174394, 23.058125293276671 ] } },
{ "type": "Feature", "properties": { "lat": null, "visible": "False", "version": 2, "tags": null, "id": 538938317, "lon": null, "changeset": null, "timestamp": 1510044943, "addr:city": null, "addr:country": null, "addr:full": null, "addr:housenumber": null, "addr:housename": null, "addr:postcode": null, "addr:place": null, "addr:street": null, "email": null, "name": "Pharma Canteen(F1)", "opening_hours": null, "operator": null, "phone": null, "ref": null, "url": null, "website": null, "amenity": "restaurant", "atm": null, "bank": null, "bicycle_parking": null, "bicycle_rental": null, "bar": null, "biergarten": null, "building": "yes", "building:levels": null, "cafe": null, "drinking_water": null, "fast_food": null, "fountain": null, "fuel": null, "internet_access": null, "landuse": null, "office": null, "parking": null, "police": null, "post_office": null, "restaurant": null, "school": null, "social_facility": null, "source": null, "start_date": null, "taxi": null, "wikipedia": null, "agrarian": null, "alcohol": null, "bag": null, "books": null, "butcher": null, "clothes": null, "computer": null, "craft": null, "furniture": null, "gas": null, "hairdresser": null, "kitchen": null, "massage": null, "medical_supply": null, "motorcycle": null, "organic": null, "outdoor": null, "pet": null, "religion": null, "second_hand": null, "shoes": null, "shop": null, "swimming_pool": null, "trade": null, "wholesale": null, "attraction": null, "camp_site": null, "guest_house": null, "hostel": null, "information": null, "museum": null, "tourism": null, "viewpoint": null, "zoo": null, "osm_type": "way", "spa": null, "fireplace": null, "fishing": null, "security": null, "water": null }, "geometry": { "type": "Point", "coordinates": [ 72.547316022841201, 23.128280695056088 ] } },
{ "type": "Feature", "properties": { "lat": null, "visible": "False", "version": 1, "tags": null, "id": 538946980, "lon": null, "changeset": null, "timestamp": 1510044909, "addr:city": null, "addr:country": null, "addr:full": null, "addr:housenumber": null, "addr:housename": null, "addr:postcode": null, "addr:place": null, "addr:street": null, "email": null, "name": "Law Canteen(F2)", "opening_hours": null, "operator": null, "phone": null, "ref": null, "url": null, "website": null, "amenity": "restaurant", "atm": null, "bank": null, "bicycle_parking": null, "bicycle_rental": null, "bar": null, "biergarten": null, "building": "yes", "building:levels": null, "cafe": null, "drinking_water": null, "fast_food": null, "fountain": null, "fuel": null, "internet_access": null, "landuse": null, "office": null, "parking": null, "police": null, "post_office": null, "restaurant": null, "school": null, "social_facility": null, "source": null, "start_date": null, "taxi": null, "wikipedia": null, "agrarian": null, "alcohol": null, "bag": null, "books": null, "butcher": null, "clothes": null, "computer": null, "craft": null, "furniture": null, "gas": null, "hairdresser": null, "kitchen": null, "massage": null, "medical_supply": null, "motorcycle": null, "organic": null, "outdoor": null, "pet": null, "religion": null, "second_hand": null, "shoes": null, "shop": null, "swimming_pool": null, "trade": null, "wholesale": null, "attraction": null, "camp_site": null, "guest_house": null, "hostel": null, "information": null, "museum": null, "tourism": null, "viewpoint": null, "zoo": null, "osm_type": "way", "spa": null, "fireplace": null, "fishing": null, "security": null, "water": null }, "geometry": { "type": "Point", "coordinates": [ 72.545052943879327, 23.127106881391356 ] } },
{ "type": "Feature", "properties": { "lat": null, "visible": "False", "version": 1, "tags": null, "id": 560617360, "lon": null, "changeset": null, "timestamp": 1518410357, "addr:city": "Ahemedabad", "addr:country": null, "addr:full": null, "addr:housenumber": null, "addr:housename": null, "addr:postcode": null, "addr:place": null, "addr:street": "Rakhiyal Road SH-68", "email": null, "name": "Hotel Emerland", "opening_hours": null, "operator": null, "phone": null, "ref": null, "url": null, "website": null, "amenity": "restaurant", "atm": null, "bank": null, "bicycle_parking": null, "bicycle_rental": null, "bar": null, "biergarten": null, "building": "yes", "building:levels": null, "cafe": null, "drinking_water": null, "fast_food": null, "fountain": null, "fuel": null, "internet_access": null, "landuse": null, "office": null, "parking": null, "police": null, "post_office": null, "restaurant": null, "school": null, "social_facility": null, "source": null, "start_date": null, "taxi": null, "wikipedia": null, "agrarian": null, "alcohol": null, "bag": null, "books": null, "butcher": null, "clothes": null, "computer": null, "craft": null, "furniture": null, "gas": null, "hairdresser": null, "kitchen": null, "massage": null, "medical_supply": null, "motorcycle": null, "organic": null, "outdoor": null, "pet": null, "religion": null, "second_hand": null, "shoes": null, "shop": null, "swimming_pool": null, "trade": null, "wholesale": null, "attraction": null, "camp_site": null, "guest_house": null, "hostel": null, "information": null, "museum": null, "tourism": null, "viewpoint": null, "zoo": null, "osm_type": "way", "spa": null, "fireplace": null, "fishing": null, "security": null, "water": null }, "geometry": { "type": "Point", "coordinates": [ 72.650755460876724, 23.074130331065355 ] } },
{ "type": "Feature", "properties": { "lat": null, "visible": "False", "version": 1, "tags": { "delivery": "yes" }, "id": 573008944, "lon": null, "changeset": null, "timestamp": 1522045577, "addr:city": "Ahmedabad", "addr:country": null, "addr:full": null, "addr:housenumber": null, "addr:housename": null, "addr:postcode": "380013", "addr:place": null, "addr:street": "Ashram Road", "email": null, "name": "Parth Flavour", "opening_hours": null, "operator": null, "phone": null, "ref": null, "url": null, "website": null, "amenity": "restaurant", "atm": null, "bank": null, "bicycle_parking": null, "bicycle_rental": null, "bar": null, "biergarten": null, "building": "yes", "building:levels": null, "cafe": null, "drinking_water": null, "fast_food": null, "fountain": null, "fuel": null, "internet_access": null, "landuse": null, "office": null, "parking": null, "police": null, "post_office": null, "restaurant": null, "school": null, "social_facility": null, "source": null, "start_date": null, "taxi": null, "wikipedia": null, "agrarian": null, "alcohol": null, "bag": null, "books": null, "butcher": null, "clothes": null, "computer": null, "craft": null, "furniture": null, "gas": null, "hairdresser": null, "kitchen": null, "massage": null, "medical_supply": null, "motorcycle": null, "organic": null, "outdoor": null, "pet": null, "religion": null, "second_hand": null, "shoes": null, "shop": null, "swimming_pool": null, "trade": null, "wholesale": null, "attraction": null, "camp_site": null, "guest_house": null, "hostel": null, "information": null, "museum": null, "tourism": null, "viewpoint": null, "zoo": null, "osm_type": "way", "spa": null, "fireplace": null, "fishing": null, "security": null, "water": null }, "geometry": { "type": "Point", "coordinates": [ 72.57132497349302, 23.048324131442456 ] } },
{ "type": "Feature", "properties": { "lat": null, "visible": "False", "version": 4, "tags": { "building:colour": "lightgrey", "building:material": "plaster", "roof:material": "concrete", "roof:shape": "flat" }, "id": 744793741, "lon": null, "changeset": null, "timestamp": 1720427110, "addr:city": null, "addr:country": null, "addr:full": null, "addr:housenumber": null, "addr:housename": null, "addr:postcode": null, "addr:place": null, "addr:street": null, "email": null, "name": null, "opening_hours": null, "operator": null, "phone": null, "ref": null, "url": null, "website": null, "amenity": "restaurant", "atm": null, "bank": null, "bicycle_parking": null, "bicycle_rental": null, "bar": null, "biergarten": null, "building": "apartments", "building:levels": "5", "cafe": null, "drinking_water": null, "fast_food": null, "fountain": null, "fuel": null, "internet_access": null, "landuse": null, "office": null, "parking": null, "police": null, "post_office": null, "restaurant": null, "school": null, "social_facility": null, "source": null, "start_date": null, "taxi": null, "wikipedia": null, "agrarian": null, "alcohol": null, "bag": null, "books": null, "butcher": null, "clothes": null, "computer": null, "craft": null, "furniture": null, "gas": null, "hairdresser": null, "kitchen": null, "massage": null, "medical_supply": null, "motorcycle": null, "organic": null, "outdoor": null, "pet": null, "religion": null, "second_hand": null, "shoes": null, "shop": null, "swimming_pool": null, "trade": null, "wholesale": null, "attraction": null, "camp_site": null, "guest_house": null, "hostel": null, "information": null, "museum": null, "tourism": null, "viewpoint": null, "zoo": null, "osm_type": "way", "spa": null, "fireplace": null, "fishing": null, "security": null, "water": null }, "geometry": { "type": "Point", "coordinates": [ 72.593968152749653, 23.109699932111418 ] } },
{ "type": "Feature", "properties": { "lat": null, "visible": "False", "version": 1, "tags": { "cuisine": "indian" }, "id": 754019040, "lon": null, "changeset": null, "timestamp": 1575904823, "addr:city": null, "addr:country": null, "addr:full": null, "addr:housenumber": null, "addr:housename": null, "addr:postcode": null, "addr:place": null, "addr:street": null, "email": null, "name": "Prince Bhaji Pav", "opening_hours": null, "operator": null, "phone": null, "ref": null, "url": null, "website": null, "amenity": "restaurant", "atm": null, "bank": null, "bicycle_parking": null, "bicycle_rental": null, "bar": null, "biergarten": null, "building": "yes", "building:levels": null, "cafe": null, "drinking_water": null, "fast_food": null, "fountain": null, "fuel": null, "internet_access": null, "landuse": null, "office": null, "parking": null, "police": null, "post_office": null, "restaurant": null, "school": null, "social_facility": null, "source": null, "start_date": null, "taxi": null, "wikipedia": null, "agrarian": null, "alcohol": null, "bag": null, "books": null, "butcher": null, "clothes": null, "computer": null, "craft": null, "furniture": null, "gas": null, "hairdresser": null, "kitchen": null, "massage": null, "medical_supply": null, "motorcycle": null, "organic": null, "outdoor": null, "pet": null, "religion": null, "second_hand": null, "shoes": null, "shop": null, "swimming_pool": null, "trade": null, "wholesale": null, "attraction": null, "camp_site": null, "guest_house": null, "hostel": null, "information": null, "museum": null, "tourism": null, "viewpoint": null, "zoo": null, "osm_type": "way", "spa": null, "fireplace": null, "fishing": null, "security": null, "water": null }, "geometry": { "type": "Point", "coordinates": [ 72.605019870130832, 22.994987475470609 ] } },
{ "type": "Feature", "properties": { "lat": null, "visible": "False", "version": 1, "tags": { "outdoor_seating": "yes", "smoking": "isolated" }, "id": 993060289, "lon": null, "changeset": null, "timestamp": 1634307245, "addr:city": "Ahmedabad", "addr:country": null, "addr:full": null, "addr:housenumber": null, "addr:housename": null, "addr:postcode": "380059", "addr:place": null, "addr:street": "Sardar Patel Ring Road", "email": null, "name": "Vibes9 V9 Cafe", "opening_hours": null, "operator": null, "phone": null, "ref": null, "url": null, "website": null, "amenity": "cafe", "atm": null, "bank": null, "bicycle_parking": null, "bicycle_rental": null, "bar": null, "biergarten": null, "building": null, "building:levels": null, "cafe": null, "drinking_water": null, "fast_food": null, "fountain": null, "fuel": null, "internet_access": null, "landuse": null, "office": null, "parking": null, "police": null, "post_office": null, "restaurant": null, "school": null, "social_facility": null, "source": null, "start_date": null, "taxi": null, "wikipedia": null, "agrarian": null, "alcohol": null, "bag": null, "books": null, "butcher": null, "clothes": null, "computer": null, "craft": null, "furniture": null, "gas": null, "hairdresser": null, "kitchen": null, "massage": null, "medical_supply": null, "motorcycle": null, "organic": null, "outdoor": null, "pet": null, "religion": null, "second_hand": null, "shoes": null, "shop": null, "swimming_pool": null, "trade": null, "wholesale": null, "attraction": null, "camp_site": null, "guest_house": null, "hostel": null, "information": null, "museum": null, "tourism": null, "viewpoint": null, "zoo": null, "osm_type": "way", "spa": null, "fireplace": null, "fishing": null, "security": null, "water": null }, "geometry": { "type": "Point", "coordinates": [ 72.487052032998605, 23.067765728360257 ] } },
{ "type": "Feature", "properties": { "lat": null, "visible": "False", "version": 1, "tags": { "alt_name": "Kamala Cafe", "cuisine": "indian", "description": "The place offers non-profitable authentic and organic food which they claim to be sourced directly from farms and served in lap of nature. Purpose is to help unpriviledged women by SEWA foundation", "wheelchair": "yes", "wikimedia_commons": "Category:Kamla_Cafe" }, "id": 1087307157, "lon": null, "changeset": null, "timestamp": 1660849494, "addr:city": null, "addr:country": null, "addr:full": null, "addr:housenumber": null, "addr:housename": null, "addr:postcode": null, "addr:place": null, "addr:street": null, "email": null, "name": "Kamla Cafe", "opening_hours": "Mo-Su 08:00-23:00", "operator": null, "phone": "07925506441", "ref": null, "url": null, "website": "https://www.sewa.org/", "amenity": "restaurant", "atm": null, "bank": null, "bicycle_parking": null, "bicycle_rental": null, "bar": null, "biergarten": null, "building": null, "building:levels": null, "cafe": null, "drinking_water": null, "fast_food": null, "fountain": null, "fuel": null, "internet_access": null, "landuse": null, "office": null, "parking": null, "police": null, "post_office": null, "restaurant": null, "school": null, "social_facility": null, "source": null, "start_date": null, "taxi": null, "wikipedia": null, "agrarian": null, "alcohol": null, "bag": null, "books": null, "butcher": null, "clothes": null, "computer": null, "craft": null, "furniture": null, "gas": null, "hairdresser": null, "kitchen": null, "massage": null, "medical_supply": null, "motorcycle": null, "organic": null, "outdoor": null, "pet": null, "religion": null, "second_hand": null, "shoes": null, "shop": null, "swimming_pool": null, "trade": null, "wholesale": null, "attraction": null, "camp_site": null, "guest_house": null, "hostel": null, "information": null, "museum": null, "tourism": null, "viewpoint": null, "zoo": null, "osm_type": "way", "spa": null, "fireplace": null, "fishing": null, "security": null, "water": null }, "geometry": { "type": "Point", "coordinates": [ 72.51757844328705, 23.044237860635281 ] } },
{ "type": "Feature", "properties": { "lat": null, "visible": "False", "version": 1, "tags": null, "id": 1180002417, "lon": null, "changeset": null, "timestamp": 1686058148, "addr:city": null, "addr:country": null, "addr:full": null, "addr:housenumber": null, "addr:housename": null, "addr:postcode": null, "addr:place": null, "addr:street": null, "email": null, "name": "Praful Dairy Parlour", "opening_hours": null, "operator": null, "phone": null, "ref": null, "url": null, "website": null, "amenity": "restaurant", "atm": null, "bank": null, "bicycle_parking": null, "bicycle_rental": null, "bar": null, "biergarten": null, "building": "yes", "building:levels": null, "cafe": null, "drinking_water": null, "fast_food": null, "fountain": null, "fuel": null, "internet_access": null, "landuse": null, "office": null, "parking": null, "police": null, "post_office": null, "restaurant": null, "school": null, "social_facility": null, "source": null, "start_date": null, "taxi": null, "wikipedia": null, "agrarian": null, "alcohol": null, "bag": null, "books": null, "butcher": null, "clothes": null, "computer": null, "craft": null, "furniture": null, "gas": null, "hairdresser": null, "kitchen": null, "massage": null, "medical_supply": null, "motorcycle": null, "organic": null, "outdoor": null, "pet": null, "religion": null, "second_hand": null, "shoes": null, "shop": null, "swimming_pool": null, "trade": null, "wholesale": null, "attraction": null, "camp_site": null, "guest_house": null, "hostel": null, "information": null, "museum": null, "tourism": null, "viewpoint": null, "zoo": null, "osm_type": "way", "spa": null, "fireplace": null, "fishing": null, "security": null, "water": null }, "geometry": { "type": "Point", "coordinates": [ 72.576050379114648, 23.106524180135953 ] } },
{ "type": "Feature", "properties": { "lat": null, "visible": "False", "version": 1, "tags": null, "id": 1180006263, "lon": null, "changeset": null, "timestamp": 1686059474, "addr:city": null, "addr:country": null, "addr:full": null, "addr:housenumber": null, "addr:housename": null, "addr:postcode": null, "addr:place": null, "addr:street": null, "email": null, "name": null, "opening_hours": null, "operator": null, "phone": null, "ref": null, "url": null, "website": null, "amenity": "restaurant", "atm": null, "bank": null, "bicycle_parking": null, "bicycle_rental": null, "bar": null, "biergarten": null, "building": "yes", "building:levels": null, "cafe": null, "drinking_water": null, "fast_food": null, "fountain": null, "fuel": null, "internet_access": null, "landuse": null, "office": null, "parking": null, "police": null, "post_office": null, "restaurant": null, "school": null, "social_facility": null, "source": null, "start_date": null, "taxi": null, "wikipedia": null, "agrarian": null, "alcohol": null, "bag": null, "books": null, "butcher": null, "clothes": null, "computer": null, "craft": null, "furniture": null, "gas": null, "hairdresser": null, "kitchen": null, "massage": null, "medical_supply": null, "motorcycle": null, "organic": null, "outdoor": null, "pet": null, "religion": null, "second_hand": null, "shoes": null, "shop": null, "swimming_pool": null, "trade": null, "wholesale": null, "attraction": null, "camp_site": null, "guest_house": null, "hostel": null, "information": null, "museum": null, "tourism": null, "viewpoint": null, "zoo": null, "osm_type": "way", "spa": null, "fireplace": null, "fishing": null, "security": null, "water": null }, "geometry": { "type": "Point", "coordinates": [ 72.58247770622998, 23.10841746040256 ] } },
{ "type": "Feature", "properties": { "lat": null, "visible": "False", "version": 1, "tags": null, "id": 1180008516, "lon": null, "changeset": null, "timestamp": 1686060515, "addr:city": null, "addr:country": null, "addr:full": null, "addr:housenumber": null, "addr:housename": null, "addr:postcode": null, "addr:place": null, "addr:street": null, "email": null, "name": null, "opening_hours": null, "operator": null, "phone": null, "ref": null, "url": null, "website": null, "amenity": "restaurant", "atm": null, "bank": null, "bicycle_parking": null, "bicycle_rental": null, "bar": null, "biergarten": null, "building": "yes", "building:levels": null, "cafe": null, "drinking_water": null, "fast_food": null, "fountain": null, "fuel": null, "internet_access": null, "landuse": null, "office": null, "parking": null, "police": null, "post_office": null, "restaurant": null, "school": null, "social_facility": null, "source": null, "start_date": null, "taxi": null, "wikipedia": null, "agrarian": null, "alcohol": null, "bag": null, "books": null, "butcher": null, "clothes": null, "computer": null, "craft": null, "furniture": null, "gas": null, "hairdresser": null, "kitchen": null, "massage": null, "medical_supply": null, "motorcycle": null, "organic": null, "outdoor": null, "pet": null, "religion": null, "second_hand": null, "shoes": null, "shop": null, "swimming_pool": null, "trade": null, "wholesale": null, "attraction": null, "camp_site": null, "guest_house": null, "hostel": null, "information": null, "museum": null, "tourism": null, "viewpoint": null, "zoo": null, "osm_type": "way", "spa": null, "fireplace": null, "fishing": null, "security": null, "water": null }, "geometry": { "type": "Point", "coordinates": [ 72.591279110657212, 23.108940176656933 ] } },
{ "type": "Feature", "properties": { "lat": null, "visible": "False", "version": 1, "tags": null, "id": 1211760600, "lon": null, "changeset": null, "timestamp": 1695974244, "addr:city": null, "addr:country": null, "addr:full": null, "addr:housenumber": null, "addr:housename": null, "addr:postcode": null, "addr:place": null, "addr:street": null, "email": null, "name": "Camilo Coffee", "opening_hours": null, "operator": null, "phone": null, "ref": null, "url": null, "website": null, "amenity": "cafe", "atm": null, "bank": null, "bicycle_parking": null, "bicycle_rental": null, "bar": null, "biergarten": null, "building": "yes", "building:levels": null, "cafe": null, "drinking_water": null, "fast_food": null, "fountain": null, "fuel": null, "internet_access": null, "landuse": null, "office": null, "parking": null, "police": null, "post_office": null, "restaurant": null, "school": null, "social_facility": null, "source": null, "start_date": null, "taxi": null, "wikipedia": null, "agrarian": null, "alcohol": null, "bag": null, "books": null, "butcher": null, "clothes": null, "computer": null, "craft": null, "furniture": null, "gas": null, "hairdresser": null, "kitchen": null, "massage": null, "medical_supply": null, "motorcycle": null, "organic": null, "outdoor": null, "pet": null, "religion": null, "second_hand": null, "shoes": null, "shop": null, "swimming_pool": null, "trade": null, "wholesale": null, "attraction": null, "camp_site": null, "guest_house": null, "hostel": null, "information": null, "museum": null, "tourism": null, "viewpoint": null, "zoo": null, "osm_type": "way", "spa": null, "fireplace": null, "fishing": null, "security": null, "water": null }, "geometry": { "type": "Point", "coordinates": [ 72.491695944552859, 23.045470408898552 ] } },
{ "type": "Feature", "properties": { "lat": null, "visible": "False", "version": 1, "tags": null, "id": 1214030700, "lon": null, "changeset": null, "timestamp": 1696764852, "addr:city": null, "addr:country": null, "addr:full": null, "addr:housenumber": null, "addr:housename": null, "addr:postcode": null, "addr:place": null, "addr:street": null, "email": null, "name": null, "opening_hours": null, "operator": null, "phone": null, "ref": null, "url": null, "website": null, "amenity": "cafe", "atm": null, "bank": null, "bicycle_parking": null, "bicycle_rental": null, "bar": null, "biergarten": null, "building": "yes", "building:levels": null, "cafe": null, "drinking_water": null, "fast_food": null, "fountain": null, "fuel": null, "internet_access": null, "landuse": null, "office": null, "parking": null, "police": null, "post_office": null, "restaurant": null, "school": null, "social_facility": null, "source": null, "start_date": null, "taxi": null, "wikipedia": null, "agrarian": null, "alcohol": null, "bag": null, "books": null, "butcher": null, "clothes": null, "computer": null, "craft": null, "furniture": null, "gas": null, "hairdresser": null, "kitchen": null, "massage": null, "medical_supply": null, "motorcycle": null, "organic": null, "outdoor": null, "pet": null, "religion": null, "second_hand": null, "shoes": null, "shop": null, "swimming_pool": null, "trade": null, "wholesale": null, "attraction": null, "camp_site": null, "guest_house": null, "hostel": null, "information": null, "museum": null, "tourism": null, "viewpoint": null, "zoo": null, "osm_type": "way", "spa": null, "fireplace": null, "fishing": null, "security": null, "water": null }, "geometry": { "type": "Point", "coordinates": [ 72.5760702, 23.04316615 ] } },
{ "type": "Feature", "properties": { "lat": null, "visible": "False", "version": 1, "tags": null, "id": 1214151893, "lon": null, "changeset": null, "timestamp": 1696800643, "addr:city": null, "addr:country": null, "addr:full": null, "addr:housenumber": null, "addr:housename": null, "addr:postcode": null, "addr:place": null, "addr:street": null, "email": null, "name": null, "opening_hours": null, "operator": null, "phone": null, "ref": null, "url": null, "website": null, "amenity": "cafe", "atm": null, "bank": null, "bicycle_parking": null, "bicycle_rental": null, "bar": null, "biergarten": null, "building": "yes", "building:levels": null, "cafe": null, "drinking_water": null, "fast_food": null, "fountain": null, "fuel": null, "internet_access": null, "landuse": null, "office": null, "parking": null, "police": null, "post_office": null, "restaurant": null, "school": null, "social_facility": null, "source": null, "start_date": null, "taxi": null, "wikipedia": null, "agrarian": null, "alcohol": null, "bag": null, "books": null, "butcher": null, "clothes": null, "computer": null, "craft": null, "furniture": null, "gas": null, "hairdresser": null, "kitchen": null, "massage": null, "medical_supply": null, "motorcycle": null, "organic": null, "outdoor": null, "pet": null, "religion": null, "second_hand": null, "shoes": null, "shop": null, "swimming_pool": null, "trade": null, "wholesale": null, "attraction": null, "camp_site": null, "guest_house": null, "hostel": null, "information": null, "museum": null, "tourism": null, "viewpoint": null, "zoo": null, "osm_type": "way", "spa": null, "fireplace": null, "fishing": null, "security": null, "water": null }, "geometry": { "type": "Point", "coordinates": [ 72.569637949999986, 23.0059096 ] } },
{ "type": "Feature", "properties": { "lat": null, "visible": "False", "version": 1, "tags": null, "id": 1260747555, "lon": null, "changeset": null, "timestamp": 1710192488, "addr:city": null, "addr:country": null, "addr:full": null, "addr:housenumber": null, "addr:housename": null, "addr:postcode": null, "addr:place": null, "addr:street": null, "email": null, "name": "Curry Tree", "opening_hours": null, "operator": null, "phone": null, "ref": null, "url": null, "website": null, "amenity": "fast_food", "atm": null, "bank": null, "bicycle_parking": null, "bicycle_rental": null, "bar": null, "biergarten": null, "building": null, "building:levels": null, "cafe": null, "drinking_water": null, "fast_food": null, "fountain": null, "fuel": null, "internet_access": null, "landuse": null, "office": null, "parking": null, "police": null, "post_office": null, "restaurant": null, "school": null, "social_facility": null, "source": null, "start_date": null, "taxi": null, "wikipedia": null, "agrarian": null, "alcohol": null, "bag": null, "books": null, "butcher": null, "clothes": null, "computer": null, "craft": null, "furniture": null, "gas": null, "hairdresser": null, "kitchen": null, "massage": null, "medical_supply": null, "motorcycle": null, "organic": null, "outdoor": null, "pet": null, "religion": null, "second_hand": null, "shoes": null, "shop": null, "swimming_pool": null, "trade": null, "wholesale": null, "attraction": null, "camp_site": null, "guest_house": null, "hostel": null, "information": null, "museum": null, "tourism": null, "viewpoint": null, "zoo": null, "osm_type": "way", "spa": null, "fireplace": null, "fishing": null, "security": null, "water": null }, "geometry": { "type": "Point", "coordinates": [ 72.623790732458531, 23.075711570830904 ] } },
{ "type": "Feature", "properties": { "lat": null, "visible": "False", "version": 1, "tags": { "air_conditioning": "yes", "diet:vegetarian": "yes", "toilets": "yes" }, "id": 1369893075, "lon": null, "changeset": null, "timestamp": 1742549089, "addr:city": null, "addr:country": null, "addr:full": null, "addr:housenumber": null, "addr:housename": null, "addr:postcode": null, "addr:place": null, "addr:street": null, "email": null, "name": "Under the Neem Trees", "opening_hours": null, "operator": null, "phone": null, "ref": null, "url": null, "website": null, "amenity": "restaurant", "atm": null, "bank": null, "bicycle_parking": null, "bicycle_rental": null, "bar": "no", "biergarten": null, "building": "yes", "building:levels": null, "cafe": null, "drinking_water": null, "fast_food": null, "fountain": null, "fuel": null, "internet_access": null, "landuse": null, "office": null, "parking": null, "police": null, "post_office": null, "restaurant": null, "school": null, "social_facility": null, "source": null, "start_date": null, "taxi": null, "wikipedia": null, "agrarian": null, "alcohol": null, "bag": null, "books": null, "butcher": null, "clothes": null, "computer": null, "craft": null, "furniture": null, "gas": null, "hairdresser": null, "kitchen": null, "massage": null, "medical_supply": null, "motorcycle": null, "organic": null, "outdoor": null, "pet": null, "religion": null, "second_hand": null, "shoes": null, "shop": null, "swimming_pool": null, "trade": null, "wholesale": null, "attraction": null, "camp_site": null, "guest_house": null, "hostel": null, "information": null, "museum": null, "tourism": null, "viewpoint": null, "zoo": null, "osm_type": "way", "spa": null, "fireplace": null, "fishing": null, "security": null, "water": null }, "geometry": { "type": "Point", "coordinates": [ 72.504909581239758, 23.032278648633525 ] } },
{ "type": "Feature", "properties": { "lat": null, "visible": "False", "version": 2, "tags": { "access": "restricted" }, "id": 1370788552, "lon": null, "changeset": null, "timestamp": 1742903102, "addr:city": null, "addr:country": null, "addr:full": null, "addr:housenumber": null, "addr:housename": null, "addr:postcode": null, "addr:place": null, "addr:street": null, "email": null, "name": "Highrise mess", "opening_hours": null, "operator": null, "phone": null, "ref": null, "url": null, "website": null, "amenity": "restaurant", "atm": null, "bank": null, "bicycle_parking": null, "bicycle_rental": null, "bar": null, "biergarten": null, "building": "yes", "building:levels": null, "cafe": null, "drinking_water": null, "fast_food": null, "fountain": null, "fuel": null, "internet_access": null, "landuse": null, "office": null, "parking": null, "police": null, "post_office": null, "restaurant": null, "school": null, "social_facility": null, "source": null, "start_date": null, "taxi": null, "wikipedia": null, "agrarian": null, "alcohol": null, "bag": null, "books": null, "butcher": null, "clothes": null, "computer": null, "craft": null, "furniture": null, "gas": null, "hairdresser": null, "kitchen": null, "massage": null, "medical_supply": null, "motorcycle": null, "organic": null, "outdoor": null, "pet": null, "religion": null, "second_hand": null, "shoes": null, "shop": null, "swimming_pool": null, "trade": null, "wholesale": null, "attraction": null, "camp_site": null, "guest_house": null, "hostel": null, "information": null, "museum": null, "tourism": null, "viewpoint": null, "zoo": null, "osm_type": "way", "spa": null, "fireplace": null, "fishing": null, "security": null, "water": null }, "geometry": { "type": "Point", "coordinates": [ 72.668910320978284, 23.156912518444614 ] } },
{ "type": "Feature", "properties": { "lat": null, "visible": "False", "version": 1, "tags": null, "id": 1375690863, "lon": null, "changeset": null, "timestamp": 1744061225, "addr:city": null, "addr:country": null, "addr:full": null, "addr:housenumber": null, "addr:housename": null, "addr:postcode": null, "addr:place": null, "addr:street": null, "email": null, "name": "site", "opening_hours": null, "operator": null, "phone": null, "ref": null, "url": null, "website": null, "amenity": "cafe", "atm": null, "bank": null, "bicycle_parking": null, "bicycle_rental": null, "bar": null, "biergarten": null, "building": "yes", "building:levels": null, "cafe": null, "drinking_water": null, "fast_food": null, "fountain": null, "fuel": null, "internet_access": null, "landuse": null, "office": null, "parking": null, "police": null, "post_office": null, "restaurant": null, "school": null, "social_facility": null, "source": null, "start_date": null, "taxi": null, "wikipedia": null, "agrarian": null, "alcohol": null, "bag": null, "books": null, "butcher": null, "clothes": null, "computer": null, "craft": null, "furniture": null, "gas": null, "hairdresser": null, "kitchen": null, "massage": null, "medical_supply": null, "motorcycle": null, "organic": null, "outdoor": null, "pet": null, "religion": null, "second_hand": null, "shoes": null, "shop": null, "swimming_pool": null, "trade": null, "wholesale": null, "attraction": null, "camp_site": null, "guest_house": null, "hostel": null, "information": null, "museum": null, "tourism": null, "viewpoint": null, "zoo": null, "osm_type": "way", "spa": null, "fireplace": null, "fishing": null, "security": null, "water": null }, "geometry": { "type": "Point", "coordinates": [ 72.493973583149, 23.036226655166413 ] } },
{ "type": "Feature", "properties": { "lat": null, "visible": "False", "version": 1, "tags": null, "id": 1432594581, "lon": null, "changeset": null, "timestamp": 1758733020, "addr:city": null, "addr:country": null, "addr:full": null, "addr:housenumber": null, "addr:housename": null, "addr:postcode": null, "addr:place": null, "addr:street": null, "email": null, "name": "NesCafe", "opening_hours": null, "operator": null, "phone": null, "ref": null, "url": null, "website": null, "amenity": "cafe", "atm": null, "bank": null, "bicycle_parking": null, "bicycle_rental": null, "bar": null, "biergarten": null, "building": "yes", "building:levels": null, "cafe": null, "drinking_water": null, "fast_food": null, "fountain": null, "fuel": null, "internet_access": null, "landuse": null, "office": null, "parking": null, "police": null, "post_office": null, "restaurant": null, "school": null, "social_facility": null, "source": null, "start_date": null, "taxi": null, "wikipedia": null, "agrarian": null, "alcohol": null, "bag": null, "books": null, "butcher": null, "clothes": null, "computer": null, "craft": null, "furniture": null, "gas": null, "hairdresser": null, "kitchen": null, "massage": null, "medical_supply": null, "motorcycle": null, "organic": null, "outdoor": null, "pet": null, "religion": null, "second_hand": null, "shoes": null, "shop": null, "swimming_pool": null, "trade": null, "wholesale": null, "attraction": null, "camp_site": null, "guest_house": null, "hostel": null, "information": null, "museum": null, "tourism": null, "viewpoint": null, "zoo": null, "osm_type": "way", "spa": null, "fireplace": null, "fishing": null, "security": null, "water": null }, "geometry": { "type": "Point", "coordinates": [ 72.627282334641976, 23.188566328513915 ] } },
{ "type": "Feature", "properties": { "lat": null, "visible": "False", "version": 2, "tags": { "cuisine": "coffee_shop" }, "id": 1432594583, "lon": null, "changeset": null, "timestamp": 1762785057, "addr:city": null, "addr:country": null, "addr:full": null, "addr:housenumber": null, "addr:housename": null, "addr:postcode": null, "addr:place": null, "addr:street": null, "email": null, "name": "K ++", "opening_hours": null, "operator": null, "phone": null, "ref": null, "url": null, "website": null, "amenity": "cafe", "atm": null, "bank": null, "bicycle_parking": null, "bicycle_rental": null, "bar": null, "biergarten": null, "building": null, "building:levels": null, "cafe": null, "drinking_water": null, "fast_food": null, "fountain": null, "fuel": null, "internet_access": null, "landuse": null, "office": null, "parking": null, "police": null, "post_office": null, "restaurant": null, "school": null, "social_facility": null, "source": null, "start_date": null, "taxi": null, "wikipedia": null, "agrarian": null, "alcohol": null, "bag": null, "books": null, "butcher": null, "clothes": null, "computer": null, "craft": null, "furniture": null, "gas": null, "hairdresser": null, "kitchen": null, "massage": null, "medical_supply": null, "motorcycle": null, "organic": null, "outdoor": null, "pet": null, "religion": null, "second_hand": null, "shoes": null, "shop": null, "swimming_pool": null, "trade": null, "wholesale": null, "attraction": null, "camp_site": null, "guest_house": null, "hostel": null, "information": null, "museum": null, "tourism": null, "viewpoint": null, "zoo": null, "osm_type": "way", "spa": null, "fireplace": null, "fishing": null, "security": null, "water": null }, "geometry": { "type": "Point", "coordinates": [ 72.626913699471075, 23.188607196246114 ] } },
{ "type": "Feature", "properties": { "lat": null, "visible": "False", "version": 2, "tags": { "cuisine": "juice" }, "id": 1432594587, "lon": null, "changeset": null, "timestamp": 1762785057, "addr:city": null, "addr:country": null, "addr:full": null, "addr:housenumber": null, "addr:housename": null, "addr:postcode": null, "addr:place": null, "addr:street": null, "email": null, "name": "Juice Centre", "opening_hours": null, "operator": null, "phone": null, "ref": null, "url": null, "website": null, "amenity": "fast_food", "atm": null, "bank": null, "bicycle_parking": null, "bicycle_rental": null, "bar": null, "biergarten": null, "building": null, "building:levels": null, "cafe": null, "drinking_water": null, "fast_food": null, "fountain": null, "fuel": null, "internet_access": null, "landuse": null, "office": null, "parking": null, "police": null, "post_office": null, "restaurant": null, "school": null, "social_facility": null, "source": null, "start_date": null, "taxi": null, "wikipedia": null, "agrarian": null, "alcohol": null, "bag": null, "books": null, "butcher": null, "clothes": null, "computer": null, "craft": null, "furniture": null, "gas": null, "hairdresser": null, "kitchen": null, "massage": null, "medical_supply": null, "motorcycle": null, "organic": null, "outdoor": null, "pet": null, "religion": null, "second_hand": null, "shoes": null, "shop": null, "swimming_pool": null, "trade": null, "wholesale": null, "attraction": null, "camp_site": null, "guest_house": null, "hostel": null, "information": null, "museum": null, "tourism": null, "viewpoint": null, "zoo": null, "osm_type": "way", "spa": null, "fireplace": null, "fishing": null, "security": null, "water": null }, "geometry": { "type": "Point", "coordinates": [ 72.627074596489706, 23.188488063752683 ] } },
{ "type": "Feature", "properties": { "lat": null, "visible": "False", "version": 1, "tags": { "cuisine": "burger", "diet:vegetarian": "yes" }, "id": 1540063342, "lon": null, "changeset": null, "timestamp": 1784304309, "addr:city": null, "addr:country": null, "addr:full": null, "addr:housenumber": null, "addr:housename": null, "addr:postcode": null, "addr:place": null, "addr:street": null, "email": null, "name": "ChaiG Cafe and restaurant", "opening_hours": null, "operator": null, "phone": null, "ref": null, "url": null, "website": null, "amenity": "restaurant", "atm": null, "bank": null, "bicycle_parking": null, "bicycle_rental": null, "bar": null, "biergarten": null, "building": "yes", "building:levels": null, "cafe": null, "drinking_water": null, "fast_food": null, "fountain": null, "fuel": null, "internet_access": null, "landuse": null, "office": null, "parking": null, "police": null, "post_office": null, "restaurant": null, "school": null, "social_facility": null, "source": null, "start_date": null, "taxi": null, "wikipedia": null, "agrarian": null, "alcohol": null, "bag": null, "books": null, "butcher": null, "clothes": null, "computer": null, "craft": null, "furniture": null, "gas": null, "hairdresser": null, "kitchen": null, "massage": null, "medical_supply": null, "motorcycle": null, "organic": null, "outdoor": null, "pet": null, "religion": null, "second_hand": null, "shoes": null, "shop": null, "swimming_pool": null, "trade": null, "wholesale": null, "attraction": null, "camp_site": null, "guest_house": null, "hostel": null, "information": null, "museum": null, "tourism": null, "viewpoint": null, "zoo": null, "osm_type": "way", "spa": null, "fireplace": null, "fishing": null, "security": null, "water": null }, "geometry": { "type": "Point", "coordinates": [ 72.526574181976116, 23.076037466471771 ] } }
]
}
