name,competitor_type,sub_category,lat,lon,visible
Brainobrain Vejalpur,schools,General Educational School,22.98318,72.40045,True
Apple Global School,schools,International School,22.98897,72.41819,True
Ratanpura primary school,schools,Primary & Pre-School,22.96771,72.42354,True
Pilupura primary school,schools,Primary & Pre-School,22.9013,72.42432,True
SVM International School,schools,International School,22.91424,72.42378,True
Om tution classes,schools,Coaching & Entrance Institute,22.91636,72.42402,True
SSGS Preschool BAVLA,schools,Primary & Pre-School,22.95165,72.42979,True
Kali Talavdi Prathmik School,schools,Primary & Pre-School,22.90551,72.43544,True
Pradip Overseas Pvt. Ltd.,schools,General Educational School,22.91812,72.44061,True
Changodar Primary School,schools,Primary & Pre-School,22.93053,72.44731,True
SHRI KID'S PRE School,schools,Primary & Pre-School,22.92594,72.44576,True
Dholeshwar Primary School,schools,Primary & Pre-School,22.92434,72.44552,True
MICA,schools,College & University,22.99823,72.44228,True
"Chinar 3, MICA",schools,College & University,22.99784,72.44235,True
Mudra Institute Of Communications Ahmedabad,schools,College & University,22.998,72.44247,True
Government secondary and higher secondary school- hariyavad juvanpur,schools,Secondary & High School,22.9648,72.44925,True
Jivanpura Prathmik Shala,schools,Primary & Pre-School,22.96419,72.44666,True
Navapura Primary School,schools,Primary & Pre-School,22.94817,72.4484,True
Bambini - ELC,schools,General Educational School,22.98477,72.45668,True
Hyderabadi Nursery Showroom,schools,Primary & Pre-School,22.9881,72.45558,True
Fangdi primary school,schools,Primary & Pre-School,22.93889,72.45726,True
Tajpur Primary School,schools,Primary & Pre-School,22.90315,72.45109,True
Fablab India,schools,General Educational School,22.99756,72.46337,True
A Rising Sun Preschool,schools,Primary & Pre-School,22.99728,72.4643,True
Hitech Institute of Security & Safety Management Pvt Ltd,schools,General Educational School,22.99722,72.46469,True
Math Tuition Classes Cuemath,schools,Coaching & Entrance Institute,22.99524,72.46587,True
Sheetal Nursery and farm,schools,Primary & Pre-School,22.99726,72.46712,True
Smt N M Padalia Pharmacy College,schools,College & University,22.94954,72.46603,True
Shantipura Primary School,schools,Primary & Pre-School,22.98807,72.46953,True
RA Academy,schools,General Educational School,22.99455,72.46915,True
Math Tuition Classes Cuemath,schools,Coaching & Entrance Institute,22.99386,72.46941,True
Collegely,schools,College & University,22.9943,72.47052,True
Hyderabadi Nursery Showroom,schools,Primary & Pre-School,22.98748,72.46982,True
"Smt N M Padalia Pharmacy College, Ahmedabad",schools,College & University,22.98768,72.47181,True
Global Active Clay LLP,schools,General Educational School,22.9939,72.47188,True
Math Tuition Classes Cuemath,schools,Coaching & Entrance Institute,22.99434,72.472,True
"Kalorex Preschool, Applewoods, Shela",schools,Primary & Pre-School,22.99413,72.47218,True
Umiya Farm and Nursery,schools,Primary & Pre-School,22.9954,72.47297,True
Gotirth Vidyapeeth,schools,College & University,22.97987,72.47466,True
Lakshaya International School,schools,International School,22.99194,72.47729,True
Narayana Business School,schools,College & University,22.96207,72.47589,True
GTECH Computer Education,schools,General Educational School,22.96513,72.47366,True
GAS GUYSCommercial & Industrial LPG Supplier,schools,General Educational School,22.95286,72.47312,True
Jeep-Concept Motorcar,schools,College & University,22.95879,72.47676,True
The Pajpura Primary School,schools,Primary & Pre-School,22.93229,72.47102,True
Lj College Campus,schools,College & University,22.93991,72.4822,True
Narayana Business School Ahmedabad,schools,College & University,22.96564,72.47849,True
Import Export Training Institute-ICEEL,schools,General Educational School,22.98835,72.48273,True
LJ College,schools,College & University,22.98898,72.48644,True
Rajiv Machine Tools,schools,General Educational School,22.97517,72.4886,True
Little masters pre school,schools,Primary & Pre-School,22.98834,72.48746,True
Neharunagar primary school,schools,Primary & Pre-School,22.98834,72.48746,True
L.J School of Law,schools,College & University,22.99064,72.4871,True
L.J School of Architecture,schools,College & University,22.99017,72.48691,True
L.J. Polytechnic,schools,College & University,22.99038,72.48662,True
LJ University,schools,College & University,22.99123,72.48843,True
NEW LJ Commerce College,schools,College & University,22.99005,72.48855,True
LJ Institute of Media and Communications,schools,College & University,22.99001,72.48843,True
L J Institute Of Management Studies,schools,College & University,22.9916,72.48782,True
New L.J. Campus,schools,College & University,22.99055,72.48769,True
L J Institute of Computer Application,schools,General Educational School,22.99007,72.48794,True
LJ Institute of Pharmacy,schools,College & University,22.9901,72.48791,True
ITI Sarkhej,schools,General Educational School,22.97615,72.48923,True
Cipla Limited,schools,General Educational School,22.97886,72.49052,True
Unity Motors,schools,General Educational School,22.97835,72.49097,True
Hitech Hydrulic,schools,General Educational School,22.98003,72.49233,True
Oxford Academy,schools,General Educational School,22.9909,72.49109,True
Healthiza Lifescience Private Limited,schools,General Educational School,22.98766,72.49315,True
Udaan Junior,schools,General Educational School,22.98777,72.49311,True
"Protector FireSafety India Private Limited - Safety Shoes Ahmedabad, Hand Gloves, Fire Extinguishe",schools,General Educational School,22.98685,72.49466,True
Ljiet Infotech,schools,College & University,22.98663,72.49503,True
Dharmaj Crop Guard Ltd.,schools,General Educational School,22.98693,72.4951,True
Arbudanchal Garlic FARM,schools,General Educational School,22.98318,72.49356,True
Hiramani,schools,General Educational School,22.98326,72.49359,True
Sai green nursery,schools,Primary & Pre-School,22.98058,72.49422,True
Shree Sai Hitenju English School,schools,Secondary & High School,22.97889,72.49333,True
Badrabad Primary School,schools,Primary & Pre-School,22.9543,72.49519,True
T. Z. Visalpur High School,schools,Secondary & High School,22.91339,72.48671,True
Sharda Shishu Sanskar Vidhyalay,schools,Primary & Pre-School,22.97079,72.49957,True
Udan Education Foundation,schools,General Educational School,22.97105,72.49771,True
"Government English Medium School,Dholka, Ahmedabad",schools,Secondary & High School,22.9676,72.4974,True
Prathmik School,schools,Primary & Pre-School,22.97839,72.49611,True
Pinnacle Academy,schools,General Educational School,22.98943,72.49698,True
Aekum Sports Academy,schools,General Educational School,22.98672,72.49676,True
Al-Falah Academy,schools,General Educational School,22.98691,72.49764,True
Zahras Rainbow,schools,General Educational School,22.98693,72.49774,True
Concept Jeep Ahmedabad,schools,College & University,22.99665,72.49847,True
Vasavada Pre Engineered Buildings,schools,General Educational School,22.99846,72.49878,True
Alaska Mediscience,schools,General Educational School,22.99449,72.49863,True
StackCode Training Institute,schools,General Educational School,22.99287,72.49847,True
The International Open Education Institution,schools,International School,22.99375,72.4986,True
Lion Color,schools,General Educational School,22.99415,72.49908,True
Takasho Garden Living,schools,General Educational School,22.99503,72.49899,True
SVACo Visa Solutions,schools,General Educational School,22.99468,72.49893,True
Imperial Institute of Clinical Research,schools,General Educational School,22.9947,72.49884,True
Perception System,schools,College & University,22.9978,72.49935,True
Adani Vidya Mandir,schools,General Educational School,22.9921,72.49895,True
Smart & Active Kids Preschool,schools,Primary & Pre-School,22.98859,72.49946,True
Jagruti Kanya Vidyalaya,schools,Secondary & High School,22.98813,72.49978,True
Sarvajanik High School,schools,Secondary & High School,22.98282,72.4988,True
Vishal Institute of Automobiles,schools,General Educational School,22.98474,72.49847,True
AICSM ATC-Knowledge Expert Computer Academy,schools,General Educational School,22.9795,72.4983,True
Jingle Bells Junior School,schools,Secondary & High School,22.97746,72.49811,True
Rushikesh Vidhyalaya,schools,Secondary & High School,22.97591,72.49852,True
Rushikesh Higher Secon School,schools,Secondary & High School,22.97531,72.49882,True
ITI - Industrial Training Institute - Sarkhej,schools,General Educational School,22.97871,72.50044,True
BEST Diesel Service Mico-Bosch - FIP,schools,General Educational School,22.98111,72.50124,True
Pranam School,schools,Secondary & High School,22.98412,72.50149,True
Diamond International School,schools,International School,22.98367,72.50058,True
Sarkhej Kumar Primary School,schools,Primary & Pre-School,22.98108,72.50103,True
Sanket Institute of Science,schools,General Educational School,22.98277,72.50059,True
S.V.M International School,schools,International School,22.98282,72.50012,True
Tactpro Consulting Private Limited,schools,General Educational School,22.99431,72.49998,True
Horizon Institute of Import and Export Management,schools,General Educational School,22.99883,72.50104,True
Academy of Certified Valuators and Analysts,schools,General Educational School,22.99507,72.50053,True
"DAV International School, Ahmedabad",schools,International School,22.9943,72.50051,True
Clinvigilant,schools,General Educational School,22.99403,72.5005,True
Study India And Abroad,schools,General Educational School,22.99897,72.50158,True
Unilink Academy,schools,General Educational School,22.9985,72.50209,True
"at-HiQ (Business Coaching, Business Consultancy and Corporate Training , Gujarat, India)",schools,Coaching & Entrance Institute,22.99736,72.50197,True
Paraliya Computer,schools,General Educational School,22.99015,72.50179,True
Edunnect Global Services,schools,General Educational School,22.99765,72.50227,True
Aaryam art academy,schools,General Educational School,22.99767,72.50324,True
R.B. Jadeja Classic,schools,General Educational School,22.98302,72.50268,True
Sarkhej Kumar School 1,schools,Secondary & High School,22.97966,72.50374,True
Authentic spoken English and computer academy,schools,General Educational School,22.98784,72.50697,True
Bebz n boiz salon n academy association with  Brio salon,schools,General Educational School,22.99441,72.50692,True
Rangoli Preschool Vejalpur,schools,Primary & Pre-School,22.98842,72.50858,True
Gulshan E Maher English Primary School,schools,Primary & Pre-School,22.98587,72.50744,True
Raj Computers Academy,schools,General Educational School,22.98892,72.51149,True
Prosper Educare Canada,schools,General Educational School,22.99263,72.51216,True
Arvabil Dream Inception,schools,College & University,22.99263,72.51216,True
Code Fly Learn To Code,schools,General Educational School,22.99302,72.51274,True
Babes N' Tots Preschool Vejalpur,schools,Primary & Pre-School,22.99872,72.51291,True
SurajShantiniketan Vidyalaya,schools,Secondary & High School,22.99872,72.51291,True
Cuemath,schools,General Educational School,22.99263,72.51242,True
Crescent School,schools,Secondary & High School,22.99026,72.51232,True
"EuroKids Pre-School at Juhapura, Best Kindergarten",schools,Primary & Pre-School,22.99028,72.51261,True
Real Commerce Classes,schools,Coaching & Entrance Institute,22.98584,72.51177,True
Royal Tuition Classes,schools,Coaching & Entrance Institute,22.97929,72.51114,True
SHRI Chimanbhai Institute,schools,General Educational School,22.97766,72.51226,True
Fathehvadi Primary School,schools,Primary & Pre-School,22.96492,72.50918,True
Aptech Aviation Academy Ahmedabad,schools,General Educational School,22.94448,72.52075,True
Skylark Computer Classes,schools,Coaching & Entrance Institute,22.98907,72.51362,True
Playway,schools,General Educational School,22.98838,72.51431,True
Brainy - Satellite,schools,General Educational School,22.98969,72.51535,True
Shama School,schools,Secondary & High School,22.98997,72.51518,True
Gul International School,schools,International School,22.98816,72.51646,True
Udgeet Music,schools,General Educational School,22.99905,72.51576,True
Shining Spiral Ahmedabad - A Waldorf inspired School,schools,Secondary & High School,22.99897,72.51628,True
Cuemath,schools,General Educational School,22.99779,72.51639,True
Acharya Academy,schools,General Educational School,22.99907,72.51715,True
Noble Academy,schools,General Educational School,22.99038,72.51675,True
NRI Primary School,schools,Primary & Pre-School,22.98648,72.51805,True
Hazrat Khwaja Shah Noor Muhammed Badshah Qadri-al-Chisti,schools,General Educational School,22.99146,72.51875,True
Gaspur Pada Primary School,schools,Primary & Pre-School,22.98648,72.52063,True
SunRise Primary School,schools,Primary & Pre-School,22.99859,72.52086,True
Farooq E Aazam Radi Primary School,schools,Primary & Pre-School,22.98612,72.52211,True
"My Play School , Ahmedabad",schools,Secondary & High School,22.98604,72.52077,True
Intellectual Marketing Academy | Best Digital Marketing Course In Ahmedabad,schools,General Educational School,22.99287,72.52401,True
Mehjabin Saiyad Beauty Care Salon and Academy,schools,General Educational School,22.99474,72.52377,True
Majestic Institute,schools,General Educational School,22.99617,72.52359,True
Axis Classes,schools,Coaching & Entrance Institute,22.99626,72.52423,True
F.D. Higher secondary School,schools,Secondary & High School,22.99862,72.52433,True
F D Primary English School,schools,Secondary & High School,22.99288,72.52532,True
Yash Primary School,schools,Primary & Pre-School,22.99843,72.5263,True
Cuemath Al burooj center,schools,General Educational School,22.9882,72.52778,True
V-Create Preschool,schools,Primary & Pre-School,22.9882,72.52778,True
Oxford Science Academy,schools,General Educational School,22.99461,72.52848,True
The National English School,schools,Secondary & High School,22.994,72.52852,True
Athene Educational institute,schools,General Educational School,22.994,72.52852,True
Alhuda English School,schools,Secondary & High School,22.994,72.52852,True
The New Age High School,schools,Secondary & High School,22.99242,72.52883,True
Al Iman Primary School,schools,Primary & Pre-School,22.9915,72.52795,True
Angel School,schools,Secondary & High School,22.99097,72.52811,True
Sanklit Nagar Primary School,schools,Primary & Pre-School,22.99646,72.52939,True
Rangoli Juhapura,schools,General Educational School,22.99442,72.53035,True
Model English Medium School,schools,Secondary & High School,22.9952,72.53107,True
Juna vanazar primary schhol,schools,General Educational School,22.94495,72.52472,True
Sharda Shikshan Tirth primary school,schools,Primary & Pre-School,22.90471,72.53571,True
Farooq E Azam Computer Institute,schools,General Educational School,22.9948,72.532,True
Classic Primary School,schools,Primary & Pre-School,22.99514,72.53335,True
AQ Tutoring,schools,Coaching & Entrance Institute,22.99269,72.53423,True
Ahem Life Care,schools,General Educational School,22.99361,72.53406,True
7th Sky Foreign Education,schools,General Educational School,22.99367,72.53393,True
Model English School - Ahmedabad,schools,Secondary & High School,22.99571,72.53535,True
Concept Hyundai Vishala Showroom,schools,College & University,22.99273,72.53522,True
Arihant Computer Education,schools,General Educational School,22.9921,72.53682,True
Affix Films Institute,schools,General Educational School,22.99293,72.53612,True
Ganesha J Salon and Academy,schools,General Educational School,22.99288,72.53615,True
H3 Preschool Vishala,schools,Primary & Pre-School,22.99291,72.53627,True
Six Lane Educational Consultants,schools,General Educational School,22.993,72.5367,True
Radiance kids play school,schools,Primary & Pre-School,22.99884,72.53703,True
Little genius_new_vasana,schools,Primary & Pre-School,22.99194,72.53774,True
Concept Hyundai,schools,College & University,22.99186,72.53805,True
English World,schools,General Educational School,22.99492,72.53968,True
HD The Professionals Salon & Academy,schools,General Educational School,22.96637,72.53861,True
Gyaspur Primary School,schools,Primary & Pre-School,22.96716,72.53732,True
Noon Institute of Islamic Studies,schools,General Educational School,22.99385,72.54258,True
Brahmani Traders,schools,General Educational School,22.99855,72.54363,True
Dhaval Sir's Academy,schools,General Educational School,22.99302,72.54424,True
Skill Stride Institute,schools,General Educational School,22.98016,72.54616,True
Dodiya Group Tuition,schools,Coaching & Entrance Institute,22.99904,72.54498,True
Little Star Child Care Centre,schools,Primary & Pre-School,22.99777,72.54819,True
Sarsavati Primary School,schools,Primary & Pre-School,22.92831,72.54358,True
Pipalj Primary School,schools,Primary & Pre-School,22.95548,72.54981,True
Satyam School,schools,Secondary & High School,22.99732,72.54943,True
CDAC Vasna,schools,General Educational School,22.99806,72.55084,True
Shiv Primary School,schools,Primary & Pre-School,22.99733,72.55151,True
Ruth Memorial School,schools,Secondary & High School,22.99588,72.55264,True
H3 Preschool Paldi,schools,Primary & Pre-School,22.99808,72.5547,True
Angel English School,schools,Secondary & High School,22.99655,72.55794,True
Gurukrupa Classes,schools,Coaching & Entrance Institute,22.95241,72.55686,True
Pipalaj Play Sater School,schools,Secondary & High School,22.95296,72.55793,True
Sajipur primary school,schools,Primary & Pre-School,22.96081,72.55904,True
Sunrise Nursery,schools,Primary & Pre-School,22.98546,72.5595,True
Abad Nursery,schools,Primary & Pre-School,22.98617,72.55928,True
Amardeep Primary and High School,schools,Secondary & High School,22.99833,72.55991,True
Indian Astronomy Club,schools,General Educational School,22.99832,72.56084,True
Ashwamegh Industrial,schools,General Educational School,22.97476,72.56136,True
"Fluent English Classes By Rounak shah,Paldi,Ahmedabad",schools,Coaching & Entrance Institute,22.99828,72.56291,True
श्री स्वामीनारायण विधाधाम - हाथीजण।,schools,General Educational School,22.95338,72.56307,True
A One Tuition and Computer Classes,schools,Coaching & Entrance Institute,22.93172,72.56507,True
Lambha Primary School,schools,Primary & Pre-School,22.93359,72.57561,True
Behrampura Municipal Saraswati Mandir,schools,General Educational School,22.99143,72.56976,True
Brighton School Gujarati Medium,schools,Secondary & High School,22.98016,72.57018,True
Shahbaz Education,schools,General Educational School,22.99852,72.57196,True
Shanti Juniors Narol Ahmedabad,schools,General Educational School,22.96258,72.5801,True
Chirag High School And Higher Secondary,schools,Secondary & High School,22.98235,72.5774,True
Alif Academy,schools,General Educational School,22.98213,72.57741,True
JBS Academy Private Limited,schools,General Educational School,22.98423,72.57628,True
Al Faruk Primary School,schools,Primary & Pre-School,22.9962,72.57676,True
Shama Institute Of Medical Sciences,schools,General Educational School,22.99437,72.57746,True
Ramesh Nursery,schools,Primary & Pre-School,22.99697,72.57775,True
Ashiya English School,schools,Secondary & High School,22.99674,72.5786,True
Success group tuition,schools,Coaching & Entrance Institute,22.99721,72.57873,True
Shantiniketan English Medium School,schools,Secondary & High School,22.99684,72.57939,True
Fly up English School,schools,Secondary & High School,22.97616,72.58021,True
"St. Mary's school, Ognaj, Ahmedabad",schools,Secondary & High School,22.97704,72.58272,True
Salman,schools,General Educational School,22.99137,72.58162,True
Lord Nilkanth English School and Jay Ambe GHS School,schools,Secondary & High School,22.99822,72.58101,True
A. B. Academy,schools,General Educational School,22.99786,72.58159,True
Brighton  School,schools,Secondary & High School,22.98778,72.58211,True
Juned sir academy,schools,General Educational School,22.9984,72.58362,True
Angelcity PreSchool,schools,Primary & Pre-School,22.99365,72.58482,True
Life line english school,schools,Secondary & High School,22.99364,72.58467,True
M.S. Public School,schools,Secondary & High School,22.99114,72.58493,True
Sudarshan Dyeing,schools,General Educational School,22.984,72.5839,True
Shahin Tuition Classes,schools,Coaching & Entrance Institute,22.98396,72.58394,True
Girikandra Trading Company,schools,General Educational School,22.974,72.58353,True
Shri Ambica Polyfill,schools,General Educational School,22.96311,72.58453,True
Cuemath,schools,General Educational School,22.95825,72.58234,True
KB Hindi School,schools,Secondary & High School,22.95347,72.58396,True
Sun English School,schools,Secondary & High School,22.95333,72.58373,True
Right Education Academy,schools,General Educational School,22.95415,72.58311,True
Pragati -The Progress Coaching Centre,schools,Coaching & Entrance Institute,22.95843,72.58293,True
Achievers Academy Official,schools,General Educational School,22.93808,72.58443,True
Gita High School,schools,Secondary & High School,22.94065,72.57838,True
Pratik Sagar Group Tuition,schools,Coaching & Entrance Institute,22.93732,72.57821,True
Shree U L Patel High School,schools,Secondary & High School,22.91004,72.59224,True
Unnati Vidhyalaya,schools,Secondary & High School,22.95515,72.58601,True
Excellent classes,schools,Coaching & Entrance Institute,22.95532,72.58766,True
V V Patel Vidhyamandir,schools,General Educational School,22.96924,72.58945,True
Green Lawns High School,schools,Secondary & High School,22.96924,72.58945,True
School of Behavioural Sciences and Forensic Investigations - SBSFI,schools,Secondary & High School,22.96873,72.58685,True
Heaven Kidz Pre School,schools,Primary & Pre-School,22.96562,72.58593,True
Kala Dance Academy,schools,General Educational School,22.9623,72.58581,True
SRI Gayatri Primary School,schools,Primary & Pre-School,22.9623,72.58581,True
Vivekanand Hindi High School,schools,Secondary & High School,22.96318,72.58552,True
Divine Public School,schools,Secondary & High School,22.9635,72.58524,True
Remica plastic machinery,schools,College & University,22.96551,72.58554,True
Star Kids Preschool,schools,Primary & Pre-School,22.99306,72.58531,True
Newton Group Tuition,schools,Coaching & Entrance Institute,22.99707,72.58531,True
Scholar Academy,schools,General Educational School,22.9947,72.58831,True
IICT Computer Education,schools,General Educational School,22.99487,72.58893,True
Pink Cloud Education Institute,schools,General Educational School,22.99471,72.58871,True
Elite Coaching Institute,schools,Coaching & Entrance Institute,22.99493,72.58865,True
The New Era High School,schools,Secondary & High School,22.9974,72.58936,True
Mahavir School - Isanpur,schools,Secondary & High School,22.98151,72.58957,True
Alishan School (Alishan Vidhyalay),schools,Secondary & High School,22.98242,72.58739,True
KM Overseas,schools,General Educational School,22.97921,72.5882,True
Cataliq Laboratories,schools,General Educational School,22.97762,72.58745,True
Shree Mahavir Madhyamik Vidyalaya,schools,Secondary & High School,22.97967,72.59009,True
Little Star Preschool,schools,Primary & Pre-School,22.98069,72.59141,True
Manappuram Finance,schools,General Educational School,22.99787,72.5899,True
Smart Champs,schools,General Educational School,22.99821,72.59218,True
Noble Academy - Ahemedabad,schools,General Educational School,22.99482,72.59246,True
St. Bosco English School,schools,Secondary & High School,22.99762,72.59333,True
Kashi Hindi Higher Secondary School,schools,Secondary & High School,22.98466,72.59202,True
Mahavir Vidhayalay High School,schools,Secondary & High School,22.98289,72.59295,True
Gill Sir's Spoken English Class in Maninagar,schools,General Educational School,22.97708,72.59293,True
Gaytri School,schools,Secondary & High School,22.96042,72.59315,True
Shri Gayatri Prathmik Shala,schools,Primary & Pre-School,22.96048,72.59184,True
Ekta Higher Secondary School,schools,Secondary & High School,22.96074,72.59181,True
DNA Academy,schools,General Educational School,22.95507,72.59096,True
Math Tuition Classes Cuemath,schools,Coaching & Entrance Institute,22.95079,72.59159,True
SBA Academy,schools,General Educational School,22.95568,72.59215,True
Udaan Institute of Information and Technology,schools,General Educational School,22.95654,72.59223,True
The Wings Accounting Academy,schools,General Educational School,22.95657,72.59222,True
Home First Finance Company ( HFFC ),schools,General Educational School,22.95621,72.59221,True
Aims Institute of Paramedical science,schools,General Educational School,22.95618,72.59219,True
CDAC Computer Center,schools,General Educational School,22.95625,72.59201,True
Rahe Public School,schools,Secondary & High School,22.95855,72.59262,True
AD Kids International Preschool,schools,International School,22.95859,72.59298,True
Divine Educational Institute,schools,General Educational School,22.95084,72.59407,True
AD Kids International Pre School,schools,International School,22.9484,72.59451,True
Hiramanek narol,schools,General Educational School,22.95013,72.59499,True
Tiny Tots Pre School,schools,Primary & Pre-School,22.94933,72.59625,True
Gen-X Academia,schools,General Educational School,22.94908,72.59737,True
Divine Life International School,schools,International School,22.9494,72.59854,True
Hira Manek School,schools,Secondary & High School,22.95283,72.59845,True
Shivaay Garba Classes,schools,Coaching & Entrance Institute,22.95288,72.59852,True
RHA Isanpur Academy,schools,General Educational School,22.97061,72.5975,True
IMAGE English School,schools,Secondary & High School,22.97138,72.59743,True
The Rising Sun Primary School,schools,Primary & Pre-School,22.97138,72.59743,True
Sheetal Saurabh Education Campus,schools,College & University,22.97138,72.59743,True
Bhrugesh Gas Service,schools,General Educational School,22.97138,72.59743,True
Colorband Dyestuff,schools,General Educational School,22.9713,72.5952,True
Concept Shell,schools,College & University,22.96309,72.59626,True
Concept Hyundai Narol Showroom,schools,College & University,22.96289,72.59559,True
Jeet Junior School,schools,Coaching & Entrance Institute,22.97226,72.59508,True
Bhoomi Motors,schools,General Educational School,22.97006,72.59442,True
Best High School,schools,Secondary & High School,22.99772,72.5953,True
Best Higher Secondary School,schools,Secondary & High School,22.99766,72.59524,True
Best School [Maninagar] is the best of Ahmedabad,schools,Secondary & High School,22.99773,72.59528,True
The Rudra Guitar Academy,schools,General Educational School,22.99632,72.59573,True
Deepam Foreign Education,schools,General Educational School,22.98781,72.59607,True
Shreeji Interio Concept,schools,College & University,22.98728,72.59685,True
Radhe Shyam Garba Classes,schools,Coaching & Entrance Institute,22.99057,72.59649,True
"Academy of Advanced Education & Expertise , Ahmedabad",schools,General Educational School,22.99218,72.59647,True
SMT. P.B.D Joshi High School,schools,Secondary & High School,22.99721,72.59674,True
Pyramid Overseas Education Consultants,schools,General Educational School,22.99374,72.5971,True
EduMETA The i-School,schools,Secondary & High School,22.99511,72.59816,True
Math Tuition Classes Cuemath,schools,Coaching & Entrance Institute,22.99035,72.59781,True
Institute for Photography & Film making - Excellence - Ahmedabad - Gujarat - IPE India.,schools,General Educational School,22.98174,72.59839,True
Manappuram Finance,schools,General Educational School,22.98301,72.5981,True
Govind Wadi School,schools,Secondary & High School,22.98288,72.59797,True
V V Patel Vidhyamandir,schools,General Educational School,22.98299,72.59797,True
Samjuba Vidya Mandir,schools,General Educational School,22.98293,72.59797,True
M.G. Diploma Degree Engineering,schools,General Educational School,22.98404,72.59733,True
S.D.College Of Commerce (school of commerce),schools,College & University,22.98328,72.59731,True
Cloudacademy,schools,General Educational School,22.98609,72.59676,True
Vatava Gujarat School 4,schools,Secondary & High School,22.97417,72.5969,True
LOTUS Overseas Education Services,schools,General Educational School,22.97437,72.59777,True
Global Edvantage Overseas Education Consultants,schools,General Educational School,22.97564,72.59918,True
E-maker Engineering Classes - Impact Education,schools,Coaching & Entrance Institute,22.97801,72.60033,True
Samarth Stationers,schools,General Educational School,22.97942,72.60026,True
NatureX Nursery,schools,Primary & Pre-School,22.97824,72.60016,True
Vedant Vidhyavihar,schools,General Educational School,22.9805,72.5999,True
Vedant International School,schools,International School,22.98065,72.60008,True
CDAC Computer Centre Isanpur,schools,General Educational School,22.98278,72.60035,True
"Admissify Ahmedabad | Study Abroad Consultant | Ielts, Toefl, Gmat, Gre Coaching",schools,Coaching & Entrance Institute,22.98311,72.60038,True
Jubilee Institute,schools,General Educational School,22.98367,72.6005,True
"Sheetalnath Turbo English Isanpur - Best Institute of Spoken English, IELTS & PTE",schools,General Educational School,22.98311,72.60052,True
Aristocratic chess academy,schools,General Educational School,22.98505,72.60003,True
Rahul Academy,schools,General Educational School,22.98359,72.60019,True
Style Salon and Academy,schools,General Educational School,22.98362,72.60011,True
D M Bhatt Group Tuition,schools,Coaching & Entrance Institute,22.98354,72.6,True
Sunries Training Academy,schools,General Educational School,22.98396,72.59998,True
vvpatelapremiumschool,schools,Secondary & High School,22.9835,72.59972,True
The ELT Spoken English and IELTS,schools,General Educational School,22.98338,72.59962,True
Om Educational By R.A.Ahuja Sir,schools,General Educational School,22.98146,72.59945,True
Maria Institute,schools,General Educational School,22.98185,72.59904,True
International Trade Link,schools,International School,22.99619,72.59952,True
Ahmedabad Academy of Martial Arts,schools,General Educational School,22.99361,72.59982,True
Smart Strategies,schools,General Educational School,22.99533,72.60022,True
UCMAS,schools,General Educational School,22.99529,72.60008,True
Dream World Dance Academy,schools,General Educational School,22.99555,72.59971,True
Vedant International PreSchool Maninagar,schools,International School,22.99843,72.59983,True
Shanti Juniors School,schools,Secondary & High School,22.99706,72.60008,True
Kidzee Maninagar Preschool & Day Care,schools,Primary & Pre-School,22.99624,72.60025,True
"FirstCry Intellitots Preschool & Daycare - Maninagar, Ahmedabad",schools,Primary & Pre-School,22.99745,72.60065,True
Harshnad International,schools,International School,22.99521,72.60059,True
Dipti Gondaliya Makeup Academy,schools,General Educational School,22.99546,72.60056,True
Smart Abacus and Mental Arithmetic Strategies,schools,General Educational School,22.99563,72.60026,True
Atha Yogshala,schools,Secondary & High School,22.99548,72.60026,True
Bang Bang Music Academy,schools,General Educational School,22.99543,72.60032,True
Calculus Maths Classes,schools,Coaching & Entrance Institute,22.9952,72.60051,True
Podar International School - Ahmedabad CBSE,schools,International School,22.99379,72.60027,True
Sardar Patel High School,schools,Secondary & High School,22.99199,72.60004,True
Shree Ambica Trading Co,schools,General Educational School,22.98865,72.60033,True
Likha Preschool,schools,Primary & Pre-School,22.98635,72.60141,True
Bhavna Raval Commerce Classes,schools,Coaching & Entrance Institute,22.98822,72.60167,True
Nelson's International School,schools,International School,22.9919,72.60124,True
Anand Niketan Play School,schools,Secondary & High School,22.99207,72.60103,True
Gyandeep Classes,schools,Coaching & Entrance Institute,22.99533,72.60118,True
Sri Sheth Hirabhai Kanya Vidyalaya,schools,Secondary & High School,22.99465,72.60095,True
Math Tuition Classes Cuemath,schools,Coaching & Entrance Institute,22.99757,72.60106,True
Gainers Academy,schools,General Educational School,22.99931,72.60135,True
Guru Darpan School,schools,Secondary & High School,22.99825,72.60192,True
Khodiyar CAD Center - Maninagar,schools,General Educational School,22.99825,72.60192,True
HorizonCore InfoSoft Private Limited,schools,General Educational School,22.995,72.60226,True
Funny bunny school,schools,Secondary & High School,22.99886,72.60221,True
Horizon English School,schools,Secondary & High School,22.99806,72.60247,True
R K Group Tution,schools,Coaching & Entrance Institute,22.9976,72.60273,True
Act Computer Education,schools,General Educational School,22.99796,72.60259,True
Shree D C Shah Primary School,schools,Primary & Pre-School,22.99841,72.60249,True
Subharti Primary School,schools,Primary & Pre-School,22.99817,72.60279,True
Speakwell English Academy,schools,General Educational School,22.99805,72.60293,True
J L High School,schools,Secondary & High School,22.99813,72.60302,True
Iict Computer Centre,schools,General Educational School,22.99754,72.60289,True
Divine Buds English School,schools,Secondary & High School,22.99081,72.60275,True
Lord Nilkanth English School,schools,Secondary & High School,22.99092,72.60263,True
JAY AMBE School,schools,Secondary & High School,22.991,72.60248,True
"Vedant Public School, Isanpur",schools,Secondary & High School,22.98641,72.60227,True
Jeet School of Winners,schools,Coaching & Entrance Institute,22.98858,72.6027,True
Kids Den,schools,Primary & Pre-School,22.98247,72.60303,True
Rainbow Junior Preschool,schools,Primary & Pre-School,22.9809,72.60234,True
EuroKids Pre-School Ahmedabad-Isanpur,schools,Primary & Pre-School,22.98588,72.60146,True
Shree Gurukul Paramedical Institute,schools,General Educational School,22.97494,72.60231,True
St. Marys English School,schools,Secondary & High School,22.97527,72.60247,True
KIDS PRE School Isanpur,schools,Primary & Pre-School,22.97528,72.60217,True
Bhavya Group Tuition,schools,Coaching & Entrance Institute,22.9741,72.60302,True
Vinny Overseas Pvt. Ltd.,schools,General Educational School,22.96177,72.60271,True
Priyanka Prajapati - Group & Personal Tuition Classes,schools,Coaching & Entrance Institute,22.9661,72.60088,True
Shashwat International School,schools,International School,22.94957,72.60009,True
Amikidszone Preschool,schools,Primary & Pre-School,22.92209,72.59916,True
Bharadwaj Classes,schools,Coaching & Entrance Institute,22.94225,72.59662,True
A-One Tuition Classes,schools,Coaching & Entrance Institute,22.93919,72.59626,True
Sopan C.G Road,schools,General Educational School,22.91792,72.59766,True
Parekh Integrated Service,schools,General Educational School,22.91786,72.59877,True
Alkab Pre-Primary,schools,General Educational School,22.95865,72.60499,True
Nandish School,schools,Secondary & High School,22.959,72.60522,True
St. Mary's School - Maninagar,schools,Secondary & High School,22.95102,72.60644,True
Sheetal Saurabh Higher Secondary School,schools,Secondary & High School,22.96628,72.60587,True
Mahir Motor Driving School,schools,Secondary & High School,22.96162,72.60649,True
PM SHRI Isanpur Public School 2,schools,Secondary & High School,22.96445,72.60692,True
Gtech Computer Education,schools,General Educational School,22.96992,72.60644,True
Durga Gas Service,schools,General Educational School,22.96937,72.60652,True
Saraswati Computer Classes,schools,Coaching & Entrance Institute,22.96964,72.60662,True
National English School,schools,Secondary & High School,22.96947,72.60686,True
Likha Pre-School,schools,Primary & Pre-School,22.97258,72.60668,True
Perfect Classes,schools,Coaching & Entrance Institute,22.97015,72.60632,True
"EuroKids New Vastral, Ahmedabad",schools,Primary & Pre-School,22.97027,72.60559,True
Indramani Hindi School,schools,Secondary & High School,22.97074,72.60567,True
Fly Up English School,schools,Secondary & High School,22.97238,72.60466,True
Jyoti School,schools,Secondary & High School,22.97286,72.60434,True
G Shadow,schools,General Educational School,22.97378,72.60334,True
Khushi Institute of Education,schools,General Educational School,22.97352,72.60348,True
Green Lawns School Isanpur,schools,Secondary & High School,22.97404,72.60339,True
Shree Muktajivan Vidyalaya,schools,Secondary & High School,22.9767,72.60312,True
Right Directions Overseas Education Consultants - Gujarat,schools,General Educational School,22.97965,72.60392,True
Anand Bal Bhawan,schools,General Educational School,22.97966,72.60491,True
CSC Bal Vidyalaya,schools,Secondary & High School,22.98314,72.60362,True
Neel Taekwondo Academy,schools,General Educational School,22.98711,72.60311,True
Aryan Institute of Commerce,schools,General Educational School,22.99181,72.60407,True
Drauna Academy,schools,General Educational School,22.99218,72.60409,True
Swargurjari School of Performing Art,schools,Secondary & High School,22.99207,72.60365,True
Mahek Institute of Chemistry,schools,General Educational School,22.99511,72.60343,True
Engineering Tuition By Angel Institute,schools,Coaching & Entrance Institute,22.99612,72.60331,True
Rao Consultants,schools,General Educational School,22.99881,72.60362,True
Mobipower Institute Of Mobile Technology,schools,General Educational School,22.99766,72.60416,True
Ahuja Career Institute,schools,Coaching & Entrance Institute,22.99752,72.60414,True
Professional IFBI Ahmedabad,schools,General Educational School,22.99752,72.60414,True
Blossom English Speaking,schools,General Educational School,22.99757,72.60402,True
Gainers Academy,schools,General Educational School,22.99654,72.60396,True
TRETĀ DERMA Skin And Hair Institute,schools,General Educational School,22.99656,72.60392,True
Book Bazaar,schools,General Educational School,22.99525,72.60399,True
Sheetal Academy Maninagar,schools,General Educational School,22.99542,72.60391,True
Brainy Abacus - Maninagar,schools,General Educational School,22.99537,72.60396,True
MBBS / MD in Philippines,schools,General Educational School,22.99536,72.60397,True
Smart Kids,schools,Primary & Pre-School,22.99536,72.60397,True
Red & White Skill Education,schools,General Educational School,22.99568,72.60386,True
Shivani K.Group Tuition SKGT,schools,Coaching & Entrance Institute,22.99537,72.60385,True
Samyak Computer classes Maninagar,schools,Coaching & Entrance Institute,22.99505,72.60388,True
Bachpan Play School Maninagar,schools,Secondary & High School,22.99505,72.60388,True
Harsha Technical Classes,schools,Coaching & Entrance Institute,22.99287,72.60392,True
Ashok M Parekh,schools,General Educational School,22.99368,72.60395,True
Musicians' Alley,schools,General Educational School,22.99299,72.60411,True
Gill SIR Overseas And Education,schools,General Educational School,22.99535,72.60429,True
Grade Academy,schools,General Educational School,22.99652,72.60428,True
Priti’s bridal studio & academy,schools,General Educational School,22.9965,72.60429,True
Iant,schools,General Educational School,22.99637,72.60428,True
Blossom Institutes & Immigration (P) Ltd,schools,General Educational School,22.9976,72.6044,True
Gills Dance Academy,schools,General Educational School,22.99752,72.60422,True
AMC MET Medical College Hostel,schools,College & University,22.9985,72.60444,True
Fashion Design Art Institute,schools,General Educational School,22.9975,72.6048,True
First Step Institute,schools,General Educational School,22.9974,72.60501,True
Shree Renuka Institute of NEET,schools,Coaching & Entrance Institute,22.99686,72.60515,True
Prakash Vidya Mandir,schools,General Educational School,22.99524,72.60526,True
Brainobrain Vedkids - Top Skill Development Class using Abacus and NLP,schools,Primary & Pre-School,22.99546,72.60484,True
Gateway Abroad,schools,General Educational School,22.99507,72.60481,True
Doon Kids School,schools,Primary & Pre-School,22.99021,72.60517,True
JG Group Tuition,schools,Coaching & Entrance Institute,22.99248,72.60424,True
Math Tuition Classes Cuemath,schools,Coaching & Entrance Institute,22.9891,72.60538,True
Firststep Preschool,schools,Primary & Pre-School,22.98985,72.60585,True
Lalita Green Lawns School,schools,Secondary & High School,22.99157,72.60551,True
Muthoot FinCorp Gold Loan,schools,General Educational School,22.99726,72.60538,True
Sikkim Manipal University,schools,College & University,22.997,72.60608,True
Futureacademy452,schools,General Educational School,22.99742,72.60618,True
Lampros Kids Maninagar,schools,Primary & Pre-School,22.9945,72.60614,True
Madhavi's British Academy,schools,International School,22.99497,72.60616,True
Shri Durga Higher Secondary School,schools,Secondary & High School,22.99575,72.60662,True
Nursify Institute,schools,General Educational School,22.99562,72.60668,True
Sarkar Academy of Dance and Fitness,schools,General Educational School,22.99712,72.6066,True
Veda Commerce Classes,schools,Coaching & Entrance Institute,22.99709,72.60659,True
Future Path,schools,General Educational School,22.99733,72.60663,True
CVAM Engineering Diploma Classes,schools,Coaching & Entrance Institute,22.99734,72.60661,True
DPS Preschool Maninagar,schools,Primary & Pre-School,22.99619,72.60721,True
Dooon Public School,schools,Secondary & High School,22.99459,72.60716,True
Jay Hind Highschool,schools,Secondary & High School,22.99387,72.60719,True
Doon International Public School,schools,International School,22.9943,72.60735,True
Maninsgar Tennis Academy,schools,General Educational School,22.99146,72.60696,True
Engineers Academy,schools,General Educational School,22.98701,72.6067,True
Vedant International School,schools,International School,22.98804,72.60709,True
Dev_bridal_studio_academy,schools,General Educational School,22.98327,72.60635,True
Foreign Future Education,schools,General Educational School,22.98419,72.60559,True
KD Garden Restaurant,schools,General Educational School,22.97762,72.60537,True
RIMS Nursing Academy,schools,General Educational School,22.97372,72.60537,True
CFMID - Centre for Multiple Intelligence And Dermatoglyphics Limited,schools,General Educational School,22.97519,72.60629,True
Sacred flower school,schools,Secondary & High School,22.97522,72.60636,True
MM Academy,schools,General Educational School,22.97442,72.60746,True
Paradise International Pre-School,schools,International School,22.97489,72.60805,True
New Meghdoot Vidhyavihar Ahmedabad,schools,General Educational School,22.97682,72.60954,True
ÑES Isanpur 《National Ënglish School》,schools,Secondary & High School,22.97663,72.60958,True
Feather Institute of Fashion Design,schools,General Educational School,22.97796,72.60896,True
talent education academy,schools,General Educational School,22.98057,72.60868,True
Unnati education academy,schools,General Educational School,22.99244,72.60851,True
Physics Wallah Vidyapeeth Coaching Center Maninagar | Foundation Classes,schools,College & University,22.99442,72.60759,True
Maninagar Government Primary School,schools,Primary & Pre-School,22.99472,72.60801,True
"Gyandeep Classes, Maninagar",schools,Coaching & Entrance Institute,22.99528,72.60806,True
Cuticle The Nail Studio and Academy,schools,General Educational School,22.99554,72.60807,True
Digital Marketing Training Institute,schools,General Educational School,22.99529,72.60783,True
Maninagar Gujarati Shala No 1,schools,Secondary & High School,22.99475,72.60777,True
The Hair Matters Salon & Academy,schools,General Educational School,22.99864,72.60806,True
"Shree Saraswati Mandir School (Maninagar,A'bad.",schools,Secondary & High School,22.99617,72.60798,True
H and B Computer Education,schools,General Educational School,22.99768,72.60833,True
Mariya Classes,schools,Coaching & Entrance Institute,22.99757,72.60815,True
"Navkar Institute - Best CA, CS, CPA, CMA, CFA, ACCA Coaching Classes",schools,Coaching & Entrance Institute,22.999,72.60821,True
Career Academy,schools,Coaching & Entrance Institute,22.99743,72.60844,True
V J TRAINING CENTRE | Tally Training Institutes in Maninagar,schools,General Educational School,22.99533,72.60841,True
V J Training Centre,schools,General Educational School,22.99533,72.60845,True
Sardar Patel Museum Shahibaug,schools,General Educational School,22.99605,72.60829,True
Ved Kids Academy,schools,Primary & Pre-School,22.99283,72.60888,True
Dynamic Education Consultants,schools,General Educational School,22.99489,72.60904,True
Gokul  Raas Garba  Classes,schools,Coaching & Entrance Institute,22.99731,72.60914,True
Computer Education And Cybernetic,schools,General Educational School,22.99774,72.60961,True
Star Group Tuition,schools,Coaching & Entrance Institute,22.9956,72.60971,True
Kum Kum Vidyalaya,schools,Secondary & High School,22.98875,72.60926,True
Divine Buds School,schools,Secondary & High School,22.98848,72.60945,True
Kum Kum Higher Secondary English Medium,schools,Secondary & High School,22.98886,72.60966,True
GNC School,schools,Secondary & High School,22.98966,72.61087,True
Edunovaicse,schools,Secondary & High School,22.9952,72.61032,True
Amc Dental college and hospital,schools,College & University,22.99533,72.60996,True
Dhvani School Of Music,schools,Secondary & High School,22.99546,72.60983,True
4you hair skin makeup beauty saloon & Academy,schools,General Educational School,22.99603,72.60981,True
Jetking Maninagar Learning Centre,schools,General Educational School,22.99807,72.61029,True
National Institute of Finance and Account,schools,General Educational School,22.99818,72.61059,True
Muthoot Finance Gold Loan,schools,General Educational School,22.99833,72.6107,True
Aadhar Housing Finance Limited,schools,General Educational School,22.99765,72.61087,True
Frankfinn Institute of Air Hostess Training,schools,General Educational School,22.99771,72.61076,True
Monark Academy,schools,General Educational School,22.99551,72.61048,True
SIGMA Tutorials PVT. LTD.,schools,Coaching & Entrance Institute,22.99301,72.61125,True
Shree Swaminarayan High School,schools,Secondary & High School,22.99506,72.61141,True
SEVA Academy,schools,General Educational School,22.99536,72.61094,True
Hebron Higher Secondary School,schools,Secondary & High School,22.99726,72.61093,True
Shri Durga School,schools,Secondary & High School,22.99852,72.61131,True
Manthan,schools,General Educational School,22.99852,72.61131,True
Little Winx Preschool,schools,Primary & Pre-School,22.99852,72.61131,True
Ascent classes,schools,Coaching & Entrance Institute,22.99834,72.61122,True
Sahjanand Metro English,schools,General Educational School,22.99928,72.61161,True
Shree Swaminarayan Gadi International Techno School,schools,International School,22.99508,72.61163,True
Gyanada Group Tuition,schools,Coaching & Entrance Institute,22.99158,72.61113,True
Gurunanak and Chandraketu Primary and Secondary School,schools,Secondary & High School,22.98974,72.61128,True
Wizkids Playgroup and Nursery,schools,Primary & Pre-School,22.98888,72.61095,True
B V D High School Muktjivan Ghodasar,schools,Secondary & High School,22.98677,72.61118,True
Shree Commerce Classes,schools,Coaching & Entrance Institute,22.98609,72.6115,True
B.V.D High School,schools,Secondary & High School,22.98218,72.61163,True
CT Star Dance Studio,schools,General Educational School,22.98343,72.611,True
Ken's Cave,schools,General Educational School,22.98303,72.61122,True
Friends High School,schools,Secondary & High School,22.98373,72.61016,True
Oak Tree School,schools,Secondary & High School,22.97893,72.61078,True
Jyoti Vidyalay,schools,General Educational School,22.97904,72.61019,True
Isanpur Vyayam School,schools,Secondary & High School,22.97526,72.61042,True
Harshnad International Pvt. Ltd.,schools,International School,22.97471,72.61123,True
Gurukul Classes - Edukulam,schools,Coaching & Entrance Institute,22.97503,72.61104,True
Fit bulls gym,schools,General Educational School,22.97834,72.61093,True
Shito-ryu Karate Academy of India,schools,General Educational School,22.97847,72.61136,True
Allied institute,schools,General Educational School,22.97826,72.61156,True
Krishna Institute of technology,schools,College & University,22.97404,72.6117,True
Mahi group tuitions,schools,Coaching & Entrance Institute,22.97404,72.6117,True
Smart Dance & Drawing Academy,schools,General Educational School,22.97431,72.61165,True
Aakash Motor Driving School,schools,Coaching & Entrance Institute,22.97477,72.61156,True
Cricstar Academy,schools,General Educational School,22.97321,72.61171,True
Tajgi Vidhyalay,schools,General Educational School,22.96996,72.61142,True
Blessing English School,schools,Secondary & High School,22.96175,72.61064,True
Knowledge Group Tuition,schools,Coaching & Entrance Institute,22.96281,72.61056,True
PSFC Football Academy,schools,General Educational School,22.96965,72.61078,True
Akshar Juniors GHODASAR,schools,General Educational School,22.97044,72.60938,True
"Study Hut - ""A Reading Library""",schools,General Educational School,22.97129,72.6097,True
Wonder Juniors,schools,General Educational School,22.96927,72.60866,True
Rangoli School,schools,Secondary & High School,22.97039,72.6092,True
Little Bird English School,schools,Primary & Pre-School,22.96797,72.60779,True
Hi Tech Computer Academy Narol,schools,General Educational School,22.95998,72.61081,True
Shree Gayatri Primary School,schools,Primary & Pre-School,22.95585,72.61165,True
Vatva Hindi School No-1,schools,Secondary & High School,22.9533,72.61294,True
M.K Tuition,schools,Coaching & Entrance Institute,22.95789,72.61225,True
Metro Professional Hair academy,schools,General Educational School,22.95403,72.6126,True
Ashish Vidhyalaya,schools,Secondary & High School,22.95387,72.61283,True
Kutir Vidhyalay,schools,General Educational School,22.9522,72.6133,True
Genius Education Academy,schools,General Educational School,22.94794,72.61364,True
Vishal High School,schools,Secondary & High School,22.95641,72.61473,True
Swa Gangaba Primary School,schools,Primary & Pre-School,22.96869,72.61588,True
P. D. Pandya Education Campus,schools,College & University,22.968,72.61574,True
Hi Tech Computer Centre,schools,General Educational School,22.96798,72.61627,True
Monal English School,schools,Secondary & High School,22.97126,72.61499,True
Bright Academy,schools,General Educational School,22.97151,72.61526,True
Ha Pandya English School,schools,Secondary & High School,22.96956,72.61534,True
Jamia Qadaria Zia Ul Banat,schools,General Educational School,22.96072,72.61403,True
Asmi School,schools,Secondary & High School,22.96391,72.61261,True
Sarthak Group Tuition,schools,Coaching & Entrance Institute,22.96945,72.61267,True
Rays cricket club and Academy,schools,General Educational School,22.97256,72.61295,True
Shanti Sanskar Ghodasar,schools,General Educational School,22.97468,72.61243,True
Sanskar Conment School,schools,Secondary & High School,22.97845,72.61233,True
Cadila Health Care & Zydus Pharma,schools,General Educational School,22.97975,72.61352,True
"Government Primary School, Sec 20,gandhinagar",schools,Primary & Pre-School,22.97946,72.61319,True
Moon Stars Play Group,schools,Primary & Pre-School,22.98331,72.61397,True
Nice Beauty Salon and Academy,schools,General Educational School,22.98535,72.61367,True
Muktijivan vidhyamandir,schools,General Educational School,22.98334,72.61334,True
Aradhana School,schools,Secondary & High School,22.9873,72.61256,True
Gill Sir,schools,General Educational School,22.99111,72.61239,True
Sail to MDS Dental Academy,schools,General Educational School,22.99162,72.61208,True
Manthan Classes by Sushma Teacher,schools,Coaching & Entrance Institute,22.99151,72.61214,True
Gill Sir Overseas and Education Pvt. Ltd.,schools,General Educational School,22.99157,72.61209,True
Ieec Overseas Education Consultant Ahmedabad,schools,General Educational School,22.99469,72.61242,True
Pt Education,schools,General Educational School,22.99467,72.6124,True
Lakshya Academy,schools,General Educational School,22.99591,72.61222,True
Hebron School Maninagar Ahmedabad Gujarat,schools,Secondary & High School,22.99868,72.61204,True
Seventh Day Adventist Primary School,schools,Primary & Pre-School,22.99849,72.61245,True
Mount Litera Zee School Bardoli,schools,Secondary & High School,22.99621,72.61253,True
Sun Pathology Laboratory and Research Institute,schools,General Educational School,22.99498,72.61261,True
The Hebron Creche Centre Pre Primary School,schools,Primary & Pre-School,22.99618,72.61411,True
Music Centre,schools,General Educational School,22.99663,72.61417,True
Blue Wings Motor Driving School,schools,Secondary & High School,22.99097,72.61345,True
Smart Academy,schools,General Educational School,22.98661,72.61429,True
Plus Minus Career Institute,schools,Coaching & Entrance Institute,22.98756,72.61506,True
Guru Nanak & C Ketu Pancy School,schools,Secondary & High School,22.99021,72.61463,True
MS School,schools,Secondary & High School,22.98983,72.61457,True
A C Vidhyavihar School,schools,Secondary & High School,22.9903,72.61458,True
Music Maniac Academy,schools,General Educational School,22.99484,72.61432,True
Hilton Family Saloon and Classes,schools,Coaching & Entrance Institute,22.99501,72.61432,True
International Institute of Import & Export Management,schools,International School,22.99821,72.61515,True
Aerostar Jet Training,schools,General Educational School,22.99602,72.61507,True
Doon School of Achievers,schools,Secondary & High School,22.99502,72.61497,True
Bliss Higher Secondary School,schools,Secondary & High School,22.99527,72.615,True
Wisdom English Medium School,schools,Secondary & High School,22.99803,72.61559,True
Vihar Primary School,schools,Primary & Pre-School,22.9905,72.61578,True
Sri Swaminarayan Vidya Mandir,schools,General Educational School,22.98259,72.61507,True
Jiviba Balmandir Prathmik School,schools,Primary & Pre-School,22.97658,72.61485,True
Sagar Group of Education,schools,General Educational School,22.97543,72.61528,True
Nirmal S.S Academy,schools,College & University,22.97589,72.61633,True
Unique Group Tuition,schools,Coaching & Entrance Institute,22.97631,72.61699,True
Luminous Minds Activity Centre,schools,General Educational School,22.98918,72.61677,True
Shivang Institute,schools,General Educational School,22.99571,72.61736,True
Diocesan Career Centre,schools,Coaching & Entrance Institute,22.9945,72.61729,True
Alt Training College Foundation,schools,College & University,22.99583,72.6179,True
Shri Ram Krishna Vidyalay,schools,General Educational School,22.99459,72.61775,True
Municipal School No. 11 and 12,schools,Secondary & High School,22.99153,72.61835,True
Mahalaxmi Stationery,schools,General Educational School,22.99115,72.61797,True
St Lawrence Public School,schools,Secondary & High School,22.98854,72.61831,True
Seventh Day Adventist Higher Secondary School,schools,Secondary & High School,22.99,72.61977,True
Sevanth Day English School,schools,Secondary & High School,22.99013,72.61902,True
The Learning Nest Pre School,schools,Primary & Pre-School,22.9898,72.61881,True
Prarthana Nursing And Paramedical Institute,schools,General Educational School,22.9944,72.61877,True
Jay Somnath Higher Secondary School,schools,Secondary & High School,22.99618,72.62043,True
Seventh Day Adventist School Iswerkrupa,schools,Secondary & High School,22.98983,72.61991,True
Jay Javan Army,schools,General Educational School,22.98642,72.62071,True
Kala English Medium School,schools,Secondary & High School,22.98441,72.6207,True
Jay Javan Purva Army Training Center,schools,General Educational School,22.98077,72.61988,True
Jashodanagar Public School,schools,Secondary & High School,22.98568,72.62022,True
Shreeji overseas Visa Consultancy Usmanpura,schools,General Educational School,22.98234,72.61983,True
Jay Bharat Primary School,schools,Primary & Pre-School,22.97912,72.61965,True
A.C.Vidyavihar - S. S.V.School,schools,Secondary & High School,22.97531,72.61881,True
Little Talent School,schools,Primary & Pre-School,22.97761,72.62051,True
Soft-Tech Computer Education,schools,General Educational School,22.97733,72.62072,True
Maninagar site,schools,General Educational School,22.97692,72.62096,True
P.F. high school,schools,Secondary & High School,22.97647,72.62056,True
Hina Vora Primary School,schools,Primary & Pre-School,22.97294,72.62008,True
"Bachpan A Play School, Ghodasar, Ahmedabad",schools,Secondary & High School,22.96281,72.6203,True
Guys & Gals Unisex Salon And Academy,schools,General Educational School,22.96583,72.6199,True
Sonal Pre Primary School,schools,Primary & Pre-School,22.96288,72.61971,True
Ashirwad School,schools,Secondary & High School,22.96856,72.61925,True
The Smart Kidz Preschool,schools,Primary & Pre-School,22.97099,72.61839,True
Krishna Institute of Technology,schools,College & University,22.97118,72.61715,True
Amba Gums & Feeds Products,schools,General Educational School,22.95931,72.61697,True
"Nutan Vidhyalaya High School, Vatva",schools,Secondary & High School,22.95102,72.61713,True
AIM International School,schools,International School,22.95253,72.6182,True
Karma Taekwondo Academy,schools,General Educational School,22.9513,72.61856,True
Satsang Classes & Group Tution,schools,Coaching & Entrance Institute,22.949,72.61947,True
Jay Organics,schools,General Educational School,22.94849,72.62045,True
Madhav Public School,schools,Secondary & High School,22.93391,72.6179,True
Riddhi Primary School,schools,Primary & Pre-School,22.94697,72.61236,True
Nava Vatva Primary School,schools,Primary & Pre-School,22.94044,72.61396,True
Sundar Vidya Vihar School,schools,Secondary & High School,22.94583,72.62391,True
Laxmi Pharma Equipment,schools,General Educational School,22.94388,72.62211,True
MN Vidhyalay,schools,General Educational School,22.95395,72.62219,True
Angel school vatva,schools,Secondary & High School,22.95317,72.62511,True
Stuti Primary English School,schools,Secondary & High School,22.95259,72.62471,True
Yogesh Rathod Group Tuition,schools,Coaching & Entrance Institute,22.95232,72.62459,True
The Lotus High School,schools,Secondary & High School,22.9539,72.62453,True
Vatva Gujarati Saraswati Vidhya Mandir School,schools,Secondary & High School,22.96426,72.62467,True
Nyasha Academy,schools,General Educational School,22.9711,72.62349,True
Raja Ram Vidyalaya,schools,Secondary & High School,22.96321,72.62283,True
The Precious PRE School,schools,Primary & Pre-School,22.97739,72.62179,True
Math Tuition Classes Cuemath,schools,Coaching & Entrance Institute,22.98626,72.62158,True
Extra Education,schools,General Educational School,22.99502,72.62149,True
Shiv Motor Driving School,schools,Secondary & High School,22.99917,72.6218,True
Kidzee Maninagar East,schools,General Educational School,22.99732,72.62289,True
Smartcom Group Tuition,schools,Coaching & Entrance Institute,22.9981,72.62359,True
"J. P. International School, Maninagar, Ahmedabad",schools,International School,22.9986,72.62375,True
New Krina Technical Institute | CNC VMC Training Center  | CAD CAM Training Institute,schools,General Educational School,22.98227,72.625,True
Daan Consultants,schools,General Educational School,22.98345,72.62463,True
SmartKidz Jasoda Nagar,schools,General Educational School,22.9829,72.62433,True
Sweet Home English school,schools,Secondary & High School,22.97497,72.6248,True
Upadhyay Vidhya Vihar School,schools,Secondary & High School,22.97472,72.62492,True
Vedh Colours Pvt Ltd,schools,General Educational School,22.97388,72.6251,True
Manan Auto Link Bajaj Re Service Stn,schools,General Educational School,22.98229,72.62767,True
Nandkishor Nursery and Farm,schools,Primary & Pre-School,22.98266,72.62597,True
Nutan Primary School,schools,Primary & Pre-School,22.99283,72.62586,True
KV Nagar Primary School,schools,Primary & Pre-School,22.99573,72.62582,True
Shrimati K V Nagar Pri Gujarati Medium School,schools,Secondary & High School,22.99554,72.62568,True
Pinu Computer Institute,schools,General Educational School,22.98855,72.62868,True
Udgam Vidhyalay,schools,Secondary & High School,22.99096,72.62814,True
Om Muruga English School,schools,Secondary & High School,22.99608,72.62774,True
Karnavati English School,schools,Secondary & High School,22.99497,72.62923,True
Saint Sai Preschool,schools,Primary & Pre-School,22.99506,72.62899,True
Wings Education,schools,General Educational School,22.999,72.62944,True
FOCUS Engineering Institute,schools,General Educational School,22.999,72.62944,True
Gurukrupa English Medium School,schools,Secondary & High School,22.999,72.62944,True
Divine Computer Education,schools,General Educational School,22.99892,72.62982,True
Supreme Public School,schools,Secondary & High School,22.99786,72.62987,True
Rashtra Bharti Vidya Mandir,schools,General Educational School,22.99374,72.62948,True
The Mother English School,schools,Secondary & High School,22.99167,72.62905,True
"AGRO GUMS - Guar Gum Powder, Cassia Gum Powder",schools,General Educational School,22.97366,72.62876,True
Indichem,schools,General Educational School,22.97088,72.62953,True
Bright Dyes and Intermediates,schools,General Educational School,22.96893,72.62841,True
Delhiwala Haribhai and Co,schools,General Educational School,22.95768,72.62651,True
"Kanidha Mahila Gruh Udhyog - Khakhra Manufacturers, Suppliers, Exporters, Homemade Chocolate, India",schools,College & University,22.95764,72.62611,True
OM International School,schools,International School,22.95739,72.62588,True
Deserve Dance Academy,schools,General Educational School,22.9575,72.62588,True
A J Patel Institute,schools,General Educational School,22.95873,72.62968,True
Lord Krishna International School,schools,International School,22.95027,72.63013,True
Tulip International School-Vatva,schools,International School,22.95014,72.63013,True
Golden High School,schools,Secondary & High School,22.95014,72.63054,True
Crystal foundry Fluxes pvt ltd,schools,General Educational School,22.96279,72.63247,True
Palak Enterprise,schools,General Educational School,22.96512,72.63083,True
Origin Education,schools,General Educational School,22.971,72.63002,True
Saga Laboratories,schools,General Educational School,22.97772,72.63085,True
Apex Lubricants Pvt. Ltd.,schools,General Educational School,22.97745,72.63081,True
Pooja College,schools,College & University,22.98877,72.6308,True
Umiya College of Education,schools,College & University,22.9887,72.63056,True
Pooja Vidyalaya High School,schools,Secondary & High School,22.98869,72.63054,True
Aaradhya Classes,schools,Coaching & Entrance Institute,22.99121,72.63215,True
Kalorex Pre School,schools,Primary & Pre-School,22.98716,72.63148,True
Shree Ram Computer Education,schools,General Educational School,22.99257,72.63226,True
Aanand Institute of Education.,schools,General Educational School,22.99338,72.63334,True
Unique Academy,schools,General Educational School,22.99231,72.63417,True
Gurukupa High School,schools,Secondary & High School,22.99141,72.63417,True
Gurukrupa Vidyalay,schools,General Educational School,22.99152,72.63398,True
Imagine Institute of English Speaking,schools,General Educational School,22.99232,72.63407,True
Kidzee - Amraiwadi,schools,General Educational School,22.99217,72.63399,True
Best Computer Education and English Speaking,schools,General Educational School,22.99205,72.63392,True
Your'S Maths Academy - Ctm Ahmedabad,schools,General Educational School,22.98942,72.63373,True
H3 Preschool Vaishnodevi Circle,schools,Primary & Pre-School,22.97473,72.63311,True
Central Institute of Plastics Engineering and Technology,schools,General Educational School,22.97681,72.63614,True
Devidson School,schools,Secondary & High School,22.98449,72.63632,True
Little Millennium,schools,Primary & Pre-School,22.98542,72.63492,True
Honey Kids Preschool,schools,Primary & Pre-School,22.98959,72.63546,True
Navrachna Sankool,schools,General Educational School,22.99343,72.63498,True
Sharda Vidya Mandir,schools,General Educational School,22.99906,72.63479,True
Om Shanti Higher Secondary School,schools,Secondary & High School,22.99325,72.63532,True
Bright English School,schools,Secondary & High School,22.9933,72.63548,True
"Shreenand Duplex Opp Jeevandeep School,c.t.m",schools,Coaching & Entrance Institute,22.9888,72.63601,True
Good Shepherd Higher Secondary School,schools,Secondary & High School,22.98819,72.63574,True
Amrin higher secondary school,schools,Secondary & High School,22.9814,72.63684,True
Vidhya sarita school,schools,Secondary & High School,22.9814,72.63684,True
Cipet Ahemdabad,schools,General Educational School,22.97688,72.63675,True
Bharat Color Chem,schools,General Educational School,22.96449,72.6374,True
Vim Dye Chem Pvt Ltd,schools,General Educational School,22.96899,72.63601,True
Yash Chemex Inc,schools,General Educational School,22.95128,72.63572,True
S Cure Ampoules And Vials,schools,General Educational School,22.94958,72.63692,True
Maurya Pigments,schools,General Educational School,22.94579,72.63756,True
"RPS school , Ropada",schools,Secondary & High School,22.92598,72.63848,True
"Rps Pragna School, Activities",schools,Secondary & High School,22.92598,72.63848,True
Ultimate Group Academy,schools,General Educational School,22.9376,72.63629,True
B.A. Engineering,schools,General Educational School,22.9376,72.63629,True
Anand Primary School,schools,Primary & Pre-School,22.94407,72.64567,True
Saraswati Vidyalaya,schools,Secondary & High School,22.94391,72.64548,True
Shree Shyama Chem International,schools,International School,22.95966,72.64025,True
Starco Arochem Pvt. Ltd.,schools,General Educational School,22.96406,72.64229,True
Palak Enterprise,schools,General Educational School,22.96842,72.64227,True
Ami Pigments Pvt. Ltd.,schools,General Educational School,22.98074,72.63936,True
Gayatri Group Tuition,schools,Coaching & Entrance Institute,22.98992,72.63982,True
Narmada School,schools,Secondary & High School,22.9931,72.63939,True
My Chhota School New Maninagar,schools,Secondary & High School,22.99072,72.64201,True
A.V. Patel Highschool,schools,Secondary & High School,22.99412,72.64121,True
Shri Shiv Vidya School,schools,Secondary & High School,22.99488,72.64142,True
The EduClinics,schools,General Educational School,22.98376,72.64297,True
Math Tuition Classes Cuemath,schools,Coaching & Entrance Institute,22.9835,72.64185,True
Spring Flowers School,schools,Secondary & High School,22.9815,72.64171,True
Centralinst Ofplasticseng And Tech,schools,Secondary & High School,22.9741,72.64319,True
Parth Engineers & Consultant,schools,General Educational School,22.97402,72.64401,True
MD Motor Driving School,schools,Secondary & High School,22.97933,72.64536,True
Bright Juniors,schools,General Educational School,22.98056,72.64506,True
eduMETA THE i-SCHOOL Preschool New Maninagar(ramol) Ahmedabad,schools,Primary & Pre-School,22.98225,72.64375,True
Achievercare Paramedical Nursing Institute,schools,General Educational School,22.98885,72.64366,True
LearningX - Academy,schools,General Educational School,22.98857,72.64422,True
Shardaba Higher Secondary School,schools,Secondary & High School,22.99794,72.64588,True
Aashika Beauty Care Academy and Laser Center,schools,General Educational School,22.99712,72.6464,True
Rose English School,schools,Secondary & High School,22.99917,72.64657,True
Talent Pre School,schools,Primary & Pre-School,22.99911,72.64774,True
Unitedians Kids,schools,Primary & Pre-School,22.99869,72.64772,True
Career Point Tuition Classes,schools,Coaching & Entrance Institute,22.98576,72.64606,True
GuarGum.Biz,schools,General Educational School,22.96028,72.64776,True
Amgeen Minerals,schools,General Educational School,22.96236,72.64704,True
Trio Lifescience Pvt Ltd,schools,General Educational School,22.96075,72.64667,True
CSIR Central Leather Research Institute,schools,General Educational School,22.96824,72.64617,True
Aditya Color Chem,schools,General Educational School,22.9703,72.64624,True
UCMAS,schools,General Educational School,22.97322,72.6447,True
Indo Colchem Limited,schools,General Educational School,22.96153,72.64389,True
Jay Organics,schools,General Educational School,22.96557,72.64473,True
Sweta Rubber,schools,General Educational School,22.95863,72.64882,True
Kautilya International School,schools,International School,22.95391,72.64875,True
CIPET,schools,General Educational School,22.96806,72.65197,True
Hydro Jet Energy,schools,General Educational School,22.99878,72.64792,True
Topper Career Academy,schools,Coaching & Entrance Institute,22.99879,72.64793,True
John Milton English School,schools,Secondary & High School,22.99869,72.6481,True
Shri Kashi Vidya Vihar Hindi Higher Secondary Vidyalaya,schools,Secondary & High School,22.99852,72.64835,True
Nrityashree Dance Academy. By:- Komal Patel,schools,General Educational School,22.99432,72.64957,True
CN Computer Education,schools,General Educational School,22.99433,72.65086,True
Sunshiksha Academy,schools,General Educational School,22.99408,72.65171,True
Career Point Ramol,schools,Coaching & Entrance Institute,22.98584,72.65056,True
Twinkle Bell Pre School,schools,Primary & Pre-School,22.99579,72.65245,True
Lotus English Medium School Vastral Ahmedabad,schools,Secondary & High School,22.99579,72.65245,True
Karm Education,schools,General Educational School,22.99622,72.65282,True
Eklavya School,schools,Secondary & High School,22.99405,72.65557,True
Brilliant Academy,schools,General Educational School,22.99707,72.65601,True
Holy Child School,schools,Secondary & High School,22.99759,72.65652,True
Baby Kids Preschool,schools,Primary & Pre-School,22.99432,72.65684,True
Bhagwati School,schools,Secondary & High School,22.96194,72.65248,True
Avlast Hydrocolloids,schools,General Educational School,22.95944,72.65444,True
P.F. High School,schools,Secondary & High School,22.95349,72.6539,True
Darshika Academy English Speaking Class,schools,General Educational School,22.95743,72.65555,True
Saraswati Classes,schools,Coaching & Entrance Institute,22.95742,72.65553,True
International Education and Research Journal,schools,International School,22.95743,72.65553,True
Mumbai Juniors Pre School,schools,Primary & Pre-School,22.95495,72.65533,True
Karnavati Enterprise,schools,General Educational School,22.95825,72.65574,True
Anvikshiki Vedam Preschools,schools,Primary & Pre-School,22.95762,72.65635,True
Jalaram Computer Classes,schools,Coaching & Entrance Institute,22.95687,72.65671,True
Sarswati Vidhyalaya,schools,Secondary & High School,22.94669,72.64892,True
Swastik Pre School,schools,Primary & Pre-School,22.92953,72.66236,True
M. S. Smart Kids,schools,Primary & Pre-School,22.92788,72.66341,True
BHAGWATI VIDHYALAY Hindi Medium,schools,General Educational School,22.92739,72.65822,True
Junior Marvels PreSchool Hathijan,schools,Primary & Pre-School,22.9534,72.66013,True
Jack n Jeel preschool,schools,Primary & Pre-School,22.95697,72.65995,True
Alpha Study Zone,schools,General Educational School,22.95697,72.65995,True
DS EDU Institute,schools,General Educational School,22.99235,72.65726,True
Arpan Vidhya Sankul,schools,General Educational School,22.99817,72.65701,True
Arpan School,schools,Secondary & High School,22.99805,72.65721,True
Swastik Kidz The Preschool,schools,Primary & Pre-School,22.99874,72.65724,True
New Thomas English Medium School,schools,Secondary & High School,22.99599,72.65917,True
Sun Pathology Laboratory and Research Institute - Best Pathology Lab in Vastral,schools,General Educational School,22.99892,72.65974,True
Kadam Kids Pre School,schools,Primary & Pre-School,22.99919,72.66057,True
Tejendra Eng School,schools,Secondary & High School,22.99913,72.66073,True
Rajivnagar Primary School,schools,Primary & Pre-School,22.98475,72.66031,True
Juli Bridal Studio and Academy,schools,General Educational School,22.99239,72.66213,True
Crystal International Public School,schools,International School,22.99077,72.66175,True
"Universal Kids School - The Best preschool in Vastral, Ahmedabad",schools,Primary & Pre-School,22.99379,72.66166,True
Pravin Vidhyavihar,schools,General Educational School,22.99892,72.66165,True
Gujarat Computer Training Institute,schools,General Educational School,22.99296,72.66288,True
Hello Kids - Vastral,schools,Primary & Pre-School,22.99909,72.66254,True
H3 Preschool,schools,Primary & Pre-School,22.99792,72.66345,True
Podar International School - Vastral,schools,International School,22.99741,72.66351,True
Svayambhu Institute of Nursing,schools,General Educational School,22.99553,72.66508,True
Early Bud Smart Pre School,schools,Primary & Pre-School,22.99633,72.66543,True
Garba Classes,schools,Coaching & Entrance Institute,22.99875,72.66533,True
Podar International School - Vastral,schools,International School,22.9906,72.66568,True
Ahmedabad Homoeopathic Study Circle,schools,General Educational School,22.99183,72.6653,True
Smt  S M Shah Pharmacy College  Officials,schools,College & University,22.95137,72.66273,True
Anand Niketan Maninagar,schools,Secondary & High School,22.94787,72.66445,True
Euro Kids,schools,Primary & Pre-School,22.97256,72.66982,True
Tradelink Prime Institute,schools,General Educational School,22.99874,72.66582,True
Tortoise Export Import Institute,schools,General Educational School,22.99924,72.66582,True
Arpan international school,schools,International School,22.99744,72.66626,True
EduGyaan Academy,schools,General Educational School,22.99613,72.66615,True
Blessing Computer Institute,schools,General Educational School,22.9888,72.66695,True
KidZee Vastral,schools,General Educational School,22.9888,72.66695,True
UCMAS,schools,General Educational School,22.99762,72.66958,True
Prerna Higher Secondary School,schools,Secondary & High School,22.99583,72.67083,True
Vastralagam Marathi Primary School,schools,Primary & Pre-School,22.99578,72.67276,True
Talent India International School,schools,International School,22.98246,72.67429,True
Shri Swaminarayan Vidyadham School,schools,Secondary & High School,22.94631,72.6686,True
Swaminarayan Vidhyadham,schools,General Educational School,22.94635,72.66808,True
SIPS English School_Hathijan,schools,Secondary & High School,22.94638,72.66779,True
Pharma Product,schools,General Educational School,22.94348,72.66761,True
Anand Niketan School Maninagar Campus,schools,College & University,22.9321,72.67886,True
Bibipura Primry School,schools,Secondary & High School,22.96568,72.67974,True
Bibipura Primary School,schools,Primary & Pre-School,22.96705,72.69234,True
Karm Nursing College,schools,College & University,22.91792,72.68555,True
Rangoli Preschool Shela,schools,Primary & Pre-School,23.01093,72.4554,True
Neon Sports Academy,schools,General Educational School,23.01077,72.45858,True
DPS - Delhi Public School,schools,Secondary & High School,23.01306,72.44493,True
"IDP School, South Bopal",schools,Secondary & High School,23.01327,72.46641,True
Cuemath,schools,General Educational School,23.01348,72.49575,True
Kaivalya Yoga Shala Prahalad Nagar,schools,Secondary & High School,23.01096,72.50711,True
SIRA - Shah Institute of Robotics and Automation,schools,General Educational School,23.01089,72.50995,True
"Edugo Abroad - Best Study Abroad Consultant  | Study In Europe, Germany, France, UK, Poland, Ireland & More",schools,General Educational School,23.01086,72.50705,True
The Success Academy,schools,General Educational School,23.01078,72.50602,True
Tripada High School,schools,Secondary & High School,23.01071,72.51013,True
ananda_global_school,schools,Secondary & High School,23.01085,72.51725,True
Happy kids preschool,schools,Primary & Pre-School,23.01116,72.51571,True
Amin Migration & Education,schools,General Educational School,23.01107,72.5062,True
Trikka India Immigration,schools,General Educational School,23.01128,72.50295,True
Patel Educaion Ahmedabad,schools,General Educational School,23.01151,72.50293,True
"Amin Migration LLP | Immigration, Canada & Australia PR Consultants Ahmedabad | IELTS PTE Coaching",schools,Coaching & Entrance Institute,23.01172,72.50727,True
The KK Institute,schools,General Educational School,23.01173,72.50538,True
Gameiva Institute,schools,General Educational School,23.01191,72.50898,True
Nails Magic - Nails & Academy,schools,General Educational School,23.01179,72.51135,True
Palash Academy,schools,General Educational School,23.01175,72.51162,True
Math Tuition Classes Cuemath,schools,Coaching & Entrance Institute,23.01203,72.51075,True
"Sheetalnath Turbo English - Institute of IELTS, PTE & Spoken English",schools,General Educational School,23.01201,72.5147,True
Florence Academy,schools,General Educational School,23.01207,72.51464,True
Kalatman School of Dance and Music,schools,Secondary & High School,23.01161,72.51477,True
Kameshwar Vidhyamandir School,schools,Secondary & High School,23.01153,72.51229,True
Idea Driving School,schools,Secondary & High School,23.01149,72.51122,True
Kameshwar College of Education,schools,College & University,23.01145,72.51208,True
Story House by Unnati Shah,schools,General Educational School,23.0115,72.5171,True
Sai Group Tuition,schools,Coaching & Entrance Institute,23.01154,72.51841,True
Universal Car Rental,schools,General Educational School,23.01154,72.52304,True
Logic 101,schools,General Educational School,23.01154,72.52322,True
PTE Training Classes Ahmedabad | Aayan Overseas,schools,Coaching & Entrance Institute,23.01153,72.52335,True
Achievers Institutes,schools,General Educational School,23.01155,72.52336,True
Discovery Learning Center,schools,General Educational School,23.01172,72.52716,True
Infopercept Consulting,schools,College & University,23.01187,72.52268,True
Podar Jumbo Kids - Anandnagar,schools,Primary & Pre-School,23.01204,72.52057,True
Web Strataegic,schools,General Educational School,23.01195,72.52322,True
technest,schools,General Educational School,23.01195,72.52374,True
Yogi Shah Mind Academy,schools,General Educational School,23.012,72.52395,True
Codenuts.academy,schools,General Educational School,23.0118,72.52364,True
MID30 Digital Marketing Academy,schools,General Educational School,23.0118,72.52364,True
BrainQuest Science Academy,schools,General Educational School,23.01178,72.52339,True
Addy's International Kindergarten & Activity Centre,schools,International School,23.01198,72.52848,True
Meghdeep Primary and Sanskar Higher Secondary School,schools,Secondary & High School,23.0121,72.53144,True
Shraddha Vidhya Vihar Prathmik Shala,schools,Primary & Pre-School,23.01141,72.5341,True
Sarita Vidyavihar,schools,General Educational School,23.01089,72.51924,True
Wonder World Pre School,schools,Primary & Pre-School,23.01072,72.5236,True
Kids College Pre School,schools,College & University,23.0107,72.52979,True
The Fortune Academy,schools,General Educational School,23.01087,72.52736,True
Sleek The Beauty Salon & Academy,schools,General Educational School,23.01103,72.531,True
Holistic Educare,schools,General Educational School,23.01089,72.53074,True
Shakti Vidhyalaya,schools,Secondary & High School,23.01075,72.5333,True
Math Tuition Classes Cuemath,schools,Coaching & Entrance Institute,23.01112,72.53867,True
Anubandh Garbh Sanskar,schools,General Educational School,23.01093,72.54754,True
Cuemath,schools,General Educational School,23.01084,72.54461,True
HM Shah Classes,schools,Coaching & Entrance Institute,23.01082,72.55475,True
Dims Institute of Hotel Management,schools,General Educational School,23.01082,72.56281,True
Divan Ballubhai Prathmik Shala,schools,Primary & Pre-School,23.01094,72.56828,True
KS Academy,schools,General Educational School,23.01112,72.56323,True
"National Institute of Design, India",schools,General Educational School,23.01104,72.56973,True
NID Print Labs,schools,College & University,23.01137,72.56968,True
Iams Ahmedabad,schools,General Educational School,23.01128,72.56115,True
Furniture Design at NID,schools,College & University,23.01128,72.56115,True
PHARMAPLUS,schools,General Educational School,23.01128,72.56115,True
"Brahmkstriya Society No-2,near P.t.college Amts Bus Stop,paldi,ahmedbad-07",schools,College & University,23.01128,72.56115,True
National Institute of Design,schools,General Educational School,23.01145,72.56,True
Math Tuition Classes Cuemath,schools,Coaching & Entrance Institute,23.0119,72.5636,True
Unnati Gurukulam,schools,General Educational School,23.01197,72.56169,True
Parenting School,schools,Secondary & High School,23.01182,72.56074,True
Best PTE Coaching,schools,Coaching & Entrance Institute,23.01145,72.54612,True
Expressions Classes,schools,Coaching & Entrance Institute,23.01151,72.54162,True
Krayons Art Classes by Priya,schools,Coaching & Entrance Institute,23.01224,72.53951,True
Vnurture Technologies,schools,General Educational School,23.01249,72.54662,True
Uniplan Overseas Education Consultants,schools,General Educational School,23.01218,72.55912,True
Nrityabharti,schools,General Educational School,23.01211,72.55741,True
Divan Ballubhai Higher Secondary School,schools,Secondary & High School,23.01228,72.56857,True
Panam Shroff Academy of Music,schools,General Educational School,23.01232,72.56319,True
Eklavya School,schools,Secondary & High School,23.01257,72.56382,True
Melogic Edutech Pvt. Ltd.,schools,General Educational School,23.0129,72.55676,True
Math Tuition Classes Cuemath,schools,Coaching & Entrance Institute,23.013,72.55375,True
Arbind Traders,schools,General Educational School,23.01293,72.56517,True
Math Tuition Classes Cuemath,schools,Coaching & Entrance Institute,23.01341,72.5624,True
Asia Pacific Institute Of Management,schools,College & University,23.01336,72.56228,True
Ruchi Classes,schools,Coaching & Entrance Institute,23.01336,72.56228,True
KK Neuro Vision Therapy Institute,schools,General Educational School,23.01346,72.56002,True
Shardamandir Ahmedabad,schools,General Educational School,23.01352,72.55006,True
H3 Preschool Paldi Jain Nagar,schools,Primary & Pre-School,23.01321,72.55122,True
Knowledge Seekers (Abhyas Education Pvt Ltd),schools,General Educational School,23.01295,72.54893,True
Ananya Academy Ahmedabad,schools,General Educational School,23.01284,72.5458,True
ACEAS,schools,General Educational School,23.01315,72.54593,True
Heli Group Tuition,schools,Coaching & Entrance Institute,23.01316,72.54186,True
Sakshi Chess Academy,schools,General Educational School,23.01349,72.54243,True
Student Corner,schools,General Educational School,23.01326,72.53091,True
Shikhar Institute,schools,General Educational School,23.01349,72.53038,True
Arena Animation Satellite - Top Animation Institute  | VFX | 3D Animation Course,schools,General Educational School,23.01345,72.52529,True
Learn German with Dhara Shah,schools,General Educational School,23.01343,72.52108,True
Math Tuition Classes Cuemath,schools,Coaching & Entrance Institute,23.01317,72.51882,True
Aspire Visas,schools,General Educational School,23.013,72.52447,True
Hindi/Sanskrit Learning,schools,General Educational School,23.01302,72.52359,True
Muthoot Finance Gold Loan,schools,General Educational School,23.01315,72.52111,True
Percept Infotech,schools,College & University,23.01317,72.51898,True
Smile Craft Dental Academy,schools,General Educational School,23.01305,72.52296,True
Apply Abroad Ahmedabad,schools,General Educational School,23.01305,72.52275,True
Math Tuition Classes Cuemath,schools,Coaching & Entrance Institute,23.01296,72.52103,True
Variant Institute,schools,General Educational School,23.0129,72.52106,True
Kameshwar Vidhyamandir school,schools,Secondary & High School,23.01298,72.52386,True
First Step Preschool,schools,Primary & Pre-School,23.01295,72.52701,True
Foresight School,schools,Secondary & High School,23.01295,72.52995,True
LAKSH Aviation Academy,schools,General Educational School,23.01316,72.5315,True
GNC School,schools,Secondary & High School,23.01274,72.52818,True
Alliance Francaise d'Ahmedabad,schools,General Educational School,23.01258,72.53359,True
Apex Educon,schools,General Educational School,23.01244,72.52319,True
Shining Star Tuition,schools,Coaching & Entrance Institute,23.0123,72.52673,True
"H&H Global Education, India",schools,General Educational School,23.0123,72.52673,True
Klay Prep School and Day Care,schools,Secondary & High School,23.01226,72.52476,True
Ravi Arora Corporate Trainer,schools,General Educational School,23.01226,72.52314,True
W3 Marketing School,schools,Secondary & High School,23.01221,72.52249,True
The Achievers Academy – CBSE | GSEB | ICSE Science & School Tuition,schools,Coaching & Entrance Institute,23.01233,72.52261,True
School of Cyber Security,schools,Secondary & High School,23.01235,72.52267,True
Creating Impact Training and Development,schools,General Educational School,23.01261,72.52293,True
Shreeji Overseas,schools,General Educational School,23.01254,72.52289,True
Sushma Vasavda's Good English Academy,schools,General Educational School,23.01248,72.52224,True
Prayas Education Consultancy,schools,General Educational School,23.0126,72.5243,True
GEC International Study Centre,schools,International School,23.01276,72.52474,True
Lakme Academy,schools,General Educational School,23.0128,72.52209,True
Kumon Maths & English Classes:Best Kids Learning Centre in Prahladnagar,schools,Primary & Pre-School,23.01274,72.5221,True
One stroke art academy,schools,General Educational School,23.01276,72.52246,True
Concept Diagnostics,schools,College & University,23.01264,72.51779,True
"Turning Point Institute in Satellite, Ahmedabad.",schools,General Educational School,23.01268,72.51763,True
SBP Academy,schools,General Educational School,23.01268,72.51189,True
Happy's Nail Art & Eyelash Studio Academy,schools,General Educational School,23.01253,72.51271,True
Pratham Ahmedabad Education Initiative,schools,General Educational School,23.01246,72.51479,True
Ace Academy,schools,General Educational School,23.01249,72.51474,True
Navrang Coaching Classes,schools,Coaching & Entrance Institute,23.01245,72.51474,True
Creative Concepts,schools,College & University,23.01241,72.51483,True
Global Connect | Study Abroad Consultant | Student Visa Consultant | Overseas Education Consultancy,schools,General Educational School,23.01231,72.51476,True
Gyanjyot Institute,schools,General Educational School,23.01211,72.51497,True
ESPI Visa Consultants,schools,General Educational School,23.01211,72.51475,True
Nelsons International School,schools,International School,23.01221,72.51296,True
Q Academy,schools,General Educational School,23.01219,72.51075,True
Gambtoo English Classes,schools,Coaching & Entrance Institute,23.0123,72.51088,True
Kansult Computers,schools,General Educational School,23.01235,72.51093,True
Foundation for Education Equity,schools,General Educational School,23.01228,72.51133,True
Crisscross lingo,schools,General Educational School,23.01243,72.5131,True
Amity Global Business School,schools,College & University,23.01238,72.51117,True
LogicRays Academy,schools,General Educational School,23.01245,72.51117,True
The IELTS Academy,schools,General Educational School,23.01245,72.51122,True
MSM Unify,schools,General Educational School,23.01214,72.50432,True
H3 Preschool Prahladnagar,schools,Primary & Pre-School,23.01228,72.50417,True
Dfix Enterprise,schools,General Educational School,23.01231,72.50423,True
NCVT,schools,General Educational School,23.01242,72.50461,True
IIHT Paathshala,schools,Secondary & High School,23.01278,72.50662,True
Agavad Education Services,schools,General Educational School,23.01282,72.51147,True
Abundance Edu Abroad,schools,General Educational School,23.01287,72.51423,True
Cygnet Infotech Pvt. Ltd.,schools,General Educational School,23.0129,72.5178,True
Wonder World Pre School,schools,Primary & Pre-School,23.0131,72.51481,True
EduMETA The iSchool,schools,Secondary & High School,23.01317,72.51451,True
Urmi Yoga Academy,schools,General Educational School,23.01305,72.51039,True
Egate IELTS Coaching,schools,Coaching & Entrance Institute,23.01334,72.51433,True
Little Genius Play School,schools,Primary & Pre-School,23.01337,72.51489,True
Happy's Nail & Eye Lashes Studio Academy,schools,General Educational School,23.01319,72.50398,True
GEC International Study Centre,schools,International School,23.01378,72.51172,True
Aloha Anandnagar Center,schools,General Educational School,23.01413,72.51781,True
Sardar Patel M Ed College,schools,College & University,23.01423,72.51839,True
Progressive Education,schools,General Educational School,23.01434,72.504,True
Vaidya Academy,schools,General Educational School,23.01432,72.50904,True
How To College,schools,College & University,23.01445,72.50455,True
Heart Foundation and Research Institute,schools,General Educational School,23.01447,72.50455,True
Math Tuition Classes Cuemath,schools,Coaching & Entrance Institute,23.01489,72.50549,True
UCMAS,schools,General Educational School,23.0148,72.53155,True
IAPL Institute,schools,General Educational School,23.01487,72.53202,True
Rangoli Preschool Prahladnagar,schools,Primary & Pre-School,23.01487,72.53202,True
Unitedworld School of Business,schools,College & University,23.0145,72.53315,True
The Fortune Academy,schools,General Educational School,23.01459,72.53053,True
Liberty Career Academy-Satellite Branch,schools,Coaching & Entrance Institute,23.01456,72.5309,True
British Academy,schools,International School,23.01451,72.53037,True
Wavefront Education,schools,General Educational School,23.01442,72.5303,True
Angel EduNext Pvt Ltd - Student Visa Expert in Ahmedabad,schools,General Educational School,23.01436,72.53101,True
Patel Education Centre,schools,General Educational School,23.01427,72.52824,True
Little Genius Preschool & Kindergarten,schools,Primary & Pre-School,23.01427,72.52819,True
Adwait Education Consultant,schools,General Educational School,23.01427,72.52819,True
Utthan IAS,schools,General Educational School,23.01427,72.52819,True
Math Tuition Classes Cuemath,schools,Coaching & Entrance Institute,23.01395,72.53433,True
Khel Khel Me Pre School,schools,Primary & Pre-School,23.01397,72.52928,True
Elite Accounting Academy,schools,General Educational School,23.01422,72.52958,True
WonderWorld Preschool,schools,Primary & Pre-School,23.01381,72.52632,True
Vidyanagar High School,schools,Secondary & High School,23.01381,72.51959,True
dharmashya production & academy,schools,General Educational School,23.01357,72.52237,True
SP Study Planner,schools,General Educational School,23.01369,72.52428,True
Ahmedabad School of Digital Marketing,schools,Secondary & High School,23.01353,72.52807,True
Trinity Pedagogy – Trinity Preschool Daycare & Activity Center,schools,Primary & Pre-School,23.01379,72.52765,True
Zankar Garba Academy,schools,General Educational School,23.0136,72.54249,True
Bambini,schools,General Educational School,23.01363,72.54394,True
Shreyas Foundation,schools,General Educational School,23.01384,72.5411,True
New Samarath English School,schools,Secondary & High School,23.01396,72.53641,True
Career Crush,schools,Coaching & Entrance Institute,23.01358,72.5535,True
Cuemath,schools,General Educational School,23.01387,72.55512,True
Math Tuition Classes Cuemath,schools,Coaching & Entrance Institute,23.01387,72.55512,True
Mentors Education,schools,General Educational School,23.01432,72.55571,True
Mahavir Jain Vidyalaya,schools,Secondary & High School,23.0144,72.5647,True
Shishu Gruh,schools,Primary & Pre-School,23.01446,72.56424,True
Math Tuition Classes Cuemath,schools,Coaching & Entrance Institute,23.01467,72.5595,True
Shree Raja Education Institute,schools,General Educational School,23.01432,72.54515,True
Cuemath,schools,General Educational School,23.0145,72.54404,True
Shreyas Yoga School,schools,Secondary & High School,23.01549,72.54206,True
Math Tuition Classes Cuemath,schools,Coaching & Entrance Institute,23.01521,72.55492,True
Syscom Computer Academy,schools,General Educational School,23.01496,72.55875,True
Raj Musical Academy,schools,General Educational School,23.01521,72.56426,True
Navchetan High School,schools,Secondary & High School,23.01538,72.5631,True
"GPS School,Paldhi",schools,Secondary & High School,23.0154,72.56301,True
Nemi Designing Center,schools,General Educational School,23.01538,72.56545,True
Damubhai Shukla Madhyamik Shala,schools,Secondary & High School,23.01563,72.56285,True
"Kalorex pre school  4,vidhi bungalow new cg road ahmedabad",schools,Primary & Pre-School,23.01562,72.55876,True
Gitabag School,schools,Secondary & High School,23.0154,72.55889,True
Marksmen Academy,schools,General Educational School,23.01627,72.55854,True
Baa Shree Nayanaba IAS Study Centre,schools,Coaching & Entrance Institute,23.01586,72.55006,True
Naynaba Mahendrasinh Jadeja IAS Study Center,schools,Coaching & Entrance Institute,23.0158,72.54914,True
Aarski Nursery Point,schools,Primary & Pre-School,23.01592,72.53624,True
Kites Immigration,schools,General Educational School,23.01612,72.53795,True
B Brown Unisex Salon and Academy,schools,General Educational School,23.01604,72.52998,True
ARHA Education,schools,General Educational School,23.01617,72.52875,True
immicareoverseas,schools,College & University,23.01635,72.52473,True
Singh Share Bazaar Classes Ahmedabad,schools,Coaching & Entrance Institute,23.01562,72.53005,True
Er jinal shah Coaching Classes,schools,Coaching & Entrance Institute,23.01549,72.5288,True
Narayana Business School,schools,College & University,23.0155,72.52992,True
Growmore Global Visa,schools,General Educational School,23.0155,72.52992,True
S K Hair Professional Institute,schools,General Educational School,23.0155,72.52992,True
Math Tuition Classes Cuemath,schools,Coaching & Entrance Institute,23.01533,72.53115,True
"EUC Abroad - Best Study Abroad Consultant In Ahmedabad | Study In France, Germany, Ireland, Poland, Malta | Study in Europe",schools,General Educational School,23.01547,72.53204,True
Brightway Immigration,schools,General Educational School,23.01547,72.53204,True
Kshitij Vivan,schools,General Educational School,23.01538,72.53464,True
StudyTree,schools,General Educational School,23.0153,72.53458,True
Happy Souls,schools,General Educational School,23.01522,72.53104,True
"YOU Can Change Institute English, Personality Development & Corporate Training",schools,General Educational School,23.01528,72.53133,True
EPOCH Research Institute,schools,General Educational School,23.01549,72.50436,True
Study Corner - Maths Lab & Coaching Classes,schools,Coaching & Entrance Institute,23.01594,72.5044,True
New L.J Commerce College,schools,College & University,23.01588,72.50435,True
Narayana Business School,schools,College & University,23.01567,72.51184,True
EuroKids PreSchool in Satellite,schools,Primary & Pre-School,23.01583,72.51205,True
NDS,schools,General Educational School,23.01635,72.51375,True
H3 Preschool South Bopal,schools,Primary & Pre-School,23.0161,72.4778,True
Kids Temple Preschool,schools,Primary & Pre-School,23.0163,72.46861,True
Vivek Tuition Class,schools,Coaching & Entrance Institute,23.01622,72.47,True
KICT Computer Classes South Bopal,schools,Coaching & Entrance Institute,23.01607,72.46774,True
Math Tuition Classes Cuemath,schools,Coaching & Entrance Institute,23.01602,72.47151,True
Kavita Khera Institute,schools,General Educational School,23.01569,72.46811,True
"Infinity Study Centre, South Bopal",schools,Coaching & Entrance Institute,23.01569,72.46811,True
Reflexion Playschool and Daycare,schools,Secondary & High School,23.01597,72.47757,True
Aakash Educational Services Limited,schools,Coaching & Entrance Institute,23.01555,72.47422,True
Mother Touch Bridge School,schools,Secondary & High School,23.01514,72.47467,True
Mahmadpura Primary School,schools,Primary & Pre-School,23.01486,72.49018,True
Brainobrain Junior Junction,schools,General Educational School,23.014,72.47018,True
Chasing Beans Consulting,schools,General Educational School,23.01474,72.4713,True
Nirvikalp Yoga Academy,schools,General Educational School,23.01464,72.47084,True
LDR International School,schools,International School,23.01393,72.45511,True
LDR Cutians Preschool,schools,Primary & Pre-School,23.01572,72.46679,True
ADI Art Studio | Sculpture | Wall Mural | Painting | Art Installation,schools,General Educational School,23.01633,72.4626,True
Nair'S Tuition And Coaching Centre LLP,schools,Coaching & Entrance Institute,23.01747,72.46144,True
Cuemath,schools,General Educational School,23.01734,72.46133,True
Apollo International School,schools,International School,23.01639,72.45677,True
Worth Fashion Academy,schools,General Educational School,23.01648,72.4707,True
Aura Salon and Academy,schools,General Educational School,23.01658,72.46921,True
"The Rejuvenate (Salon, Makeup Studio & Academy)",schools,General Educational School,23.0166,72.46794,True
JSK Dance Academy,schools,General Educational School,23.01674,72.47061,True
The Knowledge Academy (TKA) - Best Coaching / Tuition Classes South Bopal,schools,Coaching & Entrance Institute,23.01678,72.4704,True
UCMAS,schools,General Educational School,23.01702,72.47556,True
Royale Music Academy,schools,General Educational School,23.017,72.47549,True
Lakshya Academy For Excellence,schools,General Educational School,23.01689,72.47259,True
Hn'D mbbs consultancy,schools,General Educational School,23.01679,72.47561,True
Shree Tennis Academy,schools,General Educational School,23.01716,72.49313,True
Snow Flakes Academy of Music Production and DJing,schools,General Educational School,23.01714,72.4932,True
AarMi Kids Satellite,schools,Primary & Pre-School,23.01734,72.47817,True
Sandip Patel Group Tuition,schools,Coaching & Entrance Institute,23.01742,72.47532,True
Krishna academy,schools,General Educational School,23.01739,72.47543,True
Brightway Professional Computer Training Center,schools,General Educational School,23.0174,72.47462,True
Cube CAD Center South Bopal,schools,General Educational School,23.01742,72.47477,True
Kirti Institute,schools,General Educational School,23.01728,72.47588,True
Shri Hari Academy,schools,General Educational School,23.01723,72.47561,True
French Academy By Master Classes Bopal Ahmedabad,schools,Coaching & Entrance Institute,23.01722,72.47561,True
Kocoon Junior,schools,General Educational School,23.01717,72.47562,True
Math Tuition Classes Cuemath,schools,Coaching & Entrance Institute,23.01709,72.47407,True
Arogya Yogshala Rishikesh,schools,Secondary & High School,23.01711,72.47254,True
WonderWorld Pre-School,schools,Primary & Pre-School,23.01711,72.47254,True
New Edge,schools,General Educational School,23.01716,72.47253,True
Little Millennium - SOBO,schools,Primary & Pre-School,23.01718,72.47239,True
Nurture Preschool,schools,Primary & Pre-School,23.01719,72.4688,True
Math Tuition Classes Cuemath,schools,Coaching & Entrance Institute,23.01746,72.46899,True
Kushalam Technologies,schools,Secondary & High School,23.01747,72.46898,True
Pencil-the art school,schools,Secondary & High School,23.01747,72.46898,True
Pooja Associates,schools,General Educational School,23.01747,72.46898,True
Nimit's Dance & Music Academy,schools,General Educational School,23.01747,72.46898,True
Reflexion Play School South Bopal,schools,Secondary & High School,23.01747,72.46898,True
Six Sigma Institute of Commerce,schools,General Educational School,23.01757,72.46894,True
P.G. Group Tuition,schools,Coaching & Entrance Institute,23.01744,72.47368,True
Institute Of Computer Training - ICT,schools,General Educational School,23.01745,72.47368,True
Caterpillars Study Centre,schools,Coaching & Entrance Institute,23.0175,72.47543,True
Apple Visas and Immigration,schools,General Educational School,23.01755,72.47525,True
"Aakash Institute, South Bopal (Ahmedabad)",schools,Coaching & Entrance Institute,23.018,72.4719,True
Vedant International Preschool South Bopal,schools,International School,23.01825,72.47524,True
Orange Zebra IN,schools,General Educational School,23.01844,72.49453,True
The Bark University,schools,College & University,23.01886,72.46866,True
ILearn by Sagar Group,schools,General Educational School,23.0186,72.45672,True
VA International Kindergarten,schools,International School,23.02194,72.45465,True
Math Tuition Classes Cuemath,schools,Coaching & Entrance Institute,23.02191,72.45865,True
Pre-School & Activity Center-Wonder World,schools,Primary & Pre-School,23.02173,72.46703,True
Rising Star Montessori,schools,Primary & Pre-School,23.02132,72.46688,True
SixSigma Institute,schools,General Educational School,23.02116,72.47714,True
Nurture PreSchool,schools,Primary & Pre-School,23.02157,72.47275,True
Institute of Computer Training,schools,General Educational School,23.0206,72.46865,True
Aagness Art Academy South Bopal,schools,General Educational School,23.02015,72.47009,True
Khyati Ninos - South Bopal,schools,General Educational School,23.02007,72.46925,True
Keystone Universe of Education,schools,General Educational School,23.0202,72.47642,True
Pol Khol Tv,schools,General Educational School,23.01977,72.47644,True
Future Sports Academy,schools,General Educational School,23.01961,72.4709,True
"EuroKids Preschool at South Bopal, Best Kindergarten",schools,Primary & Pre-School,23.01968,72.47415,True
Kan Kids International Preschool and Daycare,schools,International School,23.01963,72.47417,True
Math Tuition Classes Cuemath,schools,Coaching & Entrance Institute,23.01945,72.46962,True
Kalorex Pre-School,schools,Primary & Pre-School,23.01931,72.47448,True
Glamour Salon & Academy,schools,General Educational School,23.01971,72.50427,True
"Euro Kids, Satellite",schools,Primary & Pre-School,23.01967,72.5173,True
Smash Sports Academy,schools,General Educational School,23.01929,72.51821,True
Saurabh Tuition,schools,Coaching & Entrance Institute,23.01937,72.51925,True
Kidzee,schools,General Educational School,23.01942,72.51883,True
Math Tuition Classes Cuemath,schools,Coaching & Entrance Institute,23.01932,72.52523,True
vedantpreschoolsatellite,schools,Primary & Pre-School,23.01948,72.52906,True
Silveroak Kids School,schools,Primary & Pre-School,23.01948,72.52906,True
Rock Concepts - studio de arte et cafe,schools,College & University,23.01948,72.52906,True
"B-BEST Academy for Personal & Group Tuition Specialized in physics | board, JEE, NEET, GUJCET",schools,Coaching & Entrance Institute,23.02001,72.51979,True
RiseUp Academy,schools,General Educational School,23.02009,72.51956,True
Vidya Bharati Savera,schools,General Educational School,23.02025,72.51949,True
Poiesis Achievement Foundation,schools,General Educational School,23.02025,72.51949,True
Real Chemistry,schools,General Educational School,23.02025,72.51949,True
SNCC Ahmedabad,schools,General Educational School,23.02025,72.51949,True
Cosmos kids campus,schools,College & University,23.02019,72.5254,True
Math Tuition Classes Cuemath,schools,Coaching & Entrance Institute,23.02027,72.53272,True
Iflame Institute,schools,General Educational School,23.02025,72.52976,True
Home First Finance Company,schools,General Educational School,23.02022,72.5306,True
Up2date  Hair Academy,schools,General Educational School,23.02032,72.53031,True
Ayana Academy,schools,General Educational School,23.02061,72.52738,True
Big Recruitment Training-Division: Big Ideas HR Consulting Pvt. Ltd.,schools,General Educational School,23.02033,72.51937,True
Discoveryland Preschool,schools,Primary & Pre-School,23.02037,72.51946,True
Krishna  RAAS GARBA classes,schools,Coaching & Entrance Institute,23.01992,72.51623,True
Cuemath,schools,General Educational School,23.02096,72.50647,True
R.H.K Kids Pre-Primary School,schools,Primary & Pre-School,23.02072,72.51278,True
The R.H. Kapadia New High School,schools,Secondary & High School,23.02106,72.51025,True
Rising Star Tennis Academy,schools,General Educational School,23.02148,72.51823,True
Indian Institute of Aviation,schools,General Educational School,23.02136,72.51943,True
Bachha Club School Projects and 3D Models,schools,Secondary & High School,23.0214,72.51949,True
Jain Ayambilshala,schools,Secondary & High School,23.02159,72.52036,True
Sur Madhur Music Academy,schools,General Educational School,23.02174,72.51993,True
Maven Institute,schools,General Educational School,23.02184,72.51949,True
Shanti Juniors Satellite,schools,General Educational School,23.02196,72.52217,True
Aloha Satellite MansiCircle,schools,General Educational School,23.02186,72.52521,True
Success Point,schools,General Educational School,23.02124,72.52577,True
Xpert Academy / Technocenter,schools,General Educational School,23.0213,72.5194,True
Dance Flix Dance Institute,schools,General Educational School,23.02129,72.51931,True
Champions Chess Academy - India,schools,General Educational School,23.02129,72.51931,True
Finwings Stock Trading Academy,schools,General Educational School,23.02067,72.52512,True
Student Guidance 4 Global Experience,schools,General Educational School,23.02071,72.52734,True
Sheth C N Vidyalaya,schools,Secondary & High School,23.0213,72.55208,True
Brainwave Education,schools,General Educational School,23.02134,72.54973,True
Fonseca Music Academy,schools,General Educational School,23.02133,72.54338,True
Transformation Training Centre,schools,General Educational School,23.02133,72.54336,True
GLM India Career Solutions,schools,Coaching & Entrance Institute,23.02119,72.54397,True
Blossom Institute & Immigration Nehrunagar,schools,General Educational School,23.02118,72.5435,True
Golden Life Management,schools,General Educational School,23.02154,72.54336,True
Old School Restaurant & Cafe,schools,Secondary & High School,23.02196,72.54098,True
Custom Concept | 8.5 Research | Nehrunagar,schools,College & University,23.02198,72.54372,True
SWS Worldwide,schools,General Educational School,23.0217,72.5448,True
Agile Academy,schools,General Educational School,23.02172,72.54483,True
Blackkademia Grooming School,schools,Secondary & High School,23.02176,72.54451,True
Flywing Overseas,schools,General Educational School,23.02193,72.54859,True
Sheth C N College of Fine Arts,schools,College & University,23.02159,72.54856,True
Ahmedabad Sports Academy - Ambawadi,schools,General Educational School,23.02151,72.5519,True
Jaro Education,schools,General Educational School,23.02136,72.55696,True
Pluto Media Group,schools,General Educational School,23.02149,72.55781,True
Popkorn Kids,schools,Primary & Pre-School,23.02162,72.55692,True
Athena Pre-school and Activity Centre,schools,Primary & Pre-School,23.02177,72.55456,True
College Of  Safety & fire technology,schools,College & University,23.02189,72.56191,True
Rajkamal Industrial Company,schools,General Educational School,23.022,72.56366,True
International Institute of Gemology,schools,International School,23.02189,72.56753,True
"Adventist School, Tichakpura, Vyara.",schools,Secondary & High School,23.0215,72.56499,True
Gujarat College Ground,schools,College & University,23.02145,72.56173,True
Cybersurf,schools,General Educational School,23.02125,72.55415,True
Evolet Infosystem,schools,General Educational School,23.02125,72.55324,True
"NCode Technologies, Incorporated",schools,General Educational School,23.02105,72.55866,True
ICFAI University Distance MBA,schools,College & University,23.02112,72.55728,True
Gujarat College,schools,College & University,23.0209,72.56421,True
Delta Institute,schools,General Educational School,23.02082,72.56515,True
VK Law Academy,schools,General Educational School,23.02009,72.56939,True
Krishna Heart and Super Speciality Institute,schools,General Educational School,23.02003,72.55753,True
Apple Institute of Child Health,schools,General Educational School,23.02004,72.55787,True
UCMAS,schools,General Educational School,23.01996,72.55569,True
Apex Advisors - Duolingo English Test Coaching,schools,Coaching & Entrance Institute,23.01994,72.55421,True
Laksh Aviation Academy,schools,General Educational School,23.0204,72.56082,True
University Granth Nirman Board,schools,College & University,23.02049,72.56093,True
Math Tuition Classes Cuemath,schools,Coaching & Entrance Institute,23.02006,72.54171,True
Dr Stuti Bajaj,schools,General Educational School,23.02009,72.54329,True
Sheth C N Technical Centre,schools,General Educational School,23.01965,72.55147,True
Mehul Sir's Group of Education,schools,General Educational School,23.01987,72.54237,True
Disha Consultancy,schools,General Educational School,23.01949,72.56051,True
American Education Advising Center,schools,International School,23.01949,72.56051,True
Icon Engineering Coaching Classes,schools,Coaching & Entrance Institute,23.01953,72.55457,True
Flywing Overseas,schools,General Educational School,23.01963,72.55378,True
Raj Academy,schools,General Educational School,23.01961,72.55455,True
Tretashala Training Center,schools,Secondary & High School,23.01976,72.55898,True
Dr Nagori's Institute,schools,General Educational School,23.01983,72.55927,True
Noble Gastro Hospital Ahmedabad /Noble Institute of Gastroenterology,schools,General Educational School,23.01971,72.56066,True
Amrit Jyoti Primary School,schools,Primary & Pre-School,23.019,72.55346,True
Learning Pitara - Ambavadi,schools,General Educational School,23.01894,72.55439,True
Studio P - Salon and Academy,schools,General Educational School,23.01894,72.55439,True
Nritya KALA Academy,schools,General Educational School,23.01894,72.55439,True
Bajaj Finance Branch,schools,General Educational School,23.0188,72.55789,True
Magdeline's Academy,schools,General Educational School,23.01877,72.55778,True
CN Sports Academy,schools,General Educational School,23.01858,72.55993,True
KG Trivedi Sadhna Vinay Mandir,schools,General Educational School,23.01854,72.56541,True
Sadhana Institute of Design,schools,General Educational School,23.01862,72.56546,True
Amrit Jyoti High School,schools,Secondary & High School,23.01885,72.56516,True
Sadhana English School,schools,Secondary & High School,23.01875,72.56544,True
MBBS in Russia | Rus Education,schools,General Educational School,23.01867,72.56821,True
Math Tuition Classes Cuemath,schools,Coaching & Entrance Institute,23.01851,72.56596,True
Shaivee Academy of Photography and Filmmaking,schools,General Educational School,23.01846,72.56835,True
Ellisbridge Municipal Saraswati Mandir School,schools,Secondary & High School,23.01832,72.56818,True
RC Classes,schools,Coaching & Entrance Institute,23.01845,72.56626,True
Mayas The School Of Beauty,schools,Secondary & High School,23.0181,72.56838,True
Global Montessori &Teacher Training Institute,schools,Primary & Pre-School,23.01784,72.55328,True
Municipal School No. 26 Ellisbridge,schools,Secondary & High School,23.0179,72.55456,True
Digital Marketing Training Institute,schools,General Educational School,23.01819,72.55507,True
Diva Eye Institute,schools,General Educational School,23.01827,72.55718,True
CN Sports Academy,schools,General Educational School,23.01848,72.54788,True
Sheth C.N. Vidhyavihar,schools,Secondary & High School,23.01837,72.54755,True
Pratima,schools,General Educational School,23.01909,72.54406,True
Lokmanya College Nursing,schools,College & University,23.01915,72.53031,True
A-One School,schools,Secondary & High School,23.0189,72.52822,True
Shraddha Vidya Mandir,schools,General Educational School,23.0186,72.5247,True
Lotus School,schools,Secondary & High School,23.01863,72.52211,True
Vedant International Preschool,schools,International School,23.01853,72.52113,True
Thinkleap Film Institute,schools,General Educational School,23.01865,72.51907,True
Matangi Motor Driving School,schools,Secondary & High School,23.01898,72.52181,True
Learning Curve Edutech,schools,General Educational School,23.01892,72.52428,True
FRIGE's Institute of Human Genetics,schools,General Educational School,23.01912,72.52534,True
Hopscotch pre school & day care,schools,Primary & Pre-School,23.01919,72.51879,True
Cuemath,schools,General Educational School,23.01918,72.51572,True
Shah Baking & Cooking Classes,schools,Coaching & Entrance Institute,23.01889,72.51846,True
Bang Bang Music Academy,schools,General Educational School,23.01891,72.51659,True
Shalby Academy Ahmedabad,schools,General Educational School,23.01909,72.50465,True
Blossom English Institute Bopal,schools,General Educational School,23.01901,72.50656,True
Parvarish Club,schools,General Educational School,23.01889,72.50926,True
The Lighthouse Montessori School,schools,Primary & Pre-School,23.01881,72.50966,True
UCMAS,schools,General Educational School,23.01852,72.51207,True
Rustik Salon & Academy,schools,General Educational School,23.01863,72.51498,True
Sagar Group Tuitions,schools,Coaching & Entrance Institute,23.01821,72.51197,True
Kiddies Preschool Daycare,schools,Primary & Pre-School,23.01829,72.51078,True
Brilliant Smart Classes,schools,Coaching & Entrance Institute,23.01786,72.51645,True
Apple Learning station,schools,General Educational School,23.01797,72.51921,True
Akshita Tuition Classes,schools,Coaching & Entrance Institute,23.01846,72.52131,True
SK Salon and Academy,schools,General Educational School,23.01822,72.53039,True
3G Family Salon Academy,schools,General Educational School,23.01824,72.53039,True
Moksh Yogshala,schools,Secondary & High School,23.01824,72.52822,True
Samir and Sejal Shah Institute,schools,General Educational School,23.01741,72.52993,True
Lokmanya College Of Education,schools,College & University,23.01709,72.52646,True
Spotlight Makeup Studio & Hair Academy,schools,General Educational School,23.01748,72.51826,True
JoyJumperz Preschool,schools,Primary & Pre-School,23.01744,72.51133,True
Ahmedabad Sports Academy,schools,General Educational School,23.01727,72.51592,True
Language Academy,schools,General Educational School,23.01684,72.5183,True
Sangati Centre For Performing Arts,schools,General Educational School,23.01681,72.50477,True
Shri Chimanbhai Patel Institute of Management & Research,schools,College & University,23.01678,72.50518,True
SVG University,schools,College & University,23.01665,72.50513,True
Block-C (Sardar Vallabhbhai Global University),schools,College & University,23.01653,72.50485,True
Metaversity Institute,schools,General Educational School,23.01656,72.51255,True
Jodhpur Primary School No.2,schools,Primary & Pre-School,23.01662,72.52069,True
Math Tuition Classes Cuemath,schools,Coaching & Entrance Institute,23.01698,72.5311,True
Cuemath,schools,General Educational School,23.01698,72.5311,True
HI-FI Design Institute,schools,General Educational School,23.01694,72.53513,True
Hughes Global Education,schools,General Educational School,23.01641,72.52972,True
Isv Overseas (Opc) Private Limited,schools,General Educational School,23.01637,72.53828,True
Academy of Winners,schools,General Educational School,23.01679,72.54276,True
Blue Bell School,schools,Secondary & High School,23.0175,72.53665,True
Vidhya Education Academy,schools,General Educational School,23.01763,72.53839,True
Sahajanand,schools,General Educational School,23.01733,72.55142,True
EuroKids Pre-School & Daycare in Ambawadi,schools,Primary & Pre-School,23.01743,72.5549,True
EuroKids Pre-School and Daycare,schools,Primary & Pre-School,23.01745,72.55495,True
Eklavya Education Foundation,schools,General Educational School,23.0175,72.55601,True
Eklavya Sanskrit Academy,schools,General Educational School,23.0176,72.55593,True
B.M. Institute Of Mental Health,schools,General Educational School,23.01745,72.56753,True
Slu College Fashion Design Course,schools,College & University,23.0175,72.56949,True
SLU Arts and HP Thakore Commerce College for Women,schools,College & University,23.0174,72.5698,True
Cambridge Institute,schools,International School,23.017,72.56759,True
Kutchhi Jain Seva Samaj - KJSS Ahmedabad,schools,General Educational School,23.01696,72.56747,True
MBBS in Russia Xpertise Education Consultancy,schools,General Educational School,23.01661,72.56649,True
Dwaipayan Mukherjee Management Consultant,schools,Coaching & Entrance Institute,23.01668,72.56642,True
F.D. education,schools,General Educational School,23.01641,72.58327,True
Al-Madina Computer Class,schools,General Educational School,23.01656,72.58222,True
Smt. M.N.K. Dalal Education College For Women,schools,College & University,23.01735,72.56985,True
IP Mission Higher Secondary School Ahmedabad,schools,Secondary & High School,23.01763,72.58058,True
akhtar sir group tuition,schools,Coaching & Entrance Institute,23.01764,72.58322,True
Jamaaly English Medium School,schools,Secondary & High School,23.01712,72.59048,True
Vivekananda College of Arts,schools,College & University,23.01711,72.5953,True
D.N. Polytechnic,schools,College & University,23.01748,72.59475,True
Indrashil University,schools,College & University,23.01745,72.59476,True
"District Education Office, Ahmedabad Rural",schools,General Educational School,23.01686,72.60315,True
Erangle - PUBG Battlegrounds - Lebanon,schools,General Educational School,23.0168,72.61206,True
Gomtipur School,schools,Secondary & High School,23.01676,72.61479,True
Adarsh Academy,schools,General Educational School,23.01705,72.61737,True
Adarsh Group Tuition Classes,schools,Coaching & Entrance Institute,23.01687,72.61722,True
Sanklitnagar Primary School -2,schools,Primary & Pre-School,23.01751,72.62454,True
S G Patel Gomtipur High School,schools,Secondary & High School,23.0174,72.61306,True
St Joseph High School,schools,Secondary & High School,23.01744,72.60746,True
Gomtipur,schools,General Educational School,23.01823,72.61435,True
Democratic Secondary School,schools,Secondary & High School,23.01801,72.61355,True
"IBS - Campus, Adalaj, Koba-Adalaj Higjway",schools,College & University,23.01908,72.61206,True
Kidsworld pre-school,schools,Primary & Pre-School,23.01911,72.61201,True
Saraswati Institute,schools,General Educational School,23.01914,72.61208,True
City High School,schools,Secondary & High School,23.01911,72.60114,True
Guru's Academy Computer Education,schools,General Educational School,23.01904,72.59228,True
Shah Trading Company,schools,General Educational School,23.01912,72.59052,True
Stim Education,schools,General Educational School,23.01855,72.58918,True
Ambition Institute of English Speaking and Personality,schools,General Educational School,23.01855,72.59486,True
Shyamji Ramtgamat Sanskrutik Vanijya,schools,General Educational School,23.01868,72.59818,True
Bansal Multiflex Limited,schools,General Educational School,23.01836,72.59807,True
Shree G. C. Girls Higher Secondary School,schools,Secondary & High School,23.01802,72.59786,True
Cambridge Education Group Pvt Limited,schools,International School,23.01808,72.59339,True
Kutub Sir Group Tuitions,schools,Coaching & Entrance Institute,23.01785,72.58897,True
Thomas VISA Consultant,schools,General Educational School,23.01837,72.58289,True
Rahe Khair Girls Primary School,schools,Primary & Pre-School,23.01846,72.58363,True
Y-Axis Overseas Careers,schools,Coaching & Entrance Institute,23.01823,72.57011,True
Smt NHL Municipal Medical College,schools,College & University,23.01858,72.57133,True
SBB College of Physiotherapy,schools,College & University,23.01872,72.5707,True
Sanskar Vidhyalaya,schools,Secondary & High School,23.0188,72.5738,True
my aims,schools,General Educational School,23.01908,72.58118,True
Sardar Vallabhbhai Patel Institute of Medical Sciences and Research,schools,General Educational School,23.01913,72.57259,True
The Anjuman E Islam High School,schools,Secondary & High School,23.01958,72.58655,True
LJ Institute of Media & Communications,schools,College & University,23.0193,72.58174,True
VishwaBharti School Ahmedabad,schools,Secondary & High School,23.0193,72.58174,True
CEPT University Workshops,schools,College & University,23.0193,72.58174,True
AHD University of Medical Sciences,schools,College & University,23.0193,72.58174,True
Active Engineering Company,schools,General Educational School,23.0193,72.58174,True
Kaizen Academy,schools,General Educational School,23.0193,72.58174,True
Sizedu Overseas Education Consultants,schools,General Educational School,23.0193,72.58174,True
Shaishya Sports Academy,schools,General Educational School,23.0193,72.58174,True
Jamalpur School No 4,schools,Secondary & High School,23.01922,72.58775,True
Ashish vidhya mandir,schools,General Educational School,23.01944,72.59432,True
Bright Computer Education,schools,General Educational School,23.01987,72.59557,True
Nutan aadarsh vidhyalay,schools,General Educational School,23.01975,72.59108,True
ACE Enterprise Ahmedabad,schools,General Educational School,23.0206,72.59384,True
"IAEC Education - IAEC Migration, India",schools,General Educational School,23.02031,72.56986,True
Government Girls Higher Secondary School,schools,Secondary & High School,23.02109,72.5826,True
MYSM Computer Classes,schools,Coaching & Entrance Institute,23.02117,72.58492,True
Abroad Medics,schools,General Educational School,23.02125,72.5713,True
KIC Institute for Training and Management,schools,General Educational School,23.02185,72.57114,True
Gujarat Primary Education Tribulation,schools,General Educational School,23.02185,72.58284,True
SMPS Consultant,schools,General Educational School,23.02162,72.58308,True
All Herbscare,schools,General Educational School,23.02162,72.57971,True
New Education School,schools,Secondary & High School,23.02158,72.58181,True
District Educational Training Center,schools,General Educational School,23.0214,72.58284,True
Government English Training Centre,schools,General Educational School,23.02139,72.58259,True
The City High School,schools,Secondary & High School,23.0214,72.59219,True
ECA Global,schools,General Educational School,23.0216,72.58942,True
Khadiya Primary School No 28,schools,Primary & Pre-School,23.02185,72.59671,True
Guru'S Academy,schools,General Educational School,23.02141,72.59583,True
Municipal School No 7,schools,Secondary & High School,23.02108,72.59452,True
Maganbhai Karamchand Girls High School,schools,Secondary & High School,23.02082,72.59126,True
sunflower school,schools,Secondary & High School,23.02071,72.59411,True
City Higher Secondary School,schools,Secondary & High School,23.02064,72.59491,True
Sanskar School,schools,Secondary & High School,23.02092,72.59706,True
Urdu School,schools,Secondary & High School,23.02132,72.60646,True
Sunrise Academy,schools,General Educational School,23.02203,72.61419,True
N.M. Gujarati Primary School,schools,Primary & Pre-School,23.02162,72.6259,True
Rakhiyal Municipal Urdu School,schools,Secondary & High School,23.02182,72.62177,True
Shams Group of Schools,schools,Secondary & High School,23.02195,72.6262,True
Nasir Sir and Classes,schools,Coaching & Entrance Institute,23.02155,72.6327,True
Swadesh International,schools,International School,23.02102,72.63742,True
Harun Academy,schools,General Educational School,23.02086,72.6245,True
G N School of Science - Managed By SHYAM International School,schools,International School,23.02086,72.62479,True
Unique CAD CAM Training Institute,schools,General Educational School,23.02064,72.63749,True
Islamic Call & Guidance Foundation [ICGF],schools,General Educational School,23.02026,72.63529,True
D Education,schools,General Educational School,23.02011,72.63289,True
Synapse Academy,schools,General Educational School,23.02046,72.60569,True
Shams Educational Campus,schools,College & University,23.01987,72.63336,True
Shyam Dye-Chem,schools,General Educational School,23.01946,72.64449,True
IT Training and Web Development Training Institute,schools,General Educational School,23.0204,72.67103,True
Akash Healthcare,schools,General Educational School,23.02059,72.66992,True
CAT- Centre for Appropriate Technology,schools,General Educational School,23.02059,72.66992,True
Excellence English Academy,schools,General Educational School,23.02059,72.66992,True
Seth R T Agrawal Hindi,schools,General Educational School,23.02056,72.66158,True
RG Overseas Education,schools,General Educational School,23.02045,72.64914,True
Sahyog Madhyamik Shala,schools,Secondary & High School,23.02092,72.6423,True
Bright English School,schools,Secondary & High School,23.02096,72.6422,True
Gulfnde Industrial Services,schools,General Educational School,23.0211,72.64324,True
Intechspace,schools,General Educational School,23.02099,72.63794,True
Gidc Odhav Hindi School No 1,schools,Secondary & High School,23.02103,72.66993,True
Sarthak Education,schools,General Educational School,23.02097,72.6712,True
Trishika Pre -Primary School,schools,Primary & Pre-School,23.01868,72.67075,True
Little Master Public School,schools,Primary & Pre-School,23.01885,72.66154,True
Vidhyanagar High School,schools,Secondary & High School,23.0192,72.66172,True
New Sarvodaya High School Triveni Vidhyavihar,schools,Secondary & High School,23.01847,72.64195,True
Triveni Vidyavihar,schools,General Educational School,23.01831,72.64125,True
Kusum Hindi High School,schools,Secondary & High School,23.01824,72.64191,True
Excellent Classes,schools,Coaching & Entrance Institute,23.01768,72.66775,True
Shriram Finance Limited,schools,General Educational School,23.01685,72.63902,True
Central English School,schools,Secondary & High School,23.01658,72.6388,True
WEL Infoweb PVT. LTD.,schools,General Educational School,23.01662,72.66173,True
Poddar's Institute Of Management,schools,College & University,23.01696,72.66632,True
A1 Computer Academy -Odhav,schools,General Educational School,23.01699,72.66911,True
"Sheth R T Hindi High School, Niketa primary school",schools,Primary & Pre-School,23.01649,72.66368,True
Sanskar Bharti Vidhyalaya,schools,Secondary & High School,23.01484,72.66394,True
Talent Computer Institute of Technology,schools,College & University,23.01477,72.63927,True
Shree Raj Bai Flower Mart,schools,General Educational School,23.015,72.64122,True
Advance Music and Dance Class,schools,General Educational School,23.01503,72.64025,True
Amit Higher Secondary Vidyalaya,schools,Secondary & High School,23.01548,72.64831,True
Shakti Education,schools,General Educational School,23.01551,72.64843,True
Matruchhaya High School and Amit Vidhyalay,schools,Secondary & High School,23.01522,72.64888,True
Grand Vishala Industrial Estate,schools,Secondary & High School,23.01621,72.6711,True
Shreeji fragrance,schools,General Educational School,23.01577,72.64044,True
Darul Uloom Ahle Sunnat Gulshan E Madina,schools,General Educational School,23.01623,72.63816,True
Ranker Classes,schools,Coaching & Entrance Institute,23.01588,72.61089,True
Shisu Shreyas Primary School,schools,Primary & Pre-School,23.01631,72.62033,True
Fso Consultants,schools,General Educational School,23.01628,72.61354,True
Shri N V Patel High School,schools,Secondary & High School,23.01631,72.6136,True
Hastaful Madhyamik Shala,schools,Secondary & High School,23.01631,72.6136,True
Muni Girls High School,schools,Secondary & High School,23.01631,72.6136,True
Kameshwar Vidhya Mandir,schools,General Educational School,23.01631,72.6136,True
Sadhana Vinay Mandir,schools,General Educational School,23.01631,72.6136,True
S.B.B College of Physiotherapy,schools,College & University,23.01631,72.6136,True
Navsanskar Hindi High School,schools,Secondary & High School,23.01631,72.6136,True
Bell Granito Ceramica Ltd.,schools,College & University,23.01631,72.6136,True
Urdu School No. 3,schools,Secondary & High School,23.01632,72.60841,True
Nagar Primary School,schools,Primary & Pre-School,23.01589,72.5882,True
Gujarat Motor Driving School,schools,Secondary & High School,23.01602,72.58834,True
chhipa wellfare school,schools,Secondary & High School,23.01625,72.58655,True
Math Tuition Classes Cuemath,schools,Coaching & Entrance Institute,23.01521,72.57137,True
Satnam Tomato Trading Company,schools,General Educational School,23.01546,72.60066,True
Kidswaypreschool,schools,Primary & Pre-School,23.01465,72.59657,True
Rudra education,schools,General Educational School,23.01425,72.59195,True
F.D. Higher Secondary School,schools,Secondary & High School,23.01469,72.58226,True
Math Tuition Classes Cuemath,schools,Coaching & Entrance Institute,23.0148,72.58153,True
Sultan Ahmed Computer Centre,schools,General Educational School,23.01407,72.58603,True
"EuroKids Nana Chiloda, Ahmedabad",schools,Primary & Pre-School,23.01416,72.58057,True
FD High School,schools,Secondary & High School,23.01369,72.58541,True
Solapur Computer Class,schools,General Educational School,23.01358,72.58477,True
Rainbow Digital Studio,schools,General Educational School,23.01381,72.58704,True
Kanishka hair&beauty salon + Academy,schools,General Educational School,23.01398,72.59306,True
Sch Amc East Gomtipur Guj.  6,schools,General Educational School,23.01413,72.60906,True
St. Aloysius Primary School,schools,Primary & Pre-School,23.014,72.60766,True
TJ Pandya Matru Chhaya High School,schools,Secondary & High School,23.0147,72.61805,True
Digital Marketing Training Institute - ASDM,schools,General Educational School,23.01363,72.6289,True
Rajpur Gujarati School,schools,Secondary & High School,23.01324,72.62104,True
Birgunj Expert Education and Visa Services,schools,General Educational School,23.0135,72.5916,True
Elite School for Children,schools,Secondary & High School,23.01341,72.57153,True
Cholamandalam Investment and Finance Company Limited,schools,General Educational School,23.01292,72.58502,True
AMC School,schools,Secondary & High School,23.01261,72.58125,True
F.D. Arts and Commerce College for Women,schools,College & University,23.01216,72.58297,True
Shakti Vidyalaya,schools,Secondary & High School,23.01223,72.59079,True
Shiksha365cloud,schools,General Educational School,23.01258,72.6003,True
TransStadia University,schools,College & University,23.01195,72.59898,True
Diwan Ballubhai School,schools,Secondary & High School,23.01164,72.60013,True
Manasvi Education,schools,General Educational School,23.01149,72.59216,True
Trimurti School,schools,Secondary & High School,23.01172,72.58702,True
Autography Handwriting Classes,schools,Coaching & Entrance Institute,23.01148,72.5864,True
Discovery International School,schools,International School,23.01113,72.57961,True
Aristo Florist,schools,General Educational School,23.01137,72.5747,True
A-One Florist,schools,General Educational School,23.01113,72.57762,True
Akshar Concept,schools,College & University,23.01138,72.59162,True
M P Pandya High School,schools,Secondary & High School,23.01135,72.59169,True
V-Trans Training and Development Center,schools,General Educational School,23.01087,72.59616,True
Classic Electrocoating Pvt Ltd,schools,General Educational School,23.01077,72.60086,True
Agrawal Group Tuition,schools,Coaching & Entrance Institute,23.01145,72.61793,True
Jyoti Vidhya Vihar Hindi Higher Secondary School,schools,Secondary & High School,23.01154,72.63246,True
Vivekanand Hindi High School,schools,Secondary & High School,23.01075,72.62097,True
Arbuda Sanskar School,schools,Secondary & High School,23.01075,72.64476,True
Math Tuition Classes Cuemath,schools,Coaching & Entrance Institute,23.01131,72.64027,True
Maheshwara Academy,schools,General Educational School,23.01089,72.65344,True
Voice Wings Education,schools,General Educational School,23.01091,72.65128,True
Taxashila College of Education,schools,College & University,23.01096,72.65084,True
Taxashila Little World,schools,Primary & Pre-School,23.01082,72.65097,True
Kalki Group Tution,schools,Coaching & Entrance Institute,23.01161,72.64884,True
Natural Education,schools,General Educational School,23.01168,72.64878,True
UCMAS,schools,General Educational School,23.01236,72.63866,True
Hard Work Academy,schools,General Educational School,23.01233,72.63878,True
Kalavati School,schools,Secondary & High School,23.01241,72.64263,True
Odhav Gujarati Shala No.3,schools,Secondary & High School,23.01281,72.65242,True
Odhav Hindi School,schools,Secondary & High School,23.01325,72.65154,True
New Shanti Niketan Prathamik School,schools,Secondary & High School,23.01319,72.65078,True
Crayon Galaxy Pre School - Vastral,schools,Primary & Pre-School,23.01083,72.67865,True
Variety Salon & Academy 4,schools,General Educational School,23.01059,72.67836,True
Jyoti Vidyalaya,schools,Secondary & High School,23.01029,72.64904,True
E.I.P Education,schools,General Educational School,23.00952,72.64506,True
Samarth Computer Education,schools,General Educational School,23.00896,72.66357,True
Ashish Higher Secondary School,schools,Secondary & High School,23.00872,72.66044,True
Heli Group Tuition,schools,Coaching & Entrance Institute,23.00822,72.64499,True
Center English School,schools,Secondary & High School,23.00809,72.63845,True
Royal Institute,schools,General Educational School,23.00789,72.66161,True
Yashsvi Academy,schools,General Educational School,23.00798,72.66153,True
Global It Computer Academy Vastral,schools,General Educational School,23.00794,72.66035,True
UCMAS,schools,General Educational School,23.0081,72.66018,True
Shree Sai Institute,schools,General Educational School,23.00815,72.662,True
Sensoul Education,schools,General Educational School,23.00824,72.6614,True
The Rising Buds Preschool & Daycare,schools,Primary & Pre-School,23.00848,72.66456,True
Red & White Multimedia Education,schools,General Educational School,23.00841,72.66619,True
Siddharth School,schools,Secondary & High School,23.0082,72.6681,True
Grp Sports Academy,schools,General Educational School,23.00765,72.67313,True
Vivekanand Nursing College,schools,College & University,23.0075,72.67781,True
Arpan Science College,schools,College & University,23.00757,72.6776,True
Firstcry Intellitots Preschool & Daycare In New Vastral,schools,Primary & Pre-School,23.00747,72.67241,True
Arpan Science College,schools,College & University,23.00747,72.67241,True
Kruti Computer Institute,schools,General Educational School,23.00607,72.65923,True
Bothra Classes Vastral,schools,Coaching & Entrance Institute,23.00623,72.6593,True
Nirvana Arts Studio,schools,General Educational School,23.00603,72.65934,True
Ayushi Institute,schools,General Educational School,23.00604,72.65935,True
Surya English Academy,schools,General Educational School,23.00516,72.64011,True
Shree Rushabh Jain Classes,schools,Coaching & Entrance Institute,23.00509,72.64036,True
Lakshya Academy,schools,General Educational School,23.00634,72.64897,True
"Sanskar Montessori School, 100 BN RAF",schools,Primary & Pre-School,23.00628,72.64538,True
Sunflower English Hindi Medium School,schools,Secondary & High School,23.00638,72.6396,True
jivan prakash High School,schools,Secondary & High School,23.00693,72.641,True
Bhavana Higher Secondary School Vastral Road Ahmedabad,schools,Secondary & High School,23.00694,72.63933,True
Grp Sports Academy,schools,General Educational School,23.00695,72.63935,True
Agrawal Group Tuition,schools,Coaching & Entrance Institute,23.00686,72.6526,True
AK Fashion Design Institute,schools,General Educational School,23.00661,72.65318,True
Seva Academy Vastral,schools,General Educational School,23.00669,72.64822,True
Parixit Academy,schools,General Educational School,23.00665,72.66163,True
Happy Crowns Pre-School - Vastral,schools,Primary & Pre-School,23.00755,72.66389,True
Sardar Patel Vocational Education,schools,General Educational School,23.00751,72.66029,True
Amraiwadi Municipal School No - 1,schools,Secondary & High School,23.00734,72.62262,True
Digital Maths,schools,General Educational School,23.00734,72.62262,True
Modi Motors,schools,General Educational School,23.00754,72.61404,True
Vishal Acharya's IELTS and PTE Coaching,schools,Coaching & Entrance Institute,23.00721,72.6138,True
Perfect English & Education,schools,General Educational School,23.00651,72.61111,True
Shantiniketan High School,schools,Secondary & High School,23.00687,72.63617,True
Om Shanti High School,schools,Secondary & High School,23.00635,72.62254,True
Tejendra English School,schools,Secondary & High School,23.00602,72.62752,True
Vande Mataram School,schools,Secondary & High School,23.00598,72.62629,True
Amraiwadi Gujarati School,schools,Secondary & High School,23.00548,72.62553,True
Digitally Yours,schools,General Educational School,23.00513,72.62001,True
KK Shastri Educational Campus,schools,College & University,23.00506,72.6175,True
Government MCA College,schools,College & University,23.00517,72.61773,True
Nelson's Primary School,schools,Primary & Pre-School,23.00506,72.60603,True
Akshar Coaching Classes,schools,Coaching & Entrance Institute,23.00526,72.60731,True
OM Institute,schools,General Educational School,23.00526,72.60731,True
"SBK - Maninagar, Best institute for Abacus & Phonics",schools,General Educational School,23.00532,72.60726,True
Shree Saraswati Mandir high School,schools,Secondary & High School,23.00532,72.60726,True
Skill Computer Classes,schools,Coaching & Entrance Institute,23.00532,72.60726,True
Raj Education Academy.,schools,General Educational School,23.00532,72.60726,True
GLS group tuition,schools,Coaching & Entrance Institute,23.00532,72.60726,True
Pragati School,schools,Secondary & High School,23.00595,72.61131,True
Little STAR School,schools,Primary & Pre-School,23.00609,72.59601,True
Prajapita Brahmakumaris Ishwariya Vishwa Vidyalaya,schools,Secondary & High School,23.00621,72.59352,True
Brahma Kumaris Ahmedabad Maninagar,schools,General Educational School,23.0062,72.59394,True
Kakariya public school,schools,Secondary & High School,23.00602,72.59327,True
Shree Academy,schools,General Educational School,23.00533,72.59043,True
Shakti Vidyalaya,schools,Secondary & High School,23.00709,72.59115,True
H.D. Institute,schools,General Educational School,23.00681,72.59053,True
Gautama Buddha - बुद्धं शरणं गच्छामि,schools,General Educational School,23.00703,72.58788,True
Nrutyasangini Dance Institute,schools,General Educational School,23.00703,72.58788,True
Municipal Kanya Shala,schools,Secondary & High School,23.00782,72.58682,True
Navnit Bhavan,schools,General Educational School,23.00755,72.58115,True
Sukh shanti Bhawan,schools,General Educational School,23.00736,72.58339,True
Classical Pre Primary School,schools,Primary & Pre-School,23.00793,72.58171,True
Unnati English School,schools,Secondary & High School,23.00788,72.58502,True
Baherampura Hindi School,schools,Secondary & High School,23.00829,72.58197,True
Mun Mun Primary School & Bal Mandir,schools,Primary & Pre-School,23.0082,72.58372,True
Gyan Education Academy,schools,General Educational School,23.00862,72.59173,True
Shriram Finance Limited,schools,General Educational School,23.00908,72.58924,True
Shree Divya Jyot Madhymik  School,schools,Secondary & High School,23.00816,72.61465,True
English Academy,schools,General Educational School,23.00784,72.62432,True
Chanakya Group Tuition,schools,Coaching & Entrance Institute,23.00899,72.63564,True
Nikkidevi and Pratik Vidyalaya,schools,Secondary & High School,23.00925,72.63358,True
Vivekanand Vidyalay,schools,General Educational School,23.00963,72.63639,True
Amraiwadi Gujarati Hindi Public School,schools,Secondary & High School,23.00986,72.63115,True
Chetanya Group Tuition,schools,Coaching & Entrance Institute,23.00978,72.62847,True
Convent English School,schools,Secondary & High School,23.01053,72.62104,True
Well teach spoken english and computer training centre,schools,General Educational School,23.01032,72.61295,True
Holi Family School,schools,Secondary & High School,23.01052,72.60871,True
LAKME Academy Maninagar,schools,General Educational School,23.01041,72.59938,True
EKA Stars,schools,General Educational School,23.01052,72.59929,True
Adarsh Primary School,schools,Primary & Pre-School,23.01067,72.59471,True
shramjivi vyayam shala,schools,Secondary & High School,23.01024,72.59338,True
Shree Swaminarayan Arts College,schools,College & University,23.00943,72.59887,True
Radhe Seeds and Pesticides,schools,General Educational School,23.01041,72.57978,True
Kalonji Oil - Nigella Sativa Oil,schools,General Educational School,23.01013,72.56412,True
Vision Education,schools,General Educational School,23.01011,72.56158,True
Math Tuition Classes Cuemath,schools,Coaching & Entrance Institute,23.01012,72.56042,True
Bavishi Fertility Institute,schools,General Educational School,23.00999,72.55757,True
Elite Academy of Dental Excellence,schools,General Educational School,23.00999,72.55757,True
ARHAM Dental Academy,schools,General Educational School,23.00999,72.55486,True
Cuemath,schools,General Educational School,23.0101,72.55323,True
Math Tuition Classes Cuemath,schools,Coaching & Entrance Institute,23.01028,72.55704,True
Shri Rambali Vidya Mandir High School,schools,Secondary & High School,23.01048,72.56029,True
The Beat Music Classes,schools,Coaching & Entrance Institute,23.01064,72.53757,True
Disha Computer Institute Satellite Branch,schools,General Educational School,23.01064,72.53757,True
Eduventure Academy,schools,General Educational School,23.01014,72.54743,True
Sunali's Classes,schools,Coaching & Entrance Institute,23.01032,72.54714,True
Jyot Education Foundation,schools,General Educational School,23.00962,72.55113,True
Arham Education,schools,General Educational School,23.00983,72.5478,True
Vedic Maths,schools,General Educational School,23.00991,72.54822,True
Modi Sir's Redox Institute of Chemistry,schools,General Educational School,23.00992,72.54844,True
Jainam Academy,schools,General Educational School,23.00931,72.54844,True
Doctor Baba Saheb Ambedkar Open University Study Centre,schools,College & University,23.00953,72.54822,True
U M Bhagat Madhyamik Shala,schools,Secondary & High School,23.00973,72.55549,True
IMChess Academy,schools,General Educational School,23.00988,72.56084,True
Kalorex Pre School - Paldi Center,schools,Primary & Pre-School,23.00976,72.55952,True
Sujalgrouptuition,schools,Coaching & Entrance Institute,23.00976,72.55952,True
Vikas Gruh Kanya Madhyamik H School,schools,Secondary & High School,23.00969,72.55743,True
Manish Eye Institute,schools,General Educational School,23.00956,72.56205,True
U.M. Bhagat School,schools,Secondary & High School,23.00918,72.55554,True
D Snakes  & Ladder Pre  School,schools,Secondary & High School,23.0092,72.55307,True
Dr. ChintanShah4Biology,schools,General Educational School,23.00862,72.55812,True
Ankur School,schools,Secondary & High School,23.00864,72.56003,True
Dharnidhar education,schools,College & University,23.00882,72.56142,True
Cotygreens,schools,General Educational School,23.00841,72.56702,True
Navsarjan Academy,schools,General Educational School,23.0085,72.56684,True
Pulkit HIGH School,schools,Secondary & High School,23.00852,72.56155,True
Risingkids Pre-School,schools,Primary & Pre-School,23.00837,72.56281,True
Khyati Ninos,schools,General Educational School,23.00823,72.56351,True
Anand Niketan Play House,schools,Secondary & High School,23.00828,72.56353,True
"EuroKids PreSchool in Paldi, Narayan Nagar Road",schools,Primary & Pre-School,23.00792,72.56686,True
Bionique Institute,schools,General Educational School,23.00818,72.55974,True
Ellisbridge School,schools,Secondary & High School,23.00819,72.55851,True
Insight Academy,schools,General Educational School,23.00793,72.56039,True
Future Path,schools,General Educational School,23.00796,72.56043,True
Aagam Institute,schools,General Educational School,23.00788,72.56038,True
BAIL - British Academy Of International Languages,schools,International School,23.00787,72.56004,True
New Trinity English School,schools,Secondary & High School,23.00813,72.55634,True
P. Panchal Sir Physics Tuition,schools,Coaching & Entrance Institute,23.00824,72.55955,True
Manappuram Finance,schools,General Educational School,23.00822,72.55946,True
Cuemath,schools,General Educational School,23.00843,72.55981,True
Nirav Dance Academy,schools,General Educational School,23.00848,72.56006,True
Brainobrain Paldi - Skill Development Program with Abacus and NLP,schools,General Educational School,23.0084,72.55277,True
V R Shah School,schools,Secondary & High School,23.00797,72.55188,True
The Being Hipster Music Production Studio and Classes,schools,Coaching & Entrance Institute,23.00818,72.54149,True
Firstcry Intellitots,schools,General Educational School,23.00876,72.54683,True
Dhyey Institute of Mathematics,schools,General Educational School,23.00898,72.54827,True
Mentors Paramedical College,schools,College & University,23.00909,72.54946,True
Vibrant Academy,schools,General Educational School,23.00916,72.54797,True
Ketul_academy_of_dance,schools,General Educational School,23.00923,72.54329,True
Aarambh Garba Classes,schools,Coaching & Entrance Institute,23.0086,72.52876,True
Keshav Career Counselling,schools,Coaching & Entrance Institute,23.00858,72.52869,True
Don Bosco English School,schools,Secondary & High School,23.00786,72.52829,True
Zydus School for Excellence,schools,Secondary & High School,23.00807,72.52904,True
Brahmakumaris Rajyoga Maditation Centre,schools,General Educational School,23.00791,72.52223,True
Chankya Institute of Education,schools,General Educational School,23.00785,72.52041,True
Swadeep Shikshan Vikas Sanstha,schools,Secondary & High School,23.00847,72.51688,True
iTechputer IT Solution,schools,General Educational School,23.00811,72.50895,True
Schoolslens Solutions Pvt. Ltd.,schools,Secondary & High School,23.00812,72.50687,True
Reader's Nest,schools,General Educational School,23.00825,72.50493,True
Navneet Tandon Classes,schools,Coaching & Entrance Institute,23.00885,72.50877,True
The Doctorpreneur Academy,schools,General Educational School,23.00871,72.50724,True
Nilesh Initiatives,schools,General Educational School,23.00885,72.51665,True
Cuemath,schools,General Educational School,23.00926,72.51124,True
Seiko Global Immigration,schools,General Educational School,23.00931,72.50687,True
Shanti Juniors,schools,General Educational School,23.00945,72.50699,True
Open Wings,schools,General Educational School,23.00948,72.50695,True
Math Tuition Classes Cuemath,schools,Coaching & Entrance Institute,23.00951,72.5061,True
Training Infoline,schools,General Educational School,23.00947,72.50895,True
Rakhi's Classes,schools,Coaching & Entrance Institute,23.00947,72.50895,True
Victoria University India(VU India),schools,College & University,23.00987,72.50702,True
Global Colliance Overseas Education Private Limited,schools,General Educational School,23.00953,72.51096,True
Educatimatic Global,schools,General Educational School,23.0095,72.52216,True
You Can Change Institute Ahmadabad,schools,General Educational School,23.01031,72.52432,True
Sadhna Institute of Education,schools,General Educational School,23.01024,72.52795,True
Chamundakrupa Gas Service,schools,General Educational School,23.01041,72.52866,True
Shyamal Shakti School,schools,Secondary & High School,23.01036,72.5331,True
Bulls Edge Academy,schools,General Educational School,23.01039,72.52289,True
Pahal Learning Centre,schools,General Educational School,23.01048,72.51754,True
Future Tots Sciencecity,schools,General Educational School,23.01022,72.50511,True
IntelOps by Soham Learning,schools,General Educational School,23.01045,72.5057,True
Study Isle,schools,General Educational School,23.0104,72.50564,True
My School of Finance,schools,Secondary & High School,23.01063,72.5057,True
D Vivid Consultant,schools,General Educational School,23.01054,72.50577,True
LML School,schools,Secondary & High School,23.00967,72.4779,True
A-Plus Exclusive Coaching,schools,Coaching & Entrance Institute,23.01024,72.4726,True
Shanti Business School,schools,College & University,23.01009,72.45895,True
"Shikhar Institute, Shela",schools,General Educational School,23.01039,72.45571,True
Kidzee Shela,schools,General Educational School,23.00978,72.4604,True
PRIME TIME Overseas,schools,General Educational School,23.00949,72.46477,True
Shanti Juniors Preschool Shela,schools,Primary & Pre-School,23.00918,72.45802,True
nob_hair_salon_academy,schools,General Educational School,23.00914,72.4547,True
Shela Primary School,schools,Primary & Pre-School,23.00873,72.44266,True
Growing Seeds,schools,General Educational School,23.00796,72.45756,True
RH Kapadiya Sports Academy,schools,General Educational School,23.00792,72.48859,True
The Greens Nursery,schools,Primary & Pre-School,23.00793,72.49446,True
L. J. Institute of Computer Applications,schools,General Educational School,23.00792,72.5012,True
Chimanbhai Patel Institute,schools,General Educational School,23.00711,72.5014,True
IJC - Institute of Journalism and Communication,schools,General Educational School,23.00692,72.50151,True
Suramya Farm and Cricket Academy,schools,General Educational School,23.00697,72.48574,True
Olympian Sports Academy,schools,General Educational School,23.00783,72.48074,True
Nurtureland Preschool Shela,schools,Primary & Pre-School,23.00748,72.4531,True
Math Tuition Classes Cuemath,schools,Coaching & Entrance Institute,23.00655,72.45543,True
Advait Gurukul,schools,General Educational School,23.00594,72.46599,True
Foster Kids Preschool Gujarat,schools,Primary & Pre-School,23.00576,72.45405,True
Grand 07 Tokyo,schools,General Educational School,23.00618,72.45449,True
Khyati Ninos - Bopal,schools,General Educational School,23.00506,72.45227,True
Divine Kids Pre-School,schools,Primary & Pre-School,23.0056,72.45425,True
"Shanti Asiatic School, Bopal",schools,Secondary & High School,23.0056,72.45425,True
Dholera Gurukul,schools,General Educational School,23.0056,72.50134,True
Cosmos Castle International School,schools,International School,23.00518,72.49347,True
Shivam Institute,schools,General Educational School,23.00529,72.53065,True
Sanskardham Shishumandir,schools,Primary & Pre-School,23.00538,72.52753,True
India Driving School,schools,Secondary & High School,23.00544,72.53389,True
Rainbow Play Group & Nursery,schools,Primary & Pre-School,23.00566,72.52948,True
Jivan Sadhana Vidhyalay,schools,General Educational School,23.00559,72.52757,True
Sharda Vidyalaya,schools,Secondary & High School,23.00606,72.53172,True
Vedant International Pre School,schools,International School,23.00604,72.53151,True
Pujara Institute,schools,General Educational School,23.00601,72.52981,True
Sharada Primary School,schools,Primary & Pre-School,23.00592,72.53087,True
Kavya Achievers Academy,schools,General Educational School,23.00592,72.52985,True
Krishna Sagar School,schools,Secondary & High School,23.00589,72.5289,True
Drama Studio by Shreta,schools,General Educational School,23.00575,72.50538,True
Edugo Abroad,schools,General Educational School,23.006,72.50509,True
Bajaj Finserv AMC Partner - Fund Nivesh,schools,General Educational School,23.0061,72.50663,True
Saraswati vidyalaya,schools,Secondary & High School,23.00634,72.50587,True
Royal Cricket Academy,schools,General Educational School,23.00661,72.50408,True
Cuemath,schools,General Educational School,23.00659,72.50638,True
Ananda Global School,schools,International School,23.00662,72.51808,True
Math Tuition Classes Cuemath,schools,Coaching & Entrance Institute,23.00702,72.5123,True
Math Tuition Classes Cuemath,schools,Coaching & Entrance Institute,23.00707,72.50443,True
Money Plant Trading Academy,schools,General Educational School,23.00722,72.50561,True
Cub's Den - The kids studio,schools,Primary & Pre-School,23.00749,72.50481,True
Edmission Consulting,schools,General Educational School,23.00769,72.50457,True
Global Network Institute,schools,General Educational School,23.00766,72.50456,True
Desire Cricket Academy,schools,General Educational School,23.00768,72.50455,True
Elevator Education,schools,General Educational School,23.00783,72.5068,True
Urmi Yoga Academy,schools,General Educational School,23.00753,72.5066,True
LJ Integrated MBA,schools,General Educational School,23.00753,72.5066,True
Flory Soccer Academy,schools,General Educational School,23.00753,72.5066,True
Xceptive Solutions LLP,schools,College & University,23.00753,72.5066,True
Perpetuity Education Pathways.,schools,General Educational School,23.00753,72.5066,True
LogicRays Academy,schools,General Educational School,23.00753,72.5066,True
Math Tuition Classes Cuemath,schools,Coaching & Entrance Institute,23.0076,72.51092,True
Shri Hari Academy,schools,General Educational School,23.00757,72.51653,True
Humpty Dumpty Preschool,schools,Primary & Pre-School,23.00743,72.51593,True
Mahima Beauty Care & Academy,schools,General Educational School,23.00714,72.51962,True
Eklavya Group Tuition,schools,Coaching & Entrance Institute,23.0069,72.53161,True
prashant school,schools,Secondary & High School,23.00687,72.52885,True
Dhruv Vidhyalay,schools,General Educational School,23.00711,72.52282,True
RR Dwivedi School,schools,Secondary & High School,23.00701,72.51913,True
R R Trivedi Primary School,schools,Primary & Pre-School,23.00696,72.51885,True
The R H Kapadia New H Seo School,schools,Secondary & High School,23.00697,72.5227,True
SJS English Medium School,schools,Secondary & High School,23.00676,72.51936,True
Acharya Surendrasurishwarji Jain Tattvagyan Shala,schools,Secondary & High School,23.0071,72.5483,True
Science Day School,schools,Secondary & High School,23.00779,72.55168,True
Siddhi B.ed College,schools,College & University,23.00778,72.55182,True
Nimrose Music Academy,schools,General Educational School,23.00723,72.54825,True
Jack and Jill,schools,General Educational School,23.00719,72.55097,True
TechMate Computer Education,schools,General Educational School,23.00728,72.55839,True
Upnishad Science Institute,schools,General Educational School,23.00727,72.55874,True
Institute of Advanced Network Technology,schools,General Educational School,23.00728,72.55872,True
Upnishad Classes,schools,Coaching & Entrance Institute,23.00726,72.55815,True
jeet academy,schools,Coaching & Entrance Institute,23.00745,72.55774,True
Aegis Computers,schools,General Educational School,23.00754,72.55897,True
Cuemath,schools,General Educational School,23.0076,72.56343,True
Little Flower School,schools,Primary & Pre-School,23.0069,72.55473,True
Shree V R Shah Adarsh Memory Primary School,schools,Primary & Pre-School,23.00686,72.5544,True
Universal classes,schools,Coaching & Entrance Institute,23.00672,72.55761,True
Muthoot FinCorp Gold Loan,schools,General Educational School,23.00672,72.55703,True
Suhani Nursing Institute,schools,General Educational School,23.00665,72.55685,True
BYJU'S Tuition Centre - Paldi,schools,Coaching & Entrance Institute,23.00652,72.55672,True
Sura Academy Institute,schools,General Educational School,23.00644,72.55695,True
Darshan Sir's Academy of Learning,schools,General Educational School,23.00647,72.55725,True
Jai-Vir Furniture,schools,General Educational School,23.0067,72.56274,True
Creators Institute of Self Management,schools,General Educational School,23.00586,72.55559,True
Parasmani tutorials - Best tuition classes in paldi,schools,Coaching & Entrance Institute,23.00595,72.55559,True
Rigveda Music,schools,General Educational School,23.00602,72.55572,True
Status Study Center,schools,Coaching & Entrance Institute,23.00607,72.55556,True
SEA PALDI,schools,General Educational School,23.0064,72.55659,True
Pancham Academy of Indian Music,schools,General Educational School,23.00618,72.55175,True
Tapovan Preschool,schools,Primary & Pre-School,23.00611,72.54605,True
Shree Ganesh Vidhyamandir School,schools,Secondary & High School,23.00597,72.54698,True
Harshid Shah's Institute of Chemistry,schools,General Educational School,23.00566,72.5449,True
Pearl Special Need Foundation,schools,General Educational School,23.00501,72.54348,True
Shishu kids Wear,schools,Primary & Pre-School,23.0057,72.55602,True
Aspiration Academy,schools,General Educational School,23.00555,72.55573,True
Math Tuition Classes Cuemath,schools,Coaching & Entrance Institute,23.00522,72.56419,True
Malhar - The Drop of Dzire,schools,General Educational School,23.0051,72.56522,True
Fantac Biochem,schools,General Educational School,23.00494,72.56462,True
Ketan Bhatt Group Tuition,schools,Coaching & Entrance Institute,23.00438,72.5535,True
Pratish Motor Driving School,schools,Secondary & High School,23.00485,72.54799,True
Shree Manibhadra Group Tuition,schools,Coaching & Entrance Institute,23.00494,72.54331,True
Sunflower School,schools,Secondary & High School,23.00433,72.53789,True
Muthoot Finance Gold Loan,schools,General Educational School,23.00453,72.54558,True
Math Tuition Classes Cuemath,schools,Coaching & Entrance Institute,23.00399,72.54161,True
Maitri's Art Classes,schools,Coaching & Entrance Institute,23.00382,72.54528,True
Math Tuition Classes Cuemath,schools,Coaching & Entrance Institute,23.00366,72.55337,True
Dream Dance Studio,schools,General Educational School,23.00409,72.55426,True
Teleview Electronics,schools,General Educational School,23.00405,72.5544,True
Dhanvantri Garden,schools,General Educational School,23.00397,72.55987,True
Prabhudas Thakkar College,schools,College & University,23.00352,72.56652,True
Vasa Pharmachem Pvt. Ltd,schools,General Educational School,23.00334,72.55468,True
Cuemath,schools,General Educational School,23.0022,72.55708,True
Sanskar A Child Development Centre,schools,General Educational School,23.00252,72.55546,True
Kevin Sir's Arham Academy,schools,General Educational School,23.00253,72.56058,True
Sanskar,schools,General Educational School,23.0027,72.55103,True
Rami Flowers.,schools,General Educational School,23.00221,72.54818,True
Shree Navkar Education,schools,General Educational School,23.00351,72.55225,True
Vasna Municipal School,schools,Secondary & High School,23.00349,72.54729,True
Sapu's Preschool,schools,Primary & Pre-School,23.00339,72.53796,True
Sheetalnath Turbo English,schools,General Educational School,23.00335,72.53118,True
Math Tuition Classes Cuemath,schools,Coaching & Entrance Institute,23.00315,72.51921,True
Vikash Education,schools,General Educational School,23.00305,72.51913,True
Sharda Shishu Vihar High School,schools,Primary & Pre-School,23.00288,72.52344,True
Ravi Nagar School,schools,Secondary & High School,23.00292,72.53046,True
SAFAL Education Academy,schools,General Educational School,23.0028,72.5177,True
Humpty Dumpty PreSchool,schools,Primary & Pre-School,23.00263,72.51868,True
Rosy Kids Group,schools,Primary & Pre-School,23.00246,72.51761,True
Ganesh Education,schools,General Educational School,23.00241,72.51754,True
Teknol India Private Limited,schools,General Educational School,23.0023,72.50257,True
Bon-Ton Salon and Academy,schools,General Educational School,23.00287,72.51785,True
Universal Computer Education,schools,General Educational School,23.0041,72.51785,True
Vejalpur Municipal School,schools,Secondary & High School,23.00392,72.51639,True
Happy Kidz Preschool,schools,Primary & Pre-School,23.00373,72.51968,True
Herixz Salon & Academy,schools,General Educational School,23.0036,72.53344,True
Compulink Services,schools,General Educational School,23.00395,72.53227,True
Apex Chess Academy,schools,General Educational School,23.00428,72.52321,True
Nirmalam Dance Academy,schools,College & University,23.00437,72.5217,True
Neelkanth Primary and Secondary School,schools,Secondary & High School,23.0043,72.53428,True
Chandra Bhanu High School,schools,Secondary & High School,23.00438,72.53225,True
Math Tuition Classes Cuemath,schools,Coaching & Entrance Institute,23.00372,72.45689,True
Shanti Asiatic School,schools,Secondary & High School,23.00252,72.45564,True
Toy Blocks Preschool and Activity Hub,schools,Primary & Pre-School,23.0032,72.4952,True
Shaishya Kids Campus,schools,College & University,23.00273,72.49656,True
Gheljipura Primary School,schools,Primary & Pre-School,23.00115,72.47928,True
Shanti Business School,schools,College & University,23.00209,72.45561,True
Little Marvels Preschools,schools,Primary & Pre-School,23.00119,72.45582,True
Bhaskar Education,schools,General Educational School,23.00049,72.49987,True
Shriram Finance Limited,schools,General Educational School,22.99976,72.49969,True
Hue Marcom,schools,General Educational School,22.99941,72.50098,True
Cuemath,schools,General Educational School,22.99962,72.5055,True
Rajeshwari smart kids,schools,Primary & Pre-School,22.99981,72.51258,True
Shree Nrityam Dance Academy,schools,General Educational School,22.99946,72.51747,True
Five Elements English Primary School,schools,Primary & Pre-School,23.00019,72.51404,True
UCMAS,schools,General Educational School,23.00027,72.50699,True
Arjuna The International Preschool,schools,International School,23.00049,72.5062,True
Shor Bakor Pre School,schools,Primary & Pre-School,23.00059,72.50748,True
P&S Visa International,schools,International School,23.00064,72.5021,True
5 Elements High School,schools,Secondary & High School,23.00075,72.51564,True
KNZ Academy Tuition Classes,schools,Coaching & Entrance Institute,23.0012,72.50679,True
Adarsh Hindi Vidhyalaya,schools,Secondary & High School,23.00151,72.52885,True
NK Girls High School,schools,Secondary & High School,23.00126,72.53418,True
Iqra Primary School,schools,Primary & Pre-School,23.00134,72.529,True
M.G.Pharma,schools,General Educational School,23.00117,72.55187,True
Shailly Computer Education,schools,General Educational School,23.00117,72.55187,True
The Milestone Preschool,schools,Primary & Pre-School,23.00124,72.55184,True
Diwan Ballubhai Higher Secondary School,schools,Secondary & High School,23.0014,72.54955,True
Apollo International School - Vasna,schools,International School,23.00208,72.54741,True
Shree Ganesh Vidhyamandir,schools,General Educational School,23.00208,72.54741,True
Himanshi Study Centre,schools,Coaching & Entrance Institute,23.002,72.54748,True
Shree Navkar Education,schools,General Educational School,23.00171,72.54813,True
JoyJumperz Preschool,schools,Primary & Pre-School,23.00162,72.55347,True
Abhyuday Education Group,schools,General Educational School,23.00164,72.55371,True
EuroKids- Paldi,schools,Primary & Pre-School,23.00205,72.55552,True
Flamingo Air Academy | Hotel Management Courses | IATA Courses,schools,General Educational School,23.00206,72.56439,True
The TreeHouse Paldi,schools,General Educational School,23.00206,72.56364,True
Upnishad Classes,schools,Coaching & Entrance Institute,23.00119,72.55287,True
Rangoli pre school vasna,schools,Primary & Pre-School,23.00109,72.55488,True
Rashmi Jain's Academy,schools,General Educational School,23.00039,72.55948,True
Divine Life School,schools,Secondary & High School,23.00064,72.54975,True
Shree vardhaman jain bording and Vidhyalaya,schools,Secondary & High School,23.00061,72.54656,True
New Millennium Primary School,schools,Primary & Pre-School,23.00008,72.54286,True
Amul Garden Vasna,schools,General Educational School,23.00003,72.54763,True
Respire Experiential Learning,schools,General Educational School,23.00026,72.54587,True
RG Shah Science College,schools,College & University,22.99979,72.54633,True
Pathashala Education System,schools,Secondary & High School,22.9998,72.54556,True
Ahmedabad Arts and Commerce College,schools,College & University,22.99964,72.54625,True
Little steps,schools,Primary & Pre-School,22.99958,72.54887,True
Southwest High School,schools,Secondary & High School,22.99943,72.55284,True
Little Millennium,schools,Primary & Pre-School,23.0,72.55822,True
Ritmo Music Academy by Chahat Shailesh,schools,General Educational School,22.99983,72.55743,True
Math Tuition Classes Cuemath,schools,Coaching & Entrance Institute,22.99964,72.5621,True
Behrampura-11,schools,General Educational School,22.99945,72.57056,True
M.S. Public School,schools,Secondary & High School,23.0,72.58616,True
Shree Krishna Vidhyalay,schools,General Educational School,23.00051,72.58234,True
Math Tuition Classes Cuemath,schools,Coaching & Entrance Institute,23.00022,72.58573,True
Shama college of Nursing,schools,College & University,23.00017,72.58717,True
New Gujarati Madhyamik School,schools,Secondary & High School,23.00056,72.58863,True
PRIME Academy,schools,General Educational School,23.0007,72.58914,True
LTA School of Beauty,schools,Secondary & High School,23.00046,72.60066,True
Best Beauty Salon & Academy in Ahmedabad | Vrinda's Beauty Care,schools,General Educational School,23.00043,72.60008,True
Daga Finmark India Limited,schools,General Educational School,23.00039,72.60021,True
"Aakash Institute, Maninagar",schools,Coaching & Entrance Institute,23.00039,72.60029,True
UCMAS Maninagar,schools,General Educational School,23.00026,72.60033,True
"Physics Wallah Vidyapeeth Coaching Center Maninagar | IIT JEE, NEET & Foundation Classes",schools,College & University,23.00011,72.60291,True
Smart Champs English School,schools,Secondary & High School,22.99973,72.60052,True
Integrated Enterprises (India) Private Limited,schools,General Educational School,22.99969,72.59338,True
TEC Institute,schools,General Educational School,22.99951,72.59418,True
Little Millennium,schools,Primary & Pre-School,22.9996,72.59897,True
Jay Somnath Higher Secondary School,schools,Secondary & High School,22.9995,72.6003,True
H.B. Commerce Classes,schools,Coaching & Entrance Institute,22.99945,72.60113,True
Acorn School,schools,Secondary & High School,22.9996,72.60992,True
Kalorex Pre School,schools,Primary & Pre-School,22.9996,72.6098,True
Vaishnavi Group Tuition,schools,Coaching & Entrance Institute,22.99955,72.60712,True
KumKum School,schools,Secondary & High School,22.99997,72.60592,True
Trinityhighersecondaryschool,schools,Secondary & High School,22.99997,72.60592,True
TOM Agency META,schools,General Educational School,22.99997,72.60592,True
Vinayak Siddhi Classes - Vipul Sir,schools,Coaching & Entrance Institute,22.99997,72.60592,True
DOON School of Achievers,schools,Secondary & High School,22.99997,72.60592,True
Muktajivan English School,schools,Secondary & High School,22.99997,72.60592,True
Kabira Institute of Computer,schools,General Educational School,23.00002,72.60771,True
Khokhra Shri Sarasvati Mandir School 4,schools,Secondary & High School,22.9999,72.61855,True
Rastrabharti English School Ahmedabad,schools,Secondary & High School,22.99945,72.62396,True
East India English Speaking Academy,schools,General Educational School,22.9994,72.63566,True
Shantiniketan High School,schools,Secondary & High School,22.99952,72.63574,True
Nails4ever,schools,General Educational School,22.99949,72.63625,True
Purvadeep Madhyamik School,schools,Secondary & High School,22.99966,72.63405,True
IJSTE Journal,schools,General Educational School,22.99988,72.63034,True
Vidhyasagar Gujarati School,schools,Secondary & High School,22.99997,72.63095,True
Angels Paradies English School,schools,Secondary & High School,23.0,72.63086,True
Archana Vidyalaya,schools,Secondary & High School,22.99982,72.62434,True
Archana Higher Secondary School,schools,Secondary & High School,22.99989,72.62454,True
Vedant institute,schools,General Educational School,23.00003,72.62351,True
BOSSE board 7777,schools,General Educational School,23.00017,72.6369,True
Mother Care Play Group and Nursery,schools,Primary & Pre-School,23.00025,72.63522,True
JD Education,schools,General Educational School,23.00034,72.63022,True
Amraiwadi Gujarati School No 13 14,schools,Secondary & High School,23.00057,72.62925,True
Career Way Academy,schools,Coaching & Entrance Institute,23.0006,72.61926,True
Dhruveducationhighschool,schools,Secondary & High School,23.0006,72.61926,True
Sunrise vidhyamandir,schools,General Educational School,23.0006,72.61923,True
Shree Sidhivinayak Motor Driving School,schools,Secondary & High School,23.00013,72.60999,True
Rajesh Shah Group Tuition,schools,Coaching & Entrance Institute,23.00003,72.60769,True
Angel English School,schools,Secondary & High School,23.00006,72.60464,True
Marks Career Education,schools,Coaching & Entrance Institute,23.0006,72.60746,True
7 Star Sports Badminton Academy,schools,General Educational School,23.00056,72.6065,True
Jharna Institute(JTC),schools,General Educational School,23.00085,72.60399,True
NEHA coaching centre,schools,Coaching & Entrance Institute,23.00106,72.60919,True
Vrajesh Education World,schools,General Educational School,23.00114,72.6072,True
Kalyan Girls School,schools,Secondary & High School,23.00132,72.61775,True
Khokhra Public School,schools,Secondary & High School,23.00137,72.6194,True
Experts Abroad,schools,General Educational School,23.00098,72.62273,True
OM Muruga English School,schools,Secondary & High School,23.00138,72.62582,True
Purvdeep High School,schools,Secondary & High School,23.00109,72.62805,True
Memorial Group Tuition & Classes,schools,Coaching & Entrance Institute,23.00168,72.63508,True
Purnima Detergent,schools,General Educational School,23.00196,72.6358,True
Pehchan Advanced Accounting Academy,schools,General Educational School,23.00202,72.619,True
Triangle Academy,schools,General Educational School,23.00206,72.61904,True
Cyber World Academy,schools,General Educational School,23.00179,72.61761,True
Jigs Dance & Garba Academy,schools,General Educational School,23.00164,72.61884,True
Scholar International School,schools,International School,23.00151,72.61716,True
Beybs High School,schools,Secondary & High School,23.0017,72.606,True
Springdale Junior School,schools,Secondary & High School,23.00177,72.60748,True
"EuroKids Preschool at Balvatika, Maninagar, Best Kindergarten",schools,Primary & Pre-School,23.00184,72.60571,True
Reubs Primary High and Higher Secondary School,schools,Secondary & High School,23.00184,72.60622,True
Math Tuition Classes Cuemath,schools,Coaching & Entrance Institute,23.002,72.5989,True
Deep Physique and Performance Coaching,schools,Coaching & Entrance Institute,23.00215,72.59833,True
Shree Swaminarayan Arts College,schools,College & University,23.00208,72.58942,True
Dr Baba Saheb Ambedkar Open University Study Ctr,schools,College & University,23.00196,72.58936,True
Gujarat University Exhibition and Convention Center,schools,College & University,23.0015,72.58747,True
The Tree House Playgroup & Nursary,schools,Primary & Pre-School,23.00155,72.59757,True
BYJU'S Tuition Centre - Maninagar,schools,Coaching & Entrance Institute,23.0016,72.59834,True
Gyanrath classes,schools,Coaching & Entrance Institute,23.00159,72.60328,True
Shree Krishnam Raas Garba Classes,schools,Coaching & Entrance Institute,23.00131,72.5982,True
Fairyland Preschool,schools,Primary & Pre-School,23.00125,72.59882,True
"Shree Swaminarayan Gadi International Techno School - ssgits, Maninagar",schools,International School,23.00121,72.60339,True
Om Classes,schools,Coaching & Entrance Institute,23.00079,72.60177,True
Shahin Computer Classes,schools,Coaching & Entrance Institute,23.00092,72.58936,True
Samskrita Bharati,schools,General Educational School,23.00139,72.59227,True
Aangan public school,schools,Secondary & High School,23.0019,72.58235,True
Genius Academy,schools,General Educational School,23.00217,72.58986,True
Lakme Academy,schools,General Educational School,23.00222,72.59915,True
SAKHI Institute,schools,General Educational School,23.00265,72.59825,True
Bright English School,schools,Secondary & High School,23.00267,72.59871,True
Bright Spark Overseas Education,schools,General Educational School,23.00253,72.5903,True
Divya Kids,schools,Primary & Pre-School,23.00274,72.58975,True
Math Tuition Classes Cuemath,schools,Coaching & Entrance Institute,23.00296,72.59601,True
Kids Garden,schools,Primary & Pre-School,23.00313,72.60142,True
Convirtul Technologies,schools,General Educational School,23.00317,72.59707,True
Gujarat Institute of Medical Representative,schools,General Educational School,23.00318,72.59698,True
Sindhi High School,schools,Secondary & High School,23.00361,72.58137,True
Behrampura School,schools,Secondary & High School,23.00426,72.57714,True
Eyecone Multimedia Education,schools,General Educational School,23.0044,72.59045,True
Muthoot Finance Gold Loan,schools,General Educational School,23.00426,72.59,True
AMC Dental College and Hospital,schools,College & University,23.00391,72.61267,True
Government Arts College,schools,College & University,23.00402,72.61677,True
Shree Swaminarayan Primary School,schools,Primary & Pre-School,23.00393,72.60539,True
Sheetalnath Turbo English,schools,General Educational School,23.00473,72.60572,True
Shri KK Shashtri Government Commerce College,schools,College & University,23.00453,72.61704,True
Institute of Infrastructure Technology Research and Management,schools,General Educational School,23.00438,72.62016,True
Rageshri School Of Music,schools,Secondary & High School,23.00464,72.62774,True
Institute of Professional Computer Accountant,schools,General Educational School,23.00495,72.63746,True
Vedansh Institute of Fashion Technology and Research Institute -Vift&ri,schools,General Educational School,23.00492,72.63763,True
Ahuja's overseas,schools,General Educational School,23.00488,72.63786,True
Geeta School,schools,Secondary & High School,23.00426,72.62452,True
Geeta Vidhyalay,schools,General Educational School,23.00403,72.62452,True
Tejasvi Group Tuition,schools,Coaching & Entrance Institute,23.00392,72.62457,True
BB Bake-n-Cook Classes l Ahmedabad Branch,schools,Coaching & Entrance Institute,23.00344,72.63295,True
Ankur Hindi High School,schools,Secondary & High School,23.00292,72.62637,True
Star group tution,schools,Coaching & Entrance Institute,23.00343,72.62299,True
Sunshine academy ahmedabad,schools,General Educational School,23.0035,72.61697,True
Pragati High School Ahmedabad,schools,Secondary & High School,23.0034,72.61715,True
"Kalorex Pre School, Maninagar",schools,Primary & Pre-School,23.00341,72.60753,True
H3 Preschool,schools,Primary & Pre-School,23.00332,72.60626,True
Palakshi Preschool Maninagar,schools,Primary & Pre-School,23.00338,72.60618,True
Music Classes in Ahmedabad,schools,Coaching & Entrance Institute,23.00319,72.60697,True
Shri. K.K. Shastri Govt Commerce College,schools,College & University,23.00315,72.61757,True
Viftri Fashion Designing Modeling institute,schools,General Educational School,23.00299,72.61831,True
Government Law College,schools,College & University,23.00274,72.61813,True
Happiness Paramedical Institute,schools,General Educational School,23.00273,72.6187,True
Maruti Computer Education,schools,General Educational School,23.00271,72.61865,True
Sunrise Academy,schools,General Educational School,23.00258,72.61913,True
Achievers Acadamy,schools,General Educational School,23.00256,72.61843,True
Orane Beauty Academy Institute Of Beauty And Maninagar Wellness,schools,General Educational School,23.00268,72.6074,True
TIPMS Paramedical College,schools,College & University,23.00268,72.61028,True
Podar Jumbo Kids,schools,Primary & Pre-School,23.00222,72.60589,True
Karya Paramedical Nursing Institute,schools,General Educational School,23.00242,72.61926,True
Udaan Institute of Information Technology - Maninagar East Branch,schools,General Educational School,23.00226,72.61914,True
Digital Tech Cafe Ahmedabad,schools,General Educational School,23.00225,72.61891,True
Sharleen's Academy & Consultancy,schools,General Educational School,23.00217,72.6191,True
Gujarat Cycle Company,schools,General Educational School,23.00217,72.62713,True
Amaraiwadi Gujarati School,schools,Secondary & High School,23.00247,72.6248,True
Saraswati Vidyamandir,schools,General Educational School,23.00238,72.62476,True
Mahi Makeover and Academy,schools,General Educational School,23.00231,72.63831,True
Shri Shankar Vidhyalay,schools,General Educational School,23.00269,72.64043,True
Oxford Institute,schools,General Educational School,23.00263,72.64524,True
Jivan Jyot Secondary School,schools,Secondary & High School,23.00283,72.64964,True
Enfowiz Computer Classes,schools,Coaching & Entrance Institute,23.00275,72.6526,True
Antica Maritime Academy,schools,General Educational School,23.00285,72.65246,True
LIONS Sports Academy,schools,General Educational School,23.00261,72.65087,True
Nirman Education,schools,College & University,23.00239,72.65259,True
Balark School,schools,Secondary & High School,23.00235,72.65213,True
Shree Krishna Kids Foundation,schools,Primary & Pre-School,23.00239,72.65865,True
Swastik Kidz The Pre School,schools,Primary & Pre-School,23.00239,72.65865,True
Educraft academy,schools,General Educational School,23.00239,72.65865,True
Doon Premium School,schools,Secondary & High School,23.00235,72.65855,True
Little Kids Preschool,schools,Primary & Pre-School,23.00296,72.65832,True
Nirman Education,schools,College & University,23.00304,72.65856,True
Pro Martial Arts Academy,schools,General Educational School,23.00314,72.66299,True
Madhav Education Campus,schools,College & University,23.00307,72.66283,True
Amigos - The Academy of Stock Market,schools,General Educational School,23.00332,72.66696,True
Grow International,schools,International School,23.00347,72.66713,True
Madhav International School,schools,International School,23.00344,72.66288,True
"Little Millennium, Vastral - Ahmedabad",schools,Primary & Pre-School,23.00326,72.65905,True
Saraswati Higher Secondary School,schools,Secondary & High School,23.00355,72.64729,True
Juli Bridal Studio & Academy,schools,General Educational School,23.00347,72.64861,True
Maanvik Education Point,schools,General Educational School,23.00312,72.64967,True
Brijesh Patel Personal Tuition,schools,Coaching & Entrance Institute,23.00331,72.64517,True
Thomas English School,schools,Secondary & High School,23.00349,72.64357,True
Anand International Pre School,schools,International School,23.00371,72.64755,True
S-Cube Classes,schools,Coaching & Entrance Institute,23.00404,72.65008,True
Eminent Overseas Education Consultancy,schools,General Educational School,23.00401,72.65088,True
"ITI Maninagar, Ahmedabad",schools,General Educational School,23.00412,72.64314,True
United Valley International School,schools,International School,23.00413,72.6449,True
Jain Institute of Commerce,schools,General Educational School,23.00394,72.64083,True
SAM Consultants,schools,General Educational School,23.0042,72.64101,True
The English Academy,schools,General Educational School,23.00421,72.64102,True
Saraswati Primary School,schools,Primary & Pre-School,23.00434,72.64497,True
Jivan Jyot School,schools,Secondary & High School,23.0049,72.63796,True
Shivam Education,schools,General Educational School,23.00489,72.64128,True
Taxshila School Odhav,schools,Secondary & High School,23.00451,72.64834,True
Hiraba Vidhyalaya,schools,Secondary & High School,23.00451,72.64835,True
Master Mind Scholar's Academy,schools,General Educational School,23.00473,72.66016,True
United Public School,schools,Secondary & High School,23.00413,72.67116,True
Shri Hari Shishu Vidya Vihar,schools,Primary & Pre-School,23.00385,72.65911,True
Oxford English Medium School,schools,Secondary & High School,23.00209,72.65866,True
Sahjanand Vidhyalaya Vastral️1999,schools,Secondary & High School,23.00191,72.65367,True
ITI Maninagar - Vastral,schools,General Educational School,23.00214,72.64532,True
Bagefirdosh Gujarati Shala No. 1,schools,Secondary & High School,23.00157,72.64427,True
Mahila Industrial Training Institute,schools,General Educational School,23.00149,72.6451,True
Rishi Sandipani Vidhlaya,schools,General Educational School,23.00122,72.65495,True
Bright Juniors Preschool,schools,Primary & Pre-School,23.00009,72.67136,True
TalentBanker - IT Training Institute,schools,General Educational School,23.00013,72.65635,True
Blossom Spoken English,schools,General Educational School,23.00022,72.65632,True
Mark Computer Education,schools,General Educational School,23.00031,72.65658,True
East India Spoken English Academy,schools,General Educational School,23.00054,72.65641,True
E World Education,schools,General Educational School,23.00072,72.65642,True
Akash GPSC,schools,General Educational School,23.00071,72.65649,True
Brainy Child Montessori Preschool,schools,Primary & Pre-School,22.99935,72.65753,True
Khushi Beauty Care & Academy,schools,General Educational School,22.99942,72.66004,True
Shree Siddhi Vinayak Driving Training School,schools,Secondary & High School,22.99945,72.66003,True
Shanti Juniors Preschool Vastral,schools,Primary & Pre-School,22.99956,72.65734,True
parth classes,schools,Coaching & Entrance Institute,22.99992,72.65916,True
Madhav Group,schools,General Educational School,22.99979,72.6625,True
Vastral primary school,schools,Primary & Pre-School,22.99986,72.66432,True
Happy Crowns Pre-School - New Vastral,schools,Primary & Pre-School,23.00001,72.6715,True
Vivekanand Law College,schools,College & University,22.99945,72.66651,True
"GBS Classes, Vastral, Ahmedabad",schools,Coaching & Entrance Institute,22.99945,72.66651,True
SSGK school,schools,Secondary & High School,23.01175,72.71712,True
Swaminarayan Mandir Gurukul,schools,General Educational School,23.01188,72.72281,True
Anand Gurukul,schools,General Educational School,23.01186,72.72299,True
TREE HOUSE,schools,General Educational School,22.99767,72.72391,True
Kanbha Primary School,schools,Primary & Pre-School,23.00821,72.72945,True
Kujad Primary School No 2,schools,Primary & Pre-School,23.0068,72.7298,True
Jeevandham Public School,schools,Coaching & Entrance Institute,23.00613,72.73222,True
ALFA Pumps Pvt. Ltd.,schools,General Educational School,22.99565,72.73179,True
Bakrol Bujarg Primary School,schools,Primary & Pre-School,22.98196,72.73576,True
Jeevandham Public School - Kushagra Education,schools,Coaching & Entrance Institute,23.00331,72.74167,True
EC Department of Indus University,schools,College & University,23.06554,72.43965,True
Indus University - International Admission,schools,College & University,23.06556,72.43945,True
IDEA Institute of Design Environment and Architecture,schools,General Educational School,23.06555,72.44,True
Indus University - Engineering,schools,College & University,23.06573,72.43976,True
IDEA Indus University,schools,College & University,23.06601,72.44048,True
Western India Institute of Aeronautics,schools,General Educational School,23.0644,72.43934,True
Garodiya Primary School,schools,Primary & Pre-School,23.05758,72.41927,True
Ace Tennis Academy,schools,General Educational School,23.05685,72.47484,True
Ansh Paalna,schools,General Educational School,23.05723,72.4772,True
The National School Rah,schools,Secondary & High School,23.05862,72.49982,True
Hebatpur Primary School,schools,Primary & Pre-School,23.06217,72.4952,True
Altitude Tennis Academy ATA,schools,General Educational School,23.06235,72.48029,True
"The R.H.Kapadia New High School, Thaltej",schools,Secondary & High School,23.06146,72.49121,True
Kenalily School For Children,schools,Secondary & High School,23.06135,72.49409,True
EuroSchool Ahmedabad,schools,Secondary & High School,23.06163,72.4945,True
J G College Of Performing Arts,schools,College & University,23.0613,72.50852,True
Cuemath,schools,General Educational School,23.06075,72.51098,True
Antop the beauty salon and professionl academy,schools,General Educational School,23.06065,72.51505,True
Naresh Sirs Education,schools,General Educational School,23.06105,72.52429,True
International Fitness Academy,schools,International School,23.06127,72.52127,True
Rangoli Preschool Nikol,schools,Primary & Pre-School,23.06257,72.52312,True
Neon Sports Academy,schools,General Educational School,23.06418,72.51213,True
Genius School Management Software,schools,Secondary & High School,23.0657,72.52217,True
Vibrant Digital Pre School Sector 26 Gandhinagar,schools,Primary & Pre-School,23.0656,72.52249,True
Rudra Academy,schools,General Educational School,23.06371,72.52595,True
Utopia School,schools,Secondary & High School,23.06389,72.52599,True
Bansari Driving School,schools,Secondary & High School,23.06367,72.53127,True
Wave IIT & Medical Coaching Institute,schools,College & University,23.0636,72.53107,True
Kalorex Pre School,schools,Primary & Pre-School,23.06354,72.53464,True
Ideal Kids,schools,Primary & Pre-School,23.06368,72.53532,True
Indian Institute of Materials Management Ahmedabad,schools,General Educational School,23.06434,72.53136,True
KICT Computer Classes Ghatlodiya,schools,Coaching & Entrance Institute,23.06415,72.53091,True
Pratham Computer Training Institute,schools,General Educational School,23.06404,72.53105,True
Krishna Graphic Design Course and Website Development Training Institute,schools,General Educational School,23.06408,72.53103,True
JG College of Physiotherapy,schools,College & University,23.065,72.52606,True
JG International School,schools,International School,23.06515,72.52623,True
JG College of Nursing,schools,College & University,23.06514,72.5264,True
Technodream Training,schools,General Educational School,23.06568,72.53145,True
Kreative Planters,schools,General Educational School,23.06531,72.53398,True
Karmachari Shikshan Tirth-KST,schools,Secondary & High School,23.06501,72.53985,True
Shanti Juniors Ghatlodia,schools,General Educational School,23.06511,72.53917,True
"Gurusthanam Grooming School Panch Road-Ahmedabad, Gujarat",schools,Secondary & High School,23.06599,72.5392,True
O_Zalim_Zindagi,schools,General Educational School,23.06599,72.5392,True
H3 Preschool,schools,Primary & Pre-School,23.06559,72.54381,True
JG Visa World,schools,General Educational School,23.06552,72.54467,True
Talent Education Zone,schools,General Educational School,23.06565,72.54418,True
Taral Sir - Active English,schools,General Educational School,23.06564,72.54764,True
Strings Music Studio,schools,General Educational School,23.06349,72.53859,True
Krishna Traders,schools,General Educational School,23.06295,72.54549,True
Calorx Pre School,schools,Primary & Pre-School,23.06261,72.54089,True
Namo computer,schools,General Educational School,23.06207,72.54091,True
Triveni Vidhyalaya Ghatlodiya,schools,Secondary & High School,23.06275,72.53644,True
Sarthak Vidya Mandir,schools,General Educational School,23.06319,72.53112,True
Jan Foundation,schools,General Educational School,23.06301,72.53096,True
Schön Global Consulting,schools,General Educational School,23.0629,72.5285,True
Shree im Patel Primary School,schools,Primary & Pre-School,23.0624,72.52757,True
Bhagwati Motor Driving School,schools,Secondary & High School,23.06211,72.53119,True
Mtek Computer Education,schools,General Educational School,23.06204,72.53073,True
Darshan Academy,schools,General Educational School,23.06208,72.53085,True
Best Educare,schools,General Educational School,23.0621,72.53072,True
Ambaji Motor Driving School,schools,Secondary & High School,23.0622,72.53422,True
UCMAS,schools,General Educational School,23.06232,72.532,True
Chanakya Kids School,schools,Primary & Pre-School,23.06238,72.53419,True
Rangoli Preschool,schools,Primary & Pre-School,23.06182,72.53757,True
PCG Education,schools,General Educational School,23.06133,72.53487,True
Mewada Aluminium,schools,General Educational School,23.06145,72.53502,True
Navrang Shailee Garba Academy,schools,General Educational School,23.06068,72.53085,True
K R K Verma School,schools,Secondary & High School,23.06064,72.53532,True
Visa zone Education and Immigration Services Pvt. Ltd.,schools,General Educational School,23.06057,72.538,True
Ideal Education,schools,General Educational School,23.06191,72.54078,True
Nirav Commerce Classes & Group Tuition,schools,Coaching & Entrance Institute,23.0619,72.54104,True
Surekh Educational,schools,General Educational School,23.06126,72.5476,True
NYI Academy,schools,General Educational School,23.06076,72.54882,True
Soni Education Institute,schools,General Educational School,23.05929,72.53831,True
Shayona International School,schools,International School,23.05846,72.54679,True
Harsiddhi Group Tuition,schools,Coaching & Entrance Institute,23.05801,72.54355,True
Blooming Kidz,schools,General Educational School,23.05814,72.53808,True
Sadhana Vinay Mandir,schools,General Educational School,23.05892,72.53746,True
JG College of Physiotherapy,schools,College & University,23.05846,72.53604,True
Math Tuition Classes Cuemath,schools,Coaching & Entrance Institute,23.05822,72.53518,True
Solaris Public School,schools,Secondary & High School,23.05804,72.53772,True
Brainy Gurukul,schools,General Educational School,23.05811,72.53371,True
C K Girls School,schools,Secondary & High School,23.0582,72.53225,True
Aloha Gurukul Center,schools,General Educational School,23.05819,72.5336,True
Perfect Career Guide,schools,Coaching & Entrance Institute,23.05941,72.53615,True
RD's Institute,schools,General Educational School,23.05986,72.53631,True
Ideal Kids,schools,Primary & Pre-School,23.05989,72.53625,True
Champions Martial Art Academy,schools,General Educational School,23.05994,72.53624,True
Karmyogi Classes,schools,Coaching & Entrance Institute,23.06007,72.53662,True
Gyanish International  Academy of Yogic Science,schools,International School,23.0602,72.53596,True
"Arrow Computers - CDAC Center, CDAC Computers Training in Bhuyangdev, Ghatlodia",schools,General Educational School,23.06055,72.53528,True
Divya Farm & Nursery,schools,Primary & Pre-School,23.06034,72.53045,True
SP Education & Immigration Consultants,schools,General Educational School,23.05997,72.53043,True
Prakash College of Education,schools,College & University,23.05964,72.52243,True
Cambay Institute of Hospitality Management,schools,General Educational School,23.05922,72.52293,True
Florescent school,schools,Secondary & High School,23.0595,72.52242,True
Avirat Law College,schools,College & University,23.05948,72.52246,True
National Institute of Pharmaceutical Education & Research,schools,General Educational School,23.0593,72.5207,True
Orphic Immigration & Education Pvt. Ltd. - Ahmedabad,schools,General Educational School,23.05926,72.51542,True
SMILE RITE DENTAL CARE by Dr. Unnati,schools,General Educational School,23.05922,72.51503,True
Sneha's Imagination Station,schools,General Educational School,23.05821,72.51013,True
Pixel Planet,schools,General Educational School,23.05843,72.50988,True
Mehul Sir Tuition Classes,schools,Coaching & Entrance Institute,23.05801,72.51074,True
Grahak Sathi,schools,General Educational School,23.0569,72.5204,True
Tmc Shipping - Gujarat,schools,General Educational School,23.0566,72.50269,True
Shuttle Empire Badminton Academy,schools,General Educational School,23.0559,72.50551,True
FTV School of Performing Arts,schools,Secondary & High School,23.05539,72.50407,True
Dhyey Institute,schools,General Educational School,23.05507,72.50882,True
Academy of Human Resources Development,schools,General Educational School,23.05583,72.51314,True
Smart Careerify,schools,Coaching & Entrance Institute,23.05628,72.51305,True
"Vandana Classes - 5th to 10th CBSE, ICSE, Gujarat Board - Thaltej, Ahmedabad",schools,Coaching & Entrance Institute,23.05592,72.52138,True
Kabras’ Jewellery London - Gurukul Road Memnagar,schools,General Educational School,23.05521,72.53367,True
Meraki for men's gurukul,schools,General Educational School,23.05608,72.53294,True
MJ Study Hub,schools,General Educational School,23.05605,72.53394,True
Sharda Kids School,schools,Primary & Pre-School,23.0561,72.53034,True
NIF Global Ahmedabad,schools,General Educational School,23.05588,72.52785,True
"Ohm Science Academy""",schools,General Educational School,23.05634,72.5274,True
"TIME Kids Pre School, Sola Road - Thaltej",schools,Primary & Pre-School,23.05632,72.52746,True
Aspire Disruptive Skill Foundation,schools,General Educational School,23.05661,72.52785,True
Academy of Sound Healing,schools,General Educational School,23.05698,72.5286,True
Table Tennis Coaching Academy,schools,Coaching & Entrance Institute,23.05704,72.52623,True
Adhyayan Coaching Institute,schools,Coaching & Entrance Institute,23.05722,72.53404,True
Aspiration Software Solution & Consultancy,schools,General Educational School,23.05737,72.53422,True
9 Kids Preschool,schools,Primary & Pre-School,23.05756,72.53264,True
The H.B.Kapadia New High School,schools,Secondary & High School,23.05762,72.53242,True
Mafia Gurukul,schools,General Educational School,23.05752,72.53392,True
Shree BP Rao Sanskruti School,schools,Secondary & High School,23.05717,72.53554,True
Infinity Education,schools,General Educational School,23.05655,72.53269,True
Readers' Forest,schools,General Educational School,23.05648,72.53261,True
Neeta Joshi English Academy,schools,Coaching & Entrance Institute,23.05717,72.53966,True
Shree Ambika Educations,schools,General Educational School,23.0578,72.53828,True
The National High School,schools,Secondary & High School,23.05767,72.53882,True
ViteBox Overseas Education & Immigration,schools,General Educational School,23.05772,72.53965,True
Novatoz Scientific Llp,schools,General Educational School,23.0578,72.53946,True
Zordha Education,schools,General Educational School,23.05731,72.54403,True
Uttam Parekh-Hair Revolution Artist & Founder-Latest Salon Academy,schools,General Educational School,23.05716,72.54935,True
M.A.R.Institute ( Modern Academic Research Institute) Ahmedabad,schools,General Educational School,23.05727,72.54935,True
All India Institute of Diabetes and Research,schools,General Educational School,23.05727,72.54935,True
Shabana's Engineering Institute,schools,General Educational School,23.05727,72.54935,True
Academy of IELTS,schools,General Educational School,23.05723,72.54939,True
Promise Academy,schools,General Educational School,23.05723,72.54936,True
Shree Saraswati English Academy,schools,General Educational School,23.05612,72.54853,True
Achievers Medical Academy,schools,General Educational School,23.05605,72.54806,True
AIREO Immigration & Education Pvt. Ltd.,schools,General Educational School,23.05584,72.539,True
SAL Institute of Technology & Engineering Research,schools,College & University,23.05595,72.54302,True
Digital Marketing Courses in Vadodara - 2019,schools,General Educational School,23.05574,72.54278,True
Karmyogi classes,schools,Coaching & Entrance Institute,23.05511,72.54052,True
Smiling Kidzz,schools,General Educational School,23.05511,72.54581,True
Bhavikshah Institute,schools,General Educational School,23.05421,72.54764,True
fermi_institute_physic,schools,General Educational School,23.05371,72.54646,True
Kasturba Gandhi Vidyamandir,schools,General Educational School,23.05412,72.54559,True
Spring Flower School,schools,Secondary & High School,23.05453,72.54185,True
Partelindiacorporation,schools,General Educational School,23.05374,72.53127,True
SD homes gurukul,schools,General Educational School,23.05397,72.53436,True
"Tarunnagar, Gurukul Road",schools,General Educational School,23.05402,72.53305,True
NSS Gujarat,schools,General Educational School,23.05388,72.53497,True
Magikats Tuitions | Manushi Ma'am,schools,Coaching & Entrance Institute,23.05331,72.53747,True
The Invictus Institute,schools,General Educational School,23.05321,72.53394,True
Liberty Exclusive Showroom- Gurukul,schools,General Educational School,23.05321,72.53394,True
Shah Sir - M J Immigration Pvt Ltd,schools,General Educational School,23.05315,72.52554,True
M. G. Science Institute,schools,General Educational School,23.05291,72.53017,True
Greenply - VENEER CONCEPT,schools,College & University,23.05266,72.52985,True
Sarjak classes,schools,Coaching & Entrance Institute,23.05262,72.53023,True
Cuemath,schools,General Educational School,23.05238,72.53371,True
Skillup Academy,schools,General Educational School,23.05233,72.53369,True
Jaykar Bhojak Music Academy,schools,General Educational School,23.05242,72.53373,True
Khoobsurat_gurukul,schools,General Educational School,23.05251,72.53313,True
Vasu Consultancy,schools,General Educational School,23.05251,72.53183,True
Ifruit Gurukul,schools,General Educational School,23.05277,72.53247,True
"Itpi Hall,Gurukul Road",schools,General Educational School,23.05282,72.53272,True
Final Step Academy,schools,General Educational School,23.05285,72.53264,True
BYJU'S Tuition Centre - Memnagar,schools,Coaching & Entrance Institute,23.05276,72.53328,True
BwC - Blush with Cuts The Institute of Cosmetology,schools,General Educational School,23.0527,72.53323,True
Amit Sir's Institute,schools,General Educational School,23.05253,72.53512,True
International Institute Of Design,schools,International School,23.05239,72.53499,True
Nalanda institute,schools,General Educational School,23.05239,72.53499,True
gurukuldental,schools,General Educational School,23.05239,72.53499,True
Little Millennium Pre-School Memnagar & Gurukul,schools,Primary & Pre-School,23.05239,72.53499,True
Sankalp Gurukulam,schools,General Educational School,23.05363,72.54719,True
Khalak Overseas Study Visa and IELTS Coaching,schools,Coaching & Entrance Institute,23.05364,72.54723,True
Ketan J Shah Group Tuition,schools,Coaching & Entrance Institute,23.05273,72.54918,True
Aimygrad,schools,General Educational School,23.05237,72.54866,True
Indus Immigration,schools,General Educational School,23.05254,72.54815,True
Kidzee Navrang Circle,schools,General Educational School,23.05225,72.55004,True
Shayona Overseas Ahmedabad,schools,General Educational School,23.05229,72.54846,True
"Maac Animation, Ahmedabad",schools,General Educational School,23.05212,72.5477,True
Shrey Institute of Nursing & Allied Sciences,schools,General Educational School,23.05195,72.5495,True
Careerline Education Foundation,schools,Coaching & Entrance Institute,23.0519,72.54491,True
Jitin Amit Music Academy,schools,General Educational School,23.05224,72.53862,True
Omkar Sangeet Mahavidyalay,schools,General Educational School,23.05229,72.53799,True
Diva Salon & Academy - Memnagar,schools,General Educational School,23.05225,72.53788,True
"Keventers - Gurukul, Ahemdabad",schools,General Educational School,23.05223,72.53837,True
Quantum Education - Home Tuitions provider,schools,Coaching & Entrance Institute,23.0522,72.53806,True
ARSH Tutorials,schools,Coaching & Entrance Institute,23.0521,72.5383,True
SPK Chemistry Institute,schools,General Educational School,23.05206,72.53814,True
Airlift Education and Immigration,schools,General Educational School,23.05204,72.53861,True
Cuemath,schools,General Educational School,23.0513,72.53823,True
Suraj Hindi Vidyalaya,schools,Secondary & High School,23.05102,72.54657,True
St.Kabir School,schools,Secondary & High School,23.05012,72.54974,True
Destine School of Media & Design,schools,Secondary & High School,23.05005,72.54569,True
Divyapeeth Campus,schools,College & University,23.05086,72.54295,True
Vedant International School Mahemdabad,schools,International School,23.05088,72.53624,True
Joy Jumperz - Gurukul,schools,General Educational School,23.05047,72.53187,True
Kalorex Preschool thaltej,schools,Primary & Pre-School,23.05026,72.53356,True
Ahmedabad - Gurukul Branch Cash Deposit Machine,schools,General Educational School,23.0503,72.53338,True
Vision Sindhu Children Academy,schools,General Educational School,23.05035,72.53437,True
"Mount Litera Zee School, Gandhidham",schools,Secondary & High School,23.05029,72.53495,True
"EuroKids Preschool at Memnagar, Best Kindergarten",schools,Primary & Pre-School,23.0501,72.53732,True
Brain Child Learning Vijay Cross Road,schools,General Educational School,23.05022,72.53567,True
Roxy Gurukul,schools,General Educational School,23.05003,72.53718,True
"Sharda Vidya Mandir, Memnagar",schools,General Educational School,23.05003,72.53718,True
Saheli  gurukul a'bad  India,schools,General Educational School,23.05003,72.53718,True
"Arena Animation - C G Road, Drive-in Road & Maninagar",schools,General Educational School,23.05003,72.53718,True
Sujata Flats Gurukul Road,schools,General Educational School,23.04966,72.53441,True
Eklavya Academy,schools,General Educational School,23.04958,72.53448,True
ZICA Ahmedabad,schools,General Educational School,23.04995,72.53384,True
Rangoli Gurukul,schools,General Educational School,23.04995,72.53384,True
Ahmedabad - Gurukul,schools,General Educational School,23.05023,72.5336,True
KRIVA Institute,schools,General Educational School,23.0502,72.53349,True
Sunset Row House Opp Gurukul Road,schools,General Educational School,23.05008,72.53214,True
International Academy of Sound Healing,schools,International School,23.0507,72.52562,True
Finest Studio Salon and Academy,schools,General Educational School,23.05104,72.52582,True
St Ann's School,schools,Secondary & High School,23.05113,72.5316,True
EuroKids Pre-School in Gurukul Road,schools,Primary & Pre-School,23.05121,72.5334,True
DoraKids Gurukul Kids Clothing,schools,Primary & Pre-School,23.05113,72.53386,True
Sharda School,schools,Secondary & High School,23.05132,72.5349,True
Zed School,schools,Secondary & High School,23.05129,72.53503,True
YC Beauty Salon & Academy,schools,General Educational School,23.05138,72.53437,True
Shakuntal Vidhyalay,schools,General Educational School,23.05144,72.53361,True
GCS Medical College Hospital and Research Centre Blood Bank,schools,College & University,23.05133,72.53194,True
J.G.College Of Computer Application,schools,College & University,23.05186,72.53294,True
Al-Madina International Institute,schools,International School,23.05192,72.53316,True
ITrainAcademy,schools,General Educational School,23.05174,72.53728,True
Nishant Institute,schools,General Educational School,23.05185,72.53765,True
Rajeswari Music Academy,schools,General Educational School,23.05205,72.53505,True
new Aryan driving school,schools,Secondary & High School,23.05209,72.53662,True
Swarr Academy Of Music,schools,General Educational School,23.05221,72.53416,True
Aroma Institute of Cafe & Hospitality Management,schools,General Educational School,23.05198,72.53373,True
Navyug Career Academy,schools,Coaching & Entrance Institute,23.05219,72.52804,True
St. Kabir Institute of Professional Studies,schools,Secondary & High School,23.05218,72.52402,True
Vinay Vidhya Mandir School,schools,Secondary & High School,23.05218,72.51768,True
Vishwabharati Girls' High School,schools,Secondary & High School,23.0522,72.51454,True
M N Shukla College,schools,College & University,23.0523,72.51426,True
ATMC Education Hub Ahmedabad,schools,General Educational School,23.0517,72.51518,True
H3 Preschool Vaishnodevi,schools,Primary & Pre-School,23.0518,72.5177,True
Abcd Pre School,schools,Primary & Pre-School,23.05154,72.51734,True
SP Beauty Salon and Academy,schools,General Educational School,23.05145,72.51857,True
Q Concept Inc,schools,College & University,23.05134,72.51882,True
Eduprogress and Research,schools,General Educational School,23.051,72.51851,True
Just Abroad Edtech,schools,General Educational School,23.05096,72.51879,True
Atmia Education,schools,General Educational School,23.05103,72.51889,True
The Learning Studio,schools,General Educational School,23.05104,72.51902,True
Kids Heaven School Thaltej,schools,Primary & Pre-School,23.05105,72.52083,True
Arcobotics,schools,General Educational School,23.05127,72.52507,True
Reyna Overseas,schools,General Educational School,23.05063,72.52443,True
Udgam School For Children,schools,Secondary & High School,23.05031,72.52042,True
Math Tuition Classes Cuemath,schools,Coaching & Entrance Institute,23.05003,72.52475,True
TradeU Academy,schools,General Educational School,23.04983,72.5173,True
Laxmi Motar Driving School,schools,Secondary & High School,23.0499,72.51545,True
Prajapita Brahmakumari Ishwariya Vishwa Vidyalaya,schools,Secondary & High School,23.05022,72.51551,True
Snowflakes College of Travel & Tourism Management,schools,College & University,23.05084,72.51845,True
Bharat High School,schools,Secondary & High School,23.05074,72.51537,True
Thaltej Municipal School,schools,Secondary & High School,23.05078,72.51008,True
Cuemath,schools,General Educational School,23.05029,72.51062,True
"Imarticus Learning Ahmedabad - #1 Institute for Finance, Data Science & Analytics, Tech and Marketing Programs",schools,General Educational School,23.05041,72.50997,True
Kaleidoscope,schools,General Educational School,23.05047,72.51047,True
"SBK - Thaltej , Best Institute For Abacus & Phonics",schools,General Educational School,23.05015,72.51109,True
"Aarohi Music Academy, Ahmedabad,India",schools,General Educational School,23.05017,72.51106,True
Navkar Institute of Mathematics,schools,General Educational School,23.05017,72.51106,True
Podar Jumbo  Kids - Pre School -  Thaltej East,schools,Primary & Pre-School,23.05016,72.51106,True
Pixelcube Academy Ahmedabad,schools,General Educational School,23.05016,72.51106,True
Kalorex Pre School,schools,Primary & Pre-School,23.04991,72.5065,True
"Citta: Your Trusted Partner for Technology, Consulting, and Software Development Outsourcing.",schools,General Educational School,23.05013,72.50658,True
Citta Foundation,schools,General Educational School,23.05012,72.50352,True
Wallaroos Pre School,schools,Primary & Pre-School,23.04993,72.50202,True
Mahila Iti,schools,General Educational School,23.05319,72.50796,True
Kidzee Thaltej,schools,General Educational School,23.05284,72.50661,True
KGSK Alliance,schools,General Educational School,23.05254,72.50793,True
Eurokids Preschool,schools,Primary & Pre-School,23.05248,72.50775,True
Anushruti,schools,General Educational School,23.05294,72.51719,True
St. Kabir School,schools,Secondary & High School,23.05253,72.52379,True
Kidsland Thaltej,schools,Primary & Pre-School,23.05283,72.5221,True
Math Tuition Classes Cuemath,schools,Coaching & Entrance Institute,23.05305,72.52226,True
Crescent Pre-primary School,schools,Primary & Pre-School,23.05345,72.52423,True
GTC Oilfield Services,schools,General Educational School,23.05356,72.51949,True
Unlimited Unnati,schools,General Educational School,23.05354,72.51967,True
"Arya Education , Thaltej",schools,General Educational School,23.05496,72.51126,True
Rasadhwani,schools,General Educational School,23.0548,72.51079,True
Superwings Preschool Thaltej,schools,Primary & Pre-School,23.05405,72.49704,True
Wallaroos Tot Atelier,schools,General Educational School,23.05238,72.48465,True
B M Ceramics,schools,General Educational School,23.054,72.48058,True
Ace Tennis Academy and Pramesh Modis Tennis Academy,schools,General Educational School,23.05209,72.46953,True
Dinkers Pickleball Academy & Club,schools,General Educational School,23.05064,72.48031,True
Little Hands Daycare,schools,Primary & Pre-School,23.05068,72.47738,True
gurukul.yoga - The Yoga University,schools,College & University,23.0518,72.4803,True
Cuemath Thaltej Centre,schools,General Educational School,23.05214,72.48612,True
Seven's Diner,schools,General Educational School,23.05214,72.48612,True
KWS School,schools,Secondary & High School,23.05162,72.49161,True
Citta Academy,schools,General Educational School,23.05123,72.49395,True
Math Tuition Classes Cuemath,schools,Coaching & Entrance Institute,23.05114,72.49464,True
Fly The Nest,schools,General Educational School,23.05125,72.49899,True
Kanak Stationers Gift,schools,General Educational School,23.05061,72.49961,True
Aloha Thaltej - Hebatpur,schools,General Educational School,23.05056,72.49998,True
Atmia Education,schools,General Educational School,23.0504,72.49915,True
Stardom Salons And Academy,schools,General Educational School,23.05041,72.49643,True
Manisha Brahmbhatt MB Salon Academy,schools,General Educational School,23.05002,72.49855,True
Mlsc_bosse7777,schools,General Educational School,23.04993,72.49882,True
Edukreme Tuition Classes Thaltej,schools,Coaching & Entrance Institute,23.04988,72.49981,True
Krishna Nursery and Farm,schools,Primary & Pre-School,23.04954,72.499,True
Zebar School for Children,schools,Secondary & High School,23.0488,72.49408,True
Self Care special school,schools,Secondary & High School,23.04852,72.49907,True
Synthesis Chemistry - Shashi Pathak,schools,General Educational School,23.04826,72.49931,True
GBC Aesthetic Academy,schools,General Educational School,23.04818,72.49287,True
Rao Consultants,schools,General Educational School,23.04955,72.4802,True
Shanti Asiatic School,schools,Secondary & High School,23.04535,72.46136,True
Kidzee - Shilaj,schools,General Educational School,23.04501,72.47156,True
Cuemath,schools,General Educational School,23.04609,72.47828,True
Divya Jyot,schools,General Educational School,23.04653,72.47748,True
Udgam School for Children,schools,Secondary & High School,23.04627,72.48016,True
Universal Bridge In Education Learning,schools,General Educational School,23.04487,72.50679,True
Ambica Enterprise,schools,General Educational School,23.04503,72.50686,True
Excelsior Academy,schools,General Educational School,23.04527,72.50815,True
Rapid Overseas,schools,General Educational School,23.04466,72.51731,True
CEE Campus,schools,College & University,23.04467,72.51873,True
Centre for Environment Education,schools,General Educational School,23.04436,72.5188,True
B-Best Academy,schools,General Educational School,23.04422,72.51627,True
Careerline Education Foundation,schools,Coaching & Entrance Institute,23.04456,72.52493,True
SKUM College of Physiotherapy,schools,College & University,23.04524,72.52485,True
Unitedworld School of Business,schools,College & University,23.045,72.51539,True
Renenet,schools,General Educational School,23.04523,72.51473,True
Giostar USA Stem Cell Treatment Institute,schools,General Educational School,23.04563,72.51449,True
Swastik academy,schools,General Educational School,23.04576,72.51422,True
Apex Heart Institute,schools,General Educational School,23.0458,72.51408,True
Top Law School in Ahmedabad,schools,Secondary & High School,23.0459,72.51601,True
Web Development Training Institute,schools,General Educational School,23.04562,72.51613,True
Daffodil Pharmachem,schools,General Educational School,23.04677,72.51552,True
Grover's Tandoori Shala Ahmedabad,schools,Secondary & High School,23.04621,72.50803,True
Aalfa Institute of Foreign Trade,schools,General Educational School,23.04544,72.51176,True
EDI Global Education - Ahmedabad,schools,General Educational School,23.04685,72.50471,True
Ved Garbh Sanskar Centre In Ahmedabad Garbh Sanskar Classes In Ahmedabad,schools,Coaching & Entrance Institute,23.04685,72.50471,True
"Aakash Institute, SG Highway (Ahmedabad)",schools,Coaching & Entrance Institute,23.0471,72.50796,True
"Samyak Computer Classes, Thaltej, Ahmedabad",schools,Coaching & Entrance Institute,23.04688,72.50786,True
Unacademy Centre - Ahmedabad Extension Centre,schools,General Educational School,23.04727,72.50817,True
Khushi Institute,schools,General Educational School,23.04762,72.51109,True
Sahastrar by Dilip Dholakia's Academy of Yoga and Balance Therapy,schools,General Educational School,23.04785,72.5082,True
Utkarsh Science School,schools,Secondary & High School,23.04795,72.50801,True
1920 Tattoo School,schools,Secondary & High School,23.04795,72.50801,True
Scholars Academy Ahmedabad,schools,General Educational School,23.04825,72.51608,True
Frankfinn Air Hostess Trainning,schools,General Educational School,23.0494,72.52051,True
JG College of Education - English Medium,schools,College & University,23.04947,72.52369,True
Cuemath,schools,General Educational School,23.04913,72.52493,True
HN Techno,schools,General Educational School,23.0487,72.52461,True
Prime Academy - Best Graphics Design Course | Video Editing Institute in Ahmedabad | VFX Animation,schools,General Educational School,23.04877,72.52471,True
MK's Tutorials,schools,Coaching & Entrance Institute,23.04867,72.52483,True
"EuroKids Preschool at Thaltej, Best Kindergarten",schools,Primary & Pre-School,23.04861,72.52385,True
Excellence Academia,schools,General Educational School,23.04866,72.524,True
Alpha Immigration & Education Consultant,schools,General Educational School,23.04837,72.52487,True
Walkway Global | Foreign Education | Study and Work Abroad,schools,General Educational School,23.04831,72.52485,True
Aakash Educational Services Limited,schools,Coaching & Entrance Institute,23.04729,72.51671,True
Millennium Makers,schools,General Educational School,23.04711,72.51565,True
Sardar Patel Institute of Economic and Social Research,schools,General Educational School,23.04734,72.52039,True
"FirstCry Intellitots Preschool & Daycare - Drive in Road, Ahmedabad",schools,Primary & Pre-School,23.04687,72.52717,True
EduNova Global,schools,General Educational School,23.04704,72.52634,True
Chankya Institute,schools,General Educational School,23.04721,72.52951,True
Carmel Classes Ahmedabad,schools,Coaching & Entrance Institute,23.04731,72.53076,True
SRAG Tennis Academy,schools,General Educational School,23.04697,72.53459,True
Liverpool_store.Gurukul,schools,General Educational School,23.04683,72.53368,True
Absolute Academy,schools,General Educational School,23.04683,72.53368,True
Milestone Commerce Institute,schools,General Educational School,23.04743,72.53381,True
MS FOOD Gurukul,schools,General Educational School,23.04746,72.53372,True
International Institute of Design,schools,International School,23.04716,72.53337,True
Oxford Tower,schools,General Educational School,23.0473,72.53339,True
RasRasiya Garba Academy,schools,General Educational School,23.04768,72.52725,True
Perceptioncare,schools,College & University,23.04773,72.52517,True
Kaivalya Yog Shala,schools,Secondary & High School,23.04798,72.52732,True
Gurukul - Ramanandi Samaj Community Hall,schools,General Educational School,23.04817,72.52766,True
Conversa Center for Spoken English,schools,General Educational School,23.04825,72.5274,True
Go Colors - Gurukul,schools,General Educational School,23.04835,72.53122,True
Shri Sharda Vidyalaya,schools,Secondary & High School,23.04835,72.52996,True
Gurukul Park,schools,General Educational School,23.04898,72.53043,True
Gujarat Technological University,schools,College & University,23.04893,72.53106,True
Aanchal Gurukul,schools,General Educational School,23.04915,72.53356,True
Ageta Sports Academy,schools,General Educational School,23.04938,72.53318,True
Ageta Tennis Academy,schools,General Educational School,23.04931,72.53311,True
Excellent Group Tuition Class,schools,Coaching & Entrance Institute,23.04893,72.53566,True
Enbee Education Center,schools,General Educational School,23.04886,72.53463,True
JP Biology institute by Jolly panchal,schools,General Educational School,23.04874,72.53349,True
My Paathshala,schools,Secondary & High School,23.04879,72.53349,True
Maharaja Agrasen Vidyalaya,schools,Secondary & High School,23.04863,72.53183,True
Gurukul Cross Road,schools,General Educational School,23.0486,72.53349,True
Navkar Institute of Mathematics,schools,General Educational School,23.04867,72.53336,True
"Navneet House | Educational Content, Books, and Stationery",schools,Coaching & Entrance Institute,23.04863,72.53387,True
Sukanya Concept Gurukul,schools,College & University,23.0482,72.53347,True
Aum Arts Dance Academy,schools,General Educational School,23.04926,72.53853,True
Math Tuition Classes Cuemath,schools,Coaching & Entrance Institute,23.04951,72.53964,True
Kataria Automobiles Driving School,schools,Secondary & High School,23.04942,72.54497,True
D. P. High School Campus,schools,College & University,23.0494,72.54546,True
St. Xavier's High School,schools,Secondary & High School,23.04763,72.54899,True
Divya Cake Studio,schools,General Educational School,23.04765,72.54687,True
Andh Kanya Prakash Gruh,schools,General Educational School,23.04807,72.53824,True
Memnagar Sarvajanik Vidyalaya,schools,Secondary & High School,23.04753,72.53949,True
enhance salon & academy,schools,General Educational School,23.04718,72.54664,True
Khyati Ninos,schools,General Educational School,23.04708,72.54725,True
St. Xavier's Institute of Performing Arts,schools,Secondary & High School,23.04574,72.54905,True
Swarnim Edu Academy,schools,General Educational School,23.04612,72.54311,True
Navigator Solutions,schools,General Educational School,23.04544,72.54266,True
Maruti Nandan Foam,schools,General Educational School,23.04565,72.54158,True
Ashapura Mobile Accesories Gurukul,schools,General Educational School,23.04576,72.54154,True
EXCEL Academy  CA,schools,General Educational School,23.04572,72.54025,True
Lakmé Academy - Drive In Rd,schools,General Educational School,23.04569,72.54035,True
Divine Institute of Child Health Hospital,schools,General Educational School,23.04559,72.54062,True
"Miles Education - CPA, CMA & U.S. Pathway (Ahmedabad)",schools,General Educational School,23.04546,72.5402,True
Brainsparrow FILM School,schools,Secondary & High School,23.04574,72.53895,True
Orbit Immigration Ahmedabad,schools,General Educational School,23.04595,72.5381,True
Mducation,schools,General Educational School,23.0463,72.54027,True
Col Nirban's Defence and Allied Services Academy,schools,General Educational School,23.04612,72.54345,True
Cognition Engineering Institute,schools,General Educational School,23.04643,72.54326,True
Brandveda,schools,General Educational School,23.04651,72.54336,True
Maruti Suzuki Driving School,schools,Secondary & High School,23.04663,72.54342,True
Pyramid Overseas Education,schools,General Educational School,23.04619,72.53624,True
Bhanwar Rathore Design Studio (BRDS),schools,General Educational School,23.04619,72.53521,True
Rathore University,schools,College & University,23.04641,72.53533,True
British Academy Gurukul Educare,schools,International School,23.0463,72.53362,True
PLC Education,schools,General Educational School,23.0463,72.53362,True
PRIME Institute,schools,General Educational School,23.0463,72.53377,True
Sangeetha Gadgets - Gurukul (Drive-in Road),schools,General Educational School,23.04622,72.5334,True
Oxford Academy India,schools,General Educational School,23.04629,72.53373,True
HP World - Gurukul Road,schools,General Educational School,23.04627,72.53334,True
AVIRA Gurukul,schools,General Educational School,23.04648,72.53241,True
Fitness Fuel - Biggest Gym in Gurukul,schools,General Educational School,23.04658,72.53339,True
NG Classes,schools,Coaching & Entrance Institute,23.04678,72.53349,True
Nirnish Knowledge Academy.,schools,General Educational School,23.04678,72.53349,True
saiyoni_gurukul,schools,General Educational School,23.04678,72.53349,True
Jade Education and Training,schools,General Educational School,23.0466,72.52856,True
Concept Digital Print (Flex Banner),schools,College & University,23.04679,72.52947,True
Aanav Overseas Education & Immigration,schools,General Educational School,23.04615,72.52736,True
Aptech Learning Ahmedabad,schools,General Educational School,23.04643,72.52994,True
NENSA Academy,schools,General Educational School,23.04623,72.53105,True
Anand Niketan Pre-School Thaltej,schools,Primary & Pre-School,23.04624,72.53018,True
Fluence Academy,schools,General Educational School,23.04581,72.53053,True
J. G. College of Computer Application,schools,College & University,23.04579,72.52858,True
JGC College of Commerce,schools,College & University,23.04601,72.52936,True
Asia English School,schools,Secondary & High School,23.04606,72.52892,True
JG University,schools,College & University,23.04603,72.52872,True
Resonance Ahmedabad,schools,Coaching & Entrance Institute,23.04545,72.52908,True
Hotel Captown-Gurukul,schools,General Educational School,23.04577,72.52965,True
"Indian Institute For Screening Test, Gujarat",schools,General Educational School,23.04603,72.53378,True
Ahmedabad It Education,schools,General Educational School,23.04603,72.53331,True
JG Group of Colleges,schools,College & University,23.04603,72.53331,True
Shining Stars Preschool,schools,Primary & Pre-School,23.04603,72.53331,True
Expert Khushi Beauty Salon and Academy,schools,General Educational School,23.04605,72.5332,True
"Dedicated Academy Pvt Ltd, Dmantor",schools,General Educational School,23.0461,72.53374,True
"Swaminarayan Gurukul - Memnagar, Ahmedabad.",schools,General Educational School,23.04607,72.53366,True
"Medical Coaching Institute, Gujarat",schools,Coaching & Entrance Institute,23.04604,72.53383,True
Vandana's Academy,schools,General Educational School,23.04604,72.53384,True
International Education Center,schools,International School,23.04612,72.53384,True
Rich 'n' Rich Gurukul,schools,General Educational School,23.04612,72.53384,True
Sheetalnath Turbo English,schools,General Educational School,23.04579,72.53328,True
Coromandel International,schools,International School,23.04578,72.53531,True
Inifd,schools,General Educational School,23.04517,72.53518,True
SGVP Shree Swaminarayan Gurukul Memnagar,schools,General Educational School,23.04536,72.53373,True
Rankeasy Education,schools,General Educational School,23.0451,72.5279,True
Mypharmavision,schools,General Educational School,23.04494,72.53028,True
Edunova Educational Foundation,schools,General Educational School,23.04502,72.53013,True
Aacme International Education and Migration Centre,schools,International School,23.04453,72.5294,True
Skum Skool,schools,General Educational School,23.04473,72.52522,True
MAAC Ahmedabad (DriveIn Road-Animation Training Institute in Ahmedabad/Animation Courses/Video Editing/VFX Courses Ahmedabad,schools,General Educational School,23.04433,72.52975,True
AI Teacher India,schools,General Educational School,23.04422,72.5405,True
Nandkishor nursery,schools,Primary & Pre-School,23.04422,72.5405,True
Gujarat Institute of Educational Technology,schools,General Educational School,23.04406,72.54189,True
Mahatma Gandhi Labour Institute,schools,General Educational School,23.04529,72.53787,True
University Exhibition Centre,schools,College & University,23.04489,72.54101,True
गुजरात विश्वविद्यालय,schools,General Educational School,23.04445,72.54566,True
Alfresco Concept Caterings,schools,College & University,23.04384,72.54998,True
Navkar Institute,schools,General Educational School,23.04342,72.54917,True
Hair and Beauty Academy,schools,General Educational School,23.04351,72.54944,True
Gujarat University Convention and Exhibition Centre,schools,College & University,23.04369,72.54031,True
Educationworld,schools,General Educational School,23.04327,72.53807,True
AUM The Trading Institute,schools,General Educational School,23.04329,72.54962,True
New Satnam Education,schools,General Educational School,23.04329,72.54962,True
Culture Station,schools,General Educational School,23.04318,72.54966,True
Kalp Shah GST and Export Import Classes,schools,Coaching & Entrance Institute,23.04301,72.54831,True
Mericler Education,schools,General Educational School,23.04279,72.54843,True
OSI Study and Immigration Consultants,schools,General Educational School,23.04269,72.54876,True
University Area,schools,College & University,23.04271,72.54941,True
Focus Educraft,schools,General Educational School,23.04276,72.54878,True
Move Digital Marketing Institute - MDMI,schools,General Educational School,23.04278,72.54881,True
Vortex Educational Consultants,schools,General Educational School,23.04268,72.54876,True
Whattameal,schools,General Educational School,23.0426,72.54936,True
Rubix Indian Patent Agent Examination Classes,schools,Coaching & Entrance Institute,23.0424,72.54926,True
Advait Academy,schools,General Educational School,23.04244,72.54877,True
Arora's Immigration and Educational Consultancy,schools,General Educational School,23.04266,72.54869,True
Aarambh Institute Ahmedabad,schools,General Educational School,23.04232,72.54946,True
Adroit Coaching Institute,schools,Coaching & Entrance Institute,23.04232,72.54945,True
Career power institute of banking ahmedabad,schools,Coaching & Entrance Institute,23.04232,72.54945,True
Prime Actuarial Institute,schools,General Educational School,23.04228,72.54937,True
Trans Architecture,schools,General Educational School,23.04189,72.54914,True
Study Board,schools,General Educational School,23.04189,72.5493,True
Megway Career Consultants,schools,Coaching & Entrance Institute,23.04193,72.54829,True
Gujarat University Boys Hostel,schools,College & University,23.04152,72.54535,True
University Campus,schools,College & University,23.04149,72.54218,True
Tea Post - Apni Chai Ki Dukkan Gurukul Ahmedabad,schools,General Educational School,23.04162,72.52806,True
Tarana Music Academy,schools,General Educational School,23.04143,72.52774,True
Concept Education and Research,schools,College & University,23.04133,72.52549,True
Maths Academy,schools,General Educational School,23.04263,72.53015,True
Kahaani Sports Academy,schools,General Educational School,23.04309,72.52526,True
Sant Shri Asharamji Gurukul,schools,General Educational School,23.04325,72.53114,True
"Shree swami narayan high school,sihor",schools,Secondary & High School,23.04357,72.5336,True
Resonance Ahmedabad - Vastrapur Center,schools,Coaching & Entrance Institute,23.04398,72.52962,True
Learn German,schools,General Educational School,23.04375,72.51929,True
Dla Academy,schools,General Educational School,23.04289,72.51981,True
Mama Pan Point,schools,General Educational School,23.04317,72.51997,True
Xeus Academy,schools,General Educational School,23.04318,72.52011,True
UNI Education Services,schools,General Educational School,23.04334,72.51589,True
Only Aattitude Salon & Academy,schools,General Educational School,23.04307,72.51545,True
Shilp Group,schools,General Educational School,23.04212,72.5058,True
SP Beauty Salon and Academy,schools,General Educational School,23.04173,72.51753,True
Cuemath,schools,General Educational School,23.04212,72.51391,True
Concept Hyundai H.Promise,schools,College & University,23.04236,72.5145,True
Alpine Exports,schools,General Educational School,23.04217,72.51875,True
Nirma Vidhyavihar School,schools,College & University,23.04223,72.51624,True
Institute of Castrol Motoring Wiaa,schools,General Educational School,23.04267,72.51999,True
Ardea Concepts,schools,College & University,23.04191,72.5237,True
"UCMAS ""Master Minds Academy"" Bodakdev Ahmedabad",schools,General Educational School,23.04195,72.52039,True
Digi Institute,schools,General Educational School,23.04195,72.52039,True
The Planet Pre School,schools,Primary & Pre-School,23.04195,72.52039,True
The Planet Discovery Centre,schools,General Educational School,23.04195,72.52039,True
Master Classes By Meenakshi Ma'am | CBSE | ICSE | GSEB | NCERT | Coaching Classes Bodakdev,schools,Coaching & Entrance Institute,23.04139,72.51927,True
DPS Pre-School Meghaninagar,schools,Primary & Pre-School,23.04073,72.52189,True
Auscan Educare,schools,General Educational School,23.04053,72.52475,True
Ganpat. University Kherva,schools,College & University,23.04024,72.52502,True
B Ranker Academy,schools,General Educational School,23.04026,72.52471,True
Prakash School,schools,Secondary & High School,23.03994,72.52335,True
Skyline Education and Immigration Services,schools,General Educational School,23.04015,72.5207,True
Concept Motors I Pvt Ltd,schools,College & University,23.04045,72.51349,True
Concept Hyundai SG Highway Showroom,schools,College & University,23.04073,72.5136,True
Heritage City Toastmasters Club,schools,General Educational School,23.04095,72.51361,True
ICFAI Business School,schools,College & University,23.04093,72.51373,True
Shri Balaji Hobbies Classes,schools,Coaching & Entrance Institute,23.04103,72.5184,True
Krish Academy,schools,General Educational School,23.04103,72.5184,True
Indian Oil,schools,General Educational School,23.04114,72.51876,True
Car Motor Driving School Thaltej,schools,Secondary & High School,23.04128,72.51842,True
Monika Sundrani Career Counsellor/Trainer/Mentor/Healer,schools,Coaching & Entrance Institute,23.04124,72.51804,True
MAAHI Language Solution,schools,General Educational School,23.04123,72.51804,True
The Unique Academy Ahmedabad,schools,General Educational School,23.04123,72.51804,True
NewTech Coding Academy,schools,General Educational School,23.04124,72.51341,True
Apollo CVHF Heart Institute,schools,General Educational School,23.04085,72.51247,True
Take off Educational Consultants,schools,General Educational School,23.04091,72.50955,True
Concept Hyundai,schools,College & University,23.0411,72.50257,True
Fast N Easy Immigration,schools,General Educational School,23.04064,72.50037,True
Shiv Tech Institute,schools,General Educational School,23.04001,72.50453,True
Keystone Universe of Education,schools,General Educational School,23.04016,72.50432,True
Aura The Health Studio,schools,General Educational School,23.04027,72.50746,True
International Recruitment Academy,schools,International School,23.04057,72.50768,True
OM Educon,schools,General Educational School,23.03946,72.51075,True
The salon academy,schools,General Educational School,23.03947,72.50927,True
"EHelp Consultancy & Migration Services - Best Visa Consultant , india, Student Visa, Immigration.",schools,General Educational School,23.03971,72.50778,True
SBRI - The Research Institute,schools,General Educational School,23.03988,72.50818,True
DICS - SindhuBhavanRoad (Edukreme Academy,schools,General Educational School,23.03982,72.50442,True
Indian Computer Education Institute,schools,General Educational School,23.03901,72.50939,True
Upskill Overseas Education,schools,General Educational School,23.03894,72.50936,True
ICEI Visa Consultant | Student Visa Consultant in Ahmedabad | PTE | SAT | GRE | GMAT | TOEFL | IELTS Coaching in Bodakdev,schools,Coaching & Entrance Institute,23.03894,72.50914,True
Unacademy Centre Ahmedabad,schools,General Educational School,23.03918,72.50942,True
Crisscross Lingo,schools,General Educational School,23.0392,72.5096,True
Mahadeva Software V8R,schools,General Educational School,23.03874,72.51218,True
Burdenfree Education,schools,General Educational School,23.03866,72.51659,True
"Footprints: Play School & Day Care Creche, Preschool in Bodakdev",schools,Primary & Pre-School,23.03876,72.51664,True
Cross Road Education,schools,General Educational School,23.03979,72.51893,True
Math Tuition Classes Cuemath,schools,Coaching & Entrance Institute,23.03944,72.52488,True
Khyati Ninos PreSchool - Vastrapur,schools,Primary & Pre-School,23.0391,72.52434,True
Calorx Vastrapur,schools,General Educational School,23.03908,72.52428,True
Amazing Pathshala,schools,Secondary & High School,23.0389,72.52166,True
Alchemist Science Academy,schools,General Educational School,23.03879,72.52373,True
Samarth Classes,schools,Coaching & Entrance Institute,23.03885,72.52376,True
K N Shah Institute,schools,General Educational School,23.03871,72.52389,True
CareerMakers Overseas,schools,Coaching & Entrance Institute,23.03865,72.52406,True
School For The Blind,schools,Secondary & High School,23.03914,72.52591,True
"Gurusthanam Grooming School kalyan West Road-Ahmedabad, Gujarat",schools,Secondary & High School,23.03864,72.5314,True
Apple Tree Preschool,schools,Primary & Pre-School,23.03885,72.53175,True
Tatkaar Kathak Dance Institute,schools,General Educational School,23.0389,72.53161,True
Parth Sir's Institute for Excellence,schools,General Educational School,23.0399,72.53073,True
Kumon Maths & English Classes:Best Kids Learning Centre in Vastrapur,schools,Primary & Pre-School,23.03982,72.52936,True
La Nina Academy,schools,General Educational School,23.03971,72.5296,True
Axis School of Animation,schools,Secondary & High School,23.03963,72.52945,True
Geeta Patel's Academy For Interior Design,schools,General Educational School,23.03993,72.5278,True
"Owner, Infoquest Computer Academy",schools,General Educational School,23.04001,72.5305,True
Iida,schools,General Educational School,23.04064,72.52742,True
Amor Design Institute | Fashion & Interior Courses,schools,General Educational School,23.04091,72.52772,True
Simplified Learnings - Jinal Shah,schools,General Educational School,23.04107,72.52594,True
Reena Organics,schools,General Educational School,23.04124,72.52582,True
Inifd Ahmedabad,schools,General Educational School,23.04078,72.53306,True
Fillip Lingua,schools,General Educational School,23.04028,72.53316,True
Durgesh Primary School,schools,Primary & Pre-School,23.04024,72.53312,True
Little Millennium Jivraj Park Preschool & Daycare Centre,schools,Primary & Pre-School,23.04008,72.53149,True
Gujarat University Health Center,schools,College & University,23.03995,72.54252,True
Ahmedabad University Sports Complex,schools,College & University,23.04085,72.54714,True
Maxcess Digital Marketing Institute,schools,General Educational School,23.04083,72.54891,True
National College of Commerce,schools,College & University,23.04046,72.54733,True
Shashwat IAS Academy,schools,General Educational School,23.04017,72.54817,True
Gujarat University School of Law,schools,College & University,23.03963,72.54838,True
"AIC GUSEC - Atal Incubation Center, Gujarat University",schools,College & University,23.03956,72.54787,True
"Sport Complex,gujarat University Ahmedabad",schools,College & University,23.03973,72.54717,True
"Gujarat University - Animation, MSC IT Government College , Degree, Mobile Application",schools,College & University,23.0394,72.54362,True
Dept of Animation,schools,General Educational School,23.0392,72.54401,True
Animation Department,schools,General Educational School,23.03866,72.54522,True
Abroad Study Centre,schools,Coaching & Entrance Institute,23.0386,72.54543,True
Education Multimedia Research Centre,schools,General Educational School,23.03856,72.54596,True
SKIPS University,schools,College & University,23.03898,72.54637,True
HK Centre for Professional Training,schools,General Educational School,23.03902,72.54769,True
Journalism Department of Gujarat University,schools,College & University,23.0391,72.5476,True
Department of Communication & Journalism,schools,General Educational School,23.0392,72.54784,True
Gujarat University-Alt Gate-2,schools,College & University,23.03885,72.54731,True
Center for Water and Sanitation,schools,General Educational School,23.03837,72.54947,True
Gujarat University Library,schools,College & University,23.03832,72.54773,True
Department Of Mathematics and Statistics,schools,General Educational School,23.03808,72.54443,True
CEPT North Canteen,schools,College & University,23.03796,72.54927,True
Amul Cafe CEPT University,schools,College & University,23.03777,72.54995,True
CEPT University,schools,College & University,23.03773,72.54977,True
Department Of English,schools,General Educational School,23.03786,72.54826,True
School Of Languages,schools,Secondary & High School,23.03767,72.54812,True
ILCC2021 - CEPT University,schools,College & University,23.03728,72.54978,True
MBA Evening B.K.School of Management,schools,College & University,23.0376,72.54418,True
chemistry lab,schools,General Educational School,23.03851,72.54283,True
Michael's Academy of Progress,schools,General Educational School,23.03848,72.53095,True
H&M Salon & Academy,schools,General Educational School,23.03843,72.52886,True
Misae kids,schools,Primary & Pre-School,23.03817,72.5266,True
Avinash Motor Driving School,schools,Secondary & High School,23.03791,72.52731,True
Basecamp,schools,General Educational School,23.03797,72.52778,True
Indian Institute of Jewelry Manufacturing,schools,General Educational School,23.03765,72.52879,True
New L.J College,schools,College & University,23.03777,72.52744,True
Aptech Aviation and Hospitality Academy,schools,General Educational School,23.03762,72.52778,True
ALOHA - Vastrapur,schools,General Educational School,23.03764,72.52756,True
Buddhdev Sir's Institute of Commerce,schools,General Educational School,23.03761,72.52753,True
Comm-Unique English Classes,schools,Coaching & Entrance Institute,23.03727,72.52793,True
Brainz Institute of Design,schools,General Educational School,23.03719,72.52931,True
Himanshu Vidhyalay,schools,General Educational School,23.03721,72.5305,True
University Quarters,schools,College & University,23.03707,72.53661,True
Kendriya Vidyalaya Space Application Centre,schools,Secondary & High School,23.03689,72.53374,True
"Trendsetters - school of hair, beauty & make-up",schools,Secondary & High School,23.03712,72.53085,True
Anita Goyal's Phonics and English Classes,schools,Coaching & Entrance Institute,23.03712,72.53085,True
IIMA 2001,schools,College & University,23.03712,72.53085,True
TMA Gujarat,schools,General Educational School,23.03713,72.52776,True
Mosaic Institute of Design,schools,General Educational School,23.03711,72.52789,True
Bascom Bridge Computer Education,schools,General Educational School,23.03702,72.52745,True
RT Global Visa Consultant,schools,General Educational School,23.03694,72.52733,True
Aashka Infocom Private Limited,schools,General Educational School,23.03693,72.52731,True
Sankalp Education for Mechanical Engineering,schools,General Educational School,23.0365,72.52664,True
Yogi Institute,schools,General Educational School,23.03661,72.52675,True
D's Academy,schools,General Educational School,23.03676,72.52839,True
School of Digital Marketing - Courses,schools,Secondary & High School,23.03636,72.52785,True
Navkar Education,schools,General Educational School,23.03636,72.52569,True
DPS East School,schools,Secondary & High School,23.03587,72.52865,True
Talent Art Classes and Order Work,schools,Coaching & Entrance Institute,23.03594,72.52933,True
Indian Institute of Management Ahmedabad,schools,College & University,23.03596,72.52939,True
Yuranus Education,schools,General Educational School,23.03614,72.53256,True
Vastrapur primary school,schools,Primary & Pre-School,23.03625,72.53154,True
Gujarat University Guest House,schools,College & University,23.03597,72.54013,True
Trio Teachers,schools,General Educational School,23.03637,72.54307,True
National College of Commerce,schools,College & University,23.03671,72.54039,True
Educationworld,schools,General Educational School,23.03671,72.54039,True
Govt. Polytechnic for Girls,schools,College & University,23.03671,72.54039,True
MBBSzone - Study Abroad,schools,General Educational School,23.03671,72.54039,True
"Zion Salons, University Road",schools,College & University,23.03671,72.54039,True
Spana maggi &Pasta Gujarat university Ahmedabad,schools,College & University,23.03671,72.54039,True
Gujarat university Ahmedabad,schools,College & University,23.03671,72.54039,True
School of International Studies & Diaspora,schools,International School,23.03681,72.54004,True
Aswadh Academy,schools,General Educational School,23.03681,72.54004,True
Upasana School of Performing Arts,schools,Secondary & High School,23.03653,72.54504,True
University Information Centre,schools,College & University,23.03678,72.54712,True
Smt SR Mehta Arts College,schools,College & University,23.03685,72.54642,True
Academic Staff College,schools,College & University,23.03698,72.54822,True
FabLab CEPT,schools,College & University,23.03705,72.54896,True
Lilavati Lalbhai Library,schools,General Educational School,23.03718,72.55004,True
Shiksha the Learning Center,schools,General Educational School,23.03673,72.54934,True
Vikram A Sarabhai Community Science Center,schools,General Educational School,23.03668,72.54925,True
School of Interior Design,schools,Secondary & High School,23.03639,72.54935,True
L D College Of Engineering,schools,College & University,23.0363,72.54946,True
UCMAS krishnanagar,schools,General Educational School,23.03624,72.54791,True
"Department of Computer Science , Gujarat University",schools,College & University,23.03624,72.54791,True
SAI Sports Academy,schools,General Educational School,23.03625,72.54791,True
UGC HRDC Gujarat University,schools,College & University,23.03631,72.54787,True
K. S. School of Business Management and Information Technology,schools,College & University,23.03643,72.54798,True
Gujarat University Design School,schools,College & University,23.03637,72.54668,True
Gujarat University Senate Hall,schools,College & University,23.03613,72.54654,True
Rollwala Computer Center,schools,General Educational School,23.03584,72.5455,True
"B. K. School of Professional and Management Studies, Ahmedabad",schools,Secondary & High School,23.03613,72.54833,True
B K School of Business management,schools,College & University,23.03606,72.54815,True
Gujarat University Dept of Animation,schools,College & University,23.03553,72.54621,True
Masters of Habitat Management - CEPT University,schools,College & University,23.0355,72.54621,True
LJ Institute of Entrepreneurship & Family Business,schools,General Educational School,23.03555,72.54624,True
Department of Chemistry - Gujarat University,schools,College & University,23.03555,72.54621,True
Gujarat University Campus Mandal Office,schools,College & University,23.03519,72.539,True
Gujarat University Police Station,schools,College & University,23.03513,72.53967,True
Placement Cell- K.s.school of Business Management-,schools,College & University,23.03523,72.53978,True
Physical Research Laboratory,schools,General Educational School,23.03546,72.54363,True
"SAP Code Unnati Software Training Centre,Ahmedabad",schools,General Educational School,23.03479,72.53956,True
Ajmera Law Group,schools,General Educational School,23.03476,72.53779,True
Civil Engineering Department,schools,General Educational School,23.03462,72.54682,True
ACPC,schools,General Educational School,23.03498,72.54808,True
L.M. College Of Pharmacy,schools,College & University,23.03509,72.54968,True
Government Polytechnic for Girls,schools,College & University,23.03425,72.54414,True
LD Institute of Indology,schools,General Educational School,23.03352,72.54988,True
L.D Institute of Indology (Lalbhai Dalpatbhai Museum),schools,General Educational School,23.03322,72.55012,True
ASDA Ahmedabad,schools,General Educational School,23.0332,72.54902,True
QTO Education,schools,General Educational School,23.03326,72.54858,True
Nielit CCC EXAM Ahmedabad,schools,General Educational School,23.03316,72.54534,True
LD Engineering CLG-University Area,schools,College & University,23.0331,72.54492,True
SCOPE,schools,General Educational School,23.03327,72.54416,True
Sahitya Sarita Ldce,schools,General Educational School,23.03329,72.54558,True
LD College of Engineering,schools,College & University,23.03357,72.5467,True
"The Red Brick Summit, IIM Ahmedabad",schools,College & University,23.03357,72.53607,True
China MBBS Consultancy,schools,General Educational School,23.03357,72.53607,True
K S School of Business Management and Information Technology,schools,College & University,23.03349,72.53655,True
Rotaract Club Of Indus University,schools,College & University,23.03345,72.5375,True
LJ College of Computer Applications,schools,College & University,23.03409,72.53107,True
LJ Institute of Business Administration,schools,General Educational School,23.03419,72.53107,True
LJ Pre Primary & Secondary School,schools,Secondary & High School,23.03423,72.53135,True
LJ School of Architecture,schools,College & University,23.03438,72.53036,True
Nirman High School,schools,College & University,23.03442,72.5289,True
Phenol Institute of Chemistry,schools,General Educational School,23.03501,72.52717,True
Magical Education,schools,General Educational School,23.03506,72.5278,True
Ashishsir's Academy of Commerce,schools,General Educational School,23.03497,72.52778,True
Ahir Sir : Engineering Maths Academy,schools,General Educational School,23.03499,72.52831,True
Libra Academy Of Commerce,schools,General Educational School,23.03509,72.52907,True
Centre for Environment Education,schools,General Educational School,23.03512,72.52945,True
Math Tuition Classes Cuemath,schools,Coaching & Entrance Institute,23.03456,72.53029,True
CIIE CO,schools,General Educational School,23.03445,72.53288,True
Indian Institute of Management Ahmedabad,schools,College & University,23.0347,72.53391,True
Vastrapur sarkari vasahat p.school,schools,Secondary & High School,23.03474,72.53434,True
Harshit Doshi Commerce Classes,schools,Coaching & Entrance Institute,23.03474,72.53434,True
Adult Training Centre for the Blind,schools,General Educational School,23.03452,72.5356,True
Amrut Mody School of Management - Ahmedabad University,schools,College & University,23.03444,72.53709,True
L.D.Arts College,schools,College & University,23.03453,72.53735,True
BPA Education Research Development Centre Parking Area,schools,General Educational School,23.03485,72.53557,True
JG College of Commerce - ASIA Campus,schools,College & University,23.03501,72.53353,True
I Can Early Learning Center,schools,General Educational School,23.03552,72.52679,True
Keystone Universe of Education,schools,General Educational School,23.03554,72.52726,True
Orane International School of Beauty and Wellness,schools,International School,23.03554,72.52741,True
Naughty Kidz Play School,schools,Secondary & High School,23.03549,72.52801,True
Anvil Foundation,schools,General Educational School,23.03558,72.52683,True
Cuemath,schools,General Educational School,23.03522,72.51932,True
Nurturing Childhood Academy,schools,General Educational School,23.03531,72.51919,True
The Satellite School,schools,Secondary & High School,23.03541,72.51978,True
Math Tuition Classes Cuemath,schools,Coaching & Entrance Institute,23.03557,72.52188,True
National Institute of Jewellery Design,schools,General Educational School,23.03512,72.51622,True
Tatkaar Kathak Institute,schools,General Educational School,23.03513,72.51622,True
TURNING POINT OVERSEAS - Best Educational Consultant / Student Visa Consultant,schools,General Educational School,23.03526,72.5164,True
Keystone Universe of Education,schools,General Educational School,23.03534,72.51633,True
Shanti's Hopskotch - Satellite,schools,General Educational School,23.03452,72.51565,True
Spinlab DJ & Music Academy,schools,General Educational School,23.03451,72.52141,True
"EuroKids Preschool at Vastrapur, Best Kindergarten",schools,Primary & Pre-School,23.03457,72.5214,True
Rangoli Preschool,schools,Primary & Pre-School,23.03511,72.51927,True
Golden Staff - Guitar and Drum Classes,schools,Coaching & Entrance Institute,23.03511,72.52071,True
Exhale Yoga School & Samarth Dave - YogaAlliance USA,schools,Secondary & High School,23.03511,72.52071,True
A for?,schools,General Educational School,23.03475,72.52284,True
Bhavesh's Classes,schools,Coaching & Entrance Institute,23.03443,72.52416,True
Ahmedabad Billiards and Snooker Coaching Academy,schools,Coaching & Entrance Institute,23.03399,72.52378,True
Sonali Deliwala Science Institute,schools,General Educational School,23.03378,72.52506,True
Professor Nilay Mehta's JD Group Tuitions,schools,Coaching & Entrance Institute,23.0337,72.52497,True
The Gate Academy,schools,General Educational School,23.03361,72.52483,True
"EuroKids Preschool at Judges Bunglow Rd, Best Kindergarten",schools,Primary & Pre-School,23.03352,72.52444,True
Vani Overseas,schools,General Educational School,23.03343,72.52486,True
Foreign Brains,schools,General Educational School,23.03342,72.52486,True
Selves Furniture Concept,schools,College & University,23.03338,72.52491,True
Pristine InfoSolutions Ahmedabad,schools,General Educational School,23.03335,72.52456,True
Rohan sir's aptitude dhaba,schools,General Educational School,23.03334,72.52465,True
Mackwins Education - Study in europe,schools,General Educational School,23.03332,72.52474,True
Ekoching,schools,General Educational School,23.03326,72.52459,True
Twin Heart Channel,schools,General Educational School,23.03328,72.52476,True
Musica Academy Of Music,schools,General Educational School,23.03322,72.52479,True
Engineers Academy,schools,General Educational School,23.03319,72.52447,True
Math Tuition Classes Cuemath,schools,Coaching & Entrance Institute,23.03341,72.5206,True
Aussie Education,schools,General Educational School,23.03389,72.51521,True
Ahmedabad International School,schools,International School,23.03439,72.51266,True
Uno Lona Academy,schools,General Educational School,23.03425,72.51202,True
Phoenix Institute,schools,General Educational School,23.03396,72.51062,True
Ren Montessori,schools,Primary & Pre-School,23.03404,72.51221,True
R. R. Patel Overseas And Education,schools,General Educational School,23.03372,72.50676,True
Concept Zone,schools,College & University,23.03341,72.50486,True
R.K. Chokshi School of Chess,schools,Secondary & High School,23.03398,72.50496,True
Narayana IIT JEE & NEET Coaching Institute Ahmedabad,schools,College & University,23.03462,72.50135,True
Ahmedabad Institute of Filmmaking,schools,General Educational School,23.03447,72.50419,True
MLC College,schools,College & University,23.03462,72.51122,True
Kamron Healthcare Private Limited,schools,General Educational School,23.03578,72.51141,True
"Canadian University Application Centre, Ahmedabad",schools,College & University,23.03568,72.50993,True
Shri Chimanbhai Patel Institutes,schools,General Educational School,23.03568,72.50993,True
Nurturing Childhood Academy,schools,General Educational School,23.03569,72.51001,True
Estella Ceramicaa,schools,College & University,23.03569,72.51001,True
Karmanya Concepts Decor and Events,schools,College & University,23.03565,72.50416,True
Ananta,schools,General Educational School,23.03541,72.5041,True
Edulley - IELTS Coaching and Visa Consultant,schools,Coaching & Entrance Institute,23.03697,72.51152,True
Techforce Infotech,schools,General Educational School,23.03677,72.51179,True
Fortune Market Report,schools,General Educational School,23.03676,72.51175,True
Aesthetica Academy,schools,General Educational School,23.03622,72.51127,True
Janvikas Centre for Health Education,schools,General Educational School,23.03601,72.51159,True
NIMCJ - Freedom of Expression,schools,General Educational School,23.03594,72.5112,True
"EuroKids Preschool at Vastrapur, Best Kindergarten",schools,Primary & Pre-School,23.03581,72.51371,True
Vital Educational Institute,schools,General Educational School,23.03639,72.51597,True
nailsacademyby_shills,schools,General Educational School,23.03627,72.51775,True
Bright Start Foundation Center,schools,General Educational School,23.03604,72.51758,True
The Ahmedabad Montessori School,schools,Primary & Pre-School,23.03594,72.51762,True
Unstoppable Dance Studio & Events Ahmedabad,schools,General Educational School,23.03602,72.52229,True
Ahir SIR Engineering Coaching Classes,schools,Coaching & Entrance Institute,23.03619,72.5247,True
Khyati Ninos Vastrapur,schools,General Educational School,23.03637,72.52242,True
Brahm Swaranjali,schools,General Educational School,23.03637,72.52242,True
Pinkal Mind Power Training Institute,schools,General Educational School,23.03676,72.52403,True
Bhagwati Cooking Classes,schools,Coaching & Entrance Institute,23.03699,72.51605,True
Buds n Roses,schools,General Educational School,23.03697,72.51551,True
UCMAS,schools,General Educational School,23.03718,72.5134,True
solicitude_academy,schools,General Educational School,23.03734,72.52299,True
Shayona academy,schools,General Educational School,23.03752,72.52294,True
Jussy salon & Academy,schools,General Educational School,23.03745,72.523,True
Brillico Gliders,schools,General Educational School,23.03794,72.52276,True
Shkallet Pharma,schools,General Educational School,23.0384,72.52362,True
Advance Selling Skills Academy,schools,General Educational School,23.03847,72.52323,True
Rakesh Sir's Academy,schools,General Educational School,23.03835,72.5198,True
Empire Salon & Academy,schools,General Educational School,23.03812,72.51362,True
The Great Indian Farms,schools,General Educational School,23.03843,72.51291,True
Stridely Solutions Academy,schools,General Educational School,23.03808,72.50788,True
Uday Education,schools,General Educational School,23.03773,72.51224,True
Concept Infoway Private Limited,schools,College & University,23.03774,72.51212,True
"Shashikunj Academy of Art, Music and Cultural Activities",schools,General Educational School,23.03779,72.50341,True
Apollo Kidz,schools,General Educational School,23.03717,72.4784,True
Lakshya School,schools,Secondary & High School,23.03447,72.49689,True
The New Tulip International School,schools,International School,23.03571,72.46676,True
Shriram Vidyalaya Sanand,schools,Secondary & High School,23.03519,72.46755,True
S.R.V,schools,General Educational School,23.03519,72.46755,True
IndiGAims,schools,General Educational School,23.0344,72.47444,True
Shanti Juniors,schools,General Educational School,23.03393,72.47094,True
Gyanjyot institute,schools,General Educational School,23.03331,72.46891,True
Piccolos Pre School,schools,Primary & Pre-School,23.03348,72.46678,True
Master Education,schools,General Educational School,23.03333,72.46778,True
Ace Tennis Academy,schools,General Educational School,23.03352,72.46334,True
Tejash Shikshan Sankul,schools,Secondary & High School,23.03385,72.46294,True
Neuron Institute of Science,schools,General Educational School,23.03404,72.46444,True
Shivam Classes,schools,Coaching & Entrance Institute,23.0339,72.46427,True
Vedant International Preschool and Day Care Center,schools,International School,23.03436,72.46812,True
Cuemath,schools,General Educational School,23.03486,72.46131,True
"Ion Digital Zone,",schools,General Educational School,23.03611,72.46757,True
Arjun School of Martial Arts,schools,Secondary & High School,23.03713,72.46722,True
Shiv Ashish School,schools,Secondary & High School,23.03784,72.47223,True
"St.Ann's school,Bopal",schools,Secondary & High School,23.03816,72.46876,True
BKM School,schools,Secondary & High School,23.03738,72.46217,True
Shanti Juniors Preschool - Shilaj,schools,Primary & Pre-School,23.04021,72.46412,True
Maruti Driving School-Atul Motors,schools,Secondary & High School,23.03993,72.46474,True
Math Tuition Classes Cuemath,schools,Coaching & Entrance Institute,23.0397,72.46962,True
"No 1 Preschool, Pre Primary, Kids Best School  and Nursery & Kindergarten School Bopal",schools,Primary & Pre-School,23.03952,72.46487,True
Satyameva Jayate International School,schools,International School,23.03941,72.46498,True
ICECD - International Center for Entrepreneurship and Career Development India,schools,International School,23.03928,72.46479,True
Skill X Academy,schools,General Educational School,23.0393,72.47869,True
Aloha Institute Sindhu Bhavan Road,schools,General Educational School,23.04079,72.49968,True
RSA - Rising Stars Academy,schools,General Educational School,23.04082,72.47854,True
Car Driving School Ahmedabad,schools,Secondary & High School,23.04133,72.48236,True
Ahmedabad Racquet Academy,schools,General Educational School,23.04194,72.49295,True
Unacademy Centre -  Ahmedabad,schools,General Educational School,23.04146,72.49355,True
Sattva Vikas School,schools,Secondary & High School,23.04161,72.49593,True
Ahmedabad Racket Tennis Academy,schools,General Educational School,23.04216,72.49276,True
Sat Prep,schools,General Educational School,23.04208,72.48998,True
SEVEE CARE,schools,General Educational School,23.04348,72.48719,True
"Genius Kid, Shilaj",schools,General Educational School,23.04354,72.46656,True
St Anns School,schools,Secondary & High School,23.0419,72.4706,True
Delhi Public School Bopal - Top CBSE School in Ahmedabad,schools,Secondary & High School,23.04218,72.45779,True
Delhi Public School Bhopal,schools,Secondary & High School,23.04196,72.45708,True
The New Tulip International School,schools,International School,23.04384,72.45271,True
Manipur Primary School,schools,Primary & Pre-School,23.04273,72.43027,True
C2bpreschool,schools,Primary & Pre-School,23.03495,72.4303,True
Pratik Thakkar,schools,General Educational School,23.03478,72.42882,True
College Of Dental Sciences & Research Center,schools,College & University,23.03455,72.43605,True
Tajas School Bopal,schools,Secondary & High School,23.03189,72.44636,True
Ascent Civil Service Study Center,schools,Coaching & Entrance Institute,23.03062,72.42702,True
Anant Institute of Architecture,schools,General Educational School,23.02762,72.42602,True
Sanskardham,schools,General Educational School,23.02888,72.42724,True
Anant School of Excellence,schools,Secondary & High School,23.02882,72.42706,True
Laxman Gyanpith School,schools,Secondary & High School,23.02922,72.42727,True
Sanfort   Godhavi  Ahmedabad.,schools,General Educational School,23.02288,72.4005,True
"Gurusthanam Grooming School Godhavi-Ahmedabad,Gujarat",schools,Secondary & High School,23.02502,72.41164,True
Zydus School for Excellence,schools,Secondary & High School,23.02504,72.41622,True
Anant National University,schools,College & University,23.02727,72.42593,True
Global Mission International School,schools,International School,23.0274,72.4303,True
Krishna Heart Institute,schools,General Educational School,23.02405,72.44136,True
LDR International School,schools,International School,23.02443,72.44255,True
Joyful Juniors,schools,General Educational School,23.02279,72.4549,True
Reflexion play school GHUMA,schools,Secondary & High School,23.0242,72.45758,True
Ritu's Giftery,schools,General Educational School,23.0242,72.45758,True
Sky & Cloud learning classes,schools,Coaching & Entrance Institute,23.02415,72.46689,True
360 Institute For Development,schools,General Educational School,23.02422,72.47055,True
Aagness Art Academy,schools,General Educational School,23.02356,72.47197,True
Cuemath,schools,General Educational School,23.02229,72.47147,True
Math Tuition Classes Cuemath,schools,Coaching & Entrance Institute,23.02229,72.47147,True
Studio20Two,schools,General Educational School,23.02266,72.47189,True
Stallion Horse Riding School,schools,Secondary & High School,23.02434,72.48816,True
Conception I,schools,College & University,23.02392,72.47812,True
Vardhman institute,schools,General Educational School,23.02586,72.47666,True
Aastha English School,schools,Secondary & High School,23.02595,72.48071,True
La Forêt French Class,schools,General Educational School,23.026,72.47983,True
Rameshwar Farm and Party Plot,schools,General Educational School,23.02509,72.48364,True
Accquaint Academy,schools,General Educational School,23.02636,72.47956,True
SM Eye Institute - Advanced Cornea Centre,schools,General Educational School,23.02668,72.47635,True
Sonali Yoga School Ahmedabad,schools,Secondary & High School,23.0264,72.46595,True
Tiny Stars Preschool,schools,Primary & Pre-School,23.02639,72.47038,True
Shaishya Tennis Academy,schools,General Educational School,23.02647,72.47081,True
Anu Ma'am Academy,schools,General Educational School,23.02647,72.47081,True
IIMR Ahmedabad,schools,College & University,23.02647,72.47081,True
Ganesha'J Salon & Academy,schools,General Educational School,23.02578,72.46889,True
Podar Jumbo Kids Bopal,schools,Primary & Pre-School,23.0255,72.47233,True
Kaushalam Yoga,schools,Secondary & High School,23.02503,72.46953,True
Cuemath,schools,General Educational School,23.02502,72.46572,True
Cuemath,schools,General Educational School,23.02606,72.45375,True
Confianca Kids Preschool Ghuma,schools,Primary & Pre-School,23.0259,72.45259,True
EuroKids Pre-School,schools,Primary & Pre-School,23.02735,72.45769,True
KIDZEE Bopal - Kiddie Cove Daycare (Best Preschool in Bopal),schools,Primary & Pre-School,23.02734,72.45758,True
Sankalya Academy,schools,General Educational School,23.02795,72.46788,True
Satellite school,schools,Secondary & High School,23.02782,72.47175,True
Cooking Studio,schools,General Educational School,23.02817,72.46883,True
3AM Art House,schools,General Educational School,23.02839,72.46757,True
Gurusthanam Grooming School South Bopal-Ahmedabad,schools,Secondary & High School,23.02841,72.46707,True
Grapits Education Center,schools,General Educational School,23.02931,72.47417,True
Hi-Tech Computer Education,schools,General Educational School,23.02977,72.47451,True
SAFE Educare,schools,General Educational School,23.0298,72.47371,True
Nupur Nayak Yoga Classes,schools,Coaching & Entrance Institute,23.03028,72.47245,True
WonderWorld Pre-School,schools,Primary & Pre-School,23.03028,72.47245,True
Ahmedabad School Ven Comunity Seva Smiti,schools,Secondary & High School,23.03028,72.47245,True
Ahmedabad Homeopathic Medical College,schools,College & University,23.03008,72.45892,True
Ahmedabad Physiotherapy College,schools,College & University,23.03003,72.45893,True
Math Tuition Classes Cuemath,schools,Coaching & Entrance Institute,23.02913,72.45337,True
Ahmedabad Physiotherapy College,schools,College & University,23.03017,72.45248,True
A One Group Tuition,schools,Coaching & Entrance Institute,23.03058,72.45117,True
Kabir Tennis Academy,schools,General Educational School,23.03052,72.45755,True
Shanti Juniors Ghuma,schools,General Educational School,23.03145,72.45657,True
My Alphabetz Preschool,schools,Primary & Pre-School,23.0315,72.4565,True
Vidhyakunj Classes,schools,Coaching & Entrance Institute,23.03129,72.45551,True
Vidhaya Sagar High School,schools,Secondary & High School,23.03257,72.45471,True
Kids Kingdom,schools,Primary & Pre-School,23.03295,72.46192,True
House Of Rock Music Institute,schools,General Educational School,23.03281,72.46065,True
Genius Kid Shela,schools,General Educational School,23.03253,72.46065,True
Little Wings Holistic Childhood Centre,schools,Primary & Pre-School,23.03225,72.45925,True
Anant School for Climate Action,schools,Secondary & High School,23.03187,72.45886,True
Engineering Project,schools,General Educational School,23.03187,72.45886,True
L.J institute of physiotherapy,schools,General Educational School,23.03174,72.45874,True
Shreeji Krupa Institute,schools,General Educational School,23.03172,72.45877,True
SAGAR VERMA Classes,schools,Coaching & Entrance Institute,23.03172,72.45877,True
Raj Computers & Tally Institute,schools,General Educational School,23.033,72.46768,True
Anukul Yoga Studio - Best Online/Offline Yoga classes in Bopal,schools,Coaching & Entrance Institute,23.03277,72.46803,True
Master Mind Chess Academy,schools,General Educational School,23.03287,72.46913,True
Gyanjyot Public School,schools,Secondary & High School,23.03222,72.47226,True
Ravi Madhyamik School,schools,Secondary & High School,23.03232,72.47303,True
Nira institute,schools,General Educational School,23.03204,72.4693,True
Kosha Joshi Tution Academy,schools,Coaching & Entrance Institute,23.03139,72.47241,True
St. Ann's School Ahmedabad,schools,Secondary & High School,23.03119,72.47259,True
"Gurusthanam Grooming School Sarkari Tubewell Rd-Bopal,Ahmedabad",schools,Secondary & High School,23.03132,72.47055,True
Little Marvels PreSchool,schools,Primary & Pre-School,23.03132,72.47055,True
BYJU'S Tuition Centre - Bopal,schools,Coaching & Entrance Institute,23.03133,72.47063,True
Flyover International Ltd,schools,International School,23.03114,72.47092,True
"Coding Classes - Learn, Create, Innovate",schools,Coaching & Entrance Institute,23.03105,72.46952,True
Red and White Multimedia Education,schools,General Educational School,23.03141,72.47092,True
Blossom Institute,schools,General Educational School,23.03143,72.46489,True
Math Care Academy,schools,General Educational School,23.03056,72.46553,True
BrainZ Institute of Design,schools,General Educational School,23.03074,72.47251,True
Devarsh Music Academy,schools,General Educational School,23.03097,72.47403,True
MS Dhoni Cricket Academy - Shela,schools,General Educational School,23.03036,72.4775,True
Toddler's Den,schools,Primary & Pre-School,23.03189,72.49915,True
Explore YourSpace Academy,schools,General Educational School,23.03022,72.49087,True
ED24,schools,General Educational School,23.02947,72.47579,True
Initio,schools,General Educational School,23.02948,72.4759,True
"Axel cricket academy, ahmedabad",schools,General Educational School,23.02938,72.47566,True
Urjayati Public School,schools,Secondary & High School,23.02938,72.47566,True
Ginger Cooking Classes-Ahmedabad,schools,Coaching & Entrance Institute,23.02938,72.47566,True
TCCIComputerCoaching,schools,Coaching & Entrance Institute,23.02938,72.47566,True
SouthBopal Kidzee,schools,General Educational School,23.02938,72.47566,True
Math Excellence Center -  Bopal ghuma road,schools,General Educational School,23.02942,72.47555,True
Sandeep Patel Tuition,schools,Coaching & Entrance Institute,23.02923,72.47779,True
Sangeetwala,schools,General Educational School,23.02911,72.47688,True
Campus stationers Bopal,schools,College & University,23.02917,72.47661,True
Skytech Consultants,schools,General Educational School,23.02869,72.4768,True
Urban Gurukul,schools,General Educational School,23.02859,72.47723,True
Prathana Computer Educations,schools,General Educational School,23.02826,72.47656,True
M & N Virani Science College,schools,College & University,23.02822,72.47721,True
Swastik Junior,schools,General Educational School,23.02785,72.47549,True
Nectar Life Care,schools,General Educational School,23.02788,72.48587,True
Playtos - The world's first Beyond School,schools,Secondary & High School,23.02842,72.49889,True
Route to University,schools,College & University,23.02812,72.49717,True
Brainflex360,schools,General Educational School,23.02773,72.50386,True
"Physics Wallah Vidyapeeth Coaching Center Ahmedabad | IIT JEE, NEET & Foundation Classes",schools,College & University,23.028,72.50485,True
KreedaTantra Academy Pvt. Ltd.,schools,General Educational School,23.02794,72.50165,True
Shriram Finance Limited,schools,General Educational School,23.0288,72.50888,True
TOPS Technologies - Best IT Training Institute,schools,General Educational School,23.0288,72.50888,True
Kiddos Club,schools,General Educational School,23.02875,72.50862,True
Pavan Pickleball Academy,schools,General Educational School,23.02887,72.51231,True
Math Tuition Classes Cuemath,schools,Coaching & Entrance Institute,23.02796,72.509,True
OI Immigration,schools,General Educational School,23.02776,72.51202,True
English House,schools,General Educational School,23.02768,72.51113,True
DSV Academy,schools,General Educational School,23.02769,72.52438,True
Infinifly Education Academy,schools,General Educational School,23.02774,72.52432,True
Shree Narayan College of Commerce,schools,College & University,23.02837,72.51503,True
Shree Narayana Central School,schools,Secondary & High School,23.02827,72.51442,True
SPIPA,schools,General Educational School,23.02979,72.52232,True
I Overseas,schools,General Educational School,23.03012,72.51783,True
Mind's Miracle,schools,General Educational School,23.03021,72.51414,True
Thought Canvas,schools,General Educational School,23.03021,72.51414,True
Ambition Academy,schools,General Educational School,23.03021,72.51414,True
"Smart Mummy-YCCI -A School for Mothers, Learn to Enjoy Motherhood",schools,Secondary & High School,23.03021,72.51414,True
JD CAD Institution,schools,Coaching & Entrance Institute,23.02981,72.50675,True
Competition Point,schools,General Educational School,23.0293,72.51156,True
Nurture Academy - Foreign Accounting & Taxation Training Center,schools,General Educational School,23.02937,72.50864,True
Winnie-The-Pooh Cafe,schools,General Educational School,23.02937,72.50864,True
IDSL Academy,schools,General Educational School,23.02951,72.50881,True
Shanti Juniors Preschools,schools,Primary & Pre-School,23.02957,72.5087,True
Vkiim Education In India,schools,College & University,23.03064,72.5089,True
Center For Professionals,schools,General Educational School,23.03132,72.50833,True
BYJU'S Tuition Centre - SG Highway,schools,Coaching & Entrance Institute,23.03118,72.50995,True
Bonding2Books,schools,General Educational School,23.03279,72.50682,True
InnerVoyage Highbrowtots,schools,General Educational School,23.03302,72.50635,True
Zebar Early Years,schools,General Educational School,23.03218,72.51172,True
S R Dance Academy,schools,General Educational School,23.0322,72.51078,True
Medip Academy,schools,General Educational School,23.03186,72.5114,True
Devashish school,schools,Secondary & High School,23.03199,72.51121,True
Osho Junction Ahmedabad,schools,General Educational School,23.03186,72.51203,True
Dhyan Chess Academy,schools,General Educational School,23.03183,72.51144,True
EduCan Academy,schools,General Educational School,23.03172,72.51129,True
Maths Lab,schools,General Educational School,23.03302,72.51329,True
Haven by HnC,schools,General Educational School,23.03297,72.5198,True
Hugs and Cuddles Kindergarten,schools,Primary & Pre-School,23.03297,72.5198,True
Maitri Classes,schools,Coaching & Entrance Institute,23.03277,72.52191,True
Unstoppable Dance Studio & Events Ahmedabad ( Top Best dance class & Best Weddding Choreographer ),schools,General Educational School,23.03256,72.52447,True
Anand Vidhyalaya,schools,Secondary & High School,23.03244,72.52238,True
Gazen Calligraphy & Designs,schools,General Educational School,23.03212,72.52449,True
Shadaj Music Academy,schools,General Educational School,23.032,72.5251,True
HP Petrol Pump,schools,General Educational School,23.03193,72.52439,True
Aptech Computer - Bodakdev Ahmedabad,schools,General Educational School,23.0318,72.5248,True
Eurokids Manekbaug,schools,Primary & Pre-School,23.03035,72.51769,True
Himanshu Patel Commerce Institute,schools,General Educational School,23.03035,72.51769,True
"Lords Institute - Centre for Distance Education, Ahmedabad",schools,General Educational School,23.03054,72.52647,True
Karnavati Study Abroad Consultancy - KSAC,schools,General Educational School,23.03054,72.52647,True
Ajanta Associates Ahmedabad,schools,General Educational School,23.0309,72.52609,True
odhani concept,schools,College & University,23.03088,72.52624,True
Tanmaykumaar Panchal,schools,General Educational School,23.03053,72.53033,True
Indian Geomatics Research Institute,schools,General Educational School,23.03052,72.5301,True
APTIQoaching,schools,General Educational School,23.03045,72.53038,True
JSW School of Public Policy,schools,Secondary & High School,23.03055,72.53361,True
KLMDC Building,schools,General Educational School,23.03113,72.53761,True
印度管理研究所亞美達巴德分校,schools,General Educational School,23.03166,72.53633,True
The Edutrend,schools,General Educational School,23.03123,72.52693,True
Yuranus Education and Immigration,schools,General Educational School,23.03102,72.52607,True
Aatithya Travel Management & Academy Pvt. Ltd.,schools,General Educational School,23.03122,72.52598,True
Utthan IAS Academy,schools,General Educational School,23.03144,72.52698,True
Qafie - Software Learning Management System,schools,General Educational School,23.0315,72.5269,True
L J Institutes n College,schools,College & University,23.03228,72.52771,True
Parth Tank Classes,schools,Coaching & Entrance Institute,23.03206,72.5254,True
Mackwins Education Pvt. Ltd.,schools,General Educational School,23.03235,72.52628,True
JD Classes,schools,Coaching & Entrance Institute,23.03286,72.52631,True
SAFE Educare,schools,General Educational School,23.03298,72.52671,True
Math Tuition Classes Cuemath,schools,Coaching & Entrance Institute,23.03296,72.52688,True
Ravi J Matthai Centre for Educational Innovation,schools,General Educational School,23.03249,72.53612,True
VIVA College,schools,College & University,23.0317,72.5361,True
IIM,schools,College & University,23.03194,72.53623,True
"Vikram Sarabhai Library, IIM Ahmedabad",schools,College & University,23.03174,72.53628,True
KCG,schools,General Educational School,23.03277,72.54397,True
Knowledge Consortium of Gujarat,schools,General Educational School,23.03267,72.54383,True
Pathashala Education,schools,Secondary & High School,23.03303,72.5489,True
GEN Education and Immigration Services,schools,General Educational School,23.03275,72.54977,True
Miracle Overseas,schools,General Educational School,23.03278,72.5499,True
Span Visa Consultant,schools,General Educational School,23.03277,72.54983,True
IMS Ahmedabad,schools,General Educational School,23.03262,72.5497,True
Abroad Education & Consultancy Services,schools,General Educational School,23.03248,72.54923,True
Aspire conclave education,schools,General Educational School,23.03205,72.54619,True
Digital Overseas Education,schools,General Educational School,23.03173,72.54942,True
Pre Cept,schools,College & University,23.03144,72.55015,True
Sarvayogam School,schools,Secondary & High School,23.03134,72.55016,True
Khodiyar Cad Center,schools,General Educational School,23.0313,72.54936,True
Rao Consultants,schools,General Educational School,23.03126,72.5492,True
World Wide Education Services,schools,General Educational School,23.03106,72.54845,True
RG International Ahmedabad,schools,International School,23.03106,72.5479,True
Grace International Ahmedabad-Education & Migration Services,schools,International School,23.03106,72.54791,True
Study N' Settle Abroad,schools,General Educational School,23.03109,72.54795,True
LD College Of Engineering Hostel,schools,College & University,23.03159,72.54684,True
Mentor Educational Services,schools,General Educational School,23.03133,72.53834,True
Sulphur Crop Care Private Limited,schools,General Educational School,23.03124,72.54109,True
Europe Study Centre,schools,Coaching & Entrance Institute,23.03088,72.54794,True
Yates Education,schools,General Educational School,23.03094,72.54787,True
Route99 - Personalized Coaching,schools,Coaching & Entrance Institute,23.03091,72.548,True
"Global Colliance - Best Student Visa, Study Abroad Education, Foreign Education, Overseas Education Consultants in Ahmedabad",schools,General Educational School,23.03086,72.54808,True
Robotrix India,schools,General Educational School,23.03009,72.54818,True
Hiralal Kaji Primary School,schools,Primary & Pre-School,23.02971,72.54104,True
AMA Ahmedabad Business School Parking Area,schools,College & University,23.02973,72.54243,True
Nautanki Gastronomical Drama,schools,College & University,23.03012,72.54018,True
Cosdelta Academy,schools,General Educational School,23.03001,72.52879,True
Masters60 Physics Classes,schools,Coaching & Entrance Institute,23.02997,72.52871,True
Positive7,schools,General Educational School,23.02999,72.52885,True
AB Classes Physics,schools,Coaching & Entrance Institute,23.03013,72.52886,True
MediShvi Educators- NEET by Vikas Sir,schools,Coaching & Entrance Institute,23.03016,72.52889,True
UKIC,schools,General Educational School,23.03015,72.52753,True
CarvingMindz,schools,General Educational School,23.0303,72.52729,True
Navin Motor Training School,schools,Secondary & High School,23.0303,72.52729,True
C-TAG,schools,General Educational School,23.03005,72.52657,True
Palak Gandhi's Computer Class,schools,General Educational School,23.03007,72.52649,True
Stellars School,schools,Secondary & High School,23.03001,72.52651,True
Paramount Immigration,schools,General Educational School,23.03001,72.52673,True
Pyramid Institute Of Physics - Jaydatt Jani,schools,General Educational School,23.03003,72.52677,True
ISoftWeb It Solution,schools,General Educational School,23.03006,72.52688,True
Upnishad Institute,schools,General Educational School,23.02988,72.52803,True
Phonics Fun,schools,General Educational School,23.02979,72.527,True
Amit Barot Maths Zone,schools,General Educational School,23.02991,72.52698,True
RS Academy,schools,General Educational School,23.02996,72.52678,True
Econcept Infotech,schools,College & University,23.02979,72.52668,True
Darshana Shah's English Academy,schools,General Educational School,23.02977,72.52722,True
Chandigarh University Admission Office,schools,College & University,23.02973,72.52722,True
Laksh Aviation Academy,schools,General Educational School,23.02982,72.5287,True
Sri Vidya Academy - Under the Mentorship of ANA sir,schools,General Educational School,23.02993,72.52859,True
DV Dance Crew,schools,General Educational School,23.02954,72.52757,True
Attitude Classes For Excellence,schools,Coaching & Entrance Institute,23.02953,72.5272,True
"Zuzu Kids Preschool, Satellite",schools,Primary & Pre-School,23.02955,72.52579,True
British Academy - Madhavi Khandwala,schools,International School,23.0293,72.5273,True
Ozone Engineering Classes | Diploma | Degree | B.E | B.Tech | DDCET | All Courses Mathematics,schools,Coaching & Entrance Institute,23.02925,72.52777,True
Lj Institute of Applied Sciences,schools,General Educational School,23.02914,72.52544,True
Gyan Academy,schools,General Educational School,23.02908,72.52684,True
Profound Eduroute - Top Visa & Immigration Consultants,schools,General Educational School,23.02898,72.52949,True
Shivalik Shilp 2,schools,General Educational School,23.02901,72.52954,True
Cuemath,schools,General Educational School,23.02829,72.53471,True
School for Perfect English Language Learning,schools,Secondary & High School,23.02872,72.53079,True
Alpine Overseas,schools,General Educational School,23.02888,72.5295,True
Excellon Education and Immigration,schools,General Educational School,23.02888,72.5295,True
Sai Management & Educational Services,schools,General Educational School,23.02889,72.5285,True
Kameshwar School,schools,Secondary & High School,23.0283,72.52689,True
Corextrime Consulting Service,schools,General Educational School,23.02844,72.52999,True
Overseas Desire Immigration,schools,General Educational School,23.02857,72.53014,True
Aapka Investments,schools,General Educational School,23.02819,72.52998,True
iOverseas Education Consultant Satellite,schools,General Educational School,23.02823,72.52985,True
Dipti Shah and Institute of English,schools,General Educational School,23.02807,72.53198,True
Narayana Institute,schools,General Educational School,23.02816,72.53217,True
Shahnaz Husain International Beauty Academy,schools,International School,23.02789,72.53476,True
Khyati Ninos Ambawadi Preschool and Day Care,schools,Primary & Pre-School,23.02785,72.53498,True
Hiral Ma'am's Classes,schools,Coaching & Entrance Institute,23.02765,72.53561,True
SKY EduCon,schools,General Educational School,23.02804,72.54263,True
Neptune Educational Consultants,schools,General Educational School,23.02824,72.54238,True
A & M Careers,schools,Coaching & Entrance Institute,23.02845,72.54376,True
Shiksha,schools,General Educational School,23.02871,72.54431,True
Spandan yoga school,schools,Secondary & High School,23.02793,72.54444,True
Polytechnic Post Office,schools,College & University,23.02729,72.54876,True
Ahmedabad Polytechnic-Gulbai Tekra,schools,College & University,23.02696,72.55027,True
Abroad Guru Overseas,schools,General Educational School,23.02709,72.5446,True
Institute of Hotel Management,schools,General Educational School,23.02725,72.5468,True
"Government Polyphonic, Ambavadi",schools,General Educational School,23.02754,72.54477,True
I Que Ideas Pvt. Ltd.,schools,General Educational School,23.02742,72.544,True
Kushal Proactive Abacus/ Coaching classes,schools,Coaching & Entrance Institute,23.02741,72.54039,True
Cuemath,schools,General Educational School,23.02635,72.53956,True
"Sheth  C.N.College  of Education , Ahmeabad",schools,College & University,23.02621,72.54631,True
SEFT School Of Training & Development Pvt. Ltd.,schools,Secondary & High School,23.02686,72.54421,True
Government Polytechnic,schools,College & University,23.02633,72.54771,True
Jeremy Education,schools,General Educational School,23.02606,72.54815,True
Polytechnic AMTS Bus Stop,schools,College & University,23.02602,72.54658,True
Ambawadi Government Polytechnic College,schools,College & University,23.02571,72.54832,True
Kaivalya School Of Learning,schools,Secondary & High School,23.02538,72.54875,True
IPPO,schools,General Educational School,23.02515,72.54732,True
Atman Theatre School,schools,Secondary & High School,23.02496,72.54975,True
NMIMS Global School for Continuing Education- GulbaiTekra CG Road,schools,International School,23.02484,72.54859,True
Digital Overseas Education,schools,General Educational School,23.02508,72.54735,True
H. L. College Food And Coco Hub,schools,College & University,23.02529,72.5454,True
Unnati Organization for Development Education,schools,General Educational School,23.02497,72.53851,True
Shri Sahajanand Arts and Commerce College,schools,College & University,23.02562,72.54301,True
Municipal School Ellis Bridge,schools,Secondary & High School,23.02563,72.54269,True
Shri Sahajanand Vanijya Mahavidyalaya,schools,College & University,23.02596,72.54292,True
The Zebra Cross,schools,General Educational School,23.02563,72.53414,True
Prabhat Education Foundation,schools,General Educational School,23.02538,72.53178,True
Pro Action Academy,schools,General Educational School,23.02516,72.52968,True
The Guitar Workshop Ahmedabad,schools,General Educational School,23.02527,72.53069,True
Sway Dance Classes,schools,Coaching & Entrance Institute,23.02496,72.52946,True
Aastha Institute of Multimedia - Ahmedabad,schools,General Educational School,23.02497,72.52908,True
Oasis Institute of Orthopedics,schools,General Educational School,23.02492,72.5294,True
Dance Mantra Academy,schools,General Educational School,23.02489,72.5294,True
Kameshwar shikshan sankul,schools,Secondary & High School,23.02485,72.52838,True
JPS1 Ahmedabad,schools,General Educational School,23.02514,72.52804,True
Ultra Academy,schools,General Educational School,23.02513,72.52729,True
Satellite School for Children,schools,Secondary & High School,23.02494,72.52647,True
Kshitij Vivan Institute Ahmedabad,schools,General Educational School,23.02489,72.52638,True
Aakash Educational Services Limited,schools,Coaching & Entrance Institute,23.02492,72.52529,True
Paras Gandhi’s Physics Academy,schools,General Educational School,23.02553,72.52659,True
Madhavi's British IELTS Coaching Academy Ahmedabad,schools,International School,23.02582,72.52637,True
"ALLEN Institute | Neet-Medical, IIT-JEE & Foundation Coaching Classes in Satellite",schools,College & University,23.02571,72.52759,True
FirstRank Education,schools,General Educational School,23.02562,72.52679,True
"Nidus Academy of Music and Arts, Shivranjani Crossroads",schools,College & University,23.02549,72.5308,True
Math Tuition Classes Cuemath,schools,Coaching & Entrance Institute,23.02566,72.53075,True
Beginners English Course.,schools,General Educational School,23.02613,72.53038,True
Silver Oak Kids,schools,College & University,23.02595,72.52659,True
Your Edu Mentor,schools,General Educational School,23.02639,72.53069,True
Nrityam School Of Bharatanatyam by Harsha Acharya,schools,Secondary & High School,23.0263,72.53067,True
Mission Career & Study Consultant,schools,Coaching & Entrance Institute,23.02712,72.52561,True
RL Institute,schools,General Educational School,23.02746,72.52672,True
EuroKids,schools,Primary & Pre-School,23.02749,72.52654,True
Whitepaper Forex Private Limited,schools,General Educational School,23.0275,72.52478,True
Prakshal IT Academy,schools,General Educational School,23.02701,72.52349,True
Dhanshree Shetty Makeovers,schools,General Educational School,23.02711,72.52465,True
Anushthaan Academy of Tabla,schools,General Educational School,23.02705,72.5248,True
Down to Earth Dance Academy,schools,General Educational School,23.02706,72.52477,True
Institute  of Foreign Tax and Accounting,schools,General Educational School,23.02708,72.52497,True
Vejalpur Gujarati Public School,schools,Secondary & High School,23.02708,72.52497,True
The art container by raveena panchal,schools,General Educational School,23.02708,72.52497,True
RoboFun Lab,schools,General Educational School,23.02699,72.5236,True
Animotion Multimedia Education,schools,General Educational School,23.02688,72.5246,True
Accuvisa,schools,General Educational School,23.02694,72.52459,True
Cube CAD Center,schools,General Educational School,23.0267,72.52471,True
Gurukul Institute,schools,General Educational School,23.02654,72.52254,True
Swarrnim Startup and Innovation University,schools,College & University,23.02655,72.524,True
"Infinifly Aviation | CPL Courses Training, Flying Institute Ahmedabad, India",schools,General Educational School,23.02664,72.52438,True
Tata Capital Limited,schools,General Educational School,23.02666,72.52453,True
"H&H Global Education, Ahmedabad",schools,General Educational School,23.02649,72.52469,True
Ahmedabad Computer Education,schools,General Educational School,23.02631,72.52447,True
Shivalik Institute of Real Estate,schools,General Educational School,23.02619,72.52492,True
Skyblue Stationery Mart,schools,General Educational School,23.02619,72.52348,True
Ramdevnagar Primary School,schools,Primary & Pre-School,23.02698,72.51316,True
Saint Mary School Amreli,schools,Secondary & High School,23.02724,72.51133,True
Flower Gallery,schools,General Educational School,23.02731,72.5124,True
I Nurture Me Learning Services,schools,General Educational School,23.02731,72.51252,True
Edunite,schools,General Educational School,23.02721,72.512,True
Metamorphosis Institute of Transformation,schools,General Educational School,23.02721,72.512,True
Chemxcel institute & ulka shah,schools,General Educational School,23.02721,72.512,True
Shree Narayana College of Commerce - SNCC,schools,College & University,23.02713,72.50942,True
UK College of Healthcare Sciences,schools,College & University,23.02696,72.50788,True
Kshitij Vivan Institute Ahmedabad,schools,General Educational School,23.02702,72.50693,True
Drona Foundation,schools,General Educational School,23.02705,72.50663,True
Skill.College,schools,College & University,23.02712,72.50671,True
Naidu Nursery,schools,Primary & Pre-School,23.02735,72.50426,True
Nishi Academy,schools,General Educational School,23.0267,72.50914,True
"TOPS Technologies - Best Python, Java, Android & PHP Training Institute",schools,General Educational School,23.02661,72.5086,True
Rajkamal Industrial Private Limited,schools,General Educational School,23.026,72.50809,True
Karm College of Nursing Science,schools,College & University,23.026,72.50247,True
Sci.Know.Tech,schools,General Educational School,23.02531,72.51246,True
Space Applicatiion Centre,schools,General Educational School,23.025,72.517,True
Redbricks Early Years Centre and School,schools,Secondary & High School,23.02612,72.52025,True
Skyblue Institute of Design,schools,General Educational School,23.02618,72.52337,True
Rajvi Training and Placements,schools,General Educational School,23.02603,72.52505,True
Econcept Infotech,schools,College & University,23.02599,72.52433,True
Scientia Institute,schools,General Educational School,23.02564,72.52333,True
Zeel Pest Control,schools,General Educational School,23.02557,72.52473,True
Drishti computer Education,schools,General Educational School,23.02556,72.52473,True
W3 Marketing School - Digital Marketing & SEO Training,schools,Secondary & High School,23.02519,72.52469,True
Vaikuntha Yoga Shala,schools,Secondary & High School,23.02508,72.52336,True
La Forêt French Class,schools,General Educational School,23.02369,72.51906,True
Bhumi Beauty Studio and Academy,schools,General Educational School,23.02407,72.52062,True
Palak Vipul Shah Tuition Classes,schools,Coaching & Entrance Institute,23.02351,72.51809,True
Redbricks Education Foundation,schools,Secondary & High School,23.02362,72.51396,True
Math Tuition Classes Cuemath,schools,Coaching & Entrance Institute,23.02475,72.51318,True
The Tastebuds,schools,General Educational School,23.02474,72.5116,True
Vkiim Institute Of Digital Marketing,schools,College & University,23.02423,72.50729,True
Saraswati academy,schools,General Educational School,23.02463,72.5071,True
Sunrise Remedies Pvt. Ltd.,schools,General Educational School,23.02456,72.5061,True
Apollo International School -New Science City,schools,International School,23.0242,72.50625,True
Anand Niketan School -Satellite Campus,schools,College & University,23.02411,72.5072,True
Firstcry Intellitots Preschool and Daycare,schools,Primary & Pre-School,23.02361,72.51191,True
Brainobrain vastrapur,schools,General Educational School,23.02355,72.51209,True
Anikem Laboratories Private Limited,schools,General Educational School,23.02307,72.50679,True
College Bhejo,schools,College & University,23.02309,72.50675,True
Devdutt Nursery,schools,Primary & Pre-School,23.02233,72.50232,True
Math Tuition Classes Cuemath,schools,Coaching & Entrance Institute,23.02224,72.51157,True
Zanzaree Group Dance Class and Dance Academy,schools,General Educational School,23.02279,72.52036,True
S. K. Sir Computer Intstitute,schools,General Educational School,23.02276,72.52056,True
Socrates Institute,schools,General Educational School,23.02292,72.52379,True
Skyblue Art Activities,schools,General Educational School,23.02223,72.51989,True
Shree Narayanguru Vidyalaya,schools,Secondary & High School,23.02246,72.52571,True
TIME Ahmedabad & Gandhinagar,schools,General Educational School,23.02239,72.53077,True
CFM Career institute,schools,Coaching & Entrance Institute,23.02223,72.53061,True
SSRVM Satellite,schools,General Educational School,23.02221,72.53296,True
Cuemath,schools,General Educational School,23.02289,72.53629,True
Ghoomar Garba Academy,schools,General Educational School,23.02315,72.53605,True
ATULYAM INSTITUTE | A premier institute for JEE/NEET in Ahmedabad,schools,Coaching & Entrance Institute,23.02324,72.53702,True
Vivah Concept,schools,College & University,23.02321,72.53681,True
Imperial Institute of Clinical Research,schools,General Educational School,23.02318,72.53682,True
Insight Classes,schools,Coaching & Entrance Institute,23.02325,72.53646,True
Kavya green nursery,schools,Primary & Pre-School,23.02309,72.53443,True
Jawed Habib Academy Ahmedabad,schools,International School,23.02339,72.53067,True
"Totpro Play School, Ahmedabad",schools,Secondary & High School,23.02305,72.53053,True
You Can Change Institute best English speaking and communication classes,schools,Coaching & Entrance Institute,23.02289,72.52684,True
The Biology Point,schools,General Educational School,23.02289,72.52684,True
Infinity Group of Science,schools,General Educational School,23.02289,72.52684,True
"Executive Education, IIM Ahmedabad",schools,College & University,23.02289,72.52684,True
Career Makers Education Consultants,schools,Coaching & Entrance Institute,23.02289,72.52684,True
Lifemanship Edugoals,schools,General Educational School,23.02289,72.52684,True
Baashree NMJadeja career classes,schools,Coaching & Entrance Institute,23.02289,72.52684,True
Baker's Studio,schools,General Educational School,23.02289,72.52684,True
Funkaar Music Academy,schools,General Educational School,23.02362,72.52626,True
KSHITIJ VIVAN Animation Courses Ahmedabad Gujarat,schools,General Educational School,23.02348,72.53072,True
Lokmanya  college.,schools,College & University,23.02363,72.53077,True
Chiripal Group of Companies,schools,General Educational School,23.02371,72.5307,True
SkillGuru Academy,schools,General Educational School,23.02371,72.52937,True
Alankar Florist,schools,General Educational School,23.02401,72.53062,True
Elsner Learning & Development Institute,schools,General Educational School,23.02405,72.53072,True
KC Management,schools,General Educational School,23.02408,72.53009,True
Elsner Visa Consultancy,schools,General Educational School,23.02408,72.52963,True
Kameshwar Vidyalaya,schools,Secondary & High School,23.02429,72.52617,True
EduGate Engineering Academy,schools,General Educational School,23.0245,72.52857,True
Odhani concept,schools,College & University,23.02446,72.53064,True
Books & More,schools,General Educational School,23.02453,72.53079,True
Magpie Books - Fun worksheets for kids - Printable worksheets for kids,schools,Primary & Pre-School,23.02435,72.53015,True
Muthoot Finance Gold Loan,schools,General Educational School,23.02451,72.53157,True
Aakash Institute,schools,Coaching & Entrance Institute,23.02455,72.53232,True
Western Music Academy,schools,General Educational School,23.02457,72.53152,True
"Focus English Institute, Ahmedabad",schools,General Educational School,23.02457,72.53152,True
Offshore Overseas Education,schools,General Educational School,23.024,72.5324,True
CFM Institute,schools,General Educational School,23.02391,72.53255,True
Cube CAD Center,schools,General Educational School,23.02382,72.53265,True
Maac Academy of Advanced Cinematics,schools,General Educational School,23.02368,72.53428,True
Fashion Photography Institute Ahmedabad Gujarat - IPE India,schools,General Educational School,23.02355,72.54306,True
Words Vibe,schools,General Educational School,23.02471,72.53867,True
Emerald Academy,schools,General Educational School,23.02457,72.54325,True
"Post Graduate Institute of Management, AMSoM Ahmedabad University",schools,College & University,23.02469,72.54766,True
Go Overseas Education,schools,General Educational School,23.02373,72.54935,True
Orchid Learning,schools,General Educational School,23.02373,72.54935,True
"EuroKids Preschool at Opp. Ganthia Rath, Nehrunagar Circle, Best Kindergarten",schools,Primary & Pre-School,23.02334,72.54272,True
Logic Academy,schools,General Educational School,23.0231,72.54157,True
Visat Computer Academy,schools,General Educational School,23.02305,72.53833,True
SNK Concept Designer,schools,College & University,23.02298,72.53792,True
Sharnam Yoga Classes,schools,Coaching & Entrance Institute,23.02277,72.54163,True
Planet CAD CAM CAE,schools,General Educational School,23.02245,72.54298,True
Global Network Institute.,schools,General Educational School,23.02259,72.5412,True
Momentum Engg &Sci.coaching  Institute,schools,Coaching & Entrance Institute,23.0225,72.53915,True
Agilus Diagnostics - SM Road,schools,General Educational School,23.02241,72.54759,True
Solunaris Private Limited,schools,General Educational School,23.02234,72.5503,True
Uniworld Education,schools,General Educational School,23.02214,72.54764,True
"Springville Preschool - Motera, Ahmedabad",schools,Primary & Pre-School,23.07001,72.41028,True
Bhimasan prathmik shala,schools,Primary & Pre-School,23.15363,72.40193,True
Manthan Kanya School,schools,Secondary & High School,23.17973,72.41134,True
Hajipur Primary School,schools,Primary & Pre-School,23.17566,72.41509,True
Ananya Vidyalaya - Zundal,schools,Secondary & High School,23.1593,72.42462,True
Alpha College of Engineering and Technology,schools,College & University,23.14386,72.44106,True
khatraj primary school,schools,Primary & Pre-School,23.13722,72.44444,True
Unali Primary School,schools,Primary & Pre-School,23.07164,72.42131,True
Indus_Design_School,schools,Secondary & High School,23.07014,72.43722,True
Redbricks School,schools,Secondary & High School,23.10311,72.4352,True
Calorx Olive International School,schools,International School,23.09675,72.44587,True
atman anant foundation,schools,General Educational School,23.07917,72.44799,True
Ranchodpura Ra Primary School,schools,Primary & Pre-School,23.08672,72.45226,True
Khyati School of Design,schools,College & University,23.06722,72.45294,True
Ahmedabad Dental College & Hospital,schools,College & University,23.09631,72.45303,True
Rajnagar Santej Primary School,schools,Primary & Pre-School,23.14509,72.47076,True
Maharana Pratap Hindi School,schools,Secondary & High School,23.10917,72.46947,True
Redbricks Education Foundation,schools,Secondary & High School,23.11022,72.46086,True
Santej Vidhyamandir,schools,General Educational School,23.11022,72.46086,True
Santej Primary School,schools,Primary & Pre-School,23.10929,72.4735,True
Rakanpur primary school,schools,Primary & Pre-School,23.1046,72.48435,True
Ahmedabad Dental College & Hospital,schools,College & University,23.08688,72.48351,True
Anand Niketan Bhadaj Campus,schools,College & University,23.07745,72.48649,True
Olive Green Schools,schools,Secondary & High School,23.08648,72.48614,True
Science City Kund,schools,General Educational School,23.08009,72.49557,True
Vision Consultancy,schools,General Educational School,23.0818,72.49768,True
S S Divine School,schools,Secondary & High School,23.08314,72.49822,True
Shiksha Center For Excellence,schools,General Educational School,23.08479,72.49838,True
Sal Engineering and Technical Institute,schools,General Educational School,23.08406,72.49676,True
SAL Institute of Management,schools,College & University,23.08409,72.49572,True
Cogian Incubation and Research Center,schools,General Educational School,23.08354,72.49566,True
Abroad Visa & Education Consultants,schools,General Educational School,23.08426,72.49422,True
Intermost education,schools,General Educational School,23.08426,72.49422,True
Krishna Computer Classes,schools,Coaching & Entrance Institute,23.08281,72.49398,True
SAL Institute of Diploma Studies,schools,College & University,23.08423,72.49508,True
Sal Institute of Technology and Engineering Research,schools,College & University,23.08394,72.49509,True
Aadhyaa Sports Academy,schools,General Educational School,23.08438,72.49255,True
GD Goenka International School Ahmedabad,schools,International School,23.08482,72.49289,True
Divwy Digital Marketing Training Institute (DDMTI),schools,General Educational School,23.08565,72.49267,True
Majestic Sports & Fitness Academy,schools,General Educational School,23.08962,72.49506,True
Ahmedabad Institute of Nursing Science,schools,General Educational School,23.12426,72.49604,True
Hare Krishna Nursery,schools,Primary & Pre-School,23.12878,72.49817,True
"Acrifab - Vision Inspections ""Smart Factory Concept""",schools,College & University,23.1277,72.47464,True
Kendriya Vidyalaya AFS Wadsar,schools,Secondary & High School,23.14942,72.47487,True
Universal College of Engineering and Technology,schools,College & University,23.15931,72.46339,True
Universal College Of Eng and Tech,schools,College & University,23.16863,72.45929,True
Gandhinagar University,schools,College & University,23.16735,72.4471,True
Institute of ICT Gandhinagar University,schools,College & University,23.17698,72.44859,True
Navneet Publications India,schools,Coaching & Entrance Institute,23.17966,72.54671,True
Adani University,schools,College & University,23.15653,72.54442,True
Adani Institute of Infrastructure Engineering,schools,General Educational School,23.1564,72.54463,True
Adani Institute of Infrastructure Management,schools,General Educational School,23.15611,72.54444,True
Math Tuition Classes Cuemath,schools,Coaching & Entrance Institute,23.16249,72.54067,True
The Professor's Academy,schools,General Educational School,23.16401,72.53973,True
Rahapur Primary School,schools,Primary & Pre-School,23.14583,72.52264,True
Ahmedabad Institute of Technology,schools,College & University,23.1115,72.52109,True
H3 Preschool Bhadaj,schools,Primary & Pre-School,23.13,72.5207,True
Akar Group of Colleges,schools,College & University,23.11547,72.51407,True
Akar College of Physiotherapy,schools,College & University,23.11461,72.51389,True
Jagdish Primary School,schools,Primary & Pre-School,23.11959,72.51304,True
Ahmedabad Institute Of Medical Sciences,schools,General Educational School,23.12528,72.51414,True
GD Goenka International School,schools,International School,23.13595,72.51659,True
Vindaloo Softtech Private Limited,schools,General Educational School,23.14984,72.51714,True
Delhi Public School Greenwoods,schools,Secondary & High School,23.13486,72.50972,True
Sabarmati University,schools,College & University,23.13485,72.50933,True
Desi Kids School,schools,Primary & Pre-School,23.14804,72.50314,True
LML School of Performing Arts & Culture,schools,Secondary & High School,23.12315,72.50471,True
Ahmedabad Institute of Nursing Science,schools,General Educational School,23.12772,72.50075,True
Ahmedabad Institute of Medical Sciences,schools,General Educational School,23.12772,72.50075,True
LML School,schools,Secondary & High School,23.12213,72.50107,True
Ahmedabad Institute of Nursing Science,schools,General Educational School,23.12149,72.50823,True
Aavishkar School,schools,Secondary & High School,23.12127,72.50812,True
"Lalji Mehrotra Lions School, Ognaj, Ahmedabad",schools,Secondary & High School,23.11979,72.50665,True
Ahmedabad Dental College & Hospital,schools,College & University,23.10748,72.50152,True
Vidhi's Garden Nursery,schools,Primary & Pre-School,23.08859,72.50089,True
Madhavi's British Academy,schools,International School,23.07884,72.50276,True
Alphabetz Preschool sciencecity,schools,Primary & Pre-School,23.07837,72.50259,True
Bundle of Joy Pre school,schools,Primary & Pre-School,23.0816,72.50192,True
Altevol Coaches Academy,schools,General Educational School,23.08465,72.50159,True
Ahmedabad International Sports Academy,schools,International School,23.08445,72.50124,True
HBK Kids,schools,Primary & Pre-School,23.07819,72.50041,True
Aarya Overseas Education,schools,General Educational School,23.07952,72.50027,True
Sky Education,schools,General Educational School,23.07975,72.50176,True
Ahmedabad - Science City II,schools,General Educational School,23.07989,72.50123,True
Shree Aditya Motor Driving School,schools,Secondary & High School,23.07927,72.50115,True
Eklavya Sports Academy,schools,General Educational School,23.07927,72.50115,True
Ahmedabad Aviation and Aeronautics Ltd.,schools,General Educational School,23.07927,72.50115,True
Bhavin Vidhyavihar,schools,General Educational School,23.07927,72.50115,True
Amrish Jain Institute -  AJI,schools,General Educational School,23.07927,72.50115,True
EuroSchool Ahmedabad - CBSE School,schools,Secondary & High School,23.07252,72.50086,True
OM Educon Pvt. Ltd.,schools,General Educational School,23.0766,72.50825,True
Irya the dance academy,schools,General Educational School,23.0766,72.50805,True
Mestra Pharma Private Limited -Top Pharma Franchise Company,schools,General Educational School,23.07647,72.5076,True
Australian Visa & Education Consultants,schools,General Educational School,23.07633,72.5071,True
Fight Club academy,schools,General Educational School,23.07714,72.50689,True
"Gyanesha Institute, Ahmedabad",schools,General Educational School,23.0767,72.50639,True
Akshat Ligga Academy,schools,General Educational School,23.07688,72.5061,True
Sun Pathology Laboratory & Research Institute,schools,General Educational School,23.07695,72.50603,True
Kidzee - Sola,schools,General Educational School,23.07402,72.50656,True
NeelDeep Group of Colleges,schools,College & University,23.07639,72.51131,True
Sky Animation Institute,schools,General Educational School,23.07578,72.51106,True
Brainy Science city - Ahmedabad Center,schools,General Educational School,23.07443,72.51102,True
Gyanjyot Institute,schools,General Educational School,23.07408,72.51153,True
Shine Consultancy,schools,General Educational School,23.07419,72.51139,True
"Kalorex Pre-School,Science City",schools,Primary & Pre-School,23.07259,72.51015,True
Cuemath,schools,General Educational School,23.07256,72.51028,True
Pacetec Academy of Information Technology,schools,General Educational School,23.07499,72.51012,True
Gurukrupa Tally Software & Academy,schools,General Educational School,23.07504,72.51002,True
British Academy,schools,International School,23.07555,72.51007,True
Coral Complex,schools,General Educational School,23.07552,72.51022,True
Angel Immigration & Education Consultants,schools,General Educational School,23.07511,72.50988,True
Tiny Edu Castle - Preschool for Kids,schools,Primary & Pre-School,23.07558,72.50957,True
AFC (Admission Facility Center),schools,General Educational School,23.07507,72.5093,True
Zeb Pharma,schools,General Educational School,23.07524,72.50922,True
Vikram Thermo India Limited,schools,General Educational School,23.07597,72.50938,True
AFC (Admission Facility Center) | NIOS Admission Center in Ahmedabad | Best Distance Education Consultant in Ahmedabad,schools,General Educational School,23.0755,72.5087,True
Chanakya Kids School - Science City,schools,Primary & Pre-School,23.07263,72.50947,True
Shikshapatri Bungalows,schools,General Educational School,23.0709,72.51175,True
AIM Computer Academy,schools,General Educational School,23.07411,72.51155,True
Arhat Academy,schools,General Educational School,23.07528,72.51232,True
UCMAS,schools,General Educational School,23.076,72.51283,True
GeniuSpark Academy,schools,General Educational School,23.073,72.51328,True
Gurukrupa Tally Academy,schools,General Educational School,23.07354,72.51468,True
Amrutva Fine Foods LLP,schools,General Educational School,23.07142,72.51579,True
String's affair academy of music,schools,General Educational School,23.06737,72.51582,True
"Genomesence,Institute Of Moltcular Medicine",schools,General Educational School,23.0713,72.51691,True
SAL Institute of Medical Sciences,schools,College & University,23.07138,72.51689,True
Offshore Overseas Education,schools,General Educational School,23.07173,72.51648,True
Ahmedabad Dental College,schools,College & University,23.0717,72.51671,True
Mentor Overseas - Your Guide for Study Abroad Aspirations !,schools,General Educational School,23.07672,72.51801,True
Learn N Lead Education,schools,General Educational School,23.07366,72.51611,True
Muse Institute,schools,General Educational School,23.07268,72.5163,True
Dolfin Projects,schools,General Educational School,23.07242,72.51629,True
Dance Zone Academy,schools,General Educational School,23.0718,72.51622,True
Bk-Pre School,schools,Primary & Pre-School,23.07198,72.51592,True
Sun Pathology laboratory & Research Institute-pathology lab / blood testing / allergy testing / diagnostic centre,schools,General Educational School,23.0722,72.51556,True
DIGI INSTITUTE - School Management Software System,schools,Secondary & High School,23.07246,72.5152,True
"Keystone Universe of Education - CBSE, ICSE, GSEB, JEE, NEET, Commerce, Humanities, Foundation",schools,Coaching & Entrance Institute,23.072,72.51509,True
Red Rose Florist,schools,General Educational School,23.07469,72.51547,True
Sola Primary School,schools,Primary & Pre-School,23.07753,72.51648,True
Shanti Juniors - Sciencecity,schools,General Educational School,23.0812,72.51395,True
St. Mary's School,schools,Secondary & High School,23.11033,72.52083,True
Joy Valley Preschool,schools,Primary & Pre-School,23.10856,72.52243,True
KardamRushi Gurukul,schools,General Educational School,23.09139,72.5225,True
Shri Vartantu Sanskrit Mahavidyalay,schools,General Educational School,23.08862,72.52159,True
Shri Rasraaj Bhagwan at Shri Bhagwat Vidyapith.(B.V.),schools,College & University,23.08922,72.52258,True
Shree DM Vidyalaya,schools,Secondary & High School,23.08867,72.52379,True
BV Ashok Iti,schools,General Educational School,23.08871,72.52369,True
"Gmers Medical College & Hospital Sola, Ahmedabad",schools,College & University,23.08276,72.5239,True
Shri Meghmani Umiya Science College,schools,College & University,23.07866,72.52405,True
Anjali Patel Makeup Studio and Academy,schools,General Educational School,23.0846,72.51974,True
Sola Bhagwat Vidhyapith Prathmik Shala,schools,Primary & Pre-School,23.08808,72.51972,True
Gujarat State Judicial Academy Amdwad,schools,General Educational School,23.08052,72.51887,True
Capital Lab Education,schools,General Educational School,23.07739,72.51896,True
Gurully Technologies,schools,General Educational School,23.07695,72.51852,True
Air Shuddhi Engineers,schools,General Educational School,23.07095,72.51948,True
Math Tuition Classes Cuemath,schools,Coaching & Entrance Institute,23.07114,72.51943,True
S V M English Medium School,schools,Secondary & High School,23.07052,72.51987,True
Neeldeep College of Commerce,schools,College & University,23.0703,72.52021,True
Bitebox.recipes,schools,General Educational School,23.07062,72.52004,True
S S Divine School,schools,Secondary & High School,23.07062,72.52004,True
SHREE Ambica MOTOR Driving School,schools,Secondary & High School,23.06677,72.52285,True
Savio Ceramica Pvt Ltd,schools,College & University,23.06686,72.52284,True
Rangoli Science City Ahmedabad,schools,General Educational School,23.07019,72.52206,True
yuven overseas,schools,General Educational School,23.06929,72.52265,True
Gyanjyot Classes,schools,Coaching & Entrance Institute,23.07044,72.5218,True
Devansh Motor Driving School,schools,Secondary & High School,23.07019,72.52167,True
Cuemath,schools,General Educational School,23.07019,72.52158,True
Indian Oil GSO Office,schools,General Educational School,23.07249,72.52244,True
Master Classes - Science City,schools,Coaching & Entrance Institute,23.07199,72.52433,True
Consumer Education and Research Centre,schools,General Educational School,23.07069,72.52331,True
CliPLab-Cytel Clinical Programming Laboratory,schools,General Educational School,23.0706,72.52297,True
Gyanish International Yoga Training Academy,schools,International School,23.06879,72.52429,True
sal_schoolofarchitecture,schools,Secondary & High School,23.06847,72.52494,True
Krishna Computer Centre,schools,General Educational School,23.06755,72.52717,True
DCS Information Center,schools,General Educational School,23.07584,72.52652,True
Vidyalaya School Software,schools,Secondary & High School,23.07541,72.52611,True
ICT Ganpat university,schools,College & University,23.07591,72.52616,True
Virtual Vidyapith,schools,College & University,23.0758,72.52635,True
Divya International,schools,International School,23.07369,72.52498,True
"Department of Community Medicine, GMERS Sola",schools,General Educational School,23.08266,72.52478,True
Wee Wonderz Preschool 'n' Daycare,schools,Primary & Pre-School,23.08343,72.52684,True
"Alfa Beta Education & Immigration Services, India",schools,General Educational School,23.08432,72.52759,True
Maitri Tuition,schools,Coaching & Entrance Institute,23.08066,72.52622,True
Education consultancy,schools,General Educational School,23.08066,72.52622,True
"RCTI, Ahmedabad",schools,General Educational School,23.08066,72.52625,True
Ganpat University - Institute of Computer Technology,schools,College & University,23.07831,72.52665,True
NITTTR Extension Center Ahmedabad,schools,General Educational School,23.08405,72.53053,True
NM Zala and GN Zala Arts and Commerce College,schools,College & University,23.07613,72.52856,True
Andh Apang Kalyan Kendra,schools,General Educational School,23.07102,72.52803,True
Designmate (I) Pvt Ltd,schools,General Educational School,23.06807,72.52902,True
Krishna Computer Centre Sattadhar,schools,General Educational School,23.06664,72.53135,True
Zalasir's Nihar Institute,schools,General Educational School,23.06625,72.53147,True
Vishal Patel Maths Expert,schools,General Educational School,23.06643,72.5316,True
SpiceAir Academy,schools,General Educational School,23.06644,72.53173,True
Shreeram Academy,schools,General Educational School,23.06641,72.53178,True
Career Craaft,schools,Coaching & Entrance Institute,23.06684,72.53181,True
BLISS Consultancy,schools,General Educational School,23.07152,72.53245,True
"Kalorex Future School, Ghatlodia",schools,Secondary & High School,23.07712,72.5322,True
Brain Child Learning Bhuyangdev - Ahmedabad,schools,General Educational School,23.07712,72.5322,True
Savvy International Pre-School,schools,International School,23.07712,72.5322,True
Naveen Group Tuition,schools,Coaching & Entrance Institute,23.07712,72.5322,True
Mataparvati School,schools,Secondary & High School,23.0718,72.53327,True
Kbc Salon & Academy,schools,General Educational School,23.07386,72.53306,True
Idp School Ghatlodia Ahmedabad,schools,Secondary & High School,23.06982,72.53414,True
Shiv Vidhyalay School,schools,Secondary & High School,23.06803,72.53717,True
Amrita Vidyalayam,schools,Secondary & High School,23.06763,72.53667,True
My Áura Finishing School,schools,Secondary & High School,23.07422,72.53671,True
Sumati Vidhya Vihar,schools,General Educational School,23.07457,72.5342,True
Mahira beauty care & academy,schools,General Educational School,23.07807,72.53569,True
Akshar Vidhyalay,schools,General Educational School,23.07902,72.53648,True
Navdeep Vidyalaya,schools,Secondary & High School,23.07829,72.53687,True
Akshar Computer Education,schools,General Educational School,23.07864,72.53675,True
Cosmo Science Institute,schools,General Educational School,23.07944,72.53659,True
Unicorn Preschool,schools,Primary & Pre-School,23.08271,72.53718,True
Apurva Star Pulse Computer Classes,schools,Coaching & Entrance Institute,23.08017,72.53582,True
Rainbow Playhome,schools,General Educational School,23.08342,72.53703,True
Angel's Wings Preschool,schools,Primary & Pre-School,23.08422,72.5353,True
Ingenious Softtech,schools,General Educational School,23.08279,72.53319,True
Bhairab Higher Secondary School Naumule Dailekh,schools,Secondary & High School,23.08203,72.53383,True
Shree Krishala,schools,Secondary & High School,23.08032,72.53391,True
R. C. Technical Institute,schools,General Educational School,23.08426,72.53173,True
Study Mitram International,schools,International School,23.0961,72.53149,True
KN University,schools,College & University,23.098,72.53159,True
New L. J. Commerce College,schools,College & University,23.09932,72.53182,True
Vinod Sarva Vidhyalay,schools,General Educational School,23.09682,72.53373,True
Ahmedabad Institute of Aeronautical Engineering and Information Technology,schools,General Educational School,23.08955,72.53407,True
Royal Enfield Centre of Excellence,schools,General Educational School,23.09044,72.53476,True
Silver Oak University,schools,College & University,23.09047,72.53463,True
Hero Skill Development Center,schools,General Educational School,23.0903,72.53447,True
Silver Oak College of Engineering and Technology,schools,College & University,23.09145,72.53499,True
Gota Primary School,schools,Primary & Pre-School,23.09567,72.53541,True
Divwy Digital Marketing Training Institute,schools,General Educational School,23.09543,72.53445,True
Buddhdev Sir's Institute of commerce,schools,General Educational School,23.1046,72.53427,True
APT Coaching Center,schools,Coaching & Entrance Institute,23.10246,72.53542,True
Eurokids Preschool,schools,Primary & Pre-School,23.10218,72.53577,True
Enliven Salon and International Academy,schools,International School,23.09976,72.53631,True
Kangaroo Kinders Preschool-Kalorex Gota,schools,Primary & Pre-School,23.10249,72.53682,True
Sheth Amulakh Vidhyalay,schools,General Educational School,23.10679,72.53284,True
Udgam science Academy,schools,Secondary & High School,23.10673,72.53372,True
GUJJU Immigration,schools,General Educational School,23.10292,72.53402,True
"The i-SCHOOL - Edumeta, Gota, Ahmedabad",schools,Secondary & High School,23.10035,72.53378,True
"Bachpan Play School & Daycare, GOTA",schools,Secondary & High School,23.10035,72.53378,True
Navdurga GARBA Academy,schools,General Educational School,23.10035,72.53378,True
Lakulish Yoga University,schools,College & University,23.10081,72.53256,True
Aasha Training Academy,schools,General Educational School,23.10428,72.53327,True
Ishaan,schools,General Educational School,23.10475,72.53324,True
Alpha International School,schools,International School,23.10482,72.5331,True
Haribha Education Campus,schools,College & University,23.10652,72.53232,True
Gota Housing School,schools,Secondary & High School,23.10642,72.53187,True
Tatwamasi Vidyalaya,schools,Secondary & High School,23.10604,72.52857,True
Gokul Ashram Shala,schools,Secondary & High School,23.10609,72.52924,True
District Institute of Education and Training,schools,General Educational School,23.10266,72.52776,True
District Education and Training Ctr,schools,General Educational School,23.10278,72.52839,True
Rural Development and Management Institute,schools,General Educational School,23.09185,72.53026,True
Bhagwat Vidyapith,schools,College & University,23.09157,72.52822,True
Umarose Nursery,schools,Primary & Pre-School,23.09548,72.52898,True
Shri B. J. Patel Umiya BBA College,schools,College & University,23.08966,72.52742,True
Shree Umiya KVC Nursing College,schools,College & University,23.09038,72.52704,True
Umiya Arts and Commerce College For Girls,schools,College & University,23.0904,72.52703,True
Einfochips Training & Research Academy,schools,General Educational School,23.08885,72.5268,True
Umiya Campus,schools,College & University,23.08885,72.52651,True
Akshar computer classes,schools,Coaching & Entrance Institute,23.10499,72.52663,True
Regeneration  Academy,schools,General Educational School,23.10619,72.52485,True
"RoomPe | Hostel near Nirma University, Adani Institute, Silver Oak, AIT, GIT, SAL College",schools,College & University,23.13679,72.52701,True
Gems Genesis International School,schools,International School,23.1419,72.5334,True
Baby Land School,schools,Primary & Pre-School,23.13853,72.53127,True
GGIS,schools,General Educational School,23.14241,72.53556,True
VTC - Vrinsoft Training Center,schools,General Educational School,23.11104,72.53423,True
Ramzat GARBA GROUP,schools,General Educational School,23.11312,72.53441,True
"Institute of Pharmacy, Nirma University",schools,College & University,23.11813,72.53696,True
Nirma University Ahmedabad,schools,College & University,23.11813,72.53696,True
SGVP Darshanam Sanskrit Sansthanam,schools,General Educational School,23.11801,72.53693,True
BSNL Regional Office Training Centre,schools,General Educational School,23.11685,72.53741,True
"Learning Resource Centre, Institute of Technology, Nirma University",schools,College & University,23.11942,72.53749,True
Vindaloo Softtech Private Limited,schools,General Educational School,23.11412,72.54054,True
Mother Seeds Company,schools,General Educational School,23.11386,72.54052,True
Tinker Tots Preschool and Daycare,schools,Primary & Pre-School,23.11413,72.54141,True
Gujarat Institute of Development Research,schools,General Educational School,23.11378,72.54119,True
Immigo Education and Migration,schools,General Educational School,23.11389,72.54128,True
Maple Beauty Studio and Academy,schools,General Educational School,23.11789,72.5436,True
Eurokids Gota-chandlodia,schools,Primary & Pre-School,23.11789,72.5436,True
Chharodi Primary School,schools,Primary & Pre-School,23.12052,72.54306,True
Nirma University Parking Area,schools,College & University,23.12708,72.54372,True
"Institute of Design, Nirma University",schools,College & University,23.12835,72.54239,True
"Carpe Diem, Nirma University",schools,College & University,23.12831,72.54207,True
NIMA Knowledge Centre,schools,General Educational School,23.12911,72.54081,True
SGVP Surya Sports Academy,schools,General Educational School,23.13056,72.54086,True
SGVP International School Campus Parking Area,schools,College & University,23.13017,72.54,True
SGVP Shree Swaminarayan Gurukul Vishwavidya Pratishthanam,schools,General Educational School,23.13064,72.53993,True
Indira Gandhi National Open University,schools,College & University,23.12819,72.53908,True
L.J Institute of physical education and sports,schools,General Educational School,23.12764,72.54019,True
Charodi Village School,schools,Secondary & High School,23.12481,72.53975,True
Lakulish Yoga University,schools,College & University,23.12686,72.53911,True
Khyati Hostels,schools,General Educational School,23.12307,72.53842,True
Hiramanek School,schools,Secondary & High School,23.12901,72.53847,True
SGVP International School,schools,International School,23.13152,72.53897,True
Sgvp Gurukul Ahemdabad,schools,General Educational School,23.13178,72.53858,True
Eurokids Tragad,schools,Primary & Pre-School,23.13622,72.53876,True
KD Institutes of Allied Health Sciences,schools,General Educational School,23.13336,72.53891,True
Rangoli Preschool - Vaishnodevi Circle | Play School in Ahmedabad | Best Preschool in Ahmedabad,schools,Primary & Pre-School,23.14032,72.53997,True
Khodiyar Para Prathmik School,schools,Primary & Pre-School,23.13973,72.5389,True
Samyak Academy,schools,General Educational School,23.13847,72.53826,True
Blush Salon & Academy,schools,General Educational School,23.13715,72.54198,True
Danny's Coffee Bar - Nirma University,schools,College & University,23.13284,72.54135,True
RC Ahmedabad,schools,General Educational School,23.13342,72.54158,True
"Vivekanand Library, Dr. Babasaheb Ambedkar Open University, Ahmedabad",schools,College & University,23.13342,72.54158,True
Adhyapanaacademy,schools,General Educational School,23.13576,72.54253,True
Math Tuition Classes Cuemath,schools,Coaching & Entrance Institute,23.13624,72.5423,True
Kidzee by Active Acorns,schools,General Educational School,23.13787,72.54269,True
Shanti Juniors Vaishnodevi pre school,schools,Primary & Pre-School,23.13618,72.54296,True
Library Resource Centre  Institute of Law Nirma University,schools,College & University,23.13647,72.54278,True
L.J Institute of Computer Applications,schools,College & University,23.13647,72.54278,True
Sabarmati University - School Of Distance Learning,schools,College & University,23.13567,72.54349,True
Namaste Sanskrit,schools,General Educational School,23.13468,72.54633,True
Silver Oak Derma Academy & Clinic,schools,College & University,23.13468,72.54633,True
Shree Hare Krishna Nursery And Farm,schools,Primary & Pre-School,23.14347,72.54596,True
Jaisalmeria Horticulture Nursery,schools,Primary & Pre-School,23.14235,72.54521,True
Genius Gems- A Learning Centre,schools,General Educational School,23.15132,72.54475,True
Calorx Teachers' University,schools,College & University,23.136,72.54968,True
"Corrtech International Private Limited, Ahmedabad",schools,International School,23.12815,72.55015,True
Cuemath,schools,General Educational School,23.12383,72.54817,True
Nirma Vidhvihar School Near Nirma University,schools,College & University,23.12403,72.54773,True
Dr.baou University,schools,College & University,23.12366,72.54765,True
Gyan Quest Academy,schools,General Educational School,23.12352,72.54736,True
Speakwell English Academy India,schools,General Educational School,23.12352,72.54736,True
Institute of Pharmacy,schools,College & University,23.12903,72.54764,True
Institute of Science,schools,General Educational School,23.12856,72.54782,True
VB Institute,schools,General Educational School,23.12771,72.5484,True
Kidzee Vaishnodevi Circle,schools,General Educational School,23.12842,72.5485,True
Tree House Pre School,schools,Primary & Pre-School,23.12838,72.5485,True
Nirma University,schools,College & University,23.12718,72.54561,True
"E-Cell,Nirma University",schools,College & University,23.12982,72.54427,True
"School of Computer Science, Dr. Babasaheb Ambedkar Open University",schools,College & University,23.12464,72.54448,True
"EuroKids Preschool at Vaishnodevi Circle, Best Kindergarten",schools,Primary & Pre-School,23.12029,72.5439,True
Shanti Juniors,schools,General Educational School,23.11264,72.54628,True
Jagatpur school,schools,Secondary & High School,23.11059,72.54815,True
"KinderRoot Preschool Chharodi, Ahmedabad",schools,Primary & Pre-School,23.11904,72.54909,True
Math Tuition Classes Cuemath,schools,Coaching & Entrance Institute,23.11492,72.5497,True
Depan's Hair Academy & Salon,schools,General Educational School,23.10733,72.54978,True
Tesla Academy,schools,General Educational School,23.1005,72.54893,True
Nextgen Institute,schools,General Educational School,23.10075,72.54924,True
Tattvam Ayurved chikitshalay,schools,Secondary & High School,23.10136,72.54913,True
Asha Bridal Studio and Academy,schools,General Educational School,23.09771,72.54874,True
Corel Pharma Chem,schools,General Educational School,23.09774,72.54914,True
Kota Tuition Center,schools,Coaching & Entrance Institute,23.09597,72.54996,True
Real chemistry Coaching Institute by Anand Sir & Chanakya Sir,schools,Coaching & Entrance Institute,23.09134,72.54821,True
Payals Makeover,schools,General Educational School,23.09531,72.5472,True
Math Tuition Classes Cuemath,schools,Coaching & Entrance Institute,23.09412,72.54778,True
Shree Sarjak Group Tuition,schools,Coaching & Entrance Institute,23.09664,72.54821,True
UCMAS,schools,General Educational School,23.09852,72.54838,True
K4 Kidz Kindergarten Gota,schools,Primary & Pre-School,23.09865,72.54854,True
K for Kids Gota,schools,Primary & Pre-School,23.09881,72.5487,True
EuroKids Pre-School in Gota Chandlodia,schools,Primary & Pre-School,23.09921,72.5483,True
Muktpushpanjali Primary School,schools,Primary & Pre-School,23.09808,72.5475,True
Sun Pathology Laboratory & Research Institute,schools,General Educational School,23.09775,72.54741,True
Neel shah Gurukul Academy,schools,General Educational School,23.0978,72.54739,True
KICT Computer Institute GOTA,schools,General Educational School,23.09759,72.54717,True
Math Tuition Classes Cuemath,schools,Coaching & Entrance Institute,23.0948,72.54582,True
New Morning Bells Daycare,schools,General Educational School,23.09407,72.54596,True
Phonics Grammar Classes In Ahmedabad - Phonics Fun,schools,Coaching & Entrance Institute,23.09412,72.54627,True
Ranker World Academy,schools,General Educational School,23.09492,72.5463,True
Sadvidhya Education Zone,schools,General Educational School,23.09526,72.54632,True
SITC Education - Best Visa Consultant / Student Visa Consultant / Educational Consultant,schools,General Educational School,23.0954,72.54639,True
Tesla Academy,schools,General Educational School,23.09606,72.54655,True
Aloha Gota,schools,General Educational School,23.09429,72.54676,True
Cuemath,schools,General Educational School,23.09093,72.54646,True
Sahara Art and Crafts,schools,General Educational School,23.09296,72.54595,True
Neev Academy,schools,General Educational School,23.09254,72.54577,True
Monarch PreSchool,schools,Primary & Pre-School,23.09333,72.54564,True
Ahmedabad Institute Of Physiotherapy gota,schools,General Educational School,23.09203,72.54533,True
Kidzee Vandematram gota,schools,General Educational School,23.09203,72.54533,True
Educational Business Consulting,schools,General Educational School,23.09203,72.54533,True
Skyline Education Zone,schools,General Educational School,23.09701,72.54487,True
School Uniform Manufacturers In Ahmedabad,schools,Secondary & High School,23.09952,72.54433,True
Nirma University,schools,College & University,23.09985,72.54442,True
Nurtureland Pre School,schools,Primary & Pre-School,23.10301,72.54414,True
Devusha Nails Beauty Care and Academy,schools,General Educational School,23.10326,72.54422,True
Summer Workshop,schools,General Educational School,23.10487,72.54396,True
C.U.Shah College Of Pharmacy & Research,schools,College & University,23.10333,72.54497,True
Kidzee Gota,schools,General Educational School,23.10534,72.54438,True
Ahmedabad Juniors,schools,General Educational School,23.10517,72.54437,True
Aarambh Pre School Gota,schools,Primary & Pre-School,23.10696,72.54286,True
Aradhana Hindi High Sec. Pri. School,schools,Secondary & High School,23.10309,72.54365,True
KESK Beauty Studio - B/H Nirma University,schools,College & University,23.10309,72.54365,True
Elite touch salon and academy,schools,General Educational School,23.09972,72.5427,True
SMART Education Institute,schools,General Educational School,23.10114,72.54237,True
New Dolphin Academy,schools,General Educational School,23.101,72.54176,True
H3 Preschool Gota,schools,Primary & Pre-School,23.10101,72.54092,True
Cerebrum Memory Academy - Rubik's Cube | Mental Maths Ahmedabad,schools,General Educational School,23.10732,72.54141,True
Podar Jumbo Kids New Gota,schools,Primary & Pre-School,23.10599,72.54002,True
Live Sound Academy,schools,General Educational School,23.10939,72.53781,True
UCMAS,schools,General Educational School,23.1013,72.53852,True
Truvi International,schools,International School,23.10154,72.53966,True
English Tuition Classes (Hemani Tuition Classes),schools,Coaching & Entrance Institute,23.10176,72.53972,True
Dani's Institute of Science,schools,General Educational School,23.09889,72.53985,True
Agastya Education,schools,General Educational School,23.09741,72.54006,True
Agastya Preschool,schools,Primary & Pre-School,23.09711,72.54023,True
Aarambh Pre-School,schools,Primary & Pre-School,23.09816,72.53806,True
Unica Ceramica LLP,schools,College & University,23.08874,72.53904,True
Bhesaniya Engineering and Textiles,schools,General Educational School,23.09017,72.54066,True
Socet-Computer,schools,General Educational School,23.09017,72.54066,True
Little Millennium Gota,schools,Primary & Pre-School,23.09858,72.54149,True
Kaushalam Residency,schools,Secondary & High School,23.09649,72.54339,True
Nonstop Raasramzat Garba Class,schools,General Educational School,23.08693,72.54356,True
Apollo International School - Gota,schools,International School,23.08792,72.54322,True
KP's Education Zone,schools,General Educational School,23.087,72.54273,True
D.P.Patel Play School,schools,Secondary & High School,23.08351,72.54298,True
"Nurtureland Preschool Ghatlodia (Preschool, Day Care, Activity & Child care Centre)",schools,Primary & Pre-School,23.08089,72.53852,True
Shayona Institute of Management and Computer Application,schools,College & University,23.07999,72.53818,True
Math Tuition Classes Cuemath,schools,Coaching & Entrance Institute,23.07959,72.53792,True
Kids Karnival,schools,Primary & Pre-School,23.07796,72.53763,True
President Science College,schools,College & University,23.0797,72.53837,True
Sayona High School,schools,Secondary & High School,23.07939,72.53847,True
Lab 55,schools,General Educational School,23.07822,72.53889,True
Somnath Chowk,schools,General Educational School,23.07663,72.53803,True
Pratap Hindi High School,schools,Secondary & High School,23.06842,72.53755,True
President Group of Institutes,schools,General Educational School,23.06735,72.53777,True
Arthmitra Gurukulam,schools,General Educational School,23.06721,72.53743,True
Junior Genius Pre Primary School,schools,Primary & Pre-School,23.06826,72.539,True
Super School,schools,Secondary & High School,23.06656,72.53869,True
Shanti Juniors Preschool KK Nagar Ghatlodiya,schools,Primary & Pre-School,23.06631,72.53888,True
Little Heaven,schools,Primary & Pre-School,23.07104,72.53931,True
DC 4 Tuition Classes,schools,Coaching & Entrance Institute,23.07104,72.53931,True
Open Skies International School,schools,International School,23.07104,72.53931,True
SHRI Saraswati group tuition,schools,Coaching & Entrance Institute,23.07104,72.53931,True
Om Academy,schools,General Educational School,23.07068,72.53958,True
Science World of Chemistry,schools,General Educational School,23.07081,72.53954,True
Abroad Management,schools,General Educational School,23.07093,72.53951,True
Career Craaft Overseas Pvt.Ltd.,schools,Coaching & Entrance Institute,23.07093,72.53951,True
MCUBE MATHS Institute,schools,General Educational School,23.07093,72.53951,True
Krishna Computer Classes,schools,Coaching & Entrance Institute,23.06928,72.53964,True
Joy JumperzBhuyangdev,schools,General Educational School,23.07052,72.54139,True
Milan Dental Lab,schools,General Educational School,23.07299,72.54169,True
Patel Commerce Zone,schools,General Educational School,23.07226,72.54182,True
Babystarz preschool,schools,Primary & Pre-School,23.07206,72.54213,True
Nav Sanskar Hindi School,schools,Secondary & High School,23.07348,72.54274,True
M Cube Institute .manoj Mehta,schools,General Educational School,23.07057,72.54357,True
VSbrother,schools,General Educational School,23.06916,72.54384,True
S.I.Trivedi Group Tuition Ghatlodiya Ahmedabad,schools,Coaching & Entrance Institute,23.06912,72.54365,True
SITC Education,schools,General Educational School,23.06943,72.5432,True
Cultural Values For Children,schools,General Educational School,23.07045,72.54319,True
MB Patel High School,schools,Secondary & High School,23.07039,72.54227,True
Neha Infotech,schools,General Educational School,23.06883,72.54251,True
Tripada House,schools,General Educational School,23.06858,72.54243,True
Nutan English School,schools,Secondary & High School,23.06828,72.54306,True
Nutan Vidhya Vihar Higher Secondary School,schools,Secondary & High School,23.06827,72.54314,True
V-tec computer education,schools,General Educational School,23.06812,72.54356,True
K S Dedhiya Muk Badhir Vidhya Mandir,schools,General Educational School,23.06675,72.54414,True
Rinku Trading Company,schools,General Educational School,23.0678,72.54424,True
First Bank Education Academy,schools,General Educational School,23.0678,72.54415,True
Aloha Ghatlodia,schools,General Educational School,23.06792,72.54395,True
English learning center,schools,General Educational School,23.06941,72.5442,True
Jetalpur dham,schools,General Educational School,23.07136,72.54438,True
Smarpan classes,schools,Coaching & Entrance Institute,23.0706,72.54526,True
Math Tuition Classes Cuemath,schools,Coaching & Entrance Institute,23.07023,72.54522,True
A1educationahmedabad,schools,General Educational School,23.0698,72.54523,True
Kidzee,schools,General Educational School,23.07042,72.54709,True
UCMAS,schools,General Educational School,23.07063,72.54698,True
Krishna Kalrav School,schools,Secondary & High School,23.07025,72.54616,True
Shaping Futures Preschool Ghatlodiya,schools,Primary & Pre-School,23.07421,72.54626,True
Sahitya Institute,schools,General Educational School,23.07273,72.54631,True
યુનિકોર્ન પ્રિ સ્કૂલ -Unicorn Pre school,schools,Primary & Pre-School,23.0753,72.54426,True
The Peters English Academy,schools,General Educational School,23.08684,72.5449,True
"Shakti Vidhyalaya, Chandlodiya",schools,Secondary & High School,23.08299,72.54612,True
Ahmedabad Institute Of Technology,schools,College & University,23.08244,72.54654,True
Bhavik Vidyalaya,schools,Secondary & High School,23.08066,72.54614,True
Shreeji Vidyalaya,schools,Secondary & High School,23.08086,72.54735,True
Woodland School,schools,Secondary & High School,23.0875,72.54734,True
Med Talk Health Talk,schools,General Educational School,23.08791,72.5476,True
I.d.Patel Edu.Campus,schools,College & University,23.08566,72.54769,True
GlamAura Beauty Studio and Academy,schools,General Educational School,23.08587,72.54772,True
Guru Education,schools,General Educational School,23.08694,72.54792,True
Right concept of marketing,schools,College & University,23.08516,72.54948,True
Vision Academy,schools,General Educational School,23.08729,72.54899,True
Sarthak Biology Institute,schools,General Educational School,23.08729,72.54899,True
Fertiliser Park,schools,General Educational School,23.08167,72.54971,True
KM Panchal Hindi Vidyalaya,schools,Secondary & High School,23.08039,72.54921,True
Digital Marketing Course  | SEO Training Ahmedabad,schools,General Educational School,23.07789,72.54895,True
Shivam School of Performing Arts,schools,Secondary & High School,23.07756,72.5501,True
P.M.Group Tuition,schools,Coaching & Entrance Institute,23.07241,72.54958,True
Junior Genius PreSchool &  Activity Centre,schools,Primary & Pre-School,23.07275,72.54962,True
L.J Polytechnic Evincia(Official),schools,College & University,23.0748,72.54837,True
Sun Shine Pre Primary School,schools,Primary & Pre-School,23.07515,72.54828,True
Kalorex Preschool,schools,Primary & Pre-School,23.07642,72.54797,True
K. M. Patel College of Education,schools,College & University,23.07247,72.54783,True
Gyanda Girls School,schools,Secondary & High School,23.07254,72.54814,True
Little Bird's Campus,schools,College & University,23.07113,72.54867,True
Rudra Academy of Chemistry,schools,General Educational School,23.07146,72.5474,True
Liberty Academy,schools,General Educational School,23.06951,72.54779,True
Muthoot FinCorp Gold Loan,schools,General Educational School,23.06613,72.54842,True
Suman Vidyalaya,schools,Secondary & High School,23.06756,72.54872,True
Atul Primary School,schools,Primary & Pre-School,23.06904,72.54911,True
J J Desai Educational Institute,schools,General Educational School,23.06928,72.54965,True
Vedic Jyotish Academy,schools,General Educational School,23.06919,72.54996,True
Medibridge Education Consultants,schools,General Educational School,23.02237,72.55319,True
CrystalVoxx Limited,schools,General Educational School,23.02234,72.55612,True
Piramal Capital & Housing Finance,schools,General Educational School,23.02243,72.55689,True
JSB,schools,General Educational School,23.02211,72.55637,True
VCC Education Pvt. Ltd.,schools,General Educational School,23.02211,72.55637,True
Vision Educations Consultants Pvt Ltd,schools,General Educational School,23.02211,72.55637,True
NR Institute of Business Administration (NRIBA),schools,General Educational School,23.02211,72.55637,True
Renaissance Educare,schools,General Educational School,23.02208,72.55683,True
Career Vision International,schools,International School,23.02214,72.55861,True
N.R High School (GLS),schools,Secondary & High School,23.02261,72.55594,True
Black Dragons Karate Academy,schools,General Educational School,23.02268,72.55555,True
SDC (Reception Area),schools,College & University,23.02291,72.55562,True
Math Tuition Classes Cuemath,schools,Coaching & Entrance Institute,23.02286,72.55505,True
MediPath Overseas Education Consultant,schools,General Educational School,23.02334,72.55597,True
NIEM - The Institute of Event Management,schools,General Educational School,23.02335,72.55621,True
National Institute of Jewellery Design,schools,General Educational School,23.02335,72.55627,True
Multimedia Institute,schools,General Educational School,23.02311,72.55668,True
CDAC Ahmedabad,schools,General Educational School,23.0231,72.55672,True
Shriram Finance Limited,schools,General Educational School,23.02296,72.55639,True
Arshiya International,schools,International School,23.02302,72.55676,True
Geetanjali Surgical Nursing Home,schools,General Educational School,23.02332,72.55734,True
Math Tuition Classes Cuemath,schools,Coaching & Entrance Institute,23.02341,72.55838,True
Apex Formulations Pvt Ltd,schools,General Educational School,23.02345,72.55482,True
Arihant Institute,schools,General Educational School,23.023,72.55413,True
"Government Polytechnic, Ahmedabad",schools,College & University,23.02301,72.55182,True
TCS ION Training Center,schools,General Educational School,23.02365,72.55087,True
Apl Institute of Clinical Laboratory & Research Pvt. LTD,schools,General Educational School,23.02495,72.55148,True
MediBridge Education Consultants,schools,General Educational School,23.02532,72.55069,True
CII House -,schools,General Educational School,23.02527,72.55439,True
Visa zone Education & Immigration Services Pvt. Ltd.,schools,General Educational School,23.02506,72.55424,True
Ubesee18 Education Private Limited,schools,General Educational School,23.02504,72.55693,True
GIFT NGO Short Term Design Education of Fashion And Textile Designing,schools,General Educational School,23.02543,72.55497,True
Wastengage Private Limited,schools,General Educational School,23.02478,72.55817,True
The Nirman High School,schools,College & University,23.02406,72.55697,True
The Institution Of Engineers,schools,Coaching & Entrance Institute,23.02405,72.56,True
British Library,schools,International School,23.02411,72.5601,True
GLS Institute for Professional Studies,schools,General Educational School,23.02522,72.55959,True
GLS Institute of Computer Technology,schools,General Educational School,23.02559,72.55962,True
SkillIQ,schools,General Educational School,23.02459,72.56684,True
Kaushalam Technology- Best SEO Company in Ahmedabad | SEO Services | Digital Marketing Agency | Social Media Marketing,schools,Secondary & High School,23.02423,72.56788,True
"Krishna Consultants | KC Overseas Education, Ahmedabad (Ellisbridge)",schools,General Educational School,23.02403,72.56748,True
LS Salon Academy,schools,General Educational School,23.02375,72.56686,True
JAY BHIM,schools,General Educational School,23.02375,72.56686,True
Sydenham Library - Gujarat College,schools,College & University,23.023,72.56463,True
Gujarat United School of Technology,schools,College & University,23.02371,72.56471,True
Gujarat State Lalit Kala Academy,schools,General Educational School,23.02351,72.55993,True
Ellisbridge Gymkhana Squash Training Academy - Ahmedabad,schools,General Educational School,23.02314,72.56027,True
Navkar Education HUB,schools,General Educational School,23.02235,72.56902,True
The English Channel,schools,General Educational School,23.02207,72.57237,True
Ahmedabad - Indus University Worksite ATM,schools,College & University,23.0225,72.57136,True
Nagar School Of Optometry,schools,Secondary & High School,23.02287,72.57085,True
"MJ Library, Ahmedabad",schools,General Educational School,23.02378,72.57072,True
AIEC Education Hub,schools,General Educational School,23.02353,72.5717,True
Arihant CNC Institute,schools,General Educational School,23.02341,72.57199,True
Jagdish Aluminium Pvt. Ltd.,schools,General Educational School,23.02325,72.57162,True
Navdeep Motors,schools,General Educational School,23.02325,72.57162,True
Gajjar Machine Tools,schools,General Educational School,23.02325,72.57162,True
Storm Overseas,schools,General Educational School,23.0231,72.57167,True
Samarth Vidyavihar High School,schools,Secondary & High School,23.02318,72.57219,True
"SLU Arts & Commerce College,Official",schools,College & University,23.02227,72.57348,True
Seva Reception Centre,schools,College & University,23.02228,72.57817,True
Government Akhandanand Ayurved Mahavidyalaya,schools,College & University,23.02251,72.58016,True
Premchand Rai Chand Adhyapan Mandir,schools,General Educational School,23.02206,72.58218,True
I P Mission High School,schools,Secondary & High School,23.02225,72.5817,True
Unitedworld Institute of Design (UID Ahmedabad),schools,General Educational School,23.0222,72.58587,True
Unitedworld School Of Business,schools,College & University,23.0222,72.58587,True
Manas Academy,schools,General Educational School,23.0222,72.58587,True
Epoch Research Institute India,schools,General Educational School,23.0222,72.58587,True
Visto Uniworld Private Limited,schools,General Educational School,23.0222,72.58587,True
XDuce Infotech Private Limited,schools,General Educational School,23.0222,72.58587,True
Municipal Girls Higher Secondary School,schools,Secondary & High School,23.023,72.58603,True
Gujarat Sangeet Mahavidhyalaya - Classical Music Classes Ahmedabad,schools,Coaching & Entrance Institute,23.0237,72.57765,True
Tutorial market,schools,Coaching & Entrance Institute,23.02408,72.5855,True
NIFTM Export Import Training,schools,College & University,23.02451,72.57065,True
Gill Sir IELTS and Spoken English,schools,General Educational School,23.02393,72.57211,True
Coaching Square,schools,Coaching & Entrance Institute,23.02411,72.5705,True
Shanti Asiatic School,schools,Secondary & High School,23.02409,72.57105,True
TOPS Technologies,schools,General Educational School,23.02402,72.57035,True
Shreyarth University,schools,College & University,23.02395,72.57033,True
Indian Academy for Self Employed Women,schools,General Educational School,23.02506,72.57015,True
Youth Hostels Ahmedabad,schools,General Educational School,23.02492,72.57249,True
National Institute of Professional Training,schools,General Educational School,23.02504,72.57154,True
Shree Umiya Oil Depo,schools,General Educational School,23.02504,72.57154,True
Swami Vivekanand College,schools,College & University,23.02518,72.57116,True
B M Institute Of Mental Health,schools,General Educational School,23.02603,72.57153,True
Akshat Stock Market Training Hub,schools,General Educational School,23.0262,72.56982,True
Prisu Pharma,schools,General Educational School,23.02712,72.57055,True
Vishwas Education Pvt. Ltd.,schools,General Educational School,23.02716,72.57125,True
Gill SIR,schools,General Educational School,23.0268,72.57135,True
Muthoot FinCorp Gold Loan,schools,General Educational School,23.02652,72.58342,True
G M Prakash High School,schools,Secondary & High School,23.02633,72.58374,True
SVVM Commerce college,schools,College & University,23.0263,72.58221,True
Muthoot Finance Gold Loan,schools,General Educational School,23.02632,72.58159,True
Raw Chem,schools,General Educational School,23.02652,72.58175,True
Studio speed,schools,General Educational School,23.02696,72.58321,True
Techyuva Computer Institute,schools,General Educational School,23.02712,72.58454,True
Motilal Nehru Law College,schools,College & University,23.02729,72.58519,True
Sardar Vallabhbhai Commerce College,schools,College & University,23.02742,72.58511,True
Maa Developers Gpo Road,schools,General Educational School,23.02742,72.5827,True
Faa Apparels & Designing Institute,schools,General Educational School,23.02712,72.58317,True
Republic High School,schools,Secondary & High School,23.02708,72.58224,True
Republic School Ahmedabad,schools,Secondary & High School,23.02684,72.58137,True
Maneklal Nanavati Law College,schools,College & University,23.02771,72.58174,True
City C. U. Shah Commerce College,schools,College & University,23.02776,72.58187,True
GLS College for Girls,schools,College & University,23.02779,72.58162,True
Scholar Career Academy,schools,Coaching & Entrance Institute,23.02782,72.58169,True
Sultan Ahmed Computer,schools,General Educational School,23.02763,72.58307,True
Dr. Urmilaben Chimanbhai Patel Arts and Commerce College,schools,College & University,23.02748,72.58528,True
Rosemary Kindergarten,schools,Primary & Pre-School,23.02834,72.58165,True
Manappuram Finance,schools,General Educational School,23.02835,72.5816,True
Diamond International,schools,International School,23.02846,72.57785,True
Vite Box - Overseas Education and Immigration,schools,General Educational School,23.02859,72.57795,True
"Bhavan's Sheth R. A. College of Science, Commerce & Arts, Ahmedabad",schools,College & University,23.02902,72.5777,True
Skyline Overseas,schools,General Educational School,23.02881,72.56985,True
National Institute of Credit Repair,schools,General Educational School,23.02852,72.5706,True
Digital Marketing Training,schools,General Educational School,23.02873,72.5717,True
Mahatma Gandhi International School,schools,International School,23.02918,72.56695,True
School,schools,Secondary & High School,23.02869,72.56754,True
Ipca Laboratories Ltd,schools,General Educational School,23.02838,72.56391,True
Saffron Biotech,schools,General Educational School,23.02864,72.56008,True
Faculty of Business Administration - GLS University,schools,College & University,23.02864,72.56026,True
Samarth Vidhya Vihar,schools,General Educational School,23.02853,72.55971,True
"P G Center for M Com, Gujarat Commerce College, Ahmedabad",schools,College & University,23.0283,72.55971,True
Samtheshwar School,schools,Secondary & High School,23.02811,72.55998,True
College of Safety and Fire Technology,schools,College & University,23.02758,72.56049,True
Winners Overseas Consultants,schools,General Educational School,23.02758,72.56049,True
Oilpixel Art Private Limited,schools,General Educational School,23.02778,72.56205,True
Loreal Academy Ahmedabad,schools,General Educational School,23.0282,72.56521,True
The Star Across Education,schools,General Educational School,23.02826,72.56527,True
EuroKids PreSchool in Mithakhali,schools,Primary & Pre-School,23.02821,72.56546,True
Black Slate,schools,General Educational School,23.0271,72.56754,True
Spot Light The Media Institute,schools,General Educational School,23.02568,72.56703,True
Nagar School of Optometry,schools,Secondary & High School,23.02567,72.56653,True
M. B. Patel Rashtrabhasha Vinayan,schools,General Educational School,23.02603,72.56558,True
OYO Premium Law Garden Ellibridge,schools,General Educational School,23.02627,72.56545,True
Mac Dye Chem Indst,schools,General Educational School,23.02622,72.56233,True
1 Gujarat BN NCC Training Camp,schools,General Educational School,23.02607,72.56223,True
Sir L. A. Shah Law College,schools,College & University,23.02575,72.55944,True
UTS College India,schools,College & University,23.02577,72.5595,True
I. M. Nanavati Law College,schools,College & University,23.02583,72.55948,True
Leaf GLS University Incubator,schools,College & University,23.02621,72.55946,True
GLS University,schools,College & University,23.02639,72.55943,True
Bank of Baroda Staff Training College,schools,College & University,23.0269,72.56308,True
Faculty of Commerce - GLSIC BCOM,schools,General Educational School,23.02696,72.56207,True
Cuemath,schools,General Educational School,23.02723,72.56162,True
Creative IT Engineering and Multimedia Institute,schools,General Educational School,23.02727,72.56111,True
Alisha Paying Guest,schools,General Educational School,23.0274,72.55968,True
Global School of Aviation - Ahmedabad,schools,International School,23.02737,72.55863,True
"Jawahar Navodaya Vidyalaya, Kathlal",schools,Secondary & High School,23.02734,72.5574,True
Study Square Ahmedabad,schools,General Educational School,23.02726,72.55755,True
Institute for Photography & Cinematography - Excellence - Ahmedabad Gujarat - IPE India,schools,General Educational School,23.02744,72.55732,True
Career Connect - IAMS,schools,Coaching & Entrance Institute,23.02739,72.5575,True
Golden Future,schools,General Educational School,23.02729,72.55691,True
Univaz,schools,General Educational School,23.02729,72.55691,True
Sushen Medicamentos Pvt. Ltd.,schools,General Educational School,23.0272,72.55515,True
Orion CompuTech Private Limited - Authorized SAP Partner,schools,General Educational School,23.02701,72.55514,True
Elite Institute CMAT Academy Ahmedabad,schools,General Educational School,23.02661,72.55811,True
SPS Global - AMD,schools,General Educational School,23.02674,72.55742,True
Wider Globe -Overseas Education Consultants | PR | Visa | Ahmedabad,schools,General Educational School,23.0266,72.55844,True
GLS English Medium Primary School,schools,Primary & Pre-School,23.02645,72.55879,True
S.M.P.I.C,schools,General Educational School,23.02652,72.55814,True
GLS college Faculty of commerce,schools,College & University,23.02624,72.55795,True
GLS Campus (BCA),schools,College & University,23.02625,72.55791,True
GLS Smt. Induben and Ratilal K Desai Institute of Computer Applications,schools,General Educational School,23.02617,72.55764,True
M.K. Higher Secondary School,schools,Secondary & High School,23.02626,72.55902,True
GLS Institute Of Design,schools,General Educational School,23.02605,72.55849,True
Seneca Polytechnic - GLSU,schools,College & University,23.02592,72.55731,True
Learnvern,schools,General Educational School,23.02605,72.55692,True
Hytech Education - Study Abroad Consultants - Ahmedabad,schools,General Educational School,23.02602,72.55691,True
Sunil Vyas- Licensed Immigration Consultant Appraise Immigration,schools,General Educational School,23.02605,72.55669,True
Meurit Education,schools,General Educational School,23.02593,72.55624,True
Associated,schools,General Educational School,23.02577,72.55679,True
Tops Technologies,schools,General Educational School,23.02612,72.55688,True
K.P. Vidhyarthi Bhavan,schools,General Educational School,23.02652,72.55559,True
Olive International Education Foundation,schools,International School,23.0264,72.5533,True
"Perfect Computer Education-USA Accounting, Australia Accounting, Tally Accounting & Digital Marketing Training",schools,General Educational School,23.02628,72.55315,True
"Diva Eye Institute, Ahmedabad",schools,General Educational School,23.02604,72.55335,True
The Indian Institute Of Planning & Management,schools,General Educational School,23.02601,72.55309,True
Kindergarten Ahmedabad,schools,Primary & Pre-School,23.02611,72.55219,True
Knowledge Academy,schools,General Educational School,23.02667,72.55282,True
Navkar Public School,schools,Secondary & High School,23.02709,72.55237,True
Cuemath,schools,General Educational School,23.02713,72.55153,True
Newtech Infosoft Private Limited,schools,General Educational School,23.02763,72.55157,True
MN Group,schools,General Educational School,23.02782,72.55165,True
Precious Education and Immigration Consultant,schools,General Educational School,23.02827,72.55201,True
DNH Education Consultants,schools,General Educational School,23.02835,72.55212,True
H.M. Shah Classes,schools,Coaching & Entrance Institute,23.02791,72.55179,True
VizaTree,schools,General Educational School,23.02793,72.55178,True
"Nexus Consultants Ahmedabad – Best Study Visa & Immigration Consultants for USA, UK, Canada, Europe",schools,General Educational School,23.02764,72.55748,True
Kalapurnam Best Graphic Design Institute on C G Road | Animation Institute on C G Road Ahmedabad,schools,General Educational School,23.02765,72.55796,True
Vidhaan Education Consultants,schools,General Educational School,23.02753,72.55765,True
Sankalp Education for GPSC Coaching,schools,Coaching & Entrance Institute,23.02747,72.55761,True
Education Consultants Canada,schools,General Educational School,23.0276,72.55822,True
Coding Cloud,schools,General Educational School,23.02792,72.55727,True
Meghmani Dyes and Intermediates Ltd.,schools,General Educational School,23.02808,72.5579,True
Jyot Academy of Learning,schools,General Educational School,23.02819,72.55897,True
Videsh Consultz,schools,General Educational School,23.02798,72.55669,True
Global Opportunities - Study Abroad and Overseas Education Visa Consultants,schools,General Educational School,23.02841,72.55738,True
Vibration,schools,General Educational School,23.02874,72.5585,True
Job Openings - Harry International,schools,International School,23.02876,72.55718,True
IIMT Studies,schools,College & University,23.02897,72.55851,True
The BTTCO Overseas,schools,General Educational School,23.02919,72.55915,True
Maruti Overseas Consultancy,schools,General Educational School,23.02906,72.55695,True
N R High School,schools,Secondary & High School,23.02905,72.55695,True
Artdome Design School,schools,Secondary & High School,23.02906,72.55545,True
Ellis Bridge School,schools,Secondary & High School,23.02917,72.55451,True
Athena Academy & Recording Studio,schools,General Educational School,23.02909,72.55259,True
Vaidya Shri MM Patel Education College,schools,College & University,23.02865,72.55287,True
Govindram Primary School,schools,Primary & Pre-School,23.02912,72.55249,True
Daskoshi Vidyamandal,schools,General Educational School,23.02935,72.55318,True
Waves Dance Academy,schools,General Educational School,23.03036,72.55512,True
Accquaint Academy,schools,General Educational School,23.03032,72.55681,True
Kids Garden School,schools,Primary & Pre-School,23.03075,72.55688,True
Riverside Learning Center,schools,General Educational School,23.03096,72.55838,True
Siddhi Institute,schools,General Educational School,23.03078,72.55896,True
Munimji Training and Placement Pvt. Ltd.,schools,General Educational School,23.03043,72.55716,True
ThunderBolt Shooting Academy,schools,General Educational School,23.03038,72.55837,True
Skyler Overseas and Education Pvt Ltd,schools,General Educational School,23.03005,72.55852,True
Right Directions Overseas Consultant,schools,General Educational School,23.02966,72.55501,True
HK School of Foreign Languages,schools,Secondary & High School,23.02958,72.55769,True
Reach The Globe,schools,General Educational School,23.02963,72.55842,True
Vibrant Technology,schools,General Educational School,23.03014,72.56247,True
VLCC School Of Beauty (Gujarat - Ahmedabad),schools,Secondary & High School,23.0297,72.56232,True
TTS Consultancy & Service,schools,General Educational School,23.0296,72.56258,True
GLS Faculty Of Management IMBA,schools,General Educational School,23.02943,72.56257,True
A One Academy,schools,General Educational School,23.02976,72.56675,True
Bright School,schools,Secondary & High School,23.02993,72.56569,True
VLCC School of Beauty,schools,Secondary & High School,23.03035,72.56388,True
VLCC Institute of Beauty & Nutrition,schools,General Educational School,23.03042,72.56375,True
Matrix Immigration and Visa Services,schools,General Educational School,23.03053,72.56487,True
Garden City College,schools,College & University,23.03051,72.56656,True
The Institute of Company Secretaries of India,schools,General Educational School,23.03099,72.5679,True
DMG It Engineering & Multimedia Institute,schools,General Educational School,23.03068,72.56387,True
Kaizen Institute South Asia,schools,General Educational School,23.03083,72.56346,True
PNB Housing Finance,schools,General Educational School,23.03023,72.56245,True
Ajay Parmar Group Tuition,schools,Coaching & Entrance Institute,23.03085,72.55946,True
Taurus Vocational Art & Design Institute,schools,General Educational School,23.03129,72.56067,True
Waves Dance Academy - Branch,schools,General Educational School,23.0314,72.56086,True
Adorn Education,schools,General Educational School,23.03134,72.56686,True
Explorra School of Design & Technology (3DAnimation VFX Design Graphic),schools,College & University,23.03176,72.56504,True
MTAC International Culinary School,schools,International School,23.03281,72.56531,True
Akash Sir - IT Training Academy,schools,General Educational School,23.03251,72.56526,True
SPSS I.A.S Training Center,schools,General Educational School,23.03206,72.56203,True
Math Tuition Classes Cuemath,schools,Coaching & Entrance Institute,23.03233,72.56207,True
Excel Global Education,schools,General Educational School,23.03231,72.56044,True
CCIAMS,schools,General Educational School,23.03223,72.55973,True
Red and White Multimedia Education,schools,General Educational School,23.03243,72.56076,True
Delhi Institute For Civil Services,schools,General Educational School,23.03242,72.56093,True
Precide Overseas Consultant,schools,General Educational School,23.03283,72.55716,True
Infopercept Consulting Private Limited,schools,College & University,23.03284,72.55686,True
Dreamz Consultant,schools,General Educational School,23.03285,72.55569,True
Fingertips,schools,General Educational School,23.03282,72.5557,True
"Golden Future - Student Visa Consultant, UK Visa Consultant, Visa Agent",schools,General Educational School,23.03283,72.55532,True
Bittrack Foreign Education & Visa Consultants,schools,General Educational School,23.03262,72.55517,True
TIME Ahmedabad and Gandhinagar,schools,General Educational School,23.03261,72.55495,True
Kaushali Parekh Baking Classes,schools,Coaching & Entrance Institute,23.03249,72.55512,True
Iitc Institute,schools,College & University,23.03206,72.55558,True
ViteBox - Overseas Education & Immigration,schools,General Educational School,23.03181,72.5555,True
SI-UK Ahmedabad,schools,General Educational School,23.03257,72.55476,True
Xavier Institute of Computer Applications,schools,General Educational School,23.03272,72.55254,True
CEPT Career Office,schools,College & University,23.03366,72.55206,True
Sid_Daa Education,schools,General Educational School,23.03366,72.55206,True
Frontend Academy,schools,General Educational School,23.03361,72.5525,True
Global Overseas Education,schools,General Educational School,23.03301,72.55323,True
Flamingo Educare,schools,General Educational School,23.03293,72.5553,True
Smile Foreign Education,schools,General Educational School,23.03297,72.5548,True
SWEC Education and Immigration Services,schools,General Educational School,23.03304,72.55489,True
American Corner - Ahmedabad,schools,International School,23.03322,72.55665,True
NAEMD-Ahmedabad-Best Event Management Institute,schools,General Educational School,23.03297,72.55788,True
Anchoredge,schools,General Educational School,23.03296,72.55771,True
AECC Study Abroad Consultants,schools,General Educational School,23.03286,72.55912,True
Walkabout Visa Consultant,schools,General Educational School,23.03299,72.55837,True
Alakmalak Technologies Private Limited,schools,General Educational School,23.03353,72.55801,True
Digital Sandip Academy,schools,General Educational School,23.03343,72.55814,True
Campus Group Tuition,schools,College & University,23.03338,72.555,True
TV9 Education Expo 2026,schools,General Educational School,23.03351,72.55515,True
Earthlink Foreign Education Consultants,schools,General Educational School,23.03387,72.55524,True
Hugs and Cuddles,schools,General Educational School,23.03386,72.55546,True
Azent - Study Abroad Consultants,schools,General Educational School,23.03396,72.55532,True
Pyramid Overseas Education Consultants Navrangpura,schools,General Educational School,23.034,72.55515,True
Focus Education Ahmedabad,schools,General Educational School,23.0342,72.55507,True
Shanti's Hopskotch,schools,General Educational School,23.03409,72.55535,True
Drona Academy,schools,General Educational School,23.03388,72.55432,True
SomLalit Institute of Management Studies,schools,College & University,23.03383,72.55368,True
St Xaviers College,schools,College & University,23.03386,72.55333,True
L D Arts College,schools,College & University,23.03526,72.55466,True
M G Science College,schools,College & University,23.03548,72.55169,True
Geology Department,schools,General Educational School,23.03545,72.55128,True
Endeavor Careers,schools,Coaching & Entrance Institute,23.03587,72.5581,True
Career Mosaic Pvt. Ltd.,schools,Coaching & Entrance Institute,23.03575,72.55803,True
Jalsa Art ® | Best Online Art Classes,schools,Coaching & Entrance Institute,23.03559,72.55742,True
Lighthouse Immigration,schools,General Educational School,23.03557,72.558,True
St. Kabir School,schools,Secondary & High School,23.03532,72.55637,True
Swastik Shishuvihar,schools,Primary & Pre-School,23.03483,72.55478,True
Imperial Academy,schools,General Educational School,23.03509,72.56307,True
Manoj Financial Services Pvt. Ltd.,schools,General Educational School,23.0351,72.56219,True
Navbharat Overseas Aspirations,schools,General Educational School,23.03534,72.5629,True
GEPSI English Language Academy,schools,General Educational School,23.03551,72.56176,True
Muthoot Finance Gold Loan,schools,General Educational School,23.03534,72.56105,True
L.J. Institute of Pharmacy,schools,College & University,23.03537,72.56096,True
Virohan,schools,General Educational School,23.03526,72.56109,True
Flamingo Educare,schools,General Educational School,23.03525,72.56079,True
Alliance education,schools,General Educational School,23.0353,72.56034,True
IDP Education Ahmedabad - International Education Specialists,schools,International School,23.03537,72.55931,True
Studypointvisa,schools,General Educational School,23.03552,72.55928,True
VIEC Ahmedabad,schools,General Educational School,23.0357,72.55946,True
Aecc Global,schools,General Educational School,23.0357,72.55957,True
Addor Group,schools,General Educational School,23.03597,72.56098,True
PFEC Global - Best Study Abroad Consultant in Ahmedabad,schools,General Educational School,23.03581,72.55944,True
Swastik Solutions,schools,General Educational School,23.03637,72.56007,True
Globo Hr Solutions,schools,General Educational School,23.03643,72.56035,True
Akshar Academy,schools,General Educational School,23.03643,72.56035,True
Unibuzz Overseas Education,schools,General Educational School,23.03624,72.56122,True
Pradip Overseas,schools,General Educational School,23.03618,72.56248,True
Shreeji Immigration,schools,General Educational School,23.03615,72.56161,True
Chanakya Ias Academy,schools,General Educational School,23.03579,72.56296,True
TeamLease Skills University,schools,College & University,23.0359,72.56209,True
Paathshala Ahmedabad,schools,Secondary & High School,23.03604,72.5642,True
The Alliance Education,schools,General Educational School,23.03556,72.5662,True
Softs Solution Service - Best IT Training Course and Institute,schools,General Educational School,23.03528,72.56454,True
Aptech CG Road,schools,General Educational School,23.03507,72.56421,True
Mount Carmel High School,schools,Secondary & High School,23.03498,72.56813,True
FFTI,schools,General Educational School,23.03488,72.56769,True
ATI-Training Institute,schools,General Educational School,23.03462,72.56701,True
Horizoncore Infosoft Private Limited,schools,General Educational School,23.03403,72.56661,True
AMC School Board,schools,Secondary & High School,23.03436,72.56383,True
Digital Sandip Academy,schools,General Educational School,23.03427,72.56462,True
Purple MDS Academy,schools,General Educational School,23.03455,72.56349,True
Livewires The Media Institute,schools,General Educational School,23.03455,72.5605,True
Mint Academy CG Road Ahmedabad,schools,General Educational School,23.03465,72.56029,True
NAEMD - Best Event Management Institute,schools,General Educational School,23.0345,72.56033,True
CMA - Ahmedabad Chapter,schools,General Educational School,23.03446,72.56026,True
Trinity Pool & Snooker Academy,schools,General Educational School,23.03432,72.56025,True
Nishkal Overseas Consultancy,schools,General Educational School,23.03412,72.55993,True
Shabana's Institute of Mathematics,schools,General Educational School,23.03405,72.56035,True
Good Wind Education & Career Consultancy Services,schools,Coaching & Entrance Institute,23.03397,72.56063,True
Canam Consultants Ahmedabad - Study Abroad Consultants,schools,General Educational School,23.03395,72.56068,True
Nandi Seeds,schools,General Educational School,23.03379,72.56101,True
Kalapurnam Institute,schools,General Educational School,23.03374,72.56096,True
NEXUS CONSULTANTS AHMEDABAD Best study visa,schools,General Educational School,23.03366,72.561,True
SIG Overseas Education Consultants,schools,General Educational School,23.03361,72.56102,True
Fernweh Immigration,schools,General Educational School,23.03354,72.56059,True
"NCode Technologies, Incorporated",schools,General Educational School,23.03367,72.56,True
Grinfilm Institute Of Film & Television - GIFT,schools,General Educational School,23.03362,72.5598,True
Jamboree Education,schools,General Educational School,23.03358,72.56014,True
Mystudyoffers,schools,General Educational School,23.0334,72.56058,True
Suril Music Academy,schools,General Educational School,23.03287,72.56041,True
Futurz Xplored e297,schools,General Educational School,23.03321,72.56397,True
L.D.Engineering,schools,General Educational School,23.03374,72.56423,True
Broadway Overseas Education,schools,General Educational School,23.03314,72.56962,True
Max VisaHub,schools,General Educational School,23.03322,72.56981,True
Direct Taxes Regional Training Institute Ahmedabad,schools,General Educational School,23.03326,72.56957,True
Mount Carmel School,schools,Secondary & High School,23.03288,72.57651,True
Dr Babasaheb Open University,schools,College & University,23.03433,72.56928,True
Higher Secondary School-Blind Department,schools,Secondary & High School,23.03432,72.56929,True
Global Reach Ahmedabad,schools,General Educational School,23.03473,72.56843,True
Six Sense Exim,schools,General Educational School,23.03489,72.57038,True
Shreyarth University,schools,College & University,23.03482,72.56955,True
Cuemath,schools,General Educational School,23.03547,72.56849,True
I - Ken Education Pvt. Ltd.,schools,General Educational School,23.0361,72.56865,True
Shahpur Lal School,schools,Secondary & High School,23.03621,72.58146,True
Shahpur Municipal Urdu School for Girls,schools,Secondary & High School,23.03562,72.58097,True
Kashiful Uloom Computer Class,schools,General Educational School,23.03608,72.5827,True
Filter Concept PrivateLimited,schools,College & University,23.03531,72.58503,True
Shri Hasumati Mehta Primary School,schools,Primary & Pre-School,23.03388,72.58513,True
Shama School,schools,Secondary & High School,23.03433,72.58029,True
Nelson's High School,schools,Secondary & High School,23.03451,72.57914,True
Vishwa Bharati High School,schools,Secondary & High School,23.03402,72.58049,True
BCSS Computer Education,schools,General Educational School,23.03295,72.57897,True
Arora Academy,schools,General Educational School,23.03295,72.57889,True
Sanskar Public School,schools,Secondary & High School,23.0329,72.5833,True
"J C Ball Mandir, Civil Lines , Mirzapur",schools,General Educational School,23.0329,72.5833,True
Prabhaben J Solanki,schools,General Educational School,23.03343,72.58422,True
Shanti Sadan Nursery,schools,Primary & Pre-School,23.03341,72.58575,True
CMA,schools,General Educational School,23.03308,72.58486,True
R C College Of Commerce,schools,College & University,23.0313,72.58381,True
Preyas English Medium School,schools,Secondary & High School,23.03221,72.58041,True
Visto Uniworld Services,schools,General Educational School,23.03251,72.57091,True
Kidspark Preschools,schools,Primary & Pre-School,23.0327,72.56985,True
TopCode Academy - IT Training Center Ahmedabad,schools,General Educational School,23.0324,72.56873,True
Ankur Institute of Child Health,schools,General Educational School,23.03211,72.56866,True
Nerolac,schools,General Educational School,23.03113,72.56956,True
Edification Overseas Education,schools,General Educational School,23.03117,72.57089,True
✅ 𝗢𝗵𝗺 𝗖𝗼𝗻𝘀𝘂𝗹𝘁𝗮𝗻𝘁 𝗘𝗱𝘂𝗰𝗮𝘁𝗶𝗼𝗻 𝗣𝘃𝘁 𝗟𝘁𝗱 - USA Student Visa/study in UK/Student Visa/Best USA Student Visa Consultant Ahmedabad,schools,General Educational School,23.03107,72.57135,True
"Aiilsg, Ahmedabad",schools,General Educational School,23.03174,72.5767,True
Sheetalnath Turbo English,schools,General Educational School,23.03061,72.57414,True
Marigold Education - IELTS Classes | GRE Coaching | PTE Classes | CELPIP Classes,schools,Coaching & Entrance Institute,23.03084,72.57134,True
Vishwas Academy,schools,General Educational School,23.03026,72.57041,True
All India Disaster Mitigation Institute,schools,General Educational School,23.02994,72.56923,True
Kids Age,schools,Primary & Pre-School,23.02993,72.56912,True
Grow More Agrichem India Pvt Ltd,schools,General Educational School,23.02984,72.5693,True
Civil IAS,schools,General Educational School,23.0298,72.5701,True
Mitrra Abraod study PR Visit,schools,General Educational School,23.02978,72.56999,True
Chahal Academy Ahmedabad,schools,General Educational School,23.0297,72.57012,True
Disha Consultancy,schools,General Educational School,23.02966,72.56992,True
Sunya IAS Ahmedabad,schools,General Educational School,23.02959,72.57027,True
itbase.in,schools,General Educational School,23.02955,72.56943,True
Super 20 Training Institute,schools,General Educational School,23.02953,72.5692,True
College of Automobile Engineering,schools,College & University,23.02948,72.56955,True
IDCM | Institute of Digital & Content Marketing | Ahmedabad,schools,General Educational School,23.02936,72.57059,True
HK Commerce College,schools,College & University,23.02929,72.57087,True
S M C I Computer Academy,schools,General Educational School,23.03008,72.57704,True
Parsi Pre Montessori School,schools,Primary & Pre-School,23.02991,72.57979,True
Paras Motor Driving School,schools,Secondary & High School,23.02996,72.58146,True
Shri Damubhai Shukla Shaikshanik Sankul (Navchetan High School),schools,Secondary & High School,23.03,72.58,True
Bhavan's R A College of Arts and Commerce,schools,College & University,23.03006,72.57951,True
Misk beauty Parlour & academy,schools,General Educational School,23.031,72.58323,True
St. Xavier's High School,schools,Secondary & High School,23.03077,72.58421,True
Olai Motors,schools,General Educational School,23.03093,72.58391,True
"Department of Swasthavritta, Govt. Akhandanand Ayurved College",schools,College & University,23.03066,72.58496,True
Cuemath,schools,General Educational School,23.03102,72.59421,True
Soni group tuition,schools,Coaching & Entrance Institute,23.03044,72.59303,True
Gujarat University of Transplantation Sciences,schools,College & University,23.02946,72.59191,True
Bhavan's Courses,schools,General Educational School,23.02942,72.59316,True
Sindhi Dharamshala,schools,Secondary & High School,23.02947,72.59805,True
aadharshila,schools,General Educational School,23.03016,72.59629,True
Gujarat General Food Chem,schools,General Educational School,23.0317,72.59846,True
Premkumar Sales Agency,schools,General Educational School,23.0312,72.59931,True
Abhinandan Academy,schools,General Educational School,23.03265,72.59821,True
The I Cube Educational Hub,schools,General Educational School,23.03265,72.59821,True
Swastik Stationary & Toys,schools,General Educational School,23.03207,72.59848,True
Vihat Prathmic School,schools,Secondary & High School,23.03179,72.59303,True
"Rajasthan School Shahibaug ,ahmedabad",schools,Secondary & High School,23.03144,72.59236,True
Nutan Prakash Vidhyalay,schools,General Educational School,23.03121,72.58842,True
Ahmedabad Arts and Commerce College,schools,College & University,23.03265,72.58746,True
Dariyapur Gujarati School No. 8,schools,Secondary & High School,23.03288,72.58803,True
Shree Shakti Primary School,schools,Primary & Pre-School,23.033,72.58853,True
Daripur School No 16,schools,Secondary & High School,23.03338,72.5915,True
kalupur public school,schools,Secondary & High School,23.03332,72.59067,True
R C College Of Commerce,schools,College & University,23.03495,72.58669,True
"St.Xavier's High School , Mirzapur",schools,Secondary & High School,23.03533,72.58668,True
Premier High School,schools,Secondary & High School,23.03612,72.5926,True
Dariyapur School,schools,Secondary & High School,23.03539,72.5912,True
Rajusir tuition classes,schools,Coaching & Entrance Institute,23.03291,72.59695,True
Nalanda Vidhya Vihar,schools,General Educational School,23.03326,72.60879,True
Atmia Education - Gujarat,schools,General Educational School,23.03365,72.61279,True
Urdu School,schools,Secondary & High School,23.03451,72.60772,True
Shreenath Terrolock,schools,General Educational School,23.03423,72.60496,True
Amdupura Bus Stand,schools,General Educational School,23.03451,72.60531,True
Saraspur Government School No 26,schools,Secondary & High School,23.03539,72.61902,True
Jiviba Kanya Vidyalaya,schools,Secondary & High School,23.0353,72.61784,True
SMN Tutorial High School,schools,Coaching & Entrance Institute,23.0351,72.61783,True
H3 Preschool Subhash Bridge,schools,Primary & Pre-School,23.03498,72.61815,True
Hosanna Mission,schools,General Educational School,23.03484,72.61952,True
Shree Balkrishna English School,schools,Secondary & High School,23.0349,72.61955,True
Vishv ITServices,schools,General Educational School,23.03475,72.62152,True
Vandana Foundation,schools,General Educational School,23.03475,72.62152,True
Shivalik Secondary School,schools,Secondary & High School,23.03397,72.62167,True
Parth J Tank,schools,General Educational School,23.03373,72.61683,True
IIPS CS/Company Secretary Institute,schools,General Educational School,23.03334,72.6167,True
Koncept Interior,schools,College & University,23.03362,72.61452,True
Aadharshila school,schools,Secondary & High School,23.0333,72.6167,True
Konceptwise Digital Media Pvt. Ltd.,schools,College & University,23.0333,72.61669,True
Pragati Computers Classes Ahmedabad,schools,Coaching & Entrance Institute,23.0333,72.6167,True
Parkar Peramedical Institute,schools,General Educational School,23.0333,72.6167,True
"EuroKids Nikol Dmart, Ahmedabad",schools,Primary & Pre-School,23.0333,72.6167,True
Manan Shah's Institute,schools,General Educational School,23.0333,72.6167,True
Rajvidhya Academy,schools,General Educational School,23.0333,72.6167,True
The Little Clever Clogs,schools,Primary & Pre-School,23.0333,72.6167,True
Mother Teresa Memorial School,schools,Secondary & High School,23.0333,72.6167,True
SahityaManch,schools,General Educational School,23.0333,72.6167,True
Shagun The Beauty Zone & Academy,schools,General Educational School,23.0333,72.6167,True
Rajnikant Education Hub,schools,General Educational School,23.0333,72.6167,True
Shanti Juniors Preschool Adalaj,schools,Primary & Pre-School,23.0333,72.6167,True
LittleStar Child Care Centre,schools,Primary & Pre-School,23.0333,72.6167,True
Little Paradise Pre-School,schools,Primary & Pre-School,23.0333,72.6167,True
"Dipti Shah's Institute of English, Public Speaking & Self-Development",schools,General Educational School,23.0333,72.6167,True
Shardabaschoolofscience,schools,Secondary & High School,23.0333,72.6167,True
Spotlight The Media Institute,schools,General Educational School,23.0333,72.6167,True
"B.G.T Education""""",schools,General Educational School,23.0333,72.6167,True
Munimji Training & Placement Academy,schools,General Educational School,23.0333,72.6167,True
Komalshahbeautyacademy,schools,General Educational School,23.0333,72.6167,True
Antrix Computer Academy,schools,General Educational School,23.0333,72.6167,True
Ganpat University - Centre for Management Studies and Research,schools,College & University,23.0333,72.6167,True
Mahi Dance Academy,schools,General Educational School,23.0333,72.6167,True
Little Juniors Preschool Tragad,schools,Primary & Pre-School,23.0333,72.6167,True
Spandan yoga school,schools,Secondary & High School,23.0333,72.6167,True
Sanjeevani Foundation Pre Schools,schools,Primary & Pre-School,23.0333,72.6167,True
SMT K N Patel International School,schools,International School,23.0333,72.6167,True
Glory International School,schools,International School,23.0333,72.6167,True
Swaminarayan Hunnarshala-Jewellery classes,schools,Coaching & Entrance Institute,23.0333,72.6167,True
Students Academy,schools,General Educational School,23.0333,72.6167,True
Treehouse School,schools,Secondary & High School,23.0333,72.6167,True
Nrityam - Academy of Bharatanatyam,schools,General Educational School,23.0333,72.6167,True
Variety Academy & Salon,schools,General Educational School,23.03309,72.61689,True
Pravin Uniform,schools,General Educational School,23.03271,72.61788,True
Discovery learning center,schools,General Educational School,23.03235,72.61769,True
Siz computer education,schools,General Educational School,23.03238,72.62088,True
Parvarish Pre School,schools,Primary & Pre-School,23.03229,72.61583,True
H3 Preschool Zundal,schools,Primary & Pre-School,23.0325,72.61591,True
CAD DESK-Ahmedabad,schools,General Educational School,23.03269,72.61511,True
Dhyey Education Institute,schools,General Educational School,23.03284,72.61216,True
Dhanlaxmi Notebook & File Manufacturing Co,schools,General Educational School,23.03056,72.60898,True
ASIAN Higher Secondary School,schools,Secondary & High School,23.03067,72.60567,True
Manappuram Finance,schools,General Educational School,23.03055,72.60618,True
Rangam Education,schools,General Educational School,23.03034,72.60826,True
khalsa school,schools,Secondary & High School,23.02985,72.60455,True
ITI Saraspur,schools,General Educational School,23.02929,72.6044,True
Asian High School,schools,Secondary & High School,23.02995,72.61051,True
Saraspur Municipal Saraswati Mandir School,schools,Secondary & High School,23.02953,72.61222,True
PD Group Tuition,schools,Coaching & Entrance Institute,23.03102,72.61478,True
Sheth CL Hindi Higher Secondary School,schools,Secondary & High School,23.02787,72.61771,True
DIMS Institute Of Hotel Management,schools,General Educational School,23.02664,72.61845,True
Russedu Gujarat,schools,General Educational School,23.02636,72.61154,True
Sarashpur Hindi School/Saraspur public school,schools,Secondary & High School,23.02576,72.61274,True
"Shri Ram vidyalaya, Sanand",schools,Secondary & High School,23.0257,72.60849,True
Sheen Education,schools,General Educational School,23.02691,72.60421,True
J.N. Balika Vidyalaya Saraspur,schools,Secondary & High School,23.02794,72.60783,True
Kailash Vidhyalay,schools,General Educational School,23.02802,72.61004,True
Gannath Primary School,schools,Primary & Pre-School,23.02912,72.60024,True
Government Dental College,schools,College & University,23.02856,72.6004,True
Faizan English School,schools,Secondary & High School,23.02831,72.60276,True
R.H.Kapadianewhighschool,schools,Secondary & High School,23.02778,72.60026,True
Manish Astro Constitution,schools,Coaching & Entrance Institute,23.02778,72.60026,True
Medific Consultancy,schools,General Educational School,23.02778,72.60026,True
L.J Institute of Physiotherapy,schools,General Educational School,23.02785,72.6001,True
Gujarat College Ahmedabad,schools,College & University,23.02785,72.6001,True
Videsh Consultz,schools,General Educational School,23.02785,72.6001,True
Dabhaliya Classes,schools,Coaching & Entrance Institute,23.02785,72.6001,True
Adreamz International,schools,International School,23.02785,72.6001,True
Maruti art classes,schools,Coaching & Entrance Institute,23.02785,72.6001,True
"Nidhi Edutech Engineering , Phonics and Toddler Coaching",schools,College & University,23.02785,72.6001,True
StudyPoint,schools,General Educational School,23.02785,72.6001,True
Dr Shital's Academy,schools,General Educational School,23.02785,72.6001,True
T-Series Stageworks Academy Ahmedabad,schools,General Educational School,23.02785,72.6001,True
Khubsurat_gurukul,schools,General Educational School,23.02785,72.6001,True
Triqos International Institute Ahmedabad,schools,International School,23.02785,72.6001,True
M.g.Science Institute,schools,General Educational School,23.02785,72.6001,True
Ayush Education Consultancy,schools,General Educational School,23.02785,72.6001,True
RK's Karate & Fitness Academy,schools,General Educational School,23.02785,72.6001,True
Richa Mehta Education,schools,General Educational School,23.02785,72.6001,True
Vigyan Education,schools,General Educational School,23.02785,72.6001,True
Tesk Training Consultancy,schools,General Educational School,23.02785,72.6001,True
Shri Radhey salon & Academy,schools,General Educational School,23.02785,72.6001,True
D2 Dance and Fitness Studio,schools,General Educational School,23.02785,72.6001,True
Apollo International School - Paldi,schools,International School,23.02785,72.6001,True
Mangalayatan University Admission And Counselling Centre,schools,College & University,23.02752,72.59796,True
Anjuman School,schools,Secondary & High School,23.02914,72.59488,True
"Dadabhai Naoroji Secondary &  Higher Secondary School, Anand",schools,Secondary & High School,23.02847,72.59306,True
Modern School,schools,Secondary & High School,23.02921,72.59023,True
GB Shah Jyoti High School,schools,Secondary & High School,23.02888,72.58746,True
Govt. Polytechnic Ahmedabad,schools,College & University,23.02868,72.59011,True
Shahji Computer Class,schools,General Educational School,23.02821,72.59044,True
Concept Drivers,schools,College & University,23.02811,72.59017,True
JC Shah Prakash High School,schools,Secondary & High School,23.02816,72.58847,True
Genie Computers,schools,General Educational School,23.028,72.59451,True
Padmavati Chemtech Private Limited,schools,General Educational School,23.02786,72.59386,True
Bajaj Finserv Home Loan Ahmedabad,schools,General Educational School,23.02684,72.59254,True
Kamlesh Stationery Mart,schools,General Educational School,23.02706,72.59141,True
Tutorial High School,schools,Coaching & Entrance Institute,23.02718,72.59215,True
Cadila High School,schools,Secondary & High School,23.0273,72.59161,True
Muniraj Plastic & Stationery,schools,General Educational School,23.02727,72.59149,True
New Education School,schools,Secondary & High School,23.02728,72.58735,True
RH Kapadiya Primary School,schools,Primary & Pre-School,23.02645,72.58729,True
Pir Mohammad Shah Masjid,schools,General Educational School,23.02646,72.58647,True
HB Kapadia College of Education,schools,College & University,23.02623,72.58709,True
The New Middle High School,schools,Secondary & High School,23.02622,72.58688,True
NC Bodiwala and Principal MC Desai Commerce College,schools,College & University,23.02612,72.59154,True
Xcellent Institute,schools,General Educational School,23.027,72.5982,True
Little Angels School,schools,Primary & Pre-School,23.02687,72.59791,True
Government Technology High School,schools,Secondary & High School,23.02666,72.60316,True
Vatsalya Concept School,schools,College & University,23.02548,72.60084,True
The EdLead School,schools,Secondary & High School,23.02513,72.59983,True
Gateforum Ahmedabad,schools,General Educational School,23.02445,72.59697,True
Khadiya AMC School No. 2 Panch Kuva,schools,Secondary & High School,23.02477,72.596,True
Akhandanand Hindi High School,schools,Secondary & High School,23.02512,72.59719,True
The EduKators Academy- Tutoring & Mentorship,schools,Coaching & Entrance Institute,23.0253,72.59781,True
General Traders,schools,General Educational School,23.0249,72.5935,True
Sonal Distributors,schools,General Educational School,23.02487,72.59376,True
Unnati Balmandir,schools,Primary & Pre-School,23.0248,72.59344,True
Patel Scientific Company,schools,General Educational School,23.02477,72.59295,True
Shankar Trading,schools,General Educational School,23.02534,72.59117,True
Bharat Novelties,schools,General Educational School,23.02466,72.58644,True
Divine Publications,schools,General Educational School,23.02443,72.58708,True
"Rajnagar Primary School, Kalupur",schools,Primary & Pre-School,23.02392,72.58955,True
Balgovind Kuberdas and Company,schools,General Educational School,23.02473,72.59137,True
Digambar Jain Dharamshala,schools,Secondary & High School,23.0234,72.59462,True
RB Ranchhodlal Chhotalal Girls High School,schools,Secondary & High School,23.02239,72.59369,True
Computer training institute,schools,General Educational School,23.0223,72.59567,True
Brahmakumaris Ishvariya Vishwa Vidyalaya,schools,Secondary & High School,23.02232,72.5965,True
n.c.bodiwala,schools,General Educational School,23.02264,72.59662,True
Sunni Muslim Wakaf Committee,schools,General Educational School,23.02265,72.59589,True
Viraj global Export import institute,schools,General Educational School,23.02456,72.61972,True
Certified Engineers Computer Academy,schools,General Educational School,23.02226,72.61614,True
Gnan Sagar Primary School,schools,Primary & Pre-School,23.02209,72.61903,True
Rakhial Municipal Urdu Madhyamik Shala,schools,Secondary & High School,23.02282,72.61963,True
Rakhiyal Gujarati School,schools,Secondary & High School,23.02284,72.61959,True
Al-Falah Islamic School,schools,Secondary & High School,23.02229,72.63011,True
Bapunagar Municipal School,schools,Secondary & High School,23.02366,72.6332,True
R. D. Vidhya Vihar - science,schools,General Educational School,23.02387,72.63884,True
PR Educational Zone,schools,General Educational School,23.02404,72.63873,True
Nutan Bharti Vidyalaya,schools,Secondary & High School,23.02474,72.62998,True
Bapunagar Urdu School,schools,Secondary & High School,23.0242,72.62777,True
Aeromatic Engineering Company,schools,General Educational School,23.024,72.62596,True
Paras English Medium High School,schools,Secondary & High School,23.02627,72.62822,True
Bapunagar Municipal School,schools,Secondary & High School,23.02892,72.62327,True
Prerna School Hirawadi,schools,Secondary & High School,23.02842,72.62635,True
Hosanna Mission Secondary and Higher Secondary School,schools,Secondary & High School,23.02779,72.63847,True
Swarnim Institute,schools,General Educational School,23.02739,72.63852,True
Math Tuition Classes Cuemath,schools,Coaching & Entrance Institute,23.02726,72.63776,True
ST John School,schools,Secondary & High School,23.02718,72.63836,True
St Mark's School - Guj Med,schools,Secondary & High School,23.02605,72.63699,True
Sugyan Education Campus,schools,College & University,23.02649,72.64249,True
Ved Group Tuition,schools,Coaching & Entrance Institute,23.02581,72.642,True
Niti Motor Driving School,schools,Secondary & High School,23.02692,72.64541,True
Sprouts World School,schools,International School,23.02707,72.64453,True
Neeti Motor Driving School,schools,Coaching & Entrance Institute,23.02882,72.64157,True
Hosanna Mission High School,schools,Secondary & High School,23.02891,72.64281,True
Hill Brook English School,schools,Secondary & High School,23.02924,72.64401,True
Concept Engineering works,schools,College & University,23.02674,72.64984,True
Nita Engineering,schools,General Educational School,23.02523,72.65603,True
Kaushik Patel Personal Tution,schools,Coaching & Entrance Institute,23.02391,72.65512,True
Sindh Powder Coating,schools,General Educational School,23.02317,72.64406,True
Odhav Gujarati School no.1,schools,Secondary & High School,23.02261,72.6513,True
AmaRose Play Group,schools,Primary & Pre-School,23.02298,72.65601,True
Muthoot Finance Gold Loan,schools,General Educational School,23.02262,72.65386,True
H B Mehta Vallabhnagar High School,schools,Secondary & High School,23.02236,72.65365,True
Natraj Primary School,schools,Primary & Pre-School,23.02231,72.66604,True
જીઆઈ ડીસી ઓઢવ ગુજ શાળા નં-૨,schools,General Educational School,23.02373,72.66121,True
Shree Ambica Vidhyalaya,schools,Secondary & High School,23.02457,72.6599,True
Sugyan Vidhya Vihar Higher Secondary School,schools,Secondary & High School,23.02457,72.65989,True
Dhaval Motor Driving School,schools,Secondary & High School,23.0239,72.66285,True
Tata Capital Housing Finance,schools,General Educational School,23.02417,72.66509,True
Home First Finance Company ( HFFC ),schools,General Educational School,23.02413,72.6651,True
Johnson Pump Pvt. Ltd.,schools,General Educational School,23.02522,72.67332,True
Om chem equipments,schools,General Educational School,23.02389,72.67505,True
Pp compression fittings,schools,General Educational School,23.02379,72.68992,True
Mibon Tuition Classes,schools,Coaching & Entrance Institute,23.02436,72.68487,True
Hudko Prathmik School,schools,Primary & Pre-School,23.02646,72.68679,True
Kathwada Maiz Prathmikshala,schools,Primary & Pre-School,23.02586,72.69141,True
New Gopal Driving School,schools,Secondary & High School,23.02766,72.68941,True
Sunflowers International Preschool,schools,International School,23.02832,72.6762,True
Bright English School,schools,Secondary & High School,23.02832,72.6762,True
Harvard Academy,schools,General Educational School,23.02862,72.66686,True
Guru Govind Cool Care,schools,General Educational School,23.0286,72.66683,True
Aarusi Bridal Studio & Academy,schools,General Educational School,23.02861,72.66882,True
Odhav Garden,schools,General Educational School,23.02864,72.67004,True
Odhav Gujarati School No. 1,schools,Secondary & High School,23.02663,72.66333,True
Sheth R T Sikshan Sankul,schools,General Educational School,23.0263,72.66154,True
Centre For Foundry Education And Research,schools,General Educational School,23.02588,72.65843,True
Maharaja Agrasen Public School,schools,Secondary & High School,23.02832,72.65949,True
sarveshwar sewing classes,schools,Coaching & Entrance Institute,23.02809,72.65951,True
Shree Narayana Guru Vidyalaya,schools,Secondary & High School,23.02887,72.66619,True
NewritEducation,schools,General Educational School,23.02911,72.66426,True
Navrang School,schools,Secondary & High School,23.0292,72.65964,True
Global IT Computer Academy - Best IT Training Institute,schools,General Educational School,23.02962,72.65961,True
Holystar pre school,schools,Primary & Pre-School,23.02958,72.65995,True
St. Paul Public School,schools,Secondary & High School,23.02936,72.66115,True
Saint Mani English School,schools,Secondary & High School,23.03223,72.6578,True
Dolly Consultant,schools,General Educational School,23.03237,72.66188,True
Ganeshalay Radium Number Plate,schools,Secondary & High School,23.03235,72.66195,True
Shree Ambika School of Science,schools,Secondary & High School,23.0326,72.66328,True
SAI Sankalp classes,schools,Coaching & Entrance Institute,23.0316,72.66245,True
Imperial School Of Excellence,schools,Secondary & High School,23.03172,72.67021,True
Aarna Public School,schools,Secondary & High School,23.03184,72.67069,True
Knowledge Academy,schools,General Educational School,23.03238,72.66818,True
Udaan Institute - UIIT Odhav & Nikol,schools,College & University,23.03232,72.67028,True
Bothra classes nikol,schools,Coaching & Entrance Institute,23.03116,72.67365,True
Fablook Beauty Studio & Academy,schools,General Educational School,23.03095,72.67478,True
Ocean Blue Education & Spoken English,schools,General Educational School,23.03006,72.66956,True
Matrukrupa Fabricators,schools,General Educational School,23.03259,72.6845,True
Vishala West Industrial Estate,schools,Secondary & High School,23.03326,72.6782,True
Pratik Sir,schools,General Educational School,23.03447,72.68603,True
Pooja Equipments & Engg,schools,General Educational School,23.03599,72.69303,True
Vihat Hotal & Rastutant Canslting.,schools,General Educational School,23.03575,72.68546,True
UCMAS,schools,General Educational School,23.03632,72.66958,True
Foster Kids Pre-School | Nikol | Ahmedabad,schools,Primary & Pre-School,23.03643,72.66893,True
Pancham Brilliant Academy,schools,General Educational School,23.03503,72.66854,True
Podar Jumbo Kids Nikol,schools,Primary & Pre-School,23.03483,72.66865,True
Delta Institute of Education,schools,General Educational School,23.03496,72.66908,True
Sankalp International School,schools,International School,23.03499,72.67421,True
EuroKids Pre-School Nikol S.P Ring Road,schools,Primary & Pre-School,23.03426,72.67328,True
Vishala Landmark Apartment,schools,Secondary & High School,23.0339,72.67505,True
Vineyard Preschool,schools,Primary & Pre-School,23.03367,72.66032,True
H&H Bridal studio and Academy,schools,General Educational School,23.0337,72.65808,True
Happy Kid'z Preschool - Vaishnodevi,schools,Primary & Pre-School,23.03434,72.64655,True
Vidhyaniketan High School,schools,Secondary & High School,23.03334,72.64235,True
Yamini Primary School,schools,Primary & Pre-School,23.03293,72.65039,True
Gayatri Vidhya Vihar,schools,General Educational School,23.03295,72.65052,True
Perfect Group Tuition,schools,Coaching & Entrance Institute,23.03373,72.64858,True
Careerline Education Foundation,schools,Coaching & Entrance Institute,23.03403,72.65472,True
7th Sky Foreign Education,schools,General Educational School,23.03433,72.65471,True
Hosanna Mission School Guj. Med.,schools,Secondary & High School,23.03253,72.65655,True
The kido star preschool,schools,Primary & Pre-School,23.03253,72.65655,True
Ahmedabad Juniors Nikol,schools,General Educational School,23.03212,72.65424,True
Dwarikesh Hindi Higher secondery School,schools,Secondary & High School,23.03174,72.65455,True
Imperial School Of Excellence,schools,Secondary & High School,23.03185,72.65433,True
Super High School,schools,Secondary & High School,23.03075,72.65684,True
Atulya International School,schools,International School,23.02958,72.65376,True
Cooking Queen Cakes and Classes,schools,Coaching & Entrance Institute,23.02987,72.64868,True
Sweety's Bridal Studio & Academy,schools,General Educational School,23.03057,72.64896,True
Shree Ambika Vidhyalaya,schools,Secondary & High School,23.03019,72.64723,True
EduCare Group Tuition,schools,Coaching & Entrance Institute,23.03034,72.64766,True
Purushottamnagar Gujarati School No. 1,schools,Secondary & High School,23.03185,72.64522,True
Axay High School,schools,Secondary & High School,23.03243,72.63086,True
Paras Primary School,schools,Primary & Pre-School,23.03095,72.63785,True
Shri Jivan Sadhana Higher Secondary School,schools,Secondary & High School,23.03115,72.62502,True
Bapu Nagar School,schools,Secondary & High School,23.03193,72.63021,True
Bapunagar Public School,schools,Secondary & High School,23.032,72.62694,True
Shree Ram Motor Driving School,schools,Secondary & High School,23.0326,72.62207,True
V-Care Group,schools,General Educational School,23.03354,72.62523,True
Western Academy,schools,General Educational School,23.03428,72.6302,True
Yatra English Medium School,schools,Secondary & High School,23.03428,72.6302,True
Shri Shikshan Sadhana Stree Adhyapan Mandir D.EL.ED - PTC College,schools,College & University,23.03428,72.6302,True
Shruti Higher Sec School,schools,Secondary & High School,23.03428,72.6302,True
Patel Dining Hall,schools,General Educational School,23.0332,72.6393,True
Krushna Vidhyalaya,schools,Secondary & High School,23.03352,72.63732,True
Hosanna Mission Higher Secondary School,schools,Secondary & High School,23.0346,72.63074,True
Kinderleaf Preschool Bapunagar,schools,Primary & Pre-School,23.03576,72.62986,True
AB Vidhyalay,schools,General Educational School,23.03537,72.62935,True
Bas Primary School,schools,Primary & Pre-School,23.03525,72.63036,True
Manali Garden Studio,schools,General Educational School,23.03497,72.62995,True
Pratham Paramedical Institute,schools,General Educational School,23.03482,72.63026,True
Raviraj Driving School,schools,Secondary & High School,23.03476,72.63038,True
મારી સાથે વાત કરવી હોય તો લાઈક કરો,schools,General Educational School,23.0348,72.62998,True
Blossom,schools,General Educational School,23.03491,72.62719,True
English Language Training Centre,schools,General Educational School,23.03524,72.62592,True
Bapunagar Gujarati School,schools,Secondary & High School,23.03559,72.62609,True
Shriji English Primary School,schools,Primary & Pre-School,23.03636,72.62619,True
Shreeji Vidhyalay School,schools,Secondary & High School,23.03643,72.62514,True
Axay Vidhyalaya Bapunagar,schools,Secondary & High School,23.03647,72.62602,True
Ahmedabad Education Institute,schools,General Educational School,23.03664,72.62595,True
Muthoot FinCorp Gold Loan,schools,General Educational School,23.03821,72.63031,True
Image Computer Academy,schools,General Educational School,23.03734,72.62666,True
Pride Academy,schools,General Educational School,23.03712,72.6284,True
Divine institute,schools,General Educational School,23.03712,72.6284,True
Pri Suvas Vidhyalay,schools,General Educational School,23.03648,72.63948,True
"Science City ,Ahemdabad",schools,General Educational School,23.03691,72.63696,True
Paradise Group Tuition,schools,Coaching & Entrance Institute,23.03825,72.63596,True
Smart Institute,schools,General Educational School,23.03809,72.63092,True
Roop's Salon & Academy - Nikol,schools,General Educational School,23.03858,72.63272,True
Satyam Computer Education,schools,General Educational School,23.0385,72.63136,True
NCFSE Training Institute Bapunagar,schools,General Educational School,23.03878,72.63113,True
Aptech Computer Education,schools,General Educational School,23.03894,72.63452,True
Dynamic Children Academy,schools,General Educational School,23.03895,72.63457,True
Takshshila Institute,schools,General Educational School,23.03872,72.63501,True
Dreams Immigration,schools,General Educational School,23.0387,72.6348,True
Benchmark Institutes,schools,General Educational School,23.03865,72.63319,True
Gurukul Paramedical College,schools,College & University,23.03865,72.63711,True
Remedy Salon & Academy,schools,General Educational School,23.03886,72.63908,True
MAA Saraswati computer institute,schools,General Educational School,23.03887,72.6387,True
Shama Computer Classes,schools,Coaching & Entrance Institute,23.03909,72.63882,True
DEV NDT Inspection & Engineering,schools,General Educational School,23.03905,72.6386,True
KLF Ninos,schools,General Educational School,23.03906,72.63549,True
Genius Kid Bapunagar,schools,General Educational School,23.0396,72.63594,True
Krishna Academy,schools,General Educational School,23.03934,72.63705,True
Jungle Book Pre School,schools,Primary & Pre-School,23.03922,72.63689,True
Talent Computer,schools,General Educational School,23.03919,72.6389,True
राजकोट,schools,General Educational School,23.03937,72.63951,True
Coding Junior,schools,General Educational School,23.03928,72.63893,True
Naturayog Paramedical and Nursing Council,schools,General Educational School,23.03929,72.63894,True
Arena Animation Bapunagar,schools,General Educational School,23.03946,72.63879,True
SEA Institute of Design,schools,General Educational School,23.03945,72.63895,True
Kidzania Preschool ThakkarBapaNagar,schools,Primary & Pre-School,23.03983,72.6369,True
Shanti Juniors Bapunagar,schools,General Educational School,23.03981,72.63536,True
AR Salon & Academy,schools,General Educational School,23.03982,72.63518,True
Pyramid Overseas Education - Bapunagar,schools,General Educational School,23.03931,72.63097,True
Saraswati Institute,schools,General Educational School,23.03993,72.63055,True
Dalpat's Academy,schools,General Educational School,23.03973,72.63063,True
I-Login Computer Class,schools,General Educational School,23.03969,72.63052,True
Silver Bells High School,schools,Secondary & High School,23.03959,72.62634,True
Vidhyanagar Primary School,schools,Primary & Pre-School,23.03947,72.62727,True
Classic IV The Family Salon & Academy,schools,General Educational School,23.03942,72.63006,True
Safal Academy Police Training Centre,schools,General Educational School,23.03951,72.63036,True
UCMAS Bapunagar,schools,General Educational School,23.03954,72.63031,True
Khushi Computer Education,schools,General Educational School,23.0396,72.63054,True
Sheetalnath Turbo English,schools,General Educational School,23.0396,72.63055,True
G Tec Computer Education,schools,General Educational School,23.03958,72.63059,True
Divine International School,schools,International School,23.03955,72.63058,True
SIZ Overseas Education Consultant,schools,General Educational School,23.03945,72.63028,True
Gurukul Classes & Spoken English,schools,Coaching & Entrance Institute,23.03945,72.6304,True
BrainKlick Technologies,schools,General Educational School,23.03922,72.63024,True
Hi-Tech Institute of Information Technology,schools,General Educational School,23.03897,72.63053,True
BYJU'S Tuition Centre - Bapu Nagar,schools,Coaching & Entrance Institute,23.03887,72.62972,True
Agni Gas Agency,schools,General Educational School,23.03879,72.63067,True
Hosanna Mission High School,schools,Secondary & High School,23.03879,72.63067,True
Active Institute,schools,General Educational School,23.03847,72.62724,True
ATI - Training Institute,schools,General Educational School,23.04032,72.62356,True
Sch Amc North Sardar V Patel Shala Sankul Eng Med,schools,Secondary & High School,23.04184,72.62458,True
Eu Study Hub,schools,General Educational School,23.0432,72.62589,True
Sankalp Career Academy_Bapunagar,schools,Coaching & Entrance Institute,23.04187,72.63122,True
Keyur Joshi Biology,schools,General Educational School,23.04223,72.63108,True
IES Classes,schools,Coaching & Entrance Institute,23.04236,72.63124,True
Shree Balkrishna English School,schools,Secondary & High School,23.04262,72.63151,True
Satsangi Vidhyalaya,schools,Secondary & High School,23.04262,72.63151,True
R G Yadav English Primary School,schools,Primary & Pre-School,23.04281,72.63186,True
Astro Expert,schools,General Educational School,23.0429,72.63194,True
Aireo Immigration and Education Private Limited,schools,General Educational School,23.04363,72.632,True
Rising Kids Preschool,schools,Primary & Pre-School,23.04257,72.6387,True
Edutech Institute,schools,General Educational School,23.04216,72.63902,True
Madhurya Centre,schools,General Educational School,23.04151,72.63748,True
Genius Nikol,schools,General Educational School,23.04122,72.63789,True
Rising Science Zone,schools,General Educational School,23.04121,72.63805,True
Model Basic High School,schools,Secondary & High School,23.04097,72.63548,True
Khalsa Little Flower School,schools,Primary & Pre-School,23.04155,72.6358,True
Vidyanagar Girls School,schools,Secondary & High School,23.04162,72.63588,True
Cherry Beauty Salon and Academy,schools,General Educational School,23.04152,72.63647,True
Accurate Science Institute,schools,General Educational School,23.04174,72.6368,True
Silver Bells School,schools,Secondary & High School,23.04119,72.63124,True
Navneet Institute Ahmedabad,schools,Coaching & Entrance Institute,23.04044,72.6308,True
Ahuja Institute,schools,General Educational School,23.04007,72.63118,True
Satsangi Higher Secondary School,schools,Secondary & High School,23.04014,72.63584,True
Sagar Motor Driving School,schools,Secondary & High School,23.04056,72.64328,True
Veer Computer Classes,schools,Coaching & Entrance Institute,23.04013,72.64297,True
Tiny Tots English School,schools,Secondary & High School,23.04117,72.63993,True
Thakkarbapanagar English School No 1,schools,Secondary & High School,23.04225,72.64336,True
Little Star Higher Secondary School,schools,Primary & Pre-School,23.0426,72.64375,True
Aastha Education Consultant,schools,General Educational School,23.0436,72.64176,True
Takar Bapu Nagar High School,schools,Secondary & High School,23.04282,72.64244,True
Genius School,schools,Secondary & High School,23.04305,72.64417,True
Career Degree/Diploma Engineering,schools,Coaching & Entrance Institute,23.0419,72.64773,True
Ratanaba School,schools,Secondary & High School,23.04301,72.64993,True
Shree Ganesh Vidhyalaya,schools,Secondary & High School,23.04119,72.65382,True
Sanskar Classes,schools,Coaching & Entrance Institute,23.04062,72.65407,True
Aksar Dham Vidhyamandir,schools,General Educational School,23.04088,72.65374,True
Ganesh Campus at Nikol Gam Road,schools,College & University,23.0409,72.65385,True
Doon School of Achievers Nikol,schools,Secondary & High School,23.04061,72.65523,True
R. B. Consultants,schools,General Educational School,23.04055,72.65511,True
Shanti Juniors Viratnagar,schools,General Educational School,23.04087,72.65628,True
Phonomath,schools,General Educational School,23.03953,72.65389,True
Asha Vidyalaya,schools,Secondary & High School,23.0383,72.65061,True
Little Star School,schools,Primary & Pre-School,23.0393,72.65293,True
Brilliant Education classes,schools,Coaching & Entrance Institute,23.04001,72.65199,True
Swami Narayan School,schools,Secondary & High School,23.03926,72.64686,True
Raghuvir Vidhya Vihar,schools,General Educational School,23.03942,72.64424,True
Little Bud Pre-School Raghuvir Campus,schools,College & University,23.03952,72.64417,True
Pruthva tuition classes,schools,Coaching & Entrance Institute,23.03914,72.64379,True
Sv College,schools,College & University,23.03872,72.64306,True
Vip Education Campus,schools,College & University,23.03897,72.64063,True
Edutech Institute,schools,General Educational School,23.03869,72.64119,True
Motherland International School,schools,International School,23.03862,72.64029,True
"Priventvelly School,Bapunagar",schools,Secondary & High School,23.03863,72.64208,True
V.I.P School - NIKOL,schools,Secondary & High School,23.03848,72.64325,True
Vidhyarthi Classes,schools,Coaching & Entrance Institute,23.03824,72.64643,True
Manappuram Finance,schools,General Educational School,23.03813,72.6434,True
Muthoot FinCorp Gold Loan,schools,General Educational School,23.03813,72.64313,True
Little Birds Play School,schools,Primary & Pre-School,23.03815,72.64301,True
EPSON CERTIFIED CHANNEL PARTNER - Softweb Technology,schools,General Educational School,23.03808,72.64376,True
Samarpan Law College,schools,College & University,23.03796,72.64384,True
Saraswati vidhya mandir,schools,General Educational School,23.03653,72.64984,True
James Sikshan School,schools,Secondary & High School,23.0379,72.64888,True
JEMS International School,schools,International School,23.03794,72.64894,True
Shrushti Vidya Vihar,schools,General Educational School,23.0371,72.65404,True
Shakti Vidhyalay High Secondary School,schools,Secondary & High School,23.03655,72.66629,True
MUDRA Computer Education,schools,General Educational School,23.03771,72.65828,True
Panchamrut Institute Of Nursing,schools,General Educational School,23.03942,72.66451,True
Nikita's Overseas Education & Visa Consultants,schools,General Educational School,23.04006,72.67308,True
Panchamrut International Public School,schools,International School,23.03652,72.66985,True
Divine Palm International School,schools,International School,23.03651,72.66985,True
Nexus Visa International,schools,International School,23.03683,72.67217,True
TechPlus Computer world,schools,General Educational School,23.03683,72.67214,True
Krishnam BIO Tech - Nutraceutical Products Manufacturers in India | Multivitamin Tablet Suppliers | Anticancer Drugs,schools,General Educational School,23.03949,72.68512,True
EduBase Academy,schools,General Educational School,23.03834,72.67764,True
Shreeji Academy -Flash English,schools,General Educational School,23.03856,72.67771,True
Sankalp International School - Gujarati,schools,International School,23.03856,72.67771,True
Arena Animation Nikol - Animation Center in Ahmedabad,schools,General Educational School,23.03878,72.67623,True
Learn Capsule,schools,General Educational School,23.03871,72.67632,True
Shree Ram Nursery,schools,Primary & Pre-School,23.03893,72.6765,True
Little Millennium Preschool,schools,Primary & Pre-School,23.03901,72.67573,True
WEA Coaching Center,schools,Coaching & Entrance Institute,23.0393,72.67599,True
Shree Radha Raman Nursery,schools,Primary & Pre-School,23.04072,72.67838,True
GreyAcademy,schools,General Educational School,23.04075,72.67777,True
Marigold English Primary School,schools,Primary & Pre-School,23.04163,72.67896,True
Genius Education Loan Experts,schools,General Educational School,23.04249,72.67925,True
Universe Visa Xpert - Student Visa Consultant Ahmedabad,schools,General Educational School,23.04285,72.67756,True
Quick Immigration Services,schools,General Educational School,23.04281,72.67805,True
Smart activity center,schools,General Educational School,23.04344,72.67709,True
Infra Career Academy,schools,Coaching & Entrance Institute,23.04339,72.67697,True
Sharda Vidhya Mandir,schools,General Educational School,23.04252,72.67039,True
Swami Vivekanand Vidhyalay,schools,General Educational School,23.04211,72.66781,True
"The SDA School, NIKOL",schools,Secondary & High School,23.04191,72.67335,True
Seventh-Day Adventist English High School,schools,Secondary & High School,23.0417,72.67182,True
"ALLEN Institute | Neet-Medical, IIT-JEE & Foundation Coaching Classes in Nikol",schools,College & University,23.04023,72.67309,True
Genius Computer Education,schools,General Educational School,23.04057,72.67275,True
Shree Swaminarayan Gurukul,schools,General Educational School,23.0409,72.67311,True
Concept Castle,schools,College & University,23.04139,72.66394,True
UMA School of Science,schools,Secondary & High School,23.04139,72.66394,True
Big Bridel Studio & academy,schools,General Educational School,23.04105,72.66477,True
VIP Education,schools,General Educational School,23.04105,72.66477,True
Gurukulpreschool,schools,Primary & Pre-School,23.04077,72.66576,True
Success Institute of Antique Mathematics - SIAM,schools,General Educational School,23.04044,72.66527,True
Sangath beats Garba classes,schools,Coaching & Entrance Institute,23.04044,72.66527,True
Matruchhaya School,schools,Secondary & High School,23.04074,72.66066,True
The Lom Institute - Best Multimedia Institute in Ahmedabad,schools,General Educational School,23.04046,72.65837,True
Software Education,schools,General Educational School,23.0405,72.6586,True
Speak Better Foreign Education,schools,General Educational School,23.04068,72.65848,True
Saraswati Vidhya Sankul,schools,General Educational School,23.04059,72.65842,True
Tomar Gas Agency,schools,General Educational School,23.04115,72.65824,True
Sun Flower English School,schools,Secondary & High School,23.04123,72.6591,True
Muthoot Finance Gold Loan,schools,General Educational School,23.04112,72.65864,True
St. Paul English School,schools,Secondary & High School,23.04101,72.66118,True
Pinkandbluekidsindia,schools,Primary & Pre-School,23.04216,72.66246,True
Manappuram Finance,schools,General Educational School,23.04314,72.66117,True
Glory International School,schools,International School,23.0432,72.66082,True
Vedik Gurukulam,schools,General Educational School,23.04309,72.65806,True
વિદ્યા એજ્યુકેશન Vidhya education,schools,General Educational School,23.0439,72.66167,True
Perfect Career Education,schools,Coaching & Entrance Institute,23.0439,72.66167,True
Narayani Public School,schools,Secondary & High School,23.04399,72.66116,True
Chanakya the institute of education,schools,General Educational School,23.04408,72.66274,True
Alpesh Vaghela - Digital Marketing Course,schools,General Educational School,23.04383,72.66617,True
HAPPY HOURS preschool,schools,Primary & Pre-School,23.04497,72.66318,True
H3 Preschool Nava Naroda,schools,Primary & Pre-School,23.04715,72.66004,True
NV Education's,schools,General Educational School,23.04723,72.66349,True
VEER COMPUTER CLASSES - Nikol | Best Computer Classes Near Me | Best Computer Classes in Nikol | 100% job Placements,schools,Coaching & Entrance Institute,23.04627,72.66315,True
Om Motor Driving School,schools,Secondary & High School,23.0458,72.66348,True
Bini's Bridal Studio and Academy,schools,General Educational School,23.04574,72.66349,True
Care 4 education,schools,General Educational School,23.04578,72.6668,True
Tag Enterprise,schools,General Educational School,23.04577,72.66654,True
Red & White Multimedia Education,schools,General Educational School,23.04586,72.66671,True
Turbo English,schools,General Educational School,23.04563,72.67029,True
Deepak Education Academy,schools,General Educational School,23.04632,72.66703,True
Radiant Immigration Services,schools,General Educational School,23.04636,72.66693,True
Taraana - School of Music,schools,Secondary & High School,23.04643,72.66695,True
Dipak School,schools,Secondary & High School,23.04659,72.66644,True
N Art House,schools,General Educational School,23.04655,72.66674,True
Paheel Immigration,schools,General Educational School,23.04652,72.66695,True
A1 Education,schools,General Educational School,23.04648,72.66698,True
Gems Institute of Technology,schools,College & University,23.04701,72.67369,True
Ridhi’s Inner Shine Bridal Studio & Academy,schools,General Educational School,23.04628,72.67371,True
ZICA Ahemdabad Nikol,schools,General Educational School,23.0449,72.67335,True
ISHAN motor driving school NIKOL,schools,Secondary & High School,23.04513,72.66972,True
Chankya classes,schools,Coaching & Entrance Institute,23.04456,72.67332,True
"Physics Wallah Vidyapeeth Coaching Center Nikol | IIT JEE, NEET & Foundation",schools,College & University,23.0438,72.6754,True
"Aakash Institute, Nikol (Ahmedabad)",schools,Coaching & Entrance Institute,23.04377,72.6777,True
Vishala Supreme,schools,Secondary & High School,23.04634,72.68052,True
Dev International,schools,International School,23.04625,72.68057,True
Asthmangal Orchid,schools,General Educational School,23.04674,72.67894,True
VI Patel English School,schools,Secondary & High School,23.04709,72.67679,True
Go Rass Ras Garba Academy,schools,General Educational School,23.04746,72.68106,True
Shanti Juniors Nikol,schools,General Educational School,23.05081,72.67401,True
Shikshapatri Platina,schools,General Educational School,23.05046,72.67399,True
Abhyarthi Career Academy,schools,Coaching & Entrance Institute,23.05033,72.67362,True
TINY TOTS School,schools,Secondary & High School,23.05047,72.67298,True
Nails bhumi studio & academy,schools,General Educational School,23.05053,72.67277,True
Rightway Overseas by Chirag Desai,schools,General Educational School,23.05073,72.67028,True
Toral Education,schools,General Educational School,23.05065,72.66646,True
Zankar Garba Classes,schools,Coaching & Entrance Institute,23.05055,72.66703,True
VCEC Computer Institute,schools,General Educational School,23.05056,72.66656,True
MJ Academy of Music,schools,General Educational School,23.05045,72.66739,True
Khatri Education Centre,schools,General Educational School,23.05054,72.66755,True
Sahiyar Ras Garba,schools,General Educational School,23.05021,72.66722,True
Palak Aerobics,schools,General Educational School,23.05012,72.66733,True
Kidzee-Nikol,schools,General Educational School,23.05007,72.66732,True
Hi Fi Design Institute - Government Fashion & Interior Design Courses | Fashion Show,schools,General Educational School,23.04997,72.66756,True
Sahjanand institute,schools,General Educational School,23.04999,72.66758,True
Rameshwar Motor Driving School,schools,Secondary & High School,23.05034,72.66973,True
happysteppreschool,schools,Primary & Pre-School,23.04973,72.67055,True
Pelican Spoken English and English Medium,schools,General Educational School,23.04968,72.67012,True
Disha Beauty Saloon & Academy,schools,General Educational School,23.04992,72.66738,True
TMV Mailisa,schools,General Educational School,23.04991,72.66752,True
3D CAD Institute,schools,General Educational School,23.04988,72.6671,True
Shivshruti Classes,schools,Coaching & Entrance Institute,23.04984,72.66679,True
Shotokan Karate and Yoga Academy,schools,General Educational School,23.04977,72.66718,True
Ahuja'S Overseas,schools,General Educational School,23.04977,72.66718,True
DreamZone Academy,schools,General Educational School,23.0498,72.66707,True
Indian Computer Education Institute,schools,General Educational School,23.04983,72.66715,True
Blossom Spoken English,schools,General Educational School,23.0497,72.66771,True
Kartik Academy,schools,General Educational School,23.04925,72.66653,True
Madhavi's British Academy,schools,International School,23.0495,72.67004,True
Hytech Education Nikol - Best Student Visa / Educational Consultant in Nikol,schools,General Educational School,23.04942,72.6705,True
Creative Design & Multimedia Institute | Web Development Institute | Web Design Institute| Mobile App Development Institute,schools,General Educational School,23.04945,72.67033,True
ઉમા વિધાલય - નિકોલ,schools,General Educational School,23.04987,72.67096,True
Glory International School,schools,International School,23.04987,72.67096,True
Ahmedabad Export Import Management,schools,General Educational School,23.04994,72.67096,True
"SBK - Nikol , Best Institute For Abacus & Phonics",schools,General Educational School,23.04991,72.67103,True
Gurukrupa Eduloans,schools,General Educational School,23.04988,72.6725,True
Kashtbhanjan Driving School,schools,Secondary & High School,23.04972,72.67254,True
BYJU'S Tuition Centre - Nikol,schools,Coaching & Entrance Institute,23.0481,72.67301,True
Javahar Navoday Tuition Nikol,schools,Coaching & Entrance Institute,23.0483,72.66678,True
Baby World Pre School & Day Care,schools,Primary & Pre-School,23.04841,72.66725,True
Aaryabhatt International Academy,schools,International School,23.04883,72.66683,True
Uma Vidhyalay,schools,General Educational School,23.04751,72.66362,True
Shree Krishna Vidyalaya,schools,Secondary & High School,23.04772,72.66217,True
Shree Agrasen Shikshan Sankul,schools,Secondary & High School,23.04977,72.65776,True
South International School N,schools,International School,23.04981,72.66425,True
VI PATEL English School,schools,Secondary & High School,23.05077,72.66328,True
Chanakya Higher Secondary School,schools,Secondary & High School,23.05077,72.66342,True
Roop's Salon & Academy - Nikol,schools,General Educational School,23.05046,72.6641,True
Shakti Vidyalaya,schools,Secondary & High School,23.05031,72.6536,True
Babylawn Play School,schools,Primary & Pre-School,23.04971,72.65705,True
"Shivaji Chowk, Ahmedabad",schools,General Educational School,23.04986,72.65337,True
Toppers Coaching Center,schools,Coaching & Entrance Institute,23.05039,72.65058,True
Maniba Shikshan Sankul,schools,Secondary & High School,23.05054,72.65053,True
Vision Career Solutions,schools,Coaching & Entrance Institute,23.05058,72.64968,True
Manav Dance Academy,schools,General Educational School,23.05063,72.64959,True
Rightway Technologies,schools,General Educational School,23.05049,72.64913,True
Piyuraj vidhyalay,schools,General Educational School,23.05074,72.64873,True
Little Bud Pre school- Sardar chowk,schools,Primary & Pre-School,23.05082,72.64908,True
Ankur Vidyalaya,schools,Secondary & High School,23.05058,72.64812,True
BABY WORLD,schools,Primary & Pre-School,23.05033,72.64454,True
Jay umiya school,schools,Secondary & High School,23.05062,72.64629,True
Udgam Vidyamandir,schools,Secondary & High School,23.05072,72.64575,True
Angel Junior International Preschool,schools,International School,23.05075,72.64409,True
Gurukul Group Tuition,schools,Coaching & Entrance Institute,23.04924,72.64049,True
Akshar Vidyavihar Girls School,schools,Secondary & High School,23.04843,72.64176,True
Sardar Patel Vidhyalay,schools,General Educational School,23.04793,72.63995,True
Dharti Vidhyalay,schools,General Educational School,23.04676,72.65706,True
Dhaval Bhanshali,schools,General Educational School,23.04657,72.6572,True
Jayesh Educational High School,schools,Secondary & High School,23.04449,72.65281,True
Yogi Tablet Coating,schools,General Educational School,23.0444,72.63993,True
R B Institute Of Management Studies,schools,College & University,23.04531,72.64039,True
Kyonix Taekwondo academy,schools,General Educational School,23.04607,72.64067,True
Het Consultancy,schools,General Educational School,23.04623,72.64015,True
Krutika Vidhyalaya,schools,Secondary & High School,23.04579,72.64753,True
CP Patel Fellowship High School,schools,Secondary & High School,23.04688,72.64081,True
Raghunath Hindi Higher Secondry School,schools,Secondary & High School,23.04561,72.63212,True
Heritage Public School,schools,Secondary & High School,23.04612,72.63857,True
bhagwati Vidhyalaya,schools,Secondary & High School,23.04595,72.63859,True
Noor Beauty Care & Academy,schools,General Educational School,23.04368,72.63567,True
Nice World Play School,schools,Secondary & High School,23.04738,72.63815,True
Raghunath School,schools,Secondary & High School,23.04798,72.63643,True
Prerna vidyalaya Ahmedabad,schools,Secondary & High School,23.04876,72.63469,True
Platinum Residency,schools,General Educational School,23.04863,72.63475,True
Saarthi - Center for Training & Development,schools,General Educational School,23.04962,72.63315,True
Disha Computer Institute Bapunagar Branch,schools,General Educational School,23.04999,72.63223,True
Laxya Defence Academy,schools,General Educational School,23.04999,72.63223,True
"Parin public school,Ahmedabad",schools,Secondary & High School,23.05073,72.62092,True
Uma Primary School,schools,Primary & Pre-School,23.05075,72.61836,True
Army Preprimary School,schools,Primary & Pre-School,23.05065,72.61609,True
Laxmi Communication & CSC Center,schools,General Educational School,23.0476,72.61538,True
Asarva Muni Saraswati Mandir Sch-19,schools,General Educational School,23.04822,72.61636,True
Asarwa Hindi 08,schools,General Educational School,23.04855,72.6164,True
Institute of Kidney Diseases and Research Centre,schools,General Educational School,23.04752,72.60999,True
Forum Primary School,schools,Primary & Pre-School,23.0474,72.60518,True
Swastik Vidyalaya,schools,Secondary & High School,23.04888,72.60522,True
Smt. S. N. Patel B.Ed College,schools,College & University,23.04886,72.60552,True
Shahibaug prathmik shala,schools,Primary & Pre-School,23.04864,72.60594,True
Gujarat Institute of Nursing Education and Research Parking Area,schools,General Educational School,23.04985,72.60669,True
Government Prosthetics and Orthotics College,schools,College & University,23.0499,72.60823,True
Wankhede Taekwondo Academy,schools,General Educational School,23.0491,72.60746,True
Gujarat Cancer and Research Institute,schools,General Educational School,23.05058,72.60718,True
Government Dental College and Hospital,schools,College & University,23.05016,72.60476,True
College Of Nursing,schools,College & University,23.05062,72.60102,True
Institute of Kidney Disease and Research Centre,schools,General Educational School,23.0504,72.60153,True
Gujarat University of Transplantation Sciences,schools,College & University,23.05016,72.60179,True
Jahangirpuaa Municipal Sarswati Mandir School No-1,schools,Secondary & High School,23.04918,72.60267,True
Jahangirpura Primary School,schools,Primary & Pre-School,23.04914,72.60269,True
Shree Hari Om Classes,schools,Coaching & Entrance Institute,23.0498,72.59887,True
concept_creator,schools,College & University,23.0507,72.59411,True
Shahibaugh Gyanshala,schools,Secondary & High School,23.0507,72.59411,True
Cuemath,schools,General Educational School,23.05062,72.59205,True
Jay Ambe Flower,schools,General Educational School,23.05027,72.59002,True
Worldkids,schools,Primary & Pre-School,23.04979,72.58982,True
Shree Pragnadeep Group & Personal Tuition,schools,Coaching & Entrance Institute,23.04978,72.59006,True
Hirababbabcacollege,schools,College & University,23.04892,72.59297,True
Kids Carmel PreSchool,schools,Primary & Pre-School,23.04799,72.58947,True
Prayosha Immigration,schools,General Educational School,23.04799,72.58947,True
Dv Nachlee,schools,General Educational School,23.04775,72.5903,True
Parag Infant School,schools,Secondary & High School,23.04752,72.5978,True
KSMM Primary School,schools,Primary & Pre-School,23.04771,72.59726,True
Happy Kids Preschool,schools,Primary & Pre-School,23.04804,72.59603,True
Alpesh Nursery,schools,Primary & Pre-School,23.04862,72.59538,True
Institute of Kidney Diseases and Research Centre & ITS,schools,General Educational School,23.04692,72.60315,True
Gyanbharti Hindi High School,schools,Secondary & High School,23.04632,72.59663,True
Pharma Knowledge Centre,schools,General Educational School,23.04641,72.59645,True
Math Tuition Classes Cuemath,schools,Coaching & Entrance Institute,23.04677,72.58998,True
Rajasthan Hindi High School,schools,Secondary & High School,23.04637,72.59016,True
Shree Sahjanand Gurukul,schools,General Educational School,23.04415,72.59844,True
Vishwa Vidyalaya High School,schools,Secondary & High School,23.04505,72.6013,True
Kothari Nclex Academy,schools,General Educational School,23.04436,72.60475,True
Asarwa Hindi Shala No. 09,schools,Secondary & High School,23.04366,72.6066,True
P J High School,schools,Secondary & High School,23.04518,72.60731,True
"Gandhi Vidhyalaya,Asarwa,Ahmedabad",schools,Secondary & High School,23.0449,72.60722,True
Asarwa Vidhyalaya,schools,Secondary & High School,23.04463,72.60538,True
Bal Bharti Vidhyamandir,schools,General Educational School,23.04548,72.60825,True
Lakshya Computer Education,schools,General Educational School,23.04592,72.60737,True
EIACP NIOH,schools,General Educational School,23.0457,72.61002,True
"Laxmi Notebook, Manoj",schools,General Educational School,23.0457,72.61002,True
M.N. Education,schools,General Educational School,23.04549,72.6089,True
Frameboxx Ahmedabad Premium Academy For Animation and Vfx Programme in Gujarat,schools,General Educational School,23.04559,72.60978,True
"Dr.BR Ambedkar Institute | Paramedical Institute , Paramedical Courses",schools,General Educational School,23.0454,72.61978,True
Prakash Motor Driving School,schools,Secondary & High School,23.04194,72.61243,True
RISE Institute,schools,General Educational School,23.03889,72.61343,True
"GCS Medical College, Hospital & Research Centre",schools,College & University,23.03819,72.61016,True
GCS Healthcare Academy,schools,General Educational School,23.03919,72.61073,True
"Sankanur Institute of Nursing Sciences,Gadag",schools,General Educational School,23.03998,72.61043,True
Gandhi Vidyalay,schools,General Educational School,23.03961,72.60331,True
"EuroKids Preschool at Kubernagar, Best Kindergarten",schools,Primary & Pre-School,23.03751,72.59186,True
Oriental higher secondary school,schools,Secondary & High School,23.03683,72.58801,True
Government Technical High School,schools,Secondary & High School,23.03677,72.58776,True
Vimal Oil & Foods,schools,General Educational School,23.0398,72.5896,True
Tha H B Kapadiya Prathmik Shala,schools,Primary & Pre-School,23.04049,72.58794,True
Ucd Computer Education,schools,General Educational School,23.04099,72.59256,True
Bardolpura School No. 1,schools,Secondary & High School,23.04106,72.59247,True
Amarpura Hindi School No 1,schools,Secondary & High School,23.04044,72.59163,True
Parker Bath Concept,schools,College & University,23.04208,72.60155,True
Saumya Education Centre,schools,General Educational School,23.04307,72.6011,True
Sharing Formulations Pvt Ltd,schools,General Educational School,23.04317,72.601,True
SGA Education Institute,schools,General Educational School,23.04297,72.58984,True
Scholar's Den,schools,General Educational School,23.04308,72.58991,True
Cambridge Education Pvt Ltd,schools,International School,23.04314,72.58944,True
CSD Computer Education,schools,General Educational School,23.04312,72.58905,True
Avalon Pest Control Services,schools,General Educational School,23.04306,72.58468,True
Department of Journalism and Mass Communication,schools,General Educational School,23.0428,72.56916,True
The Wing Chun Club - Kung Fu,schools,General Educational School,23.0424,72.57065,True
Vita Spoken English,schools,General Educational School,23.04235,72.56921,True
Dams Gujarat,schools,General Educational School,23.04172,72.56974,True
Pearleducation,schools,General Educational School,23.04172,72.56974,True
Dotlink Training Academy,schools,General Educational School,23.04172,72.56974,True
Air Concept,schools,College & University,23.04157,72.56973,True
Elevator institute of technology,schools,College & University,23.04114,72.56987,True
Canteen In Gujarat Vidyapith,schools,College & University,23.0406,72.56937,True
Kesar Sal Medical College,schools,College & University,23.04073,72.57038,True
Gnanyagna Girls High School,schools,Secondary & High School,23.04115,72.57952,True
Akhandanand School,schools,Secondary & High School,23.04022,72.58287,True
Koncept Print,schools,College & University,23.03943,72.58592,True
K T Desai Higher Secondary School,schools,Secondary & High School,23.03917,72.58447,True
Nihar Institute,schools,General Educational School,23.03954,72.58316,True
SMY Shahpur Tutorial High School,schools,Coaching & Entrance Institute,23.0398,72.57861,True
Title display system pvt ltd,schools,General Educational School,23.03967,72.57885,True
Kagzi School,schools,Secondary & High School,23.0367,72.58086,True
Vip International School,schools,International School,23.03758,72.57691,True
All India Institute of Local Self Government,schools,General Educational School,23.0375,72.57704,True
Safal Bal Vidyavihar,schools,General Educational School,23.03672,72.57623,True
Sheth Bhavans College of Science - Ahmedabad,schools,College & University,23.0367,72.5766,True
Bhavan's Sheth R.A. College of Arts and Commerce,schools,College & University,23.03652,72.57666,True
Cultural Academy and Centre for Arts,schools,General Educational School,23.03657,72.57648,True
Mobipower Institute Of Mobile Technology’s,schools,General Educational School,23.03684,72.56905,True
Gyanjyot Institute,schools,General Educational School,23.03684,72.56904,True
Alpha School,schools,Secondary & High School,23.03719,72.57041,True
Prayogshala,schools,Secondary & High School,23.0372,72.57008,True
Aptech  - C.G.Road Center,schools,General Educational School,23.03743,72.56821,True
Swastik School Sindoor Branch,schools,Secondary & High School,23.03743,72.56821,True
SID Research Cell,schools,General Educational School,23.03743,72.56821,True
Purple Dental Academy For Abroad Dentistry,schools,General Educational School,23.03743,72.56821,True
A One Xaviers School,schools,Secondary & High School,23.03742,72.56878,True
Gls commerce college,schools,College & University,23.03744,72.56881,True
ICA Edu Skills,schools,General Educational School,23.0381,72.56996,True
Navya Educations,schools,General Educational School,23.03792,72.5686,True
Liberty Career Academy,schools,Coaching & Entrance Institute,23.03835,72.56853,True
Prime Ceramics,schools,General Educational School,23.03829,72.5694,True
Gujarat Ceramica,schools,College & University,23.03837,72.56954,True
Geo Chem,schools,General Educational School,23.03847,72.56986,True
Liberty Academy- NEET / JEE / Foundation / Std.6-12,schools,Coaching & Entrance Institute,23.03879,72.56866,True
Institute of Account and Taxation Training,schools,General Educational School,23.03951,72.57087,True
Sai institute,schools,General Educational School,23.03999,72.56946,True
Sameer Computer Graphics,schools,General Educational School,23.03998,72.56952,True
Kids Age Preschool,schools,Primary & Pre-School,23.04004,72.56901,True
iiiEM - International Institute of Import & Export Management,schools,International School,23.03999,72.56765,True
Research & Development Computer Institute,schools,General Educational School,23.03986,72.56623,True
Jack and Jill Play Group,schools,Primary & Pre-School,23.03956,72.56596,True
Hilton Garden Inn Richmond Downtown,schools,General Educational School,23.03958,72.56602,True
Best Kindergarten School,schools,Primary & Pre-School,23.03957,72.56592,True
Gurukrupa Poly Plast,schools,General Educational School,23.03951,72.56585,True
Adarsh High School,schools,Secondary & High School,23.03952,72.56586,True
Little Millennium Preschool and Daycare,schools,Primary & Pre-School,23.03999,72.56514,True
Khatoon-e-Pakistan Girls College Karachi,schools,College & University,23.03976,72.56325,True
CollegeBol.com,schools,College & University,23.03972,72.56353,True
Classic fitness academy Ahmedabad,schools,General Educational School,23.03989,72.56057,True
Ld.arts.college,schools,College & University,23.03989,72.56057,True
Oilpixel Art Private Limited,schools,General Educational School,23.04001,72.55939,True
PHP Training,schools,General Educational School,23.03982,72.56015,True
Stad Solutions,schools,General Educational School,23.0398,72.56049,True
Shivasya Education,schools,General Educational School,23.03979,72.56059,True
GMCI Private Limited,schools,General Educational School,23.03894,72.56357,True
Amratpal a Vision,schools,General Educational School,23.03891,72.56351,True
SNDJ Consultants Pvt Ltd,schools,General Educational School,23.03879,72.56191,True
Tech Skill - Manual QA Training Center in Ghatlodia,schools,General Educational School,23.03881,72.56174,True
Career Launcher-Ahmedabad,schools,Coaching & Entrance Institute,23.03869,72.55972,True
Web Designing Ahmedabad,schools,General Educational School,23.03851,72.55945,True
Chaudhary Film School,schools,Secondary & High School,23.03853,72.5623,True
ExcelPTP - A Professional Training Program,schools,General Educational School,23.03848,72.56484,True
Parul University Ahmedabad Office,schools,College & University,23.03909,72.56379,True
Logiveda,schools,General Educational School,23.03867,72.56785,True
Merge Institute of Finance and Placement,schools,General Educational School,23.03865,72.56783,True
Aequitas Information Technology Pvt Ltd,schools,General Educational School,23.03862,72.5672,True
HK School of Foreign Languages,schools,Secondary & High School,23.03806,72.56498,True
NAEMD Ahmedabad | Best Event Management Courses | Event Management Institute,schools,General Educational School,23.03745,72.56398,True
X-Factor Multiservices Private Limited,schools,General Educational School,23.03745,72.56398,True
Toddler`s Den,schools,Primary & Pre-School,23.0375,72.56641,True
Developers Academy,schools,General Educational School,23.03757,72.56798,True
Career Makers Education,schools,Coaching & Entrance Institute,23.03722,72.56792,True
SEWA Manager Ni School,schools,Secondary & High School,23.03679,72.5673,True
Ellis Bridge Gujarati Shala,schools,Secondary & High School,23.03686,72.56519,True
Gujarat University Convention and Exhibition Centre,schools,College & University,23.0373,72.56542,True
Somlalit college of commerce,schools,College & University,23.03703,72.56204,True
B K School of Business Management,schools,College & University,23.03703,72.56204,True
The V IAS Institute,schools,General Educational School,23.03703,72.56204,True
"Government Polytechnic for Girls, Ahmedabad",schools,College & University,23.03703,72.56204,True
Achievers Institute,schools,General Educational School,23.03647,72.56186,True
Aditya International Co.,schools,International School,23.03678,72.56158,True
Navrangpura Centre,schools,General Educational School,23.03689,72.56208,True
"CEPT Archives: for Architecture, Planning & Design in India",schools,College & University,23.03688,72.56201,True
ŠIms Edu Care.,schools,General Educational School,23.03682,72.56107,True
Dams Gujarat New,schools,General Educational School,23.03672,72.56077,True
Novus Concepts Stretch Ceilings Ahmedabad,schools,College & University,23.03655,72.56108,True
Feo Tutors,schools,Coaching & Entrance Institute,23.03655,72.56113,True
Adani Institute Of Infrastructure Management,schools,General Educational School,23.03655,72.56045,True
Vagmi career consultancy pvt ltd,schools,Coaching & Entrance Institute,23.03667,72.56089,True
REGex Software | Best IT PLACEMENT GUARANTEE PROGRAM | Summer Internship | MERN stack | AI GenAI ML | Java Fullstack | Cloud,schools,General Educational School,23.03668,72.5603,True
ADI - The Design College,schools,College & University,23.0367,72.56031,True
Worldlink Visa Tirath N Pandya,schools,General Educational School,23.03673,72.56012,True
Tandav Academy,schools,General Educational School,23.03706,72.55942,True
AD Living,schools,General Educational School,23.03716,72.56127,True
Comma Foreign Education Consultancy,schools,General Educational School,23.03728,72.56056,True
Srushti Shah's Dance Academy,schools,General Educational School,23.03716,72.56012,True
Gateflix,schools,General Educational School,23.03719,72.55981,True
VR Beauty Academy,schools,General Educational School,23.03755,72.56145,True
Option Abroad,schools,General Educational School,23.03742,72.56144,True
Life Is Beautiful,schools,General Educational School,23.03745,72.56236,True
CA CS Coaching Rankers Choice,schools,Coaching & Entrance Institute,23.03745,72.56353,True
Lilavati Institute,schools,General Educational School,23.03768,72.5621,True
GJTCI Jewellery Designing Institute,schools,General Educational School,23.03767,72.56159,True
QSpiders JSpiders Ahmedabad,schools,General Educational School,23.03805,72.56237,True
United Study Abroad,schools,General Educational School,23.03816,72.56149,True
Inovet Consultant,schools,General Educational School,23.03817,72.56053,True
4Nations International,schools,International School,23.03821,72.55834,True
Kristal Film and Drama Academy,schools,General Educational School,23.03815,72.55836,True
Fillip Lingua,schools,General Educational School,23.03807,72.55843,True
Reliable Classes,schools,Coaching & Entrance Institute,23.03798,72.55847,True
WEATHERTUFF,schools,General Educational School,23.0379,72.55789,True
A. G. Teacher's School,schools,Secondary & High School,23.03781,72.55808,True
Zo Rooms Navrangpura Commerce College,schools,College & University,23.03796,72.55552,True
Vora Educational Institute Private Limited,schools,General Educational School,23.03752,72.55787,True
Ambition Overseas,schools,General Educational School,23.0375,72.55714,True
Aspire Consultants,schools,General Educational School,23.03767,72.55826,True
H. L. College Alumni Association - Authentic Information,schools,College & University,23.03712,72.55525,True
H L Institute of Commerce,schools,General Educational School,23.03719,72.55534,True
"H.L Commerce College,Navrangpura,Ahmedabad",schools,College & University,23.03727,72.5553,True
Centre for Heritage Management,schools,General Educational School,23.03702,72.55452,True
H.L Centre for Professional education,schools,General Educational School,23.03703,72.55473,True
ISRA University Islamabad,schools,College & University,23.03681,72.55224,True
Ahmedabad University,schools,College & University,23.03799,72.55443,True
Ahmedabad University Bookstore,schools,College & University,23.03843,72.55193,True
CEPT Khau Galli - Ahmedabad,schools,College & University,23.03895,72.55254,True
Alumni Association of School of Computer Studies - Aesics/hlica,schools,Secondary & High School,23.03886,72.55315,True
K. H. Modi Kindergarten,schools,Primary & Pre-School,23.03895,72.55268,True
H. L. Institute of Computer Applications,schools,General Educational School,23.03901,72.5529,True
A.G Teachers College,schools,College & University,23.03901,72.55333,True
AG High School,schools,Secondary & High School,23.03912,72.55399,True
VDIEC Global Connect Pvt Ltd - Ahmedabad,schools,General Educational School,23.03878,72.55455,True
BK Majumdar Institute of Management,schools,College & University,23.03864,72.55551,True
Postgraduate Institute of Management,schools,College & University,23.03864,72.556,True
Gill SIR,schools,General Educational School,23.03894,72.55495,True
Skilliq,schools,General Educational School,23.03894,72.55495,True
SP Study Planner,schools,General Educational School,23.03992,72.55807,True
KC Overseas Education Ahmedabad (Navrangpura),schools,General Educational School,23.03986,72.55501,True
Golden Life Managemnt,schools,General Educational School,23.03997,72.55557,True
Chulhe Ka Dosa (Nehaben Hl. Cept),schools,College & University,23.04005,72.55507,True
Expert Education India,schools,General Educational School,23.04,72.55461,True
InterestShip - an opportunity network,schools,General Educational School,23.03988,72.55323,True
SH Kharawala AG and LD Primary School,schools,Primary & Pre-School,23.03947,72.55217,True
Ag High School-Main Entrance,schools,Secondary & High School,23.0395,72.55081,True
Department of biochemistry and forensic science - Gujarat University,schools,College & University,23.03966,72.55055,True
NationWide Overseas Education,schools,General Educational School,23.04028,72.55402,True
Shreedhar International Student Visa Consultant,schools,International School,23.04026,72.55411,True
Mahendras Ahmedabad Branch,schools,General Educational School,23.04037,72.55413,True
Keystone Universe of Education,schools,General Educational School,23.04047,72.55402,True
TIME - Ahmedabad & Gandhinagar,schools,General Educational School,23.04075,72.55248,True
Upmark,schools,General Educational School,23.04106,72.55219,True
Exxtra Institute for English and Personality Development Classes,schools,Coaching & Entrance Institute,23.04105,72.5522,True
A.G.High School And G.D.Parikh Higher Secondary School,schools,Secondary & High School,23.04109,72.55253,True
Education Exclusive,schools,General Educational School,23.04111,72.55191,True
H L College Ahmedabad Official,schools,College & University,23.04137,72.55222,True
Focus Lingua Translation Agency,schools,General Educational School,23.04163,72.55177,True
KIDS AGE,schools,Primary & Pre-School,23.04142,72.55203,True
GLOBALWIDE CAREER CONSULTANT LLP - Best Visa Consultant  | Best Immigration Consultant,schools,Coaching & Entrance Institute,23.04021,72.55786,True
Logic 101 | Rubik's Cube Training Classes | Rubik's Cube Courses,schools,Coaching & Entrance Institute,23.04046,72.55771,True
Futurz Xplored,schools,General Educational School,23.04008,72.56132,True
The Swastik Learning Center,schools,General Educational School,23.04076,72.56154,True
Indian Institute of Jewellery Design,schools,General Educational School,23.0409,72.56323,True
Sardar Patel Stadium Vyayam Shala,schools,Secondary & High School,23.04011,72.56471,True
R A J Consultants,schools,General Educational School,23.04124,72.56776,True
N Plus One It Solution,schools,General Educational School,23.04173,72.56767,True
Wonder Institute of Mobile Technology,schools,General Educational School,23.0418,72.56726,True
Baby 'n' Me Parent Toddler Program - Navrangpura,schools,Primary & Pre-School,23.04101,72.56132,True
Som Lalit School,schools,Secondary & High School,23.04217,72.56001,True
Bhatia Export Import Training and Consultant,schools,General Educational School,23.04195,72.5669,True
Bhanase Finsera,schools,General Educational School,23.04192,72.56794,True
Crystal Academy,schools,General Educational School,23.0424,72.56813,True
"PD Gurukul Ahmedabad – IAS Coaching, GPSC Coaching and UPSC Coaching",schools,Coaching & Entrance Institute,23.04248,72.56816,True
Discover Overseas Education,schools,General Educational School,23.04278,72.56772,True
H K School of Foreign Languages,schools,Secondary & High School,23.0434,72.56188,True
J K Shah Classes,schools,Coaching & Entrance Institute,23.04305,72.56222,True
School of Robotics,schools,Secondary & High School,23.04216,72.55855,True
Kids Paradise,schools,Primary & Pre-School,23.04209,72.55742,True
Boson Academy,schools,General Educational School,23.04222,72.55035,True
Global Marconis Institute,schools,General Educational School,23.04231,72.55041,True
Mba Chaiwala,schools,General Educational School,23.04393,72.55871,True
NB Visa World,schools,General Educational School,23.04453,72.55494,True
Fenil Institute,schools,General Educational School,23.04515,72.55893,True
Jyot Academy,schools,General Educational School,23.04522,72.55923,True
Aadhar Education,schools,General Educational School,23.04501,72.5532,True
The Urban College,schools,College & University,23.04486,72.55154,True
Zazziee Dancing Hall,schools,General Educational School,23.04521,72.55114,True
Little millennium Navrangpura Preschool,schools,Primary & Pre-School,23.04516,72.55223,True
Kaprisan Overseas Nvp,schools,General Educational School,23.04543,72.55074,True
Lifeok Film & Tv acting academy,schools,General Educational School,23.04547,72.55097,True
R K Academy of Excellence,schools,General Educational School,23.04585,72.55233,True
Arkin Art Classes,schools,Coaching & Entrance Institute,23.04551,72.55162,True
Maxcess Digital Marketing Institute,schools,General Educational School,23.04553,72.552,True
Calculus: A Science Academy,schools,General Educational School,23.04553,72.55201,True
Accolade Global Pathways,schools,General Educational School,23.04554,72.55201,True
Dhaval sir (Vibrant education academy ),schools,General Educational School,23.04554,72.55201,True
AEMS,schools,General Educational School,23.04556,72.55207,True
Magnitude Civil Services Institute,schools,General Educational School,23.04556,72.5522,True
Swagat Children Library,schools,General Educational School,23.04583,72.55321,True
Podar Jumbo Kids - Darpan Cross Rd,schools,Primary & Pre-School,23.0463,72.55455,True
Kre8 Unisex Salon and Academy,schools,General Educational School,23.04706,72.55633,True
Ignited_Minds,schools,General Educational School,23.04688,72.55616,True
Navkar Institute for Ca,schools,General Educational School,23.04702,72.55731,True
Santosh Starch Products Limited Registered Office,schools,General Educational School,23.04724,72.55844,True
Shishu Child Development And Early Intervention Centre,schools,Primary & Pre-School,23.04643,72.55819,True
Anoora -  Learning Center For Special Kids,schools,Primary & Pre-School,23.04562,72.55511,True
"ALLEN Institute | Neet-Medical, IIT-JEE & Foundation Coaching Classes in Naranpura",schools,College & University,23.04602,72.56171,True
Institute for Financial Management and Research,schools,General Educational School,23.04623,72.56198,True
SS Makeover Studio And Academy,schools,General Educational School,23.04697,72.56296,True
Paramarsh,schools,General Educational School,23.04715,72.56509,True
Shri Vidyanagar English Medium School,schools,Secondary & High School,23.04662,72.56748,True
Gujarat Vidyapith,schools,College & University,23.0456,72.56544,True
Ashram Vinay Mandir,schools,General Educational School,23.04515,72.56759,True
Careerline Education Foundation,schools,Coaching & Entrance Institute,23.04483,72.56204,True
Uciiplr  UC  International Institute of Professional Learning & Research,schools,International School,23.04432,72.56025,True
C U Shah Commerce College,schools,College & University,23.04377,72.56926,True
Smt. S.R. Mehta Arts College,schools,College & University,23.0441,72.5704,True
Navgujarat College of Computer Applications,schools,College & University,23.04418,72.57081,True
Prin MC Shah Commerce College,schools,College & University,23.04419,72.57056,True
Six Sense Skill Development,schools,General Educational School,23.04451,72.57034,True
NEXUS Learning Institute,schools,General Educational School,23.04439,72.57022,True
Miet,schools,General Educational School,23.04435,72.57021,True
Competitive Careers Pvt Ltd: Overseas Education Consultant for Study Abroad,schools,Coaching & Entrance Institute,23.04435,72.57016,True
Daulatbhai Trivedi Law College,schools,College & University,23.04416,72.57024,True
Infobit,schools,General Educational School,23.04431,72.56979,True
"Department of English, Gujarat Vidyapith",schools,College & University,23.04413,72.56906,True
Filter Concept Private Limited - Filter manufacturer and Filter Exporter India,schools,College & University,23.04468,72.56998,True
MyBageecha,schools,General Educational School,23.04468,72.56998,True
Adani Gas Limited,schools,General Educational School,23.04526,72.56923,True
Dudheshwar Gujarati School No 3,schools,Secondary & High School,23.04402,72.58238,True
Municipal Dudheswer Gujarati School,schools,Secondary & High School,23.04405,72.58239,True
Aishwarya Achievers Academy,schools,General Educational School,23.04544,72.5818,True
Dhruvil Thakkar,schools,General Educational School,23.04651,72.5813,True
Prudence french school,schools,Secondary & High School,23.04651,72.5813,True
PT's Learning Hubs,schools,General Educational School,23.04681,72.57063,True
UC International Institute of Professional Learning and Research,schools,International School,23.04697,72.57041,True
Asia Pacific Institute of Management,schools,College & University,23.04786,72.57165,True
Asia Pacific Group of College,schools,College & University,23.04792,72.57162,True
International Institute of Hotel Management,schools,International School,23.0481,72.5712,True
"Royal Education World, MBBS in Ukraine, Admission, Study MBBS in Kyrgyzstan, Fee Structures",schools,General Educational School,23.04838,72.56986,True
"Royal Education World, Mbbs in Ukraine, Odessa National Medical University, Asian Medical Institute",schools,College & University,23.04842,72.56986,True
Overseas Education Centre - Ahmedabad,schools,General Educational School,23.04867,72.56853,True
Uniplan Foreign Education Specialist,schools,General Educational School,23.04871,72.57077,True
Planet Education,schools,General Educational School,23.04885,72.57148,True
Ahmedabad Institute of Hospitality Management,schools,General Educational School,23.0485,72.57202,True
Brahma Academy,schools,General Educational School,23.04858,72.57128,True
Bodh Academy,schools,General Educational School,23.04852,72.57143,True
Zodiac Migration,schools,General Educational School,23.04845,72.57091,True
Siec,schools,General Educational School,23.04847,72.57085,True
Sofcon India,schools,General Educational School,23.04839,72.57088,True
Aussizz Group,schools,General Educational School,23.04846,72.57128,True
Navya Education Consultant,schools,General Educational School,23.04843,72.57146,True
Aussizz Group Migration Agents & Education Consultants,schools,General Educational School,23.04844,72.57139,True
Maheem International Language School,schools,International School,23.04834,72.57077,True
AMC school board official,schools,Secondary & High School,23.04833,72.57045,True
Iihm Hotel School,schools,Secondary & High School,23.0482,72.5711,True
Darpana Academy of Performing Arts,schools,General Educational School,23.0477,72.57278,True
Universal Dental Concepts,schools,College & University,23.04726,72.58444,True
Liberty Publications,schools,General Educational School,23.04897,72.58153,True
Forum School,schools,Secondary & High School,23.05054,72.57283,True
Brainovation Tuition Classes,schools,Coaching & Entrance Institute,23.0499,72.57111,True
Anushri Commercial Complex,schools,General Educational School,23.04961,72.57087,True
Naranpura municipality school,schools,Secondary & High School,23.0507,72.56198,True
Cut Flower Decoration,schools,General Educational School,23.0493,72.56628,True
UCMAS,schools,General Educational School,23.04824,72.56659,True
Aroma High School,schools,Secondary & High School,23.04847,72.56809,True
Bluetex (I) Private Limited,schools,General Educational School,23.04759,72.56306,True
Sarvattvam Institute,schools,General Educational School,23.04752,72.56312,True
"Sheetalnath Turbo English Naranpura - Best Institute of IELTS, PTE & Spoken English",schools,General Educational School,23.0473,72.562,True
Attila Technologies,schools,General Educational School,23.04738,72.56167,True
Gujarat Institute of Solar Energy,schools,General Educational School,23.04765,72.56245,True
Capital First Ltd.,schools,General Educational School,23.04805,72.5603,True
Math Tuition Classes Cuemath,schools,Coaching & Entrance Institute,23.04825,72.55956,True
Saurin Mehta Group Tuition,schools,Coaching & Entrance Institute,23.04818,72.56205,True
Angel Pest Management Pvt. Ltd.,schools,General Educational School,23.04834,72.56355,True
Digital Exim | Import Export Course,schools,General Educational School,23.04881,72.56281,True
Impexperts : Academy of Import Export,schools,General Educational School,23.04906,72.56115,True
Neel deep classes,schools,Coaching & Entrance Institute,23.04777,72.55761,True
Navrang School,schools,Secondary & High School,23.04784,72.55657,True
Siddharthspeakersacademy,schools,General Educational School,23.04795,72.55577,True
Sarthak Institute,schools,General Educational School,23.04906,72.55417,True
Mayur School,schools,Secondary & High School,23.04963,72.55183,True
Nikita Motor Driving School,schools,Secondary & High School,23.0493,72.55432,True
Adarsh Education,schools,General Educational School,23.05011,72.55869,True
Mihir Sir's Career Academy,schools,Coaching & Entrance Institute,23.04998,72.55217,True
Thumbelina Nursery and K.G. School,schools,Primary & Pre-School,23.05068,72.55161,True
Satnam Education,schools,General Educational School,23.05252,72.55156,True
Airson Institute of Information Technology,schools,General Educational School,23.0523,72.5516,True
Yash Group Tuitions,schools,Coaching & Entrance Institute,23.05223,72.55171,True
ITS Data Solutions,schools,General Educational School,23.05232,72.55332,True
Math Tuition Classes Cuemath,schools,Coaching & Entrance Institute,23.0522,72.5563,True
DV Nachlee Group,schools,General Educational School,23.05245,72.55811,True
Skillters Academy - CBSE-ICSE-GSEB-NCERT-Coaching Classes Naranpura,schools,Coaching & Entrance Institute,23.05258,72.55872,True
Colourful  Pre-Primary School,schools,Primary & Pre-School,23.05174,72.55746,True
Tinkerbell Preschool,schools,Primary & Pre-School,23.05148,72.56735,True
WISE Education,schools,General Educational School,23.05152,72.56485,True
Apple Kids Plus,schools,Primary & Pre-School,23.05231,72.56204,True
Shine Academy of Contemporary English,schools,General Educational School,23.05233,72.56269,True
St.Thomas' Senior Secondary School,schools,Secondary & High School,23.05213,72.56321,True
CCU Secondary  School  Kot Addu,schools,Secondary & High School,23.05213,72.56321,True
ITS Data-Solutions Private Limited,schools,General Educational School,23.05206,72.56311,True
Insight Institute of Professional Studies (IIPS),schools,General Educational School,23.05189,72.56253,True
Gaurav Group Tuition,schools,Coaching & Entrance Institute,23.05181,72.56224,True
Keystone Universe of Education,schools,General Educational School,23.05297,72.55927,True
BOSON Physics with Pranav - Best Physics Institute in Naranpura,schools,General Educational School,23.05316,72.55864,True
AoM Music Classes,schools,Coaching & Entrance Institute,23.05333,72.55893,True
The CADD India,schools,General Educational School,23.0529,72.55917,True
Vishvaniketan Vidyavihar,schools,Secondary & High School,23.05307,72.55144,True
Naranpura Municipal Saraswati Mandir Gujarati School,schools,Secondary & High School,23.05365,72.55333,True
Naranpura Eurokids,schools,Primary & Pre-School,23.05397,72.55421,True
Terf English Medium School,schools,Secondary & High School,23.05458,72.55151,True
Mirambika High School,schools,Secondary & High School,23.05534,72.55407,True
Bhagwati Nursery and Farm,schools,Primary & Pre-School,23.05521,72.55835,True
Khandekars School of Music,schools,Secondary & High School,23.05496,72.55637,True
ASK Mahabodhi,schools,General Educational School,23.05512,72.55544,True
PMGT,schools,General Educational School,23.05506,72.55558,True
Krishna Garba Academy,schools,General Educational School,23.05506,72.55558,True
Sri Mirambika English Medium School,schools,Secondary & High School,23.05536,72.5548,True
Mogali Kids,schools,Primary & Pre-School,23.05545,72.55595,True
"EuroKids Preschool at Shahibag, Best Kindergarten",schools,Primary & Pre-School,23.05549,72.55774,True
Bhavin School,schools,Secondary & High School,23.0561,72.55279,True
EuroKids Pre-School,schools,Primary & Pre-School,23.05592,72.55281,True
Chanakya IAS Academy,schools,General Educational School,23.0554,72.55378,True
Instyle International School of Dance,schools,International School,23.05564,72.55366,True
S G Shah Classes,schools,Coaching & Entrance Institute,23.05696,72.55443,True
Cuemath,schools,General Educational School,23.05799,72.5507,True
Special Commerce Institute,schools,General Educational School,23.0571,72.55708,True
Shree Gyanganga Group Tuition and Classes,schools,Coaching & Entrance Institute,23.05717,72.55706,True
The Tutor Center,schools,Coaching & Entrance Institute,23.05708,72.55486,True
CEPT Research and Development Foundation,schools,College & University,23.05665,72.55698,True
CADD Centre Naranpura,schools,General Educational School,23.05649,72.55695,True
Gandhinagar Gujarati School,schools,Secondary & High School,23.05671,72.56326,True
Ahmedabad Juniors,schools,General Educational School,23.05763,72.56033,True
Balvatika Pre School,schools,Primary & Pre-School,23.05758,72.56531,True
Math Tuition Classes Cuemath,schools,Coaching & Entrance Institute,23.05627,72.56619,True
Sanghvi High School,schools,Secondary & High School,23.05542,72.56007,True
Karnavati School of Dentistry,schools,Secondary & High School,23.05563,72.56168,True
Vedhshala,schools,Secondary & High School,23.05457,72.56333,True
Apmi Institute,schools,General Educational School,23.05478,72.57343,True
Appu Primary School,schools,Primary & Pre-School,23.05639,72.56889,True
Swastik School,schools,Secondary & High School,23.05789,72.56916,True
Doctor Jatin Shah,schools,General Educational School,23.05806,72.56942,True
Kalorex Pre School,schools,Primary & Pre-School,23.0574,72.57082,True
Monarch Immigration Consultancy Services,schools,General Educational School,23.05705,72.57676,True
Kanishk Educare Academy,schools,General Educational School,23.0531,72.57871,True
Vadaj muni school no.1,schools,Secondary & High School,23.05406,72.57353,True
KDM Personal and Group Tuition,schools,Coaching & Entrance Institute,23.05362,72.5703,True
Metric Overseas Education Consultant,schools,General Educational School,23.05345,72.57201,True
Om Paramedical Academy,schools,General Educational School,23.0534,72.57191,True
Mother Teresa World School,schools,International School,23.05255,72.5701,True
"ELTAI, Ahmedabad",schools,General Educational School,23.05189,72.56999,True
Singh Share Bazar Classes,schools,Coaching & Entrance Institute,23.0516,72.57112,True
NMIMS(Narsee Monjee Institute For Management Studies)NGA - SCE (Distance MBA),schools,Coaching & Entrance Institute,23.05096,72.57122,True
B. A.Panchal & Co.,schools,General Educational School,23.05094,72.5856,True
Adarsh Prathmik Shala,schools,Primary & Pre-School,23.05171,72.58624,True
Kendriya Vidyalaya No.1 Ahmedabad,schools,Secondary & High School,23.05163,72.58891,True
K V Shahibaug,schools,General Educational School,23.05103,72.58886,True
Kalgi Salon And Academy,schools,General Educational School,23.05111,72.59306,True
Mind Molders International,schools,International School,23.05238,72.59198,True
Math Tuition Classes Cuemath,schools,Coaching & Entrance Institute,23.05439,72.59054,True
Shraddha Group Tuition,schools,Coaching & Entrance Institute,23.05341,72.59726,True
Resonance Ahmedabad - Shahibaugh Centre,schools,Coaching & Entrance Institute,23.05384,72.59538,True
Jai Bhawani Motor Driving School,schools,Secondary & High School,23.05402,72.59537,True
UCMAS,schools,General Educational School,23.05435,72.59567,True
"Khyati institute of Physiotherapy, Shahibaug",schools,General Educational School,23.05335,72.6009,True
B J Medical College,schools,College & University,23.05242,72.60268,True
The Rainbow Fish Montessori School,schools,Primary & Pre-School,23.05208,72.59965,True
U N Mehta Institute of Cardiology and Research Centre,schools,General Educational School,23.05243,72.60113,True
Pragati Education,schools,General Educational School,23.05263,72.60018,True
Rachana School,schools,Secondary & High School,23.05243,72.59745,True
BLLISS - The Dance Studio | GARBA & DANCE ACADEMY,schools,General Educational School,23.05251,72.59665,True
H3 Preschool Shahibaug,schools,Primary & Pre-School,23.05235,72.59679,True
Eurokids Best Preschool in Shahibaug,schools,Primary & Pre-School,23.05231,72.59711,True
Sacred Heart High School,schools,Secondary & High School,23.05212,72.59894,True
Pritam Pura MCD School,schools,Secondary & High School,23.05171,72.5984,True
Little World Montesary Pre School,schools,Primary & Pre-School,23.05155,72.59804,True
State TB Demonstration and Training Center,schools,General Educational School,23.0513,72.60886,True
Sharda Girls High School,schools,Secondary & High School,23.0512,72.619,True
Sarvoday School,schools,Secondary & High School,23.05142,72.61808,True
Shubham Institute of Nursing,schools,General Educational School,23.05143,72.61758,True
New Parag School,schools,Secondary & High School,23.05217,72.61553,True
S.K.H. Lam Woo Memorial Primary School,schools,Primary & Pre-School,23.05198,72.61506,True
Sharda Vidya Mandir,schools,General Educational School,23.05308,72.61983,True
Drauna Academy,schools,General Educational School,23.05327,72.6193,True
Rashtriya Raksha University,schools,College & University,23.053,72.61025,True
School of Civil Nursing Hospital,schools,Secondary & High School,23.05295,72.60494,True
"Government college of nursing,ginera",schools,College & University,23.05442,72.605,True
National Institute of Occupational Health,schools,General Educational School,23.05473,72.61042,True
Shri Kailash Primary School,schools,Primary & Pre-School,23.05586,72.62068,True
Z Educational Services,schools,General Educational School,23.05674,72.61691,True
Nagar Palika Veer Shahid Mukesh Kumar Rathod Prathmik School,schools,Primary & Pre-School,23.05708,72.62112,True
Meghaninagar Hindi Shala,schools,Secondary & High School,23.05677,72.61769,True
New Navchetan Prathmik Shala,schools,Primary & Pre-School,23.05764,72.61751,True
Amarjyot High School,schools,Secondary & High School,23.05799,72.61677,True
SP Zone,schools,General Educational School,23.05806,72.61581,True
Meghaninagar Municipal Saraswati Mandir Shala,schools,Secondary & High School,23.05732,72.61636,True
"Karnavati Dental College, Uvarshad",schools,College & University,23.05742,72.6082,True
Frameboxx Ahmedabad,schools,General Educational School,23.05747,72.59953,True
Sanskar School of Science,schools,Secondary & High School,23.05753,72.5996,True
Wonder of World,schools,General Educational School,23.05768,72.59931,True
Vandana Phonics Institute,schools,General Educational School,23.05747,72.59548,True
Girdhar Nagar High School,schools,Secondary & High School,23.05747,72.59548,True
Math Tuition Classes Cuemath,schools,Coaching & Entrance Institute,23.0576,72.59885,True
The Rainbow Fish Montessori School,schools,Primary & Pre-School,23.05632,72.59525,True
Sardar Patel Chowk,schools,General Educational School,23.05667,72.59878,True
Municipal Gardens,schools,General Educational School,23.05492,72.60263,True
Sprouts International School,schools,International School,23.05465,72.60104,True
Kalgi Salon And Academy,schools,General Educational School,23.05473,72.59709,True
Kendriya Vidyalaya Shahibaug Ahmedabad,schools,Secondary & High School,23.05473,72.59709,True
Sheetalnath Academy,schools,General Educational School,23.05474,72.59607,True
Blossom Institute,schools,General Educational School,23.05506,72.59677,True
Sonali Garden Design and Management,schools,General Educational School,23.05515,72.59636,True
Muthoot Finance Gold Loan,schools,General Educational School,23.05554,72.59788,True
Math Tuition Classes Cuemath,schools,Coaching & Entrance Institute,23.05604,72.5988,True
aProCh.org - a Protagonist in every Child,schools,General Educational School,23.05622,72.59087,True
Learning Caterpillars,schools,General Educational School,23.05493,72.5923,True
The Rosery School,schools,Secondary & High School,23.05528,72.59091,True
Chopra Academy,schools,General Educational School,23.05648,72.58789,True
Atc - Shreeji Computer Education,schools,General Educational School,23.05774,72.59295,True
Eloquence,schools,General Educational School,23.05774,72.59295,True
Cdac computer education,schools,General Educational School,23.05798,72.59071,True
Agarwal's Implant Academy,schools,General Educational School,23.05798,72.59071,True
A To Z Solutions,schools,General Educational School,23.05722,72.58915,True
Khandelwal CBSE School,schools,Secondary & High School,23.05983,72.59219,True
Shri R N English School,schools,Secondary & High School,23.06159,72.59182,True
Rajamata Vijayaraje Sindhya Ladies Vyayam Shala and Umashankar Joshi Women Library,schools,Secondary & High School,23.06054,72.59273,True
Sandipani Pre School,schools,Primary & Pre-School,23.06014,72.5955,True
Auto King Lubricants,schools,General Educational School,23.05956,72.59523,True
National Institute of Mobile Technology,schools,General Educational School,23.05836,72.59668,True
"EuroKids Preschool at Cantonment Gate No. 1, Best Kindergarten",schools,Primary & Pre-School,23.05895,72.6101,True
DSC Public School,schools,Secondary & High School,23.05835,72.61753,True
Shri Chimanbhai Patel P.G. Institute of Computer Applications - CPIMCA,schools,General Educational School,23.05842,72.62155,True
Turning point classes,schools,Coaching & Entrance Institute,23.05939,72.62043,True
I-Login(Institute That Assure Quality),schools,General Educational School,23.05957,72.61936,True
Vasant Nursery School,schools,Primary & Pre-School,23.05983,72.61765,True
Kids English School,schools,Primary & Pre-School,23.0604,72.61714,True
Angel English Medium School Parking Area,schools,Secondary & High School,23.0614,72.61614,True
Vidya Academy,schools,General Educational School,23.06135,72.61608,True
Army School Ahmedabad Cantt,schools,Secondary & High School,23.06091,72.61632,True
Golden Kattar KG School,schools,Primary & Pre-School,23.0599,72.60782,True
Aquatic Water System,schools,General Educational School,23.06167,72.6173,True
Image Consulting Business Institute.Ahmedabad,schools,General Educational School,23.06485,72.60471,True
Small Wonder Preschool,schools,Primary & Pre-School,23.0621,72.59723,True
"Kendriya Vidyalaya No. 2, Ahmedabad Cantt",schools,Secondary & High School,23.06296,72.59688,True
Rise education,schools,General Educational School,23.06279,72.59612,True
Mind Molders International Preschool & Daycare,schools,International School,23.06311,72.59725,True
Sheth Hiralal Hargovandas Batrishi Hall,schools,General Educational School,23.06448,72.58124,True
Swastik School,schools,Secondary & High School,23.06508,72.56856,True
Kalorex pre school New vadaj,schools,Primary & Pre-School,23.06226,72.57189,True
Neocent Engineering Pvt Ltd,schools,General Educational School,23.06229,72.57135,True
Madhavi's British Academy - Nava Vadaj,schools,International School,23.06229,72.57135,True
Golden Age Institute,schools,General Educational School,23.06235,72.57062,True
Vinay Mandir School,schools,Secondary & High School,23.06236,72.57907,True
Subhash Bridge,schools,General Educational School,23.06125,72.58584,True
Unicorn Overseas,schools,General Educational School,23.06137,72.58068,True
Samir Computers,schools,General Educational School,23.05829,72.57957,True
Pranavanand High School,schools,Secondary & High School,23.05832,72.5795,True
Navgujarat College Of Computer Application,schools,College & University,23.05938,72.57904,True
Gandhi Smarak Sangrahalaya,schools,General Educational School,23.05897,72.57944,True
Shri H K Arts College,schools,College & University,23.05982,72.57963,True
A.N Computer Class,schools,General Educational School,23.0589,72.56859,True
Sindh Academy School Ahmedabad,schools,Secondary & High School,23.06128,72.57156,True
Nirman High School,schools,College & University,23.06114,72.57022,True
Safal Academy,schools,General Educational School,23.06106,72.56777,True
Kasturba Gandhi Primary School,schools,Primary & Pre-School,23.06139,72.56314,True
Terf,schools,General Educational School,23.06056,72.56255,True
Vallabhi School,schools,Secondary & High School,23.06004,72.56459,True
Brilliant Institute,schools,General Educational School,23.06,72.56496,True
Tejasvi Academy,schools,General Educational School,23.06027,72.56761,True
POOJA International,schools,International School,23.06027,72.56672,True
Neema Vidhyalaya,schools,Secondary & High School,23.05948,72.56735,True
Nirmala Shishu Bhavan,schools,College & University,23.05856,72.56737,True
Keshav Academy,schools,General Educational School,23.05874,72.56394,True
Jamia Kids Planet Academy,schools,Primary & Pre-School,23.05904,72.55995,True
Al-Saeed Islamic Public High School,schools,Secondary & High School,23.05904,72.55995,True
Moran College,schools,College & University,23.05904,72.55995,True
"Global Coaching Centre,Pakur",schools,Coaching & Entrance Institute,23.05904,72.55995,True
Toddler Orbit Preschool  Usmanpura,schools,Primary & Pre-School,23.05951,72.55997,True
ALOHA Naranpura,schools,General Educational School,23.05922,72.55482,True
Care Immigration & Education India,schools,General Educational School,23.05907,72.55511,True
Jamsab Computers Pvt Ltd,schools,General Educational School,23.05851,72.55628,True
Ankur Hobby Center,schools,General Educational School,23.05831,72.55585,True
The Wingo Overseas,schools,General Educational School,23.05831,72.55585,True
Muthoot FinCorp Gold Loan,schools,General Educational School,23.05851,72.55542,True
"Prerana School,  Ankur road, Naranpura, Ahmedabad",schools,Secondary & High School,23.05855,72.55548,True
Avi Cement Ltd,schools,General Educational School,23.05852,72.55623,True
"Arena Animation - Best Animation Course , Game Designing, Multimedia, VFX",schools,General Educational School,23.0589,72.55559,True
"St. Kabir School, Naranpura",schools,Secondary & High School,23.05834,72.55436,True
Lampros Kids Naranpura,schools,Primary & Pre-School,23.05946,72.55452,True
Ronak Study Abroad and Immigration Consultants,schools,General Educational School,23.06058,72.5517,True
Bahar Music Class,schools,General Educational School,23.06017,72.55437,True
Career Fox Overseas Pvt.Ltd,schools,Coaching & Entrance Institute,23.06035,72.55819,True
Ankur Preschool and Activity House,schools,Primary & Pre-School,23.06114,72.55654,True
Prerana Secondary School,schools,Secondary & High School,23.06115,72.55649,True
Vijaynagar School,schools,Secondary & High School,23.06095,72.55856,True
Arham Computer Institute,schools,General Educational School,23.06123,72.55884,True
IANT Ashram Road,schools,General Educational School,23.06164,72.55311,True
Shreehari Education Consultant Pvt. Ltd.,schools,General Educational School,23.06167,72.55294,True
D. L. Raval School,schools,Secondary & High School,23.06097,72.55313,True
Swasthya CON,schools,General Educational School,23.061,72.55347,True
Ojasvinclasses,schools,Coaching & Entrance Institute,23.06141,72.55084,True
Edubotix Innovation Labs,schools,General Educational School,23.06178,72.55218,True
IELTS GRE SAT TOEFL PTE at Vinay Patel Classes - Ahmedabad,schools,Coaching & Entrance Institute,23.06187,72.5522,True
"Blooming BUDS,Playgroup and Nursery",schools,Primary & Pre-School,23.06262,72.55612,True
Havishachem,schools,General Educational School,23.06262,72.55612,True
"Indo German Tool Room, Vadaj Sub Centre, Ahmedabad",schools,General Educational School,23.06266,72.56413,True
APMI Institute,schools,General Educational School,23.06304,72.5656,True
New Vidya Vihar for Girls,schools,General Educational School,23.06292,72.56228,True
Urban Tutor,schools,Coaching & Entrance Institute,23.06322,72.5612,True
Laxmi Primary School,schools,Primary & Pre-School,23.06407,72.56264,True
NB Higher Secondary School,schools,Secondary & High School,23.06407,72.56264,True
Adorn Beauty World & Academy,schools,General Educational School,23.06443,72.56627,True
Lotus Tuition,schools,Coaching & Entrance Institute,23.06525,72.56692,True
Nirmaan Academy,schools,College & University,23.06521,72.56378,True
N.B. Shah Commerce Zone,schools,General Educational School,23.06385,72.55796,True
Stellar Science Institute,schools,General Educational School,23.06425,72.55639,True
Shree Shiv Tandav Dance Academy,schools,General Educational School,23.06475,72.55388,True
KidsVile,schools,Primary & Pre-School,23.06604,72.55651,True
Maulin Trivedi Sir,schools,General Educational School,23.06684,72.55366,True
Sanjay Academy,schools,General Educational School,23.06641,72.55349,True
Cotton Concept,schools,College & University,23.0664,72.55363,True
Maruti Art Classes,schools,Coaching & Entrance Institute,23.06823,72.55218,True
"Shyaam Garba Classes ,Naranpura",schools,Coaching & Entrance Institute,23.06838,72.55197,True
AR CHESS Academy,schools,General Educational School,23.06838,72.55197,True
Orange The Beginners,schools,General Educational School,23.06823,72.55856,True
VIP Academy For English Speaking & IELTS,schools,General Educational School,23.06739,72.56278,True
Smit Child Education and Development Centre,schools,General Educational School,23.06876,72.56172,True
Ganesh Primary School,schools,Primary & Pre-School,23.06819,72.56435,True
Math Tuition Classes Cuemath,schools,Coaching & Entrance Institute,23.06871,72.56641,True
VIP Institute,schools,General Educational School,23.06866,72.56657,True
Math Tuition Classes Cuemath,schools,Coaching & Entrance Institute,23.06826,72.56744,True
Shree Karmshila Vidhya Sankul,schools,General Educational School,23.06736,72.56388,True
Shanti Juniors,schools,General Educational School,23.06639,72.56691,True
New Ganesh Vidyalaya,schools,Secondary & High School,23.06642,72.56413,True
Shayona International,schools,International School,23.06682,72.56318,True
Saurabh English School,schools,Secondary & High School,23.06589,72.56329,True
"SAFAL Academy for GPSC, UPSC, Class3, PSI/ASI, Police Constable Coaching",schools,Coaching & Entrance Institute,23.06546,72.56354,True
9star.academy,schools,General Educational School,23.06557,72.56586,True
Ujjawal Institute,schools,General Educational School,23.06563,72.56581,True
Prarambha Foundation,schools,General Educational School,23.06549,72.56608,True
Kidzee,schools,General Educational School,23.0653,72.58265,True
AJ Health N Fitness Solutions,schools,General Educational School,23.0653,72.58328,True
Ghanshyam School,schools,Secondary & High School,23.06615,72.58531,True
GROW UP Education,schools,General Educational School,23.06642,72.58353,True
Meer Dairy,schools,General Educational School,23.0675,72.58252,True
Genius Computer,schools,General Educational School,23.06726,72.58317,True
Helpline Education Home,schools,General Educational School,23.06852,72.57583,True
Krishna Knowledge Academy - Pre School,schools,Primary & Pre-School,23.0684,72.57607,True
Bridges & Beyond Education,schools,General Educational School,23.06723,72.57482,True
Booming Bulls Hybrid Center Ahmedabad - Stock Market Academy | Share Market Institute,schools,General Educational School,23.06713,72.5731,True
Salute Dance Academy,schools,General Educational School,23.06762,72.57126,True
Achievers Medical Academy,schools,General Educational School,23.0672,72.57242,True
Digital Pundit - Digital Marketing Course,schools,General Educational School,23.06718,72.57243,True
Himalaya Exotica,schools,General Educational School,23.06746,72.57092,True
D P High School,schools,Secondary & High School,23.06739,72.5686,True
S.N.V.V (Shree New Vidhya Vihar ) NAVA Vadaj,schools,General Educational School,23.06793,72.57031,True
Samvedna Learning Centre for Special Children,schools,General Educational School,23.06802,72.57005,True
C U Shah Higher Secondary School,schools,Secondary & High School,23.06861,72.5703,True
Brahmavidya Ni College,schools,College & University,23.07011,72.57492,True
Shri Saraswati Abhinandan High School,schools,Secondary & High School,23.06974,72.5787,True
Sia Motor Driving School,schools,Secondary & High School,23.0711,72.57109,True
Saurabh English School,schools,Secondary & High School,23.07177,72.56916,True
SOOR Music Academy & Music Productions,schools,General Educational School,23.07177,72.57194,True
Ganesh Kanya Vidhyalaya Lioness Karnavati MH Hindi Higher Secondary School,schools,Secondary & High School,23.07224,72.56879,True
R H Patel Arts and Commerce College,schools,College & University,23.07207,72.56895,True
Blooming Kidz,schools,General Educational School,23.07132,72.56128,True
Vyom Education Hub,schools,General Educational School,23.07038,72.56389,True
Navawadaj Mu. Hindi Shala No. 1,schools,Secondary & High School,23.07006,72.56552,True
V R Institute of Journalism and Mass communication,schools,General Educational School,23.07016,72.5648,True
Vivekanand Institute of Management,schools,College & University,23.06989,72.56494,True
LibraryManagementt,schools,General Educational School,23.06921,72.56127,True
Rachna High School,schools,Secondary & High School,23.07023,72.56113,True
Tripda Day School,schools,Secondary & High School,23.06988,72.55829,True
Vector Education,schools,General Educational School,23.06901,72.55265,True
Swi Park-Tripda Intl School,schools,Secondary & High School,23.07042,72.55437,True
Tripada International School,schools,International School,23.0706,72.55391,True
"Kids World School,K.K.Nagar",schools,International School,23.07071,72.55064,True
G3 Academy,schools,General Educational School,23.07081,72.55206,True
Yogeshwar Farm & Nursery,schools,Primary & Pre-School,23.07098,72.55507,True
Bangsnblushacademy,schools,General Educational School,23.0719,72.55117,True
EuroKids Pre-School Ghatlodia,schools,Primary & Pre-School,23.07216,72.55055,True
Muthoot FinCorp Gold Loan,schools,General Educational School,23.07239,72.55207,True
Shree Umiya Career Development & IAS Training Center,schools,Coaching & Entrance Institute,23.07295,72.5539,True
Jaineesh institute of engineering,schools,General Educational School,23.07338,72.55431,True
Navjyot School,schools,Secondary & High School,23.0742,72.56465,True
Nest Public School,schools,Secondary & High School,23.07394,72.56118,True
Stem Academy,schools,General Educational School,23.07487,72.56457,True
Balkrushna Vidyalaya,schools,Secondary & High School,23.076,72.56452,True
Shridhar Institute,schools,General Educational School,23.07586,72.56359,True
Prerna Educare,schools,General Educational School,23.07521,72.56259,True
"Gurusthanam Grooming School Arjun Ashram Rd-Chandlodiya,Ahmedabad,Gujarat",schools,Secondary & High School,23.07564,72.55875,True
YOGI Beauty Care & Academy,schools,General Educational School,23.07573,72.55605,True
Satyam Institute,schools,General Educational School,23.07437,72.55532,True
Best Coaching Institute,schools,Coaching & Entrance Institute,23.07439,72.55459,True
Amdavad Sanskrit Academy and Sanskrit Vidya Pratishthanam,schools,General Educational School,23.07551,72.55216,True
K.M Group Coaching,schools,Coaching & Entrance Institute,23.07563,72.55298,True
Yash Education,schools,General Educational School,23.07685,72.55528,True
Khwaish Academy,schools,General Educational School,23.07719,72.55507,True
Shivam Classes and Physics Zone,schools,Coaching & Entrance Institute,23.0778,72.55386,True
Shakti Vidhyalaya Highschool Chandlodia,schools,Secondary & High School,23.07926,72.55202,True
Math Tuition Classes Cuemath,schools,Coaching & Entrance Institute,23.07967,72.5574,True
Atmiya Vidya Niketan,schools,Secondary & High School,23.07795,72.55793,True
Atmiya Sanskar Dham,schools,General Educational School,23.07798,72.55827,True
Nest Public School,schools,Secondary & High School,23.07895,72.56296,True
Dev Public School,schools,Secondary & High School,23.07885,72.56437,True
Gita Higher Secondary School,schools,Secondary & High School,23.07878,72.56437,True
K R Raval School,schools,Secondary & High School,23.07904,72.56707,True
Tarveni School,schools,Secondary & High School,23.07697,72.56635,True
"AMPLE DREAMS EDUCOM ( Tuition Classes, Coaching Classes, Nirnay Nagar, New Ranip, Ahmedabad )",schools,Coaching & Entrance Institute,23.07743,72.56352,True
Swaminarayan School,schools,Secondary & High School,23.07739,72.56135,True
Shemrock Play School,schools,Secondary & High School,23.07693,72.56253,True
I N Patel Swaminarayan High School Unit 2,schools,Secondary & High School,23.07656,72.56144,True
The Alpha classes,schools,Coaching & Entrance Institute,23.07624,72.56184,True
Mangaldeep High School,schools,Secondary & High School,23.07611,72.56442,True
Shivam Computer Classes,schools,Coaching & Entrance Institute,23.07627,72.57677,True
iidaranip,schools,General Educational School,23.0767,72.57649,True
Gayatri Vidyalaya Ranip,schools,Secondary & High School,23.07752,72.5767,True
Ved Classes,schools,Coaching & Entrance Institute,23.07847,72.57049,True
Gayatri Vidhyalaya,schools,Secondary & High School,23.07928,72.57052,True
Leap International School,schools,International School,23.07925,72.5707,True
Sce Sai Computer Education,schools,General Educational School,23.07944,72.57118,True
Himanshu Higher Secondary School,schools,Secondary & High School,23.07949,72.57102,True
Lokniketan Vidya Vihar,schools,Secondary & High School,23.07942,72.57218,True
Kids Killol Preschool,schools,Primary & Pre-School,23.07903,72.57435,True
Success Education and Computer Centre,schools,General Educational School,23.07961,72.57492,True
Ultima Classes,schools,Coaching & Entrance Institute,23.07897,72.57544,True
Ranip Sarvajanik High School,schools,Secondary & High School,23.07868,72.57568,True
ronak computer class,schools,General Educational School,23.07806,72.5736,True
Active English - Ranip,schools,General Educational School,23.07805,72.57367,True
Tree House High School,schools,Secondary & High School,23.07899,72.57846,True
Sabarmati Jail Primary School,schools,Primary & Pre-School,23.07806,72.58515,True
Sabaramati School,schools,Secondary & High School,23.07748,72.58259,True
UCMAS,schools,General Educational School,23.07445,72.57888,True
shree swaminarayan college of technology and management,schools,College & University,23.07511,72.57839,True
Tarveni English High School,schools,Secondary & High School,23.07511,72.57839,True
Navrachana Shikshan Sankul,schools,Secondary & High School,23.07511,72.57839,True
Little Angel s Preschool,schools,Primary & Pre-School,23.07512,72.57839,True
Gyanm The Education Organization,schools,General Educational School,23.07353,72.56835,True
Gyanda Education Zone,schools,General Educational School,23.07329,72.56835,True
Triveni Vidyalaya,schools,Secondary & High School,23.07317,72.56824,True
Reva Education Consultant,schools,General Educational School,23.07248,72.57127,True
Religious Activity,schools,General Educational School,23.07383,72.57758,True
Medilink Institute of Nursing Sciences,schools,General Educational School,23.07419,72.59204,True
Liberty Book Ahmedabad,schools,General Educational School,23.07302,72.59256,True
Zulekha Computer Classes,schools,Coaching & Entrance Institute,23.07449,72.60377,True
Sabarmati Municipal Gujarati Shala,schools,Secondary & High School,23.07477,72.59151,True
Humpty Dumpty Pre-School,schools,Primary & Pre-School,23.07578,72.5877,True
Humpty Dumpty International Primary School,schools,International School,23.07737,72.59334,True
Sabarmati municipal school no 2,schools,Secondary & High School,23.07768,72.59294,True
Culinary Essence,schools,General Educational School,23.07875,72.59451,True
Dharmanagar Vidyalaya,schools,Secondary & High School,23.07806,72.59265,True
CyberPedia,schools,General Educational School,23.0789,72.59534,True
GCA Umpires Academy,schools,General Educational School,23.07526,72.62102,True
Smt G.G.I Cantonment High School,schools,Secondary & High School,23.07391,72.60423,True
Nasir Sir & Classes,schools,Coaching & Entrance Institute,23.07177,72.61977,True
School of Diploma Studies,schools,Secondary & High School,23.07143,72.61985,True
Firdaus Amrut Centre School,schools,Secondary & High School,23.06949,72.60748,True
Amrut Primary School,schools,Primary & Pre-School,23.0695,72.60795,True
Apple English School and Kids Carnival Preschool,schools,Primary & Pre-School,23.0724,72.59109,True
Ice academy,schools,General Educational School,23.07184,72.5867,True
Little  Bunnies,schools,Primary & Pre-School,23.07044,72.58989,True
The Royal Academy-Visa & Immigration Consultant,schools,General Educational School,23.07044,72.58989,True
Smt G G I Cantonement High School,schools,Secondary & High School,23.06715,72.60261,True
Hameediyah English School,schools,Secondary & High School,23.0687,72.59297,True
Shri Umiya College Of Education,schools,College & University,23.06713,72.59143,True
SK Patel Institute Of Management and Computer Studies,schools,College & University,23.06713,72.59143,True
Bhatia Classes,schools,Coaching & Entrance Institute,23.06638,72.58616,True
Asha School,schools,Secondary & High School,23.06632,72.60097,True
Army Public School,schools,Secondary & High School,23.0658,72.60213,True
Khyati School of Engineering,schools,College & University,23.06829,72.60656,True
Hanumant Driving School,schools,Secondary & High School,23.06794,72.6349,True
Kishore Gurnomal Kanjani Higher Secondary School,schools,Secondary & High School,23.06802,72.63789,True
Kgk English Primary School,schools,Primary & Pre-School,23.06775,72.63795,True
Jr.  Morning Star Pre-School,schools,Primary & Pre-School,23.06643,72.63736,True
Bhagvati Hindi Primary School,schools,Primary & Pre-School,23.06647,72.6315,True
Adarsh Primary School,schools,Primary & Pre-School,23.06637,72.63277,True
Bhavana Vidhyalaya,schools,Secondary & High School,23.06606,72.63738,True
Saijpur Gujarati Shala No. 1,schools,Secondary & High School,23.06576,72.63812,True
Rakesh Educations,schools,General Educational School,23.06586,72.64322,True
Xavier Primary School,schools,Primary & Pre-School,23.06686,72.6406,True
Shine Academy,schools,General Educational School,23.06546,72.65041,True
Shalin Vidyalaya,schools,Secondary & High School,23.06607,72.65508,True
Best English School,schools,Secondary & High School,23.06621,72.65509,True
Shree Gayatri Shikshan Sankul,schools,Secondary & High School,23.06694,72.65306,True
Rangoli Preschool Naroda,schools,Primary & Pre-School,23.06646,72.65043,True
Shining Star Nursery and Play School,schools,Primary & Pre-School,23.06786,72.64884,True
Rising Education Zone,schools,General Educational School,23.06756,72.65208,True
Shree Gayatri College of Education,schools,College & University,23.0684,72.65387,True
The Precious Pre School In Naroda,schools,Primary & Pre-School,23.0675,72.64537,True
Shri Gayatri Vidya Mandir,schools,General Educational School,23.06756,72.643,True
Saibaba Ashram Shala,schools,Secondary & High School,23.06874,72.64327,True
Adarsh HIGH School,schools,Secondary & High School,23.06922,72.64135,True
Shree N V Patel Vidyamandir School,schools,Secondary & High School,23.07063,72.64796,True
NV Patel Arts and Commerce College,schools,College & University,23.06969,72.65453,True
Madhuben J. Patel and J.B. Patel Primary School,schools,Primary & Pre-School,23.07019,72.6541,True
AC Arts and Commerce College,schools,College & University,23.07001,72.65453,True
Ivories Academy for Progressive Dentistry,schools,General Educational School,23.07053,72.65124,True
The Ultimate Group Tuition,schools,Coaching & Entrance Institute,23.07148,72.64868,True
Patel dreeses,schools,General Educational School,23.07108,72.65333,True
Kalorex pre school,schools,Primary & Pre-School,23.071,72.65742,True
Naroda Gujarati Municipal Saraswati School,schools,Secondary & High School,23.07153,72.65399,True
Omkar Motor Driving School,schools,Secondary & High School,23.07193,72.6495,True
Center for Criminal Law and Justice,schools,General Educational School,23.07242,72.65073,True
Maharshi Ayurved and Panchkarma Centre,schools,General Educational School,23.07138,72.648,True
Zala Paramedical Institute,schools,General Educational School,23.0718,72.64407,True
Little VIP's Montessori,schools,Primary & Pre-School,23.07168,72.63884,True
Gems Indian Public School,schools,Secondary & High School,23.07202,72.6359,True
UCMAS,schools,General Educational School,23.07198,72.63378,True
Bharti's Makeover Studio & Academy,schools,General Educational School,23.0709,72.63618,True
Sun Burn Dance Academy,schools,General Educational School,23.07142,72.6362,True
Motivate Educational Classes,schools,Coaching & Entrance Institute,23.07132,72.63772,True
Docterz at School - Good Health Good Education,schools,Secondary & High School,23.07486,72.62393,True
Sadhu Vaswani School,schools,Secondary & High School,23.07964,72.62796,True
Kubernagar Hindi School No 04,schools,Secondary & High School,23.07612,72.64206,True
Kubernagar Gujarati School No 4,schools,Secondary & High School,23.07693,72.64587,True
Kapoor Tuition Classes,schools,Coaching & Entrance Institute,23.07733,72.64445,True
Mahatma Gandhi Primary School,schools,Primary & Pre-School,23.07711,72.64586,True
Rewa Institute of Interior & Vastu Studies,schools,General Educational School,23.07759,72.64802,True
Exalted Education Pvt. LTD.,schools,General Educational School,23.07744,72.64433,True
Bhagwati Vidhyalaya kubernagar,schools,Secondary & High School,23.07749,72.64435,True
APG English High School,schools,Secondary & High School,23.07752,72.64436,True
L.D. Matru Chhaya English Medium School,schools,Secondary & High School,23.0789,72.64262,True
Shantam Institute of Nursing# Advanced Practice,schools,General Educational School,23.07897,72.64255,True
K.g.k english school,schools,Secondary & High School,23.07891,72.6452,True
My Planet Pre-Play School,schools,Secondary & High School,23.07967,72.64456,True
Talent Primary School,schools,Primary & Pre-School,23.07851,72.6442,True
MG Primary School (B-building),schools,Primary & Pre-School,23.07788,72.6463,True
Cuemath,schools,General Educational School,23.07911,72.65164,True
Everest Air Institute of Management,schools,College & University,23.07789,72.65455,True
Muthoot Finance Gold Loan,schools,General Educational School,23.07805,72.65485,True
Veta Naroda,schools,General Educational School,23.07736,72.65341,True
Himalaya Green Flats,schools,General Educational School,23.0776,72.65394,True
Muthoot FinCorp Gold Loan,schools,General Educational School,23.07751,72.65387,True
The Krishna Singh's Institute of Talents,schools,General Educational School,23.07743,72.65497,True
Noble School Krishnanagar,schools,Secondary & High School,23.07495,72.65564,True
Gurukul,schools,General Educational School,23.07474,72.65527,True
Naroda Gujarati Municipal Nigam Saraswati Shala No 1-2,schools,Secondary & High School,23.07433,72.65628,True
Manappuram Finance,schools,General Educational School,23.07455,72.65569,True
Bluenova Computer Classes,schools,Coaching & Entrance Institute,23.07471,72.65526,True
Kuber Nagar English School,schools,Secondary & High School,23.07599,72.64142,True
Uma Shikshan Tirth,schools,Secondary & High School,23.07482,72.64837,True
FiveStep Education & Immigration,schools,General Educational School,23.07389,72.64642,True
Iti Kubernagar Goverment Naroda Ahmedabad,schools,General Educational School,23.0738,72.64647,True
Mahavir Kasrat Shala,schools,Secondary & High School,23.0736,72.6441,True
Mahaveer School Kubernagar Road,schools,Secondary & High School,23.07399,72.64405,True
D.N.Polytechnic,schools,College & University,23.07247,72.65077,True
Cama Beauty Studio & Academy,schools,General Educational School,23.07388,72.64993,True
UCMAS Naroda,schools,General Educational School,23.07393,72.65093,True
Blossom Institute Nanachiloda,schools,General Educational School,23.07392,72.65462,True
Commerce Adda,schools,General Educational School,23.07292,72.65378,True
SMART Education Academy,schools,General Educational School,23.07293,72.65379,True
Rudra College of Business Administration,schools,College & University,23.07293,72.65379,True
UCMAS Naroda,schools,General Educational School,23.07349,72.6607,True
Little child School,schools,Primary & Pre-School,23.0739,72.6664,True
Manekpur Primary School,schools,Primary & Pre-School,23.0726,72.66478,True
The TreeHouse Naroda,schools,General Educational School,23.07315,72.66853,True
AadharshilA High School,schools,Secondary & High School,23.07336,72.66968,True
Experimental Primary School,schools,Primary & Pre-School,23.0729,72.67223,True
Shivam Institute,schools,General Educational School,23.07351,72.66999,True
Amrit Lal Bhargava -Joshi. Sub Major Education. Veteran,schools,General Educational School,23.07351,72.66842,True
UCMAS NavaNaroda,schools,General Educational School,23.07351,72.66842,True
Atmiya School,schools,Secondary & High School,23.07397,72.66648,True
Aarav Overseas,schools,General Educational School,23.07523,72.66543,True
Amc Anganwadi,schools,General Educational School,23.07917,72.65793,True
GenX IAS,schools,General Educational School,23.07798,72.66282,True
Divaba Institute of Business Administration,schools,General Educational School,23.07966,72.66816,True
The Precious Pre School,schools,Primary & Pre-School,23.07896,72.67308,True
Fivestep Skill Centre,schools,General Educational School,23.07896,72.67308,True
FiveStep Education and Immigration,schools,General Educational School,23.07945,72.67294,True
Shree Laxmi Paramedical Institute,schools,General Educational School,23.07898,72.67323,True
Margam Academy of Dance and Music,schools,General Educational School,23.0774,72.67306,True
Shree Group Tution,schools,Coaching & Entrance Institute,23.07675,72.67258,True
S P Genesis School,schools,Secondary & High School,23.07707,72.67997,True
Shanti Juniors Preschool - Hanspura,schools,Primary & Pre-School,23.07786,72.68296,True
Excellent International School Science,schools,International School,23.07786,72.68296,True
The Bright Child Dev Aashish Divine,schools,General Educational School,23.07871,72.67716,True
FootLight Feathers Entertainment company,schools,General Educational School,23.07582,72.68417,True
Aditya International School,schools,International School,23.07386,72.68625,True
Srishti Global Coaching Classes,schools,Coaching & Entrance Institute,23.06967,72.67769,True
The Bright Child Playschool,schools,Secondary & High School,23.06941,72.6763,True
Monark Air Solution,schools,General Educational School,23.06944,72.67648,True
Tech Vision Computer Class,schools,General Educational School,23.06964,72.67621,True
Global Immigration & Education Consultants,schools,General Educational School,23.06975,72.67584,True
M Square Academy,schools,General Educational School,23.07008,72.67639,True
Prime Stars Education,schools,General Educational School,23.07108,72.67693,True
Sharp Minds,schools,General Educational School,23.07155,72.67667,True
Suket Dance Academy,schools,General Educational School,23.0718,72.67579,True
Maharshi Sandipani School,schools,Secondary & High School,23.07222,72.67553,True
PiStarz Education,schools,General Educational School,23.07207,72.6751,True
Suket Music Academy,schools,General Educational School,23.07207,72.6751,True
amrut academy,schools,General Educational School,23.07089,72.671,True
Divine Life International School,schools,International School,23.0712,72.67221,True
Shree Narayana Guru High School,schools,Secondary & High School,23.07197,72.66063,True
New Noble School,schools,Secondary & High School,23.0713,72.66543,True
Sagar Vidhyalaya,schools,Secondary & High School,23.07044,72.66563,True
Shanti vidhyalaya,schools,Secondary & High School,23.07026,72.66407,True
Aditya English School,schools,Secondary & High School,23.07028,72.66406,True
Arya Institute,schools,General Educational School,23.07034,72.66148,True
Emprado Salon Nails Academy,schools,General Educational School,23.0693,72.65997,True
Shreeji Edu Hub,schools,General Educational School,23.06909,72.66512,True
Atharva Juniors Pre School,schools,Primary & Pre-School,23.06902,72.67058,True
Vadodara Primary School,schools,Primary & Pre-School,23.0697,72.66663,True
Shanti Group Tuition,schools,Coaching & Entrance Institute,23.07037,72.6705,True
UCMAS,schools,General Educational School,23.06995,72.67287,True
Achievers Academy,schools,General Educational School,23.07004,72.67197,True
Mark Honest Digital school,schools,Secondary & High School,23.07032,72.67185,True
Aditya Institute,schools,General Educational School,23.07055,72.67193,True
Avinash Academy,schools,General Educational School,23.07022,72.67243,True
The Benchmark Institute and Visa Consultancy,schools,General Educational School,23.07037,72.67476,True
I&P Education Hub,schools,General Educational School,23.06991,72.67483,True
K D Motor Driving School,schools,Secondary & High School,23.06975,72.67119,True
Central Public English School,schools,Secondary & High School,23.06916,72.67264,True
Lip's & Tip's Beauty Care & Academy,schools,General Educational School,23.06889,72.6735,True
Coachify Institute,schools,General Educational School,23.06797,72.66952,True
Little Flower School,schools,Primary & Pre-School,23.06803,72.6632,True
C M Thaker High School,schools,Secondary & High School,23.06782,72.66293,True
Gadhavi Career Development Academy,schools,Coaching & Entrance Institute,23.06654,72.66608,True
Jasmine beauty salone and academy,schools,General Educational School,23.06677,72.66185,True
Mumma's kids pre school,schools,Primary & Pre-School,23.06675,72.65907,True
Nm Zala & Gn Zala Arts & Commerce College,schools,College & University,23.06661,72.66109,True
Ojas Vidyalaya,schools,Secondary & High School,23.06661,72.66116,True
"Satyam Vidhyalay, Naroda",schools,General Educational School,23.0666,72.66119,True
A One Xaviers School,schools,Secondary & High School,23.06609,72.66069,True
Little Kids Care Pre School,schools,Primary & Pre-School,23.06537,72.6634,True
"Chaitanya Spoken English, IELTS, PTE, Duolingo and Handwriting Improvement Academy",schools,General Educational School,23.06597,72.66875,True
Shree Panchtirth Vidhyalay,schools,General Educational School,23.06596,72.66821,True
Kalash academy,schools,General Educational School,23.06614,72.66717,True
"Kidzee Preschool & Daycare, New Naroda",schools,Primary & Pre-School,23.06624,72.66789,True
Prathameshschools,schools,Secondary & High School,23.06605,72.67516,True
RiseUp Academy Nikol,schools,General Educational School,23.06531,72.6714,True
Bright Pre School,schools,Primary & Pre-School,23.06531,72.67148,True
Lions Career Academy,schools,Coaching & Entrance Institute,23.06693,72.67709,True
EuroKids PreSchool in Nava Naroda,schools,Primary & Pre-School,23.0677,72.6762,True
PixArt Multimedia Institute,schools,General Educational School,23.06103,72.6719,True
"PTE123 by Aussie Education – PTE | IELTS | English Coaching Classes In Nikol, Ahmedabad",schools,Coaching & Entrance Institute,23.06119,72.67199,True
The Bright Preschool,schools,Primary & Pre-School,23.05993,72.67118,True
Vedant International School,schools,International School,23.05907,72.67436,True
Kidskon Preschool,schools,Primary & Pre-School,23.05833,72.67091,True
EuroKids Preschool in Nikol Road,schools,Primary & Pre-School,23.05825,72.6688,True
Dynamice Children Academy,schools,General Educational School,23.05894,72.66764,True
Government Commerce College,schools,College & University,23.05942,72.66463,True
Sai Krupa Tuition Classes,schools,Coaching & Entrance Institute,23.05927,72.66218,True
Webercodes Technology,schools,General Educational School,23.05974,72.65954,True
Happy Kidz Preschool,schools,Primary & Pre-School,23.06065,72.65961,True
Sky Computer Institute,schools,General Educational School,23.06092,72.66349,True
Success Group Tuition,schools,Coaching & Entrance Institute,23.06153,72.65977,True
St. Mary's Higher Secondary School,schools,Secondary & High School,23.06324,72.65751,True
SM Hindi and English School,schools,Secondary & High School,23.06264,72.6639,True
Gurukulam Academy,schools,General Educational School,23.06169,72.66447,True
Nancy Studios & Academy | Nava Naroda | Ahemdabad,schools,General Educational School,23.06476,72.67159,True
Sent Meri School,schools,Secondary & High School,23.06416,72.66038,True
Radiant Salon and Academy,schools,General Educational School,23.06513,72.65128,True
Navyug School Class 1 2,schools,Secondary & High School,23.06418,72.65094,True
Fine education,schools,General Educational School,23.06349,72.65097,True
"Makoons Play School, Naroda Ahmedabad",schools,Secondary & High School,23.06325,72.65424,True
Gather Education,schools,General Educational School,23.06335,72.65335,True
Divine reading library,schools,General Educational School,23.06322,72.65128,True
Narayan Hotel,schools,General Educational School,23.06305,72.65161,True
Aadhar Housing Finance Limited,schools,General Educational School,23.06197,72.64379,True
Shantam institute of nursing,schools,General Educational School,23.06397,72.64312,True
BRight english school/Gita Primary School,schools,Primary & Pre-School,23.06418,72.63202,True
Bhavna Vidhyalay,schools,General Educational School,23.06474,72.63475,True
Jolly Angles Kids English School,schools,Primary & Pre-School,23.06501,72.63099,True
Janavi group tuition,schools,Coaching & Entrance Institute,23.06503,72.63081,True
The Excellency of Taekwondo Academy,schools,General Educational School,23.06469,72.63062,True
Armoured physical academy,schools,General Educational School,23.06469,72.63062,True
Achievers Group Tuition,schools,Coaching & Entrance Institute,23.06358,72.62942,True
VV Tomar Higher Secondary School,schools,Secondary & High School,23.06253,72.6297,True
Manglam Convent School,schools,Secondary & High School,23.06299,72.63153,True
Saket Hindi Higher Secondary School,schools,Secondary & High School,23.06334,72.63431,True
Shree Saraswati High School,schools,Secondary & High School,23.06143,72.63588,True
Karan Net Academy of Knowledge,schools,General Educational School,23.06013,72.63876,True
N R Institute of Physiotherapy,schools,General Educational School,23.06013,72.63876,True
A success education engineering academy,schools,General Educational School,23.06012,72.63877,True
Rachna School,schools,Secondary & High School,23.06016,72.63212,True
Excellent English Gujarati and Girls High School,schools,Secondary & High School,23.06104,72.6346,True
Future Key Computer Education,schools,General Educational School,23.06017,72.62483,True
Tuirpat Engineers,schools,General Educational School,23.06011,72.62478,True
Drop Of Change Institute,schools,General Educational School,23.06067,72.62661,True
V V Tomar Hindi higher secondary School,schools,Secondary & High School,23.05975,72.62417,True
EduSec college management system,schools,College & University,23.05829,72.63467,True
Maharshi Dayanand High School,schools,Secondary & High School,23.05952,72.63707,True
Devguru Academy,schools,General Educational School,23.05947,72.63799,True
Saijpur Bogha Gujarati School,schools,Secondary & High School,23.0598,72.63909,True
Saraswati Vidyalaya High School,schools,Secondary & High School,23.05828,72.64271,True
Streetwear Bangkok,schools,General Educational School,23.06011,72.65017,True
Prabudhdha Ashram Shala,schools,Secondary & High School,23.06098,72.65059,True
Petals Krishnanagar Preschool,schools,Primary & Pre-School,23.05919,72.65427,True
DNA Academy,schools,General Educational School,23.05738,72.65239,True
Shivam Vidhyalaya,schools,Secondary & High School,23.0563,72.65391,True
Shri Shiv Jyot Vidya Mandir,schools,General Educational School,23.05523,72.65442,True
Upasana Vidhya Vihar,schools,General Educational School,23.05591,72.65079,True
"Krishnannager vidhyavihar Highschool, Krishnanager, Naroda, Ahmedabad-382345",schools,Secondary & High School,23.05562,72.64546,True
Small wonder play school,schools,Secondary & High School,23.05536,72.64339,True
Little Angels Play School,schools,Primary & Pre-School,23.05487,72.64295,True
Alfadeep Classes,schools,Coaching & Entrance Institute,23.05658,72.64119,True
Global Public School,schools,Secondary & High School,23.05658,72.64134,True
Future Education Group,schools,General Educational School,23.05701,72.64011,True
H.M.Parekh Educational Group,schools,General Educational School,23.05714,72.6401,True
Ramnand School,schools,Secondary & High School,23.05703,72.64021,True
Sakar Institute,schools,General Educational School,23.0568,72.64177,True
Don Bosco English School,schools,Secondary & High School,23.05688,72.64409,True
UCMAS,schools,General Educational School,23.05752,72.64246,True
Creative Institute of Computer Education,schools,General Educational School,23.05793,72.63776,True
Mahatma Gandhi Physiotherapy College,schools,College & University,23.05789,72.63721,True
Shree Siddhivinayak Motor Driving School,schools,Secondary & High School,23.05763,72.63686,True
Dr SB Pandya English Primary School,schools,Primary & Pre-School,23.05742,72.63784,True
G D High School,schools,Secondary & High School,23.05712,72.63788,True
Rachna Vidhyalaya,schools,Secondary & High School,23.05704,72.63527,True
Shrenik & Company,schools,General Educational School,23.05644,72.63397,True
R.G Yadav English Higher Secondary School,schools,Secondary & High School,23.05728,72.63362,True
Anupam Vidya Mandir Saijpur Bogha,schools,General Educational School,23.0579,72.63435,True
CARE Education,schools,General Educational School,23.058,72.62415,True
Deepak Cycle Works,schools,General Educational School,23.05312,72.63097,True
Navyug Vidhyalay,schools,General Educational School,23.05412,72.63055,True
Saijpur Gujarati School No. 6,schools,Secondary & High School,23.0541,72.62796,True
Polar International,schools,International School,23.05221,72.62742,True
Shree Sharda Vidyamandir,schools,General Educational School,23.0516,72.62287,True
Doon champion school,schools,Secondary & High School,23.05132,72.64209,True
"Patel Web Solution, Krishnanagar, Naroda, Ahmedabad | Classes for C, CCC, C++. Java, Python, Graphics Design, Tally",schools,Coaching & Entrance Institute,23.05115,72.64396,True
Home First Finance Company,schools,General Educational School,23.05119,72.64381,True
JK Tally & Web Classes,schools,Coaching & Entrance Institute,23.05119,72.64381,True
Kaushalam Technology,schools,Secondary & High School,23.05128,72.64246,True
Ocean Academy,schools,General Educational School,23.05089,72.64816,True
Ankur International School,schools,International School,23.05202,72.64658,True
Axar School,schools,Secondary & High School,23.05284,72.64063,True
MotiveQuest Education Consultancy,schools,General Educational School,23.05299,72.64533,True
Experimental Primary School,schools,Primary & Pre-School,23.05399,72.65544,True
Mount Everest English School,schools,Secondary & High School,23.05222,72.6564,True
Spandan Little Star Pre School,schools,Primary & Pre-School,23.05133,72.65777,True
S M Hindi Vidyaniketan,schools,Secondary & High School,23.05144,72.66578,True
Rangoli Preschool,schools,Primary & Pre-School,23.05159,72.6675,True
MS Technical Institute and Training Centre,schools,General Educational School,23.05153,72.67042,True
The Bright Child,schools,General Educational School,23.05192,72.67256,True
Vision Coaching Institute,schools,Coaching & Entrance Institute,23.05258,72.67072,True
Aims,schools,General Educational School,23.05249,72.67052,True
Panda Juniors Preschool,schools,Primary & Pre-School,23.05193,72.67043,True
Ghanshyam Achiever Academy,schools,General Educational School,23.05267,72.6708,True
Valance Overseas,schools,General Educational School,23.05306,72.67088,True
Ghunghroo Nrutya Kala,schools,General Educational School,23.05421,72.6688,True
Muse Art Academy Navrangpura,schools,General Educational School,23.05393,72.67062,True
Ghanshyam English Academy,schools,General Educational School,23.05359,72.67078,True
Rameshwar Shikshan Sankul,schools,Secondary & High School,23.05359,72.66847,True
Shiv Academy Naroda,schools,General Educational School,23.05374,72.66445,True
S M English School,schools,Secondary & High School,23.05371,72.66599,True
Gayatri Vidyalaya,schools,Secondary & High School,23.05417,72.65795,True
Greenvelly apartment,schools,General Educational School,23.05449,72.66585,True
Care 4 Education,schools,General Educational School,23.05618,72.66641,True
Riiyazii Music Academy,schools,General Educational School,23.05616,72.66538,True
Ocean Academy Degree- Diploma Engineering classes,schools,Coaching & Entrance Institute,23.05605,72.66529,True
RP Vasani International School,schools,International School,23.0558,72.66139,True
vidhyaacademy.in,schools,General Educational School,23.05675,72.65933,True
The Royal School Of Garba,schools,Secondary & High School,23.05792,72.66459,True
Neev Bridal Studio and Academy,schools,General Educational School,23.05685,72.66396,True
Mansi Beauty studio & Academy,schools,General Educational School,23.05806,72.67155,True
New Genius Classes,schools,Coaching & Entrance Institute,23.05662,72.67135,True
Raslila,schools,General Educational School,23.05652,72.67114,True
Imperial Coaching Academy,schools,Coaching & Entrance Institute,23.05594,72.67518,True
Monark University,schools,College & University,23.05622,72.66658,True
UCMAS,schools,General Educational School,23.05527,72.66906,True
Kelvani Dham Nikol,schools,General Educational School,23.05523,72.67445,True
Shreenathji Enterprise - Your Trusted Stamp Partner,schools,General Educational School,23.05454,72.67366,True
Rising Steps Pre School,schools,Primary & Pre-School,23.05455,72.67692,True
V I Patel B-Ed College,schools,College & University,23.05644,72.67569,True
Eye Concept NIKOL,schools,College & University,23.05726,72.67787,True
"Uday Auto link Private Limited, Katwada",schools,General Educational School,23.05793,72.68841,True
WebSankul Academy,schools,General Educational School,23.0527,72.67983,True
AGS Salon & Academy,schools,General Educational School,23.05189,72.68378,True
Dreamway Coaching Classes & Visa Consultancy,schools,Coaching & Entrance Institute,23.05198,72.68271,True
Om Coaching classes,schools,Coaching & Entrance Institute,23.05202,72.68269,True
Winny Immigration Nikol,schools,General Educational School,23.05199,72.68134,True
Chandramauli Hair Salon and Academy,schools,General Educational School,23.0524,72.68106,True
Rightway Overseas,schools,General Educational School,23.05252,72.68043,True
Navrangpura Primary School,schools,Primary & Pre-School,23.05341,72.69394,True
"Shiv Engineering, India.",schools,General Educational School,23.0579,72.70635,True
Institute of Foreign Trade - IFT,schools,General Educational School,23.06117,72.70785,True
Kathwada Primary School,schools,Primary & Pre-School,23.0586,72.70526,True
PanchKosh Vidhya Vikas Kendra,schools,General Educational School,23.06493,72.69367,True
Zanu Primary School,schools,Primary & Pre-School,23.04365,72.74035,True
Bhuvaladi Primary School,schools,Primary & Pre-School,23.03196,72.71825,True
Antrix Coaching classes,schools,Coaching & Entrance Institute,23.02472,72.69527,True
Chandlodia Prathamik Shala,schools,Secondary & High School,23.08047,72.55148,True
AAEngineering,schools,General Educational School,23.08709,72.55167,True
Shree Saraswati Academy,schools,General Educational School,23.08826,72.55238,True
Saraswati and Ktpatel School,schools,Secondary & High School,23.0876,72.55065,True
Tirupati Vidyalaya Primary School,schools,Primary & Pre-School,23.08537,72.55041,True
Ajay Yadav,schools,General Educational School,23.08822,72.55032,True
Kaangaroo Kinder Joyz Day Care,schools,General Educational School,23.09615,72.55108,True
Podar Jumbo Kids - Gota Chandlodiya,schools,Primary & Pre-School,23.09649,72.55075,True
Kidzee Vandemataram Gota,schools,General Educational School,23.10021,72.55128,True
Rushi Raj Karate Kunfu School,schools,Secondary & High School,23.08048,72.55316,True
Durga Vidyalaya,schools,Secondary & High School,23.08481,72.5542,True
Sanskar School,schools,Secondary & High School,23.0811,72.55474,True
Anganwadi-New Ranip,schools,General Educational School,23.09013,72.55687,True
Garud Force Security service Pvt Ltd,schools,General Educational School,23.08252,72.55619,True
Study Perfect,schools,General Educational School,23.0883,72.55894,True
Right Education,schools,General Educational School,23.0931,72.55749,True
Saarthi English Academy - Spoken English - New Ranip,schools,General Educational School,23.0934,72.55789,True
Lakshya Cricket Academy,schools,General Educational School,23.10126,72.55894,True
RD Achievers' Classes,schools,Coaching & Entrance Institute,23.09921,72.55821,True
Navarang Vidhyalay,schools,General Educational School,23.11091,72.55715,True
Shanti Juniors Preschool Godrej Garden city,schools,Primary & Pre-School,23.11777,72.55726,True
New Navrang English School,schools,Secondary & High School,23.11411,72.55878,True
Cambridge Montessori Junior. Gota. A'Bad,schools,International School,23.11718,72.55909,True
Cuemath,schools,General Educational School,23.11723,72.55677,True
MIT Sir's Anadkat Academy,schools,General Educational School,23.11351,72.55566,True
Mahi Visa Services - Ahmedabad,schools,General Educational School,23.11405,72.55565,True
Achievers Academy,schools,General Educational School,23.1152,72.55505,True
Math Tuition Classes Cuemath,schools,Coaching & Entrance Institute,23.1169,72.55499,True
Ekta's Beauty Salon n Academy,schools,General Educational School,23.1186,72.55577,True
Global Indian International School,schools,International School,23.11715,72.55358,True
Morfun - Early Childhood Development Center,schools,General Educational School,23.11382,72.5539,True
Bachpan Pre-school Jagatpur,schools,Primary & Pre-School,23.11474,72.55477,True
MBACHAIWALA's Academy,schools,General Educational School,23.1119,72.55415,True
Achievers education,schools,General Educational School,23.11357,72.55148,True
Edge English,schools,General Educational School,23.12939,72.55133,True
RILI Institute of Knowledge,schools,General Educational School,23.14019,72.55229,True
RILI School of Lil Champs,schools,Secondary & High School,23.14019,72.55229,True
Khoraj Primary School,schools,Primary & Pre-School,23.14946,72.5546,True
Amba School for Excellence,schools,Secondary & High School,23.14788,72.55621,True
tragad primary school,schools,Primary & Pre-School,23.12794,72.55815,True
Sharma Education Point,schools,General Educational School,23.1259,72.55927,True
H3 World School,schools,International School,23.12441,72.56009,True
Narayana eTechno (CBSE) School - Tragad,schools,Secondary & High School,23.13047,72.56272,True
Aloha Tragad,schools,General Educational School,23.13573,72.56122,True
Swaram Academy Of Classical and Light Music,schools,General Educational School,23.13536,72.56061,True
Adani Institute of Digital Technology Management,schools,General Educational School,23.16436,72.56298,True
Talent Plus Academy,schools,General Educational School,23.12541,72.5653,True
Adhisha,schools,General Educational School,23.12484,72.56642,True
VIDHI Commerce Classes,schools,Coaching & Entrance Institute,23.11996,72.56772,True
Math Tuition Classes Cuemath,schools,Coaching & Entrance Institute,23.11552,72.56762,True
Genius Dance Academy,schools,General Educational School,23.11009,72.56775,True
Pushpam Tuition Classes,schools,Coaching & Entrance Institute,23.11056,72.56748,True
Gaurav Texchem,schools,General Educational School,23.11023,72.56764,True
Swami Vivekanand Vidyalaya,schools,Secondary & High School,23.10589,72.56697,True
Sigma Computer Education,schools,General Educational School,23.10828,72.56622,True
Shri Sadguru Vidyalaya,schools,Secondary & High School,23.10819,72.56554,True
Kidzee IOC Chandkheda,schools,General Educational School,23.10837,72.56384,True
Shanti Juniors-Tragad Ioc Road,schools,General Educational School,23.11116,72.56433,True
Drona Public School,schools,Secondary & High School,23.11127,72.5644,True
Jagruti English School,schools,Secondary & High School,23.11118,72.56443,True
H3 Learning Centre,schools,General Educational School,23.11232,72.56385,True
Abhinay Academy Classes,schools,Coaching & Entrance Institute,23.11232,72.56385,True
Girl's Door Beauty Studio & Academy,schools,General Educational School,23.12278,72.56017,True
Shashima's Study Circle,schools,General Educational School,23.12262,72.5601,True
Smart Crystal Kids day care pre- school,schools,Primary & Pre-School,23.12243,72.56023,True
Khyati Ninos Jagatpur,schools,General Educational School,23.1169,72.55949,True
"Rangoli Preschool Godrej Garden City, Ahmedabad",schools,Primary & Pre-School,23.11516,72.56011,True
Soham Overseas Education and Visas,schools,General Educational School,23.11405,72.56055,True
Sankalp Greens,schools,General Educational School,23.11416,72.56093,True
TEKnirvana Tradelinks Pvt Ltd,schools,General Educational School,23.11509,72.5613,True
Shreyash Primary School,schools,Primary & Pre-School,23.1108,72.56104,True
Chenpur Primary School,schools,Primary & Pre-School,23.10184,72.55967,True
Dolphin Academy Gota,schools,General Educational School,23.10431,72.56049,True
DV Montessori School,schools,Primary & Pre-School,23.11085,72.56273,True
The Tree House Play Group Nursery,schools,Primary & Pre-School,23.09367,72.56206,True
Shashwat Visa Services,schools,General Educational School,23.09146,72.56256,True
vishwa parivartak ishwariya vidhyalay,schools,General Educational School,23.10104,72.55979,True
Suraj Primary School,schools,Primary & Pre-School,23.0964,72.55969,True
Geneva Liberal School,schools,Secondary & High School,23.09622,72.56014,True
Kidz Kingdom Pre-School,schools,Primary & Pre-School,23.09615,72.56013,True
Ahmedabad Juniors New Ranip,schools,General Educational School,23.09539,72.56028,True
Skill with darshana patel,schools,General Educational School,23.09144,72.55931,True
F.S.Bridal Studio & Academy,schools,General Educational School,23.09144,72.55931,True
"LCK Pre School, New Ranip",schools,Primary & Pre-School,23.09129,72.55939,True
AndDrops Education,schools,General Educational School,23.09109,72.55977,True
Shiv Computer Education and English Speaking,schools,General Educational School,23.09105,72.56039,True
Knowledge Institute,schools,General Educational School,23.09191,72.56134,True
Shiv Vidhya Niketan Pre-School & Coaching Institute,schools,Primary & Pre-School,23.08861,72.56053,True
Bhakti Maths Academy,schools,General Educational School,23.08962,72.55963,True
Dine Education Center,schools,General Educational School,23.08871,72.55969,True
Zeel Hobby & Cooking Classes,schools,Coaching & Entrance Institute,23.08741,72.5601,True
Smarty kids,schools,Primary & Pre-School,23.08707,72.56017,True
Bhumi Electrical,schools,General Educational School,23.08056,72.55969,True
New DP Campus,schools,College & University,23.08029,72.56227,True
IELTS GRE SAT TOEFL PTE at Vinay Patel Classes - Ahmedabad,schools,Coaching & Entrance Institute,23.08938,72.56277,True
Nishan Higher Secondary School,schools,Secondary & High School,23.08033,72.56365,True
Super English School,schools,Secondary & High School,23.08063,72.56377,True
Apple kids play school,schools,Primary & Pre-School,23.08074,72.56389,True
Shree Prahladbahi Patel Skating School,schools,Secondary & High School,23.08046,72.56406,True
Naarie Beauty Salon and Academy,schools,General Educational School,23.08086,72.56407,True
Navadep Prathamik School,schools,Secondary & High School,23.08488,72.56417,True
A.N Computer Class- Best Accounting & Computer Class- Ranip,schools,General Educational School,23.08181,72.56488,True
VidhyaTirth Classis,schools,General Educational School,23.08182,72.56496,True
Shree Swaminarayan College of Pharmacy,schools,College & University,23.0824,72.5658,True
Shree Swaminarayan International School,schools,International School,23.08237,72.56575,True
Cuemath,schools,General Educational School,23.0862,72.5659,True
Apollo International School - Tragad,schools,International School,23.08874,72.5653,True
Bhavy Education,schools,General Educational School,23.0893,72.56494,True
LotuX Tech and IT Academy,schools,General Educational School,23.08922,72.56494,True
Khodiyar Education & Immigration,schools,General Educational School,23.08922,72.56494,True
Shiksha Group Education,schools,General Educational School,23.08921,72.56493,True
Pranil Education,schools,General Educational School,23.08937,72.56505,True
"THE SETTLERS VISAS AND COACHING 331 S.V. Square, New Ranip, Ahmedabad. Gujarat.",schools,Coaching & Entrance Institute,23.08949,72.56479,True
Apollo 9th & 10th,schools,General Educational School,23.08932,72.56477,True
Ample Dreams Educom,schools,General Educational School,23.08955,72.56474,True
"Shriji Education Services (A K Visa Consultants) - Trusted Study & Immigration Consultant, IELTS/PTE Coaching in Ahmedabad",schools,Coaching & Entrance Institute,23.09036,72.56466,True
Panveera Dance Academy and Events,schools,General Educational School,23.09011,72.56445,True
"EuroKids Pre-School at New Ranip, Best Kindergarten",schools,Primary & Pre-School,23.08964,72.56445,True
Akshar Compusoft Education,schools,General Educational School,23.08983,72.5645,True
Waves Music Academy,schools,General Educational School,23.08923,72.5644,True
VidhyaRati Classes,schools,Coaching & Entrance Institute,23.08551,72.56445,True
Veda Satvaa,schools,General Educational School,23.08566,72.56435,True
UCMAS,schools,General Educational School,23.08768,72.56432,True
Arpan Education Higher Secondary School,schools,Secondary & High School,23.08623,72.56398,True
House of glam unisex salon & academy122,schools,General Educational School,23.0924,72.56628,True
Joy Group Tuitions,schools,Coaching & Entrance Institute,23.08866,72.56703,True
Chanak Education Zone,schools,General Educational School,23.08848,72.56599,True
Shree Swaminarayan Physiotherapy College - Ahmedabad,schools,College & University,23.08248,72.5663,True
The Special Character It Services,schools,General Educational School,23.08075,72.56692,True
Navsarjan High School,schools,Secondary & High School,23.08057,72.56719,True
Sai Education Campus,schools,College & University,23.08433,72.56758,True
Ruchi Driving School,schools,Secondary & High School,23.07993,72.56865,True
Shukan smile city,schools,General Educational School,23.08711,72.56933,True
Nishan School,schools,Secondary & High School,23.07995,72.56941,True
S.L English School,schools,Secondary & High School,23.07989,72.56964,True
Amaira - Beauty Studio & Academy,schools,General Educational School,23.08371,72.57146,True
Navnirman Higher Secondary School,schools,College & University,23.08219,72.57196,True
Signal and Telecom Training Centre,schools,General Educational School,23.10143,72.57087,True
ST Joseph Higher Secondary School,schools,Secondary & High School,23.10396,72.5694,True
Om Group Tuition,schools,Coaching & Entrance Institute,23.10382,72.57023,True
My Flower English School,schools,Secondary & High School,23.10983,72.56992,True
Saraswati Higher Secondary School,schools,Secondary & High School,23.11082,72.5704,True
UCMAS,schools,General Educational School,23.11186,72.57039,True
Medha's KIDS CAMP,schools,Primary & Pre-School,23.11654,72.56988,True
Shanti Juniors Science City,schools,General Educational School,23.1171,72.57091,True
First Rank Education Academy,schools,General Educational School,23.11801,72.57058,True
"EuroKids Pre-School Ahmedabad-Chandkheda, Tragad Road",schools,Primary & Pre-School,23.12334,72.57153,True
Shri LV Upadhyaya-Sabarmati Arts and Commerce College,schools,College & University,23.12105,72.57142,True
Cuemath,schools,General Educational School,23.12,72.571,True
Urban Gurukul,schools,General Educational School,23.12041,72.57199,True
Abhyas Tutorial,schools,Coaching & Entrance Institute,23.12057,72.5716,True
Limco Abacus Training Centre,schools,General Educational School,23.12087,72.57166,True
Clear My Udaan Powered By Nikita Overseas Pvt Ltd,schools,General Educational School,23.12044,72.57262,True
M&d Hair Saloon & Academy,schools,General Educational School,23.11571,72.57212,True
Shivshakti School,schools,Secondary & High School,23.11331,72.57267,True
Sohas Boutique and Classes,schools,Coaching & Entrance Institute,23.11181,72.57259,True
New Gayatri Higher Secondary School,schools,Secondary & High School,23.10855,72.57061,True
Magic beats music academy,schools,General Educational School,23.10671,72.57096,True
Raj Teaching Point,schools,General Educational School,23.10395,72.57098,True
Unique Group Tuition,schools,Coaching & Entrance Institute,23.10387,72.57146,True
Urvi Hobby Class,schools,General Educational School,23.10634,72.57216,True
Varahi School,schools,Secondary & High School,23.10552,72.57266,True
Arpan Kanya Vidhyalay,schools,General Educational School,23.10371,72.57252,True
Parimal High School,schools,Secondary & High School,23.10535,72.57382,True
Vegas Consultancy Services Foreign Education & Immigration,schools,General Educational School,23.10743,72.57391,True
Riva Academy,schools,General Educational School,23.11255,72.57472,True
Aadhar Housing Finance Limited,schools,General Educational School,23.11205,72.57466,True
The Expert Academy,schools,General Educational School,23.11237,72.57469,True
Vitthal Group Tuition,schools,Coaching & Entrance Institute,23.1126,72.57469,True
MS The Institute of Education,schools,General Educational School,23.11267,72.57464,True
Magic Beats Music Academy,schools,General Educational School,23.11205,72.57452,True
Parishram Institute,schools,General Educational School,23.11193,72.57325,True
N.M.High School,schools,Secondary & High School,23.10766,72.57316,True
GIIT Computer Education,schools,College & University,23.1118,72.57303,True
Apollo International School - Zundal,schools,International School,23.12325,72.57309,True
Mythu Study Center,schools,Coaching & Entrance Institute,23.1199,72.57369,True
ITI Chandkheda,schools,General Educational School,23.116,72.57414,True
Jyoti Education Care,schools,General Educational School,23.11288,72.5747,True
Concept Media,schools,College & University,23.11296,72.57481,True
Future Education Group,schools,General Educational School,23.11272,72.57498,True
JEC Fashion Design Institute,schools,General Educational School,23.11288,72.57567,True
JACK Computer Institute,schools,General Educational School,23.11276,72.57574,True
Wings Institute,schools,General Educational School,23.1181,72.57492,True
Kavya Sports Academy | Chandkeda's No.1 Premier Sports Academy,schools,General Educational School,23.11845,72.5754,True
"TIME Kids Preschool, TP-44, Chandkheda",schools,Primary & Pre-School,23.12206,72.57629,True
Asian Global School,schools,International School,23.12206,72.57629,True
Abhigyanam Education Institute,schools,General Educational School,23.12118,72.5764,True
Akshan Institute,schools,General Educational School,23.119,72.57676,True
Mani Prabhu(Krupa) High School,schools,Secondary & High School,23.11269,72.5763,True
New Little Flower School,schools,Primary & Pre-School,23.11206,72.57665,True
Manali Primary School,schools,Primary & Pre-School,23.1103,72.57607,True
Triveni Hindi Higher Secondary School,schools,Secondary & High School,23.10957,72.57592,True
ip english school,schools,Secondary & High School,23.10588,72.57597,True
M.J. Engineering Coaching,schools,Coaching & Entrance Institute,23.10451,72.5757,True
"Podar International School - Cambridge, Ahmedabad",schools,International School,23.10451,72.5757,True
Assure Management Consultancy,schools,General Educational School,23.10451,72.5757,True
Race academy,schools,General Educational School,23.10214,72.57548,True
Delight Public School,schools,Secondary & High School,23.10287,72.57567,True
Krish Education,schools,General Educational School,23.10306,72.57577,True
Sahajanand Primary School,schools,Primary & Pre-School,23.10355,72.57627,True
DM Academy,schools,General Educational School,23.1045,72.57607,True
Sabarmati Hindi High School,schools,Secondary & High School,23.10592,72.57609,True
Ambica Primary School,schools,Primary & Pre-School,23.08426,72.57363,True
Ronak Gruh Udyog,schools,General Educational School,23.08426,72.57366,True
Sopan Blind School,schools,Secondary & High School,23.08427,72.57301,True
H3 Preschool New Ranip,schools,Primary & Pre-School,23.08074,72.57552,True
Home First Finance Company ( HFFC ),schools,General Educational School,23.08195,72.57695,True
Ssisranip,schools,General Educational School,23.08292,72.57764,True
Ranip Pagar Kendra Shala,schools,Secondary & High School,23.08043,72.57873,True
Ranip Police Line Primary School No 3,schools,Primary & Pre-School,23.08088,72.58336,True
Railway Colony Old Institute,schools,General Educational School,23.08447,72.5846,True
Adarsh Vidhya Vihar,schools,General Educational School,23.08955,72.58607,True
ARJUN English High School,schools,Secondary & High School,23.09021,72.58554,True
SSGV School,schools,Secondary & High School,23.08955,72.58545,True
Alpha kids international pre school,schools,International School,23.08955,72.58545,True
Parimal Vidhyalay,schools,General Educational School,23.08952,72.58551,True
Shivanjali Dance Institute,schools,General Educational School,23.08952,72.58551,True
Green Fuel Solution,schools,General Educational School,23.08953,72.58551,True
Friend 2 Friend,schools,General Educational School,23.08953,72.58551,True
Sanskar Vatika Ahmedabad,schools,General Educational School,23.08953,72.58551,True
Karmayog Primary School,schools,Primary & Pre-School,23.09437,72.5856,True
"DISHA Career Academy, Chandkheda",schools,Coaching & Entrance Institute,23.09673,72.58602,True
Gyandeep Hindi High School,schools,Secondary & High School,23.10136,72.58471,True
Ashan Vidya Mandir,schools,General Educational School,23.11086,72.58273,True
My Chhota School,schools,Secondary & High School,23.10776,72.58334,True
Aagam Institute of Design and Arts,schools,General Educational School,23.1054,72.58378,True
IIHT Chandkheda,schools,General Educational School,23.10916,72.58503,True
Flying kids pre school and day care,schools,Primary & Pre-School,23.11082,72.58438,True
Math Tuition Classes Cuemath,schools,Coaching & Entrance Institute,23.11745,72.58462,True
Manappuram Finance,schools,General Educational School,23.11491,72.58384,True
Muthoot FinCorp Gold Loan,schools,General Educational School,23.1148,72.58378,True
Ca Amruta Nair Commerce Coaching Institute,schools,Coaching & Entrance Institute,23.11493,72.58371,True
Triangle Education,schools,General Educational School,23.11483,72.58361,True
G. K. Institute of Diploma Engineering Solution,schools,General Educational School,23.11469,72.5837,True
Industrial Training Center - Chandkheda,schools,General Educational School,23.11507,72.5828,True
Increase Tution Classes,schools,Coaching & Entrance Institute,23.11507,72.5828,True
Jyoti Groups & Personal Tution - Chandkheda,schools,Coaching & Entrance Institute,23.11711,72.58257,True
Chadnakheda Computer Education Centre,schools,General Educational School,23.1159,72.58225,True
SSRV - Zundal,schools,General Educational School,23.1157,72.58267,True
The Knowledge Academy of Gujarat,schools,General Educational School,23.11532,72.58256,True
Sanskar Vidhyalay,schools,General Educational School,23.11526,72.58198,True
Speakwell English Academy Chandkheda,schools,General Educational School,23.11686,72.58203,True
Arunim Academy,schools,General Educational School,23.11922,72.58166,True
Wisdom Academy,schools,General Educational School,23.11923,72.58167,True
Avitus Education Center,schools,General Educational School,23.11996,72.58178,True
EuroKids New Chandkheda,schools,Primary & Pre-School,23.11996,72.58178,True
Apex Medical Academy,schools,General Educational School,23.11996,72.58178,True
Genius Academy Chandkheda,schools,General Educational School,23.11897,72.58156,True
Safal Group,schools,General Educational School,23.11898,72.58156,True
Apex Medical Academy,schools,General Educational School,23.11905,72.58157,True
Ranker Academy,schools,General Educational School,23.11864,72.58151,True
Unicorn International Preschool-Academic Pedagogy By Kalorex Earlycare Chandkheda And Zundal,schools,International School,23.12172,72.58021,True
DSC Kids,schools,Primary & Pre-School,23.12095,72.57983,True
Visatmata Primary School,schools,Primary & Pre-School,23.11725,72.57993,True
Primary School-Chandkheda,schools,Primary & Pre-School,23.11301,72.58043,True
Ramesh Motor Driving School Chandkheda,schools,Secondary & High School,23.11506,72.58088,True
B S High School-Chandkheda,schools,Secondary & High School,23.1117,72.58119,True
Kv Ongc,schools,General Educational School,23.10622,72.58011,True
Kidzee Janta Nagar,schools,General Educational School,23.10845,72.5798,True
Angel Martial Arts Academy,schools,General Educational School,23.10852,72.58014,True
Jagruti Vidhya Sankul,schools,General Educational School,23.10849,72.58013,True
Shri Sabri Mala Dharam Shala Mandir,schools,Secondary & High School,23.10818,72.5805,True
Digital Vision Academy,schools,General Educational School,23.10927,72.58045,True
H3 Preschool New Chandkheda,schools,Primary & Pre-School,23.11214,72.57989,True
A.D.Institute of Commerce,schools,General Educational School,23.11214,72.57989,True
CA Amruta Nair Commerce Coaching Institute,schools,Coaching & Entrance Institute,23.11214,72.57989,True
Shanti Juniors New Chandkheda,schools,General Educational School,23.11214,72.57989,True
Aerostar India,schools,General Educational School,23.11214,72.57989,True
shaurya pre school,schools,Primary & Pre-School,23.11214,72.57989,True
SUN ART Activities,schools,General Educational School,23.11212,72.57989,True
KRIPS Institute,schools,General Educational School,23.11212,72.57989,True
Ananya Vidyalaya,schools,Secondary & High School,23.11212,72.5799,True
Sabarmati High Secondary School / I. P. English School,schools,Secondary & High School,23.10743,72.57838,True
Pragati Vidhyalay,schools,General Educational School,23.10538,72.57916,True
Tushar Solanki AI & Full Stack Coaching,schools,Coaching & Entrance Institute,23.10652,72.57794,True
Janki Vidhyalaya Pulkit School,schools,Secondary & High School,23.10243,72.57758,True
Kudrti Upchar Kendra,schools,General Educational School,23.11371,72.57815,True
E-Help Education & Migration,schools,General Educational School,23.13186,72.57778,True
Hello Kids Srijan,schools,Primary & Pre-School,23.132,72.57766,True
Kidz Tuitions,schools,Coaching & Entrance Institute,23.1362,72.57976,True
Gautam Schools,schools,Secondary & High School,23.12554,72.58267,True
Hello Kids SRIJAN,schools,Primary & Pre-School,23.13223,72.58342,True
"sspc,zundal",schools,General Educational School,23.13079,72.58563,True
Snt Overseas,schools,General Educational School,23.13028,72.5845,True
SAM International,schools,International School,23.13023,72.58419,True
Sahajanand College Of Nursing,schools,College & University,23.13734,72.58446,True
J M G Prabhu School,schools,Secondary & High School,23.13522,72.58586,True
Earth School,schools,Secondary & High School,23.13855,72.58584,True
Ganpat University,schools,College & University,23.14316,72.58584,True
Udaan Classes STD. 1 to 10,schools,Coaching & Entrance Institute,23.16216,72.58555,True
Shreeji Group Tuition,schools,Coaching & Entrance Institute,23.16731,72.58177,True
Action Taekwondo Academy,schools,General Educational School,23.1667,72.58096,True
Dhyan Education - Adalaj,schools,General Educational School,23.16669,72.57961,True
SDI Ahmedabad,schools,General Educational School,23.16277,72.58015,True
Gandhinagar Meditation Institute,schools,General Educational School,23.13334,72.56859,True
"Shri Ram Chandra Mission Ashram, Ahmedabad",schools,General Educational School,23.16632,72.57253,True
Ved School for Excellence,schools,Secondary & High School,23.17414,72.57701,True
Anand Garden Nursery,schools,Primary & Pre-School,23.17373,72.57992,True
"EuroKids Preschool at Near Swagat City, Adalaj, Best Kindergarten",schools,Primary & Pre-School,23.16927,72.58047,True
Arihant homoeopathic medical College bhoyan rathod gandhinagar Gujarat,schools,College & University,23.16915,72.58241,True
Swarrnim International School,schools,International School,23.16915,72.58241,True
Arihant School of Pharmacy,schools,Secondary & High School,23.17737,72.58371,True
PTC College Adalaj,schools,College & University,23.17058,72.58487,True
"Smt.Manekba  primary school, adalaj,gandhinagar,382421",schools,Primary & Pre-School,23.1704,72.58476,True
Adalaj Taluka Government School-Main Gate,schools,Secondary & High School,23.169,72.58519,True
Global Institute of Management - Gandhinagar,schools,College & University,23.17446,72.58561,True
Shardul,schools,General Educational School,23.17807,72.56,True
Pundrasan primary school,schools,Primary & Pre-School,23.17046,72.61295,True
Vishwakarma Government Engineering College - VGEC,schools,College & University,23.12787,72.59925,True
IBS Ahmedabad,schools,General Educational School,23.1638,72.59346,True
Venus Institute of Physiotherapy,schools,General Educational School,23.16306,72.5877,True
Venus Academy of Design Technology,schools,General Educational School,23.16306,72.5877,True
Keystone Universe of Education,schools,General Educational School,23.167,72.587,True
"EuroKids Pre-School at Adalaj, Best Kindergarten in Ahmedabad",schools,Primary & Pre-School,23.16179,72.58683,True
Next Academy Computer Education | Best Class in Adalaj For Computer Training,schools,General Educational School,23.16217,72.58724,True
Divine Child International School,schools,International School,23.14369,72.58651,True
EuroKids PreSchool in Zundal,schools,Primary & Pre-School,23.13779,72.58611,True
H3 Sports Academy,schools,General Educational School,23.12887,72.59263,True
Cuemath,schools,General Educational School,23.11292,72.59352,True
Suram Music Academy,schools,General Educational School,23.11044,72.59467,True
Doon Blossom Academy,schools,General Educational School,23.11053,72.59434,True
"ALLEN Institute | Neet-Medical, IIT-JEE & Foundation Coaching Classes in Chandkheda",schools,College & University,23.10965,72.59404,True
CDAC ATC Icon academy,schools,General Educational School,23.10838,72.59396,True
Mathemagica,schools,General Educational School,23.10949,72.5948,True
ICET Institute Best Bank & SSC Coaching Classes,schools,Coaching & Entrance Institute,23.10905,72.59501,True
I Love Biology,schools,General Educational School,23.10897,72.59495,True
CiC3,schools,General Educational School,23.10618,72.59448,True
Ganesh Career Path Consultant,schools,Coaching & Entrance Institute,23.10281,72.59471,True
Tester Academy,schools,General Educational School,23.10214,72.59456,True
"Hytech Education Motera - IELTS Classes, Student Visa Consultant Near me",schools,Coaching & Entrance Institute,23.10239,72.59452,True
Framisty Design Institute,schools,General Educational School,23.10383,72.59439,True
Aptech Learning Drive In Center at Ahmedabad,schools,General Educational School,23.10192,72.59403,True
Pegasus Immigration,schools,General Educational School,23.10387,72.59409,True
Gujarat Technological University,schools,College & University,23.10587,72.59373,True
GTU,schools,College & University,23.10689,72.59355,True
School of Applied Sciences and Technology,schools,Secondary & High School,23.10672,72.5933,True
Design Innovation Centre,schools,General Educational School,23.1069,72.59334,True
Graduate School of Management Studies GSMS,schools,College & University,23.10615,72.59285,True
Xtreme Dance Institute,schools,General Educational School,23.10906,72.59305,True
Ashtanga Yoga School,schools,Secondary & High School,23.10951,72.59387,True
My Stationeries,schools,General Educational School,23.10945,72.59385,True
Kaatya Arts & Hobby Classes,schools,Coaching & Entrance Institute,23.11137,72.59366,True
The Agastya Academy,schools,General Educational School,23.11003,72.59319,True
UCMAS,schools,General Educational School,23.10942,72.5919,True
Atal Incubation Center- Gujarat Technological University,schools,College & University,23.10689,72.5923,True
Swaminarayan Dham Gurukul,schools,General Educational School,23.10243,72.59131,True
Anand Farm and Nursery,schools,Primary & Pre-School,23.10243,72.59131,True
Sigma Institute of Science,schools,General Educational School,23.10933,72.59056,True
Podar International School,schools,International School,23.10969,72.59066,True
Anant Education Consultancy,schools,General Educational School,23.1094,72.59075,True
V.R.Group Tuition,schools,Coaching & Entrance Institute,23.10933,72.59079,True
CADD Centre Chandkheda,schools,General Educational School,23.10894,72.59071,True
Meraki Women Salon & Academy,schools,General Educational School,23.10971,72.591,True
Sakar English School,schools,Secondary & High School,23.10878,72.59154,True
Bengal music academy,schools,General Educational School,23.10895,72.59153,True
Mahakali Krupa Stationery Stores,schools,General Educational School,23.10904,72.59133,True
AV Institute,schools,General Educational School,23.10882,72.59124,True
Ahmedabad Juniors New C G Road,schools,General Educational School,23.10976,72.59116,True
Radical Educational and Development Classes,schools,Coaching & Entrance Institute,23.1129,72.59156,True
Alpha Training Center,schools,General Educational School,23.11416,72.59047,True
BYJU'S Tuition Centre - New CG Road,schools,Coaching & Entrance Institute,23.11298,72.59003,True
"EuroKids Preschool at Chandkheda, Best Kindergarten",schools,Primary & Pre-School,23.11292,72.58952,True
Cuemath,schools,General Educational School,23.11526,72.58889,True
Chandkheda Kumar School,schools,Secondary & High School,23.11761,72.5863,True
Cuemath,schools,General Educational School,23.11282,72.58677,True
Shanti Juniors,schools,General Educational School,23.11142,72.58788,True
Campusdean - School/College Management Software System,schools,College & University,23.11151,72.58801,True
The Parivartan Institute,schools,General Educational School,23.10897,72.58828,True
Tree House Pre School,schools,Primary & Pre-School,23.10893,72.58788,True
Chopra Dance Academy,schools,General Educational School,23.10893,72.58802,True
Maruti Academy Of Mathematics,schools,General Educational School,23.10893,72.58802,True
Albera salon and academy,schools,General Educational School,23.10932,72.58801,True
Samarth Computer Education,schools,General Educational School,23.1089,72.58754,True
"IANT Chandkheda, Ahmedabad",schools,General Educational School,23.10926,72.58722,True
HD Sunrise English School,schools,Secondary & High School,23.11003,72.58628,True
eduMETA THE i-SCHOOL Shriji Prakash Nagar Ahmedabad,schools,Secondary & High School,23.10768,72.58687,True
Vidyamandir Classes Ahmedabad,schools,Coaching & Entrance Institute,23.10899,72.58693,True
Brophy Tutorials,schools,Coaching & Entrance Institute,23.10937,72.58701,True
British Spoken English Classes,schools,International School,23.1093,72.58716,True
Institute of Reservoir Studies,schools,General Educational School,23.10367,72.58617,True
Hytech Education & Immigration-Motera,schools,General Educational School,23.10638,72.58807,True
Cuemath,schools,General Educational School,23.10643,72.58903,True
Gyandeep Prathamik Vidhyalaya Hindi,schools,Secondary & High School,23.106,72.58862,True
Honey Kids World,schools,Primary & Pre-School,23.106,72.58862,True
Sukhmeet Academy,schools,General Educational School,23.10899,72.58876,True
Right Directions Overseas Education Consultants - Gujarat,schools,General Educational School,23.10896,72.58875,True
Shridhar Institute,schools,General Educational School,23.10899,72.58856,True
TLAB Global,schools,General Educational School,23.11093,72.58925,True
DWJ Dance Studio,schools,General Educational School,23.10904,72.58937,True
M.J. Education,schools,General Educational School,23.10914,72.58983,True
Modulus Career Institute,schools,Coaching & Entrance Institute,23.10927,72.58971,True
Infinity - Science Academy,schools,General Educational School,23.10914,72.58948,True
King Star Sports Academy,schools,General Educational School,23.10914,72.58948,True
Blessing unisex salon & academy,schools,General Educational School,23.10922,72.58949,True
Blossom Institute,schools,General Educational School,23.10917,72.58948,True
Prestige Xclusive - Chandkheda,schools,General Educational School,23.11153,72.58954,True
JoyJumperz Preschool,schools,Primary & Pre-School,23.11268,72.58987,True
Early Todd's preschool,schools,Primary & Pre-School,23.11158,72.59012,True
Sweetspot Tennis Coaching Center,schools,Coaching & Entrance Institute,23.11097,72.59055,True
"RiseUp Academy for Air Hostess, Cabin Crew & Hospitality Institute",schools,General Educational School,23.10927,72.59027,True
Aloha New CG Road Center,schools,General Educational School,23.10931,72.59025,True
Home First Finance Company,schools,General Educational School,23.10942,72.5901,True
Afs Education,schools,General Educational School,23.10934,72.5901,True
British Academy- Chandkheda,schools,International School,23.09858,72.58991,True
Sheetalnath Turbo English,schools,General Educational School,23.09862,72.58974,True
The King Holidays,schools,General Educational School,23.09778,72.58948,True
Cuemath,schools,General Educational School,23.0977,72.58954,True
Purvi shah Makeover & academy,schools,General Educational School,23.09213,72.58841,True
Visat Petrol Pump,schools,General Educational School,23.09792,72.58941,True
Blessey Institute,schools,General Educational School,23.10067,72.58847,True
Shiksha Academy,schools,General Educational School,23.10057,72.58794,True
PushpaBlu Preschool,schools,Primary & Pre-School,23.10079,72.58792,True
GTU-Graduate School of Engineering and Technology,schools,College & University,23.09957,72.58828,True
PD Gurukul,schools,General Educational School,23.09852,72.58806,True
Shree Agrasen Shikshan Sankul,schools,Secondary & High School,23.09797,72.58807,True
Abhinav School,schools,Secondary & High School,23.09971,72.58753,True
HS Patel English Medium School,schools,Secondary & High School,23.09974,72.5875,True
Mineral Chess Academy,schools,General Educational School,23.10115,72.5865,True
Royal Institute,schools,General Educational School,23.09969,72.58652,True
Nutan High School,schools,Secondary & High School,23.09136,72.58661,True
Hemchandracharya Sanskrit Pathshala,schools,Secondary & High School,23.08521,72.58755,True
Gyandeep Hindi High School,schools,Secondary & High School,23.08844,72.58617,True
St. Ann's High School,schools,Secondary & High School,23.08461,72.58618,True
Eurokids Preschool,schools,Primary & Pre-School,23.08419,72.58801,True
L V Upadhyay Arts and Communication College,schools,College & University,23.08114,72.58786,True
Shivaaz Dance Studio,schools,General Educational School,23.08381,72.5891,True
UCMAS,schools,General Educational School,23.08444,72.58928,True
MGP Little Champ Preschool,schools,Primary & Pre-School,23.08381,72.5891,True
Cuemath,schools,General Educational School,23.08427,72.58887,True
H3 Preschool Sabarmati,schools,Primary & Pre-School,23.08653,72.5886,True
Gnyanam Education,schools,General Educational School,23.09009,72.58922,True
Vidhya Nagar,schools,General Educational School,23.08808,72.59014,True
Shree Sabarmati Kanya Vidyalaya,schools,Secondary & High School,23.0825,72.58984,True
Sree Sabramati Sarvoday Business School,schools,College & University,23.08306,72.59059,True
H H Patel School,schools,Secondary & High School,23.08507,72.59081,True
Arjun English High School,schools,Secondary & High School,23.08504,72.59096,True
Sabarmati School No 10,schools,Secondary & High School,23.08091,72.59221,True
GurukulamShiksha,schools,General Educational School,23.08402,72.59248,True
Shri Nagindas Maganlal High School,schools,Secondary & High School,23.08473,72.59168,True
Jay Ambe Nursery And Farm House,schools,Primary & Pre-School,23.08634,72.59184,True
"Progressive Analytics-Empower Trading Skill - Stock Market technical analysis courses, F&O trading classes in Ahmedabad",schools,Coaching & Entrance Institute,23.08735,72.59218,True
Atharv Kindergarten PreSchool Ahmedabad,schools,Primary & Pre-School,23.09042,72.59268,True
Maruti Suzuki Driving School - Kiran Motors Ltd,schools,Secondary & High School,23.08945,72.59119,True
IDP Motera,schools,General Educational School,23.08872,72.59113,True
Sabarmati Municipal School,schools,Secondary & High School,23.08524,72.59121,True
"ILS Coaching Institute , Ahmedabad",schools,Coaching & Entrance Institute,23.08888,72.59068,True
Art Enclave Studio and Music Academy,schools,General Educational School,23.10063,72.5906,True
Aerostar Aviation Academy,schools,General Educational School,23.10061,72.59064,True
Aarti Vidyamandir and Nathiba Primary School,schools,Primary & Pre-School,23.09656,72.59216,True
L.K. Primary School,schools,Primary & Pre-School,23.0938,72.59346,True
IISPL Ahmedabad,schools,General Educational School,23.09311,72.59446,True
Joshi's Sports Academy,schools,General Educational School,23.0861,72.59321,True
Cuemath,schools,General Educational School,23.08954,72.59927,True
Muthoot FinCorp Gold Loan,schools,General Educational School,23.09979,72.59937,True
SecondHome Preschooll Motera,schools,Primary & Pre-School,23.09777,72.59814,True
I.M.A Defence Academy,schools,General Educational School,23.09773,72.59829,True
BlissKidz_007,schools,General Educational School,23.09558,72.59639,True
Bal Sanskar Kendra,schools,General Educational School,23.09538,72.59581,True
Tutions,schools,Coaching & Entrance Institute,23.09728,72.59588,True
Shanti's Hopskotch - Motera,schools,General Educational School,23.10297,72.59536,True
Kaushalya - The Skill University,schools,College & University,23.10297,72.59536,True
Shefali's Classes,schools,Coaching & Entrance Institute,23.10353,72.596,True
JMG prabhu School,schools,Secondary & High School,23.10353,72.596,True
Bachpan PlaySchool New CG Road,schools,Secondary & High School,23.10317,72.59598,True
Nishchhal,schools,General Educational School,23.10317,72.59598,True
KoolBuch Learning,schools,General Educational School,23.10317,72.59593,True
Udani Overseas,schools,General Educational School,23.10293,72.59567,True
Excellent Academy,schools,General Educational School,23.1028,72.59607,True
MEA Ahmedabad,schools,General Educational School,23.10386,72.59666,True
Ebenezer Education Consultancy,schools,General Educational School,23.10351,72.59684,True
Samrat Garbaclasses7,schools,Coaching & Entrance Institute,23.10491,72.59708,True
Yash Educare Group Tuition,schools,Coaching & Entrance Institute,23.10451,72.59717,True
Leaf International School,schools,International School,23.10594,72.59703,True
Plutus Kids School,schools,Primary & Pre-School,23.10594,72.59703,True
DK Makover & Academy,schools,General Educational School,23.10594,72.59703,True
AFS Education,schools,General Educational School,23.10594,72.59703,True
Blossom Buds,schools,General Educational School,23.10594,72.59703,True
Red & White Multimedia Education,schools,General Educational School,23.10594,72.59703,True
NASA National Academy of Science Applications,schools,General Educational School,23.10594,72.59703,True
Smart Disha Academy,schools,General Educational School,23.10594,72.59703,True
Cradle Care,schools,General Educational School,23.10594,72.59703,True
Strumside music class,schools,General Educational School,23.10623,72.59693,True
Samyak Computer Classes Ahmedabad,schools,Coaching & Entrance Institute,23.10623,72.59693,True
Modulus Career Institute,schools,Coaching & Entrance Institute,23.10623,72.59693,True
Abroado Overseas Education,schools,General Educational School,23.10548,72.59662,True
Vishwakarma Government Engineering College,schools,College & University,23.10545,72.59659,True
A2Z Physics,schools,General Educational School,23.10867,72.59523,True
Rethink The Dance Complex,schools,General Educational School,23.1205,72.59592,True
"The i-SCHOOL - Edumeta, Chandkheda, Ahmedabad, Gujarat",schools,Secondary & High School,23.12081,72.5964,True
Math Tuition Classes Cuemath,schools,Coaching & Entrance Institute,23.11526,72.59889,True
Design Craft Academy,schools,General Educational School,23.10902,72.59905,True
"Swastik Education Campus,Motera.",schools,College & University,23.10839,72.59739,True
Dronacharya Academy,schools,General Educational School,23.10629,72.59729,True
Lifespring Preschool,schools,Primary & Pre-School,23.10582,72.59749,True
A Plus Salon And Academy,schools,General Educational School,23.1055,72.59779,True
Aavas Financiers - Home Loan Chandkheda,schools,General Educational School,23.10434,72.5977,True
Rakshaacademy,schools,General Educational School,23.1027,72.59773,True
51K Growth Hub,schools,General Educational School,23.10292,72.59879,True
Fruit Punch DJ Academy,schools,General Educational School,23.10629,72.59851,True
Dev Bussiness Hub,schools,General Educational School,23.10702,72.59856,True
"Aakash Institute, Chandkheda (Ahmedabad)",schools,Coaching & Entrance Institute,23.10594,72.59908,True
Aakash Educational Services Limited,schools,Coaching & Entrance Institute,23.10594,72.59908,True
R K Coaching Classes,schools,Coaching & Entrance Institute,23.10217,72.60144,True
Kunj Laminates Sunmica,schools,College & University,23.1017,72.60154,True
The Magical Kids Paradise Play School,schools,Primary & Pre-School,23.1063,72.60146,True
H3 preschool tp44,schools,Primary & Pre-School,23.12176,72.60117,True
Savita Sports Academy,schools,General Educational School,23.1195,72.60166,True
New Leaf Preschool,schools,Primary & Pre-School,23.11397,72.60177,True
V2 Sports Academy,schools,General Educational School,23.12007,72.6033,True
"Aakash Institute Extension Center, Chandkehda",schools,Coaching & Entrance Institute,23.11066,72.603,True
IDP School Motera,schools,Secondary & High School,23.10553,72.60282,True
Matrushree Driving School,schools,Secondary & High School,23.10542,72.60265,True
Chhanwal Coaching Institute,schools,Coaching & Entrance Institute,23.10483,72.60235,True
Hopscotch Preschool Motera,schools,Primary & Pre-School,23.10524,72.60242,True
Noah's Ark Preschoolers,schools,Primary & Pre-School,23.10454,72.60216,True
Srushti's Makeover,schools,General Educational School,23.10414,72.60202,True
The Foreign Education- Student Visa Expert,schools,General Educational School,23.10232,72.60183,True
Muthoot Finance Gold Loan,schools,General Educational School,23.10361,72.6024,True
Swastik school,schools,Secondary & High School,23.10364,72.60275,True
Motera Kanya Primary School,schools,Primary & Pre-School,23.10466,72.60353,True
Education Center,schools,General Educational School,23.1066,72.60384,True
Maitri Shiv Greens Residency,schools,General Educational School,23.10164,72.60095,True
Sant Shri Asharamji Gurukul,schools,General Educational School,23.09541,72.60133,True
Eurokids Motera,schools,Primary & Pre-School,23.09338,72.60403,True
Samanvay Institute,schools,General Educational School,23.098,72.60402,True
Riverside School,schools,Secondary & High School,23.08631,72.60741,True
Rise Up Preschool,schools,Primary & Pre-School,23.11216,72.60903,True
EuroKids Pre-School in Motera,schools,Primary & Pre-School,23.1119,72.60931,True
Arpal Preschool and Day Care,schools,Primary & Pre-School,23.11307,72.61074,True
"SkyArth Aviation Ground Classes for CPL, PPL and ATPL",schools,Coaching & Entrance Institute,23.11871,72.61231,True
Daina's Bridal Studio and Academy,schools,General Educational School,23.11273,72.61055,True
Jyoti EducationCare,schools,General Educational School,23.11813,72.60966,True
IndeeKsha Digital Pvt. Ltd.,schools,General Educational School,23.11482,72.60928,True
Smart Learning solutions,schools,General Educational School,23.12085,72.6091,True
Outlander | PTE | IELTS,schools,General Educational School,23.10582,72.60836,True
Shanti juniours motera,schools,General Educational School,23.1054,72.6081,True
Shashwat School,schools,Secondary & High School,23.10698,72.60728,True
Evolution Tennis Academy,schools,General Educational School,23.10889,72.60626,True
Sid's Chemistry-The Science House,schools,General Educational School,23.1032,72.60513,True
Kala Academy Of The Arts,schools,General Educational School,23.1032,72.60513,True
Gayatri Information Technology,schools,General Educational School,23.1032,72.60513,True
Ag Build Pest Solution,schools,General Educational School,23.10326,72.60502,True
Elite Sports Academy,schools,General Educational School,23.10189,72.60427,True
The HB Kapadia Group of Schools,schools,Secondary & High School,23.10792,72.60471,True
Vedant group tuition,schools,Coaching & Entrance Institute,23.10724,72.6047,True
Ambapur Primary School,schools,Primary & Pre-School,23.15013,72.60825,True
Tapovan Vatsalyadham English Medium Boys School,schools,Secondary & High School,23.12656,72.6125,True
Tapovan Sanskarpith,schools,General Educational School,23.12521,72.6134,True
Delhi Public School Gandhinagar,schools,Secondary & High School,23.14438,72.61663,True
Amiyapur Prathmik Sala,schools,Primary & Pre-School,23.12367,72.61713,True
Greenpower Training & Research Institute,schools,General Educational School,23.11929,72.61429,True
Bamboo Hutz Preschool,schools,Primary & Pre-School,23.11894,72.61337,True
Vip Champs,schools,General Educational School,23.09915,72.61332,True
Genie Learning School,schools,Secondary & High School,23.0887,72.61448,True
SHARP Institute of Spoken English,schools,General Educational School,23.08687,72.61736,True
Menon Driving School,schools,Secondary & High School,23.08264,72.61948,True
Autography Handwriting Classes,schools,Coaching & Entrance Institute,23.08605,72.62181,True
Gujarat Institute of Aeronautical & Telecommunication Engineering,schools,General Educational School,23.08159,72.62002,True
Jacky Group Tuition Classes,schools,Coaching & Entrance Institute,23.08109,72.62032,True
Sun Academy,schools,General Educational School,23.08176,72.62081,True
Shri Shastri Vidyavihar High School,schools,Secondary & High School,23.08314,72.62114,True
V-Teach,schools,General Educational School,23.08095,72.62235,True
Hansol Gujarati School,schools,Secondary & High School,23.08404,72.62294,True
Shikshaam Academy,schools,General Educational School,23.08405,72.62228,True
Happy Learning Academy,schools,General Educational School,23.08576,72.62235,True
sadhu vaswani school,schools,Secondary & High School,23.08132,72.62351,True
Stock Investment Academy,schools,General Educational School,23.08119,72.62328,True
Rakesh Education,schools,General Educational School,23.08122,72.62318,True
"EuroKids Preschool at Sardarnagar, Best Kindergarten",schools,Primary & Pre-School,23.08173,72.62512,True
Institute for Plasma Research,schools,General Educational School,23.09754,72.6242,True
Faculty of Yoga Pacific University Udaipur,schools,College & University,23.12028,72.62363,True
Lakshya Education,schools,General Educational School,23.11808,72.62496,True
Sughad Primary School,schools,Primary & Pre-School,23.12234,72.62504,True
Gujarat National Law University,schools,College & University,23.116,72.62648,True
Entrepreneurship Development Institute of India,schools,General Educational School,23.11341,72.6289,True
EDI's International Programmes,schools,International School,23.11311,72.62925,True
Shree Swaminarayan Institute of Technology,schools,College & University,23.11544,72.63012,True
Nav Nirmaan Pre School,schools,College & University,23.09645,72.62959,True
M.M. Singhi Institute of Nursing,schools,General Educational School,23.08726,72.62829,True
IPR Library,schools,General Educational School,23.08603,72.62789,True
Omprakash Hindi HIGH School,schools,Secondary & High School,23.0859,72.62781,True
Shreeram Academy,schools,General Educational School,23.08541,72.62707,True
Dr. C. G. School,schools,Secondary & High School,23.08114,72.62682,True
Math Tuition Classes Cuemath,schools,Coaching & Entrance Institute,23.08205,72.62657,True
Stock Investment Academy,schools,General Educational School,23.08104,72.62806,True
UCMAS,schools,General Educational School,23.08379,72.62928,True
Hansol Gujarati School No.1,schools,Secondary & High School,23.08364,72.62965,True
St Xaviers High School,schools,Secondary & High School,23.08459,72.6304,True
Shree Siddhivinayak Carbon and Industrial Products,schools,General Educational School,23.08135,72.63041,True
Evergreen Higher Secondary School,schools,Secondary & High School,23.08119,72.6316,True
Sardarnagar English School,schools,Secondary & High School,23.07968,72.63167,True
Kangaroo Kids International Preschool Indira Bridge,schools,International School,23.08521,72.63204,True
Sai Group Tuitions,schools,Coaching & Entrance Institute,23.08523,72.63207,True
Cuemath,schools,General Educational School,23.08579,72.63245,True
Viktor's Tutoring Services,schools,Coaching & Entrance Institute,23.0995,72.63335,True
Infinity Tutorials,schools,Coaching & Entrance Institute,23.08111,72.63334,True
Pramukh Tuition Classes,schools,Coaching & Entrance Institute,23.08779,72.63724,True
Al-Jannat Model High School Sukkur,schools,Secondary & High School,23.08629,72.63772,True
Ahmedabad Public School International,schools,International School,23.09481,72.6357,True
Bhat Primary School,schools,Primary & Pre-School,23.1052,72.63551,True
Anand Niketan Sughad,schools,Secondary & High School,23.12224,72.63686,True
Math Tuition Classes Cuemath,schools,Coaching & Entrance Institute,23.10271,72.6343,True
Bright Education Tutorial,schools,Coaching & Entrance Institute,23.10312,72.63367,True
Cuemath,schools,General Educational School,23.10406,72.63212,True
Police Academy Karai,schools,General Educational School,23.10606,72.63172,True
"Apollo Institute of Nursing, Gandhinagar",schools,General Educational School,23.10821,72.63137,True
Chess It Academy,schools,General Educational School,23.10821,72.63137,True
The Staircase Education,schools,General Educational School,23.11547,72.63138,True
Futurise Learning,schools,General Educational School,23.11587,72.63186,True
Nainamit Academy,schools,General Educational School,23.11494,72.63184,True
Kalptaru Nursery,schools,Primary & Pre-School,23.13254,72.63216,True
Madhuri Mansukhlal Vasa Primary School,schools,Primary & Pre-School,23.15365,72.63554,True
Mahapragya Naturopathy & Yoga Institute,schools,General Educational School,23.1499,72.63801,True
Shree Umiya Nursery and Farm,schools,Primary & Pre-School,23.1645,72.63679,True
IHM Ahmedabad,schools,General Educational School,23.15774,72.6371,True
Satish Goswami College of Physiotherapy,schools,College & University,23.15674,72.63672,True
P.M.Bhatt Education Group,schools,General Educational School,23.15674,72.63672,True
Brewsome-IHM Ahmedabad,schools,General Educational School,23.15796,72.63649,True
PDPU e-Sports Club,schools,General Educational School,23.16062,72.63645,True
Geomatics Academy,schools,General Educational School,23.16185,72.63649,True
Math Tuition Classes Cuemath,schools,Coaching & Entrance Institute,23.16624,72.63448,True
Preksha Dhyan Academy,schools,General Educational School,23.15033,72.63157,True
Bhaijipura Primary School,schools,Primary & Pre-School,23.16241,72.6309,True
Kudasan Primary School,schools,Primary & Pre-School,23.17137,72.62212,True
Maha Pragya Vidhyaniketan,schools,Secondary & High School,23.17051,72.62315,True
Pleasant Education,schools,General Educational School,23.17067,72.62309,True
Merge Computer Institute Of Technologies,schools,General Educational School,23.17055,72.62626,True
"SBK - Kudasan , Best Institute For Abacus & Phonics",schools,General Educational School,23.17558,72.62844,True
Apano Aviation,schools,General Educational School,23.17558,72.62844,True
Gandhinagar Podar Prep,schools,Secondary & High School,23.17558,72.62844,True
ZenSkills Activity Center,schools,General Educational School,23.17558,72.62844,True
Air Immigration,schools,General Educational School,23.17548,72.62834,True
School of Achiever,schools,Secondary & High School,23.17052,72.62818,True
The Phoenix Immigration,schools,General Educational School,23.17622,72.62972,True
Arenaanimation Gandhinagar,schools,General Educational School,23.17622,72.62972,True
Nagraj Farm Universal Sports academy,schools,General Educational School,23.17736,72.62945,True
Ambassador Education Hub,schools,General Educational School,23.17781,72.62917,True
Airbow IT Services & Consulting,schools,General Educational School,23.1753,72.62935,True
"Physics Wallah Coaching Center | IIT JEE, NEET & Foundation Classes",schools,College & University,23.17614,72.62888,True
"Red and White Skill Education - Kudasan, Gandhinagar",schools,General Educational School,23.17611,72.62893,True
"Aakash Institute, Kudasan (Gandhinagar)",schools,Coaching & Entrance Institute,23.17918,72.62845,True
Layers Multimedia | Branding & Marketing Agency | Graphic Design & Video Editing Classes,schools,Coaching & Entrance Institute,23.179,72.62841,True
Infinity Education,schools,General Educational School,23.17941,72.63367,True
GNG Martial Arts Academy,schools,General Educational School,23.17925,72.63114,True
Podar International School,schools,International School,23.17747,72.63283,True
Sahjanand International,schools,International School,23.17717,72.63268,True
Denize Kids zone,schools,Primary & Pre-School,23.17656,72.63273,True
Rich Salon and Academy,schools,General Educational School,23.17674,72.63159,True
The EduMall,schools,General Educational School,23.17674,72.63135,True
Samyak Computer Classes - Gandhinagar,schools,Coaching & Entrance Institute,23.17672,72.63116,True
"PD Gurukul - IAS Coaching, UPSC Coaching and GPSC Coaching",schools,Coaching & Entrance Institute,23.17673,72.63118,True
Shree Education,schools,General Educational School,23.17709,72.63392,True
Rangoli,schools,General Educational School,23.17664,72.6345,True
Kidzee Kudasan,schools,General Educational School,23.17607,72.63499,True
Mahadevay Education,schools,General Educational School,23.17449,72.63527,True
Azaan Flora,schools,General Educational School,23.17614,72.63688,True
I.C.E Gate Institute | GATE Coaching Classes Institute,schools,Coaching & Entrance Institute,23.17622,72.63686,True
Motive Immigration,schools,General Educational School,23.17842,72.63664,True
Shree Ugati Heights,schools,General Educational School,23.1787,72.6364,True
Stepping Stone,schools,General Educational School,23.17882,72.63678,True
City Pulse,schools,General Educational School,23.17515,72.63932,True
Shishu Child Development And Early Intervention Centre,schools,Primary & Pre-School,23.17834,72.6385,True
Navkar Group Tuition,schools,Coaching & Entrance Institute,23.17853,72.63848,True
Math Tuition Classes Cuemath,schools,Coaching & Entrance Institute,23.17384,72.63816,True
Sarvoday Vidhyalay Raysan,schools,General Educational School,23.16774,72.63926,True
Prarambh Academy,schools,General Educational School,23.16878,72.64013,True
Gyan Academy,schools,General Educational School,23.17206,72.64056,True
UCMAS Randesan,schools,General Educational School,23.17406,72.64076,True
"Shanti Juniors Randesan, Gandhinagar",schools,General Educational School,23.17821,72.64271,True
"Swaminarayan Vidhya Mandir, Randesan, Gandhinagar",schools,General Educational School,23.17405,72.64479,True
Irlab Daiict,schools,General Educational School,23.1739,72.64791,True
K's Arty-Crafty,schools,General Educational School,23.1739,72.64791,True
"Apollo International School, Gandhinagar",schools,International School,23.17612,72.64724,True
"Mother's touch pre school,Sector-7A,Gandhinagar,Gujarat",schools,Primary & Pre-School,23.17421,72.65019,True
IAR - Eureka,schools,General Educational School,23.17242,72.6529,True
Randesan Primary School,schools,Primary & Pre-School,23.17661,72.65521,True
Pandit Deendayal Petroleum University,schools,College & University,23.16021,72.65731,True
Carsikho Moter Driving School,schools,Secondary & High School,23.15715,72.65735,True
GNLU Centre For Private International Law- GCPrIL,schools,International School,23.14839,72.65646,True
"Madhuri Mansukhlal Vasa School, Koba",schools,Secondary & High School,23.14839,72.65646,True
"gujrat police academy,karai",schools,General Educational School,23.12942,72.65001,True
Juna Koba Up Primary School,schools,Primary & Pre-School,23.14391,72.64892,True
Abhivyakti Campsite & Amphitheatre,schools,General Educational School,23.14361,72.64918,True
Samrat Enterprise,schools,General Educational School,23.16496,72.64924,True
PDPU,schools,General Educational School,23.16716,72.64865,True
Allyson Lifesciences,schools,General Educational School,23.15914,72.64677,True
Karmaveer Education and Sports Federation,schools,General Educational School,23.15785,72.64655,True
BAPS Swaminarayan Vidyamandir Raysan,schools,General Educational School,23.1673,72.64631,True
"Firstcry Intellitots Preschool & Daycare- Raysan, Gandhinagar",schools,Primary & Pre-School,23.16305,72.64376,True
Nava Koba Pagar Kendra School,schools,Secondary & High School,23.15069,72.64052,True
Serenity School For Children,schools,Secondary & High School,23.15286,72.64303,True
Little Millennium Preschool and Daycare,schools,Primary & Pre-School,23.15264,72.64313,True
Institute For Plasma Reseach,schools,General Educational School,23.11549,72.64852,True
Kotarpur Gujarati School No. 1,schools,Secondary & High School,23.08807,72.64168,True
Shree Revaba Vidhya Vihar Primary and High School,schools,Secondary & High School,23.0879,72.64127,True
Rangoli International School,schools,International School,23.08199,72.64246,True
Myplanet Preschool ahmedabad,schools,Primary & Pre-School,23.08454,72.6454,True
Infant Jesus School,schools,Secondary & High School,23.08284,72.64745,True
Jai Sai Academy,schools,General Educational School,23.08447,72.64929,True
om prakash hindi school,schools,Secondary & High School,23.08889,72.65044,True
Unique Educare,schools,General Educational School,23.08921,72.65156,True
Maruti Institute,schools,General Educational School,23.09705,72.65757,True
Eurokids Preschool,schools,Primary & Pre-School,23.09338,72.65726,True
"Gracious Academy ,noble Nagar",schools,General Educational School,23.0909,72.65621,True
Talent School,schools,Secondary & High School,23.09148,72.65561,True
Nalanda Vidhyalay,schools,General Educational School,23.10144,72.65486,True
Motherland Production,schools,General Educational School,23.09788,72.65399,True
Gurukrupa Finishing Academy,schools,General Educational School,23.09146,72.65421,True
UCMAS,schools,General Educational School,23.09321,72.65508,True
Lions club of Naroda,schools,General Educational School,23.09001,72.65485,True
Prathna vidhyala,schools,General Educational School,23.0877,72.65659,True
Vedvik Education Campus,schools,College & University,23.08844,72.65671,True
Balvatika Playschool,schools,Secondary & High School,23.08854,72.65696,True
Gujarati School No 1,schools,Secondary & High School,23.08814,72.65738,True
Navkar Oil Traders,schools,General Educational School,23.08341,72.6579,True
Shree Thakkar Bappa Ashram School,schools,Secondary & High School,23.08456,72.65811,True
Neerman Academy,schools,General Educational School,23.08333,72.65922,True
Love Light English School,schools,Secondary & High School,23.09272,72.65921,True
AB Best Education,schools,General Educational School,23.09523,72.66039,True
Shanti Junior School,schools,Secondary & High School,23.09576,72.66209,True
Lion Hl Shah Primary School,schools,Primary & Pre-School,23.08908,72.66038,True
Be-Glam Spa - Salon & Academy,schools,General Educational School,23.08599,72.6603,True
Vishwa Hindu Parisad- Bajarang DAL-Ahmedabad,schools,General Educational School,23.08017,72.66055,True
Spandan Education Hub,schools,General Educational School,23.08017,72.66055,True
Seventh Day English Medium Higher Secondary School,schools,Secondary & High School,23.08017,72.66055,True
Navyug School,schools,Secondary & High School,23.08017,72.66055,True
Rajeswer Stationery Ahmadabad,schools,General Educational School,23.09553,72.66546,True
Foster Kids Pre-School Nana Chiloda,schools,Primary & Pre-School,23.10097,72.66603,True
Gyan Amrut Play Group,schools,Primary & Pre-School,23.10055,72.66333,True
Dayal International,schools,International School,23.09333,72.66388,True
"Rajhans Classess, New Ranip",schools,Coaching & Entrance Institute,23.0926,72.66258,True
"EuroKids Pre-School New Shahibaug, Nana Chiloda",schools,Primary & Pre-School,23.11046,72.66382,True
Shree Aarambh Academy,schools,General Educational School,23.111,72.66544,True
A K Patel College of Nursing Valad,schools,College & University,23.11449,72.66467,True
Bright Victory School,schools,Secondary & High School,23.11415,72.66432,True
Vasu International School,schools,International School,23.11691,72.65997,True
Little Stars' Preschool Nana-Chiloda,schools,Primary & Pre-School,23.11252,72.65941,True
Blush Beauty and Academy,schools,General Educational School,23.10758,72.65907,True
Hi Tech Computer Classes-New Shahibaug,schools,Coaching & Entrance Institute,23.1077,72.65965,True
Sharda Stationery New Shahibagh,schools,General Educational School,23.10756,72.65872,True
Bright School,schools,Secondary & High School,23.11843,72.65932,True
Bright International School,schools,International School,23.13337,72.6586,True
Karmaveer Gurukulam Foundation,schools,General Educational School,23.15724,72.65787,True
Jack & jill pre school,schools,Primary & Pre-School,23.16657,72.658,True
Shanti Juniors Raysan,schools,General Educational School,23.1666,72.65812,True
Gujarat National Law University,schools,College & University,23.15225,72.66046,True
Gujarat Maritime University,schools,College & University,23.15283,72.66078,True
FLARE,schools,General Educational School,23.15871,72.66496,True
"School Of Technology, Gandhinagar",schools,College & University,23.15488,72.66623,True
"Rangoli Preschool Raysan, Gandhinagar",schools,Primary & Pre-School,23.15614,72.66564,True
PDPU LitFest,schools,General Educational School,23.1561,72.66444,True
Sujay Nursery & Farm,schools,Primary & Pre-School,23.12679,72.66591,True
"School of Management, Gandhinagar",schools,College & University,23.15645,72.66798,True
Chaudhari M.Ed. College,schools,College & University,23.1557,72.66744,True
PDPU Sports Academy.,schools,General Educational School,23.15635,72.66729,True
Dept. of Solar Energy: Pandit Deendayal Energy University - Dse-Pdeu,schools,College & University,23.15635,72.66729,True
Infinity Academy,schools,General Educational School,23.15376,72.66743,True
Pandit Deendayal Energy University,schools,College & University,23.1541,72.66691,True
Gujarat Institute of Disaster Management,schools,General Educational School,23.15742,72.66748,True
Institute of Seismological Research,schools,General Educational School,23.1588,72.66892,True
IEEE Student Branch at PDPU,schools,General Educational School,23.15564,72.67048,True
International Automobile Centre of Excellence,schools,International School,23.15587,72.6703,True
IAR - Institute of Advanced Research & University for Innovation Gandhinagar,schools,College & University,23.14835,72.66991,True
Stone Artisan Park Training Institute,schools,General Educational School,23.15274,72.67234,True
WINGS Multimedia Education,schools,General Educational School,23.12033,72.66911,True
Bright School Gandhinagar,schools,Secondary & High School,23.12033,72.66911,True
Little angels play school,schools,Primary & Pre-School,23.10897,72.66667,True
Variya Shikshan Sankool,schools,Secondary & High School,23.10177,72.66701,True
Nirvana Education,schools,General Educational School,23.10997,72.6707,True
Tots & Scholars,schools,General Educational School,23.10574,72.67033,True
Concepts Engi Mech,schools,College & University,23.10077,72.67067,True
New Indian Education,schools,General Educational School,23.10038,72.6679,True
Care Institute of Nursing,schools,General Educational School,23.08376,72.66698,True
Sabari NSS English School,schools,Secondary & High School,23.08327,72.66966,True
Dhaval School,schools,Secondary & High School,23.10131,72.67166,True
Om Group Tuition New Education,schools,Coaching & Entrance Institute,23.08266,72.6755,True
The South International School,schools,International School,23.08081,72.67596,True
GIEA - Glorious Import Export Academy,schools,General Educational School,23.08285,72.67559,True
Tricks Vedic Mathematics,schools,General Educational School,23.0819,72.67785,True
Love LIGHT English School,schools,Secondary & High School,23.11701,72.67625,True
Excellent International School,schools,International School,23.0874,72.68022,True
Sardar Patel School Of Science,schools,Secondary & High School,23.08401,72.68049,True
The H. B. Kapadia Klf  School,schools,Secondary & High School,23.08492,72.68028,True
My Little Genius Pre School,schools,Primary & Pre-School,23.0862,72.68337,True
DEE KAY Education Hub,schools,General Educational School,23.08749,72.68377,True
PhonicsVastral,schools,General Educational School,23.08359,72.68336,True
Casa Montara preschool,schools,Primary & Pre-School,23.08144,72.68488,True
Kidzee - Hanspura,schools,General Educational School,23.08063,72.68537,True
Ahmedabad School of Nursing,schools,Secondary & High School,23.09917,72.68579,True
FabHotel Vishala,schools,Secondary & High School,23.09275,72.68664,True
Vishala Empire,schools,Secondary & High School,23.09227,72.68661,True
A One Pharmacy College,schools,College & University,23.0892,72.68718,True
A-One Pharmacy College,schools,College & University,23.08416,72.68709,True
Academy of Human Resources Development,schools,General Educational School,23.13759,72.6849,True
Aadharshila Institute of Fire and Safety,schools,General Educational School,23.1385,72.68803,True
Aadharshila CBSE School,schools,Secondary & High School,23.13857,72.69148,True
Jamnabai Narsee School,schools,Secondary & High School,23.1619,72.69263,True
Darshan Academy,schools,General Educational School,23.15013,72.68558,True
University of Wollongong Australia: India,schools,College & University,23.16436,72.68038,True
Gujarat Biotechnology University,schools,College & University,23.16436,72.68038,True
Seth MS Bhanavala High School,schools,Secondary & High School,23.14701,72.68426,True
Madhuvan Nursery,schools,Primary & Pre-School,23.12996,72.68278,True
Jay Dwarkadhish Nursery Farm,schools,Primary & Pre-School,23.12539,72.68051,True
Pinnacle Public School,schools,Secondary & High School,23.12412,72.6805,True
Ratanpur primary school,schools,Primary & Pre-School,23.16988,72.68366,True
Gujarat Biotechnology University,schools,College & University,23.16854,72.67451,True
Ganpatpura Prthmik Shala,schools,Secondary & High School,23.16232,72.70793,True
Crowne Shooting & Sports Academy,schools,General Educational School,23.13784,72.70688,True
Leo kids,schools,Primary & Pre-School,23.16324,72.70416,True
Apollo Institute Of Physiotherapy,schools,General Educational School,23.09655,72.69915,True
Medra Primary School,schools,Primary & Pre-School,23.12004,72.7063,True
Attitude Academy,schools,General Educational School,23.09692,72.70992,True
Apollo Institute of Engineering and Technology,schools,General Educational School,23.09896,72.70752,True
Divaba Institute of Business Administration,schools,General Educational School,23.09934,72.70753,True
"A-One Pharmacy College, SNME Campus",schools,College & University,23.09828,72.70727,True
VIP International School,schools,International School,23.0871,72.71105,True
Parbhupura Up Primary School,schools,Primary & Pre-School,23.15711,72.71628,True
Viratalavdi Primary School,schools,Primary & Pre-School,23.13592,72.72726,True
Vajapura Primary School,schools,Primary & Pre-School,23.1363,72.72608,True
Pardhol Primary School,schools,Primary & Pre-School,23.0947,72.72473,True
Mount Litera Zee School,schools,Secondary & High School,23.10466,72.73316,True
Zak Primary School,schools,Primary & Pre-School,23.10073,72.7462,True
Math Tuition Classes Cuemath,schools,Coaching & Entrance Institute,23.1756,72.7477,True
Shree M H Vidhyamandir,schools,General Educational School,23.17705,72.74752,True
L.J. Institute of Engineering & Technology,schools,College & University,22.99018,72.48692,True
