{
"type": "FeatureCollection",
"name": "high_risk",
"crs": { "type": "name", "properties": { "name": "urn:ogc:def:crs:OGC:1.3:CRS84" } },
"features": [
{ "type": "Feature", "properties": { "version": 19, "visible": null, "lon": null, "timestamp": 1618003081, "tags": { "visible": false }, "changeset": null, "lat": null, "id": 29328587, "natural": "water", "water": "river", "wetland": null, "osm_type": "way", "grassland": null, "reef": null, "Risk": "High" }, "geometry": { "type": "Polygon", "coordinates": [ [ [ 72.648840296307597, 23.124960075814705 ], [ 72.648796808272323, 23.125240298961707 ], [ 72.648754520260141, 23.125512422057263 ], [ 72.648746403913862, 23.125591936848583 ], [ 72.648746674262256, 23.125671800773254 ], [ 72.648755328778719, 23.12575126745595 ], [ 72.648772286581732, 23.125829594235082 ], [ 72.648797389190619, 23.125906049103449 ], [ 72.648830402006752, 23.125979917549081 ], [ 72.648871016505922, 23.126050509232709 ], [ 72.648918853121714, 23.126117164439179 ], [ 72.648973464792803, 23.126179260242647 ], [ 72.649034341141004, 23.126236216328007 ], [ 72.649100913240957, 23.126287500413973 ], [ 72.649172558937252, 23.126332633227332 ], [ 72.649248608658638, 23.126371192981775 ], [ 72.649328351675749, 23.126402819319512 ], [ 72.649740351675746, 23.126544918500205 ], [ 72.649837136881942, 23.126572680595803 ], [ 72.64993670728461, 23.12659023649783 ], [ 72.65827940728461, 23.127616430234291 ], [ 72.658284061494001, 23.12761699134424 ], [ 72.665433761494, 23.128461486186001 ], [ 72.665528939518509, 23.128468027130278 ], [ 72.666730639518505, 23.128491726984365 ], [ 72.666839274868707, 23.128487818038188 ], [ 72.667955074868715, 23.128385218666899 ], [ 72.668022018879682, 23.128376713722503 ], [ 72.668088078207418, 23.128363604728275 ], [ 72.669263978207411, 23.128087306376841 ], [ 72.669319971361617, 23.128072353755435 ], [ 72.670478671361622, 23.127725055788893 ], [ 72.670567913176612, 23.127693380968957 ], [ 72.671486313176601, 23.127314583097377 ], [ 72.671491941727751, 23.127312240161213 ], [ 72.687180383902529, 23.120721747492407 ], [ 72.697221747898524, 23.116540383591786 ], [ 72.698163674279812, 23.116251680269308 ], [ 72.699217676931951, 23.116036278244955 ], [ 72.700138469368412, 23.115965654791996 ], [ 72.701102298803889, 23.115987834243409 ], [ 72.717006597072839, 23.116922805488894 ], [ 72.717022748372898, 23.116923620763764 ], [ 72.718331548372902, 23.116978820424336 ], [ 72.718398610872825, 23.116979344018127 ], [ 72.723737910872813, 23.116837644889983 ], [ 72.723745912244226, 23.116837399719046 ], [ 72.726457112244233, 23.116743200298473 ], [ 72.726573523365573, 23.116732139477772 ], [ 72.727717623365578, 23.116553540561611 ], [ 72.727800966020155, 23.116536750804691 ], [ 72.728627166020146, 23.116332052021306 ], [ 72.728645676363485, 23.116327269924476 ], [ 72.73140997636348, 23.115583674317424 ], [ 72.731494700445239, 23.115556592523383 ], [ 72.731576065740484, 23.115521875047637 ], [ 72.731821165740485, 23.115403275693673 ], [ 72.731896409987627, 23.115362451761829 ], [ 72.731966986847013, 23.115315098806544 ], [ 72.732032228835521, 23.115261664663389 ], [ 72.732091518924804, 23.115202654680679 ], [ 72.732144296376788, 23.115138626940396 ], [ 72.732190062046897, 23.11507018698039 ], [ 72.732228383104726, 23.114997982067717 ], [ 72.732258897127551, 23.114922695077318 ], [ 72.732281315527928, 23.114845038033952 ], [ 72.732295426283059, 23.114765745378314 ], [ 72.732301095940016, 23.114685567021215 ], [ 72.732298270877806, 23.114605261251338 ], [ 72.732286977814525, 23.11452558756373 ], [ 72.732267323554765, 23.11444729947684 ], [ 72.732155729966465, 23.11408431972426 ], [ 72.732043636305107, 23.113719639735464 ], [ 72.732015559987374, 23.113642886155084 ], [ 72.731979448723251, 23.113569029192174 ], [ 72.731935649435215, 23.113498778399098 ], [ 72.731884582904939, 23.113432808684429 ], [ 72.731826739730735, 23.113371753828812 ], [ 72.731762675614462, 23.113316200395946 ], [ 72.731693006022894, 23.113266682097194 ], [ 72.731618400274741, 23.113223674663903 ], [ 72.731539575110673, 23.11318759127677 ], [ 72.731457287807388, 23.113158778596144 ], [ 72.731372328902594, 23.113137513431454 ], [ 72.731285514600117, 23.113124000081676 ], [ 72.731197678928709, 23.113118368372483 ], [ 72.731109665729434, 23.113120672408954 ], [ 72.730795965729428, 23.113143072546404 ], [ 72.730699382746053, 23.113154842969475 ], [ 72.730604753730134, 23.113176164128589 ], [ 72.728017562573939, 23.113897918703593 ], [ 72.727017296846796, 23.114139266071202 ], [ 72.726015771668287, 23.114283005198722 ], [ 72.718381765976261, 23.114524960723859 ], [ 72.717472369143252, 23.114487255889252 ], [ 72.712228710839355, 23.114187776153297 ], [ 72.705340046323983, 23.113772566152878 ], [ 72.701103372369644, 23.113517191649166 ], [ 72.700336392299832, 23.113462378651104 ], [ 72.700267925748093, 23.11345989629999 ], [ 72.700199452646757, 23.113462220816576 ], [ 72.699401152646757, 23.113517421155361 ], [ 72.699348666497656, 23.113522480177313 ], [ 72.698456066497656, 23.113632980851349 ], [ 72.698366210789032, 23.113648420756508 ], [ 72.697507910789028, 23.113837921890621 ], [ 72.69744880964268, 23.113852950081593 ], [ 72.696436009642682, 23.114145051797085 ], [ 72.696335641378525, 23.114180186451698 ], [ 72.69517076204724, 23.114663122054729 ], [ 72.694679062047257, 23.114867023198837 ], [ 72.694675483596029, 23.114868515801302 ], [ 72.682143835641014, 23.1201258913012 ], [ 72.669310673912904, 23.125515618509656 ], [ 72.668445755540645, 23.12578545158517 ], [ 72.667828634003328, 23.125901703984191 ], [ 72.667123644868482, 23.125973800401294 ], [ 72.666355333262345, 23.126009790965494 ], [ 72.665600640003731, 23.125974077420782 ], [ 72.656238723783318, 23.124912618782997 ], [ 72.654613756821192, 23.124712001893318 ], [ 72.653394653681005, 23.124561576652585 ], [ 72.653293309230264, 23.124547556118369 ], [ 72.653214809230263, 23.124536756052606 ], [ 72.653202232120719, 23.124535109219341 ], [ 72.650339232120714, 23.124179207047618 ], [ 72.650247383524729, 23.124172176991443 ], [ 72.650155235096022, 23.124173838961035 ], [ 72.650063756837923, 23.124184175461291 ], [ 72.649574456837939, 23.124263075939819 ], [ 72.649489862488835, 23.124280625142632 ], [ 72.649407502308307, 23.124305594099159 ], [ 72.649328143829649, 23.124337750113916 ], [ 72.649252526612656, 23.124376793512631 ], [ 72.649181355351402, 23.12442236043513 ], [ 72.649115293307133, 23.124474026226448 ], [ 72.649054956127117, 23.124531309394545 ], [ 72.649000906107275, 23.124593676097668 ], [ 72.648953646952108, 23.124660545119621 ], [ 72.648913619080432, 23.124731293286487 ], [ 72.648881195521128, 23.124805261274354 ], [ 72.648856678436758, 23.124881759753922 ], [ 72.648840296307597, 23.124960075814705 ] ] ] } },
{ "type": "Feature", "properties": { "version": 11, "visible": null, "lon": null, "timestamp": 1618003081, "tags": { "visible": false }, "changeset": null, "lat": null, "id": 29329061, "natural": "water", "water": "canal", "wetland": null, "osm_type": "way", "grassland": null, "reef": null, "Risk": "High" }, "geometry": { "type": "Polygon", "coordinates": [ [ [ 72.733733505175366, 23.114897857258189 ], [ 72.733771781175093, 23.11490197795451 ], [ 72.73385533903037, 23.114903780338555 ], [ 72.733938717352643, 23.114898432423765 ], [ 72.73402119435508, 23.114885980504944 ], [ 72.734102056053345, 23.114866532373522 ], [ 72.74211525233612, 23.112568032488195 ], [ 72.748076440243935, 23.111031991395329 ], [ 72.748087146068542, 23.111029166822856 ], [ 72.761039046068518, 23.107531887472017 ], [ 72.761041336442688, 23.107531265973336 ], [ 72.772215556352222, 23.104484223939231 ], [ 72.783560749346293, 23.101413676994913 ], [ 72.785924534589583, 23.100777896493838 ], [ 72.787218076903372, 23.100468849565484 ], [ 72.795012568482235, 23.098869444048134 ], [ 72.801921145688596, 23.097464319833627 ], [ 72.801943724632835, 23.097459445474517 ], [ 72.803256924632834, 23.097159447265259 ], [ 72.803342949979822, 23.097135534434194 ], [ 72.804518849979814, 23.096748636674754 ], [ 72.80459548932815, 23.096719688243411 ], [ 72.804668903327084, 23.096684368146626 ], [ 72.805492903327078, 23.096242270495338 ], [ 72.805511157124343, 23.096232208421487 ], [ 72.812939727181714, 23.09202648192041 ], [ 72.81590312814717, 23.090390952952848 ], [ 72.816598064093029, 23.090085203964428 ], [ 72.817187266999184, 23.089913333193934 ], [ 72.817897033931914, 23.089795288644392 ], [ 72.818776651297455, 23.089724265191922 ], [ 72.819493479894035, 23.089751755051712 ], [ 72.820195296520396, 23.08984996967359 ], [ 72.820804053769407, 23.08998652628231 ], [ 72.82146232741907, 23.090220533244427 ], [ 72.822417160756714, 23.090667257731717 ], [ 72.822499949063982, 23.090701268401119 ], [ 72.822586042665364, 23.090727429038893 ], [ 72.8226745644955, 23.090745473142203 ], [ 72.822764612751826, 23.090755216892823 ], [ 72.823022112751829, 23.090771016795888 ], [ 72.823110633590616, 23.090772426168609 ], [ 72.823198875333517, 23.090765813157354 ], [ 72.823285980868434, 23.090751241994614 ], [ 72.823371104119531, 23.090728854210855 ], [ 72.823453418265302, 23.090698867259871 ], [ 72.823532123769809, 23.090661572406741 ], [ 72.823606456148568, 23.09061733189894 ], [ 72.823675693394335, 23.090566575447937 ], [ 72.823739162989995, 23.090509796055589 ], [ 72.823796248440928, 23.090447545225768 ], [ 72.823846395263232, 23.090380427607766 ], [ 72.823889116369401, 23.090309095123473 ], [ 72.824049191853703, 23.090007542120343 ], [ 72.824249567357981, 23.089630189269791 ], [ 72.824283451826091, 23.089557816813588 ], [ 72.824309688491681, 23.089482804428219 ], [ 72.82432803878109, 23.089405834208002 ], [ 72.824338335832536, 23.089327606051224 ], [ 72.824340486013483, 23.089248831295937 ], [ 72.82433446977204, 23.089170226251742 ], [ 72.82432034181474, 23.089092505686278 ], [ 72.824298230609074, 23.089016376325713 ], [ 72.824268337215358, 23.088942530428309 ], [ 72.824230933458409, 23.088871639489504 ], [ 72.824186359455851, 23.088804348135735 ], [ 72.824135020525361, 23.088741268262599 ], [ 72.824077383499073, 23.088682973470558 ], [ 72.823948583499075, 23.088564572955622 ], [ 72.823891656485472, 23.088516559916968 ], [ 72.823830456658257, 23.088473222413153 ], [ 72.823765436387504, 23.088434880786185 ], [ 72.823697076282826, 23.088401818449814 ], [ 72.822624176282815, 23.087935915859386 ], [ 72.822556107397546, 23.087909449249555 ], [ 72.821663507397531, 23.087601547477007 ], [ 72.821563878160234, 23.08757313007964 ], [ 72.820731378160232, 23.087383628948661 ], [ 72.820618225335011, 23.087364845363311 ], [ 72.81964832533501, 23.087262244736635 ], [ 72.819590585062258, 23.087257866657314 ], [ 72.818732285062239, 23.087218366414763 ], [ 72.818618577222168, 23.087219763006924 ], [ 72.817725877222159, 23.087282863393732 ], [ 72.817618521934946, 23.08729648284076 ], [ 72.816674421934962, 23.087470183887962 ], [ 72.816566493466709, 23.087496552610247 ], [ 72.815742493466701, 23.087749254084176 ], [ 72.815656025486035, 23.087780426866832 ], [ 72.814746225486033, 23.088159428989542 ], [ 72.814645288703289, 23.088208823978828 ], [ 72.81258607551338, 23.089376940493576 ], [ 72.809542566561973, 23.091096459074752 ], [ 72.803909772405731, 23.094278753673674 ], [ 72.802946468792101, 23.094693203723551 ], [ 72.801927600073626, 23.09498605947832 ], [ 72.801026701030324, 23.095198983009283 ], [ 72.798129864149985, 23.095804199246327 ], [ 72.791556647069456, 23.097169820132354 ], [ 72.786802501971863, 23.0981485500097 ], [ 72.786767584884089, 23.098156416336824 ], [ 72.785445784884089, 23.098480118260873 ], [ 72.78542847081907, 23.098484529389218 ], [ 72.778270170819084, 23.100379340590049 ], [ 72.778262342148778, 23.100381448282729 ], [ 72.769930308877363, 23.102662468565704 ], [ 72.75909225770738, 23.105574954567363 ], [ 72.751118736598499, 23.107714319206131 ], [ 72.751115255137634, 23.107715260326692 ], [ 72.741440475768925, 23.110350091137171 ], [ 72.73335952843351, 23.112421521202375 ], [ 72.733284945546345, 23.112443910331635 ], [ 72.73321277108478, 23.112472199286298 ], [ 72.733143555561441, 23.11250617228794 ], [ 72.733077826919597, 23.112545570202371 ], [ 72.73301975637257, 23.112583801386876 ], [ 72.732897974347807, 23.112623787471168 ], [ 72.732818600644023, 23.112653854614404 ], [ 72.732742709708731, 23.112690752584431 ], [ 72.732670994544037, 23.112734144439994 ], [ 72.732604110020759, 23.112783633939969 ], [ 72.732542666898524, 23.11283876916189 ], [ 72.732487226248423, 23.112899046628918 ], [ 72.732438294329711, 23.112963915907621 ], [ 72.732396317966817, 23.11303278463453 ], [ 72.732361680469126, 23.113105023925545 ], [ 72.732334698130785, 23.113179974118854 ], [ 72.732315617342437, 23.113256950798824 ], [ 72.732304612341352, 23.113335251045932 ], [ 72.73230178362023, 23.11341415985563 ], [ 72.732307157009743, 23.113492956667496 ], [ 72.732320683442452, 23.113570921945076 ], [ 72.732342239401049, 23.113647343746361 ], [ 72.732463225815522, 23.114005002930945 ], [ 72.732582512268138, 23.114357762223086 ], [ 72.732613399727953, 23.114435229958783 ], [ 72.73265253459887, 23.114509477785468 ], [ 72.732699526554029, 23.114579765169523 ], [ 72.732753906900911, 23.114645391079183 ], [ 72.732815133256011, 23.114705700976224 ], [ 72.732882594954489, 23.11476009334401 ], [ 72.732955619140881, 23.114808025686632 ], [ 72.733033477480092, 23.114849019939399 ], [ 72.73311539342177, 23.114882667236728 ], [ 72.733200549945408, 23.114908631989866 ], [ 72.733288097709348, 23.114926655233774 ], [ 72.733377163521965, 23.114936557209852 ], [ 72.733466859050779, 23.1149382391587 ], [ 72.733556289682568, 23.114931684305056 ], [ 72.733644563446205, 23.114916958025098 ], [ 72.733733505175366, 23.114897857258189 ] ] ] } },
{ "type": "Feature", "properties": { "version": 14, "visible": null, "lon": null, "timestamp": 1618003081, "tags": { "visible": false }, "changeset": null, "lat": null, "id": 29329273, "natural": "water", "water": "canal", "wetland": null, "osm_type": "way", "grassland": null, "reef": null, "Risk": "High" }, "geometry": { "type": "Polygon", "coordinates": [ [ [ 72.638955267736492, 23.122856412311624 ], [ 72.638028367736482, 23.122785311875369 ], [ 72.637993796516184, 23.122783276421178 ], [ 72.637032496516198, 23.122743776178215 ], [ 72.636910267387037, 23.122746413090528 ], [ 72.635974667387046, 23.122825413574908 ], [ 72.635897849655734, 23.122834988966396 ], [ 72.635133949655739, 23.122961289731766 ], [ 72.635080039210663, 23.122971782360263 ], [ 72.634024339210669, 23.123208583776773 ], [ 72.633912018149587, 23.123241083414801 ], [ 72.633028018149588, 23.123556785226825 ], [ 72.632981506675094, 23.123574794282877 ], [ 72.632131706675068, 23.123929996273976 ], [ 72.632110843324611, 23.123939015612997 ], [ 72.626051936274933, 23.126646121003006 ], [ 72.620782629800033, 23.128990125488269 ], [ 72.620781038362708, 23.128990835197659 ], [ 72.615520344143178, 23.131342732696389 ], [ 72.606937950523033, 23.135162539480632 ], [ 72.606935754151166, 23.135163520406532 ], [ 72.601845954151145, 23.13744453303844 ], [ 72.601834347301747, 23.137449830246098 ], [ 72.597791747301756, 23.139328340575677 ], [ 72.597786445827325, 23.139330824342103 ], [ 72.591822376289159, 23.142147905825748 ], [ 72.585884008388106, 23.144933290103552 ], [ 72.585880373645068, 23.14493500454542 ], [ 72.581005173645067, 23.147247417210888 ], [ 72.580972611972342, 23.147263651874564 ], [ 72.57985681197232, 23.147847655002685 ], [ 72.579821423941866, 23.147867179853758 ], [ 72.579169123941867, 23.148246081828134 ], [ 72.57908899823137, 23.148298476464568 ], [ 72.57849679823137, 23.148732478556408 ], [ 72.578447817416631, 23.14877109950087 ], [ 72.577898417416634, 23.149236801611334 ], [ 72.577876079805591, 23.149256399726784 ], [ 72.575798979805597, 23.151142507998806 ], [ 72.575798186024429, 23.151143229682138 ], [ 72.570641269586517, 23.155837499810961 ], [ 72.563021059960292, 23.162709585979595 ], [ 72.563020161205984, 23.162710397614433 ], [ 72.558826557933244, 23.166502761753328 ], [ 72.55772249801764, 23.167478981333002 ], [ 72.551800608020244, 23.172199545263474 ], [ 72.551796874707335, 23.172202537792366 ], [ 72.550193974707341, 23.17349454378606 ], [ 72.550192872989541, 23.173495433276543 ], [ 72.548806730282607, 23.174616397741634 ], [ 72.5481092812295, 23.175055485496497 ], [ 72.547454657607005, 23.175363550685358 ], [ 72.546786983431005, 23.175648494514707 ], [ 72.546119584320024, 23.175867118823842 ], [ 72.545304311589504, 23.176056366519706 ], [ 72.544752041100139, 23.17615115723212 ], [ 72.543994859797522, 23.176179227560425 ], [ 72.543254946235479, 23.176164737344273 ], [ 72.542367182315303, 23.176075781743492 ], [ 72.5374240706834, 23.175401033067441 ], [ 72.530843232689335, 23.174492553595549 ], [ 72.522471195172756, 23.173307867470609 ], [ 72.522089675825825, 23.173253907925371 ], [ 72.514035574592214, 23.172118362169741 ], [ 72.510528240846952, 23.171583652725314 ], [ 72.505183053337859, 23.170695895739016 ], [ 72.504500653337857, 23.170582595051176 ], [ 72.504416169448362, 23.17057234397447 ], [ 72.504331009115063, 23.170569498635235 ], [ 72.504245938688925, 23.170574084638933 ], [ 72.504161723711874, 23.170586060715713 ], [ 72.503733923711877, 23.170666161199925 ], [ 72.503651072405717, 23.170685489539046 ], [ 72.503570594418107, 23.170711969790744 ], [ 72.503493218401459, 23.170745362197117 ], [ 72.503419644922758, 23.170785364416322 ], [ 72.503350540120579, 23.170831614260162 ], [ 72.503286529673844, 23.170883692973636 ], [ 72.503228193136891, 23.170941129026499 ], [ 72.503176058692119, 23.171003402382841 ], [ 72.503130598367832, 23.171069949209713 ], [ 72.503092223764469, 23.171140166982344 ], [ 72.503061282327948, 23.171213419939662 ], [ 72.503038054203842, 23.17128904484067 ], [ 72.503022749700918, 23.171366356969681 ], [ 72.502997572170003, 23.171540124767649 ], [ 72.502938045150984, 23.171802961136621 ], [ 72.502924689725276, 23.171880012217546 ], [ 72.502919303363413, 23.171957878072238 ], [ 72.502921934143046, 23.172035863683284 ], [ 72.502932558582344, 23.172113272965554 ], [ 72.502951081849446, 23.172189414979321 ], [ 72.502977338609028, 23.17226361009741 ], [ 72.503011094497964, 23.172335196071323 ], [ 72.50305204821727, 23.17240353394223 ], [ 72.503099834221416, 23.172468013744023 ], [ 72.503154025981132, 23.17252805994756 ], [ 72.503214139790529, 23.172583136597549 ], [ 72.503279639084568, 23.172632752096149 ], [ 72.503349939228329, 23.172676463590641 ], [ 72.503701839228313, 23.172873662551805 ], [ 72.503773264413667, 23.172909709505031 ], [ 72.503847948638978, 23.172939658475535 ], [ 72.503925277470984, 23.172963263074841 ], [ 72.504004614719079, 23.172980329109379 ], [ 72.506304814719087, 23.173374926716178 ], [ 72.50631087578877, 23.173375946723652 ], [ 72.512765375788774, 23.17444114025502 ], [ 72.512792184014245, 23.174445180769631 ], [ 72.51585574498398, 23.174863291003572 ], [ 72.521407806192045, 23.175628529373896 ], [ 72.526177965541308, 23.176291041910872 ], [ 72.533781025514486, 23.177371816403316 ], [ 72.533785457837041, 23.177372436048337 ], [ 72.54113188355565, 23.178382237202172 ], [ 72.542324309426931, 23.178547842567362 ], [ 72.542381061148234, 23.178554034159895 ], [ 72.543273661148248, 23.178625033723389 ], [ 72.543367056932425, 23.17862797752263 ], [ 72.544328356932425, 23.1786122776195 ], [ 72.544420770004933, 23.178606376804964 ], [ 72.545339170004937, 23.178503777433477 ], [ 72.545403805524401, 23.178494349073844 ], [ 72.54632220552439, 23.17832865007723 ], [ 72.546406510871535, 23.178309507452003 ], [ 72.547239010871536, 23.178080708804732 ], [ 72.547315327219849, 23.178056245938219 ], [ 72.548259527219841, 23.177709047927468 ], [ 72.548339729265237, 23.177675267311407 ], [ 72.549017729265245, 23.177351769083192 ], [ 72.549059820935753, 23.177330351312349 ], [ 72.549686420935728, 23.176991053116343 ], [ 72.549767729685684, 23.176941364202552 ], [ 72.550342829685704, 23.176546866153526 ], [ 72.550386378532266, 23.176515016029832 ], [ 72.552065178532288, 23.175207122186489 ], [ 72.552073352175285, 23.175200676577404 ], [ 72.557293075332154, 23.17103423360366 ], [ 72.558312286402597, 23.170231162101132 ], [ 72.558329449309625, 23.170217286785508 ], [ 72.559109947434138, 23.169569922070465 ], [ 72.559744220035213, 23.169072320440229 ], [ 72.559774905600634, 23.169047107490933 ], [ 72.560444405600649, 23.168471110085193 ], [ 72.560460556000379, 23.168456864146425 ], [ 72.565189856000373, 23.164179882952805 ], [ 72.565191340069873, 23.164178537683153 ], [ 72.569568750474119, 23.160201254797069 ], [ 72.574091104652894, 23.156090732527311 ], [ 72.579064765453268, 23.151596553947204 ], [ 72.580141336559649, 23.150645322491343 ], [ 72.580623368500326, 23.150265368654328 ], [ 72.581251830794727, 23.149875448783416 ], [ 72.584456812093464, 23.148328139831236 ], [ 72.590323397938462, 23.145567937706382 ], [ 72.590324556303813, 23.145567391720995 ], [ 72.594770656303822, 23.143468003229568 ], [ 72.594774704442827, 23.143466079792116 ], [ 72.601218313822585, 23.140385355774928 ], [ 72.606113434017175, 23.138197639189997 ], [ 72.611130877816137, 23.136005005453665 ], [ 72.611137397393776, 23.136002126720221 ], [ 72.62123969739379, 23.13149525169716 ], [ 72.621240722280774, 23.131494793724478 ], [ 72.632853753449012, 23.126297013095815 ], [ 72.63401593936743, 23.125804272861984 ], [ 72.635060054248484, 23.125469660412051 ], [ 72.63586723049886, 23.12530162538981 ], [ 72.636787981235585, 23.125215532813662 ], [ 72.637714857145554, 23.125201195091712 ], [ 72.638748883577193, 23.12530519947844 ], [ 72.643890352026304, 23.12591201244711 ], [ 72.643986358796468, 23.125918560523939 ], [ 72.644082576214046, 23.125915622531355 ], [ 72.644674876214054, 23.125868222822128 ], [ 72.644760967424318, 23.125857454621702 ], [ 72.644845524802307, 23.125839088211553 ], [ 72.644927757356513, 23.125813295397091 ], [ 72.645006895842968, 23.125780317452833 ], [ 72.645082199961209, 23.125740462865608 ], [ 72.645152965279308, 23.125694104448954 ], [ 72.645218529823481, 23.12564167585592 ], [ 72.645278280270631, 23.125583667522655 ], [ 72.645331657685546, 23.125520622080906 ], [ 72.645378162749509, 23.125453129282217 ], [ 72.645417360431168, 23.125381820481358 ], [ 72.645448884056051, 23.125307362730549 ], [ 72.64547243873659, 23.125230452539718 ], [ 72.645487804130696, 23.125151809361217 ], [ 72.645534104130689, 23.124824609621214 ], [ 72.645540193445015, 23.124764462889846 ], [ 72.64555399344502, 23.124539162967878 ], [ 72.645554621086575, 23.124457968621115 ], [ 72.645546578869627, 23.124377109723032 ], [ 72.645529944480216, 23.124297367354306 ], [ 72.645504878602949, 23.124219511811546 ], [ 72.645471623368721, 23.124144295166293 ], [ 72.645430500015891, 23.124072444000014 ], [ 72.645381905787104, 23.124004652385302 ], [ 72.645326310092031, 23.123941575181032 ], [ 72.645264249972996, 23.123883821706343 ], [ 72.645196324917251, 23.123831949854448 ], [ 72.645123191066077, 23.123786460703244 ], [ 72.645045554876546, 23.123747793674745 ], [ 72.644964166297399, 23.123716322290061 ], [ 72.644397666297394, 23.123526821193526 ], [ 72.644303372374026, 23.123500565695696 ], [ 72.644206519183143, 23.123483964464736 ], [ 72.638996519183138, 23.122860460657797 ], [ 72.638955267736492, 23.122856412311624 ] ] ] } },
{ "type": "Feature", "properties": { "version": 9, "visible": null, "lon": null, "timestamp": 1618003081, "tags": { "visible": false }, "changeset": null, "lat": null, "id": 29329527, "natural": "water", "water": "canal", "wetland": null, "osm_type": "way", "grassland": null, "reef": null, "Risk": "High" }, "geometry": { "type": "Polygon", "coordinates": [ [ [ 72.499521001226128, 23.172225112640568 ], [ 72.502979185101097, 23.172769496597581 ], [ 72.503068082951145, 23.172779328727866 ], [ 72.503157603891964, 23.172780976185592 ], [ 72.503246858537452, 23.172774422603638 ], [ 72.503641758537441, 23.172727122893011 ], [ 72.503726342545917, 23.172713181222701 ], [ 72.503809090511567, 23.172691873337914 ], [ 72.503889245223078, 23.172663394219711 ], [ 72.50396607319955, 23.172628004470742 ], [ 72.504038871402372, 23.17258602793072 ], [ 72.504106973668641, 23.172537848713194 ], [ 72.504169756807144, 23.172483907690822 ], [ 72.504226646301007, 23.172424698461285 ], [ 72.504277121564968, 23.17236076283066 ], [ 72.504320720709259, 23.172292685855744 ], [ 72.504357044766152, 23.172221090490513 ], [ 72.504385761340941, 23.172146631885798 ], [ 72.504406607653564, 23.172069991394313 ], [ 72.50446610765357, 23.171796191725235 ], [ 72.50447748401929, 23.171729937704775 ], [ 72.504503784019306, 23.171522337852942 ], [ 72.504509637279, 23.171443239792609 ], [ 72.504507213441272, 23.171363990178815 ], [ 72.504496534843824, 23.171285319364394 ], [ 72.504477699899027, 23.171207952369354 ], [ 72.504450882186859, 23.171132602199087 ], [ 72.504416328855314, 23.171059963273354 ], [ 72.504374358342673, 23.170990705026469 ], [ 72.504325357442823, 23.170925465737682 ], [ 72.504269777740689, 23.170864846648723 ], [ 72.504208131450355, 23.170809406422588 ], [ 72.504140986694765, 23.17075965599475 ], [ 72.504068962269798, 23.170716053864219 ], [ 72.503648362269786, 23.170487252649448 ], [ 72.503572398372796, 23.1704503197472 ], [ 72.50349294346627, 23.170420228716747 ], [ 72.503410724624942, 23.17039725491933 ], [ 72.503326494215742, 23.170381608586936 ], [ 72.499956488392954, 23.169908540048887 ], [ 72.497436079202544, 23.169538191952032 ], [ 72.49736180511762, 23.169530176241505 ], [ 72.496563605117615, 23.169474875901326 ], [ 72.496488141412385, 23.169472573201588 ], [ 72.49551824141237, 23.169480473250324 ], [ 72.495412251812468, 23.169487111857766 ], [ 72.494270751812479, 23.169621312678949 ], [ 72.494186665833865, 23.169634959382947 ], [ 72.493199565833862, 23.169840060617073 ], [ 72.493098998873393, 23.169866702900737 ], [ 72.492197798873391, 23.170158704599658 ], [ 72.492125728186423, 23.170185329689836 ], [ 72.49112152818644, 23.170603532039888 ], [ 72.491049499935343, 23.17063719603529 ], [ 72.489109699935341, 23.171647201457095 ], [ 72.489090889120362, 23.171657274425215 ], [ 72.487657489120366, 23.172446378601968 ], [ 72.487568777698016, 23.17250209992195 ], [ 72.486272777698019, 23.17342530442437 ], [ 72.486221649121291, 23.173464600638113 ], [ 72.486173830155593, 23.173507273318762 ], [ 72.485229730155595, 23.174414677188601 ], [ 72.48518420676379, 23.174461920082742 ], [ 72.485142740852893, 23.17451222102784 ], [ 72.484344440852908, 23.175561624738652 ], [ 72.484296526959497, 23.175631872747143 ], [ 72.482065331454251, 23.179300218769054 ], [ 72.478151937283513, 23.185706273790153 ], [ 72.478148378073485, 23.185712155945687 ], [ 72.474663578073503, 23.191526873267041 ], [ 72.474655780454512, 23.191540170405919 ], [ 72.472166680454507, 23.195879282902823 ], [ 72.472162736271841, 23.195886238343356 ], [ 72.469544936271859, 23.200556551553642 ], [ 72.469544328178046, 23.20055763838565 ], [ 72.468222528178032, 23.202924345061746 ], [ 72.468220918232831, 23.202927241701953 ], [ 72.464831339391296, 23.209055455068757 ], [ 72.462947306730868, 23.212431916978534 ], [ 72.46258520706985, 23.213054128645421 ], [ 72.462180962650351, 23.213565811999903 ], [ 72.461708222834176, 23.214099948724986 ], [ 72.461166377094273, 23.214576591087511 ], [ 72.456679787733592, 23.218095106681087 ], [ 72.456678464862605, 23.218096146138869 ], [ 72.448955342434104, 23.224176432721872 ], [ 72.440674226239807, 23.230634927925635 ], [ 72.440672977312616, 23.230635903751214 ], [ 72.434417096028454, 23.235532772863539 ], [ 72.427019718435375, 23.241281250072038 ], [ 72.427015761968306, 23.241284342635243 ], [ 72.425450649867628, 23.242514887480429 ], [ 72.424883094490056, 23.242864836804905 ], [ 72.424153318924695, 23.243214617168242 ], [ 72.418129667178235, 23.245824807701919 ], [ 72.413085216909224, 23.247976674768616 ], [ 72.413006001364735, 23.248014984686268 ], [ 72.412931329003413, 23.248060348384737 ], [ 72.412861941357917, 23.248112315373575 ], [ 72.412798527481243, 23.248170369587999 ], [ 72.412741717103884, 23.248233934513994 ], [ 72.412692074380431, 23.248302378913635 ], [ 72.41265009228718, 23.248375023093903 ], [ 72.412616187726655, 23.248451145656638 ], [ 72.412590697387571, 23.248529990662608 ], [ 72.412573874401346, 23.248610775138587 ], [ 72.412565885828371, 23.248692696852792 ], [ 72.412566810999081, 23.248774942281571 ], [ 72.412576640726044, 23.248856694688111 ], [ 72.412595277395354, 23.248937142233057 ], [ 72.412622535935796, 23.249015486036377 ], [ 72.412658145656906, 23.249090948110521 ], [ 72.413018645656905, 23.249761246272755 ], [ 72.413060912976022, 23.249831101069443 ], [ 72.413110335724099, 23.249896872166492 ], [ 72.413166450466491, 23.249957942838069 ], [ 72.413228731018037, 23.250013740434376 ], [ 72.41329659337714, 23.250063741751053 ], [ 72.413369401201834, 23.250107477935011 ], [ 72.41344647177678, 23.250144538880583 ], [ 72.413527082415044, 23.250174577074816 ], [ 72.413610477234684, 23.250197310855903 ], [ 72.413695874246656, 23.250212527054074 ], [ 72.413782472687402, 23.250220082990396 ], [ 72.413869460527692, 23.250219907814536 ], [ 72.413956022086893, 23.250212003169072 ], [ 72.414041345681568, 23.250196443174111 ], [ 72.414124631236632, 23.250173373732306 ], [ 72.414205097787573, 23.250143011160837 ], [ 72.425234297787568, 23.245395537765177 ], [ 72.425276696979822, 23.245376016708477 ], [ 72.426143596979841, 23.244950219032035 ], [ 72.426210110265714, 23.24491408722135 ], [ 72.426750910265696, 23.244590688898498 ], [ 72.426814503708201, 23.244548932044363 ], [ 72.427406703708215, 23.244123134119228 ], [ 72.427435036790172, 23.244101893981949 ], [ 72.431220136790174, 23.241144407921603 ], [ 72.431221431262315, 23.241143394533673 ], [ 72.440661632115024, 23.233738669991318 ], [ 72.447192129382856, 23.228652330732608 ], [ 72.447194392612829, 23.228650562042869 ], [ 72.452927892612834, 23.224154783188599 ], [ 72.452929493169194, 23.224153525149074 ], [ 72.459606152252178, 23.218893091188551 ], [ 72.462575009111973, 23.216566941093021 ], [ 72.462589039613007, 23.216555715238357 ], [ 72.463207039613025, 23.216050817570565 ], [ 72.463260723187105, 23.21600314455171 ], [ 72.46377562318709, 23.215506246669573 ], [ 72.463824647433682, 23.215454832163285 ], [ 72.464322547433682, 23.214886834365522 ], [ 72.464381236093217, 23.214811612021467 ], [ 72.464844736093198, 23.214141114243485 ], [ 72.464864601496373, 23.214110974533085 ], [ 72.465250801496381, 23.213495776433 ], [ 72.465272045507362, 23.213459915152733 ], [ 72.469228434068796, 23.206368972578375 ], [ 72.473814216664621, 23.198189993302059 ], [ 72.478294248755844, 23.190681047689935 ], [ 72.478303002825882, 23.190666008279091 ], [ 72.481364370693299, 23.18527333046449 ], [ 72.484833945815524, 23.179603273541236 ], [ 72.486503968411995, 23.176869678473519 ], [ 72.486905820547705, 23.176290176041306 ], [ 72.487352149653788, 23.175761616520223 ], [ 72.487962631823663, 23.175200395038825 ], [ 72.488801386408042, 23.174587862391807 ], [ 72.490070928500629, 23.173857478682461 ], [ 72.492122282535846, 23.172798651504738 ], [ 72.493024922145324, 23.172398259643305 ], [ 72.493885325164058, 23.172132175954474 ], [ 72.494582288758323, 23.171966580802927 ], [ 72.495245659720638, 23.171861483297583 ], [ 72.496070123338995, 23.171812300387838 ], [ 72.497016849580604, 23.171862713135578 ], [ 72.498066551712981, 23.171998379641863 ], [ 72.499521001226128, 23.172225112640568 ] ] ] } },
{ "type": "Feature", "properties": { "version": 7, "visible": null, "lon": null, "timestamp": 1618003081, "tags": { "visible": false }, "changeset": null, "lat": null, "id": 29329538, "natural": "water", "water": "canal", "wetland": null, "osm_type": "way", "grassland": null, "reef": null, "Risk": "High" }, "geometry": { "type": "Polygon", "coordinates": [ [ [ 72.502719215980719, 23.17133126207888 ], [ 72.502697139639466, 23.17150552262202 ], [ 72.50264479234643, 23.171746408410137 ], [ 72.50263197401577, 23.171824828421677 ], [ 72.502627396238609, 23.171904017110325 ], [ 72.502631101224068, 23.171983244320216 ], [ 72.502643054810562, 23.172061779541608 ], [ 72.502663146780634, 23.172138898646462 ], [ 72.502691191877361, 23.172213890565185 ], [ 72.502726931512385, 23.172286063842865 ], [ 72.502770036150267, 23.172354753014673 ], [ 72.502820108346981, 23.17241932474154 ], [ 72.502876686414467, 23.172479183649617 ], [ 72.502939248677606, 23.172533777819673 ], [ 72.503007218284367, 23.172582603875739 ], [ 72.503079968524546, 23.172625211626286 ], [ 72.503156828608368, 23.172661208214887 ], [ 72.503237089851467, 23.172690261742343 ], [ 72.503320012209286, 23.172712104326717 ], [ 72.503611812209286, 23.172775203947769 ], [ 72.50369994652759, 23.17279004227602 ], [ 72.503789250330911, 23.172796735340757 ], [ 72.50387883517709, 23.172795216557002 ], [ 72.503967809828026, 23.172785501034152 ], [ 72.504055289116152, 23.172767685425676 ], [ 72.504140402750565, 23.172741946967605 ], [ 72.504222303975155, 23.172708541715462 ], [ 72.504300177992633, 23.172667801997015 ], [ 72.504373250070472, 23.172620133106353 ], [ 72.504440793248435, 23.17256600927205 ], [ 72.504502135570746, 23.172505968939564 ], [ 72.50455666677108, 23.172440609414807 ], [ 72.504603844343791, 23.172370580922109 ], [ 72.504643198941082, 23.172296580135733 ], [ 72.504674339042296, 23.172219343249225 ], [ 72.50469695484901, 23.172139638651679 ], [ 72.504763154849002, 23.171847339019259 ], [ 72.50477415029907, 23.171788042775649 ], [ 72.504803650299081, 23.171584442941494 ], [ 72.504810906618928, 23.171505796044158 ], [ 72.504809963015532, 23.171426871453839 ], [ 72.504800828108046, 23.171348390091726 ], [ 72.504783585337478, 23.171271068831665 ], [ 72.504758392204479, 23.171195613952012 ], [ 72.50472547883075, 23.171122714684131 ], [ 72.504685145856982, 23.17105303691665 ], [ 72.504637761696728, 23.170987217112852 ], [ 72.504583759171211, 23.17092585649679 ], [ 72.504523631555799, 23.170869515561371 ], [ 72.504457928074274, 23.170818708948339 ], [ 72.504387248882111, 23.170773900747179 ], [ 72.504312239584323, 23.170735500255741 ], [ 72.50423358533854, 23.17070385824135 ], [ 72.504152004596349, 23.170679263736599 ], [ 72.504068242540882, 23.170661941399057 ], [ 72.503766542540887, 23.170613341103735 ], [ 72.503681209167837, 23.170603438048442 ], [ 72.503595236742996, 23.170601083103783 ], [ 72.50350941340993, 23.170606297858892 ], [ 72.503424525945405, 23.170619034507144 ], [ 72.503341352546698, 23.170639176284467 ], [ 72.503260655697602, 23.170666538539866 ], [ 72.503183175178322, 23.170700870428266 ], [ 72.503109621283741, 23.17074185721032 ], [ 72.503040668311755, 23.170789123137908 ], [ 72.502976948381843, 23.170842234898988 ], [ 72.502919045640013, 23.170900705590189 ], [ 72.502867490903839, 23.170963999180689 ], [ 72.502822756796164, 23.171031535426458 ], [ 72.502785253412441, 23.171102695189816 ], [ 72.502755324561122, 23.171176826115563 ], [ 72.502733244611989, 23.171253248611535 ], [ 72.502719215980719, 23.17133126207888 ] ] ] } },
{ "type": "Feature", "properties": { "version": 14, "visible": null, "lon": null, "timestamp": 1696879081, "tags": { "visible": false, "intermittent": "no", "name": "Kankaria Lake", "wikidata": "Q16384", "wikimedia_commons": "Category:Kankaria Lake", "wikipedia": "en:Kankaria Lake" }, "changeset": null, "lat": null, "id": 29340465, "natural": "water", "water": "lake", "wetland": null, "osm_type": "way", "grassland": null, "reef": null, "Risk": "High" }, "geometry": { "type": "Polygon", "coordinates": [ [ [ 72.601132822544074, 23.002756518696696 ], [ 72.601104337736245, 23.002755986267118 ], [ 72.601042295202831, 23.002756799531859 ], [ 72.600804195202812, 23.00276749959734 ], [ 72.600720622918672, 23.002774870790301 ], [ 72.600638163205105, 23.00278939141813 ], [ 72.600159263205114, 23.002895292049029 ], [ 72.600094158308963, 23.002912097945604 ], [ 72.600030611128645, 23.00293336384216 ], [ 72.599518111128646, 23.003125264931263 ], [ 72.599435036804408, 23.003161023229058 ], [ 72.599356356122158, 23.003204391629207 ], [ 72.598910256122196, 23.003479693030236 ], [ 72.59882066471404, 23.003542836077816 ], [ 72.598657973770415, 23.00367320427468 ], [ 72.598488321832079, 23.003806014215733 ], [ 72.598433457378164, 23.003852720272814 ], [ 72.598383000291548, 23.003903462305981 ], [ 72.598337299768247, 23.003957889142839 ], [ 72.597928599768252, 23.004488891023691 ], [ 72.597873798566624, 23.00456955942823 ], [ 72.597829427158629, 23.004655488226486 ], [ 72.597620427158631, 23.005128689318472 ], [ 72.597597090602207, 23.005187894926561 ], [ 72.597578717451455, 23.005248563726614 ], [ 72.597445517451462, 23.005763464457452 ], [ 72.597427297472251, 23.005857920745424 ], [ 72.59742108585408, 23.005953683725522 ], [ 72.597420185854091, 23.006474083730598 ], [ 72.597423069328102, 23.006541610874748 ], [ 72.597431934042746, 23.006608695714259 ], [ 72.597520734042732, 23.007109095219942 ], [ 72.597544971167395, 23.007207490679843 ], [ 72.597582047257163, 23.007302436497767 ], [ 72.597812547257149, 23.007795835303373 ], [ 72.597867211179789, 23.007894169242142 ], [ 72.598162211179798, 23.008347367814757 ], [ 72.598219036479762, 23.008424455829246 ], [ 72.598284921931949, 23.008495170972907 ], [ 72.598688021931949, 23.008881469333037 ], [ 72.598751325824395, 23.008936524755839 ], [ 72.598820124405151, 23.00898567895128 ], [ 72.599285824405158, 23.009286277443014 ], [ 72.599357341685121, 23.009327956643268 ], [ 72.599432803572597, 23.00936325483578 ], [ 72.599991903572572, 23.009594953541015 ], [ 72.600088496872203, 23.009628973397174 ], [ 72.600188698207035, 23.009652548740032 ], [ 72.600639798207055, 23.009733548252811 ], [ 72.600707576526844, 23.009743262499903 ], [ 72.601032176526843, 23.009778162287464 ], [ 72.601120710696676, 23.00978362004658 ], [ 72.601209397944089, 23.00978101167771 ], [ 72.601243649347396, 23.009776865673235 ], [ 72.60131688187748, 23.009781172180215 ], [ 72.601519881877479, 23.009783672164886 ], [ 72.601595902700979, 23.009781644881024 ], [ 72.601671464780637, 23.009773706198065 ], [ 72.601746026519891, 23.009759913016058 ], [ 72.602321026519888, 23.009630013789195 ], [ 72.602387721263597, 23.009612407131929 ], [ 72.602452740730385, 23.009590115033745 ], [ 72.602755640730379, 23.009473815691546 ], [ 72.602777747252972, 23.009465005691673 ], [ 72.603027947252954, 23.009361606269746 ], [ 72.603113016124126, 23.009321309692933 ], [ 72.603192946486971, 23.009272914195332 ], [ 72.60358934648697, 23.009004015521899 ], [ 72.603687400484162, 23.008926916152387 ], [ 72.604098900484161, 23.008553117782824 ], [ 72.6041609887926, 23.008490625198416 ], [ 72.604215807114045, 23.008422614979274 ], [ 72.604490407114042, 23.008042716268847 ], [ 72.604535336289075, 23.007973454391276 ], [ 72.60457271912837, 23.007900492258429 ], [ 72.604779419128363, 23.007440093335944 ], [ 72.604797858088702, 23.007395404643798 ], [ 72.604873758088701, 23.007194105048249 ], [ 72.604897040954071, 23.007121889689355 ], [ 72.604913087150194, 23.007048023608238 ], [ 72.604952887150191, 23.006808523830141 ], [ 72.604961274775988, 23.006737819648155 ], [ 72.604987774775992, 23.006367319797292 ], [ 72.604989342817532, 23.006289191401059 ], [ 72.604978442817512, 23.005940891339609 ], [ 72.604971945226239, 23.005862633150141 ], [ 72.604957415857498, 23.005785294521996 ], [ 72.6048286158575, 23.005251893812854 ], [ 72.604807896130197, 23.005181077173095 ], [ 72.604780440790975, 23.005112228977726 ], [ 72.604563140790972, 23.004634027847054 ], [ 72.604527365819294, 23.004564560806209 ], [ 72.604484736511495, 23.004498452239329 ], [ 72.604165636511496, 23.004052250736081 ], [ 72.604113402213898, 23.003986506491891 ], [ 72.604054394415499, 23.003925811468093 ], [ 72.603662594415511, 23.003560709896028 ], [ 72.603594482106047, 23.003503442964014 ], [ 72.603520348517648, 23.003452907806064 ], [ 72.60313414851764, 23.003216906601374 ], [ 72.60306585134434, 23.003179078250778 ], [ 72.602994180120703, 23.003146971498065 ], [ 72.6025597801207, 23.002973870524773 ], [ 72.602462686615084, 23.002941148943425 ], [ 72.602167086615069, 23.002858948461306 ], [ 72.602058099649454, 23.002835350394538 ], [ 72.601742299649473, 23.002785850095567 ], [ 72.60170923283566, 23.002781248266427 ], [ 72.601524332835666, 23.002758748129757 ], [ 72.601437821431787, 23.002752115380549 ], [ 72.601294121431792, 23.002747515352386 ], [ 72.601202372142453, 23.00274889493954 ], [ 72.601132822544074, 23.002756518696696 ] ] ] } },
{ "type": "Feature", "properties": { "version": 19, "visible": null, "lon": null, "timestamp": 1643240799, "tags": { "visible": false }, "changeset": null, "lat": null, "id": 29349715, "natural": "water", "water": "river", "wetland": null, "osm_type": "way", "grassland": null, "reef": null, "Risk": "High" }, "geometry": { "type": "Polygon", "coordinates": [ [ [ 72.646280142299162, 23.110096010184613 ], [ 72.64630966099682, 23.11105794945184 ], [ 72.646225072567944, 23.11338501886415 ], [ 72.645943749576674, 23.118309563836721 ], [ 72.645365180686156, 23.122996302061296 ], [ 72.644827405919827, 23.126187905230964 ], [ 72.644079278547025, 23.128576549595323 ], [ 72.644064716434656, 23.128629586917882 ], [ 72.643657506506088, 23.130350931146111 ], [ 72.643446706506083, 23.1312422323128 ], [ 72.643431709210361, 23.131326323618833 ], [ 72.643114209210367, 23.133946825406181 ], [ 72.643108743826815, 23.134047776535514 ], [ 72.64313444382681, 23.136107776389938 ], [ 72.643138988369998, 23.136181823794683 ], [ 72.643150736809204, 23.1362551979031 ], [ 72.643169594444359, 23.136327307273827 ], [ 72.643667394444364, 23.137913804564278 ], [ 72.643708048167198, 23.138017044970539 ], [ 72.644360348167197, 23.139382441587106 ], [ 72.644404015257919, 23.139461913818735 ], [ 72.64445673096013, 23.139536602357243 ], [ 72.644517882776071, 23.139605639413656 ], [ 72.64553928277607, 23.140639535130312 ], [ 72.645627901395059, 23.140717752498311 ], [ 72.647095601395066, 23.141846447163495 ], [ 72.647202432598888, 23.141917053839347 ], [ 72.649442632598877, 23.14317974720581 ], [ 72.649497347714458, 23.143208214808471 ], [ 72.652279147714466, 23.144539607530902 ], [ 72.652345801564664, 23.144568380161072 ], [ 72.654303301564681, 23.145324975862827 ], [ 72.654378973063459, 23.145350613063982 ], [ 72.654456840108764, 23.1453699067686 ], [ 72.654536275153561, 23.145382701487389 ], [ 72.654616638013948, 23.145388894106862 ], [ 72.658247738013941, 23.145518193310636 ], [ 72.658293434734247, 23.145518750798217 ], [ 72.661001363602509, 23.145488439457299 ], [ 72.66509137514177, 23.145658514627527 ], [ 72.667839295731085, 23.146249436263655 ], [ 72.670261660555624, 23.147166753886783 ], [ 72.671363471945014, 23.147796737367294 ], [ 72.672333694795469, 23.149096980156486 ], [ 72.672551843455409, 23.150255957954073 ], [ 72.672557846305324, 23.150284790620496 ], [ 72.672828168659109, 23.15146883736838 ], [ 72.672912785140468, 23.153046886443402 ], [ 72.672932891258924, 23.155087930422813 ], [ 72.671793086083071, 23.157220089620946 ], [ 72.67060989114232, 23.15916155023594 ], [ 72.6693286139663, 23.160569298759512 ], [ 72.667886648414211, 23.161858117806478 ], [ 72.666022693437313, 23.163336845793395 ], [ 72.664634778560156, 23.164416118532355 ], [ 72.664584203658848, 23.164458591175968 ], [ 72.664537295832361, 23.16450448326955 ], [ 72.662981139761271, 23.166148257333294 ], [ 72.661873235221833, 23.166943834312708 ], [ 72.661796129963051, 23.167006035210015 ], [ 72.661727240613857, 23.167075912090077 ], [ 72.660216640613854, 23.168796118755544 ], [ 72.660153428230515, 23.168877784694626 ], [ 72.65840762823052, 23.171450593095191 ], [ 72.658374451230742, 23.171503786842649 ], [ 72.658345658812308, 23.171559096999225 ], [ 72.657173695744618, 23.174043276954272 ], [ 72.656109835139802, 23.176283257323647 ], [ 72.656067251350763, 23.176393689269805 ], [ 72.655414851350741, 23.178563492836954 ], [ 72.655397172884477, 23.178634275394582 ], [ 72.655386327674748, 23.178706212027663 ], [ 72.655197527674758, 23.18055251309405 ], [ 72.655196039250825, 23.180568795819422 ], [ 72.654990039250833, 23.183125196984989 ], [ 72.654987599298764, 23.183190905256211 ], [ 72.654990853663975, 23.183256583668616 ], [ 72.655128153663981, 23.184731982892409 ], [ 72.655131647210993, 23.184762733050007 ], [ 72.655278347210981, 23.185855532223869 ], [ 72.655284468160772, 23.185893750376817 ], [ 72.655498268160784, 23.187041649181026 ], [ 72.655523567769919, 23.187140488972695 ], [ 72.656141567769907, 23.189026185614786 ], [ 72.656171666262992, 23.189103778652427 ], [ 72.656210025718508, 23.189178228843861 ], [ 72.656256264361602, 23.189248795224767 ], [ 72.656309921999281, 23.189314775485528 ], [ 72.656370464600556, 23.189375512960744 ], [ 72.656437289611432, 23.189430403164433 ], [ 72.656509731951829, 23.189478899805945 ], [ 72.65658707063487, 23.189520520226626 ], [ 72.656668535942444, 23.18955485020324 ], [ 72.656753317086057, 23.189581548070286 ], [ 72.656840570276074, 23.189600348120219 ], [ 72.656929427119692, 23.189611063247717 ], [ 72.657019003263656, 23.189613586811774 ], [ 72.657108407195807, 23.189607893696909 ], [ 72.657196749117958, 23.189594040563168 ], [ 72.657283149801628, 23.189572165282218 ], [ 72.660965049801632, 23.188455571828538 ], [ 72.661045923448782, 23.188427001286275 ], [ 72.661123426688633, 23.188391401997411 ], [ 72.661196838570135, 23.188349105108401 ], [ 72.661265476200825, 23.18830050406746 ], [ 72.661328701099364, 23.188246050964871 ], [ 72.661385925134709, 23.188186252327782 ], [ 72.661436615997133, 23.188121664408648 ], [ 72.661480302149783, 23.188052888011097 ], [ 72.661516577215082, 23.187980562901377 ], [ 72.661545103754904, 23.187905361857364 ], [ 72.661565616409533, 23.187827984410387 ], [ 72.661577924365986, 23.187749150338245 ], [ 72.661581913133148, 23.18766959296978 ], [ 72.66157754560669, 23.187590052363365 ], [ 72.661564862414238, 23.187511268422789 ], [ 72.661543981537434, 23.187433974014457 ], [ 72.66109547731908, 23.18606065396504 ], [ 72.660596446201836, 23.183983701736523 ], [ 72.660821105477979, 23.181424112425056 ], [ 72.660823957681032, 23.181348348412694 ], [ 72.66079261894771, 23.178804558612253 ], [ 72.661163231935262, 23.176660655109849 ], [ 72.662343974784946, 23.174372327646516 ], [ 72.664131716776311, 23.172367503964303 ], [ 72.665921003345559, 23.170586329170355 ], [ 72.667751793856297, 23.169042154607766 ], [ 72.667791388667098, 23.16900663287571 ], [ 72.66988948866711, 23.167004741443687 ], [ 72.669907393942637, 23.166987150652911 ], [ 72.6721457796626, 23.16472274448207 ], [ 72.674551873760336, 23.162635631330755 ], [ 72.674601140001656, 23.162589410302722 ], [ 72.674646318776354, 23.162539784718732 ], [ 72.676087118776351, 23.160824891183534 ], [ 72.676087946071121, 23.1608239049642 ], [ 72.677661346071119, 23.158945312031761 ], [ 72.677722911832603, 23.158861685461154 ], [ 72.677772917412398, 23.158771776027692 ], [ 72.678662440238966, 23.156897877863617 ], [ 72.679621397120854, 23.154945553111208 ], [ 72.679650994522106, 23.154877368699236 ], [ 72.679673889994675, 23.154807037152114 ], [ 72.679689902653422, 23.154735114119461 ], [ 72.679698905990776, 23.154662167825219 ], [ 72.679819105990774, 23.153052268504954 ], [ 72.679821053769686, 23.152980037987675 ], [ 72.679816128686781, 23.152907927280545 ], [ 72.679804368429799, 23.152836488190523 ], [ 72.679332991806945, 23.150630171418616 ], [ 72.678991986014211, 23.148960403343608 ], [ 72.678384022554951, 23.145629869469875 ], [ 72.67836175505893, 23.145539367325892 ], [ 72.678328589047766, 23.145451732587912 ], [ 72.677581889047772, 23.14378652867617 ], [ 72.67753483016034, 23.143697221225704 ], [ 72.67627313016034, 23.141629414990959 ], [ 72.67621290344546, 23.141543610186705 ], [ 72.675491903445447, 23.140643806897909 ], [ 72.67542720957529, 23.140571949228367 ], [ 72.675354117210873, 23.140507257266918 ], [ 72.675273558557038, 23.140450556092336 ], [ 72.67393455855705, 23.139613951828739 ], [ 72.673871181752773, 23.139577796076015 ], [ 72.67380476173102, 23.139546599315821 ], [ 72.673735756337607, 23.139520576596883 ], [ 72.671864656337604, 23.13889707298517 ], [ 72.671783296574986, 23.138873910495477 ], [ 72.67169991700645, 23.138857937362133 ], [ 72.67161526713403, 23.138849297170822 ], [ 72.670121867134014, 23.138762496637096 ], [ 72.670021738383369, 23.138761818806977 ], [ 72.669922149627311, 23.138771392338697 ], [ 72.668325649627334, 23.139008193779045 ], [ 72.668232797441618, 23.139026644542472 ], [ 72.668142583289708, 23.139054008581493 ], [ 72.668056016011761, 23.139089979886215 ], [ 72.666562516011766, 23.13980028377345 ], [ 72.666516013882571, 23.139824030303924 ], [ 72.664997327282805, 23.140654576812452 ], [ 72.662804864770322, 23.141165907624075 ], [ 72.661164399276359, 23.141368017723721 ], [ 72.659517618249083, 23.141223849266417 ], [ 72.656906534706977, 23.140702212562342 ], [ 72.654701609919314, 23.140148513451155 ], [ 72.652839543511917, 23.139229952282239 ], [ 72.651201764215315, 23.13816957161994 ], [ 72.651198645330496, 23.138167561369642 ], [ 72.650410124069055, 23.1376616147774 ], [ 72.649902502416623, 23.137248543004226 ], [ 72.648552496278867, 23.1359337102284 ], [ 72.647908856243518, 23.134903088814696 ], [ 72.647422773121605, 23.133764852078428 ], [ 72.647176196963613, 23.132120530686826 ], [ 72.647317519956786, 23.130510455367109 ], [ 72.647752632985458, 23.128773989623713 ], [ 72.648782245162408, 23.127154090835017 ], [ 72.648820573048198, 23.127086881066859 ], [ 72.648852032523934, 23.127016720250669 ], [ 72.648876358097866, 23.126944200481091 ], [ 72.648893344482445, 23.126869933761203 ], [ 72.649479077402177, 23.123560859063112 ], [ 72.650614559738315, 23.120863689757353 ], [ 72.650927307823665, 23.120355498220651 ], [ 72.651099882013739, 23.12007504101593 ], [ 72.651312790056224, 23.119729128993214 ], [ 72.651466390056243, 23.119479529750048 ], [ 72.651506421050968, 23.119406208499019 ], [ 72.651538347186744, 23.119329597138911 ], [ 72.651561853605699, 23.119250451211563 ], [ 72.651576708485834, 23.119169551256082 ], [ 72.651911408485816, 23.116564553137874 ], [ 72.651916738206168, 23.1165040999852 ], [ 72.651985282968937, 23.115078528962993 ], [ 72.652070900274254, 23.113566056822048 ], [ 72.652071759719391, 23.113546343713903 ], [ 72.652106059719401, 23.112425443907984 ], [ 72.652101759597713, 23.112318191853969 ], [ 72.651954026758915, 23.110988787133568 ], [ 72.65199525083851, 23.110125138031258 ], [ 72.651994668503761, 23.110042026566692 ], [ 72.651985010697274, 23.109959389366416 ], [ 72.651966375147026, 23.109878062643386 ], [ 72.651938950427365, 23.109798869351209 ], [ 72.651903014050873, 23.109722610856526 ], [ 72.651858929660079, 23.109650058829729 ], [ 72.651807143347895, 23.109581947436151 ], [ 72.651748179143439, 23.109518965906755 ], [ 72.65168263370937, 23.109461751563455 ], [ 72.651611170304278, 23.109410883369691 ], [ 72.651534512071123, 23.109366876071544 ], [ 72.651453434719599, 23.109330174988745 ], [ 72.651368758676824, 23.109301151508088 ], [ 72.651281340785246, 23.109280099325158 ], [ 72.651192065632344, 23.109267231472167 ], [ 72.651101836599253, 23.109262678162139 ], [ 72.647182136599255, 23.109246478062445 ], [ 72.647092239488217, 23.109250252378992 ], [ 72.647003204028124, 23.109262280372061 ], [ 72.646915923732053, 23.109282441332837 ], [ 72.646831274499121, 23.109310532932927 ], [ 72.646750105824538, 23.109346273254925 ], [ 72.646673232274424, 23.1093893036218 ], [ 72.646601425311346, 23.10943919219666 ], [ 72.646535405552186, 23.109495438316642 ], [ 72.646475835536521, 23.109557477517658 ], [ 72.646423313077733, 23.109624687199346 ], [ 72.646378365263587, 23.109696392873438 ], [ 72.646341443166705, 23.109771874932896 ], [ 72.646312917317843, 23.109850375873748 ], [ 72.646293073987422, 23.109931107897253 ], [ 72.646282112312647, 23.110013260815986 ], [ 72.646280142299162, 23.110096010184613 ] ] ] } },
{ "type": "Feature", "properties": { "version": 5, "visible": null, "lon": null, "timestamp": 1346428795, "tags": { "visible": false }, "changeset": null, "lat": null, "id": 29349768, "natural": "water", "water": null, "wetland": null, "osm_type": "way", "grassland": null, "reef": null, "Risk": "High" }, "geometry": { "type": "Polygon", "coordinates": [ [ [ 72.64974924379402, 23.118915214770997 ], [ 72.64953629217635, 23.119261199695121 ], [ 72.649363692176337, 23.119541700545607 ], [ 72.649323656617852, 23.11961503938323 ], [ 72.649291729629326, 23.11969166919889 ], [ 72.649268226212683, 23.119770833933302 ], [ 72.649253378260141, 23.11985175251807 ], [ 72.64924733226637, 23.119933626582082 ], [ 72.649250147883066, 23.120015648328593 ], [ 72.649261797330468, 23.120097008505262 ], [ 72.64928216567138, 23.120176904388462 ], [ 72.649311051945233, 23.120254547703119 ], [ 72.649348171150805, 23.120329172400005 ], [ 72.649393157058128, 23.120400042213586 ], [ 72.649445565821821, 23.120466457926067 ], [ 72.649504880360269, 23.120527764265844 ], [ 72.649570515457214, 23.120583356372322 ], [ 72.649641823535774, 23.120632685763393 ], [ 72.64971810104764, 23.120675265746652 ], [ 72.64979859541441, 23.120710676220945 ], [ 72.650841042442309, 23.121112041069079 ], [ 72.651387995655369, 23.121495285734344 ], [ 72.65170085373569, 23.121844205602216 ], [ 72.652027045773991, 23.122278997621624 ], [ 72.652171882773118, 23.122678547141085 ], [ 72.652221517625577, 23.123072085468159 ], [ 72.652199015203593, 23.123526407637939 ], [ 72.65219871125521, 23.123594849995342 ], [ 72.652204568583159, 23.123663080579377 ], [ 72.652216546985798, 23.123730631090897 ], [ 72.652250034975992, 23.123880184658006 ], [ 72.652227406261105, 23.12411452052638 ], [ 72.652224338010782, 23.12416135839657 ], [ 72.652184038010788, 23.125327558624669 ], [ 72.652185489734038, 23.125407573713442 ], [ 72.652195352908635, 23.125487084170125 ], [ 72.652213534983659, 23.125565343911166 ], [ 72.65223986534788, 23.125641618590365 ], [ 72.652274096930768, 23.125715192489476 ], [ 72.652315908520805, 23.125785375233999 ], [ 72.652364907779599, 23.125851508271086 ], [ 72.652420634923388, 23.125912971048876 ], [ 72.652482567037438, 23.125969186839175 ], [ 72.652550122982717, 23.126019628148917 ], [ 72.652622668849119, 23.126063821669643 ], [ 72.652699523903664, 23.126101352718518 ], [ 72.652779966978173, 23.126131869129267 ], [ 72.652863243236354, 23.126155084556508 ], [ 72.652948571256772, 23.126170781162493 ], [ 72.653134771256745, 23.126196481005987 ], [ 72.653223104009911, 23.126204593965028 ], [ 72.653311876173163, 23.126204649461112 ], [ 72.653400220838492, 23.126196646952298 ], [ 72.653487275272568, 23.126180664585977 ], [ 72.653572189341943, 23.126156858435749 ], [ 72.653654133814911, 23.126125460977427 ], [ 72.65373230845951, 23.126086778818916 ], [ 72.653805949858182, 23.126041189706232 ], [ 72.653874338862977, 23.125989138834846 ], [ 72.653936807618365, 23.125931134502398 ], [ 72.653992746083247, 23.125867743145125 ], [ 72.654041607988404, 23.12579958380665 ], [ 72.654082916170935, 23.125727322092931 ], [ 72.654116267234173, 23.125651663672521 ], [ 72.654141335486997, 23.125573347385593 ], [ 72.654433483632005, 23.124460288032527 ], [ 72.654543508612747, 23.124149876256396 ], [ 72.654654613360321, 23.123887181569934 ], [ 72.654681172276042, 23.123814592793998 ], [ 72.654700307669941, 23.123740053993647 ], [ 72.654711855086646, 23.123664205775313 ], [ 72.654715715284098, 23.1235877 ], [ 72.654715715284098, 23.1230036 ], [ 72.654709498491243, 23.122906573759796 ], [ 72.654615098491249, 23.122172473228961 ], [ 72.654598848850554, 23.122085890232757 ], [ 72.654572692670044, 23.122001383954409 ], [ 72.654272292670043, 23.12119618234555 ], [ 72.654236061695485, 23.121113795669196 ], [ 72.654190417948882, 23.121035464724702 ], [ 72.653752617948868, 23.120372462605967 ], [ 72.653696859057604, 23.120297618609516 ], [ 72.653632512961849, 23.120228848822432 ], [ 72.652997412961867, 23.119621046229689 ], [ 72.652937502132062, 23.11956875065593 ], [ 72.652872621654183, 23.119521737099021 ], [ 72.652117321654174, 23.119024434609706 ], [ 72.65205314660561, 23.118985879756941 ], [ 72.651985631252941, 23.118952497013183 ], [ 72.651915267200494, 23.11892452945451 ], [ 72.650851867200501, 23.118550527304002 ], [ 72.650765200336664, 23.118524598293725 ], [ 72.650676122892691, 23.118506878868875 ], [ 72.650585551726024, 23.118497551415448 ], [ 72.650494419068679, 23.11849671194091 ], [ 72.650403662931993, 23.118504369085993 ], [ 72.65031421745185, 23.118520444035685 ], [ 72.650227003273812, 23.118544771330562 ], [ 72.650142918077037, 23.11857710056994 ], [ 72.650062827334651, 23.118617098989375 ], [ 72.649987555405687, 23.118664354886004 ], [ 72.649917877049958, 23.118718381856354 ], [ 72.649854509453704, 23.118778623803145 ], [ 72.649798104847719, 23.1188444606594 ], [ 72.64974924379402, 23.118915214770997 ] ] ] } },
{ "type": "Feature", "properties": { "version": 14, "visible": null, "lon": null, "timestamp": 1666010238, "tags": { "visible": false }, "changeset": null, "lat": null, "id": 29349855, "natural": "water", "water": "river", "wetland": null, "osm_type": "way", "grassland": null, "reef": null, "Risk": "High" }, "geometry": { "type": "Polygon", "coordinates": [ [ [ 72.660925904788229, 23.200850936668523 ], [ 72.660924576706932, 23.200857006291297 ], [ 72.66091574923135, 23.200939016012288 ], [ 72.660915860243662, 23.201021425999055 ], [ 72.660924908637952, 23.201103415276375 ], [ 72.660942804273361, 23.201184167061669 ], [ 72.661019004273385, 23.201457466642605 ], [ 72.661043456329367, 23.201530811515912 ], [ 72.661075208790251, 23.201601753985695 ], [ 72.661667108790255, 23.202767150940705 ], [ 72.661713773563775, 23.202847217772771 ], [ 72.661769724804529, 23.202922088806371 ], [ 72.661834285370006, 23.202990857934125 ], [ 72.663865185370014, 23.2049276496316 ], [ 72.663942586593734, 23.204993287401813 ], [ 72.665141571209745, 23.205896410611437 ], [ 72.666926189134827, 23.207464231852423 ], [ 72.667011066073954, 23.20753006812437 ], [ 72.669362766073959, 23.209136360158812 ], [ 72.669371817244183, 23.20914246207407 ], [ 72.671293917244199, 23.210421355673294 ], [ 72.671367798448699, 23.210465602314809 ], [ 72.673485726102783, 23.21160195780088 ], [ 72.675598315214216, 23.213217482033965 ], [ 72.67730612476339, 23.214599173273037 ], [ 72.679377944780455, 23.216372007756416 ], [ 72.680362369347989, 23.217646458522978 ], [ 72.681418635061604, 23.219595017218925 ], [ 72.68146723576227, 23.219673580263827 ], [ 72.682261237490067, 23.220807725089408 ], [ 72.683055782042089, 23.22215302098294 ], [ 72.684318284219444, 23.225135798055518 ], [ 72.684564071833677, 23.226692810844035 ], [ 72.684271415659737, 23.231270336850983 ], [ 72.683597004008604, 23.233510508289768 ], [ 72.683577491414155, 23.233590639594578 ], [ 72.68302096320447, 23.236563072777475 ], [ 72.68256214975456, 23.238586106403652 ], [ 72.681623105645059, 23.242322148125641 ], [ 72.681154173421888, 23.243825022122337 ], [ 72.681133347046753, 23.243907539172508 ], [ 72.681121834568344, 23.243991582881158 ], [ 72.681119757234669, 23.244076268108209 ], [ 72.681156875299877, 23.245260153663057 ], [ 72.680588917973211, 23.247152249606874 ], [ 72.68056713959561, 23.247245545667539 ], [ 72.680557225607586, 23.247340527640148 ], [ 72.680529789103758, 23.248007530616462 ], [ 72.68031275147564, 23.248582057574819 ], [ 72.68029024249978, 23.2486512858381 ], [ 72.680274409106175, 23.248722057479959 ], [ 72.680265372624405, 23.2487938301832 ], [ 72.680263202299997, 23.248866053960487 ], [ 72.680296474536689, 23.250755270951753 ], [ 72.679642655029483, 23.252376422878029 ], [ 72.679637287232424, 23.252390100899838 ], [ 72.678605587232411, 23.25509340643675 ], [ 72.678578764184479, 23.255177858664023 ], [ 72.67856187761636, 23.255264454181642 ], [ 72.678555119393351, 23.25535220908775 ], [ 72.678558566302371, 23.255440126309402 ], [ 72.678657099855073, 23.256450871316648 ], [ 72.678532839250579, 23.258224795521187 ], [ 72.678532690050702, 23.258328629729544 ], [ 72.678661390050721, 23.260244828998861 ], [ 72.678669104971704, 23.260313207234017 ], [ 72.678682987311532, 23.260380758339537 ], [ 72.678702940750426, 23.260447013627317 ], [ 72.67919224075041, 23.26184271097797 ], [ 72.67921299757522, 23.261895659236139 ], [ 72.680062697575224, 23.263851254746815 ], [ 72.680095375641415, 23.263917761775232 ], [ 72.680134320501892, 23.263981357011474 ], [ 72.680179227700563, 23.264041543296695 ], [ 72.680229746170028, 23.264097850122333 ], [ 72.681328346170005, 23.265217545479878 ], [ 72.681395568880561, 23.265279170949782 ], [ 72.681469497478886, 23.265333932496898 ], [ 72.681549305746358, 23.265381218120456 ], [ 72.681634101753758, 23.265420499369277 ], [ 72.683411164346566, 23.266138141641683 ], [ 72.685170664346558, 23.266847837617288 ], [ 72.685241250308636, 23.266873103653793 ], [ 72.688221622804122, 23.267808976787016 ], [ 72.689799719239417, 23.268537535272955 ], [ 72.691840067812706, 23.269731774242864 ], [ 72.693347445561514, 23.270894302498519 ], [ 72.694721712384947, 23.272333920019754 ], [ 72.695613810431453, 23.273648137914563 ], [ 72.696599411007867, 23.275451206580211 ], [ 72.696642914260238, 23.275521889184969 ], [ 72.69669376885534, 23.275588302140083 ], [ 72.696751482423153, 23.27564980244756 ], [ 72.696815496185579, 23.275705794673637 ], [ 72.696885190366615, 23.275755736713386 ], [ 72.696959890192829, 23.275799145039112 ], [ 72.697038872426617, 23.275835599381494 ], [ 72.697121372368414, 23.275864746798408 ], [ 72.697206591260468, 23.275886305091795 ], [ 72.697293704020439, 23.275900065539748 ], [ 72.697381867229637, 23.275905894917148 ], [ 72.701175567229654, 23.275984794428449 ], [ 72.70126526463649, 23.275982542076715 ], [ 72.701354269949945, 23.275972080749092 ], [ 72.701441695109565, 23.275953514822731 ], [ 72.701526667821071, 23.27592702953789 ], [ 72.701608340259767, 23.275892889149819 ], [ 72.701685897529771, 23.275851434292324 ], [ 72.70175856579479, 23.275803078579241 ], [ 72.701825619999099, 23.275748304477865 ], [ 72.701886391101908, 23.27568765849534 ], [ 72.701940272752751, 23.275621745726141 ], [ 72.701986727341449, 23.275551223814965 ], [ 72.702025291362162, 23.275476796395306 ], [ 72.702055580038092, 23.275399206069135 ], [ 72.702077291160563, 23.275319226997748 ], [ 72.702090208104451, 23.27523765717768 ], [ 72.702094201989539, 23.275155310478734 ], [ 72.70208923296633, 23.275073008523609 ], [ 72.702075350613853, 23.274991572490073 ], [ 72.702052693444799, 23.274911814917566 ], [ 72.702021487523638, 23.274834531599879 ], [ 72.701982044210894, 23.274760493644887 ], [ 72.701175244210873, 23.273420089626722 ], [ 72.701150331270284, 23.273381244711398 ], [ 72.699897231270285, 23.271544038668605 ], [ 72.699843410808668, 23.271473584227717 ], [ 72.698452910808683, 23.269841477996778 ], [ 72.698428866001862, 23.269814452738917 ], [ 72.697081366001868, 23.268363646906213 ], [ 72.697013172222796, 23.268297920501094 ], [ 72.696017572222786, 23.267438416621808 ], [ 72.695949664045344, 23.267385366767957 ], [ 72.69587636701479, 23.267338761048372 ], [ 72.695798402879461, 23.267299058391792 ], [ 72.693858602879473, 23.266423853526454 ], [ 72.693792820523171, 23.266397121066664 ], [ 72.690920661173379, 23.265354147257597 ], [ 72.688346497645171, 23.264164048413935 ], [ 72.686929330698263, 23.263288762372223 ], [ 72.685769371955601, 23.262316631631823 ], [ 72.684985330990045, 23.261363543408269 ], [ 72.684047004250786, 23.260074222517748 ], [ 72.683469770199451, 23.25914961090545 ], [ 72.683225115092512, 23.257913254236179 ], [ 72.683240713877126, 23.257680671462779 ], [ 72.683369942925083, 23.255754846892732 ], [ 72.68423722792835, 23.251082865736581 ], [ 72.684247667879333, 23.251003728398281 ], [ 72.684416186654829, 23.248866168490945 ], [ 72.685235590368805, 23.247230872498282 ], [ 72.685274326956247, 23.247139684874689 ], [ 72.685710651000861, 23.245900079597334 ], [ 72.68580460851696, 23.24569636230477 ], [ 72.685993805036219, 23.24528617084168 ], [ 72.686023787903792, 23.245211280461255 ], [ 72.686694487903793, 23.243247884099386 ], [ 72.686717212584981, 23.243167362690357 ], [ 72.687128081169746, 23.24133616122197 ], [ 72.687877757871149, 23.238674728491326 ], [ 72.687879791069776, 23.238667371045931 ], [ 72.68843769106978, 23.236608874123082 ], [ 72.688455363422648, 23.236525641792046 ], [ 72.68872586228396, 23.234778183428933 ], [ 72.688968722261265, 23.233719159109626 ], [ 72.689260422261256, 23.232446760731818 ], [ 72.689277069542811, 23.232339907839545 ], [ 72.689422969542818, 23.230596908666232 ], [ 72.689423675897956, 23.230587813459039 ], [ 72.689552275442651, 23.22879231295536 ], [ 72.689732254295421, 23.226515611427043 ], [ 72.689734007217041, 23.226486168619264 ], [ 72.689785507217039, 23.225200568911674 ], [ 72.689784482051635, 23.225120443063592 ], [ 72.689775008167345, 23.225040785987677 ], [ 72.689517508167341, 23.223549984542764 ], [ 72.689492445925026, 23.223447507604948 ], [ 72.688874445925023, 23.2215071042353 ], [ 72.688847606636088, 23.221435270781775 ], [ 72.68790350663609, 23.219242465794668 ], [ 72.687873221857188, 23.219179853235016 ], [ 72.686989221857203, 23.217539248734973 ], [ 72.686952773607615, 23.217478219165773 ], [ 72.686910859957507, 23.217420228720936 ], [ 72.685769259957524, 23.215976723475539 ], [ 72.685724964719384, 23.215925159717855 ], [ 72.685676348472441, 23.215876996070939 ], [ 72.68383349162076, 23.214191091333724 ], [ 72.682307746893684, 23.212694933555827 ], [ 72.682274416751824, 23.212663931758517 ], [ 72.680343216751837, 23.210960024162901 ], [ 72.680269330168557, 23.21090157275361 ], [ 72.677951930168575, 23.209260764721986 ], [ 72.6779328295178, 23.209247608558858 ], [ 72.675334801830004, 23.207507181321418 ], [ 72.674281326825195, 23.206801505059847 ], [ 72.674076625338841, 23.206661727522576 ], [ 72.672062029183436, 23.205075769725553 ], [ 72.670417269039561, 23.203525244543425 ], [ 72.669034657369679, 23.202215463963398 ], [ 72.66771655624882, 23.200835091690401 ], [ 72.666820159375916, 23.19908964520193 ], [ 72.666764285578282, 23.198996814584941 ], [ 72.6666229855783, 23.198794013909453 ], [ 72.666572162427741, 23.198728360290893 ], [ 72.66651461896501, 23.198667572539698 ], [ 72.666450903200072, 23.198612229569513 ], [ 72.666395023337856, 23.198572408539693 ], [ 72.666206183265018, 23.1981948869878 ], [ 72.666178287503499, 23.19814384809716 ], [ 72.665725348933577, 23.197382026825903 ], [ 72.664677635579011, 23.195560739505474 ], [ 72.66463440277073, 23.195493489896645 ], [ 72.664584449735557, 23.195430296280268 ], [ 72.663999954122644, 23.194759998722617 ], [ 72.663870768599025, 23.194611844118832 ], [ 72.663046589719741, 23.193665190960662 ], [ 72.66241902137314, 23.192347674812094 ], [ 72.662193929231307, 23.191874945588879 ], [ 72.661710453712516, 23.189902954971465 ], [ 72.661648611801695, 23.188805871315981 ], [ 72.661648555318862, 23.188804880811333 ], [ 72.661580655318858, 23.187627680426559 ], [ 72.661571878043091, 23.187548305192141 ], [ 72.661554808257506, 23.187470079062049 ], [ 72.661529605316872, 23.187393732318096 ], [ 72.661496504502963, 23.187319977698277 ], [ 72.661455814828074, 23.18724950374288 ], [ 72.661407916150196, 23.187182968366418 ], [ 72.661353255626935, 23.187120992715482 ], [ 72.661292343540964, 23.1870641553698 ], [ 72.661225748536424, 23.187012986940641 ], [ 72.661154092310213, 23.186967965117073 ], [ 72.66107804380826, 23.18692951020623 ], [ 72.660998312980482, 23.186897981209313 ], [ 72.660915644153178, 23.186873672469893 ], [ 72.660830809080238, 23.186856810925935 ], [ 72.660744599738564, 23.186847553991033 ], [ 72.660657820934503, 23.18684598808478 ], [ 72.660571282790642, 23.186852127825947 ], [ 72.660485793182829, 23.186865915896 ], [ 72.660402150198351, 23.186887223574214 ], [ 72.656720250198347, 23.188003830120373 ], [ 72.656638371589452, 23.188032808611037 ], [ 72.656559958883975, 23.188068991120996 ], [ 72.656485760085218, 23.188112032488259 ], [ 72.656416482998765, 23.188161522121366 ], [ 72.656352788480433, 23.188216987916338 ], [ 72.656295284132128, 23.188277900760522 ], [ 72.656244518505858, 23.188343679580207 ], [ 72.656200975870817, 23.188413696883963 ], [ 72.656165071593804, 23.1884872847487 ], [ 72.656137148176953, 23.188563741191452 ], [ 72.656117471990498, 23.188642336866003 ], [ 72.656106230731723, 23.188722322020524 ], [ 72.656103531634514, 23.188802933649786 ], [ 72.656109400446439, 23.188883402773801 ], [ 72.656123781182998, 23.188962961773363 ], [ 72.656146536661879, 23.189040851712566 ], [ 72.6570907366619, 23.191739046611499 ], [ 72.657098792363641, 23.191761004868408 ], [ 72.658180192363659, 23.194577499080609 ], [ 72.658231192315313, 23.194685216222791 ], [ 72.658994014919827, 23.196026551699035 ], [ 72.660925904788229, 23.200850936668523 ] ] ] } },
{ "type": "Feature", "properties": { "version": 29, "visible": null, "lon": null, "timestamp": 1772032143, "tags": { "visible": false }, "changeset": null, "lat": null, "id": 29350057, "natural": "water", "water": "river", "wetland": null, "osm_type": "way", "grassland": null, "reef": null, "Risk": "High" }, "geometry": { "type": "Polygon", "coordinates": [ [ [ 72.556034385623434, 22.994497927836953 ], [ 72.556052735565231, 22.994504008916831 ], [ 72.556140020730268, 22.99452412790578 ], [ 72.556229054446348, 22.994536107834314 ], [ 72.556318943434576, 22.994539828509499 ], [ 72.556829615124997, 22.994537398534643 ], [ 72.557321664462876, 22.99457113098703 ], [ 72.557875541337808, 22.994660101027637 ], [ 72.558207581652994, 22.994738768575655 ], [ 72.55917189430248, 22.995093837522727 ], [ 72.560329204574259, 22.995803840165163 ], [ 72.561748831990968, 22.996969526989368 ], [ 72.562340325019903, 22.997473879029119 ], [ 72.563326949404697, 22.998370684450453 ], [ 72.564263029620804, 22.999414276045904 ], [ 72.565295123134561, 23.000604759551106 ], [ 72.566186253244908, 23.00183573551303 ], [ 72.566210078787222, 23.001867053167327 ], [ 72.567575964694257, 23.003576903091684 ], [ 72.568272432862216, 23.004555664175104 ], [ 72.568278838471159, 23.0045645407533 ], [ 72.569174554575085, 23.005788586944092 ], [ 72.569750461286489, 23.006688627528003 ], [ 72.569769159163926, 23.006716565914882 ], [ 72.570253286765706, 23.007408802180599 ], [ 72.570649117257432, 23.007978237151583 ], [ 72.570692632047539, 23.008035373823063 ], [ 72.570816829246809, 23.008184629885641 ], [ 72.572015871071372, 23.010069845419007 ], [ 72.572732190115488, 23.011535623537263 ], [ 72.573280713813631, 23.013165338381217 ], [ 72.573175475313533, 23.013399166343216 ], [ 72.573146200650896, 23.013474271474244 ], [ 72.573124927868463, 23.013551624100767 ], [ 72.573111855083525, 23.013630503820416 ], [ 72.573107104045349, 23.013710176009969 ], [ 72.573110719001178, 23.013789898667039 ], [ 72.573178806413594, 23.014484469306879 ], [ 72.573247086927822, 23.015296042771695 ], [ 72.573292570531464, 23.01641130437126 ], [ 72.573202802439383, 23.019119589128643 ], [ 72.573204652688617, 23.019203513555475 ], [ 72.573215739281878, 23.019286832718567 ], [ 72.573235947939949, 23.019368687776286 ], [ 72.573265070354523, 23.019448234980317 ], [ 72.573302806335363, 23.019524654372777 ], [ 72.573466349744649, 23.019815650723519 ], [ 72.573389715128016, 23.02156846851652 ], [ 72.573245603310099, 23.023130050813176 ], [ 72.572954561429498, 23.024630727771907 ], [ 72.572948892493955, 23.024663820913581 ], [ 72.572817523812716, 23.025546627101527 ], [ 72.572535049944435, 23.027036819333439 ], [ 72.57253472813349, 23.027038527617503 ], [ 72.572186928133476, 23.028896329552129 ], [ 72.572179542188707, 23.02894406214061 ], [ 72.572071461866656, 23.029826140850698 ], [ 72.571848253171098, 23.030871142460075 ], [ 72.571836174017818, 23.030945346507231 ], [ 72.571602074017804, 23.033023347821722 ], [ 72.571600790413683, 23.033035635418706 ], [ 72.571420328315384, 23.034909942783479 ], [ 72.571304066624606, 23.036104449835602 ], [ 72.571301616287329, 23.036136719572987 ], [ 72.571230016287302, 23.037448219976742 ], [ 72.571229841566023, 23.03745155469522 ], [ 72.571199041566032, 23.038065154868935 ], [ 72.571198634870711, 23.038132227351802 ], [ 72.571252534870709, 23.039548827047636 ], [ 72.571255933171983, 23.039597321927857 ], [ 72.571403933171979, 23.041045121095813 ], [ 72.571410805453723, 23.041095620449266 ], [ 72.571714111838176, 23.04287755626012 ], [ 72.572005911838176, 23.044591354632072 ], [ 72.572027781940633, 23.044684393267829 ], [ 72.572189789512123, 23.045221729813917 ], [ 72.572307552213672, 23.045950566962919 ], [ 72.57232125621772, 23.046016725146075 ], [ 72.572567593400834, 23.04698878383217 ], [ 72.572872909880388, 23.048314205467925 ], [ 72.572880262490301, 23.048343489030994 ], [ 72.573153962490281, 23.049349787531291 ], [ 72.573156006380273, 23.049357158009425 ], [ 72.573370106380281, 23.050114656839007 ], [ 72.573391486189379, 23.050179320807491 ], [ 72.573677686189356, 23.050932819281371 ], [ 72.573692600671578, 23.050969300264956 ], [ 72.574067300671587, 23.051824098301996 ], [ 72.574073987396062, 23.051838935384847 ], [ 72.574324931880241, 23.052380811443179 ], [ 72.574689427450124, 23.053192767180487 ], [ 72.574717281879956, 23.053248800369843 ], [ 72.575136481879952, 23.054015198254483 ], [ 72.575154214667265, 23.054045984423556 ], [ 72.575834814667274, 23.05516968106491 ], [ 72.575839059999481, 23.05517661159562 ], [ 72.576093659999458, 23.055587610345977 ], [ 72.576108509860816, 23.055610702838372 ], [ 72.57646000986081, 23.05613760114592 ], [ 72.576512618907557, 23.056208018547558 ], [ 72.576840885683296, 23.056602098013713 ], [ 72.576854247901437, 23.056636788762038 ], [ 72.576892279948865, 23.056711114533904 ], [ 72.576938142833029, 23.056781599391652 ], [ 72.576991383500214, 23.056847547061469 ], [ 72.577602383500206, 23.057530644396 ], [ 72.577606734323737, 23.057535471165771 ], [ 72.578240234323758, 23.05823286841942 ], [ 72.578291815611081, 23.058284967204354 ], [ 72.579341815611073, 23.05925866299291 ], [ 72.579371771746082, 23.059285185448033 ], [ 72.579869371746085, 23.059705783545915 ], [ 72.57987428653658, 23.059709907017758 ], [ 72.580762723501394, 23.060449772911557 ], [ 72.581012992089896, 23.060670012147728 ], [ 72.581057357981109, 23.060706542676545 ], [ 72.582277557981115, 23.061646138251351 ], [ 72.582292179667647, 23.061657158828719 ], [ 72.583381679667625, 23.062460854977616 ], [ 72.583447048128576, 23.062504775036604 ], [ 72.583516448024469, 23.062543103029444 ], [ 72.584319548024482, 23.062942500871483 ], [ 72.584340766437464, 23.062952719308047 ], [ 72.585084702432269, 23.063299441792733 ], [ 72.586184593498544, 23.063889886878652 ], [ 72.586189852072494, 23.063892687897237 ], [ 72.587543652072469, 23.064608184086474 ], [ 72.587576211120776, 23.064624578228759 ], [ 72.588484882482291, 23.06505991409799 ], [ 72.589383923885848, 23.065562966183101 ], [ 72.589403391275468, 23.065573552499263 ], [ 72.590050524631124, 23.065915423352877 ], [ 72.590853610157254, 23.066399151852501 ], [ 72.592486509197101, 23.067560285230272 ], [ 72.593979347750178, 23.069055920097849 ], [ 72.594011163269045, 23.069086208163714 ], [ 72.594527725622441, 23.069553529199965 ], [ 72.595038812397334, 23.070214038729809 ], [ 72.595645443161658, 23.071050404103683 ], [ 72.596615308295128, 23.072543770390268 ], [ 72.597464760824536, 23.074448500881395 ], [ 72.597849100889292, 23.075686182728372 ], [ 72.597839579134771, 23.075764799520375 ], [ 72.597838004463256, 23.075766403164192 ], [ 72.597779471815272, 23.075832582684583 ], [ 72.597728667640624, 23.075903961374582 ], [ 72.597686133414257, 23.075979778466849 ], [ 72.597652322469273, 23.076059225890027 ], [ 72.597627595165406, 23.076141456881551 ], [ 72.597612215048215, 23.076225595012748 ], [ 72.59760634604018, 23.076310743530051 ], [ 72.597610050693675, 23.076395994912804 ], [ 72.597623289524208, 23.076480440545705 ], [ 72.597787189524212, 23.0772443396366 ], [ 72.5978196752516, 23.077354821695575 ], [ 72.598018521772019, 23.077882886193542 ], [ 72.598145444359659, 23.080614323036027 ], [ 72.598078252326445, 23.08221674546536 ], [ 72.598079132838564, 23.082297095979047 ], [ 72.598088491904406, 23.082376987936129 ], [ 72.598106241037982, 23.082455665993471 ], [ 72.598132212428752, 23.082532386286122 ], [ 72.598166160528208, 23.082606423460177 ], [ 72.598207764371452, 23.082677077530509 ], [ 72.598256630611772, 23.082743680498634 ], [ 72.598312297239545, 23.08280560266817 ], [ 72.598374237950367, 23.082862258598073 ], [ 72.598441867121096, 23.082913112637499 ], [ 72.598514545346518, 23.082957683989875 ], [ 72.598591585484812, 23.082995551258378 ], [ 72.5986722591541, 23.083026356429823 ], [ 72.598755803618985, 23.08304980825929 ], [ 72.598841429001936, 23.083065685023559 ], [ 72.601399629001932, 23.083421982858081 ], [ 72.601489862158473, 23.083430291483019 ], [ 72.601580546129696, 23.083430188814134 ], [ 72.601670756782227, 23.083421675897668 ], [ 72.601759574806081, 23.08340483948464 ], [ 72.601846095083161, 23.083379851146848 ], [ 72.60192943591106, 23.083346965528573 ], [ 72.602008747988123, 23.083306517751712 ], [ 72.602083223068547, 23.083258920000929 ], [ 72.602152102198929, 23.083204657323453 ], [ 72.602214683452502, 23.083144282686401 ], [ 72.602270329082273, 23.083078411341965 ], [ 72.602318472020229, 23.08300771455789 ], [ 72.602358621655938, 23.082932912777075 ], [ 72.602390368836396, 23.08285476827605 ], [ 72.602413390035537, 23.082774077397097 ], [ 72.602427450651149, 23.082691662433167 ], [ 72.602554619790908, 23.081583526898957 ], [ 72.60290590917154, 23.080820340471256 ], [ 72.602931084064096, 23.080758971077117 ], [ 72.602950888948669, 23.080695958171574 ], [ 72.603268388948663, 23.079511459914599 ], [ 72.603283701014334, 23.079441446012581 ], [ 72.603292385213379, 23.079370477318736 ], [ 72.603412585213391, 23.077767577996738 ], [ 72.603413593339155, 23.077669409021809 ], [ 72.603344893339155, 23.076406008633885 ], [ 72.603338350351038, 23.07633957040759 ], [ 72.603326004044817, 23.076273834095826 ], [ 72.603045004044802, 23.075069632542586 ], [ 72.60302123022629, 23.074988229985131 ], [ 72.602988567464948, 23.074909478576011 ], [ 72.602947355523384, 23.074834197503737 ], [ 72.602544786097866, 23.074183692575556 ], [ 72.601776107020129, 23.072901224942385 ], [ 72.601016016120838, 23.071359254892194 ], [ 72.601002970901447, 23.071333940046941 ], [ 72.600466570901446, 23.070337037329615 ], [ 72.600457668623307, 23.070320937277483 ], [ 72.599756398733305, 23.069086238910675 ], [ 72.599284710545874, 23.068253506755969 ], [ 72.599120842447263, 23.067922186844218 ], [ 72.599084659186872, 23.067856877718608 ], [ 72.598856084082968, 23.067485947645885 ], [ 72.598650130921044, 23.067140457726037 ], [ 72.598614233161086, 23.067085421438104 ], [ 72.598573801580272, 23.067033114102667 ], [ 72.598454501580264, 23.066890813568765 ], [ 72.598436237267379, 23.066869747239835 ], [ 72.598349737267384, 23.066773246862674 ], [ 72.598304348283904, 23.066726358924779 ], [ 72.598205538104267, 23.066631777925867 ], [ 72.598145766669575, 23.066570365865434 ], [ 72.59760324335214, 23.065802248101939 ], [ 72.597564797912042, 23.065752007434629 ], [ 72.597522402001161, 23.065704533377637 ], [ 72.597369166293134, 23.065545391823857 ], [ 72.596604666293118, 23.064751788590492 ], [ 72.596515317717973, 23.064671134857388 ], [ 72.595366417717983, 23.063769630644167 ], [ 72.595287580768257, 23.063714379939078 ], [ 72.595128322222763, 23.063615042919746 ], [ 72.593519222222739, 23.062611537817741 ], [ 72.593460591920447, 23.062577925605712 ], [ 72.593399327751229, 23.062548558023813 ], [ 72.591758127751234, 23.061834254058002 ], [ 72.591733188038347, 23.061823824612485 ], [ 72.591353988038364, 23.061671623755682 ], [ 72.591336925153527, 23.061664967074098 ], [ 72.59108777299393, 23.061570544116925 ], [ 72.590514439192788, 23.061325794120052 ], [ 72.590282841847582, 23.061225358280307 ], [ 72.589787975703828, 23.060984918980679 ], [ 72.58971678596609, 23.060953922505508 ], [ 72.589230276670307, 23.060765644148969 ], [ 72.587645651269455, 23.060036371666975 ], [ 72.586107219215251, 23.05925414341111 ], [ 72.585351670087192, 23.058781922807398 ], [ 72.584022804365105, 23.057774941856891 ], [ 72.582375226222382, 23.05637852514543 ], [ 72.581757242142146, 23.055801402600743 ], [ 72.581162484291241, 23.055222783221428 ], [ 72.580452316710023, 23.054386945712793 ], [ 72.579714794732539, 23.053385537166335 ], [ 72.579439784052767, 23.052937027201459 ], [ 72.579005207241906, 23.052174270806724 ], [ 72.578322229472505, 23.050836785410535 ], [ 72.577941864628784, 23.049958231558644 ], [ 72.57729116634863, 23.048098979525388 ], [ 72.576884330462235, 23.046453847890906 ], [ 72.576517915576545, 23.044733797566906 ], [ 72.576083754304392, 23.042620983272645 ], [ 72.575815422863272, 23.041225502711939 ], [ 72.575711290345694, 23.040195629497212 ], [ 72.575652323550031, 23.039496253221195 ], [ 72.57565212664025, 23.039493959170201 ], [ 72.575574111363181, 23.038600894280151 ], [ 72.575579046601845, 23.038365619533106 ], [ 72.575604121780344, 23.037179879706191 ], [ 72.575682295325905, 23.035907171948523 ], [ 72.575750885685466, 23.035274195150446 ], [ 72.575803785685466, 23.034785795447625 ], [ 72.575804726207394, 23.03477659084345 ], [ 72.57581934636471, 23.034624380763042 ], [ 72.575866247548731, 23.034134668662752 ], [ 72.576010930929641, 23.032623706941152 ], [ 72.576162939569571, 23.03169286171406 ], [ 72.576171493447092, 23.031616495052258 ], [ 72.576209634686904, 23.030993365203411 ], [ 72.576301349057488, 23.030447926105403 ], [ 72.576308777854024, 23.030390534348449 ], [ 72.576337768118307, 23.030072148791664 ], [ 72.576395685655498, 23.029839193640949 ], [ 72.576400958538585, 23.029816528248418 ], [ 72.576507558538594, 23.029324728838517 ], [ 72.576511088743729, 23.029307490907673 ], [ 72.576766188743719, 23.027984892325438 ], [ 72.576769427503137, 23.027966956555691 ], [ 72.577264127503142, 23.025027859314932 ], [ 72.577265363594705, 23.025020283549992 ], [ 72.577439263594698, 23.023919784521222 ], [ 72.577443928881792, 23.023885139562829 ], [ 72.577630620727518, 23.022209608776507 ], [ 72.577781703354205, 23.020911776899528 ], [ 72.577785565444145, 23.020867297788758 ], [ 72.577827265444157, 23.020140498023743 ], [ 72.577828054612326, 23.020123374689085 ], [ 72.577876120983234, 23.01874254104932 ], [ 72.577950646721902, 23.016747338474115 ], [ 72.577969946898477, 23.016464653397236 ], [ 72.577969374083608, 23.016353146092385 ], [ 72.577862269850357, 23.014990408686195 ], [ 72.577772928289804, 23.01368867370844 ], [ 72.577766348232174, 23.013628214093373 ], [ 72.577670148232173, 23.012984013555709 ], [ 72.577657801333302, 23.012920066565119 ], [ 72.577479101333296, 23.012167465580223 ], [ 72.577464880936404, 23.012115661810842 ], [ 72.577428540804306, 23.011999253388506 ], [ 72.577212000574889, 23.011304344026062 ], [ 72.577203860105996, 23.011279677667972 ], [ 72.576893560106029, 23.010389576001213 ], [ 72.576879395139528, 23.01035206476995 ], [ 72.576470895139508, 23.009348662612116 ], [ 72.576428195083295, 23.009259989902649 ], [ 72.575922495083304, 23.008356887367064 ], [ 72.575915292687213, 23.008344292343125 ], [ 72.575368292687216, 23.007407389625289 ], [ 72.57535210250019, 23.007380842874674 ], [ 72.574789602500204, 23.006497040137088 ], [ 72.574782695938751, 23.006486372949066 ], [ 72.57449819593873, 23.006054371576827 ], [ 72.574484225781873, 23.00603384292576 ], [ 72.574048062922472, 23.005413309243341 ], [ 72.573623562922464, 23.004809807233578 ], [ 72.573622543455869, 23.004808361184097 ], [ 72.572716772333621, 23.003526503632553 ], [ 72.572311682403736, 23.002944259613859 ], [ 72.572278723894442, 23.002900105449115 ], [ 72.571633901937403, 23.002093526592926 ], [ 72.57114612589325, 23.001474771437604 ], [ 72.570648803709929, 23.000805919126599 ], [ 72.570570983321772, 23.000701304521797 ], [ 72.570014583348282, 22.999945819432579 ], [ 72.569673292528137, 22.999467733522184 ], [ 72.569243892528164, 22.998866331498721 ], [ 72.569215580079728, 22.998828963096241 ], [ 72.568303580079743, 22.997693258960815 ], [ 72.568294483447588, 22.997682128318445 ], [ 72.567699083447579, 22.996966225652702 ], [ 72.567673408291427, 22.996936772524222 ], [ 72.565846308291427, 22.994936164638723 ], [ 72.565811367020487, 22.994900099192826 ], [ 72.5637652670205, 22.992908490811462 ], [ 72.563760024391399, 22.992903430791678 ], [ 72.561891106095345, 22.991114800690305 ], [ 72.55898181854441, 22.988200612604157 ], [ 72.558929311455088, 22.988152198507176 ], [ 72.558872637084846, 22.988107945456928 ], [ 72.558812183302933, 22.988068156317581 ], [ 72.558211191972035, 22.987706216076326 ], [ 72.558176494259484, 22.987679643944972 ], [ 72.558105992173239, 22.987630838445874 ], [ 72.558030630356697, 22.987588633813534 ], [ 72.557951135484061, 22.987553437011279 ], [ 72.557868274082395, 22.987525587428873 ], [ 72.557782845140409, 22.987505353609748 ], [ 72.557695672404265, 22.987492930661386 ], [ 72.557607596434636, 22.987488438373873 ], [ 72.557519466501518, 22.987491920064766 ], [ 72.55743213239532, 22.98750334216134 ], [ 72.557346436232706, 22.987522594524354 ], [ 72.557263204336493, 22.987549491510151 ], [ 72.557183239267914, 22.987583773760829 ], [ 72.557107312087851, 22.98762511070527 ], [ 72.557036154921974, 22.987673103746882 ], [ 72.556970453901286, 22.987727290107291 ], [ 72.556910842546003, 22.987787147288941 ], [ 72.553850902426547, 22.991180060018152 ], [ 72.553612902426536, 22.991444461051273 ], [ 72.553585799348099, 22.991476109669282 ], [ 72.553498709830563, 22.991583066166626 ], [ 72.553368541949666, 22.991714377831411 ], [ 72.553345033161506, 22.991739059714281 ], [ 72.553091033161508, 22.992016660809504 ], [ 72.553038263244375, 22.992080356498622 ], [ 72.552992435627402, 22.992148453459485 ], [ 72.552953980336596, 22.99222031269424 ], [ 72.552923258219366, 22.992295259902225 ], [ 72.552900557558473, 22.992372591807527 ], [ 72.55288609136683, 22.992451582758363 ], [ 72.552879995388764, 22.992531491536422 ], [ 72.552882326826236, 22.992611568312181 ], [ 72.552893063802088, 22.99269106168105 ], [ 72.552912105565255, 22.992769225714177 ], [ 72.552939273436309, 22.99284532695787 ], [ 72.552974312483983, 22.992918651315854 ], [ 72.553016893917388, 22.992988510749942 ], [ 72.553066618171229, 22.993054249736037 ], [ 72.553123018655128, 22.993115251415087 ], [ 72.553185566131987, 22.993170943381156 ], [ 72.553253673683997, 22.993220803052402 ], [ 72.55342008047343, 22.99333094909332 ], [ 72.554662989100905, 22.994383254789422 ], [ 72.554734147894862, 22.994437554009007 ], [ 72.554810991092211, 22.994484834913479 ], [ 72.554892705198185, 22.994524596974674 ], [ 72.554978425152513, 22.994556419261304 ], [ 72.555067243487244, 22.994579964894822 ], [ 72.555158219933759, 22.994594984615521 ], [ 72.55525039137666, 22.99460131942109 ], [ 72.555342782049848, 22.994598902249827 ], [ 72.555434413866379, 22.994587758690457 ], [ 72.555622504908939, 22.994555747323929 ], [ 72.555852108168921, 22.994524152456428 ], [ 72.555858112982591, 22.994523307038595 ], [ 72.556034385623434, 22.994497927836953 ] ] ] } },
{ "type": "Feature", "properties": { "version": 1, "visible": null, "lon": null, "timestamp": 1230574470, "tags": { "visible": false, "created_by": "Potlatch 0.10f" }, "changeset": null, "lat": null, "id": 29351890, "natural": "water", "water": null, "wetland": null, "osm_type": "way", "grassland": null, "reef": null, "Risk": "High" }, "geometry": { "type": "Polygon", "coordinates": [ [ [ 72.66454325177105, 23.040576685935548 ], [ 72.664256151771056, 23.040834787068462 ], [ 72.664251467069363, 23.040839029515951 ], [ 72.66402356706935, 23.041046930421974 ], [ 72.663965564929626, 23.041105156401674 ], [ 72.663913866604162, 23.041168210814369 ], [ 72.663868944109268, 23.04123551795395 ], [ 72.663831207596616, 23.041306463286482 ], [ 72.66380100160832, 23.041380399061261 ], [ 72.663778601931227, 23.041456650225104 ], [ 72.663764213079048, 23.041534520585856 ], [ 72.663689113079059, 23.042104621006871 ], [ 72.663682883196444, 23.042182792056781 ], [ 72.66368472692082, 23.04226115462998 ], [ 72.663694627676222, 23.042339004209182 ], [ 72.663712496450032, 23.042415640890361 ], [ 72.663738172593298, 23.042490375675214 ], [ 72.66377142526504, 23.042562536665457 ], [ 72.663811955507597, 23.042631475103395 ], [ 72.663859398934434, 23.042696571204417 ], [ 72.663913329006064, 23.042757239728946 ], [ 72.664195429006043, 23.043045538545073 ], [ 72.664244428073516, 23.043091838722578 ], [ 72.664297208066898, 23.043134474916389 ], [ 72.664592308066901, 23.043354673866762 ], [ 72.664659798109454, 23.043400401883744 ], [ 72.664731625642787, 23.043440142900558 ], [ 72.664807165440962, 23.043473550995223 ], [ 72.664885759964477, 23.043500335370304 ], [ 72.664966725083829, 23.043520262884037 ], [ 72.665049356034586, 23.043533160079569 ], [ 72.665132933551973, 23.043538914694736 ], [ 72.665216730131831, 23.043537476639145 ], [ 72.665300016363119, 23.043528858430175 ], [ 72.66597381636312, 23.043429659031318 ], [ 72.666063113827349, 23.043412189237802 ], [ 72.666150023297234, 23.043386469508025 ], [ 72.666233647165072, 23.043352765472697 ], [ 72.666313121757042, 23.043311425223877 ], [ 72.66638762625341, 23.043262875720036 ], [ 72.666456391165994, 23.043207618376723 ], [ 72.666892491165981, 23.042819520088781 ], [ 72.666953703516768, 23.042759326783401 ], [ 72.66700809619708, 23.04269382229101 ], [ 72.667055128244044, 23.042623658079872 ], [ 72.667094331899975, 23.042549531962063 ], [ 72.667125317264578, 23.042472181153641 ], [ 72.667147776172641, 23.042392374942899 ], [ 72.667161485258887, 23.04231090703956 ], [ 72.667166308179475, 23.04222858768113 ], [ 72.667167908179493, 23.041858387690166 ], [ 72.667166043493935, 23.041801763686919 ], [ 72.667148843493919, 23.041556963589997 ], [ 72.66714007575348, 23.041483449219271 ], [ 72.667124203137433, 23.041410950111516 ], [ 72.667101352688746, 23.041340046545063 ], [ 72.667071707300295, 23.041271306028538 ], [ 72.666994507300288, 23.041113305630944 ], [ 72.666958153569993, 23.041047031672054 ], [ 72.666915485160857, 23.040984026258055 ], [ 72.666866846202197, 23.04092479754528 ], [ 72.66681262897707, 23.040869823230551 ], [ 72.666753270758363, 23.040819546698309 ], [ 72.666375570758362, 23.040527345325813 ], [ 72.666302682200026, 23.040476550079592 ], [ 72.666224560326185, 23.040432835908398 ], [ 72.666142014421894, 23.040396655665948 ], [ 72.666055899601929, 23.040368384159095 ], [ 72.665967107952397, 23.040348314264882 ], [ 72.665876559289401, 23.040336653896333 ], [ 72.665785191630405, 23.040333523848474 ], [ 72.66515869163041, 23.040341423896948 ], [ 72.66507354068618, 23.040346225711737 ], [ 72.664989268708894, 23.04035843897385 ], [ 72.664906635731427, 23.040377953532236 ], [ 72.664826387004794, 23.040404593385688 ], [ 72.664749246276969, 23.040438118270306 ], [ 72.664675909265426, 23.040478225826543 ], [ 72.664607037382652, 23.040524554326314 ], [ 72.66454325177105, 23.040576685935548 ] ] ] } },
{ "type": "Feature", "properties": { "version": 2, "visible": null, "lon": null, "timestamp": 1418706570, "tags": { "visible": false, "name": "Chandola Lake" }, "changeset": null, "lat": null, "id": 84639247, "natural": "water", "water": null, "wetland": null, "osm_type": "way", "grassland": null, "reef": null, "Risk": "High" }, "geometry": { "type": "Polygon", "coordinates": [ [ [ 72.591362828806368, 22.988642380184398 ], [ 72.590925686319949, 22.989010153709199 ], [ 72.590918016346151, 22.989016682292341 ], [ 72.590233706996543, 22.989605987352487 ], [ 72.590086603149203, 22.989731595780135 ], [ 72.590019623743729, 22.989795266283544 ], [ 72.589960431281739, 22.989865170143091 ], [ 72.589909705722647, 22.989940504345675 ], [ 72.589868029764347, 22.990020403499098 ], [ 72.589835882149558, 22.990103949773438 ], [ 72.589787982149559, 22.990253450032423 ], [ 72.589767149698588, 22.990332668010588 ], [ 72.589754889604478, 22.990413389049937 ], [ 72.589751320965021, 22.990494829002845 ], [ 72.589756478446958, 22.990576196739383 ], [ 72.589770311949124, 22.990656701832549 ], [ 72.589792687089215, 22.990735562236718 ], [ 72.589823386509153, 22.990812011884483 ], [ 72.589862111986605, 22.990885308128352 ], [ 72.589908487332011, 22.990954738954816 ], [ 72.589962062042929, 22.991019629900833 ], [ 72.590066562042907, 22.991134029449963 ], [ 72.590124572898645, 22.991191728975831 ], [ 72.590188273763673, 22.991244096391004 ], [ 72.590257088874878, 22.991290658376666 ], [ 72.590330396243715, 22.991330994086422 ], [ 72.59040753327821, 22.991364738949819 ], [ 72.590487802771804, 22.991391587967442 ], [ 72.590570479204985, 22.99141129846738 ], [ 72.590812379204991, 22.99145779818863 ], [ 72.590895830009799, 22.991470100978301 ], [ 72.590980167437834, 22.991475129876296 ], [ 72.591064645002803, 22.991472840371721 ], [ 72.591148514978102, 22.991463252729044 ], [ 72.591231035014971, 22.991446451808716 ], [ 72.59137080568334, 22.991411572196974 ], [ 72.591414632809119, 22.99140855316411 ], [ 72.591502724272686, 22.991398435650549 ], [ 72.591589300787575, 22.991380363377925 ], [ 72.591673516844764, 22.991354512837493 ], [ 72.591697263185964, 22.991346001921361 ], [ 72.591729702945713, 22.991346720084028 ], [ 72.591820427871497, 22.991344506967515 ], [ 72.592161027871498, 22.991320307115267 ], [ 72.592260481671744, 22.991308066911792 ], [ 72.592357832228018, 22.991285692802805 ], [ 72.593450332228016, 22.990973994626028 ], [ 72.593508422683456, 22.99095539173668 ], [ 72.593718485158234, 22.990880606318221 ], [ 72.59403855216614, 22.99081954218331 ], [ 72.594494558962424, 22.990798084192988 ], [ 72.594535004806374, 22.990795337103844 ], [ 72.594790336207808, 22.990772649962508 ], [ 72.594867145411214, 22.990792358764175 ], [ 72.594956218232568, 22.990806532710995 ], [ 72.595046387468429, 22.99081239427132 ], [ 72.595136740103996, 22.990809884094599 ], [ 72.595226361267393, 22.990799027597333 ], [ 72.595314343493342, 22.990779934705753 ], [ 72.595399795911732, 22.990752798742808 ], [ 72.595481853268197, 22.990717894470812 ], [ 72.595559684685327, 22.990675575309513 ], [ 72.595632502075702, 22.990626269757772 ], [ 72.595699568121816, 22.99057047705498 ], [ 72.595760203741776, 22.990508762126357 ], [ 72.595813794965437, 22.99044174986301 ], [ 72.59584894377258, 22.990392820413852 ], [ 72.596090060221684, 22.990085589389491 ], [ 72.596145040066901, 22.990006417561705 ], [ 72.596189908334495, 22.989922014983364 ], [ 72.596224085704165, 22.98983347141656 ], [ 72.596346271565452, 22.989448940217009 ], [ 72.596479824873285, 22.989054472215084 ], [ 72.59649045302136, 22.98902054743769 ], [ 72.596633571545496, 22.988524151407866 ], [ 72.596849621290204, 22.987871306570451 ], [ 72.596877540737069, 22.987759753974309 ], [ 72.596951140737076, 22.987332254384057 ], [ 72.596960575301381, 22.987252747975646 ], [ 72.596961622993447, 22.9871727743419 ], [ 72.59695427401391, 22.987093081499953 ], [ 72.596938597100007, 22.987014414841941 ], [ 72.596914738882546, 22.98693751016307 ], [ 72.59688292251461, 22.986863086779412 ], [ 72.59684344558417, 22.986791840799789 ], [ 72.596796677330786, 22.986724438614694 ], [ 72.596743055191908, 22.986661510663119 ], [ 72.596683080711443, 22.986603645535666 ], [ 72.596617314848629, 22.986551384468999 ], [ 72.59654637273124, 22.986505216283277 ], [ 72.596470917902138, 22.986465572809792 ], [ 72.5963916561129, 22.986432824851693 ], [ 72.596309328722711, 22.986407278715539 ], [ 72.5962247057643, 22.986389173346129 ], [ 72.596138578741488, 22.986378678091398 ], [ 72.595956278741468, 22.986364678005973 ], [ 72.595875444391822, 22.986361834843191 ], [ 72.595794659958045, 22.986365697569159 ], [ 72.595714580521886, 22.986376234860419 ], [ 72.595227227142374, 22.986461131652323 ], [ 72.594627114307968, 22.986375158171395 ], [ 72.593839149297978, 22.986220901597758 ], [ 72.593746239702298, 22.986207348670099 ], [ 72.593652299999988, 22.986202814453751 ], [ 72.593082, 22.986202814453751 ], [ 72.593015889662283, 22.986205056990965 ], [ 72.592950137866367, 22.986211772440246 ], [ 72.592218137866368, 22.986311773045891 ], [ 72.592130716572598, 22.986327832461559 ], [ 72.592045454714309, 22.986351789426223 ], [ 72.591963191923924, 22.986383408014959 ], [ 72.59188473830001, 22.986422376852424 ], [ 72.591810866429597, 22.986468312179372 ], [ 72.591742303780109, 22.986520761632026 ], [ 72.591679725535272, 22.986579208697115 ], [ 72.591623747946358, 22.986643077798611 ], [ 72.591574922263348, 22.986711739966097 ], [ 72.591533729306519, 22.986784519028991 ], [ 72.591500574731356, 22.986860698275496 ], [ 72.591475785033907, 22.986939527510831 ], [ 72.59140608503391, 22.98721092789317 ], [ 72.59138959534242, 22.987293780141634 ], [ 72.591382346043972, 22.987377746739526 ], [ 72.591384412344624, 22.987461956595084 ], [ 72.59139577280807, 22.987545536094544 ], [ 72.591443218061102, 22.987791947681771 ], [ 72.591444519833374, 22.987843527337304 ], [ 72.591416868287979, 22.987965047225039 ], [ 72.59140282491613, 22.988047120227552 ], [ 72.591397798156649, 22.988130076190355 ], [ 72.591401838749064, 22.988213077764968 ], [ 72.59141490590811, 22.988295287144069 ], [ 72.591436867735453, 22.988375874518169 ], [ 72.591467502550984, 22.98845402645151 ], [ 72.591471156847703, 22.988461047422643 ], [ 72.591430347712262, 22.988516380335582 ], [ 72.591388843173746, 22.988586310342114 ], [ 72.591362828806368, 22.988642380184398 ] ] ] } },
{ "type": "Feature", "properties": { "version": 3, "visible": null, "lon": null, "timestamp": 1634603955, "tags": { "visible": false, "name": "Chandola Lake", "wikidata": "Q16890151", "wikipedia": "en:Chandola Lake" }, "changeset": null, "lat": null, "id": 84639248, "natural": "water", "water": null, "wetland": null, "osm_type": "way", "grassland": null, "reef": null, "Risk": "High" }, "geometry": { "type": "Polygon", "coordinates": [ [ [ 72.582216963637251, 22.985503836600589 ], [ 72.581929463637266, 22.986298038137942 ], [ 72.581906910643468, 22.9863714773469 ], [ 72.581891807647509, 22.986446517779768 ], [ 72.581759107647514, 22.987332318520739 ], [ 72.581754859032017, 22.987365668748033 ], [ 72.581642259032009, 22.988437169379786 ], [ 72.581638106455031, 22.988511046777607 ], [ 72.581641142056696, 22.988584970172493 ], [ 72.581651341545978, 22.98865834802708 ], [ 72.581668623306214, 22.98873059317037 ], [ 72.581692849048125, 22.988801127496316 ], [ 72.581878149048123, 22.98926702651546 ], [ 72.581913179294219, 22.989343097604067 ], [ 72.581956280524395, 22.989415571020448 ], [ 72.582007022484504, 22.989483723311718 ], [ 72.582064898647616, 22.989546874160887 ], [ 72.582129331270195, 22.989604393177803 ], [ 72.58219967715948, 22.989655706191666 ], [ 72.582705928138353, 22.989988484938685 ], [ 72.583345831525207, 22.990549062745661 ], [ 72.583407264758776, 22.99059819598131 ], [ 72.583473276062406, 22.990642009566585 ], [ 72.58436917606241, 22.991181606801479 ], [ 72.584437780044269, 22.991219032746624 ], [ 72.584509719231562, 22.991250710368227 ], [ 72.584584426703984, 22.991276390033374 ], [ 72.584661313725675, 22.991295869375683 ], [ 72.584739774384758, 22.99130899488997 ], [ 72.585723142071913, 22.991432284443015 ], [ 72.585747146414548, 22.991539592261407 ], [ 72.585770234563228, 22.991621391742743 ], [ 72.585802271661237, 22.991700594627744 ], [ 72.585842923079795, 22.991776373644381 ], [ 72.585891764213244, 22.991847937284195 ], [ 72.585948284913954, 22.991914538069366 ], [ 72.586011894820942, 22.991975480359862 ], [ 72.586081929526188, 22.992030127619074 ], [ 72.586157657514406, 22.992077909062154 ], [ 72.586238287803667, 22.992118325617533 ], [ 72.586322978207434, 22.992150955139447 ], [ 72.586410844130981, 22.992175456816994 ], [ 72.586500967811276, 22.992191574733642 ], [ 72.586985467811274, 22.992254774350428 ], [ 72.587054904473675, 22.992261310689042 ], [ 72.587832704473684, 22.992306510412778 ], [ 72.587914211406812, 22.992307835191799 ], [ 72.587995513192951, 22.99230235259915 ], [ 72.588075940306823, 22.992290107783525 ], [ 72.58815483042612, 22.992271201579911 ], [ 72.588231533885789, 22.992245789679313 ], [ 72.588886133885808, 22.991997491085225 ], [ 72.588961646479603, 22.991964997680498 ], [ 72.589033562251842, 22.991926200879572 ], [ 72.589101262003467, 22.991881434719897 ], [ 72.589164162835672, 22.991831084634988 ], [ 72.58922172316862, 22.99177558413604 ], [ 72.58927344740448, 22.991715411079539 ], [ 72.589318890194562, 22.991651083553144 ], [ 72.589357660273777, 22.991583155415093 ], [ 72.589555832145891, 22.991192978882292 ], [ 72.589868814402763, 22.990869875055779 ], [ 72.59007172407955, 22.990786396948138 ], [ 72.59015095700579, 22.990749368787828 ], [ 72.590225828445227, 22.990705315704737 ], [ 72.590295605822035, 22.990654668727384 ], [ 72.590359606403041, 22.990597923401431 ], [ 72.590417203977765, 22.990535634941327 ], [ 72.590467834985674, 22.990468412798126 ], [ 72.590511004030276, 22.990396914696625 ], [ 72.590546288726188, 22.990321840200167 ], [ 72.590778588726195, 22.989751741426264 ], [ 72.590801286030086, 22.989688374649404 ], [ 72.590818360195684, 22.989623529615979 ], [ 72.59088268196291, 22.989327554996684 ], [ 72.591220441624174, 22.989041468162661 ], [ 72.591279937375816, 22.98898609013639 ], [ 72.591333509789322, 22.988925804878303 ], [ 72.591380683636601, 22.988861147158261 ], [ 72.591421040449816, 22.98879269053355 ], [ 72.591726940449817, 22.988209892086125 ], [ 72.591757348789756, 22.988145021002204 ], [ 72.591781631226596, 22.98807799718054 ], [ 72.591954034931746, 22.987524372036017 ], [ 72.592175690446012, 22.986859406669577 ], [ 72.592197197822031, 22.986781599699803 ], [ 72.592210408182865, 22.986702239409102 ], [ 72.592215197017737, 22.986622073784904 ], [ 72.592211519190755, 22.986541858406436 ], [ 72.59219940936633, 22.986462349323187 ], [ 72.592024809366322, 22.985616848356372 ], [ 72.59200416794917, 22.985538123890993 ], [ 72.591975261359778, 22.985461635503569 ], [ 72.591620961359766, 22.984653933651913 ], [ 72.591565206531413, 22.984548896290768 ], [ 72.591188906531414, 22.98395119445582 ], [ 72.591143177577933, 22.983885845607034 ], [ 72.591090985771032, 22.983824738180143 ], [ 72.591032792243084, 22.983768412086174 ], [ 72.590427692243082, 22.983235309728261 ], [ 72.590361552053267, 22.983182477507892 ], [ 72.590290138681596, 22.98313582468051 ], [ 72.590214130701426, 22.983095794550191 ], [ 72.590134250344391, 22.983062767491255 ], [ 72.59005125663758, 22.983037057333682 ], [ 72.589965938191284, 22.983018908380892 ], [ 72.589531864022447, 22.982946884345786 ], [ 72.588922798692082, 22.982630073348243 ], [ 72.588849939939223, 22.982596100852298 ], [ 72.588774030834543, 22.982568360653218 ], [ 72.588695698815499, 22.982547082045464 ], [ 72.587132898815511, 22.982192779939442 ], [ 72.587041056461743, 22.982176573273563 ], [ 72.586947881662411, 22.982169244369686 ], [ 72.586854384127307, 22.982170872650585 ], [ 72.586761577063726, 22.982181440470704 ], [ 72.586670466196452, 22.982200833307392 ], [ 72.585166366196447, 22.982597935644169 ], [ 72.585090980903701, 22.982621208398502 ], [ 72.585018126215331, 22.982650526770772 ], [ 72.584948372891375, 22.982685661070391 ], [ 72.584882267395088, 22.98272633604293 ], [ 72.584820327611823, 22.982772233026637 ], [ 72.583338227611804, 22.983973738546982 ], [ 72.58328358805764, 22.984021943772955 ], [ 72.583233549730608, 22.984074211849528 ], [ 72.583188467764799, 22.984130171812986 ], [ 72.582325767764814, 22.985301075837029 ], [ 72.582282827775785, 22.985365511061211 ], [ 72.582246458436813, 22.985433286753892 ], [ 72.582216963637251, 22.985503836600589 ] ] ] } },
{ "type": "Feature", "properties": { "version": 3, "visible": null, "lon": null, "timestamp": 1678778082, "tags": { "visible": false, "name": "Sarkej Roza" }, "changeset": null, "lat": null, "id": 85209269, "natural": "water", "water": null, "wetland": null, "osm_type": "way", "grassland": null, "reef": null, "Risk": "High" }, "geometry": { "type": "Polygon", "coordinates": [ [ [ 72.503860202281146, 22.994035659522389 ], [ 72.504524205313686, 22.994014756401359 ], [ 72.505369505313666, 22.993988056564781 ], [ 72.505456266201975, 22.993981430416198 ], [ 72.505541922879587, 22.993967104241285 ], [ 72.505625670837986, 22.993945212592585 ], [ 72.505706723495734, 22.993915961078223 ], [ 72.505784319586354, 22.993879624430932 ], [ 72.505857730308293, 22.993836543927866 ], [ 72.505926266169993, 22.993787124185467 ], [ 72.505989283465809, 22.993731829359415 ], [ 72.506046190321811, 22.993671178785423 ], [ 72.506069416834407, 22.993640939881566 ], [ 72.506079262916273, 22.993640243084275 ], [ 72.506163814455107, 22.993626698068038 ], [ 72.506246575996954, 22.993605787351793 ], [ 72.506326792151739, 22.99357770179072 ], [ 72.50640373076196, 22.993542697725992 ], [ 72.506476689585242, 22.99350109464525 ], [ 72.506545002703916, 22.993453272266692 ], [ 72.506608046603162, 22.993399667073536 ], [ 72.506665245861896, 22.993340768330302 ], [ 72.506716078404864, 22.993277113617388 ], [ 72.506760080267838, 22.993209283924649 ], [ 72.50679684983227, 22.993137898348763 ], [ 72.506826051491004, 22.993063608442736 ], [ 72.506847418711516, 22.992987092269185 ], [ 72.50686075646864, 22.992909048211597 ], [ 72.506865943024522, 22.992830188600067 ], [ 72.506893843024557, 22.990805388757348 ], [ 72.506890517340977, 22.990723040833043 ], [ 72.506878305398985, 22.990641406398936 ], [ 72.506857328459475, 22.990561296062271 ], [ 72.506827794817085, 22.99048350529787 ], [ 72.506789997731957, 22.990408806549137 ], [ 72.506744312517711, 22.990337941557783 ], [ 72.506691192814699, 22.990271613998289 ], [ 72.506631166085498, 22.990210482490415 ], [ 72.506564828377378, 22.990155154058957 ], [ 72.506492838403702, 22.990106178105968 ], [ 72.506415911003131, 22.990064040954977 ], [ 72.506334810041466, 22.990029161021734 ], [ 72.506250340826725, 22.990001884659154 ], [ 72.506163342112643, 22.989982482717938 ], [ 72.506074677770144, 22.989971147856913 ], [ 72.505985228209312, 22.989967992629865 ], [ 72.503708528209302, 22.989992192778043 ], [ 72.503618791813352, 22.989997288677891 ], [ 72.503530058181411, 22.990010616524479 ], [ 72.503443216140852, 22.990032042812956 ], [ 72.503359135571287, 22.990061352916634 ], [ 72.503278658691286, 22.99009825323693 ], [ 72.503202591621914, 22.990142374144547 ], [ 72.503131696312067, 22.990193273682191 ], [ 72.503066682906095, 22.990250441991854 ], [ 72.503008202630525, 22.990313306422234 ], [ 72.502956841270759, 22.990381237265211 ], [ 72.502913113303478, 22.990453554063773 ], [ 72.502877456743093, 22.990529532428329 ], [ 72.502850228754383, 22.990608411293017 ], [ 72.502831702074729, 22.990689400539381 ], [ 72.502822062282277, 22.990771688911007 ], [ 72.502821405936913, 22.990854452139839 ], [ 72.502824902167987, 22.990929671034383 ], [ 72.502931998414724, 22.993244389309407 ], [ 72.502940001075459, 22.993324772253697 ], [ 72.502956478991251, 22.993404053964618 ], [ 72.502981275158504, 22.993481479038895 ], [ 72.503014153316258, 22.993556309764699 ], [ 72.503054800197418, 22.993627833150601 ], [ 72.503102828513491, 22.993695367718743 ], [ 72.503157780644756, 22.993758269997922 ], [ 72.503219133000584, 22.993815940654358 ], [ 72.503286301008188, 22.993867830201996 ], [ 72.503358644682535, 22.993913444237762 ], [ 72.503435474724185, 22.993952348152092 ], [ 72.503516059087104, 22.993984171269645 ], [ 72.503599629953555, 22.994008610380934 ], [ 72.503685391050041, 22.994025432631179 ], [ 72.503772525234311, 22.994034477738776 ], [ 72.503860202281146, 22.994035659522389 ] ] ] } },
{ "type": "Feature", "properties": { "version": 3, "visible": null, "lon": null, "timestamp": 1648846687, "tags": { "visible": false }, "changeset": null, "lat": null, "id": 135070017, "natural": "water", "water": null, "wetland": null, "osm_type": "way", "grassland": null, "reef": null, "Risk": "High" }, "geometry": { "type": "Polygon", "coordinates": [ [ [ 72.499276878115737, 22.980166209263693 ], [ 72.499283690471984, 22.980206793674903 ], [ 72.499306889637197, 22.980288547373441 ], [ 72.499373989637206, 22.980483647012946 ], [ 72.499401471721981, 22.980552716833675 ], [ 72.499422234211266, 22.980593308089407 ], [ 72.499420584715878, 22.9806242 ], [ 72.499420584715878, 22.9807328 ], [ 72.499425119193589, 22.980815791228647 ], [ 72.499438676848868, 22.980897944567893 ], [ 72.499461120810167, 22.980978430639741 ], [ 72.499492224494162, 22.981056436899539 ], [ 72.499531673893131, 22.981131175838883 ], [ 72.499579070745085, 22.981201892935708 ], [ 72.499633936554389, 22.981267874271367 ], [ 72.499695717422469, 22.981328453737682 ], [ 72.499768117422477, 22.981392653454634 ], [ 72.499829785476678, 22.981442541915769 ], [ 72.499896143037532, 22.981487039109101 ], [ 72.499966635917758, 22.98152577342038 ], [ 72.500040675393777, 22.98155842136384 ], [ 72.500117643122493, 22.981584710283617 ], [ 72.500196896305468, 22.98160442063072 ], [ 72.500277773057164, 22.981617387796458 ], [ 72.500425273057161, 22.981634687691407 ], [ 72.500511947833871, 22.98164094897739 ], [ 72.500598874130858, 22.981639467188398 ], [ 72.500685237722351, 22.981630256203875 ], [ 72.500770229653384, 22.981613402300187 ], [ 72.500853053817153, 22.981589063342522 ], [ 72.500932934411964, 22.981557467306327 ], [ 72.501009123208121, 22.981518910142018 ], [ 72.501080906556467, 22.981473753003055 ], [ 72.501138698916265, 22.981429278105704 ], [ 72.501181447777228, 22.981440356334634 ], [ 72.501270561167701, 22.981454745979303 ], [ 72.501360794793868, 22.98146081041606 ], [ 72.501481494793879, 22.981463310400766 ], [ 72.501572834433048, 22.981460922640427 ], [ 72.501663438050045, 22.981450004671711 ], [ 72.501752368176611, 22.981430669459904 ], [ 72.501838704659946, 22.981403117061308 ], [ 72.501921554183511, 22.981367632553436 ], [ 72.50200005951001, 22.981324583085506 ], [ 72.502096659510002, 22.981265283387518 ], [ 72.502141319459639, 22.981234717372562 ], [ 72.502265942368098, 22.981258543970306 ], [ 72.502353356151914, 22.981271159257364 ], [ 72.502441693957465, 22.981275796332742 ], [ 72.502530098762975, 22.981272410210014 ], [ 72.502617712896651, 22.981261033739543 ], [ 72.502687412896663, 22.981248733813491 ], [ 72.502773338604158, 22.981229490380436 ], [ 72.502856792799605, 22.981202562304599 ], [ 72.502936966750312, 22.981168210534367 ], [ 72.503013083511618, 22.981126767958195 ], [ 72.503084405455994, 22.981078636178889 ], [ 72.503150241421238, 22.98102428162197 ], [ 72.503209953408302, 22.980964231016003 ], [ 72.50326296276404, 22.980899066288433 ], [ 72.503308755788723, 22.980829418926582 ], [ 72.503346888714162, 22.980755963858332 ], [ 72.50337699200422, 22.980679412911829 ], [ 72.503398132608339, 22.980602831125466 ], [ 72.503428071832573, 22.980602241813379 ], [ 72.503513485715786, 22.980592987141357 ], [ 72.503597546847871, 22.980576255093528 ], [ 72.503679484735571, 22.980552199030868 ], [ 72.503758548347065, 22.980521039444234 ], [ 72.503834012995739, 22.98048306193348 ], [ 72.503905186982607, 22.980438614589854 ], [ 72.503980286982596, 22.980386714843917 ], [ 72.504050161662107, 22.980333126967903 ], [ 72.504113793104793, 22.980273309524385 ], [ 72.504170529158429, 22.980207875568507 ], [ 72.504219788340876, 22.980137495718679 ], [ 72.50426106579971, 22.980062891283776 ], [ 72.504293938486384, 22.97998482687083 ], [ 72.504318069492044, 22.979904102548897 ], [ 72.504333211500409, 22.97982154564944 ], [ 72.504339209322595, 22.979738002287277 ], [ 72.504336001487502, 22.979654328688909 ], [ 72.504323620871887, 22.97957138241722 ], [ 72.504302194363461, 22.979490013582339 ], [ 72.504280694363473, 22.979423313466196 ], [ 72.504254609966821, 22.979353865689312 ], [ 72.504221932767223, 22.979286823615649 ], [ 72.504182920735886, 22.979222716515011 ], [ 72.504137881854589, 22.979162050487528 ], [ 72.504087171684233, 22.979105304468085 ], [ 72.503990671684221, 22.979006604063908 ], [ 72.503926925718773, 22.978947657024065 ], [ 72.503857070597789, 22.978894903265857 ], [ 72.50361027059779, 22.978726902439011 ], [ 72.503597157086205, 22.978718143129406 ], [ 72.503420157086197, 22.978602142550983 ], [ 72.503345810387685, 22.978558319840541 ], [ 72.503267150633803, 22.978521427031087 ], [ 72.50318493746623, 22.978491820413762 ], [ 72.503099964843074, 22.978469785913745 ], [ 72.503013053371419, 22.978455536328799 ], [ 72.502925042382358, 22.978449209274068 ], [ 72.502836781825366, 22.978450865853002 ], [ 72.502721381825367, 22.978458265898187 ], [ 72.502626411065279, 22.978469059572717 ], [ 72.502533226237176, 22.978489092664873 ], [ 72.502442884732829, 22.978518137850038 ], [ 72.502356411680083, 22.978555865539491 ], [ 72.502257211680075, 22.978605265805452 ], [ 72.502188306565827, 22.978643342237568 ], [ 72.501946862518693, 22.97879067473129 ], [ 72.501886083857983, 22.978795344758247 ], [ 72.501579538671606, 22.978801702516829 ], [ 72.501196024702438, 22.978791594844516 ], [ 72.500928274446196, 22.978751170202123 ], [ 72.500898297810437, 22.978747121027133 ], [ 72.500633259840271, 22.978715513929156 ], [ 72.500428960895917, 22.978671051006664 ], [ 72.500326330380943, 22.978654432628883 ], [ 72.5002223, 22.978648868210307 ], [ 72.5000694, 22.978648868210307 ], [ 72.499983052537843, 22.978652697707471 ], [ 72.499897504721744, 22.978664150734122 ], [ 72.499813548792389, 22.978683121224229 ], [ 72.499731962248347, 22.978709433492867 ], [ 72.49965350064582, 22.978742843863337 ], [ 72.499578890601484, 22.978783042923943 ], [ 72.499508823063636, 22.978829658393597 ], [ 72.499443946913274, 22.978882258569641 ], [ 72.499384862955083, 22.978940356325996 ], [ 72.499332118353394, 22.979003413624596 ], [ 72.499286201565127, 22.979070846498271 ], [ 72.499247537816203, 22.979142030459009 ], [ 72.499196637816198, 22.979248230721424 ], [ 72.499166828710571, 22.979319068722845 ], [ 72.499144205705846, 22.979392126052925 ], [ 72.499128959686942, 22.979466786276685 ], [ 72.499121219294366, 22.97954241943545 ], [ 72.499121049838806, 22.97961838736229 ], [ 72.499126349838789, 22.979729487332456 ], [ 72.499135544310789, 22.979816621713603 ], [ 72.499154691844439, 22.979902373078001 ], [ 72.499183577888246, 22.979985780570026 ], [ 72.499221878768978, 22.980065909599215 ], [ 72.499276878115737, 22.980166209263693 ] ] ] } },
{ "type": "Feature", "properties": { "version": 1, "visible": null, "lon": null, "timestamp": 1319822960, "tags": { "visible": false, "source:position": "Bing Imagery 2011", "source:tracer": "scanaerial", "source:zoomlevel": "16" }, "changeset": null, "lat": null, "id": 135070019, "natural": "water", "water": null, "wetland": null, "osm_type": "way", "grassland": null, "reef": null, "Risk": "High" }, "geometry": { "type": "Polygon", "coordinates": [ [ [ 72.701576620498372, 23.032497046038412 ], [ 72.701555708710245, 23.032523206585896 ], [ 72.701509554956132, 23.032595184956001 ], [ 72.701471533969524, 23.032671083958888 ], [ 72.701442034337035, 23.032750127876646 ], [ 72.701421357554253, 23.032831508850489 ], [ 72.701409714944504, 23.032914395137503 ], [ 72.70140722549894, 23.032997939611473 ], [ 72.701413914660506, 23.03308128842087 ], [ 72.701456814660503, 23.033397288180549 ], [ 72.701475100793317, 23.033489299020836 ], [ 72.701504564225957, 23.033578819851197 ], [ 72.7015448277715, 23.033664704643961 ], [ 72.701613955762653, 23.033791854747246 ], [ 72.701624061083962, 23.03381510400942 ], [ 72.701625907529461, 23.033849704054948 ], [ 72.701638834366321, 23.033929928457159 ], [ 72.701660240815087, 23.034008601107548 ], [ 72.701689920854392, 23.034084964842808 ], [ 72.701720718773345, 23.034144912303557 ], [ 72.701722484732855, 23.034156639077711 ], [ 72.701741240541608, 23.034230518130876 ], [ 72.701767277143475, 23.034302503645772 ], [ 72.701874577143471, 23.034559203080381 ], [ 72.701910741289666, 23.034634343065687 ], [ 72.701954833450287, 23.03470580743128 ], [ 72.70200641790143, 23.034772889964337 ], [ 72.702064984879513, 23.034834927754442 ], [ 72.702129955618787, 23.034891307744264 ], [ 72.702200688070846, 23.034941472787558 ], [ 72.702276483249307, 23.034984927154714 ], [ 72.702356592137349, 23.035021241431259 ], [ 72.702440223089582, 23.035050056761172 ], [ 72.702526549655147, 23.035071088392865 ], [ 72.702614718744826, 23.035084128492983 ], [ 72.702703859061359, 23.035089048200071 ], [ 72.702793089709715, 23.035085798897882 ], [ 72.702881528902196, 23.035074412695824 ], [ 72.70296830267236, 23.035055002111623 ], [ 72.703052553511654, 23.03502775895954 ], [ 72.703122140962705, 23.03499781785121 ], [ 72.703182503921852, 23.035006079348431 ], [ 72.703270535955454, 23.035010091417167 ], [ 72.703358571493695, 23.035006145011099 ], [ 72.703445763024746, 23.034994278121307 ], [ 72.703531271161978, 23.034974604987426 ], [ 72.703614272724678, 23.034947314997925 ], [ 72.703693968662733, 23.034912670867058 ], [ 72.703769591749051, 23.034871006105863 ], [ 72.703840413965608, 23.034822721811711 ], [ 72.703905753511975, 23.034768282807196 ], [ 72.703970153511989, 23.034709083064147 ], [ 72.704029431308498, 23.03464895745676 ], [ 72.704082014832977, 23.03458377101644 ], [ 72.704127396964608, 23.034514152400895 ], [ 72.704165140033595, 23.034440773012719 ], [ 72.704194880041953, 23.034364340524554 ], [ 72.704216330174063, 23.034285592054431 ], [ 72.704229024408789, 23.034206893691746 ], [ 72.704251079227475, 23.034163964475415 ], [ 72.704280759243417, 23.034087600789302 ], [ 72.704302165670583, 23.034008928191767 ], [ 72.70431509248786, 23.033928703845397 ], [ 72.704319415284104, 23.033847699848529 ], [ 72.704315092455602, 23.033766695804417 ], [ 72.70430236006014, 23.033687678105526 ], [ 72.704308324594294, 23.033661303634052 ], [ 72.704317715877892, 23.033582626537719 ], [ 72.704318888161083, 23.033503483484115 ], [ 72.704314732730467, 23.033457036907567 ], [ 72.704315092453598, 23.033454804450532 ], [ 72.704319415284104, 23.0333738 ], [ 72.704319415284104, 23.0332553 ], [ 72.704315108420772, 23.03317444481068 ], [ 72.70430222912826, 23.03309436487428 ], [ 72.704280900902972, 23.033015828059881 ], [ 72.704275230478657, 23.033001209261631 ], [ 72.704273567751272, 23.032951385221079 ], [ 72.704261729128433, 23.032868923413723 ], [ 72.704240946248504, 23.032787973746171 ], [ 72.704211429503474, 23.032709355702085 ], [ 72.704173477701062, 23.032633865162641 ], [ 72.704127475039911, 23.03256226634937 ], [ 72.704073887220147, 23.032495284087453 ], [ 72.70401325672897, 23.032433596467815 ], [ 72.703905956728974, 23.032334896039597 ], [ 72.703840643522582, 23.032280442403827 ], [ 72.703769846628859, 23.032232140549329 ], [ 72.703757090422542, 23.032225106814323 ], [ 72.703730072734629, 23.032175543030259 ], [ 72.703680139196834, 23.032103580596868 ], [ 72.703572939196846, 23.031965380104321 ], [ 72.703516683676426, 23.031900084602988 ], [ 72.703453571385111, 23.031840332498057 ], [ 72.703384243539332, 23.031786730874479 ], [ 72.703309404505177, 23.031739824328639 ], [ 72.703229814641972, 23.031700089434967 ], [ 72.703146282577165, 23.031667929903708 ], [ 72.703059656990689, 23.031643672478967 ], [ 72.702887956990693, 23.031604172243902 ], [ 72.702803861576115, 23.031588708826778 ], [ 72.702718547117485, 23.031580695685431 ], [ 72.702632791133169, 23.031580205849416 ], [ 72.702547375165437, 23.03158724378298 ], [ 72.702463077657754, 23.031601745344311 ], [ 72.702380666860464, 23.031623578370198 ], [ 72.702300893829275, 23.031652543880561 ], [ 72.702224485580416, 23.031688377891999 ], [ 72.702152138464996, 23.031730753823798 ], [ 72.702084511822747, 23.031779285474411 ], [ 72.702022221973095, 23.031833530541373 ], [ 72.701965836598276, 23.03189299465247 ], [ 72.701915869569746, 23.031957135871465 ], [ 72.70167986956973, 23.032292836990056 ], [ 72.701636691290247, 23.03236122129735 ], [ 72.701600811509735, 23.032433089837873 ], [ 72.701576620498372, 23.032497046038412 ] ] ] } },
{ "type": "Feature", "properties": { "version": 9, "visible": null, "lon": null, "timestamp": 1690489328, "tags": { "visible": false, "name": "Vastrapur Lake" }, "changeset": null, "lat": null, "id": 135070029, "natural": "water", "water": "lake", "wetland": null, "osm_type": "way", "grassland": null, "reef": null, "Risk": "High" }, "geometry": { "type": "Polygon", "coordinates": [ [ [ 72.527457086362517, 23.037726933671625 ], [ 72.527433056779259, 23.037744867867314 ], [ 72.527369944050861, 23.037802360470053 ], [ 72.52728314405087, 23.037889660831638 ], [ 72.527226305254501, 23.037952856948085 ], [ 72.527176552665694, 23.03802092600726 ], [ 72.527134376222946, 23.038093197692394 ], [ 72.527100191258668, 23.038168960302077 ], [ 72.527074334409249, 23.038247467758932 ], [ 72.52705706029991, 23.038327946956876 ], [ 72.527048539037423, 23.038409605374365 ], [ 72.527048854534911, 23.038491638878927 ], [ 72.527075154534913, 23.038946338730643 ], [ 72.527085116783013, 23.039032716082438 ], [ 72.527104873261806, 23.039117654568692 ], [ 72.527134205841207, 23.039200216392452 ], [ 72.527172790662064, 23.039279489998943 ], [ 72.527220201711756, 23.039354600139756 ], [ 72.52727591552781, 23.039424717536111 ], [ 72.527339316977475, 23.039489068034566 ], [ 72.527416816977464, 23.039559867726261 ], [ 72.527479510770078, 23.039611989164275 ], [ 72.527547248499758, 23.039658459820341 ], [ 72.527619430953365, 23.03969886861757 ], [ 72.52769541959951, 23.03973285810229 ], [ 72.527774542236855, 23.039760127605895 ], [ 72.527856098940575, 23.039780435904444 ], [ 72.527939368253911, 23.039793603352372 ], [ 72.528023613570198, 23.039799513471539 ], [ 72.528319113570234, 23.039807413423084 ], [ 72.528350246207793, 23.039807749006386 ], [ 72.52869844620777, 23.039805949017428 ], [ 72.528786601460141, 23.039801500795392 ], [ 72.528873856457949, 23.039789110768407 ], [ 72.528959368384889, 23.039768898612444 ], [ 72.529042311261421, 23.039741059557951 ], [ 72.529121883922969, 23.03970586250421 ], [ 72.529143215539932, 23.039693924680147 ], [ 72.529159185706106, 23.039697495900821 ], [ 72.529254682271656, 23.039709083606944 ], [ 72.529384882271657, 23.039718383550053 ], [ 72.529464992474104, 23.039720805111386 ], [ 72.529545018346212, 23.039716645804589 ], [ 72.529624322774438, 23.03970593874271 ], [ 72.529702274388868, 23.039688769166833 ], [ 72.529830974388844, 23.039654769367363 ], [ 72.529917757782272, 23.039627356797766 ], [ 72.530001049856338, 23.039591940875514 ], [ 72.530108349856349, 23.039540041157395 ], [ 72.530167964002288, 23.039508468974141 ], [ 72.530224778383072, 23.039472791984782 ], [ 72.530287478383045, 23.039430092195396 ], [ 72.5303543172719, 23.039379825823218 ], [ 72.530415604830637, 23.039323887998613 ], [ 72.530470775161533, 23.039262795215866 ], [ 72.530519318850253, 23.039197111567614 ], [ 72.530559818850264, 23.039136211762671 ], [ 72.53060241325106, 23.03906440826454 ], [ 72.530637087093993, 23.038989082174727 ], [ 72.530663500824545, 23.038910971142368 ], [ 72.530681395777989, 23.03883084009011 ], [ 72.530690596712361, 23.038749473723573 ], [ 72.530691013524603, 23.038667668846948 ], [ 72.530684405888266, 23.038603385511092 ], [ 72.530725707460491, 23.038132160725123 ], [ 72.53072853626081, 23.038054735193729 ], [ 72.530723476727928, 23.037977405911107 ], [ 72.530710573294826, 23.037900851985686 ], [ 72.530689939279753, 23.037825745717829 ], [ 72.530661755891131, 23.037752746695613 ], [ 72.530626270636205, 23.037682496002198 ], [ 72.530576470636205, 23.037594895753053 ], [ 72.530530493231936, 23.037523084046004 ], [ 72.530476891636582, 23.037455897857395 ], [ 72.530416210746807, 23.037394020187907 ], [ 72.530349067425092, 23.037338080073845 ], [ 72.530276144228978, 23.037288646192216 ], [ 72.530198182472319, 23.03724622107945 ], [ 72.530115974689352, 23.037211236022461 ], [ 72.530030356578109, 23.037184046674053 ], [ 72.529942198504884, 23.037164929437225 ], [ 72.529852396656437, 23.037154078655146 ], [ 72.529672396656437, 23.037140778573811 ], [ 72.529570472389139, 23.037138588609345 ], [ 72.529509436403899, 23.03714366932979 ], [ 72.529443473977878, 23.037123714622066 ], [ 72.529358773774277, 23.03710620840446 ], [ 72.529272632862529, 23.037096307523004 ], [ 72.529185855682101, 23.037094104440211 ], [ 72.529049922548552, 23.037096701268414 ], [ 72.528970919021333, 23.037079498943825 ], [ 72.528872989454115, 23.03706840871115 ], [ 72.528774328924925, 23.037067268937463 ], [ 72.528600128924936, 23.037074068979155 ], [ 72.528523241904907, 23.037080123226691 ], [ 72.528447203197928, 23.037092227628452 ], [ 72.528372573918261, 23.037110292860522 ], [ 72.528224073918253, 23.037152593108448 ], [ 72.528122781175881, 23.037187729395598 ], [ 72.528026816464802, 23.037233822826924 ], [ 72.527815716464787, 23.0373506234411 ], [ 72.5277440352437, 23.037394728002337 ], [ 72.527677279332622, 23.037444953874807 ], [ 72.527616063799329, 23.037500838286707 ], [ 72.527560952664288, 23.037561866330091 ], [ 72.527512453704048, 23.037627475705357 ], [ 72.527471013772626, 23.03769706190231 ], [ 72.527457086362517, 23.037726933671625 ] ] ] } },
{ "type": "Feature", "properties": { "version": 2, "visible": null, "lon": null, "timestamp": 1342858118, "tags": { "visible": false, "source:position": "Bing Imagery 2011", "source:tracer": "scanaerial", "source:zoomlevel": "16" }, "changeset": null, "lat": null, "id": 135070035, "natural": "water", "water": null, "wetland": null, "osm_type": "way", "grassland": null, "reef": null, "Risk": "High" }, "geometry": { "type": "Polygon", "coordinates": [ [ [ 72.63083331279978, 23.025280457547328 ], [ 72.630455021914258, 23.025656493086029 ], [ 72.63017726797311, 23.025887940660819 ], [ 72.630116064369275, 23.025944102296162 ], [ 72.630061008359434, 23.02600541700771 ], [ 72.630012609571452, 23.026071317227107 ], [ 72.629971316010312, 23.026141192940482 ], [ 72.629937509911286, 23.02621439733527 ], [ 72.629911504201672, 23.026290252787643 ], [ 72.629893539604197, 23.026368057135166 ], [ 72.629883782408783, 23.026447090176504 ], [ 72.629882322933227, 23.026526620338124 ], [ 72.629898072467441, 23.026990497852449 ], [ 72.629903402285109, 23.027774770590167 ], [ 72.62990838955254, 23.027856747540234 ], [ 72.629922187605061, 23.027937864898799 ], [ 72.629944660351498, 23.028017322601791 ], [ 72.629975586141555, 23.0280943369558 ], [ 72.630014659951925, 23.028168148367538 ], [ 72.630061496394788, 23.028238028835588 ], [ 72.630115633518997, 23.028303289130516 ], [ 72.631176433518974, 23.029458284557531 ], [ 72.631238810973628, 23.029519591779774 ], [ 72.631307625474193, 23.029574758126461 ], [ 72.631382166791582, 23.029623214237887 ], [ 72.631461665590649, 23.029664460009776 ], [ 72.631545301370465, 23.02969806975452 ], [ 72.631632210932665, 23.029723696594374 ], [ 72.631721497290414, 23.029741076041336 ], [ 72.631812238926173, 23.029750028726685 ], [ 72.632209738926178, 23.029770528601148 ], [ 72.632296884349756, 23.029771126447223 ], [ 72.632383682638775, 23.029763950224897 ], [ 72.632469316897016, 23.029749067471467 ], [ 72.632552981183423, 23.029726618252443 ], [ 72.632633888097246, 23.029696813843408 ], [ 72.632660283366903, 23.029684235244702 ], [ 72.632689020975562, 23.029695107348385 ], [ 72.632771971647657, 23.029718181281432 ], [ 72.632856952157212, 23.029733792234989 ], [ 72.632978752157214, 23.02975059213308 ], [ 72.633070988380226, 23.029758865883505 ], [ 72.633163660013466, 23.029758350215477 ], [ 72.633359460013466, 23.029747950279162 ], [ 72.633452633539264, 23.02973849288087 ], [ 72.633544228917813, 23.02972015144206 ], [ 72.63363324878857, 23.029693125674772 ], [ 72.633718723835074, 23.029657709851122 ], [ 72.633799723339649, 23.029614289599245 ], [ 72.633875365317692, 23.029563337704587 ], [ 72.633944826121535, 23.029505408962148 ], [ 72.634398846652701, 23.029085032430693 ], [ 72.634639428928054, 23.028867119652361 ], [ 72.634656455482272, 23.028851276087181 ], [ 72.63492937911586, 23.028590373776041 ], [ 72.635055114507722, 23.028484653877438 ], [ 72.635107704666638, 23.028436626861438 ], [ 72.635155815631691, 23.028384774849041 ], [ 72.635248615631681, 23.02827597526106 ], [ 72.635293635337476, 23.028218248274626 ], [ 72.635333102559002, 23.028157176723322 ], [ 72.635366725743808, 23.028093211750999 ], [ 72.635394256510537, 23.028026825876228 ], [ 72.635437156510534, 23.027908326105958 ], [ 72.63546264633527, 23.027822902434458 ], [ 72.635478058244146, 23.027735459070758 ], [ 72.635483215284097, 23.027647 ], [ 72.635483215284097, 23.027489 ], [ 72.635478892211765, 23.027407989703661 ], [ 72.635465964603668, 23.027327759070818 ], [ 72.635444556886043, 23.027249080310899 ], [ 72.635431323537247, 23.027215031627755 ], [ 72.635399173731201, 23.026432560145015 ], [ 72.635391093146069, 23.026348872176879 ], [ 72.635373825139126, 23.026266371094312 ], [ 72.635347548048571, 23.026185908943994 ], [ 72.635312533255458, 23.026108316716588 ], [ 72.635269142380906, 23.026034395764427 ], [ 72.635217823551443, 23.025964909525122 ], [ 72.635159106770843, 23.025900575636815 ], [ 72.635016750454639, 23.025759793907223 ], [ 72.634879776400467, 23.025622327277631 ], [ 72.634812865819086, 23.025561842808244 ], [ 72.634739467768156, 23.025508108402153 ], [ 72.634549392045599, 23.025383289231307 ], [ 72.634454367037662, 23.025303652071564 ], [ 72.634109239304195, 23.02494724175946 ], [ 72.634052457179195, 23.024893692278965 ], [ 72.633990647114032, 23.024845086779713 ], [ 72.633924315378479, 23.024801823381903 ], [ 72.63385400527801, 23.024764256449785 ], [ 72.633780292703918, 23.024732693688922 ], [ 72.633645292703918, 23.024681593399109 ], [ 72.633556838136442, 23.024652980630005 ], [ 72.633465624908723, 23.024633008850152 ], [ 72.633372646655914, 23.024621895626851 ], [ 72.633278916240471, 23.024619762024653 ], [ 72.632603985282046, 23.024636836708723 ], [ 72.631849058509687, 23.024623795480434 ], [ 72.631761661847975, 23.024626202622812 ], [ 72.63167493344551, 23.024636418010154 ], [ 72.631589694943543, 23.024654344862885 ], [ 72.631506753868436, 23.024679813343866 ], [ 72.631426895981363, 23.024712582167435 ], [ 72.63135087783418, 23.024752340885502 ], [ 72.631279419602109, 23.024798712828801 ], [ 72.631213198260994, 23.024851258675582 ], [ 72.631152841173773, 23.024909480613914 ], [ 72.630944341173773, 23.025131281503835 ], [ 72.630888083658135, 23.025197681115884 ], [ 72.630839456186635, 23.025269002560531 ], [ 72.63083331279978, 23.025280457547328 ] ] ] } },
{ "type": "Feature", "properties": { "version": 1, "visible": null, "lon": null, "timestamp": 1324112686, "tags": { "visible": false, "source:position": "Bing Imagery 2011", "source:tracer": "scanaerial", "source:zoomlevel": "16" }, "changeset": null, "lat": null, "id": 141607197, "natural": "water", "water": null, "wetland": null, "osm_type": "way", "grassland": null, "reef": null, "Risk": "High" }, "geometry": { "type": "Polygon", "coordinates": [ [ [ 72.584562565046568, 23.163781477345886 ], [ 72.584566654598376, 23.163806170525465 ], [ 72.584589194270166, 23.163886708980314 ], [ 72.584620429215207, 23.163964755130721 ], [ 72.584660042742087, 23.164039517671007 ], [ 72.584707633208836, 23.164110238589128 ], [ 72.584762718095234, 23.164176200851919 ], [ 72.584824738895051, 23.16423673567482 ], [ 72.584893066778761, 23.1642912293024 ], [ 72.584967008969258, 23.164339129230896 ], [ 72.585045815765923, 23.164379949809746 ], [ 72.585128688145844, 23.164413277165348 ], [ 72.585214785865091, 23.164438773396981 ], [ 72.585303235978017, 23.164456180002631 ], [ 72.585393141688044, 23.164465320499726 ], [ 72.585483591440223, 23.164466102214369 ], [ 72.585546377938613, 23.164460815219478 ], [ 72.585551162287985, 23.164461913077425 ], [ 72.585641881354249, 23.164478223593964 ], [ 72.585733943252151, 23.164485876648229 ], [ 72.58582637317528, 23.164484791206601 ], [ 72.585832181143203, 23.164484170526691 ], [ 72.585850994413022, 23.164490365638983 ], [ 72.585936584467618, 23.16451009571832 ], [ 72.5860238670505, 23.164522010430076 ], [ 72.586112, 23.164525994815111 ], [ 72.5862837, 23.164525994815111 ], [ 72.586366203657178, 23.164522504207994 ], [ 72.586388022388945, 23.164519719114427 ], [ 72.586388641051556, 23.164519818193174 ], [ 72.58647835459854, 23.164525791216441 ], [ 72.586568268119223, 23.164523485839709 ], [ 72.586657480135699, 23.164512925176371 ], [ 72.586745096203416, 23.164494215106291 ], [ 72.586830237878871, 23.16446754321429 ], [ 72.58691205152698, 23.164433176909554 ], [ 72.5869897168796, 23.164391460744767 ], [ 72.587062455259655, 23.164342812961827 ], [ 72.587129537388165, 23.16428772129882 ], [ 72.587190290696057, 23.164226738100179 ], [ 72.587244106067288, 23.164160474779191 ], [ 72.587290443946046, 23.164089595688228 ], [ 72.587328839746192, 23.164014811458188 ], [ 72.58735890850933, 23.163936871873975 ], [ 72.587380348764412, 23.163856558357313 ], [ 72.587392945550235, 23.163774676132387 ], [ 72.587396682614923, 23.163736781644456 ], [ 72.5874713193394, 23.163616719837645 ], [ 72.587510277593992, 23.163546463641094 ], [ 72.587541770066991, 23.163473111577314 ], [ 72.587565509638623, 23.163397332399214 ], [ 72.587581279873078, 23.163319816988945 ], [ 72.587588936991665, 23.163241272059167 ], [ 72.587588411183745, 23.163162413709983 ], [ 72.587579707243165, 23.163083960900234 ], [ 72.587562904524546, 23.163006628892656 ], [ 72.587520004524521, 23.162848828656674 ], [ 72.587494061519081, 23.162770241116625 ], [ 72.5874597574158, 23.162694410952749 ], [ 72.587417431421144, 23.162622087995665 ], [ 72.58736750206387, 23.162553987396869 ], [ 72.587310463056397, 23.162490782556958 ], [ 72.587246878412955, 23.162433098466625 ], [ 72.587177376872475, 23.162381505526273 ], [ 72.587102645681398, 23.16233651390554 ], [ 72.587023423798158, 23.162298568498297 ], [ 72.587004774572463, 23.162291704228917 ], [ 72.586964298534937, 23.162250299052079 ], [ 72.586898871868371, 23.16219537419494 ], [ 72.586827878612198, 23.162146641904108 ], [ 72.586752009330382, 23.16210457621418 ], [ 72.586672002016812, 23.162069586312011 ], [ 72.586588634916779, 23.162042012556224 ], [ 72.586502718956822, 23.162022123166263 ], [ 72.586415089856644, 23.162010111613196 ], [ 72.5863266, 23.162006094737645 ], [ 72.586297164376518, 23.162006094737645 ], [ 72.58626679466326, 23.161996867776562 ], [ 72.586182689501612, 23.161979322871225 ], [ 72.586097141977021, 23.161969273958359 ], [ 72.586010940580579, 23.161966813660431 ], [ 72.585924879830117, 23.161971964654413 ], [ 72.58583975294718, 23.161984679462748 ], [ 72.585756344545757, 23.162004840890983 ], [ 72.585675423400744, 23.162032263108014 ], [ 72.585597735361873, 23.162066693359044 ], [ 72.585523996479438, 23.162107814295357 ], [ 72.585454886404364, 23.162155246899506 ], [ 72.585391042123803, 23.162208553978967 ], [ 72.585262242123804, 23.162326954495317 ], [ 72.585202744269537, 23.16238733080311 ], [ 72.58515000600103, 23.162452802833911 ], [ 72.585096804024062, 23.162526157338178 ], [ 72.585016931793476, 23.16261009801643 ], [ 72.585001972739491, 23.1626166021321 ], [ 72.584926363082047, 23.162658263095071 ], [ 72.584855558542984, 23.162706536500686 ], [ 72.584790240883834, 23.162760957527894 ], [ 72.584725840883834, 23.162820157786076 ], [ 72.584666622285141, 23.162880221154015 ], [ 72.584614093699585, 23.162945332800145 ], [ 72.584568761216161, 23.163014865396512 ], [ 72.584531061592713, 23.163088149021871 ], [ 72.584501358047945, 23.163164477616295 ], [ 72.58447993676198, 23.163243115783956 ], [ 72.584467004119162, 23.163323305878546 ], [ 72.584462684719611, 23.163404275302909 ], [ 72.584467020178778, 23.163485243952806 ], [ 72.584479968726498, 23.16356543173287 ], [ 72.584501405609402, 23.163644066072436 ], [ 72.58453112429288, 23.163720389368841 ], [ 72.584562565046568, 23.163781477345886 ] ] ] } },
{ "type": "Feature", "properties": { "version": 9, "visible": null, "lon": null, "timestamp": 1679165999, "tags": { "visible": false }, "changeset": null, "lat": null, "id": 142616342, "natural": "water", "water": "river", "wetland": null, "osm_type": "way", "grassland": null, "reef": null, "Risk": "High" }, "geometry": { "type": "Polygon", "coordinates": [ [ [ 72.516336754625939, 22.956315712090102 ], [ 72.51642105987068, 22.956278971994724 ], [ 72.516503014934671, 22.956232803190055 ], [ 72.516579146428015, 22.956178838932555 ], [ 72.516648583511738, 22.956117696489756 ], [ 72.517259144731909, 22.955519317714106 ], [ 72.517316332900521, 22.955502842263758 ], [ 72.517407999288565, 22.955471290993867 ], [ 72.517495394536184, 22.955430745393041 ], [ 72.517577481471619, 22.955381686632368 ], [ 72.517653285920062, 22.955324696912644 ], [ 72.51785318592006, 22.955156897670914 ], [ 72.51791361689078, 22.9551010908725 ], [ 72.517968005941739, 22.955040241772412 ], [ 72.51801585937406, 22.954974902702052 ], [ 72.518056742813911, 22.954905666749415 ], [ 72.51809028515521, 22.954833162375746 ], [ 72.518116181928306, 22.954758047711099 ], [ 72.518161271353122, 22.954601813209344 ], [ 72.518622852625896, 22.954124044473772 ], [ 72.518991151371281, 22.954005350208931 ], [ 72.519072755288278, 22.953974838929344 ], [ 72.519150722207669, 22.953937115875501 ], [ 72.519224302660575, 22.953892543660121 ], [ 72.519292789343766, 22.953841550733852 ], [ 72.519355523918591, 22.953784627266977 ], [ 72.519411903339417, 22.953722320437837 ], [ 72.519981778651712, 22.953025742304767 ], [ 72.521183250357439, 22.952302050203834 ], [ 72.521258529273311, 22.952251381733163 ], [ 72.522431783582178, 22.951372142301221 ], [ 72.52471402881126, 22.950959663363889 ], [ 72.525639324929628, 22.950806209255539 ], [ 72.525725169412127, 22.950787929499654 ], [ 72.525808656238951, 22.950761993597272 ], [ 72.525888982236893, 22.950728651056757 ], [ 72.525965374641032, 22.950688222639965 ], [ 72.526037098529017, 22.950641097276623 ], [ 72.526103463891317, 22.950587728322883 ], [ 72.526163832269361, 22.950528629200171 ], [ 72.526217622897676, 22.950464368456139 ], [ 72.526264318291112, 22.950395564295299 ], [ 72.526294221600835, 22.950340047308959 ], [ 72.526432660289558, 22.950336177905815 ], [ 72.52690554895176, 22.950903327811936 ], [ 72.527455844299567, 22.951997596533992 ], [ 72.527500629732742, 22.952075480560271 ], [ 72.527554159263772, 22.952148535129311 ], [ 72.527615825305006, 22.952215931042716 ], [ 72.527684927915232, 22.952276903331292 ], [ 72.527760682744372, 22.952330759937389 ], [ 72.52970048274436, 22.953563753733217 ], [ 72.529801423238652, 22.953619302362345 ], [ 72.532651011924756, 22.954962681134464 ], [ 72.534099965140527, 22.955719914557339 ], [ 72.534457628591809, 22.956077223329888 ], [ 72.534749790768956, 22.956497924911769 ], [ 72.534803945372516, 22.956567658974237 ], [ 72.534865647521883, 22.956631857299456 ], [ 72.534934234445075, 22.956689830311198 ], [ 72.53500896941749, 22.956740955302291 ], [ 72.535089049675449, 22.956784683123047 ], [ 72.535775649675429, 22.957116581326009 ], [ 72.535831835057067, 22.95714149008068 ], [ 72.536398335057086, 22.957370688797479 ], [ 72.536485236953069, 22.957401013408656 ], [ 72.536575076264754, 22.957422908678602 ], [ 72.536666891495102, 22.957436140279331 ], [ 72.5367597, 22.957440566603395 ], [ 72.5376008, 22.957440566603395 ], [ 72.537678546054167, 22.95743746292759 ], [ 72.537755708672563, 22.957428175190902 ], [ 72.537831708797796, 22.957412773090745 ], [ 72.538638508797789, 22.957215174258511 ], [ 72.538716536430925, 22.957192513955452 ], [ 72.538792001391215, 22.957163410710034 ], [ 72.538864277685732, 22.957128105933865 ], [ 72.54047797768574, 22.956250910553141 ], [ 72.540535463598971, 22.956216881927574 ], [ 72.54482696359895, 22.95345859575766 ], [ 72.544900906498029, 22.953405580536437 ], [ 72.546823506498029, 22.951872287622859 ], [ 72.546891769116158, 22.951811757941002 ], [ 72.546952727066923, 22.951744943106618 ], [ 72.547005701955271, 22.951672586686698 ], [ 72.547778201955254, 22.950486990415943 ], [ 72.547821467651858, 22.950412141228622 ], [ 72.547856185121134, 22.950333606733455 ], [ 72.548448385121134, 22.948768709881563 ], [ 72.548477238540698, 22.948675056464467 ], [ 72.548837738540698, 22.947173358445948 ], [ 72.54885559826792, 22.94706582286754 ], [ 72.54898254568991, 22.945709251882576 ], [ 72.549237371118934, 22.943933688969789 ], [ 72.549242126870794, 22.94389272092435 ], [ 72.549353726870777, 22.94263592155038 ], [ 72.549356656121645, 22.942559005852374 ], [ 72.549351810641042, 22.942482172285999 ], [ 72.549205910641021, 22.941201671469351 ], [ 72.549192868619912, 22.941123465779818 ], [ 72.549171773231251, 22.941046765160213 ], [ 72.549142817449791, 22.940972271249645 ], [ 72.54859445965522, 22.939749269800924 ], [ 72.548054589304328, 22.938526173127247 ], [ 72.548012419706694, 22.938443916167756 ], [ 72.547960698698105, 22.938366420050784 ], [ 72.547900051590346, 22.938294621720441 ], [ 72.546921651590338, 22.937259217567121 ], [ 72.546889998971309, 22.937227433069197 ], [ 72.545441482561671, 22.935846906724684 ], [ 72.543990301834512, 22.934191848384554 ], [ 72.543911124306703, 22.934112689611691 ], [ 72.542643825371727, 22.933000466167933 ], [ 72.541187324747071, 22.931627616372126 ], [ 72.541093614276818, 22.931550827866264 ], [ 72.538858814276821, 22.929962520184979 ], [ 72.538784565062912, 22.92991504035167 ], [ 72.538705510799375, 22.929874673042399 ], [ 72.538622451923686, 22.92984182698936 ], [ 72.538536229420671, 22.929816834769852 ], [ 72.538447716307417, 22.929799949438603 ], [ 72.538357808793805, 22.929791341965455 ], [ 72.53826741720826, 22.929791099504062 ], [ 72.538177456780517, 22.929799224509438 ], [ 72.538088838374776, 22.929815634713069 ], [ 72.538002459266991, 22.929840163955959 ], [ 72.53791919405991, 22.92987256387114 ], [ 72.537839885827509, 22.929912506398615 ], [ 72.536070285827506, 22.930913411608692 ], [ 72.535995276095989, 22.930960816236777 ], [ 72.535925856858313, 22.931014964683008 ], [ 72.535862740040358, 22.93107530162268 ], [ 72.535806572933822, 22.931141208265178 ], [ 72.535757931557967, 22.93121200870026 ], [ 72.535717314752233, 22.931286976830151 ], [ 72.535685139060476, 22.931365343816278 ], [ 72.535661734459069, 22.931446305964339 ], [ 72.535647340972815, 22.931529032966747 ], [ 72.535642106213515, 22.931612676417977 ], [ 72.535646083865984, 22.931696378515447 ], [ 72.535659233137594, 22.93177928085673 ], [ 72.535835033137602, 22.932595979886532 ], [ 72.535854050318477, 22.93266748296449 ], [ 72.535879893937135, 22.932737146015999 ], [ 72.535912359365739, 22.932804417457398 ], [ 72.535951189545386, 22.932868764642311 ], [ 72.535996077021579, 22.932929678078974 ], [ 72.536881682678654, 22.934023368184086 ], [ 72.537295426211216, 22.935909580023239 ], [ 72.537350928485409, 22.937522478074467 ], [ 72.537105776605671, 22.938152897958187 ], [ 72.536408358704406, 22.938753674413181 ], [ 72.535364078566147, 22.93916787870705 ], [ 72.534040150008281, 22.939434414684438 ], [ 72.533950764771873, 22.939456915187062 ], [ 72.533864372057124, 22.939487775894577 ], [ 72.533781891137451, 22.939526668423856 ], [ 72.533704199662324, 22.939573178926935 ], [ 72.533632124318387, 22.939626812494915 ], [ 72.533566432033183, 22.939686998424424 ], [ 72.532788132033176, 22.940477701669657 ], [ 72.532738116012638, 22.940533195206033 ], [ 72.53269353827892, 22.940592489415618 ], [ 72.532026238278945, 22.94156839259357 ], [ 72.531986058067631, 22.941633518453209 ], [ 72.531952439225449, 22.941701724199504 ], [ 72.531925657366656, 22.941772450663382 ], [ 72.531905932054499, 22.941845118011138 ], [ 72.53189342500113, 22.941919130498139 ], [ 72.531888238742013, 22.941993881352971 ], [ 72.531851968702966, 22.943797330576096 ], [ 72.531740463660753, 22.945043467537513 ], [ 72.531642256876381, 22.94573788598893 ], [ 72.5313667893477, 22.946156378289388 ], [ 72.531249605614562, 22.946228773608343 ], [ 72.530973130427952, 22.946279031030112 ], [ 72.530891490141144, 22.94629756533433 ], [ 72.530812089367174, 22.946323047788333 ], [ 72.530735623771889, 22.946355255125038 ], [ 72.53066276330479, 22.94639390515681 ], [ 72.529782409755938, 22.946912892318746 ], [ 72.529544265550996, 22.946930906055623 ], [ 72.528651527485621, 22.946763423483535 ], [ 72.528551632293258, 22.946750013362969 ], [ 72.528450733961577, 22.946747009285151 ], [ 72.52690298268142, 22.94678107719276 ], [ 72.524690146863094, 22.946150132207908 ], [ 72.52334912183818, 22.945573318887789 ], [ 72.522173799961365, 22.944943893845821 ], [ 72.522072201996849, 22.944897133651505 ], [ 72.52051000199684, 22.944288530225556 ], [ 72.520431187521297, 22.944261753176644 ], [ 72.518886287521312, 22.943811250551597 ], [ 72.518815204625398, 22.943793440021128 ], [ 72.518742776035381, 22.943781052910211 ], [ 72.516948876035372, 22.943543851475148 ], [ 72.516839237720021, 22.943535620227685 ], [ 72.516729328930552, 22.943539791011542 ], [ 72.514892528930559, 22.943713692068858 ], [ 72.514771176704954, 22.943732995614099 ], [ 72.513260576704951, 22.944072897632218 ], [ 72.51318222407582, 22.944094045358408 ], [ 72.513106280199835, 22.94412165707584 ], [ 72.513033372460939, 22.944155504676029 ], [ 72.511660072460941, 22.944866908465805 ], [ 72.511594861827305, 22.944904151846199 ], [ 72.511533340597069, 22.944946384215438 ], [ 72.510194440597061, 22.945950188973594 ], [ 72.510123692478089, 22.946009257978233 ], [ 72.510060153551223, 22.9460749093274 ], [ 72.508961453551223, 22.947339514156628 ], [ 72.508897152071867, 22.947423788616799 ], [ 72.507875852071876, 22.948957093517571 ], [ 72.507825967280141, 22.949042946917761 ], [ 72.506898967280122, 22.950892451656077 ], [ 72.506874360698461, 22.95094649907027 ], [ 72.506101860698465, 22.952827503138259 ], [ 72.506076212439424, 22.952899853209214 ], [ 72.506057894139602, 22.952974067687283 ], [ 72.505714594139619, 22.954736569589816 ], [ 72.50570205904306, 22.954833649436818 ], [ 72.505702050199574, 22.954931412986657 ], [ 72.505805050199555, 22.956535812407704 ], [ 72.505815466213889, 22.956621647314233 ], [ 72.506098666213873, 22.958202245740804 ], [ 72.506120589431973, 22.958292703860433 ], [ 72.506712889431952, 22.960221100650877 ], [ 72.506744674475215, 22.960306487495771 ], [ 72.506786374844268, 22.960388176851161 ], [ 72.507351274844268, 22.961354074050178 ], [ 72.507399270725031, 22.961426889800521 ], [ 72.50745514497909, 22.96149477455101 ], [ 72.507518305089434, 22.96155700842759 ], [ 72.507588081276353, 22.961612931481049 ], [ 72.507663733600225, 22.961661950685048 ], [ 72.507744459808009, 22.961703546224545 ], [ 72.50782940384083, 22.961737277007792 ], [ 72.507917664912014, 22.961762785343605 ], [ 72.508008307059427, 22.961779800734259 ], [ 72.508100369070903, 22.961788142743735 ], [ 72.508493918909139, 22.961805035041106 ], [ 72.509770999040072, 22.96340911473844 ], [ 72.509829528715599, 22.963475196227755 ], [ 72.509895136346643, 22.963535378126345 ], [ 72.509967124654068, 22.963589020828103 ], [ 72.512297085178687, 22.965149296074227 ], [ 72.513006348344277, 22.96571321118093 ], [ 72.515673404578436, 22.96806814650223 ], [ 72.517110849905833, 22.969662404789599 ], [ 72.518156598893256, 22.971226848506902 ], [ 72.519208930540429, 22.972973662233958 ], [ 72.519256785680639, 22.973044436064491 ], [ 72.519610885680649, 22.973513634426165 ], [ 72.51966876526285, 22.973582320393973 ], [ 72.519734155878609, 22.97364503339314 ], [ 72.520249055878622, 22.974089531408875 ], [ 72.520315232924631, 22.974141357616983 ], [ 72.520386538253206, 22.974187055726087 ], [ 72.521277038253203, 22.97470075306218 ], [ 72.521337930022796, 22.974732899792691 ], [ 72.523473030022799, 22.97576019422085 ], [ 72.523558274917661, 22.975796126931314 ], [ 72.52364712333312, 22.975823684101915 ], [ 72.523738607485555, 22.975842565570659 ], [ 72.523831730881511, 22.975852565674348 ], [ 72.523925479172064, 22.975853575488564 ], [ 72.524018831201559, 22.975845584014085 ], [ 72.524440371449572, 22.97578894244679 ], [ 72.524491347819122, 22.975791978013628 ], [ 72.524818092440555, 22.975947244721446 ], [ 72.525191616552945, 22.976380776001363 ], [ 72.525247912205572, 22.976440080822019 ], [ 72.525310080004147, 22.976494186476 ], [ 72.525377556141336, 22.976542602279043 ], [ 72.52544972866778, 22.976584889148626 ], [ 72.526426028667785, 22.977098486419433 ], [ 72.526494790486325, 22.977131127144673 ], [ 72.526566347770384, 22.97715819987959 ], [ 72.526640169793325, 22.9771795038343 ], [ 72.52744476979332, 22.977377102665788 ], [ 72.527538451749678, 22.97739524906844 ], [ 72.527633699255446, 22.977404113959523 ], [ 72.528082642710302, 22.977423737061351 ], [ 72.52840945600795, 22.977439202797115 ], [ 72.529113095472297, 22.977605273501371 ], [ 72.529615768200301, 22.977777698802146 ], [ 72.529621847215992, 22.977779761054443 ], [ 72.531005847215994, 22.978244058384458 ], [ 72.531022479189275, 22.978249468285128 ], [ 72.532213379189287, 22.978624766111881 ], [ 72.532293811424111, 22.97864631273216 ], [ 72.532376073979691, 22.978660868011744 ], [ 72.532459451535203, 22.978668305386289 ], [ 72.533317751535208, 22.978707805144829 ], [ 72.533423635775236, 22.978706925281788 ], [ 72.533792303567992, 22.978683810476095 ], [ 72.534176886001248, 22.978741603566501 ], [ 72.534612033635526, 22.97884358723871 ], [ 72.534904160439339, 22.978996198735683 ], [ 72.534987935436433, 22.979034793588106 ], [ 72.535075620632085, 22.979065146501231 ], [ 72.535747539742204, 22.979261581539241 ], [ 72.536397970779547, 22.979457882551074 ], [ 72.536480746399903, 22.979478888689115 ], [ 72.536565322284133, 22.979492523184717 ], [ 72.537432241004126, 22.979593248638601 ], [ 72.537637809059646, 22.979736472362966 ], [ 72.537681594479352, 22.979765124167841 ], [ 72.538228694479358, 22.980100922457652 ], [ 72.538296939920158, 22.980138893976534 ], [ 72.538368574041243, 22.980171144207166 ], [ 72.538443032397907, 22.980197419036383 ], [ 72.53851972829176, 22.980217511433871 ], [ 72.539420243813765, 22.980414105967572 ], [ 72.540034366069037, 22.980761433506043 ], [ 72.540784821731705, 22.981222061694663 ], [ 72.541391376298307, 22.981612013359253 ], [ 72.54192784768307, 22.982096926729703 ], [ 72.54197832078458, 22.982139205091574 ], [ 72.54203213421917, 22.98217783425396 ], [ 72.542348634219167, 22.982387733211393 ], [ 72.542406096909588, 22.982422838197461 ], [ 72.542466315481022, 22.982453781466884 ], [ 72.543077915481007, 22.982740279903769 ], [ 72.543157631498516, 22.982773232000127 ], [ 72.543240448016476, 22.982798897830445 ], [ 72.543325581399458, 22.982817034540926 ], [ 72.543412226089089, 22.982827470519467 ], [ 72.543701220119743, 22.982849184796269 ], [ 72.543912193265612, 22.982981595319178 ], [ 72.543870554927651, 22.983130759929558 ], [ 72.543851983351843, 22.983215403743969 ], [ 72.543843100230191, 22.98330136888972 ], [ 72.543821600230189, 22.983765569010782 ], [ 72.543821249203788, 22.983827391240229 ], [ 72.543831949203792, 22.984133591179955 ], [ 72.543839666707669, 22.984218363986049 ], [ 72.543856803032085, 22.984301958357769 ], [ 72.543942703032087, 22.98462795788727 ], [ 72.543954631829351, 22.984668668932159 ], [ 72.544072631829366, 22.985034068294663 ], [ 72.544090463531788, 22.985083524808644 ], [ 72.544283563531792, 22.985567523787005 ], [ 72.544319947885299, 22.985645962824179 ], [ 72.544566747885298, 22.986110161574754 ], [ 72.544604234656859, 22.986173511895384 ], [ 72.54464757592676, 22.986233613599765 ], [ 72.544696441888874, 22.986290009347627 ], [ 72.544750460696875, 22.986342269999479 ], [ 72.545249894208936, 22.986785059552055 ], [ 72.545405727685036, 22.987014597232243 ], [ 72.545481001796617, 22.987109681526348 ], [ 72.545770701796641, 22.987425680278456 ], [ 72.545853750215144, 22.987504904577481 ], [ 72.546379101137589, 22.987943478923242 ], [ 72.546379836113445, 22.987948167595178 ], [ 72.546400135547373, 22.988024908731965 ], [ 72.546428295040258, 22.988099517036925 ], [ 72.546464057722673, 22.988171311941006 ], [ 72.546507097369229, 22.988239638539767 ], [ 72.546557021374497, 22.988303873567205 ], [ 72.546613374334271, 22.988363431080916 ], [ 72.546675642199716, 22.988417767806848 ], [ 72.546743256966565, 22.988466388094757 ], [ 72.546806367207921, 22.988503428480744 ], [ 72.546845047383499, 22.988574111592957 ], [ 72.546892017209473, 22.988642403731344 ], [ 72.546946004855684, 22.988706148354471 ], [ 72.547006494552321, 22.988764736486349 ], [ 72.547072908412432, 22.98881760841364 ], [ 72.547566408412436, 22.989173206699007 ], [ 72.54763693127272, 22.989219164931299 ], [ 72.548219337944474, 22.989561232355587 ], [ 72.549029939512351, 22.990156269908823 ], [ 72.549115621154286, 22.990211956809016 ], [ 72.550363797491059, 22.990926486724273 ], [ 72.552372651844351, 22.992241090056439 ], [ 72.553071686985788, 22.99306024605086 ], [ 72.55312977735403, 22.993121809809917 ], [ 72.553194172047938, 22.993177807410124 ], [ 72.553264244889903, 22.993227694334937 ], [ 72.553339314487701, 22.993270985488113 ], [ 72.553418650860351, 22.993307259910598 ], [ 72.553501482536518, 22.99333616487365 ], [ 72.553587004056382, 22.993357419308591 ], [ 72.55367438380388, 22.993370816539777 ], [ 72.553762772093478, 22.993376226294121 ], [ 72.553851309432474, 22.993373595967828 ], [ 72.553939134878888, 22.993362951137875 ], [ 72.554025394413102, 22.993344395313304 ], [ 72.554109249242629, 22.993318108928779 ], [ 72.554189883958415, 22.993284347590148 ], [ 72.554266514463947, 22.993243439589079 ], [ 72.554338395599927, 22.993195782710984 ], [ 72.554404828390176, 22.993141840367123 ], [ 72.554465166838497, 22.993082137088663 ], [ 72.554707678569883, 22.992817093829224 ], [ 72.554855058050322, 22.992668420531299 ], [ 72.554910300651883, 22.992606987998698 ], [ 72.55501026809894, 22.992484216764726 ], [ 72.555234027670835, 22.992235637760668 ], [ 72.55829315745396, 22.988843650644903 ], [ 72.558346044911588, 22.988778781180212 ], [ 72.558391775160544, 22.988709454276329 ], [ 72.558429908306749, 22.988636336804849 ], [ 72.55846007753513, 22.988560132100798 ], [ 72.558481992638164, 22.988481573197298 ], [ 72.558495442807356, 22.988401415774405 ], [ 72.558500298661187, 22.988320430890152 ], [ 72.558496513489615, 22.98823939756355 ], [ 72.558484123703437, 22.988159095280992 ], [ 72.558463248484017, 22.988080296498097 ], [ 72.558434088636844, 22.988003759209125 ], [ 72.558396924659931, 22.987930219655482 ], [ 72.558352114045562, 22.987860385243376 ], [ 72.558300087841545, 22.98779492773885 ], [ 72.558241346504786, 22.987734476805617 ], [ 72.558176455087178, 22.987679613947851 ], [ 72.557910110082588, 22.987475665517298 ], [ 72.556803607295606, 22.986575890756306 ], [ 72.556735524253384, 22.986525726533227 ], [ 72.556662478512521, 22.986481875874283 ], [ 72.556585158427211, 22.986444752017054 ], [ 72.556504292631317, 22.986414704807768 ], [ 72.556420643172132, 22.986392017404235 ], [ 72.556334998329064, 22.986376903607315 ], [ 72.556248165185224, 22.986369505846028 ], [ 72.556160962021821, 22.986369893835203 ], [ 72.555150803696293, 22.986419590755673 ], [ 72.555111401989976, 22.986371422170397 ], [ 72.555058727686358, 22.986312840402235 ], [ 72.555000430599819, 22.98625896078936 ], [ 72.554937003704097, 22.986210238956193 ], [ 72.554868983351724, 22.986167086911639 ], [ 72.554796944738598, 22.986129869564909 ], [ 72.553564217392832, 22.985559958854221 ], [ 72.552739136792411, 22.985163044801546 ], [ 72.552658251699413, 22.985128720267323 ], [ 72.552574072052963, 22.985101938135312 ], [ 72.552487425342065, 22.985082961679414 ], [ 72.552373593743766, 22.985063463089368 ], [ 72.552180871732119, 22.984978442542232 ], [ 72.551970949274079, 22.984824479305903 ], [ 72.551878535554138, 22.984765027645039 ], [ 72.551070539884577, 22.984311905375748 ], [ 72.550969550281835, 22.984254568868071 ], [ 72.550938493676497, 22.984155496142098 ], [ 72.550909774709794, 22.98407837408066 ], [ 72.55087294680105, 22.98400423000675 ], [ 72.550828367865492, 22.983933784501382 ], [ 72.550776471147302, 22.98386772220152 ], [ 72.550717761009182, 22.98380668514616 ], [ 72.550652808030634, 22.983751266536345 ], [ 72.550186108030616, 22.983390764845641 ], [ 72.55012479228732, 22.983347400419472 ], [ 72.550059653119717, 22.983309050744445 ], [ 72.549991173105596, 22.983275999935131 ], [ 72.549485235543472, 22.983056830023738 ], [ 72.548672130686569, 22.982607096001182 ], [ 72.54861328414313, 22.982577246034907 ], [ 72.548552178823172, 22.982551528678528 ], [ 72.546962876192154, 22.981947723531849 ], [ 72.545075786689083, 22.981063967038647 ], [ 72.543065844265712, 22.979774884893835 ], [ 72.542564140877204, 22.979218973713323 ], [ 72.542511531637913, 22.979165594840488 ], [ 72.542454073918123, 22.979116635848076 ], [ 72.542392204140839, 22.979072468611609 ], [ 72.540740004140858, 22.977995763232563 ], [ 72.540648177653253, 22.977943257365773 ], [ 72.539854277653248, 22.977548155238441 ], [ 72.539776726447968, 22.977513871205801 ], [ 72.539695968740929, 22.977486574086694 ], [ 72.539612745179028, 22.977466514233338 ], [ 72.539527819023959, 22.977453875622377 ], [ 72.538994119827734, 22.977398435398559 ], [ 72.536573234979542, 22.9764432540398 ], [ 72.535944325595068, 22.976176670916271 ], [ 72.534648453287872, 22.975493567987069 ], [ 72.534573358495393, 22.975458184708167 ], [ 72.531792649824283, 22.974296251728973 ], [ 72.530996753369323, 22.973944496391145 ], [ 72.530917514931332, 22.973913681831377 ], [ 72.530835438623825, 22.973889986081851 ], [ 72.530751276985114, 22.973873626407102 ], [ 72.529689076985107, 22.973715625452577 ], [ 72.529612199680585, 22.973707300399244 ], [ 72.528928303747733, 22.973660631498866 ], [ 72.527901912342358, 22.973166867960721 ], [ 72.527832653491927, 22.973136934343334 ], [ 72.526319853491927, 22.972554131053371 ], [ 72.526237613624431, 22.972526698520809 ], [ 72.524412142147597, 22.972008848793589 ], [ 72.523003581850048, 22.9715423484921 ], [ 72.521678311985013, 22.970884660041122 ], [ 72.521396678152271, 22.970608833109864 ], [ 72.520786136668946, 22.96911830124029 ], [ 72.520602586628854, 22.967961080000318 ], [ 72.520583732328888, 22.96787469103921 ], [ 72.520555003242237, 22.967790639073851 ], [ 72.520516725441396, 22.96770987809154 ], [ 72.520469333375885, 22.967633324728656 ], [ 72.519390385047572, 22.966088074084141 ], [ 72.518581826098099, 22.964902869680593 ], [ 72.516719946197085, 22.961216699594271 ], [ 72.516902235116092, 22.960614467867607 ], [ 72.516920285703407, 22.960542573869379 ], [ 72.516931305824542, 22.960469484667243 ], [ 72.516935207775347, 22.960395781943539 ], [ 72.516931960501964, 22.960322052264296 ], [ 72.516921589847968, 22.960248882411033 ], [ 72.516583031439126, 22.958479466844889 ], [ 72.516587902676036, 22.957632882428477 ], [ 72.516584886476608, 22.957560632597364 ], [ 72.516575029670292, 22.957488901281881 ], [ 72.516387329670295, 22.956479500240114 ], [ 72.516371144447305, 22.956410371542589 ], [ 72.516348605925359, 22.956342768405886 ], [ 72.516336754625939, 22.956315712090102 ] ] ] } },
{ "type": "Feature", "properties": { "version": 2, "visible": null, "lon": null, "timestamp": 1416419772, "tags": { "visible": false, "name": "Asarva Lake" }, "changeset": null, "lat": null, "id": 172374564, "natural": "water", "water": null, "wetland": null, "osm_type": "way", "grassland": null, "reef": null, "Risk": "High" }, "geometry": { "type": "Polygon", "coordinates": [ [ [ 72.607196424644243, 23.044716861067965 ], [ 72.607385524644229, 23.04483486046858 ], [ 72.607462954593302, 23.044878100537488 ], [ 72.607544722724981, 23.044913946050315 ], [ 72.607629997805745, 23.044942032616966 ], [ 72.607717912951358, 23.044962074721624 ], [ 72.607807574439335, 23.044973868625121 ], [ 72.608388774439334, 23.04502296832505 ], [ 72.608469893791025, 23.045026429505292 ], [ 72.608551021365358, 23.045023135556207 ], [ 72.608631494194341, 23.045013113395189 ], [ 72.608710654660442, 23.044996444921047 ], [ 72.608787855870702, 23.044973266344762 ], [ 72.608862466943023, 23.044943767076514 ], [ 72.609142266943039, 23.044819067765303 ], [ 72.609219839127093, 23.044780048200217 ], [ 72.609292867708064, 23.044734201230298 ], [ 72.609360645405602, 23.044681970875814 ], [ 72.609422515794066, 23.044623862979581 ], [ 72.609477879659977, 23.044560440308217 ], [ 72.609526200805391, 23.044492317101962 ], [ 72.609567011240983, 23.044420153126097 ], [ 72.609689611240981, 23.044174553755273 ], [ 72.609723505119788, 23.044096393658595 ], [ 72.609748587694739, 23.044015467501481 ], [ 72.609796887694742, 23.043822967767259 ], [ 72.609812283872841, 23.043744520891821 ], [ 72.609819397073451, 23.043665074072383 ], [ 72.609818161146848, 23.043585366129147 ], [ 72.609808587586599, 23.04350613831194 ], [ 72.609765587586594, 23.043259338072165 ], [ 72.609748339382662, 23.043183360024827 ], [ 72.609723423131086, 23.043109205539405 ], [ 72.609691058505689, 23.043037528401641 ], [ 72.609651530848865, 23.042968960556671 ], [ 72.609605188655763, 23.042904106537343 ], [ 72.609476488655773, 23.042741205949479 ], [ 72.609420980812217, 23.042677770347129 ], [ 72.609358958788903, 23.04261966901116 ], [ 72.609291024633436, 23.042567465938344 ], [ 72.60914702463343, 23.042467465448485 ], [ 72.609070602580744, 23.042419859221368 ], [ 72.60898927608514, 23.042379719286636 ], [ 72.608903903461538, 23.042347469285563 ], [ 72.608815385727425, 23.042323449588483 ], [ 72.608412985727441, 23.04223464905856 ], [ 72.608330627535679, 23.042220177358551 ], [ 72.608247161829951, 23.042212834770083 ], [ 72.60816331574965, 23.042212685261731 ], [ 72.608079819747829, 23.042219730136015 ], [ 72.60769361974782, 23.042269130436289 ], [ 72.607612203128781, 23.042283091548803 ], [ 72.607532529729951, 23.042303893146318 ], [ 72.607455276735138, 23.042331358422611 ], [ 72.607381100755944, 23.042365253932648 ], [ 72.607188000755926, 23.042463954462157 ], [ 72.607113077408599, 23.042506810226516 ], [ 72.607043083320107, 23.042556221874236 ], [ 72.606978693512445, 23.042611712873164 ], [ 72.606920528959932, 23.042672748061751 ], [ 72.606869150600716, 23.042738738810424 ], [ 72.606825053926912, 23.042809048698562 ], [ 72.606788664206221, 23.042882999652413 ], [ 72.606708164206211, 23.04307060007525 ], [ 72.606679785430089, 23.043147630339945 ], [ 72.606659770570872, 23.043226854076448 ], [ 72.606648313400726, 23.043307504283558 ], [ 72.60664552484134, 23.043388800151174 ], [ 72.606650924841347, 23.043670100120682 ], [ 72.606655342017106, 23.043738660499368 ], [ 72.606665928863322, 23.043806646781199 ], [ 72.606682612298243, 23.0438735896536 ], [ 72.60676221229825, 23.044141389219991 ], [ 72.6067877485862, 23.044213960793765 ], [ 72.606820445985065, 23.044284057214171 ], [ 72.60686002606063, 23.044351081580356 ], [ 72.606931926060625, 23.044460481232893 ], [ 72.606986374993141, 23.044534065172996 ], [ 72.607049107379197, 23.04460183434341 ], [ 72.607119395659865, 23.044663002778762 ], [ 72.607196424644243, 23.044716861067965 ] ] ] } },
{ "type": "Feature", "properties": { "version": 2, "visible": null, "lon": null, "timestamp": 1641497291, "tags": { "visible": false, "addr:city": "Ahmedabad", "addr:postcode": "382415", "name": "Odhav Talav", "name:en": "Odhav Lake" }, "changeset": null, "lat": null, "id": 172636934, "natural": "water", "water": null, "wetland": null, "osm_type": "way", "grassland": null, "reef": null, "Risk": "High" }, "geometry": { "type": "Polygon", "coordinates": [ [ [ 72.664378457764016, 23.02657942523226 ], [ 72.664575257764014, 23.026696324629903 ], [ 72.664663325319864, 23.026742381324286 ], [ 72.664756466950195, 23.026779020565776 ], [ 72.664853498396539, 23.026805776508937 ], [ 72.66507889839653, 23.026855376213096 ], [ 72.665165968450196, 23.026870402809489 ], [ 72.665254223315131, 23.026877463657794 ], [ 72.665342804713191, 23.026876490092558 ], [ 72.665430851190678, 23.026867491581527 ], [ 72.665724551190664, 23.026823891845503 ], [ 72.665807524041256, 23.026807844620667 ], [ 72.665888483459952, 23.026784669691221 ], [ 72.665966708256747, 23.026754573496834 ], [ 72.66604150160174, 23.026717824131168 ], [ 72.666112197232621, 23.02667474895388 ], [ 72.666339097232637, 23.026521849710448 ], [ 72.666408784864871, 23.026469773854448 ], [ 72.66647247724832, 23.026411557060097 ], [ 72.666529538371464, 23.0263477806539 ], [ 72.666579398440376, 23.026279081478972 ], [ 72.666710898440385, 23.026076682115963 ], [ 72.666755103382314, 23.025999711342084 ], [ 72.666790268279158, 23.025918889082941 ], [ 72.666816003176379, 23.025835111595729 ], [ 72.666861603176386, 23.025649911846738 ], [ 72.66687578689347, 23.025577484642646 ], [ 72.66688291602091, 23.025504183509437 ], [ 72.666882934067871, 23.025430589280738 ], [ 72.666875840891279, 23.025357285113607 ], [ 72.666846340891283, 23.025154884948588 ], [ 72.666828905790823, 23.025069555213264 ], [ 72.666801843215282, 23.02498637882568 ], [ 72.666765451643897, 23.024906273161825 ], [ 72.666720132447523, 23.024830121731377 ], [ 72.666666385461838, 23.024758764433059 ], [ 72.666604803474456, 23.024692988290827 ], [ 72.66648410347446, 23.024576987798827 ], [ 72.666416130903585, 23.024518114472812 ], [ 72.666341887474772, 23.024466050246087 ], [ 72.666262174746578, 23.024421357230832 ], [ 72.666177853326133, 23.024384517956349 ], [ 72.666089833577601, 23.024355930159189 ], [ 72.665899333577599, 23.024304129854542 ], [ 72.665882847263077, 23.02429980391652 ], [ 72.665609247263092, 23.024230603507338 ], [ 72.665527346439916, 23.024213632825521 ], [ 72.665444081894833, 23.024203772781195 ], [ 72.665360180827832, 23.024201109489699 ], [ 72.665276375997948, 23.024205666211607 ], [ 72.665193399323798, 23.02421740314956 ], [ 72.664874299323785, 23.024276703506004 ], [ 72.664787298294186, 23.024297083334538 ], [ 72.664702941942664, 23.024325353386729 ], [ 72.664622072769063, 23.024361231313669 ], [ 72.664545498445392, 23.024404358782579 ], [ 72.664473983749346, 23.024454305055851 ], [ 72.664408242926129, 23.024510571293263 ], [ 72.664217742926127, 23.024690772063863 ], [ 72.664154597679627, 23.024757267040876 ], [ 72.664099519295618, 23.024829581444646 ], [ 72.664053136215813, 23.02490689016264 ], [ 72.663927136215818, 23.025146290802642 ], [ 72.663894875714021, 23.025215442934869 ], [ 72.663869581377483, 23.025287008362628 ], [ 72.663851462792792, 23.025360394097898 ], [ 72.663840670088888, 23.025434992070664 ], [ 72.663837292693131, 23.025510184167384 ], [ 72.663841358590318, 23.025585347352685 ], [ 72.663865458590323, 23.025817447217282 ], [ 72.663878226125078, 23.025898136932941 ], [ 72.663899568302355, 23.025977276633071 ], [ 72.663929277513589, 23.02605409648017 ], [ 72.663967064758836, 23.026127849204574 ], [ 72.664012562458197, 23.026197817373451 ], [ 72.664118462458191, 23.026343816876345 ], [ 72.664173277349633, 23.026411609273627 ], [ 72.664235325151608, 23.026473897909536 ], [ 72.664303957631347, 23.026530032043336 ], [ 72.664378457764016, 23.02657942523226 ] ] ] } },
{ "type": "Feature", "properties": { "version": 1, "visible": null, "lon": null, "timestamp": 1343121051, "tags": { "visible": false }, "changeset": null, "lat": null, "id": 172772866, "natural": "water", "water": null, "wetland": null, "osm_type": "way", "grassland": null, "reef": null, "Risk": "High" }, "geometry": { "type": "Polygon", "coordinates": [ [ [ 72.659223448416682, 22.980339521928141 ], [ 72.659166503798787, 22.980396864819792 ], [ 72.659109790740871, 22.980459987148052 ], [ 72.659060138893338, 22.980527965141579 ], [ 72.659018035400322, 22.980600131847982 ], [ 72.658983893347553, 22.980675779219251 ], [ 72.658958047709461, 22.980754165058819 ], [ 72.658940752062762, 22.980834520303556 ], [ 72.658932176098475, 22.980916056569413 ], [ 72.658932403957081, 22.980997973886502 ], [ 72.658941433403015, 22.981079468547787 ], [ 72.65895917584659, 22.981159740994467 ], [ 72.658985457213163, 22.981238003660504 ], [ 72.659020019651038, 22.981313488699499 ], [ 72.65906252406127, 22.981385455517998 ], [ 72.659112553424663, 22.981453198041443 ], [ 72.659169616893223, 22.981516051641307 ], [ 72.659233154605886, 22.981573399655694 ], [ 72.659302543181596, 22.981624679439189 ], [ 72.659377101835204, 22.981669387882828 ], [ 72.65945609905701, 22.981707086349925 ], [ 72.659538759789598, 22.981737404979331 ], [ 72.659624273032065, 22.981760046314015 ], [ 72.659711799797066, 22.981774788219251 ], [ 72.659717075238561, 22.981775186657028 ], [ 72.659832329528044, 22.981877035770708 ], [ 72.659899863210882, 22.981931031807655 ], [ 72.659972894893542, 22.981978577099351 ], [ 72.66005070049745, 22.982019200261202 ], [ 72.660132508612705, 22.982052498538003 ], [ 72.660217508146118, 22.982078141796812 ], [ 72.660304856362956, 22.982095875799885 ], [ 72.660393687242262, 22.982105524725149 ], [ 72.66048312006312, 22.982106992909301 ], [ 72.660802320063098, 22.98209759296682 ], [ 72.660887382053446, 22.982091354962851 ], [ 72.660971417365701, 22.982077714754531 ], [ 72.661053667732517, 22.982056795417968 ], [ 72.661077913666176, 22.982048276931732 ], [ 72.661152109150152, 22.982046284326998 ], [ 72.661234025651112, 22.982037110010239 ], [ 72.661314682067413, 22.982021054030952 ], [ 72.66139339777979, 22.98199825187509 ], [ 72.661599997779788, 22.981928652275201 ], [ 72.661607272840342, 22.981926168594782 ], [ 72.662205372840361, 22.981719269780367 ], [ 72.662289874397885, 22.981685388270762 ], [ 72.662370160179535, 22.981643713790696 ], [ 72.662445385020533, 22.981594685038555 ], [ 72.662514757032369, 22.981538818130097 ], [ 72.662577545939016, 22.981476701165644 ], [ 72.662633090764501, 22.981408988039529 ], [ 72.662680806790945, 22.981336391556923 ], [ 72.662720191713916, 22.981259675930474 ], [ 72.662808691713906, 22.981061576391735 ], [ 72.662838021965385, 22.980985585887961 ], [ 72.66285917344787, 22.980907326665221 ], [ 72.662871945035121, 22.980827542875282 ], [ 72.662876215284072, 22.980746993168044 ], [ 72.662871943589579, 22.980666443477748 ], [ 72.662867605787824, 22.980625639346336 ], [ 72.662876368137219, 22.980603310611443 ], [ 72.662892420647083, 22.980558432458949 ], [ 72.662943420647082, 22.980400832734389 ], [ 72.662965821782578, 22.980315170298873 ], [ 72.662978196785133, 22.980227799897634 ], [ 72.662980405192442, 22.980139713224993 ], [ 72.662969705192467, 22.979813813164721 ], [ 72.662967739437406, 22.979785996067349 ], [ 72.66300158387503, 22.979749180460335 ], [ 72.6630504379348, 22.979684413190057 ], [ 72.66309237006584, 22.979615656817437 ], [ 72.663156770065839, 22.979497157141985 ], [ 72.663199381322869, 22.979405260034593 ], [ 72.663306681322865, 22.979128660604022 ], [ 72.663332863423435, 22.979048602715334 ], [ 72.663350132010493, 22.978966520168978 ], [ 72.663358310599051, 22.978883251845978 ], [ 72.663357315603889, 22.978799648747504 ], [ 72.663347157193868, 22.97871656529772 ], [ 72.66332793918798, 22.978634850611517 ], [ 72.663299857994289, 22.978555339816541 ], [ 72.663263200602742, 22.978478845518001 ], [ 72.663218341651998, 22.978406149493694 ], [ 72.66312984165198, 22.978278249073089 ], [ 72.66307776741678, 22.978210710263895 ], [ 72.663018616817581, 22.978148305340984 ], [ 72.662952983094897, 22.978091660191048 ], [ 72.662881524510567, 22.978041342934198 ], [ 72.662804957745877, 22.977997858225816 ], [ 72.662724050713678, 22.977961642194906 ], [ 72.662639614856801, 22.977933058069738 ], [ 72.662552497009756, 22.977912392534666 ], [ 72.662463570905658, 22.977899852854698 ], [ 72.662373728413172, 22.977895564796619 ], [ 72.662054528413165, 22.977895064793557 ], [ 72.661970156150133, 22.977898587997156 ], [ 72.661886516196489, 22.97790939076814 ], [ 72.661804347898951, 22.977927377612211 ], [ 72.661724377595249, 22.977952389529413 ], [ 72.661647312193736, 22.977984205419684 ], [ 72.661573832924432, 22.978022544037479 ], [ 72.661504589317261, 22.978067066478001 ], [ 72.66144019346045, 22.978117379173227 ], [ 72.661381214589895, 22.978173037371079 ], [ 72.661328174057289, 22.978233549067113 ], [ 72.661014622344169, 22.978627846362627 ], [ 72.66085805370659, 22.978781308805218 ], [ 72.660555470944729, 22.978890616498504 ], [ 72.660484800751874, 22.97891943455523 ], [ 72.660417082911337, 22.97895373880413 ], [ 72.659727682911353, 22.979339440821661 ], [ 72.659657020981669, 22.979383331157887 ], [ 72.659591195747836, 22.979433189884443 ], [ 72.65953079989238, 22.979488568072963 ], [ 72.659476377212386, 22.979548967098367 ], [ 72.659428417723177, 22.9796138431287 ], [ 72.659387353246288, 22.97968261202189 ], [ 72.659353553521356, 22.979754654585587 ], [ 72.659327322877076, 22.979829322152423 ], [ 72.659308897491073, 22.979905942420746 ], [ 72.659298443263268, 22.979983825508079 ], [ 72.659296054322311, 22.980062270162804 ], [ 72.659297428624484, 22.980127371372824 ], [ 72.659273466336131, 22.980175658352387 ], [ 72.6592442261624, 22.98025496388216 ], [ 72.659223847995378, 22.980336585290242 ], [ 72.659223448416682, 22.980339521928141 ] ] ] } },
{ "type": "Feature", "properties": { "version": 3, "visible": null, "lon": null, "timestamp": 1731468680, "tags": { "visible": false }, "changeset": null, "lat": null, "id": 172773047, "natural": "water", "water": null, "wetland": null, "osm_type": "way", "grassland": null, "reef": null, "Risk": "High" }, "geometry": { "type": "Polygon", "coordinates": [ [ [ 72.63981010668941, 22.987724935033107 ], [ 72.640040027337037, 22.987949562910394 ], [ 72.640038316613484, 22.987960775490365 ], [ 72.640030431642757, 22.98803989834553 ], [ 72.64003083135708, 22.988119352568557 ], [ 72.640052331357083, 22.988494652447528 ], [ 72.640062314904895, 22.988581454000794 ], [ 72.640082181219327, 22.988666803262475 ], [ 72.640111708975382, 22.988749749383992 ], [ 72.640150569212565, 22.988829368291078 ], [ 72.640198328999887, 22.988904772978437 ], [ 72.640423628999869, 22.989220871916597 ], [ 72.640474041287177, 22.989284732599373 ], [ 72.640530838418286, 22.989343877179898 ], [ 72.640593502821943, 22.989397766702012 ], [ 72.640661463460589, 22.989445910096986 ], [ 72.64073410103407, 22.98948786865822 ], [ 72.640810753623029, 22.989523260038791 ], [ 72.640890722720755, 22.989551761735406 ], [ 72.640973279598441, 22.989573114027067 ], [ 72.641057671945774, 22.989587122341657 ], [ 72.641143130726491, 22.989593659028891 ], [ 72.641228877186322, 22.989592664523443 ], [ 72.641397877186321, 22.98958326458089 ], [ 72.641481154676157, 22.989575031571075 ], [ 72.64156323725031, 22.989559694255803 ], [ 72.641643411351751, 22.989537385962425 ], [ 72.641720980014071, 22.989508300617153 ], [ 72.641795268920404, 22.989472691059294 ], [ 72.641865632265294, 22.989430866843449 ], [ 72.64193145836883, 22.989383191548683 ], [ 72.641992174994073, 22.989330079618071 ], [ 72.642047254321639, 22.989271992756056 ], [ 72.642096217538025, 22.989209435915022 ], [ 72.642205974722643, 22.989054453054354 ], [ 72.642279251905762, 22.988987006805637 ], [ 72.642340210409884, 22.988924909627912 ], [ 72.642394038450291, 22.988857458160915 ], [ 72.642440184650511, 22.988785343322405 ], [ 72.642478176321447, 22.988709303799023 ], [ 72.642714176321448, 22.988166105034196 ], [ 72.642742763569487, 22.988089665182152 ], [ 72.642763106718277, 22.988011020920975 ], [ 72.642764720697372, 22.988000161707145 ], [ 72.642905713172922, 22.987808327696481 ], [ 72.64295089019555, 22.987739949078296 ], [ 72.642988675696046, 22.987667870415958 ], [ 72.643018715777018, 22.987592766789817 ], [ 72.643040729084362, 22.987515341612824 ], [ 72.643054509442337, 22.987436320042566 ], [ 72.643059927784677, 22.987356442189601 ], [ 72.643056933363454, 22.987276456185665 ], [ 72.643045554224287, 22.987197111176791 ], [ 72.642981254224296, 22.986871210820187 ], [ 72.642961372764873, 22.986792523720109 ], [ 72.642933246204365, 22.986715997895161 ], [ 72.642844746204361, 22.986509097431007 ], [ 72.642798640377777, 22.986417981113178 ], [ 72.642629640377805, 22.986130980275732 ], [ 72.642584007651962, 22.986061796476278 ], [ 72.642531247101047, 22.985997050646795 ], [ 72.642471864119642, 22.985937362995934 ], [ 72.642147264119643, 22.985641561708825 ], [ 72.642076242710161, 22.98558335975941 ], [ 72.641998936700304, 22.985532394687326 ], [ 72.641916212198737, 22.98548923749539 ], [ 72.641828996021076, 22.985454371708951 ], [ 72.641738265306003, 22.985428187958288 ], [ 72.641645036567823, 22.985410979601845 ], [ 72.641347336567833, 22.985370979359502 ], [ 72.641259668501945, 22.985363216640817 ], [ 72.641171596063558, 22.985363394456705 ], [ 72.641083965825999, 22.985371511097934 ], [ 72.640652165826026, 22.985431311459983 ], [ 72.640564953319796, 22.985447490865734 ], [ 72.640479906913015, 22.985471532601835 ], [ 72.640397860754362, 22.985503200858982 ], [ 72.640319619565659, 22.985542185024624 ], [ 72.640245950748962, 22.985588102729718 ], [ 72.640177576859713, 22.985640503599257 ], [ 72.640115168519984, 22.98569887366995 ], [ 72.640059337840654, 22.985762640431506 ], [ 72.63980183784065, 22.986088541605234 ], [ 72.639754850679978, 22.986154390052551 ], [ 72.63971488330256, 22.986224055904415 ], [ 72.639682298450111, 22.986296906872003 ], [ 72.639657391860936, 22.986372281759362 ], [ 72.63964038958585, 22.986449496464541 ], [ 72.639567989585856, 22.986883596867909 ], [ 72.639558772535466, 22.986966586294855 ], [ 72.639558684465939, 22.987050008281152 ], [ 72.639566684465933, 22.987198708236107 ], [ 72.639575721967887, 22.987281687648352 ], [ 72.639593791658868, 22.987363407154682 ], [ 72.639620709781994, 22.987443035724272 ], [ 72.639656202597564, 22.987519763591099 ], [ 72.639699909166879, 22.987592810488579 ], [ 72.639751385022734, 22.987661433584147 ], [ 72.63981010668941, 22.987724935033107 ] ] ] } },
{ "type": "Feature", "properties": { "version": 1, "visible": null, "lon": null, "timestamp": 1343121258, "tags": { "visible": false }, "changeset": null, "lat": null, "id": 172773096, "natural": "water", "water": null, "wetland": null, "osm_type": "way", "grassland": null, "reef": null, "Risk": "High" }, "geometry": { "type": "Polygon", "coordinates": [ [ [ 72.628994935835038, 22.993711130511279 ], [ 72.629703035835036, 22.993671630752754 ], [ 72.629790955620621, 22.993662710278716 ], [ 72.629877496200081, 22.993645873542665 ], [ 72.629961818539442, 22.993621283778321 ], [ 72.630043105111184, 22.99358917938584 ], [ 72.630120567820327, 22.993549871620619 ], [ 72.630193455645284, 22.993503741575811 ], [ 72.630261061919185, 22.993451236487747 ], [ 72.630322731181195, 22.993392865400118 ], [ 72.630377865531401, 22.993329194228942 ], [ 72.630425930427577, 22.99326084027615 ], [ 72.630466459867776, 22.993188466244938 ], [ 72.630681059867783, 22.992753967346303 ], [ 72.630713110875561, 22.992679756939491 ], [ 72.630737236312129, 22.992603046519843 ], [ 72.63075321117698, 22.992524551506293 ], [ 72.630760886484111, 22.992445003962583 ], [ 72.6307601906515, 22.992365145769902 ], [ 72.630751130168633, 22.992285721707944 ], [ 72.630689930168643, 22.99192022136695 ], [ 72.630672209458766, 22.991840603982915 ], [ 72.630646084721931, 22.991762972321396 ], [ 72.630611808286162, 22.991688076198535 ], [ 72.630569711213326, 22.991616639010093 ], [ 72.630520200101657, 22.991549350744314 ], [ 72.630463753158452, 22.99148686131737 ], [ 72.630400915581362, 22.991429774295806 ], [ 72.630332294292558, 22.99137864106671 ], [ 72.630258552076597, 22.991333955511784 ], [ 72.630180401179061, 22.991296149236899 ], [ 72.629833901179055, 22.991148048414274 ], [ 72.629757480504267, 22.991119237261856 ], [ 72.629678508663417, 22.991097008225225 ], [ 72.629597653040719, 22.991081549163336 ], [ 72.629515596940038, 22.991072990721729 ], [ 72.629433033810415, 22.991071405228357 ], [ 72.629350661385701, 22.991076806082347 ], [ 72.628985861385701, 22.991116306322596 ], [ 72.628903532213911, 22.991128813011372 ], [ 72.628822818818364, 22.991148298061912 ], [ 72.628744417607123, 22.991174593351129 ], [ 72.628669005038276, 22.991207471995175 ], [ 72.628597231783488, 22.991246650307193 ], [ 72.62852971711385, 22.99129179024515 ], [ 72.628422417113839, 22.99137079062297 ], [ 72.628355455472928, 22.991425336996461 ], [ 72.628294715988204, 22.9914857411129 ], [ 72.628240800417259, 22.991551404529822 ], [ 72.628194242911846, 22.991621676700134 ], [ 72.628155504726024, 22.991695861417497 ], [ 72.628124969646308, 22.991773223714031 ], [ 72.628102940189564, 22.991852997142015 ], [ 72.628089634605772, 22.991934391367408 ], [ 72.628085184715871, 22.9920166 ], [ 72.628085184715871, 22.99244946389285 ], [ 72.628046741046049, 22.992803432576416 ], [ 72.628042290165425, 22.99288281956958 ], [ 72.628046140169431, 22.992962233132836 ], [ 72.628058255481946, 22.993040939441102 ], [ 72.628078524150652, 22.993118211205996 ], [ 72.628106758881771, 22.993193334396306 ], [ 72.628142698770603, 22.993265614835945 ], [ 72.628186011712501, 22.993334384618365 ], [ 72.628236297471673, 22.993399008278182 ], [ 72.628293091379646, 22.99345888866306 ], [ 72.628355868628958, 22.993513472451436 ], [ 72.628424049122771, 22.993562255265328 ], [ 72.628497002835218, 22.993604786330803 ], [ 72.628574055633266, 22.993640672643128 ], [ 72.628654495505998, 22.993669582598148 ], [ 72.628737579144087, 22.993691249056276 ], [ 72.628822538808294, 22.99370547181087 ], [ 72.628908589423858, 22.99371211943809 ], [ 72.628994935835038, 22.993711130511279 ] ] ] } },
{ "type": "Feature", "properties": { "version": 1, "visible": null, "lon": null, "timestamp": 1344249905, "tags": { "visible": false }, "changeset": null, "lat": null, "id": 174744590, "natural": "water", "water": null, "wetland": null, "osm_type": "way", "grassland": null, "reef": null, "Risk": "High" }, "geometry": { "type": "Polygon", "coordinates": [ [ [ 72.481334182936664, 23.030883965060724 ], [ 72.481409082936679, 23.030943364784726 ], [ 72.481474662401098, 23.03099067756731 ], [ 72.481544723498374, 23.031032194440634 ], [ 72.481618663376253, 23.031067558171429 ], [ 72.481695845806897, 23.031096464471599 ], [ 72.481775606661344, 23.031118664616354 ], [ 72.481857259624249, 23.031133967584246 ], [ 72.481977959624245, 23.031151267479391 ], [ 72.482063613423023, 23.031159697379778 ], [ 72.482149750780593, 23.031160538298 ], [ 72.482235579622639, 23.031153782501551 ], [ 72.482320310711813, 23.031139492112079 ], [ 72.482403164905108, 23.031117798534204 ], [ 72.482483380318513, 23.031088901247251 ], [ 72.482585280318517, 23.03104690148237 ], [ 72.482657708524201, 23.031013359130096 ], [ 72.482726555307124, 23.030973943240916 ], [ 72.482791259783184, 23.03092897492499 ], [ 72.482851294815035, 23.03087882052689 ], [ 72.482906171306524, 23.030823888641198 ], [ 72.482955442187361, 23.030764626783952 ], [ 72.483022742187373, 23.030675627095778 ], [ 72.483067177199132, 23.030610619634796 ], [ 72.48310486548985, 23.030542097849011 ], [ 72.483135481810351, 23.03047065307512 ], [ 72.483158761942406, 23.030396901875889 ], [ 72.48317450497899, 23.030321480719397 ], [ 72.483182575058009, 23.03024504048641 ], [ 72.483182902534821, 23.030168240853385 ], [ 72.483175484583356, 23.030091744599513 ], [ 72.483160385220359, 23.03001621188697 ], [ 72.483133585220344, 23.029910111739614 ], [ 72.483110880775641, 23.029836045172338 ], [ 72.483080791049815, 23.029764242423084 ], [ 72.483043576779821, 23.02969532568935 ], [ 72.482999560438998, 23.029629892161211 ], [ 72.482949123442808, 23.029568508846239 ], [ 72.482892702843699, 23.029511707656059 ], [ 72.482830787543918, 23.029459980796943 ], [ 72.482763914059007, 23.029413776504484 ], [ 72.482653714059012, 23.029344776154577 ], [ 72.482574056950938, 23.029300279399386 ], [ 72.4824898197854, 23.029263616135275 ], [ 72.482401908952099, 23.029235180864504 ], [ 72.482311270369223, 23.02921527955511 ], [ 72.482218879305506, 23.029204126348478 ], [ 72.482125729886363, 23.029201841254991 ], [ 72.482026729886357, 23.029204141269087 ], [ 72.481934845905769, 23.029210627459388 ], [ 72.48184416746156, 23.029225742844783 ], [ 72.481755648829221, 23.029249328352179 ], [ 72.481670221554992, 23.029281135769686 ], [ 72.481588784652445, 23.029320830358937 ], [ 72.481512195141576, 23.029367994378024 ], [ 72.481441259029751, 23.029422131477979 ], [ 72.481374159029755, 23.029478931734396 ], [ 72.481312133778701, 23.029536872345695 ], [ 72.481256595228572, 23.029600141630873 ], [ 72.481208080950424, 23.029668127184166 ], [ 72.48113538095042, 23.029781827537853 ], [ 72.481093291098986, 23.029856005769911 ], [ 72.481059565186357, 23.029933719815151 ], [ 72.481034548769827, 23.030014173406453 ], [ 72.481018498168737, 23.03009654220844 ], [ 72.481011577838302, 23.030179982263824 ], [ 72.481013858684534, 23.03026363864074 ], [ 72.481025317337796, 23.030346654192467 ], [ 72.481036317337797, 23.03040325413134 ], [ 72.481055914699951, 23.030481787615905 ], [ 72.481083726451914, 23.030558192256592 ], [ 72.481119488385914, 23.030631742224188 ], [ 72.481162860768578, 23.030701738809483 ], [ 72.481213431568293, 23.030767517060717 ], [ 72.481270720369537, 23.030828452100273 ], [ 72.481334182936664, 23.030883965060724 ] ] ] } },
{ "type": "Feature", "properties": { "version": 2, "visible": null, "lon": null, "timestamp": 1692047393, "tags": { "visible": false, "name": "Thaltej Lake" }, "changeset": null, "lat": null, "id": 174746368, "natural": "water", "water": "lake", "wetland": null, "osm_type": "way", "grassland": null, "reef": null, "Risk": "High" }, "geometry": { "type": "Polygon", "coordinates": [ [ [ 72.507657859320076, 23.050711072498419 ], [ 72.507638842284976, 23.050732869110671 ], [ 72.507591920322739, 23.05079858315969 ], [ 72.507551996332694, 23.050868102252394 ], [ 72.507519431569406, 23.050940797335745 ], [ 72.507494520697108, 23.051016010619332 ], [ 72.507477489123318, 23.051093061527641 ], [ 72.507468490959241, 23.051171252858371 ], [ 72.507467607625287, 23.051249877091237 ], [ 72.507474847114381, 23.051328222790037 ], [ 72.507490143919554, 23.051405581040143 ], [ 72.507513359626756, 23.051481251863109 ], [ 72.507545559626763, 23.051569851690608 ], [ 72.507579719011261, 23.051649775129871 ], [ 72.507622706430467, 23.051726005790318 ], [ 72.507674057830442, 23.051797720760614 ], [ 72.507737716159539, 23.051877293382656 ], [ 72.507743455330967, 23.05189012621819 ], [ 72.507780286560489, 23.051954447116632 ], [ 72.507799998597946, 23.052000701233379 ], [ 72.507841161573424, 23.052074510967117 ], [ 72.507890157905877, 23.052144152242004 ], [ 72.507946494042343, 23.052208923550094 ], [ 72.508009602494027, 23.052268172440385 ], [ 72.508078847552895, 23.052321302090846 ], [ 72.508153531695157, 23.052367777320026 ], [ 72.508232902607787, 23.052407129977794 ], [ 72.50831616076664, 23.052438963660844 ], [ 72.508402467490299, 23.052462957705519 ], [ 72.508468167490321, 23.052477957616134 ], [ 72.508560797144298, 23.052494409484542 ], [ 72.508654791095239, 23.052501831976812 ], [ 72.508749112700457, 23.052500143233082 ], [ 72.508842721703601, 23.052489361877871 ], [ 72.508878796641355, 23.052481604077073 ], [ 72.508932533240582, 23.052501316380511 ], [ 72.509020623542327, 23.052528858317682 ], [ 72.509111337252818, 23.052547868996935 ], [ 72.509203701346522, 23.052558144507014 ], [ 72.509296725095339, 23.052559574631374 ], [ 72.509389410695462, 23.052552144030305 ], [ 72.509480763970174, 23.052535932405458 ], [ 72.509569805033735, 23.052511113645004 ], [ 72.509689205033723, 23.052471513873712 ], [ 72.509773119854543, 23.052439177093774 ], [ 72.509853049801734, 23.052399196352784 ], [ 72.509928175069717, 23.05235198170864 ], [ 72.509997725132379, 23.05229801741341 ], [ 72.510060986645968, 23.052237856946871 ], [ 72.510117310765537, 23.052172117340049 ], [ 72.510182910765536, 23.0520870176423 ], [ 72.510229924917212, 23.052019273429828 ], [ 72.510269566016774, 23.051947647764482 ], [ 72.510301459219363, 23.051872817930462 ], [ 72.510325302943926, 23.051795491511395 ], [ 72.510340871725035, 23.051716399699572 ], [ 72.510348018344828, 23.051636290382028 ], [ 72.510346675225094, 23.05155592106858 ], [ 72.510336855066342, 23.051476051728915 ], [ 72.510334764448658, 23.05146422891762 ], [ 72.510335385964254, 23.051452834464879 ], [ 72.510335648281227, 23.051375092581367 ], [ 72.510327971973908, 23.0512976718204 ], [ 72.510312424945184, 23.051221257029638 ], [ 72.510289144720574, 23.051146524159304 ], [ 72.510258337231633, 23.051074134282782 ], [ 72.510220274994452, 23.051004727748818 ], [ 72.510175294698968, 23.050938918516962 ], [ 72.510123794230694, 23.050877288726454 ], [ 72.510066229151093, 23.050820383546586 ], [ 72.510003108667817, 23.050768706353956 ], [ 72.509979619372288, 23.050752846689218 ], [ 72.50997076338929, 23.050741904754194 ], [ 72.509858163389282, 23.050608404251719 ], [ 72.509814868178253, 23.05056093428005 ], [ 72.509762063419586, 23.050477673961158 ], [ 72.50971038755435, 23.050405209057477 ], [ 72.509650749510797, 23.05033812150409 ], [ 72.509583804987471, 23.050277148912748 ], [ 72.509519404987472, 23.050224348670753 ], [ 72.509458258065806, 23.05017848456291 ], [ 72.509391258065804, 23.0501325843369 ], [ 72.509309036091508, 23.050082466733762 ], [ 72.509221338879442, 23.050040945051261 ], [ 72.509129223507841, 23.050008519788566 ], [ 72.50903380031022, 23.049985581797625 ], [ 72.508954700310241, 23.049970781708588 ], [ 72.508868843165274, 23.049958660631805 ], [ 72.508782115155071, 23.04995422637478 ], [ 72.508695327164773, 23.049957520397449 ], [ 72.508609290640337, 23.049968511900975 ], [ 72.508524810001674, 23.049987098115679 ], [ 72.508442675121572, 23.050013105262021 ], [ 72.508363653940577, 23.050046290175491 ], [ 72.508288485286869, 23.05008634258029 ], [ 72.508217871968554, 23.050132887990539 ], [ 72.508152474202433, 23.050185491211838 ], [ 72.508130378593634, 23.05020706696488 ], [ 72.508056660140227, 23.050242967394126 ], [ 72.507982837221604, 23.050287999289402 ], [ 72.507914192516566, 23.050339501736094 ], [ 72.507851393345902, 23.0503969740526 ], [ 72.50779505020374, 23.050459857521822 ], [ 72.507745710822803, 23.050527540822966 ], [ 72.507703854849666, 23.050599365974698 ], [ 72.507669889181784, 23.05067463473187 ], [ 72.507657859320076, 23.050711072498419 ] ] ] } },
{ "type": "Feature", "properties": { "version": 4, "visible": null, "lon": null, "timestamp": 1632407478, "tags": { "visible": false, "name": "Thaltej Lake" }, "changeset": null, "lat": null, "id": 174746375, "natural": "water", "water": "lake", "wetland": null, "osm_type": "way", "grassland": null, "reef": null, "Risk": "High" }, "geometry": { "type": "Polygon", "coordinates": [ [ [ 72.510374132598201, 23.051374632937002 ], [ 72.510372146753355, 23.05142626490883 ], [ 72.51037329145106, 23.051506429137344 ], [ 72.510382870679663, 23.051586114220466 ], [ 72.510393270679657, 23.051645914162464 ], [ 72.510411802589744, 23.051726499739608 ], [ 72.510438958914108, 23.051804988000846 ], [ 72.510474469983109, 23.051880599540844 ], [ 72.510517983162202, 23.051952583522002 ], [ 72.510569066353767, 23.052020225130292 ], [ 72.510677566353792, 23.052149624645022 ], [ 72.5107430512045, 23.052218668761242 ], [ 72.51076230010851, 23.052251243727586 ], [ 72.510806002165239, 23.052317580544027 ], [ 72.510856270168219, 23.05237985550507 ], [ 72.510912661383799, 23.052437520132155 ], [ 72.510974679148291, 23.052490066552309 ], [ 72.511041777242383, 23.052537031971013 ], [ 72.511113364701927, 23.052578002748021 ], [ 72.511188811022905, 23.052612618040243 ], [ 72.511267451714446, 23.052640572979708 ], [ 72.511348594151386, 23.052661621358482 ], [ 72.511431523674531, 23.052675577796958 ], [ 72.51154442367455, 23.052689577711771 ], [ 72.511623144416959, 23.052696110787544 ], [ 72.511702184549975, 23.052696251432916 ], [ 72.511780932164285, 23.052689998559057 ], [ 72.511858777615245, 23.052677400573295 ], [ 72.511869981126921, 23.052675115813017 ], [ 72.511904041300824, 23.052696814564857 ], [ 72.511982047977028, 23.052736611080952 ], [ 72.512063959186108, 23.052769093375847 ], [ 72.512148967395206, 23.052793941223815 ], [ 72.51223623453933, 23.05281090966324 ], [ 72.51232490028346, 23.052819831411444 ], [ 72.512451300283459, 23.052826731369166 ], [ 72.512540338286342, 23.052827524075585 ], [ 72.512629024176974, 23.052820202077612 ], [ 72.512716486613783, 23.052804837312799 ], [ 72.512801866275694, 23.052781580737697 ], [ 72.512884324304935, 23.052750660844843 ], [ 72.512963050548862, 23.052712381417969 ], [ 72.51303727151975, 23.052667118547507 ], [ 72.513057428505846, 23.052651982765699 ], [ 72.513058034379199, 23.05265171700329 ], [ 72.513137428866841, 23.052607081291619 ], [ 72.513211379991546, 23.05255512866184 ], [ 72.51327909445429, 23.052496416419455 ], [ 72.513339845858894, 23.05243157438235 ], [ 72.513382740171537, 23.052380683991757 ], [ 72.513383377875996, 23.052380301577649 ], [ 72.513453399634713, 23.052333749414611 ], [ 72.513518238071654, 23.05228122371355 ], [ 72.513577293581662, 23.052223210208687 ], [ 72.513630020038221, 23.052160245383696 ], [ 72.51367592984387, 23.052092911510652 ], [ 72.513714598439392, 23.05202183126567 ], [ 72.513745668229944, 23.051947661970768 ], [ 72.513768851892024, 23.051871089515405 ], [ 72.513783935030531, 23.05179282201372 ], [ 72.513790778161408, 23.051713583256277 ], [ 72.513794078161411, 23.05161628327491 ], [ 72.513792884980191, 23.051540723253009 ], [ 72.513784197374193, 23.051465579219276 ], [ 72.513768087953778, 23.051391479223032 ], [ 72.513744691360259, 23.051319042588645 ], [ 72.513705091360265, 23.051214242377359 ], [ 72.513653027911076, 23.051103339543968 ], [ 72.513590427911069, 23.050992939230458 ], [ 72.513548597656964, 23.050926821827453 ], [ 72.513406888755398, 23.050724941069952 ], [ 72.513312575382628, 23.0505827831382 ], [ 72.51319174342872, 23.050395945137943 ], [ 72.513085539858395, 23.050185228562611 ], [ 72.513039329035522, 23.05010532189533 ], [ 72.512983900194499, 23.050030543584629 ], [ 72.512919917996129, 23.04996179032479 ], [ 72.512848149666638, 23.04989988656283 ], [ 72.512740949666636, 23.049817086173505 ], [ 72.512677934035409, 23.049772629555068 ], [ 72.512610898140068, 23.049733467070958 ], [ 72.512540365759364, 23.049699904718363 ], [ 72.51246688799155, 23.049672204737902 ], [ 72.512391038948351, 23.049650583564482 ], [ 72.512206838948359, 23.049606183300824 ], [ 72.512124248166955, 23.049590049524983 ], [ 72.512040376050479, 23.049581121994432 ], [ 72.511955963513401, 23.049579479575161 ], [ 72.511729163513408, 23.049584879608297 ], [ 72.511600990379776, 23.049596428876235 ], [ 72.511400790379767, 23.049627929066837 ], [ 72.511308214267629, 23.049647175757887 ], [ 72.51121836165585, 23.049675302541505 ], [ 72.511094561655852, 23.049720902801386 ], [ 72.511013597109127, 23.049755103584346 ], [ 72.510936712236713, 23.049796515518352 ], [ 72.51086466321766, 23.04984473130181 ], [ 72.510798158669303, 23.049899276715234 ], [ 72.51073785267802, 23.049959615285591 ], [ 72.510684338365948, 23.050025153562888 ], [ 72.510638142057729, 23.050095246957174 ], [ 72.510599718103848, 23.050169206078522 ], [ 72.510569444412013, 23.050246303517536 ], [ 72.510493791286763, 23.050473665955977 ], [ 72.510410891286767, 23.050723666403876 ], [ 72.510388896281626, 23.050804332239082 ], [ 72.510375821703491, 23.050886623453707 ], [ 72.510355021703489, 23.051087823570672 ], [ 72.510351308086797, 23.051188276959383 ], [ 72.510360872192834, 23.051288402364555 ], [ 72.510373902793717, 23.051368546826652 ], [ 72.510374132598201, 23.051374632937002 ] ] ] } },
{ "type": "Feature", "properties": { "version": 2, "visible": null, "lon": null, "timestamp": 1429710087, "tags": { "visible": false }, "changeset": null, "lat": null, "id": 174746386, "natural": "water", "water": null, "wetland": null, "osm_type": "way", "grassland": null, "reef": null, "Risk": "High" }, "geometry": { "type": "Polygon", "coordinates": [ [ [ 72.509874718450462, 23.052629748301911 ], [ 72.509939118450461, 23.052676948075252 ], [ 72.510007223655336, 23.052722240043366 ], [ 72.510079630272912, 23.052761478244875 ], [ 72.510155704727666, 23.052794319341398 ], [ 72.510234781349553, 23.052820475970108 ], [ 72.510282174869246, 23.052831681799823 ], [ 72.510301054355793, 23.052841030998341 ], [ 72.510377195582805, 23.052870784853976 ], [ 72.510455988543399, 23.052893967699351 ], [ 72.510496688543412, 23.052904067639481 ], [ 72.510618489039061, 23.052926119091122 ], [ 72.510637837289323, 23.05292835845836 ], [ 72.510702034656504, 23.052942873578989 ], [ 72.510789973517461, 23.052954443316004 ], [ 72.510878724292525, 23.052957964555141 ], [ 72.510967419089852, 23.052953402862919 ], [ 72.511055190565031, 23.052940802847203 ], [ 72.511141180402817, 23.05292028772103 ], [ 72.511224547710526, 23.052892058097793 ], [ 72.511304477241126, 23.052856390029589 ], [ 72.511342977241114, 23.05283699013405 ], [ 72.511416101532021, 23.052795853937823 ], [ 72.511484632460665, 23.052748492654935 ], [ 72.511547946193474, 23.052695337406437 ], [ 72.511605466388716, 23.05263687205532 ], [ 72.511656669442999, 23.052573628802158 ], [ 72.511662858298976, 23.052564231866096 ], [ 72.511673902673593, 23.052552968032561 ], [ 72.511728200874501, 23.052484676939532 ], [ 72.511774626951691, 23.052411635753487 ], [ 72.511812694388396, 23.052334609894093 ], [ 72.511842004261254, 23.052254406538921 ], [ 72.511862249420815, 23.052171866164954 ], [ 72.511875049420823, 23.052103566236209 ], [ 72.51187765547256, 23.052088871400557 ], [ 72.51189065547257, 23.052011171473136 ], [ 72.511900149393568, 23.051923720877927 ], [ 72.511899498958073, 23.051835837015787 ], [ 72.511897298958075, 23.051802137003385 ], [ 72.511886774512703, 23.051716262341802 ], [ 72.511866563693985, 23.051631868034999 ], [ 72.51183688741726, 23.051549876562664 ], [ 72.511798070060493, 23.051471184141736 ], [ 72.511784770060487, 23.051447584075046 ], [ 72.511730173532399, 23.051363346164248 ], [ 72.511665117706826, 23.051285651723607 ], [ 72.511632800533462, 23.051251460955299 ], [ 72.511600964168068, 23.051213842199687 ], [ 72.511542345559789, 23.051151292937497 ], [ 72.511477235736749, 23.051094438746638 ], [ 72.511406284771596, 23.051043847281022 ], [ 72.511330201056381, 23.051000023665736 ], [ 72.511249744229815, 23.05096340545343 ], [ 72.511228797276402, 23.050955042969186 ], [ 72.511181103611079, 23.050931558590555 ], [ 72.51109485706732, 23.05089915920237 ], [ 72.511005427764189, 23.05087515279055 ], [ 72.510913777435618, 23.0508597975276 ], [ 72.510890177435641, 23.05085699751055 ], [ 72.510802855888016, 23.050850599783878 ], [ 72.5107152723144, 23.050852058330825 ], [ 72.51062825953764, 23.050861359281974 ], [ 72.510598601573406, 23.05086726731729 ], [ 72.510505423517827, 23.050872061573955 ], [ 72.510412309643456, 23.050885969179838 ], [ 72.510321294142329, 23.050908784936325 ], [ 72.5102333806622, 23.050940257244644 ], [ 72.510231459310532, 23.05094116889784 ], [ 72.510221725734951, 23.050943757572028 ], [ 72.510157125734949, 23.050961857678328 ], [ 72.5100732469825, 23.050989613266385 ], [ 72.509992770579501, 23.051024881311665 ], [ 72.509916488904622, 23.05106731455572 ], [ 72.509845153034831, 23.051116495190044 ], [ 72.509779465350235, 23.051171938970114 ], [ 72.509724865350236, 23.051222839189627 ], [ 72.509659462711824, 23.051290919711313 ], [ 72.509602576394201, 23.051365194427611 ], [ 72.509554893833851, 23.051444765764348 ], [ 72.509528193833859, 23.051495765900235 ], [ 72.509493595593113, 23.051571195278431 ], [ 72.509467276608703, 23.051649404021052 ], [ 72.509449495087168, 23.051729624844818 ], [ 72.509440425476896, 23.051811070727879 ], [ 72.509440156756739, 23.051892942631163 ], [ 72.50944869156298, 23.051974437337492 ], [ 72.509465946163616, 23.052054755331692 ], [ 72.509491751279626, 23.052133108644302 ], [ 72.509525853745927, 23.052208728581977 ], [ 72.509567918994918, 23.052280873268671 ], [ 72.509606918994905, 23.052340473079926 ], [ 72.509665085442919, 23.052418807803381 ], [ 72.509722985442906, 23.05248790754435 ], [ 72.509794195419985, 23.052563045437399 ], [ 72.509874718450462, 23.052629748301911 ] ] ] } },
{ "type": "Feature", "properties": { "version": 2, "visible": null, "lon": null, "timestamp": 1429766691, "tags": { "visible": false }, "changeset": null, "lat": null, "id": 174746387, "natural": "water", "water": null, "wetland": null, "osm_type": "way", "grassland": null, "reef": null, "Risk": "High" }, "geometry": { "type": "Polygon", "coordinates": [ [ [ 72.510663667009112, 23.053541396427221 ], [ 72.510704840766124, 23.053582984706992 ], [ 72.510773131186184, 23.053639207265366 ], [ 72.510847291120086, 23.053688735775875 ], [ 72.510926548884044, 23.053731054868845 ], [ 72.511010079747919, 23.053765724192743 ], [ 72.511097014517148, 23.053792382996058 ], [ 72.511186448577206, 23.053810753880914 ], [ 72.511188168285031, 23.053811023247118 ], [ 72.511258135549909, 23.053839064837014 ], [ 72.511341845923724, 23.053863976859706 ], [ 72.511427803257405, 23.053881234725448 ], [ 72.511515183050108, 23.053890672900138 ], [ 72.511603147156876, 23.053892200854676 ], [ 72.511690851827879, 23.05388580393322 ], [ 72.511777455801933, 23.053871543493763 ], [ 72.511862128375626, 23.053849556319673 ], [ 72.511944057371522, 23.053820053307696 ], [ 72.51202245692852, 23.053783317445241 ], [ 72.512096575039834, 23.053739701096116 ], [ 72.51216570076619, 23.053689622620912 ], [ 72.512229171055154, 23.053633562364311 ], [ 72.512286377101134, 23.053572058047944 ], [ 72.51233677018503, 23.053505699612796 ], [ 72.512379866937465, 23.053435123560817 ], [ 72.512415253975405, 23.053361006849833 ], [ 72.512442591867142, 23.053284060400443 ], [ 72.512461618388244, 23.053205022277069 ], [ 72.512472151036732, 23.053124650608613 ], [ 72.512474088783662, 23.053043716316637 ], [ 72.512467413042245, 23.052962995720744 ], [ 72.512457301946071, 23.052888918598466 ], [ 72.512460310132937, 23.052806416285353 ], [ 72.512458807019058, 23.05272346006155 ], [ 72.512448273532371, 23.052641060334366 ], [ 72.512428815798671, 23.052560047290164 ], [ 72.512400629856373, 23.052481237145784 ], [ 72.512363999681313, 23.052405423924984 ], [ 72.512319294325778, 23.052333371458378 ], [ 72.512266964200194, 23.052265805687568 ], [ 72.512215104277402, 23.052205497317264 ], [ 72.512203480125322, 23.052185459653629 ], [ 72.512159007591151, 23.052116974024688 ], [ 72.512107566872359, 23.052052752389947 ], [ 72.51204963717322, 23.051993393022858 ], [ 72.511985758147134, 23.051939448901894 ], [ 72.511916524869392, 23.051891422558946 ], [ 72.511842582293696, 23.051849761397655 ], [ 72.511764619243962, 23.051814853525332 ], [ 72.511683361997484, 23.051787024137209 ], [ 72.51159956751917, 23.051766532486869 ], [ 72.511514016409876, 23.051753569470957 ], [ 72.511343616409874, 23.051735469360572 ], [ 72.511252413674256, 23.05173008767942 ], [ 72.511161088667052, 23.051733260430005 ], [ 72.511070586602443, 23.051744954773739 ], [ 72.510981844177138, 23.051765049671932 ], [ 72.510895779875568, 23.051793337138601 ], [ 72.510813284463595, 23.051829524393309 ], [ 72.510735211769017, 23.051873236891645 ], [ 72.510662369844539, 23.051924022201991 ], [ 72.510595512604326, 23.051981354688518 ], [ 72.510535332021092, 23.052044640951816 ], [ 72.510482450964091, 23.052113225970924 ], [ 72.510437416752453, 23.052186399883098 ], [ 72.510400695490446, 23.052263405331235 ], [ 72.510341695490453, 23.052406505642857 ], [ 72.510316660653388, 23.05247648112249 ], [ 72.51029849635232, 23.052548229677114 ], [ 72.510287346873056, 23.052621181378836 ], [ 72.51028330078006, 23.052694756743577 ], [ 72.510286390212983, 23.052768371334221 ], [ 72.510302490212979, 23.052946071243586 ], [ 72.510313811071484, 23.053024940939626 ], [ 72.510333319598487, 23.05310244388501 ], [ 72.510360835081912, 23.053177862154921 ], [ 72.51039610263949, 23.053250497136485 ], [ 72.510438795579617, 23.053319676000022 ], [ 72.510488518427692, 23.053384757931461 ], [ 72.510544810589408, 23.053445140068106 ], [ 72.510607150617389, 23.053500263082881 ], [ 72.510663667009112, 23.053541396427221 ] ] ] } },
{ "type": "Feature", "properties": { "version": 2, "visible": null, "lon": null, "timestamp": 1535659702, "tags": { "visible": false, "name": "Sanathal Lake" }, "changeset": null, "lat": null, "id": 176322583, "natural": "water", "water": "lake", "wetland": null, "osm_type": "way", "grassland": null, "reef": null, "Risk": "High" }, "geometry": { "type": "Polygon", "coordinates": [ [ [ 72.468446009227222, 22.966870136726573 ], [ 72.46819190922723, 22.966931237088247 ], [ 72.46810079761552, 22.966957989672693 ], [ 72.468013291126113, 22.966993508632768 ], [ 72.467930381488785, 22.967037391417794 ], [ 72.467709981488781, 22.967168892092939 ], [ 72.467632543574126, 22.967220689682062 ], [ 72.467561530939719, 22.967279779388541 ], [ 72.467497749789104, 22.967345490360259 ], [ 72.467333449789123, 22.967534091082207 ], [ 72.467277557939212, 22.967605772553132 ], [ 72.467230278269724, 22.967682528447057 ], [ 72.467192148922891, 22.967763485112354 ], [ 72.467100648922894, 22.967990185595504 ], [ 72.467072118815508, 22.968074367408448 ], [ 72.467053485259058, 22.968160867424363 ], [ 72.467044960075214, 22.968248702329042 ], [ 72.467035560075217, 22.96849040238196 ], [ 72.467037229260953, 22.968578431805113 ], [ 72.467049052005578, 22.968665799068905 ], [ 72.467070894343152, 22.968751514199433 ], [ 72.467144394343151, 22.968983613801939 ], [ 72.467177396462745, 22.969069794134718 ], [ 72.467220522783805, 22.969152096452682 ], [ 72.467273246880325, 22.969229516131904 ], [ 72.467435546880338, 22.96944091538532 ], [ 72.467499380272386, 22.969514734956824 ], [ 72.467571930282702, 22.969581380005618 ], [ 72.467652252649501, 22.969639983136101 ], [ 72.467882152649494, 22.969788882390965 ], [ 72.467969314130585, 22.969838737086601 ], [ 72.468062082039737, 22.969879114737417 ], [ 72.468159245965737, 22.96990948851516 ], [ 72.468430245965735, 22.969978588107718 ], [ 72.468530543807745, 22.969998562520143 ], [ 72.468632661440637, 22.970007874955975 ], [ 72.468735266311597, 22.970006403897642 ], [ 72.469015566311612, 22.96998760401236 ], [ 72.469117063264321, 22.969975413261785 ], [ 72.469216395119417, 22.969952671034843 ], [ 72.46931227224546, 22.969919672590024 ], [ 72.469569572245433, 22.969815373174079 ], [ 72.469661015298399, 22.969772404058318 ], [ 72.469746536274414, 22.969720109312153 ], [ 72.469825018180288, 22.969659171949154 ], [ 72.470029218180287, 22.96948127273976 ], [ 72.470099557983829, 22.969412574018786 ], [ 72.470160936116514, 22.969336942205786 ], [ 72.470212552804881, 22.969255362792801 ], [ 72.470339952804892, 22.969024663432531 ], [ 72.470381144896137, 22.968938175934145 ], [ 72.470411360443592, 22.968847928787874 ], [ 72.470430205523272, 22.968755098551028 ], [ 72.470466005523278, 22.968498298751051 ], [ 72.470473233013863, 22.96840419356899 ], [ 72.470468774401269, 22.96830994269185 ], [ 72.470452687692514, 22.968216772334138 ], [ 72.470392787692504, 22.967963872004464 ], [ 72.470366330264696, 22.967875839081721 ], [ 72.470329491246332, 22.967791029028739 ], [ 72.470282719925493, 22.967710476194583 ], [ 72.470146319925476, 22.967503875538025 ], [ 72.470092257701552, 22.967431045747496 ], [ 72.470030078492456, 22.967363931535985 ], [ 72.469960489609846, 22.967303296361749 ], [ 72.46976038960986, 22.967146695631758 ], [ 72.469684291320959, 22.967093297325722 ], [ 72.469602456358444, 22.967047653960183 ], [ 72.469515813076143, 22.967010283331607 ], [ 72.469272313076146, 22.966919482816728 ], [ 72.469181796808812, 22.966890796344185 ], [ 72.469088479068105, 22.966871141311781 ], [ 72.468993419564399, 22.966860740924794 ], [ 72.468731319564384, 22.966845040828947 ], [ 72.468635425210238, 22.966844019832408 ], [ 72.468539959092055, 22.966852417032875 ], [ 72.468446009227222, 22.966870136726573 ] ] ] } },
{ "type": "Feature", "properties": { "version": 2, "visible": null, "lon": null, "timestamp": 1418706050, "tags": { "visible": false, "name": "Isanpur Lake" }, "changeset": null, "lat": null, "id": 177102390, "natural": "water", "water": null, "wetland": null, "osm_type": "way", "grassland": null, "reef": null, "Risk": "High" }, "geometry": { "type": "Polygon", "coordinates": [ [ [ 72.600330394945772, 22.979067969900285 ], [ 72.600434494945773, 22.979144469534333 ], [ 72.60050818038674, 22.979193220134441 ], [ 72.600522557431759, 22.979200835039361 ], [ 72.60052360913636, 22.97920285357803 ], [ 72.600565384552425, 22.979267301669573 ], [ 72.600613334076797, 22.979327997736185 ], [ 72.600667062832215, 22.979384441934823 ], [ 72.600726128347958, 22.979436169437932 ], [ 72.60093002834796, 22.97959916868459 ], [ 72.601035100232096, 22.979671484352565 ], [ 72.601157189693055, 22.979743349631981 ], [ 72.601170584073841, 22.979795681105575 ], [ 72.60119848375804, 22.979871188451853 ], [ 72.601234153932452, 22.979943870459287 ], [ 72.601277262856343, 22.980013051173849 ], [ 72.601327409606967, 22.980078087205083 ], [ 72.601384127808203, 22.980138373709583 ], [ 72.601446889967931, 22.980193350015913 ], [ 72.601515112383851, 22.980242504838763 ], [ 72.601588160572078, 22.980285381033731 ], [ 72.601665355167896, 22.980321579848642 ], [ 72.601745978244097, 22.980350764631819 ], [ 72.60182927998784, 22.980372663962783 ], [ 72.60191448567403, 22.980387074176384 ], [ 72.602000802870506, 22.980393861256776 ], [ 72.602087428807792, 22.98039296208373 ], [ 72.602173557845092, 22.980384385019612 ], [ 72.602258388962824, 22.980368209831596 ], [ 72.60234113321242, 22.980344586949908 ], [ 72.602394818784703, 22.980323854794459 ], [ 72.602432596949271, 22.980322950774692 ], [ 72.60251854315176, 22.98031321553464 ], [ 72.602603071885497, 22.980295906989657 ], [ 72.602685397688518, 22.980271185972168 ], [ 72.602764755569055, 22.980239282191995 ], [ 72.602840408114048, 22.980200492102004 ], [ 72.602911652341291, 22.980155176143562 ], [ 72.602977826231765, 22.980103755397451 ], [ 72.60303831488126, 22.980046707671317 ], [ 72.603092556214307, 22.979984563059983 ], [ 72.603140046206946, 22.979917899019977 ], [ 72.603180343570429, 22.979847335003857 ], [ 72.603213073851663, 22.979773526704374 ], [ 72.603237932912762, 22.979697159961788 ], [ 72.603254689757165, 22.979618944391078 ], [ 72.60325641183303, 22.979602868777292 ], [ 72.603506463852497, 22.979406743567608 ], [ 72.603566964829611, 22.979354672810519 ], [ 72.603621999725817, 22.979297693496164 ], [ 72.603671100741934, 22.979236289945472 ], [ 72.603713850517025, 22.979170984085815 ], [ 72.603749885676038, 22.97910233101479 ], [ 72.603778899918453, 22.979030914282056 ], [ 72.603800646621849, 22.978957340929252 ], [ 72.603814940938221, 22.978882236330303 ], [ 72.603829032600359, 22.978780913186025 ], [ 72.603869490856965, 22.978678621865797 ], [ 72.603921780007965, 22.978581553798389 ], [ 72.603958102022361, 22.978504532973705 ], [ 72.603985754082274, 22.978424518366719 ], [ 72.604004451154381, 22.978342334751531 ], [ 72.604014000512066, 22.978258829261438 ], [ 72.604014303721954, 22.978174862656957 ], [ 72.604005357658593, 22.978091300453297 ], [ 72.603987254536676, 22.978009003998775 ], [ 72.603960180960499, 22.977928821596059 ], [ 72.603924416000481, 22.977851579757921 ], [ 72.603880328316464, 22.977778074687429 ], [ 72.60352092831647, 22.977244772966579 ], [ 72.603467529770043, 22.977174044426498 ], [ 72.603406430544055, 22.977108812691093 ], [ 72.603338293387978, 22.977049785344001 ], [ 72.603263857392378, 22.976997602669286 ], [ 72.603183929971962, 22.976952830705912 ], [ 72.603099378107515, 22.976915955107433 ], [ 72.603011118941581, 22.97688737587378 ], [ 72.602737518941581, 22.976813275438687 ], [ 72.602654303587315, 22.976794655187472 ], [ 72.602569540494557, 22.976783414912877 ], [ 72.602484, 22.976779656769658 ], [ 72.6018939, 22.976779656769658 ], [ 72.60181138215529, 22.976783153456722 ], [ 72.601729562069025, 22.976793613949923 ], [ 72.601649131599515, 22.976810949795301 ], [ 72.601327331599521, 22.976894850289376 ], [ 72.60124088727369, 22.976921825312342 ], [ 72.601157862357411, 22.976956737109415 ], [ 72.601079113992199, 22.976999225248445 ], [ 72.601005455168931, 22.977048851078898 ], [ 72.600721655168925, 22.977261252087636 ], [ 72.600667567069337, 22.977305167105232 ], [ 72.600617479471936, 22.977352935031711 ], [ 72.600311679471929, 22.977669036318471 ], [ 72.600249688581471, 22.97774075106291 ], [ 72.600196697465421, 22.977818340456366 ], [ 72.600153356916209, 22.977900851601817 ], [ 72.60006165691621, 22.978103352078755 ], [ 72.60003144706927, 22.978180672207507 ], [ 72.600009720247726, 22.978260370589854 ], [ 72.59999669092592, 22.978341660486858 ], [ 72.59999248772165, 22.978423739450449 ], [ 72.599997152126463, 22.9785057972448 ], [ 72.600010638096109, 22.978587023844522 ], [ 72.600032812505049, 22.978666617430754 ], [ 72.600063456460589, 22.978743792306101 ], [ 72.600102267463683, 22.978817786650485 ], [ 72.600148862394974, 22.978887870041184 ], [ 72.600202781296787, 22.978953350662888 ], [ 72.600263491913509, 22.979013582136659 ], [ 72.600330394945772, 22.979067969900285 ] ] ] } },
{ "type": "Feature", "properties": { "version": 2, "visible": null, "lon": null, "timestamp": 1570041396, "tags": { "visible": false }, "changeset": null, "lat": null, "id": 177104260, "natural": "water", "water": null, "wetland": null, "osm_type": "way", "grassland": null, "reef": null, "Risk": "High" }, "geometry": { "type": "Polygon", "coordinates": [ [ [ 72.576142566085679, 22.977889558887252 ], [ 72.576142437541506, 22.977893554788864 ], [ 72.576148172415785, 22.977972833669593 ], [ 72.576162144086339, 22.978051239991721 ], [ 72.576184223599526, 22.978128050094309 ], [ 72.576214207169087, 22.978202555050135 ], [ 72.576251818057116, 22.978274067208723 ], [ 72.576296709128172, 22.978341926542988 ], [ 72.576348466053318, 22.978405506740817 ], [ 72.576406611134118, 22.978464220985536 ], [ 72.57647060771167, 22.978517527371761 ], [ 72.576539865119855, 22.978564933906746 ], [ 72.57661374413685, 22.978606003051087 ], [ 72.576691562885046, 22.978640355756788 ], [ 72.576772603124425, 22.978667674965546 ], [ 72.576856116881771, 22.97868770853491 ], [ 72.576941333354156, 22.978700271565256 ], [ 72.577195333354155, 22.978726271407091 ], [ 72.577282863067836, 22.978731265753687 ], [ 72.577370504641053, 22.978728378677598 ], [ 72.577457422800535, 22.978717637693755 ], [ 72.577542789167552, 22.978699145167905 ], [ 72.577625790152837, 22.978673077341032 ], [ 72.577705634710512, 22.978639682649824 ], [ 72.578052434710514, 22.978475383543994 ], [ 72.578126928366615, 22.978435829795981 ], [ 72.578196972623843, 22.97838989944227 ], [ 72.578261925594163, 22.978338013383958 ], [ 72.578321192046303, 22.978280647100114 ], [ 72.578374228860397, 22.978218326290751 ], [ 72.578420550005262, 22.978151622059496 ], [ 72.578459730992307, 22.978081145680235 ], [ 72.578491412765587, 22.978007542995581 ], [ 72.578515304992223, 22.977931488498555 ], [ 72.578531188723034, 22.977853679151686 ], [ 72.578538918398948, 22.97777482800014 ], [ 72.578538423184952, 22.977695657637426 ], [ 72.578529707619182, 22.977616893583583 ], [ 72.578512851571418, 22.977539257636501 ], [ 72.578505367764436, 22.977516423565909 ], [ 72.578510860519174, 22.977474906278683 ], [ 72.578512215839794, 22.977386369767792 ], [ 72.578496115839783, 22.977010969677142 ], [ 72.578495311033578, 22.976995758193166 ], [ 72.578484511033594, 22.976824158132416 ], [ 72.578474234554761, 22.976738498052672 ], [ 72.578454331772235, 22.976654287531311 ], [ 72.578425018797418, 22.976572440959309 ], [ 72.57838661392087, 22.976493847060595 ], [ 72.578339534156257, 22.976419359241728 ], [ 72.578271134156267, 22.976323058919167 ], [ 72.578221191568034, 22.976259537299629 ], [ 72.578164939023083, 22.976200655928231 ], [ 72.578102882227896, 22.976146944150816 ], [ 72.578035579068782, 22.976098884838997 ], [ 72.5779636345965, 22.976056910048904 ], [ 72.577887695586881, 22.976021397136833 ], [ 72.577808444726372, 22.975992665366615 ], [ 72.57772659447474, 22.975970973039274 ], [ 72.577642880660107, 22.975956515170761 ], [ 72.577558055863875, 22.975949421738651 ], [ 72.577472882655087, 22.975949756513575 ], [ 72.577384327131497, 22.975953974946233 ], [ 72.577361207043595, 22.975948206974888 ], [ 72.577276493940829, 22.975934905641918 ], [ 72.577190787949036, 22.975929117711679 ], [ 72.577104873411912, 22.975930896153724 ], [ 72.577019536581687, 22.975940224692231 ], [ 72.5769355584236, 22.975957017954958 ], [ 72.576853707468985, 22.975981122254574 ], [ 72.576774732781928, 22.976012316995259 ], [ 72.576699357104147, 22.976050316691598 ], [ 72.576596157104149, 22.976108416994961 ], [ 72.576514584230509, 22.976160241565083 ], [ 72.576439708773165, 22.976220023904634 ], [ 72.576372442142002, 22.976287036312318 ], [ 72.576313603129691, 22.97636046307986 ], [ 72.576214068798492, 22.976500201963542 ], [ 72.576130581092457, 22.976592606879819 ], [ 72.576079590566096, 22.976654781556356 ], [ 72.576035180719757, 22.976721097641065 ], [ 72.575997745624719, 22.976790966671746 ], [ 72.575967617461799, 22.976863768659715 ], [ 72.575945063573542, 22.97693885759147 ], [ 72.575930284092181, 22.977015567161246 ], [ 72.575923410163597, 22.977093216683588 ], [ 72.575924502783678, 22.977171117133544 ], [ 72.575933552257069, 22.977248577260703 ], [ 72.575950478283119, 22.97732490972307 ], [ 72.575975130668581, 22.977399437186108 ], [ 72.576025992218703, 22.977530671269776 ], [ 72.576104559964875, 22.977791061625776 ], [ 72.576134481501242, 22.977873254458046 ], [ 72.576142566085679, 22.977889558887252 ] ] ] } },
{ "type": "Feature", "properties": { "version": 3, "visible": null, "lon": null, "timestamp": 1564061754, "tags": { "visible": false }, "changeset": null, "lat": null, "id": 177263850, "natural": "water", "water": null, "wetland": null, "osm_type": "way", "grassland": null, "reef": null, "Risk": "High" }, "geometry": { "type": "Polygon", "coordinates": [ [ [ 72.499620416300715, 22.997249618338493 ], [ 72.499621297457438, 22.99725053485183 ], [ 72.499692542819432, 22.997316718433073 ], [ 72.499771424204198, 22.997375103965229 ], [ 72.499856940143829, 22.997424950203673 ], [ 72.50011424014383, 22.997556849497808 ], [ 72.500188957492298, 22.997591067397323 ], [ 72.500266801994925, 22.997618754979438 ], [ 72.500347101823976, 22.997639673293833 ], [ 72.500429163961229, 22.997653641810636 ], [ 72.500589063961229, 22.997673841688055 ], [ 72.500679060002938, 22.997680990887897 ], [ 72.500769381025236, 22.997679784138519 ], [ 72.500859113755524, 22.997670233641621 ], [ 72.501032213755522, 22.99764363380234 ], [ 72.501120587398034, 22.997625801868327 ], [ 72.501206564360487, 22.997599877792815 ], [ 72.501325564360485, 22.997557778033531 ], [ 72.501401299234658, 22.997527231818317 ], [ 72.501540697299475, 22.997463816275818 ], [ 72.501698716785995, 22.997393585780454 ], [ 72.501871483051715, 22.997319096948424 ], [ 72.50203983769029, 22.997268152391829 ], [ 72.502253595737983, 22.997214577447302 ], [ 72.502282404086813, 22.997206879269886 ], [ 72.502580717221619, 22.997122167652762 ], [ 72.502855511639183, 22.99705244131728 ], [ 72.503186285067144, 22.996973111145991 ], [ 72.503221244690323, 22.996964028042949 ], [ 72.503553834731733, 22.996870892508561 ], [ 72.503762813477096, 22.996828874184615 ], [ 72.503918403609234, 22.996803821687507 ], [ 72.504274396839762, 22.996766520297868 ], [ 72.504335494533407, 22.996758150815545 ], [ 72.504615694533385, 22.996710651101679 ], [ 72.504694700501091, 22.996693832109223 ], [ 72.504771736919565, 22.99667052323214 ], [ 72.504846176040729, 22.996640914404594 ], [ 72.504917411281212, 22.996605246896522 ], [ 72.505028211281214, 22.996543647219486 ], [ 72.50510171754064, 22.99649808035047 ], [ 72.505169988746246, 22.996446068117528 ], [ 72.505232360477535, 22.996388116700494 ], [ 72.505288225728123, 22.996324790079626 ], [ 72.505337040813245, 22.996256704547253 ], [ 72.505378330660804, 22.996184522710191 ], [ 72.505411693434922, 22.99610894704151 ], [ 72.505436804446546, 22.99603071304421 ], [ 72.505493004446549, 22.995817413352164 ], [ 72.505512247039263, 22.995718454706306 ], [ 72.505518302438929, 22.995618077800284 ], [ 72.505516869594004, 22.995371437429803 ], [ 72.50552208570511, 22.995159094309233 ], [ 72.505520407832748, 22.995086539885794 ], [ 72.505511826146417, 22.995014400235089 ], [ 72.505494626146415, 22.994911700139244 ], [ 72.505470288999192, 22.99480967901431 ], [ 72.505431956875114, 22.99468667188949 ], [ 72.505427135480872, 22.994621561685427 ], [ 72.505415180659469, 22.994532197008812 ], [ 72.505392742154854, 22.994444558486826 ], [ 72.505360085989139, 22.99435968513162 ], [ 72.505330442754328, 22.994303099754518 ], [ 72.505329494333694, 22.994297861029462 ], [ 72.505311431224811, 22.994220893300344 ], [ 72.505285497356525, 22.994145856033562 ], [ 72.505283403137284, 22.994141337740082 ], [ 72.505292829513849, 22.994118004275499 ], [ 72.505314773814135, 22.994042530278673 ], [ 72.505328882423484, 22.993965486642132 ], [ 72.5053350293975, 22.993887561115145 ], [ 72.505339829397485, 22.993712461142191 ], [ 72.50533663233935, 22.993618850869201 ], [ 72.505321957253855, 22.993526173686352 ], [ 72.505247057253868, 22.99318847327261 ], [ 72.505224663602078, 22.993108245737059 ], [ 72.505193663431726, 22.993030482971804 ], [ 72.50515436778835, 22.992955965227829 ], [ 72.505107170951561, 22.992885440197703 ], [ 72.505052546478908, 22.992819615513234 ], [ 72.504991042454435, 22.992759151645028 ], [ 72.504923275989356, 22.992704655275297 ], [ 72.504849927030136, 22.992656673210263 ], [ 72.504771731536181, 22.992615686893402 ], [ 72.504689474095414, 22.992582107574499 ], [ 72.504603980051982, 22.992556272183066 ], [ 72.504516107225129, 22.992538439947442 ], [ 72.504426737301898, 22.992528789793628 ], [ 72.504336766990832, 22.992527418549859 ], [ 72.504247099024496, 22.992534339974991 ], [ 72.50415863310181, 22.992549484620454 ], [ 72.50407225686088, 22.992572700527116 ], [ 72.504009588378551, 22.992596029748935 ], [ 72.503939416447992, 22.99259396557909 ], [ 72.503662216447978, 22.992598165604807 ], [ 72.503629693207728, 22.992599201080303 ], [ 72.502914893207731, 22.992633901292525 ], [ 72.50291063944168, 22.992634117105371 ], [ 72.502568639441677, 22.99265221721604 ], [ 72.5025275046183, 22.992655268299377 ], [ 72.502345304618316, 22.992672668405373 ], [ 72.50226031605547, 22.992684592039062 ], [ 72.5021769548527, 22.992703939836275 ], [ 72.502095984493153, 22.992730534592528 ], [ 72.502018146562847, 22.992764132729313 ], [ 72.501944153958732, 22.992804426525115 ], [ 72.501874684359422, 22.992851046933939 ], [ 72.501810374018532, 22.992903566965527 ], [ 72.501751811937424, 22.992961505596266 ], [ 72.501699534470646, 22.993024332175001 ], [ 72.501654020413639, 22.993091471283368 ], [ 72.501603520413624, 22.993174571531842 ], [ 72.501564073788799, 22.993247747479476 ], [ 72.501532662677945, 22.993324149130249 ], [ 72.501509593610521, 22.993403030903689 ], [ 72.501495091709117, 22.993483623017887 ], [ 72.501489298492444, 22.993565139001646 ], [ 72.501486898492445, 22.993703939015177 ], [ 72.501491110121393, 22.993798152339945 ], [ 72.501506945390048, 22.993891311759008 ], [ 72.501530145390063, 22.993990411631149 ], [ 72.501553009295336, 22.994069054039532 ], [ 72.501581801226834, 22.994139470558693 ], [ 72.501554231144382, 22.994171013680216 ], [ 72.501475952666482, 22.994201636592511 ], [ 72.501396164763023, 22.994237226276145 ], [ 72.501320576616337, 22.99427988292204 ], [ 72.501249924542577, 22.994329190998563 ], [ 72.501184896774788, 22.994384670180903 ], [ 72.501126126758805, 22.99444578003029 ], [ 72.501074186982663, 22.994511925258774 ], [ 72.501029583399983, 22.994582461528267 ], [ 72.500968174694776, 22.99469163289551 ], [ 72.500922051827374, 22.994705658139257 ], [ 72.500831652456228, 22.994743803190755 ], [ 72.500746387133432, 22.994790912477804 ], [ 72.500456975808746, 22.994971593131051 ], [ 72.500220134723989, 22.995093220998875 ], [ 72.500115169537878, 22.995134033256242 ], [ 72.50005433070217, 22.995160196414261 ], [ 72.499894830702161, 22.995235596825079 ], [ 72.499822718233077, 22.995273666874123 ], [ 72.499754737535113, 22.995317710306622 ], [ 72.499679418469356, 22.995371472260899 ], [ 72.499533973087367, 22.995439438981155 ], [ 72.499449372783303, 22.995484459719375 ], [ 72.499370585314495, 22.995537673125568 ], [ 72.499161785314513, 22.995695473872601 ], [ 72.499096547328264, 22.9957499177732 ], [ 72.499037413334179, 22.995809979734368 ], [ 72.498984951536755, 22.995875082627915 ], [ 72.498939666029003, 22.995944600888748 ], [ 72.498901991948557, 22.99601786652612 ], [ 72.498872291296749, 22.996094175542396 ], [ 72.498850849460098, 22.996172794697827 ], [ 72.498837872468101, 22.996252968556249 ], [ 72.49883348501362, 22.996333926743986 ], [ 72.498837729254632, 22.996414891352334 ], [ 72.498850564409281, 22.996495084412263 ], [ 72.498871867147557, 22.996573735369758 ], [ 72.498901432776549, 22.996650088489758 ], [ 72.498938977207118, 22.996723410117781 ], [ 72.498998877207114, 22.996826909819692 ], [ 72.499044745668812, 22.996897469618158 ], [ 72.499098000069395, 22.996963487109497 ], [ 72.499158113825487, 22.997024309515059 ], [ 72.499224492527858, 22.997079335425866 ], [ 72.499296479819066, 22.997128020749091 ], [ 72.499373363883521, 22.997169884087821 ], [ 72.499454384486, 22.997204511500819 ], [ 72.499538740488859, 22.997231560595377 ], [ 72.499620416300715, 22.997249618338493 ] ] ] } },
{ "type": "Feature", "properties": { "version": 2, "visible": null, "lon": null, "timestamp": 1696019073, "tags": { "visible": false, "name": "Memnagar Lake" }, "changeset": null, "lat": null, "id": 180663393, "natural": "water", "water": null, "wetland": null, "osm_type": "way", "grassland": null, "reef": null, "Risk": "High" }, "geometry": { "type": "Polygon", "coordinates": [ [ [ 72.54012814796917, 23.049520438336696 ], [ 72.540160247969169, 23.049624138162311 ], [ 72.540187017808677, 23.049697420639585 ], [ 72.540221111171277, 23.049768081177682 ], [ 72.540262229814175, 23.049835501655188 ], [ 72.540310014038695, 23.04989909229489 ], [ 72.540395914038712, 23.050002691909128 ], [ 72.540427746479253, 23.050038919025642 ], [ 72.540492046479258, 23.050108018749757 ], [ 72.540558660170106, 23.050172271097754 ], [ 72.54063238009347, 23.050229577259799 ], [ 72.540712355450225, 23.050279275876683 ], [ 72.540797663247474, 23.050320793387041 ], [ 72.540937163247477, 23.050380093056582 ], [ 72.540974603602166, 23.050395068201439 ], [ 72.541569330140717, 23.050618299202686 ], [ 72.5415791987066, 23.050627953010899 ], [ 72.541641399515868, 23.050678513291693 ], [ 72.541708405992949, 23.050723575536871 ], [ 72.541825905992923, 23.050795175170407 ], [ 72.54189592015706, 23.050833748227163 ], [ 72.541969449587839, 23.050866315773924 ], [ 72.542045887506447, 23.050892609061552 ], [ 72.542124603132635, 23.05091241111657 ], [ 72.542204946890095, 23.050925558531542 ], [ 72.542286255766854, 23.050931942813456 ], [ 72.542420355766836, 23.050936842783397 ], [ 72.54250431794938, 23.050936297180684 ], [ 72.542587858007963, 23.050928540616358 ], [ 72.542670246104862, 23.050913640853491 ], [ 72.542750762466355, 23.050891728059725 ], [ 72.542828703670921, 23.05086299367019 ], [ 72.542903388794556, 23.050827688715152 ], [ 72.542974165359652, 23.050786121627098 ], [ 72.543076665359635, 23.050719521961071 ], [ 72.54314608532367, 23.050669545116271 ], [ 72.543209848341206, 23.050613548750377 ], [ 72.54326734053717, 23.050552071958283 ], [ 72.543318008408505, 23.050485706597449 ], [ 72.543361364152972, 23.050415091590136 ], [ 72.543380374764538, 23.050380238901592 ], [ 72.543380745613433, 23.050380188880169 ], [ 72.543466299534444, 23.050360612576402 ], [ 72.543549356089571, 23.050333414037492 ], [ 72.543656656089581, 23.050292714268487 ], [ 72.543735905277998, 23.050258405084818 ], [ 72.543811146883883, 23.050217157772988 ], [ 72.543881665695707, 23.050169364404471 ], [ 72.54394679139466, 23.050115479273966 ], [ 72.544005904926294, 23.05005601458133 ], [ 72.544058444385044, 23.049991535563112 ], [ 72.544103910355403, 23.049922655119961 ], [ 72.544141870659104, 23.049850027990914 ], [ 72.544171964463274, 23.049774344529993 ], [ 72.544193905710273, 23.049696324144239 ], [ 72.544215605710264, 23.049600024264258 ], [ 72.544227656104852, 23.049532661597834 ], [ 72.54425425610485, 23.049332761746971 ], [ 72.544260540399549, 23.049256178129436 ], [ 72.544259073009002, 23.049179388334576 ], [ 72.544249866600779, 23.049103055268887 ], [ 72.544233000651431, 23.049027837897142 ], [ 72.544208620760273, 23.048954385553703 ], [ 72.54417693739255, 23.048883332336892 ], [ 72.544138224062507, 23.04881529163486 ], [ 72.544092814972259, 23.048750850830245 ], [ 72.544007314972262, 23.048641050437681 ], [ 72.543950864801246, 23.048575782398938 ], [ 72.543887553405114, 23.048516081793473 ], [ 72.54381802550995, 23.048462556584983 ], [ 72.54374298914702, 23.048415751850417 ], [ 72.543663208442567, 23.048376144228943 ], [ 72.543579495836454, 23.048344137067833 ], [ 72.54349270380871, 23.048320056314733 ], [ 72.54340371619837, 23.048304147198198 ], [ 72.54311753850476, 23.048266656443442 ], [ 72.542777579033441, 23.048197100262481 ], [ 72.542681740278866, 23.048182443802574 ], [ 72.542584741925623, 23.048177396739646 ], [ 72.542487718519226, 23.048182018107969 ], [ 72.542391804898301, 23.048196253852524 ], [ 72.542282598059174, 23.048218095353896 ], [ 72.542260735270304, 23.04820954782905 ], [ 72.542053317317425, 23.048125466094746 ], [ 72.541982269299297, 23.04807915831589 ], [ 72.541889566456646, 23.048032699548962 ], [ 72.541798366456661, 23.047993199329589 ], [ 72.541712401935442, 23.047960849482145 ], [ 72.541623266983123, 23.047936839890088 ], [ 72.541531914379149, 23.047921427200755 ], [ 72.541439320607807, 23.047914776166113 ], [ 72.541346475420482, 23.047916957881561 ], [ 72.541137275420482, 23.047931857972753 ], [ 72.541043910758674, 23.047943061852738 ], [ 72.540952333367287, 23.047963196528393 ], [ 72.540863549296645, 23.04799204080037 ], [ 72.540778533910213, 23.048029277785989 ], [ 72.540698221169478, 23.048074498400648 ], [ 72.540585021169463, 23.048145998762497 ], [ 72.540509117297603, 23.048199631252846 ], [ 72.540439844621361, 23.048260389601825 ], [ 72.540377989336619, 23.048327584235995 ], [ 72.540324253457158, 23.048400452534715 ], [ 72.54027924684722, 23.048478167485818 ], [ 72.540215446847228, 23.048604067812416 ], [ 72.540182739103074, 23.048677660059177 ], [ 72.540157866469087, 23.048753803397592 ], [ 72.540141059065505, 23.048831793349986 ], [ 72.5401035590655, 23.049063793559501 ], [ 72.540096231635857, 23.049124430719289 ], [ 72.540093784715864, 23.0491854 ], [ 72.540093784715864, 23.049294 ], [ 72.540097624710171, 23.04937034792507 ], [ 72.540109111863742, 23.049446043084242 ], [ 72.54012814796917, 23.049520438336696 ] ] ] } },
{ "type": "Feature", "properties": { "version": 1, "visible": null, "lon": null, "timestamp": 1373152350, "tags": { "visible": false, "name": "Shilaj Lake" }, "changeset": null, "lat": null, "id": 229021237, "natural": "water", "water": null, "wetland": null, "osm_type": "way", "grassland": null, "reef": null, "Risk": "High" }, "geometry": { "type": "Polygon", "coordinates": [ [ [ 72.472728492413751, 23.053964540815826 ], [ 72.472705637552764, 23.053987547829031 ], [ 72.472655183532339, 23.054048952105294 ], [ 72.472611156502865, 23.054114408897476 ], [ 72.472573938319968, 23.054183350479633 ], [ 72.472455938319968, 23.054430151089839 ], [ 72.472422934221726, 23.054510188359352 ], [ 72.472399103707104, 23.054592937240699 ], [ 72.472384702382271, 23.054677510164932 ], [ 72.472379884715878, 23.054763 ], [ 72.472379884715878, 23.0549013 ], [ 72.4723841392087, 23.054981650307209 ], [ 72.472396862387924, 23.055061239476206 ], [ 72.472417933737589, 23.05513931362772 ], [ 72.472447153666465, 23.055215133234185 ], [ 72.472484245398789, 23.055287980124611 ], [ 72.472528857595691, 23.055357164286999 ], [ 72.472580567683366, 23.05542203040406 ], [ 72.472638885855616, 23.055481964060252 ], [ 72.472703259713398, 23.055536397561376 ], [ 72.472896359713403, 23.055684396863157 ], [ 72.472969848502586, 23.055735097974566 ], [ 72.473048579971376, 23.055778629064083 ], [ 72.473131730981592, 23.05581453502095 ], [ 72.473438507970783, 23.055929787312106 ], [ 72.473452868274492, 23.055946521587991 ], [ 72.473512135355165, 23.056008886850694 ], [ 72.473577889623456, 23.056065479945786 ], [ 72.473649470528699, 23.056115732361032 ], [ 72.473726158987304, 23.056159139280783 ], [ 72.473807184606457, 23.056195264656946 ], [ 72.473891733423386, 23.056223745589172 ], [ 72.473978956082149, 23.056244295970174 ], [ 72.474067976366086, 23.056256709359698 ], [ 72.4741579, 23.056260861058256 ], [ 72.474199814878247, 23.056260861058256 ], [ 72.474314856812157, 23.056465562132196 ], [ 72.474362481090907, 23.056540398380562 ], [ 72.474418364912864, 23.056610231460507 ], [ 72.474481893106457, 23.056674292654805 ], [ 72.474552366350622, 23.056731876783747 ], [ 72.474629008872768, 23.056782349967424 ], [ 72.474710976988703, 23.056825156603114 ], [ 72.474797368389844, 23.056859825481023 ], [ 72.475226568389843, 23.057007924629549 ], [ 72.475303180103751, 23.057030811418169 ], [ 72.475381711935555, 23.057047291839226 ], [ 72.475461532487387, 23.057057233392097 ], [ 72.475542, 23.057060556147906 ], [ 72.4757995, 23.057060556147906 ], [ 72.475888584411607, 23.057056481795374 ], [ 72.475976790570968, 23.057044298904682 ], [ 72.476063248884159, 23.057024127580537 ], [ 72.476100622903147, 23.057011665921436 ], [ 72.476145153524968, 23.057017482514269 ], [ 72.476231256806912, 23.057021052775479 ], [ 72.476317335630711, 23.05701701395612 ], [ 72.476402597569461, 23.05700540323619 ], [ 72.47648625771626, 23.056986327500056 ], [ 72.4765675459101, 23.056959962352561 ], [ 72.476645713825704, 23.056926550502567 ], [ 72.476720041862592, 23.056886399528732 ], [ 72.476789845769559, 23.056839879048233 ], [ 72.476897145769556, 23.056760879426989 ], [ 72.4769640770824, 23.056706360087968 ], [ 72.477024788147745, 23.056645990004842 ], [ 72.477078677800947, 23.056580366958393 ], [ 72.477125212423402, 23.056510140744813 ], [ 72.477163931226443, 23.056436006741684 ], [ 72.477194450814139, 23.05635869902256 ], [ 72.477216468979719, 23.056278983088362 ], [ 72.477229767697963, 23.056197648287533 ], [ 72.477234215284113, 23.0561155 ], [ 72.477234215284113, 23.0558786 ], [ 72.477229963668591, 23.055798277338525 ], [ 72.477217249066811, 23.055718714944316 ], [ 72.477196191832022, 23.055640665937393 ], [ 72.47716699128685, 23.055564869113667 ], [ 72.47716008185175, 23.055551294011163 ], [ 72.477162183068572, 23.055546978103525 ], [ 72.477190329616946, 23.055469389131392 ], [ 72.477210003784393, 23.05538962025685 ], [ 72.47722101289807, 23.05530845266868 ], [ 72.477223249143549, 23.055226681254879 ], [ 72.477216690620864, 23.055145106818294 ], [ 72.477201401558901, 23.055064528234158 ], [ 72.477177531686408, 23.054985734626548 ], [ 72.477145314765593, 23.054909497640239 ], [ 72.477105066302983, 23.054836563883669 ], [ 72.477060504453846, 23.054764842650538 ], [ 72.477031574970709, 23.054583655304906 ], [ 72.477012396705049, 23.054496470084555 ], [ 72.476983147215535, 23.054411686000066 ], [ 72.476944165254764, 23.054330284982743 ], [ 72.476895902291872, 23.054253209784466 ], [ 72.476756402291869, 23.054055809123764 ], [ 72.476702493127661, 23.053987441432959 ], [ 72.476641282504261, 23.053924493045521 ], [ 72.476573409625445, 23.053867621320165 ], [ 72.476499583266829, 23.053817420158925 ], [ 72.476420574374401, 23.053774413804828 ], [ 72.476337208013788, 23.053739051367121 ], [ 72.476250354754299, 23.053711702131029 ], [ 72.476050510682583, 23.053659101939676 ], [ 72.476014256902857, 23.053606290871265 ], [ 72.475755423657418, 23.053129828443115 ], [ 72.475713182049702, 23.05306059784365 ], [ 72.475663916709152, 23.052995415689274 ], [ 72.475608082167156, 23.052934883369211 ], [ 72.475546193563829, 23.05287955937278 ], [ 72.475478821895166, 23.052829954136403 ], [ 72.475406588744988, 23.052786525333964 ], [ 72.474913088744998, 23.052520023922867 ], [ 72.47482108489163, 23.052476683784729 ], [ 72.474724279558345, 23.052443354990377 ], [ 72.473962479558324, 23.052226153716642 ], [ 72.47387534759703, 23.052205647905058 ], [ 72.473786423970864, 23.052193261620111 ], [ 72.4736966, 23.052189119017171 ], [ 72.4732996, 23.052189119017171 ], [ 72.473209655027915, 23.052193272816769 ], [ 72.473120614050131, 23.052205692466931 ], [ 72.473033371975333, 23.052226253141377 ], [ 72.472948805632242, 23.05225474819083 ], [ 72.472867764957172, 23.052290891220125 ], [ 72.472791064451499, 23.052334318966803 ], [ 72.472719474995685, 23.052384594952347 ], [ 72.472653716101419, 23.052441213869287 ], [ 72.472594448680212, 23.052503606660089 ], [ 72.472542268400801, 23.052571146236815 ], [ 72.472497699702473, 23.052643153783961 ], [ 72.472461190524101, 23.052718905581223 ], [ 72.472433107802132, 23.052797640277529 ], [ 72.472413733782702, 23.052878566543214 ], [ 72.472403263184901, 23.052960871023529 ], [ 72.472381863184907, 23.053257071144159 ], [ 72.472380228870293, 23.053334778036664 ], [ 72.472386533773701, 23.053412282613234 ], [ 72.472400722151747, 23.0534888996348 ], [ 72.472422668560895, 23.053563951710579 ], [ 72.472452178966734, 23.053636775287004 ], [ 72.472488992459347, 23.053706726514246 ], [ 72.472532783560212, 23.053773186938574 ], [ 72.472583165099735, 23.053835568970058 ], [ 72.47263969164041, 23.053893321077474 ], [ 72.472701863415011, 23.053945932664277 ], [ 72.472728492413751, 23.053964540815826 ] ] ] } },
{ "type": "Feature", "properties": { "version": 2, "visible": null, "lon": null, "timestamp": 1666808237, "tags": { "visible": false, "landuse": "basin", "name": "Chandlodia Lake" }, "changeset": null, "lat": null, "id": 297225637, "natural": "water", "water": "lake", "wetland": null, "osm_type": "way", "grassland": null, "reef": null, "Risk": "High" }, "geometry": { "type": "Polygon", "coordinates": [ [ [ 72.550796146282408, 23.085141045551882 ], [ 72.550943646282406, 23.08523724506944 ], [ 72.551012589235341, 23.085277994738345 ], [ 72.551085282022981, 23.085312795293333 ], [ 72.551161119719808, 23.085341357140347 ], [ 72.551239471229437, 23.085363442601121 ], [ 72.551319684536367, 23.085378867890942 ], [ 72.551401092131812, 23.085387504647919 ], [ 72.55148301656854, 23.08538928100112 ], [ 72.551724416568518, 23.085384381031236 ], [ 72.551824315176248, 23.085377211037276 ], [ 72.551922724264713, 23.085359850780119 ], [ 72.552094400587009, 23.085320320284104 ], [ 72.553076114104073, 23.085117747262501 ], [ 72.553159847221949, 23.085096510417586 ], [ 72.553240959440629, 23.085067933779726 ], [ 72.553318692461403, 23.085032284500503 ], [ 72.55339231957683, 23.084989895851034 ], [ 72.553461152464564, 23.0849411641065 ], [ 72.55352454762243, 23.084886544841705 ], [ 72.553581912384232, 23.084826548672254 ], [ 72.553729412384243, 23.084656349324479 ], [ 72.553783117234843, 23.084587395756916 ], [ 72.553828855355192, 23.084513740876115 ], [ 72.553866144831574, 23.084436160730025 ], [ 72.553894592768316, 23.08435547272563 ], [ 72.553913899427442, 23.084272527016712 ], [ 72.553923861386878, 23.08418819754651 ], [ 72.553934561386868, 23.084015397606922 ], [ 72.553935608245112, 23.083943525542846 ], [ 72.553929862098556, 23.083871841624845 ], [ 72.553917366418872, 23.083800888168753 ], [ 72.55388516641888, 23.083657787990436 ], [ 72.553864734750348, 23.08358420383032 ], [ 72.55383704603797, 23.083512655916266 ], [ 72.553802334138922, 23.083443748541278 ], [ 72.553760892227771, 23.083378063697293 ], [ 72.553713070320356, 23.083316156159583 ], [ 72.553659272317546, 23.08325854880097 ], [ 72.55359995259397, 23.083205728175475 ], [ 72.553392274691916, 23.083037099748935 ], [ 72.553378153941551, 23.083008876106721 ], [ 72.553333204570663, 23.082938353501071 ], [ 72.553280900775306, 23.082872261566301 ], [ 72.553221754414409, 23.082811247102732 ], [ 72.553156344310054, 23.082755907221497 ], [ 72.553085310583015, 23.082706783500768 ], [ 72.552994110583001, 23.082649983211645 ], [ 72.552900102248145, 23.082598811738396 ], [ 72.552800037626696, 23.082558515042898 ], [ 72.552755422186749, 23.082543449808664 ], [ 72.552739740347207, 23.082525465497678 ], [ 72.552679814451821, 23.082468811581528 ], [ 72.55261427859196, 23.082417684117875 ], [ 72.552543732417249, 23.082372550926827 ], [ 72.552468821421414, 23.08233382498091 ], [ 72.552390231036085, 23.082301860626128 ], [ 72.552308680359062, 23.082276950339516 ], [ 72.552224915574683, 23.082259322052849 ], [ 72.552139703126272, 23.082249137066896 ], [ 72.55205382270313, 23.082246488575425 ], [ 72.551968060106574, 23.082251400812439 ], [ 72.551883200059777, 23.082263828830413 ], [ 72.551800019027624, 23.082283658911575 ], [ 72.551719278112117, 23.082310709608521 ], [ 72.551641716088312, 23.082344733404558 ], [ 72.551317216088322, 23.082505034272671 ], [ 72.551247478479041, 23.08254331717751 ], [ 72.551181784065349, 23.082587237451353 ], [ 72.551120669745984, 23.082636436142977 ], [ 72.55086316974598, 23.082863437150458 ], [ 72.550795737127913, 23.082929797872147 ], [ 72.55073662937022, 23.083002566304906 ], [ 72.550686560682394, 23.083080863165225 ], [ 72.550437160682407, 23.083525064418296 ], [ 72.550399502507332, 23.083601401902218 ], [ 72.550370445039519, 23.083680856293146 ], [ 72.550350287292517, 23.083762609967238 ], [ 72.55033923669798, 23.083845821641447 ], [ 72.550317736697977, 23.084124621762729 ], [ 72.550315803426074, 23.084205111188236 ], [ 72.550322393248081, 23.084285391652397 ], [ 72.550337443618474, 23.084364701195742 ], [ 72.55036081169068, 23.084442287075372 ], [ 72.550462711690685, 23.084726086528189 ], [ 72.550497249967222, 23.084807533692899 ], [ 72.550540948359114, 23.08488516843364 ], [ 72.550593317792831, 23.084958121867572 ], [ 72.550653772148166, 23.085025577506112 ], [ 72.550721634818316, 23.08508678039269 ], [ 72.550796146282408, 23.085141045551882 ] ] ] } },
{ "type": "Feature", "properties": { "version": 1, "visible": null, "lon": null, "timestamp": 1407826362, "tags": { "visible": false, "name": "Auda Lake" }, "changeset": null, "lat": null, "id": 297316929, "natural": "water", "water": "lake", "wetland": null, "osm_type": "way", "grassland": null, "reef": null, "Risk": "High" }, "geometry": { "type": "Polygon", "coordinates": [ [ [ 72.563117732961445, 23.089098195009015 ], [ 72.563400632961461, 23.089121394866936 ], [ 72.563494533718043, 23.089124556845704 ], [ 72.563588279835784, 23.089118678668768 ], [ 72.563680845626251, 23.089103824648848 ], [ 72.563771218315125, 23.089080157302771 ], [ 72.563858409123085, 23.089047935573454 ], [ 72.563941464084195, 23.089007511997025 ], [ 72.564019474483359, 23.088959328845899 ], [ 72.564245674483359, 23.088803229613646 ], [ 72.564315549511647, 23.088749718150584 ], [ 72.564379186621295, 23.088689983421503 ], [ 72.564435933930483, 23.088624637325378 ], [ 72.564485210134663, 23.088554349242774 ], [ 72.564526510461405, 23.088479839179158 ], [ 72.564559411841003, 23.088401870389653 ], [ 72.564583577240384, 23.088321241560742 ], [ 72.56459875911554, 23.088238778628906 ], [ 72.564649059115538, 23.087845578911441 ], [ 72.564655098797729, 23.087762307485651 ], [ 72.564651977330143, 23.08767890027891 ], [ 72.564601677330145, 23.087135399995454 ], [ 72.564589330893895, 23.087052240412309 ], [ 72.564567878385347, 23.086970661774316 ], [ 72.564537541104187, 23.086891505633726 ], [ 72.564498632003648, 23.086815588554185 ], [ 72.564451552462103, 23.086743693686955 ], [ 72.564396788142503, 23.086676562691892 ], [ 72.564271088142505, 23.086537762145689 ], [ 72.564212896256294, 23.086479430656368 ], [ 72.564148903347984, 23.086426489634576 ], [ 72.564079696801215, 23.086379425026596 ], [ 72.564005911855077, 23.086338668839502 ], [ 72.563928225773225, 23.08630459517563 ], [ 72.56384735162743, 23.086277516798468 ], [ 72.563764031752299, 23.086257682261657 ], [ 72.563679030931539, 23.086245273627402 ], [ 72.563593129378063, 23.086240404795223 ], [ 72.56350711557252, 23.086243120456395 ], [ 72.562972915572502, 23.086283620704549 ], [ 72.562886598013435, 23.086294058867225 ], [ 72.562801784212994, 23.08631213448302 ], [ 72.562719270785124, 23.086337677773589 ], [ 72.562639832737602, 23.086370448819288 ], [ 72.562564216192612, 23.086410139812784 ], [ 72.562493131378886, 23.086456377950281 ], [ 72.562427245960833, 23.086508728933371 ], [ 72.562367178767559, 23.086566701048383 ], [ 72.562313493980426, 23.086629749785068 ], [ 72.562266695834012, 23.086697282951196 ], [ 72.562227223880129, 23.086768666234942 ], [ 72.561950623880136, 23.087335267662006 ], [ 72.561918721031404, 23.087410179365445 ], [ 72.561894888406073, 23.08748758988882 ], [ 72.561879351913618, 23.087566765453918 ], [ 72.561872258824536, 23.08764695555292 ], [ 72.561873676374205, 23.087727400062526 ], [ 72.561883591125692, 23.087807336449266 ], [ 72.561901909097017, 23.087886006997497 ], [ 72.562008809097023, 23.088256106413162 ], [ 72.562032979025759, 23.088326833836181 ], [ 72.56206394280926, 23.088395283780503 ], [ 72.562101451207923, 23.088460905269667 ], [ 72.562145202301991, 23.088523170095158 ], [ 72.562194843921802, 23.088581577068073 ], [ 72.562345643921788, 23.088743476420404 ], [ 72.562400238297144, 23.088797072373129 ], [ 72.562459790445928, 23.088845997230877 ], [ 72.562523829902787, 23.088889864489758 ], [ 72.562591850752298, 23.088928327601028 ], [ 72.562663315625898, 23.08896108270865 ], [ 72.562833015625898, 23.089030382319208 ], [ 72.562925031540431, 23.089062531072546 ], [ 72.563020318650928, 23.089085226124791 ], [ 72.563117732961445, 23.089098195009015 ] ] ] } },
{ "type": "Feature", "properties": { "version": 1, "visible": null, "lon": null, "timestamp": 1414676117, "tags": { "visible": false }, "changeset": null, "lat": null, "id": 310366539, "natural": "water", "water": null, "wetland": null, "osm_type": "way", "grassland": null, "reef": null, "Risk": "High" }, "geometry": { "type": "Polygon", "coordinates": [ [ [ 72.636054384482989, 23.195482186151796 ], [ 72.636278784482997, 23.195452686332136 ], [ 72.636367117479637, 23.195436888801201 ], [ 72.636453287716478, 23.195413047191909 ], [ 72.636536430458463, 23.19538140075522 ], [ 72.636615711351993, 23.195342267063864 ], [ 72.636690334797905, 23.19529603882566 ], [ 72.636759551935427, 23.195243179942871 ], [ 72.636822668157123, 23.195184220857129 ], [ 72.636879050079429, 23.195119753226674 ], [ 72.636928131898813, 23.195050423989226 ], [ 72.636969421069679, 23.194976928870158 ], [ 72.63700250324716, 23.194900005401038 ], [ 72.637027046445169, 23.1948204255186 ], [ 72.637042804367965, 23.1947389878184 ], [ 72.637049618881747, 23.194656509540966 ], [ 72.637047421601494, 23.194573818370678 ], [ 72.637038721601471, 23.194466718321433 ], [ 72.637027531612773, 23.194384628580966 ], [ 72.637007460813706, 23.194303980104195 ], [ 72.636978710694876, 23.19422558252392 ], [ 72.636941569878502, 23.194150222877525 ], [ 72.636896411221002, 23.19407865770571 ], [ 72.636843688069803, 23.194011605457362 ], [ 72.636783929712195, 23.193949739276796 ], [ 72.636717736061968, 23.193893680245747 ], [ 72.636645771636651, 23.193843991148064 ], [ 72.636568758886625, 23.19380117081959 ], [ 72.636487470942299, 23.193765649140072 ], [ 72.636402723852768, 23.193737782717331 ], [ 72.636315368393454, 23.193717851307049 ], [ 72.636226281525197, 23.193706055004093 ], [ 72.636136357590388, 23.193702512233614 ], [ 72.636046499334796, 23.193707258562121 ], [ 72.635830799334798, 23.193728658693498 ], [ 72.635744269586155, 23.193741192091533 ], [ 72.635659479286872, 23.193761412502663 ], [ 72.635577234691269, 23.193789127651527 ], [ 72.635498317846995, 23.193824073995671 ], [ 72.63542347915886, 23.193865919231637 ], [ 72.635353430253247, 23.193914265455035 ], [ 72.635288837211405, 23.193968652944349 ], [ 72.635230314235912, 23.194028564532587 ], [ 72.635178417810224, 23.194093430525218 ], [ 72.635133641407265, 23.194162634117511 ], [ 72.635096410797047, 23.194235517259909 ], [ 72.635067079998123, 23.194311386915494 ], [ 72.635045927911321, 23.194389521650162 ], [ 72.635033155667642, 23.194469178492763 ], [ 72.635028884715865, 23.1945496 ], [ 72.635028884715865, 23.1946648 ], [ 72.635033440620191, 23.194747854278038 ], [ 72.635047062121629, 23.194830066067539 ], [ 72.63506961105432, 23.194910601478639 ], [ 72.635100858699474, 23.194988643626775 ], [ 72.635140488105407, 23.195063400918389 ], [ 72.635188097302375, 23.19513411508003 ], [ 72.635243203379829, 23.195200068849431 ], [ 72.635305247384821, 23.195260593250577 ], [ 72.635373599991382, 23.195315074378971 ], [ 72.635447567884071, 23.195362959628302 ], [ 72.63552640079034, 23.195403763295324 ], [ 72.63560929909076, 23.195437071506149 ], [ 72.635695421929711, 23.195462546414017 ], [ 72.635783895744396, 23.19547992962589 ], [ 72.635873823125536, 23.195489044823219 ], [ 72.63596429191999, 23.195489799550263 ], [ 72.636054384482989, 23.195482186151796 ] ] ] } },
{ "type": "Feature", "properties": { "version": 3, "visible": null, "lon": null, "timestamp": 1686198616, "tags": { "visible": false, "name": "Naroda Lake", "source": "bing" }, "changeset": null, "lat": null, "id": 313584708, "natural": "water", "water": "reservoir", "wetland": null, "osm_type": "way", "grassland": null, "reef": null, "Risk": "High" }, "geometry": { "type": "Polygon", "coordinates": [ [ [ 72.658596910499838, 23.078288711744559 ], [ 72.658647651976423, 23.078280502815634 ], [ 72.658732836351774, 23.078258596686286 ], [ 72.658815266095203, 23.078229089919375 ], [ 72.658894142070665, 23.078192268570845 ], [ 72.658968699594993, 23.078148489608758 ], [ 72.659299899595013, 23.077932190692714 ], [ 72.659369336515113, 23.077881941926918 ], [ 72.659433072554265, 23.077825661446898 ], [ 72.659490491273587, 23.077763893576009 ], [ 72.659541037333781, 23.077697235710367 ], [ 72.659584221866112, 23.077626332541218 ], [ 72.659886921866118, 23.07706643407354 ], [ 72.659924806886949, 23.07698589619153 ], [ 72.659953195507612, 23.076902116566558 ], [ 72.659971767629003, 23.076816039860216 ], [ 72.659980313839029, 23.076728636636801 ], [ 72.659978737773898, 23.076640892419725 ], [ 72.659967057204739, 23.076553796579276 ], [ 72.659861257204739, 23.076006095990351 ], [ 72.659841119346183, 23.075925496236287 ], [ 72.659812326190817, 23.075847151628391 ], [ 72.659775166073373, 23.075771846714428 ], [ 72.6597300111154, 23.075700335603788 ], [ 72.659498011115403, 23.075371934504041 ], [ 72.659449498219672, 23.075309765726963 ], [ 72.659394942384083, 23.075251992023894 ], [ 72.659334811436736, 23.075199108822812 ], [ 72.659269621013493, 23.075151569614647 ], [ 72.658921721013499, 23.074921168465572 ], [ 72.65885173814344, 23.074879223048946 ], [ 72.658777823151851, 23.07484343880132 ], [ 72.658700615041269, 23.074814125086142 ], [ 72.658620781283588, 23.074791535327726 ], [ 72.658205581283596, 23.074693234742732 ], [ 72.658110879887175, 23.07467574680534 ], [ 72.658014684993688, 23.074667714402498 ], [ 72.657918108748319, 23.074669230401511 ], [ 72.657822267705257, 23.074680277275029 ], [ 72.657728269918664, 23.074700727303696 ], [ 72.657061069918655, 23.074881228367822 ], [ 72.656983001263058, 23.074905988305634 ], [ 72.656907733826955, 23.074937238927742 ], [ 72.656835903632725, 23.074974716156753 ], [ 72.65676811765745, 23.075018103298788 ], [ 72.656704948703904, 23.075067033719755 ], [ 72.656290048703909, 23.075419635311373 ], [ 72.656224313606415, 23.075481683230539 ], [ 72.656166000921814, 23.075549721684187 ], [ 72.656115751594243, 23.075623002818901 ], [ 72.656074117939369, 23.075700721156931 ], [ 72.656041557573644, 23.075782022449943 ], [ 72.655891157573649, 23.076228423262119 ], [ 72.655867071284987, 23.07631692144837 ], [ 72.655853734569675, 23.076407322759703 ], [ 72.65585130994819, 23.076498525567857 ], [ 72.655859826966875, 23.076589418479784 ], [ 72.655931326966879, 23.077052118079578 ], [ 72.655949403972272, 23.077136965451654 ], [ 72.655977017760407, 23.077219610913982 ], [ 72.656013866084209, 23.077299149874374 ], [ 72.656245166084204, 23.077733848699822 ], [ 72.656287908967613, 23.077805070320871 ], [ 72.656338056657034, 23.077872080492291 ], [ 72.656395123171222, 23.077934229825299 ], [ 72.656458555478594, 23.077990916037841 ], [ 72.656527738856667, 23.078041589791091 ], [ 72.656602002849354, 23.078085760012765 ], [ 72.657074702849357, 23.078337458673968 ], [ 72.657152099543936, 23.078374183209824 ], [ 72.657232997887178, 23.078403840720732 ], [ 72.657316637607394, 23.078426152494153 ], [ 72.65740223266981, 23.078440908850776 ], [ 72.657488978663608, 23.078447971114855 ], [ 72.657576060361706, 23.078447272917401 ], [ 72.658168260361705, 23.078416073108833 ], [ 72.65825465095817, 23.078407650786954 ], [ 72.658339753245784, 23.078391590802006 ], [ 72.658422771309731, 23.078368043351468 ], [ 72.658502928727785, 23.078337228657819 ], [ 72.658579475831729, 23.078299434909042 ], [ 72.658596910499838, 23.078288711744559 ] ] ] } },
{ "type": "Feature", "properties": { "version": 1, "visible": null, "lon": null, "timestamp": 1418170939, "tags": { "visible": false }, "changeset": null, "lat": null, "id": 316612687, "natural": "water", "water": null, "wetland": null, "osm_type": "way", "grassland": null, "reef": null, "Risk": "High" }, "geometry": { "type": "Polygon", "coordinates": [ [ [ 72.680214628680119, 23.092637414524521 ], [ 72.681505128680101, 23.092478315494198 ], [ 72.681591823520932, 23.092463612772079 ], [ 72.681676534268249, 23.092441164198735 ], [ 72.681758445121758, 23.092411185959616 ], [ 72.681836767245343, 23.092373966752877 ], [ 72.681910746363869, 23.092329865009361 ], [ 72.681979670027204, 23.092279305440947 ], [ 72.682042874471321, 23.092222774950631 ], [ 72.682099751010767, 23.092160817943746 ], [ 72.682149751900411, 23.09209403108536 ], [ 72.682192395610585, 23.092023057554442 ], [ 72.682227271464328, 23.091948580849991 ], [ 72.682254043592479, 23.09187131820892 ], [ 72.682272454168086, 23.091792013698939 ], [ 72.682282325889574, 23.091711431053056 ], [ 72.68228356368806, 23.091630346314588 ], [ 72.682276155643038, 23.091549540363609 ], [ 72.682195955643039, 23.090999039913982 ], [ 72.682179972842846, 23.090919289627724 ], [ 72.682155569251307, 23.090841364407275 ], [ 72.682122979891204, 23.090766014728107 ], [ 72.682082518619751, 23.090693966262592 ], [ 72.68203457510586, 23.090625912891184 ], [ 72.681979611077423, 23.090562510019595 ], [ 72.681918155874541, 23.09050436826659 ], [ 72.681850801351644, 23.090452047583049 ], [ 72.681778196177561, 23.090406051858984 ], [ 72.681701039588305, 23.090366824070465 ], [ 72.681620074653111, 23.090334742013237 ], [ 72.681536081118097, 23.090310114664035 ], [ 72.681449867896816, 23.090293179204739 ], [ 72.68136226527983, 23.090284098738007 ], [ 72.681274116938567, 23.090282960716358 ], [ 72.681186271800087, 23.090289776099901 ], [ 72.679895771800091, 23.090448877069527 ], [ 72.679809076929686, 23.090463579973608 ], [ 72.679724366149429, 23.090486028843554 ], [ 72.679642455260321, 23.09051600748333 ], [ 72.679564133099191, 23.090553227180923 ], [ 72.679490153941913, 23.090597329488883 ], [ 72.679421230239384, 23.090647889676621 ], [ 72.679358025756258, 23.090704420820931 ], [ 72.679301149178727, 23.090766378495591 ], [ 72.679251148252519, 23.090833166014662 ], [ 72.679208504507898, 23.090904140179102 ], [ 72.679173628622337, 23.090978617471336 ], [ 72.679146856465522, 23.091055880638017 ], [ 72.679128445864762, 23.0911351855977 ], [ 72.679118574121972, 23.091215768606826 ], [ 72.679117336306277, 23.09129685361501 ], [ 72.679124744338353, 23.091377659738786 ], [ 72.679204944338352, 23.091928159289164 ], [ 72.679220927133997, 23.09200790901394 ], [ 72.679245330728662, 23.092085833594439 ], [ 72.679277920099295, 23.092161182568322 ], [ 72.679318381388342, 23.092233230279202 ], [ 72.679366324926377, 23.092301282865002 ], [ 72.679421288984855, 23.092364684940069 ], [ 72.679482744222909, 23.092422825906759 ], [ 72.679550098785256, 23.092475145835607 ], [ 72.679622704002142, 23.092521140857567 ], [ 72.679699860636461, 23.092560368016336 ], [ 72.679780825617925, 23.092592449534042 ], [ 72.679864819199295, 23.092617076449311 ], [ 72.679951032465837, 23.092634011592516 ], [ 72.680038635125797, 23.092643091869771 ], [ 72.680126783506637, 23.092644229833489 ], [ 72.680214628680119, 23.092637414524521 ] ] ] } },
{ "type": "Feature", "properties": { "version": 1, "visible": null, "lon": null, "timestamp": 1418170939, "tags": { "visible": false }, "changeset": null, "lat": null, "id": 316612689, "natural": "water", "water": null, "wetland": null, "osm_type": "way", "grassland": null, "reef": null, "Risk": "High" }, "geometry": { "type": "Polygon", "coordinates": [ [ [ 72.681267286172684, 23.080087698753761 ], [ 72.681678986172685, 23.080383397321214 ], [ 72.681752779547764, 23.080431113333432 ], [ 72.681831402317371, 23.080471781019614 ], [ 72.681914061821431, 23.080504990382327 ], [ 72.681999924702339, 23.080530406616624 ], [ 72.682088125306578, 23.080547773485264 ], [ 72.682177774412182, 23.08055691590187 ], [ 72.682267968193642, 23.080557741695994 ], [ 72.682381268193652, 23.080553541721791 ], [ 72.682469715823615, 23.080546221600674 ], [ 72.682556945617648, 23.080530903295102 ], [ 72.682642105103099, 23.080507736503922 ], [ 72.682724362039892, 23.080476947625794 ], [ 72.682802912553782, 23.080438837546787 ], [ 72.682876988992319, 23.080393778700095 ], [ 72.68294586742698, 23.080342211426618 ], [ 72.683008874727889, 23.08028463967187 ], [ 72.683065395142151, 23.080221626061345 ], [ 72.683114876311393, 23.080153786402416 ], [ 72.683156834669845, 23.0800817836665 ], [ 72.6831908601701, 23.080006321510314 ], [ 72.683415260170079, 23.07942962270489 ], [ 72.683440387660056, 23.079353753225767 ], [ 72.683457493708417, 23.079276017136205 ], [ 72.683466420757327, 23.079197130433514 ], [ 72.683467086582837, 23.079117819714138 ], [ 72.683460186582835, 23.078960319675154 ], [ 72.683451770190302, 23.078875978430645 ], [ 72.683434014616907, 23.078792872543829 ], [ 72.683407106353982, 23.07871187490008 ], [ 72.683371328025856, 23.078633836242822 ], [ 72.683327055421401, 23.078559576237797 ], [ 72.683274753547067, 23.078489874863603 ], [ 72.683214971742757, 23.078425464219166 ], [ 72.683148337911973, 23.078367020833927 ], [ 72.683075551926791, 23.0783151585618 ], [ 72.682733151926797, 23.078096057456353 ], [ 72.682654627689871, 23.078051142660858 ], [ 72.682571500806475, 23.07801389165304 ], [ 72.682484651983913, 23.077984699103979 ], [ 72.682395001362522, 23.077963874306349 ], [ 72.682303498766913, 23.077951637897304 ], [ 72.682211113642907, 23.077948119520698 ], [ 72.682118824786457, 23.077953356453495 ], [ 72.682027609973559, 23.077967293210765 ], [ 72.681938435601083, 23.077989782133567 ], [ 72.681852246447903, 23.07802058495351 ], [ 72.681625646447898, 23.078114185478292 ], [ 72.681544696188496, 23.078152262921218 ], [ 72.681468344197995, 23.07819767292451 ], [ 72.681397372574907, 23.07824995033144 ], [ 72.68133250830482, 23.07830855963973 ], [ 72.681274415813746, 23.07837290048715 ], [ 72.681223690162071, 23.078442313801574 ], [ 72.681180850949303, 23.078516088552387 ], [ 72.681032750949299, 23.078805489309989 ], [ 72.681001927995226, 23.078873415986006 ], [ 72.680977797223647, 23.078943596309774 ], [ 72.680960550067581, 23.079015473527239 ], [ 72.680950323351283, 23.079088477423454 ], [ 72.680924923351299, 23.079367277566572 ], [ 72.680921893122999, 23.07944913852587 ], [ 72.680927686287461, 23.079530873318191 ], [ 72.680942245936492, 23.079611679035722 ], [ 72.680965429045671, 23.0796907618987 ], [ 72.680997007879398, 23.07976734505289 ], [ 72.681036672228018, 23.079840676200703 ], [ 72.681084032455075, 23.079910034991144 ], [ 72.681138623324884, 23.079974740095778 ], [ 72.681199908572736, 23.080034155901448 ], [ 72.681267286172684, 23.080087698753761 ] ] ] } },
{ "type": "Feature", "properties": { "version": 2, "visible": null, "lon": null, "timestamp": 1686198616, "tags": { "visible": false, "name": "Saijpur Lake" }, "changeset": null, "lat": null, "id": 323234510, "natural": "water", "water": "reservoir", "wetland": null, "osm_type": "way", "grassland": null, "reef": null, "Risk": "High" }, "geometry": { "type": "Polygon", "coordinates": [ [ [ 72.641041461286946, 23.061167409896044 ], [ 72.641064573428707, 23.06117447485639 ], [ 72.641146910111331, 23.061195698141425 ], [ 72.641231066917641, 23.06120962248097 ], [ 72.641316281361298, 23.061216121718537 ], [ 72.641401781373432, 23.061215136970134 ], [ 72.641486792297854, 23.061206677157699 ], [ 72.641570543909651, 23.061190818928335 ], [ 72.6416348044296, 23.061172647044888 ], [ 72.64167009472294, 23.061175791987743 ], [ 72.641757890829538, 23.06117569360336 ], [ 72.641845257184457, 23.061167710141337 ], [ 72.641931359265683, 23.061151917858179 ], [ 72.642002566218977, 23.061135491900124 ], [ 72.642013293597159, 23.061134828379817 ], [ 72.642095235532622, 23.061122696356787 ], [ 72.642175610798461, 23.061103657860691 ], [ 72.642253733306916, 23.061077875402319 ], [ 72.642315233306931, 23.061054575534634 ], [ 72.642384002948717, 23.061025343212098 ], [ 72.642449851213925, 23.060990883723377 ], [ 72.642512309830394, 23.060951442119141 ], [ 72.642570109830402, 23.060911542315143 ], [ 72.642639688899848, 23.060858265164129 ], [ 72.642703087204751, 23.060798815603217 ], [ 72.64275966098441, 23.06073379728894 ], [ 72.642808835775881, 23.060663870424357 ], [ 72.642850112247203, 23.060589745055587 ], [ 72.642883071267775, 23.060512173862062 ], [ 72.642907378164296, 23.06043194451394 ], [ 72.642922786119016, 23.060349871674131 ], [ 72.642929138676081, 23.060266788726182 ], [ 72.642926371330191, 23.060183539312025 ], [ 72.642914512181633, 23.060100968765486 ], [ 72.642893681650847, 23.060019915528553 ], [ 72.642709845635494, 23.059437402779256 ], [ 72.642738937876828, 23.05937499417124 ], [ 72.642765311120087, 23.059298828189785 ], [ 72.642783564376117, 23.059220674256334 ], [ 72.642793526910765, 23.059141263390782 ], [ 72.642795105538198, 23.059061338371141 ], [ 72.642788285492529, 23.058981646785959 ], [ 72.642773130565914, 23.05890293404163 ], [ 72.642749782511885, 23.058825936390136 ], [ 72.642731782511888, 23.058776036293608 ], [ 72.64270308848819, 23.058706985035531 ], [ 72.642667803689534, 23.058640568933171 ], [ 72.642646103689529, 23.05860396882553 ], [ 72.642601436337813, 23.058536512465931 ], [ 72.642549974596619, 23.058473287298675 ], [ 72.642492188467372, 23.058414870767162 ], [ 72.64242860571224, 23.058361796397651 ], [ 72.64235980703414, 23.058314548926287 ], [ 72.642286420773146, 23.058273559871772 ], [ 72.642246620773136, 23.058253659764404 ], [ 72.642194781336457, 23.058229701427695 ], [ 72.642147781336448, 23.058209701316223 ], [ 72.642063110868733, 23.058178370500123 ], [ 72.641975422488187, 23.05815510570806 ], [ 72.641885621208687, 23.058140147055425 ], [ 72.641794633850864, 23.058133648930205 ], [ 72.641703399476654, 23.058135678399452 ], [ 72.641612859697389, 23.058146214517034 ], [ 72.641523948955651, 23.058165148539867 ], [ 72.641422748955648, 23.058191748696927 ], [ 72.641338786789774, 23.058218006450222 ], [ 72.641258047473187, 23.058251753301786 ], [ 72.641181317822529, 23.058292660378058 ], [ 72.64110934557965, 23.058340329027171 ], [ 72.640823745579638, 23.058549930033426 ], [ 72.640738963367568, 23.058620739955991 ], [ 72.640623363367567, 23.058730440424927 ], [ 72.64059684559318, 23.058756722493165 ], [ 72.640452245593181, 23.058906423103863 ], [ 72.64040325684546, 23.058961780497857 ], [ 72.640359642292239, 23.059020820808346 ], [ 72.640321727279257, 23.059083103615595 ], [ 72.640289794636118, 23.05914816431261 ], [ 72.640239781234641, 23.059263048561931 ], [ 72.640191275458861, 23.059360827259688 ], [ 72.640137918891767, 23.059445045120849 ], [ 72.640101378891629, 23.059508988876974 ], [ 72.640071047013436, 23.0595756241304 ], [ 72.640045746966223, 23.059638824382503 ], [ 72.640020446966219, 23.059702024516653 ], [ 72.639991495541466, 23.059788752863302 ], [ 72.639973049638598, 23.059877878255786 ], [ 72.639965331511164, 23.05996832682419 ], [ 72.639968434154383, 23.06005900875784 ], [ 72.639975634154368, 23.060135508717313 ], [ 72.639986320890898, 23.060209740199991 ], [ 72.640004420890904, 23.060302840099308 ], [ 72.640021531750321, 23.060373060572257 ], [ 72.640045216304244, 23.060441645406453 ], [ 72.640075295008472, 23.060508074687522 ], [ 72.640129495008452, 23.060614474410212 ], [ 72.640169000094716, 23.0606833762 ], [ 72.640215379951357, 23.060748549860531 ], [ 72.640268222573084, 23.060809416441689 ], [ 72.640327058544031, 23.060865435254719 ], [ 72.640391365207719, 23.060916108675105 ], [ 72.640460571309987, 23.060960986562883 ], [ 72.64053406207357, 23.060999670261136 ], [ 72.640703962073573, 23.061079569824205 ], [ 72.640784974933581, 23.061113128301315 ], [ 72.640869194411309, 23.061139159659618 ], [ 72.640955796714735, 23.06115740927806 ], [ 72.641041461286946, 23.061167409896044 ] ] ] } },
{ "type": "Feature", "properties": { "version": 3, "visible": null, "lon": null, "timestamp": 1633166409, "tags": { "visible": false, "name": "Mumatpura Lake" }, "changeset": null, "lat": null, "id": 326493488, "natural": "water", "water": "lake", "wetland": null, "osm_type": "way", "grassland": null, "reef": null, "Risk": "High" }, "geometry": { "type": "Polygon", "coordinates": [ [ [ 72.488198576693421, 23.016693829797546 ], [ 72.488259876693419, 23.016736929587594 ], [ 72.488328672605107, 23.01678078498005 ], [ 72.488401604049088, 23.016818557761344 ], [ 72.488405872046442, 23.016820309003357 ], [ 72.488409698805043, 23.016823790528306 ], [ 72.488445798805046, 23.016853690392068 ], [ 72.488515821116266, 23.016906074831727 ], [ 72.488591200105503, 23.016951729355767 ], [ 72.488671175183143, 23.016990193307617 ], [ 72.488754939384037, 23.017021078584321 ], [ 72.488841647510071, 23.017044073552331 ], [ 72.48893042465825, 23.017058946191728 ], [ 72.489020375048725, 23.017065546437205 ], [ 72.489110591063422, 23.017063807692132 ], [ 72.489192459270555, 23.017054612676787 ], [ 72.489239715128377, 23.017061153400103 ], [ 72.489329883113257, 23.017065200553411 ], [ 72.489420037130074, 23.017060897865708 ], [ 72.48950926671256, 23.017048288789073 ], [ 72.48959667073035, 23.01702750066039 ], [ 72.489681366489407, 23.016998743415442 ], [ 72.489719266489402, 23.016983843499439 ], [ 72.489800588513376, 23.01694731109437 ], [ 72.489877504597331, 23.016903433803712 ], [ 72.489925036954986, 23.016869785962687 ], [ 72.4899947045554, 23.016837487633307 ], [ 72.490071909481941, 23.016792076734763 ], [ 72.490119732168409, 23.016757155994657 ], [ 72.490121389140711, 23.016756180421265 ], [ 72.490190930479187, 23.016705708893461 ], [ 72.490254734280924, 23.016649180269962 ], [ 72.490281834280935, 23.016622680381296 ], [ 72.490326397763027, 23.016575669379311 ], [ 72.490366982953233, 23.016525699437434 ], [ 72.490383182953238, 23.016504099512648 ], [ 72.490389801780395, 23.016494927813195 ], [ 72.49042269190808, 23.016457565357822 ], [ 72.490464215862801, 23.016418516198922 ], [ 72.490517178043135, 23.016358354588494 ], [ 72.490563793152134, 23.016293896651469 ], [ 72.490596193152115, 23.016244196808227 ], [ 72.490636197520118, 23.016175728795325 ], [ 72.490669038270866, 23.016104105240995 ], [ 72.490694425068341, 23.01602995934487 ], [ 72.490712133474844, 23.015953946606786 ], [ 72.490722006935243, 23.015876739031846 ], [ 72.490726906935251, 23.015812539059421 ], [ 72.490728406936498, 23.01572177215257 ], [ 72.490719086782491, 23.015631400906493 ], [ 72.490699058822543, 23.015542514698478 ], [ 72.490668564482604, 23.015456185006585 ], [ 72.490633664482615, 23.015373184822948 ], [ 72.490597801630599, 23.015298952958961 ], [ 72.490554196869795, 23.015228318758414 ], [ 72.490503271179605, 23.015161964160914 ], [ 72.490445516218898, 23.015100529789517 ], [ 72.490381489579292, 23.015044608765599 ], [ 72.490311809402002, 23.014994740982331 ], [ 72.490237148409847, 23.014951407892045 ], [ 72.490164626506072, 23.014917977633822 ], [ 72.490053733114593, 23.014766203917219 ], [ 72.489999996482666, 23.01470005075263 ], [ 72.489939356773959, 23.014639162468601 ], [ 72.48987241916798, 23.014584146732961 ], [ 72.489799851696844, 23.014535552605942 ], [ 72.489722378578207, 23.014493865060324 ], [ 72.489640772987741, 23.014459500141108 ], [ 72.489555849342864, 23.014432800813218 ], [ 72.489468455174901, 23.014414033538472 ], [ 72.489379462670826, 23.014403385616149 ], [ 72.489289759968855, 23.014400963313598 ], [ 72.489200242294942, 23.014406790805662 ], [ 72.489119542294958, 23.014415790860429 ], [ 72.489030429888089, 23.014429949123244 ], [ 72.488943315556341, 23.014452281816499 ], [ 72.488859082095715, 23.014482562621989 ], [ 72.488778583108072, 23.014520484675984 ], [ 72.488702634351085, 23.014565663679125 ], [ 72.48863200547143, 23.01461764179108 ], [ 72.488567412205398, 23.014675892270457 ], [ 72.488509509125834, 23.01473982481301 ], [ 72.488458883008803, 23.014808791533916 ], [ 72.488416046887366, 23.014882093533643 ], [ 72.488381434852613, 23.01495898798067 ], [ 72.488355397654686, 23.015038695639458 ], [ 72.488338199148401, 23.015120408767249 ], [ 72.48833001361929, 23.015203299299703 ], [ 72.488330924017617, 23.015286527242448 ], [ 72.488332318084915, 23.015298062586123 ], [ 72.488274953534756, 23.015330630629805 ], [ 72.48824175353478, 23.01535123073451 ], [ 72.488170042471822, 23.015400687447695 ], [ 72.488104041616637, 23.015456473835734 ], [ 72.488044407715094, 23.01551803478495 ], [ 72.487991734158385, 23.015584757721541 ], [ 72.487946545078216, 23.015655978707311 ], [ 72.487909290131569, 23.015730989046535 ], [ 72.487880340026294, 23.015809042338127 ], [ 72.487859982832333, 23.015889361902989 ], [ 72.487848421115316, 23.015971148512598 ], [ 72.487845769920895, 23.016053588341894 ], [ 72.487852055629915, 23.016135861067394 ], [ 72.487867215696056, 23.016217148029881 ], [ 72.487891099268055, 23.016296640380506 ], [ 72.487923468690795, 23.01637354712917 ], [ 72.48796400187021, 23.016447103015185 ], [ 72.488012295478185, 23.016516576121838 ], [ 72.488067868965913, 23.016581275159158 ], [ 72.488130169345681, 23.016640556342352 ], [ 72.488198576693421, 23.016693829797546 ] ] ] } },
{ "type": "Feature", "properties": { "version": 1, "visible": null, "lon": null, "timestamp": 1423222479, "tags": { "visible": false }, "changeset": null, "lat": null, "id": 326732726, "natural": "water", "water": null, "wetland": null, "osm_type": "way", "grassland": null, "reef": null, "Risk": "High" }, "geometry": { "type": "Polygon", "coordinates": [ [ [ 72.612127705269003, 22.953553127474382 ], [ 72.612070205268992, 22.953888027794154 ], [ 72.612060730319968, 22.953968697337313 ], [ 72.612059884059462, 22.954049833523211 ], [ 72.612067674630111, 22.954130655661977 ], [ 72.612084027071347, 22.954210386086899 ], [ 72.612170027071357, 22.954540085616074 ], [ 72.612194800824795, 22.954618001532719 ], [ 72.61222775021804, 22.954693305848977 ], [ 72.612268557844885, 22.954765273152624 ], [ 72.612316830599696, 22.954833210178247 ], [ 72.612533330599689, 22.95510750919216 ], [ 72.612588624212094, 22.955170782862417 ], [ 72.612650389859638, 22.955228758559898 ], [ 72.612718032123993, 22.955280877408416 ], [ 72.612790898936495, 22.955326636991419 ], [ 72.613104998936493, 22.955503736067882 ], [ 72.613182362632671, 22.955542683962541 ], [ 72.613263500263429, 22.955574460592629 ], [ 72.613347630161925, 22.955598759832373 ], [ 72.613433941834288, 22.955615347590896 ], [ 72.61379764183431, 22.955668247271383 ], [ 72.613885232566062, 22.955676959903759 ], [ 72.613973328905985, 22.955677730172091 ], [ 72.614061083519033, 22.95567055066784 ], [ 72.614147652356962, 22.955655490444229 ], [ 72.614505652356939, 22.955576290915118 ], [ 72.61459030615616, 22.955553461782177 ], [ 72.614672120280929, 22.955523097688925 ], [ 72.614750305866707, 22.955485491405746 ], [ 72.614824109035823, 22.955441005532425 ], [ 72.615121909035835, 22.955241606518562 ], [ 72.615190509100287, 22.955190759225392 ], [ 72.615253372681778, 22.955133971221027 ], [ 72.615309895641687, 22.955071788248826 ], [ 72.615359534776687, 22.955004807899577 ], [ 72.615551934776676, 22.95471570882323 ], [ 72.615594281947395, 22.954644443830254 ], [ 72.615628833430733, 22.954569697585008 ], [ 72.615655255985885, 22.954492190992116 ], [ 72.615673294773572, 22.954412671580162 ], [ 72.615730794773583, 22.954077771899939 ], [ 72.615740273175788, 22.95399704783523 ], [ 72.615741111236673, 22.953915856930944 ], [ 72.615733300881558, 22.953834981455145 ], [ 72.615716917362619, 22.953755200638138 ], [ 72.615630817362614, 22.953425500166809 ], [ 72.615606040448441, 22.95334764062962 ], [ 72.615573099320869, 22.953272390660281 ], [ 72.61553231088493, 22.953200474194343 ], [ 72.615484067539398, 22.953132583098839 ], [ 72.615267567539405, 22.95285828211281 ], [ 72.615208766660999, 22.952791396297407 ], [ 72.615142737628133, 22.952730497649824 ], [ 72.615070195056589, 22.952676245269458 ], [ 72.614991924056525, 22.952629226324614 ], [ 72.6149087717355, 22.952589949697405 ], [ 72.61482163803035, 22.952558840475874 ], [ 72.614731465967466, 22.952536235353101 ], [ 72.614549365967463, 22.952499835135605 ], [ 72.614465492655768, 22.95248686315356 ], [ 72.614449975643339, 22.952485836973345 ], [ 72.614402070633616, 22.952452764110085 ], [ 72.614329412379078, 22.952407529589227 ], [ 72.614252310004375, 22.952369035146798 ], [ 72.61417149847972, 22.952337647732893 ], [ 72.614087748132462, 22.952313666549742 ], [ 72.614001857303876, 22.952297320199424 ], [ 72.613914644739225, 22.95228876450458 ], [ 72.613826941783046, 22.952288081022953 ], [ 72.613739584454478, 22.952295276269862 ], [ 72.613653405478018, 22.952310281656146 ], [ 72.613295305478019, 22.952389482127007 ], [ 72.61321063701746, 22.952412310792109 ], [ 72.613128808701205, 22.952442677066706 ], [ 72.613050609776963, 22.952480288058076 ], [ 72.6129767944863, 22.952524780996082 ], [ 72.612678994486302, 22.952724181982141 ], [ 72.612610354966321, 22.952775061983203 ], [ 72.612547459100668, 22.952831889544225 ], [ 72.612490912057524, 22.952894117877648 ], [ 72.612441257918221, 22.95296114823114 ], [ 72.61224895791824, 22.953250249154411 ], [ 72.612206650872693, 22.953321481189537 ], [ 72.612172131087974, 22.9533961891511 ], [ 72.61214573111171, 22.953473653332079 ], [ 72.612127705269003, 22.953553127474382 ] ] ] } },
{ "type": "Feature", "properties": { "version": 2, "visible": null, "lon": null, "timestamp": 1634603955, "tags": { "visible": false }, "changeset": null, "lat": null, "id": 326971304, "natural": "water", "water": null, "wetland": null, "osm_type": "way", "grassland": null, "reef": null, "Risk": "High" }, "geometry": { "type": "Polygon", "coordinates": [ [ [ 72.587813065944559, 22.992783594612735 ], [ 72.588117265944561, 22.993450893031326 ], [ 72.588155357425194, 22.993524145299762 ], [ 72.588201070635463, 22.993593604764676 ], [ 72.588253964680703, 22.993658601509953 ], [ 72.58831352940858, 22.993718508662017 ], [ 72.588379190329334, 22.993772748435664 ], [ 72.588450314156688, 22.993820797706359 ], [ 72.588526214915717, 22.993862193055463 ], [ 72.588606160558967, 22.993896535239493 ], [ 72.588689380026921, 22.99392349304053 ], [ 72.588775070684633, 22.993942806460527 ], [ 72.588862406063043, 22.993954289228768 ], [ 72.588950543830165, 22.993957830598283 ], [ 72.590134843830157, 22.993951830635034 ], [ 72.590209720128144, 22.993948572227389 ], [ 72.591927920128143, 22.993807473088125 ], [ 72.59201374467186, 22.99379656384016 ], [ 72.592098028418349, 22.993778094428741 ], [ 72.592179987375189, 22.993752236649978 ], [ 72.592258859174763, 22.993719231024169 ], [ 72.59233391016565, 22.99367938455865 ], [ 72.592404442236869, 22.993633067892269 ], [ 72.592469799311687, 22.993580711848004 ], [ 72.592529373450205, 22.993522803425726 ], [ 72.592582610504408, 22.993459881272496 ], [ 72.592629015272706, 22.993392530672391 ], [ 72.5926681561062, 22.993321378102564 ], [ 72.592785956106198, 22.99307887870884 ], [ 72.592820582241842, 22.992995893565229 ], [ 72.592845331538555, 22.992909966249311 ], [ 72.592859917989713, 22.992822089745665 ], [ 72.592864173032012, 22.992733279565815 ], [ 72.592856081040011, 22.991965270994363 ], [ 72.59291468916291, 22.991959924320181 ], [ 72.59299941951069, 22.991948417609567 ], [ 72.593082574359698, 22.991929535019022 ], [ 72.593163397820703, 22.991903448190889 ], [ 72.59324115519702, 22.991870394254011 ], [ 72.593315139663176, 22.991830673668353 ], [ 72.593384678689944, 22.991784647493908 ], [ 72.593449140157816, 22.991732734108879 ], [ 72.593507938102931, 22.991675405406735 ], [ 72.593560538043718, 22.991613182506907 ], [ 72.5936064618393, 22.991546631017957 ], [ 72.593645292035916, 22.991476355896349 ], [ 72.593676675661612, 22.991402995947542 ], [ 72.593700327434803, 22.991327218019325 ], [ 72.593716032357563, 22.991249710940238 ], [ 72.593723647669933, 22.991171179258192 ], [ 72.593723104147614, 22.991092336836072 ], [ 72.593714406731337, 22.991013900362663 ], [ 72.593679706731336, 22.990801700169225 ], [ 72.593662697581351, 22.990723511509817 ], [ 72.593637587001098, 22.990647194412325 ], [ 72.593604608471779, 22.990573458486111 ], [ 72.593564068631778, 22.990502989341511 ], [ 72.593516344425382, 22.990436442214765 ], [ 72.593461879598053, 22.990374435875331 ], [ 72.593401180570353, 22.990317546872298 ], [ 72.593334811729179, 22.990266304173268 ], [ 72.593263390180027, 22.990221184245726 ], [ 72.593187580009129, 22.990182606626547 ], [ 72.593108086108572, 22.990150930020842 ], [ 72.593025647622298, 22.990126448966464 ], [ 72.592941031073295, 22.990109391095181 ], [ 72.592855023236496, 22.990099915015978 ], [ 72.592768423823145, 22.990098108840179 ], [ 72.592682038045055, 22.99010398936214 ], [ 72.591379238045064, 22.990251090256248 ], [ 72.591305850101548, 22.990262232500999 ], [ 72.591233715023222, 22.990278925539414 ], [ 72.591163327341263, 22.990301054928207 ], [ 72.590055927341268, 22.990697057188683 ], [ 72.589956781254699, 22.990739059105525 ], [ 72.58986390001138, 22.9907918194518 ], [ 72.588798253747527, 22.99148280076497 ], [ 72.588260369511204, 22.991714723234349 ], [ 72.588184433199885, 22.991751637466958 ], [ 72.588112672772695, 22.991795057807643 ], [ 72.588045743995522, 22.991844587463728 ], [ 72.587984258481313, 22.991899773813596 ], [ 72.587928778101059, 22.991960112543087 ], [ 72.587879809849227, 22.992025052254341 ], [ 72.587837801210711, 22.992093999504807 ], [ 72.58780313607167, 22.992166324230531 ], [ 72.587776131211285, 22.992241365504064 ], [ 72.587757033407229, 22.992318437574347 ], [ 72.587746017180237, 22.992396836133437 ], [ 72.587743183199606, 22.992475844752772 ], [ 72.587748557362943, 22.992554741430141 ], [ 72.587762090559721, 22.992632805187544 ], [ 72.587783659120007, 22.992709322659678 ], [ 72.587813065944559, 22.992783594612735 ] ] ] } },
{ "type": "Feature", "properties": { "version": 4, "visible": null, "lon": null, "timestamp": 1641790759, "tags": { "visible": false }, "changeset": null, "lat": null, "id": 336346912, "natural": "water", "water": "lake", "wetland": null, "osm_type": "way", "grassland": null, "reef": null, "Risk": "High" }, "geometry": { "type": "Polygon", "coordinates": [ [ [ 72.510986261566416, 23.010062851382269 ], [ 72.511008871000342, 23.01007188613238 ], [ 72.511019433593091, 23.010082536953874 ], [ 72.511084478182298, 23.010136487192153 ], [ 72.511154920039218, 23.010184352672763 ], [ 72.511667220039214, 23.010498151071722 ], [ 72.511748957486205, 23.010542666729727 ], [ 72.511835344212074, 23.0105789906364 ], [ 72.511925414612278, 23.010606716780909 ], [ 72.512018161907307, 23.010625535254242 ], [ 72.512112549396079, 23.010635235712968 ], [ 72.51220752204398, 23.010635709730288 ], [ 72.512315022043964, 23.010631009759067 ], [ 72.51239484286026, 23.010624224270764 ], [ 72.512473688693603, 23.010610916312618 ], [ 72.51255093171369, 23.010591191850786 ], [ 72.512625956852958, 23.010565207943618 ], [ 72.512698166704382, 23.010533171491144 ], [ 72.512785766704383, 23.01048977172535 ], [ 72.512867368162574, 23.010444032950659 ], [ 72.512943230455349, 23.010390575873252 ], [ 72.513012495455882, 23.010330005171518 ], [ 72.513074379663507, 23.010263005990268 ], [ 72.513128183066414, 23.010190336191052 ], [ 72.513166383066419, 23.010132336375317 ], [ 72.513211014146876, 23.010055764036213 ], [ 72.513246667945722, 23.009975303217747 ], [ 72.513272950677759, 23.009891842578714 ], [ 72.513289572058312, 23.009806303911425 ], [ 72.513296348509357, 23.009719631961055 ], [ 72.513293205187068, 23.009632783991307 ], [ 72.513272405187081, 23.009410383874414 ], [ 72.513264216660957, 23.009349427614126 ], [ 72.513251134736223, 23.009289198990512 ], [ 72.513118134736217, 23.008776698260807 ], [ 72.513090283072501, 23.008690447777937 ], [ 72.513052414218862, 23.008607493572221 ], [ 72.513004976629162, 23.008528818018124 ], [ 72.512948532072926, 23.008455352822377 ], [ 72.51268843207292, 23.008153151672371 ], [ 72.512624013557726, 23.008086106880661 ], [ 72.512552099502329, 23.008025863726296 ], [ 72.512473532525547, 23.00797312808939 ], [ 72.51232563252556, 23.007884727635041 ], [ 72.512248257168167, 23.007843370440394 ], [ 72.512166795864104, 23.007809303341499 ], [ 72.512082056773494, 23.007782864316365 ], [ 72.51199488057469, 23.00776431566544 ], [ 72.511906132124082, 23.007753841409208 ], [ 72.511816691876035, 23.007751545462387 ], [ 72.511727447148047, 23.007757450602998 ], [ 72.511639283317948, 23.007771498246338 ], [ 72.511553075040183, 23.007793549026232 ], [ 72.51139257504019, 23.007842649311772 ], [ 72.511314620335412, 23.007870263989709 ], [ 72.511239789229847, 23.00790442396028 ], [ 72.511168728708085, 23.007944833873893 ], [ 72.511102053154531, 23.007991144343752 ], [ 72.511040339041458, 23.008042954966857 ], [ 72.510984119944851, 23.008099817786064 ], [ 72.510865319944841, 23.008231818302111 ], [ 72.510820331435539, 23.008286238350799 ], [ 72.510780382300467, 23.008343894044724 ], [ 72.51074574578503, 23.008404391024662 ], [ 72.510644445785019, 23.008600591540752 ], [ 72.510616734558965, 23.008660182733706 ], [ 72.510594179972955, 23.008721588831285 ], [ 72.510482379972956, 23.009070489436176 ], [ 72.510461897454192, 23.009148018438619 ], [ 72.510449628789104, 23.009227003571041 ], [ 72.510445688219576, 23.009306709347531 ], [ 72.510450112438903, 23.009386393573049 ], [ 72.510462860250172, 23.009465314254548 ], [ 72.510483812949929, 23.009542736510131 ], [ 72.510512775433341, 23.009617939411978 ], [ 72.510549478011185, 23.009690222699259 ], [ 72.510593578920904, 23.009758913298601 ], [ 72.510644667509084, 23.009823371591313 ], [ 72.510702268055311, 23.009882997369072 ], [ 72.510765844201913, 23.009937235422683 ], [ 72.51083480394837, 23.009985580711703 ], [ 72.51090850516384, 23.010027583066986 ], [ 72.510986261566416, 23.010062851382269 ] ] ] } },
{ "type": "Feature", "properties": { "version": 3, "visible": null, "lon": null, "timestamp": 1745126643, "tags": { "visible": false, "name": "Lotus Pond", "short_name": "LP" }, "changeset": null, "lat": null, "id": 340401815, "natural": "water", "water": "lake", "wetland": null, "osm_type": "way", "grassland": null, "reef": null, "Risk": "High" }, "geometry": { "type": "Polygon", "coordinates": [ [ [ 72.628156153532672, 23.189155839313475 ], [ 72.628171553532681, 23.189172039247662 ], [ 72.628240445927403, 23.189236943241379 ], [ 72.628316665166594, 23.189294512068074 ], [ 72.628399292078569, 23.189344051481989 ], [ 72.628419292078547, 23.189354651425294 ], [ 72.628508429262538, 23.189396006078667 ], [ 72.62860200866092, 23.189428012238253 ], [ 72.628698874173651, 23.189450274499876 ], [ 72.628721574173653, 23.189454274475622 ], [ 72.628817124528382, 23.189466266616638 ], [ 72.628913522816688, 23.189468774361622 ], [ 72.629009658079397, 23.189461768810141 ], [ 72.629032458079408, 23.189458968827278 ], [ 72.629130122411425, 23.189441873050523 ], [ 72.629225133431731, 23.189414961636725 ], [ 72.629316327392502, 23.189378564206049 ], [ 72.629336927392487, 23.189369064258468 ], [ 72.629421972504559, 23.189324350140375 ], [ 72.629501214365945, 23.189271388615506 ], [ 72.629573710393572, 23.189210809652611 ], [ 72.629589910393577, 23.189195709718067 ], [ 72.629654160348025, 23.189128974171084 ], [ 72.629710212286469, 23.189056262711627 ], [ 72.62975741335967, 23.188978422217023 ], [ 72.629767513359667, 23.188959422268521 ], [ 72.629806246357731, 23.188874974076015 ], [ 72.629834560086991, 23.188787100471234 ], [ 72.629852105774503, 23.188696883889431 ], [ 72.629854905774494, 23.1886757839052 ], [ 72.629861446941362, 23.188585985537021 ], [ 72.629857317601619, 23.18849606611186 ], [ 72.629842566808776, 23.188407093806546 ], [ 72.629837866808771, 23.188386393780441 ], [ 72.629812815497871, 23.188299837186999 ], [ 72.629777712808831, 23.188216283815763 ], [ 72.6297329717395, 23.188136716713515 ], [ 72.629721271739513, 23.188118416656277 ], [ 72.629666548747764, 23.188042699394089 ], [ 72.629603103131316, 23.187972970101491 ], [ 72.62953170378664, 23.187910073836758 ], [ 72.629514203786641, 23.187896273772093 ], [ 72.629435338595727, 23.187840736124667 ], [ 72.62935028402363, 23.187793543279295 ], [ 72.62926008037671, 23.187755272462919 ], [ 72.629238380376719, 23.187747372417569 ], [ 72.629144509871765, 23.187718586879861 ], [ 72.62904776454549, 23.187699466784302 ], [ 72.628949318369777, 23.187690244150968 ], [ 72.628925918369774, 23.187689244144803 ], [ 72.628826181865378, 23.187690077220264 ], [ 72.628727160598572, 23.187701068737653 ], [ 72.628630075286509, 23.187722083192945 ], [ 72.628607575286509, 23.187728183229073 ], [ 72.628512956983101, 23.187759219080544 ], [ 72.628422700323469, 23.187799772351941 ], [ 72.628337934125625, 23.187849335845009 ], [ 72.628318834125622, 23.187861935908202 ], [ 72.62824154689487, 23.18791912036993 ], [ 72.628171591279155, 23.187983790453735 ], [ 72.628109820593536, 23.188055157306998 ], [ 72.628096320593542, 23.188072657369485 ], [ 72.628042863739651, 23.188150887528515 ], [ 72.62799924789698, 23.188234116935636 ], [ 72.627966018987891, 23.188321303832655 ], [ 72.627959518987907, 23.188342003868094 ], [ 72.627937284120421, 23.188431031255675 ], [ 72.627925882545568, 23.188521771331025 ], [ 72.627925453780335, 23.188613113738075 ], [ 72.627926653780335, 23.188634713731272 ], [ 72.627937349837154, 23.188726365144177 ], [ 72.62795909207, 23.188816349630599 ], [ 72.627991609545973, 23.188903545886085 ], [ 72.628000409545962, 23.188923445839823 ], [ 72.628042870441817, 23.189006044791988 ], [ 72.628094997787144, 23.189083826635301 ], [ 72.628156153532672, 23.189155839313475 ] ] ] } },
{ "type": "Feature", "properties": { "version": 1, "visible": null, "lon": null, "timestamp": 1437036603, "tags": { "visible": false }, "changeset": null, "lat": null, "id": 360829674, "natural": "water", "water": "lake", "wetland": null, "osm_type": "way", "grassland": null, "reef": null, "Risk": "High" }, "geometry": { "type": "Polygon", "coordinates": [ [ [ 72.46207959452056, 23.067277627172011 ], [ 72.46208250365153, 23.067356573153788 ], [ 72.462091503651521, 23.067435373103205 ], [ 72.462105250678817, 23.067516608299606 ], [ 72.462127701834135, 23.067596184965247 ], [ 72.462158634963359, 23.067673315692819 ], [ 72.462197743983253, 23.067747237278798 ], [ 72.462244641910118, 23.067817218275138 ], [ 72.462298864689103, 23.067882566226704 ], [ 72.462359875785936, 23.067942634522858 ], [ 72.462427071495924, 23.06799682879539 ], [ 72.462499786917704, 23.068044612799508 ], [ 72.462577302532338, 23.068085513719645 ], [ 72.462658851322956, 23.068119126847733 ], [ 72.462740051322967, 23.06814822668116 ], [ 72.462828399725055, 23.068175128797709 ], [ 72.462919299133105, 23.06819347720041 ], [ 72.463011774012131, 23.06820307497722 ], [ 72.463160674012144, 23.068211374926324 ], [ 72.463215, 23.068212887652624 ], [ 72.463360823762613, 23.068212887652624 ], [ 72.463439597416055, 23.068224783929704 ], [ 72.463455997162228, 23.068225550832913 ], [ 72.46354355142978, 23.068257405432767 ], [ 72.463636683489668, 23.068281025645753 ], [ 72.463732033925282, 23.068295307931468 ], [ 72.4638285, 23.068300087116942 ], [ 72.463934543970907, 23.068300087116942 ], [ 72.463996916221589, 23.068310842377212 ], [ 72.46410263632356, 23.068323155901908 ], [ 72.4641719947588, 23.068327410680126 ], [ 72.464211206595223, 23.068335230334284 ], [ 72.464279726241955, 23.068346357858619 ], [ 72.464351841550226, 23.068355435762729 ], [ 72.464437634533041, 23.068371193562314 ], [ 72.464525138765282, 23.068383178608979 ], [ 72.4646135, 23.068387186581873 ], [ 72.464862226601625, 23.068387186581873 ], [ 72.464962066420497, 23.068390761387196 ], [ 72.465060845267899, 23.068389296519946 ], [ 72.465158851947166, 23.068377861128521 ], [ 72.465254901129555, 23.068356593514221 ], [ 72.465345201129551, 23.068331693660745 ], [ 72.465423796056456, 23.068306312281692 ], [ 72.465499497835722, 23.068274342265738 ], [ 72.465571655593678, 23.068236058482167 ], [ 72.465639648927691, 23.068191790084551 ], [ 72.46570289324022, 23.068141917680894 ], [ 72.465779593240242, 23.068075517977963 ], [ 72.465842778231504, 23.06801496527757 ], [ 72.465898961545477, 23.067948828312009 ], [ 72.465947563644633, 23.067877789284147 ], [ 72.465988083192627, 23.067802580962752 ], [ 72.466020102225542, 23.067723979124203 ], [ 72.46604329046329, 23.067642794550473 ], [ 72.466057408716452, 23.067559864666091 ], [ 72.466066408716443, 23.06748096471668 ], [ 72.466068686561925, 23.067457881884401 ], [ 72.466071524487319, 23.067423826798159 ], [ 72.466078363387709, 23.067403990280784 ], [ 72.466097230351807, 23.067319603293246 ], [ 72.46610644680834, 23.067233867734544 ], [ 72.466106365958396, 23.067220828701529 ], [ 72.466116477965997, 23.067157146959076 ], [ 72.466125477965974, 23.067074147009691 ], [ 72.466129905978818, 23.066988338133676 ], [ 72.466124629140964, 23.066902569844292 ], [ 72.466109704460749, 23.066817768740403 ], [ 72.46608529317696, 23.066734850973628 ], [ 72.466051659016983, 23.066654712350534 ], [ 72.466036357829566, 23.066627168385054 ], [ 72.466035812752068, 23.066625042640652 ], [ 72.466006271660603, 23.066546329612244 ], [ 72.465968271582653, 23.066470751036604 ], [ 72.465922198277326, 23.066399074158209 ], [ 72.465868519459363, 23.066332026614194 ], [ 72.465807780051236, 23.066270289047463 ], [ 72.465753580051242, 23.066220488831004 ], [ 72.465686393041352, 23.066164685252314 ], [ 72.46561344349854, 23.066115385560014 ], [ 72.465535472048799, 23.066073090280504 ], [ 72.465453270303371, 23.066038228826709 ], [ 72.465423319207957, 23.066028755573971 ], [ 72.465422431201219, 23.066027833385963 ], [ 72.465356829041056, 23.065972021167994 ], [ 72.465285525150648, 23.065922481014443 ], [ 72.465209224952631, 23.065879703042405 ], [ 72.465128683299028, 23.065844110468955 ], [ 72.465073106007083, 23.065825545257024 ], [ 72.465039811991048, 23.06580392292285 ], [ 72.464961004917853, 23.065762996231012 ], [ 72.464888804917848, 23.065729796048586 ], [ 72.464820865391317, 23.065701730228909 ], [ 72.464685565391306, 23.065651929944888 ], [ 72.464654675780181, 23.065641162137261 ], [ 72.464528375780205, 23.065599561896672 ], [ 72.464438398673593, 23.065574725489 ], [ 72.464346094519101, 23.065558669986633 ], [ 72.464252472703635, 23.065551570966758 ], [ 72.464103572703621, 23.065547470941581 ], [ 72.464024957936601, 23.06554847320697 ], [ 72.463946739518619, 23.06555579603987 ], [ 72.463869516610075, 23.065569383345668 ], [ 72.463829925924742, 23.065578017168644 ], [ 72.46376218742212, 23.065573846052885 ], [ 72.4637022, 23.065572001201648 ], [ 72.4635398, 23.065572001201648 ], [ 72.463481993586484, 23.065573714205449 ], [ 72.463342093586476, 23.065582014256332 ], [ 72.463265247867582, 23.065590881640869 ], [ 72.463218472970155, 23.065583153775442 ], [ 72.463132776836744, 23.065576680151814 ], [ 72.463046800563205, 23.065577774413878 ], [ 72.462961331850494, 23.065586426535997 ], [ 72.462877153749417, 23.06560255724736 ], [ 72.462795037486302, 23.065626018758298 ], [ 72.462715735397367, 23.065656596114398 ], [ 72.462705239907237, 23.065661779077754 ], [ 72.462664030364806, 23.065673131550643 ], [ 72.462627422194274, 23.065685012237733 ], [ 72.462610279118564, 23.065684951487775 ], [ 72.462522319773768, 23.065692625517652 ], [ 72.462435605247137, 23.065708212437222 ], [ 72.462350974391839, 23.065731561460073 ], [ 72.462269245904153, 23.065762446710032 ], [ 72.462191210403688, 23.065800569406349 ], [ 72.46211762278503, 23.06584556075428 ], [ 72.462049194915153, 23.065896985512872 ], [ 72.461986588746996, 23.065954346205679 ], [ 72.461941488747001, 23.0659999463942 ], [ 72.461883539646834, 23.066064883713775 ], [ 72.4618330557674, 23.066134898508487 ], [ 72.461790558833442, 23.066209267204307 ], [ 72.46175648802884, 23.06628722123266 ], [ 72.46173119545773, 23.066367954973455 ], [ 72.461714942505751, 23.066450634081001 ], [ 72.461707897138751, 23.066534404106669 ], [ 72.461710132166971, 23.066618399329347 ], [ 72.46172162449254, 23.066701751702233 ], [ 72.461742255348227, 23.066783599823641 ], [ 72.461771811524784, 23.066863097839061 ], [ 72.461809987574441, 23.066939424182493 ], [ 72.461859587574438, 23.067026623934119 ], [ 72.461904418728921, 23.067096795492045 ], [ 72.46195653468628, 23.067162569500518 ], [ 72.462015429969256, 23.067223308018576 ], [ 72.46207959452056, 23.067277627172011 ] ] ] } },
{ "type": "Feature", "properties": { "version": 2, "visible": null, "lon": null, "timestamp": 1744061225, "tags": { "visible": false }, "changeset": null, "lat": null, "id": 366459075, "natural": "water", "water": null, "wetland": null, "osm_type": "way", "grassland": null, "reef": null, "Risk": "High" }, "geometry": { "type": "Polygon", "coordinates": [ [ [ 72.495387174057015, 23.036281218981724 ], [ 72.49556087405702, 23.036262919093268 ], [ 72.495647876112216, 23.036249745023728 ], [ 72.495733055658192, 23.036228785363509 ], [ 72.495815592081257, 23.036200242032919 ], [ 72.495894690231367, 23.036164390011656 ], [ 72.495969588082531, 23.036121574689872 ], [ 72.496039564074223, 23.036072208540915 ], [ 72.496103944062696, 23.036016767147832 ], [ 72.496162107815692, 23.03595578462193 ], [ 72.496213494987757, 23.035889848457426 ], [ 72.496257610518541, 23.03581959387186 ], [ 72.496294029402122, 23.035745697686714 ], [ 72.496322400781608, 23.035668871807204 ], [ 72.496342451329099, 23.035589856364023 ], [ 72.496353987879075, 23.035509412583167 ], [ 72.496356899289225, 23.035428315452453 ], [ 72.496351157511228, 23.035347346255403 ], [ 72.496345857511244, 23.035304846225674 ], [ 72.49633635279497, 23.035251793546561 ], [ 72.496334404139617, 23.035224924327249 ], [ 72.496329704139598, 23.035187724300894 ], [ 72.496315246696113, 23.035107731981054 ], [ 72.496292342632657, 23.035029427964915 ], [ 72.496261212331603, 23.034953565695439 ], [ 72.49622215532797, 23.034880875122283 ], [ 72.496175547427285, 23.034812055678106 ], [ 72.496121837089675, 23.034747769548364 ], [ 72.496061541114727, 23.03468863529957 ], [ 72.495995239668858, 23.0346352219272 ], [ 72.495923570703027, 23.03458804338052 ], [ 72.49584722381428, 23.034547553617156 ], [ 72.495766933610582, 23.034514142234826 ], [ 72.495683472642355, 23.034488130722423 ], [ 72.495597643969035, 23.034469769366439 ], [ 72.49551027343206, 23.034459234842551 ], [ 72.495488381459779, 23.034458586988329 ], [ 72.495451843154044, 23.034454130748692 ], [ 72.49536366039915, 23.034451411128547 ], [ 72.495275613085838, 23.034456665726484 ], [ 72.495161613085827, 23.034468665799618 ], [ 72.495074571272241, 23.03448183982773 ], [ 72.494989353131587, 23.034502806557814 ], [ 72.494906780379381, 23.034531363814683 ], [ 72.494827649223041, 23.034567236230401 ], [ 72.494752722684382, 23.034610077899668 ], [ 72.494682723242221, 23.03465947571544 ], [ 72.494618325865872, 23.034714953352587 ], [ 72.494560151506747, 23.034775975861074 ], [ 72.494508761110851, 23.034841954824522 ], [ 72.494464650209849, 23.034912254034285 ], [ 72.494428244142895, 23.034986195624327 ], [ 72.494399893955347, 23.035063066607801 ], [ 72.494379873013756, 23.035142125752227 ], [ 72.494368374369955, 23.035222610726986 ], [ 72.494365508899577, 23.035303745454215 ], [ 72.494371304232899, 23.035384747592197 ], [ 72.4943926042329, 23.035554647472729 ], [ 72.494406982500522, 23.035634642320122 ], [ 72.49442980712152, 23.035712956135811 ], [ 72.494460858527603, 23.035788835560059 ], [ 72.494499838010427, 23.035861550652644 ], [ 72.494546370595145, 23.035930401914534 ], [ 72.494600008647552, 23.035994727016721 ], [ 72.494660236180266, 23.036053907171439 ], [ 72.494726473816428, 23.036107373084523 ], [ 72.494798084363183, 23.036154610431634 ], [ 72.494874378941347, 23.036195164805669 ], [ 72.494954623612259, 23.036228646087821 ], [ 72.495038046438196, 23.036254732200209 ], [ 72.495123844908179, 23.036273172203977 ], [ 72.495211193658037, 23.036283788713128 ], [ 72.495299252410206, 23.036286479600822 ], [ 72.495387174057015, 23.036281218981724 ] ] ] } },
{ "type": "Feature", "properties": { "version": 2, "visible": null, "lon": null, "timestamp": 1744061225, "tags": { "visible": false }, "changeset": null, "lat": null, "id": 366459076, "natural": "water", "water": null, "wetland": null, "osm_type": "way", "grassland": null, "reef": null, "Risk": "High" }, "geometry": { "type": "Polygon", "coordinates": [ [ [ 72.494579299438641, 23.036698820954626 ], [ 72.494593907677668, 23.036744789444587 ], [ 72.494626822888534, 23.036820040992932 ], [ 72.494667594030261, 23.036891961503056 ], [ 72.494715828525045, 23.036959858471441 ], [ 72.494771061931772, 23.037023078137203 ], [ 72.494832762418099, 23.037081011776788 ], [ 72.494900335881383, 23.037133101564969 ], [ 72.494973131669184, 23.037178845945782 ], [ 72.495050448844196, 23.037217804461665 ], [ 72.495131542933549, 23.037249601994244 ], [ 72.495215633097146, 23.037273932376074 ], [ 72.495301909646244, 23.037290561338487 ], [ 72.495389541839828, 23.037299328767112 ], [ 72.495477685883543, 23.037300150243546 ], [ 72.495565493054642, 23.037293017858072 ], [ 72.495792293054649, 23.037264218033116 ], [ 72.495878916832069, 23.037249200687555 ], [ 72.495963524222219, 23.037226442938188 ], [ 72.496045300575872, 23.037196163906025 ], [ 72.496123458502652, 23.03715865513027 ], [ 72.496197245452507, 23.037114277761397 ], [ 72.4962659509617, 23.037063459084017 ], [ 72.496328913493571, 23.037006688402968 ], [ 72.496385526808155, 23.036944512332283 ], [ 72.496435245799518, 23.036877529532351 ], [ 72.496477591744224, 23.036806384945923 ], [ 72.496512156910853, 23.036731763588499 ], [ 72.496538608485835, 23.036654383952804 ], [ 72.496556691778011, 23.036574991090959 ], [ 72.496566232670915, 23.036494349440819 ], [ 72.496567139299245, 23.036413235465627 ], [ 72.496559402933457, 23.036332430177843 ], [ 72.496543302933446, 23.036224930087794 ], [ 72.496527002663939, 23.036145229137681 ], [ 72.49650229460282, 23.036067381497624 ], [ 72.496469416547214, 23.035992136398502 ], [ 72.496462769141644, 23.035980399314123 ], [ 72.496459491520525, 23.035970073108224 ], [ 72.496426616447735, 23.035894835950007 ], [ 72.4963858894438, 23.03582292482891 ], [ 72.496337702394968, 23.035755031699079 ], [ 72.496282518970077, 23.035691809853134 ], [ 72.496220870158965, 23.035633867635763 ], [ 72.496153349163194, 23.035581762589814 ], [ 72.496080605688064, 23.035535996091195 ], [ 72.496003339690972, 23.035497008524192 ], [ 72.495922294646263, 23.035465175043761 ], [ 72.495838250391301, 23.035440801965436 ], [ 72.495752015622642, 23.03542412381767 ], [ 72.495664420114593, 23.035415301084985 ], [ 72.495576306734819, 23.035414418663656 ], [ 72.495488523334132, 23.035421485044736 ], [ 72.495427523334129, 23.035429185091537 ], [ 72.495340870786592, 23.035444141906826 ], [ 72.495256228738967, 23.035466843507596 ], [ 72.495174412471627, 23.03549707122599 ], [ 72.49514636309253, 23.03551050821163 ], [ 72.495082270888702, 23.035534243112348 ], [ 72.495004137461564, 23.035571742419926 ], [ 72.494930372401868, 23.035616106193892 ], [ 72.494861685532243, 23.035666907526259 ], [ 72.494861289354688, 23.03566726469716 ], [ 72.494829806517259, 23.035690032141797 ], [ 72.494767282167331, 23.035744973981576 ], [ 72.494710786228936, 23.035805192269361 ], [ 72.494660841933623, 23.035870129292718 ], [ 72.49461791183559, 23.035939183637428 ], [ 72.494582393527708, 23.036011715757642 ], [ 72.494554615959316, 23.036087053899195 ], [ 72.49453483638959, 23.036164500321203 ], [ 72.494523238005115, 23.036243337758222 ], [ 72.49451992822317, 23.036322836063285 ], [ 72.494520528223163, 23.036378936059894 ], [ 72.494528822288856, 23.036483169368079 ], [ 72.494537022288867, 23.036538169322213 ], [ 72.494553195895477, 23.036617594905 ], [ 72.494577718799206, 23.036695187821312 ], [ 72.494579299438641, 23.036698820954626 ] ] ] } },
{ "type": "Feature", "properties": { "version": 2, "visible": null, "lon": null, "timestamp": 1744061225, "tags": { "visible": false }, "changeset": null, "lat": null, "id": 366459081, "natural": "water", "water": null, "wetland": null, "osm_type": "way", "grassland": null, "reef": null, "Risk": "High" }, "geometry": { "type": "Polygon", "coordinates": [ [ [ 72.491633054791677, 23.036739866091658 ], [ 72.491634542070258, 23.036759142459861 ], [ 72.491647642070276, 23.03685914238643 ], [ 72.491662463117166, 23.036939062447388 ], [ 72.491685719946332, 23.037017262074031 ], [ 72.491717188861855, 23.037092989106622 ], [ 72.491756567179905, 23.037165515169196 ], [ 72.491803476139992, 23.037234142675288 ], [ 72.49185746454809, 23.037298211537436 ], [ 72.491918013116532, 23.037357105515994 ], [ 72.491984539458684, 23.037410258146153 ], [ 72.492056403690725, 23.037457158186228 ], [ 72.492125259217261, 23.037493332652176 ], [ 72.492157883980681, 23.037514573961147 ], [ 72.492234521327461, 23.037554723735227 ], [ 72.492315067247191, 23.037587765018266 ], [ 72.49239874551661, 23.037613379395836 ], [ 72.49248474972589, 23.037631320025767 ], [ 72.492572251050092, 23.03764141401679 ], [ 72.49266040623651, 23.037643564094612 ], [ 72.492748365731146, 23.03763774953924 ], [ 72.492820865731161, 23.037629649588581 ], [ 72.492907649692313, 23.03761595349815 ], [ 72.492992559715191, 23.037594504629602 ], [ 72.493074780027456, 23.037565509049109 ], [ 72.493153520698172, 23.037529245326702 ], [ 72.493228025226969, 23.037486061860083 ], [ 72.493297577812257, 23.037436373527608 ], [ 72.493361510228141, 23.037380657702599 ], [ 72.493419208244475, 23.037319449667262 ], [ 72.493458528831042, 23.037268386873993 ], [ 72.493480939767039, 23.037244612994574 ], [ 72.493531908420323, 23.037178406463607 ], [ 72.493567446480952, 23.037121046701426 ], [ 72.493615465266345, 23.037058713556327 ], [ 72.493659173619307, 23.036988212090151 ], [ 72.493695158186298, 23.036914105857193 ], [ 72.493723072054891, 23.036837109279876 ], [ 72.493742646118946, 23.036757964646299 ], [ 72.493753691672921, 23.036677434954274 ], [ 72.493756102231188, 23.036596296555715 ], [ 72.493749854554522, 23.036515331672231 ], [ 72.493742254554519, 23.036457331629634 ], [ 72.493727425180282, 23.036377388455954 ], [ 72.493704155184858, 23.036299167108382 ], [ 72.49367266852218, 23.03622342040449 ], [ 72.493633268224599, 23.036150877346621 ], [ 72.493586333486419, 23.036082236105706 ], [ 72.49353231601458, 23.036018157301733 ], [ 72.493471735681297, 23.035959257645604 ], [ 72.493405175520721, 23.035906104003537 ], [ 72.493333276117767, 23.035859207941183 ], [ 72.493256729443019, 23.035819020799998 ], [ 72.493176272193097, 23.035785929353167 ], [ 72.493168468667378, 23.035783532357726 ], [ 72.493142801057573, 23.035770060622834 ], [ 72.49306227364238, 23.035736957970691 ], [ 72.492978606983797, 23.035711281801817 ], [ 72.492892607564045, 23.035693279619018 ], [ 72.492805104351362, 23.035683124952598 ], [ 72.492716940809416, 23.035680915687514 ], [ 72.492628966766972, 23.035686673119759 ], [ 72.492402066766971, 23.035711873273254 ], [ 72.492315182579759, 23.035725531214524 ], [ 72.492230171114173, 23.035746959252805 ], [ 72.492147850820345, 23.035775951085441 ], [ 72.492069014239078, 23.035812227588018 ], [ 72.491994420371697, 23.035855439501823 ], [ 72.491924787372568, 23.035905170796557 ], [ 72.491860785635282, 23.035960942675931 ], [ 72.491803031338264, 23.036022218187554 ], [ 72.491752080512512, 23.036088407392736 ], [ 72.491708423688479, 23.036158873046382 ], [ 72.491672481173367, 23.036232936732397 ], [ 72.491644599004729, 23.036309885395351 ], [ 72.491625045618861, 23.03638897820565 ], [ 72.491614009266513, 23.036469453692078 ], [ 72.491611596200443, 23.036550537072973 ], [ 72.491617829652526, 23.036631447715546 ], [ 72.491629529652528, 23.03672084764996 ], [ 72.491633054791677, 23.036739866091658 ] ] ] } },
{ "type": "Feature", "properties": { "version": 2, "visible": null, "lon": null, "timestamp": 1744061225, "tags": { "visible": false }, "changeset": null, "lat": null, "id": 366459082, "natural": "water", "water": null, "wetland": null, "osm_type": "way", "grassland": null, "reef": null, "Risk": "High" }, "geometry": { "type": "Polygon", "coordinates": [ [ [ 72.494625525268546, 23.035761027934107 ], [ 72.494626645281528, 23.0357765741701 ], [ 72.49463444528152, 23.035838574126352 ], [ 72.494648859798062, 23.035918570550852 ], [ 72.494671721418698, 23.035996882488153 ], [ 72.494702810180257, 23.036072756463309 ], [ 72.494741826962169, 23.036145462459398 ], [ 72.494788396364328, 23.036214300941126 ], [ 72.494842070319137, 23.036278609585281 ], [ 72.494902332402447, 23.036337769652963 ], [ 72.494968602802487, 23.036391211942561 ], [ 72.495040243898387, 23.036438422266013 ], [ 72.495116566395197, 23.036478946395842 ], [ 72.495196835955767, 23.036512394435189 ], [ 72.4952802802663, 23.03653844456904 ], [ 72.495366096467137, 23.036556846160305 ], [ 72.495453458877449, 23.036567422161177 ], [ 72.495541526939576, 23.036570070816488 ], [ 72.495629453306421, 23.036564766642663 ], [ 72.495798553306429, 23.03654686675176 ], [ 72.495885490859905, 23.03653366100561 ], [ 72.49597060431239, 23.036512680723813 ], [ 72.496053074766095, 23.036484127759341 ], [ 72.496132108752221, 23.036448276822661 ], [ 72.496206945865026, 23.036405472838926 ], [ 72.496276866077963, 23.036356127629546 ], [ 72.496341196671239, 23.036300715950187 ], [ 72.496399318704135, 23.036239770923316 ], [ 72.49645067297007, 23.036173878909171 ], [ 72.496494765376823, 23.036103673864503 ], [ 72.496512318310877, 23.036068071410057 ], [ 72.496529164690116, 23.036046448522249 ], [ 72.496573262716069, 23.035976199987982 ], [ 72.496609666101406, 23.035902311945531 ], [ 72.496638024252803, 23.035825495989592 ], [ 72.496658064058934, 23.035746491914015 ], [ 72.496669592520689, 23.035666060587126 ], [ 72.496672498609854, 23.035584976624143 ], [ 72.496666754338534, 23.035504020927068 ], [ 72.496660754338535, 23.035455920893412 ], [ 72.496646412977682, 23.035375864353124 ], [ 72.496623612833048, 23.035297487127039 ], [ 72.49659257353639, 23.035221544219546 ], [ 72.496553594086478, 23.035148767186609 ], [ 72.496507049968841, 23.035079857088551 ], [ 72.496453389538829, 23.035015477736604 ], [ 72.496393129702554, 23.034956249298219 ], [ 72.496326850937635, 23.034902742322799 ], [ 72.496255191701479, 23.034855472245351 ], [ 72.496178842281097, 23.034814894421093 ], [ 72.496098538143656, 23.034781399738762 ], [ 72.496015052851703, 23.034755310855044 ], [ 72.495929190611605, 23.034736879086161 ], [ 72.495841778526611, 23.034726281986874 ], [ 72.495753658629553, 23.034723621639948 ], [ 72.495665679771506, 23.034728923672734 ], [ 72.495608979771518, 23.034734923709301 ], [ 72.495521945315048, 23.034748145816895 ], [ 72.495464726899741, 23.034762257416673 ], [ 72.495416814360169, 23.034767330830888 ], [ 72.495330052275605, 23.034780504897199 ], [ 72.495245105526621, 23.034801422354246 ], [ 72.495162788094248, 23.034829882762171 ], [ 72.495083888764739, 23.034865613401529 ], [ 72.495009163571268, 23.034908271886756 ], [ 72.49500524501687, 23.034911031318526 ], [ 72.494999583596993, 23.034914245162359 ], [ 72.494929188334226, 23.034963625746038 ], [ 72.494864415599977, 23.035019142088924 ], [ 72.494805894265269, 23.035080255181995 ], [ 72.494754192506988, 23.035146371678081 ], [ 72.494709812291575, 23.035216849652858 ], [ 72.494673184501409, 23.035291004837504 ], [ 72.494644664751519, 23.035368117262397 ], [ 72.494624529936843, 23.035447438247459 ], [ 72.494612975544001, 23.035528197671169 ], [ 72.494610113753268, 23.035609611447697 ], [ 72.494615972349408, 23.035690889139595 ], [ 72.494623172349407, 23.035747989099221 ], [ 72.494625525268546, 23.035761027934107 ] ] ] } },
{ "type": "Feature", "properties": { "version": 2, "visible": null, "lon": null, "timestamp": 1744061225, "tags": { "visible": false }, "changeset": null, "lat": null, "id": 366459087, "natural": "water", "water": null, "wetland": null, "osm_type": "way", "grassland": null, "reef": null, "Risk": "High" }, "geometry": { "type": "Polygon", "coordinates": [ [ [ 72.493373935901616, 23.035799395077465 ], [ 72.493377014425334, 23.035810532933237 ], [ 72.493406994941438, 23.035886777572269 ], [ 72.493444947696503, 23.035959952610167 ], [ 72.493490507580631, 23.036029354100123 ], [ 72.493543236302443, 23.03609431439806 ], [ 72.49360262660548, 23.036154208585216 ], [ 72.493616441179455, 23.036165654228416 ], [ 72.493671338505976, 23.036221019172643 ], [ 72.493736869719669, 23.03627530709711 ], [ 72.493807868559415, 23.036323421436737 ], [ 72.493883651017484, 23.036364898661471 ], [ 72.493963487000443, 23.036399339183159 ], [ 72.494046607362847, 23.036426411204936 ], [ 72.494132211317392, 23.036445853917559 ], [ 72.494219474149631, 23.036457480011926 ], [ 72.494307555163402, 23.036461177483467 ], [ 72.494395605780127, 23.036456910711141 ], [ 72.494561705780129, 23.036441310806346 ], [ 72.494648861243178, 23.036429123965171 ], [ 72.494734299015818, 23.036409134363218 ], [ 72.494817196297987, 23.036381534504965 ], [ 72.494896754755558, 23.036346590183559 ], [ 72.494972208208637, 23.036304637921276 ], [ 72.495042830010149, 23.036256081728922 ], [ 72.495107940043809, 23.036201389215261 ], [ 72.495166911273841, 23.036141087084037 ], [ 72.495219175783575, 23.036075756061884 ], [ 72.495264230244842, 23.036006025305941 ], [ 72.495301640765049, 23.035932566345103 ], [ 72.495331047065861, 23.035856086613176 ], [ 72.495352165952823, 23.035777322636182 ], [ 72.495364794042544, 23.035697032939531 ], [ 72.495368809721455, 23.035615990743221 ], [ 72.495364174316947, 23.035534976515493 ], [ 72.495342174316932, 23.035336576391931 ], [ 72.495328956073934, 23.035256477482609 ], [ 72.495307281520184, 23.035177953876303 ], [ 72.495277358828218, 23.035101759753765 ], [ 72.495239475389511, 23.035028626923431 ], [ 72.495193995054308, 23.034959257792647 ], [ 72.495141354636928, 23.034894318621202 ], [ 72.495082059720502, 23.034834433122022 ], [ 72.495016679801054, 23.034780176470466 ], [ 72.494945842817813, 23.034732069779803 ], [ 72.494870229122228, 23.034690575095944 ], [ 72.494790564943457, 23.034656090959455 ], [ 72.494707615413475, 23.034628948577556 ], [ 72.49462217721819, 23.034609408642844 ], [ 72.494601285602513, 23.034606590561268 ], [ 72.494574183832356, 23.034600449258363 ], [ 72.494486852573488, 23.034588863672479 ], [ 72.494398707523786, 23.034585218347214 ], [ 72.494310599061961, 23.034589548451468 ], [ 72.494254599061961, 23.034594848483817 ], [ 72.494167476646325, 23.034607093627255 ], [ 72.494082077391866, 23.034627136343701 ], [ 72.494041062355862, 23.034640822545178 ], [ 72.49403265884122, 23.034642009667987 ], [ 72.493947371538496, 23.034662080078029 ], [ 72.493864628420397, 23.034689736335412 ], [ 72.493785224093003, 23.034724712844515 ], [ 72.49370992109904, 23.034766673710255 ], [ 72.493639442594954, 23.034815215963995 ], [ 72.493574465406169, 23.034869873433593 ], [ 72.493515613527435, 23.034930121220469 ], [ 72.493463452130356, 23.034995380740604 ], [ 72.493418482135922, 23.03506502528116 ], [ 72.493381135403979, 23.035138386019213 ], [ 72.493351770586003, 23.035214758444905 ], [ 72.49333066968083, 23.035293409127267 ], [ 72.493318035326539, 23.035373582757728 ], [ 72.493313988854524, 23.03545450940371 ], [ 72.493318569124199, 23.035535411902572 ], [ 72.493326669124201, 23.035608911857079 ], [ 72.493339879691078, 23.035689229907774 ], [ 72.493361592300815, 23.03576796698507 ], [ 72.493373935901616, 23.035799395077465 ] ] ] } },
{ "type": "Feature", "properties": { "version": 2, "visible": null, "lon": null, "timestamp": 1744061225, "tags": { "visible": false }, "changeset": null, "lat": null, "id": 366459107, "natural": "water", "water": null, "wetland": null, "osm_type": "way", "grassland": null, "reef": null, "Risk": "High" }, "geometry": { "type": "Polygon", "coordinates": [ [ [ 72.494647940193815, 23.036017567355646 ], [ 72.494646121566348, 23.036070429323221 ], [ 72.494651987018756, 23.036151405077725 ], [ 72.494668387018763, 23.036281304985756 ], [ 72.494682835046817, 23.036361289244752 ], [ 72.49470572806112, 23.036439586228731 ], [ 72.494736845832819, 23.036515442730948 ], [ 72.494775889011578, 23.036588129023013 ], [ 72.494822482005361, 23.036656945874658 ], [ 72.494876176593522, 23.036721231280026 ], [ 72.494936456238676, 23.036780366825898 ], [ 72.495002741055757, 23.036833783640471 ], [ 72.495074393390468, 23.036880967865621 ], [ 72.495150723953444, 23.036921465599868 ], [ 72.495230998451134, 23.036954887264635 ], [ 72.495314444649708, 23.036980911351723 ], [ 72.49540025980383, 23.036999287515961 ], [ 72.495445945518085, 23.03700480559284 ], [ 72.495465045696633, 23.037008885143919 ], [ 72.495552584327527, 23.037019396156222 ], [ 72.495640821360922, 23.037021949291148 ], [ 72.49572890463071, 23.03701651989175 ], [ 72.495873404630714, 23.03700101998621 ], [ 72.495960339020144, 23.036987689409454 ], [ 72.496045435541944, 23.036966583543904 ], [ 72.496127875106566, 23.036937905538721 ], [ 72.496206864198854, 23.036901931426932 ], [ 72.496281642515896, 23.036859007468671 ], [ 72.496351490285193, 23.0368095468185 ], [ 72.496415735192855, 23.036754025548881 ], [ 72.496473758854876, 23.036692978068043 ], [ 72.496525002769289, 23.036626991976341 ], [ 72.496568973692106, 23.036556702410653 ], [ 72.496605248384839, 23.03648278593116 ], [ 72.496633477688434, 23.036405954009417 ], [ 72.496653389884116, 23.03632694618036 ], [ 72.496664793308668, 23.036246522924138 ], [ 72.496667578199407, 23.036165458346265 ], [ 72.496661717750555, 23.036084532726651 ], [ 72.496643317750568, 23.03593873262346 ], [ 72.496638667501003, 23.035912986305075 ], [ 72.496639373377477, 23.035892306540365 ], [ 72.496633464896092, 23.035811214646333 ], [ 72.496627164896097, 23.035761514610996 ], [ 72.496612657785803, 23.035681456450149 ], [ 72.496589689741569, 23.035603093245218 ], [ 72.496558482158335, 23.035527180362966 ], [ 72.496519335854046, 23.035454449552009 ], [ 72.496472628170039, 23.035385601889118 ], [ 72.496456412065371, 23.035366227456255 ], [ 72.496437691192, 23.035338617721759 ], [ 72.496383981949279, 23.035274395557153 ], [ 72.49632369782087, 23.035215321413691 ], [ 72.496257418128181, 23.035161962992145 ], [ 72.49618577980911, 23.03511483306599 ], [ 72.496109471297117, 23.035074384553489 ], [ 72.496029225905531, 23.035041006164942 ], [ 72.495945814780512, 23.035015018666989 ], [ 72.495906175287928, 23.035006539995877 ], [ 72.495891275460679, 23.035001903580046 ], [ 72.495805257769163, 23.034983558239301 ], [ 72.495717698530754, 23.03497307284989 ], [ 72.49562944368779, 23.034970548716895 ], [ 72.495541345903092, 23.034976010227354 ], [ 72.495490245903085, 23.034981510260867 ], [ 72.495403364430501, 23.034994862897133 ], [ 72.495318321663504, 23.035015981843582 ], [ 72.495235935277506, 23.035044664040655 ], [ 72.495156997407051, 23.035080633707949 ], [ 72.495150168326489, 23.035084555067591 ], [ 72.495106271781694, 23.03510454434997 ], [ 72.495031475285657, 23.03514747595684 ], [ 72.494961611348174, 23.035196947309487 ], [ 72.49489735273643, 23.035252482007831 ], [ 72.494839318240111, 23.035313545263538 ], [ 72.494788066712658, 23.03537954905007 ], [ 72.494744091689725, 23.035449857765506 ], [ 72.494707816636591, 23.035523794353445 ], [ 72.494679590870305, 23.035600646823038 ], [ 72.494659686195874, 23.035679675105492 ], [ 72.494657650278796, 23.035694051580958 ], [ 72.494649792860443, 23.035725351541576 ], [ 72.494638472405057, 23.035805568286555 ], [ 72.494635725190008, 23.035886419116792 ], [ 72.494641577518422, 23.035967129928384 ], [ 72.494647940193815, 23.036017567355646 ] ] ] } },
{ "type": "Feature", "properties": { "version": 2, "visible": null, "lon": null, "timestamp": 1744061225, "tags": { "visible": false }, "changeset": null, "lat": null, "id": 366459111, "natural": "water", "water": null, "wetland": null, "osm_type": "way", "grassland": null, "reef": null, "Risk": "High" }, "geometry": { "type": "Polygon", "coordinates": [ [ [ 72.496176316271956, 23.035448335325924 ], [ 72.496171326399207, 23.035499313813386 ], [ 72.496172082435237, 23.035580617216329 ], [ 72.496176882435236, 23.035657017189276 ], [ 72.49618629500732, 23.035737750587863 ], [ 72.496204268477641, 23.035817244761787 ], [ 72.496230629454061, 23.035894732824453 ], [ 72.496265123629172, 23.035969467243671 ], [ 72.496307418233727, 23.036040727053066 ], [ 72.496357105246773, 23.036107824807075 ], [ 72.496358244399076, 23.036109078444692 ], [ 72.496379852928527, 23.036138190705174 ], [ 72.496436427554812, 23.036200333114802 ], [ 72.496499344304524, 23.036257077188466 ], [ 72.496563026589058, 23.036304198576534 ], [ 72.496567129681011, 23.036307901467559 ], [ 72.496635762567564, 23.036358719488245 ], [ 72.496709474067416, 23.036403107045981 ], [ 72.496787555364705, 23.036440637312889 ], [ 72.496869255623196, 23.036470949400666 ], [ 72.496953789206415, 23.036493751830712 ], [ 72.497040343232456, 23.036508825336842 ], [ 72.497128085390585, 23.036516024973576 ], [ 72.49721617194497, 23.036515281509864 ], [ 72.497320571944982, 23.036509681544167 ], [ 72.497408149180742, 23.03650100309574 ], [ 72.497494381821014, 23.036484473348619 ], [ 72.497578440772514, 23.036460251227048 ], [ 72.497659517841086, 23.036428569613232 ], [ 72.497736833502259, 23.036389733108432 ], [ 72.497809644396042, 23.036344115104534 ], [ 72.497877250473977, 23.03629215419425 ], [ 72.497878866555098, 23.036290641410105 ], [ 72.497924896030753, 23.036261818588219 ], [ 72.497992579612685, 23.036209814688245 ], [ 72.498054397163287, 23.036151955007291 ], [ 72.4981097531236, 23.036088796966464 ], [ 72.498158114186566, 23.03602094903216 ], [ 72.498160233069925, 23.036017224992442 ], [ 72.498190971802302, 23.035974045636429 ], [ 72.498231817506522, 23.035902160684884 ], [ 72.498264810778579, 23.035826937780747 ], [ 72.498289633933751, 23.035749101223246 ], [ 72.49829324903277, 23.035731547571888 ], [ 72.498306294120795, 23.035708606896979 ], [ 72.498339306836939, 23.035633413183731 ], [ 72.498364154558772, 23.035555604485403 ], [ 72.498380598154, 23.035475929622336 ], [ 72.498388479370803, 23.03539515537593 ], [ 72.498387722361088, 23.03531405910929 ], [ 72.498382522361084, 23.035231159079984 ], [ 72.498373128016468, 23.035150483753188 ], [ 72.498355185163604, 23.035071044437416 ], [ 72.498328866644215, 23.034993606366765 ], [ 72.498294425982067, 23.034918915498757 ], [ 72.498252194940747, 23.034847691328469 ], [ 72.498202580327771, 23.034780619957452 ], [ 72.498146060075911, 23.034718347484404 ], [ 72.498083178639291, 23.034661473781085 ], [ 72.498014541748702, 23.034610546713537 ], [ 72.497940810576694, 23.034566056864282 ], [ 72.497862695368497, 23.03452843280629 ], [ 72.497780948600365, 23.034498036974373 ], [ 72.49769635773103, 23.034475162173599 ], [ 72.497609737616131, 23.034460028758598 ], [ 72.497564538110495, 23.034456299020203 ], [ 72.497496358546343, 23.034437862132148 ], [ 72.497409740730063, 23.034422728931478 ], [ 72.497321928103815, 23.034415482484302 ], [ 72.497233766514, 23.034416192592573 ], [ 72.497010466514013, 23.034428092665451 ], [ 72.496922821949525, 23.034436750059051 ], [ 72.496836521339262, 23.034453270746813 ], [ 72.496752395645274, 23.034477495653253 ], [ 72.496671254888085, 23.034509191520105 ], [ 72.496593880347135, 23.034548053152442 ], [ 72.496521017038091, 23.034593706357523 ], [ 72.496453366539455, 23.034645711547984 ], [ 72.496391580237045, 23.034703567974777 ], [ 72.496336253052249, 23.034766718548955 ], [ 72.496287917713559, 23.034834555206043 ], [ 72.496247039627065, 23.034906424761125 ], [ 72.496214012395356, 23.034981635198427 ], [ 72.496189154027491, 23.035059462334765 ], [ 72.496172703877079, 23.03513915679266 ], [ 72.496164820337555, 23.035219951216011 ], [ 72.496165579317108, 23.035301067658846 ], [ 72.496173079317089, 23.035420567616576 ], [ 72.496176316271956, 23.035448335325924 ] ] ] } },
{ "type": "Feature", "properties": { "version": 2, "visible": null, "lon": null, "timestamp": 1744061225, "tags": { "visible": false }, "changeset": null, "lat": null, "id": 366459126, "natural": "water", "water": null, "wetland": null, "osm_type": "way", "grassland": null, "reef": null, "Risk": "High" }, "geometry": { "type": "Polygon", "coordinates": [ [ [ 72.495227145618657, 23.037235479883879 ], [ 72.495288145618659, 23.037201980060374 ], [ 72.495361522769457, 23.037157049476484 ], [ 72.495429762226536, 23.037105717989821 ], [ 72.495492207106793, 23.037048479717789 ], [ 72.495548256306705, 23.036985885637257 ], [ 72.495597370288408, 23.036918538281014 ], [ 72.495639076273505, 23.036847085937975 ], [ 72.495672972794054, 23.036772216412924 ], [ 72.495698733557191, 23.036694650405831 ], [ 72.495716110586002, 23.036615134574461 ], [ 72.495724936606678, 23.036534434347118 ], [ 72.495725126658655, 23.036453326554621 ], [ 72.495716678912444, 23.03637259195246 ], [ 72.495699674687287, 23.036293007705126 ], [ 72.495674277668371, 23.036215339904999 ], [ 72.495640732331111, 23.036140336197654 ], [ 72.49559936158785, 23.03606871858484 ], [ 72.495501261587833, 23.035917318109121 ], [ 72.495452483577736, 23.035849800733018 ], [ 72.495396753229798, 23.035787005214289 ], [ 72.495334606605184, 23.035729535579833 ], [ 72.495266641482161, 23.035677944627874 ], [ 72.495193511606232, 23.035632728610413 ], [ 72.495115920401787, 23.035594322459598 ], [ 72.495034614206034, 23.035563095603912 ], [ 72.494950375090056, 23.035539348414495 ], [ 72.494864013336212, 23.035523309315696 ], [ 72.494776359644206, 23.035515132587793 ], [ 72.494688257140666, 23.035514896882809 ], [ 72.494600553269251, 23.035522604468017 ], [ 72.494514091639275, 23.03553818120405 ], [ 72.494429703911095, 23.035561477258106 ], [ 72.494348201796569, 23.035592268545305 ], [ 72.494270369251311, 23.035630258884233 ], [ 72.494209369251323, 23.03566365906034 ], [ 72.494135881639053, 23.035708532697281 ], [ 72.494067529703969, 23.035759821537486 ], [ 72.494004972270005, 23.035817031216087 ], [ 72.493948812309583, 23.035879610298903 ], [ 72.493899591131822, 23.035946955597794 ], [ 72.493857783164941, 23.03601841798487 ], [ 72.493823791383491, 23.036093308649527 ], [ 72.493797943424084, 23.036170905737894 ], [ 72.493780488427504, 23.036250461310772 ], [ 72.493771594637252, 23.036331208552959 ], [ 72.493771347777908, 23.036412369164427 ], [ 72.493779750228896, 23.036493160862225 ], [ 72.493796721001488, 23.036572804920645 ], [ 72.493822096519466, 23.036650533677079 ], [ 72.493855632195789, 23.036725597931184 ], [ 72.493897004790071, 23.036797274166059 ], [ 72.493995104790073, 23.036948773690241 ], [ 72.494043914997661, 23.037016370313125 ], [ 72.494099692738104, 23.037079236619423 ], [ 72.494161900397231, 23.037136766678763 ], [ 72.494229938385999, 23.037188405994364 ], [ 72.494303150919734, 23.037233656847324 ], [ 72.494380832338834, 23.037272083093555 ], [ 72.494462233910298, 23.037303314367367 ], [ 72.494546571044467, 23.037327049650958 ], [ 72.494633030857159, 23.037343060175626 ], [ 72.494720780004826, 23.037351191626573 ], [ 72.494808972716569, 23.037351365630165 ], [ 72.494896758946254, 23.037343580509305 ], [ 72.494983292565593, 23.03732791129957 ], [ 72.495067739519598, 23.03730450902605 ], [ 72.495149285865665, 23.037273599247786 ], [ 72.495227145618657, 23.037235479883879 ] ] ] } },
{ "type": "Feature", "properties": { "version": 2, "visible": null, "lon": null, "timestamp": 1744061225, "tags": { "visible": false }, "changeset": null, "lat": null, "id": 366459134, "natural": "water", "water": null, "wetland": null, "osm_type": "way", "grassland": null, "reef": null, "Risk": "High" }, "geometry": { "type": "Polygon", "coordinates": [ [ [ 72.495827440438575, 23.036914003475765 ], [ 72.495882740438589, 23.036910303498399 ], [ 72.49597025805744, 23.03690045556597 ], [ 72.496056305063206, 23.036882759769025 ], [ 72.496140052532354, 23.036857386574855 ], [ 72.496220693693701, 23.036824580408826 ], [ 72.496297451700272, 23.036784657299908 ], [ 72.496369587113023, 23.036738001836451 ], [ 72.496436405024113, 23.036685063461526 ], [ 72.496497261751202, 23.036626352143539 ], [ 72.496551571038282, 23.036562433463793 ], [ 72.496598809703372, 23.036493923168251 ], [ 72.496638522678452, 23.036421481236172 ], [ 72.496670327393332, 23.036345805522448 ], [ 72.496693917461101, 23.036267625035183 ], [ 72.496709065629702, 23.036187692913039 ], [ 72.496715625971035, 23.036106779170101 ], [ 72.49671353528683, 23.036025663278149 ], [ 72.496708835286839, 23.035966363251681 ], [ 72.49669811813601, 23.035885850144744 ], [ 72.496678878358807, 23.035806691127679 ], [ 72.496651301190283, 23.035729648323855 ], [ 72.496615652135546, 23.03565546348354 ], [ 72.496572274413424, 23.035584850842405 ], [ 72.496521585652246, 23.035518490244833 ], [ 72.496464073868808, 23.035457020598358 ], [ 72.496400292770105, 23.035401033722195 ], [ 72.496330856422261, 23.035351068649067 ], [ 72.496256433338516, 23.035307606435325 ], [ 72.496177740042981, 23.035271065529162 ], [ 72.496095534172127, 23.035241797741708 ], [ 72.496010607180509, 23.035220084859645 ], [ 72.495923776720872, 23.035206135932057 ], [ 72.495835878771956, 23.03520008525765 ], [ 72.495747759590003, 23.035201991091643 ], [ 72.495692459589989, 23.035205691114289 ], [ 72.495604941969162, 23.035215539168274 ], [ 72.495518894961194, 23.035233235182204 ], [ 72.495435147489687, 23.0352586086806 ], [ 72.49535450632591, 23.035291415226638 ], [ 72.495277748316852, 23.03533133877708 ], [ 72.495205612901628, 23.035377994727057 ], [ 72.495138794988137, 23.035430933615295 ], [ 72.49507793825876, 23.035489645454266 ], [ 72.495023628969534, 23.035553564643337 ], [ 72.494976390302483, 23.035622075417685 ], [ 72.494936677325683, 23.035694517780481 ], [ 72.494904872609339, 23.035770193861108 ], [ 72.494881282540391, 23.035848374638292 ], [ 72.494866134370923, 23.035928306963154 ], [ 72.494859574029064, 23.036009220814776 ], [ 72.494861664713028, 23.036090336718171 ], [ 72.494866364713019, 23.036149636691711 ], [ 72.494877081864018, 23.036230149642776 ], [ 72.494896321641733, 23.036309308412754 ], [ 72.494923898811123, 23.036386350886726 ], [ 72.494959547867083, 23.036460535326068 ], [ 72.495002925590683, 23.036531147509528 ], [ 72.495053614353679, 23.036597507609365 ], [ 72.495111126139136, 23.036658976736256 ], [ 72.495174907240056, 23.036714963090137 ], [ 72.495244343590258, 23.036764927657572 ], [ 72.495318766676462, 23.036808389400949 ], [ 72.495397459974512, 23.036844929889529 ], [ 72.495479665847853, 23.036874197327705 ], [ 72.495564592841873, 23.036895909941784 ], [ 72.495651423303784, 23.036909858692621 ], [ 72.495739321254803, 23.036915909288055 ], [ 72.495827440438575, 23.036914003475765 ] ] ] } },
{ "type": "Feature", "properties": { "version": 2, "visible": null, "lon": null, "timestamp": 1744061225, "tags": { "visible": false }, "changeset": null, "lat": null, "id": 366459138, "natural": "water", "water": null, "wetland": null, "osm_type": "way", "grassland": null, "reef": null, "Risk": "High" }, "geometry": { "type": "Polygon", "coordinates": [ [ [ 72.495718482999493, 23.037153052986074 ], [ 72.495767882999502, 23.037149153009917 ], [ 72.495855198796704, 23.037138268323456 ], [ 72.495940935781675, 23.037119563927089 ], [ 72.496024269069636, 23.037093219774611 ], [ 72.496104396901998, 23.037059489321571 ], [ 72.496180548360257, 23.037018697086889 ], [ 72.496251990783037, 23.036971235530846 ], [ 72.496318036815069, 23.036917561279402 ], [ 72.496378051020315, 23.036858190731234 ], [ 72.496431455995676, 23.036793695089663 ], [ 72.496477737926085, 23.036724694867328 ], [ 72.496516451528109, 23.036651853916425 ], [ 72.496547224334009, 23.036575873041958 ], [ 72.496569760275293, 23.036497483259446 ], [ 72.496583842531237, 23.036417438761912 ], [ 72.496589335614928, 23.036336509663844 ], [ 72.496586186676836, 23.03625547459195 ], [ 72.496578186676814, 23.036168874546949 ], [ 72.496566432579527, 23.036088545763615 ], [ 72.496546186797943, 23.036009662324766 ], [ 72.496517643959578, 23.03593298255868 ], [ 72.496481078453471, 23.035859243610396 ], [ 72.496436841792402, 23.035789154355193 ], [ 72.496385359233869, 23.035723388583801 ], [ 72.49632712569182, 23.035662578524853 ], [ 72.496262700978988, 23.035607308766867 ], [ 72.496192704425383, 23.03555811063816 ], [ 72.496117808924339, 23.035515457098828 ], [ 72.496038734463937, 23.035479758193794 ], [ 72.495956241205633, 23.035451357110684 ], [ 72.495871122176553, 23.035430526880489 ], [ 72.495784195645953, 23.035417467752669 ], [ 72.495696297259101, 23.035412305269972 ], [ 72.495608272003892, 23.035415089061463 ], [ 72.495558872003897, 23.035418889084688 ], [ 72.495471415348689, 23.035429617855652 ], [ 72.495385524201453, 23.035448190191314 ], [ 72.495302027126584, 23.035474426927102 ], [ 72.495221729593581, 23.03550807496126 ], [ 72.495145406206987, 23.035548809696571 ], [ 72.495073793234056, 23.03559623817188 ], [ 72.495007581502151, 23.035649902853095 ], [ 72.49494740973465, 23.035709286047116 ], [ 72.49489385838929, 23.035773814896146 ], [ 72.49484744405872, 23.035842866904161 ], [ 72.494808614487098, 23.035915775942154 ], [ 72.494777744250868, 23.035991838674338 ], [ 72.494755131145297, 23.036070321343221 ], [ 72.494740993311751, 23.036150466848113 ], [ 72.494735467133381, 23.036231502048743 ], [ 72.49473860591948, 23.036312645223624 ], [ 72.494746605919474, 23.036399345178609 ], [ 72.494758374812335, 23.036479790740344 ], [ 72.494778660005323, 23.036558786311009 ], [ 72.494807265925175, 23.036635570283021 ], [ 72.494843916777015, 23.036709402372431 ], [ 72.494888259203194, 23.036779570755943 ], [ 72.494939865690284, 23.036845398933529 ], [ 72.494998238690698, 23.036906252250464 ], [ 72.495062815419587, 23.03696154401587 ], [ 72.495132973280903, 23.037010741158852 ], [ 72.495208035869808, 23.037053369367641 ], [ 72.495287279494136, 23.037089017662275 ], [ 72.495369940151562, 23.037117342356648 ], [ 72.495455220895522, 23.037138070371899 ], [ 72.495542299518732, 23.03715100186896 ], [ 72.495630336480218, 23.037156012175149 ], [ 72.495718482999493, 23.037153052986074 ] ] ] } },
{ "type": "Feature", "properties": { "version": 2, "visible": null, "lon": null, "timestamp": 1744061225, "tags": { "visible": false }, "changeset": null, "lat": null, "id": 366459142, "natural": "water", "water": null, "wetland": null, "osm_type": "way", "grassland": null, "reef": null, "Risk": "High" }, "geometry": { "type": "Polygon", "coordinates": [ [ [ 72.495300756554485, 23.037167973202749 ], [ 72.49541895655446, 23.037155473278936 ], [ 72.495505956907152, 23.037142264101451 ], [ 72.495591130894084, 23.037121269311559 ], [ 72.495673657870668, 23.037092691188818 ], [ 72.495752742696041, 23.037056805076457 ], [ 72.495827623394163, 23.037013956728622 ], [ 72.495897578495473, 23.036964558979331 ], [ 72.495961933988127, 23.036909087765046 ], [ 72.496020069812033, 23.036848077539375 ], [ 72.496071425833193, 23.036782116123891 ], [ 72.49611550724039, 23.036711839044816 ], [ 72.496151889312742, 23.036637923410019 ], [ 72.496180221511921, 23.0365610813854 ], [ 72.496200230859401, 23.036482053333387 ], [ 72.49621172456672, 23.036401600679845 ], [ 72.496214591892922, 23.03632049857783 ], [ 72.496208805211538, 23.036239528439207 ], [ 72.496197105211564, 23.036146128373581 ], [ 72.496182728748749, 23.036066106341462 ], [ 72.496159900229557, 23.035987765895225 ], [ 72.496128839405245, 23.035911861157121 ], [ 72.49608984527265, 23.035839122803996 ], [ 72.496043293196053, 23.035770251033465 ], [ 72.495989631293767, 23.035705908823505 ], [ 72.495929376124536, 23.035646715550264 ], [ 72.495863107715039, 23.035593241025545 ], [ 72.495791463976417, 23.035546000011447 ], [ 72.495715134563696, 23.035505447264917 ], [ 72.495634854236954, 23.035471973159886 ], [ 72.495551395788496, 23.035445899929247 ], [ 72.495465562603783, 23.035427478562788 ], [ 72.495378180927844, 23.035416886390909 ], [ 72.495290091911826, 23.035414225377554 ], [ 72.495202143515783, 23.035419521138564 ], [ 72.49508394351578, 23.035432021214746 ], [ 72.494996943158185, 23.035445230554334 ], [ 72.49491176916591, 23.035466225600622 ], [ 72.494829242183627, 23.035494804064403 ], [ 72.494750157352328, 23.035530690589706 ], [ 72.494675276648181, 23.035573539406982 ], [ 72.49460532154086, 23.035622937664829 ], [ 72.494540966042351, 23.035678409407989 ], [ 72.494482830212789, 23.035739420163441 ], [ 72.494431474186371, 23.035805382090228 ], [ 72.494387392774371, 23.03587565964359 ], [ 72.494351010697699, 23.035949575698627 ], [ 72.494322678494825, 23.036026418074552 ], [ 72.494302669144318, 23.036105446396768 ], [ 72.494291175434654, 23.036185899230421 ], [ 72.494288308106846, 23.036267001416931 ], [ 72.494294094787392, 23.036347971542636 ], [ 72.494305794787394, 23.036441371477018 ], [ 72.494320171250351, 23.036521393290911 ], [ 72.49434299977068, 23.036599733431373 ], [ 72.494374060597053, 23.036675637786171 ], [ 72.494413054732576, 23.036748375691516 ], [ 72.494459606812924, 23.036817246965374 ], [ 72.494513268719658, 23.03688158864729 ], [ 72.494573523893962, 23.036940781379972 ], [ 72.49463979230903, 23.03699425537101 ], [ 72.494711436053606, 23.037041495877588 ], [ 72.494787765472537, 23.037082048161139 ], [ 72.494868045805561, 23.037115521864528 ], [ 72.494951504260271, 23.037141594769437 ], [ 72.495037337451038, 23.037160015897928 ], [ 72.495124719132662, 23.037170607928164 ], [ 72.495212808153894, 23.037173268901277 ], [ 72.495300756554485, 23.037167973202749 ] ] ] } },
{ "type": "Feature", "properties": { "version": 2, "visible": null, "lon": null, "timestamp": 1628796378, "tags": { "visible": false, "name": "Bopal Lake" }, "changeset": null, "lat": null, "id": 366778319, "natural": "water", "water": "lake", "wetland": null, "osm_type": "way", "grassland": null, "reef": null, "Risk": "High" }, "geometry": { "type": "Polygon", "coordinates": [ [ [ 72.456530128775611, 23.03748767858308 ], [ 72.456486728775616, 23.037642878820407 ], [ 72.456463331648294, 23.03776226308381 ], [ 72.456433749975332, 23.038020583480392 ], [ 72.456418588722045, 23.038144905841133 ], [ 72.456413067750702, 23.038225860359407 ], [ 72.456416194750602, 23.038306923041631 ], [ 72.456427939615764, 23.038387313435646 ], [ 72.45644818926931, 23.038466257563321 ], [ 72.456486689269312, 23.03858905735445 ], [ 72.456515193822469, 23.038665668153779 ], [ 72.45655170675424, 23.038739344947302 ], [ 72.45659587770858, 23.038809380782233 ], [ 72.456647282847499, 23.038875103643022 ], [ 72.456733882847502, 23.038975103260618 ], [ 72.45679224225718, 23.03903608451796 ], [ 72.45685682564681, 23.039091498552846 ], [ 72.456927008998875, 23.039140809951054 ], [ 72.457002114187887, 23.039183542262986 ], [ 72.457123714187901, 23.039245341931053 ], [ 72.457211887322558, 23.039284542536972 ], [ 72.457304173269335, 23.039314678400348 ], [ 72.457362595969215, 23.039327376027096 ], [ 72.457365403734102, 23.039402716789215 ], [ 72.457376492593198, 23.039480930993296 ], [ 72.457395631526694, 23.039557816556403 ], [ 72.457404529575882, 23.039587071247112 ], [ 72.457424769927968, 23.039666049810869 ], [ 72.457449292529006, 23.039744272560753 ], [ 72.457482057500158, 23.039819896175846 ], [ 72.457522747050618, 23.039892187179898 ], [ 72.457570966528223, 23.039960444420927 ], [ 72.457633466528208, 23.040040044134862 ], [ 72.457688418885866, 23.040103262715451 ], [ 72.457749827392263, 23.040161231792982 ], [ 72.457817103108667, 23.040213395421681 ], [ 72.457889600826761, 23.040259253332867 ], [ 72.457980400826756, 23.040310853063467 ], [ 72.458057598690544, 23.040350043557375 ], [ 72.458138599518762, 23.040382081433879 ], [ 72.458222623062568, 23.040406658090024 ], [ 72.458308859956489, 23.040423536792751 ], [ 72.458414259956484, 23.040439236697662 ], [ 72.458501844951556, 23.040448252878587 ], [ 72.458589968516605, 23.040449327910888 ], [ 72.458677782458139, 23.0404424514475 ], [ 72.45876444156292, 23.040427689673503 ], [ 72.458868341562891, 23.040405089808463 ], [ 72.458944930571974, 23.040385094746114 ], [ 72.459019295069723, 23.040358938224959 ], [ 72.459137495069726, 23.040311738490651 ], [ 72.459223947842844, 23.040272001886652 ], [ 72.459305261855093, 23.040223949242236 ], [ 72.459380496096912, 23.04016813663992 ], [ 72.459448779917153, 23.040105209963997 ], [ 72.459762079917141, 23.039783611281251 ], [ 72.45982298297686, 23.039713837525223 ], [ 72.460081782976857, 23.039382038712404 ], [ 72.460125393484532, 23.039320532488983 ], [ 72.460162899884153, 23.039255707134089 ], [ 72.460194006151653, 23.039188074285793 ], [ 72.460218466776766, 23.039118167741275 ], [ 72.460236088700839, 23.039046539243888 ], [ 72.460280088700841, 23.038821739488391 ], [ 72.460291503610208, 23.038740554154071 ], [ 72.460294136931367, 23.038658727887356 ], [ 72.460289536931356, 23.038446327861394 ], [ 72.460283905283916, 23.038368932235276 ], [ 72.460270415416332, 23.038292363040746 ], [ 72.46024918610253, 23.03821729444676 ], [ 72.460220404259729, 23.03814438741103 ], [ 72.460184323302755, 23.038074283860436 ], [ 72.460064323302774, 23.037866883262364 ], [ 72.460016000715953, 23.037792945699245 ], [ 72.459959567079551, 23.037724045692364 ], [ 72.459895637133798, 23.03766093378832 ], [ 72.45982490727738, 23.03760429748333 ], [ 72.459543207277378, 23.037401496503289 ], [ 72.459480926174251, 23.037360474023814 ], [ 72.459415074210284, 23.037324482804092 ], [ 72.459346130081812, 23.037293784478525 ], [ 72.459264930081829, 23.037261484296611 ], [ 72.459182276367073, 23.037232954319848 ], [ 72.459096978837195, 23.037212027633558 ], [ 72.459015664464502, 23.037199780391742 ], [ 72.45893997205151, 23.03713225324864 ], [ 72.45885802533347, 23.037067472214236 ], [ 72.458768220840412, 23.037012212159848 ], [ 72.458608620840408, 23.036926311704903 ], [ 72.45853374533516, 23.036890249855453 ], [ 72.458455518693967, 23.036860822667172 ], [ 72.45837463324834, 23.036838290584779 ], [ 72.458291804861148, 23.036822853028127 ], [ 72.457751904861155, 23.036746352564229 ], [ 72.457664951131775, 23.036737992965744 ], [ 72.457577526169075, 23.036737451490044 ], [ 72.457490458045783, 23.036744733265976 ], [ 72.45740457145466, 23.036759769320682 ], [ 72.457320679897208, 23.036782417232928 ], [ 72.457239577978413, 23.036812462482214 ], [ 72.457203607098577, 23.036829699203413 ], [ 72.457182752082744, 23.036835765643957 ], [ 72.457104432669084, 23.036862289025176 ], [ 72.457029125911532, 23.036895386431443 ], [ 72.456957481751644, 23.036934772207978 ], [ 72.45689011852059, 23.036980106427034 ], [ 72.456827617602627, 23.037030997821891 ], [ 72.456770518417429, 23.037087007163883 ], [ 72.456719313764424, 23.037147651053424 ], [ 72.456665913764425, 23.037217351299844 ], [ 72.456622111113575, 23.037280403021693 ], [ 72.456584684049858, 23.037346841669439 ], [ 72.456553939286508, 23.037416122776495 ], [ 72.456530128775611, 23.03748767858308 ] ] ] } },
{ "type": "Feature", "properties": { "version": 2, "visible": null, "lon": null, "timestamp": 1744061225, "tags": { "visible": false }, "changeset": null, "lat": null, "id": 366778748, "natural": "water", "water": null, "wetland": null, "osm_type": "way", "grassland": null, "reef": null, "Risk": "High" }, "geometry": { "type": "Polygon", "coordinates": [ [ [ 72.493764933539723, 23.036575820920156 ], [ 72.493772324317604, 23.036590769020407 ], [ 72.493837524317613, 23.036707168693198 ], [ 72.493883334199055, 23.036779667326332 ], [ 72.493936890207948, 23.036847521672573 ], [ 72.493997641167823, 23.036910033410379 ], [ 72.494064961854761, 23.036966559202448 ], [ 72.494138159431856, 23.037016517316417 ], [ 72.494216480579695, 23.037059393611443 ], [ 72.49429911924922, 23.037094746829251 ], [ 72.494385224957128, 23.037122213135074 ], [ 72.494473911538833, 23.037141509861865 ], [ 72.494564266268426, 23.037152438419177 ], [ 72.49465535925215, 23.037154886336825 ], [ 72.494746252998397, 23.037148828422303 ], [ 72.4951873529984, 23.037098628727978 ], [ 72.495274456977938, 23.037084681451294 ], [ 72.495359649237713, 23.037062922125621 ], [ 72.495442104553717, 23.037033561521287 ], [ 72.495521024213602, 23.036996884038111 ], [ 72.495595643753518, 23.036953244950695 ], [ 72.495665240363223, 23.036903066967241 ], [ 72.495729139887615, 23.036846836135211 ], [ 72.495786723357028, 23.036785097133432 ], [ 72.495837432982995, 23.036718447996297 ], [ 72.495880777561169, 23.036647534321094 ], [ 72.49591633722963, 23.036573043014663 ], [ 72.495943767535806, 23.036495695639772 ], [ 72.49596280277305, 23.036416241425894 ], [ 72.4959732585545, 23.036335450011837 ], [ 72.495975033599066, 23.036254103990675 ], [ 72.495968110712624, 23.036172991329174 ], [ 72.495925710712626, 23.035868891091731 ], [ 72.495910426751195, 23.03578988011833 ], [ 72.495886889757131, 23.035712605227605 ], [ 72.495855321548007, 23.03563779467795 ], [ 72.49581601962926, 23.035566153504345 ], [ 72.49576935439039, 23.035498356873823 ], [ 72.495715765614406, 23.03543504372232 ], [ 72.4956557583332, 23.03537681073297 ], [ 72.495589898067962, 23.035324206712616 ], [ 72.495587770943771, 23.035322816029804 ], [ 72.495526251498347, 23.035275426856863 ], [ 72.495452208400835, 23.0352290886958 ], [ 72.495373520280154, 23.035189764262249 ], [ 72.495290968957889, 23.035157844278263 ], [ 72.495205374639184, 23.03513364589659 ], [ 72.495117587763488, 23.03511740954929 ], [ 72.495028480554865, 23.035109296558737 ], [ 72.494938938355801, 23.035109387534636 ], [ 72.494849850830676, 23.03511768157307 ], [ 72.494315950830668, 23.035192282025559 ], [ 72.494227465059197, 23.035208870739456 ], [ 72.494141236152032, 23.035233551075454 ], [ 72.494058135477331, 23.035266073627241 ], [ 72.493979002791477, 23.035306109739459 ], [ 72.493904637753189, 23.035353254829097 ], [ 72.493835791842798, 23.035407032474168 ], [ 72.493773160768129, 23.035466899228382 ], [ 72.493717377434379, 23.035532250113139 ], [ 72.493669005548298, 23.035602424731337 ], [ 72.493628533921836, 23.035676713941143 ], [ 72.493596371532504, 23.035754367022395 ], [ 72.493572843390581, 23.035834599263069 ], [ 72.493558187254749, 23.035916599889241 ], [ 72.493552551229499, 23.035999540258342 ], [ 72.493555992268526, 23.036082582232943 ], [ 72.493568475599119, 23.036164886650393 ], [ 72.493589875073624, 23.036245621802792 ], [ 72.493619974444115, 23.036323971841561 ], [ 72.493658469547725, 23.036399145021687 ], [ 72.493729469547731, 23.036521444668114 ], [ 72.493764933539723, 23.036575820920156 ] ] ] } },
{ "type": "Feature", "properties": { "version": 2, "visible": null, "lon": null, "timestamp": 1744061225, "tags": { "visible": false }, "changeset": null, "lat": null, "id": 366778776, "natural": "water", "water": null, "wetland": null, "osm_type": "way", "grassland": null, "reef": null, "Risk": "High" }, "geometry": { "type": "Polygon", "coordinates": [ [ [ 72.495324560019839, 23.03724148489135 ], [ 72.495464260019844, 23.037226184984561 ], [ 72.495551151738127, 23.037212662691903 ], [ 72.495636185572948, 23.03719137055597 ], [ 72.495718543179166, 23.037162513483519 ], [ 72.495797431966992, 23.037126369183312 ], [ 72.495872092729698, 23.037083285493701 ], [ 72.495941806950128, 23.0370336770353 ], [ 72.496005903715371, 23.036978021221046 ], [ 72.496063766173606, 23.036916853661957 ], [ 72.496114837470458, 23.036850763012819 ], [ 72.496158626108027, 23.036780385307377 ], [ 72.496194710675056, 23.036706397837563 ], [ 72.496222743902337, 23.036629512635617 ], [ 72.496242456004836, 23.036550469621922 ], [ 72.496253657278018, 23.036470029484281 ], [ 72.496256239923554, 23.036388966357425 ], [ 72.496250179086658, 23.036308060372946 ], [ 72.496242379086638, 23.036247460329218 ], [ 72.496227729994587, 23.036167477070226 ], [ 72.496204633958598, 23.036089199875949 ], [ 72.496173313322288, 23.036013382317901 ], [ 72.496134069606725, 23.03594075429001 ], [ 72.49608728060781, 23.035872014981834 ], [ 72.496033396759287, 23.03580782614727 ], [ 72.495972936796377, 23.035748805733711 ], [ 72.495906482761981, 23.03569552193278 ], [ 72.495834674403454, 23.035648487710194 ], [ 72.49575820301375, 23.035608155867166 ], [ 72.49567780477642, 23.035574914681099 ], [ 72.495594253678476, 23.035549084167407 ], [ 72.495508354059211, 23.035530912998567 ], [ 72.495420932866963, 23.035520576110002 ], [ 72.495332831698121, 23.03551817301587 ], [ 72.495244898695148, 23.035523726850968 ], [ 72.495105098695149, 23.035538926943577 ], [ 72.495018076437461, 23.03555240521003 ], [ 72.494932911095319, 23.035573675940402 ], [ 72.494850424526732, 23.035602533865401 ], [ 72.494771412739183, 23.03563870049706 ], [ 72.494696638207969, 23.035681826816365 ], [ 72.494626822518271, 23.035731496641553 ], [ 72.494562639401707, 23.035787230644594 ], [ 72.494504708234757, 23.035848490977038 ], [ 72.494453588061646, 23.03591468646059 ], [ 72.494409772199546, 23.035985178292371 ], [ 72.494373683477917, 23.036059286209682 ], [ 72.494345670158211, 23.036136295054934 ], [ 72.494326002573089, 23.036215461677163 ], [ 72.494314870517613, 23.036296022103752 ], [ 72.494312381417743, 23.036377198913012 ], [ 72.494318559293646, 23.036458208736423 ], [ 72.494326459293632, 23.036518908692141 ], [ 72.494341216102356, 23.036598851315915 ], [ 72.494364412630375, 23.036677078870806 ], [ 72.494395825695136, 23.036752838703453 ], [ 72.494435153059584, 23.036825401904487 ], [ 72.494482016340228, 23.036894070321516 ], [ 72.494535964647667, 23.036958183276074 ], [ 72.49459647892472, 23.037017123919995 ], [ 72.494662976940575, 23.037070325170102 ], [ 72.494734818892567, 23.037117275164057 ], [ 72.494811313561996, 23.037157522184881 ], [ 72.494891724964603, 23.037190679006869 ], [ 72.494975279431756, 23.037216426620983 ], [ 72.495061173054197, 23.037234517303958 ], [ 72.495148579416792, 23.037244777001575 ], [ 72.495236657549725, 23.037247107003175 ], [ 72.495324560019839, 23.03724148489135 ] ] ] } },
{ "type": "Feature", "properties": { "version": 2, "visible": null, "lon": null, "timestamp": 1744061225, "tags": { "visible": false }, "changeset": null, "lat": null, "id": 366778823, "natural": "water", "water": null, "wetland": null, "osm_type": "way", "grassland": null, "reef": null, "Risk": "High" }, "geometry": { "type": "Polygon", "coordinates": [ [ [ 72.495181380355959, 23.037229869710959 ], [ 72.495233980355962, 23.037225869735419 ], [ 72.495321392120317, 23.037215226711115 ], [ 72.495407248988684, 23.037196748859369 ], [ 72.495490723792415, 23.037170614197692 ], [ 72.495571012312311, 23.03713707451022 ], [ 72.495647341026768, 23.037096452922128 ], [ 72.495718974563957, 23.037049140786724 ], [ 72.495785222786736, 23.036995593915336 ], [ 72.495845447441539, 23.036936328186123 ], [ 72.495899068307494, 23.036871914574235 ], [ 72.495945568786453, 23.036802973651184 ], [ 72.49598450088007, 23.03673016960634 ], [ 72.496015489505808, 23.036654203848169 ], [ 72.496038236110806, 23.036575808246937 ], [ 72.496052521547981, 23.036495738083818 ], [ 72.496058208187492, 23.036414764774456 ], [ 72.496055241242757, 23.036333668437024 ], [ 72.496051041242751, 23.036287068413387 ], [ 72.496039455445612, 23.036206661251438 ], [ 72.496019362857311, 23.036127685924175 ], [ 72.495990956905572, 23.036050902715967 ], [ 72.495954511049376, 23.035977050809233 ], [ 72.495910376146341, 23.035906841168313 ], [ 72.495858977075244, 23.035840949694915 ], [ 72.495800808645626, 23.035780010721126 ], [ 72.495736430834413, 23.035724610902509 ], [ 72.49566646339521, 23.035675283570246 ], [ 72.495591579891851, 23.035632503596538 ], [ 72.495512501214279, 23.035596682822881 ], [ 72.495429988638648, 23.035568166095032 ], [ 72.495344836498575, 23.035547227943109 ], [ 72.495257864538317, 23.035534069938457 ], [ 72.495169910021218, 23.035528818753111 ], [ 72.495081819669494, 23.035531524940208 ], [ 72.49502921966949, 23.035535524964661 ], [ 72.494941807903373, 23.035546168119591 ], [ 72.49485595103306, 23.035564646195944 ], [ 72.494772476227268, 23.035590781167677 ], [ 72.494692187705198, 23.03562432123892 ], [ 72.494615858988553, 23.035664943270017 ], [ 72.494544225449175, 23.035712255890953 ], [ 72.494477977224264, 23.035765803272142 ], [ 72.494417752567415, 23.035825069516285 ], [ 72.494364131699555, 23.03588948362896 ], [ 72.494317631218834, 23.035958425019981 ], [ 72.494278699123697, 23.036031229482617 ], [ 72.494247710496623, 23.036107195592987 ], [ 72.494224963890574, 23.036185591467991 ], [ 72.494210678452603, 23.036265661816653 ], [ 72.494204991812538, 23.036346635216933 ], [ 72.494207958757059, 23.03642773154791 ], [ 72.494212158757051, 23.036474331524282 ], [ 72.49422374455429, 23.036554738528089 ], [ 72.494243837143031, 23.036633713606594 ], [ 72.494272243095523, 23.036710496484137 ], [ 72.494308688952799, 23.036784347990178 ], [ 72.494352823857142, 23.036854557174991 ], [ 72.494404222929859, 23.036920448153619 ], [ 72.494462391361296, 23.036981386612297 ], [ 72.49452676917447, 23.037036785914562 ], [ 72.494596736615819, 23.037086112748476 ], [ 72.494671620121395, 23.037128892260412 ], [ 72.494750698801212, 23.037164712626154 ], [ 72.494833211379074, 23.03719322901517 ], [ 72.494918363521307, 23.037214166910029 ], [ 72.495005335483597, 23.037227324748983 ], [ 72.495093290002572, 23.03723257586617 ], [ 72.495181380355959, 23.037229869710959 ] ] ] } },
{ "type": "Feature", "properties": { "version": 3, "visible": null, "lon": null, "timestamp": 1690257208, "tags": { "visible": false }, "changeset": null, "lat": null, "id": 369050341, "natural": "water", "water": "lake", "wetland": null, "osm_type": "way", "grassland": null, "reef": null, "Risk": "High" }, "geometry": { "type": "Polygon", "coordinates": [ [ [ 72.53621825902087, 23.052398659390306 ], [ 72.536232046043878, 23.052410455728694 ], [ 72.536305188920679, 23.052461299431947 ], [ 72.536383582229774, 23.052505019497485 ], [ 72.536415882229761, 23.052521019410992 ], [ 72.536492103674988, 23.052554621083235 ], [ 72.536529403675004, 23.052569121001234 ], [ 72.536601926877864, 23.052593983347869 ], [ 72.536676506641641, 23.052613009560467 ], [ 72.536752589401885, 23.052626058420447 ], [ 72.536802289401876, 23.052632558380939 ], [ 72.536890587087242, 23.052640039002469 ], [ 72.536979256119139, 23.052639473229743 ], [ 72.537027456119134, 23.052636973245075 ], [ 72.537075033019704, 23.052633336440486 ], [ 72.537172933019704, 23.052623436500895 ], [ 72.537241441329584, 23.052614036773761 ], [ 72.53730895889359, 23.052599808004718 ], [ 72.537389058893609, 23.052579908122667 ], [ 72.53741858402644, 23.052572072037986 ], [ 72.537481584026438, 23.052554272142451 ], [ 72.537570954002888, 23.052524169270175 ], [ 72.537656361367127, 23.052485535537478 ], [ 72.537736847522837, 23.052438804555035 ], [ 72.537777847522833, 23.05241210468883 ], [ 72.537842960203037, 23.052365427504636 ], [ 72.537903141854244, 23.052313448084156 ], [ 72.537957884382493, 23.052256605266741 ], [ 72.538010084382492, 23.052197105496187 ], [ 72.538057144153001, 23.052138332556446 ], [ 72.538098384730645, 23.052075968191723 ], [ 72.538133484436244, 23.052010498843465 ], [ 72.538162169489823, 23.051942435172712 ], [ 72.538181369489834, 23.051890135275464 ], [ 72.538203225295788, 23.051820732443915 ], [ 72.538218410407936, 23.051749838419749 ], [ 72.53822680878514, 23.05167799495684 ], [ 72.538228356249007, 23.051605751065289 ], [ 72.538227056248999, 23.051555951057942 ], [ 72.5382222998782, 23.051488576104035 ], [ 72.538211583522511, 23.051421783063802 ], [ 72.538200783522512, 23.051369383003866 ], [ 72.53817531179709, 23.051275932094466 ], [ 72.538138195618913, 23.051185843147149 ], [ 72.538115295618923, 23.051138743029068 ], [ 72.53807774325972, 23.051070228164399 ], [ 72.538033447795783, 23.051005212803481 ], [ 72.537982790965927, 23.050944257254887 ], [ 72.53792620933126, 23.050887886840052 ], [ 72.537864190512948, 23.05083658736589 ], [ 72.537797268989863, 23.050790800937879 ], [ 72.537742268989874, 23.050756700764268 ], [ 72.537679303614865, 23.050721038129701 ], [ 72.537613364249424, 23.050690260946084 ], [ 72.537544897593847, 23.050664577714091 ], [ 72.537485497593835, 23.050644877600323 ], [ 72.537397110821729, 23.050620208320439 ], [ 72.537346710821737, 23.050608708251918 ], [ 72.537273071602499, 23.05059488603279 ], [ 72.537198434454623, 23.050586776212217 ], [ 72.537123321800181, 23.050584435555841 ], [ 72.537068921800184, 23.05058483555829 ], [ 72.536961222786317, 23.050591595868305 ], [ 72.536919922786325, 23.050596495898144 ], [ 72.536869429928075, 23.050603836044672 ], [ 72.536825329928064, 23.050611436090531 ], [ 72.536782296739602, 23.05061986089974 ], [ 72.536738096739597, 23.05062956095766 ], [ 72.536691892624305, 23.050640904890734 ], [ 72.536645192624292, 23.050653604965508 ], [ 72.536627018457708, 23.050658740468322 ], [ 72.536572118457727, 23.05067484056249 ], [ 72.536488442806714, 23.050703670806829 ], [ 72.536408293559958, 23.050740007115287 ], [ 72.536361393559943, 23.050764007244055 ], [ 72.536292727962987, 23.050802958714719 ], [ 72.536228136561874, 23.050847421026965 ], [ 72.536184036561863, 23.050880721184996 ], [ 72.536111905029372, 23.05094152852492 ], [ 72.536047387029427, 23.051009192487196 ], [ 72.535991247692465, 23.051082910623162 ], [ 72.535944152784865, 23.051161808687144 ], [ 72.535919252784865, 23.051209508813933 ], [ 72.535885735820216, 23.051282485151358 ], [ 72.535859965533845, 23.051358078831594 ], [ 72.535850065533864, 23.0513928788857 ], [ 72.535831517372117, 23.051474808052721 ], [ 72.535822067431852, 23.051558043008871 ], [ 72.535820067431857, 23.051592443020155 ], [ 72.535818981083736, 23.051653882261014 ], [ 72.535819681083737, 23.051684682257058 ], [ 72.53582507111031, 23.051759440386565 ], [ 72.535837795581315, 23.051833442293702 ], [ 72.535857749955596, 23.051906079998467 ], [ 72.535884770292839, 23.051976756729733 ], [ 72.535918634600506, 23.052044891828125 ], [ 72.535926036088185, 23.052058158609235 ], [ 72.535929830463999, 23.052065714630807 ], [ 72.535971801774494, 23.052139329314102 ], [ 72.536021596601742, 23.052208692562061 ], [ 72.53604109660175, 23.052233092473323 ], [ 72.536089932059298, 23.05228895151043 ], [ 72.536143844006531, 23.052340706788325 ], [ 72.53620242690711, 23.052387968998541 ], [ 72.53621825902087, 23.052398659390306 ] ] ] } },
{ "type": "Feature", "properties": { "version": 2, "visible": null, "lon": null, "timestamp": 1730812765, "tags": { "visible": false }, "changeset": null, "lat": null, "id": 369677549, "natural": "water", "water": "pond", "wetland": null, "osm_type": "way", "grassland": null, "reef": null, "Risk": "High" }, "geometry": { "type": "Polygon", "coordinates": [ [ [ 72.624149469867817, 23.126697680480483 ], [ 72.624184757833433, 23.126715066479136 ], [ 72.624263228720181, 23.126745328546942 ], [ 72.624344461075367, 23.126768626839642 ], [ 72.624427726044203, 23.126784752317683 ], [ 72.624512276534233, 23.126793560298289 ], [ 72.624942176534219, 23.126819460139142 ], [ 72.625032222132262, 23.126820724843761 ], [ 72.625121952940987, 23.126813691993966 ], [ 72.625210467160286, 23.126798432269027 ], [ 72.625296875216932, 23.126775099027341 ], [ 72.625380308704692, 23.126743926765258 ], [ 72.625459929111955, 23.126705228760571 ], [ 72.625534936248812, 23.126659393924243 ], [ 72.625604576288978, 23.126606882892109 ], [ 72.625668149345813, 23.126548223395723 ], [ 72.625725016506266, 23.126484004958925 ], [ 72.625774606251909, 23.12641487297341 ], [ 72.625935655575972, 23.126163824362269 ], [ 72.625975762704869, 23.126131336094893 ], [ 72.626037323909003, 23.126076454870791 ], [ 72.626092915446421, 23.126016426271079 ], [ 72.626142030906564, 23.125951797119171 ], [ 72.626184222872624, 23.125883156147484 ], [ 72.626219106997311, 23.12581112863462 ], [ 72.626246365504016, 23.125736370709593 ], [ 72.626265750081643, 23.125659563374992 ], [ 72.626277084146579, 23.125581406303578 ], [ 72.626280264451282, 23.125502611464693 ], [ 72.626275262024777, 23.125423896638654 ], [ 72.626154862024762, 23.124384395960682 ], [ 72.626141157492441, 23.12430395547338 ], [ 72.626118909396723, 23.124225146265498 ], [ 72.62608833384401, 23.124148733852184 ], [ 72.626049727829312, 23.124075460468536 ], [ 72.626003466351364, 23.124006037859743 ], [ 72.625949998770025, 23.123941140367357 ], [ 72.625889844441573, 23.123881398378817 ], [ 72.625823587673807, 23.123827392203939 ], [ 72.625751872050472, 23.1237796464378 ], [ 72.625675394179794, 23.12373862486481 ], [ 72.625594896927922, 23.123704725953495 ], [ 72.625511162203296, 23.123678278985732 ], [ 72.625425003361414, 23.123659540858061 ], [ 72.625337257304381, 23.123648693586148 ], [ 72.625248776351668, 23.123645842536664 ], [ 72.624365276351682, 23.123657442608085 ], [ 72.62427647033401, 23.123662662452691 ], [ 72.624188661598694, 23.123675937122673 ], [ 72.624102711804554, 23.123697136352583 ], [ 72.624019464368814, 23.12372605211268 ], [ 72.623939736190721, 23.123762400650463 ], [ 72.62386430963538, 23.123805825275266 ], [ 72.623793924856471, 23.123855899858707 ], [ 72.623729272533211, 23.123912133016461 ], [ 72.623670987092709, 23.123973972930486 ], [ 72.623619640484534, 23.124040812764221 ], [ 72.623575736568128, 23.124111996617721 ], [ 72.623539706168458, 23.124186825964195 ], [ 72.623511902848449, 23.124264566504859 ], [ 72.623492599439459, 23.124344455374725 ], [ 72.623481985364023, 23.124425708628706 ], [ 72.62348016477705, 23.124507528934551 ], [ 72.623506630412791, 23.12534397907039 ], [ 72.623491065815045, 23.125364194171372 ], [ 72.623443986238271, 23.125432138761159 ], [ 72.623404327092757, 23.125503977610876 ], [ 72.623372465567414, 23.125579027472273 ], [ 72.623348704689789, 23.125656574558835 ], [ 72.623333270444022, 23.125735881334617 ], [ 72.623326309621646, 23.125816193528902 ], [ 72.62332788842545, 23.125896747310016 ], [ 72.623337991839747, 23.125976776549965 ], [ 72.623356523773353, 23.126055520110928 ], [ 72.623383307973342, 23.126132229084138 ], [ 72.62341808970146, 23.12620617391255 ], [ 72.623460538156763, 23.126276651329249 ], [ 72.623510249621901, 23.126342991045934 ], [ 72.623566751302718, 23.126404562127604 ], [ 72.62362950582488, 23.126460778992985 ], [ 72.623697916344781, 23.126511106983624 ], [ 72.623771332225871, 23.12655506744861 ], [ 72.623851432225848, 23.12659806721993 ], [ 72.623926610744178, 23.126634162154055 ], [ 72.624005155498438, 23.12666357646642 ], [ 72.624086366441773, 23.126686048000181 ], [ 72.624149469867817, 23.126697680480483 ] ] ] } },
{ "type": "Feature", "properties": { "version": 5, "visible": null, "lon": null, "timestamp": 1660901170, "tags": { "visible": false, "fishing": "no", "salt": "no", "tidal": "no" }, "changeset": null, "lat": null, "id": 413809871, "natural": "water", "water": "pond", "wetland": null, "osm_type": "way", "grassland": null, "reef": null, "Risk": "High" }, "geometry": { "type": "Polygon", "coordinates": [ [ [ 72.554862516160483, 23.020626139240445 ], [ 72.55485282045386, 23.020668214424145 ], [ 72.554843220468669, 23.020742257000453 ], [ 72.554840907953277, 23.020816794459098 ], [ 72.554845901718721, 23.020891220479982 ], [ 72.554858161143542, 23.020964929650489 ], [ 72.554865361143541, 23.020998129610646 ], [ 72.554884512006211, 23.021069665384683 ], [ 72.554910506216103, 23.021139347998947 ], [ 72.55494313735656, 23.021206624116083 ], [ 72.554982146307907, 23.021270959509113 ], [ 72.555027223305089, 23.02133184330356 ], [ 72.555051223305099, 23.021361343195142 ], [ 72.555112894237169, 23.021429244121677 ], [ 72.555182097741309, 23.021490689073428 ], [ 72.555258040882009, 23.021544974021825 ], [ 72.55528684088199, 23.021563373929158 ], [ 72.555289444647869, 23.021564858570301 ], [ 72.555296254069702, 23.021572495427328 ], [ 72.555359689394578, 23.021630697429483 ], [ 72.555429107109546, 23.021682795867672 ], [ 72.555503817042592, 23.021728272770694 ], [ 72.555583076404773, 23.021766676000244 ], [ 72.55566609717539, 23.021797623745886 ], [ 72.555752053936615, 23.02182080832095 ], [ 72.555840092080189, 23.021835999221359 ], [ 72.555929336304047, 23.021843045417285 ], [ 72.556018899314935, 23.021841876854573 ], [ 72.556107890650125, 23.021832505151224 ], [ 72.556195425530646, 23.021815023481864 ], [ 72.556225625530644, 23.02180752352626 ], [ 72.556296340013617, 23.02178704619239 ], [ 72.5563649791778, 23.021761272317985 ], [ 72.556431075581699, 23.021730377423481 ], [ 72.556455675581702, 23.021717677491392 ], [ 72.556526787213699, 23.021676838938728 ], [ 72.556593453482975, 23.021630077972798 ], [ 72.556655093968118, 23.021577801706069 ], [ 72.556711172004086, 23.021520465269095 ], [ 72.556761199354582, 23.021458567848153 ], [ 72.556804740462823, 23.021392648339393 ], [ 72.556841416243671, 23.021323280657178 ], [ 72.556870907384109, 23.021251068737588 ], [ 72.55688808473829, 23.021193087701949 ], [ 72.556897599462218, 23.021170986311599 ], [ 72.556915756367772, 23.021111707910457 ], [ 72.556993774977158, 23.021107793871479 ], [ 72.557086036905659, 23.021094220102135 ], [ 72.557176267903074, 23.021071899815173 ], [ 72.557263491853746, 23.021041074466371 ], [ 72.557305491853739, 23.021023874562729 ], [ 72.557381374145848, 23.020988754134386 ], [ 72.557453313264702, 23.020947194688652 ], [ 72.557520666079412, 23.020899567758409 ], [ 72.557582830460319, 23.020846299119039 ], [ 72.557639250662049, 23.020787864982211 ], [ 72.557689422291759, 23.020724787738825 ], [ 72.557732896818479, 23.020657631289112 ], [ 72.557769285582836, 23.02058699600159 ], [ 72.557798263271735, 23.020513513346035 ], [ 72.557819570826567, 23.020437840248345 ], [ 72.557833017759236, 23.020360653217832 ], [ 72.557839817759245, 23.020304853255958 ], [ 72.557845410428342, 23.020215418432759 ], [ 72.557840456882175, 23.020125951635674 ], [ 72.557831056882179, 23.02004395158292 ], [ 72.557816246208631, 23.0199582030078 ], [ 72.557791746599875, 23.019874356741727 ], [ 72.55775782824675, 23.019793337476983 ], [ 72.55771486521347, 23.019716038730099 ], [ 72.557663331312426, 23.019643312987601 ], [ 72.557600531312431, 23.019564112701346 ], [ 72.557549355833586, 23.019505386521896 ], [ 72.557492588712307, 23.019451187935424 ], [ 72.557430700582046, 23.019401966286352 ], [ 72.557364204532405, 23.019358129657267 ], [ 72.557256304532388, 23.019293629325634 ], [ 72.557166510620775, 23.019246480655031 ], [ 72.557071425731564, 23.019209139174656 ], [ 72.556979725731566, 23.019178738999294 ], [ 72.556895591001748, 23.019155061505963 ], [ 72.556809343235884, 23.01913907240699 ], [ 72.556722943235883, 23.019127072334243 ], [ 72.556647600713134, 23.019119583201913 ], [ 72.556571840453813, 23.019117965220012 ], [ 72.556496201596687, 23.019122229902937 ], [ 72.556418701596698, 23.019129629948058 ], [ 72.556339920589139, 23.019140419580381 ], [ 72.556269363292444, 23.019156064761926 ], [ 72.556256752192667, 23.019156590762183 ], [ 72.556224382694595, 23.019155436350751 ], [ 72.556144617808613, 23.019155853538546 ], [ 72.556065207589455, 23.019162781430826 ], [ 72.555999586854583, 23.019173979600229 ], [ 72.555977770875842, 23.019174269195997 ], [ 72.555894077421442, 23.019182634191075 ], [ 72.555811602294924, 23.019198173311985 ], [ 72.555794949884969, 23.019202841711294 ], [ 72.5557681706225, 23.019206592547128 ], [ 72.555676848198345, 23.01922860670912 ], [ 72.555588540155711, 23.01925931989264 ], [ 72.555504221736882, 23.019298392906535 ], [ 72.555457621736892, 23.019322893036964 ], [ 72.555383613583118, 23.019366349745198 ], [ 72.555314567498883, 23.019416247478208 ], [ 72.555251142876799, 23.01947210970393 ], [ 72.555193945424378, 23.019533402928978 ], [ 72.555143521379406, 23.019599541793813 ], [ 72.555121176756586, 23.019635956938835 ], [ 72.55508507436025, 23.019671834237695 ], [ 72.555021574360225, 23.019741234511773 ], [ 72.55496987413143, 23.019803504770152 ], [ 72.554924812134587, 23.019870000532343 ], [ 72.554886793244449, 23.019940124338792 ], [ 72.554856159054694, 23.020013246133185 ], [ 72.554833184808587, 23.020088708923598 ], [ 72.554818076926068, 23.020165834685624 ], [ 72.554809976926052, 23.02022243473094 ], [ 72.554802871686476, 23.020300516786495 ], [ 72.55480382957731, 23.0203788671989 ], [ 72.554812841995101, 23.020456782248054 ], [ 72.554829827992918, 23.020533562125372 ], [ 72.554854635007601, 23.020608517219191 ], [ 72.554862516160483, 23.020626139240445 ] ] ] } },
{ "type": "Feature", "properties": { "version": 3, "visible": null, "lon": null, "timestamp": 1635162077, "tags": { "visible": false, "name": "Suryajyot Lake" }, "changeset": null, "lat": null, "id": 420550103, "natural": "water", "water": "lake", "wetland": null, "osm_type": "way", "grassland": null, "reef": null, "Risk": "High" }, "geometry": { "type": "Polygon", "coordinates": [ [ [ 72.647657457159227, 23.200450294002188 ], [ 72.64773925715923, 23.200534093656536 ], [ 72.647814386608616, 23.200602493216842 ], [ 72.647897740539292, 23.200662304117959 ], [ 72.647976307567589, 23.200712128958589 ], [ 72.648014397704912, 23.200738108259007 ], [ 72.648038236485377, 23.200764249213037 ], [ 72.648076680140221, 23.200814403222012 ], [ 72.648140028956249, 23.200929141456815 ], [ 72.648182580255451, 23.200997847148781 ], [ 72.648232085668212, 23.201062497372845 ], [ 72.648288091328652, 23.201122499421647 ], [ 72.648350083776535, 23.201177303202659 ], [ 72.648417494664727, 23.201226406281172 ], [ 72.64848970596978, 23.201269358486368 ], [ 72.648566055658009, 23.201305766038271 ], [ 72.648679955658011, 23.201353865768311 ], [ 72.648760124947259, 23.201383516719833 ], [ 72.648843023052379, 23.201405950226434 ], [ 72.648927882822477, 23.201420958688907 ], [ 72.649013918953116, 23.201428403219321 ], [ 72.649100335253635, 23.201428214926185 ], [ 72.649274735253627, 23.201420114976145 ], [ 72.64937518149415, 23.201410222268102 ], [ 72.649473784119365, 23.201390026262352 ], [ 72.649569296158205, 23.201359782361653 ], [ 72.649728996158203, 23.201299782704698 ], [ 72.649794668694966, 23.201272229085468 ], [ 72.649894491735552, 23.201225805429608 ], [ 72.649994331723917, 23.201187423401521 ], [ 72.650086446467625, 23.201146189937795 ], [ 72.65024564646761, 23.201064290379222 ], [ 72.650300177341094, 23.20103385092148 ], [ 72.650382250886537, 23.200984286888932 ], [ 72.650578527433552, 23.200898240845984 ], [ 72.650636105247486, 23.200870607833004 ], [ 72.650813905247503, 23.200777608332238 ], [ 72.650883261078192, 23.200737371819734 ], [ 72.650948335202884, 23.200691488963944 ], [ 72.651029835202877, 23.200628389262025 ], [ 72.651087331117154, 23.200579793124533 ], [ 72.651140016719282, 23.200526789934354 ], [ 72.651187493672623, 23.200469780424338 ], [ 72.651229403021176, 23.200409195617823 ], [ 72.651275303021194, 23.200335995843584 ], [ 72.651321021473677, 23.200252486918597 ], [ 72.651356176318984, 23.200164763034529 ], [ 72.651380316886844, 23.200073948767354 ], [ 72.651407316886846, 23.199939848918078 ], [ 72.651418533307705, 23.19986528524835 ], [ 72.651422315124321, 23.199790092505097 ], [ 72.651418630905411, 23.199714895626258 ], [ 72.651407511271103, 23.19964031958521 ], [ 72.651382311271078, 23.199514319444511 ], [ 72.651364090883121, 23.199441780768485 ], [ 72.651338835980724, 23.199371045368895 ], [ 72.651306751877485, 23.199302688303288 ], [ 72.651273651877503, 23.199240088134285 ], [ 72.651236850952131, 23.199177500476846 ], [ 72.651194324900388, 23.199118056912837 ], [ 72.651096724900384, 23.198993656463443 ], [ 72.651042708850596, 23.198931375735313 ], [ 72.650982415366315, 23.198874168463494 ], [ 72.650916405496233, 23.198822566985388 ], [ 72.650845293481666, 23.19877705147471 ], [ 72.650769741040889, 23.198738045473142 ], [ 72.650587341040875, 23.198654245010182 ], [ 72.65050927233257, 23.198622543899322 ], [ 72.650428282837979, 23.198597795663467 ], [ 72.650345103623934, 23.198580223701107 ], [ 72.650260485523205, 23.198569986631714 ], [ 72.650092485523217, 23.198557086552317 ], [ 72.650005309776915, 23.198554298839245 ], [ 72.64991825085626, 23.198559295626847 ], [ 72.649851424268476, 23.198569176830112 ], [ 72.649842614934627, 23.198563341832909 ], [ 72.649775740802284, 23.198526685623918 ], [ 72.649665940802294, 23.198472285328165 ], [ 72.649589210614607, 23.198438477447311 ], [ 72.64950934449314, 23.198411494155479 ], [ 72.649427059025172, 23.198391577560574 ], [ 72.649343092505276, 23.198378906364567 ], [ 72.649258198310974, 23.198373594260019 ], [ 72.649173138143226, 23.198375688909898 ], [ 72.649070638143229, 23.198382688953011 ], [ 72.648980355496306, 23.198393101956341 ], [ 72.648891682032499, 23.198411856128288 ], [ 72.648805527518121, 23.198438759052529 ], [ 72.648710227518137, 23.198473559252271 ], [ 72.648623026151029, 23.198510476110872 ], [ 72.648540609179406, 23.198555735913178 ], [ 72.648463917973487, 23.198608821691568 ], [ 72.648382865285512, 23.198671436593987 ], [ 72.648373876448545, 23.198673937435785 ], [ 72.648297503451403, 23.198702441607345 ], [ 72.648213378566211, 23.198738054412647 ], [ 72.648124875680622, 23.198770288111707 ], [ 72.648030922625651, 23.198810413055707 ], [ 72.647942620547212, 23.198860213771034 ], [ 72.647834920547226, 23.198929114120315 ], [ 72.647760727473411, 23.198982079497092 ], [ 72.647692958050129, 23.199041876963168 ], [ 72.647632353420477, 23.199107852550028 ], [ 72.647579576371584, 23.19917928472384 ], [ 72.647535204086267, 23.199255392276665 ], [ 72.647484904086269, 23.199353692535059 ], [ 72.647446842242005, 23.199440552198023 ], [ 72.64741972531435, 23.19953081438776 ], [ 72.647403902077983, 23.199623318157126 ], [ 72.647394502077987, 23.199710118210231 ], [ 72.647390091507191, 23.199795110594838 ], [ 72.64739522106737, 23.199880068828577 ], [ 72.64740983628208, 23.199964090646962 ], [ 72.647433781936201, 23.200046283732007 ], [ 72.647471481936208, 23.200153283528394 ], [ 72.647505020392316, 23.200233846961201 ], [ 72.647547520448185, 23.200310754603599 ], [ 72.64759851824077, 23.200383167061052 ], [ 72.647657457159227, 23.200450294002188 ] ] ] } },
{ "type": "Feature", "properties": { "version": 2, "visible": null, "lon": null, "timestamp": 1634609385, "tags": { "visible": false, "name": "Chenpur Lake" }, "changeset": null, "lat": null, "id": 424053785, "natural": "water", "water": null, "wetland": null, "osm_type": "way", "grassland": null, "reef": null, "Risk": "High" }, "geometry": { "type": "Polygon", "coordinates": [ [ [ 72.558330489877576, 23.103981470295949 ], [ 72.558344543199624, 23.104021718381283 ], [ 72.558379107417338, 23.10409530552953 ], [ 72.558421261517452, 23.104165465630583 ], [ 72.558470608739526, 23.104231538333398 ], [ 72.55852668462046, 23.104292901758718 ], [ 72.558588961366041, 23.104348978352022 ], [ 72.558656852818615, 23.104399240319324 ], [ 72.558711180451695, 23.104435612028766 ], [ 72.558817277093127, 23.104508581472526 ], [ 72.558847382129272, 23.104530037443311 ], [ 72.558920863372819, 23.10457720744359 ], [ 72.55899571418837, 23.104615675272168 ], [ 72.559027816070454, 23.104642455008975 ], [ 72.559096902245841, 23.104689833947983 ], [ 72.559191502245824, 23.104748433648954 ], [ 72.559278434771556, 23.104795970523799 ], [ 72.559370625705441, 23.104834218291479 ], [ 72.559466906529295, 23.104862692170443 ], [ 72.559605506529309, 23.104895891972774 ], [ 72.559690669060174, 23.104912286598953 ], [ 72.559777156509199, 23.104921026299408 ], [ 72.559864157518803, 23.104922029086623 ], [ 72.559950855913613, 23.104915285553393 ], [ 72.56003643835713, 23.104900858961116 ], [ 72.560120101981866, 23.104878884646354 ], [ 72.560201061921134, 23.10484956875127 ], [ 72.560278558672167, 23.104813186289956 ], [ 72.560351865221108, 23.104770078568606 ], [ 72.560420293863231, 23.104720649983861 ], [ 72.560483202654638, 23.104665364229323 ], [ 72.560540001434234, 23.104604739945771 ], [ 72.560572026359992, 23.104562985344685 ], [ 72.56057697732021, 23.104559474680233 ], [ 72.560680879950183, 23.104505027885715 ], [ 72.560749991983542, 23.104464874755713 ], [ 72.560814849510024, 23.104419109243132 ], [ 72.560874915470265, 23.104368110308432 ], [ 72.560929692481949, 23.104312300247781 ], [ 72.560985192481937, 23.104250300490232 ], [ 72.561040430077213, 23.104181649504589 ], [ 72.561087667988701, 23.104108120561218 ], [ 72.561126401510705, 23.10403049926072 ], [ 72.561156216801237, 23.103949614928801 ], [ 72.561176795303709, 23.103866331755761 ], [ 72.561187917150505, 23.103781539563371 ], [ 72.561189463512051, 23.103696144297938 ], [ 72.561186863512077, 23.103627944283236 ], [ 72.561180120524739, 23.103551814374487 ], [ 72.561165763240922, 23.103476582442159 ], [ 72.561143914352087, 23.103402891389578 ], [ 72.561116525692199, 23.10333570117529 ], [ 72.561137331804858, 23.103169312109376 ], [ 72.561143065165538, 23.103090005046578 ], [ 72.561140487559513, 23.103010558165774 ], [ 72.561127087559512, 23.102852758090176 ], [ 72.561115402205758, 23.102769681127089 ], [ 72.561094631785338, 23.102688119338886 ], [ 72.561064989784157, 23.102608911050645 ], [ 72.561026780873448, 23.102532870398672 ], [ 72.560980397778195, 23.102460778962325 ], [ 72.560926317240643, 23.102393377730408 ], [ 72.560865095120093, 23.102331359484715 ], [ 72.560803996491416, 23.102280847676496 ], [ 72.560714443186058, 23.102185837316515 ], [ 72.56067756919019, 23.102149030458182 ], [ 72.560527369190183, 23.102007929850902 ], [ 72.560461412416657, 23.101951870509371 ], [ 72.560389700013303, 23.101902148609234 ], [ 72.560312948669036, 23.101859261075091 ], [ 72.560231925431637, 23.101823636528795 ], [ 72.560147440041831, 23.101795631005562 ], [ 72.560060336840934, 23.101775524395535 ], [ 72.559971486332429, 23.101763517646397 ], [ 72.559881776482342, 23.101759730754971 ], [ 72.559792103844842, 23.101764201567889 ], [ 72.5597033646022, 23.101776885403336 ], [ 72.559616445608427, 23.101797655497602 ], [ 72.559529446982268, 23.101822776132256 ], [ 72.559464756258507, 23.101819328497726 ], [ 72.559366865145734, 23.101823951113666 ], [ 72.55927010434354, 23.10183835645071 ], [ 72.559175625902611, 23.101862372993359 ], [ 72.558941974876277, 23.10193460073657 ], [ 72.558818064347136, 23.101962783561969 ], [ 72.55873203936298, 23.101986606052009 ], [ 72.558649031498888, 23.102018212823602 ], [ 72.55856987097485, 23.102057287749851 ], [ 72.558495349530915, 23.102103440008616 ], [ 72.558426212508436, 23.102156207991698 ], [ 72.558363151395369, 23.102215063921935 ], [ 72.55830679691023, 23.102279419132213 ], [ 72.558235196910204, 23.102370119460058 ], [ 72.558184147901926, 23.102442444560463 ], [ 72.55814157167238, 23.102519269356645 ], [ 72.558107931924908, 23.102599757132658 ], [ 72.558083595034432, 23.102683031279749 ], [ 72.558068826057237, 23.102768184843903 ], [ 72.558018626057248, 23.103202185126371 ], [ 72.558013585153716, 23.103290415783647 ], [ 72.558018815460287, 23.10337863705541 ], [ 72.558034257174398, 23.103465840232612 ], [ 72.558059733737522, 23.103551028248891 ], [ 72.558091933737529, 23.103639828076041 ], [ 72.558123741436702, 23.103715078670088 ], [ 72.558163381938726, 23.103787114611915 ], [ 72.558210476755136, 23.10385524810636 ], [ 72.558264576223522, 23.103918828619641 ], [ 72.558325163800873, 23.103977249090384 ], [ 72.558330489877576, 23.103981470295949 ] ] ] } },
{ "type": "Feature", "properties": { "version": 1, "visible": null, "lon": null, "timestamp": 1465808157, "tags": { "visible": false }, "changeset": null, "lat": null, "id": 424713830, "natural": "water", "water": null, "wetland": null, "osm_type": "way", "grassland": null, "reef": null, "Risk": "High" }, "geometry": { "type": "Polygon", "coordinates": [ [ [ 72.648897171548484, 22.988565446476574 ], [ 72.648993671548482, 22.988525946697571 ], [ 72.649074300407975, 22.988488363183897 ], [ 72.649150419119806, 22.98844351179531 ], [ 72.649221257247902, 22.988391846488469 ], [ 72.649286097803653, 22.988333890186642 ], [ 72.649344284502945, 22.988270229487252 ], [ 72.64939522840865, 22.988201508724924 ], [ 72.649438413891687, 22.988128423450171 ], [ 72.649502813891701, 22.988005023777379 ], [ 72.649533927754817, 22.987937984997046 ], [ 72.649558507421929, 22.987868684120457 ], [ 72.649576361880847, 22.987797659691854 ], [ 72.649587352381928, 22.987725463650218 ], [ 72.649608852381931, 22.98751806377086 ], [ 72.649612867767232, 22.987430994221135 ], [ 72.649606907756052, 22.987344019073269 ], [ 72.649591038535121, 22.987258104200283 ], [ 72.649531938535119, 22.987016103875259 ], [ 72.649509715443173, 22.986941571291474 ], [ 72.649480031060648, 22.986869274122874 ], [ 72.649443144670869, 22.986799843865494 ], [ 72.64939937846431, 22.986733886974648 ], [ 72.649349114724345, 22.98667197956755 ], [ 72.649292792488197, 22.986614662390931 ], [ 72.649230903712066, 22.986562436097596 ], [ 72.649134403712083, 22.986488335749193 ], [ 72.649063170179915, 22.986438943499085 ], [ 72.648986967985763, 22.986396296657173 ], [ 72.648906548112066, 22.986360815520143 ], [ 72.648822703107015, 22.986332849764928 ], [ 72.648736259273903, 22.986312675002381 ], [ 72.648648068527862, 22.986300490060906 ], [ 72.648559, 22.986296415026843 ], [ 72.6484463, 22.986296415026843 ], [ 72.648359861843332, 22.986300252374335 ], [ 72.648274225858998, 22.986311728804402 ], [ 72.64819018677494, 22.98633073781037 ], [ 72.648108524499335, 22.98635710297976 ], [ 72.64802999688294, 22.986390579631575 ], [ 72.647955332685825, 22.986430857087154 ], [ 72.647885224814416, 22.986477561553595 ], [ 72.647820323891096, 22.986530259592847 ], [ 72.647761232216055, 22.986588462144407 ], [ 72.647708498178019, 22.98665162906417 ], [ 72.647662611164861, 22.986719174137416 ], [ 72.647623997021995, 22.986790470519288 ], [ 72.647564997022002, 22.986913970823704 ], [ 72.647539149042174, 22.986974413412209 ], [ 72.647518533977646, 22.987036537160261 ], [ 72.647464933977645, 22.987224137452454 ], [ 72.647446169410586, 22.987306740671613 ], [ 72.647436647043492, 22.987390674247454 ], [ 72.647436466036467, 22.987475064145471 ], [ 72.647447466036468, 22.98768126408353 ], [ 72.647455457661422, 22.987757938384441 ], [ 72.647471163846049, 22.987833595549436 ], [ 72.647494448332452, 22.98790757922233 ], [ 72.647542448332445, 22.988037178966245 ], [ 72.647573552697551, 22.988109755854282 ], [ 72.647611948313099, 22.98817931120373 ], [ 72.64765729341876, 22.988245225905825 ], [ 72.64770918439666, 22.988306913257922 ], [ 72.647767159363895, 22.988363824185502 ], [ 72.647830702283827, 22.988415452129342 ], [ 72.64789924755938, 22.988461337554131 ], [ 72.647972185067346, 22.988501072038609 ], [ 72.648048865589161, 22.988534301910715 ], [ 72.64812860658958, 22.988560731395424 ], [ 72.648268106589583, 22.988600231164256 ], [ 72.648357256399805, 22.988620942182227 ], [ 72.648448238922469, 22.988633155682795 ], [ 72.648540101022959, 22.988636743719418 ], [ 72.648631880352212, 22.988631668704439 ], [ 72.648722615428184, 22.988617983802843 ], [ 72.648811355708574, 22.988595832375328 ], [ 72.648897171548484, 22.988565446476574 ] ] ] } },
{ "type": "Feature", "properties": { "version": 1, "visible": null, "lon": null, "timestamp": 1465815747, "tags": { "visible": false }, "changeset": null, "lat": null, "id": 424727309, "natural": "water", "water": null, "wetland": null, "osm_type": "way", "grassland": null, "reef": null, "Risk": "High" }, "geometry": { "type": "Polygon", "coordinates": [ [ [ 72.619730030851045, 22.966218240102247 ], [ 72.619751112851972, 22.966282740254851 ], [ 72.619836912851966, 22.966509939798375 ], [ 72.61986817498213, 22.966581714710742 ], [ 72.61990658091851, 22.966650487616505 ], [ 72.619951794934039, 22.966715657339503 ], [ 72.620003421788539, 22.966776654201514 ], [ 72.620061010183704, 22.966832945001944 ], [ 72.620124056708221, 22.966884037678604 ], [ 72.620191813910111, 22.966933971398614 ], [ 72.620282601472383, 22.967011766457485 ], [ 72.62035130397733, 22.967064993034953 ], [ 72.620425434209338, 22.967111639024257 ], [ 72.620504251580144, 22.967151238421842 ], [ 72.620586968675212, 22.9671833956215 ], [ 72.620672759120382, 22.967207789366384 ], [ 72.620760765837503, 22.967224175958282 ], [ 72.620850109607133, 22.967232391692033 ], [ 72.620939897852168, 22.967232354490921 ], [ 72.621029233554978, 22.967224064726611 ], [ 72.621117224219063, 22.967207605215378 ], [ 72.62124332421908, 22.967177905391413 ], [ 72.621308532165145, 22.967160100156303 ], [ 72.621372090083099, 22.967137803434277 ], [ 72.621605390083076, 22.96704650394831 ], [ 72.621680469889299, 22.96701325727474 ], [ 72.621751881580877, 22.966973749367206 ], [ 72.621819010937969, 22.966928320032263 ], [ 72.621881280573561, 22.96687736000689 ], [ 72.621991280573553, 22.966778560439547 ], [ 72.622048083866545, 22.966722584841911 ], [ 72.622099018733167, 22.966662010414286 ], [ 72.622143648227691, 22.966597356789734 ], [ 72.622181589495156, 22.966529178595152 ], [ 72.62231721811176, 22.966254851932042 ], [ 72.622439688703693, 22.966051086031186 ], [ 72.622470534815776, 22.965994802309893 ], [ 72.622496635377729, 22.965936518861074 ], [ 72.622571735377747, 22.965748819258003 ], [ 72.622601387654456, 22.965659432357125 ], [ 72.62261989794915, 22.965567535895829 ], [ 72.622627029905772, 22.965474303286687 ], [ 72.622629729905768, 22.965294003301889 ], [ 72.622626548401257, 22.96521212440171 ], [ 72.622614584503111, 22.965130936973193 ], [ 72.622593955603506, 22.96505123764554 ], [ 72.622564864117336, 22.964973808447784 ], [ 72.622527595496052, 22.964899409135214 ], [ 72.622482515426825, 22.964828769734321 ], [ 72.622430066244277, 22.964762583379429 ], [ 72.622370762590265, 22.964701499511257 ], [ 72.622305186364088, 22.964646117504216 ], [ 72.622233981012755, 22.964596980784926 ], [ 72.622157845217416, 22.964554571499743 ], [ 72.622077526037671, 22.964519305783544 ], [ 72.621993811581362, 22.964491529676284 ], [ 72.621835511581367, 22.964447029415929 ], [ 72.621722017222609, 22.964422409843483 ], [ 72.621451117222605, 22.964380509590708 ], [ 72.621359382232228, 22.96437075239534 ], [ 72.621267044029167, 22.964369718089028 ], [ 72.621175078391218, 22.964377417601945 ], [ 72.621084457159199, 22.96439376956851 ], [ 72.620846222859726, 22.964448599777864 ], [ 72.620441001422947, 22.964477803583197 ], [ 72.620350696831636, 22.964488574121305 ], [ 72.620262040409315, 22.964507706877772 ], [ 72.620175943115328, 22.964535005256892 ], [ 72.62009328961355, 22.964570188758469 ], [ 72.620014929182318, 22.964612895860235 ], [ 72.619941666987984, 22.964662687732783 ], [ 72.619874255811666, 22.964719052748908 ], [ 72.619813388314313, 22.964781411740951 ], [ 72.619759689919476, 22.964849123952163 ], [ 72.619713712386996, 22.964921493620931 ], [ 72.619675928143621, 22.964997777130129 ], [ 72.61964672542868, 22.965077190648181 ], [ 72.619534825428673, 22.965441291254649 ], [ 72.619514648512464, 22.965522266793915 ], [ 72.61950339595478, 22.965604697472735 ], [ 72.619501181284193, 22.965687751635041 ], [ 72.619508026844827, 22.965770591335886 ], [ 72.619523863570876, 22.965852380795571 ], [ 72.619548531683492, 22.965932294831926 ], [ 72.619581782302788, 22.966009527185559 ], [ 72.619623279958816, 22.966083298654134 ], [ 72.619672605976163, 22.966152864953671 ], [ 72.619729262697987, 22.96621752422746 ], [ 72.619730030851045, 22.966218240102247 ] ] ] } },
{ "type": "Feature", "properties": { "version": 2, "visible": null, "lon": null, "timestamp": 1634607436, "tags": { "visible": false }, "changeset": null, "lat": null, "id": 451825414, "natural": "water", "water": null, "wetland": null, "osm_type": "way", "grassland": null, "reef": null, "Risk": "High" }, "geometry": { "type": "Polygon", "coordinates": [ [ [ 72.540293954951693, 23.084189879958203 ], [ 72.540246754951681, 23.084266380190343 ], [ 72.540207192700137, 23.084338500324005 ], [ 72.540175474013665, 23.084413829294505 ], [ 72.540074674013681, 23.084693029835485 ], [ 72.540048171748239, 23.084783177958641 ], [ 72.540032895080941, 23.084875501112638 ], [ 72.540019095080936, 23.085009401190334 ], [ 72.540015206587313, 23.085101011856146 ], [ 72.540022373184229, 23.085192454923007 ], [ 72.540040506664269, 23.085282604898307 ], [ 72.540073406664277, 23.085407104717515 ], [ 72.54009964141116, 23.085488090462384 ], [ 72.540134729696149, 23.085566188029919 ], [ 72.540178304599877, 23.085640580756895 ], [ 72.540229910458052, 23.085710490722757 ], [ 72.540289007626413, 23.085775186884128 ], [ 72.540354978123844, 23.085833992718989 ], [ 72.540427132094564, 23.085886293300803 ], [ 72.540504715022038, 23.08593154172846 ], [ 72.540586915618874, 23.085969264844923 ], [ 72.540672874310602, 23.085999068184748 ], [ 72.540848074310603, 23.086050567883163 ], [ 72.540932594328808, 23.086071299463622 ], [ 72.54101890551037, 23.086084370734124 ], [ 72.541106189471037, 23.086089657757924 ], [ 72.54119361860289, 23.08608711040549 ], [ 72.541280363921501, 23.086076752829843 ], [ 72.54136560292622, 23.086058683237521 ], [ 72.541448527398956, 23.086033072957488 ], [ 72.541660727398948, 23.085956773394361 ], [ 72.541738273697348, 23.085924925732311 ], [ 72.541812204276965, 23.085886484050924 ], [ 72.541881858412239, 23.085841791902162 ], [ 72.541946613596664, 23.085791248698566 ], [ 72.542005891106157, 23.085735306143867 ], [ 72.54205916117121, 23.085674464196309 ], [ 72.542105947711534, 23.085609266600667 ], [ 72.542145832590748, 23.085540296028999 ], [ 72.542178459353394, 23.085468168873415 ], [ 72.542203536410568, 23.085393529737548 ], [ 72.542220839645921, 23.085317045675787 ], [ 72.542250939645939, 23.085143145843887 ], [ 72.54226014455881, 23.085067908652952 ], [ 72.542261825522175, 23.084992212193281 ], [ 72.542255968425977, 23.084916691863526 ], [ 72.542242622434856, 23.084841981584965 ], [ 72.542232663190774, 23.084798722042521 ], [ 72.542234505114408, 23.084742669767831 ], [ 72.542233212379145, 23.084666840544063 ], [ 72.542224368352976, 23.084591439617402 ], [ 72.542208047520518, 23.08451710201749 ], [ 72.542184387336221, 23.084444453819668 ], [ 72.542153587066707, 23.084374106872005 ], [ 72.542115906112571, 23.084306653642251 ], [ 72.542071661823755, 23.084242662227886 ], [ 72.541998961823765, 23.084147461891465 ], [ 72.54194248404454, 23.084080995568161 ], [ 72.541878934254783, 23.084020172631703 ], [ 72.541808974752399, 23.083965626969555 ], [ 72.541733334635452, 23.083917927049097 ], [ 72.541652802203856, 23.083877569992914 ], [ 72.541568216743713, 23.083844976397572 ], [ 72.541480459780757, 23.083820485950039 ], [ 72.541390445893157, 23.083804353887292 ], [ 72.541201745893162, 23.083779653736972 ], [ 72.541112633515667, 23.083772130842899 ], [ 72.541023149670409, 23.083772801419443 ], [ 72.540934182341417, 23.083781658812086 ], [ 72.540846614387107, 23.083798615123776 ], [ 72.540761314779374, 23.08382350208721 ], [ 72.540679129980376, 23.083856072734758 ], [ 72.540600875542779, 23.083896003849411 ], [ 72.540527328016708, 23.083942899172357 ], [ 72.540459217243722, 23.083996293335503 ], [ 72.540397219114269, 23.084055656479787 ], [ 72.540341948860643, 23.084120399513466 ], [ 72.540293954951693, 23.084189879958203 ] ] ] } },
{ "type": "Feature", "properties": { "version": 1, "visible": null, "lon": null, "timestamp": 1478500142, "tags": { "visible": false }, "changeset": null, "lat": null, "id": 451826306, "natural": "water", "water": null, "wetland": null, "osm_type": "way", "grassland": null, "reef": null, "Risk": "High" }, "geometry": { "type": "Polygon", "coordinates": [ [ [ 72.53718913213082, 23.087286982784477 ], [ 72.537691332130819, 23.087319082587602 ], [ 72.537778018120406, 23.087320764876647 ], [ 72.537864476628698, 23.087314751497804 ], [ 72.537949902200765, 23.087301098471187 ], [ 72.538033499004669, 23.087279932987276 ], [ 72.538114488245384, 23.087251452222038 ], [ 72.538192115420188, 23.087215921500178 ], [ 72.538265657347623, 23.087173671823521 ], [ 72.538334428904818, 23.087125096787545 ], [ 72.538397789409998, 23.087070648914874 ], [ 72.538455148591254, 23.08701083543977 ], [ 72.538505972085531, 23.086946213582927 ], [ 72.53854978641678, 23.086877385360644 ], [ 72.538586183406935, 23.086804991976603 ], [ 72.538614823978506, 23.08672970784859 ], [ 72.53863544131346, 23.086652234325765 ], [ 72.538832841313464, 23.085717135421675 ], [ 72.538845274974889, 23.085637888490467 ], [ 72.538849313397947, 23.085557906558801 ], [ 72.538844918670932, 23.085477940477173 ], [ 72.538832132050459, 23.085398740948616 ], [ 72.538811073574266, 23.085321051481266 ], [ 72.538781940934243, 23.085245601408385 ], [ 72.538745007620619, 23.085173099041466 ], [ 72.538634107620624, 23.084980298487114 ], [ 72.538588965638993, 23.084910374728771 ], [ 72.538536571024295, 23.084844871342899 ], [ 72.538477431209287, 23.08478442272526 ], [ 72.538412118952706, 23.084729614317368 ], [ 72.538341266792372, 23.08468097693628 ], [ 72.538265560919115, 23.084638981633486 ], [ 72.53810526091911, 23.084559681204134 ], [ 72.538020913233922, 23.084523014178298 ], [ 72.537932886614755, 23.084494592209733 ], [ 72.53784213043582, 23.084474721837001 ], [ 72.537749623509924, 23.084463617367508 ], [ 72.537656363531781, 23.084461398566042 ], [ 72.537464763531787, 23.084465998594315 ], [ 72.537368932582396, 23.084473033162425 ], [ 72.537274467575273, 23.084489448341699 ], [ 72.537182450396358, 23.084515056129469 ], [ 72.537086950396329, 23.084546856313278 ], [ 72.537006344677735, 23.084577853176611 ], [ 72.536929393252962, 23.084615906441783 ], [ 72.536856823957507, 23.084660656180898 ], [ 72.536789323179065, 23.084711679127651 ], [ 72.536727529365336, 23.084768492680986 ], [ 72.536672026985443, 23.084830559469985 ], [ 72.536623341001757, 23.084897292436786 ], [ 72.536581931904607, 23.084968060389453 ], [ 72.5365481913568, 23.085042193972264 ], [ 72.536472391356796, 23.085234494375264 ], [ 72.536438498795476, 23.085343162659445 ], [ 72.536355698795504, 23.085698863117322 ], [ 72.536339584446438, 23.085795973147572 ], [ 72.536336110565514, 23.085894156035383 ], [ 72.536353410565511, 23.086484855937581 ], [ 72.536360119970368, 23.086565820145015 ], [ 72.536375434656108, 23.08664578771738 ], [ 72.53639920675991, 23.086723986572714 ], [ 72.536431206762856, 23.086799661707254 ], [ 72.536471125705916, 23.086872082484795 ], [ 72.536518578172945, 23.086940549690802 ], [ 72.536573106011843, 23.087004402283046 ], [ 72.536634182758036, 23.087063023773752 ], [ 72.53670121871744, 23.08711584818144 ], [ 72.53677356665996, 23.08716236549521 ], [ 72.53685052806847, 23.087202126598619 ], [ 72.536931359882956, 23.087234747605596 ], [ 72.537015281674798, 23.087259913566633 ], [ 72.537101483181715, 23.087277381509395 ], [ 72.53718913213082, 23.087286982784477 ] ] ] } },
{ "type": "Feature", "properties": { "version": 2, "visible": null, "lon": null, "timestamp": 1479736231, "tags": { "visible": false }, "changeset": null, "lat": null, "id": 454798783, "natural": "water", "water": "lake", "wetland": null, "osm_type": "way", "grassland": null, "reef": null, "Risk": "High" }, "geometry": { "type": "Polygon", "coordinates": [ [ [ 72.535164310629099, 23.166814089595075 ], [ 72.53517850152096, 23.166836063802155 ], [ 72.535230716007916, 23.16690135814753 ], [ 72.535289639878741, 23.166961633240479 ], [ 72.535354705751189, 23.16701630869488 ], [ 72.535425287101205, 23.167064858043958 ], [ 72.536353589859175, 23.167640315593705 ], [ 72.536359287048469, 23.167661636278513 ], [ 72.536388599023994, 23.167738049944141 ], [ 72.536425914647708, 23.167811455108499 ], [ 72.53647087473648, 23.167881145212569 ], [ 72.536523046525062, 23.167946449457553 ], [ 72.536581927831662, 23.168006739261521 ], [ 72.536646951891754, 23.168061434309529 ], [ 72.536717492813452, 23.168110008139209 ], [ 72.536848492813448, 23.168191307723568 ], [ 72.536923917853557, 23.168233315754247 ], [ 72.53700345965521, 23.16826832234819 ], [ 72.537086351672727, 23.168295990151844 ], [ 72.537171795074343, 23.168316052534745 ], [ 72.537258966440561, 23.168328316158824 ], [ 72.537347025699447, 23.168332662841479 ], [ 72.537435124222426, 23.168329050694432 ], [ 72.537522413002563, 23.168317514527349 ], [ 72.537608050836397, 23.168298165512454 ], [ 72.537691212430687, 23.168271190113188 ], [ 72.537771096355769, 23.168236848287414 ], [ 72.537846932768858, 23.168195470982361 ], [ 72.537917990833193, 23.168147456945501 ], [ 72.537983585761012, 23.168093268882046 ], [ 72.538043085412866, 23.168033428996122 ], [ 72.538095916389636, 23.167968513958545 ], [ 72.538483016389662, 23.167440715778628 ], [ 72.538528679126685, 23.16737133460224 ], [ 72.538566720527058, 23.167298170733048 ], [ 72.538596773817915, 23.167221929568594 ], [ 72.538607067625051, 23.167184781170771 ], [ 72.538642590290578, 23.167136352411671 ], [ 72.538673347302137, 23.167089635320572 ], [ 72.538700847128766, 23.167055928319268 ], [ 72.539009547128771, 23.166636229769381 ], [ 72.539040090250793, 23.166589960486967 ], [ 72.539066200910341, 23.166558036128208 ], [ 72.539381900910328, 23.16612963761029 ], [ 72.539386363363946, 23.166122888973028 ], [ 72.539416910880348, 23.16610234566221 ], [ 72.53948264476827, 23.166048288418111 ], [ 72.539542296180144, 23.165988565622857 ], [ 72.539595290151581, 23.165923752921746 ], [ 72.539794490151564, 23.165653453856876 ], [ 72.539840296437177, 23.165584208759935 ], [ 72.539878499998238, 23.165511169389344 ], [ 72.53990873294056, 23.165435039096959 ], [ 72.539930704125737, 23.165356551000695 ], [ 72.539944201974762, 23.165276460924915 ], [ 72.539949096505509, 23.165195540122077 ], [ 72.539945340584438, 23.165114567845787 ], [ 72.539932970380448, 23.165034323846736 ], [ 72.539912105016654, 23.164955580863815 ], [ 72.539882945423159, 23.164879097182673 ], [ 72.539845772402188, 23.164805609333438 ], [ 72.539800943923993, 23.164735824997834 ], [ 72.539748891679665, 23.164670416194173 ], [ 72.539690116923992, 23.164610012805639 ], [ 72.539625185648504, 23.164555196514343 ], [ 72.539554723130976, 23.164506495199586 ], [ 72.539231123130975, 23.164304894170254 ], [ 72.539155806415295, 23.164262776013256 ], [ 72.53907636212881, 23.164227647703132 ], [ 72.538993555336859, 23.164199847538594 ], [ 72.538908183486427, 23.16417964324576 ], [ 72.538821068726577, 23.164167229399727 ], [ 72.538733049990967, 23.164162725550653 ], [ 72.538644974918697, 23.164166175072364 ], [ 72.538557691691423, 23.164177544744607 ], [ 72.538472040865159, 23.164196725073044 ], [ 72.538436339408477, 23.164208228639247 ], [ 72.538148850943912, 23.164029110090148 ], [ 72.538073523471624, 23.163986983031968 ], [ 72.537994066936932, 23.163951848000703 ], [ 72.537911246769212, 23.163924043468594 ], [ 72.537825860800737, 23.163903837289919 ], [ 72.537738731580944, 23.163891424120525 ], [ 72.537650698452524, 23.163886923542471 ], [ 72.537562609465809, 23.163890378912029 ], [ 72.537532505905403, 23.163894302553594 ], [ 72.537477769036073, 23.163863705293956 ], [ 72.537398329100071, 23.163828593852507 ], [ 72.537315528848708, 23.163800809093267 ], [ 72.537230165450353, 23.163780618521645 ], [ 72.537143060750324, 23.163768216528013 ], [ 72.537055053358557, 23.16376372251608 ], [ 72.536966990575721, 23.163767179753233 ], [ 72.536879720235731, 23.163778554953925 ], [ 72.536794082543253, 23.163797738600191 ], [ 72.53678661754995, 23.163800144415344 ], [ 72.53676027987936, 23.163796399266346 ], [ 72.536672256738115, 23.163791921552008 ], [ 72.536584180080851, 23.163795397756349 ], [ 72.536496898158845, 23.163806794400053 ], [ 72.536411251569362, 23.163826001721965 ], [ 72.53632806516012, 23.163852834736353 ], [ 72.536248140085149, 23.163887035014536 ], [ 72.536172246089251, 23.16392827317398 ], [ 72.536101114094535, 23.163976152050715 ], [ 72.536035429161075, 23.164030210524597 ], [ 72.535975823889245, 23.164089927960564 ], [ 72.535922872327262, 23.164154729223011 ], [ 72.535716572327246, 23.164434830191617 ], [ 72.535670786479528, 23.164504087586625 ], [ 72.535632604528672, 23.164577137322343 ], [ 72.535602394162922, 23.164653275931737 ], [ 72.535580446305019, 23.164731770203208 ], [ 72.535566972310548, 23.16481186424155 ], [ 72.535562101932683, 23.164892786747238 ], [ 72.535565882072689, 23.164973758444098 ], [ 72.53556594888515, 23.164974190992087 ], [ 72.535537980429538, 23.164983260562842 ], [ 72.535458111898649, 23.165017585509364 ], [ 72.535382287808105, 23.165058943062892 ], [ 72.535311238509635, 23.16510693485348 ], [ 72.535245648363272, 23.16516109860839 ], [ 72.535186149145545, 23.165220912605118 ], [ 72.535133313963982, 23.16528580069696 ], [ 72.534874713964001, 23.165638201912575 ], [ 72.534829055941657, 23.165707531740669 ], [ 72.534791009134594, 23.16578064206907 ], [ 72.534760939943297, 23.165856828821028 ], [ 72.534739137941742, 23.165935358294046 ], [ 72.534725813088798, 23.16601547422578 ], [ 72.534721093706196, 23.166096405077177 ], [ 72.534725025242807, 23.166177371462684 ], [ 72.534737569836906, 23.16625759365597 ], [ 72.534758606680853, 23.166336299098816 ], [ 72.534787933184475, 23.166412729841042 ], [ 72.534825266926035, 23.16648614983956 ], [ 72.534870248372073, 23.166555852046542 ], [ 72.534922444339756, 23.166621165218231 ], [ 72.534981352168572, 23.166681460378957 ], [ 72.535046404561086, 23.166736156878049 ], [ 72.535116975046137, 23.166784727981405 ], [ 72.535164310629099, 23.166814089595075 ] ] ] } },
{ "type": "Feature", "properties": { "version": 1, "visible": null, "lon": null, "timestamp": 1479728278, "tags": { "visible": false, "golf": "water_hazard" }, "changeset": null, "lat": null, "id": 454862685, "natural": "water", "water": null, "wetland": null, "osm_type": "way", "grassland": null, "reef": null, "Risk": "High" }, "geometry": { "type": "Polygon", "coordinates": [ [ [ 72.534968807595646, 23.171805264814672 ], [ 72.534980115307121, 23.171825189709722 ], [ 72.535027119318741, 23.171891599500285 ], [ 72.535080829407406, 23.171953562674073 ], [ 72.535117429407393, 23.171991862518116 ], [ 72.535178369216851, 23.172049686248545 ], [ 72.535245144093651, 23.172101779874016 ], [ 72.535317119380068, 23.172147648280827 ], [ 72.53533702237209, 23.172157849941915 ], [ 72.535399241523535, 23.17220171040583 ], [ 72.535486277303207, 23.17224978974583 ], [ 72.535567077303199, 23.172288889532368 ], [ 72.535638981352236, 23.172320031271756 ], [ 72.535713598255484, 23.172345207950688 ], [ 72.535790343845946, 23.172364222467277 ], [ 72.535868617291271, 23.17237692596175 ], [ 72.535947805797733, 23.172383218981718 ], [ 72.536051405797735, 23.172387218957063 ], [ 72.536154008898549, 23.172385787646668 ], [ 72.536255765030162, 23.172373608411458 ], [ 72.536359465030159, 23.172355608520572 ], [ 72.536440291520805, 23.172337985661827 ], [ 72.536519001717096, 23.172313574321581 ], [ 72.536594922569918, 23.172282583236996 ], [ 72.536667404881797, 23.172245277407679 ], [ 72.536756904881798, 23.172194077675869 ], [ 72.53682162901336, 23.172153343369096 ], [ 72.53688224120306, 23.172107573721089 ], [ 72.53693827933256, 23.172057117682936 ], [ 72.537001579332554, 23.171994917945103 ], [ 72.537066153369267, 23.171923869921869 ], [ 72.537121671136774, 23.171846623466749 ], [ 72.537167434860521, 23.171764149441334 ], [ 72.537225234860514, 23.171643749741239 ], [ 72.537253170373759, 23.171578109129147 ], [ 72.537274915689792, 23.171510517616081 ], [ 72.537285815689799, 23.171470417676055 ], [ 72.537302646950664, 23.171392888835314 ], [ 72.53731133733622, 23.171314235620212 ], [ 72.537311807207146, 23.171235178813145 ], [ 72.537304052257511, 23.171156442896294 ], [ 72.537288143554235, 23.171078749412459 ], [ 72.53726422688581, 23.171002810352743 ], [ 72.537232521426304, 23.170929321631707 ], [ 72.537193317726846, 23.170858956709861 ], [ 72.537146975052934, 23.17079236042181 ], [ 72.537093918092168, 23.170730143066798 ], [ 72.537034633062362, 23.170672874815622 ], [ 72.537011733062357, 23.170652774725941 ], [ 72.536945504456227, 23.170600071811471 ], [ 72.536874007460568, 23.170553549319759 ], [ 72.536824408070572, 23.170527539112381 ], [ 72.5367562557214, 23.170393812795851 ], [ 72.536713745263313, 23.170320292789604 ], [ 72.536663398560179, 23.170251081541476 ], [ 72.536605727359273, 23.170186882553889 ], [ 72.536541317857385, 23.170128348382764 ], [ 72.53647082474258, 23.170076074004339 ], [ 72.536394964539525, 23.170030590767244 ], [ 72.536314508326484, 23.169992360991323 ], [ 72.536230273897729, 23.169961773268092 ], [ 72.536143117451019, 23.169939138510681 ], [ 72.536053924884882, 23.169924686793333 ], [ 72.535963602793913, 23.169918565012669 ], [ 72.535873069253682, 23.169920835394443 ], [ 72.535783244489096, 23.16993147486102 ], [ 72.535695041520682, 23.169950375265952 ], [ 72.535544541520679, 23.16999007550136 ], [ 72.535523467168048, 23.169995892426009 ], [ 72.535414567168047, 23.170027292610836 ], [ 72.535320321330289, 23.170059905677622 ], [ 72.535230638083419, 23.17010201134595 ], [ 72.53516073808342, 23.170139511545752 ], [ 72.535076467119836, 23.170190770720506 ], [ 72.53499899108931, 23.170250406371895 ], [ 72.534929290275343, 23.170317663935361 ], [ 72.534858590275348, 23.170394064240764 ], [ 72.534805903033856, 23.170456878100431 ], [ 72.534760013627974, 23.170524049080782 ], [ 72.534721345385037, 23.17059495752699 ], [ 72.534688945385042, 23.170662257695035 ], [ 72.534659976014112, 23.170730449002779 ], [ 72.5346376891723, 23.170800730873442 ], [ 72.534622259986975, 23.170872551037707 ], [ 72.534609759986964, 23.170948251107792 ], [ 72.534600307857673, 23.171039069565108 ], [ 72.53460180991955, 23.171130292283554 ], [ 72.534614247841503, 23.171220805983754 ], [ 72.534625947841519, 23.171279605918478 ], [ 72.534645488571883, 23.171356717841658 ], [ 72.534672971910794, 23.171431755004292 ], [ 72.534708145241027, 23.171504027695192 ], [ 72.534750685261699, 23.17157287161421 ], [ 72.534800200959907, 23.171637653977974 ], [ 72.534835100959924, 23.171678953821665 ], [ 72.534888484797349, 23.171736483785462 ], [ 72.534947368845678, 23.17178928346528 ], [ 72.534968807595646, 23.171805264814672 ] ] ] } },
{ "type": "Feature", "properties": { "version": 1, "visible": null, "lon": null, "timestamp": 1479728278, "tags": { "visible": false, "golf": "water_hazard" }, "changeset": null, "lat": null, "id": 454862686, "natural": "water", "water": null, "wetland": null, "osm_type": "way", "grassland": null, "reef": null, "Risk": "High" }, "geometry": { "type": "Polygon", "coordinates": [ [ [ 72.53569356294517, 23.171649386688493 ], [ 72.535698045427893, 23.171654485570127 ], [ 72.535719345427893, 23.171676585479709 ], [ 72.53578624302979, 23.171738987345115 ], [ 72.535859955201261, 23.171794522514507 ], [ 72.535939652293365, 23.171842565934586 ], [ 72.53602443729541, 23.171882576872971 ], [ 72.536113355931022, 23.171914105003921 ], [ 72.536205407398711, 23.17193679547654 ], [ 72.536236707398714, 23.171942895439724 ], [ 72.536319226031011, 23.17195531997703 ], [ 72.536402643810291, 23.171960636893363 ], [ 72.536486237965264, 23.171958800121281 ], [ 72.53656928419646, 23.171949825575158 ], [ 72.53665106295189, 23.171933791013295 ], [ 72.536730865661511, 23.171910835364265 ], [ 72.536808000876761, 23.17188115752321 ], [ 72.536834600876759, 23.171869557587865 ], [ 72.536914274914935, 23.17183017842564 ], [ 72.536989237101338, 23.171783632462002 ], [ 72.537058727311631, 23.171730391670632 ], [ 72.537122040907889, 23.171670995911036 ], [ 72.537178535883683, 23.171606047454599 ], [ 72.537227639374109, 23.171536204877828 ], [ 72.537268853464681, 23.171462176384594 ], [ 72.537280253464701, 23.171438876443567 ], [ 72.537311428175258, 23.171366138944439 ], [ 72.537334981598946, 23.171291017244155 ], [ 72.537350702656894, 23.171214184557854 ], [ 72.53735845046161, 23.171136329435075 ], [ 72.537358155579568, 23.171058149589349 ], [ 72.537354155579564, 23.170985849566687 ], [ 72.537346382593597, 23.170911625204582 ], [ 72.537331358850636, 23.170838347925812 ], [ 72.53730920683283, 23.170766615130834 ], [ 72.537253906832831, 23.170614114833295 ], [ 72.537216019294675, 23.170526612634447 ], [ 72.537167541558333, 23.170443645056 ], [ 72.537109104075327, 23.170366291098251 ], [ 72.537039804075349, 23.170284890788743 ], [ 72.536987020649505, 23.170228344863339 ], [ 72.536928908225889, 23.170176402877679 ], [ 72.536865939873834, 23.17012948767572 ], [ 72.536798628192855, 23.170087981180323 ], [ 72.536727328192839, 23.170048180970458 ], [ 72.536641346060208, 23.170005878290461 ], [ 72.53655088268971, 23.169972393491932 ], [ 72.536450982689715, 23.169941093309159 ], [ 72.536367232693848, 23.169918958377174 ], [ 72.5362815438871, 23.16990438778366 ], [ 72.536194722619101, 23.169897518643449 ], [ 72.536081122619109, 23.169893618619408 ], [ 72.53599226604112, 23.169894611630966 ], [ 72.535903950936969, 23.169903670791737 ], [ 72.535817041519607, 23.169920707451119 ], [ 72.535731841519606, 23.169941507575135 ], [ 72.535648721685121, 23.16996582821676 ], [ 72.535568559453139, 23.169997445537071 ], [ 72.535492110655369, 23.170036061418401 ], [ 72.5354200961104, 23.170081311754387 ], [ 72.535353194827223, 23.170132769883253 ], [ 72.535292037603028, 23.170189950610993 ], [ 72.535237201075589, 23.170252314786374 ], [ 72.535189202286219, 23.170319274384759 ], [ 72.535148493804741, 23.170390198052697 ], [ 72.535115459462304, 23.170464417061087 ], [ 72.535090410732323, 23.170541231610642 ], [ 72.535073583793633, 23.170619917430376 ], [ 72.53506513730369, 23.170699732606682 ], [ 72.535065150902554, 23.170779924578831 ], [ 72.535073624461987, 23.170859737234686 ], [ 72.535090478086715, 23.17093841803996 ], [ 72.53511555286768, 23.171015225133626 ], [ 72.535148612380397, 23.171089434322646 ], [ 72.535223512380384, 23.171236733937825 ], [ 72.535263174142656, 23.171305977818637 ], [ 72.53530978709577, 23.171371459499237 ], [ 72.535362932683029, 23.171432590998911 ], [ 72.535422133688613, 23.171488823399393 ], [ 72.535486858522646, 23.171539651773564 ], [ 72.53555652599448, 23.171584619719191 ], [ 72.53563051053159, 23.171623323456888 ], [ 72.53569356294517, 23.171649386688493 ] ] ] } },
{ "type": "Feature", "properties": { "version": 1, "visible": null, "lon": null, "timestamp": 1479729755, "tags": { "visible": false, "golf": "water_hazard" }, "changeset": null, "lat": null, "id": 454865432, "natural": "water", "water": null, "wetland": null, "osm_type": "way", "grassland": null, "reef": null, "Risk": "High" }, "geometry": { "type": "Polygon", "coordinates": [ [ [ 72.534799381236226, 23.170615839131415 ], [ 72.53485255938925, 23.170600284472002 ], [ 72.534891361376722, 23.170588030990473 ], [ 72.535227079917334, 23.170474068634142 ], [ 72.535382765058898, 23.170492843247871 ], [ 72.535452272249742, 23.170498711003034 ], [ 72.535619272249747, 23.170506810953139 ], [ 72.535725863119552, 23.170506158802965 ], [ 72.535831619566508, 23.170493903966321 ], [ 72.535899719566515, 23.170482204037274 ], [ 72.535900481290227, 23.170482031989941 ], [ 72.535916263843404, 23.170483005487224 ], [ 72.536009962108906, 23.170484281470397 ], [ 72.536103295158227, 23.170476576931716 ], [ 72.536195247359572, 23.170459975708891 ], [ 72.536284818107362, 23.170434658449885 ], [ 72.536321418107377, 23.170422358521147 ], [ 72.536402700186812, 23.170390801120536 ], [ 72.536480222721707, 23.170352065183021 ], [ 72.536553237830901, 23.170306524398772 ], [ 72.536621041117627, 23.170254618105517 ], [ 72.536682978464981, 23.170196847050409 ], [ 72.536706878464969, 23.170172247151498 ], [ 72.536761332052251, 23.17011045045199 ], [ 72.536809067545505, 23.170044124962658 ], [ 72.536849642264798, 23.169973885753386 ], [ 72.536882679936369, 23.169900384188988 ], [ 72.536907874182006, 23.169824301888841 ], [ 72.53691427418201, 23.169801001924032 ], [ 72.536932979749295, 23.169713036725508 ], [ 72.536941206036758, 23.169623725907595 ], [ 72.536938856149348, 23.169534121434896 ], [ 72.536925957765689, 23.169445278732983 ], [ 72.536919557765685, 23.16941417869732 ], [ 72.536900651953403, 23.169340819245413 ], [ 72.536874548247212, 23.169269350418627 ], [ 72.536841464176817, 23.169200367790793 ], [ 72.536801675441325, 23.169134446218298 ], [ 72.536755513611723, 23.169072135049504 ], [ 72.536739113611745, 23.169052034975103 ], [ 72.536655095163255, 23.168963066646921 ], [ 72.536636895163241, 23.168946366574005 ], [ 72.536574583049159, 23.168894314539042 ], [ 72.536507243992446, 23.168847854275135 ], [ 72.53643546950039, 23.168807393895921 ], [ 72.536359890041126, 23.168773288811547 ], [ 72.536281169505756, 23.168745838606522 ], [ 72.536237869505754, 23.168732838530289 ], [ 72.536148122513055, 23.168710545832319 ], [ 72.536056350053101, 23.168696899772137 ], [ 72.535963534992035, 23.168692046499196 ], [ 72.535870671362034, 23.16869603799211 ], [ 72.535778753715476, 23.168708831501931 ], [ 72.535739453715479, 23.168716231546657 ], [ 72.535653078584744, 23.168736650250878 ], [ 72.535569331421527, 23.168764842339741 ], [ 72.535489037683973, 23.16880052993168 ], [ 72.535465370043738, 23.168813859733724 ], [ 72.535301709876251, 23.168787098004469 ], [ 72.535202208438776, 23.168776048290152 ], [ 72.535101987414265, 23.168775257470525 ], [ 72.535002294332514, 23.168784735389718 ], [ 72.534924894332519, 23.168796135459161 ], [ 72.534853022041432, 23.168809508007989 ], [ 72.534782575580678, 23.168828225266651 ], [ 72.534651575580682, 23.168868425501881 ], [ 72.534598560148666, 23.168886417289183 ], [ 72.534304521701472, 23.16899598469055 ], [ 72.534274861121943, 23.169006562396568 ], [ 72.534217993069987, 23.16902227189545 ], [ 72.534175475535534, 23.169035086845241 ], [ 72.534102075535543, 23.169059086984731 ], [ 72.533986614979298, 23.169105462173391 ], [ 72.533933814979292, 23.169130862312219 ], [ 72.533856810577035, 23.169172516417081 ], [ 72.533784687755869, 23.169220996808324 ], [ 72.533718159952386, 23.169275823912386 ], [ 72.533657885257398, 23.169336455373919 ], [ 72.533604459906215, 23.169402291421051 ], [ 72.533558412380643, 23.169472680798606 ], [ 72.533520198181293, 23.169546927210558 ], [ 72.533490195321761, 23.169624296208085 ], [ 72.533468700589324, 23.169704022454852 ], [ 72.533455926609193, 23.169785317297976 ], [ 72.533451999741146, 23.169867376569432 ], [ 72.533456958829632, 23.16994938854095 ], [ 72.533470754819533, 23.170030541953647 ], [ 72.533493251241339, 23.170110034042917 ], [ 72.533524225561209, 23.170187078479287 ], [ 72.533563371382172, 23.170260913146603 ], [ 72.533610301475079, 23.17033080768066 ], [ 72.533664551608993, 23.170396070693723 ], [ 72.533725585143387, 23.170456056613446 ], [ 72.533752785143406, 23.170480256506174 ], [ 72.533818167554102, 23.170533036258021 ], [ 72.533888797511949, 23.17057975314431 ], [ 72.533964012380537, 23.170619968882939 ], [ 72.534043106508761, 23.170653306183759 ], [ 72.534125337851037, 23.170679452288002 ], [ 72.534209934929066, 23.170698161902319 ], [ 72.534296104069696, 23.170709259499933 ], [ 72.53438303685094, 23.170712640967267 ], [ 72.534469917686536, 23.17070827458064 ], [ 72.534555931477556, 23.170696201303876 ], [ 72.534640271259491, 23.170676534404031 ], [ 72.534722145773088, 23.170649458388795 ], [ 72.534799381236226, 23.170615839131415 ] ] ] } },
{ "type": "Feature", "properties": { "version": 1, "visible": null, "lon": null, "timestamp": 1479729755, "tags": { "visible": false, "golf": "water_hazard" }, "changeset": null, "lat": null, "id": 454865433, "natural": "water", "water": null, "wetland": null, "osm_type": "way", "grassland": null, "reef": null, "Risk": "High" }, "geometry": { "type": "Polygon", "coordinates": [ [ [ 72.533642250579078, 23.169344382249662 ], [ 72.533617750579083, 23.169365782345363 ], [ 72.533555158815716, 23.169426275928949 ], [ 72.533499530548099, 23.169492270292846 ], [ 72.533483230548086, 23.169513770368685 ], [ 72.533435948308082, 23.169583248415805 ], [ 72.533396389294623, 23.169656692685113 ], [ 72.533364943080628, 23.169733379899426 ], [ 72.533341919345034, 23.169812554846363 ], [ 72.533327544823138, 23.169893437815823 ], [ 72.533321961073668, 23.169975232278645 ], [ 72.533325223084816, 23.170057132730797 ], [ 72.533337298732619, 23.170138332625953 ], [ 72.533358069097417, 23.17021803231825 ], [ 72.533387329634863, 23.170295446937043 ], [ 72.533424792190331, 23.170369814116064 ], [ 72.533470087836591, 23.170440401501001 ], [ 72.533522770506991, 23.17050651396135 ], [ 72.533582321388224, 23.170567500435784 ], [ 72.533648154029621, 23.170622760343441 ], [ 72.533719620118362, 23.170671749498077 ], [ 72.533796015864084, 23.170713985466875 ], [ 72.533876588929701, 23.170749052321117 ], [ 72.533903388929687, 23.170759252262982 ], [ 72.533987463658406, 23.170786837367391 ], [ 72.53407410132634, 23.17080661489225 ], [ 72.534162446380535, 23.170818389536645 ], [ 72.534251626407524, 23.170822045027268 ], [ 72.534340760748449, 23.170817545266569 ], [ 72.534428969195517, 23.170804934689162 ], [ 72.534515380684283, 23.170784337823111 ], [ 72.53459914189537, 23.170755958060251 ], [ 72.534679425681077, 23.170720075647846 ], [ 72.53475543923345, 23.170677044921309 ], [ 72.534826431913501, 23.170627290805356 ], [ 72.5348917026636, 23.1705713046181 ], [ 72.534926277978172, 23.170535108592627 ], [ 72.534965947087684, 23.170496221173707 ], [ 72.535018562804325, 23.170433563976182 ], [ 72.53506441186812, 23.170366563568283 ], [ 72.535103073073032, 23.170295835463115 ], [ 72.535134191246428, 23.170222029420042 ], [ 72.53515748051197, 23.170145823475657 ], [ 72.535172726915903, 23.170067917715009 ], [ 72.535179790392618, 23.169989027840156 ], [ 72.535178606051389, 23.169909878595252 ], [ 72.535169184772514, 23.169831197108525 ], [ 72.535151613107374, 23.169753706212255 ], [ 72.535126052483278, 23.169678117802253 ], [ 72.535092737720504, 23.169605126297672 ], [ 72.535051974874989, 23.169535402261424 ], [ 72.5350041384267, 23.169469586239661 ], [ 72.534949667839413, 23.169408282876979 ], [ 72.534889063523337, 23.16935205536149 ], [ 72.534868063523319, 23.169334355281009 ], [ 72.534798837693529, 23.169281618655049 ], [ 72.53472422479129, 23.16923550753512 ], [ 72.534644972151909, 23.169196483784994 ], [ 72.534561873583115, 23.16916493827943 ], [ 72.5344757614141, 23.169141186988885 ], [ 72.534387498158765, 23.169125467814453 ], [ 72.534297967876697, 23.169117938204881 ], [ 72.534208067318147, 23.169118673579369 ], [ 72.534118696942244, 23.169127666572159 ], [ 72.534030751897575, 23.169144827106273 ], [ 72.533945113056518, 23.169169983295827 ], [ 72.533862638191991, 23.169202883167792 ], [ 72.533784153386094, 23.16924319718597 ], [ 72.533710444755798, 23.169290521551908 ], [ 72.533642250579078, 23.169344382249662 ] ] ] } },
{ "type": "Feature", "properties": { "version": 1, "visible": null, "lon": null, "timestamp": 1479729755, "tags": { "visible": false, "golf": "water_hazard" }, "changeset": null, "lat": null, "id": 454865434, "natural": "water", "water": null, "wetland": null, "osm_type": "way", "grassland": null, "reef": null, "Risk": "High" }, "geometry": { "type": "Polygon", "coordinates": [ [ [ 72.534664068622035, 23.169292293784189 ], [ 72.534636368622031, 23.169278293708508 ], [ 72.53455783632306, 23.169243061016967 ], [ 72.534475952034271, 23.169215009859641 ], [ 72.53439149059237, 23.169194405677448 ], [ 72.534305251220559, 23.169181443442596 ], [ 72.534218049965844, 23.16917624581351 ], [ 72.534130711977184, 23.169178861974093 ], [ 72.534044063697309, 23.169189267168246 ], [ 72.533958925042597, 23.169207362934181 ], [ 72.533876101644424, 23.169232978036181 ], [ 72.533796377225897, 23.169265870085042 ], [ 72.533720506185759, 23.169305727831851 ], [ 72.533649206459856, 23.169352174113442 ], [ 72.53358315272763, 23.169404769421504 ], [ 72.533522970027803, 23.169463016061762 ], [ 72.53341897002781, 23.169574016508648 ], [ 72.533350230935625, 23.169657562298589 ], [ 72.533303130935622, 23.169723062521413 ], [ 72.533262191068005, 23.169785883931954 ], [ 72.533227465648253, 23.169851792579763 ], [ 72.533199227733249, 23.169920270200233 ], [ 72.533168827733249, 23.170005170364004 ], [ 72.533145887420844, 23.170081329149248 ], [ 72.533130969932543, 23.17015915497813 ], [ 72.533122969932535, 23.170216955023136 ], [ 72.53311636537299, 23.170291511043313 ], [ 72.533117125846474, 23.170366310590659 ], [ 72.533120725846487, 23.170426810570273 ], [ 72.533129767216153, 23.17050689796687 ], [ 72.533147248797277, 23.17058579525229 ], [ 72.533173004419339, 23.170662752474129 ], [ 72.533206789263232, 23.1707370381224 ], [ 72.53324828218841, 23.170807946082704 ], [ 72.533256082188387, 23.170819846044811 ], [ 72.533315215544377, 23.170899207241959 ], [ 72.533386215544397, 23.170983506923569 ], [ 72.533442777297864, 23.171044331244097 ], [ 72.533505476771396, 23.171099837398991 ], [ 72.533573725287511, 23.171149504254874 ], [ 72.533646882069533, 23.171192865502633 ], [ 72.533724260257642, 23.171229514035286 ], [ 72.53380513335776, 23.171259105770009 ], [ 72.533888742062572, 23.171281362878499 ], [ 72.533974301380468, 23.171296076395262 ], [ 72.534061008005807, 23.171303108179451 ], [ 72.534148047860995, 23.171302392211743 ], [ 72.534234603739833, 23.171293935214138 ], [ 72.534319862980055, 23.171277816586873 ], [ 72.534403025093397, 23.171254187662974 ], [ 72.534483309281285, 23.171223270287516 ], [ 72.534559961765567, 23.171185354734924 ], [ 72.534632262865756, 23.171140796983742 ], [ 72.534699533755912, 23.171090015374698 ], [ 72.53476114283815, 23.171033486683115 ], [ 72.534816511672531, 23.170971741642841 ], [ 72.53483201167252, 23.170952641713299 ], [ 72.53488277544632, 23.170882967688282 ], [ 72.534925591735586, 23.170808920028133 ], [ 72.534960019060478, 23.170731262233499 ], [ 72.534985702440011, 23.17065079503023 ], [ 72.535002377052251, 23.170568348113342 ], [ 72.535009870964856, 23.170484771592154 ], [ 72.535008716709314, 23.170429910656999 ], [ 72.535013860865078, 23.170421520481138 ], [ 72.535053568085985, 23.170348549067203 ], [ 72.53508524912219, 23.170272331593797 ], [ 72.535108594734126, 23.170193612017187 ], [ 72.535123377044542, 23.170113158717914 ], [ 72.535129451762828, 23.170031757000761 ], [ 72.535126759593467, 23.169950201429447 ], [ 72.535115326814818, 23.169869288070913 ], [ 72.535095265022591, 23.169789806724875 ], [ 72.535066770040572, 23.169712533214497 ], [ 72.535030120009168, 23.1696382218134 ], [ 72.534985672670487, 23.169567597883027 ], [ 72.534933861876439, 23.169501350792153 ], [ 72.534875193353784, 23.169440127187663 ], [ 72.534810239767808, 23.169384524682382 ], [ 72.534739635132539, 23.169335086021427 ], [ 72.534664068622035, 23.169292293784189 ] ] ] } },
{ "type": "Feature", "properties": { "version": 1, "visible": null, "lon": null, "timestamp": 1479729755, "tags": { "visible": false, "golf": "water_hazard" }, "changeset": null, "lat": null, "id": 454865435, "natural": "water", "water": null, "wetland": null, "osm_type": "way", "grassland": null, "reef": null, "Risk": "High" }, "geometry": { "type": "Polygon", "coordinates": [ [ [ 72.533457103175891, 23.171035191282449 ], [ 72.533457034173196, 23.171057759966146 ], [ 72.53346532625136, 23.17113795577913 ], [ 72.533482077808515, 23.171217027300671 ], [ 72.53350712945462, 23.171294222173035 ], [ 72.533540242824927, 23.171368805895888 ], [ 72.533581102847876, 23.171440068814899 ], [ 72.533629320742975, 23.171507332873848 ], [ 72.533684437720098, 23.171569958066076 ], [ 72.533745929344803, 23.171627348523852 ], [ 72.533771329344802, 23.171648848426269 ], [ 72.533838348935447, 23.171700276490988 ], [ 72.533910481971091, 23.171745481202496 ], [ 72.533987047229843, 23.171784035655563 ], [ 72.534067321632065, 23.171815575749172 ], [ 72.534150547069117, 23.171839803624817 ], [ 72.534235937562855, 23.171856490479307 ], [ 72.534322686688441, 23.171865478725408 ], [ 72.534409975190144, 23.171866683480001 ], [ 72.534496978718408, 23.171860093365627 ], [ 72.534582875614944, 23.171845770617946 ], [ 72.534666854672437, 23.17182385049805 ], [ 72.534748122795619, 23.17179454001511 ], [ 72.534825912491144, 23.171758115971564 ], [ 72.534899489115844, 23.171714922349157 ], [ 72.534968157814632, 23.171665367060616 ], [ 72.535018357814621, 23.171625367247096 ], [ 72.535067489640483, 23.17158315642676 ], [ 72.535113049102421, 23.171537684992575 ], [ 72.535127762312982, 23.171521849652759 ], [ 72.535191012270133, 23.171462811684382 ], [ 72.535247803813348, 23.171404518219916 ], [ 72.535298338639549, 23.171341544632199 ], [ 72.535342162988144, 23.171274456365335 ], [ 72.535378883353019, 23.17120385581029 ], [ 72.535416083353027, 23.171122656004723 ], [ 72.535444388619965, 23.171052036424772 ], [ 72.535465583240082, 23.170979341086284 ], [ 72.535479491192064, 23.170905173721202 ], [ 72.535485996970351, 23.170830150287589 ], [ 72.535485046544451, 23.170754893854177 ], [ 72.53548154654446, 23.17069869383436 ], [ 72.535471348745659, 23.170613233768059 ], [ 72.53545154220707, 23.170529211371829 ], [ 72.535422341575028, 23.170447537212002 ], [ 72.535384063300953, 23.170369096408255 ], [ 72.535352663300955, 23.170312796249789 ], [ 72.535314459429813, 23.170251000810623 ], [ 72.535270617217193, 23.170192454303756 ], [ 72.535221461427312, 23.17013759042106 ], [ 72.535167356185127, 23.170086815575331 ], [ 72.535122756185132, 23.17004841540242 ], [ 72.535050963275893, 23.169992783046897 ], [ 72.534973246189267, 23.16994434383458 ], [ 72.534890453977411, 23.16990362696756 ], [ 72.534803491137779, 23.169871077281154 ], [ 72.534697372547441, 23.169837185350602 ], [ 72.53469473078745, 23.169836239690628 ], [ 72.534631128638637, 23.169794964678822 ], [ 72.534553418105375, 23.169754511935448 ], [ 72.534471722669011, 23.169721352552322 ], [ 72.534386849705001, 23.169695814240825 ], [ 72.534299637991495, 23.169678149394066 ], [ 72.534210949419929, 23.169668532592432 ], [ 72.534121660477112, 23.16966705887808 ], [ 72.534032653583239, 23.169673742815647 ], [ 72.533944808371032, 23.169688518348224 ], [ 72.533858992992592, 23.169711239450312 ], [ 72.533776055539761, 23.169741681570994 ], [ 72.533696815662495, 23.169779543853295 ], [ 72.533622056468559, 23.169824452107704 ], [ 72.533552516784283, 23.169875962510382 ], [ 72.533488883852854, 23.16993356598968 ], [ 72.533480483852841, 23.169941966024748 ], [ 72.53342479708968, 23.170003370539035 ], [ 72.533375829400995, 23.170069437408095 ], [ 72.533334039665775, 23.170139547509169 ], [ 72.533299819497955, 23.170213043830739 ], [ 72.533273489576658, 23.170289237629664 ], [ 72.533255296641045, 23.170367414885593 ], [ 72.533245411178157, 23.170446842992252 ], [ 72.533243925825204, 23.17052677762284 ], [ 72.533250854501503, 23.170606469705206 ], [ 72.533266132278058, 23.170685172441488 ], [ 72.53328961598595, 23.170762148306295 ], [ 72.533321085558043, 23.170836675958082 ], [ 72.533360246091235, 23.170908056998705 ], [ 72.533406730609926, 23.170975622517968 ], [ 72.533457103175891, 23.171035191282449 ] ] ] } },
{ "type": "Feature", "properties": { "version": 1, "visible": null, "lon": null, "timestamp": 1479729755, "tags": { "visible": false, "golf": "water_hazard" }, "changeset": null, "lat": null, "id": 454865436, "natural": "water", "water": null, "wetland": null, "osm_type": "way", "grassland": null, "reef": null, "Risk": "High" }, "geometry": { "type": "Polygon", "coordinates": [ [ [ 72.533841834582873, 23.170346050417574 ], [ 72.533818036599655, 23.170357161457485 ], [ 72.533739279416963, 23.170398661644366 ], [ 72.533665480161673, 23.170447257224886 ], [ 72.533597392440029, 23.170502451954434 ], [ 72.533535711534583, 23.170563682200388 ], [ 72.533481067304209, 23.170630322697981 ], [ 72.533434017752271, 23.170701692935559 ], [ 72.533395043328568, 23.170777064104001 ], [ 72.53339134332856, 23.170785264123385 ], [ 72.533361399615075, 23.170862168577269 ], [ 72.533339866056167, 23.170941416241604 ], [ 72.533326953307196, 23.171022231860164 ], [ 72.533322787689244, 23.1711038248393 ], [ 72.53332740995306, 23.171185396982143 ], [ 72.533340774880642, 23.171266150297107 ], [ 72.533362751727495, 23.171345294804354 ], [ 72.533393125501632, 23.17142205626379 ], [ 72.53343159906683, 23.171495683749061 ], [ 72.533477796049368, 23.171565456993442 ], [ 72.533531264519979, 23.171630693435702 ], [ 72.533549864519969, 23.171651193354702 ], [ 72.533609043981002, 23.171710316100789 ], [ 72.533674192679086, 23.171763872243869 ], [ 72.53374469397373, 23.171811354875402 ], [ 72.533819880561509, 23.171852314573112 ], [ 72.533899040792065, 23.171886363654536 ], [ 72.533981425404065, 23.17191317984631 ], [ 72.534005439903183, 23.171918651876283 ], [ 72.534031040376078, 23.171926717419936 ], [ 72.534119773256677, 23.171945705431281 ], [ 72.534210141812281, 23.171956333328197 ], [ 72.534301216554013, 23.171958491799074 ], [ 72.534392060729516, 23.171952158643297 ], [ 72.534481739957911, 23.171937398999557 ], [ 72.534569331840444, 23.171914364675928 ], [ 72.534653935447793, 23.171883292588532 ], [ 72.534734680586666, 23.17184450232492 ], [ 72.534773280586691, 23.171823602436021 ], [ 72.534845805723563, 23.171779866209768 ], [ 72.53491340466293, 23.171729903628997 ], [ 72.534975447196345, 23.171674180475964 ], [ 72.53503135491647, 23.171613216237152 ], [ 72.535080606609242, 23.17154757926054 ], [ 72.535083871903382, 23.171542178153363 ], [ 72.535096907002583, 23.171527101479853 ], [ 72.535143775166347, 23.17146071831106 ], [ 72.535183516413539, 23.171390515618477 ], [ 72.535215765789104, 23.171317138087691 ], [ 72.535240227137919, 23.171241259560553 ], [ 72.535256675824584, 23.171163576847292 ], [ 72.535264960796155, 23.171084803327588 ], [ 72.535265005969421, 23.171005662399562 ], [ 72.535256810929553, 23.170926880836603 ], [ 72.53524045093387, 23.170849182113248 ], [ 72.535216076220848, 23.170773279761221 ], [ 72.535183910630309, 23.170699870816815 ], [ 72.535144249547955, 23.170629629419661 ], [ 72.53509745719262, 23.17056320062175 ], [ 72.53504396327169, 23.170501194463522 ], [ 72.535026463271706, 23.1704827943888 ], [ 72.534965499076662, 23.170424689243195 ], [ 72.534898655181621, 23.170372333939852 ], [ 72.534826570336165, 23.170326228784752 ], [ 72.534749933371629, 23.170286814358061 ], [ 72.534669476618618, 23.170254467303838 ], [ 72.53458596890907, 23.170229496730592 ], [ 72.534500208229375, 23.170212141257327 ], [ 72.534413014094923, 23.170202566733177 ], [ 72.534325219718966, 23.170200864652433 ], [ 72.534237664050607, 23.170207051280215 ], [ 72.534151183757857, 23.170221067497 ], [ 72.534066605232638, 23.170242779363623 ], [ 72.533984736693867, 23.170271979401264 ], [ 72.533906360464272, 23.170308388574224 ], [ 72.533841834582873, 23.170346050417574 ] ] ] } },
{ "type": "Feature", "properties": { "version": 1, "visible": null, "lon": null, "timestamp": 1479729755, "tags": { "visible": false, "golf": "water_hazard" }, "changeset": null, "lat": null, "id": 454865437, "natural": "water", "water": null, "wetland": null, "osm_type": "way", "grassland": null, "reef": null, "Risk": "High" }, "geometry": { "type": "Polygon", "coordinates": [ [ [ 72.53371108455417, 23.17177312202913 ], [ 72.533711969782914, 23.171774886486723 ], [ 72.533749641296211, 23.171841773142859 ], [ 72.533793784886271, 23.171905226227686 ], [ 72.533844033356232, 23.171964717928638 ], [ 72.533899968727411, 23.172019753385239 ], [ 72.533936268727416, 23.172052353241369 ], [ 72.533999476238279, 23.172104002164168 ], [ 72.534067686661885, 23.17214995799737 ], [ 72.534131686661894, 23.17218895779682 ], [ 72.534195192739233, 23.172224274748327 ], [ 72.534261653395276, 23.172254651506112 ], [ 72.534330614933253, 23.172279880705272 ], [ 72.534392314933257, 23.172299780589423 ], [ 72.534475791153383, 23.172322591329404 ], [ 72.534561277697009, 23.172337864004337 ], [ 72.534647971158293, 23.172345455083629 ], [ 72.534735056788833, 23.172345293227337 ], [ 72.534821716154539, 23.172337379956566 ], [ 72.534907134827407, 23.17232178963917 ], [ 72.534990510039506, 23.172298668790898 ], [ 72.535071058227402, 23.172268234698528 ], [ 72.535148022396172, 23.172230773377947 ], [ 72.535220679233618, 23.172186636886327 ], [ 72.535288345908043, 23.172136240013732 ], [ 72.535350386485433, 23.172080056385088 ], [ 72.535406217906115, 23.172018614009357 ], [ 72.535455315464262, 23.171952490317491 ], [ 72.535497217739149, 23.171882306736016 ], [ 72.535531530931607, 23.171808722847036 ], [ 72.535557932564942, 23.171732430189731 ], [ 72.535576174515597, 23.171654145761387 ], [ 72.535586085345045, 23.171574605279197 ], [ 72.535587571910924, 23.171494556266072 ], [ 72.535585971910919, 23.171447756257002 ], [ 72.535578666605957, 23.171365462713521 ], [ 72.535562459483543, 23.171284251025661 ], [ 72.535537512544863, 23.171204932962038 ], [ 72.535504075151508, 23.171128301364579 ], [ 72.535462481532889, 23.17105512222334 ], [ 72.535413147445468, 23.170986127019731 ], [ 72.535356566016887, 23.170922005414599 ], [ 72.535293302816953, 23.170863398354335 ], [ 72.535253431460674, 23.170833194431751 ], [ 72.535232557782336, 23.170804203857628 ], [ 72.535183122175212, 23.170747194428639 ], [ 72.535103722175194, 23.170663494089251 ], [ 72.535024808196468, 23.17059011422263 ], [ 72.534966908196466, 23.170542614003995 ], [ 72.534902413451533, 23.170494439429504 ], [ 72.534848208044579, 23.170461089825309 ], [ 72.534803988011305, 23.170431886457006 ], [ 72.534727518727877, 23.170391208823915 ], [ 72.534647072952296, 23.170357633535286 ], [ 72.534563428785845, 23.170331485349148 ], [ 72.534477395265768, 23.170313017184828 ], [ 72.534389804540041, 23.170302407676434 ], [ 72.534301503818497, 23.170299759444923 ], [ 72.534213347178323, 23.170305098105441 ], [ 72.534126187303073, 23.170318372019544 ], [ 72.534040867235277, 23.170339452794689 ], [ 72.533958212222117, 23.170368136526228 ], [ 72.533879021733384, 23.170404145769719 ], [ 72.533850921733389, 23.170418545847312 ], [ 72.533774478719039, 23.170462480971949 ], [ 72.533703210662352, 23.170513238731498 ], [ 72.533637835340485, 23.170570307911081 ], [ 72.533579011181828, 23.170633113730041 ], [ 72.533527330634641, 23.170701023631164 ], [ 72.533483314200254, 23.170773353651779 ], [ 72.533447405190714, 23.170849375312599 ], [ 72.533419965264116, 23.170928322954865 ], [ 72.53340127078198, 23.171009401451922 ], [ 72.533391510026092, 23.171091794217521 ], [ 72.533390781301989, 23.171174671430208 ], [ 72.533399091949008, 23.171257198390943 ], [ 72.533416358266408, 23.171338543929775 ], [ 72.533442406356215, 23.171417888776965 ], [ 72.533476973874784, 23.171494433814111 ], [ 72.533519712674874, 23.171567408122325 ], [ 72.533570192312126, 23.171636076746342 ], [ 72.533627904380225, 23.171699748096366 ], [ 72.533692267631338, 23.171757780913129 ], [ 72.53371108455417, 23.17177312202913 ] ] ] } },
{ "type": "Feature", "properties": { "version": 1, "visible": null, "lon": null, "timestamp": 1479729756, "tags": { "visible": false, "golf": "water_hazard" }, "changeset": null, "lat": null, "id": 454865438, "natural": "water", "water": null, "wetland": null, "osm_type": "way", "grassland": null, "reef": null, "Risk": "High" }, "geometry": { "type": "Polygon", "coordinates": [ [ [ 72.533814310181981, 23.171494102236295 ], [ 72.53381511018199, 23.171538102231761 ], [ 72.533821176058225, 23.17162109300105 ], [ 72.533836291760309, 23.171703101838567 ], [ 72.533860303952437, 23.171783296838139 ], [ 72.533892969051763, 23.171860864494839 ], [ 72.533933955699055, 23.171935017957104 ], [ 72.53398284812026, 23.172005005008472 ], [ 72.534039150344015, 23.172070115697906 ], [ 72.534102291232983, 23.17212968954134 ], [ 72.534171630277456, 23.172183122221433 ], [ 72.534246464092774, 23.172229871717505 ], [ 72.53432603355462, 23.172269463803584 ], [ 72.53440953149962, 23.172301496858697 ], [ 72.534496110913324, 23.172325645940735 ], [ 72.534584893522478, 23.172341666082463 ], [ 72.534674978704302, 23.172349394776337 ], [ 72.534830378704271, 23.172355494738746 ], [ 72.534863652867685, 23.172356233480077 ], [ 72.534960452867693, 23.172356733476992 ], [ 72.535020913599752, 23.172355173771919 ], [ 72.535100113599754, 23.172350673799635 ], [ 72.535163469172232, 23.17234411972241 ], [ 72.5352006400134, 23.172344912695465 ], [ 72.535327791614293, 23.172350210610389 ], [ 72.535496891614301, 23.172357210567263 ], [ 72.535583065002029, 23.172356974097173 ], [ 72.535655565002045, 23.172353574118119 ], [ 72.535737196129858, 23.172346299663321 ], [ 72.535817765386312, 23.172332211210797 ], [ 72.535896601211121, 23.172311426188394 ], [ 72.535957301211113, 23.172292626298308 ], [ 72.536063097119808, 23.172252802600756 ], [ 72.536122197119809, 23.172226402747249 ], [ 72.536226256341919, 23.172171748763368 ], [ 72.536280356341919, 23.172138748933012 ], [ 72.536352387397272, 23.172089890925669 ], [ 72.536418771603934, 23.172034684998408 ], [ 72.536478849792047, 23.17197367931751 ], [ 72.536532025408192, 23.171907479638598 ], [ 72.536577770438754, 23.171836743292019 ], [ 72.536615630653074, 23.17176217265607 ], [ 72.536645230113692, 23.171684508182913 ], [ 72.536666274909237, 23.171604521046426 ], [ 72.536678556072957, 23.171523005484879 ], [ 72.536681951657542, 23.171440770914629 ], [ 72.536676427946176, 23.171358633892996 ], [ 72.536662039787203, 23.171277410010159 ], [ 72.536638930049506, 23.171197905790653 ], [ 72.536607328203999, 23.17112091068477 ], [ 72.536567548044928, 23.171047189229487 ], [ 72.536519984574085, 23.170977473456702 ], [ 72.536465110078552, 23.170912455624183 ], [ 72.53643091007855, 23.170875855477053 ], [ 72.536369604118988, 23.170816474577169 ], [ 72.536302204140398, 23.170762965795365 ], [ 72.536229372510206, 23.170715854991862 ], [ 72.536151824974866, 23.170675605150933 ], [ 72.536070323626035, 23.170642611830726 ], [ 72.535985669411048, 23.170617199275661 ], [ 72.535898694261832, 23.170599617229794 ], [ 72.535810252919049, 23.170590038482239 ], [ 72.535721214532273, 23.170588557169026 ], [ 72.535632454118456, 23.170595187847901 ], [ 72.535544843962796, 23.170609865355249 ], [ 72.535459245046454, 23.170632445446536 ], [ 72.535376498585293, 23.170662706213957 ], [ 72.535334981358162, 23.170682469245921 ], [ 72.535280290307369, 23.170679926399075 ], [ 72.53520510696238, 23.170676350947168 ], [ 72.535199372414993, 23.170676095122001 ], [ 72.535141772415002, 23.170673695107208 ], [ 72.535048443571853, 23.170674268207343 ], [ 72.534955683116792, 23.17068374047977 ], [ 72.53495189490512, 23.170684311775513 ], [ 72.53495009890166, 23.170683858934311 ], [ 72.534864512342367, 23.170666358213445 ], [ 72.534777477668612, 23.170656611364358 ], [ 72.53468982399842, 23.170654711240108 ], [ 72.534602386346521, 23.170660675942162 ], [ 72.534515997669772, 23.170674448647972 ], [ 72.534431480932213, 23.170695898152296 ], [ 72.534349641265251, 23.170724820117186 ], [ 72.534271258297707, 23.170760939018741 ], [ 72.534197078728837, 23.170803910771973 ], [ 72.534127809215136, 23.170853326008888 ], [ 72.534064109638422, 23.170908713978509 ], [ 72.534006586819658, 23.170969547031621 ], [ 72.533955788738226, 23.171035245647598 ], [ 72.533912199311615, 23.171105183955362 ], [ 72.533876233785563, 23.171178695695833 ], [ 72.533848234778304, 23.171255080569185 ], [ 72.533828469016655, 23.171333610906292 ], [ 72.533817124795078, 23.171413538600866 ], [ 72.533814310181981, 23.171494102236295 ] ] ] } },
{ "type": "Feature", "properties": { "version": 1, "visible": null, "lon": null, "timestamp": 1482726716, "tags": { "visible": false }, "changeset": null, "lat": null, "id": 461795950, "natural": "water", "water": "pond", "wetland": null, "osm_type": "way", "grassland": null, "reef": null, "Risk": "High" }, "geometry": { "type": "Polygon", "coordinates": [ [ [ 72.538484677920408, 23.007807088050555 ], [ 72.539756077920401, 23.00829108530975 ], [ 72.539840314511864, 23.008318718832061 ], [ 72.539927118652187, 23.008338506403845 ], [ 72.540015630108414, 23.008350251932853 ], [ 72.540104971728042, 23.00835383902249 ], [ 72.540194258131592, 23.00834923212517 ], [ 72.540282604486777, 23.00833647689463 ], [ 72.54036913527726, 23.00831569973349 ], [ 72.540452992978999, 23.008287106540706 ], [ 72.540533346558419, 23.008250980671235 ], [ 72.540609399707904, 23.008207680128194 ], [ 72.540680398737308, 23.00815763401523 ], [ 72.540745640043099, 23.008101338284366 ], [ 72.540804477080954, 23.008039350821381 ], [ 72.541257677080964, 23.007510952827779 ], [ 72.5413080337282, 23.007446030644342 ], [ 72.54135135937193, 23.00737694408981 ], [ 72.541387250769958, 23.007304336163497 ], [ 72.541415373872411, 23.007228882639723 ], [ 72.541435466930793, 23.007151285778416 ], [ 72.541447342934163, 23.007072267789191 ], [ 72.541450891349726, 23.006992564109627 ], [ 72.541446079151513, 23.006912916560502 ], [ 72.541432951127803, 23.006834066441474 ], [ 72.541411629464278, 23.00675674763162 ], [ 72.5413823126068, 23.006681679758952 ], [ 72.541345273414422, 23.00660956150254 ], [ 72.541300856619785, 23.006541064089618 ], [ 72.541249475620731, 23.006476825048061 ], [ 72.541191608632559, 23.006417442272589 ], [ 72.541127794237241, 23.006363468459739 ], [ 72.541058626370756, 23.006315405963541 ], [ 72.539811526370741, 23.00553280200123 ], [ 72.539735795363086, 23.005490164372446 ], [ 72.53965586208291, 23.005454615275561 ], [ 72.539572507160102, 23.005426501889428 ], [ 72.539486544640411, 23.005406098774632 ], [ 72.53939881403538, 23.005393605191891 ], [ 72.539310172123749, 23.005389143155988 ], [ 72.539221484584061, 23.005392756244028 ], [ 72.539133617540486, 23.005404409169895 ], [ 72.539047429104215, 23.005423988128822 ], [ 72.538963760993127, 23.005451301908948 ], [ 72.538883430311529, 23.005486083758779 ], [ 72.538807221570366, 23.005527993992501 ], [ 72.538735879025637, 23.005576623307562 ], [ 72.538670099409941, 23.005631496782176 ], [ 72.538610525128249, 23.005692078513704 ], [ 72.538557737984078, 23.005757776852565 ], [ 72.538512253497672, 23.005827950180578 ], [ 72.538034753497698, 23.006654952558833 ], [ 72.537997287936932, 23.006728305936448 ], [ 72.537967805027691, 23.00680468329983 ], [ 72.537946588083287, 23.006883350703202 ], [ 72.537933840986, 23.006963552196005 ], [ 72.537929686227898, 23.007044517087316 ], [ 72.537934163733723, 23.007125467351745 ], [ 72.537947230477329, 23.007205625105851 ], [ 72.537968760895026, 23.007284220083136 ], [ 72.537998548092233, 23.007360497035741 ], [ 72.538036305831596, 23.007433722991806 ], [ 72.538081671283592, 23.007503194298742 ], [ 72.538134208513071, 23.007568243384675 ], [ 72.538193412668306, 23.007628245173191 ], [ 72.538258714832423, 23.0076826230897 ], [ 72.538329487490216, 23.007730854601672 ], [ 72.538405050558353, 23.007772476239637 ], [ 72.538484677920408, 23.007807088050555 ] ] ] } },
{ "type": "Feature", "properties": { "version": 3, "visible": null, "lon": null, "timestamp": 1496084172, "tags": { "visible": false, "addr:city": "Gandhinagar", "addr:postcode": "382424", "addr:street": "Serenade Farm, Survey no. 121, Sughad, Near Koba circle" }, "changeset": null, "lat": null, "id": 483688320, "natural": "water", "water": "pond", "wetland": null, "osm_type": "way", "grassland": null, "reef": null, "Risk": "High" }, "geometry": { "type": "Polygon", "coordinates": [ [ [ 72.635548263838302, 23.126800892533858 ], [ 72.635568763462757, 23.126837190578456 ], [ 72.635617346444732, 23.126905676183465 ], [ 72.635673053559415, 23.126969409333451 ], [ 72.635735339028145, 23.127027765623598 ], [ 72.635803592622253, 23.127080173327887 ], [ 72.635877145641643, 23.127126119000224 ], [ 72.635955277466195, 23.127165152504457 ], [ 72.63603722261594, 23.127196891424305 ], [ 72.636122178250687, 23.1272210248097 ], [ 72.636209312035589, 23.127237316223074 ], [ 72.636297770295883, 23.127245606055638 ], [ 72.636386686380547, 23.127245813090997 ], [ 72.636475189153117, 23.127237935300812 ], [ 72.637241289153096, 23.127134335931999 ], [ 72.637327081444596, 23.127118778187103 ], [ 72.637410822448857, 23.127095623148712 ], [ 72.637491718671285, 23.127065090220377 ], [ 72.637569003573304, 23.127027468714363 ], [ 72.637641944835622, 23.126983115110484 ], [ 72.637709851297458, 23.126932449678392 ], [ 72.637772079505723, 23.126875952495588 ], [ 72.637828039812078, 23.12681415889864 ], [ 72.637877201960137, 23.126747654410817 ], [ 72.637919100110025, 23.126677069194198 ], [ 72.637953337252497, 23.126603072078748 ], [ 72.637979588970779, 23.126526364225001 ], [ 72.637997606514588, 23.126447672480335 ], [ 72.638007219157288, 23.126367742491862 ], [ 72.638008335813481, 23.126287331641027 ], [ 72.638000945902192, 23.126207201867096 ], [ 72.637985119447166, 23.126128112447343 ], [ 72.637669719447146, 23.12489311070857 ], [ 72.637644768222358, 23.124813556240614 ], [ 72.6376112834335, 23.124736698137127 ], [ 72.637569601421518, 23.124663308411492 ], [ 72.637520140865149, 23.12459412423965 ], [ 72.637463398575363, 23.124529840555237 ], [ 72.637399944505162, 23.124471103068949 ], [ 72.637330416024639, 23.124418501782376 ], [ 72.637255511518845, 23.12437256506135 ], [ 72.637175983372785, 23.12433375432844 ], [ 72.637092630414074, 23.124302459427859 ], [ 72.637006289888916, 23.124278994709385 ], [ 72.636917829052479, 23.124263595870644 ], [ 72.636828136457538, 23.124256417589436 ], [ 72.636738113029409, 23.124257531969981 ], [ 72.636648663016459, 23.124266927818571 ], [ 72.636560684907366, 23.124284510756041 ], [ 72.635127684907374, 23.124640912874504 ], [ 72.635045883916504, 23.124665174884804 ], [ 72.634966978636001, 23.124696515386308 ], [ 72.634891691403041, 23.12473464746806 ], [ 72.634820711433306, 23.124779222044921 ], [ 72.634754688511805, 23.124829831053454 ], [ 72.634694227044264, 23.124886011187776 ], [ 72.634639880524219, 23.124947248141112 ], [ 72.634592146465991, 23.125012981314246 ], [ 72.634551461850251, 23.125082608947782 ], [ 72.634518199123605, 23.125155493631141 ], [ 72.634492662789171, 23.125230968137917 ], [ 72.634475086618906, 23.125308341534211 ], [ 72.634465631513564, 23.125386905503866 ], [ 72.634464384029755, 23.125465940832854 ], [ 72.63447135558755, 23.125544723993347 ], [ 72.634486482365944, 23.125622533767274 ], [ 72.634509625887063, 23.125698657848641 ], [ 72.63454057428396, 23.125772399364241 ], [ 72.634800174283953, 23.126312498019633 ], [ 72.634840868572681, 23.126386800857052 ], [ 72.634889482721633, 23.126456962855631 ], [ 72.634945523707643, 23.126522272470527 ], [ 72.635008423187898, 23.12658206736813 ], [ 72.635077543263762, 23.126635741142859 ], [ 72.63515218295008, 23.126682749466749 ], [ 72.635231585284259, 23.126722615609452 ], [ 72.635314945003032, 23.126754935272761 ], [ 72.635401416709087, 23.126779380690525 ], [ 72.63549012344474, 23.126795703952528 ], [ 72.635548263838302, 23.126800892533858 ] ] ] } },
{ "type": "Feature", "properties": { "version": 2, "visible": null, "lon": null, "timestamp": 1691665979, "tags": { "visible": false, "name": "Kund" }, "changeset": null, "lat": null, "id": 530535814, "natural": "water", "water": null, "wetland": null, "osm_type": "way", "grassland": null, "reef": null, "Risk": "High" }, "geometry": { "type": "Polygon", "coordinates": [ [ [ 72.495698735942426, 23.081039404766649 ], [ 72.495852835942415, 23.081008804950486 ], [ 72.495938006948464, 23.080987819914547 ], [ 72.496020531396908, 23.080959254584641 ], [ 72.496099614237934, 23.08092338415765 ], [ 72.49617449357855, 23.080880554207592 ], [ 72.496244448022793, 23.0808311773566 ], [ 72.496308803621687, 23.080775729299873 ], [ 72.496366940366158, 23.080714744223059 ], [ 72.496418298160279, 23.080648809656125 ], [ 72.496462382217274, 23.080578560813308 ], [ 72.496498767826395, 23.080504674473652 ], [ 72.496527104444596, 23.08042786246105 ], [ 72.496547119073725, 23.080348864786703 ], [ 72.496558618890589, 23.080268442519912 ], [ 72.496561493104636, 23.08018737045597 ], [ 72.496555714025391, 23.080106429651799 ], [ 72.496541337329148, 23.080026399901122 ], [ 72.496508137329158, 23.079885099717636 ], [ 72.496485299947253, 23.079806747448362 ], [ 72.496454222512199, 23.079730832394599 ], [ 72.496415204462437, 23.07965808602053 ], [ 72.496368621746058, 23.079589209260298 ], [ 72.496314923198526, 23.079524865764174 ], [ 72.496254626218004, 23.079465675503851 ], [ 72.496188311780116, 23.07941220879859 ], [ 72.496116618840091, 23.079364980819825 ], [ 72.496040238176363, 23.079324446627055 ], [ 72.495959905734566, 23.079290996782994 ], [ 72.495876395536769, 23.079264953590169 ], [ 72.495790512223408, 23.079246567985244 ], [ 72.495703083300427, 23.079236017121023 ], [ 72.495614951166161, 23.079233402659423 ], [ 72.495526964994482, 23.079238749791863 ], [ 72.495439972552887, 23.079252006996516 ], [ 72.49528587255287, 23.079282707180933 ], [ 72.495200745123597, 23.079303736914859 ], [ 72.495118267751806, 23.079332340382752 ], [ 72.495039234500723, 23.079368242195734 ], [ 72.494964406274818, 23.079411096698031 ], [ 72.49489450349401, 23.079460491295077 ], [ 72.494830199157789, 23.079515950426085 ], [ 72.49477211236578, 23.079576940142829 ], [ 72.494720802357207, 23.079642873250577 ], [ 72.494676763126918, 23.079713114961699 ], [ 72.494640418669135, 23.079786989007406 ], [ 72.494612118895603, 23.079863784148902 ], [ 72.49459213626659, 23.079942761025109 ], [ 72.494580663167866, 23.080023159271168 ], [ 72.494577810058416, 23.080104204839106 ], [ 72.494583604406941, 23.080185117450124 ], [ 72.494597990427522, 23.080265118106908 ], [ 72.494631190427526, 23.08040631792343 ], [ 72.494654026166003, 23.080484626458063 ], [ 72.494685093115777, 23.08056049952285 ], [ 72.494724092251516, 23.080633206829784 ], [ 72.494770648199108, 23.080702048562866 ], [ 72.494824312848678, 23.080766362113696 ], [ 72.494884569667732, 23.080825528459012 ], [ 72.494950838672892, 23.08087897811858 ], [ 72.495022482012345, 23.080926196636351 ], [ 72.495098810105276, 23.080966729531863 ], [ 72.49517908827923, 23.081000186674459 ], [ 72.495262543841477, 23.081026246038146 ], [ 72.495348373516308, 23.081044656800948 ], [ 72.495435751176714, 23.081055241758918 ], [ 72.495523835796078, 23.081057899031677 ], [ 72.495611779543083, 23.081052603042924 ], [ 72.495698735942426, 23.081039404766649 ] ] ] } },
{ "type": "Feature", "properties": { "version": 3, "visible": null, "lon": null, "timestamp": 1736428583, "tags": { "visible": false, "intermittent": "yes" }, "changeset": null, "lat": null, "id": 550891920, "natural": "water", "water": "lake", "wetland": null, "osm_type": "way", "grassland": null, "reef": null, "Risk": "High" }, "geometry": { "type": "Polygon", "coordinates": [ [ [ 72.504698034071566, 23.03258411712309 ], [ 72.504729434071564, 23.032688016952317 ], [ 72.504753862032857, 23.03275697335598 ], [ 72.504784763392195, 23.032823693979061 ], [ 72.504840363392205, 23.032930493695989 ], [ 72.504881288674824, 23.033000298819989 ], [ 72.504929294787345, 23.033066173258856 ], [ 72.504983939818587, 23.033127510624045 ], [ 72.505044720743953, 23.033183746292561 ], [ 72.505111078056146, 23.03323436260424 ], [ 72.505182400915388, 23.03327889362674 ], [ 72.505258032772545, 23.033316929444339 ], [ 72.505332532772542, 23.033350229260598 ], [ 72.505403010504679, 23.03337837024096 ], [ 72.505475843265302, 23.033400866511634 ], [ 72.505550498356158, 23.033417553537955 ], [ 72.505722798356175, 23.033448953349001 ], [ 72.505822601714044, 23.033461837885298 ], [ 72.505923345243204, 23.033464353423163 ], [ 72.506223045243203, 23.033456353472218 ], [ 72.506263405776949, 23.033454439154024 ], [ 72.506461305776938, 23.03344093923662 ], [ 72.506486771572526, 23.033438866367817 ], [ 72.506624171572525, 23.033425866447143 ], [ 72.50670898912216, 23.033414052314413 ], [ 72.506792195431046, 23.033394846717485 ], [ 72.506873031734898, 23.033368424790449 ], [ 72.507000531734903, 23.033320325063464 ], [ 72.50707452756599, 23.03328872611851 ], [ 72.507145103508165, 23.033251080093571 ], [ 72.507211677584479, 23.033207697416984 ], [ 72.507273700817791, 23.033158935821678 ], [ 72.507376200817802, 23.033070636217126 ], [ 72.507443137067028, 23.033006412600571 ], [ 72.507502184175962, 23.032935939724936 ], [ 72.507552657941332, 23.0328600341794 ], [ 72.507612357941326, 23.032758334475918 ], [ 72.507650011859113, 23.032686005627411 ], [ 72.507679872867413, 23.032610659332789 ], [ 72.507701659926639, 23.032533004716154 ], [ 72.507715167985879, 23.032453772627697 ], [ 72.507720269912781, 23.032373708765352 ], [ 72.507716917690118, 23.032293566656694 ], [ 72.507704217690119, 23.032159566585275 ], [ 72.507693670934884, 23.032086302773521 ], [ 72.507676056663158, 23.032014198478528 ], [ 72.507651515640717, 23.031943829929482 ], [ 72.507613215640717, 23.031848829726769 ], [ 72.507577808508827, 23.031772880449335 ], [ 72.507534338500164, 23.031700563984831 ], [ 72.50748324003419, 23.031632603037455 ], [ 72.507425023765705, 23.031569676785058 ], [ 72.507360271481602, 23.031512414091406 ], [ 72.507289630286678, 23.031461387221331 ], [ 72.507213806136903, 23.031417106121499 ], [ 72.507133556784254, 23.031380013323876 ], [ 72.507049684204247, 23.031350479523066 ], [ 72.506963026581232, 23.031328799871471 ], [ 72.506874449932013, 23.031315191029488 ], [ 72.506799443927335, 23.031310669408423 ], [ 72.506740244204138, 23.031278394896457 ], [ 72.506669891761263, 23.031247287271626 ], [ 72.506528491761259, 23.031191586957533 ], [ 72.506451466424224, 23.031165015333052 ], [ 72.506372122879142, 23.031145039341652 ], [ 72.50611172287914, 23.031091139019079 ], [ 72.506045041867509, 23.03107975153538 ], [ 72.505977617379841, 23.031073026104163 ], [ 72.505881817379844, 23.031066826066226 ], [ 72.505777822713924, 23.031065649941347 ], [ 72.505674377302142, 23.031075543434934 ], [ 72.505516277302135, 23.031099243578421 ], [ 72.505434969575504, 23.031115015497797 ], [ 72.505355593259097, 23.03113763402855 ], [ 72.505278827518055, 23.031166905637061 ], [ 72.505205329180711, 23.031202579863326 ], [ 72.505135727118599, 23.031244351464125 ], [ 72.505070616865694, 23.031291863024908 ], [ 72.50501055552283, 23.031344708018153 ], [ 72.504956056991034, 23.03140243428188 ], [ 72.504896856991024, 23.031471334544015 ], [ 72.504845618202452, 23.03153739224426 ], [ 72.504801664688273, 23.031607755337035 ], [ 72.504765420077433, 23.031681745648687 ], [ 72.504737233699572, 23.031758650046847 ], [ 72.504717377218228, 23.031837727313864 ], [ 72.504685377218237, 23.032001427491664 ], [ 72.504675839711595, 23.032063747934778 ], [ 72.504671481377926, 23.032126555469432 ], [ 72.504665481377941, 23.032341355503284 ], [ 72.504667596152061, 23.032423133726013 ], [ 72.504678482579024, 23.032504319223474 ], [ 72.504698034071566, 23.03258411712309 ] ] ] } },
{ "type": "Feature", "properties": { "version": 2, "visible": null, "lon": null, "timestamp": 1693805918, "tags": { "visible": false }, "changeset": null, "lat": null, "id": 621306280, "natural": "water", "water": "lake", "wetland": null, "osm_type": "way", "grassland": null, "reef": null, "Risk": "High" }, "geometry": { "type": "Polygon", "coordinates": [ [ [ 72.472341312012759, 22.964670671511488 ], [ 72.472580814272177, 22.964749384664458 ], [ 72.472666323016114, 22.964773146251872 ], [ 72.472753971860456, 22.964788971877297 ], [ 72.472842894305089, 22.964796705090759 ], [ 72.472932211259049, 22.964796269442775 ], [ 72.473021039731265, 22.964787669240106 ], [ 72.473108501559821, 22.964770989503162 ], [ 72.473193732093449, 22.964746395125552 ], [ 72.473275888739579, 22.96471412924409 ], [ 72.473354159294232, 22.964674510835227 ], [ 72.47342776997148, 22.964627931561928 ], [ 72.473471344561631, 22.964597314044649 ], [ 72.4736021697627, 22.964533239463627 ], [ 72.47367165887259, 22.964495423452554 ], [ 72.473783858872608, 22.964427923798215 ], [ 72.473855203877733, 22.964380244931416 ], [ 72.473921129736198, 22.96432635681326 ], [ 72.473981001545781, 22.964266778408774 ], [ 72.4740342427082, 22.964202083483524 ], [ 72.474089742708202, 22.964127283741625 ], [ 72.474130493856023, 22.96406695236842 ], [ 72.474165471522468, 22.96400362351595 ], [ 72.474194417631452, 22.963937764440182 ], [ 72.474260017631451, 22.963767864788313 ], [ 72.474287588420196, 22.963681985642218 ], [ 72.474304914038413, 22.963593865302755 ], [ 72.474310259766781, 22.963524430694822 ], [ 72.474328672087083, 22.963484547404533 ], [ 72.4743529318756, 22.963415912211374 ], [ 72.474429331875598, 22.963162712625962 ], [ 72.474450724443386, 22.963072601945459 ], [ 72.474461087325096, 22.962980858349358 ], [ 72.474474987325095, 22.962713558427552 ], [ 72.474474676848047, 22.962628865096157 ], [ 72.474464961888984, 22.962544644935452 ], [ 72.474445944305799, 22.962461780965441 ], [ 72.474417823491038, 22.962381141988558 ], [ 72.474380894281424, 22.962303573480405 ], [ 72.474335543866516, 22.962229888725059 ], [ 72.474282247729249, 22.962160860287813 ], [ 72.474221564660581, 22.96209721191487 ], [ 72.474154130900814, 22.962039610944718 ], [ 72.473953830900811, 22.961885310220858 ], [ 72.473882241906679, 22.961835538702427 ], [ 72.473805618773284, 22.961792589446301 ], [ 72.47372472556458, 22.961756890736883 ], [ 72.473640368924578, 22.961728798557349 ], [ 72.473553390033572, 22.961708593039724 ], [ 72.473370190033563, 22.961674892837582 ], [ 72.473269868082255, 22.961661803855264 ], [ 72.473168583454211, 22.961659200626233 ], [ 72.473067624729111, 22.961667116270306 ], [ 72.47293942472912, 22.961683916372046 ], [ 72.47285339231334, 22.96169916403689 ], [ 72.472769382195636, 22.961722055807684 ], [ 72.47268819346985, 22.961752373936918 ], [ 72.472610598393118, 22.961789830037414 ], [ 72.472537335040229, 22.961834067825595 ], [ 72.472469100283163, 22.961884666510663 ], [ 72.472379986848523, 22.961957622068123 ], [ 72.472233762851971, 22.961999058577437 ], [ 72.472149259152047, 22.962027339905447 ], [ 72.472068249164877, 22.962063257627722 ], [ 72.471991544454738, 22.962106451911822 ], [ 72.471919913455338, 22.962156490027329 ], [ 72.471854073771567, 22.962212870681249 ], [ 72.471794684990456, 22.962275029040274 ], [ 72.471742342073384, 22.962342342389668 ], [ 72.471577442073396, 22.962578543170896 ], [ 72.471536408337101, 22.962643654607909 ], [ 72.471501973825895, 22.962711931436147 ], [ 72.471474423770673, 22.962782808094744 ], [ 72.47140122377067, 22.963002108488823 ], [ 72.471379274816698, 22.96308176082475 ], [ 72.471366018181342, 22.963163025373092 ], [ 72.471361584715879, 22.9632451 ], [ 72.471361584715879, 22.963456671683311 ], [ 72.47134768065736, 22.96358415080006 ], [ 72.471343200981551, 22.963661822554922 ], [ 72.471346665073483, 22.963739538281303 ], [ 72.471358042299769, 22.96381661073006 ], [ 72.471377232050202, 22.96389235834182 ], [ 72.471404064627478, 22.963966111273997 ], [ 72.471438302747856, 22.964037217324211 ], [ 72.471479643639469, 22.964105047697643 ], [ 72.471571243639488, 22.964240047260098 ], [ 72.471623330299323, 22.96430879574315 ], [ 72.471682706670748, 22.964372337088147 ], [ 72.471748762926907, 22.964430018699527 ], [ 72.471820820634974, 22.964481248164375 ], [ 72.471898139724061, 22.964525499336499 ], [ 72.471979926086064, 22.964562317739919 ], [ 72.472065339731628, 22.964591325236295 ], [ 72.472341312012759, 22.964670671511488 ] ] ] } },
{ "type": "Feature", "properties": { "version": 3, "visible": null, "lon": null, "timestamp": 1736428583, "tags": { "visible": false, "intermittent": "yes", "name": "Sargasan Lake" }, "changeset": null, "lat": null, "id": 655923300, "natural": "water", "water": "lake", "wetland": null, "osm_type": "way", "grassland": null, "reef": null, "Risk": "High" }, "geometry": { "type": "Polygon", "coordinates": [ [ [ 72.616232913731054, 23.188364015791631 ], [ 72.616399213731086, 23.188418315475751 ], [ 72.616485186198815, 23.188442012936978 ], [ 72.616573302126326, 23.188457706025631 ], [ 72.616662681863815, 23.18846523808249 ], [ 72.616752433145095, 23.188464533917397 ], [ 72.616841659994861, 23.18845560055982 ], [ 72.616929471673174, 23.188438527188662 ], [ 72.61701499156753, 23.188413484242069 ], [ 72.617097365944019, 23.188380721716104 ], [ 72.617293165944005, 23.188291922207728 ], [ 72.617370254576102, 23.188252522306076 ], [ 72.617442768115296, 23.188206363017947 ], [ 72.617510007472035, 23.188153889349753 ], [ 72.617571324404111, 23.18809560718331 ], [ 72.617626127766314, 23.188032078398997 ], [ 72.617808527766329, 23.187797879240605 ], [ 72.617854504409152, 23.18773254813841 ], [ 72.617893587315464, 23.18766352910971 ], [ 72.618105600271235, 23.187241705374142 ], [ 72.618128300271252, 23.187196505491094 ], [ 72.618156034878993, 23.187134850131496 ], [ 72.618178264056723, 23.187071337806934 ], [ 72.61819276405673, 23.18702333788621 ], [ 72.618209350452901, 23.186958346082964 ], [ 72.618220171504817, 23.186892335053777 ], [ 72.618226071504807, 23.186842835087059 ], [ 72.618231045499257, 23.186776590907584 ], [ 72.61823021308966, 23.186710193502226 ], [ 72.618227413089684, 23.18666049348635 ], [ 72.618221132321622, 23.186596838931553 ], [ 72.618209514400434, 23.186533821577278 ], [ 72.618199414400422, 23.186489521521182 ], [ 72.618183426842862, 23.186430365528107 ], [ 72.618162735719054, 23.186372454753307 ], [ 72.618145635719074, 23.186329954662302 ], [ 72.618091399378329, 23.186220432767673 ], [ 72.618067799378309, 23.186180732650158 ], [ 72.617996713058332, 23.18607948634078 ], [ 72.617967013058333, 23.186043286206225 ], [ 72.617914114220511, 23.18598464565525 ], [ 72.617855561641704, 23.185930735768117 ], [ 72.617791853642004, 23.185882015358594 ], [ 72.617735353642004, 23.18584271516513 ], [ 72.617637903056433, 23.185783670909274 ], [ 72.617576403056432, 23.185751470736562 ], [ 72.61747885278524, 23.185707354758783 ], [ 72.617422752785217, 23.185685754635792 ], [ 72.617326376239603, 23.185654442903608 ], [ 72.617267976239617, 23.185638842811137 ], [ 72.61717159334691, 23.18561831193859 ], [ 72.617119109873101, 23.185609900512706 ], [ 72.617000503686171, 23.185589003105367 ], [ 72.616926948003979, 23.185578924447423 ], [ 72.616873048003981, 23.185573624414893 ], [ 72.616803701133819, 23.185569291436593 ], [ 72.616734197401499, 23.185569900067406 ], [ 72.616680097401485, 23.1855723000822 ], [ 72.616608475065576, 23.185578125668652 ], [ 72.616537589005745, 23.18558919809713 ], [ 72.616484589005751, 23.185599498159334 ], [ 72.61641864465625, 23.185614731595194 ], [ 72.616354142660285, 23.185634506387949 ], [ 72.616305842660267, 23.185651206484437 ], [ 72.616243171108593, 23.185675401403596 ], [ 72.616182669206395, 23.185703883185365 ], [ 72.616137669206395, 23.185727083310276 ], [ 72.616080670284219, 23.185759086466934 ], [ 72.616026415645777, 23.185794894097235 ], [ 72.615985615645783, 23.185823994239154 ], [ 72.615908814945485, 23.185885489419491 ], [ 72.615840080673294, 23.185954580841571 ], [ 72.615808680673283, 23.185989980979663 ], [ 72.615740854219069, 23.186077514484356 ], [ 72.615714754219084, 23.186116314610327 ], [ 72.615658838490987, 23.186213312523268 ], [ 72.61563853849097, 23.186255012628418 ], [ 72.615596769801812, 23.186359041557093 ], [ 72.615581969801838, 23.186405241637654 ], [ 72.615554867059672, 23.186518836641334 ], [ 72.615547267059682, 23.186566536683998 ], [ 72.615537825553488, 23.186678326327325 ], [ 72.61553732555349, 23.186726526330162 ], [ 72.615537423631224, 23.18674892145863 ], [ 72.615546923631229, 23.187245421404732 ], [ 72.61554998872343, 23.187300580199523 ], [ 72.615576788723416, 23.187591480047985 ], [ 72.615587445371304, 23.187666297152148 ], [ 72.615605487220947, 23.187739907663666 ], [ 72.615630763622761, 23.18781169693677 ], [ 72.615663063518625, 23.187881065533997 ], [ 72.615702117204236, 23.187947434231319 ], [ 72.615747598581038, 23.188010248854564 ], [ 72.615799127879271, 23.18806898490659 ], [ 72.615860827879246, 23.188133084644367 ], [ 72.615924293835775, 23.188192665284102 ], [ 72.615993973236172, 23.188246058380887 ], [ 72.616069155519668, 23.188292719462453 ], [ 72.616149074009513, 23.188332172706293 ], [ 72.616232913731054, 23.188364015791631 ] ] ] } },
{ "type": "Feature", "properties": { "version": 2, "visible": null, "lon": null, "timestamp": 1738096283, "tags": { "visible": false }, "changeset": null, "lat": null, "id": 663649570, "natural": "water", "water": "basin", "wetland": null, "osm_type": "way", "grassland": null, "reef": null, "Risk": "High" }, "geometry": { "type": "Polygon", "coordinates": [ [ [ 72.545702984652237, 22.962912186581516 ], [ 72.54840428465225, 22.962388489716037 ], [ 72.548489553855319, 22.962367888537987 ], [ 72.548572219446356, 22.96233969103934 ], [ 72.548651485323788, 22.962304168768263 ], [ 72.548726588126627, 22.96226166381231 ], [ 72.548796804585862, 22.962212585504261 ], [ 72.548861458489867, 22.962157406480284 ], [ 72.548919927196593, 22.962096658128587 ], [ 72.548971647629813, 22.962030925472156 ], [ 72.549016121701783, 22.961960841535078 ], [ 72.549052921110004, 22.961887081246502 ], [ 72.549081691461964, 22.96181035494109 ], [ 72.549102155688075, 22.961731401518371 ], [ 72.549114116709944, 22.961650981327086 ], [ 72.549117459338277, 22.961569868842808 ], [ 72.549112151382303, 22.961488845209541 ], [ 72.549098243959691, 22.961408690717025 ], [ 72.54848954395969, 22.958746587362651 ], [ 72.548467170628697, 22.958668071290546 ], [ 72.548436546995433, 22.958591952523825 ], [ 72.54839796798565, 22.958518964140996 ], [ 72.548351805140598, 22.958449809073866 ], [ 72.548298503038893, 22.958385153337645 ], [ 72.54823857501485, 22.95832561961652 ], [ 72.548172598214848, 22.958271781266557 ], [ 72.548101208038872, 22.958224156793595 ], [ 72.548025092021348, 22.958183204859463 ], [ 72.547944983209661, 22.958149319864471 ], [ 72.547861653104391, 22.958122828148849 ], [ 72.54777590422934, 22.958103984849672 ], [ 72.547688562402641, 22.958092971443545 ], [ 72.5476004687836, 22.958089893998739 ], [ 72.547512471771782, 22.958094782153612 ], [ 72.54742541883634, 22.958107588831162 ], [ 72.544724118836342, 22.958631291965258 ], [ 72.544638849373811, 22.958651893450522 ], [ 72.544556183502749, 22.958680091495928 ], [ 72.54447691733067, 22.958715614537663 ], [ 72.544401814224514, 22.958758120468111 ], [ 72.544331597459163, 22.958807199930714 ], [ 72.54426694325187, 22.958862380262492 ], [ 72.544208474250198, 22.958923130046276 ], [ 72.544156753535447, 22.958988864228726 ], [ 72.544112279200135, 22.959058949754922 ], [ 72.544075479551012, 22.95913271166523 ], [ 72.544046708984325, 22.959209439595671 ], [ 72.544026244572891, 22.959288394619236 ], [ 72.544014283397686, 22.959368816362254 ], [ 72.544010940649912, 22.959449930327221 ], [ 72.544016248521658, 22.959530955351621 ], [ 72.54403015589584, 22.959611111130872 ], [ 72.544638855895826, 22.96227320777642 ], [ 72.544661229240489, 22.962351722005742 ], [ 72.544691852938541, 22.962427838895735 ], [ 72.544730432061826, 22.962500825390851 ], [ 72.544776595065713, 22.962569978584458 ], [ 72.544829897367421, 22.962634632488097 ], [ 72.544889825627578, 22.962694164445221 ], [ 72.544955802694076, 22.962748001127544 ], [ 72.545027193160493, 22.962795624056316 ], [ 72.545103309485455, 22.962836574595382 ], [ 72.545183418614201, 22.962870458367927 ], [ 72.545266749038419, 22.962896949054354 ], [ 72.545352498226421, 22.962915791534769 ], [ 72.545439840352017, 22.96292680434582 ], [ 72.545527934247986, 22.962929881428135 ], [ 72.545615931506944, 22.96292499314778 ], [ 72.545702984652237, 22.962912186581516 ] ] ] } },
{ "type": "Feature", "properties": { "version": 1, "visible": null, "lon": null, "timestamp": 1549360281, "tags": { "visible": false }, "changeset": null, "lat": null, "id": 668423637, "natural": "water", "water": "pond", "wetland": null, "osm_type": "way", "grassland": null, "reef": null, "Risk": "High" }, "geometry": { "type": "Polygon", "coordinates": [ [ [ 72.73104396803727, 23.012178299845115 ], [ 72.731064685489855, 23.012111581001385 ], [ 72.731080248466057, 23.012034314059878 ], [ 72.731087771651517, 23.011956036156402 ], [ 72.731087187089486, 23.011877454372602 ], [ 72.731078500060292, 23.01179927853633 ], [ 72.731061789033674, 23.011722214809719 ], [ 72.73103720496006, 23.011646959310426 ], [ 72.731004969906877, 23.011574191823527 ], [ 72.730869269906862, 23.011305191129196 ], [ 72.730829010127977, 23.011234525495915 ], [ 72.73078153743414, 23.011167760758983 ], [ 72.73072729393256, 23.011105518696205 ], [ 72.730666784786081, 23.011048378966684 ], [ 72.730600573508752, 23.010996873712298 ], [ 72.730529276717846, 23.01095148260168 ], [ 72.730453558391361, 23.010912628362874 ], [ 72.730374123684484, 23.010880672846287 ], [ 72.730291712362629, 23.010855913654598 ], [ 72.729853212362627, 23.010745413001388 ], [ 72.729772560723006, 23.010728718811286 ], [ 72.729690583283414, 23.010718919354431 ], [ 72.729607974251749, 23.010716097616875 ], [ 72.729525433184364, 23.010720277494308 ], [ 72.729443659062071, 23.010731423589714 ], [ 72.728963459062072, 23.010817824109417 ], [ 72.728881690952861, 23.010836235328384 ], [ 72.72880215421614, 23.010861610592816 ], [ 72.728725547276795, 23.010893727074571 ], [ 72.728652542832691, 23.010932302748941 ], [ 72.728583781947634, 23.01097699887135 ], [ 72.728519868422012, 23.011027422952065 ], [ 72.728342468422014, 23.011181223638239 ], [ 72.728283939950572, 23.011236957453242 ], [ 72.728231339031737, 23.011297491075592 ], [ 72.728185127953381, 23.011362292494049 ], [ 72.72814571284573, 23.011430792189795 ], [ 72.728113440111997, 23.011502388141977 ], [ 72.728088593383987, 23.011576451118724 ], [ 72.728071391029374, 23.011652330207408 ], [ 72.728029591029369, 23.011892530440246 ], [ 72.728019741592007, 23.011976229153017 ], [ 72.728019190247323, 23.012060415816091 ], [ 72.728027942711364, 23.012144217632294 ], [ 72.728045908243786, 23.012226765795923 ], [ 72.728072900588685, 23.012307204499969 ], [ 72.728108639905514, 23.012384699808457 ], [ 72.728152755670422, 23.012458448302027 ], [ 72.728288455670409, 23.012660247651077 ], [ 72.72833501289881, 23.01272286719912 ], [ 72.728387611002233, 23.012781294613532 ], [ 72.728445807007986, 23.012835037833895 ], [ 72.728509110798825, 23.012883644249428 ], [ 72.729009705844248, 23.013233446374699 ], [ 72.729520815841937, 23.013743003966688 ], [ 72.729713943775323, 23.01403675689788 ], [ 72.729764032497656, 23.014105017815886 ], [ 72.729821251967493, 23.014168352785827 ], [ 72.729885034284948, 23.014226133219228 ], [ 72.729954746414336, 23.01427778565618 ], [ 72.730029696466843, 23.014322797456625 ], [ 72.730109140567663, 23.014360721887936 ], [ 72.730192290238762, 23.014391182558498 ], [ 72.730278320224585, 23.014413877153103 ], [ 72.730366376682639, 23.014428580433194 ], [ 72.730455585657737, 23.01443514647222 ], [ 72.730545061756075, 23.014433510103821 ], [ 72.730633916932689, 23.014423687568552 ], [ 72.730721269305221, 23.014405776352739 ], [ 72.7308062519065, 23.014379954220946 ], [ 72.730888021289232, 23.01434647745187 ], [ 72.730965765897139, 23.014305678294885 ], [ 72.731038714119606, 23.014257961672783 ], [ 72.73110614194978, 23.014203801163156 ], [ 72.731398441949807, 23.013944302307998 ], [ 72.731458111457201, 23.013885931827147 ], [ 72.731511360579518, 23.013822518203909 ], [ 72.731557688988715, 23.013754657265146 ], [ 72.731596661383747, 23.013682986625092 ], [ 72.73162791158046, 23.013608179694582 ], [ 72.731651145952469, 23.013530939353899 ], [ 72.731666146189937, 23.013451991348667 ], [ 72.731672771350816, 23.013372077470926 ], [ 72.731670959185209, 23.013291948589334 ], [ 72.731660726720179, 23.013212357594043 ], [ 72.731642170099846, 23.013134052322563 ], [ 72.731615463681948, 23.013057768533034 ], [ 72.731580858399624, 23.012984222990902 ], [ 72.731538679403627, 23.012914106734112 ], [ 72.73104396803727, 23.012178299845115 ] ] ] } },
{ "type": "Feature", "properties": { "version": 1, "visible": null, "lon": null, "timestamp": 1549361034, "tags": { "visible": false }, "changeset": null, "lat": null, "id": 668425059, "natural": "water", "water": "pond", "wetland": null, "osm_type": "way", "grassland": null, "reef": null, "Risk": "High" }, "geometry": { "type": "Polygon", "coordinates": [ [ [ 72.731171152712207, 22.981820024671652 ], [ 72.731165052712186, 22.982276424706026 ], [ 72.731168778256617, 22.982362523411147 ], [ 72.731182214473691, 22.98244779785928 ], [ 72.731205215503678, 22.982531322337788 ], [ 72.73123753165396, 22.982612190132855 ], [ 72.731278812109622, 22.982689523372322 ], [ 72.731328608741848, 22.982762482555387 ], [ 72.731386380972609, 22.982830275665691 ], [ 72.731882180972619, 22.983353473560097 ], [ 72.731947406817142, 22.98341545446597 ], [ 72.73201929339541, 22.983470840382971 ], [ 72.73257477646662, 22.983855290468462 ], [ 72.732676226632179, 22.984315560335638 ], [ 72.732697516985567, 22.9843928316328 ], [ 72.732726789888147, 22.984467856732813 ], [ 72.732763773337808, 22.984539938511158 ], [ 72.732808123686482, 22.984608407193392 ], [ 72.732859428833351, 22.984672626578472 ], [ 72.732917212053962, 22.9847319999501 ], [ 72.732980936430025, 22.984785975621087 ], [ 72.733050009838351, 22.98483405205943 ], [ 72.733123790452865, 22.984875782548169 ], [ 72.733201592708397, 22.984910779336094 ], [ 72.733202798720669, 22.984911194786882 ], [ 72.733410853124994, 22.985334235556355 ], [ 72.73368117354822, 22.986360743459276 ], [ 72.733706213636864, 22.986438822022702 ], [ 72.733739471442476, 22.986514255696118 ], [ 72.733780624668285, 22.986586313467399 ], [ 72.73382927450416, 22.986654297040719 ], [ 72.733884949491383, 22.986717547603437 ], [ 72.733947110091435, 22.986775452210274 ], [ 72.734015153914697, 22.986827449723013 ], [ 72.734088421557971, 22.986873036248149 ], [ 72.734166202994814, 22.986911770019738 ], [ 72.734247744456241, 22.986943275680282 ], [ 72.734332255735353, 22.986967247917985 ], [ 72.734418917845247, 22.986983454425307 ], [ 72.734697017845235, 22.987022454189255 ], [ 72.734783054145325, 22.987030641949762 ], [ 72.734869546999249, 22.987031174355387 ], [ 72.734955694539622, 22.987024046470356 ], [ 72.735040698100534, 22.987009324375411 ], [ 72.735123769621723, 22.986987144555307 ], [ 72.735204138954728, 22.986957712633512 ], [ 72.735281061002837, 22.986921301466037 ], [ 72.735353822628753, 22.986878248611994 ], [ 72.735421749266138, 22.98682895320432 ], [ 72.735484211173301, 22.986773872249643 ], [ 72.735540629271682, 22.98671351639172 ], [ 72.735590480514219, 22.986648445177511 ], [ 72.735633302734612, 22.98657926186992 ], [ 72.735668698931974, 22.986506607855251 ], [ 72.735696340951407, 22.986431156697186 ], [ 72.735715972526265, 22.986353607892418 ], [ 72.735727411654025, 22.986274680385826 ], [ 72.735730552283599, 22.986195105905331 ], [ 72.735725365298464, 22.986115622178165 ], [ 72.73571189878669, 22.9860369660915 ], [ 72.735336998786707, 22.984372764022471 ], [ 72.735318335197846, 22.984304619469555 ], [ 72.735293454477286, 22.984238179709486 ], [ 72.734925347265616, 22.983375978065634 ], [ 72.734751352710191, 22.981980770461476 ], [ 72.734736962686554, 22.981900480770815 ], [ 72.734714071372139, 22.981821881675607 ], [ 72.734682900397715, 22.981745734165845 ], [ 72.734643751556661, 22.981672775496751 ], [ 72.734597003883081, 22.981603712050568 ], [ 72.734543109981956, 22.981539212497218 ], [ 72.734482591647179, 22.981479901320107 ], [ 72.734416034809541, 22.98142635276966 ], [ 72.734344083863817, 22.981379085303242 ], [ 72.734267435429885, 22.981338556565241 ], [ 72.734186831608099, 22.981305158955941 ], [ 72.733431131608114, 22.981032357401254 ], [ 72.733345353070888, 22.981005896581792 ], [ 72.733257118688186, 22.98098751267246 ], [ 72.733167323307214, 22.980977392120803 ], [ 72.733076877606436, 22.98097563756836 ], [ 72.732043077606434, 22.981003537739078 ], [ 72.731957509484303, 22.981009622968031 ], [ 72.731872962638874, 22.981023198006696 ], [ 72.731790208768501, 22.981044138947148 ], [ 72.731710003206217, 22.981072254648332 ], [ 72.731633078025411, 22.981107288480796 ], [ 72.731560135357967, 22.981148920669227 ], [ 72.731491840985527, 22.981196771211405 ], [ 72.731428818262515, 22.981250403346838 ], [ 72.731371642426595, 22.981309327543535 ], [ 72.731320835348214, 22.981373005966429 ], [ 72.731276860767167, 22.98144085738668 ], [ 72.73124012005988, 22.981512262487055 ], [ 72.731210948575864, 22.981586569514914 ], [ 72.731189612576784, 22.981663100231295 ], [ 72.731176306806248, 22.981741156101609 ], [ 72.731171152712207, 22.981820024671652 ] ] ] } },
{ "type": "Feature", "properties": { "version": 1, "visible": null, "lon": null, "timestamp": 1549361611, "tags": { "visible": false }, "changeset": null, "lat": null, "id": 668426256, "natural": "water", "water": "pond", "wetland": null, "osm_type": "way", "grassland": null, "reef": null, "Risk": "High" }, "geometry": { "type": "Polygon", "coordinates": [ [ [ 72.691340332894214, 22.980216128344406 ], [ 72.692410532894215, 22.980327127669245 ], [ 72.692501446329402, 22.980332278791533 ], [ 72.692592459015117, 22.980328927672005 ], [ 72.692682635239109, 22.980317108763298 ], [ 72.692771047888812, 22.980296943574821 ], [ 72.692856787983231, 22.98026863942361 ], [ 72.692938974018233, 22.980232487303009 ], [ 72.693016761029341, 22.980188858891161 ], [ 72.693089349279063, 22.980138202729982 ], [ 72.693155992478879, 22.980081039613907 ], [ 72.693216005462133, 22.98001795723593 ], [ 72.693811405462128, 22.979324059868738 ], [ 72.693862890589642, 22.979257552049599 ], [ 72.693906999568469, 22.979186693429565 ], [ 72.693943302257907, 22.979112174999468 ], [ 72.693971444642386, 22.97903472344063 ], [ 72.6939911522838, 22.978955094038614 ], [ 72.694002232997718, 22.97887406331807 ], [ 72.69400457872753, 22.978792421470295 ], [ 72.693998166598234, 22.978710964647622 ], [ 72.693983059139427, 22.97863048719946 ], [ 72.693959403675649, 22.978551773926 ], [ 72.693650403675647, 22.977691372272812 ], [ 72.693617938746399, 22.977614172369417 ], [ 72.69357725356889, 22.977540347215907 ], [ 72.693528755781401, 22.977470636497131 ], [ 72.693472931299382, 22.977405738674804 ], [ 72.692990531299387, 22.976899236630999 ], [ 72.692929322699669, 22.976840992491113 ], [ 72.692862216175826, 22.976788543375555 ], [ 72.692789856101939, 22.976742392921224 ], [ 72.692712937297998, 22.9767029842833 ], [ 72.69263219835814, 22.976670695879687 ], [ 72.692548414558388, 22.976645837757129 ], [ 72.692462390412302, 22.976628648613854 ], [ 72.69237495194588, 22.976619293507394 ], [ 72.691922751945881, 22.976591493337622 ], [ 72.691837491259307, 22.97658998650601 ], [ 72.691752459545199, 22.976595929677018 ], [ 72.691668423072088, 22.976609269292396 ], [ 72.691586139139886, 22.976629885139218 ], [ 72.691506349255363, 22.976657591433217 ], [ 72.691429772449993, 22.976692138493139 ], [ 72.69135709880041, 22.976733214990894 ], [ 72.691288983209759, 22.976780450757303 ], [ 72.69122603950585, 22.976833420118115 ], [ 72.691168834909831, 22.976891645730202 ], [ 72.691117884924438, 22.976954602883406 ], [ 72.691073648688644, 22.977021724229242 ], [ 72.69103652484003, 22.977092404893799 ], [ 72.69042612484003, 22.978410808057895 ], [ 72.690396624544064, 22.978483899739341 ], [ 72.690374732205981, 22.978559224324979 ], [ 72.690360642428857, 22.978636112244264 ], [ 72.690354480458026, 22.978713880031147 ], [ 72.690356301067823, 22.978791836399484 ], [ 72.690366088074697, 22.978869288388022 ], [ 72.690383754481019, 22.978945547520162 ], [ 72.690572154481018, 22.979604746493447 ], [ 72.690599349685115, 22.979683627648022 ], [ 72.690634971878623, 22.979759611535808 ], [ 72.690678664353456, 22.979831937286331 ], [ 72.690729989588476, 22.979899880661353 ], [ 72.690788433630786, 22.979962761306862 ], [ 72.690853411242301, 22.980019949565634 ], [ 72.690924271759997, 22.980070872782083 ], [ 72.691000305611553, 22.980115021036344 ], [ 72.691080751420643, 22.980151952250132 ], [ 72.691164803631182, 22.980181296613285 ], [ 72.691251620573837, 22.980202760286677 ], [ 72.691340332894214, 22.980216128344406 ] ] ] } },
{ "type": "Feature", "properties": { "version": 1, "visible": null, "lon": null, "timestamp": 1549361611, "tags": { "visible": false }, "changeset": null, "lat": null, "id": 668426258, "natural": "water", "water": "pond", "wetland": null, "osm_type": "way", "grassland": null, "reef": null, "Risk": "High" }, "geometry": { "type": "Polygon", "coordinates": [ [ [ 72.679124510754505, 22.977913606180017 ], [ 72.679590910754513, 22.978066705297401 ], [ 72.679675505660995, 22.978090225828339 ], [ 72.679762201369826, 22.978105980409222 ], [ 72.679850158934485, 22.978113816587129 ], [ 72.679938527197507, 22.978113658533456 ], [ 72.68002645102716, 22.978105507777631 ], [ 72.680113079592488, 22.978089443192363 ], [ 72.680197574596647, 22.97806562023041 ], [ 72.68080847459666, 22.977862621399058 ], [ 72.680886694930393, 22.977832721292099 ], [ 72.680961509037587, 22.977796172020714 ], [ 72.681032251894294, 22.977753298466784 ], [ 72.681098294666, 22.977704481728271 ], [ 72.681159050297339, 22.977650155731826 ], [ 72.681213978730426, 22.977590803375897 ], [ 72.681262591705419, 22.97752695223835 ], [ 72.681304457100737, 22.977459169887133 ], [ 72.68133920277414, 22.977388058835327 ], [ 72.681366519870707, 22.977314251185593 ], [ 72.681386165568298, 22.977238403011576 ], [ 72.681487365568302, 22.976745803571873 ], [ 72.681498656860398, 22.976673470676282 ], [ 72.681502968921947, 22.976600502470991 ], [ 72.681500268088143, 22.976527468627157 ], [ 72.681490575444727, 22.976454939329273 ], [ 72.681421875444727, 22.976078838947537 ], [ 72.681402908105454, 22.975999220999149 ], [ 72.681375520296868, 22.975921708628928 ], [ 72.681339978042772, 22.975847054735858 ], [ 72.68129662657293, 22.975775984454959 ], [ 72.681245886969705, 22.975709188113697 ], [ 72.68118825207803, 22.975647314526441 ], [ 72.681124281718297, 22.975590964692117 ], [ 72.680961581718293, 22.975461164091772 ], [ 72.680887215652575, 22.975407858462066 ], [ 72.68080719276692, 22.975362019536558 ], [ 72.680722393896673, 22.975324151885541 ], [ 72.680633752447775, 22.975294672336176 ], [ 72.680542244122591, 22.975273905384064 ], [ 72.680448876180023, 22.975262079621171 ], [ 72.679935576180029, 22.975222179377855 ], [ 72.679847270232798, 22.975219330264014 ], [ 72.679759087447295, 22.975224482187393 ], [ 72.679671881000601, 22.975237585301702 ], [ 72.679586494623564, 22.975258512830763 ], [ 72.679503754437718, 22.975287062295102 ], [ 72.679424460962451, 22.975322957471143 ], [ 72.679091960962467, 22.975492658379473 ], [ 72.679012910075059, 22.975538092535842 ], [ 72.678939397041063, 22.97559082211751 ], [ 72.678872212984402, 22.975650279657273 ], [ 72.67881208091859, 22.975715825283537 ], [ 72.678759647965805, 22.975786753606766 ], [ 72.678575247965796, 22.97606635449489 ], [ 72.678533967682938, 22.976136333360031 ], [ 72.678500188845376, 22.976209642943559 ], [ 72.678474224615897, 22.976285603589325 ], [ 72.678456315708189, 22.976363511064225 ], [ 72.678394915708182, 22.976712911405752 ], [ 72.67838510485474, 22.976793843153157 ], [ 72.678383986629655, 22.97687527082542 ], [ 72.678391571874272, 22.976956404968501 ], [ 72.678407787048513, 22.977036458975583 ], [ 72.678432474943747, 22.977114656713315 ], [ 72.678465396207002, 22.977190240046422 ], [ 72.678609896207021, 22.977479839306536 ], [ 72.678651278958142, 22.977552935796492 ], [ 72.67870035958228, 22.977621876611707 ], [ 72.678756650524718, 22.977685976918117 ], [ 72.678819592605208, 22.977744599966531 ], [ 72.678888560572773, 22.977797163417634 ], [ 72.678962869316777, 22.977843145126535 ], [ 72.679041780672605, 22.977882088329277 ], [ 72.679124510754505, 22.977913606180017 ] ] ] } },
{ "type": "Feature", "properties": { "version": 1, "visible": null, "lon": null, "timestamp": 1551430440, "tags": { "visible": false }, "changeset": null, "lat": null, "id": 673827810, "natural": "water", "water": "pond", "wetland": null, "osm_type": "way", "grassland": null, "reef": null, "Risk": "High" }, "geometry": { "type": "Polygon", "coordinates": [ [ [ 72.703445359375166, 23.101186833092854 ], [ 72.703315466299102, 23.10122575247761 ], [ 72.703228975893225, 23.101256288576426 ], [ 72.703146364589685, 23.10129485584007 ], [ 72.70306851101887, 23.101341044071333 ], [ 72.702996243209341, 23.101394362017682 ], [ 72.70293032978104, 23.101454242596414 ], [ 72.702871471770536, 23.101520048926329 ], [ 72.702820295174931, 23.101591081101777 ], [ 72.702777344294034, 23.101666583636984 ], [ 72.702743075941243, 23.101745753501536 ], [ 72.702673975941238, 23.101932953871781 ], [ 72.702650231055372, 23.102009090052579 ], [ 72.702634520857274, 23.102086967621538 ], [ 72.702626989709984, 23.102165870949342 ], [ 72.702627706818149, 23.102245074982068 ], [ 72.702636665592195, 23.102323851903876 ], [ 72.702653783708783, 23.102401477824962 ], [ 72.702678903867394, 23.102477239433441 ], [ 72.702711795235629, 23.102550440549958 ], [ 72.702752155570565, 23.102620408524839 ], [ 72.702799613995893, 23.102686500418972 ], [ 72.702977713995892, 23.102910399605626 ], [ 72.703031625797976, 23.102971792448326 ], [ 72.703091659384782, 23.103028174428445 ], [ 72.703157267107954, 23.103079031215518 ], [ 72.703227850469801, 23.103123898881822 ], [ 72.703302765583047, 23.103162368134246 ], [ 72.703381329044575, 23.103194088047818 ], [ 72.703462824169691, 23.103218769266732 ], [ 72.703606216212322, 23.103255315204709 ], [ 72.703735268538352, 23.103317703194062 ], [ 72.703817620181439, 23.103352752451332 ], [ 72.703903395867243, 23.10337998133096 ], [ 72.703991720395322, 23.10339911201164 ], [ 72.704081692558404, 23.103409949299586 ], [ 72.704172394337874, 23.103412382620014 ], [ 72.70426290027055, 23.103406387145341 ], [ 72.704942400270554, 23.103329487614886 ], [ 72.705034407553256, 23.103314572874837 ], [ 72.705124233146535, 23.103290949326194 ], [ 72.705210905487633, 23.103258872479145 ], [ 72.705293487119647, 23.103218689274229 ], [ 72.705371084831256, 23.103170834330029 ], [ 72.705442859317728, 23.103115825242586 ], [ 72.705639159317698, 23.102948725997063 ], [ 72.705699595610184, 23.102892087053991 ], [ 72.705753845646058, 23.102830376299671 ], [ 72.70580140896773, 23.102764163010356 ], [ 72.705841846802727, 23.102694057998644 ], [ 72.705874786111295, 23.102620707978964 ], [ 72.705899923027701, 23.102544789601822 ], [ 72.705917025663425, 23.102467003211878 ], [ 72.705925936246402, 23.102388066387359 ], [ 72.705926572576274, 23.102308707320521 ], [ 72.705918928782921, 23.102229658100093 ], [ 72.705903075380462, 23.102151647957747 ], [ 72.705879158616824, 23.102075396540876 ], [ 72.705847399124607, 23.102001607273777 ], [ 72.70564019912463, 23.101580506205654 ], [ 72.705597530065063, 23.101504521895027 ], [ 72.705546550840836, 23.101433001298965 ], [ 72.705487807577185, 23.10136671060398 ], [ 72.70542192957312, 23.101306359970746 ], [ 72.705349622560064, 23.101252595925992 ], [ 72.705271661141481, 23.101205994436107 ], [ 72.704970061141466, 23.101045493581488 ], [ 72.704895894522977, 23.101010151449437 ], [ 72.704818479669655, 23.100981298530563 ], [ 72.704738485906176, 23.10095918428993 ], [ 72.704656604854392, 23.100943999929441 ], [ 72.704278704854403, 23.100890599604757 ], [ 72.704192812053279, 23.100882325552451 ], [ 72.704106452390391, 23.100881676417075 ], [ 72.704020424051961, 23.100888658198411 ], [ 72.703935522161942, 23.100903206365615 ], [ 72.703852531432986, 23.100925186453612 ], [ 72.703772218913713, 23.100954395306079 ], [ 72.703695326899108, 23.100990562953164 ], [ 72.703622566069953, 23.101033355106999 ], [ 72.703554608924122, 23.101082376251451 ], [ 72.703492083561088, 23.101137173298056 ], [ 72.703445359375166, 23.101186833092854 ] ] ] } },
{ "type": "Feature", "properties": { "version": 1, "visible": null, "lon": null, "timestamp": 1551446951, "tags": { "visible": false }, "changeset": null, "lat": null, "id": 673883035, "natural": "water", "water": "pond", "wetland": null, "osm_type": "way", "grassland": null, "reef": null, "Risk": "High" }, "geometry": { "type": "Polygon", "coordinates": [ [ [ 72.468586848207707, 23.200014692236522 ], [ 72.469393148207686, 23.200206291090804 ], [ 72.469478771084695, 23.200222597189409 ], [ 72.469565713149862, 23.200231174613588 ], [ 72.469653150630748, 23.200231942094103 ], [ 72.46974025506087, 23.200224892359227 ], [ 72.469826201129408, 23.20021009220369 ], [ 72.469910174500953, 23.200187681855798 ], [ 72.469991379531322, 23.200157873648898 ], [ 72.470069046806259, 23.200120950009662 ], [ 72.470142440431601, 23.200077260782297 ], [ 72.470210865005768, 23.200027219913995 ], [ 72.470273672208833, 23.19997130153304 ], [ 72.470330266945169, 23.199910035456735 ], [ 72.470380112981985, 23.199844002171648 ], [ 72.470422738030209, 23.199773827333825 ], [ 72.470457738219238, 23.199700175840931 ], [ 72.470484781923815, 23.19962374553263 ], [ 72.47091508192382, 23.198170647889594 ], [ 72.470934668823119, 23.198088010411094 ], [ 72.470944955821793, 23.198003964727704 ], [ 72.470945834987305, 23.197919392656196 ], [ 72.470937297095304, 23.197835181537929 ], [ 72.470919431726529, 23.197752214928766 ], [ 72.470892426326799, 23.19767136332862 ], [ 72.470856564240393, 23.197593475047917 ], [ 72.470812221737148, 23.197519367306821 ], [ 72.470759864064561, 23.197449817660594 ], [ 72.470334064064559, 23.196941915746027 ], [ 72.470273590214816, 23.196877024165619 ], [ 72.470206144270279, 23.196818224284822 ], [ 72.47013244846498, 23.196766145761131 ], [ 72.470053291958592, 23.196721346277187 ], [ 72.469969522385838, 23.196684305568585 ], [ 72.469882036779708, 23.19665542028638 ], [ 72.469791771965731, 23.196634999749346 ], [ 72.469699694530149, 23.196623262631423 ], [ 72.469278394530136, 23.19658986242591 ], [ 72.46918657739802, 23.196586917544376 ], [ 72.469094913213624, 23.196592608016637 ], [ 72.46900436075488, 23.196606874321102 ], [ 72.46891586717139, 23.196629567234083 ], [ 72.468830358077668, 23.196660449390794 ], [ 72.468748727871301, 23.196699197768247 ], [ 72.468671830378071, 23.196745407064224 ], [ 72.468237030378077, 23.197036908518673 ], [ 72.468173668876702, 23.197083561225963 ], [ 72.468115148452711, 23.197135281303954 ], [ 72.468061947066303, 23.197191646328001 ], [ 72.46782184706629, 23.197470547396804 ], [ 72.467771333343563, 23.197535437160163 ], [ 72.467727869628419, 23.197604505381349 ], [ 72.467691861792446, 23.197677107083557 ], [ 72.467663646082968, 23.1977525642945 ], [ 72.467643485983103, 23.197830172377635 ], [ 72.467631569751305, 23.197909206612319 ], [ 72.467604369751299, 23.198188206766108 ], [ 72.467600829762503, 23.198270168755631 ], [ 72.467606154960279, 23.198352049089159 ], [ 72.467620292789334, 23.198433039676203 ], [ 72.467643103720945, 23.198512341208783 ], [ 72.467674362630021, 23.198589171049846 ], [ 72.46771376101691, 23.198662770957121 ], [ 72.467760910052021, 23.198732414566113 ], [ 72.467815344413253, 23.198797414558523 ], [ 72.467851465689293, 23.198836378262808 ], [ 72.467921046645998, 23.199322909916784 ], [ 72.467936964081488, 23.199403235318936 ], [ 72.467961434857884, 23.199481723006478 ], [ 72.467994219695058, 23.19955760551516 ], [ 72.468034998016407, 23.199630140855863 ], [ 72.468083371083424, 23.19969861976967 ], [ 72.468138865894687, 23.199762372662946 ], [ 72.468200939810956, 23.199820776154464 ], [ 72.468268985861215, 23.199873259170694 ], [ 72.468342338677687, 23.199919308529577 ], [ 72.468420281002039, 23.199958473958212 ], [ 72.468502050698802, 23.199990372495495 ], [ 72.468586848207707, 23.200014692236522 ] ] ] } },
{ "type": "Feature", "properties": { "version": 1, "visible": null, "lon": null, "timestamp": 1552869292, "tags": { "visible": false, "intermittent": "no", "salt": "no" }, "changeset": null, "lat": null, "id": 677535844, "natural": "water", "water": "pond", "wetland": null, "osm_type": "way", "grassland": null, "reef": null, "Risk": "High" }, "geometry": { "type": "Polygon", "coordinates": [ [ [ 72.578136334542052, 23.185565340162775 ], [ 72.578144172731925, 23.185623303595928 ], [ 72.578164737648024, 23.185705552351948 ], [ 72.578176337648017, 23.18574305228864 ], [ 72.578204994031552, 23.185820779976428 ], [ 72.578241902388925, 23.1858955089216 ], [ 72.578286698146727, 23.185966500972132 ], [ 72.578338938821361, 23.186033054889176 ], [ 72.578398108389862, 23.186094513273481 ], [ 72.578463622387019, 23.186150269058778 ], [ 72.578534833678589, 23.186199771507976 ], [ 72.578611038853637, 23.186242531652919 ], [ 72.578691485172598, 23.186278127124062 ], [ 72.57877537800276, 23.186306206322257 ], [ 72.578861888667447, 23.186326491891595 ], [ 72.578950162631529, 23.186338783458833 ], [ 72.57903159966969, 23.186342597650533 ], [ 72.579084220238002, 23.186353972883111 ], [ 72.5791708072842, 23.186364676614588 ], [ 72.579258115961665, 23.186367597957453 ], [ 72.579345320442272, 23.186362709280068 ], [ 72.579462020442278, 23.18635090935247 ], [ 72.57950341369795, 23.186345826268916 ], [ 72.579859513697954, 23.186294326582956 ], [ 72.579951544012346, 23.186276434108688 ], [ 72.580041034344092, 23.186249793384768 ], [ 72.58012700342934, 23.18621469652231 ], [ 72.580208508614831, 23.18617152835284 ], [ 72.580284656194067, 23.186120762208926 ], [ 72.580354611206843, 23.186062954734343 ], [ 72.580383811206829, 23.186036154851411 ], [ 72.580444169966114, 23.18597491422889 ], [ 72.580497567770507, 23.185908434725615 ], [ 72.580543469854106, 23.185837382110208 ], [ 72.580581416518825, 23.185762467950436 ], [ 72.580611027738158, 23.185684442487368 ], [ 72.580630927738156, 23.185622142595712 ], [ 72.580650536662816, 23.185548353478907 ], [ 72.580662686484487, 23.185473220186257 ], [ 72.580667274397683, 23.185397378454713 ], [ 72.580664261581887, 23.185321470016767 ], [ 72.58065367352998, 23.18524613717042 ], [ 72.580635599832561, 23.185172017344399 ], [ 72.580610193419773, 23.185099737704505 ], [ 72.580585693419778, 23.185039637574327 ], [ 72.580543813368308, 23.184952547962379 ], [ 72.580520607635819, 23.184910957130228 ], [ 72.580481543697886, 23.184811892362447 ], [ 72.580445855442761, 23.184734063052481 ], [ 72.580401705311118, 23.184659991877421 ], [ 72.580349555181485, 23.184590453742956 ], [ 72.580289950624731, 23.18452617613293 ], [ 72.580223515196522, 23.184467831498399 ], [ 72.580150943913992, 23.184416030222437 ], [ 72.580072995984779, 23.184371314234241 ], [ 72.579990486864531, 23.184334151339396 ], [ 72.579904279726037, 23.18430493032557 ], [ 72.579829579726024, 23.184283530199465 ], [ 72.579746883573094, 23.184263752376346 ], [ 72.579662517286209, 23.184251286788392 ], [ 72.579577244221468, 23.184246246227765 ], [ 72.579491835939663, 23.1842486763029 ], [ 72.579407065224984, 23.184258555025785 ], [ 72.579323699092882, 23.184275793010922 ], [ 72.579242491849953, 23.184300234284194 ], [ 72.57916417826894, 23.184331657694194 ], [ 72.5791581123041, 23.184334414469429 ], [ 72.579100537367069, 23.184339359594468 ], [ 72.578979137367071, 23.184356459698801 ], [ 72.578894810863815, 23.18437216967865 ], [ 72.578812506179304, 23.18439522362937 ], [ 72.578732978365039, 23.18442541005356 ], [ 72.578656956997932, 23.184462452020512 ], [ 72.578585139487231, 23.18450600970694 ], [ 72.578518184676639, 23.184555683514631 ], [ 72.578456706800068, 23.184611017736575 ], [ 72.578381906800047, 23.1846851180477 ], [ 72.578315783846108, 23.184758735660278 ], [ 72.578277283846106, 23.184807035836492 ], [ 72.578225450632772, 23.184879815313494 ], [ 72.578182233857689, 23.184957203265707 ], [ 72.578148113107432, 23.185038340893897 ], [ 72.578123467027822, 23.185122327789053 ], [ 72.578108569122136, 23.185208231924701 ], [ 72.578103584715876, 23.1852951 ], [ 72.578103584715876, 23.1853477 ], [ 72.578108014611914, 23.185429606242263 ], [ 72.57812126060945, 23.185510704620437 ], [ 72.578136334542052, 23.185565340162775 ] ] ] } },
{ "type": "Feature", "properties": { "version": 1, "visible": null, "lon": null, "timestamp": 1560636474, "tags": { "visible": false }, "changeset": null, "lat": null, "id": 697465539, "natural": "water", "water": "pond", "wetland": null, "osm_type": "way", "grassland": null, "reef": null, "Risk": "High" }, "geometry": { "type": "Polygon", "coordinates": [ [ [ 72.56925056771918, 22.993847187123631 ], [ 72.569225367719184, 22.992859286981592 ], [ 72.569218933986988, 22.992778030037236 ], [ 72.569203845540258, 22.992697750205743 ], [ 72.569180248836204, 22.992619226731954 ], [ 72.56914837291805, 22.992543221813786 ], [ 72.56910852719183, 22.992470473203738 ], [ 72.569061098423248, 22.992401687047654 ], [ 72.569006546983289, 22.992337531030248 ], [ 72.568945402379754, 22.992278627893903 ], [ 72.568878258117451, 22.992225549393712 ], [ 72.568805765937441, 22.992178810747401 ], [ 72.568728629490622, 22.992138865634075 ], [ 72.568647597507962, 22.992106101790252 ], [ 72.568563456532672, 22.992080837246061 ], [ 72.568477023285666, 22.992063317238014 ], [ 72.568389136737949, 22.992053711828476 ], [ 72.568300649967142, 22.99205211425479 ], [ 72.564797949967129, 22.992147814840624 ], [ 72.564710315463358, 22.992154170333507 ], [ 72.564623775337367, 22.992168380290121 ], [ 72.564539158289122, 22.99219030863485 ], [ 72.564457274603384, 22.992219745380261 ], [ 72.564378908390481, 22.992256408638092 ], [ 72.5643048100778, 22.99229994731877 ], [ 72.564235689223651, 22.992349944493625 ], [ 72.56417220772272, 22.992405921387622 ], [ 72.564114973467809, 22.992467341964282 ], [ 72.564064534528669, 22.992533618059053 ], [ 72.564021373903714, 22.992604115011726 ], [ 72.563985904895006, 22.992678157744155 ], [ 72.563958467150343, 22.99275503722501 ], [ 72.563939323410949, 22.992834017259522 ], [ 72.563928656995458, 22.992914341539432 ], [ 72.563926570044416, 22.99299524088541 ], [ 72.563953370044416, 22.993973840734366 ], [ 72.563959924403179, 22.99405485084618 ], [ 72.563975081607424, 22.994134878037567 ], [ 72.563998695388321, 22.994213150039055 ], [ 72.564030537870067, 22.994288911520218 ], [ 72.56407030176895, 22.994361431378579 ], [ 72.564117603358582, 22.994430009794673 ], [ 72.564171986173065, 22.994493984985095 ], [ 72.564232925411702, 22.99455273958862 ], [ 72.564299833003631, 22.994605706623524 ], [ 72.564372063282661, 22.99465237495869 ], [ 72.564448919217966, 22.994692294245883 ], [ 72.564529659140675, 22.994725079265383 ], [ 72.564613503900915, 22.994750413643146 ], [ 72.564699644386778, 22.994768052903659 ], [ 72.56478724933234, 22.994777826829012 ], [ 72.564875473339484, 22.994779641101363 ], [ 72.568376573339521, 22.994693241630344 ], [ 72.568464290929285, 22.994687110424358 ], [ 72.568550936459104, 22.994673110656937 ], [ 72.568635679010015, 22.994651376581551 ], [ 72.568717705912348, 22.994622116621382 ], [ 72.568796230539164, 22.994585611370727 ], [ 72.568870499849851, 22.994542210904296 ], [ 72.568939801611734, 22.9944923314203 ], [ 72.569003471230275, 22.994436451249378 ], [ 72.569060898122373, 22.994375106267746 ], [ 72.569111531571863, 22.994308884758492 ], [ 72.569154886010807, 22.994238421770287 ], [ 72.569190545675951, 22.994164393027603 ], [ 72.569218168595938, 22.99408750845085 ], [ 72.569237489870645, 22.994008505348539 ], [ 72.569248324211685, 22.993928141346721 ], [ 72.56925056771918, 22.993847187123631 ] ] ] } },
{ "type": "Feature", "properties": { "version": 1, "visible": null, "lon": null, "timestamp": 1560636474, "tags": { "visible": false }, "changeset": null, "lat": null, "id": 697465540, "natural": "water", "water": "pond", "wetland": null, "osm_type": "way", "grassland": null, "reef": null, "Risk": "High" }, "geometry": { "type": "Polygon", "coordinates": [ [ [ 72.564846127241339, 22.993731668030382 ], [ 72.568348827241337, 22.993648268540991 ], [ 72.568437219601194, 22.993642136540043 ], [ 72.568524525105587, 22.993628014885104 ], [ 72.568609893648812, 22.993606041078202 ], [ 72.568692493985594, 22.993576429077553 ], [ 72.56877152182507, 22.993539467214383 ], [ 72.568846207662276, 22.993495515385565 ], [ 72.568915824270903, 22.993445001549521 ], [ 72.568979693784485, 22.99338841755938 ], [ 72.569037194296712, 22.993326314373984 ], [ 72.569087765917189, 22.993259296693427 ], [ 72.569130916223088, 22.993188017071311 ], [ 72.56916622505392, 22.993113169560942 ], [ 72.569193348602752, 22.993035482957549 ], [ 72.569212022763821, 22.992955713702052 ], [ 72.569222065704267, 22.992874638515698 ], [ 72.569223379634593, 22.992793046837125 ], [ 72.569186479634595, 22.991809846629213 ], [ 72.569179165687629, 22.991729317580624 ], [ 72.569163348490193, 22.991649830136794 ], [ 72.569139179084132, 22.991572143343102 ], [ 72.569106888268379, 22.991496999051382 ], [ 72.569066784394934, 22.991425114835629 ], [ 72.569019250424418, 22.991357177139591 ], [ 72.568964740269024, 22.991293834721532 ], [ 72.568903774458136, 22.991235692458837 ], [ 72.568836935167482, 22.991183305571674 ], [ 72.568764860660011, 22.99113717432078 ], [ 72.568688239190863, 22.991097739230131 ], [ 72.568607802435096, 22.991065376879977 ], [ 72.568524318500806, 22.991040396310623 ], [ 72.568438584594205, 22.991023036071109 ], [ 72.568351419407023, 22.991013461941101 ], [ 72.568263655298594, 22.991011765347704 ], [ 72.564777755298579, 22.991101265895587 ], [ 72.564690358278114, 22.991107448169657 ], [ 72.564604031839735, 22.991121442166985 ], [ 72.564519597916259, 22.991143114645276 ], [ 72.564437860421449, 22.991172259252522 ], [ 72.564359597595768, 22.991208598491838 ], [ 72.564285554596623, 22.991251786363765 ], [ 72.564216436403498, 22.991301411660828 ], [ 72.564152901105771, 22.991357001882964 ], [ 72.564095553636818, 22.99141802773655 ], [ 72.564044940014355, 22.991483908174192 ], [ 72.564001542141753, 22.99155401592731 ], [ 72.56396577321955, 22.991627683478665 ], [ 72.563937973811449, 22.991704209418238 ], [ 72.563918408601666, 22.991782865121685 ], [ 72.563907263874796, 22.991862901687885 ], [ 72.563904645742255, 22.991943557069494 ], [ 72.563924745742256, 22.992920656956198 ], [ 72.563930783206288, 22.99300197742382 ], [ 72.563945488098923, 22.993082355651829 ], [ 72.563968717553664, 22.993161010721803 ], [ 72.564000245882966, 22.993237178458092 ], [ 72.564039766770946, 22.993310118852076 ], [ 72.564086896249407, 22.993379123251589 ], [ 72.564141176428336, 22.99344352124567 ], [ 72.564202079944508, 22.993502687177717 ], [ 72.564269015085159, 22.993556046223844 ], [ 72.564341331536852, 22.993603079977358 ], [ 72.564418326703617, 22.993643331485064 ], [ 72.564499252533025, 22.993676409686593 ], [ 72.564583322784017, 22.993701993213534 ], [ 72.564669720665705, 22.993719833511516 ], [ 72.564757606772872, 22.99372975725484 ], [ 72.564846127241339, 22.993731668030382 ] ] ] } },
{ "type": "Feature", "properties": { "version": 1, "visible": null, "lon": null, "timestamp": 1567610211, "tags": { "visible": false }, "changeset": null, "lat": null, "id": 721958902, "natural": "water", "water": "pond", "wetland": null, "osm_type": "way", "grassland": null, "reef": null, "Risk": "High" }, "geometry": { "type": "Polygon", "coordinates": [ [ [ 72.687809915377443, 23.023774792501349 ], [ 72.68807391537743, 23.024071891348008 ], [ 72.688137491434276, 23.024136214897599 ], [ 72.688208056531508, 23.024194037155574 ], [ 72.688284830080903, 23.024244718503247 ], [ 72.68836696281663, 23.024287698313966 ], [ 72.688453546189734, 23.024322501154405 ], [ 72.688890246189743, 23.024473400288112 ], [ 72.688979650437261, 23.024499480375866 ], [ 72.689071521939226, 23.024516839453554 ], [ 72.689164859278307, 23.024525288307242 ], [ 72.689258645059283, 23.024524734844452 ], [ 72.68935185699884, 23.024515185097908 ], [ 72.689443479068629, 23.024496743159844 ], [ 72.689871579068637, 23.02438874379855 ], [ 72.689957954279066, 23.024362560722516 ], [ 72.690041010545357, 23.024328474603596 ], [ 72.69011989668499, 23.024286834759501 ], [ 72.690193804251976, 23.024238067919566 ], [ 72.69026197582204, 23.024182673851801 ], [ 72.69032371275496, 23.024121220241433 ], [ 72.690378382354353, 23.024054336873473 ], [ 72.690716682354349, 23.023593638455328 ], [ 72.690760388448851, 23.02352767162072 ], [ 72.690797212611912, 23.023458237788255 ], [ 72.690826833238049, 23.023385943356445 ], [ 72.690848991634283, 23.023311419707792 ], [ 72.69086349427927, 23.023235317694681 ], [ 72.690870214513509, 23.023158301955252 ], [ 72.690894314513514, 23.022494302091182 ], [ 72.690893027880861, 23.022414571123161 ], [ 72.690883401585467, 23.02233532502051 ], [ 72.690865525172867, 23.022257300946158 ], [ 72.690839564932645, 23.022181224696737 ], [ 72.690805762351602, 23.02210780395102 ], [ 72.690764431867393, 23.022037721686793 ], [ 72.690715957943581, 23.021971629827515 ], [ 72.690660791493258, 23.021910143177784 ], [ 72.690415691493257, 23.021662342154944 ], [ 72.690356811064319, 23.021608094754061 ], [ 72.690292723288948, 23.021559101088886 ], [ 72.690223979407889, 23.021515782576529 ], [ 72.690151170710678, 23.021478511819875 ], [ 72.690074923449629, 23.021447609402507 ], [ 72.689995893453371, 23.02142334113109 ], [ 72.689914760485806, 23.0214059157489 ], [ 72.689832222399133, 23.021395483140246 ], [ 72.689221222399127, 23.021344682830026 ], [ 72.689126171309468, 23.02134143347061 ], [ 72.689031279741727, 23.02134745213322 ], [ 72.688937611552234, 23.021362671339684 ], [ 72.688846216881785, 23.021386920460081 ], [ 72.68849761688179, 23.021498121104315 ], [ 72.688403321682088, 23.02153383772783 ], [ 72.688314031919262, 23.021579159443036 ], [ 72.688230898067488, 23.021633502282683 ], [ 72.688092798067487, 23.021735102769298 ], [ 72.688026110561367, 23.021789360766206 ], [ 72.687965584630277, 23.021849426391327 ], [ 72.687911814508382, 23.021914709922395 ], [ 72.687865328102333, 23.021984570408815 ], [ 72.68782658180838, 23.022058321964682 ], [ 72.687795956031593, 23.02213524050298 ], [ 72.687773751451076, 23.022214570844756 ], [ 72.687760186067905, 23.022295534133551 ], [ 72.687751564246142, 23.02237197480153 ], [ 72.687633724582014, 23.022567198785058 ], [ 72.687594943553762, 23.022639552781612 ], [ 72.687564009622463, 23.022715041053608 ], [ 72.687541217357236, 23.022792944757537 ], [ 72.687526783797964, 23.022872522050026 ], [ 72.687520846388537, 23.022953015152122 ], [ 72.687523461668093, 23.023033657565424 ], [ 72.687534604732562, 23.023113681371054 ], [ 72.687554169471852, 23.023192324542219 ], [ 72.687640469471859, 23.023475024073342 ], [ 72.687670003419356, 23.023555601539297 ], [ 72.687708374556252, 23.0236329606008 ], [ 72.68775517692734, 23.023706282828201 ], [ 72.687809915377443, 23.023774792501349 ] ] ] } },
{ "type": "Feature", "properties": { "version": 3, "visible": null, "lon": null, "timestamp": 1632407478, "tags": { "visible": false }, "changeset": null, "lat": null, "id": 722140661, "natural": "water", "water": "pond", "wetland": null, "osm_type": "way", "grassland": null, "reef": null, "Risk": "High" }, "geometry": { "type": "Polygon", "coordinates": [ [ [ 72.516799611066858, 23.16754660304769 ], [ 72.516791326626702, 23.167602999315488 ], [ 72.516781226626691, 23.167711999372564 ], [ 72.516778068640292, 23.167793388790265 ], [ 72.516783645404459, 23.167874668381977 ], [ 72.516797902688594, 23.167955047754308 ], [ 72.51682070184934, 23.168033745269337 ], [ 72.516851821178776, 23.168109995645494 ], [ 72.516890958060486, 23.1681830573993 ], [ 72.516937731912208, 23.168252220055685 ], [ 72.516991687886858, 23.168316811056641 ], [ 72.517052301295578, 23.168376202301253 ], [ 72.517118982710031, 23.168429816253266 ], [ 72.517191083694286, 23.168477131557022 ], [ 72.51730378369426, 23.168543631211801 ], [ 72.517377578293946, 23.168582761682401 ], [ 72.517455072900091, 23.168615289682943 ], [ 72.517535570586546, 23.168640922686826 ], [ 72.517542931176408, 23.16864256838927 ], [ 72.517668311733473, 23.168739766242449 ], [ 72.517729916947829, 23.168783470989535 ], [ 72.517795405117397, 23.168822110313947 ], [ 72.51786428484904, 23.168855394288421 ], [ 72.517936039300849, 23.168883073169379 ], [ 72.518213039300846, 23.168977172624906 ], [ 72.518299026489458, 23.169001953410394 ], [ 72.518387281559001, 23.169018689503851 ], [ 72.518476916419331, 23.169027212496939 ], [ 72.518567029095848, 23.169027436626333 ], [ 72.51865671280575, 23.16901935963671 ], [ 72.518942312805748, 23.168980259875266 ], [ 72.5190242398631, 23.168965436770797 ], [ 72.519104315944901, 23.168943684299744 ], [ 72.519330893027274, 23.16887145076781 ], [ 72.519363714321258, 23.168868554474784 ], [ 72.519979010523031, 23.169027702310132 ], [ 72.520076336565182, 23.169047591855993 ], [ 72.520175460611142, 23.169057443446217 ], [ 72.520660860611144, 23.169080743302683 ], [ 72.520773481733414, 23.169079649462432 ], [ 72.521138622654888, 23.169055001304947 ], [ 72.521688193099294, 23.169082266787576 ], [ 72.521780742006356, 23.16908246903305 ], [ 72.521872822381098, 23.169073915976348 ], [ 72.521963456863602, 23.16905669839969 ], [ 72.522051683440893, 23.169030999050662 ], [ 72.522136565657974, 23.168997090702646 ], [ 72.522217202557655, 23.168955333259706 ], [ 72.522292738243323, 23.168906169936776 ], [ 72.522362370963791, 23.1688501225556 ], [ 72.522425361623036, 23.168787786006323 ], [ 72.522736561623034, 23.16844608735946 ], [ 72.522788023915695, 23.168383813262334 ], [ 72.52283284811169, 23.1683173430417 ], [ 72.522870632241649, 23.168247272775925 ], [ 72.522901037469282, 23.168174230828107 ], [ 72.522923791130026, 23.168098872211282 ], [ 72.522938689176172, 23.168021872714636 ], [ 72.522945598006686, 23.167943922843357 ], [ 72.522944455665325, 23.167865721626477 ], [ 72.522935272396282, 23.16778797034824 ], [ 72.522869372396286, 23.167401569979035 ], [ 72.522851816150208, 23.16732348098558 ], [ 72.522826150343988, 23.167247312506206 ], [ 72.522792614240217, 23.167173774605018 ], [ 72.522751520470251, 23.167103552824276 ], [ 72.522703252119726, 23.167037301793421 ], [ 72.522648259157421, 23.166975639126264 ], [ 72.522614320214586, 23.166941126462159 ], [ 72.522621752466577, 23.166870220010491 ], [ 72.522619761382501, 23.166775063674407 ], [ 72.522594061382506, 23.166468363529109 ], [ 72.522582663870551, 23.166386296727218 ], [ 72.522562392642087, 23.166305690023215 ], [ 72.522533451121816, 23.166227352320444 ], [ 72.522496129742123, 23.166152069753803 ], [ 72.522450803028448, 23.166080597800569 ], [ 72.522397925840991, 23.166013653698837 ], [ 72.522338028809983, 23.165951909249664 ], [ 72.52227171301088, 23.165895984075188 ], [ 72.522199643932311, 23.165846439400273 ], [ 72.522122544798009, 23.165803772420279 ], [ 72.522041189308993, 23.165768411311308 ], [ 72.521956393879407, 23.165740710933139 ], [ 72.521869009443719, 23.165720949267918 ], [ 72.521779912917467, 23.165709324630377 ], [ 72.521689998397221, 23.165705953677566 ], [ 72.521600168188286, 23.165710870238122 ], [ 72.521511323749877, 23.165724024972729 ], [ 72.521424356648822, 23.165745285869306 ], [ 72.521226056648814, 23.165803686212339 ], [ 72.521145764453919, 23.165831280827675 ], [ 72.521068698595428, 23.165865785652667 ], [ 72.520995560782211, 23.165906886504846 ], [ 72.520927016956975, 23.165954209142168 ], [ 72.52086369123279, 23.166007322670801 ], [ 72.520650600305288, 23.166203976451282 ], [ 72.520435546983038, 23.166277068762014 ], [ 72.520304647744311, 23.166284484771939 ], [ 72.520218923811797, 23.166293154531715 ], [ 72.520134499199941, 23.166309341788359 ], [ 72.520052152016319, 23.166332897347758 ], [ 72.519972641221713, 23.16636360410401 ], [ 72.519934457806073, 23.166380375980633 ], [ 72.519932210227978, 23.166380008254311 ], [ 72.51920806897877, 23.166115055147984 ], [ 72.519141046042705, 23.166093314379825 ], [ 72.518755892613243, 23.165983925608597 ], [ 72.518746738982557, 23.165974819298658 ], [ 72.518678152429388, 23.16591918606192 ], [ 72.518603768103958, 23.165870253160112 ], [ 72.51852435714892, 23.165828527888429 ], [ 72.518440742817944, 23.165794442819848 ], [ 72.518353791941138, 23.16576835132037 ], [ 72.518264405938609, 23.165750523885407 ], [ 72.51817351147541, 23.165741145335375 ], [ 72.518021711475427, 23.165732645283047 ], [ 72.517933025754871, 23.165731712059355 ], [ 72.517844672183315, 23.165738823603906 ], [ 72.517757512013901, 23.165753910593512 ], [ 72.517672394866736, 23.16577682596051 ], [ 72.517527694866729, 23.165823026229702 ], [ 72.517442525449511, 23.165854795610532 ], [ 72.517361332819519, 23.165894399813897 ], [ 72.517284966956908, 23.165941424229111 ], [ 72.51721422731184, 23.165995376564819 ], [ 72.517090427311842, 23.166100077040095 ], [ 72.517035426153797, 23.166150813664775 ], [ 72.516985413912337, 23.166205741119985 ], [ 72.516940766819033, 23.166264446193214 ], [ 72.516866066819034, 23.166372346550567 ], [ 72.516825237232339, 23.166437731890458 ], [ 72.516791063524451, 23.166506267937272 ], [ 72.516763830491499, 23.16657738352237 ], [ 72.516743765087526, 23.166650485980572 ], [ 72.516731034533223, 23.166724966089422 ], [ 72.516705734533218, 23.166935166232019 ], [ 72.516700826834764, 23.166997312171247 ], [ 72.516695726834769, 23.167132212200155 ], [ 72.516697234406692, 23.167216658575388 ], [ 72.516708115140176, 23.167300521773665 ], [ 72.516728255244345, 23.167382924754083 ], [ 72.516757444093614, 23.167463005748282 ], [ 72.516795376430494, 23.167539927272685 ], [ 72.516799611066858, 23.16754660304769 ] ] ] } },
{ "type": "Feature", "properties": { "version": 1, "visible": null, "lon": null, "timestamp": 1577361609, "tags": { "visible": false }, "changeset": null, "lat": null, "id": 758691086, "natural": "water", "water": "reservoir", "wetland": null, "osm_type": "way", "grassland": null, "reef": null, "Risk": "High" }, "geometry": { "type": "Polygon", "coordinates": [ [ [ 72.68746147296693, 23.109088658821694 ], [ 72.687461917138791, 23.109089197312095 ], [ 72.687525295791062, 23.109151480931239 ], [ 72.687595319009418, 23.109207421904912 ], [ 72.687671240330246, 23.10925642389774 ], [ 72.687752250414846, 23.109297964545085 ], [ 72.687837485677079, 23.109331601021207 ], [ 72.687923185677064, 23.109360700853223 ], [ 72.688000900743305, 23.109383459370438 ], [ 72.688080539731942, 23.109399641107242 ], [ 72.688161446174632, 23.109409112679113 ], [ 72.688242953155267, 23.109411796012814 ], [ 72.688324388807473, 23.109407668989881 ], [ 72.688405081852878, 23.109396765628968 ], [ 72.688458987826138, 23.109387164623072 ], [ 72.68854488782614, 23.109371864715502 ], [ 72.688632591731476, 23.109351989058819 ], [ 72.688717682130758, 23.109324113015575 ], [ 72.688848482130766, 23.10927431329872 ], [ 72.688934115043978, 23.109236721640737 ], [ 72.689014959159095, 23.109191031922016 ], [ 72.68909011248968, 23.109137753899642 ], [ 72.689158736541984, 23.10907748199357 ], [ 72.689220065670142, 23.109010888654957 ], [ 72.68930576567017, 23.108907189041105 ], [ 72.68935980847354, 23.108833962518847 ], [ 72.689405025421507, 23.108755839312163 ], [ 72.689440897697281, 23.108673715794669 ], [ 72.689467013704345, 23.108588534240603 ], [ 72.68950761370435, 23.108422534464786 ], [ 72.689521888223965, 23.108348638741887 ], [ 72.689528813351401, 23.108273856462091 ], [ 72.689537913351401, 23.108062256513552 ], [ 72.689536687045802, 23.107975492901723 ], [ 72.689525574495022, 23.107889325981059 ], [ 72.689504698259242, 23.107804706087883 ], [ 72.689474288582318, 23.107722566498058 ], [ 72.689383988582321, 23.107515066023602 ], [ 72.689348564120351, 23.1074436893525 ], [ 72.68930593838985, 23.107375725070685 ], [ 72.689256495779901, 23.107311786070131 ], [ 72.689200682152617, 23.107252448944255 ], [ 72.689139000822564, 23.107198248788119 ], [ 72.688967600822551, 23.107061348152097 ], [ 72.688907143886581, 23.107017106883806 ], [ 72.688842777632772, 23.106977807093482 ], [ 72.688774978139094, 23.106943739462256 ], [ 72.688704246877251, 23.106915155971748 ], [ 72.688541846877257, 23.106857055638567 ], [ 72.688448542794347, 23.106828969380903 ], [ 72.688352463710828, 23.106810415669948 ], [ 72.688117963710852, 23.106777315468637 ], [ 72.688037486173513, 23.106769349228458 ], [ 72.687956555718216, 23.106768078200993 ], [ 72.687875829404845, 23.106773512705679 ], [ 72.687795962635946, 23.106785608619941 ], [ 72.687561362635947, 23.106831208894459 ], [ 72.687470843911584, 23.106853395209445 ], [ 72.687383329363342, 23.106884131211537 ], [ 72.687299770677512, 23.106923082653083 ], [ 72.687221076521865, 23.106969825945569 ], [ 72.687058676521872, 23.107077726483759 ], [ 72.686994694710748, 23.107124451930908 ], [ 72.686935592810897, 23.10717633057871 ], [ 72.686881859651905, 23.107232933335137 ], [ 72.686833939658641, 23.107293792035289 ], [ 72.68679222917558, 23.107358403313736 ], [ 72.686720029175561, 23.107482803674209 ], [ 72.686682417166026, 23.107556039014224 ], [ 72.68665278182641, 23.107632309578108 ], [ 72.686631407937114, 23.107710882440351 ], [ 72.686618500890233, 23.107791002552727 ], [ 72.686614184715864, 23.1078719 ], [ 72.686614184715864, 23.1080337 ], [ 72.686618359606342, 23.108113265391516 ], [ 72.68663084547245, 23.108192091181511 ], [ 72.686651526258871, 23.108269444691437 ], [ 72.686680209739094, 23.108344606928707 ], [ 72.686716629302055, 23.108416879269562 ], [ 72.686760446430341, 23.108485589952586 ], [ 72.686904846430352, 23.108688889268404 ], [ 72.686962820605288, 23.108761526531104 ], [ 72.687029049981774, 23.108827925186485 ], [ 72.687102746844644, 23.108887295515828 ], [ 72.687183034662397, 23.108938931393492 ], [ 72.687313834662419, 23.109013631002984 ], [ 72.687360993740143, 23.109038773012596 ], [ 72.68746147296693, 23.109088658821694 ] ] ] } },
{ "type": "Feature", "properties": { "version": 1, "visible": null, "lon": null, "timestamp": 1577361609, "tags": { "visible": false }, "changeset": null, "lat": null, "id": 758691087, "natural": "water", "water": "reservoir", "wetland": null, "osm_type": "way", "grassland": null, "reef": null, "Risk": "High" }, "geometry": { "type": "Polygon", "coordinates": [ [ [ 72.695174925644167, 23.084771893072119 ], [ 72.695174842100769, 23.084774568374513 ], [ 72.695180474458482, 23.084852772213353 ], [ 72.695194134979047, 23.084930133436874 ], [ 72.695215700787713, 23.085005956191964 ], [ 72.695244977902533, 23.085079558464983 ], [ 72.695281702979301, 23.085150278216265 ], [ 72.695325545680248, 23.085217479334954 ], [ 72.695368445680231, 23.085276679133088 ], [ 72.695424267805365, 23.085345645969173 ], [ 72.695487577879348, 23.085408903478179 ], [ 72.695557690476292, 23.085465766811829 ], [ 72.695633846522909, 23.085515620348311 ], [ 72.695715221516537, 23.085557924356898 ], [ 72.695800934451668, 23.085592220840986 ], [ 72.695890057358042, 23.08561813849629 ], [ 72.695999101881569, 23.085644194561105 ], [ 72.696022905008206, 23.085684813771284 ], [ 72.696072075535938, 23.085752009412218 ], [ 72.696128161143946, 23.085814453806417 ], [ 72.696190622964195, 23.085871546997971 ], [ 72.696237813721595, 23.085910645226722 ], [ 72.69626380105224, 23.085979619372374 ], [ 72.696299404677859, 23.086051229761555 ], [ 72.696342255991524, 23.086119397585602 ], [ 72.696391965899309, 23.086183503879994 ], [ 72.696448083030603, 23.086242966559801 ], [ 72.696510097836622, 23.086297245704849 ], [ 72.696577447217138, 23.086345848461974 ], [ 72.696649519633496, 23.086388333519995 ], [ 72.696725660661414, 23.086424315116581 ], [ 72.696805178933246, 23.086453466540817 ], [ 72.696887352415658, 23.086475523099551 ], [ 72.696971434965789, 23.086490284520718 ], [ 72.697046534965779, 23.086500084461065 ], [ 72.697137598418735, 23.086507644104678 ], [ 72.697229025518482, 23.086506649196977 ], [ 72.697319869094827, 23.086497110044863 ], [ 72.697409188022803, 23.086479125470621 ], [ 72.69749605697254, 23.086452881788251 ], [ 72.697579575995547, 23.086418650873366 ], [ 72.697658879848078, 23.086376787346847 ], [ 72.697733146954832, 23.086327724901253 ], [ 72.697801607920425, 23.086271971808134 ], [ 72.697863553500142, 23.086210105652704 ], [ 72.69791834194767, 23.086142767350516 ], [ 72.697965405663425, 23.086070654507974 ], [ 72.698004257074786, 23.085994514195573 ], [ 72.698036315907927, 23.085922348742507 ], [ 72.698049549975721, 23.08589912761127 ], [ 72.69810331474757, 23.085828005453369 ], [ 72.6981457194928, 23.085766257454431 ], [ 72.698231519492779, 23.085628157875711 ], [ 72.6982763795138, 23.085545557324554 ], [ 72.698352246626925, 23.085383846888565 ], [ 72.6984304149086, 23.085267461815018 ], [ 72.698468285754373, 23.085205218990975 ], [ 72.698500180788486, 23.08514020372758 ], [ 72.698537902088262, 23.085053515244027 ], [ 72.698629677146755, 23.084912751117553 ], [ 72.69867738736572, 23.084829070106728 ], [ 72.69871440133133, 23.084740925732181 ], [ 72.698781621463482, 23.084548830949068 ], [ 72.698812504220712, 23.084503726002431 ], [ 72.698854763299067, 23.084434914424534 ], [ 72.698889683487565, 23.084362703808736 ], [ 72.698916945385449, 23.084287754631166 ], [ 72.698936299639286, 23.084210752417388 ], [ 72.698947569223563, 23.084132401472338 ], [ 72.698952969223583, 23.084073201502765 ], [ 72.69895603211387, 23.083992855022345 ], [ 72.698950593648775, 23.083912614922529 ], [ 72.698936705300866, 23.083833240639965 ], [ 72.69891449851697, 23.083755483418066 ], [ 72.698884183474163, 23.08368007919675 ], [ 72.698846047090413, 23.083607741646954 ], [ 72.698800450309122, 23.083539155415931 ], [ 72.69874782468294, 23.083474969647153 ], [ 72.698688668289279, 23.083415791836231 ], [ 72.698623541016332, 23.08336218208099 ], [ 72.698553059263887, 23.083314647780146 ], [ 72.69847789010943, 23.083273638830729 ], [ 72.698398744994563, 23.083239543369796 ], [ 72.698316372991556, 23.083212684100619 ], [ 72.69823155371364, 23.083193315238283 ], [ 72.698145089936446, 23.083181620103453 ], [ 72.698092991093105, 23.083179285999449 ], [ 72.698059187267845, 23.083160329412198 ], [ 72.697982376193423, 23.083125992188975 ], [ 72.69783217619343, 23.083066791854481 ], [ 72.697751548895312, 23.083039137773223 ], [ 72.697668415299887, 23.083018707289884 ], [ 72.697483797399642, 23.082981950985456 ], [ 72.697347179089945, 23.082950591305803 ], [ 72.697239257371578, 23.082932176731717 ], [ 72.6971297, 23.082926007839998 ], [ 72.697022499999989, 23.082926007839998 ], [ 72.696926932039119, 23.082930697686827 ], [ 72.696832448787788, 23.082944713995921 ], [ 72.696740122643916, 23.08296789767736 ], [ 72.696651001522, 23.082999985588508 ], [ 72.696473901521998, 23.083073986002677 ], [ 72.696414205981782, 23.083101434221753 ], [ 72.696356890275098, 23.083132883655274 ], [ 72.695976090275096, 23.083359884826312 ], [ 72.695921267918379, 23.083395303504428 ], [ 72.695869467217591, 23.083434382081325 ], [ 72.695729967217602, 23.083547882603956 ], [ 72.695672841791378, 23.083598675768382 ], [ 72.695620818142856, 23.08365391340913 ], [ 72.695574303186135, 23.083713163467934 ], [ 72.69550555726542, 23.08380943039317 ], [ 72.695410799290428, 23.083893761354918 ], [ 72.695349321971307, 23.083954246140372 ], [ 72.695294733248801, 23.084020087073657 ], [ 72.695247581223384, 23.084090623068629 ], [ 72.695208339327024, 23.084165145898716 ], [ 72.695177401569708, 23.084242907308173 ], [ 72.695155078583369, 23.084323126525234 ], [ 72.695141594502928, 23.084404998101647 ], [ 72.695137084715867, 23.0844877 ], [ 72.695137084715867, 23.084537 ], [ 72.695141840109585, 23.084621918146929 ], [ 72.695156055943642, 23.084705937182065 ], [ 72.695174925644167, 23.084771893072119 ] ] ] } },
{ "type": "Feature", "properties": { "version": 1, "visible": null, "lon": null, "timestamp": 1577361609, "tags": { "visible": false }, "changeset": null, "lat": null, "id": 758691088, "natural": "water", "water": "reservoir", "wetland": null, "osm_type": "way", "grassland": null, "reef": null, "Risk": "High" }, "geometry": { "type": "Polygon", "coordinates": [ [ [ 72.700554853902162, 23.059386069669504 ], [ 72.700546541916111, 23.059421744135587 ], [ 72.700533066766099, 23.059495886012741 ], [ 72.700526968320816, 23.05957084765982 ], [ 72.700528297022927, 23.059646009038591 ], [ 72.7005370418822, 23.059720748459814 ], [ 72.700553130566462, 23.059794447725434 ], [ 72.700576429999828, 23.059866497241941 ], [ 72.700619329999824, 23.059979997012981 ], [ 72.700653574127188, 23.060057659848102 ], [ 72.700696190126095, 23.060131732583049 ], [ 72.700746739818783, 23.060201453608403 ], [ 72.70080470345323, 23.060266106059768 ], [ 72.700869485047292, 23.060325025188309 ], [ 72.701019685047285, 23.060448424623036 ], [ 72.701089008702269, 23.060499927913693 ], [ 72.701163536661966, 23.060544859033161 ], [ 72.701242535707848, 23.060582775948355 ], [ 72.701325228634133, 23.060613305632398 ], [ 72.701410801893999, 23.060636147734279 ], [ 72.701498413603446, 23.060651077533546 ], [ 72.701587201823799, 23.060657948150979 ], [ 72.701676293041757, 23.060656691993547 ], [ 72.701764810763038, 23.060647321419303 ], [ 72.701851884135536, 23.060629928615835 ], [ 72.70193665651685, 23.060604684693388 ], [ 72.702247756516854, 23.060496085316959 ], [ 72.702316828206307, 23.060468881599039 ], [ 72.702383187589376, 23.060436462261858 ], [ 72.70244637045694, 23.060399054087338 ], [ 72.702606610820979, 23.060295213985157 ], [ 72.702724415309561, 23.060248391953024 ], [ 72.702958563992979, 23.060175144521647 ], [ 72.703042635504474, 23.060144418492207 ], [ 72.703122922163516, 23.060106068543178 ], [ 72.703198609810769, 23.060060483561834 ], [ 72.70326893092394, 23.060008125802643 ], [ 72.703276772932909, 23.060000972503186 ], [ 72.703698151013896, 23.059855670550753 ], [ 72.703770820011584, 23.059827200685593 ], [ 72.703840490230718, 23.059792967807208 ], [ 72.703906623092266, 23.059753236545319 ], [ 72.703948123092289, 23.059725836682034 ], [ 72.704014883149682, 23.059677187662391 ], [ 72.704038172611035, 23.05965662913297 ], [ 72.704150680223563, 23.059597495173708 ], [ 72.70423089891348, 23.059549962892291 ], [ 72.704262691718569, 23.059526384702696 ], [ 72.70426397411839, 23.059525858773291 ], [ 72.704343585320586, 23.059483767419565 ], [ 72.70441811091186, 23.059434418643402 ], [ 72.704588810911844, 23.059308719246072 ], [ 72.704645672581208, 23.059263115434455 ], [ 72.704698175601024, 23.05921328310454 ], [ 72.704745949779749, 23.059159573612728 ], [ 72.70482564977975, 23.05906187397289 ], [ 72.704872145014306, 23.058999057491025 ], [ 72.704912172796696, 23.058932577035879 ], [ 72.704945394700331, 23.058862994680968 ], [ 72.704971529840833, 23.058790898726404 ], [ 72.704990357251006, 23.058716898725049 ], [ 72.705001717748985, 23.05864162032902 ], [ 72.705005515284114, 23.0585657 ], [ 72.705005515284114, 23.0584505 ], [ 72.705001686527723, 23.058374268777452 ], [ 72.704990232896051, 23.058298687330407 ], [ 72.704971252023341, 23.05822439993976 ], [ 72.704944905708331, 23.058152039856473 ], [ 72.704911418535005, 23.058082223903519 ], [ 72.704871075958209, 23.058015547217718 ], [ 72.704821775958223, 23.057942246980854 ], [ 72.704769633601188, 23.057872895506399 ], [ 72.704710082658792, 23.057808793420623 ], [ 72.70464374300937, 23.057750607983621 ], [ 72.704571305196367, 23.057698944867923 ], [ 72.704493523240231, 23.05765434185362 ], [ 72.704411206789814, 23.05761726323011 ], [ 72.704358106789826, 23.057596363112118 ], [ 72.704274798398075, 23.057567969323891 ], [ 72.704188849288144, 23.057547285818533 ], [ 72.704101100084912, 23.057534514894556 ], [ 72.704012409019114, 23.057529781460204 ], [ 72.703923643533315, 23.057533131811645 ], [ 72.703673243533316, 23.057554031939461 ], [ 72.703631796868905, 23.057558492225883 ], [ 72.703561587077573, 23.057555549282409 ], [ 72.703320370844381, 23.057539031422625 ], [ 72.7032537, 23.057536751851664 ], [ 72.703099188135354, 23.057536751851664 ], [ 72.702920863111643, 23.057525271629828 ], [ 72.70289868116906, 23.057519643305756 ], [ 72.702800081169059, 23.057498643180118 ], [ 72.702719875739945, 23.057485057004993 ], [ 72.702535162159506, 23.057461686183771 ], [ 72.702522464590658, 23.057450856372004 ], [ 72.702451888296551, 23.057401606245108 ], [ 72.702376383594682, 23.057358990943371 ], [ 72.702296684607234, 23.057323424816211 ], [ 72.702213566236949, 23.057295253674074 ], [ 72.702127836632712, 23.057274751425958 ], [ 72.702040329332092, 23.057262117416048 ], [ 72.701951895157023, 23.057257474485365 ], [ 72.701863393941252, 23.057260867777348 ], [ 72.701779993941244, 23.057267867820155 ], [ 72.701688575977911, 23.057279926962973 ], [ 72.701598986736613, 23.057300558506537 ], [ 72.701512173102216, 23.057329544388462 ], [ 72.701429052623652, 23.057366578246469 ], [ 72.701350503816229, 23.05741126865658 ], [ 72.701277356876432, 23.057463143270425 ], [ 72.701210384907469, 23.057521653807928 ], [ 72.701176372803559, 23.057558178445749 ], [ 72.701152649482992, 23.057573333424202 ], [ 72.701082456855701, 23.057628841520224 ], [ 72.701018844194024, 23.057690700437576 ], [ 72.700962486780284, 23.05775825350258 ], [ 72.700844886780288, 23.057915354049793 ], [ 72.700804217427972, 23.057974966886739 ], [ 72.700769207598455, 23.058037547177499 ], [ 72.700740111158879, 23.058102641129032 ], [ 72.700660411158893, 23.058305041552433 ], [ 72.700630244029426, 23.058398546236884 ], [ 72.700612258293077, 23.058494669594495 ], [ 72.700587858293062, 23.058695269731501 ], [ 72.700582284715864, 23.0587872 ], [ 72.700582284715864, 23.058991166135019 ], [ 72.700563486736627, 23.059122397389977 ], [ 72.700556401545583, 23.059199775235896 ], [ 72.700552601545581, 23.059294075257359 ], [ 72.700553883496838, 23.059378412090688 ], [ 72.700554853902162, 23.059386069669504 ] ] ] } },
{ "type": "Feature", "properties": { "version": 1, "visible": null, "lon": null, "timestamp": 1577361609, "tags": { "visible": false }, "changeset": null, "lat": null, "id": 758691089, "natural": "water", "water": "reservoir", "wetland": null, "osm_type": "way", "grassland": null, "reef": null, "Risk": "High" }, "geometry": { "type": "Polygon", "coordinates": [ [ [ 72.704386092230223, 23.061526335833154 ], [ 72.704368087394002, 23.061566171924557 ], [ 72.704342930734526, 23.061641266388811 ], [ 72.704325638607983, 23.061718219528274 ], [ 72.704306538607995, 23.061829719634886 ], [ 72.704297054719007, 23.06191113525826 ], [ 72.704296372850436, 23.061993014708428 ], [ 72.704304499694445, 23.062074554385578 ], [ 72.70432135549072, 23.062154954026038 ], [ 72.704346774809338, 23.062233424556336 ], [ 72.704380508174296, 23.062309195837397 ], [ 72.704422224512015, 23.062381524222861 ], [ 72.70447151440068, 23.062449699857353 ], [ 72.704527894088386, 23.062513053643041 ], [ 72.70458849408837, 23.062574653389145 ], [ 72.704653469602349, 23.062634274583477 ], [ 72.704724716978234, 23.062687485701318 ], [ 72.704801492736649, 23.062733731482854 ], [ 72.704882995708516, 23.062772529352316 ], [ 72.704968375395481, 23.06280347445345 ], [ 72.70505674084491, 23.062826243873985 ], [ 72.70508370916275, 23.062830525250007 ], [ 72.705092780515798, 23.062852234976408 ], [ 72.705131370359737, 23.062923323996621 ], [ 72.705168449105685, 23.062977812734076 ], [ 72.705170031790999, 23.062981453314098 ], [ 72.705209155240226, 23.063059431712428 ], [ 72.705256862428641, 23.063133253617224 ], [ 72.705312638218487, 23.063202121913925 ], [ 72.705375880348015, 23.063265292977245 ], [ 72.705445905934582, 23.063322084700435 ], [ 72.705521958848493, 23.063371883860203 ], [ 72.705603217877467, 23.063414152737909 ], [ 72.705688805594136, 23.063448434925444 ], [ 72.705841905594141, 23.063501234621782 ], [ 72.705932312998499, 23.063527497751391 ], [ 72.706025225267112, 23.06354484804211 ], [ 72.706119607513045, 23.063553092244277 ], [ 72.706272707513037, 23.063558992208073 ], [ 72.706363073408383, 23.063558288762017 ], [ 72.706452905234258, 23.063549235402441 ], [ 72.706460780414375, 23.06354769298289 ], [ 72.706484099547723, 23.06355067860941 ], [ 72.706575817361653, 23.063553722694078 ], [ 72.706667394082245, 23.063548140658998 ], [ 72.706757873837674, 23.063533990768029 ], [ 72.706846312206167, 23.063511420714132 ], [ 72.706961112206159, 23.063476220919242 ], [ 72.707069462240469, 23.063435610055816 ], [ 72.707133858695457, 23.063406842239374 ], [ 72.707429979494606, 23.063383500719439 ], [ 72.707524969130958, 23.063371284911316 ], [ 72.70761800177155, 23.063349820633558 ], [ 72.707708016861758, 23.063319352570538 ], [ 72.707793988246536, 23.063280228046452 ], [ 72.707874935868276, 23.063232893066193 ], [ 72.707897335868296, 23.063218193139694 ], [ 72.707966152589748, 23.063168196028887 ], [ 72.708029343624048, 23.063112264110625 ], [ 72.70808630690253, 23.063050930283435 ], [ 72.708136499693097, 23.062984778913979 ], [ 72.708179443771144, 23.06291444026963 ], [ 72.708214729976063, 23.062840584513683 ], [ 72.708242022109602, 23.062763915320442 ], [ 72.708244295829118, 23.062754509921927 ], [ 72.708276282043727, 23.062703705668032 ], [ 72.708312935936476, 23.062629454279161 ], [ 72.70834145844681, 23.062552240804241 ], [ 72.708361571895765, 23.062472816945352 ], [ 72.708373080470224, 23.062391955924824 ], [ 72.708375872129224, 23.062310444957731 ], [ 72.708369919694803, 23.062229077588071 ], [ 72.70836519473886, 23.062203116337141 ], [ 72.708369615284113, 23.0621227 ], [ 72.708369615284113, 23.0620435 ], [ 72.708366534360437, 23.061975105143649 ], [ 72.708357312722455, 23.061907179396268 ], [ 72.708342013624502, 23.061840188684528 ], [ 72.708316453123317, 23.061747519229844 ], [ 72.708315248127946, 23.061690055985178 ], [ 72.708310170712309, 23.061616818042975 ], [ 72.708298052704677, 23.061544283134381 ], [ 72.708278989638274, 23.061473023095555 ], [ 72.708231189638269, 23.061323322836397 ], [ 72.708201343988364, 23.061244727508086 ], [ 72.708163056311363, 23.061169293394592 ], [ 72.708116715079029, 23.061097785866227 ], [ 72.708062790475566, 23.061030930454539 ], [ 72.708001829627065, 23.060969405490695 ], [ 72.707934451050249, 23.060913835222735 ], [ 72.707923174445455, 23.060906269680551 ], [ 72.707907365597549, 23.060887902295708 ], [ 72.707844372620727, 23.060828192018885 ], [ 72.707775173514193, 23.060774612198415 ], [ 72.707700469695283, 23.060727705938753 ], [ 72.707621018378291, 23.060687948699233 ], [ 72.707537624899231, 23.060655743474474 ], [ 72.707465191143839, 23.060635370346034 ], [ 72.707448999352579, 23.060620365825933 ], [ 72.707381861295275, 23.060569187747273 ], [ 72.707203261295263, 23.060445987141893 ], [ 72.70713583894802, 23.060403737503215 ], [ 72.707106564383054, 23.060388774636358 ], [ 72.707099296142303, 23.060373585433773 ], [ 72.707051862249713, 23.060297517882578 ], [ 72.707042552319209, 23.060284269778627 ], [ 72.707038441019122, 23.060206990149087 ], [ 72.707036019117496, 23.060178266391809 ], [ 72.707041900081649, 23.060121204323483 ], [ 72.707041029531482, 23.060035387821276 ], [ 72.707030492466728, 23.059950116911963 ], [ 72.707010402486915, 23.059866310898528 ], [ 72.70698475827362, 23.059795340275819 ], [ 72.706983315325431, 23.059775477178892 ], [ 72.706973250581399, 23.059695592429694 ], [ 72.706954795936795, 23.059616985715536 ], [ 72.706928126096869, 23.059540401188354 ], [ 72.706893493537962, 23.059466563857725 ], [ 72.706851226117394, 23.059396172727265 ], [ 72.706801723969676, 23.059329894177157 ], [ 72.70674545571859, 23.059268355655483 ], [ 72.706682954040829, 23.059212139738083 ], [ 72.706614810623293, 23.059161778613195 ], [ 72.706581193187844, 23.059139318991907 ], [ 72.706548894098233, 23.05909119874535 ], [ 72.706493436383923, 23.059024724580393 ], [ 72.706420136383926, 23.058945524265063 ], [ 72.706360134831868, 23.058886758824567 ], [ 72.706294195743197, 23.058833652143338 ], [ 72.706222946612542, 23.058786709606231 ], [ 72.70614706546634, 23.058746377938096 ], [ 72.7060672744106, 23.058713040952345 ], [ 72.705984332759101, 23.058687015898268 ], [ 72.705899029807554, 23.05866855044178 ], [ 72.705812177322471, 23.058657820308419 ], [ 72.705724601816172, 23.058654927610959 ], [ 72.705637136681375, 23.058659899877615 ], [ 72.705550936681391, 23.05866869993131 ], [ 72.70546292413718, 23.058681780556128 ], [ 72.705376754210874, 23.058702823791204 ], [ 72.705293275639704, 23.058731622365919 ], [ 72.705213310652169, 23.058767892621674 ], [ 72.705137646869488, 23.058811277305949 ], [ 72.70506702954782, 23.058861349091345 ], [ 72.705002154237832, 23.058917614784864 ], [ 72.704943659933818, 23.058979520185886 ], [ 72.704908559933813, 23.059020620341837 ], [ 72.704860763829473, 23.059082192279238 ], [ 72.704819287534207, 23.059147527803802 ], [ 72.704784478627531, 23.059216079385944 ], [ 72.704756628814891, 23.05928727254549 ], [ 72.704735971483188, 23.059360510666092 ], [ 72.704722679744947, 23.059435179995088 ], [ 72.704709979744933, 23.059534980066363 ], [ 72.704704227995606, 23.059608252117425 ], [ 72.704705569954413, 23.059681704619901 ], [ 72.704713995020313, 23.05975475732134 ], [ 72.70472943663782, 23.059826833128536 ], [ 72.704751772822775, 23.059897362666369 ], [ 72.704798801612114, 23.060024524577656 ], [ 72.704820459063356, 23.06008881812021 ], [ 72.70478114203604, 23.060157295609599 ], [ 72.704746817140986, 23.060235464725494 ], [ 72.704721325380021, 23.060316444385215 ], [ 72.704695825380014, 23.060416244525484 ], [ 72.704682917807617, 23.060476839827587 ], [ 72.704638217807613, 23.060738040077098 ], [ 72.704627846008279, 23.06083738632951 ], [ 72.704629382649316, 23.060893794338241 ], [ 72.704595964301504, 23.06093073495871 ], [ 72.70454418292988, 23.060993892290952 ], [ 72.70449920144145, 23.061061315302481 ], [ 72.704461431937858, 23.061132386285859 ], [ 72.704431220447546, 23.06120645411314 ], [ 72.704408843755573, 23.061282840201404 ], [ 72.704394506867871, 23.061360844729833 ], [ 72.704388341133011, 23.061439753051285 ], [ 72.704386092230223, 23.061526335833154 ] ] ] } },
{ "type": "Feature", "properties": { "version": 1, "visible": null, "lon": null, "timestamp": 1577361609, "tags": { "visible": false }, "changeset": null, "lat": null, "id": 758691090, "natural": "water", "water": "reservoir", "wetland": null, "osm_type": "way", "grassland": null, "reef": null, "Risk": "High" }, "geometry": { "type": "Polygon", "coordinates": [ [ [ 72.718851773430771, 23.033787515917339 ], [ 72.71881649635236, 23.033811491716431 ], [ 72.718750144805526, 23.033866777355829 ], [ 72.718690101030191, 23.033927865098537 ], [ 72.718636961137648, 23.033994148461364 ], [ 72.718591252697848, 23.03406496937955 ], [ 72.71855342950164, 23.034139624740341 ], [ 72.718523867055652, 23.034217373363671 ], [ 72.718400467055645, 23.0346024740319 ], [ 72.718380922763302, 23.034675589994428 ], [ 72.718368688460899, 23.034750039120787 ], [ 72.718363865640626, 23.034825203800995 ], [ 72.718358465640634, 23.035195403831477 ], [ 72.718360960934589, 23.035269063605913 ], [ 72.718370574611086, 23.035342226151396 ], [ 72.718387230270878, 23.035414310051003 ], [ 72.71849453027086, 23.035794509464655 ], [ 72.718521912643453, 23.03587458028651 ], [ 72.718557977433406, 23.035951682850133 ], [ 72.718602352791436, 23.036025022188369 ], [ 72.718709652791432, 23.036182921674722 ], [ 72.718757330806696, 23.036246304469646 ], [ 72.718811217101191, 23.036305324701665 ], [ 72.71887084310967, 23.036359469169703 ], [ 72.718935690357497, 23.036408267069699 ], [ 72.719005194969043, 23.036451294088277 ], [ 72.719078752570866, 23.036488176092071 ], [ 72.719155723546933, 23.036518592380858 ], [ 72.71937032354694, 23.036592691955217 ], [ 72.71945056483888, 23.036616509653332 ], [ 72.71953287917546, 23.036633299541212 ], [ 72.719616541457626, 23.036642913721007 ], [ 72.719700814712496, 23.036645267503879 ], [ 72.720028014712497, 23.036640267534551 ], [ 72.720108142413139, 23.036635741624988 ], [ 72.72018751108493, 23.036624650736357 ], [ 72.720265486872847, 23.036607083441236 ], [ 72.720341447045726, 23.036583180033269 ], [ 72.720414784969549, 23.036553131406826 ], [ 72.720564984969542, 23.036484031786024 ], [ 72.720644164804796, 23.036442869096977 ], [ 72.720718416527859, 23.036394550245337 ], [ 72.720786979174676, 23.036339570416352 ], [ 72.720849150085371, 23.036278493059505 ], [ 72.720904292105303, 23.036211944114338 ], [ 72.720951840115035, 23.036140605595893 ], [ 72.721016240115048, 23.036032005915061 ], [ 72.721057573374566, 23.035952495435009 ], [ 72.72108947286489, 23.035869387078211 ], [ 72.721111575961515, 23.035783625591538 ], [ 72.721123631402577, 23.035696185883559 ], [ 72.721125502145199, 23.035608061942181 ], [ 72.721114802145209, 23.035316861881814 ], [ 72.721104644142784, 23.035217756134426 ], [ 72.721081615480855, 23.035120492426564 ], [ 72.721023833929195, 23.034931869626394 ], [ 72.720972281520389, 23.034756901391301 ], [ 72.720928677406462, 23.034423524864707 ], [ 72.720914026663081, 23.034252811762059 ], [ 72.720900884075874, 23.034162898649416 ], [ 72.720877114691291, 23.034074852203567 ], [ 72.720791314691297, 23.033818151740579 ], [ 72.72076264090461, 23.033744850122492 ], [ 72.720726596504278, 23.033674357937706 ], [ 72.720683501596639, 23.033607301224425 ], [ 72.720633738902805, 23.033544275511485 ], [ 72.720577750359794, 23.03348584052932 ], [ 72.720516033195651, 23.033432515238857 ], [ 72.720449135513732, 23.033384773222448 ], [ 72.720377651424954, 23.033343038477813 ], [ 72.720302215771639, 23.033307681652364 ], [ 72.720223498489531, 23.033279016751283 ], [ 72.720019598489515, 23.033214816378646 ], [ 72.719932392197649, 23.033191813773289 ], [ 72.719843109617713, 23.033177022695675 ], [ 72.719752661277496, 23.033170593991915 ], [ 72.719661969593574, 23.033172593224847 ], [ 72.719571959464119, 23.033183000005408 ], [ 72.719483548836692, 23.033201708200497 ], [ 72.719397639346667, 23.033228527015503 ], [ 72.719315107122171, 23.033263182940178 ], [ 72.719236793849063, 23.03330532253819 ], [ 72.719163498187186, 23.033354516051766 ], [ 72.719095967625435, 23.033410261784784 ], [ 72.719034890858666, 23.033471991219493 ], [ 72.7189808907642, 23.033539074814733 ], [ 72.718934518049522, 23.033610828426468 ], [ 72.718896245636103, 23.03368652028519 ], [ 72.718851773430771, 23.033787515917339 ] ] ] } },
{ "type": "Feature", "properties": { "version": 1, "visible": null, "lon": null, "timestamp": 1577361609, "tags": { "visible": false }, "changeset": null, "lat": null, "id": 758691091, "natural": "water", "water": "reservoir", "wetland": null, "osm_type": "way", "grassland": null, "reef": null, "Risk": "High" }, "geometry": { "type": "Polygon", "coordinates": [ [ [ 72.720524433687999, 23.038265608931287 ], [ 72.720625033687995, 23.038257108983224 ], [ 72.720713284845445, 23.038245565513748 ], [ 72.720799858354255, 23.038226030219896 ], [ 72.720883901791638, 23.038198695447296 ], [ 72.720964587646435, 23.038163830335776 ], [ 72.721041121467067, 23.038121778169604 ], [ 72.721112749683812, 23.038072952997631 ], [ 72.721178767028661, 23.038017835556722 ], [ 72.721238523479556, 23.037956968538587 ], [ 72.721291430660656, 23.037890951246631 ], [ 72.721336967635608, 23.037820433695305 ], [ 72.721374686036825, 23.03774611021025 ], [ 72.721404214480174, 23.037668712592026 ], [ 72.721425262221786, 23.037589002910877 ], [ 72.721443362221791, 23.037501803011256 ], [ 72.721455234924278, 23.037425402872362 ], [ 72.721459313566214, 23.037348316723723 ], [ 72.721455562598578, 23.037271216439787 ], [ 72.72144401471445, 23.037194774019312 ], [ 72.721424770563971, 23.037119655728336 ], [ 72.721384831950459, 23.036990980850579 ], [ 72.721327922707758, 23.036673630706289 ], [ 72.721269659653103, 23.036217988303886 ], [ 72.721258312867832, 23.036152208975789 ], [ 72.721241248741961, 23.036087483693972 ], [ 72.72118054874197, 23.035891983364447 ], [ 72.721157821178593, 23.035828592727004 ], [ 72.721129610139471, 23.03576709617618 ], [ 72.721068910139465, 23.035648395866087 ], [ 72.721028523664671, 23.035578350353955 ], [ 72.720981030511481, 23.035512187878197 ], [ 72.720926867640301, 23.035450517172372 ], [ 72.720866533376224, 23.035393905643872 ], [ 72.720800582824253, 23.035342874153375 ], [ 72.720729622761937, 23.035297892222317 ], [ 72.720654306056829, 23.035259373712886 ], [ 72.720575325659752, 23.035227673020024 ], [ 72.720493408229274, 23.035203081810629 ], [ 72.720432708229254, 23.035187781720101 ], [ 72.720412921781843, 23.035183016492709 ], [ 72.72032192178186, 23.035162116368301 ], [ 72.720237623954333, 23.035146656062725 ], [ 72.720152106371543, 23.035138680945479 ], [ 72.720066152004719, 23.035138264035478 ], [ 72.719980547824122, 23.035145409149884 ], [ 72.719896077593802, 23.035160050869163 ], [ 72.719813514695801, 23.035182055136069 ], [ 72.7195976146958, 23.035250055530774 ], [ 72.719517689648214, 23.0352792314564 ], [ 72.719441161820569, 23.035315305797674 ], [ 72.71936873233102, 23.035357948050155 ], [ 72.719301064750297, 23.035406767536113 ], [ 72.719238779022405, 23.035461316983984 ], [ 72.719182445784909, 23.035521096626361 ], [ 72.719132581140997, 23.035585558778866 ], [ 72.719089641931077, 23.035654112858111 ], [ 72.719054021547493, 23.035726130792586 ], [ 72.719026046330271, 23.035800952777034 ], [ 72.718999546330281, 23.035884652920672 ], [ 72.718978299277836, 23.035967388966554 ], [ 72.718966398077086, 23.036051695586128 ], [ 72.718963968592874, 23.036136681166425 ], [ 72.71897103651898, 23.03622144691559 ], [ 72.71898752710635, 23.036305096368348 ], [ 72.719033027106335, 23.036483196118279 ], [ 72.719060604376082, 23.036569674960795 ], [ 72.719193404376057, 23.036915174253917 ], [ 72.719197733293271, 23.036926187785951 ], [ 72.719364633293281, 23.037341586902098 ], [ 72.719373133624771, 23.037361915940419 ], [ 72.719494533624768, 23.037641215303999 ], [ 72.719530779011819, 23.037714132387666 ], [ 72.719574530449606, 23.037783474963046 ], [ 72.71962537631633, 23.037848590648075 ], [ 72.719682838244452, 23.03790886682863 ], [ 72.719796538244452, 23.038017066367132 ], [ 72.71986162870823, 23.038073149516272 ], [ 72.719932440399916, 23.038123018021313 ], [ 72.720008275627293, 23.038166180545879 ], [ 72.720088387202367, 23.038202211825627 ], [ 72.720171985803233, 23.038230756858045 ], [ 72.72025824775109, 23.038251534399969 ], [ 72.720346323125696, 23.038264339738433 ], [ 72.720435344139545, 23.038269046707502 ], [ 72.720524433687999, 23.038265608931287 ] ] ] } },
{ "type": "Feature", "properties": { "version": 1, "visible": null, "lon": null, "timestamp": 1577361609, "tags": { "visible": false }, "changeset": null, "lat": null, "id": 758691092, "natural": "water", "water": "reservoir", "wetland": null, "osm_type": "way", "grassland": null, "reef": null, "Risk": "High" }, "geometry": { "type": "Polygon", "coordinates": [ [ [ 72.668320696240471, 23.041768062143756 ], [ 72.668318644167158, 23.041775837737006 ], [ 72.668306226158492, 23.041858766659097 ], [ 72.668302986211884, 23.041942426036165 ], [ 72.668308957553322, 23.042025957930903 ], [ 72.668324078946029, 23.042108505714925 ], [ 72.66834819531833, 23.04218922285358 ], [ 72.668381059354004, 23.042267281587133 ], [ 72.668422334028477, 23.042341881419379 ], [ 72.668484034028495, 23.042440681117284 ], [ 72.668522151105435, 23.042496448705155 ], [ 72.668564973174313, 23.042549245926413 ], [ 72.6686453731743, 23.042640545573661 ], [ 72.668701290833226, 23.042698295999941 ], [ 72.668762829504701, 23.042750984108221 ], [ 72.668829450396359, 23.042798148602067 ], [ 72.668900570219222, 23.042839376546002 ], [ 72.668911863171971, 23.042844636391802 ], [ 72.668957399091283, 23.042881715533799 ], [ 72.668967612223994, 23.042889156117184 ], [ 72.668977193892403, 23.042901258389044 ], [ 72.6690370642754, 23.042962863709604 ], [ 72.66910332036008, 23.043018659795788 ], [ 72.669175299861024, 23.043068088926205 ], [ 72.669252283282418, 23.043110657022282 ], [ 72.66933350111006, 23.043145938586694 ], [ 72.66942470111006, 23.043180538390384 ], [ 72.669508897264734, 23.043208058191905 ], [ 72.669595647820245, 23.043227745144808 ], [ 72.669684094552949, 23.043239404489455 ], [ 72.669773362458912, 23.043242920881983 ], [ 72.669862568410352, 23.043238259535343 ], [ 72.669950829892358, 23.043225466563413 ], [ 72.670037273733712, 23.04320466852483 ], [ 72.670088273733711, 23.043189868611449 ], [ 72.670171479333959, 23.043161494088604 ], [ 72.670251236859258, 23.043125703988025 ], [ 72.670326768080955, 23.043082847523443 ], [ 72.670397336008264, 23.043033342857392 ], [ 72.670462252079389, 23.042977673021259 ], [ 72.670520882880197, 23.042916381202424 ], [ 72.67057265632458, 23.042850065444416 ], [ 72.670617067236662, 23.042779372811836 ], [ 72.670653682279976, 23.042704993076949 ], [ 72.670682144185719, 23.042627651989481 ], [ 72.670702175238773, 23.042548104195436 ], [ 72.670713579987478, 23.042467125873824 ], [ 72.670716247150793, 23.042385507163278 ], [ 72.670715001129622, 23.042326251942161 ], [ 72.670733449779135, 23.04221205800253 ], [ 72.670742543313608, 23.042122467872275 ], [ 72.670747943313614, 23.041994067902753 ], [ 72.670748615284111, 23.0419621 ], [ 72.670748615284111, 23.0418338 ], [ 72.670744339964116, 23.041753245865507 ], [ 72.670731554698918, 23.041673458440389 ], [ 72.670710381185401, 23.041595197185579 ], [ 72.670681020964281, 23.041519207036398 ], [ 72.670643753501679, 23.041446211311708 ], [ 72.670598933529007, 23.041376904828844 ], [ 72.670546987666441, 23.041311947289749 ], [ 72.670487987666462, 23.041245247031362 ], [ 72.670430302146357, 23.041186086083485 ], [ 72.670366708773315, 23.041132296849977 ], [ 72.670297795495742, 23.041084376642416 ], [ 72.670224199446906, 23.041042768510465 ], [ 72.670146601054284, 23.041007857145406 ], [ 72.67006571774877, 23.040979965323327 ], [ 72.669982297331771, 23.040959350920687 ], [ 72.669896397331769, 23.04094215081755 ], [ 72.669815063988281, 23.040929432747166 ], [ 72.669732805720528, 23.040923634654071 ], [ 72.669650316308392, 23.040924805441236 ], [ 72.669612487505944, 23.040928554797798 ], [ 72.669555151439425, 23.040922053937219 ], [ 72.669430989836314, 23.040915954717253 ], [ 72.669267289836299, 23.040918354731978 ], [ 72.669186916221221, 23.040922854501353 ], [ 72.669107303369401, 23.040933959244526 ], [ 72.669029090952534, 23.040951579735719 ], [ 72.668952907390164, 23.040975574395645 ], [ 72.668879364800375, 23.041005750429164 ], [ 72.668825764800388, 23.041030450564691 ], [ 72.668750774509022, 23.041069247352176 ], [ 72.668680161027027, 23.041114467333227 ], [ 72.668614571976434, 23.041165695772627 ], [ 72.66855460889839, 23.041222462829079 ], [ 72.668500821736203, 23.041284247864517 ], [ 72.668453703791599, 23.041350484219311 ], [ 72.668413687200442, 23.041420564409535 ], [ 72.668381138969536, 23.041493845698685 ], [ 72.668356357610577, 23.041569655992621 ], [ 72.668345657610558, 23.041609156051248 ], [ 72.668327714367564, 23.041694136019171 ], [ 72.668320696240471, 23.041768062143756 ] ] ] } },
{ "type": "Feature", "properties": { "version": 1, "visible": null, "lon": null, "timestamp": 1598445939, "tags": { "visible": false }, "changeset": null, "lat": null, "id": 840909755, "natural": "wetland", "water": null, "wetland": null, "osm_type": "way", "grassland": null, "reef": null, "Risk": "High" }, "geometry": { "type": "Polygon", "coordinates": [ [ [ 72.581845926381874, 22.960564920530356 ], [ 72.581854961657228, 22.960611265457732 ], [ 72.581880579025196, 22.960693100367809 ], [ 72.581915199570389, 22.960772075953326 ], [ 72.581958456256501, 22.960847354945351 ], [ 72.582009890489601, 22.960918139266191 ], [ 72.58206895697991, 22.960983678490063 ], [ 72.582101056979909, 22.961015778357073 ], [ 72.582164502516093, 22.961073232202011 ], [ 72.582233810310001, 22.961124624236636 ], [ 72.582308300244705, 22.961169450158412 ], [ 72.582336285391889, 22.96118285757959 ], [ 72.582378938617993, 22.961222276708153 ], [ 72.582397331093077, 22.961236553232087 ], [ 72.582399876299789, 22.961240419498285 ], [ 72.582422847767631, 22.961268925636769 ], [ 72.582458687013741, 22.961322841207995 ], [ 72.582509796297543, 22.961385518039592 ], [ 72.582567119012154, 22.9614434592206 ], [ 72.582599319012161, 22.961473059092476 ], [ 72.582660831442951, 22.961524595565553 ], [ 72.582727256511987, 22.961570673190192 ], [ 72.582798024888788, 22.961610897039993 ], [ 72.582872530016303, 22.961644922360946 ], [ 72.582950133309708, 22.961672457526191 ], [ 72.583054748631398, 22.961704540455848 ], [ 72.583199959647885, 22.961757672424611 ], [ 72.583286392685238, 22.961784702656246 ], [ 72.583375358669997, 22.961803516793598 ], [ 72.583465938974186, 22.961813920572705 ], [ 72.583538438974202, 22.961818820542803 ], [ 72.583628201475349, 22.961820744526705 ], [ 72.583717724200611, 22.961814408318872 ], [ 72.583806112813619, 22.961799875217178 ], [ 72.583892484307839, 22.961777290405408 ], [ 72.583975975827883, 22.96174687950295 ], [ 72.584055753289419, 22.961708946311038 ], [ 72.584131019711762, 22.961663869777933 ], [ 72.584208719711782, 22.961612070034569 ], [ 72.584284326391085, 22.961555675413603 ], [ 72.58435286522058, 22.961492082128704 ], [ 72.58441353208184, 22.961422036266054 ], [ 72.58446561521275, 22.961346359615696 ], [ 72.584503215212735, 22.961284559800436 ], [ 72.584539170096591, 22.961217307408823 ], [ 72.584568860291682, 22.961179741495759 ], [ 72.58461156915844, 22.961113532453702 ], [ 72.584627608812497, 22.961082390264203 ], [ 72.584642628538774, 22.961062669852673 ], [ 72.584685353144749, 22.960993156190817 ], [ 72.584720596834785, 22.960920172183599 ], [ 72.584748030965642, 22.960844398393228 ], [ 72.584767399717293, 22.96076654139728 ], [ 72.584778522478402, 22.960687327200091 ], [ 72.584779677991747, 22.960654061407144 ], [ 72.584792954669837, 22.960593133881844 ], [ 72.584801741194596, 22.96051257573064 ], [ 72.58480193214676, 22.960431612484545 ], [ 72.584793525696782, 22.960351019858042 ], [ 72.584776602387464, 22.960271570016086 ], [ 72.584751324362216, 22.960194024175848 ], [ 72.584717933811561, 22.960119125313366 ], [ 72.584676750652704, 22.960047591044852 ], [ 72.584639455558985, 22.959995784306397 ], [ 72.584636113033866, 22.959951740147961 ], [ 72.584623717168512, 22.959879951818284 ], [ 72.584602317168503, 22.959783551700212 ], [ 72.584581789426238, 22.959708955533348 ], [ 72.584553821557023, 22.959636438750511 ], [ 72.584518655635136, 22.959566629020404 ], [ 72.584476596037192, 22.959500130581773 ], [ 72.584428006807627, 22.959437519013335 ], [ 72.584398506807631, 22.959403018882806 ], [ 72.584345435859703, 22.959346416704282 ], [ 72.584287030143102, 22.959294459056913 ], [ 72.584223767004076, 22.959247570592819 ], [ 72.584156163488203, 22.9592061345339 ], [ 72.584125267622539, 22.959189000910641 ], [ 72.584094265517635, 22.959151273875079 ], [ 72.584033657434119, 22.959091017107102 ], [ 72.583966858386304, 22.95903659169327 ], [ 72.583894526938749, 22.958988534215187 ], [ 72.583817376199335, 22.958947318473331 ], [ 72.583734176199329, 22.958907818258616 ], [ 72.583656240282494, 22.958875049892356 ], [ 72.583575268552494, 22.958849267070335 ], [ 72.583491997555285, 22.958830704325777 ], [ 72.583407184751636, 22.958819530514599 ], [ 72.583321601627205, 22.958815847279368 ], [ 72.583255082201759, 22.958818832858835 ], [ 72.58317716225325, 22.958805648499716 ], [ 72.583086587818727, 22.958798917362291 ], [ 72.582995738259825, 22.958800646143313 ], [ 72.582905543176992, 22.958810817153051 ], [ 72.582816925473907, 22.958829326316739 ], [ 72.582730791914045, 22.958855984239573 ], [ 72.582648023842268, 22.958890518144823 ], [ 72.582564823842262, 22.958930018359535 ], [ 72.582485004917146, 22.958972833778599 ], [ 72.582410383243172, 22.959022970537308 ], [ 72.58234174789753, 22.95907989846318 ], [ 72.582279824655856, 22.959143015571069 ], [ 72.582256519339253, 22.959172336647136 ], [ 72.582238567058923, 22.959188997621204 ], [ 72.582182491558001, 22.959252530273368 ], [ 72.582133511541556, 22.959320855895665 ], [ 72.582092106828611, 22.959393305148573 ], [ 72.582058683028805, 22.959469168297264 ], [ 72.582033567569056, 22.959547702164574 ], [ 72.582021859079177, 22.9596045689375 ], [ 72.581993824737467, 22.959637922533197 ], [ 72.58194783431172, 22.959705074463375 ], [ 72.581909047363027, 22.959775976809148 ], [ 72.58187782119721, 22.959849976411892 ], [ 72.58185092119723, 22.959924076555566 ], [ 72.581826509865564, 22.960004669503149 ], [ 72.581811065731927, 22.960087120840729 ], [ 72.581804746820197, 22.960170586926019 ], [ 72.581802146820181, 22.960296586940657 ], [ 72.581804460582234, 22.960373668724827 ], [ 72.581814560096575, 22.960450217109077 ], [ 72.581832357588169, 22.960525566811864 ], [ 72.581845926381874, 22.960564920530356 ] ] ] } },
{ "type": "Feature", "properties": { "version": 1, "visible": null, "lon": null, "timestamp": 1598445939, "tags": { "visible": false }, "changeset": null, "lat": null, "id": 840909756, "natural": "wetland", "water": null, "wetland": null, "osm_type": "way", "grassland": null, "reef": null, "Risk": "High" }, "geometry": { "type": "Polygon", "coordinates": [ [ [ 72.579402178994997, 22.955493784907272 ], [ 72.579387589829224, 22.955565992865189 ], [ 72.579380172814268, 22.955653152434731 ], [ 72.579382787693675, 22.955740545953994 ], [ 72.579388187693681, 22.955802245923689 ], [ 72.579398082848883, 22.955874929256009 ], [ 72.579414922565874, 22.955946521445959 ], [ 72.579438574781207, 22.956016461042562 ], [ 72.579468854005214, 22.956084199555924 ], [ 72.579503754005216, 22.956153399377698 ], [ 72.579547864573527, 22.956230060152802 ], [ 72.579600452452027, 22.95630204505591 ], [ 72.579660939152205, 22.956368562231219 ], [ 72.579728659295185, 22.956428879970709 ], [ 72.579796340967064, 22.956477633188097 ], [ 72.579813464184497, 22.956494912497742 ], [ 72.579883625929781, 22.956552332598573 ], [ 72.57995991185075, 22.956602697582412 ], [ 72.58004148898253, 22.956645457522914 ], [ 72.580127466585651, 22.956680145532331 ], [ 72.580170366585648, 22.956695045447077 ], [ 72.580254062231504, 22.956719878931025 ], [ 72.580339993697777, 22.95673705861012 ], [ 72.580356277083609, 22.956738803815721 ], [ 72.580428488857095, 22.95677294407372 ], [ 72.580510022518325, 22.956806879108996 ], [ 72.580594817978621, 22.956833177186066 ], [ 72.580682033982839, 22.956851577406418 ], [ 72.580770805261622, 22.956861897224833 ], [ 72.580878105261647, 22.956869397179108 ], [ 72.580979195570606, 22.956871208525673 ], [ 72.581079866607681, 22.956862547997076 ], [ 72.581178843019742, 22.956843525307406 ], [ 72.58132904301975, 22.956806425526526 ], [ 72.581403984748988, 22.956784637446766 ], [ 72.58147657160842, 22.956756901546427 ], [ 72.581546248053399, 22.956723430099064 ], [ 72.581648148053389, 22.956669130386459 ], [ 72.581678119200348, 22.956652432956162 ], [ 72.581780019200366, 22.956593133262697 ], [ 72.581843067803163, 22.956552873649226 ], [ 72.581902155506029, 22.956507806882104 ], [ 72.581956851269624, 22.956458261714602 ], [ 72.582031951269613, 22.956384162023756 ], [ 72.582086785948746, 22.956324662554366 ], [ 72.582135287370548, 22.956260669687396 ], [ 72.582177023862698, 22.956192752966199 ], [ 72.582211623962053, 22.956121516857767 ], [ 72.582238779720782, 22.956047595372965 ], [ 72.582258249447207, 22.955971646423965 ], [ 72.582269859856922, 22.955894345968755 ], [ 72.582273507614886, 22.955816381995138 ], [ 72.582272272143157, 22.955794234129225 ], [ 72.58227505705625, 22.955779957863339 ], [ 72.582325485344455, 22.955730890513834 ], [ 72.582379522938339, 22.955666730321827 ], [ 72.582426468987961, 22.955598000919679 ], [ 72.582465871170456, 22.955525364505309 ], [ 72.582497349847785, 22.955449520921235 ], [ 72.582520601724468, 22.955371200911831 ], [ 72.582535402769807, 22.955291159082847 ], [ 72.582541610376509, 22.955210166630941 ], [ 72.582539164734555, 22.955129003913356 ], [ 72.582528089407603, 22.955048452929198 ], [ 72.582508491105884, 22.954969289784973 ], [ 72.582480558658034, 22.954892277216715 ], [ 72.582444561191792, 22.954818157240968 ], [ 72.582400845540974, 22.954747644005323 ], [ 72.582349832903674, 22.954681416907434 ], [ 72.582292014784116, 22.954620114048829 ], [ 72.582227948256985, 22.954564326086558 ], [ 72.582158250600088, 22.954514590541997 ], [ 72.582127599276561, 22.954496852717995 ], [ 72.582074715774979, 22.954436510915073 ], [ 72.582011659417475, 22.954377694278918 ], [ 72.581942543729937, 22.954324965378348 ], [ 72.581868058700465, 22.954278850618088 ], [ 72.581788947919719, 22.954239810372879 ], [ 72.581706001157713, 22.954208234391245 ], [ 72.581674502575112, 22.954199514033252 ], [ 72.581659150869598, 22.954189164946239 ], [ 72.581584356196217, 22.954143836082064 ], [ 72.581505032439651, 22.954105588770535 ], [ 72.58142196770784, 22.95407480301758 ], [ 72.581335987276589, 22.9540517846951 ], [ 72.581247945390118, 22.954036762501801 ], [ 72.581158716773899, 22.954029885690858 ], [ 72.581069187943967, 22.954031222586927 ], [ 72.580980248399072, 22.954040759907258 ], [ 72.58089278178322, 22.954058402893665 ], [ 72.580815194225607, 22.954081711934784 ], [ 72.580734045602128, 22.954083013309571 ], [ 72.580647541133246, 22.954092164325807 ], [ 72.5805624051834, 22.95410898420046 ], [ 72.580479437636384, 22.954133314901743 ], [ 72.580424691941374, 22.954154942991071 ], [ 72.58037983292931, 22.954161885287064 ], [ 72.580297458535298, 22.954182182990749 ], [ 72.580217545361876, 22.954209581367223 ], [ 72.580140813489919, 22.954243833531219 ], [ 72.580052313489901, 22.954288233769621 ], [ 72.579980628348849, 22.954328302460972 ], [ 72.579913313228204, 22.9543743518193 ], [ 72.579850954738262, 22.954425980546574 ], [ 72.579794096295359, 22.954482738723733 ], [ 72.579743233386253, 22.954544131731666 ], [ 72.579698809250203, 22.954609624561709 ], [ 72.5796612110166, 22.954678646478175 ], [ 72.579640038245785, 22.954728683805488 ], [ 72.57960531566097, 22.954777226750018 ], [ 72.579554315660971, 22.954856226996853 ], [ 72.579511106896291, 22.95493178435358 ], [ 72.579476587935261, 22.955011040950005 ], [ 72.579451126653154, 22.955093152127361 ], [ 72.57942702665315, 22.955189452259596 ], [ 72.579411261120129, 22.955270852172713 ], [ 72.579404399764712, 22.955353294670495 ], [ 72.579406511144882, 22.955435955993948 ], [ 72.579407060087789, 22.955440027494468 ], [ 72.57940213582188, 22.955489581192332 ], [ 72.579402178994997, 22.955493784907272 ] ] ] } },
{ "type": "Feature", "properties": { "version": 1, "visible": null, "lon": null, "timestamp": 1616688964, "tags": { "visible": false }, "changeset": null, "lat": null, "id": 922160497, "natural": "water", "water": "pond", "wetland": null, "osm_type": "way", "grassland": null, "reef": null, "Risk": "High" }, "geometry": { "type": "Polygon", "coordinates": [ [ [ 72.676311092564902, 23.162820802806294 ], [ 72.676319392806306, 23.16284996153583 ], [ 72.676349767736468, 23.162925609135126 ], [ 72.67638802181007, 23.162998172758371 ], [ 72.676433790359752, 23.163066960678659 ], [ 72.676486637084366, 23.163131317162751 ], [ 72.676546058208174, 23.163190628721779 ], [ 72.676611487283139, 23.163244329959248 ], [ 72.676649287283141, 23.163272429824485 ], [ 72.676721036922956, 23.163320574842313 ], [ 72.676797607547186, 23.163361969638203 ], [ 72.676878250477216, 23.163396209475902 ], [ 72.676962177216964, 23.163422959576824 ], [ 72.677048567162458, 23.163441958393143 ], [ 72.677136575625468, 23.163453020164933 ], [ 72.677225342092541, 23.163456036736346 ], [ 72.677313998638652, 23.163450978613039 ], [ 72.677362598638652, 23.163445978643683 ], [ 72.677449485139462, 23.1634330506607 ], [ 72.677534578485492, 23.163412367257106 ], [ 72.677617061772679, 23.163384126991989 ], [ 72.677696143153753, 23.163348600969837 ], [ 72.67777106344009, 23.163306130238148 ], [ 72.677841103389937, 23.163257122513503 ], [ 72.67790559061325, 23.16320204826776 ], [ 72.677963906026633, 23.163141436211664 ], [ 72.67798550602663, 23.163116636307265 ], [ 72.678036437975933, 23.163051987299294 ], [ 72.678080343565924, 23.162983119604817 ], [ 72.678116812637242, 23.162910676569449 ], [ 72.678145504501302, 23.162835334939817 ], [ 72.678166151123065, 23.162757798541772 ], [ 72.678178559624911, 23.162678791705453 ], [ 72.678182614088485, 23.162599052498841 ], [ 72.678178276637595, 23.162519325832907 ], [ 72.678165587792051, 23.162440356502803 ], [ 72.678144666089167, 23.162362882230067 ], [ 72.678123015802456, 23.162306620073199 ], [ 72.678119912760124, 23.162291482443258 ], [ 72.678094739414192, 23.162212701369821 ], [ 72.678061182035805, 23.162136607711318 ], [ 72.678043568143096, 23.162105852361027 ], [ 72.678012211230055, 23.162044776285644 ], [ 72.677967309586322, 23.161975674728854 ], [ 72.677915304751934, 23.16191091997386 ], [ 72.677856690703294, 23.161851127110939 ], [ 72.677792024195426, 23.161796864099284 ], [ 72.677721919473626, 23.161748646371933 ], [ 72.677674637345845, 23.161722305224494 ], [ 72.677669698148748, 23.161718728236298 ], [ 72.677594844237944, 23.161674782710865 ], [ 72.677515636311924, 23.16163784766534 ], [ 72.677483236311915, 23.161624547590446 ], [ 72.677401587893357, 23.161595333135004 ], [ 72.677317232386287, 23.161573570325579 ], [ 72.677230972206502, 23.161559466180442 ], [ 72.677143627887659, 23.16155315486504 ], [ 72.677056030276063, 23.161554696415671 ], [ 72.676969012627453, 23.16156407616835 ], [ 72.67688340268073, 23.161581204898336 ], [ 72.67680001478432, 23.161605919668883 ], [ 72.676719642149848, 23.16163798538129 ], [ 72.676643049306776, 23.161677097011371 ], [ 72.676570964830063, 23.161722882511157 ], [ 72.67650407440965, 23.161774906348136 ], [ 72.676443014328001, 23.161832673648437 ], [ 72.676388365407618, 23.161895634904482 ], [ 72.676340647486015, 23.161963191202357 ], [ 72.676328047486024, 23.161983091264101 ], [ 72.67628851172752, 23.162053004527451 ], [ 72.67625640269533, 23.162126063583241 ], [ 72.676232012665992, 23.162201603397573 ], [ 72.67621556365286, 23.16227893635612 ], [ 72.67620720538514, 23.16235735852333 ], [ 72.676205405385133, 23.162390458533515 ], [ 72.676205602795093, 23.162476424151766 ], [ 72.676215518324526, 23.162561905171184 ], [ 72.676235044548037, 23.162645975487283 ], [ 72.676263969917386, 23.162727724280909 ], [ 72.676301981053427, 23.162806265885951 ], [ 72.676311092564902, 23.162820802806294 ] ] ] } },
{ "type": "Feature", "properties": { "version": 1, "visible": null, "lon": null, "timestamp": 1616688964, "tags": { "visible": false }, "changeset": null, "lat": null, "id": 922160498, "natural": "water", "water": "pond", "wetland": null, "osm_type": "way", "grassland": null, "reef": null, "Risk": "High" }, "geometry": { "type": "Polygon", "coordinates": [ [ [ 72.675964727915698, 23.162118628201451 ], [ 72.675957565921166, 23.162125869803443 ], [ 72.675899943794562, 23.162190405919759 ], [ 72.675849703379214, 23.162259961165091 ], [ 72.675807358149783, 23.162333824653235 ], [ 72.675773340889293, 23.162411241467002 ], [ 72.675747999266093, 23.162491420373996 ], [ 72.675731592280428, 23.162573541913506 ], [ 72.675724287617427, 23.162656766771867 ], [ 72.675726159933333, 23.16274024436062 ], [ 72.675737190092391, 23.162823121509913 ], [ 72.67575726536252, 23.162904551188163 ], [ 72.675769865362525, 23.162945851119378 ], [ 72.675795205883674, 23.163016504696529 ], [ 72.675827358926753, 23.163084775101016 ], [ 72.675866063599827, 23.163150108386343 ], [ 72.675911005850665, 23.163211974438596 ], [ 72.675961821014866, 23.163269871277702 ], [ 72.676018096774854, 23.163323329130332 ], [ 72.676080996774857, 23.163377928885488 ], [ 72.676142997636248, 23.163427035001757 ], [ 72.676209601891316, 23.163470749889225 ], [ 72.676280256801093, 23.163508710769889 ], [ 72.676354376010849, 23.163540602616965 ], [ 72.676431344416116, 23.163566160769111 ], [ 72.676483544416115, 23.163581060681352 ], [ 72.676566988724687, 23.163600898553614 ], [ 72.676652116815674, 23.163613292924694 ], [ 72.676738145045846, 23.163618129700772 ], [ 72.676824281485793, 23.163615364357923 ], [ 72.676867481485772, 23.16361206437821 ], [ 72.676966551204572, 23.16359935871478 ], [ 72.67706347026558, 23.163576605271878 ], [ 72.677157036949069, 23.163544086169168 ], [ 72.677189436949078, 23.163530886243588 ], [ 72.677268534236674, 23.163494272066053 ], [ 72.67734332598495, 23.163450675568569 ], [ 72.677413085345293, 23.163400520428343 ], [ 72.677477134375394, 23.163344294060977 ], [ 72.67753485062758, 23.163282542883849 ], [ 72.677580220217152, 23.163223020960945 ], [ 72.677601660891028, 23.163210056814751 ], [ 72.677673068387492, 23.163156489311156 ], [ 72.677738130399192, 23.163096477153548 ], [ 72.677796162116621, 23.163030651991043 ], [ 72.677846552727587, 23.162959706657649 ], [ 72.677859152727564, 23.16293980671939 ], [ 72.677899742709812, 23.162867782250608 ], [ 72.677932451884757, 23.16279244427275 ], [ 72.677956964716586, 23.162714519544274 ], [ 72.677973044737158, 23.162634759778388 ], [ 72.677980536827221, 23.162553934391639 ], [ 72.677979368712798, 23.162472823081668 ], [ 72.677977568712805, 23.162446323071482 ], [ 72.677967405368122, 23.162363758005863 ], [ 72.677948269974493, 23.162282549641802 ], [ 72.677920356217243, 23.162203519960173 ], [ 72.677883946634807, 23.162127468890926 ], [ 72.677839409758988, 23.16205516621616 ], [ 72.677787196384671, 23.161987343778247 ], [ 72.677727835007047, 23.161924688072038 ], [ 72.677661926472155, 23.161867833295915 ], [ 72.677590137895351, 23.161817354932275 ], [ 72.677566737895347, 23.161802554857083 ], [ 72.677496079287152, 23.161762164403012 ], [ 72.67742165917717, 23.16172795765516 ], [ 72.677344115979537, 23.161700228061534 ], [ 72.677264114899842, 23.161679213504986 ], [ 72.67718234222869, 23.161665094262428 ], [ 72.677099499454272, 23.161657991458217 ], [ 72.677074330280888, 23.161656910956751 ], [ 72.677059266043116, 23.161653023388151 ], [ 72.676979755153852, 23.161636045774365 ], [ 72.676898896303143, 23.161625773956001 ], [ 72.67681735712452, 23.161622292746717 ], [ 72.676735810868806, 23.161625630890629 ], [ 72.67665493084526, 23.161635760824907 ], [ 72.676575384862261, 23.161652598907416 ], [ 72.676542984862266, 23.161660898956729 ], [ 72.67646060694284, 23.16168600310748 ], [ 72.67638124827576, 23.161718298538457 ], [ 72.676305649537952, 23.161757483822161 ], [ 72.676234516313855, 23.161803193225381 ], [ 72.676168512510003, 23.161855000122856 ], [ 72.676108254158578, 23.161912420979363 ], [ 72.676054303667868, 23.161974919862931 ], [ 72.676007164573065, 23.162041913447094 ], [ 72.675967276836701, 23.162112776455487 ], [ 72.675964727915698, 23.162118628201451 ] ] ] } },
{ "type": "Feature", "properties": { "version": 1, "visible": null, "lon": null, "timestamp": 1622786879, "tags": { "visible": false, "intermittent": "yes", "name": "Narol Lake" }, "changeset": null, "lat": null, "id": 950270679, "natural": "water", "water": "basin", "wetland": null, "osm_type": "way", "grassland": null, "reef": null, "Risk": "High" }, "geometry": { "type": "Polygon", "coordinates": [ [ [ 72.594191834114881, 22.959832298300586 ], [ 72.594144231616994, 22.959869415124196 ], [ 72.594080974842811, 22.959929892249715 ], [ 72.593973674842815, 22.960043492705665 ], [ 72.593917855411775, 22.960108972519219 ], [ 72.593869466301896, 22.96017928665956 ], [ 72.593828997595978, 22.960253722981115 ], [ 72.593796859159355, 22.960331527589826 ], [ 72.59377337648877, 22.960411912478811 ], [ 72.59375878741568, 22.960494063509483 ], [ 72.59375323969762, 22.960577148657237 ], [ 72.593756789521649, 22.960660326438312 ], [ 72.593799689521632, 22.961099926197679 ], [ 72.593811196835077, 22.961176980692567 ], [ 72.593830513808427, 22.961252699224993 ], [ 72.593857469632724, 22.961326412262125 ], [ 72.593891825953051, 22.96139746800559 ], [ 72.593933278976124, 22.961465238154791 ], [ 72.59398146215662, 22.961529123462487 ], [ 72.594035949438265, 22.961588559033363 ], [ 72.594096259021214, 22.961643019318895 ], [ 72.594161857622339, 22.961692022764247 ], [ 72.594232165190789, 22.961735136066157 ], [ 72.594661265190823, 22.961972234822682 ], [ 72.594695395813375, 22.961990170604377 ], [ 72.595244519200833, 22.962264252506404 ], [ 72.595665840611986, 22.962507317639986 ], [ 72.595739563714091, 22.962545521117004 ], [ 72.595816862918028, 22.962577169705654 ], [ 72.595897052695676, 22.962601982735031 ], [ 72.595979421883825, 22.962619740154544 ], [ 72.596063239991139, 22.962630284485297 ], [ 72.596147763676555, 22.962633522216553 ], [ 72.596232243341589, 22.962629424635008 ], [ 72.596315929778171, 22.962618028079419 ], [ 72.596398080812946, 22.962599433618323 ], [ 72.596477967889285, 22.962573806153816 ], [ 72.596554882528494, 22.962541372959208 ], [ 72.596887482528516, 22.962383273818478 ], [ 72.596956332920641, 22.962346912741168 ], [ 72.597021428766382, 22.962305097737708 ], [ 72.597082261875585, 22.962258155244516 ], [ 72.597138357336448, 22.962206451727045 ], [ 72.597189277222952, 22.962150390819005 ], [ 72.597447979015897, 22.961838546747373 ], [ 72.597588102577376, 22.961709486111847 ], [ 72.597648885650699, 22.961647543089843 ], [ 72.597702577975426, 22.961580274051922 ], [ 72.597748632609154, 22.961508364233701 ], [ 72.597786580411579, 22.961432546145197 ], [ 72.597816034823495, 22.961353592109319 ], [ 72.597836695804446, 22.961272306394751 ], [ 72.59784835288923, 22.961189517023403 ], [ 72.597850887331759, 22.961106067335805 ], [ 72.597844273314649, 22.961022807400408 ], [ 72.597828578212287, 22.960940585354294 ], [ 72.597803961904447, 22.960860238763505 ], [ 72.597770675147714, 22.960782586090964 ], [ 72.59772905702107, 22.960708418358973 ], [ 72.597679531471869, 22.960638491091149 ], [ 72.597622602997248, 22.960573516615945 ], [ 72.597558851505028, 22.960514156810188 ], [ 72.597488926406385, 22.96046101635644 ], [ 72.597461896295925, 22.96044250410586 ], [ 72.597448866199429, 22.96041250929013 ], [ 72.597411102768348, 22.960336861502423 ], [ 72.597365271621896, 22.96026509239568 ], [ 72.597311837096825, 22.960197929102989 ], [ 72.59725134056329, 22.960136052094374 ], [ 72.597184394939944, 22.960080088282396 ], [ 72.597143653245041, 22.960052363525399 ], [ 72.597081915071769, 22.959958892777934 ], [ 72.597029573208246, 22.959888168730455 ], [ 72.596969574814537, 22.959822803266462 ], [ 72.596939381985251, 22.959796082193453 ], [ 72.596921841243571, 22.959763432505056 ], [ 72.596874621328112, 22.9596938663496 ], [ 72.596820149762863, 22.959628949211854 ], [ 72.596758962355352, 22.959569319653923 ], [ 72.596691660973221, 22.959515564227058 ], [ 72.59649316097321, 22.95937226353735 ], [ 72.59641253264239, 22.959320359499621 ], [ 72.596384594175746, 22.95930628667233 ], [ 72.596359208371453, 22.959277207429743 ], [ 72.596299153924662, 22.959220506084694 ], [ 72.596233485212508, 22.959169353350493 ], [ 72.59616280430771, 22.959124218219031 ], [ 72.596087759236411, 22.959085514510495 ], [ 72.596009038036868, 22.959053597079059 ], [ 72.595927362451363, 22.959028758559299 ], [ 72.595843481308933, 22.95901122668301 ], [ 72.595758163659923, 22.959001162191154 ], [ 72.595672191725043, 22.958998657360027 ], [ 72.595344991725042, 22.959003557389991 ], [ 72.595254299490662, 22.959009150438465 ], [ 72.595164685350952, 22.959023153731234 ], [ 72.595077066799377, 22.959045423896274 ], [ 72.59499234089806, 22.959075732921683 ], [ 72.594911375093304, 22.959113770490298 ], [ 72.594834998334633, 22.959159147157013 ], [ 72.594763992587659, 22.95921139833629 ], [ 72.594699084828179, 22.959269989059003 ], [ 72.594640939599088, 22.95933431944988 ], [ 72.594600089875641, 22.959384472608704 ], [ 72.594514270892716, 22.959483982724208 ], [ 72.594410120967751, 22.959567528493892 ], [ 72.594349694230203, 22.95962075396168 ], [ 72.5942949044328, 22.959678922601629 ], [ 72.594246226355054, 22.959741530348921 ], [ 72.594204081815548, 22.959808034672044 ], [ 72.594191834114881, 22.959832298300586 ] ] ] } },
{ "type": "Feature", "properties": { "version": 2, "visible": null, "lon": null, "timestamp": 1693218594, "tags": { "visible": false, "name": "Chharodi Lake", "wikimedia_commons": "Category:Chharodi Lake", "wikipedia": "en:Chharodi Lake" }, "changeset": null, "lat": null, "id": 986289292, "natural": "water", "water": "lake", "wetland": null, "osm_type": "way", "grassland": null, "reef": null, "Risk": "High" }, "geometry": { "type": "Polygon", "coordinates": [ [ [ 72.538830943415306, 23.122703896962662 ], [ 72.53879314341529, 23.122880797172691 ], [ 72.538781096129284, 23.122954708904459 ], [ 72.538776361202451, 23.123029319428763 ], [ 72.538778977385036, 23.123104018138804 ], [ 72.538788923266452, 23.123178193707101 ], [ 72.53880611745042, 23.123251239088514 ], [ 72.538823670963637, 23.123312307050558 ], [ 72.538829026755593, 23.123346686319039 ], [ 72.538824941800513, 23.123453309560659 ], [ 72.538825124076823, 23.123515911649275 ], [ 72.538830460291337, 23.123578321282778 ], [ 72.538854560291341, 23.123767921147234 ], [ 72.538868591650484, 23.123845814148062 ], [ 72.538890644261514, 23.123922119547188 ], [ 72.538920516703485, 23.123996140400738 ], [ 72.538957936131794, 23.124067200632119 ], [ 72.539002560770356, 23.124134651206901 ], [ 72.539053983033085, 23.124197876060723 ], [ 72.539111733246799, 23.124256297725957 ], [ 72.539175283940992, 23.124309382605883 ], [ 72.539312683940992, 23.124413582110883 ], [ 72.539387184222036, 23.12446437433308 ], [ 72.539466981649284, 23.124507832061791 ], [ 72.539551225749463, 23.12454349213607 ], [ 72.539639018657084, 23.124570974500624 ], [ 72.539729424683784, 23.124589986256172 ], [ 72.539821480290883, 23.124600324780875 ], [ 72.539914204358567, 23.124601879889759 ], [ 72.540223304358577, 23.124592379948222 ], [ 72.540329528822539, 23.124583286091493 ], [ 72.540508128822538, 23.124558086244861 ], [ 72.540569624798465, 23.124547380754869 ], [ 72.540889124798468, 23.1244810811531 ], [ 72.540967697717846, 23.124461293892413 ], [ 72.541043998324668, 23.124435041696277 ], [ 72.541117399111641, 23.124402540462846 ], [ 72.541187296420034, 23.124364057482548 ], [ 72.541431196420035, 23.124215558244952 ], [ 72.541509789081786, 23.124161818765931 ], [ 72.541581553559197, 23.124100530471615 ], [ 72.5416456368838, 23.124032421804284 ], [ 72.541701277382728, 23.12395830227096 ], [ 72.541897077382728, 23.12366440321636 ], [ 72.541942895338181, 23.123586551303614 ], [ 72.541979392485445, 23.123504637674603 ], [ 72.542006149774409, 23.12341960283225 ], [ 72.542095449774394, 23.12306580332481 ], [ 72.542111923659093, 23.122980396556688 ], [ 72.542149723659094, 23.122699296769106 ], [ 72.542156175667898, 23.122620615011936 ], [ 72.542154436288115, 23.122541726000801 ], [ 72.542144521386476, 23.122463349366331 ], [ 72.542126521407326, 23.122386200066462 ], [ 72.542100600547528, 23.122310981864501 ], [ 72.542031900547528, 23.122140381499719 ], [ 72.541995426315282, 23.122062371957075 ], [ 72.541950437734315, 23.121988217722279 ], [ 72.541897410094322, 23.121918702217656 ], [ 72.541836903615007, 23.12185455985961 ], [ 72.54166170361502, 23.121687059144669 ], [ 72.541595886335685, 23.121630159188705 ], [ 72.541524188273456, 23.121579625917853 ], [ 72.541447334412211, 23.121535970313047 ], [ 72.541366101869386, 23.121499633810298 ], [ 72.541281312038009, 23.121470983836772 ], [ 72.541193822281031, 23.121450310095252 ], [ 72.54110451726207, 23.121437821634579 ], [ 72.5410143, 23.121433644735689 ], [ 72.540742900000012, 23.121433644735689 ], [ 72.540655408678504, 23.121437572441682 ], [ 72.540568749256636, 23.121449318212896 ], [ 72.54048374572406, 23.121468770364185 ], [ 72.540198645724061, 23.121547770829896 ], [ 72.540127186286355, 23.121570632409735 ], [ 72.540058072116437, 23.121598943135048 ], [ 72.539505072116441, 23.121851644528363 ], [ 72.539432727096482, 23.121888619119119 ], [ 72.539364389387543, 23.121931560296808 ], [ 72.539300639091636, 23.121980103538764 ], [ 72.539242017369375, 23.122033836767489 ], [ 72.539189021846184, 23.122092303848856 ], [ 72.539142102388027, 23.122155008464301 ], [ 72.539071500263077, 23.122259350002103 ], [ 72.538967181540372, 23.122401879508356 ], [ 72.538920995071408, 23.122472316341184 ], [ 72.538882653440396, 23.122546627792929 ], [ 72.53885253671055, 23.12262407724209 ], [ 72.538830943415306, 23.122703896962662 ] ] ] } },
{ "type": "Feature", "properties": { "version": 1, "visible": null, "lon": null, "timestamp": 1633166409, "tags": { "visible": false, "name": "Ambli Lake" }, "changeset": null, "lat": null, "id": 988821262, "natural": "water", "water": "lake", "wetland": null, "osm_type": "way", "grassland": null, "reef": null, "Risk": "High" }, "geometry": { "type": "Polygon", "coordinates": [ [ [ 72.480148951972325, 23.02879253612252 ], [ 72.480186651972346, 23.028934835915781 ], [ 72.480210197312744, 23.029008612728596 ], [ 72.480241088871523, 23.029080057159213 ], [ 72.480279059414343, 23.029148551165743 ], [ 72.480345859414328, 23.0292563508382 ], [ 72.480388140868442, 23.029318082313175 ], [ 72.480436172509187, 23.0293761420279 ], [ 72.480519772509183, 23.029468441665422 ], [ 72.480576032348992, 23.029525002081257 ], [ 72.480637744446881, 23.029576522012363 ], [ 72.480704377898036, 23.029622558242448 ], [ 72.480775359459599, 23.029662714730911 ], [ 72.480934259459616, 23.029743514297138 ], [ 72.481006483215864, 23.029776437871238 ], [ 72.481081622814088, 23.029803271332415 ], [ 72.481159073381164, 23.029823798675253 ], [ 72.481238211440726, 23.029837854657714 ], [ 72.481380311440716, 23.029857054541193 ], [ 72.481460320627647, 23.029864516742894 ], [ 72.48154073436605, 23.029865363914958 ], [ 72.481620908204661, 23.02985958926811 ], [ 72.48170019961475, 23.029847239080631 ], [ 72.481718453561015, 23.029843615724531 ], [ 72.481778177902285, 23.029864714173701 ], [ 72.481854073071887, 23.029888013088527 ], [ 72.481931919763483, 23.029905005064162 ], [ 72.482107519763488, 23.029935804878583 ], [ 72.482193928434327, 23.029946990279672 ], [ 72.482281108661908, 23.029950407537129 ], [ 72.482368237855994, 23.02994602440797 ], [ 72.482454493907838, 23.029933882248521 ], [ 72.482539062947296, 23.029914095624211 ], [ 72.482621147022016, 23.029886851228696 ], [ 72.482699971626587, 23.029852406122419 ], [ 72.482774793010336, 23.029811085307276 ], [ 72.482844905195051, 23.029763278660269 ], [ 72.482909646636273, 23.029709437255036 ], [ 72.482968406465233, 23.029650069105998 ], [ 72.483047806465237, 23.029561569451609 ], [ 72.48309786883479, 23.029500172556077 ], [ 72.48314152772511, 23.029434767065933 ], [ 72.483178406748806, 23.029365916842568 ], [ 72.483208187968387, 23.029294215445372 ], [ 72.483230614637208, 23.029220281014709 ], [ 72.483245493412852, 23.029144750943047 ], [ 72.48325269602401, 23.029068276380045 ], [ 72.48325216037631, 23.028991516618969 ], [ 72.483243760376311, 23.028845416571627 ], [ 72.48324168779537, 23.028818008393671 ], [ 72.483233387795366, 23.028729508346988 ], [ 72.483221762260044, 23.028650385220512 ], [ 72.483201897432281, 23.028572663131794 ], [ 72.483173978595218, 23.028497067012985 ], [ 72.483138266153333, 23.028424301968002 ], [ 72.483095093203517, 23.028355046695768 ], [ 72.483044862428315, 23.028289947159635 ], [ 72.482998862428317, 23.028236046955442 ], [ 72.482935945477024, 23.028169892347975 ], [ 72.482865750950623, 23.028110260591195 ], [ 72.482789072648401, 23.0280578260437 ], [ 72.482706777691817, 23.028013181673636 ], [ 72.48267754170746, 23.027999193090114 ], [ 72.482586006238577, 23.027921950171542 ], [ 72.48251657929562, 23.027869013016243 ], [ 72.482441736228154, 23.027822747175549 ], [ 72.482362230941618, 23.027783618699335 ], [ 72.482278864304774, 23.027752021740994 ], [ 72.482078644991077, 23.027686745475734 ], [ 72.481890925557821, 23.027625369548723 ], [ 72.481857255416358, 23.027615045591777 ], [ 72.481669155416355, 23.027561145276145 ], [ 72.481576999611079, 23.027539588588166 ], [ 72.481482884222117, 23.027527117415836 ], [ 72.48138786372283, 23.027523871489301 ], [ 72.481293002727469, 23.027529887176755 ], [ 72.48112160272747, 23.027549187294248 ], [ 72.481042859849211, 23.027561343840194 ], [ 72.480965600874441, 23.027579887061982 ], [ 72.480890436135169, 23.027604670468886 ], [ 72.480817959419312, 23.027635498273067 ], [ 72.480696759419331, 23.027693198587379 ], [ 72.480629117170935, 23.027728908462823 ], [ 72.480565094922113, 23.027769882686215 ], [ 72.480505175122502, 23.027815812485262 ], [ 72.480413275122515, 23.027892712834223 ], [ 72.480351694878451, 23.027949503823809 ], [ 72.480296386119051, 23.028011520801975 ], [ 72.480247869741405, 23.028078179686929 ], [ 72.480206602672041, 23.02814885267988 ], [ 72.480172973563626, 23.028222874177846 ], [ 72.4801472991346, 23.028299547042515 ], [ 72.480129821186338, 23.02837814916607 ], [ 72.480120704325941, 23.028457940272148 ], [ 72.480120034415833, 23.028538168887845 ], [ 72.480124134415831, 23.028630468864726 ], [ 72.480132174589883, 23.028712069114256 ], [ 72.480148951972325, 23.02879253612252 ] ] ] } },
{ "type": "Feature", "properties": { "version": 1, "visible": null, "lon": null, "timestamp": 1633948554, "tags": { "visible": false }, "changeset": null, "lat": null, "id": 991912189, "natural": "water", "water": null, "wetland": null, "osm_type": "way", "grassland": null, "reef": null, "Risk": "High" }, "geometry": { "type": "Polygon", "coordinates": [ [ [ 72.46148150825708, 22.997434245586405 ], [ 72.461526149527813, 22.997487532549865 ], [ 72.461609049527823, 22.997577432193502 ], [ 72.46167244661855, 22.997639410874346 ], [ 72.461742430062401, 22.997695061179719 ], [ 72.461818258153386, 22.997743793318833 ], [ 72.46195105815336, 22.997820092922353 ], [ 72.462024981827057, 22.99785822830377 ], [ 72.462102480275405, 22.997889781954321 ], [ 72.462182863861941, 22.997914473091825 ], [ 72.462265417276242, 22.997932082000755 ], [ 72.462327917276241, 22.99794258193748 ], [ 72.462415130490186, 22.997953202890709 ], [ 72.4625030540697, 22.997955920287232 ], [ 72.462590844781403, 22.997950708066263 ], [ 72.462677660666159, 22.997937616214834 ], [ 72.462762669113957, 22.997916770288423 ], [ 72.462845054849041, 22.997888370206891 ], [ 72.462924027748869, 22.997852688337311 ], [ 72.462998830421782, 22.997810066881961 ], [ 72.46306874547075, 22.997760914596668 ], [ 72.463111845470749, 22.997727414753456 ], [ 72.463188800108071, 22.997660037307128 ], [ 72.463256578444344, 22.997584770356173 ], [ 72.463278178444355, 22.997557670454366 ], [ 72.463326243538702, 22.997490794370947 ], [ 72.463367045940387, 22.997419947235226 ], [ 72.463400201966138, 22.997345795248886 ], [ 72.463425399834961, 22.997269035691453 ], [ 72.463442402599995, 22.997190390363659 ], [ 72.463451050376634, 22.997110598800134 ], [ 72.463451261845918, 22.997030411315379 ], [ 72.463443035019353, 22.996950581948237 ], [ 72.463431735019356, 22.996878381885182 ], [ 72.463413482210626, 22.996793503029092 ], [ 72.463385694379582, 22.996710844484546 ], [ 72.463348675766653, 22.996631311259495 ], [ 72.463302831677282, 22.996555774145104 ], [ 72.463248664044357, 22.996485060181456 ], [ 72.463161164044351, 22.996382659793671 ], [ 72.463099414747717, 22.99631768413656 ], [ 72.4630306430183, 22.996258988682587 ], [ 72.46295559840415, 22.996207213166304 ], [ 72.462926997427374, 22.99618954870753 ], [ 72.462905711708785, 22.996171133207433 ], [ 72.462845955986168, 22.996123804522973 ], [ 72.462781922887885, 22.996081480457342 ], [ 72.462667222887887, 22.996012480103548 ], [ 72.462582922847474, 22.995967573791884 ], [ 72.462493836906276, 22.995931332720993 ], [ 72.46242632378258, 22.995907806234804 ], [ 72.462398057901382, 22.995894981047261 ], [ 72.462305916760116, 22.995858900733783 ], [ 72.462209985924176, 22.995832484243248 ], [ 72.462157785924177, 22.995820984174745 ], [ 72.462073914932049, 22.995806345901975 ], [ 72.461988913206739, 22.995799102180129 ], [ 72.461903548342562, 22.995799318423654 ], [ 72.461818591213131, 22.995806992679768 ], [ 72.461734809010053, 22.99582205564607 ], [ 72.461652958314971, 22.99584437129645 ], [ 72.461623358314966, 22.995853871351393 ], [ 72.461545280091087, 22.99588277316521 ], [ 72.461470482509739, 22.99591827389753 ], [ 72.461399621994289, 22.995960061988956 ], [ 72.461333320416415, 22.996007770701649 ], [ 72.461272159638597, 22.996060981338047 ], [ 72.461216676407659, 22.996119226915528 ], [ 72.461198576407639, 22.996140126995329 ], [ 72.46114706260451, 22.996206000167085 ], [ 72.461102812374008, 22.996276204839859 ], [ 72.46106625203106, 22.99635006464262 ], [ 72.461037733804773, 22.99642686799093 ], [ 72.461017532445055, 22.996505874942713 ], [ 72.461012932445058, 22.996528874968227 ], [ 72.461001932251278, 22.996602147433311 ], [ 72.460998089048971, 22.9966760315858 ], [ 72.461001433589146, 22.996749936248744 ], [ 72.46101193911079, 22.996823270082043 ], [ 72.461029521555091, 22.99689544631401 ], [ 72.461037521555085, 22.996922546270483 ], [ 72.461064593882952, 22.996999254147202 ], [ 72.461099655471514, 22.997073169339625 ], [ 72.461142372772144, 22.997143588681379 ], [ 72.461192339405784, 22.997209842263725 ], [ 72.461249080028779, 22.997271299808304 ], [ 72.461312054855128, 22.997327376662874 ], [ 72.461380664791378, 22.997377539362976 ], [ 72.461454257136097, 22.997421310706624 ], [ 72.46148150825708, 22.997434245586405 ] ] ] } },
{ "type": "Feature", "properties": { "version": 1, "visible": null, "lon": null, "timestamp": 1634603955, "tags": { "visible": false, "name": "Zundal Lake" }, "changeset": null, "lat": null, "id": 993784183, "natural": "water", "water": "lake", "wetland": null, "osm_type": "way", "grassland": null, "reef": null, "Risk": "High" }, "geometry": { "type": "Polygon", "coordinates": [ [ [ 72.582562136907242, 23.136712584925732 ], [ 72.582581636907236, 23.13673698483672 ], [ 72.582639587845421, 23.136802242225741 ], [ 72.582704465814871, 23.136861732112237 ], [ 72.582775595934152, 23.136914835671419 ], [ 72.582852238285042, 23.136961000510972 ], [ 72.582933595609276, 23.136999746416858 ], [ 72.583018821601939, 23.137030670348352 ], [ 72.583107029715023, 23.137053450630326 ], [ 72.583197302379475, 23.137067850299204 ], [ 72.583269902379499, 23.13707595024966 ], [ 72.583347596994884, 23.137081487619611 ], [ 72.583425521155291, 23.137080812193279 ], [ 72.58352632115529, 23.137075912223427 ], [ 72.583542811688119, 23.137074970688001 ], [ 72.583641911688105, 23.137068470727939 ], [ 72.583727322274129, 23.137059071786886 ], [ 72.583811363663713, 23.137042203728509 ], [ 72.583893265247355, 23.137018021220083 ], [ 72.583972276036278, 23.136986745996943 ], [ 72.584047671548518, 23.136948664829411 ], [ 72.584118760452128, 23.136904126893523 ], [ 72.58418489090414, 23.13685354056943 ], [ 72.58424545652764, 23.136797369697057 ], [ 72.584299901971917, 23.136736129323221 ], [ 72.58434772800463, 23.136670380979165 ], [ 72.584388496089531, 23.136600727531921 ], [ 72.584421832407529, 23.136527807656577 ], [ 72.584447431284431, 23.136452289980245 ], [ 72.584465057993739, 23.136374866951282 ], [ 72.58447455090905, 23.136296248490126 ], [ 72.584474826480303, 23.136279114499292 ], [ 72.58448145549869, 23.136249002143707 ], [ 72.584495495665067, 23.136161196369386 ], [ 72.584499210981889, 23.136072512183553 ], [ 72.584488610981879, 23.135432912123516 ], [ 72.584483005803975, 23.13535251229742 ], [ 72.584468910471429, 23.1352729968905 ], [ 72.584446459054135, 23.135195122227774 ], [ 72.58441586510213, 23.135119629029326 ], [ 72.584377419614412, 23.135047235364699 ], [ 72.584331488271005, 23.134978629822712 ], [ 72.584278507954835, 23.134914464961607 ], [ 72.584218982596141, 23.13485535110193 ], [ 72.584153478379321, 23.134801850521082 ], [ 72.58408261835767, 23.134754472104909 ], [ 72.58403131835766, 23.134723571945678 ], [ 72.583959216549545, 23.134684431332865 ], [ 72.58388346510425, 23.134651633850048 ], [ 72.583804722089852, 23.134625464420317 ], [ 72.583723671562794, 23.134606150386734 ], [ 72.583641017625339, 23.134593859537176 ], [ 72.583579117625348, 23.134587359497385 ], [ 72.583478828872089, 23.134582027066887 ], [ 72.583378519749203, 23.134587025012209 ], [ 72.583298819749189, 23.134595125061814 ], [ 72.583220734965238, 23.134606276479289 ], [ 72.583167634965235, 23.134616076538475 ], [ 72.583083054684209, 23.13463565787368 ], [ 72.583000938084567, 23.134662689718635 ], [ 72.582922059272903, 23.134696917241889 ], [ 72.582847161833442, 23.134738017777952 ], [ 72.582776951818389, 23.134785603869247 ], [ 72.582712091091906, 23.134839226918846 ], [ 72.582653191090884, 23.134898381419625 ], [ 72.582600807060913, 23.134962509719944 ], [ 72.582570807060918, 23.135003209860614 ], [ 72.582527015733561, 23.13506904539322 ], [ 72.58249009668782, 23.135138351622132 ], [ 72.582460372152724, 23.135210523638417 ], [ 72.582438101563724, 23.135284931521372 ], [ 72.582423479298257, 23.135360925836594 ], [ 72.582372079298253, 23.135727026125359 ], [ 72.58236515679458, 23.135806022675524 ], [ 72.582366498371726, 23.135885265647421 ], [ 72.582374563101951, 23.136001796428051 ], [ 72.582381212398232, 23.136180109905073 ], [ 72.582384293150326, 23.136225767116073 ], [ 72.582391293150323, 23.136297367076583 ], [ 72.582402253897641, 23.13637157161352 ], [ 72.582420477351818, 23.136444558422767 ], [ 72.582445813750837, 23.13651572769448 ], [ 72.582478054877797, 23.136584494556381 ], [ 72.582516935772219, 23.13665029388018 ], [ 72.582562136907242, 23.136712584925732 ] ] ] } },
{ "type": "Feature", "properties": { "version": 2, "visible": null, "lon": null, "timestamp": 1714975595, "tags": { "visible": false, "name": "Gota Lake" }, "changeset": null, "lat": null, "id": 993792327, "natural": "water", "water": "lake", "wetland": null, "osm_type": "way", "grassland": null, "reef": null, "Risk": "High" }, "geometry": { "type": "Polygon", "coordinates": [ [ [ 72.535932128280749, 23.09549102433499 ], [ 72.535905338864453, 23.095603735157969 ], [ 72.535885538864434, 23.095730335268847 ], [ 72.535877121745045, 23.095814534319288 ], [ 72.535878102972987, 23.095899083728671 ], [ 72.535888472274067, 23.095983098198641 ], [ 72.535908121073575, 23.096065698033705 ], [ 72.535942621073573, 23.096181897845426 ], [ 72.535954090667161, 23.096217381243513 ], [ 72.535966360529542, 23.096252445265474 ], [ 72.535987719854219, 23.096337525256335 ], [ 72.536007305361522, 23.096403102105423 ], [ 72.536031289229427, 23.096463458070208 ], [ 72.53603461267177, 23.09648128227877 ], [ 72.536054068714094, 23.096561466924335 ], [ 72.536082085101356, 23.09663947798461 ], [ 72.536118384871699, 23.096714544269375 ], [ 72.536162609176145, 23.096785923700715 ], [ 72.536214320826062, 23.096852910648725 ], [ 72.536273008615126, 23.096914842906958 ], [ 72.536475279856887, 23.097108004874922 ], [ 72.536514727490299, 23.097179729583555 ], [ 72.536557525593821, 23.097239393602148 ], [ 72.536561261365975, 23.09728289343354 ], [ 72.536577802981498, 23.097365986656769 ], [ 72.536603481144894, 23.097447092121968 ], [ 72.536638027484429, 23.097525362171087 ], [ 72.536668227484427, 23.097584862016269 ], [ 72.536707856426418, 23.097654167630871 ], [ 72.536798256426422, 23.097795567190005 ], [ 72.536842501522642, 23.097858124659862 ], [ 72.536866260115005, 23.09788587258906 ], [ 72.536871697666498, 23.097894774361212 ], [ 72.536920791870031, 23.097959708390391 ], [ 72.536976410549954, 23.09802002732247 ], [ 72.537038044116898, 23.098075178509944 ], [ 72.53710512787184, 23.098124656653326 ], [ 72.537177047180052, 23.098168008430498 ], [ 72.537253143102532, 23.09820483664997 ], [ 72.537332718433291, 23.098234803889738 ], [ 72.537374165593135, 23.098248320582602 ], [ 72.537403200287798, 23.098259474774217 ], [ 72.537424092694621, 23.098266217445087 ], [ 72.537436507133677, 23.098272484378501 ], [ 72.537518037215705, 23.098308846907891 ], [ 72.537603134849519, 23.09833746981041 ], [ 72.537690934273968, 23.098358061889115 ], [ 72.537780542240625, 23.098370413649302 ], [ 72.537871047101333, 23.098374399429659 ], [ 72.537886749603317, 23.098373632231766 ], [ 72.537934043036756, 23.098388281306356 ], [ 72.538023067696898, 23.098406864227222 ], [ 72.538113683038816, 23.098417040382508 ], [ 72.538204953283625, 23.098418704685635 ], [ 72.538295935889366, 23.098411839949751 ], [ 72.538385691284446, 23.098396517065261 ], [ 72.538473292570629, 23.098372894267754 ], [ 72.538557835095006, 23.09834121550405 ], [ 72.53863473509503, 23.098308115688461 ], [ 72.538743521948817, 23.098252537674533 ], [ 72.538807421948817, 23.098214337871536 ], [ 72.538880770271035, 23.098165482227831 ], [ 72.538948398292007, 23.098110081958943 ], [ 72.539009618726084, 23.098048700075399 ], [ 72.53906380940623, 23.09798196037725 ], [ 72.539095544462327, 23.097933333809031 ], [ 72.539119124018072, 23.09790576094753 ], [ 72.539165264666849, 23.097839769322341 ], [ 72.539204392656131, 23.097770049652013 ], [ 72.539236155191176, 23.097697230553671 ], [ 72.539260265887364, 23.097621968591003 ], [ 72.539276507352355, 23.097544942354599 ], [ 72.539286507352358, 23.097481542410591 ], [ 72.539294656336551, 23.097404859777754 ], [ 72.539295005026602, 23.09732781228319 ], [ 72.539287550390853, 23.09725106981357 ], [ 72.539272357243362, 23.097175299604675 ], [ 72.539266992505546, 23.097154131740034 ], [ 72.539272029292277, 23.097142735200464 ], [ 72.539298126926425, 23.097059720401546 ], [ 72.539314656425503, 23.096974652420627 ], [ 72.53932143700348, 23.096888461658079 ], [ 72.5393183945, 23.0968020907961 ], [ 72.539311194500002, 23.096724090755512 ], [ 72.53929905664566, 23.09664185571749 ], [ 72.539280349135723, 23.096570116058256 ], [ 72.539285238571324, 23.096538191008896 ], [ 72.539289005260457, 23.096458596480705 ], [ 72.53928830526047, 23.096322296476746 ], [ 72.539283801749889, 23.096243471124744 ], [ 72.539271142147186, 23.09616540064215 ], [ 72.539250441973323, 23.096088797437254 ], [ 72.539221890120956, 23.096014360530347 ], [ 72.539185747130517, 23.095942769174954 ], [ 72.539149895967611, 23.095879815059025 ], [ 72.539131672139419, 23.095824085919197 ], [ 72.539099147743997, 23.09575087435622 ], [ 72.539059163244403, 23.095680858292877 ], [ 72.539012084931954, 23.095614679140159 ], [ 72.538958344083269, 23.095552943160374 ], [ 72.538898433009308, 23.095496215913055 ], [ 72.538832900545444, 23.095445017073725 ], [ 72.538762347023706, 23.095399815673005 ], [ 72.538687418773122, 23.095361025799647 ], [ 72.538663114943262, 23.095351126089426 ], [ 72.538634372999937, 23.095329501734934 ], [ 72.538564601228543, 23.09528634902976 ], [ 72.538490749136614, 23.095249385566351 ], [ 72.538438564002092, 23.095228824662122 ], [ 72.538433887769344, 23.095177155155575 ], [ 72.538433883414598, 23.095175982643269 ], [ 72.538440368498314, 23.095159570807823 ], [ 72.538462170068613, 23.095081294143633 ], [ 72.538475555847228, 23.095001432960728 ], [ 72.538480397830767, 23.094920750940574 ], [ 72.538476649717111, 23.094840019615361 ], [ 72.538464347348125, 23.094760010990154 ], [ 72.53844360836689, 23.094681490160461 ], [ 72.538418108366898, 23.094602090022114 ], [ 72.538405529215552, 23.09456599103526 ], [ 72.538365429215531, 23.094459390820884 ], [ 72.538331522009756, 23.09438210580333 ], [ 72.538289324132066, 23.094308355573126 ], [ 72.538239264833152, 23.094238890348279 ], [ 72.538181853332688, 23.094174416759074 ], [ 72.538117673639277, 23.094115590659698 ], [ 72.537998173639295, 23.094016590207289 ], [ 72.537933471670769, 23.093967809691424 ], [ 72.537864117086244, 23.093924777303762 ], [ 72.537790711371855, 23.09388786625361 ], [ 72.537713891147575, 23.093857396661715 ], [ 72.537634591147579, 23.093829896503465 ], [ 72.537543411285085, 23.093803283599282 ], [ 72.537449671927504, 23.093785740385226 ], [ 72.537354436049668, 23.093777465799391 ], [ 72.53725878359657, 23.093778553674721 ], [ 72.537176083596563, 23.093783553705403 ], [ 72.537067392567366, 23.093796285052605 ], [ 72.536961195034038, 23.093821093804827 ], [ 72.536947646767629, 23.093825082149447 ], [ 72.536927067628525, 23.093826229548775 ], [ 72.536842069485246, 23.093838555711116 ], [ 72.536758743372673, 23.093858306084485 ], [ 72.536677853837929, 23.093885299448878 ], [ 72.536600143071695, 23.093919288126145 ], [ 72.536526324098247, 23.09395996025275 ], [ 72.536401624098247, 23.094036360643809 ], [ 72.536332105793932, 23.094083544157595 ], [ 72.536267836392526, 23.094136652335902 ], [ 72.5362094103386, 23.094195193960527 ], [ 72.536157368030089, 23.094258627557885 ], [ 72.536112190819949, 23.094326366407483 ], [ 72.536074296564038, 23.094397783968898 ], [ 72.536044035756319, 23.09447221967703 ], [ 72.536021688286922, 23.09454898505205 ], [ 72.536007460853469, 23.094627370067457 ], [ 72.536000467186014, 23.094681948152253 ], [ 72.535991582200069, 23.094710916950376 ], [ 72.535970742403563, 23.0947775074827 ], [ 72.535952256053093, 23.094848114962137 ], [ 72.535940581035291, 23.094919942813988 ], [ 72.535935807537797, 23.094992436177943 ], [ 72.535932907537799, 23.095153736194348 ], [ 72.535934714750852, 23.095221537434924 ], [ 72.535936876975768, 23.095251829992396 ], [ 72.535932200267169, 23.095275930689603 ], [ 72.535925400211951, 23.095360901542879 ], [ 72.535928148251074, 23.095446064754992 ], [ 72.535932128280749, 23.09549102433499 ] ] ] } },
{ "type": "Feature", "properties": { "version": 2, "visible": null, "lon": null, "timestamp": 1772032143, "tags": { "visible": false }, "changeset": null, "lat": null, "id": 996610809, "natural": "water", "water": null, "wetland": null, "osm_type": "way", "grassland": null, "reef": null, "Risk": "High" }, "geometry": { "type": "Polygon", "coordinates": [ [ [ 72.603911451764418, 23.097992389292244 ], [ 72.604286951764408, 23.098643787415295 ], [ 72.604355186555409, 23.098744076907359 ], [ 72.605256386555411, 23.099878972789856 ], [ 72.605310206333215, 23.099940367437529 ], [ 72.605370144434389, 23.09999676271234 ], [ 72.605435654813448, 23.100047644851117 ], [ 72.605939954813451, 23.100402843116367 ], [ 72.606014369155304, 23.100449991053914 ], [ 72.606093556433095, 23.100490024163555 ], [ 72.606176715436092, 23.100522537399925 ], [ 72.606263004767996, 23.100547201802197 ], [ 72.606351551360078, 23.100563767822241 ], [ 72.606441459304818, 23.100572067849377 ], [ 72.606531818920629, 23.100572017906114 ], [ 72.606621715955967, 23.100563618497763 ], [ 72.606710240839618, 23.100546954607328 ], [ 72.606796497883735, 23.100522194835726 ], [ 72.606879614346255, 23.100489589695997 ], [ 72.606958749261267, 23.100449469078836 ], [ 72.607033101947877, 23.100402238914985 ], [ 72.607101920111418, 23.10034837706834 ], [ 72.607164507455067, 23.100288428501255 ], [ 72.60722023072492, 23.100222999760927 ], [ 72.607268526117323, 23.100152752842771 ], [ 72.607308904983228, 23.100078398492634 ], [ 72.607340958772426, 23.100000689015875 ], [ 72.608113458772422, 23.09779999317513 ], [ 72.608137826617011, 23.097715537267959 ], [ 72.608152362447754, 23.097629186563449 ], [ 72.608248862447766, 23.096750887106634 ], [ 72.608253415191854, 23.0966674254814 ], [ 72.608248780200213, 23.0965839676348 ], [ 72.608235004878324, 23.096501367152928 ], [ 72.608212230116649, 23.096420468854536 ], [ 72.608180688849529, 23.096342100150324 ], [ 72.60814070367293, 23.096267062580267 ], [ 72.608092683544882, 23.096196123615453 ], [ 72.608037119602884, 23.096130008808334 ], [ 72.607974580140564, 23.096069394371668 ], [ 72.607905704795371, 23.096014900262102 ], [ 72.606135404795367, 23.09475169412357 ], [ 72.606063356171617, 23.094705295527298 ], [ 72.605986720293785, 23.094665600196404 ], [ 72.605906231763711, 23.094632988641038 ], [ 72.605822662113241, 23.094607773468191 ], [ 72.605736812408679, 23.09459019638496 ], [ 72.60564950557206, 23.094580425881478 ], [ 72.605561578492896, 23.094578555615723 ], [ 72.605473874006094, 23.094584603515656 ], [ 72.605387232812916, 23.094598511607394 ], [ 72.605302485422257, 23.094620146570946 ], [ 72.605220444189797, 23.094649301018254 ], [ 72.605141895530977, 23.094685695481296 ], [ 72.605067592382866, 23.09472898109113 ], [ 72.604998246986611, 23.094778742922216 ], [ 72.604376046986602, 23.09527214522053 ], [ 72.604310462298713, 23.095329708334219 ], [ 72.604251518367633, 23.095393058380555 ], [ 72.604199815422916, 23.095461550254569 ], [ 72.604155879958711, 23.095534486492141 ], [ 72.604120159372442, 23.095611124372645 ], [ 72.604093017408985, 23.095690683482346 ], [ 72.604074730456503, 23.09577235366168 ], [ 72.603817230456528, 23.097311955101535 ], [ 72.603809399957882, 23.097374594138081 ], [ 72.603806784715871, 23.0974376 ], [ 72.603806784715871, 23.0976053 ], [ 72.603811051941676, 23.097685744620314 ], [ 72.603823813078293, 23.097765424928372 ], [ 72.603844946888444, 23.097843583922799 ], [ 72.60387425259016, 23.097919479056721 ], [ 72.603911451764418, 23.097992389292244 ] ] ] } },
{ "type": "Feature", "properties": { "version": 1, "visible": null, "lon": null, "timestamp": 1637325909, "tags": { "visible": false }, "changeset": null, "lat": null, "id": 1004354574, "natural": "water", "water": null, "wetland": null, "osm_type": "way", "grassland": null, "reef": null, "Risk": "High" }, "geometry": { "type": "Polygon", "coordinates": [ [ [ 72.51463924589973, 23.135750699065085 ], [ 72.514681645899728, 23.135915398831354 ], [ 72.514708117977932, 23.135998518092357 ], [ 72.514743908493713, 23.136078631663857 ], [ 72.514861108493704, 23.136306231063813 ], [ 72.514899760510957, 23.136373168511348 ], [ 72.514994160510952, 23.13651996805104 ], [ 72.515044068256586, 23.136589349548984 ], [ 72.515101311289072, 23.136653763472104 ], [ 72.515165309108426, 23.136712556608213 ], [ 72.515235412714546, 23.136765132745534 ], [ 72.515310911188749, 23.136810958718549 ], [ 72.515391038903132, 23.136849569814476 ], [ 72.515474983284804, 23.136880574485669 ], [ 72.51555325294305, 23.136901363446579 ], [ 72.515586970126762, 23.13692572694767 ], [ 72.515666153716836, 23.136976850371305 ], [ 72.515750857119045, 23.137019846262227 ], [ 72.515811113009363, 23.137046646411875 ], [ 72.51593838544359, 23.137284635838476 ], [ 72.515975759377454, 23.137347484251126 ], [ 72.516018913798248, 23.137407118957388 ], [ 72.516067524209561, 23.137463091543164 ], [ 72.51612122508908, 23.13751498113168 ], [ 72.51621242508908, 23.137595780773207 ], [ 72.51627568652367, 23.137646796088948 ], [ 72.516343861121612, 23.137692144764117 ], [ 72.516416350767088, 23.137731428947347 ], [ 72.516492519487016, 23.137764303992387 ], [ 72.516571699030791, 23.137790481481577 ], [ 72.51665319473291, 23.137809731756054 ], [ 72.516736291607558, 23.137821885930514 ], [ 72.51682419160754, 23.137830885875402 ], [ 72.516909023271708, 23.137835850574049 ], [ 72.516993985454945, 23.137833419787423 ], [ 72.517078317411375, 23.137823615280233 ], [ 72.517161264038123, 23.137806524839796 ], [ 72.517242082636471, 23.137782301490063 ], [ 72.517320049561945, 23.137751162121543 ], [ 72.517394466703692, 23.137713385549411 ], [ 72.517464667735496, 23.137669310017198 ], [ 72.51753002408185, 23.13761933016837 ], [ 72.517569124081845, 23.13758643031791 ], [ 72.517632718637898, 23.137527239851476 ], [ 72.517689515200956, 23.137462466647484 ], [ 72.517738937514466, 23.137392767885714 ], [ 72.517780484140815, 23.137318850721023 ], [ 72.51781373354892, 23.137241465108858 ], [ 72.517838348391109, 23.137161396196458 ], [ 72.51785407892578, 23.137079456357025 ], [ 72.517860765551291, 23.136996476947544 ], [ 72.517858340425306, 23.136913299873964 ], [ 72.517846828153111, 23.13683076904929 ], [ 72.517817528153103, 23.136680968885923 ], [ 72.517799154356084, 23.136606810453781 ], [ 72.517773441056917, 23.136534520353269 ], [ 72.517740606242157, 23.136464711433042 ], [ 72.517672206242167, 23.136335911084853 ], [ 72.51765476602074, 23.13630476332137 ], [ 72.517570066020738, 23.136161062899525 ], [ 72.517538676334581, 23.136111932102118 ], [ 72.517431176334597, 23.135956231587993 ], [ 72.517383654371116, 23.135893940121953 ], [ 72.517330100968763, 23.13583593395601 ], [ 72.517270970516094, 23.135782705265253 ], [ 72.51722029607366, 23.135741114192061 ], [ 72.517189281059331, 23.135665720660956 ], [ 72.517147434761398, 23.135589110458817 ], [ 72.517039934761385, 23.135415409929553 ], [ 72.516997136622393, 23.135352928564007 ], [ 72.516948441826003, 23.135294211385574 ], [ 72.516804141385308, 23.135135461011441 ], [ 72.516676014342337, 23.134988906139352 ], [ 72.516621808234447, 23.134932389602536 ], [ 72.516562226960673, 23.13488065072751 ], [ 72.516497766348749, 23.13483412008436 ], [ 72.516428962831682, 23.134793184900747 ], [ 72.516356388983567, 23.134758185839338 ], [ 72.516280648754673, 23.134729414162582 ], [ 72.516163348754674, 23.134690513937159 ], [ 72.516098416762205, 23.134671507001478 ], [ 72.516032104844356, 23.134657080861867 ], [ 72.515849804844351, 23.134624080662416 ], [ 72.515767308507989, 23.134612776131689 ], [ 72.51568402760148, 23.134608556437527 ], [ 72.515600680076517, 23.134611457957927 ], [ 72.515517984459123, 23.134621455678875 ], [ 72.515436653655328, 23.134638463410003 ], [ 72.515357388805285, 23.134662334527672 ], [ 72.515262888805296, 23.134695334717719 ], [ 72.515179007564456, 23.134729222504149 ], [ 72.515099316155556, 23.134770790876278 ], [ 72.515024643525692, 23.134819607434522 ], [ 72.514955766416747, 23.134875164383249 ], [ 72.514893401285889, 23.13493688381315 ], [ 72.514838196852892, 23.135004123712974 ], [ 72.514769796852889, 23.135096924033711 ], [ 72.514721697947351, 23.135170062521727 ], [ 72.514682074840138, 23.13524737984584 ], [ 72.514651351728006, 23.135328048256291 ], [ 72.514629857526231, 23.13541120412852 ], [ 72.514617822347319, 23.135495957209194 ], [ 72.514615375037351, 23.135581400147206 ], [ 72.514622541796797, 23.135666618207715 ], [ 72.51463924589973, 23.135750699065085 ] ] ] } },
{ "type": "Feature", "properties": { "version": 1, "visible": null, "lon": null, "timestamp": 1638035551, "tags": { "visible": false }, "changeset": null, "lat": null, "id": 1006791519, "natural": "water", "water": "pond", "wetland": null, "osm_type": "way", "grassland": null, "reef": null, "Risk": "High" }, "geometry": { "type": "Polygon", "coordinates": [ [ [ 72.510985729951855, 23.044462790052044 ], [ 72.510979729951856, 23.044507590085679 ], [ 72.510973337429007, 23.044585537789345 ], [ 72.510974974774953, 23.04466369257171 ], [ 72.510984627348037, 23.044741355547913 ], [ 72.511002208831883, 23.044817832232226 ], [ 72.511027562007214, 23.044892438748235 ], [ 72.511041462007228, 23.044927438674499 ], [ 72.511046938250843, 23.044939191522346 ], [ 72.511045288891083, 23.044970220283485 ], [ 72.511050412294097, 23.045055895416731 ], [ 72.51106515947609, 23.045140620222231 ], [ 72.511071459476113, 23.045167720187436 ], [ 72.511092625245297, 23.045241801043765 ], [ 72.511121152082055, 23.045313760965531 ], [ 72.511156795038104, 23.045382982066219 ], [ 72.511199248061985, 23.045448869977218 ], [ 72.51124814662694, 23.045510858951289 ], [ 72.51130307086099, 23.045568416720215 ], [ 72.511363549152222, 23.045621049064952 ], [ 72.511429062198275, 23.04566830405912 ], [ 72.511448762198285, 23.045681203994608 ], [ 72.511520915428221, 23.045723829753697 ], [ 72.511597156383232, 23.045759931243538 ], [ 72.511676790472734, 23.045789179568136 ], [ 72.511759092193188, 23.045811308266192 ], [ 72.511843311737636, 23.045826115738521 ], [ 72.511928681826845, 23.045833467084606 ], [ 72.512014424699643, 23.04583329533148 ], [ 72.512099759198605, 23.045825602043873 ], [ 72.512127959198608, 23.045821802066957 ], [ 72.512214960000804, 23.04580600804794 ], [ 72.512299844629794, 23.045782397694634 ], [ 72.512381785904793, 23.04575120108035 ], [ 72.512459985327311, 23.045712722203618 ], [ 72.512533680862362, 23.045667336025993 ], [ 72.512602154364245, 23.045615484818381 ], [ 72.512664738574756, 23.045557673851476 ], [ 72.512720823625472, 23.045494466472285 ], [ 72.512769862980761, 23.045426478614733 ], [ 72.512786862980747, 23.045400178697246 ], [ 72.512830955127868, 23.045322963374936 ], [ 72.512865959682699, 23.045241902514697 ], [ 72.512886146944538, 23.045175471137341 ], [ 72.512923812129415, 23.045115646406241 ], [ 72.512939012129394, 23.045088746482399 ], [ 72.512974693511168, 23.045017538155307 ], [ 72.513002882019777, 23.044943539058544 ], [ 72.513023324004962, 23.044867415058349 ], [ 72.513035835522473, 23.044789851142607 ], [ 72.5130403039892, 23.044711545257208 ], [ 72.513040503989217, 23.044674845258346 ], [ 72.513036320602808, 23.044590909051248 ], [ 72.513022899064595, 23.044507797201394 ], [ 72.513000378047337, 23.044426368431843 ], [ 72.512968990240651, 23.044347464077326 ], [ 72.512934482473469, 23.044282161064572 ], [ 72.512916687485699, 23.044217591827014 ], [ 72.512885328822975, 23.044138580813325 ], [ 72.51284540672016, 23.044062911343367 ], [ 72.512797334549248, 23.043991366940212 ], [ 72.512741610071785, 23.043924688414936 ], [ 72.512678810284868, 23.043863566195633 ], [ 72.512609585446597, 23.043808633178088 ], [ 72.512534652343106, 23.043760458172134 ], [ 72.512520752343093, 23.043752458130513 ], [ 72.512448215297795, 23.043714895213203 ], [ 72.512372211466484, 23.04368367156739 ], [ 72.51229339334806, 23.043659055255038 ], [ 72.512212437602201, 23.043641257612762 ], [ 72.512130039240361, 23.04363043143745 ], [ 72.512046905658934, 23.043626669674357 ], [ 72.51196375056621, 23.043630004619104 ], [ 72.511942050566205, 23.043631804630106 ], [ 72.511852447016835, 23.043643448468011 ], [ 72.511764571146614, 23.043663328739154 ], [ 72.511679314695073, 23.043691243700589 ], [ 72.511597542820567, 23.04372691007427 ], [ 72.511520085320996, 23.043769965921928 ], [ 72.511447728213156, 23.043819974318133 ], [ 72.511419398055438, 23.043844016361625 ], [ 72.511405345812378, 23.043851736018624 ], [ 72.5113333901038, 23.043900825425776 ], [ 72.51126710479484, 23.043956264954275 ], [ 72.511240704794815, 23.043980665059934 ], [ 72.511183813794318, 23.044038459371006 ], [ 72.511133094079099, 23.044100929523751 ], [ 72.511088997000357, 23.044167519594541 ], [ 72.511051914974914, 23.044237636997337 ], [ 72.511022177993112, 23.044310657757265 ], [ 72.511000050682313, 23.044385932063499 ], [ 72.510985729951855, 23.044462790052044 ] ] ] } },
{ "type": "Feature", "properties": { "version": 1, "visible": null, "lon": null, "timestamp": 1638344346, "tags": { "visible": false }, "changeset": null, "lat": null, "id": 1008019382, "natural": "water", "water": null, "wetland": null, "osm_type": "way", "grassland": null, "reef": null, "Risk": "High" }, "geometry": { "type": "Polygon", "coordinates": [ [ [ 72.497935710498339, 23.132983267383114 ], [ 72.497986164665761, 23.133142596074258 ], [ 72.498020135780337, 23.133284872373366 ], [ 72.498048718607293, 23.133464806254928 ], [ 72.498065308243056, 23.133542796529724 ], [ 72.498089970272332, 23.133618960007539 ], [ 72.498122476466918, 23.133692591857308 ], [ 72.498162526006823, 23.133763010677242 ], [ 72.498209748264159, 23.133829564800553 ], [ 72.498303748264149, 23.133949064369133 ], [ 72.498361211663507, 23.134014773346699 ], [ 72.498425659838674, 23.134074753176328 ], [ 72.498496421304111, 23.134128378936293 ], [ 72.498572758796143, 23.134175091907743 ], [ 72.498653876954492, 23.134214405395706 ], [ 72.498738930609093, 23.134245909799631 ], [ 72.49882703358594, 23.134269276880744 ], [ 72.498936595998046, 23.134292839465932 ], [ 72.499002154644003, 23.134327301421941 ], [ 72.499086156173149, 23.134361518438247 ], [ 72.499173518906034, 23.134387666560499 ], [ 72.499263329042748, 23.134405472288421 ], [ 72.499354647184077, 23.134414749380355 ], [ 72.499446518157157, 23.134415400801217 ], [ 72.499646618157158, 23.134407400850449 ], [ 72.499735350741631, 23.134399784440479 ], [ 72.499822826024214, 23.134384120537284 ], [ 72.499908183087427, 23.134360563299662 ], [ 72.499990581861027, 23.134329344570009 ], [ 72.500069211389743, 23.134290771592728 ], [ 72.500143297814603, 23.1342452239906 ], [ 72.5002121119891, 23.134193150028828 ], [ 72.500274976655433, 23.134135062203548 ], [ 72.500331273109779, 23.134071532198224 ], [ 72.500380447291661, 23.134003185257523 ], [ 72.500422015236808, 23.133930694034039 ], [ 72.500455567840291, 23.133854771968419 ], [ 72.500480774882888, 23.133776166268049 ], [ 72.500497388280991, 23.133695650553364 ], [ 72.50050524452827, 23.133614017244145 ], [ 72.500513544528232, 23.133416617291118 ], [ 72.500512774868724, 23.133337937824116 ], [ 72.500503868643705, 23.133259682543819 ], [ 72.500486906651631, 23.133182561393671 ], [ 72.50043839798056, 23.133005801425504 ], [ 72.500409931326388, 23.132782019449142 ], [ 72.500396760765483, 23.132707880756225 ], [ 72.500376320874466, 23.132635148812906 ], [ 72.500348780679531, 23.13256442507355 ], [ 72.5003143679224, 23.132496294386698 ], [ 72.50027336717686, 23.132431320158556 ], [ 72.500226117495657, 23.132370039693821 ], [ 72.500102917495639, 23.13222473914351 ], [ 72.500045816329205, 23.132163768006542 ], [ 72.499982535530847, 23.132108194832252 ], [ 72.499913675503223, 23.132058546901028 ], [ 72.49983988958418, 23.132015295274886 ], [ 72.49976187784803, 23.131978850327812 ], [ 72.499680380463246, 23.131949557851915 ], [ 72.49943678046327, 23.131874357412812 ], [ 72.499358875290625, 23.131853853029718 ], [ 72.499279277809123, 23.131839887993085 ], [ 72.499198635708822, 23.131832575939388 ], [ 72.499117605179833, 23.131831976368399 ], [ 72.498906505179832, 23.131839176412718 ], [ 72.498823711153804, 23.131845535845518 ], [ 72.498741910130065, 23.131858902276061 ], [ 72.49866180181931, 23.131879161368314 ], [ 72.498584071453081, 23.131906139826715 ], [ 72.498509383922368, 23.131939606878596 ], [ 72.498438378090384, 23.131979276248309 ], [ 72.498296778090378, 23.132066876696001 ], [ 72.498226897606898, 23.132114795532249 ], [ 72.498162396591354, 23.132168717199868 ], [ 72.498103882394915, 23.132228133957522 ], [ 72.498051905995851, 23.132292486321315 ], [ 72.498006956811693, 23.132361168333205 ], [ 72.497969458090594, 23.132433533267072 ], [ 72.497939762926052, 23.132508899718577 ], [ 72.497918150932151, 23.1325865580216 ], [ 72.497904825610618, 23.132665776930729 ], [ 72.497899912434661, 23.132745810506883 ], [ 72.497903457667476, 23.132825905141267 ], [ 72.497915427926614, 23.132905306651509 ], [ 72.497935710498339, 23.132983267383114 ] ] ] } },
{ "type": "Feature", "properties": { "version": 1, "visible": null, "lon": null, "timestamp": 1638344935, "tags": { "visible": false }, "changeset": null, "lat": null, "id": 1008020840, "natural": "water", "water": null, "wetland": null, "osm_type": "way", "grassland": null, "reef": null, "Risk": "High" }, "geometry": { "type": "Polygon", "coordinates": [ [ [ 72.511973145922809, 23.147734049097227 ], [ 72.511921345922815, 23.147675648869729 ], [ 72.5118646974896, 23.147617607454944 ], [ 72.511802348382986, 23.147564737148162 ], [ 72.511734854401709, 23.147517509257632 ], [ 72.511662817207451, 23.147476344793155 ], [ 72.511586878961509, 23.147441610712931 ], [ 72.511507716600278, 23.147413616652123 ], [ 72.511426035800895, 23.147392612162509 ], [ 72.511342564690636, 23.147378784487774 ], [ 72.511198964690635, 23.147361384381458 ], [ 72.511114154124499, 23.147354846965541 ], [ 72.51102905135194, 23.147355718854229 ], [ 72.510944420257033, 23.14736399222129 ], [ 72.510861020490069, 23.147379592803471 ], [ 72.510695720490091, 23.14741809303349 ], [ 72.510616694952489, 23.147440098431517 ], [ 72.510540200660714, 23.147468682788659 ], [ 72.510387100660722, 23.147533583151915 ], [ 72.51030854140825, 23.147571311916948 ], [ 72.510234407877917, 23.147615975191428 ], [ 72.51016542169782, 23.147667138208934 ], [ 72.510102254390887, 23.147724302933035 ], [ 72.509913054390893, 23.147913303721939 ], [ 72.509880334465805, 23.147947865917764 ], [ 72.509687034465799, 23.148163866763674 ], [ 72.509644967215678, 23.148214767997757 ], [ 72.509607307382581, 23.148268508312366 ], [ 72.509471007382587, 23.148480608977394 ], [ 72.509432459077956, 23.148547398120943 ], [ 72.509400714565928, 23.148617148622819 ], [ 72.509376039854914, 23.148689275993071 ], [ 72.509358641710676, 23.14876317582517 ], [ 72.509292941710669, 23.149120676192304 ], [ 72.509282800226259, 23.149197767876334 ], [ 72.509280577119711, 23.149275394526821 ], [ 72.509286292039874, 23.149352870043074 ], [ 72.509299894475603, 23.149429509661402 ], [ 72.509353998535872, 23.149664300622568 ], [ 72.509368416491867, 23.149928149071258 ], [ 72.509376954362352, 23.150007566153874 ], [ 72.509393787651717, 23.150085854917037 ], [ 72.50941875922291, 23.150162284545512 ], [ 72.509564759222926, 23.15054158376546 ], [ 72.509599492540062, 23.150619073680389 ], [ 72.509642587645729, 23.150692928167206 ], [ 72.509693600815211, 23.150762386796721 ], [ 72.509752006796177, 23.150826734402003 ], [ 72.509817204216901, 23.150885308441762 ], [ 72.510067504216906, 23.151088407503096 ], [ 72.510136303932725, 23.151138940601502 ], [ 72.510210153906229, 23.151183037449297 ], [ 72.510288344540413, 23.151220274342773 ], [ 72.510370124530468, 23.151250293492275 ], [ 72.51045470808279, 23.151272806459868 ], [ 72.510735508082774, 23.151334006092799 ], [ 72.510833806406083, 23.151350185032523 ], [ 72.510933450387597, 23.151356232230473 ], [ 72.511155250387603, 23.151358332217523 ], [ 72.511235889804226, 23.151355763612329 ], [ 72.511315953258247, 23.151346552249176 ], [ 72.511459653258257, 23.151323952386491 ], [ 72.511548167852439, 23.151305760446764 ], [ 72.511634236204273, 23.15127945447319 ], [ 72.511716980929393, 23.151245302625284 ], [ 72.511795558524611, 23.151203653042575 ], [ 72.511869167966609, 23.151154930295856 ], [ 72.511937058877677, 23.151099631059452 ], [ 72.511998539174982, 23.151038319048325 ], [ 72.512052982125837, 23.150971619271875 ], [ 72.512099832736524, 23.150900211662918 ], [ 72.512138613409931, 23.150824824146682 ], [ 72.512168928814248, 23.150746225220615 ], [ 72.51219046991298, 23.15066521612054 ], [ 72.512203017115297, 23.150582622652998 ], [ 72.512206442514454, 23.150499286777112 ], [ 72.512175242514445, 23.148245586600311 ], [ 72.512170018441751, 23.14816653377332 ], [ 72.512156584369222, 23.148088304331047 ], [ 72.512135063803569, 23.148011617480982 ], [ 72.512105654594933, 23.147937178249904 ], [ 72.512068627118026, 23.147865671002094 ], [ 72.512024321786399, 23.147797753147419 ], [ 72.511973145922809, 23.147734049097227 ] ] ] } },
{ "type": "Feature", "properties": { "version": 1, "visible": null, "lon": null, "timestamp": 1638344935, "tags": { "visible": false }, "changeset": null, "lat": null, "id": 1008020841, "natural": "water", "water": null, "wetland": null, "osm_type": "way", "grassland": null, "reef": null, "Risk": "High" }, "geometry": { "type": "Polygon", "coordinates": [ [ [ 72.493562251920778, 23.149606983755028 ], [ 72.49363595192078, 23.149793183362526 ], [ 72.493655073117338, 23.149837472983599 ], [ 72.493753173117355, 23.150046872472974 ], [ 72.493793183225918, 23.150121649378779 ], [ 72.49384118448107, 23.150192338644349 ], [ 72.493896688249833, 23.150258220689167 ], [ 72.493959129526786, 23.150318624868785 ], [ 72.494027872685507, 23.150372936301395 ], [ 72.494102217949006, 23.150420602126761 ], [ 72.494181408513214, 23.150461137133789 ], [ 72.494264638250911, 23.150494128699485 ], [ 72.494530338250897, 23.150585128173855 ], [ 72.494607535191179, 23.150607975534282 ], [ 72.494686658503497, 23.150624328379362 ], [ 72.494767063333242, 23.150634053435887 ], [ 72.494848094381439, 23.150637071446138 ], [ 72.494929091245453, 23.15063335781381 ], [ 72.495304691245465, 23.150600458015678 ], [ 72.495363245899497, 23.15059353728472 ], [ 72.495653745899489, 23.150550237548185 ], [ 72.49573995865849, 23.15053335910703 ], [ 72.495823957348662, 23.1505087930279 ], [ 72.495904933220814, 23.150476775831734 ], [ 72.495982106629782, 23.150437615778621 ], [ 72.496054734540962, 23.150391689900051 ], [ 72.496122117684337, 23.150339440369038 ], [ 72.496381217684345, 23.150117641369658 ], [ 72.496439584637926, 23.150062808235148 ], [ 72.496492166233423, 23.150003231861657 ], [ 72.496538508764118, 23.149939426305192 ], [ 72.496578212357875, 23.14987194211411 ], [ 72.496610934427409, 23.149801361578838 ], [ 72.496636392626385, 23.149728293707707 ], [ 72.496654367285629, 23.149653368972164 ], [ 72.496748767285624, 23.149149669499398 ], [ 72.496759103877153, 23.14907352739527 ], [ 72.496761711286993, 23.148996831819666 ], [ 72.496756567012881, 23.148920244665323 ], [ 72.496743715450592, 23.148844426890406 ], [ 72.496723267510816, 23.148770032814348 ], [ 72.49669539966203, 23.148697704470901 ], [ 72.496510199662026, 23.148279803498909 ], [ 72.49647281136734, 23.148206057136605 ], [ 72.496427713486582, 23.148136050907766 ], [ 72.496375343629609, 23.148070464128171 ], [ 72.496316209970303, 23.14800993322978 ], [ 72.496250886315451, 23.147955045584819 ], [ 72.496180006536861, 23.147906333805906 ], [ 72.496104258420459, 23.147864270577511 ], [ 72.496024376992409, 23.147829264068982 ], [ 72.495941137386637, 23.147801653973605 ], [ 72.495855347323413, 23.147781708212143 ], [ 72.495767839271466, 23.147769620332877 ], [ 72.495679462370106, 23.147765507633366 ], [ 72.495007062370107, 23.147764707628436 ], [ 72.494909193396566, 23.147769507212931 ], [ 72.494812475547405, 23.147784081702344 ], [ 72.494718060080899, 23.147808257609505 ], [ 72.494627070849376, 23.147841747157077 ], [ 72.494257370849382, 23.147999848040641 ], [ 72.494184805254278, 23.148034661722463 ], [ 72.49411598703621, 23.148075404023754 ], [ 72.494051487508443, 23.148121736705903 ], [ 72.493991842131479, 23.148173275119888 ], [ 72.493937546067741, 23.148229591399716 ], [ 72.493889050070848, 23.148290218014651 ], [ 72.493671550070829, 23.148589819039866 ], [ 72.493629201131753, 23.148654346718324 ], [ 72.493593425094389, 23.148722155024039 ], [ 72.493564519808956, 23.148792679420506 ], [ 72.493542725923774, 23.148865332759417 ], [ 72.493528224881914, 23.148939510168972 ], [ 72.493521137410426, 23.149014594089817 ], [ 72.493508837410459, 23.149290694159465 ], [ 72.493509520980751, 23.149371189241446 ], [ 72.493518722866355, 23.149451240833589 ], [ 72.493536355670244, 23.149530088628893 ], [ 72.493562251920778, 23.149606983755028 ] ] ] } },
{ "type": "Feature", "properties": { "version": 1, "visible": null, "lon": null, "timestamp": 1638366068, "tags": { "visible": false }, "changeset": null, "lat": null, "id": 1008100438, "natural": "water", "water": null, "wetland": null, "osm_type": "way", "grassland": null, "reef": null, "Risk": "High" }, "geometry": { "type": "Polygon", "coordinates": [ [ [ 72.719282292968742, 23.090743951036032 ], [ 72.719395592968738, 23.091088350422641 ], [ 72.719423894560705, 23.091161718380899 ], [ 72.719459576232211, 23.091232310751888 ], [ 72.719631476232209, 23.091534309890488 ], [ 72.719670639899732, 23.091596393058765 ], [ 72.719715512734354, 23.091655115616742 ], [ 72.719765756160626, 23.091710034494469 ], [ 72.719989056160614, 23.091933633564302 ], [ 72.720060572991883, 23.091997703721702 ], [ 72.720139376518318, 23.092054078685006 ], [ 72.720224493534886, 23.092102062246717 ], [ 72.720419593534871, 23.092198761723235 ], [ 72.720497557016714, 23.092233059930908 ], [ 72.720578742570481, 23.09226030804443 ], [ 72.72066239882183, 23.092280253886198 ], [ 72.720747751530126, 23.092292712860225 ], [ 72.720834010753933, 23.092297569660495 ], [ 72.72092037816202, 23.09229477933803 ], [ 72.721006054421835, 23.092284367716854 ], [ 72.721090246597541, 23.092266431155021 ], [ 72.721285446597548, 23.092215631455609 ], [ 72.721372550078939, 23.092188462052992 ], [ 72.721456176905363, 23.092153242195781 ], [ 72.721535450425066, 23.092110341084091 ], [ 72.721609539621582, 23.092060208438916 ], [ 72.72167766782519, 23.092003369788038 ], [ 72.721739120854664, 23.091940420957318 ], [ 72.721793254503993, 23.091872021825026 ], [ 72.721839501295477, 23.091798889404743 ], [ 72.72187737642858, 23.091721790329327 ], [ 72.721938076428572, 23.091579190649046 ], [ 72.721967458149891, 23.091498018790432 ], [ 72.721987558744459, 23.09141448743167 ], [ 72.721998162754105, 23.091329491941202 ], [ 72.721999156514556, 23.091243943383112 ], [ 72.721990156514579, 23.091042643332244 ], [ 72.721983938052247, 23.090973808169352 ], [ 72.721971491869084, 23.09090569117166 ], [ 72.721952904925729, 23.090838768269641 ], [ 72.721879844509758, 23.090615137752948 ], [ 72.721802665931804, 23.090373212173958 ], [ 72.72177740370293, 23.090305141645857 ], [ 72.721745802205888, 23.090239349776372 ], [ 72.721708100868739, 23.090176335039931 ], [ 72.721592600868732, 23.090001734481845 ], [ 72.721543777181992, 23.08993539791939 ], [ 72.721488200118372, 23.08987372195287 ], [ 72.721426392005725, 23.089817286235974 ], [ 72.721358933732887, 23.0897666211733 ], [ 72.721286459290411, 23.089722202935167 ], [ 72.72120964981211, 23.089684448982215 ], [ 72.720977549812133, 23.089583348420376 ], [ 72.720897340169543, 23.089552684055331 ], [ 72.720814286025799, 23.089529289110835 ], [ 72.720729163897673, 23.089513382322355 ], [ 72.720642769636683, 23.08950511241348 ], [ 72.720555910988182, 23.089504556705361 ], [ 72.720311910988187, 23.089513856762494 ], [ 72.72022656408808, 23.089520872294443 ], [ 72.720142332086539, 23.089535336169384 ], [ 72.720059981372216, 23.089557116784729 ], [ 72.719980261216833, 23.089586015965065 ], [ 72.719903896957831, 23.089621770765387 ], [ 72.719745196957817, 23.089705071210261 ], [ 72.719675068727312, 23.089745943899668 ], [ 72.719609341840908, 23.089792597485516 ], [ 72.719548577659125, 23.089844633502821 ], [ 72.719493295157008, 23.089901607516108 ], [ 72.719443966491681, 23.089963032915463 ], [ 72.719401012969641, 23.090028385072781 ], [ 72.719352712969638, 23.090110185312845 ], [ 72.719314224395802, 23.090183834343836 ], [ 72.719283831704274, 23.090260620137428 ], [ 72.719261832108373, 23.09033979179258 ], [ 72.719248440744451, 23.09042057507785 ], [ 72.719243788568022, 23.09050218000284 ], [ 72.719247921073276, 23.09058380854367 ], [ 72.719260797847951, 23.090664662446965 ], [ 72.719282292968742, 23.090743951036032 ] ] ] } },
{ "type": "Feature", "properties": { "version": 1, "visible": null, "lon": null, "timestamp": 1638457956, "tags": { "visible": false, "alt_name": "Ghatlodia Lake", "name": "Ghatlodiya Lake", "name:gu": "ઘાટલોડિયા તળાવ" }, "changeset": null, "lat": null, "id": 1008655803, "natural": "water", "water": "lake", "wetland": null, "osm_type": "way", "grassland": null, "reef": null, "Risk": "High" }, "geometry": { "type": "Polygon", "coordinates": [ [ [ 72.529599797094733, 23.085519446167527 ], [ 72.529619409755028, 23.085534264213624 ], [ 72.529700409755037, 23.085592063932864 ], [ 72.529739883212741, 23.085618679139404 ], [ 72.52981938321274, 23.0856692788836 ], [ 72.529890854256649, 23.085710347003541 ], [ 72.529966194065196, 23.085745073629354 ], [ 72.530044739668284, 23.085773153181059 ], [ 72.530139339668281, 23.085802353010873 ], [ 72.530222776359381, 23.085824046888447 ], [ 72.530308097916233, 23.085838239963085 ], [ 72.530394509475329, 23.085844800013167 ], [ 72.530481206018578, 23.08584366592579 ], [ 72.530567379872963, 23.085834848266011 ], [ 72.530652228234899, 23.085818429178474 ], [ 72.53073496064917, 23.085794561622169 ], [ 72.530814806372973, 23.085763467945561 ], [ 72.530891021556158, 23.08572543781532 ], [ 72.530962896171005, 23.085680825517933 ], [ 72.531029760626964, 23.085630046659372 ], [ 72.5310909920086, 23.08557357429347 ], [ 72.531159992008568, 23.085503474582723 ], [ 72.531213935847973, 23.085443173330457 ], [ 72.531261451056352, 23.085378456962122 ], [ 72.531302113290138, 23.085309903433604 ], [ 72.531335559407481, 23.085238124969852 ], [ 72.531361490711504, 23.085163762597457 ], [ 72.53141309071151, 23.084987562879217 ], [ 72.531432198011871, 23.084906200341919 ], [ 72.531442310849073, 23.084823482237965 ], [ 72.531443326617634, 23.084740247828584 ], [ 72.531435235011529, 23.084657341615028 ], [ 72.531428835011525, 23.08461554157919 ], [ 72.531411886101509, 23.084534435306303 ], [ 72.531386221276364, 23.084455290395823 ], [ 72.531352096891808, 23.084378897398889 ], [ 72.531309853802725, 23.084306019380069 ], [ 72.531259913958522, 23.084237384295154 ], [ 72.531202776188408, 23.084173677719683 ], [ 72.531139011218812, 23.084115536000702 ], [ 72.531069255972653, 23.084063539900267 ], [ 72.530994207207286, 23.084018208794127 ], [ 72.530914614554959, 23.08397999548361 ], [ 72.530824314554962, 23.083941795270256 ], [ 72.530722890502631, 23.08390556092592 ], [ 72.53061744847497, 23.08388087247614 ], [ 72.530231948474963, 23.083813172067352 ], [ 72.530147323701826, 23.083802118817744 ], [ 72.530061940050189, 23.083798514449452 ], [ 72.529976570521214, 23.083802391594393 ], [ 72.529891987988151, 23.083813715151088 ], [ 72.529808958199396, 23.083832382602477 ], [ 72.529728232845926, 23.083858224944084 ], [ 72.529650542756059, 23.083891008214202 ], [ 72.529606442756062, 23.083912008328845 ], [ 72.52953033622498, 23.083952718425707 ], [ 72.529458926919546, 23.08400008620556 ], [ 72.529392900692301, 23.084053656716563 ], [ 72.529332891693841, 23.084112915432272 ], [ 72.529279476282142, 23.084177293193708 ], [ 72.529233167486908, 23.084246171676099 ], [ 72.529194410082127, 23.084318889327893 ], [ 72.529163576314346, 23.08439474772489 ], [ 72.529140962327261, 23.084473018278462 ], [ 72.529126785317501, 23.084552949233512 ], [ 72.529119685317482, 23.084610649273408 ], [ 72.529114309412506, 23.084681383171208 ], [ 72.529115544715296, 23.084752280596991 ], [ 72.529123382131274, 23.084822819588179 ], [ 72.52913758213127, 23.084912419508711 ], [ 72.52915501495734, 23.084993659574629 ], [ 72.529181198434514, 23.085072886763506 ], [ 72.52921586965239, 23.085149305553042 ], [ 72.529258680474513, 23.085222148621487 ], [ 72.529309201033968, 23.085290684552135 ], [ 72.529366924049768, 23.085354225177312 ], [ 72.529431269920522, 23.085412132488027 ], [ 72.52950159254415, 23.085463825039959 ], [ 72.529577185805593, 23.0855087837915 ], [ 72.529599797094733, 23.085519446167527 ] ] ] } },
{ "type": "Feature", "properties": { "version": 2, "visible": null, "lon": null, "timestamp": 1736428583, "tags": { "visible": false, "intermittent": "yes" }, "changeset": null, "lat": null, "id": 1017007889, "natural": "water", "water": "lake", "wetland": null, "osm_type": "way", "grassland": null, "reef": null, "Risk": "High" }, "geometry": { "type": "Polygon", "coordinates": [ [ [ 72.492904619596359, 23.038915017223133 ], [ 72.492892519596353, 23.038995217290807 ], [ 72.492884461958866, 23.039081957266603 ], [ 72.492886361594771, 23.039168995988792 ], [ 72.492898197436588, 23.039255368174111 ], [ 72.492919697436577, 23.039365268054635 ], [ 72.492940310611914, 23.039446744668375 ], [ 72.492969766615943, 23.039525886898726 ], [ 72.493007763795362, 23.039601884270141 ], [ 72.493053913028376, 23.039673958514115 ], [ 72.493107741709565, 23.039741371539062 ], [ 72.493168698589784, 23.039803432988645 ], [ 72.493296098589795, 23.039920632480051 ], [ 72.493359548406957, 23.039973679680987 ], [ 72.493428204112334, 23.040020919687404 ], [ 72.493501440475598, 23.040061922302691 ], [ 72.493578590551465, 23.040096314132125 ], [ 72.493658951753488, 23.040123781983066 ], [ 72.493835951753482, 23.040175581680167 ], [ 72.493929071752149, 23.040197857992709 ], [ 72.494024246657816, 23.040210841581857 ], [ 72.494120384651723, 23.040214383506374 ], [ 72.494416784651705, 23.040210683529075 ], [ 72.494542568047407, 23.04020095161188 ], [ 72.494706168047415, 23.040177551753757 ], [ 72.494790512429645, 23.040161645514086 ], [ 72.494872814672419, 23.040138381888866 ], [ 72.494952318755594, 23.040107974571669 ], [ 72.495028818755586, 23.040074674756372 ], [ 72.495104295879244, 23.04003767639858 ], [ 72.495175607853199, 23.039994241069962 ], [ 72.49524210840309, 23.039944762403014 ], [ 72.495303194858721, 23.039889688798453 ], [ 72.495358313615824, 23.039829519361717 ], [ 72.495406965153236, 23.039764799380002 ], [ 72.495448708559806, 23.039696115380753 ], [ 72.495483165530317, 23.039624089816417 ], [ 72.495510023793798, 23.039549375423576 ], [ 72.495551523793807, 23.039412375649306 ], [ 72.495571280288004, 23.039331779158537 ], [ 72.495582195529522, 23.039249770353369 ], [ 72.495584160483716, 23.039167168435132 ], [ 72.495577155522284, 23.039084798531384 ], [ 72.495554355522259, 23.038921898403693 ], [ 72.495534808982725, 23.038826692225918 ], [ 72.495503291594218, 23.038734244551243 ], [ 72.495463091594246, 23.038636744339019 ], [ 72.495430654664659, 23.038567715821081 ], [ 72.495391534874742, 23.038501685701171 ], [ 72.495346055997629, 23.03843920047925 ], [ 72.495294594437027, 23.038380777316576 ], [ 72.49523757611216, 23.038326899755273 ], [ 72.495175472932488, 23.03827801371613 ], [ 72.495072172932481, 23.038203913357542 ], [ 72.494997750466055, 23.038155893166913 ], [ 72.494918435824232, 23.038115039565625 ], [ 72.49483504102075, 23.038081770814603 ], [ 72.494748419841514, 23.03805642752102 ], [ 72.494659459103744, 23.038039269151 ], [ 72.494569069576684, 23.038030471373006 ], [ 72.494478176657466, 23.038030124259265 ], [ 72.494387710896774, 23.038038231363569 ], [ 72.494368558419637, 23.038041772964952 ], [ 72.494289139112084, 23.03803591627004 ], [ 72.494206997217091, 23.038036786632652 ], [ 72.494019297217079, 23.038046686693288 ], [ 72.493921985410651, 23.038056738870665 ], [ 72.493826440720511, 23.038076478499235 ], [ 72.493733798466252, 23.038105671016638 ], [ 72.493645159478888, 23.038143969533813 ], [ 72.493485559478898, 23.038222969960703 ], [ 72.49338452505053, 23.038281250700635 ], [ 72.493267825050509, 23.038358951086888 ], [ 72.493197251510196, 23.038411120491588 ], [ 72.49313274179066, 23.038469561178033 ], [ 72.493074950964072, 23.03853367969505 ], [ 72.493024465874782, 23.038602824935335 ], [ 72.492981799180086, 23.038676294747521 ], [ 72.492947384144415, 23.03875334306656 ], [ 72.492921570239645, 23.038833187489978 ], [ 72.492904619596359, 23.038915017223133 ] ] ] } },
{ "type": "Feature", "properties": { "version": 1, "visible": null, "lon": null, "timestamp": 1641798794, "tags": { "visible": false }, "changeset": null, "lat": null, "id": 1019925049, "natural": "water", "water": null, "wetland": null, "osm_type": "way", "grassland": null, "reef": null, "Risk": "High" }, "geometry": { "type": "Polygon", "coordinates": [ [ [ 72.504526978904096, 23.005259905901596 ], [ 72.50463157890411, 23.005333905542088 ], [ 72.504704914373747, 23.005380645672215 ], [ 72.504782924230042, 23.005420460822684 ], [ 72.504864839311864, 23.005452958430592 ], [ 72.504949851953384, 23.005477818081602 ], [ 72.50503712394746, 23.005494794668945 ], [ 72.505187995613923, 23.005517006354189 ], [ 72.505213478376277, 23.005548280563687 ], [ 72.505270494392377, 23.005606001238597 ], [ 72.505316094392356, 23.005648001056677 ], [ 72.505381072195391, 23.005702269389154 ], [ 72.505451491595593, 23.005750444174701 ], [ 72.505526680826947, 23.005792065856603 ], [ 72.505605922621655, 23.005826737390969 ], [ 72.505688461052429, 23.005854128034098 ], [ 72.505773508743772, 23.005873976497391 ], [ 72.505860254383052, 23.005886093439759 ], [ 72.505947870460062, 23.0058903632737 ], [ 72.506035521161081, 23.005886745267862 ], [ 72.506122370342055, 23.005875273935587 ], [ 72.506207589505095, 23.005856058705689 ], [ 72.506350965138537, 23.005816807635266 ], [ 72.506354006152947, 23.005816991543984 ], [ 72.506437827839719, 23.005818452040788 ], [ 72.506727427839735, 23.00581105208612 ], [ 72.506816367846497, 23.005804700812813 ], [ 72.506904184945853, 23.005790261155237 ], [ 72.506990013129666, 23.00576787550747 ], [ 72.507073006003608, 23.005737764621625 ], [ 72.50715234513369, 23.005700225431067 ], [ 72.507227248117275, 23.005655628122376 ], [ 72.507296976298832, 23.005604412485035 ], [ 72.507388176298832, 23.005530312825435 ], [ 72.507452423102521, 23.005472605846929 ], [ 72.507510092163031, 23.005409284892121 ], [ 72.507560607620363, 23.005340982251091 ], [ 72.50760346504758, 23.005268379959443 ], [ 72.507638236487693, 23.005192202988031 ], [ 72.507664574727102, 23.005113212003977 ], [ 72.507682216762774, 23.005032195775144 ], [ 72.507690986428486, 23.00494996329401 ], [ 72.507690810614662, 23.004873615355752 ], [ 72.507696161179965, 23.004858307506296 ], [ 72.507714756699798, 23.004779383641562 ], [ 72.507724899242774, 23.0046991664092 ], [ 72.507732999242762, 23.004588066454783 ], [ 72.507734250425727, 23.004498585500972 ], [ 72.507724988975781, 23.004409504057001 ], [ 72.50772143240998, 23.004393654446528 ], [ 72.507726235223771, 23.004342668667505 ], [ 72.507725494885491, 23.00426401904307 ], [ 72.507716639605434, 23.004185789924357 ], [ 72.507699749504553, 23.004108689115547 ], [ 72.507674977401436, 23.004033414213261 ], [ 72.507642547429541, 23.003960646294736 ], [ 72.507602753009351, 23.003891043755431 ], [ 72.507555954193563, 23.003825236351823 ], [ 72.50750257440933, 23.00376381950332 ], [ 72.507443096627242, 23.003707348904726 ], [ 72.507413727953136, 23.003684313074235 ], [ 72.50741362302621, 23.003683891326904 ], [ 72.507383076889596, 23.003601825952263 ], [ 72.507343358440821, 23.003523157861711 ], [ 72.507294904829067, 23.003448752898617 ], [ 72.507201004829085, 23.003320352459301 ], [ 72.507147054322274, 23.003254015219586 ], [ 72.507086161516838, 23.003192981539641 ], [ 72.507018937961988, 23.003137864391068 ], [ 72.506946058786951, 23.003089217325481 ], [ 72.50686825592058, 23.003047528914792 ], [ 72.506786310740623, 23.003013217844241 ], [ 72.50670104622624, 23.002986628707205 ], [ 72.506613318692843, 23.00296802854422 ], [ 72.506524009192049, 23.002957604160915 ], [ 72.506434014663242, 23.002955460251734 ], [ 72.50634423892555, 23.002961618348454 ], [ 72.506108138925541, 23.002988818513824 ], [ 72.506035679761283, 23.002999952736548 ], [ 72.50596445123935, 23.003016499514569 ], [ 72.505674851239348, 23.003095499978649 ], [ 72.50558770956097, 23.003123835652829 ], [ 72.505504191878586, 23.003160262735378 ], [ 72.505425182176396, 23.003204395661246 ], [ 72.50535151672436, 23.003255767302772 ], [ 72.505281857157286, 23.003309754872159 ], [ 72.505188762885822, 23.003352074304694 ], [ 72.505051095302647, 23.003398718521151 ], [ 72.504965709990344, 23.003432358001064 ], [ 72.504884554463871, 23.003473932864864 ], [ 72.504808496247065, 23.003522998684904 ], [ 72.504738348375241, 23.003579030957102 ], [ 72.504674860704299, 23.003641430708083 ], [ 72.504428160704293, 23.003910531771439 ], [ 72.504376426569607, 23.003972715186514 ], [ 72.504331316258813, 23.004039125173378 ], [ 72.504293234503763, 23.004109165892718 ], [ 72.504262522975722, 23.004182208930771 ], [ 72.504239457219981, 23.004257598937631 ], [ 72.504199157219958, 23.004418099159082 ], [ 72.50418388926559, 23.004495539944877 ], [ 72.5041766893915, 23.004573966058643 ], [ 72.50417762282899, 23.004652666954016 ], [ 72.50418668112107, 23.004730929596342 ], [ 72.50420378219907, 23.004808044922793 ], [ 72.504228771126193, 23.004883314266479 ], [ 72.504261421501283, 23.0049560556863 ], [ 72.504301437509994, 23.005025610145289 ], [ 72.504348456604902, 23.005091347481279 ], [ 72.504402052790212, 23.005152672116107 ], [ 72.50446174048129, 23.005209028451283 ], [ 72.504526978904096, 23.005259905901596 ] ] ] } },
{ "type": "Feature", "properties": { "version": 1, "visible": null, "lon": null, "timestamp": 1643240799, "tags": { "visible": false }, "changeset": null, "lat": null, "id": 1025034026, "natural": "water", "water": null, "wetland": null, "osm_type": "way", "grassland": null, "reef": null, "Risk": "High" }, "geometry": { "type": "Polygon", "coordinates": [ [ [ 72.670538260748145, 23.19426714782233 ], [ 72.670571760748146, 23.194391647637762 ], [ 72.670598388772262, 23.194472578226506 ], [ 72.670633881208303, 23.194550581496479 ], [ 72.670677865906541, 23.194624839563822 ], [ 72.670729881673054, 23.194694573815386 ], [ 72.670789383105642, 23.194759053072467 ], [ 72.670855746312398, 23.194817601257128 ], [ 72.670928275453505, 23.194869604480761 ], [ 72.671058375453498, 23.194953404056978 ], [ 72.671135827098368, 23.194998069251852 ], [ 72.671217817081455, 23.195035266408446 ], [ 72.671303496004711, 23.195064610178832 ], [ 72.67139197625346, 23.195085796573306 ], [ 72.671482341191933, 23.195098606109429 ], [ 72.671666041191941, 23.195115906003156 ], [ 72.67174883670809, 23.195120166719676 ], [ 72.671831706900477, 23.195117391552582 ], [ 72.671913945592152, 23.195107604149971 ], [ 72.671994851987463, 23.195090887913505 ], [ 72.672073736643895, 23.195067385287761 ], [ 72.672149927347164, 23.195037296546449 ], [ 72.67233502734716, 23.194954697005294 ], [ 72.672410621711379, 23.194916744037535 ], [ 72.672481913930639, 23.194872310628462 ], [ 72.672548248533218, 23.194821805299497 ], [ 72.672609015628481, 23.194765692397894 ], [ 72.672663656514288, 23.194704487827678 ], [ 72.672711668813847, 23.194638754306592 ], [ 72.672752611094623, 23.194569096192634 ], [ 72.672786106926921, 23.194496153927712 ], [ 72.672811848344836, 23.194420598149531 ], [ 72.672829598677808, 23.19434312352584 ], [ 72.672839194726478, 23.194264442367658 ], [ 72.672840548263295, 23.19418527808029 ], [ 72.672833646843642, 23.194106358512297 ], [ 72.672821546843622, 23.194020058444181 ], [ 72.672807287051143, 23.193945502028093 ], [ 72.672785658769385, 23.193872459282321 ], [ 72.672756843782452, 23.19380154412865 ], [ 72.672721084278152, 23.193733352607531 ], [ 72.672631284278154, 23.193580452159022 ], [ 72.672578772989951, 23.193501881236049 ], [ 72.672475472989959, 23.193365080754393 ], [ 72.672420267133617, 23.193299301118312 ], [ 72.67235814959912, 23.193238953474594 ], [ 72.672289749204708, 23.193184648732533 ], [ 72.672215758370172, 23.193136936628811 ], [ 72.67213692610764, 23.193096300162178 ], [ 72.672054050439129, 23.193063150703789 ], [ 72.671967970318263, 23.193037823832562 ], [ 72.671879557137444, 23.193020575937901 ], [ 72.671789705906704, 23.193011581624059 ], [ 72.671675705906679, 23.193005481586454 ], [ 72.671562455220609, 23.193005994744276 ], [ 72.671445855220611, 23.193013294789242 ], [ 72.671353652359784, 23.19302348997947 ], [ 72.67126308731315, 23.193042380545609 ], [ 72.671175127982892, 23.193069764593567 ], [ 72.671090714422846, 23.193105349454779 ], [ 72.671000814422854, 23.193148549691184 ], [ 72.670925660214891, 23.193189045286978 ], [ 72.670855126777255, 23.193236041741372 ], [ 72.670789877436732, 23.193289097072928 ], [ 72.670730525826102, 23.193347712319618 ], [ 72.670677630113431, 23.193411336231577 ], [ 72.670631687752703, 23.193479370455506 ], [ 72.670593130805585, 23.193551175162121 ], [ 72.670562321878208, 23.193626075063612 ], [ 72.670534121878219, 23.193706175215894 ], [ 72.670511041417228, 23.193784766808555 ], [ 72.670496492279199, 23.193865065411618 ], [ 72.670490615873632, 23.193946290565158 ], [ 72.670493469315886, 23.194027652805108 ], [ 72.670505024872099, 23.194108361336429 ], [ 72.670526524872088, 23.194216861216368 ], [ 72.670538260748145, 23.19426714782233 ] ] ] } },
{ "type": "Feature", "properties": { "version": 1, "visible": null, "lon": null, "timestamp": 1643564500, "tags": { "visible": false, "name": "Ambapur Lake" }, "changeset": null, "lat": null, "id": 1026135343, "natural": "water", "water": "lake", "wetland": null, "osm_type": "way", "grassland": null, "reef": null, "Risk": "High" }, "geometry": { "type": "Polygon", "coordinates": [ [ [ 72.606046008631239, 23.149639234374277 ], [ 72.606008268308486, 23.149866145941747 ], [ 72.605972188775908, 23.150040545465483 ], [ 72.60592785582223, 23.150239557892064 ], [ 72.605911500558847, 23.150351383940169 ], [ 72.605900800558842, 23.150501784000681 ], [ 72.605899234407573, 23.150578744625225 ], [ 72.605905466762152, 23.150655505071484 ], [ 72.60591944349683, 23.150731398703694 ], [ 72.605941043228754, 23.150805766415189 ], [ 72.605970078372067, 23.150877962352411 ], [ 72.606037178372063, 23.151023562002241 ], [ 72.606074233468888, 23.151094384192621 ], [ 72.606118441440557, 23.15116164756115 ], [ 72.606169402049787, 23.151224743144091 ], [ 72.60622665392421, 23.151283099711243 ], [ 72.606289678733432, 23.151336188937393 ], [ 72.606354448662657, 23.151381131300898 ], [ 72.606396469334072, 23.151424440852146 ], [ 72.60646305018895, 23.151480540199803 ], [ 72.606535420496272, 23.151530209440335 ], [ 72.606612848852393, 23.151572946603682 ], [ 72.606694552734936, 23.151608319777548 ], [ 72.606779706411359, 23.151635971472253 ], [ 72.606867449284067, 23.151655622233406 ], [ 72.606923849284073, 23.15166552217347 ], [ 72.607008324506126, 23.151676557136497 ], [ 72.607093557314727, 23.151680173211069 ], [ 72.607178778780423, 23.151676337775303 ], [ 72.607263220076163, 23.151665085430018 ], [ 72.607346119413108, 23.151646517686611 ], [ 72.607373356821768, 23.151639140932531 ], [ 72.607519113582256, 23.151620491337546 ], [ 72.607613124688655, 23.151603724093757 ], [ 72.607709724688661, 23.151581524226518 ], [ 72.607790792348297, 23.151559113679706 ], [ 72.607869205795495, 23.151529786268373 ], [ 72.607944268706177, 23.151493802420244 ], [ 72.60801531450953, 23.151451481672503 ], [ 72.608081712307339, 23.151403199834412 ], [ 72.608142872476407, 23.15134938565032 ], [ 72.608198251904525, 23.151290516992542 ], [ 72.608247358813415, 23.151227116617974 ], [ 72.608289757125775, 23.151159747526197 ], [ 72.608325070337742, 23.151089007960127 ], [ 72.608352984862279, 23.151015526093733 ], [ 72.608373252813877, 23.150939954453918 ], [ 72.608413452813863, 23.150752454677459 ], [ 72.608426830156446, 23.150666420390266 ], [ 72.608432029308688, 23.150613072618782 ], [ 72.60844816868871, 23.150595057296094 ], [ 72.608492987464246, 23.150540587300686 ], [ 72.608532758444241, 23.150482898683258 ], [ 72.608602458444253, 23.15037189902537 ], [ 72.608642939257891, 23.150299389414712 ], [ 72.60867545085388, 23.150223564390739 ], [ 72.608699676663875, 23.150145162263637 ], [ 72.608715380798941, 23.150064946438217 ], [ 72.608722410346488, 23.149983697980723 ], [ 72.608720696859166, 23.149902208013653 ], [ 72.608710257021357, 23.149821270012517 ], [ 72.608691192486731, 23.149741672079717 ], [ 72.60865099248673, 23.149606071859896 ], [ 72.608627188588628, 23.149537654723613 ], [ 72.608597009804498, 23.14947139793156 ], [ 72.608560684380762, 23.149407802596826 ], [ 72.608518487051725, 23.14934734970408 ], [ 72.608403087051713, 23.149196849169549 ], [ 72.608344448515354, 23.149128356993042 ], [ 72.608278286417928, 23.149065928240244 ], [ 72.608205337604502, 23.149010258186983 ], [ 72.608126414503559, 23.148961966837547 ], [ 72.608042396078986, 23.14892159201931 ], [ 72.607854696078988, 23.148842691577023 ], [ 72.607777190015724, 23.148814038453875 ], [ 72.60769712438281, 23.148792129187669 ], [ 72.607615191546714, 23.148777153241838 ], [ 72.607532100020521, 23.148769240122999 ], [ 72.607344300020515, 23.148759440062694 ], [ 72.60725803877213, 23.148758753251403 ], [ 72.607172103610964, 23.14876567748415 ], [ 72.607087286997071, 23.148780148907239 ], [ 72.607004371075618, 23.14880203406851 ], [ 72.606870271075621, 23.148843934313046 ], [ 72.606797621525033, 23.148869918574462 ], [ 72.606727695445471, 23.148901596205913 ], [ 72.606661019386493, 23.148938728668082 ], [ 72.606435719386496, 23.149076829376334 ], [ 72.60636089782146, 23.149128043825431 ], [ 72.606292255371613, 23.149186116145657 ], [ 72.606230532131207, 23.149250420200119 ], [ 72.606176393592349, 23.149320262662201 ], [ 72.606130423469963, 23.149394890491262 ], [ 72.606093117408093, 23.149473499052196 ], [ 72.606064877635973, 23.149555240791202 ], [ 72.606046008631239, 23.149639234374277 ] ] ] } },
{ "type": "Feature", "properties": { "version": 1, "visible": null, "lon": null, "timestamp": 1643564500, "tags": { "visible": false }, "changeset": null, "lat": null, "id": 1026135355, "natural": "water", "water": "pond", "wetland": null, "osm_type": "way", "grassland": null, "reef": null, "Risk": "High" }, "geometry": { "type": "Polygon", "coordinates": [ [ [ 72.573345745634782, 23.178655482300211 ], [ 72.573330615777522, 23.178684420363133 ], [ 72.573302415777533, 23.17874612051062 ], [ 72.57327409192456, 23.17881700528299 ], [ 72.573252930339862, 23.1788899721554 ], [ 72.573239107980271, 23.178964410963399 ], [ 72.57323274043074, 23.179039699234874 ], [ 72.573233880937821, 23.179115207395419 ], [ 72.57323788093781, 23.179176807372766 ], [ 72.573246541588247, 23.179252034460859 ], [ 72.573262654291383, 23.179326217328484 ], [ 72.573286083839108, 23.179398733479825 ], [ 72.573316633624714, 23.179468974406102 ], [ 72.573336733624714, 23.179509674302281 ], [ 72.573378500434799, 23.17958399683636 ], [ 72.573428232505563, 23.179654053510305 ], [ 72.573485419492883, 23.179719125418714 ], [ 72.5735494745512, 23.179778544809732 ], [ 72.5735877745512, 23.179810644663341 ], [ 72.573655363838697, 23.179861970770926 ], [ 72.573728073629553, 23.179906996007041 ], [ 72.573805211428066, 23.179945291553157 ], [ 72.573886042565761, 23.179976492684371 ], [ 72.573922842565764, 23.179988792613038 ], [ 72.574002235115117, 23.180011562842566 ], [ 72.574083578173401, 23.18002748585959 ], [ 72.5741661745313, 23.180036425186856 ], [ 72.5742044745313, 23.180038925171466 ], [ 72.574286733387979, 23.180040821426353 ], [ 72.574368835903755, 23.180035790438634 ], [ 72.574450093208696, 23.180023874419348 ], [ 72.574498993208692, 23.180014574475557 ], [ 72.57458206398131, 23.179994931624609 ], [ 72.574662718103824, 23.179968095005467 ], [ 72.574740220233778, 23.179934309289596 ], [ 72.574779120233771, 23.17991520939356 ], [ 72.574872821471672, 23.17986217864151 ], [ 72.574958766815712, 23.179799014503104 ], [ 72.575001666815695, 23.179763314666431 ], [ 72.575068482684358, 23.179701512254905 ], [ 72.575127842834121, 23.179633581968492 ], [ 72.575179086395934, 23.179560280080704 ], [ 72.575221642864378, 23.17948242266883 ], [ 72.575255038449271, 23.179400876528728 ], [ 72.575278901350543, 23.179316549524909 ], [ 72.575289601350548, 23.179268449584384 ], [ 72.575304891086589, 23.179169577309256 ], [ 72.575307086003335, 23.179069731287917 ], [ 72.57530508600334, 23.179024131276581 ], [ 72.575298114938008, 23.178949505460391 ], [ 72.575283817212934, 23.178875767199802 ], [ 72.575279890055015, 23.178862575354703 ], [ 72.575287260432177, 23.178835781157684 ], [ 72.575300224798767, 23.178758425131253 ], [ 72.575305164414658, 23.178680288210089 ], [ 72.57530203490721, 23.178602072298624 ], [ 72.575290864388833, 23.178524480012097 ], [ 72.575283464388818, 23.178486879970787 ], [ 72.575262141845869, 23.178403492775981 ], [ 72.57523153753877, 23.178322584644583 ], [ 72.575191980760593, 23.178245026128778 ], [ 72.575143897130218, 23.178171651741152 ], [ 72.575087804012938, 23.178103250975315 ], [ 72.575067004012951, 23.178080450884902 ], [ 72.575005725709886, 23.17801974278747 ], [ 72.574938141108774, 23.177964982241072 ], [ 72.574864929940347, 23.177916720006394 ], [ 72.574786828524395, 23.177875441487121 ], [ 72.574749928524398, 23.177858141392029 ], [ 72.574689134352894, 23.177832218396912 ], [ 72.574660334352899, 23.177821118333732 ], [ 72.574576536912417, 23.177793227892391 ], [ 72.574490145651907, 23.177773107722867 ], [ 72.574402010863565, 23.177760955858258 ], [ 72.574313, 23.177756891903535 ], [ 72.5742821, 23.177756891903535 ], [ 72.574189701128034, 23.177761271957902 ], [ 72.574098282413175, 23.177774365657015 ], [ 72.574008813615166, 23.177796034101824 ], [ 72.573922243809193, 23.177826047431743 ], [ 72.573839491318282, 23.177864087263156 ], [ 72.573761433971782, 23.177909750067059 ], [ 72.573740633971767, 23.177923350135455 ], [ 72.573671580170355, 23.177973352673327 ], [ 72.573608173124256, 23.178029320123201 ], [ 72.573551019976108, 23.178090716571795 ], [ 72.573500667985556, 23.178156954121505 ], [ 72.573457599288915, 23.178227398519976 ], [ 72.573446899288911, 23.178247098574285 ], [ 72.573411334663788, 23.178321536398972 ], [ 72.573383904632337, 23.178398828277292 ], [ 72.573364875060648, 23.178478225052096 ], [ 72.573358175060648, 23.178514625089569 ], [ 72.573348449608432, 23.178586499924368 ], [ 72.573345745634782, 23.178655482300211 ] ] ] } },
{ "type": "Feature", "properties": { "version": 1, "visible": null, "lon": null, "timestamp": 1645387319, "tags": { "visible": false }, "changeset": null, "lat": null, "id": 1033606001, "natural": "water", "water": null, "wetland": null, "osm_type": "way", "grassland": null, "reef": null, "Risk": "High" }, "geometry": { "type": "Polygon", "coordinates": [ [ [ 72.621875247389525, 23.167099696502074 ], [ 72.621604347389521, 23.167688997917125 ], [ 72.62156656265303, 23.167788451884718 ], [ 72.62150216265303, 23.168000552236478 ], [ 72.621484043504182, 23.1680725123617 ], [ 72.621425043504175, 23.168366012690718 ], [ 72.621414527461667, 23.168434064978552 ], [ 72.621410203226276, 23.168502685483869 ], [ 72.621407503226294, 23.16865548549918 ], [ 72.621410264988612, 23.168734981343903 ], [ 72.621421331872142, 23.16881386424032 ], [ 72.62144060123201, 23.168891402554681 ], [ 72.621467894345713, 23.168966877125406 ], [ 72.621502958070806, 23.169039587933177 ], [ 72.62154546719276, 23.169108860593411 ], [ 72.621595027441273, 23.169174052610984 ], [ 72.621651179147193, 23.16923455933912 ], [ 72.621713401505858, 23.169289819587227 ], [ 72.621781117407579, 23.169339320825692 ], [ 72.621853698790247, 23.169382603939258 ], [ 72.621930472464697, 23.169419267485132 ], [ 72.622010726358411, 23.169448971416063 ], [ 72.622093716119934, 23.169471440234069 ], [ 72.622178672022827, 23.169486465545521 ], [ 72.622291372022815, 23.169501265455143 ], [ 72.622376530825221, 23.169508666555362 ], [ 72.622462069257026, 23.16950858767547 ], [ 72.622547211738024, 23.169501029530664 ], [ 72.622631186278113, 23.16948606064966 ], [ 72.622713231476979, 23.169463816753424 ], [ 72.622792603427698, 23.169434499524638 ], [ 72.622868582461777, 23.169398374779167 ], [ 72.62294047967444, 23.169355770056097 ], [ 72.623297179674466, 23.169121571231749 ], [ 72.623378666306181, 23.169061180864386 ], [ 72.623451959227367, 23.168992486615082 ], [ 72.623709459227356, 23.168721187715384 ], [ 72.623764605572333, 23.16865691533194 ], [ 72.623812559841269, 23.16858793946626 ], [ 72.623852850875565, 23.168514937810937 ], [ 72.623885082809124, 23.168438627613348 ], [ 72.62390893895784, 23.168359758628821 ], [ 72.623924184931127, 23.168279105754376 ], [ 72.623930670934755, 23.168197461415364 ], [ 72.623928333242674, 23.168115627779869 ], [ 72.623912233242663, 23.167920827688828 ], [ 72.623901978616217, 23.167844282388305 ], [ 72.623884002010001, 23.16776895024616 ], [ 72.623858460192338, 23.167695488212836 ], [ 72.623780660192338, 23.167503187799312 ], [ 72.623748795493739, 23.167434185853129 ], [ 72.6237102565225, 23.167368124446565 ], [ 72.623665360796252, 23.167305547855793 ], [ 72.623624572897199, 23.167253954036457 ], [ 72.623593794947368, 23.167182761266712 ], [ 72.623558918219999, 23.167111983894905 ], [ 72.623516960780037, 23.167044533139421 ], [ 72.623468294026139, 23.166981006066035 ], [ 72.623411994026142, 23.166914405813944 ], [ 72.623353975833012, 23.166852376068604 ], [ 72.623289567025026, 23.166795927868137 ], [ 72.623219399610704, 23.16674561511536 ], [ 72.623144162104666, 23.166701931509074 ], [ 72.623064592771527, 23.166665305699379 ], [ 72.622981472381838, 23.166636097081309 ], [ 72.622895616550664, 23.166614592268044 ], [ 72.622807867734494, 23.166601002278359 ], [ 72.622719086964651, 23.166595460465828 ], [ 72.622630145398446, 23.166598021210245 ], [ 72.622541915771023, 23.166608659383954 ], [ 72.62245526383164, 23.166627270598454 ], [ 72.622371039848517, 23.166653672228755 ], [ 72.622290070265763, 23.166687605205524 ], [ 72.622213149593733, 23.166728736557385 ], [ 72.622141032613101, 23.166776662678352 ], [ 72.622074426968467, 23.1668309132885 ], [ 72.622013986224729, 23.16689095604881 ], [ 72.621960303454017, 23.16695620178503 ], [ 72.621913905416051, 23.167026010269183 ], [ 72.621875247389525, 23.167099696502074 ] ] ] } },
{ "type": "Feature", "properties": { "version": 2, "visible": null, "lon": null, "timestamp": 1692652230, "tags": { "visible": false }, "changeset": null, "lat": null, "id": 1033606002, "natural": "water", "water": null, "wetland": null, "osm_type": "way", "grassland": null, "reef": null, "Risk": "High" }, "geometry": { "type": "Polygon", "coordinates": [ [ [ 72.595996707382952, 23.183632715676747 ], [ 72.595982007382958, 23.183791815759857 ], [ 72.595978965741367, 23.183878277125519 ], [ 72.595985780489841, 23.183964556513168 ], [ 72.596002376841298, 23.184049707068649 ], [ 72.596028572662519, 23.184132794327695 ], [ 72.596064080472814, 23.184212906470918 ], [ 72.596108510599009, 23.184289164330153 ], [ 72.596161375451828, 23.18436073103647 ], [ 72.596166686705843, 23.184367167936056 ], [ 72.596237698710198, 23.184474804469932 ], [ 72.596287674555825, 23.184542707176654 ], [ 72.596344728772024, 23.184605719864539 ], [ 72.596408298990568, 23.184663221441696 ], [ 72.596477758616885, 23.184714645137891 ], [ 72.596552423005946, 23.184759484090783 ], [ 72.596631556210852, 23.18479729634161 ], [ 72.59671437823674, 23.184827709191222 ], [ 72.596800072729067, 23.184850422873424 ], [ 72.596887795020095, 23.184865213509489 ], [ 72.596976680454674, 23.18487193531471 ], [ 72.597057180454669, 23.184874335299913 ], [ 72.59711322485073, 23.184873737935263 ], [ 72.597169255986302, 23.184878067358394 ], [ 72.597260000974401, 23.184880846277423 ], [ 72.597350587608716, 23.184875190642309 ], [ 72.597440090480589, 23.184861158228426 ], [ 72.597527595252799, 23.184838892384526 ], [ 72.597612208000129, 23.184808620568447 ], [ 72.597693064341556, 23.184770652023584 ], [ 72.597769338270453, 23.184725374620015 ], [ 72.597840250592938, 23.184673250892335 ], [ 72.59790507688777, 23.184614813314838 ], [ 72.597963154907035, 23.184550658862229 ], [ 72.597987675898096, 23.184520604263131 ], [ 72.598079197124378, 23.184426911723619 ], [ 72.598134628423551, 23.184364254278734 ], [ 72.598183136285556, 23.184296918994249 ], [ 72.598224256731456, 23.184225549927291 ], [ 72.59825759644319, 23.18415082971892 ], [ 72.598282836525527, 23.184073473064799 ], [ 72.598299735556438, 23.18399421987937 ], [ 72.598308131896303, 23.18391382821866 ], [ 72.598310831896299, 23.183860828233964 ], [ 72.598310710498197, 23.183781258197641 ], [ 72.598302258568282, 23.183702068255819 ], [ 72.598285554582148, 23.18362399368246 ], [ 72.598260753634989, 23.183547759396674 ], [ 72.598228086001768, 23.183474073231778 ], [ 72.598187854998983, 23.183403619363023 ], [ 72.598140434168442, 23.183337051954869 ], [ 72.598086263808995, 23.183274989086925 ], [ 72.598024563809005, 23.18321088882475 ], [ 72.597967539973084, 23.183156827757646 ], [ 72.597905395980519, 23.183107766532764 ], [ 72.597838648586759, 23.183064113122104 ], [ 72.597767852826593, 23.183026230528998 ], [ 72.597693597398816, 23.182994433769373 ], [ 72.597616499770936, 23.182968987252117 ], [ 72.597420699770922, 23.182913486924758 ], [ 72.597357188570442, 23.18289780005804 ], [ 72.597188188570428, 23.182862099843287 ], [ 72.597097816924446, 23.182847430680862 ], [ 72.597006288773841, 23.182841313667531 ], [ 72.596914559322244, 23.182843812642695 ], [ 72.59682358587412, 23.182854901526134 ], [ 72.596734317844124, 23.18287446459021 ], [ 72.596647686848925, 23.182902297667752 ], [ 72.596552486848921, 23.182937997871782 ], [ 72.596471235346527, 23.182972912613021 ], [ 72.596394176310483, 23.183015101368877 ], [ 72.596322077916128, 23.183064143567272 ], [ 72.596255658887941, 23.183119550315947 ], [ 72.596195581334655, 23.183180769276284 ], [ 72.59614244414901, 23.183247190169691 ], [ 72.596096777037587, 23.183318150861595 ], [ 72.596059035240316, 23.1833929439623 ], [ 72.596029594992373, 23.183470823878974 ], [ 72.596008749773617, 23.183551014248462 ], [ 72.595996707382952, 23.183632715676747 ] ] ] } },
{ "type": "Feature", "properties": { "version": 1, "visible": null, "lon": null, "timestamp": 1668067817, "tags": { "visible": false }, "changeset": null, "lat": null, "id": 1111963573, "natural": "water", "water": null, "wetland": null, "osm_type": "way", "grassland": null, "reef": null, "Risk": "High" }, "geometry": { "type": "Polygon", "coordinates": [ [ [ 72.650110913048337, 22.973162629382639 ], [ 72.650109325085751, 22.973163140064436 ], [ 72.650028250092376, 22.973197884764641 ], [ 72.649951328987697, 22.973239878986881 ], [ 72.649879324080644, 22.973288706550537 ], [ 72.64981294895928, 22.973343883554158 ], [ 72.649752861418946, 22.973404863171325 ], [ 72.649699656943397, 22.973471041070162 ], [ 72.649697416694863, 22.973474500708466 ], [ 72.649691825512463, 22.97347673872763 ], [ 72.64961754752747, 22.973514508142866 ], [ 72.64957533479523, 22.973541045267822 ], [ 72.649542267972194, 22.973549033086726 ], [ 72.649471860487196, 22.973573079162801 ], [ 72.649440701197662, 22.973578508574892 ], [ 72.649355067607928, 22.97360173253962 ], [ 72.649272360507325, 22.973632667144564 ], [ 72.649193396686215, 22.97367100688372 ], [ 72.64910139668622, 22.973721207147999 ], [ 72.649032863426854, 22.973762604833595 ], [ 72.648968713941031, 22.973809581514534 ], [ 72.648909482316625, 22.973861746072544 ], [ 72.648855661697027, 22.973918664196614 ], [ 72.648807700175354, 22.973979861999133 ], [ 72.648765997063734, 22.974044829961493 ], [ 72.648730899568818, 22.97411302717639 ], [ 72.6486861995688, 22.974211227408663 ], [ 72.648656150487227, 22.974287549498882 ], [ 72.648634373297824, 22.974366216162977 ], [ 72.648621077817936, 22.974446469465516 ], [ 72.648616392145911, 22.974527536185516 ], [ 72.648620361426907, 22.974608635266303 ], [ 72.648632947418008, 22.974688985340848 ], [ 72.648654028856569, 22.974767812259927 ], [ 72.648683402628663, 22.974844356550847 ], [ 72.648720785725914, 22.974917880734566 ], [ 72.648765817972318, 22.97498767643096 ], [ 72.648818065494368, 22.975053071183666 ], [ 72.648877024901324, 22.975113434938763 ], [ 72.648942128135275, 22.975168186114921 ], [ 72.649012747944141, 22.975216797206492 ], [ 72.649088203925231, 22.975258799865625 ], [ 72.649167769080563, 22.975293789414394 ], [ 72.649310969080574, 22.975348989102788 ], [ 72.649397598785882, 22.975377673981896 ], [ 72.649486962376642, 22.975398045156268 ], [ 72.649578121287007, 22.975409888675802 ], [ 72.649670118095372, 22.975413080152919 ], [ 72.649726846857988, 22.975409687557619 ], [ 72.649765196920711, 22.975435016726795 ], [ 72.649839521523873, 22.97547479445954 ], [ 72.649917635814305, 22.975507848824275 ], [ 72.649998824363948, 22.975533877089863 ], [ 72.650082343588437, 22.975552640874447 ], [ 72.650167428557339, 22.975563968328558 ], [ 72.6502533, 22.975567755708916 ], [ 72.6503642, 22.975567755708916 ], [ 72.650462278860729, 22.975562811500531 ], [ 72.650559185070605, 22.975548037988261 ], [ 72.650653759999173, 22.975523611804057 ], [ 72.650744872889305, 22.975489824987228 ], [ 72.650791072889305, 22.975469925097531 ], [ 72.650874599914872, 22.975428875371097 ], [ 72.650924505036897, 22.975397726403639 ], [ 72.650982797387002, 22.975389658330844 ], [ 72.651272397387004, 22.975335758654165 ], [ 72.651362129339972, 22.975314571500167 ], [ 72.651449014231218, 22.975284989043562 ], [ 72.651532128117765, 22.975247325861879 ], [ 72.651610587157876, 22.975201982462764 ], [ 72.65168355700996, 22.975149441025188 ], [ 72.651750261704947, 22.975090260272225 ], [ 72.651809991898233, 22.975025069529899 ], [ 72.651862112412644, 22.97495456203519 ], [ 72.65191451241266, 22.974875162287503 ], [ 72.651953724843892, 22.97480915514787 ], [ 72.651986259980674, 22.97474014039107 ], [ 72.652011848595109, 22.97466868910934 ], [ 72.652030278941666, 22.974595392557873 ], [ 72.652041398509439, 22.974520857262348 ], [ 72.652045115284125, 22.9744457 ], [ 72.652045115284125, 22.9744202 ], [ 72.652040095240451, 22.974332885971879 ], [ 72.652025091216316, 22.974246547760007 ], [ 72.652000270905319, 22.974162150332582 ], [ 72.651965911713475, 22.974080636968203 ], [ 72.651922397658865, 22.974002918713062 ], [ 72.651917265306864, 22.973995733529826 ], [ 72.651908340200109, 22.973970569377329 ], [ 72.651873285577707, 22.973887274469021 ], [ 72.651828678160555, 22.973807946119898 ], [ 72.651775038321119, 22.973733509750819 ], [ 72.651712991800537, 22.973664833715731 ], [ 72.65167289180053, 22.973625033550089 ], [ 72.651610735612906, 22.973569040278317 ], [ 72.65154299024357, 22.973518842567945 ], [ 72.651513649787219, 22.973501112412187 ], [ 72.651496684972344, 22.973470121799537 ], [ 72.651450481809135, 22.973402753644262 ], [ 72.651397452314072, 22.973339791197041 ], [ 72.651338088610473, 22.973281818767301 ], [ 72.651272941604219, 22.973229374356375 ], [ 72.651202615871242, 22.973182944664565 ], [ 72.651127764047033, 22.973142960574179 ], [ 72.651049080770036, 22.973109793150648 ], [ 72.650955580770031, 22.973075292954679 ], [ 72.650872214353512, 22.973048825065543 ], [ 72.65078643095417, 22.973030010294437 ], [ 72.650699057227243, 22.973019029953907 ], [ 72.650610935153239, 22.973015989858371 ], [ 72.650522913924164, 22.973020919304368 ], [ 72.650435841760213, 22.973033770788227 ], [ 72.650350557735877, 22.973054420463857 ], [ 72.650267883694184, 22.973082669336279 ], [ 72.650188616326915, 22.973118245179428 ], [ 72.650113519497324, 22.973160805159583 ], [ 72.650110913048337, 22.973162629382639 ] ] ] } },
{ "type": "Feature", "properties": { "version": 1, "visible": null, "lon": null, "timestamp": 1668074966, "tags": { "visible": false }, "changeset": null, "lat": null, "id": 1111986043, "natural": "water", "water": null, "wetland": null, "osm_type": "way", "grassland": null, "reef": null, "Risk": "High" }, "geometry": { "type": "Polygon", "coordinates": [ [ [ 72.6518526227038, 22.977340529001143 ], [ 72.652004722703794, 22.977337329020724 ], [ 72.65209958820931, 22.977330693693741 ], [ 72.652290788209299, 22.97730789383213 ], [ 72.652366320823873, 22.977295850475794 ], [ 72.652529120823871, 22.977263250670745 ], [ 72.652574356983024, 22.977253054940302 ], [ 72.652691156983039, 22.977223755113325 ], [ 72.652781403716418, 22.977196318940038 ], [ 72.652867996962001, 22.977160258244858 ], [ 72.652949967468075, 22.977115976654051 ], [ 72.653026397725924, 22.977063969810576 ], [ 72.653146697725902, 22.976972670241743 ], [ 72.653212760624712, 22.976917226099648 ], [ 72.653272511088204, 22.976856011516471 ], [ 72.653325357439144, 22.976789632660449 ], [ 72.653370776368064, 22.976718746839175 ], [ 72.653408318115382, 22.976644055990914 ], [ 72.653437610924982, 22.976566299733935 ], [ 72.653462410924988, 22.976488099868071 ], [ 72.653486561727647, 22.976390211703894 ], [ 72.653497653601804, 22.97629035074543 ], [ 72.653501153601823, 22.976212150765129 ], [ 72.653500202032419, 22.976127045317924 ], [ 72.653496702032413, 22.976074945298251 ], [ 72.653487562318219, 22.975997828648822 ], [ 72.653470614912464, 22.975921839578955 ], [ 72.653446008914571, 22.975847646625642 ], [ 72.653413960802467, 22.975775902525108 ], [ 72.653374752528194, 22.975707238470005 ], [ 72.653328729037227, 22.975642258556217 ], [ 72.653276295233738, 22.975581534467945 ], [ 72.653217912418441, 22.975525600447991 ], [ 72.653150612418443, 22.975466900187193 ], [ 72.653077240691303, 22.975409452498152 ], [ 72.652997610119314, 22.975359567366176 ], [ 72.652912636128931, 22.975317818275265 ], [ 72.652823295574038, 22.975284685177211 ], [ 72.652730615506215, 22.975260548973811 ], [ 72.652620915506205, 22.975237748837699 ], [ 72.652504491760965, 22.975220848955132 ], [ 72.652381431751536, 22.975210541193906 ], [ 72.652289403398512, 22.975193412938989 ], [ 72.65218875448258, 22.975185336174849 ], [ 72.652071954482551, 22.97518203615466 ], [ 72.652066583987661, 22.975181899217198 ], [ 72.651921483987678, 22.975178599197005 ], [ 72.651870870091287, 22.975178761261695 ], [ 72.651757670091285, 22.975182061281885 ], [ 72.651664665788061, 22.975189238478777 ], [ 72.651572972265839, 22.975205261104765 ], [ 72.651483579279684, 22.975229956205858 ], [ 72.651397451752317, 22.975263057214388 ], [ 72.651308951752313, 22.975302157430125 ], [ 72.651231620391158, 22.975340719430417 ], [ 72.651158755240303, 22.975386058492642 ], [ 72.651059655240303, 22.975454458827571 ], [ 72.650991194588883, 22.975506781670749 ], [ 72.650928691799763, 22.975565083095425 ], [ 72.65087276004553, 22.975628791138448 ], [ 72.650823948034741, 22.975697280796147 ], [ 72.650782734629018, 22.975769880156118 ], [ 72.650749524145183, 22.975845876989133 ], [ 72.650724642388809, 22.975924525736637 ], [ 72.650706942388808, 22.975992925833662 ], [ 72.650699920671812, 22.976022442316005 ], [ 72.650682220671811, 22.976103942413797 ], [ 72.650669567044247, 22.976180873854492 ], [ 72.650664822052576, 22.976258559585496 ], [ 72.650668027694579, 22.976336312011799 ], [ 72.650679155597217, 22.976413442949283 ], [ 72.650693255597233, 22.976485142871109 ], [ 72.650713398342504, 22.976564846320425 ], [ 72.650741997851526, 22.97664232690417 ], [ 72.650778774130288, 22.976716826078832 ], [ 72.650823367132801, 22.976787614490458 ], [ 72.650862367132802, 22.976843014306056 ], [ 72.650908826152914, 22.976902979070708 ], [ 72.650960895846694, 22.976958900405968 ], [ 72.65101816321318, 22.977010334766138 ], [ 72.651117263213195, 22.977091734394392 ], [ 72.651183494901233, 22.977141145779562 ], [ 72.65125451567954, 22.977184554686506 ], [ 72.651329685981224, 22.97722157020883 ], [ 72.651408328871526, 22.977251859014238 ], [ 72.651525128871512, 22.97729095878935 ], [ 72.651604768021002, 22.977313824073594 ], [ 72.651686367652459, 22.977329789207474 ], [ 72.651769224061084, 22.977338716512168 ], [ 72.6518526227038, 22.977340529001143 ] ] ] } },
{ "type": "Feature", "properties": { "version": 1, "visible": null, "lon": null, "timestamp": 1668074966, "tags": { "visible": false }, "changeset": null, "lat": null, "id": 1111986044, "natural": "water", "water": null, "wetland": null, "osm_type": "way", "grassland": null, "reef": null, "Risk": "High" }, "geometry": { "type": "Polygon", "coordinates": [ [ [ 72.653293762568495, 22.978167909719314 ], [ 72.653382262568485, 22.978180909640741 ], [ 72.653465798880475, 22.978189513959759 ], [ 72.653549843037936, 22.978190892026891 ], [ 72.653633659168094, 22.978185031776295 ], [ 72.653716513394698, 22.978171984518148 ], [ 72.653797680263793, 22.978151864489408 ], [ 72.653876449095478, 22.978124847853657 ], [ 72.653952130206605, 22.978091171158766 ], [ 72.654000355345445, 22.978067087121687 ], [ 72.654036394334412, 22.978052894426877 ], [ 72.654109550200474, 22.978020407772348 ], [ 72.65417921987131, 22.977981970538448 ], [ 72.654244833803105, 22.977937896941466 ], [ 72.654297833803128, 22.977898797128212 ], [ 72.65436164167167, 22.977846969467617 ], [ 72.654419836906271, 22.977789816031393 ], [ 72.654471897353844, 22.977727849618798 ], [ 72.654519034392592, 22.977665887439386 ], [ 72.65455193793035, 22.977623503371596 ], [ 72.654574099556257, 22.977593593323657 ], [ 72.654620099556254, 22.97752849354093 ], [ 72.654658989305346, 22.977467974458499 ], [ 72.654692154625067, 22.977404632680141 ], [ 72.654719355769132, 22.977338926088859 ], [ 72.654747655769114, 22.977260726240146 ], [ 72.654773146002569, 22.977175269863771 ], [ 72.654788558160504, 22.977087792988318 ], [ 72.654793715284114, 22.9769993 ], [ 72.654793715284114, 22.9769341 ], [ 72.654787052498349, 22.976833557206419 ], [ 72.654767162976569, 22.976734505787302 ], [ 72.654753062976567, 22.976682305710206 ], [ 72.654723834117078, 22.976595003478266 ], [ 72.654684325169853, 22.97651120173234 ], [ 72.654666625169853, 22.976478701643181 ], [ 72.654620713448196, 22.976404280461065 ], [ 72.654566693614711, 22.976334626141618 ], [ 72.654505144180945, 22.976270484637777 ], [ 72.654436724294712, 22.976212542864808 ], [ 72.654362166681196, 22.976161421343562 ], [ 72.654282269795999, 22.976117667554863 ], [ 72.654197889274258, 22.976081750076006 ], [ 72.65414478927427, 22.976062149964665 ], [ 72.65407230187337, 22.976038654129777 ], [ 72.653997898507072, 22.976020948214128 ], [ 72.653922123687437, 22.976009161798618 ], [ 72.653837123687438, 22.975999361739106 ], [ 72.653765204914322, 22.975993760204041 ], [ 72.653693029829554, 22.975993492404879 ], [ 72.653593929829555, 22.975996792425061 ], [ 72.65347364449245, 22.976008297128029 ], [ 72.653371044492474, 22.976024597226335 ], [ 72.653279321693532, 22.976043769692005 ], [ 72.653190279084868, 22.976071666784126 ], [ 72.653104892831379, 22.976107982664491 ], [ 72.653024099013635, 22.976152319199272 ], [ 72.652948783365929, 22.976204190324012 ], [ 72.652906283365922, 22.976236790477301 ], [ 72.652840879211411, 22.976292231388587 ], [ 72.652781747711501, 22.976353352837595 ], [ 72.652729468034579, 22.976419556157943 ], [ 72.65268455223827, 22.976490192908734 ], [ 72.652647440254071, 22.976564571226067 ], [ 72.652618495578409, 22.976641962599771 ], [ 72.65259800171232, 22.9767216090091 ], [ 72.652587230931843, 22.976775158718706 ], [ 72.652547800012073, 22.976907471558331 ], [ 72.652527296681527, 22.976994319998276 ], [ 72.652517034301908, 22.977082692508979 ], [ 72.652509934301918, 22.977206492548937 ], [ 72.652509758836175, 22.977290531994491 ], [ 72.652518847851198, 22.977374153906773 ], [ 72.652537107498233, 22.977456494847694 ], [ 72.652565407498244, 22.977557594693277 ], [ 72.652591114895543, 22.97763395131674 ], [ 72.652624709410361, 22.97770766619054 ], [ 72.652665877173277, 22.97777805061056 ], [ 72.652714233558967, 22.977844446989526 ], [ 72.652769326779634, 22.977906235000553 ], [ 72.652830642106139, 22.977962837372562 ], [ 72.652897606676902, 22.97801372528339 ], [ 72.652969594850191, 22.978058423300237 ], [ 72.653045934049373, 22.978096513821392 ], [ 72.653125911046715, 22.978127640977494 ], [ 72.653208778626947, 22.978151513956277 ], [ 72.653293762568495, 22.978167909719314 ] ] ] } },
{ "type": "Feature", "properties": { "version": 1, "visible": null, "lon": null, "timestamp": 1691665979, "tags": { "visible": false }, "changeset": null, "lat": null, "id": 1196756498, "natural": "water", "water": "pond", "wetland": null, "osm_type": "way", "grassland": null, "reef": null, "Risk": "High" }, "geometry": { "type": "Polygon", "coordinates": [ [ [ 72.495122361053077, 23.075717106401097 ], [ 72.495109326199099, 23.075707983173633 ], [ 72.495030002385732, 23.075663547743176 ], [ 72.494997802385726, 23.075647547656661 ], [ 72.494956138970664, 23.075629269395428 ], [ 72.494941539237843, 23.075621338083764 ], [ 72.494863058746418, 23.075587616497579 ], [ 72.494781412872427, 23.07556100542606 ], [ 72.49469736071056, 23.075541752287361 ], [ 72.49461168372774, 23.075530036088889 ], [ 72.494517883727738, 23.075521436036297 ], [ 72.494435340029881, 23.075517384207732 ], [ 72.494352740955648, 23.075520329910102 ], [ 72.494270785896063, 23.075530248200813 ], [ 72.494190168789132, 23.0755470550972 ], [ 72.494082868789135, 23.075574255258346 ], [ 72.493998439244663, 23.075599855309662 ], [ 72.493917173434482, 23.07563300719681 ], [ 72.493839867194737, 23.075673386257883 ], [ 72.493767277585533, 23.075720597054371 ], [ 72.493700115476983, 23.075774177243979 ], [ 72.493639038587659, 23.075833602108581 ], [ 72.493584645043612, 23.075898289693093 ], [ 72.493532345043604, 23.075967289935626 ], [ 72.493485423477708, 23.076036185950141 ], [ 72.49344608730749, 23.07610899004889 ], [ 72.493414717228745, 23.076184997627447 ], [ 72.493391616841365, 23.076263473079052 ], [ 72.493377009711068, 23.076343656913977 ], [ 72.493362209711066, 23.076459656997077 ], [ 72.493356125649399, 23.076548110611707 ], [ 72.493360372987425, 23.076636654906995 ], [ 72.493374902874848, 23.076724271501682 ], [ 72.493399548197871, 23.076809952686322 ], [ 72.493455848197868, 23.076970352383423 ], [ 72.493489884311998, 23.077052201359955 ], [ 72.493533149927259, 23.07713027444105 ], [ 72.493585158551923, 23.077203693756566 ], [ 72.493645325385174, 23.077271633765676 ], [ 72.493736525385174, 23.07736413338376 ], [ 72.493795642245686, 23.077418743429153 ], [ 72.493860031898677, 23.077468049488349 ], [ 72.49392913432942, 23.077511622738882 ], [ 72.494086957574439, 23.07760148685977 ], [ 72.494100565432177, 23.077645434640541 ], [ 72.494131761511056, 23.077718802974573 ], [ 72.494154561511053, 23.077765702856897 ], [ 72.494193555466296, 23.077836565388584 ], [ 72.494239763599097, 23.077903656916103 ], [ 72.494292759104525, 23.077966357749506 ], [ 72.494352052485553, 23.07802408875428 ], [ 72.494417096074315, 23.078076316700304 ], [ 72.494487289090742, 23.078122559186834 ], [ 72.494561983191659, 23.078162389097987 ], [ 72.494640488459282, 23.078195438547571 ], [ 72.494722079773709, 23.078221402276924 ], [ 72.494806003510533, 23.078240040474231 ], [ 72.494891484501721, 23.078251180989433 ], [ 72.494977733195569, 23.078254720924175 ], [ 72.495063952949408, 23.078250627582182 ], [ 72.495184652949419, 23.078239527650055 ], [ 72.495272050934148, 23.078227471121853 ], [ 72.495357738257923, 23.078207572511417 ], [ 72.49544088560711, 23.078180024401465 ], [ 72.495520688250863, 23.078145093408175 ], [ 72.49559637382967, 23.078103117601042 ], [ 72.495667209830472, 23.078054503231058 ], [ 72.495732510676277, 23.077999720799191 ], [ 72.495791644361276, 23.077939300502887 ], [ 72.495821144361258, 23.077906000632179 ], [ 72.495875546190447, 23.077837728776434 ], [ 72.495922071137429, 23.077764695287897 ], [ 72.495959304021326, 23.077689537732549 ], [ 72.49608497323139, 23.077621709234339 ], [ 72.496105529783478, 23.077610271433521 ], [ 72.496269129783499, 23.077516471922738 ], [ 72.496349977723384, 23.077464228471012 ], [ 72.496424100461567, 23.077404133045587 ], [ 72.496490601396772, 23.077336912561016 ], [ 72.496548676122245, 23.077263380117753 ], [ 72.496629176122241, 23.077148680500109 ], [ 72.496672861501139, 23.077079258824526 ], [ 72.496709025341389, 23.077006267804244 ], [ 72.496737326935545, 23.076930395098412 ], [ 72.496757499648069, 23.076852355516174 ], [ 72.496785599648064, 23.076714155672335 ], [ 72.496797179827411, 23.076637488468474 ], [ 72.496800912549375, 23.076560160773173 ], [ 72.496796765069732, 23.076482850921977 ], [ 72.496784773771068, 23.076406237095071 ], [ 72.496757973771054, 23.076277936946276 ], [ 72.496736815331602, 23.076198228018548 ], [ 72.496707169708841, 23.076120842108178 ], [ 72.496669329124984, 23.076046542026678 ], [ 72.496623666581485, 23.075976060169051 ], [ 72.496570632182298, 23.075910091294201 ], [ 72.496510748697034, 23.075849285676316 ], [ 72.496444606408005, 23.07579424269472 ], [ 72.496372857291675, 23.075745504925383 ], [ 72.496296208592028, 23.075703552792383 ], [ 72.496215415849107, 23.075668799831977 ], [ 72.496143015849114, 23.075641599677233 ], [ 72.496063703722257, 23.075615719700394 ], [ 72.495982107240337, 23.075596781169342 ], [ 72.49589894247201, 23.075584950286448 ], [ 72.495814939248788, 23.075580330878221 ], [ 72.495730834760238, 23.075582963484095 ], [ 72.495532334760242, 23.075597763574748 ], [ 72.495453546039073, 23.075606877591323 ], [ 72.495375940023692, 23.075622357225047 ], [ 72.495300123140794, 23.075644081513243 ], [ 72.495226687836492, 23.075671880695616 ], [ 72.495134187836484, 23.075711380915791 ], [ 72.495122361053077, 23.075717106401097 ] ] ] } },
{ "type": "Feature", "properties": { "version": 1, "visible": null, "lon": null, "timestamp": 1691665979, "tags": { "visible": false }, "changeset": null, "lat": null, "id": 1196756505, "natural": "water", "water": null, "wetland": null, "osm_type": "way", "grassland": null, "reef": null, "Risk": "High" }, "geometry": { "type": "Polygon", "coordinates": [ [ [ 72.473991402315519, 23.037908049404088 ], [ 72.473962402315536, 23.038287149567424 ], [ 72.473960440336896, 23.03836491965653 ], [ 72.473966430818493, 23.038442515080174 ], [ 72.473980320713636, 23.038519248719531 ], [ 72.474001987025133, 23.038594441088122 ], [ 72.474031237894366, 23.038667426348798 ], [ 72.474067814300255, 23.038737558209625 ], [ 72.474111392352953, 23.03880421564682 ], [ 72.474161586161912, 23.038866808403831 ], [ 72.474217951253053, 23.038924782217926 ], [ 72.474279988504549, 23.038977623728108 ], [ 72.47434714856675, 23.039024865020743 ], [ 72.47439454856675, 23.039055064868393 ], [ 72.474480038307519, 23.039103270162663 ], [ 72.474570833058678, 23.03914240830084 ], [ 72.474665801779096, 23.039171991742517 ], [ 72.474723001779097, 23.039186591656193 ], [ 72.474799196188172, 23.039202789187762 ], [ 72.474876632696578, 23.039212827240348 ], [ 72.474954724473321, 23.039216629744747 ], [ 72.475211124473333, 23.039218829731247 ], [ 72.475290081886399, 23.039216310024607 ], [ 72.475368493361287, 23.039207415994539 ], [ 72.475445752399366, 23.03919221643352 ], [ 72.475493352399383, 23.039180816501215 ], [ 72.475577424017317, 23.039156573646817 ], [ 72.475658510704605, 23.039124868831447 ], [ 72.475735832508278, 23.039086007010809 ], [ 72.475808645688858, 23.039040361981218 ], [ 72.47587624987419, 23.038988372784377 ], [ 72.475937994796226, 23.038930539484593 ], [ 72.475993286545659, 23.038867418359047 ], [ 72.47604159328472, 23.038799616547404 ], [ 72.476082450362739, 23.038727786212107 ], [ 72.47611546478548, 23.038652618265669 ], [ 72.476140318995306, 23.038574835725182 ], [ 72.47615677392568, 23.03849518675797 ], [ 72.476164671300637, 23.038414437485294 ], [ 72.476184771300638, 23.037960237598686 ], [ 72.476183997600273, 23.037878566906702 ], [ 72.476174470144585, 23.037797365022708 ], [ 72.47615628193229, 23.037717424570165 ], [ 72.476129610500806, 23.037639525860929 ], [ 72.476094716193387, 23.037564429278369 ], [ 72.476051939617804, 23.037492867855065 ], [ 72.476001698321625, 23.037425540117329 ], [ 72.475944482716557, 23.037363103266578 ], [ 72.475880851291365, 23.037306166764051 ], [ 72.475811425160487, 23.03725528638148 ], [ 72.475736882001229, 23.037210958775866 ], [ 72.475657949438784, 23.037173616641258 ], [ 72.475575397943985, 23.037143624484912 ], [ 72.475490033312411, 23.037121275069079 ], [ 72.475402688799122, 23.037106786553082 ], [ 72.475288688799125, 23.037093186470329 ], [ 72.475173199999986, 23.037086326324864 ], [ 72.4750672, 23.037086326324864 ], [ 72.475011577238988, 23.037087912568222 ], [ 72.474902977238969, 23.037094112606191 ], [ 72.474819665512172, 23.037102473283692 ], [ 72.474737562987627, 23.037117942279959 ], [ 72.47465738423638, 23.037140384959734 ], [ 72.47457982708606, 23.037169605991991 ], [ 72.474505566547478, 23.037205351050126 ], [ 72.474435248939741, 23.037247309025574 ], [ 72.474364148939728, 23.037294209259464 ], [ 72.474295477865141, 23.037344350045483 ], [ 72.474232444372532, 23.037400411491877 ], [ 72.474175648703778, 23.037461859741644 ], [ 72.474125631700531, 23.037528109641553 ], [ 72.474082869654069, 23.037598530314607 ], [ 72.474047769769641, 23.037672451167879 ], [ 72.474020666288936, 23.03774916827847 ], [ 72.474001817307226, 23.037827951096926 ], [ 72.473991402315519, 23.037908049404088 ] ] ] } },
{ "type": "Feature", "properties": { "version": 1, "visible": null, "lon": null, "timestamp": 1692047393, "tags": { "visible": false, "name": "Vastral Lake" }, "changeset": null, "lat": null, "id": 1198134753, "natural": "water", "water": "lake", "wetland": null, "osm_type": "way", "grassland": null, "reef": null, "Risk": "High" }, "geometry": { "type": "Polygon", "coordinates": [ [ [ 72.666533494344378, 22.999148828212849 ], [ 72.6665029429481, 22.999213432393653 ], [ 72.666476463749362, 22.999288094091515 ], [ 72.666457799026787, 22.999364731441069 ], [ 72.666420299026782, 22.999562231649382 ], [ 72.666410523285563, 22.999630249879448 ], [ 72.66640690696677, 22.999698779940232 ], [ 72.666409474967026, 22.999767350034546 ], [ 72.66642417496702, 22.999945149951895 ], [ 72.666435666490969, 23.000028239659486 ], [ 72.666456230660586, 23.000109832935152 ], [ 72.666485656477946, 23.000189092597516 ], [ 72.666523642020522, 23.000265205410514 ], [ 72.666569797539054, 23.000337390427379 ], [ 72.666623649456525, 23.000404907003237 ], [ 72.666684645227292, 23.000467062394229 ], [ 72.666789245227292, 23.0005633619771 ], [ 72.666847893849322, 23.000612775934162 ], [ 72.666911059296126, 23.00065722287415 ], [ 72.666978246763335, 23.000696354628527 ], [ 72.667048929940151, 23.000729864664777 ], [ 72.667122555132323, 23.000757490487423 ], [ 72.667254055132318, 23.000800690238169 ], [ 72.667330734260503, 23.000822379915498 ], [ 72.667409209691058, 23.000837686463633 ], [ 72.667488855649324, 23.000846487828063 ], [ 72.667829455649326, 23.000869987684499 ], [ 72.667913922365571, 23.000872147016498 ], [ 72.667998235812306, 23.000866991256412 ], [ 72.668081649978419, 23.000854566021935 ], [ 72.668163426809627, 23.00083498125041 ], [ 72.668243730992927, 23.000811987018572 ], [ 72.668480457105019, 23.00078632701257 ], [ 72.668572137798165, 23.000771926780207 ], [ 72.668661709618149, 23.000748878027796 ], [ 72.668821309618153, 23.000699478314647 ], [ 72.668899497441728, 23.000671472622553 ], [ 72.668974505853825, 23.000636874543726 ], [ 72.669045680576573, 23.000595985862802 ], [ 72.669112400772349, 23.000549163235021 ], [ 72.669174084459144, 23.000496815075419 ], [ 72.669230193587012, 23.000439397996519 ], [ 72.669280238731389, 23.000377412825664 ], [ 72.669323783362159, 23.000311400236644 ], [ 72.669404183362147, 23.000175600634748 ], [ 72.669442071155046, 23.000103500673411 ], [ 72.669472203581407, 23.000028364834979 ], [ 72.669494297955666, 22.999950897997394 ], [ 72.669508147000741, 22.999871826907839 ], [ 72.669522436919507, 22.999754237328997 ], [ 72.669560342893078, 22.999603605121091 ], [ 72.669561678039614, 22.999598217643413 ], [ 72.669612578039619, 22.999389617923452 ], [ 72.669627255033404, 22.999312596906631 ], [ 72.669633962746005, 22.99923464404997 ], [ 72.669632641192749, 22.999156456457012 ], [ 72.669623302191781, 22.999078733331675 ], [ 72.669606029258503, 22.999002169725511 ], [ 72.669580976858526, 22.998927450322054 ], [ 72.669548369026572, 22.998855243313848 ], [ 72.669508497362813, 22.998786194426913 ], [ 72.669461718425282, 22.998720921146095 ], [ 72.669302118425279, 22.998519620419152 ], [ 72.669241429351416, 22.99845109207358 ], [ 72.66917313877839, 22.998388920014449 ], [ 72.669098027406761, 22.998333815004461 ], [ 72.669016953912788, 22.998286407015339 ], [ 72.668921753912784, 22.998237106752121 ], [ 72.668846658801201, 22.998202370282364 ], [ 72.668768365768827, 22.998174245966091 ], [ 72.668687560100665, 22.998152979974655 ], [ 72.668604949074393, 22.998138758448793 ], [ 72.66857933529657, 22.998136600053883 ], [ 72.66851096460239, 22.998110072953018 ], [ 72.668431150141942, 22.998086886793917 ], [ 72.668349337895748, 22.998070638977627 ], [ 72.668266238023435, 22.998061470543544 ], [ 72.668173738023441, 22.99805527050566 ], [ 72.668124047161513, 22.998053210880737 ], [ 72.667985879539401, 22.998051009343641 ], [ 72.667890582109266, 22.998045826469237 ], [ 72.667876169486576, 22.998045149512119 ], [ 72.66772196948655, 22.998039049474784 ], [ 72.667629496935618, 22.998039776956144 ], [ 72.667537595617674, 22.998049251811956 ], [ 72.667447239448819, 22.998067373631446 ], [ 72.667359385970613, 22.998093950366801 ], [ 72.667193085970609, 22.998153150705029 ], [ 72.667114914150659, 22.998184992932707 ], [ 72.667040384273193, 22.998223530775558 ], [ 72.666970171233984, 22.998268415253495 ], [ 72.666904910838255, 22.998319239914771 ], [ 72.66684519404312, 22.998375544516744 ], [ 72.666791561606402, 22.99843681919376 ], [ 72.66674449918979, 22.998502509074463 ], [ 72.666654599189798, 22.998642009510455 ], [ 72.666611405293864, 22.998717697559474 ], [ 72.666576932178003, 22.998797086445034 ], [ 72.666551548357035, 22.998879327500536 ], [ 72.666535525181985, 22.998963541571303 ], [ 72.666529033939312, 22.999048828412818 ], [ 72.666532144019882, 22.999134276314415 ], [ 72.666533494344378, 22.999148828212849 ] ] ] } },
{ "type": "Feature", "properties": { "version": 1, "visible": null, "lon": null, "timestamp": 1692611980, "tags": { "visible": false, "name": "Khoraj Lake" }, "changeset": null, "lat": null, "id": 1200779816, "natural": "water", "water": "lake", "wetland": null, "osm_type": "way", "grassland": null, "reef": null, "Risk": "High" }, "geometry": { "type": "Polygon", "coordinates": [ [ [ 72.554028872483315, 23.150302869382472 ], [ 72.553916172483312, 23.150431069879232 ], [ 72.553868477371182, 23.150490588021217 ], [ 72.553826761258236, 23.15055378902257 ], [ 72.553791358343943, 23.150620166557555 ], [ 72.55376255225093, 23.150689188852866 ], [ 72.553740573752876, 23.150760302947962 ], [ 72.553692373752867, 23.150947803213825 ], [ 72.553677001096659, 23.151023016454229 ], [ 72.553669265420666, 23.151099215039814 ], [ 72.553669233133704, 23.151175744823991 ], [ 72.55367690451294, 23.151251948818032 ], [ 72.553727804512945, 23.15158734853231 ], [ 72.553746281651186, 23.151674538163324 ], [ 72.553774835297418, 23.151759399064449 ], [ 72.55381313520023, 23.151840949740176 ], [ 72.554012201381951, 23.152209052985036 ], [ 72.554153465360613, 23.152623681532834 ], [ 72.554143019251569, 23.152698601865499 ], [ 72.554132319251565, 23.152824401925965 ], [ 72.554129708443639, 23.152902508196874 ], [ 72.554135137123581, 23.152980491723685 ], [ 72.554148556700639, 23.153057654496198 ], [ 72.554169847059526, 23.153133305851739 ], [ 72.554193947059531, 23.153204805721263 ], [ 72.554221808338255, 23.153275812108038 ], [ 72.554256603751099, 23.153344183162645 ], [ 72.554298042671093, 23.15340934782375 ], [ 72.554345778981769, 23.15347076181185 ], [ 72.554399413967971, 23.153527912175196 ], [ 72.554458499646188, 23.153580321574001 ], [ 72.554525599646183, 23.153634621322716 ], [ 72.554604213932237, 23.153691423548928 ], [ 72.554689206632062, 23.153739841278625 ], [ 72.554779524855221, 23.153779274721852 ], [ 72.554897524855207, 23.153823574469026 ], [ 72.554972989868119, 23.153848356024159 ], [ 72.555050556517671, 23.153866855556977 ], [ 72.555129607573008, 23.153878925861445 ], [ 72.555209513991301, 23.153884470890763 ], [ 72.55529801399129, 23.153886970875355 ], [ 72.555392364777887, 23.153885076045633 ], [ 72.555485978699309, 23.153874090549127 ], [ 72.555577822563507, 23.153854135627633 ], [ 72.555666882714121, 23.153825431514385 ], [ 72.555771482714121, 23.15378593173963 ], [ 72.555852049629308, 23.153751123444241 ], [ 72.555928474097144, 23.153709154383538 ], [ 72.556000005650361, 23.153660436675651 ], [ 72.556065941868766, 23.153605448707989 ], [ 72.556125635276842, 23.153544730439915 ], [ 72.556178499701716, 23.153478878100767 ], [ 72.556224016029304, 23.153408538335334 ], [ 72.556261737301767, 23.153334401854266 ], [ 72.556315437301748, 23.153213602136024 ], [ 72.556343076548956, 23.1531422470552 ], [ 72.556363490176096, 23.15306886390573 ], [ 72.556376506505885, 23.15299406983241 ], [ 72.556382016071836, 23.152918493846801 ], [ 72.556379972538821, 23.152842771537355 ], [ 72.556323572538815, 23.152110271218476 ], [ 72.556315455182087, 23.152043519242 ], [ 72.556194855182099, 23.151319718566334 ], [ 72.556191068318782, 23.151302460236618 ], [ 72.556214063362248, 23.151229282248512 ], [ 72.55623134262818, 23.151131936410032 ], [ 72.556246042628175, 23.150999936492916 ], [ 72.556250696768359, 23.150921103182533 ], [ 72.556247143945868, 23.150842221375139 ], [ 72.556235416619771, 23.150764011746318 ], [ 72.556215621932552, 23.150687188831764 ], [ 72.556187940731178, 23.150612454499171 ], [ 72.556145040731181, 23.150512554273025 ], [ 72.556106511171521, 23.150434851824478 ], [ 72.556059462048566, 23.150361222511552 ], [ 72.556004396288714, 23.150292453394034 ], [ 72.555941902511364, 23.150229279579865 ], [ 72.555872648736894, 23.150172376366946 ], [ 72.555797375245916, 23.150122352024258 ], [ 72.555710275245914, 23.150070551756155 ], [ 72.555626599227054, 23.150026457054835 ], [ 72.55553826424061, 23.149990864742819 ], [ 72.555446288472211, 23.149964185078748 ], [ 72.555351732072594, 23.149946725588862 ], [ 72.555306132072587, 23.14994062555165 ], [ 72.555218219807699, 23.149932898772356 ], [ 72.555129907229841, 23.149933146432144 ], [ 72.554926007229852, 23.149942946492473 ], [ 72.554820742406591, 23.14995375527231 ], [ 72.554717592947767, 23.149975881306286 ], [ 72.554617700390793, 23.15000310816804 ], [ 72.554552648338955, 23.150011918453341 ], [ 72.554466154595247, 23.150031848666433 ], [ 72.554382235861496, 23.150059565164916 ], [ 72.554301718980511, 23.150094794856187 ], [ 72.554225397277008, 23.150137190619887 ], [ 72.554154022741074, 23.150186334728232 ], [ 72.55408829861878, 23.150241742962145 ], [ 72.554028872483315, 23.150302869382472 ] ] ] } },
{ "type": "Feature", "properties": { "version": 1, "visible": null, "lon": null, "timestamp": 1692652229, "tags": { "visible": false, "name": "Adalaj Lake" }, "changeset": null, "lat": null, "id": 1200946272, "natural": "water", "water": "lake", "wetland": null, "osm_type": "way", "grassland": null, "reef": null, "Risk": "High" }, "geometry": { "type": "Polygon", "coordinates": [ [ [ 72.578957219067874, 23.169040357758455 ], [ 72.57891973406619, 23.169099520034358 ], [ 72.57888249685945, 23.16917467964435 ], [ 72.578853611196294, 23.169252882604052 ], [ 72.578833365951056, 23.16933334683128 ], [ 72.578821963588595, 23.169415267631074 ], [ 72.578819518139539, 23.169497825743278 ], [ 72.578826054059874, 23.169580195535715 ], [ 72.578841505986389, 23.169661553261061 ], [ 72.57886571939035, 23.169741085294731 ], [ 72.578898452122857, 23.169817996271572 ], [ 72.578939376836516, 23.169891517039805 ], [ 72.57898808425908, 23.169960912352828 ], [ 72.579044087286476, 23.170025488221881 ], [ 72.579106825854055, 23.170084598856093 ], [ 72.579175672537687, 23.170137653120467 ], [ 72.579249938828298, 23.170184120447313 ], [ 72.579328882017435, 23.17022353614195 ], [ 72.57941171262479, 23.170255506029623 ], [ 72.579497602293515, 23.170279710397292 ], [ 72.579614302293507, 23.170306810235211 ], [ 72.579719508415423, 23.170325188499369 ], [ 72.579826345855039, 23.170331926627771 ], [ 72.579839616556669, 23.170332034659513 ], [ 72.579873090617298, 23.170357004746265 ], [ 72.579934591990209, 23.17039901353191 ], [ 72.579999763472841, 23.170436051464595 ], [ 72.580068130966652, 23.170467849111262 ], [ 72.580242530966643, 23.170540548702807 ], [ 72.580327070227938, 23.170571151323223 ], [ 72.580414539541522, 23.170593746755259 ], [ 72.580504044134244, 23.170608103861547 ], [ 72.580594668412985, 23.170614075777792 ], [ 72.58068548533069, 23.170611601414993 ], [ 72.5807755658697, 23.170600706084336 ], [ 72.580863988545175, 23.170581501238313 ], [ 72.580893893443886, 23.170571986487751 ], [ 72.580946841480809, 23.17058866852792 ], [ 72.581028135967955, 23.170606722888717 ], [ 72.581209235967947, 23.170638822694276 ], [ 72.581293278798668, 23.170649961893666 ], [ 72.581378090199863, 23.170653756268884 ], [ 72.581462912410203, 23.1706501719191 ], [ 72.581546987571826, 23.17063924086867 ], [ 72.581629564501455, 23.170621060781077 ], [ 72.581709905402036, 23.170595794086363 ], [ 72.58196740540204, 23.170502094623817 ], [ 72.582044008356775, 23.170470334080516 ], [ 72.582117047970939, 23.170432131889033 ], [ 72.582185885099946, 23.170387822338281 ], [ 72.58224991737373, 23.170337793160073 ], [ 72.582308584467796, 23.170282482136432 ], [ 72.582361373006592, 23.17022237326891 ], [ 72.582407821055696, 23.170157992543487 ], [ 72.582447522164159, 23.170089903328051 ], [ 72.582548022164161, 23.169896303842442 ], [ 72.582584533513668, 23.169815121819518 ], [ 72.582611458538338, 23.169730833573905 ], [ 72.582628492585471, 23.169644392809968 ], [ 72.582667392585449, 23.169362093028823 ], [ 72.582674352256419, 23.169274033292265 ], [ 72.582671046529711, 23.1691857936746 ], [ 72.582657513188025, 23.169098382707883 ], [ 72.582633906910146, 23.169012799455089 ], [ 72.582557506910149, 23.1687871990414 ], [ 72.58252878384441, 23.168714551854428 ], [ 72.582492798736723, 23.16864469166563 ], [ 72.582347898736742, 23.168394390940236 ], [ 72.582310164027163, 23.168335263744957 ], [ 72.582267225393522, 23.168279217390541 ], [ 72.582219378691818, 23.168226638051973 ], [ 72.582113512641371, 23.168119655377403 ], [ 72.582035441119075, 23.168030990895677 ], [ 72.582023054838146, 23.168014057398171 ], [ 72.581997389811931, 23.167899997071491 ], [ 72.581974895191379, 23.167820291282208 ], [ 72.581943878816631, 23.167743041071422 ], [ 72.58187287881664, 23.167590140701122 ], [ 72.581835200601574, 23.167518716163844 ], [ 72.581790237706798, 23.16745094717955 ], [ 72.581738405528696, 23.16738745984804 ], [ 72.581680182926533, 23.16732884071293 ], [ 72.581616107798453, 23.167275631342527 ], [ 72.581546772112034, 23.167228323326192 ], [ 72.581472816435266, 23.167187353732533 ], [ 72.581394924018639, 23.167153101071168 ], [ 72.581302324018637, 23.167117300867616 ], [ 72.581239740960626, 23.167095589341784 ], [ 72.58117557413027, 23.167078219327088 ], [ 72.581017374130269, 23.167041219105901 ], [ 72.58093101899604, 23.167025121528095 ], [ 72.580843363893578, 23.167016879242077 ], [ 72.580755252145082, 23.167016571547627 ], [ 72.580667531466119, 23.167024201405095 ], [ 72.580581045809737, 23.167039695406938 ], [ 72.58049662724703, 23.167062904484009 ], [ 72.580415087961697, 23.167093605339822 ], [ 72.580337212436191, 23.167131502599059 ], [ 72.580263749904248, 23.16717623164952 ], [ 72.580177949904254, 23.167234231937748 ], [ 72.580109694119471, 23.167285290556027 ], [ 72.580047199484127, 23.167342243726019 ], [ 72.579991065660806, 23.16740454495072 ], [ 72.579941831277381, 23.167471596416387 ], [ 72.57992229096719, 23.167504811228657 ], [ 72.579921643842596, 23.167505072410329 ], [ 72.579847678140723, 23.167542926019976 ], [ 72.579777916613637, 23.167587012553973 ], [ 72.579694816613625, 23.167645012838925 ], [ 72.579631387460537, 23.167693667961046 ], [ 72.579573088090839, 23.167747474164621 ], [ 72.579414788090844, 23.167907674829081 ], [ 72.57937915519193, 23.167946026072283 ], [ 72.579171355191917, 23.168184026991284 ], [ 72.579118268954332, 23.168251540694012 ], [ 72.579072850985739, 23.168323627660019 ], [ 72.579035563418373, 23.168399554390668 ], [ 72.579006785656858, 23.168478548318255 ], [ 72.578986810517677, 23.168559805667201 ], [ 72.57896401051768, 23.168680605794595 ], [ 72.578955037282185, 23.168741535933769 ], [ 72.578951019710217, 23.168802910937547 ], [ 72.578948319710207, 23.168911410952852 ], [ 72.578950776091887, 23.168994180936018 ], [ 72.578957219067874, 23.169040357758455 ] ] ] } },
{ "type": "Feature", "properties": { "version": 1, "visible": null, "lon": null, "timestamp": 1693155731, "tags": { "visible": false }, "changeset": null, "lat": null, "id": 1202581108, "natural": "water", "water": "lake", "wetland": null, "osm_type": "way", "grassland": null, "reef": null, "Risk": "High" }, "geometry": { "type": "Polygon", "coordinates": [ [ [ 72.610970419369437, 23.123432590662858 ], [ 72.611478419369433, 23.123219891854752 ], [ 72.611556244968142, 23.12318299446402 ], [ 72.611757044968144, 23.123076095033653 ], [ 72.611830453571201, 23.1230324982041 ], [ 72.611898908917993, 23.122982548169951 ], [ 72.611961763239691, 23.122926717583937 ], [ 72.612018421768099, 23.122865534744179 ], [ 72.612068348363522, 23.122799578595394 ], [ 72.612111070588256, 23.122729473250757 ], [ 72.612146184176964, 23.122655882086431 ], [ 72.612173356862144, 23.12257950146445 ], [ 72.612192331518301, 23.122501054143559 ], [ 72.61220292859494, 23.122421282440079 ], [ 72.612205047815664, 23.122340941203781 ], [ 72.612198669127054, 23.122260790675075 ], [ 72.612183852888379, 23.122181589291138 ], [ 72.612160739300464, 23.122104086509022 ], [ 72.612049439300463, 23.121791385910083 ], [ 72.612016599219416, 23.12171288390811 ], [ 72.611975250189928, 23.121637859624919 ], [ 72.611925820811223, 23.121567090723644 ], [ 72.611868823438542, 23.12150131075952 ], [ 72.611804848872424, 23.121441201575959 ], [ 72.611734560234837, 23.121387386236691 ], [ 72.611658686095581, 23.121340422567094 ], [ 72.611578012920418, 23.121300797371791 ], [ 72.611493376919086, 23.121268921388427 ], [ 72.61140565537751, 23.121245125029922 ], [ 72.611315757564569, 23.121229654959397 ], [ 72.610854557564579, 23.121172454610385 ], [ 72.610764890608081, 23.121165515992971 ], [ 72.610674918714338, 23.121166862256899 ], [ 72.610585544655095, 23.121176479893606 ], [ 72.610089544655096, 23.12125318035929 ], [ 72.610001884537979, 23.12127091774979 ], [ 72.609916586635961, 23.121296611713412 ], [ 72.60983450250788, 23.121330005733846 ], [ 72.609756451628343, 23.121370766421268 ], [ 72.609683213206651, 23.121418486840941 ], [ 72.609615518407651, 23.121472690576045 ], [ 72.609554043052228, 23.121532836484192 ], [ 72.609499400870405, 23.121598324100141 ], [ 72.609452137374248, 23.121668499630751 ], [ 72.609412724411783, 23.121742662482323 ], [ 72.609381555456423, 23.121820072255129 ], [ 72.609358941678806, 23.121899956135358 ], [ 72.609345108840159, 23.121981516610528 ], [ 72.609340195038598, 23.122063939431534 ], [ 72.609344249330306, 23.122146401741627 ], [ 72.609357231239869, 23.122228080291357 ], [ 72.609379011164336, 23.122308159657287 ], [ 72.609409371667098, 23.122385840382627 ], [ 72.609448009648588, 23.122460346958281 ], [ 72.609807709648578, 23.123073145166011 ], [ 72.609854362084391, 23.123143900163075 ], [ 72.609908476735555, 23.123210008288389 ], [ 72.609969510721484, 23.123270806349623 ], [ 72.610036851746472, 23.123325684425478 ], [ 72.610109824242315, 23.123374091984225 ], [ 72.610187696145701, 23.123415543406306 ], [ 72.610269686242177, 23.123449622855802 ], [ 72.610354972003407, 23.123475988451879 ], [ 72.610442697838835, 23.123494375698311 ], [ 72.610531983678911, 23.123504600136705 ], [ 72.610621933804083, 23.12350655919693 ], [ 72.61071164583069, 23.123500233225943 ], [ 72.610800219763604, 23.123485685685026 ], [ 72.610886767025193, 23.12346306251311 ], [ 72.610970419369437, 23.123432590662858 ] ] ] } },
{ "type": "Feature", "properties": { "version": 1, "visible": null, "lon": null, "timestamp": 1693156814, "tags": { "visible": false }, "changeset": null, "lat": null, "id": 1202585140, "natural": "water", "water": "lake", "wetland": null, "osm_type": "way", "grassland": null, "reef": null, "Risk": "High" }, "geometry": { "type": "Polygon", "coordinates": [ [ [ 72.616174064712993, 23.125243038600754 ], [ 72.616313264712986, 23.125359438070458 ], [ 72.61638136479128, 23.125411000236365 ], [ 72.61645463548588, 23.125456171388439 ], [ 72.616532370288454, 23.125494515973166 ], [ 72.61661381964575, 23.125525664261147 ], [ 72.616698198187152, 23.12554931591195 ], [ 72.617065598187153, 23.125634415403809 ], [ 72.61715297094689, 23.125650462825806 ], [ 72.617241642528668, 23.125658471517099 ], [ 72.617330740635026, 23.125658362694477 ], [ 72.617419388772674, 23.125650137428444 ], [ 72.617527188772669, 23.125635137519765 ], [ 72.61761277399242, 23.12561928277777 ], [ 72.61769628149942, 23.125595862560406 ], [ 72.617776922543086, 23.12556509807396 ], [ 72.617853935447371, 23.125527279892225 ], [ 72.617926592804935, 23.125482765212176 ], [ 72.617994208347753, 23.12543197448035 ], [ 72.618056143429058, 23.125375387421851 ], [ 72.618111813055592, 23.125313538509502 ], [ 72.618160691412953, 23.125247011915842 ], [ 72.618202316832068, 23.125176435995741 ], [ 72.618236296149789, 23.125102477351653 ], [ 72.618262308422459, 23.125025834537613 ], [ 72.618280107957261, 23.124947231461366 ], [ 72.61828952663285, 23.124867410547051 ], [ 72.61832902663285, 23.124257410770337 ], [ 72.618330474807394, 23.124193690348342 ], [ 72.618326577339744, 23.124130056847996 ], [ 72.618310977339732, 23.123979256760055 ], [ 72.618298198458461, 23.123898394469325 ], [ 72.618276796114515, 23.123819088618379 ], [ 72.618246979681288, 23.123742115038507 ], [ 72.618209040844931, 23.123668226746208 ], [ 72.618163350750891, 23.123598146576484 ], [ 72.618110356373094, 23.123532560111279 ], [ 72.6180505761413, 23.123472108972422 ], [ 72.617984594869469, 23.123417384544478 ], [ 72.617913058034645, 23.123368922189137 ], [ 72.617828258034649, 23.123317221923809 ], [ 72.617808347370357, 23.123305427409253 ], [ 72.61772474737036, 23.123257327158178 ], [ 72.617642883075547, 23.123215519897883 ], [ 72.61755673135039, 23.123181776972469 ], [ 72.617467228295624, 23.12315646502941 ], [ 72.61737534642667, 23.1231398591061 ], [ 72.617282084106435, 23.123132139641154 ], [ 72.617188454697484, 23.123133390513679 ], [ 72.616983254697473, 23.123145990591084 ], [ 72.616897652096995, 23.123155056095968 ], [ 72.616813387769838, 23.123171622721657 ], [ 72.61673123703622, 23.123195538035073 ], [ 72.616651955769129, 23.123226581986387 ], [ 72.616576273439364, 23.123264468933822 ], [ 72.616504886403831, 23.1233088502721 ], [ 72.616438451498112, 23.123359317640094 ], [ 72.616377579993056, 23.123415406678482 ], [ 72.616322831970407, 23.123476601302567 ], [ 72.61627471116941, 23.123542338451003 ], [ 72.616233660351909, 23.123612013266825 ], [ 72.616200057228525, 23.123684984663022 ], [ 72.615935357228508, 23.124346486069701 ], [ 72.61590886835863, 23.124424347146196 ], [ 72.615890859137238, 23.124504231252374 ], [ 72.61588150518979, 23.124585359357727 ], [ 72.615880897735693, 23.12466694030169 ], [ 72.615889042698853, 23.124748178509051 ], [ 72.615905860649789, 23.124828281748396 ], [ 72.615931187580316, 23.124906468857869 ], [ 72.615964776502921, 23.124981977362967 ], [ 72.61600629985935, 23.125054070911943 ], [ 72.61605535271498, 23.125122046456568 ], [ 72.616111456707714, 23.12518524110795 ], [ 72.616174064712993, 23.125243038600754 ] ] ] } },
{ "type": "Feature", "properties": { "version": 2, "visible": null, "lon": null, "timestamp": 1693284491, "tags": { "visible": false }, "changeset": null, "lat": null, "id": 1202722672, "natural": "water", "water": "pond", "wetland": null, "osm_type": "way", "grassland": null, "reef": null, "Risk": "High" }, "geometry": { "type": "Polygon", "coordinates": [ [ [ 72.453827484875688, 23.045711186308637 ], [ 72.453818413917446, 23.04573639971014 ], [ 72.45379880513849, 23.045817343414324 ], [ 72.453788108858831, 23.045899687679753 ], [ 72.453786432736464, 23.045982603710197 ], [ 72.453787232736474, 23.046005903705691 ], [ 72.453793557821555, 23.046081116683411 ], [ 72.453807308091285, 23.046155485806686 ], [ 72.453828369026937, 23.046228391696204 ], [ 72.453856565223106, 23.046299227160119 ], [ 72.453891661848502, 23.04636740225094 ], [ 72.453903661848514, 23.046388202191071 ], [ 72.453945971008721, 23.046453998092492 ], [ 72.453994705208189, 23.046515915674149 ], [ 72.45404944758225, 23.046573425308502 ], [ 72.454109729873238, 23.046626035073114 ], [ 72.454175036435913, 23.046673294958325 ], [ 72.454244808648227, 23.046714800716341 ], [ 72.454293108648216, 23.04674070057899 ], [ 72.454361626395766, 23.046773887744024 ], [ 72.454432995404616, 23.046801522170544 ], [ 72.454506685435831, 23.046823398550934 ], [ 72.454582149006399, 23.046839354356607 ], [ 72.454650949006407, 23.046851054285987 ], [ 72.454734444468116, 23.046861554393335 ], [ 72.454818641814143, 23.046864808635497 ], [ 72.454902800070244, 23.046860788374214 ], [ 72.454986178606092, 23.046849528988925 ], [ 72.455068043653284, 23.046831129565476 ], [ 72.455147674762827, 23.046805752024117 ], [ 72.455224371145292, 23.046773619694711 ], [ 72.455297457838256, 23.046735015351395 ], [ 72.455366291646115, 23.046690278724252 ], [ 72.45539349164612, 23.046670778818669 ], [ 72.455459040034867, 23.04661893614632 ], [ 72.455518870482138, 23.046561536643075 ], [ 72.455572429094104, 23.046499111691002 ], [ 72.455594844485731, 23.046467076156503 ], [ 72.455632005823105, 23.046429214379888 ], [ 72.45568650132941, 23.046360696915695 ], [ 72.455733071144394, 23.046287396827566 ], [ 72.455771223924444, 23.046210087474748 ], [ 72.455800557131454, 23.046129584517974 ], [ 72.455812657131446, 23.046089684583798 ], [ 72.455831655251643, 23.046013178221305 ], [ 72.455842683276927, 23.045935358767689 ], [ 72.455845641807926, 23.045856927634635 ], [ 72.455840504178411, 23.045778591748313 ], [ 72.455827316695562, 23.045701057177624 ], [ 72.455806198222703, 23.045625022770142 ], [ 72.455777339107826, 23.045551173853099 ], [ 72.455740999468034, 23.045480176056159 ], [ 72.455716099468034, 23.045436975931921 ], [ 72.455672214721346, 23.045368922048318 ], [ 72.455621459332491, 23.045305041378786 ], [ 72.455564298441132, 23.04524591935396 ], [ 72.455501255889288, 23.045192097794914 ], [ 72.455432909420452, 23.045144069947458 ], [ 72.455359885385064, 23.045102275961625 ], [ 72.455298085385067, 23.045070575791684 ], [ 72.455210918065333, 23.045031382641785 ], [ 72.455119665920293, 23.045001068090201 ], [ 72.455025393284146, 23.044979985721714 ], [ 72.454947893284142, 23.044966685641469 ], [ 72.454854667970437, 23.044955294795674 ], [ 72.45476065938584, 23.044952934865808 ], [ 72.454666897840696, 23.044959631716562 ], [ 72.454574410937809, 23.044975311950818 ], [ 72.454484212310277, 23.04499980371407 ], [ 72.454425712310268, 23.045018803824039 ], [ 72.454347094339411, 23.045048251305872 ], [ 72.454271847741822, 23.045084395451408 ], [ 72.454200644341043, 23.045126913549947 ], [ 72.454134119861763, 23.045175425981679 ], [ 72.454072868253931, 23.04522949960727 ], [ 72.454017436389691, 23.045288651635257 ], [ 72.453968319180902, 23.045352353932795 ], [ 72.453925955160301, 23.045420037741174 ], [ 72.453890722566172, 23.04549109875413 ], [ 72.453862935965404, 23.045564902513409 ], [ 72.453854235965395, 23.045592102560541 ], [ 72.453830257163645, 23.045687686069744 ], [ 72.453827484875688, 23.045711186308637 ] ] ] } },
{ "type": "Feature", "properties": { "version": 1, "visible": null, "lon": null, "timestamp": 1693805917, "tags": { "visible": false }, "changeset": null, "lat": null, "id": 1204808494, "natural": "water", "water": null, "wetland": null, "osm_type": "way", "grassland": null, "reef": null, "Risk": "High" }, "geometry": { "type": "Polygon", "coordinates": [ [ [ 72.488097067947166, 22.985233589114006 ], [ 72.48819896794717, 22.98535698865679 ], [ 72.488253295252093, 22.985416715478106 ], [ 72.488313486156812, 22.985471471256737 ], [ 72.488379006561971, 22.985520770127838 ], [ 72.488449275077372, 22.985564174647884 ], [ 72.488523668180733, 22.985601299676084 ], [ 72.488601525750624, 22.985631815791667 ], [ 72.488682156923943, 22.985655452216797 ], [ 72.488764846226189, 22.985671999219143 ], [ 72.488848859920253, 22.985681309972783 ], [ 72.488860478389498, 22.985681583550999 ], [ 72.488881031210184, 22.985693426728378 ], [ 72.488966895914118, 22.98573189544792 ], [ 72.489589095914098, 22.985973894083102 ], [ 72.489667164745086, 22.986000406563939 ], [ 72.489747563458295, 22.986020155071614 ], [ 72.489829602200246, 22.986032970158949 ], [ 72.489912577045402, 22.986038741869301 ], [ 72.490465177045408, 22.986053541778723 ], [ 72.490553068906479, 22.986051934181521 ], [ 72.490640369231713, 22.986042425589464 ], [ 72.490726241981235, 22.986025107060836 ], [ 72.490809864786399, 22.986000144445224 ], [ 72.490890436825481, 22.985967776795331 ], [ 72.490967186492625, 22.98592831407786 ], [ 72.49103937878732, 22.985882134205266 ], [ 72.491106322353161, 22.985829679416856 ], [ 72.491167376098701, 22.985771452043931 ], [ 72.491355076098685, 22.985573952840149 ], [ 72.491409033842615, 22.985511309327645 ], [ 72.491456168897486, 22.985444162004182 ], [ 72.491496040752452, 22.98537313840335 ], [ 72.491528276776478, 22.985298902285994 ], [ 72.491552575700823, 22.985222147437081 ], [ 72.491568710434649, 22.985143591181973 ], [ 72.491576530187302, 22.985063967682628 ], [ 72.491575961877601, 22.98498402107645 ], [ 72.491567010816809, 22.984904498521818 ], [ 72.491549760658984, 22.984826143215351 ], [ 72.491365325722683, 22.984156493852183 ], [ 72.491202179371911, 22.983551147240664 ], [ 72.491176624260362, 22.983473034501724 ], [ 72.491142833927867, 22.983397619674403 ], [ 72.491101137173729, 22.983325636593381 ], [ 72.491051939731349, 22.983257785701408 ], [ 72.490995720320043, 22.9831947272333 ], [ 72.49093302598699, 22.983137074791291 ], [ 72.490864466784032, 22.983085389373983 ], [ 72.490790709831586, 22.983040173917288 ], [ 72.490712472827141, 22.983001868400248 ], [ 72.490630517061675, 22.98297084556356 ], [ 72.490545640011817, 22.982947407282332 ], [ 72.49010044001183, 22.982846206680858 ], [ 72.490003516236925, 22.982829310546531 ], [ 72.489905164510873, 22.982822300072467 ], [ 72.489806570832016, 22.982825259797732 ], [ 72.489708924116329, 22.9828381540311 ], [ 72.488877424116325, 22.982991254950168 ], [ 72.488799688580613, 22.983008918202025 ], [ 72.48872397022825, 22.983032883646633 ], [ 72.48865087059896, 22.983062960888734 ], [ 72.48858097042816, 22.983098910977564 ], [ 72.488514825033377, 22.983140448305328 ], [ 72.488268025033378, 22.983310749139577 ], [ 72.488199586611188, 22.983363039389566 ], [ 72.488137100114145, 22.98342130358283 ], [ 72.488081178036921, 22.98348497060455 ], [ 72.488032368529488, 22.983553416381348 ], [ 72.487991150024214, 22.983625969998794 ], [ 72.487957926546201, 22.983701920277962 ], [ 72.487933023753072, 22.983780522746702 ], [ 72.487916685742803, 22.983861006937143 ], [ 72.487909072661083, 22.983942583938013 ], [ 72.487895672661097, 22.984283384013487 ], [ 72.487895847195304, 22.984347366519369 ], [ 72.487914647195296, 22.984767166413501 ], [ 72.487923011847229, 22.984850688700089 ], [ 72.487940523254139, 22.984933001344135 ], [ 72.487967001282556, 22.985013257628385 ], [ 72.488002173562649, 22.985090631990044 ], [ 72.48804567828995, 22.985164328512816 ], [ 72.488097067947166, 22.985233589114006 ] ] ] } },
{ "type": "Feature", "properties": { "version": 1, "visible": null, "lon": null, "timestamp": 1705237523, "tags": { "visible": false }, "changeset": null, "lat": null, "id": 1239619340, "natural": "water", "water": "pond", "wetland": null, "osm_type": "way", "grassland": null, "reef": null, "Risk": "High" }, "geometry": { "type": "Polygon", "coordinates": [ [ [ 72.520259623851672, 23.026177506092644 ], [ 72.520256923851676, 23.026231806107869 ], [ 72.520257063982996, 23.026310113972038 ], [ 72.520265253783847, 23.026388058314623 ], [ 72.520281419778343, 23.026464939849053 ], [ 72.520305416931194, 23.026540068825057 ], [ 72.520337029948791, 23.026612771216744 ], [ 72.520375975210854, 23.026682394769601 ], [ 72.520396075210854, 23.0267144946713 ], [ 72.520444958064118, 23.026784220755296 ], [ 72.520501189403376, 23.026849085842077 ], [ 72.52056420274738, 23.026908436480412 ], [ 72.520633363292077, 23.026961674772458 ], [ 72.520707974305807, 23.027008264396787 ], [ 72.520787284148227, 23.02704773601101 ], [ 72.520870493842409, 23.027079691979733 ], [ 72.520956765123856, 23.027103810380119 ], [ 72.521021165123855, 23.027118610292053 ], [ 72.52109846400343, 23.027133089122461 ], [ 72.521176845027185, 23.027141271174731 ], [ 72.521255703791624, 23.027143093357438 ], [ 72.521334432209287, 23.027138541619813 ], [ 72.52140953220929, 23.027131141664938 ], [ 72.521497974200457, 23.027118297016024 ], [ 72.521584587522696, 23.027097413492445 ], [ 72.521668511723519, 23.027068698556054 ], [ 72.521748913065409, 23.027032437467962 ], [ 72.521824992808263, 23.026988990454829 ], [ 72.521877292808256, 23.026955690622781 ], [ 72.52194613321312, 23.026907176618984 ], [ 72.522009570921355, 23.026852780662402 ], [ 72.522067014943019, 23.026793009502626 ], [ 72.522117930125759, 23.026728419965025 ], [ 72.522161842140335, 23.026659613763577 ], [ 72.522198341899468, 23.026587231895515 ], [ 72.522227089368968, 23.026511948669963 ], [ 72.522247816735472, 23.026434465426238 ], [ 72.52226033090146, 23.026355504000254 ], [ 72.522264515284121, 23.0262758 ], [ 72.522264515284121, 23.0262067 ], [ 72.52225936133425, 23.026118266356278 ], [ 72.522243958624685, 23.026030847405206 ], [ 72.522218483896921, 23.025945446256092 ], [ 72.522195683896911, 23.025882446133998 ], [ 72.522164039152742, 23.025807406532625 ], [ 72.522124615383632, 23.025735554697373 ], [ 72.522077786296421, 23.025667571733738 ], [ 72.522023995794683, 23.025604102073984 ], [ 72.521963753770763, 23.025545747368227 ], [ 72.521897631272537, 23.025493060780963 ], [ 72.521826255090147, 23.025446541747218 ], [ 72.521750301814691, 23.025406631238091 ], [ 72.521670491424487, 23.025373707580378 ], [ 72.521608791424484, 23.025351507453582 ], [ 72.521527215063642, 23.025326230697182 ], [ 72.521443384560698, 23.025308255547454 ], [ 72.52135806958681, 23.025297747042185 ], [ 72.52127205344253, 23.025294801664643 ], [ 72.521186125865967, 23.025299446457645 ], [ 72.521101075782099, 23.025311638775289 ], [ 72.521017684059444, 23.025331266674474 ], [ 72.520965384059423, 23.025346066761227 ], [ 72.520886718955282, 23.025372072051493 ], [ 72.520811020730577, 23.025404693921324 ], [ 72.520738944768823, 23.025443649930924 ], [ 72.520671115092512, 23.025488602799872 ], [ 72.520632215092519, 23.025517002936319 ], [ 72.520572371976698, 23.025564798298536 ], [ 72.520517337886901, 23.025617260877979 ], [ 72.520467540987468, 23.025673982511442 ], [ 72.520423368697422, 23.025734521900453 ], [ 72.520389868697421, 23.025785122061919 ], [ 72.520346920323419, 23.025857979166094 ], [ 72.520312114740932, 23.025934427965623 ], [ 72.520285801810132, 23.026013700003929 ], [ 72.520268246024401, 23.026094998446908 ], [ 72.520259623851672, 23.026177506092644 ] ] ] } },
{ "type": "Feature", "properties": { "version": 1, "visible": null, "lon": null, "timestamp": 1705237523, "tags": { "visible": false, "name": "Jungle Pond" }, "changeset": null, "lat": null, "id": 1239619341, "natural": "water", "water": "pond", "wetland": null, "osm_type": "way", "grassland": null, "reef": null, "Risk": "High" }, "geometry": { "type": "Polygon", "coordinates": [ [ [ 72.520244825926895, 23.027178658597105 ], [ 72.520245325926879, 23.027181158594331 ], [ 72.52024991331416, 23.027202512519242 ], [ 72.520251613314159, 23.027209912509861 ], [ 72.520273175111399, 23.027285786555581 ], [ 72.520302451834638, 23.027359438870267 ], [ 72.520339180027435, 23.027430206672989 ], [ 72.5203617299683, 23.027464788962785 ], [ 72.520372956165886, 23.027486852466811 ], [ 72.520418041137958, 23.027556669613762 ], [ 72.520470352043887, 23.02762207865683 ], [ 72.520529384054726, 23.027682448369713 ], [ 72.520594567479193, 23.027737196158693 ], [ 72.520665273261471, 23.027785793684725 ], [ 72.520682873261464, 23.027796693629259 ], [ 72.520758771198317, 23.027838846365061 ], [ 72.520838813955493, 23.027873909312902 ], [ 72.520922222067753, 23.027901541031568 ], [ 72.521008183297681, 23.027921472444969 ], [ 72.52109586054533, 23.02793350946224 ], [ 72.5211844, 23.027937534867711 ], [ 72.521200199999981, 23.027937534867711 ], [ 72.521290653596594, 23.027933333080352 ], [ 72.521380187749827, 23.027920770427848 ], [ 72.521467892362338, 23.027899974604829 ], [ 72.521552875933651, 23.027871156993069 ], [ 72.521558475933659, 23.027868957005477 ], [ 72.521638088424467, 23.027833315376277 ], [ 72.521713502163948, 23.027790634704996 ], [ 72.521783984670037, 23.027741329535992 ], [ 72.521848851356893, 23.027685878755836 ], [ 72.521907472184367, 23.027624820942254 ], [ 72.52195927777727, 23.027558749133249 ], [ 72.52196717777727, 23.027547549170649 ], [ 72.522010869186275, 23.02747851821081 ], [ 72.522047117005101, 23.027405928516529 ], [ 72.522075582768665, 23.027330457890976 ], [ 72.522096000677095, 23.027252811039059 ], [ 72.522108180077595, 23.027173712987366 ], [ 72.522108817442557, 23.02716042155977 ], [ 72.522115268950316, 23.027096038142727 ], [ 72.522115268010268, 23.027090265685615 ], [ 72.522116589915228, 23.027079956767047 ], [ 72.522118562407499, 23.02700218482066 ], [ 72.52211258332062, 23.026924586505253 ], [ 72.522098705594374, 23.026847848888824 ], [ 72.52207705210418, 23.026772651419783 ], [ 72.522047814573298, 23.026699659910911 ], [ 72.522011251875242, 23.026629520644054 ], [ 72.521967687741579, 23.026562854647725 ], [ 72.521958187741575, 23.026549754603124 ], [ 72.521909038342926, 23.026488320725754 ], [ 72.521853944974183, 23.026431317989829 ], [ 72.521793376769082, 23.026379231793733 ], [ 72.521727849480939, 23.026332505670322 ], [ 72.521710549480943, 23.02632130561414 ], [ 72.521635445635482, 23.026277626624182 ], [ 72.521556021022334, 23.026240988809811 ], [ 72.52147305250331, 23.026211750535797 ], [ 72.521387351603565, 23.026190197790143 ], [ 72.521299756573981, 23.026176541386594 ], [ 72.521211124192178, 23.026170914902497 ], [ 72.521122321382222, 23.026173373372188 ], [ 72.521096421382239, 23.026175273383799 ], [ 72.521006554468514, 23.026186087016264 ], [ 72.520918328866742, 23.0262051793529 ], [ 72.520832642621855, 23.026232356050095 ], [ 72.520750367930773, 23.026267340472529 ], [ 72.520672342264362, 23.026309776509212 ], [ 72.520599359842834, 23.02635923219858 ], [ 72.520583806185215, 23.026372187799417 ], [ 72.520570720954524, 23.026380792286446 ], [ 72.520504177512819, 23.026434382324826 ], [ 72.520443681168928, 23.026493733579066 ], [ 72.520389818069489, 23.026558270990027 ], [ 72.520343110091957, 23.026627369250335 ], [ 72.52030400978802, 23.026700358863238 ], [ 72.520272895998971, 23.026776532629572 ], [ 72.520250070185057, 23.026855152499998 ], [ 72.520235753504693, 23.026935456726136 ], [ 72.520230084671624, 23.027016667241249 ], [ 72.520233118610903, 23.027097997198975 ], [ 72.520244825926895, 23.027178658597105 ] ] ] } },
{ "type": "Feature", "properties": { "version": 1, "visible": null, "lon": null, "timestamp": 1713005126, "tags": { "visible": false, "name": "Lotus Pond" }, "changeset": null, "lat": null, "id": 1272180401, "natural": "water", "water": "pond", "wetland": null, "osm_type": "way", "grassland": null, "reef": null, "Risk": "High" }, "geometry": { "type": "Polygon", "coordinates": [ [ [ 72.582129704746478, 23.05751024878883 ], [ 72.58213477402083, 23.057544003981029 ], [ 72.58215579990825, 23.057624088890737 ], [ 72.582185386320191, 23.057701849926829 ], [ 72.582223239297548, 23.05777651449047 ], [ 72.582268982747777, 23.057847340749252 ], [ 72.582322162181697, 23.057913625007512 ], [ 72.582382249229084, 23.057974708697738 ], [ 72.582430299988346, 23.058018913103336 ], [ 72.5824473105001, 23.058053203465068 ], [ 72.582494514317773, 23.058127016165653 ], [ 72.582549765777671, 23.05819593836015 ], [ 72.582612471693537, 23.05825923009963 ], [ 72.582673471693525, 23.058314729857294 ], [ 72.582739310053526, 23.058368939217978 ], [ 72.582767403033003, 23.05839574982874 ], [ 72.582835721904843, 23.058449113170951 ], [ 72.582909479425481, 23.058495947748661 ], [ 72.582987941546747, 23.058535787462727 ], [ 72.583070327399398, 23.058568235827476 ], [ 72.583155817064565, 23.058592969916365 ], [ 72.583196717064581, 23.058602769858119 ], [ 72.583283360775084, 23.058619384926779 ], [ 72.583371360926563, 23.058628074443885 ], [ 72.583459863306388, 23.058628754062312 ], [ 72.583548008826796, 23.058621417185158 ], [ 72.583634941864119, 23.058606135029791 ], [ 72.583719818564091, 23.058583055936573 ], [ 72.583758018564083, 23.058570756007867 ], [ 72.583837579496461, 23.058541141789092 ], [ 72.583913705826305, 23.058504676788811 ], [ 72.583985702688025, 23.058461693846688 ], [ 72.58405291290893, 23.058412585296228 ], [ 72.584114723007829, 23.058357799383817 ], [ 72.584170568794761, 23.058297836177488 ], [ 72.584219940520768, 23.058233243002629 ], [ 72.584245440520775, 23.058196243124307 ], [ 72.584288781402037, 23.058125984234852 ], [ 72.584324460751731, 23.05805216783078 ], [ 72.584352137715939, 23.057975499093626 ], [ 72.584371547889646, 23.057896710455051 ], [ 72.584382505842513, 23.057816554599832 ], [ 72.58438410550022, 23.057762751400286 ], [ 72.584385316806234, 23.05775776610416 ], [ 72.584395990123127, 23.057678531109197 ], [ 72.584398305035378, 23.057598718202925 ], [ 72.584392239943099, 23.057519072100238 ], [ 72.584377851438219, 23.057440335960926 ], [ 72.584355273776467, 23.057363244455427 ], [ 72.584324717624625, 23.057288516909672 ], [ 72.584286468094888, 23.057216850593136 ], [ 72.584240882084515, 23.057148914212576 ], [ 72.584188384945719, 23.05708534167232 ], [ 72.584129466516856, 23.057026726159194 ], [ 72.583725766516849, 23.056662124561441 ], [ 72.583660918126256, 23.0566089694453 ], [ 72.583590794174782, 23.056561824668318 ], [ 72.583516050104123, 23.056521130894623 ], [ 72.583437384539764, 23.056487268490944 ], [ 72.583355532761033, 23.056460553971096 ], [ 72.583271259828479, 23.056441237037397 ], [ 72.583185353432938, 23.056429498246548 ], [ 72.583098616533078, 23.056425447321867 ], [ 72.583011859850203, 23.056429122127636 ], [ 72.582925894290483, 23.056440488315186 ], [ 72.582841523365616, 23.056459439643941 ], [ 72.582759535682342, 23.056485798974538 ], [ 72.582680697571533, 23.056519319924629 ], [ 72.582637197571543, 23.056540220038389 ], [ 72.582561973384969, 23.056580752905312 ], [ 72.582491373194728, 23.05662780372203 ], [ 72.582426061842625, 23.056680929404543 ], [ 72.582375761842613, 23.056726029602881 ], [ 72.582313762946256, 23.056787566415803 ], [ 72.582258864293877, 23.05685456990248 ], [ 72.582211631675705, 23.056926349511659 ], [ 72.582172551875104, 23.057002165469541 ], [ 72.582142027651855, 23.057081236404251 ], [ 72.582120373591167, 23.057162747399008 ], [ 72.582107812861693, 23.057245858390889 ], [ 72.582104474915312, 23.057329712828764 ], [ 72.582110394153247, 23.057413446501073 ], [ 72.58212550957127, 23.057496196442472 ], [ 72.582129704746478, 23.05751024878883 ] ] ] } },
{ "type": "Feature", "properties": { "version": 1, "visible": null, "lon": null, "timestamp": 1713076740, "tags": { "visible": false }, "changeset": null, "lat": null, "id": 1272460965, "natural": "water", "water": "pond", "wetland": null, "osm_type": "way", "grassland": null, "reef": null, "Risk": "High" }, "geometry": { "type": "Polygon", "coordinates": [ [ [ 72.528107903707763, 23.098707997379073 ], [ 72.528106317779731, 23.098701975721287 ], [ 72.528078114487357, 23.098627116568775 ], [ 72.528042246607896, 23.098555086005305 ], [ 72.528020646607899, 23.098516685896769 ], [ 72.527984859753829, 23.098458889986446 ], [ 72.52794413519382, 23.09840392886862 ], [ 72.527916135193792, 23.098369228741408 ], [ 72.52785785034807, 23.098304207477366 ], [ 72.527841950348062, 23.098288207410963 ], [ 72.527767473088431, 23.09822146564699 ], [ 72.527749673088437, 23.098207265581006 ], [ 72.527691275708307, 23.098164457634027 ], [ 72.527629214849, 23.098126258904998 ], [ 72.527594314849011, 23.098106658802106 ], [ 72.527511528487935, 23.098065478817798 ], [ 72.527424512508546, 23.098032492054582 ], [ 72.527385912508549, 23.098019991982056 ], [ 72.527296456141698, 23.097995743544171 ], [ 72.527204748760724, 23.097980156794488 ], [ 72.527164248760741, 23.097975256764609 ], [ 72.527093122730051, 23.09796928546282 ], [ 72.527038022730054, 23.097966685446842 ], [ 72.526954878081, 23.09796630614396 ], [ 72.52689967808098, 23.097968406156877 ], [ 72.526818225285922, 23.097974930353754 ], [ 72.526763525285929, 23.0979816303946 ], [ 72.526678232124482, 23.097995960535222 ], [ 72.526594838169302, 23.09801778754268 ], [ 72.526514120307539, 23.098046908075851 ], [ 72.526436830496124, 23.098083050847038 ], [ 72.526363688756817, 23.098125879149432 ], [ 72.526295376468397, 23.098174993994018 ], [ 72.526232530019158, 23.098229937826748 ], [ 72.52617573487835, 23.098290198791293 ], [ 72.526125520142031, 23.098355215497683 ], [ 72.526103320142042, 23.098387115603469 ], [ 72.526065800440335, 23.098446297078329 ], [ 72.526033739550428, 23.098508134059411 ], [ 72.526017539550423, 23.098543034143699 ], [ 72.525991520356726, 23.098606099540699 ], [ 72.52597118017782, 23.098670906909124 ], [ 72.525961380177804, 23.098707706962983 ], [ 72.525947429250365, 23.098770560593465 ], [ 72.525938821357059, 23.098834220283443 ], [ 72.525935721357072, 23.09886772030092 ], [ 72.525934119204308, 23.098987622967041 ], [ 72.52593631920432, 23.099021122954607 ], [ 72.525942840222143, 23.099082389652633 ], [ 72.525954301945987, 23.099143039735829 ], [ 72.525961901946005, 23.099175939693779 ], [ 72.525980082518586, 23.099241365734134 ], [ 72.526004010553677, 23.099305207696602 ], [ 72.526020510553678, 23.099344007609663 ], [ 72.526054260454927, 23.099413701621483 ], [ 72.526094855091813, 23.099480235127754 ], [ 72.526118855091795, 23.09951563501253 ], [ 72.52616542443559, 23.099577806140037 ], [ 72.526217968727011, 23.0996358078654 ], [ 72.526248468727005, 23.099666507738007 ], [ 72.526302348630708, 23.099716312432982 ], [ 72.526360633745668, 23.099761726652304 ], [ 72.526400533745687, 23.099790226513843 ], [ 72.526465233805098, 23.099832366642399 ], [ 72.526533721069654, 23.099869095696381 ], [ 72.526578421069658, 23.099890695578754 ], [ 72.526676562890771, 23.09993141588922 ], [ 72.52670026289077, 23.099939715841504 ], [ 72.526799624716858, 23.099968565791588 ], [ 72.526824124716853, 23.099974265757591 ], [ 72.526952235883854, 23.099995131958941 ], [ 72.526991235883855, 23.099998831936311 ], [ 72.527072134861243, 23.100003127258116 ], [ 72.527153125504924, 23.100000699452906 ], [ 72.527192225504919, 23.099997899470072 ], [ 72.527271393527073, 23.099988963191851 ], [ 72.527349387708242, 23.099973602745223 ], [ 72.527387287708223, 23.099964502799388 ], [ 72.527464173312865, 23.099942614761062 ], [ 72.527538620494255, 23.099914484733095 ], [ 72.527572779025505, 23.099899900273062 ], [ 72.527635635196589, 23.099873311185931 ], [ 72.527712714202735, 23.099836452839266 ], [ 72.527785562184334, 23.099792918472449 ], [ 72.527853497859525, 23.099743115217127 ], [ 72.527915885886813, 23.099687508831799 ], [ 72.527972142806888, 23.099626619346292 ], [ 72.528021742499234, 23.099561016198621 ], [ 72.528064221102355, 23.09949131290978 ], [ 72.528099181351962, 23.0994181613463 ], [ 72.528126296296179, 23.099342245624133 ], [ 72.528145312353217, 23.099264275710912 ], [ 72.528156051682942, 23.099184980786418 ], [ 72.528162751682956, 23.09910358082422 ], [ 72.528164179903541, 23.098999669269165 ], [ 72.528162379903549, 23.098966769258997 ], [ 72.52814655768853, 23.09884850644481 ], [ 72.528138457688513, 23.098810706399849 ], [ 72.528116692090009, 23.098730511267433 ], [ 72.528107903707763, 23.098707997379073 ] ] ] } },
{ "type": "Feature", "properties": { "version": 1, "visible": null, "lon": null, "timestamp": 1713424817, "tags": { "visible": false }, "changeset": null, "lat": null, "id": 1273603782, "natural": "water", "water": "pond", "wetland": null, "osm_type": "way", "grassland": null, "reef": null, "Risk": "High" }, "geometry": { "type": "Polygon", "coordinates": [ [ [ 72.487477563459876, 23.042477155402036 ], [ 72.487480756536996, 23.042474973476637 ], [ 72.487501446088942, 23.042460402649183 ], [ 72.487524046088964, 23.042444002728207 ], [ 72.487584980777484, 23.04239555484947 ], [ 72.487640955741483, 23.042342280041652 ], [ 72.487691521160656, 23.042284606420807 ], [ 72.487708621160635, 23.04226320649861 ], [ 72.487754368720985, 23.042200076744585 ], [ 72.487793633025149, 23.042133352788522 ], [ 72.487826083246716, 23.042063596816661 ], [ 72.487836183246714, 23.042038796870063 ], [ 72.48786672054149, 23.041948355015258 ], [ 72.487885815857553, 23.04185529247972 ], [ 72.487888415857554, 23.041836892494281 ], [ 72.487895365025707, 23.041759229294932 ], [ 72.487894336318718, 23.041681308974169 ], [ 72.487893136318718, 23.041662708967408 ], [ 72.487893011763475, 23.04166168863167 ], [ 72.487907348206051, 23.04158976351102 ], [ 72.487914550820989, 23.041503457297463 ], [ 72.487911906599578, 23.041416931106717 ], [ 72.487909206599596, 23.041386131091524 ], [ 72.487897286262765, 23.041303018209145 ], [ 72.487876279502814, 23.041221443686542 ], [ 72.487866879502818, 23.041191743635572 ], [ 72.487837571749893, 23.041113843095467 ], [ 72.487799978201437, 23.041039016050327 ], [ 72.48778487820141, 23.04101251597481 ], [ 72.487741530512793, 23.040944533913432 ], [ 72.487691343887462, 23.040880659987014 ], [ 72.48767104388746, 23.040857259897429 ], [ 72.487611079009454, 23.04079486398949 ], [ 72.487544594999633, 23.040738337976077 ], [ 72.487519594999625, 23.040719137885617 ], [ 72.487449415577274, 23.040670397170032 ], [ 72.487374394418538, 23.040628203258873 ], [ 72.487295250204639, 23.040592960364041 ], [ 72.487212741114448, 23.040565006107926 ], [ 72.487127657561388, 23.040544608288915 ], [ 72.487040814621537, 23.040531962315722 ], [ 72.486917514621538, 23.04051966224068 ], [ 72.48687230714755, 23.04051621262192 ], [ 72.486823207147538, 23.040513612605995 ], [ 72.486743669683861, 23.040512647008786 ], [ 72.48666435121676, 23.040518159932212 ], [ 72.48661555121673, 23.040523559965116 ], [ 72.486537341419861, 23.040535456154707 ], [ 72.486460575791881, 23.040553650841261 ], [ 72.486413575791886, 23.04056685091874 ], [ 72.486343490778211, 23.04058948899732 ], [ 72.486275677696028, 23.040617377823231 ], [ 72.486236577696033, 23.040635277921567 ], [ 72.486175678790204, 23.040665913308697 ], [ 72.486117531816163, 23.040700783773083 ], [ 72.486081931816173, 23.040723983889272 ], [ 72.48602615657488, 23.040763438165353 ], [ 72.48597390742772, 23.040806787847924 ], [ 72.485942707427725, 23.040834787970933 ], [ 72.485895470558162, 23.040880545519759 ], [ 72.485852164931899, 23.040929486005137 ], [ 72.485824764931877, 23.040962986128761 ], [ 72.485786038102432, 23.041014256040661 ], [ 72.485751626991885, 23.041068069537225 ], [ 72.485730026991902, 23.041104969644611 ], [ 72.485700543428052, 23.041160161451778 ], [ 72.485675600414154, 23.041217217588478 ], [ 72.485660200414145, 23.041256617670307 ], [ 72.485639895133929, 23.041315357812184 ], [ 72.485624402764543, 23.041375326961219 ], [ 72.485615702764534, 23.041415627009407 ], [ 72.48559967926505, 23.041534083357909 ], [ 72.485597379265059, 23.04157508337088 ], [ 72.48559641078441, 23.041636244457674 ], [ 72.485600359531603, 23.041697303981937 ], [ 72.485604659531603, 23.041738203957767 ], [ 72.485608233233378, 23.041766940765392 ], [ 72.485613333233374, 23.041802440736845 ], [ 72.485624641010645, 23.041863465377194 ], [ 72.485640879779055, 23.041923540169325 ], [ 72.485651679779053, 23.041957940110734 ], [ 72.485672785314705, 23.042016794529438 ], [ 72.485698623215001, 23.042074028434261 ], [ 72.485714923215014, 23.042106628350638 ], [ 72.48574647031684, 23.042163776829543 ], [ 72.485782734523539, 23.04221850413273 ], [ 72.485805834523546, 23.042250504024075 ], [ 72.485848240603246, 23.042304407406359 ], [ 72.485895220963656, 23.042354997276796 ], [ 72.485923620963646, 23.042383197159161 ], [ 72.485974755318665, 23.042430047759172 ], [ 72.486029811028359, 23.042472970526237 ], [ 72.486049282769386, 23.042486954709474 ], [ 72.486062567617736, 23.042497270546733 ], [ 72.486127543839004, 23.042543224571364 ], [ 72.486196800623716, 23.042583538451897 ], [ 72.48622690062372, 23.042599338367673 ], [ 72.486298711365563, 23.042633193940745 ], [ 72.486373533671525, 23.042660983502333 ], [ 72.486406233671516, 23.042671583440985 ], [ 72.486485437476645, 23.042693542090532 ], [ 72.486566500507323, 23.042708703273899 ], [ 72.486600700507324, 23.042713603244191 ], [ 72.486685046102153, 23.042721957350008 ], [ 72.486769871968463, 23.042722952688084 ], [ 72.48680767196845, 23.042721752695442 ], [ 72.486897277487344, 23.042714763647066 ], [ 72.486985674671814, 23.042699565597289 ], [ 72.487022474671818, 23.042691465645635 ], [ 72.487108002427021, 23.042668458817857 ], [ 72.487190632464618, 23.042637767866083 ], [ 72.487224932464628, 23.042623167947404 ], [ 72.487274267433406, 23.04260045087268 ], [ 72.487315567433413, 23.042579950983409 ], [ 72.487393017841427, 23.042536732775389 ], [ 72.487465345014115, 23.042486557089653 ], [ 72.487477563459876, 23.042477155402036 ] ] ] } },
{ "type": "Feature", "properties": { "version": 1, "visible": null, "lon": null, "timestamp": 1713815957, "tags": { "visible": false }, "changeset": null, "lat": null, "id": 1275046998, "natural": "water", "water": "lake", "wetland": null, "osm_type": "way", "grassland": null, "reef": null, "Risk": "High" }, "geometry": { "type": "Polygon", "coordinates": [ [ [ 72.549216814068686, 23.13851252396449 ], [ 72.549243614068686, 23.138598823818498 ], [ 72.549272588978653, 23.138677067141291 ], [ 72.549309922162479, 23.138752256038114 ], [ 72.549355239833801, 23.138823637710317 ], [ 72.549408088264201, 23.138890497478776 ], [ 72.549467938325918, 23.138952165939031 ], [ 72.549534190789686, 23.139008025663241 ], [ 72.549606182324283, 23.139057517381666 ], [ 72.549618260833981, 23.139064984906522 ], [ 72.549646983490064, 23.139089587847185 ], [ 72.549684183490086, 23.139117787713126 ], [ 72.549770423178757, 23.13917560687841 ], [ 72.54981092317874, 23.139199506754483 ], [ 72.549902631752559, 23.13924689586468 ], [ 72.549945931752561, 23.139266295757238 ], [ 72.550055164367052, 23.139307309869839 ], [ 72.550110264367049, 23.139324209771061 ], [ 72.550233209210987, 23.139353225971565 ], [ 72.550290409210987, 23.139362825913384 ], [ 72.550415570827212, 23.139375312403683 ], [ 72.550490638763904, 23.139385179088329 ], [ 72.550538938763907, 23.139388479068053 ], [ 72.550659896472482, 23.139389233901362 ], [ 72.550708296472479, 23.139386533917971 ], [ 72.550829025236212, 23.13937220079606 ], [ 72.550876625236214, 23.139363500848631 ], [ 72.550996608532728, 23.139333503647816 ], [ 72.551046008532722, 23.13931770373976 ], [ 72.551166997796912, 23.139269591007807 ], [ 72.5512133977969, 23.139247291129571 ], [ 72.55132375926415, 23.139184526954455 ], [ 72.551366159264148, 23.139156327095229 ], [ 72.551466609924105, 23.139078635529572 ], [ 72.55150410992411, 23.139045035677842 ], [ 72.551556445684497, 23.138993982988101 ], [ 72.551603881448187, 23.138939030584567 ], [ 72.551662681448178, 23.138864630854044 ], [ 72.551690988702248, 23.138826629150401 ], [ 72.55174518870227, 23.138749329408476 ], [ 72.55177198741562, 23.138708575711149 ], [ 72.551821287415621, 23.138628475954224 ], [ 72.551849232042812, 23.138579288536469 ], [ 72.551907532042804, 23.138467688834186 ], [ 72.55193472070674, 23.138410140100213 ], [ 72.551983620706736, 23.138294840358309 ], [ 72.551992531126871, 23.138272918327157 ], [ 72.552005369569898, 23.138239914052477 ], [ 72.552037650137038, 23.138223586179276 ], [ 72.552110712202406, 23.138182336934939 ], [ 72.552179165267816, 23.138134870820437 ], [ 72.552209365267814, 23.138111770929847 ], [ 72.552267453712048, 23.138063238380898 ], [ 72.552320713734062, 23.138010228645427 ], [ 72.552343713734047, 23.13798522874491 ], [ 72.552390857289211, 23.137929292450949 ], [ 72.552432621338724, 23.137869850870999 ], [ 72.55245062133875, 23.137841650958936 ], [ 72.552486199334908, 23.137780102696084 ], [ 72.552516007925433, 23.137716015363242 ], [ 72.552528607925424, 23.137685415429996 ], [ 72.552537432558509, 23.137663013878367 ], [ 72.552555832558525, 23.137614113976877 ], [ 72.552580872104031, 23.137535002094577 ], [ 72.55259387210404, 23.13748470216623 ], [ 72.552610205632135, 23.137403764856032 ], [ 72.552617705632159, 23.137352464898143 ], [ 72.55262555145822, 23.137258175527197 ], [ 72.552626951458237, 23.137190775535121 ], [ 72.552621615027363, 23.137083727808481 ], [ 72.55261351502736, 23.137016727762877 ], [ 72.552598119833746, 23.136930867308752 ], [ 72.552572987808134, 23.136846972464678 ], [ 72.552557087808111, 23.136803072379216 ], [ 72.552529266361219, 23.136736101884626 ], [ 72.552495235173353, 23.136671601787061 ], [ 72.552471335173351, 23.136630901667932 ], [ 72.552431328551165, 23.136569326995197 ], [ 72.552385664026033, 23.136511175813315 ], [ 72.552354464026038, 23.136474875674651 ], [ 72.552303322577472, 23.136420427078733 ], [ 72.552247222997622, 23.136370277035855 ], [ 72.552209622997623, 23.136339476894172 ], [ 72.552148517816278, 23.136293681785656 ], [ 72.552083282048983, 23.136252989044479 ], [ 72.552039682048985, 23.136228288914921 ], [ 72.551969944382122, 23.136192610015719 ], [ 72.551897038453504, 23.136162763348864 ], [ 72.551849438453502, 23.136145563250249 ], [ 72.551772109571289, 23.136121292264615 ], [ 72.551692702332872, 23.136103582989179 ], [ 72.551611873705767, 23.1360925819424 ], [ 72.551568073705766, 23.136088481917273 ], [ 72.551457123145994, 23.136084439247597 ], [ 72.551413123145977, 23.136085339253139 ], [ 72.551308834465061, 23.136093076825652 ], [ 72.551265234465063, 23.13609867685982 ], [ 72.551149326312228, 23.13612080660009 ], [ 72.551100726312228, 23.136133206673694 ], [ 72.550985518525081, 23.136170526391457 ], [ 72.550939318525081, 23.136188826495005 ], [ 72.550829388627292, 23.136240891610772 ], [ 72.550786288627293, 23.136264891737245 ], [ 72.550685287048736, 23.13633026204031 ], [ 72.550677600099945, 23.136336002705221 ], [ 72.550585379726442, 23.136393035941946 ], [ 72.550550870991032, 23.136415479660055 ], [ 72.550429270991046, 23.13649858007096 ], [ 72.550396749138855, 23.136521889427296 ], [ 72.550279349138876, 23.136610089848077 ], [ 72.55024533094614, 23.136636976954826 ], [ 72.550113830946117, 23.136746277454364 ], [ 72.550078687906534, 23.136777115717301 ], [ 72.54995388790654, 23.136892716219041 ], [ 72.549935233985025, 23.136910520200239 ], [ 72.549874733985021, 23.136970020450601 ], [ 72.549846427265166, 23.136999215254399 ], [ 72.549789027265163, 23.137061315502166 ], [ 72.54975709617915, 23.137097919289026 ], [ 72.54968749617916, 23.137182519603481 ], [ 72.549655680907065, 23.137223756450418 ], [ 72.549591880907059, 23.137312056751462 ], [ 72.549561800088057, 23.137356706472993 ], [ 72.549504200088066, 23.137448606755704 ], [ 72.54947791939621, 23.137493711270103 ], [ 72.549426619396201, 23.137588711530402 ], [ 72.549403055202617, 23.13763603604994 ], [ 72.549358301781353, 23.137733953190164 ], [ 72.549252401781374, 23.137965753743288 ], [ 72.54922271690296, 23.138040663680957 ], [ 72.549201023669696, 23.138117856223435 ], [ 72.549187524165788, 23.138196612277113 ], [ 72.549182344146374, 23.138276198184652 ], [ 72.549185531866186, 23.138355872559455 ], [ 72.549197057629868, 23.138434893192109 ], [ 72.549216814068686, 23.13851252396449 ] ] ] } },
{ "type": "Feature", "properties": { "version": 3, "visible": null, "lon": null, "timestamp": 1715936575, "tags": { "visible": false, "intermittent": "yes" }, "changeset": null, "lat": null, "id": 1283855603, "natural": "water", "water": "basin", "wetland": null, "osm_type": "way", "grassland": null, "reef": null, "Risk": "High" }, "geometry": { "type": "Polygon", "coordinates": [ [ [ 72.650880135094312, 23.021497977333635 ], [ 72.65087403509429, 23.021529577367527 ], [ 72.650862216635247, 23.021618623230033 ], [ 72.650860950165978, 23.021708323341588 ], [ 72.650870250596697, 23.021797621657953 ], [ 72.6508754505967, 23.021829321628939 ], [ 72.650895315551949, 23.021917539468841 ], [ 72.650925491960578, 23.022003244185065 ], [ 72.650965621499012, 23.022085418100247 ], [ 72.650981621499, 23.022113918020029 ], [ 72.651020170294828, 23.022175868312505 ], [ 72.65106438220262, 23.022234526961654 ], [ 72.651113927574983, 23.022289456608632 ], [ 72.651168436997793, 23.02234024769858 ], [ 72.651191136997767, 23.02235964761141 ], [ 72.651250563051263, 23.02240617880517 ], [ 72.651314152016468, 23.02244778862352 ], [ 72.651381424195122, 23.022484163177719 ], [ 72.651415424195122, 23.022500763087802 ], [ 72.651491595123929, 23.022533838788085 ], [ 72.65157079701153, 23.022560203599348 ], [ 72.651652333644876, 23.022579625769431 ], [ 72.651735488287642, 23.022591934573498 ], [ 72.651770088287648, 23.02259553455157 ], [ 72.651868724564721, 23.022600764942492 ], [ 72.651967388366302, 23.022595994509054 ], [ 72.652064886218497, 23.02258128095513 ], [ 72.6520997862185, 23.022574180997637 ], [ 72.652196258058439, 23.022549288620812 ], [ 72.652289117979393, 23.022514663715466 ], [ 72.652377210847163, 23.022470736991995 ], [ 72.652407710847157, 23.022453437082298 ], [ 72.652490328673068, 23.022400475519657 ], [ 72.652565988074358, 23.022339337686358 ], [ 72.652633738621361, 23.022270791582287 ], [ 72.652656238621375, 23.022245291680861 ], [ 72.652714928636428, 23.022170629755003 ], [ 72.652764226053947, 23.022090420286638 ], [ 72.652803518422544, 23.02200565975717 ], [ 72.652815718422531, 23.021974659821897 ], [ 72.65284444493193, 23.021886679109549 ], [ 72.652862388446991, 23.021796308262008 ], [ 72.652869327423161, 23.021704663064227 ], [ 72.652869827423146, 23.021671763067044 ], [ 72.652865533491678, 23.02157863918946 ], [ 72.652849877993134, 23.021486551856601 ], [ 72.652823059903213, 23.021396671468022 ], [ 72.652811659903236, 23.021365471407048 ], [ 72.652774443586509, 23.02127977551838 ], [ 72.652727081871362, 23.02119843088774 ], [ 72.65267016488032, 23.021122451070312 ], [ 72.652648264880312, 23.021096450972635 ], [ 72.652583117622228, 23.021027366432271 ], [ 72.652510076824967, 23.020965328497109 ], [ 72.652430036617915, 23.020911096615137 ], [ 72.652400136617928, 23.02089309652278 ], [ 72.652312831190969, 23.020846755433872 ], [ 72.652220435130459, 23.020809706747851 ], [ 72.652124111438894, 23.020782416809684 ], [ 72.65208941143888, 23.020774516762664 ], [ 72.651992466845627, 23.020757583867155 ], [ 72.651894089235384, 23.020750539118072 ], [ 72.651795465612722, 23.020753467517487 ], [ 72.651760665612727, 23.020756267534587 ], [ 72.651663003371638, 23.020769130546455 ], [ 72.651567462701081, 23.020791772650345 ], [ 72.651475195961254, 23.02082392074454 ], [ 72.651443295961258, 23.02083692081743 ], [ 72.651356576322939, 23.02087756720233 ], [ 72.651275142913775, 23.020926608830482 ], [ 72.651199951446515, 23.020983470134336 ], [ 72.651174351446514, 23.021005070231958 ], [ 72.651106165344103, 23.02106920869166 ], [ 72.651045933254551, 23.021139770459246 ], [ 72.650994364689467, 23.021215924333962 ], [ 72.65097756468947, 23.021244024417022 ], [ 72.650935101116843, 23.021325240563666 ], [ 72.650902495421619, 23.021410228206143 ], [ 72.650880135094312, 23.021497977333635 ] ] ] } },
{ "type": "Feature", "properties": { "version": 1, "visible": null, "lon": null, "timestamp": 1715936888, "tags": { "visible": false }, "changeset": null, "lat": null, "id": 1283879716, "natural": "water", "water": "pond", "wetland": null, "osm_type": "way", "grassland": null, "reef": null, "Risk": "High" }, "geometry": { "type": "Polygon", "coordinates": [ [ [ 72.517092547971814, 23.030094044469521 ], [ 72.517111047971824, 23.030080244535274 ], [ 72.517169495643373, 23.030032628288751 ], [ 72.517223230987028, 23.029980522203441 ], [ 72.517271848265992, 23.029924319709188 ], [ 72.517314980388207, 23.029864445166524 ], [ 72.517327280388216, 23.029845645226015 ], [ 72.517364588821167, 23.02978257489433 ], [ 72.517395809280004, 23.029716762872862 ], [ 72.517420706206408, 23.029648705709491 ], [ 72.517439091753175, 23.029578916892344 ], [ 72.517443691753172, 23.029557416917818 ], [ 72.517457473686463, 23.029466780576882 ], [ 72.517460285410948, 23.029375297603337 ], [ 72.517452092469412, 23.029284089105655 ], [ 72.517449092469406, 23.029264189088881 ], [ 72.517430708184776, 23.029176974913394 ], [ 72.517402261107691, 23.029092079759941 ], [ 72.51736407973749, 23.029010483980716 ], [ 72.517354379737512, 23.028992483931663 ], [ 72.517307751391741, 23.028916353029658 ], [ 72.517252651209859, 23.028845177319624 ], [ 72.517189694899656, 23.028779752151095 ], [ 72.517174394899655, 23.028765452089566 ], [ 72.517105786914499, 23.028707645028113 ], [ 72.517031051338662, 23.02865667716236 ], [ 72.516950989501098, 23.028613094987421 ], [ 72.516931689501092, 23.028603794936878 ], [ 72.516842463915339, 23.028566359925762 ], [ 72.516749336299284, 23.0285380982771 ], [ 72.516653416353165, 23.028519346759985 ], [ 72.516631816353183, 23.028516246741201 ], [ 72.516539491074553, 23.028507462609891 ], [ 72.516446673736525, 23.028507492850309 ], [ 72.516354355239073, 23.028516337139621 ], [ 72.516332855239071, 23.028519437158408 ], [ 72.516237767358419, 23.02853804765423 ], [ 72.516145421464259, 23.028566005537265 ], [ 72.516056899042724, 23.028602983379994 ], [ 72.51603749904271, 23.028612283430594 ], [ 72.515956807281569, 23.028656031550149 ], [ 72.515881503143575, 23.028707273419791 ], [ 72.515812405100164, 23.028765452089722 ], [ 72.515797105100177, 23.028779752151255 ], [ 72.515733383019764, 23.028846064625185 ], [ 72.515677730601155, 23.028918267342821 ], [ 72.515630785930966, 23.028995532450189 ], [ 72.515621185930954, 23.029013532498837 ], [ 72.515583791009647, 23.029094207433761 ], [ 72.515555893543265, 23.029178074285451 ], [ 72.515537807530521, 23.029264189089194 ], [ 72.515534807530528, 23.029284089105968 ], [ 72.515526748394862, 23.029371140889651 ], [ 72.515528716472161, 23.029458489229292 ], [ 72.515540689782924, 23.029545158618376 ], [ 72.515544589782934, 23.029564958596719 ], [ 72.515567865067936, 23.029654427369948 ], [ 72.515601797708115, 23.029740962185606 ], [ 72.515645967511148, 23.029823491478375 ], [ 72.515657667511135, 23.029842591420842 ], [ 72.515698967469632, 23.029903642979026 ], [ 72.515745876484402, 23.02996116030867 ], [ 72.515798039585448, 23.030014708169318 ], [ 72.515855062044068, 23.030063881358455 ], [ 72.515873162044073, 23.030078181291913 ], [ 72.515933996569146, 23.030122200728098 ], [ 72.515998722066072, 23.030161238292518 ], [ 72.516066858192588, 23.030195004283211 ], [ 72.51613789929543, 23.030223248119327 ], [ 72.516160099295448, 23.030231048074626 ], [ 72.516234893523574, 23.030253921015706 ], [ 72.516311578379103, 23.030270672526413 ], [ 72.516389563558022, 23.030281173659418 ], [ 72.516468248746691, 23.030285343580648 ], [ 72.516492148746678, 23.030285643578804 ], [ 72.516570303808848, 23.030283492664594 ], [ 72.516647959578151, 23.03027509534245 ], [ 72.516724527727831, 23.030260515230033 ], [ 72.516799428171069, 23.030239862785539 ], [ 72.516821928171069, 23.030232662827252 ], [ 72.51689423062011, 23.030206244223081 ], [ 72.516963778347673, 23.0301741678269 ], [ 72.51703004979467, 23.03013667418519 ], [ 72.517092547971814, 23.030094044469521 ] ] ] } },
{ "type": "Feature", "properties": { "version": 1, "visible": null, "lon": null, "timestamp": 1715937499, "tags": { "visible": false }, "changeset": null, "lat": null, "id": 1283881916, "natural": "water", "water": "reservoir", "wetland": null, "osm_type": "way", "grassland": null, "reef": null, "Risk": "High" }, "geometry": { "type": "Polygon", "coordinates": [ [ [ 72.651211173724249, 22.987992918419028 ], [ 72.651198773724261, 22.987995318433409 ], [ 72.65110404893494, 22.988018687926584 ], [ 72.651012655742889, 22.988051423681533 ], [ 72.650925683341967, 22.988093135557712 ], [ 72.650914683341952, 22.988099135589312 ], [ 72.650830200124858, 22.988151387259023 ], [ 72.650752679652527, 22.988212101188012 ], [ 72.650683117049212, 22.988280497985492 ], [ 72.650674317049223, 22.988290198023574 ], [ 72.650627357049402, 22.988346739047689 ], [ 72.65058585211834, 22.988406787870382 ], [ 72.650550109696326, 22.988469899686397 ], [ 72.650520394538901, 22.988535607002369 ], [ 72.650515694538896, 22.988547407027237 ], [ 72.650491811120077, 22.9886166359857 ], [ 72.650474618692655, 22.988687527178655 ], [ 72.650464249893389, 22.988759533690011 ], [ 72.650460784715875, 22.9888321 ], [ 72.650460784715875, 22.9888448 ], [ 72.650464249892224, 22.98891736625205 ], [ 72.650474618688023, 22.988989372629014 ], [ 72.650491811109745, 22.989060263615034 ], [ 72.650515694520692, 22.989129492300158 ], [ 72.650520394520697, 22.989141292275285 ], [ 72.650550109663598, 22.989206999245926 ], [ 72.650585852067564, 22.989270110671434 ], [ 72.650627356977338, 22.989330159069517 ], [ 72.650674316952944, 22.989386699647117 ], [ 72.650683116952933, 22.989396399609042 ], [ 72.650751810260516, 22.989464031737512 ], [ 72.65082828579358, 22.989524170682078 ], [ 72.650911584854157, 22.989576062550885 ], [ 72.650922484854149, 22.989582062519347 ], [ 72.651008543087883, 22.989623785981461 ], [ 72.651098996988395, 22.989656699693438 ], [ 72.651192786153317, 22.989680417810284 ], [ 72.651205286153328, 22.989682917795331 ], [ 72.65130147799178, 22.989697178543707 ], [ 72.651398781745655, 22.989701765220616 ], [ 72.651496052776281, 22.989696623871392 ], [ 72.651508652776258, 22.989695323879303 ], [ 72.65160496678439, 22.989680469650949 ], [ 72.651698960135448, 22.989656078703714 ], [ 72.651789522018703, 22.989622439284052 ], [ 72.651801122018711, 22.989617439311782 ], [ 72.651885316921152, 22.989575991013943 ], [ 72.651964257612775, 22.989526550522786 ], [ 72.65203705233715, 22.989469676336235 ], [ 72.652046252337144, 22.989461676371846 ], [ 72.652113373753863, 22.989396613971145 ], [ 72.652172442853967, 22.989325239962049 ], [ 72.652222764226138, 22.989248394610367 ], [ 72.652228764226138, 22.989237994640238 ], [ 72.652269458051151, 22.989157244829531 ], [ 72.652300487868089, 22.98907293616724 ], [ 72.65232149414274, 22.988986045509609 ], [ 72.652323594142757, 22.988974445521283 ], [ 72.65233445463322, 22.988883998821134 ], [ 72.652334454632538, 22.988793001152068 ], [ 72.652323594140697, 22.988702554330544 ], [ 72.652321494140693, 22.988690954318866 ], [ 72.652300725787626, 22.988604847675109 ], [ 72.652270113464226, 22.988521267053571 ], [ 72.652230005417167, 22.988441163275279 ], [ 72.652224105417176, 22.988430863245867 ], [ 72.652173670500119, 22.988353389893554 ], [ 72.652114358659716, 22.988281441964318 ], [ 72.652046877404089, 22.988215877706782 ], [ 72.652037577404087, 22.988207777670752 ], [ 72.651965434580646, 22.988151272049645 ], [ 72.651887229699554, 22.988102073654119 ], [ 72.651803832262729, 22.988060729492791 ], [ 72.65179233226273, 22.988055729465106 ], [ 72.651700702052253, 22.988021434267054 ], [ 72.651605531528944, 22.987996621068874 ], [ 72.651507974566286, 22.987981590717872 ], [ 72.651495274566287, 22.98798029070996 ], [ 72.651400266563229, 22.987975234633595 ], [ 72.651305210676242, 22.987979459676222 ], [ 72.651211173724249, 22.987992918419028 ] ] ] } },
{ "type": "Feature", "properties": { "version": 1, "visible": null, "lon": null, "timestamp": 1717329400, "tags": { "visible": false }, "changeset": null, "lat": null, "id": 1288891874, "natural": "water", "water": "lake", "wetland": null, "osm_type": "way", "grassland": null, "reef": null, "Risk": "High" }, "geometry": { "type": "Polygon", "coordinates": [ [ [ 72.554835669408746, 23.143624339295904 ], [ 72.554977262532304, 23.143993764423705 ], [ 72.555008577288902, 23.144064774023253 ], [ 72.555046913345933, 23.144132809805161 ], [ 72.55536341334593, 23.144635908252759 ], [ 72.555410687121451, 23.144703281496227 ], [ 72.555464841981504, 23.144766122858069 ], [ 72.555525367673312, 23.144823840247152 ], [ 72.555591693917435, 23.144875889851136 ], [ 72.555663195781094, 23.144921781260049 ], [ 72.55573919956619, 23.14496108208677 ], [ 72.556157599566191, 23.145153481026316 ], [ 72.556233735175866, 23.145184522400534 ], [ 72.556312670019807, 23.14520894682143 ], [ 72.556393725617838, 23.145226544353889 ], [ 72.556476205260992, 23.145237163741985 ], [ 72.5565594, 23.145240713709011 ], [ 72.556623729740352, 23.145240713709011 ], [ 72.55672673896666, 23.145270874279802 ], [ 72.556817809818753, 23.145292779717924 ], [ 72.556910873634791, 23.145305801683833 ], [ 72.557004908470631, 23.145309797184463 ], [ 72.557098881719213, 23.145304722345582 ], [ 72.557165181719199, 23.145297922387222 ], [ 72.557279700995394, 23.14527920994319 ], [ 72.55734440099539, 23.145264610030573 ], [ 72.557454081992333, 23.145232893340555 ], [ 72.557516281992335, 23.145210793467591 ], [ 72.55762049971888, 23.145166533974599 ], [ 72.557679099718882, 23.145137334132809 ], [ 72.55777646497036, 23.145081124139892 ], [ 72.557830464970351, 23.145045324318854 ], [ 72.55791821092042, 23.144979012976481 ], [ 72.557964910920433, 23.144938913157098 ], [ 72.558041025542906, 23.144864970800839 ], [ 72.558082025542916, 23.144819870979092 ], [ 72.558147398548257, 23.144738265335189 ], [ 72.558182098548258, 23.144688865500353 ], [ 72.558236331488942, 23.144600091179651 ], [ 72.55826413148894, 23.14454719132149 ], [ 72.558301651274292, 23.144464664732094 ], [ 72.558329246472013, 23.144378891488177 ], [ 72.558346593491905, 23.144290877389178 ], [ 72.55835348891722, 23.144201654513385 ], [ 72.558358888917226, 23.143905654543978 ], [ 72.558355624457988, 23.143820097623166 ], [ 72.558342747193009, 23.143735310837492 ], [ 72.558320395443047, 23.14365220492413 ], [ 72.558288809298801, 23.14357167256685 ], [ 72.558248328041941, 23.143494578807086 ], [ 72.558240693479178, 23.143481779163515 ], [ 72.558220762343964, 23.143329138685658 ], [ 72.558229973750471, 23.142963953737482 ], [ 72.558227182450452, 23.142876980982305 ], [ 72.558214457297453, 23.142790760675965 ], [ 72.558191939486932, 23.14270624950197 ], [ 72.558159878871436, 23.142624385181438 ], [ 72.55803117887146, 23.142343184509304 ], [ 72.557996248973708, 23.142275602094376 ], [ 72.557954811468292, 23.142211203487889 ], [ 72.557907206383433, 23.142150517137406 ], [ 72.557853824357323, 23.14209404102883 ], [ 72.557795103432625, 23.142042238599874 ], [ 72.557731525461961, 23.141995534936978 ], [ 72.557665125461952, 23.141951134715708 ], [ 72.557590054370834, 23.141906025640768 ], [ 72.557519154370837, 23.141867925438074 ], [ 72.557438392528695, 23.141829431087448 ], [ 72.557363692528682, 23.141798130911948 ], [ 72.557280453982472, 23.14176776337754 ], [ 72.55720275398248, 23.141743463235773 ], [ 72.557113869267482, 23.141720279811363 ], [ 72.557029269267488, 23.141702479704453 ], [ 72.556934691480279, 23.1416874175579 ], [ 72.556848491480267, 23.141678017500375 ], [ 72.556753954053264, 23.141672334216938 ], [ 72.556667154053258, 23.141671334210777 ], [ 72.556572683980932, 23.141674821267149 ], [ 72.556486183980937, 23.141682221312553 ], [ 72.556390526763963, 23.141695210778451 ], [ 72.556305426763956, 23.141711110874468 ], [ 72.556212100663288, 23.141733403742961 ], [ 72.556023355401578, 23.141788588065857 ], [ 72.5558203549121, 23.141825954144302 ], [ 72.555799876354627, 23.141827827388152 ], [ 72.555732926826778, 23.141836300543631 ], [ 72.555666859482386, 23.141849377812793 ], [ 72.555604159482385, 23.141864077900564 ], [ 72.555478965204941, 23.141902637163628 ], [ 72.555419265204918, 23.141925637294346 ], [ 72.555357871659055, 23.141951831762722 ], [ 72.555298797069085, 23.141982202157884 ], [ 72.5552434970691, 23.142013202320982 ], [ 72.555188262002432, 23.142046794840013 ], [ 72.555135868317691, 23.142084037764668 ], [ 72.555086168317686, 23.142122137944991 ], [ 72.555035917411757, 23.142163704675546 ], [ 72.554989207605573, 23.14220862801016 ], [ 72.554946207605568, 23.142253228192484 ], [ 72.554904072334054, 23.142300325117922 ], [ 72.554865830781239, 23.14235015224283 ], [ 72.554830530781246, 23.142399952410386 ], [ 72.554768400084043, 23.142502992105538 ], [ 72.554744100084051, 23.142551092230416 ], [ 72.55470198966654, 23.142650918634082 ], [ 72.554684689666544, 23.142701418727583 ], [ 72.554656278403826, 23.142809080427732 ], [ 72.554646478403825, 23.142861280482443 ], [ 72.554634099069148, 23.142968864520373 ], [ 72.554631799069156, 23.143021864533399 ], [ 72.554635045794114, 23.143132285583743 ], [ 72.554640445794135, 23.143184985553276 ], [ 72.554654368291025, 23.143271501581278 ], [ 72.554678160641799, 23.143356179058088 ], [ 72.554711556128396, 23.143438068732912 ], [ 72.554754180379277, 23.143516252608496 ], [ 72.554805555566205, 23.14358985423177 ], [ 72.554835669408746, 23.143624339295904 ] ] ] } },
{ "type": "Feature", "properties": { "version": 1, "visible": null, "lon": null, "timestamp": 1717738909, "tags": { "visible": false }, "changeset": null, "lat": null, "id": 1290153167, "natural": "water", "water": "lake", "wetland": null, "osm_type": "way", "grassland": null, "reef": null, "Risk": "High" }, "geometry": { "type": "Polygon", "coordinates": [ [ [ 72.64278761401998, 22.951332969232613 ], [ 72.642757509090856, 22.951310054128349 ], [ 72.642687325166918, 22.951266190014191 ], [ 72.642612961235727, 22.951228617065652 ], [ 72.642535080320101, 22.951197670285449 ], [ 72.642454376799932, 22.9511736255972 ], [ 72.642371570221329, 22.951156697385137 ], [ 72.642287398881024, 22.951147036582501 ], [ 72.641938698880992, 22.951122336431943 ], [ 72.64184100062522, 22.951120325014937 ], [ 72.641743643182437, 22.95112809771696 ], [ 72.641402943182442, 22.951172597986332 ], [ 72.641326364176365, 22.951185741529404 ], [ 72.641251309658017, 22.951204944803703 ], [ 72.641178344005624, 22.951230063406165 ], [ 72.641108015890111, 22.95126090845228 ], [ 72.640627915890121, 22.951495509719269 ], [ 72.640554978915461, 22.951535321682822 ], [ 72.640486443013188, 22.951581288457554 ], [ 72.640422918747248, 22.95163300053445 ], [ 72.64036497203459, 22.951689997221216 ], [ 72.64031311910351, 22.951751770746654 ], [ 72.640267821894838, 22.951817770784466 ], [ 72.640229483946598, 22.951887409356146 ], [ 72.640198446799062, 22.951960066069304 ], [ 72.64017498695199, 22.952035093644689 ], [ 72.64015931340154, 22.952111823682781 ], [ 72.640151565778226, 22.952189572618433 ], [ 72.64014086577825, 22.952411872678613 ], [ 72.640140931070874, 22.952486459532821 ], [ 72.640148292291101, 22.952560737721651 ], [ 72.640162889589575, 22.952634103338109 ], [ 72.64018460428511, 22.952705959895674 ], [ 72.6402865042851, 22.952992459350462 ], [ 72.640319164280299, 22.953070654171562 ], [ 72.64036024633792, 22.953145405863062 ], [ 72.640409329044388, 22.95321594763951 ], [ 72.640465908916525, 22.95328155590099 ], [ 72.640761008916542, 22.953590254653861 ], [ 72.640833342794025, 22.953657701543765 ], [ 72.640913581650423, 22.953717085275429 ], [ 72.640958128755145, 22.953746349880731 ], [ 72.640974549701895, 22.953803517114959 ], [ 72.640998959865755, 22.953875167669789 ], [ 72.64103032605739, 22.953944484507247 ], [ 72.641068389777132, 22.954010896367233 ], [ 72.641112837328677, 22.954073855931217 ], [ 72.64116330240428, 22.95413284433274 ], [ 72.641219369103752, 22.954187375433403 ], [ 72.641279353999749, 22.954240650761314 ], [ 72.641398559500786, 22.954591979017746 ], [ 72.641430155751195, 22.954670794194264 ], [ 72.641470271174256, 22.95474625162597 ], [ 72.641518491950734, 22.954817572921865 ], [ 72.641843091950747, 22.955247371421379 ], [ 72.641887677375422, 22.955301517847495 ], [ 72.641936938834888, 22.955352111846022 ], [ 72.641990543899098, 22.955398811998734 ], [ 72.642261443899102, 22.955616110996814 ], [ 72.642341186315832, 22.955673145388527 ], [ 72.642427376098723, 22.955721579159821 ], [ 72.642617776098703, 22.955815478653673 ], [ 72.642689652730311, 22.955847231024613 ], [ 72.642764303506823, 22.95587299064745 ], [ 72.642841140511464, 22.955892554654167 ], [ 72.642919558609734, 22.955905768969942 ], [ 72.642998940215094, 22.955912529526501 ], [ 72.6432779402151, 22.955924829451369 ], [ 72.643361686936771, 22.955924922815228 ], [ 72.643445079171897, 22.955917834481422 ], [ 72.643527392143625, 22.955903626054805 ], [ 72.643607910455188, 22.955882421021144 ], [ 72.643685934307541, 22.955854403673932 ], [ 72.643760785581421, 22.955819817512811 ], [ 72.643831813731012, 22.955778963127383 ], [ 72.64389840143798, 22.955732195584911 ], [ 72.644131701437971, 22.955551896429398 ], [ 72.644199834887985, 22.955493438531541 ], [ 72.644261029653208, 22.955428799563432 ], [ 72.644314628069125, 22.955358674196379 ], [ 72.644360054109669, 22.95528381606486 ], [ 72.644396819577921, 22.955205029667447 ], [ 72.644424529352733, 22.955123161721147 ], [ 72.644442885635144, 22.955039092061909 ], [ 72.644491185635161, 22.954737792330949 ], [ 72.644499444958612, 22.954662671728133 ], [ 72.644500230993373, 22.954587170549505 ], [ 72.644493537190257, 22.954511917865993 ], [ 72.644479419321613, 22.954437540679141 ], [ 72.644457995016623, 22.954364658696921 ], [ 72.644369495016619, 22.954110258222375 ], [ 72.644337240172675, 22.954031558996686 ], [ 72.644296472155517, 22.953956283045109 ], [ 72.644247612549492, 22.953885208806856 ], [ 72.644191166614576, 22.953819071271838 ], [ 72.644127718061341, 22.953758554379753 ], [ 72.644057923014898, 22.953704283947143 ], [ 72.643884608646189, 22.953582865006823 ], [ 72.6438609950726, 22.953557850056509 ], [ 72.643899043845465, 22.953487792522235 ], [ 72.643948927837073, 22.953376290642613 ], [ 72.644018627837085, 22.953181191015382 ], [ 72.644042981856558, 22.953098972237118 ], [ 72.644058019804561, 22.95301488238389 ], [ 72.644063582062245, 22.95292981401688 ], [ 72.64405960958949, 22.952844670085266 ], [ 72.644046144551794, 22.952760354342018 ], [ 72.643979044551799, 22.952451653971579 ], [ 72.643957798215567, 22.95237376917094 ], [ 72.643928450500823, 22.952298148410797 ], [ 72.643891277998335, 22.952225504391752 ], [ 72.643846631044468, 22.952156521760735 ], [ 72.643629431044459, 22.951855220741933 ], [ 72.643577258543601, 22.951790016051156 ], [ 72.643518411289733, 22.951729822103552 ], [ 72.643453453427995, 22.951675215961533 ], [ 72.643252253427974, 22.951522015239679 ], [ 72.643186413630687, 22.951476397612421 ], [ 72.643116311699501, 22.951436526917615 ], [ 72.643042537401058, 22.95140273859213 ], [ 72.642965711397565, 22.951375316901348 ], [ 72.642886480025197, 22.95135449254753 ], [ 72.64278761401998, 22.951332969232613 ] ] ] } },
{ "type": "Feature", "properties": { "version": 1, "visible": null, "lon": null, "timestamp": 1722062899, "tags": { "visible": false, "name": "Ognaj Lake" }, "changeset": null, "lat": null, "id": 1304027700, "natural": "water", "water": "lake", "wetland": null, "osm_type": "way", "grassland": null, "reef": null, "Risk": "High" }, "geometry": { "type": "Polygon", "coordinates": [ [ [ 72.513658673516943, 23.119648090501016 ], [ 72.513637635509937, 23.119688573703126 ], [ 72.513609269094019, 23.119758958742178 ], [ 72.513587966116845, 23.119831421104212 ], [ 72.513573902439575, 23.119905362592135 ], [ 72.513567194161269, 23.119980172799263 ], [ 72.513564994161285, 23.120035072811717 ], [ 72.513566111605314, 23.120116702528549 ], [ 72.513569811605322, 23.120171502507642 ], [ 72.513579967952225, 23.120254234972947 ], [ 72.513589667952203, 23.120308534918756 ], [ 72.513608993052472, 23.120390472615949 ], [ 72.513624593052484, 23.120443472530688 ], [ 72.51365146031803, 23.120519832643414 ], [ 72.51367276031803, 23.120571632530616 ], [ 72.513710051402157, 23.120649843130696 ], [ 72.513737051402146, 23.120699342994055 ], [ 72.513780683089649, 23.120770354582834 ], [ 72.513812783089648, 23.120817054429203 ], [ 72.51386254793573, 23.120882264671739 ], [ 72.513918911000928, 23.120942763351451 ], [ 72.513981348157586, 23.120997987889787 ], [ 72.514049278794261, 23.121047424753225 ], [ 72.514122071214956, 23.121090614228422 ], [ 72.514224071214969, 23.121144913939101 ], [ 72.514308771716017, 23.1211846564855 ], [ 72.514397565488977, 23.121215942478013 ], [ 72.514489457655898, 23.121238421382944 ], [ 72.514583418623289, 23.121251841342875 ], [ 72.514678395618006, 23.121256051998394 ], [ 72.514773324483073, 23.121251006172635 ], [ 72.514836722585926, 23.121244526295715 ], [ 72.514908541493938, 23.121256105441596 ], [ 72.514945741493932, 23.12126030541593 ], [ 72.515039515728489, 23.121266335447487 ], [ 72.515133461711102, 23.12126332014018 ], [ 72.515170761711076, 23.121260320158573 ], [ 72.515259564950824, 23.121249048490654 ], [ 72.515346704471384, 23.121229693033985 ], [ 72.515379504471397, 23.121220793086536 ], [ 72.515458995705814, 23.121195446146199 ], [ 72.515535559883148, 23.121163370969683 ], [ 72.515566059883156, 23.121148971048555 ], [ 72.515641238277638, 23.121109146150555 ], [ 72.515711888784082, 23.121062837333451 ], [ 72.515738788784077, 23.121043337427732 ], [ 72.515803142093205, 23.120991953546163 ], [ 72.515861911228015, 23.120935192384582 ], [ 72.515884311228021, 23.120911392480473 ], [ 72.515905512525165, 23.120888008976664 ], [ 72.516016272718232, 23.120761167697676 ], [ 72.516085825878477, 23.120696366140702 ], [ 72.516126525878491, 23.120652866315375 ], [ 72.516200337457164, 23.120562048276888 ], [ 72.516234237457141, 23.120513748438153 ], [ 72.516293739699165, 23.120414675787295 ], [ 72.516320139699175, 23.120362575922783 ], [ 72.516349781461145, 23.120291776027127 ], [ 72.516395895135702, 23.120246509855885 ], [ 72.516420995135704, 23.120218809965056 ], [ 72.516476583930825, 23.120150593198709 ], [ 72.516524233325086, 23.120077471338753 ], [ 72.516537633325072, 23.12005427140576 ], [ 72.51656949326987, 23.119993190243097 ], [ 72.516595804628366, 23.119929913739135 ], [ 72.51660490462838, 23.119905013787967 ], [ 72.516626417738664, 23.119836483438633 ], [ 72.516641423222083, 23.119766501850215 ], [ 72.516645723222069, 23.119740601874277 ], [ 72.51665490046517, 23.119657046870973 ], [ 72.516654807144832, 23.119573066654414 ], [ 72.516645444225318, 23.119489528972629 ], [ 72.516626908451485, 23.11940729700266 ], [ 72.516618708451503, 23.119378396957735 ], [ 72.516585513039914, 23.119284686047163 ], [ 72.516540419961601, 23.119195277440831 ], [ 72.516525019961605, 23.119168977364065 ], [ 72.516487258800439, 23.119110407085092 ], [ 72.516444381518511, 23.119054895574749 ], [ 72.5164338151951, 23.119043360492711 ], [ 72.516425421475489, 23.11901210469625 ], [ 72.516396976260978, 23.11893761313836 ], [ 72.516360929509545, 23.118865958839734 ], [ 72.516317610412145, 23.118797796176306 ], [ 72.516300210412126, 23.118773196093731 ], [ 72.516235250155972, 23.118692537409839 ], [ 72.516160133813756, 23.118619719016849 ], [ 72.516136833813761, 23.118599718926841 ], [ 72.516053458696419, 23.118536344333059 ], [ 72.515962405832823, 23.118482645317513 ], [ 72.515934605832797, 23.118468345240679 ], [ 72.515835707829865, 23.118424540276866 ], [ 72.515731738912791, 23.118392155972231 ], [ 72.515700938912815, 23.118384455926485 ], [ 72.515599321113129, 23.11836477210516 ], [ 72.515495912272897, 23.118356005632535 ], [ 72.515467212272881, 23.118355105626993 ], [ 72.515370055851633, 23.118356895656195 ], [ 72.515273678129276, 23.118368327034293 ], [ 72.515245378129293, 23.118373127063354 ], [ 72.515148971572188, 23.118394600518652 ], [ 72.515055727001581, 23.118425718638392 ], [ 72.515029227001577, 23.118436118697268 ], [ 72.51494272953002, 23.118475235966145 ], [ 72.514861287189845, 23.118522651585124 ], [ 72.514847193716136, 23.118531866595148 ], [ 72.514782400876001, 23.118560497800821 ], [ 72.514728642940753, 23.118569913448077 ], [ 72.514639247167949, 23.118589983608807 ], [ 72.514552552940913, 23.118618359457592 ], [ 72.514469469973562, 23.118654743231208 ], [ 72.514390870085563, 23.118698753135231 ], [ 72.514317578053991, 23.118749927350546 ], [ 72.514180778053998, 23.118856027849858 ], [ 72.514116570582544, 23.118910977406145 ], [ 72.514058495609532, 23.118971423569082 ], [ 72.514040363328945, 23.118994487801817 ], [ 72.513973174831435, 23.119046180170777 ], [ 72.513911053554736, 23.119104474937291 ], [ 72.513855490084779, 23.119168122793472 ], [ 72.513807026769442, 23.119236502473644 ], [ 72.51376613665289, 23.11930894652583 ], [ 72.513733218858292, 23.119384747826977 ], [ 72.513701018858299, 23.119471047999426 ], [ 72.513676616578707, 23.119548603848258 ], [ 72.513660562003253, 23.119627979890989 ], [ 72.513658673516943, 23.119648090501016 ] ] ] } },
{ "type": "Feature", "properties": { "version": 1, "visible": null, "lon": null, "timestamp": 1730812765, "tags": { "visible": false, "area": "yes" }, "changeset": null, "lat": null, "id": 1330894779, "natural": "water", "water": null, "wetland": null, "osm_type": "way", "grassland": null, "reef": null, "Risk": "High" }, "geometry": { "type": "Polygon", "coordinates": [ [ [ 72.623661324784109, 23.125440588262244 ], [ 72.623668324784106, 23.125805088222606 ], [ 72.623674567580323, 23.12588880697545 ], [ 72.623690013125852, 23.125971511368768 ], [ 72.623714502057169, 23.126052348080687 ], [ 72.623747781703244, 23.126130483061122 ], [ 72.623789508692482, 23.126205110137079 ], [ 72.623839252495628, 23.12627545933039 ], [ 72.623896499867783, 23.126340804801867 ], [ 72.623960660144007, 23.126400472340059 ], [ 72.624031071333633, 23.126453846317261 ], [ 72.624107006950538, 23.12650037604114 ], [ 72.624187683508836, 23.126539581436258 ], [ 72.624272268606788, 23.126571057997136 ], [ 72.624359889515148, 23.126594480961547 ], [ 72.624449642182, 23.126609608661099 ], [ 72.624881442182001, 23.126661708342997 ], [ 72.624969468702659, 23.126668302519793 ], [ 72.625057773903336, 23.126666915575015 ], [ 72.625145504236073, 23.126657560914467 ], [ 72.62523181170954, 23.126640328957574 ], [ 72.625315862085571, 23.126615386263456 ], [ 72.625396842942834, 23.126582973921131 ], [ 72.625473971529701, 23.126543405219291 ], [ 72.625546502330053, 23.126497062618345 ], [ 72.625613734269464, 23.126444394053781 ], [ 72.62567501749173, 23.1263859086068 ], [ 72.625729759640251, 23.126322171583805 ], [ 72.6257774315837, 23.126253799052549 ], [ 72.626025231583696, 23.125856700269654 ], [ 72.626065292933916, 23.125784515605279 ], [ 72.626097470767576, 23.125709068382186 ], [ 72.626121455420773, 23.12563108466308 ], [ 72.626137016076783, 23.125551314921797 ], [ 72.626144002987402, 23.12547052682125 ], [ 72.626142348913959, 23.125389497825914 ], [ 72.626132069774499, 23.125309007719906 ], [ 72.626113264490428, 23.125229831102747 ], [ 72.626086114034777, 23.125152729934889 ], [ 72.626050879690325, 23.125078446204885 ], [ 72.626007900535413, 23.125007694788675 ], [ 72.625957590180604, 23.124941156569783 ], [ 72.625900432788455, 23.124879471886558 ], [ 72.625836978414014, 23.124823234369643 ], [ 72.625767837711535, 23.124772985228866 ], [ 72.625693676057679, 23.124729208044627 ], [ 72.625615207148329, 23.124692324113898 ], [ 72.625533186130312, 23.124662688395592 ], [ 72.625448402334243, 23.124640586094419 ], [ 72.625361671678348, 23.124626229915993 ], [ 72.625273828816532, 23.12461975801974 ], [ 72.624587228816523, 23.124600257899729 ], [ 72.624496368599353, 23.124601906877377 ], [ 72.624406154489236, 23.124611989914566 ], [ 72.624317509766385, 23.124630403816376 ], [ 72.62423134164942, 23.124656960125634 ], [ 72.624148532010537, 23.12469138705179 ], [ 72.624069928350238, 23.12473333225271 ], [ 72.623996335123607, 23.124782366440886 ], [ 72.623928505507465, 23.124837987777205 ], [ 72.623867133691846, 23.124899627007206 ], [ 72.623812847775696, 23.124966653287352 ], [ 72.623766203338519, 23.125038380641605 ], [ 72.623727677754488, 23.125114074982235 ], [ 72.623697665306807, 23.125192961622972 ], [ 72.623676473152557, 23.125274233207662 ], [ 72.62366431817901, 23.125357057973208 ], [ 72.623661324784109, 23.125440588262244 ] ] ] } },
{ "type": "Feature", "properties": { "version": 1, "visible": null, "lon": null, "timestamp": 1736428583, "tags": { "visible": false, "intermittent": "yes", "name": "Ratanpura lake" }, "changeset": null, "lat": null, "id": 1349775590, "natural": "water", "water": "lake", "wetland": null, "osm_type": "way", "grassland": null, "reef": null, "Risk": "High" }, "geometry": { "type": "Polygon", "coordinates": [ [ [ 72.656149154805902, 22.99374581263023 ], [ 72.656142567006199, 22.993930806136955 ], [ 72.656144168891004, 22.994014197599721 ], [ 72.656154887744236, 22.994097016320513 ], [ 72.6561746145277, 22.994178419822404 ], [ 72.656203148569404, 22.994257580026339 ], [ 72.656240199604994, 22.994333691674715 ], [ 72.656285390730417, 22.994405980522689 ], [ 72.656338262236062, 22.994473711214031 ], [ 72.656398276283142, 22.994536194761292 ], [ 72.656464822374929, 22.994592795554276 ], [ 72.656537223567014, 22.994642937825525 ], [ 72.656614743353629, 22.994686111507022 ], [ 72.656696593159793, 22.994721877418598 ], [ 72.656781940363075, 22.99474987173522 ], [ 72.656869916763611, 22.994769809687828 ], [ 72.656898016763606, 22.994774809657756 ], [ 72.656976387949243, 22.994785479264873 ], [ 72.657055475556049, 22.99478975110479 ], [ 72.657145375556041, 22.994790951097443 ], [ 72.657227059379622, 22.994788619109933 ], [ 72.657308174963021, 22.99477946324097 ], [ 72.657388050975811, 22.994763559265177 ], [ 72.657466026346484, 22.994741038804996 ], [ 72.657593458282875, 22.994698282288244 ], [ 72.657699012356844, 22.994687321712348 ], [ 72.657846361403671, 22.994690771334444 ], [ 72.657935636328162, 22.994688774035218 ], [ 72.65802425470919, 22.994678627087669 ], [ 72.65811134079371, 22.994660430765141 ], [ 72.658196033971279, 22.994634364885844 ], [ 72.658277497278817, 22.994600687036058 ], [ 72.658354925671887, 22.994559730024694 ], [ 72.658427553980133, 22.994511898594649 ], [ 72.658494664469146, 22.994457665423219 ], [ 72.658555593933244, 22.994397566451291 ], [ 72.658609740249418, 22.994332195587276 ], [ 72.658656568327743, 22.994262198838229 ], [ 72.658695615399296, 22.994188267926091 ], [ 72.658726495589377, 22.994111133452172 ], [ 72.65874890373081, 22.994031557677342 ], [ 72.658762618379697, 22.993950326989342 ], [ 72.658767504003833, 22.993868244131615 ], [ 72.658763512322039, 22.993786120270421 ], [ 72.65875068278126, 22.993704766978727 ], [ 72.658721182781278, 22.99356646681553 ], [ 72.658701639228454, 22.993492861015771 ], [ 72.658674858829741, 22.993421210935459 ], [ 72.658645137927124, 22.99335215343125 ], [ 72.658644102896162, 22.993254186713454 ], [ 72.658625302896169, 22.993031986607779 ], [ 72.658613481443254, 22.992948049075277 ], [ 72.658592401470557, 22.992865663525752 ], [ 72.658562283812444, 22.9927856930362 ], [ 72.658523443982418, 22.992708975384783 ], [ 72.6584751439824, 22.992625075144186 ], [ 72.658431497142985, 22.992557277455795 ], [ 72.658381037670338, 22.99249361240933 ], [ 72.658324223854251, 22.992434658238292 ], [ 72.658261571696841, 22.992380950390693 ], [ 72.658193650225954, 22.992332976665697 ], [ 72.658121076327092, 22.992291172783062 ], [ 72.657968176327088, 22.992212172361157 ], [ 72.657887716522666, 22.992175344531169 ], [ 72.657803662525296, 22.992146100547512 ], [ 72.657716855349406, 22.992124733020109 ], [ 72.657628163556794, 22.992111455748621 ], [ 72.65753847456601, 22.992106401583115 ], [ 72.657448685773289, 22.992109621094695 ], [ 72.657359695573362, 22.992121082069492 ], [ 72.657107595573379, 22.992165482336567 ], [ 72.657005872385469, 22.992189140618319 ], [ 72.656649172385471, 22.992292841223922 ], [ 72.656562556744191, 22.992322615557853 ], [ 72.656479724389882, 22.992360427854837 ], [ 72.656401552781546, 22.992405877555402 ], [ 72.656328870006021, 22.992458483194714 ], [ 72.656262446005869, 22.992517687503145 ], [ 72.656202984423274, 22.99258286330987 ], [ 72.656151115146173, 22.99265332018695 ], [ 72.656107387635743, 22.992728311763532 ], [ 72.656061787635764, 22.992817211996002 ], [ 72.65603022802982, 22.992886790117684 ], [ 72.656005683992618, 22.992958725177299 ], [ 72.65598835957212, 22.99303241913611 ], [ 72.655978398795739, 22.993107259333609 ], [ 72.655975884472809, 22.993182623580957 ], [ 72.655980837506306, 22.993257885333644 ], [ 72.655993216718926, 22.993332418900284 ], [ 72.656020016718927, 22.993455818752118 ], [ 72.656041362789054, 22.99353404306639 ], [ 72.656070885440187, 22.993609981010035 ], [ 72.656108303830052, 22.993682910207212 ], [ 72.656149154805902, 22.99374581263023 ] ] ] } },
{ "type": "Feature", "properties": { "version": 1, "visible": null, "lon": null, "timestamp": 1742197500, "tags": { "visible": false, "intermittent": "yes", "name": "Tragad Lake" }, "changeset": null, "lat": null, "id": 1368330303, "natural": "water", "water": "lake", "wetland": null, "osm_type": "way", "grassland": null, "reef": null, "Risk": "High" }, "geometry": { "type": "Polygon", "coordinates": [ [ [ 72.55223543023061, 23.129301915861131 ], [ 72.552236682413522, 23.129315746139714 ], [ 72.552241765268406, 23.129356388698969 ], [ 72.552240010210369, 23.129370371053195 ], [ 72.552234291284023, 23.129447384869408 ], [ 72.552236414097308, 23.129524553319079 ], [ 72.552246360115092, 23.129601202614516 ], [ 72.552264042494798, 23.129676663502089 ], [ 72.552274442494792, 23.129712763445148 ], [ 72.552304691328189, 23.129798542922678 ], [ 72.552344926850367, 23.129880779289209 ], [ 72.552394669625144, 23.129958492644594 ], [ 72.552409269625144, 23.129978692575733 ], [ 72.552450548295084, 23.130031212421851 ], [ 72.552496176455094, 23.130080595211723 ], [ 72.552523476455093, 23.130107895097904 ], [ 72.552617767678285, 23.130189507394167 ], [ 72.552645567678297, 23.130210307294799 ], [ 72.552750622036399, 23.130278045895885 ], [ 72.552781822036394, 23.13029524580503 ], [ 72.552895112228029, 23.130348071610133 ], [ 72.552927912228014, 23.130360771538051 ], [ 72.552990475926435, 23.130382511524356 ], [ 72.553054625072619, 23.130399910688578 ], [ 72.553120325072641, 23.130415310596661 ], [ 72.553193425256111, 23.130429496773051 ], [ 72.55326755447615, 23.130438047917977 ], [ 72.5533422, 23.130440904886473 ], [ 72.553429099999988, 23.130440904886473 ], [ 72.553496364686126, 23.130438585727283 ], [ 72.553535464686121, 23.130435885743864 ], [ 72.55361621974285, 23.13042691308361 ], [ 72.553695761143814, 23.130411259559487 ], [ 72.553773436706621, 23.130389053516851 ], [ 72.553848609547316, 23.130360477026123 ], [ 72.553881409547316, 23.130346377104797 ], [ 72.553966547259435, 23.130304511985695 ], [ 72.55404630765905, 23.130254486292042 ], [ 72.554119769472138, 23.130196877837804 ], [ 72.554140369472137, 23.130178877918169 ], [ 72.554194384900896, 23.130127408371521 ], [ 72.554243356217299, 23.130071834692799 ], [ 72.554286916265625, 23.1300125735332 ], [ 72.55432473846038, 23.129950069190532 ], [ 72.554341138460387, 23.129919969273576 ], [ 72.554377354420737, 23.129844256076161 ], [ 72.554405155694013, 23.129765591862117 ], [ 72.55441365569402, 23.129736691908583 ], [ 72.554422452370616, 23.129700029554048 ], [ 72.554490092377364, 23.129669096487465 ], [ 72.55456500201123, 23.129625912997177 ], [ 72.554634932895837, 23.129576166950631 ], [ 72.55469920766356, 23.129520340193192 ], [ 72.554757203733246, 23.129458973469262 ], [ 72.554808359340811, 23.12939266118477 ], [ 72.554852178980468, 23.129322045649889 ], [ 72.554880578980459, 23.129270545793347 ], [ 72.554889142253643, 23.129254593859713 ], [ 72.554916042253637, 23.129203093997049 ], [ 72.554962290800489, 23.12909598688865 ], [ 72.554968590800485, 23.12907778692265 ], [ 72.554994499449322, 23.128984409112839 ], [ 72.554998799449322, 23.128964009136752 ], [ 72.555012905761188, 23.128865999968383 ], [ 72.55501440576117, 23.128846799976852 ], [ 72.555014884171911, 23.128734879934026 ], [ 72.555012784171922, 23.128704679922159 ], [ 72.555005162792725, 23.12863787251856 ], [ 72.55499166437427, 23.1285718553818 ], [ 72.554982594421304, 23.128535667136042 ], [ 72.554977894809454, 23.128516185082493 ], [ 72.554941001076344, 23.128402548326466 ], [ 72.554936101076336, 23.12839064830051 ], [ 72.55488190317871, 23.128283055219462 ], [ 72.554876003178705, 23.128273255190237 ], [ 72.554836973105125, 23.12821436819954 ], [ 72.554792738203986, 23.128158680101858 ], [ 72.554780438203991, 23.128144480047364 ], [ 72.554725804863878, 23.128087061818135 ], [ 72.554665644333681, 23.128034523658126 ], [ 72.55466175999662, 23.128031432303057 ], [ 72.554655415536558, 23.128025579138889 ], [ 72.554606824404047, 23.127983948449305 ], [ 72.554555021696487, 23.127945732790344 ], [ 72.554535121696489, 23.127932132723117 ], [ 72.554479241049478, 23.127896871711915 ], [ 72.554420628859788, 23.127865585177354 ], [ 72.554399128859799, 23.127855085120249 ], [ 72.554334317988776, 23.127826430249137 ], [ 72.554267222429942, 23.127802634635511 ], [ 72.554241022429949, 23.127794434587702 ], [ 72.554172690439856, 23.127775794890351 ], [ 72.554102966630282, 23.127762195844547 ], [ 72.554080066630277, 23.127758595822698 ], [ 72.553982298578333, 23.127748255408449 ], [ 72.55388388725197, 23.127747812166739 ], [ 72.553835447320139, 23.127750037172532 ], [ 72.553760298229108, 23.127747548996552 ], [ 72.553673234540526, 23.127752451228829 ], [ 72.553587098288446, 23.127765095666728 ], [ 72.553502701606575, 23.127785363090304 ], [ 72.553420840227119, 23.127813062405192 ], [ 72.553342285978275, 23.127847932444539 ], [ 72.553267779506953, 23.127889644431502 ], [ 72.553198023295764, 23.127937805079387 ], [ 72.553133675039561, 23.127991960299937 ], [ 72.55312526051631, 23.128000563153961 ], [ 72.553080982558697, 23.128009907833196 ], [ 72.552994808355919, 23.128036780013566 ], [ 72.552961908355925, 23.128048780082267 ], [ 72.552886251471747, 23.128080168881031 ], [ 72.552814067779209, 23.12811784531986 ], [ 72.552745973497309, 23.128161487756717 ], [ 72.552682549934545, 23.128210723618462 ], [ 72.552624338526286, 23.12826513258161 ], [ 72.552580509819578, 23.128314483685482 ], [ 72.552541133419581, 23.128347699013272 ], [ 72.552476337181631, 23.128415783256884 ], [ 72.552416837181624, 23.128485683522229 ], [ 72.552358555085291, 23.128562815306122 ], [ 72.552323455085286, 23.128615415475554 ], [ 72.552280637294885, 23.128687366145282 ], [ 72.552245788939203, 23.128762866804752 ], [ 72.55221925353645, 23.128841173199596 ], [ 72.552201292659831, 23.128921513418998 ], [ 72.552192083358989, 23.129003095504945 ], [ 72.552191716414754, 23.129085115259141 ], [ 72.552200195444271, 23.129166764170421 ], [ 72.552217436865391, 23.129247237384664 ], [ 72.55223543023061, 23.129301915861131 ] ] ] } },
{ "type": "Feature", "properties": { "version": 1, "visible": null, "lon": null, "timestamp": 1744061225, "tags": { "visible": false }, "changeset": null, "lat": null, "id": 1375690864, "natural": "water", "water": null, "wetland": null, "osm_type": "way", "grassland": null, "reef": null, "Risk": "High" }, "geometry": { "type": "Polygon", "coordinates": [ [ [ 72.494911267741188, 23.037269854337769 ], [ 72.49510216774118, 23.037254054434325 ], [ 72.495189805943525, 23.037242773873913 ], [ 72.495275812871569, 23.037223613095119 ], [ 72.495359353927299, 23.037196758027882 ], [ 72.495439618441097, 23.037162469265148 ], [ 72.495515827538455, 23.037121079534284 ], [ 72.49558724169799, 23.037072990468548 ], [ 72.495653167927628, 23.037018668709951 ], [ 72.495712966489378, 23.036958641381322 ], [ 72.495766057107161, 23.036893490971419 ], [ 72.495811924597746, 23.036823849682889 ], [ 72.495850123870071, 23.036750393297694 ], [ 72.495880284244222, 23.036673834619688 ], [ 72.495902113048572, 23.036594916557892 ], [ 72.495915398459772, 23.036514404917618 ], [ 72.495920011558212, 23.036433080969317 ], [ 72.495915907579075, 23.036351733867363 ], [ 72.495902007579076, 23.036218433789237 ], [ 72.495889104792013, 23.036137285177144 ], [ 72.495867528156168, 23.036057712376689 ], [ 72.495837490029928, 23.035980498551083 ], [ 72.495799286050143, 23.03590640364763 ], [ 72.495753292222417, 23.035836156918041 ], [ 72.495699961220453, 23.035770449740916 ], [ 72.495639817930822, 23.035709928816885 ], [ 72.495573454286983, 23.035655189803485 ], [ 72.495501523443451, 23.035606771452358 ], [ 72.495424733347463, 23.035565150306546 ], [ 72.495343839771223, 23.035530736010042 ], [ 72.49525963887362, 23.035503867275843 ], [ 72.495172959364382, 23.03548480855202 ], [ 72.495084654347849, 23.035473747418909 ], [ 72.494995592926742, 23.035470792742746 ], [ 72.494906651648293, 23.035475973604143 ], [ 72.494708151648297, 23.035496673730332 ], [ 72.494618950052001, 23.035510188847454 ], [ 72.49453167622849, 23.035531886122563 ], [ 72.494447214045124, 23.035561545812204 ], [ 72.494366418894288, 23.035598867532144 ], [ 72.494290109030445, 23.035643473299753 ], [ 72.494219057283232, 23.035694911362274 ], [ 72.494153983230603, 23.035752660772225 ], [ 72.494095545911279, 23.035816136663623 ], [ 72.494044337150328, 23.035884696175533 ], [ 72.494000875565504, 23.035957644962959 ], [ 72.493965601314827, 23.036034244229139 ], [ 72.493938871638974, 23.036113718207961 ], [ 72.493920957243247, 23.036195262020811 ], [ 72.493912039556037, 23.036278049828148 ], [ 72.493912208891388, 23.036361243193312 ], [ 72.493921463534363, 23.03644399957393 ], [ 72.49394296353438, 23.036572399453949 ], [ 72.493961171178825, 23.036653743608841 ], [ 72.493988156094559, 23.036732995982092 ], [ 72.494023645919498, 23.036809356674073 ], [ 72.494067282450459, 23.03688205497243 ], [ 72.494118625258508, 23.036950357130735 ], [ 72.494177156134356, 23.03701357377404 ], [ 72.494242284318616, 23.037071066856523 ], [ 72.494313352464445, 23.037122256101068 ], [ 72.494389643272314, 23.03716662485574 ], [ 72.494470386729589, 23.037203725308146 ], [ 72.494554767882633, 23.037233183004968 ], [ 72.494641935061964, 23.037254700631124 ], [ 72.494731008478496, 23.037268061010391 ], [ 72.494821089103198, 23.037273129297244 ], [ 72.494911267741188, 23.037269854337769 ] ] ] } },
{ "type": "Feature", "properties": { "version": 1, "visible": null, "lon": null, "timestamp": 1744061225, "tags": { "visible": false }, "changeset": null, "lat": null, "id": 1375690865, "natural": "water", "water": null, "wetland": null, "osm_type": "way", "grassland": null, "reef": null, "Risk": "High" }, "geometry": { "type": "Polygon", "coordinates": [ [ [ 72.494027527847535, 23.037768184271748 ], [ 72.494499027847553, 23.037714784596929 ], [ 72.49458521569251, 23.037701075308103 ], [ 72.494669546208655, 23.037679717611894 ], [ 72.494751219921937, 23.037650913980912 ], [ 72.494829462545567, 23.037614937475976 ], [ 72.494903532320251, 23.037572129157599 ], [ 72.494972727046346, 23.037522894852835 ], [ 72.495036390740864, 23.037467701308213 ], [ 72.495093919856373, 23.037407071765099 ], [ 72.495144769002721, 23.037341580999513 ], [ 72.495188456117546, 23.03727184987337 ], [ 72.49522456703626, 23.037198539448799 ], [ 72.495252759418506, 23.037122344721368 ], [ 72.495272765993576, 23.03704398803151 ], [ 72.495284397094224, 23.036964212216773 ], [ 72.495287542454761, 23.03688377356961 ], [ 72.495282172256395, 23.036803434667632 ], [ 72.495259472256407, 23.036614534540242 ], [ 72.495245346905747, 23.036533792253728 ], [ 72.495222621432248, 23.0364547294121 ], [ 72.495191518245633, 23.03637811979144 ], [ 72.49515234174666, 23.036304713159815 ], [ 72.495105475348041, 23.036235227939279 ], [ 72.495051377721936, 23.036170344174558 ], [ 72.494990578311175, 23.036110696877358 ], [ 72.494923672147635, 23.036056869811347 ], [ 72.494851314028722, 23.036009389778684 ], [ 72.494774212109107, 23.035968721464023 ], [ 72.494693120970084, 23.035935262886476 ], [ 72.494608834234654, 23.035909341504027 ], [ 72.494522176800501, 23.03589121100854 ], [ 72.494433996766844, 23.035881048842779 ], [ 72.494345157134305, 23.035878954463669 ], [ 72.494256527358871, 23.035884948368857 ], [ 72.493786527358864, 23.03593834869401 ], [ 72.493700762331144, 23.035952003007459 ], [ 72.493616835815928, 23.035973231503931 ], [ 72.493535535710407, 23.036001834888033 ], [ 72.493457625255203, 23.036037544628272 ], [ 72.49338383586911, 23.036080025478217 ], [ 72.493314860282496, 23.036128878623941 ], [ 72.493251346034128, 23.036183645428334 ], [ 72.493193889392046, 23.03624381173697 ], [ 72.493143029755828, 23.036308812705265 ], [ 72.493099244592727, 23.036378038101407 ], [ 72.493062944955298, 23.036450838035456 ], [ 72.493034471622394, 23.036526529060698 ], [ 72.49301409189998, 23.036604400589969 ], [ 72.493001997111705, 23.036683721566799 ], [ 72.492998300802725, 23.036763747328635 ], [ 72.493003037673802, 23.036843726597727 ], [ 72.493024237673794, 23.03703262647867 ], [ 72.493037805821643, 23.037113806390455 ], [ 72.493060060780834, 23.037193346545731 ], [ 72.493090782862893, 23.037270461772081 ], [ 72.493129668796527, 23.037344390835823 ], [ 72.493176334721525, 23.037414403956337 ], [ 72.493230319977926, 23.037479810009788 ], [ 72.493291091653404, 23.037539963351279 ], [ 72.493358049843877, 23.037594270188002 ], [ 72.493430533575477, 23.037642194440551 ], [ 72.493507827329282, 23.037683263034488 ], [ 72.493589168104435, 23.037717070570007 ], [ 72.493673752950272, 23.037743283323572 ], [ 72.493760746892363, 23.037761642541984 ], [ 72.493849291175067, 23.037771966996537 ], [ 72.493938511738676, 23.037774154771821 ], [ 72.494027527847535, 23.037768184271748 ] ] ] } },
{ "type": "Feature", "properties": { "version": 1, "visible": null, "lon": null, "timestamp": 1744061225, "tags": { "visible": false }, "changeset": null, "lat": null, "id": 1375690866, "natural": "water", "water": null, "wetland": null, "osm_type": "way", "grassland": null, "reef": null, "Risk": "High" }, "geometry": { "type": "Polygon", "coordinates": [ [ [ 72.493873484724475, 23.037545721741736 ], [ 72.49460068472446, 23.037440922376987 ], [ 72.494687141853888, 23.037424420684061 ], [ 72.494771420921751, 23.037400187838131 ], [ 72.494852707682611, 23.037368457955928 ], [ 72.494930216800597, 23.037329537584206 ], [ 72.495003199436852, 23.03728380273834 ], [ 72.495070950484134, 23.03723169526975 ], [ 72.495132815379193, 23.037173718597277 ], [ 72.495188196426682, 23.037110432843811 ], [ 72.495236558573623, 23.037042449425019 ], [ 72.495277434578767, 23.036970425142584 ], [ 72.495310429526768, 23.036895055838855 ], [ 72.495335224643469, 23.036817069674356 ], [ 72.495351580375782, 23.03673722009302 ], [ 72.495359338706081, 23.036656278543052 ], [ 72.495358424678798, 23.036575027023854 ], [ 72.495348847124632, 23.036494250530946 ], [ 72.495330698575188, 23.036414729471879 ], [ 72.49530415436908, 23.036337232126431 ], [ 72.495269470957879, 23.036262507223878 ], [ 72.495150770957892, 23.036038006621244 ], [ 72.495108458224976, 23.035967037772551 ], [ 72.495058805925339, 23.03590021746038 ], [ 72.495002290148108, 23.03583818639536 ], [ 72.49493945279265, 23.035781539366972 ], [ 72.494870896372547, 23.03573081954017 ], [ 72.49479727823838, 23.035686513247022 ], [ 72.494719304274795, 23.035649045323225 ], [ 72.494637722132126, 23.035618775034358 ], [ 72.494553314057654, 23.035595992630853 ], [ 72.494466889394928, 23.035580916564761 ], [ 72.494379276823508, 23.035573691394951 ], [ 72.494291316413154, 23.03557438640096 ], [ 72.494203851568884, 23.035582994918624 ], [ 72.493555151568884, 23.035676595485942 ], [ 72.493468825406552, 23.035693081597802 ], [ 72.493384671127473, 23.035717275830386 ], [ 72.493303499347448, 23.035748945128759 ], [ 72.493226091953375, 23.035787784433371 ], [ 72.493153194571704, 23.035833419618733 ], [ 72.493085509386219, 23.035885411097421 ], [ 72.493023688374251, 23.035943258054637 ], [ 72.49296832702646, 23.036006403272616 ], [ 72.492919958610855, 23.036074238498259 ], [ 72.492879049036048, 23.036146110302418 ], [ 72.492845992363357, 23.036221326374299 ], [ 72.492821107011068, 23.036299162190367 ], [ 72.492804632687267, 23.036378867993513 ], [ 72.492796728080805, 23.036459676015237 ], [ 72.4927974693328, 23.036540807871262 ], [ 72.492806849303122, 23.036621482059381 ], [ 72.492847049303123, 23.03685718183516 ], [ 72.492864970550571, 23.036936595981086 ], [ 72.492891262181743, 23.037014011693998 ], [ 72.49292567110453, 23.037088683748184 ], [ 72.492967866087014, 23.037159893330422 ], [ 72.493017440946119, 23.03722695495928 ], [ 72.493073918457497, 23.037289223083544 ], [ 72.49313675494956, 23.03734609829629 ], [ 72.493205345537092, 23.037397033104696 ], [ 72.49327902994392, 23.03744153720011 ], [ 72.493357098859121, 23.037479182177663 ], [ 72.493438800764977, 23.037509605659995 ], [ 72.493523349171383, 23.037532514785376 ], [ 72.493609930186878, 23.037547689026706 ], [ 72.493697710353416, 23.037554982314266 ], [ 72.493785844669503, 23.037554324441675 ], [ 72.493873484724475, 23.037545721741736 ] ] ] } },
{ "type": "Feature", "properties": { "version": 1, "visible": null, "lon": null, "timestamp": 1744976439, "tags": { "visible": false }, "changeset": null, "lat": null, "id": 1378628240, "natural": "water", "water": "lake", "wetland": null, "osm_type": "way", "grassland": null, "reef": null, "Risk": "High" }, "geometry": { "type": "Polygon", "coordinates": [ [ [ 72.563508364752465, 23.158060089904129 ], [ 72.563491579480967, 23.157967544455026 ], [ 72.563474944299884, 23.15789568963465 ], [ 72.56345143038817, 23.157825478107586 ], [ 72.563421223779443, 23.157757465365201 ], [ 72.563384563457547, 23.157692189503599 ], [ 72.563341739465741, 23.157630166966293 ], [ 72.563292239465753, 23.1575650667363 ], [ 72.563236557678465, 23.157499190750507 ], [ 72.563173931726752, 23.157438815621799 ], [ 72.563105000623153, 23.157384557403997 ], [ 72.563030467715706, 23.157336969736079 ], [ 72.562951093511273, 23.157296538192735 ], [ 72.562867687915528, 23.157263675329467 ], [ 72.562781101968994, 23.157238716472715 ], [ 72.562692219163381, 23.157221916298102 ], [ 72.562601946426682, 23.157213446231626 ], [ 72.562511204869267, 23.157213392700367 ], [ 72.562420920385151, 23.157221756250546 ], [ 72.562332014204586, 23.157238451541964 ], [ 72.562286385105025, 23.157249253289091 ], [ 72.562221885105046, 23.15726455338044 ], [ 72.562134535211158, 23.157289701631537 ], [ 72.562050422125623, 23.157322891944496 ], [ 72.561970419128428, 23.157363779724594 ], [ 72.561895356827705, 23.157411940459369 ], [ 72.561826014536223, 23.157466874126275 ], [ 72.561763112180401, 23.15752801038434 ], [ 72.561707302825894, 23.15759471449589 ], [ 72.561659165897311, 23.157666293916879 ], [ 72.561619201162458, 23.157742005487329 ], [ 72.561587823543718, 23.157821063147285 ], [ 72.561565358810213, 23.157902646098123 ], [ 72.561552040195608, 23.157985907324459 ], [ 72.561502440195582, 23.158464207604379 ], [ 72.561498418060751, 23.158549716296037 ], [ 72.561504042183955, 23.158635148514364 ], [ 72.561519252170157, 23.158719586841034 ], [ 72.561543884685975, 23.158802124532411 ], [ 72.561880084685981, 23.159736022722939 ], [ 72.561885106187887, 23.159749576437516 ], [ 72.562518706187888, 23.161412373047337 ], [ 72.562553484939301, 23.161490574831941 ], [ 72.562596771266072, 23.161565100757688 ], [ 72.562648112210212, 23.161635170975028 ], [ 72.56340541221023, 23.162562567541308 ], [ 72.563468663972984, 23.162631784971595 ], [ 72.563539765298401, 23.162694231774701 ], [ 72.563617864280474, 23.162749159749428 ], [ 72.563702025170258, 23.162795910781625 ], [ 72.563981625170243, 23.162932610037291 ], [ 72.564064212357621, 23.162968167638951 ], [ 72.564150295120101, 23.162995843769345 ], [ 72.564238986312276, 23.163015353210785 ], [ 72.564329371906965, 23.163026494907918 ], [ 72.564420520414942, 23.163029154039545 ], [ 72.564511492484584, 23.163023303201896 ], [ 72.564601350582649, 23.163009002690988 ], [ 72.56468916865613, 23.162986399881312 ], [ 72.564774041675975, 23.162955727707104 ], [ 72.564855094964031, 23.162917302261992 ], [ 72.565007294964047, 23.162835902695914 ], [ 72.56508054846573, 23.162792211498441 ], [ 72.565148842156404, 23.162742188017109 ], [ 72.565211530784524, 23.162686304876292 ], [ 72.565268022056273, 23.16262509006334 ], [ 72.565317782231574, 23.16255912194033 ], [ 72.565360341166979, 23.162489023779855 ], [ 72.565395296757757, 23.162415457876449 ], [ 72.565422318736978, 23.162339119289381 ], [ 72.565441151795923, 23.162260729275729 ], [ 72.565451617996317, 23.162181028476038 ], [ 72.565458717996322, 23.162089928516188 ], [ 72.565460821252984, 23.162013734977513 ], [ 72.565455275802165, 23.161937687578785 ], [ 72.565442128870799, 23.161862433966434 ], [ 72.565421492422644, 23.161788615027799 ], [ 72.565393542204774, 23.161716859433085 ], [ 72.565287342204783, 23.161479358876182 ], [ 72.565251389931618, 23.161408655517281 ], [ 72.565208339115472, 23.161341387981114 ], [ 72.565158574209676, 23.161278156987294 ], [ 72.56510253962584, 23.161219527208665 ], [ 72.565040735765194, 23.161166022228517 ], [ 72.564973714549893, 23.16111811986455 ], [ 72.564852259467642, 23.161039485422386 ], [ 72.564518579084194, 23.160598013614202 ], [ 72.563724014890482, 23.158565894076954 ], [ 72.563634995140291, 23.158296227050311 ], [ 72.563606284405722, 23.158222145633935 ], [ 72.563570040394126, 23.158150910672756 ], [ 72.563526591714592, 23.158083168029027 ], [ 72.563508364752465, 23.158060089904129 ] ] ] } },
{ "type": "Feature", "properties": { "version": 1, "visible": null, "lon": null, "timestamp": 1744976439, "tags": { "visible": false }, "changeset": null, "lat": null, "id": 1378628242, "natural": "water", "water": "pond", "wetland": null, "osm_type": "way", "grassland": null, "reef": null, "Risk": "High" }, "geometry": { "type": "Polygon", "coordinates": [ [ [ 72.514843076101485, 23.080639036860401 ], [ 72.514849501120196, 23.080636081846016 ], [ 72.514928514978621, 23.080595027416361 ], [ 72.515002623384277, 23.080546848953787 ], [ 72.515071070098472, 23.080492038087733 ], [ 72.515133156657143, 23.080431154127567 ], [ 72.515188249498451, 23.080364818355449 ], [ 72.515235786427837, 23.080293707686767 ], [ 72.515275282355034, 23.080218547762893 ], [ 72.515306334244158, 23.080140105546633 ], [ 72.515328625226374, 23.080059181496029 ], [ 72.515341927833518, 23.079976601396282 ], [ 72.515346106319214, 23.079893207933189 ], [ 72.515341118044162, 23.079809852094073 ], [ 72.515298218044165, 23.079437251852852 ], [ 72.515275998195747, 23.079322414305683 ], [ 72.515182098195751, 23.078979513790841 ], [ 72.515156791559448, 23.078902957463988 ], [ 72.515123555558276, 23.078829011519204 ], [ 72.515082701782418, 23.078758369210629 ], [ 72.515034613239393, 23.078691692821383 ], [ 72.514979740763195, 23.078629607454381 ], [ 72.514918598787744, 23.078572695171765 ], [ 72.51485176052411, 23.07852148953771 ], [ 72.514779852586429, 23.078476470615986 ], [ 72.514703549117471, 23.078438060469065 ], [ 72.514623565468526, 23.078406619201004 ], [ 72.514384865468514, 23.078325118731406 ], [ 72.514306659783003, 23.078302099069397 ], [ 72.514226496020939, 23.078285745052899 ], [ 72.514145043950734, 23.078276193322203 ], [ 72.514062984104655, 23.078273523683503 ], [ 72.513981002092905, 23.078277758442042 ], [ 72.513899782875384, 23.078288862215754 ], [ 72.513666482875408, 23.078330862469073 ], [ 72.513646187259795, 23.078334740415613 ], [ 72.513299674259699, 23.07840479580695 ], [ 72.51318646007033, 23.07839393597116 ], [ 72.513096524974628, 23.078389485281846 ], [ 72.513006557461253, 23.078393341800574 ], [ 72.512917461890353, 23.078405466760614 ], [ 72.512830133857307, 23.078425738278749 ], [ 72.512745451190028, 23.078453952580535 ], [ 72.512664265125053, 23.078489826048799 ], [ 72.51258739175077, 23.078532998074795 ], [ 72.512515603804104, 23.078583034683277 ], [ 72.512449622902849, 23.078639432895159 ], [ 72.512390112291996, 23.078701625783761 ], [ 72.512337670176649, 23.078768988173934 ], [ 72.512292823708862, 23.078840842926645 ], [ 72.512223123708878, 23.078966743277821 ], [ 72.512184265873458, 23.079047284258653 ], [ 72.512154950545025, 23.07913117358347 ], [ 72.512135511013639, 23.079217457497489 ], [ 72.512126168290052, 23.07930515502316 ], [ 72.512127028592985, 23.079393269113279 ], [ 72.51215112859299, 23.079748568977276 ], [ 72.512160022140677, 23.07982390229224 ], [ 72.512294122140673, 23.080618401542978 ], [ 72.512314405358566, 23.08070655630393 ], [ 72.512345000823927, 23.080792155446684 ], [ 72.512385544794611, 23.080874181309316 ], [ 72.512435555253063, 23.080951658713374 ], [ 72.512789655253059, 23.081437757050072 ], [ 72.51284451109106, 23.08150533094749 ], [ 72.512906567795113, 23.081567409509489 ], [ 72.512975179040083, 23.081623346191328 ], [ 72.513049630234846, 23.08167255841639 ], [ 72.513129145964783, 23.081714533643382 ], [ 72.513212898067707, 23.081748834704214 ], [ 72.513300014259372, 23.081775104356804 ], [ 72.513389587218271, 23.081793069005585 ], [ 72.51364968721829, 23.081832568766039 ], [ 72.513736631235517, 23.081841797158045 ], [ 72.513824138790582, 23.081843198365085 ], [ 72.513911379247716, 23.081836759086919 ], [ 72.513997524506522, 23.081822540445089 ], [ 72.514081756862339, 23.081800677402789 ], [ 72.514163276768116, 23.081771377483861 ], [ 72.514241310423856, 23.081734918803079 ], [ 72.514315117121512, 23.081691647426446 ], [ 72.514443917121511, 23.081607747847311 ], [ 72.514515988703621, 23.081555519623354 ], [ 72.51458189360828, 23.081496801031079 ], [ 72.51464094438272, 23.081432204554869 ], [ 72.51469252506952, 23.081362403991299 ], [ 72.514736097631584, 23.081288127421139 ], [ 72.514771207564351, 23.081210149615046 ], [ 72.514814107564348, 23.081099149843613 ], [ 72.514839223765023, 23.081022622975372 ], [ 72.514856185248746, 23.080944221671906 ], [ 72.514864833309446, 23.080864679519795 ], [ 72.514865087028525, 23.08078474078166 ], [ 72.514856944031976, 23.080705153432216 ], [ 72.514843076101485, 23.080639036860401 ] ] ] } },
{ "type": "Feature", "properties": { "version": 1, "visible": null, "lon": null, "timestamp": 1744976439, "tags": { "visible": false }, "changeset": null, "lat": null, "id": 1378628243, "natural": "water", "water": "pond", "wetland": null, "osm_type": "way", "grassland": null, "reef": null, "Risk": "High" }, "geometry": { "type": "Polygon", "coordinates": [ [ [ 72.516428796897515, 23.080514639334702 ], [ 72.516511896897512, 23.080483839510286 ], [ 72.516591047954122, 23.080450311586333 ], [ 72.516666295523208, 23.080409886441359 ], [ 72.516736931567195, 23.080362944447373 ], [ 72.516802291440371, 23.080309927295737 ], [ 72.516861760142817, 23.080251333841357 ], [ 72.516914778107292, 23.080187715409014 ], [ 72.51692436121013, 23.080173560786264 ], [ 72.516931291250472, 23.080167538027073 ], [ 72.516994578328791, 23.080106627184964 ], [ 72.517050794424335, 23.080040104400403 ], [ 72.517099355127073, 23.079968661221681 ], [ 72.517139755610714, 23.079893040348981 ], [ 72.517171575880795, 23.079814027913734 ], [ 72.517194485140891, 23.07973244530643 ], [ 72.517208245231402, 23.079649140637827 ], [ 72.517212713105494, 23.07956497992237 ], [ 72.517207842316139, 23.079480838075366 ], [ 72.517197042316141, 23.079385838014634 ], [ 72.517184812958874, 23.07931130918799 ], [ 72.517165253385883, 23.079238115336288 ], [ 72.517138526300101, 23.079166865312434 ], [ 72.517104854026059, 23.079098151800828 ], [ 72.517064516660696, 23.079032546387108 ], [ 72.517017849743326, 23.078970594803344 ], [ 72.516965241464518, 23.078912812388339 ], [ 72.516737341464506, 23.078684511439256 ], [ 72.516675263210843, 23.078628088822612 ], [ 72.516607527003046, 23.078577473705998 ], [ 72.516534772053731, 23.078533143740611 ], [ 72.516457684936341, 23.07849551726558 ], [ 72.516376993106022, 23.078464949359926 ], [ 72.516293458034923, 23.078441728491562 ], [ 72.516207868026271, 23.078426073794866 ], [ 72.516121030775253, 23.078418133002646 ], [ 72.515882230775247, 23.078407032934514 ], [ 72.515789878600842, 23.078407112988572 ], [ 72.515698023399224, 23.07841591559102 ], [ 72.515607635995082, 23.078433347704745 ], [ 72.51551967169982, 23.078459225085119 ], [ 72.515435060214898, 23.078493274227327 ], [ 72.5152607602149, 23.078573474668165 ], [ 72.515184309862462, 23.078613057798215 ], [ 72.515112420886993, 23.078659312354564 ], [ 72.515045778882239, 23.078711797208236 ], [ 72.514985019402374, 23.078770011812537 ], [ 72.514930721900924, 23.07883340097699 ], [ 72.514883404204525, 23.078901360162355 ], [ 72.514843517574491, 23.078973241246256 ], [ 72.5148114424033, 23.079048358704512 ], [ 72.514787484586748, 23.07912599614906 ], [ 72.514771872606701, 23.079205413160231 ], [ 72.514759772606709, 23.07929051322807 ], [ 72.514752723002658, 23.079369095039187 ], [ 72.51475384603765, 23.079447937200786 ], [ 72.514763131488436, 23.079526321997481 ], [ 72.514780494827804, 23.079603535878597 ], [ 72.514805777993871, 23.079678875953736 ], [ 72.514838750829057, 23.07975165639122 ], [ 72.514879113175184, 23.07982121466123 ], [ 72.514926497605956, 23.079886917566736 ], [ 72.514980472771683, 23.079948167007448 ], [ 72.51504054732591, 23.080004405424223 ], [ 72.515361047325882, 23.080277104193751 ], [ 72.515459958829979, 23.080350053897469 ], [ 72.515582058830006, 23.080427753504715 ], [ 72.515657435913099, 23.080470818603835 ], [ 72.51573706348654, 23.080506832616177 ], [ 72.515820164676015, 23.080535444182285 ], [ 72.515905928717402, 23.08055637416259 ], [ 72.515993518866907, 23.08056941836054 ], [ 72.516082080564587, 23.080574449514707 ], [ 72.516170749771703, 23.080571418540309 ], [ 72.51625866140067, 23.080560355008036 ], [ 72.51634495775501, 23.080541366855599 ], [ 72.516428796897515, 23.080514639334702 ] ] ] } },
{ "type": "Feature", "properties": { "version": 1, "visible": null, "lon": null, "timestamp": 1744976439, "tags": { "visible": false }, "changeset": null, "lat": null, "id": 1378628244, "natural": "water", "water": "pond", "wetland": null, "osm_type": "way", "grassland": null, "reef": null, "Risk": "High" }, "geometry": { "type": "Polygon", "coordinates": [ [ [ 72.484541433288413, 23.081615032967761 ], [ 72.484622733288404, 23.081659932731146 ], [ 72.484698987562652, 23.081697573354838 ], [ 72.484778825034638, 23.081728289356619 ], [ 72.484861504797252, 23.081751795690909 ], [ 72.484946259566371, 23.081767874218222 ], [ 72.485032302801443, 23.081776375729426 ], [ 72.485118836004673, 23.081777221330292 ], [ 72.485205056131306, 23.081770403173625 ], [ 72.485290163041952, 23.081755984532077 ], [ 72.485373366928087, 23.081734099210998 ], [ 72.485453895641641, 23.081704950306797 ], [ 72.485531001860664, 23.081668808322288 ], [ 72.485555861871177, 23.081655731538213 ], [ 72.485626821424006, 23.081628057467238 ], [ 72.485703443185812, 23.081594154695427 ], [ 72.485776237600618, 23.081553739696208 ], [ 72.485844552558547, 23.08150717451116 ], [ 72.485907776077838, 23.081454876276226 ], [ 72.485965341787036, 23.081397313485155 ], [ 72.486016733998667, 23.081335001792834 ], [ 72.486061492328972, 23.081268499396163 ], [ 72.486099215822094, 23.081198402033827 ], [ 72.486129566541933, 23.081125337649688 ], [ 72.486150899162098, 23.081054520143649 ], [ 72.486204700167534, 23.080966879091751 ], [ 72.486242960727694, 23.080897025122599 ], [ 72.486273870861297, 23.080824156224022 ], [ 72.486297153647499, 23.080748925216916 ], [ 72.486312600498152, 23.080672006085059 ], [ 72.486320073026434, 23.080594087937044 ], [ 72.486319504286712, 23.080515868832723 ], [ 72.486310899374246, 23.08043804952942 ], [ 72.486294335379625, 23.080361327203864 ], [ 72.486209035379616, 23.08004532673576 ], [ 72.486183072138274, 23.079966266904052 ], [ 72.486148660856301, 23.079889985848084 ], [ 72.486106145211991, 23.079817245420564 ], [ 72.486055949824973, 23.079748772113607 ], [ 72.485998576015277, 23.079685249802694 ], [ 72.485934596796568, 23.079627312916287 ], [ 72.485864651153165, 23.079575540099249 ], [ 72.485789437658298, 23.079530448433417 ], [ 72.485709707497222, 23.079492488273011 ], [ 72.485626256964778, 23.079462038746488 ], [ 72.48553991951259, 23.079439403969829 ], [ 72.48545155742498, 23.07942481000897 ], [ 72.485362053207126, 23.079418402621886 ], [ 72.485272300771001, 23.079420245802712 ], [ 72.485048700771003, 23.07943514589406 ], [ 72.484964848959706, 23.079444395154226 ], [ 72.484882311847755, 23.079460847654122 ], [ 72.484801818919081, 23.079484357979762 ], [ 72.484724081590528, 23.079514718337297 ], [ 72.484649786924336, 23.079551660389669 ], [ 72.484579591555544, 23.07959485762839 ], [ 72.484514115888615, 23.079643928259493 ], [ 72.484453938614081, 23.079698438578138 ], [ 72.484399591593913, 23.079757906802026 ], [ 72.484351555160856, 23.079821807329726 ], [ 72.484162455160856, 23.080100508236765 ], [ 72.484122860717491, 23.080165154778065 ], [ 72.484089729060585, 23.08023280796165 ], [ 72.484063327296326, 23.080302922365924 ], [ 72.484043868274739, 23.080374932727736 ], [ 72.483986968274735, 23.080634833043135 ], [ 72.483974023376049, 23.080713228585026 ], [ 72.483969305307312, 23.080792404540109 ], [ 72.483972857506004, 23.080871631963873 ], [ 72.483984647268358, 23.080950181439231 ], [ 72.484004566050373, 23.081027329792008 ], [ 72.484032430467224, 23.081102366748823 ], [ 72.484067983981447, 23.081174601476228 ], [ 72.484110899265048, 23.081243368940807 ], [ 72.484160781212807, 23.0813080360317 ], [ 72.484217170580052, 23.081368007389216 ], [ 72.48427954821075, 23.081422730885855 ], [ 72.484415748210751, 23.081531230381714 ], [ 72.484476619452806, 23.081575633780407 ], [ 72.484541433288413, 23.081615032967761 ] ] ] } },
{ "type": "Feature", "properties": { "version": 1, "visible": null, "lon": null, "timestamp": 1744976439, "tags": { "visible": false }, "changeset": null, "lat": null, "id": 1378628245, "natural": "water", "water": "pond", "wetland": null, "osm_type": "way", "grassland": null, "reef": null, "Risk": "High" }, "geometry": { "type": "Polygon", "coordinates": [ [ [ 72.477759344770902, 23.08089803004653 ], [ 72.477858944770887, 23.080724130544773 ], [ 72.477898448208535, 23.080645398692312 ], [ 72.477928766442744, 23.08056329219697 ], [ 72.47799586644274, 23.080344492562119 ], [ 72.478017139868555, 23.080257349697469 ], [ 72.478028066716789, 23.080168603704617 ], [ 72.478028519362255, 23.080079291131394 ], [ 72.478018492518032, 23.079990455145342 ], [ 72.477949392518042, 23.079590254759474 ], [ 72.477932198994679, 23.079514042202838 ], [ 72.477907287731739, 23.079439655764865 ], [ 72.477874879716381, 23.079367755329375 ], [ 72.477835262439314, 23.079298978727842 ], [ 72.477788787344437, 23.079233936081053 ], [ 72.477735866711171, 23.079173204386528 ], [ 72.47767696999712, 23.079117322399831 ], [ 72.477477769997137, 23.078945321629035 ], [ 72.477412149983905, 23.078893881073078 ], [ 72.477341472055869, 23.078848464318551 ], [ 72.477266387188052, 23.078809489680179 ], [ 72.477187586945405, 23.078777316137408 ], [ 72.477105797113069, 23.078752240027804 ], [ 72.477021771011678, 23.07873449231748 ], [ 72.476936282558881, 23.07872423647364 ], [ 72.476850119141233, 23.078721566958873 ], [ 72.476764074361995, 23.07872650836104 ], [ 72.476678940731745, 23.0787390151668 ], [ 72.476595502368966, 23.07875897218085 ], [ 72.476217402368974, 23.078867472817453 ], [ 72.47613069218859, 23.078896938542009 ], [ 72.476047732500717, 23.078934445759302 ], [ 72.475969401715332, 23.078979597321521 ], [ 72.4758965292298, 23.079031915138636 ], [ 72.475605829229792, 23.079263716215195 ], [ 72.475541955575778, 23.079319944293879 ], [ 72.47548439889313, 23.079381675900944 ], [ 72.475433716616934, 23.079448313160135 ], [ 72.475390399603782, 23.079519210684424 ], [ 72.475354867377902, 23.079593681826832 ], [ 72.475327464068002, 23.079671005330855 ], [ 72.475308455074526, 23.079750432315958 ], [ 72.475298024499097, 23.079831193530701 ], [ 72.47529627336155, 23.079912506802991 ], [ 72.475303218621633, 23.079993584615465 ], [ 72.475329618621643, 23.080182484467414 ], [ 72.475344827829659, 23.080261076394507 ], [ 72.475368208614555, 23.080337951647287 ], [ 72.475399542816987, 23.080412392928551 ], [ 72.475438538066612, 23.080483705652835 ], [ 72.47548483050997, 23.080551224427214 ], [ 72.475537988205716, 23.080614319259698 ], [ 72.475597515154718, 23.080672401437276 ], [ 72.475926815154693, 23.080964100145771 ], [ 72.47599551488841, 23.081019063100733 ], [ 72.476069909250157, 23.081067346567952 ], [ 72.476149234063158, 23.08110845458846 ], [ 72.476232674505226, 23.081141964908596 ], [ 72.476647374505248, 23.081285964080543 ], [ 72.476729785432454, 23.081310474630428 ], [ 72.476814379147399, 23.081327570180292 ], [ 72.476900369284408, 23.081337091816284 ], [ 72.476986956496873, 23.081338951028854 ], [ 72.477073335887951, 23.081333130535459 ], [ 72.47715870449268, 23.08131968444123 ], [ 72.477242268742089, 23.081298737736002 ], [ 72.477323251840204, 23.081270485132574 ], [ 72.477400900984861, 23.081235189256819 ], [ 72.477474494365637, 23.081193178206505 ], [ 72.47754334787362, 23.081144842501583 ], [ 72.477606821460867, 23.081090631454241 ], [ 72.477664325090004, 23.081031048992397 ], [ 72.477715324219133, 23.080966648975561 ], [ 72.477759344770902, 23.08089803004653 ] ] ] } },
{ "type": "Feature", "properties": { "version": 1, "visible": null, "lon": null, "timestamp": 1749865036, "tags": { "visible": false }, "changeset": null, "lat": null, "id": 1395103922, "natural": "water", "water": "wastewater", "wetland": null, "osm_type": "way", "grassland": null, "reef": null, "Risk": "High" }, "geometry": { "type": "Polygon", "coordinates": [ [ [ 72.644301481840259, 23.093607544528719 ], [ 72.644875981840258, 23.094146842207504 ], [ 72.644941139859384, 23.09420224784343 ], [ 72.645011922345091, 23.094251470056292 ], [ 72.645087638679371, 23.094294028596686 ], [ 72.645167550105228, 23.094329508231514 ], [ 72.645250876934497, 23.094357562795079 ], [ 72.645336806155257, 23.094377918566416 ], [ 72.645424499364282, 23.094390376939735 ], [ 72.64551310094734, 23.094394816362083 ], [ 72.645601746427218, 23.094391193519229 ], [ 72.64568957089844, 23.094379543758265 ], [ 72.645775717466037, 23.094359980742727 ], [ 72.645859345606127, 23.094332695343684 ], [ 72.645939639366986, 23.094297953777563 ], [ 72.646015815330017, 23.094256095008877 ], [ 72.646087130253633, 23.094207527443196 ], [ 72.646152888324934, 23.094152724942624 ], [ 72.64673868832493, 23.09361372728614 ], [ 72.64679737151144, 23.093554206676462 ], [ 72.646849492638609, 23.09348972452376 ], [ 72.646894558859245, 23.093420890552036 ], [ 72.646932144035915, 23.093348355635726 ], [ 72.646961892770548, 23.093272805645444 ], [ 72.646983523764888, 23.093194954962701 ], [ 72.646996832480482, 23.09311553972503 ], [ 72.64700169307271, 23.093035310865329 ], [ 72.646998059580739, 23.092955027011289 ], [ 72.646985966362195, 23.092875447311958 ], [ 72.646965527768174, 23.092797324259372 ], [ 72.646936937062037, 23.092721396573072 ], [ 72.646900464591923, 23.092648382214762 ], [ 72.646856455234413, 23.092578971599284 ], [ 72.646805325133414, 23.09251382106596 ], [ 72.646747557765167, 23.092453546672157 ], [ 72.64618075776518, 23.091917144373078 ], [ 72.646116066371221, 23.091861668203393 ], [ 72.646045758139849, 23.091812312572145 ], [ 72.645970514577186, 23.091769555896413 ], [ 72.645891065028195, 23.091733812628291 ], [ 72.645808179606902, 23.091705429237301 ], [ 72.645722661731739, 23.091684680851813 ], [ 72.645635340337748, 23.091671768591997 ], [ 72.645547061841768, 23.091666817620219 ], [ 72.645458681937882, 23.091669875927728 ], [ 72.64537105730318, 23.091680913869435 ], [ 72.645285037293803, 23.091699824451286 ], [ 72.645201455712083, 23.091726424367465 ], [ 72.645121122724376, 23.091760455777294 ], [ 72.645044817008014, 23.09180158880471 ], [ 72.644973278203537, 23.091849424736001 ], [ 72.644907199745191, 23.091903499884825 ], [ 72.644313699745197, 23.092439602237054 ], [ 72.644253943582342, 23.092499148483739 ], [ 72.644200815498834, 23.092563792572584 ], [ 72.644154826463108, 23.092632912771151 ], [ 72.644116418782545, 23.092705844297772 ], [ 72.644085961849555, 23.092781885715439 ], [ 72.644063748588906, 23.092860305678201 ], [ 72.64404999264039, 23.092940349965197 ], [ 72.644044826304224, 23.093021248734644 ], [ 72.644048299268505, 23.093102223928 ], [ 72.6440603781314, 23.093182496753087 ], [ 72.644080946722397, 23.093261295174266 ], [ 72.644109807219579, 23.093337861337538 ], [ 72.644146682052153, 23.093411458859205 ], [ 72.644191216570164, 23.093481379907988 ], [ 72.644242982455282, 23.093546952012524 ], [ 72.644301481840259, 23.093607544528719 ] ] ] } },
{ "type": "Feature", "properties": { "version": 1, "visible": null, "lon": null, "timestamp": 1749865036, "tags": { "visible": false }, "changeset": null, "lat": null, "id": 1395103925, "natural": "water", "water": "wastewater", "wetland": null, "osm_type": "way", "grassland": null, "reef": null, "Risk": "High" }, "geometry": { "type": "Polygon", "coordinates": [ [ [ 72.644155597187208, 23.093320386282254 ], [ 72.644259797187203, 23.093419485858576 ], [ 72.644324141565477, 23.093474953824479 ], [ 72.644394088148388, 23.093524351294622 ], [ 72.644468962902465, 23.093567202261955 ], [ 72.644548044304315, 23.093603093803694 ], [ 72.6446305702936, 23.093631680060145 ], [ 72.644715745616566, 23.093652685567339 ], [ 72.644802749489415, 23.093665907911305 ], [ 72.644890743507688, 23.093671219678512 ], [ 72.644978879725471, 23.093668569683558 ], [ 72.6450663088266, 23.093657983462396 ], [ 72.645152188308913, 23.093639563026287 ], [ 72.645235690603045, 23.093613485878794 ], [ 72.645316011047186, 23.093580003305483 ], [ 72.64539237564108, 23.093539437952561 ], [ 72.645464048504678, 23.093492180717927 ], [ 72.645530338969294, 23.093438686984577 ], [ 72.645723138969302, 23.093266987743181 ], [ 72.64578337443703, 23.093207809570114 ], [ 72.645837016062174, 23.093143486723374 ], [ 72.645883547544003, 23.093074638303527 ], [ 72.645922521016942, 23.093001926970317 ], [ 72.645953561361253, 23.092926052564742 ], [ 72.645976369813525, 23.092847745373369 ], [ 72.645990726842427, 23.092767759099463 ], [ 72.645996494261496, 23.092686863608726 ], [ 72.645993616559323, 23.092605837519464 ], [ 72.645982121433789, 23.092525460708384 ], [ 72.645962119525521, 23.092446506804279 ], [ 72.645933803352889, 23.092369735741773 ], [ 72.645897445459127, 23.092295886446827 ], [ 72.645853395789004, 23.09222566972441 ], [ 72.645802078320671, 23.092159761416799 ], [ 72.64574398698484, 23.092098795898352 ], [ 72.645639886984839, 23.091999795475097 ], [ 72.645575565731264, 23.091944347651257 ], [ 72.64550564630585, 23.091894965850329 ], [ 72.645430801986933, 23.091852125593686 ], [ 72.645351753476362, 23.091816239411422 ], [ 72.645269261959626, 23.091787652869701 ], [ 72.645184121776055, 23.091766641242966 ], [ 72.645097152769992, 23.091753406863013 ], [ 72.64500919239606, 23.091748077170593 ], [ 72.644921087655163, 23.091750703488092 ], [ 72.644833686938341, 23.091761260525328 ], [ 72.64474783185733, 23.091779646623085 ], [ 72.644664349140456, 23.091805684732094 ], [ 72.644584042671667, 23.091839124118028 ], [ 72.644507685749758, 23.091879642776085 ], [ 72.64443601364195, 23.09192685053187 ], [ 72.644369716503775, 23.091980292798777 ], [ 72.644176816503773, 23.092151893557325 ], [ 72.644116526532585, 23.092211062356327 ], [ 72.644062831913729, 23.092275382392089 ], [ 72.644016249803542, 23.092344234163335 ], [ 72.643977228854638, 23.092416954522132 ], [ 72.643946144894855, 23.092492843061276 ], [ 72.643923297307367, 23.092571168860349 ], [ 72.643908906147274, 23.092651177525791 ], [ 72.643903110022109, 23.092732098456885 ], [ 72.643905964756925, 23.092813152267865 ], [ 72.643917442856477, 23.092893558294548 ], [ 72.643937433770205, 23.092972542113213 ], [ 72.643965744956873, 23.093049342999382 ], [ 72.644002103739084, 23.09312322125454 ], [ 72.64404615992953, 23.093193465330341 ], [ 72.644097489203787, 23.093259398681621 ], [ 72.644155597187208, 23.093320386282254 ] ] ] } },
{ "type": "Feature", "properties": { "version": 1, "visible": null, "lon": null, "timestamp": 1752996222, "tags": { "visible": false }, "changeset": null, "lat": null, "id": 1416039829, "natural": "water", "water": "pond", "wetland": null, "osm_type": "way", "grassland": null, "reef": null, "Risk": "High" }, "geometry": { "type": "Polygon", "coordinates": [ [ [ 72.6283025, 23.19073413309177 ], [ 72.628367499999982, 23.19073413309177 ], [ 72.628455550295257, 23.190730156973455 ], [ 72.628542752618031, 23.19071826690999 ], [ 72.628628267162298, 23.190698577407098 ], [ 72.628711270376257, 23.190671278082068 ], [ 72.628790962893561, 23.190636631837755 ], [ 72.628866577231719, 23.190594972330874 ], [ 72.628937385183292, 23.190546700758897 ], [ 72.629002704829034, 23.190492281996569 ], [ 72.629061907105026, 23.190432240119151 ], [ 72.62911442186099, 23.190367153355602 ], [ 72.629159743351138, 23.190297648520122 ], [ 72.629197435104714, 23.190224394975953 ], [ 72.629227134129565, 23.190148098189194 ], [ 72.629248554407809, 23.190069492935049 ], [ 72.629261489650474, 23.189989336221689 ], [ 72.6292658152841, 23.1899084 ], [ 72.6292658152841, 23.189861 ], [ 72.629261489650474, 23.189780063700645 ], [ 72.629248554407809, 23.189699906813829 ], [ 72.629227134129565, 23.189621301296267 ], [ 72.629197435104714, 23.189545004165474 ], [ 72.629159743351138, 23.189471750209069 ], [ 72.62911442186099, 23.189402244908273 ], [ 72.629061907105026, 23.189337157643482 ], [ 72.629002704829034, 23.189277115247499 ], [ 72.628937385183292, 23.189222695968599 ], [ 72.628866577231719, 23.189174423901335 ], [ 72.628790962893561, 23.189132763939 ], [ 72.628711270376257, 23.189098117296137 ], [ 72.628628267162298, 23.189070817644431 ], [ 72.628542752618031, 23.189051127899013 ], [ 72.628455550295257, 23.189039237686284 ], [ 72.628367499999982, 23.189035261517578 ], [ 72.6283025, 23.189035261517578 ], [ 72.628214449704743, 23.189039237686284 ], [ 72.628127247381954, 23.189051127899013 ], [ 72.628041732837687, 23.189070817644431 ], [ 72.627958729623728, 23.189098117296137 ], [ 72.627879037106425, 23.189132763939 ], [ 72.627803422768281, 23.189174423901335 ], [ 72.627732614816694, 23.189222695968599 ], [ 72.627667295170951, 23.189277115247499 ], [ 72.62760809289496, 23.189337157643482 ], [ 72.627555578138995, 23.189402244908273 ], [ 72.627510256648847, 23.189471750209069 ], [ 72.627472564895271, 23.189545004165474 ], [ 72.627442865870421, 23.189621301296267 ], [ 72.627421445592176, 23.189699906813829 ], [ 72.627408510349525, 23.189780063700645 ], [ 72.627404184715886, 23.189861 ], [ 72.627404184715886, 23.1899084 ], [ 72.627408510349525, 23.189989336221689 ], [ 72.627421445592176, 23.190069492935049 ], [ 72.627442865870421, 23.190148098189194 ], [ 72.627472564895271, 23.190224394975953 ], [ 72.627510256648847, 23.190297648520122 ], [ 72.627555578138995, 23.190367153355602 ], [ 72.62760809289496, 23.190432240119151 ], [ 72.627667295170951, 23.190492281996569 ], [ 72.627732614816694, 23.190546700758897 ], [ 72.627803422768281, 23.190594972330874 ], [ 72.627879037106425, 23.190636631837755 ], [ 72.627958729623728, 23.190671278082068 ], [ 72.628041732837687, 23.190698577407098 ], [ 72.628127247381954, 23.19071826690999 ], [ 72.628214449704743, 23.190730156973455 ], [ 72.6283025, 23.19073413309177 ] ] ] } },
{ "type": "Feature", "properties": { "version": 1, "visible": null, "lon": null, "timestamp": 1765459654, "tags": { "visible": false }, "changeset": null, "lat": null, "id": 1457782747, "natural": "water", "water": "lake", "wetland": null, "osm_type": "way", "grassland": null, "reef": null, "Risk": "High" }, "geometry": { "type": "Polygon", "coordinates": [ [ [ 72.482464622480293, 23.101952897562004 ], [ 72.482383228146702, 23.102070547810129 ], [ 72.48217393105719, 23.102300800933527 ], [ 72.482117089559466, 23.102370494748417 ], [ 72.482068542369859, 23.102445306308173 ], [ 72.482028829246701, 23.102524403833584 ], [ 72.481998391729221, 23.102606907894199 ], [ 72.481977568228444, 23.102691901186322 ], [ 72.481897068228449, 23.103126101635365 ], [ 72.481887215370818, 23.103198311592891 ], [ 72.48188430870816, 23.103271038865287 ], [ 72.481888370789704, 23.103343719250148 ], [ 72.481899370102738, 23.103415788909739 ], [ 72.481969070102735, 23.10376118852195 ], [ 72.48199105325341, 23.103845307303018 ], [ 72.482022478507091, 23.103926850676945 ], [ 72.482063001339426, 23.104004924665073 ], [ 72.482112177486599, 23.104078673325933 ], [ 72.482169467815979, 23.104147288138883 ], [ 72.482234244236693, 23.104210016867839 ], [ 72.482305796585678, 23.104266171807872 ], [ 72.482788596585692, 23.104606570145762 ], [ 72.482858157805211, 23.104650988630567 ], [ 72.482931957216749, 23.104689185119813 ], [ 72.483009339025799, 23.104720820198224 ], [ 72.483089615603973, 23.104745612755686 ], [ 72.483172073599576, 23.104763342484997 ], [ 72.483724673599568, 23.104857141917485 ], [ 72.48382600149246, 23.104868911133011 ], [ 72.483928126913256, 23.104870025161564 ], [ 72.484029729767258, 23.10486046960326 ], [ 72.484297929767266, 23.104820969843217 ], [ 72.484379911829649, 23.104805259804774 ], [ 72.484459947169711, 23.104782596182851 ], [ 72.484537340259052, 23.104753175926863 ], [ 72.484611418531159, 23.104717254702326 ], [ 72.484681538226155, 23.104675144669145 ], [ 72.48470677093168, 23.104656693957281 ], [ 72.484723093898509, 23.104656272356145 ], [ 72.484808678804782, 23.104646450972744 ], [ 72.484892845229524, 23.104629125547355 ], [ 72.484974817311979, 23.104604455785896 ], [ 72.48505383941928, 23.104572669094537 ], [ 72.485129183111908, 23.104534058483587 ], [ 72.485200153858628, 23.104488979866659 ], [ 72.485266097438753, 23.10443784877997 ], [ 72.485416297438761, 23.104309549358359 ], [ 72.485480669339964, 23.104248600565384 ], [ 72.485537895282476, 23.104181893051415 ], [ 72.485587370037933, 23.104110132314968 ], [ 72.485628570355502, 23.104034077298603 ], [ 72.485661060495744, 23.103954532362568 ], [ 72.485684496839099, 23.103872338778054 ], [ 72.485698631520066, 23.103788365830074 ], [ 72.485741531520077, 23.103403466071573 ], [ 72.485746210678982, 23.103321845714397 ], [ 72.485742099886295, 23.103240199419343 ], [ 72.485729239366009, 23.103159326094417 ], [ 72.485707754958042, 23.103080017085549 ], [ 72.485677856886923, 23.103003048433219 ], [ 72.485639837704653, 23.10292917327877 ], [ 72.485594069428146, 23.102859114494759 ], [ 72.485540999899058, 23.102793557611445 ], [ 72.485481148401632, 23.102733144108619 ], [ 72.485415100581562, 23.102678465138496 ], [ 72.485343502715409, 23.102630055740978 ], [ 72.485267055386828, 23.102588389608044 ], [ 72.485203544656187, 23.102557571449328 ], [ 72.485197365075265, 23.102525925824537 ], [ 72.485172880672224, 23.102446808309313 ], [ 72.48513996487479, 23.102370322132824 ], [ 72.485005864874807, 23.102099021442054 ], [ 72.484964938211377, 23.102026073859196 ], [ 72.484916344282809, 23.101957221497841 ], [ 72.48486056270319, 23.101893143926244 ], [ 72.484798144027508, 23.101834473586742 ], [ 72.484729704317814, 23.10178178955336 ], [ 72.484655919062746, 23.101735611816149 ], [ 72.484577516510612, 23.101696396148686 ], [ 72.484495270481688, 23.101664529609401 ], [ 72.484409992730761, 23.101640326721103 ], [ 72.483862792730747, 23.101512025956286 ], [ 72.483781174173942, 23.101496557992835 ], [ 72.483698348487962, 23.101488113358219 ], [ 72.483615028429128, 23.101486764724054 ], [ 72.483531931008031, 23.101492523696223 ], [ 72.483449771319428, 23.101505340714997 ], [ 72.483031371319441, 23.101589141218714 ], [ 72.482945800764199, 23.101610396366919 ], [ 72.482862924030883, 23.101639304691503 ], [ 72.482783547970826, 23.1016755847489 ], [ 72.482708445354419, 23.101718883326665 ], [ 72.48263834734766, 23.101768778882324 ], [ 72.482573936393862, 23.101824785647683 ], [ 72.482515839569714, 23.101886358358239 ], [ 72.482464622480293, 23.101952897562004 ] ] ] } },
{ "type": "Feature", "properties": { "version": 1, "visible": null, "lon": null, "timestamp": 1772032143, "tags": { "visible": false }, "changeset": null, "lat": null, "id": 1482917213, "natural": "water", "water": "river", "wetland": null, "osm_type": "way", "grassland": null, "reef": null, "Risk": "High" }, "geometry": { "type": "Polygon", "coordinates": [ [ [ 72.601668570998044, 23.081787812175961 ], [ 72.599110370998048, 23.081431510010539 ], [ 72.599022991546107, 23.081423334886782 ], [ 72.598935161928026, 23.081423048812145 ], [ 72.598847721740796, 23.081430654521373 ], [ 72.598761506858594, 23.081446079307263 ], [ 72.598677341442539, 23.081469175715714 ], [ 72.598596030062012, 23.081499722955424 ], [ 72.598518350003658, 23.081537429008694 ], [ 72.598445043840883, 23.081581933423053 ], [ 72.598376812335374, 23.081632810757256 ], [ 72.598314307738192, 23.081689574648447 ], [ 72.598258127554729, 23.081751682461771 ], [ 72.598208808832851, 23.081818540477887 ], [ 72.598166823029118, 23.081889509568843 ], [ 72.598132571501893, 23.081963911307966 ], [ 72.598106381674626, 23.082041034455465 ], [ 72.598088503905927, 23.082120141757599 ], [ 72.598079109096219, 23.082200476994561 ], [ 72.598004009096215, 23.083384877418521 ], [ 72.598003039224935, 23.083462031784613 ], [ 72.598013639224931, 23.083739431724705 ], [ 72.59801472117644, 23.083760258637312 ], [ 72.59803292117644, 23.084037258534583 ], [ 72.598034548328954, 23.08405777835403 ], [ 72.598060248328949, 23.084334378209231 ], [ 72.598062507923615, 23.084355497823339 ], [ 72.598095907923621, 23.084631297635617 ], [ 72.598098636419579, 23.084651551900389 ], [ 72.598139436419586, 23.084926551671774 ], [ 72.598142778520355, 23.084947139346927 ], [ 72.598189178520357, 23.085210239087914 ], [ 72.59819286946076, 23.085229694051971 ], [ 72.598246069460757, 23.085491593756235 ], [ 72.598250314111141, 23.085511176446648 ], [ 72.598310414111126, 23.085771976114156 ], [ 72.5983152527958, 23.0857917720788 ], [ 72.598382252795801, 23.086050971710169 ], [ 72.598387425520983, 23.086069979031215 ], [ 72.598461125520984, 23.086327778628117 ], [ 72.598473709908347, 23.086367689996219 ], [ 72.59856120990834, 23.086621189524568 ], [ 72.598569229113949, 23.086643333114122 ], [ 72.598664429113953, 23.08689433260577 ], [ 72.598673083949791, 23.08691616000743 ], [ 72.598775983949778, 23.087164759463558 ], [ 72.598785419057606, 23.087186613829072 ], [ 72.598895919057611, 23.087432313251597 ], [ 72.598906083189178, 23.087454028708052 ], [ 72.599024183189172, 23.087696728098411 ], [ 72.599034829197521, 23.087717806000168 ], [ 72.599160329197517, 23.087957405360726 ], [ 72.59917168817563, 23.087978328984704 ], [ 72.599304488175633, 23.088214528317561 ], [ 72.599317097673662, 23.088236162040172 ], [ 72.59946889767366, 23.088487561289629 ], [ 72.599482586515379, 23.088509437721832 ], [ 72.599642586515387, 23.088756336944527 ], [ 72.599656995573156, 23.088777818919827 ], [ 72.599825195573146, 23.089020218117927 ], [ 72.599840545704581, 23.089041601312438 ], [ 72.600016845704587, 23.089279100488962 ], [ 72.600032561224936, 23.089299596358234 ], [ 72.600216561224926, 23.089531995516996 ], [ 72.600233175002515, 23.089552314952495 ], [ 72.600424875002517, 23.0897794140961 ], [ 72.600442112612654, 23.089799200474904 ], [ 72.600641312612652, 23.090020799606609 ], [ 72.600659169653014, 23.090040056281506 ], [ 72.600865669653004, 23.090255955404604 ], [ 72.600904640872656, 23.09029418451474 ], [ 72.601140240872667, 23.090511083572068 ], [ 72.601158461664753, 23.090527389948033 ], [ 72.601400661664741, 23.090738089006738 ], [ 72.601419549982396, 23.090754056907652 ], [ 72.601668249982382, 23.090958355970663 ], [ 72.601687412442459, 23.090973655357715 ], [ 72.601942212442481, 23.091171354428486 ], [ 72.601961880594217, 23.091186181779157 ], [ 72.602222680594195, 23.091377180860334 ], [ 72.602243210572055, 23.09139177556996 ], [ 72.602509910572081, 23.091575774664825 ], [ 72.602530167622163, 23.09158934822889 ], [ 72.602802367622161, 23.091766447339801 ], [ 72.602823759561019, 23.091779943406095 ], [ 72.603109259561023, 23.09195454251201 ], [ 72.603131407500356, 23.091967660571321 ], [ 72.603422307500352, 23.092134459700894 ], [ 72.603444835635358, 23.092146959497796 ], [ 72.603740935635358, 23.092305858653802 ], [ 72.603763609923917, 23.092317624847954 ], [ 72.604064709923918, 23.092468624032701 ], [ 72.604087963466569, 23.092479882807748 ], [ 72.604393663466567, 23.092622682024796 ], [ 72.604417286923919, 23.092633319801596 ], [ 72.604727386923898, 23.092767819053499 ], [ 72.60475127158638, 23.092777789090277 ], [ 72.605065471586386, 23.092903888379549 ], [ 72.605089711343709, 23.092913230787325 ], [ 72.60540781134371, 23.093030830116319 ], [ 72.605432308904341, 23.093039506445397 ], [ 72.605754008904341, 23.09314850581643 ], [ 72.605778513321638, 23.093156440249754 ], [ 72.606103513321656, 23.09325683966447 ], [ 72.606183433439, 23.09327779856903 ], [ 72.606553833438994, 23.093358098088395 ], [ 72.606572623932479, 23.093361976622646 ], [ 72.60694492393246, 23.093434976183598 ], [ 72.606964101626261, 23.093438536117372 ], [ 72.607337901626281, 23.09350403572169 ], [ 72.607356914819746, 23.09350717285578 ], [ 72.607732214819734, 23.093565272503444 ], [ 72.607751466119396, 23.093568055595725 ], [ 72.608128066119392, 23.093618655287827 ], [ 72.608147309934353, 23.09362104576141 ], [ 72.608525009934354, 23.093664145498376 ], [ 72.608544248792384, 23.09366614746132 ], [ 72.608922848792389, 23.093701747243532 ], [ 72.608942359438487, 23.093703384286457 ], [ 72.609321759438487, 23.093731384114815 ], [ 72.609341746606418, 23.093732653003809 ], [ 72.609749746606425, 23.093754352870587 ], [ 72.609770532940658, 23.093755236350678 ], [ 72.610178932940642, 23.093768236270776 ], [ 72.610199726040719, 23.093768676531006 ], [ 72.610608426040713, 23.093772976504571 ], [ 72.610629454381879, 23.093772971331799 ], [ 72.611038054381893, 23.093768471359468 ], [ 72.611058836716651, 23.093768021209051 ], [ 72.611467336716629, 23.093754821290176 ], [ 72.611488142475949, 23.093753926737651 ], [ 72.611896042475948, 23.093732026872097 ], [ 72.611916807121531, 23.093730689816649 ], [ 72.612324207121532, 23.093700090004198 ], [ 72.612345019189888, 23.093698302365159 ], [ 72.612751419189891, 23.093659002605516 ], [ 72.612771973709641, 23.093656794468412 ], [ 72.613155068722463, 23.093611519020556 ], [ 72.627144649192374, 23.09260642874716 ], [ 72.627232305771244, 23.092596120477335 ], [ 72.627318437159516, 23.092577939587784 ], [ 72.62740220984206, 23.092552062016392 ], [ 72.627482813129646, 23.092518738182548 ], [ 72.627559467004005, 23.092478290563964 ], [ 72.627631429666337, 23.092431110576154 ], [ 72.627698004715882, 23.092377654784897 ], [ 72.627758547889187, 23.092318440488135 ], [ 72.627812473294767, 23.092254040710284 ], [ 72.627859259082896, 23.09218507865717 ], [ 72.627898452495785, 23.092112221685426 ], [ 72.627929674248946, 23.092036174844502 ], [ 72.627952622201619, 23.091957674054004 ], [ 72.62796707428069, 23.09187747898217 ], [ 72.627972890629763, 23.091796365694517 ], [ 72.628015790629789, 23.089427765937138 ], [ 72.628012971738357, 23.08934715843511 ], [ 72.628001624394813, 23.089267187553887 ], [ 72.627981856683064, 23.089188615021179 ], [ 72.627953856891324, 23.089112189246624 ], [ 72.627917891718795, 23.089038638193124 ], [ 72.627874303735169, 23.088968662442706 ], [ 72.627823508117771, 23.088902928523318 ], [ 72.627765988696922, 23.08884206255988 ], [ 72.62770229334744, 23.088786644310137 ], [ 72.627633028770106, 23.088737201642214 ], [ 72.627558854712817, 23.088694205506368 ], [ 72.627480477686504, 23.08865806544889 ], [ 72.627398644235484, 23.088629125710948 ], [ 72.627314133826744, 23.088607661949442 ], [ 72.627227751425337, 23.088593878611203 ], [ 72.62714031982712, 23.088587906985449 ], [ 72.627052671821644, 23.088589803953202 ], [ 72.625572071821622, 23.088688504558473 ], [ 72.625568383846272, 23.088688757429338 ], [ 72.622907683846265, 23.088876258578832 ], [ 72.622904568315107, 23.088876483147097 ], [ 72.61513691661473, 23.089448883096154 ], [ 72.611662450320622, 23.089704569671202 ], [ 72.611281939253644, 23.08972284637343 ], [ 72.610899494122947, 23.089732589655785 ], [ 72.610516968349387, 23.089733819041598 ], [ 72.610134539993481, 23.089726348214246 ], [ 72.609752172385313, 23.089710356993574 ], [ 72.609370708909339, 23.08968587133155 ], [ 72.608978428710728, 23.089651628191646 ], [ 72.60858720497373, 23.089608305762876 ], [ 72.608197175922911, 23.089555992549833 ], [ 72.607808743329315, 23.089494690590243 ], [ 72.607433713914531, 23.089426603117218 ], [ 72.607210541254986, 23.089374989866112 ], [ 72.606983428140012, 23.089314221403608 ], [ 72.606758896128127, 23.089245721198633 ], [ 72.606537261626372, 23.089169709244505 ], [ 72.606318893657573, 23.089086132595597 ], [ 72.606104048303749, 23.088995320261887 ], [ 72.605888501119978, 23.088894999948188 ], [ 72.60567733863941, 23.088787313519369 ], [ 72.605470671334473, 23.08867236135039 ], [ 72.605268914239261, 23.088550306887388 ], [ 72.605072094256954, 23.088421228134163 ], [ 72.604876479988633, 23.088282476758685 ], [ 72.604715980592104, 23.088162456726653 ], [ 72.604561878224274, 23.088039349377162 ], [ 72.604412278157653, 23.087911882546724 ], [ 72.604267374963669, 23.08778000869534 ], [ 72.604127177759366, 23.087643921501115 ], [ 72.603992283305686, 23.087504056222254 ], [ 72.603850909265461, 23.087347158486718 ], [ 72.603715850227545, 23.08718592732551 ], [ 72.603587084978585, 23.087020683829454 ], [ 72.60346487670715, 23.086851357486808 ], [ 72.603349106395285, 23.086678095237847 ], [ 72.603240042898733, 23.086501161699282 ], [ 72.603134344221687, 23.086314650057499 ], [ 72.603025166951355, 23.086113140502736 ], [ 72.602926942652189, 23.085914575255963 ], [ 72.60283652069667, 23.085713108321023 ], [ 72.602753939812814, 23.08550881493893 ], [ 72.602679243385595, 23.085301834001182 ], [ 72.602612510293312, 23.085092554430364 ], [ 72.602553991068518, 23.084881391364664 ], [ 72.602503362181338, 23.08466740906356 ], [ 72.602461049451591, 23.084451966512464 ], [ 72.602427102315247, 23.084235233696056 ], [ 72.60240153855851, 23.084017677167523 ], [ 72.60238444201984, 23.083799387760273 ], [ 72.60237579714952, 23.083580531351497 ], [ 72.602375532719194, 23.083361671180132 ], [ 72.602380374491503, 23.083234170626024 ], [ 72.602383817388088, 23.083142933891434 ], [ 72.602400569485496, 23.082924539536883 ], [ 72.602427392887506, 23.082692164308092 ], [ 72.602432366725751, 23.082613492415611 ], [ 72.602429172214613, 23.082534742342297 ], [ 72.602417838403269, 23.082456630198998 ], [ 72.602398468355233, 23.082379866296815 ], [ 72.602371238211191, 23.082305148687851 ], [ 72.602336395587258, 23.082233156817388 ], [ 72.602294257323351, 23.082164545345268 ], [ 72.602245206601921, 23.082099938192556 ], [ 72.602189689463543, 23.082039922867757 ], [ 72.602128210750948, 23.08198504512411 ], [ 72.602061329518094, 23.081935803996569 ], [ 72.601989653946575, 23.081892647263601 ], [ 72.601913835815068, 23.081855967375105 ], [ 72.601834564572471, 23.081826097883479 ], [ 72.601752561068352, 23.081803310410248 ], [ 72.601668570998044, 23.081787812175961 ] ] ] } },
{ "type": "Feature", "properties": { "version": 1, "visible": null, "lon": null, "timestamp": 1772032143, "tags": { "visible": false }, "changeset": null, "lat": null, "id": 1482917214, "natural": "water", "water": "river", "wetland": null, "osm_type": "way", "grassland": null, "reef": null, "Risk": "High" }, "geometry": { "type": "Polygon", "coordinates": [ [ [ 72.626219409370236, 23.089400234061447 ], [ 72.626176509370211, 23.091768834304069 ], [ 72.626179225846855, 23.091848269146436 ], [ 72.626190225311689, 23.091927096513583 ], [ 72.626209406021445, 23.09200458726707 ], [ 72.626236590557752, 23.092080024633148 ], [ 72.626271527468106, 23.092152710832647 ], [ 72.626313893591885, 23.092221973535217 ], [ 72.626363297049409, 23.092287172078059 ], [ 72.626419280866841, 23.092347703391731 ], [ 72.626481327203138, 23.092403007578248 ], [ 72.626548862139899, 23.092452573089744 ], [ 72.62662126099012, 23.092495941460012 ], [ 72.626697854076355, 23.092532711544948 ], [ 72.626777932925208, 23.092562543232876 ], [ 72.626860756820548, 23.092585160590307 ], [ 72.626945559654999, 23.092600354414088 ], [ 72.627031557016338, 23.092607984166406 ], [ 72.629606788428248, 23.092721884855631 ], [ 72.631627402602007, 23.09281118992434 ], [ 72.633748154508666, 23.092953738249332 ], [ 72.635916677311258, 23.093558888394828 ], [ 72.638149794504088, 23.094328232834066 ], [ 72.639942232639626, 23.095446582885412 ], [ 72.641671837682466, 23.097238234423116 ], [ 72.643439934060822, 23.099532009622976 ], [ 72.64456789313428, 23.101310680268828 ], [ 72.645632694533688, 23.104562845341825 ], [ 72.645780180108275, 23.106499630138106 ], [ 72.645785155794286, 23.106546092324603 ], [ 72.646286955794295, 23.110176889507262 ], [ 72.646301915412366, 23.110254966231281 ], [ 72.64632494221911, 23.110331364754117 ], [ 72.646355824202601, 23.110405381664311 ], [ 72.646394277026886, 23.110476335479383 ], [ 72.646439946649878, 23.110543572920189 ], [ 72.6464924125832, 23.110606474925575 ], [ 72.646551191763578, 23.110664462351973 ], [ 72.646615743000567, 23.110717001305446 ], [ 72.646685471959316, 23.110763608057074 ], [ 72.646759736632816, 23.110803853496517 ], [ 72.64683785325289, 23.110837367082667 ], [ 72.646919102585812, 23.110863840255067 ], [ 72.647002736554398, 23.110883029274689 ], [ 72.647087985125665, 23.110894757467939 ], [ 72.647174063400769, 23.110898916853206 ], [ 72.651093763400766, 23.110915116753517 ], [ 72.651182677504565, 23.110911428794839 ], [ 72.651270758390297, 23.110899666331562 ], [ 72.651357141393234, 23.110879944830298 ], [ 72.651440978516234, 23.110852457887908 ], [ 72.651521446754387, 23.110817475331142 ], [ 72.651597756174127, 23.110775340567987 ], [ 72.651669157667783, 23.110726467216789 ], [ 72.651734950307443, 23.110671335046121 ], [ 72.651794488225676, 23.110610485265294 ], [ 72.651847186955806, 23.110544515211775 ], [ 72.651892529169572, 23.110474072487584 ], [ 72.651930069755522, 23.11039984860221 ], [ 72.651959440188492, 23.110322572184554 ], [ 72.651980352147362, 23.110243001830408 ], [ 72.651992600345466, 23.110161918655688 ], [ 72.65199606454577, 23.110080118628602 ], [ 72.651990710741202, 23.109998404755942 ], [ 72.65197659148852, 23.109917579200179 ], [ 72.650979691488516, 23.105591673680774 ], [ 72.650964918700467, 23.105536871748395 ], [ 72.65036411870048, 23.103594768478295 ], [ 72.650349550891193, 23.103552099820512 ], [ 72.650156560861276, 23.103036125443673 ], [ 72.649611470839886, 23.101578449211505 ], [ 72.649590073594979, 23.101526894136448 ], [ 72.648886273594968, 23.099987490465548 ], [ 72.648860790131295, 23.099936644178904 ], [ 72.648071090131282, 23.098491840186931 ], [ 72.648007736186017, 23.098393525476521 ], [ 72.646514336186002, 23.096403918523627 ], [ 72.646507783364385, 23.096395306043149 ], [ 72.645271783364407, 23.094792600340014 ], [ 72.64524350661064, 23.094757900757216 ], [ 72.643029106610626, 23.092184090934563 ], [ 72.643025604998286, 23.092180047012178 ], [ 72.642193004998276, 23.091224643337501 ], [ 72.642127882184994, 23.091157719340064 ], [ 72.642055247920922, 23.091097692406127 ], [ 72.641975960343814, 23.091045271733805 ], [ 72.641108957779949, 23.090535408786192 ], [ 72.640619757779945, 23.09024780729608 ], [ 72.640531280238164, 23.090202051315082 ], [ 72.640437756236082, 23.090165768928259 ], [ 72.63909015623608, 23.089723666367796 ], [ 72.639003294057261, 23.089699641966188 ], [ 72.638914241020345, 23.089683797675246 ], [ 72.637949945737716, 23.089558297525134 ], [ 72.637154750125063, 23.089454797466043 ], [ 72.637128099479, 23.089451701840968 ], [ 72.635540941115238, 23.089289482348089 ], [ 72.634210482395886, 23.089055234460162 ], [ 72.632905075588951, 23.088753116930725 ], [ 72.632806249290269, 23.088735593063927 ], [ 72.632705912301745, 23.088728348593136 ], [ 72.632605324107899, 23.088731474456562 ], [ 72.63092502567126, 23.088870680032674 ], [ 72.629907461626829, 23.088755512746189 ], [ 72.629353661626823, 23.088692912364163 ], [ 72.629289550937926, 23.088687801644635 ], [ 72.627163050937952, 23.088588701036091 ], [ 72.627072990250809, 23.088588662198102 ], [ 72.626983377940135, 23.088596918927344 ], [ 72.626895114707054, 23.088613388233188 ], [ 72.62680908769299, 23.088637904578238 ], [ 72.626726161562956, 23.088670221542255 ], [ 72.626647169814703, 23.088710014299135 ], [ 72.626572906401137, 23.088756882881974 ], [ 72.626504117750287, 23.088810356203439 ], [ 72.626441495262867, 23.088869896790992 ], [ 72.626385668362957, 23.088934906189365 ], [ 72.626337198171584, 23.089004730976015 ], [ 72.626296571866817, 23.089078669328984 ], [ 72.626264197787236, 23.08915597808133 ], [ 72.626240401327479, 23.089235880190916 ], [ 72.626225421667854, 23.089317572550794 ], [ 72.626219409370236, 23.089400234061447 ] ] ] } },
{ "type": "Feature", "properties": { "version": 1, "visible": null, "lon": null, "timestamp": 1772032143, "tags": { "visible": false }, "changeset": null, "lat": null, "id": 1482917215, "natural": "water", "water": null, "wetland": null, "osm_type": "way", "grassland": null, "reef": null, "Risk": "High" }, "geometry": { "type": "Polygon", "coordinates": [ [ [ 72.608011326603432, 23.100704165036799 ], [ 72.60944892660342, 23.100358767092491 ], [ 72.60954361587703, 23.100330782875218 ], [ 72.609634361632416, 23.100293342019672 ], [ 72.609720051529223, 23.100246903459439 ], [ 72.609945351529234, 23.100108804166346 ], [ 72.610013764434811, 23.100062426400697 ], [ 72.610077106475813, 23.100010309526603 ], [ 72.610134810728368, 23.099952919994085 ], [ 72.610186360727937, 23.099890771444475 ], [ 72.610231295091737, 23.099824420113475 ], [ 72.610269211648273, 23.099754459852949 ], [ 72.610299771036807, 23.099681516816027 ], [ 72.610322699744714, 23.099606243853103 ], [ 72.610337792555498, 23.099529314668857 ], [ 72.610541692555486, 23.098108215812573 ], [ 72.610549285421982, 23.098014149632291 ], [ 72.610545174044802, 23.097919900305431 ], [ 72.610459374044822, 23.097110599822305 ], [ 72.610446270762182, 23.097029209080667 ], [ 72.610424432759885, 23.096949420446268 ], [ 72.610394076559118, 23.096872025017415 ], [ 72.610355503137967, 23.096797790165308 ], [ 72.610309094947283, 23.096727451925446 ], [ 72.61025531211871, 23.09666170769971 ], [ 72.609933412118707, 23.096306506300856 ], [ 72.609870377866471, 23.096243839128171 ], [ 72.60980065038575, 23.096187489216561 ], [ 72.60972497404407, 23.096138058131185 ], [ 72.609644156715305, 23.09609607357568 ], [ 72.609559061155366, 23.096061983758393 ], [ 72.609301561155362, 23.095973083246495 ], [ 72.609212108501325, 23.095947015225711 ], [ 72.609120187672801, 23.095929672635737 ], [ 72.609026801623401, 23.095921244706009 ], [ 72.608932969293946, 23.095921823395852 ], [ 72.608839714494607, 23.095931402391027 ], [ 72.608748054734079, 23.095949877172639 ], [ 72.608200854734065, 23.096088077992288 ], [ 72.608116098780499, 23.096113710204545 ], [ 72.608034525010638, 23.096146949556474 ], [ 72.60795693807961, 23.096187468164935 ], [ 72.607884103315797, 23.096234866342296 ], [ 72.607816739171525, 23.096288676539288 ], [ 72.607755510136172, 23.096348367957198 ], [ 72.607701020181523, 23.096413351784083 ], [ 72.60765380680418, 23.096482987003167 ], [ 72.607614335723483, 23.096556586716197 ], [ 72.607582996287718, 23.096633424919361 ], [ 72.60675689628772, 23.099011829371477 ], [ 72.606731950502819, 23.09910023664629 ], [ 72.606717764936406, 23.099190636252871 ], [ 72.606685564936413, 23.099526136434353 ], [ 72.606682234971601, 23.099613912335318 ], [ 72.606689052710564, 23.099701517435925 ], [ 72.606705941124687, 23.099787961952096 ], [ 72.606732709404255, 23.099872269214217 ], [ 72.606769055114214, 23.099953486701654 ], [ 72.606814567611224, 23.100030696804374 ], [ 72.607018467611226, 23.100336595820842 ], [ 72.607068179137883, 23.100403562698492 ], [ 72.607124787435225, 23.100465725139216 ], [ 72.607187747323763, 23.100522484480042 ], [ 72.607256452453413, 23.10057329409393 ], [ 72.607330241143231, 23.100617664653942 ], [ 72.60740840275389, 23.100655168845496 ], [ 72.607490184531528, 23.100685445481528 ], [ 72.607574798857527, 23.100708202980741 ], [ 72.60766143083363, 23.100723222175525 ], [ 72.607749246130197, 23.100730358422602 ], [ 72.607837399021307, 23.100729542995925 ], [ 72.607925040529778, 23.10072078374851 ], [ 72.608011326603432, 23.100704165036799 ] ] ] } },
{ "type": "Feature", "properties": { "version": 1, "visible": null, "lon": null, "timestamp": 1777930978, "tags": { "visible": false }, "changeset": null, "lat": null, "id": 1509301524, "natural": "water", "water": "canal", "wetland": null, "osm_type": "way", "grassland": null, "reef": null, "Risk": "High" }, "geometry": { "type": "Polygon", "coordinates": [ [ [ 72.467774074150768, 23.046589197746961 ], [ 72.468999174150767, 23.046675697217601 ], [ 72.469089551024496, 23.046677879761749 ], [ 72.469179708600294, 23.046671692133256 ], [ 72.469268733694179, 23.046657197003952 ], [ 72.469355724592759, 23.046634541188798 ], [ 72.469439800186564, 23.046603954158957 ], [ 72.469520108894471, 23.046565745717668 ], [ 72.46959583728929, 23.046520302862589 ], [ 72.469666218336627, 23.046468085866184 ], [ 72.469730539164132, 23.046409623614082 ], [ 72.469788148281864, 23.046345508248379 ], [ 72.469838462181187, 23.046276389170337 ], [ 72.469880971244976, 23.046202966463017 ], [ 72.469915244909274, 23.046125983800621 ], [ 72.469940936024599, 23.046046220916264 ], [ 72.469980236024611, 23.045897021131974 ], [ 72.469996566741514, 23.045818685795123 ], [ 72.470004616566399, 23.045739266744622 ], [ 72.470004310547338, 23.045659503449848 ], [ 72.469995651533665, 23.045580138586729 ], [ 72.469978720149456, 23.045501911122713 ], [ 72.469953674042799, 23.045425549436171 ], [ 72.469920746417912, 23.045351764534391 ], [ 72.469880243863884, 23.045281243433241 ], [ 72.469832543499919, 23.045214642760193 ], [ 72.469778089463986, 23.04515258264022 ], [ 72.469717388777539, 23.045095640921655 ], [ 72.469651006624545, 23.045044347795539 ], [ 72.469579561089091, 23.04499918085877 ], [ 72.469503717400428, 23.044960560666961 ], [ 72.469424181739029, 23.044928846818429 ], [ 72.469341694661239, 23.044904334605715 ], [ 72.469257024204126, 23.044887252265962 ], [ 72.469170958734111, 23.044877758855662 ], [ 72.467921658734113, 23.044795958354875 ], [ 72.467834916970972, 23.044794144210275 ], [ 72.467748389610634, 23.044800038951163 ], [ 72.467662883844724, 23.04481358758601 ], [ 72.4675791973347, 23.04483466372076 ], [ 72.46749811077062, 23.044863070738085 ], [ 72.467420380588294, 23.044898543631632 ], [ 72.46734673191277, 23.0449407514784 ], [ 72.467277851793682, 23.044989300526051 ], [ 72.467214382796087, 23.045043737866337 ], [ 72.467156917006037, 23.045103555660404 ], [ 72.467105990507179, 23.04516819587657 ], [ 72.46706207837984, 23.045237055496287 ], [ 72.467025590269017, 23.045309492139797 ], [ 72.46699686656298, 23.045384830058953 ], [ 72.466976175217809, 23.045462366441292 ], [ 72.466963709257826, 23.045541377966565 ], [ 72.466948609257813, 23.045685878051462 ], [ 72.466944490269015, 23.045767906544274 ], [ 72.466949236033543, 23.04584990630461 ], [ 72.466962799718956, 23.045931068138373 ], [ 72.466985047475305, 23.046010591121764 ], [ 72.467015759755952, 23.046087690504958 ], [ 72.467054633484153, 23.046161605456053 ], [ 72.467101285043881, 23.046231606568959 ], [ 72.467155254065418, 23.046297003061174 ], [ 72.467216007968531, 23.046357149590321 ], [ 72.46728294721791, 23.046411452622248 ], [ 72.46735541123968, 23.046459376287931 ], [ 72.467432684940107, 23.046500447671253 ], [ 72.467514005762268, 23.046534261475582 ], [ 72.467598571211226, 23.046560484023111 ], [ 72.467685546773197, 23.046578856547441 ], [ 72.467774074150768, 23.046589197746961 ] ] ] } },
{ "type": "Feature", "properties": { "version": 1, "visible": null, "lon": null, "timestamp": 1777931071, "tags": { "visible": false }, "changeset": null, "lat": null, "id": 1509301622, "natural": "water", "water": "canal", "wetland": null, "osm_type": "way", "grassland": null, "reef": null, "Risk": "High" }, "geometry": { "type": "Polygon", "coordinates": [ [ [ 72.469158141680026, 23.046673114379491 ], [ 72.471413412611909, 23.047218654896263 ], [ 72.471502536518898, 23.047235822781371 ], [ 72.471593091278024, 23.047244600361257 ], [ 72.471684146491256, 23.04724489745298 ], [ 72.471774766618665, 23.047236711004157 ], [ 72.471864020590544, 23.047220125124301 ], [ 72.471950991373703, 23.047195310220719 ], [ 72.472034785393376, 23.04716252124782 ], [ 72.472114541714205, 23.047122095087737 ], [ 72.472189440885899, 23.047074447089351 ], [ 72.47225871336255, 23.047020066801053 ], [ 72.472321647409302, 23.046959512941232 ], [ 72.472377596415029, 23.046893407658072 ], [ 72.472425985535892, 23.046822430137691 ], [ 72.47246631760153, 23.046747309626163 ], [ 72.472498178223134, 23.046668817937274 ], [ 72.472542378223139, 23.046540418175269 ], [ 72.472564464112295, 23.046463617025889 ], [ 72.472578435855525, 23.04638521956662 ], [ 72.472584164399436, 23.046305949932375 ], [ 72.472581596830963, 23.046226540315388 ], [ 72.472570756866034, 23.046147724202172 ], [ 72.47255174463065, 23.046070229598463 ], [ 72.472524735735902, 23.045994772304773 ], [ 72.472489979655947, 23.045922049304611 ], [ 72.47244779742374, 23.045852732326502 ], [ 72.472398578665633, 23.045787461639186 ], [ 72.47234277800257, 23.045726840137426 ], [ 72.472280910850898, 23.045671427773009 ], [ 72.472213548661458, 23.045621736382344 ], [ 72.472141313641387, 23.045578224958525 ], [ 72.472064873006914, 23.0455412954115 ], [ 72.471984932820391, 23.045511288855476 ], [ 72.47190223146869, 23.045488482457962 ], [ 72.46932343146868, 23.044899978952177 ], [ 72.469236634507809, 23.04488429983153 ], [ 72.469148582606053, 23.044876551708917 ], [ 72.469060129476475, 23.044876809708143 ], [ 72.4689721327223, 23.044885071327716 ], [ 72.468885445521892, 23.044901256465089 ], [ 72.468800908356812, 23.044925208193369 ], [ 72.468719340862734, 23.044956694282913 ], [ 72.468641533882732, 23.044995409453083 ], [ 72.468568241799574, 23.04504097833232 ], [ 72.468500175221521, 23.045092959097804 ], [ 72.468437994092625, 23.045150847759452 ], [ 72.468382301294128, 23.045214083046677 ], [ 72.468333636799287, 23.045282051850453 ], [ 72.468292472437966, 23.045354095168069 ], [ 72.46825920732195, 23.045429514492788 ], [ 72.468234163975396, 23.045507578586495 ], [ 72.468194863975398, 23.045656778802208 ], [ 72.468178482401726, 23.045735443778096 ], [ 72.468170451372316, 23.045815198333951 ], [ 72.468170846288714, 23.0458952936707 ], [ 72.468179663443138, 23.045974977791079 ], [ 72.468196820053265, 23.046053502559975 ], [ 72.468222155039498, 23.046130130728439 ], [ 72.468255430537297, 23.046204142855462 ], [ 72.4682963341304, 23.046274844062502 ], [ 72.46834448178403, 23.046341570557331 ], [ 72.468399421450613, 23.046403695866079 ], [ 72.468460637313783, 23.04646063671477 ], [ 72.468527554631422, 23.046511858505319 ], [ 72.468599545131681, 23.046556880334489 ], [ 72.468675932911765, 23.046595279508747 ], [ 72.46875600078377, 23.046626695512561 ], [ 72.46883899700822, 23.046650833393034 ], [ 72.468924142351995, 23.04666746652893 ], [ 72.469010637404423, 23.046676438758226 ], [ 72.469097670082618, 23.0466776658442 ], [ 72.469158141680026, 23.046673114379491 ] ] ] } },
{ "type": "Feature", "properties": { "version": 1, "visible": null, "lon": null, "timestamp": 1784214784, "tags": { "visible": false, "name": "Jagatpur Lake" }, "changeset": null, "lat": null, "id": 1539775940, "natural": "water", "water": "lake", "wetland": null, "osm_type": "way", "grassland": null, "reef": null, "Risk": "High" }, "geometry": { "type": "Polygon", "coordinates": [ [ [ 72.546440991942191, 23.114355757550246 ], [ 72.546437608507119, 23.114439215619267 ], [ 72.546438428670157, 23.114516826122959 ], [ 72.546451828670143, 23.114733926047219 ], [ 72.546460352130325, 23.114809835007726 ], [ 72.546476454508465, 23.114884696815675 ], [ 72.546499998427521, 23.114957872791681 ], [ 72.546545598427528, 23.115078772547808 ], [ 72.546577549085001, 23.115151989978798 ], [ 72.54661694729549, 23.115222070698806 ], [ 72.546663433805918, 23.115288375681335 ], [ 72.5467165847285, 23.115350300329634 ], [ 72.546775915405902, 23.115407279989491 ], [ 72.546880515405888, 23.115498579581878 ], [ 72.546953701965464, 23.115555935213767 ], [ 72.547033134778232, 23.115605767870083 ], [ 72.547117903794216, 23.115647506634126 ], [ 72.547191512094443, 23.11567921201225 ], [ 72.547226699922263, 23.115695578353549 ], [ 72.547291135303922, 23.115722668688964 ], [ 72.547357691557934, 23.115745004498795 ], [ 72.547408191557921, 23.115759904411469 ], [ 72.547475698254132, 23.115777182417435 ], [ 72.547544463861385, 23.115789568537902 ], [ 72.547596863861386, 23.115797068492281 ], [ 72.547662536775746, 23.11580420260324 ], [ 72.547728602379863, 23.11580687403579 ], [ 72.547774402379858, 23.115807174033943 ], [ 72.547893915744822, 23.115800618837749 ], [ 72.547939315744827, 23.115795318870113 ], [ 72.548029698962097, 23.115780416703203 ], [ 72.548117955911579, 23.115757106440988 ], [ 72.548203164436643, 23.115725631637449 ], [ 72.548284434232315, 23.115686321152843 ], [ 72.548370234232308, 23.115639521400606 ], [ 72.548449414222674, 23.115590940553556 ], [ 72.548522560835167, 23.115534927186431 ], [ 72.548603131211451, 23.115466264634506 ], [ 72.54865049817063, 23.115437398965213 ], [ 72.548723023618351, 23.115382357508185 ], [ 72.548788896072082, 23.115320645145271 ], [ 72.5488473938059, 23.115252938014017 ], [ 72.54889787589434, 23.115179977933373 ], [ 72.548932775894315, 23.115123178105378 ], [ 72.548969552822527, 23.115056436980417 ], [ 72.548999613792347, 23.114986909414711 ], [ 72.549022712253702, 23.114915165646345 ], [ 72.549038658760708, 23.114841794090761 ], [ 72.549129858760722, 23.114294194601076 ], [ 72.54913941655235, 23.114203933008476 ], [ 72.549138160610113, 23.114113251669224 ], [ 72.549130160610105, 23.11400465162404 ], [ 72.549122273237728, 23.113937919723856 ], [ 72.549117673237745, 23.113909719698107 ], [ 72.549100600223667, 23.113831205159901 ], [ 72.549075343965683, 23.113754579259226 ], [ 72.549064943965689, 23.113727779203781 ], [ 72.549033733519337, 23.113657681901969 ], [ 72.548995674120022, 23.113590508098291 ], [ 72.548980074120038, 23.113565808021928 ], [ 72.548932834405718, 23.113498710257872 ], [ 72.548878765694823, 23.113436125196994 ], [ 72.548858365694812, 23.113414725110164 ], [ 72.548794044117372, 23.113353863226646 ], [ 72.548723272939313, 23.113299391757192 ], [ 72.548693672939322, 23.113278891656403 ], [ 72.54860867313181, 23.113226715547402 ], [ 72.548517780210616, 23.113183756028153 ], [ 72.548483980210634, 23.113169955950521 ], [ 72.548387833774513, 23.113136614314378 ], [ 72.548288176489919, 23.113113589159081 ], [ 72.548251776489934, 23.113107189120392 ], [ 72.548152041864057, 23.113094930130988 ], [ 72.54808553682166, 23.113093658512192 ], [ 72.547613370012073, 23.113055040688941 ], [ 72.547528777650314, 23.113051806052262 ], [ 72.547444229901586, 23.11305591043584 ], [ 72.547360477795038, 23.113067317380178 ], [ 72.547278265292206, 23.113085925556707 ], [ 72.547198322678497, 23.1131115696679 ], [ 72.547121360076119, 23.113144021915751 ], [ 72.547038260076121, 23.113183522131724 ], [ 72.546960867872599, 23.113224928629649 ], [ 72.546888341619123, 23.113273215074383 ], [ 72.546821401785209, 23.113327901785425 ], [ 72.546760713345336, 23.113388445502238 ], [ 72.546706879173286, 23.113454244781284 ], [ 72.546660434053024, 23.113524645970987 ], [ 72.546621839366381, 23.113598949705352 ], [ 72.546618170376732, 23.113607025190255 ], [ 72.546607337991773, 23.113620804256296 ], [ 72.546554973242337, 23.113695585117092 ], [ 72.546511652677751, 23.113775110003953 ], [ 72.546477878394342, 23.1138584571957 ], [ 72.546454041844598, 23.113944660671063 ], [ 72.546440419300197, 23.114032721305399 ], [ 72.546432419300203, 23.114116621350512 ], [ 72.546428986882731, 23.114186985321453 ], [ 72.546432083193196, 23.11425736244416 ], [ 72.546440991942191, 23.114355757550246 ] ] ] } },
{ "type": "Feature", "properties": { "version": 1, "visible": null, "lon": null, "timestamp": 1319822974, "tags": { "source:position": "Bing Imagery 2011", "source:tracer": "scanaerial", "source:zoomlevel": "16", "type": "multipolygon", "members": [ { "member_id": 135070033, "member_type": "way", "member_role": "inner" }, { "member_id": 135070026, "member_type": "way", "member_role": "outer" } ] }, "changeset": 0.0, "lat": null, "id": 1817071, "natural": "water", "water": null, "wetland": null, "osm_type": "relation", "grassland": null, "reef": null, "Risk": "High" }, "geometry": { "type": "Polygon", "coordinates": [ [ [ 72.610515408364151, 23.160821280730133 ], [ 72.610516168974101, 23.160837322043715 ], [ 72.610516441600751, 23.160839069242698 ], [ 72.610516431587428, 23.160839132650246 ], [ 72.610512284715881, 23.1609184 ], [ 72.610512284715881, 23.1609973 ], [ 72.610516611238069, 23.161078262001055 ], [ 72.610529549129296, 23.16115844408538 ], [ 72.610550973765001, 23.161237073899137 ], [ 72.610580678771854, 23.161313394042072 ], [ 72.610618378015644, 23.161386669363068 ], [ 72.610627627199264, 23.161400855151722 ], [ 72.610640277588871, 23.16144474598326 ], [ 72.610670769302118, 23.161520052697412 ], [ 72.610684979865084, 23.16155052592373 ], [ 72.610684519292874, 23.161578188798 ], [ 72.610692051487447, 23.161660134859211 ], [ 72.610708410258738, 23.1617409859392 ], [ 72.610733433413913, 23.161819940423761 ], [ 72.610766872855038, 23.16189621550426 ], [ 72.61080839703898, 23.161969054938801 ], [ 72.610857594264516, 23.162037736549987 ], [ 72.610913976754262, 23.162101579384831 ], [ 72.610976985490879, 23.162159950466009 ], [ 72.611030468936647, 23.162200499303456 ], [ 72.611031901091351, 23.162225222566573 ], [ 72.611044810215162, 23.162303944686599 ], [ 72.611066310215165, 23.162402544567076 ], [ 72.611087464925731, 23.162479944884907 ], [ 72.611116646231224, 23.162555106612469 ], [ 72.611153581659607, 23.162627327953128 ], [ 72.611197926336942, 23.162695934566198 ], [ 72.611249266207594, 23.162760285863222 ], [ 72.61130712190031, 23.162819780989036 ], [ 72.611370953204187, 23.162873864431869 ], [ 72.611440164112835, 23.162922031209984 ], [ 72.611514108389343, 23.162963831586577 ], [ 72.611592095600301, 23.162998875268787 ], [ 72.611673397562583, 23.163026835051745 ], [ 72.611757255142564, 23.163047449873535 ], [ 72.611842885344203, 23.163060527252615 ], [ 72.611929488620206, 23.163065945084952 ], [ 72.612016256337355, 23.163063652784022 ], [ 72.612102378327151, 23.163053671753133 ], [ 72.612187050450288, 23.163036095185582 ], [ 72.612269482105191, 23.163011087194558 ], [ 72.612339452579107, 23.162982713733054 ], [ 72.612423663353269, 23.162971167830158 ], [ 72.61250959987558, 23.162951268524804 ], [ 72.61259298560465, 23.162923681151867 ], [ 72.612673009018707, 23.16288867419091 ], [ 72.612748891318532, 23.162846588329003 ], [ 72.61281989400679, 23.162797833145266 ], [ 72.612885326075229, 23.162742883125077 ], [ 72.612944550729665, 23.162682273042563 ], [ 72.612996991587352, 23.162616592756407 ], [ 72.613042138286389, 23.162546481469516 ], [ 72.613079551452699, 23.162472621508499 ], [ 72.613101781015317, 23.162414317003968 ], [ 72.613171880159001, 23.162391139385097 ], [ 72.613251455055277, 23.162356398810726 ], [ 72.613326946390401, 23.162314659597062 ], [ 72.613397628225783, 23.162266323109726 ], [ 72.613462820871888, 23.162211854154403 ], [ 72.613521897424249, 23.162151776507461 ], [ 72.613574289791856, 23.162086667879471 ], [ 72.613619494160062, 23.162017154360115 ], [ 72.613657075835363, 23.161943904397873 ], [ 72.61368667342542, 23.161867622372331 ], [ 72.613708002314382, 23.161789041820946 ], [ 72.613720857399699, 23.161708918385383 ], [ 72.61372511506454, 23.161628022545283 ], [ 72.61372073436641, 23.161547132209225 ], [ 72.613707757430888, 23.161467025234298 ], [ 72.613686309046599, 23.16138847194599 ], [ 72.613656595465145, 23.161312227730576 ], [ 72.613634703291211, 23.16126971193632 ], [ 72.613622109330322, 23.161191526564195 ], [ 72.61360075671405, 23.161113022085171 ], [ 72.613583120832189, 23.16106762712446 ], [ 72.613589485373595, 23.16102079061632 ], [ 72.613596174462032, 23.16093752294282 ], [ 72.613593685339552, 23.160854059783315 ], [ 72.613582043444708, 23.160771254121489 ], [ 72.613561367756219, 23.160689952223056 ], [ 72.613550208005933, 23.160660077346016 ], [ 72.613549065334013, 23.160638993877505 ], [ 72.613535759570766, 23.160557701157352 ], [ 72.613513729818877, 23.16047802723503 ], [ 72.61348319433425, 23.160400761469457 ], [ 72.613444455641783, 23.160326669362384 ], [ 72.613397897538277, 23.160256484974155 ], [ 72.613343981289901, 23.160190903650889 ], [ 72.613338915284118, 23.160185871984741 ], [ 72.613338915284118, 23.1601687 ], [ 72.613334589837791, 23.160087747491666 ], [ 72.613321655153371, 23.160007574518268 ], [ 72.613300235793588, 23.159928953158015 ], [ 72.613270538029624, 23.159852640548191 ], [ 72.613232847854817, 23.159779371593689 ], [ 72.613187528230441, 23.159709851889595 ], [ 72.613135015590331, 23.159644750926006 ], [ 72.613075815638027, 23.15958469564054 ], [ 72.612925615638034, 23.1594465950384 ], [ 72.612916846129195, 23.159439166630968 ], [ 72.612881684222785, 23.159386846680054 ], [ 72.612831521811799, 23.159325702654844 ], [ 72.612775414889697, 23.159269093576423 ], [ 72.612625214889704, 23.159130992974283 ], [ 72.612559894806864, 23.159076559448739 ], [ 72.612489086104333, 23.159028274697388 ], [ 72.612413470736058, 23.158986603754403 ], [ 72.612333776948759, 23.158951947956254 ], [ 72.612250772268084, 23.158924641076233 ], [ 72.612165256106707, 23.158904946109683 ], [ 72.6120780520652, 23.158893052740925 ], [ 72.61199, 23.158889075516306 ], [ 72.6119471, 23.158889075516306 ], [ 72.611854736757977, 23.15889345280117 ], [ 72.611763352537608, 23.158906538257039 ], [ 72.611673915983246, 23.158928193179641 ], [ 72.611587375094587, 23.158958188029423 ], [ 72.611504647178123, 23.158996204864824 ], [ 72.611426609124095, 23.159041840712579 ], [ 72.611354088111597, 23.159094611839361 ], [ 72.61128785284086, 23.159153958879546 ], [ 72.611228605385151, 23.159219252764657 ], [ 72.611204420540091, 23.159252298547841 ], [ 72.61117971171268, 23.159263059806566 ], [ 72.611104028415639, 23.159304836108003 ], [ 72.611033170232076, 23.15935324033191 ], [ 72.610982278116509, 23.159395734045873 ], [ 72.610933543503435, 23.159422551606294 ], [ 72.610862779683998, 23.159470728204504 ], [ 72.610797485772892, 23.159525042941826 ], [ 72.610733085772907, 23.159584143199758 ], [ 72.610678361862369, 23.159639113568748 ], [ 72.610629249710854, 23.159698395175301 ], [ 72.610586149130171, 23.159761505414757 ], [ 72.610549410993229, 23.159827930514684 ], [ 72.610519334377614, 23.159897129717592 ], [ 72.61049616413078, 23.159968539683248 ], [ 72.610453264130783, 23.160126439919221 ], [ 72.610435565740332, 23.160209460090094 ], [ 72.610427197313399, 23.160293709256713 ], [ 72.61042824665266, 23.160378303464203 ], [ 72.610438702748311, 23.16046235513911 ], [ 72.610481602748322, 23.160699054899201 ], [ 72.610500001003274, 23.16077708660173 ], [ 72.610515408364151, 23.160821280730133 ] ] ] } },
{ "type": "Feature", "properties": { "version": 2, "visible": null, "lon": null, "timestamp": 1744061225, "tags": { "type": "multipolygon", "members": [ { "member_id": 366459043, "member_type": "way", "member_role": "outer" }, { "member_id": 366459044, "member_type": "way", "member_role": "inner" } ] }, "changeset": 0.0, "lat": null, "id": 5449576, "natural": "water", "water": null, "wetland": null, "osm_type": "relation", "grassland": null, "reef": null, "Risk": "High" }, "geometry": { "type": "Polygon", "coordinates": [ [ [ 72.491511667889824, 23.036003403400443 ], [ 72.491512800833505, 23.036018358828898 ], [ 72.491526700833489, 23.036125658750965 ], [ 72.491541422374198, 23.036205660773387 ], [ 72.491564595553626, 23.036283949250695 ], [ 72.491595997122772, 23.036359769960132 ], [ 72.491635324560875, 23.036432392454426 ], [ 72.491682198989764, 23.036501117098645 ], [ 72.491736168824119, 23.036565281810237 ], [ 72.491796714121875, 23.036624268437247 ], [ 72.491863251593315, 23.036677508713304 ], [ 72.491935140220562, 23.036724489731938 ], [ 72.492011687433006, 23.036764758887681 ], [ 72.49207271203872, 23.036789913455383 ], [ 72.492105331939598, 23.036807092294357 ], [ 72.492185818847901, 23.036840306934753 ], [ 72.492269457557796, 23.036866097151073 ], [ 72.492355441621399, 23.036884214277297 ], [ 72.49244294197679, 23.036894483630466 ], [ 72.492531114941926, 23.036896806194857 ], [ 72.492619110349423, 23.036891159576605 ], [ 72.492711110349418, 23.036881059638144 ], [ 72.492797976895773, 23.036867519137974 ], [ 72.49288298430028, 23.036846213008381 ], [ 72.492965314871725, 23.036817346190666 ], [ 72.493044176667482, 23.03678119635169 ], [ 72.493118811111302, 23.036738111213182 ], [ 72.493188500290074, 23.036688505207188 ], [ 72.493252573859479, 23.036632855489877 ], [ 72.493261994935125, 23.036622894233485 ], [ 72.493319228552735, 23.036573277750158 ], [ 72.49337718892572, 23.036512095601431 ], [ 72.493428350037092, 23.036445977593722 ], [ 72.493472218673631, 23.036375561123752 ], [ 72.49350837192452, 23.036301525027717 ], [ 72.493531483693815, 23.036238217529544 ], [ 72.493562214891867, 23.03617515368007 ], [ 72.493590224833113, 23.036098249043487 ], [ 72.493609910546269, 23.03601918852987 ], [ 72.493621082527852, 23.035938733207988 ], [ 72.493623633231365, 23.035857657574958 ], [ 72.493617538102598, 23.035776742100676 ], [ 72.493609738102592, 23.035716342056947 ], [ 72.493595039640368, 23.035636297950553 ], [ 72.49357188109316, 23.035557966394826 ], [ 72.49354048577618, 23.035482102735564 ], [ 72.493501156430838, 23.035409438522052 ], [ 72.493454272305456, 23.035340674452652 ], [ 72.493400285498268, 23.03527647361781 ], [ 72.493339716597845, 23.035217455105709 ], [ 72.493273149663082, 23.03516418803223 ], [ 72.49327005998623, 23.035162168917907 ], [ 72.493261806795303, 23.035154122855278 ], [ 72.493195309887497, 23.035100876204378 ], [ 72.493123462521041, 23.035053883262922 ], [ 72.49304695645327, 23.035013596492803 ], [ 72.492966528296094, 23.034980403787284 ], [ 72.492882952423955, 23.034954624736088 ], [ 72.492797033517988, 23.034936507548124 ], [ 72.492709598818337, 23.034926226661522 ], [ 72.492621490159522, 23.03492388106401 ], [ 72.492533555864981, 23.034929493339767 ], [ 72.492280355864978, 23.034957193508522 ], [ 72.492193446330035, 23.034970708858825 ], [ 72.492108394420484, 23.034991997237224 ], [ 72.492026018957617, 23.03502085369022 ], [ 72.491947112995845, 23.035057000402951 ], [ 72.491872436187506, 23.035100089373987 ], [ 72.491802707469631, 23.035149705765889 ], [ 72.491738598142391, 23.035205371899192 ], [ 72.491680725406354, 23.035266551851482 ], [ 72.491629646420449, 23.035332656617108 ], [ 72.491585852938073, 23.035403049778065 ], [ 72.49154976657276, 23.03547705363119 ], [ 72.491521734739266, 23.035553955712878 ], [ 72.491502027308798, 23.035633015658423 ], [ 72.491490834010989, 23.035713472329856 ], [ 72.491488262607191, 23.035794551143837 ], [ 72.49149433785314, 23.035875471528826 ], [ 72.491508837853132, 23.035987971447529 ], [ 72.491511667889824, 23.036003403400443 ] ] ] } },
{ "type": "Feature", "properties": { "version": 1, "visible": null, "lon": null, "timestamp": 1638344346, "tags": { "addr:postcode": "380060", "name": "Lapkaman Lake", "type": "multipolygon", "members": [ { "member_id": 1008019381, "member_type": "way", "member_role": "outer" }, { "member_id": 1008019383, "member_type": "way", "member_role": "inner" } ] }, "changeset": 0.0, "lat": null, "id": 13498663, "natural": "water", "water": "lake", "wetland": null, "osm_type": "relation", "grassland": null, "reef": null, "Risk": "High" }, "geometry": { "type": "Polygon", "coordinates": [ [ [ 72.497015694465048, 23.13040245155814 ], [ 72.496899294465067, 23.130572952116506 ], [ 72.496864023328698, 23.130629447312131 ], [ 72.496833702607574, 23.130688322639905 ], [ 72.496764002607577, 23.130838723003077 ], [ 72.496730837492791, 23.130922579204785 ], [ 72.496707700912737, 23.131009235682708 ], [ 72.496694862802443, 23.131097681409379 ], [ 72.496692472944432, 23.131186884484038 ], [ 72.496700272944409, 23.131430784439882 ], [ 72.496707276854195, 23.13151225987248 ], [ 72.496723001198987, 23.131592700069579 ], [ 72.496747292067482, 23.131671317677934 ], [ 72.496799292067479, 23.131812617398946 ], [ 72.496828140994154, 23.131880881273137 ], [ 72.496915340994164, 23.132062880821152 ], [ 72.496929420370762, 23.132090841357545 ], [ 72.496952511308351, 23.132134541714453 ], [ 72.496979150173047, 23.132239374882758 ], [ 72.497000743015235, 23.132310024612622 ], [ 72.497029068931013, 23.132378633255389 ], [ 72.497063904373647, 23.132444659358498 ], [ 72.497104974423493, 23.132507581851335 ], [ 72.497151954957715, 23.132566904157347 ], [ 72.497231154957731, 23.132658103806811 ], [ 72.497289476822601, 23.13271888840983 ], [ 72.497353996309343, 23.132774123762491 ], [ 72.497503196309339, 23.132889823217692 ], [ 72.497561015395434, 23.132931074333236 ], [ 72.49770691539544, 23.133026673853671 ], [ 72.497745211723426, 23.13305042610013 ], [ 72.497890807016887, 23.133135803072559 ], [ 72.497954310555585, 23.133180125170526 ], [ 72.49802325212211, 23.133223742980586 ], [ 72.4980963082306, 23.133261272104136 ], [ 72.498172844917605, 23.133292386877635 ], [ 72.498252198016033, 23.133316817299065 ], [ 72.498426198016048, 23.133362217030033 ], [ 72.49850725233479, 23.133379678284953 ], [ 72.498589716371256, 23.133390164485331 ], [ 72.498672881915482, 23.133393585576187 ], [ 72.498756034732864, 23.133389912177371 ], [ 72.498941034732852, 23.133373812276101 ], [ 72.499063342587903, 23.133355268201999 ], [ 72.499259942587898, 23.133312468458534 ], [ 72.499349281588593, 23.133288462779362 ], [ 72.499435439975542, 23.133256085210277 ], [ 72.499517492829511, 23.133215683321932 ], [ 72.499594559304555, 23.133167690825793 ], [ 72.499665812084032, 23.133112622918453 ], [ 72.499730486261925, 23.133051070751311 ], [ 72.499787887554206, 23.132983695084857 ], [ 72.499837399752025, 23.132911219195694 ], [ 72.499908899752015, 23.13279341954933 ], [ 72.499944266937291, 23.132728622600293 ], [ 72.499973319777581, 23.132661223506204 ], [ 72.499995834490178, 23.132591741412487 ], [ 72.500011637653017, 23.132520711509791 ], [ 72.500045837653019, 23.132323211701088 ], [ 72.50005630111869, 23.132226233797088 ], [ 72.500062501118705, 23.132083333832188 ], [ 72.500062500414217, 23.132017449926686 ], [ 72.50006035412629, 23.13196800581386 ], [ 72.500078972394419, 23.131847574761832 ], [ 72.50007913104244, 23.131846543895708 ], [ 72.500089302128472, 23.131780152495754 ], [ 72.500136074447795, 23.131681633320969 ], [ 72.500157324038128, 23.131632669843071 ], [ 72.500199824038134, 23.131524870069381 ], [ 72.500227416514406, 23.131441353351189 ], [ 72.50024527243427, 23.131355625457381 ], [ 72.50025415368691, 23.131296117222572 ], [ 72.500267890105235, 23.131262729772722 ], [ 72.500293256583561, 23.13119145474537 ], [ 72.500311489599127, 23.131118357863553 ], [ 72.500322438884993, 23.131044041550894 ], [ 72.500326014202884, 23.130969118281907 ], [ 72.500322186086919, 23.130894205534318 ], [ 72.500310986086419, 23.130819920700183 ], [ 72.500285986086411, 23.130695820560959 ], [ 72.500264972740325, 23.130614645513198 ], [ 72.500235161821522, 23.130535833937824 ], [ 72.500196857484013, 23.130460189936279 ], [ 72.500150450538229, 23.130388485293107 ], [ 72.500096414463727, 23.130321451601361 ], [ 72.499961414463726, 23.130170551010888 ], [ 72.499902409202008, 23.130110801837212 ], [ 72.499837345292917, 23.130056632961491 ], [ 72.499766843807109, 23.130008561462418 ], [ 72.499613243807104, 23.12991416097903 ], [ 72.499523573665883, 23.129865710007621 ], [ 72.499346273665864, 23.129782209549887 ], [ 72.499261612290496, 23.129747288875855 ], [ 72.499173485519535, 23.129720585537285 ], [ 72.498917485519542, 23.12965628515526 ], [ 72.49882769553237, 23.129638215037765 ], [ 72.498736367663952, 23.129628677199271 ], [ 72.49864445804559, 23.129627771495308 ], [ 72.498437658045574, 23.129635471542688 ], [ 72.498334628862864, 23.129644798274494 ], [ 72.498233450754327, 23.129664964188692 ], [ 72.497978350754323, 23.129730164575591 ], [ 72.497891802555102, 23.12975670721541 ], [ 72.497808628263257, 23.129791185915764 ], [ 72.497631128263279, 23.129874986374901 ], [ 72.497545267195122, 23.129921218555513 ], [ 72.497465492448981, 23.129975899156104 ], [ 72.497392782663567, 23.130038357371113 ], [ 72.497338620853185, 23.130090338394275 ], [ 72.49716990321852, 23.130232384391419 ], [ 72.497113037325079, 23.130284755386292 ], [ 72.497061496514974, 23.130341596516395 ], [ 72.497015694465048, 23.13040245155814 ] ] ] } },
{ "type": "Feature", "properties": { "version": 1, "visible": null, "lon": null, "timestamp": 1718025197, "tags": { "type": "multipolygon", "members": [ { "member_id": 1290938416, "member_type": "way", "member_role": "outer" }, { "member_id": 1290938415, "member_type": "way", "member_role": "inner" } ] }, "changeset": 0.0, "lat": null, "id": 17699329, "natural": "water", "water": "pond", "wetland": null, "osm_type": "relation", "grassland": null, "reef": null, "Risk": "High" }, "geometry": { "type": "Polygon", "coordinates": [ [ [ 72.66140856565552, 23.0130865522076 ], [ 72.66141926565551, 23.013166852147688 ], [ 72.661432889871293, 23.013241002714185 ], [ 72.661453777656831, 23.013313707140213 ], [ 72.661481756212382, 23.013384363962107 ], [ 72.661516594077995, 23.013452388656383 ], [ 72.66155800304827, 23.013517218475265 ], [ 72.661605640556616, 23.013578317102013 ], [ 72.661645840556616, 23.013625216923955 ], [ 72.661706030031397, 23.013688527794457 ], [ 72.661772897625951, 23.013745881505013 ], [ 72.661845751090098, 23.013796684306335 ], [ 72.661923836204636, 23.01384041026752 ], [ 72.662006344589415, 23.013876606720387 ], [ 72.662092422072192, 23.013904898945505 ], [ 72.662181177531409, 23.013924994051216 ], [ 72.662271692121649, 23.013936684005611 ], [ 72.662363028786018, 23.013939847790041 ], [ 72.662454241957008, 23.013934452651849 ], [ 72.662501241957031, 23.013929452682294 ], [ 72.662585629114417, 23.013916703980435 ], [ 72.662668316817829, 23.013896627448236 ], [ 72.662748555722544, 23.013869405022973 ], [ 72.662825618675726, 23.013835283399494 ], [ 72.662898807306149, 23.013794571794698 ], [ 72.662967458352995, 23.01374763914551 ], [ 72.663030949676624, 23.013694910765658 ], [ 72.663088705896598, 23.013636864491531 ], [ 72.663140203606005, 23.013574026352138 ], [ 72.663184976114692, 23.013506965802243 ], [ 72.663221051408257, 23.01344667439875 ], [ 72.663263826577847, 23.013375282951706 ], [ 72.663303922080843, 23.013299458783976 ], [ 72.663335417925666, 23.01322026992025 ], [ 72.663340486218559, 23.01320191560011 ], [ 72.663343273799228, 23.013198510871668 ], [ 72.663386491668518, 23.013134261252489 ], [ 72.663423155934879, 23.013066648223504 ], [ 72.663452960346007, 23.012996236543842 ], [ 72.663475655949114, 23.012923614350175 ], [ 72.663491053170432, 23.01284938824416 ], [ 72.663499153170434, 23.012797588289384 ], [ 72.663507506511806, 23.012714877608232 ], [ 72.663506801070994, 23.012631812828172 ], [ 72.663497043968221, 23.012549232345176 ], [ 72.663478333684637, 23.01246796966862 ], [ 72.663450859068305, 23.012388845008356 ], [ 72.663414897428169, 23.012312656995977 ], [ 72.663370811735021, 23.012240174623827 ], [ 72.663319046957994, 23.012172129483144 ], [ 72.663260125573345, 23.012109208379602 ], [ 72.663194642290975, 23.01205204640096 ], [ 72.663123258051783, 23.012001220506566 ], [ 72.663092358051784, 23.011981420406968 ], [ 72.663023760350683, 23.011941571786291 ], [ 72.662951536910299, 23.011907581200415 ], [ 72.662876276637121, 23.011879725811479 ], [ 72.662798593199824, 23.01185823275485 ], [ 72.662719120025457, 23.011843277286971 ], [ 72.662617220025453, 23.011828477197362 ], [ 72.662523361848159, 23.011819463775389 ], [ 72.66242899425562, 23.011819562724337 ], [ 72.662335158633567, 23.011828772952228 ], [ 72.662242890497183, 23.011846992818526 ], [ 72.662153208063799, 23.011874021255807 ], [ 72.662067101016433, 23.011909559988823 ], [ 72.66201480101644, 23.011934260123521 ], [ 72.661994971943699, 23.011943914712731 ], [ 72.661935971943691, 23.011973514872025 ], [ 72.661856492256717, 23.012018467095409 ], [ 72.661782505938703, 23.012070763466035 ], [ 72.661714810845865, 23.012129840020304 ], [ 72.661654136990919, 23.012195059677964 ], [ 72.661601138670662, 23.012265719112623 ], [ 72.661562238670669, 23.01232381929945 ], [ 72.661516867761165, 23.012400344465128 ], [ 72.661480503034625, 23.012480841174931 ], [ 72.661444303034614, 23.012574641367372 ], [ 72.66142020303414, 23.012647591809873 ], [ 72.661403506746993, 23.012722275434822 ], [ 72.661394356161395, 23.012798057116878 ], [ 72.661392829095547, 23.012874292393679 ], [ 72.661394129095541, 23.01291749238635 ], [ 72.66139676481589, 23.012961892831321 ], [ 72.661404864815907, 23.013053192785772 ], [ 72.66140856565552, 23.0130865522076 ] ] ] } }
]
}
