{
"type": "FeatureCollection",
"name": "low_risk",
"crs": { "type": "name", "properties": { "name": "urn:ogc:def:crs:OGC:1.3:CRS84" } },
"features": [
{ "type": "Feature", "properties": { "version": 19, "visible": null, "lon": null, "timestamp": 1618003081, "tags": { "visible": false }, "changeset": null, "lat": null, "id": 29328587, "natural": "water", "water": "river", "wetland": null, "osm_type": "way", "grassland": null, "reef": null, "Risk": "Low" }, "geometry": { "type": "Polygon", "coordinates": [ [ [ 72.645283081537997, 23.124493178058042 ], [ 72.645239641379376, 23.124773093677454 ], [ 72.645197401300692, 23.125044909268127 ], [ 72.645156819569323, 23.125442484138858 ], [ 72.645158171311209, 23.125841803731653 ], [ 72.645201443893569, 23.126239136170909 ], [ 72.645286232908603, 23.12663076818513 ], [ 72.645411745953098, 23.127013039808336 ], [ 72.645576810033759, 23.127382378582155 ], [ 72.645779882529581, 23.127735332939018 ], [ 72.64601906560857, 23.12806860445459 ], [ 72.646292123964045, 23.128379078668182 ], [ 72.646596505704963, 23.128663854183333 ], [ 72.646929366204787, 23.128920269776835 ], [ 72.647287594686205, 23.12914592926299 ], [ 72.647667843293206, 23.129338723881126 ], [ 72.64806655837873, 23.129496851997168 ], [ 72.648478558378727, 23.129638947900439 ], [ 72.648962484409665, 23.129777755119392 ], [ 72.649460336423004, 23.129865532509296 ], [ 72.657803036423005, 23.130891701189885 ], [ 72.657826307469975, 23.130894506671112 ], [ 72.664976007469988, 23.131738980878499 ], [ 72.665451897592547, 23.131771684797588 ], [ 72.666653597592529, 23.131795384067953 ], [ 72.667196774343594, 23.131775839817326 ], [ 72.668312574343602, 23.131673242961043 ], [ 72.668647294398426, 23.131630719276057 ], [ 72.668977591037091, 23.131565175882173 ], [ 72.670153491037084, 23.13128888412546 ], [ 72.670433456808112, 23.131214122786183 ], [ 72.671592156808117, 23.130866832954013 ], [ 72.672038365883054, 23.130708462488936 ], [ 72.672956765883058, 23.130329673131566 ], [ 72.672984908638796, 23.13031795871365 ], [ 72.688667919514657, 23.123729895314167 ], [ 72.698534339492653, 23.119621473752002 ], [ 72.699123971398961, 23.11944075398727 ], [ 72.699759184659825, 23.119310941289694 ], [ 72.70024314684207, 23.119273822998029 ], [ 72.700942694019659, 23.119289920442228 ], [ 72.716777385364182, 23.120220776793815 ], [ 72.716858141864464, 23.120224853067963 ], [ 72.718166941864467, 23.120280051370756 ], [ 72.718502254364111, 23.120282669275269 ], [ 72.7238415543641, 23.120140973634804 ], [ 72.723881561221134, 23.120139747810295 ], [ 72.726592761221141, 23.120045550707577 ], [ 72.727174816827855, 23.119990247955741 ], [ 72.72831891682786, 23.119811653375258 ], [ 72.728735630100729, 23.119727706607566 ], [ 72.729561830100721, 23.119523012690976 ], [ 72.729654381817411, 23.119499102773602 ], [ 72.732418681817407, 23.118755524739502 ], [ 72.73284230222616, 23.118620118914638 ], [ 72.733249128702397, 23.118446535408221 ], [ 72.733494228702398, 23.118327938638551 ], [ 72.733870449938166, 23.118123823302916 ], [ 72.73422333423504, 23.11788706323048 ], [ 72.734549544177611, 23.117619897421509 ], [ 72.734845994624024, 23.1173248524324 ], [ 72.735109881883957, 23.117004718487244 ], [ 72.735338710234501, 23.116662523095751 ], [ 72.735530315523647, 23.116301502426818 ], [ 72.735682885637715, 23.115925070708229 ], [ 72.7357949776396, 23.115536787941689 ], [ 72.735865531415314, 23.115140326238258 ], [ 72.735893879700058, 23.114739435092574 ], [ 72.735879754388947, 23.11433790592389 ], [ 72.735823289072655, 23.113939536219515 ], [ 72.735725017773802, 23.113548093619499 ], [ 72.735613449658416, 23.113185194291756 ], [ 72.735501381525552, 23.11282059491414 ], [ 72.735360999936859, 23.112436824003204 ], [ 72.735180443616258, 23.11206753546459 ], [ 72.734961447176133, 23.111716277202913 ], [ 72.734706114524656, 23.111386423925691 ], [ 72.734416898653635, 23.111081144716483 ], [ 72.734096578072368, 23.110803372582858 ], [ 72.733748230114472, 23.110555776272111 ], [ 72.733375201373732, 23.11034073462562 ], [ 72.73298107555334, 23.110160313718623 ], [ 72.732569639036981, 23.110016247005138 ], [ 72.732144844512973, 23.109909918659149 ], [ 72.731710773000614, 23.109842350272242 ], [ 72.731271594643559, 23.109814191035625 ], [ 72.730831528647172, 23.109825711501102 ], [ 72.73051782864718, 23.109848112188327 ], [ 72.730034913730307, 23.109906965737775 ], [ 72.729561768650726, 23.11001357407854 ], [ 72.727039812870203, 23.11071714641486 ], [ 72.726282484233877, 23.110899881500583 ], [ 72.72567565834153, 23.11098697541431 ], [ 72.718400829881219, 23.111217552689613 ], [ 72.717664645716539, 23.111187028737586 ], [ 72.712457554197584, 23.110889630122511 ], [ 72.70557503220482, 23.110474780167678 ], [ 72.701360061847467, 23.110220707654431 ], [ 72.700614761499224, 23.110167442711784 ], [ 72.700272428740547, 23.110155030651143 ], [ 72.699930063233836, 23.110166653519769 ], [ 72.699131763233837, 23.110221855213609 ], [ 72.6988693324883, 23.110247150942428 ], [ 72.697976732488314, 23.110357654312395 ], [ 72.697527453945199, 23.110434855703907 ], [ 72.696669153945194, 23.110624361374224 ], [ 72.696373648213395, 23.110699504110933 ], [ 72.695360848213411, 23.110991612687908 ], [ 72.694859006892614, 23.111167289995649 ], [ 72.693693810236269, 23.111650368013827 ], [ 72.693202110236285, 23.111854273734078 ], [ 72.693184217980189, 23.111861736913738 ], [ 72.680651178205082, 23.117119814422153 ], [ 72.667983769564316, 23.122440048484854 ], [ 72.667504377703281, 23.122589610348236 ], [ 72.6672683700166, 23.122634070181451 ], [ 72.666833424342315, 23.122678551422567 ], [ 72.666356266311794, 23.122700903823926 ], [ 72.665913200018636, 23.122679936554029 ], [ 72.656697618917718, 23.121635043874942 ], [ 72.655091584105961, 23.121436759498092 ], [ 72.653900868404961, 23.121289833401466 ], [ 72.653824946151289, 23.121279330837595 ], [ 72.653746446151317, 23.121268530508768 ], [ 72.653683560603554, 23.121260296141685 ], [ 72.650820560603549, 23.120904385283698 ], [ 72.650361317623606, 23.120869234141274 ], [ 72.649900575480089, 23.120877544193572 ], [ 72.64944318418965, 23.120929227956534 ], [ 72.648953884189652, 23.121008130349036 ], [ 72.648530912444144, 23.121095878468715 ], [ 72.648119111541476, 23.121220726168055 ], [ 72.64772231914823, 23.121381509861255 ], [ 72.647344233063237, 23.121576731042296 ], [ 72.646988376757022, 23.121804570254572 ], [ 72.646658066535707, 23.122062904052228 ], [ 72.646356380635567, 23.12234932479501 ], [ 72.646086130536375, 23.122661163091866 ], [ 72.645849834760483, 23.122995512683982 ], [ 72.645649695402099, 23.123349257535061 ], [ 72.645487577605607, 23.123719100876173 ], [ 72.64536499218373, 23.124101595934302 ], [ 72.645283081537997, 23.124493178058042 ] ] ] } },
{ "type": "Feature", "properties": { "version": 11, "visible": null, "lon": null, "timestamp": 1618003081, "tags": { "visible": false }, "changeset": null, "lat": null, "id": 29329061, "natural": "water", "water": "canal", "wetland": null, "osm_type": "way", "grassland": null, "reef": null, "Risk": "Low" }, "geometry": { "type": "Polygon", "coordinates": [ [ [ 72.731385645436688, 23.109626537287319 ], [ 72.731293003220145, 23.109661631390221 ], [ 72.730913548543668, 23.109846125250812 ], [ 72.730554972720171, 23.110063088985424 ], [ 72.730220550103851, 23.110310541226038 ], [ 72.729913334492608, 23.110586222187532 ], [ 72.729636131242117, 23.110887614308908 ], [ 72.729391471648597, 23.1112119652486 ], [ 72.729181589834127, 23.111556313023556 ], [ 72.72900840234567, 23.111917513062416 ], [ 72.728873490653925, 23.112292266925468 ], [ 72.728778086712239, 23.112677152428997 ], [ 72.728723061706745, 23.113068654898743 ], [ 72.728708918101219, 23.113463199266953 ], [ 72.728735785048727, 23.113857182719826 ], [ 72.728803417212305, 23.114247007597207 ], [ 72.728911197005303, 23.114629114244075 ], [ 72.729032129158554, 23.114986610407573 ], [ 72.72915136134074, 23.115339206630523 ], [ 72.729305798639828, 23.115726542029893 ], [ 72.729501472994357, 23.116097777181242 ], [ 72.729736432770139, 23.11644920957502 ], [ 72.730008334504561, 23.116777334232452 ], [ 72.730314466280035, 23.117078878657129 ], [ 72.730651774772411, 23.117350835467231 ], [ 72.7310168957044, 23.117590492383332 ], [ 72.731406187400538, 23.117795459272902 ], [ 72.731815767108884, 23.117963691982126 ], [ 72.732241549727064, 23.118093512717529 ], [ 72.732679288546791, 23.11818362677456 ], [ 72.733124617609874, 23.118233135446268 ], [ 72.733573095253902, 23.118241544983753 ], [ 72.734020248412875, 23.11820877151893 ], [ 72.734082352956378, 23.118198411175019 ], [ 72.734355186763224, 23.118180911947842 ], [ 72.734767571775421, 23.11811865386478 ], [ 72.735171880266776, 23.118021415521476 ], [ 72.743135061680803, 23.115737315675926 ], [ 72.74904580121968, 23.114214309829645 ], [ 72.749099330342645, 23.114200187301467 ], [ 72.762051230342621, 23.110702990552767 ], [ 72.762062682213468, 23.110699883132721 ], [ 72.773233381761528, 23.107653872938538 ], [ 72.784572146729829, 23.104585138170965 ], [ 72.786880672947774, 23.103964235226467 ], [ 72.788061184517119, 23.103682199780909 ], [ 72.795791642412084, 23.102095971802861 ], [ 72.802696928442941, 23.100691550712735 ], [ 72.802809823164111, 23.100667179500928 ], [ 72.804123023164109, 23.100367188455134 ], [ 72.804553149899107, 23.1002476271122 ], [ 72.805729049899114, 23.099860738315613 ], [ 72.806112246640808, 23.099715999449533 ], [ 72.806479316635418, 23.099539402811605 ], [ 72.807303316635426, 23.099097314555703 ], [ 72.807394585621779, 23.099047005248121 ], [ 72.814805835907407, 23.094851172491328 ], [ 72.817606440736, 23.093305525256547 ], [ 72.817922720465077, 23.093166375669401 ], [ 72.81805353499594, 23.09312821790186 ], [ 72.818374769659584, 23.093074793202643 ], [ 72.818859256487443, 23.093035674962458 ], [ 72.819147399470026, 23.093046724766459 ], [ 72.819498082601868, 23.093095799370438 ], [ 72.81972626884712, 23.093146984957361 ], [ 72.819996437095426, 23.093243023734992 ], [ 72.820788203783565, 23.093613448288572 ], [ 72.821202145319958, 23.09378349782121 ], [ 72.821632613326827, 23.09391429795896 ], [ 72.82207522247748, 23.094004516311681 ], [ 72.822525463759121, 23.094053233876139 ], [ 72.822782963759124, 23.094069033391428 ], [ 72.823225567953074, 23.094076080081944 ], [ 72.823666776667551, 23.09404301583529 ], [ 72.824102304342134, 23.0939701617826 ], [ 72.824527920597589, 23.093858225507905 ], [ 72.824939491326532, 23.093708294177649 ], [ 72.825333018849037, 23.09352182398456 ], [ 72.825704680742874, 23.093300626008112 ], [ 72.826050866971656, 23.093046848628823 ], [ 72.826368214949923, 23.092762956667002 ], [ 72.82665364220469, 23.092451707448213 ], [ 72.826904376316179, 23.092116124027815 ], [ 72.827117981847053, 23.091759465834247 ], [ 72.827277959334566, 23.091458100691842 ], [ 72.827478236789929, 23.091080936561092 ], [ 72.827647659130449, 23.090719077796624 ], [ 72.827778842458429, 23.090344018691905 ], [ 72.827870593905445, 23.089959169616169 ], [ 72.827922079162676, 23.08956802998733 ], [ 72.827932830067425, 23.089174156453776 ], [ 72.827902748860225, 23.088781130554693 ], [ 72.827832109073711, 23.088392526152898 ], [ 72.827721553045393, 23.088011876936399 ], [ 72.827572086076799, 23.087642644284102 ], [ 72.82738506729207, 23.087288185788054 ], [ 72.827162197279293, 23.08695172471845 ], [ 72.826905502626872, 23.086636320709331 ], [ 72.826617317495348, 23.086344841931535 ], [ 72.826488517495378, 23.086226439356938 ], [ 72.826203882427322, 23.085986369816069 ], [ 72.825897883291262, 23.085769678078243 ], [ 72.825572781937524, 23.08557796597799 ], [ 72.825230981414123, 23.085412650701109 ], [ 72.824158081414126, 23.084946737749622 ], [ 72.823817736987678, 23.084814401705483 ], [ 72.822925136987678, 23.084506492843225 ], [ 72.822426990801176, 23.084364402524656 ], [ 72.821594490801175, 23.084174896870053 ], [ 72.821028726675081, 23.084080976675118 ], [ 72.820058826675094, 23.083978373541907 ], [ 72.819770125311251, 23.083956482609111 ], [ 72.818911825311233, 23.083916981396428 ], [ 72.818343286110874, 23.083923964528548 ], [ 72.817450586110866, 23.083987066462491 ], [ 72.816913809674773, 23.084055165353497 ], [ 72.815969709674789, 23.084228870589246 ], [ 72.81543006733358, 23.084360717328181 ], [ 72.814606067333585, 23.084613424697412 ], [ 72.814173727430244, 23.084769292174592 ], [ 72.813263927430228, 23.085148302787637 ], [ 72.81275924351651, 23.085395283085283 ], [ 72.810702777570242, 23.086561865614847 ], [ 72.807662030844256, 23.088279859590141 ], [ 72.802202862028693, 23.091364128855499 ], [ 72.801643543960637, 23.091604774251145 ], [ 72.800944000367821, 23.091805850348425 ], [ 72.800181505151514, 23.091986067030088 ], [ 72.797336120764626, 23.092580547889415 ], [ 72.790768435346237, 23.093945052286156 ], [ 72.786017709859294, 23.09492310164995 ], [ 72.785843124420467, 23.094962434225256 ], [ 72.784521324420467, 23.09528614384498 ], [ 72.784434754095429, 23.095308200009587 ], [ 72.777276454095428, 23.097203056010773 ], [ 72.777237310743971, 23.097213594723033 ], [ 72.768913944390789, 23.099492296063286 ], [ 72.7580852885052, 23.1024023260021 ], [ 72.750112482992449, 23.104541549178386 ], [ 72.750095075688122, 23.104546254892302 ], [ 72.740447978844145, 23.107173608718046 ], [ 72.732394842167622, 23.109237958829592 ], [ 72.732021927731793, 23.109349907093097 ], [ 72.731661055423928, 23.109491355066471 ], [ 72.731385645436688, 23.109626537287319 ] ] ] } },
{ "type": "Feature", "properties": { "version": 14, "visible": null, "lon": null, "timestamp": 1618003081, "tags": { "visible": false }, "changeset": null, "lat": null, "id": 29329273, "natural": "water", "water": "canal", "wetland": null, "osm_type": "way", "grassland": null, "reef": null, "Risk": "Low" }, "geometry": { "type": "Polygon", "coordinates": [ [ [ 72.639253938682458, 23.119563211044674 ], [ 72.638327038682448, 23.119492108863508 ], [ 72.638154182580919, 23.119481931342484 ], [ 72.637192882580933, 23.119442430127734 ], [ 72.63658173693517, 23.119455615013138 ], [ 72.635646136935193, 23.119534617434894 ], [ 72.635262048278705, 23.119582495559627 ], [ 72.634498148278695, 23.119708799386306 ], [ 72.634228596053276, 23.119761263792189 ], [ 72.633172896053281, 23.119998070874335 ], [ 72.632611290747974, 23.120160572873672 ], [ 72.631727290747975, 23.120476281933328 ], [ 72.631494733375391, 23.120566329256643 ], [ 72.630644933375379, 23.120921539211629 ], [ 72.630540616623122, 23.120966636911767 ], [ 72.624484481370672, 23.123672563825558 ], [ 72.619217949000245, 23.126015386212686 ], [ 72.619209991813577, 23.126018934838278 ], [ 72.613952120719702, 23.128369622292041 ], [ 72.605372552615094, 23.132188256174853 ], [ 72.605361570755761, 23.132193160913069 ], [ 72.600271770755754, 23.134474224069464 ], [ 72.600213736508806, 23.134500710692368 ], [ 72.596171136508815, 23.136379262337705 ], [ 72.596144629136617, 23.136391681442518 ], [ 72.590185081442286, 23.13920668880008 ], [ 72.584251241940549, 23.141990010125422 ], [ 72.584233068225316, 23.141998582522756 ], [ 72.579357868225316, 23.14431104584699 ], [ 72.579195059861718, 23.144392220924072 ], [ 72.578079259861696, 23.144976236563956 ], [ 72.577902319709381, 23.145073862882391 ], [ 72.577250019709396, 23.145452772753789 ], [ 72.576849391156927, 23.145714751191218 ], [ 72.576257191156927, 23.146148761649986 ], [ 72.576012287083145, 23.146341869983804 ], [ 72.575462887083148, 23.146807580535693 ], [ 72.575351199027978, 23.146905572860533 ], [ 72.573274099027984, 23.148791714218998 ], [ 72.573270130122097, 23.148795322698916 ], [ 72.568119147934397, 23.15348427321889 ], [ 72.56050489980143, 23.160351103939579 ], [ 72.560500406029874, 23.160355162185187 ], [ 72.55632118966669, 23.16413458258922 ], [ 72.555298490088205, 23.165038878872497 ], [ 72.549446640101294, 23.169703697233857 ], [ 72.549427973536751, 23.169718660156594 ], [ 72.547825073536757, 23.171010690123826 ], [ 72.547819564947716, 23.171015137658713 ], [ 72.546596851413, 23.172003956840317 ], [ 72.546268006147443, 23.172210989701075 ], [ 72.545878888035048, 23.172394112252906 ], [ 72.545424517155183, 23.17258802883596 ], [ 72.545074321599941, 23.172702747361051 ], [ 72.544533957947706, 23.172828183935057 ], [ 72.544347805500706, 23.172860135584006 ], [ 72.543960698987831, 23.172874486802943 ], [ 72.543488331177258, 23.17286523588378 ], [ 72.542825911576443, 23.172798858573465 ], [ 72.537954753422724, 23.172133915495223 ], [ 72.531383363446565, 23.171226718176264 ], [ 72.523017575863847, 23.170042887580522 ], [ 72.522634379129215, 23.169988689847198 ], [ 72.514601872961549, 23.168856161163802 ], [ 72.51114160423495, 23.168328614160824 ], [ 72.505821666689286, 23.167445029358145 ], [ 72.505139266689284, 23.167331725919126 ], [ 72.504716847241852, 23.167280469283153 ], [ 72.5042910455753, 23.167266242236582 ], [ 72.50386569344461, 23.167289172819249 ], [ 72.503444618559399, 23.167349054661699 ], [ 72.503016818559402, 23.167429157082616 ], [ 72.502602562028542, 23.167525801086974 ], [ 72.502200172090511, 23.167658205417919 ], [ 72.501813292007284, 23.167825171174886 ], [ 72.501445424613806, 23.168025186514072 ], [ 72.501099900602938, 23.168256440341274 ], [ 72.500779848369277, 23.168516838714844 ], [ 72.500488165684473, 23.168804023809987 ], [ 72.500227493460571, 23.169115395272549 ], [ 72.500000191839163, 23.169448133768647 ], [ 72.499808318822389, 23.169799226516837 ], [ 72.499653611639772, 23.170165494571339 ], [ 72.49953747101921, 23.170543621609141 ], [ 72.49946094850462, 23.170930183960184 ], [ 72.499453060850058, 23.170984622397611 ], [ 72.499420225754974, 23.171129603566197 ], [ 72.499353448626479, 23.171514860465191 ], [ 72.499326516817078, 23.171904190347732 ], [ 72.499339670715273, 23.172294118105022 ], [ 72.499392792911721, 23.172681163322004 ], [ 72.499485409247242, 23.173061871342583 ], [ 72.499616693045127, 23.173432844103829 ], [ 72.499785472489819, 23.173790770464045 ], [ 72.499990241086351, 23.17413245575408 ], [ 72.500229171107094, 23.174454850288154 ], [ 72.500500129905703, 23.17475507658002 ], [ 72.500800698952688, 23.175030455021545 ], [ 72.501128195422865, 23.175278527794802 ], [ 72.501479696141644, 23.175497080804355 ], [ 72.501831596141642, 23.175694275609924 ], [ 72.502188722068354, 23.175874506480838 ], [ 72.502562143194879, 23.17602424794941 ], [ 72.502948787354995, 23.17614226818441 ], [ 72.503345473595459, 23.176227596308657 ], [ 72.505645673595481, 23.176622184341994 ], [ 72.50567597894387, 23.176627284255524 ], [ 72.512130478943888, 23.177692451910648 ], [ 72.512264520071199, 23.177712653991694 ], [ 72.515325524910295, 23.178130405170037 ], [ 72.520873030970122, 23.178894997042221 ], [ 72.52563502770451, 23.179556359758944 ], [ 72.533231927572515, 23.180636232246361 ], [ 72.533254089185206, 23.180639330395849 ], [ 72.540597817774469, 23.18164873617415 ], [ 72.541787547134774, 23.181813963011781 ], [ 72.542071305741231, 23.181844920215944 ], [ 72.542963905741232, 23.181915918033294 ], [ 72.543430884662129, 23.181930636666863 ], [ 72.544392184662115, 23.181914937151234 ], [ 72.544854250024741, 23.181885433804169 ], [ 72.545772650024745, 23.181782836946898 ], [ 72.546095827621997, 23.181735696297338 ], [ 72.547014227622, 23.181570001314487 ], [ 72.547435754357664, 23.181474290479439 ], [ 72.548268254357666, 23.181245497243442 ], [ 72.54864983609923, 23.181123185758988 ], [ 72.549594036099222, 23.180775995705748 ], [ 72.549995046326231, 23.180607096411268 ], [ 72.550673046326239, 23.180283605270599 ], [ 72.550883504678779, 23.18017651872832 ], [ 72.551510104678769, 23.179837227748695 ], [ 72.551916648428488, 23.179588788279251 ], [ 72.552491748428494, 23.179194298034556 ], [ 72.552709492661378, 23.179035050490683 ], [ 72.5543882926614, 23.177727181275277 ], [ 72.55442916087641, 23.177694953833612 ], [ 72.559640176659713, 23.173535538807602 ], [ 72.56065063201298, 23.172739381133589 ], [ 72.560736446548077, 23.172670005840992 ], [ 72.561480137171046, 23.172053181562593 ], [ 72.562076700176021, 23.171585172722086 ], [ 72.562230128003179, 23.171459110294407 ], [ 72.562899628003194, 23.170883123266254 ], [ 72.562980380001889, 23.170811894840558 ], [ 72.567709680001897, 23.166534988876116 ], [ 72.567717100349412, 23.166528262646004 ], [ 72.572094952370605, 23.162550648227821 ], [ 72.576613523266587, 23.15844363680522 ], [ 72.581569027265772, 23.153965943549554 ], [ 72.582557482798137, 23.153092584521456 ], [ 72.582804842501687, 23.152897610954067 ], [ 72.583097553973488, 23.152716006282589 ], [ 72.586110460466443, 23.151261459026905 ], [ 72.591960189692344, 23.14850924818861 ], [ 72.591965981519124, 23.148506518321554 ], [ 72.596412081519134, 23.146407175867243 ], [ 72.596432322214113, 23.146397558890612 ], [ 72.60283276911349, 23.143337538242466 ], [ 72.607669970085837, 23.141175754605442 ], [ 72.612673189080695, 23.138989385754034 ], [ 72.612705786968903, 23.138974992406549 ], [ 72.622808086968902, 23.134468217297439 ], [ 72.622813211403795, 23.13446592748479 ], [ 72.634392367245553, 23.129283423927525 ], [ 72.635362496837047, 23.128872120462606 ], [ 72.636051071242605, 23.128651454895852 ], [ 72.636447752494277, 23.128568877217468 ], [ 72.637000306177839, 23.128517213283331 ], [ 72.637549085727827, 23.128508724493518 ], [ 72.63832481788576, 23.128586747224443 ], [ 72.643432960131577, 23.12918961218698 ], [ 72.64391299398234, 23.129222351767993 ], [ 72.64439408107026, 23.129207662166248 ], [ 72.644986381070268, 23.1291602636202 ], [ 72.645416837121644, 23.129106423930665 ], [ 72.645839624011529, 23.129014594078836 ], [ 72.646250786782488, 23.128885633009624 ], [ 72.646646479214837, 23.128720746983557 ], [ 72.647022999806055, 23.128521478296761 ], [ 72.64737682639651, 23.128289690858381 ], [ 72.647704649117429, 23.128027552760184 ], [ 72.648003401353208, 23.127737516001265 ], [ 72.648270288427753, 23.127422293557135 ], [ 72.648502813747541, 23.127084834007668 ], [ 72.648698802155849, 23.126728293960806 ], [ 72.648856420280282, 23.126356008529918 ], [ 72.648974193683031, 23.125971460140658 ], [ 72.649051020653488, 23.125578245958952 ], [ 72.649097320653482, 23.125251047258939 ], [ 72.649127767225124, 23.124950314288359 ], [ 72.649141567225115, 23.124725014678468 ], [ 72.649144705432931, 23.12431904301566 ], [ 72.649104494348151, 23.123914747619313 ], [ 72.649021322401111, 23.123516033927764 ], [ 72.648895993014747, 23.12312675349531 ], [ 72.648729716843675, 23.122750666784448 ], [ 72.648524100079541, 23.122391406836851 ], [ 72.648281128935565, 23.122052444174123 ], [ 72.64800315046017, 23.121737053267577 ], [ 72.647692849864995, 23.121448280901181 ], [ 72.647353224586269, 23.121188916733473 ], [ 72.646987555330355, 23.120961466343143 ], [ 72.64659937438276, 23.120768127018817 ], [ 72.646192431486995, 23.120610766527324 ], [ 72.64562593148699, 23.120421261044946 ], [ 72.645154461870121, 23.120289980466126 ], [ 72.644670195915666, 23.120206972304747 ], [ 72.639460195915674, 23.119583453271098 ], [ 72.639253938682458, 23.119563211044674 ] ] ] } },
{ "type": "Feature", "properties": { "version": 9, "visible": null, "lon": null, "timestamp": 1618003081, "tags": { "visible": false }, "changeset": null, "lat": null, "id": 29329527, "natural": "water", "water": "canal", "wetland": null, "osm_type": "way", "grassland": null, "reef": null, "Risk": "Low" }, "geometry": { "type": "Polygon", "coordinates": [ [ [ 72.498917406135675, 23.175481513689814 ], [ 72.502372725505495, 23.176025433486906 ], [ 72.502817214755765, 23.176074592935251 ], [ 72.503264819459844, 23.176082830020853 ], [ 72.50371109268724, 23.176050062916225 ], [ 72.504105992687258, 23.176002764363158 ], [ 72.504528912729555, 23.175933057703048 ], [ 72.50494265255783, 23.175826520808148 ], [ 72.505343426115445, 23.175684128491326 ], [ 72.505727565997788, 23.175507183646324 ], [ 72.506091557011857, 23.175297305329238 ], [ 72.506432068343244, 23.175056413947765 ], [ 72.506745984035774, 23.174786713693347 ], [ 72.507030431505029, 23.174490672376916 ], [ 72.507282807824865, 23.174170998852507 ], [ 72.507500803546293, 23.173830618235026 ], [ 72.507682423830786, 23.173472645138879 ], [ 72.507826006704747, 23.173100355182026 ], [ 72.507930238267875, 23.172717155016063 ], [ 72.507989738267881, 23.172443356670705 ], [ 72.508046620096465, 23.172112087842038 ], [ 72.508072920096467, 23.171904488582864 ], [ 72.508102186394964, 23.171508998942851 ], [ 72.508090067206311, 23.171112750599359 ], [ 72.508036674219127, 23.170719395326714 ], [ 72.507942499495101, 23.170332558269038 ], [ 72.507808410934274, 23.169955804529952 ], [ 72.507635644276547, 23.169592606314481 ], [ 72.507425791713317, 23.169246310926077 ], [ 72.507180787214125, 23.168920109913831 ], [ 72.50690288870338, 23.168617009654366 ], [ 72.506594657251767, 23.16833980363975 ], [ 72.506258933473759, 23.168091046726985 ], [ 72.505898811348956, 23.167873031586648 ], [ 72.505478211348958, 23.16764422551309 ], [ 72.505098391863996, 23.167459556978471 ], [ 72.504701117331294, 23.167309098397538 ], [ 72.504290023124639, 23.167194226701692 ], [ 72.503868871078694, 23.167115993149778 ], [ 72.500511241964929, 23.166644650513344 ], [ 72.498003196012775, 23.166276110084986 ], [ 72.497631825588115, 23.166236030551051 ], [ 72.49683362558811, 23.166180728850268 ], [ 72.496456307061962, 23.166169215067903 ], [ 72.495486407061946, 23.166177115311552 ], [ 72.494956459062379, 23.166210309164452 ], [ 72.493814959062391, 23.166344513270133 ], [ 72.493394529169379, 23.166412748446184 ], [ 72.492407429169376, 23.166617854616472 ], [ 72.491904594367014, 23.1667510691878 ], [ 72.491003394367013, 23.167043077681978 ], [ 72.490643040932184, 23.167176206177949 ], [ 72.489638840932187, 23.167594417927596 ], [ 72.489278699676746, 23.167762741603187 ], [ 72.487338899676743, 23.168772768710912 ], [ 72.487244845601879, 23.168823134625349 ], [ 72.485811445601882, 23.169612255508163 ], [ 72.485367888490103, 23.169890867774583 ], [ 72.484071888490107, 23.17081409028572 ], [ 72.483816245606505, 23.171010575071858 ], [ 72.48357715077799, 23.171223942250624 ], [ 72.482633050777991, 23.172131361599096 ], [ 72.482405433818926, 23.172367579932512 ], [ 72.482198104264441, 23.172619088404222 ], [ 72.481399804264456, 23.173668506957721 ], [ 72.481160234797471, 23.174019751599513 ], [ 72.478930657272329, 23.177685481665698 ], [ 72.475018886417644, 23.184088956730243 ], [ 72.475001090367513, 23.184118367860883 ], [ 72.471516290367518, 23.189933154465361 ], [ 72.471477302272589, 23.189999640938808 ], [ 72.468988202272584, 23.194338803421736 ], [ 72.468968481359283, 23.194373581021438 ], [ 72.466350681359287, 23.199043947071203 ], [ 72.466347640890177, 23.199049381292628 ], [ 72.465025840890164, 23.201416114672281 ], [ 72.465017791164144, 23.201430598036133 ], [ 72.461631096956012, 23.207553664795721 ], [ 72.45976413365409, 23.210899573908907 ], [ 72.459532835349293, 23.211297028783754 ], [ 72.45933121325136, 23.211552241032333 ], [ 72.459061914170917, 23.21185652007906 ], [ 72.458755885471305, 23.212125727335621 ], [ 72.454347338667986, 23.215583103878981 ], [ 72.454340724312985, 23.215588301265541 ], [ 72.446623912172413, 23.221663734056349 ], [ 72.438349131199061, 23.22811740995396 ], [ 72.438342886563149, 23.228122289173808 ], [ 72.432091880140007, 23.233015434642581 ], [ 72.424699392176919, 23.238760220587903 ], [ 72.424679609841633, 23.23877568369538 ], [ 72.423274049338303, 23.239880804897776 ], [ 72.42304547245017, 23.240021746156931 ], [ 72.422555394623856, 23.24025664485065 ], [ 72.416606735890042, 23.242834396610444 ], [ 72.411572084546066, 23.244982131823264 ], [ 72.411176006823709, 23.245173685601998 ], [ 72.410802645017014, 23.245400508771823 ], [ 72.410455706789605, 23.245660348695147 ], [ 72.410138637406206, 23.245950624850831 ], [ 72.409854585519454, 23.246268454467305 ], [ 72.409606371902171, 23.246610681157392 ], [ 72.40939646143589, 23.246973906270092 ], [ 72.409226938633253, 23.247354522647711 ], [ 72.409099486937819, 23.247748750452903 ], [ 72.409015372006678, 23.248152674709509 ], [ 72.408975429141847, 23.248562284184281 ], [ 72.408980054995368, 23.248973511223081 ], [ 72.409029203630226, 23.249382272146047 ], [ 72.409122386976705, 23.249784507800321 ], [ 72.409258679678985, 23.250176223867779 ], [ 72.409436728284518, 23.250553530527512 ], [ 72.409797228284503, 23.251223821338446 ], [ 72.410008564880101, 23.25157309112538 ], [ 72.410255678620473, 23.251901941990468 ], [ 72.410536252332406, 23.252207290477504 ], [ 72.410847655090194, 23.252486273519711 ], [ 72.411186966885722, 23.252736275280157 ], [ 72.411551006009191, 23.252954951673857 ], [ 72.411936358883921, 23.253140252341854 ], [ 72.412339412075227, 23.253290439871339 ], [ 72.412756386173442, 23.253404106081994 ], [ 72.413183371233245, 23.2534801852259 ], [ 72.413616363437015, 23.253517963977455 ], [ 72.414051302638498, 23.253517088119807 ], [ 72.414484110434472, 23.253477565865058 ], [ 72.414910728407847, 23.253399767777339 ], [ 72.415327156183139, 23.253284423299274 ], [ 72.415729488937913, 23.253132613914548 ], [ 72.426758688937909, 23.248385246942853 ], [ 72.426970684899203, 23.2482876438186 ], [ 72.427837584899208, 23.247861855436959 ], [ 72.42817015132853, 23.247681200229213 ], [ 72.428710951328526, 23.24735780861533 ], [ 72.42902891854105, 23.247149028545177 ], [ 72.42962111854105, 23.246723238919966 ], [ 72.429762783950849, 23.246617040269872 ], [ 72.433547883950851, 23.243659609971065 ], [ 72.433554356311575, 23.243654543126848 ], [ 72.44298976057695, 23.236253720332293 ], [ 72.449515446914262, 23.23117122395691 ], [ 72.449526763064142, 23.231162380674849 ], [ 72.455260263064162, 23.226666686407899 ], [ 72.45526826584593, 23.226660396328487 ], [ 72.461941161258551, 23.221403026463246 ], [ 72.464906245559945, 23.219079875916549 ], [ 72.464976398065119, 23.219023747689807 ], [ 72.465594398065136, 23.218518859351295 ], [ 72.465862815935523, 23.218280498491229 ], [ 72.466377715935522, 23.217783609080939 ], [ 72.466622837168387, 23.217526540734511 ], [ 72.467120737168386, 23.21695855174606 ], [ 72.467414180466079, 23.216582445435385 ], [ 72.467877680466074, 23.215911956545831 ], [ 72.46797700748192, 23.215761259923518 ], [ 72.468363207481929, 23.215146069423348 ], [ 72.468469427536832, 23.214966765140762 ], [ 72.472424170342336, 23.207878852232898 ], [ 72.476987083323124, 23.199740755267413 ], [ 72.481444843779244, 23.192269226662084 ], [ 72.481488614129489, 23.192194030483954 ], [ 72.48452385346657, 23.186847440745687 ], [ 72.487966929077615, 23.181220755486152 ], [ 72.489587842060004, 23.17856757890387 ], [ 72.489846302738428, 23.178194863264316 ], [ 72.490052348269046, 23.177950860218722 ], [ 72.490358359118247, 23.177669546723155 ], [ 72.490878532040341, 23.177289677870508 ], [ 72.491904642503073, 23.176699355699213 ], [ 72.493784212679202, 23.175729217421935 ], [ 72.49438381072666, 23.17546325435212 ], [ 72.494909025820078, 23.175300832891192 ], [ 72.495338243791778, 23.175198855232402 ], [ 72.495668298603135, 23.175146566098892 ], [ 72.496082616694977, 23.175121850796852 ], [ 72.496662247903046, 23.175152715137809 ], [ 72.497515958564662, 23.175263048444254 ], [ 72.498917406135675, 23.175481513689814 ] ] ] } },
{ "type": "Feature", "properties": { "version": 7, "visible": null, "lon": null, "timestamp": 1618003081, "tags": { "visible": false }, "changeset": null, "lat": null, "id": 29329538, "natural": "water", "water": "canal", "wetland": null, "osm_type": "way", "grassland": null, "reef": null, "Risk": "Low" }, "geometry": { "type": "Polygon", "coordinates": [ [ [ 72.499150079903544, 23.170949109712542 ], [ 72.499144898197329, 23.170990011869197 ], [ 72.49912116173212, 23.171099240095238 ], [ 72.499057070078891, 23.171491341589153 ], [ 72.499034181193053, 23.17188728555033 ], [ 72.499052706120409, 23.172283421180389 ], [ 72.499112474052808, 23.172676095946027 ], [ 72.499212933903195, 23.173061689256407 ], [ 72.499353159386786, 23.173436645844969 ], [ 72.499531857561891, 23.173797508547775 ], [ 72.49974738075133, 23.174140950176255 ], [ 72.49999774173493, 23.174463804190751 ], [ 72.500280632072332, 23.174763093892018 ], [ 72.50059344338807, 23.175036059861906 ], [ 72.500933291421845, 23.175280185400251 ], [ 72.50129704262271, 23.17549321972383 ], [ 72.501681343041824, 23.175673198713518 ], [ 72.502082649257375, 23.175818463018786 ], [ 72.502497261046472, 23.175927673352593 ], [ 72.502789061046471, 23.175990771457737 ], [ 72.503229732638005, 23.176064961300167 ], [ 72.503676251654596, 23.17609842580169 ], [ 72.504124175885508, 23.176090832070066 ], [ 72.504569049140159, 23.176042255644848 ], [ 72.505006445580761, 23.175953179746166 ], [ 72.505432013752824, 23.175824490469125 ], [ 72.505841519875844, 23.175657467971664 ], [ 72.50623088996322, 23.175453773743261 ], [ 72.506596250352388, 23.175215434081114 ], [ 72.506933966242173, 23.174944819937902 ], [ 72.507240677853744, 23.17464462334134 ], [ 72.5075133338554, 23.174317830619874 ], [ 72.507749221718953, 23.173967692700536 ], [ 72.507945994705409, 23.173597692774255 ], [ 72.508101695211479, 23.173211511649871 ], [ 72.508214774245033, 23.172812991141416 ], [ 72.508280974245025, 23.172520692979351 ], [ 72.508335951495368, 23.172224212989974 ], [ 72.508365451495379, 23.172020613819221 ], [ 72.508401733094644, 23.171627380151772 ], [ 72.508397015077662, 23.171232757093289 ], [ 72.508351340540244, 23.170840349253588 ], [ 72.508265126687377, 23.170453741039484 ], [ 72.508139161022413, 23.170076463912483 ], [ 72.507974594153779, 23.169711964128933 ], [ 72.507772929284926, 23.169363571257541 ], [ 72.507536008483655, 23.169034467761708 ], [ 72.507265995856059, 23.168727659925004 ], [ 72.506965357778995, 23.168445950385262 ], [ 72.506636840371428, 23.168191912528499 ], [ 72.506283444410514, 23.167967866976824 ], [ 72.50590839792163, 23.167775860385174 ], [ 72.505515126692671, 23.167617646740894 ], [ 72.505107222981707, 23.16749467133716 ], [ 72.504688412704382, 23.167408057566782 ], [ 72.504386712704388, 23.167359456090253 ], [ 72.503960045839108, 23.16730993960299 ], [ 72.503530183714943, 23.167298164589656 ], [ 72.503101067049613, 23.16732423900643 ], [ 72.502676629726977, 23.167387923796763 ], [ 72.502260762733499, 23.167488635083647 ], [ 72.501857278487947, 23.167625449524234 ], [ 72.501469875891559, 23.167797112777503 ], [ 72.501102106418628, 23.168002051007232 ], [ 72.500757341558767, 23.16823838531479 ], [ 72.500438741909178, 23.168503948969168 ], [ 72.500149228200044, 23.168796307276107 ], [ 72.499891454519158, 23.169112779903994 ], [ 72.499667783980797, 23.16945046546163 ], [ 72.499480267062111, 23.169806268102281 ], [ 72.499330622805601, 23.170176925909995 ], [ 72.499220223059879, 23.170559040807664 ], [ 72.499150079903544, 23.170949109712542 ] ] ] } },
{ "type": "Feature", "properties": { "version": 14, "visible": null, "lon": null, "timestamp": 1696879081, "tags": { "visible": false, "intermittent": "no", "name": "Kankaria Lake", "wikidata": "Q16384", "wikimedia_commons": "Category:Kankaria Lake", "wikipedia": "en:Kankaria Lake" }, "changeset": null, "lat": null, "id": 29340465, "natural": "water", "water": "lake", "wetland": null, "osm_type": "way", "grassland": null, "reef": null, "Risk": "Low" }, "geometry": { "type": "Polygon", "coordinates": [ [ [ 72.600928125900637, 22.999452346847001 ], [ 72.600867076014126, 22.999453147119535 ], [ 72.600628976014121, 22.999463847446915 ], [ 72.600211114593435, 22.999500704309803 ], [ 72.599798816025611, 22.999573309194552 ], [ 72.599319916025607, 22.999679212348845 ], [ 72.598994391544863, 22.99976324381306 ], [ 72.598676655643288, 22.999869575743002 ], [ 72.598164155643289, 23.000061481188247 ], [ 72.597748784022116, 23.000240276641048 ], [ 72.597355380610907, 23.000457123194995 ], [ 72.59690928061093, 23.00073243019985 ], [ 72.596461323570168, 23.001048151568849 ], [ 72.596314268851131, 23.001165992263513 ], [ 72.596160409160419, 23.001286441680097 ], [ 72.595886086890843, 23.001519976163596 ], [ 72.595633801457751, 23.001773690523908 ], [ 72.595405298841285, 23.002045828783189 ], [ 72.594996598841291, 23.00257683818716 ], [ 72.594722592833179, 23.002980185442198 ], [ 72.594500735793147, 23.003409833946325 ], [ 72.594291735793149, 23.003883039406123 ], [ 72.594175053011071, 23.004179069919285 ], [ 72.594083187257326, 23.004482415914509 ], [ 72.593949987257332, 23.004997319568648 ], [ 72.593858887361279, 23.005469603028704 ], [ 72.593827829270424, 23.005948418627469 ], [ 72.593826929270421, 23.006468818652852 ], [ 72.593841346640517, 23.00680645404886 ], [ 72.593885670213723, 23.007141877254572 ], [ 72.593974470213723, 23.007642274782967 ], [ 72.594095655836966, 23.008134249420909 ], [ 72.594281036285821, 23.00860897458174 ], [ 72.594511536285822, 23.009102368609636 ], [ 72.594784855898951, 23.009594032825806 ], [ 72.595079855898945, 23.010047225688663 ], [ 72.595363982398794, 23.010432660464531 ], [ 72.595693409659745, 23.0107862305494 ], [ 72.596096509659745, 23.011172522349717 ], [ 72.596413029121976, 23.011447794564489 ], [ 72.596757022025756, 23.011693560787855 ], [ 72.597222722025748, 23.011994153246189 ], [ 72.597580308425592, 23.01220254493591 ], [ 72.597957617862932, 23.012379032045551 ], [ 72.598516717862935, 23.012610725571403 ], [ 72.598999684361033, 23.012780820964 ], [ 72.599500691035175, 23.012898694883141 ], [ 72.599951791035195, 23.012979692446915 ], [ 72.600290682634224, 23.01302826250668 ], [ 72.600615282634223, 23.013063161444432 ], [ 72.601060412597732, 23.013090488490445 ], [ 72.601224434983394, 23.01308554043791 ], [ 72.601268809387392, 23.013088210235086 ], [ 72.601471809387405, 23.013090710158476 ], [ 72.601851913504916, 23.013080573987306 ], [ 72.602229723903136, 23.013040881538497 ], [ 72.602602532599477, 23.012971917284553 ], [ 72.603177532599474, 23.012842021150448 ], [ 72.603511006317945, 23.012753989937089 ], [ 72.603836103651915, 23.012642532004904 ], [ 72.604139003651923, 23.01252623529405 ], [ 72.604249536264803, 23.012482186285585 ], [ 72.604499736264785, 23.012378789176118 ], [ 72.604925080620674, 23.012177310677718 ], [ 72.60532473243488, 23.011935338138606 ], [ 72.605721132434894, 23.01166644477172 ], [ 72.606211402420783, 23.011280955091038 ], [ 72.606622902420781, 23.010907163243552 ], [ 72.606933343962936, 23.010594705483893 ], [ 72.607207435570217, 23.010254659348483 ], [ 72.607482035570229, 23.009874765796557 ], [ 72.607706681445364, 23.009528460755497 ], [ 72.607893595641869, 23.009163653901158 ], [ 72.608100295641862, 23.008703259288868 ], [ 72.608192490443543, 23.008479817771931 ], [ 72.608268390443556, 23.008278519794203 ], [ 72.608384804770367, 23.007917445515151 ], [ 72.608465035750982, 23.007548116882745 ], [ 72.608504835750963, 23.007308617992287 ], [ 72.608546773880022, 23.006955098022072 ], [ 72.608573273880026, 23.006584598767798 ], [ 72.608581114087627, 23.006193956963322 ], [ 72.608570214087621, 23.005845656656057 ], [ 72.608537726131274, 23.005454364978714 ], [ 72.608465079287512, 23.005067670224811 ], [ 72.608336279287514, 23.004534266679119 ], [ 72.608232680651042, 23.004180181225735 ], [ 72.608095403954849, 23.003835937344494 ], [ 72.607878103954846, 23.003357731691292 ], [ 72.607699229096539, 23.003010392844637 ], [ 72.607486082557443, 23.002679845879815 ], [ 72.607166982557445, 23.002233638363808 ], [ 72.606905811069453, 23.001904912392995 ], [ 72.606610772077488, 23.001601432320292 ], [ 72.6062189720775, 23.001236324460287 ], [ 72.605878410530224, 23.000949984625901 ], [ 72.605507742588216, 23.000697303866438 ], [ 72.605121542588208, 23.000461297843312 ], [ 72.604780056721722, 23.000272152122609 ], [ 72.604421700603496, 23.000111614825105 ], [ 72.603987300603492, 22.999938509958884 ], [ 72.603501833075455, 22.999774898293396 ], [ 72.60320623307544, 22.999692695882946 ], [ 72.602661298247398, 22.999574702739913 ], [ 72.602345498247416, 22.999525201245103 ], [ 72.602180164178364, 22.999502191542014 ], [ 72.60199526417837, 22.999479690858717 ], [ 72.601562707158976, 22.9994465263037 ], [ 72.601419007158952, 22.999441926162881 ], [ 72.600960260712284, 22.999448824267429 ], [ 72.600928125900637, 22.999452346847001 ] ] ] } },
{ "type": "Feature", "properties": { "version": 19, "visible": null, "lon": null, "timestamp": 1643240799, "tags": { "visible": false }, "changeset": null, "lat": null, "id": 29349715, "natural": "water", "water": "river", "wetland": null, "osm_type": "way", "grassland": null, "reef": null, "Risk": "Low" }, "geometry": { "type": "Polygon", "coordinates": [ [ [ 72.642688311495775, 23.11018925088257 ], [ 72.642714704984186, 23.11104934725849 ], [ 72.642634962839637, 23.113243094227368 ], [ 72.642361147883364, 23.118036218835542 ], [ 72.641803103430817, 23.12255670940656 ], [ 72.641311429599241, 23.125474723785313 ], [ 72.640626392735115, 23.127661944079229 ], [ 72.640553582173311, 23.127927132290388 ], [ 72.640146332530477, 23.129648653432504 ], [ 72.639935532530501, 23.130539959265842 ], [ 72.63986054605185, 23.130960417470277 ], [ 72.639543046051855, 23.133580926406943 ], [ 72.63951571913411, 23.134085682670847 ], [ 72.639541419134105, 23.136145681942978 ], [ 72.639564141850045, 23.136515918453149 ], [ 72.639622884046034, 23.136882787679671 ], [ 72.639717172221836, 23.137243332458041 ], [ 72.640214972221827, 23.138829818910104 ], [ 72.64041824083607, 23.139346016619804 ], [ 72.641070540836068, 23.140711399702269 ], [ 72.641288876289607, 23.141108756450485 ], [ 72.64155245480066, 23.141482194139648 ], [ 72.641858213880397, 23.141827374056799 ], [ 72.642879613880396, 23.142861252639317 ], [ 72.643322706975354, 23.143252332541536 ], [ 72.64479040697536, 23.144381005866304 ], [ 72.645324562994418, 23.144734032198635 ], [ 72.647564762994406, 23.145996699029393 ], [ 72.647838338572313, 23.146139033990913 ], [ 72.650620138572307, 23.147470397601275 ], [ 72.650953407823323, 23.147614257544571 ], [ 72.65291090782334, 23.148370836052258 ], [ 72.653289265317269, 23.148499019095851 ], [ 72.653678600543842, 23.148595485325025 ], [ 72.65407577576778, 23.148659457367092 ], [ 72.654477590069661, 23.148690419704575 ], [ 72.658108690069653, 23.148819715723221 ], [ 72.658337173671242, 23.148822503092443 ], [ 72.660942018012634, 23.148793346352338 ], [ 72.66459687570881, 23.148945322759424 ], [ 72.666738878655536, 23.14940593485429 ], [ 72.668617502778119, 23.150117328832863 ], [ 72.668826559725019, 23.150236859067725 ], [ 72.668926873977327, 23.150371293208835 ], [ 72.669011217277031, 23.150819388289708 ], [ 72.669041231526606, 23.15096355095362 ], [ 72.669253243295543, 23.151892186006087 ], [ 72.669320325702358, 23.153143232173495 ], [ 72.669332056294607, 23.154334049462705 ], [ 72.668611030415434, 23.155682837079222 ], [ 72.667639055711632, 23.157277734621278 ], [ 72.666691469831406, 23.158318870165751 ], [ 72.665458442071241, 23.159420961314304 ], [ 72.663688667186165, 23.160824999522301 ], [ 72.662314292800801, 23.161893762968369 ], [ 72.662061418294272, 23.162106130051619 ], [ 72.661826879161808, 23.162335594393092 ], [ 72.66049729880632, 23.163740059597707 ], [ 72.659661376109241, 23.164340339925246 ], [ 72.659275849815273, 23.164651350169827 ], [ 72.658931403069317, 23.165000740349559 ], [ 72.657420803069314, 23.166720973675751 ], [ 72.657104741152665, 23.167129309201769 ], [ 72.65535894115267, 23.169702151203367 ], [ 72.655193056153749, 23.169968123203049 ], [ 72.655049094061539, 23.170244676929844 ], [ 72.653878878726161, 23.172725176652438 ], [ 72.65281677569898, 23.174961478459529 ], [ 72.652603856753771, 23.175513642732259 ], [ 72.651951456753778, 23.177683460567739 ], [ 72.651863064422386, 23.178037375308875 ], [ 72.651808838373782, 23.178397059691939 ], [ 72.651620038373792, 23.180243365023856 ], [ 72.651612596254125, 23.180324778818989 ], [ 72.651406596254134, 23.182881184646771 ], [ 72.651394396493785, 23.183209726279387 ], [ 72.651410668319897, 23.183538117972798 ], [ 72.651547968319903, 23.185013514091771 ], [ 72.65156543605498, 23.185167264485521 ], [ 72.651712136054968, 23.186260060354797 ], [ 72.651742740803869, 23.186451150432479 ], [ 72.65195654080388, 23.187599044453467 ], [ 72.652083038849582, 23.188093240622095 ], [ 72.652701038849571, 23.189978923832292 ], [ 72.652851531315022, 23.19036688580675 ], [ 72.653043328592645, 23.190739132833961 ], [ 72.653274521808058, 23.191091960248393 ], [ 72.653542809996409, 23.191421856680265 ], [ 72.653845523002801, 23.191725538996025 ], [ 72.654179648057223, 23.19199998496676 ], [ 72.654541859759249, 23.192242463339632 ], [ 72.654928553174358, 23.192450561013402 ], [ 72.655335879712297, 23.192622207047776 ], [ 72.655759785430334, 23.192755693268104 ], [ 72.656196051380434, 23.192849691260339 ], [ 72.656640335598553, 23.192903265587582 ], [ 72.657088216318357, 23.192915883096759 ], [ 72.65753523597914, 23.192887418222895 ], [ 72.657976945589866, 23.192818154238353 ], [ 72.658408949008162, 23.192708780434607 ], [ 72.66209084900818, 23.191592213167944 ], [ 72.662495217243915, 23.191449363745761 ], [ 72.662882733443212, 23.191271371228964 ], [ 72.663249792850692, 23.191059891203999 ], [ 72.663592981004186, 23.19081689074785 ], [ 72.663909105496828, 23.190544630135651 ], [ 72.664195225673595, 23.190245641821196 ], [ 72.664448679985682, 23.189922706885941 ], [ 72.664667110748937, 23.189578829175044 ], [ 72.664848486075428, 23.189217207361015 ], [ 72.664991118774566, 23.188841205194521 ], [ 72.665093682047626, 23.18845432021892 ], [ 72.66515522182992, 23.188060151239316 ], [ 72.665175165665758, 23.187662364848666 ], [ 72.665153328033455, 23.187264661322136 ], [ 72.665089912071167, 23.18687074019698 ], [ 72.664985507687206, 23.186484265858056 ], [ 72.664575386595445, 23.185228466589589 ], [ 72.664221431009167, 23.183755308438894 ], [ 72.664402727389884, 23.181689761795678 ], [ 72.664416988405151, 23.181310942056964 ], [ 72.66438909473861, 23.179046792787094 ], [ 72.66463095967633, 23.177647670999701 ], [ 72.66540187392485, 23.176153623415573 ], [ 72.666843383881641, 23.174537097842705 ], [ 72.668459816727719, 23.172928020250115 ], [ 72.670180969281461, 23.17147634537659 ], [ 72.670378943335521, 23.171298739851462 ], [ 72.672477043335505, 23.169296882692976 ], [ 72.672566569713197, 23.169208930221718 ], [ 72.67471209831308, 23.167038497379639 ], [ 72.677017768801733, 23.1650385297065 ], [ 72.677264100008315, 23.164807428553608 ], [ 72.677489993881807, 23.164559304559432 ], [ 72.678930793881804, 23.162844436884523 ], [ 72.678934930355638, 23.162839505862149 ], [ 72.680508330355636, 23.160960941201154 ], [ 72.680816159163015, 23.160542814118305 ], [ 72.681066187061987, 23.160093271989783 ], [ 72.681946601194895, 23.158238580931446 ], [ 72.682896185604221, 23.156305356929686 ], [ 72.683044172610565, 23.155964437983197 ], [ 72.68315864997335, 23.155612782731815 ], [ 72.683238713267116, 23.155253169345286 ], [ 72.683283729953885, 23.15488843888728 ], [ 72.683403929953869, 23.153278542285925 ], [ 72.683413668848416, 23.152917389920056 ], [ 72.683389043433863, 23.152556835827728 ], [ 72.68333024214904, 23.152199639060733 ], [ 72.682861759034566, 23.150006855279965 ], [ 72.682529930071198, 23.148382015158283 ], [ 72.681927712774765, 23.145082945954556 ], [ 72.681816375294659, 23.144630432777085 ], [ 72.681650545238924, 23.144192255542844 ], [ 72.68090384523893, 23.142527035984543 ], [ 72.680668550801656, 23.142080493941627 ], [ 72.679406850801655, 23.140012662768733 ], [ 72.679105717227316, 23.139583633024422 ], [ 72.678384717227303, 23.138683816581 ], [ 72.678061247876471, 23.138324522595653 ], [ 72.677695786054386, 23.138001057054169 ], [ 72.677292992785212, 23.137717545641916 ], [ 72.67595399278521, 23.136880924324881 ], [ 72.675637108763866, 23.136700141778817 ], [ 72.675305008655116, 23.136544154557498 ], [ 72.674959981688019, 23.136414037998659 ], [ 72.673088881688017, 23.135790519941015 ], [ 72.672682082874985, 23.135674704769322 ], [ 72.672265185032231, 23.135594837178019 ], [ 72.671841935670145, 23.135551635164557 ], [ 72.670348535670144, 23.135464832496083 ], [ 72.669847891916845, 23.135461443262098 ], [ 72.669349948136642, 23.135509312092072 ], [ 72.667753448136651, 23.135746119293437 ], [ 72.667289187208141, 23.135838375329577 ], [ 72.666838116448545, 23.135975198722207 ], [ 72.666405280058811, 23.136155059279169 ], [ 72.664911780058816, 23.136865378714408 ], [ 72.664679269412844, 23.136984113923717 ], [ 72.663608636413912, 23.137569639697528 ], [ 72.662122323851733, 23.137916288891518 ], [ 72.661095196381751, 23.138042837073275 ], [ 72.660071291245401, 23.137953196463744 ], [ 72.657761873534852, 23.137491814765045 ], [ 72.656041249596697, 23.137059722781224 ], [ 72.654730117559438, 23.136412924419851 ], [ 72.65327042107657, 23.135467824075697 ], [ 72.653254826652528, 23.135457772621368 ], [ 72.652636220345244, 23.135060842359408 ], [ 72.652404512083109, 23.134872288702379 ], [ 72.651456881394324, 23.133949332789189 ], [ 72.651156681217671, 23.133468634483759 ], [ 72.650923865608078, 23.132923457092872 ], [ 72.650789384818111, 23.132026653393105 ], [ 72.650877999783972, 23.13101707563953 ], [ 72.651131164927307, 23.130006741037828 ], [ 72.651884425812057, 23.128821641219631 ], [ 72.65207606524099, 23.128485596219431 ], [ 72.652233362619683, 23.128134795429219 ], [ 72.652354990489371, 23.127772199211382 ], [ 72.65243992241227, 23.127400867492732 ], [ 72.652965387010937, 23.124432291778273 ], [ 72.653870798691656, 23.122281639422301 ], [ 72.654054539118292, 23.121983078765464 ], [ 72.654227010099376, 23.121702792689522 ], [ 72.654439950281201, 23.121356832626791 ], [ 72.654593550281206, 23.121107236411088 ], [ 72.654793705254775, 23.120740634201965 ], [ 72.654953335933655, 23.12035758077306 ], [ 72.65507086802846, 23.119961853700865 ], [ 72.655145142429149, 23.119557355580007 ], [ 72.655479842429131, 23.11695236498905 ], [ 72.655506491030877, 23.116650099826757 ], [ 72.655574414844651, 23.115237444698252 ], [ 72.655659301371259, 23.11373788397275 ], [ 72.65566359859703, 23.113639318529284 ], [ 72.655697898597026, 23.112518419499679 ], [ 72.655676397988586, 23.111982158744148 ], [ 72.65555533379451, 23.11089273562493 ], [ 72.655585054192528, 23.110270090058481 ], [ 72.655582142518824, 23.109854532669779 ], [ 72.655533853486375, 23.109441345582805 ], [ 72.655440675735093, 23.109034709906116 ], [ 72.655303552136814, 23.108638740491017 ], [ 72.6551238702543, 23.108257444289961 ], [ 72.654903448300431, 23.10789467980543 ], [ 72.654644516739509, 23.10755411803979 ], [ 72.654349695717173, 23.107239205341543 ], [ 72.654021968546843, 23.106953128524143 ], [ 72.653664651521439, 23.10669878261076 ], [ 72.653281360355621, 23.106478741531504 ], [ 72.652875973598043, 23.106295232070163 ], [ 72.652452593384126, 23.106150111324165 ], [ 72.652015503926293, 23.106044847906361 ], [ 72.651569128161697, 23.105980507078893 ], [ 72.651117982996226, 23.105957739969956 ], [ 72.647198282996229, 23.105941539471527 ], [ 72.646748797441063, 23.105960411517678 ], [ 72.646303620140628, 23.106020552945701 ], [ 72.645867218660214, 23.106121360152976 ], [ 72.645443972495571, 23.106261821401255 ], [ 72.645038129122682, 23.106440526973493 ], [ 72.644653761372169, 23.106655683325936 ], [ 72.644294726556723, 23.106905131093129 ], [ 72.643964627760866, 23.107186366764925 ], [ 72.643666777682611, 23.10749656781779 ], [ 72.64340416538866, 23.107832621047745 ], [ 72.643179426317928, 23.108191153820449 ], [ 72.642994815833532, 23.108568567924408 ], [ 72.642852186589209, 23.108961075687361 ], [ 72.642752969937078, 23.109364737993054 ], [ 72.64269816156326, 23.109775503816781 ], [ 72.642688311495775, 23.11018925088257 ] ] ] } },
{ "type": "Feature", "properties": { "version": 5, "visible": null, "lon": null, "timestamp": 1346428795, "tags": { "visible": false }, "changeset": null, "lat": null, "id": 29349768, "natural": "water", "water": null, "wetland": null, "osm_type": "way", "grassland": null, "reef": null, "Risk": "Low" }, "geometry": { "type": "Polygon", "coordinates": [ [ [ 72.646622218970151, 23.117287261513066 ], [ 72.646409060881723, 23.117633586138634 ], [ 72.64623646088171, 23.117914090390943 ], [ 72.646036283089217, 23.11828078862548 ], [ 72.645876648146654, 23.118663941075457 ], [ 72.645759131063429, 23.119059767311768 ], [ 72.645684891300746, 23.119464361891435 ], [ 72.645654661331875, 23.119873732893701 ], [ 72.645668739415356, 23.120283841307987 ], [ 72.645726986652335, 23.12069064088508 ], [ 72.645828828356912, 23.121090118058227 ], [ 72.64597325972619, 23.121478331540427 ], [ 72.646158855754067, 23.121851451207117 ], [ 72.646383785290666, 23.122205795880969 ], [ 72.64664582910919, 23.122537869645996 ], [ 72.646942401801368, 23.122844396333004 ], [ 72.647270577286093, 23.123122351836354 ], [ 72.647627117678908, 23.123368993943512 ], [ 72.648008505238167, 23.12358188938326 ], [ 72.648410977072047, 23.123758937826093 ], [ 72.648618301657677, 23.123838760596897 ], [ 72.648634662176946, 23.124029339859892 ], [ 72.648632890053918, 23.124056391931529 ], [ 72.648592590053923, 23.125222593072003 ], [ 72.648599848670159, 23.125622668351685 ], [ 72.648649164543173, 23.126020219526485 ], [ 72.64874007491828, 23.12641151622022 ], [ 72.648871726739401, 23.126792886777164 ], [ 72.649042884653824, 23.127160752712388 ], [ 72.649251942603968, 23.127511662286686 ], [ 72.64949693889794, 23.127842322891183 ], [ 72.649775574616925, 23.128149631938093 ], [ 72.650085235187134, 23.128430705967755 ], [ 72.650423014913542, 23.128682907699154 ], [ 72.650785744245553, 23.128903870770376 ], [ 72.651170019518261, 23.129091521936981 ], [ 72.651572234890807, 23.129244100520307 ], [ 72.651988616181697, 23.129360174923395 ], [ 72.652415256283788, 23.129438656059826 ], [ 72.652601456283762, 23.129464355277275 ], [ 72.653043120049531, 23.129504919079412 ], [ 72.653486980865821, 23.129505196553009 ], [ 72.653928704192452, 23.129465184988629 ], [ 72.654363976362902, 23.129385275085017 ], [ 72.654788546709739, 23.129266247135096 ], [ 72.655198269074575, 23.129109263408719 ], [ 72.6555891422976, 23.128915856806493 ], [ 72.655957349290972, 23.128687915895213 ], [ 72.656299294314891, 23.12842766647098 ], [ 72.656611638091803, 23.1281376498297 ], [ 72.6568913304163, 23.127820697956995 ], [ 72.657135639942013, 23.127479905879451 ], [ 72.657342180854656, 23.12711860144703 ], [ 72.657508936170885, 23.126740312841378 ], [ 72.657634277435079, 23.126348734127095 ], [ 72.657893418160057, 23.125361436379603 ], [ 72.657928743063792, 23.125261775522812 ], [ 72.658003466801659, 23.125085101165041 ], [ 72.65813626138025, 23.124722160133135 ], [ 72.658231938349772, 23.124349468238275 ], [ 72.658289675433238, 23.123970228440339 ], [ 72.658308976420585, 23.1235877 ], [ 72.658308976420585, 23.1230036 ], [ 72.658277892456212, 23.122518468097347 ], [ 72.658183492456217, 23.121784365443222 ], [ 72.658102244252802, 23.121351448651403 ], [ 72.657971463350208, 23.120928914414844 ], [ 72.657671063350207, 23.120123706370691 ], [ 72.657489908477444, 23.119711769190985 ], [ 72.657261689744388, 23.119320109919425 ], [ 72.656823889744388, 23.118657099326018 ], [ 72.656545095287996, 23.118282874143077 ], [ 72.656223364809293, 23.117939019693125 ], [ 72.655588264809296, 23.117331206729926 ], [ 72.655288710660272, 23.117069724196032 ], [ 72.654964308270934, 23.116834651869709 ], [ 72.654209008270911, 23.116337339423655 ], [ 72.653888133028076, 23.116144561189518 ], [ 72.653550556264761, 23.115977643854102 ], [ 72.653198736002537, 23.115837802902913 ], [ 72.65213533600253, 23.115463792150948 ], [ 72.651702001683319, 23.115334144067877 ], [ 72.651256614463492, 23.115245544814197 ], [ 72.650803758630175, 23.115198906407315 ], [ 72.650348095343418, 23.115194708931448 ], [ 72.649894314659988, 23.115232995594379 ], [ 72.649447087259304, 23.115313372282621 ], [ 72.649011016369073, 23.115435011619383 ], [ 72.648590590385155, 23.115596661483711 ], [ 72.648190136673307, 23.115796657902806 ], [ 72.64781377702846, 23.116032942184823 ], [ 72.647465385249831, 23.116303082115387 ], [ 72.647148547268586, 23.116604296999533 ], [ 72.646866524238646, 23.116933486290868 ], [ 72.646622218970151, 23.117287261513066 ] ] ] } },
{ "type": "Feature", "properties": { "version": 14, "visible": null, "lon": null, "timestamp": 1666010238, "tags": { "visible": false }, "changeset": null, "lat": null, "id": 29349855, "natural": "water", "water": "river", "wetland": null, "osm_type": "way", "grassland": null, "reef": null, "Risk": "Low" }, "geometry": { "type": "Polygon", "coordinates": [ [ [ 72.657363219210055, 23.201515789129154 ], [ 72.657372543189865, 23.201600275227605 ], [ 72.657462021366896, 23.202004032165476 ], [ 72.657538221366906, 23.202277330070132 ], [ 72.657660481646815, 23.202644051784937 ], [ 72.65781924395128, 23.202998760803137 ], [ 72.65841114395127, 23.204164145577828 ], [ 72.658644467818874, 23.204564475074267 ], [ 72.658924224022698, 23.20493882501307 ], [ 72.659247026850096, 23.205282665109717 ], [ 72.661277926850104, 23.2072194235955 ], [ 72.661664932968677, 23.207547606496227 ], [ 72.662757856048685, 23.208370824422367 ], [ 72.664443345674158, 23.209851532606006 ], [ 72.664867730369821, 23.210180707760379 ], [ 72.667219430369826, 23.211786967930795 ], [ 72.667264686220989, 23.211817476899075 ], [ 72.66918678622099, 23.213096344893756 ], [ 72.669556192243491, 23.213317573525398 ], [ 72.671416630513889, 23.214315754551443 ], [ 72.673261576071042, 23.215726580716087 ], [ 72.674894223817191, 23.217047438320801 ], [ 72.676660523902314, 23.218558816405686 ], [ 72.677270646739984, 23.219348679056029 ], [ 72.678202375308018, 23.221067475948111 ], [ 72.678445378811404, 23.221460286379475 ], [ 72.679166987450344, 23.222491012186172 ], [ 72.679789310210538, 23.223544695850006 ], [ 72.680821021097302, 23.225982186924163 ], [ 72.680955559168481, 23.226834454126244 ], [ 72.680706678298648, 23.230727282874035 ], [ 72.680133820043039, 23.232630137819442 ], [ 72.680036257070753, 23.233030796505169 ], [ 72.67949041602229, 23.235946162105503 ], [ 72.679052348773041, 23.237877729666895 ], [ 72.678143128225273, 23.241495137424199 ], [ 72.677700067109441, 23.242915106732656 ], [ 72.677595935233782, 23.243327694287313 ], [ 72.677538372841738, 23.243747914127606 ], [ 72.677527986173374, 23.244171340498706 ], [ 72.677549576499402, 23.24485996756497 ], [ 72.677124989866073, 23.246274444423715 ], [ 72.677016097978054, 23.246740927144501 ], [ 72.67696652803788, 23.247215838127882 ], [ 72.676959345518839, 23.247390451297893 ], [ 72.676918157378282, 23.24749948238204 ], [ 72.676805612498853, 23.247845626148749 ], [ 72.676726445530917, 23.248199486120068 ], [ 72.676681263122077, 23.248558350656168 ], [ 72.676670411500055, 23.248919469789083 ], [ 72.676692772683467, 23.250189153256734 ], [ 72.676273275147437, 23.251229308222594 ], [ 72.676246436162089, 23.25129769890594 ], [ 72.675214736162076, 23.254001026589993 ], [ 72.675080620922387, 23.254423290651058 ], [ 72.67499618808182, 23.25485627012716 ], [ 72.674962396966706, 23.255295045423409 ], [ 72.674979631511846, 23.255734631140406 ], [ 72.675053499275336, 23.256492356575205 ], [ 72.674946996252913, 23.25801277739518 ], [ 72.674946250253541, 23.258531948453907 ], [ 72.67507495025356, 23.260448144800506 ], [ 72.675113524858489, 23.260790035104012 ], [ 72.675182936557704, 23.261127789081012 ], [ 72.675282703752131, 23.261459063333913 ], [ 72.675772003752101, 23.262854750086941 ], [ 72.675875787876109, 23.263119489157187 ], [ 72.676725487876126, 23.265075066710086 ], [ 72.676888878207052, 23.265407598466538 ], [ 72.677083602509455, 23.265725570789474 ], [ 72.677308138502809, 23.266026498005068 ], [ 72.677560730850104, 23.266308027701914 ], [ 72.678659330850095, 23.267427704488821 ], [ 72.67899544440283, 23.267735826442781 ], [ 72.679365087394416, 23.268009628905446 ], [ 72.679764128731776, 23.268246052108058 ], [ 72.680188108768832, 23.268442454013773 ], [ 72.68196662173284, 23.269160665358186 ], [ 72.683726121732832, 23.269870345235191 ], [ 72.684079051543279, 23.269996672504142 ], [ 72.686827314020746, 23.270859640279767 ], [ 72.688022996196921, 23.27141163761506 ], [ 72.689710339063581, 23.27239923783462 ], [ 72.690826827807612, 23.273260286230315 ], [ 72.691827361924737, 23.274308381807952 ], [ 72.692477052157315, 23.275265477299495 ], [ 72.69338825503938, 23.276932422605867 ], [ 72.693605771301222, 23.277285831324289 ], [ 72.693860044276775, 23.277617891370905 ], [ 72.694148612115811, 23.27792538793852 ], [ 72.694468680927997, 23.278205344050232 ], [ 72.694817151833107, 23.278455049375385 ], [ 72.695190650964236, 23.278672086463711 ], [ 72.695585562133161, 23.278854354144102 ], [ 72.69599806184209, 23.279000087861622 ], [ 72.696424156302399, 23.279107876756125 ], [ 72.696859720102196, 23.27917667731742 ], [ 72.697300536148248, 23.279205823484798 ], [ 72.701094236148251, 23.279284721041197 ], [ 72.701542723182499, 23.279273459561168 ], [ 72.701987749749762, 23.27922115420731 ], [ 72.702424875547862, 23.27912832681422 ], [ 72.702849739105389, 23.278995903494085 ], [ 72.703258101298843, 23.278825205399581 ], [ 72.703645887648889, 23.278617935546553 ], [ 72.704009228973973, 23.278376161827705 ], [ 72.704344499995514, 23.278102296386532 ], [ 72.704648355509548, 23.277799071557101 ], [ 72.704917763763746, 23.27746951260939 ], [ 72.705150036707224, 23.277116907571894 ], [ 72.705342856810816, 23.276744774432196 ], [ 72.705494300190438, 23.276356826042583 ], [ 72.705602855802852, 23.275956933080511 ], [ 72.705667440522348, 23.275549085433298 ], [ 72.705687409947672, 23.275137352392154 ], [ 72.705662564831684, 23.274725842052508 ], [ 72.705593153069273, 23.274318660325719 ], [ 72.705479867224057, 23.273919869971003 ], [ 72.705323837618167, 23.273533450056565 ], [ 72.705126621054418, 23.273163256254232 ], [ 72.704319821054412, 23.271822836163974 ], [ 72.704195256351483, 23.271628609145282 ], [ 72.702942156351483, 23.26979137893218 ], [ 72.702673054043416, 23.269439101720828 ], [ 72.701282554043416, 23.267806970567218 ], [ 72.701162330009311, 23.267671842159743 ], [ 72.699814830009316, 23.266221012997249 ], [ 72.699473861113944, 23.265892375363055 ], [ 72.698478261113948, 23.265032855967377 ], [ 72.698138720226751, 23.26476760169853 ], [ 72.697772235073899, 23.264534568359817 ], [ 72.697382414397296, 23.264336050781186 ], [ 72.695442614397294, 23.263460826455709 ], [ 72.695113702615842, 23.263327161131233 ], [ 72.692391705866953, 23.262338693643645 ], [ 72.690163688225894, 23.261308603833051 ], [ 72.6891546534914, 23.260685380078407 ], [ 72.68843605977797, 23.26008313476699 ], [ 72.687914654950262, 23.259449299859273 ], [ 72.687102621254098, 23.258333498381525 ], [ 72.686894450997372, 23.258000048331361 ], [ 72.686838379967369, 23.257716693764351 ], [ 72.686944514625466, 23.256135033786066 ], [ 72.687779339641779, 23.251637927238939 ], [ 72.687831539396669, 23.251242241724785 ], [ 72.687952933274147, 23.249702439177234 ], [ 72.688499551844032, 23.24861155355849 ], [ 72.688693234781255, 23.248155619536924 ], [ 72.689080855004377, 23.247054391743088 ], [ 72.68911304258485, 23.246984603747606 ], [ 72.689302225181123, 23.246574446431907 ], [ 72.689452139518977, 23.246199997725839 ], [ 72.690122839518992, 23.244236615916794 ], [ 72.690236462924958, 23.243834011369636 ], [ 72.690629205848822, 23.242083603492482 ], [ 72.691356389355775, 23.239502039250635 ], [ 72.691366555348921, 23.239465252247705 ], [ 72.691924455348911, 23.237406767633672 ], [ 72.69201281711328, 23.236990607947693 ], [ 72.692266511419902, 23.235351715603851 ], [ 72.692484811306358, 23.234399793378721 ], [ 72.692776511306363, 23.233127401489753 ], [ 72.692859747714081, 23.232593138897435 ], [ 72.693005647714088, 23.230850143030924 ], [ 72.693009179489806, 23.230804667075013 ], [ 72.693136977213101, 23.22902036453571 ], [ 72.69331607147717, 23.226754856867263 ], [ 72.693324836085168, 23.226607643027215 ], [ 72.693376336085166, 23.2253220444893 ], [ 72.693371210258206, 23.224921415132556 ], [ 72.693323840836712, 23.224523128684048 ], [ 72.693066340836708, 23.223032321459524 ], [ 72.692941029625118, 23.222519933997646 ], [ 72.692323029625115, 23.22057951714968 ], [ 72.692188833180467, 23.220220347000943 ], [ 72.691244733180469, 23.218027522065913 ], [ 72.691093309286018, 23.217714456126338 ], [ 72.690209309286018, 23.21607383362668 ], [ 72.69002706803812, 23.215768682154064 ], [ 72.689817499787608, 23.215478725967174 ], [ 72.688675899787626, 23.214035199741019 ], [ 72.688454423596866, 23.213777377006405 ], [ 72.688211342362166, 23.213536554726272 ], [ 72.686412658104118, 23.211891031919301 ], [ 72.684929534468466, 23.210436643921938 ], [ 72.68476288375922, 23.210281632243383 ], [ 72.682831683759233, 23.208577694266811 ], [ 72.682462250842875, 23.208285431753851 ], [ 72.680144850842879, 23.206644591597495 ], [ 72.680049347589062, 23.206578809481048 ], [ 72.677451209150064, 23.204838273293895 ], [ 72.676411034126673, 23.20414149220937 ], [ 72.676319526694058, 23.204079006417587 ], [ 72.674522145917294, 23.202664021428131 ], [ 72.672993145199555, 23.201222597926154 ], [ 72.67167608684862, 23.199974896344749 ], [ 72.670750381244034, 23.199005442800591 ], [ 72.670069596879614, 23.197679816717574 ], [ 72.669790227891411, 23.19721565809337 ], [ 72.669648927891444, 23.197012854716018 ], [ 72.669410802109113, 23.196705238176303 ], [ 72.669331437517528, 23.196560028759222 ], [ 72.668890344667048, 23.19581812269498 ], [ 72.66785417789508, 23.194016886386507 ], [ 72.667638013853676, 23.193680634121833 ], [ 72.667388248677767, 23.193364661457565 ], [ 72.666803770131636, 23.19269437311781 ], [ 72.666675443014711, 23.192547200692857 ], [ 72.666148148598666, 23.191941540917711 ], [ 72.665710706826744, 23.191023165779747 ], [ 72.665623646156561, 23.190840322941888 ], [ 72.665283068562573, 23.189451173903478 ], [ 72.665237059008405, 23.188634956443423 ], [ 72.665236776594313, 23.188630003913794 ], [ 72.665168876594294, 23.187452801989917 ], [ 72.665124990215517, 23.187055924827959 ], [ 72.665039641287549, 23.186664792280261 ], [ 72.664913626584365, 23.186283055826628 ], [ 72.664748122514851, 23.18591427925891 ], [ 72.664544674140387, 23.185561905407738 ], [ 72.664305180751029, 23.185229223997492 ], [ 72.664031878134679, 23.18491934092981 ], [ 72.663727317704868, 23.184635149282624 ], [ 72.663394342682125, 23.184379302295568 ], [ 72.663036061551082, 23.184154188594299 ], [ 72.662655819041277, 23.183961909885248 ], [ 72.662257164902442, 23.183804261329158 ], [ 72.661843820765881, 23.183682714777031 ], [ 72.661419645401224, 23.183598405024977 ], [ 72.660988598692853, 23.183552119216689 ], [ 72.660554704672563, 23.183544289492364 ], [ 72.660122013953185, 23.183574988953065 ], [ 72.659694565914123, 23.183643930977958 ], [ 72.659276350991817, 23.183750471901103 ], [ 72.655594450991813, 23.184867104630175 ], [ 72.655185057947349, 23.185012000418357 ], [ 72.654792994419893, 23.185192916955753 ], [ 72.654422000426152, 23.185408128280727 ], [ 72.6540756149939, 23.185655581265035 ], [ 72.653757142402185, 23.185932915205409 ], [ 72.653469620660715, 23.186237484349537 ], [ 72.653215792529366, 23.186566383141493 ], [ 72.652998079354106, 23.186916473945399 ], [ 72.652818557969027, 23.187284416982724 ], [ 72.652678940884826, 23.187666702197266 ], [ 72.65258055995254, 23.188059682743702 ], [ 72.652524353658677, 23.188459609780114 ], [ 72.652510858172676, 23.188862668232272 ], [ 72.65254020223216, 23.189265013188535 ], [ 72.652612105915011, 23.189662806578127 ], [ 72.652725883309472, 23.190052253782753 ], [ 72.653670083309478, 23.192750428276959 ], [ 72.653710361818241, 23.192860218695142 ], [ 72.654791761818259, 23.195676689755626 ], [ 72.6550467615766, 23.196215270171304 ], [ 72.655702074599105, 23.197367550089009 ], [ 72.657363219210055, 23.201515789129154 ] ] ] } },
{ "type": "Feature", "properties": { "version": 29, "visible": null, "lon": null, "timestamp": 1772032143, "tags": { "visible": false }, "changeset": null, "lat": null, "id": 29350057, "natural": "water", "water": "river", "wetland": null, "osm_type": "way", "grassland": null, "reef": null, "Risk": "Low" }, "geometry": { "type": "Polygon", "coordinates": [ [ [ 72.550733992946775, 22.989464809672874 ], [ 72.550714309748315, 22.98948466614705 ], [ 72.550596765807484, 22.989608077553974 ], [ 72.550342765807486, 22.989885683029854 ], [ 72.550078916221864, 22.99020416620079 ], [ 72.549849778136931, 22.990544655392348 ], [ 72.549657501682944, 22.990903955451007 ], [ 72.549503891096862, 22.991278694727992 ], [ 72.549390387792371, 22.99166535672251 ], [ 72.549318056834139, 22.992060313083211 ], [ 72.549287576943826, 22.992459857658336 ], [ 72.549299234131212, 22.992860241274663 ], [ 72.549352919010389, 22.993257706919028 ], [ 72.549448127826281, 22.993648524992086 ], [ 72.549583967181562, 22.9940290283037 ], [ 72.549759162419932, 22.994395646481419 ], [ 72.549972069586943, 22.994744939469481 ], [ 72.550220690856122, 22.99507362980404 ], [ 72.550502693275689, 22.99537863336192 ], [ 72.550815430659966, 22.995657088294621 ], [ 72.551141189434759, 22.99589556280328 ], [ 72.552230545504543, 22.996817846508673 ], [ 72.552586339474345, 22.997089337492422 ], [ 72.552970555461101, 22.997325737205852 ], [ 72.553379125990986, 22.997524543211281 ], [ 72.553807725762539, 22.997683651033888 ], [ 72.554251817436267, 22.997801376433426 ], [ 72.554706699668785, 22.997876473228242 ], [ 72.555167556883319, 22.997908146483272 ], [ 72.555629510249304, 22.997896060922539 ], [ 72.556087669331959, 22.99784034447724 ], [ 72.556102765444848, 22.997837775319763 ], [ 72.556337517172906, 22.997847491899815 ], [ 72.556705275625063, 22.997845742004699 ], [ 72.556878322314304, 22.997857604934257 ], [ 72.557098859931514, 22.997893029354195 ], [ 72.557490271512421, 22.99803714750869 ], [ 72.558126022871235, 22.998427168965847 ], [ 72.559331759955271, 22.999417207209369 ], [ 72.559856425099781, 22.999864568683979 ], [ 72.56067234702337, 23.00060619911314 ], [ 72.561473148104909, 23.001498960107504 ], [ 72.562390415672823, 23.00255698010756 ], [ 72.563196066224577, 23.003669861986875 ], [ 72.563315193936063, 23.00382644805768 ], [ 72.564623423471161, 23.005464098964005 ], [ 72.565266564311116, 23.006367905664828 ], [ 72.56529859235583, 23.006412287953914 ], [ 72.566133572875088, 23.007553320295479 ], [ 72.566654306432397, 23.008367124590254 ], [ 72.566747795819637, 23.008506814729092 ], [ 72.567229233825742, 23.009195196117023 ], [ 72.567622386287226, 23.009760771039343 ], [ 72.56782364706612, 23.01002503085148 ], [ 72.568817755356804, 23.011588016417317 ], [ 72.569364950577437, 23.012707711321557 ], [ 72.569545363171599, 23.01324373140779 ], [ 72.569537675417649, 23.013290118565276 ], [ 72.569513920226697, 23.01368848004768 ], [ 72.569531995005903, 23.014087092925976 ], [ 72.569598032068129, 23.014760746181967 ], [ 72.569659034639159, 23.015485813691409 ], [ 72.569697252657392, 23.016422921855654 ], [ 72.569611212196961, 23.019018745596071 ], [ 72.569620463443073, 23.019438367521733 ], [ 72.569675896409393, 23.019854962096893 ], [ 72.569776939699793, 23.020264235164358 ], [ 72.569842713539529, 23.020443893631455 ], [ 72.569802575640111, 23.021361942384722 ], [ 72.569679216550554, 23.022698653203268 ], [ 72.569417207147495, 23.024049637294173 ], [ 72.569388862469822, 23.024215103634482 ], [ 72.569266419063652, 23.025037934308017 ], [ 72.568995249722136, 23.026468495169674 ], [ 72.568993640667443, 23.026477036625792 ], [ 72.568645840667429, 23.028334846298844 ], [ 72.568608910943567, 23.028573510066391 ], [ 72.568517309333259, 23.02932110307097 ], [ 72.568322465855488, 23.030233310413845 ], [ 72.568262070089048, 23.030604331996905 ], [ 72.568027970089048, 23.03268233856933 ], [ 72.56802155206843, 23.032743776698524 ], [ 72.567841241573888, 23.034616513550024 ], [ 72.567725133123034, 23.035809448774366 ], [ 72.56771288143662, 23.035970797737242 ], [ 72.567641281436607, 23.037282299755997 ], [ 72.567640407830126, 23.037298973368095 ], [ 72.567609607830136, 23.037912574236692 ], [ 72.567607574353516, 23.038247936696884 ], [ 72.567661474353514, 23.039664535176083 ], [ 72.567678465859899, 23.039907009194394 ], [ 72.567826465859881, 23.041354805034143 ], [ 72.567860827268674, 23.041607301031608 ], [ 72.568164159190914, 23.04338938008511 ], [ 72.568455959190914, 23.045103171944799 ], [ 72.568565309703175, 23.045568362713116 ], [ 72.568668147560629, 23.045909446874791 ], [ 72.568753361068332, 23.046436833717259 ], [ 72.568821881088596, 23.046767623113723 ], [ 72.569059967004037, 23.047707116765501 ], [ 72.56935774940186, 23.048999825157932 ], [ 72.569394512451495, 23.049146242164113 ], [ 72.569668212451475, 23.0501525346655 ], [ 72.569678431901409, 23.050189386832429 ], [ 72.569892531901431, 23.05094688098027 ], [ 72.569999430946837, 23.051270198513848 ], [ 72.570285630946827, 23.052023690883075 ], [ 72.570360203357893, 23.052206094224296 ], [ 72.570734903357916, 23.053060884409305 ], [ 72.570768336980308, 23.053135069125762 ], [ 72.571011459402087, 23.053660049621087 ], [ 72.571368337250661, 23.054455028505778 ], [ 72.571507609399802, 23.054735191592542 ], [ 72.571926809399798, 23.055501581015477 ], [ 72.572015473336322, 23.055655510090862 ], [ 72.572696073336331, 23.056779193297189 ], [ 72.572717299997365, 23.056813845532844 ], [ 72.572971899997356, 23.057224839284466 ], [ 72.573046149304062, 23.05734030030251 ], [ 72.573397649304084, 23.057867191840007 ], [ 72.573520007351632, 23.058040709184478 ], [ 72.573979407351644, 23.058657798477533 ], [ 72.574216917501047, 23.058948514811803 ], [ 72.57482791750104, 23.059631601483986 ], [ 72.574849671618722, 23.059655734954422 ], [ 72.575483171618743, 23.06035312122216 ], [ 72.57574107805543, 23.060613610841603 ], [ 72.576791078055422, 23.061587289783564 ], [ 72.576940858730424, 23.06171989971245 ], [ 72.577438458730427, 23.0621404902015 ], [ 72.577463032682914, 23.062161107186444 ], [ 72.578314817506822, 23.062870437345154 ], [ 72.578529360449551, 23.063059234228252 ], [ 72.578751189905546, 23.063241883530445 ], [ 72.579971389905566, 23.064181461403532 ], [ 72.580044498338168, 23.06423656324321 ], [ 72.58113399833816, 23.06504024398685 ], [ 72.581460840642933, 23.06525983992907 ], [ 72.581807840122408, 23.065451475860471 ], [ 72.582610940122422, 23.065850865070118 ], [ 72.582717032187304, 23.065901956140905 ], [ 72.583365912161383, 23.066204369768442 ], [ 72.584373767492721, 23.066745396519263 ], [ 72.584400060362412, 23.066759401314389 ], [ 72.585753860362402, 23.067474882259667 ], [ 72.585916655603896, 23.067556851204653 ], [ 72.586719612411429, 23.067941531918024 ], [ 72.587516819429226, 23.068387593853284 ], [ 72.587614156377327, 23.068440524314525 ], [ 72.588170223155743, 23.068734279852919 ], [ 72.588767650786536, 23.069094125523428 ], [ 72.590046945985577, 23.070003798413143 ], [ 72.591332738750936, 23.071291977259513 ], [ 72.59149181634524, 23.071443415003404 ], [ 72.591783428112308, 23.071707224449437 ], [ 72.592080061986309, 23.072090577287373 ], [ 72.592606815808423, 23.072816806020935 ], [ 72.593392941475656, 23.074027241725414 ], [ 72.594064604122664, 23.075533298938193 ], [ 72.594086824171399, 23.075604853404887 ], [ 72.59404267524107, 23.0758463743954 ], [ 72.594013330200923, 23.076272117643335 ], [ 72.594031853468394, 23.076698374139077 ], [ 72.594098047621017, 23.077120600823935 ], [ 72.594261947621021, 23.077884496278394 ], [ 72.59442437625799, 23.078436903035819 ], [ 72.594451008860148, 23.078507629153652 ], [ 72.594549221798317, 23.080621215180095 ], [ 72.594487661632272, 23.082089327251332 ], [ 72.594492064192821, 23.082491079720331 ], [ 72.594538859522061, 23.082890538454606 ], [ 72.594627605189956, 23.083283926778133 ], [ 72.594757462143789, 23.083667525440283 ], [ 72.594927202641088, 23.084037707777128 ], [ 72.595135221857305, 23.084390973996335 ], [ 72.595379553058848, 23.084723984261444 ], [ 72.595657886197699, 23.085033590263134 ], [ 72.595967589751893, 23.085316864979042 ], [ 72.596305735605483, 23.085571130341073 ], [ 72.596669126732621, 23.085793982548793 ], [ 72.59705432742409, 23.085983314789917 ], [ 72.597457695770487, 23.086137337153247 ], [ 72.597875418094944, 23.086254593546052 ], [ 72.598303545009742, 23.08633397545616 ], [ 72.600861745009738, 23.086690264628174 ], [ 72.601312910792402, 23.086731806737703 ], [ 72.601766330648573, 23.086731293405879 ], [ 72.602217383911182, 23.086688729863404 ], [ 72.602661474030455, 23.086604549823114 ], [ 72.60309407541591, 23.086479611061662 ], [ 72.603510779555336, 23.086315186681343 ], [ 72.603907339940676, 23.086112952140834 ], [ 72.604279715342813, 23.085874968186811 ], [ 72.604624110994706, 23.08560365986024 ], [ 72.604937017262529, 23.085301791790926 ], [ 72.6052152454115, 23.084972440031844 ], [ 72.605455960101182, 23.084618960719901 ], [ 72.605656708279724, 23.084244955882244 ], [ 72.605815444182042, 23.083854236736205 ], [ 72.605930550177732, 23.083450784856602 ], [ 72.606000853255779, 23.083038711605905 ], [ 72.606071898954539, 23.082419631245063 ], [ 72.606214745857741, 23.082109294633149 ], [ 72.606340620320424, 23.08180245032403 ], [ 72.606439644743375, 23.081487387946243 ], [ 72.606757144743369, 23.080302896661482 ], [ 72.606833705071693, 23.079952828847361 ], [ 72.606877126066934, 23.079597986353104 ], [ 72.606997326066931, 23.077995089743123 ], [ 72.607002366695767, 23.077504244982276 ], [ 72.606933666695767, 23.076240843042651 ], [ 72.606900951755208, 23.075908651174977 ], [ 72.606839220224074, 23.075579968241644 ], [ 72.606558220224059, 23.074375760475533 ], [ 72.606439351131456, 23.073968745095726 ], [ 72.606276037324747, 23.073574984604249 ], [ 72.606069977616968, 23.073198575086732 ], [ 72.605679530488771, 23.072567650741242 ], [ 72.604990535100626, 23.071418114491205 ], [ 72.604288480604268, 23.069993865799059 ], [ 72.604223254507247, 23.069867290240381 ], [ 72.603686854507245, 23.068870376654097 ], [ 72.603642343116604, 23.068789875496506 ], [ 72.602941993664999, 23.067556783683351 ], [ 72.602515552729173, 23.06680392401794 ], [ 72.602391412236315, 23.066552925511417 ], [ 72.602210495934415, 23.066226376242991 ], [ 72.601994420414499, 23.065875726184373 ], [ 72.601800654605185, 23.065550676889671 ], [ 72.601621165805412, 23.065275491973381 ], [ 72.601419007901342, 23.06501395157467 ], [ 72.601299707901333, 23.064871648905271 ], [ 72.601208386336893, 23.064766315646949 ], [ 72.601121886336898, 23.064669813761185 ], [ 72.600999209298053, 23.064543083339668 ], [ 72.600616216760727, 23.06400082543621 ], [ 72.600423989560184, 23.063749618548982 ], [ 72.600212010005819, 23.063512244564141 ], [ 72.600058231465695, 23.063352536783892 ], [ 72.599293731465693, 23.062558920617629 ], [ 72.598846988589912, 23.06215564489699 ], [ 72.597698088589922, 23.061254123831802 ], [ 72.597303903841251, 23.060977864915571 ], [ 72.597144411113774, 23.060878379815303 ], [ 72.595535311113764, 23.05987485430644 ], [ 72.595242159602222, 23.059706789744826 ], [ 72.594935838756186, 23.05955994863859 ], [ 72.593294638756191, 23.058845628810506 ], [ 72.593169940191757, 23.058793480416856 ], [ 72.592790740191774, 23.05864127613307 ], [ 72.592705425767619, 23.058607991972433 ], [ 72.59252886496995, 23.058541077964421 ], [ 72.592036595962952, 23.058330928947935 ], [ 72.591888609238069, 23.058266750752356 ], [ 72.591465878519102, 23.058061355211809 ], [ 72.591109929830438, 23.057906369398065 ], [ 72.590732183351449, 23.057760178798713 ], [ 72.589319056347165, 23.057109818563877 ], [ 72.587989696076363, 23.056433880122398 ], [ 72.58750795043602, 23.056132781450508 ], [ 72.58638402182531, 23.05528108040718 ], [ 72.584873731111898, 23.054000999483165 ], [ 72.584342610711062, 23.053504988520746 ], [ 72.58388922145609, 23.053063894468938 ], [ 72.583358383550319, 23.052439110950694 ], [ 72.58277197366283, 23.051642871734121 ], [ 72.582596520263536, 23.051356724413868 ], [ 72.58222403620961, 23.05070294398503 ], [ 72.581620347362374, 23.049520719012783 ], [ 72.581324923143882, 23.04883835197224 ], [ 72.580759831743123, 23.047223694071509 ], [ 72.580400052311376, 23.045768837277549 ], [ 72.580046377882695, 23.044108586020382 ], [ 72.579618371521974, 23.042025714719095 ], [ 72.579379514316315, 23.040783512652975 ], [ 72.579291651728639, 23.039914547121558 ], [ 72.579234817750176, 23.039240465802443 ], [ 72.579233833201258, 23.039228995525306 ], [ 72.579170156815977, 23.038500071353457 ], [ 72.579171633007178, 23.038429697743453 ], [ 72.579195408901768, 23.037305398457036 ], [ 72.579265476629459, 23.036164659435759 ], [ 72.579326428427365, 23.03560217525327 ], [ 72.579379328427365, 23.035113776739212 ], [ 72.579384031037051, 23.035067753824062 ], [ 72.579398731823517, 23.034914703424299 ], [ 72.579445637743717, 23.034424942922971 ], [ 72.579580654648254, 23.033014933995975 ], [ 72.579716297847895, 23.032184307450283 ], [ 72.579759067235472, 23.03180247510091 ], [ 72.579787373434485, 23.031340025459791 ], [ 72.579852345287463, 23.030953629341127 ], [ 72.579889489270116, 23.030666671388637 ], [ 72.579897240591492, 23.030581542755051 ], [ 72.579898428277531, 23.030576765682127 ], [ 72.579924792692964, 23.03046343930151 ], [ 72.580031392692973, 23.02997164225204 ], [ 72.580049043718645, 23.029885452989465 ], [ 72.580304143718635, 23.028562860078328 ], [ 72.580320337515673, 23.028473181590261 ], [ 72.580815037515691, 23.025534095386586 ], [ 72.580821217973551, 23.025496216699857 ], [ 72.580995117973544, 23.024395721556047 ], [ 72.581018444409025, 23.024222497286566 ], [ 72.581204303637833, 23.022554443329753 ], [ 72.581354516771043, 23.02126408392235 ], [ 72.581373827220773, 23.021041688802836 ], [ 72.58141552722077, 23.020314889977765 ], [ 72.581419473061601, 23.020229273393465 ], [ 72.581467404916097, 23.018852305194052 ], [ 72.581540033609471, 23.016907892251439 ], [ 72.581556134492359, 23.016672066786811 ], [ 72.581553270418027, 23.016114530198049 ], [ 72.58144734925196, 23.014766843201791 ], [ 72.581359041449033, 23.013480168340781 ], [ 72.581326141160872, 23.01317786952719 ], [ 72.581229941160856, 23.012533666838856 ], [ 72.581168206666504, 23.012213930515376 ], [ 72.580989506666498, 23.011461325590975 ], [ 72.58091840468208, 23.011202305189322 ], [ 72.580882304030084, 23.011086663111531 ], [ 72.580666002874523, 23.010392516278497 ], [ 72.580625300530102, 23.010269183609356 ], [ 72.580315000530121, 23.00937907527571 ], [ 72.580244175697629, 23.009191517610297 ], [ 72.579835675697623, 23.008188106821372 ], [ 72.579622175416475, 23.007744738877619 ], [ 72.579116475416512, 23.006841626200014 ], [ 72.579080463436085, 23.006778650361355 ], [ 72.578533463436074, 23.005841736772513 ], [ 72.578452512500988, 23.005709001427139 ], [ 72.577890012500987, 23.004825187739595 ], [ 72.577855479693724, 23.004771851130222 ], [ 72.577570979693704, 23.004339844269214 ], [ 72.577501128909432, 23.004237199678542 ], [ 72.577064314612343, 23.003615731251383 ], [ 72.576639814612349, 23.003012221202873 ], [ 72.576634717279362, 23.003004990858987 ], [ 72.575735861668988, 23.001732903266234 ], [ 72.575337612018657, 23.001160483334658 ], [ 72.575172819472243, 23.000939709448684 ], [ 72.574535109685726, 23.000142015327658 ], [ 72.574083429466086, 22.999569040370712 ], [ 72.573613618549729, 22.99893717946296 ], [ 72.573540516607281, 22.998838906546343 ], [ 72.573003316741591, 22.99810948154963 ], [ 72.572676062640738, 22.997651052330248 ], [ 72.572246662640765, 22.997049642213213 ], [ 72.57210510039863, 22.996862797582928 ], [ 72.571193100398645, 22.995727076906483 ], [ 72.571147617237926, 22.995671422874896 ], [ 72.570552217237918, 22.994955509546667 ], [ 72.570423841457156, 22.994808241646687 ], [ 72.568596741457171, 22.992807602220601 ], [ 72.568422035102486, 22.992627272051969 ], [ 72.566375935102471, 22.990635630146738 ], [ 72.566349721957067, 22.990610329620093 ], [ 72.564509130477404, 22.988848779687427 ], [ 72.561627492722025, 22.985962239835622 ], [ 72.561364957275387, 22.985720165165457 ], [ 72.561081585424219, 22.985498895785035 ], [ 72.560779316514697, 22.985299946128073 ], [ 72.560249661903342, 22.984980961133715 ], [ 72.560121960866212, 22.984892557532856 ], [ 72.559745151783559, 22.984681529961161 ], [ 72.559347677420391, 22.98450554207048 ], [ 72.558933370412049, 22.984366290958882 ], [ 72.558506225702118, 22.984265119466613 ], [ 72.558070362021411, 22.984203003223289 ], [ 72.557629982173168, 22.984180541237155 ], [ 72.557189332507591, 22.98419795011705 ], [ 72.55675266197666, 22.984255061982996 ], [ 72.556324181163603, 22.984351326085608 ], [ 72.555908021682569, 22.984485814118546 ], [ 72.555508196339588, 22.984657229172878 ], [ 72.555128560439215, 22.984863918246795 ], [ 72.554772774609916, 22.985103888189911 ], [ 72.554444269506476, 22.985374824928154 ], [ 72.554146212730089, 22.98567411578378 ], [ 72.551084112132713, 22.989069479474388 ], [ 72.550846112132703, 22.989333884639809 ], [ 72.550733992946775, 22.989464809672874 ] ] ] } },
{ "type": "Feature", "properties": { "version": 1, "visible": null, "lon": null, "timestamp": 1230574470, "tags": { "visible": false, "created_by": "Potlatch 0.10f" }, "changeset": null, "lat": null, "id": 29351890, "natural": "water", "water": null, "wetland": null, "osm_type": "way", "grassland": null, "reef": null, "Risk": "Low" }, "geometry": { "type": "Polygon", "coordinates": [ [ [ 72.662032258855291, 23.038211403723171 ], [ 72.661745158855297, 23.03846950938755 ], [ 72.661721735346831, 23.038490721996055 ], [ 72.661493835346818, 23.038698626526024 ], [ 72.661203824648183, 23.038989761247603 ], [ 72.660945333020805, 23.039305037966521 ], [ 72.660720720546422, 23.039641577982554 ], [ 72.660532037983145, 23.039996308468705 ], [ 72.660381008041583, 23.040365990532134 ], [ 72.660269009656204, 23.040747248790662 ], [ 72.66019706539528, 23.041136602194669 ], [ 72.660121965395291, 23.041706704299713 ], [ 72.66009081598223, 23.042097560250191 ], [ 72.660100034604113, 23.042489372908246 ], [ 72.660149538381063, 23.042878619694847 ], [ 72.660238882250098, 23.043261801129724 ], [ 72.660367262966474, 23.043635472291989 ], [ 72.66053352632521, 23.043996273789347 ], [ 72.660736177538013, 23.044340961957257 ], [ 72.660973394672098, 23.044666438016968 ], [ 72.66124304503029, 23.044969775930113 ], [ 72.661525145030268, 23.045258070010526 ], [ 72.661770140367636, 23.04548956693613 ], [ 72.662034040334547, 23.045702743975266 ], [ 72.662329140334549, 23.045922938726907 ], [ 72.662666590547317, 23.046151574296829 ], [ 72.663025728213952, 23.046350275204883 ], [ 72.663403427204827, 23.046517311986179 ], [ 72.663796399822402, 23.046651230781858 ], [ 72.664201225419191, 23.046750865990102 ], [ 72.664614380172964, 23.046815350408668 ], [ 72.665032267759941, 23.046844122780854 ], [ 72.665451250659203, 23.046836932679174 ], [ 72.665867681815641, 23.046793842684441 ], [ 72.666541481815642, 23.046694645690298 ], [ 72.666987969136713, 23.046607298817538 ], [ 72.667422516486184, 23.046478703170173 ], [ 72.6678406358253, 23.046310186778168 ], [ 72.668238008785181, 23.046103489945796 ], [ 72.668610531267078, 23.045860747283673 ], [ 72.668954355829925, 23.045584465669343 ], [ 72.669390455829927, 23.04519637422997 ], [ 72.669696517583873, 23.044895412745021 ], [ 72.669968480985446, 23.044567895158558 ], [ 72.670203641220183, 23.044217078618459 ], [ 72.67039965949985, 23.043846452005905 ], [ 72.670554586322908, 23.0434597012434 ], [ 72.670666880863223, 23.04306067264223 ], [ 72.670735426294442, 23.042653334653764 ], [ 72.670759540897393, 23.04224173840484 ], [ 72.670761140897412, 23.041871538450014 ], [ 72.67075181746965, 23.041588418223437 ], [ 72.670734617469634, 23.041343617738807 ], [ 72.670690778767465, 23.040976044901864 ], [ 72.670611415687205, 23.040613547607524 ], [ 72.670497163443699, 23.040259027303573 ], [ 72.670348936501469, 23.039915321612124 ], [ 72.670271736501462, 23.039757319624158 ], [ 72.670089967850018, 23.039425946168258 ], [ 72.669876625804292, 23.039110915012781 ], [ 72.669633431011036, 23.038814767070942 ], [ 72.669362344885414, 23.038539890967812 ], [ 72.669065553791853, 23.03828850377138 ], [ 72.668687853791852, 23.037996296909224 ], [ 72.668323411000202, 23.037742315715143 ], [ 72.667932801630954, 23.037523740281426 ], [ 72.667520072109482, 23.037342835065804 ], [ 72.667089498009659, 23.037201474268045 ], [ 72.66664553976203, 23.037101122408231 ], [ 72.666192796447049, 23.037042819150191 ], [ 72.665735958152027, 23.037027168527523 ], [ 72.665109458152031, 23.037035068769878 ], [ 72.66468370343091, 23.037059078431312 ], [ 72.664262343544507, 23.037120146220797 ], [ 72.663849178657131, 23.037217721329739 ], [ 72.663447935024024, 23.037350923668747 ], [ 72.663062231384856, 23.037518551807782 ], [ 72.662695546327143, 23.037719093815387 ], [ 72.662351186913341, 23.037950740898982 ], [ 72.662032258855291, 23.038211403723171 ] ] ] } },
{ "type": "Feature", "properties": { "version": 2, "visible": null, "lon": null, "timestamp": 1418706570, "tags": { "visible": false, "name": "Chandola Lake" }, "changeset": null, "lat": null, "id": 84639247, "natural": "water", "water": null, "wetland": null, "osm_type": "way", "grassland": null, "reef": null, "Risk": "Low" }, "geometry": { "type": "Polygon", "coordinates": [ [ [ 72.587800191789981, 22.987172026301035 ], [ 72.58778453498077, 22.987185509651216 ], [ 72.587643015746011, 22.987306351680722 ], [ 72.587308118718653, 22.98762470961443 ], [ 72.587012156408662, 22.98797423416779 ], [ 72.586758528613188, 22.988350910034484 ], [ 72.586550148821672, 22.988750410031116 ], [ 72.586389410747785, 22.989168144814268 ], [ 72.586341510747786, 22.98931764610921 ], [ 72.586237348492915, 22.989713738280035 ], [ 72.586176048022338, 22.990117344844069 ], [ 72.586158204825097, 22.990524545010157 ], [ 72.586183992234794, 22.990931383113033 ], [ 72.586253159745624, 22.991333907040229 ], [ 72.586365035446036, 22.991728206623147 ], [ 72.586518532545711, 22.9921104516193 ], [ 72.586712159933029, 22.992476928916908 ], [ 72.586944036660043, 22.992824078600446 ], [ 72.587211910214592, 22.993148528527122 ], [ 72.587316410214584, 22.993262926272649 ], [ 72.587606464493177, 22.993551419107035 ], [ 72.587924968818371, 22.993813251404163 ], [ 72.588269044374357, 22.994046056742395 ], [ 72.588635581218583, 22.994247731055207 ], [ 72.589021266391114, 22.994416451643307 ], [ 72.589422613858986, 22.994550693644012 ], [ 72.589835996024874, 22.994649243809224 ], [ 72.590077896024866, 22.994695742415409 ], [ 72.590495150049009, 22.994757254877435 ], [ 72.590916837189127, 22.994782398753415 ], [ 72.591339225013982, 22.994770951510553 ], [ 72.591758574890463, 22.994723014461254 ], [ 72.592035843835149, 22.994666564393523 ], [ 72.592123221363366, 22.994656529119272 ], [ 72.592238785318671, 22.994632406492471 ], [ 72.592437539357491, 22.994618285232708 ], [ 72.592934808358649, 22.994557085699032 ], [ 72.59342156114009, 22.994445217808821 ], [ 72.594514061140089, 22.994133526925388 ], [ 72.594602804014642, 22.994105108568281 ], [ 72.594677994812074, 22.994101570454266 ], [ 72.594687679746357, 22.994100912667847 ], [ 72.594973937342175, 22.99411952073449 ], [ 72.595425700519954, 22.994106970157809 ], [ 72.59587380633694, 22.994052688988209 ], [ 72.596313717466671, 22.993957226803577 ], [ 72.59674097955866, 22.993821550126835 ], [ 72.597151266341015, 22.993647032642794 ], [ 72.597540423426622, 22.993435441293617 ], [ 72.597904510378484, 22.993188918393443 ], [ 72.598239840609054, 22.992909959943059 ], [ 72.598543018708881, 22.992601390363916 ], [ 72.598749592955187, 22.992343086818401 ], [ 72.598750701108486, 22.992343823822331 ], [ 72.599002701108489, 22.992022729580004 ], [ 72.599277600334517, 22.991626875655498 ], [ 72.599501941672543, 22.991204867300258 ], [ 72.599672828520852, 22.990762153091303 ], [ 72.599786157827367, 22.990405496850293 ], [ 72.599910324366476, 22.990038756591812 ], [ 72.599963465106839, 22.989869133855887 ], [ 72.600089857727326, 22.98943075323611 ], [ 72.600286906451018, 22.988835328551612 ], [ 72.600426503685412, 22.988277568630746 ], [ 72.600500103685405, 22.987850070679503 ], [ 72.600547276506859, 22.987452539693553 ], [ 72.60055251496722, 22.987052671642765 ], [ 72.600515770069578, 22.986654206608499 ], [ 72.600437385499973, 22.9862608715822 ], [ 72.600318094412685, 22.985876345604723 ], [ 72.600159012572973, 22.985504225352845 ], [ 72.59996162792082, 22.985147991495115 ], [ 72.599727786653901, 22.984810976131804 ], [ 72.599459675959537, 22.984496331623543 ], [ 72.599159803557185, 22.984207001100614 ], [ 72.598830974243128, 22.983945690928731 ], [ 72.598476263656252, 22.983714845389262 ], [ 72.598098989510731, 22.983516623810782 ], [ 72.597702680564481, 22.983352880366215 ], [ 72.597291043613581, 22.983225146724735 ], [ 72.59686792882151, 22.983134617720793 ], [ 72.596437293707453, 22.983082140174655 ], [ 72.596254993707433, 22.983068139747559 ], [ 72.595850821959132, 22.98305392358613 ], [ 72.595446899790247, 22.983073237687826 ], [ 72.595201134136218, 22.983105577665675 ], [ 72.59458654648985, 22.982985259547306 ], [ 72.59412199851144, 22.982917493272186 ], [ 72.593652299999988, 22.982894821636783 ], [ 72.593082, 22.982894821636783 ], [ 72.592751448311461, 22.982906034597075 ], [ 72.592422689331897, 22.982939612660189 ], [ 72.591690689331884, 22.983039615688245 ], [ 72.591253582863061, 22.983119914692608 ], [ 72.590827273571577, 22.983239702318134 ], [ 72.590415959619662, 22.983397798830143 ], [ 72.590023691500051, 22.983592647211683 ], [ 72.589654332148072, 22.983822328501692 ], [ 72.58931151890053, 22.984084580698426 ], [ 72.588998627676389, 22.984376821041661 ], [ 72.588718739731817, 22.984696171454061 ], [ 72.588474611316812, 22.985039486890866 ], [ 72.588268646532626, 22.985403386318382 ], [ 72.588102873656851, 22.985784286016045 ], [ 72.587978925169551, 22.986178434873725 ], [ 72.587909225169554, 22.986449836785383 ], [ 72.587826776712063, 22.986864099853822 ], [ 72.587800191789981, 22.987172026301035 ] ] ] } },
{ "type": "Feature", "properties": { "version": 3, "visible": null, "lon": null, "timestamp": 1634603955, "tags": { "visible": false, "name": "Chandola Lake", "wikidata": "Q16890151", "wikipedia": "en:Chandola Lake" }, "changeset": null, "lat": null, "id": 84639248, "natural": "water", "water": null, "wetland": null, "osm_type": "way", "grassland": null, "reef": null, "Risk": "Low" }, "geometry": { "type": "Polygon", "coordinates": [ [ [ 72.578808018186351, 22.984457977941879 ], [ 72.578520518186366, 22.985252185628525 ], [ 72.578407753217377, 22.985619384117189 ], [ 72.578332238237536, 22.985994587953797 ], [ 72.578199538237541, 22.986880391658609 ], [ 72.578178295160114, 22.987047143270665 ], [ 72.578065695160106, 22.98811864642942 ], [ 72.578044932275191, 22.988488033885591 ], [ 72.578060110283474, 22.988857650518383 ], [ 72.578111107729953, 22.989224538651843 ], [ 72.578197516531162, 22.98958576246747 ], [ 72.578318645240628, 22.989938431495609 ], [ 72.578503945240641, 22.990404326591236 ], [ 72.578679096471163, 22.990784678402584 ], [ 72.578894602621972, 22.991147041227403 ], [ 72.579148312422575, 22.991487797970738 ], [ 72.579437693238091, 22.991803547235381 ], [ 72.579759856350989, 22.992091137268996 ], [ 72.580111585797425, 22.992347697418801 ], [ 72.580412040691684, 22.992545194439696 ], [ 72.58086875762605, 22.992945287152821 ], [ 72.581175923793893, 22.993190948792915 ], [ 72.581505980312087, 22.99341001237087 ], [ 72.582401880312091, 22.993949598544674 ], [ 72.582744900221442, 22.994136724330691 ], [ 72.583104596157796, 22.994295108941969 ], [ 72.583478133519904, 22.994423504323969 ], [ 72.583657578980095, 22.99446896580319 ], [ 72.583901647630995, 22.994659406096662 ], [ 72.584280287572, 22.994898308490836 ], [ 72.584683439018406, 22.995100386925628 ], [ 72.585106891037185, 22.99526353085318 ], [ 72.585546220655019, 22.995386036372352 ], [ 72.585996839056421, 22.995466624020064 ], [ 72.586481339056434, 22.995529822103908 ], [ 72.586828522368393, 22.995562503001075 ], [ 72.587606322368387, 22.995607701619715 ], [ 72.588013857034042, 22.995614325352701 ], [ 72.588420365964723, 22.995586913058567 ], [ 72.588822501534068, 22.995525690458663 ], [ 72.58921695213057, 22.995431161679388 ], [ 72.589600469428945, 22.995304105102186 ], [ 72.590255069428949, 22.995055812132129 ], [ 72.590632632398055, 22.99489334871021 ], [ 72.590992211259177, 22.994699368801133 ], [ 72.591330710017289, 22.994475542451379 ], [ 72.591645214178314, 22.994223796675666 ], [ 72.591933015843068, 22.993946298870167 ], [ 72.592191637022381, 22.993645438156232 ], [ 72.592418850972777, 22.993323804815091 ], [ 72.592421842138478, 22.993318564130622 ], [ 72.59265722911023, 22.99314771487024 ], [ 72.592977232015187, 22.992863993240231 ], [ 72.593265219888835, 22.992552555878774 ], [ 72.593518374928465, 22.992216449848303 ], [ 72.593734220151376, 22.991858963589873 ], [ 72.593910643630949, 22.991483594754261 ], [ 72.594090862077749, 22.991041315877627 ], [ 72.594218748946602, 22.990897406401665 ], [ 72.594454618183065, 22.990574122211676 ], [ 72.594656402249072, 22.990231843082658 ], [ 72.594962302249087, 22.989649050845728 ], [ 72.595114343948808, 22.989324698570908 ], [ 72.595235756132979, 22.988989582057158 ], [ 72.595398974658579, 22.98846545608215 ], [ 72.595610852230053, 22.987829828990169 ], [ 72.595718389110161, 22.987440796488244 ], [ 72.595784440914358, 22.987043996505051 ], [ 72.595808385088759, 22.986643168922495 ], [ 72.595789995953851, 22.986242091616393 ], [ 72.595729446831612, 22.985844544849819 ], [ 72.595554846831618, 22.984999040015808 ], [ 72.595451639745818, 22.984605415429758 ], [ 72.595307106798927, 22.984222970418788 ], [ 72.594952806798915, 22.983415261160694 ], [ 72.594674032657124, 22.982890068722497 ], [ 72.594297732657139, 22.982292359547998 ], [ 72.594069087889665, 22.981965610975731 ], [ 72.593808128855088, 22.981660069221874 ], [ 72.59351716121536, 22.981378434004441 ], [ 72.592912061215358, 22.980845322215359 ], [ 72.592581360266308, 22.980581156233676 ], [ 72.592224293407909, 22.980347887444136 ], [ 72.591844253507162, 22.980147732543568 ], [ 72.59144485172196, 22.979982593564657 ], [ 72.591029883187844, 22.979854039797011 ], [ 72.590794130198347, 22.979803889197992 ], [ 72.590690393460434, 22.979749928365916 ], [ 72.590326099696156, 22.979580062179576 ], [ 72.589946554172798, 22.979441358030893 ], [ 72.58955489407758, 22.979334962496097 ], [ 72.587992094077578, 22.978980651966527 ], [ 72.587532882308764, 22.978899616691141 ], [ 72.587067008312033, 22.978862971278986 ], [ 72.586599520636568, 22.97887111288253 ], [ 72.58613548531865, 22.978923953265376 ], [ 72.58567993098228, 22.979020919758831 ], [ 72.584175830982261, 22.979418031442059 ], [ 72.583798904518559, 22.979534397912484 ], [ 72.583434631076727, 22.979680993059528 ], [ 72.583085864456947, 22.979856668327514 ], [ 72.582755336975495, 22.980060047326354 ], [ 72.582445638059141, 22.980289536617967 ], [ 72.580963538059137, 22.981491064218567 ], [ 72.580690340288314, 22.981732094605928 ], [ 72.580440148653054, 22.981993439216378 ], [ 72.580214738824068, 22.982273243111575 ], [ 72.579352038824084, 22.983444163231141 ], [ 72.579137338878979, 22.983766343473551 ], [ 72.578955492184036, 22.984105225608726 ], [ 72.578808018186351, 22.984457977941879 ] ] ] } },
{ "type": "Feature", "properties": { "version": 3, "visible": null, "lon": null, "timestamp": 1678778082, "tags": { "visible": false, "name": "Sarkej Roza" }, "changeset": null, "lat": null, "id": 85209269, "natural": "water", "water": null, "wetland": null, "osm_type": "way", "grassland": null, "reef": null, "Risk": "Low" }, "geometry": { "type": "Polygon", "coordinates": [ [ [ 72.503983011405737, 22.997341447022951 ], [ 72.50464742656844, 22.997320531418222 ], [ 72.505492726568406, 22.997293832235403 ], [ 72.505926531009891, 22.997260702300423 ], [ 72.506354814398037, 22.997189073150498 ], [ 72.506773554190005, 22.997079617483667 ], [ 72.507178817478746, 22.996933363243965 ], [ 72.50756679793183, 22.996751683970185 ], [ 72.507933851541495, 22.996536285899566 ], [ 72.507949917690041, 22.996524701177123 ], [ 72.508147853809845, 22.996434649915347 ], [ 72.508512647926182, 22.996226638838998 ], [ 72.508854213519598, 22.995987531603749 ], [ 72.509169433015813, 22.995719510455995 ], [ 72.509455429309497, 22.995425021542815 ], [ 72.509709592024421, 22.995106752591255 ], [ 72.509929601339294, 22.994767608382578 ], [ 72.510113449161381, 22.994410684245153 ], [ 72.510259457455064, 22.994039237807744 ], [ 72.510366293557681, 22.993656659270766 ], [ 72.510432982343247, 22.993266440466751 ], [ 72.510458915122697, 22.992872142992184 ], [ 72.510486815122732, 22.990847343778565 ], [ 72.510470186704893, 22.990435603782817 ], [ 72.510409126994944, 22.990027430249995 ], [ 72.510304242297352, 22.98962687627035 ], [ 72.510156574085386, 22.989237919308938 ], [ 72.509967588659748, 22.988864421707234 ], [ 72.509739162588517, 22.988510092326599 ], [ 72.509473564073474, 22.988178449714773 ], [ 72.509173430427495, 22.987872787161216 ], [ 72.508841741886883, 22.987596139988703 ], [ 72.5084817920185, 22.987351255406075 ], [ 72.508097155015605, 22.987140565221932 ], [ 72.507691650207278, 22.986966161690443 ], [ 72.507269304133573, 22.986829776729341 ], [ 72.506834310563193, 22.986732764716866 ], [ 72.506390988850697, 22.986676089038539 ], [ 72.505943741046522, 22.986660312517657 ], [ 72.503667041046526, 22.986684513258528 ], [ 72.50321835906675, 22.986709993379886 ], [ 72.502774690907074, 22.986776634221666 ], [ 72.502340480704234, 22.986883768195426 ], [ 72.501920077856482, 22.987030322066445 ], [ 72.501517693456478, 22.987214827707916 ], [ 72.501137358109631, 22.98743543681185 ], [ 72.500782881560326, 22.987689939409307 ], [ 72.500457814530478, 22.987975786014012 ], [ 72.500165413152629, 22.988290113167437 ], [ 72.499908606353856, 22.988629772129034 ], [ 72.499689966517394, 22.988991360424059 ], [ 72.499511683715482, 22.989371255932589 ], [ 72.499375543771905, 22.989765653178001 ], [ 72.499282910373708, 22.990170601451222 ], [ 72.499234711411432, 22.990582044388592 ], [ 72.499231429684599, 22.990995860606667 ], [ 72.499234910836478, 22.991070755004802 ], [ 72.499341992073596, 22.993385146455342 ], [ 72.499382005377328, 22.993787060279264 ], [ 72.499464394956334, 22.994183467011137 ], [ 72.499588375792541, 22.994570589703816 ], [ 72.499752766581352, 22.994944739900106 ], [ 72.499956000987098, 22.995302352773219 ], [ 72.500196142567404, 22.995640021088231 ], [ 72.500470903223786, 22.995954527661123 ], [ 72.500777665002943, 22.996242876006416 ], [ 72.501113505040948, 22.996502318881472 ], [ 72.501475223412655, 22.996730384455908 ], [ 72.501859373620988, 22.996924899856918 ], [ 72.502262295435528, 22.997084011866402 ], [ 72.502680149767727, 22.997206204573036 ], [ 72.503108955250184, 22.997290313811206 ], [ 72.503544626171532, 22.997335538249455 ], [ 72.503983011405737, 22.997341447022951 ] ] ] } },
{ "type": "Feature", "properties": { "version": 3, "visible": null, "lon": null, "timestamp": 1648846687, "tags": { "visible": false }, "changeset": null, "lat": null, "id": 135070017, "natural": "water", "water": null, "wetland": null, "osm_type": "way", "grassland": null, "reef": null, "Risk": "Low" }, "geometry": { "type": "Polygon", "coordinates": [ [ [ 72.495866497242488, 22.981247745739061 ], [ 72.495917784244341, 22.981558520820847 ], [ 72.496030004050866, 22.981960948732954 ], [ 72.496185522470853, 22.982350976745074 ], [ 72.496382769465711, 22.982724667447556 ], [ 72.496619753725497, 22.983078248390996 ], [ 72.496894082772044, 22.983408150164998 ], [ 72.497202987112317, 22.983711042426282 ], [ 72.497275387112325, 22.983775241010985 ], [ 72.497583727383343, 22.984024678733192 ], [ 72.497915515187685, 22.984247160300804 ], [ 72.498267979588803, 22.984440827789207 ], [ 72.498638176968853, 22.984604063905191 ], [ 72.49902301561248, 22.984735505489525 ], [ 72.499419281527338, 22.984834054897732 ], [ 72.499823665285831, 22.984898889163944 ], [ 72.499971165285828, 22.984916188638664 ], [ 72.500404539169395, 22.984947494305207 ], [ 72.500839170654274, 22.984940085541425 ], [ 72.501270988611736, 22.98489403173777 ], [ 72.501695948266942, 22.984809764234218 ], [ 72.501879095882217, 22.98475594519315 ], [ 72.502310390250216, 22.984703974373058 ], [ 72.502755040882988, 22.984607300614982 ], [ 72.502899689854232, 22.98456114014472 ], [ 72.503294164483293, 22.984509919865591 ], [ 72.503363864483305, 22.984497620235338 ], [ 72.503793493020794, 22.984401405356614 ], [ 72.504210763997975, 22.984266768084982 ], [ 72.504611633751537, 22.984095013042275 ], [ 72.504992217558055, 22.983887804523501 ], [ 72.505348827279946, 22.983647150373919 ], [ 72.505678007106155, 22.983375382537677 ], [ 72.505812166199817, 22.98324046495588 ], [ 72.50606233491304, 22.983084240569635 ], [ 72.506137434913029, 22.983032341840023 ], [ 72.506486808310513, 22.982764407494304 ], [ 72.506804965524012, 22.982465325394191 ], [ 72.507088645792194, 22.982138160606112 ], [ 72.507334941704414, 22.981786266018002 ], [ 72.507541328998556, 22.981413247983692 ], [ 72.507705692431941, 22.981022929369043 ], [ 72.507826347460224, 22.980619310378259 ], [ 72.507902057502136, 22.980206527561609 ], [ 72.507932046613007, 22.979788811424445 ], [ 72.507916007437501, 22.979370443071776 ], [ 72.507854104359467, 22.978955710332745 ], [ 72.507746971817369, 22.978548863814499 ], [ 72.50772547181738, 22.97848216323376 ], [ 72.507595049834123, 22.978134921573758 ], [ 72.50743166383613, 22.977799707848789 ], [ 72.507236603679459, 22.977479168513689 ], [ 72.507011409272934, 22.977175834189868 ], [ 72.506757858421125, 22.976892099683695 ], [ 72.506661358421113, 22.976793397662899 ], [ 72.506342628593913, 22.976498657379071 ], [ 72.50599335298898, 22.976234883601553 ], [ 72.505746552988995, 22.976066879467545 ], [ 72.505680985430985, 22.976023082051697 ], [ 72.505503985431005, 22.975907079159697 ], [ 72.505132251938491, 22.975687961095247 ], [ 72.504738953169024, 22.975503493028949 ], [ 72.504327887331129, 22.97535545657135 ], [ 72.503903024215418, 22.975245281478237 ], [ 72.503468466857129, 22.975174031838346 ], [ 72.503028411911771, 22.975142395793512 ], [ 72.502587109126807, 22.975150678890696 ], [ 72.502471709126809, 22.975158079116596 ], [ 72.501996855326411, 22.975212048798671 ], [ 72.501530931185911, 22.975312216643982 ], [ 72.501150380103752, 22.975434568300255 ], [ 72.500742451904728, 22.975368513204202 ], [ 72.5002223, 22.975340690432475 ], [ 72.5000694, 22.975340690432475 ], [ 72.49963766268921, 22.975359838385959 ], [ 72.499209923608703, 22.975417104904963 ], [ 72.498790143961955, 22.975511959608092 ], [ 72.498382211241761, 22.97564352398749 ], [ 72.49798990322904, 22.975810579547449 ], [ 72.497616853007401, 22.976011579092496 ], [ 72.497266515318117, 22.976244661060385 ], [ 72.496942134566339, 22.97650766676713 ], [ 72.496646714775366, 22.97679816040397 ], [ 72.496382991766993, 22.977113451601102 ], [ 72.496153407825688, 22.977450620348858 ], [ 72.495960089080995, 22.977806544045315 ], [ 72.495909189081004, 22.977912745357379 ], [ 72.495760143552857, 22.978266938493821 ], [ 72.495647028529248, 22.9786322275936 ], [ 72.495570798434727, 22.979005530399295 ], [ 72.49553209647182, 22.979383697060705 ], [ 72.495531249194016, 22.979763536714014 ], [ 72.495536549194, 22.979874636564826 ], [ 72.495582521553999, 22.980310307440572 ], [ 72.495678259222245, 22.980739062151677 ], [ 72.495822689441269, 22.981156096514336 ], [ 72.495866497242488, 22.981247745739061 ] ] ] } },
{ "type": "Feature", "properties": { "version": 1, "visible": null, "lon": null, "timestamp": 1319822960, "tags": { "visible": false, "source:position": "Bing Imagery 2011", "source:tracer": "scanaerial", "source:zoomlevel": "16" }, "changeset": null, "lat": null, "id": 135070019, "natural": "water", "water": null, "wetland": null, "osm_type": "way", "grassland": null, "reef": null, "Risk": "Low" }, "geometry": { "type": "Polygon", "coordinates": [ [ [ 72.698184021053862, 23.034830077678567 ], [ 72.698221604075499, 23.034968201266931 ], [ 72.698281510303971, 23.03512233278374 ], [ 72.698283402707958, 23.035129786903635 ], [ 72.698413585717347, 23.035489711691621 ], [ 72.698520885717343, 23.035746408864629 ], [ 72.698701706448375, 23.03612210506207 ], [ 72.698922167251453, 23.036479422565861 ], [ 72.699180089507124, 23.036814830482356 ], [ 72.699472924397497, 23.03712501444668 ], [ 72.699797778093938, 23.037406909368794 ], [ 72.700151440354233, 23.037657729715789 ], [ 72.700530416246508, 23.037874997031512 ], [ 72.700930960686733, 23.038056564421904 ], [ 72.701349115447897, 23.038200637764238 ], [ 72.701780748275709, 23.038305793431057 ], [ 72.702221593724104, 23.038370992353798 ], [ 72.702667295306767, 23.038395590287365 ], [ 72.703113448548592, 23.038379344174327 ], [ 72.703555644510985, 23.038322414545984 ], [ 72.703658819107005, 23.038299335786917 ], [ 72.703709257468503, 23.038297074820498 ], [ 72.704145215123759, 23.038237741810274 ], [ 72.704572755809892, 23.038139378479933 ], [ 72.704987763623365, 23.038002931682037 ], [ 72.705386243313626, 23.037829714866803 ], [ 72.705764358745242, 23.037621395441946 ], [ 72.706118469828013, 23.037379978726005 ], [ 72.706445167559906, 23.037107788649312 ], [ 72.70650956755992, 23.037048589934106 ], [ 72.706805956542482, 23.036747966848448 ], [ 72.707068874164847, 23.036422039408627 ], [ 72.707295784823046, 23.036073950719949 ], [ 72.707484500167922, 23.035707057626468 ], [ 72.707633200209727, 23.035324898343323 ], [ 72.707684119933077, 23.035137961343732 ], [ 72.707719396217115, 23.035047199675681 ], [ 72.707826428352973, 23.034653839029858 ], [ 72.70789106243933, 23.034252718740078 ], [ 72.707912676420577, 23.033847699242642 ], [ 72.707905309311883, 23.033709649416267 ], [ 72.707909364803513, 23.033435855576556 ], [ 72.707912676420577, 23.0333738 ], [ 72.707912676420577, 23.0332553 ], [ 72.707891142103946, 23.032851023568295 ], [ 72.707826745641384, 23.032450622449524 ], [ 72.707815772376506, 23.032410215465291 ], [ 72.707795845642153, 23.032271415412929 ], [ 72.707691931242579, 23.03186666479445 ], [ 72.70754434751737, 23.031473571428144 ], [ 72.707354588505339, 23.031096114846985 ], [ 72.707124575199586, 23.030738116315522 ], [ 72.706856636100767, 23.030403200140022 ], [ 72.706553483644811, 23.030094756971629 ], [ 72.706494058691263, 23.030040093698656 ], [ 72.706216218382181, 23.029717600926343 ], [ 72.705900656925579, 23.029418835298905 ], [ 72.705554017696713, 23.029150822152697 ], [ 72.705179822525906, 23.028916284673464 ], [ 72.704781873209882, 23.02871760592592 ], [ 72.704364212885849, 23.028556804634714 ], [ 72.703931084953453, 23.028435514667727 ], [ 72.703759384953457, 23.028396013492454 ], [ 72.703338907880593, 23.02831869454878 ], [ 72.702912335587428, 23.028278627865213 ], [ 72.702483555665879, 23.028276178625134 ], [ 72.702056475827177, 23.028311369151883 ], [ 72.701634988288774, 23.028383878705235 ], [ 72.701222934302365, 23.028493046405579 ], [ 72.700824069146378, 23.028637877258998 ], [ 72.700442027902071, 23.028817051228433 ], [ 72.700080292324984, 23.029028935267995 ], [ 72.699742159113768, 23.029271598210673 ], [ 72.699430709865496, 23.029542828373561 ], [ 72.699148782991372, 23.029840153719981 ], [ 72.698898947848676, 23.03016086439451 ], [ 72.698662947848675, 23.030496569987292 ], [ 72.698447056451272, 23.030838495733914 ], [ 72.698369671742725, 23.030993501898958 ], [ 72.698326574780694, 23.031060713860512 ], [ 72.698136469847711, 23.031440212768327 ], [ 72.697988971685191, 23.031835435503126 ], [ 72.69788558777131, 23.032242342642643 ], [ 72.697827374722522, 23.032656775379724 ], [ 72.697814927494733, 23.033074498030192 ], [ 72.697848373302548, 23.033491241324928 ], [ 72.697891273302545, 23.03380724012332 ], [ 72.69798270396663, 23.034267292297002 ], [ 72.698130021129856, 23.034714893269992 ], [ 72.698184021053862, 23.034830077678567 ] ] ] } },
{ "type": "Feature", "properties": { "version": 9, "visible": null, "lon": null, "timestamp": 1690489328, "tags": { "visible": false, "name": "Vastrapur Lake" }, "changeset": null, "lat": null, "id": 135070029, "natural": "water", "water": "lake", "wetland": null, "osm_type": "way", "grassland": null, "reef": null, "Risk": "Low" }, "geometry": { "type": "Polygon", "coordinates": [ [ [ 72.52460815123645, 23.035684131401286 ], [ 72.524347926272497, 23.03597346656613 ], [ 72.524099163328472, 23.036313816518025 ], [ 72.523888281114736, 23.036675179134463 ], [ 72.523717356293389, 23.037053995743673 ], [ 72.523588072046238, 23.037446535818916 ], [ 72.523501701499569, 23.037848933719985 ], [ 72.523459095187164, 23.038257226764138 ], [ 72.523460672674574, 23.038667394251355 ], [ 72.523486972674576, 23.039122093509899 ], [ 72.523536783915077, 23.039553979151648 ], [ 72.523635566308997, 23.039978669404221 ], [ 72.523782229206063, 23.040391475378772 ], [ 72.523975153310346, 23.040787839439883 ], [ 72.524212208558765, 23.041163385520388 ], [ 72.524490777639073, 23.04151396743007 ], [ 72.524807784887358, 23.041835714625062 ], [ 72.524885284887361, 23.041906513083475 ], [ 72.525198753850475, 23.042167115532276 ], [ 72.525537442498788, 23.042399464245261 ], [ 72.525898354766881, 23.042601503999229 ], [ 72.526278297997592, 23.042771447675214 ], [ 72.526673911184304, 23.042907792062568 ], [ 72.527081694702929, 23.043009331152088 ], [ 72.527498041269595, 23.043075166800801 ], [ 72.527919267851075, 23.0431047166742 ], [ 72.528214767851097, 23.043112616431909 ], [ 72.528370431038923, 23.043114294307241 ], [ 72.528718631038899, 23.043112494362465 ], [ 72.529159407300767, 23.043090253796741 ], [ 72.529595682289809, 23.043028305162817 ], [ 72.529626707149035, 23.043020972101719 ], [ 72.529907491731038, 23.043006378813001 ], [ 72.530304013872126, 23.042952844802489 ], [ 72.5306937719443, 23.042866998970371 ], [ 72.53082247194429, 23.042832999973051 ], [ 72.53125638891143, 23.042695940302973 ], [ 72.531672849281733, 23.042518864632243 ], [ 72.531780149281744, 23.042466966041751 ], [ 72.532078220011456, 23.04230910848133 ], [ 72.532362291915348, 23.042130727148567 ], [ 72.53242499191532, 23.042088028201647 ], [ 72.532759186359556, 23.041836701111986 ], [ 72.533065624153195, 23.041557016857482 ], [ 72.533341475807759, 23.041251557730188 ], [ 72.533584194251375, 23.040923144016894 ], [ 72.533624694251387, 23.040862244992198 ], [ 72.533837666255351, 23.040503231718581 ], [ 72.534011035469987, 23.040126604870782 ], [ 72.534143104122805, 23.039736052553714 ], [ 72.534232578889998, 23.039335399269543 ], [ 72.534278583561814, 23.038928568469071 ], [ 72.534279679042982, 23.038713566084272 ], [ 72.534307337302465, 23.038398003297786 ], [ 72.534321481304048, 23.03801087595976 ], [ 72.534296183639697, 23.037624228976956 ], [ 72.534231666474156, 23.037241457911513 ], [ 72.53412849639875, 23.036865924315695 ], [ 72.533987579455683, 23.036500926208983 ], [ 72.533810153181022, 23.036149669112213 ], [ 72.533760353181037, 23.036062067866496 ], [ 72.533530466159689, 23.035703004863787 ], [ 72.533262458182918, 23.03536706904795 ], [ 72.532959053734032, 23.035057675620067 ], [ 72.532623337125528, 23.034777969967688 ], [ 72.532258721144942, 23.034530795681999 ], [ 72.531868912361602, 23.03431866564296 ], [ 72.531457873446811, 23.03414373646665 ], [ 72.531029782890585, 23.034007786574911 ], [ 72.530588992524443, 23.033912198110468 ], [ 72.530139983282155, 23.033857942881689 ], [ 72.529959983282154, 23.033844642475007 ], [ 72.529937251101018, 23.033844154035034 ], [ 72.52954516431258, 23.033799087187958 ], [ 72.529331389201332, 23.03379365977262 ], [ 72.529115347270576, 23.033769193067684 ], [ 72.52862204462464, 23.033763494059631 ], [ 72.528447844624651, 23.033770294268045 ], [ 72.528063409524492, 23.033800566245205 ], [ 72.527683215989583, 23.033861089716165 ], [ 72.52731006959128, 23.033951418018269 ], [ 72.527161569591257, 23.033993719257843 ], [ 72.52665510587947, 23.034169404720476 ], [ 72.526175282324033, 23.034399876881963 ], [ 72.525964182324032, 23.034516679952691 ], [ 72.525605776218597, 23.034737207252569 ], [ 72.525271996663193, 23.034988341380721 ], [ 72.524965918996671, 23.035267768302838 ], [ 72.52469036332154, 23.035572913300467 ], [ 72.52460815123645, 23.035684131401286 ] ] ] } },
{ "type": "Feature", "properties": { "version": 2, "visible": null, "lon": null, "timestamp": 1342858118, "tags": { "visible": false, "source:position": "Bing Imagery 2011", "source:tracer": "scanaerial", "source:zoomlevel": "16" }, "changeset": null, "lat": null, "id": 135070035, "natural": "water", "water": null, "wetland": null, "osm_type": "way", "grassland": null, "reef": null, "Risk": "Low" }, "geometry": { "type": "Polygon", "coordinates": [ [ [ 72.628033357096385, 23.023196031061175 ], [ 72.627925909571331, 23.023302839748702 ], [ 72.627765539865564, 23.023436475443575 ], [ 72.627459521846376, 23.02371728849246 ], [ 72.627184241797238, 23.024023866835091 ], [ 72.626942247857286, 23.024353372453035 ], [ 72.62673578005159, 23.02470275510991 ], [ 72.626566749556474, 23.025068780591759 ], [ 72.626436721008389, 23.025448060649868 ], [ 72.626346898021026, 23.025837084368746 ], [ 72.626298112043926, 23.026232250668546 ], [ 72.626290814666135, 23.026629901641162 ], [ 72.626305162337204, 23.0270524892438 ], [ 72.626310211425476, 23.027795452948869 ], [ 72.626335147762646, 23.028205337137774 ], [ 72.626404138025293, 23.028610922393579 ], [ 72.626516501757507, 23.029008208456428 ], [ 72.626671130707749, 23.029393276955723 ], [ 72.626866499759544, 23.029762330053774 ], [ 72.627100681973957, 23.030111727899371 ], [ 72.627371367594947, 23.030438024522152 ], [ 72.628432167594937, 23.031593001656411 ], [ 72.628744054868179, 23.031899532633719 ], [ 72.629088127371034, 23.032175359270756 ], [ 72.629460833957978, 23.03241763497882 ], [ 72.629858327953301, 23.032623859436224 ], [ 72.630276506852411, 23.032791904386169 ], [ 72.630711054663422, 23.032920035595374 ], [ 72.631157486452167, 23.033006930746918 ], [ 72.631611194630892, 23.03305169308306 ], [ 72.632008694630898, 23.033072192455332 ], [ 72.632444421748801, 23.033075181612439 ], [ 72.632760167514903, 23.033049077337186 ], [ 72.632907341901202, 23.033062278813539 ], [ 72.633370700067317, 23.03305970053659 ], [ 72.633566500067317, 23.033049300855023 ], [ 72.634032367696321, 23.033002015015217 ], [ 72.634490344589082, 23.032910310016817 ], [ 72.634935443942865, 23.032775184324667 ], [ 72.635362819175398, 23.032598109162731 ], [ 72.635767816698234, 23.032381012499872 ], [ 72.636146026588492, 23.032126258063613 ], [ 72.636493330607621, 23.0318366196102 ], [ 72.636933433264431, 23.03142913667304 ], [ 72.637159944640317, 23.031223972504598 ], [ 72.637245077411379, 23.031144756045304 ], [ 72.637438095579512, 23.030960242837942 ], [ 72.637478772538628, 23.03092604174963 ], [ 72.637741723333193, 23.030685910848025 ], [ 72.637982278158447, 23.030426654912986 ], [ 72.638075078158451, 23.030317856973177 ], [ 72.638300176687395, 23.030029226166171 ], [ 72.638497512795041, 23.029723872235579 ], [ 72.638665628719082, 23.029404050787736 ], [ 72.638803282552757, 23.029072124314894 ], [ 72.63884618255274, 23.028953625463561 ], [ 72.638973631676393, 23.028526509876887 ], [ 72.639050691220802, 23.028089294773309 ], [ 72.63907647642057, 23.027647 ], [ 72.63907647642057, 23.027489 ], [ 72.639054861058938, 23.027083948031464 ], [ 72.639010439474347, 23.026808260296526 ], [ 72.638989868656054, 23.026307600652707 ], [ 72.638949465730406, 23.025889159904608 ], [ 72.638863125695636, 23.025476652580227 ], [ 72.638731740242875, 23.025074338991658 ], [ 72.63855666627731, 23.024686374209203 ], [ 72.638339711904607, 23.024316765144668 ], [ 72.638083117757276, 23.023969329163535 ], [ 72.637789533854217, 23.023647654653598 ], [ 72.637656152274104, 23.023515746191656 ], [ 72.637528082002362, 23.023387213228453 ], [ 72.637193529095441, 23.023084785596435 ], [ 72.636937129503337, 23.022897072985394 ], [ 72.636791796521024, 23.022746986355074 ], [ 72.636507885895995, 23.022479234370408 ], [ 72.636198835570227, 23.022236202346747 ], [ 72.635867176892404, 23.022019881033149 ], [ 72.635515626390116, 23.021832042392148 ], [ 72.635147063519597, 23.021674225081799 ], [ 72.635012063519596, 23.021623123632807 ], [ 72.634569790682178, 23.02148005648127 ], [ 72.634113724543681, 23.021380195202443 ], [ 72.633648833279594, 23.021324627736199 ], [ 72.633180181202377, 23.021313959463981 ], [ 72.632588326410342, 23.02132893281988 ], [ 72.631916492548399, 23.021317326722443 ], [ 72.631479509239853, 23.021329362729091 ], [ 72.631045867227499, 23.021380440906974 ], [ 72.630619674717693, 23.021470077311388 ], [ 72.630204969342202, 23.021597422675647 ], [ 72.629805679906809, 23.021761270459642 ], [ 72.629425589170907, 23.021960068284265 ], [ 72.629068298010566, 23.022191932643125 ], [ 72.628737191304964, 23.022454666752012 ], [ 72.628435405868871, 23.022745781366893 ], [ 72.628226905868857, 23.022967585816389 ], [ 72.628033357096385, 23.023196031061175 ] ] ] } },
{ "type": "Feature", "properties": { "version": 1, "visible": null, "lon": null, "timestamp": 1324112686, "tags": { "visible": false, "source:position": "Bing Imagery 2011", "source:tracer": "scanaerial", "source:zoomlevel": "16" }, "changeset": null, "lat": null, "id": 141607197, "natural": "water", "water": null, "wetland": null, "osm_type": "way", "grassland": null, "reef": null, "Risk": "Low" }, "geometry": { "type": "Polygon", "coordinates": [ [ [ 72.581138344260609, 23.164796951120998 ], [ 72.5811587713508, 23.164869940389526 ], [ 72.581314946076034, 23.165260167821454 ], [ 72.581513013710392, 23.165633976489307 ], [ 72.581750966044154, 23.165987576496008 ], [ 72.58202639047613, 23.166317382861173 ], [ 72.582336494475214, 23.166620051862211 ], [ 72.582678133893793, 23.166892514928804 ], [ 72.583047844846305, 23.167132009747291 ], [ 72.583441878829618, 23.167336108260066 ], [ 72.583856240729176, 23.167502741276266 ], [ 72.584286729325413, 23.167630219444568 ], [ 72.584728979890087, 23.167717250375837 ], [ 72.58517850844018, 23.167762951742027 ], [ 72.585321278796627, 23.16776418560864 ], [ 72.585365642975248, 23.167767873487637 ], [ 72.585671335252556, 23.167809601702242 ], [ 72.586112, 23.167829523137101 ], [ 72.5862837, 23.167829523137101 ], [ 72.586363287788359, 23.167826155979135 ], [ 72.586398572992707, 23.167828505168888 ], [ 72.586848140596089, 23.167816978569121 ], [ 72.5872942006785, 23.167764176542889 ], [ 72.587732281017097, 23.167670628437833 ], [ 72.588157989394404, 23.167537272088243 ], [ 72.58856705763489, 23.167365444415626 ], [ 72.588955384397991, 23.167156868029334 ], [ 72.589319076298295, 23.166913633961343 ], [ 72.589654486940873, 23.16663818070813 ], [ 72.589958253480248, 23.166333269789423 ], [ 72.590227330336461, 23.166001958068652 ], [ 72.590459019730218, 23.165647567112252 ], [ 72.590650998730922, 23.165273649894825 ], [ 72.590801342546627, 23.16488395518352 ], [ 72.590812265513136, 23.164843038901669 ], [ 72.590943250334917, 23.16453795259455 ], [ 72.591061948193115, 23.164159059288085 ], [ 72.591140799365334, 23.163771483992637 ], [ 72.591179084958299, 23.163378760207635 ], [ 72.591176455918713, 23.162984468402168 ], [ 72.591132936215814, 23.16259220337259 ], [ 72.591048922622676, 23.162205541468342 ], [ 72.591006022622665, 23.162047740288443 ], [ 72.590876307595479, 23.161654799776606 ], [ 72.590704787079019, 23.161275645369997 ], [ 72.590493157105783, 23.160914026363169 ], [ 72.590243510319382, 23.160573518680248 ], [ 72.589958315282033, 23.160257489509231 ], [ 72.589640392064851, 23.159969063999643 ], [ 72.589292884362365, 23.159711094353156 ], [ 72.589177089345725, 23.159641379020727 ], [ 72.588832993060976, 23.159405174448224 ], [ 72.588453646651871, 23.15919484156127 ], [ 72.58805361008406, 23.159019888158209 ], [ 72.587636774583984, 23.158882016183224 ], [ 72.587207194784185, 23.158782566857575 ], [ 72.586833399099561, 23.158731328445342 ], [ 72.586808647508079, 23.158726164970364 ], [ 72.586380909885079, 23.158675919178094 ], [ 72.585949902902854, 23.158663617385521 ], [ 72.585519599150587, 23.158689372988643 ], [ 72.585093964735805, 23.158752948576375 ], [ 72.584676922728818, 23.158853758119569 ], [ 72.584272317003681, 23.158990872374407 ], [ 72.583883876809367, 23.159163027450276 ], [ 72.583515182397193, 23.159368636463046 ], [ 72.583169632021736, 23.159605804166247 ], [ 72.582850410619059, 23.159872344424993 ], [ 72.582721610619046, 23.159990747006646 ], [ 72.582497236896046, 23.160218437315365 ], [ 72.582249604419189, 23.160424762169281 ], [ 72.58218520441919, 23.160483963460134 ], [ 72.581889111425753, 23.160784285269123 ], [ 72.581626468497944, 23.16110984827818 ], [ 72.581399806080839, 23.161457515663859 ], [ 72.581211307963571, 23.161823937650581 ], [ 72.581062790239699, 23.162205583790332 ], [ 72.58095568380989, 23.162598776982225 ], [ 72.5808910205958, 23.162999728904104 ], [ 72.580869423598074, 23.163404576514566 ], [ 72.580891100893936, 23.16380941927358 ], [ 72.580955843632523, 23.164210356723164 ], [ 72.581063028047012, 23.164603526065754 ], [ 72.581138344260609, 23.164796951120998 ] ] ] } },
{ "type": "Feature", "properties": { "version": 9, "visible": null, "lon": null, "timestamp": 1679165999, "tags": { "visible": false }, "changeset": null, "lat": null, "id": 142616342, "natural": "water", "water": "river", "wetland": null, "osm_type": "way", "grassland": null, "reef": null, "Risk": "Low" }, "geometry": { "type": "Polygon", "coordinates": [ [ [ 72.506396405327791, 22.964766544989011 ], [ 72.506872995200368, 22.96536515600712 ], [ 72.50716564357802, 22.965695558351022 ], [ 72.507493681733251, 22.965996462634802 ], [ 72.507853623270321, 22.966264671048865 ], [ 72.510062225893748, 22.967743649257677 ], [ 72.510586941721186, 22.968160828210163 ], [ 72.513039022892087, 22.970325908943899 ], [ 72.514183849529104, 22.971595606668213 ], [ 72.515053794466624, 22.972897029636407 ], [ 72.516066652702193, 22.974578299262742 ], [ 72.51630592840327, 22.974932163843395 ], [ 72.51666002840328, 22.975401355651506 ], [ 72.516949426314213, 22.975744780344524 ], [ 72.517276379393053, 22.976058340032065 ], [ 72.517791279393052, 22.976502830110341 ], [ 72.518122164623122, 22.976761956324729 ], [ 72.518478691265983, 22.976990442284954 ], [ 72.51936919126598, 22.977504128964782 ], [ 72.519673650114015, 22.977664859206513 ], [ 72.521808750114019, 22.978692131345973 ], [ 72.522234974588272, 22.978871790904584 ], [ 72.522679216665537, 22.979009573565271 ], [ 72.523097214950667, 22.979095842424989 ], [ 72.523306180706768, 22.979245777597921 ], [ 72.523667043338989, 22.979457207583824 ], [ 72.524643343338994, 22.979970793937181 ], [ 72.524987152431677, 22.980133994015311 ], [ 72.525344938851973, 22.980269354627396 ], [ 72.525714048966663, 22.980375871914728 ], [ 72.526518648966658, 22.980573466071885 ], [ 72.526987058748475, 22.980664195914422 ], [ 72.527463296277261, 22.980708519291699 ], [ 72.527866422849741, 22.980726139328912 ], [ 72.528036677361513, 22.980766321287806 ], [ 72.528361241001519, 22.980877649560753 ], [ 72.528391636080002, 22.980887960585342 ], [ 72.529775636080004, 22.981352247234703 ], [ 72.529858795946453, 22.981379296113658 ], [ 72.531049695946464, 22.981754585246829 ], [ 72.531451857120558, 22.981862315818248 ], [ 72.531863169898457, 22.981935090468255 ], [ 72.532280057676005, 22.981972276435712 ], [ 72.533138357676009, 22.982011775228337 ], [ 72.53342607680807, 22.98200938443588 ], [ 72.533549677182194, 22.982066325428448 ], [ 72.533988103160468, 22.982218086520646 ], [ 72.534644098711325, 22.98240986184614 ], [ 72.535278653897734, 22.982601367044413 ], [ 72.53569253199953, 22.982706395258237 ], [ 72.536104093882884, 22.982772741635731 ], [ 72.536235472396811, 22.982853377241387 ], [ 72.536576699600815, 22.983043230861121 ], [ 72.536934870206267, 22.983204478470828 ], [ 72.537307161989631, 22.983335849616182 ], [ 72.537690641458852, 22.983436309240002 ], [ 72.538030419068903, 22.983510485484551 ], [ 72.538096630345279, 22.983547931609898 ], [ 72.538759308658442, 22.983954673928043 ], [ 72.539088081491556, 22.984166036618376 ], [ 72.539410438415359, 22.984457407870529 ], [ 72.539662803922894, 22.98466879585386 ], [ 72.539931871095874, 22.984861937938639 ], [ 72.540248371095871, 22.985071832725563 ], [ 72.540384028919235, 22.985154706856601 ], [ 72.540450715160489, 22.985407786622606 ], [ 72.540510359146779, 22.985611340549195 ], [ 72.54062835914678, 22.985976737361664 ], [ 72.540717517659004, 22.986224018024739 ], [ 72.540910617658994, 22.986708012916459 ], [ 72.541092539426529, 22.98710020433526 ], [ 72.541339339426528, 22.987564398087972 ], [ 72.541526773284318, 22.987881145983589 ], [ 72.541743479633794, 22.988181650438761 ], [ 72.541987809444393, 22.98846362487561 ], [ 72.542257903484384, 22.988724923727428 ], [ 72.542482009799485, 22.988923609381686 ], [ 72.542735008983144, 22.989243186567819 ], [ 72.543024708983154, 22.989559180328108 ], [ 72.543437189931794, 22.98995266114758 ], [ 72.543488286846127, 22.990033777802292 ], [ 72.543737906872494, 22.990354948367191 ], [ 72.544019671671293, 22.990652731150476 ], [ 72.544111914150164, 22.990733223211826 ], [ 72.544223624278359, 22.990865120200844 ], [ 72.544526072761556, 22.991158055922934 ], [ 72.544858142062168, 22.991422410667379 ], [ 72.545351642062172, 22.991778002093845 ], [ 72.545704256363564, 22.992007788666566 ], [ 72.546127089722503, 22.992256128166158 ], [ 72.546789697561792, 22.992742518587001 ], [ 72.547218105771449, 22.993020947525718 ], [ 72.548372187455215, 22.993681598488269 ], [ 72.549867659221789, 22.994660223193915 ], [ 72.550246034928961, 22.995103610927092 ], [ 72.550536486770199, 22.995411424783196 ], [ 72.550858460239738, 22.995691407804038 ], [ 72.55120882444956, 22.995940837600081 ], [ 72.551584172438496, 22.996157288877527 ], [ 72.551980854301732, 22.996338657015198 ], [ 72.552395012682609, 22.996483178523672 ], [ 72.552822620281901, 22.996589448187894 ], [ 72.553259519019406, 22.996656432726976 ], [ 72.553701460467352, 22.996683480838275 ], [ 72.554144147162404, 22.99667032952846 ], [ 72.554583274394403, 22.996617106669902 ], [ 72.555014572065531, 22.996524329757726 ], [ 72.555433846213191, 22.996392900879453 ], [ 72.555837019792065, 22.996224097946193 ], [ 72.556220172319755, 22.996019562270433 ], [ 72.556579577999671, 22.995781282611155 ], [ 72.55691174195087, 22.995511575841114 ], [ 72.557213434192505, 22.995213064424128 ], [ 72.557409992849401, 22.994998247124755 ], [ 72.557509290251673, 22.994898079644891 ], [ 72.557785503259495, 22.994590921774609 ], [ 72.557832940495032, 22.99453266440031 ], [ 72.557999738335624, 22.994347368182584 ], [ 72.561057787269888, 22.990956632562124 ], [ 72.561322224557998, 22.990632290001859 ], [ 72.561550875802709, 22.990285659884027 ], [ 72.561741541533735, 22.989920076397595 ], [ 72.561892387675726, 22.989539056069201 ], [ 72.562001963190866, 22.989146263941869 ], [ 72.562069214036811, 22.988745478324198 ], [ 72.562093493305937, 22.988340554448889 ], [ 72.562074567448093, 22.987935387390053 ], [ 72.562012618517215, 22.987533874596028 ], [ 72.561908242420131, 22.987139878397929 ], [ 72.561762443184278, 22.986757188854764 ], [ 72.561576623299644, 22.986389487292449 ], [ 72.561352570227825, 22.986040310887685 ], [ 72.561092439207798, 22.985713018637469 ], [ 72.560798732523978, 22.98541075904182 ], [ 72.560474275435965, 22.985136439810802 ], [ 72.560248950412841, 22.984963898392856 ], [ 72.559182436478025, 22.984096625339877 ], [ 72.558842021266898, 22.983845799434452 ], [ 72.558476792562601, 22.983626541647343 ], [ 72.558090192136035, 22.983440918335457 ], [ 72.557685863156593, 22.983290678881254 ], [ 72.557267615860681, 22.983177239201961 ], [ 72.556839391645326, 22.983101668401989 ], [ 72.556405225926127, 22.983064678694625 ], [ 72.556175904337721, 22.983065699029982 ], [ 72.555202686964549, 22.982615754164271 ], [ 72.554403283962031, 22.982231184237037 ], [ 72.553998858497067, 22.98205955775386 ], [ 72.553870286664889, 22.982018651117382 ], [ 72.553747877770661, 22.981939901298141 ], [ 72.553646451737649, 22.981883020686389 ], [ 72.553580755736547, 22.981799391215347 ], [ 72.553287205045947, 22.981494200990245 ], [ 72.552962440153195, 22.981217102970618 ], [ 72.552495740153191, 22.980856594517487 ], [ 72.552189161436644, 22.980639768180257 ], [ 72.551863465598615, 22.98044801585322 ], [ 72.55152106552805, 22.980282758226117 ], [ 72.55117977771755, 22.980134910621377 ], [ 72.550522653432893, 22.979771442807049 ], [ 72.550228420715626, 22.979622189777157 ], [ 72.549922894115838, 22.979493600133779 ], [ 72.548465180960889, 22.978939775804193 ], [ 72.546926133445481, 22.978218997752382 ], [ 72.545518821328628, 22.977316396511434 ], [ 72.545327904386028, 22.97710484789291 ], [ 72.545064858189605, 22.976837949142059 ], [ 72.544777569590622, 22.976593149785771 ], [ 72.544468220704289, 22.976372309334884 ], [ 72.542816020704279, 22.975295582440879 ], [ 72.542356888266227, 22.975033047657142 ], [ 72.541562988266222, 22.974637937021004 ], [ 72.541175232239837, 22.9744665130792 ], [ 72.540771443704713, 22.974330024350714 ], [ 72.540355325895135, 22.974229722711392 ], [ 72.539930695119878, 22.974166528131168 ], [ 72.539922999138653, 22.974165728659827 ], [ 72.538032574897514, 22.973419827923262 ], [ 72.537591627975374, 22.973232914504791 ], [ 72.536433866439324, 22.972622601817449 ], [ 72.536058392476946, 22.972445681572083 ], [ 72.533312849121231, 22.971298417086096 ], [ 72.532551766846666, 22.970962040822993 ], [ 72.532155574656727, 22.970807964554098 ], [ 72.531745193119136, 22.970689483042509 ], [ 72.531324384925568, 22.970607682712046 ], [ 72.530262184925562, 22.970449677939694 ], [ 72.529940391175813, 22.97041483000713 ], [ 72.529565961711796, 22.970234700047776 ], [ 72.529219667459657, 22.970085028647755 ], [ 72.527706867459671, 22.969502212198769 ], [ 72.527295668122107, 22.969365046383359 ], [ 72.525549910737823, 22.968869798406793 ], [ 72.524472309250214, 22.968512900026361 ], [ 72.524354518919665, 22.968454443325179 ], [ 72.524285483344741, 22.968285902998055 ], [ 72.524158133144311, 22.967482998944945 ], [ 72.524063861644422, 22.967051052059869 ], [ 72.523920216211181, 22.966630789150194 ], [ 72.523728827207023, 22.966226980291918 ], [ 72.523491866879482, 22.965844208845674 ], [ 72.522423125237381, 22.964313555863992 ], [ 72.521744730490596, 22.963319136809297 ], [ 72.520497939617513, 22.960850708877537 ], [ 72.520508929122713, 22.960777822896851 ], [ 72.520528438876738, 22.960409309716855 ], [ 72.520512202509821, 22.960040660955563 ], [ 72.520460349239841, 22.959674810532182 ], [ 72.5201779571956, 22.958198933860789 ], [ 72.520180942475221, 22.957680114217734 ], [ 72.520273929600322, 22.957602060729961 ], [ 72.520576084453893, 22.957323031551585 ], [ 72.520848029708617, 22.957018790774967 ], [ 72.521050923162093, 22.95674176391498 ], [ 72.521343913302957, 22.956564285321093 ], [ 72.52168634671888, 22.956309325533162 ], [ 72.522000019592952, 22.956024713151358 ], [ 72.522281916697111, 22.955713183877418 ], [ 72.522474093258566, 22.955478283735172 ], [ 72.523150251787214, 22.955071015598463 ], [ 72.523526646366534, 22.954817678240584 ], [ 72.524004117910977, 22.954459867462582 ], [ 72.524838983303454, 22.954308982626333 ], [ 72.52499512652507, 22.954479631540487 ], [ 72.5253406395762, 22.954784487607462 ], [ 72.525719413721859, 22.955053765432275 ], [ 72.527659213721861, 22.956286734409989 ], [ 72.528163916193336, 22.956564471736883 ], [ 72.530944659623515, 22.957875366473953 ], [ 72.531724490277938, 22.958282903361301 ], [ 72.531993326862562, 22.958629075235827 ], [ 72.532301837609381, 22.95895006166517 ], [ 72.532644772225339, 22.959239921507375 ], [ 72.533018447087429, 22.959495541450099 ], [ 72.533418848377181, 22.959714175959789 ], [ 72.534105448377176, 22.960046066974151 ], [ 72.534386375285379, 22.960170608004123 ], [ 72.534952875285413, 22.96039980158778 ], [ 72.535387384765315, 22.960551421179893 ], [ 72.535836581323721, 22.960660894944152 ], [ 72.536295657475478, 22.960727051350986 ], [ 72.5367597, 22.960749182431357 ], [ 72.5376008, 22.960749182431357 ], [ 72.537989530270764, 22.960733664431231 ], [ 72.538375343362787, 22.960687226873169 ], [ 72.538755343988953, 22.96061021821054 ], [ 72.53956214398896, 22.960412624049688 ], [ 72.539952282154658, 22.960299325174944 ], [ 72.540329606956035, 22.960153812227801 ], [ 72.540690988428693, 22.959977292157678 ], [ 72.5423046884287, 22.959100115255165 ], [ 72.542592117994801, 22.95892997562574 ], [ 72.546883617994794, 22.956171744779319 ], [ 72.547253332490087, 22.955906673781808 ], [ 72.549175932490115, 22.954373409215439 ], [ 72.549517245580788, 22.954070766130453 ], [ 72.549822035334614, 22.953736697206725 ], [ 72.55008690977634, 22.953374920046262 ], [ 72.550859409776336, 22.952189338693007 ], [ 72.551075738259314, 22.951815097051082 ], [ 72.55124932560571, 22.951422428191041 ], [ 72.55184152560571, 22.949857543931877 ], [ 72.551985792703491, 22.949389279966233 ], [ 72.55234629270349, 22.947887589873751 ], [ 72.552435591339616, 22.947349913964992 ], [ 72.552555528449602, 22.946068258817661 ], [ 72.55279965559464, 22.944367243980931 ], [ 72.552823434353925, 22.944162404285908 ], [ 72.552935034353908, 22.942905607416066 ], [ 72.552949680608293, 22.942521029255225 ], [ 72.552925453205177, 22.942136860879415 ], [ 72.55277955320517, 22.9408563567962 ], [ 72.552714343099595, 22.940465326899229 ], [ 72.552608866156291, 22.940081821502112 ], [ 72.552464087249007, 22.939709348884296 ], [ 72.551919498275979, 22.938494741738456 ], [ 72.551383346521703, 22.937280058467877 ], [ 72.551172498533447, 22.936868769385207 ], [ 72.550913893490574, 22.936481283848718 ], [ 72.550610657951793, 22.936122286817788 ], [ 72.549632257951785, 22.93508686605195 ], [ 72.549473994856527, 22.934927940937932 ], [ 72.548136612808293, 22.93365331141305 ], [ 72.546785909172598, 22.932112821973536 ], [ 72.546390021533526, 22.931717021570041 ], [ 72.545169126858625, 22.930645505245142 ], [ 72.543757423735343, 22.929314857176873 ], [ 72.543288871384135, 22.928930907655886 ], [ 72.541054071384124, 22.927342569251142 ], [ 72.540682825314562, 22.927105165326179 ], [ 72.54028755399689, 22.926903324472438 ], [ 72.539872259618434, 22.926739090524908 ], [ 72.539441147103361, 22.92661412651875 ], [ 72.538998581537101, 22.926529697845229 ], [ 72.538549043969056, 22.926486659434925 ], [ 72.538097086041361, 22.926485447098393 ], [ 72.537647283902643, 22.926526073111845 ], [ 72.537204191873855, 22.926608126092862 ], [ 72.536772296334959, 22.926730775167186 ], [ 72.536355970299567, 22.926892778384467 ], [ 72.535959429137563, 22.927092495297604 ], [ 72.53418982913756, 22.928093421346734 ], [ 72.53381478048, 22.928330449256233 ], [ 72.53346768429158, 22.928601196528913 ], [ 72.533152100201789, 22.928902886335006 ], [ 72.532871264669097, 22.929232424512435 ], [ 72.532628057789822, 22.929586431306848 ], [ 72.532424973761195, 22.929961276040356 ], [ 72.532264095302409, 22.930353114353018 ], [ 72.532147072295302, 22.93075792763489 ], [ 72.532075104864106, 22.931171564244032 ], [ 72.532048931067592, 22.931589782087471 ], [ 72.532068819329965, 22.932008292128263 ], [ 72.532134565688011, 22.9324228023725 ], [ 72.532310365688005, 22.933239497521438 ], [ 72.532405451592354, 22.933597010834767 ], [ 72.532534669685717, 22.933945323343096 ], [ 72.532696996828705, 22.934281677214994 ], [ 72.532891147726957, 22.934603409323987 ], [ 72.533115585107922, 22.934907972331882 ], [ 72.533519213393319, 22.935406432091444 ], [ 72.533675840173473, 22.936120472372316 ], [ 72.533272750041377, 22.93620162517588 ], [ 72.532825823859298, 22.936314130337927 ], [ 72.532393860285552, 22.936468437387081 ], [ 72.531981455687244, 22.936662904258601 ], [ 72.531592998311552, 22.936895461533332 ], [ 72.531232621591954, 22.937163634464738 ], [ 72.530904160165917, 22.937464569319875 ], [ 72.530125860165896, 22.938255285545431 ], [ 72.529875780063321, 22.938532757554889 ], [ 72.529652891394647, 22.938829232724004 ], [ 72.528985591394658, 22.939805148613292 ], [ 72.528784690338085, 22.94013078183966 ], [ 72.528616596127236, 22.940471814013289 ], [ 72.528482686833286, 22.940825449176177 ], [ 72.52838406027243, 22.941188788066725 ], [ 72.528321525005666, 22.941558851891362 ], [ 72.52829559371007, 22.941932606747503 ], [ 72.528265253937789, 22.943441188611672 ], [ 72.527404513407021, 22.9434601350323 ], [ 72.525987934315481, 22.94305621683478 ], [ 72.525016009190836, 22.942638154655185 ], [ 72.523980199806857, 22.942083431445749 ], [ 72.52347220998422, 22.941849625371507 ], [ 72.521910009984225, 22.941241008242628 ], [ 72.521515937606551, 22.94110711993066 ], [ 72.519971037606538, 22.94065660680614 ], [ 72.519615623127038, 22.940567552054919 ], [ 72.519253480176943, 22.940505615012924 ], [ 72.517459580176933, 22.940268407838037 ], [ 72.516911388600192, 22.940227250599822 ], [ 72.516361844652735, 22.940248105027521 ], [ 72.514525044652757, 22.940422010313771 ], [ 72.513918283524717, 22.940518530359572 ], [ 72.512407683524714, 22.940858440449649 ], [ 72.512015920379142, 22.940964181558655 ], [ 72.511636200999234, 22.94110224328184 ], [ 72.511271662304708, 22.941271484973392 ], [ 72.50989836230471, 22.941982903921318 ], [ 72.509572309136544, 22.942169124688665 ], [ 72.50926470298532, 22.942380290670059 ], [ 72.507925802985326, 22.943384114459839 ], [ 72.507572062390437, 22.94367946482495 ], [ 72.507254367756133, 22.94400772690302 ], [ 72.506155667756133, 22.945272351048299 ], [ 72.505834160359385, 22.945693729260739 ], [ 72.504812860359365, 22.947227053763854 ], [ 72.504563436400716, 22.94765632570823 ], [ 72.503636436400711, 22.949505849399277 ], [ 72.50351340349232, 22.9497760890237 ], [ 72.502740903492324, 22.951657109363239 ], [ 72.502612662197151, 22.952018862460527 ], [ 72.502521070698052, 22.952389936860119 ], [ 72.502177770698069, 22.95415244637271 ], [ 72.502115095215316, 22.954637847006953 ], [ 72.502115050997816, 22.955126664757135 ], [ 72.502218050997797, 22.956731061862374 ], [ 72.502270131069395, 22.957160235230841 ], [ 72.502553331069407, 22.958740827363631 ], [ 72.502662947159862, 22.959193115555721 ], [ 72.503255247159856, 22.961121499507719 ], [ 72.503414172376054, 22.961548430350593 ], [ 72.503622674221361, 22.961956872883157 ], [ 72.504187574221362, 22.962922758877824 ], [ 72.50442755362522, 22.963286833014067 ], [ 72.504706924895487, 22.963626251757244 ], [ 72.505022725447134, 22.963937415949029 ], [ 72.5053716063818, 22.964217026062926 ], [ 72.505749868001132, 22.964462117185288 ], [ 72.506153499040039, 22.96467009044807 ], [ 72.506396405327791, 22.964766544989011 ] ] ] } },
{ "type": "Feature", "properties": { "version": 2, "visible": null, "lon": null, "timestamp": 1416419772, "tags": { "visible": false, "name": "Asarva Lake" }, "changeset": null, "lat": null, "id": 172374564, "natural": "water", "water": null, "wetland": null, "osm_type": "way", "grassland": null, "reef": null, "Risk": "Low" }, "geometry": { "type": "Polygon", "coordinates": [ [ [ 72.605179723221212, 23.047453470586575 ], [ 72.605368823221198, 23.047571467589524 ], [ 72.605755972966548, 23.047787663402168 ], [ 72.606164813624957, 23.047966886998939 ], [ 72.606591189028805, 23.048107316590198 ], [ 72.607030764756843, 23.048207524728479 ], [ 72.607479072196767, 23.048266492814573 ], [ 72.608060272196767, 23.048315591314093 ], [ 72.608465868955165, 23.04833289679134 ], [ 72.608871506826873, 23.048316427449464 ], [ 72.609273870971734, 23.048266317862279 ], [ 72.609669673302264, 23.048182977484096 ], [ 72.610055679353565, 23.048067087304879 ], [ 72.610428734715185, 23.047919594287308 ], [ 72.610708534715201, 23.047794897731418 ], [ 72.611096395635457, 23.047599804103768 ], [ 72.611461538540311, 23.047370573897528 ], [ 72.611800427028015, 23.04710942703456 ], [ 72.612109778970336, 23.046818892539296 ], [ 72.612386598299892, 23.046501784052033 ], [ 72.612628204026976, 23.046161172585837 ], [ 72.612832256204982, 23.045800356790711 ], [ 72.612954856204979, 23.045554759936667 ], [ 72.61312432559896, 23.045163963004409 ], [ 72.613249738473669, 23.044759334939773 ], [ 72.613298038473673, 23.044566836268682 ], [ 72.613375019364227, 23.044174603600798 ], [ 72.613410585367248, 23.043777370303403 ], [ 72.613404405734173, 23.043378830447796 ], [ 72.613356537932958, 23.04298269028833 ], [ 72.613313537932953, 23.042735889089471 ], [ 72.613227296913323, 23.042355996947936 ], [ 72.613102715655415, 23.041985221835223 ], [ 72.612940892528499, 23.041626832774547 ], [ 72.612743254244364, 23.041283989610264 ], [ 72.612511543278785, 23.04095971514522 ], [ 72.61238284327878, 23.040796812205986 ], [ 72.612105304061075, 23.04047962931725 ], [ 72.611795193944502, 23.040189117646367 ], [ 72.61145552316718, 23.039928097370499 ], [ 72.611311523167174, 23.039828094921326 ], [ 72.610929412903744, 23.03959005895377 ], [ 72.610522780425725, 23.039389354944507 ], [ 72.610095917307675, 23.039228101282486 ], [ 72.609653328637123, 23.0391079999733 ], [ 72.609250928637138, 23.0390191973238 ], [ 72.608839137678373, 23.038946837081099 ], [ 72.608421809149789, 23.038910123242683 ], [ 72.60800257874817, 23.038909375682593 ], [ 72.607585098739108, 23.038944600914061 ], [ 72.607198898739099, 23.03899400241535 ], [ 72.606791815643916, 23.039063809660554 ], [ 72.606393448649797, 23.039167820101543 ], [ 72.606007183675743, 23.039305149623917 ], [ 72.605636303779704, 23.039474630896017 ], [ 72.6054432037797, 23.039573333543434 ], [ 72.60506858704305, 23.039787616826917 ], [ 72.604718616600593, 23.040034679871276 ], [ 72.604396667562185, 23.04031213983086 ], [ 72.604105844799676, 23.040617320706886 ], [ 72.603848953003549, 23.040947279161575 ], [ 72.603628469634558, 23.041298832910563 ], [ 72.603446521031103, 23.041668591419281 ], [ 72.603366021031093, 23.04185619353342 ], [ 72.603224127150469, 23.042241347888748 ], [ 72.603124052854355, 23.042637468770426 ], [ 72.603066767003725, 23.043040721087554 ], [ 72.603052824206728, 23.043447200740051 ], [ 72.603058224206748, 23.043728500587601 ], [ 72.603080310085574, 23.044071301983411 ], [ 72.603133244316567, 23.044411232209896 ], [ 72.603216661491274, 23.044745944736775 ], [ 72.60329626149128, 23.045013742568695 ], [ 72.603423942930931, 23.045376597696396 ], [ 72.603587429925341, 23.045727076408209 ], [ 72.603785330303126, 23.046062194315123 ], [ 72.60385723030312, 23.046171592577792 ], [ 72.604129474965688, 23.046539507202041 ], [ 72.604443136896023, 23.046878347667651 ], [ 72.60479457829932, 23.047184184397004 ], [ 72.605179723221212, 23.047453470586575 ] ] ] } },
{ "type": "Feature", "properties": { "version": 2, "visible": null, "lon": null, "timestamp": 1641497291, "tags": { "visible": false, "addr:city": "Ahmedabad", "addr:postcode": "382415", "name": "Odhav Talav", "name:en": "Odhav Lake" }, "changeset": null, "lat": null, "id": 172636934, "natural": "water", "water": null, "wetland": null, "osm_type": "way", "grassland": null, "reef": null, "Risk": "Low" }, "geometry": { "type": "Polygon", "coordinates": [ [ [ 72.662429888820085, 23.029357890368274 ], [ 72.662626688820097, 23.029474787356389 ], [ 72.663067026599364, 23.02970506592434 ], [ 72.663532734751001, 23.029888258005737 ], [ 72.664017891982681, 23.030022034582657 ], [ 72.664243291982686, 23.030071633103358 ], [ 72.664678642250976, 23.030146764275848 ], [ 72.665119916575705, 23.030182067655588 ], [ 72.66556282356602, 23.030177199948685 ], [ 72.66600305595334, 23.030132208489235 ], [ 72.66629675595334, 23.030088609809191 ], [ 72.666711620206343, 23.030008375609167 ], [ 72.667116417299766, 23.02989250367337 ], [ 72.667507541283669, 23.029742026103683 ], [ 72.667881508008691, 23.029558283247493 ], [ 72.668234986163142, 23.029342911761777 ], [ 72.668461886163129, 23.029190015544781 ], [ 72.668810324324397, 23.028929641217424 ], [ 72.669128786241629, 23.028638562305996 ], [ 72.66941409185732, 23.028319685241382 ], [ 72.66966339220194, 23.027976194041312 ], [ 72.669794892201949, 23.027773797226399 ], [ 72.670015916911595, 23.027388947762571 ], [ 72.670191741395797, 23.02698484014682 ], [ 72.670320415881903, 23.026565955502345 ], [ 72.670366015881896, 23.02638075675738 ], [ 72.670436934467375, 23.026018622311046 ], [ 72.670472580104601, 23.025652117445723 ], [ 72.670472670339294, 23.025284146304262 ], [ 72.670437204456448, 23.024917624671872 ], [ 72.670407704456437, 23.024715223846787 ], [ 72.670320528954164, 23.024288573238731 ], [ 72.670185216076419, 23.023872688378546 ], [ 72.670003258219467, 23.023472156274703 ], [ 72.669776662237652, 23.023091394642201 ], [ 72.669507927309184, 23.022734603171696 ], [ 72.669200017372319, 23.022405717202055 ], [ 72.669079317372308, 23.022289714742147 ], [ 72.668739454517961, 23.021995342861167 ], [ 72.668368237373883, 23.021735016655594 ], [ 72.667969673732983, 23.02151154690474 ], [ 72.667548066630715, 23.021327346456449 ], [ 72.667107967888015, 23.021184404168981 ], [ 72.666917467888013, 23.021132602645874 ], [ 72.666835036315419, 23.021110972445545 ], [ 72.666561436315433, 23.021041770399727 ], [ 72.666151932199568, 23.020956914962447 ], [ 72.665735609474225, 23.020907613542821 ], [ 72.665316104139151, 23.020894296759288 ], [ 72.664897079989785, 23.020917080926058 ], [ 72.664482196619019, 23.020975767036944 ], [ 72.664163096619006, 23.021035068819099 ], [ 72.663728091471015, 23.021136970380848 ], [ 72.663306309713391, 23.021278323895469 ], [ 72.662901963845343, 23.021457717488765 ], [ 72.662519092227001, 23.021673359339072 ], [ 72.662161518746771, 23.021923095578813 ], [ 72.661832814630671, 23.022204431812689 ], [ 72.661642314630683, 23.022384635665549 ], [ 72.661326588398197, 23.022717115909551 ], [ 72.661051196478141, 23.023078693011851 ], [ 72.660819281079057, 23.02346524117841 ], [ 72.660693281079062, 23.023704644378341 ], [ 72.660531978570106, 23.02405040838206 ], [ 72.660405506887443, 23.024408238233121 ], [ 72.660314913963958, 23.024775168901751 ], [ 72.660260950444425, 23.025148159971916 ], [ 72.660244063465655, 23.025524120836042 ], [ 72.660264392951632, 23.02589993630464 ], [ 72.660288492951636, 23.026132035627619 ], [ 72.660352330625372, 23.026535482781476 ], [ 72.660459041511771, 23.026931178946757 ], [ 72.660607587567881, 23.027315275026584 ], [ 72.660796523794204, 23.027684034795147 ], [ 72.661024012290994, 23.028033871237795 ], [ 72.661129912290988, 23.028179868752147 ], [ 72.661403986748198, 23.028518825780857 ], [ 72.661714225758033, 23.02883026380411 ], [ 72.662057388156839, 23.029110929333118 ], [ 72.662429888820085, 23.029357890368274 ] ] ] } },
{ "type": "Feature", "properties": { "version": 1, "visible": null, "lon": null, "timestamp": 1343121051, "tags": { "visible": false }, "changeset": null, "lat": null, "id": 172772866, "natural": "water", "water": null, "wetland": null, "osm_type": "way", "grassland": null, "reef": null, "Risk": "Low" }, "geometry": { "type": "Polygon", "coordinates": [ [ [ 72.655831575034085, 22.979079238754998 ], [ 72.655772177001623, 22.979181049924442 ], [ 72.65560146673775, 22.979559290329913 ], [ 72.655472238547375, 22.979951222311687 ], [ 72.655385760313891, 22.980353000445213 ], [ 72.655342880492441, 22.980760682735415 ], [ 72.655344019785446, 22.981170269295184 ], [ 72.655389167015102, 22.981577741590407 ], [ 72.655477879232947, 22.981979101866592 ], [ 72.655609286065825, 22.982370412370173 ], [ 72.655782098255187, 22.982747833979772 ], [ 72.655994620306387, 22.983107663868541 ], [ 72.656244767123383, 22.983446371828187 ], [ 72.656530084466112, 22.98376063489847 ], [ 72.656847773029469, 22.984047369962802 ], [ 72.657194715907934, 22.984303763990194 ], [ 72.657567509176062, 22.984527301627285 ], [ 72.657959457984674, 22.984714340464492 ], [ 72.658046874467658, 22.984771249414905 ], [ 72.658435902487255, 22.984974360903095 ], [ 72.658844943063514, 22.985140848562928 ], [ 72.659269940730582, 22.985269061877066 ], [ 72.659706681814768, 22.98535772977468 ], [ 72.660150836211315, 22.985405973229216 ], [ 72.660598000315559, 22.985413313970469 ], [ 72.660917200315552, 22.985403914258043 ], [ 72.661342510267303, 22.985372724998722 ], [ 72.661717720901066, 22.985311824079258 ], [ 72.661831328255502, 22.985299100822502 ], [ 72.662234610336995, 22.985218822845471 ], [ 72.662628188898935, 22.985104814726498 ], [ 72.66283478889892, 22.985035216727141 ], [ 72.662871164201775, 22.98502279861016 ], [ 72.663469264201765, 22.984815904538394 ], [ 72.663891771989384, 22.984646500788639 ], [ 72.66429320089766, 22.984438132827112 ], [ 72.664669325102636, 22.984192993959301 ], [ 72.665016185161832, 22.983913664558493 ], [ 72.665330129695079, 22.983603084910396 ], [ 72.665607853822507, 22.983264524269376 ], [ 72.665846433954755, 22.982901546451711 ], [ 72.666043358569596, 22.982517972327706 ], [ 72.666131858569571, 22.98231987463403 ], [ 72.666278509826967, 22.981939925226513 ], [ 72.666384267239394, 22.981548631423529 ], [ 72.666448125175677, 22.98114971389624 ], [ 72.666450632138307, 22.981102425178069 ], [ 72.666499108912902, 22.980917049818562 ], [ 72.666543479053871, 22.980603787419405 ], [ 72.666583306614356, 22.980517894446521 ], [ 72.666690606614353, 22.980241297293706 ], [ 72.666821517117114, 22.979841010672178 ], [ 72.666907860052461, 22.979430599848683 ], [ 72.666948752995239, 22.97901425915051 ], [ 72.666943778019444, 22.978596243546157 ], [ 72.666892985969341, 22.97818082516099 ], [ 72.666796895939868, 22.977772249615889 ], [ 72.666656489971473, 22.977374692635237 ], [ 72.666473203013737, 22.97699221736768 ], [ 72.666248908260002, 22.976628732856106 ], [ 72.666160408259984, 22.976500830753142 ], [ 72.665900037083944, 22.976163131927741 ], [ 72.665604284087948, 22.975851102296961 ], [ 72.665276115474526, 22.975567871495009 ], [ 72.664918822552892, 22.975316280324634 ], [ 72.664535988729426, 22.975098852258277 ], [ 72.664131453568459, 22.974917768121962 ], [ 72.663709274284031, 22.97477484421637 ], [ 72.66327368504885, 22.974671514094528 ], [ 72.662829054528316, 22.974608814179376 ], [ 72.662379842065874, 22.974587373365463 ], [ 72.662060642065882, 22.974586873350159 ], [ 72.661638780750664, 22.974604489798502 ], [ 72.661220580982487, 22.974658504961429 ], [ 72.660809739494752, 22.974748441321381 ], [ 72.660409887976314, 22.974873503803035 ], [ 72.660024560968751, 22.97503258680398 ], [ 72.659657164622189, 22.975224283971201 ], [ 72.659310946586317, 22.975446900636904 ], [ 72.658988967302307, 22.975698468803461 ], [ 72.658694072949487, 22.975976764545042 ], [ 72.658572013430273, 22.976116019300896 ], [ 72.658551014556693, 22.976126657052902 ], [ 72.65786161455668, 22.976512367140067 ], [ 72.657508304908347, 22.976731823270061 ], [ 72.657179178739142, 22.976981121610756 ], [ 72.65687719946186, 22.977258017351147 ], [ 72.656605086061916, 22.97756001719349 ], [ 72.656365288615916, 22.977884401808488 ], [ 72.656159966231442, 22.978228250325486 ], [ 72.655990967606783, 22.97858846663706 ], [ 72.655859814385423, 22.9789618072809 ], [ 72.655831575034085, 22.979079238754998 ] ] ] } },
{ "type": "Feature", "properties": { "version": 3, "visible": null, "lon": null, "timestamp": 1731468680, "tags": { "visible": false }, "changeset": null, "lat": null, "id": 172773047, "natural": "water", "water": null, "wetland": null, "osm_type": "way", "grassland": null, "reef": null, "Risk": "Low" }, "geometry": { "type": "Polygon", "coordinates": [ [ [ 72.636518832266688, 22.989123738405134 ], [ 72.636613306096663, 22.989529612867258 ], [ 72.636760944876912, 22.989944340315777 ], [ 72.636955246062868, 22.990342430860473 ], [ 72.637194044999433, 22.990719449652151 ], [ 72.637419344999401, 22.991035544342779 ], [ 72.637671406435942, 22.991354843164022 ], [ 72.637955392091499, 22.991650561274447 ], [ 72.638268714109742, 22.991920004067509 ], [ 72.638608517302998, 22.992160716374794 ], [ 72.638971705170391, 22.992370504833058 ], [ 72.639354968115171, 22.992547457865772 ], [ 72.639754813603815, 22.992689963097224 ], [ 72.640167597992232, 22.992796722040723 ], [ 72.64058955972888, 22.992866761927168 ], [ 72.641016853632493, 22.992899444566419 ], [ 72.641445585931677, 22.99289447216082 ], [ 72.641614585931677, 22.992885072448104 ], [ 72.642030973380812, 22.992843908400506 ], [ 72.642441386251605, 22.99276722366303 ], [ 72.642842256758811, 22.992655684808696 ], [ 72.643230100070468, 22.99251026137782 ], [ 72.643601544602106, 22.992332217452621 ], [ 72.643953361326524, 22.992123100672035 ], [ 72.644282491844208, 22.991884728782228 ], [ 72.644586074970491, 22.991619173839482 ], [ 72.644861471608266, 22.991328744202622 ], [ 72.645034958673278, 22.991107095286338 ], [ 72.645124652049546, 22.991015727908295 ], [ 72.645393792251554, 22.990678475457891 ], [ 72.645624523252636, 22.990317905742277 ], [ 72.64581448160726, 22.989937712011752 ], [ 72.646035072148322, 22.98942998572446 ], [ 72.64610765097774, 22.989320133836276 ], [ 72.646296578480218, 22.988959744356567 ], [ 72.646446778885135, 22.988584229400178 ], [ 72.646556845421784, 22.988197105913226 ], [ 72.646625747211644, 22.987801999594044 ], [ 72.64665283892343, 22.98740261093813 ], [ 72.646637866817343, 22.98700268058149 ], [ 72.646580971121466, 22.986605954266825 ], [ 72.646516671121461, 22.986280052483831 ], [ 72.646417263824389, 22.98588661480305 ], [ 72.646276631021863, 22.985503982678473 ], [ 72.646188131021844, 22.985297080357775 ], [ 72.645957601888981, 22.984841494066014 ], [ 72.645788601888995, 22.984554489878914 ], [ 72.645560438259878, 22.984208566490029 ], [ 72.645296635505304, 22.983884832590757 ], [ 72.64499972059825, 22.983586389406057 ], [ 72.644675120598237, 22.983290582970728 ], [ 72.64432001355091, 22.982999567908116 ], [ 72.643933483501527, 22.982744737481227 ], [ 72.643519860993763, 22.982528946930589 ], [ 72.643083780105485, 22.982354614088081 ], [ 72.642630126530108, 22.982223692279849 ], [ 72.642163982839179, 22.98213764843462 ], [ 72.641866282839189, 22.982097647223004 ], [ 72.64142794250975, 22.982058832684594 ], [ 72.640987580317869, 22.982059721785795 ], [ 72.640549429130104, 22.982100305979579 ], [ 72.640117629130103, 22.982160107789749 ], [ 72.639681566599023, 22.982241006758105 ], [ 72.63925633456509, 22.982361218249178 ], [ 72.638846103771883, 22.982519563106489 ], [ 72.638454897828368, 22.982714488127503 ], [ 72.638086553744799, 22.982944081302854 ], [ 72.637744684298639, 22.983206090575635 ], [ 72.63743264259989, 22.983497945936577 ], [ 72.637153489203257, 22.983816784638229 ], [ 72.636895989203254, 22.984142690506697 ], [ 72.636661053399919, 22.984471937165182 ], [ 72.636461216512842, 22.984820270403855 ], [ 72.636298292250544, 22.98518452863448 ], [ 72.636173759304654, 22.985561405754371 ], [ 72.636088747929264, 22.985947481156575 ], [ 72.636016347929271, 22.986381583173372 ], [ 72.635970262677304, 22.986796531340438 ], [ 72.635969822329741, 22.987213641281844 ], [ 72.635977822329735, 22.987362341056652 ], [ 72.636023009839406, 22.987777237105384 ], [ 72.636113358294367, 22.988185832643449 ], [ 72.636247948909968, 22.988583972597507 ], [ 72.636425412987805, 22.988967608254868 ], [ 72.636518832266688, 22.989123738405134 ] ] ] } },
{ "type": "Feature", "properties": { "version": 1, "visible": null, "lon": null, "timestamp": 1343121258, "tags": { "visible": false }, "changeset": null, "lat": null, "id": 172773096, "natural": "water", "water": null, "wetland": null, "osm_type": "way", "grassland": null, "reef": null, "Risk": "Low" }, "geometry": { "type": "Polygon", "coordinates": [ [ [ 72.629212279175178, 22.997012802094073 ], [ 72.629920379175189, 22.996973303301498 ], [ 72.630359978103115, 22.996928702016149 ], [ 72.630792681000415, 22.996844520351321 ], [ 72.631214292697223, 22.996721574397633 ], [ 72.631620725555905, 22.996561056044904 ], [ 72.632008039101621, 22.9963645214305 ], [ 72.632372478226429, 22.996133875857208 ], [ 72.632710509595924, 22.995871355326734 ], [ 72.633018855905974, 22.995579504867614 ], [ 72.633294527656986, 22.995261153867325 ], [ 72.633534852137885, 22.994919388647638 ], [ 72.633737499338878, 22.9945575225487 ], [ 72.63395209933887, 22.994123028055654 ], [ 72.634112354377834, 22.993751979375979 ], [ 72.634232981560672, 22.99336842988766 ], [ 72.634312855884943, 22.992975956588296 ], [ 72.634351232420599, 22.99257821973077 ], [ 72.634347753257472, 22.992178928689004 ], [ 72.634302450843165, 22.991781807364404 ], [ 72.634241250843175, 22.991416305659438 ], [ 72.634152647293845, 22.991018216784287 ], [ 72.634022023609703, 22.990630055666479 ], [ 72.633850641430811, 22.990255571495013 ], [ 72.63364015606669, 22.989898381385849 ], [ 72.633392600508287, 22.989561935440801 ], [ 72.633110365792263, 22.9892494834186 ], [ 72.632796177906854, 22.988964043340388 ], [ 72.632453071462749, 22.988708372333143 ], [ 72.632084360383018, 22.988484939992773 ], [ 72.631693605895279, 22.988295904524559 ], [ 72.631347105895287, 22.98814780041166 ], [ 72.630965002521364, 22.988003741387722 ], [ 72.630570143317129, 22.987892593603899 ], [ 72.630165865203622, 22.98781529644269 ], [ 72.629755584700249, 22.98777250319424 ], [ 72.629342769052101, 22.987764575533475 ], [ 72.628930906928531, 22.987791580462495 ], [ 72.628566106928531, 22.987831081663639 ], [ 72.628154461069556, 22.98789361661715 ], [ 72.627750894091875, 22.987991044175672 ], [ 72.62735888803563, 22.988122523644332 ], [ 72.626981825191436, 22.988286920499842 ], [ 72.626622958917523, 22.988482816182689 ], [ 72.626285385569204, 22.98870852034074 ], [ 72.626178085569208, 22.98878752222976 ], [ 72.625843277364709, 22.989060259094011 ], [ 72.625539579941105, 22.989362284695474 ], [ 72.62527000208631, 22.989690606623409 ], [ 72.625037214559271, 22.990041971950902 ], [ 72.624843523630119, 22.990412899469291 ], [ 72.624690848231609, 22.990799714183758 ], [ 72.62458070094786, 22.991198583727922 ], [ 72.624514173028885, 22.991605556336555 ], [ 72.624491923579399, 22.9920166 ], [ 72.624491923579399, 22.992284519338263 ], [ 72.624471305230273, 22.992474362380865 ], [ 72.624449050827067, 22.992871297847287 ], [ 72.624468300847184, 22.993268365230403 ], [ 72.624528877409688, 22.99366189542074 ], [ 72.624630220753275, 22.994048252026179 ], [ 72.624771394408882, 22.994423864972507 ], [ 72.624951093853042, 22.994785263490087 ], [ 72.625167658562503, 22.995129108181885 ], [ 72.625419087358409, 22.995452221876665 ], [ 72.625703056898217, 22.99575161898245 ], [ 72.626016943144791, 22.9960245330692 ], [ 72.626357845613811, 22.996268442426029 ], [ 72.626722614176089, 22.996481093357033 ], [ 72.627107878166342, 22.99666052100071 ], [ 72.627510077530061, 22.99680506748075 ], [ 72.627925495720518, 22.996913397220773 ], [ 72.628350294041525, 22.996984509281585 ], [ 72.628780547119362, 22.997017746607167 ], [ 72.629212279175178, 22.997012802094073 ] ] ] } },
{ "type": "Feature", "properties": { "version": 1, "visible": null, "lon": null, "timestamp": 1344249905, "tags": { "visible": false }, "changeset": null, "lat": null, "id": 174744590, "natural": "water", "water": null, "wetland": null, "osm_type": "way", "grassland": null, "reef": null, "Risk": "Low" }, "geometry": { "type": "Polygon", "coordinates": [ [ [ 72.478988514683394, 23.033388996202941 ], [ 72.479063414683395, 23.033448394822862 ], [ 72.479391312005518, 23.033684954172617 ], [ 72.479741617491911, 23.033892534261387 ], [ 72.480111316881306, 23.034069349069771 ], [ 72.480497229034498, 23.034213877289382 ], [ 72.48089603330682, 23.034324875408949 ], [ 72.481304298121287, 23.034401388410675 ], [ 72.481424998121298, 23.034418687886387 ], [ 72.481853267115156, 23.034460836361166 ], [ 72.48228395390295, 23.034465040849234 ], [ 72.482713098113194, 23.03443126269185 ], [ 72.483136753559066, 23.034359812467006 ], [ 72.48355102452561, 23.034251347134557 ], [ 72.483952101592621, 23.034106863997351 ], [ 72.484054001592611, 23.034064865173001 ], [ 72.484416142620987, 23.033897157083807 ], [ 72.484760376535647, 23.033700081739724 ], [ 72.485083898916017, 23.033475244558161 ], [ 72.485384074075256, 23.033224477118907 ], [ 72.485658456532704, 23.032949822246888 ], [ 72.485904810936873, 23.032653517374101 ], [ 72.485972110936885, 23.032564518933277 ], [ 72.486194285995694, 23.032239485870278 ], [ 72.486382727449268, 23.031896880733658 ], [ 72.486535809051745, 23.03153966007628 ], [ 72.486652209712076, 23.031170906601393 ], [ 72.486730924894971, 23.030793802562492 ], [ 72.486771275290039, 23.030411602303392 ], [ 72.486772912674184, 23.030027604175189 ], [ 72.486735822916827, 23.029645122072608 ], [ 72.486660326101813, 23.029267456835182 ], [ 72.486633526101798, 23.029161356098427 ], [ 72.486520003878255, 23.028791020797829 ], [ 72.486369555249112, 23.028432003885573 ], [ 72.486183483899126, 23.028087416458764 ], [ 72.48596340219504, 23.027760244597665 ], [ 72.485711217214131, 23.02745332348616 ], [ 72.485429114218576, 23.027169312839256 ], [ 72.485119537719626, 23.026910673850733 ], [ 72.484785170295055, 23.026679647860874 ], [ 72.48467497029506, 23.026610646111404 ], [ 72.484276684754633, 23.026388157675846 ], [ 72.483855498927014, 23.026204837295221 ], [ 72.483415944760452, 23.02606265765516 ], [ 72.482962751846088, 23.025963148736921 ], [ 72.482500796527574, 23.025907381349132 ], [ 72.482035049431829, 23.025895955601868 ], [ 72.481936049431809, 23.025898255672367 ], [ 72.481476629528828, 23.025930687416093 ], [ 72.481023237307809, 23.026006266165098 ], [ 72.480580644146173, 23.026124196477348 ], [ 72.480153507775, 23.026283237176923 ], [ 72.479746323262262, 23.026481714420356 ], [ 72.479363375707919, 23.026717539317691 ], [ 72.479008695148764, 23.02698822992247 ], [ 72.478941595148768, 23.027045031204494 ], [ 72.478631468893511, 23.027334739242935 ], [ 72.478353776142868, 23.027651090540047 ], [ 72.478111204752139, 23.027991022878872 ], [ 72.478038504752135, 23.028104724647253 ], [ 72.477828055494925, 23.028475620014081 ], [ 72.477659425931819, 23.028864193771604 ], [ 72.477534343849157, 23.029266464439864 ], [ 72.477454090843722, 23.029678310231105 ], [ 72.477419489191533, 23.030095511286042 ], [ 72.477430893422721, 23.030513792913535 ], [ 72.47748818668903, 23.030928869390468 ], [ 72.477499186689016, 23.030985469084843 ], [ 72.477597173499802, 23.03137813435383 ], [ 72.47773623225963, 23.031760154583466 ], [ 72.477915041929649, 23.032127900740413 ], [ 72.478131903842922, 23.03247787941817 ], [ 72.478384757841539, 23.032806766018943 ], [ 72.478671201847746, 23.033111436331197 ], [ 72.478988514683394, 23.033388996202941 ] ] ] } },
{ "type": "Feature", "properties": { "version": 2, "visible": null, "lon": null, "timestamp": 1692047393, "tags": { "visible": false, "name": "Thaltej Lake" }, "changeset": null, "lat": null, "id": 174746368, "natural": "water", "water": "lake", "wetland": null, "osm_type": "way", "grassland": null, "reef": null, "Risk": "Low" }, "geometry": { "type": "Polygon", "coordinates": [ [ [ 72.505974287346461, 23.047551080450585 ], [ 72.505852186108044, 23.04762556354607 ], [ 72.505508962582851, 23.04788308067403 ], [ 72.505194966729476, 23.048170447253291 ], [ 72.504913251018721, 23.048484869504577 ], [ 72.504666554114124, 23.048823290633642 ], [ 72.50445727424831, 23.049182420554445 ], [ 72.504445272928919, 23.049209016058679 ], [ 72.504298781663451, 23.049464102112328 ], [ 72.504135957847069, 23.049827580926543 ], [ 72.504011403485592, 23.050203650033481 ], [ 72.503926245616611, 23.050588906458405 ], [ 72.503881254796198, 23.050979864121839 ], [ 72.503876838126459, 23.051372985385843 ], [ 72.503913035571898, 23.051764713065808 ], [ 72.503989519597795, 23.052151502617971 ], [ 72.504105598133819, 23.052529854211414 ], [ 72.504137798133826, 23.052618453348888 ], [ 72.504308595056358, 23.053018066958497 ], [ 72.504523532152277, 23.053399215955555 ], [ 72.504626365653564, 23.053542826604403 ], [ 72.504730607867117, 23.053729742117124 ], [ 72.504975589529408, 23.054077943850395 ], [ 72.5052572702117, 23.054401795427562 ], [ 72.505572812470191, 23.05469803479312 ], [ 72.505919037764485, 23.054963678041286 ], [ 72.506292458475855, 23.055196049465945 ], [ 72.506689313039004, 23.055392808506202 ], [ 72.507105603833224, 23.055551973316305 ], [ 72.507537137451564, 23.055671940722863 ], [ 72.507602837451572, 23.055686940275944 ], [ 72.508065985721501, 23.05576919763714 ], [ 72.508479418558935, 23.055801844707258 ], [ 72.508495886264072, 23.05580529572547 ], [ 72.508957706732645, 23.055856672024909 ], [ 72.509422825476733, 23.055863822471355 ], [ 72.509886253477291, 23.055826670373769 ], [ 72.510343019850836, 23.055745614201577 ], [ 72.510788225168653, 23.055621523312094 ], [ 72.510907625168656, 23.055581924455698 ], [ 72.511327199272756, 23.055420244213806 ], [ 72.511726849008681, 23.055220344816536 ], [ 72.512102475348627, 23.054984276377091 ], [ 72.512450225661922, 23.054714459960152 ], [ 72.512766533229822, 23.054413662757575 ], [ 72.513048153827697, 23.054084969714523 ], [ 72.513113753827696, 23.053999871225859 ], [ 72.51334882458606, 23.053661154635044 ], [ 72.513547030083899, 23.053303030294622 ], [ 72.513706496096816, 23.052928884475175 ], [ 72.51382571471963, 23.052542254968344 ], [ 72.513903558625159, 23.052146797638002 ], [ 72.5139392917241, 23.051746251854027 ], [ 72.513932576125455, 23.051344405135243 ], [ 72.513925255809511, 23.051284867434248 ], [ 72.513925441406116, 23.051229862808949 ], [ 72.513887059869546, 23.050842758141421 ], [ 72.513809324725969, 23.05046068246309 ], [ 72.513692923602861, 23.050087015585952 ], [ 72.513538886158202, 23.049725062966118 ], [ 72.513348574972312, 23.049378026461589 ], [ 72.513123673494903, 23.04904897600553 ], [ 72.512866171153476, 23.048740822445886 ], [ 72.512693966917865, 23.048570589508266 ], [ 72.512607137771809, 23.048448827522449 ], [ 72.512308947554004, 23.048113384547797 ], [ 72.511974224937376, 23.047808516278245 ], [ 72.511909824937391, 23.047755715068284 ], [ 72.51160409032903, 23.04752639016889 ], [ 72.511537090329028, 23.047480489038882 ], [ 72.511125980457564, 23.047229895901417 ], [ 72.510687494397217, 23.047022282963045 ], [ 72.510226917539185, 23.04686015293716 ], [ 72.509749801551152, 23.046745460261942 ], [ 72.509670701551158, 23.046730659816795 ], [ 72.509241415826324, 23.046670052963766 ], [ 72.508807775775324, 23.046647881135719 ], [ 72.508373835823875, 23.046664351652662 ], [ 72.507943653201693, 23.046719310505292 ], [ 72.507521250008381, 23.046812243795451 ], [ 72.507110575607882, 23.046942282542716 ], [ 72.50671546970284, 23.047108210812024 ], [ 72.506339626434396, 23.047308477086276 ], [ 72.50598655984281, 23.047541208777488 ], [ 72.505974287346461, 23.047551080450585 ] ] ] } },
{ "type": "Feature", "properties": { "version": 4, "visible": null, "lon": null, "timestamp": 1632407478, "tags": { "visible": false, "name": "Thaltej Lake" }, "changeset": null, "lat": null, "id": 174746375, "natural": "water", "water": "lake", "wetland": null, "osm_type": "way", "grassland": null, "reef": null, "Risk": "Low" }, "geometry": { "type": "Polygon", "coordinates": [ [ [ 72.506784421288216, 23.051539552690567 ], [ 72.506786857255307, 23.051710145494059 ], [ 72.50683475339828, 23.052108569835294 ], [ 72.50684515339826, 23.052168369545239 ], [ 72.506937812948721, 23.052571295385139 ], [ 72.507073594570571, 23.052963733771414 ], [ 72.507251149915561, 23.053341787793055 ], [ 72.507468715811072, 23.05370170340785 ], [ 72.50772413176891, 23.054039906715616 ], [ 72.507813977263368, 23.054147056853324 ], [ 72.507824010826184, 23.054162286923006 ], [ 72.508075350841153, 23.054473657173777 ], [ 72.508357306919024, 23.054761975578195 ], [ 72.50866739574144, 23.055024702937718 ], [ 72.509002886211903, 23.055259525446399 ], [ 72.509360823509709, 23.055464375064147 ], [ 72.509738055114582, 23.055637447725594 ], [ 72.510131258572272, 23.055777219224428 ], [ 72.510536970756959, 23.055882458633363 ], [ 72.510951618372701, 23.055952239141789 ], [ 72.51106451837272, 23.055966238715861 ], [ 72.511181388520214, 23.055975937594638 ], [ 72.511232436976002, 23.05599085867242 ], [ 72.511668772696666, 23.056075698833443 ], [ 72.512112101417245, 23.056120306486772 ], [ 72.512238501417244, 23.056127206275328 ], [ 72.512683691431633, 23.056131169710202 ], [ 72.513127120884789, 23.056094560614763 ], [ 72.513564433068851, 23.056017738641646 ], [ 72.513991331378421, 23.055901458501076 ], [ 72.514403621524622, 23.055746862548531 ], [ 72.514797252744287, 23.055555469564954 ], [ 72.51505227195058, 23.055399952032321 ], [ 72.515167144334271, 23.055335371902629 ], [ 72.515536899957752, 23.055075613817394 ], [ 72.515875472271503, 23.054782057845316 ], [ 72.515915970288233, 23.05473883367414 ], [ 72.516019590358312, 23.054654892412021 ], [ 72.516314867908335, 23.054364829751854 ], [ 72.516578500191102, 23.054050010340319 ], [ 72.51680804921935, 23.053713345363942 ], [ 72.51700139219696, 23.053357948041256 ], [ 72.517156741149748, 23.052987104838394 ], [ 72.51727265946019, 23.05260424508187 ], [ 72.517348075152711, 23.05221290924942 ], [ 72.517382290807063, 23.051816716232018 ], [ 72.517385590807081, 23.051719416325177 ], [ 72.517379624900926, 23.051341616081029 ], [ 72.517336186870963, 23.050965894937388 ], [ 72.517255639768919, 23.050595393173435 ], [ 72.517138656801336, 23.050233207470438 ], [ 72.517099056801328, 23.050128406414011 ], [ 72.516838739555368, 23.049573886861904 ], [ 72.516776139555361, 23.0494634852944 ], [ 72.51656698828485, 23.049132894199715 ], [ 72.516450043776786, 23.048966290993775 ], [ 72.516390076912955, 23.048875902167833 ], [ 72.516373917143682, 23.048850914610028 ], [ 72.516345299291999, 23.04879413383113 ], [ 72.516114245177619, 23.048394595893111 ], [ 72.515837100972504, 23.048020699174334 ], [ 72.515517189980685, 23.047676927393276 ], [ 72.51515834833323, 23.047367403047073 ], [ 72.515051148333214, 23.047284601100586 ], [ 72.514736070177094, 23.047062313681323 ], [ 72.514400890700344, 23.046866497205823 ], [ 72.514048228796838, 23.046698681786509 ], [ 72.513680839957743, 23.046560178740499 ], [ 72.513301594741804, 23.046452070340408 ], [ 72.513117394741798, 23.046407669022173 ], [ 72.512704440834781, 23.046326998207604 ], [ 72.51228508025244, 23.046282359467327 ], [ 72.511863017567052, 23.046274147169605 ], [ 72.511636217567045, 23.046279547335281 ], [ 72.510995351898899, 23.046337295082441 ], [ 72.51079515189889, 23.046368796035406 ], [ 72.510332271338243, 23.04646503179217 ], [ 72.509883008279274, 23.046605668974724 ], [ 72.509759208279291, 23.046651270274044 ], [ 72.509354385545606, 23.046822278000011 ], [ 72.508969961183581, 23.047029342052241 ], [ 72.508609716088287, 23.047270425750813 ], [ 72.508277193346572, 23.047543157810697 ], [ 72.507975663390042, 23.047844855670757 ], [ 72.50770809182977, 23.048172551884495 ], [ 72.50747711028869, 23.04852302331275 ], [ 72.507284990519253, 23.048892822830915 ], [ 72.507133622060095, 23.04927831323856 ], [ 72.507056956433843, 23.049508725458068 ], [ 72.506974056433847, 23.049758727697505 ], [ 72.506864081408153, 23.05016205928062 ], [ 72.506798708517493, 23.050573516813472 ], [ 72.506777908517492, 23.050774717398301 ], [ 72.506759340433987, 23.05127698476042 ], [ 72.506784421288216, 23.051539552690567 ] ] ] } },
{ "type": "Feature", "properties": { "version": 2, "visible": null, "lon": null, "timestamp": 1429710087, "tags": { "visible": false }, "changeset": null, "lat": null, "id": 174746386, "natural": "water", "water": null, "wetland": null, "osm_type": "way", "grassland": null, "reef": null, "Risk": "Low" }, "geometry": { "type": "Polygon", "coordinates": [ [ [ 72.507635992252361, 23.055215910460618 ], [ 72.507700392252374, 23.055263109327271 ], [ 72.508040918276734, 23.05548956466528 ], [ 72.508402951364587, 23.055685751525701 ], [ 72.508783323638298, 23.055849953361442 ], [ 72.508997475654468, 23.05592078803511 ], [ 72.509066329823455, 23.055949312675125 ], [ 72.509520342717039, 23.056086191189092 ], [ 72.509561042717039, 23.05609629088973 ], [ 72.509803577383124, 23.056140199694703 ], [ 72.510018173282504, 23.056188718984426 ], [ 72.510457867587306, 23.056246566264814 ], [ 72.51090162146258, 23.056264172029056 ], [ 72.511345095449201, 23.056241364126546 ], [ 72.511783952825141, 23.05617836557483 ], [ 72.512213902014039, 23.056075792379509 ], [ 72.512630738552545, 23.055934647512501 ], [ 72.513030386205585, 23.055756311107494 ], [ 72.513068886205588, 23.05573691162984 ], [ 72.513434507660065, 23.055531234953445 ], [ 72.513777162303256, 23.055294433183864 ], [ 72.514093730967289, 23.055028661757554 ], [ 72.514381331943568, 23.054736339814486 ], [ 72.514449367756143, 23.054652306949404 ], [ 72.51445480527623, 23.0546467903721 ], [ 72.514525529011962, 23.054558238068225 ], [ 72.514637347214958, 23.054420128182748 ], [ 72.514644469757684, 23.054409313718612 ], [ 72.514728340606069, 23.054304299887939 ], [ 72.514962200788304, 23.053937769895533 ], [ 72.515153912457151, 23.053551076730933 ], [ 72.515301448020509, 23.053148310005426 ], [ 72.515403247104118, 23.052733729359311 ], [ 72.515416047104125, 23.052665429715585 ], [ 72.515429077362839, 23.052591955827914 ], [ 72.515442077362849, 23.052514256190822 ], [ 72.515489546967842, 23.052077004280562 ], [ 72.515486294790392, 23.051637584896479 ], [ 72.515484094790381, 23.051603884834453 ], [ 72.515431472563534, 23.051174510346627 ], [ 72.515330418469958, 23.050752536585808 ], [ 72.515182037086319, 23.050342576047548 ], [ 72.514987950302512, 23.049949109955076 ], [ 72.514974650302506, 23.049925509621609 ], [ 72.514701667662067, 23.049504314779472 ], [ 72.514480070655424, 23.049239663535971 ], [ 72.514482820840328, 23.049237692886155 ], [ 72.51443602084035, 23.049182391843271 ], [ 72.514396203332595, 23.049139501436869 ], [ 72.514376388534217, 23.049115836764567 ], [ 72.514328088534214, 23.049064735735243 ], [ 72.514327345972603, 23.049065330008176 ], [ 72.514171658922535, 23.04889762765502 ], [ 72.513880368149074, 23.048636052662058 ], [ 72.513564540416738, 23.048399814894864 ], [ 72.51322676910435, 23.048190854327583 ], [ 72.512869827777706, 23.048010886943683 ], [ 72.512776527777703, 23.047968785783475 ], [ 72.512325107194059, 23.047792519476932 ], [ 72.511855494419876, 23.04766258715356 ], [ 72.511373287178117, 23.047580537725516 ], [ 72.511349687178139, 23.047577737640271 ], [ 72.510913079440044, 23.047545748224877 ], [ 72.510475161571947, 23.047553041138432 ], [ 72.510230336162351, 23.04757921160332 ], [ 72.51011671758917, 23.047585057721236 ], [ 72.509651148217358, 23.047654597433734 ], [ 72.50919607071171, 23.04776867891507 ], [ 72.50911681410048, 23.047797052796959 ], [ 72.509110428674774, 23.04779884195473 ], [ 72.50869103491253, 23.047937623097674 ], [ 72.508288652897491, 23.048113967228471 ], [ 72.507907244523111, 23.048326137901547 ], [ 72.507550565174199, 23.048572045899455 ], [ 72.507222126751202, 23.048849269809928 ], [ 72.507167526751189, 23.048900170907437 ], [ 72.506840513559126, 23.04924057904342 ], [ 72.506556081971013, 23.049611957870155 ], [ 72.506317669169292, 23.050009819264012 ], [ 72.506290969169285, 23.050060819943408 ], [ 72.506117977965545, 23.050437970431133 ], [ 72.505986383043521, 23.050829016981115 ], [ 72.505897475435845, 23.051230123065892 ], [ 72.505852127384486, 23.051637353499299 ], [ 72.505850783783643, 23.052046713046039 ], [ 72.505893457814906, 23.052454185619045 ], [ 72.505979730817998, 23.052855773679962 ], [ 72.50610875639812, 23.053247537456247 ], [ 72.506279268729614, 23.053625633590201 ], [ 72.506489594974553, 23.053986352840816 ], [ 72.506528594974554, 23.054045951897088 ], [ 72.506819427214637, 23.054437620097012 ], [ 72.506877327214625, 23.054506718801832 ], [ 72.507233377099979, 23.054882402214197 ], [ 72.507635992252361, 23.055215910460618 ] ] ] } },
{ "type": "Feature", "properties": { "version": 2, "visible": null, "lon": null, "timestamp": 1429766691, "tags": { "visible": false }, "changeset": null, "lat": null, "id": 174746387, "natural": "water", "water": null, "wetland": null, "osm_type": "way", "grassland": null, "reef": null, "Risk": "Low" }, "geometry": { "type": "Polygon", "coordinates": [ [ [ 72.508166599883182, 23.055922405507204 ], [ 72.508175403830649, 23.055931297933483 ], [ 72.508193582037734, 23.055946263541223 ], [ 72.508244953086944, 23.055991686597444 ], [ 72.508277745019072, 23.056015552540021 ], [ 72.508516855930949, 23.056212405586937 ], [ 72.508887655600461, 23.056460043223787 ], [ 72.509283944420233, 23.056671634199706 ], [ 72.509701598739667, 23.056844976943427 ], [ 72.510136272585783, 23.056978267858298 ], [ 72.510161775752394, 23.056983506406926 ], [ 72.510404829618636, 23.057055836999389 ], [ 72.510834616287013, 23.057142124260036 ], [ 72.511271515250613, 23.057189313983773 ], [ 72.511711335784327, 23.057196953569079 ], [ 72.512149859139427, 23.057164969743923 ], [ 72.512582879009656, 23.057093669268401 ], [ 72.513006241878116, 23.056983735993342 ], [ 72.513415886857615, 23.056836224303211 ], [ 72.513807884642631, 23.05665254900601 ], [ 72.514178475199188, 23.056434471767133 ], [ 72.514524103830951, 23.056184084216984 ], [ 72.514841455275757, 23.055903787894326 ], [ 72.515127485505673, 23.055596271217372 ], [ 72.515379450925096, 23.05526448370335 ], [ 72.515594934687371, 23.054911607683561 ], [ 72.515771869877057, 23.054541027784872 ], [ 72.515908559335756, 23.054156298470321 ], [ 72.516003691941208, 23.053761109949775 ], [ 72.516056355183636, 23.053359252787555 ], [ 72.516066043918357, 23.052954581546285 ], [ 72.51604834988099, 23.052740631544005 ], [ 72.516044035095362, 23.052502500081079 ], [ 72.515991367661911, 23.052090500264743 ], [ 72.515894078993412, 23.051685432899895 ], [ 72.515753149281849, 23.05129137915695 ], [ 72.515569998406562, 23.050912309276143 ], [ 72.515346471628888, 23.050552042562408 ], [ 72.515205904247949, 23.050370547238071 ], [ 72.515151037955803, 23.050286054562601 ], [ 72.514893834361857, 23.049964941716141 ], [ 72.514604185866148, 23.049668140016912 ], [ 72.514284790735672, 23.049398414538089 ], [ 72.513938624346949, 23.049158278120363 ], [ 72.513568911468482, 23.048949967956784 ], [ 72.513179096219829, 23.048775424745813 ], [ 72.512772809987439, 23.048636274606757 ], [ 72.512353837595811, 23.048533813926426 ], [ 72.511926082049442, 23.048468997278277 ], [ 72.51175568204944, 23.048450896726369 ], [ 72.511299668371294, 23.048423987662087 ], [ 72.510843043335299, 23.048439851803764 ], [ 72.510390533012242, 23.048498324942443 ], [ 72.50994682088573, 23.048598801825996 ], [ 72.509516499377895, 23.048740242425755 ], [ 72.509104022317985, 23.048921182704653 ], [ 72.508713658845096, 23.049139749775218 ], [ 72.508349449222663, 23.049393681290329 ], [ 72.508015163021639, 23.049680348865898 ], [ 72.507714260105473, 23.049996785292507 ], [ 72.507449854820436, 23.050339715254314 ], [ 72.50722468376226, 23.050705589236681 ], [ 72.507041077452229, 23.051090620271506 ], [ 72.506982077452236, 23.05123372182959 ], [ 72.506856903266993, 23.051583601911634 ], [ 72.50676608176164, 23.051942346681493 ], [ 72.506710334365295, 23.05230710643627 ], [ 72.50669010390034, 23.052674983716077 ], [ 72.506705551064883, 23.053043056320856 ], [ 72.506721651064879, 23.05322075586767 ], [ 72.506778255357474, 23.053615103081274 ], [ 72.506875797992393, 23.05400261566335 ], [ 72.507013375409571, 23.054379704069092 ], [ 72.507189713197434, 23.054742875342935 ], [ 72.507403177898098, 23.055088765470842 ], [ 72.507651792138446, 23.05541417053729 ], [ 72.507933252947012, 23.055716076398539 ], [ 72.508166599883182, 23.055922405507204 ] ] ] } },
{ "type": "Feature", "properties": { "version": 2, "visible": null, "lon": null, "timestamp": 1535659702, "tags": { "visible": false, "name": "Sanathal Lake" }, "changeset": null, "lat": null, "id": 176322583, "natural": "water", "water": "lake", "wetland": null, "osm_type": "way", "grassland": null, "reef": null, "Risk": "Low" }, "geometry": { "type": "Polygon", "coordinates": [ [ [ 72.467538046136184, 22.963669036264644 ], [ 72.467283946136178, 22.963730138072911 ], [ 72.466828388077587, 22.963863904109107 ], [ 72.466390855630593, 22.964041502880331 ], [ 72.465976307443896, 22.964260921453612 ], [ 72.465755907443892, 22.964392424829182 ], [ 72.46536871787066, 22.964651417894803 ], [ 72.465013654698652, 22.964946871783411 ], [ 72.46469474894559, 22.965275431991881 ], [ 72.464530448945595, 22.96546403560151 ], [ 72.464250989696097, 22.965822448063751 ], [ 72.464014591348672, 22.966206232159848 ], [ 72.463823944614461, 22.96661101942167 ], [ 72.46373244461445, 22.966837721837329 ], [ 72.463589794077535, 22.967258633965923 ], [ 72.463496626295324, 22.967691136101717 ], [ 72.463454000376075, 22.968130311580396 ], [ 72.46344460037605, 22.968372011844977 ], [ 72.463452946304812, 22.96881215877297 ], [ 72.463512060027924, 22.969248993772041 ], [ 72.463621271715795, 22.969677567032274 ], [ 72.463694771715794, 22.969909665044803 ], [ 72.46385978231379, 22.970340563207404 ], [ 72.464075413919048, 22.970752070427672 ], [ 72.464339034401718, 22.971139163798654 ], [ 72.464501334401731, 22.971350560065613 ], [ 72.464820501361984, 22.971719652305691 ], [ 72.465183251413563, 22.9720528717856 ], [ 72.465584863247528, 22.972345881826453 ], [ 72.465814763247522, 22.972494778100618 ], [ 72.466250570652932, 22.972744046404856 ], [ 72.466714410198733, 22.972945930199007 ], [ 72.467200229828691, 22.973097795573757 ], [ 72.467471229828703, 22.973166893536416 ], [ 72.467972719038812, 22.973266763213278 ], [ 72.468483307203186, 22.973313324260197 ], [ 72.468996331558031, 22.973305969148225 ], [ 72.469276631558031, 22.973287169721868 ], [ 72.469784116321534, 22.97322621744593 ], [ 72.470280775597089, 22.97311250900772 ], [ 72.470760161227204, 22.972947520560073 ], [ 72.471017461227191, 22.972843223480478 ], [ 72.471474676492022, 22.972628382577682 ], [ 72.471902281372095, 22.972366914169111 ], [ 72.47229469090145, 22.972062233045477 ], [ 72.472498890901448, 22.971884336998713 ], [ 72.472850589919133, 22.971540849151157 ], [ 72.473157480582657, 22.97116269561694 ], [ 72.473415564024421, 22.970754803568898 ], [ 72.473542964024418, 22.970524106767616 ], [ 72.473748924480702, 22.970091673519033 ], [ 72.473900002217988, 22.969640441035544 ], [ 72.473994227616402, 22.969176291934939 ], [ 72.474030027616408, 22.968919492935072 ], [ 72.47406616506926, 22.96844896783568 ], [ 72.474043872006334, 22.967977712948969 ], [ 72.47396343846259, 22.967511859373445 ], [ 72.473903538462579, 22.967258957725111 ], [ 72.473771251323484, 22.966818790243053 ], [ 72.473587056231651, 22.966394736130614 ], [ 72.473353199627454, 22.965991967320168 ], [ 72.473216799627423, 22.96578536403749 ], [ 72.472946488507887, 22.965421210063827 ], [ 72.472635592462325, 22.965085633684634 ], [ 72.472287648049289, 22.96478245243264 ], [ 72.472087548049302, 22.964625848782831 ], [ 72.471707056604785, 22.964358852063729 ], [ 72.471297881792225, 22.964130630466361 ], [ 72.470864665380759, 22.963943773188873 ], [ 72.470621165380749, 22.963852970614607 ], [ 72.470168584044075, 22.963709534937944 ], [ 72.469701995340557, 22.963611257435048 ], [ 72.469226697822009, 22.963559254238326 ], [ 72.468964597822008, 22.963543553759109 ], [ 72.46848512605132, 22.9635384486517 ], [ 72.468007795460409, 22.963580435675283 ], [ 72.467538046136184, 22.963669036264644 ] ] ] } },
{ "type": "Feature", "properties": { "version": 2, "visible": null, "lon": null, "timestamp": 1418706050, "tags": { "visible": false, "name": "Isanpur Lake" }, "changeset": null, "lat": null, "id": 177102390, "natural": "water", "water": null, "wetland": null, "osm_type": "way", "grassland": null, "reef": null, "Risk": "Low" }, "geometry": { "type": "Polygon", "coordinates": [ [ [ 72.597935041097585, 22.981528445610998 ], [ 72.598074914161131, 22.981675385395743 ], [ 72.598329504571524, 22.981898342808908 ], [ 72.598501048034876, 22.982120816722404 ], [ 72.598784639041043, 22.982422244418348 ], [ 72.599098449839659, 22.982697121079557 ], [ 72.599439561919297, 22.982942890460194 ], [ 72.599804802860376, 22.983157267013965 ], [ 72.600190775839479, 22.983338257144116 ], [ 72.600593891220512, 22.983484177738589 ], [ 72.601010399939184, 22.98359367181833 ], [ 72.60143642837015, 22.983665721153137 ], [ 72.601868014352547, 22.983699655728138 ], [ 72.602301144039032, 22.983695159972868 ], [ 72.602731789225473, 22.983652275695047 ], [ 72.603155944814162, 22.983571401691908 ], [ 72.6032023812527, 22.983558144741139 ], [ 72.603551359427456, 22.983486687849506 ], [ 72.603962988442547, 22.983363085636089 ], [ 72.604359777845303, 22.9832035703106 ], [ 72.604738040570268, 22.983009624004762 ], [ 72.605094261706455, 22.982783048771736 ], [ 72.605425131158782, 22.982525949846362 ], [ 72.605727574406345, 22.982240716088636 ], [ 72.605998781071506, 22.98192999779204 ], [ 72.606236231034742, 22.981596682062627 ], [ 72.606281743174236, 22.981516987530018 ], [ 72.606414398629084, 22.981379647430124 ], [ 72.606659903709641, 22.981072634128509 ], [ 72.606873652585136, 22.980746108952523 ], [ 72.607053828380231, 22.980402847250311 ], [ 72.607198899592262, 22.980045766646175 ], [ 72.607291870970556, 22.979731228363427 ], [ 72.607322510111828, 22.979666258625858 ], [ 72.607460770411393, 22.979266188556871 ], [ 72.607554255771944, 22.978855272540692 ], [ 72.607602002560327, 22.97843774615913 ], [ 72.607603518609722, 22.978017913170856 ], [ 72.607558788292934, 22.977600101150522 ], [ 72.607468272683406, 22.977188616880888 ], [ 72.607332904802576, 22.976787701957516 ], [ 72.607154080002402, 22.976401489063875 ], [ 72.60693364158233, 22.976033959367655 ], [ 72.606574241582337, 22.975500650763628 ], [ 72.606307248850186, 22.975147003128743 ], [ 72.606001752720303, 22.974820839244458 ], [ 72.605661066939902, 22.974525697254247 ], [ 72.605288886961858, 22.974264778805907 ], [ 72.604889249859809, 22.974040914313736 ], [ 72.604466490537561, 22.973856532247858 ], [ 72.60402519470793, 22.973713632784147 ], [ 72.60375159470793, 22.973639530608828 ], [ 72.603335517936614, 22.973546427140636 ], [ 72.602911702472809, 22.973490224407474 ], [ 72.602484, 22.97347143323244 ], [ 72.6018939, 22.97347143323244 ], [ 72.601481310776435, 22.973488917094855 ], [ 72.601072210345137, 22.973541220827688 ], [ 72.600670057997618, 22.973627902118409 ], [ 72.600348257997624, 22.973711804588632 ], [ 72.599916036368498, 22.973846682826419 ], [ 72.599500911787047, 22.974021245693738 ], [ 72.59910716996103, 22.97423369086993 ], [ 72.598738875844646, 22.974481824917778 ], [ 72.59845507584464, 22.974694229961216 ], [ 72.598184635346698, 22.974913809077488 ], [ 72.597934197359663, 22.97515265276753 ], [ 72.597628397359671, 22.975468759201121 ], [ 72.597318442907323, 22.975827338381141 ], [ 72.59705348732713, 22.97621529039613 ], [ 72.596836784581043, 22.976627850513729 ], [ 72.596745084581045, 22.976830352898357 ], [ 72.596594035346371, 22.977216956741792 ], [ 72.59648540123861, 22.977615451025503 ], [ 72.596420254629606, 22.97802190196138 ], [ 72.596399238608242, 22.978432297251913 ], [ 72.59642256063232, 22.978842585699347 ], [ 72.596489990480535, 22.979248717197407 ], [ 72.596600862525236, 22.979646682710779 ], [ 72.596754082302937, 22.980032553847781 ], [ 72.596948137318364, 22.980402521635622 ], [ 72.597181111974834, 22.98075293411561 ], [ 72.59745070648394, 22.98108033238741 ], [ 72.597754259567608, 22.981381484746819 ], [ 72.597935041097585, 22.981528445610998 ] ] ] } },
{ "type": "Feature", "properties": { "version": 2, "visible": null, "lon": null, "timestamp": 1570041396, "tags": { "visible": false }, "changeset": null, "lat": null, "id": 177104260, "natural": "water", "water": null, "wetland": null, "osm_type": "way", "grassland": null, "reef": null, "Risk": "Low" }, "geometry": { "type": "Polygon", "coordinates": [ [ [ 72.572627920255485, 22.978628516458958 ], [ 72.572648320431753, 22.978742997745208 ], [ 72.57275871799763, 22.979127045855371 ], [ 72.572908635845423, 22.97949956746945 ], [ 72.573096690285553, 22.979857124451691 ], [ 72.573321145640918, 22.980196416806965 ], [ 72.573579930266618, 22.980514313133728 ], [ 72.573870655670589, 22.980807879520302 ], [ 72.574190638558392, 22.981074406617925 ], [ 72.57453692559929, 22.981311434640936 ], [ 72.574906320684292, 22.981516776063643 ], [ 72.575295414425213, 22.981688535804437 ], [ 72.575700615622125, 22.981825128711346 ], [ 72.576118184408898, 22.981925294187587 ], [ 72.57654426677081, 22.981988107822428 ], [ 72.576798266770808, 22.982014107031574 ], [ 72.577235915339202, 22.982039078155069 ], [ 72.57767412320527, 22.982024643127396 ], [ 72.578108714002667, 22.981970939509875 ], [ 72.578535545837767, 22.981878479081693 ], [ 72.578950550764176, 22.981748142964062 ], [ 72.579349773552551, 22.981581173225706 ], [ 72.579696573552553, 22.98141687769677 ], [ 72.580069041833127, 22.981219113146455 ], [ 72.580419263119254, 22.980989465952472 ], [ 72.580744027970852, 22.980730040452983 ], [ 72.581040360231512, 22.980443213868142 ], [ 72.58130554430204, 22.980131614521142 ], [ 72.581537150026364, 22.979798097758266 ], [ 72.581733054961546, 22.979445719788242 ], [ 72.58189146382793, 22.979077709680571 ], [ 72.582010924961139, 22.978697439779133 ], [ 72.582090343615192, 22.978308394802067 ], [ 72.58212899199475, 22.977914139910929 ], [ 72.582126515924713, 22.977518288041615 ], [ 72.582102046858836, 22.977297156514375 ], [ 72.582102679198954, 22.977255848760173 ], [ 72.582086579198943, 22.976880448306922 ], [ 72.582082555167943, 22.976804390796474 ], [ 72.582071755167945, 22.976632790492708 ], [ 72.582020372773826, 22.976204488944461 ], [ 72.581920858861167, 22.975783434149019 ], [ 72.581774293987053, 22.975374198156107 ], [ 72.58158226960434, 22.974981224721056 ], [ 72.581346870781289, 22.974608781047426 ], [ 72.581278470781299, 22.974512479434654 ], [ 72.58102875784013, 22.974194866783172 ], [ 72.580747495115375, 22.973900455171737 ], [ 72.580437211139454, 22.973631891500204 ], [ 72.580100695343901, 22.973391590298242 ], [ 72.579740972982478, 22.973181712013112 ], [ 72.579361277934382, 22.97300414358179 ], [ 72.578965023631852, 22.972860481462313 ], [ 72.578555772373704, 22.972752017277063 ], [ 72.578137203300514, 22.972679726197239 ], [ 72.577713079319309, 22.972644258173034 ], [ 72.577617977771155, 22.972644631980625 ], [ 72.577281939745191, 22.972621937976545 ], [ 72.576852367059601, 22.972630830404125 ], [ 72.576425682908393, 22.972677474229165 ], [ 72.576005792117996, 22.972761442549078 ], [ 72.57559653734495, 22.972881966853937 ], [ 72.575201663909638, 22.973037944062092 ], [ 72.574824785520747, 22.973227946618561 ], [ 72.574721585520763, 22.973286048135289 ], [ 72.574313721152578, 22.973545176198698 ], [ 72.573939343865803, 22.973844093416055 ], [ 72.573603010710002, 22.974179161012881 ], [ 72.57330881564846, 22.974546300178027 ], [ 72.573292514819684, 22.974569185660364 ], [ 72.573113152830487, 22.97478789166265 ], [ 72.572891103598778, 22.975119476341447 ], [ 72.572703928123701, 22.975468825273989 ], [ 72.57255328730902, 22.975832838383017 ], [ 72.572440517867776, 22.976208285488784 ], [ 72.572366620460954, 22.976591834975782 ], [ 72.572332250818036, 22.976980083358768 ], [ 72.572337713918458, 22.97736958548554 ], [ 72.572382961285342, 22.977756885108473 ], [ 72.572467591415659, 22.978138545553403 ], [ 72.572590853342916, 22.978511180213797 ], [ 72.572598361093554, 22.978530551724798 ], [ 72.572627920255485, 22.978628516458958 ] ] ] } },
{ "type": "Feature", "properties": { "version": 3, "visible": null, "lon": null, "timestamp": 1564061754, "tags": { "visible": false }, "changeset": null, "lat": null, "id": 177263850, "natural": "water", "water": null, "wetland": null, "osm_type": "way", "grassland": null, "reef": null, "Risk": "Low" }, "geometry": { "type": "Polygon", "coordinates": [ [ [ 72.497769520506068, 22.992563364745504 ], [ 72.497484463916521, 22.992715063093865 ], [ 72.497090526572549, 22.992981135372517 ], [ 72.496881726572568, 22.993138939107517 ], [ 72.49655553664131, 22.993411163545442 ], [ 72.496259866670869, 22.993711478286173 ], [ 72.495997557683822, 22.9940369974994 ], [ 72.495771130144959, 22.994384593177802 ], [ 72.49558275974276, 22.994750925199885 ], [ 72.495434256483733, 22.995132473430424 ], [ 72.495327047300464, 22.995525571549898 ], [ 72.495262162340495, 22.995926442287626 ], [ 72.495240225068059, 22.996331233719893 ], [ 72.495261446273204, 22.996736056284139 ], [ 72.495325622046366, 22.997137020153566 ], [ 72.495432135737801, 22.997530272612853 ], [ 72.495579963882719, 22.997912035076055 ], [ 72.495767686035549, 22.998278639390929 ], [ 72.495827586035546, 22.998382137900478 ], [ 72.496056928344075, 22.998734932459577 ], [ 72.496323200347035, 22.999065015100491 ], [ 72.496623769127439, 22.999369122119976 ], [ 72.49695566263928, 22.999644246670744 ], [ 72.497315599095288, 22.999887668486096 ], [ 72.497700019417579, 23.00009698077081 ], [ 72.497831720998718, 23.000153267513305 ], [ 72.4981087007192, 23.000314712355038 ], [ 72.498366000719201, 23.000446608825552 ], [ 72.4987395874615, 23.000617694573787 ], [ 72.499128809974692, 23.000756129323591 ], [ 72.499530309119891, 23.000860718432218 ], [ 72.499940619806182, 23.000930559335227 ], [ 72.500100519806182, 23.000950758722276 ], [ 72.500550500014725, 23.000986503849944 ], [ 72.501002105126233, 23.000980470250685 ], [ 72.50145076877763, 23.000932718927103 ], [ 72.501623868777614, 23.000906119730711 ], [ 72.502065736990232, 23.000816962191973 ], [ 72.502495621802467, 23.000687344828915 ], [ 72.502614621802465, 23.000645246032544 ], [ 72.502993296173301, 23.000492518380632 ], [ 72.503117886495986, 23.000435840483732 ], [ 72.503168593973498, 23.00041330445158 ], [ 72.503197578689992, 23.000406040078857 ], [ 72.503341620434014, 23.000367550097383 ], [ 72.503587986107817, 23.000297591579297 ], [ 72.503785958197199, 23.000247359326643 ], [ 72.504092225335725, 23.000173908296592 ], [ 72.504267023451632, 23.00012849385212 ], [ 72.504450703079243, 23.00007705906912 ], [ 72.504680784198783, 23.000052951484395 ], [ 72.504986272667026, 23.00001110508639 ], [ 72.505266472667003, 22.999963606517138 ], [ 72.505661502505518, 22.999879513560348 ], [ 72.506046684597848, 22.999762971884991 ], [ 72.506418880203711, 22.999614931073737 ], [ 72.50677505640607, 22.999436597368035 ], [ 72.506885856406086, 22.999374998982976 ], [ 72.507253387703244, 22.999147169262585 ], [ 72.507594743731261, 22.998887113000791 ], [ 72.507906602387692, 22.99859736090627 ], [ 72.5081859286407, 22.998280732686585 ], [ 72.508430004066255, 22.997940309613615 ], [ 72.508636453304035, 22.997579404543302 ], [ 72.508803267174557, 22.997201529681156 ], [ 72.508928822232761, 22.996810362407039 ], [ 72.508985022232764, 22.996597063946787 ], [ 72.509081235196319, 22.996102272849569 ], [ 72.509111512194622, 22.995600388999986 ], [ 72.509110347970008, 22.995399987146353 ], [ 72.509114428525535, 22.995233871520291 ], [ 72.509106039163711, 22.994871099214109 ], [ 72.509063130732059, 22.994510399999569 ], [ 72.509045930732057, 22.994407699520352 ], [ 72.508972231550644, 22.994098751755995 ], [ 72.508952303297264, 22.993949783473884 ], [ 72.508930105422536, 22.993863084411188 ], [ 72.508931946987559, 22.993795905678738 ], [ 72.508915961696829, 22.993327853954025 ], [ 72.508842586269338, 22.992864466404999 ], [ 72.508767686269337, 22.992526764336322 ], [ 72.508655718010402, 22.992125624216097 ], [ 72.508500717158668, 22.991736807112531 ], [ 72.508304238941804, 22.991364214411785 ], [ 72.508068254757831, 22.991011584736075 ], [ 72.507795132394577, 22.990682456425567 ], [ 72.507487612272243, 22.990380132029056 ], [ 72.507148779946831, 22.990107645159931 ], [ 72.506782035150749, 22.989867730050303 ], [ 72.506391057680929, 22.98966279410908 ], [ 72.505979770477055, 22.989494893759645 ], [ 72.505552300259993, 22.98936571379982 ], [ 72.505112936125613, 22.989276550491535 ], [ 72.50466608650953, 22.989228298550053 ], [ 72.504216234954171, 22.989221442163483 ], [ 72.503767895122436, 22.989256050132848 ], [ 72.503556353717698, 22.989292265174814 ], [ 72.503440466038654, 22.989295954899085 ], [ 72.502725666038657, 22.989330655960124 ], [ 72.502704397208447, 22.989331735050726 ], [ 72.502362397208444, 22.989349835604042 ], [ 72.502156723091602, 22.989365091393108 ], [ 72.501974523091604, 22.989382491923056 ], [ 72.50154958027737, 22.989442111533567 ], [ 72.501132774263539, 22.989538852814789 ], [ 72.500727922465785, 22.989671829660416 ], [ 72.500338732814242, 22.9898398240659 ], [ 72.499968769793654, 22.990041297287647 ], [ 72.499621421797116, 22.990274403940628 ], [ 72.499299870092699, 22.990537008905083 ], [ 72.499007059687159, 22.990826706887272 ], [ 72.498745672353252, 22.991140844454936 ], [ 72.498518102068189, 22.991476544345435 ], [ 72.498467602068175, 22.991559645587763 ], [ 72.498270368944048, 22.991925529305231 ], [ 72.498113313389723, 22.992307540867504 ], [ 72.498092723255667, 22.992377946772482 ], [ 72.497892791165427, 22.992483498333389 ], [ 72.497769520506068, 22.992563364745504 ] ] ] } },
{ "type": "Feature", "properties": { "version": 2, "visible": null, "lon": null, "timestamp": 1696019073, "tags": { "visible": false, "name": "Memnagar Lake" }, "changeset": null, "lat": null, "id": 180663393, "natural": "water", "water": null, "wetland": null, "osm_type": "way", "grassland": null, "reef": null, "Risk": "Low" }, "geometry": { "type": "Polygon", "coordinates": [ [ [ 72.536672339845921, 23.050426187875672 ], [ 72.53670443984592, 23.050529887003755 ], [ 72.536838289043516, 23.050896296526616 ], [ 72.537008755856448, 23.051249595700632 ], [ 72.537214349070922, 23.051586694041568 ], [ 72.537453270193538, 23.051904642804583 ], [ 72.537539170193554, 23.05200824087574 ], [ 72.537698332396246, 23.052189373662848 ], [ 72.537762632396266, 23.052258472283366 ], [ 72.538095700850519, 23.052579728585851 ], [ 72.538464300467368, 23.052866254029027 ], [ 72.538864177251114, 23.053114742063855 ], [ 72.539290716237332, 23.053322325116056 ], [ 72.539430216237335, 23.053381623463657 ], [ 72.539617418010849, 23.053456497502093 ], [ 72.539794604931402, 23.053523003256906 ], [ 72.53984192996468, 23.053551840577125 ], [ 72.540192000785296, 23.053744701801605 ], [ 72.540559647939219, 23.053907535936052 ], [ 72.540941837532245, 23.054038999353313 ], [ 72.541335415663184, 23.054138007285484 ], [ 72.541737134450443, 23.054203742772607 ], [ 72.542143678834222, 23.054235663401943 ], [ 72.542277778834219, 23.05424056325165 ], [ 72.542697589746936, 23.054237835304978 ], [ 72.543115290039808, 23.054199053429908 ], [ 72.543527230524305, 23.054124556408734 ], [ 72.543929812331811, 23.054014995017159 ], [ 72.544319518354627, 23.05387132634095 ], [ 72.544692943972819, 23.053694805417397 ], [ 72.54504682679827, 23.053486974274559 ], [ 72.545149326798253, 23.053420375944494 ], [ 72.545496426618413, 23.05317049654758 ], [ 72.545596827190295, 23.053082326890305 ], [ 72.545798534419347, 23.052971753643956 ], [ 72.546151128478499, 23.052732791520576 ], [ 72.546476756973235, 23.052463370781805 ], [ 72.546772324631434, 23.052166052240558 ], [ 72.547035021925197, 23.051843661892903 ], [ 72.547262351776965, 23.051499264062116 ], [ 72.547452153295495, 23.051136132277062 ], [ 72.547602622316319, 23.05075771816146 ], [ 72.54771232855137, 23.050367618629558 ], [ 72.547734028551361, 23.050271319229658 ], [ 72.547794280524286, 23.049934507239676 ], [ 72.54782088052427, 23.049734607985364 ], [ 72.547852301997821, 23.049351690604823 ], [ 72.547844965045059, 23.048967741464974 ], [ 72.547798933003975, 23.048586075103959 ], [ 72.547714603257191, 23.048209986381259 ], [ 72.547592703801371, 23.047842722032918 ], [ 72.547434286962769, 23.047487452641192 ], [ 72.547240720312615, 23.047147245260863 ], [ 72.547013674861319, 23.046825036938451 ], [ 72.546928174861321, 23.046715234975675 ], [ 72.546645924006228, 23.04638888979883 ], [ 72.546329367025564, 23.046090381659461 ], [ 72.545981727549744, 23.045822750583742 ], [ 72.545606545735083, 23.045588722160947 ], [ 72.545207642212858, 23.045390679779896 ], [ 72.544789079182308, 23.045230640350539 ], [ 72.544355119043573, 23.045110233758379 ], [ 72.543910180991901, 23.045030686261008 ], [ 72.543761692523859, 23.045011233033861 ], [ 72.543557495167235, 23.044969452964907 ], [ 72.543078301394317, 23.044896168893121 ], [ 72.543043824595003, 23.044894374936693 ], [ 72.542898809677226, 23.044839802204457 ], [ 72.542453134915647, 23.044719751419315 ], [ 72.541996371895735, 23.04464268611417 ], [ 72.54153340303904, 23.044609430128077 ], [ 72.541069177102443, 23.04462033897267 ], [ 72.540859977102443, 23.044635239428587 ], [ 72.540393153793389, 23.044691260190447 ], [ 72.539935266836451, 23.0447919359694 ], [ 72.539491346483217, 23.044936160663578 ], [ 72.539066269551057, 23.045122349713413 ], [ 72.538664705847395, 23.045348457515267 ], [ 72.538551505847394, 23.045419959324416 ], [ 72.538171986488081, 23.045688126990697 ], [ 72.537825623106855, 23.045991924126923 ], [ 72.537516346683191, 23.04632790262179 ], [ 72.537247667285897, 23.046692249131166 ], [ 72.537022634236152, 23.047080828367065 ], [ 72.53695883423616, 23.047206730000042 ], [ 72.53679529551539, 23.047574694649757 ], [ 72.536670932345444, 23.047955414029541 ], [ 72.536586895327559, 23.048345365651773 ], [ 72.536549395327555, 23.048577366699316 ], [ 72.536512758179327, 23.048880553320377 ], [ 72.536500523579377, 23.0491854 ], [ 72.536500523579377, 23.049294 ], [ 72.536519723550924, 23.049675739192473 ], [ 72.536577159318767, 23.050054213704456 ], [ 72.536672339845921, 23.050426187875672 ] ] ] } },
{ "type": "Feature", "properties": { "version": 1, "visible": null, "lon": null, "timestamp": 1373152350, "tags": { "visible": false, "name": "Shilaj Lake" }, "changeset": null, "lat": null, "id": 229021237, "natural": "water", "water": null, "wetland": null, "osm_type": "way", "grassland": null, "reef": null, "Risk": "Low" }, "geometry": { "type": "Polygon", "coordinates": [ [ [ 72.468861382299494, 23.054037983410247 ], [ 72.468810711911303, 23.05433555028176 ], [ 72.468786623579405, 23.054763 ], [ 72.468786623579405, 23.0549013 ], [ 72.468807896043515, 23.055303051056448 ], [ 72.468871511939653, 23.055700995480837 ], [ 72.468976868687918, 23.056091363930395 ], [ 72.469122968332371, 23.056470458854612 ], [ 72.469308426993905, 23.056834689515956 ], [ 72.469531487978486, 23.057180605997715 ], [ 72.469790038416889, 23.057504931877141 ], [ 72.470081629278113, 23.057804595254389 ], [ 72.470403498567052, 23.058076757843796 ], [ 72.470596598567028, 23.058224754352537 ], [ 72.470964042512932, 23.058478254934428 ], [ 72.471357699856853, 23.058695905805667 ], [ 72.471489584729241, 23.058752854597124 ], [ 72.471615752643501, 23.058841427309542 ], [ 72.471987950781056, 23.059052093135882 ], [ 72.472310631753132, 23.059315752918504 ], [ 72.472693844363889, 23.059568113803117 ], [ 72.473103684943567, 23.059782142415727 ], [ 72.473535641949212, 23.059955482907846 ], [ 72.473964841949211, 23.060103578650242 ], [ 72.474347900518794, 23.060218009922551 ], [ 72.474740559677812, 23.060300410056438 ], [ 72.475139662436902, 23.06035011661206 ], [ 72.475542, 23.060366729983826 ], [ 72.4757995, 23.060366729983826 ], [ 72.4762449220581, 23.060346358720356 ], [ 72.476456423758435, 23.060317147163044 ], [ 72.476672278153586, 23.060307019520238 ], [ 72.477098587847294, 23.060248967329578 ], [ 72.477516888581306, 23.060153590920308 ], [ 72.47792332955045, 23.060021768233206 ], [ 72.478314169128495, 23.059854712700442 ], [ 72.478685809312992, 23.059653962078819 ], [ 72.479034828847816, 23.059421364298117 ], [ 72.479142128847812, 23.059342366191977 ], [ 72.479476785412032, 23.059069774504056 ], [ 72.47978034073877, 23.058767929117671 ], [ 72.480049789004767, 23.058439818737977 ], [ 72.480282462117003, 23.058088692154232 ], [ 72.480476056132233, 23.057718026077172 ], [ 72.480628654070784, 23.057331490718973 ], [ 72.480738744898659, 23.05693291345634 ], [ 72.480805238489765, 23.056526240936353 ], [ 72.480827476420586, 23.0561155 ], [ 72.480827476420586, 23.0558786 ], [ 72.480806337921322, 23.055479245324641 ], [ 72.480815445717724, 23.055146206244341 ], [ 72.480782653104356, 23.054738333323275 ], [ 72.480706207794583, 23.054335438702907 ], [ 72.480586858432005, 23.053941468070054 ], [ 72.480512332821917, 23.053765111858532 ], [ 72.480490783525255, 23.053667147229785 ], [ 72.480344536077666, 23.05324322366198 ], [ 72.480149626273828, 23.05283621455073 ], [ 72.479908311459312, 23.052450833841327 ], [ 72.479768811459309, 23.052253430537931 ], [ 72.479499265638296, 23.051911587160394 ], [ 72.479193212521352, 23.051596840076023 ], [ 72.478853848127244, 23.051312476292857 ], [ 72.478668332309653, 23.051186325023597 ], [ 72.478511983545758, 23.050979459580635 ], [ 72.478232810835834, 23.050676793176457 ], [ 72.477923367819173, 23.050400168327748 ], [ 72.477586509475884, 23.050152137395774 ], [ 72.47722534372501, 23.049934988924878 ], [ 72.476731843725005, 23.04966848186972 ], [ 72.476271824458109, 23.049451776450201 ], [ 72.475787797791682, 23.049285128652169 ], [ 72.475025997791676, 23.049067922283843 ], [ 72.474590337985248, 23.048965390789828 ], [ 72.474145719854391, 23.04890345786335 ], [ 72.4736966, 23.048882744341306 ], [ 72.4732996, 23.048882744341306 ], [ 72.472849875139588, 23.048903513848014 ], [ 72.472404670250668, 23.048965613604565 ], [ 72.471968459876635, 23.049068419419161 ], [ 72.471545628161294, 23.049210897947539 ], [ 72.471140424785872, 23.049391617082271 ], [ 72.470756922257507, 23.049608760351145 ], [ 72.470398974978423, 23.049860145179697 ], [ 72.470070180507108, 23.050143244834032 ], [ 72.469773843401015, 23.050455213823223 ], [ 72.469512942004002, 23.050792916505635 ], [ 72.469290098512388, 23.051152958611347 ], [ 72.469107552620528, 23.051531721363581 ], [ 72.468967139010687, 23.051925397855914 ], [ 72.46887026891352, 23.052330031319318 ], [ 72.468817915924504, 23.052741554894379 ], [ 72.46879651592451, 23.05303775549751 ], [ 72.46878834435141, 23.053426290144472 ], [ 72.46881986886855, 23.05381381231771 ], [ 72.468861382299494, 23.054037983410247 ] ] ] } },
{ "type": "Feature", "properties": { "version": 2, "visible": null, "lon": null, "timestamp": 1666808237, "tags": { "visible": false, "landuse": "basin", "name": "Chandlodia Lake" }, "changeset": null, "lat": null, "id": 297225637, "natural": "water", "water": "lake", "wetland": null, "osm_type": "way", "grassland": null, "reef": null, "Risk": "Low" }, "geometry": { "type": "Polygon", "coordinates": [ [ [ 72.548717931412014, 23.087837593950109 ], [ 72.548865431412025, 23.087933791537804 ], [ 72.549210146176719, 23.088137535671368 ], [ 72.549573610114876, 23.088311534654508 ], [ 72.549952798599008, 23.088454340642876 ], [ 72.550344556147166, 23.088564765353016 ], [ 72.550745622681816, 23.0886418899475 ], [ 72.551152660659085, 23.08868507267853 ], [ 72.551562282842681, 23.088693954226393 ], [ 72.551803682842674, 23.088689054376978 ], [ 72.552303175881264, 23.088653205284761 ], [ 72.552795221323549, 23.088566406092081 ], [ 72.55292400293493, 23.088536753317168 ], [ 72.55386257052038, 23.088343087942736 ], [ 72.55428123610973, 23.08823690623251 ], [ 72.554686797203217, 23.088094026320675 ], [ 72.555075462307059, 23.087915783842835 ], [ 72.555443597884135, 23.08770384500837 ], [ 72.555787762322865, 23.087460191028569 ], [ 72.556104738112211, 23.087187099600488 ], [ 72.556391561921231, 23.086887123619526 ], [ 72.556539061921228, 23.086716926880776 ], [ 72.556807586174216, 23.086372163974215 ], [ 72.55703627677596, 23.086003894056283 ], [ 72.557222724157896, 23.085615997178127 ], [ 72.557364963841607, 23.085212560212753 ], [ 72.55746149713724, 23.084797833800593 ], [ 72.557511306934401, 23.084376187568246 ], [ 72.557522006934406, 23.084203387870307 ], [ 72.557527241225571, 23.083844027668203 ], [ 72.557498510492721, 23.083485607430678 ], [ 72.557436032094415, 23.08313083875645 ], [ 72.557403832094408, 23.082987737864901 ], [ 72.557302060928336, 23.082620983187891 ], [ 72.55716423410081, 23.082264333907396 ], [ 72.556991508219937, 23.081920783026817 ], [ 72.556785332758011, 23.081593213650127 ], [ 72.556547437887772, 23.081284374783877 ], [ 72.556279819963336, 23.080996858263983 ], [ 72.55612990640816, 23.080862852802937 ], [ 72.556077703876525, 23.080796887808376 ], [ 72.555781972072069, 23.080491810504366 ], [ 72.555454921550293, 23.080215106096858 ], [ 72.555099752915012, 23.079969482672027 ], [ 72.555008552914998, 23.079912681226467 ], [ 72.554823543600335, 23.079811973202009 ], [ 72.554804592959769, 23.07979718866719 ], [ 72.554451862086239, 23.07957151816214 ], [ 72.554077307107107, 23.079377884287084 ], [ 72.553684355180437, 23.079218058923427 ], [ 72.553276601795304, 23.079093504587508 ], [ 72.552857777873427, 23.079005361044121 ], [ 72.5524317156313, 23.07895443487417 ], [ 72.552002313515658, 23.078941192091801 ], [ 72.551573500532896, 23.078965753878876 ], [ 72.551149200298894, 23.079027895475782 ], [ 72.55073329513813, 23.079127048238664 ], [ 72.55032959056058, 23.079262304844416 ], [ 72.549941780441529, 23.079432427595574 ], [ 72.549617280441538, 23.079592731935932 ], [ 72.54926859239518, 23.079784150497353 ], [ 72.548940120326719, 23.080003756229772 ], [ 72.548634548729879, 23.080249754234735 ], [ 72.548377048729876, 23.080476759271903 ], [ 72.548039885639554, 23.080808568442968 ], [ 72.54774434685109, 23.081172415953517 ], [ 72.547494003411984, 23.081563905128348 ], [ 72.547244603411997, 23.082008111393538 ], [ 72.547056312536697, 23.082389802686496 ], [ 72.546911025197645, 23.082787077751906 ], [ 72.546810236462562, 23.083195848342854 ], [ 72.546754983489876, 23.08361190795285 ], [ 72.546733483489874, 23.083890708559249 ], [ 72.546723817130413, 23.084293155905129 ], [ 72.546756766240463, 23.084694557483598 ], [ 72.546832018092402, 23.085091103525443 ], [ 72.546948858453433, 23.085479030379556 ], [ 72.547050758453452, 23.085762827643599 ], [ 72.547223449836039, 23.086170059832867 ], [ 72.547441941795597, 23.08655822915361 ], [ 72.5477037889641, 23.086922991387311 ], [ 72.548006060740775, 23.087260264311354 ], [ 72.548345374091554, 23.08756627337814 ], [ 72.548717931412014, 23.087837593950109 ] ] ] } },
{ "type": "Feature", "properties": { "version": 1, "visible": null, "lon": null, "timestamp": 1407826362, "tags": { "visible": false, "name": "Auda Lake" }, "changeset": null, "lat": null, "id": 297316929, "natural": "water", "water": "lake", "wetland": null, "osm_type": "way", "grassland": null, "reef": null, "Risk": "Low" }, "geometry": { "type": "Polygon", "coordinates": [ [ [ 72.562798664807246, 23.092390524635444 ], [ 72.563081564807263, 23.092413723925009 ], [ 72.563551068590186, 23.092429533430803 ], [ 72.564019799178908, 23.092400143266357 ], [ 72.564482628131245, 23.092325874963837 ], [ 72.564934491575599, 23.092207541028909 ], [ 72.5653704456154, 23.092046436054215 ], [ 72.565785720420962, 23.091844322560075 ], [ 72.56617577241677, 23.091603411717049 ], [ 72.56640197241677, 23.091447315555932 ], [ 72.566751347558267, 23.091179763291549 ], [ 72.567069533106491, 23.09088109478105 ], [ 72.567353269652372, 23.090554369309533 ], [ 72.567599650673358, 23.09020293357505 ], [ 72.567806152307057, 23.089830387413731 ], [ 72.567970659205031, 23.089440546931357 ], [ 72.568091486201908, 23.089037405418665 ], [ 72.568167395577689, 23.088625092450553 ], [ 72.568217695577673, 23.088231893863252 ], [ 72.568247893988726, 23.087815537415064 ], [ 72.568232286650684, 23.08739850102895 ], [ 72.568181986650686, 23.086854999611674 ], [ 72.568120254469477, 23.086439200314061 ], [ 72.568012991926693, 23.086031304768639 ], [ 72.567861305520907, 23.085635520833684 ], [ 72.567666760018227, 23.085255931460367 ], [ 72.567431362310472, 23.08489645256871 ], [ 72.567157540712515, 23.084560792645444 ], [ 72.567031840712531, 23.084421989914539 ], [ 72.566740881281433, 23.084130327624187 ], [ 72.566420916739844, 23.083865617680871 ], [ 72.566074884006071, 23.083630289993078 ], [ 72.565705959275391, 23.083426504766518 ], [ 72.56531752886616, 23.083256132669963 ], [ 72.564913158137117, 23.083120737659215 ], [ 72.564496558761462, 23.083021562616977 ], [ 72.564071554657644, 23.082959517940651 ], [ 72.56364204689028, 23.08293517318296 ], [ 72.563211977862537, 23.082948751822137 ], [ 72.562677777862518, 23.082989253062827 ], [ 72.562246190067228, 23.083041445147142 ], [ 72.561822121064964, 23.083131825388616 ], [ 72.561409553925685, 23.083259544814503 ], [ 72.561012363688036, 23.083423403715162 ], [ 72.560634280963086, 23.083621862916228 ], [ 72.560278856894442, 23.083853058240138 ], [ 72.559949429804234, 23.084114818021021 ], [ 72.559649093837834, 23.084404683508165 ], [ 72.55938066990214, 23.084719931966237 ], [ 72.559146679170112, 23.085057602255084 ], [ 72.558949319400725, 23.085414522648502 ], [ 72.558672719400732, 23.085981129783661 ], [ 72.55851320515707, 23.086355691656788 ], [ 72.558394042030343, 23.086742746864349 ], [ 72.558316359568124, 23.087138626417236 ], [ 72.558280894122674, 23.087539577710952 ], [ 72.558287981871047, 23.087941800098861 ], [ 72.558337555628427, 23.088341480919585 ], [ 72.558429145485078, 23.088734831637044 ], [ 72.558536045485084, 23.089104928715344 ], [ 72.558656895128777, 23.089458563224827 ], [ 72.558811714046271, 23.0898008097159 ], [ 72.558999256039627, 23.090128913410005 ], [ 72.559218011509969, 23.090440233385195 ], [ 72.55946621960905, 23.090732263830279 ], [ 72.559617019609036, 23.090894160591798 ], [ 72.559889991485747, 23.091162135853281 ], [ 72.560187752229695, 23.091406755659012 ], [ 72.560507949513948, 23.091626087630956 ], [ 72.560848053761561, 23.091818399161681 ], [ 72.561205378129486, 23.091982171098007 ], [ 72.561375078129487, 23.092051469150725 ], [ 72.56183515770212, 23.092212209227011 ], [ 72.56231159325462, 23.092325681790417 ], [ 72.562798664807246, 23.092390524635444 ] ] ] } },
{ "type": "Feature", "properties": { "version": 1, "visible": null, "lon": null, "timestamp": 1414676117, "tags": { "visible": false }, "changeset": null, "lat": null, "id": 310366539, "natural": "water", "water": null, "wetland": null, "osm_type": "way", "grassland": null, "reef": null, "Risk": "Low" }, "geometry": { "type": "Polygon", "coordinates": [ [ [ 72.636563122414941, 23.198751680790174 ], [ 72.636787522414949, 23.198722181691888 ], [ 72.637229187398148, 23.198643195950091 ], [ 72.637660038582368, 23.198523990719856 ], [ 72.638075752292266, 23.198365762143197 ], [ 72.638472156759946, 23.198170097939364 ], [ 72.638845273989546, 23.197938961477142 ], [ 72.639191359677127, 23.197674672078488 ], [ 72.63950694078558, 23.197379881750784 ], [ 72.639788850397125, 23.197057548580933 ], [ 72.640034259494044, 23.196710907058073 ], [ 72.640240705348347, 23.196343435622317 ], [ 72.640406116235752, 23.195958821764943 ], [ 72.64052883222584, 23.195560925029941 ], [ 72.640607621839862, 23.195153738287974 ], [ 72.640641694408671, 23.194741347671187 ], [ 72.640630708007436, 23.19432789157068 ], [ 72.640622008007412, 23.194220791324458 ], [ 72.640566058063939, 23.193810341363303 ], [ 72.640465704068589, 23.193407096761224 ], [ 72.640321953474427, 23.19301510577111 ], [ 72.640136249392597, 23.1926383037036 ], [ 72.639910456105056, 23.192280473415828 ], [ 72.639646840349002, 23.191945207329656 ], [ 72.639348048561075, 23.191635871360663 ], [ 72.639017080309884, 23.191355571120493 ], [ 72.638657258183343, 23.191107120732028 ], [ 72.638272194433142, 23.190893014570751 ], [ 72.637865754711513, 23.190715402216426 ], [ 72.637442019263872, 23.190576066866647 ], [ 72.637005241967316, 23.190476407429397 ], [ 72.636559807625972, 23.19041742447456 ], [ 72.636110187951999, 23.190399710185616 ], [ 72.63566089667404, 23.19042344241257 ], [ 72.635445196674041, 23.190444843069439 ], [ 72.635012547930813, 23.190507511586702 ], [ 72.634588596434412, 23.190608616056476 ], [ 72.634177373456311, 23.190747195010417 ], [ 72.633782789234999, 23.190921930614401 ], [ 72.633408595794336, 23.191131161203874 ], [ 72.633058351266229, 23.191372897089536 ], [ 72.632735386057064, 23.191644839482841 ], [ 72.632442771179583, 23.19194440236118 ], [ 72.632183289051142, 23.192268737064506 ], [ 72.631959407036334, 23.192614759389354 ], [ 72.631773253985244, 23.192979178922311 ], [ 72.631626599990653, 23.193358530333828 ], [ 72.6315208395566, 23.19374920633447 ], [ 72.63145697833825, 23.19414749198015 ], [ 72.631435623579392, 23.1945496 ], [ 72.631435623579392, 23.1946648 ], [ 72.631458403101021, 23.195080070874312 ], [ 72.631526510608211, 23.195491128295071 ], [ 72.631639255271608, 23.195893802874689 ], [ 72.631795493497407, 23.196284010290562 ], [ 72.631993640527057, 23.196657792709463 ], [ 72.632231686511844, 23.197011358927554 ], [ 72.632507216899228, 23.19734112281926 ], [ 72.632817436924157, 23.197643739705068 ], [ 72.63315919995695, 23.197916140269715 ], [ 72.633529039420353, 23.198155561687088 ], [ 72.633923203951682, 23.198359575636417 ], [ 72.634337695453794, 23.198526112925784 ], [ 72.634768309648607, 23.19865348447372 ], [ 72.635210678722032, 23.198740398436129 ], [ 72.635660315627703, 23.198785973305146 ], [ 72.636112659599988, 23.198789746847275 ], [ 72.636563122414941, 23.198751680790174 ] ] ] } },
{ "type": "Feature", "properties": { "version": 3, "visible": null, "lon": null, "timestamp": 1686198616, "tags": { "visible": false, "name": "Naroda Lake", "source": "bing" }, "changeset": null, "lat": null, "id": 313584708, "natural": "water", "water": "reservoir", "wetland": null, "osm_type": "way", "grassland": null, "reef": null, "Risk": "Low" }, "geometry": { "type": "Polygon", "coordinates": [ [ [ 72.65983685618572, 23.081402901846978 ], [ 72.659869381758867, 23.081394537721192 ], [ 72.660281530476013, 23.081247007262718 ], [ 72.660675910353334, 23.081062904551427 ], [ 72.661048697975033, 23.080844014271634 ], [ 72.661379897975038, 23.080627719691634 ], [ 72.661727082575567, 23.080376480711426 ], [ 72.662045762771328, 23.080095083296197 ], [ 72.662332856368025, 23.079786248870388 ], [ 72.662585586668968, 23.079452964224313 ], [ 72.662801509330606, 23.079098452633534 ], [ 72.663104209330612, 23.078538560295343 ], [ 72.663293634434723, 23.078135874811309 ], [ 72.663435577538095, 23.077716979746739 ], [ 72.663528438145022, 23.077286598271989 ], [ 72.663571169195095, 23.076849583116005 ], [ 72.663563288869469, 23.076410861852725 ], [ 72.663504886023674, 23.075975381341486 ], [ 72.663399086023659, 23.075427678396895 ], [ 72.66329839673098, 23.07502467741028 ], [ 72.663154430954123, 23.074632951290575 ], [ 72.662968630366905, 23.074256422899751 ], [ 72.662742855577008, 23.073898862937405 ], [ 72.662510855577025, 23.073570457438841 ], [ 72.662268291098428, 23.07325960910249 ], [ 72.66199551192048, 23.072970735935627 ], [ 72.66169485718369, 23.072706315237387 ], [ 72.661368905067548, 23.072468614622998 ], [ 72.661021005067539, 23.072238208877891 ], [ 72.660671090717244, 23.072028477480334 ], [ 72.660301515759301, 23.071849552354703 ], [ 72.65991547520639, 23.071702980452397 ], [ 72.65951630641797, 23.071590029009776 ], [ 72.659101106417978, 23.07149172608495 ], [ 72.658627599435889, 23.071404284293951 ], [ 72.65814662496841, 23.071364121298075 ], [ 72.657663743741622, 23.071371701479155 ], [ 72.657184538526252, 23.071426937191848 ], [ 72.656714549593303, 23.071529189777308 ], [ 72.656047349593308, 23.071709695097656 ], [ 72.655657006315309, 23.071833497660378 ], [ 72.655280669134811, 23.071989754267712 ], [ 72.654921518163647, 23.072177144414823 ], [ 72.654582588287269, 23.072394084497322 ], [ 72.654266743519557, 23.072638741197252 ], [ 72.653851843519561, 23.072991349155007 ], [ 72.653523168032038, 23.073301594065967 ], [ 72.653231604609118, 23.073641791504397 ], [ 72.652980357971288, 23.074008201976579 ], [ 72.65277218969689, 23.074396797883342 ], [ 72.652609387868281, 23.07480330779816 ], [ 72.652458987868286, 23.075249711858966 ], [ 72.652338556424979, 23.075692205428101 ], [ 72.652271872848388, 23.076144213476795 ], [ 72.652259749741006, 23.076600227791211 ], [ 72.65230233483436, 23.077054691392828 ], [ 72.652373834834364, 23.077517389391748 ], [ 72.652464219861372, 23.077941624248986 ], [ 72.6526022888021, 23.078354848580034 ], [ 72.652786530421025, 23.078752539554145 ], [ 72.653017830421021, 23.07918723368126 ], [ 72.653231544838107, 23.07954333756031 ], [ 72.653482283285214, 23.079878383752256 ], [ 72.653767615856125, 23.080189125493508 ], [ 72.654084777392967, 23.080472551564295 ], [ 72.654430694283363, 23.080725915463464 ], [ 72.654802014246798, 23.080946762017831 ], [ 72.655274714246815, 23.081198455323545 ], [ 72.655661697719708, 23.081382073995474 ], [ 72.65606618943589, 23.081530358167349 ], [ 72.65648438803693, 23.081641914403445 ], [ 72.656912363349008, 23.081715694405784 ], [ 72.657346093318054, 23.081751004862454 ], [ 72.657781501808543, 23.081747513960906 ], [ 72.658373701808543, 23.081716314918125 ], [ 72.658805654790854, 23.08167420433708 ], [ 72.659231166228949, 23.081593906343944 ], [ 72.659646256548683, 23.081476171854071 ], [ 72.65983685618572, 23.081402901846978 ] ] ] } },
{ "type": "Feature", "properties": { "version": 1, "visible": null, "lon": null, "timestamp": 1418170939, "tags": { "visible": false }, "changeset": null, "lat": null, "id": 316612687, "natural": "water", "water": null, "wetland": null, "osm_type": "way", "grassland": null, "reef": null, "Risk": "Low" }, "geometry": { "type": "Polygon", "coordinates": [ [ [ 72.680691943400561, 23.095913422702985 ], [ 72.681982443400557, 23.095754327551656 ], [ 72.682415917604729, 23.095680815717291 ], [ 72.682839471341239, 23.09556857550055 ], [ 72.683249025608774, 23.095418687726738 ], [ 72.683640636226698, 23.095232595755238 ], [ 72.684010531819382, 23.095012091584099 ], [ 72.684355150136014, 23.094759298597957 ], [ 72.684671172356659, 23.094476651125234 ], [ 72.684955555053833, 23.094166871001242 ], [ 72.68520555950208, 23.09383294136266 ], [ 72.685418778052934, 23.09347807792544 ], [ 72.685593157321719, 23.093105698022551 ], [ 72.685727017962407, 23.092719387699464 ], [ 72.685819070840495, 23.092322867184023 ], [ 72.685868429447893, 23.091919955063045 ], [ 72.685874618440337, 23.091514531510548 ], [ 72.685837578215228, 23.091110500921566 ], [ 72.685757378215243, 23.090559998673445 ], [ 72.685677464214265, 23.090161245466188 ], [ 72.685555446256529, 23.089771616714383 ], [ 72.685392499456057, 23.089394864897141 ], [ 72.685190193098791, 23.089034618507924 ], [ 72.684950475529305, 23.088694347105008 ], [ 72.68467565538711, 23.08837732789171 ], [ 72.684368379372714, 23.088086614148434 ], [ 72.684031606758268, 23.087825005820889 ], [ 72.683668580887755, 23.087595022547795 ], [ 72.683282797941516, 23.087398879388349 ], [ 72.682877973265576, 23.087238465483281 ], [ 72.682458005590533, 23.087115325855343 ], [ 72.682026939484061, 23.087030646524692 ], [ 72.681588926399172, 23.086985243082761 ], [ 72.681148184692816, 23.086979552834752 ], [ 72.680708959000455, 23.087013630586569 ], [ 72.679418459000459, 23.087172735434461 ], [ 72.678984984648409, 23.087246251730793 ], [ 72.678561430747123, 23.087358498729991 ], [ 72.67815187630157, 23.087508395350131 ], [ 72.677760265495962, 23.087694497899594 ], [ 72.677390369709613, 23.087915013985146 ], [ 72.677045751196914, 23.088167819779081 ], [ 72.676729728781339, 23.088450480478858 ], [ 72.676445345893683, 23.088760273762013 ], [ 72.676195341262613, 23.089094216010174 ], [ 72.675982122539523, 23.089449091049374 ], [ 72.675807743111733, 23.089821481129633 ], [ 72.675673882327658, 23.090207799845132 ], [ 72.675581829323789, 23.090604326677894 ], [ 72.675532470609852, 23.091007242831935 ], [ 72.675526281531347, 23.091412668012694 ], [ 72.675563321691783, 23.09181669779748 ], [ 72.675643521691782, 23.092367195549318 ], [ 72.67572343566998, 23.092765942397154 ], [ 72.675845453643262, 23.093155562649855 ], [ 72.676008400496457, 23.093532304097607 ], [ 72.676210706941717, 23.093892538589948 ], [ 72.676450424631867, 23.094232796972555 ], [ 72.676725244924242, 23.094549802491922 ], [ 72.677032521114526, 23.094840502346411 ], [ 72.677369293926262, 23.095102097080073 ], [ 72.677732320010662, 23.095332067536376 ], [ 72.678118103182285, 23.095528199112625 ], [ 72.678522928089606, 23.095688603081605 ], [ 72.6789428959964, 23.095811734775481 ], [ 72.679373962329123, 23.095896408456962 ], [ 72.679811975628979, 23.095941808734768 ], [ 72.680252717533151, 23.095947498413572 ], [ 72.680691943400561, 23.095913422702985 ] ] ] } },
{ "type": "Feature", "properties": { "version": 1, "visible": null, "lon": null, "timestamp": 1418170939, "tags": { "visible": false }, "changeset": null, "lat": null, "id": 316612689, "natural": "water", "water": null, "wetland": null, "osm_type": "way", "grassland": null, "reef": null, "Risk": "Low" }, "geometry": { "type": "Polygon", "coordinates": [ [ [ 72.67905603086345, 23.082693262210316 ], [ 72.679467730863436, 23.082988955047284 ], [ 72.67983669773885, 23.083227530315423 ], [ 72.680229811586855, 23.083430864394025 ], [ 72.680643109107208, 23.083596907470973 ], [ 72.681072423511722, 23.083723985671867 ], [ 72.681513426532931, 23.083810817929994 ], [ 72.681961672060922, 23.083856528897375 ], [ 72.682412640968238, 23.083860657766618 ], [ 72.682525940968247, 23.083856457895596 ], [ 72.682968179118106, 23.083819858185187 ], [ 72.683404328088244, 23.083743268504787 ], [ 72.683830125515485, 23.08362743727664 ], [ 72.684241410199505, 23.083473496387629 ], [ 72.684634162768916, 23.08328295013154 ], [ 72.6850045449616, 23.083057660512974 ], [ 72.68534893713489, 23.082799829056427 ], [ 72.685663973639464, 23.082511975297969 ], [ 72.685946575710744, 23.082196912169486 ], [ 72.686193981556968, 23.081857718515831 ], [ 72.686403773349241, 23.081497709013167 ], [ 72.686573900850476, 23.08112040178213 ], [ 72.686798300850484, 23.080543707755115 ], [ 72.686923938300353, 23.080164363074573 ], [ 72.687009468542101, 23.079775684520524 ], [ 72.687054103786608, 23.079381252009984 ], [ 72.687057432914202, 23.078984698488323 ], [ 72.687050532914213, 23.078827198293414 ], [ 72.687008450951495, 23.078405491124375 ], [ 72.68691967308456, 23.077989959722771 ], [ 72.686785131769909, 23.077584968597932 ], [ 72.686606240129251, 23.077194771588807 ], [ 72.686384877107017, 23.076823467180045 ], [ 72.686123367735362, 23.076474955448418 ], [ 72.68582445871381, 23.076152897092143 ], [ 72.685491289559849, 23.075860674973629 ], [ 72.685127359633967, 23.075601358579956 ], [ 72.684784959633973, 23.075382253052968 ], [ 72.684392338449385, 23.075157674393537 ], [ 72.683976704032347, 23.074971415243766 ], [ 72.683542459919579, 23.074825449132831 ], [ 72.683094206812626, 23.074721322666324 ], [ 72.682636693834596, 23.074660139134725 ], [ 72.682174768214551, 23.074642546820218 ], [ 72.681713323932257, 23.074668732125804 ], [ 72.681257249867855, 23.074738417599697 ], [ 72.680811378005458, 23.074850864875916 ], [ 72.680380432239545, 23.075004882499922 ], [ 72.68015383223954, 23.075098485123704 ], [ 72.679749080942457, 23.075288876499982 ], [ 72.679367320990011, 23.075515931197593 ], [ 72.679012462874567, 23.075777323241621 ], [ 72.678688141524148, 23.076070374915904 ], [ 72.678397679068695, 23.076392084199558 ], [ 72.67814405081036, 23.076739155525722 ], [ 72.677929854746566, 23.077108033547006 ], [ 72.677781754746562, 23.077397437334948 ], [ 72.677627639976166, 23.077737073928265 ], [ 72.67750698611826, 23.078087978146176 ], [ 72.677420750337916, 23.078447366136075 ], [ 72.677369616756422, 23.078812386762987 ], [ 72.677344216756438, 23.079091187478561 ], [ 72.677329065614956, 23.079500492617083 ], [ 72.677358031437379, 23.079909165925752 ], [ 72.677430829682535, 23.080313192891097 ], [ 72.677546745228398, 23.080708604677863 ], [ 72.677704639397021, 23.081091517113894 ], [ 72.677902961140063, 23.081458168842055 ], [ 72.678139762275336, 23.08180495826451 ], [ 72.678412716624464, 23.082128478916687 ], [ 72.678719142863685, 23.082425552923628 ], [ 72.67905603086345, 23.082693262210316 ] ] ] } },
{ "type": "Feature", "properties": { "version": 2, "visible": null, "lon": null, "timestamp": 1686198616, "tags": { "visible": false, "name": "Saijpur Lake" }, "changeset": null, "lat": null, "id": 323234510, "natural": "water", "water": "reservoir", "wetland": null, "osm_type": "way", "grassland": null, "reef": null, "Risk": "Low" }, "geometry": { "type": "Polygon", "coordinates": [ [ [ 72.63695383613593, 23.057919588767742 ], [ 72.63685089445822, 23.058099735162756 ], [ 72.636699235067155, 23.05843291458844 ], [ 72.636673934831066, 23.058496115848968 ], [ 72.636648634831076, 23.058559316519688 ], [ 72.636503877707327, 23.05899296137575 ], [ 72.636411648193061, 23.059438590382829 ], [ 72.636373057555844, 23.059890834093075 ], [ 72.636388570771871, 23.060344243411404 ], [ 72.63639577077187, 23.060420743208745 ], [ 72.636449204454507, 23.060791899426089 ], [ 72.636467304454513, 23.060884998922699 ], [ 72.636552858751614, 23.061236099402304 ], [ 72.636671281521188, 23.061579021024706 ], [ 72.636821675042299, 23.06191116429515 ], [ 72.636875875042293, 23.062017562908551 ], [ 72.637073400473625, 23.062362067912971 ], [ 72.637305299756861, 23.062687931835253 ], [ 72.637569512865483, 23.062992260080069 ], [ 72.637863692720174, 23.063272349368887 ], [ 72.638185226038615, 23.063525711748479 ], [ 72.638531256549939, 23.063750096686462 ], [ 72.638898710367883, 23.06394351105785 ], [ 72.6390686103679, 23.064023408873091 ], [ 72.63947367466794, 23.064191197504428 ], [ 72.63989477205655, 23.064321351268511 ], [ 72.640297318832523, 23.064406177528799 ], [ 72.640343350556705, 23.064418042483091 ], [ 72.640764134588267, 23.064487662499307 ], [ 72.641190206806513, 23.064520157892424 ], [ 72.641617706867208, 23.064515234271195 ], [ 72.642042761489307, 23.064472936241028 ], [ 72.642092829106247, 23.064463456250781 ], [ 72.64237468592232, 23.06443770104601 ], [ 72.6426956905498, 23.064378825888419 ], [ 72.642829377663162, 23.06435903314032 ], [ 72.643231253992411, 23.064263842922198 ], [ 72.643621866534687, 23.064134933608202 ], [ 72.643683366534702, 23.064111634269818 ], [ 72.644027214743645, 23.063965475913925 ], [ 72.644356456069659, 23.063793182146391 ], [ 72.64466874915199, 23.063595978116162 ], [ 72.644726549151997, 23.063556079096241 ], [ 72.645074444499286, 23.063289698364962 ], [ 72.645391436023814, 23.062992455668272 ], [ 72.645674304922053, 23.062667369081797 ], [ 72.645920178879351, 23.062317739418969 ], [ 72.646126561235988, 23.061947116721516 ], [ 72.646291356338935, 23.061559264218648 ], [ 72.646412890821495, 23.061158120120798 ], [ 72.646489930595067, 23.06074775763545 ], [ 72.646521693380393, 23.060332343610945 ], [ 72.646507856651013, 23.059916096227965 ], [ 72.646448560908155, 23.059503242168311 ], [ 72.646381204062195, 23.059241150032101 ], [ 72.646386727691024, 23.058961491809431 ], [ 72.646352627462676, 23.058563033116084 ], [ 72.646276852829601, 23.058169467710094 ], [ 72.646160112559443, 23.057784476914218 ], [ 72.646142112559446, 23.057734576431589 ], [ 72.645998642440958, 23.057389317115554 ], [ 72.645822218447677, 23.057057233025155 ], [ 72.645800518447672, 23.057020632486982 ], [ 72.645577181689049, 23.056683346383483 ], [ 72.645319872983123, 23.056367215897925 ], [ 72.645030942336874, 23.056075128416811 ], [ 72.644713028561213, 23.055809751747226 ], [ 72.644369035170698, 23.055573509745667 ], [ 72.644002103865731, 23.055368560174923 ], [ 72.64396230386572, 23.055348659638085 ], [ 72.643703106682267, 23.055228865326633 ], [ 72.643656106682258, 23.055208864769295 ], [ 72.6432327543437, 23.055052207123577 ], [ 72.642794312440984, 23.054935880421542 ], [ 72.642345306043438, 23.054861085353053 ], [ 72.641890369254327, 23.05482859393236 ], [ 72.64143419738329, 23.054838741527419 ], [ 72.640981498487008, 23.054891423397383 ], [ 72.640536944778276, 23.05498609577398 ], [ 72.640435744778287, 23.055012696559256 ], [ 72.640015933948831, 23.055143988375153 ], [ 72.639612237365924, 23.055312726401723 ], [ 72.639228589112662, 23.055517266124578 ], [ 72.638868727898227, 23.055755614115636 ], [ 72.638583127898201, 23.055965219146671 ], [ 72.638159216837877, 23.056319275185547 ], [ 72.638043616837876, 23.056428977530157 ], [ 72.63791102796597, 23.056560390066888 ], [ 72.637766427965971, 23.056710093120287 ], [ 72.637521484227264, 23.056986884379 ], [ 72.63730341146119, 23.057282090003774 ], [ 72.637113836396281, 23.057593507774609 ], [ 72.636954173180612, 23.057918814545332 ], [ 72.63695383613593, 23.057919588767742 ] ] ] } },
{ "type": "Feature", "properties": { "version": 3, "visible": null, "lon": null, "timestamp": 1633166409, "tags": { "visible": false, "name": "Mumatpura Lake" }, "changeset": null, "lat": null, "id": 326493488, "natural": "water", "water": "lake", "wetland": null, "osm_type": "way", "grassland": null, "reef": null, "Risk": "Low" }, "geometry": { "type": "Polygon", "coordinates": [ [ [ 72.485090313637272, 23.013640724356822 ], [ 72.484983070791941, 23.01377657345779 ], [ 72.484757125391113, 23.014132682784375 ], [ 72.484570850657889, 23.014507738299006 ], [ 72.484426100131486, 23.014898007844671 ], [ 72.484324314161668, 23.01529960790327 ], [ 72.484266505576599, 23.015708542243441 ], [ 72.484253249604421, 23.016120741688578 ], [ 72.484284678149606, 23.016532104609393 ], [ 72.484360478480312, 23.016938537737865 ], [ 72.484479896340247, 23.017335996896563 ], [ 72.48464174345402, 23.017720527237998 ], [ 72.484844409351098, 23.018088302593767 ], [ 72.485085877390887, 23.0184356635421 ], [ 72.485363744829513, 23.018759153815147 ], [ 72.48567524672842, 23.019055554684012 ], [ 72.486017283467106, 23.019321916979735 ], [ 72.486078583467119, 23.019365015929896 ], [ 72.486300698710977, 23.019506605126111 ], [ 72.486370496319878, 23.019559143006024 ], [ 72.486722659703688, 23.019776660446595 ], [ 72.48709554428045, 23.019962637032627 ], [ 72.487485825403326, 23.02011541472643 ], [ 72.487890023317476, 23.020233631473634 ], [ 72.488304534185616, 23.020316233343191 ], [ 72.48872566222002, 23.020362483921001 ], [ 72.489149652634154, 23.02037197087343 ], [ 72.489230984835999, 23.020366710898639 ], [ 72.489427917818233, 23.020371344203646 ], [ 72.48985514992448, 23.020343841790126 ], [ 72.490277593837988, 23.020279014094431 ], [ 72.490691408785622, 23.0201774504634 ], [ 72.491092832447066, 23.020040074210939 ], [ 72.491130732447061, 23.020025174630952 ], [ 72.491537342566943, 23.019842516625978 ], [ 72.491818925854162, 23.019681888949535 ], [ 72.491995269815149, 23.019586767445766 ], [ 72.492327655402136, 23.019367837537729 ], [ 72.492378055402142, 23.019331338416993 ], [ 72.4926330743872, 23.019132066433865 ], [ 72.492871271404667, 23.018915877539637 ], [ 72.492898371404664, 23.018889378096361 ], [ 72.493121188815138, 23.018654326873154 ], [ 72.493187913230273, 23.018572174636386 ], [ 72.493411890215611, 23.018317755150921 ], [ 72.493644965760652, 23.017995469840059 ], [ 72.493677365760632, 23.017945770623854 ], [ 72.493877387600634, 23.017603434530827 ], [ 72.494041591354389, 23.017245320169788 ], [ 72.494168525341749, 23.016874593418454 ], [ 72.494257067374278, 23.016494531679751 ], [ 72.494306434676261, 23.016108494910341 ], [ 72.494311334676254, 23.016044295048232 ], [ 72.494318834682517, 23.015590460682951 ], [ 72.494272233912497, 23.015138603407159 ], [ 72.494172094112699, 23.014694170157551 ], [ 72.494019622413077, 23.014262518430662 ], [ 72.493984722413074, 23.014179517512503 ], [ 72.493805408153008, 23.01380835449941 ], [ 72.493587384348942, 23.013455179223925 ], [ 72.493332755897981, 23.013123401548711 ], [ 72.493043981094445, 23.012816224769612 ], [ 72.492723847896514, 23.012536614683121 ], [ 72.492688806192731, 23.012511536038275 ], [ 72.492463583869821, 23.012285386672659 ], [ 72.492128895839969, 23.012010302970122 ], [ 72.491766058484231, 23.011767327523938 ], [ 72.491378692891047, 23.011558885389512 ], [ 72.490970664938729, 23.011387056967383 ], [ 72.490546046714343, 23.011253557234483 ], [ 72.490109075874557, 23.011159718623087 ], [ 72.489664113354152, 23.011106477718652 ], [ 72.489215599844314, 23.011094365909457 ], [ 72.488768011474775, 23.011123504081485 ], [ 72.488687311474777, 23.011132504355309 ], [ 72.488241749440448, 23.011203297377548 ], [ 72.487806177781763, 23.011314963477815 ], [ 72.487385010478576, 23.01146637095859 ], [ 72.486982515540419, 23.011655985361603 ], [ 72.486602771755457, 23.011881885022955 ], [ 72.486249627357125, 23.01214178055314 ], [ 72.48592666102698, 23.012433038044279 ], [ 72.485637145629155, 23.012752705769135 ], [ 72.485384015044019, 23.013097544100994 ], [ 72.48516983443686, 23.013464058350991 ], [ 72.485090313637272, 23.013640724356822 ] ] ] } },
{ "type": "Feature", "properties": { "version": 1, "visible": null, "lon": null, "timestamp": 1423222479, "tags": { "visible": false }, "changeset": null, "lat": null, "id": 326732726, "natural": "water", "water": null, "wetland": null, "osm_type": "way", "grassland": null, "reef": null, "Risk": "Low" }, "geometry": { "type": "Polygon", "coordinates": [ [ [ 72.608578526345084, 22.953036436138554 ], [ 72.608521026345073, 22.953371337737391 ], [ 72.608473651599979, 22.953774686512673 ], [ 72.608469420297354, 22.954180367537326 ], [ 72.60850837315067, 22.954584477358367 ], [ 72.60859013535682, 22.95498312767571 ], [ 72.608676135356831, 22.955312825321556 ], [ 72.608800004124021, 22.955702402230614 ], [ 72.608964751090227, 22.956078920374413 ], [ 72.609168789224498, 22.956438752823932 ], [ 72.609410152998493, 22.956778433408523 ], [ 72.609626652998486, 22.957052728477958 ], [ 72.609903121060526, 22.957369091983772 ], [ 72.610211949298204, 22.957658965511754 ], [ 72.610550160619965, 22.957919554871665 ], [ 72.61091449468249, 22.958148348168667 ], [ 72.611228594682473, 22.958325443550741 ], [ 72.61161541316342, 22.958520178849462 ], [ 72.612021101317225, 22.958679058427837 ], [ 72.61244175080968, 22.958800551794287 ], [ 72.612873309171505, 22.95888348860332 ], [ 72.613237009171513, 22.958936387005672 ], [ 72.613674962830288, 22.958979949109409 ], [ 72.614115444529915, 22.958983800356958 ], [ 72.614554217595142, 22.958947903709323 ], [ 72.614987061784802, 22.958872604399016 ], [ 72.615345061784794, 22.958793406753603 ], [ 72.615768330780824, 22.958679263765223 ], [ 72.616177401404741, 22.958527446739225 ], [ 72.616568329333575, 22.95833941939512 ], [ 72.616937345179124, 22.958116994575207 ], [ 72.617235145179137, 22.957917599506089 ], [ 72.617578145501398, 22.957663367878656 ], [ 72.617892463408921, 22.957379432808679 ], [ 72.618175078208466, 22.957068522823008 ], [ 72.618423273883465, 22.956733625688603 ], [ 72.618615673883454, 22.956444530307042 ], [ 72.61882740973698, 22.956088209520633 ], [ 72.619000167153743, 22.955714481870171 ], [ 72.619132279929488, 22.955326951741167 ], [ 72.619222473867865, 22.954929356667424 ], [ 72.619279973867876, 22.954594458266318 ], [ 72.619327365878974, 22.954190839002646 ], [ 72.619331556183369, 22.953784884575494 ], [ 72.619292504407809, 22.953380506321498 ], [ 72.619210586813153, 22.952981600425925 ], [ 72.619124486813149, 22.952651898069291 ], [ 72.61900060224221, 22.952262597709208 ], [ 72.618835896604409, 22.951886344426384 ], [ 72.6186319544247, 22.951526758030543 ], [ 72.618390737697069, 22.951187298012879 ], [ 72.618174237697076, 22.950912993082902 ], [ 72.617880233305016, 22.950578558866781 ], [ 72.617550088140689, 22.95027406037466 ], [ 72.617187375282967, 22.950002793330306 ], [ 72.61679602028272, 22.949767693797316 ], [ 72.616380258677594, 22.949571306393803 ], [ 72.615944590151827, 22.949415756744251 ], [ 72.615772209103412, 22.94937254174555 ], [ 72.615404692398641, 22.94922979404712 ], [ 72.614985940662294, 22.949109885334661 ], [ 72.614556486519405, 22.949028151628031 ], [ 72.61412042369615, 22.948985372114795 ], [ 72.613681908915225, 22.948981954623161 ], [ 72.613245122272403, 22.949017931732982 ], [ 72.612814227390075, 22.94909296046508 ], [ 72.612456127390075, 22.949172162819227 ], [ 72.612032785087266, 22.949286308820458 ], [ 72.611623643506036, 22.949438143633198 ], [ 72.611232648884808, 22.949626202661481 ], [ 72.610863572431541, 22.949848671898 ], [ 72.610565772431542, 22.950048076828061 ], [ 72.610222574831624, 22.950302481673891 ], [ 72.609908095503442, 22.950586624433001 ], [ 72.609625360287666, 22.95089777097736 ], [ 72.609377089591149, 22.951232927358081 ], [ 72.609184789591168, 22.951522031974296 ], [ 72.608973254363463, 22.951878196324468 ], [ 72.608800655439921, 22.952251739704689 ], [ 72.60866865555856, 22.952639063442522 ], [ 72.608578526345084, 22.953036436138554 ] ] ] } },
{ "type": "Feature", "properties": { "version": 2, "visible": null, "lon": null, "timestamp": 1634603955, "tags": { "visible": false }, "changeset": null, "lat": null, "id": 326971304, "natural": "water", "water": null, "wetland": null, "osm_type": "way", "grassland": null, "reef": null, "Risk": "Low" }, "geometry": { "type": "Polygon", "coordinates": [ [ [ 72.584499729722808, 22.994063565480236 ], [ 72.584803929722824, 22.994730857573042 ], [ 72.58499438712596, 22.995097115045663 ], [ 72.585222953177293, 22.995444407966875 ], [ 72.585487423403535, 22.99576938692552 ], [ 72.585785247042892, 22.996068917737215 ], [ 72.586113551646662, 22.996340111666335 ], [ 72.586469170783403, 22.996580353280407 ], [ 72.586848674578576, 22.996787325668567 ], [ 72.58724840279487, 22.996959032781135 ], [ 72.587664500134593, 22.997093818675051 ], [ 72.588092953423129, 22.997190383479829 ], [ 72.588529630315293, 22.997247795930221 ], [ 72.588970319150832, 22.997265502344913 ], [ 72.590154619150823, 22.99725950252866 ], [ 72.590529000640714, 22.997243210888787 ], [ 72.592247200640713, 22.997102115192721 ], [ 72.592676323359328, 22.997047570275164 ], [ 72.593097742091743, 22.996955225416453 ], [ 72.593507536875933, 22.996825939515571 ], [ 72.593901895873827, 22.996660915062858 ], [ 72.594277150828219, 22.996461686958547 ], [ 72.594629811184362, 22.996230108240116 ], [ 72.594956596558433, 22.995968332851145 ], [ 72.595254467251038, 22.995678795611639 ], [ 72.595520652522069, 22.995364189576023 ], [ 72.595752676363531, 22.99502744098913 ], [ 72.595948380530956, 22.994671682072866 ], [ 72.596066180530954, 22.994429185104298 ], [ 72.596239311209189, 22.994014263025743 ], [ 72.596322324363697, 22.993726050832208 ], [ 72.596498290218562, 22.993517895742428 ], [ 72.596727909196488, 22.993185142663474 ], [ 72.59692206017958, 22.992833770953411 ], [ 72.597078978308062, 22.992466974498068 ], [ 72.597197237174058, 22.992088087417105 ], [ 72.597275761787841, 22.991700553760435 ], [ 72.597313838349621, 22.991307896204457 ], [ 72.59731112073807, 22.990913684032627 ], [ 72.597267633656671, 22.990521500691166 ], [ 72.59723293365667, 22.990309299723982 ], [ 72.597147887906772, 22.989918354548745 ], [ 72.597022335005505, 22.989536766354906 ], [ 72.596857442358953, 22.989168083289716 ], [ 72.596654743158865, 22.988815733532288 ], [ 72.596416122126911, 22.988482993413502 ], [ 72.596143797990308, 22.988172956947132 ], [ 72.595840302851826, 22.987888507055512 ], [ 72.595508458645938, 22.987632288757627 ], [ 72.59515135090021, 22.987406684569144 ], [ 72.594772300045634, 22.987213792343258 ], [ 72.59437483054289, 22.98705540575877 ], [ 72.593962638111492, 22.986932997636895 ], [ 72.593539555366519, 22.986847706242205 ], [ 72.593109516182466, 22.986800324695253 ], [ 72.592676519115685, 22.986791293595399 ], [ 72.592244590225249, 22.986820696922571 ], [ 72.590941790225259, 22.986967801392844 ], [ 72.590574850507764, 22.987023513961816 ], [ 72.590214175116103, 22.987106981134836 ], [ 72.589862236706338, 22.987217630641275 ], [ 72.588754836706329, 22.987613641943067 ], [ 72.588259106273568, 22.987823656191534 ], [ 72.587794700056946, 22.988087463411659 ], [ 72.586987668737635, 22.988610765648939 ], [ 72.586736247556061, 22.988719174641297 ], [ 72.586356565999424, 22.988903749797608 ], [ 72.585997763863489, 22.989120855939877 ], [ 72.585663119977596, 22.9893685089428 ], [ 72.585355692406566, 22.989644445526032 ], [ 72.585078290505322, 22.989946143942557 ], [ 72.584833449246148, 22.990270847029088 ], [ 72.584623406053623, 22.990615587407685 ], [ 72.584450080358309, 22.990977214608119 ], [ 72.584315056056468, 22.991352423862828 ], [ 72.584219567036101, 22.991737786311212 ], [ 72.584164485901255, 22.992129780337091 ], [ 72.584150315998002, 22.99252482375276 ], [ 72.584177186814685, 22.992919306535516 ], [ 72.584244852798619, 22.993309623817414 ], [ 72.58435269560006, 22.993692208826733 ], [ 72.584499729722808, 22.994063565480236 ] ] ] } },
{ "type": "Feature", "properties": { "version": 4, "visible": null, "lon": null, "timestamp": 1641790759, "tags": { "visible": false }, "changeset": null, "lat": null, "id": 336346912, "natural": "water", "water": "lake", "wetland": null, "osm_type": "way", "grassland": null, "reef": null, "Risk": "Low" }, "geometry": { "type": "Polygon", "coordinates": [ [ [ 72.508992879148792, 23.01282131735616 ], [ 72.509164200196068, 23.012937728242257 ], [ 72.509676500196065, 23.01325152023669 ], [ 72.510085187431017, 23.013474093837022 ], [ 72.510517121060374, 23.013655709325999 ], [ 72.510967473061413, 23.013794336829839 ], [ 72.511431209536482, 23.013888426946906 ], [ 72.511903146980359, 23.013936928060435 ], [ 72.512378010219848, 23.013939298089017 ], [ 72.512485510219818, 23.013934598232897 ], [ 72.512884614301257, 23.013900671618799 ], [ 72.513278843468001, 23.013834133431047 ], [ 72.513665058568407, 23.013735513449426 ], [ 72.514040184264857, 23.013605596891715 ], [ 72.514401233521966, 23.013445418163403 ], [ 72.514488833521966, 23.013402019334507 ], [ 72.514896840812852, 23.0131733302429 ], [ 72.515276152276769, 23.012906050051601 ], [ 72.51562247727945, 23.01260320191804 ], [ 72.515931898317575, 23.01226821132375 ], [ 72.516200915332107, 23.011904867336863 ], [ 72.516239115332112, 23.011846868258239 ], [ 72.516462270734365, 23.011464010993794 ], [ 72.516640539728598, 23.011061710620982 ], [ 72.516771953388783, 23.01064441026989 ], [ 72.516855060291533, 23.010216718776864 ], [ 72.516888942546743, 23.009783359786503 ], [ 72.516873225935385, 23.009349119583824 ], [ 72.516852425935383, 23.009126718999337 ], [ 72.516811483304821, 23.008821936781679 ], [ 72.516746073681077, 23.008520792217421 ], [ 72.516613073681071, 23.008008288568952 ], [ 72.516473815362446, 23.007577033147228 ], [ 72.516284471094323, 23.007162258185982 ], [ 72.516047283145824, 23.006768875743216 ], [ 72.515765060364657, 23.00640154457329 ], [ 72.515504960364652, 23.006099338823446 ], [ 72.515182867788667, 23.005764109429371 ], [ 72.514823297511654, 23.005462888205127 ], [ 72.514430462627786, 23.005199204806182 ], [ 72.514282562627798, 23.005110802534553 ], [ 72.513895685840836, 23.004904012183619 ], [ 72.513488379320506, 23.004733672892687 ], [ 72.513064683867455, 23.004601474702106 ], [ 72.512628802873465, 23.004508729235429 ], [ 72.512185060620453, 23.004456356682567 ], [ 72.511737859380148, 23.004444876667542 ], [ 72.511291635740207, 23.004474403091546 ], [ 72.510850816589709, 23.004544643002514 ], [ 72.510419775200958, 23.00465489950253 ], [ 72.510259275200951, 23.004704000930136 ], [ 72.509869501677073, 23.004842077474883 ], [ 72.509495346149208, 23.005012881074283 ], [ 72.509140043540413, 23.005214934851022 ], [ 72.508806665772667, 23.005446491725937 ], [ 72.508498095207273, 23.005705549527868 ], [ 72.508216999724212, 23.005989868309321 ], [ 72.508098199724202, 23.006121870889462 ], [ 72.507873257177735, 23.006393975168301 ], [ 72.507673511502347, 23.006682257434374 ], [ 72.507500328925175, 23.006984745787857 ], [ 72.507399028925164, 23.007180948368262 ], [ 72.507260472794854, 23.007478907204792 ], [ 72.507147699864888, 23.007785940101247 ], [ 72.507035899864874, 23.008134843125621 ], [ 72.506933487270985, 23.008522490380503 ], [ 72.5068721439456, 23.008917417411212 ], [ 72.506852441097934, 23.009315946737257 ], [ 72.506874562194568, 23.00971436736695 ], [ 72.506938301250969, 23.010108969353531 ], [ 72.507043064749666, 23.010496078340328 ], [ 72.507187877166814, 23.010872089773354 ], [ 72.507371390056036, 23.011233502462797 ], [ 72.507591894604616, 23.011576951180963 ], [ 72.507847337545485, 23.011899237993376 ], [ 72.50813534027661, 23.012197362031333 ], [ 72.508453221009631, 23.012468547429052 ], [ 72.508798019741974, 23.012710269165328 ], [ 72.508992879148792, 23.01282131735616 ] ] ] } },
{ "type": "Feature", "properties": { "version": 3, "visible": null, "lon": null, "timestamp": 1745126643, "tags": { "visible": false, "name": "Lotus Pond", "short_name": "LP" }, "changeset": null, "lat": null, "id": 340401815, "natural": "water", "water": "lake", "wetland": null, "osm_type": "way", "grassland": null, "reef": null, "Risk": "Low" }, "geometry": { "type": "Polygon", "coordinates": [ [ [ 72.62545036766339, 23.191329174494868 ], [ 72.625465767663385, 23.191345374165813 ], [ 72.625810229636969, 23.191669888546024 ], [ 72.626191325832963, 23.191957727195486 ], [ 72.626604460392826, 23.192205419149158 ], [ 72.626624460392804, 23.192216018865686 ], [ 72.627070146312718, 23.192422787580824 ], [ 72.627538043304654, 23.192582814680378 ], [ 72.62802237086828, 23.192694123325712 ], [ 72.628045070868268, 23.192698123204437 ], [ 72.628522822641983, 23.192758082444428 ], [ 72.629004814083501, 23.192770620860237 ], [ 72.629485490397045, 23.19273559396397 ], [ 72.629508290397041, 23.192732794049647 ], [ 72.629996612057155, 23.192647317236446 ], [ 72.630471667158645, 23.192512763338325 ], [ 72.630927636962525, 23.192330780301184 ], [ 72.63094823696251, 23.192321280563309 ], [ 72.631373462522816, 23.192097714758418 ], [ 72.631769671829815, 23.19183291241557 ], [ 72.632132151967895, 23.1915300231279 ], [ 72.632148351967913, 23.191514923455202 ], [ 72.632469601740127, 23.191181251173429 ], [ 72.63274986143233, 23.190817699059512 ], [ 72.632985866798364, 23.190428501259216 ], [ 72.632995966798362, 23.190409501516708 ], [ 72.633189631788682, 23.189987264598827 ], [ 72.633331200435023, 23.189547899651451 ], [ 72.633418928872501, 23.189096818699756 ], [ 72.633421728872506, 23.189075718778618 ], [ 72.633454434706806, 23.188626727677363 ], [ 72.633433788008134, 23.188177130084014 ], [ 72.633360034043903, 23.187732266904867 ], [ 72.633355334043912, 23.187711566774325 ], [ 72.633230077489316, 23.187278781063547 ], [ 72.633054564044244, 23.186861010496418 ], [ 72.632830858697531, 23.186463170480991 ], [ 72.632819158697529, 23.186444870194798 ], [ 72.632545543738857, 23.186066278718634 ], [ 72.632228315656576, 23.18571762674075 ], [ 72.631871318933221, 23.18540313981908 ], [ 72.631853818933209, 23.185389339495789 ], [ 72.631459492978664, 23.185111645823852 ], [ 72.631034220118195, 23.184875676616393 ], [ 72.63058320188361, 23.184684318251051 ], [ 72.630561501883619, 23.184676418024342 ], [ 72.630092149358845, 23.184532486969687 ], [ 72.629608422727458, 23.184436884187551 ], [ 72.629116191848865, 23.184390769889852 ], [ 72.629092791848848, 23.184389769859017 ], [ 72.628594109326926, 23.184393935339028 ], [ 72.628099002992911, 23.1844488942711 ], [ 72.627613576432537, 23.18455396906905 ], [ 72.627591076432537, 23.184560069249653 ], [ 72.627117984915458, 23.184715252110184 ], [ 72.62666670161731, 23.1849180229583 ], [ 72.626242870628118, 23.185165845578737 ], [ 72.626223770628101, 23.185178445894699 ], [ 72.625837334474312, 23.185464373694778 ], [ 72.625487556395811, 23.185787729735008 ], [ 72.625178702967688, 23.186144569478842 ], [ 72.625165202967679, 23.186162069791298 ], [ 72.624897918698238, 23.186553225715855 ], [ 72.624679839484813, 23.186969377204111 ], [ 72.624513694939481, 23.187405315242795 ], [ 72.624507194939468, 23.187426015419991 ], [ 72.624396020602077, 23.187871154813685 ], [ 72.62433901272783, 23.188324856473955 ], [ 72.624336868901651, 23.188781568557772 ], [ 72.62433806890165, 23.188803168523766 ], [ 72.624391549185759, 23.18926142438314 ], [ 72.62450026034999, 23.189711344409979 ], [ 72.624662847729809, 23.190147322201558 ], [ 72.624671647729798, 23.190167221970242 ], [ 72.624883952209146, 23.190580212380365 ], [ 72.625144588935754, 23.190969116567228 ], [ 72.62545036766339, 23.191329174494868 ] ] ] } },
{ "type": "Feature", "properties": { "version": 1, "visible": null, "lon": null, "timestamp": 1437036603, "tags": { "visible": false }, "changeset": null, "lat": null, "id": 360829674, "natural": "water", "water": "lake", "wetland": null, "osm_type": "way", "grassland": null, "reef": null, "Risk": "Low" }, "geometry": { "type": "Polygon", "coordinates": [ [ [ 72.463625303264109, 23.062265955240875 ], [ 72.4635398, 23.062265955240875 ], [ 72.463272602269626, 23.062273873427369 ], [ 72.463255084183743, 23.062272550050491 ], [ 72.462825202816049, 23.062278021495079 ], [ 72.462397859252548, 23.062321283160976 ], [ 72.461976968747081, 23.062401938655526 ], [ 72.46174816258555, 23.062467312613219 ], [ 72.461574026235695, 23.062498614337215 ], [ 72.461150871959163, 23.062615362195643 ], [ 72.460742229520818, 23.062769791950814 ], [ 72.460352052018493, 23.062960409563757 ], [ 72.459984113925202, 23.063185370901191 ], [ 72.459641974575803, 23.063442499580955 ], [ 72.459328943735031, 23.063729308032126 ], [ 72.459283843735037, 23.063774908974708 ], [ 72.4589940982342, 23.064099600628278 ], [ 72.458741678836944, 23.06444967935068 ], [ 72.458529194167241, 23.064821527075932 ], [ 72.458358840144214, 23.065211300786078 ], [ 72.458232377288653, 23.065614972233551 ], [ 72.458151112528753, 23.06602836957671 ], [ 72.4581158856938, 23.066447220498031 ], [ 72.458127060834897, 23.066867196359194 ], [ 72.458184522462744, 23.067283956936571 ], [ 72.458287676741151, 23.067693195274778 ], [ 72.458435457623978, 23.068090682194832 ], [ 72.458626337872218, 23.068472309996856 ], [ 72.458675937872201, 23.068559508754959 ], [ 72.458710268132378, 23.06861324327431 ], [ 72.458853574816843, 23.068970570646151 ], [ 72.459049119916259, 23.069340174605927 ], [ 72.459283609550624, 23.06969007508054 ], [ 72.459554723445549, 23.070016809972294 ], [ 72.459859778929683, 23.07031714642013 ], [ 72.460195757479681, 23.070588112781717 ], [ 72.460559334588567, 23.0708270280305 ], [ 72.460946912661683, 23.071031528277103 ], [ 72.461354656614873, 23.071199590153096 ], [ 72.461435856614884, 23.071228689320179 ], [ 72.461877598625279, 23.071363196769045 ], [ 72.462332095665516, 23.071454936583372 ], [ 72.4627944700607, 23.071502924297118 ], [ 72.462851335881069, 23.07150609402073 ], [ 72.462869417448331, 23.071510679769045 ], [ 72.463346169626419, 23.071582089468034 ], [ 72.463637282817899, 23.071596511635601 ], [ 72.463693138589846, 23.071605582339092 ], [ 72.463734172665255, 23.071613118982679 ], [ 72.46376849460799, 23.071617819785974 ], [ 72.463792631209841, 23.071621739451221 ], [ 72.463848010933944, 23.071628710503564 ], [ 72.464171693826472, 23.071673042761176 ], [ 72.4646135, 23.071693082134374 ], [ 72.464792333008191, 23.071693082134374 ], [ 72.464822332102514, 23.071694156237761 ], [ 72.465316226339468, 23.071686832081227 ], [ 72.465806259735857, 23.071629656515917 ], [ 72.466286505647815, 23.071523320981242 ], [ 72.466376805647798, 23.071498421713908 ], [ 72.466769780282334, 23.071371517758152 ], [ 72.467148289178667, 23.071211671244619 ], [ 72.467509077968487, 23.071020256397375 ], [ 72.46784904463847, 23.070798918844552 ], [ 72.46816526620114, 23.070549561473928 ], [ 72.468241966201163, 23.070483162959345 ], [ 72.468557891157545, 23.070180404603335 ], [ 72.468838807727394, 23.069849724773167 ], [ 72.469081818223202, 23.069494534277553 ], [ 72.469284415963159, 23.069118496769221 ], [ 72.469444511127719, 23.068725490961338 ], [ 72.469560452316443, 23.068319570624563 ], [ 72.469631043582311, 23.067904922777334 ], [ 72.469632261815448, 23.06789424297045 ], [ 72.469649751759107, 23.067816015321466 ], [ 72.469671277947981, 23.067615769836539 ], [ 72.469691989829926, 23.067485334295039 ], [ 72.469700989829903, 23.067402334548113 ], [ 72.469723129894149, 23.066973290667324 ], [ 72.469696745704894, 23.06654444862567 ], [ 72.469622122303761, 23.066120441443179 ], [ 72.469500065884873, 23.065705849949559 ], [ 72.469380848015618, 23.06542179242577 ], [ 72.469339358303131, 23.065311240975266 ], [ 72.469149357913324, 23.064933344203695 ], [ 72.468918991386616, 23.064574955334908 ], [ 72.468650597296914, 23.064239712735937 ], [ 72.468346900256208, 23.063931019818895 ], [ 72.468292700256228, 23.063881218736647 ], [ 72.46795676520675, 23.063602195760957 ], [ 72.467592017492763, 23.063355692424487 ], [ 72.467384183588109, 23.063242951469867 ], [ 72.467305625753227, 23.063188370349735 ], [ 72.466924124763125, 23.062974476007497 ], [ 72.466710819897145, 23.062880211309093 ], [ 72.466567424589286, 23.062805740534021 ], [ 72.466495224589281, 23.062772539621939 ], [ 72.466155526956655, 23.062632207380943 ], [ 72.466020226956658, 23.062582405960892 ], [ 72.465865778900948, 23.062528565686012 ], [ 72.465739478900986, 23.062486964483146 ], [ 72.465289593367885, 23.062362779526421 ], [ 72.464828072595509, 23.062282500079196 ], [ 72.464359963518149, 23.062247004111892 ], [ 72.464211063518135, 23.062242903986032 ], [ 72.463817989683022, 23.062247915435968 ], [ 72.463625303264109, 23.062265955240875 ] ] ] } },
{ "type": "Feature", "properties": { "version": 2, "visible": null, "lon": null, "timestamp": 1744061225, "tags": { "visible": false }, "changeset": null, "lat": null, "id": 366459075, "natural": "water", "water": null, "wetland": null, "osm_type": "way", "grassland": null, "reef": null, "Risk": "Low" }, "geometry": { "type": "Polygon", "coordinates": [ [ [ 72.495795870285093, 23.039566444844535 ], [ 72.495969570285098, 23.039548145402286 ], [ 72.496404580561119, 23.039482276647817 ], [ 72.496830478291031, 23.039377480828424 ], [ 72.497243160406327, 23.039234767450225 ], [ 72.497638651156819, 23.039055511285827 ], [ 72.498013140412752, 23.038841439134433 ], [ 72.498363020371187, 23.0385946131914 ], [ 72.498684920313494, 23.038317411187425 ], [ 72.498975739078475, 23.038012503488243 ], [ 72.499232674938824, 23.037682827375431 ], [ 72.499453252592716, 23.037331558755628 ], [ 72.499635347010681, 23.036962081570643 ], [ 72.499777203908053, 23.036577955202723 ], [ 72.49987745664555, 23.036182880188935 ], [ 72.499935139395433, 23.035780662574595 ], [ 72.499949696446151, 23.035375177249197 ], [ 72.499920987556166, 23.034970330617753 ], [ 72.499915687556182, 23.034927830469115 ], [ 72.499905800758782, 23.034873081019192 ], [ 72.499903620698021, 23.034843020959766 ], [ 72.499898920698016, 23.034805820827977 ], [ 72.499827527452823, 23.034409653894979 ], [ 72.499714697046443, 23.034021731000593 ], [ 72.499561494452877, 23.033645713725168 ], [ 72.499369365707736, 23.033285151302724 ], [ 72.499140124259455, 23.032943447116448 ], [ 72.498875933852716, 23.032623826569971 ], [ 72.49857928810539, 23.032329306637831 ], [ 72.498252986972147, 23.032062667382824 ], [ 72.497900110316323, 23.031826425709273 ], [ 72.497523988840044, 23.031622811600162 ], [ 72.497128172646697, 23.031453747062777 ], [ 72.496716397732428, 23.031320827981673 ], [ 72.496292550723268, 23.03122530905063 ], [ 72.495860632190286, 23.031168091925814 ], [ 72.495800932190306, 23.031162891767035 ], [ 72.495333861359583, 23.031144696967353 ], [ 72.494867265429193, 23.031171278573012 ], [ 72.494753265429182, 23.031183278938688 ], [ 72.494318056361266, 23.03124915067221 ], [ 72.493891965657951, 23.031353986804735 ], [ 72.493479101896938, 23.031496776364857 ], [ 72.493083446115236, 23.031676142386821 ], [ 72.492708813421942, 23.031890355192424 ], [ 72.492358816211137, 23.032137349074915 ], [ 72.492036829329393, 23.03241474222375 ], [ 72.49174595753378, 23.032719859697828 ], [ 72.491489005554314, 23.033049759225516 ], [ 72.49126845104928, 23.033401259582298 ], [ 72.491086420714524, 23.033770971272254 ], [ 72.490944669776795, 23.03415532921726 ], [ 72.490844565068812, 23.03455062713839 ], [ 72.490787071849795, 23.034953053297929 ], [ 72.490772744497889, 23.035358727257059 ], [ 72.490801721164488, 23.035763737294761 ], [ 72.490823021164488, 23.03593363669744 ], [ 72.490894912502597, 23.036333609334552 ], [ 72.491009035607632, 23.036725175926623 ], [ 72.491164292638089, 23.037104569770449 ], [ 72.491359190052208, 23.037468141290709 ], [ 72.491591852975773, 23.037812393143575 ], [ 72.491860043237764, 23.038134013855078 ], [ 72.492161180901334, 23.038429909670622 ], [ 72.492492369082171, 23.038697234309733 ], [ 72.492850421815959, 23.038933416339781 ], [ 72.493231894706739, 23.03913618390591 ], [ 72.493633118061311, 23.039303586579305 ], [ 72.494050232190972, 23.039434014114025 ], [ 72.494479224540925, 23.039526211932017 ], [ 72.494915968290201, 23.039579293187781 ], [ 72.495356262051018, 23.03959274729662 ], [ 72.495795870285093, 23.039566444844535 ] ] ] } },
{ "type": "Feature", "properties": { "version": 2, "visible": null, "lon": null, "timestamp": 1744061225, "tags": { "visible": false }, "changeset": null, "lat": null, "id": 366459076, "natural": "water", "water": null, "wetland": null, "osm_type": "way", "grassland": null, "reef": null, "Risk": "Low" }, "geometry": { "type": "Polygon", "coordinates": [ [ [ 72.491183290647328, 23.037778931981261 ], [ 72.491198738388377, 23.037827541784825 ], [ 72.491363314442708, 23.03820379608263 ], [ 72.491567170151399, 23.038563394556146 ], [ 72.491808342625276, 23.038902874844471 ], [ 72.492084509658866, 23.039218968318124 ], [ 72.492393012090531, 23.039508631545846 ], [ 72.492730879406992, 23.039769075592513 ], [ 72.493094858345941, 23.039997792866373 ], [ 72.49348144422099, 23.040192581257472 ], [ 72.493886914667755, 23.040351565334902 ], [ 72.494307365485767, 23.040473214399235 ], [ 72.494738748231313, 23.040556357216374 ], [ 72.495176909199159, 23.040600193291205 ], [ 72.495617629417822, 23.04060430057266 ], [ 72.496056665273244, 23.040568639516117 ], [ 72.496283465273265, 23.040539840391368 ], [ 72.496716584160296, 23.040464755472417 ], [ 72.49713962111106, 23.04035096940294 ], [ 72.497548502879326, 23.040199577685119 ], [ 72.497939292513209, 23.040012037882693 ], [ 72.498308227262498, 23.039790155591408 ], [ 72.498651754808463, 23.039536067059359 ], [ 72.498966567467804, 23.03925221862422 ], [ 72.49924963404078, 23.038941343165185 ], [ 72.499498228997581, 23.038606433796144 ], [ 72.499709958721098, 23.038250715052939 ], [ 72.499882784554245, 23.037877611852107 ], [ 72.500015042429169, 23.037490716519546 ], [ 72.500105458890062, 23.037093754206513 ], [ 72.500153163354511, 23.036690547025561 ], [ 72.50015769649616, 23.036284977251849 ], [ 72.500119014667305, 23.035880949943767 ], [ 72.500102914667295, 23.035773449493522 ], [ 72.500021413319729, 23.03537494293629 ], [ 72.499897873014078, 23.034985702061146 ], [ 72.499733482736104, 23.034609473125258 ], [ 72.499732237765087, 23.034607274902321 ], [ 72.499690682238693, 23.03451217088276 ], [ 72.499487047219006, 23.034152611204142 ], [ 72.499246111974841, 23.033813141005052 ], [ 72.498970194850372, 23.0334970269233 ], [ 72.498661950794855, 23.033207310868661 ], [ 72.498324345816002, 23.032946780746123 ], [ 72.497960628440325, 23.032717943623023 ], [ 72.497574298454865, 23.032523001598634 ], [ 72.497169073231319, 23.032363830608549 ], [ 72.496748851956497, 23.032241962368182 ], [ 72.496317678113215, 23.032158569629182 ], [ 72.495879700572928, 23.032114454890991 ], [ 72.495439133674097, 23.032110042676212 ], [ 72.495000216670647, 23.032145375444269 ], [ 72.494939216670659, 23.032153075678266 ], [ 72.494505953932943, 23.032227861556205 ], [ 72.494082743694847, 23.032341372230928 ], [ 72.493714015949507, 23.032477604950156 ], [ 72.493676537490813, 23.032490696069377 ], [ 72.493312359330105, 23.032653816393726 ], [ 72.492965628876959, 23.032846464014465 ], [ 72.492639165508194, 23.033067072328912 ], [ 72.49259926550819, 23.033096673035789 ], [ 72.492263477866615, 23.033372436649309 ], [ 72.491959362915821, 23.033677739610397 ], [ 72.491689973900563, 23.034009516557219 ], [ 72.491458015425124, 23.034364436342262 ], [ 72.491265816299702, 23.034738935483588 ], [ 72.491115306159671, 23.035129253948121 ], [ 72.491007996092534, 23.035531472907437 ], [ 72.490944963466873, 23.035941554086691 ], [ 72.490926841115879, 23.03635538031152 ], [ 72.490927441115886, 23.036411480294586 ], [ 72.490968911444327, 23.036932645903303 ], [ 72.490977111444309, 23.036987645673964 ], [ 72.491057979477418, 23.037384771794915 ], [ 72.491180593996049, 23.037772733720633 ], [ 72.491183290647328, 23.037778931981261 ] ] ] } },
{ "type": "Feature", "properties": { "version": 2, "visible": null, "lon": null, "timestamp": 1744061225, "tags": { "visible": false }, "changeset": null, "lat": null, "id": 366459081, "natural": "water", "water": null, "wetland": null, "osm_type": "way", "grassland": null, "reef": null, "Risk": "Low" }, "geometry": { "type": "Polygon", "coordinates": [ [ [ 72.488065608184158, 23.037135443563926 ], [ 72.488067110351295, 23.037154911572731 ], [ 72.488080210351313, 23.037254911205576 ], [ 72.48815431558576, 23.03765450986258 ], [ 72.488270599731578, 23.038045505465746 ], [ 72.488427944309294, 23.038424137313466 ], [ 72.488624835899543, 23.038786763653206 ], [ 72.488859380699907, 23.039129896705095 ], [ 72.489129322740411, 23.039450236203727 ], [ 72.489432065582591, 23.039744701135536 ], [ 72.48976469729341, 23.040010459366925 ], [ 72.490124018453599, 23.040244954878311 ], [ 72.490194689857944, 23.04028208257931 ], [ 72.490229019903438, 23.040304433699429 ], [ 72.490612206637351, 23.040505178293142 ], [ 72.491014936236013, 23.040670381009363 ], [ 72.491433327583067, 23.040798449918164 ], [ 72.491863348629494, 23.040888150923227 ], [ 72.492300855250477, 23.040938619650735 ], [ 72.49274163118254, 23.040949369776381 ], [ 72.493181428655802, 23.040920297710397 ], [ 72.493253928655804, 23.040912197957084 ], [ 72.493687848461562, 23.040843719159536 ], [ 72.494112398575936, 23.040736477352002 ], [ 72.494523500137277, 23.040591502768198 ], [ 72.494917203490814, 23.040410188131027 ], [ 72.495289726134885, 23.040194275276587 ], [ 72.495637489061323, 23.039945838424966 ], [ 72.495957151140715, 23.039667264258345 ], [ 72.496245641222387, 23.03936122899762 ], [ 72.496285020955057, 23.039310090170591 ], [ 72.49630749883525, 23.039286245637019 ], [ 72.496562342101683, 23.038955217673095 ], [ 72.496597615942576, 23.038898285122357 ], [ 72.496645326331773, 23.038836353123159 ], [ 72.496863868096554, 23.038483850074261 ], [ 72.497043790931528, 23.038113322614997 ], [ 72.497183360274491, 23.03772834271496 ], [ 72.497281230594709, 23.037332621699711 ], [ 72.497336458364614, 23.036929974475544 ], [ 72.497348511155948, 23.036524282754534 ], [ 72.497317272772662, 23.036119457634239 ], [ 72.497309672772658, 23.036061457421237 ], [ 72.497235525901431, 23.035661739904171 ], [ 72.497119175924368, 23.035270630635029 ], [ 72.496961742610992, 23.034891893798829 ], [ 72.496764741123002, 23.034529174534715 ], [ 72.496530067432104, 23.034185963849993 ], [ 72.496259980072921, 23.033865565016676 ], [ 72.495957078406477, 23.033571061774097 ], [ 72.495624277603596, 23.033305288643891 ], [ 72.495264780588855, 23.033070803643309 ], [ 72.494882047215157, 23.032869863659645 ], [ 72.494786368136161, 23.032830510729688 ], [ 72.494767605287862, 23.032820662767381 ], [ 72.494364968211968, 23.032655145802746 ], [ 72.493946634918998, 23.032526761973394 ], [ 72.493516637820179, 23.032436748908243 ], [ 72.493079121756779, 23.032385974341494 ], [ 72.492638304047105, 23.032374927745416 ], [ 72.492198433834801, 23.032403715610432 ], [ 72.491971533834814, 23.032428916377864 ], [ 72.491537112898769, 23.03249720773406 ], [ 72.491112055570838, 23.032604350458129 ], [ 72.490700454101699, 23.032749312939515 ], [ 72.490306271195436, 23.032930699428665 ], [ 72.489933301858429, 23.033146763479266 ], [ 72.489585136862843, 23.033395424767665 ], [ 72.489265128176413, 23.033674289127436 ], [ 72.488976356691282, 23.033980671605974 ], [ 72.488721602562549, 23.034311622320772 ], [ 72.488503318442355, 23.034663954866286 ], [ 72.488323605866867, 23.03503427699766 ], [ 72.488184195023649, 23.035419023295546 ], [ 72.488086428094292, 23.03581448949739 ], [ 72.48803124633254, 23.036216868164455 ], [ 72.48801918100223, 23.036622285340979 ], [ 72.488050348262647, 23.037026837852551 ], [ 72.488062048262648, 23.037116237524621 ], [ 72.488065608184158, 23.037135443563926 ] ] ] } },
{ "type": "Feature", "properties": { "version": 2, "visible": null, "lon": null, "timestamp": 1744061225, "tags": { "visible": false }, "changeset": null, "lat": null, "id": 366459082, "natural": "water", "water": null, "wetland": null, "osm_type": "way", "grassland": null, "reef": null, "Risk": "Low" }, "geometry": { "type": "Polygon", "coordinates": [ [ [ 72.491056147698728, 23.036141897303096 ], [ 72.491057226407648, 23.036156870179678 ], [ 72.491065026407639, 23.036218869960944 ], [ 72.491137098990365, 23.036618850479623 ], [ 72.491251407093515, 23.037010407675986 ], [ 72.49140685090137, 23.037389774270927 ], [ 72.491601934810902, 23.037753300305692 ], [ 72.491834781821723, 23.03809748825541 ], [ 72.492103151595686, 23.038419026675147 ], [ 72.49240446201226, 23.038714822054757 ], [ 72.492735814012434, 23.03898202857653 ], [ 72.493094019492034, 23.039218075489348 ], [ 72.493475631976025, 23.03942069183638 ], [ 72.493876979778847, 23.039587928298609 ], [ 72.494294201331499, 23.039718175944273 ], [ 72.494723282335656, 23.039810181704041 ], [ 72.495160094387245, 23.03986306042323 ], [ 72.49560043469792, 23.039876303375333 ], [ 72.496040066532132, 23.039849783154914 ], [ 72.496209166532125, 23.039831883700444 ], [ 72.496643661983569, 23.039765894774284 ], [ 72.497069046913026, 23.039661068358345 ], [ 72.497481232236126, 23.039518412025036 ], [ 72.497876255751891, 23.039339296964815 ], [ 72.498250320230127, 23.039125444809883 ], [ 72.498599829912919, 23.038878911090162 ], [ 72.498921425079502, 23.03860206548028 ], [ 72.499212014342064, 23.038297569027286 ], [ 72.499468804362294, 23.037968348577738 ], [ 72.499689326702793, 23.037617568649669 ], [ 72.49969551794905, 23.037605026478825 ], [ 72.499769113580399, 23.037487789341391 ], [ 72.499951130507043, 23.037118352868507 ], [ 72.50009292126407, 23.036734276117205 ], [ 72.500193120294753, 23.036339257940284 ], [ 72.500250762603443, 23.035937102594897 ], [ 72.50026529304931, 23.035531683107564 ], [ 72.500236571692682, 23.035126903975694 ], [ 72.500230571692683, 23.03507880380743 ], [ 72.500158864888462, 23.034678519510109 ], [ 72.500044864165304, 23.034286630895789 ], [ 72.499889667681984, 23.033906913081903 ], [ 72.499694770432384, 23.033543023974172 ], [ 72.499462049844226, 23.03319846902582 ], [ 72.49919374769415, 23.032876567464378 ], [ 72.498892448512791, 23.032580420311703 ], [ 72.498561054688182, 23.032312880505454 ], [ 72.498202758507418, 23.03207652541014 ], [ 72.497821011405563, 23.03187363198278 ], [ 72.497419490718315, 23.031706154832662 ], [ 72.497002064258538, 23.031575707386807 ], [ 72.496572753058004, 23.03148354634278 ], [ 72.496135692633075, 23.031430559558888 ], [ 72.495695093147788, 23.031417257498433 ], [ 72.495255198857564, 23.031443768310698 ], [ 72.495198498857576, 23.03144976849353 ], [ 72.49476332657521, 23.031515880630113 ], [ 72.494731824060338, 23.031523650183892 ], [ 72.49457893768988, 23.031546755349559 ], [ 72.494160538821163, 23.031648844748876 ], [ 72.493754760971868, 23.031787524085907 ], [ 72.493365372704488, 23.03196150529962 ], [ 72.492995990367277, 23.032169172448882 ], [ 72.492984790367274, 23.032176172626496 ], [ 72.492629670464737, 23.032422626723275 ], [ 72.492302778306893, 23.032700194744717 ], [ 72.492007319387298, 23.033006154684884 ], [ 72.491746190966197, 23.033337506128269 ], [ 72.491521953660154, 23.033690999678988 ], [ 72.491336806332654, 23.034063168831036 ], [ 72.491192564532184, 23.034450363967011 ], [ 72.491090642689016, 23.034848788151574 ], [ 72.491032040245301, 23.035254534368502 ], [ 72.491017331854664, 23.035663623835958 ], [ 72.491046661747092, 23.036072045024166 ], [ 72.491053861747091, 23.036129144822269 ], [ 72.491056147698728, 23.036141897303096 ] ] ] } },
{ "type": "Feature", "properties": { "version": 2, "visible": null, "lon": null, "timestamp": 1744061225, "tags": { "visible": false }, "changeset": null, "lat": null, "id": 366459087, "natural": "water", "water": null, "wetland": null, "osm_type": "way", "grassland": null, "reef": null, "Risk": "Low" }, "geometry": { "type": "Polygon", "coordinates": [ [ [ 72.491081527967907, 23.038509016443466 ], [ 72.491139092529878, 23.038567070332476 ], [ 72.491466748598341, 23.038838505009739 ], [ 72.491821742797114, 23.039079071959442 ], [ 72.492200655087473, 23.039286453713913 ], [ 72.492599835002167, 23.039458652500315 ], [ 72.49301543681419, 23.039594009481231 ], [ 72.493443456586931, 23.039691220730791 ], [ 72.493879770748165, 23.03974934979238 ], [ 72.494320175817066, 23.039767836697383 ], [ 72.494760428900648, 23.039746503357982 ], [ 72.494926528900649, 23.039730903834077 ], [ 72.495362306215895, 23.039669971104903 ], [ 72.49578949507908, 23.039570025469601 ], [ 72.496203981489913, 23.039432029359311 ], [ 72.496601773777769, 23.039257311617476 ], [ 72.496979041043161, 23.039047554706983 ], [ 72.497332150050767, 23.038804778512688 ], [ 72.497657700219051, 23.038531320895238 ], [ 72.497952556369128, 23.038229815183083 ], [ 72.498213878917866, 23.037903164819362 ], [ 72.498439151224147, 23.037554515407386 ], [ 72.498626203825182, 23.037187224423803 ], [ 72.49877323532931, 23.036804828890773 ], [ 72.498878829764067, 23.036411011318325 ], [ 72.49894197021267, 23.036009564244615 ], [ 72.498962048607225, 23.035604353715481 ], [ 72.498938871584727, 23.035199282054787 ], [ 72.498916871584711, 23.035000881436961 ], [ 72.498851182050331, 23.03460221358506 ], [ 72.498743595137256, 23.03421133168435 ], [ 72.498595134678169, 23.033831955579995 ], [ 72.498407213471879, 23.033467695652568 ], [ 72.498181619838746, 23.033122018456254 ], [ 72.497920500602419, 23.032798213724778 ], [ 72.497626340659906, 23.032499363059298 ], [ 72.497301939334548, 23.03222831059654 ], [ 72.496950383736618, 23.031987635936353 ], [ 72.496575019385489, 23.031779629586772 ], [ 72.496179418372506, 23.031606271160367 ], [ 72.495767345367739, 23.031469210529714 ], [ 72.495342721794216, 23.031369752121499 ], [ 72.495296721794219, 23.031361151862988 ], [ 72.494848485199697, 23.031298831528044 ], [ 72.494395705649993, 23.031278408914677 ], [ 72.493942995309837, 23.031300092073536 ], [ 72.493886995309836, 23.031305392235254 ], [ 72.493449218626864, 23.031367025066857 ], [ 72.493020165286651, 23.031468034118188 ], [ 72.492988686935334, 23.031478578614092 ], [ 72.492887657692535, 23.031502354086356 ], [ 72.492473942102009, 23.031640638558727 ], [ 72.492076920465067, 23.03181552497033 ], [ 72.49170040549528, 23.032025333697593 ], [ 72.491348012974782, 23.032268049728753 ], [ 72.491023127030871, 23.032541342020622 ], [ 72.490728867637202, 23.032842585890826 ], [ 72.490468060651821, 23.033168888230183 ], [ 72.490243210679623, 23.033517115292863 ], [ 72.490056477019905, 23.033883922797177 ], [ 72.489909652930038, 23.034265788047666 ], [ 72.489804148404161, 23.034659043769818 ], [ 72.489740976632788, 23.035059913332276 ], [ 72.489720744272674, 23.035464547018069 ], [ 72.489743645621061, 23.035869058996518 ], [ 72.489751745621064, 23.035942558769026 ], [ 72.489817798455377, 23.036344147549364 ], [ 72.489926361504047, 23.036737830562288 ], [ 72.489938585449082, 23.036768953774658 ], [ 72.489941546624706, 23.036779685537834 ], [ 72.490090744894843, 23.037159931804347 ], [ 72.490279594942194, 23.037524945403799 ], [ 72.490506290175418, 23.037871234653529 ], [ 72.490768661965731, 23.038195487012239 ], [ 72.491064200392657, 23.038494600762693 ], [ 72.491081527967907, 23.038509016443466 ] ] ] } },
{ "type": "Feature", "properties": { "version": 2, "visible": null, "lon": null, "timestamp": 1744061225, "tags": { "visible": false }, "changeset": null, "lat": null, "id": 366459107, "natural": "water", "water": null, "wetland": null, "osm_type": "way", "grassland": null, "reef": null, "Risk": "Low" }, "geometry": { "type": "Polygon", "coordinates": [ [ [ 72.491054624859345, 23.036092771329663 ], [ 72.491053407831785, 23.036128146600678 ], [ 72.491082735093812, 23.036533024713133 ], [ 72.491099135093819, 23.036662924253253 ], [ 72.491172856224381, 23.037069098169599 ], [ 72.491290129843094, 23.037466504542795 ], [ 72.491449791925447, 23.037851198924997 ], [ 72.491650257711029, 23.038219363074095 ], [ 72.491889537433522, 23.038567342847518 ], [ 72.49216525607055, 23.038891684466297 ], [ 72.492474676917396, 23.039189168789591 ], [ 72.492814728750815, 23.03945684325975 ], [ 72.493182036313115, 23.039692051201161 ], [ 72.493572953814009, 23.039892458182337 ], [ 72.493983601117662, 23.040056075179844 ], [ 72.494409902255853, 23.040181278314495 ], [ 72.494847625884844, 23.040266824964093 ], [ 72.494911825884842, 23.040276324676341 ], [ 72.495321459283645, 23.040319301951826 ], [ 72.495733649359096, 23.040327533314755 ], [ 72.496144923153608, 23.040300949417148 ], [ 72.496289423153598, 23.040285449889467 ], [ 72.496724095100816, 23.040218798617342 ], [ 72.49714957770972, 23.040113271787355 ], [ 72.497561775532859, 23.039969885049356 ], [ 72.497956720994353, 23.039790018442162 ], [ 72.498330612579522, 23.039575403114664 ], [ 72.49867985142599, 23.039328104668225 ], [ 72.499001075964301, 23.039050503280627 ], [ 72.499291194274363, 23.038745270802458 ], [ 72.499547413846514, 23.038415345046307 ], [ 72.499767268460545, 23.03806390151593 ], [ 72.499948641924192, 23.037694322847166 ], [ 72.500089788442224, 23.037310166254603 ], [ 72.500189349420609, 23.036915129297078 ], [ 72.500246366543408, 23.03651301429127 ], [ 72.500260290997048, 23.036107691715852 ], [ 72.500230988752847, 23.035703062958294 ], [ 72.500212588752845, 23.035557262442342 ], [ 72.500211360543361, 23.03555046238575 ], [ 72.5002025244805, 23.035428072550751 ], [ 72.500196224480504, 23.035378372374097 ], [ 72.50012368892898, 23.034978079956026 ], [ 72.500008848707878, 23.034586261430402 ], [ 72.499852810791708, 23.034206693727281 ], [ 72.499657079270278, 23.033843035716373 ], [ 72.499423540850202, 23.033498792933692 ], [ 72.499396973580431, 23.033467050846053 ], [ 72.499365627325687, 23.033421658294518 ], [ 72.499088497728081, 23.033097100753302 ], [ 72.498777575761096, 23.032799597014375 ], [ 72.498435961963878, 23.032532113997604 ], [ 72.498067062936997, 23.03229731925147 ], [ 72.497674557371553, 23.032097554344663 ], [ 72.497262359364967, 23.031934811508755 ], [ 72.496834579389287, 23.031810713765154 ], [ 72.496780479389301, 23.031797713379337 ], [ 72.496372166039222, 23.031718040496582 ], [ 72.495957579291243, 23.03167359283664 ], [ 72.495540299309468, 23.031664754262252 ], [ 72.495123929515429, 23.031691601105919 ], [ 72.495072829515436, 23.031697101273483 ], [ 72.494638422152477, 23.031763866068736 ], [ 72.494213208317575, 23.031869463299625 ], [ 72.493801276387515, 23.032012877572434 ], [ 72.493452297273549, 23.032171900601899 ], [ 72.493378637595072, 23.032205030023668 ], [ 72.493008556366647, 23.032414474455216 ], [ 72.4926621946246, 23.032655843677297 ], [ 72.492342793022644, 23.032926879209523 ], [ 72.492053339968166, 23.033225044999664 ], [ 72.491796543661849, 23.033547551158023 ], [ 72.49157480675909, 23.033891380066731 ], [ 72.491390203890063, 23.034253314619502 ], [ 72.491244462248886, 23.034629968327362 ], [ 72.491138945433605, 23.035017817008491 ], [ 72.491129145433604, 23.035063017279789 ], [ 72.49106163691863, 23.035488898644683 ], [ 72.491042615563217, 23.03591892997715 ], [ 72.491054624859345, 23.036092771329663 ] ] ] } },
{ "type": "Feature", "properties": { "version": 2, "visible": null, "lon": null, "timestamp": 1744061225, "tags": { "visible": false }, "changeset": null, "lat": null, "id": 366459111, "natural": "water", "water": null, "wetland": null, "osm_type": "way", "grassland": null, "reef": null, "Risk": "Low" }, "geometry": { "type": "Polygon", "coordinates": [ [ [ 72.492584012661936, 23.035582814125327 ], [ 72.492584812176204, 23.035771485912676 ], [ 72.492589612176204, 23.035847885777404 ], [ 72.492631591246322, 23.036221067585259 ], [ 72.492710166998606, 23.03658920828677 ], [ 72.492824692080205, 23.036949274977758 ], [ 72.492974222966723, 23.037298301295241 ], [ 72.493157527735477, 23.037633411853587 ], [ 72.493373096214953, 23.037951845930397 ], [ 72.493395296214956, 23.037981545414045 ], [ 72.493680722950359, 23.038323681723938 ], [ 72.49400334052919, 23.038636581685026 ], [ 72.4942041375662, 23.038794525671275 ], [ 72.494201579632687, 23.038797264834646 ], [ 72.49423647963269, 23.038824864192502 ], [ 72.494306876571244, 23.038875338584965 ], [ 72.494359635687104, 23.038916838071341 ], [ 72.4943927356871, 23.038940237502072 ], [ 72.494394478966072, 23.038938149211216 ], [ 72.494576539787687, 23.039068686122228 ], [ 72.494940434292801, 23.039281384135322 ], [ 72.495324811009851, 23.039460999043143 ], [ 72.495726129121692, 23.039605876396994 ], [ 72.496140691749858, 23.039714681723623 ], [ 72.496564680009413, 23.039786412814045 ], [ 72.496994188188069, 23.039820408952444 ], [ 72.497425259724906, 23.039816357000401 ], [ 72.497529659724904, 23.039810757171907 ], [ 72.497981419222583, 23.039765333479107 ], [ 72.498425878544523, 23.03967813401448 ], [ 72.498858487776715, 23.039550051355807 ], [ 72.499274818314049, 23.039382396566296 ], [ 72.499670608195885, 23.039176885777941 ], [ 72.500041805735449, 23.038935622629417 ], [ 72.500099920907459, 23.038889079387559 ], [ 72.500330830559065, 23.038721187481549 ], [ 72.500636088777355, 23.038452736489447 ], [ 72.500912605307818, 23.038159092930389 ], [ 72.50115793654598, 23.037842851606381 ], [ 72.501190536545977, 23.037796352379704 ], [ 72.501425160551378, 23.037419624847445 ], [ 72.501615543959304, 23.03702232441546 ], [ 72.501674041679976, 23.036854399945305 ], [ 72.501732934184716, 23.036720260439633 ], [ 72.501857172793933, 23.036331219636704 ], [ 72.501939390769948, 23.035932847143343 ], [ 72.501978796854033, 23.035528976796577 ], [ 72.501975011805442, 23.035123495378016 ], [ 72.501969811805438, 23.035040595231472 ], [ 72.501922840082443, 23.034637217544049 ], [ 72.501833125818052, 23.034240018983965 ], [ 72.501701533221123, 23.033852825797904 ], [ 72.501529329910412, 23.0334793678824 ], [ 72.501318174703755, 23.033123242850198 ], [ 72.501070101638859, 23.032787881369835 ], [ 72.500787500379559, 23.032476514112588 ], [ 72.500473093196462, 23.032192140625281 ], [ 72.500129908743546, 23.031937500429198 ], [ 72.499761252883488, 23.031715046623663 ], [ 72.499370676842531, 23.031526922248844 ], [ 72.498961943001902, 23.031374939635722 ], [ 72.498538988655184, 23.031260562942464 ], [ 72.49836363050008, 23.031229925356811 ], [ 72.498338992731632, 23.031223262735249 ], [ 72.497905903650249, 23.031147594910014 ], [ 72.49746684051911, 23.031111361789709 ], [ 72.497026032570005, 23.031114912418097 ], [ 72.496802732570004, 23.031126812782485 ], [ 72.496364509747622, 23.031170100805305 ], [ 72.495933006696276, 23.031252706226155 ], [ 72.495512378226408, 23.031373833591452 ], [ 72.49510667444045, 23.031532316501011 ], [ 72.494719801735627, 23.031726628842865 ], [ 72.494355485190482, 23.031954899492664 ], [ 72.494017232697217, 23.032214930335954 ], [ 72.493708301185251, 23.032504217439527 ], [ 72.493431665261284, 23.032819975167776 ], [ 72.49318998856775, 23.033159163011646 ], [ 72.492985598135334, 23.033518514871407 ], [ 72.492820461976763, 23.033894570511293 ], [ 72.492696170137449, 23.034283708882672 ], [ 72.492613919385363, 23.034682182994771 ], [ 72.492574501687741, 23.035086155997071 ], [ 72.492578296585506, 23.035491738125625 ], [ 72.492584012661936, 23.035582814125327 ] ] ] } },
{ "type": "Feature", "properties": { "version": 2, "visible": null, "lon": null, "timestamp": 1744061225, "tags": { "visible": false }, "changeset": null, "lat": null, "id": 366459126, "natural": "water", "water": null, "wetland": null, "osm_type": "way", "grassland": null, "reef": null, "Risk": "Low" }, "geometry": { "type": "Polygon", "coordinates": [ [ [ 72.497068528093322, 23.040074962017691 ], [ 72.497129528093325, 23.040041462900213 ], [ 72.497496413847387, 23.039816814565594 ], [ 72.497837611132695, 23.039560162003472 ], [ 72.498149835534065, 23.03927397561381 ], [ 72.49843008153357, 23.03896101008997 ], [ 72.498675651442056, 23.0386242779085 ], [ 72.498884181367544, 23.038267020337312 ], [ 72.499053663970315, 23.037892676241146 ], [ 72.499182467786, 23.037504848984273 ], [ 72.499269352930099, 23.037107271748848 ], [ 72.499313483033504, 23.036703771602589 ], [ 72.499314433293321, 23.036298232661537 ], [ 72.499272194562224, 23.035894558702346 ], [ 72.499187173436454, 23.03549663558395 ], [ 72.499060188341844, 23.035108293840448 ], [ 72.498892461655544, 23.034733271805194 ], [ 72.498685607939294, 23.034375179621268 ], [ 72.498587507939291, 23.034223777242744 ], [ 72.498343617888793, 23.033886185781142 ], [ 72.498064966149059, 23.033572203319554 ], [ 72.497754233025958, 23.033284850179307 ], [ 72.497414407410872, 23.033026890542207 ], [ 72.497048758031227, 23.032800805855473 ], [ 72.496660802009032, 23.032608770956351 ], [ 72.496254271030239, 23.032452633146377 ], [ 72.495833075450321, 23.032333894416759 ], [ 72.495401266681142, 23.032253696996094 ], [ 72.494962998221141, 23.032212812359614 ], [ 72.494522485703428, 23.032211633805847 ], [ 72.494083966346381, 23.032250172672143 ], [ 72.493651658196484, 23.032328058225595 ], [ 72.493229719555586, 23.032444541230376 ], [ 72.492822208982986, 23.032598501157057 ], [ 72.492433046256679, 23.03278845696461 ], [ 72.492372046256691, 23.032821857845079 ], [ 72.492004608195288, 23.033046230612008 ], [ 72.491662848519894, 23.033302679684297 ], [ 72.491350061350047, 23.033588733050355 ], [ 72.491069261547949, 23.033901633347956 ], [ 72.490823155659101, 23.034238364448552 ], [ 72.490614115824741, 23.034595680535581 ], [ 72.490444156917448, 23.0349701373963 ], [ 72.490314917120443, 23.035358125625297 ], [ 72.49022764213754, 23.035755905419368 ], [ 72.490183173186267, 23.036159642628228 ], [ 72.490181938889592, 23.036565445713418 ], [ 72.490223951144515, 23.036969403259054 ], [ 72.490308805007459, 23.037367621672864 ], [ 72.490435682597351, 23.037756262714034 ], [ 72.490603360978952, 23.038131580486265 ], [ 72.490810223950376, 23.038489957539575 ], [ 72.49090832395035, 23.038641455160459 ], [ 72.491152374988317, 23.038979433689612 ], [ 72.4914312636906, 23.039293760347928 ], [ 72.491742301986221, 23.039581405670969 ], [ 72.492082491930105, 23.039839597366182 ], [ 72.492448554598738, 23.040065847026781 ], [ 72.492836961694181, 23.04025797410949 ], [ 72.493243969551543, 23.04041412694535 ], [ 72.493665655222344, 23.04053280058131 ], [ 72.494097954285877, 23.040612851280823 ], [ 72.494536700024156, 23.040653507543894 ], [ 72.494977663582887, 23.04065437754053 ], [ 72.49541659473131, 23.040615452886041 ], [ 72.495849262828017, 23.040537108721793 ], [ 72.496271497598102, 23.040420100100746 ], [ 72.496679229328379, 23.040265554712466 ], [ 72.497068528093322, 23.040074962017691 ] ] ] } },
{ "type": "Feature", "properties": { "version": 2, "visible": null, "lon": null, "timestamp": 1744061225, "tags": { "visible": false }, "changeset": null, "lat": null, "id": 366459134, "natural": "water", "water": null, "wetland": null, "osm_type": "way", "grassland": null, "reef": null, "Risk": "Low" }, "geometry": { "type": "Polygon", "coordinates": [ [ [ 72.49608800219292, 23.040211966924165 ], [ 72.496143302192934, 23.040208267037372 ], [ 72.496580890287191, 23.040159028573342 ], [ 72.497011125316007, 23.040070551705327 ], [ 72.497429862661789, 23.0399436886884 ], [ 72.497833068468509, 23.039779661535842 ], [ 72.498216858501408, 23.039580050251143 ], [ 72.49857753556519, 23.039346777612273 ], [ 72.498911625120613, 23.039082090654759 ], [ 72.499215908756, 23.038788539031607 ], [ 72.499487455191428, 23.038468950458331 ], [ 72.499723648516891, 23.038126403479385 ], [ 72.499922213392281, 23.037764197818017 ], [ 72.500081236966707, 23.037385822595045 ], [ 72.500199187305597, 23.036994922722357 ], [ 72.500274928148528, 23.036595263794709 ], [ 72.500307729855152, 23.036190695817869 ], [ 72.500297276434182, 23.035785116122373 ], [ 72.500292576434191, 23.035725815990045 ], [ 72.500238990679975, 23.035323249255626 ], [ 72.500142791793948, 23.034927452052749 ], [ 72.5000049059514, 23.034542235079602 ], [ 72.499826660677655, 23.03417130720106 ], [ 72.499609772067146, 23.033818239736696 ], [ 72.499356328261172, 23.033486432072099 ], [ 72.499068769344035, 23.033179078924597 ], [ 72.498749863850549, 23.032899139579062 ], [ 72.498402682111305, 23.032649309389896 ], [ 72.498030566692577, 23.032431993824101 ], [ 72.49763710021486, 23.032249285295464 ], [ 72.49722607086062, 23.032102943013175 ], [ 72.496801435902569, 23.031994376039137 ], [ 72.496367283604329, 23.031924629717302 ], [ 72.495927793859721, 23.031894375605848 ], [ 72.495487197949984, 23.031903905009298 ], [ 72.495431897949999, 23.031907605122498 ], [ 72.494994309845737, 23.031956846590326 ], [ 72.49456407480595, 23.032045328776334 ], [ 72.494145337448458, 23.032172199221758 ], [ 72.493742131629531, 23.032336235628993 ], [ 72.493358341584241, 23.032535857640493 ], [ 72.492997664508124, 23.032769142068119 ], [ 72.49266357494065, 23.033033841425787 ], [ 72.492359291293781, 23.033327405586821 ], [ 72.492087744847609, 23.033647006357164 ], [ 72.491851551512397, 23.033989564727229 ], [ 72.491652986628409, 23.034351780539929 ], [ 72.491493963046679, 23.034730164288526 ], [ 72.49137601270192, 23.035121070737926 ], [ 72.491300271854655, 23.035520734045264 ], [ 72.491267470145289, 23.035925304041207 ], [ 72.491277923565164, 23.036330883322481 ], [ 72.491282623565155, 23.036390183190154 ], [ 72.49133620932011, 23.036792746745721 ], [ 72.491432408208723, 23.037188538477977 ], [ 72.491570294055634, 23.037573747893671 ], [ 72.49174853933539, 23.037944666413139 ], [ 72.491965427953488, 23.038297723071423 ], [ 72.492218871768401, 23.03862951889338 ], [ 72.492506430695656, 23.038936859612171 ], [ 72.492825336200269, 23.039216786416262 ], [ 72.493172517951336, 23.03946660442924 ], [ 72.493544633382385, 23.039683908648421 ], [ 72.493938099872594, 23.039866607092883 ], [ 72.494349129239254, 23.040012940938219 ], [ 72.49477376420937, 23.040121501444471 ], [ 72.495207916518979, 23.040191243514457 ], [ 72.495647406274017, 23.040221495752107 ], [ 72.49608800219292, 23.040211966924165 ] ] ] } },
{ "type": "Feature", "properties": { "version": 2, "visible": null, "lon": null, "timestamp": 1744061225, "tags": { "visible": false }, "changeset": null, "lat": null, "id": 366459138, "natural": "water", "water": null, "wetland": null, "osm_type": "way", "grassland": null, "reef": null, "Risk": "Low" }, "geometry": { "type": "Polygon", "coordinates": [ [ [ 72.496025614997492, 23.040447614579197 ], [ 72.496075014997487, 23.040443714698409 ], [ 72.496511593983513, 23.040389292588163 ], [ 72.496940278908369, 23.040295772837037 ], [ 72.497356945348116, 23.040164055128439 ], [ 72.497757584509984, 23.039995406622822 ], [ 72.498138341801365, 23.039791449770448 ], [ 72.498495553915234, 23.039554146706806 ], [ 72.498825784075336, 23.039285780380638 ], [ 72.499125855101596, 23.038988932596009 ], [ 72.499392879978359, 23.03866645917924 ], [ 72.499624289630418, 23.038321462509582 ], [ 72.499817857640551, 23.037957261677484 ], [ 72.499971721670022, 23.037577360557389 ], [ 72.500084401376427, 23.037185414102041 ], [ 72.500154812656135, 23.036785193182226 ], [ 72.500182278074632, 23.036380548310241 ], [ 72.500166533384146, 23.035975372595839 ], [ 72.500158533384138, 23.035888772370814 ], [ 72.500099762897605, 23.035487127140357 ], [ 72.499998533989768, 23.035092707723891 ], [ 72.499855819797958, 23.034709305848089 ], [ 72.499672992267364, 23.03434060735497 ], [ 72.499451808962078, 23.033990156764872 ], [ 72.499194396169386, 23.033661323196934 ], [ 72.498903228459099, 23.033357267975045 ], [ 72.498581104895052, 23.033080914230741 ], [ 72.498231122126967, 23.032834918795739 ], [ 72.497856644621692, 23.032621646654292 ], [ 72.497461272319725, 23.032443148201477 ], [ 72.497048806028175, 23.032301139526123 ], [ 72.496623210882731, 23.032196985908215 ], [ 72.49618857822982, 23.032131688689681 ], [ 72.495749086295547, 23.03210587564482 ], [ 72.495308960019486, 23.032119794943203 ], [ 72.495259560019491, 23.03212359505936 ], [ 72.494822276743406, 23.032177240217404 ], [ 72.494392821007295, 23.032270104111316 ], [ 72.493975335632953, 23.032401290832997 ], [ 72.493573847967923, 23.032569534756494 ], [ 72.493192231034982, 23.032773212751309 ], [ 72.492834166170297, 23.033010359845438 ], [ 72.492503107510814, 23.033278688186787 ], [ 72.49220224867328, 23.033575609119929 ], [ 72.491934491946438, 23.033898258164871 ], [ 72.491702420293564, 23.034243522656656 ], [ 72.491508272435482, 23.034608071778901 ], [ 72.491353921254316, 23.034988388701322 ], [ 72.491240855726446, 23.035380804510886 ], [ 72.491170166558746, 23.03578153360921 ], [ 72.491142535666967, 23.0361867102344 ], [ 72.491158229597445, 23.036592425755021 ], [ 72.491166229597439, 23.036679125529982 ], [ 72.491225074061688, 23.037081352023165 ], [ 72.491326500026645, 23.037476327649912 ], [ 72.491469529625959, 23.037860244457985 ], [ 72.491652783885073, 23.038229401145021 ], [ 72.491874496016024, 23.038580238739176 ], [ 72.492132528451535, 23.038909374906659 ], [ 72.492424393453533, 23.039213636555427 ], [ 72.492747277098005, 23.039490090421012 ], [ 72.493098066404542, 23.039736071339785 ], [ 72.493473379349098, 23.039949207937447 ], [ 72.49386959747072, 23.040127445485211 ], [ 72.494282900757852, 23.040269065703662 ], [ 72.494709304477681, 23.040372703323548 ], [ 72.495144697593744, 23.040437359244095 ], [ 72.495584882401175, 23.040462410162114 ], [ 72.496025614997492, 23.040447614579197 ] ] ] } },
{ "type": "Feature", "properties": { "version": 2, "visible": null, "lon": null, "timestamp": 1744061225, "tags": { "visible": false }, "changeset": null, "lat": null, "id": 366459142, "natural": "water", "water": null, "wetland": null, "osm_type": "way", "grassland": null, "reef": null, "Risk": "Low" }, "geometry": { "type": "Polygon", "coordinates": [ [ [ 72.495710982772408, 23.040453015953069 ], [ 72.495829182772383, 23.040440516334041 ], [ 72.496264184535832, 23.040374472044018 ], [ 72.496690054470506, 23.040269500580223 ], [ 72.497102689353426, 23.040126613244858 ], [ 72.497498113480248, 23.039947186627963 ], [ 72.497872516970887, 23.039732949348682 ], [ 72.498222292477436, 23.039485965405554 ], [ 72.498544069940678, 23.039208614296268 ], [ 72.498834749060265, 23.038903568098039 ], [ 72.499091529166023, 23.0385737657292 ], [ 72.499311936201948, 23.03822238463982 ], [ 72.49949384656378, 23.037852810203738 ], [ 72.499635507559631, 23.037468603106671 ], [ 72.499735554297047, 23.037073465044543 ], [ 72.499793022833643, 23.036671203062063 ], [ 72.49980735946464, 23.036265692875226 ], [ 72.499778426057745, 23.035860841530855 ], [ 72.499766726057771, 23.03576744120274 ], [ 72.499694843743754, 23.03536732944244 ], [ 72.499580701147792, 23.034975624724499 ], [ 72.499425397026172, 23.034596097755678 ], [ 72.499230426363212, 23.034232402046115 ], [ 72.498997665980212, 23.033888038735441 ], [ 72.4987293564688, 23.033566322884788 ], [ 72.498428080622674, 23.033270351559256 ], [ 72.498096738575171, 23.033002974008383 ], [ 72.497738519882105, 23.032766764231969 ], [ 72.497356872818429, 23.032563996195428 ], [ 72.496955471184762, 23.032396621933767 ], [ 72.496538178942515, 23.03226625275499 ], [ 72.496109013018923, 23.032174143724195 ], [ 72.495672104639269, 23.032121181577907 ], [ 72.495231659559124, 23.032107876185215 ], [ 72.494791917578866, 23.032134355637844 ], [ 72.494673717578848, 23.032146856018755 ], [ 72.494238715790985, 23.03221290431388 ], [ 72.493812845829538, 23.032317882030572 ], [ 72.493400210918111, 23.032460777627279 ], [ 72.493004786761659, 23.0326402141981 ], [ 72.492630383240893, 23.032854462743732 ], [ 72.492280607704316, 23.033101458835667 ], [ 72.491958830211715, 23.033378822512997 ], [ 72.491668151064005, 23.03368388121979 ], [ 72.491411370931914, 23.034013695561836 ], [ 72.49119096387183, 23.034365087634288 ], [ 72.491009053488497, 23.034734671647058 ], [ 72.490867392474158, 23.035118886552596 ], [ 72.490767345721537, 23.03551403036148 ], [ 72.490709877173259, 23.035916295814982 ], [ 72.490695540534261, 23.036321807070752 ], [ 72.490724473936922, 23.036726657048039 ], [ 72.490736173936938, 23.036820056719929 ], [ 72.490808056251723, 23.03722016418963 ], [ 72.490922198853326, 23.037611862405047 ], [ 72.49107750298522, 23.037991380900536 ], [ 72.491272473662846, 23.03835506648306 ], [ 72.491505234064562, 23.03869941839389 ], [ 72.491773543598271, 23.03902112200209 ], [ 72.492074819469764, 23.03931708070559 ], [ 72.492406161545148, 23.03958444573292 ], [ 72.492764380268014, 23.039820643559185 ], [ 72.49314602736267, 23.040023400672407 ], [ 72.493547429027842, 23.040190765452262 ], [ 72.493964721301325, 23.040321126950765 ], [ 72.494393887255171, 23.040413230394357 ], [ 72.494830795663276, 23.040466189258407 ], [ 72.495271240769412, 23.04047949379801 ], [ 72.495710982772408, 23.040453015953069 ] ] ] } },
{ "type": "Feature", "properties": { "version": 2, "visible": null, "lon": null, "timestamp": 1628796378, "tags": { "visible": false, "name": "Bopal Lake" }, "changeset": null, "lat": null, "id": 366778319, "natural": "water", "water": "lake", "wetland": null, "osm_type": "way", "grassland": null, "reef": null, "Risk": "Low" }, "geometry": { "type": "Polygon", "coordinates": [ [ [ 72.453050243878067, 23.036663589765201 ], [ 72.453006843878072, 23.036818790951774 ], [ 72.452889858241505, 23.037415714861904 ], [ 72.452861549876545, 23.037662916809669 ], [ 72.452847743610249, 23.03777612857478 ], [ 72.452820138753466, 23.038180901787669 ], [ 72.452835773753023, 23.038586214846301 ], [ 72.452894498078763, 23.038988165503454 ], [ 72.452995746346545, 23.039382883918879 ], [ 72.453034246346533, 23.039505682874523 ], [ 72.453176769112289, 23.039888733829343 ], [ 72.453359333771246, 23.040257114049748 ], [ 72.453580188542801, 23.040607288915226 ], [ 72.453837214237467, 23.040935898513041 ], [ 72.45392381423747, 23.04103589660096 ], [ 72.454215611285889, 23.041340797947509 ], [ 72.454371783869092, 23.041474795287165 ], [ 72.454417335253027, 23.041555723060654 ], [ 72.454658432641054, 23.041897004705547 ], [ 72.454720932641038, 23.041976603275209 ], [ 72.454995694429314, 23.04229269133749 ], [ 72.455302736961329, 23.042582531764932 ], [ 72.455639115543306, 23.042843345018472 ], [ 72.456001604133803, 23.043072629941857 ], [ 72.456092404133798, 23.043124228594802 ], [ 72.456478393452713, 23.043320176857886 ], [ 72.456883397593813, 23.043480362632259 ], [ 72.457303515312859, 23.043603243041801 ], [ 72.457734699782435, 23.043687634531661 ], [ 72.457840099782445, 23.043703334056143 ], [ 72.458278024757789, 23.043748413862414 ], [ 72.458718642582966, 23.043753788892126 ], [ 72.459157712290732, 23.043719407415111 ], [ 72.459591007814552, 23.043645600324467 ], [ 72.459694907814551, 23.043623000999293 ], [ 72.460077852859911, 23.043523028046078 ], [ 72.46044967534867, 23.043392248436025 ], [ 72.460567875348673, 23.043345049764543 ], [ 72.461000139214221, 23.043146371101205 ], [ 72.461406709275465, 23.042906112834345 ], [ 72.46178288048462, 23.042627055147822 ], [ 72.462124299585767, 23.042312427217343 ], [ 72.462437599585769, 23.041990833803865 ], [ 72.462742114884335, 23.041641970378365 ], [ 72.463000914884333, 23.041310176314425 ], [ 72.463218967422677, 23.041002649318031 ], [ 72.463406499420842, 23.040678526278686 ], [ 72.463562030758283, 23.040340365269131 ], [ 72.463684333883819, 23.039990835173441 ], [ 72.46377244350424, 23.039632694625528 ], [ 72.463816443504257, 23.03940789584809 ], [ 72.463873518051003, 23.039001970453374 ], [ 72.463886684656799, 23.038592839416644 ], [ 72.463882084656802, 23.038380439286808 ], [ 72.463853926419617, 23.037993460522394 ], [ 72.463786477081712, 23.037610613047676 ], [ 72.463680330512673, 23.037235267760224 ], [ 72.463536421298684, 23.036870729530104 ], [ 72.463356016513799, 23.036520208098903 ], [ 72.463236016513818, 23.036312805108633 ], [ 72.462994403579785, 23.035943112623283 ], [ 72.462712235397788, 23.035598607506905 ], [ 72.462392585669022, 23.035283042713303 ], [ 72.462038936386946, 23.03499985595273 ], [ 72.461757236386944, 23.034797051052738 ], [ 72.461445830871341, 23.034591934565871 ], [ 72.461116571051392, 23.034411974673638 ], [ 72.460771850409131, 23.034258479658153 ], [ 72.460698394951223, 23.034229259484846 ], [ 72.460582304202077, 23.034157823007618 ], [ 72.460422704202074, 23.034071920733005 ], [ 72.460048326675832, 23.033891607569718 ], [ 72.459657193469809, 23.033744468289694 ], [ 72.459252766241733, 23.033631805234506 ], [ 72.458838624305812, 23.033554615596785 ], [ 72.458298724305806, 23.033478113277429 ], [ 72.457863955658866, 23.033436314266041 ], [ 72.457426830845435, 23.033433606821184 ], [ 72.456991490228958, 23.033470016589604 ], [ 72.456562057273302, 23.033545198673409 ], [ 72.456142599486114, 23.033658440898034 ], [ 72.455833448824407, 23.033772972357532 ], [ 72.455708163345449, 23.033815402065557 ], [ 72.455331629557691, 23.033980892757562 ], [ 72.454973408758221, 23.03417782578455 ], [ 72.454636592602981, 23.034404501365074 ], [ 72.454324088013209, 23.03465896301099 ], [ 72.454038592087102, 23.034939014418061 ], [ 72.453782568822177, 23.035242238426566 ], [ 72.453729168822179, 23.035311939658627 ], [ 72.45351015556794, 23.035627202430941 ], [ 72.453323020249286, 23.035959399417937 ], [ 72.453169296432534, 23.036305808163998 ], [ 72.453050243878067, 23.036663589765201 ] ] ] } },
{ "type": "Feature", "properties": { "version": 2, "visible": null, "lon": null, "timestamp": 1744061225, "tags": { "visible": false }, "changeset": null, "lat": null, "id": 366778748, "natural": "water", "water": null, "wetland": null, "osm_type": "way", "grassland": null, "reef": null, "Risk": "Low" }, "geometry": { "type": "Polygon", "coordinates": [ [ [ 72.490585549848248, 23.038118560192839 ], [ 72.490643621588021, 23.038222232818313 ], [ 72.490872670995259, 23.03858472151774 ], [ 72.491140451039712, 23.038923988361976 ], [ 72.491444205839102, 23.039236541943904 ], [ 72.49178080927372, 23.039519165786778 ], [ 72.492146797159222, 23.039768951438859 ], [ 72.492538402898518, 23.039983328397906 ], [ 72.492951596246073, 23.040160090557954 ], [ 72.493382124785597, 23.04029741890653 ], [ 72.493825557694109, 23.040393900238989 ], [ 72.494277331342133, 23.040448541697582 ], [ 72.494732796260749, 23.040460780985931 ], [ 72.495187264991984, 23.040430492153831 ], [ 72.495628364991973, 23.040380293682244 ], [ 72.496063884889608, 23.040310558983027 ], [ 72.496489846188567, 23.040201764924468 ], [ 72.496902122768603, 23.040054965258943 ], [ 72.497296721067997, 23.039871581855799 ], [ 72.497669818767591, 23.039653390932909 ], [ 72.498017801816104, 23.039402505856831 ], [ 72.498337299438091, 23.039121356677729 ], [ 72.498625216785214, 23.038812666597209 ], [ 72.498878764914934, 23.038479425596719 ], [ 72.499095487805832, 23.038124861481659 ], [ 72.499273286148167, 23.037752408621444 ], [ 72.499410437679046, 23.03736567468809 ], [ 72.499505613865296, 23.036968405715232 ], [ 72.499557892772515, 23.036564449815909 ], [ 72.499566767995361, 23.036157719910282 ], [ 72.499532153563081, 23.035752155824394 ], [ 72.499489753563097, 23.03544805463719 ], [ 72.499413333755939, 23.03505299807308 ], [ 72.499295648785619, 23.034666621063415 ], [ 72.499137807740013, 23.034292564996242 ], [ 72.498941298146207, 23.033934355171358 ], [ 72.498707971951887, 23.033595367572708 ], [ 72.498440028072025, 23.033278797047181 ], [ 72.49813999166598, 23.032987627189804 ], [ 72.498055538107124, 23.03292017110342 ], [ 72.49803576951355, 23.03290156436783 ], [ 72.497936621009544, 23.032825187695412 ], [ 72.497810690339804, 23.032724602219403 ], [ 72.497779987689995, 23.032704528885649 ], [ 72.497692457491695, 23.032637102000077 ], [ 72.497322242004131, 23.032405406499294 ], [ 72.496928801400799, 23.032208780096813 ], [ 72.496516044789459, 23.032049176570798 ], [ 72.496088073195921, 23.031928181827887 ], [ 72.495649138817456, 23.031846998140793 ], [ 72.495203602774353, 23.031806432198696 ], [ 72.494755891778979, 23.031806887089349 ], [ 72.494310454153407, 23.031848358292692 ], [ 72.493776554153385, 23.031922960555022 ], [ 72.493334125295988, 23.032005906116314 ], [ 72.492902980760249, 23.03212931068413 ], [ 72.492487477386703, 23.03229192711046 ], [ 72.49209181395743, 23.032492111970672 ], [ 72.491719988766079, 23.032727842176349 ], [ 72.491375759214009, 23.032996735425751 ], [ 72.491062603840689, 23.03329607428488 ], [ 72.490783687171955, 23.033622833655613 ], [ 72.490541827741595, 23.033973711352932 ], [ 72.490339469609268, 23.034345161481998 ], [ 72.490178657662597, 23.034733430277456 ], [ 72.490061016952936, 23.035134594042546 ], [ 72.489987736273747, 23.035544598804332 ], [ 72.489959556147554, 23.035959301284219 ], [ 72.489976761342689, 23.036374510769416 ], [ 72.490039177995683, 23.036786031462334 ], [ 72.490146175368125, 23.037189704879683 ], [ 72.490296672220595, 23.037581451873077 ], [ 72.490489147738714, 23.03795731384643 ], [ 72.490560147738734, 23.038079612078526 ], [ 72.490585549848248, 23.038118560192839 ] ] ] } },
{ "type": "Feature", "properties": { "version": 2, "visible": null, "lon": null, "timestamp": 1744061225, "tags": { "visible": false }, "changeset": null, "lat": null, "id": 366778776, "natural": "water", "water": null, "wetland": null, "osm_type": "way", "grassland": null, "reef": null, "Risk": "Low" }, "geometry": { "type": "Polygon", "coordinates": [ [ [ 72.495749200099226, 23.040524974443223 ], [ 72.495888900099231, 23.040509674909316 ], [ 72.496323358690631, 23.040442065080242 ], [ 72.496748527864753, 23.040335606918738 ], [ 72.497160315895798, 23.040191324861944 ], [ 72.497554759834884, 23.040010607326728 ], [ 72.497928063648516, 23.039795193352472 ], [ 72.498276634750638, 23.039547155870469 ], [ 72.498597118576868, 23.039268881760702 ], [ 72.498886430867998, 23.038963048887741 ], [ 72.499141787352215, 23.038632600336442 ], [ 72.499360730540133, 23.038280716095269 ], [ 72.499541153375262, 23.037910782459257 ], [ 72.499681319511652, 23.037526359447117 ], [ 72.49977988002415, 23.037131146545555 ], [ 72.499835886390102, 23.036728947110468 ], [ 72.499848799617737, 23.036323631767335 ], [ 72.499818495433246, 23.035919101163 ], [ 72.49981069543324, 23.03585850094434 ], [ 72.499737449972955, 23.035458583020198 ], [ 72.499621969793068, 23.035067194535031 ], [ 72.499465366611446, 23.03468810344296 ], [ 72.499269148033619, 23.034324959340513 ], [ 72.499035203039114, 23.033981258327682 ], [ 72.4987657837965, 23.033660309345812 ], [ 72.498463483981908, 23.033365202316521 ], [ 72.498131213809955, 23.033098778388599 ], [ 72.497772172017307, 23.032863602579713 ], [ 72.497389815068757, 23.032661939076327 ], [ 72.496987823882137, 23.03249572943017 ], [ 72.496570068392401, 23.032366573861058 ], [ 72.496140570296092, 23.032275715846648 ], [ 72.495703464334895, 23.032224030147397 ], [ 72.49526295849067, 23.032212014382363 ], [ 72.494823293475719, 23.032239784236872 ], [ 72.494683493475719, 23.032254984699893 ], [ 72.494248382187294, 23.032322377660964 ], [ 72.493822555476598, 23.032428733828482 ], [ 72.493410122633691, 23.032573026759128 ], [ 72.493015063695935, 23.032753863885755 ], [ 72.492641191039866, 23.03296949996049 ], [ 72.492292112591372, 23.033217853902109 ], [ 72.491971197008553, 23.033496528885024 ], [ 72.491681541173776, 23.033802835475662 ], [ 72.491425940308218, 23.034133817592807 ], [ 72.491206860997679, 23.034486281041062 ], [ 72.491026417389577, 23.03485682434183 ], [ 72.490886350791129, 23.035241871564029 ], [ 72.490788012865494, 23.03563770683752 ], [ 72.490732352588068, 23.036040510215965 ], [ 72.490719907088703, 23.036446394542843 ], [ 72.490750796468234, 23.036851442964863 ], [ 72.490758696468234, 23.036912142743429 ], [ 72.49083248051177, 23.037311854221439 ], [ 72.490948463151923, 23.037702989471935 ], [ 72.4911055284757, 23.038081785324923 ], [ 72.491302165297967, 23.038444597360726 ], [ 72.491536481701218, 23.038787934969736 ], [ 72.491806223238342, 23.039108494931448 ], [ 72.492108794623647, 23.039403193189781 ], [ 72.492441284702906, 23.039669194519327 ], [ 72.492800494462841, 23.039903939797288 ], [ 72.493182967809972, 23.040105170618954 ], [ 72.49358502482302, 23.040270951020219 ], [ 72.494002797158799, 23.040399686098283 ], [ 72.494432265271044, 23.040490137351703 ], [ 72.494869297083994, 23.04054143459237 ], [ 72.495309687748644, 23.040553084314922 ], [ 72.495749200099226, 23.040524974443223 ] ] ] } },
{ "type": "Feature", "properties": { "version": 2, "visible": null, "lon": null, "timestamp": 1744061225, "tags": { "visible": false }, "changeset": null, "lat": null, "id": 366778823, "natural": "water", "water": null, "wetland": null, "osm_type": "way", "grassland": null, "reef": null, "Risk": "Low" }, "geometry": { "type": "Polygon", "coordinates": [ [ [ 72.495477301779772, 23.040525298176924 ], [ 72.495529901779776, 23.040521298299222 ], [ 72.495966960601592, 23.040468084470955 ], [ 72.496396244943412, 23.040375697417506 ], [ 72.496813618962037, 23.040245027141683 ], [ 72.497215061561576, 23.040077332447588 ], [ 72.49759670513383, 23.039874228817126 ], [ 72.49795487281979, 23.039637672851224 ], [ 72.498286113933702, 23.039369943425335 ], [ 72.498587237207687, 23.03907361974068 ], [ 72.498855341537478, 23.03875155648231 ], [ 72.499087843932315, 23.038406856323189 ], [ 72.499282504400327, 23.038042840038813 ], [ 72.499437447529118, 23.037663014520131 ], [ 72.499551180554022, 23.03727103899265 ], [ 72.499622607739866, 23.036870689766957 ], [ 72.49965104093755, 23.03646582386018 ], [ 72.499636206213808, 23.036060341838581 ], [ 72.499632006213815, 23.036013741720417 ], [ 72.499574077228061, 23.035611704615338 ], [ 72.499473614286572, 23.035216825772608 ], [ 72.499331584527908, 23.034832906698838 ], [ 72.499149355246871, 23.034463643422658 ], [ 72.498928680731751, 23.034112590909523 ], [ 72.498671685376237, 23.033783128833523 ], [ 72.498380843228091, 23.033478429035938 ], [ 72.498058954172123, 23.033201424983965 ], [ 72.49770911697604, 23.032954783523945 ], [ 72.497334699459216, 23.032740879201292 ], [ 72.496939306071397, 23.032561771394498 ], [ 72.496526743193215, 23.03241918448375 ], [ 72.496100982492877, 23.03231449124516 ], [ 72.495666122691617, 23.032248699630813 ], [ 72.495226350106108, 23.032222443061922 ], [ 72.494785898347502, 23.032235974328842 ], [ 72.494733298347498, 23.032239974451119 ], [ 72.494296239516871, 23.032293191518775 ], [ 72.493866955165331, 23.032385584105469 ], [ 72.493449581136346, 23.032516261996221 ], [ 72.493048138526035, 23.032683966095128 ], [ 72.492666494942824, 23.032887080560027 ], [ 72.492308327245908, 23.033123648375142 ], [ 72.491977086121324, 23.033391390211488 ], [ 72.491675962837135, 23.033687726393069 ], [ 72.491407858497794, 23.034009801756994 ], [ 72.491175356094246, 23.034354513167816 ], [ 72.490980695618504, 23.034718539420567 ], [ 72.490825752483147, 23.035098373244391 ], [ 72.490712019452886, 23.035490355097984 ], [ 72.49064059226302, 23.035890708431154 ], [ 72.490612159062735, 23.036295576072568 ], [ 72.490626993785284, 23.036701057393021 ], [ 72.490631193785276, 23.036747657274859 ], [ 72.490689122771499, 23.037149690998547 ], [ 72.490789585715149, 23.037544564184554 ], [ 72.490931615477606, 23.037928475539371 ], [ 72.491113844763973, 23.038297729326807 ], [ 72.4913345192858, 23.038648770941972 ], [ 72.491591514649286, 23.038978221125642 ], [ 72.491882356806457, 23.039282908489827 ], [ 72.492204245872387, 23.039559900041642 ], [ 72.492554083079099, 23.03980652941188 ], [ 72.492928500606965, 23.040020422516811 ], [ 72.493323894006025, 23.040199520406436 ], [ 72.493736456895363, 23.040342099079435 ], [ 72.494162217606558, 23.040446786074416 ], [ 72.494597077418035, 23.040512573677802 ], [ 72.495036850012909, 23.040538828621468 ], [ 72.495477301779772, 23.040525298176924 ] ] ] } },
{ "type": "Feature", "properties": { "version": 3, "visible": null, "lon": null, "timestamp": 1690257208, "tags": { "visible": false }, "changeset": null, "lat": null, "id": 369050341, "natural": "water", "water": "lake", "wetland": null, "osm_type": "way", "grassland": null, "reef": null, "Risk": "Low" }, "geometry": { "type": "Polygon", "coordinates": [ [ [ 72.541741917612569, 23.05080571355726 ], [ 72.541731117612585, 23.050753313257569 ], [ 72.541603758985516, 23.050286055924101 ], [ 72.541418178094645, 23.049835607273263 ], [ 72.54139527809464, 23.049788506682876 ], [ 72.541207516298613, 23.049445928575686 ], [ 72.540986038978929, 23.049120847535793 ], [ 72.540732754829634, 23.048816065251714 ], [ 72.54044984665633, 23.048534208486902 ], [ 72.540139752564784, 23.048277706437258 ], [ 72.539805144949369, 23.048048769791059 ], [ 72.539750144949366, 23.048014668923059 ], [ 72.539435318074325, 23.047836352024756 ], [ 72.539105621247131, 23.047682462739715 ], [ 72.538763287969218, 23.047554043662384 ], [ 72.538703887969206, 23.047534343093549 ], [ 72.538261954108705, 23.047410993799684 ], [ 72.538211554108727, 23.047399493457085 ], [ 72.537843358012509, 23.047330380700203 ], [ 72.537470172273188, 23.047289830609422 ], [ 72.537094609000917, 23.047278127040599 ], [ 72.537040209000921, 23.047278527052868 ], [ 72.536501713931628, 23.047312329429488 ], [ 72.536460413931621, 23.047317229578653 ], [ 72.536207949640371, 23.047353931201044 ], [ 72.53616384964036, 23.047361531430326 ], [ 72.535948683697981, 23.047403656487742 ], [ 72.535904483697976, 23.047413356777334 ], [ 72.535673463121483, 23.047470077787867 ], [ 72.535626763121499, 23.047482778161694 ], [ 72.535535892288578, 23.047508456278464 ], [ 72.535480992288598, 23.047524556749288 ], [ 72.535062614033535, 23.04766871128162 ], [ 72.534661867799784, 23.047850396820674 ], [ 72.534614967799769, 23.047874397464465 ], [ 72.534271639814975, 23.048069158884431 ], [ 72.533948682809381, 23.04829147481226 ], [ 72.533904582809384, 23.048324775602374 ], [ 72.533543925146915, 23.04862881779848 ], [ 72.533221335147175, 23.048967143080578 ], [ 72.532940638462364, 23.049335738946645 ], [ 72.532705163924376, 23.049730233923007 ], [ 72.532680263924377, 23.049777934556928 ], [ 72.53251267910106, 23.050142819727927 ], [ 72.53238382766925, 23.050520790903871 ], [ 72.532373927669269, 23.050555591174376 ], [ 72.532281186860516, 23.050965239058325 ], [ 72.53223393715929, 23.051381414899559 ], [ 72.532231937159281, 23.05141581495597 ], [ 72.532226505418663, 23.051723011282881 ], [ 72.532227205418664, 23.051753811263119 ], [ 72.532263929092466, 23.052201794811857 ], [ 72.532353280040823, 23.052643462454018 ], [ 72.53249420248622, 23.053073595498883 ], [ 72.532685031278405, 23.053487111596301 ], [ 72.532712531278392, 23.053538710898888 ], [ 72.532904431660015, 23.05386157155964 ], [ 72.533126783008726, 23.054167444999621 ], [ 72.533146283008719, 23.054191844555895 ], [ 72.533378117377637, 23.054458153545095 ], [ 72.533633036342934, 23.054705957693578 ], [ 72.533909302304124, 23.054933568004067 ], [ 72.533953902304106, 23.054967367203169 ], [ 72.534305198154527, 23.055208128212978 ], [ 72.534680311148875, 23.055416258142348 ], [ 72.534712611148876, 23.055432257709871 ], [ 72.535093718375023, 23.055600262354172 ], [ 72.535131018375026, 23.055614761944149 ], [ 72.535493634389354, 23.055739070819158 ], [ 72.535866533208221, 23.055834199632866 ], [ 72.536246947009417, 23.055899442359031 ], [ 72.536296647009408, 23.05590594216148 ], [ 72.536738135436195, 23.055943344355544 ], [ 72.537181480595692, 23.055940515561304 ], [ 72.537229680595686, 23.055938015637931 ], [ 72.537467565098552, 23.055919832059882 ], [ 72.537565465098552, 23.055909932361967 ], [ 72.537908006647896, 23.055862934867051 ], [ 72.538245594468023, 23.055791792723689 ], [ 72.538325694468014, 23.055771893313459 ], [ 72.538473320132169, 23.055732713814443 ], [ 72.538536320132167, 23.055714914336793 ], [ 72.538983170014461, 23.055564403441707 ], [ 72.53941020683564, 23.055371239029558 ], [ 72.539812637614176, 23.055137588963376 ], [ 72.539853637614172, 23.055110889632388 ], [ 72.540179201015249, 23.054877508228014 ], [ 72.5404801092713, 23.054617615774323 ], [ 72.540753821912489, 23.054333406311414 ], [ 72.540806021912488, 23.054273907458686 ], [ 72.541041320765032, 23.053980047036426 ], [ 72.541247523653283, 23.05366822918943 ], [ 72.54142302218132, 23.053340886001152 ], [ 72.541566447449213, 23.053000570666079 ], [ 72.541585647449224, 23.052948271179861 ], [ 72.541694926478925, 23.052601259391537 ], [ 72.541770852039647, 23.052246790952353 ], [ 72.541812843925797, 23.05188757458032 ], [ 72.541820581245034, 23.051526355297177 ], [ 72.54181928124504, 23.051476555260471 ], [ 72.541795499391, 23.051139679955149 ], [ 72.541741917612569, 23.05080571355726 ] ] ] } },
{ "type": "Feature", "properties": { "version": 2, "visible": null, "lon": null, "timestamp": 1730812765, "tags": { "visible": false }, "changeset": null, "lat": null, "id": 369677549, "natural": "water", "water": "pond", "wetland": null, "osm_type": "way", "grassland": null, "reef": null, "Risk": "Low" }, "geometry": { "type": "Polygon", "coordinates": [ [ [ 72.619893492286167, 23.124763832442266 ], [ 72.619846723448916, 23.124916470242468 ], [ 72.619769552220134, 23.125313005840017 ], [ 72.619734748108314, 23.125714567596393 ], [ 72.619742642127235, 23.126117336323389 ], [ 72.61979315919875, 23.126517481387829 ], [ 72.619885818866749, 23.126911197143588 ], [ 72.620019739866734, 23.127294739124718 ], [ 72.620193648507268, 23.12766445965535 ], [ 72.620405890783815, 23.128016842538067 ], [ 72.620654448109519, 23.128348536490723 ], [ 72.620936956513589, 23.128656387014061 ], [ 72.621250729124426, 23.128937466387168 ], [ 72.621592781723876, 23.129189101505741 ], [ 72.621959861129312, 23.129408899298696 ], [ 72.622039961129303, 23.129451898155249 ], [ 72.622415853720923, 23.129632368889347 ], [ 72.622808577492179, 23.129779437099621 ], [ 72.622954116813574, 23.12981970772644 ], [ 72.623032143600852, 23.129849797832197 ], [ 72.623438305376837, 23.129966286559316 ], [ 72.623854630220933, 23.130046912008176 ], [ 72.62427738267111, 23.1300909508345 ], [ 72.624707282671096, 23.130116850038718 ], [ 72.62515751066131, 23.13012317340625 ], [ 72.625606164704877, 23.130088010019271 ], [ 72.626048735801447, 23.13001171323959 ], [ 72.626480776084662, 23.129895049785151 ], [ 72.62689794352346, 23.129739192027305 ], [ 72.627296045559817, 23.129545706212525 ], [ 72.62767108124406, 23.129316536726897 ], [ 72.628019281444864, 23.129053986561249 ], [ 72.628337146729095, 23.128760694173053 ], [ 72.628621482531329, 23.12843960697727 ], [ 72.628821494301036, 23.128160778767381 ], [ 72.628936577232096, 23.128036512344043 ], [ 72.629182154532799, 23.127713371139055 ], [ 72.629393114363111, 23.127370170435999 ], [ 72.629567534986506, 23.127010036476808 ], [ 72.629703827520032, 23.126636249775459 ], [ 72.62980075040818, 23.12625221523869 ], [ 72.629857420732904, 23.12586143115259 ], [ 72.629873322256373, 23.125467457317697 ], [ 72.629848310123847, 23.125073882622555 ], [ 72.629727910123833, 23.124034379232739 ], [ 72.629659387462212, 23.123632175264703 ], [ 72.629548146983623, 23.123238126789474 ], [ 72.629395269220097, 23.122856061477176 ], [ 72.629202239146636, 23.12248969062912 ], [ 72.628970931756825, 23.122142573123607 ], [ 72.628703593850176, 23.121818080841301 ], [ 72.628402822207917, 23.121519365906241 ], [ 72.628071538369099, 23.121249330061008 ], [ 72.62771296025241, 23.121010596473639 ], [ 72.62733057089892, 23.12080548425055 ], [ 72.626928084639658, 23.120635985903295 ], [ 72.626509411016542, 23.12050374798817 ], [ 72.626078616807064, 23.120410055107083 ], [ 72.625639886521867, 23.120355817425331 ], [ 72.625197481758391, 23.120341561827491 ], [ 72.624313981758391, 23.120353162184564 ], [ 72.623869951670088, 23.120379262048246 ], [ 72.623430907993438, 23.120445637009148 ], [ 72.623001159022706, 23.120551635676946 ], [ 72.622584921844023, 23.120696217804337 ], [ 72.622186280953571, 23.120877964498515 ], [ 72.621809148176908, 23.121095092149403 ], [ 72.621457224282366, 23.121345469937786 ], [ 72.621133962665994, 23.121626640751355 ], [ 72.620842535463552, 23.121935845303138 ], [ 72.620585802422738, 23.122270049215263 ], [ 72.620366282840649, 23.122625972802272 ], [ 72.620186130842285, 23.12300012326109 ], [ 72.62004711424224, 23.123388828951843 ], [ 72.619950597197274, 23.123788275432641 ], [ 72.619897526820068, 23.12419454289461 ], [ 72.619888423885243, 23.124603644629691 ], [ 72.619893492286167, 23.124763832442266 ] ] ] } },
{ "type": "Feature", "properties": { "version": 5, "visible": null, "lon": null, "timestamp": 1660901170, "tags": { "visible": false, "fishing": "no", "salt": "no", "tidal": "no" }, "changeset": null, "lat": null, "id": 413809871, "natural": "water", "water": "pond", "wetland": null, "osm_type": "way", "grassland": null, "reef": null, "Risk": "Low" }, "geometry": { "type": "Polygon", "coordinates": [ [ [ 72.551248811159795, 23.020849931810694 ], [ 72.551248139766471, 23.020871572281596 ], [ 72.551273108593691, 23.021243701824044 ], [ 72.551334405717753, 23.021612246310276 ], [ 72.551341605717752, 23.021645446111059 ], [ 72.551437360031073, 23.022003122884666 ], [ 72.551567331080562, 23.022351533183897 ], [ 72.551730486782844, 23.022687910409868 ], [ 72.551925531539567, 23.023009583534204 ], [ 72.552150916525477, 23.023313998306222 ], [ 72.552174916525487, 23.023343497764131 ], [ 72.552483271185821, 23.023682997063943 ], [ 72.552829288706519, 23.023990216407395 ], [ 72.552941400932198, 23.024070353901386 ], [ 72.553096121459603, 23.024200260353783 ], [ 72.553439138541293, 23.024437290359273 ], [ 72.553805158852811, 23.024643125244427 ], [ 72.554190844259139, 23.024815887925072 ], [ 72.554592677277981, 23.024954002921262 ], [ 72.555006993159452, 23.025056210721079 ], [ 72.555430013309021, 23.025121579263544 ], [ 72.555857879748459, 23.025149512436084 ], [ 72.556286690301022, 23.025139755509166 ], [ 72.556712534179553, 23.025092397458607 ], [ 72.557131527653226, 23.025007870154415 ], [ 72.557161727653224, 23.025000370376414 ], [ 72.557515300068033, 23.024897986100545 ], [ 72.557858495889022, 23.024769119652692 ], [ 72.558188977908472, 23.02461464855546 ], [ 72.558213577908475, 23.024601948895047 ], [ 72.558569136068456, 23.024397760376097 ], [ 72.558902467414853, 23.024163960102481 ], [ 72.559210669840581, 23.023902583478272 ], [ 72.559368968900444, 23.023740734887511 ], [ 72.559505366323592, 23.023661939282519 ], [ 72.559842130397101, 23.023423809257604 ], [ 72.56015295230165, 23.02315747083642 ], [ 72.560435053310258, 23.022865304906954 ], [ 72.560685911458862, 23.022549923254072 ], [ 72.560903284092433, 23.022214145216036 ], [ 72.561085227914234, 23.021860972485229 ], [ 72.561230116358701, 23.021493562278277 ], [ 72.561336654132873, 23.021115199115133 ], [ 72.561403888796193, 23.020729265459366 ], [ 72.561410688796187, 23.020673465650027 ], [ 72.561438652141774, 23.020226292163255 ], [ 72.561413884410896, 23.019778957620307 ], [ 72.561404484410886, 23.019696957356555 ], [ 72.56133043104316, 23.01926821283249 ], [ 72.561207932999395, 23.018848978835734 ], [ 72.56103834123374, 23.018443878945032 ], [ 72.560823526067409, 23.018057380900018 ], [ 72.560565856562164, 23.017693747322888 ], [ 72.560503056562169, 23.017614545891679 ], [ 72.560247179167888, 23.017320910493829 ], [ 72.559963343561577, 23.01704991295405 ], [ 72.559653902910227, 23.016803800146931 ], [ 72.559321422661995, 23.01658461263634 ], [ 72.559213522661977, 23.01652011097821 ], [ 72.558764553103899, 23.016284362612161 ], [ 72.55828912865789, 23.016097651006056 ], [ 72.558197428657877, 23.016067250129325 ], [ 72.557776755008788, 23.015948859889743 ], [ 72.557345516179481, 23.01586891247532 ], [ 72.55725911617948, 23.015856912111598 ], [ 72.55688240356568, 23.015819465537799 ], [ 72.556503602269075, 23.015811375430157 ], [ 72.556125407983529, 23.015832699366229 ], [ 72.55604790798354, 23.015840099591852 ], [ 72.555938142156279, 23.01585513318717 ], [ 72.555567637947263, 23.015887457437803 ], [ 72.555538726504295, 23.015892391291519 ], [ 72.555068056483606, 23.015962018357154 ], [ 72.554985056483602, 23.01597881886012 ], [ 72.554548336623157, 23.016088721766724 ], [ 72.554125856472737, 23.016238531681264 ], [ 72.55372190868448, 23.01642672631499 ], [ 72.55367530868449, 23.016451226967106 ], [ 72.553305267915647, 23.016668514994969 ], [ 72.552960037494373, 23.016918008466302 ], [ 72.552642914383952, 23.017197324537669 ], [ 72.552356927121878, 23.017503795553786 ], [ 72.552286031493992, 23.017596787428108 ], [ 72.552273071801139, 23.017610951526656 ], [ 72.552014570657192, 23.017922307449357 ], [ 72.551789260672891, 23.018254790570406 ], [ 72.55159916622226, 23.018605413437502 ], [ 72.551445995273497, 23.018971025631597 ], [ 72.551331124042989, 23.019348342077507 ], [ 72.551255584630326, 23.01973397256371 ], [ 72.551247484630323, 23.019790572790292 ], [ 72.55121195843239, 23.020180983866243 ], [ 72.551216747886599, 23.020572735820302 ], [ 72.551248811159795, 23.020849931810694 ] ] ] } },
{ "type": "Feature", "properties": { "version": 3, "visible": null, "lon": null, "timestamp": 1635162077, "tags": { "visible": false, "name": "Suryajyot Lake" }, "changeset": null, "lat": null, "id": 420550103, "natural": "water", "water": "lake", "wetland": null, "osm_type": "way", "grassland": null, "reef": null, "Risk": "Low" }, "geometry": { "type": "Polygon", "coordinates": [ [ [ 72.644982885796168, 23.202655847266801 ], [ 72.645064685796171, 23.202739645538475 ], [ 72.645271714928867, 23.202928126377266 ], [ 72.645396028341082, 23.203090467634663 ], [ 72.64567605664331, 23.203390473057691 ], [ 72.645986018882695, 23.203664487088705 ], [ 72.646323073323586, 23.203909997732467 ], [ 72.64668412984885, 23.204124754308683 ], [ 72.64706587829005, 23.204306788080288 ], [ 72.647179778290038, 23.2043548867304 ], [ 72.647580624736264, 23.204503138093617 ], [ 72.647995115261921, 23.204615302971039 ], [ 72.648419414112453, 23.204690343464748 ], [ 72.648849594765636, 23.204727565202202 ], [ 72.649281676268203, 23.204726623759765 ], [ 72.649456076268194, 23.204718524009614 ], [ 72.649958307470783, 23.20466906168269 ], [ 72.650451320596886, 23.204568084085412 ], [ 72.650928880791056, 23.204416868108947 ], [ 72.651088580791068, 23.20435686982427 ], [ 72.651380023812479, 23.204234594522955 ], [ 72.651380858619618, 23.204234273600793 ], [ 72.651381903246588, 23.20423380600355 ], [ 72.651416943474871, 23.204219104822268 ], [ 72.651473380093606, 23.20419285901578 ], [ 72.651841432338074, 23.204028110854459 ], [ 72.652000632338073, 23.203946213061688 ], [ 72.652103611903186, 23.203888730489847 ], [ 72.652125437167797, 23.203879162681876 ], [ 72.652413326237507, 23.203741000641081 ], [ 72.65259112623751, 23.203648003137396 ], [ 72.652937905390928, 23.203446824773955 ], [ 72.6532632760144, 23.203217414987673 ], [ 72.653344776014393, 23.20315431647813 ], [ 72.653632255585762, 23.202911340205549 ], [ 72.653895683596488, 23.20264632866699 ], [ 72.65413306836318, 23.20236128539355 ], [ 72.654342615105918, 23.202058365372825 ], [ 72.654388515105921, 23.201985166501665 ], [ 72.654617107368367, 23.201567626506375 ], [ 72.654792881594915, 23.201129010825603 ], [ 72.654913584434212, 23.20067494214809 ], [ 72.654940584434215, 23.200540842901695 ], [ 72.654996666538523, 23.200168025813284 ], [ 72.655015575621547, 23.199792062525479 ], [ 72.654997154527024, 23.199416077713849 ], [ 72.654941556355496, 23.199043196259108 ], [ 72.654916356355471, 23.198917195555616 ], [ 72.654825254415684, 23.19855450016188 ], [ 72.654698979903714, 23.19820082044231 ], [ 72.65453855938749, 23.197859031772978 ], [ 72.654505459387494, 23.197796430927983 ], [ 72.654321454760648, 23.197483488968519 ], [ 72.654108824501947, 23.197186267118092 ], [ 72.654011224501957, 23.197061864871173 ], [ 72.65374114425299, 23.196750456440768 ], [ 72.653439676831638, 23.196464415170876 ], [ 72.6531096274812, 23.196206402930766 ], [ 72.65275406740831, 23.195978820769191 ], [ 72.652376305204427, 23.195783786565645 ], [ 72.652193905204427, 23.195699984250982 ], [ 72.651803561662874, 23.1955414751191 ], [ 72.651398614189873, 23.195417731042401 ], [ 72.65098271811965, 23.195329869117746 ], [ 72.650685124350758, 23.195293865444842 ], [ 72.650587922465689, 23.195261024378706 ], [ 72.650176495125891, 23.195161439027959 ], [ 72.649756662526414, 23.195098081505272 ], [ 72.64933219155489, 23.19507152032865 ], [ 72.648906890716177, 23.195081993836368 ], [ 72.64880439071618, 23.195088994051929 ], [ 72.648352977481494, 23.195141060343097 ], [ 72.6479096101625, 23.195234833457313 ], [ 72.647478837590654, 23.195369351220776 ], [ 72.647383537590656, 23.195404152219446 ], [ 72.64694753075517, 23.195588740648134 ], [ 72.646549844576484, 23.195807137164735 ], [ 72.646331413128379, 23.195900425692024 ], [ 72.645889902736144, 23.196149434502892 ], [ 72.645782202736143, 23.196218336249178 ], [ 72.645411237367071, 23.196483168292847 ], [ 72.645072390250647, 23.19678216094421 ], [ 72.644769367102356, 23.197112044128623 ], [ 72.644505481857934, 23.197469209947847 ], [ 72.644283620431381, 23.19784975214629 ], [ 72.644233320431368, 23.197948053438232 ], [ 72.644043011210002, 23.198382355755033 ], [ 72.643907426571744, 23.198833669666644 ], [ 72.643828310389949, 23.199296190285338 ], [ 72.643818910389953, 23.199382990550841 ], [ 72.643796857535946, 23.199807952973423 ], [ 72.6438225053369, 23.200232743561379 ], [ 72.643895581410462, 23.200652851016859 ], [ 72.644015309680995, 23.201063813819282 ], [ 72.644053009681002, 23.201170812801209 ], [ 72.644220701961572, 23.201573626413502 ], [ 72.644433202240918, 23.201958160328971 ], [ 72.644688191203855, 23.20232021776188 ], [ 72.644982885796168, 23.202655847266801 ] ] ] } },
{ "type": "Feature", "properties": { "version": 2, "visible": null, "lon": null, "timestamp": 1634609385, "tags": { "visible": false, "name": "Chenpur Lake" }, "changeset": null, "lat": null, "id": 424053785, "natural": "water", "water": null, "wetland": null, "osm_type": "way", "grassland": null, "reef": null, "Risk": "Low" }, "geometry": { "type": "Polygon", "coordinates": [ [ [ 72.555290522869257, 23.105779710461345 ], [ 72.555364307587254, 23.105902514110671 ], [ 72.555611043697667, 23.106232873026599 ], [ 72.555891423102352, 23.106539685300429 ], [ 72.556202806830228, 23.106820063341885 ], [ 72.556542264093096, 23.107071368365993 ], [ 72.556577902258894, 23.10709522722393 ], [ 72.556640785466314, 23.107138475174462 ], [ 72.556646510646374, 23.107142555451855 ], [ 72.556996686736881, 23.107367340352404 ], [ 72.557089711229182, 23.107431134766028 ], [ 72.557184311229165, 23.107489733270782 ], [ 72.557618973857842, 23.107727412624804 ], [ 72.558079928527249, 23.107918647179645 ], [ 72.558561332646519, 23.108061013244047 ], [ 72.558699932646519, 23.108094212255665 ], [ 72.559125745300861, 23.108176183414159 ], [ 72.559558182545956, 23.108219880848655 ], [ 72.559993187593975, 23.108224894661465 ], [ 72.560426679568039, 23.108191177821247 ], [ 72.560854591785656, 23.108119046604038 ], [ 72.561272909909292, 23.108009177627299 ], [ 72.561677709605689, 23.107862601504706 ], [ 72.562065193360866, 23.107680693181138 ], [ 72.562431726105515, 23.107465159038455 ], [ 72.562773869316246, 23.107218020892738 ], [ 72.562889361387732, 23.107116525560656 ], [ 72.563129447550139, 23.106947116472984 ], [ 72.563429777351317, 23.106692126405974 ], [ 72.56370366240975, 23.106413080699902 ], [ 72.563759162409752, 23.106351081912223 ], [ 72.564035350386121, 23.106007832002604 ], [ 72.56427153994359, 23.105640191882451 ], [ 72.564465207553582, 23.105252089358849 ], [ 72.564614284006225, 23.104847670890766 ], [ 72.564717176518613, 23.104431257293623 ], [ 72.564772785752567, 23.10400729757971 ], [ 72.564780517560337, 23.103580321427284 ], [ 72.564777917560349, 23.10351212135377 ], [ 72.564744202623643, 23.103131471050226 ], [ 72.564733248589889, 23.103074071916677 ], [ 72.564722837797547, 23.102753190520659 ], [ 72.564709437797546, 23.102595390142682 ], [ 72.564651011028744, 23.102180004017409 ], [ 72.564547158926686, 23.101772192790676 ], [ 72.564398948920825, 23.101376148181622 ], [ 72.564207904367251, 23.100995941001713 ], [ 72.563975988890988, 23.100635479308494 ], [ 72.563705586203184, 23.10029846823095 ], [ 72.563399475600519, 23.099988371879775 ], [ 72.563384856098608, 23.09997628535233 ], [ 72.563245045950978, 23.099836727411983 ], [ 72.563094845950999, 23.099695624375691 ], [ 72.562765062083329, 23.099415322608852 ], [ 72.562406500066544, 23.099166708229365 ], [ 72.562022743345224, 23.098952266054791 ], [ 72.561617627158157, 23.098774139373969 ], [ 72.561195200209156, 23.098634108520447 ], [ 72.560759684204655, 23.098533573074029 ], [ 72.560315431662204, 23.098473537868696 ], [ 72.55986688241174, 23.098454602946752 ], [ 72.559418519224209, 23.098476957559892 ], [ 72.559000858864138, 23.09853665678467 ], [ 72.558987125728706, 23.098537305306902 ], [ 72.558503321717808, 23.098609333739027 ], [ 72.558030929513109, 23.098729419295978 ], [ 72.557907713519043, 23.098767509528329 ], [ 72.557525396814867, 23.098873385162431 ], [ 72.557110357494395, 23.099031422608782 ], [ 72.556714554874233, 23.099226801470675 ], [ 72.556341947654602, 23.099457567468633 ], [ 72.555996262542209, 23.099721412373871 ], [ 72.555680956976857, 23.100015697101512 ], [ 72.555399184551092, 23.100337478113371 ], [ 72.555327584551094, 23.100428179752537 ], [ 72.555072339509621, 23.100789810093438 ], [ 72.554859458361904, 23.101173938361214 ], [ 72.554691259624576, 23.101576380789883 ], [ 72.554569575172195, 23.101992754181509 ], [ 72.554495730286192, 23.102418523650559 ], [ 72.554445530286202, 23.102852525062904 ], [ 72.554420325768561, 23.103293678918195 ], [ 72.554446477301511, 23.1037347846868 ], [ 72.55452368587197, 23.104170798850379 ], [ 72.554651068687647, 23.104596736155663 ], [ 72.55468326868764, 23.104685535291395 ], [ 72.554842307183563, 23.105061784910379 ], [ 72.555040509693626, 23.105421960621381 ], [ 72.555275983775644, 23.105762623600931 ], [ 72.555290522869257, 23.105779710461345 ] ] ] } },
{ "type": "Feature", "properties": { "version": 1, "visible": null, "lon": null, "timestamp": 1465808157, "tags": { "visible": false }, "changeset": null, "lat": null, "id": 424713830, "natural": "water", "water": null, "wetland": null, "osm_type": "way", "grassland": null, "reef": null, "Risk": "Low" }, "geometry": { "type": "Polygon", "coordinates": [ [ [ 72.650357057742468, 22.991587990102936 ], [ 72.650453557742452, 22.991548491207993 ], [ 72.650856702039889, 22.991360577740874 ], [ 72.651237295599046, 22.991136325418516 ], [ 72.651591486239553, 22.990878003837562 ], [ 72.651915689018338, 22.990588227414346 ], [ 72.652206622514726, 22.990269928930584 ], [ 72.652461342043253, 22.989926329856967 ], [ 72.652677269458479, 22.989560907754704 ], [ 72.652741669458479, 22.989437509390779 ], [ 72.652897238774059, 22.98910231871163 ], [ 72.65302013710965, 22.988755816960335 ], [ 72.653109409404209, 22.988400696776438 ], [ 72.653164361909603, 22.988039717794106 ], [ 72.653185861909606, 22.987832318397317 ], [ 72.653205938836223, 22.987396971100313 ], [ 72.653176138780225, 22.986962094691375 ], [ 72.653096792675655, 22.986532518565195 ], [ 72.653037692675653, 22.986290516940134 ], [ 72.652926577215851, 22.985917851607969 ], [ 72.652778155303253, 22.985556362638199 ], [ 72.652593723354357, 22.985209207620045 ], [ 72.652374892321504, 22.98487941896013 ], [ 72.652123573621694, 22.984569877391142 ], [ 72.651841962440997, 22.984283286804803 ], [ 72.651532518560316, 22.984022150629105 ], [ 72.651436018560332, 22.983948048887147 ], [ 72.651079850899535, 22.983701082811564 ], [ 72.650698839928822, 22.983487844145355 ], [ 72.650296740560307, 22.98331043454716 ], [ 72.649877515535024, 22.983170602555532 ], [ 72.649445296369521, 22.983069726351172 ], [ 72.649004342639259, 22.983008800170143 ], [ 72.648559, 22.982988424502079 ], [ 72.6484463, 22.982988424502079 ], [ 72.64801410921666, 22.98300761170831 ], [ 72.647585929295005, 22.983064995247641 ], [ 72.647165733874658, 22.983160042535221 ], [ 72.646757422496691, 22.983291871425045 ], [ 72.646364784414644, 22.983459258399431 ], [ 72.645991463429098, 22.983660649927558 ], [ 72.64564092407214, 22.983894176887457 ], [ 72.645316419455412, 22.984157671917494 ], [ 72.645020961080263, 22.984448689536112 ], [ 72.644757290890084, 22.984764528842831 ], [ 72.644527855824307, 22.985102258589666 ], [ 72.644334785110004, 22.985458744390055 ], [ 72.644275785109997, 22.985582245912124 ], [ 72.644146545210901, 22.985884461563849 ], [ 72.644043469888246, 22.986195082524958 ], [ 72.64398986988823, 22.98638268398588 ], [ 72.643896047052976, 22.98679570214955 ], [ 72.643848435217521, 22.987215371095054 ], [ 72.643847530182356, 22.987637320605515 ], [ 72.643858530182357, 22.987843520295858 ], [ 72.643898488307116, 22.988226890904549 ], [ 72.643977019230277, 22.988605174992223 ], [ 72.644093441662292, 22.988975090838096 ], [ 72.644141441662285, 22.989104689557625 ], [ 72.644296963487761, 22.989467570739475 ], [ 72.644488941565484, 22.989815343631989 ], [ 72.644715667093848, 22.99014491282831 ], [ 72.644975121983322, 22.990453344968419 ], [ 72.645264996819463, 22.990737894843939 ], [ 72.645582711419181, 22.990996029827869 ], [ 72.645925437796933, 22.991225452411914 ], [ 72.646290125336748, 22.991424120651043 ], [ 72.646673527945794, 22.99159026633356 ], [ 72.64707223294792, 22.991722410715035 ], [ 72.647211732947923, 22.991761909559109 ], [ 72.647657481999019, 22.991865462192777 ], [ 72.648112394612383, 22.991926528217409 ], [ 72.64857170511489, 22.991944467962057 ], [ 72.649030601761069, 22.991919093506777 ], [ 72.649484277141013, 22.991850670650582 ], [ 72.649927978542891, 22.991739916127933 ], [ 72.650357057742468, 22.991587990102936 ] ] ] } },
{ "type": "Feature", "properties": { "version": 1, "visible": null, "lon": null, "timestamp": 1465815747, "tags": { "visible": false }, "changeset": null, "lat": null, "id": 424727309, "natural": "water", "water": null, "wetland": null, "osm_type": "way", "grassland": null, "reef": null, "Risk": "Low" }, "geometry": { "type": "Polygon", "coordinates": [ [ [ 72.616477221586649, 22.96767514450228 ], [ 72.616599274910669, 22.967955364830704 ], [ 72.616791304592581, 22.968299225515857 ], [ 72.617017374670212, 22.968625069842862 ], [ 72.617275508942669, 22.968930049570229 ], [ 72.617563450918539, 22.969211498854879 ], [ 72.617783717272417, 22.969389998690922 ], [ 72.617834607361999, 22.96943360517173 ], [ 72.618178119886664, 22.96969973308191 ], [ 72.618548771046719, 22.969932958321987 ], [ 72.618942857900748, 22.970130951061783 ], [ 72.619356443376148, 22.970291733439641 ], [ 72.619785395601923, 22.970413699315664 ], [ 72.620225429187556, 22.97049563031225 ], [ 72.620672148035723, 22.970536707981918 ], [ 72.621121089260825, 22.970536521980936 ], [ 72.621567767774906, 22.970495074167363 ], [ 72.622007721095343, 22.970412778582453 ], [ 72.62213382109536, 22.97038307946265 ], [ 72.6224598608257, 22.970294055374385 ], [ 72.622777650415472, 22.970182574311924 ], [ 72.623010950415448, 22.970091276882254 ], [ 72.623386349446562, 22.969925047176623 ], [ 72.62374340790447, 22.969727511778235 ], [ 72.624079054689901, 22.969500369577752 ], [ 72.624390402867803, 22.969245574106434 ], [ 72.624500402867795, 22.969146776269813 ], [ 72.624784419332769, 22.968866902952609 ], [ 72.625039093665876, 22.968564035346986 ], [ 72.6252622411385, 22.968240771463034 ], [ 72.625451947475852, 22.967899884290119 ], [ 72.625529290558816, 22.967743449416485 ], [ 72.625583643518596, 22.967653018292982 ], [ 72.625737874078936, 22.967371602786656 ], [ 72.625868376888704, 22.967080188258944 ], [ 72.625943476888708, 22.96689249024363 ], [ 72.626091738272279, 22.966445558928847 ], [ 72.626184289745737, 22.965986078669371 ], [ 72.626219949528846, 22.965519916423812 ], [ 72.626222649528856, 22.96533961649984 ], [ 72.626206742006232, 22.964930221641232 ], [ 72.626146922515531, 22.964524283164785 ], [ 72.626043778017561, 22.964125784268806 ], [ 72.6258983205867, 22.963738635186846 ], [ 72.625711977480293, 22.963366634816452 ], [ 72.625486577134112, 22.963013433439187 ], [ 72.625224331221375, 22.962682496897862 ], [ 72.624927812951327, 22.962377072582719 ], [ 72.624599931820427, 22.96210015756056 ], [ 72.624243905063807, 22.961854469159764 ], [ 72.623863226087096, 22.961642418300155 ], [ 72.623461630188388, 22.961466085829734 ], [ 72.623043057906827, 22.961327202100534 ], [ 72.622884757906832, 22.96128270079884 ], [ 72.622317286113073, 22.961159600011165 ], [ 72.62204638611307, 22.961117698747373 ], [ 72.621587711161212, 22.961068911586331 ], [ 72.621126020145851, 22.961063739928424 ], [ 72.620666191956147, 22.961102238429806 ], [ 72.620290729366801, 22.961169989652184 ], [ 72.620160607114713, 22.961179367629235 ], [ 72.619709084158202, 22.961233221624791 ], [ 72.619265802046598, 22.961328887683109 ], [ 72.618835315576632, 22.961465382732257 ], [ 72.618422048067714, 22.961641304142056 ], [ 72.618030245911569, 22.961854844141186 ], [ 72.617663934939927, 22.962103808398567 ], [ 72.617326879058325, 22.962385638577484 ], [ 72.617022541571529, 22.962697438630641 ], [ 72.616754049597318, 22.963036004565573 ], [ 72.61652416193499, 22.963397857374137 ], [ 72.616335240718143, 22.96377927878768 ], [ 72.61618922714338, 22.964176349489794 ], [ 72.616077327143373, 22.96454045252208 ], [ 72.6159764425623, 22.964945332430982 ], [ 72.615920179773923, 22.965357487081199 ], [ 72.615909106421014, 22.965772758141831 ], [ 72.615943334224127, 22.966186955878062 ], [ 72.616022517854375, 22.966595901422352 ], [ 72.616145858417482, 22.966995468934421 ], [ 72.616312111513992, 22.967381627224718 ], [ 72.616477221586649, 22.96767514450228 ] ] ] } },
{ "type": "Feature", "properties": { "version": 2, "visible": null, "lon": null, "timestamp": 1634607436, "tags": { "visible": false }, "changeset": null, "lat": null, "id": 451825414, "natural": "water", "water": null, "wetland": null, "osm_type": "way", "grassland": null, "reef": null, "Risk": "Low" }, "geometry": { "type": "Polygon", "coordinates": [ [ [ 72.537168974758472, 23.082558187413142 ], [ 72.537121774758475, 23.082634688573791 ], [ 72.536923963500698, 23.082995293231967 ], [ 72.536765370068366, 23.083371941425664 ], [ 72.536664570068368, 23.083651144130538 ], [ 72.536532058741244, 23.084101887635207 ], [ 72.536455675404696, 23.084563505110637 ], [ 72.536441875404691, 23.084697405499099 ], [ 72.536422432936561, 23.085155459266939 ], [ 72.53645826592124, 23.08561267379401 ], [ 72.536548933321342, 23.086063421656839 ], [ 72.53658183332135, 23.086187920752867 ], [ 72.536713007055766, 23.086592846637124 ], [ 72.536888448480809, 23.086983330811737 ], [ 72.537106322999421, 23.087355290113333 ], [ 72.537364352290254, 23.087704835119954 ], [ 72.5376598381321, 23.088028310815844 ], [ 72.537989690619256, 23.088322334804186 ], [ 72.538350460472913, 23.088583832668633 ], [ 72.538738375110213, 23.088810070114111 ], [ 72.539149378094407, 23.088998681551217 ], [ 72.539579171553058, 23.089147694825627 ], [ 72.539754371553059, 23.089199193317633 ], [ 72.540176971644058, 23.089302848759708 ], [ 72.540608527551868, 23.089368203528188 ], [ 72.541044947355232, 23.089394637999234 ], [ 72.54148209301448, 23.089381901549785 ], [ 72.54191581960751, 23.089330114933052 ], [ 72.542342014631132, 23.089239769133997 ], [ 72.54275663699481, 23.089111720715604 ], [ 72.542968836994802, 23.089035422900107 ], [ 72.543356568486786, 23.088876188161684 ], [ 72.543726221384887, 23.088683983865106 ], [ 72.544074492061299, 23.08846052762355 ], [ 72.544398267983382, 23.088207816339104 ], [ 72.544694655530833, 23.087928108361613 ], [ 72.544961005856138, 23.087623903311187 ], [ 72.545194938557742, 23.087297919744561 ], [ 72.545394362953814, 23.086953070864613 ], [ 72.545557496767046, 23.086592438490072 ], [ 72.545682882052944, 23.086219245517643 ], [ 72.545769398229666, 23.085836827122748 ], [ 72.54579949822967, 23.085662927963284 ], [ 72.545845522794082, 23.085286743042122 ], [ 72.545853927610935, 23.084908260933634 ], [ 72.545824642129872, 23.084530658624757 ], [ 72.545820404014464, 23.084506933775153 ], [ 72.545819661895749, 23.084463402527913 ], [ 72.545775441764945, 23.08408639690111 ], [ 72.54569383760267, 23.083714707094099 ], [ 72.545575536681142, 23.083351463544258 ], [ 72.54542153533356, 23.082999725578091 ], [ 72.545233130562949, 23.082662455642833 ], [ 72.545011909118784, 23.082342494353203 ], [ 72.544939209118809, 23.08224729267118 ], [ 72.544656820222698, 23.081914956028776 ], [ 72.544339071273924, 23.081610836171468 ], [ 72.543989273761966, 23.081338102751737 ], [ 72.543611073177317, 23.081099598318925 ], [ 72.543208411019236, 23.080897808686746 ], [ 72.542785483718589, 23.080734837018991 ], [ 72.542346698903799, 23.080612381903919 ], [ 72.541896629465796, 23.080531719646089 ], [ 72.541707929465801, 23.080507018894519 ], [ 72.541262367578327, 23.080469403504317 ], [ 72.540814948352036, 23.080472756469376 ], [ 72.540370111707048, 23.080517044513844 ], [ 72.539932271935541, 23.080601828109607 ], [ 72.539505773896877, 23.080726265839537 ], [ 72.539094849901886, 23.080889122750186 ], [ 72.538703577713918, 23.081088782610991 ], [ 72.538335840083576, 23.081323263958186 ], [ 72.537995286218603, 23.081590239763951 ], [ 72.537685295571393, 23.081887060535387 ], [ 72.537408944303252, 23.082210780613803 ], [ 72.537168974758472, 23.082558187413142 ] ] ] } },
{ "type": "Feature", "properties": { "version": 1, "visible": null, "lon": null, "timestamp": 1478500142, "tags": { "visible": false }, "changeset": null, "lat": null, "id": 451826306, "natural": "water", "water": null, "wetland": null, "osm_type": "way", "grassland": null, "reef": null, "Risk": "Low" }, "geometry": { "type": "Polygon", "coordinates": [ [ [ 72.536940060654103, 23.090584463359324 ], [ 72.537442260654103, 23.090616562374894 ], [ 72.53787569060205, 23.090624973613561 ], [ 72.538307983143454, 23.09059490745582 ], [ 72.538735111003859, 23.090526643974936 ], [ 72.539153095023366, 23.090420819061809 ], [ 72.539558041226925, 23.090278418503139 ], [ 72.539946177100916, 23.090100768800966 ], [ 72.540313886738161, 23.08988952481911 ], [ 72.540657744524069, 23.089646654371375 ], [ 72.540974547049956, 23.089374419894909 ], [ 72.541261342956247, 23.089075357379318 ], [ 72.541515460427647, 23.088752252747426 ], [ 72.541734532083908, 23.088408115907754 ], [ 72.541916517034693, 23.088046152719908 ], [ 72.542059719892535, 23.087669735134082 ], [ 72.542162806567305, 23.08728236978251 ], [ 72.542360206567324, 23.086347275262128 ], [ 72.542422374874391, 23.08595104199637 ], [ 72.542442566989735, 23.085551132793789 ], [ 72.542420593354663, 23.085151301889802 ], [ 72.542356660252324, 23.084755302818156 ], [ 72.542251367871344, 23.084366853173059 ], [ 72.542105704671243, 23.083989599707341 ], [ 72.541921038103126, 23.083627084094644 ], [ 72.541810138103116, 23.083434281322976 ], [ 72.541584428194952, 23.083084658146763 ], [ 72.541322455121545, 23.082757136450216 ], [ 72.541026756046435, 23.082454888396398 ], [ 72.540700194763545, 23.082180841384734 ], [ 72.540345933961902, 23.081937649692712 ], [ 72.539967404595586, 23.081727668762699 ], [ 72.539807104595596, 23.081648366616037 ], [ 72.539385366169682, 23.081465027416609 ], [ 72.538945233073761, 23.081322914281202 ], [ 72.538491452179088, 23.081223560044236 ], [ 72.538028917549582, 23.081168036344888 ], [ 72.537562617658878, 23.081156942065238 ], [ 72.537371017658884, 23.08116154220658 ], [ 72.536891862911986, 23.081196715908003 ], [ 72.536419537876341, 23.081278793784538 ], [ 72.535959451981768, 23.081406835732452 ], [ 72.535863951981753, 23.081438636651495 ], [ 72.535460923388726, 23.081593624479954 ], [ 72.535076166264886, 23.08178389492166 ], [ 72.534713319787656, 23.082007648181754 ], [ 72.534375815895388, 23.082262767756426 ], [ 72.534066846826747, 23.082546840457702 ], [ 72.533789334927292, 23.082857179244762 ], [ 72.533545905008864, 23.083190848645511 ], [ 72.533338859523084, 23.083544692527902 ], [ 72.533170156783996, 23.083915363957868 ], [ 72.533094356784005, 23.084107665972809 ], [ 72.532924893977452, 23.084651011069777 ], [ 72.532842093977465, 23.085006713359157 ], [ 72.532761522232107, 23.085492265308986 ], [ 72.532744152827561, 23.085983180140065 ], [ 72.532761452827557, 23.086573879651048 ], [ 72.532794999851859, 23.086978699932409 ], [ 72.532871573280545, 23.087378536090291 ], [ 72.532990433799583, 23.087769527780537 ], [ 72.533150433814299, 23.088147900083904 ], [ 72.533350028529597, 23.088509999949203 ], [ 72.533587290864702, 23.088852331458693 ], [ 72.533859930059194, 23.089171589575464 ], [ 72.53416531379014, 23.089464692047194 ], [ 72.53450049358716, 23.089728809158458 ], [ 72.534862233299762, 23.089961391044604 ], [ 72.535247040342298, 23.090160192303784 ], [ 72.535651199414801, 23.090323293669719 ], [ 72.536070808374021, 23.090449120536217 ], [ 72.536501815908551, 23.090536458154876 ], [ 72.536940060654103, 23.090584463359324 ] ] ] } },
{ "type": "Feature", "properties": { "version": 2, "visible": null, "lon": null, "timestamp": 1479736231, "tags": { "visible": false }, "changeset": null, "lat": null, "id": 454798783, "natural": "water", "water": "lake", "wetland": null, "osm_type": "way", "grassland": null, "reef": null, "Risk": "Low" }, "geometry": { "type": "Polygon", "coordinates": [ [ [ 72.53939531509306, 23.160910022229494 ], [ 72.539390734684673, 23.160907996763992 ], [ 72.53897663384609, 23.160768970885925 ], [ 72.538549704003728, 23.160667937581891 ], [ 72.538361560342878, 23.160641132387333 ], [ 72.537953627251724, 23.16054464373855 ], [ 72.537518103751623, 23.160482632260582 ], [ 72.537078066792773, 23.160460161648153 ], [ 72.536637752878534, 23.160477448259421 ], [ 72.536493080110631, 23.160496306008209 ], [ 72.536254100404292, 23.160505738277163 ], [ 72.535817690794261, 23.160562722885668 ], [ 72.53538945784689, 23.160658761794025 ], [ 72.534973525800567, 23.160792929985149 ], [ 72.534573900425812, 23.160963935195824 ], [ 72.534194430446334, 23.161170130366564 ], [ 72.533838770472698, 23.161409529509452 ], [ 72.533510345805396, 23.161679826840903 ], [ 72.533212319446264, 23.161978418994863 ], [ 72.532947561636334, 23.162302430102201 ], [ 72.532741261636318, 23.162582534945084 ], [ 72.532512332397701, 23.162928826351717 ], [ 72.53241018637371, 23.163124254407485 ], [ 72.532154569819966, 23.163438187552 ], [ 72.531895969819971, 23.163790593629869 ], [ 72.531667679708264, 23.16413724719434 ], [ 72.531477445672962, 23.164502802723906 ], [ 72.531327099716449, 23.16488373968544 ], [ 72.53121808970873, 23.165276389443378 ], [ 72.531151465443997, 23.165676970594046 ], [ 72.531127868531001, 23.166081625384852 ], [ 72.531147526213985, 23.166486456867514 ], [ 72.531210249184497, 23.166887566427373 ], [ 72.531315433404259, 23.167281091327474 ], [ 72.531462065922369, 23.167663241905732 ], [ 72.531648734630195, 23.168030338067176 ], [ 72.531873641860372, 23.168378844719854 ], [ 72.532134621698802, 23.168705405813366 ], [ 72.532429160842909, 23.169006876652439 ], [ 72.532622742991336, 23.16916963896178 ], [ 72.532738199393762, 23.169287740944714 ], [ 72.533063528755946, 23.169561113243894 ], [ 72.533416435506084, 23.169803855199305 ], [ 72.533688931965898, 23.169972773339218 ], [ 72.533734832625328, 23.170030227017691 ], [ 72.534029239158315, 23.170331671074194 ], [ 72.53435435945876, 23.170605141341692 ], [ 72.534707064067277, 23.170848005699362 ], [ 72.534838064067273, 23.170929303621037 ], [ 72.535215189267802, 23.17113933934705 ], [ 72.535612898276085, 23.171314368425843 ], [ 72.536027358363711, 23.171452704239389 ], [ 72.53645457537182, 23.171553013758558 ], [ 72.536890432202895, 23.171614330385125 ], [ 72.537330728497281, 23.171636063263541 ], [ 72.537771221112195, 23.171618002972952 ], [ 72.538207665012848, 23.171560323544664 ], [ 72.538635854182047, 23.17146358078562 ], [ 72.539051662153511, 23.171328706923987 ], [ 72.539451081778822, 23.171157001628544 ], [ 72.539830263844294, 23.170950119488001 ], [ 72.540185554165987, 23.170710054071101 ], [ 72.540513528805064, 23.170439118720566 ], [ 72.540811027064407, 23.170139924266024 ], [ 72.541075181948258, 23.169815353870266 ], [ 72.54146228194827, 23.169287562970961 ], [ 72.541690595633384, 23.168940661514757 ], [ 72.541783069477617, 23.168762811395727 ], [ 72.541986135643853, 23.168486732862245 ], [ 72.542013029207396, 23.168445992800969 ], [ 72.54204100455172, 23.168410964614527 ], [ 72.542169649562837, 23.168236398516388 ], [ 72.542305080900718, 23.16810080728861 ], [ 72.542570050757874, 23.167776748581524 ], [ 72.542769250757871, 23.167506453257328 ], [ 72.54299828218592, 23.167160232205894 ], [ 72.543189299991226, 23.166795039252968 ], [ 72.543340464702823, 23.166414391007969 ], [ 72.543450320628693, 23.166021952936884 ], [ 72.543517809873833, 23.165621504068909 ], [ 72.543542282527582, 23.165216900608275 ], [ 72.543523502922199, 23.164812038801763 ], [ 72.543461651902305, 23.164410817419199 ], [ 72.543357325083292, 23.164017100208344 ], [ 72.543211527115815, 23.16363467868571 ], [ 72.543025662010962, 23.16326723562166 ], [ 72.542801519619999, 23.162918309571637 ], [ 72.542541258398373, 23.162591260795132 ], [ 72.54224738462004, 23.162289238890889 ], [ 72.54192272824254, 23.162015152460189 ], [ 72.541570415654931, 23.16177164109062 ], [ 72.541246815654915, 23.161570035944234 ], [ 72.540870232076571, 23.161359440726137 ], [ 72.540473010644135, 23.161183795275527 ], [ 72.540058976684364, 23.161044791235788 ], [ 72.53963211743222, 23.16094376736115 ], [ 72.53939531509306, 23.160910022229494 ] ] ] } },
{ "type": "Feature", "properties": { "version": 1, "visible": null, "lon": null, "timestamp": 1479728278, "tags": { "visible": false, "golf": "water_hazard" }, "changeset": null, "lat": null, "id": 454862685, "natural": "water", "water": null, "wetland": null, "osm_type": "way", "grassland": null, "reef": null, "Risk": "Low" }, "geometry": { "type": "Polygon", "coordinates": [ [ [ 72.532177819072686, 23.173899865510439 ], [ 72.532381347037017, 23.174133791176065 ], [ 72.532417947037018, 23.17417209039629 ], [ 72.532753993344429, 23.174487926351041 ], [ 72.533124822728098, 23.174768946677005 ], [ 72.533270338981268, 23.174857042299905 ], [ 72.533377407617635, 23.174932517209164 ], [ 72.533812586516007, 23.175172908831993 ], [ 72.533893386515999, 23.175212007764653 ], [ 72.534252906761125, 23.175367712988656 ], [ 72.534625991277494, 23.175493593469692 ], [ 72.535009719229762, 23.175588663789405 ], [ 72.535401086456361, 23.175652179719574 ], [ 72.535797028988711, 23.175683644046526 ], [ 72.535900628988713, 23.17568764392324 ], [ 72.536413644492796, 23.175680487547588 ], [ 72.536922425150863, 23.175619592859363 ], [ 72.537026125150859, 23.175601593404991 ], [ 72.537430257604143, 23.175513481224911 ], [ 72.537823808585586, 23.175391427374841 ], [ 72.538203412849683, 23.175236475443306 ], [ 72.538565824409019, 23.175049950309113 ], [ 72.538655324409021, 23.174998751650119 ], [ 72.538978945066901, 23.174795084259905 ], [ 72.539282006015284, 23.174566240379907 ], [ 72.539562196662757, 23.174313964632901 ], [ 72.539625496662751, 23.174251765943772 ], [ 72.539948366846289, 23.173896531439951 ], [ 72.540225955683923, 23.173510304410502 ], [ 72.540454774302589, 23.17309793890049 ], [ 72.540512574302596, 23.172977540400073 ], [ 72.540652251868821, 23.172649340287922 ], [ 72.540760978448986, 23.172311385085809 ], [ 72.540771878448993, 23.172271285385694 ], [ 72.540856034753332, 23.171883643052109 ], [ 72.540899486681113, 23.171490377956232 ], [ 72.540901836035744, 23.171095093974127 ], [ 72.540863061287581, 23.170701413514806 ], [ 72.540783517771189, 23.170312944324301 ], [ 72.540663934429062, 23.169933246422893 ], [ 72.540505407131562, 23.169565799478626 ], [ 72.540309388634228, 23.169213970916125 ], [ 72.540077675264669, 23.168880985053075 ], [ 72.539812390460838, 23.168569893547378 ], [ 72.539628420732129, 23.168392179216934 ], [ 72.539545792800965, 23.168278589543707 ], [ 72.539257436796404, 23.167957589568562 ], [ 72.538935389286991, 23.167664913583611 ], [ 72.538582923712937, 23.167403536678076 ], [ 72.538203622697651, 23.167176115798426 ], [ 72.537801341632502, 23.166984962734219 ], [ 72.537380169488699, 23.166832020612755 ], [ 72.536944387255133, 23.166718844141805 ], [ 72.536498424424451, 23.166646583801437 ], [ 72.536046813969577, 23.166615974145859 ], [ 72.53559414626848, 23.166627326334361 ], [ 72.535145022445533, 23.166680524967422 ], [ 72.534704007603438, 23.166775029260091 ], [ 72.534553507603448, 23.166814730437075 ], [ 72.534448135840293, 23.166843815747576 ], [ 72.534339235840292, 23.166875216671677 ], [ 72.533868006651474, 23.167038285765294 ], [ 72.533419590417168, 23.16724881872598 ], [ 72.533349690417168, 23.167286319724958 ], [ 72.532928335599166, 23.167542620864488 ], [ 72.532540955446606, 23.167840804753752 ], [ 72.532192451376687, 23.168177098285824 ], [ 72.532121751376707, 23.168253499812781 ], [ 72.531858315169288, 23.168567573838065 ], [ 72.531628868139876, 23.168903433142482 ], [ 72.531435526925193, 23.169257979289842 ], [ 72.531403126925198, 23.169325280129996 ], [ 72.531258280070531, 23.169666239726467 ], [ 72.531146845861571, 23.170017651504317 ], [ 72.531069699934875, 23.170376754040888 ], [ 72.53105719993485, 23.170452454391338 ], [ 72.531009939288381, 23.170906547743563 ], [ 72.53101744959784, 23.171362661165688 ], [ 72.531079639207604, 23.171815228269089 ], [ 72.531091339207606, 23.171874027942721 ], [ 72.531189042859523, 23.172259585402355 ], [ 72.531326459554037, 23.172634768264349 ], [ 72.531502326205214, 23.172996128081095 ], [ 72.531715026308589, 23.173340343485176 ], [ 72.531962604799588, 23.173664250713593 ], [ 72.531997504799605, 23.173705549932009 ], [ 72.532177819072686, 23.173899865510439 ] ] ] } },
{ "type": "Feature", "properties": { "version": 1, "visible": null, "lon": null, "timestamp": 1479728278, "tags": { "visible": false, "golf": "water_hazard" }, "changeset": null, "lat": null, "id": 454862686, "natural": "water", "water": null, "wetland": null, "osm_type": "way", "grassland": null, "reef": null, "Risk": "Low" }, "geometry": { "type": "Polygon", "coordinates": [ [ [ 72.533569318162137, 23.174333681144738 ], [ 72.533732976006334, 23.174456979474456 ], [ 72.534131461466856, 23.174697191624364 ], [ 72.534555386477123, 23.17489724193026 ], [ 72.534999979655154, 23.17505487896036 ], [ 72.535460236993586, 23.175168328622917 ], [ 72.53549153699359, 23.175174428438833 ], [ 72.535904130155089, 23.175236549614038 ], [ 72.536321219051487, 23.175263133541907 ], [ 72.536739189826392, 23.175253949907834 ], [ 72.537154420982404, 23.175209078275852 ], [ 72.537563314759453, 23.175128907399518 ], [ 72.5379623283076, 23.175014131854763 ], [ 72.538348004383863, 23.174865746023958 ], [ 72.538374604383861, 23.174854146347261 ], [ 72.538772974574741, 23.174657254810523 ], [ 72.539147785506742, 23.174424529745806 ], [ 72.539495236558224, 23.174158330829236 ], [ 72.539811804539497, 23.173861357154394 ], [ 72.540094279418454, 23.173536619870941 ], [ 72.540339796870569, 23.173187411659146 ], [ 72.540545867323431, 23.172817273349398 ], [ 72.54055726732345, 23.172793973644232 ], [ 72.540713140876264, 23.172430289434995 ], [ 72.540830907994675, 23.172054683497951 ], [ 72.540909513284433, 23.171670521816985 ], [ 72.540948252308056, 23.171281247077317 ], [ 72.540946777897858, 23.170890347815263 ], [ 72.540942777897854, 23.170818047701975 ], [ 72.540903912967963, 23.170446925014716 ], [ 72.54082879425313, 23.170080536947967 ], [ 72.540718034164186, 23.169721870558401 ], [ 72.540662734164187, 23.169569369070746 ], [ 72.540473296473408, 23.169131854090249 ], [ 72.54023090779171, 23.168717011361935 ], [ 72.539938720376668, 23.168330236137983 ], [ 72.539869420376675, 23.168248834590518 ], [ 72.539605503247515, 23.167966100424838 ], [ 72.539314941129405, 23.167706385906534 ], [ 72.539000099369161, 23.167471805404556 ], [ 72.538663540964237, 23.167264268679158 ], [ 72.538592240964221, 23.167224467629872 ], [ 72.538162330301049, 23.167012949635161 ], [ 72.53771001344856, 23.166845521816047 ], [ 72.537610113448565, 23.16681422090225 ], [ 72.537191363469262, 23.166703543620908 ], [ 72.536762919435517, 23.166630688887821 ], [ 72.536328813095579, 23.166596342343418 ], [ 72.536215213095588, 23.166592442223216 ], [ 72.535770930205558, 23.166597407403362 ], [ 72.535329354684876, 23.166642704316601 ], [ 72.53489480759805, 23.166727889666607 ], [ 72.534809607598049, 23.16674869028666 ], [ 72.534394008425608, 23.166870296350545 ], [ 72.533993197265673, 23.167028386532593 ], [ 72.533610953276849, 23.167221470109709 ], [ 72.533250880551989, 23.16744772639316 ], [ 72.532916374136079, 23.167705021900911 ], [ 72.532610588015132, 23.167990930479888 ], [ 72.532336405377933, 23.168302756188073 ], [ 72.53209641143107, 23.168637558720484 ], [ 72.531892869023693, 23.168992181139068 ], [ 72.531727697311496, 23.169363279644763 ], [ 72.531602453661563, 23.169747355110864 ], [ 72.531518318968168, 23.170140786080086 ], [ 72.531476086518452, 23.170539862914083 ], [ 72.531476154512731, 23.170940822773275 ], [ 72.531518522309923, 23.171339885097069 ], [ 72.531602790433539, 23.17173328724996 ], [ 72.531728164338347, 23.172117319997266 ], [ 72.531893461901916, 23.172488362476191 ], [ 72.531968361901903, 23.172635660552029 ], [ 72.532166670713323, 23.172981875979765 ], [ 72.532399735478819, 23.17330927996338 ], [ 72.532665463415142, 23.173614932757737 ], [ 72.532961468443105, 23.173896089940062 ], [ 72.533285092613198, 23.174150227047505 ], [ 72.533569318162137, 23.174333681144738 ] ] ] } },
{ "type": "Feature", "properties": { "version": 1, "visible": null, "lon": null, "timestamp": 1479729755, "tags": { "visible": false, "golf": "water_hazard" }, "changeset": null, "lat": null, "id": 454865432, "natural": "water", "water": null, "wetland": null, "osm_type": "way", "grassland": null, "reef": null, "Risk": "Low" }, "geometry": { "type": "Polygon", "coordinates": [ [ [ 72.533050449813757, 23.165898755799819 ], [ 72.532971377677683, 23.165922589003326 ], [ 72.532897977677706, 23.165946589700745 ], [ 72.532320674896454, 23.166178470873785 ], [ 72.532267874896448, 23.166203871567898 ], [ 72.531882852885175, 23.166412146515729 ], [ 72.531522238779417, 23.16665455329403 ], [ 72.531189599761973, 23.166928693844671 ], [ 72.530888226287075, 23.16723185619238 ], [ 72.530621099531132, 23.167561041278866 ], [ 72.530390861903285, 23.167912992636762 ], [ 72.530199790906494, 23.168284228609561 ], [ 72.530049776608791, 23.168671076798582 ], [ 72.529942302946637, 23.169069710395917 ], [ 72.52987843304598, 23.16947618604377 ], [ 72.529858798705774, 23.169886482845467 ], [ 72.529883594148231, 23.170296542142133 ], [ 72.529952574097678, 23.170702307661443 ], [ 72.530065056206737, 23.171099765641337 ], [ 72.530219927806058, 23.171484984531769 ], [ 72.530415656910932, 23.171854153881853 ], [ 72.530650307375467, 23.17220362202794 ], [ 72.530921558045037, 23.172529932209912 ], [ 72.531226725716948, 23.17282985675876 ], [ 72.531253925716968, 23.172854056222356 ], [ 72.531580837770449, 23.173117950093832 ], [ 72.531933987559654, 23.173351529851711 ], [ 72.532310061902649, 23.173552604260482 ], [ 72.532705532543773, 23.173719287029812 ], [ 72.533116689255181, 23.173850014505692 ], [ 72.53353967464534, 23.173943560335417 ], [ 72.533970520348419, 23.173999046969026 ], [ 72.534405184254652, 23.17401595388932 ], [ 72.534839588432646, 23.173994122493511 ], [ 72.53526965738773, 23.173933757580603 ], [ 72.535691356297434, 23.173835425430777 ], [ 72.535788161866691, 23.173803412449594 ], [ 72.53596291559775, 23.173802343287935 ], [ 72.536113160536942, 23.173784933645919 ], [ 72.53614421054462, 23.173785356474557 ], [ 72.536610875791141, 23.173746834726678 ], [ 72.537070636797921, 23.173663830619816 ], [ 72.53751849053684, 23.173537247306584 ], [ 72.537555090536841, 23.173524947662926 ], [ 72.53796150093406, 23.173367164242524 ], [ 72.538349113608533, 23.173173488749185 ], [ 72.538714189154518, 23.172945789472237 ], [ 72.539053205588118, 23.172686262921559 ], [ 72.539362892324874, 23.172397412643672 ], [ 72.539386792324862, 23.172372813149146 ], [ 72.539659060261272, 23.172063834445495 ], [ 72.539897737727557, 23.171732211509248 ], [ 72.540100611324021, 23.171381019522926 ], [ 72.540265799681862, 23.171013515160244 ], [ 72.540391770910063, 23.17063310639023 ], [ 72.540398170910066, 23.170609806566187 ], [ 72.540491698746507, 23.170169982652776 ], [ 72.540532830183821, 23.169723429491583 ], [ 72.540521080746743, 23.169275406862013 ], [ 72.540456588828462, 23.168831191904459 ], [ 72.540450188828473, 23.168800091726141 ], [ 72.540355659767016, 23.168433292382193 ], [ 72.540225141236064, 23.168075945444485 ], [ 72.54005972088413, 23.167731028875398 ], [ 72.539860777206655, 23.167401417070977 ], [ 72.539629968058662, 23.167089856904205 ], [ 72.539613568058655, 23.167069756532204 ], [ 72.539193475816234, 23.166624907713924 ], [ 72.539175275816234, 23.166608207349363 ], [ 72.538863715245768, 23.166347942427155 ], [ 72.538527019962231, 23.166115636528353 ], [ 72.538168147501892, 23.165913330381745 ], [ 72.537790250205646, 23.165742801187061 ], [ 72.537396647528823, 23.165605546999128 ], [ 72.537353347528807, 23.16559254661799 ], [ 72.536904612565294, 23.165481080476745 ], [ 72.536445750265557, 23.165412848516226 ], [ 72.535981674960212, 23.165388581554566 ], [ 72.535517356810217, 23.165408539510342 ], [ 72.535057768577374, 23.165472508617867 ], [ 72.535037799959582, 23.165476268725719 ], [ 72.534932337071396, 23.165475436523316 ], [ 72.534433871662642, 23.165522827280533 ], [ 72.534356471662647, 23.165534227627703 ], [ 72.533997110207181, 23.165601091987419 ], [ 72.533644877903413, 23.165694680497193 ], [ 72.533513877903417, 23.165734881673252 ], [ 72.533248800743266, 23.165824842690981 ], [ 72.533050449813757, 23.165898755799819 ] ] ] } },
{ "type": "Feature", "properties": { "version": 1, "visible": null, "lon": null, "timestamp": 1479729755, "tags": { "visible": false, "golf": "water_hazard" }, "changeset": null, "lat": null, "id": 454865433, "natural": "water", "water": null, "wetland": null, "osm_type": "way", "grassland": null, "reef": null, "Risk": "Low" }, "geometry": { "type": "Polygon", "coordinates": [ [ [ 72.531167252895401, 23.166949484473541 ], [ 72.531142752895406, 23.16697088495204 ], [ 72.530829794078585, 23.16727335800713 ], [ 72.530551652740485, 23.167603334807421 ], [ 72.530535352740486, 23.167624835186601 ], [ 72.530298941540451, 23.167972229962935 ], [ 72.530101146473143, 23.168339455325452 ], [ 72.52994391540318, 23.16872289473033 ], [ 72.529828796725241, 23.169118771984738 ], [ 72.529756924115745, 23.169523188439175 ], [ 72.529729005368438, 23.169932161384597 ], [ 72.529745315424137, 23.170341663276055 ], [ 72.529805693663178, 23.170747661396423 ], [ 72.529909545487115, 23.17114615756962 ], [ 72.530055848174342, 23.171533227532301 ], [ 72.530243160951684, 23.171905059576233 ], [ 72.530469639183011, 23.172257992081075 ], [ 72.530733052534984, 23.172588549568051 ], [ 72.531030806941175, 23.172893476919707 ], [ 72.531359970148102, 23.173169771428984 ], [ 72.531717300591851, 23.173414712362305 ], [ 72.532099279320477, 23.173625887745786 ], [ 72.532502144648504, 23.17380121811108 ], [ 72.532528944648476, 23.173811417820378 ], [ 72.532961001891692, 23.173952565666365 ], [ 72.533406461208969, 23.174052482607419 ], [ 72.533860680230504, 23.174110127448827 ], [ 72.534318925296972, 23.174124899497695 ], [ 72.534776420791445, 23.174096644820761 ], [ 72.535228398908714, 23.174025657848063 ], [ 72.53567014934309, 23.173912678305658 ], [ 72.536097068377032, 23.173758883509279 ], [ 72.536504706858963, 23.17356587609931 ], [ 72.536888816570269, 23.173335667344499 ], [ 72.5372453944982, 23.173070656188294 ], [ 72.537570724553476, 23.172773604255866 ], [ 72.537605724553487, 23.172738204990328 ], [ 72.537885122942185, 23.172426218734707 ], [ 72.538130010087627, 23.17209061776779 ], [ 72.538338040424549, 23.17173461636018 ], [ 72.538507221407727, 23.171361624197239 ], [ 72.538635932596705, 23.170975213726273 ], [ 72.538722941176729, 23.170579085943967 ], [ 72.538767413766791, 23.170177034951514 ], [ 72.53876892440185, 23.169772911616771 ], [ 72.538727458612826, 23.169370586691464 ], [ 72.53864341356514, 23.168973913736611 ], [ 72.538517594254699, 23.16858669221125 ], [ 72.538351205797426, 23.168212631078106 ], [ 72.53814584188649, 23.167855313274845 ], [ 72.537903469527748, 23.167518161391445 ], [ 72.537626410199422, 23.167204404882408 ], [ 72.537317317616655, 23.166917049128383 ], [ 72.537296317616637, 23.166899348725995 ], [ 72.536950188467713, 23.166635660592799 ], [ 72.536577123956476, 23.166405100277963 ], [ 72.5361808607596, 23.166209977288727 ], [ 72.53576536791563, 23.16605224616832 ], [ 72.535334807070541, 23.165933486912557 ], [ 72.534893490793891, 23.16585488913897 ], [ 72.53444583938348, 23.165817240167211 ], [ 72.533996336590818, 23.165820917130276 ], [ 72.533549484711202, 23.165865883195679 ], [ 72.533109759487971, 23.165951687934566 ], [ 72.532681565282601, 23.16607747183485 ], [ 72.532269190960022, 23.166241974913397 ], [ 72.531876766930552, 23.166443549340602 ], [ 72.531508223779028, 23.166680175950901 ], [ 72.531167252895401, 23.166949484473541 ] ] ] } },
{ "type": "Feature", "properties": { "version": 1, "visible": null, "lon": null, "timestamp": 1479729755, "tags": { "visible": false, "golf": "water_hazard" }, "changeset": null, "lat": null, "id": 454865434, "natural": "water", "water": null, "wetland": null, "osm_type": "way", "grassland": null, "reef": null, "Risk": "Low" }, "geometry": { "type": "Polygon", "coordinates": [ [ [ 72.53639514311017, 23.166397429800533 ], [ 72.536367443110166, 23.166383429422144 ], [ 72.535974781615323, 23.166207262062791 ], [ 72.53556536017139, 23.166067003037185 ], [ 72.535143052961843, 23.165963979672259 ], [ 72.53471185610276, 23.165899166921715 ], [ 72.534275849829257, 23.165873178137204 ], [ 72.533839159885886, 23.165886259262301 ], [ 72.533405918486551, 23.165938286504399 ], [ 72.532980225212981, 23.166028767506564 ], [ 72.532566108222127, 23.166156846008153 ], [ 72.532167486129495, 23.166321309950181 ], [ 72.531788130928817, 23.166520602948527 ], [ 72.531431632299345, 23.166752839026255 ], [ 72.531101363638129, 23.16701582046554 ], [ 72.530800450139068, 23.167307058609989 ], [ 72.530696450139075, 23.167418060844337 ], [ 72.530352754678177, 23.167835795999519 ], [ 72.530305654678173, 23.16790129711362 ], [ 72.530100955340075, 23.168215408145706 ], [ 72.529927328241257, 23.168544954925995 ], [ 72.529786138666239, 23.168887346020274 ], [ 72.529755738666239, 23.168972246839083 ], [ 72.529641037104213, 23.169353043270064 ], [ 72.529566449662738, 23.169742174078905 ], [ 72.52955844966273, 23.169799974303945 ], [ 72.529525426864922, 23.170172755150713 ], [ 72.529529229232352, 23.170546752801275 ], [ 72.52953282923238, 23.170607252699341 ], [ 72.529578036080792, 23.171007688663483 ], [ 72.529665443986374, 23.171402173149865 ], [ 72.529794222096641, 23.171786956470097 ], [ 72.529963146316106, 23.172158381179983 ], [ 72.530170610942037, 23.172512916841498 ], [ 72.530178410942014, 23.172524816652043 ], [ 72.530474077721948, 23.172921617113332 ], [ 72.530545077721968, 23.173005915521337 ], [ 72.530827886489291, 23.1733100322529 ], [ 72.531141383856905, 23.173587558099801 ], [ 72.531482626437565, 23.173835887579774 ], [ 72.531848410347649, 23.174052689327095 ], [ 72.532235301288139, 23.174235927975133 ], [ 72.532639666788796, 23.174383883260237 ], [ 72.533057710312832, 23.174495166167823 ], [ 72.533485506902323, 23.174568731969185 ], [ 72.533919040029005, 23.174603890026841 ], [ 72.534354239304974, 23.174600310276528 ], [ 72.53478701869912, 23.17455802632497 ], [ 72.535213314900219, 23.174477435134481 ], [ 72.535629125466969, 23.174359293297289 ], [ 72.53603054640638, 23.174204709934557 ], [ 72.536413808827831, 23.174015136286634 ], [ 72.53677531432875, 23.173792352092178 ], [ 72.537111668779559, 23.173538448883807 ], [ 72.537419714190719, 23.173255810356977 ], [ 72.537696558362668, 23.172947089996118 ], [ 72.537712058362658, 23.172927990348427 ], [ 72.537966077337629, 23.172579317649269 ], [ 72.538180288986808, 23.172208742121487 ], [ 72.538352480798068, 23.17182009113592 ], [ 72.538480874266483, 23.171417378784021 ], [ 72.538513533983746, 23.171255543573409 ], [ 72.538617773670666, 23.17090405772953 ], [ 72.53869168522273, 23.170501792884465 ], [ 72.538722058814159, 23.17009478498527 ], [ 72.538708597967371, 23.169687006823839 ], [ 72.538651434074126, 23.16928243874678 ], [ 72.538551125112974, 23.16888502980272 ], [ 72.538408650202868, 23.168498659193659 ], [ 72.53822540004586, 23.168127098406835 ], [ 72.538003163352528, 23.167773974396752 ], [ 72.537744109382217, 23.167442734177023 ], [ 72.537450766768913, 23.167136611167717 ], [ 72.537125998839073, 23.166858593627122 ], [ 72.5367729756627, 23.166611395476149 ], [ 72.53639514311017, 23.166397429800533 ] ] ] } },
{ "type": "Feature", "properties": { "version": 1, "visible": null, "lon": null, "timestamp": 1479729755, "tags": { "visible": false, "golf": "water_hazard" }, "changeset": null, "lat": null, "id": 454865435, "natural": "water", "water": null, "wetland": null, "osm_type": "way", "grassland": null, "reef": null, "Risk": "Low" }, "geometry": { "type": "Polygon", "coordinates": [ [ [ 72.530065099805697, 23.172228752655958 ], [ 72.53011804727312, 23.172391905239525 ], [ 72.530283614124684, 23.172764820380291 ], [ 72.530487914239387, 23.173121130880041 ], [ 72.530729003714896, 23.173457446613178 ], [ 72.531004588600553, 23.173770567719579 ], [ 72.531312046724054, 23.17405751504495 ], [ 72.531337446724052, 23.174079014557037 ], [ 72.531672544677278, 23.174336150014696 ], [ 72.53203320985547, 23.174562168968738 ], [ 72.532416036149215, 23.17475493706657 ], [ 72.532817408160369, 23.17491263396013 ], [ 72.533233535345602, 23.175033770491634 ], [ 72.533660487814302, 23.175117202752404 ], [ 72.534094233442232, 23.175162142882112 ], [ 72.534530675950776, 23.175168166506587 ], [ 72.534965693592099, 23.175135216744177 ], [ 72.535395178074751, 23.175063604742718 ], [ 72.535815073362244, 23.174954006742126 ], [ 72.536221413978097, 23.174807457690349 ], [ 72.536610362455718, 23.174625341472797 ], [ 72.536978245579206, 23.174409377847464 ], [ 72.537321589073187, 23.174161606208891 ], [ 72.537371789073177, 23.174121607141313 ], [ 72.537617448202425, 23.173910556842376 ], [ 72.537694933852976, 23.173833222241228 ], [ 72.537751061350662, 23.173780833334053 ], [ 72.538035019066797, 23.173489370805168 ], [ 72.538287693197802, 23.173174507474357 ], [ 72.538506814940718, 23.172839070397011 ], [ 72.538690416765107, 23.172486071375385 ], [ 72.538727616765101, 23.172404872347592 ], [ 72.538869143099788, 23.172051777457416 ], [ 72.538975116200405, 23.171688303084768 ], [ 72.539044655960311, 23.171317467812401 ], [ 72.539077184851763, 23.170942351379185 ], [ 72.539072432722307, 23.170566069104428 ], [ 72.539068932722316, 23.170509869005343 ], [ 72.539017943728311, 23.170082567525576 ], [ 72.53891891103541, 23.16966245335178 ], [ 72.53877290787517, 23.169254079410372 ], [ 72.538581516504763, 23.168861871435666 ], [ 72.538550116504751, 23.168805570643357 ], [ 72.538359097149126, 23.16849658968372 ], [ 72.538139886086014, 23.168203853057246 ], [ 72.537894107136623, 23.167929529344271 ], [ 72.537623580925654, 23.167675650735958 ], [ 72.537578980925659, 23.167637249871468 ], [ 72.537220016379479, 23.167359082853064 ], [ 72.536831430946336, 23.167116881851786 ], [ 72.53641746988707, 23.166913293093366 ], [ 72.536280856160801, 23.166862158222489 ], [ 72.536166290526836, 23.166802518996647 ], [ 72.535757813345043, 23.166636718343302 ], [ 72.535333448525023, 23.166509023795136 ], [ 72.534897389957521, 23.166420697435715 ], [ 72.534453947099664, 23.166372612250733 ], [ 72.534007502385634, 23.166365243497442 ], [ 72.533562467916241, 23.166398664006088 ], [ 72.533123241855137, 23.166472543459872 ], [ 72.532694164963033, 23.166586151660585 ], [ 72.53227947769885, 23.166738365747605 ], [ 72.531883278312506, 23.166927681298723 ], [ 72.531509482342884, 23.167152227203076 ], [ 72.531161783921462, 23.167409784158881 ], [ 72.530843619264289, 23.167697806612981 ], [ 72.53083521926429, 23.167706206788328 ], [ 72.530556785448411, 23.168013234205318 ], [ 72.530311947005018, 23.168343573135054 ], [ 72.5301029983289, 23.168694127792289 ], [ 72.529931897489817, 23.169061612964217 ], [ 72.529800247883344, 23.169442584801796 ], [ 72.529709283205307, 23.169833473096975 ], [ 72.529659855890813, 23.17023061474298 ], [ 72.529652429126003, 23.170630288064167 ], [ 72.529687072507514, 23.171028747693526 ], [ 72.52976346139026, 23.171422259670898 ], [ 72.529880879929749, 23.171807136433149 ], [ 72.530038227790257, 23.172179771368295 ], [ 72.530065099805697, 23.172228752655958 ] ] ] } },
{ "type": "Feature", "properties": { "version": 1, "visible": null, "lon": null, "timestamp": 1479729755, "tags": { "visible": false, "golf": "water_hazard" }, "changeset": null, "lat": null, "id": 454865436, "natural": "water", "water": null, "wetland": null, "osm_type": "way", "grassland": null, "reef": null, "Risk": "Low" }, "geometry": { "type": "Polygon", "coordinates": [ [ [ 72.532006396625306, 23.167509034562091 ], [ 72.531797197084813, 23.167619272158166 ], [ 72.53142820080835, 23.167862254928682 ], [ 72.531087762200173, 23.168138233677546 ], [ 72.530779357672927, 23.168444390033773 ], [ 72.530506136520998, 23.168777597464683 ], [ 72.530270888761308, 23.169134453210646 ], [ 72.530076016642809, 23.169511313040296 ], [ 72.530072316642787, 23.169519513137207 ], [ 72.529922598075444, 23.169904038600453 ], [ 72.529814930280807, 23.170300279288931 ], [ 72.529750366536064, 23.170704358829084 ], [ 72.52972953844619, 23.171112324196166 ], [ 72.529752649765314, 23.171520184387418 ], [ 72.529819474403254, 23.17192394946532 ], [ 72.529929358637517, 23.172319669589065 ], [ 72.530081227508205, 23.172703473652362 ], [ 72.53027359533418, 23.173071607149694 ], [ 72.530504580246841, 23.173420468900741 ], [ 72.530771922599882, 23.173746646273905 ], [ 72.530790522599872, 23.173767145868851 ], [ 72.531087651062293, 23.174063870016802 ], [ 72.531414850266174, 23.174332530161031 ], [ 72.531768998710888, 23.174570563443325 ], [ 72.53214671779844, 23.17477569918038 ], [ 72.532544404065391, 23.174945980519862 ], [ 72.532958263560218, 23.175079783102984 ], [ 72.532997363560241, 23.175090482786622 ], [ 72.533445440681405, 23.175190399938852 ], [ 72.533902299319905, 23.175247561815713 ], [ 72.534363125331382, 23.175261366129348 ], [ 72.534823062765327, 23.175231667430303 ], [ 72.535277265034637, 23.175158778639624 ], [ 72.535720945986455, 23.175043467752698 ], [ 72.536149430336195, 23.174886949749389 ], [ 72.536558202933378, 23.174690873795768 ], [ 72.536596802933389, 23.1746699743513 ], [ 72.536956601916998, 23.174453186315503 ], [ 72.537292190714496, 23.174205748559643 ], [ 72.537600490869778, 23.173929930740844 ], [ 72.537878674253591, 23.173628262851107 ], [ 72.537973545977067, 23.173502772842131 ], [ 72.538013735012925, 23.173456290022202 ], [ 72.538085046811489, 23.173355286800248 ], [ 72.538124189006808, 23.173303512015011 ], [ 72.538140758588241, 23.173276378781548 ], [ 72.53824807583176, 23.173124378632597 ], [ 72.538446782067709, 23.172773369163991 ], [ 72.538608028945461, 23.172406484897937 ], [ 72.538730335689635, 23.172027094919567 ], [ 72.538812579122947, 23.171638683182568 ], [ 72.53885400398083, 23.171244816518403 ], [ 72.538854229847161, 23.170849111883374 ], [ 72.538813254647749, 23.170455203144321 ], [ 72.53873145466936, 23.170066707707758 ], [ 72.538609581104225, 23.169687193299048 ], [ 72.53844875315157, 23.169320145196721 ], [ 72.538250447739728, 23.168968934222825 ], [ 72.538016485963098, 23.168636785783466 ], [ 72.537749016358461, 23.16832675024397 ], [ 72.537731516358491, 23.168308349870394 ], [ 72.537426695383317, 23.168017819171439 ], [ 72.53709247590804, 23.167756037743789 ], [ 72.536732051680787, 23.167525507304518 ], [ 72.536348866858077, 23.167328430932383 ], [ 72.53594658309305, 23.167166692009214 ], [ 72.535529044545342, 23.167041836216878 ], [ 72.535100241146836, 23.16695505676195 ], [ 72.534664270474536, 23.166907182969688 ], [ 72.534225298594791, 23.166898672356275 ], [ 72.533787520252986, 23.16692960625528 ], [ 72.53335511878926, 23.166999689040125 ], [ 72.532932226163169, 23.167108250950122 ], [ 72.532522883469312, 23.167254254492903 ], [ 72.532131002321321, 23.167436304362035 ], [ 72.532006396625306, 23.167509034562091 ] ] ] } },
{ "type": "Feature", "properties": { "version": 1, "visible": null, "lon": null, "timestamp": 1479729755, "tags": { "visible": false, "golf": "water_hazard" }, "changeset": null, "lat": null, "id": 454865437, "natural": "water", "water": null, "wetland": null, "osm_type": "way", "grassland": null, "reef": null, "Risk": "Low" }, "geometry": { "type": "Polygon", "coordinates": [ [ [ 72.530820927587499, 23.173756647298394 ], [ 72.530858124431361, 23.17381011419608 ], [ 72.531109366781166, 23.174107568203354 ], [ 72.531389043637077, 23.174382740854863 ], [ 72.531425343637068, 23.174415340135496 ], [ 72.531741381191381, 23.174673579991289 ], [ 72.532082433309483, 23.174903354588473 ], [ 72.532146433309492, 23.174942353585685 ], [ 72.532463963696216, 23.175118934617615 ], [ 72.532796266976362, 23.175270815052997 ], [ 72.533141074666261, 23.175396958158721 ], [ 72.533202774666279, 23.175416857579449 ], [ 72.533620155766926, 23.175530908584463 ], [ 72.534047588484952, 23.175607270111303 ], [ 72.534481055791431, 23.175645224576357 ], [ 72.53491648394413, 23.175644415314846 ], [ 72.535349780772691, 23.175604849931538 ], [ 72.535776874137028, 23.175526900229304 ], [ 72.536193750197469, 23.175411298716202 ], [ 72.536596491136962, 23.175259131723795 ], [ 72.536981311980782, 23.175071829201357 ], [ 72.537344596168069, 23.174851151281779 ], [ 72.537682929540154, 23.174599171745076 ], [ 72.537993132427175, 23.174318258534964 ], [ 72.538272289530582, 23.174011051511165 ], [ 72.538517777321303, 23.173680437646411 ], [ 72.538727288695711, 23.173329523900964 ], [ 72.538898854658001, 23.17296160802935 ], [ 72.539030862824674, 23.17258014759339 ], [ 72.53912207257801, 23.172188727472641 ], [ 72.539171626725235, 23.171791026177292 ], [ 72.539179059554598, 23.171390781280078 ], [ 72.539177459554594, 23.171343981234727 ], [ 72.539140933029771, 23.170932512692438 ], [ 72.539059897417715, 23.170526452447202 ], [ 72.538935162724329, 23.170129859414143 ], [ 72.538767975757509, 23.169746697911147 ], [ 72.538560007664458, 23.169380798028747 ], [ 72.538313337227308, 23.169035817340554 ], [ 72.538030430084476, 23.168715204337083 ], [ 72.537936532420304, 23.168628216050621 ], [ 72.53789121087604, 23.168575950134223 ], [ 72.537811810876036, 23.168492248437353 ], [ 72.537417240982435, 23.168125342751591 ], [ 72.537359340982434, 23.168077841658448 ], [ 72.537036867257754, 23.167836964178033 ], [ 72.536881445043448, 23.167741339521513 ], [ 72.536754340056547, 23.167657396348311 ], [ 72.536371993639364, 23.167454003844302 ], [ 72.535969764761518, 23.167286123633893 ], [ 72.535551543929245, 23.167155379652662 ], [ 72.53512137632886, 23.167063036614959 ], [ 72.534683422700212, 23.167009987776854 ], [ 72.534241919092494, 23.166996746293151 ], [ 72.533801135891594, 23.167023440252166 ], [ 72.533365336515416, 23.167089811436334 ], [ 72.532938736176391, 23.16719521782073 ], [ 72.532525461110552, 23.167338639785179 ], [ 72.532129508666884, 23.167518689979939 ], [ 72.53210140866689, 23.16753309036789 ], [ 72.53171919359518, 23.167752770581483 ], [ 72.531362853311748, 23.168006564323484 ], [ 72.531035976702384, 23.168291915320836 ], [ 72.530741855909085, 23.168605949465341 ], [ 72.530483453173204, 23.168945503767979 ], [ 72.530263371001212, 23.169307158222651 ], [ 72.530083825953554, 23.169687270258038 ], [ 72.529946626320495, 23.170082011430409 ], [ 72.529853153909926, 23.17048740598748 ], [ 72.529804350130433, 23.170899370914746 ], [ 72.529800706509874, 23.171313757060723 ], [ 72.529842259745053, 23.171726390926889 ], [ 72.529928591332023, 23.172133116701186 ], [ 72.530058831781076, 23.172529838111998 ], [ 72.530231669373876, 23.172912559680835 ], [ 72.530445363374355, 23.173277426958624 ], [ 72.530697761560646, 23.173620765340324 ], [ 72.530820927587499, 23.173756647298394 ] ] ] } },
{ "type": "Feature", "properties": { "version": 1, "visible": null, "lon": null, "timestamp": 1479729756, "tags": { "visible": false, "golf": "water_hazard" }, "changeset": null, "lat": null, "id": 454865438, "natural": "water", "water": null, "wetland": null, "osm_type": "way", "grassland": null, "reef": null, "Risk": "Low" }, "geometry": { "type": "Polygon", "coordinates": [ [ [ 72.5302215509099, 23.171549311167265 ], [ 72.530222350909909, 23.171593311144587 ], [ 72.530252680291156, 23.172008264305383 ], [ 72.530328258801447, 23.172418306804577 ], [ 72.530448319762186, 23.172819279179638 ], [ 72.530611645258759, 23.173207114012055 ], [ 72.530816578495262, 23.173577877183682 ], [ 72.53106104060123, 23.173927807779762 ], [ 72.531342551720059, 23.174253356233724 ], [ 72.531658256164917, 23.174551220327363 ], [ 72.532004951387236, 23.174818378681316 ], [ 72.532379120463844, 23.175052121396458 ], [ 72.532776967773074, 23.175250077535772 ], [ 72.533194457498055, 23.175410239168119 ], [ 72.533627354566619, 23.17553098173039 ], [ 72.534071267612376, 23.175611080501682 ], [ 72.534521693521441, 23.175649723022698 ], [ 72.534677093521424, 23.175655822834699 ], [ 72.534843464338479, 23.175659516450253 ], [ 72.534940264338474, 23.175660016434826 ], [ 72.535225496578491, 23.175652658482203 ], [ 72.535335258071598, 23.175657201987629 ], [ 72.535766125010198, 23.175656019666359 ], [ 72.5358386250102, 23.175652619771103 ], [ 72.536246780649279, 23.175616248389623 ], [ 72.536649626931606, 23.175545807833071 ], [ 72.537043806055621, 23.175441885183904 ], [ 72.537104506055613, 23.175423085733502 ], [ 72.537633485599102, 23.175223971784153 ], [ 72.537692585599103, 23.175197572516655 ], [ 72.53821288170964, 23.174924308439952 ], [ 72.53826698170964, 23.174891309288203 ], [ 72.53862713698642, 23.174647024096739 ], [ 72.538959058019671, 23.174370999505957 ], [ 72.539259448960294, 23.174065976147393 ], [ 72.539525327040934, 23.173734982599246 ], [ 72.539754052193786, 23.173381305321215 ], [ 72.539943353265414, 23.173008456028285 ], [ 72.54009135056846, 23.172620136827323 ], [ 72.540196574546201, 23.172220203462278 ], [ 72.540257980364757, 23.17181262703275 ], [ 72.540274958287768, 23.171401454565931 ], [ 72.540247339730939, 23.170990768833171 ], [ 72.540175398936, 23.170584647810159 ], [ 72.540059850247587, 23.1701871241833 ], [ 72.539901841020054, 23.169802145304313 ], [ 72.539702940224672, 23.169433533990787 ], [ 72.539465122870396, 23.169084950562144 ], [ 72.539190750392763, 23.168759856488141 ], [ 72.539156550392761, 23.168723255752507 ], [ 72.538850020594921, 23.1684263462157 ], [ 72.538513020702027, 23.168158797316305 ], [ 72.538148862551054, 23.167923238551033 ], [ 72.537761124874407, 23.167721985027448 ], [ 72.537353618130169, 23.167557014705608 ], [ 72.536930347055289, 23.167429948953572 ], [ 72.536495471309195, 23.167342036608257 ], [ 72.536053264595296, 23.167294141698275 ], [ 72.53560807266139, 23.167286734949709 ], [ 72.53516427059229, 23.167319889158446 ], [ 72.534928201951146, 23.167359439181318 ], [ 72.534599119992166, 23.167352305286954 ], [ 72.534161931732612, 23.167382129530235 ], [ 72.533729988348867, 23.167450994731507 ], [ 72.53330740466113, 23.167558244800983 ], [ 72.532898206326308, 23.167702857952133 ], [ 72.532506291488531, 23.167883456438929 ], [ 72.532135393644211, 23.1680983196852 ], [ 72.531789046075673, 23.1683454006807 ], [ 72.531470548192104, 23.168622345487627 ], [ 72.531182934098354, 23.16892651567143 ], [ 72.530928943691137, 23.169255013442019 ], [ 72.530710996558071, 23.169604709265634 ], [ 72.530531168927865, 23.169972271684053 ], [ 72.530391173891616, 23.170354199056845 ], [ 72.530292345083311, 23.170746852924083 ], [ 72.530235623975415, 23.171146492671419 ], [ 72.5302215509099, 23.171549311167265 ] ] ] } },
{ "type": "Feature", "properties": { "version": 1, "visible": null, "lon": null, "timestamp": 1482726716, "tags": { "visible": false }, "changeset": null, "lat": null, "id": 461795950, "natural": "water", "water": "pond", "wetland": null, "osm_type": "way", "grassland": null, "reef": null, "Risk": "Low" }, "geometry": { "type": "Polygon", "coordinates": [ [ [ 72.537111389602032, 23.010863396982536 ], [ 72.538382789602039, 23.011347383277819 ], [ 72.538803972559379, 23.011485547702822 ], [ 72.53923799326094, 23.011584483210402 ], [ 72.539680550542087, 23.011643209432311 ], [ 72.540127258640197, 23.011661144441771 ], [ 72.540573690657922, 23.011638110518273 ], [ 72.541015422433901, 23.01157433590819 ], [ 72.541448076386317, 23.011470452563632 ], [ 72.54186736489504, 23.011327489882053 ], [ 72.542269132792072, 23.011146864508476 ], [ 72.542649398539481, 23.010930366301292 ], [ 72.543004393686559, 23.010680140600499 ], [ 72.543330600215469, 23.010398666973892 ], [ 72.543624785404788, 23.010088734651539 ], [ 72.544077985404783, 23.009560344683894 ], [ 72.54432976864102, 23.00923573838481 ], [ 72.544546396859687, 23.008890309840318 ], [ 72.544725853849812, 23.008527273889918 ], [ 72.54486646936202, 23.008150009268476 ], [ 72.5449669346539, 23.007762027164361 ], [ 72.545026314670807, 23.007366938543747 ], [ 72.545044056748594, 23.006968420545416 ], [ 72.545019995757514, 23.006570182258407 ], [ 72.544954355638993, 23.006175930201145 ], [ 72.544847747321398, 23.005789333823294 ], [ 72.544701163033992, 23.005413991351414 ], [ 72.544515967072044, 23.005053396296393 ], [ 72.544293883098931, 23.004710904934484 ], [ 72.54403697810362, 23.004389705064721 ], [ 72.54374764316276, 23.004092786333818 ], [ 72.54342857118624, 23.003822912404733 ], [ 72.543082731853758, 23.003582595228334 ], [ 72.541835631853743, 23.002799975417734 ], [ 72.541456976815482, 23.00258678282195 ], [ 72.541057310414601, 23.002409033419831 ], [ 72.540640535800577, 23.002268463258357 ], [ 72.54021072320208, 23.002166445266262 ], [ 72.539772070176937, 23.002103975841433 ], [ 72.539328860618753, 23.002081665116588 ], [ 72.53888542292033, 23.002099730998587 ], [ 72.538446087702496, 23.002157997039554 ], [ 72.538015145521143, 23.002255894160733 ], [ 72.537596804965673, 23.00239246621209 ], [ 72.537195151557711, 23.002566379313429 ], [ 72.536814107851939, 23.002775934885545 ], [ 72.536457395128252, 23.00301908624408 ], [ 72.536128497049788, 23.003293458593745 ], [ 72.535830625641267, 23.00359637222741 ], [ 72.535566689920429, 23.00392486870323 ], [ 72.535339267488453, 23.004275739743978 ], [ 72.534861767488451, 23.005102751634912 ], [ 72.534674439684707, 23.005469522343112 ], [ 72.534527025138516, 23.005851412290156 ], [ 72.534420940416467, 23.006244751627104 ], [ 72.534357204930018, 23.006645760512267 ], [ 72.534336431139465, 23.007050585436414 ], [ 72.53435881866865, 23.007455336254687 ], [ 72.534424152386677, 23.00785612356924 ], [ 72.534531804475137, 23.008249096103345 ], [ 72.534680740461155, 23.008630477707896 ], [ 72.534869529158016, 23.008996603644729 ], [ 72.535096356417995, 23.009343955798219 ], [ 72.535359042565346, 23.009669196477013 ], [ 72.535655063341565, 23.00996920048123 ], [ 72.535981574162093, 23.010241085127255 ], [ 72.5363354374511, 23.010482237941783 ], [ 72.536713252791742, 23.010690341759389 ], [ 72.537111389602032, 23.010863396982536 ] ] ] } },
{ "type": "Feature", "properties": { "version": 3, "visible": null, "lon": null, "timestamp": 1496084172, "tags": { "visible": false, "addr:city": "Gandhinagar", "addr:postcode": "382424", "addr:street": "Serenade Farm, Survey no. 121, Sughad, Near Koba circle" }, "changeset": null, "lat": null, "id": 483688320, "natural": "water", "water": "pond", "wetland": null, "osm_type": "way", "grassland": null, "reef": null, "Risk": "Low" }, "geometry": { "type": "Polygon", "coordinates": [ [ [ 72.633508855562454, 23.129617766811954 ], [ 72.63363996311125, 23.129718434210346 ], [ 72.634007728208161, 23.129948157896504 ], [ 72.634398387330947, 23.13014332119829 ], [ 72.634808113079714, 23.130302012199191 ], [ 72.635232891253381, 23.130422676289566 ], [ 72.635668560177891, 23.130504131392467 ], [ 72.636110851479415, 23.130545579540733 ], [ 72.63655543190275, 23.130546614692076 ], [ 72.636997945765515, 23.130507226705756 ], [ 72.637764045765508, 23.130403629861835 ], [ 72.638193007222981, 23.130325843015182 ], [ 72.63861171224427, 23.130210070551179 ], [ 72.639016193356511, 23.130057409384431 ], [ 72.639402617866565, 23.129869305944936 ], [ 72.639767324178109, 23.129647542476967 ], [ 72.640106856487336, 23.129394220156779 ], [ 72.640417997528701, 23.129111739188808 ], [ 72.640697799060419, 23.128802776068852 ], [ 72.640943609800658, 23.128470258229342 ], [ 72.641153100550156, 23.128117336306719 ], [ 72.641324286262559, 23.127747354293515 ], [ 72.641455544853926, 23.127363817857638 ], [ 72.641545632573028, 23.126970361128912 ], [ 72.641593695786469, 23.126570712267387 ], [ 72.641599279067407, 23.126168658139523 ], [ 72.641562329511032, 23.125768008436896 ], [ 72.641483197235829, 23.125372559577315 ], [ 72.641167797235823, 23.124137550883543 ], [ 72.641043041111843, 23.123739775832036 ], [ 72.640875617167524, 23.123355481798821 ], [ 72.640667207107683, 23.122988528991705 ], [ 72.640419904325825, 23.122642603457908 ], [ 72.640136192876867, 23.122321180052914 ], [ 72.639818922525862, 23.122027487529952 ], [ 72.63947128012326, 23.12176447610101 ], [ 72.639096757594288, 23.121534787795479 ], [ 72.638699116864018, 23.121340729914554 ], [ 72.638282352070362, 23.121184251848288 ], [ 72.637850649444601, 23.121066925488385 ], [ 72.637408345262415, 23.120989929433861 ], [ 72.636959882287755, 23.12095403714833 ], [ 72.63650976514711, 23.120959609188091 ], [ 72.636062515082386, 23.121006589579139 ], [ 72.635622624536907, 23.121094506379638 ], [ 72.634189624536916, 23.121450916971337 ], [ 72.633780619582481, 23.121572229863066 ], [ 72.633386093180064, 23.121728935909584 ], [ 72.63300965701518, 23.121919600426839 ], [ 72.632654757166549, 23.122142477839031 ], [ 72.632324642559013, 23.12239552766356 ], [ 72.632022335221365, 23.122676433196307 ], [ 72.631750602621125, 23.1229826227258 ], [ 72.63151193233, 23.12331129308199 ], [ 72.631308509251213, 23.123659435303804 ], [ 72.631142195618025, 23.12402386219021 ], [ 72.631014513945885, 23.124401237482477 ], [ 72.630926633094546, 23.124788106410257 ], [ 72.630879357567835, 23.125180927321665 ], [ 72.630873120148792, 23.125576104107697 ], [ 72.630907977937753, 23.125970019124086 ], [ 72.630983611829677, 23.126359066309149 ], [ 72.631099329435315, 23.12673968419444 ], [ 72.631254071419775, 23.127108388506056 ], [ 72.631513671419768, 23.127648481782874 ], [ 72.631717142863451, 23.128019991858654 ], [ 72.631960213608181, 23.128370797213769 ], [ 72.63224041853826, 23.128697340311653 ], [ 72.632554915939536, 23.12899630968565 ], [ 72.63290051631887, 23.129264673514786 ], [ 72.633273714750473, 23.129499710363319 ], [ 72.633508855562454, 23.129617766811954 ] ] ] } },
{ "type": "Feature", "properties": { "version": 2, "visible": null, "lon": null, "timestamp": 1691665979, "tags": { "visible": false, "name": "Kund" }, "changeset": null, "lat": null, "id": 530535814, "natural": "water", "water": null, "wetland": null, "osm_type": "way", "grassland": null, "reef": null, "Risk": "Low" }, "geometry": { "type": "Polygon", "coordinates": [ [ [ 72.496456879712127, 23.084270575298035 ], [ 72.496610979712116, 23.084239976217305 ], [ 72.497036834742374, 23.084135053526598 ], [ 72.497449456984555, 23.083992230159879 ], [ 72.497844871189656, 23.083812881975291 ], [ 72.498219267892765, 23.083598736691112 ], [ 72.498569040114006, 23.083351857246249 ], [ 72.49889081810845, 23.083074621931793 ], [ 72.499181501830776, 23.082769701484956 ], [ 72.499438290801351, 23.082440033365788 ], [ 72.49965871108634, 23.082088793464187 ], [ 72.499840639131961, 23.081719365509535 ], [ 72.499982322223005, 23.08133530847746 ], [ 72.500082395368622, 23.080940322307413 ], [ 72.5001398944529, 23.080538212261281 ], [ 72.500154265523179, 23.080132852266065 ], [ 72.500125370126966, 23.079728147593844 ], [ 72.500053486645768, 23.079327997238373 ], [ 72.500020286645764, 23.079186696320956 ], [ 72.499906099736236, 23.078794932483184 ], [ 72.499750712561024, 23.078415353929515 ], [ 72.499555622312187, 23.078051618107132 ], [ 72.499322708730304, 23.077707229838797 ], [ 72.499054215992629, 23.077385507547572 ], [ 72.498752731090022, 23.077089551276845 ], [ 72.498421158900555, 23.076822212814051 ], [ 72.498062694200513, 23.076586068206087 ], [ 72.497680790881759, 23.076383392931721 ], [ 72.497279128672844, 23.076216139970253 ], [ 72.496861577683845, 23.07608592097813 ], [ 72.496432161116999, 23.075993990755101 ], [ 72.495995016502178, 23.075941235149724 ], [ 72.495554355830805, 23.075928162520935 ], [ 72.495114424972371, 23.075954898838155 ], [ 72.49467946276441, 23.07602118646707 ], [ 72.494525362764406, 23.076051887389088 ], [ 72.494099725617986, 23.076157038552132 ], [ 72.493687338759017, 23.07630005917747 ], [ 72.493292172503658, 23.076479572194394 ], [ 72.492918031374131, 23.076693849172266 ], [ 72.492568517470119, 23.076940826966698 ], [ 72.492246995789017, 23.077218127588978 ], [ 72.491956561828871, 23.077523081107124 ], [ 72.491700011786094, 23.077852751357963 ], [ 72.491479815634591, 23.078203964222254 ], [ 72.491298093345719, 23.078573338190559 ], [ 72.491156594478028, 23.078957316925166 ], [ 72.491056681332992, 23.079352203504413 ], [ 72.490999315839389, 23.079754196019589 ], [ 72.490985050292053, 23.080159424181364 ], [ 72.491014022034733, 23.08056398658341 ], [ 72.491085952137581, 23.08096398826417 ], [ 72.491119152137586, 23.081105187346761 ], [ 72.491233330829999, 23.081496727528648 ], [ 72.491388665578853, 23.081876089568688 ], [ 72.491583661257565, 23.082239622153018 ], [ 72.491816440995549, 23.082583826353279 ], [ 72.492084764243387, 23.082905389299032 ], [ 72.492386048338673, 23.08320121605858 ], [ 72.492717393364472, 23.083468459421621 ], [ 72.493075610061737, 23.083704547297369 ], [ 72.493457250526404, 23.083907207464556 ], [ 72.493858641396201, 23.084074489435494 ], [ 72.494275919207411, 23.084204783223939 ], [ 72.494705067581535, 23.084296834836351 ], [ 72.495141955883582, 23.084349758337613 ], [ 72.495582378980316, 23.084363044375277 ], [ 72.496022097715397, 23.084336565080445 ], [ 72.496456879712127, 23.084270575298035 ] ] ] } },
{ "type": "Feature", "properties": { "version": 3, "visible": null, "lon": null, "timestamp": 1736428583, "tags": { "visible": false, "intermittent": "yes" }, "changeset": null, "lat": null, "id": 550891920, "natural": "water", "water": "lake", "wetland": null, "osm_type": "way", "grassland": null, "reef": null, "Risk": "Low" }, "geometry": { "type": "Polygon", "coordinates": [ [ [ 72.501236170357814, 23.033470181974366 ], [ 72.501267570357825, 23.033574081120456 ], [ 72.501389710164247, 23.033918860519041 ], [ 72.501544216960994, 23.034252460427869 ], [ 72.50159981696099, 23.03435925901249 ], [ 72.501804443374084, 23.034708280570442 ], [ 72.502044473936763, 23.035037648268201 ], [ 72.502317699092899, 23.035344330328218 ], [ 72.502621603719803, 23.0356255038106 ], [ 72.502953390280695, 23.035878580593089 ], [ 72.503310004576917, 23.036101231189413 ], [ 72.503688163862734, 23.036291406186884 ], [ 72.503762663862716, 23.036324705268097 ], [ 72.504115052523488, 23.036465407005306 ], [ 72.50447921632653, 23.036577885744332 ], [ 72.504852491780838, 23.03666131888815 ], [ 72.505024791780855, 23.036692717943346 ], [ 72.505523808570217, 23.036757139061713 ], [ 72.506027526216045, 23.036769716442979 ], [ 72.506327226216044, 23.036761716688268 ], [ 72.506529028884728, 23.036752145331835 ], [ 72.506726928884717, 23.036738645744801 ], [ 72.506854257862642, 23.036728281654106 ], [ 72.506991657862642, 23.036715282050768 ], [ 72.5074157456108, 23.036656212818713 ], [ 72.507831777155232, 23.036560187117122 ], [ 72.508235958674518, 23.036428080533401 ], [ 72.508363458674523, 23.036379981898545 ], [ 72.508733437829989, 23.036221990687011 ], [ 72.509086317540877, 23.03603376455446 ], [ 72.509419187922404, 23.035816855511072 ], [ 72.509729304089021, 23.03557305207875 ], [ 72.509831804089018, 23.035484754056039 ], [ 72.510166485335148, 23.03516364141985 ], [ 72.510461720879761, 23.034811282313779 ], [ 72.510714089706667, 23.034431759440139 ], [ 72.510773789706661, 23.034330060922784 ], [ 72.510962059295551, 23.033968420509897 ], [ 72.511111364337097, 23.033591692200517 ], [ 72.511220299633209, 23.033203421496342 ], [ 72.511287839929395, 23.03280726255899 ], [ 72.511313349563963, 23.032406943821648 ], [ 72.511296588450648, 23.032006232900606 ], [ 72.511283888450649, 23.031872232543495 ], [ 72.511231154674476, 23.031505912305445 ], [ 72.511143083315829, 23.031145388892156 ], [ 72.511020378203597, 23.03079354351139 ], [ 72.510982078203583, 23.030698542497863 ], [ 72.510805042544121, 23.030318792441655 ], [ 72.510587692500792, 23.029957205830037 ], [ 72.510332200170964, 23.029617396355111 ], [ 72.510041118828568, 23.029302760094989 ], [ 72.509717357408007, 23.029016441567837 ], [ 72.509364151433431, 23.028761302299564 ], [ 72.508985030684499, 23.028539892219484 ], [ 72.50858378392131, 23.028354424170203 ], [ 72.508164421021249, 23.028206751786609 ], [ 72.507939599578037, 23.02815050555348 ], [ 72.507557332121166, 23.028018630759441 ], [ 72.50716061439573, 23.027918748441262 ], [ 72.506900214395728, 23.027864846828503 ], [ 72.506566809337528, 23.027807908037516 ], [ 72.506229686899204, 23.027774280061788 ], [ 72.506133886899221, 23.027768079872114 ], [ 72.505613913569647, 23.027762199103702 ], [ 72.505096686510711, 23.027811667776756 ], [ 72.504938586510704, 23.027835368494145 ], [ 72.504532047877518, 23.027914229982173 ], [ 72.504135166295512, 23.028027325283627 ], [ 72.503751337590316, 23.028173686639967 ], [ 72.503383845903571, 23.028352061638049 ], [ 72.503035835592996, 23.028560923929671 ], [ 72.502710284328472, 23.028798486295717 ], [ 72.502409977614178, 23.029062715942704 ], [ 72.502137484955171, 23.029351351900932 ], [ 72.502078284955161, 23.029420253211594 ], [ 72.501822091012315, 23.029750546415404 ], [ 72.501602323441418, 23.030102366176187 ], [ 72.501421100387176, 23.030472321460415 ], [ 72.501280168497928, 23.030856846462914 ], [ 72.501180886091191, 23.031252234979643 ], [ 72.501148886091187, 23.031415935868598 ], [ 72.501101198558004, 23.031727539149685 ], [ 72.501079406889687, 23.032041577313667 ], [ 72.501073406889702, 23.032256377482963 ], [ 72.501083980760342, 23.032665268358191 ], [ 72.501138412895202, 23.033071194627091 ], [ 72.501236170357814, 23.033470181974366 ] ] ] } },
{ "type": "Feature", "properties": { "version": 2, "visible": null, "lon": null, "timestamp": 1693805918, "tags": { "visible": false }, "changeset": null, "lat": null, "id": 621306280, "natural": "water", "water": "lake", "wetland": null, "osm_type": "way", "grassland": null, "reef": null, "Risk": "Low" }, "geometry": { "type": "Polygon", "coordinates": [ [ [ 72.467768323579406, 22.963324290492956 ], [ 72.467750004907799, 22.9636419127728 ], [ 72.46776732536749, 22.964030491015226 ], [ 72.467824211498908, 22.964415851990513 ], [ 72.467920160251069, 22.964794587946511 ], [ 72.46805432313748, 22.965163349744504 ], [ 72.468225513739355, 22.965518876473599 ], [ 72.468432218197364, 22.965858024284028 ], [ 72.468523818197383, 22.965993022096242 ], [ 72.468784251496572, 22.966336759705356 ], [ 72.469081133353697, 22.966654461366524 ], [ 72.469411414634479, 22.966942864309399 ], [ 72.469771703174857, 22.96719900667896 ], [ 72.470158298620262, 22.967420257947289 ], [ 72.470567230430262, 22.967604345922691 ], [ 72.470994298658113, 22.967749380079063 ], [ 72.471201360063375, 22.967808912031408 ], [ 72.471372871360913, 22.967865278442272 ], [ 72.471800415080637, 22.967984083599525 ], [ 72.472238659302278, 22.968063209828923 ], [ 72.472683271525412, 22.968101874955419 ], [ 72.473129856295259, 22.968099696768736 ], [ 72.473573998656406, 22.96805669680057 ], [ 72.474011307799131, 22.967973300111741 ], [ 72.474437460467243, 22.967850331091608 ], [ 72.47484824369792, 22.967689005310987 ], [ 72.475239596471184, 22.967490917509188 ], [ 72.47534709301901, 22.967422897388165 ], [ 72.475637094362966, 22.967265081803326 ], [ 72.475749294362984, 22.967197583531703 ], [ 72.476106019388723, 22.966959193912988 ], [ 72.476435648680948, 22.966689758246766 ], [ 72.476735007728919, 22.966391871168884 ], [ 72.477001213541001, 22.966068401317141 ], [ 72.477056713541003, 22.96599360260771 ], [ 72.477260469280139, 22.965691949636259 ], [ 72.477435357612279, 22.965375308882773 ], [ 72.477580088157225, 22.965046016523718 ], [ 72.477645688157224, 22.964876118264396 ], [ 72.477783542100966, 22.964446725507898 ], [ 72.477808354739821, 22.964320525907169 ], [ 72.477815059378045, 22.964301557431423 ], [ 72.477891459378043, 22.964048359504396 ], [ 72.477998422216899, 22.963597808452363 ], [ 72.478050236625492, 22.963139091631049 ], [ 72.478064136625491, 22.962871792022028 ], [ 72.478062584240234, 22.962448325330143 ], [ 72.478014009444934, 22.962027223439868 ], [ 72.477918921528953, 22.961612901496764 ], [ 72.477778317455176, 22.961209703600517 ], [ 72.477593671407078, 22.960821857255119 ], [ 72.477366919332582, 22.960453429040115 ], [ 72.477100438646232, 22.96010828196771 ], [ 72.476797023302865, 22.959790034973167 ], [ 72.476459854504043, 22.959502024963594 ], [ 72.476259554504054, 22.959347721344432 ], [ 72.475901609533423, 22.959098858899569 ], [ 72.475518493866389, 22.958884108136964 ], [ 72.475114027822926, 22.958705610656896 ], [ 72.474692244622858, 22.958565146531843 ], [ 72.474257350167818, 22.958464116550193 ], [ 72.474074150167809, 22.958430415539571 ], [ 72.473572540411325, 22.958364969045274 ], [ 72.473066117271031, 22.958351952582305 ], [ 72.472561323645635, 22.958391531765908 ], [ 72.472433123645629, 22.958408332274555 ], [ 72.472002961566758, 22.958484572428095 ], [ 72.471582910978199, 22.958599033963942 ], [ 72.471176967349251, 22.95875062804275 ], [ 72.470788991965591, 22.958937912598309 ], [ 72.470633425612391, 22.959031848447143 ], [ 72.47034924582438, 22.959157849126125 ], [ 72.46996572227367, 22.959373825048537 ], [ 72.469607567276697, 22.959624020496356 ], [ 72.469278368857829, 22.959905928809917 ], [ 72.468981424952261, 22.96021672562112 ], [ 72.468719710366969, 22.960553297155698 ], [ 72.468554810366982, 22.960789501061736 ], [ 72.468349641685506, 22.961115062240289 ], [ 72.468177469129444, 22.961456449895667 ], [ 72.468039718853376, 22.96181083610734 ], [ 72.467966518853359, 22.962030138077687 ], [ 72.467856774083472, 22.962428402150756 ], [ 72.467790490906737, 22.962834726367301 ], [ 72.467768323579406, 22.9632451 ], [ 72.467768323579406, 22.963324290492956 ] ] ] } },
{ "type": "Feature", "properties": { "version": 3, "visible": null, "lon": null, "timestamp": 1736428583, "tags": { "visible": false, "intermittent": "yes", "name": "Sargasan Lake" }, "changeset": null, "lat": null, "id": 655923300, "natural": "water", "water": "lake", "wetland": null, "osm_type": "way", "grassland": null, "reef": null, "Risk": "Low" }, "geometry": { "type": "Polygon", "coordinates": [ [ [ 72.615030168655366, 23.191476433690969 ], [ 72.615196468655384, 23.191530732111488 ], [ 72.615626330994104, 23.19164921661833 ], [ 72.616066910631616, 23.191727680161595 ], [ 72.616513809319102, 23.191765339520899 ], [ 72.616962565725487, 23.191761818782297 ], [ 72.617408699974334, 23.19171715308962 ], [ 72.617847758365841, 23.191631788293765 ], [ 72.618275357837618, 23.191506576503457 ], [ 72.618687229720109, 23.191342767581791 ], [ 72.618883029720095, 23.191253970040005 ], [ 72.619268472880478, 23.191056974778498 ], [ 72.61963104057655, 23.190826183017883 ], [ 72.619967237360257, 23.190563819610155 ], [ 72.620273822020607, 23.190272413774615 ], [ 72.620547838831598, 23.189954774720928 ], [ 72.620730238831612, 23.18972057892913 ], [ 72.620960122045787, 23.189393927794669 ], [ 72.621155536577277, 23.189048836581424 ], [ 72.621368001356203, 23.188626117915319 ], [ 72.621390701356205, 23.18858091850009 ], [ 72.621529374394925, 23.188272644608571 ], [ 72.621640520283577, 23.187955085385418 ], [ 72.621655020283583, 23.187907085781823 ], [ 72.621737952264468, 23.18758212859677 ], [ 72.621792057524061, 23.187252074664229 ], [ 72.621797957524052, 23.187202574830632 ], [ 72.621822827496345, 23.186871354495974 ], [ 72.62181866544833, 23.186539367374781 ], [ 72.621815865448355, 23.186489667295444 ], [ 72.621784461608073, 23.186171393812089 ], [ 72.621726372002158, 23.185856305741709 ], [ 72.621716272002146, 23.185812005461244 ], [ 72.621636334214344, 23.185516223736236 ], [ 72.621532878595318, 23.185226667632826 ], [ 72.621515778595324, 23.185184167177791 ], [ 72.621244596891643, 23.18463655211762 ], [ 72.621220996891608, 23.18459685153006 ], [ 72.620865565291666, 23.184090613223166 ], [ 72.620835865291653, 23.184054412550424 ], [ 72.620571371102585, 23.183761205179415 ], [ 72.620278608208594, 23.183491651046484 ], [ 72.619960068210105, 23.183248044380026 ], [ 72.619903568210106, 23.183208743412784 ], [ 72.61941631528218, 23.182913516060331 ], [ 72.619354815282193, 23.182881315196788 ], [ 72.618867063926174, 23.182660730430044 ], [ 72.618810963926165, 23.182639129815154 ], [ 72.61832908119807, 23.182482567515624 ], [ 72.618270681198069, 23.182466967053291 ], [ 72.617788766734549, 23.1823643102252 ], [ 72.617765949366401, 23.182360653240405 ], [ 72.617676918430902, 23.182344966361637 ], [ 72.617309140019927, 23.18229457184237 ], [ 72.617255240019929, 23.182289271679725 ], [ 72.616908505669059, 23.182267606254953 ], [ 72.616560987007446, 23.182270649484082 ], [ 72.616506887007446, 23.182273049558066 ], [ 72.616148775327915, 23.182302178206125 ], [ 72.615794345028732, 23.182357541695001 ], [ 72.615741345028738, 23.182367842006013 ], [ 72.615411623281275, 23.182444011007867 ], [ 72.615089113301423, 23.182542887285781 ], [ 72.615040813301405, 23.182559587768196 ], [ 72.614727455542933, 23.182680565115891 ], [ 72.614424946031932, 23.182822977152078 ], [ 72.614379946031931, 23.18284617777659 ], [ 72.614094951421123, 23.183006196929192 ], [ 72.613823678228854, 23.183185238669019 ], [ 72.613782878228861, 23.183214339378598 ], [ 72.613398874727437, 23.183521820995587 ], [ 72.613055203366443, 23.183867283852909 ], [ 72.613023803366431, 23.183902684543344 ], [ 72.612684671095408, 23.184340358322931 ], [ 72.612658571095423, 23.184379158952737 ], [ 72.612378992454921, 23.184864154112063 ], [ 72.612358692454904, 23.184905854637776 ], [ 72.612149849009143, 23.185426003718057 ], [ 72.612135049009154, 23.185472204120853 ], [ 72.611999535298395, 23.186040182136196 ], [ 72.611991935298391, 23.18608788234954 ], [ 72.611944727767479, 23.186646831631993 ], [ 72.611944227767466, 23.186695031646181 ], [ 72.611944718156138, 23.186807007277395 ], [ 72.611954218156157, 23.187303507007897 ], [ 72.611969543617136, 23.187579300634649 ], [ 72.611996343617122, 23.187870199876954 ], [ 72.612049626856617, 23.188244284199833 ], [ 72.612139836104788, 23.188612334761885 ], [ 72.612266218113845, 23.188971278400906 ], [ 72.612427717593221, 23.189318118020356 ], [ 72.612622986021208, 23.189649957612353 ], [ 72.61285039290523, 23.189964026435803 ], [ 72.613108039396366, 23.190257702148092 ], [ 72.613169739396369, 23.190321800836944 ], [ 72.613487069178987, 23.19061969889529 ], [ 72.61383546618093, 23.190886659321709 ], [ 72.61421137759848, 23.191119959960609 ], [ 72.614610970047622, 23.191317221893542 ], [ 72.615030168655366, 23.191476433690969 ] ] ] } },
{ "type": "Feature", "properties": { "version": 2, "visible": null, "lon": null, "timestamp": 1738096283, "tags": { "visible": false }, "changeset": null, "lat": null, "id": 663649570, "natural": "water", "water": "basin", "wetland": null, "osm_type": "way", "grassland": null, "reef": null, "Risk": "Low" }, "geometry": { "type": "Polygon", "coordinates": [ [ [ 72.546443323261201, 22.966149684460419 ], [ 72.549144623261213, 22.965626000133884 ], [ 72.549570969276573, 22.965522996678487 ], [ 72.549984297231759, 22.965382012416196 ], [ 72.55038062661896, 22.965204404963579 ], [ 72.550756140633126, 22.964991884608509 ], [ 72.551107222929275, 22.964746497844782 ], [ 72.551430492449342, 22.964470607669753 ], [ 72.551722835982972, 22.964166870834337 ], [ 72.55198143814907, 22.963838212264339 ], [ 72.552203808508878, 22.963487796899077 ], [ 72.552387805549984, 22.963118999218345 ], [ 72.552531657309814, 22.962735370750796 ], [ 72.552633978440383, 22.962340605876609 ], [ 72.552693783549657, 22.961938506253368 ], [ 72.552710496691375, 22.96153294420775 ], [ 72.552683956911508, 22.961127825445352 ], [ 72.552614419798388, 22.9607270514378 ], [ 72.552005719798402, 22.958064934666133 ], [ 72.551893853143483, 22.957672351871256 ], [ 72.551740734977159, 22.957291754807425 ], [ 72.551547839928205, 22.95692680899128 ], [ 72.551317025702971, 22.956581029231835 ], [ 72.551050515194419, 22.95625774577513 ], [ 72.550750875074286, 22.95596007222565 ], [ 72.550420991074205, 22.955690875553682 ], [ 72.550064040194357, 22.955452748477626 ], [ 72.549683460106749, 22.955247984487634 ], [ 72.549282916048242, 22.955078555751253 ], [ 72.548866265521909, 22.954946094114192 ], [ 72.548437521146653, 22.954851875379351 ], [ 72.548000812013157, 22.954796807015796 ], [ 72.547560343917951, 22.954781419416094 ], [ 72.547120358858834, 22.954805860786511 ], [ 72.546685094181683, 22.954869895719078 ], [ 72.543983794181685, 22.955393611388693 ], [ 72.543557446868917, 22.955496621249289 ], [ 72.543144117513648, 22.955637614706486 ], [ 72.54274778665328, 22.955815233817077 ], [ 72.542372271122574, 22.95602776789303 ], [ 72.542021187295745, 22.956273169981579 ], [ 72.541697916259352, 22.956549076584345 ], [ 72.541405571250934, 22.956852830425461 ], [ 72.541146967677236, 22.957181506049075 ], [ 72.540924596000679, 22.957531937999555 ], [ 72.540740597755004, 22.957900751312703 ], [ 72.540596744921615, 22.958284394024066 ], [ 72.540494422864427, 22.958679171381053 ], [ 72.540434616988392, 22.959081281429224 ], [ 72.540417903249534, 22.959486851629819 ], [ 72.540444442608234, 22.959891976155802 ], [ 72.540513979479186, 22.960292753507144 ], [ 72.541122679479173, 22.962954836734696 ], [ 72.541234546202475, 22.963347405446605 ], [ 72.541387664692735, 22.963727986665798 ], [ 72.541580560309129, 22.964092915238666 ], [ 72.541811375328621, 22.964438676781995 ], [ 72.542077886837191, 22.964761941523584 ], [ 72.542377528137948, 22.965059596364259 ], [ 72.542707413470453, 22.965328774852573 ], [ 72.543064365802508, 22.965566884784007 ], [ 72.543444947427318, 22.965771633158923 ], [ 72.543845493071103, 22.96594104825925 ], [ 72.544262145192221, 22.966073498631616 ], [ 72.544690891132134, 22.966167708794153 ], [ 72.545127601760157, 22.966222771516104 ], [ 72.545568071239956, 22.966238156551995 ], [ 72.546008057534763, 22.966213715746434 ], [ 72.546443323261201, 22.966149684460419 ] ] ] } },
{ "type": "Feature", "properties": { "version": 1, "visible": null, "lon": null, "timestamp": 1549360281, "tags": { "visible": false }, "changeset": null, "lat": null, "id": 668423637, "natural": "water", "water": "pond", "wetland": null, "osm_type": "way", "grassland": null, "reef": null, "Risk": "Low" }, "geometry": { "type": "Polygon", "coordinates": [ [ [ 72.733600709749012, 23.016584179560486 ], [ 72.733893009749025, 23.016324685284939 ], [ 72.734191357286008, 23.016032837778631 ], [ 72.734457602897578, 23.015715774410975 ], [ 72.734689244943638, 23.015376474138243 ], [ 72.734884106918699, 23.015018124865854 ], [ 72.735040357902307, 23.014644093500703 ], [ 72.735156529762378, 23.01425789432091 ], [ 72.735231530949676, 23.013863155960042 ], [ 72.735264656754097, 23.013463587315851 ], [ 72.735255595926063, 23.013062942703698 ], [ 72.735204433600941, 23.012664986582045 ], [ 72.735111650499249, 23.012273458181404 ], [ 72.734978118409771, 23.011892036369037 ], [ 72.73480509199814, 23.011524305079693 ], [ 72.734607718327595, 23.011196197080768 ], [ 72.734548145168375, 23.010921471078039 ], [ 72.734425224800262, 23.010545190928376 ], [ 72.734264049534374, 23.010181350129976 ], [ 72.734128349534345, 23.009912346658407 ], [ 72.733927050639963, 23.009559014474014 ], [ 72.733689687170795, 23.009225186313113 ], [ 72.733418469662823, 23.008913971231038 ], [ 72.733115923930455, 23.008628267700526 ], [ 72.732784867543856, 23.008370736612452 ], [ 72.732428383589308, 23.008143776488971 ], [ 72.732049791956854, 23.00794950114015 ], [ 72.731652618422515, 23.007789719972404 ], [ 72.731240561813252, 23.007665921132357 ], [ 72.73080206181325, 23.007555417866485 ], [ 72.730398803615088, 23.007471944921761 ], [ 72.729988916417156, 23.007422946447647 ], [ 72.729575871258803, 23.007408837414587 ], [ 72.729163165921847, 23.007429737312755 ], [ 72.728754295310395, 23.00748546913978 ], [ 72.728274095310397, 23.007571871738158 ], [ 72.727865254764382, 23.007663930022627 ], [ 72.72746757108078, 23.007790809280277 ], [ 72.727084536384055, 23.00795139526754 ], [ 72.726719514163548, 23.008144277735497 ], [ 72.726375709738221, 23.008367762817649 ], [ 72.726056142110096, 23.008619887908726 ], [ 72.725878742110098, 23.008773691339453 ], [ 72.725586099752888, 23.009052365157071 ], [ 72.725323095158686, 23.009355037898231 ], [ 72.725092039766963, 23.009679049344278 ], [ 72.724894964228739, 23.010021551748522 ], [ 72.724733600560029, 23.010379534868868 ], [ 72.724609366919935, 23.010749852428166 ], [ 72.7245233551469, 23.011129249769429 ], [ 72.724481555146909, 23.011369450933621 ], [ 72.724432307960001, 23.011787945600869 ], [ 72.724429551236625, 23.012208878978353 ], [ 72.724473313556814, 23.01262788707762 ], [ 72.724563141218937, 23.013040625910786 ], [ 72.724698102943421, 23.013442816524865 ], [ 72.724876799527649, 23.013830289360172 ], [ 72.725097378352103, 23.014199027473232 ], [ 72.725233078352105, 23.014400824218392 ], [ 72.725465864494097, 23.014713917627883 ], [ 72.725728855011127, 23.015006050134776 ], [ 72.726019835039921, 23.015274761590515 ], [ 72.726336353994114, 23.015517789097363 ], [ 72.726584529221284, 23.015691203884721 ], [ 72.726634479209693, 23.015741001336433 ], [ 72.726639718876626, 23.015748970905218 ], [ 72.726890162488331, 23.016090270817251 ], [ 72.727176259837478, 23.016406940708599 ], [ 72.72749517142482, 23.016695837833247 ], [ 72.727843732071662, 23.016954095091357 ], [ 72.728218482334242, 23.017179149477663 ], [ 72.728615702838297, 23.017368767511929 ], [ 72.729031451193848, 23.017521067399283 ], [ 72.72946160112302, 23.017634537700918 ], [ 72.729901883413206, 23.017708052329894 ], [ 72.730347928288694, 23.017740881723579 ], [ 72.730795308780458, 23.017732700081915 ], [ 72.731239584663555, 23.017683588599777 ], [ 72.731676346526129, 23.017594034661425 ], [ 72.732101259532499, 23.017464927004983 ], [ 72.732510106446213, 23.017297546904931 ], [ 72.732898829485791, 23.017093555459926 ], [ 72.733263570598041, 23.016854977112001 ], [ 72.733600709749012, 23.016584179560486 ] ] ] } },
{ "type": "Feature", "properties": { "version": 1, "visible": null, "lon": null, "timestamp": 1549361034, "tags": { "visible": false }, "changeset": null, "lat": null, "id": 668425059, "natural": "water", "water": "pond", "wetland": null, "osm_type": "way", "grassland": null, "reef": null, "Risk": "Low" }, "geometry": { "type": "Polygon", "coordinates": [ [ [ 72.72757816356102, 22.981779323350583 ], [ 72.727572063561013, 22.982235723522457 ], [ 72.727590691283183, 22.98266621662906 ], [ 72.727657872368553, 22.983092587372965 ], [ 72.727772877518461, 22.983510207255826 ], [ 72.727934458269843, 22.983914542817185 ], [ 72.728140860548194, 22.984301204844112 ], [ 72.728389843709294, 22.984665996013184 ], [ 72.728678704863057, 22.985004956448144 ], [ 72.729174504863082, 22.985528145919822 ], [ 72.72942228424229, 22.985763594512168 ], [ 72.729592466689013, 22.986095281362815 ], [ 72.729814218432438, 22.986437620485002 ], [ 72.730070744166753, 22.98675871275675 ], [ 72.730095263093176, 22.986783906039779 ], [ 72.730189067741065, 22.98714011448568 ], [ 72.730314268184316, 22.987530504598809 ], [ 72.730480557212303, 22.987907669496089 ], [ 72.730686323341359, 22.988267954251061 ], [ 72.730929572520779, 22.988607867543237 ], [ 72.731207947456895, 22.988924115486263 ], [ 72.731518750457198, 22.989213633542089 ], [ 72.731858969573423, 22.989473616212162 ], [ 72.732225307789804, 22.989701544218153 ], [ 72.732614214974049, 22.989895208909054 ], [ 72.733021922281168, 22.990052733658452 ], [ 72.733444478676816, 22.990172592044807 ], [ 72.733877789226213, 22.990253622638811 ], [ 72.734155889226187, 22.99029262145844 ], [ 72.734586070726678, 22.990333559264744 ], [ 72.735018534996215, 22.990336221227778 ], [ 72.735449272698162, 22.990300582670979 ], [ 72.735874290502679, 22.990226973966056 ], [ 72.736289648108652, 22.990116077471217 ], [ 72.736691494773694, 22.989968921207417 ], [ 72.737076105014197, 22.989786869330949 ], [ 72.737439913143803, 22.989571609490824 ], [ 72.737779546330671, 22.989325137187759 ], [ 72.738091855866585, 22.989049737279796 ], [ 72.73837394635845, 22.98874796280564 ], [ 72.738623202571119, 22.988422611321923 ], [ 72.738837313673102, 22.988076698973483 ], [ 72.73901429465991, 22.98771343253684 ], [ 72.739152504757058, 22.987336179695838 ], [ 72.739250662631378, 22.986948437824829 ], [ 72.739307858270209, 22.986553801568597 ], [ 72.739323561418018, 22.986155929519519 ], [ 72.739297626492331, 22.985758510300712 ], [ 72.739230293933502, 22.985365228369588 ], [ 72.738855393933505, 22.983701018024565 ], [ 72.738762075989243, 22.983360293221899 ], [ 72.738637672386446, 22.983028091772546 ], [ 72.738441536328082, 22.982568687312916 ], [ 72.738321163550978, 22.981603451648756 ], [ 72.738249213432809, 22.981202001597104 ], [ 72.738134756860703, 22.980809003631983 ], [ 72.737978901988541, 22.98042826279957 ], [ 72.737783157783298, 22.980063465502834 ], [ 72.737549419415387, 22.97971814380562 ], [ 72.737279949909819, 22.979395641230127 ], [ 72.736977358235961, 22.979099080379143 ], [ 72.736644574047702, 22.97883133269665 ], [ 72.73628481931911, 22.978594990659932 ], [ 72.735901577149477, 22.97839234267266 ], [ 72.735498558040561, 22.978225350902282 ], [ 72.734742858040562, 22.977952543129234 ], [ 72.734313965354488, 22.977820235964327 ], [ 72.733872793440881, 22.977728314225413 ], [ 72.733423816536018, 22.977677710238929 ], [ 72.732971588032186, 22.977668937262237 ], [ 72.73193778803217, 22.977696838115769 ], [ 72.7315099474215, 22.977727265002432 ], [ 72.731087213194385, 22.977795141831013 ], [ 72.730673443842562, 22.977899849002377 ], [ 72.730272416031085, 22.978040430721265 ], [ 72.729887790127108, 22.978215603723399 ], [ 72.729523076789945, 22.978423768992364 ], [ 72.72918160492766, 22.978663026359428 ], [ 72.728866491312559, 22.978931191852546 ], [ 72.728580612133001, 22.979225817636355 ], [ 72.728326576741082, 22.97954421436064 ], [ 72.728106703835834, 22.97988347571329 ], [ 72.727923000299384, 22.980240504953233 ], [ 72.727777142879305, 22.980612043181182 ], [ 72.727670462883978, 22.98099469908971 ], [ 72.727603934031308, 22.981384979921167 ], [ 72.72757816356102, 22.981779323350583 ] ] ] } },
{ "type": "Feature", "properties": { "version": 1, "visible": null, "lon": null, "timestamp": 1549361611, "tags": { "visible": false }, "changeset": null, "lat": null, "id": 668426256, "natural": "water", "water": "pond", "wetland": null, "osm_type": "way", "grassland": null, "reef": null, "Risk": "Low" }, "geometry": { "type": "Polygon", "coordinates": [ [ [ 72.690938064471041, 22.983503391731947 ], [ 72.692008264471028, 22.98361438835596 ], [ 72.692462831646964, 22.983640143338746 ], [ 72.692917895075595, 22.983623388150548 ], [ 72.693368776195484, 22.983564295037709 ], [ 72.693810839443998, 22.983463471488609 ], [ 72.694239539916111, 22.983321953990234 ], [ 72.694650470091076, 22.983141197375708 ], [ 72.695039405146716, 22.982923059872121 ], [ 72.695402346395241, 22.982669784002134 ], [ 72.695735562394404, 22.982383973535573 ], [ 72.696035627310692, 22.98206856672747 ], [ 72.696631027310673, 22.981374679891982 ], [ 72.69688845294823, 22.98104214551595 ], [ 72.697108997842378, 22.980687856723751 ], [ 72.697290511289552, 22.98031526830194 ], [ 72.697431223211979, 22.979928013512009 ], [ 72.697529761419048, 22.979529868664937 ], [ 72.69758516498861, 22.979124716299729 ], [ 72.697596893637709, 22.978716507324837 ], [ 72.697564832991205, 22.978309222491568 ], [ 72.69748929569721, 22.97790683357508 ], [ 72.697371018378234, 22.977513264641484 ], [ 72.697062018378247, 22.976652856375708 ], [ 72.696899693732036, 22.976266853451175 ], [ 72.696696267844459, 22.975897723599953 ], [ 72.696453778907014, 22.975549165409539 ], [ 72.696174656496922, 22.975224671372338 ], [ 72.695692256496926, 22.974718161153692 ], [ 72.695386213498395, 22.97442693550304 ], [ 72.695050680879177, 22.974164685037071 ], [ 72.694688880509688, 22.973933928127565 ], [ 72.694304286490009, 22.973736880728115 ], [ 72.69390059179068, 22.973575435089558 ], [ 72.693481672791933, 22.973451141584327 ], [ 72.69305155206159, 22.973365193814413 ], [ 72.692614359729404, 22.973318417146064 ], [ 72.692162159729392, 22.973290616297273 ], [ 72.691735856296589, 22.973283081955039 ], [ 72.691310697725982, 22.973312798534575 ], [ 72.690890515360451, 22.973379498218652 ], [ 72.690479095699445, 22.973482579884795 ], [ 72.690080146276784, 22.973621114524235 ], [ 72.68969726224995, 22.973793853616691 ], [ 72.689333894002075, 22.973999240385314 ], [ 72.688993316048752, 22.974235423830322 ], [ 72.688678597529261, 22.974500275414513 ], [ 72.688392574549141, 22.974791408250351 ], [ 72.688137824622189, 22.975106198615325 ], [ 72.687916643443202, 22.975441809601577 ], [ 72.68773102420009, 22.975795216686439 ], [ 72.687120624200091, 22.977113632506573 ], [ 72.686973122720318, 22.977479094026773 ], [ 72.686863661029918, 22.97785571933569 ], [ 72.686793212144224, 22.978240160496185 ], [ 72.686762402290043, 22.978629000122435 ], [ 72.686771505339095, 22.979018781759216 ], [ 72.686820440373509, 22.979406040607483 ], [ 72.686908772405118, 22.979787334323074 ], [ 72.687097172405117, 22.980446529189429 ], [ 72.68723314842552, 22.980840932044529 ], [ 72.687411259393116, 22.981220847801875 ], [ 72.687629721767223, 22.981582472256211 ], [ 72.68788634794231, 22.981922184388047 ], [ 72.688178568153944, 22.98223658261686 ], [ 72.688503456211478, 22.982522518856243 ], [ 72.688857758799983, 22.982777130030222 ], [ 72.689237928057707, 22.982997866735587 ], [ 72.689640157103156, 22.983182518763346 ], [ 72.690060418155838, 22.983329237224154 ], [ 72.6904945028691, 22.983436553056421 ], [ 72.690938064471041, 22.983503391731947 ] ] ] } },
{ "type": "Feature", "properties": { "version": 1, "visible": null, "lon": null, "timestamp": 1549361611, "tags": { "visible": false }, "changeset": null, "lat": null, "id": 668426258, "natural": "water", "water": "pond", "wetland": null, "osm_type": "way", "grassland": null, "reef": null, "Risk": "Low" }, "geometry": { "type": "Polygon", "coordinates": [ [ [ 72.677917753772533, 22.981029585988907 ], [ 72.678384153772541, 22.981182681575593 ], [ 72.678807128304967, 22.981300281477225 ], [ 72.679240606849191, 22.9813790524918 ], [ 72.679680394672431, 22.981418232427654 ], [ 72.680122235987483, 22.981417442178589 ], [ 72.680561855135778, 22.981376689391066 ], [ 72.680994997962415, 22.981296368390279 ], [ 72.68141747298327, 22.981177256365655 ], [ 72.682028372983282, 22.980974262209237 ], [ 72.682419474652022, 22.980824765051146 ], [ 72.682793545187977, 22.980642022642098 ], [ 72.683147259471497, 22.980427659251387 ], [ 72.683477473330043, 22.980183580213478 ], [ 72.683781251486721, 22.979911954996588 ], [ 72.684055893652115, 22.97961519792371 ], [ 72.684298958527123, 22.979295946717329 ], [ 72.684508285503725, 22.978957039058166 ], [ 72.684682013870727, 22.978601487366273 ], [ 72.684818599353576, 22.978232452028422 ], [ 72.684916827841477, 22.977853213309576 ], [ 72.685018027841465, 22.977360616111092 ], [ 72.685074484302007, 22.976998952891424 ], [ 72.685096044609722, 22.97663411234975 ], [ 72.685082540440717, 22.976268942826678 ], [ 72.685034077223648, 22.975906295254216 ], [ 72.684965377223648, 22.975530193345552 ], [ 72.684870540527243, 22.975132101518337 ], [ 72.684733601484282, 22.974744536735894 ], [ 72.684555890213844, 22.974371263606738 ], [ 72.684339132864636, 22.974015907947994 ], [ 72.684085434848498, 22.973681921561873 ], [ 72.683797260390122, 22.973372548701608 ], [ 72.6834774085915, 22.973090794552682 ], [ 72.683314708591496, 22.972960991551087 ], [ 72.682942878262907, 22.972694458261682 ], [ 72.682542763834704, 22.972465258877133 ], [ 72.682118769483409, 22.97227591645774 ], [ 72.681675562238908, 22.972128515322158 ], [ 72.681218020612974, 22.972024678097167 ], [ 72.680751180900131, 22.971965547850822 ], [ 72.680237880900137, 22.971925646634286 ], [ 72.679796351163972, 22.971911400717033 ], [ 72.679355437236524, 22.971937160962423 ], [ 72.678919405003015, 22.97200267811483 ], [ 72.678492473117856, 22.972107318232251 ], [ 72.678078772188655, 22.972250068821939 ], [ 72.677682304812279, 22.972429548639848 ], [ 72.677349804812266, 22.97259925318129 ], [ 72.676954550375243, 22.972826428673908 ], [ 72.676586985205248, 22.973090081666445 ], [ 72.676251064921999, 22.973387374604648 ], [ 72.675950404592896, 22.973715107905615 ], [ 72.675688239829, 22.974069754399725 ], [ 72.675503839829005, 22.974349358840179 ], [ 72.67529743841466, 22.974699257248997 ], [ 72.675128544226908, 22.975065808666816 ], [ 72.674998723079483, 22.975445614683373 ], [ 72.674909178540972, 22.975835154030023 ], [ 72.674847778540979, 22.976184555737643 ], [ 72.674798724273714, 22.976589215572137 ], [ 72.67479313314827, 22.976996354059292 ], [ 72.674831059371428, 22.977402023924046 ], [ 72.674912135242636, 22.977802292165237 ], [ 72.675035574718777, 22.978193278185454 ], [ 72.675200181035095, 22.978571191411589 ], [ 72.675344681035099, 22.978860787712058 ], [ 72.675551594790733, 22.97922626603123 ], [ 72.675796997911434, 22.979570965486811 ], [ 72.676078452623585, 22.979891462091626 ], [ 72.676393163026049, 22.980184572295009 ], [ 72.6767380028639, 22.980447384600133 ], [ 72.677109546583893, 22.980677288478692 ], [ 72.67750410336312, 22.980872000295943 ], [ 72.677917753772533, 22.981029585988907 ] ] ] } },
{ "type": "Feature", "properties": { "version": 1, "visible": null, "lon": null, "timestamp": 1551430440, "tags": { "visible": false }, "changeset": null, "lat": null, "id": 673827810, "natural": "water", "water": "pond", "wetland": null, "osm_type": "way", "grassland": null, "reef": null, "Risk": "Low" }, "geometry": { "type": "Polygon", "coordinates": [ [ [ 72.701527994900289, 23.098348820639615 ], [ 72.701357022948386, 23.098428640976195 ], [ 72.700967755094354, 23.098659586901405 ], [ 72.700606416046696, 23.098926181743241 ], [ 72.70027684890519, 23.099225589871374 ], [ 72.699982558852597, 23.099554626657721 ], [ 72.699726675874643, 23.099909792356048 ], [ 72.699511921470176, 23.10028730933297 ], [ 72.699340579706202, 23.100683162253876 ], [ 72.699271479706198, 23.100870364105052 ], [ 72.699152755276842, 23.101251047589059 ], [ 72.699074204286376, 23.101640437179896 ], [ 72.699036548549898, 23.102034954666941 ], [ 72.699040134090765, 23.10243097474952 ], [ 72.699084927960982, 23.10282485835134 ], [ 72.69917051854398, 23.103212986060328 ], [ 72.69929611933695, 23.103591791386581 ], [ 72.699460576178183, 23.103957793532924 ], [ 72.699662377852817, 23.104307629376986 ], [ 72.699899669979473, 23.104638084371011 ], [ 72.700077769979458, 23.104861980304186 ], [ 72.700347328989849, 23.105168939776512 ], [ 72.700647496923921, 23.105450844828443 ], [ 72.700975535539811, 23.10570512398418 ], [ 72.701328452349074, 23.105929457779123 ], [ 72.701703027915286, 23.106121799912902 ], [ 72.702095845222871, 23.106280395910925 ], [ 72.702286252343214, 23.106338060356954 ], [ 72.702475300907238, 23.106418518516247 ], [ 72.702904179336258, 23.106554659751282 ], [ 72.703345801976553, 23.106650310866275 ], [ 72.703795662792004, 23.106704495985436 ], [ 72.704249171689369, 23.106716662288687 ], [ 72.704701701352761, 23.106686685650221 ], [ 72.705381201352765, 23.106609787998085 ], [ 72.705841237766307, 23.106535216102785 ], [ 72.706290365732698, 23.106417101150623 ], [ 72.706723727438103, 23.106256720572141 ], [ 72.707136635598189, 23.106055808912224 ], [ 72.707524624156278, 23.10581653907543 ], [ 72.707883496588579, 23.10554149883129 ], [ 72.708079796588564, 23.105374402603807 ], [ 72.70838197805098, 23.105091212764439 ], [ 72.70865322823029, 23.10478266376165 ], [ 72.708891044838708, 23.104451601801102 ], [ 72.709093234013721, 23.104101080780644 ], [ 72.709257930556518, 23.103734334123779 ], [ 72.709383615138563, 23.103354744956352 ], [ 72.709469128317266, 23.102965814901566 ], [ 72.709513681232025, 23.102571131780845 ], [ 72.709516862881401, 23.102174336518598 ], [ 72.709478643914636, 23.101779089555802 ], [ 72.709399376902368, 23.101389037082527 ], [ 72.709279793084221, 23.10100777740066 ], [ 72.709120995623081, 23.100638827727241 ], [ 72.70891379562309, 23.10021772238672 ], [ 72.708700450325296, 23.09983779654921 ], [ 72.708445554204218, 23.099480188750849 ], [ 72.708151837885907, 23.099148730130104 ], [ 72.707822447865638, 23.098846971710245 ], [ 72.707460912800386, 23.09857814634945 ], [ 72.707071105707385, 23.098345134099205 ], [ 72.706769505707385, 23.098184629826317 ], [ 72.706398672614938, 23.098007915309598 ], [ 72.706011598348297, 23.097863647429008 ], [ 72.705611629530964, 23.097753073623199 ], [ 72.705202224272, 23.09767714999154 ], [ 72.70482432427201, 23.097623748368193 ], [ 72.704394860266447, 23.097582377095463 ], [ 72.703963061951967, 23.097579131338797 ], [ 72.703532920259804, 23.097614041100115 ], [ 72.703108410809705, 23.097686783693572 ], [ 72.702693457164955, 23.09779668672908 ], [ 72.702291894568546, 23.09794273432917 ], [ 72.701907434495595, 23.09812357652164 ], [ 72.701543630349747, 23.098337541721015 ], [ 72.701527994900289, 23.098348820639615 ] ] ] } },
{ "type": "Feature", "properties": { "version": 1, "visible": null, "lon": null, "timestamp": 1551446951, "tags": { "visible": false }, "changeset": null, "lat": null, "id": 673883035, "natural": "water", "water": "pond", "wetland": null, "osm_type": "way", "grassland": null, "reef": null, "Risk": "Low" }, "geometry": { "type": "Polygon", "coordinates": [ [ [ 72.464394043243956, 23.199933049676513 ], [ 72.464438020407485, 23.200154973952671 ], [ 72.46456037428942, 23.200547409722745 ], [ 72.464724298475303, 23.200926818810807 ], [ 72.46492819008202, 23.201289491406023 ], [ 72.465170055417104, 23.201631881374126 ], [ 72.465447529473451, 23.201950640926437 ], [ 72.465757899054836, 23.202242653348566 ], [ 72.466098129306076, 23.202505063469332 ], [ 72.466464893388462, 23.202735305571938 ], [ 72.466854605010226, 23.20293112847504 ], [ 72.467263453494027, 23.203090617538518 ], [ 72.467687441038493, 23.203212213379182 ], [ 72.4684937410385, 23.20340380765029 ], [ 72.468921855423559, 23.203485336173149 ], [ 72.469356565749351, 23.203528222241719 ], [ 72.469793753153724, 23.20353205954957 ], [ 72.470229275304334, 23.203496811741733 ], [ 72.470659005647022, 23.203422812759008 ], [ 72.471078872504734, 23.203310763675088 ], [ 72.471484897656623, 23.203161726056294 ], [ 72.471873234031335, 23.202977111906833 ], [ 72.472240202157977, 23.20275867029472 ], [ 72.472582325028881, 23.202508470784817 ], [ 72.472896361044207, 23.202228883835879 ], [ 72.473179334725828, 23.201922558347022 ], [ 72.473428564909952, 23.201592396566131 ], [ 72.473641690151013, 23.201241526597769 ], [ 72.473816691096275, 23.200873272770718 ], [ 72.473951909619103, 23.200491124145749 ], [ 72.474382209619108, 23.199038035930737 ], [ 72.47448014411556, 23.198624850708196 ], [ 72.474531579108984, 23.198204623450312 ], [ 72.474535974936529, 23.197781763192438 ], [ 72.474493285476555, 23.197360706637227 ], [ 72.474403958632635, 23.196945871604363 ], [ 72.474268931633986, 23.19654161067659 ], [ 72.474089621201998, 23.196152165528577 ], [ 72.473867908685762, 23.195781622417876 ], [ 72.473606120322785, 23.195433869305266 ], [ 72.473180320322783, 23.194925959732721 ], [ 72.472877951074068, 23.194601496623722 ], [ 72.472540721351351, 23.194307491957701 ], [ 72.472172242324874, 23.194047094246855 ], [ 72.471776459792949, 23.193823092121931 ], [ 72.471357611929179, 23.193637884461907 ], [ 72.470920183898528, 23.19349345469794 ], [ 72.470468859828628, 23.193391349567062 ], [ 72.47000847265069, 23.193332662543501 ], [ 72.469587172650691, 23.193299261516025 ], [ 72.469128086990111, 23.193284536745328 ], [ 72.468669766068132, 23.193312989806941 ], [ 72.46821700377437, 23.193384323063615 ], [ 72.467774535856989, 23.193497790324603 ], [ 72.467346990388293, 23.193652204653439 ], [ 72.466938839356516, 23.193845950787264 ], [ 72.466554351890366, 23.194077002037776 ], [ 72.466119551890372, 23.194368509309683 ], [ 72.46580274438351, 23.194601777338598 ], [ 72.465510142263497, 23.194860382328475 ], [ 72.465244135331503, 23.195142212006154 ], [ 72.465004035331489, 23.195421117349994 ], [ 72.464751466717885, 23.195745570825103 ], [ 72.46453414814215, 23.196090916197331 ], [ 72.464354108962283, 23.196453928423654 ], [ 72.464213030414882, 23.196831217504219 ], [ 72.464112229915543, 23.197219260143498 ], [ 72.464052648756521, 23.197614432655424 ], [ 72.464025448756516, 23.197893433424355 ], [ 72.464007748812506, 23.198303243773061 ], [ 72.464034374801415, 23.198712644837933 ], [ 72.46410506394669, 23.199117596190238 ], [ 72.464219118604731, 23.19951410135241 ], [ 72.464375413150123, 23.199898247237659 ], [ 72.464394043243956, 23.199933049676513 ] ] ] } },
{ "type": "Feature", "properties": { "version": 1, "visible": null, "lon": null, "timestamp": 1552869292, "tags": { "visible": false, "intermittent": "no", "salt": "no" }, "changeset": null, "lat": null, "id": 677535844, "natural": "water", "water": "pond", "wetland": null, "osm_type": "way", "grassland": null, "reef": null, "Risk": "Low" }, "geometry": { "type": "Polygon", "coordinates": [ [ [ 72.574606187537753, 23.186189848558911 ], [ 72.574612795058513, 23.18623389605494 ], [ 72.574708488240134, 23.186608957946618 ], [ 72.574720088240127, 23.186646457630061 ], [ 72.5748633701578, 23.187035092992708 ], [ 72.575047911944623, 23.187408733909251 ], [ 72.575271890733589, 23.187763689769721 ], [ 72.575533094106788, 23.188096454552955 ], [ 72.575828941949297, 23.188403741451967 ], [ 72.576156511935054, 23.188682515333369 ], [ 72.576512568392943, 23.18893002271054 ], [ 72.576893594268157, 23.189143818934628 ], [ 72.57729582586299, 23.189321792335289 ], [ 72.577715290013799, 23.18946218507271 ], [ 72.578147843337234, 23.189563610495519 ], [ 72.578589213157684, 23.189625066833074 ], [ 72.578634855982756, 23.189627204511609 ], [ 72.578865636420957, 23.189655732465106 ], [ 72.57930217980838, 23.189670338819418 ], [ 72.579738202211402, 23.189645896034232 ], [ 72.579854902211409, 23.189634096396269 ], [ 72.580061868489778, 23.189608681600411 ], [ 72.580417968489783, 23.189557183170699 ], [ 72.580878120061811, 23.189467722957712 ], [ 72.581325571720498, 23.189334522463035 ], [ 72.581755417146738, 23.189159042105558 ], [ 72.582162943074167, 23.188943205869958 ], [ 72.582543680970318, 23.188689380217273 ], [ 72.582893456034185, 23.188400348144835 ], [ 72.582922656034171, 23.188373548730208 ], [ 72.58322444983061, 23.188067350687749 ], [ 72.583491438852533, 23.187734958040533 ], [ 72.583720949270528, 23.187379699437003 ], [ 72.583910682594166, 23.187005132537301 ], [ 72.5840587386908, 23.186615008390969 ], [ 72.584078638690812, 23.186552708932695 ], [ 72.584176683314112, 23.18618376550819 ], [ 72.58423743242237, 23.185808100407311 ], [ 72.584260371988364, 23.185428892268916 ], [ 72.584245307909427, 23.185049349737874 ], [ 72.584192367649962, 23.184672684315757 ], [ 72.584101999162783, 23.184302083186381 ], [ 72.583974967098868, 23.183940682246295 ], [ 72.583950467098873, 23.183880581595414 ], [ 72.583872013317148, 23.183717435412348 ], [ 72.583859718489379, 23.183686255892834 ], [ 72.583681277213756, 23.183297105615974 ], [ 72.583460526555555, 23.182926745352614 ], [ 72.583199775907445, 23.182579049814365 ], [ 72.582901753123679, 23.182257656623506 ], [ 72.582569575982632, 23.181965928249909 ], [ 72.582206719569953, 23.181706916825998 ], [ 72.581816979923872, 23.181483332208277 ], [ 72.581404434322664, 23.181297513619814 ], [ 72.58097339863015, 23.181151405170727 ], [ 72.580898698630136, 23.181130004540211 ], [ 72.580485217865487, 23.181031113064506 ], [ 72.580063386431036, 23.180968783607163 ], [ 72.579637021107345, 23.180943580183811 ], [ 72.579209979698291, 23.18095573085898 ], [ 72.578786126124911, 23.181005125681796 ], [ 72.578369295464412, 23.181091317681194 ], [ 72.578261593662518, 23.181123733899913 ], [ 72.578013254319075, 23.181170000491711 ], [ 72.577601730896504, 23.181285272964498 ], [ 72.57720409182518, 23.181436208525753 ], [ 72.576823984989645, 23.181621422396031 ], [ 72.576464897436168, 23.181839215311111 ], [ 72.576130123383123, 23.182087589115884 ], [ 72.575822734000269, 23.182364265100766 ], [ 72.575747934000248, 23.182438366656299 ], [ 72.575417319230525, 23.182806460495648 ], [ 72.575378819230522, 23.182854761376692 ], [ 72.575119653163867, 23.18321866367603 ], [ 72.574903569288495, 23.183605607793993 ], [ 72.574732965537152, 23.184011299541531 ], [ 72.574609735139163, 23.184431236713934 ], [ 72.574535245610718, 23.184860759059418 ], [ 72.574510323579389, 23.1852951 ], [ 72.574510323579389, 23.1853477 ], [ 72.574532473059648, 23.185757230709843 ], [ 72.574598703047243, 23.186162721115966 ], [ 72.574606187537753, 23.186189848558911 ] ] ] } },
{ "type": "Feature", "properties": { "version": 1, "visible": null, "lon": null, "timestamp": 1560636474, "tags": { "visible": false }, "changeset": null, "lat": null, "id": 697465539, "natural": "water", "water": "pond", "wetland": null, "osm_type": "way", "grassland": null, "reef": null, "Risk": "Low" }, "geometry": { "type": "Polygon", "coordinates": [ [ [ 72.572842838595861, 22.993769535590232 ], [ 72.572817638595879, 22.992781634880057 ], [ 72.5727854699349, 22.992375349435651 ], [ 72.572710027701319, 22.991973948603842 ], [ 72.572592044180993, 22.991581328673732 ], [ 72.572432664590153, 22.991201300734105 ], [ 72.572233435959163, 22.990837553677167 ], [ 72.571996292116211, 22.990493618387347 ], [ 72.571723534916401, 22.990172833462861 ], [ 72.571417811898669, 22.989878312802993 ], [ 72.571082090587254, 22.989612915376018 ], [ 72.570719629687105, 22.989379217461384 ], [ 72.570333947453108, 22.989179487635951 ], [ 72.569928787539794, 22.989015664747299 ], [ 72.569508082663333, 22.988889339088132 ], [ 72.569075916428261, 22.988801736954883 ], [ 72.568636483689716, 22.98875370874039 ], [ 72.568194049835682, 22.988745720676576 ], [ 72.564691349835655, 22.988841423605567 ], [ 72.564253177316786, 22.988873201845017 ], [ 72.563820476686843, 22.988944253339401 ], [ 72.563397391445633, 22.98905389764516 ], [ 72.562987973016959, 22.989201084726499 ], [ 72.562596141952497, 22.989384405013944 ], [ 72.56222565038901, 22.989602102906861 ], [ 72.561880046118247, 22.989852093590361 ], [ 72.561562638613665, 22.990131983005444 ], [ 72.561276467339127, 22.990439090780846 ], [ 72.561024272643351, 22.990770475906793 ], [ 72.560808469518634, 22.991122964904509 ], [ 72.560631124475051, 22.991493182221511 ], [ 72.560493935751737, 22.991877582561365 ], [ 72.560398217054797, 22.992272484838121 ], [ 72.560344884977312, 22.992674107430027 ], [ 72.560334450222115, 22.993078604394899 ], [ 72.560361250222115, 22.994057203639663 ], [ 72.560394022015956, 22.994462253462579 ], [ 72.560469808037169, 22.994862387737825 ], [ 72.560587876941625, 22.995253745182733 ], [ 72.560747089350386, 22.995632549243854 ], [ 72.560945908844758, 22.995995144537623 ], [ 72.561182416793017, 22.996338032120548 ], [ 72.561454330865317, 22.996657903248941 ], [ 72.561759027058557, 22.996951671302366 ], [ 72.562093565018259, 22.99721650156328 ], [ 72.562454716413342, 22.997449838565412 ], [ 72.562838996089909, 22.997649430747561 ], [ 72.563242695703408, 22.997813352174891 ], [ 72.563661919504597, 22.997940021118524 ], [ 72.564092621933938, 22.998028215314356 ], [ 72.564530646661822, 22.998077083753902 ], [ 72.564971766697539, 22.998086154893745 ], [ 72.568472866697547, 22.997999757538796 ], [ 72.568911454646454, 22.997969102256878 ], [ 72.569344682295565, 22.997899105106924 ], [ 72.569768395050076, 22.997790437291695 ], [ 72.57017852956173, 22.997644140829077 ], [ 72.570571152695791, 22.997461618562774 ], [ 72.57094249924927, 22.997244620713801 ], [ 72.571289008058741, 22.996995228101614 ], [ 72.571607356151389, 22.996715832195413 ], [ 72.571894490611854, 22.996409112186932 ], [ 72.572147657859347, 22.996078009304114 ], [ 72.572364430054037, 22.995725698611835 ], [ 72.572542728379815, 22.995355558569909 ], [ 72.572680842979679, 22.994971138639883 ], [ 72.572777449353254, 22.994576125251239 ], [ 72.572831621058455, 22.994174306453097 ], [ 72.572842838595861, 22.993769535590232 ] ] ] } },
{ "type": "Feature", "properties": { "version": 1, "visible": null, "lon": null, "timestamp": 1560636474, "tags": { "visible": false }, "changeset": null, "lat": null, "id": 697465540, "natural": "water", "water": "pond", "wetland": null, "osm_type": "way", "grassland": null, "reef": null, "Risk": "Low" }, "geometry": { "type": "Polygon", "coordinates": [ [ [ 72.564939036206781, 22.997038289538125 ], [ 72.568441736206779, 22.996954892091285 ], [ 72.568883698005976, 22.996924232834651 ], [ 72.56932022552796, 22.996853626261647 ], [ 72.569747068244098, 22.996743759816269 ], [ 72.570160069928022, 22.996595703189008 ], [ 72.570555209125402, 22.996410897904763 ], [ 72.570928638311415, 22.996191143291327 ], [ 72.571276721354621, 22.995938578964751 ], [ 72.571596068922446, 22.995655664002047 ], [ 72.571883571483596, 22.995345153003655 ], [ 72.57213642958601, 22.995010069278582 ], [ 72.572352181115491, 22.994653675413005 ], [ 72.572528725269663, 22.994279441508617 ], [ 72.572664343013784, 22.993891011399786 ], [ 72.572757713819158, 22.993492167178186 ], [ 72.572807928521385, 22.993086792370168 ], [ 72.572814498172988, 22.992678834125229 ], [ 72.572777598172991, 22.991695633085701 ], [ 72.572741028438173, 22.991292987021964 ], [ 72.572661942450992, 22.990895548050716 ], [ 72.572541095420704, 22.990507111465661 ], [ 72.572379641341897, 22.990131386625631 ], [ 72.572179121974671, 22.989771961529527 ], [ 72.571941452122076, 22.989432268549169 ], [ 72.571668901345191, 22.989115551647309 ], [ 72.571364072290692, 22.988824835394283 ], [ 72.571029875837453, 22.988562896079124 ], [ 72.570669503300095, 22.988332235191464 ], [ 72.570286395954341, 22.988135055527668 ], [ 72.569884212175523, 22.987973240149508 ], [ 72.569466792504045, 22.987848334396684 ], [ 72.569038122971051, 22.987761531125134 ], [ 72.568602297035156, 22.987713659312188 ], [ 72.568163476492984, 22.987705176137709 ], [ 72.564677576492983, 22.987794678876973 ], [ 72.5642405913906, 22.987825591001329 ], [ 72.563808959198738, 22.987895562673838 ], [ 72.563386789581372, 22.988003927618987 ], [ 72.562978102107323, 22.988149653979669 ], [ 72.56258678797893, 22.988331354145174 ], [ 72.562216572983161, 22.98854729796744 ], [ 72.561870982017567, 22.988795429239527 ], [ 72.561553305528889, 22.989073385279234 ], [ 72.561266568184124, 22.989378519431202 ], [ 72.561013500071908, 22.989707926272949 ], [ 72.560796510708826, 22.990058469284623 ], [ 72.560617666097798, 22.990426810718819 ], [ 72.560478669057275, 22.99080944338569 ], [ 72.560380843008332, 22.99120272405068 ], [ 72.56032511937407, 22.991602908126556 ], [ 72.560312028711323, 22.992006185329327 ], [ 72.560332128711323, 22.992983284762843 ], [ 72.560362316031487, 22.993389886422605 ], [ 72.560435840494677, 22.99379177592958 ], [ 72.560551987768363, 22.994185048754971 ], [ 72.560709629414873, 22.994565884118366 ], [ 72.560907233854778, 22.994930582105294 ], [ 72.561142881247122, 22.995275599609361 ], [ 72.56141428214174, 22.995597584749905 ], [ 72.561718799722556, 22.995893409431201 ], [ 72.562053475425856, 22.996160199726852 ], [ 72.562415057684376, 22.996395363794644 ], [ 72.562800033518158, 22.996596617050873 ], [ 72.5632046626652, 22.996762004359724 ], [ 72.563625013920216, 22.996889919022543 ], [ 72.5640570033286, 22.996979118382615 ], [ 72.564496433864392, 22.997028735894123 ], [ 72.564939036206781, 22.997038289538125 ] ] ] } },
{ "type": "Feature", "properties": { "version": 1, "visible": null, "lon": null, "timestamp": 1567610211, "tags": { "visible": false }, "changeset": null, "lat": null, "id": 721958902, "natural": "water", "water": "pond", "wetland": null, "osm_type": "way", "grassland": null, "reef": null, "Risk": "Low" }, "geometry": { "type": "Polygon", "coordinates": [ [ [ 72.684337604410089, 23.021250404125265 ], [ 72.684298717768826, 23.021322955873117 ], [ 72.684144048112358, 23.02170040049597 ], [ 72.684030086786237, 23.022089921496704 ], [ 72.683957918989833, 23.022487809564058 ], [ 72.683928231942701, 23.022890275742377 ], [ 72.683941308340465, 23.023293487514174 ], [ 72.683997023662812, 23.023693605296309 ], [ 72.684094847359276, 23.024086819002086 ], [ 72.684181147359268, 23.024369516657647 ], [ 72.684328817096798, 23.024772400832884 ], [ 72.684520672781304, 23.02515919220561 ], [ 72.684754684636701, 23.025525798793687 ], [ 72.685028376887175, 23.025868342188271 ], [ 72.685292376887176, 23.026165436421383 ], [ 72.685610257171405, 23.02648704886807 ], [ 72.685963082657523, 23.026776154868607 ], [ 72.686346950404527, 23.027029556562916 ], [ 72.686757614083163, 23.027244451040346 ], [ 72.687190530948712, 23.027418461336151 ], [ 72.687627230948706, 23.027569357004467 ], [ 72.688074252186382, 23.027699754398121 ], [ 72.688533609696179, 23.027786547703791 ], [ 72.689000296391569, 23.027828790942333 ], [ 72.689469225296449, 23.027826023696136 ], [ 72.68993528499422, 23.027778276125986 ], [ 72.690393395343165, 23.027686068642343 ], [ 72.690821495343172, 23.027578071836064 ], [ 72.69125337139532, 23.027447159502152 ], [ 72.691668652726804, 23.027276732720935 ], [ 72.692063083424941, 23.027068537924997 ], [ 72.692432621259826, 23.026824708580097 ], [ 72.692773479110173, 23.026547743327782 ], [ 72.693082163774775, 23.026240480386239 ], [ 72.693355511771728, 23.025906068471475 ], [ 72.693693811771723, 23.025445376380993 ], [ 72.693912342244289, 23.025115546415389 ], [ 72.694096463059537, 23.024768380984245 ], [ 72.694244566190307, 23.024406911950152 ], [ 72.694355358171421, 23.024034296116625 ], [ 72.694427871396314, 23.023653787661619 ], [ 72.694461472567568, 23.02326870971973 ], [ 72.694485572567572, 23.022604710399381 ], [ 72.694479139404265, 23.022206055414262 ], [ 72.694431007927321, 23.021809823822522 ], [ 72.694341625864325, 23.02141970147883 ], [ 72.694211824663213, 23.021039317439616 ], [ 72.694042811757996, 23.020672210202356 ], [ 72.693836159336954, 23.020321794786277 ], [ 72.69359378971788, 23.019991330960668 ], [ 72.693317957466306, 23.019683892916664 ], [ 72.693072857466305, 23.019436087802674 ], [ 72.692778455321587, 23.019164846101997 ], [ 72.692458016444746, 23.018919873159572 ], [ 72.69211429703951, 23.018703276219458 ], [ 72.691750253553366, 23.018516918446405 ], [ 72.691369017248135, 23.018362402895303 ], [ 72.690973867266891, 23.018241058718356 ], [ 72.690568202429006, 23.018153929728793 ], [ 72.69015551199567, 23.018101765419523 ], [ 72.689544511995649, 23.018050963868497 ], [ 72.689069256547384, 23.0180347166738 ], [ 72.688594798708607, 23.018064810722105 ], [ 72.688126457761228, 23.018140908589668 ], [ 72.687669484408929, 23.018262157044777 ], [ 72.687320884408948, 23.018373360265791 ], [ 72.686849408410438, 23.01855194742695 ], [ 72.686402959596307, 23.01877856086168 ], [ 72.685987290337437, 23.019050280484095 ], [ 72.685849190337422, 23.019151882917058 ], [ 72.685515752806793, 23.019423177880356 ], [ 72.685213123151399, 23.019723511008429 ], [ 72.684944272541912, 23.020049933493961 ], [ 72.684711840511625, 23.020399240394749 ], [ 72.684518109041861, 23.020768002106223 ], [ 72.684364980157966, 23.021152598039222 ], [ 72.684337604410089, 23.021250404125265 ] ] ] } },
{ "type": "Feature", "properties": { "version": 3, "visible": null, "lon": null, "timestamp": 1632407478, "tags": { "visible": false }, "changeset": null, "lat": null, "id": 722140661, "natural": "water", "water": "pond", "wetland": null, "osm_type": "way", "grassland": null, "reef": null, "Risk": "Low" }, "geometry": { "type": "Polygon", "coordinates": [ [ [ 72.513194341895641, 23.167972611958451 ], [ 72.513213027022275, 23.168244941269872 ], [ 72.513284313442966, 23.168646836537484 ], [ 72.513398309246668, 23.169040321616887 ], [ 72.513553905893872, 23.169421570197049 ], [ 72.51374959030241, 23.169786874988677 ], [ 72.513983459561032, 23.170132683770667 ], [ 72.514253239434282, 23.17045563392767 ], [ 72.514556306477886, 23.170752585143155 ], [ 72.514889713550204, 23.171020649930185 ], [ 72.515250218471394, 23.171257221703424 ], [ 72.515362918471382, 23.17132371997727 ], [ 72.515646135572169, 23.171473896057208 ], [ 72.515659984739116, 23.171483720908245 ], [ 72.515987425586957, 23.171676913521981 ], [ 72.516331824245128, 23.171843329762776 ], [ 72.516690596504191, 23.171981721021499 ], [ 72.516967596504202, 23.172075818298993 ], [ 72.517397532447262, 23.172199719312637 ], [ 72.517838807794988, 23.172283397760175 ], [ 72.518286982096726, 23.172326011680934 ], [ 72.518737545479297, 23.172327132300278 ], [ 72.519185964028765, 23.172286748342717 ], [ 72.519309851563392, 23.172269788068125 ], [ 72.51949248282591, 23.172307109678933 ], [ 72.519988103055752, 23.172356366423436 ], [ 72.520473503055769, 23.172379665705737 ], [ 72.521036608667089, 23.172374196639179 ], [ 72.521173513274391, 23.172364955376739 ], [ 72.521494565496496, 23.172380883139617 ], [ 72.52195731003178, 23.172381894342088 ], [ 72.522417711905561, 23.172339130107094 ], [ 72.522870884318053, 23.172253044301399 ], [ 72.523312017204461, 23.172124550574953 ], [ 72.523736428289936, 23.171955012666771 ], [ 72.524139612788304, 23.171746229934943 ], [ 72.524517291216711, 23.171500418264344 ], [ 72.524865454818936, 23.171220186554301 ], [ 72.52518040811519, 23.17090850903551 ], [ 72.525491608115189, 23.170566815801411 ], [ 72.525748919578533, 23.170255449958422 ], [ 72.525973040558526, 23.169923103171474 ], [ 72.526161961208288, 23.16957275567794 ], [ 72.526313987346455, 23.169207549156049 ], [ 72.52642775565019, 23.168830758555846 ], [ 72.526502245880877, 23.168445762734379 ], [ 72.526536790033433, 23.168056014158122 ], [ 72.526531078326684, 23.167665007944315 ], [ 72.526485161981469, 23.167276250518814 ], [ 72.526419261981474, 23.166889848672824 ], [ 72.52633148075104, 23.166499401757896 ], [ 72.526203151719912, 23.166118556583768 ], [ 72.526145943883535, 23.165993110272865 ], [ 72.526119719352764, 23.16580428205496 ], [ 72.526018363210426, 23.165401246297851 ], [ 72.525873655609089, 23.165009554680012 ], [ 72.52568704871058, 23.164633138000216 ], [ 72.525460415142263, 23.164275773798856 ], [ 72.52519602920492, 23.163941048444013 ], [ 72.524896544049923, 23.163632321135065 ], [ 72.524564965054324, 23.163352690185349 ], [ 72.52420461966156, 23.163104961922524 ], [ 72.523819123990066, 23.162891622519066 ], [ 72.523412346544944, 23.162714813035823 ], [ 72.522988369397012, 23.162576307929374 ], [ 72.522551447218603, 23.162477497239195 ], [ 72.522105964587311, 23.162419372633593 ], [ 72.521656391986127, 23.16240251745463 ], [ 72.521207240941465, 23.162427100862015 ], [ 72.520763018749363, 23.162492876135019 ], [ 72.520328183244132, 23.162599183149204 ], [ 72.520129883244124, 23.162657584864295 ], [ 72.51984190710624, 23.162756558062643 ], [ 72.519728114089702, 23.162710169699743 ], [ 72.519293359705685, 23.162579709146758 ], [ 72.518846429693056, 23.162490569825696 ], [ 72.518391957377119, 23.162443675927413 ], [ 72.518240157377122, 23.162435175665774 ], [ 72.517796728774329, 23.162430509432358 ], [ 72.517354960916549, 23.162466068027946 ], [ 72.51691916006952, 23.162541504802579 ], [ 72.516493574333694, 23.162656084346938 ], [ 72.516348874333687, 23.162702285692816 ], [ 72.515923027247538, 23.162861136223473 ], [ 72.515517064097622, 23.163059161550123 ], [ 72.515135234784523, 23.163294288439278 ], [ 72.514781536559255, 23.163564055233174 ], [ 72.514657736559258, 23.163668757609479 ], [ 72.514382730768972, 23.163922445146703 ], [ 72.514132669561761, 23.164197086767803 ], [ 72.513909434095169, 23.164490616279664 ], [ 72.51383473409517, 23.164598518066384 ], [ 72.51363058616171, 23.16492544877741 ], [ 72.513459717622268, 23.165268132530922 ], [ 72.513323552457479, 23.165623713366632 ], [ 72.513223225437699, 23.165989227861836 ], [ 72.513159572666069, 23.166361629830888 ], [ 72.513134272666065, 23.16657183054388 ], [ 72.513109734173852, 23.166882560794782 ], [ 72.513104634173857, 23.167017460939299 ], [ 72.513112172033416, 23.16743969264472 ], [ 72.513166575700879, 23.167859007412357 ], [ 72.513194341895641, 23.167972611958451 ] ] ] } },
{ "type": "Feature", "properties": { "version": 1, "visible": null, "lon": null, "timestamp": 1577361609, "tags": { "visible": false }, "changeset": null, "lat": null, "id": 758691086, "natural": "water", "water": "reservoir", "wetland": null, "osm_type": "way", "grassland": null, "reef": null, "Risk": "Low" }, "geometry": { "type": "Polygon", "coordinates": [ [ [ 72.685336448819086, 23.111774532393667 ], [ 72.685382195047069, 23.111811077967872 ], [ 72.685761801651239, 23.112056083001818 ], [ 72.68616685207418, 23.112263781778871 ], [ 72.686593028385374, 23.112431960360009 ], [ 72.686678728385374, 23.112461059520044 ], [ 72.687067303716475, 23.112574849439795 ], [ 72.687465498659748, 23.112655756181066 ], [ 72.687870030873199, 23.1127031128852 ], [ 72.68827756577636, 23.112716529223984 ], [ 72.688684744037417, 23.112695894615989 ], [ 72.689088209264426, 23.11264137913777 ], [ 72.689142139130709, 23.112631774108429 ], [ 72.689228039130697, 23.112616474570608 ], [ 72.689666558657379, 23.112517098659438 ], [ 72.690092010653814, 23.112377721671198 ], [ 72.690222810653822, 23.112327923086987 ], [ 72.690650975219924, 23.112139968966758 ], [ 72.691055195795499, 23.111911525157623 ], [ 72.691430962448422, 23.111645140232138 ], [ 72.691774082709983, 23.111343786059184 ], [ 72.692080728350774, 23.111010824656152 ], [ 72.692166428350774, 23.110907126586955 ], [ 72.692436642367724, 23.110540999029993 ], [ 72.692662727107503, 23.110150387508224 ], [ 72.692842088486344, 23.109739773683255 ], [ 72.692972668521705, 23.109313868754118 ], [ 72.69301326852171, 23.109147869875031 ], [ 72.693084641119768, 23.108778392849771 ], [ 72.693119266757023, 23.108404482231027 ], [ 72.693128366757009, 23.108192882488339 ], [ 72.693122235229083, 23.10775906429058 ], [ 72.693066672475084, 23.107328228439933 ], [ 72.692962291296197, 23.106905126672807 ], [ 72.692810242911548, 23.106494425469887 ], [ 72.692719942911566, 23.106286923097628 ], [ 72.692542820601744, 23.105930036098716 ], [ 72.692329691949212, 23.105590210515196 ], [ 72.692082478899422, 23.105270510957176 ], [ 72.691803410763072, 23.104973820555728 ], [ 72.691495004112795, 23.104702814957889 ], [ 72.691323604112767, 23.104565911777893 ], [ 72.69102131943302, 23.104344701180086 ], [ 72.69069948816383, 23.104148198203095 ], [ 72.690360490695511, 23.103977856371376 ], [ 72.690006834386281, 23.103834935701631 ], [ 72.689844434386274, 23.103776834035816 ], [ 72.68937791397174, 23.103636399467703 ], [ 72.688897518554242, 23.103543628681901 ], [ 72.688663018554237, 23.103510527675404 ], [ 72.688260630867632, 23.103470695500832 ], [ 72.687855978591116, 23.103464340207278 ], [ 72.687452347024262, 23.103491513396992 ], [ 72.687053013179735, 23.10355199443546 ], [ 72.686818413179736, 23.103597595807983 ], [ 72.686365819557849, 23.10370853001735 ], [ 72.685928246816729, 23.103862213556354 ], [ 72.685510453387579, 23.104056975033679 ], [ 72.685116982609358, 23.104290696321495 ], [ 72.684954582609365, 23.104398599012342 ], [ 72.684634673553745, 23.104632230746464 ], [ 72.684339164054506, 23.10489162859907 ], [ 72.684070498259459, 23.105174646957689 ], [ 72.683830898293166, 23.105478944846709 ], [ 72.683622345877836, 23.105802005294144 ], [ 72.683550145877803, 23.105926407096462 ], [ 72.683362085830183, 23.106292587641263 ], [ 72.683213909132121, 23.106673943615579 ], [ 72.683107039685623, 23.10706681027094 ], [ 72.683042504451222, 23.107467412276243 ], [ 72.683020923579392, 23.1078719 ], [ 72.683020923579392, 23.1080337 ], [ 72.68304179803178, 23.10843152648614 ], [ 72.683104227362293, 23.108825654039197 ], [ 72.683207631294422, 23.109212419318244 ], [ 72.683351048695528, 23.109588227444551 ], [ 72.683533146510342, 23.109949585412853 ], [ 72.683752232151789, 23.11029313455462 ], [ 72.683896632151786, 23.110496431133569 ], [ 72.684186503026524, 23.110859612164763 ], [ 72.684517649908898, 23.111191599925398 ], [ 72.684886134223234, 23.111488446083612 ], [ 72.68528757331201, 23.111746620271504 ], [ 72.685336448819086, 23.111774532393667 ] ] ] } },
{ "type": "Feature", "properties": { "version": 1, "visible": null, "lon": null, "timestamp": 1577361609, "tags": { "visible": false }, "changeset": null, "lat": null, "id": 758691087, "natural": "water", "water": "reservoir", "wetland": null, "osm_type": "way", "grassland": null, "reef": null, "Risk": "Low" }, "geometry": { "type": "Polygon", "coordinates": [ [ [ 72.691608732109898, 23.085204686970286 ], [ 72.691610372292374, 23.085227460414043 ], [ 72.691678674895243, 23.085614265008267 ], [ 72.691786503938573, 23.08599337642659 ], [ 72.691932889512714, 23.086361384685379 ], [ 72.692116514896554, 23.086714979697842 ], [ 72.692335728401218, 23.087050981044086 ], [ 72.692378628401215, 23.087110180034717 ], [ 72.692657739026856, 23.08745500915769 ], [ 72.69297428939673, 23.087771291441609 ], [ 72.693324852381494, 23.088055602872402 ], [ 72.693548335380882, 23.088201897220582 ], [ 72.693569429496506, 23.088229099942943 ], [ 72.693850015153004, 23.088526408554156 ], [ 72.694160089183129, 23.088797799449566 ], [ 72.694496836085733, 23.089040808538456 ], [ 72.694857198167483, 23.089253229435055 ], [ 72.69523790330706, 23.089433133486949 ], [ 72.695635494666234, 23.089578887281998 ], [ 72.696046362078349, 23.089689167475051 ], [ 72.696466774828949, 23.089762972799956 ], [ 72.696541874828938, 23.089772772501682 ], [ 72.696997192093733, 23.089810569795127 ], [ 72.697454327592467, 23.089805595378792 ], [ 72.69790854547422, 23.089757900782111 ], [ 72.698355140114103, 23.089667980068445 ], [ 72.698789484862772, 23.08953676471852 ], [ 72.699207079977839, 23.089365613983922 ], [ 72.699603599240433, 23.089156300810316 ], [ 72.699974934774204, 23.088910993476198 ], [ 72.700317239602143, 23.088632233137005 ], [ 72.700626967500767, 23.088322907506964 ], [ 72.700900909738408, 23.087986220951041 ], [ 72.701136228317125, 23.087625661296496 ], [ 72.701197977616147, 23.08750464748654 ], [ 72.701265397464013, 23.087406474763007 ], [ 72.701351197463993, 23.087268376869449 ], [ 72.701552645579923, 23.086897455504932 ], [ 72.701676628771892, 23.086693684653611 ], [ 72.701747399999746, 23.086549425192654 ], [ 72.701949736828624, 23.086194541864671 ], [ 72.702066011759982, 23.085917649507369 ], [ 72.702238817437845, 23.085560312375254 ], [ 72.702375126927294, 23.085185569408139 ], [ 72.702471898196421, 23.084800560469574 ], [ 72.702528246117907, 23.084408807006476 ], [ 72.702533646117914, 23.084349607158629 ], [ 72.702548960569374, 23.0839478751023 ], [ 72.702521768243869, 23.083546673990053 ], [ 72.702452326504286, 23.083149801028284 ], [ 72.70234129258489, 23.082761012492554 ], [ 72.702189717370842, 23.082383988174072 ], [ 72.70199903545209, 23.082022296548907 ], [ 72.701771051545634, 23.081679360999704 ], [ 72.701507923414681, 23.081358427409793 ], [ 72.701212141446419, 23.081062533436455 ], [ 72.700886505081669, 23.080794479754605 ], [ 72.70053409631943, 23.080556803543086 ], [ 72.700158250547119, 23.080351754464864 ], [ 72.699762524972812, 23.080181273368755 ], [ 72.699350664957734, 23.080046973914349 ], [ 72.699204089812284, 23.080013502032941 ], [ 72.698844144476624, 23.079890042765491 ], [ 72.698428476499458, 23.079787887925082 ], [ 72.698298986998083, 23.079762106732108 ], [ 72.698217095449778, 23.079743308709286 ], [ 72.697677486857941, 23.07965123361722 ], [ 72.6971297, 23.079620388403082 ], [ 72.697022499999989, 23.079620388403082 ], [ 72.696544660195642, 23.079643838212114 ], [ 72.696072243938971, 23.079713921456257 ], [ 72.695610613219642, 23.079829842609012 ], [ 72.695165007610001, 23.079990285832888 ], [ 72.694987907609999, 23.080064287903621 ], [ 72.694689429908905, 23.080201532015231 ], [ 72.694402851375543, 23.080358782500973 ], [ 72.694022051375526, 23.080585788355897 ], [ 72.693747939591915, 23.080762885307269 ], [ 72.693488936088016, 23.080958281904017 ], [ 72.693349436088027, 23.081071784517057 ], [ 72.693063808956936, 23.081325754824729 ], [ 72.692803690714257, 23.081601947470908 ], [ 72.692724411404669, 23.081702933799875 ], [ 72.692605009856607, 23.081820409533687 ], [ 72.692332066244063, 23.082149619102882 ], [ 72.692096306116923, 23.082502303614614 ], [ 72.691900096635138, 23.082874921754275 ], [ 72.6917454078486, 23.083263732083338 ], [ 72.691633792916917, 23.083664830611433 ], [ 72.691566372514657, 23.084074189999473 ], [ 72.691543823579394, 23.0844877 ], [ 72.691543823579394, 23.084537 ], [ 72.691567600547941, 23.084961590198219 ], [ 72.691608732109898, 23.085204686970286 ] ] ] } },
{ "type": "Feature", "properties": { "version": 1, "visible": null, "lon": null, "timestamp": 1577361609, "tags": { "visible": false }, "changeset": null, "lat": null, "id": 758691088, "natural": "water", "water": "reservoir", "wetland": null, "osm_type": "way", "grassland": null, "reef": null, "Risk": "Low" }, "geometry": { "type": "Polygon", "coordinates": [ [ [ 72.696963715078184, 23.059124243768121 ], [ 72.696935241604081, 23.05947423825576 ], [ 72.696941885114626, 23.059850044999635 ], [ 72.696985609411001, 23.060223741124172 ], [ 72.69706605283227, 23.060592235671546 ], [ 72.697182549999155, 23.060952480732965 ], [ 72.697225449999166, 23.061065979588168 ], [ 72.697396670635968, 23.061454290182258 ], [ 72.697609750630477, 23.061824649605899 ], [ 72.697862499093915, 23.062173249986326 ], [ 72.698152317266207, 23.062496507196322 ], [ 72.698476225236519, 23.062791097698742 ], [ 72.698626425236512, 23.062914494872256 ], [ 72.698973043511415, 23.063172006409619 ], [ 72.699345683309886, 23.063396657396314 ], [ 72.699740678539328, 23.063586237847982 ], [ 72.700154143170764, 23.063738882792148 ], [ 72.700582009470097, 23.063853090610195 ], [ 72.701020068017243, 23.063927737805521 ], [ 72.70146400911905, 23.063962090052765 ], [ 72.701909465208871, 23.063955809419685 ], [ 72.702352053815304, 23.063908957690526 ], [ 72.702787420677723, 23.063821995758428 ], [ 72.703211282584277, 23.063695779092715 ], [ 72.703522382584296, 23.063587182210714 ], [ 72.70386774103153, 23.063451166690328 ], [ 72.704199537946906, 23.06328907351844 ], [ 72.704264025602214, 23.063250893637882 ], [ 72.704535577522378, 23.06315165046292 ], [ 72.704937010817545, 23.062959904893226 ], [ 72.704939966435845, 23.062958124828295 ], [ 72.704959155069488, 23.062951508244858 ], [ 72.705322500058017, 23.06280916213337 ], [ 72.705670851153599, 23.062638001446928 ], [ 72.706001515461423, 23.062439349219716 ], [ 72.706043015461432, 23.0624119499033 ], [ 72.706108357120954, 23.062364335441238 ], [ 72.706194776223541, 23.062313130258062 ], [ 72.706290726602944, 23.062262401243348 ], [ 72.706663354559339, 23.06201566227589 ], [ 72.706834054559337, 23.061889965289378 ], [ 72.707118362906158, 23.061661950449952 ], [ 72.707380878005225, 23.061412793056856 ], [ 72.707619748898793, 23.061144249772216 ], [ 72.707699448898794, 23.061046551573082 ], [ 72.707931925071534, 23.060732473502092 ], [ 72.708132063983555, 23.06040007517905 ], [ 72.708298173501674, 23.060052166838176 ], [ 72.708428849204211, 23.05969168986411 ], [ 72.708522986255105, 23.059321691926758 ], [ 72.708579788744984, 23.058945301216859 ], [ 72.708598776420587, 23.0585657 ], [ 72.708598776420587, 23.0584505 ], [ 72.70857963263866, 23.058069343455514 ], [ 72.708522364480331, 23.057691434939798 ], [ 72.708427460116766, 23.057319995900823 ], [ 72.708295728541671, 23.056958192664457 ], [ 72.708128292675028, 23.056609109441446 ], [ 72.707926579791135, 23.056275722033629 ], [ 72.707877279791134, 23.056202420849335 ], [ 72.70761656800596, 23.055855658637849 ], [ 72.707318813293995, 23.055535143100546 ], [ 72.706987115046914, 23.055244210750036 ], [ 72.706624925981828, 23.05498589016354 ], [ 72.706236016201203, 23.054762870449391 ], [ 72.705824433949076, 23.054577473247484 ], [ 72.705771333949087, 23.054556572657521 ], [ 72.705354791990388, 23.054414600450603 ], [ 72.704925046440692, 23.054311180469412 ], [ 72.704486300424563, 23.054247324302356 ], [ 72.704042845095543, 23.054223656550974 ], [ 72.703599017666619, 23.054240408718798 ], [ 72.703586504347783, 23.054241453193153 ], [ 72.703287831184795, 23.054140222153414 ], [ 72.702859183163596, 23.054037708479008 ], [ 72.702421646660554, 23.053974536898558 ], [ 72.70197947578518, 23.053951321676607 ], [ 72.701536969706297, 23.053968288552351 ], [ 72.701453569706302, 23.053975288766374 ], [ 72.700996479889568, 23.054035585944455 ], [ 72.700548533683119, 23.054138746116845 ], [ 72.70011446551112, 23.05428367886816 ], [ 72.699698863118272, 23.054468852246071 ], [ 72.699306119081129, 23.054692308958341 ], [ 72.698940384382169, 23.05495168706662 ], [ 72.698730959957516, 23.055134655535216 ], [ 72.698603084278517, 23.055235781011415 ], [ 72.698285020970133, 23.055545080812461 ], [ 72.698003233901417, 23.055882851182336 ], [ 72.697885633901407, 23.056039953918326 ], [ 72.697682287139926, 23.056338021991817 ], [ 72.697507237992269, 23.056650926959872 ], [ 72.697361755794418, 23.056976399755555 ], [ 72.697282055794432, 23.057178801872464 ], [ 72.697131220147156, 23.057646328557027 ], [ 72.697041291465396, 23.058126947344551 ], [ 72.697016891465381, 23.058327548029595 ], [ 72.696989023579391, 23.0587872 ], [ 72.696989023579391, 23.058821549625552 ], [ 72.696965607727904, 23.059077276109807 ], [ 72.696963715078184, 23.059124243768121 ] ] ] } },
{ "type": "Feature", "properties": { "version": 1, "visible": null, "lon": null, "timestamp": 1577361609, "tags": { "visible": false }, "changeset": null, "lat": null, "id": 758691089, "natural": "water", "water": "reservoir", "wetland": null, "osm_type": "way", "grassland": null, "reef": null, "Risk": "Low" }, "geometry": { "type": "Polygon", "coordinates": [ [ [ 72.70082556098167, 23.060983799045289 ], [ 72.700776193039999, 23.06120349641094 ], [ 72.700757093040011, 23.061314996944013 ], [ 72.700709673595028, 23.06172207612531 ], [ 72.700706264252176, 23.062131473453103 ], [ 72.700746898472204, 23.062539170925334 ], [ 72.700831177453594, 23.062941167259371 ], [ 72.700958274046656, 23.063333517161023 ], [ 72.701126940871447, 23.063712370042602 ], [ 72.701335522560143, 23.064074007810291 ], [ 72.701581972003467, 23.064414881350068 ], [ 72.701863870441898, 23.064731645354197 ], [ 72.701924470441895, 23.064793244084704 ], [ 72.702249348011847, 23.065091344877281 ], [ 72.702550351161506, 23.065316144895533 ], [ 72.702863001740013, 23.065628438948124 ], [ 72.703213129672903, 23.065912392337484 ], [ 72.703593394242446, 23.066161383158761 ], [ 72.703999689387345, 23.066372723033179 ], [ 72.704427627970659, 23.066544130114664 ], [ 72.704580727970665, 23.066596928596262 ], [ 72.705032764992495, 23.066728241171905 ], [ 72.705497326335589, 23.066814990539577 ], [ 72.705969237565256, 23.066856210543531 ], [ 72.706122337565233, 23.066862110362493 ], [ 72.706574167041978, 23.066858593218523 ], [ 72.706582227043796, 23.066857780941781 ], [ 72.706629886808273, 23.066859362715125 ], [ 72.707087770411249, 23.066831453223084 ], [ 72.707540169188391, 23.066760705479716 ], [ 72.707982361030858, 23.066647857878568 ], [ 72.707993577099828, 23.06664441890576 ], [ 72.70821164565487, 23.066616375644138 ], [ 72.708676808857774, 23.066509056809345 ], [ 72.709126884308873, 23.066356720001973 ], [ 72.70955674123276, 23.066161101683551 ], [ 72.70996147934143, 23.065924431682877 ], [ 72.709983879341436, 23.065909732050411 ], [ 72.710327962948739, 23.065659751310946 ], [ 72.71064391812024, 23.065380096665368 ], [ 72.710928734512663, 23.065073432418263 ], [ 72.711179698465457, 23.064742680217098 ], [ 72.711394418855718, 23.06439099122208 ], [ 72.711570849880374, 23.064021716089002 ], [ 72.711579856205958, 23.063996415702579 ], [ 72.711653879682416, 23.063846464516821 ], [ 72.711796492234072, 23.06346040019071 ], [ 72.711897059478801, 23.063063283107503 ], [ 72.711954602351057, 23.062658979292991 ], [ 72.711968560646142, 23.062251424772501 ], [ 72.711961274979799, 23.062151832611548 ], [ 72.7119628764206, 23.0621227 ], [ 72.7119628764206, 23.0620435 ], [ 72.711947471802148, 23.061701525370633 ], [ 72.711901363612256, 23.061361895600463 ], [ 72.711884345297833, 23.061287376589558 ], [ 72.711882453561515, 23.06126008962389 ], [ 72.711821863523312, 23.060897413728636 ], [ 72.711726548191336, 23.060541111444593 ], [ 72.711678748191332, 23.060391410148842 ], [ 72.711529519941834, 23.059998430327148 ], [ 72.711338081556804, 23.059621255844124 ], [ 72.711106375395147, 23.059263713709878 ], [ 72.710836752377858, 23.058929431764007 ], [ 72.710531948135326, 23.058621801860184 ], [ 72.710424819915161, 23.058533446647786 ], [ 72.710307468564125, 23.05842220876173 ], [ 72.710292630484403, 23.058379599684699 ], [ 72.710119467689879, 23.05801040944246 ], [ 72.70990813058701, 23.05765844961433 ], [ 72.709660619848407, 23.057327052258987 ], [ 72.709379278592948, 23.057019354790771 ], [ 72.70923970731144, 23.056893817988644 ], [ 72.709229181919653, 23.056881201566902 ], [ 72.709155881919642, 23.056801999990302 ], [ 72.708855874159383, 23.056508167852069 ], [ 72.708526178716028, 23.056242629544084 ], [ 72.708169933062734, 23.056007912176796 ], [ 72.707790527331724, 23.055806249552194 ], [ 72.707391572053027, 23.05563956090004 ], [ 72.706976863795504, 23.055509432608144 ], [ 72.706550349037784, 23.055417103120845 ], [ 72.706116086612411, 23.055363451149539 ], [ 72.705678209080844, 23.055348987307635 ], [ 72.705240883406915, 23.05537384924968 ], [ 72.705154683406917, 23.055382649518211 ], [ 72.704714620685905, 23.055448054226204 ], [ 72.704283771054378, 23.055553272896358 ], [ 72.70386637819847, 23.055697269077559 ], [ 72.703466553260796, 23.055878624346729 ], [ 72.703088234347362, 23.0560955522845 ], [ 72.702735147739048, 23.056345916076424 ], [ 72.702410771189165, 23.056627249566247 ], [ 72.702118299669138, 23.056936781553535 ], [ 72.702083199669133, 23.056977882333232 ], [ 72.701844219147389, 23.057285746410773 ], [ 72.701636837671089, 23.057612428076499 ], [ 72.701462793137665, 23.057955189547254 ], [ 72.701323544074469, 23.058311158303081 ], [ 72.701220257415997, 23.058677351163247 ], [ 72.701153798724704, 23.059050699288985 ], [ 72.701141098724719, 23.059150499645352 ], [ 72.701112339978025, 23.059516860548335 ], [ 72.701119049772117, 23.059884122909232 ], [ 72.701123007573202, 23.059918440464887 ], [ 72.701010502237679, 23.060194265807837 ], [ 72.700898618777856, 23.060576198688075 ], [ 72.700826934339332, 23.060966222925966 ], [ 72.70082556098167, 23.060983799045289 ] ] ] } },
{ "type": "Feature", "properties": { "version": 1, "visible": null, "lon": null, "timestamp": 1577361609, "tags": { "visible": false }, "changeset": null, "lat": null, "id": 758691090, "natural": "water", "water": "reservoir", "wetland": null, "osm_type": "way", "grassland": null, "reef": null, "Risk": "Low" }, "geometry": { "type": "Polygon", "coordinates": [ [ [ 72.715901169395778, 23.031843655473413 ], [ 72.715642805688262, 23.03216592680544 ], [ 72.715414263489194, 23.032520035828068 ], [ 72.715225147508164, 23.032893316497763 ], [ 72.715077335278252, 23.033282062761067 ], [ 72.714953935278231, 23.033667166102152 ], [ 72.71485621381656, 23.034032748055473 ], [ 72.714795042304516, 23.034404995051741 ], [ 72.71477092820318, 23.034780818995852 ], [ 72.714765528203188, 23.035151019148277 ], [ 72.714778004672922, 23.035519317739112 ], [ 72.714826073055463, 23.035885129389868 ], [ 72.714909351354365, 23.036245547050136 ], [ 72.715016651354361, 23.036625744118364 ], [ 72.71515356321737, 23.037026095282034 ], [ 72.715333887167091, 23.037411604364319 ], [ 72.715555763957212, 23.037778296683133 ], [ 72.715663063957209, 23.037936194114852 ], [ 72.715901454033514, 23.038253103667486 ], [ 72.716170885506031, 23.038548200173768 ], [ 72.716469015548412, 23.038818917789815 ], [ 72.716793251787536, 23.039062902659325 ], [ 72.717140774845319, 23.039278033376043 ], [ 72.717508562854391, 23.039462439425133 ], [ 72.717893417734686, 23.039614517443166 ], [ 72.718108017734693, 23.039688615314841 ], [ 72.718509224194449, 23.039807701026852 ], [ 72.718920795877324, 23.039891648456944 ], [ 72.719339107288221, 23.039939718186517 ], [ 72.719760473562488, 23.039951486812505 ], [ 72.720087673562489, 23.039946486965874 ], [ 72.720488312065683, 23.039923857971843 ], [ 72.720885155424639, 23.039868404872912 ], [ 72.721275034364226, 23.039780570489125 ], [ 72.721654835228648, 23.039661056221995 ], [ 72.722021524847761, 23.039510816454957 ], [ 72.722171724847755, 23.039441718351043 ], [ 72.722567624024052, 23.039235909298078 ], [ 72.722938882639369, 23.038994319874817 ], [ 72.723281695873453, 23.03871942580982 ], [ 72.723592550426886, 23.038414044142769 ], [ 72.723868260526601, 23.038081304362162 ], [ 72.724106000575262, 23.037724616340952 ], [ 72.724170400575275, 23.037616017936827 ], [ 72.724377066872876, 23.037218469740999 ], [ 72.724536564324509, 23.036802931348639 ], [ 72.724647079807582, 23.036374126340338 ], [ 72.724707357012903, 23.035936929148932 ], [ 72.724716710726, 23.035496309652984 ], [ 72.724706010725995, 23.035205109351107 ], [ 72.724655220713899, 23.034709579474313 ], [ 72.724540077404242, 23.034223258398971 ], [ 72.724507973574262, 23.034118457600659 ], [ 72.72450498703229, 23.034095623824872 ], [ 72.724496133315512, 23.033992458495909 ], [ 72.72443042037942, 23.033542891464243 ], [ 72.724311573456504, 23.033102656634263 ], [ 72.724225773456524, 23.032845954319381 ], [ 72.724082404523116, 23.032479443186176 ], [ 72.723902182521442, 23.032126978583964 ], [ 72.723686707983219, 23.031791690834147 ], [ 72.723437894514049, 23.031476557729182 ], [ 72.723157951798953, 23.03118437808218 ], [ 72.722849365978277, 23.030917746865637 ], [ 72.72251487756867, 23.030679032160169 ], [ 72.722157457124823, 23.030470354118268 ], [ 72.721780278858276, 23.030293566130023 ], [ 72.721386692447652, 23.030150238358257 ], [ 72.721182792447635, 23.030086036495181 ], [ 72.720746760988277, 23.029971020759064 ], [ 72.7203003480886, 23.029897063587359 ], [ 72.719848106387587, 23.029864919283202 ], [ 72.719394647967917, 23.029874915692794 ], [ 72.718944597320643, 23.029926950860716 ], [ 72.718502544183494, 23.030020494070104 ], [ 72.718072996733412, 23.030154591256977 ], [ 72.717660335610958, 23.030327874743509 ], [ 72.717268769245393, 23.0305385771908 ], [ 72.716902290935991, 23.030784549628684 ], [ 72.716564638127224, 23.031063283378383 ], [ 72.716259254293377, 23.031371935644259 ], [ 72.715989253821022, 23.031707358513298 ], [ 72.715901169395778, 23.031843655473413 ] ] ] } },
{ "type": "Feature", "properties": { "version": 1, "visible": null, "lon": null, "timestamp": 1577361609, "tags": { "visible": false }, "changeset": null, "lat": null, "id": 758691091, "natural": "water", "water": "reservoir", "wetland": null, "osm_type": "way", "grassland": null, "reef": null, "Risk": "Low" }, "geometry": { "type": "Polygon", "coordinates": [ [ [ 72.720852968439999, 23.041558394356827 ], [ 72.720953568439995, 23.041549894616512 ], [ 72.721394824227204, 23.04149217866992 ], [ 72.721827691771267, 23.041394504526252 ], [ 72.722247908958153, 23.041257833822144 ], [ 72.722651338232183, 23.041083512132719 ], [ 72.723034007335329, 23.040873255727323 ], [ 72.723392148419038, 23.040629134676315 ], [ 72.723722235143285, 23.040353552475096 ], [ 72.724021017397774, 23.040049222385669 ], [ 72.724285553303289, 23.039719140728479 ], [ 72.724513238178062, 23.039366557387197 ], [ 72.724701830184102, 23.038994943816519 ], [ 72.724849472400876, 23.038607958867825 ], [ 72.724954711108936, 23.038209412768868 ], [ 72.724972811108941, 23.038122213270778 ], [ 72.725032174621333, 23.037740213902072 ], [ 72.725052567831042, 23.037354783618458 ], [ 72.725033812992905, 23.03696928177607 ], [ 72.724976073572194, 23.036587068383493 ], [ 72.724903366659163, 23.036303260172804 ], [ 72.724886813538888, 23.036210952538998 ], [ 72.724838298265595, 23.035831540826734 ], [ 72.724781564339196, 23.035502642921877 ], [ 72.724696243709829, 23.03517901464177 ], [ 72.724635543709837, 23.034983512994181 ], [ 72.724521905892985, 23.034666557371853 ], [ 72.724380850697358, 23.034359071685447 ], [ 72.724320150697352, 23.034240370135045 ], [ 72.724118218323397, 23.033890138550714 ], [ 72.723880752557434, 23.033559321702615 ], [ 72.723609938201506, 23.033250963422521 ], [ 72.723308266881176, 23.032967900922003 ], [ 72.722978514121266, 23.032712738682669 ], [ 72.72262371380971, 23.032487824487522 ], [ 72.722247130284202, 23.032295227814163 ], [ 72.7218522282988, 23.03213672078882 ], [ 72.721442641146396, 23.032013761876733 ], [ 72.72138194114639, 23.031998461424095 ], [ 72.721283008909268, 23.031974634721571 ], [ 72.721192008909284, 23.03195373409957 ], [ 72.720770519771662, 23.031876430713528 ], [ 72.720342931857743, 23.031836554154911 ], [ 72.719913160023637, 23.031834469553818 ], [ 72.719485139120621, 23.031870195997929 ], [ 72.719062787969094, 23.031943406357684 ], [ 72.718649973478989, 23.032053430282438 ], [ 72.718434073478988, 23.032121432255877 ], [ 72.718034448241141, 23.032267315207648 ], [ 72.717651809102961, 23.032447690848873 ], [ 72.717289661655172, 23.032660906513456 ], [ 72.716951323751516, 23.032905008651792 ], [ 72.716639895112053, 23.033177760733949 ], [ 72.716358228924591, 23.03347666374577 ], [ 72.716108905704999, 23.033798979089934 ], [ 72.715894209655445, 23.03414175368194 ], [ 72.71571610773745, 23.03450184701083 ], [ 72.715576231651411, 23.034875959916612 ], [ 72.715549731651421, 23.034959660634822 ], [ 72.71544349638917, 23.035373343195978 ], [ 72.715383990385391, 23.035794877624742 ], [ 72.715371842964345, 23.036219805800105 ], [ 72.715407182594873, 23.036643633751211 ], [ 72.715489635531696, 23.037061879185195 ], [ 72.715535135531695, 23.03723997793481 ], [ 72.715673021880335, 23.03767236916374 ], [ 72.715805821880338, 23.038017865629286 ], [ 72.715827466466408, 23.038072932829785 ], [ 72.715994366466418, 23.038488328410413 ], [ 72.716036868123851, 23.038589972706241 ], [ 72.716158268123863, 23.038869269524056 ], [ 72.716339495059088, 23.039233851224601 ], [ 72.716558252248007, 23.039580559833748 ], [ 72.716812481581613, 23.039906133601409 ], [ 72.717099791222267, 23.040207509631816 ], [ 72.717213491222253, 23.040315707324254 ], [ 72.717538943541157, 23.040596118052129 ], [ 72.717893001999528, 23.040845455723336 ], [ 72.718272178136417, 23.041061263846807 ], [ 72.71867273601184, 23.041241416277764 ], [ 72.71909072901623, 23.041384138159625 ], [ 72.719522038755443, 23.041488023405545 ], [ 72.719962415628459, 23.041552048547537 ], [ 72.720407520697776, 23.041575582816904 ], [ 72.720852968439999, 23.041558394356827 ] ] ] } },
{ "type": "Feature", "properties": { "version": 1, "visible": null, "lon": null, "timestamp": 1577361609, "tags": { "visible": false }, "changeset": null, "lat": null, "id": 758691092, "natural": "water", "water": "reservoir", "wetland": null, "osm_type": "way", "grassland": null, "reef": null, "Risk": "Low" }, "geometry": { "type": "Polygon", "coordinates": [ [ [ 72.66475585349626, 23.041376676330845 ], [ 72.664726330792519, 23.0415738329188 ], [ 72.664710131059422, 23.041992130169373 ], [ 72.664739987766652, 23.04240978897095 ], [ 72.664815594730186, 23.042822526209125 ], [ 72.664936176591723, 23.04322610927942 ], [ 72.665100496770066, 23.043616399490471 ], [ 72.665306870142459, 23.043989394502717 ], [ 72.665368570142462, 23.044088192992191 ], [ 72.665559155527163, 23.044367027290132 ], [ 72.665773265871522, 23.044631009523417 ], [ 72.665853665871495, 23.044722307759603 ], [ 72.666133254166169, 23.045011055180645 ], [ 72.666440947523583, 23.045274490992565 ], [ 72.666599949078858, 23.045387054564888 ], [ 72.666813001800421, 23.045566468858137 ], [ 72.667172899305115, 23.045813609653859 ], [ 72.667557816412071, 23.046026445661202 ], [ 72.66796390555028, 23.046202849571944 ], [ 72.66805510555028, 23.046237448590361 ], [ 72.668476086323693, 23.046375044418784 ], [ 72.668909839101246, 23.046473476840017 ], [ 72.669352072764752, 23.046531772148317 ], [ 72.669798412294597, 23.046549353680252 ], [ 72.670244442051754, 23.046526047517585 ], [ 72.670685749461825, 23.046462084207182 ], [ 72.671117968668611, 23.046358096481075 ], [ 72.67116896866861, 23.046343296914202 ], [ 72.67158499666985, 23.046201427561801 ], [ 72.671983784296344, 23.046022481002684 ], [ 72.672361440404828, 23.04580820315196 ], [ 72.672714280041347, 23.045560684648152 ], [ 72.673038860397028, 23.045282340460282 ], [ 72.673332014400998, 23.044975886330846 ], [ 72.6735908816229, 23.044644312284202 ], [ 72.673812936183324, 23.044290853458687 ], [ 72.673996011399922, 23.043918958546712 ], [ 72.674138320928648, 23.043532256150492 ], [ 72.674238476193906, 23.043134519381614 ], [ 72.674295499937472, 23.042729629049408 ], [ 72.674300738149356, 23.04256933313124 ], [ 72.674333116568093, 23.042250339285552 ], [ 72.674338516568099, 23.042121939437916 ], [ 72.674341876420598, 23.0419621 ], [ 72.674341876420598, 23.0418338 ], [ 72.674320499820652, 23.041431028845832 ], [ 72.674256573494603, 23.041032090293413 ], [ 72.674150705927033, 23.040640781701661 ], [ 72.674003904821461, 23.04026082783518 ], [ 72.673817567508408, 23.039895845406868 ], [ 72.673593467645006, 23.039549308647906 ], [ 72.673333738332261, 23.03922451623303 ], [ 72.673274738332282, 23.03915781494112 ], [ 72.67298631073173, 23.03886200535846 ], [ 72.672668343866533, 23.038593054336431 ], [ 72.672323777478709, 23.038353448612071 ], [ 72.671955797234503, 23.038145403606553 ], [ 72.67156780527138, 23.037970842936691 ], [ 72.671163388743878, 23.037831380624731 ], [ 72.67074628665884, 23.037728306171076 ], [ 72.670660386658852, 23.037711105655426 ], [ 72.670253719941428, 23.037647513766398 ], [ 72.669842428602678, 23.03761852259219 ], [ 72.669617786270422, 23.037621711059685 ], [ 72.669373749181545, 23.037609722873789 ], [ 72.669210049181544, 23.037612122947412 ], [ 72.668808181106101, 23.037634622344928 ], [ 72.668410116847028, 23.037690147406838 ], [ 72.668019054762738, 23.037778251961065 ], [ 72.667638136950842, 23.037898228043915 ], [ 72.66727042400187, 23.038049111590404 ], [ 72.667216824001883, 23.03807381226801 ], [ 72.666841872545106, 23.038267800350962 ], [ 72.666488805135117, 23.038493904806099 ], [ 72.666160859882154, 23.038750051790821 ], [ 72.665861044491976, 23.039033891923399 ], [ 72.665592108681054, 23.039342821835938 ], [ 72.665356518957978, 23.039674008056974 ], [ 72.665156436002221, 23.040024413004172 ], [ 72.664993694847652, 23.040390822848693 ], [ 72.664869788052854, 23.040769876995423 ], [ 72.66485908805285, 23.040809377288568 ], [ 72.664769371837821, 23.041234279114729 ], [ 72.66475585349626, 23.041376676330845 ] ] ] } },
{ "type": "Feature", "properties": { "version": 1, "visible": null, "lon": null, "timestamp": 1598445939, "tags": { "visible": false }, "changeset": null, "lat": null, "id": 840909755, "natural": "wetland", "water": null, "wetland": null, "osm_type": "way", "grassland": null, "reef": null, "Risk": "Low" }, "geometry": { "type": "Polygon", "coordinates": [ [ [ 72.578349828568037, 22.961333078752101 ], [ 72.578355608286174, 22.961362724678924 ], [ 72.578483695126025, 22.961771896460487 ], [ 72.578656797851949, 22.962166770776825 ], [ 72.578873081282566, 22.962543161436049 ], [ 72.579130252448081, 22.962897078231574 ], [ 72.579425584899582, 22.963224769237868 ], [ 72.57945768489958, 22.963256868572905 ], [ 72.579774912580504, 22.963544132792741 ], [ 72.57983281900411, 22.963587069877807 ], [ 72.580028395060836, 22.963784870765281 ], [ 72.580060595060857, 22.963814470124646 ], [ 72.58036815721475, 22.964072147831907 ], [ 72.580700282559945, 22.964302531457736 ], [ 72.581054124443966, 22.964503646523983 ], [ 72.581426650081539, 22.964673769403763 ], [ 72.581814666548553, 22.964811442090131 ], [ 72.581822543157074, 22.964813857595196 ], [ 72.581872998239433, 22.964832318429821 ], [ 72.582305163426241, 22.964967466460948 ], [ 72.582749993350049, 22.965061534907363 ], [ 72.583202894871036, 22.965113552541531 ], [ 72.583275394871038, 22.965118452392069 ], [ 72.583724207376818, 22.965128072076546 ], [ 72.584171821003096, 22.965096391809286 ], [ 72.584613764068095, 22.96502372804888 ], [ 72.585045621539223, 22.964910806644536 ], [ 72.585463079139444, 22.964758755587422 ], [ 72.585861966447126, 22.964569093745947 ], [ 72.586238298558797, 22.964343715697304 ], [ 72.586315998558817, 22.964291916980493 ], [ 72.586694031955403, 22.964009949228508 ], [ 72.587036726102852, 22.963691988275833 ], [ 72.587340060409105, 22.963341764297375 ], [ 72.587600476063727, 22.962963385993675 ], [ 72.587638076063712, 22.96290158691739 ], [ 72.587663060300216, 22.962854855312163 ], [ 72.587672772258003, 22.962839799625051 ], [ 72.587680742693905, 22.962829334838609 ], [ 72.587705375627223, 22.962789257164363 ], [ 72.58778304579225, 22.96266885108858 ], [ 72.587802002789658, 22.962632045081012 ], [ 72.587894365723756, 22.962481770712643 ], [ 72.588070584173963, 22.962116854299644 ], [ 72.588207754828261, 22.961737988275829 ], [ 72.58830459858649, 22.961348705420107 ], [ 72.588333235905154, 22.961144756646359 ], [ 72.588346373349282, 22.961084468293514 ], [ 72.588390305973078, 22.960681678521038 ], [ 72.588391260733843, 22.960276862312021 ], [ 72.588349228483963, 22.959873898238158 ], [ 72.588264611937376, 22.959476647160187 ], [ 72.588138221811107, 22.959088915235434 ], [ 72.58807485229579, 22.958946768895096 ], [ 72.588020147131274, 22.958747973399134 ], [ 72.58788030778517, 22.958385386519865 ], [ 72.587704478175709, 22.95803633428028 ], [ 72.587494180185971, 22.957703837998192 ], [ 72.587251234038149, 22.957390775708426 ], [ 72.587221734038152, 22.957356275055808 ], [ 72.586956379298442, 22.957073259643604 ], [ 72.586664350715509, 22.956813466840988 ], [ 72.586546704240675, 22.956726269705303 ], [ 72.586545487170667, 22.956725059668621 ], [ 72.586211491931536, 22.956452927620294 ], [ 72.585849834693718, 22.956212635469157 ], [ 72.585464080996715, 22.956006552404926 ], [ 72.585380880996709, 22.955967051331402 ], [ 72.584991201412493, 22.955803205858484 ], [ 72.584586342762535, 22.955674288771498 ], [ 72.58416998777642, 22.955581472844582 ], [ 72.583745923758244, 22.95552560243738 ], [ 72.583517620371197, 22.955515776720208 ], [ 72.583194139093592, 22.95549173627164 ], [ 72.582739891299042, 22.955500380387885 ], [ 72.582288915884916, 22.955551236669763 ], [ 72.581845827369548, 22.955643784693098 ], [ 72.581415159570156, 22.955777077393893 ], [ 72.581001319211325, 22.955949750762453 ], [ 72.580918119211304, 22.955989251835977 ], [ 72.580532346222412, 22.956195346422817 ], [ 72.580170672361177, 22.956435653509786 ], [ 72.579836663698046, 22.956707803516025 ], [ 72.579533613527204, 22.957009112884414 ], [ 72.579463913527206, 22.957085714388683 ], [ 72.579202362340965, 22.957403036874112 ], [ 72.578975179730094, 22.957742057038477 ], [ 72.578784473421464, 22.958099629411382 ], [ 72.578715500218166, 22.95826828739164 ], [ 72.578641021307618, 22.958400399370124 ], [ 72.578469905986125, 22.958801076975252 ], [ 72.578443005986131, 22.958875177693603 ], [ 72.578320949327846, 22.959278145076492 ], [ 72.578243728659587, 22.95969040347633 ], [ 72.578212134100923, 22.96010773461186 ], [ 72.578209534100907, 22.960233734685051 ], [ 72.578221102911257, 22.960619143345667 ], [ 72.578271600482935, 22.961001884138934 ], [ 72.578349828568037, 22.961333078752101 ] ] ] } },
{ "type": "Feature", "properties": { "version": 1, "visible": null, "lon": null, "timestamp": 1598445939, "tags": { "visible": false }, "changeset": null, "lat": null, "id": 840909756, "natural": "wetland", "water": null, "wetland": null, "osm_type": "way", "grassland": null, "reef": null, "Risk": "Low" }, "geometry": { "type": "Polygon", "coordinates": [ [ [ 72.575812747013188, 22.955279305083305 ], [ 72.575788064071276, 22.955569362141205 ], [ 72.575801138468407, 22.956006329443582 ], [ 72.575806538468399, 22.956068029292044 ], [ 72.575856014244422, 22.956431444849049 ], [ 72.575940212829423, 22.956789403947162 ], [ 72.576058473906059, 22.957139099389504 ], [ 72.576209870026119, 22.95747778880612 ], [ 72.576244770026108, 22.957546987914945 ], [ 72.576465322867648, 22.95793028740691 ], [ 72.57672826226019, 22.95829020701516 ], [ 72.577030695761067, 22.958622787676017 ], [ 72.577369296475965, 22.95892437107824 ], [ 72.577462946614446, 22.958991828942093 ], [ 72.577640129648955, 22.959136832128053 ], [ 72.578021559253756, 22.959388652047874 ], [ 72.578429444912672, 22.95960244721147 ], [ 72.578859332928246, 22.959775883377809 ], [ 72.578902232928243, 22.959790782951529 ], [ 72.579125208261104, 22.959856940834769 ], [ 72.579194912591646, 22.959885951736389 ], [ 72.579618889893169, 22.960017439077255 ], [ 72.580054969914272, 22.960109437988013 ], [ 72.58049882630813, 22.960161035829358 ], [ 72.58060612630814, 22.960168535600697 ], [ 72.581111577853008, 22.960177592112341 ], [ 72.581614933038338, 22.96013429052238 ], [ 72.582109815098747, 22.960039179348041 ], [ 72.582260015098754, 22.960002080443711 ], [ 72.582634723744974, 22.959893142583724 ], [ 72.582997658042075, 22.95975446621237 ], [ 72.583346040267003, 22.95958711260171 ], [ 72.583447940266993, 22.959532814038752 ], [ 72.583597796001783, 22.959449328634243 ], [ 72.583699696001801, 22.959390030167004 ], [ 72.584014939015802, 22.959188736142323 ], [ 72.584310377530102, 22.958963406547774 ], [ 72.584583856348075, 22.958715685026181 ], [ 72.584658956348065, 22.958641586572025 ], [ 72.584933129743689, 22.958344093928389 ], [ 72.585175636852767, 22.958024134067781 ], [ 72.585384319313491, 22.957684554548074 ], [ 72.585557319810206, 22.957328377558969 ], [ 72.585678520858096, 22.95699845527443 ], [ 72.585755355852271, 22.956856814335715 ], [ 72.585912749238929, 22.956477599722717 ], [ 72.586029008622319, 22.956086002198465 ], [ 72.586103013849069, 22.955685794694709 ], [ 72.586134051882524, 22.955280833131681 ], [ 72.586121823672784, 22.954875019268748 ], [ 72.586066447038036, 22.954472263112148 ], [ 72.585968455529397, 22.95407644524186 ], [ 72.585828793290133, 22.953691379420722 ], [ 72.585648805958982, 22.953320775846024 ], [ 72.58543022770489, 22.952968205397838 ], [ 72.585175164518404, 22.952637065228604 ], [ 72.5848860739206, 22.952330546025877 ], [ 72.584565741284948, 22.952051601263694 ], [ 72.584544750616388, 22.952036622258159 ], [ 72.58443949708743, 22.951938443906602 ], [ 72.584093918649771, 22.951674794444685 ], [ 72.583721493502352, 22.951444215969453 ], [ 72.583325939598666, 22.951249010540792 ], [ 72.583283864523708, 22.951232993145346 ], [ 72.583011162198204, 22.951101502161372 ], [ 72.582595838539191, 22.950947569908603 ], [ 72.582165936382935, 22.950832475596698 ], [ 72.581725726950566, 22.950757362826227 ], [ 72.581279583869488, 22.950722977934575 ], [ 72.580831939719815, 22.950729662578173 ], [ 72.580387241995339, 22.950777350336796 ], [ 72.580223342501768, 22.95081041147786 ], [ 72.580064905666219, 22.950827172381697 ], [ 72.579639225917006, 22.950911273763619 ], [ 72.579388000173296, 22.950984948858334 ], [ 72.579204892676458, 22.95103006905244 ], [ 72.578805326809302, 22.951167064071083 ], [ 72.578421667449575, 22.951338328655826 ], [ 72.578333167449557, 22.951382729847783 ], [ 72.577974741744299, 22.951583077488522 ], [ 72.577638166141028, 22.951813328795545 ], [ 72.577326373691378, 22.952071477121656 ], [ 72.57704208147689, 22.952355272708406 ], [ 72.576787766931275, 22.952662242296725 ], [ 72.576565646251126, 22.952989710685152 ], [ 72.576493104906518, 22.953122881872016 ], [ 72.576465578304948, 22.953165521777972 ], [ 72.576249534481519, 22.95354331286109 ], [ 72.576076939676284, 22.953939599446219 ], [ 72.575949633265807, 22.954350158086296 ], [ 72.575925533265803, 22.954446458747448 ], [ 72.575846705600725, 22.95485346005864 ], [ 72.575812398823544, 22.955265673316994 ], [ 72.575812747013188, 22.955279305083305 ] ] ] } },
{ "type": "Feature", "properties": { "version": 1, "visible": null, "lon": null, "timestamp": 1616688964, "tags": { "visible": false }, "changeset": null, "lat": null, "id": 922160497, "natural": "water", "water": "pond", "wetland": null, "osm_type": "way", "grassland": null, "reef": null, "Risk": "Low" }, "geometry": { "type": "Polygon", "coordinates": [ [ [ 72.672971609043231, 23.164040252469132 ], [ 72.673043638682373, 23.164219637860594 ], [ 72.673234909050365, 23.164582452077731 ], [ 72.673463751798749, 23.164926387256862 ], [ 72.673727985421863, 23.165248164900017 ], [ 72.674025091040875, 23.165544717744581 ], [ 72.674352236415714, 23.165813218996387 ], [ 72.674390036415716, 23.165841318322567 ], [ 72.674748784614778, 23.166082038620655 ], [ 72.675131637735959, 23.166289008203957 ], [ 72.675534852386107, 23.166460203562782 ], [ 72.675954486084791, 23.166593950953573 ], [ 72.676386435812262, 23.166688942758704 ], [ 72.676826478127367, 23.166744250267399 ], [ 72.677270310462646, 23.166759332753095 ], [ 72.677713593193261, 23.16673404275852 ], [ 72.67776219319326, 23.166729042911754 ], [ 72.678196625697311, 23.166664404569122 ], [ 72.678622092427474, 23.166560990014794 ], [ 72.679034508863396, 23.166419791949732 ], [ 72.679429915768822, 23.166242165771536 ], [ 72.679804517200495, 23.166029816566976 ], [ 72.680154716949716, 23.165784782748403 ], [ 72.680477153066207, 23.165509416490945 ], [ 72.680768730133124, 23.165206361157981 ], [ 72.680790330133121, 23.16518156163599 ], [ 72.681044989879652, 23.164858321268412 ], [ 72.681264517829646, 23.164513987086547 ], [ 72.68144686318621, 23.164151775658457 ], [ 72.681590322506551, 23.163775070577653 ], [ 72.681693555615368, 23.163387390858961 ], [ 72.681755598124568, 23.162992358068408 ], [ 72.681775870442422, 23.162593662494068 ], [ 72.681754183187991, 23.162195028673729 ], [ 72.681690738960327, 23.161800180601457 ], [ 72.681586130445808, 23.161412806937939 ], [ 72.681549277632584, 23.161317037593076 ], [ 72.681475823372679, 23.161094185121289 ], [ 72.681373122202075, 23.160866143849745 ], [ 72.681359695151201, 23.160832108531551 ], [ 72.68134604925821, 23.160806030073513 ], [ 72.681306936744122, 23.160719183138085 ], [ 72.681243620138005, 23.160610279181686 ], [ 72.681164168643733, 23.160458440319662 ], [ 72.680928869266978, 23.160104683163194 ], [ 72.680656169471533, 23.159774404057064 ], [ 72.68034881880476, 23.15947093328835 ], [ 72.680009916187998, 23.159197330850589 ], [ 72.679642878671118, 23.158956355583054 ], [ 72.67957277867113, 23.158915054510896 ], [ 72.679282674219607, 23.158757914022008 ], [ 72.678980581559586, 23.158621195861205 ], [ 72.678948181559562, 23.158607895486753 ], [ 72.67853993946683, 23.158461819855862 ], [ 72.678118161931479, 23.158353003227614 ], [ 72.677686861032555, 23.158282480791382 ], [ 72.677250139438343, 23.158250923439315 ], [ 72.676812151380375, 23.158258631382328 ], [ 72.676377063137281, 23.158305531293315 ], [ 72.675949013403653, 23.15839117700494 ], [ 72.675532073921673, 23.158514753755256 ], [ 72.675130210749302, 23.158675085940772 ], [ 72.674747246533983, 23.158870648303044 ], [ 72.674386824150389, 23.159099580442337 ], [ 72.674052372048308, 23.159359704519947 ], [ 72.673747071640108, 23.159648545980815 ], [ 72.67347382703818, 23.159963357098817 ], [ 72.673235237430134, 23.160301143120702 ], [ 72.673222637430158, 23.160321043429395 ], [ 72.673024958637569, 23.160670613719237 ], [ 72.672864413476631, 23.161035912370156 ], [ 72.672742463329968, 23.161413614090147 ], [ 72.672660218264284, 23.161800280711347 ], [ 72.672618426925652, 23.162192392489619 ], [ 72.672616626925645, 23.162225492540578 ], [ 72.672617613975461, 23.162655320609481 ], [ 72.672667191622693, 23.163082724590019 ], [ 72.672764822740234, 23.163503074008002 ], [ 72.672909449586896, 23.163911814861091 ], [ 72.672971609043231, 23.164040252469132 ] ] ] } },
{ "type": "Feature", "properties": { "version": 1, "visible": null, "lon": null, "timestamp": 1616688964, "tags": { "visible": false }, "changeset": null, "lat": null, "id": 922160498, "natural": "water", "water": "pond", "wetland": null, "osm_type": "way", "grassland": null, "reef": null, "Risk": "Low" }, "geometry": { "type": "Polygon", "coordinates": [ [ [ 72.672985978682576, 23.160260540638351 ], [ 72.672759716896195, 23.160573792557308 ], [ 72.672547990748953, 23.160943114240371 ], [ 72.672377904446549, 23.161330201881196 ], [ 72.672251196330535, 23.16173109917214 ], [ 72.672169161402195, 23.162141708697256 ], [ 72.672132638087234, 23.162557833813636 ], [ 72.672141999666692, 23.162975221545409 ], [ 72.672197150461983, 23.163389606051904 ], [ 72.672297526812656, 23.163796752225753 ], [ 72.672310126812661, 23.163838051881815 ], [ 72.672436829418388, 23.164191317041233 ], [ 72.672597594633743, 23.164532665721023 ], [ 72.672791117999168, 23.164859328296973 ], [ 72.673015829253345, 23.165168654324273 ], [ 72.673269905074363, 23.165458134039667 ], [ 72.673551283874275, 23.165725418721628 ], [ 72.673614183874292, 23.165780017497376 ], [ 72.673924188181218, 23.166025543494314 ], [ 72.674257209456528, 23.166244113547535 ], [ 72.674610484005456, 23.166433913912226 ], [ 72.674981080054238, 23.166593369588313 ], [ 72.675365922080545, 23.166721157386942 ], [ 72.675418122080544, 23.166736056948128 ], [ 72.67583534362339, 23.166835243943044 ], [ 72.67626098407834, 23.166897214290106 ], [ 72.67669112522924, 23.166921397575663 ], [ 72.677121807428932, 23.166907571201943 ], [ 72.677165007428911, 23.166904271303363 ], [ 72.67766035602294, 23.166840744536039 ], [ 72.678144951327965, 23.166726980036724 ], [ 72.678612784745397, 23.166564388269524 ], [ 72.67864518474542, 23.16655118864167 ], [ 72.67904067118333, 23.166368121783059 ], [ 72.679414629924665, 23.166150143831842 ], [ 72.679763426726439, 23.165899372998215 ], [ 72.680083671876929, 23.165618246171373 ], [ 72.680163828726521, 23.165532487030397 ], [ 72.680409851995933, 23.165305562991762 ], [ 72.680700010583124, 23.164976442285045 ], [ 72.680951963637909, 23.164621720396415 ], [ 72.680964563637886, 23.16460182070513 ], [ 72.681167513549099, 23.164241702443285 ], [ 72.681331059423869, 23.163865015994777 ], [ 72.681453623582982, 23.16347539501951 ], [ 72.681534023685842, 23.163076597980869 ], [ 72.6815714841362, 23.162672471892634 ], [ 72.681565643564042, 23.162266915210477 ], [ 72.681563843564064, 23.162240415159552 ], [ 72.681513026840577, 23.161827588687707 ], [ 72.681417349872461, 23.161421544749405 ], [ 72.681277781086209, 23.161026393334545 ], [ 72.681095733174047, 23.160646134214332 ], [ 72.680873048794908, 23.16028461645163 ], [ 72.680611981923349, 23.159945499435629 ], [ 72.68031517503519, 23.159632215835416 ], [ 72.679985632360797, 23.159347936847681 ], [ 72.679626689476748, 23.159095540090643 ], [ 72.679603289476731, 23.159080739714682 ], [ 72.679249996435786, 23.158878783218444 ], [ 72.678877895885876, 23.15870774570983 ], [ 72.678490179897707, 23.158569094557823 ], [ 72.678090174499289, 23.158464019285756 ], [ 72.677681311143502, 23.158393421363417 ], [ 72.677647489670406, 23.158390521494756 ], [ 72.677632775769283, 23.158387379623179 ], [ 72.677228481515741, 23.158336019277755 ], [ 72.676820785622581, 23.158318612802933 ], [ 72.676413054343996, 23.158335303933338 ], [ 72.676008654226337, 23.158385954841332 ], [ 72.675610924311314, 23.158470147275466 ], [ 72.675578524311319, 23.158478447521993 ], [ 72.675166634714202, 23.158603971211189 ], [ 72.674769841378847, 23.158765452003948 ], [ 72.674391847689805, 23.158961382627364 ], [ 72.674036181569306, 23.159189934258713 ], [ 72.673706162550005, 23.159448973599847 ], [ 72.673404870792893, 23.159736082793863 ], [ 72.673135118339303, 23.160048581997938 ], [ 72.672985978682576, 23.160260540638351 ] ] ] } },
{ "type": "Feature", "properties": { "version": 1, "visible": null, "lon": null, "timestamp": 1622786879, "tags": { "visible": false, "intermittent": "yes", "name": "Narol Lake" }, "changeset": null, "lat": null, "id": 950270679, "natural": "water", "water": "basin", "wetland": null, "osm_type": "way", "grassland": null, "reef": null, "Risk": "Low" }, "geometry": { "type": "Polygon", "coordinates": [ [ [ 72.591384755307359, 22.957744220838737 ], [ 72.591369674214121, 22.957758639462948 ], [ 72.591262374214125, 22.95787224174261 ], [ 72.590983277058953, 22.95819964574936 ], [ 72.590741331509449, 22.958551221048754 ], [ 72.590538987979841, 22.958923406727106 ], [ 72.590378295796768, 22.959312433149634 ], [ 72.590260882443829, 22.959714360145391 ], [ 72.590187937078426, 22.960125116918324 ], [ 72.590160198488164, 22.960540543280008 ], [ 72.590177947608254, 22.960956431786361 ], [ 72.590220847608236, 22.961396030583209 ], [ 72.590278384175519, 22.961781301775019 ], [ 72.590374969042216, 22.96215989232136 ], [ 72.590509748163669, 22.962528454632725 ], [ 72.590681529765291, 22.962883729818653 ], [ 72.590888794880712, 22.963222576500833 ], [ 72.591129710783221, 22.963541998586425 ], [ 72.591402147191403, 22.963839171756032 ], [ 72.591703695106091, 22.96411146843236 ], [ 72.59203168811176, 22.964356481008895 ], [ 72.592383225954052, 22.964572043133447 ], [ 72.592812325954071, 22.964809136915761 ], [ 72.592982979066875, 22.964898813919003 ], [ 72.593432596004135, 22.965123224752787 ], [ 72.593758003060017, 22.965310951868627 ], [ 72.594126618570485, 22.965501965185226 ], [ 72.594513114590228, 22.965660204594496 ], [ 72.594914063478484, 22.965784266867086 ], [ 72.595325909419188, 22.965873051851784 ], [ 72.595744999955741, 22.965925772228825 ], [ 72.596167618382822, 22.965941960489769 ], [ 72.596590016708035, 22.965921473082108 ], [ 72.597008448890904, 22.96586449168187 ], [ 72.597419204064749, 22.965771521583033 ], [ 72.597818639446459, 22.965643387217956 ], [ 72.598203212642488, 22.965481224848453 ], [ 72.59853581264251, 22.965323129145037 ], [ 72.598880064603165, 22.965141327613402 ], [ 72.599205543831886, 22.964932256787492 ], [ 72.599509709377926, 22.964697548718739 ], [ 72.599790186682156, 22.964439035597316 ], [ 72.600044786114779, 22.964158735452671 ], [ 72.600173542816748, 22.964003532065242 ], [ 72.600433228253493, 22.963738895234414 ], [ 72.600701689877198, 22.963402554911955 ], [ 72.600931963045838, 22.963043010283613 ], [ 72.601121702057966, 22.962663923718114 ], [ 72.60126897411746, 22.96226915667242 ], [ 72.601372279022229, 22.96186273036265 ], [ 72.60143056444619, 22.961448784806368 ], [ 72.60144323665881, 22.961031536653362 ], [ 72.601410166573274, 22.960615236234343 ], [ 72.601331691061446, 22.960204124264909 ], [ 72.601208609522274, 22.959802388645929 ], [ 72.60104217573857, 22.959414121800378 ], [ 72.600834085105333, 22.959043278981291 ], [ 72.60058645735937, 22.958693637975816 ], [ 72.60033855306456, 22.958410691767007 ], [ 72.600099985484192, 22.958110825384928 ], [ 72.599921607229604, 22.957928373806332 ], [ 72.599890266041228, 22.957886025128058 ], [ 72.599849504166755, 22.957841616304584 ], [ 72.599823506640504, 22.957803315231324 ], [ 72.599551148814299, 22.957478724693896 ], [ 72.599245211776818, 22.957180571901404 ], [ 72.598908704866105, 22.956911789806462 ], [ 72.59871020486608, 22.956768486358065 ], [ 72.598700352155006, 22.956762143609289 ], [ 72.598420226062586, 22.956543934901148 ], [ 72.598066821538595, 22.956318254712706 ], [ 72.597691596182059, 22.956124732044621 ], [ 72.597297990184373, 22.955965141318774 ], [ 72.596889612256845, 22.955840945838567 ], [ 72.596470206544709, 22.955753284368406 ], [ 72.596043618299674, 22.955702960689528 ], [ 72.595613758625248, 22.955690436228029 ], [ 72.595286558625247, 22.955695336377847 ], [ 72.594833097453304, 22.955723302301895 ], [ 72.594385026754793, 22.955793320452166 ], [ 72.593946933996961, 22.955904673899642 ], [ 72.593523304490276, 22.956056222477716 ], [ 72.593118475466525, 22.956246414459617 ], [ 72.592736591673216, 22.956473302450757 ], [ 72.592381562938385, 22.95673456333321 ], [ 72.592057024140871, 22.957027522057626 ], [ 72.591884412223465, 22.957218498534921 ], [ 72.591747671151069, 22.957338945748127 ], [ 72.591473722164068, 22.957629793604475 ], [ 72.591384755307359, 22.957744220838737 ] ] ] } },
{ "type": "Feature", "properties": { "version": 2, "visible": null, "lon": null, "timestamp": 1693218594, "tags": { "visible": false, "name": "Chharodi Lake", "wikimedia_commons": "Category:Chharodi Lake", "wikipedia": "en:Chharodi Lake" }, "changeset": null, "lat": null, "id": 986289292, "natural": "water", "water": "lake", "wetland": null, "osm_type": "way", "grassland": null, "reef": null, "Risk": "Low" }, "geometry": { "type": "Polygon", "coordinates": [ [ [ 72.535234807345702, 23.123645480174606 ], [ 72.535234820384119, 23.123649958162702 ], [ 72.535261501456716, 23.123962005728156 ], [ 72.535285601456721, 23.124151605050432 ], [ 72.535355758252479, 23.124541068488643 ], [ 72.535466021307599, 23.1249225930733 ], [ 72.535615383517381, 23.125292694172892 ], [ 72.535802480659001, 23.125647991519905 ], [ 72.536025603851755, 23.125985240081135 ], [ 72.536282715165399, 23.126301359691908 ], [ 72.53657146623398, 23.126593463183909 ], [ 72.536889219704946, 23.126858882749751 ], [ 72.537026619704946, 23.126963080274642 ], [ 72.537399121110198, 23.127217036367288 ], [ 72.537798108246434, 23.127434320411862 ], [ 72.538219328747331, 23.127612616799148 ], [ 72.53865829328538, 23.127750025422131 ], [ 72.53911032341891, 23.127845081920395 ], [ 72.539570601454358, 23.127896773281741 ], [ 72.540034221792865, 23.127904548634898 ], [ 72.540343321792847, 23.127895048927229 ], [ 72.540874444112745, 23.12784958075677 ], [ 72.541053044112729, 23.127824381523659 ], [ 72.541360523992381, 23.127770855368368 ], [ 72.541680023992384, 23.127704557359582 ], [ 72.542072888589288, 23.127605623404122 ], [ 72.542454391623352, 23.127474365448439 ], [ 72.542821395558221, 23.127311862883985 ], [ 72.543170882100185, 23.127119452044649 ], [ 72.543414782100186, 23.126970955856891 ], [ 72.543807745408955, 23.126702263764919 ], [ 72.54416656779604, 23.126395827815916 ], [ 72.544486984419066, 23.126055289959503 ], [ 72.544765186913608, 23.125684697471012 ], [ 72.544960986913622, 23.125390802198112 ], [ 72.545190076690886, 23.12500154719136 ], [ 72.545372562427161, 23.124591982865553 ], [ 72.54550634887201, 23.124166811560524 ], [ 72.545595648871995, 23.123813014023366 ], [ 72.545678018295447, 23.123385982017226 ], [ 72.545715818295463, 23.123104883079332 ], [ 72.5457480783395, 23.122711475021248 ], [ 72.545739381440612, 23.122317029768876 ], [ 72.545689806932415, 23.121925145482482 ], [ 72.545599807036609, 23.121539396992343 ], [ 72.545470202737675, 23.121163303187529 ], [ 72.54540150273769, 23.12099270136363 ], [ 72.545219131576445, 23.120602649860899 ], [ 72.544994188671623, 23.120231874243864 ], [ 72.544729050471645, 23.119884291811424 ], [ 72.544426518075113, 23.119563574852464 ], [ 72.544251318075112, 23.11939607127789 ], [ 72.543922231678479, 23.119111566399773 ], [ 72.543563741367265, 23.118858895113128 ], [ 72.543179472061055, 23.118640612521641 ], [ 72.54277330934697, 23.118458925989614 ], [ 72.542349360190045, 23.11831567281498 ], [ 72.541911911405165, 23.118212301645077 ], [ 72.541465386310378, 23.118149857823454 ], [ 72.5410143, 23.118128972816002 ], [ 72.540742900000012, 23.118128972816002 ], [ 72.540305443392498, 23.11814861182841 ], [ 72.539872146283201, 23.118207342113543 ], [ 72.53944712862031, 23.118304605191465 ], [ 72.539162028620311, 23.118383607519885 ], [ 72.538804731431796, 23.118497918075345 ], [ 72.538459160582178, 23.118639474883345 ], [ 72.537906160582182, 23.118892181849596 ], [ 72.537544435482431, 23.119077058778622 ], [ 72.537202746937709, 23.119291769028056 ], [ 72.536883995458169, 23.119534489836873 ], [ 72.536590886846867, 23.119803160661728 ], [ 72.536325909230897, 23.120095500673333 ], [ 72.536091311940169, 23.120409028122928 ], [ 72.536054701315621, 23.120463134982831 ], [ 72.535986307701805, 23.120556581681779 ], [ 72.535755375357056, 23.120908770319286 ], [ 72.535563667202041, 23.121280331495896 ], [ 72.53541308355274, 23.121667581949108 ], [ 72.535305117076518, 23.12206668292205 ], [ 72.535267317076517, 23.122243583972157 ], [ 72.535207080646401, 23.122613143978853 ], [ 72.535183406012237, 23.122986197135134 ], [ 72.535196486925201, 23.123359690389524 ], [ 72.535234807345702, 23.123645480174606 ] ] ] } },
{ "type": "Feature", "properties": { "version": 1, "visible": null, "lon": null, "timestamp": 1633166409, "tags": { "visible": false, "name": "Ambli Lake" }, "changeset": null, "lat": null, "id": 988821262, "natural": "water", "water": "lake", "wetland": null, "osm_type": "way", "grassland": null, "reef": null, "Risk": "Low" }, "geometry": { "type": "Polygon", "coordinates": [ [ [ 72.476657959861683, 23.029575877767329 ], [ 72.47669565986169, 23.029718176733599 ], [ 72.476813386563649, 23.030087058250043 ], [ 72.476967844357588, 23.030444277166264 ], [ 72.477157697071689, 23.030786743384578 ], [ 72.477224497071674, 23.030894541746825 ], [ 72.477435904342229, 23.031203195087507 ], [ 72.477676062545967, 23.031493489350829 ], [ 72.477759662545964, 23.031585787538376 ], [ 72.478040961745023, 23.031868584937527 ], [ 72.478349522234396, 23.032126179916943 ], [ 72.478682689490157, 23.032356356555745 ], [ 72.479037597298031, 23.032557134805799 ], [ 72.479196497298048, 23.032637932636824 ], [ 72.47955761607929, 23.032802546891624 ], [ 72.479933314070422, 23.03293671113169 ], [ 72.48032056690586, 23.033039345428374 ], [ 72.480716257203611, 23.033109623649253 ], [ 72.480858357203616, 23.033128823066644 ], [ 72.481258403138284, 23.033166133165267 ], [ 72.481336629841778, 23.033166957276368 ], [ 72.481434798817432, 23.03318417546091 ], [ 72.481866842171627, 23.033240101109083 ], [ 72.482302743309532, 23.033257186978027 ], [ 72.48273838927993, 23.033235271868531 ], [ 72.483169669539194, 23.033174562541994 ], [ 72.483592514736486, 23.033075631770245 ], [ 72.484002935110098, 23.032939412933057 ], [ 72.484397058132885, 23.032767191214383 ], [ 72.484771165051626, 23.032560591480149 ], [ 72.485121725975276, 23.032321562951878 ], [ 72.485445433181411, 23.032052360820529 ], [ 72.485739232326182, 23.03175552497391 ], [ 72.485818632326172, 23.031667026701999 ], [ 72.486068944173979, 23.031360046740154 ], [ 72.486287238625522, 23.031033023484689 ], [ 72.486471633743989, 23.030688776098287 ], [ 72.486620539841951, 23.030330272249465 ], [ 72.486732673186026, 23.029960602532149 ], [ 72.486807067064248, 23.029582953824857 ], [ 72.486843080120067, 23.02920058181904 ], [ 72.486840401881565, 23.028816782953268 ], [ 72.486832001881552, 23.028670682716534 ], [ 72.486821638976849, 23.028533641593398 ], [ 72.486813338976859, 23.028445141360013 ], [ 72.486755211300192, 23.028049524428589 ], [ 72.486655887161405, 23.027660911804592 ], [ 72.486516292976148, 23.027282928229937 ], [ 72.48633773076665, 23.026919099335238 ], [ 72.486121866017569, 23.026572818751657 ], [ 72.485870712141576, 23.026247316453098 ], [ 72.485824712141579, 23.026193415432157 ], [ 72.48551012738514, 23.025862637058001 ], [ 72.485159154753148, 23.025564472907096 ], [ 72.484775763242013, 23.025302295014505 ], [ 72.484774655675807, 23.025301694156315 ], [ 72.484667296478179, 23.025219832542444 ], [ 72.484293081140777, 23.024988498634148 ], [ 72.48389555470817, 23.024792852026192 ], [ 72.483478721523937, 23.024634863655461 ], [ 72.483280024957111, 23.024570082344169 ], [ 72.483093827789133, 23.024509202723021 ], [ 72.482925477081793, 23.024457581737177 ], [ 72.48273737708179, 23.0244036801591 ], [ 72.482276598055407, 23.024295894160243 ], [ 72.481806021110586, 23.024233536786681 ], [ 72.48133091861412, 23.024217306756732 ], [ 72.480856613637343, 23.024247385929048 ], [ 72.480685213637344, 23.024266686516484 ], [ 72.480291499246135, 23.024327470715278 ], [ 72.479905204372244, 23.024420189022827 ], [ 72.479529380675842, 23.024544108916206 ], [ 72.479166997096627, 23.024698251366033 ], [ 72.47904579709666, 23.02475595293755 ], [ 72.478707585854679, 23.024934506110505 ], [ 72.478387474610599, 23.025139381349685 ], [ 72.478087875612516, 23.025369034669648 ], [ 72.477995975612515, 23.025445936414389 ], [ 72.477688074392205, 23.025729896277017 ], [ 72.477411530595234, 23.026039985988234 ], [ 72.477168948707032, 23.026373284957955 ], [ 72.476962613360215, 23.026726654021374 ], [ 72.476794467818124, 23.027096765009517 ], [ 72.476666095672954, 23.02748013209936 ], [ 72.476578705931715, 23.027873144647867 ], [ 72.4765331216297, 23.028272101200621 ], [ 72.476529772079189, 23.028673244354657 ], [ 72.476533872079173, 23.02876554423904 ], [ 72.476574072949433, 23.029173544583827 ], [ 72.476657959861683, 23.029575877767329 ] ] ] } },
{ "type": "Feature", "properties": { "version": 1, "visible": null, "lon": null, "timestamp": 1633948554, "tags": { "visible": false }, "changeset": null, "lat": null, "id": 991912189, "natural": "water", "water": null, "wetland": null, "osm_type": "way", "grassland": null, "reef": null, "Risk": "Low" }, "geometry": { "type": "Polygon", "coordinates": [ [ [ 72.459042973544996, 22.999887385012109 ], [ 72.459186633092799, 23.000027827960018 ], [ 72.459536550311967, 23.000306074334251 ], [ 72.459915690766863, 23.00054973014085 ], [ 72.460048490766852, 23.000626028158358 ], [ 72.460418109135375, 23.000816700994154 ], [ 72.460805601377075, 23.000974465715348 ], [ 72.461207519309767, 23.001097918536502 ], [ 72.461620286381233, 23.001185960981797 ], [ 72.461682786381246, 23.001196460665408 ], [ 72.462118852450956, 23.001249564143073 ], [ 72.462558470348554, 23.001263150793346 ], [ 72.462997423907041, 23.001237090325017 ], [ 72.463431503330838, 23.001171632648862 ], [ 72.463856545569826, 23.001067405481777 ], [ 72.464268474245273, 23.000925408328754 ], [ 72.464663338744401, 23.000747002900543 ], [ 72.465037352108894, 23.000533900058539 ], [ 72.465386927353762, 23.000288143412167 ], [ 72.465430027353776, 23.000254644196136 ], [ 72.4658148005404, 22.999917762935318 ], [ 72.466153692221781, 22.999541434055125 ], [ 72.466175292221777, 22.999514334546127 ], [ 72.466415617693528, 22.999179958644458 ], [ 72.466619629701967, 22.998825727026592 ], [ 72.466785409830678, 22.998454970548558 ], [ 72.466911399174791, 22.998071175478387 ], [ 72.466996412999976, 22.997677950717748 ], [ 72.467039651883113, 22.997278993869401 ], [ 72.467040709229607, 22.996878056469448 ], [ 72.466999575096736, 22.996478908711246 ], [ 72.466988275096753, 22.996406708395931 ], [ 72.466897011053149, 22.995982312099095 ], [ 72.466758071897885, 22.995569016386938 ], [ 72.466572978833241, 22.995171346429821 ], [ 72.466343758386387, 22.994793656350936 ], [ 72.466072920221734, 22.994440081547555 ], [ 72.465985420221728, 22.994337679608719 ], [ 72.465676673738542, 22.99401279608956 ], [ 72.465332815091514, 22.993719313554333 ], [ 72.465187878923288, 22.993619315872667 ], [ 72.465067779930848, 22.993524191330508 ], [ 72.46474761443946, 22.993312566795048 ], [ 72.464632914439477, 22.99324356502617 ], [ 72.464211414237369, 22.993019028713739 ], [ 72.463765984531435, 22.992837819304732 ], [ 72.463677354509457, 22.992806933445713 ], [ 72.463525983800579, 22.992747658859628 ], [ 72.46304632962088, 22.992615573311628 ], [ 72.462994129620867, 22.992604072969122 ], [ 72.462574774660254, 22.99253087984555 ], [ 72.462149766033704, 22.992494660353774 ], [ 72.46172294171285, 22.992495741597864 ], [ 72.461298156065695, 22.992534113812926 ], [ 72.460879245050307, 22.992609430453314 ], [ 72.460469991574868, 22.992721011323241 ], [ 72.460440391574878, 22.992730511597951 ], [ 72.460050000455524, 22.992875023948141 ], [ 72.459676012548769, 22.993052531470656 ], [ 72.459321709971448, 22.993261476233283 ], [ 72.458990202082092, 22.993500024396052 ], [ 72.458684398192986, 22.993766082310017 ], [ 72.458406982038284, 22.994057314896374 ], [ 72.458388882038278, 22.99407821529536 ], [ 72.458131313022619, 22.994407585862859 ], [ 72.457910061870109, 22.994758613537535 ], [ 72.457727260155352, 22.995127916298436 ], [ 72.457584669023959, 22.995511936079353 ], [ 72.457483662225329, 22.995906973053074 ], [ 72.457479062225346, 22.995929973180615 ], [ 72.457424061256418, 22.9962963367336 ], [ 72.457404845244895, 22.996665757928508 ], [ 72.457421567945758, 22.997035280866758 ], [ 72.457474095554005, 22.997401948859913 ], [ 72.457562007775408, 22.997762828086927 ], [ 72.457570007775402, 22.997789927869274 ], [ 72.457705369414768, 22.998173464352703 ], [ 72.457880677357608, 22.998543036695498 ], [ 72.458094263860815, 22.998895129203198 ], [ 72.458344097028942, 22.999226392491561 ], [ 72.458627800143958, 22.999533675344328 ], [ 72.458942674275619, 22.999814054685171 ], [ 72.459042973544996, 22.999887385012109 ] ] ] } },
{ "type": "Feature", "properties": { "version": 1, "visible": null, "lon": null, "timestamp": 1634603955, "tags": { "visible": false, "name": "Zundal Lake" }, "changeset": null, "lat": null, "id": 993784183, "natural": "water", "water": "lake", "wetland": null, "osm_type": "way", "grassland": null, "reef": null, "Risk": "Low" }, "geometry": { "type": "Polygon", "coordinates": [ [ [ 72.579666684536292, 23.13866930678207 ], [ 72.579686184536271, 23.138693706336976 ], [ 72.579975939227225, 23.139019988202939 ], [ 72.580300329074404, 23.139317432451595 ], [ 72.580655979670837, 23.139582945174254 ], [ 72.581039191425262, 23.139813764619845 ], [ 72.581445978046418, 23.140007489915408 ], [ 72.581872108009776, 23.140162106033042 ], [ 72.582313148575125, 23.140276004744035 ], [ 72.582764511897423, 23.140348001342495 ], [ 72.582837111897447, 23.140356101094795 ], [ 72.583225584974358, 23.140383787264881 ], [ 72.583615205776411, 23.14038041021638 ], [ 72.583716005776409, 23.140375510367118 ], [ 72.583798458440583, 23.140370802805759 ], [ 72.583897558440569, 23.140364303005473 ], [ 72.584324611370604, 23.140317309448822 ], [ 72.584744818318597, 23.140232971185259 ], [ 72.585154326236847, 23.140112061476948 ], [ 72.585549380181405, 23.139955688896823 ], [ 72.58592635774265, 23.139765287167197 ], [ 72.586281802260643, 23.139542602017816 ], [ 72.586612454520662, 23.139289675183701 ], [ 72.586915282638188, 23.139008825689363 ], [ 72.587187509859575, 23.1387026285907 ], [ 72.587426640023182, 23.13837389136939 ], [ 72.587630480447672, 23.138025628195926 ], [ 72.587797162037646, 23.137661032297139 ], [ 72.587925156422116, 23.137283446681273 ], [ 72.5880132899687, 23.13689633348897 ], [ 72.588040086840422, 23.136674407801756 ], [ 72.588073478325384, 23.136465581415099 ], [ 72.58809205490941, 23.136022160905952 ], [ 72.588081454909414, 23.135382560605759 ], [ 72.58805342901988, 23.134980560842283 ], [ 72.58798295235718, 23.134582982233439 ], [ 72.587870695270723, 23.134193606464073 ], [ 72.587717725510728, 23.133816137227821 ], [ 72.587525498072083, 23.13345416499557 ], [ 72.587295841355072, 23.133111132859757 ], [ 72.587030939774152, 23.132790303779608 ], [ 72.586733312980641, 23.132494729539044 ], [ 72.586405791896652, 23.132227221712728 ], [ 72.586051491788311, 23.131990324916657 ], [ 72.586000191788315, 23.131959424120545 ], [ 72.585639682747768, 23.131763716908598 ], [ 72.585260925521268, 23.131599725842928 ], [ 72.584867210449261, 23.131468875665611 ], [ 72.584461957813971, 23.131372303196901 ], [ 72.584048688126742, 23.131310847456028 ], [ 72.583986788126737, 23.131304347257117 ], [ 72.583485344360469, 23.131277684449845 ], [ 72.582983798745985, 23.131302674790284 ], [ 72.582904098745985, 23.131310775038255 ], [ 72.582513674826188, 23.131366533481806 ], [ 72.582460574826186, 23.131376333777734 ], [ 72.582037673421084, 23.131474242790286 ], [ 72.581627090422842, 23.131609405146691 ], [ 72.581232696364495, 23.131780546571875 ], [ 72.580858209167275, 23.131986053595099 ], [ 72.580507159091979, 23.132223988765084 ], [ 72.580182855459583, 23.132492108919923 ], [ 72.579888355454457, 23.132787886339464 ], [ 72.579626435304576, 23.13310853258043 ], [ 72.579596435304595, 23.133149233283763 ], [ 72.579377478667809, 23.133478415174395 ], [ 72.579192883439077, 23.13382495007103 ], [ 72.579044260763609, 23.134185813298295 ], [ 72.578932907818569, 23.13455785514304 ], [ 72.578859796491273, 23.134937828348651 ], [ 72.578808396491269, 23.13530392979251 ], [ 72.578773783972935, 23.135698913324166 ], [ 72.578780491858652, 23.136095128031837 ], [ 72.57878521550974, 23.136163382018285 ], [ 72.578790061991143, 23.13629334946561 ], [ 72.5788054657516, 23.136521635172382 ], [ 72.578812465751597, 23.136593234974907 ], [ 72.578867269488214, 23.136964256430311 ], [ 72.578958386759126, 23.13732918846625 ], [ 72.579085068754182, 23.137685032099437 ], [ 72.579246274389078, 23.138028863057865 ], [ 72.579440678861062, 23.138357855810042 ], [ 72.579666684536292, 23.13866930678207 ] ] ] } },
{ "type": "Feature", "properties": { "version": 2, "visible": null, "lon": null, "timestamp": 1714975595, "tags": { "visible": false, "name": "Gota Lake" }, "changeset": null, "lat": null, "id": 993792327, "natural": "water", "water": "lake", "wetland": null, "osm_type": "way", "grassland": null, "reef": null, "Risk": "Low" }, "geometry": { "type": "Polygon", "coordinates": [ [ [ 72.532342029877071, 23.095175687017775 ], [ 72.532328894322234, 23.095259675313759 ], [ 72.532286808725217, 23.09568067151308 ], [ 72.532291714864996, 23.09610341844914 ], [ 72.532343561370396, 23.096523489634738 ], [ 72.532441805367938, 23.09693648664107 ], [ 72.532476305367922, 23.097052685699644 ], [ 72.532499594934848, 23.097124735986259 ], [ 72.532574369366031, 23.09737509659276 ], [ 72.532590343570504, 23.097440931023531 ], [ 72.532730425506827, 23.097830983318545 ], [ 72.53291192435853, 23.098206310994161 ], [ 72.533133045880717, 23.098563203808588 ], [ 72.533343249862369, 23.098835496921865 ], [ 72.533382137422137, 23.098923601759775 ], [ 72.533412337422149, 23.098983100985674 ], [ 72.533610482132119, 23.099329625094366 ], [ 72.533700882132123, 23.099471022889976 ], [ 72.533823847943069, 23.099644880142918 ], [ 72.533826888332499, 23.099649857475061 ], [ 72.533834326096084, 23.099659694843062 ], [ 72.53392210761325, 23.099783806046851 ], [ 72.53397387104431, 23.09984426027054 ], [ 72.534072359350105, 23.099974523065352 ], [ 72.534350452749806, 23.100276112931457 ], [ 72.534658620584494, 23.100551864011223 ], [ 72.534994039359162, 23.100799249984757 ], [ 72.535353635900236, 23.101016004415012 ], [ 72.535734115512625, 23.101200141507384 ], [ 72.535967276075922, 23.101287945367403 ], [ 72.535966601438986, 23.101289431158911 ], [ 72.536018401438966, 23.101309330594166 ], [ 72.536024838275097, 23.101311407927007 ], [ 72.536115386078492, 23.101351791458391 ], [ 72.536540874247592, 23.101494902668048 ], [ 72.536979871369908, 23.101597860609932 ], [ 72.537317443627032, 23.101644391187826 ], [ 72.537406938484523, 23.101663071804399 ], [ 72.537860015194042, 23.101713951339757 ], [ 72.538316366418144, 23.101722272650925 ], [ 72.53877127944682, 23.101687949812142 ], [ 72.539220056422238, 23.101611337240723 ], [ 72.53965806285315, 23.101493226038382 ], [ 72.540080775475118, 23.101334835824471 ], [ 72.540157675475129, 23.101301736746525 ], [ 72.540701609744076, 23.101023852639841 ], [ 72.540765509744077, 23.100985653624917 ], [ 72.541132251355194, 23.100741380268225 ], [ 72.541470391460038, 23.100464384006944 ], [ 72.541776493630408, 23.100157479687542 ], [ 72.542047447031166, 23.099823786103563 ], [ 72.542074999153542, 23.099781569485025 ], [ 72.54227632333432, 23.099493633886098 ], [ 72.542471963280676, 23.0991450394643 ], [ 72.542630775955885, 23.098780947304441 ], [ 72.542751329436896, 23.098404640105151 ], [ 72.542832536761807, 23.098019510725262 ], [ 72.542842536761796, 23.097956111005217 ], [ 72.542883281682762, 23.097572698757737 ], [ 72.542884377034056, 23.09733066713861 ], [ 72.542913985017393, 23.096954308270231 ], [ 72.542898772499981, 23.096522453616732 ], [ 72.542891572499983, 23.096444453413788 ], [ 72.542881897204126, 23.096378902295211 ], [ 72.542881526302295, 23.096306682382586 ], [ 72.542859008749446, 23.095912555114314 ], [ 72.542795710735874, 23.095522201286244 ], [ 72.542692209866644, 23.095139182991375 ], [ 72.542549450604739, 23.094766995413895 ], [ 72.542465025999164, 23.094599767131683 ], [ 72.542356538720028, 23.094355562724687 ], [ 72.54215661622203, 23.094005478407574 ], [ 72.541921224659845, 23.093674578192012 ], [ 72.541831228047869, 23.093571191099308 ], [ 72.541801246077711, 23.093485149742371 ], [ 72.54176114607769, 23.093378548670504 ], [ 72.541591610048798, 23.09299212002983 ], [ 72.541380620660362, 23.092623364659449 ], [ 72.54113032416582, 23.092276033820667 ], [ 72.54084326666343, 23.091953660856237 ], [ 72.540522368196505, 23.091659525240757 ], [ 72.540402868196509, 23.091560522978828 ], [ 72.54007935835385, 23.091316615764409 ], [ 72.539732585431295, 23.091101449443165 ], [ 72.539365556859295, 23.090916890213371 ], [ 72.538981455737911, 23.09076453881649 ], [ 72.538902155737915, 23.090737038025292 ], [ 72.538446256425487, 23.090603970389026 ], [ 72.537977559637483, 23.090516252207411 ], [ 72.537501380248329, 23.090474878266544 ], [ 72.537023117982812, 23.090480317776773 ], [ 72.536940417982819, 23.090485317930177 ], [ 72.536396962836818, 23.090548976216567 ], [ 72.5362638330392, 23.0905800773523 ], [ 72.536113147426249, 23.09060192983117 ], [ 72.535696516863368, 23.090700684047572 ], [ 72.53529206918968, 23.09083565398678 ], [ 72.534903515358451, 23.091005601144005 ], [ 72.534534420491283, 23.091208966063427 ], [ 72.534409720491283, 23.091285368018593 ], [ 72.534062128969694, 23.09152129025173 ], [ 72.533740781962678, 23.09178683599675 ], [ 72.533448651693078, 23.092079548983516 ], [ 72.533188440150482, 23.092396721664585 ], [ 72.532962554099754, 23.092735420264233 ], [ 72.532773082820256, 23.093092511919696 ], [ 72.532621778781646, 23.093464693663435 ], [ 72.532510041434676, 23.093848522977996 ], [ 72.532484060200986, 23.09399166541737 ], [ 72.532425280265429, 23.094216172953061 ], [ 72.532366905176389, 23.094575313517471 ], [ 72.532343037688975, 23.094937780875838 ], [ 72.532340137688962, 23.095099080957858 ], [ 72.532342142184277, 23.095174283668875 ], [ 72.532342029877071, 23.095175687017775 ] ] ] } },
{ "type": "Feature", "properties": { "version": 2, "visible": null, "lon": null, "timestamp": 1772032143, "tags": { "visible": false }, "changeset": null, "lat": null, "id": 996610809, "natural": "water", "water": null, "wetland": null, "osm_type": "way", "grassland": null, "reef": null, "Risk": "Low" }, "geometry": { "type": "Polygon", "coordinates": [ [ [ 72.600736858822103, 23.099540735307524 ], [ 72.601112358822093, 23.100192125922565 ], [ 72.601453532777057, 23.100693566854343 ], [ 72.602354732777044, 23.101828446266172 ], [ 72.602623831666079, 23.102135414768732 ], [ 72.602923522171977, 23.102417386298043 ], [ 72.60325107406733, 23.10267179221438 ], [ 72.603755374067333, 23.103026983540268 ], [ 72.60412744577657, 23.103262718456918 ], [ 72.604523382165453, 23.103462879694156 ], [ 72.604939177180441, 23.103625442199192 ], [ 72.605370623840003, 23.103748761316321 ], [ 72.605813356800411, 23.103831589421759 ], [ 72.6062628965241, 23.103873088542638 ], [ 72.60671469460317, 23.103872838832451 ], [ 72.607164179779843, 23.10383084281753 ], [ 72.607606804198156, 23.103747525371432 ], [ 72.608038089418699, 23.103623729417738 ], [ 72.608453671731255, 23.103460707404416 ], [ 72.608849346306343, 23.103260108636146 ], [ 72.609221109739451, 23.103023962592353 ], [ 72.609565200557128, 23.102754658399729 ], [ 72.609878137275302, 23.102454920666496 ], [ 72.610156753624622, 23.10212778192275 ], [ 72.610398230586597, 23.101776551945335 ], [ 72.610600124916132, 23.101404784277342 ], [ 72.610760393862151, 23.101016240280693 ], [ 72.611532893862147, 23.098815561077313 ], [ 72.611654733085089, 23.098393284202803 ], [ 72.611727412238793, 23.097961532303387 ], [ 72.611823912238805, 23.09708323501933 ], [ 72.611846675959256, 23.096665927407006 ], [ 72.611823501001027, 23.09624863765092 ], [ 72.611754624391608, 23.095835633702922 ], [ 72.611640750583192, 23.095431139719537 ], [ 72.611483044247649, 23.095039292855983 ], [ 72.611283118364625, 23.094664100948538 ], [ 72.611043017724455, 23.094309401518203 ], [ 72.610765198014434, 23.093978822515187 ], [ 72.610452500702792, 23.093675745206031 ], [ 72.610108123976872, 23.093403269583074 ], [ 72.608337823976868, 23.092140038891735 ], [ 72.607977580858162, 23.091908041241098 ], [ 72.607594401468987, 23.091709560337566 ], [ 72.607191958818547, 23.091546498894456 ], [ 72.606774110566207, 23.091420420086958 ], [ 72.606344862043457, 23.091332532563143 ], [ 72.605908327860377, 23.091283678854282 ], [ 72.605468692464513, 23.091274327295796 ], [ 72.605030170030531, 23.091304567536341 ], [ 72.604596964064598, 23.091374109678117 ], [ 72.604173227111318, 23.091482287056813 ], [ 72.603763020948961, 23.091628062634204 ], [ 72.603370277654932, 23.091810038942377 ], [ 72.602998761914321, 23.092026471483859 ], [ 72.602652034933087, 23.092275285459184 ], [ 72.602029834933091, 23.092768696950284 ], [ 72.601701911493592, 23.093056517634587 ], [ 72.60140719183822, 23.09337327292641 ], [ 72.601148677114651, 23.093715737095284 ], [ 72.600928999793624, 23.09408042262567 ], [ 72.600750396862324, 23.094463615737958 ], [ 72.600614687044967, 23.094861414212797 ], [ 72.600523252282628, 23.095269767133388 ], [ 72.600265752282638, 23.096809374332587 ], [ 72.600226599789423, 23.097122570394905 ], [ 72.600213523579399, 23.0974376 ], [ 72.600213523579399, 23.0976053 ], [ 72.600234859708451, 23.098007522619852 ], [ 72.600298665391506, 23.098405922733289 ], [ 72.600404334442189, 23.098796715387479 ], [ 72.600550862950811, 23.099176187935949 ], [ 72.600736858822103, 23.099540735307524 ] ] ] } },
{ "type": "Feature", "properties": { "version": 1, "visible": null, "lon": null, "timestamp": 1637325909, "tags": { "visible": false }, "changeset": null, "lat": null, "id": 1004354574, "natural": "water", "water": null, "wetland": null, "osm_type": "way", "grassland": null, "reef": null, "Risk": "Low" }, "geometry": { "type": "Polygon", "coordinates": [ [ [ 72.511142629498679, 23.136511892624842 ], [ 72.511185029498677, 23.13667659145618 ], [ 72.511317389889641, 23.137092184886775 ], [ 72.511496342468547, 23.13749274899854 ], [ 72.511613542468552, 23.137720345998215 ], [ 72.511806802554801, 23.138055029372101 ], [ 72.511901202554796, 23.138201827070475 ], [ 72.512150741282994, 23.138548729849902 ], [ 72.512436956445413, 23.138870794449645 ], [ 72.512756945542137, 23.139164755011773 ], [ 72.513107463572737, 23.139427630684494 ], [ 72.513259791658086, 23.139520088750338 ], [ 72.513359621047755, 23.139635035726503 ], [ 72.513628125445379, 23.139894479265468 ], [ 72.513719325445379, 23.139975277473035 ], [ 72.514035632618331, 23.140230349330729 ], [ 72.514376505608098, 23.140457088184018 ], [ 72.514738953835405, 23.140653504934438 ], [ 72.515119797435091, 23.140817876496577 ], [ 72.515515695153965, 23.140948760910415 ], [ 72.515923173664561, 23.14104500998787 ], [ 72.516338658037782, 23.141105779382688 ], [ 72.516426558037779, 23.141114779107141 ], [ 72.516850716358547, 23.14113960199052 ], [ 72.517275527274734, 23.141127448356439 ], [ 72.517697187056896, 23.141078427017742 ], [ 72.518111920190648, 23.140992976868237 ], [ 72.518516013182406, 23.140871862954302 ], [ 72.518905847809691, 23.140716169627179 ], [ 72.519277933518495, 23.140527290837131 ], [ 72.519628938677499, 23.140306917656346 ], [ 72.519955720409214, 23.140057023142006 ], [ 72.51999482040921, 23.140024123889702 ], [ 72.520312793189476, 23.139728176677 ], [ 72.52059677600478, 23.139404315660453 ], [ 72.520843887572312, 23.139055826536442 ], [ 72.521051620704043, 23.138686244889598 ], [ 72.52121786774461, 23.138299320328063 ], [ 72.521340941955557, 23.137898978446454 ], [ 72.521419594628867, 23.137489281002253 ], [ 72.521453027756436, 23.137074384709432 ], [ 72.521440902126542, 23.136658499067206 ], [ 72.521383340765539, 23.136245843651718 ], [ 72.52135404076553, 23.1360960428349 ], [ 72.521262171780435, 23.135725248646608 ], [ 72.521133605284575, 23.13536379537809 ], [ 72.520969431210801, 23.135014747366174 ], [ 72.520901031210812, 23.134885945625285 ], [ 72.520813830103762, 23.134730205051532 ], [ 72.520729130103746, 23.134586502942373 ], [ 72.520572181673032, 23.134340845890858 ], [ 72.520464681673047, 23.134185143320355 ], [ 72.520227071855601, 23.133873681587307 ], [ 72.5202062537263, 23.133851132172275 ], [ 72.520162873806953, 23.133781037198389 ], [ 72.519948883112008, 23.133468626272119 ], [ 72.51970540913004, 23.13317503599767 ], [ 72.519583106926447, 23.133040484602379 ], [ 72.519476471711712, 23.1329185107193 ], [ 72.519205441172261, 23.132635923434428 ], [ 72.518907534803361, 23.132377224429817 ], [ 72.518585231743785, 23.132144566709631 ], [ 72.518241214158465, 23.131939886561913 ], [ 72.517878344917818, 23.131764887440337 ], [ 72.517499643773405, 23.131621025783978 ], [ 72.517382343773406, 23.131582124656944 ], [ 72.517057683811018, 23.131487087748908 ], [ 72.516726124221748, 23.131414955322651 ], [ 72.516543824221756, 23.131381954325423 ], [ 72.516131342539978, 23.131325430295849 ], [ 72.51571493800742, 23.131304331306563 ], [ 72.515298200382645, 23.131318839265372 ], [ 72.51488472229569, 23.131368829089926 ], [ 72.514478068276674, 23.13145386978643 ], [ 72.514081744026484, 23.131573228166506 ], [ 72.513987244026495, 23.131606229116663 ], [ 72.513567837822265, 23.131775671866031 ], [ 72.513169380777782, 23.131983518175186 ], [ 72.512796017628418, 23.132227605861615 ], [ 72.512451632083767, 23.132505395744005 ], [ 72.512139806429488, 23.132813998062566 ], [ 72.51186378426442, 23.133150202546513 ], [ 72.511795384264417, 23.133243004150152 ], [ 72.5115548897368, 23.133608701246818 ], [ 72.511356774200678, 23.133995291922606 ], [ 72.511203158640015, 23.134398637255533 ], [ 72.511095687631169, 23.134814418982678 ], [ 72.511035511736551, 23.135238185736288 ], [ 72.511023275186815, 23.135665400703164 ], [ 72.511059108983929, 23.13609149019722 ], [ 72.511142629498679, 23.136511892624842 ] ] ] } },
{ "type": "Feature", "properties": { "version": 1, "visible": null, "lon": null, "timestamp": 1638035551, "tags": { "visible": false }, "changeset": null, "lat": null, "id": 1006791519, "natural": "water", "water": "pond", "wetland": null, "osm_type": "way", "grassland": null, "reef": null, "Risk": "Low" }, "geometry": { "type": "Polygon", "coordinates": [ [ [ 72.507419449759354, 23.044058349501217 ], [ 72.507413449759355, 23.044103149669368 ], [ 72.507381487145025, 23.044492888906905 ], [ 72.507389673874783, 23.044883662634003 ], [ 72.507437936740274, 23.045271976433057 ], [ 72.507506890575101, 23.045571913318657 ], [ 72.507551397380539, 23.045832298891046 ], [ 72.507557697380562, 23.045859398717084 ], [ 72.507663526226452, 23.04622980068898 ], [ 72.507806160410226, 23.046589597273908 ], [ 72.507984375190517, 23.046935699142882 ], [ 72.508196640309919, 23.047265134577433 ], [ 72.508441133134653, 23.047575074982568 ], [ 72.50871575430493, 23.047862859170191 ], [ 72.509018145761075, 23.048126016204762 ], [ 72.509345710991383, 23.048362286615042 ], [ 72.509365410991393, 23.048375186292482 ], [ 72.509726177141118, 23.048588310689652 ], [ 72.510107381916129, 23.048768814202713 ], [ 72.510505552363711, 23.048915052494817 ], [ 72.510917060965937, 23.049025693380585 ], [ 72.511338158688119, 23.049099728958826 ], [ 72.511765009134251, 23.049136484791752 ], [ 72.512193723498271, 23.049135626047189 ], [ 72.512620395993039, 23.049097160548001 ], [ 72.512648595993042, 23.049093360663395 ], [ 72.513083600004023, 23.049014392468205 ], [ 72.513508023148958, 23.048896343472709 ], [ 72.513917729523925, 23.048740363935703 ], [ 72.514308726636557, 23.048547973712417 ], [ 72.514677204311766, 23.048321047448852 ], [ 72.515019571821156, 23.048061796319697 ], [ 72.515332492873753, 23.047772746487531 ], [ 72.515612918127374, 23.047456714492885 ], [ 72.515858114903764, 23.047116779814804 ], [ 72.51587511490375, 23.047090480227393 ], [ 72.516095575639397, 23.046704408018634 ], [ 72.516181353733231, 23.046505771646117 ], [ 72.516305467555867, 23.046258083634992 ], [ 72.516446410098894, 23.045888091152605 ], [ 72.516548620024849, 23.045507473390693 ], [ 72.516611177612404, 23.045119655208307 ], [ 72.516633519946055, 23.044728126284785 ], [ 72.516633719946043, 23.044691426290438 ], [ 72.516612803014127, 23.044271744783519 ], [ 72.516545695323003, 23.043856184036727 ], [ 72.516433090236703, 23.043449037726969 ], [ 72.516276151203257, 23.043054512629535 ], [ 72.516273642094305, 23.043049764309895 ], [ 72.516193444114805, 23.042847696334412 ], [ 72.515993833600788, 23.042469344933565 ], [ 72.515753472746226, 23.042111618305672 ], [ 72.515474850358927, 23.041778220696642 ], [ 72.515160851424312, 23.041472604452803 ], [ 72.514814727233016, 23.041197934265679 ], [ 72.51444006171549, 23.040957054395122 ], [ 72.514426161715477, 23.040949054187003 ], [ 72.514063476488957, 23.040761235586928 ], [ 72.513683457332462, 23.040605113862298 ], [ 72.513289366740281, 23.040482029442565 ], [ 72.512884588011005, 23.04039303910886 ], [ 72.512472596201775, 23.040338906918315 ], [ 72.512056928294612, 23.040320097642208 ], [ 72.511641152831032, 23.040336772774424 ], [ 72.511619452831027, 23.040338572829434 ], [ 72.511171435084151, 23.040396793432208 ], [ 72.510732055733101, 23.0404961971544 ], [ 72.510305773475366, 23.040635775185375 ], [ 72.509896914102882, 23.040814111004455 ], [ 72.509509626604995, 23.041029394760315 ], [ 72.509342886057453, 23.041144636997657 ], [ 72.509329239346357, 23.041152616884226 ], [ 72.509233902061524, 23.041219960911533 ], [ 72.509147841065811, 23.04127944164291 ], [ 72.509138628711582, 23.041287259743093 ], [ 72.509013643901056, 23.041375545993763 ], [ 72.508720723974179, 23.041623299517056 ], [ 72.508694323974154, 23.041647700045317 ], [ 72.508409868971654, 23.041936676357668 ], [ 72.508156270395546, 23.042249031705492 ], [ 72.50793578500182, 23.042581986307855 ], [ 72.507750374874604, 23.042932577083668 ], [ 72.507601689965654, 23.043297684024942 ], [ 72.50749105341157, 23.04367405796599 ], [ 72.507419449759354, 23.044058349501217 ] ] ] } },
{ "type": "Feature", "properties": { "version": 1, "visible": null, "lon": null, "timestamp": 1638344346, "tags": { "visible": false }, "changeset": null, "lat": null, "id": 1008019382, "natural": "water", "water": null, "wetland": null, "osm_type": "way", "grassland": null, "reef": null, "Risk": "Low" }, "geometry": { "type": "Polygon", "coordinates": [ [ [ 72.494485752491798, 23.133907132937885 ], [ 72.494489431495168, 23.133918750750752 ], [ 72.494493193036504, 23.133942430211501 ], [ 72.494576141215262, 23.134332379743128 ], [ 72.494699451361683, 23.134713194457539 ], [ 72.494861982334641, 23.135081350298119 ], [ 72.495062230034151, 23.135433440381835 ], [ 72.495298341320833, 23.135766206522998 ], [ 72.495392341320809, 23.135885704365837 ], [ 72.495679658317641, 23.136214244186991 ], [ 72.496001899193416, 23.136514138148062 ], [ 72.496355706520603, 23.136782261855956 ], [ 72.496737393980808, 23.137015821928138 ], [ 72.497142984772537, 23.13721238508862 ], [ 72.497568253045543, 23.137369903512557 ], [ 72.497691192442829, 23.137402509310313 ], [ 72.497800780865731, 23.137447147815742 ], [ 72.498237594530096, 23.137577885367627 ], [ 72.498686645213795, 23.13766691186553 ], [ 72.499143235920329, 23.137713296190608 ], [ 72.499602590785784, 23.13771655321478 ], [ 72.499802690785785, 23.137708553460953 ], [ 72.500246353708221, 23.137670472344265 ], [ 72.500683730121082, 23.137592154720256 ], [ 72.501110515437148, 23.137474371308599 ], [ 72.501522509305133, 23.137318281212227 ], [ 72.501915656948668, 23.137125420513694 ], [ 72.502286089072967, 23.136897687162424 ], [ 72.502630159945554, 23.136637322301425 ], [ 72.502944483277147, 23.136346888217098 ], [ 72.503225965548907, 23.136029243128757 ], [ 72.503471836458303, 23.135687513065786 ], [ 72.503679676184035, 23.135325061108922 ], [ 72.503847439201479, 23.134945454298027 ], [ 72.503973474414451, 23.13455242853194 ], [ 72.504056541404978, 23.134149851805379 ], [ 72.504095822641318, 23.13374168614477 ], [ 72.504104122641294, 23.133544286379664 ], [ 72.504100274343713, 23.133150888957555 ], [ 72.504055743218629, 23.132759611553734 ], [ 72.503982456824247, 23.132426398481357 ], [ 72.503978856631946, 23.13239809655882 ], [ 72.503913003827407, 23.132027401623262 ], [ 72.503810804372307, 23.131663739667125 ], [ 72.503673103397716, 23.131310118036204 ], [ 72.503501039612004, 23.130969461070034 ], [ 72.503296035884304, 23.130644585916258 ], [ 72.503059787478321, 23.130338179230822 ], [ 72.502936587478302, 23.130192876479327 ], [ 72.502651081646079, 23.129888015899077 ], [ 72.502334677654289, 23.129610145082744 ], [ 72.501990377516123, 23.129361900619511 ], [ 72.50162144792094, 23.129145638001454 ], [ 72.501231389240203, 23.128963409268373 ], [ 72.500823902316313, 23.128816943532211 ], [ 72.500580302316322, 23.128741741336789 ], [ 72.500190776453096, 23.128639216995591 ], [ 72.499792789045628, 23.128569390124394 ], [ 72.499389578544054, 23.128532828960495 ], [ 72.498984425899195, 23.128529831031766 ], [ 72.498773325899194, 23.128537031253341 ], [ 72.498359355768997, 23.128568829197157 ], [ 72.497950350650328, 23.128635662969192 ], [ 72.497549809096583, 23.128736960834061 ], [ 72.497161157265353, 23.128871856231864 ], [ 72.496787719611802, 23.12903919519324 ], [ 72.496432690451897, 23.129237546213574 ], [ 72.496291090451891, 23.129325148451919 ], [ 72.495941688034492, 23.129564747359588 ], [ 72.495619182956872, 23.12983436060675 ], [ 72.495326611974576, 23.130131449302333 ], [ 72.495066729979328, 23.130453215842451 ], [ 72.49484198405851, 23.130796630259493 ], [ 72.494654490452973, 23.131158458759067 ], [ 72.494506014630275, 23.131535294175592 ], [ 72.494397954660769, 23.13192358805977 ], [ 72.494331328053121, 23.132319684095457 ], [ 72.494306762173352, 23.132719852531263 ], [ 72.494324488337412, 23.133120325302368 ], [ 72.494384339633115, 23.133517331511928 ], [ 72.494485752491798, 23.133907132937885 ] ] ] } },
{ "type": "Feature", "properties": { "version": 1, "visible": null, "lon": null, "timestamp": 1638344935, "tags": { "visible": false }, "changeset": null, "lat": null, "id": 1008020840, "natural": "water", "water": null, "wetland": null, "osm_type": "way", "grassland": null, "reef": null, "Risk": "Low" }, "geometry": { "type": "Polygon", "coordinates": [ [ [ 72.505779073457887, 23.150082800530914 ], [ 72.505779682459391, 23.15009394522809 ], [ 72.505822371811746, 23.150491029679213 ], [ 72.505906538258628, 23.150882471625334 ], [ 72.506031396114622, 23.151264617059958 ], [ 72.506177396114623, 23.151643913159631 ], [ 72.506351062700304, 23.152031359098793 ], [ 72.506566538228668, 23.152400627233781 ], [ 72.50682160407608, 23.152747915595178 ], [ 72.507113633980865, 23.153069648545006 ], [ 72.507439621084444, 23.153362513585364 ], [ 72.507689921084449, 23.153565608891828 ], [ 72.508033919663603, 23.153818269521995 ], [ 72.508403169531135, 23.154038749206912 ], [ 72.508794122702042, 23.154224929602627 ], [ 72.509203022652287, 23.154375021917009 ], [ 72.509625940413898, 23.154487584092003 ], [ 72.509906740413896, 23.154548782256555 ], [ 72.510398232030425, 23.154629674994705 ], [ 72.510896451938024, 23.154659910241659 ], [ 72.511118251938029, 23.154662010176935 ], [ 72.511521449021075, 23.154649167467131 ], [ 72.511921766291252, 23.154603111777128 ], [ 72.512065466291261, 23.154580512463731 ], [ 72.512508039262173, 23.154489554951194 ], [ 72.512938381021385, 23.154358028157105 ], [ 72.513352104647012, 23.154187272753994 ], [ 72.513744992623046, 23.15397902928342 ], [ 72.514113039833049, 23.15373542041878 ], [ 72.514452494388308, 23.153458929333542 ], [ 72.514759895874917, 23.153152374395223 ], [ 72.515032110629207, 23.152818880442741 ], [ 72.515266363682557, 23.152461846939612 ], [ 72.51546026704959, 23.152084913327304 ], [ 72.515611844071231, 23.151691921931643 ], [ 72.515719549564949, 23.15128687880016 ], [ 72.515782285576464, 23.150873912869251 ], [ 72.51579941257225, 23.150457233877351 ], [ 72.51576821257224, 23.14820353299331 ], [ 72.515742092208697, 23.147808268268015 ], [ 72.515674921846113, 23.147417119554362 ], [ 72.515567319017833, 23.147033682944926 ], [ 72.515420272974652, 23.146661483660207 ], [ 72.515235135590117, 23.146303943636379 ], [ 72.515013608931937, 23.145964350061654 ], [ 72.514757729614075, 23.145645825150631 ], [ 72.514705929614067, 23.145587424013204 ], [ 72.514422687448032, 23.145297212166241 ], [ 72.514110941914964, 23.145032855847077 ], [ 72.513773472008609, 23.1447967117671 ], [ 72.513413286037363, 23.144590885140062 ], [ 72.513033594807609, 23.144417210910021 ], [ 72.512637783001381, 23.14427723738903 ], [ 72.512229379004467, 23.144172212450464 ], [ 72.511812023453217, 23.14410307240129 ], [ 72.511668423453202, 23.144085671869711 ], [ 72.511244370622563, 23.144052983988058 ], [ 72.510818856759741, 23.14405734353884 ], [ 72.510395701285191, 23.144098711387056 ], [ 72.509978702450397, 23.144176716180127 ], [ 72.509813402450405, 23.144215217330178 ], [ 72.509418274762467, 23.144325246913461 ], [ 72.509035803303604, 23.144468171959751 ], [ 72.508882703303613, 23.144533073775939 ], [ 72.508489907041238, 23.14472172171811 ], [ 72.508119239389615, 23.144945042689645 ], [ 72.507774308489132, 23.145200862679857 ], [ 72.507458471954394, 23.145486691316133 ], [ 72.507269271954399, 23.145675695260518 ], [ 72.507105672329047, 23.145848509035719 ], [ 72.506912372329026, 23.14606451326512 ], [ 72.506702036078451, 23.146319023228862 ], [ 72.506513736912936, 23.146587728387253 ], [ 72.506377436912942, 23.146799831712311 ], [ 72.506184695389749, 23.147133781285351 ], [ 72.50602597282969, 23.147482537110395 ], [ 72.505902599274563, 23.14784317662669 ], [ 72.505815608553391, 23.148212677712511 ], [ 72.505749908553383, 23.148570179548194 ], [ 72.505699201131335, 23.148955639108269 ], [ 72.505688085598592, 23.149343772612315 ], [ 72.505716660199369, 23.149731149548025 ], [ 72.505779073457887, 23.150082800530914 ] ] ] } },
{ "type": "Feature", "properties": { "version": 1, "visible": null, "lon": null, "timestamp": 1638344935, "tags": { "visible": false }, "changeset": null, "lat": null, "id": 1008020841, "natural": "water", "water": null, "wetland": null, "osm_type": "way", "grassland": null, "reef": null, "Risk": "Low" }, "geometry": { "type": "Polygon", "coordinates": [ [ [ 72.490185659603895, 23.150736912820399 ], [ 72.490259359603911, 23.150923110857839 ], [ 72.490354965586661, 23.151144556949522 ], [ 72.490453065586664, 23.151353954396352 ], [ 72.49065311612955, 23.151727834861074 ], [ 72.490893122405325, 23.152081276579384 ], [ 72.49117064124917, 23.15241068183591 ], [ 72.491482847633918, 23.152712697610152 ], [ 72.49182656342748, 23.152984249701191 ], [ 72.492198289744991, 23.153222574013835 ], [ 72.492594242566099, 23.153425244688162 ], [ 72.493010391254558, 23.153590198786301 ], [ 72.493276091254558, 23.153681196158004 ], [ 72.493662075955939, 23.153795430281559 ], [ 72.494057692517515, 23.153877192541952 ], [ 72.494459716666228, 23.153925816637052 ], [ 72.494864871907239, 23.153940906316929 ], [ 72.495269856227296, 23.153922338612084 ], [ 72.495645456227294, 23.153889439621519 ], [ 72.495938229497469, 23.153854836812549 ], [ 72.49622872949746, 23.153811538129911 ], [ 72.496659793292494, 23.153727147956932 ], [ 72.49707978674337, 23.153604320444011 ], [ 72.497484666104128, 23.153444238085029 ], [ 72.497870533148927, 23.153248442041289 ], [ 72.498233672704842, 23.153018817308027 ], [ 72.498570588421757, 23.152757574571297 ], [ 72.49882968842175, 23.152535779574578 ], [ 72.499121523189686, 23.152261618625314 ], [ 72.499384431167101, 23.151963741381014 ], [ 72.499616143820589, 23.151644717962487 ], [ 72.499814661789387, 23.151307300961246 ], [ 72.499978272137085, 23.150954401693276 ], [ 72.500105563131953, 23.150589065082794 ], [ 72.500195436428186, 23.150214443392549 ], [ 72.50028983642818, 23.149710746028742 ], [ 72.500341519385756, 23.149330036669458 ], [ 72.500354556435028, 23.148946559086529 ], [ 72.500328835064465, 23.148563622733455 ], [ 72.500264577252992, 23.14818453242113 ], [ 72.50016233755413, 23.14781255979624 ], [ 72.500022998310214, 23.147450915104908 ], [ 72.49983779831021, 23.147033010245092 ], [ 72.499650856836737, 23.146664274597423 ], [ 72.499425367432963, 23.146314239060754 ], [ 72.499163518148109, 23.145986300384052 ], [ 72.498867849851521, 23.145683640912178 ], [ 72.498541231577278, 23.145409197699081 ], [ 72.498186832684297, 23.145165634000957 ], [ 72.497808092102318, 23.144955313426177 ], [ 72.497408684962039, 23.144780276993114 ], [ 72.496992486933252, 23.144642223318829 ], [ 72.496563536617117, 23.14454249213092 ], [ 72.496125996357321, 23.144482051262983 ], [ 72.495684111850565, 23.144461487259747 ], [ 72.495011711850566, 23.1444606872351 ], [ 72.494522366982864, 23.144484685747436 ], [ 72.494038777737089, 23.14455755996465 ], [ 72.493566700404472, 23.144678442366867 ], [ 72.493111754246883, 23.144845893931322 ], [ 72.492742054246889, 23.145003998348891 ], [ 72.492379226271368, 23.145178070558522 ], [ 72.492035135181027, 23.145381786283025 ], [ 72.491712637542264, 23.145613454189601 ], [ 72.491414410657441, 23.145871150884133 ], [ 72.491142930338711, 23.146152736883408 ], [ 72.49090045035426, 23.146455874381367 ], [ 72.490682950354255, 23.146755479507267 ], [ 72.490471205658807, 23.147078122004931 ], [ 72.490292325472055, 23.147417167177998 ], [ 72.490147799044848, 23.14776979222292 ], [ 72.490038829618982, 23.148133061296292 ], [ 72.489966324409565, 23.148503949960084 ], [ 72.489930887052211, 23.148879370363794 ], [ 72.489918587052216, 23.149155470712046 ], [ 72.489922004903732, 23.149557946044578 ], [ 72.48996801433178, 23.149958202969252 ], [ 72.49005617835121, 23.150352439990396 ], [ 72.490185659603895, 23.150736912820399 ] ] ] } },
{ "type": "Feature", "properties": { "version": 1, "visible": null, "lon": null, "timestamp": 1638366068, "tags": { "visible": false }, "changeset": null, "lat": null, "id": 1008100438, "natural": "water", "water": null, "wetland": null, "osm_type": "way", "grassland": null, "reef": null, "Risk": "Low" }, "geometry": { "type": "Polygon", "coordinates": [ [ [ 72.715843064843739, 23.091701350917212 ], [ 72.715956364843748, 23.092045747850204 ], [ 72.716097872803573, 23.092412584627407 ], [ 72.716276281161058, 23.092765542826051 ], [ 72.716448181161056, 23.093067538518937 ], [ 72.716643999498757, 23.093377950531728 ], [ 72.716868363671807, 23.093671559172318 ], [ 72.7171195808031, 23.093946149215959 ], [ 72.717342880803116, 23.094169744564915 ], [ 72.717700464959421, 23.094490089715492 ], [ 72.718094482591638, 23.094771959067199 ], [ 72.718520067674433, 23.0950118718517 ], [ 72.718715167674432, 23.095108569234188 ], [ 72.719104985083618, 23.095280056471342 ], [ 72.7195109128524, 23.095416293894292 ], [ 72.719929194109213, 23.095516020731129 ], [ 72.72035595765071, 23.095578314089586 ], [ 72.720787253769757, 23.095602597495397 ], [ 72.721219090810095, 23.095588646225647 ], [ 72.721647472109268, 23.09553658938783 ], [ 72.722068432987754, 23.095446908725382 ], [ 72.722263632987762, 23.095396110228382 ], [ 72.722699150394718, 23.095260266375803 ], [ 72.723117284526822, 23.095084171023185 ], [ 72.72351365212532, 23.094869670006588 ], [ 72.723884098107888, 23.094619011741031 ], [ 72.724224739125944, 23.094334823657992 ], [ 72.724532004273343, 23.094020084670461 ], [ 72.724802672519985, 23.093678093953738 ], [ 72.725033906477421, 23.093312436368969 ], [ 72.725223282142906, 23.092926944891531 ], [ 72.725283982142898, 23.092784346490124 ], [ 72.725430890749536, 23.092378490346611 ], [ 72.72553139372225, 23.091960835770099 ], [ 72.725584413770534, 23.091535859507946 ], [ 72.725589382572863, 23.091108116829759 ], [ 72.725580382572872, 23.090906816575433 ], [ 72.725549290261242, 23.090562640060526 ], [ 72.725487059345397, 23.090222053684773 ], [ 72.725394124628679, 23.089887437139222 ], [ 72.725324422547715, 23.089674084642983 ], [ 72.725250529659021, 23.089442456840974 ], [ 72.725124218514679, 23.089102101498561 ], [ 72.724966211029439, 23.088773138884367 ], [ 72.724777704343694, 23.088458061469364 ], [ 72.724662204343687, 23.088283458678998 ], [ 72.724418085909988, 23.087951771298776 ], [ 72.724140200591961, 23.087643386631683 ], [ 72.723831160028695, 23.087361203127568 ], [ 72.723493868664505, 23.087107872993869 ], [ 72.723131496452098, 23.086885777262999 ], [ 72.722747449060591, 23.086697003408403 ], [ 72.722515349060629, 23.08659590059936 ], [ 72.72211430084775, 23.08644257529625 ], [ 72.721699030128946, 23.08632559782626 ], [ 72.721273419488341, 23.086246061969234 ], [ 72.720841448183435, 23.086204711414606 ], [ 72.720407154940872, 23.086201932805743 ], [ 72.720163154940877, 23.086211233091397 ], [ 72.719736420440384, 23.086246311609408 ], [ 72.719315260432623, 23.086318632730517 ], [ 72.718903506861025, 23.086427538378324 ], [ 72.718504906084092, 23.086572037582414 ], [ 72.718123084789099, 23.086750815497886 ], [ 72.717964384789084, 23.086834117722116 ], [ 72.717613743636562, 23.087038485410229 ], [ 72.717285109204497, 23.087271757876604 ], [ 72.716981288295585, 23.087531942641618 ], [ 72.716704875785055, 23.087816817368427 ], [ 72.716458232458379, 23.088123948848597 ], [ 72.716243464848205, 23.08845071378876 ], [ 72.716195164848202, 23.088532514989069 ], [ 72.716002721979038, 23.088900764063247 ], [ 72.715850758521398, 23.089284696257874 ], [ 72.715740760541863, 23.089680556941804 ], [ 72.715673803722211, 23.0900844748639 ], [ 72.715650542840166, 23.090492500013767 ], [ 72.715671205366348, 23.090900642251501 ], [ 72.715735589239756, 23.091304910328418 ], [ 72.715843064843739, 23.091701350917212 ] ] ] } },
{ "type": "Feature", "properties": { "version": 1, "visible": null, "lon": null, "timestamp": 1638457956, "tags": { "visible": false, "alt_name": "Ghatlodia Lake", "name": "Ghatlodiya Lake", "name:gu": "ઘાટલોડિયા તળાવ" }, "changeset": null, "lat": null, "id": 1008655803, "natural": "water", "water": "lake", "wetland": null, "osm_type": "way", "grassland": null, "reef": null, "Risk": "Low" }, "geometry": { "type": "Polygon", "coordinates": [ [ [ 72.527494256792522, 23.088201182127911 ], [ 72.527498048775186, 23.088203887945561 ], [ 72.527695416063679, 23.088336961339756 ], [ 72.527774916063677, 23.088387560060664 ], [ 72.528132271283241, 23.088592896382224 ], [ 72.52850897032603, 23.08876652569791 ], [ 72.528901698341429, 23.088906920241783 ], [ 72.528996298341426, 23.088936119390812 ], [ 72.529413481796922, 23.08904458621474 ], [ 72.529840089581199, 23.089115549872563 ], [ 72.530272147376664, 23.08914834932002 ], [ 72.53070563009291, 23.089142679022395 ], [ 72.531136499364862, 23.089098591799846 ], [ 72.531560741174502, 23.089016498335532 ], [ 72.531974403245897, 23.088897163351039 ], [ 72.532373631864914, 23.088741698484711 ], [ 72.532754707780796, 23.088551551939126 ], [ 72.533114080855043, 23.088328494994116 ], [ 72.533448403134855, 23.088074605510638 ], [ 72.533754560042979, 23.087792248579099 ], [ 72.533823560042947, 23.087722150025421 ], [ 72.534093279239926, 23.087420648470236 ], [ 72.534330855281866, 23.087097071077302 ], [ 72.534534166450754, 23.086754307467555 ], [ 72.534701397037509, 23.086395418621979 ], [ 72.534831053557568, 23.086023609549724 ], [ 72.534882653557574, 23.085847410958568 ], [ 72.534978190059363, 23.085440600381816 ], [ 72.53502875424536, 23.085027010997251 ], [ 72.535033833088207, 23.084610839065089 ], [ 72.534993375057638, 23.084196307086927 ], [ 72.534986975057635, 23.084154506907733 ], [ 72.534902230507569, 23.083748973663162 ], [ 72.534773906381844, 23.083353246332642 ], [ 72.534603284459052, 23.082971277782633 ], [ 72.534392069013634, 23.082606883478025 ], [ 72.534142369792605, 23.082263703365612 ], [ 72.533856680942037, 23.081945165509925 ], [ 72.533537856094114, 23.081654451844621 ], [ 72.533189079863277, 23.081394466382033 ], [ 72.532813836036453, 23.081167806198621 ], [ 72.532415872774806, 23.080976735486399 ], [ 72.532325572774823, 23.080938534419701 ], [ 72.531818452513093, 23.080757358553178 ], [ 72.531291242374834, 23.08063391336832 ], [ 72.530905742374827, 23.080566211324474 ], [ 72.530482618509126, 23.080510943732587 ], [ 72.530055700250998, 23.080492921448997 ], [ 72.529628852606081, 23.080512307649229 ], [ 72.52920593994078, 23.080568926808724 ], [ 72.528790790997007, 23.080662266292443 ], [ 72.528387164229656, 23.080791480997604 ], [ 72.527998713780292, 23.080955401007344 ], [ 72.527954613780295, 23.080976401580536 ], [ 72.527574081124868, 23.08117995638624 ], [ 72.527217034597754, 23.081416800003307 ], [ 72.526886903461516, 23.081684657491728 ], [ 72.526586858469202, 23.081980956030222 ], [ 72.526319781410692, 23.082302849633756 ], [ 72.526088237434479, 23.082647246494695 ], [ 72.525894450410675, 23.083010838684764 ], [ 72.525740281571757, 23.083390133932234 ], [ 72.525627211636305, 23.083781489168974 ], [ 72.525556326587449, 23.084181145524841 ], [ 72.52554922658743, 23.084238845724325 ], [ 72.525522347062577, 23.084592515819338 ], [ 72.525528523576526, 23.084947002808665 ], [ 72.525567710656375, 23.08529969688356 ], [ 72.525581910656385, 23.085389296486241 ], [ 72.525669074786734, 23.085795494883808 ], [ 72.525799992172566, 23.086191627998275 ], [ 72.525973348261957, 23.086573718331501 ], [ 72.526187402372528, 23.086937929419491 ], [ 72.526440005169789, 23.087280604349186 ], [ 72.526728620248846, 23.087598302471438 ], [ 72.527050349602575, 23.087887833941743 ], [ 72.527401962720774, 23.088146291742174 ], [ 72.527494256792522, 23.088201182127911 ] ] ] } },
{ "type": "Feature", "properties": { "version": 2, "visible": null, "lon": null, "timestamp": 1736428583, "tags": { "visible": false, "intermittent": "yes" }, "changeset": null, "lat": null, "id": 1017007889, "natural": "water", "water": "lake", "wetland": null, "osm_type": "way", "grassland": null, "reef": null, "Risk": "Low" }, "geometry": { "type": "Polygon", "coordinates": [ [ [ 72.489345497981788, 23.038460285156429 ], [ 72.489333397981795, 23.038540485494796 ], [ 72.489293109794303, 23.038974186279159 ], [ 72.489302607973841, 23.039409379675913 ], [ 72.489361787182901, 23.039841239278189 ], [ 72.489383287182889, 23.039951138680788 ], [ 72.489486353059633, 23.040358519485139 ], [ 72.48963363307972, 23.040754227493792 ], [ 72.489823618976814, 23.041134210457464 ], [ 72.490054365141873, 23.041494577192733 ], [ 72.49032350854786, 23.041831637424842 ], [ 72.490628292948912, 23.042141939572037 ], [ 72.490755692948923, 23.042259137028964 ], [ 72.491072942034705, 23.042524368220437 ], [ 72.491416220561661, 23.042760563614564 ], [ 72.491782402377964, 23.042965572396817 ], [ 72.49216815275733, 23.043137527749636 ], [ 72.492569958767419, 23.043274863847781 ], [ 72.492746958767412, 23.043326662333197 ], [ 72.493212558760831, 23.04343804125363 ], [ 72.493688433289137, 23.043502957625378 ], [ 72.494169123258629, 23.043520666814224 ], [ 72.494465523258626, 23.043516966927747 ], [ 72.495094440237111, 23.043468308529011 ], [ 72.495258040237118, 23.043444909238453 ], [ 72.495679762148313, 23.043365379950359 ], [ 72.496091273362055, 23.043249064550452 ], [ 72.496488793777985, 23.043097031406599 ], [ 72.496565293777977, 23.043063732330189 ], [ 72.496942679396199, 23.04287874454435 ], [ 72.497299239266027, 23.042661572341466 ], [ 72.497631742015542, 23.042414183723473 ], [ 72.497937174293654, 23.042138820523299 ], [ 72.498212768079171, 23.041837978093699 ], [ 72.498456025766174, 23.041514382698722 ], [ 72.498664742799079, 23.041170966812366 ], [ 72.498837027651604, 23.040810842548208 ], [ 72.498971318969026, 23.040437273460466 ], [ 72.499012818969035, 23.040300274589129 ], [ 72.499111601439978, 23.039897294309029 ], [ 72.499166177647552, 23.039487251505179 ], [ 72.499176002418579, 23.039074242135563 ], [ 72.499140977611361, 23.03866239182916 ], [ 72.499118177611322, 23.038499491190727 ], [ 72.499020444913711, 23.038023458136589 ], [ 72.498862857971147, 23.03756121637306 ], [ 72.498822657971189, 23.037463715311954 ], [ 72.498660473323241, 23.037118569363649 ], [ 72.498464874373738, 23.036788414889497 ], [ 72.498237479988063, 23.036475984517292 ], [ 72.497980172185152, 23.036183864194182 ], [ 72.497695080560803, 23.035914471779765 ], [ 72.497384564662383, 23.035670037030233 ], [ 72.497281264662377, 23.035595935237357 ], [ 72.496909152330275, 23.035355829465715 ], [ 72.496512579121159, 23.035151557090426 ], [ 72.496095605103704, 23.034985209594566 ], [ 72.495662499207583, 23.034858490166833 ], [ 72.49521769551869, 23.034772696258685 ], [ 72.494765747883477, 23.03472870629653 ], [ 72.494311283287317, 23.034726970685316 ], [ 72.494245121081704, 23.03473289996785 ], [ 72.494001386085458, 23.034735482608856 ], [ 72.493813686085446, 23.034745382912057 ], [ 72.493327127053263, 23.0347956450229 ], [ 72.492849403602648, 23.034894345525579 ], [ 72.492386192331281, 23.035040311496545 ], [ 72.491942997394474, 23.035231808330053 ], [ 72.491783397394485, 23.035310810464413 ], [ 72.491278225252586, 23.035602220210208 ], [ 72.491161525252565, 23.035679922141412 ], [ 72.490808657551028, 23.035940774149449 ], [ 72.490486108953277, 23.036232982685672 ], [ 72.490197154820322, 23.036553580287425 ], [ 72.48994472937386, 23.036899311214931 ], [ 72.489731395900421, 23.037266664519887 ], [ 72.489559320722051, 23.037651909705072 ], [ 72.489430251198172, 23.038051134612694 ], [ 72.489345497981788, 23.038460285156429 ] ] ] } },
{ "type": "Feature", "properties": { "version": 1, "visible": null, "lon": null, "timestamp": 1641798794, "tags": { "visible": false }, "changeset": null, "lat": null, "id": 1019925049, "natural": "water", "water": null, "wetland": null, "osm_type": "way", "grassland": null, "reef": null, "Risk": "Low" }, "geometry": { "type": "Polygon", "coordinates": [ [ [ 72.502337294520558, 23.007882297656238 ], [ 72.502441894520558, 23.007956295858627 ], [ 72.502808571868727, 23.008189991805605 ], [ 72.50319862115019, 23.008389063295777 ], [ 72.50342077215862, 23.008477193782774 ], [ 72.503451457978088, 23.008498185903072 ], [ 72.503827404134881, 23.008706289946375 ], [ 72.504223613108365, 23.008879643785043 ], [ 72.504636305262252, 23.009016593846489 ], [ 72.505061543718924, 23.009115833807801 ], [ 72.505495271915308, 23.00917641705318 ], [ 72.505933352300374, 23.009197765700911 ], [ 72.506371605805469, 23.009179676114158 ], [ 72.506805851710411, 23.009122320842788 ], [ 72.506829159447705, 23.009117065537364 ], [ 72.50727183923253, 23.009085454209902 ], [ 72.50771092472921, 23.009013257661991 ], [ 72.508140065648362, 23.008901332059512 ], [ 72.508555030018059, 23.008750781059302 ], [ 72.508951725668396, 23.008563089193206 ], [ 72.509326240586347, 23.008340107233376 ], [ 72.509674881494149, 23.008084033946805 ], [ 72.509766081494149, 23.008009935648872 ], [ 72.510087315512578, 23.00772140581169 ], [ 72.5103756608151, 23.007404806016854 ], [ 72.510628238101859, 23.007063297516364 ], [ 72.510842525237919, 23.00670029030077 ], [ 72.511016382438413, 23.006319409055351 ], [ 72.511148073635468, 23.005924456971808 ], [ 72.511236283813886, 23.005519377776469 ], [ 72.511255692954705, 23.005337380344997 ], [ 72.511259383498967, 23.005321716845604 ], [ 72.511310096213833, 23.004920631818862 ], [ 72.511318196213821, 23.004809532046771 ], [ 72.511324452128662, 23.004362127418602 ], [ 72.51131488153068, 23.004270072333878 ], [ 72.51131307442742, 23.004078095055274 ], [ 72.511268798027132, 23.003686948469376 ], [ 72.511184347522757, 23.003301442559895 ], [ 72.511060487007114, 23.002925065377287 ], [ 72.510898337147651, 23.002561222404221 ], [ 72.510699365046719, 23.002213205740084 ], [ 72.510465370967779, 23.001884164310567 ], [ 72.510442494247755, 23.001857842809013 ], [ 72.510275724145387, 23.001601748694991 ], [ 72.510181824145405, 23.001473346498486 ], [ 72.509912071611382, 23.001141655434679 ], [ 72.509607607584201, 23.000836481982706 ], [ 72.509271489809933, 23.000560891203083 ], [ 72.50890709393471, 23.000317651055614 ], [ 72.508518079602865, 23.000109204593063 ], [ 72.508108353703079, 22.999937645418246 ], [ 72.50768203113121, 22.999804696651221 ], [ 72.507243393464236, 22.999711693618185 ], [ 72.506796845960253, 22.999659570436084 ], [ 72.506346873316161, 22.999648850627903 ], [ 72.505897994627716, 22.999679641863018 ], [ 72.505661894627721, 22.999706842689797 ], [ 72.505299598806403, 22.999762515147982 ], [ 72.504943456196756, 22.999845251002284 ], [ 72.504653856196754, 22.999924253322565 ], [ 72.504218147804906, 23.000065934962873 ], [ 72.503800559392943, 23.000248074403817 ], [ 72.503494712139599, 23.000418916954697 ], [ 72.5033829499517, 23.000462949173283 ], [ 72.50297717231939, 23.000670827937689 ], [ 72.502596881235291, 23.000916161954756 ], [ 72.502246141876199, 23.001196328494469 ], [ 72.501928703521472, 23.00150833246904 ], [ 72.501682003521466, 23.001777437785588 ], [ 72.501423332848049, 23.002088359488599 ], [ 72.50119778129411, 23.002420413732334 ], [ 72.501007372518799, 23.002770621165965 ], [ 72.500853814878596, 23.003135839583223 ], [ 72.500738486099863, 23.00351279211905 ], [ 72.500698186099854, 23.003673293226296 ], [ 72.500621846327945, 23.004060498847878 ], [ 72.500585846957506, 23.004452630225035 ], [ 72.500590514144989, 23.00484613459674 ], [ 72.500635805605384, 23.005237446793487 ], [ 72.50072131099536, 23.005623021537829 ], [ 72.500846255630989, 23.005999365563564 ], [ 72.501009507506453, 23.00636306926258 ], [ 72.501209587550008, 23.006710837572879 ], [ 72.501444683024573, 23.00703951982781 ], [ 72.501712663951125, 23.007346138296448 ], [ 72.502011102406513, 23.007627915156601 ], [ 72.502337294520558, 23.007882297656238 ] ] ] } },
{ "type": "Feature", "properties": { "version": 1, "visible": null, "lon": null, "timestamp": 1643240799, "tags": { "visible": false }, "changeset": null, "lat": null, "id": 1025034026, "natural": "water", "water": null, "wetland": null, "osm_type": "way", "grassland": null, "reef": null, "Risk": "Low" }, "geometry": { "type": "Polygon", "coordinates": [ [ [ 72.667050103740721, 23.195060136172483 ], [ 72.667083603740721, 23.195184635249571 ], [ 72.667216743861303, 23.195589285303694 ], [ 72.667394206041507, 23.195979297941292 ], [ 72.667614129532652, 23.196350583898347 ], [ 72.667874208365291, 23.196699250292333 ], [ 72.668171715528231, 23.197021641433185 ], [ 72.66850353156201, 23.197314377146398 ], [ 72.668866177267503, 23.197574388206906 ], [ 72.668996277267496, 23.197658186087921 ], [ 72.669383535491846, 23.197881507395334 ], [ 72.669793485407311, 23.198067489063934 ], [ 72.67022188002359, 23.198214204524117 ], [ 72.670664281267349, 23.198320133967528 ], [ 72.671116105959683, 23.198384180086521 ], [ 72.671299805959706, 23.198401479555134 ], [ 72.671713783540454, 23.198422782612877 ], [ 72.672128134502429, 23.198408907119557 ], [ 72.672539327960777, 23.198359971304065 ], [ 72.672943859937305, 23.19827639213398 ], [ 72.673338283219479, 23.198158881763689 ], [ 72.673719236735835, 23.198008441467959 ], [ 72.673904336735831, 23.197925843762292 ], [ 72.674282308556869, 23.197736083032638 ], [ 72.6746387696532, 23.197513920524216 ], [ 72.674970442666137, 23.197261398677718 ], [ 72.675274278142425, 23.196980839053314 ], [ 72.675547482571446, 23.19667482099192 ], [ 72.675787544069266, 23.19634615790654 ], [ 72.675992255473147, 23.195997871421291 ], [ 72.676159734634609, 23.195633163595861 ], [ 72.676288441724239, 23.195255387490423 ], [ 72.676377193389015, 23.194868016341459 ], [ 72.676425173632381, 23.194474611631854 ], [ 72.676431941316494, 23.194078790348478 ], [ 72.676397434218217, 23.193684191728487 ], [ 72.67638533421821, 23.193597891387913 ], [ 72.6763140352558, 23.193225107714909 ], [ 72.676205893847026, 23.192859891619563 ], [ 72.676061818912331, 23.192505312790281 ], [ 72.675883021390817, 23.192164351531915 ], [ 72.675793221390848, 23.192011449289438 ], [ 72.675530664949719, 23.191618589603621 ], [ 72.675427364949726, 23.191481787195411 ], [ 72.675151335668048, 23.19115288405958 ], [ 72.674840747995631, 23.190851140725705 ], [ 72.674498746023502, 23.190579611946756 ], [ 72.674128791850876, 23.190341046610865 ], [ 72.673734630538192, 23.190137859906407 ], [ 72.67332025219568, 23.18997210886565 ], [ 72.67288985159135, 23.189845471534614 ], [ 72.672447785687211, 23.18975922998046 ], [ 72.671998529533539, 23.189714257308506 ], [ 72.671884529533514, 23.189708157120499 ], [ 72.671318276103037, 23.189710722972841 ], [ 72.671201676103053, 23.189718023197688 ], [ 72.670740661798902, 23.189769000397114 ], [ 72.670287836565777, 23.189863455499676 ], [ 72.669848039914399, 23.190000378938031 ], [ 72.669425972114269, 23.190178307233044 ], [ 72.669336072114277, 23.190221508414975 ], [ 72.668960301074421, 23.190423990703003 ], [ 72.66860763388631, 23.190658977668317 ], [ 72.668281387183654, 23.190924259227593 ], [ 72.66798462913053, 23.19121734038681 ], [ 72.667720150567135, 23.191535464711695 ], [ 72.667490438763451, 23.191875640256967 ], [ 72.667297654027934, 23.192234667710096 ], [ 72.667143609391033, 23.192609170484914 ], [ 72.66711540939103, 23.192689271246316 ], [ 72.667000007086131, 23.193082231735982 ], [ 72.666927261396012, 23.193483726378421 ], [ 72.666897879368136, 23.193889852810912 ], [ 72.666912146579392, 23.194296663687314 ], [ 72.666969924360487, 23.194700205044928 ], [ 72.666991424360475, 23.19480870444464 ], [ 72.667050103740721, 23.195060136172483 ] ] ] } },
{ "type": "Feature", "properties": { "version": 1, "visible": null, "lon": null, "timestamp": 1643564500, "tags": { "visible": false, "name": "Ambapur Lake" }, "changeset": null, "lat": null, "id": 1026135343, "natural": "water", "water": "lake", "wetland": null, "osm_type": "way", "grassland": null, "reef": null, "Risk": "Low" }, "geometry": { "type": "Polygon", "coordinates": [ [ [ 72.602494043156199, 23.149139770707936 ], [ 72.602466141542479, 23.149307528253079 ], [ 72.602446943879613, 23.149400325415254 ], [ 72.602407679111067, 23.149576587410341 ], [ 72.602325902794234, 23.150135719483895 ], [ 72.602315202794216, 23.150286119786468 ], [ 72.602307372037885, 23.150670923086498 ], [ 72.60233853381078, 23.151054724614042 ], [ 72.602408417484213, 23.151434191214715 ], [ 72.602516416143814, 23.151806027409226 ], [ 72.602661591860326, 23.152167004011652 ], [ 72.602728691860321, 23.152312602260796 ], [ 72.602913967344463, 23.152666709431763 ], [ 72.603135007202823, 23.153003021990259 ], [ 72.603389810248956, 23.153318495272359 ], [ 72.603676069621045, 23.153610273294497 ], [ 72.60399119366717, 23.153875714604521 ], [ 72.604006592443085, 23.153886399259648 ], [ 72.60417165094475, 23.154025470788181 ], [ 72.604533502481388, 23.154273812089691 ], [ 72.604920644261995, 23.154487493394505 ], [ 72.605329163674753, 23.154664355323135 ], [ 72.60575493205684, 23.154802610586074 ], [ 72.606193646420337, 23.154900862040854 ], [ 72.606250046420328, 23.154910761741132 ], [ 72.606672422530636, 23.154965935210782 ], [ 72.607098586573599, 23.154984015138783 ], [ 72.607524693902135, 23.154964838431724 ], [ 72.607946900380739, 23.154908578076732 ], [ 72.608028841882614, 23.154890225312961 ], [ 72.608484423443286, 23.154808972546057 ], [ 72.608581023443278, 23.154786773209892 ], [ 72.608986361741458, 23.154674723118912 ], [ 72.609378428977493, 23.154528089407876 ], [ 72.609753743530902, 23.154348174096789 ], [ 72.610108972547707, 23.154136574732259 ], [ 72.610440961536725, 23.153895170205644 ], [ 72.61074676238205, 23.153626104073361 ], [ 72.611023659522644, 23.153331765527227 ], [ 72.611269194067106, 23.153014768183713 ], [ 72.611481185628946, 23.152677926880134 ], [ 72.611657751688767, 23.152324232683828 ], [ 72.611797324311411, 23.151956826335855 ], [ 72.611839478460283, 23.151799650277312 ], [ 72.611916696289398, 23.151661338421899 ], [ 72.612079254269389, 23.151282216726365 ], [ 72.612200383319333, 23.150890208729152 ], [ 72.612278903994664, 23.150489131351847 ], [ 72.612314051732383, 23.150082889857739 ], [ 72.612305484295803, 23.149675439828435 ], [ 72.612253285106789, 23.149270748649052 ], [ 72.612157962433628, 23.148872756877232 ], [ 72.612117762433627, 23.148737155778182 ], [ 72.611998742943129, 23.148395067529389 ], [ 72.611847849022467, 23.148063780416983 ], [ 72.611666221903732, 23.147745800101589 ], [ 72.611455235258632, 23.147443531616503 ], [ 72.611339835258619, 23.147293028943942 ], [ 72.611046642576795, 23.146950562846364 ], [ 72.61071583208971, 23.146638413719121 ], [ 72.610351088022568, 23.146360058179678 ], [ 72.609956472517794, 23.146118596483692 ], [ 72.609536380394943, 23.145916717987863 ], [ 72.609348680394945, 23.145837815776535 ], [ 72.608961150078642, 23.145694546887352 ], [ 72.608560821914068, 23.145584997970676 ], [ 72.608151157733587, 23.145510116432884 ], [ 72.607735700102651, 23.145470549869543 ], [ 72.607547900102659, 23.145460749568024 ], [ 72.607116593860667, 23.145457315427024 ], [ 72.606686918054862, 23.145491937440053 ], [ 72.606262834985316, 23.145564296307334 ], [ 72.605848255378106, 23.145673724703663 ], [ 72.605714155378095, 23.145715625926236 ], [ 72.605350907625166, 23.145845550215569 ], [ 72.605001277227302, 23.146003941872252 ], [ 72.604667896932455, 23.146189608094478 ], [ 72.604442596932458, 23.1463277116356 ], [ 72.604068489107263, 23.146583788938223 ], [ 72.6037252768581, 23.146874155800131 ], [ 72.603416660655967, 23.147195681310603 ], [ 72.603145967961765, 23.14754489861123 ], [ 72.602916117349849, 23.1479180422842 ], [ 72.602729587040486, 23.148311088959218 ], [ 72.602588388179853, 23.148719800700817 ], [ 72.602494043156199, 23.149139770707936 ] ] ] } },
{ "type": "Feature", "properties": { "version": 1, "visible": null, "lon": null, "timestamp": 1643564500, "tags": { "visible": false }, "changeset": null, "lat": null, "id": 1026135355, "natural": "water", "water": "pond", "wetland": null, "osm_type": "way", "grassland": null, "reef": null, "Risk": "Low" }, "geometry": { "type": "Polygon", "coordinates": [ [ [ 72.569844290491659, 23.177834018153501 ], [ 72.569742251699296, 23.178185858461521 ], [ 72.569673139901354, 23.178558054045759 ], [ 72.569641302153727, 23.178934496122679 ], [ 72.569647004689102, 23.179312036796176 ], [ 72.569651004689092, 23.179373636682918 ], [ 72.569694307941248, 23.179749771147193 ], [ 72.569774871456914, 23.180120683694387 ], [ 72.569892019195535, 23.180483261905401 ], [ 72.570044768123608, 23.180834463321588 ], [ 72.570064868123595, 23.180875162802433 ], [ 72.570273702173978, 23.181246771267819 ], [ 72.570522362527868, 23.181597049917919 ], [ 72.570808297464467, 23.181922404419012 ], [ 72.571128572756052, 23.182219496218121 ], [ 72.571166872756038, 23.182251595486139 ], [ 72.571504819193493, 23.182508221145572 ], [ 72.57186836814779, 23.18273334272228 ], [ 72.572254057140412, 23.182924816298613 ], [ 72.572658212828856, 23.183080818407973 ], [ 72.572695012828859, 23.183093118051271 ], [ 72.573091975575579, 23.183206966518711 ], [ 72.573498690867041, 23.183286579683514 ], [ 72.573911672656521, 23.183331275225193 ], [ 72.573949972656521, 23.183333775148235 ], [ 72.574361266939931, 23.18334325618892 ], [ 72.574771779518855, 23.183318101869311 ], [ 72.575178066043534, 23.183258523223852 ], [ 72.57522696604353, 23.183249223504884 ], [ 72.575642319906621, 23.183151011595637 ], [ 72.576045590519144, 23.183016831611162 ], [ 72.576433101168917, 23.182847906795612 ], [ 72.576472001168923, 23.182828807315484 ], [ 72.576940507358387, 23.182563659118838 ], [ 72.577370234078501, 23.182247844505003 ], [ 72.577413134078498, 23.182212145321692 ], [ 72.577747213421759, 23.18190313863396 ], [ 72.578044014170644, 23.181563492445594 ], [ 72.578300231979711, 23.181196987891283 ], [ 72.578513014321885, 23.180807705140534 ], [ 72.578679992246421, 23.180399977981288 ], [ 72.578799306752785, 23.179978345578906 ], [ 72.578810006752775, 23.179930245876267 ], [ 72.578886455432965, 23.179435886215032 ], [ 72.578897430016681, 23.178936656356889 ], [ 72.578895430016701, 23.178891056300206 ], [ 72.578890474059605, 23.178838002331833 ], [ 72.578898222073377, 23.178715441044663 ], [ 72.578882574536109, 23.178324361132901 ], [ 72.578826721944168, 23.177936398445269 ], [ 72.578819321944167, 23.177898798238722 ], [ 72.578712709229364, 23.177481859912856 ], [ 72.578559687693883, 23.177077315980668 ], [ 72.578361903802971, 23.176689519343654 ], [ 72.578121485651167, 23.176322642738935 ], [ 72.577841020064724, 23.175980633834918 ], [ 72.577820220064723, 23.175957833382881 ], [ 72.577513828549428, 23.175654287805934 ], [ 72.577175905543925, 23.175380480010393 ], [ 72.576809849701746, 23.175139164002815 ], [ 72.576419342621975, 23.174932766995642 ], [ 72.576382442621977, 23.174915466520154 ], [ 72.576078471764504, 23.174785848644401 ], [ 72.576049671764508, 23.174774748328559 ], [ 72.5756306845621, 23.174635292889437 ], [ 72.575198728259551, 23.174534689637781 ], [ 72.574758054317854, 23.174473928833482 ], [ 72.574313, 23.174453608559567 ], [ 72.5742821, 23.174453608559567 ], [ 72.573820105640166, 23.17447550937052 ], [ 72.573363012065897, 23.174540979460616 ], [ 72.572915668075794, 23.174649324267101 ], [ 72.572482819045902, 23.174799394377771 ], [ 72.572069056591317, 23.174989597728146 ], [ 72.571678769858877, 23.175217916495697 ], [ 72.571657969858862, 23.175231516837638 ], [ 72.57131270085182, 23.175481534368856 ], [ 72.570995665621268, 23.175761376594579 ], [ 72.570709899880583, 23.176068363758201 ], [ 72.570458139927766, 23.176399556183686 ], [ 72.570242796444631, 23.176751782430593 ], [ 72.570232096444641, 23.176771482702122 ], [ 72.570054273318945, 23.177143675515442 ], [ 72.56991712316173, 23.177530137862075 ], [ 72.569844290491659, 23.177834018153501 ] ] ] } },
{ "type": "Feature", "properties": { "version": 1, "visible": null, "lon": null, "timestamp": 1645387319, "tags": { "visible": false }, "changeset": null, "lat": null, "id": 1033606001, "natural": "water", "water": null, "wetland": null, "osm_type": "way", "grassland": null, "reef": null, "Risk": "Low" }, "geometry": { "type": "Polygon", "coordinates": [ [ [ 72.618565436947662, 23.165813674790524 ], [ 72.618294536947658, 23.166402981865627 ], [ 72.618105613265186, 23.166900255741062 ], [ 72.618041213265187, 23.167112357499843 ], [ 72.617950617520947, 23.167472160126025 ], [ 72.617891617520925, 23.167765661771092 ], [ 72.617839037308372, 23.168105924390098 ], [ 72.617817416131444, 23.168449027405902 ], [ 72.617814716131463, 23.168601827482458 ], [ 72.617828524943107, 23.16899930639336 ], [ 72.617883859360745, 23.169393719631959 ], [ 72.617980206160041, 23.169781409075529 ], [ 72.618116671728558, 23.17015877899496 ], [ 72.618291990354052, 23.170522329402203 ], [ 72.61850453596378, 23.170868688508797 ], [ 72.618752337206374, 23.171194643994355 ], [ 72.619033095735986, 23.171497172795359 ], [ 72.619344207529309, 23.171773469138007 ], [ 72.61968278703786, 23.172020970555426 ], [ 72.620045693951283, 23.172237381648198 ], [ 72.620429562323537, 23.172420695367922 ], [ 72.62083083179202, 23.172569211626762 ], [ 72.621245780599651, 23.172681553060563 ], [ 72.621670560114126, 23.172756677799466 ], [ 72.621783260114128, 23.172771477347545 ], [ 72.622209054126159, 23.172808481940574 ], [ 72.622636746285153, 23.172808087550841 ], [ 72.623062458690129, 23.172770297753964 ], [ 72.623482331390591, 23.172695455160028 ], [ 72.623892557384906, 23.172584238308271 ], [ 72.624289417138485, 23.172437655516944 ], [ 72.624669312308896, 23.172257035744121 ], [ 72.625028798372284, 23.172044016542042 ], [ 72.62538549837231, 23.171809822420578 ], [ 72.62579293153091, 23.171507876374726 ], [ 72.626159396136813, 23.171164411053017 ], [ 72.626416896136817, 23.170893116554712 ], [ 72.626692627861615, 23.170571759542451 ], [ 72.626932399206339, 23.17022688479145 ], [ 72.627133854377803, 23.16986188058517 ], [ 72.627295014045572, 23.169480333000948 ], [ 72.62741429478919, 23.169085990682017 ], [ 72.627490524655627, 23.168682728011383 ], [ 72.627522954673793, 23.168274507049116 ], [ 72.627511266213389, 23.167865338606912 ], [ 72.627495166213379, 23.167670538151715 ], [ 72.627443893081093, 23.167287810496035 ], [ 72.627354010050013, 23.166911147795975 ], [ 72.627226300961709, 23.166543834873064 ], [ 72.627148500961724, 23.166351532805507 ], [ 72.626989177468687, 23.166006519751488 ], [ 72.626796482612477, 23.16567620887081 ], [ 72.626781697814707, 23.165655601257065 ], [ 72.626758591100028, 23.165608708926079 ], [ 72.626548803900164, 23.165271451022544 ], [ 72.626305470130717, 23.164953811148106 ], [ 72.62624917013072, 23.164887209887709 ], [ 72.625959079165114, 23.164577056178128 ], [ 72.625637035125166, 23.164294810141843 ], [ 72.625286198053558, 23.164043241490049 ], [ 72.624910010523308, 23.16382481890809 ], [ 72.624512163857673, 23.163641685824654 ], [ 72.624096561909184, 23.163495639372876 ], [ 72.623667282753303, 23.16338811275028 ], [ 72.623228538672464, 23.163320161150782 ], [ 72.622784634823262, 23.163292451406939 ], [ 72.622339926992282, 23.163305255444364 ], [ 72.621898778855154, 23.163358447612445 ], [ 72.621465519158164, 23.163451505917759 ], [ 72.621044399242635, 23.16358351714798 ], [ 72.620639551328821, 23.163753185835926 ], [ 72.620254947968689, 23.163958846975703 ], [ 72.619894363065455, 23.164198482365951 ], [ 72.619561334842302, 23.164469740419662 ], [ 72.619259131123698, 23.164769959245877 ], [ 72.618990717270052, 23.165096192776559 ], [ 72.618758727080277, 23.165445239681965 ], [ 72.618565436947662, 23.165813674790524 ] ] ] } },
{ "type": "Feature", "properties": { "version": 2, "visible": null, "lon": null, "timestamp": 1692652230, "tags": { "visible": false }, "changeset": null, "lat": null, "id": 1033606002, "natural": "water", "water": null, "wetland": null, "osm_type": "way", "grassland": null, "reef": null, "Risk": "Low" }, "geometry": { "type": "Polygon", "coordinates": [ [ [ 72.592416336914809, 23.183353178018695 ], [ 72.592401636914815, 23.183512278434232 ], [ 72.59238642870686, 23.183944585607051 ], [ 72.592420502449187, 23.184375981775073 ], [ 72.592503484206517, 23.18480173270116 ], [ 72.592634463312578, 23.185217166145069 ], [ 72.59281200236407, 23.185617723134641 ], [ 72.593034152995102, 23.185999007992201 ], [ 72.593096957906084, 23.186084030132722 ], [ 72.593165293550939, 23.186187608643639 ], [ 72.593415172779117, 23.186527117485607 ], [ 72.593700443860016, 23.186842175954595 ], [ 72.594018294952846, 23.187129678786597 ], [ 72.594365593084348, 23.187386792329253 ], [ 72.59473891502968, 23.187610982465031 ], [ 72.595134581054197, 23.187800039582218 ], [ 72.59554869118368, 23.187952100347768 ], [ 72.595977163645287, 23.188065666067661 ], [ 72.596415775100468, 23.188139617454112 ], [ 72.596860202273362, 23.188173225654154 ], [ 72.596940702273358, 23.188175625580133 ], [ 72.597035700615166, 23.188174613039095 ], [ 72.597322004871984, 23.188183380429336 ], [ 72.597774938043585, 23.188155102949491 ], [ 72.598222452402979, 23.188084942585647 ], [ 72.598659976263988, 23.18797361601208 ], [ 72.59908304000065, 23.187822260410059 ], [ 72.599487321707784, 23.18763242185484 ], [ 72.599868691352327, 23.18740603952682 ], [ 72.600223252964668, 23.187145425907836 ], [ 72.600547384438912, 23.186853243164798 ], [ 72.600661557274634, 23.18672712703674 ], [ 72.60075278562185, 23.186633735865332 ], [ 72.601029942117705, 23.186320453515567 ], [ 72.601272481427742, 23.185983781677365 ], [ 72.601478083657327, 23.185626940461461 ], [ 72.601644782215914, 23.18525334291585 ], [ 72.601770982627585, 23.184866562385505 ], [ 72.601855477782223, 23.184470298337999 ], [ 72.601897459481535, 23.184068340981785 ], [ 72.601900159481531, 23.184015341058302 ], [ 72.601899552490963, 23.183617490862915 ], [ 72.601857292841459, 23.1832215402004 ], [ 72.601773772910732, 23.182831165475893 ], [ 72.60164976817498, 23.182449991353746 ], [ 72.601486430008848, 23.182081557100428 ], [ 72.601285274994893, 23.181729283719207 ], [ 72.601048170842233, 23.181396442181999 ], [ 72.600777319045037, 23.181086123053451 ], [ 72.600715619045033, 23.181022021742599 ], [ 72.600430499865396, 23.180751711766504 ], [ 72.600119779902599, 23.180506401052583 ], [ 72.599786042933786, 23.180288129613185 ], [ 72.599432064132955, 23.180098712610533 ], [ 72.599060786994073, 23.179939725258301 ], [ 72.598675298854658, 23.17981248971881 ], [ 72.598479498854644, 23.179756988082136 ], [ 72.598161942852215, 23.1796785518798 ], [ 72.597992942852201, 23.179642850806093 ], [ 72.597541084622307, 23.179569503213159 ], [ 72.597083443869252, 23.179538917394449 ], [ 72.596624796611252, 23.179551412578189 ], [ 72.596169929370618, 23.179606858350478 ], [ 72.595723589220682, 23.179704676016776 ], [ 72.595290434244632, 23.179843844643475 ], [ 72.595195234244628, 23.179879545663557 ], [ 72.594788976732701, 23.180054123269166 ], [ 72.594403681552421, 23.180265071517073 ], [ 72.594043189580717, 23.180510287369305 ], [ 72.593711094439769, 23.180787326171128 ], [ 72.593410706673311, 23.181093426028276 ], [ 72.593145020745084, 23.181425535346762 ], [ 72.592916685187987, 23.181780343260733 ], [ 72.592727976201658, 23.182154312644496 ], [ 72.592580774961988, 23.182543715379577 ], [ 72.592476548868177, 23.182944669524797 ], [ 72.592416336914809, 23.183353178018695 ] ] ] } },
{ "type": "Feature", "properties": { "version": 1, "visible": null, "lon": null, "timestamp": 1668067817, "tags": { "visible": false }, "changeset": null, "lat": null, "id": 1111963573, "natural": "water", "water": null, "wetland": null, "osm_type": "way", "grassland": null, "reef": null, "Risk": "Low" }, "geometry": { "type": "Polygon", "coordinates": [ [ [ 72.652080488405886, 22.978555654086861 ], [ 72.652433046699812, 22.978472411380672 ], [ 72.652867471156071, 22.97832450248934 ], [ 72.653283040588832, 22.978136190711687 ], [ 72.653675335789416, 22.977909478410641 ], [ 72.654040185049752, 22.977646776281894 ], [ 72.654373708524787, 22.977350877726234 ], [ 72.654672359491116, 22.977024929152751 ], [ 72.654932962063242, 22.976672396528379 ], [ 72.654985362063258, 22.976592997789982 ], [ 72.655181424219435, 22.976262965964636 ], [ 72.655344099903374, 22.975917895540409 ], [ 72.655472042975504, 22.975560641867418 ], [ 72.655564194708333, 22.975194161131331 ], [ 72.655619792547199, 22.974821485893774 ], [ 72.655638376420612, 22.9744457 ], [ 72.655638376420612, 22.9744202 ], [ 72.655613276202217, 22.973983629295326 ], [ 72.655538256081556, 22.973551936568814 ], [ 72.655414154526525, 22.973129946735838 ], [ 72.655242358567349, 22.972722376309633 ], [ 72.655196549125705, 22.972640557556112 ], [ 72.655148827888482, 22.972527163790559 ], [ 72.654925790802722, 22.972130517587807 ], [ 72.654657591605584, 22.97175833071331 ], [ 72.654347359002657, 22.971414945170849 ], [ 72.65430725900265, 22.971375144342694 ], [ 72.654212897148668, 22.971290137239507 ], [ 72.654127661570371, 22.971188934593016 ], [ 72.653830843052404, 22.970899067583009 ], [ 72.653505108021065, 22.970636840702266 ], [ 72.653153479356178, 22.970404687630943 ], [ 72.652779220235161, 22.970204762951418 ], [ 72.652385803850152, 22.970038922147431 ], [ 72.652292303850146, 22.970004421167634 ], [ 72.651875471767625, 22.96987207866346 ], [ 72.651446554770871, 22.969778002570784 ], [ 72.651009686136206, 22.969723099538317 ], [ 72.650569075766199, 22.969707898689304 ], [ 72.650128969620837, 22.969732546520717 ], [ 72.649693608801101, 22.969796805491058 ], [ 72.649267188679431, 22.969900056310241 ], [ 72.648853818470911, 22.970041303909575 ], [ 72.648457481634551, 22.970219187034154 ], [ 72.64840507274323, 22.970248889610598 ], [ 72.64835165046189, 22.970271784231652 ], [ 72.647967044938568, 22.970481759757938 ], [ 72.647711773338258, 22.970654866556313 ], [ 72.647361383431075, 22.970824996963803 ], [ 72.647269383431066, 22.970875198285118 ], [ 72.646926717134306, 22.971082190944763 ], [ 72.646605969705149, 22.971317078844276 ], [ 72.646309811583123, 22.97157790624291 ], [ 72.64604070848516, 22.971862501432465 ], [ 72.64580090087675, 22.972168494823006 ], [ 72.64559238531865, 22.972493338676049 ], [ 72.645416897844058, 22.972834328320715 ], [ 72.645372197844054, 22.972932529482065 ], [ 72.645221952436174, 22.973314143112628 ], [ 72.645113066489202, 22.973707478808148 ], [ 72.645046589089759, 22.974108746800102 ], [ 72.645023160729579, 22.974514080926713 ], [ 72.645043007134603, 22.974919575884392 ], [ 72.645105937090079, 22.975321324855027 ], [ 72.645211344282899, 22.975715457146507 ], [ 72.645358213143311, 22.976098175483841 ], [ 72.645545128629593, 22.976465792591686 ], [ 72.645770289861602, 22.97681476671594 ], [ 72.646031527471862, 22.977141735742304 ], [ 72.64632632450666, 22.977443549583302 ], [ 72.64665184067637, 22.977717300521991 ], [ 72.647004939720787, 22.977960351220148 ], [ 72.647382219626223, 22.978170360121496 ], [ 72.647780045402868, 22.978345304005384 ], [ 72.647923245402879, 22.97840050244729 ], [ 72.648356393929419, 22.978543923543207 ], [ 72.648762284184897, 22.97863644741291 ], [ 72.648980921819785, 22.978706538894674 ], [ 72.649398517942203, 22.978800355588838 ], [ 72.649823942786711, 22.97885699148868 ], [ 72.6502533, 22.978875927927959 ], [ 72.6503642, 22.978875927927959 ], [ 72.650854594303723, 22.97885120748942 ], [ 72.651339125353061, 22.978777341709481 ], [ 72.651811999995928, 22.978655213662918 ], [ 72.652080488405886, 22.978555654086861 ] ] ] } },
{ "type": "Feature", "properties": { "version": 1, "visible": null, "lon": null, "timestamp": 1668074966, "tags": { "visible": false }, "changeset": null, "lat": null, "id": 1111986043, "natural": "water", "water": null, "wetland": null, "osm_type": "way", "grassland": null, "reef": null, "Risk": "Low" }, "geometry": { "type": "Polygon", "coordinates": [ [ [ 72.65193471351904, 22.98064779441248 ], [ 72.652086813519048, 22.98064459451038 ], [ 72.652561141046505, 22.980611418684262 ], [ 72.652752341046508, 22.980588619376238 ], [ 72.653130004119404, 22.980528404045884 ], [ 72.653292804119403, 22.980495805020741 ], [ 72.653518984915124, 22.980444827580413 ], [ 72.653635784915124, 22.980415528445544 ], [ 72.654087018582075, 22.980278350763857 ], [ 72.654519984810022, 22.980098051304303 ], [ 72.654929837340333, 22.979876648018951 ], [ 72.655311988629578, 22.979616618914122 ], [ 72.655432288629555, 22.979525321070046 ], [ 72.655762603123605, 22.979248105369052 ], [ 72.656061355441054, 22.978942037455546 ], [ 72.656325587195738, 22.978610147973001 ], [ 72.656552681840409, 22.978255723269818 ], [ 72.656740390576914, 22.977882272863365 ], [ 72.656886854624972, 22.977493494693515 ], [ 72.656911654624963, 22.977415295364217 ], [ 72.657032408638301, 22.976925857192501 ], [ 72.657087868009071, 22.976426553641364 ], [ 72.657091368009091, 22.97634835373988 ], [ 72.657086610162096, 22.975922826396747 ], [ 72.657083110162091, 22.975870726298343 ], [ 72.657037411591162, 22.975485142028464 ], [ 72.656952674562376, 22.975105194810407 ], [ 72.656829644572824, 22.974734227394844 ], [ 72.656669404012376, 22.974375503555837 ], [ 72.656473362641023, 22.974032179373875 ], [ 72.656243245186147, 22.973707275465514 ], [ 72.655981076168771, 22.973403650404169 ], [ 72.655689162092244, 22.973123975566022 ], [ 72.655621862092261, 22.973065274262101 ], [ 72.655255003456546, 22.972778030468362 ], [ 72.654856850596644, 22.972528599767937 ], [ 72.654431980644659, 22.972319849811846 ], [ 72.653985277870163, 22.972154180565497 ], [ 72.653521877531063, 22.972033496710054 ], [ 72.653412177531052, 22.972010696029542 ], [ 72.652878822167125, 22.971933273161568 ], [ 72.652802216992541, 22.971919015112629 ], [ 72.652298972412893, 22.971878630308698 ], [ 72.652182172412864, 22.971875330207776 ], [ 72.652155319938416, 22.971874645503725 ], [ 72.652010219938418, 22.971871345402775 ], [ 72.651757150456461, 22.971872155746059 ], [ 72.65164395045646, 22.971875455846988 ], [ 72.65117892894034, 22.97191134270561 ], [ 72.650720461329243, 22.971991457759561 ], [ 72.650273496398484, 22.972114936156061 ], [ 72.649842858761588, 22.972280444932256 ], [ 72.649754358761598, 22.972319546010887 ], [ 72.649367701955853, 22.97251236015741 ], [ 72.649003376201534, 22.972739060060618 ], [ 72.648904276201534, 22.972807461735222 ], [ 72.648561972944378, 22.97306908087247 ], [ 72.648249458998833, 22.973360593002365 ], [ 72.647969800227656, 22.973679138113148 ], [ 72.647725740173755, 22.97402159099483 ], [ 72.64751967314514, 22.974384591905565 ], [ 72.647353620725966, 22.974764579538363 ], [ 72.647229211944065, 22.975157825964608 ], [ 72.64721151194405, 22.975226226449688 ], [ 72.647176403359083, 22.975373809634238 ], [ 72.647158703359082, 22.975455310123209 ], [ 72.647095435221232, 22.975839968734988 ], [ 72.647071710262864, 22.976228397923283 ], [ 72.647087738472919, 22.976617159694229 ], [ 72.64714337798614, 22.977002813139897 ], [ 72.647157477986141, 22.977074512749009 ], [ 72.647258191712524, 22.977473027787394 ], [ 72.647401189257636, 22.977860427658214 ], [ 72.647585070651388, 22.978232919762998 ], [ 72.647808035664013, 22.978586857479183 ], [ 72.647847035664014, 22.978642256557123 ], [ 72.648079330764574, 22.978942076122078 ], [ 72.64833967923343, 22.979221678347585 ], [ 72.648626016065904, 22.979478845646099 ], [ 72.648725116065904, 22.979560243787308 ], [ 72.649056274506179, 22.979807296019107 ], [ 72.649411378397659, 22.980024336131766 ], [ 72.649787229906067, 22.980209409752327 ], [ 72.650180444357602, 22.980360850362704 ], [ 72.650297244357589, 22.980399949238166 ], [ 72.650695440105011, 22.980514272990167 ], [ 72.651103438262325, 22.980594096749947 ], [ 72.651517720305506, 22.980638732189171 ], [ 72.65193471351904, 22.98064779441248 ] ] ] } },
{ "type": "Feature", "properties": { "version": 1, "visible": null, "lon": null, "timestamp": 1668074966, "tags": { "visible": false }, "changeset": null, "lat": null, "id": 1111986044, "natural": "water", "water": null, "wetland": null, "osm_type": "way", "grassland": null, "reef": null, "Risk": "Low" }, "geometry": { "type": "Polygon", "coordinates": [ [ [ 72.649116407606556, 22.975918710252213 ], [ 72.649082600060368, 22.976032154248056 ], [ 72.648980083407665, 22.976466398702385 ], [ 72.648928771509603, 22.976908262404194 ], [ 72.648921671509598, 22.977032062603957 ], [ 72.648920794180839, 22.977452259851486 ], [ 72.64896623925604, 22.977870368394996 ], [ 72.649057537491174, 22.978282071085978 ], [ 72.649085837491185, 22.978383170313869 ], [ 72.649214374477708, 22.978764950667131 ], [ 72.649382347051812, 22.979133521548988 ], [ 72.649588185866421, 22.979485439568851 ], [ 72.649829967794815, 22.979817416942478 ], [ 72.65010543389819, 22.980126352204046 ], [ 72.650412010530658, 22.980409359176846 ], [ 72.650746833384488, 22.980663793932276 ], [ 72.651106774250977, 22.980887279485334 ], [ 72.651488470246889, 22.981077727996276 ], [ 72.651888355233567, 22.981233360271123 ], [ 72.652302693134743, 22.98135272237915 ], [ 72.652727612842455, 22.981434699232164 ], [ 72.652816112842473, 22.981447698839279 ], [ 72.653233794402368, 22.981490719388724 ], [ 72.653654015189673, 22.981497609555902 ], [ 72.654073095840445, 22.981468309017494 ], [ 72.654487366973541, 22.98140307429939 ], [ 72.654893201318941, 22.98130247653144 ], [ 72.65528704547738, 22.981167396448534 ], [ 72.655665451033059, 22.980999016681828 ], [ 72.655673614761341, 22.98099493973578 ], [ 72.655815351002431, 22.980931999649012 ], [ 72.656163699356625, 22.980739817511541 ], [ 72.656491769015588, 22.980519453880763 ], [ 72.656544769015611, 22.980480354814546 ], [ 72.656863808358295, 22.980221221263829 ], [ 72.6571547845314, 22.979935458862315 ], [ 72.657415086769205, 22.97962563143513 ], [ 72.657452371962549, 22.979576620310489 ], [ 72.657475289651728, 22.979547099742909 ], [ 72.657586097781277, 22.979397551566009 ], [ 72.65763209778126, 22.979332452652397 ], [ 72.657826546526749, 22.979029861008986 ], [ 72.657992373125367, 22.978713155481085 ], [ 72.65812837884566, 22.978384625386624 ], [ 72.658156678845657, 22.978306426143067 ], [ 72.658284130012873, 22.977879147027352 ], [ 72.658361190802538, 22.977441764362105 ], [ 72.658386976420587, 22.9769993 ], [ 72.658386976420587, 22.9769341 ], [ 72.658353662491791, 22.97643138528403 ], [ 72.658254214882845, 22.975936125988483 ], [ 72.658240114882858, 22.975883925602982 ], [ 72.658093970585384, 22.975447411300408 ], [ 72.657896425849273, 22.975028398492867 ], [ 72.657878725849272, 22.974995898047105 ], [ 72.65764916724099, 22.974623787643782 ], [ 72.657379068073624, 22.974275511098995 ], [ 72.657071320904777, 22.973954798388842 ], [ 72.656729221473597, 22.973665084311371 ], [ 72.656356433406032, 22.973409471693575 ], [ 72.65595694898002, 22.973190698153619 ], [ 72.655535046371327, 22.973011106774408 ], [ 72.655481946371339, 22.972991506217738 ], [ 72.655119509366827, 22.972874024333208 ], [ 72.654747492535378, 22.972785492658726 ], [ 72.654368618437218, 22.972726559160037 ], [ 72.654283618437219, 22.972716758862493 ], [ 72.653924024571651, 22.97268875050456 ], [ 72.653563149147843, 22.972687411476002 ], [ 72.653464049147829, 22.972690711576917 ], [ 72.652862622462308, 22.972748236489139 ], [ 72.652760022462331, 22.972764536980641 ], [ 72.652301408467665, 22.972860401594229 ], [ 72.651856195424386, 22.972999890282846 ], [ 72.651429264156846, 22.97318147371427 ], [ 72.651025295068209, 22.973403161043162 ], [ 72.650648716829593, 22.973662521743691 ], [ 72.650606216829601, 22.973695122510094 ], [ 72.650279196057056, 22.973972332052544 ], [ 72.649983538557507, 22.974277944267321 ], [ 72.649722140172884, 22.974608965628278 ], [ 72.649497561191353, 22.974962153744961 ], [ 72.649312001270417, 22.975334049127305 ], [ 72.649167277892118, 22.975721009076143 ], [ 72.649116407606556, 22.975918710252213 ] ] ] } },
{ "type": "Feature", "properties": { "version": 1, "visible": null, "lon": null, "timestamp": 1691665979, "tags": { "visible": false }, "changeset": null, "lat": null, "id": 1196756498, "natural": "water", "water": "pond", "wetland": null, "osm_type": "way", "grassland": null, "reef": null, "Risk": "Low" }, "geometry": { "type": "Polygon", "coordinates": [ [ [ 72.495359244466783, 23.072294031002947 ], [ 72.494968018638701, 23.072240530159512 ], [ 72.494874218638714, 23.072231929896574 ], [ 72.494461500149455, 23.072211670257037 ], [ 72.494048504778249, 23.072226399130258 ], [ 72.493638729480352, 23.072275991791024 ], [ 72.493235643945695, 23.072360028285242 ], [ 72.493128343945685, 23.072387229090928 ], [ 72.492706196223338, 23.072515232331906 ], [ 72.492299867172434, 23.072680995487595 ], [ 72.491913335973777, 23.072882895103092 ], [ 72.491550387927759, 23.073118953817506 ], [ 72.491214577384937, 23.073386859734399 ], [ 72.490909192938318, 23.073683989069004 ], [ 72.490637225218052, 23.074007431850021 ], [ 72.490584925218059, 23.074076433062661 ], [ 72.490350317388561, 23.07442091762552 ], [ 72.490153636537499, 23.074784942097221 ], [ 72.489996786143791, 23.075164983302002 ], [ 72.489881284206817, 23.075557363078104 ], [ 72.489808248555306, 23.075958283879693 ], [ 72.489793448555304, 23.076074284295203 ], [ 72.489763028247012, 23.076516553053921 ], [ 72.489784264937128, 23.076959274051259 ], [ 72.489856914374315, 23.077397355402876 ], [ 72.48998014098936, 23.077825758635882 ], [ 72.490036440989357, 23.077986157121355 ], [ 72.490206621560034, 23.078395398414443 ], [ 72.49042294963634, 23.078785759467454 ], [ 72.490682992759616, 23.07915285112486 ], [ 72.490983826925955, 23.07949254590315 ], [ 72.491075026925955, 23.0795850439935 ], [ 72.491278040653015, 23.079772577637346 ], [ 72.49130041799549, 23.079805067776487 ], [ 72.49156539552267, 23.080118567218047 ], [ 72.491861862427811, 23.080407217373921 ], [ 72.492187080371636, 23.080668352272962 ], [ 72.492538045453742, 23.080899560089527 ], [ 72.492911515958312, 23.081098705414323 ], [ 72.493304042296444, 23.081263948972421 ], [ 72.493711998868591, 23.081393764606496 ], [ 72.494131617552668, 23.081486953368525 ], [ 72.494559022508611, 23.081542654590201 ], [ 72.494990265977847, 23.081560353829719 ], [ 72.495421364747074, 23.081539887621656 ], [ 72.49554206474707, 23.081528787961066 ], [ 72.495979054670769, 23.081468506783885 ], [ 72.496407491289645, 23.081369016100467 ], [ 72.496823228035538, 23.081231278732783 ], [ 72.497222241254292, 23.081056627638937 ], [ 72.497600669148326, 23.080846753016747 ], [ 72.497954849152421, 23.08060368595083 ], [ 72.498281353381358, 23.080329778761133 ], [ 72.498494467352742, 23.080112031571819 ], [ 72.498573888616889, 23.080060711020174 ], [ 72.498944502307879, 23.079760239426491 ], [ 72.499277006983803, 23.07942414255665 ], [ 72.499567380611211, 23.07905648564504 ], [ 72.499647880611221, 23.07894178755685 ], [ 72.49986630750567, 23.078594683449026 ], [ 72.500047126706946, 23.078229732064212 ], [ 72.500188634677698, 23.07785037155849 ], [ 72.500289498240377, 23.077460175863838 ], [ 72.500317598240372, 23.077321976644644 ], [ 72.500375499137036, 23.076938641920876 ], [ 72.500394162746943, 23.076552003865562 ], [ 72.500373425348656, 23.076165454141716 ], [ 72.500313468855353, 23.075782383666624 ], [ 72.500286668855338, 23.075654082922657 ], [ 72.500180876658121, 23.075255535962803 ], [ 72.500032648544249, 23.074868603253421 ], [ 72.499843445624961, 23.07449709897632 ], [ 72.499615132907536, 23.074144685258702 ], [ 72.499349960911559, 23.07381483606931 ], [ 72.499050543485239, 23.073510802968475 ], [ 72.498719832040095, 23.073235583049907 ], [ 72.498361086458459, 23.072991889390565 ], [ 72.497977842960196, 23.072782124300076 ], [ 72.497573879245564, 23.0726083556338 ], [ 72.497501479245585, 23.07258115486011 ], [ 72.497104918611299, 23.072451751981649 ], [ 72.496696936201687, 23.072357057072075 ], [ 72.496281112360037, 23.072297901222278 ], [ 72.4958610962439, 23.072274803615091 ], [ 72.495440573801133, 23.072287966967433 ], [ 72.495359244466783, 23.072294031002947 ] ] ] } },
{ "type": "Feature", "properties": { "version": 1, "visible": null, "lon": null, "timestamp": 1691665979, "tags": { "visible": false }, "changeset": null, "lat": null, "id": 1196756505, "natural": "water", "water": null, "wetland": null, "osm_type": "way", "grassland": null, "reef": null, "Risk": "Low" }, "geometry": { "type": "Polygon", "coordinates": [ [ [ 72.470407011577706, 23.037675846770323 ], [ 72.470378011577708, 23.038054947587014 ], [ 72.470368201684536, 23.038443798253777 ], [ 72.470398154092479, 23.038831774697972 ], [ 72.470467603568238, 23.039215441349185 ], [ 72.470575935125694, 23.039591400829753 ], [ 72.470722189471843, 23.039956324037277 ], [ 72.470905071501292, 23.040306979621565 ], [ 72.471122961764792, 23.040640262595186 ], [ 72.471373930809634, 23.040953221824189 ], [ 72.471655756265264, 23.041243086156001 ], [ 72.471965942522743, 23.041507288953049 ], [ 72.47230174283375, 23.041743490815215 ], [ 72.47234914283375, 23.041773690053425 ], [ 72.472776591537638, 23.042014711488303 ], [ 72.473230565293477, 23.042210397836296 ], [ 72.473705408895512, 23.042358311611057 ], [ 72.473762608895527, 23.04237291117941 ], [ 72.474143580940876, 23.042453896902252 ], [ 72.474530763482903, 23.042504085946447 ], [ 72.474921222366646, 23.042523098002864 ], [ 72.475177622366644, 23.042525297935367 ], [ 72.475572409432019, 23.042512699710901 ], [ 72.475964466806502, 23.042468230642868 ], [ 72.476350761996912, 23.042392234660174 ], [ 72.4763983619969, 23.042380834998664 ], [ 72.476818720086641, 23.042259623562348 ], [ 72.477224153523082, 23.042101103062322 ], [ 72.477610762541431, 23.04190679813982 ], [ 72.477974828444303, 23.041678577615933 ], [ 72.478312849371022, 23.041418636521666 ], [ 72.478621573981144, 23.041129474990878 ], [ 72.478898032728324, 23.04081387421882 ], [ 72.479139566423655, 23.040474869717372 ], [ 72.479343851813724, 23.04011572212389 ], [ 72.479508923927426, 23.039739885844263 ], [ 72.479633194976586, 23.039350975831393 ], [ 72.479715469628417, 23.038952732818672 ], [ 72.479754956503243, 23.03854898734248 ], [ 72.479775056503243, 23.038094787909465 ], [ 72.47977118800145, 23.037686434362289 ], [ 72.479723550723008, 23.037280423873941 ], [ 72.479632609661479, 23.036880719603388 ], [ 72.47949925250407, 23.036491223188079 ], [ 72.479324780966977, 23.036115736656694 ], [ 72.479110898089047, 23.035757925313025 ], [ 72.478859691608179, 23.035421281953294 ], [ 72.47857361358281, 23.03510909276654 ], [ 72.478255456456878, 23.034824405251058 ], [ 72.477908325802503, 23.034569998460405 ], [ 72.477535610006115, 23.034348355869533 ], [ 72.477140947193959, 23.034161641126421 ], [ 72.476728189719921, 23.034011676925882 ], [ 72.476301366562112, 23.033899927212271 ], [ 72.475864643995621, 23.033827482884849 ], [ 72.475750643995625, 23.033813882471115 ], [ 72.475173199999986, 23.033779580905513 ], [ 72.4750672, 23.033779580905513 ], [ 72.474789086194875, 23.033787512316749 ], [ 72.47468048619487, 23.033793712506583 ], [ 72.47426392756087, 23.033835516912802 ], [ 72.473853414938191, 23.033912863751627 ], [ 72.473452521181912, 23.034025079782225 ], [ 72.473064735430313, 23.034171188258082 ], [ 72.472693432737429, 23.03434991743099 ], [ 72.472341844698732, 23.034559711623338 ], [ 72.472270744698733, 23.034606612792693 ], [ 72.471927389325785, 23.034857321536752 ], [ 72.471612221862713, 23.035137633709276 ], [ 72.471328243518926, 23.035444879837492 ], [ 72.471078158502763, 23.035776133969893 ], [ 72.470864348270396, 23.036128241545445 ], [ 72.470688848848269, 23.036497849439431 ], [ 72.470553331444791, 23.036881437899577 ], [ 72.470459086536181, 23.037275354068104 ], [ 72.470407011577706, 23.037675846770323 ] ] ] } },
{ "type": "Feature", "properties": { "version": 1, "visible": null, "lon": null, "timestamp": 1692047393, "tags": { "visible": false, "name": "Vastral Lake" }, "changeset": null, "lat": null, "id": 1198134753, "natural": "water", "water": "lake", "wetland": null, "osm_type": "way", "grassland": null, "reef": null, "Risk": "Low" }, "geometry": { "type": "Polygon", "coordinates": [ [ [ 72.662966029686487, 22.998598846118814 ], [ 72.662918195133955, 22.998795255703826 ], [ 72.66288069513395, 22.998992756745341 ], [ 72.662831816427826, 22.999332848987699 ], [ 72.662813734833847, 22.999675499698654 ], [ 72.662826574835151, 23.000018349881 ], [ 72.662841274835159, 23.000196149467723 ], [ 72.662898732454877, 23.00061159672169 ], [ 72.663001553302919, 23.001019560843609 ], [ 72.663148682389718, 23.001415856019012 ], [ 72.663338610102628, 23.001796416195941 ], [ 72.663569387695276, 23.00215733679968 ], [ 72.663838647282631, 23.002494914789335 ], [ 72.664143626136479, 23.00280568664575 ], [ 72.664248226136465, 23.002901984560047 ], [ 72.664541469246672, 23.003149049883465 ], [ 72.664857296480719, 23.003371280260907 ], [ 72.665193233816666, 23.003566934984885 ], [ 72.665546649700758, 23.003734481519338 ], [ 72.665914775661648, 23.003872607501009 ], [ 72.666046275661643, 23.003915806254678 ], [ 72.666429671302481, 23.004024252103413 ], [ 72.666822048455316, 23.004100783011076 ], [ 72.667220278246575, 23.004144788763544 ], [ 72.66756087824659, 23.00416828804569 ], [ 72.66798321182776, 23.004179084441464 ], [ 72.668404779061518, 23.004153306270709 ], [ 72.668821849892069, 23.004091181599616 ], [ 72.668914233027323, 23.00406905724974 ], [ 72.669359088990859, 23.003999185671248 ], [ 72.669806948090795, 23.00388394462551 ], [ 72.669966548090798, 23.003834546059835 ], [ 72.670357487208676, 23.003694520793879 ], [ 72.670732529269145, 23.003521534185737 ], [ 72.67108840288293, 23.003317095026777 ], [ 72.671422003861835, 23.003082986445392 ], [ 72.671730422295767, 23.002821250358046 ], [ 72.67201096793508, 23.002534169663399 ], [ 72.672261193656936, 23.002224248334528 ], [ 72.672478916810803, 23.001894189582821 ], [ 72.672559316810791, 23.001758391573393 ], [ 72.67274875577526, 23.001397895608982 ], [ 72.672899417907061, 23.001022219601225 ], [ 72.673009889778314, 23.000634887820681 ], [ 72.673057192950822, 23.000364811648478 ], [ 72.673060914465438, 23.000350023025746 ], [ 72.673067590198087, 23.000323085784153 ], [ 72.673118490198107, 23.000114487184398 ], [ 72.673191875167049, 22.99972938372888 ], [ 72.673225413730052, 22.999339620198853 ], [ 72.673218805963714, 22.998948682085199 ], [ 72.67317211095893, 22.998560065412835 ], [ 72.673085746292472, 22.99817724547685 ], [ 72.672960484292659, 22.997803645762918 ], [ 72.672797445132858, 22.997442607330026 ], [ 72.672598086814048, 22.997097358929341 ], [ 72.672364192126452, 22.996770988126624 ], [ 72.672204592126448, 22.996569684491991 ], [ 72.671901146757136, 22.996227037467033 ], [ 72.67155969389195, 22.995916171763639 ], [ 72.671184137033819, 22.995640641442026 ], [ 72.67077876956391, 22.995403596601072 ], [ 72.670683569563906, 22.995354295285093 ], [ 72.670308094006046, 22.995180609138071 ], [ 72.669916628844121, 22.995039984350544 ], [ 72.669512600503282, 22.994933651891262 ], [ 72.66949010140101, 22.994929778568324 ], [ 72.669351750709765, 22.99488958664206 ], [ 72.668942689478826, 22.994808345617042 ], [ 72.668527190117231, 22.994762502332623 ], [ 72.668434690117238, 22.99475630214323 ], [ 72.66818623580761, 22.994746003766657 ], [ 72.668122997697267, 22.994744996117735 ], [ 72.668102510546277, 22.994743881870175 ], [ 72.668030447432869, 22.994740497001761 ], [ 72.667876247432858, 22.994734396815112 ], [ 72.667413884678169, 22.994738034310895 ], [ 72.666954378088377, 22.99478540974193 ], [ 72.666502597244104, 22.994876021005641 ], [ 72.666063329853117, 22.995008907771368 ], [ 72.665897029853113, 22.995068109462441 ], [ 72.665506170753304, 22.995227324164034 ], [ 72.665133521365973, 22.995420017489817 ], [ 72.664782456169974, 22.995644444390827 ], [ 72.664456154191257, 22.995898572445263 ], [ 72.664157570215636, 22.996180100268298 ], [ 72.663889408032091, 22.996486478357802 ], [ 72.663654095948971, 22.996814932186922 ], [ 72.663564195948979, 22.996954434366824 ], [ 72.663348226469353, 22.997332878918485 ], [ 72.663175860890021, 22.997729826951435 ], [ 72.663048941785192, 22.998141034978978 ], [ 72.662968825909957, 22.998562107110374 ], [ 72.662966029686487, 22.998598846118814 ] ] ] } },
{ "type": "Feature", "properties": { "version": 1, "visible": null, "lon": null, "timestamp": 1692611980, "tags": { "visible": false, "name": "Khoraj Lake" }, "changeset": null, "lat": null, "id": 1200779816, "natural": "water", "water": "lake", "wetland": null, "osm_type": "way", "grassland": null, "reef": null, "Risk": "Low" }, "geometry": { "type": "Polygon", "coordinates": [ [ [ 72.550555701793044, 23.153226823824145 ], [ 72.550564085617907, 23.153347257990966 ], [ 72.550631183503171, 23.153733070352985 ], [ 72.550737635297594, 23.154111324796698 ], [ 72.550761735297598, 23.154182824144293 ], [ 72.55090104169129, 23.154537853110234 ], [ 72.551075018755469, 23.154879704814189 ], [ 72.551282213355478, 23.155205524068474 ], [ 72.551520894908819, 23.15551258961068 ], [ 72.551789069839856, 23.155798336828685 ], [ 72.552084498230954, 23.156060379176861 ], [ 72.552151598230964, 23.156114677920407 ], [ 72.552544669661188, 23.156398683553149 ], [ 72.552969633160288, 23.156640767134601 ], [ 72.553421224276121, 23.156837929965359 ], [ 72.553539224276122, 23.156882228701129 ], [ 72.553916549340698, 23.157006133602071 ], [ 72.55430438258837, 23.157098629060354 ], [ 72.554699637865085, 23.157158979115945 ], [ 72.555099169956534, 23.157186703581441 ], [ 72.555187669956538, 23.157189203504412 ], [ 72.555659423889438, 23.157179729589068 ], [ 72.556127493496518, 23.157124803448326 ], [ 72.556586712817563, 23.157025031232106 ], [ 72.557032013570591, 23.156881514001324 ], [ 72.557136613570606, 23.156842015127616 ], [ 72.557539448146542, 23.156667977530358 ], [ 72.557921570485703, 23.156458136664153 ], [ 72.558279228251749, 23.156214552945734 ], [ 72.558608909343803, 23.155939618123288 ], [ 72.55890737638417, 23.155636031797062 ], [ 72.559171698508607, 23.155306774917271 ], [ 72.559399280146522, 23.154955080519169 ], [ 72.559587886508808, 23.154584401982486 ], [ 72.559641586508789, 23.154463603391282 ], [ 72.559779782744741, 23.154106830935753 ], [ 72.559881850880473, 23.153739917428041 ], [ 72.559946932529471, 23.15336594851696 ], [ 72.559974480359188, 23.152988069211442 ], [ 72.559964262694166, 23.152609457432838 ], [ 72.559907862694146, 23.151876955838457 ], [ 72.559867275910491, 23.151543195042382 ], [ 72.559823810258465, 23.151282328280928 ], [ 72.559843883841822, 23.150942315910573 ], [ 72.559826119729365, 23.150547906471687 ], [ 72.559767483098909, 23.150156857012195 ], [ 72.559668509662771, 23.149772740258612 ], [ 72.55953010365586, 23.14939906562887 ], [ 72.559487203655863, 23.149299164498132 ], [ 72.559294555857591, 23.148910648286932 ], [ 72.559059310242745, 23.148542497130396 ], [ 72.558783981443526, 23.148198646523269 ], [ 72.558471512556821, 23.147882772219312 ], [ 72.558125243684458, 23.147598250931196 ], [ 72.55774887622951, 23.147348124226593 ], [ 72.557661776229509, 23.147296322886145 ], [ 72.557243396135249, 23.147075844670322 ], [ 72.556801721203058, 23.146897879097452 ], [ 72.556341842361022, 23.146764477645164 ], [ 72.555869060362994, 23.146677178088659 ], [ 72.555823460362973, 23.146671077902621 ], [ 72.55538389903856, 23.146632443059161 ], [ 72.554942336149253, 23.146633681388575 ], [ 72.554738436149265, 23.146643481690191 ], [ 72.554212112032957, 23.146697526911264 ], [ 72.553895795564713, 23.146765379887565 ], [ 72.55385324169481, 23.146771143284504 ], [ 72.553420772976281, 23.146870796730152 ], [ 72.5530011793075, 23.147009382434099 ], [ 72.552598594902577, 23.14718553480709 ], [ 72.552216986385119, 23.14739751809331 ], [ 72.551860113705388, 23.147643243478278 ], [ 72.551531493093947, 23.147920289676158 ], [ 72.551234362416594, 23.148225926793511 ], [ 72.551121662416605, 23.148354129277212 ], [ 72.550883186855884, 23.1486517243351 ], [ 72.550674606291167, 23.148967733380086 ], [ 72.550497591719704, 23.149299624654386 ], [ 72.550353561254667, 23.149644739176367 ], [ 72.550243668764395, 23.150000312045876 ], [ 72.550195468764386, 23.150187813375151 ], [ 72.55011860548332, 23.150563881287891 ], [ 72.55007992710334, 23.150944875087951 ], [ 72.550079765668514, 23.151327524012487 ], [ 72.550118122564726, 23.151708543117731 ], [ 72.550169022564717, 23.152043941689108 ], [ 72.550261408255949, 23.15247988779128 ], [ 72.550404176487021, 23.15290418920916 ], [ 72.550555701793044, 23.153226823824145 ] ] ] } },
{ "type": "Feature", "properties": { "version": 1, "visible": null, "lon": null, "timestamp": 1692652229, "tags": { "visible": false, "name": "Adalaj Lake" }, "changeset": null, "lat": null, "id": 1200946272, "natural": "water", "water": "lake", "wetland": null, "osm_type": "way", "grassland": null, "reef": null, "Risk": "Low" }, "geometry": { "type": "Polygon", "coordinates": [ [ [ 72.575378527419815, 23.168424435712055 ], [ 72.575296429755284, 23.168750732571773 ], [ 72.575239417942996, 23.169160337851967 ], [ 72.575227190697703, 23.169573128689894 ], [ 72.575259870299391, 23.16998497691365 ], [ 72.575337129931981, 23.170391763815996 ], [ 72.575458196951772, 23.170789421342864 ], [ 72.575621860614291, 23.171173972773826 ], [ 72.575826484182585, 23.17154157248779 ], [ 72.576070021295436, 23.171888544416426 ], [ 72.576350036432373, 23.172211418800941 ], [ 72.57666372927028, 23.172506966884892 ], [ 72.577007962688427, 23.172772233196326 ], [ 72.577379294141465, 23.173004565096718 ], [ 72.577774010087168, 23.173201639301531 ], [ 72.578188163124011, 23.173361485107382 ], [ 72.578566255063365, 23.173468031811996 ], [ 72.578584254833288, 23.173476403296448 ], [ 72.578758654833294, 23.173549101254078 ], [ 72.579181351139752, 23.173702110847255 ], [ 72.579618697707602, 23.173815085326833 ], [ 72.580066220671242, 23.173886869115385 ], [ 72.580519342064946, 23.173916727962549 ], [ 72.580741774024844, 23.173910667816379 ], [ 72.580949193993405, 23.173938158986683 ], [ 72.581373250999363, 23.173957130395682 ], [ 72.581797362051091, 23.173939209088047 ], [ 72.582217737859168, 23.173884555169884 ], [ 72.582630622507324, 23.173793656910984 ], [ 72.58303232701023, 23.173667326383892 ], [ 72.583289827010248, 23.173573629071321 ], [ 72.583672841783908, 23.173414829923214 ], [ 72.584038039854732, 23.17322382305829 ], [ 72.584382225499795, 23.173002279778157 ], [ 72.584702386868642, 23.17275213858564 ], [ 72.584995722339045, 23.172475588226717 ], [ 72.585259665032936, 23.172175048542943 ], [ 72.585491905278445, 23.171853149301658 ], [ 72.585690410820874, 23.171512707189141 ], [ 72.585790910820876, 23.171319109761146 ], [ 72.585973467568294, 23.170913203468274 ], [ 72.586108092691731, 23.170491765166325 ], [ 72.586193262927296, 23.170059563245136 ], [ 72.586232162927288, 23.169777264339441 ], [ 72.586266961282135, 23.169336966442849 ], [ 72.586250432648626, 23.168895767980345 ], [ 72.586182765940137, 23.16845871162927 ], [ 72.586064734550817, 23.168030792773688 ], [ 72.585988334550819, 23.167805190705284 ], [ 72.585844719222038, 23.167441951711996 ], [ 72.585664793683677, 23.167092647083379 ], [ 72.585519893683696, 23.166842343456473 ], [ 72.585331220135814, 23.166546703791951 ], [ 72.585240171938111, 23.166427860026147 ], [ 72.585177594083248, 23.166293095652648 ], [ 72.584989203007851, 23.165935969125787 ], [ 72.584764388533998, 23.165597119855882 ], [ 72.584505227643518, 23.165279678502333 ], [ 72.584214114632729, 23.164986577956331 ], [ 72.58389373899233, 23.164720526238945 ], [ 72.58354706056015, 23.16448398147643 ], [ 72.583177282176308, 23.164279129184315 ], [ 72.582787820093188, 23.164107862070193 ], [ 72.582695220093186, 23.164072061052451 ], [ 72.58238230480309, 23.163963500919234 ], [ 72.582061470651368, 23.163876648791735 ], [ 72.581903270651352, 23.163839647685879 ], [ 72.581471494980192, 23.163759157853058 ], [ 72.581033219467912, 23.163717945412728 ], [ 72.580592660725472, 23.163716406902559 ], [ 72.580154057330589, 23.163754557125788 ], [ 72.579721629048748, 23.163832029008752 ], [ 72.579299536235197, 23.163948077133753 ], [ 72.578891839808563, 23.164101584913254 ], [ 72.578502462181035, 23.164291075336251 ], [ 72.578135149521273, 23.164514725183299 ], [ 72.578049349521265, 23.164572726624389 ], [ 72.577708070597339, 23.164828024595508 ], [ 72.577409027308292, 23.165100556182107 ], [ 72.577204937302696, 23.165257112093137 ], [ 72.576913440454206, 23.165526147790455 ], [ 72.576755140454225, 23.165686351112662 ], [ 72.57657697595964, 23.16587811040009 ], [ 72.576369175959641, 23.166116114994907 ], [ 72.576103744771657, 23.166453688381726 ], [ 72.575876654928663, 23.166814127663493 ], [ 72.575690217091818, 23.167193765166264 ], [ 72.575546328284219, 23.167588737895215 ], [ 72.575446452588437, 23.167995026846974 ], [ 72.575423652588427, 23.168115827483945 ], [ 72.575378786410923, 23.168420479187677 ], [ 72.575378527419815, 23.168424435712055 ] ] ] } },
{ "type": "Feature", "properties": { "version": 1, "visible": null, "lon": null, "timestamp": 1693155731, "tags": { "visible": false }, "changeset": null, "lat": null, "id": 1202581108, "natural": "water", "water": "lake", "wetland": null, "osm_type": "way", "grassland": null, "reef": null, "Risk": "Low" }, "geometry": { "type": "Polygon", "coordinates": [ [ [ 72.612459296847234, 23.126440111179296 ], [ 72.612967296847245, 23.126227417139049 ], [ 72.613356424840745, 23.126042934219377 ], [ 72.613557224840761, 23.125936037067653 ], [ 72.613924267856078, 23.125718057424706 ], [ 72.614266544589938, 23.125468312066985 ], [ 72.614580816198483, 23.125189164076357 ], [ 72.614864108840479, 23.124883254756952 ], [ 72.615113741817638, 23.124553478648039 ], [ 72.615327352941307, 23.124202956140525 ], [ 72.615502920884836, 23.123835003956 ], [ 72.615638784310775, 23.123453103767407 ], [ 72.61573365759152, 23.123060869258044 ], [ 72.615786642974697, 23.122662011930458 ], [ 72.615797239078347, 23.122260305988611 ], [ 72.615765345635282, 23.121859552625523 ], [ 72.615691264441892, 23.121463544054208 ], [ 72.615575696502347, 23.121076027622369 ], [ 72.615464396502347, 23.120763324627731 ], [ 72.615300196097152, 23.12037081115152 ], [ 72.615093450949715, 23.119995685564454 ], [ 72.61484630405613, 23.119641836354717 ], [ 72.61456131719271, 23.119312931492967 ], [ 72.61424144436215, 23.119012380404794 ], [ 72.613890001174198, 23.118743298622615 ], [ 72.613510630477904, 23.11850847548363 ], [ 72.613107264602164, 23.118310345209089 ], [ 72.612684084595443, 23.118150961664945 ], [ 72.612245476887608, 23.118031977065819 ], [ 72.611795987822859, 23.117954624843343 ], [ 72.611334787822869, 23.117897423098402 ], [ 72.610886453040436, 23.117862729161068 ], [ 72.610436593571748, 23.11786946064624 ], [ 72.60998972327549, 23.117917550004467 ], [ 72.609493723275492, 23.117994252332768 ], [ 72.609055422689934, 23.118082941415505 ], [ 72.608628933179801, 23.118211414236331 ], [ 72.608218512539381, 23.118378388094019 ], [ 72.607828258141737, 23.118582195889879 ], [ 72.607462066033321, 23.118820802776643 ], [ 72.607123592038292, 23.119091826479451 ], [ 72.606816215261176, 23.119392561086112 ], [ 72.606543004352062, 23.119720004068633 ], [ 72.606306686871207, 23.120070886265999 ], [ 72.606109622058867, 23.120441704528698 ], [ 72.605953777282139, 23.120828756698604 ], [ 72.605840708393998, 23.121228178574881 ], [ 72.605771544200849, 23.121635982496581 ], [ 72.605746975193028, 23.122048097156526 ], [ 72.605767246651567, 23.122460408248909 ], [ 72.605832156199369, 23.122868799544658 ], [ 72.605941055821717, 23.123269193984523 ], [ 72.606092858335487, 23.12365759437964 ], [ 72.60628604824295, 23.1240301233133 ], [ 72.606645748242954, 23.124642914351682 ], [ 72.606879010422034, 23.124996684824886 ], [ 72.607149583677895, 23.125327220561331 ], [ 72.607454753607499, 23.125631205795017 ], [ 72.607791458732393, 23.125905591122617 ], [ 72.608156321211695, 23.126147624087629 ], [ 72.608545680728582, 23.126354876785534 ], [ 72.608955631210947, 23.126525270213417 ], [ 72.609382060017126, 23.126657095119977 ], [ 72.609820689194208, 23.126749029147092 ], [ 72.610267118394589, 23.12680015009116 ], [ 72.610716869020479, 23.126809945151361 ], [ 72.611165429153459, 23.126778316072244 ], [ 72.611608298818084, 23.12670558012907 ], [ 72.61204103512604, 23.126592466946025 ], [ 72.612459296847234, 23.126440111179296 ] ] ] } },
{ "type": "Feature", "properties": { "version": 1, "visible": null, "lon": null, "timestamp": 1693156814, "tags": { "visible": false }, "changeset": null, "lat": null, "id": 1202585140, "natural": "water", "water": "lake", "wetland": null, "osm_type": "way", "grassland": null, "reef": null, "Risk": "Low" }, "geometry": { "type": "Polygon", "coordinates": [ [ [ 72.613756723564961, 23.127687965155936 ], [ 72.613895923564954, 23.127804362504332 ], [ 72.614236423956413, 23.128062168437257 ], [ 72.614602777429425, 23.128288019582197 ], [ 72.614991451442265, 23.128479738349185 ], [ 72.615398698228759, 23.128635476251173 ], [ 72.615820590935812, 23.12875373172216 ], [ 72.616187990935813, 23.128838829181316 ], [ 72.616624854734525, 23.128919064355511 ], [ 72.617068212643346, 23.128959106831562 ], [ 72.617513703175163, 23.128958562731821 ], [ 72.617956943863362, 23.128917437408337 ], [ 72.618064743863357, 23.128902437864987 ], [ 72.618492669962123, 23.128823166066994 ], [ 72.618910207497095, 23.128706067735937 ], [ 72.619313412715456, 23.128552248799341 ], [ 72.619698477236867, 23.128363161994457 ], [ 72.620061764024683, 23.128140593151453 ], [ 72.62039984173876, 23.12788664433122 ], [ 72.620709517145343, 23.127603713976931 ], [ 72.620987865278025, 23.127294474266527 ], [ 72.621232257064776, 23.126961845879872 ], [ 72.621440384160309, 23.126608970418616 ], [ 72.621610280748953, 23.126239180739027 ], [ 72.621740342112318, 23.125855969477783 ], [ 72.621829339786302, 23.125462956067807 ], [ 72.62187643316426, 23.125063852555503 ], [ 72.621915933164274, 23.12445385367192 ], [ 72.621923174036993, 23.1241352517258 ], [ 72.621903686698687, 23.123817083783681 ], [ 72.621888086698689, 23.12366628334399 ], [ 72.62182419229228, 23.123261970459893 ], [ 72.621717180572546, 23.122865438855605 ], [ 72.621568098406385, 23.122480567779249 ], [ 72.621378404224615, 23.122111122437367 ], [ 72.62114995375444, 23.12176071715642 ], [ 72.620884981865458, 23.121432780019223 ], [ 72.620586080706502, 23.121130519322648 ], [ 72.620256174347318, 23.120856892184822 ], [ 72.619898490173227, 23.120614575609295 ], [ 72.619813690173231, 23.120562874282729 ], [ 72.619714136851826, 23.120503900489091 ], [ 72.61963053685183, 23.120455799233774 ], [ 72.619221215377777, 23.120246758437755 ], [ 72.61879045675191, 23.120078039993139 ], [ 72.618342941478105, 23.11995147730277 ], [ 72.617883532133305, 23.119868445682549 ], [ 72.61741722053219, 23.119829847412401 ], [ 72.616949073487376, 23.119836101928804 ], [ 72.61674387348738, 23.119848702315828 ], [ 72.61631586048496, 23.119894030947901 ], [ 72.615894538849147, 23.11997686606891 ], [ 72.615483785181127, 23.120096445440296 ], [ 72.615087378845629, 23.120251668709908 ], [ 72.614708967196876, 23.120441107539946 ], [ 72.614352032019113, 23.120663018753621 ], [ 72.614019857490518, 23.12091536037936 ], [ 72.613715499965281, 23.121195810444807 ], [ 72.613441759852009, 23.121501788347452 ], [ 72.613201155846994, 23.121830478605016 ], [ 72.612995901759518, 23.122178856766915 ], [ 72.612827886142583, 23.122543717248067 ], [ 72.61256318614258, 23.123205224281321 ], [ 72.612430741793133, 23.123594532523381 ], [ 72.612340695686214, 23.123993955048952 ], [ 72.612293925948933, 23.124399596627903 ], [ 72.612290888678487, 23.124807501416416 ], [ 72.612331613494248, 23.125213691535762 ], [ 72.612415703248942, 23.125614205864565 ], [ 72.612542337901601, 23.12600513866624 ], [ 72.612710282514612, 23.126382677675007 ], [ 72.612917899296761, 23.126743141269074 ], [ 72.613163163574896, 23.127083014368736 ], [ 72.613443683538605, 23.127398982709458 ], [ 72.613756723564961, 23.127687965155936 ] ] ] } },
{ "type": "Feature", "properties": { "version": 2, "visible": null, "lon": null, "timestamp": 1693284491, "tags": { "visible": false }, "changeset": null, "lat": null, "id": 1202722672, "natural": "water", "water": "pond", "wetland": null, "osm_type": "way", "grassland": null, "reef": null, "Risk": "Low" }, "geometry": { "type": "Polygon", "coordinates": [ [ [ 72.450364013075898, 23.044830579782495 ], [ 72.450354869587244, 23.044855994953782 ], [ 72.450256825692463, 23.045260715633827 ], [ 72.450203344294209, 23.045672438159134 ], [ 72.450194963682378, 23.046087018500408 ], [ 72.450195763682402, 23.046110318477833 ], [ 72.45022738910771, 23.046486382654837 ], [ 72.450296140456402, 23.046858226741595 ], [ 72.450401445134702, 23.047222753892409 ], [ 72.450542426115518, 23.047576928224402 ], [ 72.45071790924257, 23.047917800099352 ], [ 72.450729909242568, 23.047938599800023 ], [ 72.450941455043619, 23.048267575198334 ], [ 72.451185126040983, 23.048577158652847 ], [ 72.451458837911275, 23.048864702177823 ], [ 72.451760249366217, 23.049127746319822 ], [ 72.452086782179606, 23.04936404119033 ], [ 72.452435643241117, 23.049571565705904 ], [ 72.452483943241106, 23.049597465019126 ], [ 72.452826531978914, 23.049763397242433 ], [ 72.453183377023095, 23.04990156625097 ], [ 72.453551827179183, 23.050010945599393 ], [ 72.453929145032077, 23.050090722720462 ], [ 72.453997945032086, 23.050102422367363 ], [ 72.454415422340531, 23.050154921628334 ], [ 72.454836409070751, 23.05017119244042 ], [ 72.455257200351198, 23.050151091626333 ], [ 72.455674093030453, 23.050094796066009 ], [ 72.456083418266459, 23.050002801140618 ], [ 72.456481573814088, 23.049875916374507 ], [ 72.456865055726482, 23.049715258313608 ], [ 72.457230489191261, 23.049522240702693 ], [ 72.457574658230556, 23.049298562047955 ], [ 72.457601858230561, 23.049279062520053 ], [ 72.45792960017431, 23.049019853979242 ], [ 72.458228752410662, 23.04873286133504 ], [ 72.458383859934457, 23.048552079430447 ], [ 72.458418829115516, 23.04851645168112 ], [ 72.45847473495057, 23.048446162092716 ], [ 72.458496545470538, 23.048420741317749 ], [ 72.458508189684636, 23.048404099927559 ], [ 72.458691306647083, 23.048173869321239 ], [ 72.45892415572203, 23.047807373416024 ], [ 72.45911491962228, 23.047420830570836 ], [ 72.459261585657302, 23.04701831892439 ], [ 72.459273685657308, 23.04697841925352 ], [ 72.459368676258251, 23.046595889530757 ], [ 72.459423816384657, 23.046206793496538 ], [ 72.459438609039665, 23.045814638164877 ], [ 72.459412920892063, 23.045422958154628 ], [ 72.459346983477872, 23.045035283831158 ], [ 72.459241391113551, 23.044655109485248 ], [ 72.459097095539221, 23.044285861836066 ], [ 72.458915397340206, 23.043930869142173 ], [ 72.458890497340207, 23.043887668521002 ], [ 72.458671073606851, 23.043547394845049 ], [ 72.458417296662446, 23.043227986874808 ], [ 72.458131492205709, 23.042932371932572 ], [ 72.457816279446476, 23.042663259299896 ], [ 72.457474547102322, 23.042423115382753 ], [ 72.457109426925356, 23.042214141102498 ], [ 72.457047626925373, 23.042182440252837 ], [ 72.456611790326662, 23.041986470187343 ], [ 72.456155529601403, 23.041834893934723 ], [ 72.455684166420724, 23.04172947958148 ], [ 72.455606666420721, 23.04171617918027 ], [ 72.455140539852223, 23.041659223567255 ], [ 72.454670496929268, 23.041647423628742 ], [ 72.454201689203472, 23.041680908700922 ], [ 72.45373925468904, 23.041759311762366 ], [ 72.453288261551407, 23.041881773457924 ], [ 72.453229761551412, 23.041900774007726 ], [ 72.452836671697057, 23.042048014760898 ], [ 72.45246043870911, 23.042228739417045 ], [ 72.452104421705229, 23.042441334282675 ], [ 72.451771799308872, 23.042683901102976 ], [ 72.451465541269656, 23.042954274015123 ], [ 72.451188381948512, 23.043250038891337 ], [ 72.450942795904552, 23.043568554898595 ], [ 72.450730975801491, 23.043906978082365 ], [ 72.450554812830887, 23.044262286763665 ], [ 72.45041587982702, 23.044631308522398 ], [ 72.450407179827025, 23.044658508758072 ], [ 72.450364013075898, 23.044830579782495 ] ] ] } },
{ "type": "Feature", "properties": { "version": 1, "visible": null, "lon": null, "timestamp": 1693805917, "tags": { "visible": false }, "changeset": null, "lat": null, "id": 1204808494, "natural": "water", "water": null, "wetland": null, "osm_type": "way", "grassland": null, "reef": null, "Risk": "Low" }, "geometry": { "type": "Polygon", "coordinates": [ [ [ 72.48523653973588, 22.987235527025632 ], [ 72.485338439735884, 22.987358924739471 ], [ 72.485610076260485, 22.987657554155774 ], [ 72.485911030784038, 22.987931328284876 ], [ 72.486238632809901, 22.988177817971302 ], [ 72.486589975386835, 22.988394836162804 ], [ 72.486961940903655, 22.988580457311517 ], [ 72.48735122875317, 22.988733034454999 ], [ 72.487753081613249, 22.988850831868202 ], [ 72.488190679570565, 22.989021027450264 ], [ 72.488581023725501, 22.989153586811671 ], [ 72.488983017291474, 22.989252327015922 ], [ 72.489393211001229, 22.989316400907065 ], [ 72.489808085227025, 22.989345258754806 ], [ 72.490360685227031, 22.989360058301909 ], [ 72.4908001445324, 22.989352020512491 ], [ 72.491236646158598, 22.989304478707158 ], [ 72.491666009906126, 22.989217888133215 ], [ 72.492084123932017, 22.98909307795947 ], [ 72.49248698412741, 22.98893124333852 ], [ 72.492870732463132, 22.988733933965161 ], [ 72.493231693936607, 22.988503039240602 ], [ 72.493566411765798, 22.988240770184166 ], [ 72.493871680493456, 22.987949638265643 ], [ 72.494059380493454, 22.987752142246837 ], [ 72.494329169213131, 22.987438929444888 ], [ 72.494564844487499, 22.987103197285144 ], [ 72.494764203762315, 22.986748083269326 ], [ 72.494925383882418, 22.98637690605289 ], [ 72.495046878504155, 22.985993134435002 ], [ 72.495127552173244, 22.985600354944506 ], [ 72.495166650936525, 22.985202238324671 ], [ 72.495163809388032, 22.984802505229801 ], [ 72.495119054084057, 22.984404891454179 ], [ 72.495032803294976, 22.984013113018321 ], [ 72.494850628613662, 22.983351666264692 ], [ 72.494689696859609, 22.982754533267368 ], [ 72.49456192130188, 22.982363966817886 ], [ 72.49439296963935, 22.981986889164606 ], [ 72.494184485868715, 22.981626969617512 ], [ 72.493938498656746, 22.98128771055109 ], [ 72.49365740160026, 22.980972413318391 ], [ 72.49334392993498, 22.980684146120446 ], [ 72.493001133920217, 22.980425714144015 ], [ 72.492632349157986, 22.980199632258454 ], [ 72.492241164135763, 22.980008100537681 ], [ 72.491831385308402, 22.979852982845724 ], [ 72.491407000059155, 22.979735788694384 ], [ 72.490961800059154, 22.97963458568718 ], [ 72.490477181184616, 22.979550102986146 ], [ 72.489985422554383, 22.979515049761424 ], [ 72.489492454160114, 22.979529848749362 ], [ 72.489004220581677, 22.97959432147648 ], [ 72.488172720581673, 22.979747426071544 ], [ 72.487784042903101, 22.979835744428247 ], [ 72.487405451141314, 22.979955574423229 ], [ 72.487039952994863, 22.980105963992262 ], [ 72.486690452140849, 22.980285718275042 ], [ 72.486359725166906, 22.980493409110881 ], [ 72.486112925166893, 22.980663713281917 ], [ 72.485770733055972, 22.980925169452245 ], [ 72.485458300570784, 22.981216495424327 ], [ 72.485178690184625, 22.981534835428242 ], [ 72.484934642647445, 22.981877068905671 ], [ 72.484728550121076, 22.982239841104775 ], [ 72.484562432731067, 22.982619595970153 ], [ 72.484437918765423, 22.983012611005279 ], [ 72.484356228714049, 22.983415033765528 ], [ 72.484318163305417, 22.983822919623819 ], [ 72.484304763305431, 22.984163720001185 ], [ 72.484305635976554, 22.984483632510948 ], [ 72.484324435976546, 22.984903431981596 ], [ 72.484366259236197, 22.985321042476826 ], [ 72.484453816270729, 22.985732603762354 ], [ 72.484586206412814, 22.986133882331337 ], [ 72.484762067813236, 22.98652075048679 ], [ 72.484979591449758, 22.986889228797185 ], [ 72.48523653973588, 22.987235527025632 ] ] ] } },
{ "type": "Feature", "properties": { "version": 1, "visible": null, "lon": null, "timestamp": 1705237523, "tags": { "visible": false }, "changeset": null, "lat": null, "id": 1239619340, "natural": "water", "water": "pond", "wetland": null, "osm_type": "way", "grassland": null, "reef": null, "Risk": "Low" }, "geometry": { "type": "Polygon", "coordinates": [ [ [ 72.51667011925835, 23.026026330357265 ], [ 72.51666741925834, 23.02608063043338 ], [ 72.516668119914996, 23.026472169738426 ], [ 72.516709068919226, 23.026861890532174 ], [ 72.516789898891744, 23.027246296414695 ], [ 72.516909884655931, 23.02762193869868 ], [ 72.517067949743932, 23.027985447347636 ], [ 72.517262676054244, 23.028333561207479 ], [ 72.51728277605423, 23.028365660715988 ], [ 72.517527190320536, 23.028714286504929 ], [ 72.51780834701691, 23.029038606983015 ], [ 72.518123413736916, 23.029335355093217 ], [ 72.518469216460403, 23.02960154155064 ], [ 72.518842271529039, 23.029834484949163 ], [ 72.519238820741094, 23.03003183876675 ], [ 72.519654869212005, 23.030191614997385 ], [ 72.520086225619281, 23.030312204172112 ], [ 72.52015062561928, 23.030327003731781 ], [ 72.520537120017138, 23.030399396145121 ], [ 72.520929025135899, 23.030440305410174 ], [ 72.521323318958011, 23.030449416100474 ], [ 72.521716961046437, 23.030426657969045 ], [ 72.521792061046426, 23.03041925819468 ], [ 72.522234271002318, 23.030355036504528 ], [ 72.522667337613427, 23.03025062136161 ], [ 72.523086958617668, 23.030107049977079 ], [ 72.523488965327047, 23.029925748525777 ], [ 72.523869364041289, 23.0297085179829 ], [ 72.523921664041296, 23.029675218822685 ], [ 72.524265866065619, 23.029432653522917 ], [ 72.524583054606779, 23.029160678616144 ], [ 72.524870274715099, 23.028861827668976 ], [ 72.525124850628799, 23.028538884627874 ], [ 72.525344410701663, 23.028194857889989 ], [ 72.52552690949733, 23.027832952282761 ], [ 72.525670646844816, 23.027456539213045 ], [ 72.525774283677364, 23.027069125263708 ], [ 72.525836854507304, 23.026674319530017 ], [ 72.525857776420594, 23.0262758 ], [ 72.525857776420594, 23.0262067 ], [ 72.525832006671266, 23.025764531201286 ], [ 72.525754993123414, 23.025327434732151 ], [ 72.525627619484524, 23.024900426217577 ], [ 72.525604819484514, 23.024837425607135 ], [ 72.525446595763754, 23.024462224274231 ], [ 72.525249476918191, 23.024102961130364 ], [ 72.525015331482138, 23.023763041853083 ], [ 72.524746378973376, 23.023445688772473 ], [ 72.524445168853845, 23.023153910319909 ], [ 72.524114556362676, 23.022890472504116 ], [ 72.52375767545081, 23.022657872684881 ], [ 72.52337790907346, 23.022458315893527 ], [ 72.522978857122411, 23.022293693924659 ], [ 72.522917157122421, 23.022271493290706 ], [ 72.522509275318185, 23.022145106574115 ], [ 72.522090122803462, 23.022055228680905 ], [ 72.521663547934111, 23.022002684878629 ], [ 72.521233467212625, 23.021987957630344 ], [ 72.520803829329793, 23.022011182163389 ], [ 72.520378578910524, 23.022072145227366 ], [ 72.519961620297195, 23.022170287052781 ], [ 72.519909320297188, 23.02218508748653 ], [ 72.519515994776484, 23.022315116936237 ], [ 72.519137503652942, 23.022478229904774 ], [ 72.518777123844103, 23.022673014068136 ], [ 72.518437975462547, 23.022897782881977 ], [ 72.518399075462554, 23.022926183564184 ], [ 72.518099859883506, 23.023165164798204 ], [ 72.517824689434534, 23.023427482160173 ], [ 72.5175757049373, 23.02371109469534 ], [ 72.517354843487141, 23.024013795775669 ], [ 72.517321343487126, 23.024064396582968 ], [ 72.517106601617101, 23.024428686359677 ], [ 72.516932573704679, 23.024810933976301 ], [ 72.516801009050681, 23.025207297004879 ], [ 72.516713230121965, 23.025613791160961 ], [ 72.51667011925835, 23.026026330357265 ] ] ] } },
{ "type": "Feature", "properties": { "version": 1, "visible": null, "lon": null, "timestamp": 1705237523, "tags": { "visible": false, "name": "Jungle Pond" }, "changeset": null, "lat": null, "id": 1239619341, "natural": "water", "water": "pond", "wetland": null, "osm_type": "way", "grassland": null, "reef": null, "Risk": "Low" }, "geometry": { "type": "Polygon", "coordinates": [ [ [ 72.516710929634414, 23.027777291324014 ], [ 72.516711429634412, 23.027779791310138 ], [ 72.516734366570873, 23.027886560426715 ], [ 72.516736066570886, 23.027893960379778 ], [ 72.516843875557072, 23.028273328256216 ], [ 72.516990259173213, 23.028641586729314 ], [ 72.51717390013718, 23.028995422005806 ], [ 72.517207998259281, 23.029047713822287 ], [ 72.517235662673073, 23.029099420416721 ], [ 72.517458754078064, 23.0294326057113 ], [ 72.51771508424514, 23.029744880140893 ], [ 72.518002355441894, 23.030033444645714 ], [ 72.518317992581814, 23.030295712706199 ], [ 72.518659166307316, 23.030529333522775 ], [ 72.518676766307308, 23.030540233245453 ], [ 72.519056255991629, 23.030750992502739 ], [ 72.519456469777467, 23.030926303363049 ], [ 72.519873510338769, 23.031064458771041 ], [ 72.520303316488452, 23.031164113470041 ], [ 72.520741702726752, 23.031224297097769 ], [ 72.5211844, 23.031244423632504 ], [ 72.521200199999981, 23.031244423632504 ], [ 72.52165246798296, 23.03122341520983 ], [ 72.522100138749181, 23.031160603468834 ], [ 72.522538661811723, 23.031056626820934 ], [ 72.522963579668286, 23.030912542074958 ], [ 72.522969179668294, 23.030910342137009 ], [ 72.523367242122305, 23.030732137917827 ], [ 72.523744310819765, 23.030518739015754 ], [ 72.524096723350155, 23.030272217979924 ], [ 72.52442105678449, 23.029994969056844 ], [ 72.524714160921775, 23.029689684942138 ], [ 72.524973188886349, 23.029359330633874 ], [ 72.524981088886349, 23.029348130820885 ], [ 72.525197223682326, 23.029007088710372 ], [ 72.525377018734488, 23.028648624656412 ], [ 72.525518833860303, 23.028276008626197 ], [ 72.525621375349488, 23.027892639711116 ], [ 72.525683707766063, 23.027502015122245 ], [ 72.52568790776607, 23.027462715240208 ], [ 72.525699749670125, 23.027329995213048 ], [ 72.525702349670112, 23.027293695286264 ], [ 72.525710359087114, 23.026907501781153 ], [ 72.525679164937102, 23.02652230517706 ], [ 72.525609039594343, 23.026141468872133 ], [ 72.525500595363866, 23.025768318220234 ], [ 72.525354779135299, 23.025406111493549 ], [ 72.525172864114737, 23.025058011430009 ], [ 72.524956438707918, 23.024727057614147 ], [ 72.524946938707913, 23.024713957391157 ], [ 72.524701191714669, 23.02440678354149 ], [ 72.524425724870952, 23.024121765220183 ], [ 72.524122883845422, 23.023861329576928 ], [ 72.523795247404749, 23.023627694434467 ], [ 72.523777947404753, 23.023616494153579 ], [ 72.523402428177391, 23.023398094680616 ], [ 72.52300530511171, 23.023214901596472 ], [ 72.522590462516604, 23.02306870688161 ], [ 72.522161958017847, 23.022960940606556 ], [ 72.521723982869915, 23.022892656939433 ], [ 72.521280820960897, 23.022864523831366 ], [ 72.520836806911177, 23.022876816480832 ], [ 72.520810906911194, 23.022878716538902 ], [ 72.52036157234258, 23.022932786014618 ], [ 72.519920444333692, 23.023028249974349 ], [ 72.519492013109257, 23.023164136607594 ], [ 72.519080639653893, 23.02333906260991 ], [ 72.518690511321893, 23.023551247268401 ], [ 72.51836867759053, 23.023769338480424 ], [ 72.51834040477263, 23.023787930264437 ], [ 72.518335962255804, 23.023791508066608 ], [ 72.518325599214222, 23.023798530593517 ], [ 72.518277689621598, 23.02383843820245 ], [ 72.518007687564108, 23.024055885396752 ], [ 72.517705205844649, 23.024352646642274 ], [ 72.517435890347514, 23.024675338513017 ], [ 72.517202350459769, 23.025020834285939 ], [ 72.517006848940085, 23.025385786304369 ], [ 72.51685127999481, 23.025766658419606 ], [ 72.51673715092528, 23.026159760258018 ], [ 72.516665567523447, 23.026561282981575 ], [ 72.516637223358046, 23.026967336194964 ], [ 72.516652393054557, 23.027373985641731 ], [ 72.516710929634414, 23.027777291324014 ] ] ] } },
{ "type": "Feature", "properties": { "version": 1, "visible": null, "lon": null, "timestamp": 1713005126, "tags": { "visible": false, "name": "Lotus Pond" }, "changeset": null, "lat": null, "id": 1272180401, "natural": "water", "water": "pond", "wetland": null, "osm_type": "way", "grassland": null, "reef": null, "Risk": "Low" }, "geometry": { "type": "Polygon", "coordinates": [ [ [ 72.578588607859146, 23.05805492712377 ], [ 72.578604270104108, 23.058159218147718 ], [ 72.578615405585722, 23.058201631581646 ], [ 72.578616747856358, 23.058208979853298 ], [ 72.578621616381952, 23.058225287597669 ], [ 72.578709399541253, 23.058559640389593 ], [ 72.578857331600972, 23.058948442418391 ], [ 72.5790465964877, 23.059321761364892 ], [ 72.579275313738847, 23.059675888220532 ], [ 72.579541210908488, 23.060007304682951 ], [ 72.579550120735774, 23.060016362155281 ], [ 72.579772428888404, 23.060293671366942 ], [ 72.580085958467635, 23.060610124834486 ], [ 72.580146958467637, 23.060665623622747 ], [ 72.580247695341043, 23.060748565930822 ], [ 72.580308215165076, 23.060806322160364 ], [ 72.58064980952426, 23.061073133881067 ], [ 72.581018597127425, 23.061307302041147 ], [ 72.581410907733712, 23.061506496332637 ], [ 72.58182283699702, 23.061668734497101 ], [ 72.582250285322843, 23.061792402047111 ], [ 72.582291185322859, 23.061802201755903 ], [ 72.582724403875375, 23.061885275103833 ], [ 72.583164404632768, 23.061928721629467 ], [ 72.583606916531863, 23.061932119638225 ], [ 72.584047644133975, 23.061895436148848 ], [ 72.584482309320535, 23.061819027213431 ], [ 72.584906692820468, 23.061703634462482 ], [ 72.584944892820459, 23.06169133481896 ], [ 72.585342697482304, 23.061543267093093 ], [ 72.58572332913154, 23.061360946059779 ], [ 72.586083313440128, 23.061146035772815 ], [ 72.586419364544668, 23.060900497738523 ], [ 72.586728415039218, 23.060626573017 ], [ 72.587007643973863, 23.060326761772068 ], [ 72.587254502603855, 23.060003800456297 ], [ 72.587280002603848, 23.059966801064693 ], [ 72.587496707010231, 23.059615510871865 ], [ 72.587675103758642, 23.059246432531118 ], [ 72.587813488579727, 23.058863091809993 ], [ 72.587910539448231, 23.058469150753698 ], [ 72.587965329212608, 23.058068372704703 ], [ 72.587966836713576, 23.05801766921746 ], [ 72.587979150615595, 23.057926255261041 ], [ 72.587990725176866, 23.057527190990875 ], [ 72.587960399715456, 23.05712895979455 ], [ 72.587888457191085, 23.05673527749649 ], [ 72.587775568882293, 23.056349817508497 ], [ 72.587622788123099, 23.055976176551891 ], [ 72.587431540474398, 23.055617841094204 ], [ 72.587203610422534, 23.055278154813557 ], [ 72.586941124728639, 23.054960287394564 ], [ 72.586646532584282, 23.054667204947101 ], [ 72.586242832584276, 23.054302596958657 ], [ 72.585918590631351, 23.054036816509626 ], [ 72.585567970873981, 23.053801087955613 ], [ 72.585194250520644, 23.053597614791435 ], [ 72.584800922698861, 23.053428299010914 ], [ 72.584391663805192, 23.053294723323489 ], [ 72.583970299142436, 23.05319813635592 ], [ 72.583540767164763, 23.053139440977461 ], [ 72.58310708266545, 23.053119185857813 ], [ 72.582673299250999, 23.053137560336932 ], [ 72.582243471452472, 23.053194392654635 ], [ 72.581821616828123, 23.053289151556601 ], [ 72.581411678411811, 23.053420951261771 ], [ 72.581017487857707, 23.053588559744568 ], [ 72.580973987857718, 23.053609460313336 ], [ 72.580597866924833, 23.053812128938073 ], [ 72.580244865973611, 23.054047387695569 ], [ 72.579918309213113, 23.0543130209902 ], [ 72.579868009213115, 23.054358121981853 ], [ 72.579558014731262, 23.054665811177347 ], [ 72.579283521469435, 23.055000833557695 ], [ 72.579047358378546, 23.05535973616314 ], [ 72.578851959375569, 23.055738819937236 ], [ 72.578699338259284, 23.056134177856809 ], [ 72.578591067955912, 23.056541735204402 ], [ 72.578528264308432, 23.056957291567809 ], [ 72.578511574576581, 23.057376564133634 ], [ 72.578541170766172, 23.05779523182856 ], [ 72.578588607859146, 23.05805492712377 ] ] ] } },
{ "type": "Feature", "properties": { "version": 1, "visible": null, "lon": null, "timestamp": 1713076740, "tags": { "visible": false }, "changeset": null, "lat": null, "id": 1272460965, "natural": "water", "water": "pond", "wetland": null, "osm_type": "way", "grassland": null, "reef": null, "Risk": "Low" }, "geometry": { "type": "Polygon", "coordinates": [ [ [ 72.531522984638258, 23.097688380320591 ], [ 72.531412972436783, 23.097396375796816 ], [ 72.531233633039477, 23.097036219293781 ], [ 72.531212033039495, 23.096997818751085 ], [ 72.531033098769129, 23.096708835683646 ], [ 72.530829475969057, 23.096434026289835 ], [ 72.530801475969028, 23.096399325653817 ], [ 72.530510051740336, 23.096074214251846 ], [ 72.530494151740328, 23.096058213919857 ], [ 72.530121765442203, 23.09572449922922 ], [ 72.530103965442194, 23.095710298899316 ], [ 72.529811978541588, 23.095496255049873 ], [ 72.52950167424504, 23.095305257502915 ], [ 72.529466774245037, 23.095285656988469 ], [ 72.529052842439711, 23.095079752617284 ], [ 72.528617762542723, 23.094914815054757 ], [ 72.528579162542727, 23.094902314692156 ], [ 72.528131880708457, 23.094781069645457 ], [ 72.52767334380367, 23.094703134014193 ], [ 72.527632843803687, 23.094698233864797 ], [ 72.527277213650279, 23.094668376624945 ], [ 72.527222113650282, 23.094665776545085 ], [ 72.526806390404985, 23.094663879984079 ], [ 72.52675119040498, 23.094665980048621 ], [ 72.526343926429632, 23.094698601831666 ], [ 72.526289226429654, 23.094705302035905 ], [ 72.525862760622346, 23.094776954471051 ], [ 72.52544579084649, 23.094886092087744 ], [ 72.52504220153763, 23.095031698084483 ], [ 72.524655752480655, 23.095212415898981 ], [ 72.524290043784077, 23.095426561850005 ], [ 72.523948482341979, 23.095672140827478 ], [ 72.52363425009581, 23.095946864884407 ], [ 72.523350274391774, 23.096248174557211 ], [ 72.523099200710192, 23.096573262715754 ], [ 72.523077000710202, 23.096605163244668 ], [ 72.522889402201699, 23.096901074283217 ], [ 72.522729097752148, 23.097210262460269 ], [ 72.522712897752129, 23.097245162881727 ], [ 72.522582801783642, 23.097560492617085 ], [ 72.522481100889067, 23.09788453166864 ], [ 72.522471300889066, 23.097921331937911 ], [ 72.522401546251828, 23.098235601635878 ], [ 72.522358506785338, 23.098553901051631 ], [ 72.522355406785337, 23.098587401139014 ], [ 72.522347396021559, 23.099186914650403 ], [ 72.52234959602157, 23.09922041458827 ], [ 72.522382201110716, 23.099526747344502 ], [ 72.522439509729978, 23.09982999648356 ], [ 72.522447109729981, 23.099862896273258 ], [ 72.522538012592932, 23.100190024483489 ], [ 72.522657652768373, 23.100509231738076 ], [ 72.522674152768374, 23.100548031303372 ], [ 72.522842902274633, 23.100896497877439 ], [ 72.523045875459061, 23.101229161407034 ], [ 72.523069875459058, 23.101264560830902 ], [ 72.523302722178016, 23.101575412133361 ], [ 72.52356544363505, 23.101865416196876 ], [ 72.523595943635044, 23.101896115559907 ], [ 72.52386534315356, 23.102145134716636 ], [ 72.524156768728432, 23.102372201553777 ], [ 72.524196668728422, 23.102400700861441 ], [ 72.52452016902555, 23.102611397277183 ], [ 72.524862605348332, 23.102795038647134 ], [ 72.52490730534835, 23.102816638058989 ], [ 72.525398014453813, 23.103020235052753 ], [ 72.525421714453813, 23.103028534814175 ], [ 72.525918523584309, 23.103172781185442 ], [ 72.525943023584304, 23.10317848101548 ], [ 72.526583579419267, 23.103282809500971 ], [ 72.526622579419268, 23.103286509387775 ], [ 72.527027074306204, 23.103307985469762 ], [ 72.527432027524625, 23.10329584674195 ], [ 72.52747112752462, 23.103293046827805 ], [ 72.527866967635362, 23.103248366526891 ], [ 72.528256938541134, 23.103171566139888 ], [ 72.528294838541129, 23.103162466410708 ], [ 72.528679266564353, 23.103053028789038 ], [ 72.529051502471233, 23.102912381847268 ], [ 72.529079895123957, 23.102900259479956 ], [ 72.529136975982993, 23.102876113974546 ], [ 72.529522371013726, 23.102691826260013 ], [ 72.529886610921736, 23.102474158912052 ], [ 72.530226289297644, 23.102225147421425 ], [ 72.530538229434072, 23.101947120402091 ], [ 72.530819514034519, 23.101642677819992 ], [ 72.531067512496207, 23.101314666684338 ], [ 72.531279905511823, 23.100966154428367 ], [ 72.53145470675986, 23.100600400228419 ], [ 72.531590281480902, 23.100220824529245 ], [ 72.531685361766108, 23.099830977060364 ], [ 72.5317390584148, 23.09943450364241 ], [ 72.531745758414814, 23.099353103831415 ], [ 72.531752899517741, 23.098833546217428 ], [ 72.531751099517749, 23.09880064616658 ], [ 72.531671988442611, 23.098209330323304 ], [ 72.531663888442594, 23.098171530098483 ], [ 72.531555060450117, 23.097770552049838 ], [ 72.531522984638258, 23.097688380320591 ] ] ] } },
{ "type": "Feature", "properties": { "version": 1, "visible": null, "lon": null, "timestamp": 1713424817, "tags": { "visible": false }, "changeset": null, "lat": null, "id": 1273603782, "natural": "water", "water": "pond", "wetland": null, "osm_type": "way", "grassland": null, "reef": null, "Risk": "Low" }, "geometry": { "type": "Polygon", "coordinates": [ [ [ 72.489596905389021, 23.045143460106026 ], [ 72.489598982685067, 23.045146034279728 ], [ 72.489622982685034, 23.045129634683747 ], [ 72.489726430444776, 23.045056781966561 ], [ 72.489749030444784, 23.045040382361709 ], [ 72.489781890005432, 23.045014256927594 ], [ 72.489802425070579, 23.044998456174131 ], [ 72.489802147615066, 23.04499815084101 ], [ 72.490053703887469, 23.044798147463148 ], [ 72.49033357870735, 23.044531777964664 ], [ 72.490586405803256, 23.044243414300901 ], [ 72.490603505803236, 23.044222014689904 ], [ 72.490832243604999, 23.043906370214113 ], [ 72.491028565125745, 23.043572754329368 ], [ 72.491190816233598, 23.043223977835833 ], [ 72.491200916233609, 23.043199178102871 ], [ 72.491353602707463, 23.042746972117111 ], [ 72.491449079287818, 23.042281661555158 ], [ 72.491451679287806, 23.042263261627962 ], [ 72.491486425128599, 23.041874946412534 ], [ 72.491485881794915, 23.04183379116262 ], [ 72.491506754105075, 23.041583686457479 ], [ 72.491493532997964, 23.041151055205631 ], [ 72.491490832997968, 23.041120255129648 ], [ 72.49143123131384, 23.040704689384786 ], [ 72.491326197514056, 23.040296814466213 ], [ 72.491316797514074, 23.040267114211392 ], [ 72.491170258749435, 23.039877608386981 ], [ 72.4909822910071, 23.039503469312347 ], [ 72.490967191007087, 23.039476968934771 ], [ 72.490750452564029, 23.039137054410428 ], [ 72.490499519437307, 23.038817680190594 ], [ 72.490479219437319, 23.038794279742675 ], [ 72.490179395047306, 23.0384822951366 ], [ 72.489846974998187, 23.038199659980801 ], [ 72.489821974998165, 23.038180459528537 ], [ 72.489471077886407, 23.037936751181938 ], [ 72.489095972092755, 23.037725777213218 ], [ 72.488700251023218, 23.037549558850543 ], [ 72.488287705572219, 23.037409784354573 ], [ 72.487862287806948, 23.037307792840053 ], [ 72.487428073107665, 23.037244561443089 ], [ 72.487304773107667, 23.037232261067913 ], [ 72.48707873573774, 23.037215012552355 ], [ 72.487029635737741, 23.037212412472719 ], [ 72.486631948419316, 23.037207584368311 ], [ 72.486235356083782, 23.037235149659406 ], [ 72.486186556083751, 23.037240549823899 ], [ 72.485795507099354, 23.037300032210794 ], [ 72.485411678959423, 23.037391007803755 ], [ 72.485364678959442, 23.037404208191106 ], [ 72.48501425389108, 23.0375174012031 ], [ 72.484675188480153, 23.037656848454652 ], [ 72.484636088480144, 23.03767474894634 ], [ 72.484331593951012, 23.037827929178391 ], [ 72.484040859080878, 23.038002285082911 ], [ 72.48400525908086, 23.038025485663802 ], [ 72.483726382874451, 23.038222760880036 ], [ 72.483465137138609, 23.038439513241045 ], [ 72.483433937138614, 23.038467513856066 ], [ 72.483197752790815, 23.038696305465002 ], [ 72.482981224659454, 23.03894101168153 ], [ 72.482953824659432, 23.038974512299625 ], [ 72.482760190512138, 23.039230865447792 ], [ 72.482588134959443, 23.03949993627759 ], [ 72.482566534959446, 23.039536836814506 ], [ 72.482419117140211, 23.039812798836479 ], [ 72.48229440207075, 23.040098082131582 ], [ 72.48227900207074, 23.040137482540729 ], [ 72.482177475669644, 23.040431185433928 ], [ 72.482100013822688, 23.040731032880146 ], [ 72.482091313822679, 23.040771333121082 ], [ 72.48201119632526, 23.041363616654735 ], [ 72.482008896325269, 23.041404616719589 ], [ 72.482004053922054, 23.041710422262852 ], [ 72.482023797657988, 23.042015719439277 ], [ 72.482028097658002, 23.04205661931843 ], [ 72.482045966166822, 23.042200302955617 ], [ 72.482051066166804, 23.042235802812861 ], [ 72.482107605053187, 23.042540924756537 ], [ 72.482188798895251, 23.042841296938644 ], [ 72.482199598895249, 23.042875696645677 ], [ 72.482305126573564, 23.043169966477112 ], [ 72.482434316075015, 23.043456133308162 ], [ 72.482450616075013, 23.043488732890047 ], [ 72.482608351584247, 23.043774472110233 ], [ 72.482789672617685, 23.044048105131772 ], [ 72.482812772617677, 23.044080104588463 ], [ 72.483024803016306, 23.04434961762335 ], [ 72.483259704818309, 23.044602562944849 ], [ 72.4832881048183, 23.044630762356672 ], [ 72.483758315337383, 23.045035217975894 ], [ 72.483817715337381, 23.045079416921276 ], [ 72.484108796402964, 23.045278668986153 ], [ 72.484416403118601, 23.045455653983222 ], [ 72.484446503118605, 23.04547145356209 ], [ 72.484805556827837, 23.045640727732785 ], [ 72.485179668357603, 23.045779672380867 ], [ 72.485212368357594, 23.045790272074086 ], [ 72.485608387383266, 23.045900062743868 ], [ 72.486013702536624, 23.045975866838969 ], [ 72.486047902536626, 23.045980766690409 ], [ 72.486469630510825, 23.046022536201097 ], [ 72.486893759842303, 23.046027512769466 ], [ 72.48693155984229, 23.046026312806266 ], [ 72.487379587436791, 23.045991368418104 ], [ 72.487821573359099, 23.045915380000647 ], [ 72.487858373359117, 23.045907280242385 ], [ 72.488286012135163, 23.045792248810674 ], [ 72.488699162323144, 23.045638797540782 ], [ 72.488733462323154, 23.045624197947394 ], [ 72.488980137167019, 23.045510615066217 ], [ 72.489021437167025, 23.045490115619859 ], [ 72.489408689207153, 23.045274029109905 ], [ 72.489596905389021, 23.045143460106026 ] ] ] } },
{ "type": "Feature", "properties": { "version": 1, "visible": null, "lon": null, "timestamp": 1713815957, "tags": { "visible": false }, "changeset": null, "lat": null, "id": 1275046998, "natural": "water", "water": "lake", "wetland": null, "osm_type": "way", "grassland": null, "reef": null, "Risk": "Low" }, "geometry": { "type": "Polygon", "coordinates": [ [ [ 72.545761670343467, 23.139419815985196 ], [ 72.545788470343453, 23.139506115255205 ], [ 72.545933344893257, 23.139897328765191 ], [ 72.546120010812388, 23.140273269405974 ], [ 72.546346599169041, 23.14063017333795 ], [ 72.546610841320984, 23.1409644673423 ], [ 72.546910091629584, 23.141272804590056 ], [ 72.547241353948479, 23.141552098143897 ], [ 72.547334460259975, 23.141616104331415 ], [ 72.547361317450381, 23.141639108934118 ], [ 72.547398517450389, 23.141667308263791 ], [ 72.547829715893727, 23.141956398343186 ], [ 72.547870215893695, 23.141980297723531 ], [ 72.548328758762821, 23.142217238192298 ], [ 72.548372058762837, 23.142236637655028 ], [ 72.548918221835251, 23.142441703549036 ], [ 72.548973321835248, 23.14245860305514 ], [ 72.549588046054964, 23.142603680602885 ], [ 72.549645246054979, 23.142613280311952 ], [ 72.549934290775269, 23.142642115560957 ], [ 72.550224393819576, 23.142680244825325 ], [ 72.550272693819579, 23.142683544723941 ], [ 72.550877482362438, 23.14268731879768 ], [ 72.550925882362435, 23.142684618880711 ], [ 72.551529526181085, 23.142612955018883 ], [ 72.551577126181101, 23.142604255281764 ], [ 72.552177042663601, 23.142454272836183 ], [ 72.552226442663596, 23.142438473295918 ], [ 72.552831388984544, 23.142197915063349 ], [ 72.552877788984546, 23.142175615672198 ], [ 72.553429596320811, 23.1418618013574 ], [ 72.553471996320809, 23.141833602061318 ], [ 72.553974249620566, 23.141445151540179 ], [ 72.554011749620585, 23.141411552281539 ], [ 72.554273428422505, 23.141156293144203 ], [ 72.554510607240985, 23.140881535332735 ], [ 72.554569407240976, 23.140807136680166 ], [ 72.554710943511267, 23.140617130807208 ], [ 72.554765143511304, 23.140539832097605 ], [ 72.554899137078124, 23.140336066208416 ], [ 72.554943128554044, 23.140264592300895 ], [ 72.555063968670297, 23.14014432199702 ], [ 72.555086968670295, 23.140119322494421 ], [ 72.555322686446104, 23.139839645242969 ], [ 72.555531506693711, 23.139542441314347 ], [ 72.555549506693723, 23.139514241754078 ], [ 72.555727396674484, 23.139206503996252 ], [ 72.555876439627156, 23.13888607043469 ], [ 72.555889039627147, 23.138855470768476 ], [ 72.555933162792613, 23.13874346395033 ], [ 72.555951562792615, 23.138694564442886 ], [ 72.556076760520227, 23.138299007752078 ], [ 72.556089760520223, 23.138248708110343 ], [ 72.556171428160766, 23.137844023376676 ], [ 72.556178928160776, 23.137792723587239 ], [ 72.556218157291113, 23.137321277617417 ], [ 72.556219557291115, 23.137253877657056 ], [ 72.55619287513683, 23.136718638421129 ], [ 72.556184775136828, 23.136651638193104 ], [ 72.556107799168686, 23.136222334203822 ], [ 72.555982139040609, 23.13580285724208 ], [ 72.5559662390406, 23.13575895681479 ], [ 72.55582713180614, 23.135424101400016 ], [ 72.555656975866782, 23.135101597446553 ], [ 72.555633075866794, 23.135060896850895 ], [ 72.55543304275588, 23.13475301959987 ], [ 72.555204720130178, 23.134462259500037 ], [ 72.555173520130197, 23.134425958806727 ], [ 72.554917812887325, 23.134153711446395 ], [ 72.554637314988128, 23.133902956805912 ], [ 72.554599714988129, 23.133872156097532 ], [ 72.554294189081418, 23.133643176185597 ], [ 72.553968010244944, 23.133439708334745 ], [ 72.553924410244932, 23.13341500768701 ], [ 72.553575721910619, 23.133236609353556 ], [ 72.553211192267568, 23.133087372663308 ], [ 72.553163592267552, 23.133070172170239 ], [ 72.552776947856458, 23.132948814415091 ], [ 72.552379911664374, 23.132860265919767 ], [ 72.551975768528834, 23.13280525934654 ], [ 72.551931968528834, 23.132801159220907 ], [ 72.551377215729971, 23.132780945375799 ], [ 72.551333215729954, 23.132781845403514 ], [ 72.550811772325318, 23.132820534214652 ], [ 72.55076817232532, 23.132826134385478 ], [ 72.550188631561142, 23.132936785750491 ], [ 72.550140031561142, 23.132949186118516 ], [ 72.549563992625451, 23.133135789033918 ], [ 72.549517792625451, 23.133154089551599 ], [ 72.548968143136491, 23.133414420819516 ], [ 72.548925043136506, 23.133438421451842 ], [ 72.548709331876978, 23.133578037128377 ], [ 72.548705898632278, 23.133573342681675 ], [ 72.548580098632272, 23.133651144670146 ], [ 72.54840755495519, 23.133763365517645 ], [ 72.548285954955205, 23.133846467572045 ], [ 72.548123345694336, 23.133963016618235 ], [ 72.548005945694342, 23.134051218722067 ], [ 72.547835854730636, 23.134185656767201 ], [ 72.547704354730612, 23.134294959264775 ], [ 72.547528639532715, 23.134449153327228 ], [ 72.547403839532734, 23.134564755835843 ], [ 72.547310569925173, 23.134653777263637 ], [ 72.54725006992517, 23.134713278515356 ], [ 72.547108536325823, 23.134859254927473 ], [ 72.54705113632582, 23.134921356166277 ], [ 72.546891480895752, 23.135104377921387 ], [ 72.546821880895777, 23.135188979493581 ], [ 72.546662804535316, 23.1353951666668 ], [ 72.546599004535295, 23.135483468171991 ], [ 72.5464486004403, 23.135706719675369 ], [ 72.546391000440295, 23.13579862108892 ], [ 72.546259596981045, 23.13602414628426 ], [ 72.54620829698105, 23.136119147585731 ], [ 72.54609047601312, 23.136355772609722 ], [ 72.546045508906829, 23.136454158316383 ], [ 72.545939608906835, 23.136685961081948 ], [ 72.545791184514826, 23.13706051392672 ], [ 72.545682718348516, 23.137446479016084 ], [ 72.545615220828907, 23.137840260793631 ], [ 72.545589320731906, 23.138238190916525 ], [ 72.545605259330941, 23.138636562429998 ], [ 72.545662888149323, 23.13903166430044 ], [ 72.545761670343467, 23.139419815985196 ] ] ] } },
{ "type": "Feature", "properties": { "version": 3, "visible": null, "lon": null, "timestamp": 1715936575, "tags": { "visible": false, "intermittent": "yes" }, "changeset": null, "lat": null, "id": 1283855603, "natural": "water", "water": "basin", "wetland": null, "osm_type": "way", "grassland": null, "reef": null, "Risk": "Low" }, "geometry": { "type": "Polygon", "coordinates": [ [ [ 72.647342275471516, 23.020919485117037 ], [ 72.647336175471509, 23.020951085286502 ], [ 72.647277083176235, 23.021396315921134 ], [ 72.64727075082989, 23.02184481662162 ], [ 72.647317252983498, 23.022291307160046 ], [ 72.647322452983488, 23.022323007014968 ], [ 72.647421777759746, 23.022764094022317 ], [ 72.647572659802904, 23.023192614368199 ], [ 72.647773307495044, 23.02360347981897 ], [ 72.647789307495046, 23.023631979417875 ], [ 72.647982051474187, 23.023941727108106 ], [ 72.648203111013117, 23.024235016257396 ], [ 72.648450837874876, 23.024509660193512 ], [ 72.648723384988912, 23.024763611270018 ], [ 72.648746084988886, 23.024783010834167 ], [ 72.649043215256327, 23.025015662460635 ], [ 72.649361160082449, 23.025223707397327 ], [ 72.649697520975678, 23.025405576325607 ], [ 72.649731520975692, 23.025422175875999 ], [ 72.650112375619685, 23.02558755071281 ], [ 72.650508385057705, 23.025719371731846 ], [ 72.650916068224447, 23.025816480278792 ], [ 72.651331841438321, 23.025878022810328 ], [ 72.651366441438327, 23.025881622700652 ], [ 72.651859622823636, 23.025907774015824 ], [ 72.652352941831467, 23.025883922432012 ], [ 72.6528404310925, 23.025810356440438 ], [ 72.652875331092503, 23.025803256652985 ], [ 72.653357690292225, 23.025678797703819 ], [ 72.65382198989694, 23.025505677106697 ], [ 72.65426245423582, 23.025286048218646 ], [ 72.654292954235814, 23.025268748670193 ], [ 72.654706043365408, 23.025003946178412 ], [ 72.655084340371857, 23.024698262637454 ], [ 72.655423093106847, 23.024355537764968 ], [ 72.655445593106847, 23.02433003825783 ], [ 72.655739043182123, 23.02395673398723 ], [ 72.655985530269731, 23.023555691480933 ], [ 72.656181992112678, 23.02313189290637 ], [ 72.656194192112679, 23.023100893230033 ], [ 72.656337824659659, 23.022660992768618 ], [ 72.656427542234979, 23.022209140520072 ], [ 72.656462237115861, 23.021750915311223 ], [ 72.656462737115845, 23.021718015325323 ], [ 72.656441267458433, 23.021252395453995 ], [ 72.656362989965785, 23.020791957046786 ], [ 72.656228899516165, 23.020342552189824 ], [ 72.656217499516174, 23.020311351884953 ], [ 72.656031417932553, 23.019882868547434 ], [ 72.655794609356846, 23.019476140690138 ], [ 72.655510024401607, 23.019096236322756 ], [ 72.655488124401586, 23.019070235834405 ], [ 72.655162388111179, 23.018724807588384 ], [ 72.654797184124845, 23.018414612330652 ], [ 72.654396983089612, 23.018143447573706 ], [ 72.65436708308961, 23.018125447111917 ], [ 72.653930555954872, 23.017893736752665 ], [ 72.653468575652312, 23.01770848916431 ], [ 72.6529869571945, 23.017572036280317 ], [ 72.652952257194485, 23.017564136045227 ], [ 72.652467534228222, 23.017479469530851 ], [ 72.651975646177021, 23.017444244925493 ], [ 72.651482528063639, 23.017458887280945 ], [ 72.651447728063673, 23.017461687366449 ], [ 72.650959416858186, 23.017526003984781 ], [ 72.650481713505428, 23.017639217188851 ], [ 72.650020379806278, 23.017799961340934 ], [ 72.649988479806282, 23.017812961705339 ], [ 72.649554881614705, 23.018016198064654 ], [ 72.649147714568869, 23.018261411230061 ], [ 72.648771757232581, 23.018545723128621 ], [ 72.64874615723258, 23.018567323616715 ], [ 72.648405226720541, 23.018888021407534 ], [ 72.648104066272808, 23.019240835582963 ], [ 72.647846223447331, 23.019621609888514 ], [ 72.647829423447334, 23.019649710303813 ], [ 72.647617105584203, 23.020055795349055 ], [ 72.64745407710808, 23.020480737026276 ], [ 72.647342275471516, 23.020919485117037 ] ] ] } },
{ "type": "Feature", "properties": { "version": 1, "visible": null, "lon": null, "timestamp": 1715936888, "tags": { "visible": false }, "changeset": null, "lat": null, "id": 1283879716, "natural": "water", "water": "pond", "wetland": null, "osm_type": "way", "grassland": null, "reef": null, "Risk": "Low" }, "geometry": { "type": "Polygon", "coordinates": [ [ [ 72.519355139859101, 23.032662991744104 ], [ 72.519373639859097, 23.032649192072892 ], [ 72.519665878216898, 23.032411115210085 ], [ 72.519934554935176, 23.032150589179775 ], [ 72.520177641330022, 23.031869580998723 ], [ 72.52039330194107, 23.031570212340249 ], [ 72.520405601941064, 23.031551412637665 ], [ 72.520592144105834, 23.031236064675173 ], [ 72.520748246399961, 23.030907007795054 ], [ 72.520872731032071, 23.030566724639566 ], [ 72.520964658765863, 23.030217782569153 ], [ 72.520969258765859, 23.030196282696533 ], [ 72.521038168432284, 23.029743102530354 ], [ 72.521052227054724, 23.029285687979442 ], [ 72.521011262347088, 23.028829644570685 ], [ 72.521008262347067, 23.028809744486821 ], [ 72.520916340923961, 23.028373671574837 ], [ 72.520774105538507, 23.027949192743204 ], [ 72.520583198687518, 23.027541209894007 ], [ 72.52057349868754, 23.027523209648749 ], [ 72.520340356958698, 23.027142550559596 ], [ 72.520064856049316, 23.026786666950557 ], [ 72.519750074498262, 23.026459535794793 ], [ 72.519734774498261, 23.026445235487124 ], [ 72.519391734572494, 23.026156194956993 ], [ 72.51901805669327, 23.025901350611989 ], [ 72.518617747505473, 23.025683435142287 ], [ 72.518598447505468, 23.025674134889627 ], [ 72.518152319576657, 23.025486955662185 ], [ 72.517686681496443, 23.025345644131594 ], [ 72.517207081765889, 23.025251884299532 ], [ 72.517185481765907, 23.025248784205605 ], [ 72.516723855372774, 23.025204862478734 ], [ 72.516259768682687, 23.025205013684563 ], [ 72.515798176195332, 23.02524923620869 ], [ 72.51577667619533, 23.025252336302611 ], [ 72.515301236792084, 23.02534539101126 ], [ 72.514839507321355, 23.025485183679219 ], [ 72.514396895213594, 23.025670077016958 ], [ 72.514377495213594, 23.025679377269899 ], [ 72.513974036407816, 23.025898122484914 ], [ 72.513597515717905, 23.026154336880158 ], [ 72.513252025500876, 23.02644523548793 ], [ 72.513236725500875, 23.026459535795599 ], [ 72.512918115098827, 23.026791103546042 ], [ 72.512639853005808, 23.027152122251074 ], [ 72.512405129654866, 23.027538452406834 ], [ 72.512395529654867, 23.027556452650053 ], [ 72.512208555048232, 23.027959831202171 ], [ 72.512069067716325, 23.028379168467808 ], [ 72.511978637652675, 23.02880974448837 ], [ 72.511975637652668, 23.028829644572237 ], [ 72.51193534197435, 23.029264904395962 ], [ 72.511945182360833, 23.029701645872315 ], [ 72.512005048914645, 23.030134991478686 ], [ 72.512008948914655, 23.030154791370379 ], [ 72.512125325339682, 23.030602132685008 ], [ 72.512294988540575, 23.031034803165429 ], [ 72.512515837555682, 23.031447445162751 ], [ 72.512527537555684, 23.03146654487508 ], [ 72.512734037348139, 23.031771798711421 ], [ 72.512968582421962, 23.032059381127993 ], [ 72.513229397927248, 23.03232711605034 ], [ 72.513514510220347, 23.032572977598235 ], [ 72.513532610220338, 23.032587277265474 ], [ 72.513836782845758, 23.032807370205152 ], [ 72.514160410330391, 23.033002554025405 ], [ 72.514501090963009, 23.033171380335006 ], [ 72.51485629647722, 23.03331259633768 ], [ 72.514878496477237, 23.033320396114188 ], [ 72.515252467617827, 23.033434758159252 ], [ 72.515635891895471, 23.033518513715183 ], [ 72.516025817790066, 23.033571018106699 ], [ 72.516419243733424, 23.03359186720262 ], [ 72.516443143733426, 23.033592167193419 ], [ 72.516833919044288, 23.033581412885887 ], [ 72.51722219789076, 23.033539427297331 ], [ 72.517605038639189, 23.033466528485192 ], [ 72.517979540855379, 23.033363268687491 ], [ 72.518002040855379, 23.033356068896062 ], [ 72.518363553100599, 23.033223978884696 ], [ 72.51871129173837, 23.033063600418547 ], [ 72.51904264897334, 23.032876136124813 ], [ 72.519355139859101, 23.032662991744104 ] ] ] } },
{ "type": "Feature", "properties": { "version": 1, "visible": null, "lon": null, "timestamp": 1715937499, "tags": { "visible": false }, "changeset": null, "lat": null, "id": 1283881916, "natural": "water", "water": "reservoir", "wetland": null, "osm_type": "way", "grassland": null, "reef": null, "Risk": "Low" }, "geometry": { "type": "Polygon", "coordinates": [ [ [ 72.650471868621267, 22.984755743603575 ], [ 72.650459468621264, 22.984758143675478 ], [ 72.649985844674674, 22.9848749939014 ], [ 72.649528878714406, 22.98503867640645 ], [ 72.64909401670981, 22.985247240310542 ], [ 72.64908301670981, 22.985253240468566 ], [ 72.648660600624325, 22.985514504119781 ], [ 72.648272998262698, 22.985818079418429 ], [ 72.647925185246081, 22.986160069121173 ], [ 72.647916385246077, 22.986169769311541 ], [ 72.647681585247071, 22.986452478633787 ], [ 72.647474060591719, 22.986752726691194 ], [ 72.647295348481592, 22.987068289340979 ], [ 72.647146772694541, 22.987396829010638 ], [ 72.647142072694521, 22.987408629135 ], [ 72.647022655600367, 22.987754776491077 ], [ 72.646936693463246, 22.988109234345703 ], [ 72.646884849466957, 22.988469268060165 ], [ 72.646867523579402, 22.9888321 ], [ 72.646867523579402, 22.9888448 ], [ 72.646884849461159, 22.989207630870332 ], [ 72.646936693440153, 22.98956766159743 ], [ 72.647022655548724, 22.989922114637636 ], [ 72.647142072603515, 22.990268255499352 ], [ 72.647146772603506, 22.990280055374974 ], [ 72.647295348318039, 22.990608587138205 ], [ 72.647474060337871, 22.990924140695782 ], [ 72.647681584886698, 22.991224378741848 ], [ 72.647916384764684, 22.991507077427755 ], [ 72.647925184764688, 22.991516777237379 ], [ 72.648268651302601, 22.991854932231409 ], [ 72.64865102896789, 22.99215562136267 ], [ 72.649067524270848, 22.992415075451412 ], [ 72.64907842427084, 22.992421075293734 ], [ 72.649508715439453, 22.992629688089544 ], [ 72.649960984942012, 22.992794252906037 ], [ 72.650429930766606, 22.992912840693208 ], [ 72.650442430766617, 22.99291534061841 ], [ 72.650923389958919, 22.992986642638449 ], [ 72.651409908728226, 22.993009575462796 ], [ 72.651896263881355, 22.992983869344396 ], [ 72.651908863881346, 22.992982569383951 ], [ 72.652390433921994, 22.992908300033825 ], [ 72.652860400677312, 22.992786348168679 ], [ 72.653313210093572, 22.992618154885434 ], [ 72.653324810093579, 22.992613155024085 ], [ 72.653745784605746, 22.992405918005101 ], [ 72.654140488063945, 22.992158720548687 ], [ 72.654504461685718, 22.991874354919201 ], [ 72.654513661685712, 22.991866355097269 ], [ 72.654849268769283, 22.991541048573026 ], [ 72.655144614269815, 22.99118418381725 ], [ 72.655396221130701, 22.990799961910568 ], [ 72.6554022211307, 22.99078956205992 ], [ 72.655605690255754, 22.990385817162281 ], [ 72.655760839340473, 22.989964277159391 ], [ 72.655865870713782, 22.989529826179595 ], [ 72.655867970713786, 22.98951822623798 ], [ 72.655922273166112, 22.989065993952394 ], [ 72.655922273162687, 22.988611005607055 ], [ 72.65586797070354, 22.988158770284283 ], [ 72.655865870703536, 22.988147170225901 ], [ 72.65576202893817, 22.987716634724688 ], [ 72.655608967321214, 22.987298728351405 ], [ 72.65540842708586, 22.986898205359431 ], [ 72.655402527085869, 22.986887905212349 ], [ 72.655150352500542, 22.986500533581047 ], [ 72.654853793298557, 22.986140788616506 ], [ 72.65451638702045, 22.985812961814823 ], [ 72.654507087020434, 22.985804861634691 ], [ 72.654146372903213, 22.985522328266324 ], [ 72.653755348497796, 22.985276331321469 ], [ 72.653338361313629, 22.985069606063451 ], [ 72.65332686131363, 22.985064605925039 ], [ 72.652868710261203, 22.984893126050252 ], [ 72.652392857644656, 22.984769057140284 ], [ 72.651905072831369, 22.984693903572744 ], [ 72.651892372831369, 22.98469260353319 ], [ 72.651417332816152, 22.984667322534122 ], [ 72.650942053381215, 22.984688448263313 ], [ 72.650471868621267, 22.984755743603575 ] ] ] } },
{ "type": "Feature", "properties": { "version": 1, "visible": null, "lon": null, "timestamp": 1717329400, "tags": { "visible": false }, "changeset": null, "lat": null, "id": 1288891874, "natural": "water", "water": "lake", "wetland": null, "osm_type": "way", "grassland": null, "reef": null, "Risk": "Low" }, "geometry": { "type": "Polygon", "coordinates": [ [ [ 72.551562045249639, 23.145023483847442 ], [ 72.551588312661437, 23.145092016494488 ], [ 72.551744886444467, 23.145447061206955 ], [ 72.551936566729708, 23.145787236263011 ], [ 72.552253066729691, 23.146290328500793 ], [ 72.552489435607299, 23.14662719022143 ], [ 72.552760209907532, 23.146941392225866 ], [ 72.553062838366557, 23.147229974239103 ], [ 72.553394469587246, 23.14749021738487 ], [ 72.553751978905495, 23.147719669796633 ], [ 72.554131997831021, 23.147916169712897 ], [ 72.554550397831036, 23.148108564410371 ], [ 72.554931075879395, 23.148263767787512 ], [ 72.55532575009903, 23.148385887041737 ], [ 72.555731028089184, 23.148473872595265 ], [ 72.556017397577079, 23.148510742235263 ], [ 72.556091849093789, 23.148528649761708 ], [ 72.556557168173981, 23.148593758006601 ], [ 72.557027342353109, 23.148613735018465 ], [ 72.557497208596033, 23.148588361447658 ], [ 72.557563508596019, 23.148581561655902 ], [ 72.558136104976995, 23.148488001701889 ], [ 72.558200804976991, 23.148473402138819 ], [ 72.558749209961746, 23.148314822410395 ], [ 72.558811409961734, 23.148292723045618 ], [ 72.559332498594372, 23.148071430523213 ], [ 72.559391098594389, 23.148042231314296 ], [ 72.559877924851833, 23.14776118720544 ], [ 72.55993192485181, 23.147725388100262 ], [ 72.56037065460211, 23.147393837690178 ], [ 72.560417354602123, 23.147353738593274 ], [ 72.560797927714589, 23.146984033065152 ], [ 72.56083892771457, 23.146938933956434 ], [ 72.561165792741249, 23.146530911691023 ], [ 72.56120049274125, 23.1464815125169 ], [ 72.561471657444727, 23.14603764626203 ], [ 72.561499457444725, 23.14598474697123 ], [ 72.561687056371525, 23.145572117941672 ], [ 72.56182503236009, 23.145143254716618 ], [ 72.561911767459534, 23.144703186153215 ], [ 72.561946244586167, 23.144257072552602 ], [ 72.561951644586159, 23.143961072705572 ], [ 72.561935322289997, 23.143533287732282 ], [ 72.561870935965075, 23.143109352360543 ], [ 72.561818181109302, 23.142913203835132 ], [ 72.561808312252339, 23.142605704568446 ], [ 72.561744686487344, 23.142174601609753 ], [ 72.561632097434725, 23.141752043264781 ], [ 72.561471794357288, 23.14134271824862 ], [ 72.561343094357312, 23.141061514888012 ], [ 72.561168444868514, 23.140723599242019 ], [ 72.560961257341432, 23.14040160217251 ], [ 72.560723231917152, 23.140098166049508 ], [ 72.560456321786603, 23.139815780945732 ], [ 72.560162717163095, 23.139556764199103 ], [ 72.559844827309817, 23.139323241392546 ], [ 72.559778427309809, 23.139278840286241 ], [ 72.559403071854192, 23.139053290263952 ], [ 72.559332171854194, 23.139015189250529 ], [ 72.558928362643456, 23.138822713291312 ], [ 72.558853662643457, 23.138791412413831 ], [ 72.558437469912406, 23.138639571267692 ], [ 72.558359769912414, 23.138615270558926 ], [ 72.557915346337438, 23.138499350692065 ], [ 72.55783074633743, 23.138481550157508 ], [ 72.557357857401385, 23.138406237598478 ], [ 72.557271657401373, 23.138396837310893 ], [ 72.556798970266328, 23.138368420195842 ], [ 72.556712170266337, 23.138367420165029 ], [ 72.556239819904661, 23.138384855875699 ], [ 72.556153319904666, 23.138392256102698 ], [ 72.555675033819824, 23.138457205013385 ], [ 72.555589933819817, 23.138473105493425 ], [ 72.555159581164631, 23.138575906573827 ], [ 72.55510943413384, 23.138582253353441 ], [ 72.554779097411924, 23.138647641273565 ], [ 72.554716397411923, 23.138662341712401 ], [ 72.554090426024658, 23.138855142521173 ], [ 72.554030726024635, 23.138878143174718 ], [ 72.553723758295277, 23.139009118442615 ], [ 72.553428385345512, 23.139160973682781 ], [ 72.553373085345513, 23.139191974498253 ], [ 72.553096910012201, 23.139359940543841 ], [ 72.552834941588415, 23.139546158795731 ], [ 72.552785241588424, 23.139584259697312 ], [ 72.552533987058752, 23.139792097155652 ], [ 72.552300438027885, 23.140016717651779 ], [ 72.552257438027866, 23.140061318563323 ], [ 72.552046761670326, 23.140296806875298 ], [ 72.551855553906236, 23.140545946037971 ], [ 72.551820253906243, 23.140595746875761 ], [ 72.551509600420232, 23.14111095149331 ], [ 72.551485300420225, 23.141159052117661 ], [ 72.55127474833273, 23.14165818857564 ], [ 72.551257448332734, 23.14170868904311 ], [ 72.551115392019128, 23.142247000665638 ], [ 72.551105592019113, 23.142299200939224 ], [ 72.551043695345783, 23.142837122520955 ], [ 72.551041395345791, 23.142890122586074 ], [ 72.551057628970625, 23.14344222747081 ], [ 72.551063028970631, 23.143494927318489 ], [ 72.551132641455155, 23.143927505899928 ], [ 72.55125160320901, 23.144350890677007 ], [ 72.551418580641993, 23.144760335512434 ], [ 72.551562045249639, 23.145023483847442 ] ] ] } },
{ "type": "Feature", "properties": { "version": 1, "visible": null, "lon": null, "timestamp": 1717738909, "tags": { "visible": false }, "changeset": null, "lat": null, "id": 1290153167, "natural": "water", "water": "lake", "wetland": null, "osm_type": "way", "grassland": null, "reef": null, "Risk": "Low" }, "geometry": { "type": "Polygon", "coordinates": [ [ [ 72.637958157029601, 22.955665895225028 ], [ 72.637969948885768, 22.955686468865061 ], [ 72.638067268640185, 22.95582431969159 ], [ 72.638126778756032, 22.955972763139478 ], [ 72.638327355871283, 22.956350046245831 ], [ 72.638568459753714, 22.956706648121358 ], [ 72.638893059753727, 22.957136440618658 ], [ 72.639115986877059, 22.957407168751633 ], [ 72.639362294174376, 22.957660134617143 ], [ 72.639630319495524, 22.957893631235297 ], [ 72.639901219495528, 22.958110926225551 ], [ 72.640299931579165, 22.95839609268392 ], [ 72.64073088049355, 22.958638256491913 ], [ 72.640921280493544, 22.958732153961005 ], [ 72.641280663651557, 22.958890912317781 ], [ 72.641653917534086, 22.959019707484661 ], [ 72.642038102557322, 22.959117525214246 ], [ 72.642430193048668, 22.959183595204905 ], [ 72.642827101075497, 22.959217397165165 ], [ 72.643106101075503, 22.959229696789507 ], [ 72.64352483468393, 22.959230163597393 ], [ 72.643941795859533, 22.959194722790699 ], [ 72.644353360718171, 22.959123682363799 ], [ 72.644755952275972, 22.9590176596863 ], [ 72.645146071537724, 22.958877576139308 ], [ 72.645520327907121, 22.958704649110356 ], [ 72.64587546865512, 22.958500381416446 ], [ 72.646208407189917, 22.958266548247071 ], [ 72.646441707189922, 22.958086252469702 ], [ 72.64678237443988, 22.957793968204175 ], [ 72.647088348266067, 22.957470778551418 ], [ 72.647356340345652, 22.95712015664563 ], [ 72.647583470548412, 22.956745870447804 ], [ 72.647767297889672, 22.956351942259644 ], [ 72.647905846763706, 22.955942605503296 ], [ 72.647997628175787, 22.955522259230971 ], [ 72.64804592817579, 22.955220960576177 ], [ 72.648087224793045, 22.95484535848648 ], [ 72.648091154966878, 22.954467852681741 ], [ 72.648057685951315, 22.954091588513712 ], [ 72.647987096608077, 22.953719701015061 ], [ 72.647879975083114, 22.953355288777658 ], [ 72.64779147508311, 22.953100886404997 ], [ 72.647646906894948, 22.952748148661083 ], [ 72.647636847947481, 22.952532549976308 ], [ 72.647569522758957, 22.952110969761993 ], [ 72.647502422758961, 22.951802267909841 ], [ 72.64739619107786, 22.951412841589125 ], [ 72.647249452504127, 22.951034734680295 ], [ 72.647063589991689, 22.950671510803264 ], [ 72.646840355222338, 22.950326593334932 ], [ 72.646623155222358, 22.950025288241051 ], [ 72.64636229271801, 22.94969926006355 ], [ 72.646068056448627, 22.949398285407014 ], [ 72.645743267139949, 22.949125249771708 ], [ 72.645542067139942, 22.948972046162631 ], [ 72.645212868153507, 22.948743953573988 ], [ 72.644862358497562, 22.948544595956665 ], [ 72.644493487005334, 22.948375650634048 ], [ 72.644270137561662, 22.948295928179345 ], [ 72.644190806178685, 22.948255844507287 ], [ 72.643801401600484, 22.948101107135948 ], [ 72.643397883999725, 22.947980880900669 ], [ 72.642983851106663, 22.947896237821972 ], [ 72.642562994405068, 22.947847932637981 ], [ 72.642214294405051, 22.947823231885184 ], [ 72.641725803126164, 22.947813174554661 ], [ 72.64123901591222, 22.947852039010176 ], [ 72.640898315912239, 22.947896540356965 ], [ 72.640515420881826, 22.947962259650701 ], [ 72.64014014829003, 22.948058278282321 ], [ 72.639775320028207, 22.948183874168713 ], [ 72.639423679450658, 22.948338102801049 ], [ 72.638943579450654, 22.9485727091357 ], [ 72.63857889457735, 22.948771773136251 ], [ 72.638236215065973, 22.949001611547981 ], [ 72.637918593736302, 22.949260176664446 ], [ 72.637628860172967, 22.949545164855916 ], [ 72.637369595517583, 22.949854037097257 ], [ 72.637143109474238, 22.950184041592934 ], [ 72.636951419733066, 22.950532238297285 ], [ 72.636796233995298, 22.950895525111569 ], [ 72.636678934760013, 22.951270665524067 ], [ 72.636600567007733, 22.951654317446987 ], [ 72.636561828891132, 22.952043062993006 ], [ 72.636551128891156, 22.952265363293918 ], [ 72.636551455354308, 22.952638297557595 ], [ 72.636588261455444, 22.953009687677149 ], [ 72.63666124794787, 22.953376514144281 ], [ 72.63676982142556, 22.953735794578844 ], [ 72.636871721425535, 22.954022291852741 ], [ 72.637035021401459, 22.954413262530082 ], [ 72.637240431689676, 22.954787016865183 ], [ 72.637485845221931, 22.955139721099624 ], [ 72.637768744582658, 22.955467757423921 ], [ 72.637958157029601, 22.955665895225028 ] ] ] } },
{ "type": "Feature", "properties": { "version": 1, "visible": null, "lon": null, "timestamp": 1722062899, "tags": { "visible": false, "name": "Ognaj Lake" }, "changeset": null, "lat": null, "id": 1304027700, "natural": "water", "water": "lake", "wetland": null, "osm_type": "way", "grassland": null, "reef": null, "Risk": "Low" }, "geometry": { "type": "Polygon", "coordinates": [ [ [ 72.510205811552495, 23.118705080340455 ], [ 72.510186745470222, 23.118752388992373 ], [ 72.510080230584308, 23.119114703128741 ], [ 72.510009912197972, 23.119484412135421 ], [ 72.509976370806399, 23.11985846392734 ], [ 72.509974170806416, 23.119913363989578 ], [ 72.509979758026603, 23.120321512447383 ], [ 72.509983458026625, 23.120376312342838 ], [ 72.510034239761112, 23.120789973528009 ], [ 72.510043939761104, 23.120844273257038 ], [ 72.510140565262418, 23.12125395960711 ], [ 72.510156165262416, 23.121306959180814 ], [ 72.510290501590177, 23.121688756853167 ], [ 72.510311801590191, 23.121740556289147 ], [ 72.510498257010809, 23.122131605427285 ], [ 72.510525257010812, 23.122181104744055 ], [ 72.510743415448317, 23.122536158391519 ], [ 72.51077551544833, 23.122582857623357 ], [ 72.511024339678713, 23.122908904228552 ], [ 72.511306155004661, 23.123211392785734 ], [ 72.511618340787933, 23.123487510581839 ], [ 72.511957993971393, 23.123734690130895 ], [ 72.512321956074842, 23.123950633043137 ], [ 72.512423956074841, 23.124004931596456 ], [ 72.512847458580097, 23.124203639975288 ], [ 72.513291427444926, 23.124360066345375 ], [ 72.513750888279532, 23.124472458198749 ], [ 72.514220693116428, 23.12453955636775 ], [ 72.514695578090112, 23.124560609128171 ], [ 72.514765941760885, 23.124556869126891 ], [ 72.514976778642463, 23.124570426387947 ], [ 72.515446508555485, 23.124555350222 ], [ 72.515483808555473, 23.124552350313994 ], [ 72.515927824754215, 23.12449599334763 ], [ 72.516363522356997, 23.124399218378187 ], [ 72.516396322357011, 23.124390318640973 ], [ 72.51679377852912, 23.124263586885032 ], [ 72.517176599415791, 23.124103214592839 ], [ 72.517207099415799, 23.124088814987207 ], [ 72.517582991388139, 23.12388969474166 ], [ 72.517936243920389, 23.123658155294343 ], [ 72.517963143920383, 23.123638655765781 ], [ 72.518284910466036, 23.123381741130384 ], [ 72.518578756140101, 23.123097940136802 ], [ 72.518601156140107, 23.123074140616289 ], [ 72.518707162625816, 23.122957224940901 ], [ 72.518754206528058, 23.122903351659115 ], [ 72.518809529392371, 23.122851809064585 ], [ 72.518850229392399, 23.122808309937994 ], [ 72.519219287285807, 23.122354226424857 ], [ 72.519253187285798, 23.122305927231189 ], [ 72.519389355718999, 23.122079206465234 ], [ 72.519459319654146, 23.12199335017797 ], [ 72.519697566625425, 23.121627745500348 ], [ 72.519710966625411, 23.121604545835371 ], [ 72.519870266349429, 23.121299143272257 ], [ 72.520001823141868, 23.120982763533025 ], [ 72.520010923141882, 23.12095786377721 ], [ 72.520118488693385, 23.120615214368883 ], [ 72.520193516110439, 23.120265308092307 ], [ 72.520197816110439, 23.120239408212637 ], [ 72.520243702325956, 23.119821634228728 ], [ 72.520243235724266, 23.119401733135369 ], [ 72.520196421126684, 23.118984043673198 ], [ 72.520103742257504, 23.118572881770817 ], [ 72.520095542257508, 23.11854398154621 ], [ 72.519929565199519, 23.118075423425761 ], [ 72.519704099808024, 23.117628375770405 ], [ 72.519688699808015, 23.117602075386582 ], [ 72.51964961088693, 23.117541444948092 ], [ 72.519542668329592, 23.117330290998471 ], [ 72.519329652060662, 23.116995765759171 ], [ 72.519312252060658, 23.116971165346293 ], [ 72.518987450779861, 23.116567866027143 ], [ 72.518611869068806, 23.116203767903333 ], [ 72.518588569068811, 23.116183767453315 ], [ 72.518171693482117, 23.115866888481193 ], [ 72.517716429164125, 23.115598387848443 ], [ 72.517688629164098, 23.115584087464306 ], [ 72.517194139149382, 23.115365057795533 ], [ 72.516674294563998, 23.115203132503186 ], [ 72.516643494564022, 23.115195432274486 ], [ 72.516135405565663, 23.11509701080055 ], [ 72.515618361364446, 23.115053177364526 ], [ 72.51558966136443, 23.11505227733684 ], [ 72.515103879258135, 23.115061227702846 ], [ 72.514621990646404, 23.115118385987056 ], [ 72.514593690646421, 23.115123186132347 ], [ 72.514111657860923, 23.115230555974271 ], [ 72.513645435007874, 23.11538615016871 ], [ 72.513618935007884, 23.115396550463117 ], [ 72.513425131506708, 23.115484197348536 ], [ 72.513175964704587, 23.115565753894437 ], [ 72.512760549867863, 23.115747676801504 ], [ 72.512367550427868, 23.115967730943535 ], [ 72.512001090270005, 23.116223607031507 ], [ 72.511864290269997, 23.116329709527975 ], [ 72.511543252912801, 23.116604462256092 ], [ 72.511480913287102, 23.116669348310683 ], [ 72.511223667773749, 23.116910752275381 ], [ 72.510945850423951, 23.117228996456227 ], [ 72.510703533847192, 23.11757089944863 ], [ 72.510499083264421, 23.117933123813927 ], [ 72.510334494291456, 23.118312133776936 ], [ 72.510302294291463, 23.118398434639122 ], [ 72.510205811552495, 23.118705080340455 ] ] ] } },
{ "type": "Feature", "properties": { "version": 1, "visible": null, "lon": null, "timestamp": 1730812765, "tags": { "visible": false, "area": "yes" }, "changeset": null, "lat": null, "id": 1330894779, "natural": "water", "water": null, "wetland": null, "osm_type": "way", "grassland": null, "reef": null, "Risk": "Low" }, "geometry": { "type": "Polygon", "coordinates": [ [ [ 72.620068623920545, 23.125498941295337 ], [ 72.620075623920556, 23.12586344109716 ], [ 72.620106837901631, 23.126282034156919 ], [ 72.62018406562926, 23.126695554401586 ], [ 72.620306510285857, 23.127099735292742 ], [ 72.620472908516192, 23.12749040668972 ], [ 72.620681543462425, 23.127863537871889 ], [ 72.62093026247814, 23.128215279121182 ], [ 72.621216499338914, 23.128542001435832 ], [ 72.621537300720036, 23.128840333966149 ], [ 72.621889356668177, 23.129107198786109 ], [ 72.622269034752691, 23.129339842642505 ], [ 72.622672417544265, 23.129535865354288 ], [ 72.623095343033924, 23.129693244569562 ], [ 72.623533447575795, 23.129810356624919 ], [ 72.623982210910043, 23.129885993292358 ], [ 72.624414010910044, 23.129938091701778 ], [ 72.624854143513332, 23.129971061777237 ], [ 72.625295669516717, 23.129964127223943 ], [ 72.625734321180431, 23.129917355064329 ], [ 72.626165858547708, 23.129831197351429 ], [ 72.626586110427837, 23.129706486800973 ], [ 72.626991014714264, 23.129544428745348 ], [ 72.627376657648526, 23.129346589487053 ], [ 72.627739311650245, 23.129114881164114 ], [ 72.62807547134733, 23.128851543273456 ], [ 72.628381887458687, 23.128559121030783 ], [ 72.628655598201306, 23.128240440775606 ], [ 72.628893957918464, 23.127898582659189 ], [ 72.629141757918475, 23.127501488744883 ], [ 72.629342064669586, 23.127140569459627 ], [ 72.629502953837886, 23.126763336732935 ], [ 72.629622877103827, 23.126373420748223 ], [ 72.629700680383905, 23.125974573774418 ], [ 72.629735614937005, 23.125570634059574 ], [ 72.629727344569844, 23.125165488895799 ], [ 72.629675948872475, 23.124763037210933 ], [ 72.629581922452203, 23.124367152046883 ], [ 72.629446170173836, 23.123981643285763 ], [ 72.629269998451633, 23.123610220982542 ], [ 72.629055102677029, 23.123256459657242 ], [ 72.628803550903029, 23.122923763890416 ], [ 72.628517763942227, 23.122615335553302 ], [ 72.628200492070107, 23.122334142988048 ], [ 72.627854788557698, 23.122082892435056 ], [ 72.627483980288403, 23.121864001982559 ], [ 72.62709163574165, 23.121679578289388 ], [ 72.626681530651553, 23.121531396305265 ], [ 72.626257611671193, 23.121420882183973 ], [ 72.625823958391749, 23.121349099554045 ], [ 72.625384744082652, 23.12131673927929 ], [ 72.624698144082643, 23.121297238679247 ], [ 72.624243842996805, 23.121305483770243 ], [ 72.623792772446237, 23.121355900187218 ], [ 72.623349548832024, 23.121447971905262 ], [ 72.622918708247155, 23.121580756548326 ], [ 72.622504660052755, 23.121752895037229 ], [ 72.622111641751175, 23.121962625503766 ], [ 72.62174367561812, 23.122207801328234 ], [ 72.621404527537294, 23.122485913115622 ], [ 72.621097668459257, 23.122794114385179 ], [ 72.620826238878507, 23.123129250710186 ], [ 72.620593016692609, 23.123487892009372 ], [ 72.620400388772453, 23.123866367659158 ], [ 72.620250326534105, 23.124260804067074 ], [ 72.620144365762798, 23.124667164321508 ], [ 72.620083590895092, 23.125081289511765 ], [ 72.620068623920545, 23.125498941295337 ] ] ] } },
{ "type": "Feature", "properties": { "version": 1, "visible": null, "lon": null, "timestamp": 1736428583, "tags": { "visible": false, "intermittent": "yes", "name": "Ratanpura lake" }, "changeset": null, "lat": null, "id": 1349775590, "natural": "water", "water": "lake", "wetland": null, "osm_type": "way", "grassland": null, "reef": null, "Risk": "Low" }, "geometry": { "type": "Polygon", "coordinates": [ [ [ 72.652582606715299, 22.99441989481436 ], [ 72.65261283872124, 22.99465348016918 ], [ 72.652711472638515, 22.99506049551033 ], [ 72.652854142847048, 22.995456293480075 ], [ 72.653039398024973, 22.99583684791412 ], [ 72.653265353652088, 22.996198287742832 ], [ 72.653529711180312, 22.996536936364066 ], [ 72.653829781415737, 22.996849349036832 ], [ 72.654162511874617, 22.997132347915684 ], [ 72.654524517835043, 22.997383054369738 ], [ 72.654912116768173, 22.997598918257886 ], [ 72.655321365798969, 22.997777743862699 ], [ 72.655748101815433, 22.997917712219536 ], [ 72.656187983818057, 22.998017399613968 ], [ 72.656216083818052, 22.998022399463618 ], [ 72.656607939746223, 22.998075746207459 ], [ 72.657003377780313, 22.99809710488514 ], [ 72.657093277780305, 22.998098304848394 ], [ 72.657501696898137, 22.998086645196082 ], [ 72.657907274815159, 22.998040866963404 ], [ 72.65817246468869, 22.997988066731232 ], [ 72.658201381640879, 22.997987419803824 ], [ 72.658644473546033, 22.997936686298111 ], [ 72.659079903968646, 22.997845706856538 ], [ 72.659503369856438, 22.997715380484671 ], [ 72.659910686394213, 22.997546994994551 ], [ 72.660297828359461, 22.997342214282561 ], [ 72.660660969900718, 22.997103061891806 ], [ 72.66099652234584, 22.996831901021149 ], [ 72.661301169666302, 22.996531411178363 ], [ 72.661571901247143, 22.996204561707671 ], [ 72.661806041638769, 22.995854582453127 ], [ 72.662001276996577, 22.9954849318474 ], [ 72.66215567794697, 22.995099262741071 ], [ 72.662267718654107, 22.994701386309828 ], [ 72.662336291898569, 22.994295234396066 ], [ 72.662360720019237, 22.993884820656803 ], [ 72.662340761610224, 22.993474200901755 ], [ 72.662276613906442, 22.993067433013437 ], [ 72.662247113906446, 22.992929132197442 ], [ 72.66220841122805, 22.992783367718058 ], [ 72.662207714480886, 22.992775132733534 ], [ 72.662148607216295, 22.99235544375091 ], [ 72.662043207352752, 22.991943513692767 ], [ 72.661892619062229, 22.991543658040712 ], [ 72.661698419912028, 22.991160065819482 ], [ 72.661650119912025, 22.991076164616494 ], [ 72.661431885714961, 22.990737171945732 ], [ 72.6611795883517, 22.990418842122622 ], [ 72.660895519271307, 22.990124066481027 ], [ 72.66058225848424, 22.989855522434478 ], [ 72.660242651129749, 22.989615649153137 ], [ 72.659879781635482, 22.989406625404516 ], [ 72.659726881635493, 22.9893276232951 ], [ 72.659324582613351, 22.989143480111377 ], [ 72.658904312626461, 22.988997256846893 ], [ 72.658470276747053, 22.98889041668485 ], [ 72.658026817783963, 22.988824028724363 ], [ 72.657578372830145, 22.98879875727976 ], [ 72.657129428866455, 22.988814855231194 ], [ 72.656684477866833, 22.988872161493568 ], [ 72.656432377866835, 22.988916562828855 ], [ 72.655923761927383, 22.989034857042135 ], [ 72.655567061927385, 22.989138560069989 ], [ 72.655133983721001, 22.989287435151372 ], [ 72.654719821949456, 22.989476500779823 ], [ 72.654328963907787, 22.989703753982884 ], [ 72.653965550030165, 22.989966787237762 ], [ 72.653633430029444, 22.99026281398255 ], [ 72.653336122116457, 22.990588698143249 ], [ 72.653076775730895, 22.990940987363526 ], [ 72.652858138178786, 22.991315949584756 ], [ 72.652812538178779, 22.991404850747077 ], [ 72.652654740149117, 22.99175274463574 ], [ 72.652532019963076, 22.992112422571303 ], [ 72.65244539786066, 22.992480894272578 ], [ 72.652395593978696, 22.992855096373699 ], [ 72.652383022364091, 22.993231917893521 ], [ 72.65240778753153, 22.993608226100058 ], [ 72.652469683594646, 22.993980892554895 ], [ 72.652496483594646, 22.994104291814072 ], [ 72.652582606715299, 22.99441989481436 ] ] ] } },
{ "type": "Feature", "properties": { "version": 1, "visible": null, "lon": null, "timestamp": 1742197500, "tags": { "visible": false, "intermittent": "yes", "name": "Tragad Lake" }, "changeset": null, "lat": null, "id": 1368330303, "natural": "water", "water": "lake", "wetland": null, "osm_type": "way", "grassland": null, "reef": null, "Risk": "Low" }, "geometry": { "type": "Polygon", "coordinates": [ [ [ 72.548649891768733, 23.129668625013274 ], [ 72.548652470486559, 23.129762366331875 ], [ 72.548702200575477, 23.130145611691564 ], [ 72.548790612473979, 23.130522914173547 ], [ 72.548801012474001, 23.130559013888853 ], [ 72.548952256640987, 23.130987908022 ], [ 72.549153434251892, 23.131399085704434 ], [ 72.549402148125736, 23.131787647632638 ], [ 72.549416748125751, 23.131807847288307 ], [ 72.549623141475351, 23.132070442732097 ], [ 72.549851282275441, 23.132317352745623 ], [ 72.54987858227544, 23.132344652176538 ], [ 72.550350038391485, 23.132752706356204 ], [ 72.550377838391483, 23.132773505859344 ], [ 72.550903110182006, 23.133112192050028 ], [ 72.550934310182001, 23.133129391595727 ], [ 72.551500761140133, 23.133393514831923 ], [ 72.551533561140133, 23.133406214471471 ], [ 72.551846379632238, 23.133514911899574 ], [ 72.552167125363169, 23.133601905666318 ], [ 72.552232825363177, 23.133617305206752 ], [ 72.552598326280545, 23.133688234380291 ], [ 72.552968972380668, 23.133730989060666 ], [ 72.5533422, 23.133745273551813 ], [ 72.553429099999988, 23.133745273551813 ], [ 72.553765423430661, 23.133733678041128 ], [ 72.553804523430657, 23.133730978124046 ], [ 72.554208298714258, 23.133686115918984 ], [ 72.554606005719165, 23.133607850182013 ], [ 72.554994383533128, 23.133496822578294 ], [ 72.555370247736633, 23.133353943374541 ], [ 72.555403047736618, 23.133339843767907 ], [ 72.555828736297201, 23.133130522713603 ], [ 72.556227538295289, 23.132880399329007 ], [ 72.556594847360728, 23.132592362449699 ], [ 72.556615447360727, 23.132574362851543 ], [ 72.556885524504551, 23.132317019517011 ], [ 72.557130381086566, 23.132039155429318 ], [ 72.557328937714018, 23.131769033308142 ], [ 72.557582018666295, 23.131501247911807 ], [ 72.557837796704021, 23.131169691209827 ], [ 72.55805689490235, 23.130816617841351 ], [ 72.558085294902355, 23.130765118558635 ], [ 72.558128111268161, 23.130685359760214 ], [ 72.55815501126817, 23.130633860446878 ], [ 72.558386254002485, 23.130098329761996 ], [ 72.558392554002495, 23.13008012993199 ], [ 72.558522097246623, 23.129613243721739 ], [ 72.558526397246624, 23.129592843841287 ], [ 72.558596928805926, 23.129102799580647 ], [ 72.558598428805908, 23.129083599623012 ], [ 72.55860082085961, 23.128523999462939 ], [ 72.558598720859621, 23.128493799403596 ], [ 72.558561586227015, 23.128165908493159 ], [ 72.558496136196283, 23.12784178445656 ], [ 72.558480736196273, 23.127779484031322 ], [ 72.558301405381712, 23.127232335252174 ], [ 72.558296505381719, 23.12722043512241 ], [ 72.558025515893576, 23.12668246416137 ], [ 72.558019615893571, 23.126672664015217 ], [ 72.557824465525584, 23.126378225290235 ], [ 72.557603291019944, 23.126099780759581 ], [ 72.55759099101995, 23.126085580487157 ], [ 72.557145821758454, 23.125642360910518 ], [ 72.557087221758465, 23.1255919597771 ], [ 72.556698308482424, 23.125293431177884 ], [ 72.556678408482441, 23.125279830841777 ], [ 72.556399005247329, 23.125103522207411 ], [ 72.556105944298977, 23.124947086204436 ], [ 72.556084444298961, 23.124936585918906 ], [ 72.555760389943885, 23.124793308385257 ], [ 72.555424912149761, 23.124674327584984 ], [ 72.555398712149767, 23.124666127345961 ], [ 72.555057052199345, 23.124572926660065 ], [ 72.554708433151433, 23.124504929793947 ], [ 72.554685533151428, 23.124501329684691 ], [ 72.554196692891708, 23.124449626350149 ], [ 72.55386061909482, 23.12444811264648 ], [ 72.553715091145563, 23.124443294117622 ], [ 72.553279772702609, 23.124467805880908 ], [ 72.552849091442198, 23.124531029606416 ], [ 72.552427108032859, 23.124632369136553 ], [ 72.552017801135634, 23.124770868908826 ], [ 72.551625029891341, 23.124945222968563 ], [ 72.551370767204929, 23.125087573386914 ], [ 72.551258857358718, 23.125134003966497 ], [ 72.550897938896, 23.125322390191897 ], [ 72.55055746748657, 23.125540606781264 ], [ 72.55024034967272, 23.125786790718784 ], [ 72.549973110581917, 23.126036577734908 ], [ 72.549970867097898, 23.12603847022207 ], [ 72.549969105339542, 23.126040321411008 ], [ 72.549949292631354, 23.126058840229341 ], [ 72.549918735414494, 23.126093248209472 ], [ 72.549646885908118, 23.126378896954542 ], [ 72.549587385908097, 23.126448798281235 ], [ 72.549295975426475, 23.12683446261299 ], [ 72.549260875426441, 23.126887063460124 ], [ 72.54904678647452, 23.127246821057923 ], [ 72.548872544696067, 23.127624327984222 ], [ 72.548739867682343, 23.128015862824441 ], [ 72.548650063299263, 23.128417565911722 ], [ 72.548604016795025, 23.128825477377763 ], [ 72.548602182073807, 23.129235576190251 ], [ 72.548644577221438, 23.129643819791713 ], [ 72.548649891768733, 23.129668625013274 ] ] ] } },
{ "type": "Feature", "properties": { "version": 1, "visible": null, "lon": null, "timestamp": 1744061225, "tags": { "visible": false }, "changeset": null, "lat": null, "id": 1375690864, "natural": "water", "water": null, "wetland": null, "osm_type": "way", "grassland": null, "reef": null, "Risk": "Low" }, "geometry": { "type": "Polygon", "coordinates": [ [ [ 72.495233138705942, 23.040563221373915 ], [ 72.495424038705949, 23.04054742185669 ], [ 72.495862229717616, 23.04049102042395 ], [ 72.496292264357862, 23.04039521881252 ], [ 72.496709969636484, 23.040260946583746 ], [ 72.497111292205517, 23.040089506582024 ], [ 72.497492337692336, 23.039882562296565 ], [ 72.497849408489998, 23.039642121724487 ], [ 72.498179039638231, 23.03937051789169 ], [ 72.498478032446968, 23.039070386220185 ], [ 72.498743485535812, 23.038744638961347 ], [ 72.498972822988762, 23.038396436942836 ], [ 72.499163819350329, 23.038029158903161 ], [ 72.499314621221117, 23.037646368711133 ], [ 72.499423765242923, 23.037251780788058 ], [ 72.499490192298893, 23.036849224068089 ], [ 72.499513257791051, 23.036442604846172 ], [ 72.499492737895409, 23.036035868874023 ], [ 72.49947883789541, 23.035902568483422 ], [ 72.499414323960139, 23.035496823983113 ], [ 72.499306440780899, 23.03509895761983 ], [ 72.49915625014971, 23.034712885302422 ], [ 72.498965230250775, 23.034342406892584 ], [ 72.498735261112131, 23.033991168801791 ], [ 72.498468606102307, 23.033662628097513 ], [ 72.498167889654127, 23.03336001847218 ], [ 72.497836071434946, 23.033086318409982 ], [ 72.497476417217385, 23.032844221865293 ], [ 72.497092466737428, 23.03263611174139 ], [ 72.496687998856189, 23.032464036430891 ], [ 72.496266994368142, 23.032329689648993 ], [ 72.495833596821939, 23.032234393758326 ], [ 72.495392071739346, 23.032179086749696 ], [ 72.494946764633795, 23.032164313007037 ], [ 72.494502058241565, 23.032190217947615 ], [ 72.494303558241569, 23.032210918578539 ], [ 72.49385755026006, 23.03227849579827 ], [ 72.493421181142509, 23.032386984740562 ], [ 72.492998870225648, 23.032535286584402 ], [ 72.49259489447148, 23.032721899271468 ], [ 72.492213345152294, 23.032944932723449 ], [ 72.491858086416229, 23.033202127990098 ], [ 72.491532716153046, 23.033490880133851 ], [ 72.491240529556393, 23.033808264618948 ], [ 72.490984485751682, 23.034151066937561 ], [ 72.49076717782755, 23.034515815172398 ], [ 72.49059080657419, 23.03489881516596 ], [ 72.490457158194914, 23.035296187939736 ], [ 72.490367586216266, 23.035703908984232 ], [ 72.490322997780211, 23.036117849021679 ], [ 72.490323844456981, 23.036533815828427 ], [ 72.490370117671873, 23.036947596693267 ], [ 72.490391617671889, 23.037075996093382 ], [ 72.490482655894112, 23.037482714856612 ], [ 72.490617580472801, 23.037878973818717 ], [ 72.490795029597507, 23.038260773598502 ], [ 72.49101321225227, 23.038624260782356 ], [ 72.491269926292532, 23.038965766811646 ], [ 72.491562580671726, 23.039281845003419 ], [ 72.491888221593015, 23.03956930533089 ], [ 72.492243562322273, 23.039825246613233 ], [ 72.492625016361529, 23.04004708578978 ], [ 72.493028733647989, 23.040232583983681 ], [ 72.493450639413112, 23.04037986909217 ], [ 72.493886475309836, 23.040487454675766 ], [ 72.494331842392469, 23.040554254955946 ], [ 72.494782245516006, 23.040579595770193 ], [ 72.495233138705942, 23.040563221373915 ] ] ] } },
{ "type": "Feature", "properties": { "version": 1, "visible": null, "lon": null, "timestamp": 1744061225, "tags": { "visible": false }, "changeset": null, "lat": null, "id": 1375690865, "natural": "water", "water": null, "wetland": null, "osm_type": "way", "grassland": null, "reef": null, "Risk": "Low" }, "geometry": { "type": "Polygon", "coordinates": [ [ [ 72.494466439237698, 23.041050071392728 ], [ 72.494937939237701, 23.040996673018725 ], [ 72.495368878462543, 23.040928128230462 ], [ 72.495790531043198, 23.040821342273432 ], [ 72.496198899609695, 23.040677327415263 ], [ 72.49659011272783, 23.040497448835321 ], [ 72.496960461601219, 23.040283411686872 ], [ 72.497306435231692, 23.040037244937142 ], [ 72.497624753704315, 23.039761282138127 ], [ 72.497912399281844, 23.039458139310391 ], [ 72.498166645013626, 23.039130690149097 ], [ 72.498385080587738, 23.038782038787293 ], [ 72.498565635181322, 23.038415490374149 ], [ 72.498706597092536, 23.038034519747129 ], [ 72.498806629967859, 23.037642738494593 ], [ 72.498864785471099, 23.037243860721119 ], [ 72.4988805122738, 23.036841667839834 ], [ 72.498853661282027, 23.036439972725386 ], [ 72.49883096128201, 23.03625107208844 ], [ 72.498760334528725, 23.03584735908305 ], [ 72.498646707161214, 23.035452042397132 ], [ 72.498491191228155, 23.035068991007869 ], [ 72.498295308733347, 23.034701953883946 ], [ 72.498060976740163, 23.034354523290475 ], [ 72.497790488609681, 23.034030099626499 ], [ 72.497486491555918, 23.033731858139571 ], [ 72.497151960738137, 23.03346271784331 ], [ 72.496790170143598, 23.033225312942427 ], [ 72.496404660545508, 23.033021967045222 ], [ 72.495999204850406, 23.0328546704161 ], [ 72.495577771173259, 23.03272506049105 ], [ 72.495144484002466, 23.032634405847094 ], [ 72.49470358383418, 23.032583593782618 ], [ 72.494259385671526, 23.032573121630488 ], [ 72.493816236794359, 23.032603091888976 ], [ 72.493346236794352, 23.032656493514654 ], [ 72.492917411655682, 23.032724766730784 ], [ 72.492497779079613, 23.032830911721728 ], [ 72.492091278552053, 23.032973931916523 ], [ 72.491701726276062, 23.033152484535083 ], [ 72.491332779345512, 23.03336489319846 ], [ 72.490987901412439, 23.033609163671731 ], [ 72.490670330170644, 23.033883002591541 ], [ 72.490383046960233, 23.034183839002331 ], [ 72.4901287487791, 23.03450884849876 ], [ 72.489909822963611, 23.034854979747404 ], [ 72.489728324776465, 23.035218983138687 ], [ 72.489585958111931, 23.035597441299576 ], [ 72.489484059499901, 23.035986801180609 ], [ 72.489423585558555, 23.036383407415681 ], [ 72.489405104013684, 23.036783536641359 ], [ 72.489428788368969, 23.037183432453379 ], [ 72.489449988368975, 23.037372331858055 ], [ 72.489517829108152, 23.037778229904465 ], [ 72.489629103904193, 23.038175928250112 ], [ 72.489782714314444, 23.038561501128576 ], [ 72.489977143982657, 23.038931142499614 ], [ 72.490210473607661, 23.03928120361557 ], [ 72.490480399889634, 23.03960822903402 ], [ 72.49078425826697, 23.039908990721454 ], [ 72.49111904921935, 23.040180519911587 ], [ 72.491481467877378, 23.04042013640403 ], [ 72.491867936646315, 23.040625475014529 ], [ 72.492274640522197, 23.040794508915766 ], [ 72.492697564751325, 23.040925569638752 ], [ 72.493132534461779, 23.041017363537527 ], [ 72.493575255875356, 23.04106898455488 ], [ 72.494021358693331, 23.041079923163267 ], [ 72.494466439237698, 23.041050071392728 ] ] ] } },
{ "type": "Feature", "properties": { "version": 1, "visible": null, "lon": null, "timestamp": 1744061225, "tags": { "visible": false }, "changeset": null, "lat": null, "id": 1375690866, "natural": "water", "water": null, "wetland": null, "osm_type": "way", "grassland": null, "reef": null, "Risk": "Low" }, "geometry": { "type": "Polygon", "coordinates": [ [ [ 72.494429423622336, 23.040812559200425 ], [ 72.495156623622336, 23.040707762376854 ], [ 72.495588909269486, 23.040625255892657 ], [ 72.49601030460876, 23.040504094498043 ], [ 72.496416738413032, 23.040345448667317 ], [ 72.496804284003048, 23.040150850996255 ], [ 72.497169197184263, 23.039922181400286 ], [ 72.497507952420648, 23.039661648957832 ], [ 72.497817276895958, 23.039371770574231 ], [ 72.4980941821334, 23.039055346671947 ], [ 72.498335992868135, 23.038715434141803 ], [ 72.498540372893927, 23.038355316816201 ], [ 72.498705347633859, 23.037978473749398 ], [ 72.498829323217365, 23.037588545610976 ], [ 72.498911101878988, 23.037189299517081 ], [ 72.498949893530494, 23.036784592638874 ], [ 72.498945323394068, 23.036378334939805 ], [ 72.498897435623178, 23.035974451401454 ], [ 72.498806692875988, 23.035576844102991 ], [ 72.498673971845463, 23.035189354520497 ], [ 72.49850055478943, 23.034815726410525 ], [ 72.498381854789429, 23.034591223397438 ], [ 72.498170291124922, 23.034236374970263 ], [ 72.497922029626679, 23.033902268787045 ], [ 72.497639450740522, 23.033592108577743 ], [ 72.497325263963262, 23.033308868476656 ], [ 72.496982481862716, 23.03305526449833 ], [ 72.496614391191855, 23.032833728488392 ], [ 72.496224521373918, 23.032646384799211 ], [ 72.495816610660668, 23.032495029914433 ], [ 72.495394570288283, 23.032381115217845 ], [ 72.494962446974654, 23.032305733072157 ], [ 72.494524384117526, 23.032269606341227 ], [ 72.494084582065781, 23.032273081456434 ], [ 72.493647257844444, 23.032316125093711 ], [ 72.49299855784443, 23.032409727930172 ], [ 72.492566927032769, 23.032492160467619 ], [ 72.492146155637371, 23.032613134460597 ], [ 72.491740296737248, 23.032771484525625 ], [ 72.491353259766854, 23.032965685227602 ], [ 72.490988772858529, 23.033193865778458 ], [ 72.490650346931119, 23.033453828063351 ], [ 72.490341241871249, 23.033743067820328 ], [ 72.490064435132325, 23.034058798769433 ], [ 72.489822593054328, 23.034397979458433 ], [ 72.489618045180265, 23.03475734256627 ], [ 72.489452761816807, 23.035133426381876 ], [ 72.489328335055376, 23.035522608154722 ], [ 72.489245963436346, 23.035921138995761 ], [ 72.489206440404061, 23.036325179992289 ], [ 72.489210146663993, 23.036730839188806 ], [ 72.489257046515576, 23.037134209077479 ], [ 72.489297246515591, 23.037369907956336 ], [ 72.489386852752844, 23.037766976706934 ], [ 72.489518310908679, 23.038154052441072 ], [ 72.489690355522626, 23.038527409139036 ], [ 72.489901330435146, 23.03888345287189 ], [ 72.490149204730628, 23.039218756392934 ], [ 72.490431592287493, 23.039530092123751 ], [ 72.490745774747865, 23.039814463217567 ], [ 72.491088727685465, 23.040069132401165 ], [ 72.491457149719636, 23.040291648317922 ], [ 72.491847494295612, 23.040479869118688 ], [ 72.492256003824878, 23.040631983073613 ], [ 72.492678745856949, 23.040746526006867 ], [ 72.493111650934452, 23.040822395386471 ], [ 72.493550551767086, 23.040858860933934 ], [ 72.493991223347479, 23.040855571651637 ], [ 72.494429423622336, 23.040812559200425 ] ] ] } },
{ "type": "Feature", "properties": { "version": 1, "visible": null, "lon": null, "timestamp": 1744976439, "tags": { "visible": false }, "changeset": null, "lat": null, "id": 1378628240, "natural": "water", "water": "lake", "wetland": null, "osm_type": "way", "grassland": null, "reef": null, "Risk": "Low" }, "geometry": { "type": "Polygon", "coordinates": [ [ [ 72.566661874820241, 23.165772873252596 ], [ 72.566814074820257, 23.165691475422285 ], [ 72.567180342328641, 23.165473023950739 ], [ 72.567521810781983, 23.165222911364292 ], [ 72.567835253922638, 23.164943500603062 ], [ 72.568117710281371, 23.164637431417454 ], [ 72.568366511157805, 23.16430759543389 ], [ 72.568579305834888, 23.163957108840677 ], [ 72.568754083788818, 23.163589282951872 ], [ 72.568889193684882, 23.163207592926923 ], [ 72.568983358979565, 23.162815644941592 ], [ 72.569035689981604, 23.162417142120002 ], [ 72.569042789981594, 23.162326042320768 ], [ 72.569053306264948, 23.161945074865585 ], [ 72.569025579010827, 23.161564837245184 ], [ 72.568959844353998, 23.161188567713047 ], [ 72.568856662113276, 23.160819470755918 ], [ 72.568716911023884, 23.160460689801734 ], [ 72.568610711023894, 23.160223187017277 ], [ 72.568430949658079, 23.159869666533851 ], [ 72.568215695577393, 23.159533324650479 ], [ 72.567966871048398, 23.159217165114924 ], [ 72.567686698129208, 23.158924011454268 ], [ 72.56768025344941, 23.158918432056648 ], [ 72.567136074452492, 23.157526665345756 ], [ 72.567073375701398, 23.157336730956015 ], [ 72.566929822028584, 23.156966320811268 ], [ 72.56690028165994, 23.156908260829926 ], [ 72.566835151940865, 23.156713784771728 ], [ 72.566684118897257, 23.156373717892325 ], [ 72.566500817287732, 23.156047334894843 ], [ 72.566286697328692, 23.155737218113337 ], [ 72.566237197328704, 23.155672116963437 ], [ 72.565958788392351, 23.155342732056134 ], [ 72.565645658633741, 23.155040851281047 ], [ 72.565301003115707, 23.154769555116118 ], [ 72.564928338578525, 23.154531611962859 ], [ 72.564531467556364, 23.154329449890731 ], [ 72.564114439577637, 23.154165131854494 ], [ 72.563681509845011, 23.154040334637813 ], [ 72.563237095816916, 23.153956331738186 ], [ 72.56278573213342, 23.15391398036811 ], [ 72.562332024346304, 23.153913712705226 ], [ 72.561880601925751, 23.153955531480907 ], [ 72.561436071022939, 23.154039009952413 ], [ 72.561388725525219, 23.154050218700188 ], [ 72.561324225525226, 23.154065519156891 ], [ 72.560887476055726, 23.154191263367821 ], [ 72.560466910628108, 23.154357218688627 ], [ 72.560066895642137, 23.154561661990147 ], [ 72.559691584138491, 23.15480247052777 ], [ 72.559344872681066, 23.155077143987313 ], [ 72.559030360902, 23.155382830451646 ], [ 72.558751314129481, 23.155716356018097 ], [ 72.558510629486506, 23.156074257758938 ], [ 72.558310805812226, 23.156452819682272 ], [ 72.55815391771857, 23.15684811131969 ], [ 72.558041594051076, 23.157256028539802 ], [ 72.557975000978004, 23.157672336163539 ], [ 72.557925400977993, 23.158150637563125 ], [ 72.557905290303836, 23.158578181476422 ], [ 72.557933410919802, 23.159005341932371 ], [ 72.558009460850869, 23.159427531866605 ], [ 72.558132623429955, 23.159840217633686 ], [ 72.558468823429948, 23.160774108586185 ], [ 72.558493930939449, 23.160841876620093 ], [ 72.559127530939463, 23.16250465966889 ], [ 72.5593014246965, 23.162895664946273 ], [ 72.559517856330388, 23.163268290250816 ], [ 72.559774561051086, 23.163618636515285 ], [ 72.560531861051103, 23.164546019346133 ], [ 72.560848119864914, 23.164892101013866 ], [ 72.561203626492002, 23.165204329468125 ], [ 72.561594121402365, 23.165478963968578 ], [ 72.562014925851258, 23.165712714201305 ], [ 72.562294525851229, 23.165849410479478 ], [ 72.562707461788108, 23.166027194520872 ], [ 72.563137875600532, 23.166165571954494 ], [ 72.563581331561394, 23.166263116824307 ], [ 72.564033259534824, 23.166318823949588 ], [ 72.56448900207468, 23.166332119280327 ], [ 72.564943862422965, 23.16630286581108 ], [ 72.565393152913288, 23.166231364992424 ], [ 72.565832243280695, 23.166118353625386 ], [ 72.566256608379916, 23.165964996270933 ], [ 72.566661874820241, 23.165772873252596 ] ] ] } },
{ "type": "Feature", "properties": { "version": 1, "visible": null, "lon": null, "timestamp": 1744976439, "tags": { "visible": false }, "changeset": null, "lat": null, "id": 1378628242, "natural": "water", "water": "pond", "wetland": null, "osm_type": "way", "grassland": null, "reef": null, "Risk": "Low" }, "geometry": { "type": "Polygon", "coordinates": [ [ [ 72.512957428492001, 23.075090291209172 ], [ 72.512659587306274, 23.075103058687215 ], [ 72.512214109451818, 23.075163684959797 ], [ 72.511777469286585, 23.075265044963295 ], [ 72.511354055950221, 23.075406119728719 ], [ 72.510948125625319, 23.075585491039622 ], [ 72.510563758753889, 23.075801355693024 ], [ 72.510204819020529, 23.076051543631337 ], [ 72.509874914514313, 23.076333539762722 ], [ 72.509577361460032, 23.076644509250411 ], [ 72.509315150883268, 23.076981326016291 ], [ 72.509090918544416, 23.077340604172118 ], [ 72.509021218544419, 23.077466505927923 ], [ 72.508826929367316, 23.077869214842536 ], [ 72.50868035272515, 23.078288664618089 ], [ 72.508583155068209, 23.078720086337597 ], [ 72.508536441450275, 23.079158575015924 ], [ 72.508540742964968, 23.079599145369393 ], [ 72.508564842964972, 23.079954444689381 ], [ 72.508609310703406, 23.080331110265401 ], [ 72.508743410703389, 23.081125606519045 ], [ 72.50884482679281, 23.08156637808305 ], [ 72.508997804119673, 23.081994370514767 ], [ 72.509200523973121, 23.082404495660221 ], [ 72.509450576265309, 23.082791877824683 ], [ 72.509804676265304, 23.083277969507929 ], [ 72.51007895545537, 23.083615834030748 ], [ 72.510389238975606, 23.08392622168147 ], [ 72.510732295200455, 23.084205899950806 ], [ 72.511104551174284, 23.084451956169204 ], [ 72.511502129823882, 23.084661827834136 ], [ 72.511920890338558, 23.084833329290849 ], [ 72.512356471296911, 23.084964674488887 ], [ 72.512804336091463, 23.085054495577705 ], [ 72.513064436091469, 23.085093994379903 ], [ 72.513499156177559, 23.085140135214207 ], [ 72.513936693952886, 23.085147141077361 ], [ 72.514372896238612, 23.085114945474704 ], [ 72.514803622532597, 23.085043853984086 ], [ 72.515224784311684, 23.084934541356379 ], [ 72.515632383840625, 23.084788045112909 ], [ 72.516022552119253, 23.08460575570064 ], [ 72.516391585607607, 23.084389403298292 ], [ 72.516520385607592, 23.084305505402739 ], [ 72.5168807435182, 23.084044369320264 ], [ 72.517210268041467, 23.083750781537571 ], [ 72.517505521913691, 23.083427804261053 ], [ 72.517763425347695, 23.083078806261209 ], [ 72.517981288157941, 23.082707427741347 ], [ 72.518156837821834, 23.082317542374529 ], [ 72.518199737821831, 23.082206543517355 ], [ 72.518228363754673, 23.082119323516899 ], [ 72.518387732139203, 23.081880926723105 ], [ 72.51858521177526, 23.081505131119929 ], [ 72.518740471220809, 23.08111292333405 ], [ 72.518851926131873, 23.08070830552149 ], [ 72.518918439167578, 23.080295406508945 ], [ 72.518939331596101, 23.079878439664927 ], [ 72.518914390220772, 23.079461659906819 ], [ 72.518871490220789, 23.079089058700742 ], [ 72.518760390978755, 23.078514868497276 ], [ 72.518666490978745, 23.078171965923115 ], [ 72.518539957797273, 23.077789181554181 ], [ 72.518373777791382, 23.077419448361248 ], [ 72.518169508912123, 23.077066232744766 ], [ 72.517929066196956, 23.07673284627273 ], [ 72.517654703815936, 23.076422414629153 ], [ 72.517348993938796, 23.076137848304533 ], [ 72.517014802620579, 23.075881815303525 ], [ 72.516655262932133, 23.07565671612571 ], [ 72.516273745587398, 23.075464661254376 ], [ 72.515873827342617, 23.075307451364591 ], [ 72.51563512734262, 23.07522594901673 ], [ 72.515244098915034, 23.075110848014727 ], [ 72.514843280104699, 23.07502907597188 ], [ 72.514436019753731, 23.07498131615505 ], [ 72.514025720523335, 23.074967967633967 ], [ 72.513615810464586, 23.074989141945789 ], [ 72.513209714377012, 23.075044662162874 ], [ 72.512976414377022, 23.075086663429428 ], [ 72.512957428492001, 23.075090291209172 ] ] ] } },
{ "type": "Feature", "properties": { "version": 1, "visible": null, "lon": null, "timestamp": 1744976439, "tags": { "visible": false }, "changeset": null, "lat": null, "id": 1378628243, "natural": "water", "water": "pond", "wetland": null, "osm_type": "way", "grassland": null, "reef": null, "Risk": "Low" }, "geometry": { "type": "Polygon", "coordinates": [ [ [ 72.517771584487605, 23.08358075297151 ], [ 72.517854684487602, 23.083549953849499 ], [ 72.518250439770597, 23.083382317969203 ], [ 72.518626677616041, 23.083180196530709 ], [ 72.518979857835973, 23.082945491233083 ], [ 72.519306657201824, 23.082680410357703 ], [ 72.519604000714111, 23.082387447995782 ], [ 72.519664733817791, 23.082314573006464 ], [ 72.519715291644005, 23.082265914251252 ], [ 72.519996372121724, 23.081933305341046 ], [ 72.520239175635368, 23.081576094097681 ], [ 72.520441178053545, 23.081197993829203 ], [ 72.520600279404007, 23.080802935022927 ], [ 72.520714825704459, 23.080395024491512 ], [ 72.520783626157012, 23.079978502684913 ], [ 72.520805965527487, 23.079557699611605 ], [ 72.520781611580688, 23.07913698982728 ], [ 72.520770811580689, 23.079041989523613 ], [ 72.520709664794353, 23.078669344024387 ], [ 72.520611866929471, 23.078303372620233 ], [ 72.520478231500476, 23.077947119646961 ], [ 72.520309870130291, 23.07760354862133 ], [ 72.520108183303478, 23.077275517586642 ], [ 72.519874848716611, 23.076965755335006 ], [ 72.519611807322576, 23.076676838704262 ], [ 72.519383907322577, 23.076448533959034 ], [ 72.519073516054206, 23.07616641594819 ], [ 72.51873483501528, 23.075913335541816 ], [ 72.51837106026872, 23.075691681177549 ], [ 72.517985624681685, 23.075503544721876 ], [ 72.517582165530115, 23.075350701723597 ], [ 72.517164490174665, 23.075234594652898 ], [ 72.516736540131333, 23.075156319284471 ], [ 72.51630235387627, 23.075116614353291 ], [ 72.516063553876251, 23.075105514012645 ], [ 72.515601793004237, 23.075105914292795 ], [ 72.51514251699615, 23.07514992837968 ], [ 72.514690579975408, 23.075237091042585 ], [ 72.514250758499188, 23.075366480969912 ], [ 72.513827701074476, 23.075536730510091 ], [ 72.513653401074478, 23.075616932714198 ], [ 72.513271149312274, 23.075814852599265 ], [ 72.51291170443497, 23.076046130034353 ], [ 72.512578494411173, 23.07630855919745 ], [ 72.512274697011918, 23.076599637168879 ], [ 72.51200320950467, 23.076916587807855 ], [ 72.511766621022616, 23.077256388234826 ], [ 72.511567187872487, 23.077615797666713 ], [ 72.511406812016503, 23.077991388329895 ], [ 72.511287022933729, 23.078379578155712 ], [ 72.511208963033567, 23.07877666494673 ], [ 72.511196863033575, 23.078861765285918 ], [ 72.511161615013293, 23.079254675135079 ], [ 72.511167230188178, 23.079648885816241 ], [ 72.511213657442227, 23.080040808757026 ], [ 72.511300474139063, 23.080426876241965 ], [ 72.511426889969371, 23.080803573888833 ], [ 72.511591754145229, 23.081167472638363 ], [ 72.511793565875877, 23.081515259966292 ], [ 72.512030488029794, 23.081843770033647 ], [ 72.512300363858429, 23.082150012501032 ], [ 72.512600736629494, 23.082431199744743 ], [ 72.512921236629481, 23.082703893592139 ], [ 72.513415794149907, 23.083068635131287 ], [ 72.513537894149934, 23.08314633316742 ], [ 72.513914779565468, 23.08336165417111 ], [ 72.514312917432648, 23.083541720264503 ], [ 72.514728423379978, 23.083684774804905 ], [ 72.51515724358697, 23.083789422222456 ], [ 72.515595194334537, 23.083854641631159 ], [ 72.516038002822938, 23.083879796785432 ], [ 72.516481348858534, 23.083864642285331 ], [ 72.516920907003282, 23.08380932596987 ], [ 72.517352388775038, 23.083714387475176 ], [ 72.517771584487605, 23.08358075297151 ] ] ] } },
{ "type": "Feature", "properties": { "version": 1, "visible": null, "lon": null, "timestamp": 1744976439, "tags": { "visible": false }, "changeset": null, "lat": null, "id": 1378628244, "natural": "water", "water": "pond", "wetland": null, "osm_type": "way", "grassland": null, "reef": null, "Risk": "Low" }, "geometry": { "type": "Polygon", "coordinates": [ [ [ 72.482691966442061, 23.08444912749874 ], [ 72.482773266442067, 23.0844940263156 ], [ 72.483154537813292, 23.084682225361203 ], [ 72.483553725173209, 23.084835801890321 ], [ 72.483967123986247, 23.084953330803948 ], [ 72.484390897831886, 23.085033721506818 ], [ 72.484821114007246, 23.085076228024825 ], [ 72.485253780023442, 23.085080455925318 ], [ 72.485684880656549, 23.085046365976162 ], [ 72.486110415209723, 23.084974274509715 ], [ 72.486526434640396, 23.084864850488241 ], [ 72.486929078208206, 23.084719109298078 ], [ 72.487055422314228, 23.084659889370105 ], [ 72.487412415929157, 23.084501934170188 ], [ 72.487776388003127, 23.084299863423247 ], [ 72.488117962792828, 23.084067042092478 ], [ 72.488434080389268, 23.08380555569336 ], [ 72.488721908935162, 23.083517746523871 ], [ 72.488978869993318, 23.083206192687342 ], [ 72.489202661644867, 23.082873685002927 ], [ 72.489391279110492, 23.082523202010293 ], [ 72.489453704330515, 23.082372924960964 ], [ 72.489524803638474, 23.082243117189911 ], [ 72.48967935430646, 23.081878775949875 ], [ 72.489795768237556, 23.081502623443953 ], [ 72.489873002490825, 23.081118029500544 ], [ 72.489910365132232, 23.080728439601302 ], [ 72.489907521433594, 23.080337344015476 ], [ 72.489864496871292, 23.079948246531917 ], [ 72.489781676898147, 23.07956463306893 ], [ 72.489696376898152, 23.079248630728458 ], [ 72.489566560691429, 23.078853328762882 ], [ 72.489394504281549, 23.078471919893385 ], [ 72.489181926060027, 23.078108213526651 ], [ 72.488930949124907, 23.07776584229174 ], [ 72.48864408007644, 23.077448225753354 ], [ 72.488324183982897, 23.077158536252412 ], [ 72.487974455765851, 23.07689966721524 ], [ 72.487598388291545, 23.076674204248352 ], [ 72.487199737486122, 23.076484399307617 ], [ 72.48678248482392, 23.076332148200287 ], [ 72.486350797562949, 23.076218971644668 ], [ 72.485908987124944, 23.076146000077003 ], [ 72.485461466035588, 23.076113962357372 ], [ 72.485012703855006, 23.076123178487705 ], [ 72.484789103855007, 23.076138078944386 ], [ 72.484369844798465, 23.076184326372807 ], [ 72.483957159238756, 23.076266590846483 ], [ 72.483554694595327, 23.076384145225937 ], [ 72.483166007952633, 23.076535950444885 ], [ 72.482794534621632, 23.076720664696964 ], [ 72.482443557777714, 23.07693665529899 ], [ 72.482116179443096, 23.077182013125654 ], [ 72.481815293070383, 23.077454569487987 ], [ 72.481543557969573, 23.077751915306248 ], [ 72.481303375804245, 23.078071422407511 ], [ 72.481114275804259, 23.078350126942549 ], [ 72.480916303587506, 23.078673363545995 ], [ 72.480750645302962, 23.079011632876465 ], [ 72.480618636481609, 23.079362207716148 ], [ 72.480521341373716, 23.079722261658592 ], [ 72.480464441373712, 23.079982163235581 ], [ 72.480399716880314, 23.080374142390692 ], [ 72.480376126536555, 23.080770022698246 ], [ 72.480393887530013, 23.081166159416139 ], [ 72.480452836341783, 23.081558905473699 ], [ 72.480552430251919, 23.081944645048434 ], [ 72.480691752336085, 23.082319826853901 ], [ 72.480869519907301, 23.082680996832288 ], [ 72.481084096325233, 23.083024829950929 ], [ 72.481333506064018, 23.083348160809997 ], [ 72.481615452900314, 23.083648012779868 ], [ 72.481927341053776, 23.083921625400016 ], [ 72.482063541053776, 23.084030122879174 ], [ 72.482367897264027, 23.084252135599318 ], [ 72.482691966442061, 23.08444912749874 ] ] ] } },
{ "type": "Feature", "properties": { "version": 1, "visible": null, "lon": null, "timestamp": 1744976439, "tags": { "visible": false }, "changeset": null, "lat": null, "id": 1378628245, "natural": "water", "water": "pond", "wetland": null, "osm_type": "way", "grassland": null, "reef": null, "Risk": "Low" }, "geometry": { "type": "Polygon", "coordinates": [ [ [ 72.480938323854517, 23.082438939195001 ], [ 72.481037923854515, 23.082265041686302 ], [ 72.481235441042742, 23.081871386474624 ], [ 72.48138703221376, 23.081460857239911 ], [ 72.481454132213756, 23.081242059065708 ], [ 72.481560499342848, 23.080806347086334 ], [ 72.481615133584, 23.08036261834809 ], [ 72.481617396811259, 23.079916055533111 ], [ 72.481567262590218, 23.079471874476699 ], [ 72.481498162590228, 23.07907167254735 ], [ 72.481412194973487, 23.07869060786258 ], [ 72.481287638658728, 23.078318672983556 ], [ 72.48112559858194, 23.077959167424627 ], [ 72.480927512196629, 23.077615280462886 ], [ 72.480695136722247, 23.077290062842241 ], [ 72.480430533555875, 23.076986399705685 ], [ 72.480136049985674, 23.07670698499609 ], [ 72.479936849985677, 23.076534981142245 ], [ 72.479608749919578, 23.076277773555471 ], [ 72.479255360279367, 23.076050685211605 ], [ 72.478879935940313, 23.075855807852367 ], [ 72.478485934727047, 23.075694936528137 ], [ 72.47807698556538, 23.075569553059442 ], [ 72.477656855058441, 23.075480812384178 ], [ 72.477229412794458, 23.075429531916431 ], [ 72.476798595706185, 23.075416184015022 ], [ 72.476368371809997, 23.075440891631342 ], [ 72.475942703658745, 23.075503427176432 ], [ 72.475525511844822, 23.075603214617981 ], [ 72.475147411844816, 23.075711717800797 ], [ 72.47471386094297, 23.075859049816444 ], [ 72.474299062503576, 23.07604659003491 ], [ 72.473907408576636, 23.076272352542656 ], [ 72.473543046148976, 23.076533946691079 ], [ 72.473252346148968, 23.076765752073644 ], [ 72.472932977878955, 23.077046897454547 ], [ 72.472645194465755, 23.077355560424021 ], [ 72.472391783084745, 23.077688751410086 ], [ 72.472175198018988, 23.078043243296385 ], [ 72.471997536889546, 23.078415602683208 ], [ 72.471860520340144, 23.078802223145928 ], [ 72.47176547537272, 23.079199360168239 ], [ 72.471713322495475, 23.079603167411822 ], [ 72.471704566807759, 23.080009733970996 ], [ 72.471739293108186, 23.08041512225136 ], [ 72.47176569310821, 23.080604021511082 ], [ 72.47184173914826, 23.080996979455175 ], [ 72.471958643072753, 23.08138135317575 ], [ 72.472115314084974, 23.081753556281459 ], [ 72.472310290333013, 23.082110115967868 ], [ 72.472541752549873, 23.082447705416904 ], [ 72.472807541028544, 23.082763174833289 ], [ 72.473105175773568, 23.083053580828675 ], [ 72.473434475773544, 23.083345274370892 ], [ 72.473777974442086, 23.083620084053742 ], [ 72.47414994625079, 23.08386149654584 ], [ 72.474546570315852, 23.084067032250925 ], [ 72.474963772526195, 23.084234580080913 ], [ 72.475378472526216, 23.084378575940388 ], [ 72.475790527162275, 23.084501125825984 ], [ 72.476213495737056, 23.084586601524943 ], [ 72.476643446422017, 23.084634208544067 ], [ 72.477076382484341, 23.084643504378679 ], [ 72.477508279439775, 23.084614402624545 ], [ 72.47793512246335, 23.084547173780805 ], [ 72.478352943710476, 23.084442442736336 ], [ 72.478757859201068, 23.084301182963078 ], [ 72.479146104924311, 23.084124707469979 ], [ 72.479514071828135, 23.083914656601756 ], [ 72.47985833936815, 23.083672982795584 ], [ 72.480175707304369, 23.083401932437308 ], [ 72.480463225449981, 23.083104024985566 ], [ 72.480718221095657, 23.08278202955772 ], [ 72.480938323854517, 23.082438939195001 ] ] ] } },
{ "type": "Feature", "properties": { "version": 1, "visible": null, "lon": null, "timestamp": 1749865036, "tags": { "visible": false }, "changeset": null, "lat": null, "id": 1395103922, "natural": "water", "water": "wastewater", "wetland": null, "osm_type": "way", "grassland": null, "reef": null, "Risk": "Low" }, "geometry": { "type": "Polygon", "coordinates": [ [ [ 72.641735009201327, 23.095920897750496 ], [ 72.642309509201311, 23.096460186144004 ], [ 72.642635299296941, 23.096737209325411 ], [ 72.642989211725379, 23.096983315565975 ], [ 72.643367793396848, 23.097196103806514 ], [ 72.643767350526147, 23.097373498055191 ], [ 72.644183984672466, 23.097513767636418 ], [ 72.644613630776234, 23.097615544071335 ], [ 72.645052096821431, 23.097677834425291 ], [ 72.645495104736696, 23.097700030992421 ], [ 72.645938332136112, 23.097681917222808 ], [ 72.646377454492225, 23.097623669834551 ], [ 72.646808187330137, 23.097525857090197 ], [ 72.647226328030683, 23.097389433254243 ], [ 72.647627796834939, 23.097215729285825 ], [ 72.648008676650107, 23.097006439857115 ], [ 72.648365251268217, 23.096763606824094 ], [ 72.648694041624722, 23.096489599310587 ], [ 72.649279841624718, 23.095950611028616 ], [ 72.649573257557222, 23.095653012892527 ], [ 72.649833863193081, 23.095330606855725 ], [ 72.650059194296205, 23.094986441359772 ], [ 72.6502471201796, 23.094623770612294 ], [ 72.650395863852737, 23.094246023821682 ], [ 72.650504018824478, 23.093856772776221 ], [ 72.65057056240245, 23.09345969807422 ], [ 72.650594865363573, 23.093058554324131 ], [ 72.650576697903773, 23.092657134643687 ], [ 72.650516231811011, 23.092259234793659 ], [ 72.650414038840893, 23.091868617285311 ], [ 72.65027108531018, 23.091488975801038 ], [ 72.650088722959651, 23.09112390026463 ], [ 72.64986867617209, 23.090776842891568 ], [ 72.649613025667051, 23.090451085540572 ], [ 72.649324188825858, 23.090149708675224 ], [ 72.648757388825871, 23.089613297180293 ], [ 72.648433931856147, 23.089335911347607 ], [ 72.648082390699216, 23.089089128372049 ], [ 72.647706172885918, 23.088875340525384 ], [ 72.647308925140919, 23.088696620240867 ], [ 72.646894498034527, 23.088554700018676 ], [ 72.646466908658667, 23.08845095562701 ], [ 72.646030301688754, 23.088386392762061 ], [ 72.645588909208811, 23.088361637296188 ], [ 72.645147009689381, 23.088376929209108 ], [ 72.644708886515872, 23.088432120260862 ], [ 72.644278786468973, 23.088526675429257 ], [ 72.643860878560403, 23.088659678097798 ], [ 72.643459213621881, 23.088829838943706 ], [ 72.643077685040126, 23.089035508439817 ], [ 72.642719991017714, 23.089274692848957 ], [ 72.642389598725956, 23.089545073555609 ], [ 72.641796098725962, 23.090081185316265 ], [ 72.641497317911629, 23.090378921510997 ], [ 72.641231677494147, 23.09070214674389 ], [ 72.641001732315502, 23.091047752168976 ], [ 72.640809693912672, 23.091412413707808 ], [ 72.640657409247765, 23.091792624025416 ], [ 72.640546342944489, 23.092184726268147 ], [ 72.640477563201969, 23.092584949238464 ], [ 72.640451731521097, 23.0929894436685 ], [ 72.640469096342485, 23.093394319243117 ], [ 72.640529490656988, 23.093795682016527 ], [ 72.64063233361199, 23.094189671862402 ], [ 72.640776636097826, 23.094572499597444 ], [ 72.640961010260753, 23.094940483421389 ], [ 72.641183682850794, 23.095290084323111 ], [ 72.64144251227637, 23.095617940112412 ], [ 72.641735009201327, 23.095920897750496 ] ] ] } },
{ "type": "Feature", "properties": { "version": 1, "visible": null, "lon": null, "timestamp": 1749865036, "tags": { "visible": false }, "changeset": null, "lat": null, "id": 1395103925, "natural": "water", "water": "wastewater", "wetland": null, "osm_type": "way", "grassland": null, "reef": null, "Risk": "Low" }, "geometry": { "type": "Polygon", "coordinates": [ [ [ 72.641572785936134, 23.095618306849566 ], [ 72.64167698593613, 23.095717404731076 ], [ 72.641998707827426, 23.095994739588509 ], [ 72.642348440742055, 23.096241722125701 ], [ 72.642722814512396, 23.096455972492574 ], [ 72.643118221521618, 23.096635426247069 ], [ 72.643530851468043, 23.096778354242769 ], [ 72.643956728082927, 23.096883379286172 ], [ 72.644391747447173, 23.096949489403336 ], [ 72.644831717538494, 23.096976047588196 ], [ 72.645272398627426, 23.096962797938822 ], [ 72.645709544132998, 23.096909868122459 ], [ 72.646138941544578, 23.096817768145748 ], [ 72.646556453015307, 23.096687385441871 ], [ 72.646958055235984, 23.09651997632195 ], [ 72.647339878205472, 23.096317153872903 ], [ 72.647698242523418, 23.096080872418327 ], [ 72.648029694846514, 23.095813408691754 ], [ 72.648222494846507, 23.095641712484916 ], [ 72.648523672185163, 23.095345826588435 ], [ 72.648791880310895, 23.095024217164251 ], [ 72.649024537720095, 23.094679979530575 ], [ 72.649219405084764, 23.094316426814533 ], [ 72.649374606806234, 23.093937058069507 ], [ 72.649488649067692, 23.093545524602202 ], [ 72.649560434212148, 23.093145594833313 ], [ 72.649589271307505, 23.092741118029956 ], [ 72.649574882796642, 23.09233598725865 ], [ 72.649517407169014, 23.091934101915434 ], [ 72.64941739762763, 23.091539330193761 ], [ 72.649275816764501, 23.091155471851291 ], [ 72.649094027295661, 23.090786221634225 ], [ 72.648873778945017, 23.090435133711164 ], [ 72.64861719160335, 23.090105587459057 ], [ 72.648326734924225, 23.08980075493071 ], [ 72.648222634924224, 23.08970175281452 ], [ 72.647901028656364, 23.089424508725699 ], [ 72.647551431529266, 23.089177594909916 ], [ 72.647177209934696, 23.088963389158934 ], [ 72.64678196738187, 23.088783954294883 ], [ 72.646369509798149, 23.088641018300436 ], [ 72.645943808880375, 23.088535957674029 ], [ 72.645508963850006, 23.08846978417051 ], [ 72.645069161980359, 23.088443135055176 ], [ 72.644628638275861, 23.088456266965085 ], [ 72.644191634691722, 23.088509053436937 ], [ 72.643762359286725, 23.088600986125243 ], [ 72.643344945702324, 23.08873117969917 ], [ 72.642943413358381, 23.088898380370704 ], [ 72.642561628748822, 23.089100977972034 ], [ 72.642203268209784, 23.089337021465571 ], [ 72.641871782518962, 23.089604237737117 ], [ 72.641678882518946, 23.089775841529704 ], [ 72.641377432662992, 23.090071690494977 ], [ 72.641108959568712, 23.090393295485754 ], [ 72.640876049017706, 23.09073755881067 ], [ 72.640680944273242, 23.091101164558406 ], [ 72.640525524474313, 23.091480610540856 ], [ 72.640411286536875, 23.091872242029694 ], [ 72.640339330736424, 23.092272286961236 ], [ 72.640310350110667, 23.092676892270244 ], [ 72.640324623784664, 23.093082161002741 ], [ 72.640382014282451, 23.093484189850159 ], [ 72.640481968851077, 23.093879106743362 ], [ 72.640623524784431, 23.094263108144474 ], [ 72.640805318695485, 23.094632495677356 ], [ 72.641025599647705, 23.094983711744092 ], [ 72.641282246019017, 23.095313373784602 ], [ 72.641572785936134, 23.095618306849566 ] ] ] } },
{ "type": "Feature", "properties": { "version": 1, "visible": null, "lon": null, "timestamp": 1752996222, "tags": { "visible": false }, "changeset": null, "lat": null, "id": 1416039829, "natural": "water", "water": "pond", "wetland": null, "osm_type": "way", "grassland": null, "reef": null, "Risk": "Low" }, "geometry": { "type": "Polygon", "coordinates": [ [ [ 72.6283025, 23.194037014475928 ], [ 72.628367499999982, 23.194037014475928 ], [ 72.628807751476302, 23.194017134374164 ], [ 72.629243763090244, 23.193957685507495 ], [ 72.629671335811594, 23.193859240348765 ], [ 72.630086351881346, 23.193722746893879 ], [ 72.630484814467863, 23.193549519535278 ], [ 72.630862886158596, 23.193341226408066 ], [ 72.631216925916519, 23.193099873330262 ], [ 72.631543524145201, 23.192827784491772 ], [ 72.631839535525188, 23.192527580077847 ], [ 72.632102109305038, 23.192202151042064 ], [ 72.632328716755751, 23.191854631271788 ], [ 72.632517175523688, 23.19148836741374 ], [ 72.632665670647881, 23.191106886650051 ], [ 72.632772772039104, 23.190713862734903 ], [ 72.632837448252445, 23.190313080618665 ], [ 72.632859076420573, 23.1899084 ], [ 72.632859076420573, 23.189861 ], [ 72.632837448252445, 23.189456318013452 ], [ 72.632772772039104, 23.189055532128855 ], [ 72.632665670647881, 23.188662502185583 ], [ 72.632517175523688, 23.188281013361664 ], [ 72.632328716755751, 23.187914739717129 ], [ 72.632102109305038, 23.18756720880646 ], [ 72.631839535525188, 23.18724176770095 ], [ 72.631543524145201, 23.186941550748475 ], [ 72.631216925916519, 23.186669449381412 ], [ 72.630862886158596, 23.186428084263678 ], [ 72.630484814467863, 23.186219780045409 ], [ 72.630086351881346, 23.186046542968736 ], [ 72.629671335811594, 23.185910041540442 ], [ 72.629243763090244, 23.185811590457991 ], [ 72.628807751476302, 23.185752137943929 ], [ 72.628367499999982, 23.18573225661066 ], [ 72.6283025, 23.18573225661066 ], [ 72.627862248523684, 23.185752137943929 ], [ 72.627426236909741, 23.185811590457991 ], [ 72.626998664188392, 23.185910041540442 ], [ 72.62658364811864, 23.186046542968736 ], [ 72.626185185532123, 23.186219780045409 ], [ 72.62580711384139, 23.186428084263678 ], [ 72.625453074083467, 23.186669449381412 ], [ 72.625126475854785, 23.186941550748475 ], [ 72.624830464474812, 23.18724176770095 ], [ 72.624567890694948, 23.18756720880646 ], [ 72.624341283244235, 23.187914739717129 ], [ 72.624152824476297, 23.188281013361664 ], [ 72.624004329352104, 23.188662502185583 ], [ 72.623897227960882, 23.189055532128855 ], [ 72.62383255174754, 23.189456318013452 ], [ 72.623810923579398, 23.189861 ], [ 72.623810923579398, 23.1899084 ], [ 72.62383255174754, 23.190313080618665 ], [ 72.623897227960882, 23.190713862734903 ], [ 72.624004329352104, 23.191106886650051 ], [ 72.624152824476297, 23.19148836741374 ], [ 72.624341283244235, 23.191854631271788 ], [ 72.624567890694948, 23.192202151042064 ], [ 72.624830464474812, 23.192527580077847 ], [ 72.625126475854785, 23.192827784491772 ], [ 72.625453074083467, 23.193099873330262 ], [ 72.62580711384139, 23.193341226408066 ], [ 72.626185185532123, 23.193549519535278 ], [ 72.62658364811864, 23.193722746893879 ], [ 72.626998664188392, 23.193859240348765 ], [ 72.627426236909741, 23.193957685507495 ], [ 72.627862248523684, 23.194017134374164 ], [ 72.6283025, 23.194037014475928 ] ] ] } },
{ "type": "Feature", "properties": { "version": 1, "visible": null, "lon": null, "timestamp": 1765459654, "tags": { "visible": false }, "changeset": null, "lat": null, "id": 1457782747, "natural": "water", "water": "lake", "wetland": null, "osm_type": "way", "grassland": null, "reef": null, "Risk": "Low" }, "geometry": { "type": "Polygon", "coordinates": [ [ [ 72.479509151797956, 23.100079684485415 ], [ 72.479417255285981, 23.100180783754194 ], [ 72.479133047797333, 23.100529257967107 ], [ 72.478890311849298, 23.100903320476807 ], [ 72.478691746233508, 23.101298812178378 ], [ 72.478539558646148, 23.101711335738834 ], [ 72.478435441142281, 23.102136304495207 ], [ 72.478354941142257, 23.102570506740385 ], [ 72.478305676854148, 23.102931557633337 ], [ 72.478291143540844, 23.103295194323717 ], [ 72.478311453948564, 23.103658595789359 ], [ 72.478366450513704, 23.104018942855749 ], [ 72.478436150513701, 23.104364340916774 ], [ 72.478546066267057, 23.10478493240635 ], [ 72.478703192535463, 23.105192645928305 ], [ 72.478905806697142, 23.105583011735739 ], [ 72.479151687433031, 23.105951750302047 ], [ 72.479438139079875, 23.106294819231252 ], [ 72.479762021183475, 23.106608457567489 ], [ 72.48011978292844, 23.106889227018307 ], [ 72.480602582928441, 23.107229618707386 ], [ 72.480950389026077, 23.107451706646437 ], [ 72.481319386083769, 23.107642685000929 ], [ 72.481706295128902, 23.107800856839646 ], [ 72.482107678019872, 23.107924816737945 ], [ 72.482519967997874, 23.10801346326242 ], [ 72.483072567997866, 23.108107260424713 ], [ 72.483579207462384, 23.108166105067767 ], [ 72.484089834566319, 23.108171675073699 ], [ 72.484597848836344, 23.108123898450057 ], [ 72.484866048836352, 23.108084399649929 ], [ 72.485275959148311, 23.10800585134826 ], [ 72.485676135848593, 23.107892535901151 ], [ 72.486001049425866, 23.107769025873669 ], [ 72.486254886559962, 23.107692634544481 ], [ 72.486649997096478, 23.107533704667343 ], [ 72.487026715559637, 23.107340655758321 ], [ 72.487381569293191, 23.107115267232896 ], [ 72.487711287193818, 23.106859616604527 ], [ 72.487861487193825, 23.106731319496603 ], [ 72.488183346699898, 23.106426580750661 ], [ 72.488469476412405, 23.106093048258735 ], [ 72.488716850189718, 23.105734249299161 ], [ 72.488922851777531, 23.105353978385466 ], [ 72.489085302478756, 23.104956257143005 ], [ 72.489202484195573, 23.10454529178276 ], [ 72.489273157600351, 23.104125428621646 ], [ 72.489316057600348, 23.103740529829125 ], [ 72.489339453394919, 23.103332428571431 ], [ 72.48931889943141, 23.102924196631999 ], [ 72.489254596829966, 23.10251982856899 ], [ 72.489147174790219, 23.102123281168254 ], [ 72.488997684434622, 23.101738434724179 ], [ 72.488807588523258, 23.101369055067767 ], [ 72.488578747140721, 23.101018756713461 ], [ 72.488313399495269, 23.100690967485662 ], [ 72.488177379477307, 23.10055366805155 ], [ 72.488072291056881, 23.100366356478208 ], [ 72.487829321414097, 23.100022090064623 ], [ 72.487550413516004, 23.099701697285205 ], [ 72.487238320137578, 23.099408340545445 ], [ 72.486896121589055, 23.099144915414019 ], [ 72.486527195313698, 23.098914022036706 ], [ 72.486135182553085, 23.098717939466152 ], [ 72.485723952408506, 23.098558603161166 ], [ 72.485297563653759, 23.098437585877939 ], [ 72.484750363653774, 23.098309282054053 ], [ 72.484342270869703, 23.098231940374998 ], [ 72.483928142439808, 23.098189716170452 ], [ 72.483511542145592, 23.098182972833921 ], [ 72.483096055040178, 23.098211768400503 ], [ 72.482685256597136, 23.098275855047312 ], [ 72.482266856597136, 23.098359657565759 ], [ 72.481839003821008, 23.098465935828244 ], [ 72.481424620154371, 23.098610480772539 ], [ 72.481027739854156, 23.098791885051863 ], [ 72.480652226772122, 23.099008382448776 ], [ 72.480301736738312, 23.099257865075913 ], [ 72.479979681969311, 23.099537903903855 ], [ 72.479689197848529, 23.099845772415897 ], [ 72.479509151797956, 23.100079684485415 ] ] ] } },
{ "type": "Feature", "properties": { "version": 1, "visible": null, "lon": null, "timestamp": 1772032143, "tags": { "visible": false }, "changeset": null, "lat": null, "id": 1482917213, "natural": "water", "water": "river", "wetland": null, "osm_type": "way", "grassland": null, "reef": null, "Risk": "Low" }, "geometry": { "type": "Polygon", "coordinates": [ [ [ 72.602206454990238, 23.078519411223002 ], [ 72.599648254990242, 23.078163100396498 ], [ 72.599211357730525, 23.078122223779122 ], [ 72.598772209640202, 23.078120793370811 ], [ 72.598335008703998, 23.078158822846643 ], [ 72.597903934293072, 23.078235948635072 ], [ 72.59748310721271, 23.078351433394747 ], [ 72.597076550310121, 23.078504173065532 ], [ 72.596688150018338, 23.078692707426374 ], [ 72.59632161920446, 23.07891523405884 ], [ 72.595980461676888, 23.079169625582683 ], [ 72.59566793869098, 23.079453449998542 ], [ 72.595387037773648, 23.07976399394293 ], [ 72.595140444164286, 23.080098288633092 ], [ 72.594930515145606, 23.080453138253386 ], [ 72.594759257509466, 23.080825150511586 ], [ 72.594628308373174, 23.08121076907279 ], [ 72.594538919529668, 23.081606307560619 ], [ 72.594491945481124, 23.082007984800576 ], [ 72.594416845481121, 23.083192386920356 ], [ 72.594411996124677, 23.083578158860369 ], [ 72.594422596124687, 23.083855558560838 ], [ 72.594428005882193, 23.083959693001663 ], [ 72.594446205882193, 23.084236692487995 ], [ 72.594454341644777, 23.084339291401715 ], [ 72.594480041644772, 23.084615890677682 ], [ 72.594491339618116, 23.084721488493916 ], [ 72.594524739618123, 23.084997287555304 ], [ 72.594538382097909, 23.085098558572948 ], [ 72.594579182097917, 23.085373557429872 ], [ 72.594595892601802, 23.085476495431806 ], [ 72.59464229260179, 23.085739594136719 ], [ 72.594660747303763, 23.085836868545794 ], [ 72.594713947303774, 23.086098767067067 ], [ 72.594735170555708, 23.086196680048346 ], [ 72.594795270555707, 23.086457478385842 ], [ 72.594819463979007, 23.086556457675155 ], [ 72.594886463979023, 23.086815655831966 ], [ 72.594912327604945, 23.086910691869669 ], [ 72.594986027604932, 23.087168489854143 ], [ 72.595048949541749, 23.087368045328002 ], [ 72.595136449541755, 23.08762154296971 ], [ 72.595176545569757, 23.087732260056985 ], [ 72.595271745569761, 23.08798325751517 ], [ 72.595315019748938, 23.088092393603848 ], [ 72.595417919748925, 23.088340990884447 ], [ 72.59546509528802, 23.088450261720222 ], [ 72.595575595288025, 23.088695958832769 ], [ 72.595626415945844, 23.088804535059186 ], [ 72.595744515945839, 23.089047232010895 ], [ 72.595797745987653, 23.089152620427633 ], [ 72.595923245987635, 23.089392217230365 ], [ 72.595980040878217, 23.089496834200837 ], [ 72.596112840878206, 23.089733030865048 ], [ 72.596175888368336, 23.089841198221155 ], [ 72.596327688368333, 23.090092594468327 ], [ 72.596396132576956, 23.090201975287442 ], [ 72.596556132576964, 23.090448871400806 ], [ 72.596628177865782, 23.090556279890279 ], [ 72.596796377865758, 23.090798675880702 ], [ 72.59687312852293, 23.090905590404397 ], [ 72.597049428522965, 23.091143086286898 ], [ 72.597128006124606, 23.091245564180628 ], [ 72.597312006124611, 23.091477959974288 ], [ 72.597395075012528, 23.091579555649961 ], [ 72.59758677501253, 23.091806651367822 ], [ 72.59767296306326, 23.091905581740331 ], [ 72.597872163063258, 23.092127177398716 ], [ 72.597961448265096, 23.092223459236475 ], [ 72.598167948265086, 23.092439354851813 ], [ 72.598362804363347, 23.092630497188114 ], [ 72.598598404363358, 23.092847392474578 ], [ 72.598689508323716, 23.092928922917149 ], [ 72.598931708323704, 23.093139618210483 ], [ 72.599026149911964, 23.093219456269278 ], [ 72.599274849911936, 23.09342375158414 ], [ 72.599370662212422, 23.093500247098525 ], [ 72.59962546221243, 23.09369794245217 ], [ 72.59972380297107, 23.093772077795268 ], [ 72.599984602971062, 23.093963073200953 ], [ 72.600087252860376, 23.094036045328956 ], [ 72.600353952860388, 23.094220040803069 ], [ 72.600455238110769, 23.094287907274168 ], [ 72.600727438110752, 23.094465002828517 ], [ 72.60083439780513, 23.094532481791269 ], [ 72.601119897805134, 23.094707077320653 ], [ 72.601230637501757, 23.094772666260805 ], [ 72.601521537501753, 23.094939461908467 ], [ 72.601634178176795, 23.095001959576681 ], [ 72.601930278176795, 23.095160855356529 ], [ 72.60204364961956, 23.095219685066997 ], [ 72.602344749619562, 23.09537068099052 ], [ 72.602461017332871, 23.0954269736405 ], [ 72.602766717332869, 23.095569769725547 ], [ 72.602884834619545, 23.095622957434532 ], [ 72.603194934619538, 23.09575745369386 ], [ 72.603314357931978, 23.095807302761209 ], [ 72.603628557931998, 23.095933399207361 ], [ 72.6037497567185, 23.095980110186545 ], [ 72.604067856718501, 23.096097706831344 ], [ 72.604190344521697, 23.096141087480973 ], [ 72.604512044521684, 23.096250084335928 ], [ 72.60463456660824, 23.096289755582113 ], [ 72.604959566608244, 23.096390152655548 ], [ 72.605359167195019, 23.09649494470186 ], [ 72.605729567194999, 23.09657524229856 ], [ 72.605823519662422, 23.096594634504363 ], [ 72.606195819662403, 23.096667632308996 ], [ 72.606291708131394, 23.096685431548668 ], [ 72.606665508131414, 23.09675092957017 ], [ 72.606760574098715, 23.096766614860847 ], [ 72.607135874098716, 23.096824713099085 ], [ 72.607232130597012, 23.096838628222304 ], [ 72.607608730597008, 23.096889226682727 ], [ 72.607704949671842, 23.096901178759282 ], [ 72.608082649671843, 23.096944277444056 ], [ 72.608178843961937, 23.096954287014103 ], [ 72.608557443961942, 23.096989885925097 ], [ 72.60865499719246, 23.096998070939204 ], [ 72.60903439719246, 23.097026070080965 ], [ 72.609134333032088, 23.097032414370243 ], [ 72.609542333032081, 23.09705411370409 ], [ 72.609646264703315, 23.097058530996012 ], [ 72.610054664703313, 23.097071530596498 ], [ 72.610158630203628, 23.097073731843505 ], [ 72.610567330203637, 23.097078031711295 ], [ 72.61067247190941, 23.097078005848086 ], [ 72.611081071909425, 23.097073505986447 ], [ 72.611184983583186, 23.097071255289691 ], [ 72.611593483583178, 23.097058055695346 ], [ 72.611697512379791, 23.097053583042598 ], [ 72.61210541237979, 23.097031683714871 ], [ 72.612209235607693, 23.097024998601686 ], [ 72.612616635607694, 23.096994399539497 ], [ 72.612720695949434, 23.096985461563204 ], [ 72.613127095949451, 23.09694616276504 ], [ 72.613229868548231, 23.096935122349244 ], [ 72.613524143612622, 23.096900344789429 ], [ 72.627424445961879, 23.095901693227724 ], [ 72.627862728856286, 23.095850153134709 ], [ 72.628293385797576, 23.095759250863825 ], [ 72.62871224921038, 23.095629866020413 ], [ 72.629115265648295, 23.095463250585084 ], [ 72.629498535020062, 23.095261016802169 ], [ 72.629858348331695, 23.095025121582861 ], [ 72.630191223579473, 23.094757847573693 ], [ 72.630493939445998, 23.09446178107342 ], [ 72.630763566473846, 23.094139787011628 ], [ 72.630997495414562, 23.093794981231095 ], [ 72.631193462479047, 23.093430700341706 ], [ 72.631349571244797, 23.093050469437529 ], [ 72.631464311008102, 23.092657967989116 ], [ 72.631536571403458, 23.092256994240977 ], [ 72.631565653148883, 23.091851428458504 ], [ 72.631608553148894, 23.089482829671617 ], [ 72.631594458691808, 23.089079791843126 ], [ 72.63153772197407, 23.088679936165715 ], [ 72.631438883415242, 23.088287071326214 ], [ 72.631298884456598, 23.087904939455633 ], [ 72.63111905859391, 23.087537180482297 ], [ 72.630901118675808, 23.087187297457305 ], [ 72.63064714058882, 23.086858623182799 ], [ 72.630359543484587, 23.086554288461144 ], [ 72.630041066737149, 23.086277192267513 ], [ 72.62969474385045, 23.086029974130465 ], [ 72.629323873564047, 23.085814988983596 ], [ 72.628931988432456, 23.085634284728219 ], [ 72.628522821177427, 23.085489582720967 ], [ 72.628100269133711, 23.085382261372448 ], [ 72.627668357126623, 23.085313343013333 ], [ 72.627231199135565, 23.08528348415317 ], [ 72.62679295910813, 23.085292969224849 ], [ 72.625312359108122, 23.085391672251049 ], [ 72.625293919231325, 23.085392936636381 ], [ 72.622633219231332, 23.08558044238352 ], [ 72.622617641575488, 23.085581565252355 ], [ 72.614850182931761, 23.086153965006705 ], [ 72.611425451603694, 23.086405997758835 ], [ 72.611138496268183, 23.086419781131976 ], [ 72.610843470614583, 23.086427297475318 ], [ 72.610548841746578, 23.086428244395723 ], [ 72.610254299967409, 23.086422490311712 ], [ 72.609958861927112, 23.086410134320083 ], [ 72.609665544546232, 23.08639130618343 ], [ 72.609362943553833, 23.08636489072364 ], [ 72.609061224868839, 23.086331478882368 ], [ 72.608760279614586, 23.086291113180639 ], [ 72.608460516646915, 23.086243803806884 ], [ 72.608220169572618, 23.08620016717834 ], [ 72.608150706274813, 23.086184101983662 ], [ 72.60805114070034, 23.086157460678724 ], [ 72.607952480640776, 23.086127360774441 ], [ 72.607855508131678, 23.086094102235279 ], [ 72.607759668287514, 23.086057420321982 ], [ 72.607665841518909, 23.086017760082409 ], [ 72.607571305599848, 23.085973760058838 ], [ 72.607478693197308, 23.085926529540522 ], [ 72.607388156672542, 23.085876170394894 ], [ 72.607299771195912, 23.085822699841358 ], [ 72.607212871284617, 23.085765707880018 ], [ 72.607107199943101, 23.085690752559508 ], [ 72.607027902960894, 23.085631453846176 ], [ 72.606961391120947, 23.085578318722462 ], [ 72.606897390788575, 23.085523786215546 ], [ 72.606835674818029, 23.085467618612793 ], [ 72.606775888797358, 23.085409584292851 ], [ 72.606720216528586, 23.085351859573688 ], [ 72.606658146327078, 23.085282972621133 ], [ 72.606600051138116, 23.085213618540415 ], [ 72.606545024892625, 23.085143002753387 ], [ 72.606493183535733, 23.085071172698878 ], [ 72.606443531976623, 23.084996863047103 ], [ 72.606397014493766, 23.084921396892579 ], [ 72.606335721108366, 23.08481323980606 ], [ 72.60626943475657, 23.084690893108274 ], [ 72.60622391326099, 23.084598868231168 ], [ 72.606182203483584, 23.084505934830016 ], [ 72.606144099064025, 23.084411669098035 ], [ 72.606109416927723, 23.084315565482488 ], [ 72.606078551466609, 23.084218768602181 ], [ 72.606051555342773, 23.084121354138258 ], [ 72.606028010906542, 23.084021843379364 ], [ 72.60600844725802, 23.083922231258111 ], [ 72.605992711576278, 23.083821767685713 ], [ 72.605980892792502, 23.083721185428281 ], [ 72.605973010099234, 23.083620538653339 ], [ 72.605968985747609, 23.083518656739255 ], [ 72.605968863595962, 23.083417555886381 ], [ 72.605971472457583, 23.083348853068994 ], [ 72.605972686940419, 23.083316669316826 ], [ 72.605980447427484, 23.083215497290883 ], [ 72.606000564437636, 23.083041220974035 ], [ 72.606025433628801, 23.082647862072584 ], [ 72.606009461073143, 23.082254111345389 ], [ 72.60595279201641, 23.081863549359813 ], [ 72.605855941776213, 23.08147972771744 ], [ 72.605719791055975, 23.081106136756123 ], [ 72.605545577936383, 23.080746173808183 ], [ 72.605334886616816, 23.080403112303262 ], [ 72.605089633009626, 23.080080071997109 ], [ 72.604812047317807, 23.079779990597132 ], [ 72.604504653754788, 23.079505597042846 ], [ 72.604170247590517, 23.079259386684498 ], [ 72.603811869732922, 23.079043598585748 ], [ 72.603432779075419, 23.078860195157016 ], [ 72.603036422862417, 23.078710844304904 ], [ 72.602626405341852, 23.078596904260269 ], [ 72.602206454990238, 23.078519411223002 ] ] ] } },
{ "type": "Feature", "properties": { "version": 1, "visible": null, "lon": null, "timestamp": 1772032143, "tags": { "visible": false }, "changeset": null, "lat": null, "id": 1482917214, "natural": "water", "water": "river", "wetland": null, "osm_type": "way", "grassland": null, "reef": null, "Risk": "Low" }, "geometry": { "type": "Polygon", "coordinates": [ [ [ 72.622626646851117, 23.089345170293132 ], [ 72.622583746851106, 23.091713771506235 ], [ 72.622597329234338, 23.092110945411253 ], [ 72.622652326558452, 23.092505081014153 ], [ 72.622748230107263, 23.092892532668252 ], [ 72.622884152788771, 23.093269716582736 ], [ 72.623058837340608, 23.093633143969448 ], [ 72.62327066795946, 23.093979453309881 ], [ 72.623517685247066, 23.094305441444039 ], [ 72.623797604334314, 23.094608093193845 ], [ 72.624107836015753, 23.09488460924717 ], [ 72.624445510699559, 23.095132432044863 ], [ 72.624807504950624, 23.095349269431534 ], [ 72.625190470381824, 23.095533115851527 ], [ 72.625590864626119, 23.095682270894272 ], [ 72.626004984102821, 23.095795355017703 ], [ 72.626428998275074, 23.095871322304451 ], [ 72.626858985081739, 23.095909470133009 ], [ 72.629434342141266, 23.096023373578753 ], [ 72.63141021300973, 23.096110698982887 ], [ 72.633087572543417, 23.096223441518298 ], [ 72.63476378655632, 23.096691196335954 ], [ 72.63648777252051, 23.097285123499322 ], [ 72.637553563198082, 23.097950085270824 ], [ 72.638854388412383, 23.099297552386112 ], [ 72.640416470304089, 23.101324033173 ], [ 72.64124986567154, 23.102638193143996 ], [ 72.642076272668447, 23.105162225037205 ], [ 72.642195700541379, 23.106730550442325 ], [ 72.642220578971447, 23.106962860814576 ], [ 72.642722378971442, 23.110593646727761 ], [ 72.64279717706178, 23.110984028682051 ], [ 72.642912311095543, 23.111366018787162 ], [ 72.643066721013, 23.111736100078023 ], [ 72.643258985134395, 23.112090865262015 ], [ 72.643487333249411, 23.112427048086364 ], [ 72.643749662916008, 23.112741553406263 ], [ 72.644043558817899, 23.113031485676814 ], [ 72.644366315002785, 23.113294175606924 ], [ 72.644714959796573, 23.113527204729792 ], [ 72.645086283164076, 23.113728427664039 ], [ 72.645476866264474, 23.113895991860733 ], [ 72.645883112929056, 23.11402835465481 ], [ 72.64630128277193, 23.114124297463867 ], [ 72.646727525628307, 23.11418293700406 ], [ 72.647157917003781, 23.1142037334197 ], [ 72.651077617003779, 23.114219932921216 ], [ 72.651522187522801, 23.114201493580758 ], [ 72.651962591951488, 23.114142682695388 ], [ 72.652394506966147, 23.114044077542154 ], [ 72.652813692581205, 23.113906646013163 ], [ 72.653216033771983, 23.113731737117444 ], [ 72.65359758087061, 23.113521067742674 ], [ 72.653954588338934, 23.113276705806605 ], [ 72.654283551537219, 23.113001049963277 ], [ 72.654581241128284, 23.112696806063042 ], [ 72.654844734779005, 23.11236696059721 ], [ 72.655071445847909, 23.112014751387751 ], [ 72.655259148777631, 23.111643635809372 ], [ 72.655406000942449, 23.11125725685584 ], [ 72.655510560736843, 23.110859407383288 ], [ 72.65557180172739, 23.110453992881315 ], [ 72.655589122728884, 23.110044993137269 ], [ 72.655562353706017, 23.109636423169732 ], [ 72.655491757442604, 23.109232293814838 ], [ 72.6544948574426, 23.104906366218156 ], [ 72.654420993502342, 23.104632354934356 ], [ 72.653820193502341, 23.102690238584088 ], [ 72.653747354455973, 23.102476893722795 ], [ 72.653554404337626, 23.10196102192322 ], [ 72.653009354199469, 23.100503440680249 ], [ 72.652902367974889, 23.100245663044014 ], [ 72.652198567974892, 23.098706244689936 ], [ 72.652071150656511, 23.09845201063942 ], [ 72.651281450656512, 23.097007190680049 ], [ 72.650964680930102, 23.096515610976024 ], [ 72.649471280930086, 23.094525976212669 ], [ 72.649438516822002, 23.094482913202874 ], [ 72.648202516822039, 23.092880184688063 ], [ 72.648061133053162, 23.092706684215109 ], [ 72.645846733053162, 23.09013283510355 ], [ 72.645829224991445, 23.090112615181759 ], [ 72.64499662499145, 23.089157196809012 ], [ 72.644671010925038, 23.088822571340842 ], [ 72.64430783960465, 23.088522431188061 ], [ 72.643911401719123, 23.088260322599503 ], [ 72.643043988899706, 23.087750207855812 ], [ 72.642554788899702, 23.087462600405583 ], [ 72.642112401190843, 23.08723381560371 ], [ 72.641644781180403, 23.087052399565138 ], [ 72.640297181180401, 23.086610286763531 ], [ 72.639862870286322, 23.08649016192998 ], [ 72.639417605101826, 23.086410938564843 ], [ 72.638453327887305, 23.08628543771027 ], [ 72.637658150625299, 23.086181937519402 ], [ 72.637524897394954, 23.0861664590164 ], [ 72.636077905576172, 23.086018561989032 ], [ 72.634987211979521, 23.085826523825649 ], [ 72.633781777944762, 23.085547536871218 ], [ 72.633287646451436, 23.085459915424707 ], [ 72.632785961508787, 23.08542369218409 ], [ 72.632283020539575, 23.085439321884785 ], [ 72.630983928356258, 23.085546948793489 ], [ 72.630345708134115, 23.085474713679819 ], [ 72.629791908134109, 23.085412111769788 ], [ 72.629471354689713, 23.085386557546489 ], [ 72.627344854689724, 23.085287454503955 ], [ 72.626894551254026, 23.08528726030924 ], [ 72.626446489700641, 23.085328544964366 ], [ 72.626005173535233, 23.085410893475778 ], [ 72.625575038464945, 23.085533478076972 ], [ 72.625160407814789, 23.085695066551427 ], [ 72.62476544907345, 23.085894034622072 ], [ 72.624394132005605, 23.08612838228251 ], [ 72.624050188751383, 23.086395753905752 ], [ 72.623737076314328, 23.08669346192794 ], [ 72.623457941814777, 23.087018513868852 ], [ 72.623215590857853, 23.087367642417256 ], [ 72.623012459334106, 23.087737338278387 ], [ 72.622850588936117, 23.088123885453101 ], [ 72.622731606637373, 23.088523398593921 ], [ 72.622656708339264, 23.088931862062111 ], [ 72.622626646851117, 23.089345170293132 ] ] ] } },
{ "type": "Feature", "properties": { "version": 1, "visible": null, "lon": null, "timestamp": 1772032143, "tags": { "visible": false }, "changeset": null, "lat": null, "id": 1482917215, "natural": "water", "water": null, "wetland": null, "osm_type": "way", "grassland": null, "reef": null, "Risk": "Low" }, "geometry": { "type": "Polygon", "coordinates": [ [ [ 72.608919433017135, 23.103901977600572 ], [ 72.610357033017124, 23.103556587879559 ], [ 72.610830479385243, 23.103416670066132 ], [ 72.611284208162132, 23.103229469984949 ], [ 72.611712657646137, 23.102997282098858 ], [ 72.611937957646148, 23.102859185633541 ], [ 72.612280022173977, 23.102627301393394 ], [ 72.612596732379018, 23.102366721796606 ], [ 72.612885253641849, 23.102079778922732 ], [ 72.613143003639678, 23.101769040807419 ], [ 72.613367675458704, 23.101437288463664 ], [ 72.613557258241372, 23.10108749099679 ], [ 72.613710055184029, 23.100722779035436 ], [ 72.613824698723576, 23.100346416716476 ], [ 72.613900162777497, 23.099961772474131 ], [ 72.614104062777471, 23.098540678192755 ], [ 72.614142027109935, 23.09807034814677 ], [ 72.614121470224035, 23.097599101048395 ], [ 72.614035670224055, 23.096789798632752 ], [ 72.613970153810897, 23.096382843459743 ], [ 72.613860963799453, 23.095983897894548 ], [ 72.613709182795574, 23.095596917523409 ], [ 72.613516315689793, 23.095225739329969 ], [ 72.613284274736372, 23.094874043647341 ], [ 72.613015360593565, 23.094545317662277 ], [ 72.612693460593562, 23.094190110668276 ], [ 72.612378289332369, 23.093876769576923 ], [ 72.612029651928779, 23.093595014818845 ], [ 72.611651270220378, 23.093347854441252 ], [ 72.61124718357658, 23.093137927173174 ], [ 72.610821705776857, 23.092967474247601 ], [ 72.610564205776853, 23.092878571688228 ], [ 72.610116942506693, 23.092748228531899 ], [ 72.609657338363988, 23.092661513495266 ], [ 72.609190408117044, 23.092619372816358 ], [ 72.608721246469798, 23.092622266336644 ], [ 72.608254972473077, 23.092670162481852 ], [ 72.607796673670393, 23.09276253860661 ], [ 72.607249473670393, 23.092900742704643 ], [ 72.60682569390255, 23.093028906757247 ], [ 72.606417825053256, 23.093195107250349 ], [ 72.606029890398119, 23.093397704621324 ], [ 72.60566571657904, 23.093634700261667 ], [ 72.605328895857681, 23.093903756237857 ], [ 72.605022750680888, 23.094202218359971 ], [ 72.604750300907696, 23.094527142370186 ], [ 72.604514234020911, 23.094875322992692 ], [ 72.604316878617439, 23.095243325558041 ], [ 72.604160181438658, 23.095627519889778 ], [ 72.603334081438661, 23.098005942149985 ], [ 72.60320935251417, 23.098447981252107 ], [ 72.603138424682086, 23.09889998087132 ], [ 72.603106224682094, 23.09923548177872 ], [ 72.603089574858046, 23.099674361659602 ], [ 72.60312366355285, 23.100112386394198 ], [ 72.603208105623452, 23.100544607096726 ], [ 72.603341947021249, 23.100966140503729 ], [ 72.603523675571083, 23.101372224142906 ], [ 72.603751238056162, 23.101758270135221 ], [ 72.603955138056165, 23.102064165217389 ], [ 72.604203695689364, 23.102398994965306 ], [ 72.60448673717616, 23.102709802263863 ], [ 72.60480153661878, 23.10299359398671 ], [ 72.605145062266999, 23.103247637190115 ], [ 72.605514005716159, 23.103469485426313 ], [ 72.605904813769399, 23.10365700229789 ], [ 72.606313722657688, 23.103808382026532 ], [ 72.606736794287599, 23.103922166838352 ], [ 72.607169954168114, 23.103997260998536 ], [ 72.607609030650934, 23.10403294136038 ], [ 72.608049795106524, 23.104028864327198 ], [ 72.608488002648926, 23.10398506916021 ], [ 72.608919433017135, 23.103901977600572 ] ] ] } },
{ "type": "Feature", "properties": { "version": 1, "visible": null, "lon": null, "timestamp": 1777930978, "tags": { "visible": false }, "changeset": null, "lat": null, "id": 1509301524, "natural": "water", "water": "canal", "wetland": null, "osm_type": "way", "grassland": null, "reef": null, "Risk": "Low" }, "geometry": { "type": "Polygon", "coordinates": [ [ [ 72.467499170753854, 23.049885938293933 ], [ 72.468724270753867, 23.049972435646996 ], [ 72.469176155122483, 23.049983348100213 ], [ 72.469626943001472, 23.049952410714294 ], [ 72.470072068470856, 23.049879936817806 ], [ 72.470507022963801, 23.049766660414843 ], [ 72.470927400932808, 23.049613728753155 ], [ 72.471328944472404, 23.049422690708059 ], [ 72.471707586446456, 23.049195481099574 ], [ 72.472059491683197, 23.048934401101494 ], [ 72.472381095820637, 23.04864209494049 ], [ 72.472669141409298, 23.048321523121018 ], [ 72.472920710905953, 23.047975932446889 ], [ 72.473133256224841, 23.047608823142856 ], [ 72.473304624546429, 23.04722391340891 ], [ 72.473433080123044, 23.046825101766018 ], [ 72.473472380123042, 23.046675902844594 ], [ 72.473554033707643, 23.046284227969867 ], [ 72.473594282832039, 23.045887133621665 ], [ 72.473592752736707, 23.045488317113261 ], [ 72.473549457668369, 23.045091491825609 ], [ 72.473464800747308, 23.044700352632074 ], [ 72.473339570213966, 23.044318541494164 ], [ 72.473174932089591, 23.043949613548833 ], [ 72.472972419319461, 23.043597004003104 ], [ 72.472733917499596, 23.043263996144418 ], [ 72.472461647319975, 23.042953690764726 ], [ 72.472158143887711, 23.042668977283203 ], [ 72.471826233122712, 23.042412506836708 ], [ 72.471469005445499, 23.042186667588698 ], [ 72.471089787002228, 23.041993562486866 ], [ 72.470692108695161, 23.041834989676623 ], [ 72.470279673306237, 23.041712425753293 ], [ 72.4698563210206, 23.041627012008867 ], [ 72.469425993670541, 23.041579543801753 ], [ 72.468176693670557, 23.041497741297977 ], [ 72.467742984854837, 23.041488670352621 ], [ 72.467310348053147, 23.041518144777772 ], [ 72.466882819223613, 23.041585889588919 ], [ 72.466464386673493, 23.041691272754949 ], [ 72.46605895385305, 23.041833311096333 ], [ 72.46567030294149, 23.042010679460162 ], [ 72.465302059563825, 23.042221723086456 ], [ 72.464957658968444, 23.042464473049954 ], [ 72.464640313980468, 23.042736664633523 ], [ 72.464352985030175, 23.043035758461169 ], [ 72.464098352535942, 23.043358964193615 ], [ 72.463878791899234, 23.043703266564961 ], [ 72.463696351345121, 23.044065453517355 ], [ 72.46355273281489, 23.044442146171026 ], [ 72.463449276089108, 23.044829830349812 ], [ 72.463386946289134, 23.045224889368011 ], [ 72.463371846289135, 23.045369389792466 ], [ 72.463351251345117, 23.045779532720729 ], [ 72.463374980167742, 23.046189530987789 ], [ 72.463442798594841, 23.046595338644135 ], [ 72.463554037376568, 23.046992951130385 ], [ 72.463707598779806, 23.047378444793061 ], [ 72.46390196742081, 23.047748015600753 ], [ 72.464135225219422, 23.048098016678505 ], [ 72.464405070327217, 23.048424994290436 ], [ 72.464708839842714, 23.048725721915535 ], [ 72.465043536089581, 23.048997232080822 ], [ 72.465405856198473, 23.049236845637807 ], [ 72.465792224700607, 23.049442198193777 ], [ 72.466198828811443, 23.049611263437313 ], [ 72.466621656056205, 23.049742373128122 ], [ 72.467056533866014, 23.049834233554165 ], [ 72.467499170753854, 23.049885938293933 ] ] ] } },
{ "type": "Feature", "properties": { "version": 1, "visible": null, "lon": null, "timestamp": 1777931071, "tags": { "visible": false }, "changeset": null, "lat": null, "id": 1509301622, "natural": "water", "water": "canal", "wetland": null, "osm_type": "way", "grassland": null, "reef": null, "Risk": "Low" }, "geometry": { "type": "Polygon", "coordinates": [ [ [ 72.468603172113262, 23.049957636532501 ], [ 72.470499863059558, 23.050416427022096 ], [ 72.470945482594487, 23.050502264387362 ], [ 72.47139825639016, 23.050546151216516 ], [ 72.471853532456308, 23.050547636638722 ], [ 72.472306633093297, 23.050506705393527 ], [ 72.47275290295272, 23.050423777987568 ], [ 72.473187756868512, 23.050299706375693 ], [ 72.473606726966864, 23.050135765210751 ], [ 72.474005508571054, 23.049933638751821 ], [ 72.474380004429491, 23.049695403565305 ], [ 72.474726366812703, 23.049423507196149 ], [ 72.475041037046452, 23.049120743028364 ], [ 72.475320782075116, 23.048790221592576 ], [ 72.47556272767946, 23.048435338615164 ], [ 72.47576438800759, 23.048059740137003 ], [ 72.475923691115653, 23.047667285059738 ], [ 72.475967891115644, 23.04753888624969 ], [ 72.476078320561456, 23.047154882911816 ], [ 72.476148179277587, 23.046762897171103 ], [ 72.476176821997143, 23.046366549644812 ], [ 72.476163984154738, 23.045969501270331 ], [ 72.476109784330177, 23.045575419490884 ], [ 72.476014723153241, 23.045187944379922 ], [ 72.475879678679433, 23.044810655017145 ], [ 72.475705898279699, 23.044447036426831 ], [ 72.475494987118637, 23.044100447383876 ], [ 72.4752488933281, 23.043774089385067 ], [ 72.474969890012872, 23.04347097707242 ], [ 72.474660554254427, 23.043193910381909 ], [ 72.47432374330721, 23.042945448675042 ], [ 72.473962568206886, 23.042727887092532 ], [ 72.473580365034493, 23.042543235348592 ], [ 72.473180664101946, 23.042393199162074 ], [ 72.472767157343426, 23.04227916449608 ], [ 72.470188357343417, 23.041690646968128 ], [ 72.469754372539043, 23.041612249478757 ], [ 72.469314113030251, 23.041573507920134 ], [ 72.468871847382388, 23.041574797947892 ], [ 72.468431863611514, 23.04161610705334 ], [ 72.467998427609544, 23.041697034684766 ], [ 72.467575741784074, 23.041816796132469 ], [ 72.467167904313683, 23.041974230139679 ], [ 72.466778869413702, 23.042167810165488 ], [ 72.466412408997897, 23.042395659190579 ], [ 72.46607207610765, 23.042655567921809 ], [ 72.465761170463111, 23.042945016219065 ], [ 72.465482706470681, 23.0432611975363 ], [ 72.465239383996504, 23.043601046139617 ], [ 72.465033562189873, 23.043961266838103 ], [ 72.464867236609763, 23.044338366939041 ], [ 72.464742019876951, 23.044728690117253 ], [ 72.464702719876954, 23.044877891195803 ], [ 72.464620812008661, 23.045271217890409 ], [ 72.464580656861628, 23.045669991571899 ], [ 72.464582631443591, 23.046070468211092 ], [ 72.464626717215666, 23.046468887823313 ], [ 72.464712500266302, 23.046861509770071 ], [ 72.464839175197525, 23.047244647877704 ], [ 72.465005552686506, 23.047614705043607 ], [ 72.465210070651992, 23.047968207005006 ], [ 72.465450808920224, 23.048301834953492 ], [ 72.465725507253083, 23.048612456689195 ], [ 72.466031586568945, 23.048897156022406 ], [ 72.466366173157112, 23.04915326014666 ], [ 72.46672612565844, 23.049378364726703 ], [ 72.467108064558815, 23.049570356465889 ], [ 72.467508403918799, 23.049727432941463 ], [ 72.467923385041075, 23.049848119521666 ], [ 72.468349111760034, 23.04993128320606 ], [ 72.468603172113262, 23.049957636532501 ] ] ] } },
{ "type": "Feature", "properties": { "version": 1, "visible": null, "lon": null, "timestamp": 1784214784, "tags": { "visible": false, "name": "Jagatpur Lake" }, "changeset": null, "lat": null, "id": 1539775940, "natural": "water", "water": "lake", "wetland": null, "osm_type": "way", "grassland": null, "reef": null, "Risk": "Low" }, "geometry": { "type": "Polygon", "coordinates": [ [ [ 72.54284845770384, 23.114468918496865 ], [ 72.542850943350771, 23.114704130451429 ], [ 72.542864343350757, 23.11492123007276 ], [ 72.542906960651663, 23.115300773916402 ], [ 72.542987472542364, 23.115675081169631 ], [ 72.543105192137659, 23.116040958496317 ], [ 72.543150792137652, 23.116161857276897 ], [ 72.543310545425044, 23.116527941078498 ], [ 72.543507536477449, 23.116878340720621 ], [ 72.543739969029616, 23.117209861214864 ], [ 72.544005723642528, 23.117519479738228 ], [ 72.544302377029553, 23.117804373191351 ], [ 72.544406977029539, 23.117895671153189 ], [ 72.544772909827401, 23.118182443945869 ], [ 72.545170073891256, 23.118431602166638 ], [ 72.545557862159257, 23.118622538124264 ], [ 72.545557799611331, 23.118622651873906 ], [ 72.545563100609982, 23.11862511738714 ], [ 72.545593918971178, 23.118640291463212 ], [ 72.545679818971195, 23.118677290431958 ], [ 72.545680333135294, 23.118676280733649 ], [ 72.545927276519606, 23.118780099915924 ], [ 72.546260057789667, 23.118891776383897 ], [ 72.546310557789653, 23.118906675947233 ], [ 72.546648091270725, 23.118993063929373 ], [ 72.546991919306947, 23.119054993036382 ], [ 72.547044319306963, 23.119062492808297 ], [ 72.54737268387872, 23.119098162491436 ], [ 72.547703011899301, 23.119111519325852 ], [ 72.547748811899297, 23.119111819316622 ], [ 72.548346378724176, 23.119079044139443 ], [ 72.548391778724181, 23.119073744301271 ], [ 72.548843694810529, 23.118999235270202 ], [ 72.549284979557868, 23.118882686713775 ], [ 72.549711022183189, 23.118725316287119 ], [ 72.550117371161534, 23.118528768141797 ], [ 72.550203171161513, 23.118481969380674 ], [ 72.550599071113439, 23.118239070113709 ], [ 72.550854565495371, 23.11804342433852 ], [ 72.551151918091733, 23.117817759922797 ], [ 72.551481280360392, 23.117509203423197 ], [ 72.551773769029467, 23.117170672945338 ], [ 72.552026179471696, 23.116805877357663 ], [ 72.55206107947167, 23.116749078217698 ], [ 72.552244964112703, 23.116415376303255 ], [ 72.552395268961803, 23.116067741634136 ], [ 72.552510761268593, 23.115709025297321 ], [ 72.552590493803606, 23.11534216928802 ], [ 72.552681693803621, 23.114794571839617 ], [ 72.552729482761762, 23.11434326495197 ], [ 72.552723203050604, 23.113889858113765 ], [ 72.55271520305061, 23.113781257887847 ], [ 72.552675766188699, 23.113447597499921 ], [ 72.552671166188702, 23.113419397371167 ], [ 72.552585801118369, 23.113026822787038 ], [ 72.552459519828417, 23.11264369055052 ], [ 72.55244911982841, 23.112616890273301 ], [ 72.552293067596707, 23.112266400497848 ], [ 72.552102770600143, 23.111930527662441 ], [ 72.552087170600146, 23.111905827280651 ], [ 72.551850972028575, 23.111570333976587 ], [ 72.551580628474142, 23.111257403885421 ], [ 72.551560228474131, 23.111236003451285 ], [ 72.551238620586915, 23.110931688819068 ], [ 72.550884764696647, 23.110659326336776 ], [ 72.550855164696657, 23.110638825832844 ], [ 72.550430165659151, 23.110377939954766 ], [ 72.549975701053143, 23.110163137663051 ], [ 72.54994190105316, 23.110149337274919 ], [ 72.549461168872554, 23.109982625260528 ], [ 72.548962882449644, 23.109867496739863 ], [ 72.548926482449659, 23.109861096546421 ], [ 72.548427809320245, 23.10979980010617 ], [ 72.548365035240408, 23.109798599796292 ], [ 72.547931650060406, 23.109763152995463 ], [ 72.547508688251611, 23.109746979414709 ], [ 72.547085949507959, 23.109767501836522 ], [ 72.546667188975206, 23.109824537945574 ], [ 72.54625612646106, 23.109917581049753 ], [ 72.545856413392528, 23.110045804582754 ], [ 72.54547160038058, 23.110208069448944 ], [ 72.545388500380568, 23.110247570528756 ], [ 72.545001539363071, 23.110454607418305 ], [ 72.544638908095678, 23.110696044450414 ], [ 72.544304208926022, 23.110969483031941 ], [ 72.544000766726739, 23.111272206661038 ], [ 72.543731595866447, 23.111601207920007 ], [ 72.543499370265167, 23.111953218358199 ], [ 72.543476715239265, 23.111996835059621 ], [ 72.543433666211683, 23.112058313104992 ], [ 72.543217063388738, 23.112455941917741 ], [ 72.54304819197165, 23.112872681454178 ], [ 72.542929009222973, 23.11330370144255 ], [ 72.542860896500912, 23.113744006138901 ], [ 72.542852896500918, 23.11382790636446 ], [ 72.542835734413586, 23.11417972660702 ], [ 72.54284845770384, 23.114468918496865 ] ] ] } },
{ "type": "Feature", "properties": { "version": 1, "visible": null, "lon": null, "timestamp": 1319822974, "tags": { "source:position": "Bing Imagery 2011", "source:tracer": "scanaerial", "source:zoomlevel": "16", "type": "multipolygon", "members": [ { "member_id": 135070033, "member_type": "way", "member_role": "inner" }, { "member_id": 135070026, "member_type": "way", "member_role": "outer" } ] }, "changeset": 0.0, "lat": null, "id": 1817071, "natural": "water", "water": null, "wetland": null, "osm_type": "relation", "grassland": null, "reef": null, "Risk": "Low" }, "geometry": { "type": "Polygon", "coordinates": [ [ [ 72.606929967452785, 23.161202092080149 ], [ 72.606940656190332, 23.161402109515869 ], [ 72.607005345646471, 23.161803018488055 ], [ 72.607112468825036, 23.16219616520306 ], [ 72.607190916114249, 23.162397715826511 ], [ 72.607212851293752, 23.162506126963898 ], [ 72.607337967069583, 23.162900896665828 ], [ 72.607505164275224, 23.163282268555651 ], [ 72.60771278519492, 23.16364646156288 ], [ 72.60774928666747, 23.16369741867852 ], [ 72.60779483115617, 23.163814725657556 ], [ 72.607979508298058, 23.164175828574848 ], [ 72.60820123168476, 23.164518857322197 ], [ 72.608457931038004, 23.164840609118205 ], [ 72.608747209501502, 23.165138079861798 ], [ 72.609066366020926, 23.165408492176123 ], [ 72.609412420564198, 23.165649321335113 ], [ 72.609782141946681, 23.165858318831013 ], [ 72.610172078001469, 23.166033533363038 ], [ 72.610578587812924, 23.166173329051372 ], [ 72.610997875712783, 23.166276400706654 ], [ 72.611426026721034, 23.166341786012641 ], [ 72.611859043100949, 23.16636887450835 ], [ 72.612292881686813, 23.166357413286022 ], [ 72.612723491635748, 23.16630750935164 ], [ 72.613146852251418, 23.166219628626234 ], [ 72.613332463960688, 23.166163319358198 ], [ 72.613557999377903, 23.166111096024373 ], [ 72.613974928023225, 23.165973162357645 ], [ 72.614375045093553, 23.165798131447307 ], [ 72.614754456592678, 23.165587706577391 ], [ 72.615109470033971, 23.165343935471121 ], [ 72.61543663037618, 23.165069190368481 ], [ 72.615691498106074, 23.164808364915174 ], [ 72.61600690435948, 23.164544845370433 ], [ 72.616302287121286, 23.164244462099251 ], [ 72.616564248959335, 23.163918923729799 ], [ 72.616790270800379, 23.163571360527488 ], [ 72.616978179176812, 23.163205114566068 ], [ 72.617126167127097, 23.162823707595741 ], [ 72.617232811571881, 23.162430807182645 ], [ 72.617297086998533, 23.162030191445215 ], [ 72.617318375322753, 23.161625712726352 ], [ 72.617296471832077, 23.161221260550562 ], [ 72.617231587154507, 23.160820724222216 ], [ 72.617176714306893, 23.160619754986985 ], [ 72.617176026697777, 23.160596698607478 ], [ 72.617117817223544, 23.160182668990828 ], [ 72.617077902589884, 23.160025714088398 ], [ 72.617057997853777, 23.159904103793341 ], [ 72.616947849094373, 23.159505731763797 ], [ 72.616795171671214, 23.15911939968575 ], [ 72.616762431116186, 23.159056779094872 ], [ 72.616738778967914, 23.158969961498748 ], [ 72.616590290148125, 23.158588395282973 ], [ 72.61640183927409, 23.158222046651879 ], [ 72.616175241152149, 23.157874443729206 ], [ 72.615912677951627, 23.157548934134642 ], [ 72.615657470329865, 23.157290034977319 ], [ 72.615596809059014, 23.157216092508452 ], [ 72.615316274448503, 23.156933042419354 ], [ 72.61516607444851, 23.156794939408798 ], [ 72.614839474034341, 23.156522766813382 ], [ 72.614485430521597, 23.15628133827985 ], [ 72.614107353680282, 23.15607297916263 ], [ 72.613708884743787, 23.155899696313252 ], [ 72.613293861340438, 23.155763158746453 ], [ 72.612866280533538, 23.155664681560619 ], [ 72.612430260326022, 23.155605213267819 ], [ 72.61199, 23.155585326655462 ], [ 72.6119471, 23.155585326655462 ], [ 72.611485283789875, 23.155607213618126 ], [ 72.611028362688074, 23.155672642489797 ], [ 72.610581179916281, 23.155780919681703 ], [ 72.610148475472926, 23.155930897387112 ], [ 72.609734835890649, 23.156120985752047 ], [ 72.609344645620496, 23.156349169733041 ], [ 72.608982040558033, 23.156613030462985 ], [ 72.608838561383834, 23.156741590666197 ], [ 72.608751051160397, 23.156801371274632 ], [ 72.608743738401785, 23.156807477372425 ], [ 72.608585498419984, 23.156915210550501 ], [ 72.608259028864495, 23.157186789198029 ], [ 72.60819462886451, 23.15724589048763 ], [ 72.60792100931188, 23.157520746904922 ], [ 72.607675448554232, 23.15781715936302 ], [ 72.607459945650817, 23.158132714694769 ], [ 72.607276254966123, 23.158464843903705 ], [ 72.607125871888002, 23.158810843081795 ], [ 72.607010020653917, 23.159167895425064 ], [ 72.60696712065392, 23.1593257966049 ], [ 72.606878628701637, 23.159740899425994 ], [ 72.606836786567058, 23.160162146202818 ], [ 72.606842033263391, 23.160585117121414 ], [ 72.606894313741591, 23.161005374319569 ], [ 72.606929967452785, 23.161202092080149 ] ] ] } },
{ "type": "Feature", "properties": { "version": 2, "visible": null, "lon": null, "timestamp": 1744061225, "tags": { "type": "multipolygon", "members": [ { "member_id": 366459043, "member_type": "way", "member_role": "outer" }, { "member_id": 366459044, "member_type": "way", "member_role": "inner" } ] }, "changeset": 0.0, "lat": null, "id": 5449576, "natural": "water", "water": null, "wetland": null, "osm_type": "relation", "grassland": null, "reef": null, "Risk": "Low" }, "geometry": { "type": "Polygon", "coordinates": [ [ [ 72.487943573463824, 23.03639372906952 ], [ 72.487944804167469, 23.036409793433787 ], [ 72.487958704167468, 23.03651709304415 ], [ 72.488032311871038, 23.036917101519208 ], [ 72.488148177768167, 23.037308541384011 ], [ 72.48830518561391, 23.037687641621769 ], [ 72.488501822804366, 23.038050750123261 ], [ 72.488736194948885, 23.038394368866467 ], [ 72.489006044120671, 23.038715187610791 ], [ 72.48930877060937, 23.039010115781508 ], [ 72.489641457966627, 23.03927631223754 ], [ 72.490000901102889, 23.039511212635919 ], [ 72.490383637165053, 23.039712554129714 ], [ 72.490443932785453, 23.039737407663239 ], [ 72.490475859698009, 23.039754221181258 ], [ 72.490878294239508, 23.039920290668679 ], [ 72.491296487789015, 23.040049238753038 ], [ 72.491726408106985, 23.040139822219626 ], [ 72.492163909883942, 23.040191167736904 ], [ 72.492604774709633, 23.040202780274281 ], [ 72.493044751747163, 23.040174547873445 ], [ 72.493136751747159, 23.04016444818112 ], [ 72.493571084478887, 23.040096747316564 ], [ 72.493996121501425, 23.039990219188258 ], [ 72.494407774358606, 23.039845888405939 ], [ 72.494802083337404, 23.039665143177011 ], [ 72.495175255556504, 23.039449721957876 ], [ 72.495523701450381, 23.03920169673707 ], [ 72.495844069297462, 23.038923453110868 ], [ 72.495852455388459, 23.038914586333323 ], [ 72.495908542763672, 23.03886596436794 ], [ 72.496198344628681, 23.038560058551923 ], [ 72.496454150185443, 23.0382294732138 ], [ 72.496673493368164, 23.037877395156418 ], [ 72.496854259622609, 23.037507218395547 ], [ 72.496877796570757, 23.037442746828894 ], [ 72.496909074459381, 23.037378561682871 ], [ 72.497049124165571, 23.036994041495291 ], [ 72.497147552731334, 23.036598741091382 ], [ 72.497203412639209, 23.03619646573182 ], [ 72.49721616615679, 23.035791087854214 ], [ 72.497185690512964, 23.035386509797046 ], [ 72.497177890512958, 23.035326109578396 ], [ 72.49710439820187, 23.034925887411898 ], [ 72.496988605465859, 23.03453422711307 ], [ 72.496831628880926, 23.034154905507872 ], [ 72.496634982154177, 23.033791580470087 ], [ 72.496400561527309, 23.033447755644257 ], [ 72.496130627491397, 23.033126746654986 ], [ 72.495827782989252, 23.032831649128497 ], [ 72.495755930144625, 23.032774151234218 ], [ 72.495750633976499, 23.032768987891288 ], [ 72.495418149437441, 23.03250274971419 ], [ 72.495058912605231, 23.032267780312939 ], [ 72.494676382266277, 23.032066342177309 ], [ 72.494274241480412, 23.031900374938267 ], [ 72.493856362119757, 23.031771476686998 ], [ 72.493426767589867, 23.031680888583114 ], [ 72.492989594091682, 23.031629482900406 ], [ 72.492549050797564, 23.031617754625533 ], [ 72.492109379324845, 23.031645816690425 ], [ 72.491856179324841, 23.031673517534138 ], [ 72.491421631650212, 23.031741095918733 ], [ 72.490996372102387, 23.031847540328059 ], [ 72.490584494788123, 23.03199182589789 ], [ 72.490189964979194, 23.032172563426968 ], [ 72.489816580937514, 23.03238801275586 ], [ 72.489467937348124, 23.032636099525451 ], [ 72.489147390711935, 23.032914435153696 ], [ 72.488858027031739, 23.033220339837847 ], [ 72.488602632102243, 23.033550868360621 ], [ 72.488383664690318, 23.033902838451567 ], [ 72.488203232863796, 23.034272861430214 ], [ 72.488063073696296, 23.034657374835938 ], [ 72.487964536544013, 23.035052676729983 ], [ 72.487908570054927, 23.035454961339337 ], [ 72.487895713035968, 23.035860355699107 ], [ 72.487926089265642, 23.036264956940485 ], [ 72.487940589265648, 23.036377456534005 ], [ 72.487943573463824, 23.03639372906952 ] ] ] } },
{ "type": "Feature", "properties": { "version": 1, "visible": null, "lon": null, "timestamp": 1638344346, "tags": { "addr:postcode": "380060", "name": "Lapkaman Lake", "type": "multipolygon", "members": [ { "member_id": 1008019381, "member_type": "way", "member_role": "outer" }, { "member_id": 1008019383, "member_type": "way", "member_role": "inner" } ] }, "changeset": 0.0, "lat": null, "id": 13498663, "natural": "water", "water": "lake", "wetland": null, "osm_type": "relation", "grassland": null, "reef": null, "Risk": "Low" }, "geometry": { "type": "Polygon", "coordinates": [ [ [ 72.493562203111608, 23.133259737237015 ], [ 72.493588115076221, 23.133344518075969 ], [ 72.493729744655127, 23.133687558292753 ], [ 72.493903921868281, 23.134017685261252 ], [ 72.494109272117527, 23.134332293740105 ], [ 72.494344174788651, 23.134628900972068 ], [ 72.494423374788653, 23.134720099219308 ], [ 72.494714984113045, 23.135024017286 ], [ 72.495037581546683, 23.135300189074734 ], [ 72.495186781546693, 23.135415886350614 ], [ 72.495475876977167, 23.135622137916396 ], [ 72.495621776977174, 23.13571773551848 ], [ 72.495813258617133, 23.135836494325574 ], [ 72.495910380475891, 23.135893445334577 ], [ 72.496126660610571, 23.136030278194085 ], [ 72.496491941152982, 23.136217919779753 ], [ 72.496874624587988, 23.136373490145054 ], [ 72.497271390080186, 23.136495639401176 ], [ 72.497445390080188, 23.136541038055981 ], [ 72.49785066167388, 23.136628342238303 ], [ 72.498262981856257, 23.136680771961817 ], [ 72.498678809577399, 23.136697876995491 ], [ 72.49909457366428, 23.136679510452975 ], [ 72.499279573664282, 23.136663410946646 ], [ 72.499891112939537, 23.136570692824943 ], [ 72.500087712939546, 23.136527894107701 ], [ 72.500534407942965, 23.136407868546822 ], [ 72.500965199877712, 23.136245984388914 ], [ 72.501375464147557, 23.136043979329362 ], [ 72.50176079652276, 23.135804021737741 ], [ 72.502117060420133, 23.135528687387691 ], [ 72.502440431309637, 23.135220931814086 ], [ 72.502727437771043, 23.134884058594004 ], [ 72.502974998760095, 23.134521683891499 ], [ 72.503046498760085, 23.134403885659736 ], [ 72.503223334686481, 23.134079904492005 ], [ 72.503368598887903, 23.133742912078329 ], [ 72.50348117245089, 23.133395504051798 ], [ 72.503560188265169, 23.133040356290582 ], [ 72.503594388265171, 23.132842857247105 ], [ 72.503633090506412, 23.132484156652371 ], [ 72.503715882572067, 23.132233563831399 ], [ 72.503739297260481, 23.132121148437434 ], [ 72.503755482917839, 23.132075670083616 ], [ 72.503846647995644, 23.131710187685616 ], [ 72.503901394424958, 23.131338607350173 ], [ 72.503919271014425, 23.130963991409427 ], [ 72.503900130434587, 23.130589427238768 ], [ 72.503844130432071, 23.130218001812707 ], [ 72.503819130432078, 23.130093901116577 ], [ 72.503714063701679, 23.129688023565127 ], [ 72.503565009107618, 23.129293962502931 ], [ 72.503373487420035, 23.128915738566882 ], [ 72.503141452691168, 23.12855721083962 ], [ 72.5028712723186, 23.128222037470049 ], [ 72.5027362723186, 23.128071134517807 ], [ 72.502441246010093, 23.127772383707565 ], [ 72.502115926464597, 23.127501534388681 ], [ 72.501763419035555, 23.127261172142713 ], [ 72.501609819035551, 23.127166769725878 ], [ 72.501161468329428, 23.126924509732156 ], [ 72.500984168329424, 23.126841007443598 ], [ 72.500560861452541, 23.126666400154189 ], [ 72.500120227597748, 23.126532880341692 ], [ 72.499864227597755, 23.12646857843168 ], [ 72.499415277661868, 23.126378225672848 ], [ 72.498958638319777, 23.126330535314661 ], [ 72.498499090227938, 23.126326006683438 ], [ 72.498292290227937, 23.126333706920342 ], [ 72.497777144314313, 23.12638034172069 ], [ 72.497271253771629, 23.126481173715085 ], [ 72.497016153771625, 23.126546375649454 ], [ 72.496583412775564, 23.126679091945878 ], [ 72.496167541316339, 23.126851489314209 ], [ 72.495990041316361, 23.126935291609815 ], [ 72.495560735975616, 23.127166457419374 ], [ 72.495161862244842, 23.127439865814107 ], [ 72.494934391601205, 23.127635268287829 ], [ 72.494933916092577, 23.127634790637583 ], [ 72.494743516092569, 23.127795094278415 ], [ 72.494459186625363, 23.128056953806205 ], [ 72.494201482574951, 23.128341163936042 ], [ 72.493972472325311, 23.128645443406469 ], [ 72.4938560723253, 23.128815946198184 ], [ 72.493679716643513, 23.129098425638478 ], [ 72.493528113037883, 23.12939280537902 ], [ 72.493458413037885, 23.129543207194832 ], [ 72.493292587463884, 23.129962491728772 ], [ 72.493176904563683, 23.130395776659938 ], [ 72.493112714012213, 23.130838006732688 ], [ 72.493100764722101, 23.131284022376239 ], [ 72.493108564722078, 23.131527922155438 ], [ 72.493143584271053, 23.131935298528433 ], [ 72.493222205994982, 23.132337497762883 ], [ 72.493343660337445, 23.132730583160932 ], [ 72.493395660337441, 23.132871881765968 ], [ 72.493539904970746, 23.133213198093763 ], [ 72.493562203111608, 23.133259737237015 ] ] ] } },
{ "type": "Feature", "properties": { "version": 1, "visible": null, "lon": null, "timestamp": 1718025197, "tags": { "type": "multipolygon", "members": [ { "member_id": 1290938416, "member_type": "way", "member_role": "outer" }, { "member_id": 1290938415, "member_type": "way", "member_role": "inner" } ] }, "changeset": 0.0, "lat": null, "id": 17699329, "natural": "water", "water": "pond", "wetland": null, "osm_type": "relation", "grassland": null, "reef": null, "Risk": "Low" }, "geometry": { "type": "Polygon", "coordinates": [ [ [ 72.657842028277614, 23.013489160286998 ], [ 72.657852728277589, 23.013569459987419 ], [ 72.657920849356572, 23.013940211305716 ], [ 72.658025288284207, 23.014303731159679 ], [ 72.65816518106196, 23.01465701230611 ], [ 72.658339370390053, 23.014997132225457 ], [ 72.658546415241446, 23.01532127729611 ], [ 72.658784602783143, 23.0156267660672 ], [ 72.658824802783144, 23.015673665176898 ], [ 72.659125750157045, 23.015990214424889 ], [ 72.659460088129848, 23.016276977840302 ], [ 72.659824355450567, 23.016530986888984 ], [ 72.660214781023242, 23.016749612121121 ], [ 72.66062732294715, 23.016930590384781 ], [ 72.661057710360993, 23.017072048248053 ], [ 72.661501487657091, 23.017172521387394 ], [ 72.661954060608338, 23.017230969741949 ], [ 72.662410743930153, 23.017246788276971 ], [ 72.662866809785115, 23.017219813245259 ], [ 72.662913809785138, 23.017214813397487 ], [ 72.663335745572098, 23.017151071428803 ], [ 72.663749184089099, 23.017050691145027 ], [ 72.664150378612675, 23.016914582146644 ], [ 72.664535693378639, 23.016743977794697 ], [ 72.664901636530729, 23.016540424037512 ], [ 72.665244891764928, 23.016305765405392 ], [ 72.665562348383077, 23.016042128300068 ], [ 72.665851129482988, 23.015751901730162 ], [ 72.666108618030009, 23.015437715667034 ], [ 72.666332480573431, 23.015102417216941 ], [ 72.666368057060396, 23.015042960155323 ], [ 72.6664103328892, 23.01497240293962 ], [ 72.666610810404208, 23.014593286163638 ], [ 72.666621099707896, 23.014567416392691 ], [ 72.666708179674487, 23.014406832795579 ], [ 72.666857201730096, 23.014054777527555 ], [ 72.66697067974556, 23.013691669017668 ], [ 72.667047665852209, 23.013320540192272 ], [ 72.667055765852211, 23.013268740418425 ], [ 72.66709753255904, 23.012855187949953 ], [ 72.667094005354997, 23.01243986397014 ], [ 72.667045219841114, 23.012026960462109 ], [ 72.666951668423152, 23.01162064501677 ], [ 72.666814295341524, 23.011225018766428 ], [ 72.666634487140811, 23.010844074987819 ], [ 72.666414058675088, 23.010481658792386 ], [ 72.666155234790011, 23.010141428310845 ], [ 72.665860627866792, 23.009826817764047 ], [ 72.665533211454871, 23.009541002793235 ], [ 72.665176290258898, 23.009286868399716 ], [ 72.665145390258914, 23.009267067901746 ], [ 72.664802401753391, 23.00906782067193 ], [ 72.664441284551486, 23.008897864036719 ], [ 72.664064983185611, 23.008758583927399 ], [ 72.66367656599914, 23.008651116123843 ], [ 72.663279200127263, 23.008576336990249 ], [ 72.663177300127273, 23.008561536542249 ], [ 72.66270800924076, 23.008516468335063 ], [ 72.66223617127811, 23.008516963091893 ], [ 72.661766993167831, 23.008563015352401 ], [ 72.661305652485893, 23.008654116864474 ], [ 72.660857240318975, 23.008789262195062 ], [ 72.660426705082187, 23.008966959829507 ], [ 72.66037440508218, 23.00899166050295 ], [ 72.660275259718503, 23.009039934495028 ], [ 72.660216259718482, 23.009069535291474 ], [ 72.659818861283625, 23.009294301096631 ], [ 72.659448929693525, 23.009555788027054 ], [ 72.659110454229335, 23.009851176046297 ], [ 72.658807084954546, 23.010177279527305 ], [ 72.658542093353319, 23.010530581614766 ], [ 72.658503193353326, 23.010588682548875 ], [ 72.658276338805763, 23.010971312864484 ], [ 72.658094515173119, 23.011373800196708 ], [ 72.658058315173093, 23.011467601158902 ], [ 72.657937815170769, 23.011832355970189 ], [ 72.657854333735003, 23.012205775938135 ], [ 72.657808580806957, 23.012584685373479 ], [ 72.657800945477774, 23.012965861929576 ], [ 72.657802245477782, 23.013009061892923 ], [ 72.657815424079502, 23.013231063820907 ], [ 72.657823524079518, 23.013322363593183 ], [ 72.657842028277614, 23.013489160286998 ] ] ] } }
]
}
