{
"type": "FeatureCollection",
"name": "railways_multilinestring",
"crs": { "type": "name", "properties": { "name": "urn:ogc:def:crs:OGC:1.3:CRS84" } },
"features": [
{ "type": "Feature", "properties": { "construction": null, "disused": null, "light_rail": null, "monorail": null, "railway": "rail", "station": null, "subway": null, "id": 29325774, "timestamp": 1662018372, "version": 26, "tags": { "visible": false, "electrified": "contact_line", "frequency": "50", "gauge": "1676", "name": "Western Railway Line", "passenger_lines": "2", "usage": "main", "voltage": "25000" }, "osm_type": "way" }, "geometry": { "type": "MultiLineString", "coordinates": [ [ [ 72.5894948, 23.0613342 ], [ 72.5898146, 23.0591457 ] ], [ [ 72.5898146, 23.0591457 ], [ 72.5904269, 23.0552233 ] ], [ [ 72.5904269, 23.0552233 ], [ 72.5906181, 23.0544579 ] ] ] } },
{ "type": "Feature", "properties": { "construction": null, "disused": null, "light_rail": null, "monorail": null, "railway": "rail", "station": null, "subway": null, "id": 29340512, "timestamp": 1738577702, "version": 19, "tags": { "visible": false, "electrified": "contact_line", "frequency": "50", "gauge": "1676", "historic:gauge": "1000", "passenger_lines": "1", "usage": "main", "voltage": "25000" }, "osm_type": "way" }, "geometry": { "type": "MultiLineString", "coordinates": [ [ [ 72.7006941, 23.1249039 ], [ 72.7032489, 23.12726 ] ], [ [ 72.7032489, 23.12726 ], [ 72.7093858, 23.1328957 ] ], [ [ 72.7093858, 23.1328957 ], [ 72.7131104, 23.1363208 ] ] ] } },
{ "type": "Feature", "properties": { "construction": null, "disused": null, "light_rail": null, "monorail": null, "railway": "rail", "station": null, "subway": null, "id": 29361921, "timestamp": 1594559218, "version": 20, "tags": { "visible": false, "electrified": "contact_line", "frequency": "50", "gauge": "1676", "name": "Western Railway Line", "note": "The Operator of the railway line is Indian Railways", "usage": "main", "voltage": "25000" }, "osm_type": "way" }, "geometry": { "type": "MultiLineString", "coordinates": [ [ [ 72.6018727, 23.0322136 ], [ 72.6018244, 23.0323988 ] ], [ [ 72.6018244, 23.0323988 ], [ 72.6017761, 23.0326604 ] ], [ [ 72.6017761, 23.0326604 ], [ 72.6017386, 23.0329764 ] ], [ [ 72.6017386, 23.0329764 ], [ 72.6016842, 23.0341559 ] ], [ [ 72.6016842, 23.0341559 ], [ 72.6016389, 23.0345597 ] ], [ [ 72.6016389, 23.0345597 ], [ 72.6014556, 23.0356015 ] ], [ [ 72.6014556, 23.0356015 ], [ 72.6013955, 23.0359656 ] ], [ [ 72.6013955, 23.0359656 ], [ 72.6013105, 23.0363454 ] ], [ [ 72.6013105, 23.0363454 ], [ 72.6011565, 23.0367924 ] ], [ [ 72.6011565, 23.0367924 ], [ 72.6010351, 23.0370519 ] ], [ [ 72.6010351, 23.0370519 ], [ 72.6007887, 23.0374905 ] ], [ [ 72.6007887, 23.0374905 ], [ 72.6000756, 23.0385588 ] ], [ [ 72.6000756, 23.0385588 ], [ 72.5998453, 23.0389257 ] ], [ [ 72.5998453, 23.0389257 ], [ 72.5995988, 23.0393183 ] ], [ [ 72.5995988, 23.0393183 ], [ 72.598959, 23.0404135 ] ], [ [ 72.598959, 23.0404135 ], [ 72.5986739, 23.0408682 ] ], [ [ 72.5986739, 23.0408682 ], [ 72.596895, 23.043666 ] ], [ [ 72.596895, 23.043666 ], [ 72.5958744, 23.0452883 ] ], [ [ 72.5958744, 23.0452883 ], [ 72.5933799, 23.0492741 ] ], [ [ 72.5933799, 23.0492741 ], [ 72.5918529, 23.0517218 ] ], [ [ 72.5918529, 23.0517218 ], [ 72.5915705, 23.0522336 ] ], [ [ 72.5915705, 23.0522336 ], [ 72.5913101, 23.0527528 ] ], [ [ 72.5913101, 23.0527528 ], [ 72.5911105, 23.0532254 ] ], [ [ 72.5911105, 23.0532254 ], [ 72.5909072, 23.0537523 ] ], [ [ 72.5909072, 23.0537523 ], [ 72.5907668, 23.0542449 ] ] ] } },
{ "type": "Feature", "properties": { "construction": null, "disused": null, "light_rail": null, "monorail": null, "railway": "rail", "station": null, "subway": null, "id": 29362763, "timestamp": 1762770412, "version": 45, "tags": { "visible": false, "electrified": "contact_line", "frequency": "50", "gauge": "1676", "name": "Western Railway Line", "passenger_lines": "2", "usage": "main", "voltage": "25000" }, "osm_type": "way" }, "geometry": { "type": "MultiLineString", "coordinates": [ [ [ 72.5559878, 23.0803557 ], [ 72.5495311, 23.0775978 ] ], [ [ 72.5495311, 23.0775978 ], [ 72.543375, 23.0750317 ] ], [ [ 72.543375, 23.0750317 ], [ 72.5386458, 23.0729909 ] ], [ [ 72.5386458, 23.0729909 ], [ 72.5377103, 23.0726087 ] ], [ [ 72.5377103, 23.0726087 ], [ 72.5362702, 23.0720054 ] ], [ [ 72.5362702, 23.0720054 ], [ 72.5312245, 23.0698377 ] ], [ [ 72.5312245, 23.0698377 ], [ 72.5290958, 23.0689232 ] ], [ [ 72.5290958, 23.0689232 ], [ 72.5265003, 23.0678339 ] ], [ [ 72.5265003, 23.0678339 ], [ 72.5154709, 23.0631599 ] ], [ [ 72.5154709, 23.0631599 ], [ 72.5069944, 23.0595731 ] ], [ [ 72.5069944, 23.0595731 ], [ 72.5031956, 23.0579616 ] ], [ [ 72.5031956, 23.0579616 ], [ 72.4977217, 23.055637 ] ], [ [ 72.4977217, 23.055637 ], [ 72.4973692, 23.0554869 ] ], [ [ 72.4973692, 23.0554869 ], [ 72.4908841, 23.0527143 ] ], [ [ 72.4908841, 23.0527143 ], [ 72.4897765, 23.0522491 ] ], [ [ 72.4897765, 23.0522491 ], [ 72.4893111, 23.0520489 ] ], [ [ 72.4893111, 23.0520489 ], [ 72.4776151, 23.0471204 ] ], [ [ 72.4776151, 23.0471204 ], [ 72.4746871, 23.0458876 ] ], [ [ 72.4746871, 23.0458876 ], [ 72.4714822, 23.0445009 ] ], [ [ 72.4714822, 23.0445009 ], [ 72.4706548, 23.0441931 ] ], [ [ 72.4706548, 23.0441931 ], [ 72.4698081, 23.0439069 ] ], [ [ 72.4698081, 23.0439069 ], [ 72.4663018, 23.0428377 ] ], [ [ 72.4663018, 23.0428377 ], [ 72.4641162, 23.0421863 ] ], [ [ 72.4641162, 23.0421863 ], [ 72.4635858, 23.042027 ] ], [ [ 72.4635858, 23.042027 ], [ 72.4618344, 23.0415015 ] ], [ [ 72.4618344, 23.0415015 ], [ 72.4580048, 23.040356 ] ], [ [ 72.4580048, 23.040356 ], [ 72.4576588, 23.0402522 ] ], [ [ 72.4576588, 23.0402522 ], [ 72.4516896, 23.0384619 ] ], [ [ 72.4516896, 23.0384619 ], [ 72.4506707, 23.0381577 ] ], [ [ 72.4506707, 23.0381577 ], [ 72.4485307, 23.0375118 ] ], [ [ 72.4485307, 23.0375118 ], [ 72.44219, 23.035611 ] ], [ [ 72.44219, 23.035611 ], [ 72.4415117, 23.035407 ] ], [ [ 72.4415117, 23.035407 ], [ 72.4391279, 23.0346847 ] ], [ [ 72.4391279, 23.0346847 ], [ 72.438765, 23.0345766 ] ], [ [ 72.438765, 23.0345766 ], [ 72.4373194, 23.0341459 ] ], [ [ 72.4373194, 23.0341459 ], [ 72.436293, 23.0338591 ] ], [ [ 72.436293, 23.0338591 ], [ 72.4351737, 23.0335781 ] ], [ [ 72.4351737, 23.0335781 ], [ 72.4339404, 23.0332835 ] ], [ [ 72.4339404, 23.0332835 ], [ 72.4327188, 23.0330341 ] ], [ [ 72.4327188, 23.0330341 ], [ 72.4292861, 23.032388 ] ], [ [ 72.4292861, 23.032388 ], [ 72.4271925, 23.032 ] ], [ [ 72.4271925, 23.032 ], [ 72.426168, 23.0318101 ] ], [ [ 72.426168, 23.0318101 ], [ 72.4217216, 23.0309425 ] ], [ [ 72.4217216, 23.0309425 ], [ 72.4127351, 23.0292442 ] ], [ [ 72.4127351, 23.0292442 ], [ 72.4071606, 23.0282036 ] ], [ [ 72.4071606, 23.0282036 ], [ 72.3916784, 23.0253056 ] ], [ [ 72.3916784, 23.0253056 ], [ 72.390295, 23.0250467 ] ], [ [ 72.390295, 23.0250467 ], [ 72.3898219, 23.0249582 ] ], [ [ 72.3898219, 23.0249582 ], [ 72.389202, 23.0248499 ] ], [ [ 72.389202, 23.0248499 ], [ 72.3816845, 23.0234402 ] ], [ [ 72.3816845, 23.0234402 ], [ 72.3805374, 23.0232305 ] ], [ [ 72.3805374, 23.0232305 ], [ 72.3799038, 23.0231223 ] ], [ [ 72.3799038, 23.0231223 ], [ 72.3798489, 23.0231162 ] ], [ [ 72.3798489, 23.0231162 ], [ 72.3796163, 23.0230901 ] ], [ [ 72.3796163, 23.0230901 ], [ 72.379215, 23.0230406 ] ], [ [ 72.379215, 23.0230406 ], [ 72.3779922, 23.0229582 ] ], [ [ 72.3779922, 23.0229582 ], [ 72.3770353, 23.0229503 ] ], [ [ 72.3770353, 23.0229503 ], [ 72.3704549, 23.0233277 ] ], [ [ 72.3704549, 23.0233277 ], [ 72.3698999, 23.0233601 ] ], [ [ 72.3698999, 23.0233601 ], [ 72.3652875, 23.0236383 ] ], [ [ 72.3652875, 23.0236383 ], [ 72.3629955, 23.0237629 ] ], [ [ 72.3629955, 23.0237629 ], [ 72.3566448, 23.0241334 ] ], [ [ 72.3566448, 23.0241334 ], [ 72.346697, 23.0247226 ] ], [ [ 72.346697, 23.0247226 ], [ 72.3421051, 23.0249945 ] ], [ [ 72.3421051, 23.0249945 ], [ 72.3357443, 23.0253689 ] ], [ [ 72.3357443, 23.0253689 ], [ 72.3285524, 23.0257923 ] ], [ [ 72.3285524, 23.0257923 ], [ 72.3225859, 23.0261428 ] ], [ [ 72.3225859, 23.0261428 ], [ 72.3148366, 23.026598 ] ], [ [ 72.3148366, 23.026598 ], [ 72.3110766, 23.0268387 ] ], [ [ 72.3110766, 23.0268387 ], [ 72.3106525, 23.0268831 ] ], [ [ 72.3106525, 23.0268831 ], [ 72.3102295, 23.0269362 ] ], [ [ 72.3102295, 23.0269362 ], [ 72.309808, 23.0269981 ] ], [ [ 72.309808, 23.0269981 ], [ 72.3093881, 23.0270687 ] ], [ [ 72.3093881, 23.0270687 ], [ 72.3089701, 23.027148 ] ], [ [ 72.3089701, 23.027148 ], [ 72.308554, 23.0272359 ] ], [ [ 72.308554, 23.0272359 ], [ 72.3081403, 23.0273324 ] ], [ [ 72.3081403, 23.0273324 ], [ 72.3077221, 23.0274393 ] ], [ [ 72.3077221, 23.0274393 ], [ 72.3073066, 23.027555 ] ], [ [ 72.3073066, 23.027555 ], [ 72.3068941, 23.0276795 ] ], [ [ 72.3068941, 23.0276795 ], [ 72.3064849, 23.0278125 ] ], [ [ 72.3064849, 23.0278125 ], [ 72.306079, 23.0279542 ] ], [ [ 72.306079, 23.0279542 ], [ 72.3056768, 23.0281044 ] ], [ [ 72.3056768, 23.0281044 ], [ 72.2963075, 23.0315087 ] ], [ [ 72.2963075, 23.0315087 ], [ 72.2813527, 23.0370903 ] ], [ [ 72.2813527, 23.0370903 ], [ 72.2804046, 23.0374739 ] ], [ [ 72.2804046, 23.0374739 ], [ 72.2701261, 23.0412858 ] ], [ [ 72.2701261, 23.0412858 ], [ 72.2639299, 23.0435075 ] ], [ [ 72.2639299, 23.0435075 ], [ 72.2555448, 23.0463367 ] ], [ [ 72.2555448, 23.0463367 ], [ 72.2544462, 23.0467631 ] ], [ [ 72.2544462, 23.0467631 ], [ 72.253296, 23.0472686 ] ], [ [ 72.253296, 23.0472686 ], [ 72.2529634, 23.0474399 ] ], [ [ 72.2529634, 23.0474399 ], [ 72.2502748, 23.0488245 ] ], [ [ 72.2502748, 23.0488245 ], [ 72.2349682, 23.0568393 ] ], [ [ 72.2349682, 23.0568393 ], [ 72.2339959, 23.0573986 ] ], [ [ 72.2339959, 23.0573986 ], [ 72.2309449, 23.0592852 ] ], [ [ 72.2309449, 23.0592852 ], [ 72.227971, 23.0611286 ] ] ] } },
{ "type": "Feature", "properties": { "construction": null, "disused": null, "light_rail": null, "monorail": null, "railway": "rail", "station": null, "subway": null, "id": 29362764, "timestamp": 1735817626, "version": 8, "tags": { "visible": false, "bridge": "yes", "electrified": "contact_line", "frequency": "50", "gauge": "1676", "layer": "1", "usage": "main", "voltage": "25000" }, "osm_type": "way" }, "geometry": { "type": "MultiLineString", "coordinates": [ [ [ 72.5895974, 23.0613509 ], [ 72.5895414, 23.0616962 ] ], [ [ 72.5895414, 23.0616962 ], [ 72.588975, 23.0651902 ] ] ] } },
{ "type": "Feature", "properties": { "construction": null, "disused": null, "light_rail": null, "monorail": null, "railway": "rail", "station": null, "subway": null, "id": 29362789, "timestamp": 1767338251, "version": 27, "tags": { "visible": false, "gauge": "1676", "name": "Western Railway Line", "passenger_lines": "1", "usage": "branch" }, "osm_type": "way" }, "geometry": { "type": "MultiLineString", "coordinates": [ [ [ 72.5602064, 23.0641663 ], [ 72.5612249, 23.0600142 ] ], [ [ 72.5612249, 23.0600142 ], [ 72.561242, 23.0599484 ] ], [ [ 72.561242, 23.0599484 ], [ 72.5617833, 23.0577481 ] ], [ [ 72.5617833, 23.0577481 ], [ 72.5624145, 23.0553055 ] ], [ [ 72.5624145, 23.0553055 ], [ 72.5632413, 23.0520658 ] ], [ [ 72.5632413, 23.0520658 ], [ 72.5642671, 23.0480467 ] ], [ [ 72.5642671, 23.0480467 ], [ 72.5657348, 23.0421863 ] ], [ [ 72.5657348, 23.0421863 ], [ 72.5670584, 23.0368118 ] ], [ [ 72.5670584, 23.0368118 ], [ 72.5675117, 23.0350744 ] ], [ [ 72.5675117, 23.0350744 ], [ 72.5675987, 23.0347444 ] ], [ [ 72.5675987, 23.0347444 ], [ 72.567619, 23.0346538 ] ], [ [ 72.567619, 23.0346538 ], [ 72.5684472, 23.0314968 ] ], [ [ 72.5684472, 23.0314968 ], [ 72.5685522, 23.0310885 ] ] ] } },
{ "type": "Feature", "properties": { "construction": null, "disused": null, "light_rail": null, "monorail": null, "railway": "rail", "station": null, "subway": null, "id": 29362792, "timestamp": 1745849234, "version": 6, "tags": { "visible": false, "electrified": "contact_line", "frequency": "50", "gauge": "1676", "passenger_lines": "1", "usage": "main", "voltage": "25000" }, "osm_type": "way" }, "geometry": { "type": "MultiLineString", "coordinates": [ [ [ 72.5407916, 23.0813863 ], [ 72.5409158, 23.0810588 ] ], [ [ 72.5409158, 23.0810588 ], [ 72.5409704, 23.0809305 ] ], [ [ 72.5409704, 23.0809305 ], [ 72.541112, 23.0805638 ] ], [ [ 72.541112, 23.0805638 ], [ 72.5412064, 23.0803137 ] ], [ [ 72.5412064, 23.0803137 ], [ 72.5412877, 23.0800525 ] ], [ [ 72.5412877, 23.0800525 ], [ 72.5413604, 23.079774 ] ], [ [ 72.5413604, 23.079774 ], [ 72.5415934, 23.0788073 ] ], [ [ 72.5415934, 23.0788073 ], [ 72.5416595, 23.0784828 ] ], [ [ 72.5416595, 23.0784828 ], [ 72.541701, 23.0781491 ] ], [ [ 72.541701, 23.0781491 ], [ 72.5417176, 23.0777697 ] ], [ [ 72.5417176, 23.0777697 ], [ 72.5417071, 23.0773695 ] ], [ [ 72.5417071, 23.0773695 ], [ 72.541663, 23.0769976 ] ], [ [ 72.541663, 23.0769976 ], [ 72.5415996, 23.0766451 ] ], [ [ 72.5415996, 23.0766451 ], [ 72.5415196, 23.0763246 ] ], [ [ 72.5415196, 23.0763246 ], [ 72.5414071, 23.076003 ] ], [ [ 72.5414071, 23.076003 ], [ 72.5413035, 23.0757325 ] ], [ [ 72.5413035, 23.0757325 ], [ 72.5412066, 23.0755329 ] ], [ [ 72.5412066, 23.0755329 ], [ 72.541091, 23.0753234 ] ], [ [ 72.541091, 23.0753234 ], [ 72.5409526, 23.075088 ] ], [ [ 72.5409526, 23.075088 ], [ 72.5408064, 23.0748716 ] ], [ [ 72.5408064, 23.0748716 ], [ 72.5406139, 23.074615 ] ], [ [ 72.5406139, 23.074615 ], [ 72.540434, 23.0744271 ] ], [ [ 72.540434, 23.0744271 ], [ 72.5401537, 23.0741561 ] ], [ [ 72.5401537, 23.0741561 ], [ 72.5398842, 23.0739085 ] ], [ [ 72.5398842, 23.0739085 ], [ 72.5393853, 23.0735147 ] ], [ [ 72.5393853, 23.0735147 ], [ 72.5389467, 23.073213 ] ], [ [ 72.5389467, 23.073213 ], [ 72.5384581, 23.0729584 ] ] ] } },
{ "type": "Feature", "properties": { "construction": null, "disused": null, "light_rail": null, "monorail": null, "railway": "rail", "station": null, "subway": null, "id": 29362868, "timestamp": 1684192602, "version": 9, "tags": { "visible": false, "service": "spur" }, "osm_type": "way" }, "geometry": { "type": "MultiLineString", "coordinates": [ [ [ 72.5538609, 23.1698699 ], [ 72.5535747, 23.1698777 ] ], [ [ 72.5535747, 23.1698777 ], [ 72.5532571, 23.1698694 ] ], [ [ 72.5532571, 23.1698694 ], [ 72.5530066, 23.1698281 ] ], [ [ 72.5530066, 23.1698281 ], [ 72.5527544, 23.1697625 ] ], [ [ 72.5527544, 23.1697625 ], [ 72.5525114, 23.1696828 ] ], [ [ 72.5525114, 23.1696828 ], [ 72.5522944, 23.1695742 ] ], [ [ 72.5522944, 23.1695742 ], [ 72.5504653, 23.1685999 ] ], [ [ 72.5504653, 23.1685999 ], [ 72.5455757, 23.165974 ] ], [ [ 72.5455757, 23.165974 ], [ 72.5452906, 23.1657495 ] ], [ [ 72.5452906, 23.1657495 ], [ 72.5451002, 23.1655682 ] ], [ [ 72.5451002, 23.1655682 ], [ 72.5449401, 23.1653785 ] ], [ [ 72.5449401, 23.1653785 ], [ 72.5447939, 23.1651605 ] ], [ [ 72.5447939, 23.1651605 ], [ 72.5446719, 23.1649482 ] ], [ [ 72.5446719, 23.1649482 ], [ 72.5446118, 23.1648044 ] ], [ [ 72.5446118, 23.1648044 ], [ 72.5445762, 23.1647193 ] ], [ [ 72.5445762, 23.1647193 ], [ 72.5445385, 23.164597 ] ], [ [ 72.5445385, 23.164597 ], [ 72.544496, 23.1644595 ] ], [ [ 72.544496, 23.1644595 ], [ 72.5444493, 23.1642193 ] ], [ [ 72.5444493, 23.1642193 ], [ 72.5444288, 23.1639734 ] ], [ [ 72.5444288, 23.1639734 ], [ 72.5444372, 23.1636951 ] ], [ [ 72.5444372, 23.1636951 ], [ 72.54447, 23.1634587 ] ], [ [ 72.54447, 23.1634587 ], [ 72.5445873, 23.1630491 ] ], [ [ 72.5445873, 23.1630491 ], [ 72.5446083, 23.1629152 ] ], [ [ 72.5446083, 23.1629152 ], [ 72.5447044, 23.1626365 ] ], [ [ 72.5447044, 23.1626365 ], [ 72.5449477, 23.1619954 ] ] ] } },
{ "type": "Feature", "properties": { "construction": null, "disused": null, "light_rail": null, "monorail": null, "railway": "rail", "station": null, "subway": null, "id": 29362875, "timestamp": 1684192602, "version": 8, "tags": { "visible": false, "service": "spur" }, "osm_type": "way" }, "geometry": { "type": "MultiLineString", "coordinates": [ [ [ 72.5538998, 23.1675708 ], [ 72.5536309, 23.1674264 ] ], [ [ 72.5536309, 23.1674264 ], [ 72.5534181, 23.1673121 ] ], [ [ 72.5534181, 23.1673121 ], [ 72.5528058, 23.1669833 ] ], [ [ 72.5528058, 23.1669833 ], [ 72.5471135, 23.1639268 ] ], [ [ 72.5471135, 23.1639268 ], [ 72.5466144, 23.1636588 ] ], [ [ 72.5466144, 23.1636588 ], [ 72.5464533, 23.1635435 ] ], [ [ 72.5464533, 23.1635435 ], [ 72.5463576, 23.163475 ] ], [ [ 72.5463576, 23.163475 ], [ 72.546116, 23.1632716 ] ], [ [ 72.546116, 23.1632716 ], [ 72.5459315, 23.1630769 ] ], [ [ 72.5459315, 23.1630769 ], [ 72.5457469, 23.1628376 ] ], [ [ 72.5457469, 23.1628376 ], [ 72.5456445, 23.1626457 ] ], [ [ 72.5456445, 23.1626457 ], [ 72.5455238, 23.1624035 ] ], [ [ 72.5455238, 23.1624035 ], [ 72.5454715, 23.1621596 ] ], [ [ 72.5454715, 23.1621596 ], [ 72.5454292, 23.161835 ] ], [ [ 72.5454292, 23.161835 ], [ 72.5454248, 23.161683 ] ], [ [ 72.5454248, 23.161683 ], [ 72.5454216, 23.1614683 ] ], [ [ 72.5454216, 23.1614683 ], [ 72.5454411, 23.1612959 ] ], [ [ 72.5454411, 23.1612959 ], [ 72.5454724, 23.1611415 ] ], [ [ 72.5454724, 23.1611415 ], [ 72.5455208, 23.1609714 ] ], [ [ 72.5455208, 23.1609714 ], [ 72.5456016, 23.160767 ] ], [ [ 72.5456016, 23.160767 ], [ 72.5457759, 23.1603754 ] ] ] } },
{ "type": "Feature", "properties": { "construction": null, "disused": null, "light_rail": null, "monorail": null, "railway": "rail", "station": null, "subway": null, "id": 29362887, "timestamp": 1722420788, "version": 7, "tags": { "visible": false, "bridge": "yes", "electrified": "contact_line", "frequency": "50", "gauge": "1676", "passenger_lines": "1", "usage": "main", "voltage": "25000" }, "osm_type": "way" }, "geometry": { "type": "MultiLineString", "coordinates": [ [ [ 72.5515909, 23.1746476 ], [ 72.5514844, 23.1745771 ] ], [ [ 72.5514844, 23.1745771 ], [ 72.5511512, 23.1743554 ] ], [ [ 72.5511512, 23.1743554 ], [ 72.5507862, 23.1741155 ] ], [ [ 72.5507862, 23.1741155 ], [ 72.5507072, 23.1740632 ] ] ] } },
{ "type": "Feature", "properties": { "construction": null, "disused": null, "light_rail": null, "monorail": null, "railway": "rail", "station": null, "subway": null, "id": 29362888, "timestamp": 1722420788, "version": 9, "tags": { "visible": false, "electrified": "contact_line", "frequency": "50", "gauge": "1676", "passenger_lines": "1", "usage": "main", "voltage": "25000" }, "osm_type": "way" }, "geometry": { "type": "MultiLineString", "coordinates": [ [ [ 72.5507072, 23.1740632 ], [ 72.5476953, 23.1721252 ] ], [ [ 72.5476953, 23.1721252 ], [ 72.5466653, 23.1714071 ] ], [ [ 72.5466653, 23.1714071 ], [ 72.5459358, 23.1707285 ] ], [ [ 72.5459358, 23.1707285 ], [ 72.5454208, 23.1701446 ] ], [ [ 72.5454208, 23.1701446 ], [ 72.5449831, 23.1694818 ] ], [ [ 72.5449831, 23.1694818 ], [ 72.5446397, 23.1687874 ] ], [ [ 72.5446397, 23.1687874 ], [ 72.5444166, 23.1682587 ] ], [ [ 72.5444166, 23.1682587 ], [ 72.5442449, 23.1676748 ] ], [ [ 72.5442449, 23.1676748 ], [ 72.5441333, 23.1672013 ] ], [ [ 72.5441333, 23.1672013 ], [ 72.5440732, 23.1667515 ] ], [ [ 72.5440732, 23.1667515 ], [ 72.5440212, 23.166247 ] ], [ [ 72.5440212, 23.166247 ], [ 72.5440181, 23.1659877 ] ], [ [ 72.5440181, 23.1659877 ], [ 72.5440151, 23.1657006 ] ], [ [ 72.5440151, 23.1657006 ], [ 72.5440475, 23.165197 ] ], [ [ 72.5440475, 23.165197 ], [ 72.5441247, 23.1645184 ] ], [ [ 72.5441247, 23.1645184 ], [ 72.5442621, 23.1637924 ] ], [ [ 72.5442621, 23.1637924 ], [ 72.5443773, 23.1633752 ] ], [ [ 72.5443773, 23.1633752 ], [ 72.5445993, 23.1627706 ] ], [ [ 72.5445993, 23.1627706 ], [ 72.5447282, 23.1624486 ] ], [ [ 72.5447282, 23.1624486 ], [ 72.5449477, 23.1619954 ] ], [ [ 72.5449477, 23.1619954 ], [ 72.544991, 23.1619069 ] ], [ [ 72.544991, 23.1619069 ], [ 72.5454685, 23.160964 ] ], [ [ 72.5454685, 23.160964 ], [ 72.5457759, 23.1603754 ] ], [ [ 72.5457759, 23.1603754 ], [ 72.5460023, 23.1599419 ] ], [ [ 72.5460023, 23.1599419 ], [ 72.5460948, 23.1597544 ] ], [ [ 72.5460948, 23.1597544 ], [ 72.5495198, 23.152991 ] ], [ [ 72.5495198, 23.152991 ], [ 72.5501906, 23.1516644 ] ], [ [ 72.5501906, 23.1516644 ], [ 72.5502245, 23.1515967 ] ], [ [ 72.5502245, 23.1515967 ], [ 72.5506087, 23.150831 ] ], [ [ 72.5506087, 23.150831 ], [ 72.5508494, 23.150375 ] ], [ [ 72.5508494, 23.150375 ], [ 72.5514297, 23.1493399 ] ], [ [ 72.5514297, 23.1493399 ], [ 72.5518359, 23.1486589 ] ], [ [ 72.5518359, 23.1486589 ], [ 72.5523969, 23.1475321 ] ] ] } },
{ "type": "Feature", "properties": { "construction": null, "disused": null, "light_rail": null, "monorail": null, "railway": "rail", "station": null, "subway": null, "id": 29362911, "timestamp": 1731037871, "version": 18, "tags": { "visible": false, "electrified": "contact_line", "frequency": "50", "gauge": "1676", "passenger_lines": "2", "usage": "main", "voltage": "25000" }, "osm_type": "way" }, "geometry": { "type": "MultiLineString", "coordinates": [ [ [ 72.552403, 23.1471676 ], [ 72.5527046, 23.146595 ] ], [ [ 72.5527046, 23.146595 ], [ 72.5528464, 23.1462864 ] ], [ [ 72.5528464, 23.1462864 ], [ 72.5529736, 23.145972 ] ], [ [ 72.5529736, 23.145972 ], [ 72.5530726, 23.1457219 ] ], [ [ 72.5530726, 23.1457219 ], [ 72.5531733, 23.1454205 ] ], [ [ 72.5531733, 23.1454205 ], [ 72.5533361, 23.1447902 ] ], [ [ 72.5533361, 23.1447902 ], [ 72.5536492, 23.1434751 ] ], [ [ 72.5536492, 23.1434751 ], [ 72.5539368, 23.1422911 ] ], [ [ 72.5539368, 23.1422911 ], [ 72.5542049, 23.1411773 ] ], [ [ 72.5542049, 23.1411773 ], [ 72.55452, 23.1399591 ] ], [ [ 72.55452, 23.1399591 ], [ 72.5548781, 23.1385321 ] ], [ [ 72.5548781, 23.1385321 ], [ 72.5551325, 23.1375082 ] ], [ [ 72.5551325, 23.1375082 ], [ 72.555383, 23.1365365 ] ], [ [ 72.555383, 23.1365365 ], [ 72.5556765, 23.135347 ] ], [ [ 72.5556765, 23.135347 ], [ 72.5558957, 23.1344131 ] ], [ [ 72.5558957, 23.1344131 ], [ 72.5561931, 23.1332182 ] ], [ [ 72.5561931, 23.1332182 ], [ 72.5565317, 23.1319621 ] ], [ [ 72.5565317, 23.1319621 ], [ 72.5567587, 23.1309724 ] ], [ [ 72.5567587, 23.1309724 ], [ 72.5570189, 23.129952 ] ], [ [ 72.5570189, 23.129952 ], [ 72.557341, 23.1286651 ] ], [ [ 72.557341, 23.1286651 ], [ 72.5574984, 23.1279995 ] ], [ [ 72.5574984, 23.1279995 ], [ 72.5577664, 23.1269755 ] ], [ [ 72.5577664, 23.1269755 ], [ 72.5580502, 23.1258579 ] ], [ [ 72.5580502, 23.1258579 ], [ 72.558909, 23.1224909 ] ], [ [ 72.558909, 23.1224909 ], [ 72.5590337, 23.1220182 ] ], [ [ 72.5590337, 23.1220182 ], [ 72.5591837, 23.1214887 ] ], [ [ 72.5591837, 23.1214887 ], [ 72.559348, 23.1210182 ] ], [ [ 72.559348, 23.1210182 ], [ 72.5595307, 23.120563 ] ], [ [ 72.5595307, 23.120563 ], [ 72.5609034, 23.1172403 ] ], [ [ 72.5609034, 23.1172403 ], [ 72.5615371, 23.1156903 ] ], [ [ 72.5615371, 23.1156903 ], [ 72.5620373, 23.1144688 ] ], [ [ 72.5620373, 23.1144688 ], [ 72.5620879, 23.1143451 ] ], [ [ 72.5620879, 23.1143451 ], [ 72.5626027, 23.113095 ] ], [ [ 72.5626027, 23.113095 ], [ 72.562951, 23.11224 ] ], [ [ 72.562951, 23.11224 ], [ 72.5632328, 23.1115597 ] ], [ [ 72.5632328, 23.1115597 ], [ 72.5636202, 23.1106292 ] ], [ [ 72.5636202, 23.1106292 ], [ 72.564039, 23.1096285 ] ], [ [ 72.564039, 23.1096285 ], [ 72.5643991, 23.1087502 ] ], [ [ 72.5643991, 23.1087502 ], [ 72.564808, 23.1078286 ] ], [ [ 72.564808, 23.1078286 ], [ 72.5652953, 23.1066713 ] ], [ [ 72.5652953, 23.1066713 ], [ 72.5655438, 23.1061457 ] ], [ [ 72.5655438, 23.1061457 ], [ 72.5657219, 23.1058092 ] ], [ [ 72.5657219, 23.1058092 ], [ 72.5660996, 23.1052404 ] ], [ [ 72.5660996, 23.1052404 ], [ 72.5664225, 23.10483 ] ], [ [ 72.5664225, 23.10483 ], [ 72.5665226, 23.1047122 ] ], [ [ 72.5665226, 23.1047122 ], [ 72.5670311, 23.1041137 ] ], [ [ 72.5670311, 23.1041137 ], [ 72.5673363, 23.1037861 ] ], [ [ 72.5673363, 23.1037861 ], [ 72.5675398, 23.1035863 ] ], [ [ 72.5675398, 23.1035863 ], [ 72.5678353, 23.1033415 ] ], [ [ 72.5678353, 23.1033415 ], [ 72.5681641, 23.1031003 ] ], [ [ 72.5681641, 23.1031003 ], [ 72.5685339, 23.1028789 ] ], [ [ 72.5685339, 23.1028789 ], [ 72.5689644, 23.1026503 ] ], [ [ 72.5689644, 23.1026503 ], [ 72.5693363, 23.1025045 ] ], [ [ 72.5693363, 23.1025045 ], [ 72.5698705, 23.1023065 ] ], [ [ 72.5698705, 23.1023065 ], [ 72.5706402, 23.1020643 ] ], [ [ 72.5706402, 23.1020643 ], [ 72.5710252, 23.1019317 ] ], [ [ 72.5710252, 23.1019317 ], [ 72.5715954, 23.1017402 ] ], [ [ 72.5715954, 23.1017402 ], [ 72.5727066, 23.1013703 ] ], [ [ 72.5727066, 23.1013703 ], [ 72.5735293, 23.1010901 ] ], [ [ 72.5735293, 23.1010901 ], [ 72.5744485, 23.1007597 ] ], [ [ 72.5744485, 23.1007597 ], [ 72.574917, 23.1005476 ] ], [ [ 72.574917, 23.1005476 ], [ 72.5752714, 23.100386 ] ], [ [ 72.5752714, 23.100386 ], [ 72.5757548, 23.1001052 ] ] ] } },
{ "type": "Feature", "properties": { "construction": null, "disused": null, "light_rail": null, "monorail": null, "railway": "abandoned", "station": null, "subway": null, "id": 29363001, "timestamp": 1638038881, "version": 4, "tags": { "visible": false }, "osm_type": "way" }, "geometry": { "type": "MultiLineString", "coordinates": [ [ [ 72.6024198, 23.0383233 ], [ 72.6019086, 23.0381733 ] ], [ [ 72.6019086, 23.0381733 ], [ 72.6013942, 23.0380953 ] ], [ [ 72.6013942, 23.0380953 ], [ 72.6011109, 23.0380924 ] ], [ [ 72.6011109, 23.0380924 ], [ 72.6007998, 23.0380957 ] ], [ [ 72.6007998, 23.0380957 ], [ 72.6005523, 23.0381597 ] ], [ [ 72.6005523, 23.0381597 ], [ 72.6003505, 23.038287 ] ] ] } },
{ "type": "Feature", "properties": { "construction": null, "disused": null, "light_rail": null, "monorail": null, "railway": "rail", "station": null, "subway": null, "id": 29373666, "timestamp": 1740997891, "version": 14, "tags": { "visible": false, "electrified": "contact_line", "frequency": "50", "gauge": "1676", "passenger_lines": "2", "usage": "main", "voltage": "25000" }, "osm_type": "way" }, "geometry": { "type": "MultiLineString", "coordinates": [ [ [ 72.5757548, 23.1001052 ], [ 72.5762312, 23.0997824 ] ], [ [ 72.5762312, 23.0997824 ], [ 72.5765143, 23.0995775 ] ], [ [ 72.5765143, 23.0995775 ], [ 72.5768898, 23.0992752 ] ], [ [ 72.5768898, 23.0992752 ], [ 72.5771954, 23.0989907 ] ], [ [ 72.5771954, 23.0989907 ], [ 72.5774043, 23.0987819 ] ], [ [ 72.5774043, 23.0987819 ], [ 72.5775872, 23.0985751 ] ], [ [ 72.5775872, 23.0985751 ], [ 72.577861, 23.0982652 ] ], [ [ 72.577861, 23.0982652 ], [ 72.5781684, 23.097877 ] ], [ [ 72.5781684, 23.097877 ], [ 72.5784103, 23.0975015 ] ], [ [ 72.5784103, 23.0975015 ], [ 72.5786064, 23.097186 ] ], [ [ 72.5786064, 23.097186 ], [ 72.5795349, 23.0955447 ] ], [ [ 72.5795349, 23.0955447 ], [ 72.5797318, 23.0951965 ] ], [ [ 72.5797318, 23.0951965 ], [ 72.5803164, 23.0941986 ] ], [ [ 72.5803164, 23.0941986 ], [ 72.5808892, 23.0931901 ] ], [ [ 72.5808892, 23.0931901 ], [ 72.5811681, 23.092646 ] ], [ [ 72.5811681, 23.092646 ], [ 72.5812511, 23.0924217 ] ], [ [ 72.5812511, 23.0924217 ], [ 72.5813516, 23.0921573 ] ], [ [ 72.5813516, 23.0921573 ], [ 72.5814268, 23.0918565 ] ], [ [ 72.5814268, 23.0918565 ], [ 72.5814717, 23.0916365 ] ], [ [ 72.5814717, 23.0916365 ], [ 72.5815334, 23.0912532 ] ], [ [ 72.5815334, 23.0912532 ], [ 72.5815638, 23.0909592 ] ], [ [ 72.5815638, 23.0909592 ], [ 72.5815886, 23.0905833 ] ], [ [ 72.5815886, 23.0905833 ], [ 72.5816524, 23.0894012 ] ], [ [ 72.5816524, 23.0894012 ], [ 72.5816856, 23.0888055 ] ], [ [ 72.5816856, 23.0888055 ], [ 72.5817097, 23.0883071 ] ] ] } },
{ "type": "Feature", "properties": { "construction": null, "disused": null, "light_rail": null, "monorail": null, "railway": "rail", "station": null, "subway": null, "id": 29373673, "timestamp": 1722420788, "version": 6, "tags": { "visible": false, "electrified": "contact_line", "frequency": "50", "gauge": "1676", "passenger_lines": "1", "usage": "main", "voltage": "25000" }, "osm_type": "way" }, "geometry": { "type": "MultiLineString", "coordinates": [ [ [ 72.5566415, 23.130512 ], [ 72.5559522, 23.129501 ] ], [ [ 72.5559522, 23.129501 ], [ 72.5552928, 23.128467 ] ] ] } },
{ "type": "Feature", "properties": { "construction": null, "disused": null, "light_rail": null, "monorail": null, "railway": "rail", "station": null, "subway": null, "id": 29383312, "timestamp": 1745849234, "version": 8, "tags": { "visible": false, "gauge": "1676", "service": "spur" }, "osm_type": "way" }, "geometry": { "type": "MultiLineString", "coordinates": [ [ [ 72.5887298, 23.0670784 ], [ 72.5887446, 23.0682215 ] ], [ [ 72.5887446, 23.0682215 ], [ 72.5887929, 23.0685954 ] ], [ [ 72.5887929, 23.0685954 ], [ 72.5888804, 23.0688655 ] ], [ [ 72.5888804, 23.0688655 ], [ 72.5890102, 23.0690924 ] ], [ [ 72.5890102, 23.0690924 ], [ 72.5891704, 23.069307 ] ], [ [ 72.5891704, 23.069307 ], [ 72.589362, 23.0694702 ] ], [ [ 72.589362, 23.0694702 ], [ 72.5895953, 23.0696386 ] ], [ [ 72.5895953, 23.0696386 ], [ 72.5898361, 23.069772 ] ], [ [ 72.5898361, 23.069772 ], [ 72.5900694, 23.0698733 ] ], [ [ 72.5900694, 23.0698733 ], [ 72.5903283, 23.0699457 ] ], [ [ 72.5903283, 23.0699457 ], [ 72.5905929, 23.0699919 ] ], [ [ 72.5905929, 23.0699919 ], [ 72.5908167, 23.0700277 ] ], [ [ 72.5908167, 23.0700277 ], [ 72.5910044, 23.0700669 ] ], [ [ 72.5910044, 23.0700669 ], [ 72.5912425, 23.0701594 ] ], [ [ 72.5912425, 23.0701594 ], [ 72.59138, 23.0702222 ] ], [ [ 72.59138, 23.0702222 ], [ 72.5935142, 23.0716675 ] ], [ [ 72.5935142, 23.0716675 ], [ 72.5941962, 23.0721476 ] ], [ [ 72.5941962, 23.0721476 ], [ 72.5944148, 23.0724055 ] ], [ [ 72.5944148, 23.0724055 ], [ 72.5947165, 23.0726917 ] ], [ [ 72.5947165, 23.0726917 ], [ 72.5948399, 23.0728509 ] ], [ [ 72.5948399, 23.0728509 ], [ 72.5950478, 23.073205 ] ], [ [ 72.5950478, 23.073205 ], [ 72.5952369, 23.0735406 ] ], [ [ 72.5952369, 23.0735406 ], [ 72.5953467, 23.0737155 ] ], [ [ 72.5953467, 23.0737155 ], [ 72.5955298, 23.0739336 ] ], [ [ 72.5955298, 23.0739336 ], [ 72.5956915, 23.0741008 ] ], [ [ 72.5956915, 23.0741008 ], [ 72.5965069, 23.0746992 ] ], [ [ 72.5965069, 23.0746992 ], [ 72.5967564, 23.0749373 ] ], [ [ 72.5967564, 23.0749373 ], [ 72.5969642, 23.0751766 ] ], [ [ 72.5969642, 23.0751766 ], [ 72.5971305, 23.0754468 ] ], [ [ 72.5971305, 23.0754468 ], [ 72.5973599, 23.0758392 ] ], [ [ 72.5973599, 23.0758392 ], [ 72.5975516, 23.0762414 ] ], [ [ 72.5975516, 23.0762414 ], [ 72.5980854, 23.0775036 ] ], [ [ 72.5980854, 23.0775036 ], [ 72.5983563, 23.0782537 ] ], [ [ 72.5983563, 23.0782537 ], [ 72.5984327, 23.078688 ] ], [ [ 72.5984327, 23.078688 ], [ 72.5984381, 23.0788953 ] ], [ [ 72.5984381, 23.0788953 ], [ 72.5983885, 23.0791593 ] ], [ [ 72.5983885, 23.0791593 ], [ 72.598296, 23.0795072 ] ], [ [ 72.598296, 23.0795072 ], [ 72.5981538, 23.0797774 ] ] ] } },
{ "type": "Feature", "properties": { "construction": null, "disused": null, "light_rail": null, "monorail": null, "railway": "rail", "station": null, "subway": null, "id": 29384586, "timestamp": 1722420788, "version": 13, "tags": { "visible": false, "electrified": "contact_line", "embankment": "yes", "frequency": "50", "gauge": "1676", "operator": "Indian Railways", "passenger_lines": "1", "usage": "main", "voltage": "25000" }, "osm_type": "way" }, "geometry": { "type": "MultiLineString", "coordinates": [ [ [ 72.6133708, 23.213137 ], [ 72.6079914, 23.2097819 ] ], [ [ 72.6079914, 23.2097819 ], [ 72.6004982, 23.2050554 ] ], [ [ 72.6004982, 23.2050554 ], [ 72.5998374, 23.2046386 ] ], [ [ 72.5998374, 23.2046386 ], [ 72.5956299, 23.2019929 ] ], [ [ 72.5956299, 23.2019929 ], [ 72.5927993, 23.2002129 ] ], [ [ 72.5927993, 23.2002129 ], [ 72.5922007, 23.1998345 ] ], [ [ 72.5922007, 23.1998345 ], [ 72.5910398, 23.1991006 ] ], [ [ 72.5910398, 23.1991006 ], [ 72.5850329, 23.1953858 ] ], [ [ 72.5850329, 23.1953858 ], [ 72.5826198, 23.1938937 ] ], [ [ 72.5826198, 23.1938937 ], [ 72.5775472, 23.190801 ] ], [ [ 72.5775472, 23.190801 ], [ 72.570037, 23.1860435 ] ], [ [ 72.570037, 23.1860435 ], [ 72.5651475, 23.1829514 ] ] ] } },
{ "type": "Feature", "properties": { "construction": null, "disused": null, "light_rail": null, "monorail": null, "railway": "rail", "station": null, "subway": null, "id": 29493003, "timestamp": 1722420788, "version": 16, "tags": { "visible": false, "electrified": "contact_line", "frequency": "50", "gauge": "1676", "passenger_lines": "1", "usage": "main", "voltage": "25000" }, "osm_type": "way" }, "geometry": { "type": "MultiLineString", "coordinates": [ [ [ 72.5551368, 23.1282223 ], [ 72.5544845, 23.1271725 ] ], [ [ 72.5544845, 23.1271725 ], [ 72.5539867, 23.1260911 ] ], [ [ 72.5539867, 23.1260911 ], [ 72.5531112, 23.1238178 ] ], [ [ 72.5531112, 23.1238178 ], [ 72.5525362, 23.1222075 ] ], [ [ 72.5525362, 23.1222075 ], [ 72.5521585, 23.1209919 ] ], [ [ 72.5521585, 23.1209919 ], [ 72.5516092, 23.1184028 ] ], [ [ 72.5516092, 23.1184028 ], [ 72.5507066, 23.1142232 ] ], [ [ 72.5507066, 23.1142232 ], [ 72.5506307, 23.1138717 ] ], [ [ 72.5506307, 23.1138717 ], [ 72.5501329, 23.1126007 ] ], [ [ 72.5501329, 23.1126007 ], [ 72.5494125, 23.1108075 ] ], [ [ 72.5494125, 23.1108075 ], [ 72.5493692, 23.1106997 ] ], [ [ 72.5493692, 23.1106997 ], [ 72.5493321, 23.1105759 ] ], [ [ 72.5493321, 23.1105759 ], [ 72.5493275, 23.1105637 ] ], [ [ 72.5493275, 23.1105637 ], [ 72.5489237, 23.1094894 ] ], [ [ 72.5489237, 23.1094894 ], [ 72.5443222, 23.0970325 ] ], [ [ 72.5443222, 23.0970325 ], [ 72.5433672, 23.0946284 ] ], [ [ 72.5433672, 23.0946284 ], [ 72.543188, 23.0941583 ] ], [ [ 72.543188, 23.0941583 ], [ 72.5404169, 23.0866185 ] ], [ [ 72.5404169, 23.0866185 ], [ 72.5401079, 23.0857579 ] ], [ [ 72.5401079, 23.0857579 ], [ 72.5399705, 23.0852052 ] ], [ [ 72.5399705, 23.0852052 ], [ 72.5398933, 23.0845814 ] ], [ [ 72.5398933, 23.0845814 ], [ 72.5398847, 23.0839498 ] ], [ [ 72.5398847, 23.0839498 ], [ 72.539956, 23.083269 ] ] ] } },
{ "type": "Feature", "properties": { "construction": null, "disused": null, "light_rail": null, "monorail": null, "railway": "rail", "station": null, "subway": null, "id": 62333014, "timestamp": 1722421900, "version": 9, "tags": { "visible": false, "gauge": "1676", "passenger_lines": "1", "usage": "branch" }, "osm_type": "way" }, "geometry": { "type": "MultiLineString", "coordinates": [ [ [ 72.4653763, 22.9586799 ], [ 72.4638816, 22.956917 ] ], [ [ 72.4638816, 22.956917 ], [ 72.4606973, 22.9533605 ] ], [ [ 72.4606973, 22.9533605 ], [ 72.4557326, 22.9477319 ] ], [ [ 72.4557326, 22.9477319 ], [ 72.4538652, 22.9456148 ] ], [ [ 72.4538652, 22.9456148 ], [ 72.447857, 22.9388647 ] ], [ [ 72.447857, 22.9388647 ], [ 72.4471165, 22.9380297 ] ], [ [ 72.4471165, 22.9380297 ], [ 72.44708, 22.9379885 ] ] ] } },
{ "type": "Feature", "properties": { "construction": null, "disused": null, "light_rail": null, "monorail": null, "railway": "rail", "station": null, "subway": null, "id": 62409950, "timestamp": 1620934297, "version": 10, "tags": { "visible": false, "electrified": "contact_line", "frequency": "50", "gauge": "1676", "passenger_lines": "2", "usage": "main", "voltage": "25000" }, "osm_type": "way" }, "geometry": { "type": "MultiLineString", "coordinates": [ [ [ 72.5369491, 23.1771312 ], [ 72.5359021, 23.1791061 ] ], [ [ 72.5359021, 23.1791061 ], [ 72.5356716, 23.1795714 ] ], [ [ 72.5356716, 23.1795714 ], [ 72.5354048, 23.1801148 ] ], [ [ 72.5354048, 23.1801148 ], [ 72.5351476, 23.1807444 ] ], [ [ 72.5351476, 23.1807444 ], [ 72.5347992, 23.1816365 ] ], [ [ 72.5347992, 23.1816365 ], [ 72.5345139, 23.1823145 ] ], [ [ 72.5345139, 23.1823145 ], [ 72.5344326, 23.1825078 ] ], [ [ 72.5344326, 23.1825078 ], [ 72.5339292, 23.1835821 ] ], [ [ 72.5339292, 23.1835821 ], [ 72.5331559, 23.1850793 ] ], [ [ 72.5331559, 23.1850793 ], [ 72.5323519, 23.1866778 ] ], [ [ 72.5323519, 23.1866778 ], [ 72.5316759, 23.1880093 ] ], [ [ 72.5316759, 23.1880093 ], [ 72.5308786, 23.189594 ] ], [ [ 72.5308786, 23.189594 ], [ 72.5301239, 23.1911091 ] ], [ [ 72.5301239, 23.1911091 ], [ 72.5293747, 23.1925588 ] ], [ [ 72.5293747, 23.1925588 ], [ 72.5286203, 23.1940458 ] ], [ [ 72.5286203, 23.1940458 ], [ 72.5278878, 23.1954966 ] ], [ [ 72.5278878, 23.1954966 ], [ 72.5271604, 23.1969616 ] ], [ [ 72.5271604, 23.1969616 ], [ 72.5263226, 23.1985816 ] ], [ [ 72.5263226, 23.1985816 ], [ 72.5263067, 23.1986131 ] ], [ [ 72.5263067, 23.1986131 ], [ 72.5252395, 23.2007271 ] ], [ [ 72.5252395, 23.2007271 ], [ 72.5240698, 23.2030503 ] ], [ [ 72.5240698, 23.2030503 ], [ 72.5233379, 23.2044613 ] ], [ [ 72.5233379, 23.2044613 ], [ 72.5226555, 23.2058154 ] ], [ [ 72.5226555, 23.2058154 ], [ 72.5218996, 23.2072903 ] ], [ [ 72.5218996, 23.2072903 ], [ 72.521215, 23.2086716 ] ], [ [ 72.521215, 23.2086716 ], [ 72.520567, 23.2099427 ] ], [ [ 72.520567, 23.2099427 ], [ 72.5198649, 23.2113152 ] ], [ [ 72.5198649, 23.2113152 ], [ 72.5191426, 23.2127551 ] ], [ [ 72.5191426, 23.2127551 ], [ 72.5185727, 23.2138908 ] ], [ [ 72.5185727, 23.2138908 ], [ 72.5177357, 23.2155734 ] ], [ [ 72.5177357, 23.2155734 ], [ 72.5171768, 23.2166751 ] ], [ [ 72.5171768, 23.2166751 ], [ 72.5163073, 23.2183307 ] ] ] } },
{ "type": "Feature", "properties": { "construction": null, "disused": null, "light_rail": null, "monorail": null, "railway": "rail", "station": null, "subway": null, "id": 62410026, "timestamp": 1620934297, "version": 8, "tags": { "visible": false, "electrified": "contact_line", "frequency": "50", "gauge": "1676", "passenger_lines": "2", "usage": "main", "voltage": "25000" }, "osm_type": "way" }, "geometry": { "type": "MultiLineString", "coordinates": [ [ [ 72.5163475, 23.2183499 ], [ 72.5172337, 23.2166796 ] ], [ [ 72.5172337, 23.2166796 ], [ 72.5179219, 23.2153023 ] ], [ [ 72.5179219, 23.2153023 ], [ 72.5189703, 23.21321 ] ], [ [ 72.5189703, 23.21321 ], [ 72.5200908, 23.2109938 ] ], [ [ 72.5200908, 23.2109938 ], [ 72.5219191, 23.207371 ] ], [ [ 72.5219191, 23.207371 ], [ 72.5228992, 23.2054833 ] ], [ [ 72.5228992, 23.2054833 ], [ 72.5238135, 23.203675 ] ], [ [ 72.5238135, 23.203675 ], [ 72.5255838, 23.2001772 ] ], [ [ 72.5255838, 23.2001772 ], [ 72.5263691, 23.1986201 ] ], [ [ 72.5263691, 23.1986201 ], [ 72.5272554, 23.1968627 ] ], [ [ 72.5272554, 23.1968627 ], [ 72.5285168, 23.1944082 ] ], [ [ 72.5285168, 23.1944082 ], [ 72.5298456, 23.1918003 ] ], [ [ 72.5298456, 23.1918003 ], [ 72.5311278, 23.1892589 ] ], [ [ 72.5311278, 23.1892589 ], [ 72.5323876, 23.1867379 ] ], [ [ 72.5323876, 23.1867379 ], [ 72.5336686, 23.1842327 ] ], [ [ 72.5336686, 23.1842327 ], [ 72.5341205, 23.1833743 ] ], [ [ 72.5341205, 23.1833743 ], [ 72.5344569, 23.1826108 ] ], [ [ 72.5344569, 23.1826108 ], [ 72.5345794, 23.1823148 ] ], [ [ 72.5345794, 23.1823148 ], [ 72.534869, 23.1816148 ] ], [ [ 72.534869, 23.1816148 ], [ 72.5352041, 23.180755 ] ], [ [ 72.5352041, 23.180755 ], [ 72.5355513, 23.179951 ] ], [ [ 72.5355513, 23.179951 ], [ 72.536987, 23.1771466 ] ] ] } },
{ "type": "Feature", "properties": { "construction": null, "disused": null, "light_rail": null, "monorail": null, "railway": "rail", "station": null, "subway": null, "id": 62518641, "timestamp": 1722420788, "version": 7, "tags": { "visible": false, "electrified": "contact_line", "frequency": "50", "gauge": "1676", "operator": "Indian Railways", "passenger_lines": "1", "usage": "main", "voltage": "25000" }, "osm_type": "way" }, "geometry": { "type": "MultiLineString", "coordinates": [ [ [ 72.5644293, 23.1824972 ], [ 72.5642606, 23.1823905 ] ], [ [ 72.5642606, 23.1823905 ], [ 72.5574028, 23.1780746 ] ], [ [ 72.5574028, 23.1780746 ], [ 72.556228, 23.1773813 ] ], [ [ 72.556228, 23.1773813 ], [ 72.5516359, 23.1746719 ] ] ] } },
{ "type": "Feature", "properties": { "construction": null, "disused": null, "light_rail": null, "monorail": null, "railway": "rail", "station": null, "subway": null, "id": 104568374, "timestamp": 1745849234, "version": 21, "tags": { "visible": false, "electrified": "contact_line", "frequency": "50", "gauge": "1676", "historic:gauge": "1000", "passenger_lines": "1", "usage": "main", "voltage": "25000" }, "osm_type": "way" }, "geometry": { "type": "MultiLineString", "coordinates": [ [ [ 72.6014556, 23.0356015 ], [ 72.6014744, 23.0359646 ] ], [ [ 72.6014744, 23.0359646 ], [ 72.6015082, 23.0364765 ] ], [ [ 72.6015082, 23.0364765 ], [ 72.6015208, 23.0366297 ] ], [ [ 72.6015208, 23.0366297 ], [ 72.6015435, 23.036782 ] ], [ [ 72.6015435, 23.036782 ], [ 72.6015761, 23.0369327 ] ], [ [ 72.6015761, 23.0369327 ], [ 72.6016186, 23.0370813 ] ], [ [ 72.6016186, 23.0370813 ], [ 72.6016717, 23.0372294 ] ], [ [ 72.6016717, 23.0372294 ], [ 72.6017345, 23.0373742 ] ], [ [ 72.6017345, 23.0373742 ], [ 72.6018069, 23.0375151 ] ], [ [ 72.6018069, 23.0375151 ], [ 72.6018886, 23.0376517 ] ], [ [ 72.6018886, 23.0376517 ], [ 72.6019793, 23.0377834 ] ], [ [ 72.6019793, 23.0377834 ], [ 72.6020786, 23.0379098 ] ], [ [ 72.6020786, 23.0379098 ], [ 72.6021862, 23.0380302 ] ], [ [ 72.6021862, 23.0380302 ], [ 72.6023016, 23.0381444 ] ], [ [ 72.6023016, 23.0381444 ], [ 72.6024165, 23.0382605 ] ], [ [ 72.6024165, 23.0382605 ], [ 72.602568, 23.038395 ] ], [ [ 72.602568, 23.038395 ], [ 72.6027365, 23.0385278 ] ], [ [ 72.6027365, 23.0385278 ], [ 72.6029036, 23.0386395 ] ], [ [ 72.6029036, 23.0386395 ], [ 72.6030988, 23.0387446 ] ], [ [ 72.6030988, 23.0387446 ], [ 72.6032989, 23.0388348 ] ], [ [ 72.6032989, 23.0388348 ], [ 72.6044458, 23.0392951 ] ], [ [ 72.6044458, 23.0392951 ], [ 72.6048214, 23.0394437 ] ], [ [ 72.6048214, 23.0394437 ], [ 72.6088886, 23.0411099 ] ], [ [ 72.6088886, 23.0411099 ], [ 72.6091602, 23.0412304 ] ], [ [ 72.6091602, 23.0412304 ], [ 72.6094124, 23.0413489 ] ], [ [ 72.6094124, 23.0413489 ], [ 72.6097116, 23.0415113 ] ], [ [ 72.6097116, 23.0415113 ], [ 72.6099531, 23.0416411 ] ], [ [ 72.6099531, 23.0416411 ], [ 72.6106154, 23.0420733 ] ], [ [ 72.6106154, 23.0420733 ], [ 72.6106891, 23.0421264 ] ], [ [ 72.6106891, 23.0421264 ], [ 72.6108645, 23.0422649 ] ], [ [ 72.6108645, 23.0422649 ], [ 72.6113358, 23.0426922 ] ], [ [ 72.6113358, 23.0426922 ], [ 72.6177859, 23.0486262 ] ], [ [ 72.6177859, 23.0486262 ], [ 72.617927, 23.0487447 ] ], [ [ 72.617927, 23.0487447 ], [ 72.6182596, 23.0490057 ] ], [ [ 72.6182596, 23.0490057 ], [ 72.6184823, 23.0491969 ] ], [ [ 72.6184823, 23.0491969 ], [ 72.6188758, 23.0495574 ] ], [ [ 72.6188758, 23.0495574 ], [ 72.6195057, 23.0501377 ] ], [ [ 72.6195057, 23.0501377 ], [ 72.6196803, 23.0502973 ] ], [ [ 72.6196803, 23.0502973 ], [ 72.6246349, 23.054958 ] ], [ [ 72.6246349, 23.054958 ], [ 72.627227, 23.0573193 ] ], [ [ 72.627227, 23.0573193 ], [ 72.6338789, 23.0634397 ] ], [ [ 72.6338789, 23.0634397 ], [ 72.638225, 23.0674254 ] ] ] } },
{ "type": "Feature", "properties": { "construction": null, "disused": null, "light_rail": null, "monorail": null, "railway": "rail", "station": null, "subway": null, "id": 104568393, "timestamp": 1745849234, "version": 7, "tags": { "visible": false, "gauge": "1676", "service": "yard" }, "osm_type": "way" }, "geometry": { "type": "MultiLineString", "coordinates": [ [ [ 72.6026932, 23.0193698 ], [ 72.6028393, 23.019142 ] ], [ [ 72.6028393, 23.019142 ], [ 72.6029422, 23.0190072 ] ], [ [ 72.6029422, 23.0190072 ], [ 72.6030626, 23.0188793 ] ], [ [ 72.6030626, 23.0188793 ], [ 72.6032587, 23.0187016 ] ], [ [ 72.6032587, 23.0187016 ], [ 72.603704, 23.018193 ] ], [ [ 72.603704, 23.018193 ], [ 72.6039023, 23.0179437 ] ], [ [ 72.6039023, 23.0179437 ], [ 72.604001, 23.0177909 ] ], [ [ 72.604001, 23.0177909 ], [ 72.6041606, 23.0176012 ] ] ] } },
{ "type": "Feature", "properties": { "construction": null, "disused": null, "light_rail": null, "monorail": null, "railway": "rail", "station": null, "subway": null, "id": 104569304, "timestamp": 1745849234, "version": 6, "tags": { "visible": false, "gauge": "1676", "service": "yard" }, "osm_type": "way" }, "geometry": { "type": "MultiLineString", "coordinates": [ [ [ 72.602872, 23.0193534 ], [ 72.6026854, 23.0196958 ] ], [ [ 72.6026854, 23.0196958 ], [ 72.6025473, 23.0200439 ] ] ] } },
{ "type": "Feature", "properties": { "construction": null, "disused": null, "light_rail": null, "monorail": null, "railway": "rail", "station": null, "subway": null, "id": 141200056, "timestamp": 1783147977, "version": 18, "tags": { "visible": false, "gauge": "1676", "passenger_lines": "1", "usage": "branch" }, "osm_type": "way" }, "geometry": { "type": "MultiLineString", "coordinates": [ [ [ 72.5703175, 23.1021048 ], [ 72.5697755, 23.1022318 ] ], [ [ 72.5697755, 23.1022318 ], [ 72.5634371, 23.1044004 ] ], [ [ 72.5634371, 23.1044004 ], [ 72.5632461, 23.104469 ] ], [ [ 72.5632461, 23.104469 ], [ 72.5630519, 23.1045291 ] ], [ [ 72.5630519, 23.1045291 ], [ 72.5628547, 23.1045808 ] ], [ [ 72.5628547, 23.1045808 ], [ 72.5626552, 23.1046238 ] ], [ [ 72.5626552, 23.1046238 ], [ 72.5624536, 23.104658 ] ], [ [ 72.5624536, 23.104658 ], [ 72.5622505, 23.1046835 ] ], [ [ 72.5622505, 23.1046835 ], [ 72.5620464, 23.1047001 ] ], [ [ 72.5620464, 23.1047001 ], [ 72.5618416, 23.1047079 ] ], [ [ 72.5618416, 23.1047079 ], [ 72.5616366, 23.1047067 ] ], [ [ 72.5616366, 23.1047067 ], [ 72.5614319, 23.1046965 ] ], [ [ 72.5614319, 23.1046965 ], [ 72.561228, 23.1046776 ] ], [ [ 72.561228, 23.1046776 ], [ 72.5610265, 23.1046499 ] ], [ [ 72.5610265, 23.1046499 ], [ 72.5608266, 23.1046136 ] ], [ [ 72.5608266, 23.1046136 ], [ 72.5606288, 23.1045686 ] ], [ [ 72.5606288, 23.1045686 ], [ 72.5604336, 23.1045152 ] ], [ [ 72.5604336, 23.1045152 ], [ 72.5602412, 23.1044534 ] ], [ [ 72.5602412, 23.1044534 ], [ 72.5600523, 23.1043833 ] ], [ [ 72.5600523, 23.1043833 ], [ 72.5598671, 23.1043052 ] ], [ [ 72.5598671, 23.1043052 ], [ 72.5596861, 23.1042191 ] ], [ [ 72.5596861, 23.1042191 ], [ 72.5595098, 23.1041253 ] ], [ [ 72.5595098, 23.1041253 ], [ 72.5593384, 23.104024 ] ], [ [ 72.5593384, 23.104024 ], [ 72.5591723, 23.1039154 ] ], [ [ 72.5591723, 23.1039154 ], [ 72.559012, 23.1037997 ] ], [ [ 72.559012, 23.1037997 ], [ 72.5588578, 23.1036773 ] ], [ [ 72.5588578, 23.1036773 ], [ 72.5587101, 23.1035483 ] ], [ [ 72.5587101, 23.1035483 ], [ 72.558569, 23.103413 ] ], [ [ 72.558569, 23.103413 ], [ 72.5584351, 23.1032718 ] ], [ [ 72.5584351, 23.1032718 ], [ 72.5583085, 23.103125 ] ], [ [ 72.5583085, 23.103125 ], [ 72.5580375, 23.1027743 ] ], [ [ 72.5580375, 23.1027743 ], [ 72.5576127, 23.1019107 ] ], [ [ 72.5576127, 23.1019107 ], [ 72.5561862, 23.0988356 ] ] ] } },
{ "type": "Feature", "properties": { "construction": null, "disused": null, "light_rail": null, "monorail": null, "railway": "rail", "station": null, "subway": null, "id": 178823754, "timestamp": 1738577702, "version": 14, "tags": { "visible": false, "electrified": "contact_line", "frequency": "50", "gauge": "1676", "historic:gauge": "1000", "passenger_lines": "1", "usage": "main", "voltage": "25000" }, "osm_type": "way" }, "geometry": { "type": "MultiLineString", "coordinates": [ [ [ 72.6383601, 23.0675481 ], [ 72.6419043, 23.0708431 ] ], [ [ 72.6419043, 23.0708431 ], [ 72.642662, 23.0715285 ] ], [ [ 72.642662, 23.0715285 ], [ 72.6435021, 23.0722562 ] ], [ [ 72.6435021, 23.0722562 ], [ 72.6474583, 23.0759317 ] ], [ [ 72.6474583, 23.0759317 ], [ 72.6527216, 23.0807848 ] ], [ [ 72.6527216, 23.0807848 ], [ 72.6537489, 23.0817257 ] ], [ [ 72.6537489, 23.0817257 ], [ 72.6563235, 23.0841199 ] ], [ [ 72.6563235, 23.0841199 ], [ 72.660325, 23.0877661 ] ], [ [ 72.660325, 23.0877661 ], [ 72.6607521, 23.0881534 ] ], [ [ 72.6607521, 23.0881534 ], [ 72.661302, 23.0886708 ] ], [ [ 72.661302, 23.0886708 ], [ 72.6622288, 23.0895505 ] ], [ [ 72.6622288, 23.0895505 ], [ 72.6653975, 23.0924066 ] ], [ [ 72.6653975, 23.0924066 ], [ 72.6704615, 23.0970332 ] ], [ [ 72.6704615, 23.0970332 ], [ 72.6721347, 23.0986775 ] ], [ [ 72.6721347, 23.0986775 ], [ 72.6785039, 23.104478 ] ], [ [ 72.6785039, 23.104478 ], [ 72.6809227, 23.1067071 ] ], [ [ 72.6809227, 23.1067071 ], [ 72.6814484, 23.1071916 ] ], [ [ 72.6814484, 23.1071916 ], [ 72.6840671, 23.1096048 ] ], [ [ 72.6840671, 23.1096048 ], [ 72.6846665, 23.1101383 ] ], [ [ 72.6846665, 23.1101383 ], [ 72.6875161, 23.112775 ] ] ] } },
{ "type": "Feature", "properties": { "construction": null, "disused": null, "light_rail": null, "monorail": null, "railway": "rail", "station": null, "subway": null, "id": 178823757, "timestamp": 1749635139, "version": 29, "tags": { "visible": false, "gauge": "1676", "passenger_lines": "1", "usage": "branch" }, "osm_type": "way" }, "geometry": { "type": "MultiLineString", "coordinates": [ [ [ 72.5682888, 23.0219371 ], [ 72.5680951, 23.0215696 ] ], [ [ 72.5680951, 23.0215696 ], [ 72.5678747, 23.0212402 ] ], [ [ 72.5678747, 23.0212402 ], [ 72.5677391, 23.0210796 ] ], [ [ 72.5677391, 23.0210796 ], [ 72.5675955, 23.0209251 ] ], [ [ 72.5675955, 23.0209251 ], [ 72.5674443, 23.0207769 ] ], [ [ 72.5674443, 23.0207769 ], [ 72.5672856, 23.0206353 ] ], [ [ 72.5672856, 23.0206353 ], [ 72.5671199, 23.0205008 ] ], [ [ 72.5671199, 23.0205008 ], [ 72.5669476, 23.0203736 ] ], [ [ 72.5669476, 23.0203736 ], [ 72.566769, 23.0202539 ] ], [ [ 72.566769, 23.0202539 ], [ 72.5665844, 23.0201421 ] ], [ [ 72.5665844, 23.0201421 ], [ 72.5663944, 23.0200383 ] ], [ [ 72.5663944, 23.0200383 ], [ 72.5662107, 23.0199481 ] ], [ [ 72.5662107, 23.0199481 ], [ 72.5660228, 23.0198654 ] ], [ [ 72.5660228, 23.0198654 ], [ 72.5658311, 23.0197905 ] ], [ [ 72.5658311, 23.0197905 ], [ 72.562337, 23.0185149 ] ], [ [ 72.562337, 23.0185149 ], [ 72.5615859, 23.0182479 ] ], [ [ 72.5615859, 23.0182479 ], [ 72.5614028, 23.0181801 ] ], [ [ 72.5614028, 23.0181801 ], [ 72.5613491, 23.0181614 ] ], [ [ 72.5613491, 23.0181614 ], [ 72.5607269, 23.0179366 ] ], [ [ 72.5607269, 23.0179366 ], [ 72.5588616, 23.0172513 ] ], [ [ 72.5588616, 23.0172513 ], [ 72.5561034, 23.0162576 ] ], [ [ 72.5561034, 23.0162576 ], [ 72.5549733, 23.0158503 ] ], [ [ 72.5549733, 23.0158503 ], [ 72.5545009, 23.0156844 ] ], [ [ 72.5545009, 23.0156844 ], [ 72.5497168, 23.0139445 ] ], [ [ 72.5497168, 23.0139445 ], [ 72.5475263, 23.0131528 ] ], [ [ 72.5475263, 23.0131528 ], [ 72.5411383, 23.0108741 ] ], [ [ 72.5411383, 23.0108741 ], [ 72.5401493, 23.0104498 ] ], [ [ 72.5401493, 23.0104498 ], [ 72.5392422, 23.0102197 ] ], [ [ 72.5392422, 23.0102197 ], [ 72.5384386, 23.010077 ] ], [ [ 72.5384386, 23.010077 ], [ 72.5375315, 23.0099442 ] ], [ [ 72.5375315, 23.0099442 ], [ 72.5346924, 23.009687 ] ], [ [ 72.5346924, 23.009687 ], [ 72.5282017, 23.0090277 ] ], [ [ 72.5282017, 23.0090277 ], [ 72.5270602, 23.0089092 ] ], [ [ 72.5270602, 23.0089092 ], [ 72.5261589, 23.0088302 ] ], [ [ 72.5261589, 23.0088302 ], [ 72.5205419, 23.0082863 ] ], [ [ 72.5205419, 23.0082863 ], [ 72.5193869, 23.0081745 ] ], [ [ 72.5193869, 23.0081745 ], [ 72.5169113, 23.0079224 ] ], [ [ 72.5169113, 23.0079224 ], [ 72.5168065, 23.0079116 ] ], [ [ 72.5168065, 23.0079116 ], [ 72.5157995, 23.0078111 ] ], [ [ 72.5157995, 23.0078111 ], [ 72.5155244, 23.0077709 ] ], [ [ 72.5155244, 23.0077709 ], [ 72.5152506, 23.0077236 ] ], [ [ 72.5152506, 23.0077236 ], [ 72.5149784, 23.0076693 ] ], [ [ 72.5149784, 23.0076693 ], [ 72.5147615, 23.0076207 ] ], [ [ 72.5147615, 23.0076207 ], [ 72.5145468, 23.0075647 ] ], [ [ 72.5145468, 23.0075647 ], [ 72.5143344, 23.0075014 ] ], [ [ 72.5143344, 23.0075014 ], [ 72.5141248, 23.0074309 ] ], [ [ 72.5141248, 23.0074309 ], [ 72.5139181, 23.0073532 ] ], [ [ 72.5139181, 23.0073532 ], [ 72.5137147, 23.0072686 ] ], [ [ 72.5137147, 23.0072686 ], [ 72.5135149, 23.007177 ] ], [ [ 72.5135149, 23.007177 ], [ 72.5133164, 23.0070772 ] ], [ [ 72.5133164, 23.0070772 ], [ 72.513122, 23.0069707 ] ], [ [ 72.513122, 23.0069707 ], [ 72.5129322, 23.0068575 ] ], [ [ 72.5129322, 23.0068575 ], [ 72.5127471, 23.0067377 ] ], [ [ 72.5127471, 23.0067377 ], [ 72.5123051, 23.0063927 ] ], [ [ 72.5123051, 23.0063927 ], [ 72.5102859, 23.0048667 ] ], [ [ 72.5102859, 23.0048667 ], [ 72.5093786, 23.0040868 ] ], [ [ 72.5093786, 23.0040868 ], [ 72.5071793, 23.0023593 ] ], [ [ 72.5071793, 23.0023593 ], [ 72.5036627, 22.9996656 ] ], [ [ 72.5036627, 22.9996656 ], [ 72.4999288, 22.996624 ] ], [ [ 72.4999288, 22.996624 ], [ 72.4997452, 22.9964613 ] ], [ [ 72.4997452, 22.9964613 ], [ 72.4995688, 22.9962921 ] ], [ [ 72.4995688, 22.9962921 ], [ 72.4993999, 22.9961165 ] ], [ [ 72.4993999, 22.9961165 ], [ 72.4992387, 22.9959349 ] ], [ [ 72.4992387, 22.9959349 ], [ 72.4990855, 22.9957475 ] ], [ [ 72.4990855, 22.9957475 ], [ 72.4989405, 22.9955546 ] ], [ [ 72.4989405, 22.9955546 ], [ 72.498804, 22.9953565 ] ], [ [ 72.498804, 22.9953565 ], [ 72.4986762, 22.9951536 ] ], [ [ 72.4986762, 22.9951536 ], [ 72.4985573, 22.9949461 ] ], [ [ 72.4985573, 22.9949461 ], [ 72.4984475, 22.9947345 ] ], [ [ 72.4984475, 22.9947345 ], [ 72.498347, 22.994519 ] ], [ [ 72.498347, 22.994519 ], [ 72.4982602, 22.994311 ] ], [ [ 72.4982602, 22.994311 ], [ 72.498182, 22.9941001 ] ], [ [ 72.498182, 22.9941001 ], [ 72.4981125, 22.9938866 ] ], [ [ 72.4981125, 22.9938866 ], [ 72.4980519, 22.9936709 ] ], [ [ 72.4980519, 22.9936709 ], [ 72.4980002, 22.9934532 ] ], [ [ 72.4980002, 22.9934532 ], [ 72.4979575, 22.9932339 ] ], [ [ 72.4979575, 22.9932339 ], [ 72.4979239, 22.9930132 ] ], [ [ 72.4979239, 22.9930132 ], [ 72.4978994, 22.9927915 ] ], [ [ 72.4978994, 22.9927915 ], [ 72.4978065, 22.9910376 ] ], [ [ 72.4978065, 22.9910376 ], [ 72.497646, 22.9877507 ] ], [ [ 72.497646, 22.9877507 ], [ 72.4976191, 22.9870139 ] ], [ [ 72.4976191, 22.9870139 ], [ 72.4976158, 22.9869567 ] ], [ [ 72.4976158, 22.9869567 ], [ 72.4976, 22.986419 ] ], [ [ 72.4976, 22.986419 ], [ 72.4975502, 22.9857063 ] ], [ [ 72.4975502, 22.9857063 ], [ 72.4972082, 22.9793433 ] ], [ [ 72.4972082, 22.9793433 ], [ 72.4971408, 22.9771037 ] ], [ [ 72.4971408, 22.9771037 ], [ 72.4971174, 22.9766526 ] ], [ [ 72.4971174, 22.9766526 ], [ 72.4970769, 22.9756657 ] ], [ [ 72.4970769, 22.9756657 ], [ 72.4970586, 22.9754614 ] ], [ [ 72.4970586, 22.9754614 ], [ 72.4970317, 22.9752579 ] ], [ [ 72.4970317, 22.9752579 ], [ 72.4969963, 22.9750555 ] ], [ [ 72.4969963, 22.9750555 ], [ 72.4969524, 22.9748545 ] ], [ [ 72.4969524, 22.9748545 ], [ 72.4969001, 22.9746552 ] ], [ [ 72.4969001, 22.9746552 ], [ 72.4968395, 22.974458 ] ], [ [ 72.4968395, 22.974458 ], [ 72.4967706, 22.974263 ] ], [ [ 72.4967706, 22.974263 ], [ 72.4966867, 22.9740544 ] ], [ [ 72.4966867, 22.9740544 ], [ 72.4965933, 22.9738492 ] ], [ [ 72.4965933, 22.9738492 ], [ 72.4964907, 22.9736478 ] ], [ [ 72.4964907, 22.9736478 ], [ 72.4963789, 22.9734506 ] ], [ [ 72.4963789, 22.9734506 ], [ 72.4962583, 22.9732578 ] ], [ [ 72.4962583, 22.9732578 ], [ 72.496129, 22.9730699 ] ], [ [ 72.496129, 22.9730699 ], [ 72.4959913, 22.9728871 ] ], [ [ 72.4959913, 22.9728871 ], [ 72.4958453, 22.9727098 ] ], [ [ 72.4958453, 22.9727098 ], [ 72.4956914, 22.9725383 ] ], [ [ 72.4956914, 22.9725383 ], [ 72.4955298, 22.9723729 ] ], [ [ 72.4955298, 22.9723729 ], [ 72.4953608, 22.9722139 ] ], [ [ 72.4953608, 22.9722139 ], [ 72.4951849, 22.9720614 ] ], [ [ 72.4951849, 22.9720614 ], [ 72.4950023, 22.9719159 ] ], [ [ 72.4950023, 22.9719159 ], [ 72.4948131, 22.9717775 ] ], [ [ 72.4948131, 22.9717775 ], [ 72.4946179, 22.9716466 ] ], [ [ 72.4946179, 22.9716466 ], [ 72.4944169, 22.9715232 ] ], [ [ 72.4944169, 22.9715232 ], [ 72.4942105, 22.9714077 ] ], [ [ 72.4942105, 22.9714077 ], [ 72.493999, 22.9713003 ] ], [ [ 72.493999, 22.9713003 ], [ 72.4937828, 22.9712011 ] ], [ [ 72.4937828, 22.9712011 ], [ 72.4935623, 22.9711103 ] ], [ [ 72.4935623, 22.9711103 ], [ 72.4933378, 22.9710281 ] ], [ [ 72.4933378, 22.9710281 ], [ 72.4931098, 22.9709546 ] ], [ [ 72.4931098, 22.9709546 ], [ 72.4928787, 22.9708899 ] ], [ [ 72.4928787, 22.9708899 ], [ 72.4826514, 22.9683354 ] ], [ [ 72.4826514, 22.9683354 ], [ 72.4784027, 22.9672765 ] ], [ [ 72.4784027, 22.9672765 ], [ 72.4752722, 22.96646 ] ], [ [ 72.4752722, 22.96646 ], [ 72.4751383, 22.966425 ] ], [ [ 72.4751383, 22.966425 ], [ 72.474962, 22.9663769 ] ], [ [ 72.474962, 22.9663769 ], [ 72.4748182, 22.9663415 ] ], [ [ 72.4748182, 22.9663415 ], [ 72.4740277, 22.9661465 ] ], [ [ 72.4740277, 22.9661465 ], [ 72.473572, 22.9660135 ] ], [ [ 72.473572, 22.9660135 ], [ 72.4735249, 22.9659939 ] ], [ [ 72.4735249, 22.9659939 ], [ 72.4730768, 22.9658261 ] ], [ [ 72.4730768, 22.9658261 ], [ 72.4724099, 22.9655383 ] ], [ [ 72.4724099, 22.9655383 ], [ 72.4718119, 22.9652243 ] ], [ [ 72.4718119, 22.9652243 ], [ 72.4716732, 22.9651383 ] ], [ [ 72.4716732, 22.9651383 ], [ 72.4710066, 22.9646732 ] ], [ [ 72.4710066, 22.9646732 ], [ 72.4705486, 22.9643197 ] ], [ [ 72.4705486, 22.9643197 ], [ 72.4699866, 22.9637738 ] ], [ [ 72.4699866, 22.9637738 ], [ 72.4694443, 22.9631947 ] ], [ [ 72.4694443, 22.9631947 ], [ 72.4690686, 22.9627674 ] ], [ [ 72.4690686, 22.9627674 ], [ 72.4686444, 22.9622849 ] ], [ [ 72.4686444, 22.9622849 ], [ 72.4679771, 22.9615505 ] ], [ [ 72.4679771, 22.9615505 ], [ 72.4658439, 22.9592026 ] ] ] } },
{ "type": "Feature", "properties": { "construction": null, "disused": null, "light_rail": null, "monorail": null, "railway": "rail", "station": null, "subway": null, "id": 185804945, "timestamp": 1745849234, "version": 9, "tags": { "visible": false, "gauge": "1676", "name": "Western Railway Line", "passenger_lines": "1", "usage": "branch" }, "osm_type": "way" }, "geometry": { "type": "MultiLineString", "coordinates": [ [ [ 72.5685925, 23.0309163 ], [ 72.5686593, 23.0305997 ] ], [ [ 72.5686593, 23.0305997 ], [ 72.5686892, 23.0304141 ] ], [ [ 72.5686892, 23.0304141 ], [ 72.5687123, 23.0302454 ] ], [ [ 72.5687123, 23.0302454 ], [ 72.5687287, 23.0299542 ] ], [ [ 72.5687287, 23.0299542 ], [ 72.5687316, 23.0296781 ] ], [ [ 72.5687316, 23.0296781 ], [ 72.5686095, 23.0245517 ] ], [ [ 72.5686095, 23.0245517 ], [ 72.5686554, 23.0238869 ] ], [ [ 72.5686554, 23.0238869 ], [ 72.5686438, 23.0234501 ] ], [ [ 72.5686438, 23.0234501 ], [ 72.5686296, 23.0232501 ] ], [ [ 72.5686296, 23.0232501 ], [ 72.5686061, 23.0230508 ] ], [ [ 72.5686061, 23.0230508 ], [ 72.5685734, 23.0228526 ] ], [ [ 72.5685734, 23.0228526 ], [ 72.5685332, 23.0226625 ] ], [ [ 72.5685332, 23.0226625 ], [ 72.5684845, 23.022474 ] ], [ [ 72.5684845, 23.022474 ], [ 72.5684275, 23.0222876 ] ], [ [ 72.5684275, 23.0222876 ], [ 72.5683622, 23.0221035 ] ] ] } },
{ "type": "Feature", "properties": { "construction": null, "disused": null, "light_rail": null, "monorail": null, "railway": "rail", "station": null, "subway": null, "id": 227373877, "timestamp": 1745849234, "version": 23, "tags": { "visible": false, "electrified": "contact_line", "frequency": "50", "gauge": "1676", "passenger_lines": "2", "usage": "main", "voltage": "25000" }, "osm_type": "way" }, "geometry": { "type": "MultiLineString", "coordinates": [ [ [ 72.6172076, 22.9861624 ], [ 72.6172176, 22.9861402 ] ], [ [ 72.6172176, 22.9861402 ], [ 72.6179232, 22.9845438 ] ], [ [ 72.6179232, 22.9845438 ], [ 72.619373, 22.9813077 ] ], [ [ 72.619373, 22.9813077 ], [ 72.6201851, 22.9795396 ] ], [ [ 72.6201851, 22.9795396 ], [ 72.6207383, 22.97828 ] ], [ [ 72.6207383, 22.97828 ], [ 72.6211645, 22.9773124 ] ], [ [ 72.6211645, 22.9773124 ], [ 72.6211853, 22.9772663 ] ], [ [ 72.6211853, 22.9772663 ], [ 72.6217507, 22.9760397 ] ], [ [ 72.6217507, 22.9760397 ], [ 72.6244687, 22.9699887 ] ], [ [ 72.6244687, 22.9699887 ], [ 72.6258278, 22.9669172 ] ], [ [ 72.6258278, 22.9669172 ], [ 72.6267825, 22.9648769 ] ], [ [ 72.6267825, 22.9648769 ], [ 72.6282481, 22.9619438 ] ], [ [ 72.6282481, 22.9619438 ], [ 72.6289526, 22.9604253 ] ], [ [ 72.6289526, 22.9604253 ], [ 72.6295542, 22.9590328 ] ], [ [ 72.6295542, 22.9590328 ], [ 72.6303529, 22.9572406 ] ], [ [ 72.6303529, 22.9572406 ], [ 72.6309589, 22.9559443 ] ], [ [ 72.6309589, 22.9559443 ], [ 72.6318429, 22.9540978 ] ], [ [ 72.6318429, 22.9540978 ], [ 72.6319794, 22.9537795 ] ], [ [ 72.6319794, 22.9537795 ], [ 72.6339327, 22.9497293 ] ], [ [ 72.6339327, 22.9497293 ], [ 72.6347735, 22.9483242 ] ], [ [ 72.6347735, 22.9483242 ], [ 72.6358968, 22.9467278 ] ], [ [ 72.6358968, 22.9467278 ], [ 72.6369064, 22.9454453 ] ], [ [ 72.6369064, 22.9454453 ], [ 72.6375051, 22.94463 ] ], [ [ 72.6375051, 22.94463 ], [ 72.6378056, 22.9441448 ] ], [ [ 72.6378056, 22.9441448 ], [ 72.6381906, 22.9434528 ] ], [ [ 72.6381906, 22.9434528 ], [ 72.6384447, 22.9428871 ] ], [ [ 72.6384447, 22.9428871 ], [ 72.6387231, 22.9421443 ] ], [ [ 72.6387231, 22.9421443 ], [ 72.6393497, 22.9402351 ] ], [ [ 72.6393497, 22.9402351 ], [ 72.639777, 22.9391505 ] ], [ [ 72.639777, 22.9391505 ], [ 72.6400691, 22.9385371 ] ], [ [ 72.6400691, 22.9385371 ], [ 72.6410474, 22.9368086 ] ], [ [ 72.6410474, 22.9368086 ], [ 72.6420506, 22.9349698 ] ], [ [ 72.6420506, 22.9349698 ], [ 72.6427277, 22.9337446 ] ] ] } },
{ "type": "Feature", "properties": { "construction": null, "disused": null, "light_rail": null, "monorail": null, "railway": "rail", "station": null, "subway": null, "id": 227383047, "timestamp": 1740997891, "version": 15, "tags": { "visible": false, "electrified": "contact_line", "frequency": "50", "gauge": "1676", "passenger_lines": "2", "usage": "main", "voltage": "25000" }, "osm_type": "way" }, "geometry": { "type": "MultiLineString", "coordinates": [ [ [ 72.5816099, 23.0883076 ], [ 72.5814948, 23.090569 ] ], [ [ 72.5814948, 23.090569 ], [ 72.5814708, 23.0909466 ] ], [ [ 72.5814708, 23.0909466 ], [ 72.5814219, 23.0915334 ] ], [ [ 72.5814219, 23.0915334 ], [ 72.5813475, 23.0919511 ] ], [ [ 72.5813475, 23.0919511 ], [ 72.5812751, 23.0922355 ] ], [ [ 72.5812751, 23.0922355 ], [ 72.581192, 23.0924938 ] ], [ [ 72.581192, 23.0924938 ], [ 72.5810474, 23.0927864 ] ], [ [ 72.5810474, 23.0927864 ], [ 72.5809054, 23.0930468 ] ], [ [ 72.5809054, 23.0930468 ], [ 72.580319, 23.0940946 ] ], [ [ 72.580319, 23.0940946 ], [ 72.5797116, 23.095148 ] ], [ [ 72.5797116, 23.095148 ], [ 72.579497, 23.0955242 ] ], [ [ 72.579497, 23.0955242 ], [ 72.5790893, 23.0962388 ] ], [ [ 72.5790893, 23.0962388 ], [ 72.5785883, 23.097128 ] ], [ [ 72.5785883, 23.097128 ], [ 72.578334, 23.0975546 ] ], [ [ 72.578334, 23.0975546 ], [ 72.5780169, 23.0980064 ] ], [ [ 72.5780169, 23.0980064 ], [ 72.5777704, 23.0983196 ] ], [ [ 72.5777704, 23.0983196 ], [ 72.5773594, 23.098766 ] ], [ [ 72.5773594, 23.098766 ], [ 72.5770013, 23.0991188 ] ], [ [ 72.5770013, 23.0991188 ], [ 72.5766628, 23.099414 ] ], [ [ 72.5766628, 23.099414 ], [ 72.5760982, 23.099813 ] ], [ [ 72.5760982, 23.099813 ], [ 72.5757781, 23.1000252 ] ], [ [ 72.5757781, 23.1000252 ], [ 72.5755458, 23.1001693 ] ], [ [ 72.5755458, 23.1001693 ], [ 72.5752371, 23.1003402 ] ], [ [ 72.5752371, 23.1003402 ], [ 72.574858, 23.1005121 ] ], [ [ 72.574858, 23.1005121 ], [ 72.5743661, 23.1007397 ] ], [ [ 72.5743661, 23.1007397 ], [ 72.5735688, 23.1010192 ] ], [ [ 72.5735688, 23.1010192 ], [ 72.5728026, 23.1012839 ] ], [ [ 72.5728026, 23.1012839 ], [ 72.5716949, 23.1016517 ] ], [ [ 72.5716949, 23.1016517 ], [ 72.5710069, 23.1018853 ] ], [ [ 72.5710069, 23.1018853 ], [ 72.5703175, 23.1021048 ] ], [ [ 72.5703175, 23.1021048 ], [ 72.569551, 23.1023631 ] ], [ [ 72.569551, 23.1023631 ], [ 72.5693784, 23.1024297 ] ], [ [ 72.5693784, 23.1024297 ], [ 72.5690536, 23.1025562 ] ], [ [ 72.5690536, 23.1025562 ], [ 72.5687925, 23.1026904 ] ], [ [ 72.5687925, 23.1026904 ], [ 72.5684314, 23.102873 ] ], [ [ 72.5684314, 23.102873 ], [ 72.5681026, 23.1030789 ] ], [ [ 72.5681026, 23.1030789 ], [ 72.567813, 23.1032924 ] ], [ [ 72.567813, 23.1032924 ], [ 72.567449, 23.1036071 ] ], [ [ 72.567449, 23.1036071 ], [ 72.5672866, 23.1037748 ] ], [ [ 72.5672866, 23.1037748 ], [ 72.5669904, 23.1040977 ] ], [ [ 72.5669904, 23.1040977 ], [ 72.5665586, 23.1046081 ] ], [ [ 72.5665586, 23.1046081 ], [ 72.5664905, 23.104692 ] ], [ [ 72.5664905, 23.104692 ], [ 72.5661148, 23.105155 ] ], [ [ 72.5661148, 23.105155 ], [ 72.5657788, 23.1056473 ] ], [ [ 72.5657788, 23.1056473 ], [ 72.5654911, 23.1061192 ] ], [ [ 72.5654911, 23.1061192 ], [ 72.5653649, 23.10639 ] ], [ [ 72.5653649, 23.10639 ], [ 72.5651911, 23.1067698 ] ], [ [ 72.5651911, 23.1067698 ], [ 72.5639909, 23.1096536 ] ], [ [ 72.5639909, 23.1096536 ], [ 72.5629559, 23.1121001 ] ], [ [ 72.5629559, 23.1121001 ], [ 72.5620015, 23.1144486 ] ], [ [ 72.5620015, 23.1144486 ], [ 72.5613766, 23.1159723 ] ], [ [ 72.5613766, 23.1159723 ], [ 72.5607716, 23.1174122 ] ], [ [ 72.5607716, 23.1174122 ], [ 72.5594817, 23.1205458 ] ], [ [ 72.5594817, 23.1205458 ], [ 72.5592973, 23.1210101 ] ], [ [ 72.5592973, 23.1210101 ], [ 72.5591335, 23.1214786 ] ], [ [ 72.5591335, 23.1214786 ], [ 72.5589821, 23.1220013 ] ], [ [ 72.5589821, 23.1220013 ], [ 72.5588571, 23.1224876 ] ], [ [ 72.5588571, 23.1224876 ], [ 72.558122, 23.1253794 ] ], [ [ 72.558122, 23.1253794 ], [ 72.5576994, 23.1270509 ] ], [ [ 72.5576994, 23.1270509 ], [ 72.5572792, 23.1286768 ] ], [ [ 72.5572792, 23.1286768 ], [ 72.5570037, 23.1298137 ] ], [ [ 72.5570037, 23.1298137 ], [ 72.5565883, 23.131483 ] ], [ [ 72.5565883, 23.131483 ], [ 72.5561523, 23.1332 ] ], [ [ 72.5561523, 23.1332 ], [ 72.5553217, 23.1365338 ] ], [ [ 72.5553217, 23.1365338 ], [ 72.554763, 23.1388341 ] ], [ [ 72.554763, 23.1388341 ], [ 72.5541678, 23.141141 ] ], [ [ 72.5541678, 23.141141 ], [ 72.5537119, 23.142988 ] ], [ [ 72.5537119, 23.142988 ], [ 72.5532801, 23.1447846 ] ], [ [ 72.5532801, 23.1447846 ], [ 72.5531085, 23.1453967 ] ], [ [ 72.5531085, 23.1453967 ], [ 72.5530122, 23.1456997 ] ], [ [ 72.5530122, 23.1456997 ], [ 72.5529159, 23.1459564 ] ], [ [ 72.5529159, 23.1459564 ], [ 72.5527947, 23.1462637 ] ], [ [ 72.5527947, 23.1462637 ], [ 72.5526617, 23.146571 ] ], [ [ 72.5526617, 23.146571 ], [ 72.5523574, 23.1471417 ] ] ] } },
{ "type": "Feature", "properties": { "construction": null, "disused": null, "light_rail": null, "monorail": null, "railway": "rail", "station": null, "subway": null, "id": 227383051, "timestamp": 1745849234, "version": 10, "tags": { "visible": false, "electrified": "contact_line", "frequency": "50", "gauge": "1676", "passenger_lines": "2", "usage": "main", "voltage": "25000" }, "osm_type": "way" }, "geometry": { "type": "MultiLineString", "coordinates": [ [ [ 72.5831482, 23.0846198 ], [ 72.5835921, 23.0840548 ] ], [ [ 72.5835921, 23.0840548 ], [ 72.5839025, 23.0836902 ] ], [ [ 72.5839025, 23.0836902 ], [ 72.5842279, 23.0832963 ] ], [ [ 72.5842279, 23.0832963 ], [ 72.5846167, 23.0828149 ] ], [ [ 72.5846167, 23.0828149 ], [ 72.5850431, 23.0822962 ] ], [ [ 72.5850431, 23.0822962 ], [ 72.5857566, 23.0814282 ] ], [ [ 72.5857566, 23.0814282 ], [ 72.5863615, 23.080797 ] ], [ [ 72.5863615, 23.080797 ], [ 72.5866546, 23.0804279 ] ], [ [ 72.5866546, 23.0804279 ], [ 72.5868585, 23.0801514 ] ], [ [ 72.5868585, 23.0801514 ], [ 72.5871748, 23.0797416 ] ], [ [ 72.5871748, 23.0797416 ], [ 72.5873371, 23.0795214 ] ], [ [ 72.5873371, 23.0795214 ], [ 72.5874927, 23.0792722 ] ], [ [ 72.5874927, 23.0792722 ], [ 72.5876027, 23.0790674 ] ], [ [ 72.5876027, 23.0790674 ], [ 72.5877415, 23.0787811 ] ], [ [ 72.5877415, 23.0787811 ], [ 72.5882396, 23.0777093 ] ], [ [ 72.5882396, 23.0777093 ], [ 72.5889666, 23.0761452 ] ], [ [ 72.5889666, 23.0761452 ], [ 72.5891021, 23.0758329 ] ], [ [ 72.5891021, 23.0758329 ], [ 72.5891875, 23.0756 ] ], [ [ 72.5891875, 23.0756 ], [ 72.5892776, 23.0752091 ] ], [ [ 72.5892776, 23.0752091 ], [ 72.5893079, 23.0750268 ] ], [ [ 72.5893079, 23.0750268 ], [ 72.5893297, 23.074649 ] ], [ [ 72.5893297, 23.074649 ], [ 72.5893177, 23.0744066 ] ], [ [ 72.5893177, 23.0744066 ], [ 72.5893038, 23.0739354 ] ], [ [ 72.5893038, 23.0739354 ], [ 72.589277, 23.073622 ] ], [ [ 72.589277, 23.073622 ], [ 72.589218, 23.0732568 ] ], [ [ 72.589218, 23.0732568 ], [ 72.5891362, 23.0729336 ] ], [ [ 72.5891362, 23.0729336 ], [ 72.5890732, 23.0726979 ] ], [ [ 72.5890732, 23.0726979 ], [ 72.5889458, 23.0723734 ] ], [ [ 72.5889458, 23.0723734 ], [ 72.5888398, 23.071981 ] ], [ [ 72.5888398, 23.071981 ], [ 72.5885609, 23.0712765 ] ], [ [ 72.5885609, 23.0712765 ], [ 72.5885108, 23.0710973 ] ], [ [ 72.5885108, 23.0710973 ], [ 72.5884676, 23.0709165 ] ] ] } },
{ "type": "Feature", "properties": { "construction": null, "disused": null, "light_rail": null, "monorail": null, "railway": "rail", "station": null, "subway": null, "id": 227383052, "timestamp": 1627766176, "version": 5, "tags": { "visible": false, "electrified": "contact_line", "frequency": "50", "gauge": "1676", "layer": "1", "service": "siding", "voltage": "25000" }, "osm_type": "way" }, "geometry": { "type": "MultiLineString", "coordinates": [ [ [ 72.6441265, 22.9285621 ], [ 72.6437639, 22.9289331 ] ], [ [ 72.6437639, 22.9289331 ], [ 72.642451, 22.9300485 ] ], [ [ 72.642451, 22.9300485 ], [ 72.6396811, 22.9324387 ] ], [ [ 72.6396811, 22.9324387 ], [ 72.6393068, 22.9327947 ] ], [ [ 72.6393068, 22.9327947 ], [ 72.6389541, 22.9332578 ] ], [ [ 72.6389541, 22.9332578 ], [ 72.6386707, 22.9337515 ] ], [ [ 72.6386707, 22.9337515 ], [ 72.6382959, 22.9346035 ] ], [ [ 72.6382959, 22.9346035 ], [ 72.6380612, 22.9351308 ] ], [ [ 72.6380612, 22.9351308 ], [ 72.6376505, 22.9360178 ] ], [ [ 72.6376505, 22.9360178 ], [ 72.6371556, 22.9371979 ] ], [ [ 72.6371556, 22.9371979 ], [ 72.637059, 22.9375897 ] ], [ [ 72.637059, 22.9375897 ], [ 72.6368478, 22.938995 ] ], [ [ 72.6368478, 22.938995 ], [ 72.6362643, 22.9428167 ] ], [ [ 72.6362643, 22.9428167 ], [ 72.6361686, 22.9432064 ] ], [ [ 72.6361686, 22.9432064 ], [ 72.6361124, 22.9433616 ] ], [ [ 72.6361124, 22.9433616 ], [ 72.6360166, 22.9435809 ] ], [ [ 72.6360166, 22.9435809 ], [ 72.6359335, 22.9437357 ] ], [ [ 72.6359335, 22.9437357 ], [ 72.63569, 22.9442558 ] ], [ [ 72.63569, 22.9442558 ], [ 72.6356122, 22.9444188 ] ], [ [ 72.6356122, 22.9444188 ], [ 72.6355103, 22.9446633 ] ], [ [ 72.6355103, 22.9446633 ], [ 72.6352018, 22.9456241 ] ], [ [ 72.6352018, 22.9456241 ], [ 72.6351374, 22.9457699 ] ], [ [ 72.6351374, 22.9457699 ], [ 72.6321709, 22.9523794 ] ], [ [ 72.6321709, 22.9523794 ], [ 72.6320945, 22.9525411 ] ], [ [ 72.6320945, 22.9525411 ], [ 72.6319899, 22.952777 ] ], [ [ 72.6319899, 22.952777 ], [ 72.6317867, 22.9534193 ] ], [ [ 72.6317867, 22.9534193 ], [ 72.631566, 22.9539674 ] ] ] } },
{ "type": "Feature", "properties": { "construction": null, "disused": null, "light_rail": null, "monorail": null, "railway": "rail", "station": null, "subway": null, "id": 227383053, "timestamp": 1745849234, "version": 13, "tags": { "visible": false, "electrified": "contact_line", "frequency": "50", "gauge": "1676", "name": "Western Railway Line", "passenger_lines": "2", "usage": "main", "voltage": "25000" }, "osm_type": "way" }, "geometry": { "type": "MultiLineString", "coordinates": [ [ [ 72.603074, 23.0179041 ], [ 72.6039477, 23.0159764 ] ], [ [ 72.6039477, 23.0159764 ], [ 72.6051524, 23.0132616 ] ], [ [ 72.6051524, 23.0132616 ], [ 72.6067505, 23.0095058 ] ], [ [ 72.6067505, 23.0095058 ], [ 72.6093807, 23.0036558 ] ], [ [ 72.6093807, 23.0036558 ], [ 72.6107225, 23.0006022 ] ], [ [ 72.6107225, 23.0006022 ], [ 72.6118444, 22.9980711 ] ], [ [ 72.6118444, 22.9980711 ], [ 72.6132607, 22.9949537 ] ], [ [ 72.6132607, 22.9949537 ], [ 72.613281, 22.9949093 ] ], [ [ 72.613281, 22.9949093 ], [ 72.6135893, 22.9942193 ] ], [ [ 72.6135893, 22.9942193 ], [ 72.6142098, 22.9928087 ] ], [ [ 72.6142098, 22.9928087 ], [ 72.6148492, 22.9913851 ] ], [ [ 72.6148492, 22.9913851 ], [ 72.615491, 22.9899811 ] ], [ [ 72.615491, 22.9899811 ], [ 72.6161257, 22.9886425 ] ], [ [ 72.6161257, 22.9886425 ], [ 72.6166893, 22.9873083 ] ], [ [ 72.6166893, 22.9873083 ], [ 72.6171135, 22.9863704 ] ] ] } },
{ "type": "Feature", "properties": { "construction": null, "disused": null, "light_rail": null, "monorail": null, "railway": "rail", "station": null, "subway": null, "id": 227383054, "timestamp": 1612278861, "version": 8, "tags": { "visible": false, "gauge": "1676", "service": "spur" }, "osm_type": "way" }, "geometry": { "type": "MultiLineString", "coordinates": [ [ [ 72.5196572, 23.2140042 ], [ 72.5201272, 23.2134731 ] ], [ [ 72.5201272, 23.2134731 ], [ 72.520638, 23.2129569 ] ], [ [ 72.520638, 23.2129569 ], [ 72.5208466, 23.2127488 ] ], [ [ 72.5208466, 23.2127488 ], [ 72.5210121, 23.2125812 ] ], [ [ 72.5210121, 23.2125812 ], [ 72.5211305, 23.2124658 ] ], [ [ 72.5211305, 23.2124658 ], [ 72.5213127, 23.2122509 ] ], [ [ 72.5213127, 23.2122509 ], [ 72.5214191, 23.2120582 ] ], [ [ 72.5214191, 23.2120582 ], [ 72.5214307, 23.2120355 ] ], [ [ 72.5214307, 23.2120355 ], [ 72.5215654, 23.2117725 ] ], [ [ 72.5215654, 23.2117725 ], [ 72.5222545, 23.2104278 ] ], [ [ 72.5222545, 23.2104278 ], [ 72.5230169, 23.2089285 ] ], [ [ 72.5230169, 23.2089285 ], [ 72.5235212, 23.207929 ] ], [ [ 72.5235212, 23.207929 ], [ 72.5241166, 23.2067591 ] ], [ [ 72.5241166, 23.2067591 ], [ 72.5246209, 23.2057987 ] ], [ [ 72.5246209, 23.2057987 ], [ 72.5249292, 23.2051825 ] ], [ [ 72.5249292, 23.2051825 ], [ 72.5250219, 23.2049974 ] ], [ [ 72.5250219, 23.2049974 ], [ 72.5252262, 23.2045998 ] ], [ [ 72.5252262, 23.2045998 ], [ 72.5253087, 23.2044393 ] ], [ [ 72.5253087, 23.2044393 ], [ 72.5254107, 23.2042407 ] ], [ [ 72.5254107, 23.2042407 ], [ 72.5257297, 23.2036125 ] ], [ [ 72.5257297, 23.2036125 ], [ 72.525828, 23.2034158 ] ], [ [ 72.525828, 23.2034158 ], [ 72.5263798, 23.2023114 ] ], [ [ 72.5263798, 23.2023114 ], [ 72.5267413, 23.2015938 ] ], [ [ 72.5267413, 23.2015938 ], [ 72.5268749, 23.2012504 ] ], [ [ 72.5268749, 23.2012504 ], [ 72.5269721, 23.2009433 ] ], [ [ 72.5269721, 23.2009433 ], [ 72.5270268, 23.2006445 ] ], [ [ 72.5270268, 23.2006445 ], [ 72.5270663, 23.2003821 ] ], [ [ 72.5270663, 23.2003821 ], [ 72.5270754, 23.2000386 ] ], [ [ 72.5270754, 23.2000386 ], [ 72.5270694, 23.1992066 ] ], [ [ 72.5270694, 23.1992066 ], [ 72.5270754, 23.1986398 ] ], [ [ 72.5270754, 23.1986398 ], [ 72.527079, 23.1984793 ] ], [ [ 72.527079, 23.1984793 ], [ 72.5270845, 23.1982293 ] ], [ [ 72.5270845, 23.1982293 ], [ 72.5271301, 23.1978691 ] ], [ [ 72.5271301, 23.1978691 ], [ 72.5272152, 23.1975368 ] ], [ [ 72.5272152, 23.1975368 ], [ 72.5273397, 23.1972241 ] ], [ [ 72.5273397, 23.1972241 ], [ 72.5275979, 23.196688 ] ], [ [ 72.5275979, 23.196688 ], [ 72.5278227, 23.1962301 ] ], [ [ 72.5278227, 23.1962301 ], [ 72.5286095, 23.1946972 ] ], [ [ 72.5286095, 23.1946972 ], [ 72.5294145, 23.1931139 ] ], [ [ 72.5294145, 23.1931139 ], [ 72.5300616, 23.1918323 ] ], [ [ 72.5300616, 23.1918323 ], [ 72.5307086, 23.1905618 ] ], [ [ 72.5307086, 23.1905618 ], [ 72.5313557, 23.1892745 ] ], [ [ 72.5313557, 23.1892745 ], [ 72.5319298, 23.1881324 ] ], [ [ 72.5319298, 23.1881324 ], [ 72.5325617, 23.1868814 ] ], [ [ 72.5325617, 23.1868814 ], [ 72.5333211, 23.1854014 ] ], [ [ 72.5333211, 23.1854014 ], [ 72.5338801, 23.18429 ] ], [ [ 72.5338801, 23.18429 ], [ 72.534114, 23.1838125 ] ], [ [ 72.534114, 23.1838125 ], [ 72.534439, 23.183039 ] ], [ [ 72.534439, 23.183039 ], [ 72.5347044, 23.182323 ] ], [ [ 72.5347044, 23.182323 ], [ 72.5347185, 23.182285 ] ], [ [ 72.5347185, 23.182285 ], [ 72.5347944, 23.1820421 ] ], [ [ 72.5347944, 23.1820421 ], [ 72.5351316, 23.1810703 ] ], [ [ 72.5351316, 23.1810703 ], [ 72.5353109, 23.1806095 ] ], [ [ 72.5353109, 23.1806095 ], [ 72.5355508, 23.1800482 ] ], [ [ 72.5355508, 23.1800482 ], [ 72.5360369, 23.1790541 ] ], [ [ 72.5360369, 23.1790541 ], [ 72.5370338, 23.1771602 ] ] ] } },
{ "type": "Feature", "properties": { "construction": null, "disused": null, "light_rail": null, "monorail": null, "railway": "rail", "station": null, "subway": null, "id": 227385816, "timestamp": 1762770412, "version": 41, "tags": { "visible": false, "electrified": "contact_line", "frequency": "50", "gauge": "1676", "passenger_lines": "2", "usage": "main", "voltage": "25000" }, "osm_type": "way" }, "geometry": { "type": "MultiLineString", "coordinates": [ [ [ 72.2280001, 23.0611746 ], [ 72.2303648, 23.0597089 ] ], [ [ 72.2303648, 23.0597089 ], [ 72.2340041, 23.0574408 ] ], [ [ 72.2340041, 23.0574408 ], [ 72.2346548, 23.0570662 ] ], [ [ 72.2346548, 23.0570662 ], [ 72.2505007, 23.0487885 ] ], [ [ 72.2505007, 23.0487885 ], [ 72.2527059, 23.0476416 ] ], [ [ 72.2527059, 23.0476416 ], [ 72.2541689, 23.046962 ] ], [ [ 72.2541689, 23.046962 ], [ 72.2555396, 23.0463999 ] ], [ [ 72.2555396, 23.0463999 ], [ 72.2567895, 23.0459686 ] ], [ [ 72.2567895, 23.0459686 ], [ 72.2588811, 23.0452595 ] ], [ [ 72.2588811, 23.0452595 ], [ 72.2616437, 23.0443315 ] ], [ [ 72.2616437, 23.0443315 ], [ 72.2639438, 23.0435697 ] ], [ [ 72.2639438, 23.0435697 ], [ 72.2649391, 23.0431781 ] ], [ [ 72.2649391, 23.0431781 ], [ 72.2676875, 23.0422174 ] ], [ [ 72.2676875, 23.0422174 ], [ 72.2701608, 23.0413323 ] ], [ [ 72.2701608, 23.0413323 ], [ 72.276838, 23.0388332 ] ], [ [ 72.276838, 23.0388332 ], [ 72.2787053, 23.0381637 ] ], [ [ 72.2787053, 23.0381637 ], [ 72.2798457, 23.037754 ] ], [ [ 72.2798457, 23.037754 ], [ 72.280624, 23.0374602 ] ], [ [ 72.280624, 23.0374602 ], [ 72.2963618, 23.0316166 ] ], [ [ 72.2963618, 23.0316166 ], [ 72.2998986, 23.0303323 ] ], [ [ 72.2998986, 23.0303323 ], [ 72.3032188, 23.0290937 ] ], [ [ 72.3032188, 23.0290937 ], [ 72.3062342, 23.0280023 ] ], [ [ 72.3062342, 23.0280023 ], [ 72.3066153, 23.0278729 ] ], [ [ 72.3066153, 23.0278729 ], [ 72.3069991, 23.0277506 ] ], [ [ 72.3069991, 23.0277506 ], [ 72.3073855, 23.0276353 ] ], [ [ 72.3073855, 23.0276353 ], [ 72.3077742, 23.0275271 ] ], [ [ 72.3077742, 23.0275271 ], [ 72.3081653, 23.0274261 ] ], [ [ 72.3081653, 23.0274261 ], [ 72.3085907, 23.0273249 ] ], [ [ 72.3085907, 23.0273249 ], [ 72.3090184, 23.0272321 ] ], [ [ 72.3090184, 23.0272321 ], [ 72.3094482, 23.0271479 ] ], [ [ 72.3094482, 23.0271479 ], [ 72.3098798, 23.0270721 ] ], [ [ 72.3098798, 23.0270721 ], [ 72.3103131, 23.027005 ] ], [ [ 72.3103131, 23.027005 ], [ 72.3107479, 23.0269464 ] ], [ [ 72.3107479, 23.0269464 ], [ 72.311184, 23.0268965 ] ], [ [ 72.311184, 23.0268965 ], [ 72.3116211, 23.0268553 ] ], [ [ 72.3116211, 23.0268553 ], [ 72.3152354, 23.0266231 ] ], [ [ 72.3152354, 23.0266231 ], [ 72.3188538, 23.0264302 ] ], [ [ 72.3188538, 23.0264302 ], [ 72.3225924, 23.0261993 ] ], [ [ 72.3225924, 23.0261993 ], [ 72.3226108, 23.0261982 ] ], [ [ 72.3226108, 23.0261982 ], [ 72.3256185, 23.0260152 ] ], [ [ 72.3256185, 23.0260152 ], [ 72.3285552, 23.0258452 ] ], [ [ 72.3285552, 23.0258452 ], [ 72.3314457, 23.0256818 ] ], [ [ 72.3314457, 23.0256818 ], [ 72.3346309, 23.0254907 ] ], [ [ 72.3346309, 23.0254907 ], [ 72.3357419, 23.0254156 ] ], [ [ 72.3357419, 23.0254156 ], [ 72.336275, 23.0253795 ] ], [ [ 72.336275, 23.0253795 ], [ 72.3378464, 23.0252929 ] ], [ [ 72.3378464, 23.0252929 ], [ 72.3422607, 23.0250505 ] ], [ [ 72.3422607, 23.0250505 ], [ 72.3467055, 23.0247838 ] ], [ [ 72.3467055, 23.0247838 ], [ 72.356697, 23.0241844 ] ], [ [ 72.356697, 23.0241844 ], [ 72.3630033, 23.0238132 ] ], [ [ 72.3630033, 23.0238132 ], [ 72.3652952, 23.0236873 ] ], [ [ 72.3652952, 23.0236873 ], [ 72.3698969, 23.0234073 ] ], [ [ 72.3698969, 23.0234073 ], [ 72.3770991, 23.0230071 ] ], [ [ 72.3770991, 23.0230071 ], [ 72.3779923, 23.0230113 ] ], [ [ 72.3779923, 23.0230113 ], [ 72.3786597, 23.0230469 ] ], [ [ 72.3786597, 23.0230469 ], [ 72.3792132, 23.0230901 ] ], [ [ 72.3792132, 23.0230901 ], [ 72.3798485, 23.0231584 ] ], [ [ 72.3798485, 23.0231584 ], [ 72.3799567, 23.0231764 ] ], [ [ 72.3799567, 23.0231764 ], [ 72.3811524, 23.023383 ] ], [ [ 72.3811524, 23.023383 ], [ 72.3817097, 23.0234863 ] ], [ [ 72.3817097, 23.0234863 ], [ 72.3866978, 23.0244105 ] ], [ [ 72.3866978, 23.0244105 ], [ 72.3886262, 23.0247734 ] ], [ [ 72.3886262, 23.0247734 ], [ 72.3901078, 23.0250673 ] ], [ [ 72.3901078, 23.0250673 ], [ 72.3907941, 23.0251957 ] ], [ [ 72.3907941, 23.0251957 ], [ 72.3916928, 23.0253691 ] ], [ [ 72.3916928, 23.0253691 ], [ 72.3921001, 23.0254457 ] ], [ [ 72.3921001, 23.0254457 ], [ 72.3933568, 23.0256723 ] ], [ [ 72.3933568, 23.0256723 ], [ 72.402233, 23.0273315 ] ], [ [ 72.402233, 23.0273315 ], [ 72.4046259, 23.0277821 ] ], [ [ 72.4046259, 23.0277821 ], [ 72.4067602, 23.0281819 ] ], [ [ 72.4067602, 23.0281819 ], [ 72.4071149, 23.0282475 ] ], [ [ 72.4071149, 23.0282475 ], [ 72.4092108, 23.0286348 ] ], [ [ 72.4092108, 23.0286348 ], [ 72.4118356, 23.0291432 ] ], [ [ 72.4118356, 23.0291432 ], [ 72.4138619, 23.0295287 ] ], [ [ 72.4138619, 23.0295287 ], [ 72.4162822, 23.0299915 ] ], [ [ 72.4162822, 23.0299915 ], [ 72.4180295, 23.0303123 ] ], [ [ 72.4180295, 23.0303123 ], [ 72.4203782, 23.0307621 ] ], [ [ 72.4203782, 23.0307621 ], [ 72.4251979, 23.0316682 ] ], [ [ 72.4251979, 23.0316682 ], [ 72.4276514, 23.0321206 ] ], [ [ 72.4276514, 23.0321206 ], [ 72.4292848, 23.0324394 ] ], [ [ 72.4292848, 23.0324394 ], [ 72.4302228, 23.0326138 ] ], [ [ 72.4302228, 23.0326138 ], [ 72.4327053, 23.0330756 ] ], [ [ 72.4327053, 23.0330756 ], [ 72.4339215, 23.0333368 ] ], [ [ 72.4339215, 23.0333368 ], [ 72.4351523, 23.0336237 ] ], [ [ 72.4351523, 23.0336237 ], [ 72.4362833, 23.0339095 ] ], [ [ 72.4362833, 23.0339095 ], [ 72.4373002, 23.034197 ] ], [ [ 72.4373002, 23.034197 ], [ 72.4392411, 23.0347757 ] ], [ [ 72.4392411, 23.0347757 ], [ 72.4396826, 23.0349074 ] ], [ [ 72.4396826, 23.0349074 ], [ 72.4414821, 23.0354532 ] ], [ [ 72.4414821, 23.0354532 ], [ 72.4421501, 23.0356563 ] ], [ [ 72.4421501, 23.0356563 ], [ 72.4469131, 23.0370794 ] ], [ [ 72.4469131, 23.0370794 ], [ 72.4513326, 23.0384087 ] ], [ [ 72.4513326, 23.0384087 ], [ 72.4522674, 23.0386854 ] ], [ [ 72.4522674, 23.0386854 ], [ 72.455569, 23.0396745 ] ], [ [ 72.455569, 23.0396745 ], [ 72.4576496, 23.0403012 ] ], [ [ 72.4576496, 23.0403012 ], [ 72.4579895, 23.0403982 ] ], [ [ 72.4579895, 23.0403982 ], [ 72.4618164, 23.0415546 ] ], [ [ 72.4618164, 23.0415546 ], [ 72.4635555, 23.0420724 ] ], [ [ 72.4635555, 23.0420724 ], [ 72.464098, 23.0422311 ] ], [ [ 72.464098, 23.0422311 ], [ 72.4662846, 23.0428869 ] ], [ [ 72.4662846, 23.0428869 ], [ 72.4698946, 23.0439871 ] ], [ [ 72.4698946, 23.0439871 ], [ 72.4706194, 23.0442429 ] ], [ [ 72.4706194, 23.0442429 ], [ 72.4712482, 23.0444782 ] ], [ [ 72.4712482, 23.0444782 ], [ 72.4714569, 23.0445565 ] ], [ [ 72.4714569, 23.0445565 ], [ 72.4746816, 23.045932 ] ], [ [ 72.4746816, 23.045932 ], [ 72.4776458, 23.0471929 ] ], [ [ 72.4776458, 23.0471929 ], [ 72.4819379, 23.048978 ] ], [ [ 72.4819379, 23.048978 ], [ 72.4863737, 23.0508745 ] ], [ [ 72.4863737, 23.0508745 ], [ 72.4884349, 23.0517408 ] ], [ [ 72.4884349, 23.0517408 ], [ 72.4886206, 23.0518143 ] ], [ [ 72.4886206, 23.0518143 ], [ 72.4898464, 23.0523247 ] ], [ [ 72.4898464, 23.0523247 ], [ 72.4908598, 23.0527548 ] ], [ [ 72.4908598, 23.0527548 ], [ 72.4965973, 23.055204 ] ], [ [ 72.4965973, 23.055204 ], [ 72.497819, 23.055724 ] ], [ [ 72.497819, 23.055724 ], [ 72.4984353, 23.0559871 ] ], [ [ 72.4984353, 23.0559871 ], [ 72.5001061, 23.056715 ] ], [ [ 72.5001061, 23.056715 ], [ 72.5015932, 23.0573227 ] ], [ [ 72.5015932, 23.0573227 ], [ 72.5030432, 23.0579558 ] ], [ [ 72.5030432, 23.0579558 ], [ 72.5031731, 23.0580109 ] ], [ [ 72.5031731, 23.0580109 ], [ 72.5044092, 23.0585137 ] ], [ [ 72.5044092, 23.0585137 ], [ 72.5061509, 23.0592619 ] ], [ [ 72.5061509, 23.0592619 ], [ 72.5073665, 23.059783 ] ], [ [ 72.5073665, 23.059783 ], [ 72.5115736, 23.0615571 ] ], [ [ 72.5115736, 23.0615571 ], [ 72.5150003, 23.0630306 ] ], [ [ 72.5150003, 23.0630306 ], [ 72.5180329, 23.0643146 ] ], [ [ 72.5180329, 23.0643146 ], [ 72.5213931, 23.0657368 ] ], [ [ 72.5213931, 23.0657368 ], [ 72.5241264, 23.0669153 ] ], [ [ 72.5241264, 23.0669153 ], [ 72.5272974, 23.0682515 ] ], [ [ 72.5272974, 23.0682515 ], [ 72.5303762, 23.0695518 ] ], [ [ 72.5303762, 23.0695518 ], [ 72.5311872, 23.0698998 ] ], [ [ 72.5311872, 23.0698998 ], [ 72.5334904, 23.070888 ] ], [ [ 72.5334904, 23.070888 ], [ 72.5362398, 23.0720389 ] ], [ [ 72.5362398, 23.0720389 ], [ 72.5381288, 23.072835 ] ], [ [ 72.5381288, 23.072835 ], [ 72.5384581, 23.0729584 ] ], [ [ 72.5384581, 23.0729584 ], [ 72.5396119, 23.0734572 ] ], [ [ 72.5396119, 23.0734572 ], [ 72.5433454, 23.0750689 ] ], [ [ 72.5433454, 23.0750689 ], [ 72.5485617, 23.0772485 ] ], [ [ 72.5485617, 23.0772485 ], [ 72.5490428, 23.0774431 ] ], [ [ 72.5490428, 23.0774431 ], [ 72.5526137, 23.0790019 ] ], [ [ 72.5526137, 23.0790019 ], [ 72.5557118, 23.0802945 ] ], [ [ 72.5557118, 23.0802945 ], [ 72.5559654, 23.0804015 ] ] ] } },
{ "type": "Feature", "properties": { "construction": null, "disused": null, "light_rail": null, "monorail": null, "railway": "rail", "station": null, "subway": null, "id": 227385817, "timestamp": 1662018372, "version": 4, "tags": { "visible": false, "electrified": "contact_line", "frequency": "50", "gauge": "1676", "passenger_lines": "2", "usage": "main", "voltage": "25000" }, "osm_type": "way" }, "geometry": { "type": "MultiLineString", "coordinates": [ [ [ 72.5895489, 23.0613438 ], [ 72.5896493, 23.0606969 ] ], [ [ 72.5896493, 23.0606969 ], [ 72.5898683, 23.0591568 ] ], [ [ 72.5898683, 23.0591568 ], [ 72.5904835, 23.0552303 ] ], [ [ 72.5904835, 23.0552303 ], [ 72.5906585, 23.0544656 ] ] ] } },
{ "type": "Feature", "properties": { "construction": null, "disused": null, "light_rail": null, "monorail": null, "railway": "rail", "station": null, "subway": null, "id": 229021145, "timestamp": 1734449794, "version": 5, "tags": { "visible": false, "service": "siding" }, "osm_type": "way" }, "geometry": { "type": "MultiLineString", "coordinates": [ [ [ 72.4898464, 23.0523247 ], [ 72.4915089, 23.0531798 ] ], [ [ 72.4915089, 23.0531798 ], [ 72.4951454, 23.0547276 ] ], [ [ 72.4951454, 23.0547276 ], [ 72.4963057, 23.0551773 ] ], [ [ 72.4963057, 23.0551773 ], [ 72.4968919, 23.0553892 ] ], [ [ 72.4968919, 23.0553892 ], [ 72.497819, 23.055724 ] ] ] } },
{ "type": "Feature", "properties": { "construction": null, "disused": null, "light_rail": null, "monorail": null, "railway": "rail", "station": null, "subway": null, "id": 326681683, "timestamp": 1745849234, "version": 6, "tags": { "visible": false, "gauge": "1676", "service": "yard" }, "osm_type": "way" }, "geometry": { "type": "MultiLineString", "coordinates": [ [ [ 72.6080162, 23.0064414 ], [ 72.6077515, 23.0068839 ] ], [ [ 72.6077515, 23.0068839 ], [ 72.6076159, 23.0071213 ] ], [ [ 72.6076159, 23.0071213 ], [ 72.6073191, 23.0077587 ] ], [ [ 72.6073191, 23.0077587 ], [ 72.6072034, 23.0080073 ] ], [ [ 72.6072034, 23.0080073 ], [ 72.6070867, 23.0081793 ] ], [ [ 72.6070867, 23.0081793 ], [ 72.6070158, 23.0082744 ] ], [ [ 72.6070158, 23.0082744 ], [ 72.6069394, 23.0083657 ] ], [ [ 72.6069394, 23.0083657 ], [ 72.6068576, 23.0084531 ] ], [ [ 72.6068576, 23.0084531 ], [ 72.6067707, 23.0085362 ] ], [ [ 72.6067707, 23.0085362 ], [ 72.606679, 23.0086148 ] ], [ [ 72.606679, 23.0086148 ], [ 72.6065652, 23.0087012 ] ], [ [ 72.6065652, 23.0087012 ], [ 72.6064457, 23.0087807 ] ], [ [ 72.6064457, 23.0087807 ], [ 72.6044637, 23.0099765 ] ] ] } },
{ "type": "Feature", "properties": { "construction": null, "disused": null, "light_rail": null, "monorail": null, "railway": "rail", "station": null, "subway": null, "id": 326733228, "timestamp": 1627766176, "version": 6, "tags": { "visible": false, "electrified": "contact_line", "frequency": "50", "gauge": "1676", "layer": "1", "service": "siding", "voltage": "25000" }, "osm_type": "way" }, "geometry": { "type": "MultiLineString", "coordinates": [ [ [ 72.6308211, 22.9555328 ], [ 72.6311798, 22.9547639 ] ], [ [ 72.6311798, 22.9547639 ], [ 72.6314494, 22.9542379 ] ], [ [ 72.6314494, 22.9542379 ], [ 72.6315169, 22.9540768 ] ], [ [ 72.6315169, 22.9540768 ], [ 72.6315355, 22.9540376 ] ], [ [ 72.6315355, 22.9540376 ], [ 72.631566, 22.9539674 ] ], [ [ 72.631566, 22.9539674 ], [ 72.6320221, 22.9529672 ] ], [ [ 72.6320221, 22.9529672 ], [ 72.6325572, 22.9517915 ] ], [ [ 72.6325572, 22.9517915 ], [ 72.6359555, 22.9441891 ] ], [ [ 72.6359555, 22.9441891 ], [ 72.6366824, 22.942586 ] ], [ [ 72.6366824, 22.942586 ], [ 72.6368406, 22.9422402 ] ], [ [ 72.6368406, 22.9422402 ], [ 72.6369506, 22.9420253 ] ], [ [ 72.6369506, 22.9420253 ], [ 72.6371185, 22.9417487 ] ], [ [ 72.6371185, 22.9417487 ], [ 72.6377305, 22.9403704 ] ], [ [ 72.6377305, 22.9403704 ], [ 72.6385545, 22.9385287 ] ], [ [ 72.6385545, 22.9385287 ], [ 72.6394471, 22.936521 ] ], [ [ 72.6394471, 22.936521 ], [ 72.6401844, 22.9348192 ] ], [ [ 72.6401844, 22.9348192 ], [ 72.6407129, 22.9337746 ] ], [ [ 72.6407129, 22.9337746 ], [ 72.6413612, 22.9326557 ] ], [ [ 72.6413612, 22.9326557 ], [ 72.6421983, 22.9314249 ] ], [ [ 72.6421983, 22.9314249 ], [ 72.6429391, 22.9303615 ] ], [ [ 72.6429391, 22.9303615 ], [ 72.6437987, 22.9292377 ] ], [ [ 72.6437987, 22.9292377 ], [ 72.644245, 22.9287341 ] ] ] } },
{ "type": "Feature", "properties": { "construction": null, "disused": null, "light_rail": null, "monorail": null, "railway": "rail", "station": null, "subway": null, "id": 326848213, "timestamp": 1745849234, "version": 8, "tags": { "visible": false, "gauge": "1676", "service": "yard" }, "osm_type": "way" }, "geometry": { "type": "MultiLineString", "coordinates": [ [ [ 72.567659, 23.0918867 ], [ 72.5699867, 23.0907218 ] ], [ [ 72.5699867, 23.0907218 ], [ 72.5703596, 23.0905489 ] ], [ [ 72.5703596, 23.0905489 ], [ 72.5705962, 23.0904737 ] ], [ [ 72.5705962, 23.0904737 ], [ 72.57119, 23.0903827 ] ], [ [ 72.57119, 23.0903827 ], [ 72.5715346, 23.0903046 ] ], [ [ 72.5715346, 23.0903046 ], [ 72.5754095, 23.0883605 ] ], [ [ 72.5754095, 23.0883605 ], [ 72.5757061, 23.0882041 ] ], [ [ 72.5757061, 23.0882041 ], [ 72.5760387, 23.0880025 ] ], [ [ 72.5760387, 23.0880025 ], [ 72.579033, 23.0861279 ] ], [ [ 72.579033, 23.0861279 ], [ 72.5792321, 23.0860411 ] ], [ [ 72.5792321, 23.0860411 ], [ 72.5794368, 23.0859851 ] ], [ [ 72.5794368, 23.0859851 ], [ 72.5796117, 23.085972 ] ], [ [ 72.5796117, 23.085972 ], [ 72.579752, 23.0859637 ] ] ] } },
{ "type": "Feature", "properties": { "construction": null, "disused": null, "light_rail": null, "monorail": null, "railway": "rail", "station": null, "subway": null, "id": 326848221, "timestamp": 1745849234, "version": 5, "tags": { "visible": false, "gauge": "1676", "service": "spur" }, "osm_type": "way" }, "geometry": { "type": "MultiLineString", "coordinates": [ [ [ 72.5754506, 23.0903277 ], [ 72.5801024, 23.0867154 ] ], [ [ 72.5801024, 23.0867154 ], [ 72.5803533, 23.0864902 ] ], [ [ 72.5803533, 23.0864902 ], [ 72.5805236, 23.0863137 ] ], [ [ 72.5805236, 23.0863137 ], [ 72.580816, 23.0859469 ] ], [ [ 72.580816, 23.0859469 ], [ 72.5812318, 23.0853936 ] ], [ [ 72.5812318, 23.0853936 ], [ 72.5819479, 23.0843963 ] ], [ [ 72.5819479, 23.0843963 ], [ 72.5820928, 23.0841609 ] ] ] } },
{ "type": "Feature", "properties": { "construction": null, "disused": null, "light_rail": null, "monorail": null, "railway": "rail", "station": null, "subway": null, "id": 326854337, "timestamp": 1423288029, "version": 1, "tags": { "visible": false, "electrified": "contact_line", "frequency": "50", "gauge": "1676", "name": "Western Railway Line", "note": "The Operator of the railway line is Indian Railways", "usage": "main", "voltage": "25000" }, "osm_type": "way" }, "geometry": { "type": "MultiLineString", "coordinates": [ [ [ 72.5907043, 23.0544707 ], [ 72.5905344, 23.0552353 ] ], [ [ 72.5905344, 23.0552353 ], [ 72.5899171, 23.0591679 ] ], [ [ 72.5899171, 23.0591679 ], [ 72.5895974, 23.0613509 ] ] ] } },
{ "type": "Feature", "properties": { "construction": null, "disused": null, "light_rail": null, "monorail": null, "railway": "rail", "station": null, "subway": null, "id": 326854338, "timestamp": 1588890569, "version": 11, "tags": { "visible": false, "electrified": "contact_line", "frequency": "50", "gauge": "1676", "name": "Western Railway Line", "passenger_lines": "2", "usage": "main", "voltage": "25000" }, "osm_type": "way" }, "geometry": { "type": "MultiLineString", "coordinates": [ [ [ 72.5906829, 23.0542203 ], [ 72.5908248, 23.0537251 ] ], [ [ 72.5908248, 23.0537251 ], [ 72.5910257, 23.053198 ] ], [ [ 72.5910257, 23.053198 ], [ 72.5912199, 23.0527336 ] ], [ [ 72.5912199, 23.0527336 ], [ 72.5914851, 23.0521999 ] ], [ [ 72.5914851, 23.0521999 ], [ 72.5917752, 23.0516806 ] ], [ [ 72.5917752, 23.0516806 ], [ 72.5932906, 23.0492393 ] ], [ [ 72.5932906, 23.0492393 ], [ 72.5957945, 23.0452557 ] ], [ [ 72.5957945, 23.0452557 ], [ 72.5968076, 23.04363 ] ], [ [ 72.5968076, 23.04363 ], [ 72.5985822, 23.0408177 ] ], [ [ 72.5985822, 23.0408177 ], [ 72.5988646, 23.0403682 ] ], [ [ 72.5988646, 23.0403682 ], [ 72.5995076, 23.0392929 ] ], [ [ 72.5995076, 23.0392929 ], [ 72.5999737, 23.0385252 ] ], [ [ 72.5999737, 23.0385252 ], [ 72.6005037, 23.0377285 ] ], [ [ 72.6005037, 23.0377285 ], [ 72.6006791, 23.0374169 ] ], [ [ 72.6006791, 23.0374169 ], [ 72.600891, 23.0369924 ] ], [ [ 72.600891, 23.0369924 ], [ 72.601001, 23.0367381 ] ], [ [ 72.601001, 23.0367381 ], [ 72.6011523, 23.0363043 ] ], [ [ 72.6011523, 23.0363043 ], [ 72.6012692, 23.0359162 ] ], [ [ 72.6012692, 23.0359162 ], [ 72.6013379, 23.0355608 ] ], [ [ 72.6013379, 23.0355608 ], [ 72.6013844, 23.035299 ] ], [ [ 72.6013844, 23.035299 ], [ 72.6014833, 23.0344429 ] ], [ [ 72.6014833, 23.0344429 ], [ 72.6015429, 23.0340751 ] ], [ [ 72.6015429, 23.0340751 ], [ 72.6015515, 23.0338393 ] ] ] } },
{ "type": "Feature", "properties": { "construction": null, "disused": null, "light_rail": null, "monorail": null, "railway": "rail", "station": null, "subway": null, "id": 326854363, "timestamp": 1662018372, "version": 6, "tags": { "visible": false, "electrified": "contact_line", "frequency": "50", "gauge": "1676", "passenger_lines": "2", "usage": "main", "voltage": "25000" }, "osm_type": "way" }, "geometry": { "type": "MultiLineString", "coordinates": [ [ [ 72.5907238, 23.0542339 ], [ 72.5908686, 23.053742 ] ], [ [ 72.5908686, 23.053742 ], [ 72.5910708, 23.053206 ] ], [ [ 72.5910708, 23.053206 ], [ 72.5912686, 23.0527356 ] ], [ [ 72.5912686, 23.0527356 ], [ 72.5915318, 23.0522183 ] ], [ [ 72.5915318, 23.0522183 ], [ 72.5918178, 23.0516967 ] ], [ [ 72.5918178, 23.0516967 ], [ 72.5933321, 23.0492617 ] ], [ [ 72.5933321, 23.0492617 ], [ 72.5958373, 23.0452723 ] ], [ [ 72.5958373, 23.0452723 ], [ 72.5968504, 23.0436511 ] ], [ [ 72.5968504, 23.0436511 ], [ 72.5986283, 23.04085 ] ], [ [ 72.5986283, 23.04085 ], [ 72.5989087, 23.0403907 ] ], [ [ 72.5989087, 23.0403907 ], [ 72.5995579, 23.0393027 ] ], [ [ 72.5995579, 23.0393027 ], [ 72.6000327, 23.03854 ] ], [ [ 72.6000327, 23.03854 ], [ 72.6007462, 23.0374638 ] ], [ [ 72.6007462, 23.0374638 ], [ 72.6009876, 23.0370195 ] ], [ [ 72.6009876, 23.0370195 ], [ 72.6011029, 23.0367628 ] ], [ [ 72.6011029, 23.0367628 ], [ 72.6012611, 23.0363185 ] ], [ [ 72.6012611, 23.0363185 ], [ 72.6013443, 23.0359433 ] ], [ [ 72.6013443, 23.0359433 ], [ 72.6014113, 23.0355706 ] ], [ [ 72.6014113, 23.0355706 ], [ 72.6014569, 23.0352942 ] ], [ [ 72.6014569, 23.0352942 ], [ 72.6016125, 23.033665 ] ], [ [ 72.6016125, 23.033665 ], [ 72.6016232, 23.0334577 ] ], [ [ 72.6016232, 23.0334577 ], [ 72.6016447, 23.0328085 ] ], [ [ 72.6016447, 23.0328085 ], [ 72.6016769, 23.0324827 ] ], [ [ 72.6016769, 23.0324827 ], [ 72.601693, 23.0323395 ] ], [ [ 72.601693, 23.0323395 ], [ 72.6016983, 23.0322902 ] ] ] } },
{ "type": "Feature", "properties": { "construction": null, "disused": null, "light_rail": null, "monorail": null, "railway": "rail", "station": null, "subway": null, "id": 327575217, "timestamp": 1745849234, "version": 4, "tags": { "visible": false, "gauge": "1676", "service": "yard" }, "osm_type": "way" }, "geometry": { "type": "MultiLineString", "coordinates": [ [ [ 72.6020242, 23.0112491 ], [ 72.6044798, 23.0111479 ] ], [ [ 72.6044798, 23.0111479 ], [ 72.6046036, 23.0111229 ] ], [ [ 72.6046036, 23.0111229 ], [ 72.6047256, 23.0110913 ] ], [ [ 72.6047256, 23.0110913 ], [ 72.6048454, 23.0110533 ] ], [ [ 72.6048454, 23.0110533 ], [ 72.6049626, 23.011009 ] ], [ [ 72.6049626, 23.011009 ], [ 72.6050769, 23.0109586 ] ], [ [ 72.6050769, 23.0109586 ], [ 72.6051879, 23.0109023 ] ], [ [ 72.6051879, 23.0109023 ], [ 72.6052953, 23.0108401 ] ], [ [ 72.6052953, 23.0108401 ], [ 72.6053985, 23.0107723 ] ], [ [ 72.6053985, 23.0107723 ], [ 72.6054974, 23.0106991 ] ], [ [ 72.6054974, 23.0106991 ], [ 72.6055916, 23.0106208 ] ], [ [ 72.6055916, 23.0106208 ], [ 72.605959, 23.0102258 ] ], [ [ 72.605959, 23.0102258 ], [ 72.6062035, 23.0099068 ] ] ] } },
{ "type": "Feature", "properties": { "construction": null, "disused": null, "light_rail": null, "monorail": null, "railway": "rail", "station": null, "subway": null, "id": 424053770, "timestamp": 1722420788, "version": 7, "tags": { "visible": false, "electrified": "contact_line", "frequency": "50", "gauge": "1676", "passenger_lines": "1", "usage": "main", "voltage": "25000" }, "osm_type": "way" }, "geometry": { "type": "MultiLineString", "coordinates": [ [ [ 72.5399795, 23.0831797 ], [ 72.5401873, 23.0825631 ] ], [ [ 72.5401873, 23.0825631 ], [ 72.540375, 23.0821623 ] ], [ [ 72.540375, 23.0821623 ], [ 72.5407916, 23.0813863 ] ], [ [ 72.5407916, 23.0813863 ], [ 72.5410738, 23.0808124 ] ], [ [ 72.5410738, 23.0808124 ], [ 72.5415003, 23.0799513 ] ], [ [ 72.5415003, 23.0799513 ], [ 72.5416701, 23.079654 ] ], [ [ 72.5416701, 23.079654 ], [ 72.5417883, 23.0794672 ] ], [ [ 72.5417883, 23.0794672 ], [ 72.5419233, 23.0792801 ] ], [ [ 72.5419233, 23.0792801 ], [ 72.5420586, 23.0791079 ] ], [ [ 72.5420586, 23.0791079 ], [ 72.5422074, 23.0789362 ] ], [ [ 72.5422074, 23.0789362 ], [ 72.5424178, 23.0787009 ] ], [ [ 72.5424178, 23.0787009 ], [ 72.5426305, 23.0784841 ] ], [ [ 72.5426305, 23.0784841 ], [ 72.5428686, 23.0782693 ] ], [ [ 72.5428686, 23.0782693 ], [ 72.5431052, 23.0780917 ] ], [ [ 72.5431052, 23.0780917 ], [ 72.5433804, 23.0778991 ] ], [ [ 72.5433804, 23.0778991 ], [ 72.543627, 23.0777383 ] ], [ [ 72.543627, 23.0777383 ], [ 72.5439195, 23.077579 ] ], [ [ 72.5439195, 23.077579 ], [ 72.5442325, 23.0774327 ] ], [ [ 72.5442325, 23.0774327 ], [ 72.5445525, 23.0773167 ] ], [ [ 72.5445525, 23.0773167 ], [ 72.5448095, 23.0772278 ] ], [ [ 72.5448095, 23.0772278 ], [ 72.5450636, 23.0771576 ] ], [ [ 72.5450636, 23.0771576 ], [ 72.5453596, 23.0770885 ] ], [ [ 72.5453596, 23.0770885 ], [ 72.5456537, 23.0770342 ] ], [ [ 72.5456537, 23.0770342 ], [ 72.5459723, 23.076994 ] ], [ [ 72.5459723, 23.076994 ], [ 72.5463816, 23.0769543 ] ], [ [ 72.5463816, 23.0769543 ], [ 72.5467014, 23.0769505 ] ], [ [ 72.5467014, 23.0769505 ], [ 72.5471439, 23.0769823 ] ], [ [ 72.5471439, 23.0769823 ], [ 72.5473816, 23.0770058 ] ], [ [ 72.5473816, 23.0770058 ], [ 72.5478287, 23.0770719 ] ], [ [ 72.5478287, 23.0770719 ], [ 72.5480539, 23.0771131 ] ], [ [ 72.5480539, 23.0771131 ], [ 72.5482602, 23.07716 ] ], [ [ 72.5482602, 23.07716 ], [ 72.5485617, 23.0772485 ] ] ] } },
{ "type": "Feature", "properties": { "construction": null, "disused": null, "light_rail": null, "monorail": null, "railway": "rail", "station": null, "subway": null, "id": 456784620, "timestamp": 1745849234, "version": 4, "tags": { "visible": false, "gauge": "1676", "service": "yard" }, "osm_type": "way" }, "geometry": { "type": "MultiLineString", "coordinates": [ [ [ 72.6055997, 23.0107271 ], [ 72.6054172, 23.010856 ] ], [ [ 72.6054172, 23.010856 ], [ 72.6052737, 23.0109461 ] ], [ [ 72.6052737, 23.0109461 ], [ 72.6050194, 23.011051 ] ], [ [ 72.6050194, 23.011051 ], [ 72.6048124, 23.0111183 ] ], [ [ 72.6048124, 23.0111183 ], [ 72.6044811, 23.0111874 ] ], [ [ 72.6044811, 23.0111874 ], [ 72.6020256, 23.0112936 ] ] ] } },
{ "type": "Feature", "properties": { "construction": null, "disused": null, "light_rail": null, "monorail": null, "railway": "rail", "station": null, "subway": null, "id": 519839559, "timestamp": 1627766176, "version": 2, "tags": { "visible": false, "gauge": "1676", "service": "yard" }, "osm_type": "way" }, "geometry": { "type": "MultiLineString", "coordinates": [ [ [ 72.6353762, 22.9449276 ], [ 72.6352166, 22.9451894 ] ], [ [ 72.6352166, 22.9451894 ], [ 72.6351321, 22.9453463 ] ], [ [ 72.6351321, 22.9453463 ], [ 72.6348089, 22.9460835 ] ], [ [ 72.6348089, 22.9460835 ], [ 72.6324177, 22.9514062 ] ], [ [ 72.6324177, 22.9514062 ], [ 72.6323453, 22.951589 ] ], [ [ 72.6323453, 22.951589 ], [ 72.6322567, 22.9518854 ] ] ] } },
{ "type": "Feature", "properties": { "construction": null, "disused": null, "light_rail": null, "monorail": null, "railway": "rail", "station": null, "subway": null, "id": 519839560, "timestamp": 1627766176, "version": 2, "tags": { "visible": false, "electrified": "contact_line", "frequency": "50", "gauge": "1676", "service": "siding", "voltage": "25000" }, "osm_type": "way" }, "geometry": { "type": "MultiLineString", "coordinates": [ [ [ 72.6351374, 22.9457699 ], [ 72.6350301, 22.9461107 ] ], [ [ 72.6350301, 22.9461107 ], [ 72.6349778, 22.946249 ] ], [ [ 72.6349778, 22.946249 ], [ 72.6323855, 22.9520225 ] ], [ [ 72.6323855, 22.9520225 ], [ 72.6323117, 22.952162 ] ], [ [ 72.6323117, 22.952162 ], [ 72.6321709, 22.9523794 ] ] ] } },
{ "type": "Feature", "properties": { "construction": null, "disused": null, "light_rail": null, "monorail": null, "railway": "rail", "station": null, "subway": null, "id": 519839564, "timestamp": 1504073336, "version": 1, "tags": { "visible": false, "gauge": "1676", "service": "yard" }, "osm_type": "way" }, "geometry": { "type": "MultiLineString", "coordinates": [ [ [ 72.6319899, 22.952777 ], [ 72.6320958, 22.9523991 ] ], [ [ 72.6320958, 22.9523991 ], [ 72.6321682, 22.9519619 ] ], [ [ 72.6321682, 22.9519619 ], [ 72.6322648, 22.9516804 ] ], [ [ 72.6322648, 22.9516804 ], [ 72.6323318, 22.9514976 ] ], [ [ 72.6323318, 22.9514976 ], [ 72.6324391, 22.9512309 ] ], [ [ 72.6324391, 22.9512309 ], [ 72.6348719, 22.9457847 ] ], [ [ 72.6348719, 22.9457847 ], [ 72.6350945, 22.9453203 ] ], [ [ 72.6350945, 22.9453203 ], [ 72.6351943, 22.9451074 ] ], [ [ 72.6351943, 22.9451074 ], [ 72.6356122, 22.9444188 ] ] ] } },
{ "type": "Feature", "properties": { "construction": null, "disused": null, "light_rail": null, "monorail": null, "railway": "rail", "station": null, "subway": null, "id": 519839566, "timestamp": 1627766176, "version": 2, "tags": { "visible": false, "electrified": "contact_line", "frequency": "50", "gauge": "1676", "service": "siding", "voltage": "25000" }, "osm_type": "way" }, "geometry": { "type": "MultiLineString", "coordinates": [ [ [ 72.6267825, 22.9648769 ], [ 72.6272571, 22.9637118 ] ], [ [ 72.6272571, 22.9637118 ], [ 72.6276677, 22.9627693 ] ], [ [ 72.6276677, 22.9627693 ], [ 72.6281805, 22.9616262 ] ], [ [ 72.6281805, 22.9616262 ], [ 72.6293801, 22.9589775 ] ], [ [ 72.6293801, 22.9589775 ], [ 72.6309178, 22.9555074 ] ], [ [ 72.6309178, 22.9555074 ], [ 72.6309898, 22.9553518 ] ], [ [ 72.6309898, 22.9553518 ], [ 72.6312518, 22.9547853 ] ], [ [ 72.6312518, 22.9547853 ], [ 72.6315932, 22.9540471 ] ], [ [ 72.6315932, 22.9540471 ], [ 72.6316478, 22.9538958 ] ], [ [ 72.6316478, 22.9538958 ], [ 72.6318128, 22.9535253 ] ], [ [ 72.6318128, 22.9535253 ], [ 72.6319858, 22.9531746 ] ], [ [ 72.6319858, 22.9531746 ], [ 72.6349812, 22.9464807 ] ], [ [ 72.6349812, 22.9464807 ], [ 72.6356149, 22.9450647 ] ], [ [ 72.6356149, 22.9450647 ], [ 72.636217, 22.9437272 ] ], [ [ 72.636217, 22.9437272 ], [ 72.6366234, 22.9428207 ] ], [ [ 72.6366234, 22.9428207 ], [ 72.6371185, 22.9417487 ] ] ] } },
{ "type": "Feature", "properties": { "construction": null, "disused": null, "light_rail": null, "monorail": null, "railway": "rail", "station": null, "subway": null, "id": 519839571, "timestamp": 1627766176, "version": 3, "tags": { "visible": false, "gauge": "1676", "service": "yard" }, "osm_type": "way" }, "geometry": { "type": "MultiLineString", "coordinates": [ [ [ 72.6347621, 22.9458634 ], [ 72.6329253, 22.9500229 ] ], [ [ 72.6329253, 22.9500229 ], [ 72.6323533, 22.9513074 ] ], [ [ 72.6323533, 22.9513074 ], [ 72.6322648, 22.9515297 ] ], [ [ 72.6322648, 22.9515297 ], [ 72.6322192, 22.9517001 ] ], [ [ 72.6322192, 22.9517001 ], [ 72.6321682, 22.9519619 ] ] ] } },
{ "type": "Feature", "properties": { "construction": null, "disused": null, "light_rail": null, "monorail": null, "railway": "rail", "station": null, "subway": null, "id": 519839572, "timestamp": 1627766176, "version": 3, "tags": { "visible": false, "gauge": "1676", "service": "yard" }, "osm_type": "way" }, "geometry": { "type": "MultiLineString", "coordinates": [ [ [ 72.6350945, 22.9453203 ], [ 72.6347621, 22.9458634 ] ], [ [ 72.6347621, 22.9458634 ], [ 72.6345981, 22.9461375 ] ], [ [ 72.6345981, 22.9461375 ], [ 72.6344339, 22.946439 ] ], [ [ 72.6344339, 22.946439 ], [ 72.6336005, 22.9484028 ] ], [ [ 72.6336005, 22.9484028 ], [ 72.633023, 22.9495906 ] ], [ [ 72.633023, 22.9495906 ], [ 72.6329422, 22.9497685 ] ], [ [ 72.6329422, 22.9497685 ], [ 72.6329253, 22.9500229 ] ] ] } },
{ "type": "Feature", "properties": { "construction": null, "disused": null, "light_rail": null, "monorail": null, "railway": "rail", "station": null, "subway": null, "id": 519839575, "timestamp": 1627766176, "version": 2, "tags": { "visible": false, "gauge": "1676", "service": "yard" }, "osm_type": "way" }, "geometry": { "type": "MultiLineString", "coordinates": [ [ [ 72.6320958, 22.9523991 ], [ 72.6322567, 22.9518854 ] ], [ [ 72.6322567, 22.9518854 ], [ 72.6352179, 22.945303 ] ], [ [ 72.6352179, 22.945303 ], [ 72.6353762, 22.9449276 ] ], [ [ 72.6353762, 22.9449276 ], [ 72.6355103, 22.9446633 ] ] ] } },
{ "type": "Feature", "properties": { "construction": null, "disused": null, "light_rail": null, "monorail": null, "railway": "rail", "station": null, "subway": null, "id": 519839577, "timestamp": 1627766176, "version": 2, "tags": { "visible": false, "gauge": "1676", "service": "yard" }, "osm_type": "way" }, "geometry": { "type": "MultiLineString", "coordinates": [ [ [ 72.6355907, 22.9454932 ], [ 72.6353842, 22.945839 ] ], [ [ 72.6353842, 22.945839 ], [ 72.6324955, 22.9522756 ] ] ] } },
{ "type": "Feature", "properties": { "construction": null, "disused": null, "light_rail": null, "monorail": null, "railway": "rail", "station": null, "subway": null, "id": 519839584, "timestamp": 1627766176, "version": 2, "tags": { "visible": false, "gauge": "1676", "service": "yard" }, "osm_type": "way" }, "geometry": { "type": "MultiLineString", "coordinates": [ [ [ 72.6388335, 22.9406643 ], [ 72.6386377, 22.9410768 ] ], [ [ 72.6386377, 22.9410768 ], [ 72.6384768, 22.9413708 ] ], [ [ 72.6384768, 22.9413708 ], [ 72.6383883, 22.941677 ] ], [ [ 72.6383883, 22.941677 ], [ 72.6382649, 22.9422205 ] ], [ [ 72.6382649, 22.9422205 ], [ 72.6381576, 22.9425144 ] ], [ [ 72.6381576, 22.9425144 ], [ 72.6380771, 22.9426848 ] ], [ [ 72.6380771, 22.9426848 ], [ 72.6378706, 22.9430158 ] ], [ [ 72.6378706, 22.9430158 ], [ 72.6365939, 22.9450881 ] ], [ [ 72.6365939, 22.9450881 ], [ 72.6363578, 22.9453944 ] ], [ [ 72.6363578, 22.9453944 ], [ 72.6358777, 22.9460687 ] ], [ [ 72.6358777, 22.9460687 ], [ 72.6357248, 22.9462737 ] ], [ [ 72.6357248, 22.9462737 ], [ 72.6355559, 22.9464985 ] ], [ [ 72.6355559, 22.9464985 ], [ 72.6353976, 22.9467603 ] ], [ [ 72.6353976, 22.9467603 ], [ 72.6350301, 22.947563 ] ], [ [ 72.6350301, 22.947563 ], [ 72.6349309, 22.9477434 ] ], [ [ 72.6349309, 22.9477434 ], [ 72.6348049, 22.9480014 ] ], [ [ 72.6348049, 22.9480014 ], [ 72.6344709, 22.9484893 ] ], [ [ 72.6344709, 22.9484893 ], [ 72.6338661, 22.9497218 ] ], [ [ 72.6338661, 22.9497218 ], [ 72.6331687, 22.9511765 ] ], [ [ 72.6331687, 22.9511765 ], [ 72.6324874, 22.9526239 ] ], [ [ 72.6324874, 22.9526239 ], [ 72.6321361, 22.9531549 ] ], [ [ 72.6321361, 22.9531549 ], [ 72.6318397, 22.9535513 ] ], [ [ 72.6318397, 22.9535513 ], [ 72.6316478, 22.9538958 ] ] ] } },
{ "type": "Feature", "properties": { "construction": null, "disused": null, "light_rail": null, "monorail": null, "railway": "rail", "station": null, "subway": null, "id": 519839591, "timestamp": 1706602175, "version": 3, "tags": { "visible": false, "electrified": "contact_line", "frequency": "50", "gauge": "1676", "service": "siding", "voltage": "25000" }, "osm_type": "way" }, "geometry": { "type": "MultiLineString", "coordinates": [ [ [ 72.6307649, 22.9556908 ], [ 72.6305187, 22.9561779 ] ], [ [ 72.6305187, 22.9561779 ], [ 72.6301753, 22.9567744 ] ], [ [ 72.6301753, 22.9567744 ], [ 72.6300764, 22.9569679 ] ], [ [ 72.6300764, 22.9569679 ], [ 72.6299597, 22.9572133 ] ], [ [ 72.6299597, 22.9572133 ], [ 72.6292144, 22.9589093 ] ], [ [ 72.6292144, 22.9589093 ], [ 72.6289183, 22.9595609 ] ], [ [ 72.6289183, 22.9595609 ], [ 72.6287827, 22.9598839 ] ], [ [ 72.6287827, 22.9598839 ], [ 72.6282731, 22.9611871 ] ], [ [ 72.6282731, 22.9611871 ], [ 72.6280596, 22.9616962 ] ], [ [ 72.6280596, 22.9616962 ], [ 72.6275891, 22.9627187 ] ], [ [ 72.6275891, 22.9627187 ], [ 72.6275143, 22.9629042 ] ], [ [ 72.6275143, 22.9629042 ], [ 72.6273073, 22.9634709 ] ] ] } },
{ "type": "Feature", "properties": { "construction": null, "disused": null, "light_rail": null, "monorail": null, "railway": "rail", "station": null, "subway": null, "id": 519839592, "timestamp": 1627766176, "version": 2, "tags": { "visible": false, "electrified": "contact_line", "frequency": "50", "gauge": "1676", "service": "siding", "voltage": "25000" }, "osm_type": "way" }, "geometry": { "type": "MultiLineString", "coordinates": [ [ [ 72.6309898, 22.9553518 ], [ 72.6313099, 22.9547961 ] ], [ [ 72.6313099, 22.9547961 ], [ 72.6314387, 22.9546084 ] ], [ [ 72.6314387, 22.9546084 ], [ 72.6316452, 22.9543293 ] ], [ [ 72.6316452, 22.9543293 ], [ 72.6317377, 22.9541799 ] ], [ [ 72.6317377, 22.9541799 ], [ 72.6317982, 22.9540887 ] ], [ [ 72.6317982, 22.9540887 ], [ 72.6319794, 22.9537795 ] ] ] } },
{ "type": "Feature", "properties": { "construction": null, "disused": null, "light_rail": null, "monorail": null, "railway": "rail", "station": null, "subway": null, "id": 519839593, "timestamp": 1504073338, "version": 1, "tags": { "visible": false, "gauge": "1676", "service": "yard" }, "osm_type": "way" }, "geometry": { "type": "MultiLineString", "coordinates": [ [ [ 72.6319858, 22.9531746 ], [ 72.6321602, 22.9528881 ] ], [ [ 72.6321602, 22.9528881 ], [ 72.6322165, 22.952777 ] ], [ [ 72.6322165, 22.952777 ], [ 72.6322755, 22.9526535 ] ], [ [ 72.6322755, 22.9526535 ], [ 72.6324955, 22.9522756 ] ], [ [ 72.6324955, 22.9522756 ], [ 72.6326752, 22.9519792 ] ], [ [ 72.6326752, 22.9519792 ], [ 72.6327717, 22.9517965 ] ], [ [ 72.6327717, 22.9517965 ], [ 72.6355907, 22.9454932 ] ], [ [ 72.6355907, 22.9454932 ], [ 72.6357624, 22.9451153 ] ], [ [ 72.6357624, 22.9451153 ], [ 72.635867, 22.9448683 ] ], [ [ 72.635867, 22.9448683 ], [ 72.6359501, 22.9446139 ] ], [ [ 72.6359501, 22.9446139 ], [ 72.6359823, 22.944504 ] ], [ [ 72.6359823, 22.944504 ], [ 72.6361312, 22.9440075 ] ], [ [ 72.6361312, 22.9440075 ], [ 72.636217, 22.9437272 ] ] ] } },
{ "type": "Feature", "properties": { "construction": null, "disused": null, "light_rail": null, "monorail": null, "railway": "rail", "station": null, "subway": null, "id": 519849695, "timestamp": 1745849234, "version": 4, "tags": { "visible": false, "electrified": "contact_line", "frequency": "50", "gauge": "1676", "name": "Western Railway Line", "passenger_lines": "2", "service": "yard", "voltage": "25000" }, "osm_type": "way" }, "geometry": { "type": "MultiLineString", "coordinates": [ [ [ 72.6016219, 23.0224175 ], [ 72.6014941, 23.0228579 ] ], [ [ 72.6014941, 23.0228579 ], [ 72.6014276, 23.0232745 ] ], [ [ 72.6014276, 23.0232745 ], [ 72.601399, 23.0235235 ] ], [ [ 72.601399, 23.0235235 ], [ 72.6013859, 23.02379 ] ], [ [ 72.6013859, 23.02379 ], [ 72.6013818, 23.0240998 ] ], [ [ 72.6013818, 23.0240998 ], [ 72.6013946, 23.0243508 ] ], [ [ 72.6013946, 23.0243508 ], [ 72.6017947, 23.0300222 ] ], [ [ 72.6017947, 23.0300222 ], [ 72.601807, 23.0302006 ] ], [ [ 72.601807, 23.0302006 ], [ 72.6018047, 23.0305405 ] ], [ [ 72.6018047, 23.0305405 ], [ 72.601786, 23.0308416 ] ], [ [ 72.601786, 23.0308416 ], [ 72.6015862, 23.0319955 ] ], [ [ 72.6015862, 23.0319955 ], [ 72.6015395, 23.032299 ] ], [ [ 72.6015395, 23.032299 ], [ 72.6015173, 23.0325198 ] ], [ [ 72.6015173, 23.0325198 ], [ 72.6014864, 23.0328949 ] ] ] } },
{ "type": "Feature", "properties": { "construction": null, "disused": null, "light_rail": null, "monorail": null, "railway": "rail", "station": null, "subway": null, "id": 519869092, "timestamp": 1745849234, "version": 2, "tags": { "visible": false, "gauge": "1676", "service": "yard" }, "osm_type": "way" }, "geometry": { "type": "MultiLineString", "coordinates": [ [ [ 72.6016916, 23.0255229 ], [ 72.6016631, 23.0249762 ] ], [ [ 72.6016631, 23.0249762 ], [ 72.6016299, 23.0243405 ] ], [ [ 72.6016299, 23.0243405 ], [ 72.6016165, 23.0239492 ] ], [ [ 72.6016165, 23.0239492 ], [ 72.6016353, 23.0231568 ] ], [ [ 72.6016353, 23.0231568 ], [ 72.6016983, 23.0227026 ] ], [ [ 72.6016983, 23.0227026 ], [ 72.6017802, 23.0224421 ] ] ] } },
{ "type": "Feature", "properties": { "construction": null, "disused": null, "light_rail": null, "monorail": null, "railway": "rail", "station": null, "subway": null, "id": 519869094, "timestamp": 1745849234, "version": 4, "tags": { "visible": false, "gauge": "1676", "service": "yard" }, "osm_type": "way" }, "geometry": { "type": "MultiLineString", "coordinates": [ [ [ 72.602491, 23.0200402 ], [ 72.6023702, 23.0206228 ] ], [ [ 72.6023702, 23.0206228 ], [ 72.6023515, 23.0213473 ] ], [ [ 72.6023515, 23.0213473 ], [ 72.6024172, 23.0220237 ] ], [ [ 72.6024172, 23.0220237 ], [ 72.6024118, 23.0224705 ] ] ] } },
{ "type": "Feature", "properties": { "construction": null, "disused": null, "light_rail": null, "monorail": null, "railway": "disused", "station": null, "subway": null, "id": 519869096, "timestamp": 1745849234, "version": 2, "tags": { "visible": false, "gauge": "1676", "service": "siding" }, "osm_type": "way" }, "geometry": { "type": "MultiLineString", "coordinates": [ [ [ 72.6023547, 23.0294397 ], [ 72.6023059, 23.0306585 ] ], [ [ 72.6023059, 23.0306585 ], [ 72.6022106, 23.0308906 ] ], [ [ 72.6022106, 23.0308906 ], [ 72.6022589, 23.0306659 ] ], [ [ 72.6022589, 23.0306659 ], [ 72.6022808, 23.0305305 ] ], [ [ 72.6022808, 23.0305305 ], [ 72.6023101, 23.0294403 ] ], [ [ 72.6023101, 23.0294403 ], [ 72.6023421, 23.0236641 ] ], [ [ 72.6023421, 23.0236641 ], [ 72.602178, 23.0225829 ] ] ] } },
{ "type": "Feature", "properties": { "construction": null, "disused": null, "light_rail": null, "monorail": null, "railway": "rail", "station": null, "subway": null, "id": 519926308, "timestamp": 1588890569, "version": 2, "tags": { "visible": false, "gauge": "1676" }, "osm_type": "way" }, "geometry": { "type": "MultiLineString", "coordinates": [ [ [ 72.6016192, 23.0326049 ], [ 72.6016246, 23.0323198 ] ], [ [ 72.6016246, 23.0323198 ], [ 72.6016326, 23.0321754 ] ], [ [ 72.6016326, 23.0321754 ], [ 72.6018056, 23.0311399 ] ], [ [ 72.6018056, 23.0311399 ], [ 72.6018418, 23.030856 ] ], [ [ 72.6018418, 23.030856 ], [ 72.601866, 23.0305401 ] ], [ [ 72.601866, 23.0305401 ], [ 72.601862, 23.0302043 ] ], [ [ 72.601862, 23.0302043 ], [ 72.6015629, 23.0256722 ] ], [ [ 72.6015629, 23.0256722 ], [ 72.601469, 23.0242985 ] ], [ [ 72.601469, 23.0242985 ], [ 72.6014596, 23.023906 ] ], [ [ 72.6014596, 23.023906 ], [ 72.6014691, 23.0235913 ] ], [ [ 72.6014691, 23.0235913 ], [ 72.6014985, 23.0232679 ] ], [ [ 72.6014985, 23.0232679 ], [ 72.6015455, 23.022868 ] ], [ [ 72.6015455, 23.022868 ], [ 72.6016219, 23.0224175 ] ] ] } },
{ "type": "Feature", "properties": { "construction": null, "disused": null, "light_rail": null, "monorail": null, "railway": "rail", "station": null, "subway": null, "id": 519926309, "timestamp": 1662018372, "version": 3, "tags": { "visible": false, "electrified": "contact_line", "frequency": "50", "gauge": "1676", "passenger_lines": "2", "usage": "main", "voltage": "25000" }, "osm_type": "way" }, "geometry": { "type": "MultiLineString", "coordinates": [ [ [ 72.6015515, 23.0338393 ], [ 72.6015803, 23.0334478 ] ], [ [ 72.6015803, 23.0334478 ], [ 72.6016071, 23.0328085 ] ], [ [ 72.6016071, 23.0328085 ], [ 72.6016192, 23.0326049 ] ], [ [ 72.6016192, 23.0326049 ], [ 72.6016635, 23.0322433 ] ], [ [ 72.6016635, 23.0322433 ], [ 72.6017144, 23.0319594 ] ] ] } },
{ "type": "Feature", "properties": { "construction": null, "disused": null, "light_rail": null, "monorail": null, "railway": "rail", "station": null, "subway": null, "id": 519926310, "timestamp": 1706955297, "version": 3, "tags": { "visible": false, "gauge": "1676", "service": "siding" }, "osm_type": "way" }, "geometry": { "type": "MultiLineString", "coordinates": [ [ [ 72.6017426, 23.0218299 ], [ 72.6015267, 23.0224841 ] ], [ [ 72.6015267, 23.0224841 ], [ 72.6014677, 23.0227186 ] ], [ [ 72.6014677, 23.0227186 ], [ 72.6014167, 23.0229865 ] ], [ [ 72.6014167, 23.0229865 ], [ 72.6013859, 23.0232963 ] ], [ [ 72.6013859, 23.0232963 ], [ 72.6013657, 23.0235197 ] ], [ [ 72.6013657, 23.0235197 ], [ 72.601347, 23.0237912 ] ], [ [ 72.601347, 23.0237912 ], [ 72.6013403, 23.0240912 ] ], [ [ 72.6013403, 23.0240912 ], [ 72.601351, 23.024359 ] ], [ [ 72.601351, 23.024359 ], [ 72.6013987, 23.0250533 ] ], [ [ 72.6013987, 23.0250533 ], [ 72.6017399, 23.0300192 ] ], [ [ 72.6017399, 23.0300192 ], [ 72.601752, 23.0301994 ] ], [ [ 72.601752, 23.0301994 ], [ 72.601752, 23.0305339 ] ], [ [ 72.601752, 23.0305339 ], [ 72.6017319, 23.0308461 ] ], [ [ 72.6017319, 23.0308461 ], [ 72.6015307, 23.0319939 ] ], [ [ 72.6015307, 23.0319939 ], [ 72.601469, 23.0324627 ] ] ] } },
{ "type": "Feature", "properties": { "construction": null, "disused": null, "light_rail": null, "monorail": null, "railway": "rail", "station": null, "subway": null, "id": 519926312, "timestamp": 1745849234, "version": 3, "tags": { "visible": false, "gauge": "1676", "service": "siding" }, "osm_type": "way" }, "geometry": { "type": "MultiLineString", "coordinates": [ [ [ 72.6014833, 23.0344429 ], [ 72.6014838, 23.0340847 ] ], [ [ 72.6014838, 23.0340847 ], [ 72.6014536, 23.0336262 ] ], [ [ 72.6014536, 23.0336262 ], [ 72.6014242, 23.0331656 ] ], [ [ 72.6014242, 23.0331656 ], [ 72.6013856, 23.032561 ] ], [ [ 72.6013856, 23.032561 ], [ 72.6013764, 23.0324164 ] ], [ [ 72.6013764, 23.0324164 ], [ 72.6013497, 23.0319977 ] ], [ [ 72.6013497, 23.0319977 ], [ 72.6013429, 23.031778 ] ], [ [ 72.6013429, 23.031778 ], [ 72.6013853, 23.0314434 ] ], [ [ 72.6013853, 23.0314434 ], [ 72.6014181, 23.0311604 ] ], [ [ 72.6014181, 23.0311604 ], [ 72.601501, 23.0304441 ] ], [ [ 72.601501, 23.0304441 ], [ 72.6010895, 23.0242787 ] ], [ [ 72.6010895, 23.0242787 ], [ 72.6010734, 23.023948 ] ], [ [ 72.6010734, 23.023948 ], [ 72.6010975, 23.0235382 ] ], [ [ 72.6010975, 23.0235382 ], [ 72.6011176, 23.0232827 ] ], [ [ 72.6011176, 23.0232827 ], [ 72.6011418, 23.023079 ] ], [ [ 72.6011418, 23.023079 ], [ 72.6011901, 23.0228 ] ], [ [ 72.6011901, 23.0228 ], [ 72.6013143, 23.0222526 ] ], [ [ 72.6013143, 23.0222526 ], [ 72.6013952, 23.0219764 ] ], [ [ 72.6013952, 23.0219764 ], [ 72.6016067, 23.0214085 ] ], [ [ 72.6016067, 23.0214085 ], [ 72.6021854, 23.0199701 ] ] ] } },
{ "type": "Feature", "properties": { "construction": null, "disused": null, "light_rail": null, "monorail": null, "railway": "rail", "station": null, "subway": null, "id": 519926314, "timestamp": 1588890569, "version": 2, "tags": { "visible": false, "gauge": "1676", "service": "siding" }, "osm_type": "way" }, "geometry": { "type": "MultiLineString", "coordinates": [ [ [ 72.6017721, 23.0213657 ], [ 72.601619, 23.0217206 ] ], [ [ 72.601619, 23.0217206 ], [ 72.6015234, 23.021881 ] ], [ [ 72.6015234, 23.021881 ], [ 72.6014106, 23.0221089 ] ], [ [ 72.6014106, 23.0221089 ], [ 72.601357, 23.0222669 ] ], [ [ 72.601357, 23.0222669 ], [ 72.60129, 23.0225632 ] ], [ [ 72.60129, 23.0225632 ], [ 72.6012357, 23.0228112 ] ], [ [ 72.6012357, 23.0228112 ], [ 72.6011874, 23.0230901 ] ], [ [ 72.6011874, 23.0230901 ], [ 72.6011579, 23.0232815 ] ], [ [ 72.6011579, 23.0232815 ], [ 72.6011364, 23.0235382 ] ], [ [ 72.6011364, 23.0235382 ], [ 72.601115, 23.0239529 ] ], [ [ 72.601115, 23.0239529 ], [ 72.6011324, 23.02428 ] ], [ [ 72.6011324, 23.02428 ], [ 72.6015508, 23.0300389 ] ], [ [ 72.6015508, 23.0300389 ], [ 72.6015615, 23.0303117 ] ], [ [ 72.6015615, 23.0303117 ], [ 72.6015656, 23.0305215 ] ], [ [ 72.6015656, 23.0305215 ], [ 72.6015629, 23.0307511 ] ], [ [ 72.6015629, 23.0307511 ], [ 72.6015428, 23.0310634 ] ], [ [ 72.6015428, 23.0310634 ], [ 72.6015414, 23.0312028 ] ], [ [ 72.6015414, 23.0312028 ], [ 72.6015321, 23.0316122 ] ] ] } },
{ "type": "Feature", "properties": { "construction": null, "disused": null, "light_rail": null, "monorail": null, "railway": "rail", "station": null, "subway": null, "id": 519926317, "timestamp": 1745849234, "version": 3, "tags": { "visible": false, "gauge": "1676", "service": "siding" }, "osm_type": "way" }, "geometry": { "type": "MultiLineString", "coordinates": [ [ [ 72.6018995, 23.0215966 ], [ 72.6018808, 23.0219312 ] ], [ [ 72.6018808, 23.0219312 ], [ 72.6018445, 23.0221459 ] ], [ [ 72.6018445, 23.0221459 ], [ 72.6017802, 23.0224421 ] ], [ [ 72.6017802, 23.0224421 ], [ 72.6017614, 23.022594 ] ], [ [ 72.6017614, 23.022594 ], [ 72.6017547, 23.0227507 ] ], [ [ 72.6017547, 23.0227507 ], [ 72.6017011, 23.0251057 ] ], [ [ 72.6017011, 23.0251057 ], [ 72.6016916, 23.0255229 ] ], [ [ 72.6016916, 23.0255229 ], [ 72.6016983, 23.0257981 ] ], [ [ 72.6016983, 23.0257981 ], [ 72.6017211, 23.0261746 ] ], [ [ 72.6017211, 23.0261746 ], [ 72.6020014, 23.0302006 ] ], [ [ 72.6020014, 23.0302006 ], [ 72.6020055, 23.0305475 ] ], [ [ 72.6020055, 23.0305475 ], [ 72.601984, 23.0308597 ] ], [ [ 72.601984, 23.0308597 ], [ 72.6019424, 23.0311609 ] ], [ [ 72.6019424, 23.0311609 ], [ 72.6019102, 23.031288 ] ], [ [ 72.6019102, 23.031288 ], [ 72.6018256, 23.0315482 ] ] ] } },
{ "type": "Feature", "properties": { "construction": null, "disused": null, "light_rail": null, "monorail": null, "railway": "rail", "station": null, "subway": null, "id": 519926320, "timestamp": 1588890569, "version": 2, "tags": { "visible": false, "gauge": "1676", "service": "yard" }, "osm_type": "way" }, "geometry": { "type": "MultiLineString", "coordinates": [ [ [ 72.6021002, 23.0293626 ], [ 72.6021505, 23.0301516 ] ], [ [ 72.6021505, 23.0301516 ], [ 72.6021468, 23.0304925 ] ], [ [ 72.6021468, 23.0304925 ], [ 72.6021382, 23.0306758 ] ] ] } },
{ "type": "Feature", "properties": { "construction": null, "disused": null, "light_rail": null, "monorail": null, "railway": "rail", "station": null, "subway": null, "id": 519926325, "timestamp": 1745849234, "version": 3, "tags": { "visible": false, "gauge": "1676", "service": "siding" }, "osm_type": "way" }, "geometry": { "type": "MultiLineString", "coordinates": [ [ [ 72.6019773, 23.0218336 ], [ 72.6019156, 23.022315 ] ], [ [ 72.6019156, 23.022315 ], [ 72.6019102, 23.0225816 ] ], [ [ 72.6019102, 23.0225816 ], [ 72.6018905, 23.0251063 ] ], [ [ 72.6018905, 23.0251063 ], [ 72.6018861, 23.0256698 ] ], [ [ 72.6018861, 23.0256698 ], [ 72.6018888, 23.0261684 ] ], [ [ 72.6018888, 23.0261684 ], [ 72.6019156, 23.0268855 ] ], [ [ 72.6019156, 23.0268855 ], [ 72.6021002, 23.0293626 ] ], [ [ 72.6021002, 23.0293626 ], [ 72.6021719, 23.0297353 ] ] ] } },
{ "type": "Feature", "properties": { "construction": null, "disused": null, "light_rail": null, "monorail": null, "railway": "rail", "station": null, "subway": null, "id": 519926328, "timestamp": 1745849234, "version": 3, "tags": { "visible": false, "gauge": "1676", "service": "siding" }, "osm_type": "way" }, "geometry": { "type": "MultiLineString", "coordinates": [ [ [ 72.6012494, 23.0278474 ], [ 72.6014295, 23.0306979 ] ], [ [ 72.6014295, 23.0306979 ], [ 72.6014181, 23.0311604 ] ] ] } },
{ "type": "Feature", "properties": { "construction": null, "disused": null, "light_rail": null, "monorail": null, "railway": "rail", "station": null, "subway": null, "id": 519926335, "timestamp": 1745849234, "version": 4, "tags": { "visible": false, "gauge": "1676", "service": "siding" }, "osm_type": "way" }, "geometry": { "type": "MultiLineString", "coordinates": [ [ [ 72.6013853, 23.0314434 ], [ 72.6013966, 23.0306867 ] ], [ [ 72.6013966, 23.0306867 ], [ 72.6011882, 23.0278599 ] ] ] } },
{ "type": "Feature", "properties": { "construction": null, "disused": null, "light_rail": null, "monorail": null, "railway": "rail", "station": null, "subway": null, "id": 519926341, "timestamp": 1745849234, "version": 4, "tags": { "visible": false, "gauge": "1676", "service": "yard" }, "osm_type": "way" }, "geometry": { "type": "MultiLineString", "coordinates": [ [ [ 72.6021429, 23.0291565 ], [ 72.6021525, 23.028658 ] ], [ [ 72.6021525, 23.028658 ], [ 72.6021398, 23.025107 ] ], [ [ 72.6021398, 23.025107 ], [ 72.602178, 23.0225829 ] ], [ [ 72.602178, 23.0225829 ], [ 72.6021855, 23.0220886 ] ], [ [ 72.6021855, 23.0220886 ], [ 72.6021222, 23.0217188 ] ], [ [ 72.6021222, 23.0217188 ], [ 72.6021409, 23.0212844 ] ], [ [ 72.6021409, 23.0212844 ], [ 72.6021698, 23.0209716 ] ], [ [ 72.6021698, 23.0209716 ], [ 72.6022098, 23.0207964 ] ], [ [ 72.6022098, 23.0207964 ], [ 72.6022891, 23.0205307 ] ], [ [ 72.6022891, 23.0205307 ], [ 72.602491, 23.0200402 ] ], [ [ 72.602491, 23.0200402 ], [ 72.6026645, 23.0196461 ] ], [ [ 72.6026645, 23.0196461 ], [ 72.6028656, 23.019268 ] ], [ [ 72.6028656, 23.019268 ], [ 72.6031159, 23.0189268 ] ], [ [ 72.6031159, 23.0189268 ], [ 72.6035048, 23.0185035 ] ], [ [ 72.6035048, 23.0185035 ], [ 72.6038481, 23.0180961 ] ], [ [ 72.6038481, 23.0180961 ], [ 72.6040359, 23.0178308 ] ], [ [ 72.6040359, 23.0178308 ], [ 72.6041606, 23.0176012 ] ], [ [ 72.6041606, 23.0176012 ], [ 72.6044597, 23.0170161 ] ], [ [ 72.6044597, 23.0170161 ], [ 72.606733, 23.012719 ] ] ] } },
{ "type": "Feature", "properties": { "construction": null, "disused": null, "light_rail": null, "monorail": null, "railway": "rail", "station": null, "subway": null, "id": 519926345, "timestamp": 1745849234, "version": 3, "tags": { "visible": false, "gauge": "1676", "service": "siding" }, "osm_type": "way" }, "geometry": { "type": "MultiLineString", "coordinates": [ [ [ 72.6020766, 23.0212202 ], [ 72.6021222, 23.0217188 ] ], [ [ 72.6021222, 23.0217188 ], [ 72.6021221, 23.0220484 ] ], [ [ 72.6021221, 23.0220484 ], [ 72.6020896, 23.0251068 ] ], [ [ 72.6020896, 23.0251068 ], [ 72.602074, 23.0265772 ] ], [ [ 72.602074, 23.0265772 ], [ 72.6021002, 23.0285148 ] ] ] } },
{ "type": "Feature", "properties": { "construction": null, "disused": null, "light_rail": null, "monorail": null, "railway": "rail", "station": null, "subway": null, "id": 520037329, "timestamp": 1745849234, "version": 3, "tags": { "visible": false, "gauge": "1676", "service": "yard" }, "osm_type": "way" }, "geometry": { "type": "MultiLineString", "coordinates": [ [ [ 72.6014536, 23.0336262 ], [ 72.6013081, 23.0330646 ] ], [ [ 72.6013081, 23.0330646 ], [ 72.6011902, 23.0327705 ] ], [ [ 72.6011902, 23.0327705 ], [ 72.6010609, 23.0324529 ] ], [ [ 72.6010609, 23.0324529 ], [ 72.6009498, 23.0321516 ] ], [ [ 72.6009498, 23.0321516 ], [ 72.6009161, 23.0320443 ] ], [ [ 72.6009161, 23.0320443 ], [ 72.6008217, 23.0315028 ] ], [ [ 72.6008217, 23.0315028 ], [ 72.6007005, 23.031148 ] ], [ [ 72.6007005, 23.031148 ], [ 72.6006692, 23.0309863 ] ], [ [ 72.6006692, 23.0309863 ], [ 72.6005628, 23.0296033 ] ], [ [ 72.6005628, 23.0296033 ], [ 72.6005248, 23.029108 ] ] ] } },
{ "type": "Feature", "properties": { "construction": null, "disused": null, "light_rail": null, "monorail": null, "railway": "rail", "station": null, "subway": null, "id": 520037334, "timestamp": 1745849234, "version": 3, "tags": { "visible": false, "gauge": "1676", "service": "yard" }, "osm_type": "way" }, "geometry": { "type": "MultiLineString", "coordinates": [ [ [ 72.6017954, 23.0208483 ], [ 72.6019716, 23.020123 ] ], [ [ 72.6019716, 23.020123 ], [ 72.6020953, 23.0197489 ] ], [ [ 72.6020953, 23.0197489 ], [ 72.6024936, 23.0188133 ] ], [ [ 72.6024936, 23.0188133 ], [ 72.6027284, 23.0183799 ] ], [ [ 72.6027284, 23.0183799 ], [ 72.6029957, 23.0178218 ] ] ] } },
{ "type": "Feature", "properties": { "construction": null, "disused": null, "light_rail": null, "monorail": null, "railway": "rail", "station": null, "subway": null, "id": 520037336, "timestamp": 1745849234, "version": 3, "tags": { "visible": false, "gauge": "1676", "service": "yard" }, "osm_type": "way" }, "geometry": { "type": "MultiLineString", "coordinates": [ [ [ 72.6005779, 23.0290903 ], [ 72.6006172, 23.0296008 ] ], [ [ 72.6006172, 23.0296008 ], [ 72.6007302, 23.0310667 ] ], [ [ 72.6007302, 23.0310667 ], [ 72.6008217, 23.0315028 ] ] ] } },
{ "type": "Feature", "properties": { "construction": null, "disused": null, "light_rail": null, "monorail": null, "railway": "rail", "station": null, "subway": null, "id": 520116812, "timestamp": 1745849234, "version": 4, "tags": { "visible": false, "gauge": "1676", "service": "yard" }, "osm_type": "way" }, "geometry": { "type": "MultiLineString", "coordinates": [ [ [ 72.6069113, 23.0110099 ], [ 72.6068187, 23.0112899 ] ], [ [ 72.6068187, 23.0112899 ], [ 72.6064897, 23.0119085 ] ], [ [ 72.6064897, 23.0119085 ], [ 72.6056273, 23.0135839 ] ], [ [ 72.6056273, 23.0135839 ], [ 72.6054454, 23.0140981 ] ] ] } },
{ "type": "Feature", "properties": { "construction": null, "disused": null, "light_rail": null, "monorail": null, "railway": "rail", "station": null, "subway": null, "id": 520116818, "timestamp": 1745849234, "version": 4, "tags": { "visible": false, "gauge": "1676", "service": "yard" }, "osm_type": "way" }, "geometry": { "type": "MultiLineString", "coordinates": [ [ [ 72.6016067, 23.0214085 ], [ 72.6016675, 23.0211578 ] ], [ [ 72.6016675, 23.0211578 ], [ 72.6017954, 23.0208483 ] ], [ [ 72.6017954, 23.0208483 ], [ 72.6029957, 23.0178218 ] ], [ [ 72.6029957, 23.0178218 ], [ 72.6038461, 23.0159423 ] ], [ [ 72.6038461, 23.0159423 ], [ 72.6050534, 23.0132281 ] ], [ [ 72.6050534, 23.0132281 ], [ 72.6056156, 23.0119496 ] ], [ [ 72.6056156, 23.0119496 ], [ 72.6068762, 23.0089677 ] ], [ [ 72.6068762, 23.0089677 ], [ 72.607042, 23.0086999 ] ] ] } },
{ "type": "Feature", "properties": { "construction": null, "disused": null, "light_rail": null, "monorail": null, "railway": "rail", "station": null, "subway": null, "id": 520116821, "timestamp": 1745849234, "version": 3, "tags": { "visible": false, "gauge": "1676", "service": "yard" }, "osm_type": "way" }, "geometry": { "type": "MultiLineString", "coordinates": [ [ [ 72.6020832, 23.0107875 ], [ 72.6045946, 23.0106966 ] ], [ [ 72.6045946, 23.0106966 ], [ 72.6048487, 23.0106643 ] ], [ [ 72.6048487, 23.0106643 ], [ 72.6049681, 23.01064 ] ], [ [ 72.6049681, 23.01064 ], [ 72.6050858, 23.0106096 ] ], [ [ 72.6050858, 23.0106096 ], [ 72.6052015, 23.0105731 ] ], [ [ 72.6052015, 23.0105731 ], [ 72.6053148, 23.0105307 ] ], [ [ 72.6053148, 23.0105307 ], [ 72.6054253, 23.0104826 ] ], [ [ 72.6054253, 23.0104826 ], [ 72.6055338, 23.0104282 ] ], [ [ 72.6055338, 23.0104282 ], [ 72.6056389, 23.0103682 ] ], [ [ 72.6056389, 23.0103682 ], [ 72.6057401, 23.0103028 ] ], [ [ 72.6057401, 23.0103028 ], [ 72.605837, 23.0102322 ] ], [ [ 72.605837, 23.0102322 ], [ 72.6060174, 23.0100684 ] ], [ [ 72.6060174, 23.0100684 ], [ 72.6063589, 23.0096547 ] ] ] } },
{ "type": "Feature", "properties": { "construction": null, "disused": null, "light_rail": null, "monorail": null, "railway": "rail", "station": null, "subway": null, "id": 520116823, "timestamp": 1745849234, "version": 3, "tags": { "visible": false, "gauge": "1676", "service": "yard" }, "osm_type": "way" }, "geometry": { "type": "MultiLineString", "coordinates": [ [ [ 72.602904, 23.0145017 ], [ 72.6049921, 23.0114466 ] ], [ [ 72.6049921, 23.0114466 ], [ 72.6050377, 23.0113726 ] ], [ [ 72.6050377, 23.0113726 ], [ 72.6051678, 23.0112442 ] ], [ [ 72.6051678, 23.0112442 ], [ 72.6055997, 23.0107271 ] ], [ [ 72.6055997, 23.0107271 ], [ 72.6057431, 23.0105554 ] ], [ [ 72.6057431, 23.0105554 ], [ 72.6059148, 23.0103672 ] ] ] } },
{ "type": "Feature", "properties": { "construction": null, "disused": null, "light_rail": null, "monorail": null, "railway": "rail", "station": null, "subway": null, "id": 559508820, "timestamp": 1684192602, "version": 2, "tags": { "visible": false, "electrified": "contact_line", "frequency": "50", "gauge": "1676", "service": "siding", "voltage": "25000" }, "osm_type": "way" }, "geometry": { "type": "MultiLineString", "coordinates": [ [ [ 72.5498538, 23.1522241 ], [ 72.5494235, 23.1529671 ] ], [ [ 72.5494235, 23.1529671 ], [ 72.5493885, 23.1530355 ] ], [ [ 72.5493885, 23.1530355 ], [ 72.5490211, 23.1536878 ] ], [ [ 72.5490211, 23.1536878 ], [ 72.5488508, 23.1540146 ] ], [ [ 72.5488508, 23.1540146 ], [ 72.546198, 23.1592341 ] ], [ [ 72.546198, 23.1592341 ], [ 72.5460331, 23.1595905 ] ], [ [ 72.5460331, 23.1595905 ], [ 72.5458593, 23.1600214 ] ] ] } },
{ "type": "Feature", "properties": { "construction": null, "disused": null, "light_rail": null, "monorail": null, "railway": "rail", "station": null, "subway": null, "id": 559508824, "timestamp": 1684192602, "version": 2, "tags": { "visible": false, "electrified": "contact_line", "frequency": "50", "gauge": "1676", "service": "siding", "voltage": "25000" }, "osm_type": "way" }, "geometry": { "type": "MultiLineString", "coordinates": [ [ [ 72.5501906, 23.1516644 ], [ 72.5498768, 23.1523696 ] ], [ [ 72.5498768, 23.1523696 ], [ 72.5497895, 23.1525534 ] ], [ [ 72.5497895, 23.1525534 ], [ 72.5465629, 23.1589345 ] ], [ [ 72.5465629, 23.1589345 ], [ 72.5464542, 23.1591331 ] ] ] } },
{ "type": "Feature", "properties": { "construction": null, "disused": null, "light_rail": null, "monorail": null, "railway": "rail", "station": null, "subway": null, "id": 572498294, "timestamp": 1745849234, "version": 4, "tags": { "visible": false, "gauge": "1676", "service": "yard" }, "osm_type": "way" }, "geometry": { "type": "MultiLineString", "coordinates": [ [ [ 72.6067505, 23.0095058 ], [ 72.6066695, 23.0099093 ] ], [ [ 72.6066695, 23.0099093 ], [ 72.6064959, 23.0104845 ] ] ] } },
{ "type": "Feature", "properties": { "construction": null, "disused": null, "light_rail": null, "monorail": null, "railway": "rail", "station": null, "subway": null, "id": 572498295, "timestamp": 1745849234, "version": 4, "tags": { "visible": false, "gauge": "1676", "service": "yard" }, "osm_type": "way" }, "geometry": { "type": "MultiLineString", "coordinates": [ [ [ 72.6044825, 23.0101542 ], [ 72.606532, 23.0089003 ] ], [ [ 72.606532, 23.0089003 ], [ 72.6066355, 23.0088183 ] ], [ [ 72.6066355, 23.0088183 ], [ 72.6067333, 23.0087306 ] ], [ [ 72.6067333, 23.0087306 ], [ 72.606825, 23.0086375 ] ], [ [ 72.606825, 23.0086375 ], [ 72.6069107, 23.0085388 ] ], [ [ 72.6069107, 23.0085388 ], [ 72.6069895, 23.0084354 ] ], [ [ 72.6069895, 23.0084354 ], [ 72.6070611, 23.0083277 ] ], [ [ 72.6070611, 23.0083277 ], [ 72.6072034, 23.0080073 ] ] ] } },
{ "type": "Feature", "properties": { "construction": null, "disused": null, "light_rail": null, "monorail": null, "railway": "rail", "station": null, "subway": null, "id": 572498297, "timestamp": 1745849234, "version": 6, "tags": { "visible": false, "gauge": "1676", "service": "yard" }, "osm_type": "way" }, "geometry": { "type": "MultiLineString", "coordinates": [ [ [ 72.6070978, 23.0121628 ], [ 72.6041669, 23.0176871 ] ], [ [ 72.6041669, 23.0176871 ], [ 72.6040304, 23.0179061 ] ], [ [ 72.6040304, 23.0179061 ], [ 72.6038796, 23.0181035 ] ], [ [ 72.6038796, 23.0181035 ], [ 72.6037643, 23.0182375 ] ], [ [ 72.6037643, 23.0182375 ], [ 72.6035048, 23.0185035 ] ] ] } },
{ "type": "Feature", "properties": { "construction": null, "disused": null, "light_rail": null, "monorail": null, "railway": "subway", "station": null, "subway": null, "id": 588756998, "timestamp": 1733047023, "version": 14, "tags": { "visible": false, "bridge": "yes", "electrified": "rail", "gauge": "1435", "layer": "1", "name": "Blue Line, Ahmedabad Metro", "start_date": "2019-03-04", "usage": "main", "voltage": "750" }, "osm_type": "way" }, "geometry": { "type": "MultiLineString", "coordinates": [ [ [ 72.6476943, 23.0034916 ], [ 72.6470129, 23.0036576 ] ], [ [ 72.6470129, 23.0036576 ], [ 72.6468981, 23.0036871 ] ], [ [ 72.6468981, 23.0036871 ], [ 72.646463, 23.0037704 ] ], [ [ 72.646463, 23.0037704 ], [ 72.6463231, 23.0037913 ] ], [ [ 72.6463231, 23.0037913 ], [ 72.6456018, 23.0039846 ] ], [ [ 72.6456018, 23.0039846 ], [ 72.6454322, 23.0040111 ] ], [ [ 72.6454322, 23.0040111 ], [ 72.645217, 23.0040451 ] ], [ [ 72.645217, 23.0040451 ], [ 72.6448106, 23.004092 ] ], [ [ 72.6448106, 23.004092 ], [ 72.6444565, 23.0041174 ] ], [ [ 72.6444565, 23.0041174 ], [ 72.6442312, 23.0041414 ] ], [ [ 72.6442312, 23.0041414 ], [ 72.6440864, 23.0041643 ] ], [ [ 72.6440864, 23.0041643 ], [ 72.6439053, 23.0042031 ] ], [ [ 72.6439053, 23.0042031 ], [ 72.6437095, 23.0042618 ] ], [ [ 72.6437095, 23.0042618 ], [ 72.6434581, 23.004363 ] ], [ [ 72.6434581, 23.004363 ], [ 72.6431597, 23.0044951 ] ], [ [ 72.6431597, 23.0044951 ], [ 72.64264, 23.004713 ] ], [ [ 72.64264, 23.004713 ], [ 72.6423584, 23.0048136 ] ], [ [ 72.6423584, 23.0048136 ], [ 72.6421672, 23.0048648 ] ], [ [ 72.6421672, 23.0048648 ], [ 72.6419406, 23.0049074 ] ], [ [ 72.6419406, 23.0049074 ], [ 72.6417455, 23.0049154 ] ], [ [ 72.6417455, 23.0049154 ], [ 72.6414031, 23.0049236 ] ], [ [ 72.6414031, 23.0049236 ], [ 72.6413089, 23.0049259 ] ], [ [ 72.6413089, 23.0049259 ], [ 72.6409167, 23.0049124 ] ], [ [ 72.6409167, 23.0049124 ], [ 72.6404319, 23.0048938 ] ], [ [ 72.6404319, 23.0048938 ], [ 72.6396057, 23.0048272 ] ], [ [ 72.6396057, 23.0048272 ], [ 72.6390695, 23.0047668 ] ], [ [ 72.6390695, 23.0047668 ], [ 72.6386033, 23.0047142 ] ], [ [ 72.6386033, 23.0047142 ], [ 72.6382901, 23.004679 ] ], [ [ 72.6382901, 23.004679 ], [ 72.6380802, 23.0046759 ] ], [ [ 72.6380802, 23.0046759 ], [ 72.6379106, 23.0046741 ] ], [ [ 72.6379106, 23.0046741 ], [ 72.6377798, 23.0046827 ] ], [ [ 72.6377798, 23.0046827 ], [ 72.6376719, 23.0047006 ] ], [ [ 72.6376719, 23.0047006 ], [ 72.6375062, 23.0047383 ] ], [ [ 72.6375062, 23.0047383 ], [ 72.6373332, 23.0047852 ] ], [ [ 72.6373332, 23.0047852 ], [ 72.6371006, 23.0048617 ] ], [ [ 72.6371006, 23.0048617 ], [ 72.63677, 23.0049895 ] ], [ [ 72.63677, 23.0049895 ], [ 72.6364763, 23.0051012 ] ], [ [ 72.6364763, 23.0051012 ], [ 72.6355917, 23.005413 ] ] ] } },
{ "type": "Feature", "properties": { "construction": null, "disused": null, "light_rail": null, "monorail": null, "railway": "subway", "station": null, "subway": null, "id": 588757000, "timestamp": 1733047023, "version": 10, "tags": { "visible": false, "electrified": "rail", "gauge": "1435", "layer": "-1", "name": "Blue Line, Ahmedabad Metro", "start_date": "2022-09-30", "tunnel": "yes", "usage": "main", "voltage": "750" }, "osm_type": "way" }, "geometry": { "type": "MultiLineString", "coordinates": [ [ [ 72.5765854, 23.0383316 ], [ 72.5769753, 23.0386972 ] ], [ [ 72.5769753, 23.0386972 ], [ 72.5772209, 23.0388997 ] ], [ [ 72.5772209, 23.0388997 ], [ 72.5773776, 23.0389891 ] ], [ [ 72.5773776, 23.0389891 ], [ 72.57776, 23.0391002 ] ], [ [ 72.57776, 23.0391002 ], [ 72.5780988, 23.0392304 ] ], [ [ 72.5780988, 23.0392304 ], [ 72.5786782, 23.0393219 ] ], [ [ 72.5786782, 23.0393219 ], [ 72.5787902, 23.039332 ] ], [ [ 72.5787902, 23.039332 ], [ 72.5790421, 23.0393546 ] ], [ [ 72.5790421, 23.0393546 ], [ 72.5793177, 23.0393288 ] ], [ [ 72.5793177, 23.0393288 ], [ 72.5799718, 23.0392365 ] ], [ [ 72.5799718, 23.0392365 ], [ 72.5810285, 23.0391575 ] ], [ [ 72.5810285, 23.0391575 ], [ 72.5819391, 23.0390778 ] ], [ [ 72.5819391, 23.0390778 ], [ 72.5824442, 23.0389515 ] ], [ [ 72.5824442, 23.0389515 ], [ 72.5827432, 23.0387644 ] ], [ [ 72.5827432, 23.0387644 ], [ 72.5830405, 23.0384421 ] ], [ [ 72.5830405, 23.0384421 ], [ 72.583204, 23.0380748 ] ], [ [ 72.583204, 23.0380748 ], [ 72.5848274, 23.0335263 ] ], [ [ 72.5848274, 23.0335263 ], [ 72.586749, 23.0287794 ] ], [ [ 72.586749, 23.0287794 ], [ 72.5870277, 23.0281254 ] ], [ [ 72.5870277, 23.0281254 ], [ 72.587195, 23.0278992 ] ], [ [ 72.587195, 23.0278992 ], [ 72.5874913, 23.0277668 ] ], [ [ 72.5874913, 23.0277668 ], [ 72.5879369, 23.027731 ] ], [ [ 72.5879369, 23.027731 ], [ 72.588547, 23.0277571 ] ], [ [ 72.588547, 23.0277571 ], [ 72.5957767, 23.0302236 ] ], [ [ 72.5957767, 23.0302236 ], [ 72.5969871, 23.030204 ] ], [ [ 72.5969871, 23.030204 ], [ 72.5998701, 23.0302054 ] ], [ [ 72.5998701, 23.0302054 ], [ 72.6011777, 23.0301495 ] ], [ [ 72.6011777, 23.0301495 ], [ 72.6016849, 23.0301162 ] ], [ [ 72.6016849, 23.0301162 ], [ 72.602086, 23.0299835 ] ], [ [ 72.602086, 23.0299835 ], [ 72.6024174, 23.0296683 ] ], [ [ 72.6024174, 23.0296683 ], [ 72.6027067, 23.0292323 ] ], [ [ 72.6027067, 23.0292323 ], [ 72.6028833, 23.0286827 ] ], [ [ 72.6028833, 23.0286827 ], [ 72.6030459, 23.0278581 ] ], [ [ 72.6030459, 23.0278581 ], [ 72.6030765, 23.0270471 ] ], [ [ 72.6030765, 23.0270471 ], [ 72.603093, 23.0246945 ] ], [ [ 72.603093, 23.0246945 ], [ 72.6031034, 23.0234902 ] ], [ [ 72.6031034, 23.0234902 ], [ 72.6031451, 23.0227136 ] ], [ [ 72.6031451, 23.0227136 ], [ 72.6032165, 23.0223435 ] ], [ [ 72.6032165, 23.0223435 ], [ 72.6034059, 23.0219733 ] ], [ [ 72.6034059, 23.0219733 ], [ 72.6039404, 23.0212973 ] ], [ [ 72.6039404, 23.0212973 ], [ 72.6042405, 23.0209986 ] ], [ [ 72.6042405, 23.0209986 ], [ 72.6046962, 23.0207246 ] ], [ [ 72.6046962, 23.0207246 ], [ 72.6058815, 23.02008 ] ], [ [ 72.6058815, 23.02008 ], [ 72.6063157, 23.019707 ] ], [ [ 72.6063157, 23.019707 ], [ 72.6066595, 23.0192553 ] ], [ [ 72.6066595, 23.0192553 ], [ 72.6067992, 23.0188048 ] ], [ [ 72.6067992, 23.0188048 ], [ 72.6068531, 23.0183444 ] ], [ [ 72.6068531, 23.0183444 ], [ 72.606941, 23.0165648 ] ], [ [ 72.606941, 23.0165648 ], [ 72.6069352, 23.0154543 ] ], [ [ 72.6069352, 23.0154543 ], [ 72.6069453, 23.0146167 ] ], [ [ 72.6069453, 23.0146167 ], [ 72.6069637, 23.0136924 ] ], [ [ 72.6069637, 23.0136924 ], [ 72.6070339, 23.0129094 ] ], [ [ 72.6070339, 23.0129094 ], [ 72.6071739, 23.0120881 ] ], [ [ 72.6071739, 23.0120881 ], [ 72.6072866, 23.0115676 ] ], [ [ 72.6072866, 23.0115676 ], [ 72.6075389, 23.0110848 ] ], [ [ 72.6075389, 23.0110848 ], [ 72.6078153, 23.0106267 ] ], [ [ 72.6078153, 23.0106267 ], [ 72.60806, 23.0103966 ] ], [ [ 72.60806, 23.0103966 ], [ 72.6082534, 23.0102872 ] ], [ [ 72.6082534, 23.0102872 ], [ 72.6084789, 23.0102519 ] ], [ [ 72.6084789, 23.0102519 ], [ 72.6087577, 23.0102447 ] ], [ [ 72.6087577, 23.0102447 ], [ 72.6094703, 23.0102771 ] ], [ [ 72.6094703, 23.0102771 ], [ 72.6109124, 23.0103611 ] ], [ [ 72.6109124, 23.0103611 ], [ 72.6117554, 23.010432 ] ] ] } },
{ "type": "Feature", "properties": { "construction": null, "disused": null, "light_rail": null, "monorail": null, "railway": "subway", "station": null, "subway": null, "id": 588757001, "timestamp": 1733047023, "version": 13, "tags": { "visible": false, "bridge": "yes", "electrified": "rail", "gauge": "1435", "layer": "1", "name": "Blue Line, Ahmedabad Metro", "start_date": "2022-09-30", "usage": "main", "voltage": "750" }, "osm_type": "way" }, "geometry": { "type": "MultiLineString", "coordinates": [ [ [ 72.5423149, 23.0450536 ], [ 72.5426659, 23.04499 ] ], [ [ 72.5426659, 23.04499 ], [ 72.5435125, 23.0448371 ] ], [ [ 72.5435125, 23.0448371 ], [ 72.5445056, 23.0446566 ] ], [ [ 72.5445056, 23.0446566 ], [ 72.5450543, 23.0445676 ] ], [ [ 72.5450543, 23.0445676 ], [ 72.5456459, 23.0444534 ] ], [ [ 72.5456459, 23.0444534 ], [ 72.5461073, 23.0443597 ] ], [ [ 72.5461073, 23.0443597 ], [ 72.546382, 23.0442791 ] ], [ [ 72.546382, 23.0442791 ], [ 72.5466519, 23.0441674 ] ], [ [ 72.5466519, 23.0441674 ], [ 72.5467967, 23.0441113 ] ], [ [ 72.5467967, 23.0441113 ], [ 72.5470075, 23.0439884 ] ], [ [ 72.5470075, 23.0439884 ], [ 72.5488638, 23.0428233 ] ], [ [ 72.5488638, 23.0428233 ], [ 72.5493899, 23.0424974 ] ], [ [ 72.5493899, 23.0424974 ], [ 72.5499231, 23.0422259 ] ], [ [ 72.5499231, 23.0422259 ], [ 72.5505776, 23.0418874 ] ], [ [ 72.5505776, 23.0418874 ], [ 72.5514458, 23.0415358 ] ], [ [ 72.5514458, 23.0415358 ], [ 72.5517366, 23.0413982 ] ], [ [ 72.5517366, 23.0413982 ], [ 72.5520369, 23.0412346 ] ], [ [ 72.5520369, 23.0412346 ], [ 72.5530608, 23.040679 ] ], [ [ 72.5530608, 23.040679 ], [ 72.5539608, 23.0401164 ] ], [ [ 72.5539608, 23.0401164 ], [ 72.5541418, 23.0400325 ] ], [ [ 72.5541418, 23.0400325 ], [ 72.5542766, 23.0399819 ] ], [ [ 72.5542766, 23.0399819 ], [ 72.5544551, 23.0399407 ] ], [ [ 72.5544551, 23.0399407 ], [ 72.5546336, 23.0399248 ] ], [ [ 72.5546336, 23.0399248 ], [ 72.5554455, 23.0399289 ] ], [ [ 72.5554455, 23.0399289 ], [ 72.5569848, 23.04001 ] ], [ [ 72.5569848, 23.04001 ], [ 72.557279, 23.0400326 ] ], [ [ 72.557279, 23.0400326 ], [ 72.5579107, 23.040025 ] ], [ [ 72.5579107, 23.040025 ], [ 72.5591126, 23.0399768 ] ], [ [ 72.5591126, 23.0399768 ], [ 72.5596949, 23.0399441 ] ], [ [ 72.5596949, 23.0399441 ], [ 72.5603992, 23.0399246 ] ], [ [ 72.5603992, 23.0399246 ], [ 72.5609019, 23.0398922 ] ], [ [ 72.5609019, 23.0398922 ], [ 72.5616387, 23.0398351 ] ], [ [ 72.5616387, 23.0398351 ], [ 72.5624514, 23.0397658 ] ], [ [ 72.5624514, 23.0397658 ], [ 72.5628084, 23.0397501 ] ], [ [ 72.5628084, 23.0397501 ], [ 72.5630327, 23.0397014 ] ], [ [ 72.5630327, 23.0397014 ], [ 72.5632289, 23.0396528 ] ], [ [ 72.5632289, 23.0396528 ], [ 72.5634105, 23.0395901 ] ], [ [ 72.5634105, 23.0395901 ], [ 72.5636845, 23.0394509 ] ], [ [ 72.5636845, 23.0394509 ], [ 72.5638437, 23.0393375 ] ], [ [ 72.5638437, 23.0393375 ], [ 72.5640797, 23.0391655 ] ], [ [ 72.5640797, 23.0391655 ], [ 72.5643853, 23.0388614 ] ], [ [ 72.5643853, 23.0388614 ], [ 72.5646786, 23.0386011 ] ], [ [ 72.5646786, 23.0386011 ], [ 72.5649703, 23.0383407 ] ], [ [ 72.5649703, 23.0383407 ], [ 72.5652212, 23.0381303 ] ], [ [ 72.5652212, 23.0381303 ], [ 72.5654029, 23.0379925 ] ], [ [ 72.5654029, 23.0379925 ], [ 72.5655978, 23.0378714 ] ], [ [ 72.5655978, 23.0378714 ], [ 72.5656947, 23.0378308 ] ], [ [ 72.5656947, 23.0378308 ], [ 72.5658604, 23.0377615 ] ], [ [ 72.5658604, 23.0377615 ], [ 72.566247, 23.0376469 ] ], [ [ 72.566247, 23.0376469 ], [ 72.5670608, 23.0375426 ] ], [ [ 72.5670608, 23.0375426 ], [ 72.5679045, 23.0374406 ] ], [ [ 72.5679045, 23.0374406 ], [ 72.5684594, 23.0373695 ] ], [ [ 72.5684594, 23.0373695 ], [ 72.5686939, 23.0373537 ] ], [ [ 72.5686939, 23.0373537 ], [ 72.5689205, 23.037345 ] ], [ [ 72.5689205, 23.037345 ], [ 72.5691878, 23.0373591 ] ], [ [ 72.5691878, 23.0373591 ], [ 72.5694427, 23.0373881 ] ], [ [ 72.5694427, 23.0373881 ], [ 72.56986, 23.037446 ] ], [ [ 72.56986, 23.037446 ], [ 72.5707385, 23.0375623 ] ], [ [ 72.5707385, 23.0375623 ], [ 72.5712539, 23.0376406 ] ], [ [ 72.5712539, 23.0376406 ], [ 72.5720645, 23.0376867 ] ], [ [ 72.5720645, 23.0376867 ], [ 72.5733072, 23.0377306 ] ], [ [ 72.5733072, 23.0377306 ], [ 72.5746879, 23.0378038 ] ], [ [ 72.5746879, 23.0378038 ], [ 72.5751957, 23.0378333 ] ], [ [ 72.5751957, 23.0378333 ], [ 72.5756635, 23.0378731 ] ], [ [ 72.5756635, 23.0378731 ], [ 72.5759743, 23.0379685 ] ], [ [ 72.5759743, 23.0379685 ], [ 72.5762161, 23.0380779 ] ], [ [ 72.5762161, 23.0380779 ], [ 72.5764575, 23.0382269 ] ], [ [ 72.5764575, 23.0382269 ], [ 72.5765854, 23.0383316 ] ] ] } },
{ "type": "Feature", "properties": { "construction": null, "disused": null, "light_rail": null, "monorail": null, "railway": "rail", "station": null, "subway": null, "id": 602995034, "timestamp": 1745849234, "version": 5, "tags": { "visible": false, "service": "siding" }, "osm_type": "way" }, "geometry": { "type": "MultiLineString", "coordinates": [ [ [ 72.4963642, 23.0550131 ], [ 72.4960711, 23.0548332 ] ], [ [ 72.4960711, 23.0548332 ], [ 72.4954882, 23.0545848 ] ] ] } },
{ "type": "Feature", "properties": { "construction": null, "disused": null, "light_rail": null, "monorail": null, "railway": "rail", "station": null, "subway": null, "id": 602995036, "timestamp": 1734449797, "version": 5, "tags": { "visible": false }, "osm_type": "way" }, "geometry": { "type": "MultiLineString", "coordinates": [ [ [ 72.4984353, 23.0559871 ], [ 72.4980795, 23.0558056 ] ], [ [ 72.4980795, 23.0558056 ], [ 72.4977217, 23.055637 ] ] ] } },
{ "type": "Feature", "properties": { "construction": null, "disused": null, "light_rail": null, "monorail": null, "railway": "rail", "station": null, "subway": null, "id": 609570622, "timestamp": 1745849234, "version": 4, "tags": { "visible": false, "gauge": "1676", "service": "yard" }, "osm_type": "way" }, "geometry": { "type": "MultiLineString", "coordinates": [ [ [ 72.6070611, 23.0083277 ], [ 72.6069435, 23.0085659 ] ], [ [ 72.6069435, 23.0085659 ], [ 72.6068759, 23.0086788 ] ], [ [ 72.6068759, 23.0086788 ], [ 72.6068005, 23.0087874 ] ], [ [ 72.6068005, 23.0087874 ], [ 72.6067177, 23.0088914 ] ], [ [ 72.6067177, 23.0088914 ], [ 72.6066278, 23.0089902 ] ], [ [ 72.6066278, 23.0089902 ], [ 72.6065431, 23.0090725 ] ], [ [ 72.6065431, 23.0090725 ], [ 72.6064536, 23.0091502 ] ], [ [ 72.6064536, 23.0091502 ], [ 72.6063594, 23.0092232 ] ], [ [ 72.6063594, 23.0092232 ], [ 72.6045173, 23.0103159 ] ] ] } },
{ "type": "Feature", "properties": { "construction": null, "disused": null, "light_rail": null, "monorail": null, "railway": "rail", "station": null, "subway": null, "id": 609570623, "timestamp": 1745849234, "version": 4, "tags": { "visible": false, "gauge": "1676", "service": "yard" }, "osm_type": "way" }, "geometry": { "type": "MultiLineString", "coordinates": [ [ [ 72.6051879, 23.0101049 ], [ 72.6062393, 23.0094519 ] ], [ [ 72.6062393, 23.0094519 ], [ 72.6063354, 23.0093795 ] ], [ [ 72.6063354, 23.0093795 ], [ 72.6064268, 23.009302 ] ], [ [ 72.6064268, 23.009302 ], [ 72.606513, 23.0092197 ] ], [ [ 72.606513, 23.0092197 ], [ 72.6066035, 23.0091219 ] ], [ [ 72.6066035, 23.0091219 ], [ 72.6066867, 23.0090187 ] ], [ [ 72.6066867, 23.0090187 ], [ 72.6067624, 23.0089107 ] ], [ [ 72.6067624, 23.0089107 ], [ 72.6069435, 23.0085659 ] ] ] } },
{ "type": "Feature", "properties": { "construction": null, "disused": null, "light_rail": null, "monorail": null, "railway": "rail", "station": null, "subway": null, "id": 609570624, "timestamp": 1745849234, "version": 3, "tags": { "visible": false, "gauge": "1676", "service": "yard" }, "osm_type": "way" }, "geometry": { "type": "MultiLineString", "coordinates": [ [ [ 72.6070815, 23.0112306 ], [ 72.606972, 23.0115607 ] ], [ [ 72.606972, 23.0115607 ], [ 72.6067346, 23.0119733 ] ], [ [ 72.6067346, 23.0119733 ], [ 72.6041138, 23.0169373 ] ], [ [ 72.6041138, 23.0169373 ], [ 72.6040325, 23.0172302 ] ] ] } },
{ "type": "Feature", "properties": { "construction": null, "disused": null, "light_rail": null, "monorail": null, "railway": "rail", "station": null, "subway": null, "id": 609570625, "timestamp": 1745849234, "version": 4, "tags": { "visible": false, "gauge": "1676", "service": "yard" }, "osm_type": "way" }, "geometry": { "type": "MultiLineString", "coordinates": [ [ [ 72.6041138, 23.0169373 ], [ 72.6041575, 23.0167998 ] ], [ [ 72.6041575, 23.0167998 ], [ 72.6042827, 23.0165293 ] ], [ [ 72.6042827, 23.0165293 ], [ 72.6051105, 23.0149639 ] ], [ [ 72.6051105, 23.0149639 ], [ 72.6054454, 23.0140981 ] ], [ [ 72.6054454, 23.0140981 ], [ 72.6056693, 23.0136364 ] ], [ [ 72.6056693, 23.0136364 ], [ 72.606537, 23.0119466 ] ], [ [ 72.606537, 23.0119466 ], [ 72.6068069, 23.0114552 ] ], [ [ 72.6068069, 23.0114552 ], [ 72.6069369, 23.0111603 ] ], [ [ 72.6069369, 23.0111603 ], [ 72.6070536, 23.0108332 ] ], [ [ 72.6070536, 23.0108332 ], [ 72.6071293, 23.0105576 ] ], [ [ 72.6071293, 23.0105576 ], [ 72.6071892, 23.0103396 ] ] ] } },
{ "type": "Feature", "properties": { "construction": null, "disused": null, "light_rail": null, "monorail": null, "railway": "rail", "station": null, "subway": null, "id": 609570626, "timestamp": 1745849234, "version": 3, "tags": { "visible": false, "gauge": "1676", "service": "yard" }, "osm_type": "way" }, "geometry": { "type": "MultiLineString", "coordinates": [ [ [ 72.6069783, 23.0117073 ], [ 72.6069013, 23.0119826 ] ], [ [ 72.6069013, 23.0119826 ], [ 72.6067453, 23.0123463 ] ], [ [ 72.6067453, 23.0123463 ], [ 72.6041271, 23.0172952 ] ], [ [ 72.6041271, 23.0172952 ], [ 72.6040428, 23.0174764 ] ], [ [ 72.6040428, 23.0174764 ], [ 72.6038928, 23.0176914 ] ], [ [ 72.6038928, 23.0176914 ], [ 72.6034794, 23.018202 ] ] ] } },
{ "type": "Feature", "properties": { "construction": null, "disused": null, "light_rail": null, "monorail": null, "railway": "rail", "station": null, "subway": null, "id": 609570627, "timestamp": 1745849234, "version": 4, "tags": { "visible": false, "gauge": "1676", "service": "yard" }, "osm_type": "way" }, "geometry": { "type": "MultiLineString", "coordinates": [ [ [ 72.6078926, 23.0072436 ], [ 72.6077846, 23.00761 ] ], [ [ 72.6077846, 23.00761 ], [ 72.6077711, 23.0077777 ] ], [ [ 72.6077711, 23.0077777 ], [ 72.6077236, 23.0082532 ] ], [ [ 72.6077236, 23.0082532 ], [ 72.6073744, 23.0096116 ] ], [ [ 72.6073744, 23.0096116 ], [ 72.6071892, 23.0103396 ] ], [ [ 72.6071892, 23.0103396 ], [ 72.6071513, 23.0107591 ] ], [ [ 72.6071513, 23.0107591 ], [ 72.6070815, 23.0112306 ] ], [ [ 72.6070815, 23.0112306 ], [ 72.6070443, 23.0115182 ] ], [ [ 72.6070443, 23.0115182 ], [ 72.6070084, 23.0117318 ] ], [ [ 72.6070084, 23.0117318 ], [ 72.6069407, 23.0119771 ] ], [ [ 72.6069407, 23.0119771 ], [ 72.6067847, 23.0123721 ] ], [ [ 72.6067847, 23.0123721 ], [ 72.6041764, 23.0173406 ] ], [ [ 72.6041764, 23.0173406 ], [ 72.6039545, 23.0176687 ] ], [ [ 72.6039545, 23.0176687 ], [ 72.6037478, 23.017923 ] ], [ [ 72.6037478, 23.017923 ], [ 72.6034794, 23.018202 ] ], [ [ 72.6034794, 23.018202 ], [ 72.6031171, 23.0185668 ] ], [ [ 72.6031171, 23.0185668 ], [ 72.6029407, 23.0187973 ] ], [ [ 72.6029407, 23.0187973 ], [ 72.6028137, 23.0189928 ] ], [ [ 72.6028137, 23.0189928 ], [ 72.6027056, 23.0192136 ] ], [ [ 72.6027056, 23.0192136 ], [ 72.6025908, 23.0195182 ] ], [ [ 72.6025908, 23.0195182 ], [ 72.6025216, 23.0197565 ] ], [ [ 72.6025216, 23.0197565 ], [ 72.6022267, 23.0205664 ] ], [ [ 72.6022267, 23.0205664 ], [ 72.6021432, 23.0208536 ] ], [ [ 72.6021432, 23.0208536 ], [ 72.6020897, 23.021092 ] ] ] } },
{ "type": "Feature", "properties": { "construction": null, "disused": null, "light_rail": null, "monorail": null, "railway": "rail", "station": null, "subway": null, "id": 609570628, "timestamp": 1745849234, "version": 4, "tags": { "visible": false, "gauge": "1676", "service": "yard" }, "osm_type": "way" }, "geometry": { "type": "MultiLineString", "coordinates": [ [ [ 72.606972, 23.0115607 ], [ 72.6067937, 23.0119788 ] ], [ [ 72.6067937, 23.0119788 ], [ 72.6040325, 23.0172302 ] ], [ [ 72.6040325, 23.0172302 ], [ 72.6038402, 23.0176418 ] ] ] } },
{ "type": "Feature", "properties": { "construction": null, "disused": null, "light_rail": null, "monorail": null, "railway": "rail", "station": null, "subway": null, "id": 609570629, "timestamp": 1745849234, "version": 4, "tags": { "visible": false, "gauge": "1676", "service": "yard" }, "osm_type": "way" }, "geometry": { "type": "MultiLineString", "coordinates": [ [ [ 72.6070084, 23.0117318 ], [ 72.6069672, 23.0119928 ] ], [ [ 72.6069672, 23.0119928 ], [ 72.6068259, 23.0123918 ] ], [ [ 72.6068259, 23.0123918 ], [ 72.6042086, 23.0173519 ] ], [ [ 72.6042086, 23.0173519 ], [ 72.6040031, 23.0176616 ] ], [ [ 72.6040031, 23.0176616 ], [ 72.6036393, 23.0180975 ] ] ] } },
{ "type": "Feature", "properties": { "construction": null, "disused": null, "light_rail": null, "monorail": null, "railway": "rail", "station": null, "subway": null, "id": 609570631, "timestamp": 1745849234, "version": 4, "tags": { "visible": false, "gauge": "1676", "service": "yard" }, "osm_type": "way" }, "geometry": { "type": "MultiLineString", "coordinates": [ [ [ 72.6070443, 23.0115182 ], [ 72.6069783, 23.0117073 ] ], [ [ 72.6069783, 23.0117073 ], [ 72.6068354, 23.0120643 ] ], [ [ 72.6068354, 23.0120643 ], [ 72.6067065, 23.0123192 ] ], [ [ 72.6067065, 23.0123192 ], [ 72.604019, 23.0174182 ] ], [ [ 72.604019, 23.0174182 ], [ 72.6039332, 23.0175506 ] ], [ [ 72.6039332, 23.0175506 ], [ 72.6038402, 23.0176418 ] ], [ [ 72.6038402, 23.0176418 ], [ 72.6034315, 23.0181666 ] ], [ [ 72.6034315, 23.0181666 ], [ 72.6031171, 23.0185668 ] ] ] } },
{ "type": "Feature", "properties": { "construction": null, "disused": null, "light_rail": null, "monorail": null, "railway": "rail", "station": null, "subway": null, "id": 609570633, "timestamp": 1745849234, "version": 4, "tags": { "visible": false, "gauge": "1676", "service": "yard" }, "osm_type": "way" }, "geometry": { "type": "MultiLineString", "coordinates": [ [ [ 72.6073744, 23.0096116 ], [ 72.6072559, 23.0099567 ] ], [ [ 72.6072559, 23.0099567 ], [ 72.6070708, 23.0102567 ] ], [ [ 72.6070708, 23.0102567 ], [ 72.6063493, 23.0111381 ] ], [ [ 72.6063493, 23.0111381 ], [ 72.6061159, 23.0115207 ] ], [ [ 72.6061159, 23.0115207 ], [ 72.6057909, 23.0122289 ] ], [ [ 72.6057909, 23.0122289 ], [ 72.6056821, 23.012536 ] ], [ [ 72.6056821, 23.012536 ], [ 72.60555, 23.0130044 ] ], [ [ 72.60555, 23.0130044 ], [ 72.6049019, 23.0142487 ] ], [ [ 72.6049019, 23.0142487 ], [ 72.6046866, 23.0145633 ] ] ] } },
{ "type": "Feature", "properties": { "construction": null, "disused": null, "light_rail": null, "monorail": null, "railway": "rail", "station": null, "subway": null, "id": 609570635, "timestamp": 1745849234, "version": 3, "tags": { "visible": false, "gauge": "1676", "service": "yard" }, "osm_type": "way" }, "geometry": { "type": "MultiLineString", "coordinates": [ [ [ 72.6056821, 23.012536 ], [ 72.6048644, 23.0142373 ] ], [ [ 72.6048644, 23.0142373 ], [ 72.60478, 23.0143617 ] ] ] } },
{ "type": "Feature", "properties": { "construction": null, "disused": null, "light_rail": null, "monorail": null, "railway": "rail", "station": null, "subway": null, "id": 609570637, "timestamp": 1745849234, "version": 4, "tags": { "visible": false, "gauge": "1676", "service": "yard" }, "osm_type": "way" }, "geometry": { "type": "MultiLineString", "coordinates": [ [ [ 72.6026645, 23.0196461 ], [ 72.602872, 23.0193534 ] ], [ [ 72.602872, 23.0193534 ], [ 72.6032172, 23.0189489 ] ], [ [ 72.6032172, 23.0189489 ], [ 72.6035211, 23.018655 ] ], [ [ 72.6035211, 23.018655 ], [ 72.6039554, 23.0180807 ] ], [ [ 72.6039554, 23.0180807 ], [ 72.6042627, 23.0176303 ] ], [ [ 72.6042627, 23.0176303 ], [ 72.6043774, 23.0174243 ] ], [ [ 72.6043774, 23.0174243 ], [ 72.6071458, 23.012188 ] ] ] } },
{ "type": "Feature", "properties": { "construction": null, "disused": null, "light_rail": null, "monorail": null, "railway": "rail", "station": null, "subway": null, "id": 609570641, "timestamp": 1745849234, "version": 9, "tags": { "visible": false, "gauge": "1676", "service": "yard" }, "osm_type": "way" }, "geometry": { "type": "MultiLineString", "coordinates": [ [ [ 72.5720128, 23.0861659 ], [ 72.5726729, 23.0862449 ] ], [ [ 72.5726729, 23.0862449 ], [ 72.5729317, 23.0862635 ] ], [ [ 72.5729317, 23.0862635 ], [ 72.5731163, 23.0862665 ] ], [ [ 72.5731163, 23.0862665 ], [ 72.5733574, 23.0862543 ] ], [ [ 72.5733574, 23.0862543 ], [ 72.5742694, 23.0861867 ] ], [ [ 72.5742694, 23.0861867 ], [ 72.5746859, 23.0861417 ] ], [ [ 72.5746859, 23.0861417 ], [ 72.5752015, 23.0860671 ] ], [ [ 72.5752015, 23.0860671 ], [ 72.5756827, 23.0859839 ] ], [ [ 72.5756827, 23.0859839 ], [ 72.5775267, 23.0856176 ] ], [ [ 72.5775267, 23.0856176 ], [ 72.5777642, 23.085593 ] ], [ [ 72.5777642, 23.085593 ], [ 72.5779957, 23.0855908 ] ], [ [ 72.5779957, 23.0855908 ], [ 72.5782585, 23.0856142 ] ], [ [ 72.5782585, 23.0856142 ], [ 72.5784664, 23.0856562 ] ], [ [ 72.5784664, 23.0856562 ], [ 72.5785218, 23.0856727 ] ], [ [ 72.5785218, 23.0856727 ], [ 72.5787097, 23.0857286 ] ], [ [ 72.5787097, 23.0857286 ], [ 72.5791717, 23.0858736 ] ], [ [ 72.5791717, 23.0858736 ], [ 72.5792846, 23.085906 ] ], [ [ 72.5792846, 23.085906 ], [ 72.5793996, 23.0859313 ] ], [ [ 72.5793996, 23.0859313 ], [ 72.5795162, 23.0859494 ] ], [ [ 72.5795162, 23.0859494 ], [ 72.5796338, 23.0859602 ] ], [ [ 72.5796338, 23.0859602 ], [ 72.579752, 23.0859637 ] ], [ [ 72.579752, 23.0859637 ], [ 72.5798702, 23.0859599 ] ], [ [ 72.5798702, 23.0859599 ], [ 72.5799984, 23.0859474 ] ], [ [ 72.5799984, 23.0859474 ], [ 72.5801252, 23.0859263 ] ], [ [ 72.5801252, 23.0859263 ], [ 72.58025, 23.0858966 ] ], [ [ 72.58025, 23.0858966 ], [ 72.5803721, 23.0858586 ] ], [ [ 72.5803721, 23.0858586 ], [ 72.5804862, 23.0858144 ] ], [ [ 72.5804862, 23.0858144 ], [ 72.5805967, 23.0857629 ] ], [ [ 72.5805967, 23.0857629 ], [ 72.5807029, 23.0857043 ] ], [ [ 72.5807029, 23.0857043 ], [ 72.5808044, 23.085639 ] ], [ [ 72.5808044, 23.085639 ], [ 72.5809006, 23.0855673 ] ], [ [ 72.5809006, 23.0855673 ], [ 72.5809911, 23.0854895 ] ], [ [ 72.5809911, 23.0854895 ], [ 72.5811365, 23.0853502 ] ], [ [ 72.5811365, 23.0853502 ], [ 72.5812706, 23.085175 ] ], [ [ 72.5812706, 23.085175 ], [ 72.5813672, 23.0850541 ] ], [ [ 72.5813672, 23.0850541 ], [ 72.5815898, 23.0847457 ] ], [ [ 72.5815898, 23.0847457 ], [ 72.5817052, 23.0846075 ] ], [ [ 72.5817052, 23.0846075 ], [ 72.5819118, 23.0843873 ] ], [ [ 72.5819118, 23.0843873 ], [ 72.5819606, 23.0843254 ] ], [ [ 72.5819606, 23.0843254 ], [ 72.5820928, 23.0841609 ] ], [ [ 72.5820928, 23.0841609 ], [ 72.5822819, 23.0838935 ] ], [ [ 72.5822819, 23.0838935 ], [ 72.5835889, 23.0820016 ] ], [ [ 72.5835889, 23.0820016 ], [ 72.5842278, 23.081088 ] ], [ [ 72.5842278, 23.081088 ], [ 72.5845055, 23.0806909 ] ], [ [ 72.5845055, 23.0806909 ], [ 72.58494, 23.0800401 ] ], [ [ 72.58494, 23.0800401 ], [ 72.5851909, 23.0796598 ] ], [ [ 72.5851909, 23.0796598 ], [ 72.5853902, 23.0793144 ] ], [ [ 72.5853902, 23.0793144 ], [ 72.5856947, 23.0787785 ] ], [ [ 72.5856947, 23.0787785 ], [ 72.5858877, 23.0784241 ] ], [ [ 72.5858877, 23.0784241 ], [ 72.5860693, 23.0780555 ] ], [ [ 72.5860693, 23.0780555 ], [ 72.5862261, 23.0776786 ] ], [ [ 72.5862261, 23.0776786 ], [ 72.5863609, 23.0772036 ] ], [ [ 72.5863609, 23.0772036 ], [ 72.5868572, 23.0739436 ] ] ] } },
{ "type": "Feature", "properties": { "construction": null, "disused": null, "light_rail": null, "monorail": null, "railway": "rail", "station": null, "subway": null, "id": 609570643, "timestamp": 1745849234, "version": 6, "tags": { "visible": false, "gauge": "1676", "service": "yard" }, "osm_type": "way" }, "geometry": { "type": "MultiLineString", "coordinates": [ [ [ 72.588053, 23.0707289 ], [ 72.5878626, 23.0713422 ] ], [ [ 72.5878626, 23.0713422 ], [ 72.58774, 23.0715946 ] ], [ [ 72.58774, 23.0715946 ], [ 72.5875804, 23.0718618 ] ], [ [ 72.5875804, 23.0718618 ], [ 72.5875181, 23.0720046 ] ], [ [ 72.5875181, 23.0720046 ], [ 72.5874238, 23.0722709 ] ], [ [ 72.5874238, 23.0722709 ], [ 72.5873052, 23.0726991 ] ], [ [ 72.5873052, 23.0726991 ], [ 72.5872034, 23.0729614 ] ], [ [ 72.5872034, 23.0729614 ], [ 72.5871592, 23.0730903 ] ], [ [ 72.5871592, 23.0730903 ], [ 72.5870099, 23.0734962 ] ], [ [ 72.5870099, 23.0734962 ], [ 72.5869293, 23.073764 ] ], [ [ 72.5869293, 23.073764 ], [ 72.5864013, 23.0772027 ] ], [ [ 72.5864013, 23.0772027 ], [ 72.5862552, 23.0777209 ] ], [ [ 72.5862552, 23.0777209 ], [ 72.5861065, 23.0780815 ] ], [ [ 72.5861065, 23.0780815 ], [ 72.5859226, 23.0784586 ] ], [ [ 72.5859226, 23.0784586 ], [ 72.5857379, 23.0787882 ] ], [ [ 72.5857379, 23.0787882 ], [ 72.5854441, 23.0793394 ] ], [ [ 72.5854441, 23.0793394 ], [ 72.5852578, 23.0796536 ] ], [ [ 72.5852578, 23.0796536 ], [ 72.5847583, 23.0804064 ] ], [ [ 72.5847583, 23.0804064 ], [ 72.5845055, 23.0806909 ] ] ] } },
{ "type": "Feature", "properties": { "construction": null, "disused": null, "light_rail": null, "monorail": null, "railway": "rail", "station": null, "subway": null, "id": 609570646, "timestamp": 1745849234, "version": 4, "tags": { "visible": false, "gauge": "1676", "service": "yard" }, "osm_type": "way" }, "geometry": { "type": "MultiLineString", "coordinates": [ [ [ 72.584678, 23.0806634 ], [ 72.5852296, 23.0799736 ] ], [ [ 72.5852296, 23.0799736 ], [ 72.5854012, 23.0797663 ] ], [ [ 72.5854012, 23.0797663 ], [ 72.5855434, 23.0795418 ] ], [ [ 72.5855434, 23.0795418 ], [ 72.5856748, 23.0792901 ] ], [ [ 72.5856748, 23.0792901 ], [ 72.5862048, 23.0781023 ] ], [ [ 72.5862048, 23.0781023 ], [ 72.5862953, 23.0778704 ] ], [ [ 72.5862953, 23.0778704 ], [ 72.5863724, 23.0776587 ] ], [ [ 72.5863724, 23.0776587 ], [ 72.5864515, 23.0773946 ] ], [ [ 72.5864515, 23.0773946 ], [ 72.5865204, 23.0770373 ] ], [ [ 72.5865204, 23.0770373 ], [ 72.5870059, 23.073931 ] ], [ [ 72.5870059, 23.073931 ], [ 72.5871094, 23.0733404 ] ], [ [ 72.5871094, 23.0733404 ], [ 72.5871592, 23.0730903 ] ] ] } },
{ "type": "Feature", "properties": { "construction": null, "disused": null, "light_rail": null, "monorail": null, "railway": "rail", "station": null, "subway": null, "id": 609570652, "timestamp": 1745849234, "version": 7, "tags": { "visible": false, "gauge": "1676", "service": "siding" }, "osm_type": "way" }, "geometry": { "type": "MultiLineString", "coordinates": [ [ [ 72.5888237, 23.0724758 ], [ 72.5889364, 23.0731692 ] ], [ [ 72.5889364, 23.0731692 ], [ 72.5889713, 23.0735344 ] ], [ [ 72.5889713, 23.0735344 ], [ 72.58899, 23.0739305 ] ], [ [ 72.58899, 23.0739305 ], [ 72.5889981, 23.0743105 ] ], [ [ 72.5889981, 23.0743105 ], [ 72.5889766, 23.0746646 ] ], [ [ 72.5889766, 23.0746646 ], [ 72.5889418, 23.0749743 ] ], [ [ 72.5889418, 23.0749743 ], [ 72.5888868, 23.0753136 ] ], [ [ 72.5888868, 23.0753136 ], [ 72.5888076, 23.0755813 ] ], [ [ 72.5888076, 23.0755813 ], [ 72.5886534, 23.0759712 ] ], [ [ 72.5886534, 23.0759712 ], [ 72.5878977, 23.0775605 ] ], [ [ 72.5878977, 23.0775605 ], [ 72.5871913, 23.079046 ] ], [ [ 72.5871913, 23.079046 ], [ 72.5870367, 23.0793235 ] ], [ [ 72.5870367, 23.0793235 ], [ 72.5867229, 23.0798015 ] ], [ [ 72.5867229, 23.0798015 ], [ 72.5864687, 23.0801191 ] ], [ [ 72.5864687, 23.0801191 ], [ 72.5857745, 23.0810037 ] ], [ [ 72.5857745, 23.0810037 ], [ 72.5854502, 23.0814277 ] ], [ [ 72.5854502, 23.0814277 ], [ 72.5852255, 23.0817767 ] ], [ [ 72.5852255, 23.0817767 ], [ 72.5850453, 23.0821649 ] ], [ [ 72.5850453, 23.0821649 ], [ 72.5846167, 23.0828149 ] ] ] } },
{ "type": "Feature", "properties": { "construction": null, "disused": null, "light_rail": null, "monorail": null, "railway": "rail", "station": null, "subway": null, "id": 609570660, "timestamp": 1745849234, "version": 4, "tags": { "visible": false, "gauge": "1676", "service": "yard" }, "osm_type": "way" }, "geometry": { "type": "MultiLineString", "coordinates": [ [ [ 72.587147, 23.0735041 ], [ 72.5870865, 23.0737519 ] ], [ [ 72.5870865, 23.0737519 ], [ 72.5865659, 23.0770377 ] ], [ [ 72.5865659, 23.0770377 ], [ 72.5864851, 23.0773996 ] ], [ [ 72.5864851, 23.0773996 ], [ 72.5864113, 23.0776611 ] ], [ [ 72.5864113, 23.0776611 ], [ 72.5863349, 23.0778857 ] ], [ [ 72.5863349, 23.0778857 ], [ 72.586246, 23.0781071 ] ], [ [ 72.586246, 23.0781071 ], [ 72.5857184, 23.079295 ] ], [ [ 72.5857184, 23.079295 ], [ 72.5855863, 23.0795529 ] ], [ [ 72.5855863, 23.0795529 ], [ 72.5854374, 23.0797972 ] ], [ [ 72.5854374, 23.0797972 ], [ 72.5852866, 23.0799938 ] ], [ [ 72.5852866, 23.0799938 ], [ 72.5849914, 23.0803728 ] ], [ [ 72.5849914, 23.0803728 ], [ 72.584678, 23.0806634 ] ], [ [ 72.584678, 23.0806634 ], [ 72.5842278, 23.081088 ] ] ] } },
{ "type": "Feature", "properties": { "construction": null, "disused": null, "light_rail": null, "monorail": null, "railway": "rail", "station": null, "subway": null, "id": 609570662, "timestamp": 1745849234, "version": 4, "tags": { "visible": false, "gauge": "1676", "service": "siding" }, "osm_type": "way" }, "geometry": { "type": "MultiLineString", "coordinates": [ [ [ 72.5852953, 23.0821663 ], [ 72.5856842, 23.0816971 ] ], [ [ 72.5856842, 23.0816971 ], [ 72.5867397, 23.0805275 ] ], [ [ 72.5867397, 23.0805275 ], [ 72.5871138, 23.0801253 ] ], [ [ 72.5871138, 23.0801253 ], [ 72.5873861, 23.079791 ] ], [ [ 72.5873861, 23.079791 ], [ 72.5875966, 23.0794961 ] ], [ [ 72.5875966, 23.0794961 ], [ 72.5878369, 23.0790849 ] ], [ [ 72.5878369, 23.0790849 ], [ 72.5887889, 23.0771038 ] ], [ [ 72.5887889, 23.0771038 ], [ 72.5890732, 23.0764635 ] ], [ [ 72.5890732, 23.0764635 ], [ 72.5891805, 23.0762303 ] ], [ [ 72.5891805, 23.0762303 ], [ 72.589277, 23.0759675 ] ], [ [ 72.589277, 23.0759675 ], [ 72.5893776, 23.0756134 ] ], [ [ 72.5893776, 23.0756134 ], [ 72.589446, 23.0752889 ] ], [ [ 72.589446, 23.0752889 ], [ 72.5894782, 23.0750261 ] ], [ [ 72.5894782, 23.0750261 ], [ 72.5894782, 23.0746128 ] ], [ [ 72.5894782, 23.0746128 ], [ 72.5894822, 23.0740909 ] ], [ [ 72.5894822, 23.0740909 ], [ 72.5894487, 23.0736973 ] ], [ [ 72.5894487, 23.0736973 ], [ 72.5894125, 23.0734435 ] ], [ [ 72.5894125, 23.0734435 ], [ 72.5893585, 23.0732454 ] ], [ [ 72.5893585, 23.0732454 ], [ 72.5892154, 23.0728734 ] ], [ [ 72.5892154, 23.0728734 ], [ 72.5890505, 23.0724863 ] ] ] } },
{ "type": "Feature", "properties": { "construction": null, "disused": null, "light_rail": null, "monorail": null, "railway": "rail", "station": null, "subway": null, "id": 609570664, "timestamp": 1745849234, "version": 7, "tags": { "visible": false, "gauge": "1676", "service": "yard" }, "osm_type": "way" }, "geometry": { "type": "MultiLineString", "coordinates": [ [ [ 72.5878626, 23.0713422 ], [ 72.5877269, 23.0717288 ] ], [ [ 72.5877269, 23.0717288 ], [ 72.5876677, 23.0720822 ] ], [ [ 72.5876677, 23.0720822 ], [ 72.587659, 23.0724035 ] ], [ [ 72.587659, 23.0724035 ], [ 72.5876715, 23.072667 ] ], [ [ 72.5876715, 23.072667 ], [ 72.5876809, 23.072865 ] ], [ [ 72.5876809, 23.072865 ], [ 72.5876597, 23.0732333 ] ], [ [ 72.5876597, 23.0732333 ], [ 72.5876469, 23.0734005 ] ], [ [ 72.5876469, 23.0734005 ], [ 72.5873018, 23.0755775 ] ], [ [ 72.5873018, 23.0755775 ], [ 72.5872573, 23.075899 ] ], [ [ 72.5872573, 23.075899 ], [ 72.5872263, 23.0761017 ] ], [ [ 72.5872263, 23.0761017 ], [ 72.5871663, 23.0763155 ] ], [ [ 72.5871663, 23.0763155 ], [ 72.5870519, 23.0766303 ] ], [ [ 72.5870519, 23.0766303 ], [ 72.5868778, 23.0770939 ] ] ] } },
{ "type": "Feature", "properties": { "construction": null, "disused": null, "light_rail": null, "monorail": null, "railway": "rail", "station": null, "subway": null, "id": 609570666, "timestamp": 1588890569, "version": 3, "tags": { "visible": false, "gauge": "1676", "service": "yard" }, "osm_type": "way" }, "geometry": { "type": "MultiLineString", "coordinates": [ [ [ 72.5857296, 23.0796368 ], [ 72.5859269, 23.0792275 ] ], [ [ 72.5859269, 23.0792275 ], [ 72.5863859, 23.0781358 ] ], [ [ 72.5863859, 23.0781358 ], [ 72.586469, 23.0779153 ] ], [ [ 72.586469, 23.0779153 ], [ 72.5865573, 23.0776812 ] ], [ [ 72.5865573, 23.0776812 ], [ 72.586627, 23.0774073 ] ], [ [ 72.586627, 23.0774073 ], [ 72.5867102, 23.0770372 ] ], [ [ 72.5867102, 23.0770372 ], [ 72.5873968, 23.0726424 ] ], [ [ 72.5873968, 23.0726424 ], [ 72.5874853, 23.0722796 ] ], [ [ 72.5874853, 23.0722796 ], [ 72.5875926, 23.0719465 ] ], [ [ 72.5875926, 23.0719465 ], [ 72.58774, 23.0715946 ] ] ] } },
{ "type": "Feature", "properties": { "construction": null, "disused": null, "light_rail": null, "monorail": null, "railway": "rail", "station": null, "subway": null, "id": 609570668, "timestamp": 1745849234, "version": 4, "tags": { "visible": false, "gauge": "1676", "service": "yard" }, "osm_type": "way" }, "geometry": { "type": "MultiLineString", "coordinates": [ [ [ 72.587659, 23.0724035 ], [ 72.587188, 23.0754444 ] ], [ [ 72.587188, 23.0754444 ], [ 72.5870035, 23.0766081 ] ] ] } },
{ "type": "Feature", "properties": { "construction": null, "disused": null, "light_rail": null, "monorail": null, "railway": "rail", "station": null, "subway": null, "id": 609570670, "timestamp": 1745849234, "version": 4, "tags": { "visible": false, "gauge": "1676", "service": "yard" }, "osm_type": "way" }, "geometry": { "type": "MultiLineString", "coordinates": [ [ [ 72.5852635, 23.0800987 ], [ 72.5854924, 23.0798132 ] ], [ [ 72.5854924, 23.0798132 ], [ 72.5856453, 23.0795738 ] ], [ [ 72.5856453, 23.0795738 ], [ 72.5857755, 23.0793163 ] ], [ [ 72.5857755, 23.0793163 ], [ 72.5862867, 23.0781225 ] ], [ [ 72.5862867, 23.0781225 ], [ 72.5863858, 23.0778881 ] ], [ [ 72.5863858, 23.0778881 ], [ 72.5864564, 23.0776719 ] ], [ [ 72.5864564, 23.0776719 ], [ 72.5865373, 23.0774019 ] ], [ [ 72.5865373, 23.0774019 ], [ 72.5866145, 23.0770362 ] ], [ [ 72.5866145, 23.0770362 ], [ 72.587136, 23.0738011 ] ], [ [ 72.587136, 23.0738011 ], [ 72.587147, 23.0735041 ] ], [ [ 72.587147, 23.0735041 ], [ 72.5871801, 23.0732469 ] ], [ [ 72.5871801, 23.0732469 ], [ 72.5872034, 23.0729614 ] ] ] } },
{ "type": "Feature", "properties": { "construction": null, "disused": null, "light_rail": null, "monorail": null, "railway": "rail", "station": null, "subway": null, "id": 609570674, "timestamp": 1745849234, "version": 4, "tags": { "visible": false, "gauge": "1676", "service": "yard" }, "osm_type": "way" }, "geometry": { "type": "MultiLineString", "coordinates": [ [ [ 72.5868518, 23.0770422 ], [ 72.5869347, 23.0768108 ] ], [ [ 72.5869347, 23.0768108 ], [ 72.5875985, 23.0724752 ] ], [ [ 72.5875985, 23.0724752 ], [ 72.5876677, 23.0720822 ] ] ] } },
{ "type": "Feature", "properties": { "construction": null, "disused": null, "light_rail": null, "monorail": null, "railway": "rail", "station": null, "subway": null, "id": 609570679, "timestamp": 1588890569, "version": 3, "tags": { "visible": false, "gauge": "1676", "service": "yard" }, "osm_type": "way" }, "geometry": { "type": "MultiLineString", "coordinates": [ [ [ 72.5853422, 23.0801118 ], [ 72.584779, 23.0808718 ] ], [ [ 72.584779, 23.0808718 ], [ 72.5838831, 23.0820638 ] ], [ [ 72.5838831, 23.0820638 ], [ 72.5837383, 23.0822363 ] ], [ [ 72.5837383, 23.0822363 ], [ 72.5834566, 23.0825102 ] ], [ [ 72.5834566, 23.0825102 ], [ 72.5831535, 23.0828285 ] ], [ [ 72.5831535, 23.0828285 ], [ 72.5828746, 23.0832159 ] ], [ [ 72.5828746, 23.0832159 ], [ 72.5827593, 23.0833688 ] ], [ [ 72.5827593, 23.0833688 ], [ 72.5824825, 23.0836724 ] ], [ [ 72.5824825, 23.0836724 ], [ 72.5822819, 23.0838935 ] ] ] } },
{ "type": "Feature", "properties": { "construction": null, "disused": null, "light_rail": null, "monorail": null, "railway": "rail", "station": null, "subway": null, "id": 628489928, "timestamp": 1588890569, "version": 2, "tags": { "visible": false, "gauge": "1676", "service": "yard" }, "osm_type": "way" }, "geometry": { "type": "MultiLineString", "coordinates": [ [ [ 72.5850837, 23.0803667 ], [ 72.583772, 23.0820907 ] ], [ [ 72.583772, 23.0820907 ], [ 72.5834566, 23.0825102 ] ] ] } },
{ "type": "Feature", "properties": { "construction": null, "disused": null, "light_rail": null, "monorail": null, "railway": "rail", "station": null, "subway": null, "id": 628489930, "timestamp": 1745849234, "version": 3, "tags": { "visible": false, "gauge": "1676", "service": "yard" }, "osm_type": "way" }, "geometry": { "type": "MultiLineString", "coordinates": [ [ [ 72.5866221, 23.0777444 ], [ 72.5867255, 23.0773283 ] ], [ [ 72.5867255, 23.0773283 ], [ 72.5868013, 23.0770446 ] ], [ [ 72.5868013, 23.0770446 ], [ 72.586851, 23.0767786 ] ], [ [ 72.586851, 23.0767786 ], [ 72.5875143, 23.0723991 ] ] ] } },
{ "type": "Feature", "properties": { "construction": null, "disused": null, "light_rail": null, "monorail": null, "railway": "rail", "station": null, "subway": null, "id": 628489932, "timestamp": 1745849234, "version": 6, "tags": { "visible": false, "gauge": "1676", "service": "yard" }, "osm_type": "way" }, "geometry": { "type": "MultiLineString", "coordinates": [ [ [ 72.5831535, 23.0828285 ], [ 72.5833597, 23.0825395 ] ], [ [ 72.5833597, 23.0825395 ], [ 72.58376, 23.0820114 ] ], [ [ 72.58376, 23.0820114 ], [ 72.5847634, 23.0806838 ] ], [ [ 72.5847634, 23.0806838 ], [ 72.584846, 23.0805905 ] ], [ [ 72.584846, 23.0805905 ], [ 72.5850837, 23.0803667 ] ], [ [ 72.5850837, 23.0803667 ], [ 72.5853422, 23.0801118 ] ], [ [ 72.5853422, 23.0801118 ], [ 72.585538, 23.0799279 ] ], [ [ 72.585538, 23.0799279 ], [ 72.585699, 23.0797799 ] ], [ [ 72.585699, 23.0797799 ], [ 72.5858223, 23.0796368 ] ], [ [ 72.5858223, 23.0796368 ], [ 72.5859095, 23.0795233 ] ], [ [ 72.5859095, 23.0795233 ], [ 72.5859841, 23.0794093 ] ], [ [ 72.5859841, 23.0794093 ], [ 72.5860517, 23.0793061 ] ], [ [ 72.5860517, 23.0793061 ], [ 72.5861606, 23.0790655 ] ], [ [ 72.5861606, 23.0790655 ], [ 72.5865113, 23.0780654 ] ] ] } },
{ "type": "Feature", "properties": { "construction": null, "disused": null, "light_rail": null, "monorail": null, "railway": "rail", "station": null, "subway": null, "id": 628489933, "timestamp": 1745849234, "version": 3, "tags": { "visible": false, "gauge": "1676", "service": "yard" }, "osm_type": "way" }, "geometry": { "type": "MultiLineString", "coordinates": [ [ [ 72.587654, 23.0719493 ], [ 72.5876006, 23.0722007 ] ], [ [ 72.5876006, 23.0722007 ], [ 72.5875578, 23.0724489 ] ], [ [ 72.5875578, 23.0724489 ], [ 72.5868939, 23.0767876 ] ], [ [ 72.5868939, 23.0767876 ], [ 72.5868518, 23.0770422 ] ], [ [ 72.5868518, 23.0770422 ], [ 72.5867255, 23.0773283 ] ] ] } },
{ "type": "Feature", "properties": { "construction": null, "disused": null, "light_rail": null, "monorail": null, "railway": "rail", "station": null, "subway": null, "id": 628489934, "timestamp": 1745849234, "version": 3, "tags": { "visible": false, "gauge": "1676", "service": "yard" }, "osm_type": "way" }, "geometry": { "type": "MultiLineString", "coordinates": [ [ [ 72.5873052, 23.0726991 ], [ 72.5872305, 23.073395 ] ], [ [ 72.5872305, 23.073395 ], [ 72.5866631, 23.0770421 ] ], [ [ 72.5866631, 23.0770421 ], [ 72.5865986, 23.0773771 ] ], [ [ 72.5865986, 23.0773771 ], [ 72.5865123, 23.0776912 ] ], [ [ 72.5865123, 23.0776912 ], [ 72.5864298, 23.0779145 ] ], [ [ 72.5864298, 23.0779145 ], [ 72.5857878, 23.0794142 ] ], [ [ 72.5857878, 23.0794142 ], [ 72.585656, 23.0796655 ] ], [ [ 72.585656, 23.0796655 ], [ 72.5854949, 23.0799027 ] ] ] } },
{ "type": "Feature", "properties": { "construction": null, "disused": null, "light_rail": null, "monorail": null, "railway": "rail", "station": null, "subway": null, "id": 628489935, "timestamp": 1588890569, "version": 2, "tags": { "visible": false, "gauge": "1676", "service": "yard" }, "osm_type": "way" }, "geometry": { "type": "MultiLineString", "coordinates": [ [ [ 72.5877269, 23.0717288 ], [ 72.587654, 23.0719493 ] ], [ [ 72.587654, 23.0719493 ], [ 72.5875497, 23.0722488 ] ], [ [ 72.5875497, 23.0722488 ], [ 72.5875143, 23.0723991 ] ] ] } },
{ "type": "Feature", "properties": { "construction": null, "disused": null, "light_rail": null, "monorail": null, "railway": "rail", "station": null, "subway": null, "id": 628489936, "timestamp": 1745849234, "version": 3, "tags": { "visible": false, "gauge": "1676", "service": "yard" }, "osm_type": "way" }, "geometry": { "type": "MultiLineString", "coordinates": [ [ [ 72.5869347, 23.0768108 ], [ 72.5870035, 23.0766081 ] ], [ [ 72.5870035, 23.0766081 ], [ 72.5870982, 23.0763291 ] ], [ [ 72.5870982, 23.0763291 ], [ 72.587161, 23.0761723 ] ], [ [ 72.587161, 23.0761723 ], [ 72.5872855, 23.0754345 ] ], [ [ 72.5872855, 23.0754345 ], [ 72.5876809, 23.072865 ] ] ] } },
{ "type": "Feature", "properties": { "construction": null, "disused": null, "light_rail": null, "monorail": null, "railway": "rail", "station": null, "subway": null, "id": 628489938, "timestamp": 1745849234, "version": 5, "tags": { "visible": false, "gauge": "1676", "service": "yard" }, "osm_type": "way" }, "geometry": { "type": "MultiLineString", "coordinates": [ [ [ 72.5849914, 23.0803728 ], [ 72.5852635, 23.0800987 ] ], [ [ 72.5852635, 23.0800987 ], [ 72.5854949, 23.0799027 ] ], [ [ 72.5854949, 23.0799027 ], [ 72.5855944, 23.0798033 ] ], [ [ 72.5855944, 23.0798033 ], [ 72.5857296, 23.0796368 ] ], [ [ 72.5857296, 23.0796368 ], [ 72.58591, 23.0793776 ] ], [ [ 72.58591, 23.0793776 ], [ 72.5859492, 23.0793214 ] ], [ [ 72.5859492, 23.0793214 ], [ 72.586066, 23.0790803 ] ], [ [ 72.586066, 23.0790803 ], [ 72.5865113, 23.0780654 ] ], [ [ 72.5865113, 23.0780654 ], [ 72.5866221, 23.0777444 ] ], [ [ 72.5866221, 23.0777444 ], [ 72.5867558, 23.0773493 ] ], [ [ 72.5867558, 23.0773493 ], [ 72.5868778, 23.0770939 ] ], [ [ 72.5868778, 23.0770939 ], [ 72.587056, 23.0767146 ] ], [ [ 72.587056, 23.0767146 ], [ 72.5871728, 23.0763987 ] ], [ [ 72.5871728, 23.0763987 ], [ 72.5872577, 23.0761012 ] ], [ [ 72.5872577, 23.0761012 ], [ 72.5873388, 23.0755868 ] ], [ [ 72.5873388, 23.0755868 ], [ 72.5875405, 23.0743517 ] ], [ [ 72.5875405, 23.0743517 ], [ 72.5877114, 23.0733089 ] ], [ [ 72.5877114, 23.0733089 ], [ 72.5879185, 23.0718478 ] ], [ [ 72.5879185, 23.0718478 ], [ 72.5879332, 23.0715233 ] ], [ [ 72.5879332, 23.0715233 ], [ 72.5879694, 23.0712227 ] ], [ [ 72.5879694, 23.0712227 ], [ 72.5880105, 23.0710316 ] ], [ [ 72.5880105, 23.0710316 ], [ 72.588053, 23.0707289 ] ], [ [ 72.588053, 23.0707289 ], [ 72.5880842, 23.0705062 ] ], [ [ 72.5880842, 23.0705062 ], [ 72.5881772, 23.0699183 ] ], [ [ 72.5881772, 23.0699183 ], [ 72.5883973, 23.0685904 ] ], [ [ 72.5883973, 23.0685904 ], [ 72.588467, 23.0681931 ] ], [ [ 72.588467, 23.0681931 ], [ 72.5885609, 23.0676009 ] ], [ [ 72.5885609, 23.0676009 ], [ 72.5886145, 23.0673294 ] ], [ [ 72.5886145, 23.0673294 ], [ 72.5886923, 23.0668359 ] ] ] } },
{ "type": "Feature", "properties": { "construction": null, "disused": null, "light_rail": null, "monorail": null, "railway": "rail", "station": null, "subway": null, "id": 628489939, "timestamp": 1745849234, "version": 4, "tags": { "visible": false, "gauge": "1676", "service": "yard" }, "osm_type": "way" }, "geometry": { "type": "MultiLineString", "coordinates": [ [ [ 72.6057909, 23.0122289 ], [ 72.6055353, 23.0127321 ] ], [ [ 72.6055353, 23.0127321 ], [ 72.60478, 23.0143617 ] ], [ [ 72.60478, 23.0143617 ], [ 72.6046866, 23.0145633 ] ], [ [ 72.6046866, 23.0145633 ], [ 72.6040387, 23.016007 ] ], [ [ 72.6040387, 23.016007 ], [ 72.603871, 23.0163805 ] ], [ [ 72.603871, 23.0163805 ], [ 72.6036586, 23.0167376 ] ] ] } },
{ "type": "Feature", "properties": { "construction": null, "disused": null, "light_rail": null, "monorail": null, "railway": "rail", "station": null, "subway": null, "id": 628489941, "timestamp": 1609609098, "version": 4, "tags": { "visible": false, "gauge": "1676", "service": "yard" }, "osm_type": "way" }, "geometry": { "type": "MultiLineString", "coordinates": [ [ [ 72.585962, 23.0770097 ], [ 72.5861254, 23.0765239 ] ], [ [ 72.5861254, 23.0765239 ], [ 72.5863427, 23.0757454 ] ], [ [ 72.5863427, 23.0757454 ], [ 72.5866579, 23.0744919 ] ], [ [ 72.5866579, 23.0744919 ], [ 72.5867304, 23.074261 ] ], [ [ 72.5867304, 23.074261 ], [ 72.5868572, 23.0739436 ] ], [ [ 72.5868572, 23.0739436 ], [ 72.5869293, 23.073764 ] ] ] } },
{ "type": "Feature", "properties": { "construction": null, "disused": null, "light_rail": null, "monorail": null, "railway": "rail", "station": null, "subway": null, "id": 628489942, "timestamp": 1609612848, "version": 4, "tags": { "visible": false, "gauge": "1676", "service": "yard" }, "osm_type": "way" }, "geometry": { "type": "MultiLineString", "coordinates": [ [ [ 72.581815, 23.0842602 ], [ 72.5819232, 23.0841421 ] ], [ [ 72.5819232, 23.0841421 ], [ 72.5822201, 23.0837982 ] ], [ [ 72.5822201, 23.0837982 ], [ 72.5824106, 23.0836033 ] ], [ [ 72.5824106, 23.0836033 ], [ 72.5825259, 23.0834651 ] ], [ [ 72.5825259, 23.0834651 ], [ 72.5835599, 23.0819686 ] ], [ [ 72.5835599, 23.0819686 ], [ 72.5844853, 23.0806312 ] ], [ [ 72.5844853, 23.0806312 ], [ 72.5848795, 23.0800365 ] ], [ [ 72.5848795, 23.0800365 ], [ 72.5851142, 23.0796664 ] ], [ [ 72.5851142, 23.0796664 ], [ 72.5853208, 23.0792975 ] ], [ [ 72.5853208, 23.0792975 ], [ 72.5854683, 23.0789866 ] ], [ [ 72.5854683, 23.0789866 ], [ 72.5856252, 23.0786275 ] ], [ [ 72.5856252, 23.0786275 ], [ 72.5857016, 23.078361 ] ], [ [ 72.5857016, 23.078361 ], [ 72.5857553, 23.0781353 ] ], [ [ 72.5857553, 23.0781353 ], [ 72.5858304, 23.0776344 ] ], [ [ 72.5858304, 23.0776344 ], [ 72.5858639, 23.0774986 ] ], [ [ 72.5858639, 23.0774986 ], [ 72.5859015, 23.0773642 ] ], [ [ 72.5859015, 23.0773642 ], [ 72.5860329, 23.0769533 ] ], [ [ 72.5860329, 23.0769533 ], [ 72.5860785, 23.0767781 ] ], [ [ 72.5860785, 23.0767781 ], [ 72.5861254, 23.0765239 ] ] ] } },
{ "type": "Feature", "properties": { "construction": null, "disused": null, "light_rail": null, "monorail": null, "railway": "rail", "station": null, "subway": null, "id": 628489943, "timestamp": 1588890569, "version": 2, "tags": { "visible": false, "gauge": "1676", "service": "yard" }, "osm_type": "way" }, "geometry": { "type": "MultiLineString", "coordinates": [ [ [ 72.5886521, 23.0667099 ], [ 72.5884644, 23.067851 ] ], [ [ 72.5884644, 23.067851 ], [ 72.5880298, 23.0694393 ] ], [ [ 72.5880298, 23.0694393 ], [ 72.5872412, 23.0723931 ] ], [ [ 72.5872412, 23.0723931 ], [ 72.5868778, 23.0737022 ] ], [ [ 72.5868778, 23.0737022 ], [ 72.5867814, 23.074051 ] ], [ [ 72.5867814, 23.074051 ], [ 72.5867304, 23.074261 ] ] ] } },
{ "type": "Feature", "properties": { "construction": null, "disused": null, "light_rail": null, "monorail": null, "railway": "rail", "station": null, "subway": null, "id": 628489944, "timestamp": 1745849234, "version": 3, "tags": { "visible": false, "gauge": "1676", "service": "yard" }, "osm_type": "way" }, "geometry": { "type": "MultiLineString", "coordinates": [ [ [ 72.5847583, 23.0804064 ], [ 72.5849533, 23.0801907 ] ], [ [ 72.5849533, 23.0801907 ], [ 72.5850432, 23.0800757 ] ], [ [ 72.5850432, 23.0800757 ], [ 72.5852433, 23.0797645 ] ], [ [ 72.5852433, 23.0797645 ], [ 72.5853871, 23.0795423 ] ], [ [ 72.5853871, 23.0795423 ], [ 72.5857929, 23.0788058 ] ], [ [ 72.5857929, 23.0788058 ], [ 72.586045, 23.0783215 ] ], [ [ 72.586045, 23.0783215 ], [ 72.5861496, 23.0781033 ] ], [ [ 72.5861496, 23.0781033 ], [ 72.5862829, 23.0777736 ] ], [ [ 72.5862829, 23.0777736 ], [ 72.5863644, 23.0775467 ] ], [ [ 72.5863644, 23.0775467 ], [ 72.5864128, 23.0773749 ] ], [ [ 72.5864128, 23.0773749 ], [ 72.5864659, 23.0770451 ] ], [ [ 72.5864659, 23.0770451 ], [ 72.5869686, 23.0739111 ] ], [ [ 72.5869686, 23.0739111 ], [ 72.5870586, 23.0735114 ] ], [ [ 72.5870586, 23.0735114 ], [ 72.5871094, 23.0733404 ] ] ] } },
{ "type": "Feature", "properties": { "construction": null, "disused": null, "light_rail": null, "monorail": null, "railway": "rail", "station": null, "subway": null, "id": 628489945, "timestamp": 1588890569, "version": 3, "tags": { "visible": false, "gauge": "1676", "service": "yard" }, "osm_type": "way" }, "geometry": { "type": "MultiLineString", "coordinates": [ [ [ 72.5815453, 23.0847119 ], [ 72.5813377, 23.085022 ] ], [ [ 72.5813377, 23.085022 ], [ 72.5812358, 23.0851528 ] ], [ [ 72.5812358, 23.0851528 ], [ 72.5810909, 23.0853231 ] ], [ [ 72.5810909, 23.0853231 ], [ 72.5809541, 23.0854588 ] ], [ [ 72.5809541, 23.0854588 ], [ 72.5807422, 23.0856068 ] ], [ [ 72.5807422, 23.0856068 ], [ 72.5806054, 23.0856882 ] ], [ [ 72.5806054, 23.0856882 ], [ 72.580344, 23.0858067 ] ], [ [ 72.580344, 23.0858067 ], [ 72.5801026, 23.0858659 ] ], [ [ 72.5801026, 23.0858659 ], [ 72.5798719, 23.085898 ] ], [ [ 72.5798719, 23.085898 ], [ 72.5795876, 23.085898 ] ], [ [ 72.5795876, 23.085898 ], [ 72.5793891, 23.0858733 ] ], [ [ 72.5793891, 23.0858733 ], [ 72.5791826, 23.0858289 ] ], [ [ 72.5791826, 23.0858289 ], [ 72.5787266, 23.0856808 ] ], [ [ 72.5787266, 23.0856808 ], [ 72.5785675, 23.0856304 ] ], [ [ 72.5785675, 23.0856304 ], [ 72.5784932, 23.0856117 ] ], [ [ 72.5784932, 23.0856117 ], [ 72.5782733, 23.0855673 ] ], [ [ 72.5782733, 23.0855673 ], [ 72.5779917, 23.0855377 ] ], [ [ 72.5779917, 23.0855377 ], [ 72.5777529, 23.0855402 ] ], [ [ 72.5777529, 23.0855402 ], [ 72.5775116, 23.0855673 ] ], [ [ 72.5775116, 23.0855673 ], [ 72.5756691, 23.0859365 ] ], [ [ 72.5756691, 23.0859365 ], [ 72.5751952, 23.0860135 ] ], [ [ 72.5751952, 23.0860135 ], [ 72.5746941, 23.0860861 ] ], [ [ 72.5746941, 23.0860861 ], [ 72.5742172, 23.0861374 ] ], [ [ 72.5742172, 23.0861374 ], [ 72.5737354, 23.0861633 ] ], [ [ 72.5737354, 23.0861633 ], [ 72.5732861, 23.086158 ] ] ] } },
{ "type": "Feature", "properties": { "construction": null, "disused": null, "light_rail": null, "monorail": null, "railway": "rail", "station": null, "subway": null, "id": 628489948, "timestamp": 1615851519, "version": 6, "tags": { "visible": false, "gauge": "1676", "service": "yard" }, "osm_type": "way" }, "geometry": { "type": "MultiLineString", "coordinates": [ [ [ 72.5862676, 23.0754802 ], [ 72.5861818, 23.0758207 ] ], [ [ 72.5861818, 23.0758207 ], [ 72.585962, 23.0770097 ] ], [ [ 72.585962, 23.0770097 ], [ 72.5858411, 23.0773999 ] ], [ [ 72.5858411, 23.0773999 ], [ 72.5857569, 23.0776728 ] ], [ [ 72.5857569, 23.0776728 ], [ 72.5855301, 23.0783525 ] ], [ [ 72.5855301, 23.0783525 ], [ 72.5853956, 23.07869 ] ], [ [ 72.5853956, 23.07869 ], [ 72.5851558, 23.0792371 ] ], [ [ 72.5851558, 23.0792371 ], [ 72.584968, 23.0795886 ] ], [ [ 72.584968, 23.0795886 ], [ 72.5847427, 23.0799514 ] ], [ [ 72.5847427, 23.0799514 ], [ 72.5821048, 23.0837587 ] ], [ [ 72.5821048, 23.0837587 ], [ 72.581815, 23.0842602 ] ], [ [ 72.581815, 23.0842602 ], [ 72.5817262, 23.0843878 ] ], [ [ 72.5817262, 23.0843878 ], [ 72.5816254, 23.0845674 ] ], [ [ 72.5816254, 23.0845674 ], [ 72.5815453, 23.0847119 ] ], [ [ 72.5815453, 23.0847119 ], [ 72.5813672, 23.0850541 ] ] ] } },
{ "type": "Feature", "properties": { "construction": null, "disused": null, "light_rail": null, "monorail": null, "railway": "rail", "station": null, "subway": null, "id": 628489949, "timestamp": 1588890569, "version": 2, "tags": { "visible": false, "electrified": "contact_line", "frequency": "50", "gauge": "1676", "name": "Western Railway Line", "passenger_lines": "2", "service": "siding", "voltage": "25000" }, "osm_type": "way" }, "geometry": { "type": "MultiLineString", "coordinates": [ [ [ 72.5861225, 23.0758454 ], [ 72.5862676, 23.0754802 ] ], [ [ 72.5862676, 23.0754802 ], [ 72.5864795, 23.0747078 ] ], [ [ 72.5864795, 23.0747078 ], [ 72.5865653, 23.0744265 ] ], [ [ 72.5865653, 23.0744265 ], [ 72.5867789, 23.073861 ] ], [ [ 72.5867789, 23.073861 ], [ 72.5868561, 23.0736366 ] ], [ [ 72.5868561, 23.0736366 ], [ 72.5876307, 23.0707756 ] ], [ [ 72.5876307, 23.0707756 ], [ 72.5876892, 23.0705572 ] ], [ [ 72.5876892, 23.0705572 ], [ 72.5878957, 23.0696565 ] ], [ [ 72.5878957, 23.0696565 ], [ 72.5879574, 23.0693998 ] ], [ [ 72.5879574, 23.0693998 ], [ 72.5882202, 23.0684127 ] ], [ [ 72.5882202, 23.0684127 ], [ 72.5882551, 23.0682474 ] ], [ [ 72.5882551, 23.0682474 ], [ 72.5883015, 23.067949 ] ] ] } },
{ "type": "Feature", "properties": { "construction": null, "disused": null, "light_rail": null, "monorail": null, "railway": "rail", "station": null, "subway": null, "id": 628489950, "timestamp": 1745849234, "version": 3, "tags": { "visible": false, "gauge": "1676", "service": "yard" }, "osm_type": "way" }, "geometry": { "type": "MultiLineString", "coordinates": [ [ [ 72.5884644, 23.067851 ], [ 72.5883999, 23.0682499 ] ], [ [ 72.5883999, 23.0682499 ], [ 72.588349, 23.0685016 ] ], [ [ 72.588349, 23.0685016 ], [ 72.5882471, 23.0689088 ] ], [ [ 72.5882471, 23.0689088 ], [ 72.5879321, 23.0702631 ] ], [ [ 72.5879321, 23.0702631 ], [ 72.587669, 23.0711618 ] ], [ [ 72.587669, 23.0711618 ], [ 72.5875054, 23.0718083 ] ], [ [ 72.5875054, 23.0718083 ], [ 72.5874238, 23.0722709 ] ] ] } },
{ "type": "Feature", "properties": { "construction": null, "disused": null, "light_rail": null, "monorail": null, "railway": "rail", "station": null, "subway": null, "id": 628548043, "timestamp": 1745849234, "version": 5, "tags": { "visible": false, "gauge": "1676", "service": "siding" }, "osm_type": "way" }, "geometry": { "type": "MultiLineString", "coordinates": [ [ [ 72.5856842, 23.0816971 ], [ 72.5859557, 23.0813344 ] ], [ [ 72.5859557, 23.0813344 ], [ 72.5861245, 23.0811241 ] ], [ [ 72.5861245, 23.0811241 ], [ 72.5867058, 23.0804811 ] ], [ [ 72.5867058, 23.0804811 ], [ 72.5870159, 23.0801592 ] ], [ [ 72.5870159, 23.0801592 ], [ 72.5872321, 23.0799036 ] ], [ [ 72.5872321, 23.0799036 ], [ 72.5873705, 23.079723 ] ], [ [ 72.5873705, 23.079723 ], [ 72.5875479, 23.0794552 ] ], [ [ 72.5875479, 23.0794552 ], [ 72.5877897, 23.0790251 ] ], [ [ 72.5877897, 23.0790251 ], [ 72.5883938, 23.0777671 ] ], [ [ 72.5883938, 23.0777671 ], [ 72.589142, 23.0761723 ] ], [ [ 72.589142, 23.0761723 ], [ 72.589214, 23.0759804 ] ], [ [ 72.589214, 23.0759804 ], [ 72.5892757, 23.0757858 ] ], [ [ 72.5892757, 23.0757858 ], [ 72.5893278, 23.0755764 ] ], [ [ 72.5893278, 23.0755764 ], [ 72.5894132, 23.0750669 ] ], [ [ 72.5894132, 23.0750669 ], [ 72.5894255, 23.0748296 ] ], [ [ 72.5894255, 23.0748296 ], [ 72.5894822, 23.0740909 ] ] ] } },
{ "type": "Feature", "properties": { "construction": null, "disused": null, "light_rail": null, "monorail": null, "railway": "rail", "station": null, "subway": null, "id": 628548044, "timestamp": 1745849234, "version": 7, "tags": { "visible": false, "electrified": "contact_line", "frequency": "50", "gauge": "1676", "usage": "main", "voltage": "25000" }, "osm_type": "way" }, "geometry": { "type": "MultiLineString", "coordinates": [ [ [ 72.5885153, 23.0778134 ], [ 72.5878551, 23.0791743 ] ], [ [ 72.5878551, 23.0791743 ], [ 72.5877243, 23.0794072 ] ], [ [ 72.5877243, 23.0794072 ], [ 72.5875431, 23.0796751 ] ], [ [ 72.5875431, 23.0796751 ], [ 72.5873032, 23.0799821 ] ], [ [ 72.5873032, 23.0799821 ], [ 72.5867798, 23.080557 ] ], [ [ 72.5867798, 23.080557 ], [ 72.5858669, 23.0815727 ] ], [ [ 72.5858669, 23.0815727 ], [ 72.5852953, 23.0821663 ] ] ] } },
{ "type": "Feature", "properties": { "construction": null, "disused": null, "light_rail": null, "monorail": null, "railway": "rail", "station": null, "subway": null, "id": 628548046, "timestamp": 1745849234, "version": 6, "tags": { "visible": false, "electrified": "contact_line", "frequency": "50", "gauge": "1676", "passenger_lines": "2", "usage": "main", "voltage": "25000" }, "osm_type": "way" }, "geometry": { "type": "MultiLineString", "coordinates": [ [ [ 72.5884676, 23.0709165 ], [ 72.5884312, 23.0707345 ] ], [ [ 72.5884312, 23.0707345 ], [ 72.5884017, 23.0705514 ] ], [ [ 72.5884017, 23.0705514 ], [ 72.5883792, 23.0703675 ] ], [ [ 72.5883792, 23.0703675 ], [ 72.5883617, 23.0701518 ] ], [ [ 72.5883617, 23.0701518 ], [ 72.5883537, 23.0699357 ] ], [ [ 72.5883537, 23.0699357 ], [ 72.5883553, 23.0697195 ] ], [ [ 72.5883553, 23.0697195 ], [ 72.5883664, 23.0695035 ] ], [ [ 72.5883664, 23.0695035 ], [ 72.5886038, 23.0679957 ] ], [ [ 72.5886038, 23.0679957 ], [ 72.5886722, 23.0675947 ] ], [ [ 72.5886722, 23.0675947 ], [ 72.5887298, 23.0670784 ] ] ] } },
{ "type": "Feature", "properties": { "construction": null, "disused": null, "light_rail": null, "monorail": null, "railway": "rail", "station": null, "subway": null, "id": 661930370, "timestamp": 1662018372, "version": 2, "tags": { "visible": false, "electrified": "contact_line", "frequency": "50", "gauge": "1676", "passenger_lines": "2", "usage": "main", "voltage": "25000" }, "osm_type": "way" }, "geometry": { "type": "MultiLineString", "coordinates": [ [ [ 72.6016983, 23.0322902 ], [ 72.6018256, 23.0315482 ] ], [ [ 72.6018256, 23.0315482 ], [ 72.6018995, 23.0311547 ] ], [ [ 72.6018995, 23.0311547 ], [ 72.6019344, 23.030856 ] ], [ [ 72.6019344, 23.030856 ], [ 72.6019585, 23.030545 ] ], [ [ 72.6019585, 23.030545 ], [ 72.6019558, 23.0302031 ] ], [ [ 72.6019558, 23.0302031 ], [ 72.6016688, 23.0259944 ] ], [ [ 72.6016688, 23.0259944 ], [ 72.6016501, 23.0256673 ] ] ] } },
{ "type": "Feature", "properties": { "construction": null, "disused": null, "light_rail": null, "monorail": null, "railway": "rail", "station": null, "subway": null, "id": 661930371, "timestamp": 1745849234, "version": 4, "tags": { "visible": false, "electrified": "contact_line", "frequency": "50", "gauge": "1676", "passenger_lines": "2", "usage": "main", "voltage": "25000" }, "osm_type": "way" }, "geometry": { "type": "MultiLineString", "coordinates": [ [ [ 72.6016501, 23.0256673 ], [ 72.6015656, 23.0242503 ] ], [ [ 72.6015656, 23.0242503 ], [ 72.6015589, 23.0239035 ] ], [ [ 72.6015589, 23.0239035 ], [ 72.6015683, 23.0236097 ] ], [ [ 72.6015683, 23.0236097 ], [ 72.6015924, 23.0232691 ] ], [ [ 72.6015924, 23.0232691 ], [ 72.6016366, 23.0228914 ] ], [ [ 72.6016366, 23.0228914 ], [ 72.6016796, 23.0225841 ] ], [ [ 72.6016796, 23.0225841 ], [ 72.6018995, 23.0215966 ] ], [ [ 72.6018995, 23.0215966 ], [ 72.6020108, 23.020919 ] ], [ [ 72.6020108, 23.020919 ], [ 72.6021101, 23.0205167 ] ], [ [ 72.6021101, 23.0205167 ], [ 72.6022282, 23.0201969 ] ] ] } },
{ "type": "Feature", "properties": { "construction": null, "disused": null, "light_rail": null, "monorail": null, "railway": "rail", "station": null, "subway": null, "id": 661930372, "timestamp": 1588890569, "version": 2, "tags": { "visible": false, "electrified": "contact_line", "frequency": "50", "gauge": "1676", "name": "Western Railway Line", "passenger_lines": "2", "usage": "main", "voltage": "25000" }, "osm_type": "way" }, "geometry": { "type": "MultiLineString", "coordinates": [ [ [ 72.6015991, 23.0256796 ], [ 72.6019129, 23.0301994 ] ], [ [ 72.6019129, 23.0301994 ], [ 72.6019129, 23.0305475 ] ], [ [ 72.6019129, 23.0305475 ], [ 72.6018861, 23.0308585 ] ], [ [ 72.6018861, 23.0308585 ], [ 72.6018459, 23.0311448 ] ], [ [ 72.6018459, 23.0311448 ], [ 72.6017439, 23.0317817 ] ], [ [ 72.6017439, 23.0317817 ], [ 72.6017144, 23.0319594 ] ] ] } },
{ "type": "Feature", "properties": { "construction": null, "disused": null, "light_rail": null, "monorail": null, "railway": "rail", "station": null, "subway": null, "id": 661972263, "timestamp": 1635966417, "version": 2, "tags": { "visible": false, "electrified": "contact_line", "frequency": "50", "gauge": "1676", "passenger_lines": "2", "usage": "main", "voltage": "25000" }, "osm_type": "way" }, "geometry": { "type": "MultiLineString", "coordinates": [ [ [ 72.588975, 23.0651902 ], [ 72.5888797, 23.0658966 ] ], [ [ 72.5888797, 23.0658966 ], [ 72.5887298, 23.0670784 ] ] ] } },
{ "type": "Feature", "properties": { "construction": null, "disused": null, "light_rail": null, "monorail": null, "railway": "rail", "station": null, "subway": null, "id": 661972264, "timestamp": 1745849234, "version": 2, "tags": { "visible": false, "gauge": "1676", "service": "yard" }, "osm_type": "way" }, "geometry": { "type": "MultiLineString", "coordinates": [ [ [ 72.6094607, 23.0030192 ], [ 72.6093581, 23.003255 ] ], [ [ 72.6093581, 23.003255 ], [ 72.6093058, 23.0034945 ] ], [ [ 72.6093058, 23.0034945 ], [ 72.6091669, 23.0039043 ] ], [ [ 72.6091669, 23.0039043 ], [ 72.6080162, 23.0064414 ] ], [ [ 72.6080162, 23.0064414 ], [ 72.6078352, 23.0068435 ] ], [ [ 72.6078352, 23.0068435 ], [ 72.6076529, 23.0071275 ] ], [ [ 72.6076529, 23.0071275 ], [ 72.6070609, 23.0084055 ] ], [ [ 72.6070609, 23.0084055 ], [ 72.6068999, 23.0087458 ] ], [ [ 72.6068999, 23.0087458 ], [ 72.6067245, 23.009053 ] ], [ [ 72.6067245, 23.009053 ], [ 72.6063589, 23.0096547 ] ], [ [ 72.6063589, 23.0096547 ], [ 72.6062035, 23.0099068 ] ], [ [ 72.6062035, 23.0099068 ], [ 72.6060473, 23.0101782 ] ], [ [ 72.6060473, 23.0101782 ], [ 72.6059148, 23.0103672 ] ], [ [ 72.6059148, 23.0103672 ], [ 72.6057932, 23.0105526 ] ], [ [ 72.6057932, 23.0105526 ], [ 72.605523, 23.0108947 ] ], [ [ 72.605523, 23.0108947 ], [ 72.6054054, 23.0110754 ] ], [ [ 72.6054054, 23.0110754 ], [ 72.6053144, 23.0112578 ] ], [ [ 72.6053144, 23.0112578 ], [ 72.6052167, 23.0114874 ] ], [ [ 72.6052167, 23.0114874 ], [ 72.6029872, 23.0164555 ] ] ] } },
{ "type": "Feature", "properties": { "construction": null, "disused": null, "light_rail": null, "monorail": null, "railway": "rail", "station": null, "subway": null, "id": 661972265, "timestamp": 1745849234, "version": 2, "tags": { "visible": false, "electrified": "contact_line", "frequency": "50", "gauge": "1676", "usage": "main", "voltage": "25000" }, "osm_type": "way" }, "geometry": { "type": "MultiLineString", "coordinates": [ [ [ 72.6022717, 23.0200007 ], [ 72.6025587, 23.0192811 ] ], [ [ 72.6025587, 23.0192811 ], [ 72.6029499, 23.0182876 ] ], [ [ 72.6029499, 23.0182876 ], [ 72.6036586, 23.0167376 ] ], [ [ 72.6036586, 23.0167376 ], [ 72.6039988, 23.0159936 ] ], [ [ 72.6039988, 23.0159936 ], [ 72.6046344, 23.0145379 ] ], [ [ 72.6046344, 23.0145379 ], [ 72.6057239, 23.0122271 ] ], [ [ 72.6057239, 23.0122271 ], [ 72.60601, 23.0116022 ] ], [ [ 72.60601, 23.0116022 ], [ 72.6062841, 23.0109793 ] ], [ [ 72.6062841, 23.0109793 ], [ 72.606386, 23.0107476 ] ], [ [ 72.606386, 23.0107476 ], [ 72.6064959, 23.0104845 ] ], [ [ 72.6064959, 23.0104845 ], [ 72.6072129, 23.0088863 ] ], [ [ 72.6072129, 23.0088863 ], [ 72.6074803, 23.0081871 ] ], [ [ 72.6074803, 23.0081871 ], [ 72.6078926, 23.0072436 ] ], [ [ 72.6078926, 23.0072436 ], [ 72.6090896, 23.0045298 ] ], [ [ 72.6090896, 23.0045298 ], [ 72.6093596, 23.0038561 ] ], [ [ 72.6093596, 23.0038561 ], [ 72.6096481, 23.0032241 ] ], [ [ 72.6096481, 23.0032241 ], [ 72.6102322, 23.0019591 ] ], [ [ 72.6102322, 23.0019591 ], [ 72.6106331, 23.0012051 ] ], [ [ 72.6106331, 23.0012051 ], [ 72.6107965, 23.0008552 ] ], [ [ 72.6107965, 23.0008552 ], [ 72.6125846, 22.9968603 ] ], [ [ 72.6125846, 22.9968603 ], [ 72.6128519, 22.9961793 ] ], [ [ 72.6128519, 22.9961793 ], [ 72.6129564, 22.9958682 ] ], [ [ 72.6129564, 22.9958682 ], [ 72.613326, 22.9949797 ] ], [ [ 72.613326, 22.9949797 ], [ 72.6133491, 22.9949308 ] ], [ [ 72.6133491, 22.9949308 ], [ 72.6171835, 22.9863935 ] ], [ [ 72.6171835, 22.9863935 ], [ 72.6172781, 22.9861803 ] ], [ [ 72.6172781, 22.9861803 ], [ 72.6192954, 22.9815769 ] ], [ [ 72.6192954, 22.9815769 ], [ 72.6194139, 22.9813192 ] ], [ [ 72.6194139, 22.9813192 ], [ 72.6211983, 22.9773327 ] ], [ [ 72.6211983, 22.9773327 ], [ 72.6212228, 22.9772819 ] ], [ [ 72.6212228, 22.9772819 ], [ 72.6255133, 22.967906 ] ], [ [ 72.6255133, 22.967906 ], [ 72.6258278, 22.9669172 ] ] ] } },
{ "type": "Feature", "properties": { "construction": null, "disused": null, "light_rail": null, "monorail": null, "railway": "rail", "station": null, "subway": null, "id": 685087768, "timestamp": 1614952608, "version": 4, "tags": { "visible": false, "service": "spur" }, "osm_type": "way" }, "geometry": { "type": "MultiLineString", "coordinates": [ [ [ 72.5536309, 23.1674264 ], [ 72.5529059, 23.1669763 ] ], [ [ 72.5529059, 23.1669763 ], [ 72.552824, 23.1669323 ] ], [ [ 72.552824, 23.1669323 ], [ 72.550986, 23.1659458 ] ], [ [ 72.550986, 23.1659458 ], [ 72.5477447, 23.1641918 ] ], [ [ 72.5477447, 23.1641918 ], [ 72.5471554, 23.1638707 ] ], [ [ 72.5471554, 23.1638707 ], [ 72.547142, 23.1638654 ] ], [ [ 72.547142, 23.1638654 ], [ 72.5466144, 23.1636588 ] ] ] } },
{ "type": "Feature", "properties": { "construction": null, "disused": null, "light_rail": null, "monorail": null, "railway": "rail", "station": null, "subway": null, "id": 685087769, "timestamp": 1614952608, "version": 4, "tags": { "visible": false, "service": "spur" }, "osm_type": "way" }, "geometry": { "type": "MultiLineString", "coordinates": [ [ [ 72.5464533, 23.1635435 ], [ 72.546645, 23.1637059 ] ], [ [ 72.546645, 23.1637059 ], [ 72.5470917, 23.1639559 ] ], [ [ 72.5470917, 23.1639559 ], [ 72.5472738, 23.1640578 ] ], [ [ 72.5472738, 23.1640578 ], [ 72.5486074, 23.1647672 ] ], [ [ 72.5486074, 23.1647672 ], [ 72.5508402, 23.1659821 ] ], [ [ 72.5508402, 23.1659821 ], [ 72.5527792, 23.1670272 ] ], [ [ 72.5527792, 23.1670272 ], [ 72.5528816, 23.1670824 ] ], [ [ 72.5528816, 23.1670824 ], [ 72.5534181, 23.1673121 ] ] ] } },
{ "type": "Feature", "properties": { "construction": null, "disused": null, "light_rail": null, "monorail": null, "railway": "rail", "station": null, "subway": null, "id": 685087770, "timestamp": 1555860837, "version": 1, "tags": { "visible": false, "service": "spur" }, "osm_type": "way" }, "geometry": { "type": "MultiLineString", "coordinates": [ [ [ 72.5457469, 23.1628376 ], [ 72.545922, 23.1631668 ] ], [ [ 72.545922, 23.1631668 ], [ 72.546083, 23.1633819 ] ], [ [ 72.546083, 23.1633819 ], [ 72.5462957, 23.1636193 ] ], [ [ 72.5462957, 23.1636193 ], [ 72.5465083, 23.1637757 ] ], [ [ 72.5465083, 23.1637757 ], [ 72.5469944, 23.164055 ] ] ] } },
{ "type": "Feature", "properties": { "construction": null, "disused": null, "light_rail": null, "monorail": null, "railway": "rail", "station": null, "subway": null, "id": 685087771, "timestamp": 1614952608, "version": 4, "tags": { "visible": false, "service": "spur" }, "osm_type": "way" }, "geometry": { "type": "MultiLineString", "coordinates": [ [ [ 72.5454292, 23.161835 ], [ 72.5454299, 23.1621586 ] ], [ [ 72.5454299, 23.1621586 ], [ 72.5454664, 23.1623457 ] ], [ [ 72.5454664, 23.1623457 ], [ 72.5455258, 23.162568 ] ], [ [ 72.5455258, 23.162568 ], [ 72.5455575, 23.1626865 ] ], [ [ 72.5455575, 23.1626865 ], [ 72.5456425, 23.1629518 ] ], [ [ 72.5456425, 23.1629518 ], [ 72.5457275, 23.1631154 ] ], [ [ 72.5457275, 23.1631154 ], [ 72.5458036, 23.1632618 ] ], [ [ 72.5458036, 23.1632618 ], [ 72.545998, 23.163502 ] ], [ [ 72.545998, 23.163502 ], [ 72.5462258, 23.1637282 ] ], [ [ 72.5462258, 23.1637282 ], [ 72.5464536, 23.1639209 ] ], [ [ 72.5464536, 23.1639209 ], [ 72.546727, 23.1640801 ] ], [ [ 72.546727, 23.1640801 ], [ 72.546931, 23.1641923 ] ], [ [ 72.546931, 23.1641923 ], [ 72.5478389, 23.1646918 ] ], [ [ 72.5478389, 23.1646918 ], [ 72.5526443, 23.167264 ] ], [ [ 72.5526443, 23.167264 ], [ 72.5530669, 23.1674902 ] ], [ [ 72.5530669, 23.1674902 ], [ 72.5538689, 23.1679287 ] ] ] } },
{ "type": "Feature", "properties": { "construction": null, "disused": null, "light_rail": null, "monorail": null, "railway": "rail", "station": null, "subway": null, "id": 685087772, "timestamp": 1614952608, "version": 4, "tags": { "visible": false, "service": "spur" }, "osm_type": "way" }, "geometry": { "type": "MultiLineString", "coordinates": [ [ [ 72.553881, 23.167884 ], [ 72.553725, 23.1677999 ] ], [ [ 72.553725, 23.1677999 ], [ 72.5526634, 23.1672278 ] ], [ [ 72.5526634, 23.1672278 ], [ 72.5526112, 23.1671997 ] ], [ [ 72.5526112, 23.1671997 ], [ 72.5492575, 23.16539 ] ], [ [ 72.5492575, 23.16539 ], [ 72.5469665, 23.1641484 ] ], [ [ 72.5469665, 23.1641484 ], [ 72.5469488, 23.1641388 ] ], [ [ 72.5469488, 23.1641388 ], [ 72.5466693, 23.1639796 ] ], [ [ 72.5466693, 23.1639796 ], [ 72.5464871, 23.1638595 ] ], [ [ 72.5464871, 23.1638595 ], [ 72.5463078, 23.1637226 ] ], [ [ 72.5463078, 23.1637226 ], [ 72.5461772, 23.1636025 ] ], [ [ 72.5461772, 23.1636025 ], [ 72.5460283, 23.1634405 ] ], [ [ 72.5460283, 23.1634405 ], [ 72.5458734, 23.1632367 ] ], [ [ 72.5458734, 23.1632367 ], [ 72.5457519, 23.163044 ] ], [ [ 72.5457519, 23.163044 ], [ 72.5456395, 23.1628429 ] ], [ [ 72.5456395, 23.1628429 ], [ 72.5455258, 23.162568 ] ] ] } },
{ "type": "Feature", "properties": { "construction": null, "disused": null, "light_rail": null, "monorail": null, "railway": "rail", "station": null, "subway": null, "id": 685087774, "timestamp": 1555860837, "version": 1, "tags": { "visible": false, "service": "spur" }, "osm_type": "way" }, "geometry": { "type": "MultiLineString", "coordinates": [ [ [ 72.5457275, 23.1631154 ], [ 72.5458127, 23.1633344 ] ], [ [ 72.5458127, 23.1633344 ], [ 72.545998, 23.1636137 ] ], [ [ 72.545998, 23.1636137 ], [ 72.5462349, 23.1638399 ] ], [ [ 72.5462349, 23.1638399 ], [ 72.5465205, 23.164055 ] ], [ [ 72.5465205, 23.164055 ], [ 72.5468577, 23.1642449 ] ] ] } },
{ "type": "Feature", "properties": { "construction": null, "disused": null, "light_rail": null, "monorail": null, "railway": "rail", "station": null, "subway": null, "id": 685087775, "timestamp": 1555860837, "version": 1, "tags": { "visible": false, "service": "spur" }, "osm_type": "way" }, "geometry": { "type": "MultiLineString", "coordinates": [ [ [ 72.5467908, 23.1643343 ], [ 72.5464567, 23.1641583 ] ], [ [ 72.5464567, 23.1641583 ], [ 72.546241, 23.163988 ] ], [ [ 72.546241, 23.163988 ], [ 72.5460861, 23.1638371 ] ], [ [ 72.5460861, 23.1638371 ], [ 72.5459646, 23.16365 ] ], [ [ 72.5459646, 23.16365 ], [ 72.5458765, 23.1635048 ] ], [ [ 72.5458765, 23.1635048 ], [ 72.5458127, 23.1633344 ] ] ] } },
{ "type": "Feature", "properties": { "construction": null, "disused": null, "light_rail": null, "monorail": null, "railway": "rail", "station": null, "subway": null, "id": 685087776, "timestamp": 1614952608, "version": 4, "tags": { "visible": false, "service": "spur" }, "osm_type": "way" }, "geometry": { "type": "MultiLineString", "coordinates": [ [ [ 72.5504653, 23.1685999 ], [ 72.5501991, 23.1684251 ] ], [ [ 72.5501991, 23.1684251 ], [ 72.5500472, 23.1683106 ] ], [ [ 72.5500472, 23.1683106 ], [ 72.5499135, 23.1681849 ] ], [ [ 72.5499135, 23.1681849 ], [ 72.5498072, 23.1680732 ] ], [ [ 72.5498072, 23.1680732 ], [ 72.5496796, 23.1679224 ] ], [ [ 72.5496796, 23.1679224 ], [ 72.5495702, 23.1678247 ] ], [ [ 72.5495702, 23.1678247 ], [ 72.5493606, 23.1676711 ] ], [ [ 72.5493606, 23.1676711 ], [ 72.5491632, 23.1675426 ] ], [ [ 72.5491632, 23.1675426 ], [ 72.5458246, 23.1657524 ] ], [ [ 72.5458246, 23.1657524 ], [ 72.5454692, 23.1655681 ] ], [ [ 72.5454692, 23.1655681 ], [ 72.5452657, 23.1654172 ] ], [ [ 72.5452657, 23.1654172 ], [ 72.545132, 23.1653027 ] ], [ [ 72.545132, 23.1653027 ], [ 72.5450196, 23.1651854 ] ], [ [ 72.5450196, 23.1651854 ], [ 72.544892, 23.1650514 ] ], [ [ 72.544892, 23.1650514 ], [ 72.5447705, 23.1648475 ] ], [ [ 72.5447705, 23.1648475 ], [ 72.5447083, 23.1647331 ] ], [ [ 72.5447083, 23.1647331 ], [ 72.5446672, 23.1646576 ] ], [ [ 72.5446672, 23.1646576 ], [ 72.5446218, 23.1645463 ] ], [ [ 72.5446218, 23.1645463 ], [ 72.5445852, 23.1644565 ] ], [ [ 72.5445852, 23.1644565 ], [ 72.5445275, 23.1642219 ] ], [ [ 72.5445275, 23.1642219 ], [ 72.544488, 23.1639845 ] ], [ [ 72.544488, 23.1639845 ], [ 72.5444789, 23.1637359 ] ], [ [ 72.5444789, 23.1637359 ], [ 72.5445062, 23.1635628 ] ], [ [ 72.5445062, 23.1635628 ], [ 72.5445214, 23.1634119 ] ], [ [ 72.5445214, 23.1634119 ], [ 72.5445873, 23.1630491 ] ] ] } },
{ "type": "Feature", "properties": { "construction": null, "disused": null, "light_rail": null, "monorail": null, "railway": "subway", "station": null, "subway": null, "id": 686304389, "timestamp": 1733047023, "version": 9, "tags": { "visible": false, "bridge": "yes", "electrified": "rail", "gauge": "1435", "layer": "1", "name": "Blue Line, Ahmedabad Metro", "start_date": "2019-03-04", "usage": "main", "voltage": "750" }, "osm_type": "way" }, "geometry": { "type": "MultiLineString", "coordinates": [ [ [ 72.6283735, 23.0078462 ], [ 72.6273836, 23.0082729 ] ], [ [ 72.6273836, 23.0082729 ], [ 72.6269273, 23.0084606 ] ], [ [ 72.6269273, 23.0084606 ], [ 72.6265157, 23.0086159 ] ], [ [ 72.6265157, 23.0086159 ], [ 72.6261534, 23.008712 ] ], [ [ 72.6261534, 23.008712 ], [ 72.6258005, 23.0088022 ] ], [ [ 72.6258005, 23.0088022 ], [ 72.6252421, 23.0088577 ] ], [ [ 72.6252421, 23.0088577 ], [ 72.6248656, 23.0088891 ] ], [ [ 72.6248656, 23.0088891 ], [ 72.62462, 23.0089075 ] ], [ [ 72.62462, 23.0089075 ], [ 72.6243479, 23.0089616 ] ], [ [ 72.6243479, 23.0089616 ], [ 72.6241535, 23.0090035 ] ], [ [ 72.6241535, 23.0090035 ], [ 72.6238804, 23.0090925 ] ], [ [ 72.6238804, 23.0090925 ], [ 72.6235598, 23.0092156 ] ], [ [ 72.6235598, 23.0092156 ], [ 72.6233362, 23.0093045 ] ], [ [ 72.6233362, 23.0093045 ], [ 72.6228561, 23.0094985 ] ], [ [ 72.6228561, 23.0094985 ], [ 72.6222265, 23.0097297 ] ], [ [ 72.6222265, 23.0097297 ], [ 72.6217089, 23.0099282 ] ], [ [ 72.6217089, 23.0099282 ], [ 72.6215295, 23.0099939 ] ], [ [ 72.6215295, 23.0099939 ], [ 72.6210116, 23.0101837 ] ], [ [ 72.6210116, 23.0101837 ], [ 72.6203343, 23.0104244 ] ], [ [ 72.6203343, 23.0104244 ], [ 72.6198699, 23.0105553 ] ], [ [ 72.6198699, 23.0105553 ], [ 72.6196187, 23.0106164 ] ], [ [ 72.6196187, 23.0106164 ], [ 72.6194524, 23.0106387 ] ], [ [ 72.6194524, 23.0106387 ], [ 72.6191961, 23.0106523 ] ], [ [ 72.6191961, 23.0106523 ], [ 72.6182366, 23.0106557 ] ] ] } },
{ "type": "Feature", "properties": { "construction": null, "disused": null, "light_rail": null, "monorail": null, "railway": "subway", "station": null, "subway": null, "id": 686304390, "timestamp": 1733047023, "version": 8, "tags": { "visible": false, "bridge": "yes", "electrified": "rail", "gauge": "1435", "layer": "1", "name": "Blue Line, Ahmedabad Metro", "start_date": "2019-03-04", "usage": "main", "voltage": "750" }, "osm_type": "way" }, "geometry": { "type": "MultiLineString", "coordinates": [ [ [ 72.6355917, 23.005413 ], [ 72.6347054, 23.0057088 ] ], [ [ 72.6347054, 23.0057088 ], [ 72.6346011, 23.0057608 ] ], [ [ 72.6346011, 23.0057608 ], [ 72.633246, 23.0061712 ] ], [ [ 72.633246, 23.0061712 ], [ 72.6320619, 23.0065245 ] ], [ [ 72.6320619, 23.0065245 ], [ 72.630818, 23.0068821 ] ], [ [ 72.630818, 23.0068821 ], [ 72.6302421, 23.007051 ] ], [ [ 72.6302421, 23.007051 ], [ 72.629876, 23.0071979 ] ], [ [ 72.629876, 23.0071979 ], [ 72.629298, 23.0074164 ] ], [ [ 72.629298, 23.0074164 ], [ 72.6287032, 23.0076725 ] ], [ [ 72.6287032, 23.0076725 ], [ 72.6283735, 23.0078462 ] ] ] } },
{ "type": "Feature", "properties": { "construction": null, "disused": null, "light_rail": null, "monorail": null, "railway": "subway", "station": null, "subway": null, "id": 686304391, "timestamp": 1733047023, "version": 6, "tags": { "visible": false, "bridge": "yes", "electrified": "rail", "gauge": "1435", "layer": "1", "name": "Blue Line, Ahmedabad Metro", "start_date": "2019-03-04", "usage": "main", "voltage": "750" }, "osm_type": "way" }, "geometry": { "type": "MultiLineString", "coordinates": [ [ [ 72.6585088, 22.9998991 ], [ 72.6576429, 23.0002849 ] ], [ [ 72.6576429, 23.0002849 ], [ 72.6567543, 23.0006378 ] ], [ [ 72.6567543, 23.0006378 ], [ 72.656173, 23.0008631 ] ], [ [ 72.656173, 23.0008631 ], [ 72.6554039, 23.0011616 ] ], [ [ 72.6554039, 23.0011616 ], [ 72.6549184, 23.0013309 ] ], [ [ 72.6549184, 23.0013309 ], [ 72.6542584, 23.0015431 ] ], [ [ 72.6542584, 23.0015431 ], [ 72.6534732, 23.00177 ] ], [ [ 72.6534732, 23.00177 ], [ 72.6527325, 23.0019882 ] ], [ [ 72.6527325, 23.0019882 ], [ 72.6520811, 23.0021777 ] ], [ [ 72.6520811, 23.0021777 ], [ 72.6513897, 23.0023767 ] ], [ [ 72.6513897, 23.0023767 ], [ 72.65111, 23.0024622 ] ], [ [ 72.65111, 23.0024622 ], [ 72.6504964, 23.0026447 ] ], [ [ 72.6504964, 23.0026447 ], [ 72.6502226, 23.002736 ] ], [ [ 72.6502226, 23.002736 ], [ 72.6499445, 23.0028359 ] ], [ [ 72.6499445, 23.0028359 ], [ 72.6492244, 23.0030618 ] ], [ [ 72.6492244, 23.0030618 ], [ 72.6487169, 23.0032172 ] ], [ [ 72.6487169, 23.0032172 ], [ 72.6476943, 23.0034916 ] ] ] } },
{ "type": "Feature", "properties": { "construction": null, "disused": null, "light_rail": null, "monorail": null, "railway": "subway", "station": null, "subway": null, "id": 686304392, "timestamp": 1733818296, "version": 7, "tags": { "visible": false, "bridge": "yes", "electrified": "rail", "gauge": "1435", "layer": "1", "name": "Blue Line, Ahmedabad Metro", "start_date": "2019-03-04", "usage": "main", "voltage": "750" }, "osm_type": "way" }, "geometry": { "type": "MultiLineString", "coordinates": [ [ [ 72.6674512, 22.9971313 ], [ 72.6668382, 22.9973874 ] ], [ [ 72.6668382, 22.9973874 ], [ 72.6665209, 22.9975084 ] ], [ [ 72.6665209, 22.9975084 ], [ 72.6662601, 22.9976027 ] ], [ [ 72.6662601, 22.9976027 ], [ 72.6661805, 22.9976267 ] ], [ [ 72.6661805, 22.9976267 ], [ 72.6657461, 22.9977528 ] ], [ [ 72.6657461, 22.9977528 ], [ 72.6653346, 22.9978541 ] ], [ [ 72.6653346, 22.9978541 ], [ 72.6648898, 22.9979588 ] ], [ [ 72.6648898, 22.9979588 ], [ 72.6642743, 22.998102 ] ], [ [ 72.6642743, 22.998102 ], [ 72.6637613, 22.9982443 ] ], [ [ 72.6637613, 22.9982443 ], [ 72.6632587, 22.9983674 ] ], [ [ 72.6632587, 22.9983674 ], [ 72.6627011, 22.9984826 ] ], [ [ 72.6627011, 22.9984826 ], [ 72.662042, 22.9986127 ] ], [ [ 72.662042, 22.9986127 ], [ 72.6614029, 22.9987358 ] ], [ [ 72.6614029, 22.9987358 ], [ 72.6610349, 22.99883 ] ], [ [ 72.6610349, 22.99883 ], [ 72.6607135, 22.9989261 ] ], [ [ 72.6607135, 22.9989261 ], [ 72.660447, 22.9990264 ] ], [ [ 72.660447, 22.9990264 ], [ 72.659969, 22.9992194 ] ], [ [ 72.659969, 22.9992194 ], [ 72.6596002, 22.999387 ] ], [ [ 72.6596002, 22.999387 ], [ 72.658924, 22.9997178 ] ], [ [ 72.658924, 22.9997178 ], [ 72.6586234, 22.9998461 ] ], [ [ 72.6586234, 22.9998461 ], [ 72.6585088, 22.9998991 ] ] ] } },
{ "type": "Feature", "properties": { "construction": null, "disused": null, "light_rail": null, "monorail": null, "railway": "subway", "station": null, "subway": null, "id": 686304394, "timestamp": 1733047023, "version": 9, "tags": { "visible": false, "bridge": "yes", "electrified": "rail", "gauge": "1435", "layer": "1", "name": "Blue Line, Ahmedabad Metro", "start_date": "2019-03-04", "usage": "main", "voltage": "750" }, "osm_type": "way" }, "geometry": { "type": "MultiLineString", "coordinates": [ [ [ 72.6182366, 23.0106557 ], [ 72.6177346, 23.0106613 ] ], [ [ 72.6177346, 23.0106613 ], [ 72.6162414, 23.0106624 ] ], [ [ 72.6162414, 23.0106624 ], [ 72.6158249, 23.0106783 ] ], [ [ 72.6158249, 23.0106783 ], [ 72.6146712, 23.0107007 ] ], [ [ 72.6146712, 23.0107007 ], [ 72.6144713, 23.0106953 ] ], [ [ 72.6144713, 23.0106953 ], [ 72.6141835, 23.0106639 ] ], [ [ 72.6141835, 23.0106639 ], [ 72.6125798, 23.010487 ] ], [ [ 72.6125798, 23.010487 ], [ 72.6122583, 23.0104598 ] ], [ [ 72.6122583, 23.0104598 ], [ 72.6117554, 23.010432 ] ] ] } },
{ "type": "Feature", "properties": { "construction": null, "disused": null, "light_rail": null, "monorail": null, "railway": "rail", "station": null, "subway": null, "id": 699115446, "timestamp": 1745849234, "version": 3, "tags": { "visible": false, "gauge": "1676", "service": "siding" }, "osm_type": "way" }, "geometry": { "type": "MultiLineString", "coordinates": [ [ [ 72.6018727, 23.0322136 ], [ 72.6019934, 23.0318779 ] ], [ [ 72.6019934, 23.0318779 ], [ 72.6020417, 23.0317126 ] ], [ [ 72.6020417, 23.0317126 ], [ 72.6022106, 23.0308906 ] ] ] } },
{ "type": "Feature", "properties": { "construction": null, "disused": null, "light_rail": null, "monorail": null, "railway": "rail", "station": null, "subway": null, "id": 715551372, "timestamp": 1745849234, "version": 3, "tags": { "visible": false, "gauge": "1676", "service": "yard" }, "osm_type": "way" }, "geometry": { "type": "MultiLineString", "coordinates": [ [ [ 72.6073191, 23.0077587 ], [ 72.607211, 23.0079244 ] ], [ [ 72.607211, 23.0079244 ], [ 72.6071114, 23.0080606 ] ], [ [ 72.6071114, 23.0080606 ], [ 72.606986, 23.0081822 ] ], [ [ 72.606986, 23.0081822 ], [ 72.6068534, 23.0082973 ] ], [ [ 72.6068534, 23.0082973 ], [ 72.6067141, 23.0084053 ] ], [ [ 72.6067141, 23.0084053 ], [ 72.6065699, 23.0085051 ] ], [ [ 72.6065699, 23.0085051 ], [ 72.6064201, 23.0085974 ] ], [ [ 72.6064201, 23.0085974 ], [ 72.6044409, 23.0097987 ] ] ] } },
{ "type": "Feature", "properties": { "construction": null, "disused": null, "light_rail": null, "monorail": null, "railway": "rail", "station": null, "subway": null, "id": 715551373, "timestamp": 1745849234, "version": 3, "tags": { "visible": false, "gauge": "1676", "service": "yard" }, "osm_type": "way" }, "geometry": { "type": "MultiLineString", "coordinates": [ [ [ 72.6067624, 23.0089107 ], [ 72.60658, 23.0092408 ] ], [ [ 72.60658, 23.0092408 ], [ 72.6064968, 23.0093747 ] ], [ [ 72.6064968, 23.0093747 ], [ 72.6063808, 23.00951 ] ], [ [ 72.6063808, 23.00951 ], [ 72.6062604, 23.009642 ] ], [ [ 72.6062604, 23.009642 ], [ 72.6061357, 23.0097706 ] ], [ [ 72.6061357, 23.0097706 ], [ 72.60603, 23.0098738 ] ], [ [ 72.60603, 23.0098738 ], [ 72.6059214, 23.0099746 ] ], [ [ 72.6059214, 23.0099746 ], [ 72.6058102, 23.0100728 ] ], [ [ 72.6058102, 23.0100728 ], [ 72.6056756, 23.0101676 ] ], [ [ 72.6056756, 23.0101676 ], [ 72.6055357, 23.0102557 ] ], [ [ 72.6055357, 23.0102557 ], [ 72.605391, 23.0103369 ] ], [ [ 72.605391, 23.0103369 ], [ 72.6052417, 23.0104108 ] ], [ [ 72.6052417, 23.0104108 ], [ 72.6050884, 23.0104773 ] ], [ [ 72.6050884, 23.0104773 ], [ 72.6049315, 23.0105363 ] ], [ [ 72.6049315, 23.0105363 ], [ 72.6047714, 23.0105874 ] ], [ [ 72.6047714, 23.0105874 ], [ 72.6046085, 23.0106307 ] ], [ [ 72.6046085, 23.0106307 ], [ 72.6043661, 23.0106669 ] ], [ [ 72.6043661, 23.0106669 ], [ 72.6041584, 23.0106826 ] ], [ [ 72.6041584, 23.0106826 ], [ 72.602147, 23.0107411 ] ] ] } },
{ "type": "Feature", "properties": { "construction": null, "disused": null, "light_rail": null, "monorail": null, "railway": "rail", "station": null, "subway": null, "id": 760592269, "timestamp": 1745849234, "version": 3, "tags": { "visible": false, "electrified": "contact_line", "frequency": "50", "gauge": "1676", "name": "Western Railway Line", "passenger_lines": "2", "usage": "main", "voltage": "25000" }, "osm_type": "way" }, "geometry": { "type": "MultiLineString", "coordinates": [ [ [ 72.5785935, 23.0850836 ], [ 72.5792214, 23.0848888 ] ], [ [ 72.5792214, 23.0848888 ], [ 72.5798597, 23.0846618 ] ], [ [ 72.5798597, 23.0846618 ], [ 72.5804381, 23.0844251 ] ], [ [ 72.5804381, 23.0844251 ], [ 72.5809398, 23.0841934 ] ], [ [ 72.5809398, 23.0841934 ], [ 72.5811665, 23.0840711 ] ], [ [ 72.5811665, 23.0840711 ], [ 72.5813149, 23.0839914 ] ], [ [ 72.5813149, 23.0839914 ], [ 72.5814587, 23.0839047 ] ], [ [ 72.5814587, 23.0839047 ], [ 72.5815973, 23.0838112 ] ], [ [ 72.5815973, 23.0838112 ], [ 72.5817304, 23.0837113 ] ], [ [ 72.5817304, 23.0837113 ], [ 72.5818578, 23.083605 ] ], [ [ 72.5818578, 23.083605 ], [ 72.5819789, 23.0834929 ] ], [ [ 72.5819789, 23.0834929 ], [ 72.5820714, 23.0833987 ] ], [ [ 72.5820714, 23.0833987 ], [ 72.5821596, 23.0833011 ] ], [ [ 72.5821596, 23.0833011 ], [ 72.5822433, 23.0832002 ] ], [ [ 72.5822433, 23.0832002 ], [ 72.5825567, 23.0827701 ] ], [ [ 72.5825567, 23.0827701 ], [ 72.5845339, 23.0798883 ] ], [ [ 72.5845339, 23.0798883 ], [ 72.5847967, 23.0794515 ] ], [ [ 72.5847967, 23.0794515 ], [ 72.5850586, 23.0789603 ] ], [ [ 72.5850586, 23.0789603 ], [ 72.5852483, 23.078535 ] ], [ [ 72.5852483, 23.078535 ], [ 72.5854438, 23.0780642 ] ], [ [ 72.5854438, 23.0780642 ], [ 72.585684, 23.0773912 ] ], [ [ 72.585684, 23.0773912 ], [ 72.5858436, 23.0768771 ] ], [ [ 72.5858436, 23.0768771 ], [ 72.5861225, 23.0758454 ] ], [ [ 72.5861225, 23.0758454 ], [ 72.5865207, 23.0743824 ] ], [ [ 72.5865207, 23.0743824 ], [ 72.5866538, 23.0739213 ] ], [ [ 72.5866538, 23.0739213 ], [ 72.5873041, 23.0715138 ] ], [ [ 72.5873041, 23.0715138 ], [ 72.5876682, 23.0701896 ] ], [ [ 72.5876682, 23.0701896 ], [ 72.5883015, 23.067949 ] ], [ [ 72.5883015, 23.067949 ], [ 72.5886521, 23.0667099 ] ], [ [ 72.5886521, 23.0667099 ], [ 72.5887195, 23.0664484 ] ], [ [ 72.5887195, 23.0664484 ], [ 72.5887755, 23.066177 ] ], [ [ 72.5887755, 23.066177 ], [ 72.5888508, 23.0657402 ] ], [ [ 72.5888508, 23.0657402 ], [ 72.5889268, 23.0651784 ] ] ] } },
{ "type": "Feature", "properties": { "construction": null, "disused": null, "light_rail": null, "monorail": null, "railway": "rail", "station": null, "subway": null, "id": 760592270, "timestamp": 1666808238, "version": 4, "tags": { "visible": false, "electrified": "contact_line", "frequency": "50", "gauge": "1676", "name": "Western Railway Line", "passenger_lines": "2", "usage": "main", "voltage": "25000" }, "osm_type": "way" }, "geometry": { "type": "MultiLineString", "coordinates": [ [ [ 72.5888768, 23.065171 ], [ 72.5887954, 23.0657341 ] ], [ [ 72.5887954, 23.0657341 ], [ 72.5887139, 23.0661695 ] ], [ [ 72.5887139, 23.0661695 ], [ 72.5886539, 23.0664401 ] ], [ [ 72.5886539, 23.0664401 ], [ 72.5880401, 23.0686627 ] ], [ [ 72.5880401, 23.0686627 ], [ 72.5865412, 23.0741205 ] ], [ [ 72.5865412, 23.0741205 ], [ 72.5860915, 23.0757608 ] ], [ [ 72.5860915, 23.0757608 ], [ 72.585783, 23.0768582 ] ], [ [ 72.585783, 23.0768582 ], [ 72.5856273, 23.077366 ] ], [ [ 72.5856273, 23.077366 ], [ 72.5853852, 23.0780458 ] ], [ [ 72.5853852, 23.0780458 ], [ 72.5852038, 23.0785118 ] ], [ [ 72.5852038, 23.0785118 ], [ 72.5850095, 23.0789438 ] ], [ [ 72.5850095, 23.0789438 ], [ 72.5847535, 23.0794317 ] ], [ [ 72.5847535, 23.0794317 ], [ 72.5844922, 23.0798579 ] ], [ [ 72.5844922, 23.0798579 ], [ 72.582508, 23.0827418 ] ], [ [ 72.582508, 23.0827418 ], [ 72.5821584, 23.083145 ] ], [ [ 72.5821584, 23.083145 ], [ 72.5818755, 23.0834238 ] ], [ [ 72.5818755, 23.0834238 ], [ 72.5816197, 23.0836404 ] ], [ [ 72.5816197, 23.0836404 ], [ 72.581333, 23.0838582 ] ], [ [ 72.581333, 23.0838582 ], [ 72.5811208, 23.0840037 ] ], [ [ 72.5811208, 23.0840037 ], [ 72.5807707, 23.0842199 ] ], [ [ 72.5807707, 23.0842199 ], [ 72.5803989, 23.0843904 ] ], [ [ 72.5803989, 23.0843904 ], [ 72.5798678, 23.0846051 ] ], [ [ 72.5798678, 23.0846051 ], [ 72.579208, 23.0848321 ] ], [ [ 72.579208, 23.0848321 ], [ 72.5785831, 23.0850371 ] ] ] } },
{ "type": "Feature", "properties": { "construction": null, "disused": null, "light_rail": null, "monorail": null, "railway": "rail", "station": null, "subway": null, "id": 760592273, "timestamp": 1745849234, "version": 3, "tags": { "visible": false, "electrified": "contact_line", "frequency": "50", "gauge": "1676", "name": "Western Railway Line", "passenger_lines": "2", "usage": "main", "voltage": "25000" }, "osm_type": "way" }, "geometry": { "type": "MultiLineString", "coordinates": [ [ [ 72.6170573, 22.9863598 ], [ 72.61629, 22.9881431 ] ], [ [ 72.61629, 22.9881431 ], [ 72.6147363, 22.9915319 ] ], [ [ 72.6147363, 22.9915319 ], [ 72.6132284, 22.9948969 ] ], [ [ 72.6132284, 22.9948969 ], [ 72.6132102, 22.9949417 ] ], [ [ 72.6132102, 22.9949417 ], [ 72.6118069, 22.9980691 ] ], [ [ 72.6118069, 22.9980691 ], [ 72.6106918, 23.0005663 ] ], [ [ 72.6106918, 23.0005663 ], [ 72.6093351, 23.0036389 ] ], [ [ 72.6093351, 23.0036389 ], [ 72.6084355, 23.005608 ] ], [ [ 72.6084355, 23.005608 ], [ 72.607042, 23.0086999 ] ], [ [ 72.607042, 23.0086999 ], [ 72.6051039, 23.0132439 ] ], [ [ 72.6051039, 23.0132439 ], [ 72.6038994, 23.0159602 ] ], [ [ 72.6038994, 23.0159602 ], [ 72.6030279, 23.0178866 ] ] ] } },
{ "type": "Feature", "properties": { "construction": null, "disused": null, "light_rail": null, "monorail": null, "railway": "rail", "station": null, "subway": null, "id": 760592274, "timestamp": 1745849234, "version": 3, "tags": { "visible": false, "electrified": "contact_line", "frequency": "50", "gauge": "1676", "name": "Western Railway Line", "passenger_lines": "2", "usage": "main", "voltage": "25000" }, "osm_type": "way" }, "geometry": { "type": "MultiLineString", "coordinates": [ [ [ 72.603074, 23.0179041 ], [ 72.6026989, 23.0188056 ] ], [ [ 72.6026989, 23.0188056 ], [ 72.6023874, 23.0196017 ] ], [ [ 72.6023874, 23.0196017 ], [ 72.6022045, 23.0200267 ] ], [ [ 72.6022045, 23.0200267 ], [ 72.6021473, 23.0202212 ] ], [ [ 72.6021473, 23.0202212 ], [ 72.6020363, 23.0205722 ] ], [ [ 72.6020363, 23.0205722 ], [ 72.6019309, 23.0210843 ] ], [ [ 72.6019309, 23.0210843 ], [ 72.6018526, 23.0214917 ] ], [ [ 72.6018526, 23.0214917 ], [ 72.6017962, 23.0218361 ] ], [ [ 72.6017962, 23.0218361 ], [ 72.6016858, 23.0222991 ] ], [ [ 72.6016858, 23.0222991 ], [ 72.601591, 23.0228803 ] ], [ [ 72.601591, 23.0228803 ], [ 72.6015481, 23.0232617 ] ], [ [ 72.6015481, 23.0232617 ], [ 72.6015227, 23.0235999 ] ], [ [ 72.6015227, 23.0235999 ], [ 72.6015106, 23.0239072 ] ], [ [ 72.6015106, 23.0239072 ], [ 72.6015186, 23.0242652 ] ], [ [ 72.6015186, 23.0242652 ], [ 72.6015991, 23.0256796 ] ] ] } },
{ "type": "Feature", "properties": { "construction": null, "disused": null, "light_rail": null, "monorail": null, "railway": "rail", "station": null, "subway": null, "id": 801418241, "timestamp": 1745849234, "version": 2, "tags": { "visible": false, "electrified": "contact_line", "frequency": "50", "gauge": "1676", "name": "Western Railway Line", "passenger_lines": "2", "usage": "main", "voltage": "25000" }, "osm_type": "way" }, "geometry": { "type": "MultiLineString", "coordinates": [ [ [ 72.601946, 23.0207679 ], [ 72.6020962, 23.0202842 ] ], [ [ 72.6020962, 23.0202842 ], [ 72.6021854, 23.0199701 ] ], [ [ 72.6021854, 23.0199701 ], [ 72.60244, 23.0193251 ] ], [ [ 72.60244, 23.0193251 ], [ 72.6030279, 23.0178866 ] ] ] } },
{ "type": "Feature", "properties": { "construction": null, "disused": null, "light_rail": null, "monorail": null, "railway": "rail", "station": null, "subway": null, "id": 801418242, "timestamp": 1588890569, "version": 1, "tags": { "visible": false, "electrified": "contact_line", "frequency": "50", "gauge": "1676", "name": "Western Railway Line", "passenger_lines": "2", "usage": "main", "voltage": "25000" }, "osm_type": "way" }, "geometry": { "type": "MultiLineString", "coordinates": [ [ [ 72.601946, 23.0207679 ], [ 72.601807, 23.021488 ] ], [ [ 72.601807, 23.021488 ], [ 72.6017426, 23.0218299 ] ], [ [ 72.6017426, 23.0218299 ], [ 72.6016447, 23.0222891 ] ], [ [ 72.6016447, 23.0222891 ], [ 72.6016219, 23.0224175 ] ] ] } },
{ "type": "Feature", "properties": { "construction": null, "disused": null, "light_rail": null, "monorail": null, "railway": "rail", "station": null, "subway": null, "id": 801418243, "timestamp": 1745849234, "version": 2, "tags": { "visible": false, "gauge": "1676", "service": "yard" }, "osm_type": "way" }, "geometry": { "type": "MultiLineString", "coordinates": [ [ [ 72.6029407, 23.0187973 ], [ 72.6026343, 23.0191759 ] ], [ [ 72.6026343, 23.0191759 ], [ 72.6025587, 23.0192811 ] ] ] } },
{ "type": "Feature", "properties": { "construction": null, "disused": null, "light_rail": null, "monorail": null, "railway": "rail", "station": null, "subway": null, "id": 801418244, "timestamp": 1745849234, "version": 2, "tags": { "visible": false, "gauge": "1676", "service": "yard" }, "osm_type": "way" }, "geometry": { "type": "MultiLineString", "coordinates": [ [ [ 72.6037478, 23.017923 ], [ 72.6036393, 23.0180975 ] ], [ [ 72.6036393, 23.0180975 ], [ 72.6033002, 23.0184769 ] ], [ [ 72.6033002, 23.0184769 ], [ 72.6031456, 23.0186131 ] ], [ [ 72.6031456, 23.0186131 ], [ 72.6029768, 23.0188226 ] ], [ [ 72.6029768, 23.0188226 ], [ 72.6028431, 23.0190338 ] ], [ [ 72.6028431, 23.0190338 ], [ 72.6026932, 23.0193698 ] ], [ [ 72.6026932, 23.0193698 ], [ 72.6025216, 23.0197565 ] ] ] } },
{ "type": "Feature", "properties": { "construction": null, "disused": null, "light_rail": null, "monorail": null, "railway": "rail", "station": null, "subway": null, "id": 801418250, "timestamp": 1588890569, "version": 1, "tags": { "visible": false, "electrified": "contact_line", "frequency": "50", "gauge": "1676", "name": "Western Railway Line", "passenger_lines": "2", "service": "siding", "voltage": "25000" }, "osm_type": "way" }, "geometry": { "type": "MultiLineString", "coordinates": [ [ [ 72.601946, 23.0207679 ], [ 72.6017721, 23.0213657 ] ], [ [ 72.6017721, 23.0213657 ], [ 72.6016091, 23.0218682 ] ], [ [ 72.6016091, 23.0218682 ], [ 72.6014501, 23.022292 ] ], [ [ 72.6014501, 23.022292 ], [ 72.6014033, 23.022436 ] ], [ [ 72.6014033, 23.022436 ], [ 72.6012853, 23.0228149 ] ], [ [ 72.6012853, 23.0228149 ], [ 72.601233, 23.0230939 ] ], [ [ 72.601233, 23.0230939 ], [ 72.6011968, 23.023295 ] ], [ [ 72.6011968, 23.023295 ], [ 72.601174, 23.0235418 ] ], [ [ 72.601174, 23.0235418 ], [ 72.6011659, 23.0239467 ] ], [ [ 72.6011659, 23.0239467 ], [ 72.6011741, 23.0242671 ] ], [ [ 72.6011741, 23.0242671 ], [ 72.6015991, 23.0300289 ] ], [ [ 72.6015991, 23.0300289 ], [ 72.6016125, 23.0303043 ] ], [ [ 72.6016125, 23.0303043 ], [ 72.6016179, 23.030524 ] ], [ [ 72.6016179, 23.030524 ], [ 72.6016099, 23.0307548 ] ], [ [ 72.6016099, 23.0307548 ], [ 72.6015776, 23.0312226 ] ], [ [ 72.6015776, 23.0312226 ], [ 72.6015321, 23.0316122 ] ], [ [ 72.6015321, 23.0316122 ], [ 72.6014757, 23.0320149 ] ], [ [ 72.6014757, 23.0320149 ], [ 72.6014677, 23.0322692 ] ], [ [ 72.6014677, 23.0322692 ], [ 72.601469, 23.0324627 ] ], [ [ 72.601469, 23.0324627 ], [ 72.6014864, 23.0328949 ] ], [ [ 72.6014864, 23.0328949 ], [ 72.6015515, 23.0338393 ] ] ] } },
{ "type": "Feature", "properties": { "construction": null, "disused": null, "light_rail": null, "monorail": null, "railway": "rail", "station": null, "subway": null, "id": 801418271, "timestamp": 1588890569, "version": 1, "tags": { "visible": false, "electrified": "contact_line", "frequency": "50", "gauge": "1676", "name": "Western Railway Line", "passenger_lines": "2", "service": "siding", "voltage": "25000" }, "osm_type": "way" }, "geometry": { "type": "MultiLineString", "coordinates": [ [ [ 72.5880401, 23.0686627 ], [ 72.5879276, 23.0689212 ] ], [ [ 72.5879276, 23.0689212 ], [ 72.5878814, 23.0690677 ] ], [ [ 72.5878814, 23.0690677 ], [ 72.5861853, 23.0752625 ] ], [ [ 72.5861853, 23.0752625 ], [ 72.5861442, 23.0754371 ] ], [ [ 72.5861442, 23.0754371 ], [ 72.5860915, 23.0757608 ] ] ] } },
{ "type": "Feature", "properties": { "construction": null, "disused": null, "light_rail": null, "monorail": null, "railway": "subway", "station": null, "subway": null, "id": 823921078, "timestamp": 1734449797, "version": 5, "tags": { "visible": false, "electrified": "rail", "gauge": "1435", "service": "yard" }, "osm_type": "way" }, "geometry": { "type": "MultiLineString", "coordinates": [ [ [ 72.6091431, 23.0121546 ], [ 72.6092942, 23.0121475 ] ], [ [ 72.6092942, 23.0121475 ], [ 72.6099424, 23.0121148 ] ], [ [ 72.6099424, 23.0121148 ], [ 72.6107029, 23.0120673 ] ], [ [ 72.6107029, 23.0120673 ], [ 72.6124717, 23.0119511 ] ], [ [ 72.6124717, 23.0119511 ], [ 72.613145, 23.0119086 ] ], [ [ 72.613145, 23.0119086 ], [ 72.6136533, 23.0118981 ] ], [ [ 72.6136533, 23.0118981 ], [ 72.613886, 23.0119035 ] ], [ [ 72.613886, 23.0119035 ], [ 72.6149058, 23.0120215 ] ], [ [ 72.6149058, 23.0120215 ], [ 72.6158751, 23.0121493 ] ], [ [ 72.6158751, 23.0121493 ], [ 72.616424, 23.0122108 ] ], [ [ 72.616424, 23.0122108 ], [ 72.6169058, 23.0122225 ] ], [ [ 72.6169058, 23.0122225 ], [ 72.617297, 23.0122073 ] ], [ [ 72.617297, 23.0122073 ], [ 72.6175018, 23.0121837 ] ] ] } },
{ "type": "Feature", "properties": { "construction": null, "disused": null, "light_rail": null, "monorail": null, "railway": "subway", "station": null, "subway": null, "id": 823921079, "timestamp": 1735743452, "version": 6, "tags": { "visible": false, "electrified": "rail", "gauge": "1435", "service": "yard" }, "osm_type": "way" }, "geometry": { "type": "MultiLineString", "coordinates": [ [ [ 72.6112428, 23.0106379 ], [ 72.6112569, 23.0106381 ] ], [ [ 72.6112569, 23.0106381 ], [ 72.6112905, 23.010644 ] ], [ [ 72.6112905, 23.010644 ], [ 72.6113543, 23.0106592 ] ], [ [ 72.6113543, 23.0106592 ], [ 72.6114275, 23.0106812 ] ], [ [ 72.6114275, 23.0106812 ], [ 72.6115097, 23.0107105 ] ], [ [ 72.6115097, 23.0107105 ], [ 72.6117033, 23.010786 ] ] ] } },
{ "type": "Feature", "properties": { "construction": null, "disused": null, "light_rail": null, "monorail": null, "railway": "subway", "station": null, "subway": null, "id": 823921080, "timestamp": 1735743452, "version": 6, "tags": { "visible": false, "electrified": "rail", "gauge": "1435", "service": "yard" }, "osm_type": "way" }, "geometry": { "type": "MultiLineString", "coordinates": [ [ [ 72.611241, 23.0106772 ], [ 72.6112611, 23.0106774 ] ], [ [ 72.6112611, 23.0106774 ], [ 72.6113148, 23.0106834 ] ], [ [ 72.6113148, 23.0106834 ], [ 72.6113953, 23.0106987 ] ], [ [ 72.6113953, 23.0106987 ], [ 72.6114802, 23.0107178 ] ], [ [ 72.6114802, 23.0107178 ], [ 72.6115738, 23.0107449 ] ], [ [ 72.6115738, 23.0107449 ], [ 72.6117033, 23.010786 ] ], [ [ 72.6117033, 23.010786 ], [ 72.6118075, 23.0108257 ] ], [ [ 72.6118075, 23.0108257 ], [ 72.6118619, 23.0108435 ] ], [ [ 72.6118619, 23.0108435 ], [ 72.6119358, 23.0108642 ] ] ] } },
{ "type": "Feature", "properties": { "construction": null, "disused": null, "light_rail": null, "monorail": null, "railway": "subway", "station": null, "subway": null, "id": 823921081, "timestamp": 1735743452, "version": 7, "tags": { "visible": false, "electrified": "rail", "gauge": "1435", "service": "yard" }, "osm_type": "way" }, "geometry": { "type": "MultiLineString", "coordinates": [ [ [ 72.6112433, 23.0107134 ], [ 72.6112599, 23.0107147 ] ], [ [ 72.6112599, 23.0107147 ], [ 72.6113136, 23.0107214 ] ], [ [ 72.6113136, 23.0107214 ], [ 72.611411, 23.0107378 ] ], [ [ 72.611411, 23.0107378 ], [ 72.6115287, 23.0107649 ] ], [ [ 72.6115287, 23.0107649 ], [ 72.6116699, 23.0108009 ] ], [ [ 72.6116699, 23.0108009 ], [ 72.6119358, 23.0108642 ] ], [ [ 72.6119358, 23.0108642 ], [ 72.6120808, 23.0108904 ] ], [ [ 72.6120808, 23.0108904 ], [ 72.6121608, 23.0108982 ] ], [ [ 72.6121608, 23.0108982 ], [ 72.6122814, 23.010904 ] ] ] } },
{ "type": "Feature", "properties": { "construction": null, "disused": null, "light_rail": null, "monorail": null, "railway": "subway", "station": null, "subway": null, "id": 823921082, "timestamp": 1735743452, "version": 6, "tags": { "visible": false, "electrified": "rail", "gauge": "1435", "service": "yard" }, "osm_type": "way" }, "geometry": { "type": "MultiLineString", "coordinates": [ [ [ 72.6112436, 23.0107586 ], [ 72.6112607, 23.0107583 ] ], [ [ 72.6112607, 23.0107583 ], [ 72.6114032, 23.0107638 ] ], [ [ 72.6114032, 23.0107638 ], [ 72.6115134, 23.0107751 ] ], [ [ 72.6115134, 23.0107751 ], [ 72.6116699, 23.0108009 ] ] ] } },
{ "type": "Feature", "properties": { "construction": null, "disused": null, "light_rail": null, "monorail": null, "railway": "subway", "station": null, "subway": null, "id": 823921083, "timestamp": 1735743452, "version": 6, "tags": { "visible": false, "electrified": "rail", "gauge": "1435", "service": "yard" }, "osm_type": "way" }, "geometry": { "type": "MultiLineString", "coordinates": [ [ [ 72.611244, 23.0107978 ], [ 72.6112624, 23.0107995 ] ], [ [ 72.6112624, 23.0107995 ], [ 72.6113308, 23.0108029 ] ], [ [ 72.6113308, 23.0108029 ], [ 72.6114167, 23.010815 ] ], [ [ 72.6114167, 23.010815 ], [ 72.6114898, 23.0108317 ] ], [ [ 72.6114898, 23.0108317 ], [ 72.611574, 23.0108521 ] ], [ [ 72.611574, 23.0108521 ], [ 72.6116416, 23.0108693 ] ], [ [ 72.6116416, 23.0108693 ], [ 72.6117423, 23.0108873 ] ] ] } },
{ "type": "Feature", "properties": { "construction": null, "disused": null, "light_rail": null, "monorail": null, "railway": "subway", "station": null, "subway": null, "id": 823921084, "timestamp": 1735743452, "version": 6, "tags": { "visible": false, "electrified": "rail", "gauge": "1435", "service": "yard" }, "osm_type": "way" }, "geometry": { "type": "MultiLineString", "coordinates": [ [ [ 72.6112442, 23.0108413 ], [ 72.6112625, 23.0108394 ] ], [ [ 72.6112625, 23.0108394 ], [ 72.6113213, 23.0108414 ] ], [ [ 72.6113213, 23.0108414 ], [ 72.6115672, 23.0108657 ] ], [ [ 72.6115672, 23.0108657 ], [ 72.6117423, 23.0108873 ] ], [ [ 72.6117423, 23.0108873 ], [ 72.6118267, 23.0108964 ] ], [ [ 72.6118267, 23.0108964 ], [ 72.6120181, 23.0109082 ] ] ] } },
{ "type": "Feature", "properties": { "construction": null, "disused": null, "light_rail": null, "monorail": null, "railway": "subway", "station": null, "subway": null, "id": 823921085, "timestamp": 1735743452, "version": 6, "tags": { "visible": false, "electrified": "rail", "gauge": "1435", "service": "yard" }, "osm_type": "way" }, "geometry": { "type": "MultiLineString", "coordinates": [ [ [ 72.6112439, 23.0108748 ], [ 72.6112655, 23.0108757 ] ], [ [ 72.6112655, 23.0108757 ], [ 72.6113385, 23.0108773 ] ], [ [ 72.6113385, 23.0108773 ], [ 72.6114254, 23.010885 ] ], [ [ 72.6114254, 23.010885 ], [ 72.6115443, 23.0108978 ] ], [ [ 72.6115443, 23.0108978 ], [ 72.6116155, 23.0109045 ] ], [ [ 72.6116155, 23.0109045 ], [ 72.6117378, 23.0109094 ] ] ] } },
{ "type": "Feature", "properties": { "construction": null, "disused": null, "light_rail": null, "monorail": null, "railway": "subway", "station": null, "subway": null, "id": 823921086, "timestamp": 1735743111, "version": 7, "tags": { "visible": false, "electrified": "rail", "gauge": "1435", "service": "yard" }, "osm_type": "way" }, "geometry": { "type": "MultiLineString", "coordinates": [ [ [ 72.6112455, 23.0109179 ], [ 72.6112664, 23.0109167 ] ], [ [ 72.6112664, 23.0109167 ], [ 72.6117378, 23.0109094 ] ], [ [ 72.6117378, 23.0109094 ], [ 72.6120181, 23.0109082 ] ], [ [ 72.6120181, 23.0109082 ], [ 72.6122814, 23.010904 ] ], [ [ 72.6122814, 23.010904 ], [ 72.6125367, 23.0109008 ] ], [ [ 72.6125367, 23.0109008 ], [ 72.6127533, 23.0108966 ] ], [ [ 72.6127533, 23.0108966 ], [ 72.6128968, 23.0108929 ] ], [ [ 72.6128968, 23.0108929 ], [ 72.6130927, 23.0108756 ] ], [ [ 72.6130927, 23.0108756 ], [ 72.6133087, 23.0108668 ] ], [ [ 72.6133087, 23.0108668 ], [ 72.6139872, 23.0108601 ] ], [ [ 72.6139872, 23.0108601 ], [ 72.6143248, 23.0108554 ] ] ] } },
{ "type": "Feature", "properties": { "construction": null, "disused": null, "light_rail": null, "monorail": null, "railway": "subway", "station": null, "subway": null, "id": 823921087, "timestamp": 1734449797, "version": 5, "tags": { "visible": false, "electrified": "rail", "gauge": "1435", "service": "yard" }, "osm_type": "way" }, "geometry": { "type": "MultiLineString", "coordinates": [ [ [ 72.6112452, 23.0109616 ], [ 72.6112672, 23.0109627 ] ], [ [ 72.6112672, 23.0109627 ], [ 72.611675, 23.0109555 ] ], [ [ 72.611675, 23.0109555 ], [ 72.6119475, 23.0109516 ] ] ] } },
{ "type": "Feature", "properties": { "construction": null, "disused": null, "light_rail": null, "monorail": null, "railway": "subway", "station": null, "subway": null, "id": 823921088, "timestamp": 1735743615, "version": 6, "tags": { "visible": false, "electrified": "rail", "gauge": "1435", "service": "yard" }, "osm_type": "way" }, "geometry": { "type": "MultiLineString", "coordinates": [ [ [ 72.6112455, 23.0110048 ], [ 72.6112683, 23.0110046 ] ], [ [ 72.6112683, 23.0110046 ], [ 72.6113268, 23.0110011 ] ], [ [ 72.6113268, 23.0110011 ], [ 72.6113973, 23.0109918 ] ], [ [ 72.6113973, 23.0109918 ], [ 72.6114927, 23.0109757 ] ], [ [ 72.6114927, 23.0109757 ], [ 72.6115586, 23.0109668 ] ], [ [ 72.6115586, 23.0109668 ], [ 72.611675, 23.0109555 ] ] ] } },
{ "type": "Feature", "properties": { "construction": null, "disused": null, "light_rail": null, "monorail": null, "railway": "subway", "station": null, "subway": null, "id": 823921089, "timestamp": 1735743615, "version": 6, "tags": { "visible": false, "electrified": "rail", "gauge": "1435", "service": "yard" }, "osm_type": "way" }, "geometry": { "type": "MultiLineString", "coordinates": [ [ [ 72.6112458, 23.0110395 ], [ 72.6112695, 23.0110404 ] ], [ [ 72.6112695, 23.0110404 ], [ 72.6114305, 23.01102 ] ], [ [ 72.6114305, 23.01102 ], [ 72.6116766, 23.0109797 ] ], [ [ 72.6116766, 23.0109797 ], [ 72.6117441, 23.0109705 ] ], [ [ 72.6117441, 23.0109705 ], [ 72.6118242, 23.0109622 ] ], [ [ 72.6118242, 23.0109622 ], [ 72.6119475, 23.0109516 ] ], [ [ 72.6119475, 23.0109516 ], [ 72.612227, 23.0109514 ] ] ] } },
{ "type": "Feature", "properties": { "construction": null, "disused": null, "light_rail": null, "monorail": null, "railway": "subway", "station": null, "subway": null, "id": 823921090, "timestamp": 1735743615, "version": 6, "tags": { "visible": false, "electrified": "rail", "gauge": "1435", "service": "yard" }, "osm_type": "way" }, "geometry": { "type": "MultiLineString", "coordinates": [ [ [ 72.6112461, 23.0110792 ], [ 72.61127, 23.011079 ] ], [ [ 72.61127, 23.011079 ], [ 72.6113216, 23.0110734 ] ], [ [ 72.6113216, 23.0110734 ], [ 72.6113917, 23.0110562 ] ], [ [ 72.6113917, 23.0110562 ], [ 72.6115056, 23.0110172 ] ], [ [ 72.6115056, 23.0110172 ], [ 72.6116766, 23.0109797 ] ] ] } },
{ "type": "Feature", "properties": { "construction": null, "disused": null, "light_rail": null, "monorail": null, "railway": "subway", "station": null, "subway": null, "id": 823921091, "timestamp": 1735743881, "version": 5, "tags": { "visible": false, "electrified": "rail", "gauge": "1435", "service": "yard" }, "osm_type": "way" }, "geometry": { "type": "MultiLineString", "coordinates": [ [ [ 72.6111875, 23.0111518 ], [ 72.6112046, 23.0111515 ] ], [ [ 72.6112046, 23.0111515 ], [ 72.6112821, 23.0111466 ] ], [ [ 72.6112821, 23.0111466 ], [ 72.6113571, 23.0111365 ] ], [ [ 72.6113571, 23.0111365 ], [ 72.6114345, 23.0111234 ] ], [ [ 72.6114345, 23.0111234 ], [ 72.6115142, 23.0111056 ] ], [ [ 72.6115142, 23.0111056 ], [ 72.6116163, 23.0110785 ] ] ] } },
{ "type": "Feature", "properties": { "construction": null, "disused": null, "light_rail": null, "monorail": null, "railway": "subway", "station": null, "subway": null, "id": 823921092, "timestamp": 1735743881, "version": 6, "tags": { "visible": false, "electrified": "rail", "gauge": "1435", "service": "yard" }, "osm_type": "way" }, "geometry": { "type": "MultiLineString", "coordinates": [ [ [ 72.6110337, 23.0112084 ], [ 72.611054, 23.0112087 ] ], [ [ 72.611054, 23.0112087 ], [ 72.6111044, 23.0112079 ] ], [ [ 72.6111044, 23.0112079 ], [ 72.6111589, 23.011204 ] ], [ [ 72.6111589, 23.011204 ], [ 72.611247, 23.0111918 ] ], [ [ 72.611247, 23.0111918 ], [ 72.6113336, 23.0111722 ] ], [ [ 72.6113336, 23.0111722 ], [ 72.6114224, 23.0111435 ] ], [ [ 72.6114224, 23.0111435 ], [ 72.6116163, 23.0110785 ] ], [ [ 72.6116163, 23.0110785 ], [ 72.6118582, 23.0109992 ] ], [ [ 72.6118582, 23.0109992 ], [ 72.6119281, 23.0109815 ] ], [ [ 72.6119281, 23.0109815 ], [ 72.6120151, 23.0109672 ] ], [ [ 72.6120151, 23.0109672 ], [ 72.6120898, 23.01096 ] ], [ [ 72.6120898, 23.01096 ], [ 72.612227, 23.0109514 ] ], [ [ 72.612227, 23.0109514 ], [ 72.6125008, 23.0109452 ] ] ] } },
{ "type": "Feature", "properties": { "construction": null, "disused": null, "light_rail": null, "monorail": null, "railway": "subway", "station": null, "subway": null, "id": 823921093, "timestamp": 1735743881, "version": 6, "tags": { "visible": false, "electrified": "rail", "gauge": "1435", "service": "yard" }, "osm_type": "way" }, "geometry": { "type": "MultiLineString", "coordinates": [ [ [ 72.6110336, 23.0112552 ], [ 72.6110587, 23.0112555 ] ], [ [ 72.6110587, 23.0112555 ], [ 72.6111212, 23.0112529 ] ], [ [ 72.6111212, 23.0112529 ], [ 72.6112205, 23.0112392 ] ], [ [ 72.6112205, 23.0112392 ], [ 72.6113128, 23.0112194 ] ], [ [ 72.6113128, 23.0112194 ], [ 72.6113901, 23.0111978 ] ], [ [ 72.6113901, 23.0111978 ], [ 72.611826, 23.0110475 ] ] ] } },
{ "type": "Feature", "properties": { "construction": null, "disused": null, "light_rail": null, "monorail": null, "railway": "subway", "station": null, "subway": null, "id": 823921094, "timestamp": 1735743881, "version": 6, "tags": { "visible": false, "electrified": "rail", "gauge": "1435", "service": "yard" }, "osm_type": "way" }, "geometry": { "type": "MultiLineString", "coordinates": [ [ [ 72.6110387, 23.0112965 ], [ 72.611064, 23.0112967 ] ], [ [ 72.611064, 23.0112967 ], [ 72.6111363, 23.0112928 ] ], [ [ 72.6111363, 23.0112928 ], [ 72.611241, 23.0112766 ] ], [ [ 72.611241, 23.0112766 ], [ 72.6113443, 23.0112505 ] ], [ [ 72.6113443, 23.0112505 ], [ 72.6114589, 23.0112111 ] ], [ [ 72.6114589, 23.0112111 ], [ 72.6115419, 23.0111745 ] ], [ [ 72.6115419, 23.0111745 ], [ 72.6116229, 23.0111323 ] ], [ [ 72.6116229, 23.0111323 ], [ 72.6116961, 23.0111004 ] ], [ [ 72.6116961, 23.0111004 ], [ 72.611826, 23.0110475 ] ], [ [ 72.611826, 23.0110475 ], [ 72.6118996, 23.0110229 ] ], [ [ 72.6118996, 23.0110229 ], [ 72.6119775, 23.0110043 ] ], [ [ 72.6119775, 23.0110043 ], [ 72.6120432, 23.0109943 ] ], [ [ 72.6120432, 23.0109943 ], [ 72.6122287, 23.0109734 ] ] ] } },
{ "type": "Feature", "properties": { "construction": null, "disused": null, "light_rail": null, "monorail": null, "railway": "subway", "station": null, "subway": null, "id": 823921095, "timestamp": 1735743881, "version": 6, "tags": { "visible": false, "electrified": "rail", "gauge": "1435", "service": "yard" }, "osm_type": "way" }, "geometry": { "type": "MultiLineString", "coordinates": [ [ [ 72.6110403, 23.0113427 ], [ 72.6110645, 23.011342 ] ], [ [ 72.6110645, 23.011342 ], [ 72.6111067, 23.0113385 ] ], [ [ 72.6111067, 23.0113385 ], [ 72.6111928, 23.0113244 ] ], [ [ 72.6111928, 23.0113244 ], [ 72.6112857, 23.0113029 ] ], [ [ 72.6112857, 23.0113029 ], [ 72.611385, 23.011273 ] ], [ [ 72.611385, 23.011273 ], [ 72.6114731, 23.0112454 ] ], [ [ 72.6114731, 23.0112454 ], [ 72.6115954, 23.0112027 ] ] ] } },
{ "type": "Feature", "properties": { "construction": null, "disused": null, "light_rail": null, "monorail": null, "railway": "subway", "station": null, "subway": null, "id": 823921096, "timestamp": 1735743881, "version": 6, "tags": { "visible": false, "electrified": "rail", "gauge": "1435", "service": "yard" }, "osm_type": "way" }, "geometry": { "type": "MultiLineString", "coordinates": [ [ [ 72.6110507, 23.0113813 ], [ 72.6110638, 23.0113772 ] ], [ [ 72.6110638, 23.0113772 ], [ 72.6110967, 23.0113754 ] ], [ [ 72.6110967, 23.0113754 ], [ 72.611184, 23.0113602 ] ], [ [ 72.611184, 23.0113602 ], [ 72.6112675, 23.0113403 ] ], [ [ 72.6112675, 23.0113403 ], [ 72.6113894, 23.0112903 ] ], [ [ 72.6113894, 23.0112903 ], [ 72.6115954, 23.0112027 ] ], [ [ 72.6115954, 23.0112027 ], [ 72.6118442, 23.0110859 ] ] ] } },
{ "type": "Feature", "properties": { "construction": null, "disused": null, "light_rail": null, "monorail": null, "railway": "subway", "station": null, "subway": null, "id": 823921097, "timestamp": 1735743881, "version": 6, "tags": { "visible": false, "electrified": "rail", "gauge": "1435", "service": "yard" }, "osm_type": "way" }, "geometry": { "type": "MultiLineString", "coordinates": [ [ [ 72.611051, 23.0114251 ], [ 72.6110622, 23.0114234 ] ], [ [ 72.6110622, 23.0114234 ], [ 72.6111296, 23.0114162 ] ], [ [ 72.6111296, 23.0114162 ], [ 72.6111996, 23.0114065 ] ], [ [ 72.6111996, 23.0114065 ], [ 72.6112896, 23.0113838 ] ], [ [ 72.6112896, 23.0113838 ], [ 72.6113791, 23.0113556 ] ], [ [ 72.6113791, 23.0113556 ], [ 72.6114584, 23.0113185 ] ], [ [ 72.6114584, 23.0113185 ], [ 72.6115266, 23.011282 ] ], [ [ 72.6115266, 23.011282 ], [ 72.6116099, 23.011229 ] ], [ [ 72.6116099, 23.011229 ], [ 72.6116961, 23.0111709 ] ], [ [ 72.6116961, 23.0111709 ], [ 72.6118442, 23.0110859 ] ], [ [ 72.6118442, 23.0110859 ], [ 72.6119159, 23.0110557 ] ], [ [ 72.6119159, 23.0110557 ], [ 72.6120043, 23.0110245 ] ], [ [ 72.6120043, 23.0110245 ], [ 72.6120782, 23.0110039 ] ], [ [ 72.6120782, 23.0110039 ], [ 72.6122287, 23.0109734 ] ], [ [ 72.6122287, 23.0109734 ], [ 72.6123463, 23.0109575 ] ], [ [ 72.6123463, 23.0109575 ], [ 72.6125008, 23.0109452 ] ], [ [ 72.6125008, 23.0109452 ], [ 72.6127696, 23.0109434 ] ] ] } },
{ "type": "Feature", "properties": { "construction": null, "disused": null, "light_rail": null, "monorail": null, "railway": "subway", "station": null, "subway": null, "id": 823921098, "timestamp": 1735745099, "version": 6, "tags": { "visible": false, "electrified": "rail", "gauge": "1435", "service": "yard" }, "osm_type": "way" }, "geometry": { "type": "MultiLineString", "coordinates": [ [ [ 72.6108489, 23.0115232 ], [ 72.6108826, 23.0115226 ] ], [ [ 72.6108826, 23.0115226 ], [ 72.6109675, 23.011521 ] ], [ [ 72.6109675, 23.011521 ], [ 72.6110685, 23.0115099 ] ], [ [ 72.6110685, 23.0115099 ], [ 72.6111585, 23.0114915 ] ], [ [ 72.6111585, 23.0114915 ], [ 72.6112527, 23.0114627 ] ], [ [ 72.6112527, 23.0114627 ], [ 72.6116347, 23.0113148 ] ] ] } },
{ "type": "Feature", "properties": { "construction": null, "disused": null, "light_rail": null, "monorail": null, "railway": "subway", "station": null, "subway": null, "id": 823921099, "timestamp": 1735745099, "version": 6, "tags": { "visible": false, "electrified": "rail", "gauge": "1435", "service": "yard" }, "osm_type": "way" }, "geometry": { "type": "MultiLineString", "coordinates": [ [ [ 72.6108486, 23.0115853 ], [ 72.6108826, 23.0115833 ] ], [ [ 72.6108826, 23.0115833 ], [ 72.6109683, 23.0115779 ] ], [ [ 72.6109683, 23.0115779 ], [ 72.6110739, 23.0115617 ] ], [ [ 72.6110739, 23.0115617 ], [ 72.6111697, 23.0115342 ] ], [ [ 72.6111697, 23.0115342 ], [ 72.6112776, 23.0114918 ] ], [ [ 72.6112776, 23.0114918 ], [ 72.611393, 23.0114398 ] ], [ [ 72.611393, 23.0114398 ], [ 72.6116347, 23.0113148 ] ], [ [ 72.6116347, 23.0113148 ], [ 72.6118826, 23.0111965 ] ] ] } },
{ "type": "Feature", "properties": { "construction": null, "disused": null, "light_rail": null, "monorail": null, "railway": "subway", "station": null, "subway": null, "id": 823921100, "timestamp": 1735745099, "version": 6, "tags": { "visible": false, "electrified": "rail", "gauge": "1435", "service": "yard" }, "osm_type": "way" }, "geometry": { "type": "MultiLineString", "coordinates": [ [ [ 72.6108503, 23.0116386 ], [ 72.610881, 23.0116381 ] ], [ [ 72.610881, 23.0116381 ], [ 72.6110123, 23.0116249 ] ], [ [ 72.6110123, 23.0116249 ], [ 72.6111359, 23.0115964 ] ], [ [ 72.6111359, 23.0115964 ], [ 72.6112318, 23.0115629 ] ], [ [ 72.6112318, 23.0115629 ], [ 72.611323, 23.0115194 ] ], [ [ 72.611323, 23.0115194 ], [ 72.6114564, 23.0114474 ] ], [ [ 72.6114564, 23.0114474 ], [ 72.6118826, 23.0111965 ] ], [ [ 72.6118826, 23.0111965 ], [ 72.6119687, 23.011149 ] ], [ [ 72.6119687, 23.011149 ], [ 72.6120705, 23.0111067 ] ], [ [ 72.6120705, 23.0111067 ], [ 72.6121542, 23.0110763 ] ], [ [ 72.6121542, 23.0110763 ], [ 72.6123112, 23.0110259 ] ] ] } },
{ "type": "Feature", "properties": { "construction": null, "disused": null, "light_rail": null, "monorail": null, "railway": "subway", "station": null, "subway": null, "id": 823921101, "timestamp": 1735745244, "version": 5, "tags": { "visible": false, "electrified": "rail", "gauge": "1435", "service": "yard" }, "osm_type": "way" }, "geometry": { "type": "MultiLineString", "coordinates": [ [ [ 72.610804, 23.0118325 ], [ 72.6108265, 23.0118338 ] ], [ [ 72.6108265, 23.0118338 ], [ 72.6109158, 23.0118299 ] ], [ [ 72.6109158, 23.0118299 ], [ 72.6110145, 23.0118141 ] ], [ [ 72.6110145, 23.0118141 ], [ 72.6111019, 23.0117903 ] ], [ [ 72.6111019, 23.0117903 ], [ 72.611211, 23.0117479 ] ], [ [ 72.611211, 23.0117479 ], [ 72.6113029, 23.0117041 ] ], [ [ 72.6113029, 23.0117041 ], [ 72.6114004, 23.0116415 ] ], [ [ 72.6114004, 23.0116415 ], [ 72.6116936, 23.0114063 ] ] ] } },
{ "type": "Feature", "properties": { "construction": null, "disused": null, "light_rail": null, "monorail": null, "railway": "subway", "station": null, "subway": null, "id": 823921102, "timestamp": 1735745244, "version": 5, "tags": { "visible": false, "electrified": "rail", "gauge": "1435", "service": "yard" }, "osm_type": "way" }, "geometry": { "type": "MultiLineString", "coordinates": [ [ [ 72.610806, 23.0118808 ], [ 72.6108286, 23.0118798 ] ], [ [ 72.6108286, 23.0118798 ], [ 72.610858, 23.0118787 ] ], [ [ 72.610858, 23.0118787 ], [ 72.6109621, 23.0118671 ] ], [ [ 72.6109621, 23.0118671 ], [ 72.6110699, 23.011844 ] ], [ [ 72.6110699, 23.011844 ], [ 72.6111659, 23.0118117 ] ], [ [ 72.6111659, 23.0118117 ], [ 72.6112711, 23.0117634 ] ], [ [ 72.6112711, 23.0117634 ], [ 72.611384, 23.0116926 ] ], [ [ 72.611384, 23.0116926 ], [ 72.6114804, 23.0116153 ] ], [ [ 72.6114804, 23.0116153 ], [ 72.6116936, 23.0114063 ] ], [ [ 72.6116936, 23.0114063 ], [ 72.6119031, 23.0112444 ] ] ] } },
{ "type": "Feature", "properties": { "construction": null, "disused": null, "light_rail": null, "monorail": null, "railway": "subway", "station": null, "subway": null, "id": 823921103, "timestamp": 1735745244, "version": 5, "tags": { "visible": false, "electrified": "rail", "gauge": "1435", "service": "yard" }, "osm_type": "way" }, "geometry": { "type": "MultiLineString", "coordinates": [ [ [ 72.6117115, 23.0114255 ], [ 72.611529, 23.0116195 ] ], [ [ 72.611529, 23.0116195 ], [ 72.6114354, 23.0117032 ] ], [ [ 72.6114354, 23.0117032 ], [ 72.6113372, 23.0117739 ] ], [ [ 72.6113372, 23.0117739 ], [ 72.6112592, 23.0118198 ] ], [ [ 72.6112592, 23.0118198 ], [ 72.6111791, 23.0118632 ] ], [ [ 72.6111791, 23.0118632 ], [ 72.6110949, 23.0118958 ] ], [ [ 72.6110949, 23.0118958 ], [ 72.611008, 23.0119207 ] ], [ [ 72.611008, 23.0119207 ], [ 72.6109111, 23.0119367 ] ], [ [ 72.6109111, 23.0119367 ], [ 72.6108222, 23.011945 ] ], [ [ 72.6108222, 23.011945 ], [ 72.6099166, 23.0119549 ] ], [ [ 72.6099166, 23.0119549 ], [ 72.6093195, 23.0119679 ] ] ] } },
{ "type": "Feature", "properties": { "construction": null, "disused": null, "light_rail": null, "monorail": null, "railway": "subway", "station": null, "subway": null, "id": 823921104, "timestamp": 1735745442, "version": 7, "tags": { "visible": false, "electrified": "rail", "gauge": "1435", "service": "yard" }, "osm_type": "way" }, "geometry": { "type": "MultiLineString", "coordinates": [ [ [ 72.6169466, 23.0120895 ], [ 72.6161086, 23.0120045 ] ], [ [ 72.6161086, 23.0120045 ], [ 72.6155309, 23.011938 ] ], [ [ 72.6155309, 23.011938 ], [ 72.6154389, 23.0119201 ] ], [ [ 72.6154389, 23.0119201 ], [ 72.6153292, 23.0118816 ] ], [ [ 72.6153292, 23.0118816 ], [ 72.6152547, 23.0118496 ] ], [ [ 72.6152547, 23.0118496 ], [ 72.6151786, 23.0118046 ] ], [ [ 72.6151786, 23.0118046 ], [ 72.6150716, 23.0117331 ] ], [ [ 72.6150716, 23.0117331 ], [ 72.6148254, 23.0114918 ] ], [ [ 72.6148254, 23.0114918 ], [ 72.6146791, 23.0113592 ] ], [ [ 72.6146791, 23.0113592 ], [ 72.6145999, 23.0112838 ] ], [ [ 72.6145999, 23.0112838 ], [ 72.6145179, 23.011222 ] ], [ [ 72.6145179, 23.011222 ], [ 72.6144196, 23.0111587 ] ], [ [ 72.6144196, 23.0111587 ], [ 72.6143265, 23.011108 ] ], [ [ 72.6143265, 23.011108 ], [ 72.6141998, 23.0110477 ] ] ] } },
{ "type": "Feature", "properties": { "construction": null, "disused": null, "light_rail": null, "monorail": null, "railway": "subway", "station": null, "subway": null, "id": 823921105, "timestamp": 1735745442, "version": 5, "tags": { "visible": false, "electrified": "rail", "gauge": "1435", "service": "yard" }, "osm_type": "way" }, "geometry": { "type": "MultiLineString", "coordinates": [ [ [ 72.6155096, 23.0116718 ], [ 72.6154174, 23.0116526 ] ], [ [ 72.6154174, 23.0116526 ], [ 72.6153252, 23.011624 ] ], [ [ 72.6153252, 23.011624 ], [ 72.6152361, 23.0115911 ] ], [ [ 72.6152361, 23.0115911 ], [ 72.6151578, 23.0115561 ] ], [ [ 72.6151578, 23.0115561 ], [ 72.6150644, 23.0115001 ] ], [ [ 72.6150644, 23.0115001 ], [ 72.6149505, 23.0114223 ] ], [ [ 72.6149505, 23.0114223 ], [ 72.6148754, 23.0113766 ] ], [ [ 72.6148754, 23.0113766 ], [ 72.6146938, 23.011274 ] ] ] } },
{ "type": "Feature", "properties": { "construction": null, "disused": null, "light_rail": null, "monorail": null, "railway": "subway", "station": null, "subway": null, "id": 823921106, "timestamp": 1735745442, "version": 5, "tags": { "visible": false, "electrified": "rail", "gauge": "1435", "service": "yard" }, "osm_type": "way" }, "geometry": { "type": "MultiLineString", "coordinates": [ [ [ 72.6155196, 23.0115501 ], [ 72.6154028, 23.0115227 ] ], [ [ 72.6154028, 23.0115227 ], [ 72.6153242, 23.0114996 ] ], [ [ 72.6153242, 23.0114996 ], [ 72.6149673, 23.0113579 ] ] ] } },
{ "type": "Feature", "properties": { "construction": null, "disused": null, "light_rail": null, "monorail": null, "railway": "subway", "station": null, "subway": null, "id": 823921107, "timestamp": 1735745442, "version": 5, "tags": { "visible": false, "electrified": "rail", "gauge": "1435", "service": "yard" }, "osm_type": "way" }, "geometry": { "type": "MultiLineString", "coordinates": [ [ [ 72.6155283, 23.0114784 ], [ 72.6153506, 23.0114574 ] ], [ [ 72.6153506, 23.0114574 ], [ 72.615239, 23.0114384 ] ], [ [ 72.615239, 23.0114384 ], [ 72.6151233, 23.0114076 ] ], [ [ 72.6151233, 23.0114076 ], [ 72.6149673, 23.0113579 ] ], [ [ 72.6149673, 23.0113579 ], [ 72.6147086, 23.0112547 ] ] ] } },
{ "type": "Feature", "properties": { "construction": null, "disused": null, "light_rail": null, "monorail": null, "railway": "subway", "station": null, "subway": null, "id": 823921108, "timestamp": 1735745442, "version": 5, "tags": { "visible": false, "electrified": "rail", "gauge": "1435", "service": "yard" }, "osm_type": "way" }, "geometry": { "type": "MultiLineString", "coordinates": [ [ [ 72.615568, 23.0113575 ], [ 72.6155407, 23.0113536 ] ], [ [ 72.6155407, 23.0113536 ], [ 72.6154542, 23.0113473 ] ], [ [ 72.6154542, 23.0113473 ], [ 72.615239, 23.0113465 ] ], [ [ 72.615239, 23.0113465 ], [ 72.6151256, 23.0113474 ] ], [ [ 72.6151256, 23.0113474 ], [ 72.615024, 23.0113397 ] ], [ [ 72.615024, 23.0113397 ], [ 72.6149412, 23.0113285 ] ], [ [ 72.6149412, 23.0113285 ], [ 72.6148441, 23.0113001 ] ], [ [ 72.6148441, 23.0113001 ], [ 72.6147086, 23.0112547 ] ], [ [ 72.6147086, 23.0112547 ], [ 72.6144576, 23.0111484 ] ] ] } },
{ "type": "Feature", "properties": { "construction": null, "disused": null, "light_rail": null, "monorail": null, "railway": "subway", "station": null, "subway": null, "id": 823921109, "timestamp": 1735745442, "version": 9, "tags": { "visible": false, "electrified": "rail", "gauge": "1435", "service": "yard" }, "osm_type": "way" }, "geometry": { "type": "MultiLineString", "coordinates": [ [ [ 72.6155019, 23.0117428 ], [ 72.6153523, 23.011704 ] ], [ [ 72.6153523, 23.011704 ], [ 72.6151825, 23.0116219 ] ], [ [ 72.6151825, 23.0116219 ], [ 72.6150638, 23.0115479 ] ], [ [ 72.6150638, 23.0115479 ], [ 72.6146938, 23.011274 ] ], [ [ 72.6146938, 23.011274 ], [ 72.6146317, 23.0112398 ] ], [ [ 72.6146317, 23.0112398 ], [ 72.6144576, 23.0111484 ] ], [ [ 72.6144576, 23.0111484 ], [ 72.6141998, 23.0110477 ] ], [ [ 72.6141998, 23.0110477 ], [ 72.6140877, 23.0110092 ] ], [ [ 72.6140877, 23.0110092 ], [ 72.6139724, 23.0109806 ] ], [ [ 72.6139724, 23.0109806 ], [ 72.6138458, 23.0109563 ] ], [ [ 72.6138458, 23.0109563 ], [ 72.6137605, 23.0109471 ] ], [ [ 72.6137605, 23.0109471 ], [ 72.6136946, 23.0109418 ] ], [ [ 72.6136946, 23.0109418 ], [ 72.6135721, 23.0109358 ] ], [ [ 72.6135721, 23.0109358 ], [ 72.6133021, 23.0109348 ] ], [ [ 72.6133021, 23.0109348 ], [ 72.6130506, 23.0109396 ] ], [ [ 72.6130506, 23.0109396 ], [ 72.6127696, 23.0109434 ] ], [ [ 72.6127696, 23.0109434 ], [ 72.6126376, 23.0109539 ] ], [ [ 72.6126376, 23.0109539 ], [ 72.6125281, 23.0109674 ] ], [ [ 72.6125281, 23.0109674 ], [ 72.6124136, 23.0109957 ] ], [ [ 72.6124136, 23.0109957 ], [ 72.6123112, 23.0110259 ] ], [ [ 72.6123112, 23.0110259 ], [ 72.6121679, 23.0110845 ] ], [ [ 72.6121679, 23.0110845 ], [ 72.6120718, 23.0111298 ] ], [ [ 72.6120718, 23.0111298 ], [ 72.6119871, 23.0111806 ] ], [ [ 72.6119871, 23.0111806 ], [ 72.6119031, 23.0112444 ] ], [ [ 72.6119031, 23.0112444 ], [ 72.6117854, 23.011352 ] ], [ [ 72.6117854, 23.011352 ], [ 72.6117115, 23.0114255 ] ], [ [ 72.6117115, 23.0114255 ], [ 72.6116029, 23.0115571 ] ], [ [ 72.6116029, 23.0115571 ], [ 72.6115515, 23.0116253 ] ], [ [ 72.6115515, 23.0116253 ], [ 72.6114916, 23.0117058 ] ], [ [ 72.6114916, 23.0117058 ], [ 72.6114347, 23.0117695 ] ], [ [ 72.6114347, 23.0117695 ], [ 72.611339, 23.0118507 ] ], [ [ 72.611339, 23.0118507 ], [ 72.6112463, 23.011914 ] ], [ [ 72.6112463, 23.011914 ], [ 72.6111155, 23.0119787 ] ], [ [ 72.6111155, 23.0119787 ], [ 72.6109754, 23.0120213 ] ], [ [ 72.6109754, 23.0120213 ], [ 72.6108446, 23.0120469 ] ], [ [ 72.6108446, 23.0120469 ], [ 72.6107029, 23.0120673 ] ] ] } },
{ "type": "Feature", "properties": { "construction": null, "disused": null, "light_rail": null, "monorail": null, "railway": "rail", "station": null, "subway": null, "id": 825392103, "timestamp": 1745849234, "version": 4, "tags": { "visible": false, "electrified": "contact_line", "frequency": "50", "gauge": "1676", "passenger_lines": "2", "usage": "main", "voltage": "25000" }, "osm_type": "way" }, "geometry": { "type": "MultiLineString", "coordinates": [ [ [ 72.5817187, 23.0881563 ], [ 72.5817405, 23.0878379 ] ], [ [ 72.5817405, 23.0878379 ], [ 72.5817737, 23.0875378 ] ], [ [ 72.5817737, 23.0875378 ], [ 72.5818268, 23.0872403 ] ], [ [ 72.5818268, 23.0872403 ], [ 72.5818732, 23.0870493 ] ], [ [ 72.5818732, 23.0870493 ], [ 72.5819377, 23.0868225 ] ], [ [ 72.5819377, 23.0868225 ], [ 72.5820012, 23.0866166 ] ], [ [ 72.5820012, 23.0866166 ], [ 72.5821018, 23.0863653 ] ], [ [ 72.5821018, 23.0863653 ], [ 72.5822336, 23.0860583 ] ], [ [ 72.5822336, 23.0860583 ], [ 72.5823578, 23.0858323 ] ], [ [ 72.5823578, 23.0858323 ], [ 72.582502, 23.0855898 ] ], [ [ 72.582502, 23.0855898 ], [ 72.5827969, 23.0851754 ] ], [ [ 72.5827969, 23.0851754 ], [ 72.5834705, 23.0843436 ] ] ] } },
{ "type": "Feature", "properties": { "construction": null, "disused": null, "light_rail": null, "monorail": null, "railway": "rail", "station": null, "subway": null, "id": 825392106, "timestamp": 1745849234, "version": 5, "tags": { "visible": false, "electrified": "contact_line", "frequency": "50", "gauge": "1676", "passenger_lines": "2", "usage": "main", "voltage": "25000" }, "osm_type": "way" }, "geometry": { "type": "MultiLineString", "coordinates": [ [ [ 72.5831482, 23.0846198 ], [ 72.5824682, 23.0855427 ] ], [ [ 72.5824682, 23.0855427 ], [ 72.582362, 23.0857075 ] ], [ [ 72.582362, 23.0857075 ], [ 72.5822624, 23.0858757 ] ], [ [ 72.5822624, 23.0858757 ], [ 72.5821695, 23.0860472 ] ], [ [ 72.5821695, 23.0860472 ], [ 72.5820834, 23.0862216 ] ], [ [ 72.5820834, 23.0862216 ], [ 72.5820042, 23.0863989 ] ], [ [ 72.5820042, 23.0863989 ], [ 72.5819209, 23.0866083 ] ], [ [ 72.5819209, 23.0866083 ], [ 72.5818473, 23.0868208 ] ], [ [ 72.5818473, 23.0868208 ], [ 72.5817835, 23.087036 ] ], [ [ 72.5817835, 23.087036 ], [ 72.5817297, 23.0872535 ] ], [ [ 72.5817297, 23.0872535 ], [ 72.581685, 23.0874578 ] ], [ [ 72.581685, 23.0874578 ], [ 72.5816522, 23.0876937 ] ], [ [ 72.5816522, 23.0876937 ], [ 72.5816286, 23.0879157 ] ], [ [ 72.5816286, 23.0879157 ], [ 72.5816161, 23.0881632 ] ] ] } },
{ "type": "Feature", "properties": { "construction": null, "disused": null, "light_rail": null, "monorail": null, "railway": "rail", "station": null, "subway": null, "id": 825397664, "timestamp": 1749635003, "version": 5, "tags": { "visible": false, "gauge": "1676", "service": "yard" }, "osm_type": "way" }, "geometry": { "type": "MultiLineString", "coordinates": [ [ [ 72.5807011, 23.0879838 ], [ 72.580663, 23.0880373 ] ], [ [ 72.580663, 23.0880373 ], [ 72.5805399, 23.08821 ] ], [ [ 72.5805399, 23.08821 ], [ 72.5803446, 23.0885829 ] ], [ [ 72.5803446, 23.0885829 ], [ 72.5801824, 23.0889292 ] ], [ [ 72.5801824, 23.0889292 ], [ 72.5799671, 23.0895826 ] ], [ [ 72.5799671, 23.0895826 ], [ 72.5798922, 23.0899027 ] ], [ [ 72.5798922, 23.0899027 ], [ 72.5798258, 23.0901129 ] ], [ [ 72.5798258, 23.0901129 ], [ 72.5797339, 23.0903581 ] ], [ [ 72.5797339, 23.0903581 ], [ 72.5796267, 23.0905919 ] ], [ [ 72.5796267, 23.0905919 ], [ 72.579419, 23.090967 ] ], [ [ 72.579419, 23.090967 ], [ 72.5788593, 23.0919479 ] ], [ [ 72.5788593, 23.0919479 ], [ 72.5787775, 23.0922082 ] ], [ [ 72.5787775, 23.0922082 ], [ 72.5784596, 23.0927612 ] ] ] } },
{ "type": "Feature", "properties": { "construction": null, "disused": null, "light_rail": null, "monorail": null, "railway": "rail", "station": null, "subway": null, "id": 825397665, "timestamp": 1745849234, "version": 4, "tags": { "visible": false, "gauge": "1676", "service": "yard" }, "osm_type": "way" }, "geometry": { "type": "MultiLineString", "coordinates": [ [ [ 72.5812961, 23.0881535 ], [ 72.5813041, 23.0879607 ] ], [ [ 72.5813041, 23.0879607 ], [ 72.5813348, 23.0871186 ] ], [ [ 72.5813348, 23.0871186 ], [ 72.5814532, 23.0861126 ] ], [ [ 72.5814532, 23.0861126 ], [ 72.5814677, 23.0860078 ] ], [ [ 72.5814677, 23.0860078 ], [ 72.5814645, 23.0858951 ] ], [ [ 72.5814645, 23.0858951 ], [ 72.5814745, 23.0856808 ] ], [ [ 72.5814745, 23.0856808 ], [ 72.5814946, 23.0853884 ] ], [ [ 72.5814946, 23.0853884 ], [ 72.5815549, 23.0851392 ] ], [ [ 72.5815549, 23.0851392 ], [ 72.5816032, 23.0849826 ] ], [ [ 72.5816032, 23.0849826 ], [ 72.5817333, 23.0847309 ] ], [ [ 72.5817333, 23.0847309 ], [ 72.5821987, 23.0841449 ] ], [ [ 72.5821987, 23.0841449 ], [ 72.5853087, 23.0807064 ] ], [ [ 72.5853087, 23.0807064 ], [ 72.5854455, 23.0805127 ] ], [ [ 72.5854455, 23.0805127 ], [ 72.5855957, 23.0802956 ] ], [ [ 72.5855957, 23.0802956 ], [ 72.5857888, 23.080002 ] ], [ [ 72.5857888, 23.080002 ], [ 72.5859833, 23.0796701 ] ], [ [ 72.5859833, 23.0796701 ], [ 72.5860906, 23.0793394 ] ], [ [ 72.5860906, 23.0793394 ], [ 72.5861606, 23.0790655 ] ] ] } },
{ "type": "Feature", "properties": { "construction": null, "disused": null, "light_rail": null, "monorail": null, "railway": "rail", "station": null, "subway": null, "id": 825404099, "timestamp": 1745849234, "version": 2, "tags": { "visible": false, "gauge": "1676", "service": "yard" }, "osm_type": "way" }, "geometry": { "type": "MultiLineString", "coordinates": [ [ [ 72.581685, 23.0874578 ], [ 72.5816693, 23.0872019 ] ], [ [ 72.5816693, 23.0872019 ], [ 72.5817043, 23.0869298 ] ], [ [ 72.5817043, 23.0869298 ], [ 72.5817489, 23.0866542 ] ] ] } },
{ "type": "Feature", "properties": { "construction": null, "disused": null, "light_rail": null, "monorail": null, "railway": "rail", "station": null, "subway": null, "id": 825404100, "timestamp": 1745849234, "version": 2, "tags": { "visible": false, "gauge": "1676", "service": "yard" }, "osm_type": "way" }, "geometry": { "type": "MultiLineString", "coordinates": [ [ [ 72.6067681, 23.0112447 ], [ 72.6065121, 23.0115616 ] ], [ [ 72.6065121, 23.0115616 ], [ 72.606385, 23.0117711 ] ], [ [ 72.606385, 23.0117711 ], [ 72.6061498, 23.0122459 ] ], [ [ 72.6061498, 23.0122459 ], [ 72.6059614, 23.012805 ] ] ] } },
{ "type": "Feature", "properties": { "construction": null, "disused": null, "light_rail": null, "monorail": null, "railway": "rail", "station": null, "subway": null, "id": 825404102, "timestamp": 1745849234, "version": 2, "tags": { "visible": false, "gauge": "1676", "service": "yard" }, "osm_type": "way" }, "geometry": { "type": "MultiLineString", "coordinates": [ [ [ 72.6071293, 23.0105576 ], [ 72.6069113, 23.0110099 ] ], [ [ 72.6069113, 23.0110099 ], [ 72.6067681, 23.0112447 ] ], [ [ 72.6067681, 23.0112447 ], [ 72.6065263, 23.0116837 ] ], [ [ 72.6065263, 23.0116837 ], [ 72.6059614, 23.012805 ] ], [ [ 72.6059614, 23.012805 ], [ 72.6058196, 23.0130945 ] ], [ [ 72.6058196, 23.0130945 ], [ 72.6056273, 23.0135839 ] ] ] } },
{ "type": "Feature", "properties": { "construction": null, "disused": null, "light_rail": null, "monorail": null, "railway": "rail", "station": null, "subway": null, "id": 825404104, "timestamp": 1745849234, "version": 3, "tags": { "visible": false, "gauge": "1676", "service": "yard" }, "osm_type": "way" }, "geometry": { "type": "MultiLineString", "coordinates": [ [ [ 72.6060174, 23.0100684 ], [ 72.6058511, 23.0102653 ] ], [ [ 72.6058511, 23.0102653 ], [ 72.605763, 23.0103605 ] ], [ [ 72.605763, 23.0103605 ], [ 72.605669, 23.0104507 ] ], [ [ 72.605669, 23.0104507 ], [ 72.6055694, 23.0105357 ] ], [ [ 72.6055694, 23.0105357 ], [ 72.6054583, 23.0106196 ] ], [ [ 72.6054583, 23.0106196 ], [ 72.6053417, 23.0106971 ] ], [ [ 72.6053417, 23.0106971 ], [ 72.6052201, 23.0107677 ] ] ] } },
{ "type": "Feature", "properties": { "construction": null, "disused": null, "light_rail": null, "monorail": null, "railway": "rail", "station": null, "subway": null, "id": 825404105, "timestamp": 1745849234, "version": 2, "tags": { "visible": false, "gauge": "1676", "service": "siding" }, "osm_type": "way" }, "geometry": { "type": "MultiLineString", "coordinates": [ [ [ 72.5893177, 23.0744066 ], [ 72.5892556, 23.0750199 ] ], [ [ 72.5892556, 23.0750199 ], [ 72.589218, 23.0751902 ] ], [ [ 72.589218, 23.0751902 ], [ 72.5891362, 23.0755073 ] ], [ [ 72.5891362, 23.0755073 ], [ 72.589049, 23.0757997 ] ], [ [ 72.589049, 23.0757997 ], [ 72.5889096, 23.0761402 ] ], [ [ 72.5889096, 23.0761402 ], [ 72.5877133, 23.0786806 ] ], [ [ 72.5877133, 23.0786806 ], [ 72.5875309, 23.0790186 ] ], [ [ 72.5875309, 23.0790186 ], [ 72.5873016, 23.0793986 ] ], [ [ 72.5873016, 23.0793986 ], [ 72.5871031, 23.0797231 ] ], [ [ 72.5871031, 23.0797231 ], [ 72.5868751, 23.0800476 ] ], [ [ 72.5868751, 23.0800476 ], [ 72.5866176, 23.080377 ] ], [ [ 72.5866176, 23.080377 ], [ 72.5862582, 23.0808236 ] ], [ [ 72.5862582, 23.0808236 ], [ 72.5857566, 23.0814282 ] ] ] } },
{ "type": "Feature", "properties": { "construction": null, "disused": null, "light_rail": null, "monorail": null, "railway": "rail", "station": null, "subway": null, "id": 825404106, "timestamp": 1745849234, "version": 2, "tags": { "visible": false, "gauge": "1676", "passenger_lines": "2", "service": "yard" }, "osm_type": "way" }, "geometry": { "type": "MultiLineString", "coordinates": [ [ [ 72.5894255, 23.0748296 ], [ 72.5894236, 23.0740837 ] ], [ [ 72.5894236, 23.0740837 ], [ 72.5893961, 23.0737312 ] ] ] } },
{ "type": "Feature", "properties": { "construction": null, "disused": null, "light_rail": null, "monorail": null, "railway": "rail", "station": null, "subway": null, "id": 825404107, "timestamp": 1745849234, "version": 2, "tags": { "visible": false, "gauge": "1676", "service": "yard" }, "osm_type": "way" }, "geometry": { "type": "MultiLineString", "coordinates": [ [ [ 72.581985, 23.0862064 ], [ 72.5817489, 23.0866542 ] ], [ [ 72.5817489, 23.0866542 ], [ 72.581571, 23.0870922 ] ], [ [ 72.581571, 23.0870922 ], [ 72.5813752, 23.0876893 ] ], [ [ 72.5813752, 23.0876893 ], [ 72.5813041, 23.0879607 ] ] ] } },
{ "type": "Feature", "properties": { "construction": null, "disused": null, "light_rail": null, "monorail": null, "railway": "abandoned", "station": null, "subway": null, "id": 825404108, "timestamp": 1745851925, "version": 2, "tags": { "visible": false, "electrified": "contact_line", "frequency": "50", "gauge": "1676", "voltage": "25000" }, "osm_type": "way" }, "geometry": { "type": "MultiLineString", "coordinates": [ [ [ 72.5893213, 23.0751347 ], [ 72.5892569, 23.0754098 ] ], [ [ 72.5892569, 23.0754098 ], [ 72.5891872, 23.0756282 ] ], [ [ 72.5891872, 23.0756282 ], [ 72.5890946, 23.0758713 ] ], [ [ 72.5890946, 23.0758713 ], [ 72.5889967, 23.0760995 ] ], [ [ 72.5889967, 23.0760995 ], [ 72.5876409, 23.0789804 ] ] ] } },
{ "type": "Feature", "properties": { "construction": null, "disused": null, "light_rail": null, "monorail": null, "railway": "abandoned", "station": null, "subway": null, "id": 825404109, "timestamp": 1594559218, "version": 1, "tags": { "visible": false, "gauge": "1676", "passenger_lines": "2", "usage": "main" }, "osm_type": "way" }, "geometry": { "type": "MultiLineString", "coordinates": [ [ [ 72.5876409, 23.0789804 ], [ 72.587543, 23.0791741 ] ], [ [ 72.587543, 23.0791741 ], [ 72.5874223, 23.0793777 ] ], [ [ 72.5874223, 23.0793777 ], [ 72.5872841, 23.0795961 ] ], [ [ 72.5872841, 23.0795961 ], [ 72.5871205, 23.0798132 ] ], [ [ 72.5871205, 23.0798132 ], [ 72.5868523, 23.0801414 ] ] ] } },
{ "type": "Feature", "properties": { "construction": null, "disused": null, "light_rail": null, "monorail": null, "railway": "rail", "station": null, "subway": null, "id": 825404110, "timestamp": 1745849234, "version": 3, "tags": { "visible": false, "electrified": "contact_line", "frequency": "50", "gauge": "1676", "passenger_lines": "2", "usage": "main", "voltage": "25000" }, "osm_type": "way" }, "geometry": { "type": "MultiLineString", "coordinates": [ [ [ 72.5834705, 23.0843436 ], [ 72.5840521, 23.0836661 ] ], [ [ 72.5840521, 23.0836661 ], [ 72.5848447, 23.08271 ] ], [ [ 72.5848447, 23.08271 ], [ 72.5852953, 23.0821663 ] ] ] } },
{ "type": "Feature", "properties": { "construction": null, "disused": null, "light_rail": null, "monorail": null, "railway": "rail", "station": null, "subway": null, "id": 825404111, "timestamp": 1745849234, "version": 2, "tags": { "visible": false, "electrified": "contact_line", "frequency": "50", "gauge": "1676", "name": "Western Railway Line", "note": "The Operator of the railway line is Indian Railways", "usage": "main", "voltage": "25000" }, "osm_type": "way" }, "geometry": { "type": "MultiLineString", "coordinates": [ [ [ 72.6022282, 23.0201969 ], [ 72.6021368, 23.0206339 ] ], [ [ 72.6021368, 23.0206339 ], [ 72.6020897, 23.021092 ] ], [ [ 72.6020897, 23.021092 ], [ 72.6020766, 23.0212202 ] ], [ [ 72.6020766, 23.0212202 ], [ 72.6019773, 23.0218336 ] ], [ [ 72.6019773, 23.0218336 ], [ 72.6019829, 23.0221189 ] ], [ [ 72.6019829, 23.0221189 ], [ 72.6019585, 23.0223545 ] ], [ [ 72.6019585, 23.0223545 ], [ 72.6019558, 23.0225989 ] ], [ [ 72.6019558, 23.0225989 ], [ 72.6019452, 23.0251064 ] ], [ [ 72.6019452, 23.0251064 ], [ 72.6019397, 23.0264017 ] ], [ [ 72.6019397, 23.0264017 ], [ 72.6019478, 23.0267732 ] ], [ [ 72.6019478, 23.0267732 ], [ 72.6021002, 23.0285148 ] ], [ [ 72.6021002, 23.0285148 ], [ 72.6021429, 23.0291565 ] ], [ [ 72.6021429, 23.0291565 ], [ 72.6021719, 23.0297353 ] ], [ [ 72.6021719, 23.0297353 ], [ 72.6021921, 23.0301516 ] ], [ [ 72.6021921, 23.0301516 ], [ 72.6021901, 23.0306857 ] ], [ [ 72.6021901, 23.0306857 ], [ 72.6021738, 23.0308603 ] ], [ [ 72.6021738, 23.0308603 ], [ 72.6021396, 23.0310494 ] ], [ [ 72.6021396, 23.0310494 ], [ 72.6020551, 23.0313843 ] ], [ [ 72.6020551, 23.0313843 ], [ 72.6018727, 23.0322136 ] ] ] } },
{ "type": "Feature", "properties": { "construction": null, "disused": null, "light_rail": null, "monorail": null, "railway": "subway", "station": null, "subway": null, "id": 847089554, "timestamp": 1733047023, "version": 4, "tags": { "visible": false, "bridge": "yes", "electrified": "rail", "gauge": "1435", "layer": "1", "name": "Blue Line, Ahmedabad Metro", "service": "yard", "start_date": "2019-03-04", "voltage": "750" }, "osm_type": "way" }, "geometry": { "type": "MultiLineString", "coordinates": [ [ [ 72.6188868, 23.0108123 ], [ 72.6191961, 23.0108175 ] ], [ [ 72.6191961, 23.0108175 ], [ 72.6194218, 23.0107712 ] ], [ [ 72.6194218, 23.0107712 ], [ 72.6196513, 23.0107206 ] ] ] } },
{ "type": "Feature", "properties": { "construction": null, "disused": null, "light_rail": null, "monorail": null, "railway": "subway", "station": null, "subway": null, "id": 847089555, "timestamp": 1733047023, "version": 4, "tags": { "visible": false, "bridge": "yes", "electrified": "rail", "gauge": "1435", "layer": "1", "name": "Blue Line, Ahmedabad Metro", "service": "yard", "start_date": "2019-03-04", "voltage": "750" }, "osm_type": "way" }, "geometry": { "type": "MultiLineString", "coordinates": [ [ [ 72.6143315, 23.0109263 ], [ 72.6154807, 23.0109118 ] ], [ [ 72.6154807, 23.0109118 ], [ 72.6157832, 23.0109092 ] ], [ [ 72.6157832, 23.0109092 ], [ 72.6161265, 23.0108777 ] ], [ [ 72.6161265, 23.0108777 ], [ 72.616429, 23.0108542 ] ], [ [ 72.616429, 23.0108542 ], [ 72.6167837, 23.0108358 ] ], [ [ 72.6167837, 23.0108358 ], [ 72.6172891, 23.0108323 ] ], [ [ 72.6172891, 23.0108323 ], [ 72.6188868, 23.0108123 ] ], [ [ 72.6188868, 23.0108123 ], [ 72.6190729, 23.0107853 ] ], [ [ 72.6190729, 23.0107853 ], [ 72.6196196, 23.0106491 ] ] ] } },
{ "type": "Feature", "properties": { "construction": null, "disused": null, "light_rail": null, "monorail": null, "railway": "subway", "station": null, "subway": null, "id": 847089556, "timestamp": 1733047023, "version": 5, "tags": { "visible": false, "bridge": "yes", "electrified": "rail", "gauge": "1435", "layer": "1", "name": "Blue Line, Ahmedabad Metro", "service": "yard", "start_date": "2019-03-04", "voltage": "750" }, "osm_type": "way" }, "geometry": { "type": "MultiLineString", "coordinates": [ [ [ 72.6143248, 23.0108554 ], [ 72.6158572, 23.0108489 ] ], [ [ 72.6158572, 23.0108489 ], [ 72.616041, 23.0108344 ] ], [ [ 72.616041, 23.0108344 ], [ 72.6165615, 23.010768 ] ], [ [ 72.6165615, 23.010768 ], [ 72.616992, 23.0107078 ] ] ] } },
{ "type": "Feature", "properties": { "construction": null, "disused": null, "light_rail": null, "monorail": null, "railway": "subway", "station": null, "subway": null, "id": 847089576, "timestamp": 1735743111, "version": 5, "tags": { "visible": false, "electrified": "rail", "gauge": "1435", "service": "yard" }, "osm_type": "way" }, "geometry": { "type": "MultiLineString", "coordinates": [ [ [ 72.6125367, 23.0109008 ], [ 72.6126421, 23.0109052 ] ], [ [ 72.6126421, 23.0109052 ], [ 72.6127263, 23.0109141 ] ], [ [ 72.6127263, 23.0109141 ], [ 72.6128404, 23.0109268 ] ], [ [ 72.6128404, 23.0109268 ], [ 72.6129301, 23.0109346 ] ], [ [ 72.6129301, 23.0109346 ], [ 72.6130506, 23.0109396 ] ] ] } },
{ "type": "Feature", "properties": { "construction": null, "disused": null, "light_rail": null, "monorail": null, "railway": "rail", "station": null, "subway": null, "id": 847131178, "timestamp": 1614952608, "version": 3, "tags": { "visible": false, "service": "spur" }, "osm_type": "way" }, "geometry": { "type": "MultiLineString", "coordinates": [ [ [ 72.5534548, 23.1700412 ], [ 72.5530176, 23.1700868 ] ], [ [ 72.5530176, 23.1700868 ], [ 72.5526434, 23.1700733 ] ], [ [ 72.5526434, 23.1700733 ], [ 72.5522823, 23.1700098 ] ], [ [ 72.5522823, 23.1700098 ], [ 72.5518841, 23.1698547 ] ], [ [ 72.5518841, 23.1698547 ], [ 72.5462454, 23.1667841 ] ], [ [ 72.5462454, 23.1667841 ], [ 72.5456347, 23.1664406 ] ], [ [ 72.5456347, 23.1664406 ], [ 72.5453009, 23.1662366 ] ], [ [ 72.5453009, 23.1662366 ], [ 72.5451113, 23.1661093 ] ], [ [ 72.5451113, 23.1661093 ], [ 72.5448932, 23.165907 ] ], [ [ 72.5448932, 23.165907 ], [ 72.5447528, 23.1657414 ] ], [ [ 72.5447528, 23.1657414 ], [ 72.5446565, 23.1656093 ] ], [ [ 72.5446565, 23.1656093 ], [ 72.5444968, 23.1653438 ] ], [ [ 72.5444968, 23.1653438 ], [ 72.5443915, 23.1650648 ] ], [ [ 72.5443915, 23.1650648 ], [ 72.5443062, 23.1646847 ] ], [ [ 72.5443062, 23.1646847 ], [ 72.5443081, 23.1643237 ] ], [ [ 72.5443081, 23.1643237 ], [ 72.5443412, 23.1639959 ] ] ] } },
{ "type": "Feature", "properties": { "construction": null, "disused": null, "light_rail": null, "monorail": null, "railway": "rail", "station": null, "subway": null, "id": 847131179, "timestamp": 1614952608, "version": 4, "tags": { "visible": false, "service": "spur" }, "osm_type": "way" }, "geometry": { "type": "MultiLineString", "coordinates": [ [ [ 72.54447, 23.1634587 ], [ 72.5443412, 23.1639959 ] ], [ [ 72.5443412, 23.1639959 ], [ 72.5442654, 23.1643656 ] ], [ [ 72.5442654, 23.1643656 ], [ 72.5442768, 23.1647701 ] ], [ [ 72.5442768, 23.1647701 ], [ 72.5443412, 23.1651154 ] ], [ [ 72.5443412, 23.1651154 ], [ 72.5444588, 23.1653944 ] ], [ [ 72.5444588, 23.1653944 ], [ 72.5446189, 23.1656291 ] ], [ [ 72.5446189, 23.1656291 ], [ 72.5446643, 23.165706 ] ], [ [ 72.5446643, 23.165706 ], [ 72.544804, 23.1658704 ] ], [ [ 72.544804, 23.1658704 ], [ 72.5451663, 23.1662191 ] ], [ [ 72.5451663, 23.1662191 ], [ 72.5463251, 23.16688 ] ] ] } },
{ "type": "Feature", "properties": { "construction": "rail", "disused": null, "light_rail": null, "monorail": null, "railway": "construction", "station": null, "subway": null, "id": 849474581, "timestamp": 1782564375, "version": 40, "tags": { "visible": false, "bridge": "yes", "check_date": "2023-04-12", "construction:electrified": "contact_line", "construction:frequency": "50", "construction:railway": "rail", "construction:voltage": "25000", "gauge": "1435", "highspeed": "yes", "layer": "3", "maxspeed": "320", "name": "Mumbai–Ahmedabad high-speed rail (under construction)", "name:de": "Schnellfahrstrecke Mumbai–Ahmedabad", "name:en": "Mumbai–Ahmedabad High-speed Rail", "name:zh": "孟买–艾哈迈达巴德高铁", "name:zh-Hant": "孟買–亞美達巴德高鐵", "passenger_lines": "2", "start_date": "2027", "usage": "main", "wikipedia": "en:Mumbai–Ahmedabad high-speed rail corridor" }, "osm_type": "way" }, "geometry": { "type": "MultiLineString", "coordinates": [ [ [ 72.5688454, 23.0993515 ], [ 72.5751485, 23.0950764 ] ], [ [ 72.5751485, 23.0950764 ], [ 72.5761701, 23.0939637 ] ], [ [ 72.5761701, 23.0939637 ], [ 72.5794706, 23.089451 ] ], [ [ 72.5794706, 23.089451 ], [ 72.5830939, 23.0845658 ] ], [ [ 72.5830939, 23.0845658 ], [ 72.5852915, 23.0814414 ] ], [ [ 72.5852915, 23.0814414 ], [ 72.585694, 23.0807094 ] ], [ [ 72.585694, 23.0807094 ], [ 72.5872373, 23.077494 ] ], [ [ 72.5872373, 23.077494 ], [ 72.5875256, 23.0768231 ] ], [ [ 72.5875256, 23.0768231 ], [ 72.5879061, 23.075792 ] ], [ [ 72.5879061, 23.075792 ], [ 72.5881631, 23.0745735 ] ], [ [ 72.5881631, 23.0745735 ], [ 72.5904317, 23.0568223 ] ], [ [ 72.5904317, 23.0568223 ], [ 72.5907003, 23.0551532 ] ], [ [ 72.5907003, 23.0551532 ], [ 72.5908394, 23.0544938 ] ], [ [ 72.5908394, 23.0544938 ], [ 72.5911234, 23.0535516 ] ], [ [ 72.5911234, 23.0535516 ], [ 72.5914495, 23.0527161 ] ], [ [ 72.5914495, 23.0527161 ], [ 72.5923002, 23.051193 ] ], [ [ 72.5923002, 23.051193 ], [ 72.6009697, 23.037399 ] ], [ [ 72.6009697, 23.037399 ], [ 72.6012799, 23.0368451 ] ], [ [ 72.6012799, 23.0368451 ], [ 72.6015029, 23.0361132 ] ], [ [ 72.6015029, 23.0361132 ], [ 72.6016944, 23.0350456 ] ], [ [ 72.6016944, 23.0350456 ], [ 72.6020131, 23.0326353 ] ], [ [ 72.6020131, 23.0326353 ], [ 72.6023614, 23.0306324 ] ], [ [ 72.6023614, 23.0306324 ], [ 72.6025235, 23.0226753 ] ], [ [ 72.6025235, 23.0226753 ], [ 72.6026156, 23.021198 ] ], [ [ 72.6026156, 23.021198 ], [ 72.6026438, 23.0210159 ] ], [ [ 72.6026438, 23.0210159 ], [ 72.6026787, 23.0208348 ] ], [ [ 72.6026787, 23.0208348 ], [ 72.6027201, 23.0206549 ] ], [ [ 72.6027201, 23.0206549 ], [ 72.6027681, 23.0204764 ] ], [ [ 72.6027681, 23.0204764 ], [ 72.6028226, 23.0202995 ] ], [ [ 72.6028226, 23.0202995 ], [ 72.6028862, 23.0201171 ] ], [ [ 72.6028862, 23.0201171 ], [ 72.6029568, 23.0199369 ] ], [ [ 72.6029568, 23.0199369 ], [ 72.6030341, 23.0197591 ] ], [ [ 72.6030341, 23.0197591 ], [ 72.6031181, 23.0195838 ] ], [ [ 72.6031181, 23.0195838 ], [ 72.6032088, 23.0194114 ] ], [ [ 72.6032088, 23.0194114 ], [ 72.603653, 23.018723 ] ], [ [ 72.603653, 23.018723 ], [ 72.6039297, 23.0183182 ] ], [ [ 72.6039297, 23.0183182 ], [ 72.6050208, 23.0167982 ] ], [ [ 72.6050208, 23.0167982 ], [ 72.6057924, 23.0154504 ] ], [ [ 72.6057924, 23.0154504 ], [ 72.6059695, 23.0150918 ] ], [ [ 72.6059695, 23.0150918 ], [ 72.6061901, 23.0145488 ] ], [ [ 72.6061901, 23.0145488 ], [ 72.6069855, 23.012272 ] ], [ [ 72.6069855, 23.012272 ], [ 72.6073495, 23.0108212 ] ], [ [ 72.6073495, 23.0108212 ], [ 72.6082333, 23.0077378 ] ], [ [ 72.6082333, 23.0077378 ], [ 72.6094765, 23.0039016 ] ], [ [ 72.6094765, 23.0039016 ], [ 72.6098915, 23.0025817 ] ], [ [ 72.6098915, 23.0025817 ], [ 72.6104772, 23.0008118 ] ], [ [ 72.6104772, 23.0008118 ], [ 72.613434, 22.9941994 ] ], [ [ 72.613434, 22.9941994 ], [ 72.6149906, 22.9906862 ] ], [ [ 72.6149906, 22.9906862 ], [ 72.6158439, 22.9888254 ] ], [ [ 72.6158439, 22.9888254 ], [ 72.630451, 22.9559725 ] ], [ [ 72.630451, 22.9559725 ], [ 72.6311234, 22.9541916 ] ], [ [ 72.6311234, 22.9541916 ], [ 72.6316963, 22.9525518 ] ], [ [ 72.6316963, 22.9525518 ], [ 72.637505, 22.9341867 ] ], [ [ 72.637505, 22.9341867 ], [ 72.6384914, 22.9312569 ] ], [ [ 72.6384914, 22.9312569 ], [ 72.6393496, 22.9290489 ] ], [ [ 72.6393496, 22.9290489 ], [ 72.6403103, 22.9268773 ] ], [ [ 72.6403103, 22.9268773 ], [ 72.6413716, 22.9247463 ] ], [ [ 72.6413716, 22.9247463 ], [ 72.6425315, 22.9226599 ] ], [ [ 72.6425315, 22.9226599 ], [ 72.6441935, 22.9200053 ] ], [ [ 72.6441935, 22.9200053 ], [ 72.6464345, 22.9168332 ] ], [ [ 72.6464345, 22.9168332 ], [ 72.799009, 22.7076596 ] ], [ [ 72.799009, 22.7076596 ], [ 72.8007454, 22.7052791 ] ], [ [ 72.8007454, 22.7052791 ], [ 72.8029583, 22.7022453 ] ], [ [ 72.8029583, 22.7022453 ], [ 72.8044456, 22.7002063 ] ], [ [ 72.8044456, 22.7002063 ], [ 72.8076115, 22.695866 ] ], [ [ 72.8076115, 22.695866 ], [ 72.8092292, 22.6936481 ] ], [ [ 72.8092292, 22.6936481 ], [ 72.8095275, 22.6932392 ] ], [ [ 72.8095275, 22.6932392 ], [ 72.811622, 22.6904122 ] ], [ [ 72.811622, 22.6904122 ], [ 72.8120226, 22.6899137 ] ], [ [ 72.8120226, 22.6899137 ], [ 72.813614, 22.6879621 ] ], [ [ 72.813614, 22.6879621 ], [ 72.8152132, 22.6862043 ] ], [ [ 72.8152132, 22.6862043 ], [ 72.8156221, 22.6857548 ] ], [ [ 72.8156221, 22.6857548 ], [ 72.8178913, 22.6835219 ] ], [ [ 72.8178913, 22.6835219 ], [ 72.8201482, 22.6815324 ] ], [ [ 72.8201482, 22.6815324 ], [ 72.8226677, 22.6795441 ] ], [ [ 72.8226677, 22.6795441 ], [ 72.8251462, 22.6777965 ] ], [ [ 72.8251462, 22.6777965 ], [ 72.8277216, 22.6761739 ] ], [ [ 72.8277216, 22.6761739 ], [ 72.8303864, 22.674681 ] ], [ [ 72.8303864, 22.674681 ], [ 72.8327855, 22.6734843 ] ], [ [ 72.8327855, 22.6734843 ], [ 72.8357658, 22.6721531 ] ], [ [ 72.8357658, 22.6721531 ], [ 72.9219795, 22.6352536 ] ], [ [ 72.9219795, 22.6352536 ], [ 72.9256632, 22.6336151 ] ], [ [ 72.9256632, 22.6336151 ], [ 72.9280597, 22.6324148 ] ], [ [ 72.9280597, 22.6324148 ], [ 72.9303932, 22.6311119 ] ], [ [ 72.9303932, 22.6311119 ], [ 72.9326586, 22.6297094 ] ], [ [ 72.9326586, 22.6297094 ], [ 72.9348511, 22.6282103 ] ], [ [ 72.9348511, 22.6282103 ], [ 72.9369658, 22.6266178 ] ], [ [ 72.9369658, 22.6266178 ], [ 72.9389981, 22.6249355 ] ], [ [ 72.9389981, 22.6249355 ], [ 72.9408076, 22.623296 ] ], [ [ 72.9408076, 22.623296 ], [ 72.9426687, 22.6214509 ] ], [ [ 72.9426687, 22.6214509 ], [ 72.9436315, 22.6203933 ] ], [ [ 72.9436315, 22.6203933 ], [ 72.9456909, 22.6181471 ] ], [ [ 72.9456909, 22.6181471 ], [ 73.0342877, 22.517458 ] ], [ [ 73.0342877, 22.517458 ], [ 73.0474552, 22.4993177 ] ], [ [ 73.0474552, 22.4993177 ], [ 73.0671996, 22.4721122 ] ], [ [ 73.0671996, 22.4721122 ], [ 73.070519, 22.4680086 ] ], [ [ 73.070519, 22.4680086 ], [ 73.0733514, 22.465064 ] ], [ [ 73.0733514, 22.465064 ], [ 73.0793649, 22.4599083 ] ], [ [ 73.0793649, 22.4599083 ], [ 73.1156713, 22.4331305 ] ], [ [ 73.1156713, 22.4331305 ], [ 73.1169339, 22.4321391 ] ], [ [ 73.1169339, 22.4321391 ], [ 73.1177469, 22.4315077 ] ], [ [ 73.1177469, 22.4315077 ], [ 73.1201401, 22.4296642 ] ], [ [ 73.1201401, 22.4296642 ], [ 73.1226827, 22.4275718 ] ], [ [ 73.1226827, 22.4275718 ], [ 73.12444, 22.4259289 ] ], [ [ 73.12444, 22.4259289 ], [ 73.1265731, 22.423651 ] ], [ [ 73.1265731, 22.423651 ], [ 73.1295706, 22.420567 ] ], [ [ 73.1295706, 22.420567 ], [ 73.1305362, 22.4195734 ] ], [ [ 73.1305362, 22.4195734 ], [ 73.1320875, 22.4178751 ] ], [ [ 73.1320875, 22.4178751 ], [ 73.1336645, 22.4162233 ] ], [ [ 73.1336645, 22.4162233 ], [ 73.1602069, 22.3884598 ] ], [ [ 73.1602069, 22.3884598 ], [ 73.1612849, 22.387325 ] ], [ [ 73.1612849, 22.387325 ], [ 73.1622689, 22.3862229 ] ], [ [ 73.1622689, 22.3862229 ], [ 73.1630378, 22.3853823 ] ], [ [ 73.1630378, 22.3853823 ], [ 73.1632634, 22.3850797 ] ], [ [ 73.1632634, 22.3850797 ], [ 73.1634806, 22.3847718 ] ], [ [ 73.1634806, 22.3847718 ], [ 73.1636892, 22.3844589 ] ], [ [ 73.1636892, 22.3844589 ], [ 73.1638891, 22.3841412 ] ], [ [ 73.1638891, 22.3841412 ], [ 73.1640802, 22.3838188 ] ], [ [ 73.1640802, 22.3838188 ], [ 73.1642623, 22.383492 ] ], [ [ 73.1642623, 22.383492 ], [ 73.1644353, 22.3831611 ] ], [ [ 73.1644353, 22.3831611 ], [ 73.1645991, 22.3828261 ] ], [ [ 73.1645991, 22.3828261 ], [ 73.1647535, 22.3824874 ] ], [ [ 73.1647535, 22.3824874 ], [ 73.1648986, 22.3821452 ] ], [ [ 73.1648986, 22.3821452 ], [ 73.1650342, 22.3817996 ] ], [ [ 73.1650342, 22.3817996 ], [ 73.1651602, 22.381451 ] ], [ [ 73.1651602, 22.381451 ], [ 73.1652765, 22.3810995 ] ], [ [ 73.1652765, 22.3810995 ], [ 73.165383, 22.3807453 ] ], [ [ 73.165383, 22.3807453 ], [ 73.1654798, 22.3803888 ] ], [ [ 73.1654798, 22.3803888 ], [ 73.1655666, 22.38003 ] ], [ [ 73.1655666, 22.38003 ], [ 73.1656435, 22.3796694 ] ], [ [ 73.1656435, 22.3796694 ], [ 73.1657105, 22.379307 ] ], [ [ 73.1657105, 22.379307 ], [ 73.1657673, 22.3789432 ] ], [ [ 73.1657673, 22.3789432 ], [ 73.1658142, 22.3785782 ] ], [ [ 73.1658142, 22.3785782 ], [ 73.1658509, 22.3782121 ] ], [ [ 73.1658509, 22.3782121 ], [ 73.1658771, 22.3778522 ] ], [ [ 73.1658771, 22.3778522 ], [ 73.1658935, 22.3774919 ] ], [ [ 73.1658935, 22.3774919 ], [ 73.1659001, 22.3771312 ] ], [ [ 73.1659001, 22.3771312 ], [ 73.165897, 22.3767705 ] ], [ [ 73.165897, 22.3767705 ], [ 73.1658841, 22.37641 ] ], [ [ 73.1658841, 22.37641 ], [ 73.1658614, 22.3760499 ] ], [ [ 73.1658614, 22.3760499 ], [ 73.1658289, 22.3756905 ] ], [ [ 73.1658289, 22.3756905 ], [ 73.1657868, 22.3753319 ] ], [ [ 73.1657868, 22.3753319 ], [ 73.1657349, 22.3749744 ] ], [ [ 73.1657349, 22.3749744 ], [ 73.1656733, 22.3746182 ] ], [ [ 73.1656733, 22.3746182 ], [ 73.1656021, 22.3742635 ] ], [ [ 73.1656021, 22.3742635 ], [ 73.1655213, 22.3739106 ] ], [ [ 73.1655213, 22.3739106 ], [ 73.165431, 22.3735597 ] ], [ [ 73.165431, 22.3735597 ], [ 73.1653312, 22.373211 ] ], [ [ 73.1653312, 22.373211 ], [ 73.1652219, 22.3728648 ] ], [ [ 73.1652219, 22.3728648 ], [ 73.1651033, 22.3725211 ] ], [ [ 73.1651033, 22.3725211 ], [ 73.1649755, 22.3721803 ] ], [ [ 73.1649755, 22.3721803 ], [ 73.1648384, 22.3718426 ] ], [ [ 73.1648384, 22.3718426 ], [ 73.1646922, 22.3715082 ] ], [ [ 73.1646922, 22.3715082 ], [ 73.1643137, 22.370697 ] ], [ [ 73.1643137, 22.370697 ], [ 73.16366, 22.3696595 ] ], [ [ 73.16366, 22.3696595 ], [ 73.1631398, 22.3688973 ] ], [ [ 73.1631398, 22.3688973 ], [ 73.1624566, 22.3680197 ] ], [ [ 73.1624566, 22.3680197 ], [ 73.1589781, 22.3639114 ] ], [ [ 73.1589781, 22.3639114 ], [ 73.1575613, 22.3620557 ] ], [ [ 73.1575613, 22.3620557 ], [ 73.1572232, 22.3615228 ] ], [ [ 73.1572232, 22.3615228 ], [ 73.1565551, 22.3602192 ] ], [ [ 73.1565551, 22.3602192 ], [ 73.1561542, 22.3592021 ] ], [ [ 73.1561542, 22.3592021 ], [ 73.1558808, 22.3581547 ] ], [ [ 73.1558808, 22.3581547 ], [ 73.155624, 22.3568169 ] ], [ [ 73.155624, 22.3568169 ], [ 73.1555059, 22.3561984 ] ], [ [ 73.1555059, 22.3561984 ], [ 73.1554537, 22.3551161 ] ], [ [ 73.1554537, 22.3551161 ], [ 73.1554814, 22.3542137 ] ], [ [ 73.1554814, 22.3542137 ], [ 73.1555737, 22.3533149 ] ], [ [ 73.1555737, 22.3533149 ], [ 73.1557691, 22.352247 ] ], [ [ 73.1557691, 22.352247 ], [ 73.156112, 22.3510242 ] ], [ [ 73.156112, 22.3510242 ], [ 73.156576, 22.3498364 ] ], [ [ 73.156576, 22.3498364 ], [ 73.1571569, 22.348694 ] ], [ [ 73.1571569, 22.348694 ], [ 73.1577117, 22.3478604 ] ], [ [ 73.1577117, 22.3478604 ], [ 73.168539, 22.3329505 ] ], [ [ 73.168539, 22.3329505 ], [ 73.1706876, 22.330373 ] ], [ [ 73.1706876, 22.330373 ], [ 73.1726625, 22.3282704 ] ], [ [ 73.1726625, 22.3282704 ], [ 73.1747091, 22.3254584 ] ], [ [ 73.1747091, 22.3254584 ], [ 73.175297, 22.3246663 ] ], [ [ 73.175297, 22.3246663 ], [ 73.1763688, 22.3228493 ] ], [ [ 73.1763688, 22.3228493 ], [ 73.1773914, 22.3207422 ] ], [ [ 73.1773914, 22.3207422 ], [ 73.1783318, 22.3189364 ] ], [ [ 73.1783318, 22.3189364 ], [ 73.1786617, 22.3182335 ] ], [ [ 73.1786617, 22.3182335 ], [ 73.1790072, 22.3173668 ] ], [ [ 73.1790072, 22.3173668 ], [ 73.1793421, 22.3165388 ] ], [ [ 73.1793421, 22.3165388 ], [ 73.1797675, 22.3156588 ] ], [ [ 73.1797675, 22.3156588 ], [ 73.180215, 22.314612 ] ], [ [ 73.180215, 22.314612 ], [ 73.1807928, 22.3130809 ] ], [ [ 73.1807928, 22.3130809 ], [ 73.1811317, 22.3115821 ] ], [ [ 73.1811317, 22.3115821 ], [ 73.1812229, 22.3102586 ] ], [ [ 73.1812229, 22.3102586 ], [ 73.1811134, 22.3087215 ] ], [ [ 73.1811134, 22.3087215 ], [ 73.1810153, 22.3079293 ] ], [ [ 73.1810153, 22.3079293 ], [ 73.18091, 22.3070797 ] ], [ [ 73.18091, 22.3070797 ], [ 73.1805139, 22.3031031 ] ], [ [ 73.1805139, 22.3031031 ], [ 73.1797097, 22.2985896 ] ], [ [ 73.1797097, 22.2985896 ], [ 73.1785826, 22.2848556 ] ], [ [ 73.1785826, 22.2848556 ], [ 73.1783449, 22.279623 ] ], [ [ 73.1783449, 22.279623 ], [ 73.176973, 22.256541 ] ], [ [ 73.176973, 22.256541 ], [ 73.1767959, 22.253837 ] ], [ [ 73.1767959, 22.253837 ], [ 73.1766104, 22.251858 ] ], [ [ 73.1766104, 22.251858 ], [ 73.1763498, 22.2498863 ] ], [ [ 73.1763498, 22.2498863 ], [ 73.1760116, 22.2479249 ] ], [ [ 73.1760116, 22.2479249 ], [ 73.1755965, 22.2459763 ] ], [ [ 73.1755965, 22.2459763 ], [ 73.1751049, 22.2440432 ] ], [ [ 73.1751049, 22.2440432 ], [ 73.1744822, 22.241955 ] ], [ [ 73.1744822, 22.241955 ], [ 73.1738331, 22.2400627 ] ], [ [ 73.1738331, 22.2400627 ], [ 73.1731098, 22.2381937 ] ], [ [ 73.1731098, 22.2381937 ], [ 73.1723135, 22.2363507 ] ], [ [ 73.1723135, 22.2363507 ], [ 73.171196, 22.2340464 ] ], [ [ 73.171196, 22.2340464 ], [ 73.1700561, 22.2319524 ] ], [ [ 73.1700561, 22.2319524 ], [ 73.1688198, 22.2299062 ] ], [ [ 73.1688198, 22.2299062 ], [ 73.1678597, 22.2284618 ] ], [ [ 73.1678597, 22.2284618 ], [ 73.1672887, 22.2276027 ] ], [ [ 73.1672887, 22.2276027 ], [ 73.037317, 22.0400833 ] ], [ [ 73.037317, 22.0400833 ], [ 73.0359744, 22.0380972 ] ], [ [ 73.0359744, 22.0380972 ], [ 73.0348934, 22.0363854 ] ], [ [ 73.0348934, 22.0363854 ], [ 73.0338798, 22.0346381 ] ], [ [ 73.0338798, 22.0346381 ], [ 73.0329356, 22.0328574 ] ], [ [ 73.0329356, 22.0328574 ], [ 73.0321386, 22.0312115 ] ], [ [ 73.0321386, 22.0312115 ], [ 73.0314008, 22.0295417 ] ], [ [ 73.0314008, 22.0295417 ], [ 73.0307219, 22.0278504 ] ], [ [ 73.0307219, 22.0278504 ], [ 73.0299024, 22.0256305 ] ] ] } },
{ "type": "Feature", "properties": { "construction": null, "disused": null, "light_rail": null, "monorail": null, "railway": "rail", "station": null, "subway": null, "id": 851734213, "timestamp": 1744469230, "version": 4, "tags": { "visible": false }, "osm_type": "way" }, "geometry": { "type": "MultiLineString", "coordinates": [ [ [ 72.4513326, 23.0384087 ], [ 72.4504298, 23.038195 ] ], [ [ 72.4504298, 23.038195 ], [ 72.4498531, 23.0380278 ] ], [ [ 72.4498531, 23.0380278 ], [ 72.4489788, 23.0378246 ] ], [ [ 72.4489788, 23.0378246 ], [ 72.448774, 23.0377714 ] ], [ [ 72.448774, 23.0377714 ], [ 72.4439834, 23.036333 ] ], [ [ 72.4439834, 23.036333 ], [ 72.4434734, 23.0361428 ] ], [ [ 72.4434734, 23.0361428 ], [ 72.4430458, 23.0359769 ] ], [ [ 72.4430458, 23.0359769 ], [ 72.4423274, 23.0357607 ] ], [ [ 72.4423274, 23.0357607 ], [ 72.4421558, 23.0357096 ] ], [ [ 72.4421558, 23.0357096 ], [ 72.4385756, 23.0346418 ] ], [ [ 72.4385756, 23.0346418 ], [ 72.436923, 23.0341489 ] ], [ [ 72.436923, 23.0341489 ], [ 72.4358382, 23.0338609 ] ], [ [ 72.4358382, 23.0338609 ], [ 72.4352109, 23.0337045 ] ], [ [ 72.4352109, 23.0337045 ], [ 72.4344519, 23.0335281 ] ], [ [ 72.4344519, 23.0335281 ], [ 72.4332607, 23.0332744 ] ], [ [ 72.4332607, 23.0332744 ], [ 72.4318705, 23.0329987 ] ], [ [ 72.4318705, 23.0329987 ], [ 72.4276793, 23.0322087 ] ], [ [ 72.4276793, 23.0322087 ], [ 72.4177946, 23.0303422 ] ] ] } },
{ "type": "Feature", "properties": { "construction": null, "disused": null, "light_rail": null, "monorail": null, "railway": "rail", "station": null, "subway": null, "id": 851734214, "timestamp": 1744469230, "version": 4, "tags": { "visible": false }, "osm_type": "way" }, "geometry": { "type": "MultiLineString", "coordinates": [ [ [ 72.4339852, 23.0332096 ], [ 72.4344975, 23.0333207 ] ], [ [ 72.4344975, 23.0333207 ], [ 72.4353115, 23.0335219 ] ], [ [ 72.4353115, 23.0335219 ], [ 72.4363777, 23.0338193 ] ], [ [ 72.4363777, 23.0338193 ], [ 72.438046, 23.0343056 ] ], [ [ 72.438046, 23.0343056 ], [ 72.4422799, 23.035583 ] ], [ [ 72.4422799, 23.035583 ], [ 72.4430202, 23.0357915 ] ], [ [ 72.4430202, 23.0357915 ], [ 72.4438423, 23.0359841 ] ], [ [ 72.4438423, 23.0359841 ], [ 72.4442178, 23.036084 ] ], [ [ 72.4442178, 23.036084 ], [ 72.4479662, 23.0372182 ] ], [ [ 72.4479662, 23.0372182 ], [ 72.4489506, 23.0375638 ] ], [ [ 72.4489506, 23.0375638 ], [ 72.4492429, 23.0376613 ] ], [ [ 72.4492429, 23.0376613 ], [ 72.4498947, 23.037855 ] ], [ [ 72.4498947, 23.037855 ], [ 72.4506707, 23.0381577 ] ] ] } },
{ "type": "Feature", "properties": { "construction": null, "disused": null, "light_rail": null, "monorail": null, "railway": "rail", "station": null, "subway": null, "id": 873284449, "timestamp": 1745849234, "version": 3, "tags": { "visible": false, "gauge": "1676", "service": "yard" }, "osm_type": "way" }, "geometry": { "type": "MultiLineString", "coordinates": [ [ [ 72.5797096, 23.0922835 ], [ 72.5803573, 23.0911707 ] ], [ [ 72.5803573, 23.0911707 ], [ 72.5808415, 23.0903183 ] ], [ [ 72.5808415, 23.0903183 ], [ 72.5809515, 23.0900098 ] ], [ [ 72.5809515, 23.0900098 ], [ 72.5810185, 23.0897977 ] ], [ [ 72.5810185, 23.0897977 ], [ 72.5811513, 23.0892437 ] ], [ [ 72.5811513, 23.0892437 ], [ 72.5812452, 23.0886923 ] ], [ [ 72.5812452, 23.0886923 ], [ 72.5812895, 23.0882716 ] ] ] } },
{ "type": "Feature", "properties": { "construction": null, "disused": null, "light_rail": null, "monorail": null, "railway": "rail", "station": null, "subway": null, "id": 873284471, "timestamp": 1734449797, "version": 4, "tags": { "visible": false, "service": "siding" }, "osm_type": "way" }, "geometry": { "type": "MultiLineString", "coordinates": [ [ [ 72.4897765, 23.0522491 ], [ 72.4903381, 23.0524404 ] ], [ [ 72.4903381, 23.0524404 ], [ 72.4909099, 23.0526794 ] ], [ [ 72.4909099, 23.0526794 ], [ 72.4963642, 23.0550131 ] ], [ [ 72.4963642, 23.0550131 ], [ 72.4968927, 23.0552227 ] ], [ [ 72.4968927, 23.0552227 ], [ 72.4973692, 23.0554869 ] ] ] } },
{ "type": "Feature", "properties": { "construction": null, "disused": null, "light_rail": null, "monorail": null, "railway": "rail", "station": null, "subway": null, "id": 901460997, "timestamp": 1745849234, "version": 5, "tags": { "visible": false, "electrified": "contact_line", "frequency": "50", "gauge": "1676", "historic:gauge": "1000", "passenger_lines": "1", "usage": "main", "voltage": "25000" }, "osm_type": "way" }, "geometry": { "type": "MultiLineString", "coordinates": [ [ [ 72.7308649, 23.1526693 ], [ 72.7327209, 23.1543586 ] ], [ [ 72.7327209, 23.1543586 ], [ 72.7367165, 23.158059 ] ], [ [ 72.7367165, 23.158059 ], [ 72.7379497, 23.1592773 ] ], [ [ 72.7379497, 23.1592773 ], [ 72.7389375, 23.1601865 ] ], [ [ 72.7389375, 23.1601865 ], [ 72.7392934, 23.1605174 ] ], [ [ 72.7392934, 23.1605174 ], [ 72.7431493, 23.1640166 ] ], [ [ 72.7431493, 23.1640166 ], [ 72.7463175, 23.1669671 ] ], [ [ 72.7463175, 23.1669671 ], [ 72.746621, 23.1672402 ] ], [ [ 72.746621, 23.1672402 ], [ 72.7475876, 23.1681057 ] ], [ [ 72.7475876, 23.1681057 ], [ 72.7477671, 23.1682447 ] ], [ [ 72.7477671, 23.1682447 ], [ 72.7479519, 23.1683776 ] ], [ [ 72.7479519, 23.1683776 ], [ 72.7481419, 23.1685042 ] ], [ [ 72.7481419, 23.1685042 ], [ 72.7483022, 23.1686031 ] ], [ [ 72.7483022, 23.1686031 ], [ 72.7483367, 23.1686245 ] ], [ [ 72.7483367, 23.1686245 ], [ 72.74874, 23.1688451 ] ], [ [ 72.74874, 23.1688451 ], [ 72.7489479, 23.1689451 ] ], [ [ 72.7489479, 23.1689451 ], [ 72.7491768, 23.1690454 ] ], [ [ 72.7491768, 23.1690454 ], [ 72.7494098, 23.1691374 ] ], [ [ 72.7494098, 23.1691374 ], [ 72.7496465, 23.1692209 ] ], [ [ 72.7496465, 23.1692209 ], [ 72.7498867, 23.1692958 ] ], [ [ 72.7498867, 23.1692958 ], [ 72.7501298, 23.169362 ] ], [ [ 72.7501298, 23.169362 ], [ 72.7503755, 23.1694193 ] ], [ [ 72.7503755, 23.1694193 ], [ 72.7504993, 23.1694449 ] ], [ [ 72.7504993, 23.1694449 ], [ 72.7506236, 23.1694678 ] ], [ [ 72.7506236, 23.1694678 ], [ 72.7508264, 23.1694997 ] ], [ [ 72.7508264, 23.1694997 ], [ 72.7510304, 23.1695247 ] ], [ [ 72.7510304, 23.1695247 ], [ 72.7512352, 23.169543 ] ], [ [ 72.7512352, 23.169543 ], [ 72.7514405, 23.1695544 ] ], [ [ 72.7514405, 23.1695544 ], [ 72.7530845, 23.1696544 ] ] ] } },
{ "type": "Feature", "properties": { "construction": null, "disused": null, "light_rail": null, "monorail": null, "railway": "rail", "station": null, "subway": null, "id": 901897467, "timestamp": 1684192602, "version": 2, "tags": { "visible": false, "gauge": "1676", "service": "spur" }, "osm_type": "way" }, "geometry": { "type": "MultiLineString", "coordinates": [ [ [ 72.5375582, 23.1761717 ], [ 72.5423789, 23.1666019 ] ], [ [ 72.5423789, 23.1666019 ], [ 72.5426348, 23.1661364 ] ], [ [ 72.5426348, 23.1661364 ], [ 72.5428379, 23.165802 ] ], [ [ 72.5428379, 23.165802 ], [ 72.543131, 23.1653227 ] ], [ [ 72.543131, 23.1653227 ], [ 72.5436875, 23.1644707 ] ], [ [ 72.5436875, 23.1644707 ], [ 72.5439465, 23.1640423 ] ], [ [ 72.5439465, 23.1640423 ], [ 72.5442019, 23.1635948 ] ], [ [ 72.5442019, 23.1635948 ], [ 72.5443541, 23.1633129 ] ], [ [ 72.5443541, 23.1633129 ], [ 72.54446, 23.1630799 ] ], [ [ 72.54446, 23.1630799 ], [ 72.5445993, 23.1627706 ] ] ] } },
{ "type": "Feature", "properties": { "construction": null, "disused": null, "light_rail": null, "monorail": null, "railway": "rail", "station": null, "subway": null, "id": 903021320, "timestamp": 1738577702, "version": 5, "tags": { "visible": false, "electrified": "contact_line", "frequency": "50", "gauge": "1676", "historic:gauge": "1000", "passenger_lines": "1", "usage": "main", "voltage": "25000" }, "osm_type": "way" }, "geometry": { "type": "MultiLineString", "coordinates": [ [ [ 72.7131578, 23.1363644 ], [ 72.7147845, 23.1378602 ] ], [ [ 72.7147845, 23.1378602 ], [ 72.7203549, 23.1429667 ] ], [ [ 72.7203549, 23.1429667 ], [ 72.7208241, 23.1434145 ] ], [ [ 72.7208241, 23.1434145 ], [ 72.7208614, 23.14345 ] ], [ [ 72.7208614, 23.14345 ], [ 72.726406, 23.1485307 ] ], [ [ 72.726406, 23.1485307 ], [ 72.7308096, 23.1526205 ] ] ] } },
{ "type": "Feature", "properties": { "construction": null, "disused": null, "light_rail": null, "monorail": null, "railway": "rail", "station": null, "subway": null, "id": 903024658, "timestamp": 1738577702, "version": 5, "tags": { "visible": false, "electrified": "contact_line", "frequency": "50", "gauge": "1676", "historic:gauge": "1000", "passenger_lines": "1", "usage": "main", "voltage": "25000" }, "osm_type": "way" }, "geometry": { "type": "MultiLineString", "coordinates": [ [ [ 72.6927861, 23.1176298 ], [ 72.6928157, 23.1176569 ] ], [ [ 72.6928157, 23.1176569 ], [ 72.6970862, 23.1215767 ] ], [ [ 72.6970862, 23.1215767 ], [ 72.7006469, 23.1248605 ] ] ] } },
{ "type": "Feature", "properties": { "construction": null, "disused": null, "light_rail": null, "monorail": null, "railway": "subway", "station": null, "subway": null, "id": 911898474, "timestamp": 1749312959, "version": 9, "tags": { "visible": false, "bridge": "viaduct", "layer": "1", "name": "Violet Line", "start_date": "2024-09-17" }, "osm_type": "way" }, "geometry": { "type": "MultiLineString", "coordinates": [ [ [ 72.6481207, 23.1561697 ], [ 72.6482878, 23.1564628 ] ], [ [ 72.6482878, 23.1564628 ], [ 72.6486077, 23.1570238 ] ], [ [ 72.6486077, 23.1570238 ], [ 72.6487239, 23.1571654 ] ], [ [ 72.6487239, 23.1571654 ], [ 72.6488192, 23.1572618 ] ], [ [ 72.6488192, 23.1572618 ], [ 72.6490409, 23.1574515 ] ], [ [ 72.6490409, 23.1574515 ], [ 72.6491826, 23.1575443 ] ], [ [ 72.6491826, 23.1575443 ], [ 72.6491918, 23.157548 ] ], [ [ 72.6491918, 23.157548 ], [ 72.649473, 23.1576622 ] ], [ [ 72.649473, 23.1576622 ], [ 72.6496755, 23.1577151 ] ], [ [ 72.6496755, 23.1577151 ], [ 72.6498784, 23.1577482 ] ], [ [ 72.6498784, 23.1577482 ], [ 72.6500548, 23.1577627 ] ], [ [ 72.6500548, 23.1577627 ], [ 72.6502212, 23.1577577 ] ], [ [ 72.6502212, 23.1577577 ], [ 72.6504281, 23.1577227 ] ], [ [ 72.6504281, 23.1577227 ], [ 72.6511275, 23.1575667 ] ], [ [ 72.6511275, 23.1575667 ], [ 72.653421, 23.1570043 ] ], [ [ 72.653421, 23.1570043 ], [ 72.6556956, 23.156447 ] ], [ [ 72.6556956, 23.156447 ], [ 72.6595629, 23.1555174 ] ], [ [ 72.6595629, 23.1555174 ], [ 72.6599345, 23.1554145 ] ], [ [ 72.6599345, 23.1554145 ], [ 72.6602593, 23.1552987 ] ], [ [ 72.6602593, 23.1552987 ], [ 72.6612483, 23.154954 ] ], [ [ 72.6612483, 23.154954 ], [ 72.6626879, 23.154453 ] ], [ [ 72.6626879, 23.154453 ], [ 72.6656299, 23.1536758 ] ], [ [ 72.6656299, 23.1536758 ], [ 72.6685991, 23.1529183 ] ], [ [ 72.6685991, 23.1529183 ], [ 72.6709392, 23.1523251 ] ], [ [ 72.6709392, 23.1523251 ], [ 72.6719491, 23.1519995 ] ], [ [ 72.6719491, 23.1519995 ], [ 72.6728688, 23.1517304 ] ], [ [ 72.6728688, 23.1517304 ], [ 72.6736341, 23.1515572 ] ], [ [ 72.6736341, 23.1515572 ], [ 72.6796308, 23.1507238 ] ], [ [ 72.6796308, 23.1507238 ], [ 72.68258, 23.1502771 ] ], [ [ 72.68258, 23.1502771 ], [ 72.683009, 23.1502007 ] ], [ [ 72.683009, 23.1502007 ], [ 72.6832188, 23.1501937 ] ], [ [ 72.6832188, 23.1501937 ], [ 72.6834357, 23.1502232 ] ], [ [ 72.6834357, 23.1502232 ], [ 72.6837038, 23.1503097 ] ], [ [ 72.6837038, 23.1503097 ], [ 72.6839358, 23.1504401 ] ], [ [ 72.6839358, 23.1504401 ], [ 72.6841351, 23.1506349 ] ], [ [ 72.6841351, 23.1506349 ], [ 72.684272, 23.1508229 ] ], [ [ 72.684272, 23.1508229 ], [ 72.6843921, 23.151086 ] ], [ [ 72.6843921, 23.151086 ], [ 72.6850013, 23.1523187 ] ], [ [ 72.6850013, 23.1523187 ], [ 72.6855201, 23.1533672 ] ] ] } },
{ "type": "Feature", "properties": { "construction": null, "disused": null, "light_rail": null, "monorail": null, "railway": "subway", "station": null, "subway": null, "id": 911898475, "timestamp": 1749312959, "version": 12, "tags": { "visible": false, "bridge": "viaduct", "layer": "1", "start_date": "2024-09-17" }, "osm_type": "way" }, "geometry": { "type": "MultiLineString", "coordinates": [ [ [ 72.6481207, 23.1561697 ], [ 72.648395, 23.1568382 ] ], [ [ 72.648395, 23.1568382 ], [ 72.6485852, 23.1573655 ] ], [ [ 72.6485852, 23.1573655 ], [ 72.648652, 23.1576459 ] ], [ [ 72.648652, 23.1576459 ], [ 72.6487045, 23.1579319 ] ], [ [ 72.6487045, 23.1579319 ], [ 72.648727, 23.1581721 ] ], [ [ 72.648727, 23.1581721 ], [ 72.6487496, 23.1584236 ] ], [ [ 72.6487496, 23.1584236 ], [ 72.6487275, 23.1589359 ] ], [ [ 72.6487275, 23.1589359 ], [ 72.6486457, 23.1600004 ] ], [ [ 72.6486457, 23.1600004 ], [ 72.6485974, 23.1610978 ] ], [ [ 72.6485974, 23.1610978 ], [ 72.6485518, 23.1618056 ] ], [ [ 72.6485518, 23.1618056 ], [ 72.6484583, 23.1634838 ] ], [ [ 72.6484583, 23.1634838 ], [ 72.6483104, 23.1663935 ] ], [ [ 72.6483104, 23.1663935 ], [ 72.6482434, 23.1677855 ] ], [ [ 72.6482434, 23.1677855 ], [ 72.6482809, 23.1685549 ] ], [ [ 72.6482809, 23.1685549 ], [ 72.6482085, 23.1697484 ] ], [ [ 72.6482085, 23.1697484 ], [ 72.6480047, 23.1718542 ] ], [ [ 72.6480047, 23.1718542 ], [ 72.6477418, 23.1742017 ] ], [ [ 72.6477418, 23.1742017 ], [ 72.6474055, 23.1781514 ] ], [ [ 72.6474055, 23.1781514 ], [ 72.6472583, 23.1790845 ] ], [ [ 72.6472583, 23.1790845 ], [ 72.6471088, 23.1803339 ] ], [ [ 72.6471088, 23.1803339 ], [ 72.6470176, 23.1814114 ] ], [ [ 72.6470176, 23.1814114 ], [ 72.6472463, 23.183747 ] ], [ [ 72.6472463, 23.183747 ], [ 72.6473225, 23.1844265 ] ], [ [ 72.6473225, 23.1844265 ], [ 72.647336, 23.1846889 ] ], [ [ 72.647336, 23.1846889 ], [ 72.6473372, 23.1849154 ] ], [ [ 72.6473372, 23.1849154 ], [ 72.6473226, 23.1850934 ] ], [ [ 72.6473226, 23.1850934 ], [ 72.6472753, 23.1852757 ] ], [ [ 72.6472753, 23.1852757 ], [ 72.6472008, 23.1854399 ] ], [ [ 72.6472008, 23.1854399 ], [ 72.6471006, 23.1855998 ] ], [ [ 72.6471006, 23.1855998 ], [ 72.6469981, 23.1857051 ] ], [ [ 72.6469981, 23.1857051 ], [ 72.6468629, 23.1858319 ] ], [ [ 72.6468629, 23.1858319 ], [ 72.6467102, 23.1859172 ] ], [ [ 72.6467102, 23.1859172 ], [ 72.6464664, 23.1860026 ] ], [ [ 72.6464664, 23.1860026 ], [ 72.646301, 23.1860273 ] ], [ [ 72.646301, 23.1860273 ], [ 72.6459535, 23.1860389 ] ], [ [ 72.6459535, 23.1860389 ], [ 72.6454121, 23.1860182 ] ], [ [ 72.6454121, 23.1860182 ], [ 72.6444788, 23.1859829 ] ], [ [ 72.6444788, 23.1859829 ], [ 72.6433126, 23.1859326 ] ], [ [ 72.6433126, 23.1859326 ], [ 72.6420984, 23.1858895 ] ], [ [ 72.6420984, 23.1858895 ], [ 72.6405182, 23.1858168 ] ], [ [ 72.6405182, 23.1858168 ], [ 72.6401897, 23.1858551 ] ], [ [ 72.6401897, 23.1858551 ], [ 72.639906, 23.1859344 ] ], [ [ 72.639906, 23.1859344 ], [ 72.6397749, 23.1859994 ] ], [ [ 72.6397749, 23.1859994 ], [ 72.6396561, 23.1860757 ] ], [ [ 72.6396561, 23.1860757 ], [ 72.6394571, 23.1862716 ] ], [ [ 72.6394571, 23.1862716 ], [ 72.6393314, 23.1864302 ] ], [ [ 72.6393314, 23.1864302 ], [ 72.6392481, 23.1865849 ] ], [ [ 72.6392481, 23.1865849 ], [ 72.6391912, 23.1867359 ] ], [ [ 72.6391912, 23.1867359 ], [ 72.6391635, 23.1869362 ] ], [ [ 72.6391635, 23.1869362 ], [ 72.6391603, 23.1871329 ] ], [ [ 72.6391603, 23.1871329 ], [ 72.639286, 23.1882837 ] ], [ [ 72.639286, 23.1882837 ], [ 72.6395557, 23.1908201 ] ], [ [ 72.6395557, 23.1908201 ], [ 72.6396918, 23.192258 ] ], [ [ 72.6396918, 23.192258 ], [ 72.6397917, 23.1930439 ] ], [ [ 72.6397917, 23.1930439 ], [ 72.6400117, 23.1947919 ] ], [ [ 72.6400117, 23.1947919 ], [ 72.6401273, 23.1956303 ] ], [ [ 72.6401273, 23.1956303 ], [ 72.6402707, 23.1973991 ] ], [ [ 72.6402707, 23.1973991 ], [ 72.6402987, 23.1987464 ] ], [ [ 72.6402987, 23.1987464 ], [ 72.6404423, 23.1997876 ] ], [ [ 72.6404423, 23.1997876 ], [ 72.6406671, 23.2005445 ] ], [ [ 72.6406671, 23.2005445 ], [ 72.640929, 23.2012782 ] ], [ [ 72.640929, 23.2012782 ], [ 72.641326, 23.2019932 ] ], [ [ 72.641326, 23.2019932 ], [ 72.6418195, 23.2027944 ] ], [ [ 72.6418195, 23.2027944 ], [ 72.642313, 23.2035931 ] ], [ [ 72.642313, 23.2035931 ], [ 72.6431224, 23.2049065 ] ] ] } },
{ "type": "Feature", "properties": { "construction": null, "disused": null, "light_rail": null, "monorail": null, "railway": "rail", "station": null, "subway": null, "id": 916907674, "timestamp": 1615711503, "version": 1, "tags": { "visible": false }, "osm_type": "way" }, "geometry": { "type": "MultiLineString", "coordinates": [ [ [ 72.5477267, 23.0769592 ], [ 72.5403821, 23.0738307 ] ], [ [ 72.5403821, 23.0738307 ], [ 72.5396119, 23.0734572 ] ] ] } },
{ "type": "Feature", "properties": { "construction": null, "disused": null, "light_rail": null, "monorail": null, "railway": "rail", "station": null, "subway": null, "id": 916907675, "timestamp": 1722420696, "version": 2, "tags": { "visible": false, "service": "siding" }, "osm_type": "way" }, "geometry": { "type": "MultiLineString", "coordinates": [ [ [ 72.5478287, 23.0770719 ], [ 72.547566, 23.0770655 ] ], [ [ 72.547566, 23.0770655 ], [ 72.5473826, 23.0770436 ] ], [ [ 72.5473826, 23.0770436 ], [ 72.5470043, 23.0770064 ] ], [ [ 72.5470043, 23.0770064 ], [ 72.5465884, 23.0769863 ] ], [ [ 72.5465884, 23.0769863 ], [ 72.5462921, 23.0770016 ] ], [ [ 72.5462921, 23.0770016 ], [ 72.5459763, 23.0770303 ] ], [ [ 72.5459763, 23.0770303 ], [ 72.5456485, 23.0770704 ] ], [ [ 72.5456485, 23.0770704 ], [ 72.5453663, 23.0771213 ] ], [ [ 72.5453663, 23.0771213 ], [ 72.5450742, 23.0771914 ] ], [ [ 72.5450742, 23.0771914 ], [ 72.5448153, 23.077261 ] ], [ [ 72.5448153, 23.077261 ], [ 72.544553, 23.0773498 ] ], [ [ 72.544553, 23.0773498 ], [ 72.5442555, 23.0774658 ] ], [ [ 72.5442555, 23.0774658 ], [ 72.5439333, 23.0776137 ] ], [ [ 72.5439333, 23.0776137 ], [ 72.5436385, 23.077776 ] ], [ [ 72.5436385, 23.077776 ], [ 72.5433972, 23.0779236 ] ], [ [ 72.5433972, 23.0779236 ], [ 72.5431137, 23.0781201 ] ], [ [ 72.5431137, 23.0781201 ], [ 72.5428819, 23.0782967 ] ], [ [ 72.5428819, 23.0782967 ], [ 72.5426445, 23.0785095 ] ], [ [ 72.5426445, 23.0785095 ], [ 72.5424304, 23.0787353 ] ], [ [ 72.5424304, 23.0787353 ], [ 72.5422291, 23.0789594 ] ], [ [ 72.5422291, 23.0789594 ], [ 72.5420835, 23.0791324 ] ], [ [ 72.5420835, 23.0791324 ], [ 72.5419418, 23.0793059 ] ], [ [ 72.5419418, 23.0793059 ], [ 72.5418083, 23.0794893 ] ], [ [ 72.5418083, 23.0794893 ], [ 72.5416977, 23.079675 ] ], [ [ 72.5416977, 23.079675 ], [ 72.5415327, 23.0799785 ] ], [ [ 72.5415327, 23.0799785 ], [ 72.5414532, 23.0801426 ] ], [ [ 72.5414532, 23.0801426 ], [ 72.5413617, 23.0803208 ] ], [ [ 72.5413617, 23.0803208 ], [ 72.541284, 23.0804581 ] ], [ [ 72.541284, 23.0804581 ], [ 72.5410738, 23.0808124 ] ] ] } },
{ "type": "Feature", "properties": { "construction": null, "disused": null, "light_rail": null, "monorail": null, "railway": "subway", "station": null, "subway": null, "id": 917835846, "timestamp": 1735743111, "version": 3, "tags": { "visible": false, "electrified": "rail", "gauge": "1435", "service": "yard" }, "osm_type": "way" }, "geometry": { "type": "MultiLineString", "coordinates": [ [ [ 72.6133021, 23.0109348 ], [ 72.6134581, 23.0109271 ] ], [ [ 72.6134581, 23.0109271 ], [ 72.6135709, 23.0109134 ] ], [ [ 72.6135709, 23.0109134 ], [ 72.613741, 23.010887 ] ], [ [ 72.613741, 23.010887 ], [ 72.6138495, 23.0108708 ] ], [ [ 72.6138495, 23.0108708 ], [ 72.6139872, 23.0108601 ] ] ] } },
{ "type": "Feature", "properties": { "construction": null, "disused": null, "light_rail": null, "monorail": null, "railway": "rail", "station": null, "subway": null, "id": 969310821, "timestamp": 1745849234, "version": 7, "tags": { "visible": false, "electrified": "contact_line", "frequency": "50", "gauge": "1676", "passenger_lines": "2", "usage": "main", "voltage": "25000" }, "osm_type": "way" }, "geometry": { "type": "MultiLineString", "coordinates": [ [ [ 72.6436096, 22.9279838 ], [ 72.6408398, 22.9305416 ] ], [ [ 72.6408398, 22.9305416 ], [ 72.6398734, 22.9315655 ] ], [ [ 72.6398734, 22.9315655 ], [ 72.6391232, 22.9324733 ] ], [ [ 72.6391232, 22.9324733 ], [ 72.6384143, 22.9335245 ] ], [ [ 72.6384143, 22.9335245 ], [ 72.6377116, 22.934762 ] ], [ [ 72.6377116, 22.934762 ], [ 72.6366663, 22.936969 ] ], [ [ 72.6366663, 22.936969 ], [ 72.6361479, 22.9381848 ] ], [ [ 72.6361479, 22.9381848 ], [ 72.6360373, 22.9384948 ] ], [ [ 72.6360373, 22.9384948 ], [ 72.6353191, 22.9401024 ] ], [ [ 72.6353191, 22.9401024 ], [ 72.6349926, 22.9410225 ] ], [ [ 72.6349926, 22.9410225 ], [ 72.6347458, 22.9418598 ] ], [ [ 72.6347458, 22.9418598 ], [ 72.63456, 22.9426811 ] ], [ [ 72.63456, 22.9426811 ], [ 72.6338599, 22.9460305 ] ], [ [ 72.6338599, 22.9460305 ], [ 72.6330204, 22.9488462 ] ], [ [ 72.6330204, 22.9488462 ], [ 72.6325176, 22.9504142 ] ], [ [ 72.6325176, 22.9504142 ], [ 72.631382, 22.9540086 ] ], [ [ 72.631382, 22.9540086 ], [ 72.6308211, 22.9555328 ] ], [ [ 72.6308211, 22.9555328 ], [ 72.6307649, 22.9556908 ] ], [ [ 72.6307649, 22.9556908 ], [ 72.6302827, 22.95683 ] ], [ [ 72.6302827, 22.95683 ], [ 72.6293371, 22.9589613 ] ], [ [ 72.6293371, 22.9589613 ], [ 72.6273073, 22.9634709 ] ], [ [ 72.6273073, 22.9634709 ], [ 72.6269302, 22.9643269 ] ], [ [ 72.6269302, 22.9643269 ], [ 72.6226623, 22.9738756 ] ], [ [ 72.6226623, 22.9738756 ], [ 72.6211492, 22.9772558 ] ], [ [ 72.6211492, 22.9772558 ], [ 72.6211298, 22.9772989 ] ], [ [ 72.6211298, 22.9772989 ], [ 72.6171553, 22.9861447 ] ] ] } },
{ "type": "Feature", "properties": { "construction": null, "disused": null, "light_rail": null, "monorail": null, "railway": "rail", "station": null, "subway": null, "id": 1006803617, "timestamp": 1711964819, "version": 2, "tags": { "visible": false, "gauge": "1676", "service": "siding" }, "osm_type": "way" }, "geometry": { "type": "MultiLineString", "coordinates": [ [ [ 72.6120209, 23.0434987 ], [ 72.6125599, 23.0440528 ] ], [ [ 72.6125599, 23.0440528 ], [ 72.6158054, 23.0470454 ] ], [ [ 72.6158054, 23.0470454 ], [ 72.6160844, 23.0472885 ] ], [ [ 72.6160844, 23.0472885 ], [ 72.61637, 23.0475304 ] ], [ [ 72.61637, 23.0475304 ], [ 72.6170433, 23.0480931 ] ], [ [ 72.6170433, 23.0480931 ], [ 72.6173142, 23.0483301 ] ], [ [ 72.6173142, 23.0483301 ], [ 72.6179364, 23.0489014 ] ], [ [ 72.6179364, 23.0489014 ], [ 72.6180504, 23.0489878 ] ], [ [ 72.6180504, 23.0489878 ], [ 72.6182295, 23.0491125 ] ], [ [ 72.6182295, 23.0491125 ], [ 72.6183743, 23.0492285 ] ], [ [ 72.6183743, 23.0492285 ], [ 72.6184393, 23.0492901 ] ], [ [ 72.6184393, 23.0492901 ], [ 72.6195057, 23.0501377 ] ] ] } },
{ "type": "Feature", "properties": { "construction": null, "disused": null, "light_rail": null, "monorail": null, "railway": "rail", "station": null, "subway": null, "id": 1006803618, "timestamp": 1711964819, "version": 2, "tags": { "visible": false, "gauge": "1676", "service": "siding" }, "osm_type": "way" }, "geometry": { "type": "MultiLineString", "coordinates": [ [ [ 72.6183743, 23.0492285 ], [ 72.617349, 23.0482955 ] ], [ [ 72.617349, 23.0482955 ], [ 72.6170727, 23.0480586 ] ], [ [ 72.6170727, 23.0480586 ], [ 72.6164056, 23.047489 ] ], [ [ 72.6164056, 23.047489 ], [ 72.6161192, 23.0472417 ] ], [ [ 72.6161192, 23.0472417 ], [ 72.6158537, 23.047017 ] ], [ [ 72.6158537, 23.047017 ], [ 72.6120209, 23.0434987 ] ], [ [ 72.6120209, 23.0434987 ], [ 72.6119859, 23.0434629 ] ], [ [ 72.6119859, 23.0434629 ], [ 72.6118317, 23.043295 ] ], [ [ 72.6118317, 23.043295 ], [ 72.6115179, 23.0428853 ] ], [ [ 72.6115179, 23.0428853 ], [ 72.6113358, 23.0426922 ] ] ] } },
{ "type": "Feature", "properties": { "construction": null, "disused": null, "light_rail": null, "monorail": null, "railway": "rail", "station": null, "subway": null, "id": 1006803619, "timestamp": 1711964819, "version": 2, "tags": { "visible": false, "gauge": "1676", "service": "siding" }, "osm_type": "way" }, "geometry": { "type": "MultiLineString", "coordinates": [ [ [ 72.6044458, 23.0392951 ], [ 72.6048037, 23.0394681 ] ], [ [ 72.6048037, 23.0394681 ], [ 72.6049371, 23.0395403 ] ], [ [ 72.6049371, 23.0395403 ], [ 72.605041, 23.039586 ] ], [ [ 72.605041, 23.039586 ], [ 72.6051188, 23.0396193 ] ], [ [ 72.6051188, 23.0396193 ], [ 72.6088571, 23.0411526 ] ], [ [ 72.6088571, 23.0411526 ], [ 72.6091294, 23.0412748 ] ], [ [ 72.6091294, 23.0412748 ], [ 72.6093828, 23.0413909 ] ], [ [ 72.6093828, 23.0413909 ], [ 72.6096725, 23.04155 ] ], [ [ 72.6096725, 23.04155 ], [ 72.6099139, 23.0417006 ] ], [ [ 72.6099139, 23.0417006 ], [ 72.6103109, 23.0419721 ] ], [ [ 72.6103109, 23.0419721 ], [ 72.6105898, 23.0421868 ] ], [ [ 72.6105898, 23.0421868 ], [ 72.6109171, 23.0424731 ] ], [ [ 72.6109171, 23.0424731 ], [ 72.6119859, 23.0434629 ] ] ] } },
{ "type": "Feature", "properties": { "construction": null, "disused": null, "light_rail": null, "monorail": null, "railway": "rail", "station": null, "subway": null, "id": 1006803620, "timestamp": 1711964819, "version": 2, "tags": { "visible": false, "gauge": "1676", "service": "siding" }, "osm_type": "way" }, "geometry": { "type": "MultiLineString", "coordinates": [ [ [ 72.6051188, 23.0396193 ], [ 72.6056841, 23.0399019 ] ], [ [ 72.6056841, 23.0399019 ], [ 72.6080391, 23.0408639 ] ], [ [ 72.6080391, 23.0408639 ], [ 72.6084092, 23.0410194 ] ], [ [ 72.6084092, 23.0410194 ], [ 72.6087767, 23.0411847 ] ], [ [ 72.6087767, 23.0411847 ], [ 72.6092031, 23.0414143 ] ], [ [ 72.6092031, 23.0414143 ], [ 72.6098093, 23.0417598 ] ], [ [ 72.6098093, 23.0417598 ], [ 72.6102116, 23.0420264 ] ], [ [ 72.6102116, 23.0420264 ], [ 72.6105791, 23.0422905 ] ], [ [ 72.6105791, 23.0422905 ], [ 72.610909, 23.0425571 ] ], [ [ 72.610909, 23.0425571 ], [ 72.611306, 23.04291 ] ], [ [ 72.611306, 23.04291 ], [ 72.612049, 23.0436036 ] ], [ [ 72.612049, 23.0436036 ], [ 72.6125599, 23.0440528 ] ] ] } },
{ "type": "Feature", "properties": { "construction": null, "disused": null, "light_rail": null, "monorail": null, "railway": "rail", "station": null, "subway": null, "id": 1006803621, "timestamp": 1711964819, "version": 2, "tags": { "visible": false, "gauge": "1676", "service": "siding" }, "osm_type": "way" }, "geometry": { "type": "MultiLineString", "coordinates": [ [ [ 72.6118653, 23.0431087 ], [ 72.612564, 23.0436887 ] ], [ [ 72.612564, 23.0436887 ], [ 72.6182368, 23.0489052 ] ], [ [ 72.6182368, 23.0489052 ], [ 72.6183857, 23.0490483 ] ], [ [ 72.6183857, 23.0490483 ], [ 72.6188758, 23.0495574 ] ] ] } },
{ "type": "Feature", "properties": { "construction": null, "disused": null, "light_rail": null, "monorail": null, "railway": "rail", "station": null, "subway": null, "id": 1006803622, "timestamp": 1711986177, "version": 3, "tags": { "visible": false, "gauge": "1676", "service": "siding" }, "osm_type": "way" }, "geometry": { "type": "MultiLineString", "coordinates": [ [ [ 72.6099702, 23.0416043 ], [ 72.6101916, 23.0417648 ] ], [ [ 72.6101916, 23.0417648 ], [ 72.6106154, 23.0420733 ] ] ] } },
{ "type": "Feature", "properties": { "construction": null, "disused": null, "light_rail": null, "monorail": null, "railway": "rail", "station": null, "subway": null, "id": 1006803623, "timestamp": 1711964819, "version": 2, "tags": { "visible": false, "gauge": "1676", "service": "yard" }, "osm_type": "way" }, "geometry": { "type": "MultiLineString", "coordinates": [ [ [ 72.6023016, 23.0381444 ], [ 72.6024245, 23.0382531 ] ], [ [ 72.6024245, 23.0382531 ], [ 72.6025837, 23.0383828 ] ], [ [ 72.6025837, 23.0383828 ], [ 72.602757, 23.0385002 ] ], [ [ 72.602757, 23.0385002 ], [ 72.6029643, 23.0386227 ] ], [ [ 72.6029643, 23.0386227 ], [ 72.603081, 23.0386813 ] ], [ [ 72.603081, 23.0386813 ], [ 72.6031864, 23.0387277 ] ], [ [ 72.6031864, 23.0387277 ], [ 72.603305, 23.0387702 ] ], [ [ 72.603305, 23.0387702 ], [ 72.6034405, 23.0388097 ] ], [ [ 72.6034405, 23.0388097 ], [ 72.6036101, 23.038848 ] ], [ [ 72.6036101, 23.038848 ], [ 72.6037037, 23.0388618 ] ], [ [ 72.6037037, 23.0388618 ], [ 72.6039403, 23.0389094 ] ], [ [ 72.6039403, 23.0389094 ], [ 72.604219, 23.0389855 ] ], [ [ 72.604219, 23.0389855 ], [ 72.6043832, 23.0390414 ] ], [ [ 72.6043832, 23.0390414 ], [ 72.6046954, 23.0391662 ] ], [ [ 72.6046954, 23.0391662 ], [ 72.6050209, 23.039325 ] ], [ [ 72.6050209, 23.039325 ], [ 72.605203, 23.03941 ] ], [ [ 72.605203, 23.03941 ], [ 72.6080847, 23.0405356 ] ] ] } },
{ "type": "Feature", "properties": { "construction": null, "disused": null, "light_rail": null, "monorail": null, "railway": "rail", "station": null, "subway": null, "id": 1006803624, "timestamp": 1711964819, "version": 2, "tags": { "visible": false, "gauge": "1676", "service": "siding" }, "osm_type": "way" }, "geometry": { "type": "MultiLineString", "coordinates": [ [ [ 72.612564, 23.0436887 ], [ 72.6114468, 23.0426583 ] ], [ [ 72.6114468, 23.0426583 ], [ 72.6112644, 23.0424904 ] ], [ [ 72.6112644, 23.0424904 ], [ 72.6110874, 23.0423448 ] ], [ [ 72.6110874, 23.0423448 ], [ 72.6109265, 23.0422127 ] ], [ [ 72.6109265, 23.0422127 ], [ 72.6107132, 23.0420622 ] ], [ [ 72.6107132, 23.0420622 ], [ 72.6104062, 23.041866 ] ], [ [ 72.6104062, 23.041866 ], [ 72.6099702, 23.0416043 ] ], [ [ 72.6099702, 23.0416043 ], [ 72.6097423, 23.0414686 ] ], [ [ 72.6097423, 23.0414686 ], [ 72.6094553, 23.041318 ] ], [ [ 72.6094553, 23.041318 ], [ 72.6092166, 23.0411983 ] ], [ [ 72.6092166, 23.0411983 ], [ 72.6089211, 23.0410649 ] ], [ [ 72.6089211, 23.0410649 ], [ 72.605559, 23.0396957 ] ], [ [ 72.605559, 23.0396957 ], [ 72.6048214, 23.0394437 ] ] ] } },
{ "type": "Feature", "properties": { "construction": null, "disused": null, "light_rail": null, "monorail": null, "railway": "subway", "station": null, "subway": null, "id": 1050722701, "timestamp": 1733047023, "version": 3, "tags": { "visible": false, "bridge": "yes", "electrified": "rail", "gauge": "1435", "layer": "1", "name": "Blue Line, Ahmedabad Metro", "start_date": "2019-03-04", "usage": "main", "voltage": "750" }, "osm_type": "way" }, "geometry": { "type": "MultiLineString", "coordinates": [ [ [ 72.6182378, 23.0107028 ], [ 72.6177369, 23.0107172 ] ], [ [ 72.6177369, 23.0107172 ], [ 72.616992, 23.0107078 ] ], [ [ 72.616992, 23.0107078 ], [ 72.6167791, 23.0107052 ] ], [ [ 72.6167791, 23.0107052 ], [ 72.6166192, 23.0107125 ] ], [ [ 72.6166192, 23.0107125 ], [ 72.6162692, 23.0107152 ] ], [ [ 72.6162692, 23.0107152 ], [ 72.6158313, 23.0107124 ] ], [ [ 72.6158313, 23.0107124 ], [ 72.6146653, 23.0107349 ] ], [ [ 72.6146653, 23.0107349 ], [ 72.614468, 23.0107271 ] ], [ [ 72.614468, 23.0107271 ], [ 72.6141744, 23.0106995 ] ], [ [ 72.6141744, 23.0106995 ], [ 72.6125772, 23.0105207 ] ], [ [ 72.6125772, 23.0105207 ], [ 72.6122573, 23.010498 ] ], [ [ 72.6122573, 23.010498 ], [ 72.6117528, 23.0105128 ] ] ] } },
{ "type": "Feature", "properties": { "construction": null, "disused": null, "light_rail": null, "monorail": null, "railway": "subway", "station": null, "subway": null, "id": 1050722702, "timestamp": 1733047023, "version": 3, "tags": { "visible": false, "bridge": "yes", "electrified": "rail", "gauge": "1435", "layer": "1", "name": "Blue Line, Ahmedabad Metro", "start_date": "2019-03-04", "usage": "main", "voltage": "750" }, "osm_type": "way" }, "geometry": { "type": "MultiLineString", "coordinates": [ [ [ 72.6284005, 23.0078943 ], [ 72.627388, 23.0083002 ] ], [ [ 72.627388, 23.0083002 ], [ 72.6269303, 23.0084885 ] ], [ [ 72.6269303, 23.0084885 ], [ 72.6265127, 23.008646 ] ], [ [ 72.6265127, 23.008646 ], [ 72.626143, 23.0087441 ] ], [ [ 72.626143, 23.0087441 ], [ 72.6257837, 23.0088356 ] ], [ [ 72.6257837, 23.0088356 ], [ 72.6252192, 23.0088919 ] ], [ [ 72.6252192, 23.0088919 ], [ 72.62484, 23.0089235 ] ], [ [ 72.62484, 23.0089235 ], [ 72.6246001, 23.0089415 ] ], [ [ 72.6246001, 23.0089415 ], [ 72.6243348, 23.0089943 ] ], [ [ 72.6243348, 23.0089943 ], [ 72.6241461, 23.0090349 ] ], [ [ 72.6241461, 23.0090349 ], [ 72.6238802, 23.0091216 ] ], [ [ 72.6238802, 23.0091216 ], [ 72.6235617, 23.0092439 ] ], [ [ 72.6235617, 23.0092439 ], [ 72.6232468, 23.0093626 ] ], [ [ 72.6232468, 23.0093626 ], [ 72.6228585, 23.0095266 ] ], [ [ 72.6228585, 23.0095266 ], [ 72.622229, 23.0097577 ] ], [ [ 72.622229, 23.0097577 ], [ 72.6217104, 23.0099566 ] ], [ [ 72.6217104, 23.0099566 ], [ 72.6215303, 23.0100226 ] ], [ [ 72.6215303, 23.0100226 ], [ 72.6210119, 23.0102125 ] ], [ [ 72.6210119, 23.0102125 ], [ 72.6203328, 23.0104539 ] ], [ [ 72.6203328, 23.0104539 ], [ 72.6198619, 23.0105869 ] ], [ [ 72.6198619, 23.0105869 ], [ 72.6196196, 23.0106491 ] ], [ [ 72.6196196, 23.0106491 ], [ 72.6193839, 23.0106764 ] ], [ [ 72.6193839, 23.0106764 ], [ 72.6191768, 23.0106859 ] ], [ [ 72.6191768, 23.0106859 ], [ 72.6182378, 23.0107028 ] ] ] } },
{ "type": "Feature", "properties": { "construction": null, "disused": null, "light_rail": null, "monorail": null, "railway": "subway", "station": null, "subway": null, "id": 1050722703, "timestamp": 1733047023, "version": 4, "tags": { "visible": false, "bridge": "yes", "electrified": "rail", "gauge": "1435", "layer": "1", "name": "Blue Line, Ahmedabad Metro", "start_date": "2019-03-04", "usage": "main", "voltage": "750" }, "osm_type": "way" }, "geometry": { "type": "MultiLineString", "coordinates": [ [ [ 72.6477227, 23.0035358 ], [ 72.6470419, 23.0037017 ] ], [ [ 72.6470419, 23.0037017 ], [ 72.6464914, 23.0038147 ] ], [ [ 72.6464914, 23.0038147 ], [ 72.6463323, 23.0038458 ] ], [ [ 72.6463323, 23.0038458 ], [ 72.6456257, 23.0040299 ] ], [ [ 72.6456257, 23.0040299 ], [ 72.6452338, 23.0040916 ] ], [ [ 72.6452338, 23.0040916 ], [ 72.644823, 23.0041387 ] ], [ [ 72.644823, 23.0041387 ], [ 72.6444701, 23.0041641 ] ], [ [ 72.6444701, 23.0041641 ], [ 72.6442491, 23.0041876 ] ], [ [ 72.6442491, 23.0041876 ], [ 72.6441095, 23.0042097 ] ], [ [ 72.6441095, 23.0042097 ], [ 72.6439349, 23.0042471 ] ], [ [ 72.6439349, 23.0042471 ], [ 72.6437472, 23.0043034 ] ], [ [ 72.6437472, 23.0043034 ], [ 72.6435015, 23.0044023 ] ], [ [ 72.6435015, 23.0044023 ], [ 72.6432037, 23.0045341 ] ], [ [ 72.6432037, 23.0045341 ], [ 72.6426807, 23.0047534 ] ], [ [ 72.6426807, 23.0047534 ], [ 72.6423929, 23.0048562 ] ], [ [ 72.6423929, 23.0048562 ], [ 72.6421942, 23.0049094 ] ], [ [ 72.6421942, 23.0049094 ], [ 72.6419567, 23.0049541 ] ], [ [ 72.6419567, 23.0049541 ], [ 72.6417535, 23.0049624 ] ], [ [ 72.6417535, 23.0049624 ], [ 72.6414103, 23.0049706 ] ], [ [ 72.6414103, 23.0049706 ], [ 72.6413131, 23.004973 ] ], [ [ 72.6413131, 23.004973 ], [ 72.6409177, 23.0049594 ] ], [ [ 72.6409177, 23.0049594 ], [ 72.6404306, 23.0049407 ] ], [ [ 72.6404306, 23.0049407 ], [ 72.6396007, 23.0048738 ] ], [ [ 72.6396007, 23.0048738 ], [ 72.6390629, 23.0048132 ] ], [ [ 72.6390629, 23.0048132 ], [ 72.6385968, 23.0047606 ] ], [ [ 72.6385968, 23.0047606 ], [ 72.6382884, 23.004726 ] ], [ [ 72.6382884, 23.004726 ], [ 72.6380836, 23.0047229 ] ], [ [ 72.6380836, 23.0047229 ], [ 72.6379181, 23.0047212 ] ], [ [ 72.6379181, 23.0047212 ], [ 72.6377961, 23.0047292 ] ], [ [ 72.6377961, 23.0047292 ], [ 72.637696, 23.0047458 ] ], [ [ 72.637696, 23.0047458 ], [ 72.6375351, 23.0047824 ] ], [ [ 72.6375351, 23.0047824 ], [ 72.6373666, 23.0048281 ] ], [ [ 72.6373666, 23.0048281 ], [ 72.6371389, 23.004903 ] ], [ [ 72.6371389, 23.004903 ], [ 72.6368104, 23.00503 ] ], [ [ 72.6368104, 23.00503 ], [ 72.6365086, 23.0051237 ] ], [ [ 72.6365086, 23.0051237 ], [ 72.635628, 23.0054549 ] ], [ [ 72.635628, 23.0054549 ], [ 72.634741, 23.005751 ] ], [ [ 72.634741, 23.005751 ], [ 72.634652, 23.0057792 ] ], [ [ 72.634652, 23.0057792 ], [ 72.6332796, 23.006214 ] ], [ [ 72.6332796, 23.006214 ], [ 72.6320796, 23.006559 ] ], [ [ 72.6320796, 23.006559 ], [ 72.6308314, 23.0069113 ] ], [ [ 72.6308314, 23.0069113 ], [ 72.6302742, 23.0070733 ] ], [ [ 72.6302742, 23.0070733 ], [ 72.6299168, 23.0072382 ] ], [ [ 72.6299168, 23.0072382 ], [ 72.62934, 23.0074563 ] ], [ [ 72.62934, 23.0074563 ], [ 72.6287468, 23.0077117 ] ], [ [ 72.6287468, 23.0077117 ], [ 72.6284005, 23.0078943 ] ] ] } },
{ "type": "Feature", "properties": { "construction": null, "disused": null, "light_rail": null, "monorail": null, "railway": "subway", "station": null, "subway": null, "id": 1050722705, "timestamp": 1733047023, "version": 2, "tags": { "visible": false, "bridge": "yes", "electrified": "rail", "gauge": "1435", "layer": "1", "name": "Blue Line, Ahmedabad Metro", "start_date": "2019-03-04", "usage": "main", "voltage": "750" }, "osm_type": "way" }, "geometry": { "type": "MultiLineString", "coordinates": [ [ [ 72.6585492, 22.9999759 ], [ 72.6576654, 23.0003378 ] ], [ [ 72.6576654, 23.0003378 ], [ 72.65678, 23.0006916 ] ], [ [ 72.65678, 23.0006916 ], [ 72.6561983, 23.0009219 ] ], [ [ 72.6561983, 23.0009219 ], [ 72.6554276, 23.0012075 ] ], [ [ 72.6554276, 23.0012075 ], [ 72.6549367, 23.0013778 ] ], [ [ 72.6549367, 23.0013778 ], [ 72.6542755, 23.0015945 ] ], [ [ 72.6542755, 23.0015945 ], [ 72.6534905, 23.0018242 ] ], [ [ 72.6534905, 23.0018242 ], [ 72.6527579, 23.0020312 ] ], [ [ 72.6527579, 23.0020312 ], [ 72.6521022, 23.0022221 ] ], [ [ 72.6521022, 23.0022221 ], [ 72.6514114, 23.0024258 ] ], [ [ 72.6514114, 23.0024258 ], [ 72.6511349, 23.002505 ] ], [ [ 72.6511349, 23.002505 ], [ 72.6505211, 23.0026933 ] ], [ [ 72.6505211, 23.0026933 ], [ 72.6502512, 23.0027776 ] ], [ [ 72.6502512, 23.0027776 ], [ 72.649979, 23.002883 ] ], [ [ 72.649979, 23.002883 ], [ 72.6492562, 23.003142 ] ], [ [ 72.6492562, 23.003142 ], [ 72.6487422, 23.0032993 ] ], [ [ 72.6487422, 23.0032993 ], [ 72.6477227, 23.0035358 ] ] ] } },
{ "type": "Feature", "properties": { "construction": null, "disused": null, "light_rail": null, "monorail": null, "railway": "subway", "station": null, "subway": null, "id": 1050722706, "timestamp": 1733818296, "version": 6, "tags": { "visible": false, "bridge": "yes", "electrified": "rail", "gauge": "1435", "layer": "1", "name": "Blue Line, Ahmedabad Metro", "start_date": "2019-03-04", "usage": "main", "voltage": "750" }, "osm_type": "way" }, "geometry": { "type": "MultiLineString", "coordinates": [ [ [ 72.6674915, 22.9972131 ], [ 72.6668771, 22.9974698 ] ], [ [ 72.6668771, 22.9974698 ], [ 72.6665359, 22.9975522 ] ], [ [ 72.6665359, 22.9975522 ], [ 72.666379, 22.9976058 ] ], [ [ 72.666379, 22.9976058 ], [ 72.6661889, 22.9976727 ] ], [ [ 72.6661889, 22.9976727 ], [ 72.6658267, 22.997778 ] ], [ [ 72.6658267, 22.997778 ], [ 72.6657519, 22.9977996 ] ], [ [ 72.6657519, 22.9977996 ], [ 72.6653378, 22.9979015 ] ], [ [ 72.6653378, 22.9979015 ], [ 72.6648923, 22.9980064 ] ], [ [ 72.6648923, 22.9980064 ], [ 72.6642788, 22.9981491 ] ], [ [ 72.6642788, 22.9981491 ], [ 72.6637664, 22.9982912 ] ], [ [ 72.6637664, 22.9982912 ], [ 72.6632604, 22.9984152 ] ], [ [ 72.6632604, 22.9984152 ], [ 72.6627005, 22.9985308 ] ], [ [ 72.6627005, 22.9985308 ], [ 72.6620407, 22.9986611 ] ], [ [ 72.6620407, 22.9986611 ], [ 72.6614045, 22.9987836 ] ], [ [ 72.6614045, 22.9987836 ], [ 72.6610416, 22.9988765 ] ], [ [ 72.6610416, 22.9988765 ], [ 72.6607256, 22.998971 ] ], [ [ 72.6607256, 22.998971 ], [ 72.6604636, 22.9990696 ] ], [ [ 72.6604636, 22.9990696 ], [ 72.6599887, 22.9992613 ] ], [ [ 72.6599887, 22.9992613 ], [ 72.6596447, 22.999467 ] ], [ [ 72.6596447, 22.999467 ], [ 72.6589675, 22.9997983 ] ], [ [ 72.6589675, 22.9997983 ], [ 72.6586658, 22.999927 ] ], [ [ 72.6586658, 22.999927 ], [ 72.6585492, 22.9999759 ] ] ] } },
{ "type": "Feature", "properties": { "construction": null, "disused": null, "light_rail": null, "monorail": null, "railway": "subway", "station": null, "subway": null, "id": 1101021712, "timestamp": 1733047023, "version": 2, "tags": { "visible": false, "electrified": "rail", "gauge": "1435", "layer": "-1", "name": "Blue Line, Ahmedabad Metro", "start_date": "2022-09-30", "tunnel": "yes", "usage": "main", "voltage": "750" }, "osm_type": "way" }, "geometry": { "type": "MultiLineString", "coordinates": [ [ [ 72.6117528, 23.0105128 ], [ 72.6109078, 23.0104443 ] ], [ [ 72.6109078, 23.0104443 ], [ 72.6094731, 23.0103528 ] ], [ [ 72.6094731, 23.0103528 ], [ 72.6087555, 23.0103172 ] ], [ [ 72.6087555, 23.0103172 ], [ 72.6084776, 23.0103172 ] ], [ [ 72.6084776, 23.0103172 ], [ 72.6082842, 23.0103722 ] ], [ [ 72.6082842, 23.0103722 ], [ 72.6081013, 23.0104597 ] ], [ [ 72.6081013, 23.0104597 ], [ 72.6078656, 23.0106831 ] ], [ [ 72.6078656, 23.0106831 ], [ 72.6076229, 23.0111234 ] ], [ [ 72.6076229, 23.0111234 ], [ 72.6073696, 23.0115993 ] ], [ [ 72.6073696, 23.0115993 ], [ 72.6072817, 23.0120979 ] ], [ [ 72.6072817, 23.0120979 ], [ 72.6071304, 23.0129235 ] ], [ [ 72.6071304, 23.0129235 ], [ 72.607046, 23.0137005 ] ], [ [ 72.607046, 23.0137005 ], [ 72.607046, 23.0146199 ] ], [ [ 72.607046, 23.0146199 ], [ 72.6070566, 23.0154585 ] ], [ [ 72.6070566, 23.0154585 ], [ 72.6070425, 23.0165592 ] ], [ [ 72.6070425, 23.0165592 ], [ 72.6069467, 23.0183394 ] ], [ [ 72.6069467, 23.0183394 ], [ 72.6068852, 23.0188422 ] ], [ [ 72.6068852, 23.0188422 ], [ 72.606735, 23.0192978 ] ], [ [ 72.606735, 23.0192978 ], [ 72.6063731, 23.0197754 ] ], [ [ 72.6063731, 23.0197754 ], [ 72.605919, 23.0201462 ] ], [ [ 72.605919, 23.0201462 ], [ 72.6047275, 23.0208092 ] ], [ [ 72.6047275, 23.0208092 ], [ 72.6042904, 23.0210638 ] ], [ [ 72.6042904, 23.0210638 ], [ 72.6040071, 23.0213529 ] ], [ [ 72.6040071, 23.0213529 ], [ 72.6034676, 23.0220253 ] ], [ [ 72.6034676, 23.0220253 ], [ 72.6032935, 23.0223772 ] ], [ [ 72.6032935, 23.0223772 ], [ 72.6032423, 23.0227292 ] ], [ [ 72.6032423, 23.0227292 ], [ 72.6031911, 23.0235022 ] ], [ [ 72.6031911, 23.0235022 ], [ 72.603211, 23.0246998 ] ], [ [ 72.603211, 23.0246998 ], [ 72.603166, 23.0270546 ] ], [ [ 72.603166, 23.0270546 ], [ 72.6031379, 23.0278541 ] ], [ [ 72.6031379, 23.0278541 ], [ 72.6029608, 23.0287003 ] ], [ [ 72.6029608, 23.0287003 ], [ 72.6027611, 23.0292669 ] ], [ [ 72.6027611, 23.0292669 ], [ 72.6024575, 23.0297275 ] ], [ [ 72.6024575, 23.0297275 ], [ 72.6021032, 23.0300484 ] ], [ [ 72.6021032, 23.0300484 ], [ 72.6017012, 23.0301829 ] ], [ [ 72.6017012, 23.0301829 ], [ 72.601181, 23.0302192 ] ], [ [ 72.601181, 23.0302192 ], [ 72.5998708, 23.0302683 ] ], [ [ 72.5998708, 23.0302683 ], [ 72.5969913, 23.0302778 ] ], [ [ 72.5969913, 23.0302778 ], [ 72.5958067, 23.030298 ] ], [ [ 72.5958067, 23.030298 ], [ 72.5885509, 23.0277999 ] ], [ [ 72.5885509, 23.0277999 ], [ 72.587926, 23.0277792 ] ], [ [ 72.587926, 23.0277792 ], [ 72.5875036, 23.0278149 ] ], [ [ 72.5875036, 23.0278149 ], [ 72.587231, 23.0279408 ] ], [ [ 72.587231, 23.0279408 ], [ 72.5870846, 23.0281589 ] ], [ [ 72.5870846, 23.0281589 ], [ 72.5868045, 23.0287972 ] ], [ [ 72.5868045, 23.0287972 ], [ 72.584877, 23.0335761 ] ], [ [ 72.584877, 23.0335761 ], [ 72.5833141, 23.0381101 ] ], [ [ 72.5833141, 23.0381101 ], [ 72.5831381, 23.0384957 ] ], [ [ 72.5831381, 23.0384957 ], [ 72.5828394, 23.0388115 ] ], [ [ 72.5828394, 23.0388115 ], [ 72.5824979, 23.0390087 ] ], [ [ 72.5824979, 23.0390087 ], [ 72.5819443, 23.0391718 ] ], [ [ 72.5819443, 23.0391718 ], [ 72.5810332, 23.0392509 ] ], [ [ 72.5810332, 23.0392509 ], [ 72.5799783, 23.0393185 ] ], [ [ 72.5799783, 23.0393185 ], [ 72.5790531, 23.0394508 ] ], [ [ 72.5790531, 23.0394508 ], [ 72.5786608, 23.0394336 ] ], [ [ 72.5786608, 23.0394336 ], [ 72.5780935, 23.0393372 ] ], [ [ 72.5780935, 23.0393372 ], [ 72.5777199, 23.0392051 ] ], [ [ 72.5777199, 23.0392051 ], [ 72.5772138, 23.0389388 ] ], [ [ 72.5772138, 23.0389388 ], [ 72.5769706, 23.0387262 ] ], [ [ 72.5769706, 23.0387262 ], [ 72.5765511, 23.0383486 ] ] ] } },
{ "type": "Feature", "properties": { "construction": null, "disused": null, "light_rail": null, "monorail": null, "railway": "subway", "station": null, "subway": null, "id": 1101021714, "timestamp": 1749312959, "version": 7, "tags": { "visible": false, "bridge": "yes", "electrified": "rail", "gauge": "1435", "layer": "1", "start_date": "2022-09-30", "usage": "main", "voltage": "750" }, "osm_type": "way" }, "geometry": { "type": "MultiLineString", "coordinates": [ [ [ 72.5421097, 23.0451771 ], [ 72.5418154, 23.0452713 ] ], [ [ 72.5418154, 23.0452713 ], [ 72.541404, 23.045445 ] ], [ [ 72.541404, 23.045445 ], [ 72.5408875, 23.0456848 ] ], [ [ 72.5408875, 23.0456848 ], [ 72.540358, 23.0458217 ] ], [ [ 72.540358, 23.0458217 ], [ 72.5401762, 23.0458556 ] ], [ [ 72.5401762, 23.0458556 ], [ 72.5398804, 23.0458696 ] ], [ [ 72.5398804, 23.0458696 ], [ 72.5392426, 23.0458753 ] ], [ [ 72.5392426, 23.0458753 ], [ 72.5383439, 23.0459009 ] ], [ [ 72.5383439, 23.0459009 ], [ 72.5371432, 23.0459216 ] ], [ [ 72.5371432, 23.0459216 ], [ 72.5365831, 23.0459256 ] ], [ [ 72.5365831, 23.0459256 ], [ 72.5348776, 23.045928 ] ], [ [ 72.5348776, 23.045928 ], [ 72.533519, 23.0459137 ] ], [ [ 72.533519, 23.0459137 ], [ 72.5328825, 23.0459173 ] ], [ [ 72.5328825, 23.0459173 ], [ 72.5322262, 23.0459668 ] ], [ [ 72.5322262, 23.0459668 ], [ 72.5313931, 23.0460376 ] ], [ [ 72.5313931, 23.0460376 ], [ 72.5305734, 23.0461346 ] ], [ [ 72.5305734, 23.0461346 ], [ 72.5302651, 23.0461541 ] ], [ [ 72.5302651, 23.0461541 ], [ 72.5300289, 23.0461932 ] ], [ [ 72.5300289, 23.0461932 ], [ 72.529705, 23.0462647 ] ], [ [ 72.529705, 23.0462647 ], [ 72.529367, 23.046391 ] ], [ [ 72.529367, 23.046391 ], [ 72.529062, 23.0465194 ] ], [ [ 72.529062, 23.0465194 ], [ 72.5279903, 23.0471365 ] ], [ [ 72.5279903, 23.0471365 ], [ 72.5273548, 23.0474654 ] ], [ [ 72.5273548, 23.0474654 ], [ 72.526921, 23.0476627 ] ], [ [ 72.526921, 23.0476627 ], [ 72.5264841, 23.047795 ] ], [ [ 72.5264841, 23.047795 ], [ 72.5260876, 23.0478846 ] ], [ [ 72.5260876, 23.0478846 ], [ 72.5253999, 23.0480211 ] ], [ [ 72.5253999, 23.0480211 ], [ 72.5245109, 23.0481838 ] ], [ [ 72.5245109, 23.0481838 ], [ 72.5234624, 23.0484013 ] ], [ [ 72.5234624, 23.0484013 ], [ 72.5230271, 23.0484894 ] ], [ [ 72.5230271, 23.0484894 ], [ 72.5226295, 23.0486035 ] ], [ [ 72.5226295, 23.0486035 ], [ 72.5220339, 23.0488348 ] ], [ [ 72.5220339, 23.0488348 ], [ 72.5213259, 23.0491368 ] ], [ [ 72.5213259, 23.0491368 ], [ 72.520379, 23.0495132 ] ], [ [ 72.520379, 23.0495132 ], [ 72.5200692, 23.0496228 ] ], [ [ 72.5200692, 23.0496228 ], [ 72.51961, 23.049766 ] ], [ [ 72.51961, 23.049766 ], [ 72.5193298, 23.0498166 ] ], [ [ 72.5193298, 23.0498166 ], [ 72.5189055, 23.049876 ] ], [ [ 72.5189055, 23.049876 ], [ 72.5183813, 23.0499251 ] ], [ [ 72.5183813, 23.0499251 ], [ 72.5176793, 23.0498898 ] ], [ [ 72.5176793, 23.0498898 ], [ 72.5169058, 23.0498366 ] ], [ [ 72.5169058, 23.0498366 ], [ 72.5160136, 23.049782 ] ], [ [ 72.5160136, 23.049782 ], [ 72.5151751, 23.0497378 ] ], [ [ 72.5151751, 23.0497378 ], [ 72.5150743, 23.0497447 ] ], [ [ 72.5150743, 23.0497447 ], [ 72.5150076, 23.0497592 ] ], [ [ 72.5150076, 23.0497592 ], [ 72.5145003, 23.0499649 ] ], [ [ 72.5145003, 23.0499649 ], [ 72.5143043, 23.0500033 ] ] ] } },
{ "type": "Feature", "properties": { "construction": null, "disused": null, "light_rail": null, "monorail": null, "railway": "subway", "station": null, "subway": null, "id": 1101021715, "timestamp": 1749312959, "version": 7, "tags": { "visible": false, "bridge": "yes", "electrified": "rail", "gauge": "1435", "layer": "2", "start_date": "2022-09-30", "usage": "main", "voltage": "750" }, "osm_type": "way" }, "geometry": { "type": "MultiLineString", "coordinates": [ [ [ 72.5143192, 23.0499618 ], [ 72.5145167, 23.0499038 ] ], [ [ 72.5145167, 23.0499038 ], [ 72.5149952, 23.0497207 ] ], [ [ 72.5149952, 23.0497207 ], [ 72.5150719, 23.0497092 ] ], [ [ 72.5150719, 23.0497092 ], [ 72.5151942, 23.049704 ] ], [ [ 72.5151942, 23.049704 ], [ 72.5159937, 23.0497505 ] ], [ [ 72.5159937, 23.0497505 ], [ 72.5169011, 23.0497921 ] ], [ [ 72.5169011, 23.0497921 ], [ 72.5176858, 23.0498489 ] ], [ [ 72.5176858, 23.0498489 ], [ 72.5183823, 23.049879 ] ], [ [ 72.5183823, 23.049879 ], [ 72.5188917, 23.0498369 ] ], [ [ 72.5188917, 23.0498369 ], [ 72.5193295, 23.0497711 ] ], [ [ 72.5193295, 23.0497711 ], [ 72.519601, 23.0497108 ] ], [ [ 72.519601, 23.0497108 ], [ 72.5200473, 23.0495801 ] ], [ [ 72.5200473, 23.0495801 ], [ 72.5203665, 23.0494582 ] ], [ [ 72.5203665, 23.0494582 ], [ 72.5213061, 23.0490982 ] ], [ [ 72.5213061, 23.0490982 ], [ 72.5220158, 23.0487982 ] ], [ [ 72.5220158, 23.0487982 ], [ 72.5226161, 23.0485581 ] ], [ [ 72.5226161, 23.0485581 ], [ 72.5230142, 23.0484512 ] ], [ [ 72.5230142, 23.0484512 ], [ 72.5234537, 23.0483657 ] ], [ [ 72.5234537, 23.0483657 ], [ 72.5245036, 23.04814 ] ], [ [ 72.5245036, 23.04814 ], [ 72.5253879, 23.0479877 ] ], [ [ 72.5253879, 23.0479877 ], [ 72.526018, 23.0478679 ] ], [ [ 72.526018, 23.0478679 ], [ 72.526471, 23.0477592 ] ], [ [ 72.526471, 23.0477592 ], [ 72.5269062, 23.0476252 ] ], [ [ 72.5269062, 23.0476252 ], [ 72.5273374, 23.0474316 ] ], [ [ 72.5273374, 23.0474316 ], [ 72.5279655, 23.0471005 ] ], [ [ 72.5279655, 23.0471005 ], [ 72.5290334, 23.0464816 ] ], [ [ 72.5290334, 23.0464816 ], [ 72.5293451, 23.046351 ] ], [ [ 72.5293451, 23.046351 ], [ 72.5296856, 23.0462298 ] ], [ [ 72.5296856, 23.0462298 ], [ 72.5300264, 23.0461483 ] ], [ [ 72.5300264, 23.0461483 ], [ 72.5302637, 23.0461138 ] ], [ [ 72.5302637, 23.0461138 ], [ 72.5305682, 23.0460982 ] ], [ [ 72.5305682, 23.0460982 ], [ 72.5313978, 23.0459933 ] ], [ [ 72.5313978, 23.0459933 ], [ 72.5322221, 23.0459188 ] ], [ [ 72.5322221, 23.0459188 ], [ 72.5328779, 23.0458627 ] ], [ [ 72.5328779, 23.0458627 ], [ 72.5335209, 23.0458718 ] ], [ [ 72.5335209, 23.0458718 ], [ 72.5348755, 23.0458688 ] ], [ [ 72.5348755, 23.0458688 ], [ 72.5365845, 23.0459058 ] ], [ [ 72.5365845, 23.0459058 ], [ 72.5371172, 23.0458933 ] ], [ [ 72.5371172, 23.0458933 ], [ 72.5383275, 23.0458815 ] ], [ [ 72.5383275, 23.0458815 ], [ 72.5392367, 23.0458578 ] ], [ [ 72.5392367, 23.0458578 ], [ 72.5400172, 23.0458247 ] ], [ [ 72.5400172, 23.0458247 ], [ 72.5402475, 23.0458153 ] ], [ [ 72.5402475, 23.0458153 ], [ 72.5404113, 23.0457862 ] ], [ [ 72.5404113, 23.0457862 ], [ 72.5406388, 23.0457107 ] ], [ [ 72.5406388, 23.0457107 ], [ 72.5408711, 23.0456196 ] ], [ [ 72.5408711, 23.0456196 ], [ 72.5413977, 23.0453923 ] ], [ [ 72.5413977, 23.0453923 ], [ 72.541787, 23.0452078 ] ], [ [ 72.541787, 23.0452078 ], [ 72.5420802, 23.0451049 ] ] ] } },
{ "type": "Feature", "properties": { "construction": null, "disused": null, "light_rail": null, "monorail": null, "railway": "subway", "station": null, "subway": null, "id": 1101021716, "timestamp": 1733047023, "version": 3, "tags": { "visible": false, "bridge": "yes", "electrified": "rail", "gauge": "1435", "layer": "1", "name": "Blue Line, Ahmedabad Metro", "start_date": "2022-09-30", "usage": "main", "voltage": "750" }, "osm_type": "way" }, "geometry": { "type": "MultiLineString", "coordinates": [ [ [ 72.5765511, 23.0383486 ], [ 72.5764174, 23.0382451 ] ], [ [ 72.5764174, 23.0382451 ], [ 72.5762137, 23.0381108 ] ], [ [ 72.5762137, 23.0381108 ], [ 72.5759553, 23.0380018 ] ], [ [ 72.5759553, 23.0380018 ], [ 72.5756574, 23.0379234 ] ], [ [ 72.5756574, 23.0379234 ], [ 72.5752036, 23.0378739 ] ], [ [ 72.5752036, 23.0378739 ], [ 72.5746866, 23.0378537 ] ], [ [ 72.5746866, 23.0378537 ], [ 72.5733133, 23.037781 ] ], [ [ 72.5733133, 23.037781 ], [ 72.5720706, 23.0377343 ] ], [ [ 72.5720706, 23.0377343 ], [ 72.5712511, 23.0376853 ] ], [ [ 72.5712511, 23.0376853 ], [ 72.5707344, 23.037607 ] ], [ [ 72.5707344, 23.037607 ], [ 72.569869, 23.0374843 ] ], [ [ 72.569869, 23.0374843 ], [ 72.569442, 23.0374282 ] ], [ [ 72.569442, 23.0374282 ], [ 72.5691832, 23.0374034 ] ], [ [ 72.5691832, 23.0374034 ], [ 72.568922, 23.0373911 ] ], [ [ 72.568922, 23.0373911 ], [ 72.5687008, 23.0373982 ] ], [ [ 72.5687008, 23.0373982 ], [ 72.5684701, 23.0374157 ] ], [ [ 72.5684701, 23.0374157 ], [ 72.567905, 23.0374888 ] ], [ [ 72.567905, 23.0374888 ], [ 72.5670605, 23.0375956 ] ], [ [ 72.5670605, 23.0375956 ], [ 72.5662623, 23.0376904 ] ], [ [ 72.5662623, 23.0376904 ], [ 72.5658733, 23.0378126 ] ], [ [ 72.5658733, 23.0378126 ], [ 72.5656197, 23.0379213 ] ], [ [ 72.5656197, 23.0379213 ], [ 72.5654271, 23.0380389 ] ], [ [ 72.5654271, 23.0380389 ], [ 72.5652384, 23.0381687 ] ], [ [ 72.5652384, 23.0381687 ], [ 72.5649886, 23.0383951 ] ], [ [ 72.5649886, 23.0383951 ], [ 72.5647255, 23.0386442 ] ], [ [ 72.5647255, 23.0386442 ], [ 72.5641196, 23.0392078 ] ], [ [ 72.5641196, 23.0392078 ], [ 72.5638908, 23.0393727 ] ], [ [ 72.5638908, 23.0393727 ], [ 72.5637173, 23.0394973 ] ], [ [ 72.5637173, 23.0394973 ], [ 72.5634315, 23.0396324 ] ], [ [ 72.5634315, 23.0396324 ], [ 72.5632466, 23.0396991 ] ], [ [ 72.5632466, 23.0396991 ], [ 72.5630426, 23.0397588 ] ], [ [ 72.5630426, 23.0397588 ], [ 72.5628138, 23.0397991 ] ], [ [ 72.5628138, 23.0397991 ], [ 72.5624556, 23.0398192 ] ], [ [ 72.5624556, 23.0398192 ], [ 72.5616387, 23.0398916 ] ], [ [ 72.5616387, 23.0398916 ], [ 72.5609088, 23.0399366 ] ], [ [ 72.5609088, 23.0399366 ], [ 72.5603955, 23.0399725 ] ], [ [ 72.5603955, 23.0399725 ], [ 72.5597067, 23.0399993 ] ], [ [ 72.5597067, 23.0399993 ], [ 72.559119, 23.0400318 ] ], [ [ 72.559119, 23.0400318 ], [ 72.5579207, 23.0400917 ] ], [ [ 72.5579207, 23.0400917 ], [ 72.5572828, 23.0400935 ] ], [ [ 72.5572828, 23.0400935 ], [ 72.5569819, 23.040069 ] ], [ [ 72.5569819, 23.040069 ], [ 72.5554444, 23.0399787 ] ], [ [ 72.5554444, 23.0399787 ], [ 72.5546405, 23.0399724 ] ], [ [ 72.5546405, 23.0399724 ], [ 72.5544625, 23.0399903 ] ], [ [ 72.5544625, 23.0399903 ], [ 72.5542874, 23.040033 ] ], [ [ 72.5542874, 23.040033 ], [ 72.5541542, 23.0400853 ] ], [ [ 72.5541542, 23.0400853 ], [ 72.5539956, 23.040161 ] ], [ [ 72.5539956, 23.040161 ], [ 72.5530873, 23.0407242 ] ], [ [ 72.5530873, 23.0407242 ], [ 72.5520628, 23.0412839 ] ], [ [ 72.5520628, 23.0412839 ], [ 72.5517635, 23.0414574 ] ], [ [ 72.5517635, 23.0414574 ], [ 72.5514717, 23.041591 ] ], [ [ 72.5514717, 23.041591 ], [ 72.5505986, 23.0419328 ] ], [ [ 72.5505986, 23.0419328 ], [ 72.5499511, 23.0422606 ] ], [ [ 72.5499511, 23.0422606 ], [ 72.5494124, 23.0425346 ] ], [ [ 72.5494124, 23.0425346 ], [ 72.5488886, 23.0428582 ] ], [ [ 72.5488886, 23.0428582 ], [ 72.5470406, 23.0440475 ] ], [ [ 72.5470406, 23.0440475 ], [ 72.5468238, 23.0441704 ] ], [ [ 72.5468238, 23.0441704 ], [ 72.5466694, 23.0442189 ] ], [ [ 72.5466694, 23.0442189 ], [ 72.5463995, 23.0443242 ] ], [ [ 72.5463995, 23.0443242 ], [ 72.5461141, 23.044409 ] ], [ [ 72.5461141, 23.044409 ], [ 72.5456544, 23.0445029 ] ], [ [ 72.5456544, 23.0445029 ], [ 72.5450608, 23.0446187 ] ], [ [ 72.5450608, 23.0446187 ], [ 72.5445173, 23.0447199 ] ], [ [ 72.5445173, 23.0447199 ], [ 72.5435282, 23.0448892 ] ], [ [ 72.5435282, 23.0448892 ], [ 72.5426841, 23.0450404 ] ], [ [ 72.5426841, 23.0450404 ], [ 72.5423337, 23.0451116 ] ] ] } },
{ "type": "Feature", "properties": { "construction": null, "disused": null, "light_rail": null, "monorail": null, "railway": "subway", "station": null, "subway": null, "id": 1101028011, "timestamp": 1735746303, "version": 3, "tags": { "visible": false, "bridge": "viaduct", "electrified": "rail", "gauge": "1435", "layer": "3", "service": "yard", "start_date": "2022-09-30" }, "osm_type": "way" }, "geometry": { "type": "MultiLineString", "coordinates": [ [ [ 72.5370953, 22.9978001 ], [ 72.5373647, 22.9972547 ] ], [ [ 72.5373647, 22.9972547 ], [ 72.5378097, 22.996293 ] ], [ [ 72.5378097, 22.996293 ], [ 72.5378833, 22.996116 ] ], [ [ 72.5378833, 22.996116 ], [ 72.5379487, 22.9958931 ] ], [ [ 72.5379487, 22.9958931 ], [ 72.5379779, 22.9956738 ] ], [ [ 72.5379779, 22.9956738 ], [ 72.538004, 22.9946837 ] ], [ [ 72.538004, 22.9946837 ], [ 72.5380305, 22.9929853 ] ], [ [ 72.5380305, 22.9929853 ], [ 72.5380634, 22.9920042 ] ], [ [ 72.5380634, 22.9920042 ], [ 72.5381012, 22.991144 ] ], [ [ 72.5381012, 22.991144 ], [ 72.5381856, 22.9894018 ] ], [ [ 72.5381856, 22.9894018 ], [ 72.53819, 22.9889584 ] ], [ [ 72.53819, 22.9889584 ], [ 72.538138, 22.9885044 ] ], [ [ 72.538138, 22.9885044 ], [ 72.5380549, 22.9882009 ] ], [ [ 72.5380549, 22.9882009 ], [ 72.5379416, 22.9878991 ] ], [ [ 72.5379416, 22.9878991 ], [ 72.537775, 22.9875801 ] ], [ [ 72.537775, 22.9875801 ], [ 72.5375797, 22.9872794 ] ], [ [ 72.5375797, 22.9872794 ], [ 72.537354, 22.9870054 ] ], [ [ 72.537354, 22.9870054 ], [ 72.5370516, 22.9867179 ] ], [ [ 72.5370516, 22.9867179 ], [ 72.5367695, 22.9865335 ] ], [ [ 72.5367695, 22.9865335 ], [ 72.5364309, 22.9863382 ] ], [ [ 72.5364309, 22.9863382 ], [ 72.5357861, 22.9860381 ] ], [ [ 72.5357861, 22.9860381 ], [ 72.5350814, 22.9857224 ] ], [ [ 72.5350814, 22.9857224 ], [ 72.5349377, 22.985677 ] ], [ [ 72.5349377, 22.985677 ], [ 72.5348281, 22.985654 ] ], [ [ 72.5348281, 22.985654 ], [ 72.5345272, 22.9856005 ] ] ] } },
{ "type": "Feature", "properties": { "construction": null, "disused": null, "light_rail": null, "monorail": null, "railway": "subway", "station": null, "subway": null, "id": 1101028013, "timestamp": 1664963942, "version": 1, "tags": { "visible": false, "bridge": "viaduct", "electrified": "rail", "gauge": "1435", "layer": "1", "service": "crossover" }, "osm_type": "way" }, "geometry": { "type": "MultiLineString", "coordinates": [ [ [ 72.538004, 22.9946837 ], [ 72.5379871, 22.9948931 ] ], [ [ 72.5379871, 22.9948931 ], [ 72.5380031, 22.9950478 ] ], [ [ 72.5380031, 22.9950478 ], [ 72.5380143, 22.995145 ] ], [ [ 72.5380143, 22.995145 ], [ 72.5380223, 22.9952142 ] ] ] } },
{ "type": "Feature", "properties": { "construction": null, "disused": null, "light_rail": null, "monorail": null, "railway": "subway", "station": null, "subway": null, "id": 1101028016, "timestamp": 1735746303, "version": 4, "tags": { "visible": false, "bridge": "viaduct", "electrified": "rail", "gauge": "1435", "layer": "3", "service": "yard", "start_date": "2022-09-30" }, "osm_type": "way" }, "geometry": { "type": "MultiLineString", "coordinates": [ [ [ 72.5345344, 22.9855646 ], [ 72.5348351, 22.9856183 ] ], [ [ 72.5348351, 22.9856183 ], [ 72.5349704, 22.9856477 ] ], [ [ 72.5349704, 22.9856477 ], [ 72.5351078, 22.985692 ] ], [ [ 72.5351078, 22.985692 ], [ 72.5358022, 22.9860068 ] ], [ [ 72.5358022, 22.9860068 ], [ 72.5364468, 22.9863127 ] ], [ [ 72.5364468, 22.9863127 ], [ 72.5367958, 22.9865008 ] ], [ [ 72.5367958, 22.9865008 ], [ 72.5370717, 22.9867037 ] ], [ [ 72.5370717, 22.9867037 ], [ 72.5373744, 22.9869919 ] ], [ [ 72.5373744, 22.9869919 ], [ 72.5376106, 22.9872709 ] ], [ [ 72.5376106, 22.9872709 ], [ 72.537806, 22.9875701 ] ], [ [ 72.537806, 22.9875701 ], [ 72.5379793, 22.9878917 ] ], [ [ 72.5379793, 22.9878917 ], [ 72.5380842, 22.9881924 ] ], [ [ 72.5380842, 22.9881924 ], [ 72.5381749, 22.9885036 ] ], [ [ 72.5381749, 22.9885036 ], [ 72.5382296, 22.9889562 ] ], [ [ 72.5382296, 22.9889562 ], [ 72.5382321, 22.9894095 ] ], [ [ 72.5382321, 22.9894095 ], [ 72.538139, 22.9911393 ] ], [ [ 72.538139, 22.9911393 ], [ 72.5381032, 22.9920024 ] ], [ [ 72.5381032, 22.9920024 ], [ 72.5380632, 22.992986 ] ], [ [ 72.5380632, 22.992986 ], [ 72.5380411, 22.9946915 ] ], [ [ 72.5380411, 22.9946915 ], [ 72.5380223, 22.9952142 ] ], [ [ 72.5380223, 22.9952142 ], [ 72.538028, 22.9956718 ] ], [ [ 72.538028, 22.9956718 ], [ 72.5379935, 22.9959064 ] ], [ [ 72.5379935, 22.9959064 ], [ 72.5379281, 22.9961312 ] ], [ [ 72.5379281, 22.9961312 ], [ 72.537855, 22.9963151 ] ], [ [ 72.537855, 22.9963151 ], [ 72.5373936, 22.9972687 ] ], [ [ 72.5373936, 22.9972687 ], [ 72.5373663, 22.9973263 ] ], [ [ 72.5373663, 22.9973263 ], [ 72.5371344, 22.9978151 ] ] ] } },
{ "type": "Feature", "properties": { "construction": null, "disused": null, "light_rail": null, "monorail": null, "railway": "subway", "station": null, "subway": null, "id": 1101028018, "timestamp": 1725538819, "version": 2, "tags": { "visible": false, "bridge": "viaduct", "electrified": "rail", "gauge": "1435", "layer": "1" }, "osm_type": "way" }, "geometry": { "type": "MultiLineString", "coordinates": [ [ [ 72.5612547, 23.0606542 ], [ 72.5612359, 23.0609107 ] ], [ [ 72.5612359, 23.0609107 ], [ 72.5611755, 23.0613548 ] ], [ [ 72.5611755, 23.0613548 ], [ 72.5611219, 23.0617028 ] ], [ [ 72.5611219, 23.0617028 ], [ 72.5610722, 23.0621877 ] ], [ [ 72.5610722, 23.0621877 ], [ 72.5610643, 23.0627369 ] ], [ [ 72.5610643, 23.0627369 ], [ 72.5611083, 23.0632383 ] ] ] } },
{ "type": "Feature", "properties": { "construction": null, "disused": null, "light_rail": null, "monorail": null, "railway": "subway", "station": null, "subway": null, "id": 1101028019, "timestamp": 1749312959, "version": 10, "tags": { "visible": false, "bridge": "viaduct", "electrified": "rail", "gauge": "1435", "layer": "3", "name": "Red Line, Ahmedabad Metro", "start_date": "2022-09-30" }, "osm_type": "way" }, "geometry": { "type": "MultiLineString", "coordinates": [ [ [ 72.5967207, 23.0967601 ], [ 72.596405, 23.0962767 ] ], [ [ 72.596405, 23.0962767 ], [ 72.5958472, 23.0954392 ] ], [ [ 72.5958472, 23.0954392 ], [ 72.5940232, 23.0926173 ] ], [ [ 72.5940232, 23.0926173 ], [ 72.5927226, 23.0906451 ] ], [ [ 72.5927226, 23.0906451 ], [ 72.5923993, 23.0901522 ] ], [ [ 72.5923993, 23.0901522 ], [ 72.5918542, 23.0894494 ] ], [ [ 72.5918542, 23.0894494 ], [ 72.5916763, 23.0892092 ] ], [ [ 72.5916763, 23.0892092 ], [ 72.5915348, 23.0889977 ] ], [ [ 72.5915348, 23.0889977 ], [ 72.5914629, 23.0887972 ] ], [ [ 72.5914629, 23.0887972 ], [ 72.5913975, 23.0885711 ] ], [ [ 72.5913975, 23.0885711 ], [ 72.5913907, 23.0882848 ] ], [ [ 72.5913907, 23.0882848 ], [ 72.5914671, 23.0879169 ] ], [ [ 72.5914671, 23.0879169 ], [ 72.5915997, 23.0875101 ] ], [ [ 72.5915997, 23.0875101 ], [ 72.5917957, 23.0869451 ] ], [ [ 72.5917957, 23.0869451 ], [ 72.5919907, 23.0863704 ] ], [ [ 72.5919907, 23.0863704 ], [ 72.5922247, 23.0856327 ] ], [ [ 72.5922247, 23.0856327 ], [ 72.5928235, 23.083866 ] ], [ [ 72.5928235, 23.083866 ], [ 72.5931823, 23.0827569 ] ], [ [ 72.5931823, 23.0827569 ], [ 72.5935477, 23.0816372 ] ], [ [ 72.5935477, 23.0816372 ], [ 72.5937091, 23.0811081 ] ], [ [ 72.5937091, 23.0811081 ], [ 72.5938799, 23.0807091 ] ], [ [ 72.5938799, 23.0807091 ], [ 72.5940466, 23.0803942 ] ], [ [ 72.5940466, 23.0803942 ], [ 72.594337, 23.0799636 ] ], [ [ 72.594337, 23.0799636 ], [ 72.5949766, 23.0790173 ] ], [ [ 72.5949766, 23.0790173 ], [ 72.5951107, 23.0787849 ] ], [ [ 72.5951107, 23.0787849 ], [ 72.5951922, 23.0785743 ] ], [ [ 72.5951922, 23.0785743 ], [ 72.5952493, 23.0783457 ] ], [ [ 72.5952493, 23.0783457 ], [ 72.5952498, 23.0781294 ] ], [ [ 72.5952498, 23.0781294 ], [ 72.5952423, 23.0778604 ] ], [ [ 72.5952423, 23.0778604 ], [ 72.5951837, 23.0776437 ] ], [ [ 72.5951837, 23.0776437 ], [ 72.5950915, 23.0774306 ] ], [ [ 72.5950915, 23.0774306 ], [ 72.5948953, 23.0771526 ] ], [ [ 72.5948953, 23.0771526 ], [ 72.5944049, 23.0765246 ] ], [ [ 72.5944049, 23.0765246 ], [ 72.5937241, 23.0756702 ] ], [ [ 72.5937241, 23.0756702 ], [ 72.5933161, 23.0750932 ] ], [ [ 72.5933161, 23.0750932 ], [ 72.5930897, 23.0748167 ] ], [ [ 72.5930897, 23.0748167 ], [ 72.5930853, 23.0748113 ] ], [ [ 72.5930853, 23.0748113 ], [ 72.5927147, 23.0743585 ] ], [ [ 72.5927147, 23.0743585 ], [ 72.5916859, 23.0731266 ] ], [ [ 72.5916859, 23.0731266 ], [ 72.5911139, 23.0724566 ] ], [ [ 72.5911139, 23.0724566 ], [ 72.5904454, 23.0717475 ] ], [ [ 72.5904454, 23.0717475 ], [ 72.5902265, 23.0714924 ] ], [ [ 72.5902265, 23.0714924 ], [ 72.5900146, 23.0712124 ] ], [ [ 72.5900146, 23.0712124 ], [ 72.5896552, 23.0706627 ] ], [ [ 72.5896552, 23.0706627 ], [ 72.5894732, 23.0704233 ] ], [ [ 72.5894732, 23.0704233 ], [ 72.5892773, 23.0702866 ] ], [ [ 72.5892773, 23.0702866 ], [ 72.5889875, 23.0700846 ] ], [ [ 72.5889875, 23.0700846 ], [ 72.5888227, 23.0700037 ] ], [ [ 72.5888227, 23.0700037 ], [ 72.5886675, 23.0699344 ] ], [ [ 72.5886675, 23.0699344 ], [ 72.5884348, 23.0698667 ] ], [ [ 72.5884348, 23.0698667 ], [ 72.5882661, 23.0698365 ] ], [ [ 72.5882661, 23.0698365 ], [ 72.5875498, 23.069803 ] ], [ [ 72.5875498, 23.069803 ], [ 72.5854963, 23.0696291 ] ], [ [ 72.5854963, 23.0696291 ], [ 72.5848365, 23.0695626 ] ], [ [ 72.5848365, 23.0695626 ], [ 72.5833625, 23.0693755 ] ], [ [ 72.5833625, 23.0693755 ], [ 72.5825892, 23.0692742 ] ], [ [ 72.5825892, 23.0692742 ], [ 72.5822226, 23.0692144 ] ], [ [ 72.5822226, 23.0692144 ], [ 72.5818234, 23.0691096 ] ], [ [ 72.5818234, 23.0691096 ], [ 72.5814295, 23.0689606 ] ], [ [ 72.5814295, 23.0689606 ], [ 72.5807074, 23.0686549 ] ], [ [ 72.5807074, 23.0686549 ], [ 72.5803628, 23.0685511 ] ], [ [ 72.5803628, 23.0685511 ], [ 72.5796365, 23.0683639 ] ], [ [ 72.5796365, 23.0683639 ], [ 72.5775882, 23.0678825 ] ], [ [ 72.5775882, 23.0678825 ], [ 72.5769582, 23.0677563 ] ], [ [ 72.5769582, 23.0677563 ], [ 72.576555, 23.0677016 ] ], [ [ 72.576555, 23.0677016 ], [ 72.5754755, 23.0676748 ] ], [ [ 72.5754755, 23.0676748 ], [ 72.5748694, 23.0676643 ] ], [ [ 72.5748694, 23.0676643 ], [ 72.5741529, 23.0676615 ] ], [ [ 72.5741529, 23.0676615 ], [ 72.5734176, 23.0676386 ] ], [ [ 72.5734176, 23.0676386 ], [ 72.5719345, 23.0676194 ] ], [ [ 72.5719345, 23.0676194 ], [ 72.5713049, 23.0676033 ] ], [ [ 72.5713049, 23.0676033 ], [ 72.5709133, 23.0675972 ] ], [ [ 72.5709133, 23.0675972 ], [ 72.569857, 23.0676408 ] ], [ [ 72.569857, 23.0676408 ], [ 72.5677687, 23.0676643 ] ], [ [ 72.5677687, 23.0676643 ], [ 72.565892, 23.0676478 ] ], [ [ 72.565892, 23.0676478 ], [ 72.5642333, 23.0676471 ] ], [ [ 72.5642333, 23.0676471 ], [ 72.5635782, 23.0675726 ] ], [ [ 72.5635782, 23.0675726 ], [ 72.5631416, 23.0674725 ] ], [ [ 72.5631416, 23.0674725 ], [ 72.5629592, 23.0674182 ] ], [ [ 72.5629592, 23.0674182 ], [ 72.5626601, 23.0672529 ] ], [ [ 72.5626601, 23.0672529 ], [ 72.5624818, 23.0670851 ] ], [ [ 72.5624818, 23.0670851 ], [ 72.5623619, 23.0669362 ] ], [ [ 72.5623619, 23.0669362 ], [ 72.5622645, 23.0667667 ] ], [ [ 72.5622645, 23.0667667 ], [ 72.5619139, 23.0658805 ] ], [ [ 72.5619139, 23.0658805 ], [ 72.5614974, 23.0650023 ] ], [ [ 72.5614974, 23.0650023 ], [ 72.5612788, 23.0644039 ] ], [ [ 72.5612788, 23.0644039 ], [ 72.5611179, 23.0639349 ] ], [ [ 72.5611179, 23.0639349 ], [ 72.5610294, 23.0635031 ] ], [ [ 72.5610294, 23.0635031 ], [ 72.5609663, 23.0629688 ] ], [ [ 72.5609663, 23.0629688 ], [ 72.560961, 23.0625616 ] ], [ [ 72.560961, 23.0625616 ], [ 72.5609891, 23.0621076 ] ], [ [ 72.5609891, 23.0621076 ], [ 72.5610092, 23.0617744 ] ], [ [ 72.5610092, 23.0617744 ], [ 72.5610883, 23.0613141 ] ], [ [ 72.5610883, 23.0613141 ], [ 72.5612547, 23.0606542 ] ], [ [ 72.5612547, 23.0606542 ], [ 72.5614425, 23.0598385 ] ], [ [ 72.5614425, 23.0598385 ], [ 72.5618681, 23.058153 ] ], [ [ 72.5618681, 23.058153 ], [ 72.5623294, 23.0564531 ] ], [ [ 72.5623294, 23.0564531 ], [ 72.5627484, 23.0547269 ] ], [ [ 72.5627484, 23.0547269 ], [ 72.5631638, 23.0530022 ] ], [ [ 72.5631638, 23.0530022 ], [ 72.5632556, 23.0526677 ] ], [ [ 72.5632556, 23.0526677 ], [ 72.5634194, 23.0519671 ] ], [ [ 72.5634194, 23.0519671 ], [ 72.5636539, 23.0510536 ] ], [ [ 72.5636539, 23.0510536 ], [ 72.5638658, 23.0501887 ] ], [ [ 72.5638658, 23.0501887 ], [ 72.564061, 23.0494262 ] ], [ [ 72.564061, 23.0494262 ], [ 72.5643566, 23.048277 ] ], [ [ 72.5643566, 23.048277 ], [ 72.5646355, 23.0473438 ] ], [ [ 72.5646355, 23.0473438 ], [ 72.5649953, 23.045936 ] ], [ [ 72.5649953, 23.045936 ], [ 72.5653651, 23.0444168 ] ], [ [ 72.5653651, 23.0444168 ], [ 72.5657138, 23.0429902 ] ], [ [ 72.5657138, 23.0429902 ], [ 72.5661631, 23.041179 ] ], [ [ 72.5661631, 23.041179 ], [ 72.5665459, 23.0396316 ] ], [ [ 72.5665459, 23.0396316 ], [ 72.5666715, 23.0390817 ] ], [ [ 72.5666715, 23.0390817 ], [ 72.5668575, 23.0382665 ] ], [ [ 72.5668575, 23.0382665 ], [ 72.5670541, 23.0374805 ] ], [ [ 72.5670541, 23.0374805 ], [ 72.5674062, 23.0360905 ] ], [ [ 72.5674062, 23.0360905 ], [ 72.5678427, 23.0344772 ] ], [ [ 72.5678427, 23.0344772 ], [ 72.5680513, 23.0336936 ] ], [ [ 72.5680513, 23.0336936 ], [ 72.5685503, 23.0316952 ] ], [ [ 72.5685503, 23.0316952 ], [ 72.5687286, 23.030965 ] ], [ [ 72.5687286, 23.030965 ], [ 72.5688347, 23.0305081 ] ], [ [ 72.5688347, 23.0305081 ], [ 72.568872, 23.0302219 ] ], [ [ 72.568872, 23.0302219 ], [ 72.5689135, 23.0295108 ] ], [ [ 72.5689135, 23.0295108 ], [ 72.5689094, 23.0279836 ] ], [ [ 72.5689094, 23.0279836 ], [ 72.5688973, 23.0271728 ] ], [ [ 72.5688973, 23.0271728 ], [ 72.5688498, 23.0246641 ] ], [ [ 72.5688498, 23.0246641 ], [ 72.5688052, 23.0238756 ] ], [ [ 72.5688052, 23.0238756 ], [ 72.5687361, 23.0231301 ] ], [ [ 72.5687361, 23.0231301 ], [ 72.568626, 23.0225557 ] ], [ [ 72.568626, 23.0225557 ], [ 72.5685167, 23.0221987 ] ], [ [ 72.5685167, 23.0221987 ], [ 72.5683047, 23.0217035 ] ], [ [ 72.5683047, 23.0217035 ], [ 72.5681381, 23.0213782 ] ], [ [ 72.5681381, 23.0213782 ], [ 72.5679041, 23.0210689 ] ], [ [ 72.5679041, 23.0210689 ], [ 72.5675842, 23.0207339 ] ], [ [ 72.5675842, 23.0207339 ], [ 72.5672442, 23.0204124 ] ], [ [ 72.5672442, 23.0204124 ], [ 72.5667702, 23.0200952 ] ], [ [ 72.5667702, 23.0200952 ], [ 72.5663062, 23.0198541 ] ], [ [ 72.5663062, 23.0198541 ], [ 72.5659445, 23.0197085 ] ], [ [ 72.5659445, 23.0197085 ], [ 72.5650075, 23.0193508 ] ], [ [ 72.5650075, 23.0193508 ], [ 72.5636901, 23.0189124 ] ], [ [ 72.5636901, 23.0189124 ], [ 72.5623806, 23.0184541 ] ], [ [ 72.5623806, 23.0184541 ], [ 72.5612027, 23.0180016 ] ], [ [ 72.5612027, 23.0180016 ], [ 72.5599958, 23.0175461 ] ], [ [ 72.5599958, 23.0175461 ], [ 72.5567729, 23.0163751 ] ], [ [ 72.5567729, 23.0163751 ], [ 72.554082, 23.0154009 ] ], [ [ 72.554082, 23.0154009 ], [ 72.5520894, 23.0146472 ] ], [ [ 72.5520894, 23.0146472 ], [ 72.5508996, 23.0142044 ] ], [ [ 72.5508996, 23.0142044 ], [ 72.5506139, 23.0140873 ] ], [ [ 72.5506139, 23.0140873 ], [ 72.5498946, 23.0138315 ] ], [ [ 72.5498946, 23.0138315 ], [ 72.5492643, 23.0136045 ] ], [ [ 72.5492643, 23.0136045 ], [ 72.5486087, 23.0133607 ] ], [ [ 72.5486087, 23.0133607 ], [ 72.5468543, 23.0127149 ] ], [ [ 72.5468543, 23.0127149 ], [ 72.5454035, 23.0121934 ] ], [ [ 72.5454035, 23.0121934 ], [ 72.5427371, 23.011227 ] ], [ [ 72.5427371, 23.011227 ], [ 72.540006, 23.010222 ] ], [ [ 72.540006, 23.010222 ], [ 72.5392375, 23.0100535 ] ], [ [ 72.5392375, 23.0100535 ], [ 72.5387331, 23.0099542 ] ], [ [ 72.5387331, 23.0099542 ], [ 72.5382174, 23.009882 ] ], [ [ 72.5382174, 23.009882 ], [ 72.5375222, 23.0098134 ] ], [ [ 72.5375222, 23.0098134 ], [ 72.5367627, 23.009732 ] ], [ [ 72.5367627, 23.009732 ], [ 72.5360931, 23.0096603 ] ], [ [ 72.5360931, 23.0096603 ], [ 72.5341565, 23.0094845 ] ], [ [ 72.5341565, 23.0094845 ], [ 72.5335536, 23.0094197 ] ], [ [ 72.5335536, 23.0094197 ], [ 72.5334034, 23.0093941 ] ], [ [ 72.5334034, 23.0093941 ], [ 72.5332795, 23.0093673 ] ], [ [ 72.5332795, 23.0093673 ], [ 72.5331735, 23.0093374 ] ], [ [ 72.5331735, 23.0093374 ], [ 72.5330707, 23.0092994 ] ], [ [ 72.5330707, 23.0092994 ], [ 72.5329716, 23.0092536 ] ], [ [ 72.5329716, 23.0092536 ], [ 72.5328772, 23.0092003 ] ], [ [ 72.5328772, 23.0092003 ], [ 72.5327879, 23.0091399 ] ], [ [ 72.5327879, 23.0091399 ], [ 72.5327044, 23.0090727 ] ], [ [ 72.5327044, 23.0090727 ], [ 72.5326274, 23.0089993 ] ], [ [ 72.5326274, 23.0089993 ], [ 72.5325574, 23.0089203 ] ], [ [ 72.5325574, 23.0089203 ], [ 72.5324949, 23.0088361 ] ], [ [ 72.5324949, 23.0088361 ], [ 72.5324402, 23.0087473 ] ], [ [ 72.5324402, 23.0087473 ], [ 72.5323939, 23.0086546 ] ], [ [ 72.5323939, 23.0086546 ], [ 72.5323562, 23.0085587 ] ], [ [ 72.5323562, 23.0085587 ], [ 72.5323269, 23.008458 ] ], [ [ 72.5323269, 23.008458 ], [ 72.5323071, 23.0083553 ] ], [ [ 72.5323071, 23.0083553 ], [ 72.5322969, 23.0082514 ] ], [ [ 72.5322969, 23.0082514 ], [ 72.5322965, 23.0081471 ] ], [ [ 72.5322965, 23.0081471 ], [ 72.5323059, 23.0080431 ] ], [ [ 72.5323059, 23.0080431 ], [ 72.5323249, 23.0079403 ] ], [ [ 72.5323249, 23.0079403 ], [ 72.5323535, 23.0078394 ] ], [ [ 72.5323535, 23.0078394 ], [ 72.5325072, 23.0074837 ] ], [ [ 72.5325072, 23.0074837 ], [ 72.5328162, 23.0068894 ] ], [ [ 72.5328162, 23.0068894 ], [ 72.5335036, 23.0055517 ] ], [ [ 72.5335036, 23.0055517 ], [ 72.5337912, 23.0050015 ] ], [ [ 72.5337912, 23.0050015 ], [ 72.5346936, 23.0031556 ] ], [ [ 72.5346936, 23.0031556 ], [ 72.5356169, 23.0011328 ] ], [ [ 72.5356169, 23.0011328 ], [ 72.5360969, 22.9999992 ] ], [ [ 72.5360969, 22.9999992 ], [ 72.5364616, 22.999175 ] ], [ [ 72.5364616, 22.999175 ], [ 72.5368797, 22.9983706 ] ], [ [ 72.5368797, 22.9983706 ], [ 72.5371148, 22.9978578 ] ], [ [ 72.5371148, 22.9978578 ], [ 72.5371344, 22.9978151 ] ] ] } },
{ "type": "Feature", "properties": { "construction": null, "disused": null, "light_rail": null, "monorail": null, "railway": "subway", "station": null, "subway": null, "id": 1101058045, "timestamp": 1772143200, "version": 7, "tags": { "visible": false, "bridge": "viaduct", "electrified": "rail", "gauge": "1435", "layer": "3", "name": "Red Line, Ahmedabad Metro", "start_date": "2022-09-30" }, "osm_type": "way" }, "geometry": { "type": "MultiLineString", "coordinates": [ [ [ 72.5370953, 22.9978001 ], [ 72.5368253, 22.9983466 ] ], [ [ 72.5368253, 22.9983466 ], [ 72.5364187, 22.9991553 ] ], [ [ 72.5364187, 22.9991553 ], [ 72.5360594, 22.9999811 ] ], [ [ 72.5360594, 22.9999811 ], [ 72.5355722, 23.0011122 ] ], [ [ 72.5355722, 23.0011122 ], [ 72.5346565, 23.003137 ] ], [ [ 72.5346565, 23.003137 ], [ 72.5337558, 23.00498 ] ], [ [ 72.5337558, 23.00498 ], [ 72.5334739, 23.0055338 ] ], [ [ 72.5334739, 23.0055338 ], [ 72.5331838, 23.0061036 ] ], [ [ 72.5331838, 23.0061036 ], [ 72.5327791, 23.0068734 ] ], [ [ 72.5327791, 23.0068734 ], [ 72.5324735, 23.0074661 ] ], [ [ 72.5324735, 23.0074661 ], [ 72.532304, 23.007826 ] ], [ [ 72.532304, 23.007826 ], [ 72.5322758, 23.0079305 ] ], [ [ 72.5322758, 23.0079305 ], [ 72.5322572, 23.0080368 ] ], [ [ 72.5322572, 23.0080368 ], [ 72.5322484, 23.0081442 ] ], [ [ 72.5322484, 23.0081442 ], [ 72.5322495, 23.0082519 ] ], [ [ 72.5322495, 23.0082519 ], [ 72.5322603, 23.0083592 ] ], [ [ 72.5322603, 23.0083592 ], [ 72.532281, 23.0084652 ] ], [ [ 72.532281, 23.0084652 ], [ 72.5323112, 23.0085692 ] ], [ [ 72.5323112, 23.0085692 ], [ 72.5323508, 23.0086705 ] ], [ [ 72.5323508, 23.0086705 ], [ 72.5323996, 23.0087684 ] ], [ [ 72.5323996, 23.0087684 ], [ 72.5324571, 23.0088622 ] ], [ [ 72.5324571, 23.0088622 ], [ 72.532523, 23.0089512 ] ], [ [ 72.532523, 23.0089512 ], [ 72.5325957, 23.0090336 ] ], [ [ 72.5325957, 23.0090336 ], [ 72.5326755, 23.0091102 ] ], [ [ 72.5326755, 23.0091102 ], [ 72.532762, 23.0091805 ] ], [ [ 72.532762, 23.0091805 ], [ 72.5328545, 23.0092439 ] ], [ [ 72.5328545, 23.0092439 ], [ 72.5329523, 23.0093 ] ], [ [ 72.5329523, 23.0093 ], [ 72.5330549, 23.0093485 ] ], [ [ 72.5330549, 23.0093485 ], [ 72.5331615, 23.009389 ] ], [ [ 72.5331615, 23.009389 ], [ 72.5332714, 23.0094212 ] ], [ [ 72.5332714, 23.0094212 ], [ 72.5333838, 23.0094449 ] ], [ [ 72.5333838, 23.0094449 ], [ 72.5335547, 23.0094731 ] ], [ [ 72.5335547, 23.0094731 ], [ 72.5341435, 23.0095351 ] ], [ [ 72.5341435, 23.0095351 ], [ 72.5360915, 23.0097051 ] ], [ [ 72.5360915, 23.0097051 ], [ 72.5367573, 23.0097711 ] ], [ [ 72.5367573, 23.0097711 ], [ 72.5375177, 23.0098465 ] ], [ [ 72.5375177, 23.0098465 ], [ 72.538209, 23.0099177 ] ], [ [ 72.538209, 23.0099177 ], [ 72.5387297, 23.0099893 ] ], [ [ 72.5387297, 23.0099893 ], [ 72.5392286, 23.0100928 ] ], [ [ 72.5392286, 23.0100928 ], [ 72.53999, 23.0102607 ] ], [ [ 72.53999, 23.0102607 ], [ 72.5427061, 23.0112713 ] ], [ [ 72.5427061, 23.0112713 ], [ 72.5453886, 23.0122376 ] ], [ [ 72.5453886, 23.0122376 ], [ 72.5468407, 23.0127686 ] ], [ [ 72.5468407, 23.0127686 ], [ 72.5485889, 23.0134082 ] ], [ [ 72.5485889, 23.0134082 ], [ 72.5492445, 23.0136478 ] ], [ [ 72.5492445, 23.0136478 ], [ 72.5498752, 23.0138708 ] ], [ [ 72.5498752, 23.0138708 ], [ 72.5501213, 23.0139544 ] ], [ [ 72.5501213, 23.0139544 ], [ 72.5514092, 23.0144436 ] ], [ [ 72.5514092, 23.0144436 ], [ 72.5520803, 23.0146861 ] ], [ [ 72.5520803, 23.0146861 ], [ 72.5540659, 23.0154374 ] ], [ [ 72.5540659, 23.0154374 ], [ 72.556762, 23.0164064 ] ], [ [ 72.556762, 23.0164064 ], [ 72.5599823, 23.0175763 ] ], [ [ 72.5599823, 23.0175763 ], [ 72.5604259, 23.0178085 ] ], [ [ 72.5604259, 23.0178085 ], [ 72.5611138, 23.0181116 ] ], [ [ 72.5611138, 23.0181116 ], [ 72.5615854, 23.0183024 ] ], [ [ 72.5615854, 23.0183024 ], [ 72.5623281, 23.0185472 ] ], [ [ 72.5623281, 23.0185472 ], [ 72.5636411, 23.0190383 ] ], [ [ 72.5636411, 23.0190383 ], [ 72.564596, 23.0192985 ] ], [ [ 72.564596, 23.0192985 ], [ 72.5649839, 23.0193976 ] ], [ [ 72.5649839, 23.0193976 ], [ 72.5659234, 23.0197444 ] ], [ [ 72.5659234, 23.0197444 ], [ 72.5662884, 23.0198851 ] ], [ [ 72.5662884, 23.0198851 ], [ 72.5667419, 23.0201164 ] ], [ [ 72.5667419, 23.0201164 ], [ 72.5672134, 23.0204371 ] ], [ [ 72.5672134, 23.0204371 ], [ 72.5675528, 23.0207559 ] ], [ [ 72.5675528, 23.0207559 ], [ 72.5678719, 23.0210902 ] ], [ [ 72.5678719, 23.0210902 ], [ 72.5680961, 23.0213929 ] ], [ [ 72.5680961, 23.0213929 ], [ 72.5682649, 23.021708 ] ], [ [ 72.5682649, 23.021708 ], [ 72.5684782, 23.0221986 ] ], [ [ 72.5684782, 23.0221986 ], [ 72.5685763, 23.0225511 ] ], [ [ 72.5685763, 23.0225511 ], [ 72.56867, 23.0231319 ] ], [ [ 72.56867, 23.0231319 ], [ 72.5687421, 23.0238834 ] ], [ [ 72.5687421, 23.0238834 ], [ 72.56879, 23.024661 ] ], [ [ 72.56879, 23.024661 ], [ 72.5688202, 23.0271754 ] ], [ [ 72.5688202, 23.0271754 ], [ 72.5688662, 23.0279833 ] ], [ [ 72.5688662, 23.0279833 ], [ 72.5688474, 23.0295109 ] ], [ [ 72.5688474, 23.0295109 ], [ 72.5688172, 23.0302106 ] ], [ [ 72.5688172, 23.0302106 ], [ 72.5687852, 23.0304982 ] ], [ [ 72.5687852, 23.0304982 ], [ 72.5686843, 23.0309574 ] ], [ [ 72.5686843, 23.0309574 ], [ 72.5684998, 23.0316833 ] ], [ [ 72.5684998, 23.0316833 ], [ 72.5680014, 23.0336847 ] ], [ [ 72.5680014, 23.0336847 ], [ 72.5677247, 23.0346527 ] ], [ [ 72.5677247, 23.0346527 ], [ 72.5674467, 23.035389 ] ], [ [ 72.5674467, 23.035389 ], [ 72.5672295, 23.0360456 ] ], [ [ 72.5672295, 23.0360456 ], [ 72.5670283, 23.0367855 ] ], [ [ 72.5670283, 23.0367855 ], [ 72.5668751, 23.0374696 ] ], [ [ 72.5668751, 23.0374696 ], [ 72.5667203, 23.0382258 ] ], [ [ 72.5667203, 23.0382258 ], [ 72.5666287, 23.0388186 ] ], [ [ 72.5666287, 23.0388186 ], [ 72.5666017, 23.0390581 ] ], [ [ 72.5666017, 23.0390581 ], [ 72.5665064, 23.0396187 ] ], [ [ 72.5665064, 23.0396187 ], [ 72.5663422, 23.0402688 ] ], [ [ 72.5663422, 23.0402688 ], [ 72.5661019, 23.0411622 ] ], [ [ 72.5661019, 23.0411622 ], [ 72.56567, 23.0429193 ] ], [ [ 72.56567, 23.0429193 ], [ 72.5652537, 23.0446504 ] ], [ [ 72.5652537, 23.0446504 ], [ 72.564927, 23.0459092 ] ], [ [ 72.564927, 23.0459092 ], [ 72.5645655, 23.047325 ] ], [ [ 72.5645655, 23.047325 ], [ 72.5640087, 23.0493992 ] ], [ [ 72.5640087, 23.0493992 ], [ 72.5636941, 23.0506649 ] ], [ [ 72.5636941, 23.0506649 ], [ 72.5635359, 23.0512967 ] ], [ [ 72.5635359, 23.0512967 ], [ 72.5633937, 23.0518742 ] ], [ [ 72.5633937, 23.0518742 ], [ 72.5633228, 23.0521251 ] ], [ [ 72.5633228, 23.0521251 ], [ 72.5631885, 23.0527306 ] ], [ [ 72.5631885, 23.0527306 ], [ 72.5631094, 23.0529938 ] ], [ [ 72.5631094, 23.0529938 ], [ 72.5626869, 23.0547188 ] ], [ [ 72.5626869, 23.0547188 ], [ 72.5622541, 23.0564338 ] ], [ [ 72.5622541, 23.0564338 ], [ 72.5618199, 23.0581566 ] ], [ [ 72.5618199, 23.0581566 ], [ 72.5613928, 23.0598321 ] ], [ [ 72.5613928, 23.0598321 ], [ 72.5612629, 23.0604694 ] ], [ [ 72.5612629, 23.0604694 ], [ 72.5611514, 23.0608218 ] ], [ [ 72.5611514, 23.0608218 ], [ 72.561036, 23.0613005 ] ], [ [ 72.561036, 23.0613005 ], [ 72.5609435, 23.0617744 ] ], [ [ 72.5609435, 23.0617744 ], [ 72.5609125, 23.0621012 ] ], [ [ 72.5609125, 23.0621012 ], [ 72.5609033, 23.0625518 ] ], [ [ 72.5609033, 23.0625518 ], [ 72.5609368, 23.062998 ] ], [ [ 72.5609368, 23.062998 ], [ 72.5609914, 23.063499 ] ], [ [ 72.5609914, 23.063499 ], [ 72.5610803, 23.0639399 ] ], [ [ 72.5610803, 23.0639399 ], [ 72.5612285, 23.0644022 ] ], [ [ 72.5612285, 23.0644022 ], [ 72.5614585, 23.065022 ] ], [ [ 72.5614585, 23.065022 ], [ 72.5618742, 23.0658842 ] ], [ [ 72.5618742, 23.0658842 ], [ 72.5622277, 23.0667696 ] ], [ [ 72.5622277, 23.0667696 ], [ 72.5623208, 23.066944 ] ], [ [ 72.5623208, 23.066944 ], [ 72.5624372, 23.0671076 ] ], [ [ 72.5624372, 23.0671076 ], [ 72.5626454, 23.0672834 ] ], [ [ 72.5626454, 23.0672834 ], [ 72.5629393, 23.0674488 ] ], [ [ 72.5629393, 23.0674488 ], [ 72.5631222, 23.0675106 ] ], [ [ 72.5631222, 23.0675106 ], [ 72.5635624, 23.067611 ] ], [ [ 72.5635624, 23.067611 ], [ 72.5642237, 23.0676724 ] ], [ [ 72.5642237, 23.0676724 ], [ 72.5658899, 23.067695 ] ], [ [ 72.5658899, 23.067695 ], [ 72.5677669, 23.0677133 ] ], [ [ 72.5677669, 23.0677133 ], [ 72.5698523, 23.067684 ] ], [ [ 72.5698523, 23.067684 ], [ 72.5712972, 23.0676362 ] ], [ [ 72.5712972, 23.0676362 ], [ 72.5719282, 23.0676616 ] ], [ [ 72.5719282, 23.0676616 ], [ 72.5734223, 23.0676985 ] ], [ [ 72.5734223, 23.0676985 ], [ 72.5741509, 23.0677222 ] ], [ [ 72.5741509, 23.0677222 ], [ 72.5748648, 23.0677262 ] ], [ [ 72.5748648, 23.0677262 ], [ 72.5754671, 23.0677273 ] ], [ [ 72.5754671, 23.0677273 ], [ 72.5765489, 23.0677376 ] ], [ [ 72.5765489, 23.0677376 ], [ 72.5769394, 23.0678019 ] ], [ [ 72.5769394, 23.0678019 ], [ 72.5775714, 23.0679251 ] ], [ [ 72.5775714, 23.0679251 ], [ 72.5796259, 23.0683975 ] ], [ [ 72.5796259, 23.0683975 ], [ 72.580338, 23.0685884 ] ], [ [ 72.580338, 23.0685884 ], [ 72.5806842, 23.0686972 ] ], [ [ 72.5806842, 23.0686972 ], [ 72.5813974, 23.0690026 ] ], [ [ 72.5813974, 23.0690026 ], [ 72.5817965, 23.0691436 ] ], [ [ 72.5817965, 23.0691436 ], [ 72.5822106, 23.0692495 ] ], [ [ 72.5822106, 23.0692495 ], [ 72.5825833, 23.0693122 ] ], [ [ 72.5825833, 23.0693122 ], [ 72.5833442, 23.0694097 ] ], [ [ 72.5833442, 23.0694097 ], [ 72.5848312, 23.0696075 ] ], [ [ 72.5848312, 23.0696075 ], [ 72.5854838, 23.0696689 ] ], [ [ 72.5854838, 23.0696689 ], [ 72.5875418, 23.0698352 ] ], [ [ 72.5875418, 23.0698352 ], [ 72.5881234, 23.0698665 ] ], [ [ 72.5881234, 23.0698665 ], [ 72.5884064, 23.0698983 ] ], [ [ 72.5884064, 23.0698983 ], [ 72.5886367, 23.0699548 ] ], [ [ 72.5886367, 23.0699548 ], [ 72.5888537, 23.0700602 ] ], [ [ 72.5888537, 23.0700602 ], [ 72.5889826, 23.0701278 ] ], [ [ 72.5889826, 23.0701278 ], [ 72.5892842, 23.0703365 ] ], [ [ 72.5892842, 23.0703365 ], [ 72.5894261, 23.0704601 ] ], [ [ 72.5894261, 23.0704601 ], [ 72.5896129, 23.070702 ] ], [ [ 72.5896129, 23.070702 ], [ 72.5899838, 23.0712444 ] ], [ [ 72.5899838, 23.0712444 ], [ 72.5901943, 23.0715393 ] ], [ [ 72.5901943, 23.0715393 ], [ 72.5904019, 23.071775 ] ], [ [ 72.5904019, 23.071775 ], [ 72.5910395, 23.0725113 ] ], [ [ 72.5910395, 23.0725113 ], [ 72.591653, 23.0731597 ] ], [ [ 72.591653, 23.0731597 ], [ 72.5926692, 23.0743923 ] ], [ [ 72.5926692, 23.0743923 ], [ 72.5932705, 23.0751227 ] ], [ [ 72.5932705, 23.0751227 ], [ 72.5936933, 23.0756999 ] ], [ [ 72.5936933, 23.0756999 ], [ 72.5943643, 23.076542 ] ], [ [ 72.5943643, 23.076542 ], [ 72.5948504, 23.0771663 ] ], [ [ 72.5948504, 23.0771663 ], [ 72.5950393, 23.0774369 ] ], [ [ 72.5950393, 23.0774369 ], [ 72.5951286, 23.0776413 ] ], [ [ 72.5951286, 23.0776413 ], [ 72.5951922, 23.0778601 ] ], [ [ 72.5951922, 23.0778601 ], [ 72.5952048, 23.0781309 ] ], [ [ 72.5952048, 23.0781309 ], [ 72.5952019, 23.0783265 ] ], [ [ 72.5952019, 23.0783265 ], [ 72.5951504, 23.0785553 ] ], [ [ 72.5951504, 23.0785553 ], [ 72.5950671, 23.0787658 ] ], [ [ 72.5950671, 23.0787658 ], [ 72.5949453, 23.0789742 ] ], [ [ 72.5949453, 23.0789742 ], [ 72.5943017, 23.0799376 ] ], [ [ 72.5943017, 23.0799376 ], [ 72.5940086, 23.080373 ] ], [ [ 72.5940086, 23.080373 ], [ 72.5938331, 23.0806871 ] ], [ [ 72.5938331, 23.0806871 ], [ 72.5936634, 23.0810949 ] ], [ [ 72.5936634, 23.0810949 ], [ 72.5934994, 23.0816278 ] ], [ [ 72.5934994, 23.0816278 ], [ 72.5931448, 23.0827458 ] ], [ [ 72.5931448, 23.0827458 ], [ 72.5927723, 23.0838488 ] ], [ [ 72.5927723, 23.0838488 ], [ 72.5921818, 23.0856228 ] ], [ [ 72.5921818, 23.0856228 ], [ 72.5919426, 23.0863592 ] ], [ [ 72.5919426, 23.0863592 ], [ 72.5917532, 23.0869305 ] ], [ [ 72.5917532, 23.0869305 ], [ 72.591562, 23.0875028 ] ], [ [ 72.591562, 23.0875028 ], [ 72.5914242, 23.0878997 ] ], [ [ 72.5914242, 23.0878997 ], [ 72.5913435, 23.0882882 ] ], [ [ 72.5913435, 23.0882882 ], [ 72.591352, 23.0885721 ] ], [ [ 72.591352, 23.0885721 ], [ 72.5914097, 23.088804 ] ], [ [ 72.5914097, 23.088804 ], [ 72.5914811, 23.0890082 ] ], [ [ 72.5914811, 23.0890082 ], [ 72.5916343, 23.0892267 ] ], [ [ 72.5916343, 23.0892267 ], [ 72.5918333, 23.0894731 ] ], [ [ 72.5918333, 23.0894731 ], [ 72.5923618, 23.090176 ] ], [ [ 72.5923618, 23.090176 ], [ 72.5926935, 23.090674 ] ], [ [ 72.5926935, 23.090674 ], [ 72.5939773, 23.0926372 ] ], [ [ 72.5939773, 23.0926372 ], [ 72.5952873, 23.0946445 ] ], [ [ 72.5952873, 23.0946445 ], [ 72.5957945, 23.0954515 ] ], [ [ 72.5957945, 23.0954515 ], [ 72.5966689, 23.0967876 ] ] ] } },
{ "type": "Feature", "properties": { "construction": null, "disused": null, "light_rail": null, "monorail": null, "railway": "rail", "station": null, "subway": null, "id": 1107167560, "timestamp": 1722421900, "version": 2, "tags": { "visible": false, "gauge": "1676", "passenger_lines": "1", "usage": "branch" }, "osm_type": "way" }, "geometry": { "type": "MultiLineString", "coordinates": [ [ [ 72.5561447, 23.0987419 ], [ 72.5549901, 23.096252 ] ], [ [ 72.5549901, 23.096252 ], [ 72.5543097, 23.0947783 ] ], [ [ 72.5543097, 23.0947783 ], [ 72.5540636, 23.0942121 ] ], [ [ 72.5540636, 23.0942121 ], [ 72.5538058, 23.0934836 ] ], [ [ 72.5538058, 23.0934836 ], [ 72.5536911, 23.0930152 ] ], [ [ 72.5536911, 23.0930152 ], [ 72.5536491, 23.0927098 ] ], [ [ 72.5536491, 23.0927098 ], [ 72.5535768, 23.0916741 ] ], [ [ 72.5535768, 23.0916741 ], [ 72.5535876, 23.0910128 ] ], [ [ 72.5535876, 23.0910128 ], [ 72.5536841, 23.0902776 ] ], [ [ 72.5536841, 23.0902776 ], [ 72.5544416, 23.0869817 ] ], [ [ 72.5544416, 23.0869817 ], [ 72.5549327, 23.0852436 ] ] ] } },
{ "type": "Feature", "properties": { "construction": null, "disused": null, "light_rail": null, "monorail": null, "railway": "rail", "station": null, "subway": null, "id": 1107167562, "timestamp": 1722421900, "version": 2, "tags": { "visible": false, "gauge": "1676", "passenger_lines": "1", "usage": "branch" }, "osm_type": "way" }, "geometry": { "type": "MultiLineString", "coordinates": [ [ [ 72.555018, 23.0848775 ], [ 72.5557449, 23.0817593 ] ], [ [ 72.5557449, 23.0817593 ], [ 72.5559812, 23.0809184 ] ] ] } },
{ "type": "Feature", "properties": { "construction": null, "disused": null, "light_rail": null, "monorail": null, "railway": "rail", "station": null, "subway": null, "id": 1107167570, "timestamp": 1722421900, "version": 2, "tags": { "visible": false, "gauge": "1676", "name": "Western Railway Line", "passenger_lines": "1", "usage": "branch" }, "osm_type": "way" }, "geometry": { "type": "MultiLineString", "coordinates": [ [ [ 72.5562274, 23.0799817 ], [ 72.5572896, 23.0757597 ] ], [ [ 72.5572896, 23.0757597 ], [ 72.5580575, 23.0727074 ] ] ] } },
{ "type": "Feature", "properties": { "construction": null, "disused": null, "light_rail": null, "monorail": null, "railway": "rail", "station": null, "subway": null, "id": 1107167587, "timestamp": 1766996904, "version": 5, "tags": { "visible": false, "electrified": "contact_line", "frequency": "50", "gauge": "1676", "name": "Western Railway Line", "passenger_lines": "2", "usage": "main", "voltage": "25000" }, "osm_type": "way" }, "geometry": { "type": "MultiLineString", "coordinates": [ [ [ 72.5781785, 23.0851582 ], [ 72.5766492, 23.0856109 ] ], [ [ 72.5766492, 23.0856109 ], [ 72.5760951, 23.0857408 ] ], [ [ 72.5760951, 23.0857408 ], [ 72.5755093, 23.0858552 ] ], [ [ 72.5755093, 23.0858552 ], [ 72.574733, 23.0859573 ] ], [ [ 72.574733, 23.0859573 ], [ 72.5739198, 23.0860505 ] ], [ [ 72.5739198, 23.0860505 ], [ 72.5730926, 23.0860942 ] ], [ [ 72.5730926, 23.0860942 ], [ 72.5720235, 23.0860997 ] ], [ [ 72.5720235, 23.0860997 ], [ 72.5715818, 23.0860643 ] ], [ [ 72.5715818, 23.0860643 ], [ 72.5707745, 23.0859917 ] ], [ [ 72.5707745, 23.0859917 ], [ 72.5700461, 23.0858812 ] ], [ [ 72.5700461, 23.0858812 ], [ 72.5691615, 23.0857144 ] ], [ [ 72.5691615, 23.0857144 ], [ 72.5680629, 23.0854105 ] ], [ [ 72.5680629, 23.0854105 ], [ 72.5669729, 23.0850236 ] ], [ [ 72.5669729, 23.0850236 ], [ 72.5651239, 23.0842335 ] ], [ [ 72.5651239, 23.0842335 ], [ 72.5634023, 23.0835076 ] ], [ [ 72.5634023, 23.0835076 ], [ 72.5569307, 23.0807203 ] ], [ [ 72.5569307, 23.0807203 ], [ 72.5562021, 23.0804454 ] ] ] } },
{ "type": "Feature", "properties": { "construction": null, "disused": null, "light_rail": null, "monorail": null, "railway": "rail", "station": null, "subway": null, "id": 1107167588, "timestamp": 1766996904, "version": 4, "tags": { "visible": false, "electrified": "contact_line", "frequency": "50", "gauge": "1676", "name": "Western Railway Line", "passenger_lines": "2", "usage": "main", "voltage": "25000" }, "osm_type": "way" }, "geometry": { "type": "MultiLineString", "coordinates": [ [ [ 72.5562062, 23.0805031 ], [ 72.5580219, 23.0812693 ] ], [ [ 72.5580219, 23.0812693 ], [ 72.5601562, 23.082191 ] ], [ [ 72.5601562, 23.082191 ], [ 72.5623608, 23.0831427 ] ], [ [ 72.5623608, 23.0831427 ], [ 72.5640707, 23.0838749 ] ], [ [ 72.5640707, 23.0838749 ], [ 72.565092, 23.0843053 ] ], [ [ 72.565092, 23.0843053 ], [ 72.5660393, 23.0847134 ] ], [ [ 72.5660393, 23.0847134 ], [ 72.5671033, 23.0851442 ] ], [ [ 72.5671033, 23.0851442 ], [ 72.5679131, 23.0854322 ] ], [ [ 72.5679131, 23.0854322 ], [ 72.5684504, 23.0855893 ] ], [ [ 72.5684504, 23.0855893 ], [ 72.5691474, 23.0857706 ] ], [ [ 72.5691474, 23.0857706 ], [ 72.5700226, 23.0859358 ] ], [ [ 72.5700226, 23.0859358 ], [ 72.5707673, 23.0860437 ] ], [ [ 72.5707673, 23.0860437 ], [ 72.5712828, 23.0861117 ] ], [ [ 72.5712828, 23.0861117 ], [ 72.5716359, 23.0861439 ] ], [ [ 72.5716359, 23.0861439 ], [ 72.5720128, 23.0861659 ] ], [ [ 72.5720128, 23.0861659 ], [ 72.5726682, 23.0861655 ] ], [ [ 72.5726682, 23.0861655 ], [ 72.5732861, 23.086158 ] ], [ [ 72.5732861, 23.086158 ], [ 72.5739139, 23.0860979 ] ], [ [ 72.5739139, 23.0860979 ], [ 72.5747409, 23.0860161 ] ], [ [ 72.5747409, 23.0860161 ], [ 72.5755185, 23.0859093 ] ], [ [ 72.5755185, 23.0859093 ], [ 72.576122, 23.0857814 ] ], [ [ 72.576122, 23.0857814 ], [ 72.5766782, 23.0856497 ] ], [ [ 72.5766782, 23.0856497 ], [ 72.5781893, 23.0852016 ] ] ] } },
{ "type": "Feature", "properties": { "construction": null, "disused": null, "light_rail": null, "monorail": null, "railway": "rail", "station": null, "subway": null, "id": 1107167596, "timestamp": 1745849234, "version": 2, "tags": { "visible": false, "gauge": "1676", "service": "yard" }, "osm_type": "way" }, "geometry": { "type": "MultiLineString", "coordinates": [ [ [ 72.5805399, 23.08821 ], [ 72.5800113, 23.0889415 ] ], [ [ 72.5800113, 23.0889415 ], [ 72.5797512, 23.0893276 ] ], [ [ 72.5797512, 23.0893276 ], [ 72.5795178, 23.0897347 ] ], [ [ 72.5795178, 23.0897347 ], [ 72.5786045, 23.0912953 ] ], [ [ 72.5786045, 23.0912953 ], [ 72.5758405, 23.0961571 ] ], [ [ 72.5758405, 23.0961571 ], [ 72.5757851, 23.0962601 ] ], [ [ 72.5757851, 23.0962601 ], [ 72.5751763, 23.0973331 ] ], [ [ 72.5751763, 23.0973331 ], [ 72.5749184, 23.0976628 ] ], [ [ 72.5749184, 23.0976628 ], [ 72.5747306, 23.0979908 ] ], [ [ 72.5747306, 23.0979908 ], [ 72.5744252, 23.0985508 ] ], [ [ 72.5744252, 23.0985508 ], [ 72.5742403, 23.0987941 ] ], [ [ 72.5742403, 23.0987941 ], [ 72.5740175, 23.0990323 ] ], [ [ 72.5740175, 23.0990323 ], [ 72.5730881, 23.0999185 ] ], [ [ 72.5730881, 23.0999185 ], [ 72.5716372, 23.1011414 ] ], [ [ 72.5716372, 23.1011414 ], [ 72.5710891, 23.1015409 ] ] ] } },
{ "type": "Feature", "properties": { "construction": null, "disused": null, "light_rail": null, "monorail": null, "railway": "rail", "station": null, "subway": null, "id": 1107179899, "timestamp": 1745849234, "version": 2, "tags": { "visible": false, "gauge": "1676", "service": "siding" }, "osm_type": "way" }, "geometry": { "type": "MultiLineString", "coordinates": [ [ [ 72.5850453, 23.0821649 ], [ 72.58529, 23.081754 ] ], [ [ 72.58529, 23.081754 ], [ 72.5860534, 23.0808284 ] ], [ [ 72.5860534, 23.0808284 ], [ 72.5868234, 23.0798391 ] ], [ [ 72.5868234, 23.0798391 ], [ 72.5869808, 23.0796026 ] ], [ [ 72.5869808, 23.0796026 ], [ 72.587179, 23.0792799 ] ], [ [ 72.587179, 23.0792799 ], [ 72.5873724, 23.0789309 ] ], [ [ 72.5873724, 23.0789309 ], [ 72.5875289, 23.0786168 ] ], [ [ 72.5875289, 23.0786168 ], [ 72.5880078, 23.0776023 ] ], [ [ 72.5880078, 23.0776023 ], [ 72.5887664, 23.0759952 ] ], [ [ 72.5887664, 23.0759952 ], [ 72.5889058, 23.0756131 ] ], [ [ 72.5889058, 23.0756131 ], [ 72.5889817, 23.0753688 ] ], [ [ 72.5889817, 23.0753688 ], [ 72.5890673, 23.0749461 ] ], [ [ 72.5890673, 23.0749461 ], [ 72.5891344, 23.0744931 ] ], [ [ 72.5891344, 23.0744931 ], [ 72.5891517, 23.0741198 ] ], [ [ 72.5891517, 23.0741198 ], [ 72.5891467, 23.0738359 ] ] ] } },
{ "type": "Feature", "properties": { "construction": null, "disused": null, "light_rail": null, "monorail": null, "railway": "rail", "station": null, "subway": null, "id": 1107179901, "timestamp": 1745849234, "version": 2, "tags": { "visible": false, "gauge": "1676", "service": "siding" }, "osm_type": "way" }, "geometry": { "type": "MultiLineString", "coordinates": [ [ [ 72.5889458, 23.0723734 ], [ 72.5890595, 23.0728239 ] ], [ [ 72.5890595, 23.0728239 ], [ 72.5891021, 23.0734285 ] ], [ [ 72.5891021, 23.0734285 ], [ 72.5891467, 23.0738359 ] ], [ [ 72.5891467, 23.0738359 ], [ 72.5892153, 23.074308 ] ], [ [ 72.5892153, 23.074308 ], [ 72.5892216, 23.0744676 ] ], [ [ 72.5892216, 23.0744676 ], [ 72.5892245, 23.0746316 ] ], [ [ 72.5892245, 23.0746316 ], [ 72.5892093, 23.0748811 ] ], [ [ 72.5892093, 23.0748811 ], [ 72.5891951, 23.0750111 ] ], [ [ 72.5891951, 23.0750111 ], [ 72.58916, 23.0751908 ] ], [ [ 72.58916, 23.0751908 ], [ 72.5891021, 23.0754351 ] ], [ [ 72.5891021, 23.0754351 ], [ 72.5890415, 23.0756454 ] ], [ [ 72.5890415, 23.0756454 ], [ 72.5889732, 23.0758251 ] ], [ [ 72.5889732, 23.0758251 ], [ 72.5888565, 23.0761139 ] ], [ [ 72.5888565, 23.0761139 ], [ 72.5881298, 23.0776675 ] ], [ [ 72.5881298, 23.0776675 ], [ 72.5875299, 23.0789501 ] ], [ [ 72.5875299, 23.0789501 ], [ 72.5871079, 23.0796402 ] ], [ [ 72.5871079, 23.0796402 ], [ 72.5867911, 23.0800833 ] ], [ [ 72.5867911, 23.0800833 ], [ 72.5865853, 23.0803581 ] ], [ [ 72.5865853, 23.0803581 ], [ 72.5852994, 23.0819171 ] ], [ [ 72.5852994, 23.0819171 ], [ 72.5850431, 23.0822962 ] ] ] } },
{ "type": "Feature", "properties": { "construction": null, "disused": null, "light_rail": null, "monorail": null, "railway": "rail", "station": null, "subway": null, "id": 1107179902, "timestamp": 1745849234, "version": 2, "tags": { "visible": false, "gauge": "1676", "service": "siding" }, "osm_type": "way" }, "geometry": { "type": "MultiLineString", "coordinates": [ [ [ 72.5857745, 23.0810037 ], [ 72.5861034, 23.080675 ] ], [ [ 72.5861034, 23.080675 ], [ 72.5867892, 23.0797763 ] ], [ [ 72.5867892, 23.0797763 ], [ 72.5871012, 23.0793174 ] ], [ [ 72.5871012, 23.0793174 ], [ 72.5873952, 23.0787852 ] ], [ [ 72.5873952, 23.0787852 ], [ 72.5887077, 23.0759751 ] ], [ [ 72.5887077, 23.0759751 ], [ 72.5888575, 23.0756017 ] ], [ [ 72.5888575, 23.0756017 ], [ 72.5889286, 23.0753653 ] ], [ [ 72.5889286, 23.0753653 ], [ 72.5889941, 23.0750323 ] ], [ [ 72.5889941, 23.0750323 ], [ 72.5890262, 23.0747621 ] ], [ [ 72.5890262, 23.0747621 ], [ 72.5890745, 23.0742846 ] ], [ [ 72.5890745, 23.0742846 ], [ 72.5890732, 23.0738342 ] ], [ [ 72.5890732, 23.0738342 ], [ 72.5890209, 23.0733284 ] ], [ [ 72.5890209, 23.0733284 ], [ 72.5889504, 23.0729696 ] ], [ [ 72.5889504, 23.0729696 ], [ 72.5888237, 23.0724758 ] ], [ [ 72.5888237, 23.0724758 ], [ 72.5887124, 23.0720316 ] ], [ [ 72.5887124, 23.0720316 ], [ 72.5885716, 23.0715541 ] ], [ [ 72.5885716, 23.0715541 ], [ 72.5885108, 23.0710973 ] ] ] } },
{ "type": "Feature", "properties": { "construction": "rail", "disused": null, "light_rail": null, "monorail": null, "railway": "construction", "station": null, "subway": null, "id": 1125530000, "timestamp": 1745849234, "version": 5, "tags": { "visible": false, "bridge": "yes", "check_date": "2023-04-12", "construction:electrified": "contact_line", "construction:frequency": "50", "construction:railway": "rail", "construction:voltage": "25000", "gauge": "1435", "highspeed": "yes", "layer": "3", "maxspeed": "320", "name": "Mumbai–Ahmedabad high-speed rail (under construction)", "name:de": "Schnellfahrstrecke Mumbai–Ahmedabad", "name:en": "Mumbai–Ahmedabad High-speed Rail", "name:zh": "孟买–艾哈迈达巴德高铁", "name:zh-Hant": "孟買–亞美達巴德高鐵", "opening_date": "2027", "passenger_lines": "2", "start_date": "2027", "usage": "main", "wikipedia": "en:Mumbai–Ahmedabad high-speed rail corridor" }, "osm_type": "way" }, "geometry": { "type": "MultiLineString", "coordinates": [ [ [ 73.0473967, 22.4992815 ], [ 73.034231, 22.5174193 ] ], [ [ 73.034231, 22.5174193 ], [ 72.9456442, 22.6181124 ] ], [ [ 72.9456442, 22.6181124 ], [ 72.9435903, 22.6203685 ] ], [ [ 72.9435903, 22.6203685 ], [ 72.9426322, 22.621421 ] ], [ [ 72.9426322, 22.621421 ], [ 72.9407727, 22.6232646 ] ], [ [ 72.9407727, 22.6232646 ], [ 72.9389647, 22.6249027 ] ], [ [ 72.9389647, 22.6249027 ], [ 72.9369341, 22.6265836 ] ], [ [ 72.9369341, 22.6265836 ], [ 72.9348212, 22.6281748 ] ], [ [ 72.9348212, 22.6281748 ], [ 72.9326306, 22.6296726 ] ], [ [ 72.9326306, 22.6296726 ], [ 72.930367, 22.631074 ] ], [ [ 72.930367, 22.631074 ], [ 72.9280355, 22.6323757 ] ], [ [ 72.9280355, 22.6323757 ], [ 72.925641, 22.6335751 ] ], [ [ 72.925641, 22.6335751 ], [ 72.9219587, 22.635213 ] ], [ [ 72.9219587, 22.635213 ], [ 72.8357449, 22.6721125 ] ], [ [ 72.8357449, 22.6721125 ], [ 72.8327633, 22.6734443 ] ], [ [ 72.8327633, 22.6734443 ], [ 72.8303621, 22.674642 ] ], [ [ 72.8303621, 22.674642 ], [ 72.8276952, 22.6761361 ] ], [ [ 72.8276952, 22.6761361 ], [ 72.8251177, 22.67776 ] ], [ [ 72.8251177, 22.67776 ], [ 72.822637, 22.6795092 ] ], [ [ 72.822637, 22.6795092 ], [ 72.8201155, 22.6814991 ] ], [ [ 72.8201155, 22.6814991 ], [ 72.8178566, 22.6834903 ] ], [ [ 72.8178566, 22.6834903 ], [ 72.8155856, 22.6857249 ] ], [ [ 72.8155856, 22.6857249 ], [ 72.8151861, 22.686164 ] ], [ [ 72.8151861, 22.686164 ], [ 72.8151495, 22.6862043 ] ], [ [ 72.8151495, 22.6862043 ], [ 72.8135758, 22.6879341 ] ], [ [ 72.8135758, 22.6879341 ], [ 72.8120012, 22.6898382 ] ], [ [ 72.8120012, 22.6898382 ], [ 72.8115824, 22.690386 ] ], [ [ 72.8115824, 22.690386 ], [ 72.8094872, 22.6932139 ] ], [ [ 72.8094872, 22.6932139 ], [ 72.8091849, 22.6936283 ] ], [ [ 72.8091849, 22.6936283 ], [ 72.8075311, 22.6958957 ] ], [ [ 72.8075311, 22.6958957 ], [ 72.8043869, 22.7002063 ] ], [ [ 72.8043869, 22.7002063 ], [ 72.8029032, 22.7022404 ] ], [ [ 72.8029032, 22.7022404 ], [ 72.8006903, 22.7052741 ] ], [ [ 72.8006903, 22.7052741 ], [ 72.7989503, 22.7076596 ] ], [ [ 72.7989503, 22.7076596 ], [ 72.6463939, 22.9168084 ] ], [ [ 72.6463939, 22.9168084 ], [ 72.644152, 22.9199819 ] ], [ [ 72.644152, 22.9199819 ], [ 72.6424887, 22.9226385 ] ], [ [ 72.6424887, 22.9226385 ], [ 72.6413278, 22.9247268 ] ], [ [ 72.6413278, 22.9247268 ], [ 72.6402656, 22.9268595 ] ], [ [ 72.6402656, 22.9268595 ], [ 72.6393041, 22.9290328 ] ], [ [ 72.6393041, 22.9290328 ], [ 72.6384452, 22.9312427 ] ], [ [ 72.6384452, 22.9312427 ], [ 72.6374584, 22.9341738 ] ], [ [ 72.6374584, 22.9341738 ], [ 72.6316496, 22.9525388 ] ], [ [ 72.6316496, 22.9525388 ], [ 72.6310772, 22.9541773 ] ], [ [ 72.6310772, 22.9541773 ], [ 72.6304055, 22.9559564 ] ], [ [ 72.6304055, 22.9559564 ], [ 72.6157985, 22.988809 ] ], [ [ 72.6157985, 22.988809 ], [ 72.6149445, 22.9906715 ] ], [ [ 72.6149445, 22.9906715 ], [ 72.6133879, 22.9941848 ] ], [ [ 72.6133879, 22.9941848 ], [ 72.6104317, 23.0007958 ] ], [ [ 72.6104317, 23.0007958 ], [ 72.6098424, 23.0025718 ] ], [ [ 72.6098424, 23.0025718 ], [ 72.6094305, 23.0038784 ] ], [ [ 72.6094305, 23.0038784 ], [ 72.6081882, 23.0077208 ] ], [ [ 72.6081882, 23.0077208 ], [ 72.6073047, 23.0108036 ] ], [ [ 72.6073047, 23.0108036 ], [ 72.6069454, 23.0122461 ] ], [ [ 72.6069454, 23.0122461 ], [ 72.6061449, 23.0145374 ] ], [ [ 72.6061449, 23.0145374 ], [ 72.6059295, 23.0150663 ] ], [ [ 72.6059295, 23.0150663 ], [ 72.605758, 23.015419 ] ], [ [ 72.605758, 23.015419 ], [ 72.6049756, 23.0167816 ] ], [ [ 72.6049756, 23.0167816 ], [ 72.6038872, 23.0182897 ] ], [ [ 72.6038872, 23.0182897 ], [ 72.6036065, 23.0187093 ] ], [ [ 72.6036065, 23.0187093 ], [ 72.603161, 23.0194026 ] ], [ [ 72.603161, 23.0194026 ], [ 72.6030713, 23.0195739 ] ], [ [ 72.6030713, 23.0195739 ], [ 72.6029881, 23.0197478 ] ], [ [ 72.6029881, 23.0197478 ], [ 72.6029114, 23.0199243 ] ], [ [ 72.6029114, 23.0199243 ], [ 72.6028414, 23.0201031 ] ], [ [ 72.6028414, 23.0201031 ], [ 72.6027781, 23.020284 ] ], [ [ 72.6027781, 23.020284 ], [ 72.6027225, 23.0204633 ] ], [ [ 72.6027225, 23.0204633 ], [ 72.6026736, 23.0206442 ] ], [ [ 72.6026736, 23.0206442 ], [ 72.6026313, 23.0208265 ] ], [ [ 72.6026313, 23.0208265 ], [ 72.6025958, 23.0210101 ] ], [ [ 72.6025958, 23.0210101 ], [ 72.6025669, 23.0211946 ] ], [ [ 72.6025669, 23.0211946 ], [ 72.6024748, 23.0226728 ] ], [ [ 72.6024748, 23.0226728 ], [ 72.6023131, 23.0306262 ] ], [ [ 72.6023131, 23.0306262 ], [ 72.6019645, 23.0326316 ] ], [ [ 72.6019645, 23.0326316 ], [ 72.6016461, 23.0350396 ] ], [ [ 72.6016461, 23.0350396 ], [ 72.6014554, 23.0361025 ] ], [ [ 72.6014554, 23.0361025 ], [ 72.6012346, 23.0368282 ] ], [ [ 72.6012346, 23.0368282 ], [ 72.6009266, 23.0373779 ] ], [ [ 72.6009266, 23.0373779 ], [ 72.5922574, 23.0511717 ] ], [ [ 72.5922574, 23.0511717 ], [ 72.5914065, 23.052695 ] ], [ [ 72.5914065, 23.052695 ], [ 72.5910786, 23.053534 ] ], [ [ 72.5910786, 23.053534 ], [ 72.5907928, 23.0544803 ] ], [ [ 72.5907928, 23.0544803 ], [ 72.5906525, 23.0551441 ] ], [ [ 72.5906525, 23.0551441 ], [ 72.5903834, 23.0568163 ] ], [ [ 72.5903834, 23.0568163 ], [ 72.5881149, 23.0745669 ] ], [ [ 72.5881149, 23.0745669 ], [ 72.5878587, 23.0757814 ] ], [ [ 72.5878587, 23.0757814 ], [ 72.5874795, 23.0768084 ] ], [ [ 72.5874795, 23.0768084 ], [ 72.5871924, 23.0774765 ] ], [ [ 72.5871924, 23.0774765 ], [ 72.5856502, 23.0806897 ] ], [ [ 72.5856502, 23.0806897 ], [ 72.5852496, 23.0814185 ] ], [ [ 72.5852496, 23.0814185 ], [ 72.5830572, 23.0845357 ] ], [ [ 72.5830572, 23.0845357 ], [ 72.579418, 23.0894429 ] ], [ [ 72.579418, 23.0894429 ], [ 72.5761271, 23.0939438 ] ], [ [ 72.5761271, 23.0939438 ], [ 72.5751327, 23.0950354 ] ], [ [ 72.5751327, 23.0950354 ], [ 72.5687796, 23.0992485 ] ] ] } },
{ "type": "Feature", "properties": { "construction": null, "disused": null, "light_rail": null, "monorail": null, "railway": "rail", "station": null, "subway": null, "id": 1173176531, "timestamp": 1684192602, "version": 1, "tags": { "visible": false, "electrified": "contact_line", "frequency": "50", "gauge": "1676", "passenger_lines": "2", "usage": "main", "voltage": "25000" }, "osm_type": "way" }, "geometry": { "type": "MultiLineString", "coordinates": [ [ [ 72.552163, 23.1475097 ], [ 72.5514564, 23.1489592 ] ], [ [ 72.5514564, 23.1489592 ], [ 72.5507594, 23.1503144 ] ], [ [ 72.5507594, 23.1503144 ], [ 72.5501116, 23.1514547 ] ], [ [ 72.5501116, 23.1514547 ], [ 72.5499825, 23.1516909 ] ], [ [ 72.5499825, 23.1516909 ], [ 72.54917, 23.1531095 ] ], [ [ 72.54917, 23.1531095 ], [ 72.5489633, 23.1535071 ] ], [ [ 72.5489633, 23.1535071 ], [ 72.5484626, 23.1544717 ] ], [ [ 72.5484626, 23.1544717 ], [ 72.5438954, 23.1634239 ] ], [ [ 72.5438954, 23.1634239 ], [ 72.5434582, 23.1642401 ] ], [ [ 72.5434582, 23.1642401 ], [ 72.5424108, 23.1662902 ] ], [ [ 72.5424108, 23.1662902 ], [ 72.5423503, 23.1664186 ] ], [ [ 72.5423503, 23.1664186 ], [ 72.5374692, 23.1761496 ] ] ] } },
{ "type": "Feature", "properties": { "construction": null, "disused": null, "light_rail": null, "monorail": null, "railway": "rail", "station": null, "subway": null, "id": 1173176532, "timestamp": 1684192602, "version": 1, "tags": { "visible": false, "electrified": "contact_line", "frequency": "50", "gauge": "1676", "passenger_lines": "2", "usage": "main", "voltage": "25000" }, "osm_type": "way" }, "geometry": { "type": "MultiLineString", "coordinates": [ [ [ 72.5375178, 23.1761567 ], [ 72.542104, 23.1670335 ] ], [ [ 72.542104, 23.1670335 ], [ 72.5431551, 23.1650091 ] ], [ [ 72.5431551, 23.1650091 ], [ 72.5433542, 23.1646654 ] ], [ [ 72.5433542, 23.1646654 ], [ 72.5442474, 23.1632046 ] ], [ [ 72.5442474, 23.1632046 ], [ 72.5450354, 23.1617195 ] ], [ [ 72.5450354, 23.1617195 ], [ 72.5452943, 23.1612132 ] ], [ [ 72.5452943, 23.1612132 ], [ 72.5453207, 23.1611615 ] ], [ [ 72.5453207, 23.1611615 ], [ 72.5456002, 23.1606213 ] ], [ [ 72.5456002, 23.1606213 ], [ 72.5498538, 23.1522241 ] ], [ [ 72.5498538, 23.1522241 ], [ 72.5501503, 23.1516581 ] ], [ [ 72.5501503, 23.1516581 ], [ 72.5505579, 23.1508243 ] ], [ [ 72.5505579, 23.1508243 ], [ 72.5507683, 23.1504206 ] ], [ [ 72.5507683, 23.1504206 ], [ 72.5508049, 23.1503503 ] ], [ [ 72.5508049, 23.1503503 ], [ 72.551124, 23.1497349 ] ], [ [ 72.551124, 23.1497349 ], [ 72.5522116, 23.1475343 ] ] ] } },
{ "type": "Feature", "properties": { "construction": null, "disused": null, "light_rail": null, "monorail": null, "railway": "rail", "station": null, "subway": null, "id": 1173176533, "timestamp": 1722420788, "version": 2, "tags": { "visible": false, "electrified": "contact_line", "frequency": "50", "gauge": "1676", "passenger_lines": "1", "usage": "main", "voltage": "25000" }, "osm_type": "way" }, "geometry": { "type": "MultiLineString", "coordinates": [ [ [ 72.5525491, 23.1472362 ], [ 72.5544244, 23.1434475 ] ], [ [ 72.5544244, 23.1434475 ], [ 72.5571538, 23.1380569 ] ], [ [ 72.5571538, 23.1380569 ], [ 72.557686, 23.137023 ] ], [ [ 72.557686, 23.137023 ], [ 72.5579607, 23.1363047 ] ], [ [ 72.5579607, 23.1363047 ], [ 72.5581581, 23.1356496 ] ], [ [ 72.5581581, 23.1356496 ], [ 72.5582439, 23.1349472 ] ], [ [ 72.5582439, 23.1349472 ], [ 72.5582696, 23.1340948 ] ], [ [ 72.5582696, 23.1340948 ], [ 72.5581924, 23.1334791 ] ], [ [ 72.5581924, 23.1334791 ], [ 72.5580293, 23.1328556 ] ], [ [ 72.5580293, 23.1328556 ], [ 72.5577632, 23.1322083 ] ], [ [ 72.5577632, 23.1322083 ], [ 72.5571538, 23.1312296 ] ], [ [ 72.5571538, 23.1312296 ], [ 72.5569428, 23.130926 ] ] ] } },
{ "type": "Feature", "properties": { "construction": null, "disused": null, "light_rail": null, "monorail": null, "railway": "rail", "station": null, "subway": null, "id": 1173176538, "timestamp": 1684192602, "version": 1, "tags": { "visible": false, "electrified": "contact_line", "frequency": "50", "gauge": "1676", "service": "siding", "voltage": "25000" }, "osm_type": "way" }, "geometry": { "type": "MultiLineString", "coordinates": [ [ [ 72.5499825, 23.1516909 ], [ 72.5497963, 23.1520651 ] ], [ [ 72.5497963, 23.1520651 ], [ 72.5497413, 23.1521982 ] ], [ [ 72.5497413, 23.1521982 ], [ 72.5496782, 23.1524202 ] ], [ [ 72.5496782, 23.1524202 ], [ 72.54963, 23.1525608 ] ], [ [ 72.54963, 23.1525608 ], [ 72.5494235, 23.1529671 ] ] ] } },
{ "type": "Feature", "properties": { "construction": null, "disused": null, "light_rail": null, "monorail": null, "railway": "rail", "station": null, "subway": null, "id": 1173176541, "timestamp": 1684192602, "version": 1, "tags": { "visible": false, "electrified": "contact_line", "frequency": "50", "gauge": "1676", "service": "siding", "voltage": "25000" }, "osm_type": "way" }, "geometry": { "type": "MultiLineString", "coordinates": [ [ [ 72.5484626, 23.1544717 ], [ 72.5479311, 23.1553768 ] ], [ [ 72.5479311, 23.1553768 ], [ 72.5478807, 23.1554718 ] ], [ [ 72.5478807, 23.1554718 ], [ 72.5430467, 23.1649486 ] ], [ [ 72.5430467, 23.1649486 ], [ 72.5429655, 23.1651078 ] ], [ [ 72.5429655, 23.1651078 ], [ 72.5424108, 23.1662902 ] ] ] } },
{ "type": "Feature", "properties": { "construction": null, "disused": null, "light_rail": null, "monorail": null, "railway": "rail", "station": null, "subway": null, "id": 1173176546, "timestamp": 1684192602, "version": 1, "tags": { "visible": false, "electrified": "contact_line", "frequency": "50", "gauge": "1676", "service": "siding", "voltage": "25000" }, "osm_type": "way" }, "geometry": { "type": "MultiLineString", "coordinates": [ [ [ 72.5478807, 23.1554718 ], [ 72.5473967, 23.1563016 ] ], [ [ 72.5473967, 23.1563016 ], [ 72.5434555, 23.163996 ] ], [ [ 72.5434555, 23.163996 ], [ 72.5430467, 23.1649486 ] ] ] } },
{ "type": "Feature", "properties": { "construction": null, "disused": null, "light_rail": null, "monorail": null, "railway": "rail", "station": null, "subway": null, "id": 1173176548, "timestamp": 1684192602, "version": 1, "tags": { "visible": false, "electrified": "contact_line", "frequency": "50", "gauge": "1676", "service": "crossover", "voltage": "25000" }, "osm_type": "way" }, "geometry": { "type": "MultiLineString", "coordinates": [ [ [ 72.5438954, 23.1634239 ], [ 72.5441019, 23.1630897 ] ], [ [ 72.5441019, 23.1630897 ], [ 72.5442146, 23.1629258 ] ], [ [ 72.5442146, 23.1629258 ], [ 72.5444224, 23.1626705 ] ], [ [ 72.5444224, 23.1626705 ], [ 72.5445753, 23.1624658 ] ], [ [ 72.5445753, 23.1624658 ], [ 72.5446786, 23.1623179 ] ], [ [ 72.5446786, 23.1623179 ], [ 72.5448523, 23.1620361 ] ], [ [ 72.5448523, 23.1620361 ], [ 72.5450354, 23.1617195 ] ] ] } },
{ "type": "Feature", "properties": { "construction": null, "disused": null, "light_rail": null, "monorail": null, "railway": "rail", "station": null, "subway": null, "id": 1173176551, "timestamp": 1684192602, "version": 1, "tags": { "visible": false, "electrified": "contact_line", "frequency": "50", "gauge": "1676", "service": "siding", "voltage": "25000" }, "osm_type": "way" }, "geometry": { "type": "MultiLineString", "coordinates": [ [ [ 72.5453207, 23.1611615 ], [ 72.5456214, 23.1604773 ] ], [ [ 72.5456214, 23.1604773 ], [ 72.5458593, 23.1600214 ] ], [ [ 72.5458593, 23.1600214 ], [ 72.5490618, 23.1536977 ] ], [ [ 72.5490618, 23.1536977 ], [ 72.5493885, 23.1530355 ] ] ] } },
{ "type": "Feature", "properties": { "construction": null, "disused": null, "light_rail": null, "monorail": null, "railway": "rail", "station": null, "subway": null, "id": 1173176552, "timestamp": 1684192602, "version": 1, "tags": { "visible": false, "electrified": "contact_line", "frequency": "50", "gauge": "1676", "service": "siding", "voltage": "25000" }, "osm_type": "way" }, "geometry": { "type": "MultiLineString", "coordinates": [ [ [ 72.5497895, 23.1525534 ], [ 72.5496742, 23.1528197 ] ], [ [ 72.5496742, 23.1528197 ], [ 72.5495374, 23.1532155 ] ], [ [ 72.5495374, 23.1532155 ], [ 72.5494811, 23.1533697 ] ], [ [ 72.5494811, 23.1533697 ], [ 72.5494194, 23.1534992 ] ], [ [ 72.5494194, 23.1534992 ], [ 72.548781, 23.154747 ] ] ] } },
{ "type": "Feature", "properties": { "construction": null, "disused": null, "light_rail": null, "monorail": null, "railway": "rail", "station": null, "subway": null, "id": 1194712613, "timestamp": 1745849234, "version": 2, "tags": { "visible": false, "gauge": "1676", "service": "yard" }, "osm_type": "way" }, "geometry": { "type": "MultiLineString", "coordinates": [ [ [ 72.5811513, 23.0892437 ], [ 72.5811164, 23.0895448 ] ], [ [ 72.5811164, 23.0895448 ], [ 72.581044, 23.0898803 ] ], [ [ 72.581044, 23.0898803 ], [ 72.5809836, 23.0901209 ] ], [ [ 72.5809836, 23.0901209 ], [ 72.5808455, 23.0904367 ] ], [ [ 72.5808455, 23.0904367 ], [ 72.5805518, 23.0910955 ] ], [ [ 72.5805518, 23.0910955 ], [ 72.5803614, 23.0914717 ] ], [ [ 72.5803614, 23.0914717 ], [ 72.5800838, 23.0920972 ] ], [ [ 72.5800838, 23.0920972 ], [ 72.5794065, 23.0932988 ] ], [ [ 72.5794065, 23.0932988 ], [ 72.5790563, 23.0939198 ] ], [ [ 72.5790563, 23.0939198 ], [ 72.5784849, 23.0949247 ] ], [ [ 72.5784849, 23.0949247 ], [ 72.5783228, 23.0951855 ] ], [ [ 72.5783228, 23.0951855 ], [ 72.5778041, 23.0961284 ] ], [ [ 72.5778041, 23.0961284 ], [ 72.5775954, 23.0964416 ] ], [ [ 72.5775954, 23.0964416 ], [ 72.5774134, 23.096698 ] ], [ [ 72.5774134, 23.096698 ], [ 72.5771526, 23.0971464 ] ], [ [ 72.5771526, 23.0971464 ], [ 72.5769449, 23.097409 ] ] ] } },
{ "type": "Feature", "properties": { "construction": null, "disused": null, "light_rail": null, "monorail": null, "railway": "subway", "station": null, "subway": null, "id": 1197819227, "timestamp": 1733047023, "version": 3, "tags": { "visible": false, "bridge": "yes", "electrified": "rail", "gauge": "1435", "layer": "2", "name": "Blue Line, Ahmedabad Metro", "start_date": "2022-09-30", "usage": "main", "voltage": "750" }, "osm_type": "way" }, "geometry": { "type": "MultiLineString", "coordinates": [ [ [ 72.5423337, 23.0451116 ], [ 72.5421886, 23.0451509 ] ], [ [ 72.5421886, 23.0451509 ], [ 72.5421097, 23.0451771 ] ] ] } },
{ "type": "Feature", "properties": { "construction": null, "disused": null, "light_rail": null, "monorail": null, "railway": "subway", "station": null, "subway": null, "id": 1197819228, "timestamp": 1733047023, "version": 2, "tags": { "visible": false, "bridge": "yes", "electrified": "rail", "gauge": "1435", "layer": "2", "name": "Blue Line, Ahmedabad Metro", "start_date": "2022-09-30", "usage": "main", "voltage": "750" }, "osm_type": "way" }, "geometry": { "type": "MultiLineString", "coordinates": [ [ [ 72.5420802, 23.0451049 ], [ 72.5421645, 23.0450867 ] ], [ [ 72.5421645, 23.0450867 ], [ 72.5423149, 23.0450536 ] ] ] } },
{ "type": "Feature", "properties": { "construction": null, "disused": null, "light_rail": null, "monorail": null, "railway": "subway", "station": null, "subway": null, "id": 1198134741, "timestamp": 1749312959, "version": 6, "tags": { "visible": false, "bridge": "viaduct", "layer": "1", "name": "Violet Line", "start_date": "2024-09-17" }, "osm_type": "way" }, "geometry": { "type": "MultiLineString", "coordinates": [ [ [ 72.6855844, 23.153345 ], [ 72.6850478, 23.1522934 ] ], [ [ 72.6850478, 23.1522934 ], [ 72.6844631, 23.1510897 ] ], [ [ 72.6844631, 23.1510897 ], [ 72.6842303, 23.1506854 ] ], [ [ 72.6842303, 23.1506854 ], [ 72.684074, 23.1504867 ] ], [ [ 72.684074, 23.1504867 ], [ 72.6838089, 23.1503038 ] ], [ [ 72.6838089, 23.1503038 ], [ 72.6835848, 23.150225 ] ], [ [ 72.6835848, 23.150225 ], [ 72.6833359, 23.1501635 ] ], [ [ 72.6833359, 23.1501635 ], [ 72.6830315, 23.1501612 ] ], [ [ 72.6830315, 23.1501612 ], [ 72.6825924, 23.1502296 ] ], [ [ 72.6825924, 23.1502296 ], [ 72.6796933, 23.1506444 ] ], [ [ 72.6796933, 23.1506444 ], [ 72.6736163, 23.1515217 ] ], [ [ 72.6736163, 23.1515217 ], [ 72.6729973, 23.1516426 ] ], [ [ 72.6729973, 23.1516426 ], [ 72.6719354, 23.1519605 ] ], [ [ 72.6719354, 23.1519605 ], [ 72.6709201, 23.1522914 ] ], [ [ 72.6709201, 23.1522914 ], [ 72.6685948, 23.1528887 ] ], [ [ 72.6685948, 23.1528887 ], [ 72.6656302, 23.1536378 ] ], [ [ 72.6656302, 23.1536378 ], [ 72.6626808, 23.1544095 ] ], [ [ 72.6626808, 23.1544095 ], [ 72.6612326, 23.1549205 ] ], [ [ 72.6612326, 23.1549205 ], [ 72.6602347, 23.155268 ] ], [ [ 72.6602347, 23.155268 ], [ 72.6595381, 23.1554668 ] ], [ [ 72.6595381, 23.1554668 ], [ 72.6556962, 23.1564027 ] ], [ [ 72.6556962, 23.1564027 ], [ 72.6533936, 23.1569542 ] ], [ [ 72.6533936, 23.1569542 ], [ 72.6511032, 23.1575258 ] ], [ [ 72.6511032, 23.1575258 ], [ 72.6505731, 23.1576567 ] ], [ [ 72.6505731, 23.1576567 ], [ 72.6503527, 23.1576969 ] ], [ [ 72.6503527, 23.1576969 ], [ 72.6501324, 23.1577185 ] ], [ [ 72.6501324, 23.1577185 ], [ 72.6499254, 23.1577167 ] ], [ [ 72.6499254, 23.1577167 ], [ 72.6496696, 23.1576868 ] ], [ [ 72.6496696, 23.1576868 ], [ 72.6494219, 23.1576038 ] ], [ [ 72.6494219, 23.1576038 ], [ 72.6492007, 23.1575058 ] ], [ [ 72.6492007, 23.1575058 ], [ 72.6490735, 23.1574195 ] ], [ [ 72.6490735, 23.1574195 ], [ 72.648759, 23.1571423 ] ], [ [ 72.648759, 23.1571423 ], [ 72.6486581, 23.1570191 ] ], [ [ 72.6486581, 23.1570191 ], [ 72.6484867, 23.1567355 ] ], [ [ 72.6484867, 23.1567355 ], [ 72.6481224, 23.1560413 ] ] ] } },
{ "type": "Feature", "properties": { "construction": null, "disused": null, "light_rail": null, "monorail": null, "railway": "subway", "station": null, "subway": null, "id": 1198134742, "timestamp": 1749312959, "version": 10, "tags": { "visible": false, "bridge": "viaduct", "layer": "1", "start_date": "2024-09-17" }, "osm_type": "way" }, "geometry": { "type": "MultiLineString", "coordinates": [ [ [ 72.6431693, 23.2048991 ], [ 72.6423384, 23.2035797 ] ], [ [ 72.6423384, 23.2035797 ], [ 72.641845, 23.2027811 ] ], [ [ 72.641845, 23.2027811 ], [ 72.6413518, 23.2019804 ] ], [ [ 72.6413518, 23.2019804 ], [ 72.6409561, 23.2012678 ] ], [ [ 72.6409561, 23.2012678 ], [ 72.6406952, 23.2005369 ] ], [ [ 72.6406952, 23.2005369 ], [ 72.640496, 23.1997851 ] ], [ [ 72.640496, 23.1997851 ], [ 72.6403478, 23.1987417 ] ], [ [ 72.6403478, 23.1987417 ], [ 72.6403193, 23.1973622 ] ], [ [ 72.6403193, 23.1973622 ], [ 72.6402445, 23.196277 ] ], [ [ 72.6402445, 23.196277 ], [ 72.6401702, 23.1956368 ] ], [ [ 72.6401702, 23.1956368 ], [ 72.6401507, 23.1954204 ] ], [ [ 72.6401507, 23.1954204 ], [ 72.6401491, 23.1954028 ] ], [ [ 72.6401491, 23.1954028 ], [ 72.6400651, 23.1947736 ] ], [ [ 72.6400651, 23.1947736 ], [ 72.6398209, 23.193041 ] ], [ [ 72.6398209, 23.193041 ], [ 72.6397321, 23.192258 ] ], [ [ 72.6397321, 23.192258 ], [ 72.6396033, 23.1908102 ] ], [ [ 72.6396033, 23.1908102 ], [ 72.6396024, 23.1908002 ] ], [ [ 72.6396024, 23.1908002 ], [ 72.6393152, 23.1882809 ] ], [ [ 72.6393152, 23.1882809 ], [ 72.6392059, 23.1870723 ] ], [ [ 72.6392059, 23.1870723 ], [ 72.6392019, 23.1869424 ] ], [ [ 72.6392019, 23.1869424 ], [ 72.6392304, 23.1867471 ] ], [ [ 72.6392304, 23.1867471 ], [ 72.6392704, 23.1866085 ] ], [ [ 72.6392704, 23.1866085 ], [ 72.6393592, 23.1864625 ] ], [ [ 72.6393592, 23.1864625 ], [ 72.6394933, 23.1862959 ] ], [ [ 72.6394933, 23.1862959 ], [ 72.6396682, 23.1861254 ] ], [ [ 72.6396682, 23.1861254 ], [ 72.6399428, 23.1859725 ] ], [ [ 72.6399428, 23.1859725 ], [ 72.6401795, 23.1859024 ] ], [ [ 72.6401795, 23.1859024 ], [ 72.6405434, 23.1858588 ] ], [ [ 72.6405434, 23.1858588 ], [ 72.6421096, 23.1859258 ] ], [ [ 72.6421096, 23.1859258 ], [ 72.6433074, 23.1859759 ] ], [ [ 72.6433074, 23.1859759 ], [ 72.644459, 23.186027 ] ], [ [ 72.644459, 23.186027 ], [ 72.645407, 23.1860622 ] ], [ [ 72.645407, 23.1860622 ], [ 72.6460281, 23.1860873 ] ], [ [ 72.6460281, 23.1860873 ], [ 72.6462896, 23.186078 ] ], [ [ 72.6462896, 23.186078 ], [ 72.6464478, 23.1860599 ] ], [ [ 72.6464478, 23.1860599 ], [ 72.6465827, 23.1860031 ] ], [ [ 72.6465827, 23.1860031 ], [ 72.6468432, 23.1859025 ] ], [ [ 72.6468432, 23.1859025 ], [ 72.6469389, 23.1858307 ] ], [ [ 72.6469389, 23.1858307 ], [ 72.6470999, 23.1856732 ] ], [ [ 72.6470999, 23.1856732 ], [ 72.6472052, 23.185537 ] ], [ [ 72.6472052, 23.185537 ], [ 72.6473012, 23.1853493 ] ], [ [ 72.6473012, 23.1853493 ], [ 72.6473582, 23.1851661 ] ], [ [ 72.6473582, 23.1851661 ], [ 72.6473966, 23.1849401 ] ], [ [ 72.6473966, 23.1849401 ], [ 72.6473977, 23.1847448 ] ], [ [ 72.6473977, 23.1847448 ], [ 72.6473743, 23.1844957 ] ], [ [ 72.6473743, 23.1844957 ], [ 72.6473299, 23.1841558 ] ], [ [ 72.6473299, 23.1841558 ], [ 72.6472958, 23.1837375 ] ], [ [ 72.6472958, 23.1837375 ], [ 72.647047, 23.1814116 ] ], [ [ 72.647047, 23.1814116 ], [ 72.6471379, 23.1803369 ] ], [ [ 72.6471379, 23.1803369 ], [ 72.6473227, 23.1790869 ] ], [ [ 72.6473227, 23.1790869 ], [ 72.6474346, 23.1781541 ] ], [ [ 72.6474346, 23.1781541 ], [ 72.647771, 23.174204 ] ], [ [ 72.647771, 23.174204 ], [ 72.6480338, 23.1718568 ] ], [ [ 72.6480338, 23.1718568 ], [ 72.6482377, 23.1697503 ] ], [ [ 72.6482377, 23.1697503 ], [ 72.6483103, 23.168555 ] ], [ [ 72.6483103, 23.168555 ], [ 72.6482727, 23.1677854 ] ], [ [ 72.6482727, 23.1677854 ], [ 72.6483397, 23.1663946 ] ], [ [ 72.6483397, 23.1663946 ], [ 72.6484876, 23.1634852 ] ], [ [ 72.6484876, 23.1634852 ], [ 72.6485811, 23.1618071 ] ], [ [ 72.6485811, 23.1618071 ], [ 72.6486267, 23.1610992 ] ], [ [ 72.6486267, 23.1610992 ], [ 72.648675, 23.1600016 ] ], [ [ 72.648675, 23.1600016 ], [ 72.6487592, 23.1589488 ] ], [ [ 72.6487592, 23.1589488 ], [ 72.6487922, 23.158473 ] ], [ [ 72.6487922, 23.158473 ], [ 72.6487854, 23.1582258 ] ], [ [ 72.6487854, 23.1582258 ], [ 72.6487623, 23.157986 ] ], [ [ 72.6487623, 23.157986 ], [ 72.6487088, 23.1576406 ] ], [ [ 72.6487088, 23.1576406 ], [ 72.6485986, 23.15728 ] ], [ [ 72.6485986, 23.15728 ], [ 72.6484227, 23.1568063 ] ], [ [ 72.6484227, 23.1568063 ], [ 72.6482878, 23.1564628 ] ], [ [ 72.6482878, 23.1564628 ], [ 72.6481224, 23.1560413 ] ] ] } },
{ "type": "Feature", "properties": { "construction": null, "disused": null, "light_rail": null, "monorail": null, "railway": "subway", "station": null, "subway": null, "id": 1198208641, "timestamp": 1749312959, "version": 4, "tags": { "visible": false, "bridge": "yes", "electrified": "rail", "gauge": "1435", "layer": "1", "name": "Blue Line, Ahmedabad Metro", "start_date": "2022-09-30", "usage": "main", "voltage": "750" }, "osm_type": "way" }, "geometry": { "type": "MultiLineString", "coordinates": [ [ [ 72.5070211, 23.0501817 ], [ 72.5077735, 23.0503478 ] ], [ [ 72.5077735, 23.0503478 ], [ 72.5084174, 23.0504342 ] ], [ [ 72.5084174, 23.0504342 ], [ 72.5086453, 23.0504378 ] ], [ [ 72.5086453, 23.0504378 ], [ 72.5092172, 23.0504155 ] ], [ [ 72.5092172, 23.0504155 ], [ 72.5100203, 23.0503843 ] ], [ [ 72.5100203, 23.0503843 ], [ 72.5101721, 23.0503801 ] ], [ [ 72.5101721, 23.0503801 ], [ 72.5104728, 23.0503127 ] ], [ [ 72.5104728, 23.0503127 ], [ 72.5107662, 23.0502108 ] ], [ [ 72.5107662, 23.0502108 ], [ 72.5109511, 23.0501331 ] ], [ [ 72.5109511, 23.0501331 ], [ 72.5111006, 23.0500836 ] ], [ [ 72.5111006, 23.0500836 ], [ 72.5112431, 23.0500501 ] ], [ [ 72.5112431, 23.0500501 ], [ 72.5113571, 23.0500363 ] ], [ [ 72.5113571, 23.0500363 ], [ 72.5115203, 23.0500277 ] ], [ [ 72.5115203, 23.0500277 ], [ 72.5121464, 23.0500694 ] ], [ [ 72.5121464, 23.0500694 ], [ 72.5123508, 23.0500803 ] ], [ [ 72.5123508, 23.0500803 ], [ 72.5127006, 23.0500831 ] ], [ [ 72.5127006, 23.0500831 ], [ 72.5129681, 23.0500597 ] ], [ [ 72.5129681, 23.0500597 ], [ 72.5132192, 23.0500231 ] ], [ [ 72.5132192, 23.0500231 ], [ 72.5134202, 23.0500077 ] ], [ [ 72.5134202, 23.0500077 ], [ 72.5136166, 23.0499964 ] ], [ [ 72.5136166, 23.0499964 ], [ 72.5141791, 23.0499864 ] ], [ [ 72.5141791, 23.0499864 ], [ 72.5143192, 23.0499618 ] ] ] } },
{ "type": "Feature", "properties": { "construction": null, "disused": null, "light_rail": null, "monorail": null, "railway": "subway", "station": null, "subway": null, "id": 1198208642, "timestamp": 1749312959, "version": 4, "tags": { "visible": false, "bridge": "yes", "electrified": "rail", "gauge": "1435", "layer": "1", "name": "Blue Line, Ahmedabad Metro", "start_date": "2022-09-30", "usage": "main", "voltage": "750" }, "osm_type": "way" }, "geometry": { "type": "MultiLineString", "coordinates": [ [ [ 72.5143043, 23.0500033 ], [ 72.5142119, 23.0500132 ] ], [ [ 72.5142119, 23.0500132 ], [ 72.514106, 23.0500127 ] ], [ [ 72.514106, 23.0500127 ], [ 72.5137756, 23.0500116 ] ], [ [ 72.5137756, 23.0500116 ], [ 72.5132249, 23.050051 ] ], [ [ 72.5132249, 23.050051 ], [ 72.5128909, 23.0500973 ] ], [ [ 72.5128909, 23.0500973 ], [ 72.5127008, 23.0501115 ] ], [ [ 72.5127008, 23.0501115 ], [ 72.5125261, 23.0501193 ] ], [ [ 72.5125261, 23.0501193 ], [ 72.51233, 23.0501141 ] ], [ [ 72.51233, 23.0501141 ], [ 72.5121248, 23.0501085 ] ], [ [ 72.5121248, 23.0501085 ], [ 72.51166, 23.0500717 ] ], [ [ 72.51166, 23.0500717 ], [ 72.5115277, 23.0500691 ] ], [ [ 72.5115277, 23.0500691 ], [ 72.5113775, 23.0500797 ] ], [ [ 72.5113775, 23.0500797 ], [ 72.511239, 23.0500963 ] ], [ [ 72.511239, 23.0500963 ], [ 72.5111309, 23.0501244 ] ], [ [ 72.5111309, 23.0501244 ], [ 72.5107853, 23.0502388 ] ], [ [ 72.5107853, 23.0502388 ], [ 72.5104846, 23.0503466 ] ], [ [ 72.5104846, 23.0503466 ], [ 72.5102273, 23.0504035 ] ], [ [ 72.5102273, 23.0504035 ], [ 72.5101293, 23.0504141 ] ], [ [ 72.5101293, 23.0504141 ], [ 72.5099692, 23.0504276 ] ], [ [ 72.5099692, 23.0504276 ], [ 72.5088474, 23.0504616 ] ], [ [ 72.5088474, 23.0504616 ], [ 72.5086502, 23.0504676 ] ], [ [ 72.5086502, 23.0504676 ], [ 72.5082799, 23.0504535 ] ], [ [ 72.5082799, 23.0504535 ], [ 72.5077563, 23.0503967 ] ], [ [ 72.5077563, 23.0503967 ], [ 72.5070056, 23.050233 ] ] ] } },
{ "type": "Feature", "properties": { "construction": null, "disused": null, "light_rail": null, "monorail": null, "railway": "rail", "station": null, "subway": null, "id": 1268112306, "timestamp": 1711964819, "version": 1, "tags": { "visible": false, "gauge": "1676", "service": "yard" }, "osm_type": "way" }, "geometry": { "type": "MultiLineString", "coordinates": [ [ [ 72.6037037, 23.0388618 ], [ 72.6040031, 23.0389047 ] ], [ [ 72.6040031, 23.0389047 ], [ 72.6040956, 23.0389195 ] ], [ [ 72.6040956, 23.0389195 ], [ 72.6041915, 23.0389405 ] ], [ [ 72.6041915, 23.0389405 ], [ 72.6043048, 23.038972 ] ], [ [ 72.6043048, 23.038972 ], [ 72.6044242, 23.0390127 ] ], [ [ 72.6044242, 23.0390127 ], [ 72.6045516, 23.0390608 ] ], [ [ 72.6045516, 23.0390608 ], [ 72.6103619, 23.0412989 ] ] ] } },
{ "type": "Feature", "properties": { "construction": null, "disused": null, "light_rail": null, "monorail": null, "railway": "rail", "station": null, "subway": null, "id": 1268112309, "timestamp": 1711964819, "version": 1, "tags": { "visible": false, "gauge": "1676", "service": "siding" }, "osm_type": "way" }, "geometry": { "type": "MultiLineString", "coordinates": [ [ [ 72.6184823, 23.0491969 ], [ 72.6118653, 23.0431087 ] ], [ [ 72.6118653, 23.0431087 ], [ 72.6113999, 23.0426854 ] ], [ [ 72.6113999, 23.0426854 ], [ 72.6112416, 23.0425546 ] ], [ [ 72.6112416, 23.0425546 ], [ 72.611066, 23.0424114 ] ], [ [ 72.611066, 23.0424114 ], [ 72.6109023, 23.0422831 ] ], [ [ 72.6109023, 23.0422831 ], [ 72.6106891, 23.0421264 ] ] ] } },
{ "type": "Feature", "properties": { "construction": null, "disused": null, "light_rail": null, "monorail": null, "railway": "platform", "station": null, "subway": null, "id": 1304803737, "timestamp": 1722420696, "version": 1, "tags": { "visible": false }, "osm_type": "way" }, "geometry": { "type": "MultiLineString", "coordinates": [ [ [ 72.541641, 23.0799094 ], [ 72.5417577, 23.0796997 ] ], [ [ 72.5417577, 23.0796997 ], [ 72.5418663, 23.0795159 ] ], [ [ 72.5418663, 23.0795159 ], [ 72.5419964, 23.0793271 ] ], [ [ 72.5419964, 23.0793271 ], [ 72.5421345, 23.0791568 ] ], [ [ 72.5421345, 23.0791568 ], [ 72.5422787, 23.0789897 ] ], [ [ 72.5422787, 23.0789897 ], [ 72.542475, 23.0787719 ] ], [ [ 72.542475, 23.0787719 ], [ 72.5426874, 23.0785603 ] ], [ [ 72.5426874, 23.0785603 ], [ 72.5429231, 23.0783468 ] ], [ [ 72.5429231, 23.0783468 ], [ 72.543156, 23.07817 ] ], [ [ 72.543156, 23.07817 ], [ 72.5434284, 23.0779753 ] ], [ [ 72.5434284, 23.0779753 ], [ 72.5436673, 23.0778234 ] ], [ [ 72.5436673, 23.0778234 ], [ 72.5439621, 23.0776591 ] ], [ [ 72.5439621, 23.0776591 ], [ 72.544274, 23.0775101 ] ], [ [ 72.544274, 23.0775101 ], [ 72.5445739, 23.0773915 ] ] ] } },
{ "type": "Feature", "properties": { "construction": null, "disused": null, "light_rail": null, "monorail": null, "railway": "platform", "station": null, "subway": null, "id": 1304803738, "timestamp": 1722420696, "version": 1, "tags": { "visible": false }, "osm_type": "way" }, "geometry": { "type": "MultiLineString", "coordinates": [ [ [ 72.5409294, 23.0751464 ], [ 72.5410501, 23.0753451 ] ], [ [ 72.5410501, 23.0753451 ], [ 72.5411699, 23.0755488 ] ], [ [ 72.5411699, 23.0755488 ], [ 72.5412695, 23.0757528 ] ], [ [ 72.5412695, 23.0757528 ], [ 72.5413755, 23.0760144 ] ], [ [ 72.5413755, 23.0760144 ], [ 72.5414801, 23.0763339 ] ], [ [ 72.5414801, 23.0763339 ], [ 72.5415552, 23.076656 ] ], [ [ 72.5415552, 23.076656 ], [ 72.5416209, 23.0770027 ] ], [ [ 72.5416209, 23.0770027 ], [ 72.5416638, 23.0773728 ] ], [ [ 72.5416638, 23.0773728 ], [ 72.5416759, 23.0777713 ] ], [ [ 72.5416759, 23.0777713 ], [ 72.5416571, 23.0781513 ] ], [ [ 72.5416571, 23.0781513 ], [ 72.5416102, 23.0784783 ] ], [ [ 72.5416102, 23.0784783 ], [ 72.5415444, 23.078804 ] ], [ [ 72.5415444, 23.078804 ], [ 72.5413191, 23.0797638 ] ], [ [ 72.5413191, 23.0797638 ], [ 72.5412413, 23.0800464 ] ], [ [ 72.5412413, 23.0800464 ], [ 72.5411582, 23.0803042 ] ], [ [ 72.5411582, 23.0803042 ], [ 72.541071, 23.080551 ] ] ] } },
{ "type": "Feature", "properties": { "construction": null, "disused": null, "light_rail": null, "monorail": null, "railway": "rail", "station": null, "subway": null, "id": 1314755341, "timestamp": 1745849234, "version": 2, "tags": { "visible": false, "electrified": "contact_line", "frequency": "50", "gauge": "1676", "usage": "main", "voltage": "25000" }, "osm_type": "way" }, "geometry": { "type": "MultiLineString", "coordinates": [ [ [ 72.5888398, 23.071981 ], [ 72.5890505, 23.0724863 ] ], [ [ 72.5890505, 23.0724863 ], [ 72.5892378, 23.0727881 ] ], [ [ 72.5892378, 23.0727881 ], [ 72.5894378, 23.0733142 ] ], [ [ 72.5894378, 23.0733142 ], [ 72.5894938, 23.0735376 ] ], [ [ 72.5894938, 23.0735376 ], [ 72.5895204, 23.0737487 ] ], [ [ 72.5895204, 23.0737487 ], [ 72.5895412, 23.0740959 ] ], [ [ 72.5895412, 23.0740959 ], [ 72.5895621, 23.0746709 ] ], [ [ 72.5895621, 23.0746709 ], [ 72.5895564, 23.07495 ] ], [ [ 72.5895564, 23.07495 ], [ 72.589527, 23.0751969 ] ], [ [ 72.589527, 23.0751969 ], [ 72.5894686, 23.0754496 ] ], [ [ 72.5894686, 23.0754496 ], [ 72.5894122, 23.0756523 ] ], [ [ 72.5894122, 23.0756523 ], [ 72.5893117, 23.0760083 ] ], [ [ 72.5893117, 23.0760083 ], [ 72.5892159, 23.076304 ] ], [ [ 72.5892159, 23.076304 ], [ 72.5885153, 23.0778134 ] ] ] } },
{ "type": "Feature", "properties": { "construction": null, "disused": null, "light_rail": null, "monorail": null, "railway": "subway", "station": null, "subway": null, "id": 1317340807, "timestamp": 1733047023, "version": 2, "tags": { "visible": false, "bridge": "viaduct", "layer": "1", "name": "Line 3: GIFT City-GNLU: 5.416 km", "start_date": "2024-09-17" }, "osm_type": "way" }, "geometry": { "type": "MultiLineString", "coordinates": [ [ [ 72.6874285, 23.1569538 ], [ 72.6863918, 23.154916 ] ], [ [ 72.6863918, 23.154916 ], [ 72.6855844, 23.153345 ] ] ] } },
{ "type": "Feature", "properties": { "construction": null, "disused": null, "light_rail": null, "monorail": null, "railway": "subway", "station": null, "subway": null, "id": 1317340808, "timestamp": 1733047023, "version": 2, "tags": { "visible": false, "bridge": "viaduct", "layer": "1", "name": "Line 3: GNLU–GIFT City: 5.416 km", "start_date": "2024-09-17" }, "osm_type": "way" }, "geometry": { "type": "MultiLineString", "coordinates": [ [ [ 72.6855201, 23.1533672 ], [ 72.6863328, 23.1549456 ] ], [ [ 72.6863328, 23.1549456 ], [ 72.6873755, 23.1569558 ] ] ] } },
{ "type": "Feature", "properties": { "construction": null, "disused": null, "light_rail": null, "monorail": null, "railway": "subway", "station": null, "subway": null, "id": 1317340809, "timestamp": 1749312959, "version": 5, "tags": { "visible": false, "bridge": "viaduct", "layer": "1", "name": "Red Line, Ahmedabad Metro", "start_date": "2024-09-17" }, "osm_type": "way" }, "geometry": { "type": "MultiLineString", "coordinates": [ [ [ 72.6463737, 23.1519355 ], [ 72.6453699, 23.1501604 ] ], [ [ 72.6453699, 23.1501604 ], [ 72.6443621, 23.1483761 ] ], [ [ 72.6443621, 23.1483761 ], [ 72.6439246, 23.147591 ] ], [ [ 72.6439246, 23.147591 ], [ 72.6428817, 23.1457685 ] ], [ [ 72.6428817, 23.1457685 ], [ 72.6426338, 23.1453865 ] ], [ [ 72.6426338, 23.1453865 ], [ 72.6423852, 23.1451077 ] ], [ [ 72.6423852, 23.1451077 ], [ 72.6403167, 23.1433188 ] ], [ [ 72.6403167, 23.1433188 ], [ 72.6392036, 23.1424215 ] ], [ [ 72.6392036, 23.1424215 ], [ 72.6386326, 23.1419589 ] ], [ [ 72.6386326, 23.1419589 ], [ 72.637782, 23.1412576 ] ], [ [ 72.637782, 23.1412576 ], [ 72.6374926, 23.1409593 ] ], [ [ 72.6374926, 23.1409593 ], [ 72.6373127, 23.1407324 ] ], [ [ 72.6373127, 23.1407324 ], [ 72.6371789, 23.1404622 ] ], [ [ 72.6371789, 23.1404622 ], [ 72.637106, 23.1401948 ] ], [ [ 72.637106, 23.1401948 ], [ 72.6368704, 23.1390489 ] ], [ [ 72.6368704, 23.1390489 ], [ 72.6362233, 23.1361931 ] ], [ [ 72.6362233, 23.1361931 ], [ 72.6361984, 23.1361145 ] ], [ [ 72.6361984, 23.1361145 ], [ 72.6361669, 23.1360379 ] ], [ [ 72.6361669, 23.1360379 ], [ 72.6361292, 23.1359638 ] ], [ [ 72.6361292, 23.1359638 ], [ 72.6360853, 23.1358926 ] ], [ [ 72.6360853, 23.1358926 ], [ 72.6360348, 23.1358237 ] ], [ [ 72.6360348, 23.1358237 ], [ 72.6359786, 23.1357587 ] ], [ [ 72.6359786, 23.1357587 ], [ 72.635917, 23.135698 ] ], [ [ 72.635917, 23.135698 ], [ 72.635853, 23.135644 ] ], [ [ 72.635853, 23.135644 ], [ 72.6330207, 23.1338037 ] ], [ [ 72.6330207, 23.1338037 ], [ 72.631702, 23.1327563 ] ], [ [ 72.631702, 23.1327563 ], [ 72.6310536, 23.1322412 ] ], [ [ 72.6310536, 23.1322412 ], [ 72.6221083, 23.1251343 ] ], [ [ 72.6221083, 23.1251343 ], [ 72.6181397, 23.1219812 ] ], [ [ 72.6181397, 23.1219812 ], [ 72.6158135, 23.1201105 ] ], [ [ 72.6158135, 23.1201105 ], [ 72.6132473, 23.1180342 ] ], [ [ 72.6132473, 23.1180342 ], [ 72.6083924, 23.114189 ] ], [ [ 72.6083924, 23.114189 ], [ 72.6076758, 23.1136395 ] ], [ [ 72.6076758, 23.1136395 ], [ 72.6073134, 23.1133579 ] ], [ [ 72.6073134, 23.1133579 ], [ 72.6071672, 23.1132126 ] ], [ [ 72.6071672, 23.1132126 ], [ 72.6069848, 23.1129646 ] ], [ [ 72.6069848, 23.1129646 ], [ 72.6067754, 23.1126268 ] ], [ [ 72.6067754, 23.1126268 ], [ 72.6062593, 23.1116488 ] ], [ [ 72.6062593, 23.1116488 ], [ 72.6053166, 23.1097783 ] ], [ [ 72.6053166, 23.1097783 ], [ 72.6038173, 23.1066596 ] ], [ [ 72.6038173, 23.1066596 ], [ 72.6030649, 23.1050992 ] ], [ [ 72.6030649, 23.1050992 ], [ 72.6023432, 23.1035368 ] ], [ [ 72.6023432, 23.1035368 ], [ 72.602153, 23.1031046 ] ], [ [ 72.602153, 23.1031046 ], [ 72.6015972, 23.1020203 ] ], [ [ 72.6015972, 23.1020203 ], [ 72.6014214, 23.1016354 ] ], [ [ 72.6014214, 23.1016354 ], [ 72.6012425, 23.1012645 ] ], [ [ 72.6012425, 23.1012645 ], [ 72.6008386, 23.1008023 ] ], [ [ 72.6008386, 23.1008023 ], [ 72.6001689, 23.1001994 ] ], [ [ 72.6001689, 23.1001994 ], [ 72.5990712, 23.0991893 ] ], [ [ 72.5990712, 23.0991893 ], [ 72.5985224, 23.0986762 ] ], [ [ 72.5985224, 23.0986762 ], [ 72.5979343, 23.0982224 ] ], [ [ 72.5979343, 23.0982224 ], [ 72.5976174, 23.0979993 ] ], [ [ 72.5976174, 23.0979993 ], [ 72.5974293, 23.0978303 ] ], [ [ 72.5974293, 23.0978303 ], [ 72.5972659, 23.0976316 ] ], [ [ 72.5972659, 23.0976316 ], [ 72.5971454, 23.0974742 ] ], [ [ 72.5971454, 23.0974742 ], [ 72.5970447, 23.0972992 ] ], [ [ 72.5970447, 23.0972992 ], [ 72.5968328, 23.0969417 ] ], [ [ 72.5968328, 23.0969417 ], [ 72.5967207, 23.0967601 ] ] ] } },
{ "type": "Feature", "properties": { "construction": null, "disused": null, "light_rail": null, "monorail": null, "railway": "subway", "station": null, "subway": null, "id": 1317340810, "timestamp": 1749312959, "version": 5, "tags": { "visible": false, "bridge": "viaduct", "layer": "1", "name": "Red Line, Ahmedabad Metro", "start_date": "2024-09-17" }, "osm_type": "way" }, "geometry": { "type": "MultiLineString", "coordinates": [ [ [ 72.5966689, 23.0967876 ], [ 72.5970192, 23.0973126 ] ], [ [ 72.5970192, 23.0973126 ], [ 72.5971203, 23.0974883 ] ], [ [ 72.5971203, 23.0974883 ], [ 72.5972423, 23.0976477 ] ], [ [ 72.5972423, 23.0976477 ], [ 72.5974068, 23.0978476 ] ], [ [ 72.5974068, 23.0978476 ], [ 72.5975972, 23.0980189 ] ], [ [ 72.5975972, 23.0980189 ], [ 72.5979156, 23.0982431 ] ], [ [ 72.5979156, 23.0982431 ], [ 72.5985026, 23.098696 ] ], [ [ 72.5985026, 23.098696 ], [ 72.5990503, 23.0992082 ] ], [ [ 72.5990503, 23.0992082 ], [ 72.600148, 23.1002182 ] ], [ [ 72.600148, 23.1002182 ], [ 72.6008176, 23.1008211 ] ], [ [ 72.6008176, 23.1008211 ], [ 72.6012189, 23.1012808 ] ], [ [ 72.6012189, 23.1012808 ], [ 72.6013979, 23.1016573 ] ], [ [ 72.6013979, 23.1016573 ], [ 72.6015702, 23.102031 ] ], [ [ 72.6015702, 23.102031 ], [ 72.6021114, 23.1031194 ] ], [ [ 72.6021114, 23.1031194 ], [ 72.6023162, 23.1035474 ] ], [ [ 72.6023162, 23.1035474 ], [ 72.6030341, 23.1051103 ] ], [ [ 72.6030341, 23.1051103 ], [ 72.6037851, 23.1066732 ] ], [ [ 72.6037851, 23.1066732 ], [ 72.6052796, 23.109788 ] ], [ [ 72.6052796, 23.109788 ], [ 72.6062329, 23.1116605 ] ], [ [ 72.6062329, 23.1116605 ], [ 72.606723, 23.1126125 ] ], [ [ 72.606723, 23.1126125 ], [ 72.6068699, 23.1128816 ] ], [ [ 72.6068699, 23.1128816 ], [ 72.6070935, 23.1131858 ] ], [ [ 72.6070935, 23.1131858 ], [ 72.6072711, 23.1133647 ] ], [ [ 72.6072711, 23.1133647 ], [ 72.6076649, 23.1136703 ] ], [ [ 72.6076649, 23.1136703 ], [ 72.608378, 23.1142071 ] ], [ [ 72.608378, 23.1142071 ], [ 72.6132281, 23.1180546 ] ], [ [ 72.6132281, 23.1180546 ], [ 72.615784, 23.1201413 ] ], [ [ 72.615784, 23.1201413 ], [ 72.6181204, 23.1220015 ] ], [ [ 72.6181204, 23.1220015 ], [ 72.6220892, 23.1251547 ] ], [ [ 72.6220892, 23.1251547 ], [ 72.6310326, 23.1322601 ] ], [ [ 72.6310326, 23.1322601 ], [ 72.6316817, 23.1327758 ] ], [ [ 72.6316817, 23.1327758 ], [ 72.6330013, 23.1338241 ] ], [ [ 72.6330013, 23.1338241 ], [ 72.6357936, 23.1357036 ] ], [ [ 72.6357936, 23.1357036 ], [ 72.635855, 23.1357554 ] ], [ [ 72.635855, 23.1357554 ], [ 72.6359119, 23.1358115 ] ], [ [ 72.6359119, 23.1358115 ], [ 72.6359639, 23.1358716 ] ], [ [ 72.6359639, 23.1358716 ], [ 72.6360105, 23.1359352 ] ], [ [ 72.6360105, 23.1359352 ], [ 72.636051, 23.1360009 ] ], [ [ 72.636051, 23.1360009 ], [ 72.6360859, 23.1360694 ] ], [ [ 72.6360859, 23.1360694 ], [ 72.6361149, 23.1361401 ] ], [ [ 72.6361149, 23.1361401 ], [ 72.6361379, 23.1362127 ] ], [ [ 72.6361379, 23.1362127 ], [ 72.6367843, 23.1390651 ] ], [ [ 72.6367843, 23.1390651 ], [ 72.6371209, 23.1404514 ] ], [ [ 72.6371209, 23.1404514 ], [ 72.637213, 23.1406486 ] ], [ [ 72.637213, 23.1406486 ], [ 72.6374345, 23.1409517 ] ], [ [ 72.6374345, 23.1409517 ], [ 72.6376723, 23.1412204 ] ], [ [ 72.6376723, 23.1412204 ], [ 72.6378081, 23.1413165 ] ], [ [ 72.6378081, 23.1413165 ], [ 72.6385841, 23.1420026 ] ], [ [ 72.6385841, 23.1420026 ], [ 72.6391897, 23.1424888 ] ], [ [ 72.6391897, 23.1424888 ], [ 72.6402578, 23.1433788 ] ], [ [ 72.6402578, 23.1433788 ], [ 72.6423365, 23.1451201 ] ], [ [ 72.6423365, 23.1451201 ], [ 72.6425677, 23.1453828 ] ], [ [ 72.6425677, 23.1453828 ], [ 72.6428344, 23.1457848 ] ], [ [ 72.6428344, 23.1457848 ], [ 72.643885, 23.1476221 ] ], [ [ 72.643885, 23.1476221 ], [ 72.6443354, 23.1483873 ] ], [ [ 72.6443354, 23.1483873 ], [ 72.6453439, 23.1501729 ] ], [ [ 72.6453439, 23.1501729 ], [ 72.6463473, 23.1519472 ] ] ] } },
{ "type": "Feature", "properties": { "construction": null, "disused": null, "light_rail": null, "monorail": null, "railway": "subway", "station": null, "subway": null, "id": 1339195279, "timestamp": 1735747265, "version": 3, "tags": { "visible": false, "electrified": "rail", "gauge": "1435", "service": "yard" }, "osm_type": "way" }, "geometry": { "type": "MultiLineString", "coordinates": [ [ [ 72.5286764, 22.9844497 ], [ 72.5285753, 22.9844456 ] ], [ [ 72.5285753, 22.9844456 ], [ 72.5284973, 22.9844433 ] ], [ [ 72.5284973, 22.9844433 ], [ 72.5283815, 22.9844436 ] ], [ [ 72.5283815, 22.9844436 ], [ 72.5282789, 22.9844374 ] ], [ [ 72.5282789, 22.9844374 ], [ 72.5281971, 22.9844263 ] ], [ [ 72.5281971, 22.9844263 ], [ 72.5281443, 22.984417 ] ], [ [ 72.5281443, 22.984417 ], [ 72.5278303, 22.9843448 ] ], [ [ 72.5278303, 22.9843448 ], [ 72.5278002, 22.9843378 ] ] ] } },
{ "type": "Feature", "properties": { "construction": null, "disused": null, "light_rail": null, "monorail": null, "railway": "subway", "station": null, "subway": null, "id": 1339195280, "timestamp": 1735747265, "version": 3, "tags": { "visible": false, "electrified": "rail", "gauge": "1435", "service": "yard" }, "osm_type": "way" }, "geometry": { "type": "MultiLineString", "coordinates": [ [ [ 72.5289474, 22.9844755 ], [ 72.5288315, 22.9844721 ] ], [ [ 72.5288315, 22.9844721 ], [ 72.528753, 22.9844721 ] ], [ [ 72.528753, 22.9844721 ], [ 72.5283647, 22.9844837 ] ], [ [ 72.5283647, 22.9844837 ], [ 72.5283151, 22.9844826 ] ], [ [ 72.5283151, 22.9844826 ], [ 72.5282287, 22.9844745 ] ], [ [ 72.5282287, 22.9844745 ], [ 72.528162, 22.984465 ] ], [ [ 72.528162, 22.984465 ], [ 72.5278191, 22.9843854 ] ], [ [ 72.5278191, 22.9843854 ], [ 72.527789, 22.9843787 ] ] ] } },
{ "type": "Feature", "properties": { "construction": null, "disused": null, "light_rail": null, "monorail": null, "railway": "subway", "station": null, "subway": null, "id": 1339195281, "timestamp": 1735747265, "version": 3, "tags": { "visible": false, "electrified": "rail", "gauge": "1435", "service": "yard" }, "osm_type": "way" }, "geometry": { "type": "MultiLineString", "coordinates": [ [ [ 72.5292282, 22.9845003 ], [ 72.5289474, 22.9844755 ] ], [ [ 72.5289474, 22.9844755 ], [ 72.5286764, 22.9844497 ] ], [ [ 72.5286764, 22.9844497 ], [ 72.5284869, 22.9844275 ] ], [ [ 72.5284869, 22.9844275 ], [ 72.5284163, 22.9844206 ] ], [ [ 72.5284163, 22.9844206 ], [ 72.5283567, 22.9844166 ] ], [ [ 72.5283567, 22.9844166 ], [ 72.5282912, 22.9844067 ] ], [ [ 72.5282912, 22.9844067 ], [ 72.5282054, 22.9843882 ] ], [ [ 72.5282054, 22.9843882 ], [ 72.5278425, 22.9843004 ] ], [ [ 72.5278425, 22.9843004 ], [ 72.5278123, 22.9842933 ] ] ] } },
{ "type": "Feature", "properties": { "construction": null, "disused": null, "light_rail": null, "monorail": null, "railway": "subway", "station": null, "subway": null, "id": 1339195282, "timestamp": 1735747265, "version": 3, "tags": { "visible": false, "electrified": "rail", "gauge": "1435", "service": "yard" }, "osm_type": "way" }, "geometry": { "type": "MultiLineString", "coordinates": [ [ [ 72.5295034, 22.984528 ], [ 72.5292282, 22.9845003 ] ], [ [ 72.5292282, 22.9845003 ], [ 72.5291173, 22.9844969 ] ], [ [ 72.5291173, 22.9844969 ], [ 72.5290408, 22.9844985 ] ], [ [ 72.5290408, 22.9844985 ], [ 72.528808, 22.9845068 ] ], [ [ 72.528808, 22.9845068 ], [ 72.5284094, 22.9845225 ] ], [ [ 72.5284094, 22.9845225 ], [ 72.5283286, 22.9845234 ] ], [ [ 72.5283286, 22.9845234 ], [ 72.5282441, 22.9845167 ] ], [ [ 72.5282441, 22.9845167 ], [ 72.5281769, 22.9845072 ] ], [ [ 72.5281769, 22.9845072 ], [ 72.528118, 22.9844954 ] ], [ [ 72.528118, 22.9844954 ], [ 72.5278086, 22.9844238 ] ], [ [ 72.5278086, 22.9844238 ], [ 72.5277787, 22.9844169 ] ] ] } },
{ "type": "Feature", "properties": { "construction": null, "disused": null, "light_rail": null, "monorail": null, "railway": "subway", "station": null, "subway": null, "id": 1339195283, "timestamp": 1734449797, "version": 2, "tags": { "visible": false, "electrified": "rail", "gauge": "1435", "service": "yard" }, "osm_type": "way" }, "geometry": { "type": "MultiLineString", "coordinates": [ [ [ 72.5286752, 22.9845843 ], [ 72.528415, 22.9845973 ] ], [ [ 72.528415, 22.9845973 ], [ 72.5282414, 22.9845997 ] ], [ [ 72.5282414, 22.9845997 ], [ 72.5281025, 22.9845818 ] ], [ [ 72.5281025, 22.9845818 ], [ 72.5277844, 22.9845118 ] ], [ [ 72.5277844, 22.9845118 ], [ 72.5277546, 22.9845052 ] ] ] } },
{ "type": "Feature", "properties": { "construction": null, "disused": null, "light_rail": null, "monorail": null, "railway": "subway", "station": null, "subway": null, "id": 1339195284, "timestamp": 1735747265, "version": 3, "tags": { "visible": false, "electrified": "rail", "gauge": "1435", "service": "yard" }, "osm_type": "way" }, "geometry": { "type": "MultiLineString", "coordinates": [ [ [ 72.5297928, 22.9845566 ], [ 72.529645, 22.9845404 ] ], [ [ 72.529645, 22.9845404 ], [ 72.5295034, 22.984528 ] ], [ [ 72.5295034, 22.984528 ], [ 72.5293923, 22.9845236 ] ], [ [ 72.5293923, 22.9845236 ], [ 72.5293217, 22.9845232 ] ], [ [ 72.5293217, 22.9845232 ], [ 72.5290172, 22.9845312 ] ], [ [ 72.5290172, 22.9845312 ], [ 72.5288127, 22.9845578 ] ], [ [ 72.5288127, 22.9845578 ], [ 72.5286752, 22.9845843 ] ], [ [ 72.5286752, 22.9845843 ], [ 72.5285196, 22.9846133 ] ], [ [ 72.5285196, 22.9846133 ], [ 72.5284117, 22.9846294 ] ], [ [ 72.5284117, 22.9846294 ], [ 72.5283225, 22.9846337 ] ], [ [ 72.5283225, 22.9846337 ], [ 72.5282393, 22.9846343 ] ], [ [ 72.5282393, 22.9846343 ], [ 72.5281113, 22.9846257 ] ], [ [ 72.5281113, 22.9846257 ], [ 72.5277745, 22.9845477 ] ], [ [ 72.5277745, 22.9845477 ], [ 72.5277449, 22.9845409 ] ] ] } },
{ "type": "Feature", "properties": { "construction": null, "disused": null, "light_rail": null, "monorail": null, "railway": "subway", "station": null, "subway": null, "id": 1339195285, "timestamp": 1734449797, "version": 2, "tags": { "visible": false, "electrified": "rail", "gauge": "1435", "service": "yard" }, "osm_type": "way" }, "geometry": { "type": "MultiLineString", "coordinates": [ [ [ 72.5287265, 22.9846186 ], [ 72.5285404, 22.9846491 ] ], [ [ 72.5285404, 22.9846491 ], [ 72.5284211, 22.9846658 ] ], [ [ 72.5284211, 22.9846658 ], [ 72.5283057, 22.9846744 ] ], [ [ 72.5283057, 22.9846744 ], [ 72.5282051, 22.9846732 ] ], [ [ 72.5282051, 22.9846732 ], [ 72.5280724, 22.9846596 ] ], [ [ 72.5280724, 22.9846596 ], [ 72.5277629, 22.9845899 ] ], [ [ 72.5277629, 22.9845899 ], [ 72.5277334, 22.9845833 ] ] ] } },
{ "type": "Feature", "properties": { "construction": null, "disused": null, "light_rail": null, "monorail": null, "railway": "subway", "station": null, "subway": null, "id": 1339195286, "timestamp": 1734449797, "version": 2, "tags": { "visible": false, "electrified": "rail", "gauge": "1435", "service": "yard" }, "osm_type": "way" }, "geometry": { "type": "MultiLineString", "coordinates": [ [ [ 72.5294225, 22.9845566 ], [ 72.5291058, 22.9845666 ] ], [ [ 72.5291058, 22.9845666 ], [ 72.5289787, 22.9845762 ] ], [ [ 72.5289787, 22.9845762 ], [ 72.528864, 22.9845911 ] ], [ [ 72.528864, 22.9845911 ], [ 72.5287265, 22.9846186 ] ], [ [ 72.5287265, 22.9846186 ], [ 72.528615, 22.9846526 ] ], [ [ 72.528615, 22.9846526 ], [ 72.5284254, 22.9846967 ] ], [ [ 72.5284254, 22.9846967 ], [ 72.5283377, 22.9847115 ] ], [ [ 72.5283377, 22.9847115 ], [ 72.5282566, 22.9847181 ] ], [ [ 72.5282566, 22.9847181 ], [ 72.5281399, 22.9847185 ] ], [ [ 72.5281399, 22.9847185 ], [ 72.5280342, 22.9847081 ] ], [ [ 72.5280342, 22.9847081 ], [ 72.5276815, 22.9846286 ] ], [ [ 72.5276815, 22.9846286 ], [ 72.5276541, 22.9846224 ] ] ] } },
{ "type": "Feature", "properties": { "construction": null, "disused": null, "light_rail": null, "monorail": null, "railway": "subway", "station": null, "subway": null, "id": 1339195287, "timestamp": 1734449797, "version": 2, "tags": { "visible": false, "electrified": "rail", "gauge": "1435", "service": "yard" }, "osm_type": "way" }, "geometry": { "type": "MultiLineString", "coordinates": [ [ [ 72.5284662, 22.9852532 ], [ 72.5282604, 22.9853571 ] ], [ [ 72.5282604, 22.9853571 ], [ 72.5281708, 22.9853933 ] ], [ [ 72.5281708, 22.9853933 ], [ 72.5280782, 22.9854223 ] ], [ [ 72.5280782, 22.9854223 ], [ 72.5279833, 22.9854441 ] ], [ [ 72.5279833, 22.9854441 ], [ 72.5278867, 22.9854584 ] ], [ [ 72.5278867, 22.9854584 ], [ 72.5277902, 22.9854652 ] ], [ [ 72.5277902, 22.9854652 ], [ 72.5276933, 22.9854645 ] ], [ [ 72.5276933, 22.9854645 ], [ 72.5275728, 22.9854485 ] ], [ [ 72.5275728, 22.9854485 ], [ 72.5274728, 22.98543 ] ], [ [ 72.5274728, 22.98543 ], [ 72.5274492, 22.9854255 ] ] ] } },
{ "type": "Feature", "properties": { "construction": null, "disused": null, "light_rail": null, "monorail": null, "railway": "subway", "station": null, "subway": null, "id": 1339195288, "timestamp": 1734449797, "version": 2, "tags": { "visible": false, "electrified": "rail", "gauge": "1435", "service": "yard" }, "osm_type": "way" }, "geometry": { "type": "MultiLineString", "coordinates": [ [ [ 72.5286786, 22.9851164 ], [ 72.5284662, 22.9852532 ] ], [ [ 72.5284662, 22.9852532 ], [ 72.5282514, 22.985401 ] ], [ [ 72.5282514, 22.985401 ], [ 72.528195, 22.9854368 ] ], [ [ 72.528195, 22.9854368 ], [ 72.5281359, 22.9854688 ] ], [ [ 72.5281359, 22.9854688 ], [ 72.5280744, 22.9854967 ] ], [ [ 72.5280744, 22.9854967 ], [ 72.5279902, 22.985527 ] ], [ [ 72.5279902, 22.985527 ], [ 72.5279032, 22.9855497 ] ], [ [ 72.5279032, 22.9855497 ], [ 72.5278143, 22.9855647 ] ], [ [ 72.5278143, 22.9855647 ], [ 72.5277242, 22.9855716 ] ], [ [ 72.5277242, 22.9855716 ], [ 72.5276338, 22.9855706 ] ], [ [ 72.5276338, 22.9855706 ], [ 72.527544, 22.9855615 ] ], [ [ 72.527544, 22.9855615 ], [ 72.5274435, 22.9855426 ] ], [ [ 72.5274435, 22.9855426 ], [ 72.527419, 22.9855379 ] ] ] } },
{ "type": "Feature", "properties": { "construction": null, "disused": null, "light_rail": null, "monorail": null, "railway": "subway", "station": null, "subway": null, "id": 1339195289, "timestamp": 1734449797, "version": 2, "tags": { "visible": false, "electrified": "rail", "gauge": "1435", "service": "yard" }, "osm_type": "way" }, "geometry": { "type": "MultiLineString", "coordinates": [ [ [ 72.5271558, 22.9855729 ], [ 72.5267876, 22.9855399 ] ], [ [ 72.5267876, 22.9855399 ], [ 72.5266131, 22.9854998 ] ], [ [ 72.5266131, 22.9854998 ], [ 72.5265913, 22.9854948 ] ] ] } },
{ "type": "Feature", "properties": { "construction": null, "disused": null, "light_rail": null, "monorail": null, "railway": "subway", "station": null, "subway": null, "id": 1339195290, "timestamp": 1734449797, "version": 2, "tags": { "visible": false, "electrified": "rail", "gauge": "1435", "service": "yard" }, "osm_type": "way" }, "geometry": { "type": "MultiLineString", "coordinates": [ [ [ 72.528922, 22.9849504 ], [ 72.5286786, 22.9851164 ] ], [ [ 72.5286786, 22.9851164 ], [ 72.5284546, 22.9853103 ] ], [ [ 72.5284546, 22.9853103 ], [ 72.5283811, 22.9853761 ] ], [ [ 72.5283811, 22.9853761 ], [ 72.5283016, 22.9854358 ] ], [ [ 72.5283016, 22.9854358 ], [ 72.5282169, 22.9854889 ] ], [ [ 72.5282169, 22.9854889 ], [ 72.5281274, 22.985535 ] ], [ [ 72.5281274, 22.985535 ], [ 72.5280378, 22.9855722 ] ], [ [ 72.5280378, 22.9855722 ], [ 72.5279451, 22.9856025 ] ], [ [ 72.5279451, 22.9856025 ], [ 72.52785, 22.9856255 ] ], [ [ 72.52785, 22.9856255 ], [ 72.5277532, 22.9856411 ] ], [ [ 72.5277532, 22.9856411 ], [ 72.5275929, 22.9856461 ] ], [ [ 72.5275929, 22.9856461 ], [ 72.5274595, 22.9856374 ] ], [ [ 72.5274595, 22.9856374 ], [ 72.5274203, 22.9856316 ] ], [ [ 72.5274203, 22.9856316 ], [ 72.5273763, 22.9856251 ] ], [ [ 72.5273763, 22.9856251 ], [ 72.5271558, 22.9855729 ] ], [ [ 72.5271558, 22.9855729 ], [ 72.5266058, 22.9854427 ] ] ] } },
{ "type": "Feature", "properties": { "construction": null, "disused": null, "light_rail": null, "monorail": null, "railway": "subway", "station": null, "subway": null, "id": 1339195291, "timestamp": 1734449797, "version": 2, "tags": { "visible": false, "electrified": "rail", "gauge": "1435", "service": "yard" }, "osm_type": "way" }, "geometry": { "type": "MultiLineString", "coordinates": [ [ [ 72.529127, 22.9848067 ], [ 72.528922, 22.9849504 ] ], [ [ 72.528922, 22.9849504 ], [ 72.5287268, 22.9851189 ] ], [ [ 72.5287268, 22.9851189 ], [ 72.5285927, 22.9852609 ] ], [ [ 72.5285927, 22.9852609 ], [ 72.5283842, 22.9855282 ] ], [ [ 72.5283842, 22.9855282 ], [ 72.5282655, 22.9856498 ] ], [ [ 72.5282655, 22.9856498 ], [ 72.5281683, 22.9857313 ] ], [ [ 72.5281683, 22.9857313 ], [ 72.5280851, 22.9857902 ] ], [ [ 72.5280851, 22.9857902 ], [ 72.5279962, 22.9858415 ] ], [ [ 72.5279962, 22.9858415 ], [ 72.5279022, 22.9858845 ] ], [ [ 72.5279022, 22.9858845 ], [ 72.5278042, 22.9859189 ] ], [ [ 72.5278042, 22.9859189 ], [ 72.5277026, 22.9859445 ] ], [ [ 72.5277026, 22.9859445 ], [ 72.5275987, 22.9859608 ] ], [ [ 72.5275987, 22.9859608 ], [ 72.5274937, 22.9859678 ] ], [ [ 72.5274937, 22.9859678 ], [ 72.5273884, 22.9859652 ] ], [ [ 72.5273884, 22.9859652 ], [ 72.5273344, 22.9859614 ] ], [ [ 72.5273344, 22.9859614 ], [ 72.5272758, 22.9859572 ] ], [ [ 72.5272758, 22.9859572 ], [ 72.5271611, 22.9859344 ] ], [ [ 72.5271611, 22.9859344 ], [ 72.5258029, 22.9856217 ] ] ] } },
{ "type": "Feature", "properties": { "construction": null, "disused": null, "light_rail": null, "monorail": null, "railway": "subway", "station": null, "subway": null, "id": 1339195292, "timestamp": 1734449797, "version": 2, "tags": { "visible": false, "electrified": "rail", "gauge": "1435", "service": "yard" }, "osm_type": "way" }, "geometry": { "type": "MultiLineString", "coordinates": [ [ [ 72.528578, 22.9850819 ], [ 72.5283694, 22.9852251 ] ], [ [ 72.5283694, 22.9852251 ], [ 72.5282004, 22.9853016 ] ], [ [ 72.5282004, 22.9853016 ], [ 72.5281053, 22.9853371 ] ], [ [ 72.5281053, 22.9853371 ], [ 72.5280069, 22.9853637 ] ], [ [ 72.5280069, 22.9853637 ], [ 72.5279061, 22.9853813 ] ], [ [ 72.5279061, 22.9853813 ], [ 72.5278038, 22.9853896 ] ], [ [ 72.5278038, 22.9853896 ], [ 72.5277011, 22.9853885 ] ], [ [ 72.5277011, 22.9853885 ], [ 72.527599, 22.9853782 ] ], [ [ 72.527599, 22.9853782 ], [ 72.5274913, 22.9853589 ] ], [ [ 72.5274913, 22.9853589 ], [ 72.5274683, 22.9853548 ] ] ] } },
{ "type": "Feature", "properties": { "construction": null, "disused": null, "light_rail": null, "monorail": null, "railway": "subway", "station": null, "subway": null, "id": 1339195293, "timestamp": 1734449797, "version": 2, "tags": { "visible": false, "electrified": "rail", "gauge": "1435", "service": "yard" }, "osm_type": "way" }, "geometry": { "type": "MultiLineString", "coordinates": [ [ [ 72.5288234, 22.9849547 ], [ 72.528578, 22.9850819 ] ], [ [ 72.528578, 22.9850819 ], [ 72.5283956, 22.9851658 ] ], [ [ 72.5283956, 22.9851658 ], [ 72.5282476, 22.9852253 ] ], [ [ 72.5282476, 22.9852253 ], [ 72.5281461, 22.9852528 ] ], [ [ 72.5281461, 22.9852528 ], [ 72.528039, 22.9852751 ] ], [ [ 72.528039, 22.9852751 ], [ 72.5279626, 22.9852842 ] ], [ [ 72.5279626, 22.9852842 ], [ 72.5279, 22.9852869 ] ], [ [ 72.5279, 22.9852869 ], [ 72.5278142, 22.9852877 ] ], [ [ 72.5278142, 22.9852877 ], [ 72.5277142, 22.9852781 ] ], [ [ 72.5277142, 22.9852781 ], [ 72.5275994, 22.9852602 ] ], [ [ 72.5275994, 22.9852602 ], [ 72.5275219, 22.9852416 ] ], [ [ 72.5275219, 22.9852416 ], [ 72.5275001, 22.9852364 ] ] ] } },
{ "type": "Feature", "properties": { "construction": null, "disused": null, "light_rail": null, "monorail": null, "railway": "subway", "station": null, "subway": null, "id": 1339195294, "timestamp": 1735747265, "version": 3, "tags": { "visible": false, "electrified": "rail", "gauge": "1435", "service": "yard" }, "osm_type": "way" }, "geometry": { "type": "MultiLineString", "coordinates": [ [ [ 72.5286829, 22.9846972 ], [ 72.5285046, 22.9847386 ] ], [ [ 72.5285046, 22.9847386 ], [ 72.5283552, 22.9847748 ] ], [ [ 72.5283552, 22.9847748 ], [ 72.5282534, 22.9847961 ] ], [ [ 72.5282534, 22.9847961 ], [ 72.5281683, 22.9848096 ] ], [ [ 72.5281683, 22.9848096 ], [ 72.528066, 22.9848185 ] ], [ [ 72.528066, 22.9848185 ], [ 72.5279436, 22.9848189 ] ], [ [ 72.5279436, 22.9848189 ], [ 72.5278578, 22.9848115 ] ], [ [ 72.5278578, 22.9848115 ], [ 72.5276454, 22.9847673 ] ], [ [ 72.5276454, 22.9847673 ], [ 72.5276273, 22.9847636 ] ] ] } },
{ "type": "Feature", "properties": { "construction": null, "disused": null, "light_rail": null, "monorail": null, "railway": "subway", "station": null, "subway": null, "id": 1339195295, "timestamp": 1735747265, "version": 3, "tags": { "visible": false, "electrified": "rail", "gauge": "1435", "service": "yard" }, "osm_type": "way" }, "geometry": { "type": "MultiLineString", "coordinates": [ [ [ 72.5289519, 22.9846314 ], [ 72.5286829, 22.9846972 ] ], [ [ 72.5286829, 22.9846972 ], [ 72.5285687, 22.9847309 ] ], [ [ 72.5285687, 22.9847309 ], [ 72.5284979, 22.9847559 ] ], [ [ 72.5284979, 22.9847559 ], [ 72.528405, 22.9847923 ] ], [ [ 72.528405, 22.9847923 ], [ 72.5282869, 22.98483 ] ], [ [ 72.5282869, 22.98483 ], [ 72.5281951, 22.9848504 ] ], [ [ 72.5281951, 22.9848504 ], [ 72.5281213, 22.9848621 ] ], [ [ 72.5281213, 22.9848621 ], [ 72.528059, 22.9848689 ] ], [ [ 72.528059, 22.9848689 ], [ 72.5279872, 22.9848714 ] ], [ [ 72.5279872, 22.9848714 ], [ 72.5279248, 22.9848683 ] ], [ [ 72.5279248, 22.9848683 ], [ 72.5277886, 22.9848591 ] ], [ [ 72.5277886, 22.9848591 ], [ 72.5276294, 22.9848285 ] ], [ [ 72.5276294, 22.9848285 ], [ 72.5276108, 22.984825 ] ] ] } },
{ "type": "Feature", "properties": { "construction": null, "disused": null, "light_rail": null, "monorail": null, "railway": "subway", "station": null, "subway": null, "id": 1339195296, "timestamp": 1735747265, "version": 3, "tags": { "visible": false, "electrified": "rail", "gauge": "1435", "service": "yard" }, "osm_type": "way" }, "geometry": { "type": "MultiLineString", "coordinates": [ [ [ 72.530069, 22.9845947 ], [ 72.529976, 22.9845785 ] ], [ [ 72.529976, 22.9845785 ], [ 72.5298834, 22.9845644 ] ], [ [ 72.5298834, 22.9845644 ], [ 72.5297928, 22.9845566 ] ], [ [ 72.5297928, 22.9845566 ], [ 72.5294225, 22.9845566 ] ], [ [ 72.5294225, 22.9845566 ], [ 72.5293187, 22.9845671 ] ], [ [ 72.5293187, 22.9845671 ], [ 72.5292205, 22.9845793 ] ], [ [ 72.5292205, 22.9845793 ], [ 72.5290698, 22.9846063 ] ], [ [ 72.5290698, 22.9846063 ], [ 72.5289519, 22.9846314 ] ], [ [ 72.5289519, 22.9846314 ], [ 72.5288088, 22.9846752 ] ], [ [ 72.5288088, 22.9846752 ], [ 72.5286876, 22.9847194 ] ], [ [ 72.5286876, 22.9847194 ], [ 72.5284131, 22.9848246 ] ], [ [ 72.5284131, 22.9848246 ], [ 72.5282329, 22.9848857 ] ], [ [ 72.5282329, 22.9848857 ], [ 72.5280878, 22.9849115 ] ], [ [ 72.5280878, 22.9849115 ], [ 72.5280186, 22.9849141 ] ], [ [ 72.5280186, 22.9849141 ], [ 72.5278844, 22.9849154 ] ], [ [ 72.5278844, 22.9849154 ], [ 72.52779, 22.9849084 ] ], [ [ 72.52779, 22.9849084 ], [ 72.5276155, 22.9848819 ] ], [ [ 72.5276155, 22.9848819 ], [ 72.5275962, 22.9848791 ] ] ] } },
{ "type": "Feature", "properties": { "construction": null, "disused": null, "light_rail": null, "monorail": null, "railway": "subway", "station": null, "subway": null, "id": 1339195297, "timestamp": 1735747265, "version": 3, "tags": { "visible": false, "electrified": "rail", "gauge": "1435", "service": "yard" }, "osm_type": "way" }, "geometry": { "type": "MultiLineString", "coordinates": [ [ [ 72.5286157, 22.9843841 ], [ 72.5285194, 22.9843684 ] ], [ [ 72.5285194, 22.9843684 ], [ 72.528451, 22.9843539 ] ], [ [ 72.528451, 22.9843539 ], [ 72.5278722, 22.9842189 ] ], [ [ 72.5278722, 22.9842189 ], [ 72.5278653, 22.9842173 ] ], [ [ 72.5278653, 22.9842173 ], [ 72.5278348, 22.9842106 ] ] ] } },
{ "type": "Feature", "properties": { "construction": null, "disused": null, "light_rail": null, "monorail": null, "railway": "subway", "station": null, "subway": null, "id": 1339195298, "timestamp": 1735747265, "version": 3, "tags": { "visible": false, "electrified": "rail", "gauge": "1435", "service": "yard" }, "osm_type": "way" }, "geometry": { "type": "MultiLineString", "coordinates": [ [ [ 72.5289324, 22.9844138 ], [ 72.5288206, 22.9843962 ] ], [ [ 72.5288206, 22.9843962 ], [ 72.5287511, 22.9843802 ] ], [ [ 72.5287511, 22.9843802 ], [ 72.5278759, 22.9841788 ] ], [ [ 72.5278759, 22.9841788 ], [ 72.5278453, 22.9841719 ] ] ] } },
{ "type": "Feature", "properties": { "construction": null, "disused": null, "light_rail": null, "monorail": null, "railway": "subway", "station": null, "subway": null, "id": 1339195299, "timestamp": 1735747265, "version": 3, "tags": { "visible": false, "electrified": "rail", "gauge": "1435", "service": "yard" }, "osm_type": "way" }, "geometry": { "type": "MultiLineString", "coordinates": [ [ [ 72.5292456, 22.984443 ], [ 72.5291358, 22.9844263 ] ], [ [ 72.5291358, 22.9844263 ], [ 72.5290565, 22.9844103 ] ], [ [ 72.5290565, 22.9844103 ], [ 72.5278868, 22.9841392 ] ], [ [ 72.5278868, 22.9841392 ], [ 72.5278561, 22.9841321 ] ] ] } },
{ "type": "Feature", "properties": { "construction": null, "disused": null, "light_rail": null, "monorail": null, "railway": "subway", "station": null, "subway": null, "id": 1339195300, "timestamp": 1735747265, "version": 3, "tags": { "visible": false, "electrified": "rail", "gauge": "1435", "service": "yard" }, "osm_type": "way" }, "geometry": { "type": "MultiLineString", "coordinates": [ [ [ 72.5289718, 22.9843456 ], [ 72.5288705, 22.9843149 ] ], [ [ 72.5288705, 22.9843149 ], [ 72.5287961, 22.984289 ] ], [ [ 72.5287961, 22.984289 ], [ 72.5286774, 22.9842434 ] ], [ [ 72.5286774, 22.9842434 ], [ 72.5286077, 22.9842192 ] ], [ [ 72.5286077, 22.9842192 ], [ 72.5285371, 22.9841997 ] ], [ [ 72.5285371, 22.9841997 ], [ 72.5279091, 22.984058 ] ], [ [ 72.5279091, 22.984058 ], [ 72.5278782, 22.9840511 ] ] ] } },
{ "type": "Feature", "properties": { "construction": null, "disused": null, "light_rail": null, "monorail": null, "railway": "subway", "station": null, "subway": null, "id": 1339195301, "timestamp": 1735747265, "version": 3, "tags": { "visible": false, "electrified": "rail", "gauge": "1435", "service": "yard" }, "osm_type": "way" }, "geometry": { "type": "MultiLineString", "coordinates": [ [ [ 72.5294587, 22.9844127 ], [ 72.5292244, 22.9843911 ] ], [ [ 72.5292244, 22.9843911 ], [ 72.5291459, 22.9843816 ] ], [ [ 72.5291459, 22.9843816 ], [ 72.5290496, 22.9843634 ] ], [ [ 72.5290496, 22.9843634 ], [ 72.5289718, 22.9843456 ] ], [ [ 72.5289718, 22.9843456 ], [ 72.5278982, 22.9840976 ] ], [ [ 72.5278982, 22.9840976 ], [ 72.5278675, 22.9840905 ] ] ] } },
{ "type": "Feature", "properties": { "construction": null, "disused": null, "light_rail": null, "monorail": null, "railway": "subway", "station": null, "subway": null, "id": 1339195302, "timestamp": 1735747265, "version": 3, "tags": { "visible": false, "electrified": "rail", "gauge": "1435", "service": "yard" }, "osm_type": "way" }, "geometry": { "type": "MultiLineString", "coordinates": [ [ [ 72.528945, 22.9842925 ], [ 72.5286391, 22.9841888 ] ], [ [ 72.5286391, 22.9841888 ], [ 72.5285306, 22.9841573 ] ], [ [ 72.5285306, 22.9841573 ], [ 72.5279207, 22.9840155 ] ], [ [ 72.5279207, 22.9840155 ], [ 72.5278898, 22.9840083 ] ] ] } },
{ "type": "Feature", "properties": { "construction": null, "disused": null, "light_rail": null, "monorail": null, "railway": "subway", "station": null, "subway": null, "id": 1339195303, "timestamp": 1735747265, "version": 4, "tags": { "visible": false, "electrified": "rail", "gauge": "1435", "service": "yard" }, "osm_type": "way" }, "geometry": { "type": "MultiLineString", "coordinates": [ [ [ 72.5297378, 22.9844499 ], [ 72.5296493, 22.9844347 ] ], [ [ 72.5296493, 22.9844347 ], [ 72.5295848, 22.984426 ] ], [ [ 72.5295848, 22.984426 ], [ 72.5294587, 22.9844127 ] ], [ [ 72.5294587, 22.9844127 ], [ 72.5293474, 22.9843938 ] ], [ [ 72.5293474, 22.9843938 ], [ 72.5292602, 22.9843767 ] ], [ [ 72.5292602, 22.9843767 ], [ 72.5291617, 22.984354 ] ], [ [ 72.5291617, 22.984354 ], [ 72.5290564, 22.9843277 ] ], [ [ 72.5290564, 22.9843277 ], [ 72.528945, 22.9842925 ] ], [ [ 72.528945, 22.9842925 ], [ 72.5288437, 22.9842491 ] ], [ [ 72.5288437, 22.9842491 ], [ 72.5287852, 22.9842224 ] ], [ [ 72.5287852, 22.9842224 ], [ 72.528704, 22.9841834 ] ], [ [ 72.528704, 22.9841834 ], [ 72.5286377, 22.9841537 ] ], [ [ 72.5286377, 22.9841537 ], [ 72.5285576, 22.9841241 ] ], [ [ 72.5285576, 22.9841241 ], [ 72.5284639, 22.9840998 ] ], [ [ 72.5284639, 22.9840998 ], [ 72.5279323, 22.9839735 ] ], [ [ 72.5279323, 22.9839735 ], [ 72.5279012, 22.9839663 ] ] ] } },
{ "type": "Feature", "properties": { "construction": null, "disused": null, "light_rail": null, "monorail": null, "railway": "subway", "station": null, "subway": null, "id": 1339195304, "timestamp": 1735746303, "version": 2, "tags": { "visible": false, "electrified": "rail", "gauge": "1435", "service": "yard" }, "osm_type": "way" }, "geometry": { "type": "MultiLineString", "coordinates": [ [ [ 72.5292009, 22.9843001 ], [ 72.5288309, 22.9841589 ] ], [ [ 72.5288309, 22.9841589 ], [ 72.5287858, 22.9841417 ] ] ] } },
{ "type": "Feature", "properties": { "construction": null, "disused": null, "light_rail": null, "monorail": null, "railway": "subway", "station": null, "subway": null, "id": 1339195305, "timestamp": 1735746303, "version": 3, "tags": { "visible": false, "electrified": "rail", "gauge": "1435", "service": "yard" }, "osm_type": "way" }, "geometry": { "type": "MultiLineString", "coordinates": [ [ [ 72.5250278, 22.9827608 ], [ 72.5252432, 22.9828218 ] ], [ [ 72.5252432, 22.9828218 ], [ 72.5276745, 22.9835111 ] ], [ [ 72.5276745, 22.9835111 ], [ 72.5292729, 22.9839661 ] ], [ [ 72.5292729, 22.9839661 ], [ 72.5340404, 22.9853735 ] ], [ [ 72.5340404, 22.9853735 ], [ 72.5342659, 22.9854402 ] ] ] } },
{ "type": "Feature", "properties": { "construction": null, "disused": null, "light_rail": null, "monorail": null, "railway": "subway", "station": null, "subway": null, "id": 1339195333, "timestamp": 1735745691, "version": 3, "tags": { "visible": false, "electrified": "rail", "gauge": "1435", "service": "yard" }, "osm_type": "way" }, "geometry": { "type": "MultiLineString", "coordinates": [ [ [ 72.531143, 22.9848465 ], [ 72.5312606, 22.9848818 ] ], [ [ 72.5312606, 22.9848818 ], [ 72.5313318, 22.9849055 ] ], [ [ 72.5313318, 22.9849055 ], [ 72.5313925, 22.9849301 ] ], [ [ 72.5313925, 22.9849301 ], [ 72.5314611, 22.9849541 ] ], [ [ 72.5314611, 22.9849541 ], [ 72.5315748, 22.984985 ] ] ] } },
{ "type": "Feature", "properties": { "construction": null, "disused": null, "light_rail": null, "monorail": null, "railway": "subway", "station": null, "subway": null, "id": 1339195334, "timestamp": 1735746303, "version": 3, "tags": { "visible": false, "electrified": "rail", "gauge": "1435", "service": "yard" }, "osm_type": "way" }, "geometry": { "type": "MultiLineString", "coordinates": [ [ [ 72.5333905, 22.9854479 ], [ 72.5333386, 22.9854358 ] ], [ [ 72.5333386, 22.9854358 ], [ 72.5322309, 22.9851782 ] ], [ [ 72.5322309, 22.9851782 ], [ 72.5321537, 22.9851576 ] ], [ [ 72.5321537, 22.9851576 ], [ 72.5320764, 22.9851306 ] ], [ [ 72.5320764, 22.9851306 ], [ 72.5320019, 22.9851008 ] ], [ [ 72.5320019, 22.9851008 ], [ 72.5319331, 22.9850773 ] ], [ [ 72.5319331, 22.9850773 ], [ 72.531805, 22.9850391 ] ] ] } },
{ "type": "Feature", "properties": { "construction": null, "disused": null, "light_rail": null, "monorail": null, "railway": "subway", "station": null, "subway": null, "id": 1339195335, "timestamp": 1735746303, "version": 2, "tags": { "visible": false, "electrified": "rail", "gauge": "1435", "layer": "3", "service": "yard" }, "osm_type": "way" }, "geometry": { "type": "MultiLineString", "coordinates": [ [ [ 72.5276745, 22.9835111 ], [ 72.5278035, 22.9835581 ] ], [ [ 72.5278035, 22.9835581 ], [ 72.5278837, 22.9835904 ] ], [ [ 72.5278837, 22.9835904 ], [ 72.5282205, 22.9837367 ] ], [ [ 72.5282205, 22.9837367 ], [ 72.5283276, 22.9837882 ] ], [ [ 72.5283276, 22.9837882 ], [ 72.5283927, 22.9838225 ] ], [ [ 72.5283927, 22.9838225 ], [ 72.5284545, 22.9838607 ] ], [ [ 72.5284545, 22.9838607 ], [ 72.5286641, 22.9840068 ] ], [ [ 72.5286641, 22.9840068 ], [ 72.5287622, 22.9840695 ] ], [ [ 72.5287622, 22.9840695 ], [ 72.5288443, 22.9841173 ] ], [ [ 72.5288443, 22.9841173 ], [ 72.5290102, 22.9842111 ] ], [ [ 72.5290102, 22.9842111 ], [ 72.5290843, 22.9842475 ] ], [ [ 72.5290843, 22.9842475 ], [ 72.5292009, 22.9843001 ] ], [ [ 72.5292009, 22.9843001 ], [ 72.5293206, 22.9843431 ] ], [ [ 72.5293206, 22.9843431 ], [ 72.5294431, 22.9843808 ] ], [ [ 72.5294431, 22.9843808 ], [ 72.5297378, 22.9844499 ] ], [ [ 72.5297378, 22.9844499 ], [ 72.5299853, 22.9845058 ] ], [ [ 72.5299853, 22.9845058 ], [ 72.5315327, 22.9848677 ] ], [ [ 72.5315327, 22.9848677 ], [ 72.53178, 22.9849266 ] ], [ [ 72.53178, 22.9849266 ], [ 72.5339301, 22.9854261 ] ], [ [ 72.5339301, 22.9854261 ], [ 72.5342075, 22.9854908 ] ], [ [ 72.5342075, 22.9854908 ], [ 72.5345344, 22.9855646 ] ] ] } },
{ "type": "Feature", "properties": { "construction": null, "disused": null, "light_rail": null, "monorail": null, "railway": "subway", "station": null, "subway": null, "id": 1339195336, "timestamp": 1735747265, "version": 4, "tags": { "visible": false, "electrified": "rail", "gauge": "1435", "layer": "3", "service": "yard" }, "osm_type": "way" }, "geometry": { "type": "MultiLineString", "coordinates": [ [ [ 72.5345272, 22.9856005 ], [ 72.5344237, 22.9855803 ] ], [ [ 72.5344237, 22.9855803 ], [ 72.5343029, 22.9855496 ] ], [ [ 72.5343029, 22.9855496 ], [ 72.5342014, 22.985528 ] ], [ [ 72.5342014, 22.985528 ], [ 72.5341379, 22.9855169 ] ], [ [ 72.5341379, 22.9855169 ], [ 72.534078, 22.9855101 ] ], [ [ 72.534078, 22.9855101 ], [ 72.5340238, 22.9855043 ] ], [ [ 72.5340238, 22.9855043 ], [ 72.5339322, 22.9854912 ] ], [ [ 72.5339322, 22.9854912 ], [ 72.5338694, 22.9854781 ] ], [ [ 72.5338694, 22.9854781 ], [ 72.5338193, 22.985468 ] ], [ [ 72.5338193, 22.985468 ], [ 72.5332605, 22.9853376 ] ], [ [ 72.5332605, 22.9853376 ], [ 72.5325234, 22.9851665 ] ], [ [ 72.5325234, 22.9851665 ], [ 72.531143, 22.9848465 ] ], [ [ 72.531143, 22.9848465 ], [ 72.5308659, 22.9847834 ] ], [ [ 72.5308659, 22.9847834 ], [ 72.5306215, 22.9847229 ] ], [ [ 72.5306215, 22.9847229 ], [ 72.530069, 22.9845947 ] ], [ [ 72.530069, 22.9845947 ], [ 72.5296705, 22.9845001 ] ], [ [ 72.5296705, 22.9845001 ], [ 72.5295735, 22.9844792 ] ], [ [ 72.5295735, 22.9844792 ], [ 72.5294782, 22.9844638 ] ], [ [ 72.5294782, 22.9844638 ], [ 72.5294046, 22.9844556 ] ], [ [ 72.5294046, 22.9844556 ], [ 72.5292456, 22.984443 ] ], [ [ 72.5292456, 22.984443 ], [ 72.5289324, 22.9844138 ] ], [ [ 72.5289324, 22.9844138 ], [ 72.5286157, 22.9843841 ] ], [ [ 72.5286157, 22.9843841 ], [ 72.5283035, 22.9843537 ] ], [ [ 72.5283035, 22.9843537 ], [ 72.5282477, 22.984347 ] ], [ [ 72.5282477, 22.984347 ], [ 72.5281862, 22.9843385 ] ], [ [ 72.5281862, 22.9843385 ], [ 72.5281237, 22.9843248 ] ], [ [ 72.5281237, 22.9843248 ], [ 72.5278537, 22.9842604 ] ], [ [ 72.5278537, 22.9842604 ], [ 72.527824, 22.984253 ] ] ] } },
{ "type": "Feature", "properties": { "construction": null, "disused": null, "light_rail": null, "monorail": null, "railway": "subway", "station": null, "subway": null, "id": 1339195337, "timestamp": 1735745691, "version": 3, "tags": { "visible": false, "electrified": "rail", "gauge": "1435", "service": "yard" }, "osm_type": "way" }, "geometry": { "type": "MultiLineString", "coordinates": [ [ [ 72.5306215, 22.9847229 ], [ 72.5305085, 22.9846901 ] ], [ [ 72.5305085, 22.9846901 ], [ 72.5304351, 22.9846647 ] ], [ [ 72.5304351, 22.9846647 ], [ 72.5301835, 22.9845695 ] ], [ [ 72.5301835, 22.9845695 ], [ 72.5300884, 22.9845364 ] ], [ [ 72.5300884, 22.9845364 ], [ 72.5299853, 22.9845058 ] ] ] } },
{ "type": "Feature", "properties": { "construction": null, "disused": null, "light_rail": null, "monorail": null, "railway": "subway", "station": null, "subway": null, "id": 1339195338, "timestamp": 1735745691, "version": 3, "tags": { "visible": false, "electrified": "rail", "gauge": "1435", "service": "yard" }, "osm_type": "way" }, "geometry": { "type": "MultiLineString", "coordinates": [ [ [ 72.5315327, 22.9848677 ], [ 72.5314312, 22.9848511 ] ], [ [ 72.5314312, 22.9848511 ], [ 72.5313475, 22.9848392 ] ], [ [ 72.5313475, 22.9848392 ], [ 72.5310521, 22.9848108 ] ], [ [ 72.5310521, 22.9848108 ], [ 72.5309738, 22.984801 ] ], [ [ 72.5309738, 22.984801 ], [ 72.5308659, 22.9847834 ] ] ] } },
{ "type": "Feature", "properties": { "construction": null, "disused": null, "light_rail": null, "monorail": null, "railway": "subway", "station": null, "subway": null, "id": 1339195339, "timestamp": 1735746303, "version": 3, "tags": { "visible": false, "electrified": "rail", "gauge": "1435", "service": "yard" }, "osm_type": "way" }, "geometry": { "type": "MultiLineString", "coordinates": [ [ [ 72.5335687, 22.9854511 ], [ 72.5335062, 22.9854365 ] ], [ [ 72.5335062, 22.9854365 ], [ 72.5320702, 22.9851008 ] ], [ [ 72.5320702, 22.9851008 ], [ 72.531805, 22.9850391 ] ], [ [ 72.531805, 22.9850391 ], [ 72.5315748, 22.984985 ] ], [ [ 72.5315748, 22.984985 ], [ 72.5300713, 22.9846355 ] ], [ [ 72.5300713, 22.9846355 ], [ 72.5299418, 22.9846131 ] ], [ [ 72.5299418, 22.9846131 ], [ 72.5298397, 22.9846071 ] ], [ [ 72.5298397, 22.9846071 ], [ 72.5297375, 22.9846092 ] ], [ [ 72.5297375, 22.9846092 ], [ 72.5296359, 22.9846193 ] ], [ [ 72.5296359, 22.9846193 ], [ 72.5295355, 22.9846374 ] ], [ [ 72.5295355, 22.9846374 ], [ 72.5294372, 22.9846632 ] ], [ [ 72.5294372, 22.9846632 ], [ 72.5293556, 22.9846912 ] ], [ [ 72.5293556, 22.9846912 ], [ 72.5292764, 22.9847246 ] ], [ [ 72.5292764, 22.9847246 ], [ 72.5292001, 22.9847631 ] ], [ [ 72.5292001, 22.9847631 ], [ 72.529127, 22.9848067 ] ], [ [ 72.529127, 22.9848067 ], [ 72.5289702, 22.9848769 ] ], [ [ 72.5289702, 22.9848769 ], [ 72.5288234, 22.9849547 ] ], [ [ 72.5288234, 22.9849547 ], [ 72.5281797, 22.9851677 ] ], [ [ 72.5281797, 22.9851677 ], [ 72.5280321, 22.9851991 ] ], [ [ 72.5280321, 22.9851991 ], [ 72.5279181, 22.9852127 ] ], [ [ 72.5279181, 22.9852127 ], [ 72.5278189, 22.9852103 ] ], [ [ 72.5278189, 22.9852103 ], [ 72.5277029, 22.9852016 ] ], [ [ 72.5277029, 22.9852016 ], [ 72.5276244, 22.9851862 ] ], [ [ 72.5276244, 22.9851862 ], [ 72.5275408, 22.9851688 ] ], [ [ 72.5275408, 22.9851688 ], [ 72.5275195, 22.9851643 ] ] ] } },
{ "type": "Feature", "properties": { "construction": null, "disused": null, "light_rail": null, "monorail": null, "railway": "subway", "station": null, "subway": null, "id": 1339195340, "timestamp": 1735746303, "version": 3, "tags": { "visible": false, "electrified": "rail", "gauge": "1435", "service": "yard" }, "osm_type": "way" }, "geometry": { "type": "MultiLineString", "coordinates": [ [ [ 72.5340238, 22.9855043 ], [ 72.5337477, 22.9854799 ] ], [ [ 72.5337477, 22.9854799 ], [ 72.5336441, 22.9854796 ] ], [ [ 72.5336441, 22.9854796 ], [ 72.5335785, 22.9854805 ] ] ] } },
{ "type": "Feature", "properties": { "construction": null, "disused": null, "light_rail": null, "monorail": null, "railway": "subway", "station": null, "subway": null, "id": 1339195341, "timestamp": 1735746303, "version": 3, "tags": { "visible": false, "electrified": "rail", "gauge": "1435", "service": "yard" }, "osm_type": "way" }, "geometry": { "type": "MultiLineString", "coordinates": [ [ [ 72.5342075, 22.9854908 ], [ 72.5341189, 22.9854643 ] ], [ [ 72.5341189, 22.9854643 ], [ 72.5340613, 22.985444 ] ], [ [ 72.5340613, 22.985444 ], [ 72.5339783, 22.9854124 ] ], [ [ 72.5339783, 22.9854124 ], [ 72.5338903, 22.9853834 ] ], [ [ 72.5338903, 22.9853834 ], [ 72.533371, 22.9852293 ] ], [ [ 72.533371, 22.9852293 ], [ 72.5331863, 22.9851802 ] ], [ [ 72.5331863, 22.9851802 ], [ 72.5324877, 22.9850188 ] ], [ [ 72.5324877, 22.9850188 ], [ 72.5323947, 22.9849991 ] ], [ [ 72.5323947, 22.9849991 ], [ 72.5323027, 22.9849878 ] ], [ [ 72.5323027, 22.9849878 ], [ 72.5319809, 22.9849582 ] ], [ [ 72.5319809, 22.9849582 ], [ 72.5319001, 22.9849479 ] ], [ [ 72.5319001, 22.9849479 ], [ 72.53178, 22.9849266 ] ] ] } },
{ "type": "Feature", "properties": { "construction": null, "disused": null, "light_rail": null, "monorail": null, "railway": "subway", "station": null, "subway": null, "id": 1339195342, "timestamp": 1735746303, "version": 3, "tags": { "visible": false, "electrified": "rail", "gauge": "1435", "service": "yard" }, "osm_type": "way" }, "geometry": { "type": "MultiLineString", "coordinates": [ [ [ 72.5339301, 22.9854261 ], [ 72.5338101, 22.9854047 ] ], [ [ 72.5338101, 22.9854047 ], [ 72.5337362, 22.9853946 ] ], [ [ 72.5337362, 22.9853946 ], [ 72.5334471, 22.9853677 ] ], [ [ 72.5334471, 22.9853677 ], [ 72.5333818, 22.9853582 ] ], [ [ 72.5333818, 22.9853582 ], [ 72.5332605, 22.9853376 ] ] ] } },
{ "type": "Feature", "properties": { "construction": null, "disused": null, "light_rail": null, "monorail": null, "railway": "subway", "station": null, "subway": null, "id": 1339195350, "timestamp": 1735745442, "version": 3, "tags": { "visible": false, "electrified": "rail", "gauge": "1435", "service": "yard" }, "osm_type": "way" }, "geometry": { "type": "MultiLineString", "coordinates": [ [ [ 72.6146791, 23.0113592 ], [ 72.6147575, 23.0114459 ] ], [ [ 72.6147575, 23.0114459 ], [ 72.614805, 23.0115063 ] ], [ [ 72.614805, 23.0115063 ], [ 72.6148488, 23.0115703 ] ], [ [ 72.6148488, 23.0115703 ], [ 72.6148957, 23.0116238 ] ], [ [ 72.6148957, 23.0116238 ], [ 72.6149594, 23.0116963 ] ], [ [ 72.6149594, 23.0116963 ], [ 72.6150302, 23.011758 ] ], [ [ 72.6150302, 23.011758 ], [ 72.6151411, 23.0118308 ] ], [ [ 72.6151411, 23.0118308 ], [ 72.6152448, 23.011888 ] ], [ [ 72.6152448, 23.011888 ], [ 72.6153251, 23.0119205 ] ], [ [ 72.6153251, 23.0119205 ], [ 72.6154118, 23.0119537 ] ], [ [ 72.6154118, 23.0119537 ], [ 72.6155185, 23.0119764 ] ], [ [ 72.6155185, 23.0119764 ], [ 72.6163275, 23.0120742 ] ] ] } },
{ "type": "Feature", "properties": { "construction": null, "disused": null, "light_rail": null, "monorail": null, "railway": "subway", "station": null, "subway": null, "id": 1340959904, "timestamp": 1733640363, "version": 1, "tags": { "visible": false, "bridge": "viaduct", "layer": "1", "name": "Red Line, Ahmedabad Metro", "start_date": "2024-09-17" }, "osm_type": "way" }, "geometry": { "type": "MultiLineString", "coordinates": [ [ [ 72.6474537, 23.1544774 ], [ 72.6480605, 23.1560292 ] ], [ [ 72.6480605, 23.1560292 ], [ 72.6481207, 23.1561697 ] ] ] } },
{ "type": "Feature", "properties": { "construction": null, "disused": null, "light_rail": null, "monorail": null, "railway": "subway", "station": null, "subway": null, "id": 1341271776, "timestamp": 1749312959, "version": 2, "tags": { "visible": false, "bridge": "yes", "electrified": "rail", "gauge": "1435", "layer": "1", "name": "Blue Line, Ahmedabad Metro", "start_date": "2022-09-30", "usage": "main", "voltage": "750" }, "osm_type": "way" }, "geometry": { "type": "MultiLineString", "coordinates": [ [ [ 72.5012603, 23.0501889 ], [ 72.5034703, 23.0500437 ] ], [ [ 72.5034703, 23.0500437 ], [ 72.5044949, 23.0499616 ] ], [ [ 72.5044949, 23.0499616 ], [ 72.5053118, 23.0498961 ] ], [ [ 72.5053118, 23.0498961 ], [ 72.5056125, 23.0498888 ] ], [ [ 72.5056125, 23.0498888 ], [ 72.5058835, 23.0499228 ] ], [ [ 72.5058835, 23.0499228 ], [ 72.5070211, 23.0501817 ] ] ] } },
{ "type": "Feature", "properties": { "construction": null, "disused": null, "light_rail": null, "monorail": null, "railway": "subway", "station": null, "subway": null, "id": 1341271777, "timestamp": 1749312959, "version": 2, "tags": { "visible": false, "bridge": "yes", "electrified": "rail", "gauge": "1435", "layer": "1", "name": "Blue Line, Ahmedabad Metro", "start_date": "2022-09-30", "usage": "main", "voltage": "750" }, "osm_type": "way" }, "geometry": { "type": "MultiLineString", "coordinates": [ [ [ 72.5070056, 23.050233 ], [ 72.5058751, 23.0499761 ] ], [ [ 72.5058751, 23.0499761 ], [ 72.5056091, 23.0499338 ] ], [ [ 72.5056091, 23.0499338 ], [ 72.5054133, 23.0499366 ] ], [ [ 72.5054133, 23.0499366 ], [ 72.5048449, 23.0499705 ] ], [ [ 72.5048449, 23.0499705 ], [ 72.5045209, 23.0499899 ] ], [ [ 72.5045209, 23.0499899 ], [ 72.5042482, 23.050017 ] ], [ [ 72.5042482, 23.050017 ], [ 72.503736, 23.0500565 ] ], [ [ 72.503736, 23.0500565 ], [ 72.5021173, 23.0501663 ] ], [ [ 72.5021173, 23.0501663 ], [ 72.501259, 23.050228 ] ] ] } },
{ "type": "Feature", "properties": { "construction": null, "disused": null, "light_rail": null, "monorail": null, "railway": "subway", "station": null, "subway": null, "id": 1341479434, "timestamp": 1733818296, "version": 1, "tags": { "visible": false, "bridge": "yes", "electrified": "rail", "gauge": "1435", "layer": "1", "name": "Blue Line, Ahmedabad Metro", "start_date": "2019-03-04", "usage": "main", "voltage": "750" }, "osm_type": "way" }, "geometry": { "type": "MultiLineString", "coordinates": [ [ [ 72.670807, 22.995646 ], [ 72.6701993, 22.9958856 ] ], [ [ 72.6701993, 22.9958856 ], [ 72.6693051, 22.9962381 ] ], [ [ 72.6693051, 22.9962381 ], [ 72.6689278, 22.9964182 ] ], [ [ 72.6689278, 22.9964182 ], [ 72.6686696, 22.9965398 ] ], [ [ 72.6686696, 22.9965398 ], [ 72.6683207, 22.9967311 ] ], [ [ 72.6683207, 22.9967311 ], [ 72.667973, 22.9969678 ] ], [ [ 72.667973, 22.9969678 ], [ 72.6674915, 22.9972131 ] ] ] } },
{ "type": "Feature", "properties": { "construction": null, "disused": null, "light_rail": null, "monorail": null, "railway": "subway", "station": null, "subway": null, "id": 1341479435, "timestamp": 1733818296, "version": 1, "tags": { "visible": false, "bridge": "yes", "electrified": "rail", "gauge": "1435", "layer": "1", "name": "Blue Line, Ahmedabad Metro", "start_date": "2019-03-04", "usage": "main", "voltage": "750" }, "osm_type": "way" }, "geometry": { "type": "MultiLineString", "coordinates": [ [ [ 72.6708008, 22.9956004 ], [ 72.6692956, 22.9961938 ] ], [ [ 72.6692956, 22.9961938 ], [ 72.6689153, 22.9963753 ] ], [ [ 72.6689153, 22.9963753 ], [ 72.6686546, 22.9964981 ] ], [ [ 72.6686546, 22.9964981 ], [ 72.6683037, 22.9966905 ] ], [ [ 72.6683037, 22.9966905 ], [ 72.6679251, 22.9968895 ] ], [ [ 72.6679251, 22.9968895 ], [ 72.6674512, 22.9971313 ] ] ] } },
{ "type": "Feature", "properties": { "construction": null, "disused": null, "light_rail": null, "monorail": null, "railway": "subway", "station": null, "subway": null, "id": 1342955747, "timestamp": 1735747265, "version": 2, "tags": { "visible": false, "electrified": "rail", "gauge": "1435", "service": "yard" }, "osm_type": "way" }, "geometry": { "type": "MultiLineString", "coordinates": [ [ [ 72.528808, 22.9845068 ], [ 72.5286887, 22.984517 ] ], [ [ 72.5286887, 22.984517 ], [ 72.5286084, 22.9845278 ] ], [ [ 72.5286084, 22.9845278 ], [ 72.5284965, 22.9845452 ] ], [ [ 72.5284965, 22.9845452 ], [ 72.5284241, 22.9845552 ] ], [ [ 72.5284241, 22.9845552 ], [ 72.5283333, 22.9845588 ] ], [ [ 72.5283333, 22.9845588 ], [ 72.5282533, 22.9845574 ] ], [ [ 72.5282533, 22.9845574 ], [ 72.5281793, 22.9845496 ] ], [ [ 72.5281793, 22.9845496 ], [ 72.5280864, 22.9845334 ] ], [ [ 72.5280864, 22.9845334 ], [ 72.5277963, 22.9844684 ] ], [ [ 72.5277963, 22.9844684 ], [ 72.5277665, 22.9844617 ] ] ] } },
{ "type": "Feature", "properties": { "construction": null, "disused": null, "light_rail": null, "monorail": null, "railway": "subway", "station": null, "subway": null, "id": 1342955750, "timestamp": 1734449789, "version": 1, "tags": { "visible": false, "electrified": "rail", "gauge": "1435", "service": "yard", "tunnel": "building_passage" }, "osm_type": "way" }, "geometry": { "type": "MultiLineString", "coordinates": [ [ [ 72.6170532, 23.0117066 ], [ 72.6155412, 23.0115551 ] ], [ [ 72.6155412, 23.0115551 ], [ 72.6155196, 23.0115501 ] ] ] } },
{ "type": "Feature", "properties": { "construction": null, "disused": null, "light_rail": null, "monorail": null, "railway": "subway", "station": null, "subway": null, "id": 1342955755, "timestamp": 1734449789, "version": 1, "tags": { "visible": false, "electrified": "rail", "gauge": "1435", "service": "yard", "tunnel": "building_passage" }, "osm_type": "way" }, "geometry": { "type": "MultiLineString", "coordinates": [ [ [ 72.61704, 23.0118261 ], [ 72.6155277, 23.0116737 ] ], [ [ 72.6155277, 23.0116737 ], [ 72.6155096, 23.0116718 ] ] ] } },
{ "type": "Feature", "properties": { "construction": null, "disused": null, "light_rail": null, "monorail": null, "railway": "rail", "station": null, "subway": null, "id": 1342955756, "timestamp": 1745849234, "version": 2, "tags": { "visible": false, "service": "siding" }, "osm_type": "way" }, "geometry": { "type": "MultiLineString", "coordinates": [ [ [ 72.4960711, 23.0548332 ], [ 72.4963016, 23.0549173 ] ], [ [ 72.4963016, 23.0549173 ], [ 72.4968293, 23.0550578 ] ] ] } },
{ "type": "Feature", "properties": { "construction": null, "disused": null, "light_rail": null, "monorail": null, "railway": "subway", "station": null, "subway": null, "id": 1342955760, "timestamp": 1735746303, "version": 2, "tags": { "visible": false, "electrified": "rail", "gauge": "1435", "service": "yard" }, "osm_type": "way" }, "geometry": { "type": "MultiLineString", "coordinates": [ [ [ 72.5325234, 22.9851665 ], [ 72.532401, 22.9851445 ] ], [ [ 72.532401, 22.9851445 ], [ 72.5323268, 22.9851344 ] ], [ [ 72.5323268, 22.9851344 ], [ 72.5322519, 22.985129 ] ], [ [ 72.5322519, 22.985129 ], [ 72.5321743, 22.9851199 ] ], [ [ 72.5321743, 22.9851199 ], [ 72.5320702, 22.9851008 ] ] ] } },
{ "type": "Feature", "properties": { "construction": null, "disused": null, "light_rail": null, "monorail": null, "railway": "subway", "station": null, "subway": null, "id": 1342955763, "timestamp": 1734449789, "version": 1, "tags": { "visible": false, "electrified": "rail", "gauge": "1435", "service": "yard", "tunnel": "building_passage" }, "osm_type": "way" }, "geometry": { "type": "MultiLineString", "coordinates": [ [ [ 72.6170304, 23.0119125 ], [ 72.6155186, 23.0117446 ] ], [ [ 72.6155186, 23.0117446 ], [ 72.6155019, 23.0117428 ] ] ] } },
{ "type": "Feature", "properties": { "construction": null, "disused": null, "light_rail": null, "monorail": null, "railway": "subway", "station": null, "subway": null, "id": 1342955765, "timestamp": 1734449789, "version": 1, "tags": { "visible": false, "electrified": "rail", "gauge": "1435", "service": "yard", "tunnel": "building_passage" }, "osm_type": "way" }, "geometry": { "type": "MultiLineString", "coordinates": [ [ [ 72.6170597, 23.0116482 ], [ 72.6155522, 23.011481 ] ], [ [ 72.6155522, 23.011481 ], [ 72.6155283, 23.0114784 ] ] ] } },
{ "type": "Feature", "properties": { "construction": null, "disused": null, "light_rail": null, "monorail": null, "railway": "subway", "station": null, "subway": null, "id": 1393067631, "timestamp": 1749312959, "version": 1, "tags": { "visible": false, "bridge": "viaduct", "layer": "1", "start_date": "2024-09-17" }, "osm_type": "way" }, "geometry": { "type": "MultiLineString", "coordinates": [ [ [ 72.6396033, 23.1908102 ], [ 72.6396793, 23.1910087 ] ], [ [ 72.6396793, 23.1910087 ], [ 72.6397575, 23.1913177 ] ], [ [ 72.6397575, 23.1913177 ], [ 72.6398147, 23.1916107 ] ], [ [ 72.6398147, 23.1916107 ], [ 72.6398877, 23.1922314 ] ], [ [ 72.6398877, 23.1922314 ], [ 72.6401621, 23.1948846 ] ], [ [ 72.6401621, 23.1948846 ], [ 72.6401621, 23.1951966 ] ], [ [ 72.6401621, 23.1951966 ], [ 72.6401507, 23.1954204 ] ] ] } },
{ "type": "Feature", "properties": { "construction": null, "disused": null, "light_rail": null, "monorail": null, "railway": "rail", "station": null, "subway": null, "id": 1394136386, "timestamp": 1749635003, "version": 1, "tags": { "visible": false, "gauge": "1676", "service": "yard" }, "osm_type": "way" }, "geometry": { "type": "MultiLineString", "coordinates": [ [ [ 72.5822624, 23.0858757 ], [ 72.5821364, 23.0860198 ] ], [ [ 72.5821364, 23.0860198 ], [ 72.581985, 23.0862064 ] ], [ [ 72.581985, 23.0862064 ], [ 72.5817133, 23.0865976 ] ], [ [ 72.5817133, 23.0865976 ], [ 72.5813348, 23.0871186 ] ], [ [ 72.5813348, 23.0871186 ], [ 72.5807633, 23.0878965 ] ], [ [ 72.5807633, 23.0878965 ], [ 72.5807494, 23.087916 ] ] ] } },
{ "type": "Feature", "properties": { "construction": null, "disused": null, "light_rail": null, "monorail": null, "railway": "rail", "station": null, "subway": null, "id": 1463638294, "timestamp": 1767338251, "version": 1, "tags": { "visible": false, "gauge": "1676", "name": "Western Railway Line", "passenger_lines": "1", "usage": "branch" }, "osm_type": "way" }, "geometry": { "type": "MultiLineString", "coordinates": [ [ [ 72.5581748, 23.0723039 ], [ 72.5585298, 23.0708433 ] ], [ [ 72.5585298, 23.0708433 ], [ 72.5595268, 23.0666152 ] ], [ [ 72.5595268, 23.0666152 ], [ 72.5598983, 23.0651289 ] ], [ [ 72.5598983, 23.0651289 ], [ 72.5601842, 23.0642487 ] ] ] } },
{ "type": "Feature", "properties": { "construction": null, "disused": null, "light_rail": null, "monorail": null, "railway": "proposed", "station": null, "subway": null, "id": 1482920013, "timestamp": 1772032891, "version": 1, "tags": { "visible": false, "colour": "purple", "name": "Purple Line Extension", "network": "Ahmedabad Metro" }, "osm_type": "way" }, "geometry": { "type": "MultiLineString", "coordinates": [ [ [ 72.6874191, 23.1570072 ], [ 72.6874832, 23.1571457 ] ], [ [ 72.6874832, 23.1571457 ], [ 72.6875377, 23.1572877 ] ], [ [ 72.6875377, 23.1572877 ], [ 72.6875823, 23.1574325 ] ], [ [ 72.6875823, 23.1574325 ], [ 72.6876167, 23.1575797 ] ], [ [ 72.6876167, 23.1575797 ], [ 72.6876409, 23.1577285 ] ], [ [ 72.6876409, 23.1577285 ], [ 72.6876547, 23.1578785 ] ], [ [ 72.6876547, 23.1578785 ], [ 72.6876581, 23.158029 ] ], [ [ 72.6876581, 23.158029 ], [ 72.687651, 23.1581794 ] ], [ [ 72.687651, 23.1581794 ], [ 72.6876336, 23.1583291 ] ], [ [ 72.6876336, 23.1583291 ], [ 72.6876092, 23.1584625 ] ], [ [ 72.6876092, 23.1584625 ], [ 72.6875764, 23.1585944 ] ], [ [ 72.6875764, 23.1585944 ], [ 72.6875355, 23.1587244 ] ], [ [ 72.6875355, 23.1587244 ], [ 72.6874866, 23.158852 ] ], [ [ 72.6874866, 23.158852 ], [ 72.6874299, 23.1589768 ] ], [ [ 72.6874299, 23.1589768 ], [ 72.6873654, 23.1590985 ] ], [ [ 72.6873654, 23.1590985 ], [ 72.6860243, 23.1617618 ] ], [ [ 72.6860243, 23.1617618 ], [ 72.6859425, 23.1618908 ] ], [ [ 72.6859425, 23.1618908 ], [ 72.685853, 23.1620154 ] ], [ [ 72.685853, 23.1620154 ], [ 72.685756, 23.1621352 ] ], [ [ 72.685756, 23.1621352 ], [ 72.6856518, 23.1622499 ] ], [ [ 72.6856518, 23.1622499 ], [ 72.6855409, 23.1623589 ] ], [ [ 72.6855409, 23.1623589 ], [ 72.6854235, 23.1624622 ] ], [ [ 72.6854235, 23.1624622 ], [ 72.6853121, 23.1625501 ] ], [ [ 72.6853121, 23.1625501 ], [ 72.685196, 23.1626327 ] ], [ [ 72.685196, 23.1626327 ], [ 72.6850756, 23.1627099 ] ], [ [ 72.6850756, 23.1627099 ], [ 72.684951, 23.1627813 ] ], [ [ 72.684951, 23.1627813 ], [ 72.6848227, 23.1628468 ] ], [ [ 72.6848227, 23.1628468 ], [ 72.6763362, 23.1648098 ] ], [ [ 72.6763362, 23.1648098 ], [ 72.6761761, 23.1648448 ] ], [ [ 72.6761761, 23.1648448 ], [ 72.6760183, 23.1648877 ] ], [ [ 72.6760183, 23.1648877 ], [ 72.6758633, 23.1649384 ] ], [ [ 72.6758633, 23.1649384 ], [ 72.6757115, 23.1649968 ] ], [ [ 72.6757115, 23.1649968 ], [ 72.6755634, 23.1650626 ] ], [ [ 72.6755634, 23.1650626 ], [ 72.6754194, 23.1651357 ] ], [ [ 72.6754194, 23.1651357 ], [ 72.6752798, 23.1652159 ] ], [ [ 72.6752798, 23.1652159 ], [ 72.6751453, 23.165303 ] ], [ [ 72.6751453, 23.165303 ], [ 72.6750087, 23.1654022 ] ], [ [ 72.6750087, 23.1654022 ], [ 72.6748785, 23.1655085 ] ], [ [ 72.6748785, 23.1655085 ], [ 72.6747551, 23.1656215 ] ], [ [ 72.6747551, 23.1656215 ], [ 72.674639, 23.1657408 ] ], [ [ 72.674639, 23.1657408 ], [ 72.6745305, 23.165866 ] ], [ [ 72.6745305, 23.165866 ], [ 72.67443, 23.1659967 ] ], [ [ 72.67443, 23.1659967 ], [ 72.6743379, 23.1661325 ] ], [ [ 72.6743379, 23.1661325 ], [ 72.6742543, 23.1662729 ] ], [ [ 72.6742543, 23.1662729 ], [ 72.6741797, 23.1664176 ] ], [ [ 72.6741797, 23.1664176 ], [ 72.6740991, 23.1666429 ] ], [ [ 72.6740991, 23.1666429 ], [ 72.674024, 23.1668698 ] ], [ [ 72.674024, 23.1668698 ], [ 72.6739544, 23.1670982 ] ], [ [ 72.6739544, 23.1670982 ], [ 72.6738785, 23.1673727 ] ], [ [ 72.6738785, 23.1673727 ], [ 72.6738105, 23.1676489 ] ], [ [ 72.6738105, 23.1676489 ], [ 72.6737505, 23.1679267 ] ], [ [ 72.6737505, 23.1679267 ], [ 72.6736857, 23.1683434 ] ], [ [ 72.6736857, 23.1683434 ], [ 72.6736285, 23.168761 ] ], [ [ 72.6736285, 23.168761 ], [ 72.6735789, 23.1691794 ] ], [ [ 72.6735789, 23.1691794 ], [ 72.6735395, 23.1695683 ] ], [ [ 72.6735395, 23.1695683 ], [ 72.6735068, 23.1699578 ] ], [ [ 72.6735068, 23.1699578 ], [ 72.6734805, 23.1703476 ] ], [ [ 72.6734805, 23.1703476 ], [ 72.6734608, 23.1707378 ] ], [ [ 72.6734608, 23.1707378 ], [ 72.673434, 23.173613 ] ], [ [ 72.673434, 23.173613 ], [ 72.6740026, 23.1780415 ] ], [ [ 72.6740026, 23.1780415 ], [ 72.6742387, 23.1820852 ] ] ] } }
]
}
