latitude,longitude,business_subcategory,road_distance,highway_distance,hospital_distance,school_distance,bank_distance,restaurant_distance,pharmacy_distance,bus_stop_distance,railway_distance,water_distance,population_value,population_category,landuse,flood_risk,competitors_250,competitors_500,competitors_1000,competition_pressure,restaurant_score
23.116925,72.324506,fast_food,634.23,4457.52,16676.85,8914.98,16627.79,17128.68,18607.56,16049.49,18304.47,15215.96,-99999.0,Low,Commercial,Low,0,0,0,0.0,58.0
22.942014,72.439462,cafe,262.07,1539.4,6065.86,1142.48,7455.68,8621.22,8867.76,9871.38,3237.19,4097.27,-99999.0,Low,Industrial,Low,0,0,0,0.0,55.5
23.163506,72.702486,coffee,42.21,180.85,1999.43,174.0,8115.41,3515.9,13107.18,10700.68,3141.84,2583.33,-99999.0,Low,Grass,Low,0,0,1,0.25,57.0
23.238246,72.360425,pizza,42.34,624.37,19552.08,8320.18,22406.76,21478.45,23046.28,24781.82,19304.41,5553.21,-99999.0,Low,Commercial,Low,0,0,0,0.0,63.0
23.012522,72.327282,burger,229.98,671.8,13746.48,7596.47,13050.04,14095.22,14668.64,12762.12,15370.93,13579.32,-99999.0,Low,Commercial,Low,0,0,0,0.0,63.0
22.914946,72.603106,sandwich,92.85,613.23,4372.62,549.73,6064.27,7059.18,13564.95,9313.11,4775.24,4369.42,6.69,Low,Commercial,Low,0,0,0,0.0,70.0
22.822737,72.425326,gujarati,330.95,365.43,18843.64,8704.77,20727.3,21816.35,21990.3,23141.01,15612.43,16241.84,4.84,Low,Commercial,Low,0,0,0,0.0,74.0
23.121945,72.626066,punjabi,50.32,452.55,1324.74,114.4,4881.73,588.13,5679.75,5558.46,3919.75,291.82,-99999.0,Low,Residential,Low,0,0,1,0.25,71.0
22.915811,72.651774,south_indian,204.92,1825.59,4847.96,1443.22,5515.94,7523.31,14700.2,9424.58,3770.97,4124.08,5.11,Low,Commercial,Low,0,0,0,0.0,66.0
23.198527,72.313769,chinese,109.24,4370.84,21281.59,10208.92,23667.39,21871.06,25739.51,23277.51,22982.28,11625.96,-99999.0,Low,Commercial,Low,0,0,0,0.0,66.0
23.196793,72.714921,fine_dining,48.57,217.18,2276.88,3876.73,8511.94,6459.4,14479.26,14577.35,5153.42,3755.71,-99999.0,Low,Commercial,Low,0,0,0,0.0,78.0
22.97332,72.400178,dessert,142.4,876.25,7644.0,1092.32,6753.41,8146.37,8651.65,8156.29,6882.87,6839.12,5.87,Low,Commercial,Low,0,0,0,0.0,70.0
23.269462,72.505225,bakery,263.59,344.24,12561.23,10818.05,11458.14,11456.11,12562.9,19674.81,10732.33,7385.32,-99999.0,Low,Commercial,Low,0,0,0,0.0,74.0
22.854518,72.366095,street_food,41.85,41.85,18336.19,7912.19,19256.97,20576.39,20917.06,21327.84,15395.7,16222.57,47.96,Low,Commercial,Low,0,0,0,0.0,90.0
23.216797,72.660161,fast_food,23.25,913.7,3475.36,4480.67,3665.27,3596.31,9778.72,15378.27,6842.58,1334.12,-99999.0,Low,Residential,Low,0,0,0,0.0,60.0
23.197422,72.733244,cafe,226.06,1584.63,2588.3,2688.98,10388.57,7971.92,16345.03,15511.59,4963.51,5324.86,-99999.0,Low,Commercial,Low,0,0,0,0.0,65.5
23.067389,72.874407,coffee,257.96,5460.49,16746.19,13648.47,23114.44,19646.81,24414.86,22430.78,17480.06,5757.88,-99999.0,Low,Commercial,Low,0,0,0,0.0,65.5
22.991697,72.630184,pizza,28.93,139.01,216.06,116.49,1905.47,229.21,6258.19,771.25,1464.7,55.05,137.0,High,Residential,High,1,1,2,1.25,78.78
23.208114,72.668741,burger,351.56,351.56,3536.6,3755.11,3991.63,3900.29,10197.31,14573.83,6143.01,38.4,-99999.0,Low,Forest,High,0,0,0,0.0,49.5
23.223619,72.644864,sandwich,43.38,2342.05,3496.09,5030.09,3277.35,3254.93,8842.07,15230.52,7493.81,2585.55,-99999.0,Low,Residential,Low,0,0,0,0.0,63.0
23.148194,72.336578,gujarati,1296.34,4148.19,17443.52,6722.55,17930.63,17043.13,19990.24,17478.71,18891.28,13641.47,-99999.0,Low,Commercial,Low,0,0,0,0.0,66.0
22.919391,72.477845,punjabi,220.14,853.94,7231.96,1126.87,10092.7,10144.43,10821.53,11641.88,4536.99,4526.67,-99999.0,Low,Commercial,Low,0,0,0,0.0,70.0
22.8483,72.445019,south_indian,191.91,621.47,15628.49,6108.36,17705.1,18598.37,18848.1,19958.17,12406.39,12790.09,2.24,Low,Commercial,Low,0,0,0,0.0,70.0
22.858481,72.471225,chinese,160.35,1614.41,13915.97,5362.98,16640.28,16371.1,17541.86,17752.07,11117.33,10508.14,-99999.0,Low,Commercial,Low,0,0,0,0.0,66.0
23.115129,72.521603,fine_dining,138.18,1370.75,1156.7,405.52,2710.66,2028.36,3429.87,5183.49,3729.84,768.7,5.15,Low,Residential,Low,0,0,1,0.25,63.0
22.987687,72.431514,dessert,242.89,297.53,4277.25,1374.13,3243.29,4644.22,5116.8,5121.23,4728.94,3271.48,4.73,Low,Residential,Low,0,0,0,0.0,75.0
22.938149,72.85326,bakery,93.63,5383.0,15793.78,12992.57,22788.66,20213.65,25272.75,24222.58,19943.49,13178.84,-99999.0,Low,Commercial,Low,0,0,0,0.0,66.0
23.121057,72.663296,street_food,20.53,725.95,2148.52,500.77,4380.34,1391.1,8544.01,4929.51,2645.87,603.47,-99999.0,Low,Residential,Low,0,0,0,0.0,67.0
22.892147,72.732894,fast_food,940.01,1149.68,12926.18,5635.75,12893.87,13264.17,19844.36,16014.04,11677.95,9931.39,-99999.0,Low,Commercial,Low,0,0,0,0.0,58.0
22.888433,72.530084,cafe,125.05,1296.76,10411.74,1893.47,12840.19,11068.86,14267.09,12734.47,10230.55,4749.09,-99999.0,Low,Commercial,Low,0,0,0,0.0,65.5
23.284971,72.6812,coffee,47.99,3592.27,11124.93,12295.66,11017.76,10988.45,16197.45,22976.99,14678.98,1987.4,-99999.0,Low,Commercial,Low,0,0,0,0.0,65.5
23.077336,72.707076,pizza,130.24,1921.2,4702.1,1155.28,5935.48,2628.01,7877.03,5254.81,4407.97,1183.19,7.6,Low,Residential,Low,0,0,0,0.0,55.0
23.214569,72.76008,burger,324.29,1005.68,4304.7,4350.25,13285.12,11312.28,19392.15,18601.53,7481.26,7382.89,-99999.0,Low,Commercial,Low,0,0,0,0.0,58.0
22.919943,72.328618,sandwich,90.47,3416.61,16593.74,9787.39,16170.88,17568.52,18063.19,17485.72,14675.43,15266.77,7.16,Low,Commercial,Low,0,0,0,0.0,66.0
22.961417,72.46529,gujarati,205.35,796.77,2941.37,952.48,5265.71,6075.3,6158.14,7254.73,251.83,743.21,4.5,Low,Industrial,Low,0,0,1,0.25,64.0
22.911272,72.856888,punjabi,808.73,7055.59,17825.24,14686.84,23690.45,21660.06,27141.12,25540.53,21428.93,14859.41,-99999.0,Low,Commercial,Low,0,0,0,0.0,66.0
23.230656,72.492513,south_indian,5.13,701.19,10394.46,7456.6,9555.54,9540.55,10392.98,16292.91,7474.9,3464.44,-99999.0,Low,Commercial,Low,0,0,0,0.0,70.0
23.124611,72.539467,chinese,2.1,11.68,1222.59,36.69,608.8,635.66,4117.96,4004.44,1654.71,101.89,53.16,Medium,Residential,Low,0,0,0,0.0,87.0
23.248983,72.576134,fine_dining,120.34,1318.18,7324.55,7971.32,6842.43,6810.9,8045.3,16254.68,7401.46,7035.66,-99999.0,Low,Commercial,Low,0,0,0,0.0,66.0
22.937142,72.453044,dessert,85.58,113.2,5892.43,473.59,7837.08,8845.03,9001.11,10153.42,2700.97,3472.56,62.58,Medium,Industrial,Low,0,0,0,0.0,80.0
23.079457,72.46239,bakery,8.31,2759.7,3832.69,1314.1,4920.38,2666.09,6987.08,5038.2,4075.61,1335.84,-99999.0,Low,Residential,Low,0,0,0,0.0,63.0
23.090601,72.830737,street_food,69.34,5396.35,12924.11,8735.57,18583.46,15045.75,20398.74,17990.09,12327.74,761.98,-99999.0,Low,Commercial,Low,0,0,0,0.0,66.0
23.001712,72.437206,fast_food,70.73,1836.32,3713.25,647.83,1892.68,3243.43,3777.7,3461.98,5550.86,2593.14,6.96,Low,Residential,Low,0,0,0,0.0,55.0
23.288818,72.605525,cafe,271.61,1673.56,10701.69,12371.29,10402.39,10426.1,12837.06,20961.04,12435.78,8201.89,-99999.0,Low,Commercial,Low,0,0,0,0.0,65.5
22.853637,72.337327,coffee,348.32,975.55,20317.16,10376.0,20890.24,22256.21,22646.51,22767.65,17555.5,18404.99,-99999.0,Low,Commercial,Low,0,0,0,0.0,68.5
22.862632,72.673919,pizza,896.48,2129.72,11077.7,6240.08,11830.17,13822.23,20858.18,15725.62,10073.39,10417.81,-99999.0,Low,Commercial,Low,0,0,0,0.0,58.0
23.190198,72.554853,burger,2.26,2.26,2594.42,1434.78,1903.34,1878.57,2593.05,9858.26,1299.94,1630.98,-99999.0,Low,Grass,Low,0,0,0,0.0,67.5
22.840493,72.531339,sandwich,809.98,1570.29,14941.52,7128.45,17040.73,16034.91,19578.36,17995.19,14740.59,10010.11,18.96,Low,Commercial,Low,0,0,0,0.0,70.0
23.288138,72.616886,gujarati,25.03,1238.06,10603.15,12129.13,10253.94,10289.53,13094.83,21083.34,12800.6,7095.15,-99999.0,Low,Commercial,Low,0,0,0,0.0,66.0
23.276118,72.809252,punjabi,272.82,1246.86,12638.71,12663.33,20188.43,19515.12,26380.31,27074.48,15856.04,11058.85,-99999.0,Low,Commercial,Low,0,0,0,0.0,66.0
22.815511,72.728019,south_indian,900.07,1707.63,18438.65,12153.47,18983.65,20823.76,27370.43,22714.22,17330.46,17488.9,-99999.0,Low,Commercial,Low,0,0,0,0.0,66.0
23.137221,72.621443,chinese,44.95,331.43,2629.68,933.72,6471.76,1305.12,6416.61,6068.72,3028.34,671.97,-99999.0,Low,Residential,Low,0,0,0,0.0,71.0
22.938076,72.681758,fine_dining,67.15,439.21,6065.85,725.88,5709.71,6462.52,12988.82,8719.59,4862.83,4210.72,-99999.0,Low,Residential,Low,0,2,4,1.7,63.94
22.863545,72.562164,dessert,14.29,1773.52,11226.8,5307.68,13120.8,12934.2,17333.53,15434.69,11830.34,7823.58,-99999.0,Low,Commercial,Low,0,0,0,0.0,66.0
23.027787,72.863213,bakery,446.77,4056.19,14566.18,12717.94,22756.79,19000.72,23280.42,21951.29,19372.86,7932.42,-99999.0,Low,Commercial,Low,0,0,0,0.0,66.0
23.230409,72.462766,street_food,276.87,503.28,12693.52,6095.11,12273.86,12255.05,12984.95,17958.63,9620.72,1272.55,-99999.0,Low,Commercial,Low,0,0,0,0.0,70.0
23.050281,72.413618,fast_food,175.1,4311.24,5112.77,995.55,4996.55,5693.91,6888.58,4340.19,7691.84,4237.6,4.45,Low,Commercial,Low,0,0,0,0.0,58.0
23.248061,72.814901,cafe,224.67,1333.5,10457.96,10462.28,19593.4,18039.31,25788.68,24984.26,13627.3,12018.58,-99999.0,Low,Commercial,Low,0,0,0,0.0,65.5
22.953253,72.680591,coffee,235.99,524.9,4629.85,1379.07,5019.04,4815.51,11383.1,7441.65,4724.59,2526.08,-99999.0,Low,Residential,Low,0,0,0,0.0,63.5
23.102306,72.398647,pizza,7.77,3301.24,9481.69,3747.28,9910.22,9359.2,11982.84,9545.48,10787.15,7648.16,-99999.0,Low,Commercial,Low,0,0,0,0.0,58.0
23.176005,72.62284,burger,137.77,1479.97,835.59,518.5,2296.83,1164.55,4871.69,9518.73,3405.54,812.23,-99999.0,Low,Commercial,Low,0,0,0,0.0,58.0
23.183741,72.617605,sandwich,23.36,983.38,484.82,1220.74,1316.13,904.79,4411.5,10033.96,4380.32,304.11,-99999.0,Low,Residential,Low,0,0,0,0.0,67.0
22.810275,72.498011,gujarati,945.5,1206.25,18915.21,11155.16,21791.55,20325.77,23059.02,21867.26,16779.52,13959.49,-99999.0,Low,Commercial,Low,0,0,0,0.0,66.0
22.819349,72.848877,punjabi,221.87,221.87,25070.38,20007.53,27264.28,27006.16,33351.41,30208.06,26047.64,21545.68,-99999.0,Low,Commercial,Low,0,0,0,0.0,78.0
23.231787,72.792366,south_indian,60.92,1302.74,7593.94,7605.47,16895.56,15120.19,23061.57,22120.38,10792.32,10496.1,-99999.0,Low,Commercial,Low,0,0,0,0.0,66.0
22.957607,72.343597,chinese,33.92,1671.98,13690.69,6484.61,12659.31,14015.37,14552.48,13596.79,12495.47,12812.43,-99999.0,Low,Commercial,Low,0,0,0,0.0,66.0
23.231445,72.859231,fine_dining,69.38,1723.19,12960.45,12927.6,23603.41,21165.66,29708.94,26953.92,15777.51,16029.39,-99999.0,Low,Commercial,Low,0,0,0,0.0,66.0
22.851114,72.591874,dessert,6.47,329.35,11531.23,6527.77,13014.46,14219.3,19452.66,16466.42,11431.02,10382.81,69.67,Medium,Commercial,Low,0,0,0,0.0,82.0
22.843222,72.751149,bakery,8.81,985.4,17691.63,10668.3,17944.57,18908.55,25503.23,21375.94,16484.92,15462.09,-99999.0,Low,Commercial,Low,0,0,0,0.0,70.0
23.177601,72.384467,street_food,144.71,1009.58,13732.5,2762.86,17232.49,14801.27,18523.0,17629.66,15619.23,8295.97,-99999.0,Low,Commercial,Low,0,0,0,0.0,66.0
23.038136,72.628886,fast_food,76.84,1137.52,179.67,118.3,1527.59,2102.7,1367.84,2122.3,1617.2,1065.1,147.21,High,Industrial,Low,2,4,6,3.7,58.61
22.937227,72.816011,cafe,433.98,5790.55,12764.47,9607.77,19014.2,16660.57,22056.6,20604.29,16414.45,9782.31,-99999.0,Low,Commercial,Low,0,0,0,0.0,65.5
23.013106,72.432843,coffee,116.15,3109.94,3478.07,1117.25,2287.82,3281.15,3856.32,2627.13,6864.82,3490.85,4.39,Low,Residential,Low,0,0,0,0.0,60.5
23.068862,72.73336,pizza,62.76,2752.18,6316.06,2750.32,8742.78,5472.24,10132.56,8001.06,6762.84,2712.82,4.48,Low,Industrial,Low,0,0,0,0.0,52.0
22.906553,72.490795,burger,644.59,644.59,8314.7,865.9,11828.84,10692.25,12396.43,12099.14,6336.89,4841.82,-99999.0,Low,Commercial,Low,0,0,0,0.0,63.0
23.287672,72.686929,sandwich,93.9,4157.97,11637.92,12724.84,11559.12,11526.44,16813.95,23518.36,15113.76,1759.08,-99999.0,Low,Commercial,Low,0,0,0,0.0,66.0
23.020288,72.610194,gujarati,20.23,116.16,1243.18,227.39,1829.92,1159.64,4116.91,1212.9,804.11,1507.1,129.77,High,Residential,Low,0,0,0,0.0,90.85
22.868082,72.440324,punjabi,101.97,101.97,13592.99,4030.1,15554.55,16604.55,16761.37,17899.49,10361.6,10987.51,-99999.0,Low,Commercial,Low,0,0,0,0.0,78.0
22.972281,72.651219,south_indian,156.32,277.21,2765.47,473.9,2198.52,2139.77,8491.15,3806.53,2634.95,183.57,38.2,Low,Industrial,Low,0,0,0,0.0,76.0
22.920455,72.437726,chinese,137.91,147.87,8217.74,393.48,9834.92,10966.99,11184.29,12265.26,5097.62,5893.22,34.79,Low,Commercial,Low,0,0,0,0.0,82.0
22.844077,72.67604,fine_dining,311.29,3930.55,13025.97,8238.32,13837.73,15849.18,22919.69,17751.44,12063.47,12446.12,-99999.0,Low,Commercial,Low,0,0,0,0.0,66.0
22.919892,72.835144,dessert,755.68,5918.21,15506.57,12296.32,21299.23,19235.02,24760.97,23114.29,19005.69,12466.0,-99999.0,Low,Commercial,Low,0,0,0,0.0,66.0
23.222625,72.351097,bakery,233.17,989.38,19237.05,7788.32,22354.89,20764.74,23524.68,23579.44,19690.43,7010.23,-99999.0,Low,Commercial,Low,0,0,0,0.0,70.0
22.924242,72.698007,street_food,43.43,480.29,8129.86,1457.64,7922.58,8455.82,15044.64,10972.9,6889.56,5922.39,6.0,Low,Commercial,Low,0,0,0,0.0,74.0
22.912834,72.386741,fast_food,369.83,1681.74,12093.18,3804.72,12612.73,13970.77,14355.67,14577.01,9535.01,10344.76,-99999.0,Low,Commercial,Low,0,0,0,0.0,58.0
23.259047,72.641205,cafe,10.15,61.04,7365.69,8856.19,6983.46,6989.72,11378.34,18666.35,11433.15,3913.48,-99999.0,Low,Commercial,Low,0,0,0,0.0,77.5
23.036882,72.765079,coffee,318.49,493.4,5153.14,2643.94,12773.44,8893.27,13169.49,12054.56,10808.45,4377.92,4.03,Low,Residential,Low,0,0,0,0.0,66.5
23.197599,72.420438,pizza,250.9,2448.51,11974.97,2188.08,14806.58,14326.79,16032.64,18626.64,12147.06,4225.6,-99999.0,Low,Commercial,Low,0,0,0,0.0,58.0
22.856527,72.56001,burger,77.32,1944.57,12019.51,5892.01,13893.53,13729.49,18059.25,16189.97,12576.22,8504.93,3.47,Low,Commercial,Low,0,0,0,0.0,58.0
23.013318,72.580874,sandwich,0.3,342.66,385.96,87.69,1251.91,491.22,4630.65,1146.9,1605.41,412.62,132.41,High,Residential,Low,0,0,2,0.5,87.01
23.159956,72.700551,gujarati,107.76,127.79,2378.75,518.77,8128.37,3258.53,12959.66,10260.3,2915.08,2305.25,-99999.0,Low,Grass,Low,0,0,0,0.0,67.5
23.282399,72.367082,punjabi,350.89,350.89,22625.18,12245.14,23586.0,23569.05,24340.3,28826.06,20941.73,6022.31,-99999.0,Low,Commercial,Low,0,0,0,0.0,74.0
23.003258,72.506796,south_indian,58.03,671.74,1105.55,228.17,1156.56,940.5,2871.22,2653.2,2796.24,67.74,93.5,Medium,Residential,High,0,1,1,0.6,68.5
23.223603,72.454221,chinese,111.44,915.71,12326.15,5197.72,12828.51,12807.43,13456.92,17937.1,9914.19,131.06,-99999.0,Low,Commercial,Low,0,0,0,0.0,70.0
22.9013,72.570196,fine_dining,303.01,2145.29,7212.07,2460.39,9318.06,8704.56,13475.2,11416.47,8317.7,4580.65,-99999.0,Low,Commercial,Low,0,0,0,0.0,66.0
23.012503,72.471556,dessert,44.9,686.01,498.65,218.02,493.81,500.74,496.3,1615.61,4693.72,1805.67,5.22,Low,Commercial,Low,0,0,4,1.0,70.9
22.929907,72.845494,bakery,540.71,6552.73,15639.31,12646.81,22128.23,19770.05,25041.81,23729.46,19517.05,12826.91,-99999.0,Low,Commercial,Low,0,0,0,0.0,66.0
23.022703,72.809582,street_food,267.97,2789.16,9039.53,7287.35,17490.27,13603.98,17894.38,16876.06,14686.28,7293.47,4.32,Low,Commercial,Low,0,0,0,0.0,66.0
23.074156,72.339341,fast_food,855.09,2251.32,13168.27,7287.56,13045.97,13751.15,14849.01,12349.42,15503.46,12230.92,-99999.0,Low,Commercial,Low,0,0,0,0.0,58.0
23.289656,72.794896,cafe,227.8,883.26,13343.55,13383.1,19620.9,19543.49,25749.07,27519.81,16530.1,9722.26,-99999.0,Low,Commercial,Low,0,0,0,0.0,68.5
23.275118,72.847293,coffee,175.87,4871.3,14909.64,14910.54,23712.39,22472.57,29920.34,29423.97,18057.61,14951.31,-99999.0,Low,Commercial,Low,0,0,0,0.0,65.5
23.217374,72.40646,pizza,91.01,91.01,14538.01,4200.62,17204.3,16937.77,17876.56,21070.45,14088.41,3452.98,-99999.0,Low,Commercial,Low,0,0,0,0.0,78.0
23.043108,72.433973,burger,119.4,4665.49,2881.75,381.67,2770.54,3461.56,4723.64,2167.61,5685.52,2146.95,5.08,Low,Grass,Low,0,0,0,0.0,47.5
23.002499,72.344009,sandwich,291.14,633.7,12308.2,6173.01,11340.21,12467.45,13042.58,11324.63,13363.67,12109.09,-99999.0,Low,Commercial,Low,0,0,0,0.0,70.0
22.991907,72.881479,gujarati,81.06,1218.03,16509.48,14392.54,25392.43,21531.81,25804.53,24986.68,21771.23,12311.44,-99999.0,Low,Commercial,Low,0,0,0,0.0,66.0
22.937297,72.764761,punjabi,741.84,1303.23,9441.48,5772.55,13833.23,11964.72,17920.14,15719.95,11776.35,5886.56,-99999.0,Low,Commercial,Low,0,0,0,0.0,66.0
23.028404,72.555344,south_indian,18.84,230.86,496.03,73.48,675.04,372.14,1938.1,1206.37,1386.61,820.84,156.73,High,Residential,Low,0,2,6,2.2,83.81
23.269512,72.887345,chinese,203.05,2240.34,17619.97,17600.86,27378.5,25607.56,33574.47,31884.52,20596.04,19060.61,-99999.0,Low,Commercial,Low,0,0,0,0.0,66.0
23.076769,72.726677,fine_dining,166.55,2973.88,6526.61,1968.56,7939.81,4539.65,9719.79,7263.8,5657.45,1626.51,3.95,Low,Industrial,Low,0,0,0,0.0,60.0
22.884302,72.482091,dessert,399.87,399.87,10889.03,3257.67,13981.24,13304.27,14731.15,14695.2,8417.01,7443.83,4.81,Low,Commercial,Low,0,0,0,0.0,74.0
23.27498,72.645925,bakery,148.67,199.49,9156.93,10661.71,8801.46,8804.75,13102.29,20488.72,13127.99,3793.64,-99999.0,Low,Commercial,Low,0,0,0,0.0,78.0
23.070254,72.743826,street_food,275.71,1735.85,6742.82,2968.24,9774.03,6429.76,11212.44,9053.34,7409.53,3248.51,-99999.0,Low,Industrial,Low,0,0,0,0.0,60.0
22.837439,72.648823,fast_food,74.64,3705.23,12881.74,9679.86,13936.59,16018.84,23330.95,17881.47,12127.55,12705.04,-99999.0,Low,Commercial,Low,0,0,0,0.0,58.0
23.051368,72.804578,cafe,11.72,2829.18,9476.05,6639.52,16285.42,12970.19,17166.46,15513.24,13282.2,4277.89,-99999.0,Low,Commercial,Low,0,0,0,0.0,65.5
22.885568,72.867252,coffee,54.17,6652.9,20505.23,17204.1,25528.88,23930.29,29665.13,27684.04,23728.8,17365.77,-99999.0,Low,Commercial,Low,0,0,0,0.0,65.5
22.848454,72.417778,pizza,266.36,604.04,16363.96,5893.37,18057.76,19202.84,19413.91,20448.01,13153.21,13851.52,4.15,Low,Commercial,Low,0,0,0,0.0,63.0
23.095617,72.701623,burger,42.13,261.35,3719.56,273.57,5498.61,2016.55,8466.91,5124.2,2387.98,722.37,4.32,Low,Industrial,Low,0,0,0,0.0,67.0
22.922898,72.379534,sandwich,7.56,505.08,11952.56,4622.91,12151.36,13536.52,13958.75,13957.6,9659.69,10367.94,42.73,Low,Commercial,Low,0,0,0,0.0,78.0
23.237338,72.452805,gujarati,66.01,556.88,13778.2,6701.33,13515.61,13497.46,14245.43,19193.52,10897.14,1197.89,-99999.0,Low,Commercial,Low,0,0,0,0.0,70.0
23.095369,72.669241,punjabi,82.22,346.0,790.02,387.89,2400.7,1724.31,6209.49,2448.07,2687.96,1179.87,59.88,Medium,Industrial,Low,0,0,0,0.0,76.0
23.011228,72.64853,south_indian,52.29,1019.62,65.54,53.61,3962.34,1630.26,4217.59,2771.53,2316.54,1195.92,126.13,High,Residential,Low,0,0,1,0.25,77.0
23.060936,72.85213,chinese,7.08,6724.79,14359.66,11617.19,20913.31,17487.45,22083.44,20201.82,16051.38,4299.8,-99999.0,Low,Commercial,Low,0,0,0,0.0,66.0
22.908044,72.725391,fine_dining,473.99,1249.38,11027.8,4232.61,11256.56,11362.02,17934.16,14218.09,10175.3,8202.2,-99999.0,Low,Commercial,Low,0,0,0,0.0,66.0
22.924569,72.539556,dessert,96.37,96.37,6830.86,585.05,9154.79,7052.28,10306.66,8642.76,6680.02,682.18,7.58,Low,Industrial,Low,0,0,0,0.0,76.0
23.132411,72.483998,bakery,96.94,2658.15,2372.95,1091.75,6161.79,5343.18,7345.89,9446.12,7014.04,1397.98,-99999.0,Low,Industrial,Low,0,0,0,0.0,60.0
22.961765,72.746081,street_food,75.29,1555.94,6167.34,2474.53,11634.78,8995.06,14684.03,12939.09,8759.51,2575.5,2.98,Low,Residential,Low,0,0,0,0.0,63.0
22.844821,72.575806,fast_food,13.65,13.65,12611.5,7419.09,14267.88,14955.43,19658.79,17424.13,12775.74,10254.57,4.63,Low,Commercial,Low,0,0,0,0.0,78.0
23.289258,72.887736,cafe,549.64,4087.39,18996.33,18986.73,28136.98,26773.41,34345.0,33413.62,22064.62,19152.72,-99999.0,Low,Commercial,Low,0,0,0,0.0,65.5
22.845165,72.43363,coffee,39.32,39.32,16223.22,6292.23,18152.02,19220.36,19384.45,20527.34,12991.82,13615.64,36.45,Low,Commercial,Low,0,0,0,0.0,80.5
22.937296,72.85129,pizza,28.75,5556.03,15672.27,12841.48,22599.47,20051.29,25141.72,24054.24,19783.41,13026.98,-99999.0,Low,Commercial,Low,0,0,0,0.0,58.0
23.232815,72.819977,burger,45.89,1449.25,9665.34,9653.45,19679.88,17606.8,25824.87,24090.24,12731.37,13031.37,-99999.0,Low,Commercial,Low,0,0,0,0.0,58.0
22.987373,72.401493,sandwich,118.97,182.91,7356.3,477.18,5884.53,7225.38,7768.19,6916.21,7284.09,6281.1,5.0,Low,Commercial,Low,0,0,0,0.0,78.0
23.210198,72.718053,gujarati,82.5,358.23,3676.63,4752.94,8959.52,7757.17,15094.05,16064.58,6506.5,3330.55,-99999.0,Low,Commercial,Low,0,0,0,0.0,74.0
23.103605,72.882595,punjabi,465.07,1411.38,16151.7,13980.0,23982.88,20432.32,25902.26,23425.8,16467.23,6265.95,-99999.0,Low,Commercial,Low,0,0,0,0.0,66.0
23.123909,72.314537,south_indian,127.09,5603.12,17944.79,9540.98,17908.26,18298.29,19889.17,17331.1,19550.7,16453.72,-99999.0,Low,Commercial,Low,0,0,0,0.0,66.0
23.20221,72.48364,chinese,355.17,3561.17,9082.02,4479.08,9316.92,9292.23,9812.44,14181.84,6126.24,1188.15,-99999.0,Low,Commercial,Low,0,0,0,0.0,66.0
23.128427,72.854579,fine_dining,562.3,562.3,12315.58,11520.62,21586.23,18058.37,24003.72,21147.04,12954.62,5346.32,-99999.0,Low,Commercial,Low,0,0,0,0.0,70.0
22.87446,72.376949,dessert,370.17,1551.5,15905.74,5700.47,16783.04,18104.76,18449.04,18856.79,13016.72,13854.15,-99999.0,Low,Commercial,Low,0,0,0,0.0,66.0
22.861377,72.63087,bakery,215.55,705.9,10006.36,6692.13,11187.32,13114.8,20108.2,15083.63,9405.04,10096.56,-99999.0,Low,Commercial,Low,0,0,0,0.0,70.0
22.940727,72.660801,street_food,92.74,927.48,3916.9,762.26,3751.23,5352.31,12108.56,7229.71,2697.6,2242.17,21.69,Low,Industrial,Low,0,0,0,0.0,68.0
23.154454,72.428086,fast_food,195.39,5198.68,8595.64,643.7,12223.4,9895.02,13378.85,13845.8,11431.46,6260.45,-99999.0,Low,Industrial,Low,0,0,0,0.0,52.0
23.114434,72.463111,cafe,184.66,3943.12,4337.13,520.68,7985.66,4191.68,8115.25,8910.92,7401.58,2351.85,-99999.0,Low,Industrial,Low,0,0,0,0.0,55.5
23.044495,72.835095,coffee,457.84,5364.47,12107.67,9713.24,19504.59,16057.56,20294.02,18729.01,16051.56,5060.65,-99999.0,Low,Commercial,Low,0,0,0,0.0,65.5
23.21613,72.363533,pizza,85.8,85.8,17782.05,6343.56,20892.69,19379.33,22129.36,22396.89,18279.08,6259.62,-99999.0,Low,Commercial,Low,0,0,0,0.0,78.0
23.013316,72.470475,burger,5.92,820.4,377.76,81.99,447.09,394.66,388.07,1583.89,4653.47,1897.66,5.58,Low,Commercial,Low,0,2,6,2.2,60.25
22.811702,72.757249,sandwich,3.18,348.1,20631.69,13878.87,21023.92,22318.84,28912.54,24595.7,19465.87,19004.51,-99999.0,Low,Commercial,Low,0,0,0,0.0,74.0
23.115814,72.461934,gujarati,135.21,4107.13,4427.12,629.44,8176.78,4386.39,8284.15,9065.98,7593.23,2534.54,-99999.0,Low,Industrial,Low,0,0,0,0.0,60.0
23.165791,72.629975,punjabi,85.86,637.99,1545.05,386.35,3419.53,2090.99,5723.74,8982.62,2149.91,753.0,-99999.0,Low,Residential,Low,0,0,0,0.0,67.0
23.01529,72.315608,south_indian,197.6,978.98,14887.2,8747.03,14260.83,15286.74,15859.03,13905.14,16594.56,14661.15,-99999.0,Low,Commercial,Low,0,0,0,0.0,70.0
22.846117,72.822202,chinese,533.63,534.59,21130.23,16124.32,23326.42,22971.12,29318.3,26201.28,22164.89,17577.82,-99999.0,Low,Commercial,Low,0,0,0,0.0,70.0
23.243886,72.626442,fine_dining,18.72,402.16,5814.93,7171.68,5265.85,5297.41,9132.32,16579.76,9217.58,5324.4,-99999.0,Low,Commercial,Low,0,0,0,0.0,74.0
23.210606,72.647856,dessert,54.63,1262.99,2210.05,3627.38,2259.78,2199.84,8344.65,14122.24,6044.83,1114.87,-99999.0,Low,Residential,Low,0,0,0,0.0,63.0
22.881085,72.383918,bakery,477.71,1485.73,14886.39,4713.9,15800.26,17114.16,17451.91,17902.2,11991.68,12829.21,-99999.0,Low,Commercial,Low,0,0,0,0.0,66.0
22.957964,72.831409,street_food,1853.62,4172.0,12753.51,10163.91,20393.22,17458.62,22267.59,21521.21,17166.03,10356.0,3.46,Low,Commercial,Low,0,0,0,0.0,66.0
23.192139,72.809207,fast_food,471.12,981.47,6588.31,6534.02,18173.76,14889.23,23797.34,20233.19,9137.47,10474.65,-99999.0,Low,Commercial,Low,0,0,0,0.0,63.0
23.241484,72.431844,cafe,146.31,1695.38,15136.26,7157.05,15668.24,15649.23,16364.52,20943.22,12910.73,161.69,-99999.0,Low,Commercial,Low,0,0,0,0.0,65.5
22.929774,72.36962,coffee,108.09,646.07,12377.5,5777.63,12270.02,13669.47,14125.57,13892.33,10334.55,10952.57,-99999.0,Low,Commercial,Low,0,0,0,0.0,68.5
23.184456,72.822798,pizza,126.97,232.76,7819.11,7752.18,19605.54,16053.73,24307.87,20835.77,10052.57,9962.11,-99999.0,Low,Commercial,Low,0,0,0,0.0,73.0
23.005061,72.669984,burger,60.75,256.79,1213.95,158.66,5454.81,674.82,5810.21,4592.2,910.21,588.12,84.02,Medium,Residential,Low,0,1,1,0.6,81.0
22.884186,72.849331,sandwich,1712.36,4948.43,19324.29,15907.59,23858.37,22445.07,28322.63,26126.45,22260.33,16060.06,-99999.0,Low,Commercial,Low,0,0,0,0.0,66.0
23.225011,72.876199,gujarati,40.3,40.3,14248.56,14205.98,25220.61,22527.44,31281.33,27894.78,16902.81,15919.35,-99999.0,Low,Commercial,Low,0,0,0,0.0,82.0
23.19917,72.821221,punjabi,29.47,421.01,7983.76,7934.52,19398.77,16285.99,25233.17,21680.0,10590.76,11519.22,-99999.0,Low,Commercial,Low,0,0,0,0.0,74.0
22.821897,72.737207,south_indian,390.43,1494.37,18441.89,11885.65,18899.91,20476.94,27049.73,22551.06,17298.06,17388.21,-99999.0,Low,Commercial,Low,0,0,0,0.0,66.0
22.969449,72.849873,chinese,1258.34,2408.8,13958.87,11713.66,22294.28,19078.63,23475.7,23173.18,18762.97,11944.03,-99999.0,Low,Commercial,Low,0,0,0,0.0,66.0
23.195073,72.811157,fine_dining,155.05,685.5,6866.04,6815.21,18367.27,15169.23,24163.77,20593.31,9470.17,10842.66,-99999.0,Low,Commercial,Low,0,0,0,0.0,70.0
23.19916,72.464747,dessert,41.56,3826.76,9416.68,2962.7,11181.77,11155.67,11598.87,15227.22,7787.4,396.95,-99999.0,Low,Commercial,Low,0,0,0,0.0,66.0
23.18794,72.372695,bakery,85.34,85.34,15329.34,4061.65,18752.53,16464.4,20158.37,19161.19,16866.97,7924.05,-99999.0,Low,Commercial,Low,0,0,0,0.0,82.0
23.22864,72.807984,street_food,137.4,137.4,8431.66,8424.95,18384.92,16308.17,24522.3,22908.56,11540.7,12084.38,-99999.0,Low,Commercial,Low,0,0,0,0.0,78.0
22.916768,72.78362,fast_food,515.55,1814.08,12371.01,8731.98,16290.13,14838.42,20889.62,18478.69,14670.87,8853.93,3.51,Low,Commercial,Low,0,0,0,0.0,58.0
23.030946,72.487011,cafe,91.06,909.22,962.75,359.36,679.4,923.04,2326.64,358.92,2317.9,491.51,85.98,Medium,Grass,Low,0,0,6,1.5,73.08
23.191766,72.442005,coffee,404.1,3816.77,9993.62,1771.65,12596.99,12685.01,13756.58,16455.52,9858.92,2802.28,-99999.0,Low,Industrial,Low,0,0,0,0.0,55.5
22.821359,72.422015,pizza,0.49,88.41,19082.02,8860.02,20929.72,22031.4,22212.85,23357.26,15851.85,16492.31,2.05,Low,Commercial,Low,0,0,0,0.0,78.0
22.967566,72.811325,burger,259.76,3306.39,10435.66,7912.29,18335.77,15217.91,19949.36,19297.53,14915.81,8105.1,4.25,Low,Commercial,Low,0,0,0,0.0,58.0
23.274107,72.471892,sandwich,17.45,1060.18,15143.15,11022.56,14144.16,14136.33,15143.3,21530.51,12641.63,5570.48,-99999.0,Low,Commercial,Low,0,0,0,0.0,66.0
23.117911,72.541813,gujarati,81.67,436.86,1946.04,183.31,1161.52,1071.52,3405.94,3386.46,1780.15,488.7,6.21,Low,Residential,Low,0,1,3,1.1,66.5
23.280952,72.621005,punjabi,231.68,1651.87,9832.42,11300.82,9408.66,9441.13,12496.56,20393.36,12271.16,6412.31,-99999.0,Low,Commercial,Low,0,0,0,0.0,66.0
23.260834,72.376898,south_indian,18.84,2532.9,20142.01,9653.59,21686.56,21667.32,22366.11,26468.05,18831.3,3976.66,-99999.0,Low,Commercial,Low,0,0,0,0.0,66.0
23.275792,72.413569,chinese,18.44,512.81,19367.53,10645.88,19057.72,19043.13,19887.31,25035.46,16706.01,2924.82,-99999.0,Low,Commercial,Low,0,0,0,0.0,70.0
23.272016,72.46397,fine_dining,134.33,706.59,15562.76,10646.69,14599.2,14589.71,15562.48,21721.25,12897.79,4869.02,-99999.0,Low,Commercial,Low,0,0,0,0.0,70.0
22.862033,72.562047,dessert,148.37,1940.57,11381.06,5446.32,13267.43,13102.1,17495.85,15600.29,11967.98,7979.17,-99999.0,Low,Commercial,Low,0,0,0,0.0,66.0
23.159702,72.491933,bakery,42.83,4377.8,4314.49,1728.66,6371.14,6518.64,8734.8,10235.89,4999.25,1135.69,-99999.0,Low,Residential,Low,0,0,0,0.0,63.0
23.10098,72.606625,street_food,54.09,982.75,566.74,261.3,2517.69,1104.35,2688.19,3085.91,2914.0,137.36,77.09,Medium,Residential,Low,0,0,0,0.0,81.0
22.994894,72.644421,fast_food,40.34,1020.66,975.44,307.58,3134.0,1301.76,5909.93,1914.06,2218.44,749.46,48.03,Low,Industrial,Low,0,0,1,0.25,60.4
22.932267,72.721095,cafe,165.17,397.92,8539.05,3978.6,9665.27,8926.93,15425.47,12140.15,8863.46,5604.52,18.31,Low,Residential,Low,0,0,0,0.0,69.5
22.810812,72.846834,coffee,1170.85,1170.85,25778.8,20368.51,27657.98,27552.05,33941.77,30679.34,26397.38,22232.95,-99999.0,Low,Commercial,Low,0,0,0,0.0,65.5
23.068457,72.727269,pizza,23.32,3347.16,6158.2,2148.11,8139.48,4919.52,9515.17,7386.87,6379.62,2139.33,1.73,Low,Commercial,Low,0,0,0,0.0,58.0
23.166136,72.698965,burger,178.72,642.4,1698.18,621.3,7662.62,3243.64,12719.36,10809.55,3589.05,2254.98,-99999.0,Low,Grass,Low,0,0,0,0.0,52.5
22.984826,72.350585,sandwich,730.82,730.82,12360.65,5118.86,10952.47,12207.3,12773.57,11403.29,12127.77,11493.38,-99999.0,Low,Commercial,Low,0,0,0,0.0,70.0
23.128834,72.501516,gujarati,43.04,1079.44,762.68,146.02,4349.76,4465.16,5829.89,7631.03,5494.69,309.2,22.1,Low,Residential,Low,0,0,0,0.0,67.0
22.96068,72.801849,punjabi,76.84,4018.68,10014.38,7176.39,17356.13,14445.47,19451.84,18494.26,14161.28,7365.41,4.37,Low,Commercial,Low,0,0,0,0.0,66.0
23.155482,72.484187,south_indian,129.81,4493.94,4203.26,1166.84,6829.28,6983.69,9257.59,10603.07,5913.13,1241.31,-99999.0,Low,Residential,Low,0,0,0,0.0,63.0
22.958457,72.546868,chinese,51.64,771.53,4417.91,446.91,5438.09,3630.91,6725.22,4848.9,3431.1,65.49,-99999.0,Low,Industrial,High,0,0,0,0.0,56.0
23.003152,72.48148,fine_dining,5.18,600.98,1757.65,316.44,1639.32,1692.3,1902.93,2540.98,4975.54,1556.89,4.51,Low,Commercial,Low,0,0,5,1.25,70.0
22.871098,72.553859,dessert,290.36,1045.95,10923.06,4163.71,12945.81,12214.28,16365.57,14540.07,11782.79,6784.25,-99999.0,Low,Commercial,Low,0,0,0,0.0,66.0
23.261375,72.702844,bakery,231.95,1731.56,8860.91,10324.87,10216.5,10157.23,16102.38,20974.68,12379.21,1059.47,-99999.0,Low,Commercial,Low,0,0,0,0.0,66.0
23.243347,72.666999,street_food,9.2,324.8,6331.02,7491.05,6308.25,6266.24,11969.52,18241.19,9863.1,1539.42,-99999.0,Low,Commercial,Low,0,0,0,0.0,74.0
22.954456,72.627804,fast_food,31.74,1524.44,475.13,311.11,1006.65,2992.24,10387.14,4767.73,340.02,1330.82,90.88,Medium,Industrial,Low,0,0,0,0.0,66.0
22.810195,72.47641,cafe,116.01,712.25,19091.61,10621.27,22016.25,21215.36,22899.9,22496.19,16489.62,14777.46,3.73,Low,Commercial,Low,0,0,0,0.0,68.5
23.016346,72.646391,coffee,25.05,580.46,234.13,218.92,3364.81,2055.12,3612.5,2960.59,2864.18,803.84,121.47,High,Residential,Low,0,0,0,0.0,74.0
23.124259,72.579693,pizza,126.21,328.11,339.67,285.91,3687.24,1403.11,4017.78,2539.62,2445.28,1292.47,-99999.0,Low,Residential,Low,0,1,2,0.85,62.0
23.022237,72.433947,burger,20.96,4125.64,2860.86,683.19,2635.03,3218.4,3769.3,1903.5,6493.67,2952.41,-99999.0,Low,Residential,Low,0,0,0,0.0,55.45
23.037129,72.832685,sandwich,310.05,4522.66,11656.58,9493.54,19464.11,15816.05,20079.13,18663.73,16458.5,5791.4,-99999.0,Low,Commercial,Low,0,0,0,0.0,66.0
23.192092,72.408421,gujarati,20.25,2069.7,12504.56,1401.82,15585.43,14451.51,17178.94,18402.31,13268.6,5485.6,-99999.0,Low,Commercial,Low,0,0,0,0.0,66.0
22.850702,72.608962,punjabi,165.19,1072.76,11279.65,6793.79,12605.35,14134.17,20131.64,16351.25,10914.09,11356.46,-99999.0,Low,Commercial,Low,0,0,0,0.0,66.0
23.113812,72.504409,south_indian,50.39,71.85,961.48,700.98,4355.39,3580.6,4412.69,6867.06,4972.22,1227.08,5.07,Low,Residential,Low,0,0,0,0.0,79.0
23.202843,72.74566,chinese,156.99,478.9,2787.65,2863.38,11679.76,9363.38,17693.68,16696.53,5760.86,6262.71,-99999.0,Low,Commercial,Low,0,0,0,0.0,74.0
23.132942,72.440292,fine_dining,176.7,6529.18,6683.4,636.36,10635.56,7265.89,11092.77,11229.55,10262.99,5439.06,-99999.0,Low,Industrial,Low,0,0,0,0.0,60.0
22.905582,72.324167,dessert,228.4,3535.49,17757.37,10269.31,17522.77,18924.04,19402.77,18944.68,15640.0,16305.5,3.42,Low,Commercial,Low,0,0,0,0.0,66.0
22.927524,72.585579,bakery,111.61,126.41,3999.57,1175.35,6182.35,5918.13,11435.94,8303.23,5492.53,3062.22,5.94,Low,Industrial,Low,0,0,0,0.0,72.0
23.217874,72.35224,street_food,107.86,1131.79,18841.67,7382.52,22009.22,20299.17,23301.26,23054.28,19448.74,7140.41,-99999.0,Low,Commercial,Low,0,0,0,0.0,66.0
23.008932,72.675264,fast_food,45.81,709.15,1676.73,260.77,5435.36,1190.18,5815.17,5213.03,1533.15,1214.0,43.03,Low,Residential,Low,0,0,2,0.5,68.0
22.903329,72.713885,cafe,27.85,27.85,10616.73,3327.2,10592.47,11240.37,17835.9,13787.37,9368.16,8503.15,4.9,Low,Commercial,Low,0,0,0,0.0,77.5
23.047301,72.451511,coffee,33.02,2911.14,1658.68,402.67,1850.37,2285.89,3885.36,1860.19,3837.53,356.85,23.55,Low,Grass,Low,0,0,0,0.0,51.99
23.124908,72.313216,pizza,229.63,5755.69,18116.92,9630.97,18082.59,18456.37,20063.86,17505.79,19719.52,16621.4,-99999.0,Low,Commercial,Low,0,0,0,0.0,58.0
23.170463,72.756627,burger,61.86,3647.38,1286.95,1076.6,13107.96,9109.08,18287.49,14617.74,3293.64,6657.36,-99999.0,Low,Commercial,Low,0,0,0,0.0,58.0
22.861162,72.556585,sandwich,254.67,2157.35,11732.13,5278.93,13660.83,13260.86,17495.88,15653.68,12400.43,7919.95,-99999.0,Low,Commercial,Low,0,0,0,0.0,66.0
22.894426,72.86562,gujarati,65.11,6953.7,19717.91,16476.98,25058.44,23302.77,28944.85,27106.19,23090.14,16642.97,-99999.0,Low,Commercial,Low,0,0,0,0.0,66.0
23.05862,72.339127,punjabi,65.5,2438.08,12688.63,7403.83,12551.03,13272.05,14219.45,11804.84,15345.92,11930.9,-99999.0,Low,Commercial,Low,0,0,0,0.0,66.0
22.929615,72.802035,south_indian,733.38,4166.52,12336.87,8934.91,17750.56,15712.7,21385.96,19562.3,15494.37,9092.77,-99999.0,Low,Commercial,Low,0,0,0,0.0,66.0
23.029102,72.774822,chinese,188.9,1452.79,5701.83,3884.44,13861.46,9974.45,14264.34,13308.37,11421.49,4841.66,4.42,Low,Residential,Low,0,0,0,0.0,63.0
23.130437,72.882978,fine_dining,715.99,1521.82,14898.89,14395.28,24473.25,20937.29,26801.99,24016.16,15775.6,7601.13,-99999.0,Low,Commercial,Low,0,0,0,0.0,66.0
23.095817,72.861023,dessert,88.23,2859.86,14805.25,11778.96,21712.67,18168.13,23552.18,21133.07,14747.23,3918.75,-99999.0,Low,Commercial,Low,0,0,0,0.0,66.0
23.237884,72.665338,bakery,89.02,933.16,5716.87,6866.72,5718.14,5672.73,11466.98,17634.31,9236.44,1827.07,-99999.0,Low,Commercial,Low,0,0,0,0.0,70.0
23.155252,72.602771,street_food,174.36,174.36,1755.48,798.06,4599.82,3972.54,3661.06,6531.8,4478.95,655.23,-99999.0,Low,Residential,Low,0,0,0,0.0,75.0
23.208673,72.627766,fast_food,11.19,1256.63,2095.08,3268.46,1398.58,1451.16,6457.84,12979.49,6192.19,1762.6,-99999.0,Low,Residential,Low,0,0,0,0.0,55.0
23.24066,72.74132,cafe,155.37,305.3,6996.94,7074.8,12229.08,11876.4,18433.62,20125.35,9805.87,5498.39,-99999.0,Low,Commercial,Low,0,0,0,0.0,71.5
23.037844,72.460331,coffee,0.52,1904.99,606.95,195.15,717.37,907.93,2541.8,574.73,3287.73,117.3,109.34,High,Commercial,Low,0,0,3,0.75,86.06
22.928675,72.679844,pizza,65.74,410.26,6221.7,392.62,6111.34,7434.33,13905.38,9413.36,4976.46,4608.56,7.26,Low,Commercial,Low,0,0,0,0.0,68.0
23.177591,72.612354,burger,274.66,1302.21,941.07,792.35,1975.53,1641.01,3799.91,9192.08,4372.91,1071.76,-99999.0,Low,Residential,Low,0,0,0,0.0,55.0
23.110839,72.469267,sandwich,47.11,3216.63,3837.13,185.65,7353.87,3502.51,7383.5,8528.44,6763.54,1606.2,-99999.0,Low,Industrial,Low,0,0,0,0.0,60.0
22.847192,72.475722,gujarati,216.93,2269.43,15051.29,6695.26,17935.1,17353.42,18800.69,18695.15,12397.36,11245.43,1.43,Low,Commercial,Low,0,0,0,0.0,66.0
22.940423,72.495432,punjabi,81.74,248.42,4532.24,1358.93,8128.75,7199.52,8849.14,8694.6,3680.4,1675.12,4.96,Low,Industrial,Low,0,0,0,0.0,72.0
23.069273,72.390257,south_indian,21.67,2859.72,8198.52,2054.88,8099.0,8767.97,10051.37,7494.03,10268.36,7091.83,-99999.0,Low,Commercial,Low,0,0,0,0.0,66.0
22.921006,72.712491,chinese,11.01,11.01,9131.96,2785.83,9383.84,9445.96,16032.17,12268.58,8408.75,6585.7,44.91,Low,Commercial,Low,0,0,0,0.0,90.0
23.149081,72.347253,fine_dining,452.22,3071.13,16382.61,5624.36,17262.75,16097.82,19331.06,16845.94,18057.72,12957.0,-99999.0,Low,Commercial,Low,0,0,0,0.0,66.0
23.005648,72.624714,dessert,37.13,256.11,724.41,85.43,2094.23,1779.39,4842.95,916.1,987.94,1478.77,139.55,High,Residential,Low,1,1,1,1.0,87.05
23.009572,72.429964,bakery,137.1,2705.48,3953.74,1305.24,2515.37,3634.02,4206.9,3115.57,6685.02,3572.71,2.54,Low,Residential,Low,0,0,0,0.0,63.0
23.011669,72.834806,street_food,762.09,1757.46,11560.27,9595.04,20247.27,16368.45,20655.39,19729.56,17063.96,8601.28,-99999.0,Low,Commercial,Low,0,0,0,0.0,66.0
23.090358,72.713403,fast_food,467.9,1366.58,5025.83,434.58,6585.3,3033.12,9125.39,6082.99,3631.5,690.83,1.72,Low,Commercial,Low,0,0,0,0.0,58.0
23.221231,72.754045,cafe,216.03,1654.76,4878.93,4939.26,12810.76,11259.55,18968.97,18873.53,7957.28,6685.12,-99999.0,Low,Commercial,Low,0,0,0,0.0,65.5
22.992583,72.31342,coffee,482.65,3128.18,15627.46,8988.67,14561.53,15732.15,16306.38,14644.84,16035.48,15236.94,-99999.0,Low,Commercial,Low,0,0,0,0.0,65.5
22.978844,72.747016,pizza,450.64,1257.43,4549.81,1204.49,11871.21,8505.31,13611.2,12585.32,8207.29,1396.11,-99999.0,Low,Residential,Low,0,0,0,0.0,55.0
23.219655,72.86299,burger,565.95,565.95,12773.03,12730.09,23808.98,21054.94,29849.53,26453.57,15431.33,14937.79,-99999.0,Low,Commercial,Low,0,0,0,0.0,63.0
23.01113,72.743559,sandwich,210.43,745.58,2211.2,887.64,11223.25,7427.27,11641.03,11590.11,7797.49,1333.75,3.31,Low,Residential,Low,0,0,0,0.0,67.0
23.072144,72.659887,gujarati,20.2,325.26,187.95,78.3,1653.4,961.49,3561.89,689.8,2264.53,411.36,129.88,High,Residential,Low,0,0,1,0.25,88.08
22.915859,72.437265,punjabi,51.14,136.0,8696.92,424.95,10344.67,11471.99,11684.94,12776.63,5552.38,6332.95,37.04,Low,Commercial,Low,0,0,0,0.0,82.0
23.019201,72.326834,south_indian,53.59,53.59,13692.78,7566.02,13145.59,14138.56,14708.91,12712.77,15714.22,13441.68,20.26,Low,Commercial,Low,0,0,0,0.0,86.0
22.971342,72.703902,chinese,247.18,2393.38,4175.48,1277.73,7375.23,4673.04,10890.67,8501.19,4501.66,1354.0,4.92,Low,Residential,Low,0,0,0,0.0,63.0
23.004072,72.405726,fine_dining,118.24,2052.25,6353.82,2105.39,5011.97,6192.66,6764.61,5422.39,7920.62,5819.28,5.83,Low,Commercial,Low,0,0,0,0.0,66.0
23.034347,72.384024,dessert,302.53,843.67,7751.77,2114.0,7594.74,8317.81,9051.54,6797.81,10898.17,7358.78,-99999.0,Low,Commercial,Low,0,0,0,0.0,70.0
23.108683,72.325641,bakery,73.48,4173.2,16124.27,9268.79,16028.59,16688.99,17982.38,15426.18,17855.74,14795.21,-99999.0,Low,Commercial,Low,0,0,0,0.0,66.0
22.99913,72.637347,street_food,24.68,203.76,165.44,119.35,2993.71,1013.59,5393.7,1181.89,2468.49,1052.59,77.46,Medium,Industrial,Low,0,0,1,0.25,87.92
22.823009,72.682795,fast_food,98.15,5488.35,15443.46,10517.9,16270.89,18283.88,25340.04,20186.11,14493.76,14880.77,-99999.0,Low,Commercial,Low,0,0,0,0.0,58.0
22.875136,72.577785,cafe,755.43,828.37,9383.12,4141.23,11183.18,11603.01,16474.07,14105.11,9830.34,7361.64,1.98,Low,Commercial,Low,0,0,0,0.0,68.5
22.834137,72.52988,coffee,454.47,857.11,15645.69,7841.35,17692.81,16753.37,20282.34,18710.42,15304.19,10723.63,4.4,Low,Commercial,Low,0,0,0,0.0,68.5
22.911597,72.499571,pizza,1467.27,1467.27,7688.94,1334.59,11204.87,9816.55,12039.09,11187.31,6286.67,3953.38,-99999.0,Low,Commercial,Low,0,0,0,0.0,58.0
23.17539,72.529893,burger,33.07,2742.48,4580.9,1614.44,4623.99,4445.26,4649.93,9086.56,748.05,0.0,-99999.0,Low,Residential,High,0,0,0,0.0,47.0
23.170965,72.792516,sandwich,380.19,1360.08,4741.39,4618.15,16702.58,12755.73,20964.12,17444.56,6631.9,7743.29,-99999.0,Low,Commercial,Low,0,0,0,0.0,66.0
22.93109,72.357506,gujarati,111.33,1896.52,13391.73,7018.83,13085.17,14486.57,14964.67,14555.06,11483.17,12057.6,-99999.0,Low,Commercial,Low,0,0,0,0.0,66.0
22.819304,72.622863,punjabi,700.8,711.63,14646.3,10531.79,15878.51,17655.45,23890.6,19738.63,14112.17,14822.99,-99999.0,Low,Commercial,Low,0,0,0,0.0,70.0
23.289956,72.512977,south_indian,171.84,1820.16,14105.74,12698.44,12937.15,12940.48,14108.64,21595.52,12737.15,9627.79,-99999.0,Low,Commercial,Low,0,0,0,0.0,66.0
23.122069,72.763115,chinese,107.47,1008.65,6385.15,2930.94,12391.38,8965.17,15306.14,12072.32,4733.47,1696.97,-99999.0,Low,Industrial,Low,0,0,0,0.0,60.0
23.122842,72.747455,fine_dining,130.71,130.71,6077.25,2452.38,10932.22,7563.34,14029.85,10671.63,3713.4,1334.73,-99999.0,Low,Industrial,Low,0,0,0,0.0,72.0
23.265814,72.425629,dessert,619.24,1481.22,17812.69,9649.42,17433.3,17418.16,18248.79,23396.64,15049.1,2159.31,-99999.0,Low,Commercial,Low,0,0,0,0.0,66.0
22.819782,72.398382,bakery,223.37,1696.36,20049.8,9416.25,21617.8,22805.23,23041.35,23950.1,16855.7,17572.91,-99999.0,Low,Commercial,Low,0,0,0,0.0,66.0
22.870586,72.698286,street_food,344.97,3043.27,11738.19,5404.28,12193.61,14004.64,20610.18,15893.39,10586.52,10687.35,-99999.0,Low,Commercial,Low,0,0,0,0.0,66.0
23.080705,72.436419,fast_food,166.15,5260.71,5064.81,1173.66,5861.32,5288.48,7882.32,5732.75,6235.77,3099.39,-99999.0,Low,Commercial,Low,0,0,0,0.0,58.0
23.145743,72.754801,cafe,225.92,1617.93,3633.71,3023.86,12792.49,8884.91,16217.34,12677.54,2569.16,3980.47,-99999.0,Low,Commercial,Low,0,0,0,0.0,65.5
22.890539,72.662204,coffee,424.71,748.51,7786.68,3865.34,8513.16,10511.56,17611.46,12414.42,6759.28,7107.69,-99999.0,Low,Commercial,Low,0,0,0,0.0,68.5
23.169004,72.376429,pizza,57.9,57.9,14100.39,3118.65,17357.68,14779.6,18745.65,17101.37,16467.7,9555.02,-99999.0,Low,Commercial,Low,0,0,0,0.0,78.0
23.203265,72.869538,burger,525.15,1141.14,12883.86,12827.23,24354.8,21178.36,29381.98,25975.39,15267.53,13423.83,-99999.0,Low,Commercial,Low,0,0,0,0.0,58.0
22.861887,72.324893,sandwich,160.18,160.18,20587.99,11102.72,20935.29,22320.46,22739.26,22683.53,17970.04,18820.14,-99999.0,Low,Commercial,Low,0,0,0,0.0,78.0
22.959739,72.702861,gujarati,431.75,1228.87,4989.81,1349.32,7207.0,5410.05,11857.13,8925.8,5316.77,2239.87,4.73,Low,Residential,Low,0,0,0,0.0,63.0
23.269923,72.54006,punjabi,529.09,1689.81,10970.17,10023.33,9763.05,9766.46,10974.2,18819.66,9971.98,9956.13,-99999.0,Low,Commercial,Low,0,0,0,0.0,66.0
23.153207,72.354078,south_indian,180.82,2361.19,15787.11,4902.6,17166.73,15691.84,19239.09,16784.64,17786.36,12206.72,-99999.0,Low,Commercial,Low,0,0,0,0.0,66.0
23.141495,72.673801,chinese,220.54,1372.01,4468.31,857.61,6876.42,1779.91,10806.47,7368.15,3038.48,0.0,-99999.0,Low,Grass,High,0,0,0,0.0,47.5
22.858913,72.758039,fine_dining,35.61,596.15,17122.6,9903.8,17228.74,17752.72,24324.05,20474.29,15888.33,13851.04,-99999.0,Low,Commercial,Low,0,0,0,0.0,70.0
23.218141,72.658239,dessert,211.06,1160.44,3473.64,4611.21,3608.02,3544.54,9674.48,15394.18,6957.06,1571.01,-99999.0,Low,Residential,Low,0,0,0,0.0,63.0
22.868106,72.88063,bakery,768.22,5195.52,22836.85,19492.71,27502.93,26110.37,31937.71,29799.52,25921.73,19650.51,-99999.0,Low,Commercial,Low,0,0,0,0.0,66.0
23.185665,72.511378,street_food,269.12,3258.95,6362.46,3679.49,6331.03,6301.94,6625.46,11025.93,2784.55,1342.39,-99999.0,Low,Industrial,Low,0,0,0,0.0,60.0
23.015621,72.524931,fast_food,28.2,241.95,63.72,83.64,412.04,83.97,586.7,1162.36,2589.88,1222.04,147.37,High,Residential,Low,1,6,14,6.0,78.33
23.052861,72.507914,cafe,10.21,993.37,737.73,35.6,838.16,825.97,4572.57,2848.92,282.53,151.34,115.39,High,Residential,Low,0,5,21,7.0,65.46
23.217796,72.786952,coffee,403.29,2057.43,6052.64,6055.57,16059.0,13842.59,22156.68,20576.9,9221.59,10073.12,-99999.0,Low,Commercial,Low,0,0,0,0.0,65.5
22.860659,72.867257,pizza,770.88,4363.41,22492.44,19040.97,26578.25,25435.6,31415.6,29026.79,25267.21,19189.07,-99999.0,Low,Commercial,Low,0,0,0,0.0,58.0
23.115081,72.79065,burger,114.87,3263.68,8264.05,4824.21,14872.24,11348.99,17405.98,14444.79,7406.09,1746.68,-99999.0,Low,Commercial,Low,0,0,0,0.0,58.0
23.149508,72.562583,sandwich,122.11,1150.04,2656.15,677.25,3034.82,1948.88,3247.44,5282.02,1058.32,756.99,-99999.0,Low,Commercial,Low,0,0,0,0.0,66.0
23.162222,72.869975,gujarati,288.63,2243.43,12731.43,12610.08,24203.06,20602.78,27012.98,23883.37,14287.79,9336.61,-99999.0,Low,Commercial,Low,0,0,0,0.0,66.0
22.93964,72.778756,punjabi,209.64,2704.97,9974.79,6436.02,15197.2,13081.43,18827.14,16930.91,12866.57,6580.72,2.74,Low,Commercial,Low,0,0,0,0.0,66.0
23.068323,72.590429,south_indian,148.99,212.08,696.07,167.54,1416.92,823.89,2059.15,1507.74,356.41,287.27,65.72,Medium,Industrial,Low,0,0,1,0.25,81.16
23.019076,72.733995,chinese,252.28,1270.65,1405.91,1290.73,10009.64,6188.65,10425.74,10274.13,7105.17,704.63,5.28,Low,Residential,Low,0,0,0,0.0,63.0
22.93883,72.803994,fine_dining,612.52,5013.98,11737.04,8473.9,17768.64,15456.21,20940.0,19381.91,15216.65,8643.19,-99999.0,Low,Commercial,Low,0,0,0,0.0,66.0
23.208751,72.360264,dessert,532.21,569.62,17598.76,6140.6,20826.79,19000.03,22312.21,21788.43,18432.36,7020.93,-99999.0,Low,Commercial,Low,0,0,0,0.0,70.0
23.233183,72.451441,bakery,12.19,181.06,13410.56,6233.9,13462.74,13443.57,14158.16,18926.75,10735.34,755.91,-99999.0,Low,Commercial,Low,0,0,0,0.0,78.0
23.03306,72.663992,street_food,30.84,954.06,1007.05,88.68,2784.51,1471.86,3199.57,4949.94,3913.01,787.7,91.15,Medium,Industrial,Low,0,0,0,0.0,78.0
22.991915,72.326646,fast_food,587.52,2507.37,14354.21,7632.92,13224.72,14409.96,14983.4,13374.68,14701.06,13883.51,-99999.0,Low,Commercial,Low,0,0,0,0.0,58.0
23.218457,72.415467,cafe,69.82,167.93,14006.98,4311.53,16515.47,16491.56,17018.38,20418.5,13257.46,2788.57,-99999.0,Low,Commercial,Low,0,0,0,0.0,74.5
22.911818,72.772743,coffee,308.35,628.69,12335.65,8646.22,15423.81,14290.24,20502.11,17796.89,14151.25,8745.28,-99999.0,Low,Commercial,Low,0,0,0,0.0,68.5
22.973363,72.820586,pizza,971.65,2622.66,11007.41,8746.75,19314.73,16043.69,20537.21,20138.34,15728.49,8909.41,5.43,Low,Commercial,Low,0,0,0,0.0,58.0
23.146568,72.470236,burger,19.51,4730.0,4409.83,172.19,7823.07,7129.64,9447.61,11359.76,7627.0,2492.8,-99999.0,Low,Industrial,Low,0,0,0,0.0,52.0
22.814873,72.859876,sandwich,708.14,708.14,26089.56,21225.3,28472.46,28151.45,34466.88,31388.88,27266.59,22588.88,-99999.0,Low,Commercial,Low,0,0,0,0.0,70.0
22.851094,72.727643,gujarati,70.9,2359.46,15359.3,8571.54,15713.17,17107.08,23686.82,19280.63,14177.82,14190.53,-99999.0,Low,Commercial,Low,0,0,0,0.0,66.0
23.044517,72.749735,punjabi,109.37,1232.86,4514.51,967.03,11143.93,7310.67,11546.1,10282.29,9833.44,3093.88,2.33,Low,Commercial,Low,0,0,0,0.0,66.0
23.141492,72.684624,south_indian,241.68,411.36,4701.2,433.38,7349.77,2347.2,11460.4,7720.68,2467.27,855.72,-99999.0,Low,Grass,Low,0,0,0,0.0,63.5
23.045594,72.769901,chinese,688.75,688.75,6102.12,3037.21,13034.07,9381.22,13609.77,12204.66,11231.19,5140.07,2.13,Low,Commercial,Low,0,0,0,0.0,70.0
22.854666,72.438526,fine_dining,477.47,477.47,15079.75,5368.39,17051.72,18101.85,18256.66,19391.26,11848.84,12462.27,-99999.0,Low,Commercial,Low,0,0,0,0.0,74.0
23.142058,72.487599,dessert,68.83,3114.28,2773.07,1537.95,5975.42,6115.42,7866.26,9544.33,6213.89,1034.09,5.09,Low,Residential,Low,0,0,0,0.0,63.0
23.089147,72.584491,bakery,20.96,626.39,602.21,108.18,771.18,752.77,101.99,1596.15,299.86,1556.52,133.09,High,Residential,Low,0,0,0,0.0,81.95
23.064843,72.556792,street_food,13.68,13.68,481.39,77.55,905.49,847.22,2174.5,1688.06,353.92,2076.89,106.2,High,Residential,Low,0,0,3,0.75,93.73
23.168049,72.501859,fast_food,132.04,4514.62,5048.42,2221.01,6171.84,6087.92,7576.66,10103.59,3732.55,324.45,-99999.0,Low,Industrial,Low,0,0,0,0.0,52.0
23.14737,72.467132,cafe,51.06,5032.73,4718.62,449.65,8153.25,7301.77,9739.88,11685.18,7875.63,2801.8,-99999.0,Low,Industrial,Low,0,0,0,0.0,55.5
22.930674,72.37998,coffee,39.81,397.35,11422.85,4790.1,11466.13,12859.11,13296.83,13203.78,9295.82,9938.93,-99999.0,Low,Commercial,Low,0,0,0,0.0,71.5
22.90244,72.379342,pizza,148.52,1538.27,13436.66,4619.0,13992.22,15349.84,15733.19,15947.39,10806.4,11648.23,5.23,Low,Commercial,Low,0,0,0,0.0,58.0
23.067215,72.75207,burger,120.7,1325.49,6766.0,2873.4,10662.27,7337.07,11973.08,9927.15,8252.28,4107.14,1.86,Low,Industrial,Low,0,0,0,0.0,52.0
22.898872,72.435503,sandwich,260.3,1229.23,10496.63,735.47,12230.87,13344.06,13543.89,14667.28,7301.06,8034.82,-99999.0,Low,Commercial,Low,0,0,0,0.0,66.0
23.042415,72.730259,gujarati,574.78,3113.29,3385.21,1043.38,9171.05,5308.01,9562.56,8544.28,8079.9,1138.71,-99999.0,Low,Commercial,Low,0,0,0,0.0,66.0
23.278771,72.614289,punjabi,387.19,2290.32,9559.58,11128.36,9247.52,9270.86,12027.41,20013.73,11747.44,6990.12,-99999.0,Low,Commercial,Low,0,0,0,0.0,66.0
22.945839,72.368305,south_indian,294.87,911.7,11690.14,5290.69,11192.72,12591.78,13082.88,12595.82,10061.24,10521.06,-99999.0,Low,Commercial,Low,0,0,0,0.0,70.0
22.903176,72.44194,chinese,385.84,1148.21,9819.16,715.53,11669.47,12742.59,12920.19,14083.07,6602.97,7307.91,5.49,Low,Commercial,Low,0,0,0,0.0,66.0
22.896132,72.318206,fine_dining,603.08,2322.89,18826.05,10908.12,18671.17,20072.75,20544.94,20129.48,16617.65,17318.01,-99999.0,Low,Commercial,Low,0,0,0,0.0,66.0
23.066385,72.469101,dessert,39.9,1554.1,2353.59,1209.61,3508.05,1846.6,5493.59,3623.18,2571.13,402.34,-99999.0,Low,Residential,Low,0,0,0,0.0,63.0
23.277662,72.630948,bakery,313.58,1104.74,9455.07,10888.33,8979.44,9000.96,12586.46,20293.97,12469.14,5331.4,-99999.0,Low,Commercial,Low,0,0,0,0.0,66.0
23.14476,72.383242,street_food,317.71,635.79,12670.46,2151.82,14683.63,12641.45,16747.52,14394.42,14923.26,10540.41,-99999.0,Low,Commercial,Low,0,0,0,0.0,70.0
23.226861,72.59471,fast_food,6.68,1053.91,4257.01,5597.28,4048.13,4071.0,5937.37,14010.01,5729.65,4749.03,-99999.0,Low,Commercial,Low,0,0,0,0.0,58.0
23.228905,72.642957,cafe,32.33,1880.4,4046.66,5565.17,3755.5,3744.47,9050.37,15667.02,8089.29,3196.86,-99999.0,Low,Residential,Low,0,0,0,0.0,60.5
23.035311,72.565472,coffee,20.83,348.06,269.62,79.34,488.65,263.33,1774.05,135.45,564.43,695.56,164.73,High,Residential,Low,3,13,31,13.5,73.11
22.898495,72.339798,pizza,1161.49,2019.75,16841.43,8682.09,16886.95,18284.81,18733.56,18503.2,14510.46,15250.31,-99999.0,Low,Commercial,Low,0,0,0,0.0,58.0
23.261711,72.587083,burger,60.48,2715.19,8124.94,9349.99,7879.6,7903.31,9531.85,17737.44,9009.97,8476.57,-99999.0,Low,Commercial,Low,0,0,0,0.0,58.0
23.204616,72.54241,sandwich,221.63,482.02,4596.54,2799.7,3689.18,3674.91,4596.25,11682.25,3091.24,2972.22,-99999.0,Low,Commercial,Low,0,0,0,0.0,74.0
22.845559,72.675079,gujarati,243.33,3739.02,12835.89,8087.84,13650.61,15663.76,22740.97,17565.81,11875.3,12261.05,-99999.0,Low,Commercial,Low,0,0,0,0.0,66.0
22.835732,72.396535,punjabi,12.28,12.28,18510.01,7804.69,19975.36,21186.77,21440.63,22276.53,15345.58,16092.29,49.31,Low,Commercial,Low,0,0,0,0.0,90.0
23.080163,72.486225,south_indian,116.76,472.29,2765.44,301.8,3547.31,489.88,5243.39,5581.92,2950.3,90.48,-99999.0,Low,Grass,High,0,0,1,0.25,55.5
23.287081,72.378702,chinese,25.38,372.03,22325.74,12354.96,22774.78,22759.15,23570.69,28350.82,20271.65,5510.16,-99999.0,Low,Commercial,Low,0,0,0,0.0,74.0
23.176933,72.661664,fine_dining,72.59,2450.8,2111.71,662.4,3755.9,2338.77,8848.13,11075.43,2698.21,147.4,-99999.0,Low,Residential,Low,0,0,0,0.0,63.0
23.189556,72.440899,dessert,277.38,4002.53,9881.43,1600.65,12556.96,12613.87,13841.13,16400.84,9933.89,2979.66,-99999.0,Low,Industrial,Low,0,0,0,0.0,60.0
23.060835,72.571298,bakery,33.8,540.49,354.05,56.03,781.2,956.85,2098.34,630.5,1195.43,823.81,102.98,High,Residential,Low,0,0,0,0.0,84.22
23.022506,72.808897,street_food,295.98,2771.72,8967.18,7213.8,17424.13,13538.02,17828.44,16818.33,14613.12,7323.56,4.46,Low,Commercial,Low,0,0,0,0.0,66.0
23.285215,72.487121,fast_food,70.63,2147.64,15061.71,12624.18,13976.21,13973.16,15063.07,21975.05,13016.24,7517.55,-99999.0,Low,Commercial,Low,0,0,0,0.0,58.0
23.108093,72.663586,cafe,17.83,655.84,736.12,263.66,3069.2,915.0,7205.49,3524.75,2506.36,1298.65,-99999.0,Low,Residential,Low,0,0,0,0.0,63.5
23.165243,72.859602,coffee,838.52,1719.72,11635.11,11517.52,23342.05,19553.54,26243.17,23050.38,13259.33,9141.18,-99999.0,Low,Commercial,Low,0,0,0,0.0,65.5
22.909738,72.432395,pizza,33.57,199.98,9524.65,563.12,11104.39,12256.05,12481.91,13509.73,6391.95,7175.12,39.19,Low,Commercial,Low,0,0,0,0.0,77.0
23.127006,72.401093,burger,207.29,2802.45,10611.19,2950.93,12062.52,10072.53,14117.2,11812.05,12243.09,8770.58,-99999.0,Low,Commercial,Low,0,0,0,0.0,58.0
22.893431,72.353538,sandwich,168.06,597.28,16071.9,7318.35,16367.93,17752.69,18172.16,18142.71,13564.57,14367.14,3.58,Low,Commercial,Low,0,0,0,0.0,70.0
22.811284,72.571292,gujarati,918.95,918.95,16308.17,10975.89,17881.62,18670.9,23196.75,21157.31,16319.63,13646.94,-99999.0,Low,Commercial,Low,0,0,0,0.0,70.0
23.095029,72.47893,punjabi,164.02,1710.4,4017.28,1017.88,5353.94,1499.03,5984.99,6929.03,4758.81,927.27,-99999.0,Low,Residential,Low,0,0,0,0.0,63.0
22.921109,72.720034,south_indian,60.4,60.4,9503.12,3556.37,10061.17,9851.19,16409.18,12831.97,9138.99,6838.67,2.38,Low,Commercial,Low,0,0,0,0.0,82.0
23.147434,72.573338,chinese,107.48,1442.03,2117.75,1365.16,3687.44,1941.01,3211.61,5003.18,2129.91,561.56,-99999.0,Low,Residential,Low,0,0,0,0.0,63.0
23.139945,72.845868,fine_dining,41.03,41.03,10975.45,10802.53,21059.98,17573.8,23697.5,20681.86,11864.44,6010.22,-99999.0,Low,Commercial,Low,0,0,0,0.0,82.0
23.188157,72.672534,dessert,337.78,2208.25,2925.46,2182.93,4275.36,3481.1,10046.06,12421.49,4348.51,634.37,-99999.0,Low,Forest,Low,0,0,0,0.0,55.5
23.127368,72.851528,bakery,839.13,839.13,12089.93,11188.16,21255.14,17726.44,23669.94,20814.49,12674.51,5067.25,-99999.0,Low,Commercial,Low,0,0,0,0.0,70.0
23.014067,72.625846,street_food,60.73,538.7,982.73,316.91,2736.29,2616.63,3914.96,1839.78,956.53,1402.52,133.96,High,Residential,Low,0,0,0,0.0,81.38
23.120865,72.836879,fast_food,270.49,2294.53,11170.52,9555.34,19633.18,16097.19,22009.23,19178.13,11417.55,3705.11,-99999.0,Low,Commercial,Low,0,0,0,0.0,58.0
23.206783,72.351418,cafe,209.49,1477.42,18254.22,6830.37,21560.28,19482.34,23133.92,21993.35,19284.49,7871.66,-99999.0,Low,Commercial,Low,0,0,0,0.0,65.5
22.889643,72.488415,coffee,351.91,637.77,10204.0,2637.02,13554.64,12501.92,14212.04,13875.32,8005.71,6637.68,17.89,Low,Commercial,Low,0,0,0,0.0,71.5
23.1695,72.64014,pizza,30.28,341.65,880.11,79.63,3122.6,1941.83,6687.01,9959.84,1700.46,1758.38,-99999.0,Low,Agriculture,Low,0,0,0,0.0,57.5
22.948533,72.382125,burger,8.39,486.36,10271.92,4274.1,9910.66,11312.23,11786.27,11460.06,8615.66,9072.7,33.28,Low,Commercial,Low,0,0,0,0.0,72.0
23.140565,72.715846,sandwich,149.03,2358.82,4803.31,966.86,9270.09,5137.81,13060.62,9342.54,540.72,2713.2,-99999.0,Low,Grass,Low,0,0,0,0.0,55.5
23.262485,72.600274,gujarati,181.99,2772.67,7868.49,9580.7,7586.99,7610.91,9877.94,17997.38,9517.02,8115.54,-99999.0,Low,Commercial,Low,0,0,0,0.0,66.0
23.047022,72.356656,punjabi,26.79,1249.07,10678.3,5231.59,10532.45,11257.54,12118.18,9762.9,13541.08,10052.11,-99999.0,Low,Commercial,Low,0,0,0,0.0,66.0
22.829133,72.560577,south_indian,399.99,399.99,14771.09,8753.3,16508.81,16746.39,21065.49,19220.88,15058.91,11472.91,-99999.0,Low,Commercial,Low,0,0,0,0.0,74.0
22.964714,72.455213,chinese,140.09,1837.11,3080.68,611.85,4781.73,5791.27,5974.02,7161.96,1238.62,1364.37,-99999.0,Low,Residential,Low,0,0,0,0.0,63.0
22.853837,72.867908,fine_dining,852.27,3608.0,23107.51,19627.83,26967.55,25937.18,31969.19,29485.09,25776.82,19772.69,-99999.0,Low,Commercial,Low,0,0,0,0.0,66.0
23.21126,72.643615,dessert,34.71,1517.39,2130.69,3661.15,2024.13,1980.54,7995.01,13965.44,6134.62,1305.27,-99999.0,Low,Residential,Low,0,0,0,0.0,63.0
23.266377,72.889752,bakery,385.15,1814.8,17626.03,17604.46,27514.77,25657.35,33705.03,31838.71,20574.03,19321.4,-99999.0,Low,Commercial,Low,0,0,0,0.0,66.0
23.132695,72.466316,street_food,187.78,4278.45,4075.58,1016.74,7971.5,5797.05,8783.8,10935.88,8628.29,3208.53,-99999.0,Low,Industrial,Low,0,0,0,0.0,60.0
22.829311,72.748636,fast_food,125.94,1491.18,18593.37,11759.55,18943.68,20177.22,26771.08,22481.59,17413.2,16966.79,-99999.0,Low,Commercial,Low,0,0,0,0.0,58.0
23.03584,72.687876,cafe,39.51,1088.82,1287.23,242.69,4953.31,1118.0,5365.61,5629.8,4780.71,1351.79,56.88,Medium,Industrial,Low,0,0,0,0.0,61.5
23.249715,72.415264,coffee,80.24,3160.86,16797.34,7764.52,17586.6,17567.91,18290.32,22772.77,14830.68,94.33,-99999.0,Low,Commercial,Low,0,0,0,0.0,65.5
23.090958,72.678175,pizza,175.61,648.42,1736.88,446.16,3043.18,688.43,6364.65,2759.23,2599.51,191.68,42.86,Low,Industrial,Low,0,0,2,0.5,65.0
23.046028,72.362921,burger,127.13,692.69,10026.63,4629.06,9880.7,10605.81,11470.53,9111.23,12904.25,9409.05,-99999.0,Low,Commercial,Low,0,0,0,0.0,63.0
22.977021,72.503319,sandwich,122.06,556.94,490.13,295.31,3997.16,3798.26,5247.36,5338.04,2487.07,253.5,76.82,Medium,Industrial,Low,0,0,1,0.25,78.0
23.131664,72.807485,gujarati,49.8,2748.33,8040.35,7153.4,17035.01,13565.97,19772.13,16676.6,8186.59,3913.9,-99999.0,Low,Commercial,Low,0,0,0,0.0,66.0
22.968306,72.712331,punjabi,133.45,1569.06,5030.11,2055.32,8198.95,5583.56,11704.56,9428.67,5397.26,2270.66,4.74,Low,Residential,Low,0,0,0,0.0,63.0
22.948345,72.858212,south_indian,526.27,4144.96,15682.76,13100.03,23189.48,20384.32,25204.62,24434.95,20096.78,13291.16,-99999.0,Low,Commercial,Low,0,0,0,0.0,66.0
23.200512,72.629056,chinese,5.62,346.35,1309.03,2364.4,515.42,593.42,6122.84,12215.84,5299.47,956.42,-99999.0,Low,Residential,Low,0,0,0,0.0,71.0
23.028316,72.49242,fine_dining,3.42,1490.3,1489.67,264.12,1020.58,890.79,2608.11,145.22,2632.38,811.17,98.8,Medium,Residential,Low,2,7,17,7.5,65.06
22.965171,72.872707,dessert,850.32,1844.42,16324.76,14087.2,24624.82,21465.14,25830.12,25461.64,21150.76,14331.65,-99999.0,Low,Commercial,Low,0,0,0,0.0,66.0
23.004004,72.608466,bakery,34.77,354.12,206.99,116.38,799.75,960.52,5676.18,640.23,421.07,489.22,149.03,High,Residential,Low,0,0,5,1.25,88.2
23.284297,72.691443,street_food,40.51,4105.32,11430.81,12493.06,11473.43,11435.67,16864.45,23241.47,14884.47,1189.24,-99999.0,Low,Commercial,Low,0,0,0,0.0,66.0
23.070445,72.549684,fast_food,2.99,896.13,679.31,102.3,496.34,1305.85,2250.26,1778.26,778.08,1420.15,114.79,High,Residential,Low,0,0,4,1.0,75.04
22.90004,72.519832,cafe,49.41,126.22,9169.16,1709.82,12419.61,10424.32,13026.3,11674.98,8569.38,3882.23,11.37,Low,Commercial,Low,0,0,0,0.0,77.5
23.173093,72.672737,coffee,33.61,3306.2,2956.04,536.51,4936.15,1834.83,9988.74,10774.5,3150.41,770.56,-99999.0,Low,Grass,Low,0,0,0,0.0,48.0
23.174795,72.428064,pizza,455.53,4831.74,9742.8,1332.29,12947.22,11748.96,14748.76,16029.62,11156.35,4876.12,-99999.0,Low,Industrial,Low,0,0,0,0.0,52.0
23.073625,72.84805,burger,336.8,5650.77,14565.96,10861.26,20372.86,16888.38,21804.57,19707.02,14860.35,3059.72,-99999.0,Low,Commercial,Low,0,0,0,0.0,58.0
23.020296,72.714985,sandwich,616.69,628.41,1102.56,971.67,8123.33,4343.87,8541.3,8740.47,5393.9,1593.76,4.75,Low,Residential,Low,0,0,0,0.0,67.0
22.868285,72.874425,gujarati,421.45,5212.77,22373.71,18998.6,26907.31,25564.5,31429.97,29233.25,25380.42,19153.95,-99999.0,Low,Commercial,Low,0,0,0,0.0,66.0
23.102258,72.448793,punjabi,257.7,4893.85,6135.92,680.0,7695.23,4470.8,9162.27,7722.62,6921.19,3485.35,-99999.0,Low,Industrial,Low,0,0,0,0.0,60.0
22.886022,72.629487,south_indian,105.4,1701.97,7272.89,4521.7,8461.95,10400.5,17736.98,12350.37,6690.04,7411.79,-99999.0,Low,Commercial,Low,0,0,0,0.0,66.0
23.075081,72.364061,chinese,144.06,277.19,10875.89,4771.93,10765.84,11452.93,12656.63,10115.21,13027.64,9834.8,4.28,Low,Commercial,Low,0,0,0,0.0,78.0
23.286283,72.839499,fine_dining,770.35,4520.86,15320.96,15331.51,23467.39,22592.07,29664.01,29847.35,18513.83,14206.66,-99999.0,Low,Commercial,Low,0,0,0,0.0,66.0
23.031495,72.37813,dessert,165.88,165.88,8353.91,2484.73,8193.74,8913.84,9584.21,7390.05,11550.96,8011.81,5.37,Low,Commercial,Low,0,0,0,0.0,78.0
23.209429,72.599058,bakery,323.51,2413.49,2376.37,3883.91,2234.65,2254.87,4398.48,12175.23,4545.85,2817.17,-99999.0,Low,Residential,Low,0,0,0,0.0,63.0
23.15397,72.605146,street_food,174.67,266.01,1858.87,531.01,4680.48,3693.33,3939.23,6508.62,4226.62,396.73,-99999.0,Low,Residential,Low,0,0,0,0.0,75.0
22.941244,72.79414,fast_food,92.86,4284.69,10838.98,7496.4,16729.76,14423.51,19963.39,18340.08,14187.74,7661.06,4.95,Low,Commercial,Low,0,0,0,0.0,58.0
23.280517,72.451364,cafe,7.08,654.71,17150.29,11475.01,16193.44,16183.72,17149.91,23192.24,14422.08,4802.33,-99999.0,Low,Commercial,Low,0,0,0,0.0,68.5
23.074607,72.53248,coffee,19.85,760.19,476.33,101.96,2211.37,625.78,1496.91,2382.16,580.05,1136.59,110.53,High,Residential,Low,0,0,5,1.25,74.0
23.252497,72.60478,pizza,179.48,1808.83,6705.14,8476.71,6416.47,6440.35,8958.74,16974.24,8708.09,7156.69,-99999.0,Low,Commercial,Low,0,0,0,0.0,58.0
23.232077,72.811136,burger,139.28,563.35,8926.45,8920.48,18777.39,16776.29,24927.25,23407.11,12039.15,12223.21,-99999.0,Low,Commercial,Low,0,0,0,0.0,63.0
22.942599,72.768204,sandwich,644.06,1645.64,9103.69,5484.66,14075.99,11972.53,17789.13,15805.23,11764.17,5615.47,2.17,Low,Commercial,Low,0,0,0,0.0,66.0
23.009172,72.851864,gujarati,522.71,1732.17,13314.83,11318.09,22017.09,18137.37,22424.93,21461.14,18782.24,9314.15,-99999.0,Low,Commercial,Low,0,0,0,0.0,66.0
23.053714,72.785919,punjabi,148.75,1097.61,7961.08,4802.62,14363.38,11093.17,15263.1,13585.78,11767.39,4887.58,4.6,Low,Commercial,Low,0,0,0,0.0,66.0
22.945763,72.483162,south_indian,93.09,93.09,4318.2,655.92,7485.73,7562.55,7982.5,8888.96,2318.23,2110.54,-99999.0,Low,Industrial,Low,0,0,0,0.0,76.0
23.09173,72.889363,chinese,1312.54,2769.01,17435.22,14704.37,24591.45,21054.65,26302.73,23990.44,17585.7,6760.66,-99999.0,Low,Commercial,Low,0,0,0,0.0,66.0
23.045027,72.396185,fine_dining,562.99,2434.66,6650.07,2493.41,6510.78,7232.84,8211.48,5764.96,9507.39,5999.13,-99999.0,Low,Commercial,Low,0,0,0,0.0,66.0
23.068519,72.510172,dessert,1.05,1267.79,707.42,309.21,2239.54,1872.9,3443.87,3681.41,1853.99,1222.35,75.22,Medium,Residential,Low,0,0,2,0.5,77.0
23.07492,72.625189,bakery,307.66,1035.68,780.75,128.9,171.92,168.02,3243.71,2385.54,1573.15,1615.73,50.35,Medium,Grass,Low,0,0,1,0.25,63.5
23.028565,72.496631,street_food,66.2,1082.65,1473.07,74.06,1167.23,807.3,3004.16,117.92,2503.91,742.33,97.93,Medium,Residential,Low,0,0,0,0.0,81.0
22.900553,72.714549,fast_food,123.1,123.1,10832.77,3544.03,10837.79,11546.86,18142.1,14065.36,9585.56,8817.81,-99999.0,Low,Commercial,Low,0,0,0,0.0,73.0
23.084463,72.445466,cafe,8.58,4580.59,4903.69,640.6,5983.01,4345.92,7913.75,5907.47,5714.57,2611.6,-99999.0,Low,Industrial,Low,0,0,1,0.25,55.5
23.182261,72.335315,coffee,5.53,3732.45,18558.51,7525.51,20889.51,19029.27,22962.28,20521.88,20661.71,10875.84,-99999.0,Low,Commercial,Low,0,0,0,0.0,65.5
23.167458,72.719032,pizza,92.42,1179.54,2476.24,1180.34,9499.71,5265.16,14757.02,11923.35,2037.85,4309.81,-99999.0,Low,Grass,Low,0,0,0,0.0,47.5
23.199476,72.533926,burger,24.2,526.35,4951.0,2556.18,4239.88,4218.99,4948.85,11384.82,2492.76,2511.59,-99999.0,Low,Residential,Low,0,0,0,0.0,60.0
23.128571,72.786034,sandwich,119.07,1768.59,6765.4,5115.57,14844.6,11401.82,17685.82,14511.87,6250.34,3049.93,-99999.0,Low,Commercial,Low,0,0,0,0.0,66.0
23.280793,72.597291,gujarati,217.25,2837.07,9919.26,11541.72,9636.43,9660.34,11786.4,19960.42,11328.12,8723.79,-99999.0,Low,Commercial,Low,0,0,0,0.0,66.0
22.827769,72.601329,punjabi,245.62,663.32,13911.51,9161.5,15251.89,16701.3,22214.03,18961.54,13570.06,13102.22,3.27,Low,Commercial,Low,0,0,0,0.0,70.0
23.093287,72.814426,south_indian,30.02,4264.54,11637.62,7040.17,16929.59,13385.28,18853.89,16354.7,10796.45,289.61,-99999.0,Low,Commercial,Low,0,0,0,0.0,66.0
23.229611,72.565378,chinese,10.64,1073.73,5979.84,5737.19,4756.88,4744.08,5985.16,14106.31,5169.36,5081.42,-99999.0,Low,Commercial,Low,0,0,0,0.0,66.0
23.062457,72.575018,fine_dining,157.54,542.26,715.94,321.85,643.96,646.26,1895.05,657.7,1449.49,655.87,57.71,Medium,Residential,Low,0,3,37,10.3,68.97
23.156773,72.547788,dessert,23.96,544.9,2444.26,326.0,3189.17,2300.61,3555.54,6452.9,65.84,855.68,-99999.0,Low,Residential,Low,0,0,0,0.0,67.0
23.124295,72.39953,bakery,12.36,2763.9,10761.52,3259.33,11880.66,10078.75,13940.93,11611.81,12160.63,8841.24,-99999.0,Low,Commercial,Low,0,0,0,0.0,66.0
23.035355,72.872138,street_food,408.68,5180.08,15587.36,13541.73,23432.52,19864.96,24128.23,22652.0,19453.78,7781.27,-99999.0,Low,Commercial,Low,0,0,0,0.0,66.0
22.972509,72.711769,fast_food,215.61,1821.0,4587.66,2082.65,8192.25,5304.88,11319.21,9224.36,5094.72,2036.72,4.62,Low,Residential,Low,0,0,0,0.0,55.0
23.121922,72.804024,cafe,77.47,3432.66,8516.98,6373.05,16387.01,12877.27,18968.93,15979.53,8232.32,2783.81,-99999.0,Low,Commercial,Low,0,0,0,0.0,65.5
23.219124,72.808418,coffee,97.28,206.86,7801.87,7784.48,18255.53,15861.85,24339.39,22179.39,10828.9,12255.84,-99999.0,Low,Commercial,Low,0,0,0,0.0,74.5
22.992405,72.493663,pizza,96.94,270.36,764.08,312.46,2938.78,2436.54,3617.61,3942.21,3409.56,759.61,26.63,Low,Commercial,Low,0,0,1,0.25,77.0
23.154984,72.750453,burger,30.47,2709.29,2544.07,2301.03,12997.85,8355.39,16604.43,12980.41,2022.78,4832.32,-99999.0,Low,Commercial,Low,0,0,0,0.0,58.0
23.228744,72.330821,sandwich,226.87,2559.28,21334.64,9874.17,24510.23,22692.29,25699.55,25136.07,21871.42,8746.75,-99999.0,Low,Commercial,Low,0,0,0,0.0,66.0
22.842842,72.676073,gujarati,291.4,4049.68,13152.45,8373.78,13968.42,15981.31,23055.01,17883.41,12193.01,12578.5,-99999.0,Low,Commercial,Low,0,0,0,0.0,66.0
23.252046,72.888507,punjabi,68.37,786.31,16682.87,16653.81,26988.97,24831.96,33148.3,30718.39,19537.6,19164.89,-99999.0,Low,Commercial,Low,0,0,0,0.0,70.0
23.168448,72.561703,south_indian,170.06,457.25,1653.08,471.41,2394.28,1721.98,1644.15,7373.72,820.36,180.04,-99999.0,Low,Industrial,Low,0,0,0,0.0,68.0
22.857253,72.677574,chinese,815.43,2826.13,11779.41,6770.38,12521.58,14506.32,21513.59,16409.81,10769.51,11102.33,-99999.0,Low,Commercial,Low,0,0,0,0.0,66.0
23.228838,72.567334,fine_dining,40.79,1086.05,5864.12,5674.98,4642.48,4626.2,5869.68,14015.0,5088.59,4946.83,-99999.0,Low,Commercial,Low,0,0,0,0.0,66.0
23.143121,72.833986,dessert,471.56,471.56,9717.12,9541.79,20013.41,16556.77,22765.5,19667.67,10616.01,5995.1,-99999.0,Low,Commercial,Low,0,0,0,0.0,74.0
22.832076,72.771763,bakery,369.07,532.79,20091.1,12990.21,20299.14,21022.8,27601.57,23653.23,18875.7,17053.23,-99999.0,Low,Commercial,Low,0,0,0,0.0,70.0
22.950817,72.527408,street_food,560.77,1841.25,4289.77,706.49,6833.64,4820.17,7362.11,6062.35,3637.4,41.3,-99999.0,Low,Industrial,High,0,0,0,0.0,52.0
22.879874,72.618076,fast_food,253.64,1125.52,7962.37,4266.14,9258.57,10927.61,17675.76,13051.33,7552.32,8125.13,-99999.0,Low,Commercial,Low,0,0,0,0.0,58.0
23.081645,72.769661,cafe,50.46,926.27,9052.2,3202.08,12310.6,8808.12,14088.6,11679.84,8382.14,2331.86,-99999.0,Low,Industrial,Low,0,0,0,0.0,58.5
22.891592,72.355802,coffee,58.08,362.29,16028.51,7115.63,16381.79,17762.4,18175.04,18188.97,13479.87,14297.58,4.64,Low,Commercial,Low,0,0,0,0.0,71.5
23.228003,72.669432,pizza,2.77,545.76,5037.33,5876.67,5190.48,5127.72,11210.9,16774.94,8265.29,1626.67,-99999.0,Low,Residential,Low,0,0,0,0.0,60.0
22.925598,72.839441,burger,709.38,6670.95,15435.48,12332.28,21600.96,19375.94,24772.22,23300.17,19133.88,12507.7,-99999.0,Low,Commercial,Low,0,0,0,0.0,58.0
22.878697,72.577467,sandwich,436.55,436.55,9032.95,3788.48,10861.12,11207.62,16087.72,13730.71,9537.62,7016.83,2.92,Low,Commercial,Low,0,0,0,0.0,74.0
22.931909,72.458089,gujarati,23.21,640.45,6290.15,777.96,8423.98,9368.46,9488.61,10604.31,3058.79,3721.63,43.14,Low,Industrial,Low,0,0,1,0.25,72.0
22.814511,72.776687,punjabi,381.52,381.52,21782.8,14790.13,22061.5,22956.99,29544.29,25494.28,20584.39,19063.16,-99999.0,Low,Commercial,Low,0,0,0,0.0,74.0
23.242581,72.703014,south_indian,17.65,59.63,6780.97,8294.56,8893.69,8820.61,14996.19,18958.94,10360.43,1700.45,-99999.0,Low,Commercial,Low,0,0,0,0.0,82.0
22.885828,72.566203,chinese,454.35,649.17,8880.2,3764.51,10880.01,10439.65,15012.15,13033.67,9736.76,5728.55,5.66,Low,Commercial,Low,0,0,0,0.0,70.0
22.975871,72.650792,fine_dining,15.76,15.76,2385.83,676.17,2387.82,1937.97,8091.83,3493.43,2733.59,87.07,28.42,Low,Industrial,High,1,2,9,3.35,64.94
23.116691,72.556099,dessert,1.01,1883.75,1861.9,91.07,1781.59,1567.99,3554.73,2151.06,1281.32,843.35,86.45,Medium,Residential,Low,0,0,0,0.0,77.0
22.930047,72.800276,bakery,853.46,4067.03,12181.61,8766.93,17564.12,15530.41,21214.14,19377.32,15312.99,8923.75,-99999.0,Low,Commercial,Low,0,0,0,0.0,66.0
22.905624,72.533122,street_food,81.15,1005.85,8750.56,284.26,11145.28,9213.73,12365.7,10805.05,8669.71,2819.65,4.2,Low,Commercial,Low,0,0,0,0.0,66.0
23.04194,72.447579,fast_food,96.71,3266.91,1622.24,566.22,1558.5,2168.72,3625.85,1289.33,4347.93,848.27,5.5,Low,Grass,Low,0,0,0,0.0,50.84
23.084523,72.643391,cafe,109.85,1238.18,517.15,205.91,640.59,1354.63,4115.97,1513.18,1949.91,785.68,8.21,Low,Grass,Low,0,1,1,0.6,48.44
23.286492,72.481234,coffee,352.53,2346.69,15541.48,12585.35,14470.92,14466.97,15542.61,22344.75,13392.02,7235.35,-99999.0,Low,Commercial,Low,0,0,0,0.0,65.5
23.279413,72.691773,pizza,76.27,3563.26,10888.78,11988.01,11037.92,10997.37,16509.8,22712.76,14379.38,749.8,-99999.0,Low,Commercial,Low,0,0,0,0.0,58.0
22.941751,72.638239,burger,149.06,149.06,1781.05,453.27,2352.66,4416.88,11750.6,6298.56,582.85,1183.6,14.74,Low,Industrial,Low,0,0,0,0.0,71.0
23.139184,72.741908,sandwich,2.3,1791.51,4295.89,1543.46,11288.66,7572.44,14753.42,11186.86,1872.96,2901.53,-99999.0,Low,Industrial,Low,0,0,0,0.0,60.0
22.833541,72.661716,gujarati,330.97,4477.88,13616.6,9662.26,14577.52,16639.58,23870.53,18525.6,12772.02,13271.22,-99999.0,Low,Commercial,Low,0,0,0,0.0,66.0
23.048429,72.83441,punjabi,553.05,5786.75,12174.48,9656.93,19343.39,16001.5,20220.29,18580.44,15681.36,4622.88,-99999.0,Low,Commercial,Low,0,0,0,0.0,66.0
22.947373,72.773339,south_indian,18.78,2275.43,8954.96,5434.36,14526.48,12201.33,17855.78,16102.66,11973.07,5583.58,5.89,Low,Commercial,Low,0,0,0,0.0,66.0
23.101391,72.514346,chinese,18.68,1480.82,1213.89,1147.7,4246.82,2451.63,2763.24,5731.81,3304.65,1307.54,2.3,Low,Residential,Low,0,0,0,0.0,63.0
23.115577,72.670117,fine_dining,9.74,327.31,1582.79,536.17,4120.15,503.75,8231.1,4507.91,1809.65,1059.95,-99999.0,Low,Residential,Low,0,2,10,3.2,63.94
23.135327,72.728138,dessert,0.36,2525.8,5068.08,111.13,9881.64,6116.52,13449.78,9825.8,1538.98,2157.25,-99999.0,Low,Industrial,Low,0,0,0,0.0,60.0
23.126407,72.796236,bakery,149.38,2565.85,7611.14,5862.97,15759.61,12281.91,18481.22,15392.03,7301.36,3096.67,-99999.0,Low,Commercial,Low,0,0,0,0.0,66.0
23.111559,72.833974,street_food,143.9,3307.73,11551.0,9073.74,19149.47,15600.04,21370.91,18652.94,11502.99,2641.37,-99999.0,Low,Commercial,Low,0,0,0,0.0,66.0
23.120243,72.489181,fast_food,146.57,1607.02,1592.29,831.99,5682.2,3982.64,6075.55,8542.17,6622.62,1464.08,-99999.0,Low,Industrial,Low,0,0,0,0.0,52.0
23.021595,72.646153,cafe,1.81,1.81,50.92,276.61,2788.4,2414.64,3047.63,3381.5,3197.53,574.85,117.99,High,Industrial,Low,0,0,0,0.0,78.0
23.161533,72.362277,coffee,70.23,1426.52,15203.7,4155.55,17411.77,15453.87,19482.27,17081.84,17760.92,10991.63,-99999.0,Low,Commercial,Low,0,0,0,0.0,65.5
22.951653,72.743539,pizza,63.46,600.48,7123.39,3450.42,11435.84,9277.69,15247.49,13083.89,9083.42,3507.08,5.2,Low,Residential,Low,0,0,0,0.0,60.0
22.894307,72.386653,burger,209.55,2227.94,13576.52,3943.77,14375.41,15703.1,16054.83,16443.01,10776.71,11626.71,4.73,Low,Commercial,Low,0,0,0,0.0,58.0
23.068916,72.873464,sandwich,68.57,5303.31,16718.13,13510.28,23005.37,19532.05,24334.11,22326.61,17307.53,5600.13,-99999.0,Low,Commercial,Low,0,0,0,0.0,66.0
23.064809,72.839822,gujarati,151.21,5983.36,13375.31,10387.52,19611.13,16172.84,20858.78,18909.67,14810.81,3183.0,-99999.0,Low,Commercial,Low,0,0,0,0.0,66.0
23.208627,72.459043,punjabi,482.41,2631.12,10615.35,3666.15,11924.7,11900.52,12429.4,16383.9,8708.68,640.48,-99999.0,Low,Commercial,Low,0,0,0,0.0,66.0
23.205851,72.589472,south_indian,21.48,2563.27,2853.3,3209.85,2649.55,2574.41,3575.22,11632.65,3555.54,2468.07,-99999.0,Low,Industrial,Low,0,0,0,0.0,60.0
23.197114,72.743004,chinese,46.4,1155.13,2185.39,2270.09,11387.76,8798.74,17330.35,16017.62,5077.93,6243.27,-99999.0,Low,Commercial,Low,0,0,0,0.0,66.0
22.972583,72.376798,fine_dining,200.44,200.44,10018.75,2695.52,8870.23,10228.46,10763.93,9895.51,9217.41,9128.35,-99999.0,Low,Commercial,Low,0,0,0,0.0,78.0
23.272189,72.391639,dessert,28.87,989.95,20214.29,10441.04,20831.92,20815.12,21593.73,26244.09,18229.44,3396.51,-99999.0,Low,Commercial,Low,0,0,0,0.0,70.0
23.27392,72.808882,bakery,308.8,1112.99,12409.88,12433.78,20049.28,19323.17,26244.9,26854.51,15627.17,11021.43,-99999.0,Low,Commercial,Low,0,0,0,0.0,66.0
23.157624,72.878367,street_food,198.56,2873.67,13657.4,13529.72,24834.75,21375.13,27546.97,24485.87,15118.31,9395.59,-99999.0,Low,Commercial,Low,0,0,0,0.0,66.0
23.274289,72.776661,fast_food,101.66,1621.72,11127.86,11176.77,17145.5,17052.23,23297.58,25107.38,14265.06,7723.74,-99999.0,Low,Commercial,Low,0,0,0,0.0,58.0
22.985572,72.768596,cafe,20.31,2068.07,5645.09,3389.06,14178.2,10585.61,15138.32,14687.19,10258.71,3463.5,4.2,Low,Residential,Low,0,0,0,0.0,60.5
22.816681,72.621212,coffee,406.2,414.41,14939.66,10761.4,16179.95,17934.32,24091.54,20032.58,14417.46,15132.9,-99999.0,Low,Commercial,Low,0,0,0,0.0,71.5
23.028297,72.70024,pizza,45.62,672.06,2782.05,646.08,6402.09,2596.28,6818.69,7069.02,4764.15,518.93,58.47,Medium,Industrial,Low,0,0,0,0.0,65.0
23.132724,72.649045,burger,551.52,1621.01,3444.42,379.43,5440.88,1596.78,8264.47,6200.2,2145.79,272.49,-99999.0,Low,Residential,Low,0,0,0,0.0,55.0
23.20476,72.855369,sandwich,54.27,54.27,11514.83,11461.91,22910.54,19817.34,28319.94,24858.07,13995.42,13140.34,-99999.0,Low,Commercial,Low,0,0,0,0.0,82.0
22.862006,72.445617,gujarati,212.97,856.78,14126.73,4592.46,16185.52,17200.22,17336.15,18452.18,10900.97,11485.06,3.18,Low,Commercial,Low,0,0,0,0.0,70.0
22.822012,72.822856,punjabi,81.64,124.26,23529.17,17649.98,24953.83,24995.87,31442.43,28034.71,23669.67,19944.11,-99999.0,Low,Commercial,Low,0,0,0,0.0,78.0
23.079476,72.840848,south_indian,34.53,5543.55,14240.4,9981.39,19609.64,16104.03,21170.2,18966.58,13882.36,2087.59,-99999.0,Low,Commercial,Low,0,0,0,0.0,66.0
22.916256,72.346666,chinese,139.19,2134.17,15168.27,7917.82,15008.4,16409.76,16877.18,16527.95,13057.23,13712.74,5.48,Low,Commercial,Low,0,0,0,0.0,66.0
23.205451,72.837445,fine_dining,72.2,1474.07,9778.21,9730.46,21080.2,18077.95,26943.6,23417.84,12382.29,12587.65,-99999.0,Low,Commercial,Low,0,0,0,0.0,66.0
22.955051,72.546812,dessert,178.73,700.64,4550.4,310.95,5796.95,3891.35,7089.72,5226.28,3745.05,357.94,5.81,Low,Industrial,Low,0,0,0,0.0,64.0
22.877093,72.858832,bakery,529.24,5453.41,20563.08,17156.89,25055.27,23691.18,29574.69,27360.13,23508.19,17309.96,-99999.0,Low,Commercial,Low,0,0,0,0.0,66.0
22.956095,72.595722,street_food,19.02,400.07,930.23,360.61,3023.93,2898.17,9526.46,4971.37,3324.46,413.31,56.18,Medium,Industrial,Low,0,0,0,0.0,76.0
22.856652,72.82461,fast_food,262.67,1292.53,20245.54,15804.1,22914.54,22330.15,28603.97,25665.52,21824.11,16725.03,-99999.0,Low,Commercial,Low,0,0,0,0.0,58.0
22.875119,72.573113,cafe,375.16,732.81,9578.58,4337.84,11433.72,11597.6,16340.82,14230.18,10126.37,7110.66,-99999.0,Low,Commercial,Low,0,0,0,0.0,68.5
23.131833,72.741021,coffee,26.1,1288.28,5115.24,1480.48,10787.21,7181.35,14138.79,10630.89,2529.21,2096.66,-99999.0,Low,Industrial,Low,0,0,0,0.0,55.5
23.264068,72.553094,pizza,132.04,1598.35,9973.24,9374.28,8751.74,8744.67,9978.11,18001.03,9071.11,9098.94,-99999.0,Low,Commercial,Low,0,0,0,0.0,58.0
23.166289,72.399623,burger,54.04,2413.12,11792.91,1422.52,15378.35,12815.97,16541.3,15906.69,14118.39,7883.15,-99999.0,Low,Commercial,Low,0,0,0,0.0,58.0
23.009145,72.367433,sandwich,55.47,1450.43,9796.23,3717.15,8922.9,10002.25,10577.18,8812.3,11498.28,9753.53,3.02,Low,Commercial,Low,0,0,0,0.0,66.0
23.044887,72.546707,gujarati,11.42,332.42,377.0,117.76,522.78,338.54,577.19,451.86,2545.06,586.38,109.78,High,Residential,Low,0,0,1,0.25,88.64
23.26673,72.328975,punjabi,198.95,1432.9,24054.06,12808.72,26508.38,25950.02,27135.76,28965.56,23496.78,8876.79,-99999.0,Low,Commercial,Low,0,0,0,0.0,66.0
22.987854,72.567162,south_indian,4.01,52.54,1484.53,477.39,1887.96,1117.29,4980.3,2554.64,3359.7,444.45,65.94,Medium,Industrial,Low,0,0,0,0.0,84.0
23.266266,72.806161,chinese,43.95,592.66,11540.74,11562.96,19446.51,18553.39,25650.98,26005.09,14757.44,10787.5,-99999.0,Low,Commercial,Low,0,0,0,0.0,70.0
22.85769,72.707695,fine_dining,602.95,2767.32,13454.01,7048.88,13917.96,15722.07,22270.0,17608.56,12307.96,12411.04,-99999.0,Low,Commercial,Low,0,0,0,0.0,66.0
23.071344,72.877149,dessert,60.29,4998.21,17169.01,13809.2,23364.7,19881.27,24736.76,22694.62,17487.25,5851.09,-99999.0,Low,Commercial,Low,0,0,0,0.0,66.0
22.982163,72.540921,bakery,160.77,160.77,1984.24,581.0,3126.17,1379.62,4030.5,2327.47,1350.37,169.26,3.68,Low,Residential,Low,0,0,0,0.0,75.0
22.901108,72.380853,street_food,298.92,1743.83,13429.92,4462.24,14031.66,15384.14,15761.61,16009.42,10766.88,11620.81,-99999.0,Low,Commercial,Low,0,0,0,0.0,66.0
23.217056,72.573736,fast_food,170.61,2170.57,4504.21,4513.43,3299.1,3270.4,4510.49,12711.43,3879.37,3536.05,-99999.0,Low,Residential,Low,0,0,0,0.0,55.0
23.128129,72.682189,cafe,27.33,42.62,3356.1,211.56,5957.99,2103.52,10022.25,6266.51,1590.89,627.2,-99999.0,Low,Residential,Low,0,0,0,0.0,72.5
23.09663,72.322387,coffee,333.28,4305.96,15763.72,9480.88,15656.01,16338.83,17549.51,15009.2,17750.09,14678.16,2.49,Low,Commercial,Low,0,0,0,0.0,65.5
23.187661,72.45127,pizza,381.71,4511.06,9046.56,1214.83,11556.86,11634.76,12763.06,15425.27,8853.02,2105.13,-99999.0,Low,Industrial,Low,0,0,0,0.0,52.0
22.870443,72.637455,burger,130.68,130.68,9079.01,6153.21,10193.34,12257.53,19622.67,14120.18,8393.57,9040.28,-99999.0,Low,Commercial,Low,0,0,0,0.0,73.0
22.842933,72.753791,sandwich,22.17,782.1,17913.36,10865.95,18152.71,19063.77,25656.95,21565.34,16703.66,15528.59,-99999.0,Low,Commercial,Low,0,0,0,0.0,70.0
22.909436,72.435252,gujarati,21.72,444.12,9429.58,435.4,11081.38,12212.57,12425.9,13506.49,6270.75,7039.16,40.08,Low,Commercial,Low,0,0,0,0.0,82.0
23.227454,72.500565,punjabi,63.22,568.93,9518.41,7097.18,8665.16,8650.57,9517.11,15589.8,6705.8,4014.53,-99999.0,Low,Commercial,Low,0,0,0,0.0,70.0
22.880826,72.832308,south_indian,1987.28,3224.25,18483.29,14953.5,22387.67,21220.8,27255.58,24801.07,21057.71,15093.32,-99999.0,Low,Commercial,Low,0,0,0,0.0,66.0
22.811361,72.807876,chinese,1140.69,1348.72,23988.85,17234.2,24558.94,24982.41,31509.9,27811.42,23178.88,20378.59,-99999.0,Low,Commercial,Low,0,0,0,0.0,66.0
22.87945,72.385395,fine_dining,372.02,1252.67,14937.48,4672.31,15893.42,17200.74,17532.52,18013.43,12018.2,12851.8,-99999.0,Low,Commercial,Low,0,0,0,0.0,66.0
22.930314,72.411208,dessert,320.84,2923.08,8939.05,2029.78,9668.67,10987.07,11336.01,11804.17,6385.22,7174.91,-99999.0,Low,Commercial,Low,0,0,0,0.0,66.0
23.127308,72.324952,bakery,285.04,4618.23,17215.48,8409.25,17270.26,17363.11,19279.66,16725.4,18746.13,15630.21,-99999.0,Low,Commercial,Low,0,0,0,0.0,66.0
22.817133,72.768191,street_food,444.4,444.4,20958.62,14022.12,21266.41,22281.11,28874.54,24739.8,19767.51,18592.63,-99999.0,Low,Commercial,Low,0,0,0,0.0,74.0
22.924207,72.497787,fast_food,639.71,639.71,6299.8,1651.41,9847.34,8620.27,10642.0,10044.6,5064.27,2787.16,-99999.0,Low,Commercial,Low,0,0,0,0.0,63.0
22.893638,72.340391,cafe,691.27,1947.02,17111.82,8657.52,17235.95,18631.05,19071.61,18895.4,14712.6,15477.86,-99999.0,Low,Commercial,Low,0,0,0,0.0,65.5
23.166025,72.61513,coffee,101.28,1912.05,408.22,539.69,3243.44,2523.16,4239.76,8167.67,3549.18,519.99,-99999.0,Low,Residential,Low,0,0,0,0.0,60.5
23.167919,72.586223,pizza,13.56,52.61,51.8,129.12,2527.8,1868.78,1460.46,7422.5,2726.44,467.39,-99999.0,Low,Residential,Low,0,0,1,0.25,75.0
23.183448,72.607678,burger,110.54,500.87,1154.49,1536.85,1493.52,1306.67,3409.93,9620.98,4356.32,964.38,-99999.0,Low,Residential,Low,0,0,0,0.0,60.0
22.862346,72.602226,sandwich,204.45,211.54,10137.03,5381.94,11510.47,12872.54,18673.12,15131.86,9883.89,9998.79,-99999.0,Low,Commercial,Low,0,0,0,0.0,78.0
23.2638,72.335152,gujarati,30.64,1194.02,23366.23,12150.72,25804.35,25302.0,26428.37,28404.2,22786.5,8189.54,-99999.0,Low,Commercial,Low,0,0,0,0.0,66.0
23.185949,72.812849,punjabi,11.83,796.49,6825.76,6761.99,18577.95,15088.92,23625.56,20106.04,9170.36,9904.19,-99999.0,Low,Commercial,Low,0,0,0,0.0,70.0
23.060297,72.575665,south_indian,73.05,320.49,621.67,360.11,890.59,832.35,2137.16,734.6,1419.18,441.13,83.97,Medium,Industrial,Low,0,0,0,0.0,84.98
23.272733,72.345279,chinese,5.86,5.86,23302.38,12326.75,25181.64,25162.41,25858.27,28905.71,22302.48,7470.04,-99999.0,Low,Commercial,Low,0,0,0,0.0,82.0
23.039911,72.542938,fine_dining,72.0,376.36,479.29,43.13,506.46,338.79,1150.04,503.61,2802.31,990.63,89.6,Medium,Residential,Low,2,6,74,21.4,74.1
23.139327,72.594356,dessert,83.36,732.78,2286.81,862.38,5308.35,2878.09,4545.2,4569.46,3944.62,251.87,-99999.0,Low,Residential,Low,0,0,0,0.0,67.0
23.246656,72.352625,bakery,162.85,162.85,20766.75,9546.93,23522.64,22703.98,24094.31,25946.71,20387.41,6233.12,-99999.0,Low,Commercial,Low,0,0,0,0.0,78.0
22.848779,72.662813,street_food,76.3,2885.17,12042.21,8007.04,12956.18,15006.78,22205.68,16899.09,11156.71,11625.21,-99999.0,Low,Commercial,Low,0,0,0,0.0,66.0
22.841527,72.469509,fast_food,330.76,1709.82,15788.68,7083.99,18493.98,18170.32,19420.05,19526.58,12986.38,12122.97,4.08,Low,Commercial,Low,0,0,0,0.0,58.0
23.113877,72.628047,cafe,250.31,283.87,474.18,101.52,4012.85,355.11,5307.03,4967.63,4615.39,1207.93,-99999.0,Low,Residential,Low,0,2,8,2.7,64.79
22.966089,72.886884,coffee,962.38,962.38,17676.69,15452.83,26080.15,22889.08,27160.13,26693.46,22571.16,15108.85,-99999.0,Low,Commercial,Low,0,0,0,0.0,68.5
23.064667,72.573155,pizza,136.66,321.56,724.82,273.39,352.31,499.26,1654.33,486.18,1328.54,964.0,112.1,High,Residential,Low,0,1,1,0.6,83.12
23.100605,72.367524,burger,201.01,201.01,11949.63,5541.07,12013.98,12466.08,14038.4,11491.68,13539.79,10451.19,-99999.0,Low,Commercial,Low,0,0,0,0.0,73.0
23.146854,72.80462,sandwich,240.44,1196.61,6837.47,6642.64,17363.58,13892.61,20367.38,17094.37,7582.46,5493.86,-99999.0,Low,Commercial,Low,0,0,0,0.0,66.0
23.12244,72.755998,gujarati,150.82,538.13,6193.52,2605.75,11724.24,8330.11,14719.3,11429.97,4223.25,1532.07,-99999.0,Low,Industrial,Low,0,0,0,0.0,64.0
23.156003,72.434713,punjabi,441.43,5883.88,8059.0,1096.53,11609.29,9630.59,12919.08,13847.77,10731.4,5584.93,-99999.0,Low,Industrial,Low,0,0,0,0.0,60.0
23.026746,72.442526,south_indian,112.75,3490.87,1858.83,256.6,1683.22,2355.68,3046.95,891.91,5482.05,1948.24,8.25,Low,Residential,Low,0,0,0,0.0,65.61
22.972687,72.573029,chinese,115.4,115.4,1459.85,831.04,3279.16,791.74,6592.42,3870.5,4763.41,616.78,5.0,Low,Industrial,Low,0,0,0,0.0,72.0
23.009675,72.36515,fine_dining,97.7,1343.29,10007.35,3909.59,9158.11,10231.33,10806.12,9022.77,11731.63,9956.82,5.24,Low,Commercial,Low,0,0,0,0.0,66.0
23.014847,72.695763,dessert,108.59,845.85,2707.11,1094.59,6616.34,3202.68,7031.12,7412.4,3411.19,1023.16,6.85,Low,Industrial,Low,0,0,0,0.0,64.0
22.989664,72.398531,bakery,189.88,424.12,7665.52,745.42,6077.0,7394.21,7945.36,6971.07,7668.83,6545.98,-99999.0,Low,Commercial,Low,0,0,0,0.0,74.0
23.253033,72.348937,street_food,11.04,11.04,21519.24,10334.67,24089.14,23494.48,24685.64,26744.38,21009.89,6623.57,-99999.0,Low,Commercial,Low,0,0,0,0.0,82.0
23.209251,72.364073,fast_food,177.72,177.72,17302.96,5842.64,20499.06,18774.41,21936.33,21676.78,18060.28,6686.42,-99999.0,Low,Commercial,Low,0,0,0,0.0,73.0
22.856351,72.738502,cafe,434.48,1172.23,15752.26,8721.26,15995.27,17025.22,23620.71,19434.04,14542.0,13907.57,-99999.0,Low,Commercial,Low,0,0,0,0.0,65.5
23.199649,72.632695,coffee,11.88,264.89,984.43,2244.44,348.72,356.6,6421.15,12300.02,5082.79,643.77,-99999.0,Low,Residential,Low,0,0,0,0.0,69.5
23.091503,72.63572,pizza,208.25,587.44,683.2,366.72,1666.45,2134.32,4841.73,2602.77,2667.51,0.0,5.37,Low,Residential,High,0,0,0,0.0,52.0
22.96823,72.380894,burger,79.51,79.51,9696.4,2601.51,8727.65,10105.77,10627.67,9909.7,8732.02,8886.75,6.07,Low,Commercial,Low,0,0,0,0.0,78.0
22.979727,72.695898,sandwich,234.34,2784.82,2969.2,1450.95,6766.02,3491.85,9652.4,7436.69,3291.55,303.75,7.54,Low,Residential,Low,0,0,0,0.0,63.0
23.170136,72.813493,gujarati,122.14,172.79,6881.87,6765.01,18837.13,14881.2,22584.2,19163.36,8681.54,8208.19,-99999.0,Low,Commercial,Low,0,0,0,0.0,78.0
23.156109,72.871671,punjabi,49.29,2938.16,13011.14,12878.95,24132.03,20675.31,26857.84,23786.16,14427.62,8859.43,-99999.0,Low,Commercial,Low,0,0,0,0.0,66.0
23.098197,72.513955,south_indian,42.73,1557.75,1413.44,1155.82,4528.59,2569.45,2619.05,5597.78,3136.43,1322.17,6.19,Low,Residential,Low,0,0,0,0.0,63.0
23.087401,72.433389,chinese,78.31,5851.28,5841.06,1646.0,6665.57,5594.23,8685.32,6529.36,6899.58,3760.32,-99999.0,Low,Commercial,Low,0,0,0,0.0,66.0
23.125233,72.440062,fine_dining,212.9,6565.71,6613.05,1401.39,10244.99,6674.7,10754.35,10403.09,9536.24,4996.89,-99999.0,Low,Industrial,Low,0,0,0,0.0,60.0
22.861945,72.800317,dessert,4.56,636.62,18539.59,13311.55,20486.38,20151.12,26534.24,23353.2,19346.38,14952.32,-99999.0,Low,Commercial,Low,0,0,0,0.0,70.0
22.986429,72.752311,bakery,132.07,1687.34,4261.05,1767.85,12559.05,8914.13,13625.32,13015.38,8589.35,1792.78,-99999.0,Low,Residential,Low,0,0,0,0.0,63.0
23.085568,72.778188,street_food,9.66,1541.02,9902.02,3683.75,13184.15,9659.75,15047.66,12577.75,8721.36,1671.27,-99999.0,Low,Industrial,Low,0,0,0,0.0,60.0
23.215674,72.875237,fast_food,32.46,665.26,13808.05,13759.24,25015.3,22109.04,30669.44,27219.31,16349.05,14916.05,-99999.0,Low,Commercial,Low,0,0,0,0.0,63.0
23.202845,72.665873,cafe,532.31,532.31,3018.83,3104.76,3556.84,3459.44,9730.73,13967.86,5494.44,0.0,-99999.0,Low,Forest,High,0,0,0,0.0,43.0
23.118496,72.325227,coffee,650.16,4417.37,16695.82,8770.63,16666.72,17094.07,18652.81,16094.92,18306.03,15212.14,-99999.0,Low,Commercial,Low,0,0,0,0.0,65.5
23.25596,72.791087,pizza,447.15,1098.22,9783.49,9813.06,17583.05,16640.0,23790.65,24177.97,12997.78,9442.75,-99999.0,Low,Commercial,Low,0,0,0,0.0,58.0
22.938375,72.414641,burger,2.46,3238.68,8070.82,2140.0,8713.96,10038.27,10394.31,10844.56,5671.12,6389.3,6.18,Low,Commercial,Low,0,0,0,0.0,58.0
23.147295,72.489211,sandwich,77.45,3458.38,3160.35,1429.36,5995.13,6143.17,8221.16,9682.98,5838.76,567.81,-99999.0,Low,Residential,Low,0,0,0,0.0,63.0
22.973116,72.313541,gujarati,799.68,1458.59,16357.42,8985.65,14955.49,16220.78,16785.95,15393.29,15659.9,15441.16,-99999.0,Low,Commercial,Low,0,0,0,0.0,66.0
23.227534,72.638466,punjabi,22.46,1557.57,3869.6,5353.99,3492.98,3493.9,8602.42,15334.38,7981.6,3174.32,-99999.0,Low,Residential,Low,0,0,0,0.0,63.0
23.002376,72.392287,south_indian,13.83,1009.03,7662.48,2286.28,6401.72,7579.8,8152.54,6708.95,8924.98,7167.69,-99999.0,Low,Commercial,Low,0,0,0,0.0,66.0
23.113923,72.327781,chinese,162.07,4066.23,16223.85,8779.63,16162.89,16732.5,18139.94,15581.87,17865.83,14782.96,-99999.0,Low,Commercial,Low,0,0,0,0.0,66.0
23.168134,72.434777,fine_dining,122.95,5840.29,8753.19,1265.09,12029.24,10762.46,13746.11,15161.13,10513.32,4780.63,-99999.0,Low,Industrial,Low,0,0,0,0.0,60.0
23.01152,72.50772,dessert,8.31,42.72,838.08,50.66,545.52,49.47,2408.66,1733.89,3452.7,445.41,122.84,High,Residential,Low,0,0,1,0.25,93.63
22.987625,72.728526,bakery,213.26,687.19,2867.3,950.01,10223.74,6474.83,11498.81,10574.83,6155.51,639.03,5.66,Low,Industrial,Low,0,0,0,0.0,64.0
23.182881,72.639204,street_food,50.67,95.11,636.05,487.33,1699.64,738.21,6587.04,11066.97,3110.51,1223.16,-99999.0,Low,Residential,Low,0,0,0,0.0,79.0
22.850779,72.340513,fast_food,255.92,906.07,20327.86,10265.06,20966.05,22325.19,22706.95,22878.29,17526.55,18372.23,-99999.0,Low,Commercial,Low,0,0,0,0.0,63.0
22.885557,72.668346,cafe,87.67,87.67,8583.37,3996.39,9261.61,11233.56,18257.38,13136.95,7529.27,7830.57,-99999.0,Low,Commercial,Low,0,0,0,0.0,77.5
23.133505,72.46782,coffee,18.47,4171.53,3954.51,949.73,7823.9,5823.99,8709.74,11029.84,8450.86,3060.08,-99999.0,Low,Industrial,Low,0,0,0,0.0,55.5
23.127731,72.591684,pizza,90.07,107.22,1167.27,159.11,4890.09,2011.23,4439.57,3293.07,3577.2,1190.84,6.73,Low,Industrial,Low,0,0,1,0.25,67.0
23.022181,72.468437,burger,133.57,912.27,626.57,152.68,724.74,539.95,622.71,1052.81,3880.99,1468.05,74.08,Medium,Residential,Low,0,1,9,2.6,75.46
23.172373,72.376014,sandwich,56.36,56.36,14280.06,3370.61,17705.78,15051.59,18964.98,17455.42,16493.8,9288.39,-99999.0,Low,Commercial,Low,0,0,0,0.0,82.0
23.016359,72.474283,gujarati,77.2,560.86,478.66,83.88,153.44,156.47,418.54,1115.04,4194.25,1483.45,86.33,Medium,Commercial,Low,0,0,3,0.75,86.08
23.135673,72.592247,punjabi,145.63,594.45,1830.46,655.95,5016.05,2558.13,4831.91,4112.17,3655.25,710.66,-99999.0,Low,Residential,Low,0,0,1,0.25,67.0
23.130224,72.336342,south_indian,15.38,3526.85,16419.09,7203.14,16574.36,16341.13,18609.03,16067.0,17863.61,14731.73,-99999.0,Low,Commercial,Low,0,0,0,0.0,66.0
22.999726,72.657608,chinese,4.52,874.73,18.35,32.91,4418.92,1021.93,5725.13,3254.9,870.06,639.96,106.02,High,Residential,Low,0,0,0,0.0,81.0
22.81369,72.484823,fine_dining,80.51,80.51,18610.13,10498.73,21738.11,20541.23,22553.62,21860.1,16186.99,14069.78,1.96,Low,Commercial,Low,0,0,0,0.0,82.0
22.911392,72.389596,dessert,273.8,2015.47,11990.63,3522.69,12589.23,13938.15,14312.93,14592.98,9376.73,10207.5,-99999.0,Low,Commercial,Low,0,0,0,0.0,66.0
22.932649,72.500311,bakery,133.72,401.55,5355.58,2025.07,8883.46,7671.12,9821.7,9111.37,4600.19,1875.32,21.48,Low,Commercial,Low,0,0,0,0.0,78.0
22.81371,72.743268,street_food,203.73,410.74,19538.76,12975.81,19999.82,21547.89,28125.81,23648.32,18396.75,18488.07,-99999.0,Low,Commercial,Low,0,0,0,0.0,74.0
22.894334,72.53052,fast_food,437.14,1101.92,9869.67,1266.94,12288.24,10455.26,13613.31,12081.08,9772.92,4098.44,1.84,Low,Commercial,Low,0,0,0,0.0,58.0
23.147762,72.600152,cafe,209.12,565.8,2040.84,870.29,5177.74,3768.78,4066.38,5666.0,4755.04,729.33,-99999.0,Low,Residential,Low,0,0,0,0.0,63.5
23.21001,72.777596,coffee,203.16,803.37,4770.41,4776.1,15002.68,12589.22,21051.25,19298.82,7953.0,9233.77,-99999.0,Low,Commercial,Low,0,0,0,0.0,68.5
22.844596,72.809823,pizza,393.01,654.8,20694.38,15122.13,22376.11,22228.34,28644.84,25350.61,21163.57,17107.58,-99999.0,Low,Commercial,Low,0,0,0,0.0,63.0
22.830305,72.32087,burger,612.91,1998.72,23363.5,13217.57,23977.34,25341.69,25729.06,25853.42,20551.11,21394.44,-99999.0,Low,Commercial,Low,0,0,0,0.0,58.0
23.252158,72.810024,sandwich,332.3,810.4,10484.95,10495.91,19256.17,17891.38,25459.79,25011.47,13680.44,11426.08,-99999.0,Low,Commercial,Low,0,0,0,0.0,70.0
23.086364,72.642572,gujarati,106.07,1263.74,542.83,210.53,778.68,1571.81,4305.96,1699.07,2128.68,565.48,7.22,Low,Grass,Low,0,0,0,0.0,56.21
23.15056,72.552262,punjabi,6.9,181.4,1998.68,268.99,2618.6,1612.12,3705.86,5649.26,141.12,244.5,-99999.0,Low,Commercial,Low,0,0,2,0.5,78.0
22.865283,72.322097,south_indian,87.53,87.53,20552.41,11227.91,20831.78,22221.21,22648.05,22540.57,17981.86,18814.81,-99999.0,Low,Commercial,Low,0,0,0,0.0,82.0
22.965889,72.774767,chinese,3.18,3589.77,7498.08,4378.59,14582.17,11614.21,16777.23,15657.58,11334.76,4562.9,-99999.0,Low,Commercial,Low,0,0,0,0.0,66.0
23.1067,72.792575,fine_dining,306.04,4138.13,9156.84,4798.04,14877.13,11329.99,17212.09,14394.57,8117.9,884.27,-99999.0,Low,Commercial,Low,0,0,0,0.0,66.0
23.251489,72.361115,dessert,215.28,1143.44,20492.7,9469.47,22849.8,22620.09,23457.41,26125.06,19801.56,5368.29,-99999.0,Low,Commercial,Low,0,0,0,0.0,66.0
23.215352,72.451124,bakery,17.56,1569.25,11647.91,4259.37,12879.69,12856.62,13428.76,17483.44,9756.71,691.98,-99999.0,Low,Commercial,Low,0,0,0,0.0,66.0
23.092658,72.613898,street_food,192.09,1121.84,1499.76,442.13,2213.31,2133.67,3072.76,3954.7,3175.12,0.0,-99999.0,Low,Residential,High,0,0,0,0.0,55.0
22.999968,72.489959,fast_food,30.46,867.15,1643.97,645.76,2372.48,1952.26,2752.45,3040.94,4037.35,1080.17,5.27,Low,Commercial,Low,0,0,0,0.0,63.0
22.972966,72.50318,cafe,121.38,564.37,911.25,441.82,4436.9,4047.01,5640.66,5597.79,2667.25,699.66,30.98,Low,Industrial,Low,0,0,2,0.5,61.5
22.890704,72.60608,coffee,449.05,449.05,6978.0,2570.26,8392.69,9713.19,16022.77,11974.28,6832.79,6959.88,-99999.0,Low,Commercial,Low,0,0,0,0.0,71.5
22.864733,72.605772,pizza,65.76,260.44,9801.95,5207.67,11160.66,12588.86,18578.91,14848.84,9514.21,9826.12,3.07,Low,Commercial,Low,0,0,0,0.0,73.0
23.244843,72.512638,burger,16.76,1263.26,9933.83,8020.3,8892.93,8886.86,9934.65,16852.74,7903.72,6048.71,-99999.0,Low,Commercial,Low,0,0,0,0.0,58.0
23.159142,72.78499,sandwich,101.77,1056.0,4419.02,4231.77,16203.06,11892.65,19533.07,16056.17,5590.21,6269.08,-99999.0,Low,Commercial,Low,0,0,0,0.0,66.0
23.201218,72.447036,gujarati,508.49,2957.66,10520.83,2690.18,12807.09,12796.31,13420.06,16713.27,9587.91,2109.63,-99999.0,Low,Commercial,Low,0,0,0,0.0,66.0
22.880293,72.424418,punjabi,104.68,1709.4,12833.25,2327.37,14465.72,15618.56,15838.89,16856.83,9648.49,10386.81,16.91,Low,Commercial,Low,0,0,0,0.0,70.0
23.099152,72.750925,south_indian,7.91,454.45,8711.37,515.21,10529.5,6981.12,12972.74,10049.63,5653.73,1008.04,-99999.0,Low,Industrial,Low,0,0,0,0.0,68.0
23.124644,72.412745,chinese,283.44,4009.15,9408.44,3315.04,11292.94,8901.43,13321.69,11108.7,11207.03,7553.2,-99999.0,Low,Commercial,Low,0,0,0,0.0,66.0
23.180967,72.596588,fine_dining,141.54,172.82,1840.12,1335.41,2436.26,2310.95,2241.34,9038.09,3227.67,301.89,-99999.0,Low,Industrial,Low,0,0,0,0.0,72.0
23.172134,72.750729,dessert,77.25,3781.72,736.43,493.39,12477.99,8548.35,17976.16,14332.55,2964.6,6659.96,-99999.0,Low,Commercial,Low,0,0,0,0.0,66.0
23.025475,72.846009,bakery,32.36,3428.07,12784.83,10976.55,21141.95,17268.35,21553.55,20318.8,18337.4,7411.7,-99999.0,Low,Commercial,Low,0,0,0,0.0,66.0
23.080956,72.678473,street_food,67.65,337.5,2091.1,122.71,2977.59,906.99,5604.02,2362.1,3644.64,382.13,58.47,Medium,Residential,Low,0,0,0,0.0,79.0
23.10977,72.811263,fast_food,495.01,4828.21,10011.6,6741.86,16821.92,13274.68,19117.61,16336.92,9509.17,1690.52,-99999.0,Low,Commercial,Low,0,0,0,0.0,58.0
23.111064,72.397555,cafe,27.22,3014.32,10233.04,3957.5,10756.53,9718.97,12828.3,10424.95,11411.95,8272.75,-99999.0,Low,Commercial,Low,0,0,0,0.0,65.5
22.842777,72.566481,coffee,263.19,612.26,13142.62,7553.44,14886.47,15198.58,19676.58,17768.76,13451.32,10151.9,4.56,Low,Commercial,Low,0,0,0,0.0,68.5
22.955354,72.469311,pizza,45.15,58.91,3519.76,478.72,6015.21,6763.55,6809.62,7859.68,546.58,880.75,50.97,Medium,Industrial,Low,0,0,0,0.0,80.0
22.836963,72.604255,burger,18.01,18.01,12857.26,8188.78,14193.15,15669.03,21358.96,17918.96,12508.61,12388.23,-99999.0,Low,Commercial,Low,0,0,0,0.0,78.0
22.958996,72.57211,sandwich,184.27,1633.16,1963.26,910.79,4116.38,2311.2,7740.19,5259.98,5312.21,913.02,5.87,Low,Industrial,Low,0,0,0,0.0,60.0
22.837307,72.792384,gujarati,455.67,1738.51,20736.13,14142.01,21460.51,21723.45,28237.8,24624.3,20144.06,17122.83,-99999.0,Low,Commercial,Low,0,0,0,0.0,66.0
22.846831,72.811265,punjabi,133.03,409.12,20537.21,15116.64,22353.74,22143.34,28542.92,25296.81,21159.1,16956.35,-99999.0,Low,Commercial,Low,0,0,0,0.0,74.0
23.220541,72.666705,south_indian,41.05,541.99,4229.34,5007.04,4449.92,4379.38,10564.47,15929.28,7394.43,1296.58,-99999.0,Low,Residential,Low,0,0,0,0.0,67.0
23.053393,72.578373,chinese,1.35,426.75,591.03,46.93,1586.23,915.13,2809.41,765.16,1260.88,0.0,9.28,Low,Residential,High,0,0,0,0.0,65.91
23.076072,72.769254,fine_dining,274.84,315.18,8514.95,3612.0,12295.62,8834.62,13896.74,11628.04,8811.32,2935.66,4.65,Low,Industrial,Low,0,0,0,0.0,68.0
23.240021,72.570846,dessert,202.05,202.05,6827.9,6953.29,5847.65,5823.47,7066.55,15250.82,6349.46,6096.33,-99999.0,Low,Commercial,Low,0,0,0,0.0,78.0
23.198712,72.688066,bakery,107.7,2513.66,2280.31,3226.25,5766.55,5028.99,11813.31,13871.59,6251.51,1649.13,-99999.0,Low,Forest,Low,0,0,0,0.0,55.5
22.964333,72.585865,street_food,102.39,362.97,442.72,112.02,2684.94,2118.66,8166.85,4280.11,4017.54,436.61,59.71,Medium,Industrial,Low,0,0,0,0.0,76.0
22.882413,72.345887,fast_food,562.61,1412.06,17464.59,8319.42,17811.11,19193.8,19609.25,19594.33,14892.69,15721.71,-99999.0,Low,Commercial,Low,0,0,0,0.0,58.0
22.859681,72.831494,cafe,123.41,2074.28,20340.64,16309.17,23359.13,22627.52,28839.82,26031.59,22309.31,16857.25,-99999.0,Low,Commercial,Low,0,0,0,0.0,65.5
22.97485,72.724303,coffee,5.54,813.85,4211.22,1414.88,9501.62,6380.39,12049.08,10392.29,6125.85,1110.14,5.94,Low,Residential,Low,0,0,0,0.0,63.5
23.052184,72.410084,pizza,20.1,4051.0,5528.75,1116.23,5413.72,6109.28,7307.47,4759.42,8052.36,4624.42,-99999.0,Low,Commercial,Low,0,0,0,0.0,58.0
22.928917,72.5639,burger,17.98,451.71,4741.56,332.83,7175.34,5726.94,10368.38,8289.52,7129.81,2033.84,35.35,Low,Industrial,Low,0,0,0,0.0,66.0
23.020922,72.613194,sandwich,8.18,119.85,1067.72,159.56,2142.43,1437.29,3862.48,1511.42,1031.1,1738.98,135.28,High,Residential,Low,0,0,0,0.0,90.15
22.886198,72.526254,gujarati,243.67,975.68,10811.28,2268.94,13271.93,11457.25,14520.88,13040.1,10174.23,5074.23,4.13,Low,Commercial,Low,0,0,0,0.0,70.0
22.945789,72.547086,punjabi,151.41,442.58,4908.79,1109.3,6771.24,4655.02,8096.02,6251.91,4665.03,0.0,5.96,Low,Industrial,High,0,0,0,0.0,60.0
22.972416,72.656774,south_indian,20.83,20.83,2702.41,689.7,2713.06,2619.02,8591.61,4205.07,2932.89,574.74,9.75,Low,Industrial,Low,0,0,0,0.0,76.0
23.188829,72.685437,chinese,120.23,2590.8,1716.04,2107.57,5560.1,3919.99,11366.38,12744.14,5272.55,1502.47,-99999.0,Low,Forest,Low,0,0,0,0.0,55.5
22.841638,72.364813,fine_dining,110.28,110.28,19571.41,9001.49,20585.66,21891.89,22219.8,22690.86,16574.4,17388.16,16.61,Low,Commercial,Low,0,0,0,0.0,82.0
23.135622,72.474805,dessert,170.66,3643.13,3374.99,877.87,7133.53,5839.66,8288.63,10453.02,7702.59,2381.73,-99999.0,Low,Industrial,Low,0,0,0,0.0,60.0
23.157392,72.690807,bakery,117.1,798.4,2829.4,533.49,7443.17,2243.59,12018.85,9590.77,3266.25,1267.8,-99999.0,Low,Grass,Low,0,0,0,0.0,59.5
23.245044,72.816502,street_food,512.85,1440.53,10323.99,10324.86,19656.63,17992.01,25844.59,24840.34,13475.97,12264.11,-99999.0,Low,Commercial,Low,0,0,0,0.0,66.0
22.970014,72.647989,fast_food,77.31,288.87,2400.71,182.2,1786.75,2006.31,8690.28,3787.79,2238.36,501.72,57.24,Medium,Industrial,Low,0,0,0,0.0,75.0
22.877886,72.512896,cafe,162.67,373.83,11484.84,3783.52,14838.03,12901.6,15539.59,14229.23,10193.4,6397.8,4.66,Low,Commercial,Low,0,0,0,0.0,71.5
23.274494,72.715118,coffee,219.97,3578.85,10423.08,11292.67,12132.35,12074.12,17976.62,22695.28,13591.34,1426.73,-99999.0,Low,Commercial,Low,0,0,0,0.0,65.5
22.99814,72.655124,pizza,95.97,1101.45,187.74,148.97,4115.29,1169.31,5803.21,2991.43,1098.36,503.25,94.17,Medium,Residential,Low,1,2,3,1.85,64.29
23.260241,72.489557,burger,71.84,630.49,12782.19,10133.93,11774.11,11766.57,12782.5,19346.31,10408.39,5567.24,-99999.0,Low,Commercial,Low,0,0,0,0.0,63.0
22.990806,72.769164,sandwich,136.32,1485.64,5409.51,3141.38,14351.34,10605.14,14935.7,14704.49,10265.97,3557.67,-99999.0,Low,Residential,Low,0,0,0,0.0,63.0
23.200329,72.698668,gujarati,30.09,1479.68,2099.58,3707.4,6859.86,5693.95,12912.52,14340.2,6224.77,2250.38,-99999.0,Low,Forest,Low,0,0,0,0.0,55.5
23.2079,72.738489,punjabi,63.69,317.64,3451.9,3540.26,10996.18,9092.84,17075.36,16784.18,6167.85,5390.79,-99999.0,Low,Commercial,Low,0,0,0,0.0,74.0
23.138999,72.615308,south_indian,124.67,552.51,2546.49,611.05,6237.46,1963.59,5826.99,5747.49,3488.41,576.29,-99999.0,Low,Residential,Low,0,0,0,0.0,67.0
23.120092,72.555576,chinese,45.39,1597.6,2192.24,166.37,1491.4,1240.71,3933.6,2474.6,901.86,954.6,26.48,Low,Residential,Low,0,0,1,0.25,67.0
22.983677,72.520307,fine_dining,3.23,833.79,1018.45,266.06,3221.92,1927.04,3856.49,3478.63,613.59,1026.32,72.45,Medium,Residential,Low,1,1,19,5.5,76.5
22.896526,72.434232,dessert,219.8,1301.08,10786.39,1003.06,12508.51,13626.78,13829.09,14939.59,7591.74,8325.47,-99999.0,Low,Commercial,Low,0,0,0,0.0,66.0
23.264881,72.592037,bakery,13.0,3020.86,8310.21,9732.23,8048.29,8072.18,9955.09,18142.33,9485.09,8886.25,-99999.0,Low,Commercial,Low,0,0,0,0.0,66.0
22.918741,72.389788,street_food,157.68,1651.05,11422.42,3523.32,11894.59,13255.57,13644.55,13851.76,8930.0,9711.49,-99999.0,Low,Commercial,Low,0,0,0,0.0,66.0
22.847039,72.799768,fast_food,500.72,1446.04,20018.35,14109.98,21383.29,21348.54,27801.72,24406.86,20148.17,16415.87,-99999.0,Low,Commercial,Low,0,0,0,0.0,58.0
22.858548,72.757107,cafe,24.56,494.01,17070.49,9859.08,17184.48,17736.28,24310.33,20441.56,15837.3,13873.48,-99999.0,Low,Commercial,Low,0,0,0,0.0,71.5
23.210858,72.822536,coffee,137.1,735.57,8581.41,8545.32,19594.15,16829.42,25607.11,22611.36,11387.79,12812.61,-99999.0,Low,Commercial,Low,0,0,0,0.0,68.5
22.828119,72.505323,pizza,57.34,57.34,16940.77,9040.55,19798.04,18212.06,21106.47,19771.64,15034.69,11849.6,10.85,Low,Commercial,Low,0,0,0,0.0,82.0
23.177828,72.386008,burger,149.71,1169.42,13602.51,2603.46,17090.92,14706.35,18403.81,17593.23,15461.47,8174.78,-99999.0,Low,Commercial,Low,0,0,0,0.0,58.0
22.990826,72.404103,sandwich,123.89,578.33,7100.82,926.72,5495.54,6819.57,7368.26,6458.84,7224.8,5963.46,5.25,Low,Commercial,Low,0,0,0,0.0,70.0
23.209046,72.757237,gujarati,251.75,359.8,3633.2,3681.03,12918.15,10732.11,18982.4,17933.89,6804.13,7209.0,-99999.0,Low,Commercial,Low,0,0,0,0.0,74.0
23.198341,72.406013,punjabi,420.02,1381.77,13131.19,2132.92,16127.28,15163.61,17506.72,19133.25,13615.32,5116.12,-99999.0,Low,Commercial,Low,0,0,0,0.0,66.0
23.020083,72.548298,south_indian,114.48,459.79,248.89,169.55,995.09,508.76,1864.0,1805.31,701.51,759.6,43.97,Low,Residential,Low,0,0,1,0.25,79.46
23.134654,72.447768,chinese,48.12,6134.99,5970.29,443.54,9882.34,6927.38,10508.63,11275.73,10088.1,4975.54,-99999.0,Low,Industrial,Low,0,0,0,0.0,60.0
23.023215,72.475258,fine_dining,11.25,219.67,470.42,298.25,616.86,309.93,876.98,398.67,3452.12,832.02,93.91,Medium,Residential,Low,0,20,89,29.25,65.77
23.169298,72.570378,dessert,44.4,72.1,939.2,396.61,2012.76,1210.45,930.24,7415.51,1584.16,868.71,-99999.0,Low,Retail,Low,0,0,0,0.0,82.0
23.066325,72.489491,bakery,90.66,335.81,2522.76,567.08,2009.03,296.64,5384.36,4201.89,1429.55,1218.19,-99999.0,Low,Industrial,Low,0,0,0,0.0,68.0
23.198139,72.582029,street_food,270.41,2204.32,2501.08,2307.08,1506.78,1433.85,2509.11,10678.9,2412.52,1422.4,-99999.0,Low,Industrial,Low,0,0,0,0.0,60.0
23.210854,72.523348,fast_food,265.01,274.05,6549.92,4203.36,5731.56,5714.95,6548.49,12944.87,3987.13,3920.3,-99999.0,Low,Commercial,Low,0,0,0,0.0,73.0
23.264622,72.880975,cafe,405.04,2261.5,16775.15,16755.65,26598.12,24775.0,32789.51,31037.6,19748.57,18435.8,-99999.0,Low,Commercial,Low,0,0,0,0.0,65.5
23.031606,72.473428,coffee,28.24,449.8,112.16,88.46,1120.33,227.16,1671.58,445.6,2727.51,716.84,105.92,High,Residential,Low,2,4,17,6.45,80.59
22.993299,72.615927,pizza,26.36,575.91,150.71,192.98,1045.46,1134.19,6420.32,786.86,359.41,1335.49,127.71,High,Residential,Low,0,1,2,0.85,76.71
23.273809,72.783797,burger,240.9,1038.16,11300.21,11343.24,17755.46,17494.36,23922.51,25429.99,14472.28,8454.77,-99999.0,Low,Commercial,Low,0,0,0,0.0,58.0
23.194604,72.390271,sandwich,166.74,1131.05,14170.89,2715.31,17378.6,15789.42,19056.74,19185.23,15147.86,6439.93,-99999.0,Low,Commercial,Low,0,0,0,0.0,66.0
22.930002,72.681884,gujarati,56.7,157.04,6356.92,387.84,6192.18,7334.28,13833.87,9420.68,5116.5,4702.12,4.97,Low,Residential,Low,0,0,0,0.0,75.0
23.229576,72.631634,punjabi,15.97,839.0,4156.67,5561.53,3651.92,3673.78,8249.39,15268.25,8319.5,3671.02,-99999.0,Low,Residential,Low,0,0,0,0.0,67.0
22.859243,72.800618,south_indian,174.1,746.35,18823.05,13480.74,20676.29,20391.3,26786.58,23570.32,19519.52,15233.19,-99999.0,Low,Commercial,Low,0,0,0,0.0,70.0
23.21856,72.475337,chinese,16.46,2195.33,11050.21,5359.76,10601.09,10580.39,11252.16,16133.59,7802.76,1267.26,-99999.0,Low,Commercial,Low,0,0,0,0.0,66.0
23.176296,72.468219,fine_dining,308.11,6231.75,7022.57,1248.04,9412.82,9507.44,10965.98,13281.86,7040.65,1490.51,-99999.0,Low,Industrial,Low,0,0,0,0.0,60.0
23.244547,72.395462,dessert,49.31,3163.93,17537.56,7363.34,19271.66,19251.03,19903.32,23848.97,16301.18,1900.31,-99999.0,Low,Commercial,Low,0,0,0,0.0,66.0
23.019987,72.85892,bakery,322.03,3091.26,14054.15,12163.57,22541.35,18654.24,22943.08,21761.24,19627.19,8485.87,-99999.0,Low,Commercial,Low,0,0,0,0.0,66.0
22.916578,72.571654,street_food,26.67,983.72,5564.43,1808.25,7987.71,7007.7,11925.51,9755.53,7296.59,3511.07,-99999.0,Low,Commercial,Low,0,0,0,0.0,70.0
22.977801,72.325469,fast_food,767.85,1127.55,15028.22,7715.4,13640.52,14898.94,15465.07,14064.45,14509.41,14150.38,-99999.0,Low,Commercial,Low,0,0,0,0.0,58.0
22.835563,72.601164,cafe,5.77,323.49,13064.64,8301.15,14412.81,15840.43,21394.32,18100.28,12741.95,12349.76,-99999.0,Low,Commercial,Low,0,0,0,0.0,71.5
22.923173,72.886825,coffee,97.37,4600.48,19599.81,16808.49,26433.61,24007.06,29090.29,27995.36,23742.9,16993.82,-99999.0,Low,Commercial,Low,0,0,0,0.0,65.5
22.989958,72.326349,pizza,719.79,2324.64,14452.35,7638.82,13285.65,14482.04,15054.79,13474.46,14677.96,13923.97,-99999.0,Low,Commercial,Low,0,0,0,0.0,58.0
23.256796,72.796722,burger,99.25,520.0,10143.74,10168.69,18153.12,17137.6,24361.08,24588.14,13361.05,9986.17,-99999.0,Low,Commercial,Low,0,0,0,0.0,63.0
23.121981,72.769001,sandwich,428.85,1362.04,6577.95,3316.49,12956.22,9510.41,15813.11,12620.33,5178.79,1857.49,-99999.0,Low,Industrial,Low,0,0,0,0.0,60.0
22.876048,72.47639,gujarati,493.86,599.89,11900.98,3969.87,14777.37,14379.7,15608.09,15776.45,9224.36,8522.49,-99999.0,Low,Commercial,Low,0,0,0,0.0,70.0
23.208286,72.713722,punjabi,137.43,634.31,3283.82,4894.27,8487.88,7310.98,14612.25,15697.41,6406.3,3000.63,-99999.0,Low,Commercial,Low,0,0,0,0.0,70.0
22.87662,72.719211,south_indian,511.03,806.57,12782.74,5733.23,13002.54,14162.15,20748.42,16453.65,11564.93,11474.31,-99999.0,Low,Commercial,Low,0,0,0,0.0,70.0
23.025329,72.313046,chinese,15.21,15.21,15048.53,8973.05,14627.85,15581.08,16147.91,14076.03,17282.85,14703.11,36.04,Low,Commercial,Low,0,0,0,0.0,86.0
22.848028,72.458436,fine_dining,495.13,495.13,15369.73,6153.05,17713.65,17975.95,18738.86,19382.56,12279.93,12126.11,-99999.0,Low,Commercial,Low,0,0,0,0.0,74.0
23.210782,72.628306,dessert,2.89,1486.34,2270.82,3501.37,1610.08,1655.32,6635.35,13215.6,6394.9,1948.62,-99999.0,Low,Residential,Low,0,0,0,0.0,63.0
23.159073,72.616107,bakery,46.55,1400.69,1158.27,1276.21,4016.05,3139.79,4600.17,7556.45,3196.76,394.7,-99999.0,Low,Residential,Low,0,0,0,0.0,63.0
22.86337,72.477099,street_food,398.68,1633.29,13262.72,5152.74,16177.27,15635.5,17014.48,17002.39,10627.76,9715.67,-99999.0,Low,Commercial,Low,0,0,0,0.0,66.0
22.954553,72.337695,fast_food,339.94,1734.22,14360.71,7177.31,13352.09,14708.85,15245.63,14285.17,13108.62,13449.73,-99999.0,Low,Commercial,Low,0,0,0,0.0,58.0
23.011516,72.770461,cafe,334.78,800.12,4963.94,3089.08,13831.13,10000.97,14246.03,13817.83,10516.9,4074.46,2.44,Low,Residential,Low,0,0,0,0.0,63.5
23.029415,72.374298,coffee,220.77,274.78,8752.62,2782.92,8556.84,9308.13,9936.8,7783.37,11982.3,8444.26,2.71,Low,Commercial,Low,0,0,0,0.0,74.5
23.244471,72.656109,pizza,14.72,775.47,6020.46,7467.63,5857.09,5832.06,11199.57,17811.26,9830.46,2610.06,-99999.0,Low,Commercial,Low,0,0,0,0.0,63.0
22.817889,72.608918,burger,44.76,571.04,14887.73,10350.97,16187.95,17769.01,23506.4,19969.68,14465.59,14439.41,-99999.0,Low,Commercial,Low,0,0,0,0.0,63.0
22.92613,72.393275,sandwich,508.13,1796.15,10619.24,3336.03,11016.55,12382.28,12777.82,12959.55,8230.67,8967.56,-99999.0,Low,Commercial,Low,0,0,0,0.0,66.0
23.016035,72.66659,gujarati,12.02,372.16,1862.47,106.11,4262.93,1021.66,4636.64,4646.58,2023.99,538.42,83.79,Medium,Industrial,Low,0,0,0,0.0,82.0
22.925471,72.551609,punjabi,153.19,172.54,5849.58,881.9,8241.37,6432.77,10394.21,8512.1,6921.9,1330.16,5.33,Low,Industrial,Low,1,1,2,1.25,67.5
23.128898,72.359656,south_indian,317.24,1148.86,14431.81,5125.23,14751.52,14037.62,16814.4,14312.62,15738.0,12596.46,-99999.0,Low,Commercial,Low,0,0,0,0.0,66.0
23.277834,72.349254,chinese,419.66,562.59,23430.78,12592.59,25025.7,25007.25,25729.54,29284.73,22223.1,7321.92,-99999.0,Low,Commercial,Low,0,0,0,0.0,70.0
23.062509,72.60425,fine_dining,74.89,522.57,449.39,263.48,2015.53,1592.17,3508.59,1670.18,1512.55,859.05,6.83,Low,Residential,Low,0,0,16,4.0,67.78
23.284399,72.631408,dessert,28.24,560.38,10195.58,11633.42,9725.45,9746.35,13276.47,21025.13,13127.59,5567.0,-99999.0,Low,Commercial,Low,0,0,0,0.0,70.0
22.997418,72.582678,bakery,28.74,196.19,354.34,121.44,1268.36,1635.09,5793.71,1180.21,2849.21,782.66,143.1,High,Residential,Low,1,4,11,4.55,79.85
23.115122,72.879003,street_food,38.04,156.12,15213.36,13700.77,23769.01,20217.53,25882.16,23256.61,15735.49,6372.48,-99999.0,Low,Commercial,Low,0,0,0,0.0,78.0
22.931752,72.31942,fast_food,1015.97,1880.96,16925.91,10079.31,16215.86,17597.08,18116.24,17314.92,15271.36,15768.07,3.54,Low,Commercial,Low,0,0,0,0.0,58.0
23.18849,72.509985,cafe,381.54,3103.06,6705.39,3886.62,6472.49,6444.33,6821.04,11366.08,3034.98,1673.82,-99999.0,Low,Industrial,Low,0,0,0,0.0,55.5
23.161812,72.674389,coffee,137.23,2465.44,3418.49,652.04,5821.37,780.73,10279.05,9575.52,2765.49,21.54,-99999.0,Low,Grass,High,0,2,2,1.2,35.29
23.180321,72.736408,pizza,94.69,2701.32,1102.88,1194.74,10863.81,7383.7,16508.64,14105.02,3115.31,6365.77,-99999.0,Low,Commercial,Low,0,0,0,0.0,58.0
22.969609,72.335715,burger,124.94,124.94,14236.36,6809.42,12893.52,14199.99,14756.07,13545.01,13358.06,13287.05,4.53,Low,Commercial,Low,0,0,0,0.0,73.0
23.072087,72.781835,sandwich,281.76,281.76,8980.72,4838.28,13616.79,10177.48,15071.19,12929.01,10011.1,3020.08,-99999.0,Low,Commercial,Low,0,0,0,0.0,78.0
22.894043,72.761903,gujarati,293.43,1516.23,13776.05,8270.23,15267.86,14866.85,21304.47,18048.32,14228.7,10160.38,-99999.0,Low,Commercial,Low,0,0,0,0.0,66.0
23.033019,72.713326,punjabi,148.64,1780.3,2411.55,518.47,7569.5,3698.75,7978.42,7655.57,6083.98,640.72,5.47,Low,Industrial,Low,0,0,0,0.0,60.0
23.113233,72.780669,south_indian,59.61,2841.73,7939.55,3793.91,13830.14,10309.17,16395.96,13407.2,6716.96,1264.92,-99999.0,Low,Commercial,Low,0,0,0,0.0,66.0
22.840288,72.76019,chinese,131.23,428.86,18598.18,11517.63,18818.04,19637.64,26226.06,22199.97,17384.58,15920.28,-99999.0,Low,Commercial,Low,0,0,0,0.0,74.0
23.029686,72.480197,fine_dining,60.78,262.63,253.39,251.89,457.33,292.05,1754.72,412.03,2599.32,132.75,87.32,Medium,Grass,Low,1,30,64,26.9,58.24
22.831027,72.425693,dessert,114.95,114.95,17948.37,7786.96,19813.2,20907.17,21084.88,22239.76,14717.86,15356.66,-99999.0,Low,Commercial,Low,0,0,0,0.0,78.0
22.830115,72.851355,bakery,963.87,963.87,24197.16,19602.32,26800.98,26345.08,32625.85,29640.28,25643.21,20705.17,-99999.0,Low,Commercial,Low,0,0,0,0.0,70.0
23.057384,72.883691,street_food,110.26,6531.39,17289.13,14772.14,24172.06,20742.85,25293.14,23459.18,18884.44,7113.34,-99999.0,Low,Commercial,Low,0,0,0,0.0,66.0
23.070655,72.456922,fast_food,23.84,2886.28,3023.4,558.42,4314.29,3105.3,6119.58,4126.22,3862.4,721.44,-99999.0,Low,Residential,Low,0,0,0,0.0,55.0
23.17158,72.42084,cafe,164.0,4616.41,10152.64,742.47,13498.45,11859.39,15093.22,15873.97,11909.38,5693.42,-99999.0,Low,Industrial,Low,0,0,0,0.0,55.5
22.981348,72.762888,coffee,41.29,2584.69,5446.76,2782.71,13522.41,10060.25,14846.32,14155.84,9745.98,2927.29,4.43,Low,Residential,Low,0,0,0,0.0,60.5
23.225583,72.502516,pizza,18.31,462.84,9234.72,6809.51,8387.65,8372.77,9233.36,15314.24,6422.64,4097.13,-99999.0,Low,Commercial,Low,0,0,0,0.0,68.0
22.869748,72.523451,burger,180.54,1783.33,12493.72,4072.58,14932.62,13239.17,16352.62,14884.98,11515.16,6913.8,2.53,Low,Commercial,Low,0,0,0,0.0,58.0
23.236954,72.741118,sandwich,202.14,462.79,6589.6,6668.03,12052.07,11545.35,18259.9,19747.42,9395.56,5423.6,-99999.0,Low,Commercial,Low,0,0,0,0.0,74.0
23.239426,72.534254,gujarati,38.05,1680.51,8149.68,6743.17,7017.92,7017.6,8151.94,15626.55,6904.28,6886.57,-99999.0,Low,Commercial,Low,0,0,0,0.0,66.0
23.277387,72.597798,punjabi,162.19,3156.45,9538.54,11173.8,9256.01,9279.93,11426.61,19594.2,10983.3,8582.27,-99999.0,Low,Commercial,Low,0,0,0,0.0,66.0
23.048811,72.8461,south_indian,429.93,5989.66,13326.51,10855.79,20510.36,17165.42,21418.73,19755.26,16485.96,5041.7,-99999.0,Low,Commercial,Low,0,0,0,0.0,66.0
23.059252,72.774666,chinese,45.51,45.51,7452.56,3919.38,13103.55,9813.06,14152.09,12342.24,10505.05,4574.96,-99999.0,Low,Commercial,Low,0,0,0,0.0,82.0
23.158999,72.355778,fine_dining,25.96,2107.14,15769.03,4765.4,17569.73,15864.66,19642.43,17209.61,18066.59,11564.71,-99999.0,Low,Commercial,Low,0,0,0,0.0,66.0
23.099178,72.786958,dessert,42.33,3276.79,9622.07,4180.42,14185.62,10633.01,16373.32,13661.58,8254.54,0.0,-99999.0,Low,Commercial,High,0,0,0,0.0,58.0
23.071828,72.496303,bakery,11.42,790.39,1687.75,473.47,2373.35,1049.72,4496.62,4839.22,1782.14,509.86,6.68,Low,Residential,Low,0,0,0,0.0,67.0
22.848433,72.693333,street_food,112.64,4561.01,13430.1,7739.12,14071.91,15998.23,22826.66,17897.73,12364.42,12611.71,-99999.0,Low,Commercial,Low,0,0,0,0.0,66.0
22.957118,72.659521,fast_food,23.99,190.3,3652.15,46.96,2815.61,3844.27,10305.91,5640.87,2771.16,1656.03,6.59,Low,Industrial,Low,0,0,0,0.0,67.0
23.014536,72.710064,cafe,143.43,160.46,1246.0,786.6,7915.98,4260.33,8334.14,8829.33,4650.27,1953.09,6.34,Low,Residential,Low,0,0,0,0.0,69.5
22.978743,72.334566,coffee,515.24,839.72,14134.79,6776.91,12710.69,13975.85,14540.77,13175.58,13603.36,13211.97,-99999.0,Low,Commercial,Low,0,0,0,0.0,68.5
23.227618,72.514484,pizza,130.48,635.29,8426.51,6254.77,7488.89,7477.49,8426.14,15007.22,6048.0,5289.62,-99999.0,Low,Commercial,Low,0,0,0,0.0,63.0
23.289112,72.469242,burger,45.54,2493.61,16549.0,12602.39,15507.82,15502.24,16549.7,23132.71,14212.01,6663.01,-99999.0,Low,Commercial,Low,0,0,0,0.0,58.0
23.280413,72.859785,sandwich,104.17,5041.27,16224.76,16222.31,25116.81,23854.89,31324.64,30718.72,19350.74,16239.77,-99999.0,Low,Commercial,Low,0,0,0,0.0,66.0
22.84602,72.679757,gujarati,724.86,3956.64,12991.7,7987.22,13763.36,15757.57,22777.81,17660.96,12002.06,12353.15,-99999.0,Low,Commercial,Low,0,0,0,0.0,66.0
22.984389,72.774636,punjabi,120.26,2017.91,6242.53,3977.74,14765.69,11214.88,15750.26,15316.12,10889.34,4087.21,4.48,Low,Commercial,Low,0,0,0,0.0,66.0
23.136117,72.862618,south_indian,48.66,607.73,12726.01,12555.45,22592.2,19078.66,25089.34,22176.98,13620.32,6524.11,-99999.0,Low,Commercial,Low,0,0,0,0.0,70.0
22.878534,72.662392,chinese,66.36,66.36,8973.09,4968.51,9773.41,11793.79,18930.76,13694.36,7997.47,8394.55,-99999.0,Low,Commercial,Low,0,0,0,0.0,82.0
23.18503,72.330183,fine_dining,18.62,4057.99,19159.29,8131.74,21452.4,19636.16,23525.1,21076.44,21197.47,11070.08,-99999.0,Low,Commercial,Low,0,0,0,0.0,66.0
22.842272,72.761539,dessert,92.6,184.73,18557.99,11448.31,18758.03,19515.99,26100.94,22114.78,17340.27,15729.01,-99999.0,Low,Commercial,Low,0,0,0,0.0,78.0
22.985838,72.532056,bakery,119.96,709.21,1043.8,510.64,3047.72,942.12,3480.1,2420.87,464.66,887.01,8.86,Low,Residential,Low,0,0,0,0.0,67.0
23.082277,72.660955,street_food,55.85,336.62,909.47,212.46,1176.9,884.16,4529.77,779.56,2833.0,590.78,85.65,Medium,Industrial,Low,0,1,1,0.6,80.37
23.13595,72.860318,fast_food,192.77,457.51,12513.53,12325.94,22359.78,18847.41,24865.22,21946.41,13389.46,6365.66,-99999.0,Low,Commercial,Low,0,0,0,0.0,68.0
22.988566,72.752589,cafe,89.21,1687.87,4123.9,1874.39,12639.1,8921.81,13533.57,13023.62,8590.84,1839.79,6.12,Low,Residential,Low,0,0,0,0.0,60.5
23.085482,72.617087,coffee,0.62,324.45,659.79,156.29,1357.38,1282.06,3374.42,3440.59,2948.82,513.76,67.98,Medium,Residential,Low,0,3,5,2.3,66.37
23.001056,72.686745,pizza,28.12,1973.49,1735.7,1161.39,6870.85,2263.46,7257.98,6246.03,1872.31,1858.18,5.73,Low,Residential,Low,0,0,0,0.0,55.0
22.929814,72.3758,burger,13.77,13.77,11835.11,5168.57,11825.65,13221.49,13665.99,13521.07,9732.13,10368.98,1.67,Low,Commercial,Low,0,0,0,0.0,78.0
23.163124,72.599445,sandwich,420.39,420.39,1273.34,617.61,3795.66,3247.64,2877.59,7217.31,4143.23,1248.13,-99999.0,Low,Residential,Low,0,0,0,0.0,71.0
22.995754,72.63577,gujarati,12.88,157.3,249.7,269.9,2594.53,611.05,5769.44,1023.2,2177.61,705.62,109.3,High,Industrial,Low,0,0,1,0.25,88.3
22.935653,72.460968,punjabi,34.74,611.54,5817.9,523.01,8028.9,8937.41,9041.76,10142.75,2590.97,3223.33,22.23,Low,Industrial,Low,0,0,0,0.0,68.0
23.024211,72.887892,south_indian,118.17,4731.74,17048.7,15170.53,25300.98,21555.6,25837.37,24501.46,21480.73,9775.15,-99999.0,Low,Commercial,Low,0,0,0,0.0,66.0
22.947077,72.841558,chinese,841.29,5013.62,14254.72,11518.97,21496.0,18774.67,23746.25,22806.99,18495.84,11707.55,-99999.0,Low,Commercial,Low,0,0,0,0.0,66.0
23.045776,72.38113,fine_dining,46.54,1026.65,8180.4,3221.95,8037.76,8761.68,9684.16,7279.31,11041.53,7541.95,4.72,Low,Commercial,Low,0,0,0,0.0,66.0
23.219357,72.572185,dessert,214.91,1939.74,4767.1,4741.87,3554.93,3530.1,4773.17,12962.88,4097.16,3814.17,-99999.0,Low,Commercial,Low,0,0,0,0.0,66.0
23.241366,72.568164,bakery,110.93,231.73,7118.58,7062.66,6013.7,5993.38,7237.73,15401.23,6478.98,6286.76,-99999.0,Low,Commercial,Low,0,0,0,0.0,78.0
22.85214,72.705519,street_food,852.99,3341.82,13798.71,7569.92,14316.33,16157.41,22782.69,18049.54,12674.61,12819.96,-99999.0,Low,Commercial,Low,0,0,0,0.0,66.0
23.21585,72.495361,fast_food,121.44,1651.33,9282.75,6404.58,8573.7,8554.27,9280.13,14729.67,6045.03,2951.24,-99999.0,Low,Commercial,Low,0,0,0,0.0,58.0
22.976764,72.347665,cafe,57.2,57.2,12928.7,5461.7,11480.08,12772.75,13332.05,12087.19,12241.73,11923.92,3.44,Low,Commercial,Low,0,0,0,0.0,77.5
23.070242,72.826972,coffee,1013.53,4643.83,12494.84,8940.55,18243.09,14782.92,19614.08,17559.69,13429.06,2089.66,-99999.0,Low,Commercial,Low,0,0,0,0.0,65.5
23.218654,72.722849,pizza,132.22,319.45,4733.65,5255.77,9637.47,8791.66,15821.45,17119.47,7355.5,3547.38,-99999.0,Low,Commercial,Low,0,0,0,0.0,68.0
23.255116,72.679866,burger,175.54,1217.1,8114.64,9055.96,8137.77,8091.63,13812.74,19873.79,11446.78,0.0,-99999.0,Low,Commercial,High,0,0,0,0.0,50.0
23.190974,72.605078,sandwich,72.44,335.0,857.48,2411.41,1089.31,1032.88,3454.54,10332.61,4185.03,1109.58,-99999.0,Low,Residential,Low,0,0,0,0.0,71.0
22.868254,72.426569,gujarati,306.65,1175.95,13993.48,3668.43,15729.97,16856.11,17057.94,18144.56,10781.2,11480.8,-99999.0,Low,Commercial,Low,0,0,0,0.0,66.0
22.876661,72.768416,punjabi,21.61,2337.44,15813.21,9655.09,16856.71,16769.71,23254.03,19816.06,15692.55,12197.22,-99999.0,Low,Commercial,Low,0,0,0,0.0,66.0
22.822616,72.631332,south_indian,682.16,1644.12,14295.98,10483.3,15480.29,17373.86,23917.6,19376.94,13694.21,14367.88,-99999.0,Low,Commercial,Low,0,0,0,0.0,66.0
22.987077,72.776124,chinese,279.08,1685.21,6233.04,3964.56,14967.7,11341.09,15757.4,15442.87,11009.21,4235.92,-99999.0,Low,Commercial,Low,0,0,0,0.0,66.0
23.074791,72.66493,fine_dining,100.13,290.11,558.24,70.08,1853.54,677.17,4126.58,969.28,2839.18,628.5,103.41,High,Residential,Low,2,7,35,12.0,75.48
22.851383,72.489389,dessert,876.98,1170.21,14409.18,6875.49,17704.46,16461.66,18432.98,17748.96,12140.23,10112.97,-99999.0,Low,Commercial,Low,0,0,0,0.0,66.0
23.289806,72.726944,bakery,287.53,3507.82,12315.32,12666.93,14193.25,14137.05,19975.55,24664.01,15196.86,3094.43,-99999.0,Low,Commercial,Low,0,0,0,0.0,66.0
23.062334,72.756115,street_food,191.21,1252.06,6502.08,2625.77,11172.66,7907.51,12299.12,10410.64,8924.23,4572.26,5.14,Low,Commercial,Low,0,0,0,0.0,66.0
23.205203,72.352775,fast_food,55.77,1335.0,18045.49,6629.38,21362.77,19260.72,22919.98,21773.99,19118.39,7866.05,-99999.0,Low,Commercial,Low,0,0,0,0.0,58.0
23.276742,72.682556,cafe,75.44,3415.96,10352.35,11440.55,10285.91,10251.33,15629.75,22242.36,13828.32,1215.04,-99999.0,Low,Commercial,Low,0,0,0,0.0,65.5
23.025988,72.704463,coffee,62.69,655.34,2321.81,953.51,6894.07,3097.06,7311.23,7545.43,4887.59,734.33,39.03,Low,Industrial,Low,0,0,0,0.0,61.5
22.975367,72.819217,pizza,807.98,2415.61,10791.38,8533.95,19189.86,15873.5,20319.91,19970.62,15555.25,8737.52,4.63,Low,Commercial,Low,0,0,0,0.0,58.0
23.184526,72.68108,burger,147.11,2948.84,1983.59,1644.28,5221.32,3303.21,10873.81,12179.02,4620.89,1406.8,-99999.0,Low,Forest,Low,0,0,0,0.0,47.5
22.897342,72.870433,sandwich,420.9,7540.62,19879.83,16695.12,25436.3,23588.86,29159.85,27422.34,23368.78,16864.44,-99999.0,Low,Commercial,Low,0,0,0,0.0,66.0
23.017657,72.838213,gujarati,433.42,2461.3,11920.75,10026.14,20476.72,16590.96,20881.37,19824.35,17488.68,8020.19,-99999.0,Low,Commercial,Low,0,0,0,0.0,66.0
22.836598,72.382013,punjabi,537.67,557.14,19108.33,8382.12,20378.84,21635.92,21923.23,22599.71,16005.41,16785.09,4.91,Low,Commercial,Low,0,0,0,0.0,70.0
22.883447,72.405501,south_indian,9.83,9.83,13409.18,2765.12,14670.46,15916.41,16200.0,16931.45,10355.55,11160.2,21.9,Low,Commercial,Low,0,0,0,0.0,86.0
22.964877,72.721413,chinese,175.0,566.25,5310.18,2397.29,9108.39,6578.73,12611.84,10434.09,6382.05,2172.9,5.69,Low,Residential,Low,0,0,0,0.0,67.0
22.976091,72.855724,fine_dining,910.61,1487.26,14296.95,12079.01,22930.55,19548.47,23777.76,23352.03,19256.04,12449.22,-99999.0,Low,Commercial,Low,0,0,0,0.0,66.0
23.239564,72.800642,dessert,30.32,280.15,8795.28,8805.09,17929.78,16303.0,24114.68,23323.79,11987.75,10915.71,-99999.0,Low,Commercial,Low,0,0,0,0.0,78.0
22.930291,72.678333,bakery,117.89,399.87,6008.09,207.43,5879.45,7229.69,13686.98,9177.44,4765.04,4379.66,6.3,Low,Commercial,Low,0,0,0,0.0,74.0
23.074404,72.382599,street_food,340.27,2173.76,9163.0,2879.7,9064.99,9730.89,11020.63,8463.21,11153.9,8033.62,-99999.0,Low,Commercial,Low,0,0,0,0.0,66.0
22.955356,72.619417,fast_food,17.22,697.89,400.58,324.01,1564.26,2692.37,10403.47,4712.42,1141.17,489.73,101.15,High,Residential,Low,0,1,1,0.6,71.0
23.051235,72.407809,cafe,273.62,3795.54,5704.41,1369.99,5584.91,6286.73,7451.07,4912.47,8285.79,4841.46,-99999.0,Low,Commercial,Low,0,0,0,0.0,65.5
23.261971,72.399433,coffee,362.38,2029.39,18829.25,9193.33,19619.98,19602.2,20351.4,24877.28,16930.7,2027.82,-99999.0,Low,Commercial,Low,0,0,0,0.0,65.5
23.126192,72.727967,pizza,32.08,1859.87,6023.02,1079.84,9316.58,5714.45,12727.14,9179.27,1889.91,1149.09,-99999.0,Low,Industrial,Low,0,0,0,0.0,52.0
23.100467,72.798667,burger,326.29,3842.79,10071.17,5376.75,15393.91,11841.3,17550.43,14867.8,9038.36,344.8,-99999.0,Low,Commercial,Low,0,0,0,0.0,58.0
23.080537,72.788637,sandwich,54.52,1411.59,10141.47,4890.92,14257.55,10756.64,15943.63,13619.14,9902.57,1954.78,-99999.0,Low,Commercial,Low,0,0,0,0.0,66.0
22.823619,72.336368,gujarati,261.38,1437.02,22909.95,12475.42,23738.91,25077.12,25434.58,25731.96,19982.67,20809.41,2.35,Low,Commercial,Low,0,0,0,0.0,66.0
23.117898,72.644527,punjabi,107.95,272.27,2080.16,488.43,3833.09,1661.07,6991.95,4664.16,3775.46,239.42,-99999.0,Low,Residential,Low,0,0,0,0.0,75.0
23.122542,72.754836,south_indian,85.57,443.05,6165.33,2572.83,11617.75,8230.09,14627.3,11328.15,4142.49,1509.55,-99999.0,Low,Industrial,Low,0,0,0,0.0,68.0
23.009962,72.680615,chinese,22.13,1157.3,1979.52,223.27,5725.28,1750.32,6118.28,5773.06,1913.96,1601.5,5.99,Low,Industrial,Low,0,0,0,0.0,60.0
23.049058,72.673755,fine_dining,45.74,802.96,380.09,131.44,3382.13,335.06,3753.58,3610.02,4166.6,840.63,75.32,Medium,Commercial,Low,8,18,68,26.5,57.0
22.949042,72.864857,dessert,150.96,3782.54,16258.73,13734.12,23864.66,21026.06,25786.25,25083.15,20735.23,13926.04,-99999.0,Low,Commercial,Low,0,0,0,0.0,66.0
23.041814,72.776719,bakery,1160.0,1503.51,6458.73,3734.13,13831.94,10070.38,14322.12,12995.79,12022.17,5668.47,4.3,Low,Commercial,Low,0,0,0,0.0,66.0
23.138796,72.482512,street_food,53.32,3215.18,2888.15,1391.17,6404.66,6060.75,7947.74,9856.53,6838.29,1661.02,-99999.0,Low,Industrial,Low,0,0,0,0.0,60.0
22.845027,72.34475,fast_food,263.68,888.63,20523.01,10277.05,21264.82,22612.01,22979.93,23229.64,17659.86,18497.98,-99999.0,Low,Commercial,Low,0,0,0,0.0,63.0
23.021011,72.590866,cafe,5.92,449.76,81.3,45.62,800.45,228.16,4808.21,611.92,1126.46,1432.39,137.25,High,Residential,Low,1,2,8,3.1,82.09
22.907931,72.661863,coffee,211.47,1952.5,6168.25,2187.56,6732.01,8677.02,15702.21,10579.62,5045.21,5278.75,6.12,Low,Commercial,Low,0,0,0,0.0,65.5
22.96004,72.72665,pizza,103.48,103.48,5864.38,2601.71,9644.86,7314.34,13370.2,11128.11,7126.2,2476.96,7.97,Low,Residential,Low,0,0,0,0.0,70.0
23.162416,72.809251,burger,19.49,57.16,6616.7,6470.59,18544.28,14387.79,21727.92,18343.9,8101.21,7279.5,-99999.0,Low,Commercial,Low,0,0,0,0.0,78.0
23.27818,72.385844,sandwich,94.49,481.64,21098.42,11216.19,21663.16,21646.82,22438.27,27133.54,19098.06,4286.74,-99999.0,Low,Commercial,Low,0,0,0,0.0,74.0
22.987859,72.635758,gujarati,5.1,260.67,442.66,37.03,1952.71,510.73,6643.84,1462.9,1911.91,488.87,125.92,High,Industrial,Low,0,0,1,0.25,87.26
22.963176,72.580554,punjabi,40.65,918.35,982.69,80.8,3158.23,1970.89,7893.89,4526.96,4535.49,373.79,56.23,Medium,Industrial,Low,0,0,1,0.25,72.0
22.938386,72.453793,south_indian,20.77,138.8,5736.4,359.73,7698.25,8698.3,8851.03,10000.79,2543.2,3315.64,47.34,Low,Industrial,Low,0,0,0,0.0,80.0
22.85647,72.478323,chinese,266.83,2266.85,13992.88,5878.77,16951.85,16298.01,17783.72,17646.04,11401.58,10248.07,-99999.0,Low,Commercial,Low,0,0,0,0.0,66.0
22.994392,72.666919,fine_dining,10.43,142.28,473.25,208.06,4796.43,112.17,6658.55,4213.91,293.46,501.69,76.13,Medium,Residential,Low,5,14,26,13.4,63.99
22.92917,72.811878,dessert,208.88,4872.12,13064.8,9754.69,18749.79,16638.27,22221.8,20516.26,16411.35,9919.47,-99999.0,Low,Commercial,Low,0,0,0,0.0,66.0
22.886656,72.499913,bakery,701.74,1273.21,10451.13,3257.3,13947.74,12408.64,14738.0,13708.84,8731.25,6240.52,4.5,Low,Commercial,Low,0,0,0,0.0,66.0
23.08729,72.491375,street_food,9.52,227.28,2586.72,225.43,4148.56,487.91,4651.62,6373.98,3555.44,889.44,37.3,Low,Grass,Low,0,0,0,0.0,71.5
23.176298,72.598994,fast_food,712.72,743.29,1636.8,1385.81,2644.91,2479.17,2429.14,8597.92,3544.16,841.64,-99999.0,Low,Residential,Low,0,0,0,0.0,60.0
23.057068,72.599281,cafe,12.7,684.82,278.75,51.0,2321.06,887.22,3563.54,1848.11,925.14,931.1,113.59,High,Residential,Low,1,2,3,1.85,70.36
22.958099,72.323442,coffee,381.7,381.7,15695.52,8375.22,14523.88,15854.11,16402.89,15280.07,14563.08,14832.88,-99999.0,Low,Commercial,Low,0,0,0,0.0,71.5
23.263712,72.603158,pizza,127.75,2955.1,7958.64,9716.72,7669.65,7693.52,10088.83,18174.05,9756.98,7829.17,-99999.0,Low,Commercial,Low,0,0,0,0.0,58.0
23.27401,72.434784,burger,31.83,438.01,18000.53,10718.21,17119.82,17106.99,17999.3,23541.39,14988.11,3378.23,-99999.0,Low,Commercial,Low,0,0,0,0.0,68.0
22.97939,72.339313,sandwich,692.2,692.2,13663.59,6286.09,12221.59,13489.8,14054.13,12706.91,13135.41,12719.73,-99999.0,Low,Commercial,Low,0,0,0,0.0,70.0
23.047549,72.821757,gujarati,230.56,4616.74,10920.67,8356.56,18096.34,14701.4,18923.23,17322.26,14854.22,4495.64,-99999.0,Low,Commercial,Low,0,0,0,0.0,66.0
23.124045,72.58294,punjabi,0.78,0.78,233.39,167.9,4020.44,1708.59,3968.69,2580.3,2770.7,1260.07,78.74,Medium,Residential,Low,0,0,1,0.25,93.0
23.067612,72.80136,south_indian,301.68,2029.5,10145.13,6739.54,15658.76,12234.61,16973.3,14955.41,11819.1,2748.57,-99999.0,Low,Commercial,Low,0,0,0,0.0,66.0
23.016845,72.821824,chinese,464.6,2162.11,10238.03,8354.57,18834.03,14951.3,19240.6,18280.95,15812.14,7893.14,-99999.0,Low,Commercial,Low,0,0,0,0.0,66.0
23.159204,72.753037,fine_dining,320.75,2940.2,2146.25,1896.64,13090.0,8620.94,17124.21,13489.95,2383.68,5357.21,-99999.0,Low,Commercial,Low,0,0,0,0.0,66.0
22.98565,72.542337,dessert,144.19,144.19,1643.74,723.1,2720.53,1116.47,3705.25,1915.58,1492.44,282.57,5.49,Low,Residential,Low,0,0,0,0.0,75.2
23.083735,72.4229,bakery,80.0,6084.93,6258.42,1350.5,6795.22,6659.35,8861.65,6522.45,7609.25,4492.34,-99999.0,Low,Commercial,Low,0,0,0,0.0,66.0
23.075547,72.352648,street_food,120.3,881.64,11961.12,5940.55,11845.72,12541.19,13700.69,11174.37,14185.99,10962.31,-99999.0,Low,Commercial,Low,0,0,0,0.0,70.0
23.052043,72.753354,fast_food,359.27,1140.85,5401.3,1625.25,11198.66,7759.87,11920.17,10376.81,9527.73,3732.71,4.02,Low,Commercial,Low,0,0,0,0.0,58.0
22.944266,72.883673,cafe,835.46,3035.65,18230.48,15735.49,25827.4,23026.86,27760.33,27082.09,22736.47,15927.4,-99999.0,Low,Commercial,Low,0,0,0,0.0,65.5
23.136591,72.37891,coffee,87.09,298.9,12966.65,3020.77,14169.27,12578.87,16240.68,13835.04,14651.9,11261.17,-99999.0,Low,Commercial,Low,0,0,0,0.0,74.5
23.27804,72.538464,pizza,4.33,1028.68,11873.91,10932.12,10664.27,10666.31,11878.04,19733.57,10883.24,10410.05,-99999.0,Low,Commercial,Low,0,0,0,0.0,58.0
23.191551,72.506669,burger,164.19,2985.47,7167.56,4307.48,6827.06,6799.9,7225.61,11835.78,3488.67,2067.36,-99999.0,Low,Industrial,Low,0,0,0,0.0,52.0
23.260695,72.74788,sandwich,14.4,14.4,9194.48,9265.66,13843.02,13764.62,19989.63,22418.59,12092.8,5039.5,-99999.0,Low,Commercial,Low,0,0,0,0.0,82.0
22.905548,72.605291,gujarati,26.86,1131.38,5355.03,1429.16,6890.95,8076.27,14563.02,10335.73,5446.78,5342.38,-99999.0,Low,Commercial,Low,0,0,0,0.0,66.0
23.050037,72.336276,punjabi,776.88,3066.0,12794.52,7240.73,12648.71,13373.81,14221.29,11878.44,15621.45,12149.45,2.56,Low,Commercial,Low,0,0,0,0.0,66.0
22.875777,72.503164,south_indian,342.19,342.19,11657.32,4496.53,15121.86,13478.11,15916.32,14733.94,9969.95,7065.79,9.07,Low,Commercial,Low,0,0,0,0.0,74.0
23.037397,72.575053,chinese,2.66,278.14,146.77,141.93,526.68,647.59,2508.79,1132.16,965.78,36.08,134.47,High,Residential,High,0,0,1,0.25,83.04
23.101005,72.608993,fine_dining,17.48,1142.49,761.75,464.6,2681.51,1183.63,2898.91,3328.49,3130.09,149.12,58.16,Medium,Residential,Low,0,4,11,4.15,59.92
22.967424,72.66558,dessert,27.18,27.18,3027.88,716.64,3423.17,3001.73,9370.54,5251.81,3217.07,1294.16,-99999.0,Low,Industrial,Low,0,0,0,0.0,76.0
22.888001,72.884557,bakery,981.94,7406.53,21655.49,18475.51,27126.08,25352.24,30940.59,29168.92,25135.41,18644.59,-99999.0,Low,Commercial,Low,0,0,0,0.0,66.0
23.164873,72.483556,street_food,88.56,5357.93,5159.06,1929.34,7402.93,7536.58,9481.28,11264.67,5635.37,1027.54,-99999.0,Low,Industrial,Low,0,0,0,0.0,60.0
22.971459,72.790408,fast_food,879.3,2860.6,8372.37,5723.98,16212.36,13029.56,17846.02,17109.98,12727.83,5918.01,-99999.0,Low,Commercial,Low,0,0,0,0.0,58.0
23.065523,72.721069,cafe,148.47,3235.02,5446.65,1438.41,7598.09,4521.97,8821.74,6810.97,6262.86,1437.48,3.68,Low,Commercial,Low,0,0,0,0.0,65.5
22.953899,72.783134,coffee,149.65,3475.08,9044.65,5767.93,15464.19,12845.36,18229.54,16827.56,12589.85,5940.29,-99999.0,Low,Commercial,Low,0,0,0,0.0,65.5
22.986812,72.700808,pizza,102.37,3316.99,3112.32,2355.16,7496.75,3687.16,9394.68,7766.02,3403.13,1174.43,3.1,Low,Residential,Low,0,0,0,0.0,55.0
23.280351,72.648547,burger,108.12,367.13,9774.48,11285.89,9433.96,9435.34,13746.93,21139.93,13760.1,3798.48,-99999.0,Low,Commercial,Low,0,0,0,0.0,68.0
23.192442,72.730688,sandwich,218.92,1804.87,2321.29,2424.78,10137.17,7451.51,16015.6,14903.79,4405.9,5359.39,-99999.0,Low,Commercial,Low,0,0,0,0.0,66.0
23.140261,72.325455,gujarati,115.7,4867.28,17972.84,7974.2,18146.54,17761.31,20182.95,17641.77,19383.81,15023.02,-99999.0,Low,Commercial,Low,0,0,0,0.0,66.0
23.037803,72.870901,punjabi,572.74,5380.86,15508.16,13399.25,23248.2,19730.26,23987.34,22473.61,19178.58,7492.46,-99999.0,Low,Commercial,Low,0,0,0,0.0,66.0
23.185794,72.760174,south_indian,568.1,2149.21,1637.27,1617.35,13200.88,9879.7,18965.17,16103.43,4740.84,8367.6,-99999.0,Low,Commercial,Low,0,0,0,0.0,66.0
23.087265,72.728412,chinese,90.38,1952.91,6600.91,905.74,8091.17,4556.05,10323.4,7526.02,4964.09,850.43,-99999.0,Low,Industrial,Low,0,0,0,0.0,60.0
23.090091,72.408897,fine_dining,841.15,4579.45,7802.17,2229.25,8196.9,8119.49,10269.52,7837.77,9207.58,6090.2,-99999.0,Low,Commercial,Low,0,0,0,0.0,66.0
23.111932,72.669447,dessert,2.01,63.38,1176.23,252.02,3740.93,258.87,7835.39,4104.33,1853.86,1456.0,-99999.0,Low,Residential,Low,0,0,0,0.0,79.0
23.21376,72.39571,bakery,325.86,591.1,15048.25,4096.14,17901.89,17170.65,18851.73,21052.13,15023.98,4279.44,-99999.0,Low,Commercial,Low,0,0,0,0.0,70.0
23.136749,72.328311,street_food,79.38,4476.46,17508.31,7771.31,17669.81,17353.39,19704.27,17161.77,18935.61,15166.05,-99999.0,Low,Commercial,Low,0,0,0,0.0,66.0
23.265138,72.373739,fast_food,24.27,2067.9,20714.77,10216.47,22167.55,22148.73,22861.11,27026.67,19349.16,4454.93,-99999.0,Low,Commercial,Low,0,0,0,0.0,58.0
22.81909,72.491942,cafe,309.99,309.99,17960.95,10213.69,21266.26,19684.39,22018.56,21079.26,15703.71,13240.98,2.65,Low,Commercial,Low,0,0,0,0.0,71.5
22.882687,72.71049,coffee,938.41,1367.32,11665.79,4667.78,11901.92,13208.45,19778.73,15390.21,10450.11,10374.04,-99999.0,Low,Commercial,Low,0,0,0,0.0,65.5
23.006981,72.759484,pizza,169.93,209.86,3890.32,1871.45,12914.9,9110.07,13332.39,13164.37,9330.66,3027.22,6.75,Low,Residential,Low,0,0,0,0.0,70.0
23.25185,72.816234,burger,193.04,1445.87,10863.16,10869.15,19849.1,18389.17,26049.91,25391.89,14039.77,12053.74,-99999.0,Low,Commercial,Low,0,0,0,0.0,58.0
23.163202,72.346123,sandwich,173.19,3069.77,16845.62,5814.81,18540.97,16952.0,20613.42,18159.66,19120.65,11720.12,-99999.0,Low,Commercial,Low,0,0,0,0.0,66.0
22.87628,72.430258,gujarati,160.28,1153.98,13028.41,2838.09,14788.24,15904.14,16101.01,17214.64,9814.99,10514.63,1.65,Low,Commercial,Low,0,0,0,0.0,66.0
22.966024,72.694092,punjabi,67.03,1379.34,3885.29,212.64,6314.63,4285.46,10778.71,7807.36,4209.88,1278.18,15.13,Low,Residential,Low,0,0,0,0.0,67.0
23.062229,72.491977,south_indian,19.38,757.69,2146.06,115.94,1488.92,794.48,5378.23,3746.52,910.02,1583.86,11.51,Low,Industrial,Low,0,0,0,0.0,68.0
22.893128,72.839032,chinese,1212.97,4461.0,17880.37,14459.09,22520.06,21020.6,26876.66,24726.03,20831.76,14611.66,-99999.0,Low,Commercial,Low,0,0,0,0.0,66.0
22.974317,72.515486,fine_dining,77.64,1653.39,1641.75,496.58,4178.63,2980.82,4992.02,4523.06,1529.69,498.06,61.77,Medium,Residential,Low,0,0,4,1.0,71.0
23.180555,72.728136,dessert,253.5,1861.8,1937.13,2023.26,10024.81,6607.38,15662.51,13647.96,3101.68,5575.17,-99999.0,Low,Commercial,Low,0,0,0,0.0,66.0
23.118788,72.712122,bakery,59.52,1655.29,5090.85,612.88,7502.18,3928.06,10992.18,7391.59,1352.77,329.46,-99999.0,Low,Residential,Low,0,0,0,0.0,63.0
23.102837,72.421513,street_food,0.6,5593.55,7939.82,1402.95,8722.76,7103.55,10760.58,8530.88,8903.87,5790.6,-99999.0,Low,Commercial,Low,0,0,0,0.0,66.0
22.928329,72.63369,fast_food,17.86,835.26,2737.44,556.14,3770.4,5859.03,13241.78,7699.22,1983.65,2741.94,6.64,Low,Industrial,Low,0,0,0,0.0,57.0
22.917936,72.874288,cafe,756.81,5884.19,18820.55,15881.51,25272.81,23004.66,28256.64,26953.35,22753.53,16062.36,-99999.0,Low,Commercial,Low,0,0,0,0.0,65.5
22.952855,72.477622,coffee,86.93,287.0,3798.59,461.43,6543.12,7099.42,7126.25,8086.95,1398.17,1155.93,-99999.0,Low,Industrial,Low,0,0,0,0.0,64.5
22.909493,72.718893,pizza,206.41,871.91,10566.55,3547.01,10609.54,10878.63,17466.28,13632.49,9502.98,8005.96,4.99,Low,Commercial,Low,0,0,0,0.0,63.0
22.96218,72.512306,burger,588.55,1401.15,2374.71,441.81,5516.08,4232.12,6372.77,5730.67,2787.11,0.0,-99999.0,Low,Industrial,High,0,0,0,0.0,44.0
23.258176,72.771335,sandwich,91.66,2095.73,9261.94,9311.26,15829.91,15356.61,22024.95,23289.4,12400.38,7420.97,-99999.0,Low,Commercial,Low,0,0,0,0.0,66.0
22.94126,72.380687,gujarati,386.53,386.53,10761.98,5067.55,10567.8,11967.91,12427.8,12194.78,8901.53,9439.98,-99999.0,Low,Commercial,Low,0,0,0,0.0,74.0
23.134779,72.530223,punjabi,45.09,62.41,1164.4,397.44,1584.92,1741.09,5277.74,5452.81,2649.29,1380.3,6.27,Low,Grass,Low,0,0,2,0.5,71.5
23.280477,72.784659,south_indian,48.38,559.69,12026.79,12071.09,18198.29,18105.4,24341.99,26110.08,15191.43,8561.73,-99999.0,Low,Commercial,Low,0,0,0,0.0,70.0
23.268212,72.776677,chinese,154.48,1994.79,10482.71,10530.02,16819.46,16545.89,22993.73,24524.89,13631.68,7763.2,-99999.0,Low,Commercial,Low,0,0,0,0.0,66.0
22.949417,72.476826,fine_dining,102.01,546.56,4169.26,538.63,6871.58,7481.69,7497.29,8468.52,1559.88,1494.16,-99999.0,Low,Industrial,Low,0,0,2,0.5,64.0
23.152788,72.510891,dessert,70.04,2590.84,3412.36,718.85,4347.18,4432.89,7094.1,8259.6,3551.79,250.19,5.53,Low,Residential,Low,0,0,0,0.0,63.0
23.022341,72.458738,bakery,25.11,1870.55,1118.87,48.57,1042.59,907.66,1328.36,1263.8,4477.91,1690.46,44.54,Low,Commercial,Low,0,0,1,0.25,75.73
23.039958,72.427199,street_food,62.23,5190.93,3425.0,440.24,3290.54,4008.89,5103.87,2577.22,6433.27,2895.41,5.59,Low,Grass,Low,0,0,0,0.0,55.5
23.068517,72.851154,fast_food,13.84,5999.28,14601.04,11332.75,20728.86,17265.6,22054.44,20044.3,15453.23,3653.58,-99999.0,Low,Commercial,Low,0,0,0,0.0,58.0
23.144162,72.389618,cafe,177.31,1292.42,12016.9,1640.26,14295.44,12055.63,16332.23,14035.08,14410.19,10044.89,-99999.0,Low,Commercial,Low,0,0,0,0.0,65.5
23.105525,72.650362,coffee,107.57,1097.09,1649.45,645.35,2428.88,2292.98,6534.33,3197.18,3891.01,32.98,-99999.0,Low,Residential,High,0,0,0,0.0,52.5
22.92638,72.698504,pizza,282.01,683.61,8005.88,1626.45,7842.79,8258.84,14850.95,10833.92,6857.86,5692.21,2.13,Low,Commercial,Low,0,0,0,0.0,63.0
23.0649,72.680008,burger,80.89,943.87,1668.63,374.53,3746.29,1111.35,4782.17,2824.65,4279.16,1553.62,6.67,Low,Residential,Low,0,0,0,0.0,60.0
22.835196,72.549715,sandwich,5.79,797.65,14605.97,7834.16,16459.2,16208.72,20262.13,18504.81,15103.59,10635.89,-99999.0,Low,Commercial,Low,0,0,0,0.0,70.0
23.154332,72.368316,gujarati,792.74,898.05,14395.88,3444.46,16404.05,14500.63,18474.22,16077.92,16764.55,11332.89,-99999.0,Low,Commercial,Low,0,0,0,0.0,70.0
23.179968,72.313005,punjabi,4.09,5328.18,20630.33,9565.89,22152.17,20817.6,24217.77,21719.86,22924.55,12801.77,-99999.0,Low,Commercial,Low,0,0,0,0.0,66.0
23.074169,72.848878,south_indian,360.51,5555.94,14669.07,10926.43,20454.38,16967.46,21896.62,19790.74,14893.69,3097.07,-99999.0,Low,Commercial,Low,0,0,0,0.0,66.0
23.005316,72.852319,chinese,770.25,1333.0,13381.34,11348.44,22146.8,18272.77,22556.3,21658.24,18801.43,9732.64,-99999.0,Low,Commercial,Low,0,0,0,0.0,66.0
23.231632,72.58692,fine_dining,209.86,561.92,5108.68,6020.25,4924.78,4946.95,6237.53,14422.5,5835.85,5165.74,-99999.0,Low,Commercial,Low,0,0,0,0.0,70.0
22.905739,72.86907,dessert,205.57,7254.45,19184.1,16071.75,25052.64,23052.07,28521.04,26929.29,22821.09,16245.13,-99999.0,Low,Commercial,Low,0,0,0,0.0,66.0
22.96416,72.684621,bakery,214.1,712.6,3588.1,527.85,5333.78,3876.1,10467.56,7057.2,3891.02,1391.14,-99999.0,Low,Residential,Low,0,0,0,0.0,67.0
23.24581,72.361887,street_food,87.78,1047.19,20001.51,8902.52,22586.49,22061.6,23167.45,25508.32,19475.69,5290.49,-99999.0,Low,Commercial,Low,0,0,0,0.0,66.0
23.085584,72.620388,fast_food,1.25,97.91,518.4,154.89,1240.06,1147.95,3710.56,3459.18,2717.64,475.63,107.18,High,Residential,Low,1,3,3,2.2,82.87
23.157096,72.853268,cafe,173.09,1942.74,11140.93,11004.45,22402.32,18883.61,25237.02,22087.49,12547.2,8055.34,-99999.0,Low,Commercial,Low,0,0,0,0.0,65.5
23.24835,72.411538,coffee,1.56,3159.08,16883.13,7602.91,17880.34,17861.19,18567.56,22933.66,15073.04,201.47,-99999.0,Low,Commercial,Low,0,0,0,0.0,65.5
23.233478,72.411957,pizza,12.03,1523.19,15524.7,5955.41,17284.0,17262.42,17882.44,21771.58,14241.71,1598.47,-99999.0,Low,Commercial,Low,0,0,0,0.0,58.0
23.251425,72.88836,burger,8.08,758.64,16635.94,16606.56,26958.8,24789.25,33116.48,30663.39,19486.49,19095.19,-99999.0,Low,Commercial,Low,0,0,0,0.0,63.0
23.000557,72.597323,sandwich,0.44,58.8,216.75,112.89,792.28,244.42,6640.99,504.65,1369.96,451.47,162.61,High,Residential,Low,0,2,6,2.2,89.46
23.259572,72.868036,gujarati,450.71,2975.25,15372.56,15355.09,25170.35,23345.44,31359.2,29682.72,18370.82,17162.09,-99999.0,Low,Commercial,Low,0,0,0,0.0,66.0
23.254499,72.818511,punjabi,124.86,1675.6,11237.56,11243.68,20162.2,18748.43,26365.44,25766.42,14414.5,12223.02,-99999.0,Low,Commercial,Low,0,0,0,0.0,66.0
22.814448,72.639418,south_indian,222.35,1858.9,15260.9,11644.63,16399.14,18386.93,25095.18,20320.86,14599.81,15233.99,-99999.0,Low,Commercial,Low,0,0,0,0.0,66.0
22.861504,72.880136,chinese,1367.12,4464.09,23320.94,19936.2,27742.92,26468.07,32360.01,30114.63,26288.05,20090.49,-99999.0,Low,Commercial,Low,0,0,0,0.0,66.0
22.94659,72.883678,fine_dining,682.46,2836.08,18125.12,15669.52,25809.0,22966.3,27655.23,27027.53,22672.93,15862.03,-99999.0,Low,Commercial,Low,0,0,0,0.0,66.0
23.070784,72.596469,dessert,186.17,527.88,1366.94,426.59,1458.94,1030.59,2301.6,2143.77,814.0,4.38,19.86,Low,Industrial,High,0,0,1,0.25,60.0
23.260509,72.803615,bakery,134.53,162.43,10862.02,10883.2,18960.71,17942.52,25168.34,25337.54,14078.0,10606.99,-99999.0,Low,Commercial,Low,0,0,0,0.0,78.0
23.03465,72.421831,street_food,39.75,4465.27,3879.78,694.63,3726.31,4451.42,5342.41,2942.99,7107.41,3591.92,11.26,Low,Commercial,Low,0,0,0,0.0,70.0
22.86407,72.404247,fast_food,123.14,1315.18,15344.26,4611.09,16743.12,17963.87,18227.02,19038.51,12216.35,12988.3,4.34,Low,Commercial,Low,0,0,0,0.0,58.0
23.030279,72.459214,cafe,24.14,1823.59,239.1,37.1,201.18,602.81,1871.59,650.18,3845.03,822.58,93.54,Medium,Commercial,Low,1,1,3,1.5,82.53
22.899376,72.737238,coffee,941.51,1868.19,12480.87,5688.53,12798.37,12835.29,19384.63,15759.94,11685.93,9140.43,-99999.0,Low,Commercial,Low,0,0,0,0.0,65.5
23.189568,72.639313,pizza,12.93,28.24,345.23,1218.46,1095.84,748.53,6719.46,11684.26,3822.17,638.24,-99999.0,Low,Commercial,Low,0,0,0,0.0,78.0
23.173496,72.411787,burger,162.75,3711.9,11054.33,414.97,14441.31,12585.62,15959.33,16318.89,12827.09,6413.75,-99999.0,Low,Commercial,Low,0,0,0,0.0,58.0
23.22095,72.830285,sandwich,288.62,1661.27,9799.71,9770.3,20501.2,17983.84,26575.89,23945.22,12683.24,14074.84,-99999.0,Low,Commercial,Low,0,0,0,0.0,66.0
23.206955,72.608863,gujarati,302.5,1678.09,1665.79,3673.61,1420.01,1443.47,4828.39,12141.04,5207.18,2285.05,-99999.0,Low,Residential,Low,0,0,0,0.0,63.0
22.851634,72.698168,punjabi,449.37,3951.24,13403.62,7456.53,13986.36,15874.66,22615.88,17772.16,12308.28,12507.45,-99999.0,Low,Commercial,Low,0,0,0,0.0,66.0
22.898695,72.391555,south_indian,713.73,2162.66,12879.73,3376.05,13708.08,15029.53,15375.98,15799.52,10077.77,10928.23,-99999.0,Low,Commercial,Low,0,0,0,0.0,66.0
22.965329,72.453867,chinese,171.39,1987.74,3113.16,477.29,4713.24,5749.07,5945.7,7144.04,1391.76,1480.57,-99999.0,Low,Residential,Low,0,0,0,0.0,63.0
22.935177,72.446602,fine_dining,26.78,495.55,6352.45,519.68,8093.37,9171.13,9363.66,10546.41,3239.05,4052.05,30.65,Low,Industrial,Low,0,1,7,2.1,67.5
23.171803,72.86334,dessert,1024.11,1075.62,11953.38,11850.23,23870.54,19982.31,26939.12,23709.83,13733.04,9961.0,-99999.0,Low,Commercial,Low,0,0,0,0.0,66.0
22.954934,72.729272,bakery,100.44,100.44,6453.55,3066.73,9944.61,7846.61,13967.55,11596.34,7673.56,2993.17,5.16,Low,Residential,Low,0,0,0,0.0,75.0
22.815489,72.689136,street_food,112.35,4431.19,16466.09,11353.09,17270.64,19271.89,26283.4,21175.09,15501.06,15867.51,-99999.0,Low,Commercial,Low,0,0,0,0.0,66.0
23.142529,72.346032,fast_food,303.19,3054.8,16392.09,5857.54,16808.21,15902.23,18871.11,16367.91,17737.37,13643.87,-99999.0,Low,Commercial,Low,0,0,0,0.0,58.0
22.866748,72.487948,cafe,1426.43,1483.88,12728.7,5169.29,16008.76,14888.0,16724.67,16211.69,10445.28,8747.91,1.14,Low,Commercial,Low,0,0,0,0.0,65.5
23.0046,72.601462,coffee,274.14,367.99,514.39,163.1,990.15,414.73,6027.04,916.94,862.55,0.0,8.61,Low,Residential,High,0,4,10,3.9,58.76
23.239657,72.718063,pizza,166.93,503.69,6706.22,7562.84,10037.32,9955.98,16215.0,19103.89,9724.97,3141.5,-99999.0,Low,Commercial,Low,0,0,0,0.0,63.0
22.959269,72.378101,burger,86.37,86.37,10230.25,3503.44,9501.89,10894.36,11400.0,10819.34,8954.77,9271.41,7.08,Low,Commercial,Low,0,0,0,0.0,78.0
23.249743,72.481122,sandwich,42.44,422.4,12612.09,8722.99,11692.79,11681.17,12611.36,18707.84,9869.16,4121.93,-99999.0,Low,Commercial,Low,0,0,0,0.0,74.0
23.10502,72.437095,gujarati,316.55,6127.1,7176.55,287.66,8399.16,5686.7,10346.57,8340.52,7914.93,4686.49,-99999.0,Low,Industrial,Low,0,0,0,0.0,60.0
22.874113,72.398848,punjabi,168.52,168.52,14647.7,3989.05,15878.48,17134.49,17424.38,18115.82,11593.44,12396.0,29.46,Low,Commercial,Low,0,0,0,0.0,82.0
23.168913,72.661329,south_indian,52.81,2507.43,2279.72,416.44,4308.34,1539.61,8852.47,10186.43,1965.52,0.0,-99999.0,Low,Residential,High,0,0,0,0.0,55.0
23.009606,72.628556,chinese,2.38,2.38,872.67,21.48,2653.4,2072.76,4324.22,1371.53,1209.61,1787.11,126.22,High,Residential,Low,1,1,1,1.0,89.98
23.035997,72.62176,fine_dining,4.24,1087.22,289.75,140.32,2269.69,2307.62,2051.73,2078.62,1311.86,1296.66,136.32,High,Residential,Low,4,10,51,17.85,56.9
23.128765,72.436679,dessert,120.48,6235.24,6987.32,1228.52,10765.31,7195.1,11228.0,10868.19,10051.41,5491.56,-99999.0,Low,Industrial,Low,0,0,0,0.0,60.0
22.928783,72.747749,bakery,75.43,75.43,9673.4,6017.28,12378.84,11119.16,17392.75,14626.88,10988.48,6062.21,6.36,Low,Commercial,Low,0,0,0,0.0,82.0
23.229105,72.357485,street_food,77.0,77.0,19140.09,7768.58,22132.14,20875.13,23057.43,23962.29,19260.6,6130.11,-99999.0,Low,Commercial,Low,0,0,0,0.0,82.0
23.024439,72.718184,fast_food,385.12,1187.96,1348.45,833.02,8285.17,4462.08,8700.86,8655.41,5910.4,1070.57,-99999.0,Low,Residential,Low,0,0,0,0.0,55.0
22.847489,72.637218,cafe,243.3,2316.21,11597.43,8326.65,12732.86,14742.28,21764.52,16653.77,10935.13,11581.56,-99999.0,Low,Commercial,Low,0,0,0,0.0,65.5
22.839644,72.627637,coffee,36.38,2316.34,12396.49,8603.39,13603.15,15456.05,22057.95,17483.64,11827.55,12526.27,-99999.0,Low,Commercial,Low,0,0,0,0.0,65.5
23.052634,72.642167,pizza,6.17,6.17,106.46,145.78,714.5,226.88,739.95,2484.51,1687.69,701.96,131.82,High,Residential,Low,0,2,3,1.45,84.29
22.881929,72.500308,burger,925.77,925.77,10974.38,3754.78,14465.37,12898.34,15258.94,14185.24,9228.01,6643.26,-99999.0,Low,Commercial,Low,0,0,0,0.0,63.0
23.059764,72.377419,sandwich,228.94,1243.21,8953.88,3555.68,8830.13,9537.28,10640.57,8133.01,11435.13,8067.99,-99999.0,Low,Commercial,Low,0,0,0,0.0,66.0
22.908593,72.648226,gujarati,160.41,1286.62,5343.87,2170.28,6165.62,8214.26,15464.92,10106.06,4374.09,4844.81,12.41,Low,Commercial,Low,0,0,0,0.0,70.0
22.853652,72.606018,punjabi,541.45,817.37,11004.09,6404.67,12348.23,13814.61,19711.73,16062.07,10678.4,10995.16,4.87,Low,Commercial,Low,0,0,0,0.0,70.0
23.198172,72.572991,south_indian,613.63,1825.2,2421.1,2552.29,1206.62,1182.69,2426.95,10618.03,1867.81,1532.77,-99999.0,Low,Residential,Low,0,0,0,0.0,63.0
23.056359,72.574943,chinese,8.63,8.63,377.52,201.38,1290.76,964.33,2570.18,411.09,1590.34,237.17,114.63,High,Residential,Low,0,0,0,0.0,96.74
22.837714,72.578179,fine_dining,636.41,636.41,13297.35,8141.07,14896.73,15747.86,20481.49,18148.46,13364.63,11076.02,-99999.0,Low,Commercial,Low,0,0,0,0.0,70.0
23.197319,72.729502,dessert,306.67,1374.61,2803.6,2906.37,10005.31,7651.54,15964.18,15309.16,4948.09,4987.41,-99999.0,Low,Commercial,Low,0,0,0,0.0,66.0
23.000055,72.783543,bakery,67.31,70.3,6459.94,4309.06,15496.58,11686.04,15913.84,15631.04,11729.84,5225.74,6.36,Low,Commercial,Low,0,0,0,0.0,82.0
23.167986,72.645421,street_food,101.46,895.92,1134.81,118.99,3464.5,2377.53,7244.29,10123.82,1351.87,1463.59,-99999.0,Low,Residential,Low,0,0,0,0.0,67.0
22.831739,72.509827,fast_food,89.42,89.42,16558.12,8509.69,19191.67,17665.86,20656.12,19282.16,14785.28,11337.88,-99999.0,Low,Commercial,Low,0,0,0,0.0,78.0
22.840605,72.886592,cafe,331.92,2187.86,25471.21,22015.51,29341.72,28351.01,34374.88,31891.56,28190.66,22162.55,-99999.0,Low,Commercial,Low,0,0,0,0.0,65.5
23.2586,72.350031,coffee,204.99,255.78,21856.86,10760.32,24176.43,23921.66,24799.92,27271.48,21162.54,6585.73,-99999.0,Low,Commercial,Low,0,0,0,0.0,74.5
23.258212,72.328406,pizza,637.75,1911.28,23483.09,12155.21,26266.47,25259.89,26857.51,28141.81,23168.2,8771.45,-99999.0,Low,Commercial,Low,0,0,0,0.0,58.0
23.006256,72.756004,burger,88.74,98.73,3554.47,1505.68,12607.63,8812.8,13025.52,12926.67,8966.57,2703.74,6.98,Low,Residential,Low,0,0,0,0.0,75.0
23.177597,72.877433,sandwich,177.44,683.48,13378.49,13287.58,25242.46,21479.58,28508.65,25288.2,15263.41,11192.07,-99999.0,Low,Commercial,Low,0,0,0,0.0,70.0
23.120023,72.55381,gujarati,79.68,1562.94,2122.59,255.15,1356.5,1131.25,3971.67,2582.87,918.5,823.83,14.92,Low,Residential,Low,0,0,0,0.0,67.0
23.286571,72.531838,punjabi,59.68,59.68,12990.23,11942.11,11785.89,11790.36,12994.14,20784.11,11975.76,10599.31,-99999.0,Low,Commercial,Low,0,0,0,0.0,82.0
23.227418,72.835925,south_indian,509.91,2505.87,10659.08,10632.84,21176.87,18801.72,27282.38,24853.36,13575.87,14769.73,-99999.0,Low,Commercial,Low,0,0,0,0.0,66.0
22.99031,72.705984,chinese,702.92,2664.24,2988.97,2011.23,8133.5,4144.05,9506.84,8244.79,3826.07,1828.12,3.96,Low,Residential,Low,0,0,0,0.0,63.0
23.12766,72.622794,fine_dining,31.32,155.4,1925.77,632.15,5597.88,1262.9,5884.68,5555.98,3614.13,135.09,-99999.0,Low,Residential,Low,1,1,6,2.25,70.5
23.123696,72.511707,dessert,3.36,3.36,743.71,304.88,3342.56,3407.32,4759.05,6449.43,4478.28,470.66,12.84,Low,Residential,Low,0,0,0,0.0,83.0
22.895667,72.62161,bakery,268.17,418.77,6192.8,3396.9,7473.77,9220.03,16398.13,11285.5,5766.62,6413.52,4.43,Low,Commercial,Low,0,0,0,0.0,74.0
23.063844,72.732158,street_food,451.36,3125.43,5747.06,2389.09,8744.34,5597.36,9898.23,7962.35,7093.11,2535.39,3.61,Low,Commercial,Low,0,0,0,0.0,66.0
22.916891,72.312015,fast_food,447.96,2246.7,18274.38,11475.0,17750.61,19142.7,19648.41,18961.82,16404.79,16983.41,-99999.0,Low,Commercial,Low,0,0,0,0.0,58.0
22.820913,72.483051,cafe,46.5,46.5,17831.4,9683.7,20920.17,19884.67,21743.47,21153.13,15370.65,13412.55,6.62,Low,Commercial,Low,0,0,0,0.0,77.5
23.13328,72.625778,coffee,300.29,421.33,2566.2,658.58,6017.93,788.58,6554.37,6152.58,2952.49,472.13,-99999.0,Low,Residential,Low,0,0,2,0.5,66.5
23.065328,72.787549,pizza,329.55,689.41,8882.81,5401.39,14287.07,10900.1,15537.1,13565.85,10955.8,3623.0,-99999.0,Low,Commercial,Low,0,0,0,0.0,63.0
22.928806,72.510773,burger,286.3,740.09,5863.54,2016.19,9215.91,7624.84,9998.9,8971.2,5709.09,1795.52,6.54,Low,Commercial,Low,0,0,0,0.0,63.0
22.942312,72.853698,sandwich,556.48,4948.34,15595.96,12869.51,22783.39,20118.73,25093.78,24144.7,19842.0,13057.75,-99999.0,Low,Commercial,Low,0,0,0,0.0,66.0
23.158011,72.37545,gujarati,122.91,122.91,13798.84,2755.74,16352.87,14120.03,18281.74,16065.65,16521.96,10512.66,-99999.0,Low,Commercial,Low,0,0,0,0.0,78.0
23.19855,72.55316,punjabi,36.46,449.0,3341.87,2194.58,2399.38,2385.17,3342.28,10799.41,2119.51,2438.07,-99999.0,Low,Grass,Low,0,0,0,0.0,63.5
23.177706,72.822579,south_indian,246.99,246.99,7760.98,7671.75,19649.24,15906.74,23831.93,20399.77,9794.4,9228.39,-99999.0,Low,Commercial,Low,0,0,0,0.0,78.0
22.81751,72.429527,chinese,201.59,953.43,19298.27,9298.62,21244.35,22311.98,22472.73,23610.1,16067.6,16528.87,2.23,Low,Commercial,Low,0,0,0,0.0,70.0
22.85843,72.329474,fine_dining,427.33,521.92,20506.74,10834.38,20941.57,22320.19,22728.23,22740.73,17831.14,18686.66,3.92,Low,Commercial,Low,0,0,0,0.0,70.0
23.096937,72.717906,dessert,366.28,814.73,5351.56,741.7,7157.93,3629.61,9904.35,6733.11,3446.77,676.27,-99999.0,Low,Industrial,Low,0,0,0,0.0,64.0
22.833365,72.739514,bakery,191.86,2392.37,17628.48,10882.18,18011.57,19386.95,25973.47,21591.69,16457.89,16455.88,-99999.0,Low,Commercial,Low,0,0,0,0.0,66.0
23.003087,72.445917,street_food,85.09,1775.5,2857.4,654.72,1020.32,2412.48,2920.7,3074.74,5274.29,1785.71,3.05,Low,Residential,Low,0,0,0,0.0,63.0
22.914289,72.810964,fast_food,1187.03,3679.06,14221.15,10756.37,19052.22,17338.94,23163.35,21096.12,17141.8,10906.32,-99999.0,Low,Commercial,Low,0,0,0,0.0,58.0
22.837093,72.60226,cafe,74.84,154.72,12877.68,8146.15,14222.58,15664.64,21273.67,17925.1,12548.26,12265.37,-99999.0,Low,Commercial,Low,0,0,0,0.0,74.5
22.948846,72.783156,coffee,30.37,3287.25,9458.01,6089.71,15510.68,13054.26,18556.73,16998.96,12811.3,6254.44,16.53,Low,Commercial,Low,0,0,0,0.0,68.5
23.161128,72.494964,pizza,58.54,4311.2,4385.6,1674.81,6205.2,6303.13,8398.36,10095.34,4651.88,1018.51,-99999.0,Low,Industrial,Low,0,0,0,0.0,52.0
23.097,72.700069,burger,44.74,44.74,3536.81,106.5,5384.37,1952.13,8441.26,5043.71,2169.9,662.31,6.96,Low,Industrial,Low,0,0,0,0.0,72.0
22.963919,72.485023,sandwich,544.57,578.87,2514.99,696.98,5793.29,5676.33,6053.24,6899.79,2035.89,1180.62,4.82,Low,Industrial,Low,0,0,0,0.0,64.0
22.878765,72.692923,gujarati,159.33,2272.72,10692.1,4403.29,11134.33,12945.75,19581.27,14835.31,9533.76,9627.37,-99999.0,Low,Commercial,Low,0,0,0,0.0,66.0
22.916101,72.484291,punjabi,18.17,150.14,7394.4,389.6,10618.72,10080.91,11250.63,11546.32,5101.02,4334.67,5.07,Low,Commercial,Low,0,0,0,0.0,78.0
22.83926,72.860142,south_indian,558.32,1984.25,23879.82,19926.4,27035.05,26330.73,32511.65,29740.45,25948.89,20449.26,-99999.0,Low,Commercial,Low,0,0,0,0.0,66.0
23.232263,72.838715,chinese,509.66,3049.22,11185.17,11161.71,21550.33,19287.8,27676.54,25425.68,14131.68,14856.2,-99999.0,Low,Commercial,Low,0,0,0,0.0,66.0
23.110477,72.557776,fine_dining,147.72,2230.74,1268.25,79.72,2415.67,2123.06,2845.18,1563.99,1299.96,737.24,8.03,Low,Residential,Low,0,3,11,3.8,54.83
23.047898,72.873928,dessert,169.82,6532.1,16046.62,13701.44,23334.85,19961.61,24271.07,22590.25,18697.44,6911.72,-99999.0,Low,Commercial,Low,0,0,0,0.0,66.0
23.261961,72.699379,bakery,40.29,1690.34,8921.91,10327.4,10013.89,9957.22,15854.7,20959.42,12528.95,786.85,-99999.0,Low,Commercial,Low,0,0,0,0.0,66.0
23.187186,72.494866,street_food,97.56,3992.01,7229.56,4183.74,8019.66,7991.07,8322.89,12164.91,4452.0,1399.88,-99999.0,Low,Industrial,Low,0,0,0,0.0,60.0
23.009836,72.396546,fast_food,249.35,1345.49,6932.16,1501.05,5939.75,7021.34,7596.5,5961.0,9054.15,6859.49,-99999.0,Low,Commercial,Low,0,0,0,0.0,58.0
22.990701,72.747561,cafe,90.63,1163.93,3581.99,1521.79,12196.43,8392.35,12968.01,12493.02,8056.3,1397.21,5.09,Low,Residential,Low,0,0,0,0.0,60.5
23.037289,72.802618,coffee,160.41,3576.32,8692.15,6422.49,16506.69,12734.99,17001.98,15681.83,14258.75,5833.65,11.33,Low,Commercial,Low,0,0,0,0.0,68.5
22.954353,72.720395,pizza,33.14,146.47,6477.81,3203.23,9043.52,7149.69,13418.4,10799.04,7006.62,3270.84,2.11,Low,Residential,Low,0,0,0,0.0,70.0
23.196773,72.84055,burger,598.42,598.42,9830.42,9773.44,21376.07,18124.46,26579.92,23107.21,12249.7,11767.93,-99999.0,Low,Commercial,Low,0,0,0,0.0,63.0
23.079945,72.871316,sandwich,364.28,4129.47,16732.79,13026.97,22730.27,19219.89,24262.89,22089.43,16491.67,5013.54,-99999.0,Low,Commercial,Low,0,0,0,0.0,66.0
23.077498,72.387774,gujarati,14.0,2668.23,8897.84,2452.26,8809.42,9456.22,10802.34,8246.25,10723.24,7697.63,-99999.0,Low,Commercial,Low,0,0,0,0.0,66.0
22.926572,72.427935,punjabi,257.35,1352.07,8145.83,1200.85,9407.89,10625.81,10898.9,11744.76,5235.92,6083.58,3.3,Low,Commercial,Low,0,0,0,0.0,66.0
23.120419,72.844891,south_indian,503.35,1860.74,11883.77,10344.84,20426.63,16886.7,22757.31,19961.61,12215.25,4048.08,-99999.0,Low,Commercial,Low,0,0,0,0.0,66.0
23.216624,72.363629,chinese,68.95,68.95,17806.02,6370.94,20909.55,19414.14,22130.65,22443.26,18282.52,6220.12,-99999.0,Low,Commercial,Low,0,0,0,0.0,82.0
23.157801,72.420479,fine_dining,757.59,4445.14,9458.55,455.77,13069.7,10675.67,14233.66,14423.28,12121.77,6634.1,-99999.0,Low,Industrial,Low,0,0,0,0.0,60.0
22.938862,72.70073,dessert,148.5,862.25,6822.47,2365.89,7452.16,7129.35,13717.9,10047.66,6774.35,4360.3,6.07,Low,Residential,Low,0,0,0,0.0,67.0
23.099403,72.8167,bakery,317.26,4881.31,11247.36,7226.03,17217.36,13665.86,19268.13,16672.85,10590.05,989.75,-99999.0,Low,Commercial,Low,0,0,0,0.0,66.0
22.900318,72.751784,street_food,682.69,1788.4,12828.41,7071.44,14021.65,13661.79,20129.45,16805.17,12999.14,9227.42,-99999.0,Low,Commercial,Low,0,0,0,0.0,66.0
23.157667,72.634133,fast_food,81.35,124.96,2298.04,243.21,4321.01,2694.67,6374.64,8575.06,1397.5,1593.28,-99999.0,Low,Industrial,Low,0,1,1,0.6,64.0
23.040109,72.814295,cafe,435.44,4320.4,9927.26,7590.83,17559.74,13923.66,18178.85,16754.54,14869.85,5328.55,-99999.0,Low,Commercial,Low,0,0,0,0.0,65.5
22.969823,72.865071,coffee,59.1,1700.07,15418.7,13187.9,23853.57,20616.36,24915.8,24526.7,20297.4,13480.31,-99999.0,Low,Commercial,Low,0,0,0,0.0,65.5
22.81736,72.853553,pizza,438.39,438.39,25509.46,20530.19,27783.16,27498.94,33831.83,30715.76,26570.82,21994.69,-99999.0,Low,Commercial,Low,0,0,0,0.0,68.0
23.271797,72.378043,burger,128.44,1317.23,21007.85,10755.65,22064.61,22046.92,22796.25,27203.34,19359.0,4424.76,-99999.0,Low,Commercial,Low,0,0,0,0.0,58.0
23.289795,72.587774,sandwich,198.1,2113.02,11092.37,12461.9,10823.85,10847.78,12631.2,20842.23,12061.44,9947.34,-99999.0,Low,Commercial,Low,0,0,0,0.0,66.0
22.926445,72.660553,gujarati,19.22,2018.85,4629.95,260.87,4899.94,6732.27,13657.87,8630.12,3400.01,3387.83,40.13,Low,Commercial,Low,0,0,0,0.0,74.0
22.908166,72.840773,punjabi,398.96,5499.09,16811.22,13522.68,22179.44,20336.32,25988.84,24154.37,20121.99,13686.65,-99999.0,Low,Commercial,Low,0,0,0,0.0,66.0
23.074998,72.759798,south_indian,29.96,154.97,7900.23,3173.37,11338.36,7897.13,12926.05,10660.92,8200.32,3324.05,5.81,Low,Industrial,Low,0,0,0,0.0,72.0
22.992718,72.619517,chinese,46.15,547.5,354.47,178.32,1411.93,1327.61,6366.65,844.56,715.98,966.68,150.47,High,Residential,Low,0,0,1,0.25,83.72
22.982445,72.461706,fine_dining,138.92,581.32,1284.51,576.28,2914.03,3757.43,3906.64,5087.67,2609.82,1571.25,5.48,Low,Residential,Low,0,0,5,1.25,67.0
23.056152,72.598421,dessert,18.4,735.09,144.45,40.79,2189.35,782.1,3573.96,1715.18,812.57,965.98,114.03,High,Residential,Low,0,0,0,0.0,81.67
22.857332,72.879165,bakery,1712.85,4001.62,23587.23,20175.78,27842.01,26646.47,32581.02,30263.16,26472.35,20327.6,-99999.0,Low,Commercial,Low,0,0,0,0.0,66.0
23.035355,72.797044,street_food,16.58,3342.32,8082.45,5884.54,16034.9,12174.58,16448.67,15198.29,13801.91,6203.55,21.24,Low,Commercial,Low,0,0,0,0.0,70.0
23.248879,72.525009,fast_food,86.87,1104.23,9539.12,7984.22,8419.48,8418.39,9541.12,16881.2,8040.57,7355.46,-99999.0,Low,Commercial,Low,0,0,0,0.0,58.0
23.008686,72.636264,cafe,56.57,193.58,424.13,72.57,3310.41,1974.76,4336.04,1631.62,2006.09,1881.32,134.38,High,Residential,Low,0,1,1,0.6,79.6
22.916212,72.394635,coffee,321.51,2221.5,11247.54,2999.2,11863.64,13208.01,13578.7,13891.63,8650.74,9471.78,-99999.0,Low,Commercial,Low,0,0,0,0.0,65.5
22.935172,72.85216,pizza,248.72,5729.45,15874.1,13015.84,22718.2,20211.41,25334.89,24206.18,19946.39,13200.44,-99999.0,Low,Commercial,Low,0,0,0,0.0,58.0
23.087989,72.552195,burger,27.83,2326.28,357.39,35.51,1401.12,1137.41,1278.36,2442.42,413.82,383.4,76.16,Medium,Residential,Low,1,1,3,1.5,66.0
22.883157,72.501322,sandwich,918.05,918.05,10837.96,3670.11,14320.78,12738.64,15147.28,14021.86,9144.28,6472.27,-99999.0,Low,Commercial,Low,0,0,0,0.0,70.0
22.992323,72.79335,gujarati,318.73,535.49,7653.57,5437.71,16735.85,12940.61,17153.86,16942.15,12735.87,6039.5,5.12,Low,Commercial,Low,0,0,0,0.0,70.0
23.049665,72.689673,punjabi,181.64,604.2,1798.45,602.87,5014.01,1446.85,5386.79,4613.57,5620.77,1555.72,-99999.0,Low,Industrial,Low,0,0,0,0.0,64.0
23.138726,72.45925,south_indian,615.5,5211.56,4976.08,1374.6,8757.73,6703.56,9760.43,11612.43,9022.33,3780.42,-99999.0,Low,Industrial,Low,0,0,0,0.0,60.0
23.204364,72.870575,chinese,675.08,1140.9,13014.5,12958.51,24464.8,21311.02,29539.35,26130.39,15411.12,13575.42,-99999.0,Low,Commercial,Low,0,0,0,0.0,66.0
23.118013,72.594545,fine_dining,10.88,962.33,1014.92,308.99,3839.7,922.85,3461.1,2597.92,3544.09,1669.63,19.87,Low,Residential,Low,1,2,15,4.85,63.94
22.890752,72.771086,dessert,554.45,1076.52,14425.33,9279.88,16267.72,15771.22,22168.14,19010.43,15238.04,10812.44,-99999.0,Low,Commercial,Low,0,0,0,0.0,66.0
22.891248,72.727782,bakery,627.12,627.12,12530.24,5245.73,12541.85,13086.86,19677.96,15733.79,11284.2,10043.7,-99999.0,Low,Commercial,Low,0,0,0,0.0,70.0
23.044392,72.841802,street_food,140.45,5445.25,12764.19,10400.65,20177.89,16744.78,20981.65,19406.14,16525.33,5299.91,-99999.0,Low,Commercial,Low,0,0,0,0.0,66.0
23.070226,72.682249,fast_food,46.32,803.98,2042.25,471.05,3663.69,1692.53,5245.96,2815.04,4508.48,946.99,62.75,Medium,Residential,Low,0,0,0,0.0,68.0
22.838191,72.329618,cafe,21.65,751.02,22113.12,11976.67,22748.15,24109.29,24492.93,24644.59,19297.88,20141.33,3.97,Low,Commercial,Low,0,0,0,0.0,68.5
23.216415,72.858209,coffee,689.69,689.69,12187.6,12143.46,23286.09,20475.33,29310.34,25846.64,14829.84,14442.31,-99999.0,Low,Commercial,Low,0,0,0,0.0,68.5
23.130743,72.753317,pizza,4.62,343.15,5244.34,2730.2,11844.5,8347.19,15036.11,11625.77,3345.07,2339.03,-99999.0,Low,Industrial,Low,0,0,0,0.0,62.0
23.007948,72.798676,burger,74.28,1211.97,7873.51,5868.12,16725.12,12877.5,17138.47,16528.67,13336.72,6976.14,5.18,Low,Commercial,Low,0,0,0,0.0,58.0
22.921088,72.720158,sandwich,47.46,47.46,9511.76,3568.8,10073.56,9860.29,16417.76,12843.08,9151.82,6838.68,2.38,Low,Commercial,Low,0,0,0,0.0,82.0
22.814388,72.603325,gujarati,443.24,1263.52,15343.94,10657.15,16665.61,18171.7,23683.58,20413.44,14961.72,14503.19,-99999.0,Low,Commercial,Low,0,0,0,0.0,66.0
22.989136,72.668344,punjabi,70.8,353.45,648.78,147.41,4645.58,649.59,7244.36,4443.15,795.22,1079.69,4.66,Low,Residential,Low,0,0,0,0.0,71.0
23.130042,72.667581,south_indian,31.53,1390.41,3131.03,398.87,5464.83,2118.79,9627.4,5987.68,2798.39,270.37,-99999.0,Low,Residential,Low,0,0,0,0.0,63.0
23.041938,72.592956,chinese,98.11,348.45,77.77,108.98,607.37,1207.17,4191.45,371.53,1224.57,1504.06,90.51,Medium,Residential,Low,0,0,0,0.0,88.83
22.813174,72.629953,fine_dining,629.48,964.1,15334.89,11407.81,16528.0,18396.75,24806.06,20419.19,14744.24,15421.67,-99999.0,Low,Commercial,Low,0,0,0,0.0,70.0
22.815688,72.617062,dessert,5.76,5.76,15065.06,10758.36,16325.94,18023.69,24032.2,20157.39,14575.14,15081.92,-99999.0,Low,Commercial,Low,0,0,0,0.0,82.0
22.941876,72.876938,bakery,1419.58,3679.94,17720.78,15146.16,25161.38,22424.77,27246.1,26468.85,22139.69,15336.87,-99999.0,Low,Commercial,Low,0,0,0,0.0,66.0
22.818228,72.781631,street_food,249.31,249.31,21869.41,14806.58,22105.31,22859.75,29436.79,25482.99,20660.76,18791.18,-99999.0,Low,Commercial,Low,0,0,0,0.0,78.0
23.133536,72.777577,fast_food,137.26,821.11,5820.12,4851.83,14235.57,10830.28,17240.35,13956.58,5233.57,3333.68,-99999.0,Low,Commercial,Low,0,0,0,0.0,63.0
23.246691,72.37207,cafe,994.85,2079.1,19321.89,8439.05,21619.09,21549.37,22220.43,25249.6,18560.45,4244.0,-99999.0,Low,Commercial,Low,0,0,0,0.0,65.5
22.856231,72.396361,coffee,140.71,1266.37,16491.56,5759.75,17825.59,19063.93,19338.86,20088.48,13379.69,14157.95,2.06,Low,Commercial,Low,0,0,0,0.0,65.5
22.902127,72.615344,pizza,153.49,507.65,5549.43,2435.34,6904.21,8449.63,15443.96,10617.1,5287.74,5650.48,2.44,Low,Commercial,Low,0,0,0,0.0,63.0
23.201303,72.465048,burger,177.3,3613.12,9618.21,3178.66,11181.58,11155.96,11622.83,15373.65,7836.0,449.53,-99999.0,Low,Commercial,Low,0,0,0,0.0,58.0
23.00051,72.52637,sandwich,10.94,716.32,817.57,230.63,1458.52,1223.05,1895.74,2193.52,1662.21,1468.01,110.22,High,Residential,Low,0,0,1,0.25,81.0
23.004893,72.637701,gujarati,10.0,50.17,100.62,7.51,3311.8,1609.6,4755.56,1458.32,2240.08,1569.39,125.67,High,Residential,Low,0,0,0,0.0,94.27
23.285312,72.440997,punjabi,51.28,65.16,18295.87,12027.96,17351.69,17341.47,18295.33,24209.89,15497.68,4781.89,-99999.0,Low,Commercial,Low,0,0,0,0.0,82.0
23.13834,72.801763,south_indian,107.73,1807.22,7120.89,6906.25,16732.26,13315.29,19623.5,16422.66,7434.06,4509.76,-99999.0,Low,Commercial,Low,0,0,0,0.0,66.0
23.123793,72.807767,chinese,50.71,3481.78,8640.72,6806.09,16811.33,13305.08,19404.33,16408.58,8502.7,3068.58,-99999.0,Low,Commercial,Low,0,0,0,0.0,66.0
23.174601,72.36423,fine_dining,321.07,1083.14,15490.71,4507.16,18520.66,16142.05,20139.67,18230.04,17694.61,9637.21,-99999.0,Low,Commercial,Low,0,0,0,0.0,66.0
22.992047,72.630567,dessert,14.06,133.28,172.39,161.18,1958.68,205.07,6215.28,763.13,1516.4,77.51,137.0,High,Residential,High,0,0,1,0.25,83.91
22.836935,72.315481,bakery,28.24,1924.85,23205.73,13256.8,23706.74,25081.74,25483.66,25520.99,20462.15,21312.24,-99999.0,Low,Commercial,Low,0,0,0,0.0,66.0
22.892264,72.599918,street_food,4.81,4.81,6898.65,2120.99,8460.1,9592.8,15572.28,11845.22,6983.46,6891.31,53.82,Medium,Commercial,Low,0,0,0,0.0,90.0
23.018277,72.764938,fast_food,200.91,931.86,4436.96,2905.39,13090.43,9235.33,13502.64,12946.66,10112.09,3545.27,4.78,Low,Residential,Low,0,0,0,0.0,60.0
23.081611,72.807617,cafe,422.19,2976.34,11618.38,6641.1,16200.07,12690.57,17868.06,15566.97,11126.51,1091.22,-99999.0,Low,Commercial,Low,0,0,0,0.0,65.5
22.855774,72.616332,coffee,496.75,1142.21,10637.93,6500.33,11924.91,13583.46,19940.67,15727.09,10200.41,10786.39,-99999.0,Low,Commercial,Low,0,0,0,0.0,65.5
22.830425,72.432622,pizza,811.15,811.15,17832.72,7898.44,19786.15,20848.71,21007.75,22144.38,14601.96,15144.37,1.94,Low,Commercial,Low,0,0,0,0.0,63.0
23.226696,72.824781,burger,437.43,1594.77,9654.93,9634.18,20038.27,17735.07,26150.09,23962.85,12638.65,13741.91,-99999.0,Low,Commercial,Low,0,0,0,0.0,58.0
23.03824,72.337006,sandwich,1116.44,2283.81,12586.85,6730.07,12431.63,13155.66,13867.06,11637.51,15618.62,12096.97,-99999.0,Low,Commercial,Low,0,0,0,0.0,66.0
22.845687,72.846839,gujarati,796.51,2682.34,22507.08,18386.91,25496.9,24834.37,31048.81,28218.67,24408.82,19043.03,-99999.0,Low,Commercial,Low,0,0,0,0.0,66.0
23.24167,72.636836,punjabi,1.99,627.2,5438.47,6905.06,5018.24,5028.53,9595.41,16710.02,9556.28,4606.74,-99999.0,Low,Commercial,Low,0,0,0,0.0,70.0
22.825793,72.848684,south_indian,482.22,482.22,24452.37,19609.84,26839.05,26483.61,32799.6,29731.12,25652.31,20940.88,-99999.0,Low,Commercial,Low,0,0,0,0.0,74.0
22.960953,72.867652,chinese,362.6,2477.27,15997.07,13726.03,24105.22,21030.72,25518.94,25116.3,20722.84,13906.96,-99999.0,Low,Commercial,Low,0,0,0,0.0,66.0
23.091777,72.746308,fine_dining,370.91,370.91,8309.6,992.27,9956.12,6406.58,12200.96,9416.7,5942.43,1924.45,-99999.0,Low,Industrial,Low,0,0,0,0.0,68.0
23.152101,72.541012,dessert,4.2,851.88,1842.84,392.59,2664.58,2005.66,4421.35,6272.81,792.19,1392.72,31.62,Low,Commercial,Low,0,0,0,0.0,74.0
22.84693,72.404221,bakery,181.66,923.66,17052.42,6367.57,18560.11,19758.04,20003.6,20884.33,13881.44,14624.83,4.51,Low,Commercial,Low,0,0,0,0.0,70.0
22.925427,72.794097,street_food,433.68,3254.32,12176.75,8661.44,17059.71,15221.42,21044.35,19003.49,15020.86,8806.83,1.9,Low,Commercial,Low,0,0,0,0.0,66.0
22.996795,72.829985,fast_food,24.4,58.5,11207.16,9085.12,20147.91,16310.43,20562.39,19949.82,16485.11,9828.49,3.58,Low,Commercial,Low,0,0,0,0.0,78.0
22.96923,72.748253,cafe,434.19,1678.2,5524.0,1904.93,11881.54,8905.44,14337.24,12926.49,8639.99,2050.43,-99999.0,Low,Residential,Low,0,0,0,0.0,60.5
22.877176,72.883317,coffee,28.55,6204.28,22346.13,19075.93,27395.36,25822.8,31540.86,29574.72,25620.72,19239.25,-99999.0,Low,Commercial,Low,0,0,0,0.0,65.5
23.157599,72.60046,pizza,152.46,152.46,1440.49,992.91,4316.1,3712.67,3313.17,6679.04,4579.5,1006.86,-99999.0,Low,Residential,Low,0,0,0,0.0,70.0
23.277675,72.341144,burger,159.93,159.93,23989.82,13016.94,25781.82,25762.98,26471.6,29572.13,22936.57,8068.56,-99999.0,Low,Commercial,Low,0,0,0,0.0,73.0
23.019802,72.796431,sandwich,487.35,2430.78,7663.77,5904.84,16213.66,12333.01,16621.04,15751.11,13301.02,6769.93,5.34,Low,Commercial,Low,0,0,0,0.0,66.0
22.973485,72.756023,gujarati,442.3,2258.29,5576.71,2280.02,12713.85,9539.06,14708.98,13601.03,9251.89,2464.4,4.1,Low,Residential,Low,0,0,0,0.0,63.0
23.268332,72.540088,punjabi,353.2,1527.02,10802.94,9847.28,9596.94,9600.9,10806.93,18645.34,9801.02,9850.45,-99999.0,Low,Commercial,Low,0,0,0,0.0,66.0
23.181306,72.327183,south_indian,4.03,4514.07,19303.24,8248.52,21319.4,19661.57,23391.21,20926.66,21491.99,11570.58,-99999.0,Low,Commercial,Low,0,0,0,0.0,66.0
22.941197,72.8857,chinese,929.7,3161.14,18562.56,16028.62,26063.35,23312.7,28091.23,27360.76,23025.6,16219.85,-99999.0,Low,Commercial,Low,0,0,0,0.0,66.0
23.04549,72.51637,fine_dining,28.28,82.14,251.69,28.9,1099.36,186.0,3446.83,2185.0,914.11,442.08,125.5,High,Residential,Low,9,32,153,53.05,66.0
23.261749,72.560472,dessert,122.34,1679.13,9387.49,9203.04,8351.82,8337.57,9579.9,17686.42,8742.94,8656.88,-99999.0,Low,Commercial,Low,0,0,0,0.0,66.0
23.136254,72.69319,bakery,214.6,625.73,4726.67,310.45,7347.96,3379.91,11355.39,7590.87,1473.76,1895.21,-99999.0,Low,Residential,Low,0,0,0,0.0,67.0
22.851133,72.668797,street_food,323.52,2884.76,12015.04,7595.83,12866.46,14895.9,22028.76,16795.13,11080.31,11498.88,-99999.0,Low,Commercial,Low,0,0,0,0.0,66.0
23.193066,72.723603,fast_food,18.77,1165.22,2725.5,3024.67,9409.3,6886.07,15302.9,14604.28,4536.38,4717.23,-99999.0,Low,Commercial,Low,0,0,0,0.0,58.0
22.849378,72.399448,cafe,90.66,1361.58,17018.59,6294.03,18443.6,19661.98,19921.95,20737.75,13872.36,14632.24,6.57,Low,Commercial,Low,0,0,0,0.0,65.5
23.151605,72.677663,coffee,43.86,1589.46,4027.55,559.64,6850.15,1072.19,10840.36,8552.15,3065.71,0.0,-99999.0,Low,Residential,High,0,0,0,0.0,52.5
23.165035,72.493673,pizza,389.35,4733.6,4837.2,2118.25,6572.23,6620.32,8452.79,10478.38,4631.08,603.3,-99999.0,Low,Industrial,Low,0,0,0,0.0,52.0
22.861144,72.313013,burger,945.67,945.67,21558.88,12263.17,21791.23,23183.75,23617.0,23461.97,19009.21,19835.81,3.71,Low,Commercial,Low,0,0,0,0.0,63.0
22.957968,72.518752,sandwich,1188.28,1698.56,3121.91,1248.26,6011.07,4317.92,6671.18,5730.39,2952.57,314.38,-99999.0,Low,Industrial,Low,0,0,0,0.0,60.0
22.939488,72.386854,gujarati,911.91,1033.04,10307.25,4595.22,10268.58,11663.32,12105.92,12000.65,8332.9,8910.39,-99999.0,Low,Commercial,Low,0,0,0,0.0,66.0
22.899948,72.570329,punjabi,419.29,1994.89,7349.84,2510.86,9418.09,8853.67,13622.12,11565.93,8397.3,4702.53,-99999.0,Low,Commercial,Low,0,0,0,0.0,66.0
23.076275,72.546666,south_indian,13.57,1595.47,712.67,134.83,850.78,1218.65,1607.88,2323.41,275.87,930.04,132.8,High,Residential,Low,0,0,1,0.25,77.0
22.822606,72.51527,chinese,621.16,621.16,17440.17,9334.9,19617.8,18419.73,21615.59,20174.66,15921.67,12197.68,-99999.0,Low,Commercial,Low,0,0,0,0.0,70.0
22.854671,72.656865,fine_dining,255.87,2089.08,11231.65,7600.13,12184.43,14247.35,21491.8,16132.64,10378.95,10883.08,-99999.0,Low,Commercial,Low,0,0,0,0.0,66.0
22.965727,72.533438,dessert,307.5,1880.83,3142.45,428.35,5075.01,3101.32,5712.5,4298.55,2098.98,1034.56,17.29,Low,Industrial,Low,0,0,0,0.0,64.0
22.950087,72.534924,bakery,1122.83,1763.54,4865.84,1191.73,6732.42,4825.95,7451.17,5921.8,3816.47,0.0,-99999.0,Low,Industrial,High,0,0,0,0.0,52.0
22.850656,72.832659,street_food,300.32,1718.94,21245.25,16837.42,23964.72,23387.28,29651.46,26725.35,22863.11,17739.47,-99999.0,Low,Commercial,Low,0,0,0,0.0,66.0
23.2445,72.87734,fast_food,809.08,1230.51,15277.2,15247.11,25692.25,23444.08,31835.89,29304.3,18122.46,17998.92,-99999.0,Low,Commercial,Low,0,0,0,0.0,58.0
23.084541,72.408358,cafe,319.69,4594.37,7470.13,1621.85,7757.31,8149.71,9826.29,7359.91,8991.74,5907.27,-99999.0,Low,Commercial,Low,0,0,0,0.0,65.5
22.992751,72.390527,coffee,61.52,637.94,8335.2,1470.4,6764.11,8036.49,8598.59,7415.21,8556.36,7333.55,7.41,Low,Commercial,Low,0,0,0,0.0,68.5
22.954543,72.596012,pizza,15.08,396.38,1096.15,313.98,3183.55,3030.43,9670.13,5125.92,3351.92,586.18,71.43,Medium,Industrial,Low,0,0,1,0.25,76.0
22.840368,72.562112,burger,210.78,671.46,13557.41,7626.0,15331.09,15493.19,19860.39,17991.66,13915.8,10292.44,-99999.0,Low,Commercial,Low,0,0,0,0.0,63.0
23.012129,72.590854,sandwich,55.42,55.42,312.54,12.65,365.08,707.53,5427.13,276.4,1443.65,950.14,99.77,Medium,Industrial,Low,0,0,1,0.25,94.0
22.846922,72.455986,gujarati,267.08,267.08,15560.34,6249.44,17832.13,18197.67,18878.96,19610.06,12419.25,12352.82,4.79,Low,Commercial,Low,0,0,0,0.0,78.0
22.928363,72.67252,punjabi,75.34,981.4,5559.44,770.81,5558.58,7158.12,13720.87,9022.14,4310.15,4035.63,3.45,Low,Commercial,Low,0,0,0,0.0,70.0
23.095027,72.423418,south_indian,198.95,5945.26,7136.77,1503.04,7859.84,6711.4,9906.18,7652.16,8221.83,5084.69,-99999.0,Low,Commercial,Low,0,0,0,0.0,66.0
22.861347,72.486702,chinese,1221.36,1501.94,13337.45,5766.11,16567.63,15495.33,17306.68,16814.38,11003.41,9315.45,-99999.0,Low,Commercial,Low,0,0,0,0.0,66.0
23.265435,72.502686,fine_dining,46.39,96.1,12352.68,10518.0,11271.65,11268.17,12354.0,19347.15,10393.02,6877.16,-99999.0,Low,Commercial,Low,0,0,0,0.0,82.0
23.107692,72.776364,dessert,165.28,3016.38,8325.53,3185.83,13265.33,9727.51,15733.19,12811.19,6822.82,551.96,-99999.0,Low,Industrial,Low,0,0,0,0.0,60.0
22.96818,72.504147,bakery,82.86,684.9,1450.41,551.35,4935.47,4293.82,6062.43,5844.5,2860.92,873.94,6.39,Low,Industrial,Low,0,0,0,0.0,64.0
23.201428,72.808515,street_food,7.31,777.08,6844.9,6804.3,18103.38,15123.92,24046.37,20842.93,9613.19,11442.25,-99999.0,Low,Commercial,Low,0,0,0,0.0,70.0
23.277628,72.388952,fast_food,227.52,460.36,20866.21,11086.56,21353.2,21336.99,22132.7,26868.67,18804.89,4033.4,-99999.0,Low,Commercial,Low,0,0,0,0.0,68.0
22.963919,72.859422,cafe,502.47,2541.83,15091.24,12839.59,23260.96,20142.41,24613.23,24230.84,19832.4,13014.8,-99999.0,Low,Commercial,Low,0,0,0,0.0,65.5
22.906409,72.492226,coffee,792.31,792.31,8312.99,958.57,11887.37,10644.28,12437.94,12043.06,6413.13,4787.17,-99999.0,Low,Commercial,Low,0,0,0,0.0,68.5
23.272996,72.871861,pizza,366.42,3576.63,16593.86,16582.36,25991.02,24436.05,32195.65,30992.35,19648.13,17467.22,-99999.0,Low,Commercial,Low,0,0,0,0.0,58.0
22.949895,72.713076,burger,2.16,824.71,6499.65,2852.39,8363.95,6922.31,13352.03,10373.21,6827.02,3721.4,-99999.0,Low,Residential,Low,0,0,0,0.0,60.0
23.045684,72.64401,sandwich,32.32,291.08,350.83,292.44,325.84,591.7,740.43,2836.35,2480.46,1488.52,116.16,High,Residential,Low,0,0,2,0.5,89.0
22.926364,72.528112,gujarati,362.22,836.94,6651.61,1601.86,9445.55,7494.08,10067.54,8640.06,6347.43,1042.54,-99999.0,Low,Industrial,Low,0,0,0,0.0,64.0
23.201917,72.537902,punjabi,40.68,48.12,4762.11,2625.66,3958.91,3940.81,4760.79,11516.9,2744.23,2719.11,-99999.0,Low,Commercial,Low,0,0,0,0.0,82.0
22.864666,72.637033,south_indian,396.85,472.74,9706.62,6793.9,10830.73,12872.89,20132.72,14754.62,9032.29,9681.61,-99999.0,Low,Commercial,Low,0,0,0,0.0,74.0
23.094269,72.626465,chinese,110.67,346.23,605.44,401.18,2180.94,2074.02,4372.78,3556.31,3201.42,269.78,-99999.0,Low,Industrial,Low,0,0,0,0.0,68.0
23.137222,72.629058,fine_dining,43.68,118.37,3032.16,608.09,6299.7,623.44,7011.3,6680.02,2407.97,1011.61,-99999.0,Low,Residential,Low,0,1,6,1.85,70.5
23.267442,72.577741,dessert,38.2,3009.7,9066.63,9997.22,8839.91,8860.7,10093.0,18304.6,9448.89,9074.77,-99999.0,Low,Commercial,Low,0,0,0,0.0,66.0
23.150016,72.564304,bakery,125.33,1265.62,2670.45,862.21,3191.05,2108.43,3128.36,5314.54,1243.02,906.63,-99999.0,Low,Commercial,Low,0,0,0,0.0,66.0
22.949839,72.711844,street_food,39.03,753.78,6422.25,2763.7,8240.37,6838.94,13283.84,10267.75,6749.19,3655.74,2.83,Low,Residential,Low,0,0,0,0.0,67.0
23.203103,72.771481,fast_food,11.53,87.59,3782.6,3787.6,14321.38,11684.61,20310.17,18310.33,6965.25,8783.82,-99999.0,Low,Commercial,Low,0,0,0,0.0,78.0
23.006388,72.599596,cafe,251.1,251.1,351.7,345.39,879.24,564.65,5992.09,820.65,853.89,0.0,-99999.0,Low,Residential,High,0,2,9,2.95,65.12
23.114001,72.450372,coffee,6.3,5161.45,5628.9,1153.78,8618.55,5057.85,9326.73,8973.56,7927.25,3522.17,-99999.0,Low,Industrial,Low,0,0,0,0.0,55.5
23.126158,72.724837,pizza,158.37,2100.55,6136.73,1109.35,9039.49,5408.85,12491.9,8920.63,1646.22,1127.49,-99999.0,Low,Industrial,Low,0,0,0,0.0,52.0
23.188757,72.3529,burger,88.42,1801.49,17181.9,6069.14,20464.61,18031.98,21924.68,20165.86,18896.0,9089.32,-99999.0,Low,Commercial,Low,0,0,0,0.0,58.0
23.285536,72.587956,sandwich,274.07,2581.86,10629.83,11990.99,10363.27,10387.19,12163.86,20373.83,11602.48,9786.65,-99999.0,Low,Commercial,Low,0,0,0,0.0,66.0
23.002386,72.603835,gujarati,3.21,567.74,228.8,104.96,658.0,453.86,6083.72,835.64,723.44,208.18,192.34,High,Residential,Low,0,0,1,0.25,83.74
23.251788,72.711191,punjabi,8.66,1240.39,7876.03,9076.41,10170.11,10099.71,16232.05,20166.24,11163.35,2419.26,-99999.0,Low,Commercial,Low,0,0,0,0.0,66.0
23.07095,72.768618,south_indian,51.07,251.53,8015.52,4020.57,12282.62,8870.68,13716.24,11582.55,9174.44,3498.21,16.72,Low,Industrial,Low,0,0,0,0.0,76.0
22.982574,72.829391,chinese,531.99,1498.39,11503.88,9284.58,20302.58,16770.2,20993.74,20648.59,16494.84,9706.16,4.69,Low,Commercial,Low,0,0,0,0.0,66.0
23.067715,72.680145,fine_dining,127.25,937.86,1785.79,325.42,3595.38,1342.92,4926.44,2702.4,4283.13,1243.48,66.18,Medium,Residential,Low,0,4,12,4.4,63.92
22.850791,72.755993,dessert,63.22,82.91,17514.21,10372.05,17689.22,18414.02,24999.44,21023.52,16291.18,14701.19,-99999.0,Low,Commercial,Low,0,0,0,0.0,82.0
23.125649,72.515905,bakery,75.41,93.26,1212.58,185.42,2888.75,2991.06,4733.44,6138.91,4030.02,583.38,5.68,Low,Grass,Low,0,0,0,0.0,71.5
23.12056,72.335692,street_food,17.32,3403.57,15886.05,7712.86,15942.51,16105.2,17954.94,15401.81,17428.51,14317.75,-99999.0,Low,Commercial,Low,0,0,0,0.0,66.0
23.282132,72.702934,fast_food,356.23,3952.37,11159.7,12503.59,11949.31,11902.45,17552.77,23220.47,14623.88,792.59,-99999.0,Low,Commercial,Low,0,0,0,0.0,58.0
23.001817,72.746556,cafe,73.72,293.87,2790.48,527.64,11900.99,8165.63,12319.51,12376.4,7953.08,2012.61,11.78,Low,Residential,Low,0,0,0,0.0,72.5
23.273544,72.559664,coffee,762.44,2832.4,10525.48,10485.51,9656.28,9640.85,10883.99,18995.76,10052.27,9952.01,-99999.0,Low,Commercial,Low,0,0,0,0.0,65.5
22.815063,72.460068,pizza,400.57,400.57,18860.59,9802.3,21368.92,21253.07,22376.24,22600.34,15920.77,15112.14,-99999.0,Low,Commercial,Low,0,0,0,0.0,68.0
23.055125,72.610903,burger,0.89,1255.63,638.56,66.59,2172.31,2055.07,2811.45,732.56,1007.35,1235.74,90.62,Medium,Residential,Low,0,2,3,1.45,70.26
23.088649,72.643637,sandwich,4.06,1394.21,483.46,210.69,824.76,1744.64,4571.66,1785.06,2399.33,407.05,29.46,Low,Residential,Low,0,0,0,0.0,67.51
23.023974,72.536858,gujarati,93.83,612.42,257.86,83.39,1214.12,744.72,1000.7,571.74,1755.59,1607.73,156.08,High,Residential,Low,0,0,1,0.25,84.36
23.180724,72.651382,punjabi,17.23,1359.66,1120.24,600.83,2668.26,1981.96,7809.64,11487.93,2754.69,480.27,-99999.0,Low,Residential,Low,0,0,0,0.0,63.0
23.050224,72.510081,south_indian,22.01,675.75,579.17,23.24,1021.74,1015.25,4208.5,2561.04,91.07,134.59,139.42,High,Residential,Low,0,0,1,0.25,81.0
22.82179,72.370639,chinese,133.81,222.05,21112.04,10391.71,22337.77,23607.04,23902.89,24528.71,18016.75,18798.17,11.68,Low,Commercial,Low,0,0,0,0.0,82.0
23.009668,72.867802,fine_dining,772.7,2392.84,14946.94,12952.83,23614.75,19731.49,24021.11,22980.41,20416.05,9914.89,-99999.0,Low,Commercial,Low,0,0,0,0.0,66.0
22.865713,72.855592,dessert,296.11,4577.15,21286.84,17803.4,25256.49,24137.8,30149.13,27713.82,23973.23,17948.26,-99999.0,Low,Commercial,Low,0,0,0,0.0,66.0
22.878004,72.490896,bakery,1539.82,1539.82,11457.7,3944.14,14866.48,13611.39,15524.0,14943.98,9313.9,7564.92,-99999.0,Low,Commercial,Low,0,0,0,0.0,66.0
23.02856,72.429983,street_food,39.48,4783.25,3065.76,132.91,2897.69,3605.67,4327.88,2083.7,6541.28,2988.02,9.65,Low,Residential,Low,0,0,0,0.0,63.0
23.041804,72.586174,fast_food,89.96,271.11,555.92,206.82,375.7,1046.85,3501.96,370.34,1451.12,1125.3,109.91,High,Residential,Low,0,0,0,0.0,91.67
23.02032,72.714123,cafe,573.61,588.9,1164.61,997.84,8039.8,4264.13,8457.85,8677.44,5318.53,1620.43,4.86,Low,Residential,Low,0,0,0,0.0,63.5
22.963077,72.484153,coffee,540.66,574.34,2643.98,646.71,5824.7,5795.96,6122.17,6983.81,1926.86,1085.88,4.23,Low,Industrial,Low,0,0,0,0.0,58.5
23.198889,72.376749,pizza,232.9,306.08,15587.63,4130.29,18835.07,17051.72,20486.61,20112.16,16584.6,6680.25,-99999.0,Low,Commercial,Low,0,0,0,0.0,68.0
23.217606,72.685823,burger,595.33,1356.07,4268.26,5292.21,6000.81,5913.45,12207.62,15865.95,7837.21,0.0,-99999.0,Low,Forest,High,0,0,0,0.0,39.5
23.135027,72.405325,sandwich,258.94,2949.71,10259.86,2090.18,12656.18,10154.87,14461.08,12455.04,12565.42,8673.9,-99999.0,Low,Commercial,Low,0,0,0,0.0,66.0
23.282272,72.45147,gujarati,2.22,844.44,17273.61,11669.67,16309.8,16300.41,17273.31,23352.24,14570.43,4972.06,-99999.0,Low,Commercial,Low,0,0,0,0.0,70.0
22.893738,72.402879,punjabi,99.23,923.08,12600.8,2355.37,13706.18,14980.51,15286.89,15916.81,9638.81,10467.74,-99999.0,Low,Commercial,Low,0,0,0,0.0,70.0
23.078727,72.865908,south_indian,624.82,4390.27,16404.28,12507.55,22179.13,18672.94,23694.98,21533.8,16078.86,4505.76,-99999.0,Low,Commercial,Low,0,0,0,0.0,66.0
22.921291,72.544928,chinese,147.27,147.27,6661.33,789.81,9039.45,7123.95,10730.97,8970.08,7159.95,1236.45,27.38,Low,Industrial,Low,0,0,0,0.0,76.0
22.898537,72.681478,fine_dining,40.61,85.83,8287.72,2187.71,8663.78,10460.4,17150.35,12350.12,7101.49,7150.85,32.88,Low,Commercial,Low,0,0,0,0.0,86.0
23.017425,72.326932,dessert,218.67,218.67,13705.31,7569.2,13118.32,14125.41,14696.73,12723.84,15622.21,13476.54,-99999.0,Low,Commercial,Low,0,0,0,0.0,78.0
23.104771,72.424448,bakery,12.28,5849.65,7942.01,1117.14,8794.66,6883.59,10816.87,8635.69,8814.64,5726.64,-99999.0,Low,Commercial,Low,0,0,0,0.0,66.0
23.094258,72.535525,street_food,5.48,498.97,611.4,157.42,3054.78,1199.08,756.44,3671.83,1299.4,150.05,112.16,High,Industrial,Low,0,0,0,0.0,82.0
23.148273,72.429355,fast_food,101.59,5331.8,8215.26,1295.19,11951.29,9282.37,12900.88,13151.23,11476.55,6483.61,-99999.0,Low,Industrial,Low,0,0,0,0.0,52.0
23.171116,72.779063,cafe,327.16,2197.69,3384.07,3249.91,15343.66,11391.68,19949.11,16369.19,5342.92,7370.16,-99999.0,Low,Commercial,Low,0,0,0,0.0,65.5
22.840031,72.369016,coffee,7.45,7.45,19477.75,8850.18,20557.53,21852.28,22170.16,22693.35,16451.14,17257.15,74.7,Medium,Commercial,Low,0,0,0,0.0,88.0
23.22855,72.418437,pizza,76.8,857.53,14688.24,5457.66,16491.95,16469.84,17071.04,20913.05,13407.57,1736.89,-99999.0,Low,Commercial,Low,0,0,0,0.0,63.0
22.966473,72.575379,burger,7.54,772.47,1382.37,648.51,3360.16,1486.65,7272.74,4366.87,4807.57,1008.87,25.26,Low,Industrial,Low,0,0,0,0.0,61.0
22.93593,72.810329,sandwich,789.24,5265.97,12428.55,9192.32,18460.12,16180.39,21656.46,20102.13,15941.37,9362.64,-99999.0,Low,Commercial,Low,0,0,0,0.0,66.0
23.063303,72.680683,gujarati,2.63,917.77,1694.41,545.31,3903.35,1057.86,4779.51,2972.56,4363.72,1721.13,6.23,Low,Residential,Low,0,0,0,0.0,67.0
23.096546,72.664559,punjabi,73.42,129.96,601.27,145.58,2101.15,1772.81,6084.67,2333.85,2960.82,1676.12,-99999.0,Low,Industrial,Low,0,0,0,0.0,72.0
23.091762,72.511796,south_indian,107.76,1579.45,1648.94,908.74,4717.86,2305.56,2601.07,5146.22,3035.8,1207.9,5.55,Low,Residential,Low,0,0,0,0.0,63.0
23.215849,72.66807,chinese,127.4,177.34,3970.62,4542.05,4281.97,4202.71,10460.92,15421.6,6933.35,776.89,-99999.0,Low,Residential,Low,0,0,0,0.0,75.0
23.200594,72.719473,fine_dining,54.98,344.19,2902.06,3879.89,8988.75,7087.45,15009.22,15156.09,5435.61,3910.99,-99999.0,Low,Commercial,Low,0,0,0,0.0,74.0
22.952774,72.666401,dessert,367.22,390.49,4307.04,407.8,3620.07,4624.87,10947.45,6458.22,3285.61,2347.79,41.73,Low,Industrial,Low,0,0,0,0.0,76.0
22.850681,72.38769,bakery,122.64,907.46,17464.42,6752.64,18713.37,19972.06,20261.7,20935.68,14379.08,15167.41,10.13,Low,Commercial,Low,0,0,0,0.0,74.0
22.866574,72.48712,street_food,1344.35,1561.0,12757.21,5187.18,16009.57,14934.36,16734.83,16261.82,10445.59,8812.4,-99999.0,Low,Commercial,Low,0,0,0,0.0,66.0
22.897861,72.712193,fast_food,65.94,503.37,10788.61,3523.66,10845.62,11716.24,18307.87,14141.89,9545.08,9048.67,-99999.0,Low,Commercial,Low,0,0,0,0.0,63.0
23.055196,72.552579,cafe,43.6,413.35,344.13,83.6,522.03,1046.32,1056.29,652.12,1264.53,1138.61,158.1,High,Residential,Low,0,2,10,3.2,81.81
22.876176,72.532552,coffee,182.15,1224.31,11388.26,3177.74,13830.58,12233.22,15626.53,14049.75,11448.87,6060.23,4.21,Low,Commercial,Low,0,0,0,0.0,65.5
22.899162,72.678591,pizza,9.8,248.18,8031.11,2197.43,8438.45,10260.99,17007.22,12154.3,6854.04,6931.52,34.89,Low,Commercial,Low,0,0,0,0.0,77.0
23.142848,72.684251,burger,169.33,520.54,4573.6,460.59,7462.9,2212.95,11580.6,7845.38,2605.63,762.87,-99999.0,Low,Grass,Low,0,0,0,0.0,52.5
23.289952,72.631849,sandwich,105.52,171.88,10806.3,12247.72,10340.55,10360.94,13852.38,21630.31,13680.38,5809.99,-99999.0,Low,Commercial,Low,0,0,0,0.0,78.0
23.045028,72.391372,gujarati,269.48,1975.63,7133.36,2626.4,6992.43,7715.47,8669.95,6240.57,9999.41,6492.57,-99999.0,Low,Commercial,Low,0,0,0,0.0,66.0
22.960998,72.571581,punjabi,79.31,1418.85,1928.79,891.35,4023.38,2095.04,7525.76,5080.95,5152.87,1065.12,28.13,Low,Industrial,Low,0,0,0,0.0,64.0
22.835733,72.518243,south_indian,798.51,798.51,16007.26,7849.26,18294.02,16946.28,20144.13,18690.04,14662.24,10711.81,-99999.0,Low,Commercial,Low,0,0,0,0.0,70.0
22.8146,72.38919,chinese,933.91,938.33,20952.14,10260.89,22435.1,23645.96,23897.87,24732.11,17776.04,18510.98,-99999.0,Low,Commercial,Low,0,0,0,0.0,70.0
23.201304,72.869021,fine_dining,302.56,1245.33,12786.12,12728.14,24296.45,21075.4,29212.25,25814.47,15139.74,13201.99,-99999.0,Low,Commercial,Low,0,0,0,0.0,66.0
23.05261,72.597083,dessert,23.27,657.96,158.24,33.62,1781.19,701.24,3782.32,1313.13,672.38,1248.71,140.94,High,Residential,Low,0,0,0,0.0,82.62
23.138654,72.551066,bakery,19.17,378.91,1035.45,211.39,1367.46,292.4,4858.92,4476.08,949.6,29.42,-99999.0,Low,Residential,High,0,0,0,0.0,63.0
23.213148,72.593446,street_food,148.39,2379.62,3060.86,4087.06,2935.38,2955.1,4479.45,12487.31,4426.07,3244.55,-99999.0,Low,Residential,Low,0,0,0,0.0,63.0
22.849682,72.327899,fast_food,80.41,80.41,21304.28,11432.96,21812.08,23185.12,23584.69,23645.09,18573.36,19425.02,2.4,Low,Commercial,Low,0,0,0,0.0,78.0
23.175307,72.479412,cafe,18.24,5979.6,6387.5,2189.58,8424.02,8454.29,9820.19,12327.16,5897.01,545.64,-99999.0,Low,Industrial,Low,0,0,0,0.0,55.5
22.941929,72.621813,coffee,26.76,762.07,1094.8,218.54,2521.34,4185.23,11835.63,6166.48,1446.93,1468.31,50.38,Medium,Industrial,Low,0,0,2,0.5,64.5
22.89074,72.575246,pizza,907.37,907.37,7937.16,2758.82,9881.66,9868.12,14747.77,12503.74,8691.74,5812.53,-99999.0,Low,Commercial,Low,0,0,0,0.0,63.0
23.166409,72.754233,burger,45.04,3523.49,1464.38,1218.12,12977.62,8802.56,17790.17,14127.5,2836.48,6155.8,-99999.0,Low,Commercial,Low,0,0,0,0.0,58.0
23.073869,72.375662,sandwich,253.02,1461.17,9754.38,3575.1,9650.15,10327.39,11575.43,9023.18,11835.7,8671.11,-99999.0,Low,Commercial,Low,0,0,0,0.0,66.0
22.864819,72.759566,gujarati,63.72,1104.57,16838.6,9608.04,16920.81,17289.21,23845.52,20094.91,15626.48,13239.86,-99999.0,Low,Commercial,Low,0,0,0,0.0,66.0
23.205176,72.52278,punjabi,170.9,844.15,6254.81,3741.38,5528.01,5508.29,6252.59,12385.76,3429.26,3307.39,-99999.0,Low,Commercial,Low,0,0,0,0.0,70.0
23.204853,72.334134,south_indian,240.58,3243.3,19696.99,8383.59,23003.7,20651.01,24494.42,22680.52,20998.97,9466.8,-99999.0,Low,Commercial,Low,0,0,0,0.0,66.0
23.155111,72.626885,chinese,173.09,836.9,2107.57,715.22,4625.05,2503.41,5787.04,7866.01,2024.28,1429.47,-99999.0,Low,Residential,Low,0,0,0,0.0,67.0
23.285092,72.369402,fine_dining,53.72,53.72,22713.83,12438.81,23509.56,23493.09,24278.97,28863.32,20913.91,6026.82,-99999.0,Low,Commercial,Low,0,0,0,0.0,82.0
23.208434,72.74578,dessert,129.7,129.7,3406.16,3480.94,11744.64,9723.68,17818.51,17223.12,6363.42,6090.22,-99999.0,Low,Commercial,Low,0,0,0,0.0,78.0
22.9529,72.889601,bakery,177.73,1910.19,18418.63,16103.96,26377.61,23409.6,27940.48,27487.25,23106.84,16294.3,-99999.0,Low,Commercial,Low,0,0,0,0.0,66.0
23.025872,72.512175,street_food,44.72,492.77,666.47,68.58,456.16,443.37,2099.66,400.16,2736.02,583.38,153.7,High,Residential,Low,0,1,1,0.6,84.26
23.20203,72.564661,fast_food,265.97,1638.93,3040.12,2697.66,1851.64,1855.46,3043.89,11056.71,2114.26,2348.48,-99999.0,Low,Grass,Low,0,0,0,0.0,47.5
23.2871,72.759866,cafe,151.53,248.57,12192.44,12255.89,16503.14,16433.27,22530.06,25588.48,15184.77,6148.04,-99999.0,Low,Commercial,Low,0,0,0,0.0,74.5
22.923734,72.780208,coffee,214.64,2094.77,11529.12,7898.32,15730.19,14111.68,20103.89,17805.93,13933.47,8023.17,5.01,Low,Commercial,Low,0,0,0,0.0,65.5
23.092203,72.513366,pizza,122.93,1625.27,1556.29,795.44,4692.96,2242.29,2452.81,5085.93,2899.55,1240.05,-99999.0,Low,Residential,Low,0,0,0,0.0,55.0
23.151162,72.677007,burger,15.38,1621.77,4106.33,509.1,6840.3,1045.81,10787.99,8487.33,3007.84,0.0,-99999.0,Low,Residential,High,0,0,0,0.0,47.0
22.889671,72.390756,sandwich,140.05,1573.89,13704.63,3678.79,14634.37,15942.72,16276.46,16758.09,10821.43,11661.86,8.89,Low,Commercial,Low,0,0,0,0.0,66.0
22.909177,72.430027,gujarati,39.84,56.54,9689.41,688.29,11216.95,12383.42,12618.32,13606.14,6575.63,7367.23,21.19,Low,Commercial,Low,0,0,0,0.0,86.0
22.838492,72.513473,punjabi,365.42,365.42,15836.46,7683.03,18382.77,16832.34,19875.85,18475.21,14201.2,10519.86,-99999.0,Low,Commercial,Low,0,0,0,0.0,74.0
22.944921,72.622486,south_indian,6.89,995.94,756.7,121.3,2195.07,3888.28,11497.97,5831.23,1256.05,1239.05,76.53,Medium,Industrial,Low,0,0,0,0.0,78.0
22.965354,72.718351,chinese,74.49,881.78,5270.74,2563.81,8796.27,6281.19,12359.75,10121.31,6091.23,2304.57,7.26,Low,Residential,Low,0,0,0,0.0,67.0
22.94888,72.465059,fine_dining,21.79,29.61,4297.19,123.63,6625.8,7464.06,7544.91,8628.59,1086.23,1718.38,39.65,Low,Industrial,Low,0,1,2,0.85,75.5
23.221848,72.881583,dessert,345.9,684.58,14642.0,14596.04,25727.49,22935.61,31600.95,28142.05,17231.7,15791.43,-99999.0,Low,Commercial,Low,0,0,0,0.0,70.0
23.136064,72.365231,bakery,206.69,976.1,14352.98,4233.7,14970.92,13814.14,17042.22,14577.32,15718.98,12578.6,-99999.0,Low,Commercial,Low,0,0,0,0.0,70.0
23.272131,72.765701,street_food,40.74,879.33,10638.12,10695.49,16059.16,15981.4,22195.6,24361.28,13705.66,6610.08,-99999.0,Low,Commercial,Low,0,0,0,0.0,70.0
23.251009,72.885642,fast_food,18.66,957.38,16371.2,16342.41,26677.37,24517.7,32835.61,30418.49,19230.71,18956.16,-99999.0,Low,Commercial,Low,0,0,0,0.0,63.0
23.226183,72.383595,cafe,263.45,2145.68,16892.84,5879.17,19689.53,19004.69,20391.96,22723.76,16619.35,3948.6,-99999.0,Low,Commercial,Low,0,0,0,0.0,65.5
23.225718,72.454813,coffee,305.45,713.39,12514.54,5437.44,12846.63,12826.06,13494.22,18073.44,9986.7,348.71,-99999.0,Low,Commercial,Low,0,0,0,0.0,68.5
23.15147,72.790519,pizza,34.86,34.86,5338.17,5135.73,16281.67,12471.34,19462.79,16074.89,6111.98,5613.44,-99999.0,Low,Commercial,Low,0,0,0,0.0,78.0
23.175507,72.702216,burger,156.13,650.3,688.8,1373.3,7581.0,3985.05,13001.62,11893.63,3873.66,2926.63,-99999.0,Low,Grass,Low,0,0,0,0.0,52.5
23.04494,72.644907,sandwich,2.47,392.2,455.94,222.87,437.21,674.12,855.29,2951.31,2583.41,1586.06,110.4,High,Residential,Low,0,0,3,0.75,85.0
22.938984,72.550251,gujarati,6.73,6.73,5002.7,1366.36,7261.96,5123.53,8902.94,7010.48,5485.6,281.51,58.77,Medium,Industrial,Low,0,0,0,0.0,84.0
23.026956,72.677504,punjabi,9.72,121.47,1401.61,201.75,4321.12,1239.01,4737.65,5983.26,3446.95,1192.5,10.13,Low,Industrial,Low,0,0,0,0.0,76.0
23.23246,72.363995,south_indian,479.09,678.21,18857.45,7592.43,21754.09,20747.46,22512.58,24051.01,18743.46,5376.12,-99999.0,Low,Commercial,Low,0,0,0,0.0,70.0
23.057494,72.471371,chinese,73.05,990.15,1418.83,362.77,2898.71,1969.64,4508.83,2706.26,1877.12,346.02,37.92,Low,Residential,Low,0,0,0,0.0,71.0
23.259441,72.524061,fine_dining,53.51,193.56,10590.44,9138.11,9444.19,9445.3,10592.91,18034.44,9212.18,7951.57,-99999.0,Low,Commercial,Low,0,0,0,0.0,78.0
23.266122,72.499828,dessert,11.98,11.98,12591.08,10714.7,11518.82,11514.81,12592.28,19524.51,10566.51,6745.27,-99999.0,Low,Commercial,Low,0,0,0,0.0,82.0
22.811187,72.758998,bakery,183.41,504.91,20793.36,14022.98,21178.67,22446.47,29040.94,24742.03,19625.35,19085.22,-99999.0,Low,Commercial,Low,0,0,0,0.0,70.0
23.161708,72.733941,street_food,110.33,2799.09,2207.27,1878.85,11152.68,6682.3,16047.47,12326.62,1049.67,5130.59,-99999.0,Low,Commercial,Low,0,0,0,0.0,66.0
23.030056,72.695203,fast_food,39.3,596.64,2233.71,591.44,5850.69,2046.14,6267.14,6592.79,4593.52,796.92,93.12,Medium,Industrial,Low,0,0,0,0.0,71.0
22.981947,72.346732,cafe,615.87,615.87,12854.83,5512.6,11413.36,12678.68,13243.37,11899.68,12442.13,11925.71,-99999.0,Low,Commercial,Low,0,0,0,0.0,68.5
23.066524,72.436341,coffee,141.98,4706.84,3976.06,336.19,4450.65,4922.83,6512.42,4230.4,5602.12,2692.62,-99999.0,Low,Residential,Low,1,1,3,1.5,57.5
23.016229,72.432874,pizza,103.95,3455.1,3274.0,1228.5,2396.11,3259.4,3831.73,2381.65,6944.11,3460.1,-99999.0,Low,Residential,Low,0,0,0,0.0,55.0
22.938898,72.790439,burger,115.2,3905.33,10779.82,7362.46,16393.22,14188.99,19815.88,18075.25,13962.35,7520.63,4.93,Low,Commercial,Low,0,0,0,0.0,58.0
22.972122,72.645202,sandwich,33.95,238.7,2176.95,131.88,1681.14,1637.18,8425.99,3431.04,2057.86,515.07,76.79,Medium,Industrial,Low,0,0,0,0.0,86.0
23.081748,72.591496,gujarati,3.54,164.56,157.56,117.93,170.65,337.42,1030.53,2194.37,690.02,768.24,104.55,High,Residential,Low,0,0,0,0.0,89.0
22.974995,72.70588,punjabi,226.78,2480.82,4115.51,1644.23,7639.95,4641.97,10711.2,8565.92,4435.92,1376.69,5.83,Low,Residential,Low,0,0,0,0.0,63.0
22.833236,72.367753,south_indian,14.95,55.49,20180.42,9518.65,21294.86,22584.34,22897.35,23441.82,17134.37,17934.09,89.74,Medium,Commercial,Low,0,0,0,0.0,96.0
23.186267,72.576557,chinese,201.03,1061.26,1097.29,1227.66,364.9,297.45,1104.51,9317.76,1224.93,267.57,-99999.0,Low,Residential,Low,0,0,0,0.0,63.0
22.869634,72.807438,fine_dining,387.13,387.13,18117.2,13605.23,20667.08,20061.42,26356.84,23391.86,19606.04,14564.5,-99999.0,Low,Commercial,Low,0,0,0,0.0,74.0
23.021817,72.310392,dessert,259.91,473.0,15345.4,9242.01,14852.38,15833.0,16402.1,14369.15,17369.24,15036.54,36.09,Low,Commercial,Low,0,0,0,0.0,78.0
23.269855,72.427345,bakery,268.28,1003.28,18135.4,10119.17,17510.75,17496.45,18350.23,23635.46,15214.96,2639.35,-99999.0,Low,Commercial,Low,0,0,0,0.0,66.0
23.140524,72.38651,street_food,25.57,974.62,12257.16,2145.49,14108.55,12110.9,16171.96,13822.36,14357.49,10541.36,-99999.0,Low,Commercial,Low,0,0,0,0.0,70.0
23.121999,72.402207,fast_food,343.28,3112.99,10485.56,3504.57,11523.06,9721.17,13581.35,11262.33,11786.64,8512.19,-99999.0,Low,Commercial,Low,0,0,0,0.0,58.0
23.257708,72.468931,cafe,99.15,497.15,14135.8,9183.62,13221.1,13209.41,14134.99,20098.24,11322.87,3987.57,-99999.0,Low,Commercial,Low,0,0,0,0.0,71.5
23.124202,72.455226,coffee,144.21,5057.41,5055.72,1653.29,9103.44,5542.25,9291.31,10033.98,8719.94,3635.97,-99999.0,Low,Industrial,Low,0,0,0,0.0,55.5
22.988485,72.834204,pizza,254.36,783.2,11810.31,9630.38,20829.4,17006.98,21245.72,20757.49,16940.12,10194.34,-99999.0,Low,Commercial,Low,0,0,0,0.0,63.0
22.889452,72.539878,burger,405.69,405.69,9743.29,1743.66,12184.51,10595.07,14187.57,12518.55,10524.63,4563.38,16.74,Low,Commercial,Low,0,0,0,0.0,72.0
22.956644,72.715676,sandwich,148.11,617.21,6148.95,2656.9,8539.29,6613.64,12916.45,10252.63,6477.24,3257.53,7.25,Low,Residential,Low,0,0,0,0.0,67.0
22.922389,72.690181,gujarati,175.43,225.38,7476.7,686.21,7377.14,8371.67,14920.84,10609.24,6228.85,5877.1,4.71,Low,Commercial,Low,0,0,0,0.0,78.0
23.147775,72.31063,punjabi,91.54,6577.77,19692.94,9376.7,19839.82,19476.92,21868.45,19321.69,21115.47,15363.94,-99999.0,Low,Commercial,Low,0,0,0,0.0,66.0
23.038867,72.386966,south_indian,200.7,1307.36,7481.27,2250.29,7330.17,8055.63,8881.51,6548.08,10521.36,6987.98,-99999.0,Low,Commercial,Low,0,0,0,0.0,66.0
22.918572,72.70439,chinese,2.83,2.83,8977.82,1934.9,8813.44,9296.58,15891.27,11878.44,7732.31,6638.22,6.16,Low,Commercial,Low,0,0,0,0.0,82.0
22.814458,72.713446,fine_dining,574.68,2741.02,17718.58,11813.63,18361.66,20272.72,27009.68,22171.31,16657.33,16895.06,-99999.0,Low,Commercial,Low,0,0,0,0.0,66.0
23.202212,72.88313,dessert,317.73,1647.12,14222.21,14163.02,25742.91,22505.03,30455.54,27099.52,16531.1,13873.44,-99999.0,Low,Commercial,Low,0,0,0,0.0,66.0
23.012711,72.386662,bakery,307.48,307.48,7790.8,1812.06,6970.12,8008.54,8582.75,6808.23,10051.62,7764.4,-99999.0,Low,Commercial,Low,0,0,0,0.0,74.0
22.843998,72.532181,street_food,431.51,1964.21,14552.26,6735.76,16681.15,15637.72,19190.69,17600.59,14437.57,9616.8,-99999.0,Low,Commercial,Low,0,0,0,0.0,66.0
23.160766,72.369408,fast_food,96.5,701.2,14479.62,3424.2,16938.67,14802.02,18971.83,16634.03,17175.5,10716.44,-99999.0,Low,Commercial,Low,0,0,0,0.0,63.0
22.960409,72.820974,cafe,1356.72,4047.65,11686.64,9059.99,19318.09,16354.62,21190.52,20418.15,16061.93,9252.0,1.54,Low,Commercial,Low,0,0,0,0.0,65.5
22.875822,72.758607,coffee,334.74,1774.53,15630.57,8830.08,16090.23,16232.35,22764.11,19151.25,14872.32,12027.74,-99999.0,Low,Commercial,Low,0,0,0,0.0,65.5
23.171516,72.387225,pizza,524.77,1187.46,13188.8,2489.3,16759.8,14131.23,17926.78,16898.64,15349.58,8628.13,-99999.0,Low,Commercial,Low,0,0,0,0.0,58.0
23.286611,72.392855,burger,216.97,589.95,21477.33,11992.56,21492.67,21477.99,22317.36,27328.7,19100.0,4648.72,-99999.0,Low,Commercial,Low,0,0,0,0.0,63.0
23.064644,72.314915,sandwich,105.87,4144.79,15258.14,9795.7,15121.07,15841.72,16784.95,14375.45,17866.2,14479.16,-99999.0,Low,Commercial,Low,0,0,0,0.0,66.0
23.12201,72.565258,gujarati,2.73,1231.56,1445.92,334.81,2287.57,994.89,4042.16,2236.29,1244.67,1361.78,7.24,Low,Residential,Low,0,0,0,0.0,63.0
23.156767,72.674286,punjabi,199.84,2177.12,3805.67,409.28,6198.29,550.89,10371.28,9026.28,2681.29,0.0,-99999.0,Low,Residential,High,0,0,0,0.0,55.0
22.88266,72.548792,south_indian,156.95,224.66,9950.77,2787.54,12329.34,11062.02,15025.66,13245.86,11318.58,5420.81,4.39,Low,Commercial,Low,0,0,0,0.0,78.0
23.139552,72.808778,chinese,71.35,2104.33,7626.32,7421.53,17451.28,14024.66,20311.51,17133.53,8112.37,4795.72,-99999.0,Low,Commercial,Low,0,0,0,0.0,66.0
22.85161,72.36827,fine_dining,171.59,171.59,18463.78,7964.12,19439.33,20750.29,21083.05,21534.8,15494.18,16315.07,26.59,Low,Commercial,Low,0,0,0,0.0,82.0
23.171174,72.651953,dessert,83.5,1526.37,1312.34,168.71,3493.05,2347.98,7874.52,10428.5,1721.72,709.14,-99999.0,Low,Residential,Low,0,0,1,0.25,63.0
22.994335,72.868684,bakery,530.01,899.04,15172.82,13062.73,24054.09,20194.81,24466.35,23671.67,20454.73,11484.05,-99999.0,Low,Commercial,Low,0,0,0,0.0,70.0
22.960962,72.391102,street_food,452.52,1034.94,8904.48,2641.5,8318.4,9718.49,10206.52,9807.44,7624.73,7925.13,4.26,Low,Commercial,Low,0,0,0,0.0,66.0
22.942944,72.358864,fast_food,281.47,1851.03,12707.53,6170.63,12159.05,13555.35,14053.62,13490.33,11067.19,11538.55,-99999.0,Low,Commercial,Low,0,0,0,0.0,58.0
23.07563,72.658005,cafe,81.56,81.56,258.03,227.72,1237.17,761.41,3749.14,277.71,2203.69,0.0,62.8,Medium,Residential,High,0,0,4,1.0,82.5
23.101645,72.761802,coffee,414.28,1497.85,8564.0,1602.26,11674.56,8127.71,14097.74,11197.92,6295.46,432.17,-99999.0,Low,Industrial,Low,0,0,0,0.0,55.5
23.141429,72.801777,pizza,142.56,1525.61,6917.79,6708.5,16860.42,13448.38,19801.6,16568.09,7369.92,4844.12,-99999.0,Low,Commercial,Low,0,0,0,0.0,58.0
23.126035,72.484957,burger,5.35,2231.27,2043.62,1073.16,6050.8,4631.65,6810.56,9126.93,7195.19,1413.63,-99999.0,Low,Industrial,Low,0,0,0,0.0,52.0
23.05852,72.605523,sandwich,76.82,883.73,368.28,280.27,2194.79,1546.98,3453.77,1357.68,1584.0,1233.69,100.47,High,Residential,Low,0,0,4,1.0,82.51
23.168965,72.481414,gujarati,316.74,5849.91,5662.64,2133.55,7839.36,7933.32,9649.56,11718.5,5760.11,792.41,-99999.0,Low,Industrial,Low,0,0,0,0.0,60.0
22.836193,72.830789,punjabi,238.75,808.76,22520.56,17441.46,24672.32,24374.0,30726.87,27583.74,23483.93,18975.11,-99999.0,Low,Commercial,Low,0,0,0,0.0,70.0
23.268242,72.597035,south_indian,347.45,3386.43,8556.03,10159.2,8279.4,8303.34,10419.35,18580.5,9997.22,8493.55,-99999.0,Low,Commercial,Low,0,0,0,0.0,66.0
22.864117,72.599758,chinese,147.66,508.17,9979.26,5145.42,11394.24,12696.69,18393.55,14953.33,9790.95,9686.79,4.88,Low,Commercial,Low,0,0,0,0.0,70.0
23.095086,72.616406,fine_dining,62.06,1195.6,1333.23,549.9,2365.61,2116.34,3376.78,4149.53,3513.31,280.19,-99999.0,Low,Industrial,Low,0,0,2,0.5,60.0
23.279295,72.882392,dessert,867.85,3426.73,17869.87,17857.5,27238.62,25719.59,33445.02,32251.48,20914.46,18548.46,-99999.0,Low,Commercial,Low,0,0,0,0.0,66.0
23.258284,72.38655,bakery,22.87,2601.84,19293.75,9066.3,20664.89,20645.81,21350.88,25544.75,17833.65,2951.91,-99999.0,Low,Commercial,Low,0,0,0,0.0,66.0
23.223191,72.639661,street_food,34.95,1906.42,3390.35,4888.94,3052.55,3046.31,8389.19,14950.28,7489.27,2680.79,-99999.0,Low,Residential,Low,0,0,0,0.0,63.0
22.985398,72.706106,fast_food,286.29,2925.6,3449.84,2276.44,7954.23,4252.12,9888.76,8327.22,3968.38,1519.89,-99999.0,Low,Residential,Low,0,0,0,0.0,55.0
23.176108,72.863583,cafe,612.42,612.42,11961.51,11867.59,23844.74,20051.74,27206.26,23946.48,13838.9,10406.81,-99999.0,Low,Commercial,Low,0,0,0,0.0,68.5
23.179776,72.31968,coffee,132.11,5278.66,19974.15,8910.14,21682.9,20220.7,23751.76,21266.78,22257.68,12272.37,-99999.0,Low,Commercial,Low,0,0,0,0.0,65.5
22.842416,72.462067,pizza,125.33,939.4,15868.22,6822.15,18347.38,18379.67,19339.62,19764.31,12885.46,12494.27,6.12,Low,Commercial,Low,0,0,0,0.0,63.0
22.829117,72.345072,burger,292.46,451.02,21883.09,11409.41,22763.54,24093.49,24442.86,24788.97,18935.99,19759.44,3.16,Low,Commercial,Low,0,0,0,0.0,68.0
23.188859,72.603834,sandwich,25.51,196.87,1048.42,2241.98,1315.88,1228.22,3235.59,10071.97,4015.88,858.84,-99999.0,Low,Residential,Low,0,0,0,0.0,75.0
23.111714,72.600608,gujarati,36.01,302.08,605.31,270.99,3278.21,463.04,3091.0,2714.47,3236.55,1456.2,57.91,Medium,Residential,Low,0,1,3,1.1,74.5
23.009407,72.71705,punjabi,242.4,328.58,638.15,259.64,8812.32,5174.62,9229.99,9434.17,5114.79,1249.16,5.68,Low,Residential,Low,0,0,0,0.0,71.0
22.849565,72.621208,south_indian,274.78,1988.52,11298.01,7329.64,12549.54,14299.7,20779.42,16391.07,10798.78,11495.97,-99999.0,Low,Commercial,Low,0,0,0,0.0,66.0
23.105703,72.470931,chinese,34.84,2870.21,3913.25,412.76,6765.21,2937.05,7040.74,7973.72,6176.84,1243.58,-99999.0,Low,Industrial,Low,0,0,0,0.0,60.0
22.958755,72.606557,fine_dining,38.22,501.41,256.54,139.41,2482.87,2204.17,10147.81,4447.94,2179.25,825.41,94.57,Medium,Residential,Low,0,1,8,2.35,76.5
22.907535,72.778675,dessert,724.68,745.63,13027.08,9345.72,16164.82,15061.57,21263.9,18565.01,14921.67,9450.68,4.31,Low,Commercial,Low,0,0,0,0.0,70.0
23.067467,72.536624,bakery,43.57,1372.82,543.4,18.91,1863.34,1401.02,2222.34,1484.39,580.42,1734.42,145.16,High,Residential,Low,0,1,1,0.6,73.71
23.114461,72.794025,street_food,112.76,3518.57,8513.38,5131.23,15193.1,11664.84,17690.45,14756.6,7731.87,1755.74,-99999.0,Low,Commercial,Low,0,0,0,0.0,66.0
23.136907,72.348347,fast_food,211.85,2549.72,15890.15,5794.1,16193.28,15440.24,18253.03,15742.73,17193.31,14048.83,-99999.0,Low,Commercial,Low,0,0,0,0.0,58.0
23.145364,72.733376,cafe,90.98,2885.94,3836.75,1219.53,10979.43,6726.46,14628.06,10971.18,845.74,3335.24,-99999.0,Low,Commercial,Low,0,0,0,0.0,65.5
23.216305,72.343585,coffee,23.06,1997.98,19489.14,8036.22,22728.83,20793.67,24138.61,23300.44,20274.25,8006.38,-99999.0,Low,Commercial,Low,0,0,0,0.0,65.5
22.851382,72.562,pizza,320.55,1436.67,12444.12,6495.14,14272.94,14277.92,18655.76,16774.91,12911.26,9108.64,-99999.0,Low,Commercial,Low,0,0,0,0.0,58.0
23.027618,72.663123,burger,4.67,373.55,1510.14,111.91,3077.43,1859.7,3477.08,5067.62,3317.23,262.28,138.49,High,Industrial,Low,0,0,0,0.0,76.0
22.958459,72.740182,sandwich,39.23,909.29,6300.67,2642.22,11038.05,8608.75,14477.34,12486.47,8395.98,2685.81,-99999.0,Low,Residential,Low,0,0,0,0.0,67.0
23.165516,72.379277,gujarati,251.31,327.05,13690.01,2668.23,16878.56,14309.31,18305.02,16625.95,16202.71,9661.52,-99999.0,Low,Commercial,Low,0,0,0,0.0,74.0
23.149792,72.71687,punjabi,256.49,1873.98,3900.14,812.88,10065.29,4975.72,13940.14,10198.07,1461.89,3729.53,-99999.0,Low,Grass,Low,0,0,0,0.0,55.5
22.88864,72.862749,south_indian,369.16,6398.72,19935.86,16630.58,24980.21,23359.66,29091.33,27118.56,23157.34,16792.13,-99999.0,Low,Commercial,Low,0,0,0,0.0,66.0
23.061043,72.764133,chinese,285.9,538.98,6866.01,3107.34,12006.22,8728.16,13097.7,11244.77,9607.52,4680.96,1.84,Low,Commercial,Low,0,0,0,0.0,70.0
23.155967,72.406839,fine_dining,62.65,3035.11,10674.6,566.11,14382.11,11487.49,15321.27,14588.14,13533.19,7848.54,-99999.0,Low,Commercial,Low,0,0,0,0.0,66.0
22.870927,72.763052,dessert,287.43,1802.41,16269.33,9506.47,16780.57,16939.16,23467.73,19857.1,15546.75,12660.42,-99999.0,Low,Commercial,Low,0,0,0,0.0,66.0
22.939007,72.824121,bakery,268.47,6352.96,13281.11,10236.24,19810.73,17361.66,22647.22,21332.19,17106.42,10415.61,-99999.0,Low,Commercial,Low,0,0,0,0.0,66.0
23.180287,72.327027,street_food,81.14,4580.76,19280.56,8222.15,21241.88,19613.57,23313.45,20846.37,21505.91,11655.95,-99999.0,Low,Commercial,Low,0,0,0,0.0,66.0
23.197412,72.467749,fast_food,11.16,4114.44,9110.99,2995.91,10854.85,10828.42,11257.34,14872.73,7435.27,101.68,-99999.0,Low,Commercial,Low,0,0,0,0.0,58.0
22.840659,72.723147,cafe,120.06,3479.01,15918.78,9388.74,16369.44,18030.08,24585.37,20028.94,14770.28,14858.07,-99999.0,Low,Commercial,Low,0,0,0,0.0,65.5
23.086793,72.354701,coffee,49.69,850.34,12326.82,5993.78,12225.32,12897.28,14157.52,11604.64,14265.61,11203.58,5.59,Low,Commercial,Low,0,0,0,0.0,68.5
23.028495,72.518872,pizza,55.87,1071.03,312.43,209.69,714.12,860.11,1719.57,1071.27,2622.57,256.52,112.81,High,Residential,Low,0,1,1,0.6,70.37
23.049813,72.638794,burger,18.83,272.59,364.4,185.01,445.87,531.66,276.97,2191.41,1951.98,1058.13,121.09,High,Residential,Low,0,0,1,0.25,84.0
22.98649,72.457967,sandwich,11.67,139.12,1564.31,232.08,2396.19,3367.7,3587.15,4816.31,3129.36,1194.83,56.45,Medium,Residential,Low,1,1,1,1.0,78.5
22.859394,72.642869,gujarati,315.6,1198.51,10378.0,7390.03,11453.43,13539.3,20881.66,15392.89,9646.65,10253.4,-99999.0,Low,Commercial,Low,0,0,0,0.0,66.0
23.156934,72.442475,punjabi,285.35,6683.68,7414.31,1247.12,10874.24,9293.26,12348.07,13798.48,9933.12,4841.56,-99999.0,Low,Industrial,Low,0,0,0,0.0,60.0
23.054236,72.335542,south_indian,305.81,2955.72,12947.5,7512.67,12805.24,13529.04,14420.64,12044.99,15697.52,12250.41,-99999.0,Low,Commercial,Low,0,0,0,0.0,66.0
23.224206,72.45184,chinese,0.21,768.1,12490.35,5243.01,13080.98,13059.87,13707.57,18149.3,10157.5,23.94,-99999.0,Low,Commercial,High,0,0,0,0.0,62.0
23.036447,72.532128,fine_dining,14.87,437.51,43.83,56.26,1113.96,319.79,2138.42,1348.03,2813.0,294.47,140.83,High,Residential,Low,5,70,174,70.0,59.53
22.882041,72.850073,dessert,1561.26,4907.55,19551.24,16125.63,24016.48,22638.97,28533.61,26308.05,22456.68,16277.17,-99999.0,Low,Commercial,Low,0,0,0,0.0,66.0
23.221593,72.630662,bakery,1.21,1263.13,3311.57,4683.38,2769.95,2796.09,7567.77,14411.69,7478.88,2989.13,-99999.0,Low,Residential,Low,0,0,0,0.0,63.0
23.248695,72.739586,street_food,33.88,218.95,7899.1,7977.82,12452.8,12370.54,18634.59,20856.51,10674.77,4878.04,-99999.0,Low,Commercial,Low,0,0,0,0.0,78.0
23.011297,72.496645,fast_food,9.86,558.43,1334.0,258.69,1680.72,700.38,2776.91,1846.15,4163.34,853.39,72.21,Medium,Commercial,Low,0,0,4,1.0,77.72
23.009803,72.727767,cafe,8.84,73.48,672.35,247.25,9780.9,6055.85,10199.42,10487.81,6186.75,246.23,74.2,Medium,Residential,Low,0,0,0,0.0,83.0
22.940204,72.355175,coffee,515.79,2206.12,13174.45,6652.0,12643.88,14040.35,14538.2,13971.79,11491.45,11981.37,-99999.0,Low,Commercial,Low,0,0,0,0.0,65.5
22.988948,72.601184,pizza,0.88,514.69,300.0,93.61,684.78,776.16,7493.08,1472.75,1397.54,552.34,141.14,High,Residential,Low,0,2,9,2.95,71.77
23.242932,72.41402,burger,218.85,2507.45,16244.69,7007.94,17424.29,17404.39,18085.67,22331.64,14547.37,558.91,-99999.0,Low,Commercial,Low,0,0,0,0.0,58.0
23.196082,72.87922,sandwich,87.84,1162.41,13712.57,13649.78,25335.73,21971.25,29745.16,26411.23,15936.4,13087.44,-99999.0,Low,Commercial,Low,0,0,0,0.0,66.0
23.267958,72.349977,gujarati,93.64,338.42,22587.92,11621.03,24539.28,24519.69,25203.61,28236.72,21629.43,6839.94,-99999.0,Low,Commercial,Low,0,0,0,0.0,74.0
23.033245,72.473738,punjabi,1.61,463.09,276.3,125.64,1201.22,383.54,1855.88,481.25,2561.47,532.77,99.7,Medium,Residential,Low,0,1,1,0.6,84.07
23.215526,72.499835,south_indian,121.1,1350.29,8863.45,6231.81,8135.76,8116.82,8861.02,14465.05,5704.6,3341.52,-99999.0,Low,Commercial,Low,0,0,0,0.0,66.0
23.075484,72.314622,chinese,421.18,4777.11,15611.13,9826.0,15482.73,16195.29,17229.2,14764.41,18030.63,14727.58,-99999.0,Low,Commercial,Low,0,0,0,0.0,66.0
22.906322,72.637008,fine_dining,22.4,130.57,5169.03,2182.92,6222.84,8310.46,15674.89,10159.61,4419.69,5078.86,46.79,Low,Commercial,Low,0,0,0,0.0,86.0
22.955876,72.671176,dessert,85.82,758.41,4245.18,1000.3,4015.51,4315.79,10765.88,6536.57,3846.22,2405.43,7.45,Low,Residential,Low,0,0,0,0.0,67.0
23.032685,72.653181,bakery,22.63,1084.32,1019.73,125.33,1964.02,2214.78,2346.59,4336.87,3968.99,1216.15,139.18,High,Industrial,Low,0,0,3,0.75,74.0
23.046813,72.758116,street_food,91.6,462.8,5276.79,1854.79,11850.15,8182.75,12399.87,11010.58,10282.9,3989.56,4.32,Low,Commercial,Low,0,0,0,0.0,74.0
22.903803,72.832257,fast_food,126.25,4511.89,16539.36,13150.72,21480.93,19810.7,25591.09,23569.18,19610.95,13306.92,-99999.0,Low,Commercial,Low,0,0,0,0.0,58.0
23.175031,72.452174,cafe,84.18,5905.36,7912.61,425.92,10739.74,10695.22,12610.45,14533.19,8686.74,2992.63,-99999.0,Low,Industrial,Low,0,0,0,0.0,55.5
22.813061,72.547821,coffee,1129.59,1299.83,16915.2,10229.17,18691.23,18662.86,22687.71,20955.84,17259.56,13060.03,1.31,Low,Commercial,Low,0,0,0,0.0,65.5
22.921839,72.510926,pizza,255.84,1508.28,6628.1,2655.3,9987.2,8351.2,10753.17,9670.34,6205.21,2548.87,6.29,Low,Commercial,Low,0,0,0,0.0,58.0
23.212996,72.818775,burger,10.98,299.75,8343.28,8311.66,19231.09,16557.23,25263.13,22479.61,11211.89,12960.52,-99999.0,Low,Commercial,Low,0,0,0,0.0,73.0
23.266475,72.310848,sandwich,49.58,49.58,25454.43,14081.24,28257.31,27132.38,28859.54,29784.55,25180.45,10688.09,-99999.0,Low,Commercial,Low,0,0,0,0.0,82.0
23.125506,72.802423,gujarati,92.86,3013.62,8117.51,6381.15,16336.73,12844.73,18997.47,15952.54,7924.1,3136.32,-99999.0,Low,Commercial,Low,0,0,0,0.0,66.0
23.159063,72.37029,punjabi,294.45,627.53,14338.86,3296.73,16730.97,14620.35,18797.72,16425.41,16978.78,10802.1,-99999.0,Low,Commercial,Low,0,0,0,0.0,70.0
23.064311,72.448137,south_indian,16.02,3484.05,2905.01,588.23,3749.79,4007.77,5729.53,3735.12,4375.33,1504.04,-99999.0,Low,Residential,Low,0,0,0,0.0,63.0
23.046174,72.344739,chinese,339.75,2418.05,11875.24,6273.62,11727.05,12452.56,13273.72,10950.58,14765.88,11273.45,-99999.0,Low,Commercial,Low,0,0,0,0.0,66.0
23.28854,72.722758,fine_dining,318.29,3836.79,12089.37,12607.82,13798.91,13744.12,19554.94,24406.17,15074.2,2658.21,-99999.0,Low,Commercial,Low,0,0,0,0.0,66.0
22.854653,72.844339,dessert,780.46,2986.89,21547.01,17740.48,24782.38,23989.6,30158.63,27427.93,23739.3,18103.18,-99999.0,Low,Commercial,Low,0,0,0,0.0,66.0
23.240698,72.61146,bakery,206.88,1060.91,5344.41,7034.2,5040.01,5063.63,8032.42,15828.34,7963.52,5681.85,-99999.0,Low,Commercial,Low,0,0,0,0.0,66.0
23.146407,72.526045,street_food,98.14,1278.72,1998.63,354.39,2726.95,2726.99,6037.64,6658.87,2445.95,1399.02,6.48,Low,Residential,Low,0,0,0,0.0,63.0
23.277786,72.359243,fast_food,129.5,1058.07,22744.61,12103.61,24089.91,24071.95,24811.06,28934.05,21341.86,6412.19,-99999.0,Low,Commercial,Low,0,0,0,0.0,58.0
22.855877,72.387438,cafe,179.01,554.2,16982.7,6298.18,18188.54,19455.1,19751.24,20396.54,13918.45,14714.92,2.23,Low,Commercial,Low,0,0,0,0.0,68.5
23.203582,72.353402,coffee,112.22,1270.92,17899.49,6496.24,21232.72,19089.9,22765.34,21584.95,19026.65,7927.54,-99999.0,Low,Commercial,Low,0,0,0,0.0,65.5
23.082554,72.56229,pizza,15.77,1656.77,401.17,251.2,725.94,352.39,393.54,2090.12,663.69,510.36,124.48,High,Residential,Low,0,0,2,0.5,69.0
23.272825,72.447328,burger,222.09,222.09,16907.86,10620.05,15994.85,15983.25,16906.99,22698.31,14022.06,3863.02,-99999.0,Low,Commercial,Low,0,0,0,0.0,73.0
22.935276,72.492705,sandwich,60.66,373.36,5138.11,1193.96,8748.08,7827.72,9322.91,9317.04,3819.19,2229.41,-99999.0,Low,Industrial,Low,0,0,0,0.0,68.0
23.194392,72.716421,gujarati,71.19,415.45,2199.45,3658.21,8669.08,6396.59,14592.36,14401.44,4852.86,4037.45,-99999.0,Low,Commercial,Low,0,0,0,0.0,74.0
23.162969,72.494473,punjabi,149.75,4502.84,4595.65,1877.5,6367.2,6439.91,8409.19,10266.03,4625.28,820.03,-99999.0,Low,Industrial,Low,0,0,0,0.0,60.0
22.940539,72.353319,south_indian,472.36,2398.63,13335.3,6760.37,12776.0,14171.12,14671.79,14078.95,11672.44,12155.93,-99999.0,Low,Commercial,Low,0,0,0,0.0,66.0
22.907302,72.762363,chinese,446.94,469.04,12396.67,7969.91,14638.1,13835.04,20179.0,17191.45,13725.61,8781.52,-99999.0,Low,Commercial,Low,0,0,0,0.0,74.0
23.09066,72.400138,fine_dining,140.18,3679.43,8550.2,2513.12,8823.98,9019.5,10890.01,8406.91,10040.02,6938.14,-99999.0,Low,Commercial,Low,0,0,0,0.0,66.0
22.8889,72.580312,dessert,570.85,570.85,7882.6,2642.2,9750.26,10093.37,15109.74,12563.28,8483.39,6298.69,4.94,Low,Commercial,Low,0,0,0,0.0,70.0
23.005126,72.620836,bakery,38.25,350.31,361.21,85.05,1719.03,1940.84,5017.1,998.95,745.05,1590.47,121.51,High,Residential,Low,0,0,2,0.5,87.36
23.273025,72.430429,street_food,123.83,583.0,18295.03,10519.98,17431.02,17417.56,18293.63,23720.02,15226.39,3091.04,-99999.0,Low,Commercial,Low,0,0,0,0.0,70.0
22.957988,72.463705,fast_food,25.64,691.56,3351.96,965.89,5607.69,6455.6,6551.44,7658.1,187.83,1046.48,6.1,Low,Industrial,Low,0,0,0,0.0,57.0
22.867559,72.401417,cafe,323.71,842.87,15141.8,4416.4,16469.33,17705.9,17980.73,18739.68,12042.13,12827.4,21.56,Low,Commercial,Low,0,0,0,0.0,71.5
23.139306,72.789304,coffee,149.68,989.12,6086.43,5858.36,15591.3,12153.36,18595.6,15317.0,6166.67,4285.29,-99999.0,Low,Commercial,Low,0,0,0,0.0,68.5
23.144501,72.333391,pizza,786.81,4296.91,17609.74,7094.62,17870.66,17178.06,19923.09,17399.03,18936.84,14164.14,-99999.0,Low,Commercial,Low,0,0,0,0.0,58.0
23.211244,72.50012,burger,361.4,1672.59,8615.52,5917.06,7937.94,7917.48,8612.68,14040.96,5339.56,3149.22,-99999.0,Low,Commercial,Low,0,0,0,0.0,58.0
22.853782,72.453967,sandwich,34.37,34.37,14882.04,5477.13,17071.45,17619.74,18139.21,19050.41,11680.62,11792.2,1.86,Low,Commercial,Low,0,0,0,0.0,82.0
22.980757,72.607807,gujarati,49.47,283.71,149.4,92.1,511.57,404.01,8015.94,2013.57,1129.44,546.79,127.38,High,Residential,Low,0,2,3,1.45,81.94
23.135048,72.460897,punjabi,281.23,4891.11,4682.35,1503.59,8544.87,6263.36,9389.25,11199.09,9035.96,3768.61,-99999.0,Low,Industrial,Low,0,0,0,0.0,60.0
23.285525,72.328028,south_indian,77.09,77.09,25552.33,14497.77,27358.05,27339.5,28056.99,30898.69,24532.79,9649.84,-99999.0,Low,Commercial,Low,0,0,0,0.0,82.0
23.004108,72.572277,chinese,2.9,501.42,584.19,498.75,793.22,336.29,4534.57,2116.61,2017.09,18.96,39.7,Low,Residential,High,0,0,0,0.0,63.0
23.169078,72.454915,fine_dining,225.96,6603.53,7241.57,451.46,10185.03,9979.47,12327.35,13939.78,8450.28,3070.42,-99999.0,Low,Industrial,Low,0,0,0,0.0,60.0
23.031781,72.77626,dessert,110.59,1597.2,5940.21,3909.46,13970.11,10083.72,14370.37,13328.95,11658.03,5091.02,-99999.0,Low,Commercial,Low,0,0,0,0.0,66.0
22.877101,72.316935,bakery,198.85,465.23,20137.73,11345.67,20222.7,21620.69,22069.16,21818.04,17714.6,18493.93,4.43,Low,Commercial,Low,0,0,0,0.0,74.0
23.208579,72.879889,street_food,360.91,1543.13,14051.11,13996.58,25437.55,22351.23,30586.1,27185.56,16470.09,14371.34,-99999.0,Low,Commercial,Low,0,0,0,0.0,66.0
22.872743,72.787731,fast_food,93.79,1184.96,16914.61,11620.0,18754.35,18395.28,24792.62,21594.84,17642.65,13312.56,-99999.0,Low,Commercial,Low,0,0,0,0.0,58.0
22.988675,72.675573,cafe,148.31,1096.62,739.02,700.8,5279.84,1190.33,7644.37,5180.06,1062.83,1336.99,-99999.0,Low,Residential,Low,0,0,0,0.0,60.5
23.119449,72.647748,coffee,423.46,438.19,2451.93,445.66,3974.36,2005.94,7364.03,4762.77,3601.64,0.0,-99999.0,Low,Residential,High,0,0,1,0.25,58.5
22.934234,72.781393,pizza,261.18,2987.13,10619.88,7060.8,15572.99,13605.44,19419.26,17413.99,13400.58,7201.38,4.61,Low,Commercial,Low,0,0,0,0.0,58.0
22.820464,72.347394,burger,242.3,487.9,22518.93,11941.9,23490.13,24806.97,25143.39,25556.37,19524.18,20336.74,4.48,Low,Commercial,Low,0,0,0,0.0,68.0
23.243198,72.56719,sandwich,204.69,300.93,7337.9,7253.44,6224.96,6205.78,7450.12,15605.87,6677.85,6504.48,-99999.0,Low,Commercial,Low,0,0,0,0.0,74.0
22.87182,72.834945,gujarati,1159.42,3008.41,19442.13,15886.86,23052.29,22040.4,28137.13,25562.16,21887.9,16022.65,-99999.0,Low,Commercial,Low,0,0,0,0.0,66.0
23.208091,72.502299,punjabi,98.43,1715.24,8262.38,5532.59,7615.15,7593.77,8259.32,13626.65,4935.48,3176.1,-99999.0,Low,Commercial,Low,0,0,0,0.0,66.0
22.830494,72.577377,south_indian,590.63,590.63,14090.79,8943.06,15670.63,16545.32,21240.14,18949.84,14122.56,11794.76,2.49,Low,Commercial,Low,0,0,0,0.0,70.0
22.890635,72.642853,chinese,249.44,1614.91,7003.07,3941.1,8013.13,10094.23,17422.41,11960.19,6203.68,6792.82,-99999.0,Low,Commercial,Low,0,0,0,0.0,66.0
23.204409,72.539099,fine_dining,6.52,162.79,4836.1,2850.56,3971.62,3955.8,4835.34,11747.64,3026.28,2975.56,-99999.0,Low,Commercial,Low,0,0,0,0.0,78.0
22.824152,72.706263,dessert,951.82,4008.01,16418.4,10602.85,17071.4,18993.03,25771.33,20892.24,15361.47,15609.81,-99999.0,Low,Commercial,Low,0,0,0,0.0,66.0
22.892947,72.434535,bakery,297.13,1432.42,11144.35,1394.99,12894.77,14006.18,14203.57,15330.5,7940.74,8661.48,-99999.0,Low,Commercial,Low,0,0,0,0.0,66.0
22.899833,72.472316,street_food,81.75,1162.0,9466.2,2107.18,12109.28,12260.35,12961.93,13727.83,6558.48,6508.9,4.24,Low,Commercial,Low,0,0,0,0.0,66.0
23.234043,72.330097,fast_food,353.72,2427.98,21724.65,10268.74,24847.56,23161.56,25909.83,25685.94,22102.88,8689.53,-99999.0,Low,Commercial,Low,0,0,0,0.0,58.0
23.107205,72.452555,cafe,267.63,4705.03,5588.93,914.53,7877.17,4418.97,8901.12,8195.46,7164.41,3128.54,-99999.0,Low,Industrial,Low,0,0,0,0.0,55.5
22.95165,72.548955,coffee,210.14,406.13,4466.53,433.19,6094.34,4023.14,7508.97,5603.83,4181.24,261.97,5.77,Low,Industrial,Low,0,0,0,0.0,61.5
23.074331,72.345368,pizza,425.0,1633.18,12598.67,6672.37,12478.8,13180.71,14301.49,11791.11,14897.0,11639.72,1.36,Low,Commercial,Low,0,0,0,0.0,58.0
22.944292,72.389597,burger,683.03,1268.37,9798.21,4204.01,9687.03,11083.68,11531.68,11400.86,7937.16,8466.38,1.82,Low,Commercial,Low,0,0,0,0.0,58.0
22.90574,72.823098,sandwich,841.34,3945.84,15749.89,12310.65,20520.36,18894.32,24726.28,22632.07,18700.11,12462.42,-99999.0,Low,Commercial,Low,0,0,0,0.0,66.0
23.062391,72.675838,gujarati,24.89,1325.66,1187.74,397.64,3574.86,614.12,4280.51,2620.92,3883.93,1929.23,5.1,Low,Residential,Low,0,0,1,0.25,63.0
23.195041,72.771011,punjabi,31.36,797.16,3136.69,3123.39,14256.68,11277.67,20151.99,17606.9,6239.91,8998.3,-99999.0,Low,Commercial,Low,0,0,0,0.0,70.0
23.284914,72.763511,south_indian,12.78,172.96,11999.27,12059.98,16657.8,16585.96,22714.96,25527.59,15025.93,6468.03,-99999.0,Low,Commercial,Low,0,0,0,0.0,78.0
22.982374,72.62582,chinese,13.81,19.5,682.57,35.36,796.4,615.55,7342.68,1671.3,977.99,1111.3,121.96,High,Residential,Low,0,0,0,0.0,93.77
23.042646,72.839353,fine_dining,10.04,5220.22,12470.35,10149.96,19976.01,16491.51,20735.23,19197.23,16495.99,5391.04,-99999.0,Low,Commercial,Low,0,0,0,0.0,66.0
23.051149,72.535261,dessert,0.29,940.26,138.98,28.36,930.45,640.67,1846.96,951.37,2390.69,157.48,168.56,High,Residential,Low,0,0,1,0.25,83.47
22.896312,72.494949,bakery,97.0,1189.62,9402.4,2072.6,12946.45,11565.46,13588.9,12920.33,7546.82,5706.37,-99999.0,Low,Commercial,Low,0,0,0,0.0,66.0
22.91513,72.829544,street_food,983.25,5138.23,15446.72,12138.83,20865.6,18957.12,24603.96,22788.32,18740.54,12302.12,-99999.0,Low,Commercial,Low,0,0,0,0.0,66.0
23.183698,72.343983,fast_food,131.49,2845.29,17791.68,6807.14,20497.47,18401.37,22443.47,20159.17,19779.23,10126.32,-99999.0,Low,Commercial,Low,0,0,0,0.0,58.0
23.285935,72.617071,cafe,230.61,1450.75,10359.93,11884.39,10009.8,10045.57,12870.58,20847.84,12586.83,6986.19,-99999.0,Low,Commercial,Low,0,0,0,0.0,65.5
23.178084,72.889771,coffee,172.38,1088.8,14642.01,14551.82,26497.38,22741.81,29633.28,26451.66,16516.83,11915.7,-99999.0,Low,Commercial,Low,0,0,0,0.0,65.5
23.27751,72.368078,pizza,207.61,884.02,22139.32,11704.66,23257.22,23239.71,23993.65,28379.66,20559.36,5624.52,-99999.0,Low,Commercial,Low,0,0,0,0.0,63.0
23.125295,72.464586,burger,214.8,4187.94,4104.77,1064.13,8139.85,5128.73,8498.0,10113.78,8420.13,3045.67,-99999.0,Low,Industrial,Low,0,0,0,0.0,52.0
23.201817,72.84201,sandwich,261.92,857.32,10109.39,10056.87,21532.87,18412.21,27045.95,23552.92,12617.58,12344.9,-99999.0,Low,Commercial,Low,0,0,0,0.0,70.0
22.836836,72.887907,gujarati,15.57,1786.83,25874.01,22408.29,29655.37,28711.23,34755.02,32233.64,28554.07,22554.18,-99999.0,Low,Commercial,Low,0,0,0,0.0,66.0
22.915318,72.800973,punjabi,309.94,3007.3,13495.47,9961.96,18037.01,16406.04,22309.19,20127.29,16218.29,10103.73,-99999.0,Low,Commercial,Low,0,0,0,0.0,66.0
23.192748,72.515787,south_indian,458.4,2393.56,6361.97,3483.32,5907.88,5881.45,6357.66,11463.98,2773.35,2052.34,-99999.0,Low,Industrial,Low,0,0,0,0.0,60.0
23.212827,72.800228,chinese,169.85,1260.74,6713.87,6695.5,17339.53,14806.04,23387.39,21093.78,9739.93,11481.04,-99999.0,Low,Commercial,Low,0,0,0,0.0,66.0
22.894528,72.653661,fine_dining,32.15,1714.07,6988.06,3670.2,7816.17,9855.88,17065.41,11751.43,6028.37,6470.94,5.66,Low,Commercial,Low,0,0,0,0.0,66.0
23.196981,72.714623,dessert,30.54,182.69,2272.48,3888.18,8481.49,6451.48,14452.38,14583.65,5182.89,3718.79,-99999.0,Low,Commercial,Low,0,0,0,0.0,78.0
23.24871,72.32636,bakery,106.21,2364.02,22990.09,11582.54,25981.14,24607.15,26721.25,27299.17,22977.92,8918.04,-99999.0,Low,Commercial,Low,0,0,0,0.0,66.0
23.146269,72.859584,street_food,418.6,1346.51,12065.23,11910.9,22610.68,19132.15,25267.19,22241.32,13204.11,7273.78,-99999.0,Low,Commercial,Low,0,0,0,0.0,66.0
23.080531,72.636603,fast_food,95.71,881.03,650.06,340.54,1371.49,1093.76,3624.43,2002.6,1449.49,1065.08,27.75,Low,Grass,Low,0,0,0,0.0,56.5
22.900352,72.883044,cafe,976.76,6789.66,20684.05,17606.94,26591.37,24603.58,30047.34,28482.39,24371.48,17781.55,-99999.0,Low,Commercial,Low,0,0,0,0.0,65.5
23.233181,72.595491,coffee,14.08,497.22,4862.82,6299.52,4631.84,4655.26,6625.74,14714.59,6373.49,5445.38,-99999.0,Low,Commercial,Low,0,0,0,0.0,71.5
22.958345,72.594453,pizza,22.48,283.09,649.23,153.3,2822.11,2766.44,9258.07,4779.86,3357.77,189.04,91.9,Medium,Industrial,Low,0,0,1,0.25,81.0
22.853324,72.444922,burger,108.45,953.9,15083.83,5556.06,17149.9,18123.64,18298.32,19411.53,11859.85,12330.17,-99999.0,Low,Commercial,Low,0,0,0,0.0,63.0
22.915028,72.61534,sandwich,342.8,1455.14,4147.68,1729.13,5535.53,7023.16,14286.37,9196.68,4006.75,4221.98,-99999.0,Low,Commercial,Low,0,0,0,0.0,66.0
22.810328,72.84238,gujarati,733.07,733.07,25601.9,20030.56,27329.14,27286.12,33695.89,30379.84,26053.43,22044.33,-99999.0,Low,Commercial,Low,0,0,0,0.0,70.0
22.906703,72.385684,punjabi,77.24,1898.33,12641.13,3998.34,13242.62,14593.1,14968.99,15234.69,10002.2,10844.89,4.23,Low,Commercial,Low,0,0,0,0.0,66.0
23.15413,72.842893,south_indian,83.79,1051.3,10182.6,10035.29,21293.01,17823.81,24147.85,20982.59,11476.22,7393.58,-99999.0,Low,Commercial,Low,0,0,0,0.0,66.0
23.215256,72.497682,chinese,113.35,1522.32,9042.2,6384.7,8328.55,8309.22,9039.64,14550.61,5832.13,3132.0,-99999.0,Low,Commercial,Low,0,0,0,0.0,66.0
22.820518,72.650233,fine_dining,424.08,3156.47,14750.31,11382.81,15815.16,17898.06,25021.35,19759.0,14006.38,14584.72,-99999.0,Low,Commercial,Low,0,0,0,0.0,66.0
23.250268,72.759133,dessert,15.16,1534.03,8137.34,8197.12,14327.76,13867.22,20528.35,21909.21,11192.31,6539.64,-99999.0,Low,Commercial,Low,0,0,0,0.0,66.0
23.216311,72.809188,bakery,14.26,280.59,7688.21,7666.88,18294.04,15800.75,24358.45,22015.78,10678.69,12355.52,-99999.0,Low,Commercial,Low,0,0,0,0.0,78.0
23.271068,72.526683,street_food,166.27,601.49,11608.68,10332.6,10431.6,10435.72,11611.8,19216.19,10457.9,9000.95,-99999.0,Low,Commercial,Low,0,0,0,0.0,70.0
23.262123,72.539445,fast_food,73.59,845.74,10180.8,9166.25,8981.74,8988.56,10184.55,17978.79,9157.62,9350.4,-99999.0,Low,Commercial,Low,0,0,0,0.0,63.0
22.858495,72.485024,cafe,864.51,1637.04,13671.34,6050.58,16844.41,15850.21,17605.5,17171.81,11281.2,9674.18,-99999.0,Low,Commercial,Low,0,0,0,0.0,65.5
22.875497,72.401352,coffee,261.72,261.72,14383.47,3705.91,15644.16,16893.19,17178.04,17895.51,11318.74,12118.23,56.68,Medium,Commercial,Low,0,0,0,0.0,80.5
23.265373,72.769269,pizza,38.43,1490.24,9980.75,10033.81,16002.74,15809.82,22174.69,23875.68,13089.38,7050.74,-99999.0,Low,Commercial,Low,0,0,0,0.0,58.0
23.271118,72.686525,burger,46.38,2715.22,9988.57,10949.58,9975.74,9934.61,15489.27,21722.18,13340.91,494.43,-99999.0,Low,Commercial,Low,0,0,0,0.0,58.0
22.893617,72.871871,sandwich,578.11,7483.32,20259.58,17050.96,25697.37,23910.54,29518.09,27726.26,23694.64,17218.77,-99999.0,Low,Commercial,Low,0,0,0,0.0,66.0
23.142909,72.84873,gujarati,396.77,396.77,11129.0,10963.0,21438.32,17960.03,24103.96,21069.35,12121.76,6428.22,-99999.0,Low,Commercial,Low,0,0,0,0.0,74.0
23.187756,72.439478,punjabi,123.99,4136.06,9830.67,1515.46,12573.89,12486.86,13966.54,16402.97,10052.82,3183.63,-99999.0,Low,Industrial,Low,0,0,0,0.0,60.0
23.092696,72.411704,south_indian,439.45,4812.63,7775.05,2517.53,8257.6,7861.46,10329.34,7935.2,9093.34,5959.84,-99999.0,Low,Commercial,Low,0,0,0,0.0,66.0
22.957275,72.709329,chinese,145.79,1271.1,5635.68,2051.75,7884.83,6076.67,12464.77,9640.12,5963.88,2835.11,-99999.0,Low,Residential,Low,0,0,0,0.0,63.0
22.871127,72.732722,fine_dining,96.2,96.2,14239.3,7093.15,14406.4,15294.97,21890.58,17771.68,13012.85,12259.86,-99999.0,Low,Commercial,Low,0,0,0,0.0,82.0
23.265418,72.860245,dessert,413.3,4000.06,15143.02,15132.28,24597.45,22983.72,30798.39,29556.65,18206.21,16313.06,-99999.0,Low,Commercial,Low,0,0,0,0.0,66.0
22.997969,72.886684,bakery,173.7,2029.76,16959.51,14882.17,25762.76,21889.31,26172.47,25240.08,22299.92,12008.45,-99999.0,Low,Commercial,Low,0,0,0,0.0,66.0
23.273288,72.328782,street_food,429.14,1000.65,24556.81,13376.5,26776.34,26531.76,27429.78,29631.82,23830.09,9086.43,-99999.0,Low,Commercial,Low,0,0,0,0.0,66.0
23.099147,72.844202,fast_food,529.44,3734.15,13239.37,10044.16,20020.65,16471.15,21968.51,19460.97,13037.55,2391.85,-99999.0,Low,Commercial,Low,0,0,0,0.0,58.0
23.274415,72.438119,cafe,7.83,393.9,17756.06,10843.22,16863.92,16851.52,17754.95,23378.22,14784.45,3563.09,-99999.0,Low,Commercial,Low,0,0,0,0.0,71.5
23.081464,72.853279,coffee,457.51,4630.67,15252.59,11179.11,20879.44,17365.97,22463.03,20244.36,14816.24,3177.46,-99999.0,Low,Commercial,Low,0,0,0,0.0,65.5
22.877509,72.742299,pizza,109.18,851.73,14610.5,7346.09,14659.32,15151.17,21731.09,17861.36,13368.39,11591.28,-99999.0,Low,Commercial,Low,0,0,0,0.0,63.0
22.924238,72.87978,burger,596.81,4987.45,18918.86,16097.43,25701.24,23286.15,28399.32,27270.08,23023.7,16282.08,-99999.0,Low,Commercial,Low,0,0,0,0.0,58.0
22.890586,72.823486,sandwich,587.84,2934.01,17074.32,13543.91,21131.88,19853.07,25857.41,23469.05,19684.11,13684.17,-99999.0,Low,Commercial,Low,0,0,0,0.0,66.0
22.852588,72.7212,gujarati,604.86,2371.48,14787.96,8109.95,15178.9,16717.44,23281.9,18789.51,13617.58,13660.12,-99999.0,Low,Commercial,Low,0,0,0,0.0,66.0
23.116769,72.824259,punjabi,735.83,3418.22,10417.13,8193.42,18274.64,14735.49,20640.04,17812.88,10361.31,2973.55,-99999.0,Low,Commercial,Low,0,0,0,0.0,66.0
23.024382,72.463823,south_indian,8.74,1319.71,989.66,206.98,1007.53,734.34,1065.55,1035.62,3962.63,1579.69,72.03,Medium,Commercial,Low,0,0,1,0.25,82.27
22.92978,72.349321,chinese,281.0,2580.23,14205.8,7809.38,13824.55,15224.63,15711.42,15223.14,12331.76,12897.46,-99999.0,Low,Commercial,Low,0,0,0,0.0,66.0
22.933196,72.37266,fine_dining,32.56,364.68,11916.38,5591.48,11781.54,13181.29,13638.89,13402.0,9923.86,10520.52,-99999.0,Low,Commercial,Low,0,0,0,0.0,74.0
22.810615,72.533844,dessert,1565.44,1565.44,17771.23,10426.1,19632.86,19185.33,22890.89,21274.34,17846.1,13302.42,2.57,Low,Commercial,Low,0,0,0,0.0,66.0
23.161641,72.872079,bakery,66.56,2337.25,12953.68,12831.71,24381.46,20816.52,27173.67,24056.48,14498.18,9394.87,-99999.0,Low,Commercial,Low,0,0,0,0.0,66.0
23.234585,72.595988,street_food,145.6,342.15,4989.06,6461.96,4752.56,4776.08,6789.4,14875.53,6534.18,5599.44,-99999.0,Low,Commercial,Low,0,0,0,0.0,74.0
22.991782,72.626694,fast_food,23.26,403.77,309.47,144.17,1764.42,584.45,6299.88,633.44,1151.07,236.25,120.77,High,Residential,Low,0,1,2,0.85,82.43
22.858686,72.588104,cafe,2.94,518.53,10792.36,5704.62,12361.01,13450.0,18533.9,15686.98,10830.11,9466.96,18.22,Low,Commercial,Low,0,0,0,0.0,71.5
23.224744,72.687562,coffee,409.34,1330.21,4968.98,6091.44,6504.87,6423.95,12685.94,16676.23,8616.22,0.0,-99999.0,Low,Forest,High,0,0,0,0.0,40.0
23.139837,72.404341,pizza,419.09,2800.03,10444.41,1547.93,13181.83,10540.76,14755.9,12987.94,13028.06,8991.15,-99999.0,Low,Commercial,Low,0,0,0,0.0,58.0
22.845381,72.800542,burger,675.82,1460.13,20218.45,14278.65,21557.01,21540.34,27996.39,24590.48,20315.26,16615.95,-99999.0,Low,Commercial,Low,0,0,0,0.0,58.0
22.951556,72.494856,sandwich,22.89,656.64,3324.31,305.9,6947.1,6269.01,7658.25,7801.51,3094.84,1251.11,-99999.0,Low,Industrial,Low,0,0,0,0.0,64.0
23.266798,72.353036,gujarati,24.5,631.33,22277.07,11345.19,24200.83,24181.23,24865.21,28004.08,21292.43,6502.38,-99999.0,Low,Commercial,Low,0,0,0,0.0,70.0
22.89165,72.527766,punjabi,330.29,983.37,10265.72,1660.8,12696.19,10845.18,13913.27,12418.69,9805.11,4450.62,2.18,Low,Commercial,Low,0,0,0,0.0,70.0
23.161353,72.627287,south_indian,74.0,863.28,1701.04,388.18,3933.32,2589.73,5580.94,8425.46,2200.69,820.02,-99999.0,Low,Residential,Low,0,0,0,0.0,67.0
23.2411,72.364001,chinese,394.25,1089.94,19488.56,8351.05,22233.96,21512.17,22794.17,24943.59,19076.9,5134.26,-99999.0,Low,Commercial,Low,0,0,0,0.0,66.0
23.095135,72.665914,fine_dining,54.18,54.18,740.41,63.87,2106.54,1755.56,6013.27,2250.8,2952.79,1499.06,67.25,Medium,Industrial,Low,1,3,12,4.45,74.81
23.041714,72.327976,dessert,1323.42,2195.2,13535.43,7724.51,13382.34,14107.29,14846.82,12593.03,16509.75,13001.03,3.64,Low,Commercial,Low,0,0,0,0.0,66.0
23.262372,72.405698,bakery,87.92,2024.31,18506.96,9174.74,19059.54,19042.24,19807.32,24462.29,16426.45,1661.11,-99999.0,Low,Commercial,Low,0,0,0,0.0,66.0
23.237082,72.40112,street_food,131.35,2166.11,16531.19,6440.04,18462.15,18440.65,19061.59,22869.08,15414.67,1805.96,-99999.0,Low,Commercial,Low,0,0,0,0.0,66.0
22.858604,72.429219,fast_food,131.65,522.54,14917.65,4756.95,16738.28,17840.44,18026.33,19172.24,11692.21,12359.57,5.12,Low,Commercial,Low,0,0,0,0.0,63.0
22.901192,72.714374,cafe,87.93,87.93,10780.66,3490.87,10779.23,11475.29,18070.59,13999.76,9533.1,8744.79,-99999.0,Low,Commercial,Low,0,0,0,0.0,77.5
23.156578,72.733385,coffee,134.65,2928.03,2713.24,1752.57,11309.99,6604.43,15568.6,11862.07,504.1,4560.3,-99999.0,Low,Commercial,Low,0,0,0,0.0,65.5
22.937327,72.473283,pizza,310.18,310.18,5493.05,604.97,8051.26,8788.57,8811.74,9818.74,2500.95,2787.4,5.5,Low,Industrial,Low,0,0,0,0.0,62.0
22.924023,72.338789,burger,978.16,3247.14,15458.08,8788.73,15067.82,16467.06,16956.99,16429.53,13545.5,14130.71,3.15,Low,Commercial,Low,0,0,0,0.0,58.0
23.08445,72.797116,sandwich,565.45,2287.41,11052.47,5521.03,15122.51,11602.18,16889.76,14505.48,10157.66,1341.26,-99999.0,Low,Commercial,Low,0,0,0,0.0,66.0
22.883723,72.519281,gujarati,439.56,439.56,10933.9,2872.22,13924.11,12021.42,14832.75,13447.17,9978.26,5550.23,-99999.0,Low,Commercial,Low,0,0,0,0.0,74.0
23.015251,72.480839,punjabi,84.18,100.48,1160.2,325.55,533.11,586.53,1101.53,1211.83,4128.73,815.34,5.84,Low,Residential,Low,0,0,4,1.0,76.85
23.12777,72.658125,south_indian,94.26,1352.6,2984.64,622.78,4969.86,2302.98,8741.17,5617.87,2935.32,110.48,-99999.0,Low,Residential,Low,0,0,0,0.0,63.0
22.905844,72.324927,chinese,158.75,3600.78,17675.44,10188.95,17444.53,18845.84,19324.11,18870.27,15556.8,16222.55,3.43,Low,Commercial,Low,0,0,0,0.0,66.0
22.891999,72.479251,fine_dining,179.34,322.18,10112.26,2490.87,13087.55,12663.38,13859.0,14085.49,7523.58,6827.43,-99999.0,Low,Commercial,Low,0,0,0,0.0,74.0
22.849329,72.799386,dessert,314.7,1363.97,19770.14,13937.44,21200.97,21129.54,27575.46,24205.45,19977.83,16168.71,-99999.0,Low,Commercial,Low,0,0,0,0.0,66.0
22.95801,72.540531,bakery,269.62,1398.32,4182.62,946.91,5732.92,3978.42,6640.86,4952.27,3154.01,262.59,5.78,Low,Industrial,Low,0,0,0,0.0,60.0
23.044766,72.693403,street_food,410.41,1211.18,1879.06,959.14,5385.2,1566.26,5775.3,5261.09,5916.53,1504.95,-99999.0,Low,Industrial,Low,0,0,0,0.0,60.0
22.853746,72.625593,fast_food,115.41,1624.98,10830.6,7114.19,12053.04,13880.2,20576.16,15920.65,10287.14,11005.75,-99999.0,Low,Commercial,Low,0,0,0,0.0,58.0
22.898743,72.823586,cafe,163.45,3466.4,16373.46,12889.67,20817.92,19351.27,25264.93,23034.96,19168.6,13036.22,-99999.0,Low,Commercial,Low,0,0,0,0.0,65.5
22.987313,72.56855,coffee,1.09,89.7,1407.7,472.66,1971.79,986.73,5127.47,2703.67,3482.02,502.06,16.63,Low,Industrial,Low,0,0,0,0.0,70.5
22.936382,72.579734,pizza,87.95,929.51,3219.19,187.14,5647.45,4849.86,10286.47,7438.89,5662.7,2051.67,12.91,Low,Industrial,Low,0,0,1,0.25,61.0
22.918596,72.465766,burger,94.17,269.52,7607.72,1609.61,9958.78,10819.75,10891.07,11947.63,4441.13,4921.81,9.31,Low,Commercial,Low,0,0,0,0.0,73.0
22.839587,72.746296,sandwich,334.89,1625.66,17610.1,10685.51,17914.74,19045.32,25640.55,21408.23,16416.32,15811.54,-99999.0,Low,Commercial,Low,0,0,0,0.0,66.0
23.130385,72.35971,gujarati,154.41,1192.04,14533.98,5034.29,14868.4,14091.21,16932.7,14434.86,15823.33,12681.74,-99999.0,Low,Commercial,Low,0,0,0,0.0,66.0
22.97502,72.62404,punjabi,0.62,839.52,212.04,78.43,369.96,1060.59,8176.16,2493.74,802.45,1006.37,132.57,High,Residential,Low,0,0,0,0.0,81.0
23.275939,72.652041,south_indian,16.43,799.59,9334.69,10858.01,9029.08,9025.35,13544.46,20812.91,13288.55,3256.92,-99999.0,Low,Commercial,Low,0,0,0,0.0,70.0
23.075729,72.797662,chinese,113.3,1776.5,10422.37,5957.26,15203.77,11727.21,16739.54,14539.8,10930.12,2179.02,-99999.0,Low,Commercial,Low,0,0,0,0.0,66.0
23.202835,72.552807,fine_dining,151.73,812.57,3726.39,2642.36,2704.99,2695.39,3727.53,11273.79,2539.66,2886.49,-99999.0,Low,Grass,Low,0,0,0,0.0,59.5
23.067047,72.812799,dessert,293.02,3202.58,11072.81,7779.05,16830.86,13399.8,18129.2,16129.35,12666.16,2387.84,-99999.0,Low,Commercial,Low,0,0,0,0.0,66.0
23.037916,72.821359,bakery,793.25,4473.75,10552.84,8329.17,18322.82,14652.82,18914.91,17516.25,15552.67,5559.34,-99999.0,Low,Commercial,Low,0,0,0,0.0,66.0
23.038606,72.355794,street_food,336.91,1673.0,10665.69,4904.53,10511.63,11236.26,11981.35,9720.63,13697.87,10172.78,3.96,Low,Commercial,Low,0,0,0,0.0,66.0
23.243333,72.724297,fast_food,200.27,1193.97,7289.77,7717.93,10792.45,10711.44,16966.69,19706.4,10065.9,3837.55,-99999.0,Low,Commercial,Low,0,0,0,0.0,58.0
23.051009,72.832264,cafe,258.28,5538.01,12063.71,9457.53,19071.64,15731.87,20003.12,18316.33,15322.13,4287.55,-99999.0,Low,Commercial,Low,0,0,0,0.0,65.5
23.194216,72.70297,coffee,501.52,925.36,1445.86,3344.13,7293.01,5407.94,13226.22,13844.81,5417.06,3035.7,-99999.0,Low,Forest,Low,0,0,0,0.0,51.0
23.107731,72.379763,pizza,608.61,1287.82,11355.86,5220.55,11631.59,11379.58,13693.13,11191.1,12763.3,9632.68,-99999.0,Low,Commercial,Low,0,0,0,0.0,58.0
23.173451,72.41027,burger,313.25,3556.97,11185.74,551.35,14585.44,12678.62,16081.38,16352.26,12982.57,6556.95,-99999.0,Low,Commercial,Low,0,0,0,0.0,58.0
23.282497,72.873856,sandwich,14.95,4211.48,17433.95,17426.46,26542.18,25175.27,32750.24,31880.39,20521.6,17687.78,-99999.0,Low,Commercial,Low,0,0,0,0.0,66.0
23.198061,72.383188,gujarati,276.39,570.31,14986.39,3526.99,18198.02,16548.49,19820.86,19788.54,15918.77,6412.81,-99999.0,Low,Commercial,Low,0,0,0,0.0,70.0
23.01322,72.883202,punjabi,261.41,3424.2,16521.74,14554.0,25110.82,21224.18,25514.41,24361.23,21962.13,10412.49,-99999.0,Low,Commercial,Low,0,0,0,0.0,66.0
23.018989,72.888416,south_indian,497.53,4230.67,17069.64,15146.74,25509.54,21669.03,25956.11,24698.46,21907.96,10243.29,-99999.0,Low,Commercial,Low,0,0,0,0.0,66.0
23.111069,72.793783,chinese,280.91,3811.74,8811.61,5008.61,15088.92,11550.67,17514.42,14631.85,7923.66,1383.55,-99999.0,Low,Commercial,Low,0,0,0,0.0,66.0
22.933785,72.838267,fine_dining,668.6,6482.73,14787.21,11791.13,21328.79,18923.76,24185.18,22890.91,18668.71,11971.52,-99999.0,Low,Commercial,Low,0,0,0,0.0,66.0
23.248803,72.348867,dessert,33.6,144.51,21212.79,9975.2,23958.79,23127.87,24535.44,26315.92,20833.63,6613.62,-99999.0,Low,Commercial,Low,0,0,0,0.0,78.0
22.996288,72.540466,bakery,35.49,98.94,764.75,171.24,1632.23,569.5,2538.14,989.33,1791.44,1106.31,94.1,Medium,Residential,Low,0,0,0,0.0,95.38
22.966541,72.470196,street_food,7.89,488.84,2278.84,388.51,4856.16,5536.49,5569.54,6618.08,927.57,172.17,81.07,Medium,Industrial,Low,0,0,0,0.0,82.0
23.029915,72.81661,fast_food,365.83,3563.28,9876.64,7965.0,18105.11,14220.44,18503.38,17292.48,15564.49,6442.37,-99999.0,Low,Commercial,Low,0,0,0,0.0,58.0
23.187544,72.671374,cafe,364.59,2193.4,3024.56,2051.54,4175.36,3402.72,9919.6,12338.29,4225.04,696.81,-99999.0,Low,Forest,Low,0,0,0,0.0,48.0
23.06083,72.553364,coffee,1.81,129.45,201.59,21.5,973.88,1361.53,1683.72,1121.49,792.86,1621.47,155.53,High,Residential,Low,2,6,8,4.9,76.59
23.008932,72.395956,pizza,339.65,1293.98,7025.11,1614.14,5997.44,7092.32,7667.49,6055.82,9039.41,6898.25,-99999.0,Low,Commercial,Low,0,0,0,0.0,58.0
23.092208,72.749859,burger,56.77,56.77,8664.34,1016.28,10322.86,6773.01,12554.12,9783.4,6169.04,1777.23,-99999.0,Low,Industrial,Low,0,0,0,0.0,72.0
23.261032,72.846458,sandwich,186.44,4540.82,13759.19,13752.48,23105.38,21529.21,29306.13,28221.3,16857.24,14948.79,-99999.0,Low,Commercial,Low,0,0,0,0.0,66.0
23.080088,72.368574,gujarati,57.76,682.52,10723.1,4419.35,10622.36,11293.12,12561.68,10006.88,12699.55,9603.2,-99999.0,Low,Commercial,Low,0,0,0,0.0,70.0
22.947325,72.620667,punjabi,18.17,854.98,603.8,131.16,2070.09,3578.38,11260.52,5580.51,1322.05,916.36,39.87,Low,Residential,Low,0,0,0,0.0,71.0
22.975057,72.548316,south_indian,173.82,173.82,2755.79,607.64,3685.59,2431.52,5019.22,3009.85,2315.06,828.12,14.26,Low,Industrial,Low,0,0,0,0.0,76.0
22.993861,72.591639,chinese,0.26,467.21,340.75,136.19,1096.82,1157.26,6793.57,956.68,2087.41,94.9,99.86,Medium,Residential,Low,1,2,2,1.6,80.39
23.102302,72.33173,fine_dining,1014.13,3431.09,15224.8,8811.55,15126.49,15792.14,17069.33,14514.86,17028.27,13988.19,4.07,Low,Commercial,Low,0,0,0,0.0,66.0
22.942199,72.393435,dessert,1139.91,1677.45,9573.69,3874.59,9595.72,10985.98,11419.37,11389.78,7604.17,8172.51,3.24,Low,Commercial,Low,0,0,0,0.0,66.0
23.102155,72.712324,bakery,42.8,99.3,4752.2,582.02,6751.94,3324.25,9776.31,6422.94,2635.67,747.83,28.63,Low,Residential,Low,0,0,0,0.0,83.0
22.828616,72.825953,street_food,3.87,3.87,23019.63,17480.42,24758.31,24651.57,31060.49,27766.29,23515.78,19449.02,-99999.0,Low,Commercial,Low,0,0,0,0.0,82.0
22.969117,72.447796,fast_food,171.87,1918.01,3276.09,501.01,4346.66,5500.8,5763.53,6811.45,2142.5,2066.97,5.4,Low,Residential,Low,0,0,0,0.0,55.0
23.16796,72.844084,cafe,881.32,1233.79,10021.9,9907.09,21970.71,17983.9,25033.26,21758.15,11719.51,8905.29,-99999.0,Low,Commercial,Low,0,0,0,0.0,65.5
23.240575,72.321735,coffee,93.83,2584.21,22840.74,11386.99,25944.9,24277.79,26922.16,26734.73,23134.06,9435.18,-99999.0,Low,Commercial,Low,0,0,0,0.0,65.5
23.202345,72.485772,pizza,447.85,3399.5,9047.6,4616.31,9104.84,9080.29,9608.25,14057.96,5939.47,1386.57,-99999.0,Low,Commercial,Low,0,0,0,0.0,58.0
22.944566,72.595139,burger,11.33,274.25,2051.37,298.38,4282.89,4061.5,10434.88,6212.29,3865.68,1691.19,39.03,Low,Industrial,Low,0,0,0,0.0,71.0
23.144168,72.366966,sandwich,494.3,1003.7,14298.92,3732.24,15567.17,14052.94,17639.91,15206.15,16130.07,11991.36,-99999.0,Low,Commercial,Low,0,0,0,0.0,66.0
23.227072,72.387944,gujarati,9.57,2210.19,16637.2,5766.73,19374.88,18840.43,19990.92,22688.4,16232.33,3547.34,-99999.0,Low,Commercial,Low,0,0,0,0.0,66.0
23.277625,72.567004,punjabi,39.7,3508.31,10555.67,11050.5,10028.76,10006.25,11249.98,19419.67,10490.4,10278.36,-99999.0,Low,Commercial,Low,0,0,0,0.0,66.0
23.206395,72.466264,south_indian,82.51,3122.96,10083.63,3728.02,11151.3,11126.91,11650.06,15695.88,7932.34,95.44,-99999.0,Low,Commercial,Low,0,0,0,0.0,66.0
23.010051,72.684422,chinese,3.64,1534.68,2198.42,598.15,6002.57,2137.16,6401.64,6155.01,2181.01,1426.69,10.1,Low,Industrial,Low,0,0,0,0.0,64.0
22.900209,72.432606,fine_dining,80.22,908.7,10474.06,655.4,12135.94,13270.27,13483.11,14553.8,7299.01,8051.77,4.82,Low,Commercial,Low,0,0,2,0.5,70.0
23.205505,72.739748,dessert,36.88,471.36,3163.56,3250.95,11097.68,9033.72,17149.82,16622.06,5923.2,5594.1,-99999.0,Low,Commercial,Low,0,0,0,0.0,74.0
23.174557,72.81297,bakery,38.2,222.08,6785.94,6685.21,18713.71,14884.02,22838.86,19386.4,8752.03,8674.95,-99999.0,Low,Commercial,Low,0,0,0,0.0,78.0
23.204088,72.608856,street_food,335.69,1402.95,1363.14,3412.39,1139.23,1161.99,4610.52,11835.6,5051.76,1990.08,-99999.0,Low,Residential,Low,0,0,0,0.0,63.0
22.886307,72.490451,fast_food,768.49,986.52,10546.76,3025.25,13965.95,12765.88,14606.71,14120.33,8421.01,6897.48,-99999.0,Low,Commercial,Low,0,0,0,0.0,63.0
23.053262,72.388677,cafe,6.66,2048.91,7629.38,2889.98,7501.08,8213.58,9286.9,6790.43,10248.38,6815.89,-99999.0,Low,Commercial,Low,0,0,0,0.0,65.5
23.218622,72.820013,coffee,200.37,610.34,8760.96,8734.89,19425.24,16916.61,25494.78,22994.0,11692.71,13444.19,-99999.0,Low,Commercial,Low,0,0,0,0.0,68.5
22.823895,72.421803,pizza,18.3,18.3,18818.21,8579.78,20655.88,21760.49,21943.94,23081.21,15588.6,16233.18,-99999.0,Low,Commercial,Low,0,0,0,0.0,78.0
23.209806,72.795446,burger,589.54,1853.43,6120.93,6102.83,16820.42,14221.72,22848.85,20512.12,9154.32,11041.83,-99999.0,Low,Commercial,Low,0,0,0,0.0,58.0
22.929755,72.57474,sandwich,42.6,354.2,4095.51,434.13,6531.7,5545.66,10704.06,8261.89,6415.21,2854.95,50.62,Medium,Industrial,Low,0,1,1,0.6,71.5
23.250655,72.718688,gujarati,317.38,1557.09,7900.29,8671.6,10722.87,10648.43,16833.1,20276.56,10925.92,3047.93,-99999.0,Low,Commercial,Low,0,0,0,0.0,66.0
22.941509,72.787634,punjabi,167.9,3618.74,10373.02,6955.95,16064.92,13804.78,19411.54,17703.54,13575.02,7114.73,4.64,Low,Commercial,Low,0,0,0,0.0,66.0
23.052461,72.678538,south_indian,32.55,524.37,915.48,135.3,3918.56,878.5,4272.42,3588.41,4444.8,1428.62,48.64,Low,Commercial,Low,0,0,2,0.5,78.0
22.869459,72.327727,chinese,822.21,822.21,19812.59,10525.5,20104.59,21492.81,21917.43,21828.58,17242.86,18074.6,-99999.0,Low,Commercial,Low,0,0,0,0.0,70.0
22.988784,72.654545,fine_dining,7.36,1012.86,905.77,483.31,3394.63,1320.7,6778.23,3084.75,1526.91,318.77,82.34,Medium,Residential,Low,0,0,13,3.25,77.0
22.89524,72.814879,dessert,323.75,2536.23,16132.13,12575.83,20119.97,18834.8,24858.38,22446.32,18667.8,12712.67,-99999.0,Low,Commercial,Low,0,0,0,0.0,66.0
23.091703,72.512861,bakery,149.89,1661.05,1559.23,809.44,4713.74,2230.47,2492.56,5073.41,2930.12,1187.75,2.15,Low,Residential,Low,0,0,0,0.0,63.0
22.888487,72.828805,street_food,1080.38,3293.17,17593.58,14082.58,21725.13,20432.94,26418.07,24057.73,20261.62,14225.24,-99999.0,Low,Commercial,Low,0,0,0,0.0,66.0
23.169501,72.709533,fast_food,168.22,182.74,1633.23,812.73,8508.66,4388.4,13772.0,11622.66,2871.63,3390.42,-99999.0,Low,Grass,Low,0,0,0,0.0,62.5
22.946833,72.534208,cafe,907.76,1464.23,5078.04,995.54,7100.24,5188.06,7806.97,6289.63,4153.75,0.0,-99999.0,Low,Industrial,High,0,0,0,0.0,47.5
22.888196,72.64191,coffee,460.01,1804.95,7239.04,4200.43,8269.43,10352.79,17689.53,12214.26,6460.71,7062.26,-99999.0,Low,Commercial,Low,0,0,0,0.0,65.5
23.27316,72.807124,pizza,137.01,914.9,12245.92,12270.73,19850.65,19133.33,26046.29,26681.26,15463.23,10842.96,-99999.0,Low,Commercial,Low,0,0,0,0.0,63.0
23.120742,72.703063,burger,20.61,2151.67,4342.31,340.22,6853.86,3107.48,10529.72,6843.13,519.07,604.36,-99999.0,Low,Residential,Low,0,0,0,0.0,55.0
22.93916,72.547514,sandwich,253.51,253.51,5226.9,1267.99,7461.71,5244.6,8823.81,6986.03,5356.22,14.18,13.35,Low,Industrial,High,0,0,0,0.0,68.0
22.819625,72.762576,gujarati,72.0,79.88,20357.93,13456.77,20682.19,21769.3,28364.57,24178.82,19171.12,18217.44,-99999.0,Low,Commercial,Low,0,0,0,0.0,82.0
23.178435,72.315161,punjabi,191.71,5605.78,20368.09,9304.24,21878.05,20541.07,23944.02,21447.46,22645.94,12728.27,-99999.0,Low,Commercial,Low,0,0,0,0.0,66.0
23.247527,72.685476,south_indian,239.14,239.14,7475.28,8445.41,7875.07,7817.65,13764.77,19122.76,10832.63,127.98,-99999.0,Low,Commercial,Low,0,0,0,0.0,78.0
23.098548,72.314909,chinese,48.11,5088.11,16544.45,10275.56,16435.39,17120.48,18319.91,15783.23,18545.47,15468.05,-99999.0,Low,Commercial,Low,0,0,0,0.0,66.0
22.931147,72.77695,fine_dining,247.8,2420.99,10654.32,7037.68,15200.94,13386.51,19301.89,17141.63,13195.33,7166.92,14.81,Low,Commercial,Low,0,0,0,0.0,70.0
22.956621,72.870874,dessert,714.89,2745.65,16481.27,14139.41,24443.84,21445.12,26008.19,25523.55,21142.19,14329.69,-99999.0,Low,Commercial,Low,0,0,0,0.0,66.0
23.118515,72.555808,bakery,17.15,1761.84,2037.55,10.34,1620.5,1388.42,3758.13,2323.11,1077.64,890.38,40.97,Low,Residential,Low,0,0,1,0.25,71.0
22.990708,72.512251,street_food,47.74,180.76,748.7,49.8,2356.34,2360.0,3475.96,3850.83,1531.59,641.7,120.23,High,Residential,Low,0,0,1,0.25,89.0
22.930959,72.580685,fast_food,109.41,320.88,3755.02,596.77,6159.03,5458.2,10859.58,8014.76,5804.18,2647.84,-99999.0,Low,Industrial,Low,0,0,1,0.25,62.0
23.135054,72.7881,cafe,308.66,1303.29,6341.52,5734.61,15296.64,11895.55,18238.59,14999.54,6179.3,3798.6,-99999.0,Low,Commercial,Low,0,0,0,0.0,65.5
23.000633,72.369341,coffee,61.58,853.1,9902.63,3731.72,8763.08,9927.78,10501.76,8929.82,10893.34,9503.65,8.83,Low,Commercial,Low,0,0,0,0.0,68.5
23.055527,72.694166,pizza,172.15,663.71,2548.19,235.66,5530.05,2220.25,5905.46,4600.97,5873.47,823.72,4.75,Low,Industrial,Low,0,0,0,0.0,57.0
23.214776,72.527053,burger,115.84,279.2,6519.75,4380.47,5619.66,5606.14,6519.12,13217.35,4290.97,4292.09,-99999.0,Low,Commercial,Low,0,0,0,0.0,73.0
23.120724,72.663249,sandwich,32.56,688.82,2112.56,476.19,4343.87,1365.86,8507.47,4892.32,2637.85,639.5,-99999.0,Low,Residential,Low,0,0,0,0.0,67.0
22.953268,72.372701,gujarati,146.98,479.4,10968.73,4368.82,10337.89,11733.36,12233.62,11683.52,9527.7,9912.29,-99999.0,Low,Commercial,Low,0,0,0,0.0,74.0
22.840642,72.883249,punjabi,641.54,2160.2,25242.14,21772.8,29035.58,28075.24,34117.62,31602.24,27917.56,21918.41,-99999.0,Low,Commercial,Low,0,0,0,0.0,66.0
23.117485,72.809665,south_indian,146.03,4166.75,9271.65,6762.76,16829.88,13300.02,19290.11,16389.23,8964.3,2436.75,-99999.0,Low,Commercial,Low,0,0,0,0.0,66.0
22.935351,72.722434,chinese,34.8,34.8,8352.23,4248.82,9683.32,8756.15,15221.6,12052.5,8678.31,5242.68,-99999.0,Low,Residential,Low,0,0,0,0.0,79.0
23.238339,72.483299,fine_dining,30.02,572.48,11657.23,7671.43,10802.12,10787.89,11655.86,17501.53,8727.61,3304.42,-99999.0,Low,Commercial,Low,0,0,0,0.0,70.0
22.881966,72.753975,dessert,1042.91,1911.39,14858.89,8073.45,15305.09,15402.28,21934.34,18335.09,14114.46,11264.5,-99999.0,Low,Commercial,Low,0,0,0,0.0,66.0
23.24185,72.777149,bakery,38.1,2538.87,7756.01,7792.51,15702.7,14538.78,21906.44,22081.08,10957.02,8605.3,-99999.0,Low,Commercial,Low,0,0,0,0.0,66.0
23.195135,72.658019,street_food,19.07,727.43,2012.95,2072.23,2689.96,2585.5,8725.35,13077.5,4447.88,134.3,-99999.0,Low,Residential,Low,0,0,0,0.0,67.0
23.127055,72.704838,fast_food,1.37,2169.45,4867.48,791.19,7432.6,3582.36,11187.11,7474.88,486.87,1290.75,-99999.0,Low,Residential,Low,0,0,0,0.0,55.0
23.156216,72.690132,cafe,238.41,783.23,2975.47,680.0,7464.54,2175.2,11974.44,9444.1,3224.64,1174.15,-99999.0,Low,Grass,Low,0,0,1,0.25,51.0
23.288785,72.460467,coffee,21.62,1888.02,17125.86,12447.07,16112.22,16105.21,17126.17,23516.63,14640.66,6082.26,-99999.0,Low,Commercial,Low,0,0,0,0.0,65.5
23.010912,72.535199,pizza,6.91,374.82,421.85,124.98,606.75,878.79,854.79,1536.74,1567.0,567.66,121.05,High,Residential,Low,0,0,3,0.75,81.18
22.826953,72.72068,burger,797.57,3115.88,16968.92,10702.97,17509.1,19351.09,25923.67,21242.27,15857.56,16014.45,-99999.0,Low,Commercial,Low,0,0,0,0.0,58.0
23.08458,72.420151,sandwich,224.35,5794.25,6529.49,1439.16,7026.55,6940.87,9096.21,6731.33,7902.42,4788.02,-99999.0,Low,Commercial,Low,0,0,0,0.0,66.0
23.158744,72.438971,gujarati,328.76,6341.37,7825.34,1265.54,11276.5,9648.88,12754.03,14057.83,10241.34,5055.73,-99999.0,Low,Industrial,Low,0,0,0,0.0,60.0
23.066625,72.76524,punjabi,132.53,794.22,7424.47,3603.64,12004.65,8648.69,13292.98,11276.31,9242.8,4055.85,5.07,Low,Industrial,Low,0,0,0,0.0,64.0
23.245133,72.699684,south_indian,3.26,10.8,7057.53,8496.96,8786.38,8717.1,14842.75,19149.49,10729.0,1435.87,-99999.0,Low,Commercial,Low,0,0,0,0.0,82.0
23.053511,72.800343,chinese,250.74,2335.42,9204.45,6246.31,15810.33,12512.38,16739.59,15043.61,12808.47,4199.24,-99999.0,Low,Commercial,Low,0,0,0,0.0,66.0
23.213507,72.818367,fine_dining,41.27,252.86,8333.18,8302.38,19194.91,16539.86,25231.02,22486.56,11212.29,13006.72,-99999.0,Low,Commercial,Low,0,0,0,0.0,78.0
22.896945,72.36661,dessert,58.36,652.67,14805.95,5943.91,15238.58,16610.95,17012.06,17107.73,12227.86,13053.7,26.03,Low,Commercial,Low,0,0,0,0.0,74.0
22.871413,72.460018,bakery,20.32,213.02,12853.56,3633.35,15128.91,15610.8,16142.94,17056.39,9684.03,9803.38,37.0,Low,Commercial,Low,0,0,0,0.0,82.0
23.198005,72.752493,street_food,176.89,917.17,2323.69,2376.17,12360.21,9695.34,18306.56,16658.62,5488.88,7106.51,-99999.0,Low,Commercial,Low,0,0,0,0.0,70.0
22.897873,72.704233,fast_food,468.96,1091.37,10116.17,2934.31,10244.32,11407.95,17978.73,13644.88,8879.85,8717.79,-99999.0,Low,Commercial,Low,0,0,0,0.0,58.0
22.971104,72.361794,cafe,823.38,888.91,11564.77,4185.36,10337.75,11676.65,12221.53,11206.81,10716.03,10652.34,-99999.0,Low,Commercial,Low,0,0,0,0.0,68.5
22.980536,72.741642,coffee,196.14,698.59,4099.95,623.09,11358.55,7927.77,13050.82,12011.2,7627.65,816.27,4.04,Low,Residential,Low,0,0,0,0.0,63.5
22.957401,72.767092,pizza,133.04,2363.48,7680.66,4210.15,13800.97,11170.26,16668.75,15140.22,10921.3,4369.23,4.79,Low,Commercial,Low,0,0,0,0.0,58.0
22.969032,72.461124,burger,319.01,1319.87,2341.71,1305.3,4357.23,5243.81,5375.37,6525.85,1191.82,700.87,5.41,Low,Residential,Low,0,0,0,0.0,55.0
22.951145,72.803704,sandwich,52.34,5075.77,10805.35,7759.77,17589.89,14935.34,20158.42,18938.95,14670.03,7941.32,7.76,Low,Commercial,Low,0,0,0,0.0,66.0
23.035858,72.812508,gujarati,892.08,4231.94,9617.47,7447.82,17520.31,13754.8,18024.63,16699.86,15086.76,5812.87,4.44,Low,Commercial,Low,0,0,0,0.0,66.0
23.090116,72.857695,punjabi,317.34,3576.01,14939.65,11485.97,21342.11,17806.83,23084.08,20740.68,14726.3,3511.31,-99999.0,Low,Commercial,Low,0,0,0,0.0,66.0
22.844184,72.825867,south_indian,139.63,769.4,21501.35,16557.23,23758.34,23387.39,29725.35,26627.48,22597.79,17956.48,-99999.0,Low,Commercial,Low,0,0,0,0.0,70.0
23.050229,72.813149,chinese,653.67,3686.56,10216.27,7498.39,17170.39,13836.86,18042.61,16400.08,14001.33,4222.63,-99999.0,Low,Commercial,Low,0,0,0,0.0,66.0
22.993201,72.483046,fine_dining,136.34,644.61,766.42,481.69,2739.68,2790.5,2927.45,3655.1,4159.6,1103.17,4.68,Low,Industrial,Low,0,0,3,0.75,64.0
22.83595,72.805459,dessert,1106.58,1369.58,21377.76,15295.04,22594.92,22667.38,29136.33,25677.5,21319.82,17775.81,-99999.0,Low,Commercial,Low,0,0,0,0.0,66.0
22.875935,72.426172,bakery,14.57,1529.38,13212.07,2816.58,14901.79,16039.47,16249.62,17307.31,10011.61,10730.8,26.64,Low,Commercial,Low,0,0,0,0.0,70.0
23.006412,72.640254,street_food,0.38,253.45,263.19,67.16,3609.93,1866.51,4597.88,1769.44,2453.88,1855.11,127.25,High,Residential,Low,0,0,0,0.0,89.54
23.245178,72.575391,fast_food,138.77,895.64,7009.63,7560.08,6418.18,6387.43,7623.29,15830.72,6973.26,6618.68,-99999.0,Low,Commercial,Low,0,0,0,0.0,63.0
22.961864,72.725088,cafe,106.76,106.76,5651.98,2480.69,9481.32,7072.72,13113.3,10904.85,6880.42,2324.76,38.27,Low,Residential,Low,0,0,0,0.0,72.5
23.183892,72.592797,coffee,210.15,286.24,1932.36,1178.47,2045.2,1967.22,1978.52,9276.31,2833.78,417.89,-99999.0,Low,Industrial,Low,0,0,0,0.0,64.5
23.112896,72.412558,pizza,92.89,4491.25,9381.9,2561.36,10129.43,8342.6,12177.41,9904.97,10324.23,7223.74,-99999.0,Low,Commercial,Low,0,0,0,0.0,58.0
23.11456,72.312734,burger,736.04,5595.72,17592.8,10113.08,17495.91,18158.61,19442.79,16887.87,19323.75,16257.1,-99999.0,Low,Commercial,Low,0,0,0,0.0,58.0
22.941293,72.751492,sandwich,7.08,7.08,8477.41,4784.78,12411.75,10581.41,16634.99,14300.53,10405.45,4866.19,6.2,Low,Residential,Low,0,0,0,0.0,79.0
22.890931,72.753401,gujarati,149.3,2386.02,13878.15,7578.18,14699.41,14573.46,21075.91,17612.39,13587.97,10279.17,-99999.0,Low,Commercial,Low,0,0,0,0.0,66.0
23.044997,72.75287,punjabi,18.83,929.24,4762.74,1292.27,11420.64,7634.12,11865.79,10565.76,10061.7,3418.38,-99999.0,Low,Commercial,Low,0,0,0,0.0,70.0
22.85226,72.666398,south_indian,173.11,2661.88,11807.6,7534.73,12677.53,14714.1,21870.19,16611.49,10886.75,11321.14,-99999.0,Low,Commercial,Low,0,0,0,0.0,66.0
23.114074,72.543968,chinese,14.24,760.79,1772.12,261.87,1565.56,1193.08,3032.62,2990.91,1940.8,344.48,33.85,Low,Residential,Low,0,0,0,0.0,71.0
23.273357,72.532324,fine_dining,28.86,879.67,11606.95,10484.64,10412.77,10418.95,11610.54,19338.58,10564.74,9596.05,-99999.0,Low,Commercial,Low,0,0,0,0.0,70.0
22.828108,72.42566,dessert,213.92,213.92,18260.68,8110.25,20133.56,21225.34,21401.44,22554.58,15029.83,15664.83,2.09,Low,Commercial,Low,0,0,0,0.0,78.0
22.989089,72.318165,bakery,981.37,2572.34,15278.54,8466.76,14130.19,15323.95,15896.95,14299.17,15473.94,14767.58,-99999.0,Low,Commercial,Low,0,0,0,0.0,66.0
22.964662,72.793273,street_food,642.05,3576.18,9042.57,6201.93,16477.2,13482.82,18469.34,17540.47,13194.71,6391.98,4.32,Low,Commercial,Low,0,0,0,0.0,66.0
22.901477,72.702514,fast_food,795.62,932.33,9741.32,2520.05,9840.81,10972.39,17542.39,13218.57,8501.07,8315.85,3.76,Low,Commercial,Low,0,0,0,0.0,63.0
23.11081,72.454317,cafe,6.75,4664.35,5305.78,673.93,8098.17,4520.81,8834.29,8567.83,7422.09,3031.29,-99999.0,Low,Industrial,Low,0,0,0,0.0,55.5
23.142892,72.509723,coffee,189.47,1788.19,2315.03,883.14,3867.06,4020.23,6730.55,7658.11,4135.7,602.2,-99999.0,Low,Residential,Low,0,0,0,0.0,60.5
22.871887,72.532459,pizza,283.37,1500.53,11799.07,3651.6,14242.35,12683.4,16101.51,14523.12,11826.19,6534.16,-99999.0,Low,Commercial,Low,0,0,0,0.0,58.0
23.092562,72.406872,burger,786.97,4328.01,8136.99,2522.86,8540.44,8351.86,10613.07,8180.34,9519.02,6394.5,-99999.0,Low,Commercial,Low,0,0,0,0.0,58.0
23.205445,72.482957,sandwich,49.43,3366.25,9446.84,4726.11,9455.4,9431.59,9989.02,14506.11,6357.59,1293.07,-99999.0,Low,Commercial,Low,0,0,0,0.0,66.0
22.949597,72.732143,gujarati,85.99,329.06,7078.13,3603.94,10302.66,8427.61,14603.45,12113.09,8268.12,3568.84,4.54,Low,Residential,Low,0,0,0,0.0,71.0
23.096258,72.505944,punjabi,41.3,849.99,2232.51,995.33,5096.75,2276.96,3302.98,5912.23,3771.4,1863.18,4.35,Low,Residential,Low,0,0,0,0.0,67.0
23.236228,72.887374,south_indian,138.42,138.42,15786.09,15747.93,26532.1,24033.77,32637.32,29552.04,18507.03,17490.16,-99999.0,Low,Commercial,Low,0,0,0,0.0,78.0
22.974512,72.832803,chinese,1204.03,2336.3,12122.31,9875.54,20573.32,17267.28,21642.11,21365.24,16947.57,10131.18,3.68,Low,Commercial,Low,0,0,0,0.0,66.0
22.98244,72.419287,fine_dining,275.09,275.09,5554.35,732.69,4574.17,5973.75,6465.71,6201.93,5411.75,4646.29,6.69,Low,Commercial,Low,0,0,0,0.0,78.0
23.26508,72.842559,dessert,509.37,4162.79,13777.0,13774.8,22870.56,21440.33,29076.33,28274.92,16906.77,14510.43,-99999.0,Low,Commercial,Low,0,0,0,0.0,66.0
23.003628,72.442483,bakery,54.11,1916.24,3134.51,565.65,1311.3,2669.57,3198.8,3086.32,5474.39,2134.55,5.43,Low,Residential,Low,0,0,0,0.0,63.0
23.159041,72.386099,street_food,37.66,966.56,12792.42,1728.92,15916.46,13315.32,17353.03,15678.25,15582.47,9481.9,-99999.0,Low,Commercial,Low,0,0,0,0.0,70.0
23.162357,72.652022,fast_food,27.92,1632.07,2009.86,405.29,4323.2,1832.05,8012.58,9452.22,805.66,1193.06,-99999.0,Low,Residential,Low,0,0,0,0.0,55.0
22.891113,72.522623,cafe,29.55,486.56,10196.42,2018.28,13070.63,11137.31,13992.88,12574.57,9515.68,4663.28,4.41,Low,Commercial,Low,0,0,0,0.0,71.5
23.122259,72.331671,coffee,468.27,3842.18,16335.69,7994.15,16383.31,16551.36,18392.48,15838.28,17881.44,14770.79,-99999.0,Low,Commercial,Low,0,0,0,0.0,65.5
23.230741,72.458358,pizza,229.53,306.77,12887.04,6039.9,12704.77,12685.64,13403.64,18267.63,10002.84,1007.83,-99999.0,Low,Commercial,Low,0,0,0,0.0,68.0
23.066672,72.33818,burger,453.26,2395.23,13014.54,7401.57,12884.44,13598.83,14624.08,12161.89,15511.63,12163.19,2.79,Low,Commercial,Low,0,0,0,0.0,58.0
23.287447,72.693943,sandwich,22.33,4449.35,11762.11,12903.03,11905.06,11867.04,17292.38,23627.13,15294.47,1414.91,-99999.0,Low,Commercial,Low,0,0,0,0.0,66.0
23.123712,72.32145,gujarati,18.54,4901.67,17317.9,8887.6,17317.96,17605.79,19311.61,16754.32,18896.9,15793.69,-99999.0,Low,Commercial,Low,0,0,0,0.0,66.0
23.14108,72.55173,punjabi,74.45,653.68,1212.77,114.08,1633.44,569.48,4593.75,4691.01,674.63,299.01,-99999.0,Low,Residential,Low,0,0,1,0.25,67.0
22.992522,72.627424,south_indian,15.67,336.91,202.35,164.33,1867.16,526.21,6206.63,567.13,1258.06,158.8,118.75,High,Residential,Low,0,0,0,0.0,88.37
23.03771,72.398814,chinese,389.2,2392.87,6259.66,1652.19,6108.5,6833.97,7681.03,5327.37,9339.94,5801.23,-99999.0,Low,Commercial,Low,0,0,0,0.0,66.0
23.143692,72.675581,fine_dining,324.16,1334.88,4742.48,776.92,7169.71,1616.14,10893.59,7650.34,3116.18,0.0,-99999.0,Low,Grass,High,0,0,0,0.0,47.5
22.954536,72.693765,dessert,78.35,261.22,4950.2,1393.93,6327.73,5275.08,11852.21,8424.64,5263.1,2541.99,11.91,Low,Residential,Low,0,0,0,0.0,79.0
23.127992,72.466587,bakery,198.93,4071.82,3935.4,825.81,7928.37,5307.53,8474.27,10415.57,8617.2,3168.67,-99999.0,Low,Industrial,Low,0,0,0,0.0,60.0
23.100704,72.389555,street_food,23.46,2417.88,10085.65,4009.95,10377.26,10238.78,12442.27,9952.18,11509.62,8385.3,-99999.0,Low,Commercial,Low,0,0,0,0.0,66.0
23.208713,72.37085,fast_food,490.39,500.41,16695.8,5245.07,19850.44,18267.44,21242.03,21348.26,17368.2,6220.56,-99999.0,Low,Commercial,Low,0,0,0,0.0,63.0
23.155008,72.378286,cafe,28.8,115.2,13427.63,2426.9,15917.93,13691.0,17877.86,15634.9,16081.05,10398.1,-99999.0,Low,Commercial,Low,0,0,0,0.0,74.5
22.864726,72.371633,coffee,536.44,915.19,17091.61,6758.75,17991.44,19312.0,19654.45,20063.57,14175.08,15007.18,-99999.0,Low,Commercial,Low,0,0,0,0.0,68.5
22.90535,72.425855,pizza,5.48,11.91,10264.19,475.5,11730.24,12915.65,13161.68,14094.86,7166.56,7962.95,47.75,Low,Commercial,Low,0,0,0,0.0,86.0
22.936237,72.613425,burger,17.82,279.3,1901.06,469.07,3502.05,4665.84,12370.43,6903.24,2488.84,1870.26,12.59,Low,Industrial,Low,0,0,1,0.25,71.0
22.906803,72.717993,sandwich,88.56,598.54,10790.94,3550.11,10701.26,11092.83,17684.87,13783.73,9552.02,8256.84,-99999.0,Low,Commercial,Low,0,0,0,0.0,70.0
22.951769,72.332855,gujarati,511.9,1573.5,14919.9,7759.36,13934.09,15292.03,15828.2,14868.23,13618.95,13980.41,-99999.0,Low,Commercial,Low,0,0,0,0.0,66.0
23.04825,72.430463,punjabi,272.1,5056.02,3464.05,611.68,3367.8,4033.58,5363.06,2816.72,5975.93,2496.27,-99999.0,Low,Grass,Low,0,0,0,0.0,55.5
23.2579,72.50175,south_indian,32.63,506.24,11758.39,9814.95,10709.16,10703.74,11759.27,18606.02,9646.94,6179.3,-99999.0,Low,Commercial,Low,0,0,0,0.0,70.0
22.811314,72.699547,chinese,732.5,3398.94,17338.32,11896.68,18084.96,20056.99,26969.75,21959.91,16336.08,16655.63,-99999.0,Low,Commercial,Low,0,0,0,0.0,66.0
23.245302,72.794435,fine_dining,50.41,730.15,8936.91,8956.96,17502.9,16158.03,23703.88,23426.84,12151.82,10100.05,-99999.0,Low,Commercial,Low,0,0,0,0.0,70.0
23.131131,72.396504,dessert,375.28,2197.53,11110.8,2553.82,12691.52,10703.83,14749.68,12428.08,12898.68,9359.56,-99999.0,Low,Commercial,Low,0,0,0,0.0,66.0
22.85324,72.606789,bakery,495.34,895.87,11035.78,6467.01,12375.53,13857.71,19784.91,16097.47,10700.4,11079.71,-99999.0,Low,Commercial,Low,0,0,0,0.0,70.0
23.157311,72.368748,street_food,471.77,813.87,14437.5,3423.68,16653.97,14642.81,18722.67,16337.65,16957.71,11052.34,-99999.0,Low,Commercial,Low,0,0,0,0.0,70.0
22.932828,72.444073,fast_food,65.16,538.73,6700.28,418.54,8381.28,9480.57,9683.95,10845.75,3603.02,4418.79,48.79,Low,Commercial,Low,0,0,0,0.0,71.0
23.28456,72.481693,cafe,133.75,2129.0,15344.74,12391.89,14278.19,14273.99,15345.81,22130.22,13178.45,7102.6,-99999.0,Low,Commercial,Low,0,0,0,0.0,65.5
23.032853,72.367889,coffee,545.38,748.5,9403.58,3522.12,9244.7,9966.09,10644.76,8443.32,12556.51,9017.7,-99999.0,Low,Commercial,Low,0,0,0,0.0,68.5
22.893857,72.332878,pizza,923.79,2718.42,17718.18,9423.18,17751.05,19149.7,19601.02,19345.89,15378.13,16123.25,-99999.0,Low,Commercial,Low,0,0,0,0.0,58.0
22.949472,72.774926,burger,188.7,2508.08,8866.36,5393.13,14663.66,12252.03,17840.33,16177.57,12016.27,5548.66,5.46,Low,Commercial,Low,0,0,0,0.0,58.0
22.960099,72.738353,sandwich,8.3,995.67,6073.08,2435.92,10844.82,8358.56,14216.21,12247.99,8142.98,2463.71,6.42,Low,Residential,Low,0,0,0,0.0,67.0
22.855599,72.749758,gujarati,47.78,303.08,16681.54,9544.42,16859.33,17634.37,24224.32,20206.4,15458.57,14083.86,-99999.0,Low,Commercial,Low,0,0,0,0.0,74.0
22.832027,72.804159,punjabi,963.49,963.49,21724.67,15451.74,22763.65,22923.06,29409.75,25887.96,21463.91,18118.91,-99999.0,Low,Commercial,Low,0,0,0,0.0,70.0
23.12841,72.408897,south_indian,8.82,3493.85,9821.53,2883.96,11836.94,9453.28,13864.5,11638.74,11781.11,8061.66,-99999.0,Low,Commercial,Low,0,0,0,0.0,66.0
22.981613,72.563874,chinese,44.2,44.2,2188.13,619.31,2561.58,1030.09,5229.7,2823.28,3699.1,975.42,9.35,Low,Industrial,Low,0,0,0,0.0,76.0
23.108467,72.819516,fine_dining,2.7,4448.32,10691.39,7561.5,17632.55,14082.29,19860.15,17132.86,10317.96,1996.72,-99999.0,Low,Commercial,Low,0,0,0,0.0,66.0
22.854617,72.782679,dessert,1133.76,2360.41,18593.87,12188.56,19478.76,19593.67,26093.64,22559.85,18221.72,14978.7,-99999.0,Low,Commercial,Low,0,0,0,0.0,66.0
22.897777,72.542451,bakery,164.85,227.4,8829.12,1033.75,11266.58,9637.31,13289.58,11583.07,9652.25,3662.99,4.77,Low,Commercial,Low,0,0,0,0.0,78.0
23.271909,72.467663,street_food,104.79,837.79,15279.62,10697.49,14303.9,14294.95,15279.49,21523.79,12672.61,5104.66,-99999.0,Low,Commercial,Low,0,0,0,0.0,70.0
22.995143,72.80339,fast_food,203.17,203.17,8565.39,6393.6,17597.95,13782.28,18014.89,17645.12,13758.4,7100.29,6.42,Low,Commercial,Low,0,0,0,0.0,73.0
23.193952,72.686331,cafe,373.93,2598.48,1982.42,2681.21,5592.06,4474.35,11539.19,13317.21,5740.42,1473.73,-99999.0,Low,Forest,Low,0,0,0,0.0,48.0
23.192517,72.375573,coffee,38.22,523.61,15320.18,3928.0,18664.32,16616.26,20200.57,19506.25,16616.98,7337.71,-99999.0,Low,Commercial,Low,0,0,0,0.0,68.5
23.144162,72.344015,pizza,572.73,3323.49,16621.97,6025.61,17081.57,16164.69,19144.14,16639.93,18010.21,13595.07,-99999.0,Low,Commercial,Low,0,0,0,0.0,58.0
23.262384,72.402449,burger,63.2,1998.82,18692.22,9203.01,19359.99,19342.47,20100.28,24693.76,16700.52,1851.26,-99999.0,Low,Commercial,Low,0,0,0,0.0,58.0
23.009693,72.652635,sandwich,12.87,1413.5,413.03,156.2,4229.16,1179.72,4511.49,3052.42,1890.07,1050.16,99.36,Medium,Residential,Low,0,0,1,0.25,77.0
23.195087,72.703468,gujarati,408.87,891.41,1550.88,3452.13,7341.1,5514.61,13291.32,13953.04,5472.94,3006.38,-99999.0,Low,Forest,Low,0,0,0,0.0,59.5
22.897005,72.530255,punjabi,224.43,992.72,9659.63,1020.84,12071.17,10199.89,13317.41,11792.5,9540.17,3814.45,-99999.0,Low,Commercial,Low,0,0,0,0.0,70.0
22.982127,72.326713,south_indian,462.7,1517.85,14723.34,7565.54,13406.53,14645.5,15214.29,13754.34,14461.3,13960.52,-99999.0,Low,Commercial,Low,0,0,0,0.0,66.0
23.138543,72.796351,chinese,35.73,1472.68,6676.6,6455.97,16225.07,12824.62,19160.66,15928.89,6888.33,4406.76,-99999.0,Low,Commercial,Low,0,0,0,0.0,66.0
23.277253,72.38578,fine_dining,53.74,582.43,21018.38,11117.87,21621.48,21605.01,22392.56,27064.52,19043.4,4215.35,-99999.0,Low,Commercial,Low,0,0,0,0.0,70.0
23.251791,72.375504,dessert,736.18,2566.79,19487.66,8787.27,21465.49,21444.96,22098.48,25679.04,18486.66,3901.17,-99999.0,Low,Commercial,Low,0,0,0,0.0,66.0
23.007416,72.336664,bakery,24.49,687.68,12907.31,6767.64,12077.88,13163.58,13738.43,11921.68,14265.33,12828.45,36.66,Low,Commercial,Low,0,0,0,0.0,74.0
22.935574,72.492258,street_food,46.49,367.0,5113.59,1138.4,8727.1,7826.5,9279.65,9318.68,3763.11,2245.22,-99999.0,Low,Industrial,Low,0,0,0,0.0,68.0
23.148193,72.703199,fast_food,122.06,812.19,3694.65,1207.28,9021.43,3642.83,13016.72,9252.72,1660.67,2542.77,-99999.0,Low,Grass,Low,0,0,0,0.0,52.5
23.178414,72.644456,cafe,2.57,680.79,366.29,180.25,2396.7,1460.31,7089.04,11000.17,2506.77,1209.55,-99999.0,Low,Residential,Low,0,0,2,0.5,63.5
23.081206,72.877179,coffee,43.05,3909.73,17107.42,13595.74,23328.89,19814.58,24877.74,22692.49,16952.61,5578.77,-99999.0,Low,Commercial,Low,0,0,0,0.0,65.5
23.131525,72.506214,pizza,199.69,1019.05,1008.73,487.44,3885.22,4009.62,5793.03,7315.58,5010.31,698.07,-99999.0,Low,Residential,Low,0,0,0,0.0,55.0
23.06109,72.716337,burger,43.07,2729.72,4778.03,870.18,7284.77,4431.39,8248.11,6452.71,6442.5,914.89,-99999.0,Low,Commercial,Low,0,0,0,0.0,58.0
22.855716,72.693794,sandwich,110.44,4082.71,12777.44,6942.77,13375.22,15276.87,22059.31,17175.42,11688.57,11902.02,-99999.0,Low,Commercial,Low,0,0,0,0.0,66.0
22.929317,72.510535,gujarati,282.58,685.59,5803.66,1980.45,9159.97,7579.81,9948.42,8930.3,5656.06,1746.27,6.1,Low,Commercial,Low,0,0,0,0.0,70.0
23.134622,72.533228,punjabi,74.62,140.56,859.16,477.18,1309.54,1470.11,5230.21,5213.09,2354.13,1381.66,7.01,Low,Grass,Low,0,0,1,0.25,67.5
23.212736,72.63384,south_indian,5.17,1718.42,2281.88,3692.08,1798.46,1809.29,7225.06,13648.24,6448.84,2013.35,-99999.0,Low,Residential,Low,0,0,0,0.0,63.0
23.28414,72.341648,chinese,252.31,252.31,24472.62,13592.64,26020.88,26002.8,26736.47,30217.44,23248.06,8331.44,-99999.0,Low,Commercial,Low,0,0,0,0.0,78.0
23.118831,72.401018,fine_dining,404.06,3143.13,10615.13,3856.59,11282.45,9687.61,13345.83,11002.98,11651.83,8536.82,-99999.0,Low,Commercial,Low,0,0,0,0.0,66.0
23.217446,72.804085,dessert,21.41,682.25,7334.59,7318.78,17791.19,15381.54,23868.36,21735.55,10378.48,11825.0,-99999.0,Low,Commercial,Low,0,0,0,0.0,70.0
23.22732,72.353422,bakery,537.45,537.45,19350.2,7936.63,22394.82,20994.33,23411.9,23950.26,19601.19,6589.38,-99999.0,Low,Commercial,Low,0,0,0,0.0,70.0
23.045991,72.449717,street_food,156.18,3107.88,1813.58,388.29,1795.54,2294.33,3857.04,1710.78,4040.62,509.33,5.46,Low,Grass,Low,0,0,0,0.0,56.18
23.27567,72.339203,fast_food,310.0,452.65,23971.3,12944.73,25880.38,25861.22,26559.12,29442.84,23004.4,8167.53,-99999.0,Low,Commercial,Low,0,0,0,0.0,68.0
22.916899,72.683124,cafe,595.52,788.0,7138.11,273.28,7221.96,8779.63,15249.8,10678.44,5892.95,5695.57,5.6,Low,Commercial,Low,0,0,0,0.0,68.5
23.003573,72.4463,coffee,54.4,1821.21,2795.81,633.97,959.13,2348.71,2859.24,3016.01,5309.01,1772.15,-99999.0,Low,Residential,Low,0,0,0,0.0,60.5
23.030365,72.774732,pizza,50.67,1439.48,5738.94,3819.98,13833.72,9946.64,14235.47,13244.56,11458.05,4885.29,-99999.0,Low,Residential,Low,0,0,0,0.0,55.0
23.025087,72.806822,burger,430.82,3067.61,8795.56,7102.66,17172.28,13285.24,17574.99,16518.01,14464.93,7070.68,5.75,Low,Commercial,Low,0,0,0,0.0,58.0
23.024593,72.37885,sandwich,26.04,35.14,8324.83,2228.39,7968.8,8848.19,9411.1,7345.44,11493.78,8127.47,11.16,Low,Commercial,Low,0,0,0,0.0,86.0
23.048739,72.688956,gujarati,255.78,594.43,1677.34,635.13,4934.03,1326.54,5310.4,4627.54,5589.49,1676.92,16.83,Low,Industrial,Low,0,0,1,0.25,68.0
22.859269,72.549156,punjabi,308.72,2285.92,12302.37,5219.97,14277.67,13589.37,17603.56,15837.45,13063.22,7982.36,-99999.0,Low,Commercial,Low,0,0,0,0.0,66.0
23.077423,72.310098,south_indian,76.35,5236.85,16118.5,10303.78,15990.56,16702.6,17739.79,15273.53,18521.23,15227.82,-99999.0,Low,Commercial,Low,0,0,0,0.0,66.0
22.85363,72.660438,chinese,14.29,2300.64,11454.78,7574.06,12376.61,14430.6,21643.95,16321.23,10575.48,11053.39,-99999.0,Low,Commercial,Low,0,0,0,0.0,66.0
23.107152,72.486667,fine_dining,80.07,1397.95,2497.59,369.29,6317.56,2532.94,5575.22,8142.93,5808.14,421.66,-99999.0,Low,Residential,Low,0,1,4,1.35,58.5
23.054002,72.429974,dessert,14.17,5105.79,3865.8,1166.53,3790.38,4413.84,5832.58,3323.23,6017.76,2685.02,-99999.0,Low,Grass,Low,0,0,0,0.0,55.5
23.132308,72.861206,bakery,168.17,178.83,12751.86,12291.61,22347.15,18824.76,24794.13,21917.59,13541.05,6105.39,-99999.0,Low,Commercial,Low,0,0,0,0.0,78.0
22.984404,72.34148,street_food,434.7,1095.53,13230.09,6051.19,11872.88,13117.69,13685.52,12266.41,13026.49,12426.78,3.18,Low,Commercial,Low,0,0,0,0.0,66.0
22.917001,72.573587,fast_food,118.51,960.49,5451.61,1849.47,7866.2,6957.63,11953.79,9667.4,7098.5,3629.07,-99999.0,Low,Commercial,Low,0,0,0,0.0,63.0
23.078872,72.66946,cafe,1.15,110.27,1156.6,158.6,2105.81,86.09,4774.23,1413.07,3425.67,1090.55,87.25,Medium,Residential,Low,0,1,2,0.85,81.14
23.037104,72.691157,coffee,3.39,1270.89,1580.03,228.36,5252.0,1394.9,5661.11,5723.51,5051.48,1222.17,62.08,Medium,Industrial,Low,0,0,0,0.0,61.5
23.153638,72.376134,pizza,113.85,113.85,13600.94,2642.58,15903.23,13787.39,17968.21,15607.3,16130.44,10663.69,-99999.0,Low,Commercial,Low,0,0,0,0.0,73.0
23.174474,72.438613,burger,9.87,5474.82,8873.52,1059.04,11948.51,11191.37,13925.86,15677.37,10077.07,4020.35,-99999.0,Low,Industrial,Low,0,0,0,0.0,52.0
22.973851,72.791333,sandwich,968.28,2584.31,8311.26,5769.72,16325.45,13073.49,17805.99,17160.98,12766.2,5952.26,7.92,Low,Commercial,Low,0,0,0,0.0,66.0
23.272928,72.47935,gujarati,490.3,870.27,14522.75,11087.36,13502.15,13495.37,14523.19,21066.54,12142.07,5964.27,-99999.0,Low,Commercial,Low,0,0,0,0.0,70.0
23.060553,72.717216,punjabi,9.23,2820.45,4827.31,962.67,7389.84,4485.91,8326.52,6555.77,6536.89,1012.43,2.41,Low,Commercial,Low,0,0,0,0.0,66.0
22.831973,72.40521,south_indian,100.01,641.67,18533.91,7927.69,20131.74,21308.56,21538.56,22480.74,15336.7,16051.66,4.6,Low,Commercial,Low,0,0,0,0.0,70.0
22.877416,72.725777,chinese,143.19,143.19,13247.7,6097.62,13409.67,14356.28,20951.12,16784.28,12019.59,11584.27,-99999.0,Low,Commercial,Low,0,0,0,0.0,78.0
23.156348,72.372038,fine_dining,492.49,492.49,14084.18,3077.0,16381.04,14303.17,18447.91,16075.35,16640.61,10907.35,-99999.0,Low,Commercial,Low,0,0,0,0.0,74.0
23.103209,72.418775,dessert,231.75,5310.11,8142.22,1683.29,8883.6,7384.25,10929.8,8669.89,9148.06,6026.76,-99999.0,Low,Commercial,Low,0,0,0,0.0,66.0
23.256504,72.53788,bakery,203.78,203.78,9665.4,8561.37,8477.54,8482.82,9668.83,17396.15,8613.85,8737.3,-99999.0,Low,Commercial,Low,0,0,0,0.0,78.0
23.029382,72.763224,street_food,94.3,271.79,4601.54,2828.24,12680.14,8793.8,13084.21,12214.25,10312.12,3771.45,20.3,Low,Residential,Low,0,0,0,0.0,79.0
23.154058,72.372504,fast_food,476.01,476.01,13972.61,3014.87,16141.8,14123.25,18209.52,15831.83,16430.47,10974.33,-99999.0,Low,Commercial,Low,0,0,0,0.0,68.0
23.008946,72.847443,cafe,752.49,1634.04,12862.56,10864.09,21576.78,17698.5,21985.1,21046.29,18328.34,9195.85,-99999.0,Low,Commercial,Low,0,0,0,0.0,65.5
23.211984,72.65151,coffee,36.29,1178.59,2523.75,3848.54,2640.76,2575.84,8747.38,14448.54,6207.12,1283.07,-99999.0,Low,Residential,Low,0,0,0,0.0,60.5
23.18063,72.571293,pizza,132.71,243.31,623.5,927.28,761.54,191.49,624.15,8671.58,679.95,334.86,-99999.0,Low,Residential,Low,0,0,0,0.0,70.0
23.126059,72.86459,burger,42.18,186.72,13352.91,12450.65,22529.7,18992.74,24866.44,22071.01,14012.39,5838.56,-99999.0,Low,Commercial,Low,0,0,0,0.0,73.0
22.874625,72.599321,sandwich,21.74,639.17,8833.93,3989.91,10303.01,11542.07,17307.51,13796.78,8739.52,8779.59,4.64,Low,Commercial,Low,0,0,0,0.0,70.0
23.064575,72.338172,gujarati,245.81,2407.56,12949.55,7417.69,12817.42,13533.84,14538.76,12088.3,15489.63,12122.44,11.11,Low,Commercial,Low,0,0,0,0.0,70.0
23.258948,72.796513,punjabi,56.22,537.97,10339.78,10366.06,18222.1,17276.21,24429.26,24769.01,13556.74,9919.24,-99999.0,Low,Commercial,Low,0,0,0,0.0,70.0
23.041807,72.604833,south_indian,41.14,492.08,269.36,273.82,1752.29,1378.76,3381.07,1574.66,228.38,324.43,136.16,High,Industrial,Low,0,0,0,0.0,83.0
23.252158,72.412777,chinese,89.32,3132.59,17163.17,8026.15,17927.7,17909.25,18639.06,23144.33,15191.62,324.3,-99999.0,Low,Commercial,Low,0,0,0,0.0,66.0
23.087706,72.733687,fine_dining,350.1,1652.38,7115.43,1201.22,8633.56,5096.51,10835.49,8067.92,5329.4,1343.63,4.72,Low,Industrial,Low,0,0,0,0.0,60.0
22.871623,72.534695,dessert,351.16,1361.42,11708.75,3667.04,14152.17,12636.38,16135.4,14529.35,11984.76,6546.27,4.4,Low,Commercial,Low,0,0,0,0.0,66.0
23.098262,72.821964,bakery,232.71,5212.63,11692.97,7768.78,17742.16,14191.88,19747.95,17188.9,11110.05,927.05,-99999.0,Low,Commercial,Low,0,0,0,0.0,66.0
23.051973,72.533104,street_food,52.83,1177.21,84.94,8.18,782.93,713.61,2085.87,1111.24,2334.44,372.04,163.0,High,Residential,Low,1,1,3,1.5,74.59
23.28016,72.841228,fast_food,689.28,4429.1,14908.73,14915.42,23351.25,22308.05,29555.63,29438.04,18086.41,14341.09,-99999.0,Low,Commercial,Low,0,0,0,0.0,58.0
23.17594,72.468686,cafe,254.41,6287.02,6963.79,1257.73,9351.06,9446.72,10918.26,13219.88,6993.46,1468.26,-99999.0,Low,Industrial,Low,0,0,0,0.0,55.5
23.272525,72.872885,coffee,321.69,3464.8,16641.91,16629.75,26073.31,24497.98,32277.33,31030.9,19690.08,17572.82,-99999.0,Low,Commercial,Low,0,0,0,0.0,65.5
23.027366,72.387356,pizza,230.27,879.17,7428.34,1436.66,7209.2,7977.29,8579.16,6452.98,10731.06,7203.69,6.97,Low,Commercial,Low,0,0,0,0.0,63.0
23.008118,72.716008,burger,341.6,504.85,810.39,418.18,8785.67,5181.29,9202.73,9309.24,4972.87,1388.65,6.28,Low,Residential,Low,0,0,0,0.0,60.0
23.169245,72.48337,sandwich,116.72,5751.02,5610.29,2323.64,7694.71,7770.37,9447.28,11583.3,5557.35,640.05,-99999.0,Low,Industrial,Low,0,0,0,0.0,60.0
23.146717,72.80921,gujarati,98.52,1476.85,7255.65,7065.68,17788.93,14338.92,20757.2,17508.48,8052.25,5580.37,-99999.0,Low,Commercial,Low,0,0,0,0.0,66.0
23.1517,72.852597,punjabi,447.96,1418.16,11212.34,11064.76,22127.86,18680.44,24895.22,21791.28,12469.6,7478.91,-99999.0,Low,Commercial,Low,0,0,0,0.0,66.0
23.11364,72.426516,south_indian,56.02,5769.48,8054.43,1467.62,9633.29,7077.43,11626.51,9519.78,9351.33,5879.61,-99999.0,Low,Commercial,Low,0,0,0,0.0,66.0
23.1096,72.478536,chinese,99.63,2274.11,3022.31,516.92,6880.84,2959.85,6448.75,8504.33,6284.02,795.93,-99999.0,Low,Industrial,Low,0,0,0,0.0,60.0
22.975741,72.699977,fine_dining,229.4,2613.34,3562.74,1241.18,7062.46,4073.13,10258.62,7963.17,3887.23,776.03,5.57,Low,Residential,Low,0,0,0,0.0,63.0
23.281041,72.68705,dessert,4.26,3790.37,10983.25,12019.42,10930.39,10894.37,16291.78,22817.88,14409.75,1248.35,-99999.0,Low,Commercial,Low,0,0,0,0.0,66.0
23.269997,72.602258,bakery,172.69,3624.39,8661.0,10412.82,8371.84,8395.71,10734.38,18849.63,10365.03,7986.15,-99999.0,Low,Commercial,Low,0,0,0,0.0,66.0
23.14327,72.496981,street_food,147.58,2626.65,2423.21,822.82,5094.77,5240.9,7399.72,8770.94,5285.96,604.5,59.89,Medium,Residential,Low,0,0,0,0.0,71.0
22.865395,72.514298,fast_food,454.45,1116.08,12876.15,4878.72,15859.38,14065.69,16900.26,15540.38,11490.04,7634.52,-99999.0,Low,Commercial,Low,0,0,0,0.0,58.0
23.040578,72.64097,cafe,37.87,37.87,246.05,125.62,633.01,1197.23,891.85,2810.29,2458.05,1511.41,150.95,High,Industrial,Low,1,3,4,2.45,71.87
23.130235,72.552137,coffee,6.65,527.53,1229.19,125.46,867.36,539.34,4987.24,3603.55,378.05,131.08,53.33,Medium,Residential,Low,1,1,5,2.0,66.5
23.168977,72.798006,pizza,48.14,1116.1,5332.89,5203.79,17294.6,13290.15,21254.73,17772.36,7110.3,7690.04,-99999.0,Low,Commercial,Low,0,0,0,0.0,58.0
22.947245,72.801435,burger,22.35,5092.79,10908.88,7756.38,17394.2,14862.03,20196.93,18838.3,14606.68,7932.99,9.81,Low,Commercial,Low,0,0,0,0.0,58.0
23.197986,72.613183,sandwich,6.99,596.19,609.4,2605.36,332.59,355.91,4561.44,11327.38,5193.84,1201.41,-99999.0,Low,Residential,Low,0,0,0,0.0,67.0
22.822131,72.394289,gujarati,610.46,1384.17,19976.54,9297.74,21483.94,22687.17,22934.28,23794.2,16796.66,17528.92,-99999.0,Low,Commercial,Low,0,0,0,0.0,66.0
23.131722,72.425943,punjabi,36.35,5093.88,8117.42,1990.8,11556.76,8237.57,12367.18,11480.92,10938.58,6611.56,-99999.0,Low,Industrial,Low,0,0,0,0.0,60.0
23.170089,72.403343,south_indian,159.22,2817.11,11630.86,1346.27,15135.72,12857.8,16448.9,16188.12,13708.15,7357.27,-99999.0,Low,Commercial,Low,0,0,0,0.0,66.0
22.947575,72.455325,chinese,35.58,646.2,4732.03,714.0,6680.55,7668.53,7821.76,8976.02,1605.39,2438.43,12.01,Low,Industrial,Low,0,0,0,0.0,68.0
23.212903,72.710545,fine_dining,146.57,1181.55,3645.63,5487.48,8262.82,7526.79,14431.58,16055.46,6989.47,2505.48,-99999.0,Low,Commercial,Low,0,0,0,0.0,66.0
22.951667,72.747084,dessert,348.97,797.94,7242.58,3550.66,11797.44,9591.1,15508.59,13419.19,9389.76,3631.29,2.24,Low,Residential,Low,0,0,0,0.0,67.0
22.825507,72.782135,bakery,155.95,425.85,21372.19,14251.11,21566.66,22202.49,28769.51,24892.9,20154.54,18029.31,-99999.0,Low,Commercial,Low,0,0,0,0.0,74.0
22.85919,72.813461,street_food,149.19,406.55,19428.78,14651.86,21790.05,21311.08,27634.76,24590.67,20678.82,15874.45,-99999.0,Low,Commercial,Low,0,0,0,0.0,74.0
23.164956,72.811608,fast_food,29.02,30.63,6786.21,6650.32,18745.64,14643.28,22088.35,18696.06,8381.53,7606.32,-99999.0,Low,Commercial,Low,0,0,0,0.0,78.0
23.166358,72.635537,cafe,35.0,77.51,1347.36,108.78,3373.37,2109.08,6271.03,9388.95,1722.84,1295.05,-99999.0,Low,Commercial,Low,0,0,1,0.25,77.5
22.924046,72.764898,coffee,76.17,995.84,10769.29,7077.07,14214.78,12814.59,18963.47,16409.06,12660.93,7173.41,4.16,Low,Commercial,Low,0,0,0,0.0,68.5
23.193434,72.47683,pizza,37.62,4746.13,8351.23,3283.3,9890.25,9840.87,10259.03,13908.1,6417.05,107.86,-99999.0,Low,Commercial,Low,0,0,0,0.0,58.0
23.128957,72.847361,burger,942.41,942.41,11630.06,10826.38,20881.18,17358.73,23341.26,20452.03,12219.48,4986.05,-99999.0,Low,Commercial,Low,0,0,0,0.0,63.0
22.996026,72.864887,sandwich,602.34,897.77,14762.28,12661.15,23631.32,19770.26,24043.31,23240.15,20064.14,11155.66,-99999.0,Low,Commercial,Low,0,0,0,0.0,70.0
23.278395,72.491339,gujarati,301.9,1355.95,14198.59,12058.74,13118.29,13114.87,14199.88,21111.41,12152.24,7218.4,-99999.0,Low,Commercial,Low,0,0,0,0.0,66.0
23.07502,72.31752,punjabi,689.98,4482.04,15312.57,9526.35,15184.51,15896.69,16934.74,14467.43,17729.22,14426.47,-99999.0,Low,Commercial,Low,0,0,0,0.0,66.0
22.930644,72.669926,south_indian,303.36,1001.25,5207.72,735.41,5191.62,6799.46,13408.21,8667.37,3959.13,3668.98,4.62,Low,Commercial,Low,0,0,0,0.0,66.0
23.184844,72.814668,chinese,8.2,600.3,6995.54,6930.06,18772.02,15245.73,23689.3,20182.88,9293.64,9825.06,-99999.0,Low,Commercial,Low,0,0,0,0.0,70.0
23.208392,72.838662,fine_dining,22.69,1598.08,10002.48,9957.22,21221.98,18295.7,27204.27,23715.24,12647.94,12935.32,-99999.0,Low,Commercial,Low,0,0,0,0.0,66.0
23.148222,72.685627,dessert,121.03,696.31,3967.92,194.55,7689.69,1964.49,11725.57,8450.91,3009.2,775.07,-99999.0,Low,Grass,Low,0,0,0,0.0,59.5
23.172452,72.627037,bakery,115.85,1012.37,1007.52,225.24,2720.59,1371.66,5319.18,9409.15,2823.1,622.23,-99999.0,Low,Residential,Low,1,1,1,1.0,58.5
23.099626,72.760165,street_food,254.49,1218.51,8756.33,1436.59,11472.69,7922.52,13851.82,10982.36,6305.54,693.73,-99999.0,Low,Industrial,Low,0,0,0,0.0,60.0
23.272859,72.480623,fast_food,473.03,850.19,14429.19,11117.78,13404.33,13397.76,14429.69,21002.35,12072.58,6042.42,-99999.0,Low,Commercial,Low,0,0,0,0.0,63.0
22.895164,72.705942,cafe,253.68,1175.74,10435.35,3276.69,10579.71,11750.29,18323.15,13990.77,9201.67,9052.56,-99999.0,Low,Commercial,Low,0,0,0,0.0,65.5
22.899749,72.410801,coffee,218.15,741.68,11592.39,1398.73,12787.58,14040.44,14331.58,15045.47,8602.15,9427.04,-99999.0,Low,Commercial,Low,0,0,0,0.0,68.5
23.056646,72.528775,pizza,58.87,898.0,444.71,41.38,994.88,973.35,2698.84,1487.18,1991.62,982.68,122.15,High,Residential,Low,2,2,11,4.25,71.71
23.015684,72.632827,burger,24.32,24.32,689.35,460.2,3397.35,2709.43,3587.51,2138.0,1693.8,1082.39,148.59,High,Residential,Low,0,0,2,0.5,89.0
22.872432,72.648712,sandwich,30.32,30.32,9107.1,6024.19,10096.33,12170.69,19465.17,14045.77,8287.19,8836.44,-99999.0,Low,Commercial,Low,0,0,0,0.0,82.0
22.932408,72.501726,gujarati,13.76,415.91,5381.79,2169.18,8889.79,7627.21,9844.63,9057.57,4729.45,1807.03,5.41,Low,Commercial,Low,0,0,0,0.0,74.0
23.150651,72.399787,punjabi,59.71,2298.86,11176.62,396.05,14465.58,11639.8,15682.12,14273.77,14241.18,8779.72,-99999.0,Low,Commercial,Low,0,0,0,0.0,66.0
22.883778,72.497125,south_indian,1033.63,1311.42,10777.25,3450.67,14294.95,12799.15,14994.87,14109.74,8915.1,6667.52,4.49,Low,Commercial,Low,0,0,0,0.0,66.0
22.834411,72.850781,chinese,1439.35,1439.35,23767.72,19318.63,26493.8,25975.12,32235.4,29298.33,25356.23,20285.2,-99999.0,Low,Commercial,Low,0,0,0,0.0,66.0
23.105492,72.693896,fine_dining,4.08,972.54,2892.39,1086.49,5149.42,2022.73,8638.87,5013.19,1038.41,605.58,2.7,Low,Residential,Low,0,0,0,0.0,67.0
23.045464,72.642153,dessert,12.94,104.96,168.72,166.08,157.8,643.3,573.96,2667.23,2397.17,1495.59,143.37,High,Residential,Low,0,0,0,0.0,89.0
22.981881,72.764738,bakery,48.6,2505.59,5557.28,2971.64,13719.04,10239.75,14982.44,14336.82,9923.35,3104.33,5.66,Low,Residential,Low,0,0,0,0.0,63.0
22.962572,72.437578,street_food,72.28,2421.41,4550.01,949.1,5307.44,6563.69,6879.73,7642.43,2884.46,3178.74,-99999.0,Low,Residential,Low,0,0,0,0.0,63.0
22.898257,72.349542,fast_food,182.6,1023.11,16054.87,7683.7,16226.19,17618.32,18052.06,17930.23,13642.95,14410.4,-99999.0,Low,Commercial,Low,0,0,0,0.0,58.0
23.052467,72.55124,cafe,40.16,446.45,212.8,33.33,577.67,754.37,760.9,455.77,1588.99,875.35,156.95,High,Residential,Low,0,1,10,2.85,84.9
23.067777,72.363328,coffee,178.49,178.49,10619.37,4820.41,10499.66,11201.41,12330.64,9814.54,12966.73,9672.98,-99999.0,Low,Commercial,Low,0,0,0,0.0,74.5
22.916175,72.433745,pizza,128.8,147.42,8825.43,736.88,10377.94,11532.1,11761.35,12784.44,5719.47,6518.1,39.22,Low,Commercial,Low,0,0,0,0.0,77.0
22.969304,72.519263,burger,526.5,2229.78,2260.64,1142.89,4769.54,3180.39,5428.93,4668.18,1752.46,0.0,-99999.0,Low,Residential,High,0,0,0,0.0,47.0
22.914854,72.74654,sandwich,344.93,857.75,11137.39,6267.98,12813.75,12100.68,18514.77,15386.24,11941.86,7543.05,5.62,Low,Commercial,Low,0,0,0,0.0,70.0
23.064639,72.888046,gujarati,353.24,5753.4,17957.56,15076.82,24532.69,21070.87,25784.06,23843.01,18827.2,7160.86,-99999.0,Low,Commercial,Low,0,0,0,0.0,66.0
23.20537,72.879057,punjabi,179.16,1714.29,13885.89,13829.32,25336.68,22180.44,30311.03,26924.59,16260.37,14012.0,-99999.0,Low,Commercial,Low,0,0,0,0.0,66.0
22.814226,72.697984,south_indian,373.39,3750.64,16978.02,11557.72,17725.63,19698.86,26618.44,21601.87,15976.16,16297.2,-99999.0,Low,Commercial,Low,0,0,0,0.0,66.0
23.02392,72.834608,chinese,291.35,3099.55,11604.19,9799.17,20013.54,16126.57,20414.67,19252.3,17231.84,7263.69,-99999.0,Low,Commercial,Low,0,0,0,0.0,66.0
23.104577,72.670256,fine_dining,2.54,2.54,536.63,129.01,3145.0,734.36,7144.17,3385.31,1988.19,1736.19,88.33,Medium,Industrial,Low,4,7,17,8.3,74.06
23.27027,72.70588,dessert,58.17,2763.18,9859.43,11171.98,11140.09,11084.63,16941.74,22005.23,13276.29,685.07,-99999.0,Low,Commercial,Low,0,0,0,0.0,66.0
22.96405,72.841241,bakery,1792.29,3316.25,13361.83,10998.8,21396.29,18304.38,22891.93,22387.7,17998.74,11185.08,-99999.0,Low,Commercial,Low,0,0,0,0.0,66.0
23.263594,72.533808,street_food,156.56,750.07,10552.07,9392.38,9365.88,9371.0,10555.44,18248.61,9493.1,9021.02,-99999.0,Low,Commercial,Low,0,0,0,0.0,70.0
23.069314,72.474041,fast_food,2.24,1228.17,2754.74,1002.93,3282.15,1344.8,5829.98,4041.75,2448.09,932.59,6.53,Low,Residential,Low,0,0,0,0.0,55.0
23.247441,72.786823,cafe,173.87,1500.53,8745.17,8774.21,16840.86,15695.47,23047.15,23155.31,11960.18,9286.33,-99999.0,Low,Commercial,Low,0,0,0,0.0,65.5
22.98998,72.775634,coffee,69.44,1403.17,6046.96,3783.1,14980.52,11271.93,15576.84,15371.91,10933.88,4205.37,4.0,Low,Commercial,Low,0,0,0,0.0,65.5
23.023867,72.335434,pizza,10.14,823.8,12767.27,6673.8,12331.29,13279.35,13846.34,11791.48,15160.25,12471.09,3.79,Low,Commercial,Low,0,0,0,0.0,63.0
23.241175,72.421657,burger,79.86,2040.44,15647.32,6889.38,16624.29,16604.55,17292.82,21639.05,13774.88,404.67,-99999.0,Low,Commercial,Low,0,0,0,0.0,58.0
23.056669,72.859963,sandwich,642.18,6907.2,14948.19,12345.93,21770.59,18361.77,22859.87,21047.48,16972.63,5200.75,-99999.0,Low,Commercial,Low,0,0,0,0.0,66.0
22.89035,72.86464,gujarati,158.37,6657.9,19947.36,16666.93,25102.68,23433.67,29131.9,27209.2,23227.5,16830.23,-99999.0,Low,Commercial,Low,0,0,0,0.0,66.0
23.068228,72.314252,punjabi,38.1,4488.39,15421.44,9847.45,15287.08,16005.55,16978.36,14549.79,17969.57,14608.0,-99999.0,Low,Commercial,Low,0,0,0,0.0,66.0
22.841426,72.698794,south_indian,685.32,4675.37,14385.34,8582.33,15016.88,16932.35,23721.69,18831.43,13315.32,13551.31,-99999.0,Low,Commercial,Low,0,0,0,0.0,66.0
23.181319,72.811671,chinese,40.76,809.28,6655.89,6581.57,18497.79,14869.57,23203.76,19704.99,8863.85,9377.37,-99999.0,Low,Commercial,Low,0,0,0,0.0,70.0
23.013621,72.370278,fine_dining,192.54,1299.78,9392.69,3264.88,8653.34,9683.66,10257.15,8407.13,11498.66,9324.08,2.59,Low,Commercial,Low,0,0,0,0.0,66.0
23.068122,72.717591,dessert,563.38,2886.54,5276.55,1261.12,7180.59,4066.7,8545.66,6410.23,5828.19,1215.74,-99999.0,Low,Commercial,Low,0,0,0,0.0,66.0
23.278587,72.75962,bakery,46.06,46.06,11252.62,11315.51,15927.56,15854.13,22009.7,24723.52,14255.92,5991.13,-99999.0,Low,Commercial,Low,0,0,0,0.0,82.0
23.120349,72.855056,street_food,347.38,1267.49,12780.08,11363.58,21446.78,17903.66,23732.02,20972.37,13216.63,4698.34,-99999.0,Low,Commercial,Low,0,0,0,0.0,66.0
23.168508,72.399178,fast_food,110.5,2380.12,11937.19,1672.55,15491.15,13023.09,16710.67,16154.02,14144.97,7818.08,-99999.0,Low,Commercial,Low,0,0,0,0.0,58.0
23.030428,72.502395,cafe,170.59,572.19,1336.68,286.03,713.06,329.43,3222.36,725.91,2174.81,371.25,80.88,Medium,Residential,Low,0,6,34,10.6,73.38
22.85201,72.341475,coffee,424.01,1074.47,20160.43,10108.04,20797.75,22156.82,22538.54,22710.96,17361.3,18207.28,-99999.0,Low,Commercial,Low,0,0,0,0.0,65.5
23.191223,72.633689,pizza,201.82,550.69,521.24,1308.77,627.54,459.03,6204.61,11534.79,4168.44,434.0,-99999.0,Low,Commercial,Low,0,0,0,0.0,63.0
23.085982,72.442034,burger,32.25,4967.95,5220.56,970.41,6230.71,4701.28,8190.82,6186.82,6094.16,2978.98,-99999.0,Low,Industrial,Low,0,0,0,0.0,52.0
22.934151,72.535059,sandwich,53.18,130.73,6244.35,1087.78,8384.39,6427.8,9214.58,7651.27,5552.61,250.1,-99999.0,Low,Industrial,Low,0,0,0,0.0,72.0
23.112504,72.561155,gujarati,19.58,2223.01,1175.95,181.95,2475.85,2125.83,3006.27,1460.74,1597.6,941.28,86.98,Medium,Residential,Low,0,0,0,0.0,78.27
22.818108,72.700513,punjabi,477.39,3920.63,16713.55,11163.17,17430.33,19388.29,26263.56,21290.12,15692.78,15990.55,-99999.0,Low,Commercial,Low,0,0,0,0.0,66.0
23.06672,72.682025,south_indian,142.5,731.46,1929.4,506.81,3817.37,1400.02,5052.87,2922.8,4476.75,1335.52,51.95,Medium,Residential,Low,0,0,0,0.0,75.0
23.106808,72.748457,chinese,226.18,579.31,7854.87,711.58,10455.29,6943.79,13145.91,10049.2,4878.55,264.91,-99999.0,Low,Industrial,Low,0,0,0,0.0,64.0
23.091092,72.716512,fine_dining,191.05,1397.79,5315.94,713.9,6911.22,3358.66,9440.72,6411.82,3801.08,377.67,-99999.0,Low,Industrial,Low,0,0,1,0.25,60.0
22.844843,72.848268,dessert,915.1,2591.47,22667.48,18559.7,25670.75,25006.14,31217.85,28392.18,24582.02,19206.57,-99999.0,Low,Commercial,Low,0,0,0,0.0,66.0
22.860945,72.766397,bakery,8.87,1431.16,17426.26,10425.56,17734.81,18039.03,24582.18,20888.08,16446.88,13816.54,-99999.0,Low,Commercial,Low,0,0,0,0.0,66.0
22.954648,72.360173,street_food,29.07,1768.33,12138.75,5202.66,11324.55,12706.62,13224.93,12489.59,10803.46,11159.79,-99999.0,Low,Commercial,Low,0,0,0,0.0,66.0
23.177332,72.563852,fast_food,168.27,495.82,1181.02,403.16,1457.89,981.94,1175.17,8331.53,575.29,1058.51,-99999.0,Low,Residential,Low,0,0,0,0.0,65.0
22.999654,72.693219,cafe,370.25,2439.68,2305.16,1803.35,7447.88,2865.49,7842.29,6901.56,2487.97,2233.17,3.32,Low,Residential,Low,0,0,0,0.0,60.5
23.037514,72.619411,coffee,4.79,806.11,539.86,238.65,2408.23,2136.1,2148.59,1880.2,1021.92,1260.89,141.63,High,Residential,Low,0,1,3,1.1,71.85
22.875463,72.536776,pizza,38.57,906.11,11233.41,3241.99,13676.85,12165.38,15717.59,14087.21,11776.75,6112.36,5.71,Low,Commercial,Low,0,0,0,0.0,63.0
23.192793,72.62652,burger,293.55,462.55,914.98,1521.41,686.57,453.02,5554.63,11334.68,4633.8,368.03,-99999.0,Low,Commercial,Low,0,0,0,0.0,68.0
23.270864,72.393564,sandwich,36.11,1111.03,19981.26,10260.24,20589.87,20573.02,21350.0,26001.46,17983.79,3155.95,-99999.0,Low,Commercial,Low,0,0,0,0.0,66.0
23.135099,72.840218,gujarati,403.83,815.01,10669.23,10357.96,20351.22,16853.44,22945.34,19958.77,11369.7,5300.71,-99999.0,Low,Commercial,Low,0,0,0,0.0,70.0
23.191608,72.733008,punjabi,286.2,2047.23,2089.91,2193.22,10379.06,7607.22,16241.93,14949.04,4319.05,5610.21,-99999.0,Low,Commercial,Low,0,0,0,0.0,66.0
22.989103,72.86069,south_indian,20.67,20.67,14455.28,12306.39,23409.7,19569.51,23824.07,23156.62,19650.27,11712.41,-99999.0,Low,Commercial,Low,0,0,0,0.0,82.0
23.075692,72.63194,chinese,299.02,1133.9,1102.09,443.11,869.11,835.29,3134.03,2449.28,1116.69,1537.61,3.04,Low,Grass,Low,0,0,0,0.0,55.5
22.869153,72.312917,fine_dining,415.98,415.98,21003.61,11978.91,21143.98,22540.35,22983.54,22764.1,18527.07,19326.77,8.1,Low,Commercial,Low,0,0,0,0.0,74.0
23.096394,72.621548,dessert,212.01,845.47,790.99,299.67,2403.87,2302.74,3922.9,4108.63,3630.57,465.45,-99999.0,Low,Industrial,Low,0,0,0,0.0,64.0
23.26455,72.486721,bakery,127.44,127.44,13328.99,10458.5,12313.79,12306.65,13329.38,19902.09,10966.15,5742.72,-99999.0,Low,Commercial,Low,0,0,0,0.0,78.0
23.169182,72.834057,street_food,792.33,1007.59,8986.39,8872.47,20935.02,16969.68,24244.02,20918.44,10726.54,8666.67,-99999.0,Low,Commercial,Low,0,0,0,0.0,66.0
22.975049,72.54934,fast_food,145.62,145.62,2764.49,654.04,3640.09,2489.71,5059.46,3014.85,2410.85,883.79,41.09,Low,Industrial,Low,0,0,0,0.0,75.0
23.120047,72.607281,cafe,41.08,212.92,337.19,206.48,4381.1,1021.72,4237.99,3761.4,4385.37,376.77,48.76,Low,Residential,Low,0,0,9,2.25,75.5
22.887258,72.438057,coffee,614.44,862.44,11617.74,2039.96,13467.68,14549.5,14728.25,15889.68,8394.99,9077.75,-99999.0,Low,Commercial,Low,0,0,0,0.0,68.5
23.210679,72.422709,pizza,47.49,1147.21,12870.01,3621.28,15419.77,15454.73,16081.52,19300.82,12276.51,2967.92,-99999.0,Low,Commercial,Low,0,0,0,0.0,58.0
22.897052,72.773803,burger,396.99,396.99,13877.5,9347.27,16187.72,15468.23,21802.6,18808.29,15230.2,10271.08,-99999.0,Low,Commercial,Low,0,0,0,0.0,68.0
23.219081,72.803805,sandwich,182.2,642.81,7422.12,7408.54,17787.1,15435.62,23875.31,21845.5,10484.03,11784.58,-99999.0,Low,Commercial,Low,0,0,0,0.0,70.0
23.257538,72.886702,gujarati,317.6,1299.59,16833.66,16808.28,26954.41,24930.35,33128.85,30964.01,19736.75,19085.48,-99999.0,Low,Commercial,Low,0,0,0,0.0,66.0
23.031407,72.628805,punjabi,21.0,866.76,167.47,155.48,2063.2,2671.59,2009.97,2780.96,2189.68,417.02,146.57,High,Residential,Low,0,0,1,0.25,81.0
22.949513,72.34907,south_indian,283.33,2723.83,13396.98,6457.69,12593.89,13973.8,14494.19,13719.26,11976.83,12372.52,-99999.0,Low,Commercial,Low,0,0,0,0.0,66.0
22.857137,72.730842,chinese,160.72,1656.96,15116.89,8182.44,15406.3,16616.21,23206.3,18905.94,13917.28,13811.45,-99999.0,Low,Commercial,Low,0,0,0,0.0,66.0
23.043851,72.501894,fine_dining,26.01,1137.63,1251.81,312.7,766.33,427.08,4152.9,1873.88,727.62,896.47,83.33,Medium,Residential,Low,1,26,104,35.5,50.3
22.871543,72.690174,dessert,264.55,2810.06,11134.27,5159.65,11662.85,13530.11,20270.34,15426.35,10011.01,10173.87,-99999.0,Low,Commercial,Low,0,0,0,0.0,66.0
22.858022,72.669319,bakery,618.01,2254.38,11334.1,6841.42,12154.13,14173.46,21282.46,16074.53,10375.78,10772.73,-99999.0,Low,Commercial,Low,0,0,0,0.0,66.0
23.242057,72.494316,street_food,1.1,444.09,11032.4,8597.32,10100.59,10089.34,11031.86,17321.89,8414.42,4385.01,-99999.0,Low,Commercial,Low,0,0,0,0.0,74.0
23.02631,72.667479,fast_food,8.02,164.25,1703.56,261.78,3510.8,1649.9,3916.15,5323.28,3165.26,173.81,125.32,High,Industrial,Low,0,0,4,1.0,81.0
22.956724,72.648819,cafe,81.23,601.14,2566.86,211.14,1770.77,3198.91,10161.88,5085.27,1740.39,575.96,23.79,Low,Industrial,Low,0,0,2,0.5,61.5
23.081465,72.521406,coffee,26.83,524.29,358.37,280.62,3477.27,798.37,1710.75,3640.36,1911.85,562.68,48.22,Low,Residential,Low,0,0,8,2.0,69.5
22.96184,72.558418,pizza,7.04,281.78,3179.96,130.5,4792.88,2535.03,6774.81,4607.04,3976.02,1046.7,43.71,Low,Industrial,Low,0,0,0,0.0,75.0
22.812319,72.452782,burger,266.03,266.03,19335.61,10064.37,21665.77,21817.16,22726.64,23183.74,16266.94,15767.93,7.51,Low,Commercial,Low,0,0,0,0.0,73.0
22.916332,72.739093,sandwich,573.17,716.08,10828.88,5497.39,12050.95,11467.22,17928.95,14678.24,11163.32,7278.31,-99999.0,Low,Commercial,Low,0,0,0,0.0,70.0
23.01934,72.797264,gujarati,394.18,2413.16,7743.82,5970.71,16306.97,12426.87,16714.55,15849.91,13374.94,6849.74,5.04,Low,Commercial,Low,0,0,0,0.0,66.0
22.874467,72.735124,punjabi,279.49,279.49,14207.08,7004.36,14329.1,15079.8,21673.47,17637.17,12973.5,11891.62,-99999.0,Low,Commercial,Low,0,0,0,0.0,78.0
23.231385,72.578452,south_indian,123.7,544.98,5594.34,6008.03,4915.92,4879.11,6103.85,14318.49,5536.08,5079.46,-99999.0,Low,Commercial,Low,0,0,0,0.0,70.0
22.982196,72.487174,chinese,88.99,554.18,750.97,504.17,4028.32,3744.06,4210.42,4928.65,3358.25,258.44,6.38,Low,Industrial,Low,0,0,0,0.0,64.0
23.074802,72.411947,fine_dining,149.69,5149.55,6575.14,557.4,6715.75,7300.25,8774.68,6277.32,8262.9,5273.06,-99999.0,Low,Commercial,Low,0,0,0,0.0,66.0
23.101181,72.79824,dessert,293.43,3894.17,9980.9,5333.13,15360.26,11807.65,17535.62,14838.69,8954.18,412.65,-99999.0,Low,Commercial,Low,0,0,0,0.0,66.0
23.222183,72.391201,bakery,376.86,1587.16,16021.52,5136.01,18795.44,18204.46,19523.55,22075.37,15739.31,3720.88,-99999.0,Low,Commercial,Low,0,0,0,0.0,66.0
23.068537,72.462676,street_food,13.37,2252.29,2633.86,1008.81,4105.81,2500.36,5782.93,3828.07,3241.53,134.48,-99999.0,Low,Residential,Low,0,0,0,0.0,63.0
23.235441,72.354348,fast_food,63.08,63.08,19828.94,8495.34,22768.01,21621.03,23553.2,24734.17,19784.99,6229.15,-99999.0,Low,Commercial,Low,0,0,0,0.0,78.0
22.846192,72.320806,cafe,4.31,894.42,22091.77,12257.13,22559.06,23936.18,24341.53,24362.74,19378.94,20231.7,6.33,Low,Commercial,Low,0,0,0,0.0,68.5
23.053446,72.328093,coffee,508.51,3424.06,13683.5,8160.88,13539.49,14264.03,15130.18,12773.96,16460.06,13006.38,-99999.0,Low,Commercial,Low,0,0,0,0.0,65.5
23.089307,72.544978,pizza,3.16,1572.7,552.88,235.38,2068.48,1743.16,865.41,2967.89,844.06,589.79,114.56,High,Industrial,Low,0,1,5,1.6,63.0
23.093217,72.835656,burger,160.85,4824.95,13055.4,9204.87,19100.89,15558.46,20956.89,18518.01,12595.14,1325.85,-99999.0,Low,Commercial,Low,0,0,0,0.0,58.0
23.074765,72.625212,sandwich,299.0,1051.68,796.75,131.51,173.49,179.5,3226.93,2369.95,1562.15,1632.68,50.35,Medium,Grass,Low,2,2,3,2.25,56.44
23.28939,72.58382,gujarati,88.2,2231.1,11151.43,12410.09,10890.75,10914.63,12551.9,20766.56,11946.0,10318.36,-99999.0,Low,Commercial,Low,0,0,0,0.0,66.0
23.182095,72.522175,punjabi,206.93,2589.69,5481.62,2527.44,5254.24,5212.31,5475.97,10114.52,1610.09,788.3,-99999.0,Low,Residential,Low,0,0,0,0.0,63.0
22.917187,72.757844,south_indian,33.92,33.92,11210.0,7419.06,13783.38,12746.6,19042.12,16189.53,12623.8,7594.26,2.99,Low,Commercial,Low,0,0,0,0.0,82.0
23.161949,72.47878,chinese,197.64,5399.05,5101.77,1444.64,7653.32,7810.52,10012.96,11465.06,6191.44,1567.36,-99999.0,Low,Residential,Low,0,0,0,0.0,63.0
23.033057,72.606039,fine_dining,58.47,211.95,612.26,170.68,1955.41,683.89,3585.87,1460.86,430.47,1126.11,127.95,High,Residential,Low,2,13,80,25.35,66.43
23.000457,72.601257,dessert,8.1,342.59,136.55,61.67,607.37,196.1,6409.79,890.82,966.99,345.3,171.85,High,Residential,Low,2,3,4,2.85,78.42
23.128086,72.801829,bakery,158.32,2744.3,7872.78,6455.31,16362.01,12883.8,19074.62,15993.78,7762.97,3402.34,-99999.0,Low,Commercial,Low,0,0,0,0.0,66.0
23.197139,72.666141,street_food,825.95,1022.25,2869.37,2534.9,3517.17,3414.12,9586.04,13339.72,4912.65,142.1,-99999.0,Low,Forest,Low,0,0,0,0.0,55.5
22.889605,72.608199,fast_food,609.86,609.86,7057.2,2794.27,8440.72,9826.72,16235.16,12086.48,6851.8,7059.61,-99999.0,Low,Commercial,Low,0,0,0,0.0,63.0
23.024186,72.413904,cafe,8.9,3266.77,4772.65,249.89,4531.54,5278.53,5834.03,3787.19,8250.26,4704.71,40.9,Low,Commercial,Low,0,0,0,0.0,71.5
23.265382,72.69246,coffee,3.5,2007.34,9333.87,10547.89,9828.95,9779.48,15530.56,21192.88,12935.64,146.25,-99999.0,Low,Commercial,Low,0,0,0,0.0,65.5
23.274513,72.736833,pizza,59.87,1729.68,10772.96,10851.68,13787.44,13719.48,19794.07,23390.94,13511.22,3647.86,-99999.0,Low,Commercial,Low,0,0,0,0.0,58.0
23.042082,72.518101,burger,58.0,399.53,361.42,67.56,1096.25,244.78,3029.65,1923.45,1296.94,673.31,116.18,High,Residential,Low,0,0,7,1.75,79.36
22.915033,72.592832,sandwich,22.96,412.94,4716.09,556.76,6646.76,7242.25,13006.79,9453.14,5548.52,4572.28,89.83,Medium,Commercial,Low,0,0,0,0.0,88.0
22.840173,72.524272,gujarati,863.87,1488.1,15286.1,7245.56,17520.21,16280.39,19623.65,18112.37,14454.06,10123.06,-99999.0,Low,Commercial,Low,0,0,0,0.0,66.0
22.830548,72.429929,punjabi,544.45,544.45,17886.27,7859.84,19805.8,20880.66,21046.94,22190.75,14654.88,15275.33,1.78,Low,Commercial,Low,0,0,0,0.0,70.0
23.245709,72.519526,south_indian,61.83,1710.41,9569.94,7829.14,8489.46,8485.69,9571.32,16709.88,7803.29,6693.32,-99999.0,Low,Commercial,Low,0,0,0,0.0,66.0
23.035444,72.573693,chinese,181.21,450.39,372.37,296.26,496.97,543.71,2470.92,974.98,714.62,0.0,-99999.0,Low,Residential,High,0,0,2,0.5,65.41
22.83229,72.878742,fine_dining,349.56,1227.77,25656.27,21981.68,29074.61,28288.23,34412.77,31741.75,28000.8,22277.98,-99999.0,Low,Commercial,Low,0,0,0,0.0,66.0
22.965554,72.718167,dessert,78.36,906.41,5250.05,2561.23,8778.28,6253.61,12330.66,10095.86,6063.17,2298.72,6.24,Low,Residential,Low,0,0,0,0.0,67.0
23.060259,72.791195,bakery,6.33,1206.61,8823.04,5527.31,14745.43,11400.75,15849.6,14001.8,11619.73,3986.99,-99999.0,Low,Commercial,Low,0,0,0,0.0,66.0
23.210739,72.462723,street_food,186.1,2552.88,10669.11,4010.66,11605.6,11582.07,12140.16,16295.55,8464.95,198.28,-99999.0,Low,Commercial,Low,0,0,0,0.0,66.0
23.071288,72.410833,fast_food,15.53,4898.71,6491.92,152.14,6529.16,7135.57,8574.55,6053.78,8261.6,5298.5,-99999.0,Low,Commercial,Low,0,0,0,0.0,58.0
23.123764,72.521872,cafe,118.9,635.09,1779.5,701.24,2316.29,2403.99,4294.8,5496.73,3444.13,772.64,-99999.0,Low,Grass,Low,0,0,1,0.25,51.0
23.123602,72.794572,coffee,72.09,2723.3,7736.93,5566.42,15505.62,12015.78,18185.61,15124.24,7277.44,2756.41,-99999.0,Low,Commercial,Low,0,0,0,0.0,65.5
23.057998,72.528271,pizza,35.65,809.48,511.19,117.36,1133.79,1112.59,2814.64,1557.72,1885.87,1112.85,146.05,High,Residential,Low,2,2,12,4.5,71.37
23.245476,72.609496,burger,287.14,1395.83,5883.3,7597.09,5583.68,5607.41,8419.9,16301.53,8282.7,6245.82,-99999.0,Low,Commercial,Low,0,0,0,0.0,58.0
22.979391,72.813277,sandwich,160.73,2008.53,10059.14,7806.92,18622.0,15214.25,19584.79,19314.63,14890.41,8080.65,13.66,Low,Commercial,Low,0,0,0,0.0,70.0
23.043694,72.589624,gujarati,2.48,2.48,255.86,64.21,557.22,1284.42,3835.64,73.52,1171.19,1432.69,107.91,High,Residential,Low,0,0,0,0.0,97.0
23.100021,72.601065,punjabi,2.07,691.26,513.58,175.61,2104.12,629.39,2157.52,2521.04,2370.45,455.1,126.56,High,Residential,Low,0,0,1,0.25,81.0
22.876705,72.406051,south_indian,414.25,539.73,14025.28,3308.16,15356.17,16588.88,16862.02,17637.12,10934.3,11724.75,25.96,Low,Commercial,Low,0,0,0,0.0,74.0
22.847002,72.683217,chinese,859.43,4074.11,13054.16,7859.93,13791.16,15769.11,22742.11,17672.47,12042.53,12366.1,-99999.0,Low,Commercial,Low,0,0,0,0.0,66.0
22.911528,72.418405,fine_dining,38.16,1001.83,10073.71,628.32,11295.26,12535.23,12819.39,13584.7,7108.05,7941.48,15.89,Low,Commercial,Low,0,0,3,0.75,70.0
22.983867,72.726036,dessert,77.31,874.69,3231.82,1019.91,9869.76,6286.1,11542.6,10373.21,5985.09,642.49,14.3,Low,Industrial,Low,0,0,0,0.0,68.0
22.866799,72.443601,bakery,34.52,467.14,13651.68,4099.65,15668.66,16698.25,16843.3,17969.42,10422.09,11025.97,-99999.0,Low,Commercial,Low,0,0,0,0.0,74.0
23.199363,72.727748,street_food,267.93,1094.38,3092.59,3195.34,9830.05,7643.73,15821.24,15419.83,5182.39,4725.26,-99999.0,Low,Commercial,Low,0,0,0,0.0,66.0
23.041128,72.587712,fast_food,100.86,100.86,502.77,74.45,250.87,1023.21,3668.03,281.94,1482.05,1294.21,118.64,High,Residential,Low,0,0,0,0.0,92.0
22.911138,72.403523,cafe,201.8,2130.48,11033.57,2107.34,11921.59,13227.23,13561.58,14070.36,8248.2,9102.0,-99999.0,Low,Commercial,Low,0,0,0,0.0,65.5
23.210015,72.323019,coffee,189.71,4184.01,20970.85,9648.61,24117.65,21891.43,25763.18,23774.25,22212.08,10206.45,-99999.0,Low,Commercial,Low,0,0,0,0.0,65.5
22.830709,72.642622,pizza,205.11,3101.84,13511.38,10197.19,14618.89,16672.81,23654.45,18551.44,12814.76,13430.76,-99999.0,Low,Commercial,Low,0,0,0,0.0,58.0
22.887342,72.675133,burger,38.53,524.22,8808.18,3552.22,9382.79,11301.01,18198.88,13200.59,7700.58,7914.99,6.64,Low,Commercial,Low,0,0,0,0.0,63.0
22.828812,72.641916,sandwich,111.91,2929.51,13709.88,10342.93,14823.71,16865.0,23803.36,18754.24,13020.49,13640.69,-99999.0,Low,Commercial,Low,0,0,0,0.0,66.0
22.836838,72.459791,gujarati,61.32,902.45,16525.38,7400.52,18956.61,19039.15,19968.23,20421.9,13511.15,13127.54,4.85,Low,Commercial,Low,0,0,0,0.0,70.0
22.896418,72.865778,punjabi,53.69,7068.82,19583.98,16361.24,25008.41,23212.79,28828.91,27028.61,22997.23,16528.42,-99999.0,Low,Commercial,Low,0,0,0,0.0,66.0
23.097692,72.636891,south_indian,84.09,718.82,874.06,341.55,2029.67,2318.74,5490.69,2992.05,3342.76,472.78,-99999.0,Low,Residential,Low,0,0,0,0.0,67.0
22.818938,72.727337,chinese,1102.85,2013.76,18088.77,11774.2,18622.72,20448.47,26989.71,22345.32,16975.49,17125.7,-99999.0,Low,Commercial,Low,0,0,0,0.0,66.0
23.127638,72.474404,fine_dining,21.98,3302.35,3139.14,25.13,7127.62,4993.97,7783.5,10214.73,8124.88,2407.73,-99999.0,Low,Industrial,Low,0,0,0,0.0,60.0
22.851159,72.570538,dessert,358.49,795.77,12126.37,6892.51,13870.21,14255.55,18851.93,16862.56,12442.85,9403.79,-99999.0,Low,Commercial,Low,0,0,0,0.0,70.0
23.286532,72.813035,bakery,181.51,2181.76,13831.84,13858.24,21057.48,20588.86,27228.77,28240.6,17048.66,11514.16,-99999.0,Low,Commercial,Low,0,0,0,0.0,66.0
22.891872,72.791611,street_food,532.54,532.54,15177.46,11260.49,18081.47,17198.85,23439.07,20630.29,17068.95,11616.57,-99999.0,Low,Commercial,Low,0,0,0,0.0,70.0
23.098403,72.770877,fast_food,81.5,1972.23,9123.83,2542.18,12540.02,8987.51,14806.26,12026.73,7256.58,516.48,-99999.0,Low,Industrial,Low,0,0,0,0.0,52.0
23.203818,72.415493,cafe,403.95,1599.63,12818.64,2702.47,15600.46,15175.1,16645.46,19436.2,12786.28,4025.58,-99999.0,Low,Commercial,Low,0,0,0,0.0,65.5
23.126631,72.463422,coffee,229.37,4339.84,4237.16,1155.59,8254.54,5315.38,8674.97,10261.93,8603.69,3235.74,-99999.0,Low,Industrial,Low,0,0,0,0.0,55.5
23.15761,72.508749,pizza,255.66,3159.75,3907.98,1206.29,4860.89,4870.76,7124.71,8785.94,3572.82,815.06,-99999.0,Low,Industrial,Low,0,0,0,0.0,52.0
23.027666,72.652546,burger,49.17,544.39,956.04,246.0,2383.92,2546.82,2733.2,4315.92,3580.1,656.37,109.97,High,Industrial,Low,0,0,0,0.0,71.0
22.920311,72.533568,sandwich,13.42,13.42,7497.67,1356.8,9878.05,7772.77,10740.36,9188.97,7053.33,1241.19,5.79,Low,Commercial,Low,0,0,0,0.0,82.0
22.862114,72.427362,gujarati,80.42,845.47,14607.95,4352.64,16385.4,17500.58,17694.83,18808.65,11387.99,12070.99,-99999.0,Low,Commercial,Low,0,0,0,0.0,70.0
23.222604,72.602529,punjabi,657.94,1089.63,3513.83,5369.01,3269.0,3292.62,5833.21,13675.93,5826.85,4136.04,-99999.0,Low,Residential,Low,0,0,0,0.0,63.0
23.011502,72.396745,south_indian,187.43,1349.56,6848.47,1318.16,5928.99,6984.68,7559.56,5873.29,9155.06,6863.86,-99999.0,Low,Commercial,Low,0,0,0,0.0,66.0
22.856223,72.586004,chinese,70.92,469.37,11109.13,5995.91,12694.64,13748.59,18725.9,15989.91,11170.71,9585.94,51.64,Medium,Commercial,Low,0,0,0,0.0,82.0
23.105079,72.332641,fine_dining,871.21,3395.56,15303.96,8856.82,15208.67,15868.38,17165.01,14608.38,17044.01,13989.3,2.02,Low,Commercial,Low,0,0,0,0.0,66.0
23.186257,72.601931,dessert,16.42,45.44,1352.56,2082.41,1641.62,1531.93,2941.49,9741.49,3785.09,532.87,-99999.0,Low,Residential,Low,0,0,0,0.0,79.0
22.866408,72.5897,bakery,274.34,291.47,9922.43,4840.38,11506.78,12579.12,17780.7,14816.69,9994.12,8855.54,-99999.0,Low,Commercial,Low,0,0,0,0.0,78.0
22.872558,72.660015,street_food,69.23,385.95,9477.24,5667.52,10335.53,12374.37,19556.06,14270.75,8545.01,8984.86,-99999.0,Low,Commercial,Low,0,0,0,0.0,74.0
23.20721,72.830242,fast_food,52.13,1503.27,9148.74,9105.26,20353.67,17436.27,26332.49,22957.71,11835.45,12589.42,-99999.0,Low,Commercial,Low,0,0,0,0.0,58.0
23.181938,72.686554,cafe,1.19,2349.1,1394.19,1368.84,5838.25,3309.3,11413.61,12033.63,4870.87,2009.89,-99999.0,Low,Grass,Low,0,0,0,0.0,48.0
23.060581,72.524819,coffee,2.84,397.93,613.84,75.11,1423.96,1405.04,3226.28,1968.43,1876.71,1567.96,159.13,High,Residential,Low,0,4,14,4.9,69.84
22.83085,72.617294,pizza,369.67,899.8,13386.49,9141.83,14652.75,16346.24,22489.63,18478.48,12907.6,13549.06,-99999.0,Low,Commercial,Low,0,0,0,0.0,63.0
22.920153,72.775334,burger,41.13,1459.22,11627.32,7959.21,15365.8,13929.8,20020.43,17553.44,13767.49,8071.65,9.0,Low,Commercial,Low,0,0,0,0.0,58.0
23.188987,72.531117,sandwich,352.53,1403.86,4738.45,1902.21,4310.88,4283.21,4734.21,10401.27,1442.95,1404.86,-99999.0,Low,Residential,Low,0,0,0,0.0,63.0
23.092743,72.740009,gujarati,696.32,799.78,7655.59,1088.89,9324.4,5772.48,11657.1,8801.97,5377.87,1944.42,2.53,Low,Industrial,Low,0,0,0,0.0,64.0
23.175539,72.71409,punjabi,491.46,533.31,1569.02,1595.02,8744.84,5066.78,14217.68,12433.18,3061.11,4033.07,-99999.0,Low,Grass,Low,0,0,0,0.0,59.5
22.856904,72.387652,south_indian,132.71,507.27,16874.06,6194.25,18074.9,19342.24,19639.08,20281.64,13812.78,14610.36,3.09,Low,Commercial,Low,0,0,0,0.0,70.0
23.039028,72.444857,chinese,56.74,3491.44,1679.23,805.66,1574.58,2257.71,3581.8,1086.21,4705.5,1259.52,27.5,Low,Grass,Low,0,0,0,0.0,61.65
23.222346,72.474295,fine_dining,108.33,1763.83,11482.9,5674.01,10844.94,10825.18,11528.29,16533.4,8140.43,1405.49,-99999.0,Low,Commercial,Low,0,0,0,0.0,66.0
23.230848,72.547015,dessert,159.99,2007.84,6690.74,5671.15,5519.79,5522.84,6693.82,14432.41,5621.88,5885.13,-99999.0,Low,Commercial,Low,0,0,0,0.0,66.0
22.90073,72.721306,bakery,363.17,408.73,11420.55,4134.4,11371.9,11846.15,18438.49,14508.39,10171.5,9003.51,-99999.0,Low,Commercial,Low,0,0,0,0.0,74.0
23.188923,72.645233,street_food,7.35,638.66,796.32,1214.61,1618.0,1291.6,7298.48,11970.96,3654.69,1119.01,-99999.0,Low,Residential,Low,0,0,0,0.0,67.0
22.866558,72.314173,fast_food,545.13,545.13,21083.52,11945.49,21266.53,22661.17,23099.64,22912.0,18574.86,19386.19,-99999.0,Low,Commercial,Low,0,0,0,0.0,63.0
23.124182,72.708905,cafe,204.59,2315.8,5050.66,530.91,7561.55,3806.76,11208.11,7537.54,845.06,946.69,-99999.0,Low,Residential,Low,0,0,0,0.0,60.5
22.961633,72.520116,coffee,766.75,2003.8,2892.1,1179.79,5623.52,3890.07,6247.0,5311.33,2523.99,388.12,-99999.0,Low,Industrial,Low,0,0,0,0.0,55.5
22.884294,72.687914,pizza,529.19,1523.11,9892.58,3733.17,10339.85,12163.58,18848.0,14055.48,8734.44,8835.45,4.34,Low,Commercial,Low,0,0,0,0.0,58.0
22.931744,72.805887,burger,764.09,4616.47,12431.53,9092.91,18091.76,15960.79,21558.04,19839.79,15734.24,9256.09,-99999.0,Low,Commercial,Low,0,0,0,0.0,58.0
23.01331,72.522074,sandwich,14.17,14.17,260.38,41.85,673.09,415.08,955.94,1541.88,2877.19,1069.71,142.86,High,Residential,Low,3,6,13,6.55,79.66
22.942269,72.704751,gujarati,113.2,325.5,6685.99,2885.66,7722.89,7031.26,13592.56,10133.75,7003.67,4100.09,3.06,Low,Residential,Low,0,0,0,0.0,71.0
23.172387,72.549672,punjabi,148.48,1461.93,2667.02,860.99,2917.93,2533.15,2659.58,8039.56,318.37,219.34,-99999.0,Low,Industrial,Low,0,0,0,0.0,60.0
23.186218,72.589831,south_indian,82.08,661.11,1838.28,1163.61,1710.7,1628.11,1847.33,9481.47,2553.84,767.41,-99999.0,Low,Industrial,Low,0,0,0,0.0,64.0
22.987702,72.631849,chinese,11.02,111.69,460.52,71.43,1647.61,394.36,6681.95,1238.04,1511.37,524.93,132.63,High,Residential,Low,0,0,0,0.0,90.79
22.931813,72.487859,fine_dining,71.56,675.26,5616.59,1068.61,9097.67,8427.12,9589.09,9924.75,3765.89,2857.4,4.86,Low,Industrial,Low,0,0,1,0.25,64.0
22.975291,72.719187,dessert,305.52,1329.78,4166.66,1853.74,8990.43,5872.05,11631.55,9871.58,5625.4,1506.84,6.35,Low,Residential,Low,0,0,0,0.0,63.0
23.163176,72.805899,bakery,1.77,202.72,6263.27,6117.13,18210.84,14048.65,21500.02,18094.62,7773.21,7287.32,-99999.0,Low,Commercial,Low,0,0,0,0.0,78.0
23.126456,72.743732,street_food,118.17,682.32,5685.22,1986.44,10753.72,7275.99,13970.28,10539.4,3186.39,1610.03,-99999.0,Low,Industrial,Low,0,0,0,0.0,64.0
23.024366,72.715601,fast_food,317.79,1055.42,1441.82,883.89,8034.72,4216.92,8450.9,8467.25,5682.75,1147.75,-99999.0,Low,Residential,Low,0,0,0,0.0,55.0
22.887662,72.434386,cafe,253.36,1228.91,11698.41,1830.16,13475.58,14581.11,14773.89,15914.49,8486.7,9192.95,-99999.0,Low,Commercial,Low,0,0,0,0.0,65.5
23.002269,72.506294,coffee,30.75,652.7,1152.19,128.97,1276.47,1041.9,2974.3,2766.32,2757.22,168.45,46.02,Low,Residential,Low,1,3,7,3.2,63.37
23.074277,72.714293,pizza,65.62,2643.31,5283.05,1458.59,6714.48,3441.53,8431.94,6002.63,5071.27,1480.09,3.69,Low,Commercial,Low,0,0,0,0.0,58.0
23.149259,72.403228,burger,156.85,2653.75,10795.16,502.12,14181.87,11269.47,15297.78,14004.99,13898.21,8595.49,-99999.0,Low,Commercial,Low,0,0,0,0.0,58.0
23.272994,72.313069,sandwich,205.09,292.3,25738.92,14424.07,28274.92,27525.04,28905.28,30314.13,25266.0,10623.89,-99999.0,Low,Commercial,Low,0,0,0,0.0,78.0
22.853723,72.39429,gujarati,94.94,1268.29,16837.41,6106.81,18158.87,19400.74,19678.03,20414.5,13728.05,14507.05,-99999.0,Low,Commercial,Low,0,0,0,0.0,66.0
23.254414,72.562519,punjabi,257.84,1023.69,8607.72,8438.6,7516.9,7501.76,8744.69,16863.99,7921.76,7818.11,-99999.0,Low,Commercial,Low,0,0,0,0.0,66.0
22.840759,72.438627,south_indian,207.69,278.46,16578.56,6866.27,18585.12,19625.55,19773.0,20898.7,13350.06,13847.89,26.24,Low,Commercial,Low,0,0,0,0.0,82.0
22.848419,72.331898,chinese,184.25,184.25,21120.28,11152.25,21684.16,23051.77,23443.97,23549.68,18356.3,19205.29,-99999.0,Low,Commercial,Low,0,0,0,0.0,78.0
22.994476,72.88098,fine_dining,206.65,1458.34,16421.05,14319.17,25276.37,21410.88,25687.69,24832.83,21715.4,12038.04,-99999.0,Low,Commercial,Low,0,0,0,0.0,66.0
23.104703,72.612183,dessert,45.89,1048.25,986.78,411.23,3203.85,1013.09,3389.88,3671.79,3612.87,645.6,-99999.0,Low,Residential,Low,0,0,0,0.0,63.0
23.151571,72.656534,bakery,194.41,2210.03,3271.4,352.56,5595.96,1399.09,8764.89,8249.8,980.96,768.3,-99999.0,Low,Commercial,Low,0,0,0,0.0,66.0
23.263944,72.785733,street_food,0.57,1495.87,10351.91,10389.9,17435.15,16842.11,23630.98,24606.93,13546.29,8740.64,-99999.0,Low,Commercial,Low,0,0,0,0.0,66.0
23.11734,72.564604,fast_food,18.87,1753.17,1230.4,368.87,2433.73,1513.03,3523.86,1757.74,1547.44,1546.58,-99999.0,Low,Residential,Low,0,1,1,0.6,53.14
22.906819,72.690993,cafe,435.66,435.66,8434.42,1351.05,8582.68,10052.21,16566.65,12055.21,7198.39,7054.68,2.51,Low,Commercial,Low,0,0,0,0.0,71.5
23.195877,72.475884,coffee,59.83,4554.09,8638.71,3464.46,10008.94,9982.33,10407.01,14171.57,6590.26,153.74,-99999.0,Low,Commercial,Low,0,0,0,0.0,65.5
22.826132,72.657719,pizza,434.44,4140.12,14302.7,10561.85,15307.63,17379.91,24648.41,19257.18,13498.7,14030.73,-99999.0,Low,Commercial,Low,0,0,0,0.0,58.0
23.057591,72.444369,burger,14.7,3680.08,2743.11,913.2,3189.54,3638.01,5238.87,3054.16,4581.84,1664.44,-99999.0,Low,Grass,Low,0,0,0,0.0,47.5
22.891352,72.330915,sandwich,768.97,2583.5,18044.05,9651.76,18090.24,19488.63,19938.92,19688.57,15686.74,16438.74,-99999.0,Low,Commercial,Low,0,0,0,0.0,66.0
22.924843,72.310167,gujarati,950.85,1565.37,18092.19,11295.84,17425.92,18809.07,19326.26,18534.68,16362.31,16889.92,6.96,Low,Commercial,Low,0,0,0,0.0,66.0
22.885573,72.888154,punjabi,574.72,7160.44,22111.31,18932.02,27559.96,25804.27,31397.22,29616.67,25588.26,19101.02,-99999.0,Low,Commercial,Low,0,0,0,0.0,66.0
23.184243,72.514814,south_indian,482.72,3032.61,6058.12,3306.15,5986.08,5956.48,6254.16,10703.48,2400.21,1135.06,-99999.0,Low,Industrial,Low,0,0,0,0.0,60.0
22.999669,72.649926,chinese,5.13,1419.41,722.25,205.59,3900.5,1649.32,5492.07,2469.53,1644.1,965.73,112.31,High,Residential,Low,0,0,0,0.0,77.0
23.058516,72.737417,fine_dining,15.61,2889.63,5301.85,1673.7,9424.27,6321.63,10345.11,8614.54,7891.89,2906.24,3.44,Low,Commercial,Low,0,0,0,0.0,66.0
22.842936,72.362296,dessert,376.94,376.94,19602.32,9075.83,20574.51,21887.69,22221.91,22659.83,16625.33,17443.78,-99999.0,Low,Commercial,Low,0,0,0,0.0,74.0
22.946557,72.791264,bakery,91.36,4049.23,10208.97,6912.79,16364.02,13919.53,19379.58,17868.21,13674.29,7081.8,-99999.0,Low,Commercial,Low,0,0,0,0.0,66.0
23.249204,72.511895,street_food,8.13,904.0,10354.73,8489.61,9296.65,9291.6,10355.77,17332.19,8386.58,6270.92,-99999.0,Low,Commercial,Low,0,0,0,0.0,70.0
23.272378,72.470375,fast_food,202.17,878.75,15116.94,10802.48,14129.96,14121.53,15116.95,21435.17,12562.86,5323.95,-99999.0,Low,Commercial,Low,0,0,0,0.0,63.0
23.101054,72.422825,cafe,33.39,5761.95,7701.03,1288.39,8486.69,6919.42,10523.21,8299.29,8674.84,5558.01,-99999.0,Low,Commercial,Low,0,0,0,0.0,65.5
23.256263,72.643446,coffee,66.84,293.11,7070.03,8572.74,6715.03,6717.1,11272.22,18462.33,11113.09,3687.04,-99999.0,Low,Commercial,Low,0,0,0,0.0,74.5
22.935332,72.546138,pizza,24.53,191.47,5577.64,821.03,7846.2,5681.92,9214.0,7411.78,5703.62,182.93,7.93,Low,Industrial,Low,0,0,0,0.0,67.0
22.861103,72.351984,burger,69.77,1120.91,18689.78,8659.64,19362.82,20716.18,21091.73,21308.1,15884.98,16731.06,-99999.0,Low,Commercial,Low,0,0,0,0.0,58.0
22.951241,72.859269,sandwich,429.06,3809.02,15636.66,13117.04,23278.25,20411.35,25163.88,24471.28,20119.25,13309.19,-99999.0,Low,Commercial,Low,0,0,0,0.0,66.0
23.195412,72.864891,gujarati,441.95,1364.47,12251.41,12189.63,23868.91,20519.29,28490.17,25111.17,14519.79,12442.53,-99999.0,Low,Commercial,Low,0,0,0,0.0,66.0
23.230534,72.781625,punjabi,431.58,2404.99,6853.53,6876.78,15794.01,14132.89,21965.2,21330.92,10070.6,9510.09,-99999.0,Low,Commercial,Low,0,0,0,0.0,66.0
23.085949,72.712631,south_indian,555.05,1784.7,5096.6,206.27,6468.93,2944.29,8813.59,5905.89,3931.27,919.67,-99999.0,Low,Commercial,Low,0,0,0,0.0,66.0
23.273707,72.636638,chinese,710.15,710.15,8986.93,10451.03,8555.2,8569.74,12480.31,20044.28,12436.49,4640.44,-99999.0,Low,Commercial,Low,0,0,0,0.0,70.0
23.179584,72.749335,fine_dining,28.95,2982.33,333.34,336.2,12183.61,8611.74,17830.34,14856.58,3531.01,7411.91,-99999.0,Low,Commercial,Low,0,0,0,0.0,66.0
23.271395,72.576132,dessert,155.68,3313.06,9533.88,10445.32,9306.31,9292.93,10528.16,18736.17,9862.78,9516.75,-99999.0,Low,Commercial,Low,0,0,0,0.0,66.0
23.031146,72.650359,bakery,2.07,960.34,966.27,157.37,1937.93,2280.15,2289.28,4201.97,3806.36,1049.61,125.47,High,Industrial,Low,0,0,3,0.75,78.0
22.823128,72.377436,street_food,3.46,439.07,20642.1,9909.1,21940.19,23193.7,23477.37,24164.34,17522.62,18293.58,6.37,Low,Commercial,Low,0,0,0,0.0,74.0
22.842426,72.677524,fast_food,426.83,4166.16,13255.15,8403.65,14060.16,16068.22,23126.58,17970.82,12288.17,12664.59,-99999.0,Low,Commercial,Low,0,0,0,0.0,58.0
23.287215,72.70261,cafe,496.45,4500.33,11721.86,13041.05,12380.99,12336.95,17909.22,23764.81,15182.78,1343.28,-99999.0,Low,Commercial,Low,0,0,0,0.0,65.5
22.920366,72.493124,coffee,480.85,480.85,6766.48,1014.79,10351.33,9218.94,10940.29,10656.34,5111.28,3405.88,-99999.0,Low,Commercial,Low,0,0,0,0.0,71.5
23.268614,72.609572,pizza,3.92,3263.42,8442.39,10095.07,8138.72,8162.33,10806.0,18818.12,10523.95,7223.84,-99999.0,Low,Commercial,Low,0,0,0,0.0,58.0
22.814667,72.792663,burger,759.45,759.45,22976.03,15865.84,23179.82,23797.45,30357.56,26507.68,21760.82,19496.54,-99999.0,Low,Commercial,Low,0,0,0,0.0,63.0
22.929164,72.363945,sandwich,164.98,1222.19,12914.4,6326.74,12735.71,14136.72,14601.33,14299.45,10909.82,11516.82,-99999.0,Low,Commercial,Low,0,0,0,0.0,66.0
23.133375,72.786223,gujarati,234.96,1345.78,6357.44,5467.36,15049.29,11641.18,17977.09,14746.44,6060.27,3566.1,-99999.0,Low,Commercial,Low,0,0,0,0.0,66.0
22.846494,72.85021,punjabi,1109.3,2777.21,22632.72,18660.89,25750.95,25035.4,31225.41,28444.49,24676.99,19185.47,-99999.0,Low,Commercial,Low,0,0,0,0.0,66.0
23.038747,72.515052,south_indian,78.59,272.37,113.19,158.03,808.2,145.86,2857.43,1448.38,1424.46,703.4,120.04,High,Residential,Low,0,1,2,0.85,85.8
23.239272,72.466064,chinese,15.72,284.61,13179.8,7129.88,12388.09,12371.76,13177.78,18547.3,10004.68,2239.02,-99999.0,Low,Commercial,Low,0,0,0,0.0,78.0
23.264617,72.706202,fine_dining,158.96,2194.92,9236.53,10582.66,10713.41,10654.23,16591.42,21404.7,12655.76,1072.92,-99999.0,Low,Commercial,Low,0,0,0,0.0,66.0
23.246765,72.59942,dessert,230.01,1039.11,6178.69,7854.34,5910.58,5934.49,8181.47,16260.68,7892.79,6784.89,-99999.0,Low,Commercial,Low,0,0,0,0.0,66.0
22.90584,72.736549,bakery,1508.09,1685.72,11844.51,5402.17,12361.35,12211.91,18742.38,15222.12,11321.1,8421.98,-99999.0,Low,Commercial,Low,0,0,0,0.0,66.0
23.228916,72.429932,street_food,452.34,458.02,14046.68,5772.65,15376.43,15354.95,15983.01,20080.96,12370.72,947.92,-99999.0,Low,Commercial,Low,0,0,0,0.0,74.0
22.907328,72.454823,fast_food,93.06,93.06,9018.35,601.42,11139.03,12109.68,12232.44,13342.83,5791.51,6393.12,-99999.0,Low,Commercial,Low,0,0,0,0.0,78.0
23.106927,72.400477,cafe,27.94,3390.78,9696.83,3583.7,10209.37,9300.51,12281.26,9877.76,10905.27,7764.14,-99999.0,Low,Commercial,Low,0,0,0,0.0,65.5
22.861211,72.843709,coffee,53.38,3264.97,20921.86,17365.6,24383.08,23476.36,29600.99,26961.44,23329.51,17500.84,-99999.0,Low,Commercial,Low,0,0,0,0.0,65.5
23.13439,72.694786,pizza,190.01,871.27,4663.51,573.47,7288.07,3351.4,11262.63,7499.16,1212.71,1792.17,-99999.0,Low,Residential,Low,0,0,0,0.0,60.0
23.104637,72.753262,burger,80.6,897.58,8120.56,843.23,10879.33,7348.67,13461.39,10442.99,5407.08,357.78,-99999.0,Low,Industrial,Low,0,0,0,0.0,57.0
23.069907,72.334513,sandwich,945.08,2759.56,13480.62,7768.18,13352.6,14064.74,15108.69,12636.59,15926.48,12602.99,1.79,Low,Commercial,Low,0,0,0,0.0,66.0
23.0415,72.669987,gujarati,7.11,972.81,651.12,119.96,3028.89,833.28,3436.89,4202.69,4340.32,35.75,105.48,High,Industrial,High,0,0,0,0.0,70.0
23.046323,72.88151,punjabi,6.56,6672.78,16762.42,14473.68,24130.44,20758.15,25048.95,23384.54,19417.98,7618.86,-99999.0,Low,Commercial,Low,0,0,0,0.0,66.0
23.24056,72.813886,south_indian,274.08,1064.93,9781.16,9780.47,19267.96,17499.81,25445.86,24291.31,12925.16,12154.25,-99999.0,Low,Commercial,Low,0,0,0,0.0,66.0
23.045587,72.880949,chinese,66.58,6575.3,16688.46,14414.78,24087.98,20720.28,24992.19,23339.78,19422.03,7625.51,-99999.0,Low,Commercial,Low,0,0,0,0.0,66.0
23.249683,72.472555,fine_dining,2.4,1030.82,13291.18,8420.69,12407.1,12394.11,13290.06,19145.84,10396.83,3548.49,-99999.0,Low,Commercial,Low,0,0,0,0.0,66.0
22.916605,72.644466,dessert,433.73,1146.19,4378.49,1206.6,5210.38,7269.48,14554.98,9155.96,3412.37,3924.2,-99999.0,Low,Commercial,Low,0,0,0,0.0,66.0
22.835991,72.773577,bakery,655.74,795.64,19950.51,12806.77,20126.35,20751.29,27321.68,23438.66,18728.73,16677.13,-99999.0,Low,Commercial,Low,0,0,0,0.0,70.0
23.039594,72.623645,street_food,7.71,892.96,517.92,80.52,1918.37,2430.34,1658.78,1742.81,1167.06,1451.53,149.39,High,Residential,Low,0,0,1,0.25,81.61
23.051188,72.538356,fast_food,9.53,677.67,140.7,17.91,1229.39,454.33,1552.51,694.96,2374.07,112.7,171.95,High,Residential,Low,0,1,9,2.6,77.14
23.139443,72.411384,cafe,247.97,3522.16,9727.43,1846.4,12856.55,9936.63,14077.07,12703.0,12527.16,8330.63,-99999.0,Low,Industrial,Low,0,0,0,0.0,55.5
23.278723,72.714982,coffee,93.55,3861.93,10884.74,11745.21,12460.25,12404.43,18252.65,23143.32,14058.23,1465.06,-99999.0,Low,Commercial,Low,0,0,0,0.0,65.5
23.030834,72.709742,pizza,21.9,1388.57,2363.17,881.31,7262.7,3422.75,7674.98,7538.78,5649.32,695.89,5.67,Low,Industrial,Low,0,0,0,0.0,52.0
22.815674,72.432236,burger,226.73,1280.57,19433.93,9521.38,21414.94,22395.11,22623.03,23752.57,16205.01,16564.44,4.12,Low,Commercial,Low,0,0,0,0.0,58.0
23.088884,72.498753,sandwich,2.01,418.38,2125.4,221.11,4240.14,1225.5,3898.19,5867.85,3659.6,1012.79,6.53,Low,Residential,Low,0,0,2,0.5,71.0
23.104133,72.460626,gujarati,499.73,3812.11,4937.45,674.84,7124.25,3551.62,8016.82,7777.25,6467.96,2272.82,-99999.0,Low,Industrial,Low,0,0,0,0.0,60.0
23.07331,72.447541,punjabi,132.57,3882.68,3728.75,651.24,4730.87,4096.73,6678.02,4673.65,4838.21,1715.45,-99999.0,Low,Residential,Low,0,0,0,0.0,63.0
23.036246,72.665589,south_indian,64.53,1090.6,877.34,79.88,2765.01,1214.59,3183.56,4635.13,4261.49,544.62,87.07,Medium,Industrial,Low,0,0,3,0.75,74.0
22.985644,72.599287,chinese,10.38,233.91,236.77,100.74,530.48,1190.44,7884.37,1876.48,1761.13,372.97,125.28,High,Residential,Low,0,1,1,0.6,84.79
22.911056,72.716413,fine_dining,165.04,817.33,10296.84,3257.43,10301.76,10602.26,17192.86,13330.92,9198.99,7758.61,9.08,Low,Commercial,Low,0,0,0,0.0,70.0
22.988709,72.805509,dessert,404.59,926.73,8963.14,6743.55,17967.56,14245.12,18461.55,18205.24,14000.53,7253.71,4.63,Low,Commercial,Low,0,0,0,0.0,70.0
22.944222,72.414336,bakery,211.73,3684.03,7679.01,1786.57,8162.9,9504.15,9877.17,10247.94,5476.51,6109.45,-99999.0,Low,Commercial,Low,0,0,0,0.0,66.0
22.872947,72.644018,street_food,214.32,214.32,8931.72,5902.34,9972.37,12055.25,19384.82,13917.28,8163.49,8754.29,-99999.0,Low,Commercial,Low,0,0,0,0.0,78.0
22.919712,72.367924,fast_food,45.42,372.44,13127.39,5764.65,13196.66,14590.75,15030.17,14901.28,10892.39,11584.91,5.75,Low,Commercial,Low,0,0,0,0.0,68.0
22.939576,72.446767,cafe,175.03,785.22,5908.63,966.49,7606.78,8690.76,8889.19,10077.88,2850.57,3685.75,4.63,Low,Industrial,Low,0,0,0,0.0,58.5
23.017465,72.530912,coffee,30.73,74.99,49.12,57.09,444.99,103.78,60.61,758.66,2007.94,1373.78,151.26,High,Residential,Low,0,4,17,5.65,84.38
22.880005,72.866306,pizza,84.61,6282.83,20864.86,17519.05,25650.46,24164.6,29966.69,27879.94,23971.46,17677.23,-99999.0,Low,Commercial,Low,0,0,0,0.0,58.0
22.881783,72.777288,burger,414.6,1285.03,15580.34,10230.76,17317.08,16932.6,23342.68,20130.53,16234.38,11969.75,-99999.0,Low,Commercial,Low,0,0,0,0.0,58.0
22.894771,72.599767,sandwich,253.01,253.01,6629.36,1859.52,8212.3,9318.83,15318.7,11570.32,6755.75,6623.25,6.75,Low,Commercial,Low,0,0,0,0.0,78.0
23.28787,72.802646,gujarati,516.62,1429.9,13476.8,13510.54,20200.55,19947.99,26351.44,27772.32,16682.65,10476.9,-99999.0,Low,Commercial,Low,0,0,0,0.0,66.0
23.058163,72.727925,punjabi,518.63,3803.0,5059.67,2050.76,8512.4,5386.06,9374.31,7683.92,7331.44,2138.5,3.89,Low,Commercial,Low,0,0,0,0.0,66.0
23.18696,72.48402,south_indian,403.68,4689.41,7439.73,3246.52,8948.8,8815.78,9420.45,12880.94,5529.59,419.58,-99999.0,Low,Industrial,Low,0,0,0,0.0,60.0
23.079826,72.639344,chinese,81.22,1149.67,878.96,342.01,1128.27,902.23,3552.89,1712.11,1363.89,1179.1,54.7,Medium,Grass,Low,0,0,0,0.0,64.18
23.001233,72.710515,fine_dining,758.51,1439.92,1746.15,1347.6,8710.09,4642.18,9121.13,8681.05,4268.85,2223.24,4.51,Low,Residential,Low,0,0,0,0.0,63.0
22.838817,72.782014,dessert,513.43,1616.35,20231.0,13222.17,20547.29,20966.82,27510.91,23774.76,19198.03,16614.81,-99999.0,Low,Commercial,Low,0,0,0,0.0,66.0
23.038739,72.67532,bakery,5.44,495.12,109.95,50.94,3626.62,209.53,4038.88,4696.44,4640.82,657.27,94.95,Medium,Industrial,Low,0,0,0,0.0,82.0
23.02593,72.504101,street_food,31.98,265.95,808.56,158.16,377.14,367.15,2863.42,473.55,2662.76,682.11,94.27,Medium,Residential,Low,0,0,1,0.25,92.59
22.983262,72.635003,fast_food,73.85,120.46,913.2,191.71,1536.57,283.47,7154.97,1825.7,1853.31,675.18,121.82,High,Industrial,Low,0,0,1,0.25,81.82
23.257285,72.459475,cafe,35.82,899.04,14866.73,8966.99,13988.42,13975.33,14865.52,20576.08,11907.97,3327.05,-99999.0,Low,Commercial,Low,0,0,0,0.0,68.5
22.819521,72.380318,coffee,403.15,466.99,20857.29,10124.78,22210.47,23452.12,23726.63,24456.39,17718.72,18479.66,-99999.0,Low,Commercial,Low,0,0,0,0.0,71.5
23.226337,72.868608,pizza,427.15,634.55,13586.35,13546.74,24468.91,21847.76,30542.14,27357.8,16295.6,15811.0,-99999.0,Low,Commercial,Low,0,0,0,0.0,63.0
22.9055,72.644019,burger,205.38,853.73,5478.28,2338.87,6404.78,8476.28,15781.57,10354.3,4597.17,5150.07,5.67,Low,Commercial,Low,0,0,0,0.0,63.0
23.121583,72.411233,sandwich,41.77,3989.47,9560.99,3197.37,11051.08,8873.07,13089.33,10847.2,11075.9,7605.07,-99999.0,Low,Commercial,Low,0,0,0,0.0,66.0
23.184548,72.515963,gujarati,484.13,2915.44,6036.21,3195.46,5866.74,5837.22,6142.53,10670.28,2301.22,1151.13,-99999.0,Low,Industrial,Low,0,0,0,0.0,60.0
23.133133,72.592746,punjabi,20.23,464.66,1641.12,472.42,5028.25,2562.93,5047.82,3876.53,3676.52,938.0,-99999.0,Low,Residential,Low,0,0,1,0.25,71.0
23.163533,72.825987,south_indian,114.67,861.68,8260.85,8128.3,20127.32,16105.67,23209.36,19892.32,9817.13,7803.54,-99999.0,Low,Commercial,Low,0,0,0,0.0,70.0
22.992914,72.476184,chinese,222.62,398.8,661.9,156.29,2675.11,2717.2,2717.11,3653.01,3882.64,1470.49,7.72,Low,Commercial,Low,0,0,0,0.0,74.0
23.113222,72.394012,fine_dining,26.78,2614.82,10658.5,4367.39,11162.38,10138.33,13234.81,10819.12,11846.53,8707.14,-99999.0,Low,Commercial,Low,0,0,0,0.0,66.0
22.890436,72.778476,dessert,412.05,543.2,14738.91,10010.87,16950.19,16324.37,22672.55,19630.98,15948.49,11135.37,-99999.0,Low,Commercial,Low,0,0,0,0.0,70.0
22.971946,72.676139,bakery,222.79,1022.62,2509.78,651.33,4584.71,2714.86,9306.82,5871.27,2785.66,586.98,2.43,Low,Residential,Low,0,0,0,0.0,63.0
23.084386,72.802362,street_food,196.01,2683.33,11428.37,6033.8,15660.08,12139.77,17410.53,15041.91,10529.74,1109.57,-99999.0,Low,Commercial,Low,0,0,0,0.0,66.0
22.844245,72.40396,fast_food,116.57,657.24,17334.41,6658.06,18853.44,20049.03,20292.74,21180.23,14159.34,14898.94,4.68,Low,Commercial,Low,0,0,0,0.0,63.0
22.919545,72.493789,cafe,588.49,588.49,6848.86,996.0,10427.39,9267.28,11043.87,10698.44,5224.84,3443.18,-99999.0,Low,Commercial,Low,0,0,0,0.0,68.5
22.949851,72.465134,coffee,5.48,12.51,4190.23,98.23,6521.01,7356.53,7437.06,8521.1,978.48,1620.41,41.98,Low,Industrial,Low,0,0,0,0.0,73.5
23.119429,72.467324,pizza,144.69,3713.5,3827.55,1157.26,7913.03,4423.23,7945.4,9469.48,7712.25,2367.28,-99999.0,Low,Industrial,Low,0,0,0,0.0,52.0
23.023551,72.810428,burger,311.07,2878.71,9137.37,7398.18,17562.26,13675.51,17965.71,16923.89,14790.16,7190.55,-99999.0,Low,Commercial,Low,0,0,0,0.0,58.0
22.984319,72.650413,sandwich,24.07,794.77,1507.41,168.9,2769.68,1818.96,7164.36,2899.41,2173.03,364.25,69.06,Medium,Residential,Low,0,0,0,0.0,75.0
23.273452,72.550114,gujarati,9.68,2298.22,11055.24,10396.97,9834.09,9827.44,11060.07,19066.6,10143.88,10182.35,-99999.0,Low,Commercial,Low,0,0,0,0.0,66.0
22.898265,72.323399,punjabi,137.23,2812.11,18249.47,10365.38,18116.35,19517.86,19987.17,19597.5,16034.57,16736.02,-99999.0,Low,Commercial,Low,0,0,0,0.0,66.0
23.159331,72.693973,south_indian,132.15,650.08,2528.24,316.21,7589.74,2581.19,12303.39,9913.74,3214.84,1639.75,-99999.0,Low,Residential,Low,0,0,0,0.0,67.0
23.26141,72.716404,chinese,151.36,2424.6,9015.28,9873.15,11249.62,11182.99,17249.75,21340.31,12136.62,2120.19,-99999.0,Low,Commercial,Low,0,0,0,0.0,66.0
22.848431,72.406808,fine_dining,144.26,997.6,16791.63,6127.33,18327.82,19517.81,19758.14,20663.53,13613.98,14351.91,-99999.0,Low,Commercial,Low,0,0,0,0.0,70.0
22.859444,72.347,dessert,463.53,1664.19,19169.45,9193.65,19797.67,21156.66,21538.66,21715.03,16386.35,17234.36,3.85,Low,Commercial,Low,0,0,0,0.0,66.0
23.231772,72.628092,bakery,16.69,403.52,4469.39,5826.8,3913.62,3944.79,8180.74,15366.07,8414.18,4064.08,-99999.0,Low,Residential,Low,0,0,0,0.0,71.0
22.822655,72.540267,street_food,167.83,167.83,16283.34,9102.5,18150.41,17745.13,21578.07,19907.56,16798.1,11962.33,4.9,Low,Commercial,Low,0,0,0,0.0,78.0
23.177198,72.358286,fast_food,271.2,1594.83,16163.02,5177.7,19086.44,16799.02,20812.07,18780.5,18301.12,9733.5,-99999.0,Low,Commercial,Low,0,0,0,0.0,58.0
22.935977,72.400059,cafe,532.66,2409.79,9397.6,3282.1,9723.37,11091.08,11490.49,11672.63,7158.61,7827.77,-99999.0,Low,Commercial,Low,0,0,0,0.0,65.5
23.12432,72.823573,coffee,150.77,2782.89,9839.29,8347.47,18392.31,14873.21,20899.22,17969.74,10002.94,3711.74,-99999.0,Low,Commercial,Low,0,0,0,0.0,65.5
22.958498,72.45349,pizza,442.9,1543.85,3746.89,822.64,5470.56,6500.08,6685.0,7870.92,1219.69,1829.45,6.11,Low,Industrial,Low,0,0,0,0.0,52.0
22.946404,72.673359,burger,62.02,439.36,5050.43,487.94,4533.38,5385.74,11831.83,7458.13,3917.44,3179.84,-99999.0,Low,Residential,Low,0,0,0,0.0,65.0
22.873013,72.79634,sandwich,435.13,435.13,17258.45,12411.16,19494.21,18985.58,25329.25,22262.27,18417.83,13676.44,-99999.0,Low,Commercial,Low,0,0,0,0.0,74.0
22.823714,72.694858,gujarati,115.36,4768.83,15894.83,10479.65,16631.55,18601.64,25521.56,20504.51,14885.51,15200.53,-99999.0,Low,Commercial,Low,0,0,0,0.0,66.0
23.222977,72.498617,punjabi,6.1,943.73,9398.69,6876.72,8597.91,8581.42,9396.88,15245.7,6419.5,3609.98,-99999.0,Low,Commercial,Low,0,0,0,0.0,70.0
23.038554,72.875489,south_indian,101.54,5639.89,15985.79,13865.36,23689.6,20198.81,24453.46,22919.44,19478.71,7746.34,-99999.0,Low,Commercial,Low,0,0,0,0.0,66.0
23.06948,72.468,chinese,22.34,1799.17,2691.39,1487.05,3787.43,1962.32,5839.76,3949.94,2880.94,365.98,-99999.0,Low,Residential,Low,0,0,0,0.0,63.0
23.023526,72.872335,fine_dining,222.84,3981.08,15452.54,13583.64,23786.05,19975.28,24259.65,22975.78,20367.23,8836.53,-99999.0,Low,Commercial,Low,0,0,0,0.0,66.0
23.144859,72.412681,dessert,517.78,3635.71,9732.13,1469.07,13368.58,10215.59,14213.47,13234.97,12917.12,8157.61,-99999.0,Low,Industrial,Low,0,0,0,0.0,60.0
23.09684,72.676008,bakery,6.11,893.3,1168.89,666.23,3081.0,1303.57,6733.71,3011.63,2122.92,696.35,61.16,Medium,Industrial,Low,0,0,0,0.0,72.0
23.115209,72.637111,street_food,22.58,46.07,1266.48,540.76,3725.67,922.02,6181.89,4634.92,4177.82,926.22,-99999.0,Low,Residential,Low,0,0,0,0.0,79.0
23.061261,72.680926,fast_food,38.87,813.99,1692.45,542.75,4057.7,977.58,4726.73,3115.49,4418.48,1944.64,5.27,Low,Residential,Low,0,0,0,0.0,60.0
22.958637,72.511358,cafe,574.34,1070.35,2686.33,731.24,5910.57,4612.77,6776.65,6098.56,3175.03,0.0,-99999.0,Low,Industrial,High,0,0,0,0.0,47.5
23.069041,72.776731,coffee,178.51,184.43,8378.49,4670.98,13133.42,9728.08,14498.34,12426.21,9901.83,3472.67,-99999.0,Low,Commercial,Low,0,0,0,0.0,74.5
23.022093,72.522154,pizza,14.51,820.11,325.25,15.35,510.43,670.7,1002.64,968.72,3006.4,455.19,153.83,High,Residential,Low,0,1,6,1.85,75.85
22.934707,72.486072,burger,250.88,806.49,5356.39,700.1,8731.71,8280.08,9240.43,9792.07,3400.52,2825.03,-99999.0,Low,Industrial,Low,0,0,0,0.0,57.0
22.810044,72.78292,sandwich,54.13,54.13,22586.81,15579.24,22858.04,23705.84,30288.78,26276.64,21386.84,19700.72,-99999.0,Low,Commercial,Low,0,0,0,0.0,82.0
23.217014,72.509453,gujarati,24.03,540.79,8108.74,5628.97,7309.22,7292.43,8107.0,14147.45,5239.66,4291.87,-99999.0,Low,Commercial,Low,0,0,0,0.0,70.0
23.035215,72.314824,punjabi,779.65,1065.46,14848.44,8891.94,14633.61,15412.91,16067.29,13890.86,17617.88,14390.83,-99999.0,Low,Commercial,Low,0,0,0,0.0,66.0
23.252602,72.859235,south_indian,135.11,3260.26,14190.11,14172.0,24096.35,22184.09,30275.47,28497.35,17184.51,16366.62,-99999.0,Low,Commercial,Low,0,0,0,0.0,66.0
23.038992,72.315297,chinese,1090.68,1475.51,14814.44,8918.15,14659.0,15382.88,16077.58,13864.11,17780.87,14313.64,2.23,Low,Commercial,Low,0,0,0,0.0,66.0
23.016609,72.479895,fine_dining,5.99,24.71,1053.23,194.56,400.35,446.98,991.31,1043.6,4001.74,909.7,62.38,Medium,Residential,Low,1,11,30,11.75,67.87
22.920983,72.314186,dessert,828.56,2150.47,17882.51,11217.78,17311.37,18701.12,19210.34,18495.0,16067.17,16625.03,-99999.0,Low,Commercial,Low,0,0,0,0.0,66.0
22.989349,72.548807,bakery,164.27,923.86,1185.75,620.96,2287.11,1425.44,3619.05,1430.48,2225.05,35.95,7.89,Low,Residential,High,0,0,0,0.0,60.34
23.079066,72.538956,street_food,7.46,1270.0,252.48,61.67,1695.88,1312.78,963.99,2642.42,467.67,650.21,122.61,High,Residential,Low,0,0,0,0.0,77.0
22.888369,72.737528,fast_food,546.56,1424.95,13538.04,6258.99,13525.74,13869.9,20444.33,16644.8,12301.42,10359.8,-99999.0,Low,Commercial,Low,0,0,0,0.0,58.0
22.997067,72.529448,cafe,3.31,267.07,582.14,67.0,1795.85,745.63,2233.94,1954.85,1294.12,1431.6,125.84,High,Residential,Low,0,0,2,0.5,80.32
22.936231,72.554899,coffee,31.58,569.51,4794.25,1157.3,7128.69,5199.3,9317.3,7347.92,5969.83,838.39,6.15,Low,Industrial,Low,0,0,0,0.0,58.5
22.92499,72.753432,pizza,446.83,446.83,10246.13,6565.61,13063.26,11835.13,18092.23,15343.55,11701.99,6629.76,3.56,Low,Commercial,Low,0,0,0,0.0,68.0
23.246778,72.778393,burger,151.22,2360.99,8307.8,8345.45,16004.47,14992.75,22212.08,22604.79,11504.91,8503.76,-99999.0,Low,Commercial,Low,0,0,0,0.0,58.0
23.138627,72.475113,sandwich,1.32,3798.58,3503.44,843.6,7148.27,6157.42,8482.9,10545.68,7538.87,2290.33,-99999.0,Low,Industrial,Low,0,0,0,0.0,60.0
23.166605,72.779109,gujarati,84.01,2078.05,3530.17,3367.29,15448.31,11338.35,19614.03,16059.74,5177.03,6891.83,-99999.0,Low,Commercial,Low,0,0,0,0.0,66.0
23.008194,72.80502,punjabi,34.39,1206.15,8520.92,6518.6,17348.33,13493.7,17760.93,17095.41,13986.87,7598.71,5.04,Low,Commercial,Low,0,0,0,0.0,66.0
22.897555,72.477965,south_indian,174.05,558.45,9545.23,1971.02,12458.09,12182.86,13236.33,13624.08,6894.19,6371.06,4.51,Low,Commercial,Low,0,0,0,0.0,70.0
23.115709,72.668283,chinese,28.9,276.29,1557.21,394.4,4040.17,609.35,8169.24,4464.24,1997.37,1124.33,-99999.0,Low,Residential,Low,0,0,0,0.0,75.0
22.940624,72.671197,fine_dining,41.26,148.19,4946.17,485.32,4628.35,5995.73,12377.11,7821.16,3746.58,3174.07,50.6,Medium,Residential,Low,0,2,6,2.2,75.94
22.900139,72.321249,dessert,427.51,2864.52,18325.69,10581.34,18143.33,19544.87,20019.21,19590.93,16150.75,16838.12,-99999.0,Low,Commercial,Low,0,0,0,0.0,66.0
22.833823,72.620283,bakery,472.9,1334.46,13044.0,8920.51,14294.82,16033.06,22312.65,18137.06,12540.59,13231.54,-99999.0,Low,Commercial,Low,0,0,0,0.0,66.0
22.89925,72.369319,street_food,8.26,780.17,14428.39,5650.73,14868.39,16239.47,16639.01,16747.76,11854.61,12677.88,5.28,Low,Commercial,Low,0,0,0,0.0,70.0
22.939214,72.724814,fast_food,50.88,443.03,8157.38,4539.42,9795.12,8610.29,15018.1,12018.55,8511.4,4779.05,-99999.0,Low,Residential,Low,0,0,0,0.0,65.0
23.159011,72.44503,cafe,52.96,6962.28,7315.45,947.58,10695.32,9367.66,12291.25,13986.63,9627.62,4500.59,-99999.0,Low,Industrial,Low,0,0,0,0.0,55.5
22.882328,72.596276,coffee,273.32,283.96,8052.06,3097.61,9619.22,10732.06,16401.04,12979.35,8122.49,7952.54,12.51,Low,Commercial,Low,0,0,0,0.0,77.5
22.974118,72.490714,pizza,13.33,245.43,1295.36,246.25,4776.5,4413.21,5175.63,5864.18,3039.84,1059.37,27.83,Low,Industrial,Low,0,0,0,0.0,71.0
23.193742,72.888819,burger,311.78,558.15,14651.76,14586.72,26320.67,22888.28,30431.58,27143.57,16804.31,13324.0,-99999.0,Low,Commercial,Low,0,0,0,0.0,63.0
23.032569,72.769026,sandwich,84.22,855.52,5288.54,3186.07,13223.34,9336.97,13623.62,12610.67,10994.24,4462.57,5.14,Low,Residential,Low,0,0,0,0.0,67.0
22.968519,72.799257,gujarati,832.84,3143.86,9312.92,6680.23,17102.43,13984.21,18800.05,18060.36,13684.97,6873.69,4.44,Low,Commercial,Low,0,0,0,0.0,66.0
23.266789,72.342502,punjabi,254.22,435.54,23041.06,11947.37,25208.24,25109.26,25855.79,28404.82,22251.82,7535.49,-99999.0,Low,Commercial,Low,0,0,0,0.0,74.0
23.182313,72.351403,south_indian,55.51,2172.2,17030.98,6073.84,19944.96,17703.5,21702.68,19627.28,19014.52,9723.23,-99999.0,Low,Commercial,Low,0,0,0,0.0,66.0
23.03567,72.421472,chinese,28.62,4471.78,3925.29,759.91,3774.37,4499.9,5419.18,2998.65,7113.6,3589.58,6.96,Low,Commercial,Low,0,0,0,0.0,66.0
23.213939,72.784005,fine_dining,275.75,1536.14,5534.58,5536.3,15702.85,13372.93,21776.16,20056.37,8699.46,9817.53,-99999.0,Low,Commercial,Low,0,0,0,0.0,66.0
23.207561,72.380738,dessert,511.47,511.47,15798.9,4396.89,18891.27,17519.42,20222.35,20863.18,16350.72,5659.7,-99999.0,Low,Commercial,Low,0,0,0,0.0,70.0
23.17871,72.454398,bakery,270.32,5545.76,8069.77,625.05,10747.17,10892.17,12384.31,14576.57,8457.51,2567.59,-99999.0,Low,Industrial,Low,0,0,0,0.0,60.0
23.180188,72.566917,street_food,50.41,50.41,958.17,746.83,1013.65,624.78,955.24,8628.8,355.01,748.53,-99999.0,Low,Residential,Low,0,0,0,0.0,79.0
23.164057,72.329436,fast_food,198.65,4771.97,18522.0,7516.23,19715.55,18483.46,21781.74,19286.86,20514.09,12730.69,-99999.0,Low,Commercial,Low,0,0,0,0.0,58.0
23.031201,72.757178,cafe,64.05,282.01,4136.1,2208.93,12037.74,8150.8,12440.86,11568.59,9812.87,3352.51,8.26,Low,Residential,Low,0,0,0,0.0,69.5
23.060147,72.879627,coffee,370.62,6224.0,16982.11,14393.34,23722.9,20283.58,24891.61,23017.28,18367.98,6600.06,-99999.0,Low,Commercial,Low,0,0,0,0.0,65.5
23.036956,72.705237,pizza,193.3,1759.48,3014.06,1256.31,6676.52,2792.11,7081.75,6741.47,5826.15,367.38,5.56,Low,Industrial,Low,0,0,0,0.0,52.0
22.959812,72.497377,burger,29.72,29.72,2377.89,650.5,5996.56,5431.95,6901.63,6978.2,3235.89,1004.5,5.06,Low,Industrial,Low,0,0,0,0.0,72.0
23.111999,72.334468,sandwich,483.88,3353.03,15519.13,8310.26,15477.89,16018.87,17463.17,14905.28,17151.34,14066.62,-99999.0,Low,Commercial,Low,0,0,0,0.0,66.0
23.259962,72.612137,gujarati,3.0,2558.97,7476.22,9104.32,7168.25,7191.75,10000.55,17927.68,9794.82,6890.45,-99999.0,Low,Commercial,Low,0,0,0,0.0,66.0
22.93159,72.680342,punjabi,151.28,151.28,6145.16,162.44,5961.56,7128.27,13615.77,9184.82,4907.89,4474.96,6.12,Low,Residential,Low,0,0,0,0.0,75.0
22.905387,72.824761,south_indian,716.51,4043.92,15891.92,12461.95,20694.79,19060.43,24882.86,22802.12,18865.18,12614.58,-99999.0,Low,Commercial,Low,0,0,0,0.0,66.0
23.224556,72.436317,chinese,227.23,227.23,13288.59,5419.04,14610.35,14588.39,15199.75,19275.88,11568.16,894.16,-99999.0,Low,Commercial,Low,0,0,0,0.0,78.0
22.864206,72.677087,fine_dining,671.12,2235.74,11077.87,6013.54,11789.36,13762.62,20748.39,15665.91,10048.22,10360.05,-99999.0,Low,Commercial,Low,0,0,0,0.0,66.0
22.965766,72.407069,dessert,158.79,1965.41,7182.27,1703.82,6734.31,8134.92,8600.05,8431.48,6033.49,6251.47,-99999.0,Low,Commercial,Low,0,0,0,0.0,66.0
22.942528,72.379397,bakery,241.05,241.05,10814.08,4994.92,10566.16,11967.17,12432.46,12159.63,9001.78,9522.54,-99999.0,Low,Commercial,Low,0,0,0,0.0,78.0
23.188789,72.315179,street_food,169.48,5013.78,20743.6,9703.24,22741.83,21144.48,24812.14,22334.69,22752.77,12058.6,-99999.0,Low,Commercial,Low,0,0,0,0.0,66.0
22.830157,72.764416,fast_food,40.58,40.58,19674.67,12651.34,19931.89,20828.7,27419.11,23352.17,18470.03,17102.54,-99999.0,Low,Commercial,Low,0,0,0,0.0,78.0
23.03813,72.655803,cafe,74.04,1577.28,375.27,213.52,1775.35,1834.83,2191.53,4274.99,3712.08,987.17,104.06,High,Industrial,Low,0,0,2,0.5,66.0
22.988271,72.361898,coffee,27.02,27.02,11149.22,3995.07,9735.41,10986.14,11552.76,10195.53,11110.64,10299.69,2.89,Low,Commercial,Low,0,0,0,0.0,77.5
22.885695,72.363013,pizza,298.09,345.33,15932.56,6526.93,16468.13,17832.56,18222.65,18374.01,13257.23,14114.24,5.57,Low,Commercial,Low,0,0,0,0.0,68.0
23.10695,72.849892,burger,1032.17,2732.02,13151.09,10647.64,20691.18,17138.55,22765.19,20162.64,13203.94,3330.85,-99999.0,Low,Commercial,Low,0,0,0,0.0,58.0
23.288547,72.672577,sandwich,256.43,2686.9,11184.82,12527.27,11007.03,10986.73,15927.26,22935.73,14891.15,2810.26,-99999.0,Low,Commercial,Low,0,0,0,0.0,66.0
22.838692,72.683853,gujarati,512.75,4863.78,13905.64,8778.55,14671.48,16660.54,23656.5,18564.03,12913.07,13256.36,-99999.0,Low,Commercial,Low,0,0,0,0.0,66.0
23.146638,72.76905,punjabi,105.0,858.92,4127.3,3882.44,14093.93,10320.82,17392.47,13927.93,3968.15,4479.88,-99999.0,Low,Commercial,Low,0,0,0,0.0,70.0
22.870397,72.444951,south_indian,180.89,447.54,13232.25,3682.62,15261.6,16285.27,16427.63,17551.46,10003.14,10604.64,-99999.0,Low,Commercial,Low,0,0,0,0.0,74.0
23.281204,72.767366,chinese,41.92,686.14,11657.42,11714.87,16745.53,16671.13,22839.23,25333.21,14720.75,6804.75,-99999.0,Low,Commercial,Low,0,0,0,0.0,70.0
23.173215,72.777205,fine_dining,113.0,2102.84,3153.62,3032.94,15114.96,11238.16,19971.73,16372.97,5263.84,7540.01,-99999.0,Low,Commercial,Low,0,0,0,0.0,66.0
23.020585,72.42192,dessert,26.3,3936.79,4079.0,765.41,3618.76,4408.99,4972.12,3102.22,7664.88,4102.54,5.33,Low,Commercial,Low,0,0,0,0.0,66.0
23.14084,72.517737,bakery,1.21,1104.47,2435.19,554.02,3029.73,3185.64,6219.89,6866.05,3483.06,432.44,-99999.0,Low,Residential,Low,0,0,0,0.0,63.0
22.874671,72.831225,street_food,1510.56,2813.87,18961.47,15400.08,22571.34,21545.08,27643.07,25069.98,21392.43,15535.07,-99999.0,Low,Commercial,Low,0,0,0,0.0,66.0
23.042945,72.56375,fast_food,117.32,362.14,254.0,157.69,750.67,375.74,1214.66,816.25,1402.78,899.85,128.8,High,Residential,Low,0,3,15,4.8,78.44
22.951463,72.714282,cafe,91.14,848.89,6452.93,2836.85,8459.44,6888.05,13284.53,10393.66,6780.96,3655.27,5.53,Low,Residential,Low,0,0,0,0.0,63.5
22.901092,72.418244,coffee,259.01,259.01,11059.73,624.57,12398.63,13618.29,13886.17,14713.46,8006.45,8816.09,30.0,Low,Commercial,Low,0,0,0,0.0,77.5
22.976879,72.734793,pizza,39.63,98.22,4188.59,571.39,10599.02,7337.63,12726.95,11392.19,7058.29,572.25,23.19,Low,Residential,Low,0,0,0,0.0,79.0
22.942156,72.792183,burger,97.32,4088.41,10628.48,7275.37,16516.96,14198.98,19741.8,18116.94,13963.04,7439.47,9.0,Low,Commercial,Low,0,0,0,0.0,58.0
23.248948,72.631622,sandwich,95.12,221.54,6282.14,7706.57,5798.0,5819.17,9896.51,17279.97,9989.36,4947.51,-99999.0,Low,Commercial,Low,0,0,0,0.0,78.0
22.843061,72.399915,gujarati,355.43,678.14,17627.5,6922.04,19097.08,20305.79,20558.42,21404.36,14465.08,15214.02,-99999.0,Low,Commercial,Low,0,0,0,0.0,70.0
22.951923,72.462743,punjabi,30.01,347.32,4024.58,428.35,6256.69,7129.52,7230.02,8336.62,795.87,1565.61,8.99,Low,Industrial,Low,0,0,0,0.0,68.0
22.986214,72.310418,south_indian,1033.8,2693.37,16133.23,9242.35,14964.58,16166.6,16739.1,15154.22,16187.73,15581.69,-99999.0,Low,Commercial,Low,0,0,0,0.0,66.0
23.116253,72.529845,chinese,168.62,680.8,1295.7,582.69,1961.06,1514.16,3260.5,4418.76,2911.18,1247.31,5.36,Low,Residential,Low,0,0,0,0.0,67.0
22.899056,72.320858,fine_dining,412.35,2741.33,18423.1,10623.64,18252.64,19654.21,20127.48,19706.62,16236.02,16927.93,-99999.0,Low,Commercial,Low,0,0,0,0.0,66.0
23.221278,72.76009,dessert,117.79,1741.96,5015.58,5065.26,13417.22,11748.56,19568.33,19215.14,8168.19,7302.48,-99999.0,Low,Commercial,Low,0,0,0,0.0,66.0
22.924618,72.728182,bakery,160.76,417.17,9653.07,4437.25,10654.09,10043.25,16534.83,13231.11,9837.01,6350.11,4.55,Low,Commercial,Low,0,0,0,0.0,74.0
23.125979,72.622595,street_food,26.48,26.48,1801.12,474.06,5446.64,1149.14,5733.89,5443.57,3767.97,167.62,-99999.0,Low,Residential,Low,0,0,1,0.25,79.0
22.995996,72.61396,fast_food,2.94,813.6,137.51,25.51,767.89,923.69,6214.5,430.58,117.22,1434.74,157.41,High,Residential,Low,0,0,6,1.5,81.39
23.048824,72.629851,cafe,82.97,424.99,691.76,275.99,1166.99,1449.78,758.14,1363.88,1089.5,1648.66,108.1,High,Industrial,Low,0,0,0,0.0,76.49
23.104259,72.497108,coffee,13.16,281.94,2158.2,576.02,5485.52,2404.03,4466.55,7174.96,4969.3,1260.8,-99999.0,Low,Residential,Low,0,0,0,0.0,69.5
23.117634,72.374069,pizza,462.25,516.67,12498.09,4904.44,12832.78,12233.37,14898.82,12408.65,13822.39,10681.93,-99999.0,Low,Commercial,Low,0,0,0,0.0,63.0
23.061136,72.348674,burger,53.33,1422.4,11809.75,6392.66,11676.97,12394.01,13397.21,10946.46,14385.49,10998.36,-99999.0,Low,Commercial,Low,0,0,0,0.0,58.0
23.210893,72.385269,sandwich,726.48,728.29,15656.68,4364.82,18659.95,17526.25,19832.89,21059.26,15979.07,5089.81,-99999.0,Low,Commercial,Low,0,0,0,0.0,70.0
23.229277,72.427206,gujarati,241.49,605.7,14233.78,5725.02,15654.79,15633.24,16257.7,20309.48,12636.95,1097.38,-99999.0,Low,Commercial,Low,0,0,0,0.0,70.0
23.042978,72.367277,punjabi,247.76,399.94,9538.02,4070.13,9389.37,10114.9,10948.52,8612.61,12480.27,8968.56,-99999.0,Low,Commercial,Low,0,0,0,0.0,74.0
23.084086,72.795054,south_indian,467.53,2115.72,10877.11,5335.58,14911.01,11392.28,16674.94,14292.27,10048.03,1427.11,-99999.0,Low,Commercial,Low,0,0,0,0.0,66.0
23.125802,72.614976,chinese,5.77,521.44,1210.01,174.14,5294.29,1676.58,5214.93,4771.14,4326.57,225.64,-99999.0,Low,Residential,Low,0,0,0,0.0,67.0
23.146631,72.458444,fine_dining,45.39,5710.93,5426.0,1273.8,8996.81,7533.58,10357.82,12463.7,8723.3,3695.47,-99999.0,Low,Industrial,Low,0,0,0,0.0,60.0
22.98585,72.661453,dessert,20.09,266.92,1325.69,168.82,3851.27,1060.33,7302.58,3860.28,1391.74,512.02,84.48,Medium,Residential,Low,0,0,0,0.0,89.0
22.84402,72.849522,bakery,1031.49,2502.16,22815.88,18715.34,25827.94,25162.95,31372.81,28549.89,24738.21,19357.44,-99999.0,Low,Commercial,Low,0,0,0,0.0,66.0
22.910194,72.595015,street_food,11.27,20.38,5120.32,285.73,6950.3,7712.24,13583.86,9940.04,5733.88,5127.5,64.24,Medium,Commercial,Low,0,0,0,0.0,90.0
23.237088,72.356375,fast_food,111.54,194.31,19784.73,8489.77,22687.55,21632.67,23405.51,24820.54,19649.71,5985.7,-99999.0,Low,Commercial,Low,0,0,0,0.0,73.0
23.19449,72.345206,cafe,55.55,2248.71,18167.19,6968.75,21422.37,19044.06,22927.16,21111.09,19733.72,9217.94,-99999.0,Low,Commercial,Low,0,0,0,0.0,65.5
23.07785,72.854181,coffee,169.51,4937.53,15339.95,11352.63,20980.51,17478.73,22491.81,20331.46,15110.5,3394.5,-99999.0,Low,Commercial,Low,0,0,0,0.0,65.5
23.009658,72.52406,pizza,25.46,395.52,381.83,76.71,674.39,747.23,1059.04,1784.11,2689.55,1196.0,134.33,High,Residential,Low,0,0,9,2.25,80.02
23.150048,72.787713,burger,68.47,68.47,5190.87,4980.44,15953.99,12193.14,19137.81,15747.36,5830.38,5381.53,-99999.0,Low,Commercial,Low,0,0,0,0.0,78.0
22.937592,72.333579,sandwich,218.76,2617.39,15337.3,8519.81,14639.72,16024.14,16539.98,15785.68,13724.17,14199.7,-99999.0,Low,Commercial,Low,0,0,0,0.0,66.0
22.843786,72.486265,gujarati,556.95,1760.93,15276.86,7502.91,18470.07,17360.2,19240.01,18649.49,12908.41,11003.72,-99999.0,Low,Commercial,Low,0,0,0,0.0,66.0
23.26341,72.86714,punjabi,173.66,3296.73,15554.25,15539.38,25203.43,23475.86,31399.07,29907.16,18578.56,17032.87,-99999.0,Low,Commercial,Low,0,0,0,0.0,66.0
22.856617,72.7306,south_indian,153.45,1716.56,15138.91,8215.91,15433.75,16659.06,23248.51,18939.26,13940.72,13869.48,-99999.0,Low,Commercial,Low,0,0,0,0.0,66.0
23.065197,72.419887,chinese,14.97,5510.83,5363.73,728.07,5389.53,5989.59,7442.21,4937.91,7201.11,4154.65,-99999.0,Low,Commercial,Low,0,0,0,0.0,66.0
23.062572,72.454283,fine_dining,93.51,2826.61,2356.2,532.66,3438.8,3408.32,5327.15,3320.84,3716.69,960.67,-99999.0,Low,Residential,Low,0,0,0,0.0,63.0
23.110156,72.413761,dessert,6.96,4666.87,9065.53,2331.8,9803.22,8116.75,11852.22,9577.34,10033.27,6924.71,-99999.0,Low,Commercial,Low,0,0,0,0.0,66.0
23.169613,72.550807,bakery,179.81,1141.02,2623.9,1189.57,3012.83,2546.37,2615.86,7712.56,330.0,375.21,-99999.0,Low,Industrial,Low,0,0,0,0.0,60.0
22.860647,72.680402,street_food,658.51,2752.42,11588.48,6366.7,12285.57,14249.61,21203.54,16152.41,10551.08,10849.1,-99999.0,Low,Commercial,Low,0,0,0,0.0,66.0
22.981822,72.576058,fast_food,9.22,802.1,1313.21,142.75,2783.9,327.47,6108.38,2858.47,4070.26,448.37,90.56,Medium,Residential,Low,0,0,0,0.0,74.0
23.129316,72.822038,cafe,88.08,2428.24,9387.37,8390.89,18384.2,14884.16,20987.26,17989.28,9691.44,4120.37,-99999.0,Low,Commercial,Low,0,0,0,0.0,65.5
22.890068,72.41463,coffee,75.03,241.42,12303.07,1593.34,13675.08,14892.53,15156.92,15987.05,9214.56,10009.16,24.9,Low,Commercial,Low,0,0,0,0.0,77.5
23.002747,72.505757,pizza,98.56,585.09,1208.16,201.53,1263.88,984.64,2991.51,2718.75,2833.61,126.31,45.11,Low,Residential,Low,1,1,6,2.25,65.0
22.885925,72.889091,burger,565.79,7207.58,22160.69,18989.6,27639.41,25871.09,31453.8,29687.72,25654.04,19159.04,-99999.0,Low,Commercial,Low,0,0,0,0.0,58.0
23.022646,72.514348,sandwich,181.45,807.02,386.99,115.36,789.63,746.26,1751.54,778.26,3121.22,772.53,122.62,High,Residential,Low,0,0,7,1.75,83.87
22.961274,72.885049,gujarati,1210.21,1493.02,17662.23,15424.34,25889.39,22783.2,27166.84,26778.4,22471.29,15512.31,-99999.0,Low,Commercial,Low,0,0,0,0.0,66.0
22.965834,72.525597,punjabi,228.78,2475.37,3014.04,1211.19,5271.12,3250.57,5713.25,4623.67,1974.59,652.86,-99999.0,Low,Residential,Low,0,0,0,0.0,63.0
23.176808,72.559741,south_indian,60.5,825.56,1598.39,141.7,1799.32,1403.07,1592.13,8317.72,792.37,739.75,-99999.0,Low,Industrial,Low,0,0,0,0.0,64.0
23.158416,72.66288,chinese,44.8,2780.92,3069.44,215.76,5295.04,639.77,9190.82,9037.0,1534.42,715.06,-99999.0,Low,Residential,Low,0,0,0,0.0,63.0
23.080309,72.434078,fine_dining,197.84,5460.76,5186.27,1171.98,5916.26,5531.15,7951.96,5754.49,6421.24,3292.87,-99999.0,Low,Commercial,Low,0,0,0,0.0,66.0
23.17754,72.847165,dessert,221.45,221.45,10278.83,10188.32,22155.93,18399.55,25874.51,22542.33,12226.05,10011.38,-99999.0,Low,Commercial,Low,0,0,0,0.0,78.0
22.931963,72.867758,bakery,372.72,5126.37,17420.72,14628.47,24351.94,21840.91,26906.53,25841.52,21573.18,14814.4,-99999.0,Low,Commercial,Low,0,0,0,0.0,66.0
23.0248,72.540313,street_food,10.41,272.22,301.36,168.51,1197.99,510.54,1320.06,926.49,1566.96,1642.39,151.11,High,Residential,Low,0,0,0,0.0,91.53
23.15863,72.880115,fast_food,69.04,2795.05,13816.54,13691.02,25040.54,21582.41,27756.8,24693.19,15301.57,9592.74,-99999.0,Low,Commercial,Low,0,0,0,0.0,58.0
23.095966,72.610213,cafe,135.65,1644.48,1223.97,474.7,2412.17,1660.51,2790.27,3507.56,2986.09,138.4,-99999.0,Low,Residential,Low,0,0,1,0.25,60.5
23.286838,72.485068,coffee,2.92,2346.77,15331.75,12731.88,14248.36,14245.19,15333.07,22222.63,13264.66,7518.58,-99999.0,Low,Commercial,Low,0,0,0,0.0,65.5
22.95416,72.438694,pizza,119.21,2438.09,5076.55,954.98,6165.18,7376.54,7658.16,8545.9,2783.05,3380.86,6.6,Low,Residential,Low,0,0,0,0.0,55.0
23.220746,72.322587,burger,444.3,3699.08,21583.68,10162.92,24887.12,22698.92,26342.86,24800.31,22480.14,9808.16,-99999.0,Low,Commercial,Low,0,0,0,0.0,58.0
23.204531,72.710037,sandwich,117.89,669.1,2752.28,4613.42,8059.44,6750.39,14149.07,15170.84,6128.29,2856.6,-99999.0,Low,Forest,Low,0,0,0,0.0,59.5
22.942459,72.631125,gujarati,67.1,595.54,1214.5,755.36,2209.26,4291.8,11688.11,6115.97,585.57,1485.73,5.0,Low,Industrial,Low,0,0,0,0.0,64.0
23.077035,72.847035,punjabi,652.32,5385.49,14653.27,10661.99,20251.63,16753.98,21754.15,19599.0,14555.69,2771.58,-99999.0,Low,Commercial,Low,0,0,0,0.0,66.0
22.884263,72.331887,south_indian,245.92,2110.69,18437.55,9675.01,18591.47,19986.08,20425.04,20249.98,15989.85,16775.31,-99999.0,Low,Commercial,Low,0,0,0,0.0,66.0
22.980715,72.390277,chinese,91.48,190.71,8535.72,1078.79,7234.56,8585.03,9124.12,8261.53,8082.17,7556.36,3.06,Low,Commercial,Low,0,0,0,0.0,78.0
22.9862,72.64765,fine_dining,18.33,825.09,1469.34,170.27,2655.43,1594.61,6910.18,2549.99,2262.82,130.9,89.94,Medium,Industrial,Low,1,2,9,3.35,70.94
22.921837,72.780423,dessert,394.17,1965.4,11720.73,8083.32,15809.88,14247.77,20264.2,17922.88,14073.62,8206.21,4.53,Low,Commercial,Low,0,0,0,0.0,66.0
22.854114,72.541883,bakery,182.24,2935.46,13125.78,5641.0,15184.72,14302.84,18107.51,16418.62,13989.73,8483.4,-99999.0,Low,Commercial,Low,0,0,0,0.0,66.0
23.250583,72.735874,street_food,353.27,651.24,8150.76,8232.34,12218.21,12137.94,18384.66,20895.18,10858.63,4445.08,-99999.0,Low,Commercial,Low,0,0,0,0.0,70.0
23.157319,72.769884,fast_food,53.72,1777.4,3269.32,3043.32,14786.76,10342.98,18223.77,14683.21,4029.83,5639.57,-99999.0,Low,Commercial,Low,0,0,0,0.0,58.0
22.892993,72.788909,cafe,414.81,414.81,14938.73,10960.72,17777.74,16908.99,23160.52,20331.57,16781.19,11369.71,-99999.0,Low,Commercial,Low,0,0,0,0.0,71.5
23.141006,72.644215,coffee,68.88,1066.77,3904.77,579.87,6290.01,1389.27,8075.56,7177.71,1230.81,219.34,-99999.0,Low,Residential,Low,0,0,0,0.0,60.5
23.245675,72.655234,pizza,61.8,703.56,6122.29,7583.12,5941.35,5918.7,11224.31,17889.38,9956.43,2677.33,-99999.0,Low,Commercial,Low,0,0,0,0.0,63.0
22.954189,72.733858,burger,32.4,205.83,6605.24,3082.29,10420.38,8285.1,14349.34,12060.26,8103.12,3059.79,4.82,Low,Residential,Low,0,0,0,0.0,70.0
23.086616,72.355517,sandwich,7.11,764.47,12244.27,5908.18,12143.06,12814.5,14076.81,11523.57,14179.78,11119.14,22.2,Low,Commercial,Low,0,0,0,0.0,74.0
22.836843,72.757123,gujarati,206.34,703.42,18621.9,11603.53,18879.87,19819.94,26413.23,22309.37,17416.9,16245.46,-99999.0,Low,Commercial,Low,0,0,0,0.0,70.0
22.977006,72.783942,punjabi,410.83,2445.65,7482.57,4971.66,15602.08,12267.67,16972.21,16360.0,11956.16,5138.84,-99999.0,Low,Commercial,Low,0,0,0,0.0,66.0
23.00993,72.813342,south_indian,467.74,1358.86,9364.26,7385.9,18133.3,14267.21,18544.29,17781.42,14854.9,8469.16,3.82,Low,Commercial,Low,0,0,0,0.0,66.0
23.227498,72.441496,chinese,35.16,35.16,13301.28,5644.15,14201.11,14180.03,14825.63,19136.56,11256.12,303.04,-99999.0,Low,Commercial,Low,0,0,0,0.0,82.0
23.123334,72.659335,fine_dining,41.47,891.44,2478.02,543.37,4512.88,1849.75,8616.21,5134.23,3115.47,303.71,-99999.0,Low,Residential,Low,0,0,2,0.5,67.0
22.815489,72.760903,dessert,245.45,245.45,20572.04,13732.72,20926.21,22101.78,28697.37,24456.05,19394.12,18642.35,-99999.0,Low,Commercial,Low,0,0,0,0.0,78.0
22.993594,72.486774,bakery,155.84,697.98,1058.13,245.24,2823.94,2696.97,3081.45,3671.12,4127.71,983.73,5.35,Low,Industrial,Low,0,0,0,0.0,64.0
22.829767,72.623159,street_food,64.77,1351.11,13486.97,9442.04,14719.9,16501.8,22843.99,18579.22,12955.23,13670.54,-99999.0,Low,Commercial,Low,0,0,0,0.0,66.0
22.881798,72.601393,fast_food,4.99,811.52,8016.28,3266.57,9483.05,10730.81,16677.09,12987.52,7930.45,8003.49,6.04,Low,Commercial,Low,0,0,0,0.0,63.0
22.915983,72.339301,cafe,523.38,2795.33,15835.04,8672.77,15593.19,16994.65,17471.27,17045.88,13775.44,14414.73,-99999.0,Low,Commercial,Low,0,0,0,0.0,65.5
23.161158,72.537872,coffee,54.8,1659.72,2870.41,322.06,3703.72,3048.18,4185.75,7310.6,652.69,389.41,30.32,Low,Residential,Low,0,0,0,0.0,63.5
23.023896,72.655177,pizza,39.37,90.94,998.33,6.05,2880.61,2052.88,3230.03,4189.31,3092.56,408.38,81.41,Medium,Industrial,Low,0,0,2,0.5,86.0
23.05227,72.43881,burger,93.55,4193.22,3047.01,1344.7,3010.71,3583.34,5080.83,2673.73,5107.22,1770.61,-99999.0,Low,Grass,Low,0,0,0,0.0,47.5
22.949096,72.538707,sandwich,785.77,1360.2,5062.12,1340.59,6709.83,4944.66,7594.5,5956.77,4019.07,0.0,-99999.0,Low,Industrial,High,0,0,0,0.0,52.0
22.873451,72.357876,gujarati,196.43,196.43,17272.39,7486.79,17886.89,19245.0,19626.71,19816.82,14522.41,15374.17,3.72,Low,Commercial,Low,0,0,0,0.0,78.0
23.084291,72.3386,punjabi,41.47,2413.02,13671.88,7517.15,13559.49,14250.19,15429.03,12897.34,15795.29,12635.65,3.6,Low,Commercial,Low,0,0,0,0.0,66.0
23.001612,72.359346,south_indian,78.24,277.17,10832.19,4685.32,9776.1,10922.05,11496.78,9853.12,11871.79,10532.93,5.54,Low,Commercial,Low,0,0,0,0.0,78.0
23.050875,72.758819,chinese,207.25,586.16,5654.57,2055.57,11771.35,8297.56,12475.85,10951.24,10016.84,4196.9,-99999.0,Low,Commercial,Low,0,0,0,0.0,70.0
22.87258,72.388225,fine_dining,134.83,536.74,15384.39,4884.48,16456.36,17744.89,18060.12,18621.87,12397.52,13217.39,2.7,Low,Commercial,Low,0,0,0,0.0,70.0
23.078462,72.592959,dessert,0.34,174.7,549.9,54.52,540.8,293.42,1400.78,2091.72,645.53,604.8,102.59,High,Residential,Low,0,0,1,0.25,89.0
23.123079,72.423738,bakery,36.88,5124.51,8279.19,2505.27,10714.32,7850.96,12234.33,10603.61,10323.36,6430.69,-99999.0,Low,Industrial,Low,0,0,0,0.0,60.0
23.105678,72.736687,street_food,35.03,35.03,7261.11,378.37,9257.06,5762.79,12047.03,8872.9,4166.26,720.4,-99999.0,Low,Industrial,Low,0,0,0,0.0,76.0
22.928198,72.351554,fast_food,402.33,2296.38,14081.51,7552.15,13758.45,15159.52,15640.66,15198.73,12158.2,12741.53,-99999.0,Low,Commercial,Low,0,0,0,0.0,58.0
23.182851,72.497579,cafe,25.03,4280.99,6718.92,3898.91,7696.22,7475.65,7990.73,11617.81,4082.04,1285.46,-99999.0,Low,Industrial,Low,0,0,0,0.0,55.5
23.253586,72.361965,coffee,32.86,1292.15,20593.42,9619.31,22840.59,22761.21,23459.61,26312.81,19820.48,5299.92,-99999.0,Low,Commercial,Low,0,0,0,0.0,65.5
23.132439,72.555654,pizza,164.53,243.18,1482.47,557.67,1286.61,689.93,5265.59,3652.94,213.39,384.36,7.47,Low,Residential,Low,0,1,2,0.85,67.0
22.977188,72.496028,burger,7.94,190.94,676.27,133.59,4228.65,3929.5,5125.64,5622.64,3204.26,485.92,91.39,Medium,Industrial,Low,0,0,1,0.25,81.0
23.095061,72.32404,sandwich,192.1,4114.36,15534.29,9266.49,15425.87,16109.91,17315.7,14776.68,17539.26,14455.49,2.59,Low,Commercial,Low,0,0,0,0.0,66.0
22.956313,72.882838,gujarati,949.29,2061.12,17635.54,15350.31,25671.51,22656.05,27155.56,26737.84,22350.66,15536.85,-99999.0,Low,Commercial,Low,0,0,0,0.0,66.0
23.105786,72.884292,punjabi,616.36,1180.09,16181.26,14161.21,24179.19,20627.59,26129.31,23629.43,16553.94,6498.11,-99999.0,Low,Commercial,Low,0,0,0,0.0,66.0
23.022261,72.394575,south_indian,105.7,1360.49,6761.26,611.48,6341.43,7217.92,7782.34,5776.67,10112.13,6665.57,6.93,Low,Commercial,Low,0,0,0,0.0,66.0
22.831541,72.78454,chinese,38.37,1101.84,21077.65,13957.34,21282.05,21778.76,28330.21,24547.88,19906.75,17461.45,-99999.0,Low,Commercial,Low,0,0,0,0.0,66.0
22.905849,72.526816,fine_dining,14.44,378.34,8729.24,921.51,11554.87,9502.3,12343.06,10888.88,8602.78,2986.8,-99999.0,Low,Commercial,Low,0,0,0,0.0,74.0
23.173712,72.804603,dessert,103.37,290.08,5936.6,5831.1,17877.67,14022.26,22109.84,18626.63,7904.08,8383.22,-99999.0,Low,Commercial,Low,0,0,0,0.0,78.0
22.863938,72.341632,bakery,8.0,1859.87,19189.42,9444.8,19704.45,21074.94,21471.61,21561.0,16477.24,17330.93,2.57,Low,Commercial,Low,0,0,0,0.0,66.0
23.265492,72.847503,street_food,322.95,4670.8,14172.91,14168.34,23363.46,21886.93,29568.35,28653.05,17286.14,15011.59,-99999.0,Low,Commercial,Low,0,0,0,0.0,66.0
23.227001,72.785678,fast_food,126.07,2097.07,6758.36,6773.23,16111.26,14257.09,22263.15,21277.54,9965.26,9911.25,-99999.0,Low,Commercial,Low,0,0,0,0.0,58.0
22.816592,72.712401,cafe,833.99,2979.05,17460.72,11558.38,18102.29,20013.12,26752.37,21911.72,16398.5,16635.49,-99999.0,Low,Commercial,Low,0,0,0,0.0,65.5
22.863413,72.571036,coffee,315.32,1826.98,10849.04,5604.87,12654.22,12897.21,17541.74,15536.71,11287.5,8167.85,4.57,Low,Commercial,Low,0,0,0,0.0,65.5
22.820919,72.431226,pizza,214.23,1003.95,18890.51,8933.71,20848.81,21911.35,22069.42,23204.35,15660.21,16115.19,3.99,Low,Commercial,Low,0,0,0,0.0,58.0
23.068243,72.428205,burger,222.33,5559.35,4772.36,800.57,5071.44,5601.85,7144.21,4745.01,6455.84,3531.64,-99999.0,Low,Commercial,Low,0,0,0,0.0,58.0
23.061168,72.460022,sandwich,44.45,2221.38,1930.06,988.04,3268.06,2865.85,5024.64,3037.84,3109.79,650.4,-99999.0,Low,Residential,Low,0,0,0,0.0,63.0
23.041853,72.733356,gujarati,395.8,2789.76,3418.93,744.04,9491.24,5624.96,9883.44,8856.27,8290.18,1401.85,4.58,Low,Commercial,Low,0,0,0,0.0,66.0
22.877847,72.715278,punjabi,770.82,1123.38,12388.47,5386.88,12629.21,13884.44,20462.94,16110.36,11174.65,11101.31,-99999.0,Low,Commercial,Low,0,0,0,0.0,66.0
22.818826,72.648143,south_indian,164.74,2874.29,14898.22,11620.63,15978.65,18063.48,25080.77,19919.32,14170.94,14760.94,-99999.0,Low,Commercial,Low,0,0,0,0.0,66.0
23.128494,72.33522,chinese,230.76,3607.04,16404.89,7380.73,16536.25,16392.3,18565.8,16020.35,17872.37,14744.18,-99999.0,Low,Commercial,Low,0,0,0,0.0,66.0
22.891753,72.474728,fine_dining,386.82,689.91,10251.9,2694.62,13032.1,12906.14,13863.02,14345.72,7476.73,7091.08,-99999.0,Low,Commercial,Low,0,0,0,0.0,70.0
23.18881,72.66842,dessert,408.31,1899.82,3074.75,1912.54,3848.49,3533.96,9638.51,12442.27,4183.3,640.07,-99999.0,Low,Forest,Low,0,0,0,0.0,55.5
22.835481,72.68976,bakery,172.66,5501.82,14496.4,9142.74,15227.0,17197.56,24133.16,19100.54,13482.22,13796.14,-99999.0,Low,Commercial,Low,0,0,0,0.0,66.0
22.814,72.535414,street_food,1171.39,1171.39,17363.96,10049.38,19228.54,18784.72,22519.03,20889.85,17567.31,12922.93,-99999.0,Low,Commercial,Low,0,0,0,0.0,66.0
22.940229,72.804208,fast_food,468.29,5137.0,11645.2,8405.8,17768.23,15415.16,20868.98,19351.17,15172.46,8576.71,3.27,Low,Commercial,Low,0,0,0,0.0,58.0
23.126848,72.811284,cafe,291.46,3302.28,8681.22,7269.22,17249.81,13752.21,19876.24,16858.38,8720.68,3481.46,-99999.0,Low,Commercial,Low,0,0,0,0.0,65.5
22.819158,72.813098,coffee,546.12,546.12,23396.22,17062.04,24383.17,24611.3,31103.2,27547.85,23053.8,19793.76,-99999.0,Low,Commercial,Low,0,0,0,0.0,68.5
23.121717,72.444078,pizza,164.22,6050.24,6195.19,1717.56,9688.85,6108.06,10225.81,9931.85,8990.34,4451.33,-99999.0,Low,Industrial,Low,0,0,0,0.0,52.0
22.992737,72.876435,burger,3.86,1079.01,15984.45,13869.27,24868.19,21008.35,25280.39,24473.35,21252.16,11987.52,-99999.0,Low,Commercial,Low,0,0,0,0.0,58.0
22.85781,72.492964,sandwich,818.63,818.63,13672.23,6191.3,17088.94,15674.65,17769.56,16955.21,11528.49,9312.71,-99999.0,Low,Commercial,Low,0,0,0,0.0,70.0
23.226051,72.618305,gujarati,28.46,370.85,3753.76,5295.88,3427.59,3450.19,7050.58,14444.46,7240.9,3917.4,-99999.0,Low,Residential,Low,0,0,0,0.0,71.0
22.89948,72.600377,punjabi,307.02,607.29,6105.93,1437.38,7712.59,8793.42,14888.75,11045.02,6286.39,6100.73,2.09,Low,Commercial,Low,0,0,0,0.0,70.0
23.029833,72.847283,south_indian,69.38,3923.99,12975.78,11069.13,21124.87,17354.75,21633.16,20314.1,18095.89,7005.86,-99999.0,Low,Commercial,Low,0,0,0,0.0,66.0
22.820314,72.453487,chinese,320.42,320.42,18461.63,9180.4,20779.56,20975.11,21837.92,22351.52,15378.22,14991.82,5.58,Low,Commercial,Low,0,0,0,0.0,74.0
23.064119,72.50347,fine_dining,34.75,1762.18,1137.13,604.8,1539.74,1359.91,4285.72,4086.9,1055.36,1472.8,10.33,Low,Residential,Low,0,0,7,1.75,67.0
22.998832,72.401063,dessert,129.16,1448.92,7061.66,1735.82,5563.48,6801.77,7368.48,6143.08,7957.29,6244.3,5.5,Low,Commercial,Low,0,0,0,0.0,66.0
22.976454,72.51411,bakery,14.44,1390.25,1416.93,232.01,3935.8,2921.12,4814.29,4472.39,1498.5,741.13,89.16,Medium,Industrial,Low,0,0,0,0.0,74.0
23.110111,72.446999,street_food,43.21,5348.25,6052.94,1420.79,8479.99,5070.46,9533.56,8611.9,7740.76,3744.38,-99999.0,Low,Industrial,Low,0,0,0,0.0,60.0
23.279557,72.600726,fast_food,57.56,2811.04,9731.53,11453.99,9442.49,9466.35,11725.12,19876.97,11305.52,8348.76,-99999.0,Low,Commercial,Low,0,0,0,0.0,58.0
23.199709,72.67296,cafe,250.7,1292.2,3443.67,3139.02,4228.88,4127.47,10332.79,13695.63,5465.61,573.34,-99999.0,Low,Forest,Low,0,0,0,0.0,48.0
23.231765,72.826433,coffee,388.38,2015.62,10117.09,10100.03,20304.87,18136.94,26439.57,24474.87,13135.39,13690.38,-99999.0,Low,Commercial,Low,0,0,0,0.0,65.5
23.201132,72.32709,pizza,1025.3,3976.13,20158.17,8949.5,23073.45,20949.68,24898.41,22723.37,21658.82,10297.61,-99999.0,Low,Commercial,Low,0,0,0,0.0,58.0
23.076371,72.472512,burger,220.82,1667.29,3492.02,1437.83,3937.01,1769.35,6602.88,4771.64,3182.65,542.51,4.91,Low,Residential,Low,0,0,0,0.0,55.0
22.88282,72.830362,sandwich,1693.12,3147.07,18186.41,14655.74,22116.07,20929.02,26958.99,24515.61,20764.94,14795.54,-99999.0,Low,Commercial,Low,0,0,0,0.0,66.0
23.125327,72.360921,gujarati,598.43,952.19,14080.02,5242.83,14375.27,13781.02,16435.73,13928.3,15416.75,12276.16,-99999.0,Low,Commercial,Low,0,0,0,0.0,70.0
22.993459,72.867151,punjabi,698.22,742.2,15030.66,12913.87,23925.14,20068.75,24337.79,23564.91,20298.86,11508.67,-99999.0,Low,Commercial,Low,0,0,0,0.0,70.0
23.103975,72.672804,south_indian,38.25,269.31,741.76,317.7,3280.46,741.24,7214.2,3449.67,1795.29,1540.1,72.52,Medium,Industrial,Low,0,0,0,0.0,86.0
22.919165,72.449409,chinese,63.31,839.03,7895.62,698.46,9840.96,10869.31,11027.33,12175.77,4674.49,5380.22,42.54,Low,Commercial,Low,0,0,0,0.0,78.0
22.88332,72.872912,fine_dining,639.32,6876.11,21099.3,17814.79,26159.6,24557.53,30278.39,28314.92,24354.87,17977.47,-99999.0,Low,Commercial,Low,0,0,0,0.0,66.0
23.246673,72.500985,dessert,119.95,408.57,10887.77,8777.57,9895.79,9887.28,10887.93,17492.12,8539.55,5233.6,-99999.0,Low,Commercial,Low,0,0,0,0.0,74.0
23.070272,72.429919,bakery,245.17,5464.89,4752.68,748.33,5152.17,5656.29,7222.76,4866.37,6356.12,3376.14,-99999.0,Low,Commercial,Low,0,0,0,0.0,66.0
22.876517,72.623985,street_food,209.35,685.58,8307.54,4940.51,9550.24,11355.38,18307.5,13399.61,7802.47,8548.83,-99999.0,Low,Commercial,Low,0,0,0,0.0,70.0
23.19405,72.810301,fast_food,285.51,801.02,6750.69,6698.73,18281.1,15053.75,24022.63,20453.7,9338.03,10709.28,-99999.0,Low,Commercial,Low,0,0,0,0.0,63.0
22.958319,72.718979,cafe,0.25,386.37,6044.53,2898.73,8865.89,6767.27,12988.03,10479.56,6610.76,2930.17,11.44,Low,Residential,Low,0,0,0,0.0,69.5
23.061427,72.388446,coffee,48.5,2361.39,7971.69,2432.65,7857.2,8551.58,9734.69,7195.62,10325.57,7003.78,-99999.0,Low,Commercial,Low,0,0,0,0.0,65.5
23.287929,72.875951,pizza,177.14,4587.14,17997.01,17991.28,26961.95,25689.03,33169.37,32460.9,21097.9,17938.97,-99999.0,Low,Commercial,Low,0,0,0,0.0,58.0
22.879673,72.851157,burger,1367.19,4885.99,19820.55,16387.02,24217.98,22876.86,28787.96,26533.47,22697.0,16537.68,-99999.0,Low,Commercial,Low,0,0,0,0.0,58.0
23.250214,72.494148,sandwich,2.99,2.99,11659.95,9359.54,10680.88,10671.83,11659.93,18141.17,9207.06,5026.02,-99999.0,Low,Commercial,Low,0,0,0,0.0,82.0
23.077523,72.860189,gujarati,374.29,4711.28,15869.92,11961.29,21597.07,18095.52,23095.84,20947.09,15648.1,3984.17,-99999.0,Low,Commercial,Low,0,0,0,0.0,66.0
22.866826,72.494207,punjabi,877.87,877.87,12667.56,5216.12,16150.57,14680.8,16798.03,15971.8,10597.94,8390.76,-99999.0,Low,Commercial,Low,0,0,0,0.0,70.0
23.232226,72.731706,south_indian,125.8,161.77,6234.68,6322.94,10963.83,10533.71,17171.9,18861.83,8813.41,4423.18,-99999.0,Low,Commercial,Low,0,0,0,0.0,78.0
23.177409,72.820477,chinese,40.99,40.99,7545.79,7455.63,19438.82,15688.98,23640.63,20201.65,9578.66,9148.66,-99999.0,Low,Commercial,Low,0,0,0,0.0,82.0
23.008739,72.548526,fine_dining,11.5,11.5,9.8,37.38,236.76,765.89,2083.58,727.58,600.51,840.14,147.03,High,Residential,Low,3,4,54,16.1,84.91
23.022642,72.851586,dessert,47.05,3195.74,13324.15,11472.01,21758.43,17871.61,22159.12,20956.34,18925.21,7909.51,-99999.0,Low,Commercial,Low,0,0,0,0.0,66.0
23.239182,72.851285,bakery,404.28,2902.31,12682.11,12658.2,22961.18,20779.82,29105.32,26893.86,15616.82,15870.45,-99999.0,Low,Commercial,Low,0,0,0,0.0,66.0
22.941422,72.761883,street_food,984.63,984.63,8899.88,5228.84,13457.73,11474.47,17392.79,15261.4,11279.22,5342.54,-99999.0,Low,Commercial,Low,0,0,0,0.0,70.0
22.86125,72.417153,fast_food,52.36,1780.72,15067.43,4497.87,16688.3,17851.24,18075.23,19061.85,11875.14,12600.65,3.75,Low,Commercial,Low,0,0,0,0.0,58.0
23.175975,72.664949,cafe,106.12,2796.2,2452.62,1000.38,4092.91,2150.37,9184.5,10993.07,2801.25,409.17,-99999.0,Low,Residential,Low,0,0,0,0.0,60.5
22.938094,72.638885,coffee,221.28,221.28,2098.59,271.82,2761.95,4827.34,12156.48,6708.78,973.46,1563.28,6.31,Low,Industrial,Low,0,0,0,0.0,64.5
22.920837,72.444666,pizza,71.37,349.49,7887.82,397.86,9694.09,10768.03,10951.91,12123.82,4700.53,5455.27,38.99,Low,Commercial,Low,0,0,0,0.0,72.0
23.139941,72.518372,burger,116.12,985.65,2390.9,478.03,2926.6,3081.43,6104.99,6753.32,3474.52,357.04,-99999.0,Low,Residential,Low,0,0,0,0.0,60.0
23.140308,72.586429,sandwich,75.7,75.7,2065.89,203.89,4553.08,2180.95,4155.01,4415.06,3194.87,523.36,-99999.0,Low,Residential,Low,0,0,1,0.25,79.0
23.051116,72.660733,gujarati,38.05,1896.86,383.1,264.24,2102.28,1019.28,2443.53,2922.04,2928.07,1035.57,119.19,High,Residential,Low,0,0,0,0.0,77.0
23.151769,72.526896,punjabi,20.84,1833.22,2348.76,788.92,3142.04,2952.52,5655.95,7050.35,2147.25,1603.03,-99999.0,Low,Residential,Low,0,0,0,0.0,63.0
23.219022,72.595038,south_indian,179.05,1723.51,3483.59,4757.92,3306.45,3328.28,5140.56,13154.59,5033.76,3880.0,-99999.0,Low,Residential,Low,0,0,0,0.0,63.0
22.876006,72.422091,chinese,189.4,1838.66,13363.85,2811.69,14981.23,16140.12,16363.58,17364.14,10180.1,10918.16,-99999.0,Low,Commercial,Low,0,0,0,0.0,66.0
22.82547,72.753433,fine_dining,4.73,1094.2,19240.88,12387.15,19584.44,20772.18,27367.33,23110.45,18059.07,17442.41,-99999.0,Low,Commercial,Low,0,0,0,0.0,66.0
22.817207,72.466518,dessert,161.99,382.66,18490.35,9652.2,21159.94,20796.82,22117.62,22124.92,15674.31,14566.6,2.46,Low,Commercial,Low,0,0,0,0.0,74.0
23.008261,72.740573,bakery,126.02,424.21,1962.98,559.86,11053.93,7286.92,11472.35,11561.33,7435.23,1139.31,4.99,Low,Residential,Low,0,0,0,0.0,71.0
23.284357,72.74951,street_food,233.52,1131.69,11818.26,11888.51,15481.8,15414.01,21477.96,24884.73,14712.2,5048.23,-99999.0,Low,Commercial,Low,0,0,0,0.0,66.0
22.841745,72.84772,fast_food,858.16,2247.56,22918.4,18661.91,25798.54,25193.46,31427.42,28553.23,24691.14,19445.54,-99999.0,Low,Commercial,Low,0,0,0,0.0,58.0
23.283101,72.812935,cafe,14.83,1948.56,13496.77,13521.86,20871.49,20318.33,27051.62,27923.42,16714.04,11468.73,-99999.0,Low,Commercial,Low,0,0,0,0.0,65.5
23.045173,72.498439,coffee,5.39,1518.68,1589.61,353.48,561.23,540.53,4270.83,1930.03,816.69,755.5,86.73,Medium,Residential,Low,1,3,30,8.95,65.37
23.029622,72.453135,pizza,17.2,2426.87,730.31,59.62,553.79,1230.42,2255.71,319.45,4391.4,991.01,96.55,Medium,Commercial,Low,0,0,0,0.0,79.91
23.004336,72.334259,burger,114.7,1106.39,13224.56,7097.79,12330.81,13438.95,14014.1,12239.3,14370.5,13119.39,5.65,Low,Commercial,Low,0,0,0,0.0,58.0
23.162959,72.530617,sandwich,102.89,2397.13,3244.85,941.16,4085.86,3587.8,4809.87,7846.72,1260.22,619.43,-99999.0,Low,Residential,Low,0,0,1,0.25,63.0
22.960191,72.664673,gujarati,354.53,586.09,3832.09,601.72,3292.47,3804.73,10108.81,5727.93,3389.79,2066.41,5.56,Low,Industrial,Low,0,0,0,0.0,64.0
23.166385,72.654407,punjabi,26.51,1828.93,1833.03,368.11,4071.09,1818.84,8180.07,9891.57,1314.33,737.21,-99999.0,Low,Residential,Low,0,0,1,0.25,63.0
23.062111,72.817954,south_indian,267.24,3804.78,11244.98,8213.7,17422.74,14020.77,18599.88,16702.22,13425.82,2873.53,-99999.0,Low,Commercial,Low,0,0,0,0.0,66.0
23.187722,72.611976,chinese,22.32,311.26,544.66,1914.95,882.3,663.05,3963.53,10216.98,4825.12,460.67,-99999.0,Low,Residential,Low,0,0,0,0.0,71.0
23.026773,72.789666,fine_dining,530.84,2904.88,7101.21,5390.76,15404.46,11517.56,15807.62,14811.11,12803.04,6218.69,3.47,Low,Commercial,Low,0,0,0,0.0,66.0
22.83036,72.887585,dessert,23.3,1070.33,26397.62,22893.67,29970.07,29127.79,35217.74,32608.41,28908.27,23048.96,-99999.0,Low,Commercial,Low,0,0,0,0.0,66.0
23.058977,72.539454,bakery,15.08,946.15,162.77,121.83,1782.83,438.85,1975.37,542.77,1520.77,831.25,119.7,High,Residential,Low,0,0,1,0.25,84.43
23.162882,72.633467,street_food,19.88,250.25,1786.12,268.09,3740.57,2449.57,6144.65,8958.24,1681.65,1207.79,-99999.0,Low,Residential,Low,0,0,0,0.0,75.0
23.057741,72.675776,fast_food,21.35,1066.18,1061.82,144.39,3793.6,388.21,4107.93,2964.28,3986.3,1805.72,66.79,Medium,Commercial,Low,0,0,1,0.25,66.0
22.833662,72.478884,cafe,178.64,1350.36,16481.32,8210.15,19462.95,18658.55,20310.63,19964.01,13919.99,12352.82,-99999.0,Low,Commercial,Low,0,0,0,0.0,65.5
23.001059,72.486641,coffee,69.43,1177.91,1703.83,660.93,2080.5,2131.0,2424.51,2850.63,4397.66,1441.09,5.75,Low,Commercial,Low,0,0,7,1.75,65.5
23.207258,72.577581,pizza,10.59,2898.05,3423.41,3369.84,2258.77,2215.38,3430.35,11645.1,2978.73,2411.89,-99999.0,Low,Residential,Low,0,0,0,0.0,55.0
23.012782,72.665618,burger,103.46,413.25,1557.05,285.57,4494.81,647.81,4855.38,4406.51,1662.25,308.66,50.05,Medium,Industrial,Low,0,0,4,1.0,70.0
22.836182,72.609842,sandwich,508.39,508.39,12863.3,8379.04,14171.84,15741.82,21649.17,17942.86,12460.13,12781.39,-99999.0,Low,Commercial,Low,0,0,0,0.0,70.0
22.878275,72.791338,gujarati,51.41,499.13,16510.12,11711.64,18757.4,18210.32,24552.71,21498.59,17702.64,12922.22,-99999.0,Low,Commercial,Low,0,0,0,0.0,74.0
23.026815,72.729135,punjabi,272.79,1876.82,1712.12,1252.92,9300.02,5447.96,9711.94,9355.79,7012.7,1238.74,2.01,Low,Residential,Low,0,0,0,0.0,63.0
22.864322,72.761664,south_indian,66.15,1245.87,16942.5,9812.4,17121.93,17455.34,24006.14,20282.37,15834.33,13339.38,-99999.0,Low,Commercial,Low,0,0,0,0.0,66.0
23.260164,72.713746,chinese,316.08,2160.27,8832.73,9834.99,10952.26,10886.14,16946.49,21130.22,12036.26,1984.75,-99999.0,Low,Commercial,Low,0,0,0,0.0,66.0
22.874947,72.549864,fine_dining,144.33,548.62,10681.26,3603.18,12882.24,11871.8,15887.19,14101.62,11786.94,6280.44,9.61,Low,Commercial,Low,0,0,0,0.0,70.0
23.026425,72.41375,dessert,2.02,3342.46,4747.16,266.56,4578.89,5284.37,5889.39,3764.54,8176.23,4646.95,18.88,Low,Commercial,Low,0,0,0,0.0,70.0
23.093351,72.723328,bakery,3.5,1252.87,5954.22,206.77,7636.43,4084.79,10170.53,7150.47,4126.55,317.28,22.05,Low,Industrial,Low,0,0,0,0.0,64.0
22.906927,72.573716,street_food,412.46,2070.52,6510.99,1931.66,8618.67,8073.64,13001.47,10759.9,7660.64,4384.38,-99999.0,Low,Commercial,Low,0,0,0,0.0,66.0
22.93004,72.711196,fast_food,245.62,927.34,8189.43,2954.37,8816.35,8524.84,15095.58,11498.79,8002.01,5597.07,5.67,Low,Residential,Low,0,0,0,0.0,60.0
23.245438,72.771962,cafe,1.39,2951.61,7933.7,7977.93,15335.82,14405.54,21543.73,22120.43,11104.72,7956.25,-99999.0,Low,Commercial,Low,0,0,0,0.0,65.5
23.15482,72.381656,coffee,1.37,455.31,13089.6,2081.0,15725.26,13397.04,17555.9,15456.5,15825.03,10102.29,-99999.0,Low,Commercial,Low,0,0,0,0.0,71.5
22.864799,72.570651,pizza,166.71,1668.58,10724.01,5479.55,12541.46,12744.62,17383.2,15399.2,11186.46,8011.68,4.52,Low,Commercial,Low,0,0,0,0.0,58.0
22.984213,72.613814,burger,2.1,507.16,315.17,101.03,1104.0,731.03,7442.0,1631.61,404.04,1269.0,123.73,High,Residential,Low,0,0,3,0.75,75.73
22.994362,72.768819,sandwich,101.4,1095.19,5211.2,2955.29,14322.33,10561.65,14740.88,14654.45,10214.79,3600.76,3.49,Low,Residential,Low,0,0,0,0.0,63.0
23.0556,72.860857,gujarati,544.37,6953.91,14997.1,12423.83,21877.92,18474.22,22946.76,21151.66,17118.29,5348.96,-99999.0,Low,Commercial,Low,0,0,0,0.0,66.0
22.991766,72.530752,punjabi,7.55,325.9,545.4,210.02,2384.39,548.95,2819.39,2086.77,770.04,1553.0,97.26,Medium,Residential,Low,0,0,1,0.25,85.0
23.178765,72.839107,south_indian,21.55,21.55,9454.3,9367.36,21321.58,17599.04,25269.7,21897.6,11456.94,9842.98,-99999.0,Low,Commercial,Low,0,0,0,0.0,82.0
23.081436,72.692528,chinese,46.55,502.64,3480.24,633.9,4410.11,1112.46,6787.79,3794.19,3509.45,492.92,26.65,Low,Residential,Low,0,0,0,0.0,71.0
22.882043,72.813915,fine_dining,824.86,1609.57,17279.87,13666.86,20616.27,19648.1,25805.6,23136.41,19504.33,13792.86,-99999.0,Low,Commercial,Low,0,0,0,0.0,66.0
22.895856,72.722988,dessert,365.48,365.48,11843.09,4553.95,11838.7,12403.09,18996.69,15025.47,10595.81,9569.1,-99999.0,Low,Commercial,Low,0,0,0,0.0,74.0
23.011399,72.489521,bakery,100.42,1080.87,1946.8,388.93,1519.83,1423.54,2067.16,1829.84,4478.59,424.73,24.92,Low,Residential,Low,0,0,0,0.0,67.4
23.178943,72.56883,street_food,31.73,31.73,722.8,909.98,1025.11,442.55,719.42,8485.32,582.64,543.08,-99999.0,Low,Residential,Low,0,0,0,0.0,79.0
23.110697,72.378181,fast_food,545.09,1067.9,11685.9,5342.96,11981.82,11615.71,14045.06,11547.11,13066.16,9931.19,-99999.0,Low,Commercial,Low,0,0,0,0.0,58.0
22.873154,72.427654,cafe,179.2,1273.82,13445.53,3136.98,15175.88,16302.2,16504.89,17591.7,10236.01,10941.42,-99999.0,Low,Commercial,Low,0,0,0,0.0,65.5
23.108829,72.456804,coffee,147.74,4351.89,5119.56,443.52,7774.12,4184.46,8527.54,8323.1,7109.05,2731.49,-99999.0,Low,Industrial,Low,0,0,0,0.0,55.5
23.030148,72.806138,pizza,284.4,3630.07,8830.87,6908.62,17034.56,13149.22,17433.46,16264.2,14530.89,6530.29,2.14,Low,Commercial,Low,0,0,0,0.0,58.0
23.070881,72.313335,burger,85.44,4726.4,15589.98,9939.85,15457.55,16174.26,17167.18,14726.27,18094.89,14752.68,-99999.0,Low,Commercial,Low,0,0,0,0.0,58.0
23.233697,72.447969,sandwich,56.78,354.33,13610.26,6284.33,13813.69,13794.35,14502.35,19200.54,11059.46,570.32,-99999.0,Low,Commercial,Low,0,0,0,0.0,74.0
23.092654,72.585913,gujarati,5.26,389.45,537.02,159.97,1062.14,1022.5,515.84,1375.69,646.14,1542.91,103.23,High,Residential,Low,0,0,0,0.0,86.47
23.006873,72.356055,punjabi,8.81,516.17,10988.53,4891.22,10089.47,11186.65,11761.76,10004.24,12420.89,10914.7,7.77,Low,Commercial,Low,0,0,0,0.0,70.0
23.098049,72.451934,south_indian,43.91,4436.74,6031.98,223.17,7132.99,3984.61,8771.73,7203.93,6354.75,3187.74,-99999.0,Low,Industrial,Low,0,0,0,0.0,60.0
23.072724,72.669464,chinese,1.92,715.01,991.47,73.69,2369.69,758.17,4309.8,1481.19,3239.35,1139.97,98.7,Medium,Residential,Low,0,0,0,0.0,82.22
23.077623,72.788646,fine_dining,255.04,1145.44,9905.75,5047.58,14269.99,10785.95,15874.43,13615.01,10108.07,2269.52,-99999.0,Low,Commercial,Low,0,0,0,0.0,66.0
22.833481,72.395989,dessert,158.81,158.81,18759.64,8057.43,20230.16,21440.73,21693.81,22532.05,15592.94,16337.8,5.84,Low,Commercial,Low,0,0,0,0.0,78.0
23.123573,72.331298,bakery,574.05,3905.3,16444.66,7966.61,16502.88,16625.76,18514.65,15961.2,17979.68,14866.0,-99999.0,Low,Commercial,Low,0,0,0,0.0,66.0
23.219838,72.696858,street_food,23.63,2383.65,4268.6,5697.52,7141.29,7052.18,13349.36,16362.13,8215.46,928.27,-99999.0,Low,Forest,Low,0,0,0,0.0,55.5
23.212247,72.483096,fast_food,45.5,2907.23,10177.92,5268.53,9630.07,9608.24,10243.55,15097.99,6749.53,1652.42,-99999.0,Low,Commercial,Low,0,0,0,0.0,58.0
23.251785,72.338438,cafe,212.2,1082.34,22238.33,10930.59,25076.44,24054.46,25652.61,27054.55,21947.04,7688.8,-99999.0,Low,Commercial,Low,0,0,0,0.0,65.5
23.010139,72.413384,coffee,727.3,2763.96,5342.38,1658.43,4216.28,5301.76,5876.84,4400.34,7797.91,5194.35,-99999.0,Low,Commercial,Low,0,0,0,0.0,65.5
23.132603,72.664432,pizza,197.45,1800.29,3413.83,604.07,5637.01,2476.81,9569.62,6211.64,2830.07,559.63,-99999.0,Low,Residential,Low,0,0,0,0.0,55.0
23.141927,72.655082,burger,255.22,2165.17,4184.25,632.28,6484.83,2182.35,9021.41,7181.45,1423.09,0.0,-99999.0,Low,Residential,High,0,0,0,0.0,47.0
23.187908,72.412903,sandwich,540.24,2719.22,11857.66,920.02,14967.39,13810.35,16680.61,17840.36,12761.74,5543.95,-99999.0,Low,Commercial,Low,0,0,0,0.0,66.0
23.028562,72.6458,gujarati,31.69,698.14,749.25,186.52,2027.32,2490.78,2309.57,4001.07,3511.4,973.46,119.3,High,Industrial,Low,1,1,1,1.0,73.5
23.25711,72.364013,punjabi,166.41,1596.96,20724.13,9848.67,22771.51,22751.19,23410.58,26609.42,19802.47,5147.27,-99999.0,Low,Commercial,Low,0,0,0,0.0,66.0
22.953661,72.52377,south_indian,788.74,2085.27,3811.45,970.51,6552.86,4595.46,7073.34,5912.19,3332.77,366.84,-99999.0,Low,Industrial,Low,0,0,0,0.0,60.0
22.991891,72.349247,chinese,235.95,1020.7,12174.79,5340.74,10932.02,12140.99,12712.52,11204.14,12468.98,11567.23,-99999.0,Low,Commercial,Low,0,0,0,0.0,66.0
23.015115,72.629273,fine_dining,62.01,381.59,1012.84,169.4,3074.71,2664.87,3712.14,1985.04,1326.59,1174.65,147.66,High,Residential,Low,3,8,38,13.5,67.65
22.95056,72.388037,dessert,188.46,1088.71,9626.94,3831.6,9310.72,10711.89,11179.1,10917.88,7986.15,8430.1,-99999.0,Low,Commercial,Low,0,0,0,0.0,66.0
23.143417,72.469163,bakery,232.96,4602.63,4300.72,247.8,7847.05,6822.58,9291.09,11314.38,7881.4,2661.73,-99999.0,Low,Industrial,Low,0,0,0,0.0,60.0
23.062985,72.614295,street_food,62.5,1435.55,535.12,257.59,1242.67,1713.23,2884.48,1020.73,1517.22,1725.64,33.76,Low,Residential,Low,0,0,0,0.0,69.3
23.143998,72.664991,fast_food,658.35,2292.22,4439.02,697.58,6747.61,1485.94,9864.67,7470.26,2100.15,0.0,-99999.0,Low,Residential,High,0,0,0,0.0,47.0
22.862465,72.733243,cafe,375.52,1032.63,14898.5,7855.15,15131.61,16181.09,22775.8,18568.57,13685.4,13219.31,-99999.0,Low,Commercial,Low,0,0,0,0.0,65.5
23.11191,72.88257,coffee,452.5,492.71,15701.58,14028.12,24081.99,20529.46,26133.81,23555.57,16184.0,6557.21,-99999.0,Low,Commercial,Low,0,0,0,0.0,71.5
23.042158,72.709419,pizza,141.89,2470.65,3441.59,1447.93,7039.45,3171.34,7433.86,6721.72,6543.71,1085.21,-99999.0,Low,Industrial,Low,0,0,0,0.0,52.0
23.258268,72.882041,burger,559.38,1724.91,16473.2,16449.77,26513.39,24541.26,32692.11,30653.84,19401.6,18602.69,-99999.0,Low,Commercial,Low,0,0,0,0.0,58.0
22.94785,72.66313,sandwich,144.41,218.19,3989.87,135.45,3514.26,4853.06,11390.0,6688.54,2873.86,2121.79,7.4,Low,Industrial,Low,0,0,0,0.0,72.0
22.961915,72.614727,gujarati,17.9,394.06,382.66,150.77,1662.34,1859.35,9790.67,4093.47,1280.0,702.06,96.35,Medium,Residential,Low,0,0,0,0.0,85.0
23.287612,72.515235,punjabi,241.07,1475.62,13769.83,12386.58,12598.96,12602.51,13772.78,21283.31,12438.9,9580.11,-99999.0,Low,Commercial,Low,0,0,0,0.0,66.0
