latitude,longitude,road_distance,highway_distance,hospital_distance,school_distance,bank_distance,restaurant_distance,pharmacy_distance,bus_stop_distance,railway_distance,water_distance,population_value,population_category,landuse,flood_risk,competitors_250_restaurant,competitors_500_restaurant,competitors_1000_restaurant,competitors_250_retail,competitors_500_retail,competitors_1000_retail,competitors_250_office,competitors_500_office,competitors_1000_office,competitors_250_clinic,competitors_500_clinic,competitors_1000_clinic,competitors_250,competitors_500,competitors_1000,restaurant_score,retail_score,office_score,clinic_score
22.967312,72.215006,504.33,729.21,51306.5,51512.74,49083.39,51460.84,52588.59,49370.67,50567.64,50210.46,-99999.0,Low,Unknown,Low,0,0,0,0,0,0,0,0,0,0,0,0,0,0,0,49.0,44.5,36.25,51.0
22.530035,72.333926,1511.32,4996.12,104065.67,99973.19,107511.03,109631.63,110188.51,112140.51,97697.32,97252.31,-99999.0,Low,Unknown,Low,0,0,0,0,0,0,0,0,0,0,0,0,0,0,0,45.0,38.5,31.25,47.0
23.083765,72.60602,113.8,1330.77,2840.9,2812.58,3055.39,3396.01,4496.57,6852.98,4154.71,914.52,7.89,Low,Unknown,Low,0,0,0,0,0,0,0,0,0,0,0,0,0,0,0,45.0,56.5,48.5,58.55
23.270615,72.252163,1883.98,8433.48,59968.52,55194.26,66214.52,62234.11,67962.86,65556.48,60597.86,32618.95,-99999.0,Low,Unknown,Low,0,0,0,0,0,0,0,0,0,0,0,0,0,0,0,45.0,38.5,31.25,47.0
22.706306,72.217878,812.58,4785.01,80224.63,77462.83,81436.36,84137.24,84914.07,84991.61,74546.11,76183.83,4.47,Low,Unknown,Low,0,0,0,0,0,0,0,0,0,0,0,0,0,0,0,45.0,44.5,36.25,51.0
22.462366,72.503213,616.99,8734.54,110340.78,110795.67,113161.47,114694.63,121946.56,119006.33,109331.26,103242.31,-99999.0,Low,Unknown,Low,0,0,0,0,0,0,0,0,0,0,0,0,0,0,0,45.0,44.5,36.25,51.0
22.231843,72.319303,10113.36,24312.59,168886.23,164673.83,172754.3,172619.92,175241.61,175756.95,162591.58,160194.9,-99999.0,Low,Unknown,Low,0,0,0,0,0,0,0,0,0,0,0,0,0,0,0,45.0,38.5,31.25,47.0
22.979861,72.526965,327.9,2930.47,2919.31,8001.15,7325.76,3493.74,8192.43,6439.43,831.42,732.1,6.39,Low,Unknown,Low,0,0,0,0,0,0,0,0,0,0,0,0,0,0,0,45.0,50.5,52.37,54.77
22.464529,72.553559,1895.35,7217.01,108195.75,111322.47,110789.99,113439.37,121588.33,118120.23,107369.59,102611.49,-99999.0,Low,Unknown,Low,0,0,0,0,0,0,0,0,0,0,0,0,0,0,0,45.0,38.5,31.25,47.0
23.171317,72.203899,1900.76,3208.19,59598.7,52547.31,59404.17,60094.87,63205.57,58184.27,62841.48,45198.35,-99999.0,Low,Unknown,Low,0,0,0,0,0,0,0,0,0,0,0,0,0,0,0,45.0,38.5,31.25,47.0
23.166983,72.618884,478.24,3508.15,1282.17,2095.02,6233.1,4389.32,9024.18,16644.93,6363.75,749.77,-99999.0,Low,Unknown,Low,0,0,0,0,0,0,0,0,0,0,0,0,0,0,0,45.0,50.5,41.25,50.09
22.608301,72.293288,1055.75,6720.04,90575.31,86845.18,93343.05,95797.08,96331.81,97697.25,84299.24,85717.16,-99999.0,Low,Unknown,Low,0,0,0,0,0,0,0,0,0,0,0,0,0,0,0,45.0,38.5,31.25,47.0
23.348656,72.401957,1805.82,2938.92,51076.1,48338.22,49062.25,49049.98,51076.86,63302.9,46035.61,21636.39,-99999.0,Low,Unknown,Low,0,0,0,0,0,0,0,0,0,0,0,0,0,0,0,45.0,38.5,31.25,47.0
22.311295,72.25803,3252.85,5070.38,154670.24,150604.07,158006.0,160208.05,160749.03,162571.1,148305.33,147653.61,-99999.0,Low,Unknown,Low,0,0,0,0,0,0,0,0,0,0,0,0,0,0,0,45.0,38.5,31.25,47.0
23.216993,72.562236,515.07,4905.09,9219.78,5362.57,6833.29,6836.8,9228.44,25034.59,7435.26,7643.34,-99999.0,Low,Unknown,Low,0,0,0,0,0,0,0,0,0,0,0,0,0,0,0,45.0,44.5,36.25,51.0
23.168554,72.637839,88.89,230.11,2035.75,1921.29,6239.43,3821.52,12726.19,19159.74,3429.6,2987.59,-99999.0,Low,Residential,Low,0,0,0,0,0,0,0,0,0,0,0,0,0,0,0,61.5,67.0,60.44,65.25
22.843474,72.783869,1293.09,3738.74,39287.82,47234.05,40370.45,40971.0,53872.38,46646.61,37765.47,32126.81,-99999.0,Low,Unknown,Low,0,0,0,0,0,0,0,0,0,0,0,0,0,0,0,45.0,38.5,31.25,47.0
22.654241,72.531224,584.43,962.78,67773.84,69238.75,70764.82,71985.21,79611.04,76420.19,67548.35,60696.48,-99999.0,Low,Unknown,Low,0,0,0,0,0,0,0,0,0,0,0,0,0,0,0,49.0,44.5,36.25,51.0
23.195286,72.571112,1496.37,2872.13,4195.73,1926.21,1791.84,1785.03,4205.73,20258.6,2942.76,2660.25,-99999.0,Low,Unknown,Low,0,0,0,0,0,0,0,0,0,0,0,0,0,0,0,45.0,44.3,36.74,47.0
23.234048,72.546411,375.27,3357.53,13829.29,10179.03,11515.4,11522.72,13835.58,29089.35,11743.45,12251.83,-99999.0,Low,Unknown,Low,0,0,0,0,0,0,0,0,0,0,0,0,0,0,0,45.0,50.5,41.25,55.0
23.045486,72.227495,106.8,2809.9,46830.44,46323.29,46444.49,47952.75,49299.82,44965.33,51555.13,45745.14,-99999.0,Low,Unknown,Low,0,0,0,0,0,0,0,0,0,0,0,0,0,0,0,45.0,56.5,46.25,59.0
22.473478,72.373633,2093.69,2093.69,114365.16,110158.28,118339.59,118431.67,120769.77,121350.97,108099.27,105874.13,-99999.0,Low,Unknown,Low,0,0,0,0,0,0,0,0,0,0,0,0,0,0,0,45.0,38.5,31.25,47.0
22.29575,72.339675,15504.35,21314.84,154185.96,150006.43,158158.49,157873.61,160612.35,161017.38,147947.13,145449.82,-99999.0,Low,Unknown,Low,0,0,0,0,0,0,0,0,0,0,0,0,0,0,0,45.0,38.5,31.25,47.0
22.321202,72.366784,12184.07,24861.65,147595.39,143535.28,151225.53,150901.15,154246.38,154206.18,141547.04,138575.61,-99999.0,Low,Unknown,Low,0,0,0,0,0,0,0,0,0,0,0,0,0,0,0,45.0,38.5,31.25,47.0
22.962821,72.418899,87.03,4822.28,12184.9,11976.05,12172.15,14880.78,15698.3,16072.96,9442.31,9988.09,14.28,Low,Unknown,Low,0,0,0,0,0,0,0,0,0,0,0,0,0,0,0,50.0,66.5,53.25,71.0
22.644217,72.325704,3336.28,5827.09,80769.36,76943.67,83740.17,86141.43,86637.66,88195.53,74457.24,75835.96,-99999.0,Low,Unknown,Low,0,0,0,0,0,0,0,0,0,0,0,0,0,0,0,45.0,38.5,31.25,47.0
22.520373,72.761993,1383.48,1383.48,99130.96,108366.75,100967.76,104996.9,118946.24,108749.65,97413.77,98276.04,-99999.0,Low,Unknown,Low,0,0,0,0,0,0,0,0,0,0,0,0,0,0,0,45.0,38.5,31.25,47.0
22.977642,72.565479,35.48,532.03,4561.44,1547.32,5926.97,1736.25,11193.46,6471.67,7734.13,2300.86,38.81,Low,Industrial,Low,0,0,0,0,0,0,0,0,0,0,0,0,0,0,0,55.5,68.0,60.75,72.0
22.405366,72.637476,1467.72,6062.72,120451.95,127268.63,122812.19,126391.17,136460.35,130512.49,119268.02,117513.22,-99999.0,Low,Unknown,Low,0,0,0,0,0,0,0,0,0,0,0,0,0,0,0,45.0,38.5,31.25,47.0
22.396083,72.427673,2075.41,9599.26,128329.1,125662.4,131462.64,131779.84,136593.64,135459.26,123862.86,119722.59,-99999.0,Low,Unknown,Low,0,0,0,0,0,0,0,0,0,0,0,0,0,0,0,45.0,38.5,31.25,47.0
23.387428,72.584,421.31,3070.15,42796.86,40179.11,42228.8,42275.74,45921.09,62085.72,44609.93,33159.22,-99999.0,Low,Unknown,Low,0,0,0,0,0,0,0,0,0,0,0,0,0,0,0,45.0,50.5,41.25,55.0
22.86834,72.610769,251.14,689.82,18451.41,25635.67,21092.89,24102.81,36449.49,28473.82,17781.64,18602.11,-99999.0,Low,Unknown,Low,0,0,0,0,0,0,0,0,0,0,0,0,0,0,0,49.0,56.5,46.25,59.0
23.211422,72.6656,221.02,221.02,6823.76,6270.68,7539.3,7373.18,19740.17,29400.15,12586.98,1032.15,-99999.0,Low,Unknown,Low,0,0,0,0,0,0,0,0,0,0,0,0,0,0,0,57.0,56.5,46.25,59.0
22.474858,72.21926,6305.16,10161.8,123482.45,119793.19,126112.95,128604.93,129167.0,130374.7,117226.19,118658.81,-99999.0,Low,Unknown,Low,0,0,0,0,0,0,0,0,0,0,0,0,0,0,0,45.0,38.5,31.25,47.0
22.578544,72.360645,285.58,5429.77,92360.07,88212.46,95942.54,97710.58,98543.3,100361.84,85989.19,85278.86,-99999.0,Low,Unknown,Low,0,0,0,0,0,0,0,0,0,0,0,0,0,0,0,45.0,56.5,46.25,59.0
22.453179,72.765746,330.89,4978.45,113697.32,122651.94,115599.48,119651.54,133238.94,123396.01,112034.56,112944.2,-99999.0,Low,Unknown,Low,0,0,0,0,0,0,0,0,0,0,0,0,0,0,0,45.0,50.5,41.25,55.0
23.251641,72.388807,468.77,6424.08,36441.26,36072.49,39582.73,39543.62,40876.79,48845.16,33868.89,4981.01,-99999.0,Low,Unknown,Low,0,0,0,0,0,0,0,0,0,0,0,0,0,0,0,45.0,50.5,41.25,55.0
22.986526,72.437379,56.18,385.77,7242.23,9117.13,5791.44,8510.96,9366.61,9947.79,8289.8,5426.09,38.03,Low,Unknown,Low,0,0,0,0,0,0,0,0,0,0,0,0,0,0,0,58.0,66.5,53.25,71.0
23.297457,72.475311,279.26,7023.98,33110.43,30008.29,30984.03,30977.67,33112.93,46545.94,28933.06,15216.01,-99999.0,Low,Unknown,Low,0,0,0,0,0,0,0,0,0,0,0,0,0,0,0,45.0,56.5,46.25,59.0
22.517856,72.347977,618.18,7792.52,105941.87,101776.54,109540.65,111128.5,112136.2,113745.57,99571.09,98541.71,-99999.0,Low,Unknown,Low,0,0,0,0,0,0,0,0,0,0,0,0,0,0,0,45.0,44.5,36.25,51.0
22.873642,72.357645,433.98,433.98,34051.37,31635.07,35237.84,37915.45,38670.83,39024.19,28643.56,30324.28,3.72,Low,Unknown,Low,0,0,0,0,0,0,0,0,0,0,0,0,0,0,0,53.0,50.5,41.25,55.0
22.901503,72.738694,2063.6,4156.47,24503.28,31533.49,25359.43,25222.74,38140.2,31111.33,23224.75,17675.05,-99999.0,Low,Unknown,Low,0,0,0,0,0,0,0,0,0,0,0,0,0,0,0,45.0,38.5,31.25,47.0
22.679281,72.331592,483.12,483.12,73193.95,69437.79,76063.01,78486.54,79000.65,80484.81,66905.28,68313.54,4.95,Low,Unknown,Low,0,0,0,0,0,0,0,0,0,0,0,0,0,0,0,53.0,50.5,41.25,55.0
23.397045,72.505716,126.01,7826.92,49412.0,45050.13,47529.89,47524.73,49930.73,65363.82,48006.34,36790.25,-99999.0,Low,Unknown,Low,0,0,0,0,0,0,0,0,0,0,0,0,0,0,0,45.0,56.5,46.25,59.0
22.309091,72.22827,436.09,436.09,156916.02,152936.81,160069.63,162437.28,162902.24,164556.68,150565.86,150510.69,-99999.0,Low,Unknown,Low,0,0,0,0,0,0,0,0,0,0,0,0,0,0,0,53.0,50.5,41.25,55.0
22.331579,72.576468,2072.48,5669.69,137075.5,141153.92,139583.72,142739.7,151267.69,147135.33,136102.11,132270.92,-99999.0,Low,Unknown,Low,0,0,0,0,0,0,0,0,0,0,0,0,0,0,0,45.0,38.5,31.25,47.0
23.150495,72.453296,621.99,12549.7,11979.76,11746.26,18892.98,16004.48,21701.97,25466.7,17803.73,8276.71,-99999.0,Low,Industrial,Low,0,0,0,0,0,0,0,0,0,0,0,0,0,0,0,46.5,46.0,43.75,52.0
22.276233,72.428972,11453.57,32175.26,153869.63,152108.22,156830.43,157725.28,163069.39,161612.82,150340.49,145847.62,-99999.0,Low,Unknown,Low,0,0,0,0,0,0,0,0,0,0,0,0,0,0,0,45.0,38.5,31.25,47.0
23.395346,72.517469,30.67,6385.9,48095.31,43938.65,46560.42,46547.13,48970.8,64580.37,47120.06,37564.19,-99999.0,Low,Unknown,Low,0,0,0,0,0,0,0,0,0,0,0,0,0,0,0,45.0,62.5,51.25,63.0
23.365294,72.716468,528.91,14112.87,40210.8,41234.02,40494.85,40445.84,49986.4,64014.57,46462.45,19864.89,-99999.0,Low,Unknown,Low,0,0,0,0,0,0,0,0,0,0,0,0,0,0,0,45.0,44.5,36.25,51.0
22.213777,72.632433,1706.04,3845.36,163009.3,168943.55,165390.01,168904.1,178464.48,173074.97,161851.05,159467.02,-99999.0,Low,Unknown,Low,0,0,0,0,0,0,0,0,0,0,0,0,0,0,0,45.0,38.5,31.25,47.0
23.018052,72.522182,19.2,1059.13,658.47,63.0,1559.3,571.12,1669.34,2293.22,5721.25,1771.83,153.86,High,Residential,Low,0,0,2,0,0,0,0,0,0,0,0,2,0,0,2,67.0,87.92,63.25,90.09
22.52019,72.584577,2535.13,2680.13,95285.54,100362.53,97813.87,100928.57,109783.15,105339.87,94347.51,90779.89,-99999.0,Low,Unknown,Low,0,0,0,0,0,0,0,0,0,0,0,0,0,0,0,45.0,38.5,31.25,47.0
22.333863,72.460859,1411.6,17817.31,139952.95,139096.76,142836.2,144046.81,150143.03,148116.47,137435.29,132338.91,-99999.0,Low,Unknown,Low,0,0,0,0,0,0,0,0,0,0,0,0,0,0,0,45.0,38.5,31.25,47.0
22.744468,72.77229,40.91,7422.2,54610.64,64516.96,55737.73,59121.11,72115.53,63105.22,52447.85,52782.54,-99999.0,Low,Unknown,Low,0,0,0,0,0,0,0,0,0,0,0,0,0,0,0,45.0,62.5,51.25,63.0
23.251024,72.358033,281.79,1614.43,40563.21,38581.82,45364.17,44646.2,46548.36,51381.86,39342.43,11115.44,-99999.0,Low,Unknown,Low,0,0,0,0,0,0,0,0,0,0,0,0,0,0,0,45.0,56.5,46.25,59.0
22.800703,72.307191,1087.92,5586.39,52779.92,50018.89,54169.4,56841.46,57584.48,57921.73,47093.98,48735.93,-99999.0,Low,Unknown,Low,0,0,0,0,0,0,0,0,0,0,0,0,0,0,0,45.0,38.5,31.25,47.0
23.295153,72.722311,736.19,8184.87,25207.32,27340.25,28172.4,28071.5,39327.02,49457.21,31147.82,6086.95,-99999.0,Low,Unknown,Low,0,0,0,0,0,0,0,0,0,0,0,0,0,0,0,45.0,44.5,36.25,51.0
22.558134,72.58337,834.68,5011.5,86953.44,92141.17,89497.59,92568.0,101420.57,97001.63,86042.6,82419.63,-99999.0,Low,Unknown,Low,0,0,0,0,0,0,0,0,0,0,0,0,0,0,0,45.0,44.5,36.25,51.0
22.930764,72.291704,674.53,674.53,38665.87,38429.16,36907.13,39584.75,40639.57,38685.06,35620.64,36538.99,-99999.0,Low,Unknown,Low,0,0,0,0,0,0,0,0,0,0,0,0,0,0,0,49.0,44.5,36.25,51.0
23.115013,72.523627,185.82,2479.86,2147.69,5098.53,5007.83,3645.88,6553.2,9805.09,6975.83,1869.18,3.59,Low,Unknown,Low,0,0,0,0,0,0,0,0,0,0,0,0,0,0,0,45.0,56.5,46.25,56.56
23.134352,72.518212,32.98,997.32,3766.03,5489.24,5359.99,5635.74,10872.13,12603.86,7416.66,507.59,6.71,Low,Unknown,Low,0,0,0,0,0,0,0,0,0,0,0,0,0,0,0,49.0,62.5,51.25,63.0
22.200686,72.394494,26745.62,39752.83,171844.3,169346.26,174859.26,175516.59,180217.45,179253.69,167488.35,163511.62,-99999.0,Low,Unknown,Low,0,0,0,0,0,0,0,0,0,0,0,0,0,0,0,45.0,38.5,31.25,47.0
22.223372,72.757459,2167.72,12693.41,163357.59,171443.77,165445.66,169550.23,181386.86,173252.74,161865.3,162690.57,-99999.0,Low,Unknown,Low,0,0,0,0,0,0,0,0,0,0,0,0,0,0,0,45.0,38.5,31.25,47.0
23.254466,72.698999,266.5,1727.79,15938.42,17310.83,18504.83,18383.57,30181.43,39697.62,23136.03,2984.11,-99999.0,Low,Unknown,Low,0,0,0,0,0,0,0,0,0,0,0,0,0,0,0,45.0,56.5,46.25,59.0
22.569017,72.234755,3343.33,7291.13,103491.17,99972.06,105853.32,108396.51,109003.42,109999.38,97313.71,98803.47,-99999.0,Low,Unknown,Low,0,0,0,0,0,0,0,0,0,0,0,0,0,0,0,45.0,38.5,31.25,47.0
23.253612,72.76817,8.55,4319.62,17133.86,26413.16,30176.24,29102.76,42375.21,44751.2,23303.16,14291.21,-99999.0,Low,Unknown,Low,0,0,0,0,0,0,0,0,0,0,0,0,0,0,0,45.0,62.5,51.25,63.0
22.302784,72.491594,10016.8,21031.06,145526.81,146007.29,148225.13,150067.05,157122.4,154412.76,144458.57,138648.39,-99999.0,Low,Unknown,Low,0,0,0,0,0,0,0,0,0,0,0,0,0,0,0,45.0,38.5,31.25,47.0
22.283055,72.656361,3848.57,10738.72,147760.74,154711.06,150082.72,153748.31,163908.09,157809.64,146527.36,144953.33,-99999.0,Low,Unknown,Low,0,0,0,0,0,0,0,0,0,0,0,0,0,0,0,45.0,38.5,31.25,47.0
23.119001,72.277035,3360.09,15308.71,41291.49,35676.94,41080.93,42422.25,44806.1,39807.85,45025.59,39037.17,-99999.0,Low,Unknown,Low,0,0,0,0,0,0,0,0,0,0,0,0,0,0,0,45.0,38.5,31.25,47.0
22.770339,72.529882,1156.92,8826.52,43548.22,44141.93,47023.27,46776.55,54078.18,50938.36,43285.99,35186.58,-99999.0,Low,Unknown,Low,0,0,0,0,0,0,0,0,0,0,0,0,0,0,0,45.0,38.5,31.25,47.0
22.518068,72.72346,694.98,2561.6,97653.02,106262.98,99661.26,103748.39,116691.7,107470.44,96083.97,97081.16,-99999.0,Low,Unknown,Low,0,0,0,0,0,0,0,0,0,0,0,0,0,0,0,45.0,44.5,36.25,51.0
22.707766,72.327079,1320.02,6616.42,67875.76,64265.46,70509.54,72985.06,73540.29,74836.26,61647.53,63111.61,-99999.0,Low,Unknown,Low,0,0,0,0,0,0,0,0,0,0,0,0,0,0,0,45.0,38.5,31.25,47.0
22.847155,72.637959,543.06,4697.35,23062.99,31976.07,25300.0,29289.87,43181.57,33056.25,21740.95,23012.51,-99999.0,Low,Unknown,Low,0,0,0,0,0,0,0,0,0,0,0,0,0,0,0,45.0,44.5,36.25,51.0
22.441381,72.38703,3173.31,7245.7,120738.72,116668.96,125030.96,124270.99,127390.23,127439.7,114686.61,111853.54,-99999.0,Low,Unknown,Low,0,0,0,0,0,0,0,0,0,0,0,0,0,0,0,45.0,38.5,31.25,47.0
23.394179,72.589927,287.59,1416.44,44108.03,41663.63,43529.06,43575.86,47445.81,63614.85,46184.45,33683.31,-99999.0,Low,Unknown,Low,0,0,0,0,0,0,0,0,0,0,0,0,0,0,0,45.0,56.5,46.25,59.0
22.72572,72.510546,841.34,4784.74,54112.91,53071.27,57564.74,57179.88,63998.29,61073.0,51865.23,45295.41,-99999.0,Low,Unknown,Low,0,0,0,0,0,0,0,0,0,0,0,0,0,0,0,45.0,44.5,36.25,51.0
22.345205,72.334818,10862.06,17526.16,143725.69,139467.42,147497.79,147777.82,150000.86,150748.83,137362.75,135255.81,-99999.0,Low,Unknown,Low,0,0,0,0,0,0,0,0,0,0,0,0,0,0,0,45.0,38.5,31.25,47.0
22.605703,72.552985,831.26,7731.02,77390.53,80551.03,80066.62,82286.91,90439.78,87066.61,76715.37,71450.85,-99999.0,Low,Unknown,Low,0,0,0,0,0,0,0,0,0,0,0,0,0,0,0,45.0,44.5,36.25,51.0
22.476138,72.33213,1844.01,2478.63,115633.87,111485.39,119183.13,120868.15,121807.95,123483.87,109263.01,108266.76,-99999.0,Low,Unknown,Low,0,0,0,0,0,0,0,0,0,0,0,0,0,0,0,45.0,38.5,31.25,47.0
22.285192,72.578662,8818.94,11639.65,147330.11,151412.15,149826.74,153015.29,161575.44,157393.06,146338.18,142579.58,-99999.0,Low,Unknown,Low,0,0,0,0,0,0,0,0,0,0,0,0,0,0,0,45.0,38.5,31.25,47.0
22.47473,72.743252,362.75,7382.14,107926.73,116653.39,109894.66,113969.14,127119.92,117701.09,106321.12,107283.68,-99999.0,Low,Unknown,Low,0,0,0,0,0,0,0,0,0,0,0,0,0,0,0,45.0,50.5,41.25,55.0
23.231562,72.242514,99.17,6771.54,57672.81,51379.58,61306.85,58730.03,65353.49,60384.73,60235.53,34420.93,-99999.0,Low,Unknown,Low,0,0,0,0,0,0,0,0,0,0,0,0,0,0,0,45.0,62.5,51.25,63.0
22.485606,72.601387,937.33,3213.94,102712.65,108597.01,105182.5,108471.62,117782.45,112781.51,101682.58,98791.28,-99999.0,Low,Unknown,Low,0,0,0,0,0,0,0,0,0,0,0,0,0,0,0,45.0,44.5,36.25,51.0
22.457084,72.279387,241.96,2636.14,122668.04,118697.67,125836.93,128195.91,128656.74,130344.25,116318.87,116552.67,-99999.0,Low,Unknown,Low,0,0,0,0,0,0,0,0,0,0,0,0,0,0,0,45.0,56.5,46.25,59.0
23.322617,72.542626,1164.05,2539.76,31669.55,27382.05,30062.42,30042.78,32476.95,48259.74,30705.6,28122.54,-99999.0,Low,Unknown,Low,0,0,0,0,0,0,0,0,0,0,0,0,0,0,0,45.0,38.5,31.25,47.0
22.767205,72.670772,195.73,3340.63,41574.52,50768.33,43567.1,47659.91,61815.84,51376.54,39989.0,41013.02,-99999.0,Low,Unknown,Low,0,0,0,0,0,0,0,0,0,0,0,0,0,0,0,45.0,56.5,46.25,59.0
23.168996,72.314246,587.29,11951.24,39564.2,31993.08,41572.77,39472.28,45627.13,40676.37,43365.29,26358.09,-99999.0,Low,Unknown,Low,0,0,0,0,0,0,0,0,0,0,0,0,0,0,0,45.0,44.5,36.25,51.0
22.316317,72.458631,5281.43,21472.22,143847.93,142991.14,146721.03,147957.62,154032.19,152029.53,141322.17,136251.98,-99999.0,Low,Unknown,Low,0,0,0,0,0,0,0,0,0,0,0,0,0,0,0,45.0,38.5,31.25,47.0
22.708294,72.480215,831.95,831.95,59904.43,56473.53,63791.87,62494.91,67588.57,65860.25,54943.45,50170.07,-99999.0,Low,Unknown,Low,0,0,0,0,0,0,0,0,0,0,0,0,0,0,0,49.0,44.5,36.25,51.0
23.074891,72.604019,14.96,410.14,3190.68,2683.02,3252.42,2887.2,4938.24,5290.87,3206.46,382.25,65.42,Medium,Residential,Low,0,0,0,0,0,0,0,0,0,0,0,0,0,0,0,67.5,75.0,65.03,84.0
23.380998,72.259051,762.39,9155.97,74546.18,72849.09,75627.08,75601.47,77324.26,85118.14,71044.77,42027.47,3.71,Low,Unknown,Low,0,0,0,0,0,0,0,0,0,0,0,0,0,0,0,45.0,44.5,36.25,51.0
22.683146,72.403582,676.51,5061.9,67999.11,63770.91,71815.55,73118.69,74273.44,75775.77,61634.19,60769.77,3.02,Low,Unknown,Low,0,0,0,0,0,0,0,0,0,0,0,0,0,0,0,45.0,44.5,36.25,51.0
23.234007,72.349194,62.88,1190.13,39506.04,36402.52,45395.17,42840.13,47108.69,48669.67,39673.3,13266.64,-99999.0,Low,Unknown,Low,0,0,0,0,0,0,0,0,0,0,0,0,0,0,0,45.0,62.5,51.25,63.0
22.428251,72.469168,1367.81,1367.81,119224.79,118192.63,122194.55,123158.83,129259.71,127176.88,116563.31,111400.17,-99999.0,Low,Unknown,Low,0,0,0,0,0,0,0,0,0,0,0,0,0,0,0,45.0,38.5,31.25,47.0
22.706258,72.367127,1418.68,1418.68,65079.72,61148.21,68305.77,70630.88,71076.3,72886.68,58735.31,60065.2,3.83,Low,Unknown,Low,0,0,0,0,0,0,0,0,0,0,0,0,0,0,0,45.0,38.5,31.25,47.0
22.499768,72.753959,770.18,6069.75,103076.77,112083.58,104974.54,109026.07,122727.24,112770.71,101410.02,102318.7,-99999.0,Low,Unknown,Low,0,0,0,0,0,0,0,0,0,0,0,0,0,0,0,45.0,44.5,36.25,51.0
22.731757,72.716809,537.19,537.19,51854.74,61905.56,53520.66,57491.76,71296.08,61253.69,50003.62,50757.72,-99999.0,Low,Unknown,Low,0,0,0,0,0,0,0,0,0,0,0,0,0,0,0,49.0,44.5,36.25,51.0
22.86039,72.230353,138.5,9108.97,56324.95,55123.88,55527.63,58271.8,59263.34,57855.31,52132.63,53483.56,-99999.0,Low,Unknown,Low,0,0,0,0,0,0,0,0,0,0,0,0,0,0,0,45.0,56.5,46.25,59.0
23.399139,72.701617,59.0,11645.82,46717.75,47505.33,46267.61,46244.26,54728.84,69537.11,54032.29,26982.15,-99999.0,Low,Unknown,Low,0,0,0,0,0,0,0,0,0,0,0,0,0,0,0,45.0,62.5,51.25,63.0
23.362796,72.75582,424.39,7027.21,40419.2,43536.48,43978.15,43895.9,54486.42,65522.61,46119.72,22026.31,-99999.0,Low,Unknown,Low,0,0,0,0,0,0,0,0,0,0,0,0,0,0,0,45.0,50.5,41.25,55.0
23.218435,72.299787,177.34,4092.78,46101.76,40561.68,51564.33,47722.42,55486.89,50808.31,48447.98,23698.89,-99999.0,Low,Unknown,Low,0,0,0,0,0,0,0,0,0,0,0,0,0,0,0,45.0,56.5,46.25,59.0
22.782769,72.328248,9.6,122.95,53420.35,50256.68,55415.54,58004.0,58659.32,59480.17,47441.43,49019.57,21.14,Low,Unknown,Low,0,0,0,0,0,0,0,0,0,0,0,0,0,0,0,62.0,66.5,53.25,71.0
22.681248,72.235181,9.44,9.44,82422.54,79378.85,84060.72,86714.34,87431.74,87854.87,76534.57,78130.53,5.73,Low,Unknown,Low,0,0,0,0,0,0,0,0,0,0,0,0,0,0,0,61.0,62.5,51.25,63.0
22.654768,72.791185,961.89,3528.92,73681.91,84228.81,75065.14,78865.39,92000.05,82618.49,71654.57,72179.14,-99999.0,Low,Unknown,Low,0,0,0,0,0,0,0,0,0,0,0,0,0,0,0,45.0,44.5,36.25,51.0
22.518244,72.670442,976.88,2793.35,95906.72,103554.72,98133.69,102032.3,113402.05,105906.79,94561.84,94716.96,-99999.0,Low,Unknown,Low,0,0,0,0,0,0,0,0,0,0,0,0,0,0,0,45.0,44.5,36.25,51.0
22.74601,72.453804,167.61,304.06,52345.43,48426.09,57300.41,56724.88,59353.98,59262.09,46625.65,43952.83,69.3,Medium,Unknown,Low,0,0,0,0,0,0,0,0,0,0,0,0,0,0,0,63.0,64.5,50.25,75.0
23.348781,72.797254,1077.64,1611.8,38702.11,45305.04,47017.3,46901.61,58389.53,65824.55,44854.86,25125.56,-99999.0,Low,Unknown,Low,0,0,0,0,0,0,0,0,0,0,0,0,0,0,0,45.0,38.5,31.25,47.0
22.866922,72.631045,28.13,182.97,18604.36,27446.42,20936.39,24765.98,38736.43,28641.41,17410.71,18784.58,-99999.0,Low,Unknown,Low,0,0,0,0,0,0,0,0,0,0,0,0,0,0,0,57.0,62.5,51.25,63.0
22.385756,72.378025,6113.65,17628.24,133147.5,129085.28,137085.34,136555.12,139803.42,139797.49,127101.41,124186.37,-99999.0,Low,Unknown,Low,0,0,0,0,0,0,0,0,0,0,0,0,0,0,0,45.0,38.5,31.25,47.0
23.362451,72.547508,1403.03,1506.56,39248.31,35505.67,38423.96,38391.89,40837.57,56771.08,39177.65,34346.78,-99999.0,Low,Unknown,Low,0,0,0,0,0,0,0,0,0,0,0,0,0,0,0,45.0,38.5,31.25,47.0
22.850634,72.648785,128.94,4556.01,22683.18,32278.25,24733.35,28847.73,43296.04,32537.31,21153.15,22281.04,-99999.0,Low,Unknown,Low,0,0,0,0,0,0,0,0,0,0,0,0,0,0,0,45.0,56.5,46.25,59.0
22.268598,72.550507,15706.23,18157.95,151439.07,154362.57,153988.28,156873.12,164966.34,161464.01,150531.45,146008.11,-99999.0,Low,Unknown,Low,0,0,0,0,0,0,0,0,0,0,0,0,0,0,0,45.0,38.5,31.25,47.0
22.80342,72.711632,735.85,3853.8,37060.31,47775.53,38436.83,42278.86,55737.55,46034.52,35018.7,35568.93,-99999.0,Low,Unknown,Low,0,0,0,0,0,0,0,0,0,0,0,0,0,0,0,45.0,44.5,36.25,51.0
22.388919,72.776467,206.29,1304.77,128081.99,136907.66,130007.95,134067.25,147386.74,137808.31,126439.86,127365.4,-99999.0,Low,Unknown,Low,0,0,0,0,0,0,0,0,0,0,0,0,0,0,0,45.0,56.5,46.25,59.0
22.296134,72.311495,10428.76,16110.87,155295.86,151070.36,158983.37,159586.24,161536.98,162502.86,148928.28,147038.9,-99999.0,Low,Unknown,Low,0,0,0,0,0,0,0,0,0,0,0,0,0,0,0,45.0,38.5,31.25,47.0
22.914042,72.605128,9.81,1630.4,8762.38,15848.24,11974.27,14120.73,27190.23,18583.39,9321.42,8745.78,4.5,Low,Unknown,Low,0,0,0,0,0,0,0,0,0,0,0,0,0,0,0,45.0,62.5,51.25,63.0
22.482245,72.271932,640.74,640.74,117934.31,114033.55,120971.67,123365.33,123851.68,125424.68,111602.24,112339.69,-99999.0,Low,Unknown,Low,0,0,0,0,0,0,0,0,0,0,0,0,0,0,0,49.0,44.5,36.25,51.0
23.268345,72.347729,213.64,244.9,44659.89,42863.09,48556.66,48518.12,49861.98,55627.65,42830.24,13833.68,-99999.0,Low,Unknown,Low,0,0,0,0,0,0,0,0,0,0,0,0,0,0,0,57.0,56.5,46.25,59.0
22.913423,72.571629,301.92,2630.68,11651.13,14553.62,16383.02,14541.99,24197.26,19956.5,14764.39,7402.06,5.44,Low,Unknown,Low,0,0,0,0,0,0,0,0,0,0,0,0,0,0,0,45.0,50.5,41.25,55.0
22.70307,72.550203,347.37,347.37,56419.09,59494.63,59358.33,60912.15,68994.41,65612.58,56128.83,49999.73,-99999.0,Low,Unknown,Low,0,0,0,0,0,0,0,0,0,0,0,0,0,0,0,53.0,50.5,41.25,55.0
22.827339,72.760824,370.99,1008.15,38927.87,47354.17,39506.17,41509.78,54542.54,46355.63,36561.59,34429.95,-99999.0,Low,Unknown,Low,0,0,0,0,0,0,0,0,0,0,0,0,0,0,0,45.0,50.5,41.25,55.0
22.445111,72.629715,726.57,726.57,111607.23,118335.93,113988.59,117517.07,127504.52,121672.43,110451.54,108556.45,-99999.0,Low,Unknown,Low,0,0,0,0,0,0,0,0,0,0,0,0,0,0,0,49.0,44.5,36.25,51.0
22.486423,72.437472,65.89,65.89,108713.25,105620.43,111962.8,111903.15,116566.24,115475.57,103836.64,99757.42,-99999.0,Low,Unknown,Low,0,0,0,0,0,0,0,0,0,0,0,0,0,0,0,61.0,62.5,51.25,63.0
23.006028,72.379998,212.88,567.38,17060.11,17490.04,15028.31,17233.4,18366.07,15139.13,20106.01,16661.22,10.05,Low,Unknown,Low,0,0,0,0,0,0,0,0,0,0,0,0,0,0,0,54.0,60.5,48.25,67.0
22.579413,72.651119,400.3,3461.11,82080.93,89514.71,84367.42,88142.49,99304.37,92112.77,80806.33,80613.23,-99999.0,Low,Unknown,Low,0,0,0,0,0,0,0,0,0,0,0,0,0,0,0,45.0,50.5,41.25,55.0
22.287052,72.474971,11903.52,25836.49,149550.76,149446.75,152314.46,153921.93,160527.27,158151.89,147836.57,142377.15,-99999.0,Low,Unknown,Low,0,0,0,0,0,0,0,0,0,0,0,0,0,0,0,45.0,38.5,31.25,47.0
23.398145,72.797658,328.42,3931.67,49169.22,54299.52,55155.03,55064.11,65843.38,75668.49,55222.54,33077.39,-99999.0,Low,Unknown,Low,0,0,0,0,0,0,0,0,0,0,0,0,0,0,0,45.0,50.5,41.25,55.0
22.287913,72.327893,14230.45,19941.82,156391.06,152160.17,160225.95,160250.56,162717.08,163319.7,150070.53,147784.47,-99999.0,Low,Unknown,Low,0,0,0,0,0,0,0,0,0,0,0,0,0,0,0,45.0,38.5,31.25,47.0
22.51824,72.759956,1183.63,1892.35,99465.6,108659.18,101314.34,105348.08,119317.61,109099.42,97758.08,98629.51,-99999.0,Low,Unknown,Low,0,0,0,0,0,0,0,0,0,0,0,0,0,0,0,45.0,38.5,31.25,47.0
23.257037,72.727562,227.61,3381.19,17402.82,20902.57,23368.82,23223.5,35366.55,41885.24,22800.69,6581.53,-99999.0,Low,Unknown,Low,0,0,0,0,0,0,0,0,0,0,0,0,0,0,0,45.0,56.5,46.25,59.0
22.643433,72.294648,304.85,6578.98,83442.96,79815.39,86047.1,88535.58,89098.57,90334.49,77209.86,78666.57,3.83,Low,Unknown,Low,0,0,0,0,0,0,0,0,0,0,0,0,0,0,0,45.0,50.5,41.25,55.0
23.200494,72.622124,343.3,906.24,2493.04,2433.24,1887.26,1906.81,10803.66,23464.33,11022.86,2622.18,-99999.0,Low,Residential,Low,0,0,0,0,0,0,0,0,0,0,0,0,0,0,0,53.5,60.34,46.25,58.55
22.934013,72.79234,599.55,7507.56,22439.72,35773.54,33055.22,28943.82,40199.69,36561.37,28513.09,15907.28,2.01,Low,Unknown,Low,0,0,0,0,0,0,0,0,0,0,0,0,0,0,0,45.0,44.5,36.25,51.0
22.984772,72.204694,191.42,191.42,52406.67,52441.12,50594.62,52852.44,53985.14,50466.62,52902.03,51928.04,57.63,Medium,Unknown,Low,0,0,0,0,0,0,0,0,0,0,0,0,0,0,0,67.0,64.5,50.25,75.0
23.180525,72.379627,33.48,1168.48,28110.37,23452.71,34962.64,30202.97,37547.26,35588.35,31631.46,16281.77,-99999.0,Low,Unknown,Low,0,0,0,0,0,0,0,0,0,0,0,0,0,0,0,45.0,62.5,51.25,63.0
22.996066,72.763358,5.52,1894.2,9154.28,25956.55,27168.58,19757.57,27995.1,27886.53,19110.6,6187.13,5.79,Low,Unknown,Low,0,0,0,0,0,0,0,0,0,0,0,0,0,0,0,45.0,62.5,51.25,63.0
22.361149,72.269257,648.65,3710.63,143465.24,139413.49,146779.5,149097.8,149531.85,151339.26,137102.05,136617.6,-99999.0,Low,Unknown,Low,0,0,0,0,0,0,0,0,0,0,0,0,0,0,0,45.0,44.5,36.25,51.0
22.328443,72.531934,3020.57,11617.89,138659.61,140779.75,141257.85,143742.05,151606.1,148388.31,137838.21,132686.17,-99999.0,Low,Unknown,Low,0,0,0,0,0,0,0,0,0,0,0,0,0,0,0,45.0,38.5,31.25,47.0
22.526818,72.562898,1040.69,2528.51,94292.98,98038.28,96886.58,99626.26,107943.3,104232.38,93467.34,88946.47,-99999.0,Low,Unknown,Low,0,0,0,0,0,0,0,0,0,0,0,0,0,0,0,45.0,38.5,31.25,47.0
23.061135,72.322158,150.52,7897.64,28394.23,27405.19,28121.57,29542.34,31373.51,26645.8,33608.17,26904.92,-99999.0,Low,Unknown,Low,0,0,0,0,0,0,0,0,0,0,0,0,0,0,0,45.0,56.5,46.25,59.0
22.961086,72.35839,490.6,3906.63,23879.38,24203.29,21914.18,24603.1,25650.16,23935.69,21630.2,22195.55,-99999.0,Low,Unknown,Low,0,0,0,0,0,0,0,0,0,0,0,0,0,0,0,45.0,50.5,41.25,55.0
22.786238,72.743202,48.44,3227.17,43642.57,53657.33,44778.25,48410.98,61357.21,52179.69,41479.76,41830.06,-99999.0,Low,Unknown,Low,0,0,0,0,0,0,0,0,0,0,0,0,0,0,0,45.0,62.5,51.25,63.0
23.215324,72.255379,438.65,3184.85,53933.15,47285.7,57006.72,54683.97,61047.29,56070.33,57109.99,32472.27,-99999.0,Low,Unknown,Low,0,0,0,0,0,0,0,0,0,0,0,0,0,0,0,45.0,50.5,41.25,55.0
22.708291,72.366008,1910.33,1910.33,64733.85,60817.08,67933.61,70265.96,70716.47,72504.83,58392.98,59730.08,-99999.0,Low,Unknown,Low,0,0,0,0,0,0,0,0,0,0,0,0,0,0,0,45.0,38.5,31.25,47.0
22.204255,72.662672,3031.63,3031.63,165356.32,172296.04,167672.97,171347.74,181443.49,175403.45,164116.02,162476.25,-99999.0,Low,Unknown,Low,0,0,0,0,0,0,0,0,0,0,0,0,0,0,0,45.0,38.5,31.25,47.0
22.964536,72.357173,553.72,3122.47,23951.33,24425.93,21793.98,24460.34,25520.35,23659.95,21905.78,22284.04,3.87,Low,Unknown,Low,0,0,0,0,0,0,0,0,0,0,0,0,0,0,0,45.0,44.5,36.25,51.0
23.089477,72.531008,154.91,367.47,1952.74,1403.63,5918.97,3065.38,1235.84,7805.6,2257.42,979.57,92.24,Medium,Unknown,Low,0,0,0,0,0,0,0,0,0,0,0,0,0,0,0,70.5,70.5,60.56,85.81
22.713224,72.205802,1644.39,7663.37,80680.39,78054.68,81685.65,84404.63,85208.92,85116.44,75111.1,76764.37,-99999.0,Low,Unknown,Low,0,0,0,0,0,0,0,0,0,0,0,0,0,0,0,45.0,38.5,31.25,47.0
22.290293,72.729864,2045.17,18295.61,147700.03,155626.13,149830.56,153911.75,165491.66,157631.8,146250.52,146763.96,-99999.0,Low,Unknown,Low,0,0,0,0,0,0,0,0,0,0,0,0,0,0,0,45.0,38.5,31.25,47.0
23.284714,72.527354,54.36,628.93,25456.33,21166.11,23107.25,23119.58,25463.38,40627.97,23401.67,19882.73,-99999.0,Low,Unknown,Low,0,0,0,0,0,0,0,0,0,0,0,0,0,0,0,49.0,62.5,51.25,63.0
23.201514,72.549506,132.62,1093.97,7543.56,6313.07,5682.41,5656.25,7544.13,22011.16,5115.71,5259.18,-99999.0,Low,Unknown,Low,0,0,0,0,0,0,0,0,0,0,0,0,0,0,0,45.0,56.5,46.25,59.0
22.377713,72.276467,1301.36,4605.13,139545.43,135487.67,142875.76,145158.84,145619.44,147443.51,133181.37,132678.46,-99999.0,Low,Unknown,Low,0,0,0,0,0,0,0,0,0,0,0,0,0,0,0,45.0,38.5,31.25,47.0
22.56991,72.739389,1469.12,7420.43,87289.21,96449.59,89162.79,93207.65,107225.9,96954.94,85601.61,86496.18,-99999.0,Low,Unknown,Low,0,0,0,0,0,0,0,0,0,0,0,0,0,0,0,45.0,38.5,31.25,47.0
23.155347,72.716422,131.06,2949.94,6576.75,9533.93,19308.04,9603.58,28456.81,21045.13,2968.6,7593.45,-99999.0,Low,Unknown,Low,0,0,0,0,0,0,0,0,0,0,0,0,0,0,0,45.0,56.5,51.67,59.0
23.27871,72.326046,235.24,831.05,49332.82,47026.51,53413.43,53278.67,54734.88,59401.35,47713.27,18667.09,-99999.0,Low,Unknown,Low,0,0,0,0,0,0,0,0,0,0,0,0,0,0,0,49.0,56.5,46.25,59.0
22.499436,72.261676,179.84,4308.63,115137.47,111312.4,118033.28,120462.39,120975.49,122424.84,108828.58,110071.65,34.53,Low,Unknown,Low,0,0,0,0,0,0,0,0,0,0,0,0,0,0,0,50.0,60.5,48.25,67.0
23.136139,72.730481,109.38,4757.39,9666.98,12570.72,19995.12,12575.96,27013.7,19872.83,3503.59,4498.28,-99999.0,Low,Unknown,Low,0,0,0,0,0,0,0,0,0,0,0,0,0,0,0,45.0,56.5,50.24,59.0
22.687653,72.572397,131.84,3198.16,58925.45,64005.24,61579.29,64131.6,72786.85,68737.15,58225.07,53794.15,-99999.0,Low,Unknown,Low,0,0,0,0,0,0,0,0,0,0,0,0,0,0,0,45.0,56.5,46.25,59.0
22.385464,72.757929,17.43,17.43,127938.92,136512.74,129929.86,134010.06,146837.31,137737.91,126354.36,127331.03,-99999.0,Low,Unknown,Low,0,0,0,0,0,0,0,0,0,0,0,0,0,0,0,61.0,62.5,51.25,63.0
23.237527,72.785724,589.62,3585.37,15254.58,27685.68,32305.0,29430.25,44485.99,43805.02,21603.37,18915.48,-99999.0,Low,Unknown,Low,0,0,0,0,0,0,0,0,0,0,0,0,0,0,0,45.0,44.5,36.25,51.0
23.172926,72.72885,217.58,4086.66,3773.4,13053.38,20254.39,12601.46,30991.28,25631.05,4446.29,10656.28,-99999.0,Low,Unknown,Low,0,0,0,0,0,0,0,0,0,0,0,0,0,0,0,45.0,56.5,47.73,59.0
22.229744,72.641939,4636.77,7578.21,159500.15,165853.58,161859.83,165429.04,175195.23,169561.09,158314.39,156207.62,-99999.0,Low,Unknown,Low,0,0,0,0,0,0,0,0,0,0,0,0,0,0,0,45.0,38.5,31.25,47.0
22.598623,72.75849,281.04,9957.9,82415.68,92084.15,84140.38,88125.33,101908.43,91886.36,80611.07,81392.2,-99999.0,Low,Unknown,Low,0,0,0,0,0,0,0,0,0,0,0,0,0,0,0,45.0,56.5,46.25,59.0
23.162682,72.718438,651.3,2474.89,5513.59,10293.08,18987.36,10082.91,29037.21,22592.55,3329.99,8198.83,-99999.0,Low,Unknown,Low,0,0,0,0,0,0,0,0,0,0,0,0,0,0,0,45.0,44.5,40.7,51.0
23.172899,72.360083,866.42,3006.3,31046.79,24963.91,36498.54,32125.96,40117.46,35888.29,35560.83,19629.71,-99999.0,Low,Unknown,Low,0,0,0,0,0,0,0,0,0,0,0,0,0,0,0,45.0,44.5,36.25,51.0
23.144849,72.264857,568.35,10210.47,46170.02,39203.5,45993.88,46733.46,49838.44,44806.76,49353.95,37348.77,-99999.0,Low,Unknown,Low,0,0,0,0,0,0,0,0,0,0,0,0,0,0,0,45.0,44.5,36.25,51.0
23.2466,72.715156,499.38,1935.39,14541.99,17563.56,20026.67,19877.95,32075.71,38911.26,20755.47,5936.11,-99999.0,Low,Unknown,Low,0,0,0,0,0,0,0,0,0,0,0,0,0,0,0,45.0,50.5,41.25,55.0
22.46692,72.689952,399.91,424.16,107668.02,115507.96,109843.65,113844.5,125428.02,117634.0,106266.19,106766.82,-99999.0,Low,Unknown,Low,0,0,0,0,0,0,0,0,0,0,0,0,0,0,0,53.0,50.5,41.25,55.0
22.752364,72.383115,831.92,2526.56,54466.59,50556.67,57706.88,60020.66,60461.69,62311.97,48125.56,49465.92,-99999.0,Low,Unknown,Low,0,0,0,0,0,0,0,0,0,0,0,0,0,0,0,45.0,44.5,36.25,51.0
23.154415,72.336557,1613.9,8076.56,34485.87,26545.94,36199.67,34045.85,40265.36,35344.52,37884.54,25626.04,-99999.0,Low,Unknown,Low,0,0,0,0,0,0,0,0,0,0,0,0,0,0,0,45.0,38.5,31.25,47.0
22.228397,72.315878,9511.88,24010.73,169780.96,165556.13,173615.15,173555.37,176111.67,176674.95,163466.5,161120.38,-99999.0,Low,Unknown,Low,0,0,0,0,0,0,0,0,0,0,0,0,0,0,0,45.0,38.5,31.25,47.0
22.593914,72.718612,440.01,8584.64,81059.9,89991.42,83006.75,87077.48,100665.05,90811.74,79434.85,80389.34,-99999.0,Low,Unknown,Low,0,0,0,0,0,0,0,0,0,0,0,0,0,0,0,45.0,50.5,41.25,55.0
23.360267,72.367475,1612.6,2548.74,57704.56,55248.8,55769.1,55753.07,57704.29,69249.7,52279.17,25738.5,-99999.0,Low,Unknown,Low,0,0,0,0,0,0,0,0,0,0,0,0,0,0,0,45.0,38.5,31.25,47.0
22.969778,72.439807,91.72,3269.72,7732.49,7771.55,8822.43,11317.94,11966.51,13426.78,5711.12,5694.34,5.29,Low,Unknown,Low,0,0,0,0,0,0,0,0,0,0,0,0,0,0,0,45.0,62.5,51.25,63.0
23.37738,72.521729,199.32,6305.76,44192.69,39971.83,42576.66,42563.83,44986.69,60601.02,43135.19,34692.68,-99999.0,Low,Unknown,Low,0,0,0,0,0,0,0,0,0,0,0,0,0,0,0,45.0,56.5,46.25,59.0
23.327085,72.269205,69.61,3496.29,64767.0,62086.01,68048.91,68015.61,69521.1,73894.08,62736.19,33449.82,-99999.0,Low,Unknown,Low,0,0,0,0,0,0,0,0,0,0,0,0,0,0,0,45.0,62.5,51.25,63.0
23.364481,72.307141,125.72,696.83,65723.95,65030.31,65715.98,65692.62,67475.22,77617.34,61401.47,32791.16,-99999.0,Low,Unknown,Low,0,0,0,0,0,0,0,0,0,0,0,0,0,0,0,49.0,56.5,46.25,59.0
23.355041,72.35928,465.01,3039.34,58139.78,55868.55,56253.91,56235.63,58138.9,69326.47,52521.92,25346.89,-99999.0,Low,Unknown,Low,0,0,0,0,0,0,0,0,0,0,0,0,0,0,0,45.0,50.5,41.25,55.0
22.330083,72.460738,2211.78,18569.47,140776.1,139934.17,143655.38,144877.99,150980.24,148951.12,138272.39,133173.51,-99999.0,Low,Unknown,Low,0,0,0,0,0,0,0,0,0,0,0,0,0,0,0,45.0,38.5,31.25,47.0
23.074254,72.388206,27.67,5395.76,17036.47,13883.13,16853.14,18145.61,20745.49,15708.92,20826.78,14747.55,-99999.0,Low,Unknown,Low,0,0,0,0,0,0,0,0,0,0,0,0,0,0,0,45.0,62.5,51.25,63.0
22.927451,72.506854,116.7,1819.62,11761.18,10257.76,18517.65,15610.65,20194.77,18323.16,10823.7,4041.27,3.36,Low,Unknown,Low,0,0,0,0,0,0,0,0,0,0,0,0,0,0,0,45.0,56.5,46.25,59.0
22.662235,72.545953,1437.17,1437.17,65386.72,68055.07,68253.65,69941.31,77925.78,74597.64,64983.75,58947.79,-99999.0,Low,Unknown,Low,0,0,0,0,0,0,0,0,0,0,0,0,0,0,0,45.0,38.5,31.25,47.0
22.505667,72.625271,39.79,39.79,98187.38,104902.91,100582.43,104082.03,114130.86,108254.75,97050.92,95203.69,-99999.0,Low,Unknown,Low,0,0,0,0,0,0,0,0,0,0,0,0,0,0,0,61.0,62.5,51.25,63.0
22.20203,72.755345,6934.23,8191.09,167979.97,175992.53,170082.66,174190.36,185878.82,177888.22,166502.21,167150.2,-99999.0,Low,Unknown,Low,0,0,0,0,0,0,0,0,0,0,0,0,0,0,0,45.0,38.5,31.25,47.0
22.846142,72.631658,802.99,4748.28,23166.36,31671.34,25498.97,29293.35,42741.98,33207.07,21966.52,23312.64,-99999.0,Low,Unknown,Low,0,0,0,0,0,0,0,0,0,0,0,0,0,0,0,45.0,44.5,36.25,51.0
23.09034,72.602377,52.46,2272.92,1789.16,2874.93,2755.92,3003.74,3680.9,5765.37,3914.73,0.0,5.61,Low,Unknown,High,0,0,0,0,0,0,0,0,0,0,0,0,0,0,0,37.0,55.67,50.14,47.54
22.637066,72.241984,3682.93,3682.93,89754.44,86443.99,91798.02,94394.41,95051.52,95797.88,83692.7,85235.37,-99999.0,Low,Unknown,Low,0,0,0,0,0,0,0,0,0,0,0,0,0,0,0,45.0,38.5,31.25,47.0
22.997085,72.39812,480.05,2448.53,14604.75,15471.96,11608.91,14069.89,15183.5,12795.45,15968.45,12881.12,-99999.0,Low,Unknown,Low,0,0,0,0,0,0,0,0,0,0,0,0,0,0,0,45.0,50.5,41.25,55.0
22.576699,72.708809,173.4,4559.98,84324.04,92967.2,86341.18,90431.92,103465.83,94150.61,82763.07,83771.93,-99999.0,Low,Unknown,Low,0,0,0,0,0,0,0,0,0,0,0,0,0,0,0,45.0,56.5,46.25,59.0
23.063705,72.380193,541.5,3282.45,17400.37,16276.47,17171.58,18543.54,20838.52,15852.85,22015.0,15504.74,-99999.0,Low,Unknown,Low,0,0,0,0,0,0,0,0,0,0,0,0,0,0,0,45.0,44.5,36.25,51.0
22.571142,72.445036,2665.03,3290.39,90632.78,86883.03,94062.12,93459.63,97838.23,96865.46,85110.17,81184.68,-99999.0,Low,Unknown,Low,0,0,0,0,0,0,0,0,0,0,0,0,0,0,0,45.0,38.5,31.25,47.0
22.68288,72.377393,136.73,1055.84,69339.52,65275.22,72807.81,75062.57,75459.73,77473.87,62972.67,63381.13,-99999.0,Low,Unknown,Low,0,0,0,0,0,0,0,0,0,0,0,0,0,0,0,45.0,56.5,46.25,59.0
22.352745,72.452268,2629.12,14977.33,136273.18,134962.95,139222.49,140204.91,145984.2,144177.7,133267.63,128404.02,-99999.0,Low,Unknown,Low,0,0,0,0,0,0,0,0,0,0,0,0,0,0,0,45.0,38.5,31.25,47.0
23.328436,72.606391,75.95,4581.86,29619.97,27751.4,29022.17,29068.6,33675.85,49764.29,32719.79,20578.74,-99999.0,Low,Unknown,Low,0,0,0,0,0,0,0,0,0,0,0,0,0,0,0,45.0,62.5,51.25,63.0
23.283367,72.569309,516.52,6590.82,21669.9,17818.23,20922.6,20874.04,23317.27,39422.34,21865.98,21382.02,-99999.0,Low,Unknown,Low,0,0,0,0,0,0,0,0,0,0,0,0,0,0,0,45.0,44.5,36.25,51.0
22.56114,72.528762,216.1,3573.98,87927.64,89495.82,90729.68,92446.24,100130.27,96945.7,87420.29,81223.54,-99999.0,Low,Unknown,Low,0,0,0,0,0,0,0,0,0,0,0,0,0,0,0,45.0,56.5,46.25,59.0
22.200487,72.372148,22387.54,37149.14,173095.64,169875.07,176194.24,176533.32,180671.7,180112.85,167953.11,164404.32,-99999.0,Low,Unknown,Low,0,0,0,0,0,0,0,0,0,0,0,0,0,0,0,45.0,38.5,31.25,47.0
22.715866,72.547991,183.18,3176.89,53785.53,56656.01,56794.32,58142.85,66157.43,62794.1,53600.8,47166.34,-99999.0,Low,Unknown,Low,0,0,0,0,0,0,0,0,0,0,0,0,0,0,0,45.0,56.5,46.25,59.0
22.985647,72.478993,49.16,387.54,400.22,1042.15,6884.41,6973.22,7030.44,8778.98,6359.53,1995.82,22.25,Low,Unknown,Low,0,0,0,0,0,1,0,0,0,0,2,2,0,0,0,58.0,66.5,53.25,63.57
22.730592,72.328221,695.93,6571.62,63297.74,59787.98,65783.52,68288.06,68867.67,70052.47,57117.59,58612.56,-99999.0,Low,Unknown,Low,0,0,0,0,0,0,0,0,0,0,0,0,0,0,0,45.0,44.5,36.25,51.0
22.767823,72.740708,553.13,5980.78,46815.18,57198.77,48094.52,51852.75,65004.3,55603.55,44724.82,45185.1,-99999.0,Low,Unknown,Low,0,0,0,0,0,0,0,0,0,0,0,0,0,0,0,45.0,44.5,36.25,51.0
23.15523,72.301815,43.15,12338.22,41041.02,32921.79,41348.12,40470.59,45344.24,40329.96,43805.26,30206.18,-99999.0,Low,Unknown,Low,0,0,0,0,0,0,0,0,0,0,0,0,0,0,0,45.0,62.5,51.25,63.0
22.301755,72.509271,10467.0,19140.77,145182.09,146373.11,147813.47,149958.46,157518.31,154440.78,144422.54,138697.66,-99999.0,Low,Unknown,Low,0,0,0,0,0,0,0,0,0,0,0,0,0,0,0,45.0,38.5,31.25,47.0
22.959529,72.401113,670.22,4078.11,15760.85,15615.14,15074.89,17832.47,18742.21,18393.34,12995.5,13645.91,4.09,Low,Unknown,Low,0,0,0,0,0,0,0,0,0,0,0,0,0,0,0,45.0,44.5,36.25,51.0
23.182108,72.650683,9.64,2507.67,2197.32,2273.16,4949.74,3683.56,15251.06,22958.84,5711.8,1064.01,-99999.0,Low,Residential,Low,0,0,0,0,0,0,0,0,0,0,0,0,0,0,0,49.5,67.0,56.25,65.71
23.007355,72.334784,141.99,1550.88,25759.81,25873.23,24139.66,26275.57,27407.71,23819.55,28428.23,25596.8,29.13,Low,Unknown,Low,0,0,0,0,0,0,0,0,0,0,0,0,0,0,0,50.0,60.5,48.25,67.0
22.438956,72.214655,3750.94,3750.94,131088.55,127345.64,133808.03,136281.38,136827.89,138107.85,124810.7,126222.6,-99999.0,Low,Unknown,Low,0,0,0,0,0,0,0,0,0,0,0,0,0,0,0,45.0,38.5,31.25,47.0
22.493811,72.485082,1243.29,1815.78,104382.04,103723.42,107367.88,108337.14,114836.66,112417.42,102175.69,96639.51,-99999.0,Low,Unknown,Low,0,0,0,0,0,0,0,0,0,0,0,0,0,0,0,45.0,38.5,31.25,47.0
23.219685,72.243697,159.47,4198.27,56453.15,49761.98,59345.08,57172.63,63376.02,58387.03,59559.82,34566.34,-99999.0,Low,Unknown,Low,0,0,0,0,0,0,0,0,0,0,0,0,0,0,0,45.0,56.5,46.25,59.0
22.697329,72.577859,500.8,1109.59,56635.74,62028.16,59275.16,62009.37,70818.49,66501.85,55906.95,51846.27,-99999.0,Low,Unknown,Low,0,0,0,0,0,0,0,0,0,0,0,0,0,0,0,45.0,44.5,36.25,51.0
22.433322,72.617813,1234.05,1234.05,114210.02,120647.79,116626.42,120060.55,129711.91,124280.05,113102.02,110734.12,-99999.0,Low,Unknown,Low,0,0,0,0,0,0,0,0,0,0,0,0,0,0,0,45.0,38.5,31.25,47.0
22.793253,72.346391,260.89,1541.01,49521.28,46238.32,51739.72,54286.32,54905.09,55927.68,43464.04,45018.08,4.41,Low,Unknown,Low,0,0,0,0,0,0,0,0,0,0,0,0,0,0,0,45.0,56.5,46.25,59.0
22.98727,72.203327,52.02,660.41,52569.84,52580.44,50815.48,53055.69,54188.53,50630.24,53234.61,52176.61,11.32,Low,Unknown,Low,0,0,0,0,0,0,0,0,0,0,0,0,0,0,0,54.0,66.5,53.25,71.0
23.101157,72.662028,98.61,1171.41,806.45,6765.92,4589.81,2943.28,12702.37,5408.35,5746.24,2595.37,-99999.0,Low,Unknown,Low,0,0,0,0,0,0,0,0,0,0,0,1,0,0,0,45.0,62.5,51.25,56.73
22.327905,72.455088,2862.26,19539.74,141498.6,140442.6,144402.52,145534.79,151473.56,149563.9,138759.94,133787.55,-99999.0,Low,Unknown,Low,0,0,0,0,0,0,0,0,0,0,0,0,0,0,0,45.0,38.5,31.25,47.0
22.411064,72.77478,937.25,937.25,123224.87,132118.13,125136.16,129190.68,142647.88,132934.07,121570.07,122484.98,-99999.0,Low,Unknown,Low,0,0,0,0,0,0,0,0,0,0,0,0,0,0,0,49.0,44.5,36.25,51.0
22.821549,72.230131,1726.33,15413.0,60998.66,59240.83,60891.27,63651.67,64578.97,63681.18,56221.45,57778.39,-99999.0,Low,Unknown,Low,0,0,0,0,0,0,0,0,0,0,0,0,0,0,0,45.0,38.5,31.25,47.0
22.499038,72.709002,277.89,5073.81,101220.88,109501.5,103304.92,107410.64,119720.03,111111.73,99724.52,100781.23,-99999.0,Low,Unknown,Low,0,0,0,0,0,0,0,0,0,0,0,0,0,0,0,45.0,56.5,46.25,59.0
22.747754,72.68085,239.09,262.59,46227.74,55518.34,48168.61,52245.75,66477.82,55975.33,44595.31,45571.13,-99999.0,Low,Unknown,Low,0,0,0,0,0,0,0,0,0,0,0,0,0,0,0,57.0,56.5,46.25,59.0
23.001093,72.792735,141.02,708.17,14582.39,31810.43,32358.04,24806.33,33180.01,32382.74,25102.55,12213.21,12.62,Low,Unknown,Low,0,0,0,0,0,0,0,0,0,0,0,0,0,0,0,54.0,60.5,48.25,67.0
22.914543,72.770024,178.33,1262.56,23679.71,34244.27,29836.53,27511.7,39780.92,34468.25,27234.09,16560.69,7.63,Low,Unknown,Low,0,0,0,0,0,0,0,0,0,0,0,0,0,0,0,45.0,56.5,46.25,59.0
23.269711,72.567591,42.89,5459.76,19161.35,14968.76,17974.05,17929.9,20375.82,36456.45,18887.37,18468.48,-99999.0,Low,Unknown,Low,0,0,0,0,0,0,0,0,0,0,0,0,0,0,0,45.0,62.5,51.25,63.0
23.063129,72.502867,33.4,3426.63,2223.53,3638.58,2795.22,2437.67,8667.0,7814.19,1830.12,2758.48,11.36,Low,Residential,Low,0,0,0,0,0,0,0,0,0,0,0,0,0,0,0,54.5,71.98,66.7,73.78
23.196683,72.528723,301.25,2231.34,10369.38,9367.63,9176.53,9130.31,10363.39,22193.5,4566.21,4489.05,-99999.0,Low,Unknown,Low,0,0,0,0,0,0,0,0,0,0,0,0,0,0,0,45.0,50.5,42.41,55.0
23.27665,72.646193,125.5,385.14,18376.81,18881.07,17676.48,17683.2,26092.08,40673.58,26121.83,7543.99,-99999.0,Low,Unknown,Low,0,0,0,0,0,0,0,0,0,0,0,0,0,0,0,53.0,56.5,46.25,59.0
22.769609,72.355515,92.19,6237.11,53169.88,49617.22,55794.2,58262.2,58815.33,60152.78,46964.4,48448.32,11.65,Low,Unknown,Low,0,0,0,0,0,0,0,0,0,0,0,0,0,0,0,50.0,66.5,53.25,71.0
22.496688,72.582597,219.79,814.6,100498.16,105354.17,103025.78,106138.88,114912.26,110552.46,99558.42,95907.35,-99999.0,Low,Unknown,Low,0,0,0,0,0,0,0,0,0,0,0,0,0,0,0,49.0,56.5,46.25,59.0
23.118976,72.51278,27.02,884.38,1830.7,6727.8,6599.84,5941.99,8391.07,12148.2,8774.16,392.19,80.1,Medium,Unknown,Low,0,0,0,0,0,0,0,0,0,0,0,0,0,0,0,66.5,76.5,58.25,87.66
22.952098,72.364758,589.36,2543.71,23204.3,23097.44,21818.04,24556.22,25558.36,24297.06,20391.27,21153.89,-99999.0,Low,Unknown,Low,0,0,0,0,0,0,0,0,0,0,0,0,0,0,0,45.0,44.5,36.25,51.0
22.29298,72.371437,13553.95,27593.58,153548.46,149575.21,156769.4,156672.98,160324.02,160078.2,147615.18,144415.48,-99999.0,Low,Unknown,Low,0,0,0,0,0,0,0,0,0,0,0,0,0,0,0,45.0,38.5,31.25,47.0
22.526058,72.391826,2318.43,2318.43,102249.57,98092.46,106384.04,106270.81,108760.72,109185.78,96070.36,93705.97,-99999.0,Low,Unknown,Low,0,0,0,0,0,0,0,0,0,0,0,0,0,0,0,45.0,38.5,31.25,47.0
22.848183,72.283024,483.1,8042.25,48970.98,47100.64,49140.52,51896.23,52787.38,52193.16,44081.57,45669.26,1.25,Low,Unknown,Low,0,0,0,0,0,0,0,0,0,0,0,0,0,0,0,45.0,50.5,41.25,55.0
22.477514,72.61637,488.01,4823.4,104423.73,110931.65,106846.72,110267.74,119984.49,114494.13,103325.53,101018.22,-99999.0,Low,Unknown,Low,0,0,0,0,0,0,0,0,0,0,0,0,0,0,0,45.0,50.5,41.25,55.0
23.047703,72.238537,1289.4,1289.4,44647.38,44114.21,44345.9,45773.02,47163.66,42790.07,49680.6,43526.39,-99999.0,Low,Unknown,Low,0,0,0,0,0,0,0,0,0,0,0,0,0,0,0,45.0,38.5,31.25,47.0
22.689119,72.525567,2566.61,2566.61,60675.72,61475.9,63832.01,64527.85,71936.64,68811.86,60352.16,53062.24,3.04,Low,Unknown,Low,0,0,0,0,0,0,0,0,0,0,0,0,0,0,0,45.0,38.5,31.25,47.0
22.698929,72.324101,49.76,4925.36,69884.13,66259.32,72533.92,75006.91,75559.73,76864.05,63649.69,65108.41,-99999.0,Low,Unknown,Low,0,0,0,0,0,0,0,0,0,0,0,0,0,0,0,45.0,62.5,51.25,63.0
22.704172,72.742903,165.79,2292.6,59533.86,69823.33,61082.14,64990.78,78539.63,68752.5,57604.3,58262.19,-99999.0,Low,Unknown,Low,0,0,0,0,0,0,0,0,0,0,0,0,0,0,0,45.0,56.5,46.25,59.0
22.900895,72.617314,85.09,570.82,11191.54,19527.57,13830.43,17013.63,30967.27,21235.81,10573.59,11470.07,-99999.0,Low,Unknown,Low,0,0,0,0,0,0,0,0,0,0,0,0,0,0,0,49.0,62.5,51.25,63.0
23.228078,72.659357,153.82,3033.74,8797.27,9871.32,8825.4,8729.81,20344.58,32265.7,15876.01,4719.79,-99999.0,Low,Unknown,Low,0,0,0,0,0,0,0,0,0,0,0,0,0,0,0,45.0,56.5,46.25,59.0
22.656457,72.203538,1941.93,1941.93,90593.04,87625.81,92082.04,94755.87,95496.37,95776.42,84761.14,86368.99,-99999.0,Low,Unknown,Low,0,0,0,0,0,0,0,0,0,0,0,0,0,0,0,45.0,38.5,31.25,47.0
22.622111,72.652085,495.77,4989.52,72687.91,80294.75,74956.1,78779.13,90255.05,82710.05,71391.94,71691.22,-99999.0,Low,Unknown,Low,0,0,0,0,0,0,0,0,0,0,0,0,0,0,0,45.0,50.5,41.25,55.0
23.224138,72.772058,54.38,4391.76,11357.76,23982.84,28922.86,25480.94,41030.6,39811.37,17697.47,16779.9,-99999.0,Low,Unknown,Low,0,0,0,0,0,0,0,0,0,0,0,0,0,0,0,45.0,62.5,51.25,63.0
22.702826,72.648509,1057.59,1738.76,54880.59,62774.5,57133.41,61008.07,73056.55,64892.68,53567.98,54783.02,-99999.0,Low,Unknown,Low,0,0,0,0,0,0,0,0,0,0,0,0,0,0,0,45.0,38.5,31.25,47.0
22.855359,72.561952,317.25,3388.02,23841.62,27368.47,27505.73,27369.47,36005.51,32290.24,24859.85,17176.25,-99999.0,Low,Unknown,Low,0,0,0,0,0,0,0,0,0,0,0,0,0,0,0,45.0,50.5,41.25,55.0
22.464646,72.331653,384.31,435.6,118114.78,113956.48,121682.61,123287.85,124297.81,125893.65,111743.9,110647.56,-99999.0,Low,Unknown,Low,0,0,0,0,0,0,0,0,0,0,0,0,0,0,0,53.0,50.5,41.25,55.0
22.723003,72.217415,1168.18,7187.88,77517.92,74879.47,78556.55,81272.2,82071.35,82015.85,71937.63,73589.86,-99999.0,Low,Unknown,Low,0,0,0,0,0,0,0,0,0,0,0,0,0,0,0,45.0,38.5,31.25,47.0
22.603355,72.607485,86.18,2398.99,76656.91,83056.82,79127.46,82435.51,92232.47,86726.18,75630.73,73311.99,-99999.0,Low,Unknown,Low,0,0,0,0,0,0,0,0,0,0,0,0,0,0,0,45.0,62.5,51.25,63.0
22.68518,72.299027,2453.52,2453.52,74862.36,71369.76,77263.8,79790.95,80387.26,81468.64,68694.2,70192.82,-99999.0,Low,Unknown,Low,0,0,0,0,0,0,0,0,0,0,0,0,0,0,0,45.0,38.5,31.25,47.0
22.760868,72.276577,301.43,5232.96,63453.7,60626.48,64855.14,67531.13,68277.09,68568.9,57720.23,59351.6,2.65,Low,Unknown,Low,0,0,0,0,0,0,0,0,0,0,0,0,0,0,0,45.0,50.5,41.25,55.0
22.946708,72.21618,1597.57,3675.0,52517.3,52897.16,49872.94,52363.26,53478.03,50599.54,50378.83,50761.21,-99999.0,Low,Unknown,Low,0,0,0,0,0,0,0,0,0,0,0,0,0,0,0,45.0,38.5,31.25,47.0
22.672824,72.538635,1773.96,1773.96,63439.73,65473.87,66411.21,67752.91,75543.62,72283.57,63189.35,56591.92,-99999.0,Low,Unknown,Low,0,0,0,0,0,0,0,0,0,0,0,0,0,0,0,45.0,38.5,31.25,47.0
22.232522,72.58565,7303.57,9569.48,158954.74,163208.78,161431.2,164677.82,173357.83,169021.93,157931.65,154359.71,-99999.0,Low,Unknown,Low,0,0,0,0,0,0,0,0,0,0,0,0,0,0,0,45.0,38.5,31.25,47.0
22.362839,72.477019,2074.06,10590.03,132986.49,132657.77,135823.66,137218.0,143744.68,141391.48,131059.23,125614.78,-99999.0,Low,Unknown,Low,0,0,0,0,0,0,0,0,0,0,0,0,0,0,0,45.0,38.5,31.25,47.0
22.260342,72.427462,14958.52,35441.77,157366.79,155642.16,160315.63,161246.42,166601.43,165143.43,153872.28,149377.45,-99999.0,Low,Unknown,Low,0,0,0,0,0,0,0,0,0,0,0,0,0,0,0,45.0,38.5,31.25,47.0
22.453992,72.396107,3766.47,4584.13,117666.36,113644.19,121742.74,121063.48,124404.37,124286.21,111691.22,108678.02,-99999.0,Low,Unknown,Low,0,0,0,0,0,0,0,0,0,0,0,0,0,0,0,45.0,38.5,31.25,47.0
23.113476,72.427476,104.83,11515.67,15641.36,6292.66,18844.1,13724.22,22740.11,18634.5,18231.29,11358.15,-99999.0,Low,Unknown,Low,0,0,0,0,0,0,0,0,0,0,0,0,0,0,0,45.0,56.5,46.25,59.0
23.102412,72.699155,399.29,975.25,6717.89,11729.2,10842.55,4467.37,17321.16,10372.38,3265.98,885.44,-99999.0,Low,Unknown,Low,0,0,0,0,0,0,0,0,0,0,0,0,0,0,0,49.0,50.5,45.87,55.0
22.502726,72.249144,41.21,6894.41,115432.11,111670.05,118208.98,120666.63,121201.77,122545.66,109145.87,110550.44,-99999.0,Low,Unknown,Low,0,0,0,0,0,0,0,0,0,0,0,0,0,0,0,45.0,62.5,51.25,63.0
22.22326,72.523651,16061.24,16061.24,162043.44,163942.22,164630.5,167151.28,174949.69,171766.37,161200.66,156050.51,-99999.0,Low,Unknown,Low,0,0,0,0,0,0,0,0,0,0,0,0,0,0,0,45.0,38.5,31.25,47.0
23.399889,72.409976,388.75,2092.29,58750.42,55205.19,56559.23,56557.59,58753.85,72189.56,54621.49,32599.29,-99999.0,Low,Unknown,Low,0,0,0,0,0,0,0,0,0,0,0,0,0,0,0,45.0,50.5,41.25,55.0
22.980173,72.66874,423.09,1114.71,3125.2,9198.18,8298.48,3199.08,16136.17,9466.5,3528.62,1306.94,5.84,Low,Unknown,Low,0,0,0,0,0,0,0,0,0,0,0,0,0,0,0,45.0,50.5,45.17,55.0
22.982106,72.65254,212.36,1382.73,3307.66,6845.91,5631.67,3830.56,14720.46,6352.46,4365.49,1057.68,35.43,Low,Unknown,Low,0,0,0,0,0,0,0,0,0,0,0,0,0,0,0,50.0,60.5,49.94,67.0
23.339534,72.319616,203.71,1446.11,59936.08,59097.36,60621.65,60595.26,62301.9,71999.32,56024.24,27127.56,-99999.0,Low,Unknown,Low,0,0,0,0,0,0,0,0,0,0,0,0,0,0,0,45.0,56.5,46.25,59.0
22.224456,72.291429,4997.86,19846.76,171655.12,167438.14,175313.45,175922.32,177885.34,178872.42,165286.59,163395.15,-99999.0,Low,Unknown,Low,0,0,0,0,0,0,0,0,0,0,0,0,0,0,0,45.0,38.5,31.25,47.0
22.351465,72.601675,831.86,1073.13,132422.47,137675.83,134875.59,138199.27,147320.71,142492.68,131365.9,128316.56,-99999.0,Low,Unknown,Low,0,0,0,0,0,0,0,0,0,0,0,0,0,0,0,45.0,44.5,36.25,51.0
22.876763,72.330779,52.85,2953.37,37540.7,35601.1,37993.78,40733.98,41583.29,41332.39,32582.16,34181.38,-99999.0,Low,Unknown,Low,0,0,0,0,0,0,0,0,0,0,0,0,0,0,0,45.0,62.5,51.25,63.0
23.039358,72.660139,23.41,3368.66,437.09,8129.75,4181.21,3078.21,5007.04,8303.06,7575.43,1041.87,103.47,High,Unknown,Low,0,0,0,0,0,0,0,0,0,0,1,1,0,0,0,62.5,76.5,58.25,83.68
22.401347,72.564348,2647.88,5467.85,121850.95,125483.6,124400.69,127380.33,135670.07,131888.64,120945.96,116681.22,-99999.0,Low,Unknown,Low,0,0,0,0,0,0,0,0,0,0,0,0,0,0,0,45.0,38.5,31.25,47.0
23.097511,72.26872,2444.64,11083.23,40954.36,37022.23,40712.08,42102.21,44219.94,39329.1,45373.83,39073.04,-99999.0,Low,Unknown,Low,0,0,0,0,0,0,0,0,0,0,0,0,0,0,0,45.0,38.5,31.25,47.0
23.183161,72.778832,554.81,2187.79,6583.97,23286.6,29823.23,22936.77,41105.01,34015.51,11767.89,17074.53,-99999.0,Low,Unknown,Low,0,0,0,0,0,0,0,0,0,0,0,0,0,0,0,45.0,44.5,36.25,51.0
22.329718,72.215407,291.48,2773.92,153453.57,149538.82,156480.39,158881.68,159371.45,160912.49,147118.96,147509.6,-99999.0,Low,Unknown,Low,0,0,0,0,0,0,0,0,0,0,0,0,0,0,0,45.0,56.5,46.25,59.0
22.574349,72.606408,467.31,3182.39,83065.92,89420.63,85534.57,88841.85,98511.22,93135.26,82036.01,79564.82,-99999.0,Low,Unknown,Low,0,0,0,0,0,0,0,0,0,0,0,0,0,0,0,45.0,50.5,41.25,55.0
23.349807,72.437993,153.04,3819.63,46670.77,43342.23,44515.77,44511.55,46673.63,59995.39,42426.02,22293.21,-99999.0,Low,Unknown,Low,0,0,0,0,0,0,0,0,0,0,0,0,0,0,0,45.0,56.5,46.25,59.0
23.058018,72.245598,797.82,1333.39,43456.17,42519.9,43164.46,44592.83,46135.7,41632.61,48962.11,42180.9,-99999.0,Low,Unknown,Low,0,0,0,0,0,0,0,0,0,0,0,0,0,0,0,45.0,44.5,36.25,51.0
23.028737,72.576345,60.69,1079.17,746.57,918.09,969.26,992.1,6113.99,1002.69,1639.11,126.72,83.66,Medium,Residential,High,0,0,2,0,0,0,0,0,0,0,0,4,0,0,2,61.35,82.75,77.6,77.56
22.322282,72.663489,46.15,4586.98,139133.13,146236.79,141431.78,145155.19,155564.56,149172.43,137871.27,136641.19,-99999.0,Low,Unknown,Low,0,0,0,0,0,0,0,0,0,0,0,0,0,0,0,45.0,62.5,51.25,63.0
23.220352,72.560247,252.39,4357.88,10036.22,6125.17,7655.56,7662.12,10044.6,25792.02,8202.58,8476.04,-99999.0,Low,Unknown,Low,0,0,0,0,0,0,0,0,0,0,0,0,0,0,0,45.0,56.5,46.25,59.0
22.345266,72.790307,36.47,11080.09,138208.7,147037.56,140127.44,144183.6,157499.85,147926.27,136560.52,137478.85,-99999.0,Low,Unknown,Low,0,0,0,0,0,0,0,0,0,0,0,0,0,0,0,45.0,62.5,51.25,63.0
23.139162,72.408322,112.55,6295.12,19701.6,12890.18,25447.76,19977.11,28210.61,25107.17,24970.35,16880.39,-99999.0,Low,Unknown,Low,0,0,0,0,0,0,0,0,0,0,0,0,0,0,0,45.0,56.5,46.25,59.0
22.714054,72.422343,552.07,552.07,60606.4,56321.63,64624.52,65419.59,66964.88,68053.06,54273.75,52994.37,4.27,Low,Unknown,Low,0,0,0,0,0,0,0,0,0,0,0,0,0,0,0,49.0,44.5,36.25,51.0
22.807153,72.404739,511.4,2103.14,41688.42,37789.2,45010.35,47286.92,47709.29,49676.46,35346.34,36691.79,-99999.0,Low,Unknown,Low,0,0,0,0,0,0,0,0,0,0,0,0,0,0,0,45.0,44.5,36.25,51.0
23.219491,72.693399,16.54,4044.71,8419.31,10203.62,13382.42,13208.69,25595.6,32014.99,16437.31,1190.39,-99999.0,Low,Unknown,Low,0,0,0,0,0,0,0,0,0,0,0,0,0,0,0,45.0,62.5,51.25,63.0
22.326647,72.776473,485.33,13091.99,141558.8,150159.09,143534.78,147609.76,160473.21,151341.47,139960.86,140923.63,-99999.0,Low,Unknown,Low,0,0,0,0,0,0,0,0,0,0,0,0,0,0,0,45.0,50.5,41.25,55.0
22.962702,72.697224,395.72,2420.1,8654.86,16065.91,13109.37,9448.86,22272.37,16344.68,9297.7,3384.07,-99999.0,Low,Unknown,Low,0,0,0,0,0,0,0,0,0,0,0,0,0,0,0,45.0,50.5,41.25,55.0
23.04877,72.461292,490.13,3735.74,1480.5,1670.59,3774.08,3968.03,7201.08,3268.48,5555.33,1426.43,-99999.0,Low,Residential,Low,0,0,1,0,0,0,0,0,0,0,0,0,0,0,1,49.5,55.0,46.25,55.66
23.080554,72.779284,705.17,2116.7,18848.01,26707.01,26279.95,19372.19,29672.77,25022.08,18125.42,4301.39,-99999.0,Low,Unknown,Low,0,0,0,0,0,0,0,0,0,0,0,0,0,0,0,45.0,44.5,36.25,51.0
22.524099,72.68492,628.85,2290.89,94969.57,102915.02,97135.54,101160.37,112952.51,104927.98,93557.55,94384.78,-99999.0,Low,Unknown,Low,0,0,0,0,0,0,0,0,0,0,0,0,0,0,0,45.0,44.5,36.25,51.0
22.845807,72.490099,1824.45,2587.67,29664.26,26417.85,36165.44,33650.04,37609.66,36168.06,25199.79,20993.49,3.49,Low,Unknown,Low,0,0,0,0,0,0,0,0,0,0,0,0,0,0,0,45.0,38.5,31.25,47.0
22.722689,72.638616,465.86,465.86,50362.36,58039.34,52674.01,56425.64,68258.28,60402.53,49122.18,50020.77,-99999.0,Low,Unknown,Low,0,0,0,0,0,0,0,0,0,0,0,0,0,0,0,53.0,50.5,41.25,55.0
22.522075,72.711028,1189.11,1245.4,96274.14,104688.2,98332.04,102432.08,115005.42,106140.71,94752.15,95789.35,-99999.0,Low,Unknown,Low,0,0,0,0,0,0,0,0,0,0,0,0,0,0,0,45.0,38.5,31.25,47.0
23.196877,72.251998,775.9,775.9,53225.89,45831.98,54800.55,53324.4,58800.47,53786.69,57061.33,34236.51,-99999.0,Low,Unknown,Low,0,0,0,0,0,0,0,0,0,0,0,0,0,0,0,49.0,44.5,36.25,51.0
23.257957,72.346318,24.73,238.06,43301.89,41065.51,48059.56,47246.74,49272.15,53652.28,42097.62,13596.38,-99999.0,Low,Unknown,Low,0,0,0,0,0,0,0,0,0,0,0,0,0,0,0,57.0,62.5,51.25,63.0
22.75765,72.566199,697.83,1804.52,43991.71,48759.71,46920.6,48749.85,57347.62,53653.91,43704.68,38366.69,-99999.0,Low,Unknown,Low,0,0,0,0,0,0,0,0,0,0,0,0,0,0,0,45.0,44.5,36.25,51.0
22.654787,72.21722,330.62,330.62,89257.39,86192.21,90905.18,93559.24,94276.53,94691.67,83355.67,84947.31,-99999.0,Low,Unknown,Low,0,0,0,0,0,0,0,0,0,0,0,0,0,0,0,53.0,50.5,41.25,55.0
23.221143,72.309104,1030.17,5362.39,44721.28,39565.22,50907.88,46629.39,54203.5,50203.82,46730.11,21744.04,-99999.0,Low,Unknown,Low,0,0,0,0,0,0,0,0,0,0,0,0,0,0,0,45.0,38.5,31.25,47.0
22.454544,72.678699,1327.41,4015.43,110123.28,117735.28,112343.8,116250.62,127499.55,120119.88,108770.79,108752.92,-99999.0,Low,Unknown,Low,0,0,0,0,0,0,0,0,0,0,0,0,0,0,0,45.0,38.5,31.25,47.0
22.608407,72.728192,459.76,12088.89,78462.91,87669.67,80336.96,84383.52,98432.01,88130.03,76775.27,77673.7,-99999.0,Low,Unknown,Low,0,0,0,0,0,0,0,0,0,0,0,0,0,0,0,45.0,50.5,41.25,55.0
23.041421,72.365761,603.24,1193.57,19023.84,18499.45,18727.69,20156.05,21747.14,17189.07,24879.92,17955.96,-99999.0,Low,Unknown,Low,0,0,0,0,0,0,0,0,0,0,0,0,0,0,0,45.0,44.5,36.25,51.0
22.212181,72.768838,4915.77,11617.16,166238.52,174421.71,168303.34,172402.35,184424.66,176112.09,164723.51,165753.77,-99999.0,Low,Unknown,Low,0,0,0,0,0,0,0,0,0,0,0,0,0,0,0,45.0,38.5,31.25,47.0
22.302736,72.632045,1597.61,4755.59,143213.92,149545.05,145592.93,149116.34,158825.28,153279.08,142053.92,139838.92,-99999.0,Low,Unknown,Low,0,0,0,0,0,0,0,0,0,0,0,0,0,0,0,45.0,38.5,31.25,47.0
22.786293,72.654899,156.4,2953.97,36809.45,45649.0,38927.48,43046.52,56599.41,46725.23,35348.56,36482.59,-99999.0,Low,Unknown,Low,0,0,0,0,0,0,0,0,0,0,0,0,0,0,0,45.0,56.5,46.25,59.0
23.028731,72.587542,26.03,1990.55,403.65,2391.05,1257.87,714.06,8036.01,2055.09,2953.87,2361.33,150.67,High,Residential,Low,0,0,2,4,4,4,0,0,0,0,3,8,0,0,2,67.0,93.03,68.71,88.58
22.788986,72.67576,93.91,5923.33,37195.11,46844.65,39075.67,43139.42,57339.45,46876.95,35508.59,36451.24,-99999.0,Low,Unknown,Low,0,0,0,0,0,0,0,0,0,0,0,0,0,0,0,45.0,62.5,51.25,63.0
22.311664,72.332958,13079.42,18726.85,151039.94,146807.58,154878.45,154933.05,157366.3,157981.59,144718.66,142454.41,-99999.0,Low,Unknown,Low,0,0,0,0,0,0,0,0,0,0,0,0,0,0,0,45.0,38.5,31.25,47.0
23.030145,72.383724,790.35,1271.96,15312.62,15102.97,14994.55,16408.92,17697.63,13407.61,21681.81,14720.29,-99999.0,Low,Unknown,Low,0,0,0,0,0,0,0,0,0,0,0,0,0,0,0,45.0,44.5,36.25,51.0
22.897867,72.483956,97.51,97.51,18508.15,14952.2,24769.77,23424.6,26141.59,26221.49,13819.76,11896.76,11.45,Low,Unknown,Low,0,0,0,0,0,0,0,0,0,0,0,0,0,0,0,66.0,66.5,53.25,71.0
22.837106,72.455302,294.06,879.22,32820.9,28574.8,37330.56,37930.88,39403.56,40692.16,26672.4,26374.11,60.24,Medium,Unknown,Low,0,0,0,0,0,0,0,0,0,0,0,0,0,0,0,59.0,64.5,50.25,75.0
23.095123,72.398475,525.34,6733.94,17663.22,10942.23,18298.47,18162.52,22372.48,17505.8,20474.13,14335.6,-99999.0,Low,Unknown,Low,0,0,0,0,0,0,0,0,0,0,0,0,0,0,0,45.0,44.5,36.25,51.0
23.043426,72.36255,157.01,1637.28,19715.32,19148.09,19422.6,20851.0,22482.93,17892.84,25488.31,18583.24,-99999.0,Low,Unknown,Low,0,0,0,0,0,0,0,0,0,0,0,0,0,0,0,45.0,56.5,46.25,59.0
22.501684,72.272394,1979.74,2633.91,113890.49,110022.14,116870.92,119278.58,119775.62,121301.27,107567.66,108552.59,-99999.0,Low,Unknown,Low,0,0,0,0,0,0,0,0,0,0,0,0,0,0,0,45.0,38.5,31.25,47.0
22.431101,72.271733,1673.89,1778.08,128590.8,124613.38,131766.9,134124.8,134584.43,136274.45,122240.31,122377.54,-99999.0,Low,Unknown,Low,0,0,0,0,0,0,0,0,0,0,0,0,0,0,0,45.0,38.5,31.25,47.0
22.843037,72.657314,105.07,6631.92,24728.3,34583.54,26661.96,30751.13,45090.63,34470.9,23085.77,24109.69,-99999.0,Low,Unknown,Low,0,0,0,0,0,0,0,0,0,0,0,0,0,0,0,45.0,56.5,46.25,59.0
22.42218,72.329831,7456.34,7550.56,127309.09,123118.77,130938.27,132178.9,133521.18,134848.09,120939.03,119510.46,-99999.0,Low,Unknown,Low,0,0,0,0,0,0,0,0,0,0,0,0,0,0,0,45.0,38.5,31.25,47.0
22.781038,72.634751,1067.34,1067.34,37491.74,45414.64,39814.71,43569.1,55950.13,47534.13,36269.5,37563.39,-99999.0,Low,Unknown,Low,0,0,0,0,0,0,0,0,0,0,0,0,0,0,0,45.0,38.5,31.25,47.0
23.371928,72.514782,693.23,7786.33,43730.83,39317.7,41797.63,41791.7,44199.74,59675.93,42287.1,32942.38,-99999.0,Low,Unknown,Low,0,0,0,0,0,0,0,0,0,0,0,0,0,0,0,45.0,44.5,36.25,51.0
22.539598,72.260316,4222.43,8540.39,107086.64,103354.62,109822.06,112287.66,112829.73,114145.72,100811.47,102228.14,-99999.0,Low,Unknown,Low,0,0,0,0,0,0,0,0,0,0,0,0,0,0,0,45.0,38.5,31.25,47.0
22.432941,72.33649,6142.58,6142.58,124695.45,120492.19,128356.34,129471.46,130920.97,132164.36,118326.21,116812.19,-99999.0,Low,Unknown,Low,0,0,0,0,0,0,0,0,0,0,0,0,0,0,0,45.0,38.5,31.25,47.0
22.41533,72.208489,291.37,862.18,136365.65,132603.47,139114.89,141582.17,142123.52,143426.03,130080.58,131484.76,-99999.0,Low,Unknown,Low,0,0,0,0,0,0,0,0,0,0,0,0,0,0,0,49.0,56.5,46.25,59.0
22.840962,72.364587,253.71,253.71,38745.56,35702.44,40734.26,43308.96,43956.83,44872.82,32839.12,34444.23,16.61,Low,Unknown,Low,0,0,0,0,0,0,0,0,0,0,0,0,0,0,0,62.0,60.5,48.25,67.0
23.369154,72.532015,120.97,4435.14,41730.84,37662.92,40379.83,40360.2,42794.29,58539.53,41008.69,34452.56,-99999.0,Low,Unknown,Low,0,0,0,0,0,0,0,0,0,0,0,0,0,0,0,45.0,56.5,46.25,59.0
23.036901,72.275768,290.72,290.72,37055.66,36633.61,36563.13,38168.8,39443.45,35173.3,41878.0,36099.52,14.85,Low,Unknown,Low,0,0,0,0,0,0,0,0,0,0,0,0,0,0,0,62.0,60.5,48.25,67.0
23.242153,72.494527,42.32,912.48,21648.41,19914.13,19812.47,19790.5,21647.38,34043.86,16514.87,8644.16,-99999.0,Low,Unknown,Low,0,0,1,0,0,1,0,0,0,0,0,0,0,0,1,49.0,62.5,51.25,63.0
23.247264,72.544439,140.96,909.36,16625.15,12544.3,14276.16,14288.11,16632.3,31989.65,14603.11,15116.44,-99999.0,Low,Unknown,Low,0,0,0,0,0,0,0,0,0,0,0,0,0,0,0,49.0,56.5,46.25,59.0
22.763276,72.464281,384.98,477.6,48254.07,44478.87,53554.64,52389.95,55490.23,54998.12,42782.66,39636.85,4.22,Low,Unknown,Low,0,0,0,0,0,0,0,0,0,0,0,0,0,0,0,53.0,50.5,41.25,55.0
22.421236,72.230826,1059.43,3411.53,133452.14,129614.45,136347.96,138780.0,139294.04,140729.02,127140.01,128147.05,-99999.0,Low,Unknown,Low,0,0,0,0,0,0,0,0,0,0,0,0,0,0,0,45.0,38.5,31.25,47.0
23.329276,72.486638,598.43,11093.17,37698.4,33748.15,35415.01,35420.41,37703.7,52144.0,34566.05,22120.31,-99999.0,Low,Unknown,Low,0,0,0,0,0,0,0,0,0,0,0,0,0,0,0,45.0,44.5,36.25,51.0
23.186539,72.440424,446.35,8422.61,18982.99,19738.61,24401.08,24210.83,27219.18,31932.94,19518.87,6169.72,-99999.0,Low,Unknown,Low,0,0,0,0,0,0,0,0,0,0,0,0,0,0,0,45.0,50.5,41.25,55.0
22.288899,72.577667,8623.37,11091.0,146519.63,150567.77,149018.82,152199.69,160739.87,156581.91,145531.71,141744.61,-99999.0,Low,Unknown,Low,0,0,0,0,0,0,0,0,0,0,0,0,0,0,0,45.0,38.5,31.25,47.0
22.264331,72.289519,7419.47,16161.3,163123.36,158934.6,166721.77,167714.53,169326.49,170546.95,156753.04,155127.59,-99999.0,Low,Unknown,Low,0,0,0,0,0,0,0,0,0,0,0,0,0,0,0,45.0,38.5,31.25,47.0
22.875408,72.382301,416.78,2372.54,30535.27,27703.1,32394.85,34976.21,35634.97,36545.54,24775.98,26418.05,-99999.0,Low,Unknown,Low,0,0,0,0,0,0,0,0,0,0,0,0,0,0,0,45.0,50.5,41.25,55.0
23.392702,72.271071,419.64,6919.01,74943.25,73789.5,75109.61,75086.89,76882.72,86360.85,70820.34,42118.85,-99999.0,Low,Unknown,Low,0,0,0,0,0,0,0,0,0,0,0,0,0,0,0,45.0,50.5,41.25,55.0
23.117332,72.563791,139.61,3477.0,2576.06,2201.48,4649.39,3020.95,6939.72,3517.54,2947.52,2995.87,81.92,Medium,Unknown,Low,0,0,1,0,0,1,0,0,0,0,0,0,0,0,1,62.5,70.5,58.72,85.79
23.148889,72.335412,2571.85,8380.39,34493.6,26206.8,35484.42,33736.31,39539.33,34592.18,37380.93,26728.69,-99999.0,Low,Unknown,Low,0,0,0,0,0,0,0,0,0,0,0,0,0,0,0,45.0,38.5,31.25,47.0
22.827087,72.470309,759.39,2369.87,34252.85,30440.89,39660.99,38789.14,41488.06,41415.96,28810.28,26544.31,-99999.0,Low,Unknown,Low,0,0,0,0,0,0,0,0,0,0,0,0,0,0,0,45.0,44.5,36.25,51.0
22.731265,72.7161,363.57,363.57,51903.33,61932.54,53577.07,57551.67,71368.63,61313.32,50057.8,50817.89,-99999.0,Low,Unknown,Low,0,0,0,0,0,0,0,0,0,0,0,0,0,0,0,53.0,50.5,41.25,55.0
23.388038,72.383228,994.06,3753.08,59936.61,56884.43,57854.64,57846.18,59938.29,72514.8,55159.34,30637.51,-99999.0,Low,Unknown,Low,0,0,0,0,0,0,0,0,0,0,0,0,0,0,0,45.0,44.5,36.25,51.0
22.945233,72.565779,394.49,2813.37,6522.45,7712.99,11140.03,7736.71,17297.15,12995.41,11432.4,3547.82,1.97,Low,Unknown,Low,0,0,0,0,0,0,0,0,0,0,0,0,0,0,0,45.0,50.5,41.25,55.0
23.088107,72.768554,506.2,2500.83,19006.25,23978.69,24113.38,17133.83,28037.9,22959.29,15404.96,3317.74,4.13,Low,Unknown,Low,0,0,0,0,0,0,0,0,0,0,0,0,0,0,0,45.0,44.5,36.25,51.0
22.449345,72.326615,1999.86,1999.86,121634.14,117478.87,125191.36,126810.44,127813.03,129414.25,115263.25,114160.13,-99999.0,Low,Unknown,Low,0,0,0,0,0,0,0,0,0,0,0,0,0,0,0,45.0,38.5,31.25,47.0
22.992514,72.294234,396.63,7976.57,34462.78,34640.3,32488.89,34767.07,35899.14,32524.39,35333.49,33844.44,-99999.0,Low,Unknown,Low,0,0,0,0,0,0,0,0,0,0,0,0,0,0,0,45.0,50.5,41.25,55.0
22.408576,72.245039,1403.24,1403.24,135051.05,131140.67,138086.45,140483.3,140970.78,142529.8,128717.05,129251.2,-99999.0,Low,Unknown,Low,0,0,0,0,0,0,0,0,0,0,0,0,0,0,0,45.0,38.5,31.25,47.0
22.203211,72.470302,23025.9,24623.74,168045.59,168052.32,170754.69,172511.79,179121.9,176773.85,166423.96,161000.34,-99999.0,Low,Unknown,Low,0,0,0,0,0,0,0,0,0,0,0,0,0,0,0,45.0,38.5,31.25,47.0
22.912573,72.374756,386.03,1188.98,25702.48,23930.11,26304.17,29021.69,29835.06,29917.95,20915.43,22422.5,-99999.0,Low,Unknown,Low,0,0,0,0,0,0,0,0,0,0,0,0,0,0,0,45.0,50.5,41.25,55.0
22.477771,72.624173,162.29,4671.65,104361.51,111022.55,106759.9,110247.26,120180.19,114429.47,103229.21,101233.47,-99999.0,Low,Unknown,Low,0,0,0,0,0,0,0,0,0,0,0,0,0,0,0,45.0,56.5,46.25,59.0
23.043585,72.472419,5.34,1530.4,1047.77,2032.24,3888.57,2659.12,5857.84,2543.75,3730.64,608.4,5.38,Low,Unknown,Low,0,0,0,0,0,0,0,0,0,0,0,0,0,0,0,45.0,62.5,54.63,57.42
23.024862,72.754347,192.15,474.05,7064.57,24183.65,23474.0,15821.71,24281.97,23015.72,18374.66,5410.5,20.65,Low,Unknown,Low,0,0,0,0,0,0,0,0,0,0,0,0,0,0,0,58.0,60.5,48.25,67.0
23.145394,72.575035,310.42,2481.93,4306.91,4641.55,7300.48,3522.84,6751.44,9435.71,4550.59,1188.34,-99999.0,Low,Unknown,Low,0,0,0,0,0,0,0,0,0,0,0,0,0,0,0,45.0,50.5,42.45,55.0
22.99342,72.760201,739.98,2519.97,8835.31,25394.35,26781.35,19161.99,27656.02,27258.78,18480.28,5392.56,3.12,Low,Unknown,Low,0,0,0,0,0,0,0,0,0,0,0,0,0,0,0,45.0,44.5,36.25,51.0
22.710167,72.526737,837.36,2050.95,56185.59,56951.41,59408.8,59915.68,67304.92,64176.26,55881.35,48426.42,-99999.0,Low,Unknown,Low,0,0,0,0,0,0,0,0,0,0,0,0,0,0,0,45.0,44.5,36.25,51.0
22.977162,72.745047,389.25,2122.24,9107.38,23185.68,23054.81,16529.54,26807.34,24577.37,15954.41,2516.49,-99999.0,Low,Unknown,Low,0,0,0,0,0,0,0,0,0,0,0,0,0,0,0,45.0,50.5,41.25,55.0
23.191957,72.242846,1222.46,1709.91,54674.73,46975.09,55525.97,54496.85,59495.05,54467.33,58034.25,36319.72,-99999.0,Low,Unknown,Low,0,0,0,0,0,0,0,0,0,0,0,0,0,0,0,45.0,38.5,31.25,47.0
22.399107,72.384567,3482.3,14421.46,130007.01,125971.11,133849.23,133347.4,136711.82,136614.72,124003.87,120993.59,-99999.0,Low,Unknown,Low,0,0,0,0,0,0,0,0,0,0,0,0,0,0,0,45.0,38.5,31.25,47.0
23.098749,72.541524,5.12,1898.49,1071.14,4059.73,5245.03,1509.34,2630.45,5853.94,2950.61,695.55,91.27,Medium,Unknown,Low,0,0,0,0,0,0,0,0,0,0,0,0,0,0,0,62.5,76.5,63.72,85.49
22.546333,72.274612,4145.05,5458.2,104590.95,100803.81,107433.13,109873.14,110395.5,111808.04,98294.58,99689.13,-99999.0,Low,Unknown,Low,0,0,0,0,0,0,0,0,0,0,0,0,0,0,0,45.0,38.5,31.25,47.0
23.026414,72.61984,70.44,902.52,875.53,3160.57,5945.54,4066.02,5850.77,4435.43,3315.53,2215.71,150.23,High,Residential,Low,0,0,0,0,0,0,0,0,0,0,0,1,0,0,0,71.0,81.0,67.74,89.93
23.331211,72.500283,443.3,10684.97,36870.53,32604.37,34538.2,34548.64,36877.04,51735.41,34279.61,24057.68,-99999.0,Low,Unknown,Low,0,0,0,0,0,0,0,0,0,0,0,0,0,0,0,45.0,50.5,41.25,55.0
22.792554,72.248265,821.95,14223.77,62247.4,59986.86,62828.47,65571.18,66422.38,66061.6,56989.92,58674.16,-99999.0,Low,Unknown,Low,0,0,0,0,0,0,0,0,0,0,0,0,0,0,0,45.0,44.5,36.25,51.0
22.247833,72.459217,19042.43,30371.36,158699.99,158168.04,161497.38,162967.02,169212.88,167114.19,156503.75,151336.41,-99999.0,Low,Unknown,Low,0,0,0,0,0,0,0,0,0,0,0,0,0,0,0,45.0,38.5,31.25,47.0
22.586786,72.350221,2004.62,3538.83,91152.36,87066.48,94606.87,96816.7,97275.7,99248.05,84784.29,84566.58,-99999.0,Low,Unknown,Low,0,0,0,0,0,0,0,0,0,0,0,0,0,0,0,45.0,38.5,31.25,47.0
22.309592,72.777147,1094.47,16521.86,145295.78,153848.1,147281.77,151359.67,164125.26,155089.29,143706.9,144677.06,-99999.0,Low,Unknown,Low,0,0,0,0,0,0,0,0,0,0,0,0,0,0,0,45.0,38.5,31.25,47.0
23.20315,72.545119,24.16,1331.32,8419.33,7263.07,6619.0,6591.08,8419.05,22542.17,5887.14,5524.18,-99999.0,Low,Unknown,Low,0,0,0,0,0,0,0,0,0,0,0,0,0,0,0,45.0,62.5,51.25,63.0
23.340944,72.799743,570.06,2951.48,37199.56,44270.38,46199.48,46078.01,57704.44,64518.99,43388.13,24478.13,-99999.0,Low,Unknown,Low,0,0,0,0,0,0,0,0,0,0,0,0,0,0,0,45.0,44.5,36.25,51.0
23.006738,72.361707,282.8,1704.98,20526.4,20794.1,18713.48,20880.32,22013.13,18590.64,23418.21,20344.06,11.34,Low,Unknown,Low,0,0,0,0,0,0,0,0,0,0,0,0,0,0,0,50.0,60.5,48.25,67.0
22.248278,72.653761,9219.58,12128.21,155467.37,162342.62,157799.21,161439.0,171466.94,165519.9,154246.15,152497.74,-99999.0,Low,Unknown,Low,0,0,0,0,0,0,0,0,0,0,0,0,0,0,0,45.0,38.5,31.25,47.0
22.764601,72.590906,392.97,3379.47,41596.32,47368.81,44235.03,47063.04,56717.54,51521.88,40875.25,37963.85,-99999.0,Low,Unknown,Low,0,0,0,0,0,0,0,0,0,0,0,0,0,0,0,45.0,50.5,41.25,55.0
23.299287,72.308893,73.83,73.83,54889.01,52627.27,58314.22,58279.04,59729.44,64892.1,52859.62,23613.92,-99999.0,Low,Unknown,Low,0,0,0,0,0,0,0,0,0,0,0,0,0,0,0,61.0,62.5,51.25,63.0
22.902396,72.580871,518.54,2621.71,12916.46,17050.27,16829.46,17015.74,27129.59,21959.54,14619.95,10405.18,3.7,Low,Unknown,Low,0,0,0,0,0,0,0,0,0,0,0,0,0,0,0,45.0,44.5,36.25,51.0
22.790071,72.254745,1371.41,12956.45,61677.2,59331.33,62384.38,65119.9,65955.65,65698.25,56343.07,58022.2,-99999.0,Low,Unknown,Low,0,0,0,0,0,0,0,0,0,0,0,0,0,0,0,45.0,38.5,31.25,47.0
22.617553,72.399985,455.69,2171.75,82266.73,78000.63,86196.67,86936.06,88603.97,89508.72,75931.37,74218.06,3.92,Low,Unknown,Low,0,0,0,0,0,0,0,0,0,0,0,0,0,0,0,45.0,50.5,41.25,55.0
23.00416,72.71464,512.11,1893.87,2423.34,15936.1,17567.6,10126.87,18386.76,18046.81,9374.6,3352.93,-99999.0,Low,Unknown,Low,0,0,0,0,0,0,0,0,0,0,0,0,0,0,0,45.0,44.5,36.25,49.35
22.595764,72.616204,747.26,747.26,78279.49,84900.28,80713.45,84123.26,94204.31,88350.19,77199.25,75317.45,-99999.0,Low,Unknown,Low,0,0,0,0,0,0,0,0,0,0,0,0,0,0,0,49.0,44.5,36.25,51.0
22.545861,72.767116,543.91,4344.76,94052.99,103512.45,95828.26,99832.92,113681.54,103591.29,92287.2,93103.34,-99999.0,Low,Unknown,Low,0,0,0,0,0,0,0,0,0,0,0,0,0,0,0,45.0,44.5,36.25,51.0
23.176279,72.530058,30.88,5199.95,9118.58,5248.9,9004.03,8685.7,9105.88,18035.16,1399.5,58.5,-99999.0,Low,Unknown,High,0,0,0,0,0,0,0,0,0,0,0,0,0,0,0,37.0,54.5,56.85,51.0
22.745791,72.38871,263.65,989.04,55468.98,51486.03,58839.95,61116.08,61531.54,63490.97,49112.39,50405.86,2.87,Low,Unknown,Low,0,0,0,0,0,0,0,0,0,0,0,0,0,0,0,49.0,56.5,46.25,59.0
22.587929,72.782111,720.37,8104.87,86352.71,96308.33,87972.74,91906.48,105477.77,95669.22,84474.17,85174.06,-99999.0,Low,Unknown,Low,0,0,0,0,0,0,0,0,0,0,0,0,0,0,0,45.0,44.5,36.25,51.0
22.68501,72.508758,634.82,634.82,62604.51,61921.49,65905.21,66010.09,72955.07,70006.55,60637.79,54228.81,3.7,Low,Unknown,Low,0,0,0,0,0,0,0,0,0,0,0,0,0,0,0,49.0,44.5,36.25,51.0
23.385743,72.594596,679.66,1242.88,42196.36,39875.81,41611.6,41658.3,45691.58,61858.46,44482.66,31640.96,-99999.0,Low,Unknown,Low,0,0,0,0,0,0,0,0,0,0,0,0,0,0,0,45.0,44.5,36.25,51.0
22.851112,72.447949,81.98,1213.93,30132.52,25859.96,34285.79,35894.41,36497.29,38670.0,23788.68,24424.49,5.7,Low,Unknown,Low,0,0,0,0,0,0,0,0,0,0,0,0,0,0,0,45.0,62.5,51.25,63.0
22.425099,72.417068,267.79,5963.35,122876.28,119464.46,126111.28,126050.47,130342.43,129564.3,117612.28,113864.19,-99999.0,Low,Unknown,Low,0,0,0,0,0,0,0,0,0,0,0,0,0,0,0,45.0,56.5,46.25,59.0
23.107732,72.575245,1.47,1937.96,631.12,437.93,4334.37,309.68,4630.21,1379.01,4308.98,3142.25,114.18,High,Unknown,Low,0,1,1,0,0,0,0,0,0,0,0,2,0,1,1,65.96,76.5,65.94,84.23
23.111989,72.322135,861.1,9013.61,32653.15,26500.0,32467.11,33762.54,36323.55,31289.18,35994.35,29953.23,-99999.0,Low,Unknown,Low,0,0,0,0,0,0,0,0,0,0,0,0,0,0,0,45.0,44.5,36.25,51.0
22.859064,72.756604,187.19,963.19,33697.99,41100.76,33920.74,35015.19,48009.03,40359.85,31257.47,27398.55,-99999.0,Low,Unknown,Low,0,0,0,0,0,0,0,0,0,0,0,0,0,0,0,49.0,56.5,46.25,59.0
22.725739,72.61895,1073.22,1073.22,49611.19,56574.66,52053.54,55482.17,66417.6,59681.88,48548.98,47884.1,-99999.0,Low,Unknown,Low,0,0,0,0,0,0,0,0,0,0,0,0,0,0,0,45.0,38.5,31.25,47.0
22.345711,72.783888,268.04,10326.75,137785.95,146540.54,139724.5,143787.51,156957.75,147526.63,136154.88,137088.77,-99999.0,Low,Unknown,Low,0,0,0,0,0,0,0,0,0,0,0,0,0,0,0,45.0,56.5,46.25,59.0
22.930646,72.343578,458.9,6200.78,28945.59,28257.26,28021.48,30773.5,31749.93,30631.96,25374.14,26449.01,1.24,Low,Unknown,Low,0,0,0,0,0,0,0,0,0,0,0,0,0,0,0,45.0,50.5,41.25,55.0
22.390054,72.530503,487.64,487.64,125175.86,127151.34,127795.5,130126.56,137950.05,134741.17,124395.24,119033.9,-99999.0,Low,Unknown,Low,0,0,0,0,0,0,0,0,0,0,0,0,0,0,0,53.0,50.5,41.25,55.0
22.862702,72.255926,2213.98,6599.07,51627.01,50255.79,51100.41,53856.07,54820.21,53660.68,47251.98,48661.85,1.71,Low,Unknown,Low,0,0,0,0,0,0,0,0,0,0,0,0,0,0,0,45.0,38.5,31.25,47.0
23.390709,72.747758,1842.28,11631.55,46450.31,48466.88,48282.55,48219.59,58150.07,70872.32,52026.36,26845.6,-99999.0,Low,Unknown,Low,0,0,0,0,0,0,0,0,0,0,0,0,0,0,0,45.0,38.5,31.25,47.0
22.753737,72.27048,294.97,4855.4,65443.59,62612.56,66837.71,69515.32,70262.98,70540.46,59707.81,61338.35,-99999.0,Low,Unknown,Low,0,0,0,0,0,0,0,0,0,0,0,0,0,0,0,45.0,56.5,46.25,59.0
23.198572,72.499025,8.58,5322.78,16097.09,12989.8,15119.26,15070.03,16088.86,25402.28,8942.94,4668.03,-99999.0,Low,Unknown,Low,0,0,0,0,0,0,0,0,0,0,0,0,0,0,0,45.0,62.5,51.25,63.0
23.059924,72.505323,137.88,2906.39,1489.49,3259.75,2294.93,1993.09,8747.67,7181.53,1664.07,1921.86,21.56,Low,Residential,Low,0,0,0,0,0,0,0,0,0,0,0,0,0,0,0,54.5,68.38,62.15,67.68
22.52811,72.700834,717.11,1173.12,94585.6,102843.26,96682.3,100791.06,113073.04,104487.61,93101.86,94170.75,-99999.0,Low,Unknown,Low,0,0,0,0,0,0,0,0,0,0,0,0,0,0,0,45.0,44.5,36.25,51.0
23.376294,72.346239,587.23,7780.17,63162.79,60721.01,61235.46,61219.13,63162.39,74556.33,57674.37,30615.29,-99999.0,Low,Unknown,Low,0,0,0,0,0,0,0,0,0,0,0,0,0,0,0,45.0,44.5,36.25,51.0
22.861518,72.430152,16.19,1096.48,28767.76,24821.59,32352.48,34522.69,34889.54,37146.43,22409.51,23729.27,3.45,Low,Unknown,Low,0,0,0,0,0,0,0,0,0,0,0,0,0,0,0,45.0,62.5,51.25,63.0
23.306242,72.504945,87.98,6956.86,31574.27,27551.19,29271.57,29278.7,31580.04,46271.66,28789.65,20518.31,-99999.0,Low,Unknown,Low,0,0,0,0,0,0,0,0,0,0,0,0,0,0,0,45.0,62.5,51.25,63.0
23.255192,72.718416,727.52,3859.88,16513.76,19457.53,21629.97,21489.61,33570.54,40896.6,22527.2,5315.68,-99999.0,Low,Unknown,Low,0,0,0,0,0,0,0,0,0,0,0,0,0,0,0,45.0,44.5,36.25,51.0
22.531497,72.674004,159.54,4924.12,93067.62,100828.84,95274.68,99216.56,110760.76,103054.87,91700.46,92129.32,-99999.0,Low,Unknown,Low,0,0,0,0,0,0,0,0,0,0,0,0,0,0,0,45.0,56.5,46.25,59.0
22.697931,72.760549,355.64,603.15,62323.63,72857.75,63761.31,67606.74,80921.84,71361.95,60325.98,60898.56,-99999.0,Low,Unknown,Low,0,0,0,0,0,0,0,0,0,0,0,0,0,0,0,49.0,50.5,41.25,55.0
22.809285,72.69233,1047.67,7337.14,34156.51,44644.79,35743.22,39696.75,53529.48,43459.34,32244.38,32962.29,-99999.0,Low,Unknown,Low,0,0,0,0,0,0,0,0,0,0,0,0,0,0,0,45.0,38.5,31.25,47.0
22.539407,72.379134,3119.89,3119.89,99963.68,95696.6,103800.69,104453.05,106257.62,107155.82,93603.58,91788.13,-99999.0,Low,Unknown,Low,0,0,0,0,0,0,0,0,0,0,0,0,0,0,0,45.0,38.5,31.25,47.0
22.904325,72.799341,1257.83,4081.46,28549.0,40394.68,36220.72,33609.75,45573.89,40747.41,33284.8,21671.14,-99999.0,Low,Unknown,Low,0,0,0,0,0,0,0,0,0,0,0,0,0,0,0,45.0,38.5,31.25,47.0
22.787568,72.289157,36.01,7432.4,57325.7,54621.48,58589.61,61277.82,62040.14,62250.81,51686.82,53334.58,4.73,Low,Unknown,Low,0,0,0,0,0,0,0,0,0,0,0,0,0,0,0,45.0,62.5,51.25,63.0
22.846297,72.407074,200.99,1513.04,33532.65,29861.33,36578.87,38918.68,39389.25,41181.74,27260.64,28708.32,4.18,Low,Unknown,Low,0,0,0,0,0,0,0,0,0,0,0,0,0,0,0,45.0,56.5,46.25,59.0
22.862301,72.526058,862.67,4688.16,25802.03,24699.63,30630.64,27490.36,33909.95,30939.54,24416.25,15169.71,-99999.0,Low,Unknown,Low,0,0,0,0,0,0,0,0,0,0,0,0,0,0,0,45.0,44.5,36.25,51.0
22.746414,72.393066,192.37,192.37,55073.94,51055.29,58515.34,60769.55,61170.78,63192.04,48711.52,49854.9,-99999.0,Low,Unknown,Low,0,0,0,0,0,0,0,0,0,0,0,0,0,0,0,57.0,56.5,46.25,59.0
22.426383,72.618499,5.73,5.73,115747.17,122174.97,118161.34,121600.85,131254.39,125817.03,114635.97,112275.88,-99999.0,Low,Unknown,Low,0,0,0,0,0,0,0,0,0,0,0,0,0,0,0,61.0,62.5,51.25,63.0
22.886157,72.340137,144.14,3917.02,34774.06,32899.13,35204.14,37943.68,38792.29,38564.7,29879.75,31450.97,4.38,Low,Unknown,Low,0,0,0,0,0,0,0,0,0,0,0,0,0,0,0,45.0,56.5,46.25,59.0
23.130653,72.226188,251.99,5542.1,51579.3,46135.78,51355.99,52718.47,54993.36,50035.01,55501.17,45435.38,-99999.0,Low,Unknown,Low,0,0,0,0,0,0,0,0,0,0,0,0,0,0,0,45.0,56.5,46.25,59.0
23.093646,72.623137,244.31,1358.04,1664.3,1035.26,4125.19,3921.28,7935.81,7527.89,6481.89,344.17,-99999.0,Low,Industrial,Low,0,0,0,0,0,0,0,0,0,0,0,0,0,0,0,46.5,58.0,53.75,56.18
23.173691,72.431647,731.8,10131.93,18413.97,17317.81,24679.55,22505.31,28285.85,31107.19,21191.84,9098.97,-99999.0,Low,Unknown,Low,0,0,0,0,0,0,0,0,0,0,0,0,0,0,0,45.0,44.5,36.25,51.0
22.996427,72.692449,952.84,5274.36,4273.19,11745.63,14247.6,5416.51,15881.31,13486.42,4710.12,3710.28,-99999.0,Low,Unknown,Low,0,0,0,0,0,0,0,0,0,0,0,0,0,0,0,45.0,44.5,37.02,51.0
23.376982,72.497197,633.72,11213.71,46311.51,41682.66,43940.09,43946.46,46319.26,61489.68,44129.54,32141.41,-99999.0,Low,Unknown,Low,0,0,0,0,0,0,0,0,0,0,0,0,0,0,0,45.0,44.5,36.25,51.0
22.244424,72.501375,22489.35,22489.35,158005.21,159013.62,160633.53,162772.21,170141.89,167225.36,157238.99,151475.17,-99999.0,Low,Unknown,Low,0,0,0,0,0,0,0,0,0,0,0,0,0,0,0,45.0,38.5,31.25,47.0
22.908217,72.72182,247.22,1969.05,21458.99,28203.31,21668.71,22093.33,35103.05,27611.1,19487.2,16299.74,-99999.0,Low,Unknown,Low,0,0,0,0,0,0,0,0,0,0,0,0,0,0,0,45.0,56.5,46.25,59.0
23.249028,72.464184,484.83,2681.72,27362.68,25848.54,25693.7,25665.65,27359.75,38404.36,21405.58,5759.61,-99999.0,Low,Unknown,Low,0,0,0,0,0,0,0,0,0,0,0,0,0,0,0,45.0,50.5,41.25,55.0
22.831141,72.474157,134.07,2779.94,33243.32,29523.83,38849.65,37690.71,40609.01,40300.73,27962.38,25380.37,-99999.0,Low,Unknown,Low,0,0,0,0,0,0,0,0,0,0,0,0,0,0,0,45.0,56.5,46.25,59.0
23.066933,72.445987,14.02,7446.86,6429.66,5919.23,8050.14,8284.42,11974.71,7974.91,9210.86,3352.19,-99999.0,Low,Unknown,Low,0,0,0,0,0,0,0,0,0,0,0,0,0,0,0,45.0,62.5,51.25,63.0
22.985738,72.292617,692.91,7872.28,35179.32,35435.93,32999.39,35340.44,36469.97,33245.77,35379.54,34244.54,5.14,Low,Unknown,Low,0,0,0,0,0,0,0,0,0,0,0,0,0,0,0,45.0,44.5,36.25,51.0
22.763389,72.781522,61.07,6734.17,52314.13,61658.06,53244.56,56028.94,69059.79,60427.44,50067.32,49071.89,-99999.0,Low,Unknown,Low,0,0,0,0,0,0,0,0,0,0,0,0,0,0,0,45.0,62.5,51.25,63.0
22.606273,72.615623,33.63,924.37,75961.7,82580.58,78399.42,81801.15,91903.53,86032.48,74887.18,73025.87,-99999.0,Low,Unknown,Low,0,0,0,0,0,0,0,0,0,0,0,0,0,0,0,49.0,62.5,51.25,63.0
22.979804,72.711059,98.12,4509.32,7576.28,16508.5,16369.93,9730.72,21130.79,17694.51,9225.08,3652.44,6.82,Low,Unknown,Low,0,0,0,0,0,0,0,0,0,0,0,0,0,0,0,45.0,62.5,51.25,63.0
23.22281,72.715605,160.72,2332.04,9556.85,13899.25,17836.57,17196.7,30044.29,34047.38,15627.59,5411.7,-99999.0,Low,Unknown,Low,0,0,0,0,0,0,0,0,0,0,0,0,0,0,0,45.0,56.5,46.25,59.0
22.656011,72.389997,88.54,5198.15,74411.2,70221.79,78124.37,79675.81,80645.29,82339.59,68041.87,67337.2,2.53,Low,Unknown,Low,0,0,0,0,0,0,0,0,0,0,0,0,0,0,0,45.0,62.5,51.25,63.0
23.062461,72.655641,159.34,2351.95,1667.74,8100.33,4627.89,2737.12,4924.21,3201.25,3669.92,2796.81,96.92,Medium,Residential,Low,0,0,1,0,0,0,0,0,0,0,0,0,0,0,1,67.0,75.0,61.8,88.19
23.24686,72.221539,1394.46,10850.66,62862.87,56709.69,66612.6,64047.85,70654.03,65676.98,65031.47,38404.49,-99999.0,Low,Unknown,Low,0,0,0,0,0,0,0,0,0,0,0,0,0,0,0,45.0,38.5,31.25,47.0
22.282105,72.578697,9170.45,12209.85,148014.51,152092.19,150510.66,153700.5,162260.24,158077.58,147021.81,143264.54,-99999.0,Low,Unknown,Low,0,0,0,0,0,0,0,0,0,0,0,0,0,0,0,45.0,38.5,31.25,47.0
23.305115,72.798456,880.21,4572.7,29712.19,38328.93,41084.6,40941.5,53008.51,57534.75,35980.33,20650.14,-99999.0,Low,Unknown,Low,0,0,0,0,0,0,0,0,0,0,0,0,0,0,0,45.0,44.5,36.25,51.0
23.09612,72.460383,174.94,6980.66,10589.03,1532.07,12619.98,6107.61,15515.51,13558.66,11211.66,4732.68,-99999.0,Low,Unknown,Low,0,0,0,0,0,0,0,0,0,0,0,0,0,0,0,45.0,56.5,46.25,59.0
22.318132,72.580249,5123.89,6518.27,140007.22,144221.95,142505.14,145692.17,154300.37,150069.96,139017.62,135301.5,-99999.0,Low,Unknown,Low,0,0,0,0,0,0,0,0,0,0,0,0,0,0,0,45.0,38.5,31.25,47.0
23.247095,72.466207,4.57,2151.64,26789.32,25267.33,25128.88,25100.47,26786.31,37830.02,20821.81,5701.84,-99999.0,Low,Unknown,Low,0,0,0,0,0,0,0,0,0,0,0,0,0,0,0,45.0,62.5,51.25,63.0
23.032801,72.742054,1437.29,3255.04,5971.33,22048.95,20714.68,13035.86,21511.53,19986.98,16804.71,4464.4,2.76,Low,Unknown,Low,0,0,0,0,0,0,0,0,0,0,0,0,0,0,0,45.0,38.5,31.25,47.0
22.255189,72.677686,6504.76,14763.84,154235.06,161429.76,156509.8,160285.32,170782.11,164263.44,152944.3,151859.86,-99999.0,Low,Unknown,Low,0,0,0,0,0,0,0,0,0,0,0,0,0,0,0,45.0,38.5,31.25,47.0
22.552041,72.424905,1508.2,1508.2,95373.21,91455.85,99586.94,98674.37,102309.11,101890.3,89580.21,86275.8,1.52,Low,Unknown,Low,0,0,0,0,0,0,0,0,0,0,0,0,0,0,0,45.0,38.5,31.25,47.0
22.374684,72.5187,736.73,4650.13,128913.0,130352.21,131550.53,133691.03,141358.78,138211.75,128166.63,122479.77,-99999.0,Low,Unknown,Low,0,0,0,0,0,0,0,0,0,0,0,0,0,0,0,45.0,44.5,36.25,51.0
22.879114,72.675512,177.58,2190.47,18977.08,29685.67,20234.7,24080.67,37795.66,27839.85,16849.78,17363.81,-99999.0,Low,Unknown,Low,0,0,0,0,0,0,0,0,0,0,0,0,0,0,0,45.0,56.5,46.25,59.0
22.40398,72.247381,318.21,318.21,135845.84,131920.41,138910.17,141299.5,141781.4,143365.97,129507.87,129938.15,-99999.0,Low,Unknown,Low,0,0,0,0,0,0,0,0,0,0,0,0,0,0,0,53.0,50.5,41.25,55.0
23.245008,72.571826,168.58,1483.21,14158.2,9545.94,12569.65,12518.85,14960.93,31082.66,13575.8,13032.34,-99999.0,Low,Unknown,Low,0,0,0,0,0,0,0,0,0,0,0,0,0,0,0,45.0,56.5,46.25,59.0
22.488996,72.747697,392.71,8221.75,105065.81,113925.39,107001.57,111065.97,124478.27,114804.17,103431.72,104369.66,-99999.0,Low,Unknown,Low,0,0,0,0,0,0,0,0,0,0,0,0,0,0,0,45.0,50.5,41.25,55.0
22.371741,72.47669,103.18,8887.15,131070.72,130687.04,133920.66,135275.67,141773.4,139436.52,129087.72,123659.48,-99999.0,Low,Unknown,Low,0,0,0,0,0,0,0,0,0,0,0,0,0,0,0,45.0,56.5,46.25,59.0
22.504773,72.353196,2103.45,5951.76,108505.19,104306.26,112174.83,113498.09,114731.36,116087.14,102135.84,100805.95,-99999.0,Low,Unknown,Low,0,0,0,0,0,0,0,0,0,0,0,0,0,0,0,45.0,38.5,31.25,47.0
22.211277,72.68278,6591.61,6591.61,164074.44,171268.41,166345.33,170127.81,180598.69,174101.03,162779.01,161668.32,-99999.0,Low,Unknown,Low,0,0,0,0,0,0,0,0,0,0,0,0,0,0,0,45.0,38.5,31.25,47.0
23.281451,72.606567,622.83,4642.83,19418.95,17763.82,18829.06,18875.69,23727.93,39668.36,23002.77,15393.79,-99999.0,Low,Unknown,Low,0,0,0,0,0,0,0,0,0,0,0,0,0,0,0,45.0,44.5,36.25,51.0
22.389571,72.465038,3667.13,6560.39,127738.77,126754.91,130673.65,131734.93,137810.91,135769.78,125108.22,119992.82,-99999.0,Low,Unknown,Low,0,0,0,0,0,0,0,0,0,0,0,0,0,0,0,45.0,38.5,31.25,47.0
22.614679,72.552543,540.62,5789.6,75449.61,78591.79,78146.17,80314.43,88458.59,85086.22,74803.18,69469.58,-99999.0,Low,Unknown,Low,0,0,0,0,0,0,0,0,0,0,0,0,0,0,0,45.0,44.5,36.25,51.0
22.966726,72.454585,8.03,3991.94,5809.9,4742.7,8981.27,11001.02,11382.47,13740.54,2802.52,2722.89,4.7,Low,Unknown,Low,0,0,0,0,0,0,0,0,0,0,0,0,0,0,0,45.0,62.5,57.11,63.0
22.500118,72.707182,102.78,4675.59,100920.34,109174.13,103010.92,107118.07,119377.36,110817.06,99430.48,100492.53,-99999.0,Low,Unknown,Low,0,0,0,0,0,0,0,0,0,0,0,0,0,0,0,45.0,56.5,46.25,59.0
22.43906,72.430816,1405.47,1822.12,119068.46,116146.88,122260.66,122383.49,127078.39,126001.4,114347.7,110275.55,-99999.0,Low,Unknown,Low,0,0,0,0,0,0,0,0,0,0,0,0,0,0,0,45.0,38.5,31.25,47.0
22.77985,72.342323,549.39,2749.64,52465.61,49124.11,54750.28,57287.07,57896.48,58957.78,46374.58,47914.49,-99999.0,Low,Unknown,Low,0,0,0,0,0,0,0,0,0,0,0,0,0,0,0,45.0,44.5,36.25,51.0
22.886307,72.544887,237.99,237.99,19334.14,21254.16,24162.91,21293.5,28793.31,25376.77,21627.82,9796.58,5.25,Low,Unknown,Low,0,0,0,0,0,0,0,0,0,0,0,0,0,0,0,57.0,56.5,46.25,59.0
23.39123,72.377138,626.55,4693.73,61248.12,58232.73,59175.69,59166.7,61249.66,73736.96,56413.61,31572.77,-99999.0,Low,Unknown,Low,0,0,0,0,0,0,0,0,0,0,0,0,0,0,0,45.0,44.5,36.25,51.0
23.373533,72.594938,137.99,1235.65,39551.11,37234.67,38967.8,39014.53,43058.91,59223.96,41868.67,29432.27,-99999.0,Low,Unknown,Low,0,0,0,0,0,0,0,0,0,0,0,0,0,0,0,45.0,56.5,46.25,59.0
22.529376,72.539557,462.6,2681.59,94456.95,96730.41,97124.16,99259.52,107167.61,103904.74,93762.95,88220.83,-99999.0,Low,Unknown,Low,0,0,0,0,0,0,0,0,0,0,0,0,0,0,0,45.0,50.5,41.25,55.0
23.022959,72.646801,7.89,236.37,336.93,3636.98,5244.16,4882.04,5779.33,6999.58,6549.11,1042.37,79.17,Medium,Industrial,Low,0,0,0,0,0,0,0,0,0,0,1,1,0,0,0,76.0,78.0,65.75,84.39
22.258853,72.563844,14428.74,16879.62,153369.19,156818.35,155891.36,158997.27,167240.9,163423.75,152417.21,148262.59,-99999.0,Low,Unknown,Low,0,0,0,0,0,0,0,0,0,0,0,0,0,0,0,45.0,38.5,31.25,47.0
22.796073,72.742493,998.44,1666.99,41771.87,51623.03,42842.57,46318.11,59280.89,50193.44,39578.74,39880.04,-99999.0,Low,Unknown,Low,0,0,0,0,0,0,0,0,0,0,0,0,0,0,0,45.0,44.5,36.25,51.0
22.543433,72.679316,3.53,4789.58,90575.1,98484.78,92754.0,96754.77,108520.5,100542.81,89177.07,89960.48,-99999.0,Low,Unknown,Low,0,0,0,0,0,0,0,0,0,0,0,0,0,0,0,45.0,62.5,51.25,63.0
22.928478,72.411393,862.36,5474.66,17877.86,15778.51,19391.21,21978.75,22657.67,23616.98,12759.51,14352.79,-99999.0,Low,Unknown,Low,0,0,0,0,0,0,0,0,0,0,0,0,0,0,0,45.0,44.5,36.25,51.0
22.963941,72.572535,351.04,2141.4,3461.24,3488.28,7423.91,3480.18,14440.22,9372.65,10046.05,2205.54,42.09,Low,Industrial,Low,0,0,0,0,0,0,0,0,0,0,0,0,0,0,0,56.5,60.0,52.75,72.0
23.013317,72.632557,13.42,13.42,1282.1,1126.2,6364.84,4836.08,7607.15,3719.64,3188.98,2657.85,132.89,High,Residential,Low,0,0,0,0,0,0,0,0,0,0,0,0,0,0,0,83.0,81.0,68.08,91.09
22.991018,72.703002,816.89,5542.01,6149.62,14126.58,15599.04,7581.92,18245.67,15691.29,6948.41,3303.19,-99999.0,Low,Unknown,Low,0,0,0,0,0,0,0,0,0,0,0,0,0,0,0,45.0,44.5,36.25,51.0
22.953898,72.742042,683.48,1242.46,13549.61,24692.06,22298.71,17861.59,29608.47,25430.86,17467.07,6389.92,-99999.0,Low,Unknown,Low,0,0,0,0,0,0,0,0,0,0,0,0,0,0,0,45.0,44.5,36.25,51.0
22.975609,72.38536,461.67,461.67,17924.09,18845.38,15622.03,18304.33,19354.67,17744.89,16590.12,16129.35,-99999.0,Low,Unknown,Low,0,0,0,0,0,0,0,0,0,0,0,0,0,0,0,53.0,50.5,41.25,55.0
22.728988,72.547744,553.49,6063.16,51002.98,53854.92,54064.09,55272.98,63273.25,59907.87,50900.54,44280.88,-99999.0,Low,Unknown,Low,0,0,0,0,0,0,0,0,0,0,0,0,0,0,0,45.0,44.5,36.25,51.0
23.078832,72.25408,651.19,6106.4,42594.91,40156.31,42325.91,43744.1,45581.46,40857.76,47589.29,41010.22,-99999.0,Low,Unknown,Low,0,0,0,0,0,0,0,0,0,0,0,0,0,0,0,45.0,44.5,36.25,51.0
22.554133,72.648489,2970.32,4566.86,87624.07,94925.7,89928.01,93659.4,104597.94,97664.07,86370.43,85837.55,-99999.0,Low,Unknown,Low,0,0,0,0,0,0,0,0,0,0,0,0,0,0,0,45.0,38.5,31.25,47.0
22.410768,72.279296,1511.49,2621.16,132396.64,128366.17,135677.01,138005.74,138444.51,140226.82,126036.4,125777.29,-99999.0,Low,Unknown,Low,0,0,0,0,0,0,0,0,0,0,0,0,0,0,0,45.0,38.5,31.25,47.0
22.847289,72.782894,1911.4,3844.8,38427.97,46460.07,39677.65,40174.74,53063.08,45901.87,37107.04,31267.11,-99999.0,Low,Unknown,Low,0,0,0,0,0,0,0,0,0,0,0,0,0,0,0,45.0,38.5,31.25,47.0
22.837023,72.748092,1043.49,3129.75,35580.2,44173.69,36192.05,38433.09,51467.57,43105.88,33220.99,31973.29,-99999.0,Low,Unknown,Low,0,0,0,0,0,0,0,0,0,0,0,0,0,0,0,45.0,38.5,31.25,47.0
23.196567,72.354182,4.27,2549.56,34243.21,29421.15,40952.38,36310.84,43723.52,40948.99,36962.54,16409.0,-99999.0,Low,Unknown,Low,0,0,0,0,0,0,0,0,0,0,0,0,0,0,0,45.0,62.5,51.25,63.0
23.189628,72.489109,787.77,8090.53,14928.72,13308.37,16921.79,16866.82,17580.44,25074.82,10001.36,1999.24,-99999.0,Low,Unknown,Low,0,0,0,0,0,0,0,0,0,0,0,0,0,0,0,45.0,44.5,36.25,51.0
23.167786,72.647936,107.34,2273.89,2515.61,3955.35,7079.65,1953.58,14767.64,19873.37,2563.59,2435.55,-99999.0,Low,Residential,Low,0,0,0,0,0,0,0,0,0,0,0,0,0,0,0,49.5,61.0,57.75,62.62
22.606458,72.269102,2435.05,2911.95,93006.18,89412.69,95523.14,98032.96,98612.32,99756.93,86790.42,88258.52,-99999.0,Low,Unknown,Low,0,0,0,0,0,0,0,0,0,0,0,0,0,0,0,45.0,38.5,31.25,47.0
23.355472,72.284454,1125.16,3502.57,67067.59,65505.47,68386.58,68359.35,70040.89,77949.75,63668.51,34579.17,-99999.0,Low,Unknown,Low,0,0,0,0,0,0,0,0,0,0,0,0,0,0,0,45.0,38.5,31.25,47.0
23.3598,72.716084,747.51,13721.81,39013.2,40062.67,39381.58,39330.35,48965.12,62852.54,45274.24,18672.44,-99999.0,Low,Unknown,Low,0,0,0,0,0,0,0,0,0,0,0,0,0,0,0,45.0,44.5,36.25,51.0
23.06906,72.787965,169.5,1281.54,18190.51,29595.85,28216.94,21462.0,30912.49,26833.41,21135.32,6352.81,-99999.0,Low,Unknown,Low,0,0,0,0,0,0,0,0,0,0,0,0,0,0,0,45.0,56.5,46.25,59.0
23.360724,72.682753,173.08,7974.37,37673.84,38406.68,37173.93,37156.54,45579.65,60381.75,45134.66,18873.97,-99999.0,Low,Unknown,Low,0,0,0,0,0,0,0,0,0,0,0,0,0,0,0,45.0,56.5,46.25,59.0
22.63893,72.674409,773.99,8117.51,69521.59,77765.54,71660.73,75751.11,88117.04,79458.09,68081.6,69195.89,-99999.0,Low,Unknown,Low,0,0,0,0,0,0,0,0,0,0,0,0,0,0,0,45.0,44.5,36.25,51.0
22.216702,72.521943,15683.15,15683.15,163532.75,165374.78,166121.18,168625.72,176407.48,173231.1,162692.35,157512.48,-99999.0,Low,Unknown,Low,0,0,0,0,0,0,0,0,0,0,0,0,0,0,0,45.0,38.5,31.25,47.0
22.745743,72.603697,2500.18,3612.09,45384.47,51762.49,47930.9,51065.39,61357.8,55437.73,44489.12,42701.62,-99999.0,Low,Unknown,Low,0,0,0,0,0,0,0,0,0,0,0,0,0,0,0,45.0,38.5,31.25,47.0
23.006809,72.550736,13.97,13.97,602.58,1426.45,1077.25,947.0,4702.4,1178.97,1566.79,2060.93,157.61,High,Residential,Low,0,0,1,0,0,0,0,0,0,0,0,2,0,0,1,84.93,90.23,80.13,89.15
23.186901,72.764175,446.67,3721.89,4046.86,20664.43,26798.71,20327.97,38182.48,32504.68,10066.39,17031.13,-99999.0,Low,Unknown,Low,0,0,0,0,0,0,0,0,0,0,0,0,0,0,0,45.0,50.5,41.25,55.0
22.330015,72.340293,12865.86,19132.42,146754.32,142539.01,150644.15,150610.66,153116.52,153671.03,140461.32,138137.62,-99999.0,Low,Unknown,Low,0,0,0,0,0,0,0,0,0,0,0,0,0,0,0,45.0,38.5,31.25,47.0
22.23003,72.730541,5292.35,13368.72,161011.74,168807.15,163164.27,167200.03,178558.89,170961.34,159585.01,159770.13,-99999.0,Low,Unknown,Low,0,0,0,0,0,0,0,0,0,0,0,0,0,0,0,45.0,38.5,31.25,47.0
22.873689,72.749154,655.74,1768.31,30588.86,37616.15,30668.24,31481.7,44464.89,36948.9,28130.19,23981.12,-99999.0,Low,Unknown,Low,0,0,0,0,0,0,0,0,0,0,0,0,0,0,0,45.0,44.5,36.25,51.0
22.465641,72.23793,2984.57,5974.99,123839.69,120052.02,126652.3,129102.99,129632.06,131000.19,117544.44,118934.55,-99999.0,Low,Unknown,Low,0,0,0,0,0,0,0,0,0,0,0,0,0,0,0,45.0,38.5,31.25,47.0
23.188626,72.745633,41.84,4024.24,2399.35,16945.24,23034.32,16972.8,34469.32,30400.55,8406.65,13594.09,-99999.0,Low,Unknown,Low,0,0,0,0,0,0,0,0,0,0,0,0,0,0,0,45.0,62.5,51.25,61.28
22.562628,72.444978,1493.32,2235.96,92403.61,88754.3,95788.14,95267.42,99711.99,98702.2,86984.16,83013.84,-99999.0,Low,Unknown,Low,0,0,0,0,0,0,0,0,0,0,0,0,0,0,0,45.0,38.5,31.25,47.0
22.367732,72.767757,271.97,4404.46,132237.52,140873.63,134209.95,138284.28,151227.91,142016.41,130636.3,131597.66,-99999.0,Low,Unknown,Low,0,0,0,0,0,0,0,0,0,0,0,0,0,0,0,45.0,56.5,46.25,59.0
22.565238,72.495575,2845.38,2845.38,88592.93,88038.75,91652.89,92439.03,99185.91,96519.43,86569.73,80741.86,-99999.0,Low,Unknown,Low,0,0,0,0,0,0,0,0,0,0,0,0,0,0,0,45.0,38.5,31.25,47.0
22.31663,72.732356,201.31,12649.2,141986.33,150011.75,144098.0,148208.11,159955.03,151902.15,140517.61,141272.73,-99999.0,Low,Unknown,Low,0,0,0,0,0,0,0,0,0,0,0,0,0,0,0,45.0,56.5,46.25,59.0
22.362797,72.472186,2064.81,11069.48,133199.1,132666.15,136061.25,137366.46,143741.26,141498.27,131048.33,125720.54,-99999.0,Low,Unknown,Low,0,0,0,0,0,0,0,0,0,0,0,0,0,0,0,45.0,38.5,31.25,47.0
23.004583,72.645884,19.93,1708.97,1179.25,2224.2,7915.18,3679.45,9626.35,4328.61,4310.06,3245.68,122.8,High,Residential,Low,0,0,0,0,0,0,0,0,0,0,0,0,0,0,0,67.0,81.0,65.09,90.8
23.335169,72.451476,447.0,5079.17,42520.6,39183.07,40359.09,40355.22,42523.59,55968.28,38373.04,20065.11,-99999.0,Low,Unknown,Low,0,0,0,0,0,0,0,0,0,0,0,0,0,0,0,45.0,50.5,41.25,55.0
23.090723,72.292714,212.47,11716.17,35923.53,32230.81,35683.28,37070.78,39214.87,34308.67,40351.67,34033.76,-99999.0,Low,Unknown,Low,0,0,0,0,0,0,0,0,0,0,0,0,0,0,0,45.0,56.5,46.25,59.0
22.697861,72.259413,2795.7,2795.7,76628.17,73502.22,78420.48,81051.42,81744.74,82311.18,70682.3,72264.09,-99999.0,Low,Unknown,Low,0,0,0,0,0,0,0,0,0,0,0,0,0,0,0,45.0,38.5,31.25,47.0
22.787216,72.44487,380.04,380.04,43919.89,39705.76,48296.72,48798.97,50478.88,51477.94,37753.82,36696.66,-99999.0,Low,Unknown,Low,0,0,0,0,0,0,0,0,0,0,0,0,0,0,0,53.0,50.5,41.25,55.0
23.341826,72.21963,1202.96,4152.38,74285.41,70770.79,78332.77,77513.9,79764.3,81825.08,72880.93,43650.76,-99999.0,Low,Unknown,Low,0,0,0,0,0,0,0,0,0,0,0,0,0,0,0,45.0,38.5,31.25,47.0
22.644636,72.46603,2213.71,9807.85,74072.37,70501.39,77566.25,76727.94,81547.66,80151.7,68846.95,64456.55,-99999.0,Low,Unknown,Low,0,0,0,0,0,0,0,0,0,0,0,0,0,0,0,45.0,38.5,31.25,47.0
23.340666,72.71327,61.52,13395.78,34817.08,35908.27,35406.81,35348.32,45290.74,58659.26,41163.51,14472.17,-99999.0,Low,Unknown,Low,0,0,0,0,0,0,0,0,0,0,0,0,0,0,0,45.0,62.5,51.25,63.0
22.319226,72.611408,387.4,1994.26,139538.45,145086.53,141966.36,145359.1,154655.91,149609.17,138445.45,135654.14,-99999.0,Low,Unknown,Low,0,0,0,0,0,0,0,0,0,0,0,0,0,0,0,45.0,50.5,41.25,55.0
22.853359,72.786706,1910.62,4603.11,37431.92,45956.69,39453.47,39584.71,52406.66,45505.64,36985.0,30277.93,-99999.0,Low,Unknown,Low,0,0,0,0,0,0,0,0,0,0,0,0,0,0,0,45.0,38.5,31.25,47.0
22.630409,72.438884,4178.13,5426.14,77890.64,73999.61,82748.34,81406.92,84890.81,84472.16,72159.66,68907.94,-99999.0,Low,Unknown,Low,0,0,0,0,0,0,0,0,0,0,0,0,0,0,0,45.0,38.5,31.25,47.0
22.42777,72.273296,1006.73,1006.73,129189.49,125201.83,132385.63,134738.01,135193.67,136901.44,122836.9,122899.61,-99999.0,Low,Unknown,Low,0,0,0,0,0,0,0,0,0,0,0,0,0,0,0,45.0,38.5,31.25,47.0
23.21764,72.47283,416.35,4316.01,21651.67,19656.71,21231.93,21190.38,22478.49,31859.48,15615.81,1948.65,-99999.0,Low,Unknown,Low,0,0,0,0,0,0,0,0,0,0,0,0,0,0,0,45.0,50.5,41.25,55.0
22.995322,72.585023,23.4,1017.36,680.81,3572.12,2606.3,3223.29,12048.86,2217.92,5334.01,923.17,111.62,High,Industrial,Low,0,0,0,0,0,0,0,0,0,0,0,3,0,0,0,64.0,79.89,65.75,85.37
22.916575,72.212814,167.1,3613.62,54773.03,54639.97,52661.57,55270.54,56356.74,53942.96,51831.09,52742.76,1.69,Low,Unknown,Low,0,0,0,0,0,0,0,0,0,0,0,0,0,0,0,45.0,56.5,46.25,59.0
23.144154,72.346141,752.83,6127.8,32206.56,23820.09,33257.63,31349.96,37322.56,32401.19,35024.47,26409.41,-99999.0,Low,Unknown,Low,0,0,0,0,0,0,0,0,0,0,0,0,0,0,0,45.0,44.5,36.25,51.0
22.351109,72.538747,1607.71,6679.76,133496.4,135901.39,136087.67,138654.03,146599.98,143348.29,132662.74,127662.44,-99999.0,Low,Unknown,Low,0,0,0,0,0,0,0,0,0,0,0,0,0,0,0,45.0,38.5,31.25,47.0
22.282332,72.659094,3606.06,11183.68,147951.13,154937.81,150266.57,153947.91,164159.92,157997.53,146709.64,145210.02,-99999.0,Low,Unknown,Low,0,0,0,0,0,0,0,0,0,0,0,0,0,0,0,45.0,38.5,31.25,47.0
22.448589,72.329571,2439.91,2439.91,121653.3,117487.0,125234.76,126770.86,127843.16,129366.74,115282.49,114092.08,1.36,Low,Unknown,Low,0,0,0,0,0,0,0,0,0,0,0,0,0,0,0,45.0,38.5,31.25,47.0
23.243635,72.397136,280.54,5867.65,34040.1,33869.51,37424.39,37383.77,38665.32,46444.97,31582.56,3453.59,-99999.0,Low,Unknown,Low,0,0,0,0,0,0,0,0,0,0,0,0,0,0,0,45.0,56.5,46.25,59.0
22.377065,72.740319,224.97,224.97,129029.14,137339.13,131083.42,135180.92,147495.48,138892.48,127503.84,128530.62,-99999.0,Low,Unknown,Low,0,0,0,0,0,0,0,0,0,0,0,0,0,0,0,57.0,56.5,46.25,59.0
22.203403,72.715044,7149.4,7149.4,166485.92,174048.79,168684.31,172625.29,183631.39,176469.19,165108.25,164773.98,-99999.0,Low,Unknown,Low,0,0,0,0,0,0,0,0,0,0,0,0,0,0,0,45.0,38.5,31.25,47.0
22.373626,72.277995,627.52,5046.46,140324.53,136257.54,143673.58,145891.47,146407.91,148248.72,133959.34,133384.74,-99999.0,Low,Unknown,Low,0,0,0,0,0,0,0,0,0,0,0,0,0,0,0,45.0,44.5,36.25,51.0
22.500785,72.304698,3217.22,3217.22,111927.8,107918.47,115189.66,117520.33,117962.12,119741.58,105570.55,105638.37,-99999.0,Low,Unknown,Low,0,0,0,0,0,0,0,0,0,0,0,0,0,0,0,45.0,38.5,31.25,47.0
22.993269,72.215468,2179.2,2585.91,49930.26,49908.49,48275.71,50481.62,51614.4,47991.77,50980.9,49543.06,4.23,Low,Unknown,Low,0,0,0,0,0,0,0,0,0,0,0,0,0,0,0,45.0,38.5,31.25,47.0
22.217832,72.673991,6815.59,6815.59,162480.99,169576.53,164770.68,168510.03,178840.8,172516.67,161207.91,159896.02,-99999.0,Low,Unknown,Low,0,0,0,0,0,0,0,0,0,0,0,0,0,0,0,45.0,38.5,31.25,47.0
22.485518,72.394263,2075.07,2075.07,110900.17,106823.41,115211.8,114549.71,117547.79,117648.78,104842.65,102087.95,3.83,Low,Unknown,Low,0,0,0,0,0,0,0,0,0,0,0,0,0,0,0,45.0,38.5,31.25,47.0
22.409095,72.231439,2270.56,2270.56,135902.93,132043.53,138837.88,141260.55,141767.31,143235.64,129583.92,130437.62,-99999.0,Low,Unknown,Low,0,0,0,0,0,0,0,0,0,0,0,0,0,0,0,45.0,38.5,31.25,47.0
23.090062,72.515651,86.27,2633.88,2408.75,3404.66,8619.35,3765.11,4294.66,9366.57,5123.78,2007.7,6.3,Low,Unknown,Low,0,0,0,0,0,0,0,0,0,0,0,0,0,0,0,45.0,62.5,51.25,61.31
23.094798,72.485748,219.52,2047.54,6975.97,3037.35,10028.46,2323.93,10410.8,13953.51,8856.24,1691.62,4.88,Low,Unknown,Low,0,0,0,0,0,0,0,0,0,0,0,0,0,0,0,45.0,56.5,46.25,59.0
23.13362,72.507943,246.2,2146.95,2506.22,7486.13,7354.32,7612.7,11607.1,14296.64,9341.61,1582.65,5.68,Low,Unknown,Low,0,0,0,0,0,0,0,0,0,0,0,0,0,0,0,45.0,56.5,46.25,57.59
22.330865,72.502303,4764.87,14623.58,139030.36,139859.79,141700.82,143653.87,150996.26,148064.96,138330.89,132310.32,-99999.0,Low,Unknown,Low,0,0,0,0,0,0,0,0,0,0,0,0,0,0,0,45.0,38.5,31.25,47.0
23.334499,72.226019,328.33,3851.95,72297.48,68743.2,76514.14,75492.68,77923.7,79801.75,71003.01,41804.46,3.53,Low,Unknown,Low,0,0,0,0,0,0,0,0,0,0,0,0,0,0,0,45.0,50.5,41.25,55.0
23.139872,72.720189,504.9,5466.84,9864.73,10366.79,18849.7,11009.86,26219.26,18921.12,1615.35,5195.64,-99999.0,Low,Unknown,Low,0,0,0,0,0,0,0,0,0,0,0,0,0,0,0,45.0,44.5,45.28,51.0
22.825741,72.474826,735.53,1743.77,34390.24,30703.83,40040.7,38767.06,41795.13,41355.24,29152.09,26337.73,4.05,Low,Unknown,Low,0,0,0,0,0,0,0,0,0,0,0,0,0,0,0,45.0,44.5,36.25,51.0
23.356831,72.236495,638.08,8745.38,73915.05,71136.77,76792.0,76760.92,78331.07,82727.59,71666.58,42372.1,-99999.0,Low,Unknown,Low,0,0,0,0,0,0,0,0,0,0,0,0,0,0,0,45.0,44.5,36.25,51.0
22.774778,72.44097,698.38,698.38,46758.92,42527.89,51056.03,51625.09,53273.3,54294.82,40553.3,39449.43,15.1,Low,Unknown,Low,0,0,0,0,0,0,0,0,0,0,0,0,0,0,0,54.0,48.5,38.25,59.0
23.023317,72.494161,30.94,2314.73,2688.62,2664.93,2401.18,2462.23,5038.66,1055.57,6178.49,1826.61,81.71,Medium,Unknown,Low,0,0,0,0,0,0,0,0,0,0,0,0,0,0,0,64.72,79.37,67.14,90.11
23.291641,72.244094,323.83,5362.34,63827.71,59517.89,69746.79,66452.22,70958.95,70161.66,63736.77,35125.26,-99999.0,Low,Unknown,Low,0,0,0,0,0,0,0,0,0,0,0,0,0,0,0,45.0,50.5,41.25,55.0
22.296949,72.564978,10033.94,11677.91,144912.17,148446.49,147438.54,150533.64,158799.84,154965.27,143967.33,139817.55,-99999.0,Low,Unknown,Low,0,0,0,0,0,0,0,0,0,0,0,0,0,0,0,45.0,38.5,31.25,47.0
22.278819,72.36501,16528.94,27635.96,156892.65,152863.08,160164.46,160040.72,163593.47,163424.3,150889.36,147769.01,-99999.0,Low,Unknown,Low,0,0,0,0,0,0,0,0,0,0,0,0,0,0,0,45.0,38.5,31.25,47.0
22.959692,72.529014,1719.64,5119.66,7306.81,9895.05,11537.63,7546.32,12577.08,10037.79,5261.31,1437.38,-99999.0,Low,Unknown,Low,0,0,0,0,0,0,0,0,0,0,0,0,0,0,0,45.0,38.5,31.25,47.0
22.590223,72.796777,75.6,5400.7,87062.25,97239.05,88599.1,92488.74,105887.16,96248.35,85128.95,85765.8,-99999.0,Low,Unknown,Low,0,0,0,0,0,0,0,0,0,0,0,0,0,0,0,45.0,62.5,51.25,63.0
22.836668,72.472229,703.88,3997.73,32117.69,28326.21,37605.33,36683.83,39391.63,39326.6,26730.39,24549.03,1.79,Low,Unknown,Low,0,0,0,0,0,0,0,0,0,0,0,0,0,0,0,45.0,44.5,36.25,51.0
22.926512,72.259507,206.47,1317.08,45132.9,44980.71,43159.42,45800.36,46873.88,44662.81,42180.33,43080.46,-99999.0,Low,Unknown,Low,0,0,0,0,0,0,0,0,0,0,0,0,0,0,0,45.0,56.5,46.25,59.0
23.042135,72.711676,583.23,5101.76,6764.24,16871.79,14368.44,6727.28,15146.57,13660.38,13231.8,2045.73,-99999.0,Low,Unknown,Low,0,0,0,0,0,0,0,0,0,0,0,0,0,0,0,45.0,44.5,36.25,51.0
22.9811,72.661378,83.73,363.79,3532.66,8037.39,7130.15,3076.71,15410.77,8026.63,3683.26,0.0,50.91,Medium,Unknown,High,0,0,0,0,0,0,0,0,0,0,0,0,0,0,0,55.0,62.5,54.76,67.0
23.065008,72.329014,1075.5,6561.01,27255.84,25847.28,26992.36,28405.92,30343.19,25545.42,32293.46,25657.34,-99999.0,Low,Unknown,Low,0,0,0,0,0,0,0,0,0,0,0,0,0,0,0,45.0,38.5,31.25,47.0
22.741866,72.337096,46.29,5883.37,60277.66,56747.69,62815.15,65307.07,65877.13,67115.26,54086.21,55575.8,5.46,Low,Unknown,Low,0,0,0,0,0,0,0,0,0,0,0,0,0,0,0,45.0,62.5,51.25,63.0
22.606718,72.472099,1227.08,10770.9,81355.29,78818.28,84687.94,84463.67,89893.82,88121.38,77207.67,72376.8,-99999.0,Low,Unknown,Low,0,0,0,0,0,0,0,0,0,0,0,0,0,0,0,45.0,38.5,31.25,47.0
22.699188,72.257052,2250.62,2250.62,76658.64,73558.51,78409.82,81046.58,81746.04,82278.29,70730.32,72316.88,-99999.0,Low,Unknown,Low,0,0,0,0,0,0,0,0,0,0,0,0,0,0,0,45.0,38.5,31.25,47.0
22.712117,72.599065,414.58,414.58,52842.46,59019.4,55393.05,58493.82,68357.63,62892.28,51950.73,49540.72,-99999.0,Low,Unknown,Low,0,0,0,0,0,0,0,0,0,0,0,0,0,0,0,53.0,50.5,41.25,55.0
22.649161,72.291583,496.85,5286.01,82583.55,78996.82,85118.81,87621.66,88196.49,89374.97,76369.47,77840.55,1.83,Low,Unknown,Low,0,0,0,0,0,0,0,0,0,0,0,0,0,0,0,45.0,50.5,41.25,55.0
23.307582,72.24028,1021.53,1844.53,66468.2,62528.34,71637.88,69370.8,72935.39,73405.14,65834.63,36896.79,-99999.0,Low,Unknown,Low,0,0,0,0,0,0,0,0,0,0,0,0,0,0,0,45.0,38.5,31.25,47.0
23.198126,72.255938,539.67,539.67,52557.65,45269.93,54385.71,52749.86,58395.73,53388.67,56556.19,33402.86,-99999.0,Low,Unknown,Low,0,0,0,0,0,0,0,0,0,0,0,0,0,0,0,49.0,44.5,36.25,51.0
22.315877,72.643278,249.25,3389.86,140352.69,147156.74,142703.65,146299.62,156271.61,150411.02,139156.13,137304.1,-99999.0,Low,Unknown,Low,0,0,0,0,0,0,0,0,0,0,0,0,0,0,0,45.0,56.5,46.25,59.0
23.174123,72.533822,216.44,5355.99,8376.16,4454.25,8424.48,7992.84,8362.76,17281.7,856.63,348.01,-99999.0,Low,Unknown,Low,0,0,0,0,0,0,0,0,0,0,0,0,0,0,0,45.0,56.5,57.3,59.0
22.903758,72.536952,136.63,1711.11,17088.59,18114.52,21858.16,18241.91,24853.69,21654.52,17607.67,5887.9,5.5,Low,Unknown,Low,0,0,0,0,0,0,0,0,0,0,0,0,0,0,0,45.0,56.5,46.25,59.0
22.595575,72.273339,254.47,1861.63,94788.78,91136.83,97404.98,99894.25,100456.49,101684.17,88546.23,89993.55,5.49,Low,Unknown,Low,0,0,0,0,0,0,0,0,0,0,0,0,0,0,0,45.0,56.5,46.25,59.0
22.624318,72.599204,1225.82,5511.16,72129.59,78308.91,74639.45,77835.26,87386.5,82191.53,71165.14,68448.15,-99999.0,Low,Unknown,Low,0,0,0,0,0,0,0,0,0,0,0,0,0,0,0,45.0,38.5,31.25,47.0
23.100341,72.720855,507.02,912.67,11113.48,14777.41,14883.12,7971.68,20471.68,14112.69,6744.08,1941.21,-99999.0,Low,Unknown,Low,0,0,0,0,0,0,0,0,0,0,0,0,0,0,0,49.0,44.5,36.25,51.0
23.065273,72.781039,200.6,200.6,16597.77,28988.8,26934.22,20269.46,29406.13,25503.96,20766.33,7468.75,-99999.0,Low,Unknown,Low,0,0,0,0,0,0,0,0,0,0,0,0,0,0,0,57.0,56.5,46.25,59.0
22.920492,72.410988,338.69,4399.35,19217.15,16819.48,20999.91,23553.85,24201.52,25295.35,13809.48,15501.12,4.27,Low,Unknown,Low,0,0,0,0,0,0,0,0,0,0,0,0,0,0,0,45.0,50.5,41.25,55.0
22.893502,72.327643,788.19,5097.24,35820.55,34290.68,35766.69,38524.51,39427.51,38818.08,31282.59,32726.99,-99999.0,Low,Unknown,Low,0,0,0,0,0,0,0,0,0,0,0,0,0,0,0,45.0,44.5,36.25,51.0
22.988084,72.334547,16.81,3484.64,27015.93,27443.36,24575.33,26967.41,28092.58,25100.36,27194.09,25777.02,22.36,Low,Unknown,Low,0,0,0,0,0,0,0,0,0,0,0,0,0,0,0,50.0,66.5,53.25,71.0
22.329862,72.707224,325.31,8347.12,138320.05,146048.12,140497.56,144486.73,155802.89,148288.14,136919.94,137028.09,-99999.0,Low,Unknown,Low,0,0,0,0,0,0,0,0,0,0,0,0,0,0,0,45.0,50.5,41.25,55.0
22.641073,72.657563,121.81,5104.32,68619.77,76448.92,70850.96,74757.25,86570.58,78620.76,67280.83,68138.86,-99999.0,Low,Unknown,Low,0,0,0,0,0,0,0,0,0,0,0,0,0,0,0,45.0,56.5,46.25,59.0
22.88892,72.684333,504.4,1793.07,18352.42,28188.33,19232.59,22851.89,36126.56,26594.48,16056.15,16258.19,-99999.0,Low,Unknown,Low,0,0,0,0,0,0,0,0,0,0,0,0,0,0,0,45.0,44.5,36.25,51.0
23.214186,72.784728,592.4,3167.77,11059.75,25715.71,31093.49,26525.91,43049.53,39717.89,17300.06,19487.56,-99999.0,Low,Unknown,Low,0,0,0,0,0,0,0,0,0,0,0,0,0,0,0,45.0,44.5,36.25,51.0
23.182112,72.568144,344.56,344.56,1906.74,2432.87,1513.86,1087.7,1905.51,17393.12,630.54,1369.99,-99999.0,Low,Residential,Low,0,0,0,0,0,0,0,0,0,0,0,0,0,0,0,57.5,62.13,57.9,57.1
22.971239,72.215752,144.44,144.44,50929.15,51103.48,48785.85,51140.31,52269.6,48991.52,50453.86,49956.61,-99999.0,Low,Unknown,Low,0,0,0,0,0,0,0,0,0,0,0,0,0,0,0,57.0,56.5,46.25,59.0
23.314901,72.697676,56.98,11429.23,29107.91,29663.73,28983.97,28926.76,38952.93,52530.7,36021.87,8670.18,-99999.0,Low,Unknown,Low,0,0,0,0,0,0,0,0,0,0,0,0,0,0,0,45.0,62.5,51.25,63.0
22.520937,72.30825,1990.84,1990.84,107483.46,103489.61,110720.7,113057.53,113504.07,115265.09,101128.91,101352.73,-99999.0,Low,Unknown,Low,0,0,0,0,0,0,0,0,0,0,0,0,0,0,0,45.0,38.5,31.25,47.0
23.043239,72.385391,552.06,2617.87,15150.74,14545.86,14864.92,16292.02,18061.31,13357.83,20904.84,13985.64,-99999.0,Low,Unknown,Low,0,0,0,0,0,0,0,0,0,0,0,0,0,0,0,45.0,44.5,36.25,51.0
22.60779,72.203663,1416.89,1416.89,99327.8,96126.07,101165.91,103796.07,104486.46,105041.97,93335.82,94901.05,3.17,Low,Unknown,Low,0,0,0,0,0,0,0,0,0,0,0,0,0,0,0,45.0,38.5,31.25,47.0
23.243835,72.539793,378.42,1972.63,16322.69,12613.17,14019.81,14026.22,16328.67,31422.0,14197.73,14386.45,-99999.0,Low,Unknown,Low,0,0,0,0,0,0,0,0,0,0,0,0,0,0,0,45.0,50.5,41.25,55.0
22.680941,72.285125,513.57,1776.88,77031.12,73622.53,79282.29,81838.82,82460.4,83409.6,70909.35,72429.7,4.19,Low,Unknown,Low,0,0,0,0,0,0,0,0,0,0,0,0,0,0,0,45.0,44.5,36.25,51.0
22.959806,72.218394,611.37,1354.6,51138.99,51417.75,48743.05,51167.79,52291.28,49208.95,49856.39,49777.26,2.93,Low,Unknown,Low,0,0,0,0,0,0,0,0,0,0,0,0,0,0,0,45.0,44.5,36.25,51.0
23.095334,72.32908,580.29,7077.45,29645.17,24897.6,29436.68,30774.84,33187.31,28177.34,33505.55,27482.72,27.03,Low,Unknown,Low,0,0,0,0,0,0,0,0,0,0,0,0,0,0,0,50.0,48.5,38.25,59.0
22.703799,72.404538,99.7,2086.6,63526.23,59324.02,67301.28,68838.98,69780.88,71528.17,57158.45,56657.91,-99999.0,Low,Unknown,Low,0,0,0,0,0,0,0,0,0,0,0,0,0,0,0,45.0,62.5,51.25,63.0
22.644064,72.632958,109.0,364.14,67633.0,74805.05,69992.43,73607.24,84547.73,77691.54,66451.68,65868.26,-99999.0,Low,Unknown,Low,0,0,0,0,0,0,0,0,0,0,0,0,0,0,0,53.0,56.5,46.25,59.0
23.132203,72.540556,138.79,138.79,741.44,1195.76,1109.41,1433.88,9772.48,8847.03,3065.22,1840.43,81.67,Medium,Grass,Low,0,0,0,0,0,0,0,0,0,0,0,1,0,0,0,71.5,76.57,54.66,79.55
22.301948,72.231565,1901.64,1901.64,158210.37,154213.57,161398.98,163757.03,164215.03,165900.81,151856.63,151674.94,-99999.0,Low,Unknown,Low,0,0,0,0,0,0,0,0,0,0,0,0,0,0,0,45.0,38.5,31.25,47.0
22.388892,72.570703,1099.71,3960.65,124484.78,128407.47,127016.88,130101.63,138504.92,134536.16,123550.39,119509.75,-99999.0,Low,Unknown,Low,0,0,0,0,0,0,0,0,0,0,0,0,0,0,0,45.0,38.5,31.25,47.0
23.008762,72.363262,551.02,2244.68,20106.84,20341.57,18398.78,20527.96,21660.34,18169.06,23340.87,20010.99,-99999.0,Low,Unknown,Low,0,0,0,0,0,0,0,0,0,0,0,0,0,0,0,45.0,44.5,36.25,51.0
22.994326,72.491397,244.5,1088.65,1975.12,2133.98,5827.08,4645.37,6511.39,7257.52,7273.32,1741.65,19.18,Low,Unknown,Low,0,0,0,0,0,0,0,0,0,0,0,0,0,0,0,50.0,60.5,48.25,64.07
22.730453,72.3639,1862.26,4735.94,60328.25,56505.21,63376.26,65747.25,66226.06,67895.06,54013.53,55394.05,-99999.0,Low,Unknown,Low,0,0,0,0,0,0,0,0,0,0,0,0,0,0,0,45.0,38.5,31.25,47.0
23.105932,72.268291,2292.13,12627.39,41698.28,37159.49,41466.28,42842.17,45051.86,40117.82,45888.06,39714.15,-99999.0,Low,Unknown,Low,0,0,0,0,0,0,0,0,0,0,0,0,0,0,0,45.0,38.5,31.25,47.0
22.715896,72.369948,2577.76,2577.76,62895.22,58971.63,66116.1,68441.38,68887.52,70698.44,56552.39,57886.15,-99999.0,Low,Unknown,Low,0,0,0,0,0,0,0,0,0,0,0,0,0,0,0,45.0,38.5,31.25,47.0
23.014184,72.49198,14.14,2159.14,3142.89,2050.94,3236.41,2328.01,4431.59,3095.21,8208.16,547.99,94.96,Medium,Unknown,Low,0,0,0,0,0,0,0,0,0,0,0,0,0,0,0,62.5,76.5,58.25,91.0
23.000559,72.22725,646.35,5352.25,47334.19,47263.39,45823.58,47979.87,49111.83,45398.34,48902.78,46877.39,-99999.0,Low,Unknown,Low,0,0,0,0,0,0,0,0,0,0,0,0,0,0,0,45.0,44.5,36.25,51.0
22.674316,72.559595,463.75,5243.52,62250.26,66103.06,65001.53,67121.97,75445.37,71980.52,61687.6,56441.05,-99999.0,Low,Unknown,Low,0,0,0,0,0,0,0,0,0,0,0,0,0,0,0,45.0,50.5,41.25,55.0
22.209225,72.380852,23519.59,37946.21,170744.06,167745.88,173820.46,174248.64,178569.19,177876.29,165845.92,162156.2,-99999.0,Low,Unknown,Low,0,0,0,0,0,0,0,0,0,0,0,0,0,0,0,45.0,38.5,31.25,47.0
22.453481,72.282341,701.07,3392.88,123233.99,119247.03,126435.6,128785.51,129239.85,130956.5,116881.36,116997.29,-99999.0,Low,Unknown,Low,0,0,0,0,0,0,0,0,0,0,0,0,0,0,0,45.0,44.5,36.25,51.0
22.506623,72.396873,1106.56,1106.56,106232.7,102145.42,110530.33,109968.22,112866.15,113019.61,100161.55,97477.61,-99999.0,Low,Unknown,Low,0,0,0,0,0,0,0,0,0,0,0,0,0,0,0,45.0,38.5,31.25,47.0
22.209276,72.648208,1786.99,3369.88,164100.91,170584.52,166448.37,170047.54,179891.56,174158.53,162899.33,160907.21,-99999.0,Low,Unknown,Low,0,0,0,0,0,0,0,0,0,0,0,0,0,0,0,45.0,38.5,31.25,47.0
22.410834,72.428124,4049.45,7080.39,125182.89,122405.27,128338.79,128580.42,133334.16,132233.8,120603.31,116501.73,-99999.0,Low,Unknown,Low,0,0,0,0,0,0,0,0,0,0,0,0,0,0,0,45.0,38.5,31.25,47.0
23.044406,72.500157,132.3,2606.79,2797.17,1056.24,1311.35,1031.16,8519.19,3705.12,1495.68,1570.83,92.0,Medium,Residential,Low,0,0,0,0,0,1,0,0,0,0,0,0,0,0,0,67.0,83.11,67.59,91.42
23.200025,72.68372,28.78,4160.53,5242.52,5773.59,10494.75,9874.07,22460.24,27438.63,11989.08,2494.65,-99999.0,Low,Forest,Low,0,0,0,0,0,0,0,0,0,0,0,0,0,0,0,42.0,59.5,47.5,62.0
22.286491,72.717059,2381.14,17547.74,148159.61,155915.95,150326.13,154335.81,165666.97,158119.75,146747.69,146884.51,-99999.0,Low,Unknown,Low,0,0,0,0,0,0,0,0,0,0,0,0,0,0,0,45.0,38.5,31.25,47.0
22.250763,72.211245,1347.08,3121.05,170240.29,166250.49,173406.26,175771.74,176234.55,177894.79,163888.17,163697.81,-99999.0,Low,Unknown,Low,0,0,0,0,0,0,0,0,0,0,0,0,0,0,0,45.0,38.5,31.25,47.0
23.305395,72.717266,206.05,9921.36,27257.49,28945.71,29296.07,29209.2,40092.82,51349.04,33442.92,7339.01,-99999.0,Low,Unknown,Low,0,0,0,0,0,0,0,0,0,0,0,0,0,0,0,45.0,56.5,46.25,59.0
22.890911,72.54404,5.15,5.15,18546.7,20331.25,23375.06,20374.86,27772.14,24372.5,20604.39,8773.72,-99999.0,Low,Unknown,Low,0,0,0,0,0,0,0,0,0,0,0,0,0,0,0,61.0,62.5,51.25,63.0
23.051399,72.450616,107.3,5867.47,3670.77,2483.94,4542.68,5333.61,8519.8,4545.3,7669.65,1436.31,6.7,Low,Unknown,Low,0,0,0,0,0,0,0,0,0,0,0,0,0,0,0,45.0,56.5,46.25,59.0
22.338208,72.212514,1657.09,3932.44,151890.97,147996.51,154879.03,157290.17,157787.38,159294.22,145561.99,146092.1,-99999.0,Low,Unknown,Low,0,0,0,0,0,0,0,0,0,0,0,0,0,0,0,45.0,38.5,31.25,47.0
22.589722,72.680793,2140.9,2183.74,80470.82,88607.79,82614.23,86689.93,98831.91,90411.29,79035.12,80147.19,-99999.0,Low,Unknown,Low,0,0,0,0,0,0,0,0,0,0,0,0,0,0,0,45.0,38.5,31.25,47.0
22.94175,72.699216,156.36,1322.92,12803.77,19589.98,14253.13,13412.6,26432.61,19242.51,13047.11,7956.24,4.3,Low,Unknown,Low,0,0,0,0,0,0,0,0,0,0,0,0,0,0,0,45.0,56.5,46.25,59.0
23.303724,72.252878,1099.98,2485.83,63965.93,60218.63,68993.41,66998.7,70295.84,71298.18,63207.1,34250.3,-99999.0,Low,Unknown,Low,0,0,0,0,0,0,0,0,0,0,0,0,0,0,0,45.0,38.5,31.25,47.0
23.213381,72.34599,698.57,3733.87,37483.42,33245.18,43890.93,40008.73,46766.14,44939.79,39154.41,15543.94,-99999.0,Low,Unknown,Low,0,0,0,0,0,0,0,0,0,0,0,0,0,0,0,45.0,44.5,36.25,51.0
22.906646,72.514378,684.14,1720.92,16477.11,14929.75,23032.19,19515.84,24396.93,21969.65,15100.86,7076.94,2.13,Low,Unknown,Low,0,0,0,0,0,0,0,0,0,0,0,0,0,0,0,45.0,44.5,36.25,51.0
22.67492,72.386165,2388.91,3331.85,70558.64,66422.53,74169.92,76132.7,76745.94,78839.89,64187.78,64013.39,-99999.0,Low,Unknown,Low,0,0,0,0,0,0,0,0,0,0,0,0,0,0,0,45.0,38.5,31.25,47.0
22.607416,72.399841,1529.48,2205.24,84436.24,80191.75,88412.24,89009.57,90810.49,91625.18,78133.15,76299.9,4.1,Low,Unknown,Low,0,0,0,0,0,0,0,0,0,0,0,0,0,0,0,45.0,38.5,31.25,47.0
22.401759,72.50629,159.73,159.73,123403.62,124214.05,126126.76,127947.6,135363.92,132342.68,122744.88,116587.96,-99999.0,Low,Unknown,Low,0,0,0,0,0,0,0,0,0,0,0,0,0,0,0,57.0,56.5,46.25,59.0
22.336832,72.505971,3937.27,13104.46,137607.79,138572.23,140264.62,142267.45,149715.34,146704.31,136890.35,130954.1,-99999.0,Low,Unknown,Low,0,0,0,0,0,0,0,0,0,0,0,0,0,0,0,45.0,38.5,31.25,47.0
23.287107,72.409625,201.47,1345.39,40522.96,39275.06,39353.9,39327.94,41058.32,51546.31,34986.64,8219.63,-99999.0,Low,Unknown,Low,0,0,0,0,0,0,0,0,0,0,0,0,0,0,0,45.0,56.5,46.25,59.0
23.072855,72.691369,488.65,734.91,5963.12,14568.97,8781.88,3557.73,12265.61,7257.69,8767.12,2232.28,6.16,Low,Unknown,Low,0,0,0,0,0,0,0,0,0,0,0,0,0,0,0,49.0,50.5,41.25,55.0
23.178044,72.341761,164.42,6364.23,34881.53,28498.07,39502.59,35762.31,43583.84,38797.03,39222.53,21019.38,-99999.0,Low,Unknown,Low,0,0,0,0,0,0,0,0,0,0,0,0,0,0,0,45.0,56.5,46.25,59.0
22.375733,72.318363,7884.19,13186.37,137819.6,133628.38,141441.38,142579.7,144030.04,145309.76,131449.52,129940.31,-99999.0,Low,Unknown,Low,0,0,0,0,0,0,0,0,0,0,0,0,0,0,0,45.0,38.5,31.25,47.0
22.922879,72.656129,420.82,4983.9,8990.88,19407.71,9880.82,13695.23,27641.56,17455.99,6651.29,6978.54,24.82,Low,Unknown,Low,0,0,0,0,0,0,0,0,0,0,0,0,0,0,0,50.0,54.5,43.25,63.0
22.986611,72.306288,1733.11,5909.71,32494.18,32796.04,30247.16,32601.14,33729.74,30564.23,32699.61,31482.69,3.0,Low,Unknown,Low,0,0,0,0,0,0,0,0,0,0,0,0,0,0,0,45.0,38.5,31.25,47.0
23.127418,72.49647,172.83,2573.37,1943.78,9565.03,9572.67,9550.48,11899.99,15852.2,11825.86,763.13,20.49,Low,Unknown,Low,0,0,0,0,0,0,0,0,0,0,0,0,0,0,0,50.0,60.5,48.25,63.98
23.105335,72.655926,59.22,2203.79,2167.91,5243.47,4919.65,3467.2,13136.42,6171.89,6591.45,1171.2,-99999.0,Low,Residential,Low,0,0,0,0,0,0,0,0,0,0,0,0,0,0,0,49.5,67.0,56.25,65.62
22.738686,72.754493,981.41,5649.25,53792.85,64215.34,55102.27,58870.6,72002.73,62621.87,51720.73,52198.64,-99999.0,Low,Unknown,Low,0,0,0,0,0,0,0,0,0,0,0,0,0,0,0,45.0,44.5,36.25,51.0
22.87739,72.581179,1319.82,1319.82,17853.09,22518.33,21360.58,22487.74,32293.01,27257.64,18651.34,14552.25,-99999.0,Low,Unknown,Low,0,0,0,0,0,0,0,0,0,0,0,0,0,0,0,45.0,38.5,31.25,47.0
22.949426,72.718548,336.06,1297.83,13698.16,21268.28,17674.65,14575.44,27158.15,21544.82,14347.65,7625.23,18.8,Low,Unknown,Low,0,0,0,0,0,0,0,0,0,0,0,0,0,0,0,50.0,54.5,43.25,63.0
22.952661,72.290574,330.93,3692.3,37636.05,37979.12,35194.24,37773.29,38867.98,36406.81,35337.18,35896.06,3.4,Low,Unknown,Low,0,0,0,0,0,0,0,0,0,0,0,0,0,0,0,45.0,50.5,41.25,55.0
22.281944,72.465325,12805.7,27660.95,151033.04,150586.58,153836.86,155300.97,161645.15,159461.7,148942.38,143684.23,-99999.0,Low,Unknown,Low,0,0,0,0,0,0,0,0,0,0,0,0,0,0,0,45.0,38.5,31.25,47.0
22.563385,72.364804,2045.59,2045.59,95402.35,91217.42,99060.49,100538.62,101620.2,103159.09,89032.32,87977.76,-99999.0,Low,Unknown,Low,0,0,0,0,0,0,0,0,0,0,0,0,0,0,0,45.0,38.5,31.25,47.0
22.267407,72.504402,17705.5,25320.85,152867.15,153940.05,155496.85,157635.87,165074.84,162099.24,152103.87,146351.49,-99999.0,Low,Unknown,Low,0,0,0,0,0,0,0,0,0,0,0,0,0,0,0,45.0,38.5,31.25,47.0
22.572489,72.471148,1661.83,3371.36,88527.61,86359.36,91773.5,91844.31,97431.5,95591.07,84741.79,79834.54,-99999.0,Low,Unknown,Low,0,0,0,0,0,0,0,0,0,0,0,0,0,0,0,45.0,38.5,31.25,47.0
22.268268,72.699018,3888.46,18640.34,151740.37,159230.01,153959.54,157858.81,168792.09,161737.11,150385.79,149933.3,-99999.0,Low,Unknown,Low,0,0,0,0,0,0,0,0,0,0,0,0,0,0,0,45.0,38.5,31.25,47.0
22.292077,72.71855,1157.04,16726.92,146968.52,154756.56,149128.96,153151.11,164531.46,156924.03,145550.17,145760.45,-99999.0,Low,Unknown,Low,0,0,0,0,0,0,0,0,0,0,0,0,0,0,0,45.0,38.5,31.25,47.0
23.226352,72.569005,7.91,2529.63,10946.55,5974.56,8548.06,8510.89,10957.8,27022.06,9481.4,9118.32,-99999.0,Low,Unknown,Low,0,0,0,0,0,0,0,0,0,0,0,0,0,0,0,45.0,62.5,51.25,63.0
22.808481,72.477627,183.76,1030.67,38058.63,34481.33,43863.19,42212.5,45593.64,44730.36,32966.56,29456.97,2.34,Low,Unknown,Low,0,0,0,0,0,0,0,0,0,0,0,0,0,0,0,45.0,56.5,46.25,59.0
22.86518,72.675091,1354.28,3989.13,21563.93,32571.29,23003.47,26923.03,40779.68,30685.95,19545.29,20189.79,-99999.0,Low,Unknown,Low,0,0,0,0,0,0,0,0,0,0,0,0,0,0,0,45.0,38.5,31.25,47.0
23.275052,72.46984,210.25,2307.37,30157.76,27800.31,28199.79,28184.08,30157.98,42666.65,25196.06,10801.78,-99999.0,Low,Unknown,Low,0,0,0,0,0,0,0,0,0,0,0,0,0,0,0,45.0,56.5,46.25,59.0
23.171779,72.591102,937.51,1105.67,1393.64,1945.57,4946.34,3966.53,3341.61,15603.56,5767.65,1949.27,-99999.0,Low,Unknown,Low,0,0,0,0,0,0,0,0,0,0,0,0,0,0,0,45.0,44.5,36.25,46.41
22.585832,72.485377,706.59,6890.25,84828.3,83432.91,88010.76,88357.52,94554.59,92259.63,81906.36,76486.08,-99999.0,Low,Unknown,Low,0,0,0,0,0,0,0,0,0,0,0,0,0,0,0,45.0,44.5,36.25,51.0
22.381033,72.237124,766.42,766.42,141310.0,137389.37,144359.32,146753.33,147238.34,148806.15,134973.46,135398.24,6.96,Low,Unknown,Low,0,0,0,0,0,0,0,0,0,0,0,0,0,0,0,49.0,44.5,36.25,51.0
22.324202,72.739476,2440.54,11269.25,140569.63,148706.81,142656.98,146761.94,158726.25,150463.96,139076.6,140089.42,-99999.0,Low,Unknown,Low,0,0,0,0,0,0,0,0,0,0,0,0,0,0,0,45.0,38.5,31.25,47.0
22.612125,72.628589,1040.63,1040.63,74662.27,81632.79,77044.1,80595.53,91189.19,84726.61,73509.95,72400.8,-99999.0,Low,Unknown,Low,0,0,0,0,0,0,0,0,0,0,0,0,0,0,0,45.0,38.5,31.25,47.0
22.805459,72.303535,417.64,6814.84,52460.08,49791.21,53716.91,56403.34,57164.23,57397.81,46847.86,48500.58,-99999.0,Low,Unknown,Low,0,0,0,0,0,0,0,0,0,0,0,0,0,0,0,45.0,50.5,41.25,55.0
22.497292,72.462655,610.21,610.21,104858.34,102970.74,107987.49,108417.47,114014.76,112243.41,101308.49,96479.98,-99999.0,Low,Unknown,Low,0,0,0,0,0,0,0,0,0,0,0,0,0,0,0,49.0,44.5,36.25,51.0
22.727306,72.513649,1553.19,5399.54,53551.56,52809.73,56980.56,56702.53,63615.44,60653.7,51639.74,44875.93,3.36,Low,Unknown,Low,0,0,0,0,0,0,0,0,0,0,0,0,0,0,0,45.0,38.5,31.25,47.0
22.390495,72.423711,597.65,11070.45,129746.38,126957.12,132889.9,133163.87,137874.69,136817.72,125143.54,121086.37,-99999.0,Low,Unknown,Low,0,0,0,0,0,0,0,0,0,0,0,0,0,0,0,45.0,44.5,36.25,51.0
22.539472,72.445262,663.71,4936.34,97153.32,93840.31,100477.95,100175.7,104806.3,103689.0,92079.38,87981.52,-99999.0,Low,Unknown,Low,0,0,0,0,0,0,0,0,0,0,0,0,0,0,0,45.0,44.5,36.25,51.0
22.606041,72.558732,276.62,7595.85,77123.29,80712.19,79768.28,82165.07,90437.28,86924.21,76399.04,71438.88,-99999.0,Low,Unknown,Low,0,0,0,0,0,0,0,0,0,0,0,0,0,0,0,45.0,56.5,46.25,59.0
23.147072,72.588383,50.66,176.73,3197.46,6717.27,9285.08,5469.97,6910.91,10221.48,7224.4,295.23,-99999.0,Low,Unknown,Low,0,0,0,0,0,0,0,0,0,0,0,0,0,0,0,57.0,62.5,51.25,63.0
22.279094,72.256704,4275.04,8864.79,161590.63,157499.9,164973.87,166993.31,167693.49,169556.6,155223.13,154357.91,-99999.0,Low,Unknown,Low,0,0,0,0,0,0,0,0,0,0,0,0,0,0,0,45.0,38.5,31.25,47.0
23.014055,72.370488,278.76,2480.8,18416.64,18577.19,16992.85,19010.46,20139.5,16476.45,22655.65,18274.84,2.59,Low,Unknown,Low,0,0,0,0,0,0,0,0,0,0,0,0,0,0,0,45.0,56.5,46.25,59.0
23.06848,72.593938,40.77,946.94,2074.75,2732.31,3170.91,2219.18,4626.49,3682.28,1243.61,101.9,49.84,Low,Residential,High,0,0,0,0,0,0,0,0,0,0,0,0,0,0,0,55.5,67.0,66.27,69.36
23.287611,72.723968,718.89,7235.73,23657.77,26039.27,27170.01,27060.44,38528.53,47974.31,29489.5,5327.69,-99999.0,Low,Unknown,Low,0,0,0,0,0,0,0,0,0,0,0,0,0,0,0,45.0,44.5,36.25,51.0
22.600034,72.549644,1284.51,9072.97,78732.2,81651.6,81428.66,83570.31,91653.68,88308.19,78083.97,72672.72,-99999.0,Low,Unknown,Low,0,0,0,0,0,0,0,0,0,0,0,0,0,0,0,45.0,38.5,31.25,47.0
22.369714,72.409892,3785.72,16400.83,134972.24,131786.67,138146.73,138283.75,142656.57,141854.49,129927.15,126142.59,-99999.0,Low,Unknown,Low,0,0,0,0,0,0,0,0,0,0,0,0,0,0,0,45.0,38.5,31.25,47.0
23.361236,72.619088,62.64,62.64,36735.57,35225.4,35914.85,35969.31,41169.91,57190.68,40265.07,24472.42,-99999.0,Low,Unknown,Low,0,0,0,0,0,0,0,0,0,0,0,0,0,0,0,61.0,62.5,51.25,63.0
22.67035,72.557025,1101.29,4301.2,63201.48,66819.3,65971.5,68017.22,76275.2,72842.21,62664.03,57273.23,-99999.0,Low,Unknown,Low,0,0,0,0,0,0,0,0,0,0,0,0,0,0,0,45.0,38.5,31.25,47.0
23.325603,72.385749,559.37,5109.48,49969.55,47882.11,48125.05,48104.82,49968.23,61055.25,44258.52,17442.68,-99999.0,Low,Unknown,Low,0,0,0,0,0,0,0,0,0,0,0,0,0,0,0,45.0,44.5,36.25,51.0
22.652015,72.674997,1104.71,5229.71,66684.39,75019.52,68808.68,72924.53,85440.89,76608.73,65228.96,66332.97,-99999.0,Low,Unknown,Low,0,0,0,0,0,0,0,0,0,0,0,0,0,0,0,45.0,38.5,31.25,47.0
23.175822,72.60207,1626.43,1864.14,2637.58,3665.89,4942.86,4567.47,5399.97,17006.41,7599.06,1973.96,-99999.0,Low,Unknown,Low,0,0,0,0,0,0,0,0,0,0,0,0,0,0,0,45.0,38.5,31.25,45.96
23.194751,72.643265,386.28,386.28,1058.72,2932.69,2346.26,2138.91,14274.9,24392.55,8502.31,1434.14,-99999.0,Low,Forest,Low,0,0,0,0,0,0,0,0,0,0,0,0,0,0,0,50.0,50.64,37.5,48.45
23.022497,72.515836,303.24,1888.61,808.39,1251.92,1835.08,1770.21,3160.4,1793.36,6239.73,1346.48,126.84,High,Unknown,Low,0,0,0,0,0,0,0,0,0,0,0,4,0,0,0,62.99,70.09,50.19,76.74
22.97523,72.454044,456.22,2739.2,4653.32,5249.52,7124.48,9206.99,9648.42,12055.7,4236.82,3158.31,-99999.0,Low,Residential,Low,0,0,0,0,0,0,0,0,0,0,0,0,0,0,0,49.5,55.0,48.29,60.0
22.634194,72.417559,1009.88,1009.88,77882.74,73753.96,82180.73,82182.11,84481.93,84899.48,71772.33,69509.72,-99999.0,Low,Unknown,Low,0,0,0,0,0,0,0,0,0,0,0,0,0,0,0,45.0,38.5,31.25,47.0
22.416316,72.328516,6926.75,8362.27,128629.56,124438.67,132258.73,133480.52,134841.86,136159.24,122259.52,120816.48,-99999.0,Low,Unknown,Low,0,0,0,0,0,0,0,0,0,0,0,0,0,0,0,45.0,38.5,31.25,47.0
23.337202,72.491763,757.62,12694.81,38766.77,34605.27,36451.08,36459.69,38772.83,53463.5,35940.96,24120.21,-99999.0,Low,Unknown,Low,0,0,0,0,0,0,0,0,0,0,0,0,0,0,0,45.0,44.5,36.25,51.0
22.471852,72.282539,2241.22,2241.22,119380.88,115419.73,122535.49,124897.86,125361.39,127038.42,113033.64,113359.0,-99999.0,Low,Unknown,Low,0,0,0,0,0,0,0,0,0,0,0,0,0,0,0,45.0,38.5,31.25,47.0
22.292598,72.706657,1751.13,15183.85,146536.26,154172.9,148728.32,152685.86,163846.8,156514.85,145151.83,145032.48,-99999.0,Low,Unknown,Low,0,0,0,0,0,0,0,0,0,0,0,0,0,0,0,45.0,38.5,31.25,47.0
22.321369,72.662525,232.88,4634.21,139323.25,146411.76,141624.57,145341.67,155728.49,149363.72,138064.62,136802.32,-99999.0,Low,Unknown,Low,0,0,0,0,0,0,0,0,0,0,0,0,0,0,0,45.0,56.5,46.25,59.0
23.202144,72.730209,458.73,2246.02,6304.41,14407.87,19886.09,15834.05,31745.28,31191.35,10811.41,9495.82,-99999.0,Low,Unknown,Low,0,0,0,0,0,0,0,0,0,0,0,0,0,0,0,45.0,50.5,41.25,55.0
22.245297,72.402059,18914.34,37886.69,161880.44,159354.79,164916.89,165513.66,170237.64,169240.92,157507.58,153499.68,-99999.0,Low,Unknown,Low,0,0,0,0,0,0,0,0,0,0,0,0,0,0,0,45.0,38.5,31.25,47.0
23.119569,72.278629,3414.98,15498.38,41063.44,35376.97,40854.61,42192.89,44589.91,39587.85,44763.09,38767.4,-99999.0,Low,Unknown,Low,0,0,0,0,0,0,0,0,0,0,0,0,0,0,0,45.0,38.5,31.25,47.0
22.652064,72.297348,735.48,4733.6,81498.48,77883.83,84086.16,86577.51,87143.1,88368.59,75271.02,76732.44,-99999.0,Low,Unknown,Low,0,0,0,0,0,0,0,0,0,0,0,0,0,0,0,45.0,44.5,36.25,51.0
23.197614,72.662659,941.73,1506.73,4981.22,3218.29,6224.76,6022.82,18210.54,26357.61,9533.89,0.0,-99999.0,Low,Unknown,High,0,0,0,0,0,0,0,0,0,0,0,0,0,0,0,37.0,36.5,32.25,39.0
23.170852,72.299323,242.43,9423.06,42562.27,34815.13,43985.03,42321.07,48016.74,43031.25,46046.71,28437.73,-99999.0,Low,Unknown,Low,0,0,0,0,0,0,0,0,0,0,0,0,0,0,0,45.0,56.5,46.25,59.0
22.725208,72.446515,120.04,807.93,57107.35,53125.66,61882.69,61490.87,64003.62,64062.57,51272.45,48738.32,80.37,Medium,Unknown,Low,0,0,0,0,0,0,0,0,0,0,0,0,0,0,0,66.5,70.5,53.25,87.0
23.011636,72.342518,54.33,54.33,24044.75,24113.54,22594.03,24664.21,25794.47,22105.0,27366.86,23820.94,34.14,Low,Unknown,Low,0,0,0,0,0,0,0,0,0,0,0,0,0,0,0,66.0,66.5,53.25,71.0
22.733038,72.370957,3319.42,3548.78,59289.16,55415.41,62435.25,64779.1,65239.12,66994.9,52958.8,54316.36,-99999.0,Low,Unknown,Low,0,0,0,0,0,0,0,0,0,0,0,0,0,0,0,45.0,38.5,31.25,47.0
23.098244,72.469357,27.81,5416.03,8839.29,3358.56,12007.28,4809.37,13792.31,14041.61,10841.27,2899.53,-99999.0,Low,Unknown,Low,0,0,0,0,0,0,0,0,0,0,0,0,0,0,0,45.0,62.5,51.25,63.0
22.840813,72.385681,541.4,1706.93,36525.83,33149.99,39055.64,41524.21,42085.42,43445.38,30403.33,31939.56,4.99,Low,Unknown,Low,0,0,0,0,0,0,0,0,0,0,0,0,0,0,0,45.0,44.5,36.25,51.0
23.170349,72.481409,528.48,11734.01,11401.93,13063.75,15585.65,15734.89,18940.85,23238.26,11273.05,1347.22,-99999.0,Low,Unknown,Low,0,0,0,0,0,0,0,0,0,0,0,0,0,0,0,45.0,44.5,36.25,51.0
23.202136,72.420705,15.95,3963.7,24167.42,23855.52,29556.77,28977.3,31584.71,37123.31,23991.56,7494.0,-99999.0,Low,Unknown,Low,0,0,0,0,0,0,0,0,0,0,0,0,0,0,0,45.0,62.5,51.25,63.0
23.336556,72.790664,215.33,1941.01,35785.79,42384.15,44211.2,44091.8,55677.82,62848.13,41917.05,22437.97,-99999.0,Low,Unknown,Low,0,0,0,0,0,0,0,0,0,0,0,0,0,0,0,45.0,56.5,46.25,59.0
22.754016,72.369063,488.81,5347.14,55145.38,51374.19,58130.99,60514.47,61003.83,62635.79,48847.0,50250.15,-99999.0,Low,Unknown,Low,0,0,0,0,0,0,0,0,0,0,0,0,0,0,0,45.0,50.5,41.25,55.0
22.658247,72.516476,106.9,3550.02,67716.53,67948.58,70856.07,71526.29,78768.68,75720.51,66698.43,59953.85,3.06,Low,Unknown,Low,0,0,0,0,0,0,0,0,0,0,0,0,0,0,0,45.0,56.5,46.25,59.0
23.359522,72.690135,237.03,9368.43,37802.97,38604.44,37364.84,37339.18,46079.22,60686.29,45134.27,18440.58,-99999.0,Low,Unknown,Low,0,0,0,0,0,0,0,0,0,0,0,0,0,0,0,45.0,56.5,46.25,59.0
23.161511,72.283039,556.93,9312.28,44908.33,36921.2,45118.6,44471.14,49087.37,44060.32,47742.6,32267.66,-99999.0,Low,Unknown,Low,0,0,0,0,0,0,0,0,0,0,0,0,0,0,0,45.0,44.5,36.25,51.0
22.500004,72.584707,27.48,71.82,99733.14,104727.19,102255.54,105385.93,114225.54,109789.45,98785.01,95221.3,-99999.0,Low,Unknown,Low,0,0,0,0,0,0,0,0,0,0,0,0,0,0,0,61.0,62.5,51.25,63.0
23.24894,72.532724,151.27,1443.75,17959.9,14402.6,15690.47,15693.79,17965.11,32807.89,15640.57,15616.14,-99999.0,Low,Unknown,Low,0,0,0,0,0,0,0,0,0,0,0,0,0,0,0,45.0,56.5,46.25,59.0
22.323108,72.707535,293.13,9749.5,139818.96,147535.33,141998.07,145983.64,157278.64,149788.23,138420.56,138497.71,-99999.0,Low,Unknown,Low,0,0,0,0,0,0,0,0,0,0,0,0,0,0,0,45.0,56.5,46.25,59.0
23.221399,72.371038,1477.77,1477.77,34375.99,31722.95,40237.35,37948.03,42192.18,44452.62,34687.47,10365.36,-99999.0,Low,Unknown,Low,0,0,0,0,0,0,0,0,0,0,0,0,0,0,0,45.0,38.5,31.25,47.0
23.11574,72.363675,744.75,954.44,25951.46,18415.12,26379.38,25923.73,30417.9,25448.44,28761.94,22600.4,-99999.0,Low,Unknown,Low,0,0,0,0,0,0,0,0,0,0,0,0,0,0,0,49.0,44.5,36.25,51.0
23.286367,72.288409,2066.23,2677.41,56079.64,52770.35,61028.21,59388.64,62304.13,64353.49,55189.63,26317.75,-99999.0,Low,Unknown,Low,0,0,0,0,0,0,0,0,0,0,0,0,0,0,0,45.0,38.5,31.25,47.0
22.724967,72.767848,849.24,3094.36,57783.27,68064.53,59049.01,62781.5,75785.89,66528.85,55689.18,56129.93,-99999.0,Low,Unknown,Low,0,0,0,0,0,0,0,0,0,0,0,0,0,0,0,45.0,44.5,36.25,51.0
22.466446,72.470677,1283.53,6311.52,110970.5,109751.53,113994.72,114791.93,120822.84,118763.73,108129.59,102988.6,-99999.0,Low,Unknown,Low,0,0,0,0,0,0,0,0,0,0,0,0,0,0,0,45.0,38.5,31.25,47.0
22.619502,72.216002,2708.99,2708.99,95812.0,92587.09,97697.32,100319.83,101002.49,101603.95,89804.59,91365.31,-99999.0,Low,Unknown,Low,0,0,0,0,0,0,0,0,0,0,0,0,0,0,0,45.0,38.5,31.25,47.0
22.263908,72.501204,18512.2,25251.78,153736.21,154689.86,156370.11,158464.99,165819.24,162906.9,152981.03,147155.32,-99999.0,Low,Unknown,Low,0,0,0,0,0,0,0,0,0,0,0,0,0,0,0,45.0,38.5,31.25,47.0
22.482934,72.796715,68.97,890.67,109234.95,118750.89,110976.25,114963.5,128721.22,118724.43,107444.19,108230.42,-99999.0,Low,Unknown,Low,0,0,0,0,0,0,0,0,0,0,0,0,0,0,0,49.0,62.5,51.25,63.0
22.649895,72.216913,1016.14,1016.14,90170.56,87082.31,91852.07,94501.93,95214.42,95655.75,84253.04,85840.52,2.39,Low,Unknown,Low,0,0,0,0,0,0,0,0,0,0,0,0,0,0,0,45.0,38.5,31.25,47.0
23.316991,72.703506,407.36,12638.56,29567.93,30409.0,29938.36,29875.61,40053.52,53223.68,36273.83,9124.01,-99999.0,Low,Unknown,Low,0,0,0,0,0,0,0,0,0,0,0,0,0,0,0,45.0,50.5,41.25,55.0
22.979953,72.674828,31.18,2338.94,3192.93,10149.92,9387.2,3677.51,16707.98,10627.62,3751.32,1119.43,12.67,Low,Unknown,Low,0,0,0,0,0,0,0,0,0,0,0,0,0,0,0,50.0,66.5,56.58,71.0
22.36512,72.372128,10026.3,22109.07,137849.95,133774.72,141769.08,141269.66,144479.47,144513.02,131781.38,128902.68,-99999.0,Low,Unknown,Low,0,0,0,0,0,0,0,0,0,0,0,0,0,0,0,45.0,38.5,31.25,47.0
23.195714,72.617643,66.61,300.82,1124.51,2449.67,613.66,611.75,9519.93,22155.27,10614.48,1770.23,-99999.0,Low,Unknown,Low,0,0,5,0,1,1,0,0,0,0,0,0,0,0,5,53.0,75.29,51.25,57.64
22.366551,72.623322,486.82,2489.3,129018.66,135318.36,131418.53,134891.34,144535.54,139087.11,127887.19,125550.36,-99999.0,Low,Unknown,Low,0,0,0,0,0,0,0,0,0,0,0,0,0,0,0,45.0,50.5,41.25,55.0
22.738322,72.203151,48.73,11571.65,77058.63,74647.38,77765.21,80503.89,81344.93,81021.85,71669.92,73342.84,-99999.0,Low,Unknown,Low,0,0,0,0,0,0,0,0,0,0,0,0,0,0,0,45.0,62.5,51.25,63.0
22.295071,72.353554,16501.13,24003.14,153773.46,149667.43,157591.96,157204.17,160337.65,160461.18,147650.68,144849.15,-99999.0,Low,Unknown,Low,0,0,0,0,0,0,0,0,0,0,0,0,0,0,0,45.0,38.5,31.25,47.0
23.201956,72.529283,848.75,1591.63,10809.87,10159.88,9392.05,9352.22,10805.61,23220.12,5618.01,5606.15,-99999.0,Low,Unknown,Low,0,0,0,0,0,0,0,0,0,0,0,0,0,0,0,45.0,44.5,36.25,51.0
23.072682,72.516663,88.78,1452.14,597.92,2530.32,5790.13,2123.03,5189.96,6540.39,4249.15,1436.18,103.06,High,Unknown,Low,0,0,0,0,0,0,0,0,0,0,0,3,0,0,0,62.5,76.5,60.25,84.14
22.333424,72.372861,10912.6,25636.87,144716.14,140678.37,148256.98,147962.1,151408.62,151289.87,138704.03,135650.83,-99999.0,Low,Unknown,Low,0,0,0,0,0,0,0,0,0,0,0,0,0,0,0,45.0,38.5,31.25,47.0
22.561381,72.22865,2378.23,5933.9,105551.72,102041.47,107894.13,110441.51,111051.94,112028.15,99379.09,100871.21,-99999.0,Low,Unknown,Low,0,0,0,0,0,0,0,0,0,0,0,0,0,0,0,45.0,38.5,31.25,47.0
22.703791,72.676339,322.68,2656.18,55480.05,64217.11,57536.79,61640.92,74932.29,65344.63,53956.55,55014.75,-99999.0,Low,Unknown,Low,0,0,0,0,0,0,0,0,0,0,0,0,0,0,0,45.0,50.5,41.25,55.0
22.748536,72.266515,1293.92,4518.19,66834.11,63996.26,68229.91,70907.85,71655.74,71928.97,61093.51,62722.92,-99999.0,Low,Unknown,Low,0,0,0,0,0,0,0,0,0,0,0,0,0,0,0,45.0,38.5,31.25,47.0
23.286176,72.558043,368.37,4362.2,23221.41,18911.07,21730.42,21699.57,24144.56,40103.88,22503.58,22305.37,-99999.0,Low,Unknown,Low,0,0,0,0,0,0,0,0,0,0,0,0,0,0,0,45.0,50.5,41.25,55.0
22.219722,72.509225,18332.87,18332.87,163203.12,164563.28,165812.76,168119.5,175701.67,172638.05,162401.33,156899.5,-99999.0,Low,Unknown,Low,0,0,0,0,0,0,0,0,0,0,0,0,0,0,0,45.0,38.5,31.25,47.0
22.490326,72.286146,971.15,971.15,115294.54,111347.21,118427.19,120794.86,121262.53,122923.01,108950.33,109407.32,-99999.0,Low,Unknown,Low,0,0,0,0,0,0,0,0,0,0,0,0,0,0,0,49.0,44.5,36.25,51.0
22.715087,72.568886,2204.74,2844.81,53083.59,58041.4,55829.68,58098.0,66705.22,62829.65,52522.66,47713.09,-99999.0,Low,Unknown,Low,0,0,0,0,0,0,0,0,0,0,0,0,0,0,0,45.0,38.5,31.25,47.0
22.488677,72.449941,516.04,516.04,107442.12,104967.95,110627.35,110827.78,115965.27,114532.02,103243.68,98786.8,-99999.0,Low,Unknown,Low,0,0,0,0,0,0,0,0,0,0,0,0,0,0,0,49.0,44.5,36.25,51.0
22.997246,72.251368,337.21,8921.12,42667.12,42673.15,41010.3,43206.54,44339.27,40727.93,43999.89,42325.18,-99999.0,Low,Unknown,Low,0,0,0,0,0,0,0,0,0,0,0,0,0,0,0,45.0,50.5,41.25,55.0
23.369585,72.240608,749.96,11357.06,75251.14,72856.55,77433.01,77404.13,79037.77,84684.5,72520.67,43280.46,-99999.0,Low,Unknown,Low,0,0,0,0,0,0,0,0,0,0,0,0,0,0,0,45.0,44.5,36.25,51.0
22.831271,72.504397,594.28,594.28,32775.62,29974.37,38727.05,35444.74,41033.94,38440.36,28985.86,22827.29,-99999.0,Low,Unknown,Low,0,0,0,0,0,0,0,0,0,0,0,0,0,0,0,49.0,44.5,36.25,51.0
23.385998,72.532491,241.93,4242.05,45080.76,41161.75,43943.65,43920.66,46359.01,62150.71,44602.58,37447.85,-99999.0,Low,Unknown,Low,0,0,0,0,0,0,0,0,0,0,0,0,0,0,0,45.0,56.5,46.25,59.0
22.668544,72.482081,2704.84,7172.6,67949.14,65215.95,71410.75,70779.57,76334.63,74368.44,63689.17,58630.31,-99999.0,Low,Unknown,Low,0,0,0,0,0,0,0,0,0,0,0,0,0,0,0,45.0,38.5,31.25,47.0
22.962805,72.788624,713.94,7608.84,17419.64,32590.05,31694.67,25901.82,35951.75,33899.92,25345.14,11913.53,4.53,Low,Unknown,Low,0,0,0,0,0,0,0,0,0,0,0,0,0,0,0,45.0,44.5,36.25,51.0
22.50438,72.209745,109.27,6612.91,118448.96,114872.11,120884.64,123416.29,124012.04,125054.16,112243.89,113716.55,4.15,Low,Unknown,Low,0,0,0,0,0,0,0,0,0,0,0,0,0,0,0,45.0,56.5,46.25,59.0
23.146224,72.406881,155.19,5949.28,20319.75,14221.89,26975.33,21152.86,29115.48,26651.69,26338.73,16730.36,-99999.0,Low,Unknown,Low,0,0,0,0,0,0,0,0,0,0,0,0,0,0,0,45.0,56.5,46.25,59.0
23.079529,72.576954,91.25,2504.66,342.01,3136.71,319.31,2481.46,511.53,2452.24,1246.91,3157.23,160.7,High,Residential,Low,0,0,0,0,0,0,0,0,0,0,1,2,0,0,0,67.0,93.0,73.26,91.91
23.125802,72.641112,193.11,1788.18,4594.25,1060.95,9375.96,2257.46,14105.63,11048.29,5804.19,227.63,-99999.0,Low,Residential,Low,0,0,0,0,0,0,0,0,0,0,0,0,0,0,0,49.5,61.0,51.25,64.0
22.599022,72.226601,4456.74,4471.51,98523.31,95152.83,100642.84,103228.71,103874.95,104670.34,92427.13,93955.34,-99999.0,Low,Unknown,Low,0,0,0,0,0,0,0,0,0,0,0,0,0,0,0,45.0,38.5,31.25,47.0
22.855216,72.688105,934.74,7425.33,24787.86,35450.73,26080.01,29912.12,43489.01,33668.4,22688.89,23203.06,-99999.0,Low,Unknown,Low,0,0,0,0,0,0,0,0,0,0,0,0,0,0,0,45.0,44.5,36.25,51.0
22.410107,72.667486,1971.56,10111.1,119729.37,127049.26,121999.56,125794.17,136585.79,129754.7,118433.88,117735.39,-99999.0,Low,Unknown,Low,0,0,0,0,0,0,0,0,0,0,0,0,0,0,0,45.0,38.5,31.25,47.0
22.757547,72.617234,972.24,6900.31,42620.54,49619.95,45084.21,48472.49,59605.46,52691.19,41593.07,41239.62,-99999.0,Low,Unknown,Low,0,0,0,0,0,0,0,0,0,0,0,0,0,0,0,45.0,44.5,36.25,51.0
22.958083,72.686899,50.74,491.51,8511.02,15246.59,11052.05,9061.38,22094.25,15078.93,9107.5,4165.03,18.73,Low,Residential,Low,0,0,0,0,0,0,0,0,0,0,0,0,0,0,0,62.5,71.0,58.25,76.0
22.275721,72.665714,3113.89,13175.25,149500.41,156567.67,151800.67,155517.85,165842.33,159540.6,148240.3,146903.11,-99999.0,Low,Unknown,Low,0,0,0,0,0,0,0,0,0,0,0,0,0,0,0,45.0,38.5,31.25,47.0
22.749215,72.376066,92.24,3664.87,55604.58,51747.22,58741.73,61085.32,61546.38,63305.27,49278.12,50643.35,2.83,Low,Unknown,Low,0,0,0,0,0,0,0,0,0,0,0,0,0,0,0,45.0,62.5,51.25,63.0
22.252568,72.319682,10803.81,22823.87,164388.69,160156.45,168209.64,168214.08,170707.63,171306.11,158063.87,155762.4,-99999.0,Low,Unknown,Low,0,0,0,0,0,0,0,0,0,0,0,0,0,0,0,45.0,38.5,31.25,47.0
22.250287,72.760023,176.72,18563.97,157540.12,165722.88,159608.69,163708.82,175739.76,167417.21,156028.72,157062.93,-99999.0,Low,Unknown,Low,0,0,0,0,0,0,0,0,0,0,0,0,0,0,0,45.0,56.5,46.25,59.0
22.81846,72.793474,682.67,682.67,45139.34,52775.46,45530.52,46616.59,59566.64,52050.66,42760.03,37978.46,-99999.0,Low,Unknown,Low,0,0,0,0,0,0,0,0,0,0,0,0,0,0,0,49.0,44.5,36.25,51.0
22.851637,72.351988,72.8,2819.42,38417.47,35715.69,39913.62,42560.39,43278.9,43815.53,32770.3,34423.75,-99999.0,Low,Unknown,Low,0,0,0,0,0,0,0,0,0,0,0,0,0,0,0,45.0,62.5,51.25,63.0
23.103949,72.314662,746.05,10168.94,33080.84,27837.43,32874.97,34208.27,36634.99,31622.86,36825.39,30872.09,2.32,Low,Unknown,Low,0,0,0,0,0,0,0,0,0,0,0,0,0,0,0,45.0,44.5,36.25,51.0
22.628369,72.668505,316.36,7574.88,71664.18,79707.44,73843.75,77853.72,89930.53,81631.31,70267.38,71413.15,-99999.0,Low,Unknown,Low,0,0,0,0,0,0,0,0,0,0,0,0,0,0,0,45.0,50.5,41.25,55.0
23.238958,72.399155,211.33,4778.71,33000.9,32778.47,36720.87,36679.03,37916.64,45473.49,30767.85,3565.64,-99999.0,Low,Unknown,Low,0,0,0,0,0,0,0,0,0,0,0,0,0,0,0,45.0,56.5,46.25,59.0
22.34937,72.420812,4448.79,18636.15,138638.42,136068.69,141732.04,142170.06,146987.12,145876.64,134255.97,130136.42,-99999.0,Low,Unknown,Low,0,0,0,0,0,0,0,0,0,0,0,0,0,0,0,45.0,38.5,31.25,47.0
23.267384,72.645985,77.03,659.11,16363.58,16893.06,15682.45,15685.48,24405.96,38773.06,24277.96,6935.92,-99999.0,Low,Unknown,Low,0,0,0,0,0,0,0,0,0,0,0,0,0,0,0,49.0,62.5,51.25,63.0
23.273565,72.431987,33.64,970.33,35712.06,34081.89,33998.8,33972.87,35709.44,46481.22,29723.51,6289.24,-99999.0,Low,Unknown,Low,0,0,0,0,0,0,0,0,0,0,0,0,0,0,0,49.0,62.5,51.25,63.0
23.368468,72.497722,431.12,11267.34,44542.91,39967.67,42176.6,42185.25,44550.47,59673.65,42296.64,30557.41,-99999.0,Low,Unknown,Low,0,0,0,0,0,0,0,0,0,0,0,0,0,0,0,45.0,50.5,41.25,55.0
22.797028,72.754586,1066.06,3361.91,43074.88,52519.57,44009.03,47015.67,60027.02,51226.78,40825.9,40874.85,-99999.0,Low,Unknown,Low,0,0,0,0,0,0,0,0,0,0,0,0,0,0,0,45.0,38.5,31.25,47.0
22.823131,72.680689,261.81,11199.59,30423.3,40797.26,32092.12,36087.08,50078.03,39845.64,28566.85,29358.36,-99999.0,Low,Unknown,Low,0,0,0,0,0,0,0,0,0,0,0,0,0,0,0,45.0,56.5,46.25,59.0
23.072498,72.247356,1139.46,4241.38,43616.2,41654.33,43339.01,44762.63,46499.83,41846.72,48788.11,42134.28,1.4,Low,Unknown,Low,0,0,0,0,0,0,0,0,0,0,0,0,0,0,0,45.0,38.5,31.25,47.0
22.922944,72.693405,86.91,86.91,15349.12,22240.62,15066.83,16669.0,29651.71,21317.84,12884.53,11957.49,5.03,Low,Unknown,Low,0,0,0,0,0,0,0,0,0,0,0,0,0,0,0,61.0,62.5,51.25,63.0
22.854569,72.392727,179.46,2137.12,33202.58,29863.53,35737.53,38198.7,38756.58,40150.83,27097.58,28644.49,-99999.0,Low,Unknown,Low,0,0,0,0,0,0,0,0,0,0,0,0,0,0,0,45.0,56.5,46.25,59.0
22.296083,72.596552,4412.15,7751.4,144748.35,149592.1,147208.26,150508.04,159457.41,154817.91,143701.2,140452.57,-99999.0,Low,Unknown,Low,0,0,0,0,0,0,0,0,0,0,0,0,0,0,0,45.0,38.5,31.25,47.0
22.567795,72.561573,1042.99,6398.64,85365.57,89097.05,87981.29,90584.15,98896.01,95249.15,84582.4,79897.42,-99999.0,Low,Unknown,Low,0,0,0,0,0,0,0,0,0,0,0,0,0,0,0,45.0,38.5,31.25,47.0
22.711339,72.613859,1176.35,1176.35,52811.86,59546.21,55280.8,58628.87,69210.03,62881.94,51788.39,50546.82,-99999.0,Low,Unknown,Low,0,0,0,0,0,0,0,0,0,0,0,0,0,0,0,45.0,38.5,31.25,47.0
22.621856,72.225413,1021.24,1021.24,94355.91,91083.84,96322.68,98932.45,99602.3,100275.14,88318.5,89869.34,-99999.0,Low,Unknown,Low,0,0,0,0,0,0,0,0,0,0,0,0,0,0,0,45.0,38.5,31.25,47.0
23.244045,72.411536,78.28,5273.05,32359.44,32838.87,34739.7,34700.7,36044.3,44382.38,29089.08,1083.72,-99999.0,Low,Unknown,Low,0,0,0,0,0,0,0,0,0,0,0,0,0,0,0,45.0,62.5,51.25,63.0
23.397781,72.364733,1137.07,6582.26,63938.13,60992.58,61884.09,61874.11,63939.41,76253.41,58996.4,33587.07,-99999.0,Low,Unknown,Low,0,0,0,0,0,0,0,0,0,0,0,0,0,0,0,45.0,38.5,31.25,47.0
23.376033,72.768743,374.16,6362.32,43490.15,47276.39,47829.48,47745.25,58366.16,69089.14,49325.68,25833.96,-99999.0,Low,Unknown,Low,0,0,0,0,0,0,0,0,0,0,0,0,0,0,0,45.0,50.5,41.25,55.0
22.290049,72.582508,7609.3,10300.39,146209.73,150459.23,148699.01,151910.52,160555.04,156274.49,145206.55,141556.09,-99999.0,Low,Unknown,Low,0,0,0,0,0,0,0,0,0,0,0,0,0,0,0,45.0,38.5,31.25,47.0
22.635973,72.680658,1436.65,8656.21,70368.1,78745.78,72474.47,76586.8,89166.65,80277.66,68894.21,69981.42,-99999.0,Low,Unknown,Low,0,0,0,0,0,0,0,0,0,0,0,0,0,0,0,45.0,38.5,31.25,47.0
23.015293,72.771674,815.74,2428.84,10086.47,27500.31,27376.56,19771.62,28191.97,27112.57,21209.17,8316.08,-99999.0,Low,Unknown,Low,0,0,0,0,0,0,0,0,0,0,0,0,0,0,0,45.0,44.5,36.25,51.0
22.371335,72.564544,28.44,28.44,128470.82,132073.67,131013.0,134031.27,142313.43,138517.46,127552.75,123326.52,-99999.0,Low,Unknown,Low,0,0,0,0,0,0,0,0,0,0,0,0,0,0,0,61.0,62.5,51.25,63.0
23.137574,72.220879,851.75,3761.95,53174.91,47441.52,52956.26,54311.12,56623.31,51651.24,56983.95,45499.76,-99999.0,Low,Unknown,Low,0,0,0,0,0,0,0,0,0,0,0,0,0,0,0,45.0,44.5,36.25,51.0
22.28068,72.667109,2306.71,12476.5,148417.37,155510.28,150713.45,154440.7,164805.63,158455.72,147152.22,145871.4,-99999.0,Low,Unknown,Low,0,0,0,0,0,0,0,0,0,0,0,0,0,0,0,45.0,38.5,31.25,47.0
22.639594,72.429713,3346.47,3346.47,76223.45,72214.37,80816.93,80159.85,83032.78,83033.4,70306.6,67558.15,-99999.0,Low,Unknown,Low,0,0,0,0,0,0,0,0,0,0,0,0,0,0,0,45.0,38.5,31.25,47.0
22.880694,72.563057,198.21,198.21,18861.27,21812.97,22805.71,21816.16,30602.98,26787.25,20510.3,12035.3,21.29,Low,Unknown,Low,0,0,0,0,0,0,0,0,0,0,0,0,0,0,0,62.0,60.5,48.25,67.0
23.014874,72.769294,1066.84,2304.08,9599.03,27013.35,26932.16,19337.86,27748.58,26741.86,20717.07,7828.87,5.26,Low,Unknown,Low,0,0,0,0,0,0,0,0,0,0,0,0,0,0,0,45.0,38.5,31.25,47.0
22.646416,72.657851,639.37,4770.9,67452.41,75314.65,69679.19,73595.75,85464.44,77450.61,66108.5,67060.24,-99999.0,Low,Unknown,Low,0,0,0,0,0,0,0,0,0,0,0,0,0,0,0,45.0,44.5,36.25,51.0
22.888706,72.517676,107.37,107.37,20462.06,18725.84,26881.92,22954.44,28227.98,25571.77,18617.48,10086.68,9.85,Low,Unknown,Low,0,0,0,0,0,0,0,0,0,0,0,0,0,0,0,57.0,56.5,46.25,59.0
22.677641,72.589736,1521.93,4865.13,60594.1,66452.72,63168.53,66173.21,75471.43,70630.0,59741.18,56536.22,-99999.0,Low,Unknown,Low,0,0,0,0,0,0,0,0,0,0,0,0,0,0,0,45.0,38.5,31.25,47.0
22.499534,72.268069,1119.3,3177.12,114645.33,110792.09,117595.6,120011.06,120513.87,122012.02,108327.22,109399.85,-99999.0,Low,Unknown,Low,0,0,0,0,0,0,0,0,0,0,0,0,0,0,0,45.0,38.5,31.25,47.0
23.08281,72.499426,23.44,1382.97,3198.18,977.29,7021.07,2355.08,7602.43,10658.34,5882.88,948.52,96.48,Medium,Residential,Low,0,0,0,0,0,0,0,0,0,0,0,0,0,0,0,67.0,81.0,63.25,96.0
22.664385,72.537004,317.38,317.38,65324.12,67237.78,68287.54,69635.22,77393.31,74148.9,65060.29,58449.52,2.25,Low,Unknown,Low,0,0,0,0,0,0,0,0,0,0,0,0,0,0,0,53.0,50.5,41.25,55.0
22.514132,72.356174,28.29,7398.04,106361.48,102160.16,110039.3,111351.12,112590.7,113941.6,99992.32,98666.09,-99999.0,Low,Unknown,Low,0,0,0,0,0,0,0,0,0,0,0,0,0,0,0,45.0,62.5,51.25,63.0
22.735528,72.797819,73.26,5501.78,59232.9,68656.99,60206.68,63015.95,76048.57,67416.87,57005.18,55809.38,-99999.0,Low,Unknown,Low,0,0,0,0,0,0,0,0,0,0,0,0,0,0,0,45.0,62.5,51.25,63.0
22.542692,72.749887,651.04,3362.97,93680.68,102854.3,95541.97,99581.3,113581.22,103330.71,91983.19,92866.06,-99999.0,Low,Unknown,Low,0,0,0,0,0,0,0,0,0,0,0,0,0,0,0,45.0,44.5,36.25,51.0
22.78944,72.273582,117.59,10373.04,59115.08,56585.02,60108.52,62822.71,63621.47,63606.05,53620.51,55285.72,-99999.0,Low,Unknown,Low,0,0,0,0,0,0,0,0,0,0,0,0,0,0,0,45.0,56.5,46.25,59.0
23.223392,72.471226,275.41,3036.61,22940.98,20754.29,21952.72,21913.87,23294.37,33046.5,16608.36,2445.94,-99999.0,Low,Unknown,Low,0,0,0,0,0,0,0,0,0,0,0,0,0,0,0,45.0,56.5,46.25,59.0
23.278415,72.467067,29.53,2873.53,31067.74,28673.1,29103.28,29087.94,31068.02,43572.84,26110.15,10996.91,-99999.0,Low,Unknown,Low,0,0,0,0,0,0,0,0,0,0,0,0,0,0,0,45.0,62.5,51.25,63.0
22.305349,72.609158,1273.93,4786.95,142627.83,148025.89,145060.27,148439.39,157668.73,152698.63,141541.12,138665.27,-99999.0,Low,Unknown,Low,0,0,0,0,0,0,0,0,0,0,0,0,0,0,0,45.0,38.5,31.25,47.0
23.214625,72.391753,1426.23,1832.85,30249.21,28453.35,35917.44,34303.9,37815.24,41731.65,30291.15,8583.66,-99999.0,Low,Unknown,Low,0,0,0,0,0,0,0,0,0,0,0,0,0,0,0,45.0,38.5,31.25,47.0
22.61691,72.238963,61.84,61.84,93869.73,90494.72,96009.04,98590.46,99232.9,100052.85,87770.26,89297.64,1.57,Low,Unknown,Low,0,0,0,0,0,0,0,0,0,0,0,0,0,0,0,61.0,62.5,51.25,63.0
22.850606,72.734799,58.32,3695.43,31548.35,40221.17,32156.96,34578.1,47603.76,39102.05,29185.46,28835.47,-99999.0,Low,Unknown,Low,0,0,0,0,0,0,0,0,0,0,0,0,0,0,0,45.0,62.5,51.25,63.0
23.221634,72.627085,5.03,2041.69,6736.57,6597.08,5535.83,5612.79,14358.35,28106.9,14920.22,6142.42,-99999.0,Low,Unknown,Low,0,0,0,0,0,0,0,0,0,0,0,0,0,0,0,45.0,62.5,51.25,63.0
23.312789,72.58262,1196.95,1196.95,26897.5,23975.13,26366.15,26413.23,29720.3,45888.22,28464.01,22472.6,-99999.0,Low,Unknown,Low,0,0,0,0,0,0,0,0,0,0,0,0,0,0,0,45.0,38.5,31.25,47.0
23.152436,72.505253,228.43,5707.67,6510.56,7941.93,9417.54,9732.85,15035.03,17056.11,8060.09,1141.11,5.3,Low,Residential,Low,0,0,0,0,0,0,0,0,0,0,0,0,0,0,0,49.5,61.0,51.25,64.0
22.345635,72.320588,7964.64,14618.93,144210.84,139991.92,147890.75,148651.16,150447.42,151498.51,137842.72,136067.25,-99999.0,Low,Unknown,Low,0,0,0,0,0,0,0,0,0,0,0,0,0,0,0,45.0,38.5,31.25,47.0
22.366652,72.674224,15.24,2071.44,129460.57,136798.11,131721.03,135534.68,146314.62,139481.05,128153.45,127451.13,-99999.0,Low,Unknown,Low,0,0,0,0,0,0,0,0,0,0,0,0,0,0,0,45.0,62.5,51.25,63.0
22.231541,72.532413,15650.55,15650.55,160008.26,162232.48,162582.34,165225.96,173118.96,169898.33,159142.71,154198.83,-99999.0,Low,Unknown,Low,0,0,0,0,0,0,0,0,0,0,0,0,0,0,0,45.0,38.5,31.25,47.0
22.642693,72.682197,1860.62,7151.03,68958.51,77413.36,71049.49,75158.98,87885.78,78854.67,67469.06,68544.68,-99999.0,Low,Unknown,Low,0,0,0,0,0,0,0,0,0,0,0,0,0,0,0,45.0,38.5,31.25,47.0
22.861976,72.567169,493.83,3785.49,22077.02,25855.28,25714.76,25848.91,34791.42,30963.84,23062.26,16142.34,-99999.0,Low,Unknown,Low,0,0,0,0,0,0,0,0,0,0,0,0,0,0,0,45.0,50.5,41.25,55.0
22.303459,72.385574,9843.74,29589.5,150451.06,146900.67,153630.4,153705.72,157701.59,157203.78,144981.62,141513.31,-99999.0,Low,Unknown,Low,0,0,0,0,0,0,0,0,0,0,0,0,0,0,0,45.0,38.5,31.25,47.0
23.399514,72.631322,222.67,832.27,45040.01,43867.56,44140.15,44180.68,49818.67,65789.8,48930.12,30141.36,-99999.0,Low,Unknown,Low,0,0,0,0,0,0,0,0,0,0,0,0,0,0,0,49.0,56.5,46.25,59.0
22.830835,72.661499,60.32,9420.9,27541.8,37339.82,29459.22,33541.44,47844.45,37266.86,25885.31,26884.21,-99999.0,Low,Unknown,Low,0,0,0,0,0,0,0,0,0,0,0,0,0,0,0,45.0,62.5,51.25,63.0
23.188007,72.24425,440.96,2596.08,54175.88,46351.33,54773.62,53881.46,58734.42,53704.3,57350.29,36358.71,-99999.0,Low,Unknown,Low,0,0,0,0,0,0,0,0,0,0,0,0,0,0,0,45.0,50.5,41.25,55.0
23.366856,72.585403,75.49,1788.45,38337.72,35717.12,37772.93,37819.9,41474.66,57642.23,40192.95,29499.84,-99999.0,Low,Unknown,Low,0,0,0,0,0,0,0,0,0,0,0,0,0,0,0,45.0,62.5,51.25,63.0
22.739969,72.608065,1293.88,3064.29,46579.93,53138.69,49095.99,52321.19,62810.39,56642.82,45633.15,44189.63,-99999.0,Low,Unknown,Low,0,0,0,0,0,0,0,0,0,0,0,0,0,0,0,45.0,38.5,31.25,47.0
22.613418,72.726776,55.96,11886.86,77317.05,86531.3,79190.94,83237.67,97288.3,86984.1,75629.21,76528.04,-99999.0,Low,Unknown,Low,0,0,0,0,0,0,0,0,0,0,0,0,0,0,0,45.0,62.5,51.25,63.0
23.136316,72.583876,67.52,490.08,3121.87,4681.78,8241.55,3455.28,8901.9,7734.95,5557.74,62.1,-99999.0,Low,Unknown,High,0,0,0,0,0,0,0,0,0,0,0,0,0,0,0,45.0,54.5,47.25,51.0
22.418356,72.779759,185.19,185.19,121924.72,130912.97,123811.07,127856.68,141502.1,131603.93,120248.84,121144.54,-99999.0,Low,Unknown,Low,0,0,0,0,0,0,0,0,0,0,0,0,0,0,0,57.0,56.5,46.25,59.0
22.719142,72.746427,1030.73,1030.73,56842.35,67351.51,58306.66,62172.13,75578.75,65929.59,54859.55,55455.64,-99999.0,Low,Unknown,Low,0,0,0,0,0,0,0,0,0,0,0,0,0,0,0,45.0,38.5,31.25,47.0
22.266495,72.274497,6655.27,13044.35,163366.6,159218.13,166874.56,168328.38,169528.75,171040.06,156995.83,155686.74,-99999.0,Low,Unknown,Low,0,0,0,0,0,0,0,0,0,0,0,0,0,0,0,45.0,38.5,31.25,47.0
22.383619,72.298794,4864.03,8973.6,137076.63,132952.55,140550.63,142367.22,143219.64,144977.24,130706.58,129729.02,-99999.0,Low,Unknown,Low,0,0,0,0,0,0,0,0,0,0,0,0,0,0,0,45.0,38.5,31.25,47.0
22.587193,72.625599,1215.08,1349.79,80161.95,87006.59,82556.68,86069.87,96438.9,90228.87,79026.55,77591.81,-99999.0,Low,Unknown,Low,0,0,0,0,0,0,0,0,0,0,0,0,0,0,0,45.0,38.5,31.25,47.0
22.615228,72.764542,561.48,6693.81,79401.53,89288.42,81056.88,85010.26,98672.57,88773.13,77546.77,78276.0,-99999.0,Low,Unknown,Low,0,0,0,0,0,0,0,0,0,0,0,0,0,0,0,45.0,44.5,36.25,51.0
23.273911,72.70756,5.13,6299.39,20231.89,21879.96,22734.6,22627.98,34083.54,44219.79,26880.51,1309.96,-99999.0,Low,Unknown,Low,0,0,0,0,0,0,0,0,0,0,0,0,0,0,0,45.0,62.5,51.25,63.0
22.500726,72.581034,39.28,39.28,99634.41,104414.25,102167.64,105263.22,113992.48,109686.5,98703.94,94987.41,-99999.0,Low,Unknown,Low,0,0,0,0,0,0,0,0,0,0,0,0,0,0,0,61.0,62.5,51.25,63.0
22.86101,72.275102,2148.35,5652.83,48589.95,47011.38,48372.89,51133.27,52065.02,51173.62,43996.73,45479.68,-99999.0,Low,Unknown,Low,0,0,0,0,0,0,0,0,0,0,0,0,0,0,0,45.0,38.5,31.25,47.0
22.56339,72.520087,392.01,3578.74,87796.82,88807.97,90670.64,92137.41,99647.22,96528.4,87390.27,80782.59,-99999.0,Low,Unknown,Low,0,0,0,0,0,0,0,0,0,0,0,0,0,0,0,45.0,50.5,41.25,55.0
22.803088,72.301182,628.29,6875.72,53163.82,50494.76,54413.9,57101.43,57863.6,58087.37,47551.74,49204.28,-99999.0,Low,Unknown,Low,0,0,0,0,0,0,0,0,0,0,0,0,0,0,0,45.0,44.5,36.25,51.0
23.329928,72.292517,161.66,4277.13,61903.46,59965.63,64206.34,64175.46,65755.89,72278.42,59144.88,29873.78,-99999.0,Low,Unknown,Low,0,0,0,0,0,0,0,0,0,0,0,0,0,0,0,45.0,56.5,46.25,59.0
22.990479,72.63238,81.93,175.03,360.47,4239.11,3792.24,164.54,12587.67,2007.04,3218.1,625.29,125.48,High,Residential,Low,1,1,1,0,0,0,0,0,0,0,5,6,1,1,1,81.0,81.0,68.0,88.46
22.926167,72.705518,634.51,1409.44,16444.08,23054.11,16796.35,17023.9,30055.5,22479.64,14954.69,11568.85,-99999.0,Low,Unknown,Low,0,0,0,0,0,0,0,0,0,0,0,0,0,0,0,45.0,44.5,36.25,51.0
22.876342,72.695142,933.37,5180.39,21881.61,31563.45,22752.47,26325.58,39400.79,30059.1,19589.44,19768.97,-99999.0,Low,Unknown,Low,0,0,0,0,0,0,0,0,0,0,0,0,0,0,0,45.0,44.5,36.25,51.0
22.234048,72.227277,1486.45,8034.99,172810.5,168761.6,176097.73,178397.89,178867.16,180637.71,166448.09,165835.61,-99999.0,Low,Unknown,Low,0,0,0,0,0,0,0,0,0,0,0,0,0,0,0,45.0,38.5,31.25,47.0
22.969744,72.546063,331.34,1589.66,6579.65,5838.54,8519.56,5630.95,10851.27,7109.15,4816.37,1675.33,-99999.0,Low,Unknown,Low,0,0,0,0,0,0,0,0,0,0,0,0,0,0,0,45.0,50.5,41.74,55.0
22.981356,72.660175,8.19,613.88,3477.59,7840.89,6965.37,3104.83,15281.26,7783.39,3737.76,51.13,69.63,Medium,Unknown,High,0,0,0,0,0,0,0,0,0,0,0,0,0,0,0,51.0,62.5,54.62,67.0
22.699904,72.583395,82.15,573.43,55899.83,61493.95,58517.37,61378.94,70424.05,65835.6,55128.33,51477.94,-99999.0,Low,Unknown,Low,0,0,0,0,0,0,0,0,0,0,0,0,0,0,0,49.0,62.5,51.25,63.0
22.797646,72.576298,250.22,250.22,34965.21,39962.29,37912.84,39943.21,48997.11,44647.08,34727.76,30165.76,-99999.0,Low,Unknown,Low,0,0,0,0,0,0,0,0,0,0,0,0,0,0,0,57.0,56.5,46.25,59.0
22.547606,72.77399,391.09,4516.73,94138.64,103710.78,95878.22,99867.24,113649.88,103627.89,92345.85,93134.53,-99999.0,Low,Unknown,Low,0,0,0,0,0,0,0,0,0,0,0,0,0,0,0,45.0,50.5,41.25,55.0
22.779534,72.682813,476.49,3393.9,39605.67,49351.6,41438.57,45485.04,59611.29,49230.69,37879.67,38780.0,-99999.0,Low,Unknown,Low,0,0,0,0,0,0,0,0,0,0,0,0,0,0,0,45.0,50.5,41.25,55.0
23.021989,72.37846,349.07,351.34,16524.58,16528.08,15635.79,17439.8,18555.19,14590.17,22336.84,16234.25,5.13,Low,Unknown,Low,0,0,0,0,0,0,0,0,0,0,0,0,0,0,0,53.0,50.5,41.25,55.0
22.287568,72.235948,520.11,4241.36,160974.75,156950.53,164218.01,166560.83,167007.87,168742.46,154616.05,154230.79,-99999.0,Low,Unknown,Low,0,0,0,0,0,0,0,0,0,0,0,0,0,0,0,45.0,44.5,36.25,51.0
22.727527,72.490551,471.69,3803.86,55435.77,52313.66,59074.48,57836.19,63473.56,61304.7,50898.39,45582.56,-99999.0,Low,Unknown,Low,0,0,0,0,0,0,0,0,0,0,0,0,0,0,0,45.0,50.5,41.25,55.0
22.444828,72.563996,2891.29,10927.49,112276.79,115952.91,114839.15,117752.72,126053.36,122287.59,111393.99,107061.65,-99999.0,Low,Unknown,Low,0,0,0,0,0,0,0,0,0,0,0,0,0,0,0,45.0,38.5,31.25,47.0
22.575099,72.631018,193.19,1648.33,82848.74,89801.75,85221.34,88789.22,99283.31,92911.36,81683.25,80450.28,-99999.0,Low,Unknown,Low,0,0,0,0,0,0,0,0,0,0,0,0,0,0,0,45.0,56.5,46.25,59.0
23.08104,72.716466,275.12,4828.73,11188.22,17482.5,13553.14,6736.18,17626.45,12309.73,9084.79,2182.25,2.53,Low,Unknown,Low,0,0,0,0,0,0,0,0,0,0,0,0,0,0,0,45.0,56.5,46.25,59.0
23.370449,72.27846,919.8,4980.14,70298.59,68895.22,71148.05,71122.66,72852.24,81384.35,66603.84,37653.01,-99999.0,Low,Unknown,Low,0,0,0,0,0,0,0,0,0,0,0,0,0,0,0,45.0,44.5,36.25,51.0
22.644648,72.536991,387.53,1277.95,69559.76,71516.54,72469.98,73960.04,81738.86,78494.14,69215.51,62796.03,-99999.0,Low,Unknown,Low,0,0,0,0,0,0,0,0,0,0,0,0,0,0,0,45.0,50.5,41.25,55.0
22.582939,72.479884,123.5,6025.94,85778.72,84053.39,88992.27,89210.59,95157.12,93045.85,82491.1,77277.97,-99999.0,Low,Unknown,Low,0,0,0,0,0,0,0,0,0,0,0,0,0,0,0,45.0,56.5,46.25,59.0
22.520966,72.348751,1311.43,7115.24,105239.39,101074.33,108838.57,110430.76,111433.73,113049.06,98868.6,97849.44,-99999.0,Low,Unknown,Low,0,0,0,0,0,0,0,0,0,0,0,0,0,0,0,45.0,38.5,31.25,47.0
22.316174,72.374127,10895.99,26581.61,148431.05,144417.16,151749.34,151572.31,155163.76,154949.82,142455.25,139294.98,-99999.0,Low,Unknown,Low,0,0,0,0,0,0,0,0,0,0,0,0,0,0,0,45.0,38.5,31.25,47.0
22.66098,72.569226,132.77,2258.11,64824.11,69452.54,67469.77,70010.33,78552.91,74647.97,64104.74,59550.2,-99999.0,Low,Unknown,Low,0,0,0,0,0,0,0,0,0,0,0,0,0,0,0,45.0,56.5,46.25,59.0
22.497924,72.719185,278.55,6459.95,101849.36,110296.9,103893.12,107989.34,120614.56,111702.39,100313.81,101338.09,-99999.0,Low,Unknown,Low,0,0,0,0,0,0,0,0,0,0,0,0,0,0,0,45.0,56.5,46.25,59.0
22.39164,72.396461,2326.56,14447.92,131229.28,127278.01,134508.23,134272.08,138079.91,137670.2,125359.14,122005.2,-99999.0,Low,Unknown,Low,0,0,0,0,0,0,0,0,0,0,0,0,0,0,0,45.0,38.5,31.25,47.0
22.893224,72.387629,116.46,4090.36,26817.09,24240.53,28442.31,31050.24,31736.52,32534.61,21261.81,22934.57,18.96,Low,Unknown,Low,0,0,0,0,0,0,0,0,0,0,0,0,0,0,0,50.0,60.5,48.25,67.0
23.115746,72.498959,61.57,1010.29,1848.89,7069.19,9468.93,7205.34,9796.13,14675.23,10886.63,3204.33,4.57,Low,Unknown,Low,0,0,0,0,0,0,0,0,0,0,0,0,0,0,0,45.0,62.5,51.25,59.71
22.81767,72.499256,754.9,754.9,35751.91,32757.73,41714.48,38597.93,43958.74,41582.98,31620.38,25985.84,2.12,Low,Unknown,Low,0,0,0,0,0,0,0,0,0,0,0,0,0,0,0,49.0,44.5,36.25,51.0
22.570249,72.213906,3068.74,3068.74,105281.32,101878.75,107439.39,110020.07,110660.88,111479.13,99167.47,100687.57,-99999.0,Low,Unknown,Low,0,0,0,0,0,0,0,0,0,0,0,0,0,0,0,45.0,38.5,31.25,47.0
23.334279,72.503267,373.48,10557.53,37242.81,32878.59,34897.72,34909.74,37249.69,52219.66,34809.1,24950.01,-99999.0,Low,Unknown,Low,0,0,0,0,0,0,0,0,0,0,0,0,0,0,0,45.0,50.5,41.25,55.0
23.360024,72.329087,1679.18,5117.87,62388.25,61425.42,61625.43,61603.91,63432.19,73977.11,57521.52,29337.54,-99999.0,Low,Unknown,Low,0,0,0,0,0,0,0,0,0,0,0,0,0,0,0,45.0,38.5,31.25,47.0
22.623474,72.230324,79.79,79.79,93530.65,90235.27,95538.19,98141.34,98804.68,99513.5,87478.71,89024.5,4.72,Low,Unknown,Low,0,0,0,0,0,0,0,0,0,0,0,0,0,0,0,61.0,62.5,51.25,63.0
22.793873,72.729404,75.79,75.79,40703.55,51009.14,41935.68,45673.78,58823.63,49423.21,38586.17,39016.02,-99999.0,Low,Unknown,Low,0,0,0,0,0,0,0,0,0,0,0,0,0,0,0,61.0,62.5,51.25,63.0
22.985112,72.482352,220.51,483.47,875.7,900.89,7091.62,7186.71,7341.62,8938.59,6571.61,1309.17,21.89,Low,Industrial,Low,0,0,0,0,1,1,0,0,0,0,0,2,0,0,0,59.5,63.33,55.75,61.93
22.844029,72.708303,1224.89,7633.34,29121.74,39156.33,30195.46,33862.84,46986.0,37606.29,26920.88,27244.31,-99999.0,Low,Unknown,Low,0,0,0,0,0,0,0,0,0,0,0,0,0,0,0,45.0,38.5,31.25,47.0
22.717113,72.729473,597.81,630.77,55821.49,65984.04,57431.19,61373.2,75056.93,65136.13,53932.0,54639.45,-99999.0,Low,Unknown,Low,0,0,0,0,0,0,0,0,0,0,0,0,0,0,0,49.0,44.5,36.25,51.0
23.07301,72.658314,78.53,405.81,312.22,8734.45,2917.15,1548.98,6977.58,1027.59,4210.6,547.33,121.48,High,Residential,Low,0,0,0,0,0,0,0,0,0,0,1,1,0,0,0,77.29,81.4,74.51,88.32
22.639125,72.440349,5515.63,5516.08,75950.71,72062.24,80822.81,79500.37,82957.85,82543.15,70226.68,66987.22,3.02,Low,Unknown,Low,0,0,0,0,0,0,0,0,0,0,0,0,0,0,0,45.0,38.5,31.25,47.0
22.884338,72.316793,862.44,2327.65,38766.15,37170.0,38733.46,41491.58,42395.76,41758.37,34157.0,35632.4,2.96,Low,Unknown,Low,0,0,0,0,0,0,0,0,0,0,0,0,0,0,0,45.0,44.5,36.25,51.0
22.863868,72.244119,1559.92,7872.22,53537.28,52284.73,52835.12,55584.39,56565.94,55253.73,49289.76,50657.2,-99999.0,Low,Unknown,Low,0,0,0,0,0,0,0,0,0,0,0,0,0,0,0,45.0,38.5,31.25,47.0
22.805107,72.658642,482.97,5855.98,32890.98,42136.24,34928.23,39034.59,53298.5,42735.79,31347.9,32426.27,-99999.0,Low,Unknown,Low,0,0,0,0,0,0,0,0,0,0,0,0,0,0,0,45.0,50.5,41.25,55.0
22.535665,72.793454,228.1,800.12,97995.23,107767.85,99664.12,103619.27,117257.05,107382.14,96151.38,96885.0,-99999.0,Low,Unknown,Low,0,0,0,0,0,0,0,0,0,0,0,0,0,0,0,49.0,56.5,46.25,59.0
23.016478,72.271287,228.27,4784.02,38113.6,37937.29,36972.5,38987.65,40113.57,36188.34,41141.98,37510.99,5.65,Low,Unknown,Low,0,0,0,0,0,0,0,0,0,0,0,0,0,0,0,45.0,56.5,46.25,59.0
23.370099,72.436342,1111.77,5110.3,50464.43,46883.88,48260.59,48259.75,50468.11,64102.68,46497.17,26538.98,-99999.0,Low,Unknown,Low,0,0,0,0,0,0,0,0,0,0,0,0,0,0,0,45.0,38.5,31.25,47.0
23.153877,72.403451,202.06,5243.34,21455.77,15943.92,28775.84,22759.13,30487.1,28449.17,27322.63,16213.74,-99999.0,Low,Unknown,Low,0,0,0,0,0,0,0,0,0,0,0,0,0,0,0,45.0,56.5,46.25,59.0
23.326738,72.652979,115.1,2323.76,29355.55,29852.69,28654.59,28664.16,36274.54,51426.97,35937.11,14361.85,-99999.0,Low,Unknown,Low,0,0,0,0,0,0,0,0,0,0,0,0,0,0,0,45.0,56.5,46.25,59.0
22.438869,72.505474,863.45,6988.71,115352.46,116007.19,118126.47,119801.58,127159.59,124158.24,114545.87,108399.23,-99999.0,Low,Unknown,Low,0,0,0,0,0,0,0,0,0,0,0,0,0,0,0,45.0,44.5,36.25,51.0
22.800093,72.227182,2804.49,18252.46,64357.85,62362.88,64550.06,67307.26,68203.94,67523.62,59348.28,60988.09,-99999.0,Low,Unknown,Low,0,0,0,0,0,0,0,0,0,0,0,0,0,0,0,45.0,38.5,31.25,47.0
22.364444,72.399824,6141.89,18636.15,136711.74,133163.64,139922.89,139910.54,143994.18,143402.58,131269.1,127711.29,-99999.0,Low,Unknown,Low,0,0,0,0,0,0,0,0,0,0,0,0,0,0,0,45.0,38.5,31.25,47.0
22.768493,72.474193,917.42,1740.75,46850.09,43257.71,52530.88,50520.53,54343.46,53316.82,41679.77,37843.47,-99999.0,Low,Unknown,Low,0,0,0,0,0,0,0,0,0,0,0,0,0,0,0,45.0,44.5,36.25,51.0
22.927513,72.509303,157.74,1767.18,11806.66,10537.33,18477.73,15419.47,20070.79,18092.93,11200.64,3890.85,6.71,Low,Unknown,Low,0,0,0,0,0,0,0,0,0,0,0,0,0,0,0,45.0,56.5,46.25,59.0
22.593559,72.567841,51.83,10449.98,79554.33,83800.42,82163.8,84877.61,93325.48,89465.36,78760.47,74320.73,-99999.0,Low,Unknown,Low,0,0,0,0,0,0,0,0,0,0,0,0,0,0,0,45.0,62.5,51.25,63.0
22.395002,72.794369,1047.79,3227.6,127743.47,136815.46,129602.32,133637.05,147443.23,137388.25,126045.01,126918.33,-99999.0,Low,Unknown,Low,0,0,0,0,0,0,0,0,0,0,0,0,0,0,0,45.0,38.5,31.25,47.0
23.087183,72.379541,205.78,3196.12,19952.23,14889.51,19904.79,21151.22,23863.13,18837.88,23296.73,17327.04,-99999.0,Low,Unknown,Low,0,0,0,0,0,0,0,0,0,0,0,0,0,0,0,45.0,56.5,46.25,59.0
22.603648,72.696974,409.09,6649.75,77996.84,86551.96,80046.07,84145.52,97029.8,87854.93,76466.31,77503.53,-99999.0,Low,Unknown,Low,0,0,0,0,0,0,0,0,0,0,0,0,0,0,0,45.0,50.5,41.25,55.0
22.838808,72.625244,445.98,4081.86,24730.17,32718.8,27149.82,30733.78,43568.24,34796.42,23651.26,25059.09,-99999.0,Low,Unknown,Low,0,0,0,0,0,0,0,0,0,0,0,0,0,0,0,45.0,50.5,41.25,55.0
22.559749,72.689449,78.91,900.02,87293.69,95472.62,89417.64,93527.39,105686.97,97218.73,85837.67,86931.13,-99999.0,Low,Unknown,Low,0,0,0,0,0,0,0,0,0,0,0,0,0,0,0,49.0,62.5,51.25,63.0
22.642029,72.604284,51.5,2213.83,68165.39,74498.49,70659.69,73907.97,83717.93,78231.29,67177.14,64821.4,-99999.0,Low,Unknown,Low,0,0,0,0,0,0,0,0,0,0,0,0,0,0,0,45.0,62.5,51.25,63.0
23.375878,72.550221,129.17,643.28,41835.46,38261.98,41248.7,41212.73,43659.64,59636.77,42037.68,35836.8,-99999.0,Low,Unknown,Low,0,0,0,0,0,0,0,0,0,0,0,0,0,0,0,49.0,56.5,46.25,59.0
23.156106,72.635195,0.27,0.27,4793.98,3415.12,8861.87,4318.28,12863.17,16797.71,2426.94,3527.84,-99999.0,Low,Residential,Low,0,0,0,0,0,0,0,0,0,0,0,0,0,0,0,65.5,67.0,63.11,68.0
23.025652,72.215988,866.51,7696.02,49092.29,48772.08,48199.62,50146.76,51266.75,47185.77,52365.53,48273.26,4.33,Low,Unknown,Low,0,0,0,0,0,0,0,0,0,0,0,0,0,0,0,45.0,44.5,36.25,51.0
22.769508,72.780242,153.71,5884.38,51089.4,60349.18,51988.46,54694.9,67727.4,59142.29,48830.24,47696.43,-99999.0,Low,Unknown,Low,0,0,0,0,0,0,0,0,0,0,0,0,0,0,0,45.0,56.5,46.25,59.0
23.139485,72.665697,560.19,3953.35,8231.02,2173.55,12637.92,3861.01,19889.4,13780.27,4755.69,328.65,-99999.0,Low,Unknown,Low,0,0,0,0,0,0,0,0,0,0,0,0,0,0,0,45.0,44.5,36.9,51.0
22.893161,72.63284,40.36,2061.46,12909.52,22583.66,15173.84,19193.89,33898.5,22905.85,11639.92,13024.58,4.85,Low,Unknown,Low,0,0,0,0,0,0,0,0,0,0,0,0,0,0,0,45.0,62.5,51.25,63.0
22.900228,72.302307,226.53,3866.77,39396.28,38321.07,38675.17,41428.31,42400.95,41228.43,35353.89,36629.63,-99999.0,Low,Unknown,Low,0,0,0,0,0,0,0,0,0,0,0,0,0,0,0,45.0,56.5,46.25,59.0
22.95483,72.571841,160.49,3583.87,4330.93,5485.47,8779.75,5479.63,16018.22,11251.99,10948.17,1719.78,5.72,Low,Unknown,Low,0,0,0,0,0,0,0,0,0,0,0,0,0,0,0,45.0,56.5,46.25,59.0
23.209401,72.288665,18.2,2999.18,47289.66,41079.39,51484.67,48382.36,55555.89,50647.99,50334.8,26413.08,-99999.0,Low,Unknown,Low,0,0,0,0,0,0,0,0,0,0,0,0,0,0,0,45.0,62.5,51.25,63.0
23.016872,72.218942,1498.26,7534.19,48600.48,48364.42,47496.44,49517.57,50643.17,46680.97,51295.64,47903.05,-99999.0,Low,Unknown,Low,0,0,0,0,0,0,0,0,0,0,0,0,0,0,0,45.0,38.5,31.25,47.0
23.337846,72.265937,1988.58,5170.71,66844.05,64349.48,69686.28,69654.51,71206.17,76240.73,64515.87,35219.82,-99999.0,Low,Unknown,Low,0,0,0,0,0,0,0,0,0,0,0,0,0,0,0,45.0,38.5,31.25,47.0
22.222725,72.388215,24458.98,38266.78,167454.84,164608.77,170519.01,170999.95,175452.34,174659.71,162726.14,158932.27,-99999.0,Low,Unknown,Low,0,0,0,0,0,0,0,0,0,0,0,0,0,0,0,45.0,38.5,31.25,47.0
22.381718,72.6143,615.61,1650.31,125658.73,131625.84,128082.42,131491.74,140953.64,135729.26,124560.36,121960.38,-99999.0,Low,Unknown,Low,0,0,0,0,0,0,0,0,0,0,0,0,0,0,0,45.0,44.5,36.25,51.0
22.692453,72.664983,123.79,2309.75,57552.56,65879.82,59702.37,63781.99,76367.08,67496.43,56124.2,57255.9,-99999.0,Low,Unknown,Low,0,0,0,0,0,0,0,0,0,0,0,0,0,0,0,45.0,56.5,46.25,59.0
23.304625,72.723691,4.55,8650.76,27287.8,29318.44,29944.31,29850.29,40913.18,51518.94,33195.98,7856.49,-99999.0,Low,Unknown,Low,0,0,0,0,0,0,0,0,0,0,0,0,0,0,0,45.0,62.5,51.25,63.0
23.083005,72.237369,95.09,5049.52,46069.33,43423.37,45800.72,47218.62,49055.08,44333.27,51031.85,44472.52,3.11,Low,Unknown,Low,0,0,0,0,0,0,0,0,0,0,0,0,0,0,0,45.0,62.5,51.25,63.0
22.365699,72.324405,9048.09,14724.04,139715.55,135499.28,143392.78,144220.06,145950.39,147037.25,133347.22,131620.71,-99999.0,Low,Unknown,Low,0,0,0,0,0,0,0,0,0,0,0,0,0,0,0,45.0,38.5,31.25,47.0
22.590059,72.597336,2296.14,4360.75,79699.38,85827.4,82205.58,85403.93,94796.8,89761.85,78727.82,75830.48,-99999.0,Low,Unknown,Low,0,0,0,0,0,0,0,0,0,0,0,0,0,0,0,45.0,38.5,31.25,47.0
22.830573,72.388252,411.67,560.11,38265.8,34750.89,40986.45,43415.49,43945.8,45443.56,32069.93,33567.98,3.95,Low,Unknown,Low,0,0,0,0,0,0,0,0,0,0,0,0,0,0,0,49.0,50.5,41.25,55.0
22.407819,72.747274,632.3,5433.61,122612.11,131124.64,124622.0,128707.97,141423.31,132431.07,121044.89,122037.51,-99999.0,Low,Unknown,Low,0,0,0,0,0,0,0,0,0,0,0,0,0,0,0,45.0,44.5,36.25,51.0
22.610792,72.412572,123.28,447.34,83126.88,78996.49,87396.74,87333.24,89713.79,90111.58,77007.51,74691.78,2.42,Low,Unknown,Low,0,0,0,0,0,0,0,0,0,0,0,0,0,0,0,53.0,56.5,46.25,59.0
23.126388,72.632555,55.75,55.75,3810.55,1349.78,9958.43,1531.55,12820.72,11749.07,6236.51,172.18,-99999.0,Low,Unknown,High,0,0,0,0,0,0,0,0,0,0,0,0,0,0,0,53.0,54.5,47.25,51.0
22.971971,72.615988,6.29,1655.02,724.87,6261.95,1456.27,1749.17,17147.71,5937.0,2127.43,1573.64,125.87,High,Residential,Low,0,0,0,0,0,0,0,0,0,0,0,2,0,0,0,67.0,88.41,70.91,89.5
22.932092,72.315359,2053.23,2998.74,34071.97,33701.11,32586.32,35298.35,36328.67,34667.52,30872.02,31832.0,3.66,Low,Unknown,Low,0,0,0,0,0,0,0,0,0,0,0,0,0,0,0,45.0,38.5,31.25,47.0
22.495823,72.534852,330.18,412.23,101929.66,103965.24,104585.77,106719.59,114561.45,111330.11,101218.53,95630.98,-99999.0,Low,Unknown,Low,0,0,0,0,0,0,0,0,0,0,0,0,0,0,0,53.0,50.5,41.25,55.0
22.46984,72.783746,76.63,2363.36,111168.66,120447.16,112980.83,116998.5,130886.31,120754.34,109432.29,110272.6,-99999.0,Low,Unknown,Low,0,0,0,0,0,0,0,0,0,0,0,0,0,0,0,45.0,62.5,51.25,63.0
22.557137,72.373402,528.81,528.81,96366.22,92138.04,100119.27,101257.33,102624.94,103844.35,89999.97,88570.75,-99999.0,Low,Unknown,Low,0,0,0,0,0,0,0,0,0,0,0,0,0,0,0,49.0,44.5,36.25,51.0
22.448733,72.622993,2320.64,2320.64,110792.74,117402.01,113194.37,116669.89,126492.41,120861.22,109664.52,107529.89,-99999.0,Low,Unknown,Low,0,0,0,0,0,0,0,0,0,0,0,0,0,0,0,45.0,38.5,31.25,47.0
22.580449,72.409282,957.0,957.0,89796.02,85692.41,94105.14,93802.08,96420.38,96691.57,83712.34,81217.85,-99999.0,Low,Unknown,Low,0,0,0,0,0,0,0,0,0,0,0,0,0,0,0,49.0,44.5,36.25,51.0
23.32044,72.677243,938.68,7305.88,28916.45,29721.51,28480.69,28453.56,37485.72,51844.6,36307.38,10677.52,-99999.0,Low,Unknown,Low,0,0,0,0,0,0,0,0,0,0,0,0,0,0,0,45.0,44.5,36.25,51.0
22.528149,72.273124,4344.17,5112.5,108409.7,104590.09,111306.02,113733.68,114246.26,115702.5,102102.22,103448.6,-99999.0,Low,Unknown,Low,0,0,0,0,0,0,0,0,0,0,0,0,0,0,0,45.0,38.5,31.25,47.0
23.011947,72.427817,175.89,5850.99,7813.63,8873.22,5445.28,7497.72,8630.46,6071.37,13842.41,7645.99,-99999.0,Low,Unknown,Low,0,0,0,0,0,0,0,0,0,0,0,0,0,0,0,45.0,56.5,46.25,59.0
23.376193,72.691026,69.24,10788.48,41344.14,42107.54,40871.83,40851.05,49328.03,64117.72,48729.92,22045.31,-99999.0,Low,Unknown,Low,0,0,0,0,0,0,0,0,0,0,0,0,0,0,0,45.0,62.5,51.25,63.0
23.345531,72.68277,309.82,7846.13,34474.45,35250.77,34013.14,33990.21,42706.25,57309.72,41875.05,15617.77,-99999.0,Low,Unknown,Low,0,0,0,0,0,0,0,0,0,0,0,0,0,0,0,45.0,50.5,41.25,55.0
22.548543,72.372578,1309.94,1309.94,98251.72,94018.61,102013.01,103103.82,104514.37,105683.59,91886.05,90389.46,-99999.0,Low,Unknown,Low,0,0,0,0,0,0,0,0,0,0,0,0,0,0,0,45.0,38.5,31.25,47.0
23.05697,72.407818,653.83,7913.08,11734.43,10541.02,11525.91,12866.66,15337.21,10303.6,16336.47,9749.59,-99999.0,Low,Unknown,Low,0,0,0,0,0,0,0,0,0,0,0,0,0,0,0,45.0,44.5,36.25,51.0
22.730851,72.353866,161.37,6701.54,61019.53,57284.88,63905.58,66318.34,66827.23,68356.4,54736.46,56154.18,5.15,Low,Unknown,Low,0,0,0,0,0,0,0,0,0,0,0,0,0,0,0,45.0,56.5,46.25,59.0
22.774895,72.321241,371.07,371.07,55640.19,52487.68,57599.3,60195.14,60856.89,61637.4,49669.72,51249.56,6.62,Low,Unknown,Low,0,0,0,0,0,0,0,0,0,0,0,0,0,0,0,53.0,50.5,41.25,55.0
22.846294,72.759814,122.43,122.43,35963.89,43765.03,36326.62,37760.72,50772.99,42929.56,33547.59,30281.94,-99999.0,Low,Unknown,Low,0,0,0,0,0,0,0,0,0,0,0,0,0,0,0,57.0,56.5,46.25,59.0
23.035406,72.282364,167.3,171.75,35722.45,35319.8,35200.27,36833.26,38089.46,33836.32,40533.96,34795.54,27.43,Low,Unknown,Low,0,0,0,0,0,0,0,0,0,0,0,0,0,0,0,62.0,60.5,48.25,67.0
22.938812,72.552098,114.76,366.59,9595.31,9913.05,14098.49,9985.71,17700.55,13900.2,11027.83,916.72,45.27,Low,Unknown,Low,0,0,0,0,0,0,0,0,0,0,0,0,0,0,0,63.0,64.5,50.25,75.0
22.49095,72.6019,246.67,2027.32,101526.76,107472.92,103995.89,107287.85,116623.19,111595.72,100495.71,97633.83,-99999.0,Low,Unknown,Low,0,0,0,0,0,0,0,0,0,0,0,0,0,0,0,45.0,56.5,46.25,59.0
22.83725,72.582767,324.2,324.2,26190.84,31327.12,29252.73,31298.6,40819.0,35850.43,26164.54,22371.74,4.68,Low,Unknown,Low,0,0,0,0,0,0,0,0,0,0,0,0,0,0,0,53.0,50.5,41.25,55.0
22.262989,72.447981,15095.14,32983.56,155864.75,154864.09,158727.35,159972.66,165880.28,164021.23,153161.56,148244.55,-99999.0,Low,Unknown,Low,0,0,0,0,0,0,0,0,0,0,0,0,0,0,0,45.0,38.5,31.25,47.0
23.06083,72.260327,719.35,3311.11,40608.63,39497.83,40321.6,41749.2,43364.11,38802.36,46023.37,39270.72,-99999.0,Low,Unknown,Low,0,0,0,0,0,0,0,0,0,0,0,0,0,0,0,45.0,44.5,36.25,51.0
23.124919,72.203109,1167.74,2045.18,55365.8,50545.16,55128.14,56511.97,58658.43,53757.66,59581.27,49975.77,-99999.0,Low,Unknown,Low,0,0,0,0,0,0,0,0,0,0,0,0,0,0,0,45.0,38.5,31.25,47.0
22.860423,72.75746,423.12,1280.89,33658.54,40965.51,33851.96,34854.47,47840.23,40250.78,31213.98,27135.6,-99999.0,Low,Unknown,Low,0,0,0,0,0,0,0,0,0,0,0,0,0,0,0,45.0,50.5,41.25,55.0
22.688289,72.761019,0.46,207.52,64279.14,74728.0,65748.72,69611.7,82977.79,73368.52,62301.03,62896.52,-99999.0,Low,Unknown,Low,0,0,0,0,0,0,0,0,0,0,0,0,0,0,0,57.0,62.5,51.25,63.0
23.25408,72.486469,113.43,387.77,24589.43,22550.78,22690.18,22671.32,24589.04,37085.69,19568.78,9493.4,-99999.0,Low,Unknown,Low,0,1,5,0,0,1,0,0,0,0,0,0,0,1,5,55.0,56.5,46.25,59.0
22.439347,72.778348,631.12,1744.48,117350.17,126412.36,119219.49,123259.13,137054.51,127008.61,115660.06,116543.37,-99999.0,Low,Unknown,Low,0,0,0,0,0,0,0,0,0,0,0,0,0,0,0,45.0,44.5,36.25,51.0
22.585401,72.587539,1477.13,6263.59,80879.69,86519.34,83419.59,86510.03,95541.94,90930.31,79962.69,76551.15,-99999.0,Low,Unknown,Low,0,0,0,0,0,0,0,0,0,0,0,0,0,0,0,45.0,38.5,31.25,47.0
23.289524,72.253676,449.98,4916.4,62002.69,57856.42,67788.99,64741.03,69007.59,68676.4,61797.14,33159.81,-99999.0,Low,Unknown,Low,0,0,0,0,0,0,0,0,0,0,0,0,0,0,0,45.0,50.5,41.25,55.0
22.88896,72.521091,501.94,755.6,20532.45,18984.24,26397.93,22571.23,28118.67,25362.53,18975.73,9767.79,9.53,Low,Unknown,Low,0,0,0,0,0,0,0,0,0,0,0,0,0,0,0,49.0,44.5,36.25,51.0
23.067741,72.762002,105.58,1530.2,14512.73,25728.3,23035.59,16397.22,25666.75,21608.02,17626.73,7973.87,4.17,Low,Unknown,Low,0,0,0,0,0,0,0,0,0,0,0,0,0,0,0,45.0,56.5,46.25,59.0
23.295876,72.305039,660.7,778.56,54935.41,52443.27,58717.35,58681.19,60099.51,64572.55,53167.61,23979.25,-99999.0,Low,Unknown,Low,0,0,0,0,0,0,0,0,0,0,0,0,0,0,0,49.0,44.5,36.25,51.0
23.258694,72.305473,44.75,44.75,49711.18,45978.17,55648.07,52690.38,57029.06,57463.69,49704.94,21728.37,-99999.0,Low,Unknown,Low,0,0,0,0,0,0,0,0,0,0,0,0,0,0,0,61.0,62.5,51.25,63.0
23.303562,72.798303,1100.19,4294.64,29384.41,38072.35,40865.93,40721.88,52804.79,57226.79,35655.5,20516.59,-99999.0,Low,Unknown,Low,0,0,0,0,0,0,0,0,0,0,0,0,0,0,0,45.0,38.5,31.25,47.0
22.676393,72.49723,245.0,3649.15,65196.25,63613.66,68565.36,68357.55,74782.64,72178.71,62219.29,56407.12,-99999.0,Low,Unknown,Low,0,0,0,0,0,0,0,0,0,0,0,0,0,0,0,45.0,56.5,46.25,59.0
23.32393,72.777279,292.02,315.15,32506.17,38559.51,40362.49,40242.52,51857.11,59208.02,38542.72,18644.5,-99999.0,Low,Unknown,Low,0,0,0,0,0,0,0,0,0,0,0,0,0,0,0,53.0,56.5,46.25,59.0
23.311248,72.726046,12.75,8740.98,28792.27,30826.23,31374.66,31283.71,42248.78,53036.19,34621.79,9319.12,-99999.0,Low,Unknown,Low,0,0,0,0,0,0,0,0,0,0,0,0,0,0,0,45.0,62.5,51.25,63.0
22.211121,72.540777,11644.67,11644.67,164346.52,166895.47,166902.23,169697.97,177684.4,174349.52,163449.28,158746.97,-99999.0,Low,Unknown,Low,0,0,0,0,0,0,0,0,0,0,0,0,0,0,0,45.0,38.5,31.25,47.0
22.328761,72.789796,1098.51,14178.29,141746.8,150510.61,143680.69,147741.9,160926.63,151482.01,140111.73,141041.4,-99999.0,Low,Unknown,Low,0,0,0,0,0,0,0,0,0,0,0,0,0,0,0,45.0,38.5,31.25,47.0
22.541474,72.79346,1219.1,2022.65,96791.69,106600.08,98449.77,102399.88,116018.93,106162.81,94940.17,95665.89,-99999.0,Low,Unknown,Low,0,0,0,0,0,0,0,0,0,0,0,0,0,0,0,45.0,38.5,31.25,47.0
22.851961,72.496347,904.87,904.87,28249.14,25232.36,35131.86,32017.89,36433.74,34492.55,24178.95,19216.23,-99999.0,Low,Unknown,Low,0,0,0,0,0,0,0,0,0,0,0,0,0,0,0,49.0,44.5,36.25,51.0
23.326273,72.710636,269.98,12970.99,31653.53,32758.55,32401.98,32337.5,42522.64,55483.62,38094.66,11294.51,-99999.0,Low,Unknown,Low,0,0,0,0,0,0,0,0,0,0,0,0,0,0,0,45.0,56.5,46.25,59.0
22.761625,72.315687,107.65,120.8,58688.41,55490.98,60694.87,63284.99,63940.62,64745.89,52689.69,54260.02,20.29,Low,Unknown,Low,0,0,0,0,0,0,0,0,0,0,0,0,0,0,0,62.0,60.5,48.25,67.0
22.335176,72.297497,4908.87,10290.16,147510.31,143349.46,151056.5,152470.66,153688.16,155155.21,141139.43,139814.07,-99999.0,Low,Unknown,Low,0,0,0,0,0,0,0,0,0,0,0,0,0,0,0,45.0,38.5,31.25,47.0
22.750697,72.354359,79.38,7957.5,57005.75,53359.44,59761.65,62202.83,62734.14,64166.48,50758.06,52210.32,5.31,Low,Unknown,Low,0,0,0,0,0,0,0,0,0,0,0,0,0,0,0,45.0,62.5,51.25,63.0
22.423439,72.641971,1181.09,4104.17,116474.53,123391.8,118820.19,122437.21,132668.37,126530.85,115271.92,113742.13,-99999.0,Low,Unknown,Low,0,0,0,0,0,0,0,0,0,0,0,0,0,0,0,45.0,38.5,31.25,47.0
23.148921,72.540669,51.99,1376.74,2935.7,1762.02,4563.37,3388.81,9185.97,11776.87,1981.12,2841.78,64.0,Medium,Unknown,Low,0,0,0,0,0,0,0,0,0,0,0,0,0,0,0,55.0,70.5,63.3,78.82
23.108739,72.305297,229.17,12208.04,35230.29,29788.73,35024.63,36357.45,38783.25,33772.03,38937.1,32964.11,-99999.0,Low,Unknown,Low,0,0,0,0,0,0,0,0,0,0,0,0,0,0,0,45.0,56.5,46.25,59.0
23.227376,72.738226,171.68,1243.98,10988.13,18201.15,22485.12,20794.1,34682.86,36816.21,16388.25,9960.65,-99999.0,Low,Unknown,Low,0,0,0,0,0,0,0,0,0,0,0,0,0,0,0,45.0,56.5,46.25,59.0
23.192388,72.509168,619.86,5448.59,13765.34,10610.27,12927.57,12874.9,13756.33,23158.56,6501.75,4151.52,-99999.0,Low,Unknown,Low,0,0,0,0,0,0,0,0,0,0,0,0,0,0,0,45.0,44.5,36.25,51.0
22.304085,72.601554,2689.57,5726.98,142940.93,148017.74,145390.44,148720.93,157785.54,153011.32,141878.69,138780.46,-99999.0,Low,Unknown,Low,0,0,0,0,0,0,0,0,0,0,0,0,0,0,0,45.0,38.5,31.25,47.0
22.421737,72.284367,1065.43,1482.44,129783.12,125747.73,133076.37,135400.95,135837.02,137632.6,123422.05,123147.59,-99999.0,Low,Unknown,Low,0,0,0,0,0,0,0,0,0,0,0,0,0,0,0,45.0,38.5,31.25,47.0
22.588322,72.348828,2396.86,3136.37,90904.38,86827.81,94340.1,96613.41,97018.64,98974.33,84537.15,84392.7,-99999.0,Low,Unknown,Low,0,0,0,0,0,0,0,0,0,0,0,0,0,0,0,45.0,38.5,31.25,47.0
22.512942,72.341313,834.26,8767.56,107317.73,103173.62,110868.38,112609.33,113490.6,115239.02,100946.91,100069.76,-99999.0,Low,Unknown,Low,0,0,0,0,0,0,0,0,0,0,0,0,0,0,0,45.0,44.5,36.25,51.0
23.104508,72.772421,154.17,4904.01,16832.59,22900.6,25288.02,18291.36,30071.71,24360.93,13482.03,197.74,-99999.0,Low,Unknown,Low,0,0,0,0,0,0,0,0,0,0,0,0,0,0,0,45.0,56.5,46.25,59.0
22.562335,72.63373,1084.47,1948.16,85682.01,92672.6,88044.39,91635.94,102158.58,95742.2,84502.77,83323.12,-99999.0,Low,Unknown,Low,0,0,0,0,0,0,0,0,0,0,0,0,0,0,0,45.0,38.5,31.25,47.0
22.213723,72.59221,4959.4,5254.05,163084.32,167543.66,165546.34,168834.82,177631.82,173153.56,162039.65,158630.83,-99999.0,Low,Unknown,Low,0,0,0,0,0,0,0,0,0,0,0,0,0,0,0,45.0,38.5,31.25,47.0
23.031322,72.237275,1825.5,4519.85,44788.02,44420.95,44056.52,45891.5,47052.79,42891.2,48650.76,43904.37,-99999.0,Low,Unknown,Low,0,0,0,0,0,0,0,0,0,0,0,0,0,0,0,45.0,38.5,31.25,47.0
22.34187,72.384084,9078.86,24518.58,142466.58,138510.92,145709.52,145554.04,149285.64,148958.48,136570.53,133293.95,-99999.0,Low,Unknown,Low,0,0,0,0,0,0,0,0,0,0,0,0,0,0,0,45.0,38.5,31.25,47.0
22.6865,72.501512,306.28,1736.56,62807.84,61459.48,66178.32,65996.42,72640.25,69858.54,60112.02,54083.58,-99999.0,Low,Unknown,Low,0,0,0,0,0,0,0,0,0,0,0,0,0,0,0,45.0,50.5,41.25,55.0
23.274142,72.622134,620.52,3945.02,17873.06,17378.75,16999.45,17062.99,23285.79,38725.95,22927.35,11945.9,-99999.0,Low,Unknown,Low,0,0,0,0,0,0,0,0,0,0,0,0,0,0,0,45.0,44.5,36.25,51.0
22.573174,72.270449,443.13,1934.36,99506.23,95806.94,102196.94,104670.96,105220.44,106506.4,93243.74,94673.26,4.46,Low,Unknown,Low,0,0,0,0,0,0,0,0,0,0,0,0,0,0,0,45.0,50.5,41.25,55.0
23.299356,72.377023,1274.98,3147.05,46154.51,45788.94,46282.26,46254.45,47930.64,57805.03,41642.71,13096.94,-99999.0,Low,Unknown,Low,0,0,0,0,0,0,0,0,0,0,0,0,0,0,0,45.0,38.5,31.25,47.0
22.937551,72.331477,801.85,4826.21,30606.68,30266.54,29185.94,31908.44,32928.93,31396.58,27455.97,28385.01,-99999.0,Low,Unknown,Low,0,0,0,0,0,0,0,0,0,0,0,0,0,0,0,45.0,44.5,36.25,51.0
22.360283,72.291911,2583.32,8334.12,142413.25,138289.68,145881.56,147692.31,148554.36,150298.08,136043.25,135035.65,-99999.0,Low,Unknown,Low,0,0,0,0,0,0,0,0,0,0,0,0,0,0,0,45.0,38.5,31.25,47.0
23.097282,72.563443,94.86,4856.85,1223.0,1889.0,1665.58,2745.11,2571.25,1767.96,1503.54,1362.02,8.0,Low,Unknown,Low,0,0,0,0,0,0,0,0,0,0,0,0,0,0,0,45.55,68.91,62.76,57.92
22.699015,72.529541,379.33,379.33,58357.32,59466.78,61508.92,62256.37,69755.72,66592.1,58383.19,50854.83,-99999.0,Low,Unknown,Low,0,0,0,0,0,0,0,0,0,0,0,0,0,0,0,53.0,50.5,41.25,55.0
22.764994,72.522511,1007.19,10452.77,45218.47,44955.1,48746.29,48227.64,55271.45,52231.24,43984.97,36458.15,-99999.0,Low,Unknown,Low,0,0,0,0,0,0,0,0,0,0,0,0,0,0,0,45.0,38.5,31.25,47.0
22.996913,72.331047,520.65,3864.01,27060.68,27330.41,25010.58,27288.59,28420.39,25126.8,28382.21,26411.19,-99999.0,Low,Unknown,Low,0,0,0,0,0,0,0,0,0,0,0,0,0,0,0,45.0,44.5,36.25,51.0
22.496959,72.652844,22.54,55.29,100308.7,107558.62,102608.14,106343.17,117129.1,110347.29,99048.93,98308.23,-99999.0,Low,Unknown,Low,0,0,0,0,0,0,0,0,0,0,0,0,0,0,0,61.0,62.5,51.25,63.0
23.247762,72.249122,350.61,7814.17,58018.53,52415.09,62945.2,59636.39,67014.23,62095.69,59730.17,32891.75,-99999.0,Low,Unknown,Low,0,0,0,0,0,0,0,0,0,0,0,0,0,0,0,45.0,50.5,41.25,55.0
22.736098,72.62226,1047.4,2736.54,47321.04,54449.71,49743.98,53229.61,64419.72,57390.41,46231.36,45995.99,-99999.0,Low,Unknown,Low,0,0,0,0,0,0,0,0,0,0,0,0,0,0,0,45.0,38.5,31.25,47.0
22.293723,72.538501,10524.78,16676.33,146142.95,148571.54,148720.0,151374.59,159326.88,156078.24,145283.27,140391.68,-99999.0,Low,Unknown,Low,0,0,0,0,0,0,0,0,0,0,0,0,0,0,0,45.0,38.5,31.25,47.0
22.27411,72.52859,14980.43,20738.75,150707.19,152743.93,153297.54,155817.89,163657.11,160453.91,149870.84,144745.92,-99999.0,Low,Unknown,Low,0,0,0,0,0,0,0,0,0,0,0,0,0,0,0,45.0,38.5,31.25,47.0
22.806584,72.543621,1081.25,3810.72,35129.23,37370.08,38660.84,38453.8,46204.36,42864.49,35836.08,27211.47,-99999.0,Low,Unknown,Low,0,0,0,0,0,0,0,0,0,0,0,0,0,0,0,45.0,38.5,31.25,47.0
22.379823,72.396871,4419.38,16461.06,133678.35,129858.84,136927.83,136772.25,140668.97,140202.62,127946.89,124528.35,-99999.0,Low,Unknown,Low,0,0,0,0,0,0,0,0,0,0,0,0,0,0,0,45.0,38.5,31.25,47.0
22.82441,72.269744,1240.38,13137.84,54355.08,52276.63,54749.93,57499.34,58368.52,57908.28,49264.84,50927.57,1.86,Low,Unknown,Low,0,0,0,0,0,0,0,0,0,0,0,0,0,0,0,45.0,38.5,31.25,47.0
22.446482,72.549889,1266.57,10722.19,112252.43,115174.23,114849.12,117454.99,125547.09,122166.35,111430.33,106579.02,-99999.0,Low,Unknown,Low,0,0,0,0,0,0,0,0,0,0,0,0,0,0,0,45.0,38.5,31.25,47.0
22.30913,72.506225,9553.81,18152.89,143665.73,144709.17,146304.52,148380.45,155850.26,152835.45,142920.74,137087.5,-99999.0,Low,Unknown,Low,0,0,0,0,0,0,0,0,0,0,0,0,0,0,0,45.0,38.5,31.25,47.0
23.17043,72.472059,860.68,12897.73,12305.78,14901.81,17151.33,17422.05,20815.96,24727.55,13137.49,2880.22,-99999.0,Low,Unknown,Low,0,0,0,0,0,0,0,0,0,0,0,0,0,0,0,45.0,44.5,36.25,51.0
22.815897,72.474079,164.36,164.36,36545.95,32864.08,42172.09,40865.56,43948.81,43430.9,31295.99,28310.49,5.95,Low,Unknown,Low,0,0,0,0,0,0,0,0,0,0,0,0,0,0,0,57.0,56.5,46.25,59.0
22.269284,72.477427,15868.95,28800.2,153340.55,153389.55,156075.54,157773.55,164474.93,162036.78,151787.11,146264.0,-99999.0,Low,Unknown,Low,0,0,0,0,0,0,0,0,0,0,0,0,0,0,0,45.0,38.5,31.25,47.0
23.168298,72.633968,61.61,510.59,2417.28,1193.97,6190.55,3679.39,11961.03,18620.34,3912.92,2205.77,-99999.0,Low,Residential,Low,0,0,0,0,0,0,0,0,0,0,0,0,0,0,0,53.5,67.0,59.15,66.34
22.675138,72.689872,75.03,75.03,62235.84,71101.77,64239.25,68329.37,81835.27,72048.62,60661.48,61671.35,-99999.0,Low,Unknown,Low,0,0,0,0,0,0,0,0,0,0,0,0,0,0,0,61.0,62.5,51.25,63.0
23.094965,72.546987,85.97,3173.97,135.95,4187.24,3933.78,2819.07,2626.19,4968.06,2023.68,1760.16,98.32,Medium,Residential,Low,0,0,0,0,0,0,0,0,0,2,2,2,0,0,0,67.0,81.0,71.19,88.0
22.254348,72.406717,16735.06,37762.54,159695.73,157273.23,162724.14,163355.68,168168.91,167104.33,155438.17,151359.1,-99999.0,Low,Unknown,Low,0,0,0,0,0,0,0,0,0,0,0,0,0,0,0,45.0,38.5,31.25,47.0
22.276512,72.796474,378.31,22620.88,153392.61,162057.33,155346.15,159413.42,172392.43,163150.14,151774.84,152718.46,-99999.0,Low,Unknown,Low,0,0,0,0,0,0,0,0,0,0,0,0,0,0,0,45.0,50.5,41.25,55.0
23.321499,72.241411,307.69,1062.82,68146.16,64611.0,72570.66,71343.01,73947.03,75761.14,66974.18,37829.33,-99999.0,Low,Unknown,Low,0,0,0,0,0,0,0,0,0,0,0,0,0,0,0,45.0,50.5,41.25,55.0
23.320531,72.219041,637.3,637.3,71533.22,67471.52,76603.96,74361.55,77927.95,78147.24,70861.43,41850.59,-99999.0,Low,Unknown,Low,0,0,0,0,0,0,0,0,0,0,0,0,0,0,0,49.0,44.5,36.25,51.0
22.69064,72.661383,816.91,1942.02,57846.21,66056.7,60021.74,64051.27,76479.47,67809.24,56445.59,57597.33,-99999.0,Low,Unknown,Low,0,0,0,0,0,0,0,0,0,0,0,0,0,0,0,45.0,44.5,36.25,51.0
23.118993,72.787,890.31,5326.56,15203.47,24582.68,28877.49,21965.92,34108.05,28098.5,13540.72,4072.41,-99999.0,Low,Unknown,Low,0,0,0,0,0,0,0,0,0,0,0,0,0,0,0,45.0,44.5,36.25,51.0
22.975057,72.452217,333.99,2725.55,4984.73,5579.09,7175.55,9336.14,9814.69,12117.75,4425.75,3477.38,4.35,Low,Unknown,Low,0,0,0,0,0,0,0,0,0,0,0,0,0,0,0,45.0,50.5,42.78,55.0
23.391428,72.429488,160.27,5260.73,55085.59,51360.92,52856.6,52857.68,55089.71,68870.4,51255.4,30925.3,-99999.0,Low,Unknown,Low,0,0,0,0,0,0,0,0,0,0,0,0,0,0,0,45.0,56.5,46.25,59.0
23.243544,72.74406,81.69,815.61,14391.5,21207.31,24840.06,24240.99,37040.07,40498.16,20028.36,10973.31,-99999.0,Low,Unknown,Low,0,0,0,0,0,0,0,0,0,0,0,0,0,0,0,49.0,62.5,51.25,63.0
22.650775,72.609638,10.67,10.67,66184.38,72685.85,68657.2,71971.41,82033.39,76253.68,65163.42,63181.63,-99999.0,Low,Unknown,Low,0,0,0,0,0,0,0,0,0,0,0,0,0,0,0,61.0,62.5,51.25,63.0
22.994151,72.52358,68.45,234.58,471.9,5291.59,4367.21,2456.27,5223.88,5185.33,1983.31,3574.9,134.04,High,Unknown,Low,0,0,0,0,0,0,0,0,0,0,2,3,0,0,0,74.5,76.5,66.29,83.78
22.984241,72.408662,224.94,224.94,13056.92,14573.37,10582.35,13291.5,14323.03,13127.79,12750.36,11091.55,5.34,Low,Unknown,Low,0,0,0,0,0,0,0,0,0,0,0,0,0,0,0,57.0,56.5,46.25,59.0
22.414168,72.522355,2809.13,3813.64,120165.81,121690.17,122810.35,124917.11,132610.99,129448.92,119434.11,113721.76,-99999.0,Low,Unknown,Low,0,0,0,0,0,0,0,0,0,0,0,0,0,0,0,45.0,38.5,31.25,47.0
22.834611,72.636715,129.46,5587.23,25775.6,34406.37,28045.19,31957.15,45459.78,35788.78,24491.69,25776.36,-99999.0,Low,Unknown,Low,0,0,0,0,0,0,0,0,0,0,0,0,0,0,0,45.0,56.5,46.25,59.0
22.467228,72.202084,6609.07,6609.07,126474.65,122842.72,128996.84,131512.24,132093.59,133203.65,120244.04,121697.43,-99999.0,Low,Unknown,Low,0,0,0,0,0,0,0,0,0,0,0,0,0,0,0,45.0,38.5,31.25,47.0
22.227282,72.379018,22467.39,36140.87,166995.45,163811.06,170100.28,170427.37,174620.91,174012.76,161899.78,158302.09,-99999.0,Low,Unknown,Low,0,0,0,0,0,0,0,0,0,0,0,0,0,0,0,45.0,38.5,31.25,47.0
23.0082,72.526667,14.7,1046.76,1128.0,2389.85,1282.72,1824.22,2107.93,3640.43,4908.36,2472.98,123.4,High,Residential,Low,0,0,0,0,0,0,0,0,0,0,0,0,0,0,0,67.0,89.24,63.49,90.65
22.83832,72.694016,764.01,10446.5,28600.43,39356.95,29956.02,33807.86,47386.15,37565.86,26540.75,27092.49,-99999.0,Low,Unknown,Low,0,0,0,0,0,0,0,0,0,0,0,0,0,0,0,45.0,44.5,36.25,51.0
22.497014,72.407696,787.17,1822.44,107911.64,103921.85,112089.58,111297.69,114713.92,114506.46,101993.85,98900.12,-99999.0,Low,Unknown,Low,0,0,0,0,0,0,0,0,0,0,0,0,0,0,0,45.0,44.5,36.25,51.0
22.53078,72.762446,150.84,923.68,96948.89,106249.66,98768.98,102791.78,116715.36,106546.26,95218.24,96068.16,-99999.0,Low,Unknown,Low,0,0,0,0,0,0,0,0,0,0,0,0,0,0,0,49.0,56.5,46.25,59.0
23.070029,72.267707,278.19,5731.89,39503.57,37683.14,39227.95,40650.65,42415.26,37740.78,44668.46,38010.94,4.39,Low,Unknown,Low,0,0,0,0,0,0,0,0,0,0,0,0,0,0,0,45.0,56.5,46.25,59.0
23.171374,72.451544,263.26,12308.33,15058.42,16288.3,20844.69,20314.58,24923.73,28247.85,17226.2,6370.56,-99999.0,Low,Unknown,Low,0,0,0,0,0,0,0,0,0,0,0,0,0,0,0,45.0,56.5,46.25,59.0
23.119264,72.730254,25.48,2326.94,13209.26,13813.94,18091.63,11368.65,24480.31,17663.54,5093.32,888.7,-99999.0,Low,Unknown,Low,0,0,0,0,0,0,0,0,0,0,0,0,0,0,0,45.0,62.5,51.25,63.0
22.218775,72.323649,11600.61,26359.39,171532.93,167353.8,175485.19,175136.0,177951.2,178333.43,165290.08,162747.31,-99999.0,Low,Unknown,Low,0,0,0,0,0,0,0,0,0,0,0,0,0,0,0,45.0,38.5,31.25,47.0
22.321076,72.220146,1607.68,1607.68,154934.64,150994.26,158011.37,160399.66,160879.76,162465.25,148593.42,148808.27,-99999.0,Low,Unknown,Low,0,0,0,0,0,0,0,0,0,0,0,0,0,0,0,45.0,38.5,31.25,47.0
22.917342,72.621972,602.95,1446.27,7507.02,16955.96,10103.09,13548.6,28678.8,17574.89,6868.95,8012.7,-99999.0,Low,Unknown,Low,0,0,0,0,0,0,0,0,0,0,0,0,0,0,0,45.0,44.5,36.25,51.0
22.258412,72.644325,8983.97,13956.77,153135.78,159721.86,155488.34,159077.05,168944.87,163194.73,151940.96,149965.03,-99999.0,Low,Unknown,Low,0,0,0,0,0,0,0,0,0,0,0,0,0,0,0,45.0,38.5,31.25,47.0
22.682718,72.340604,566.65,566.65,71801.14,67991.62,74772.67,77169.97,77664.94,79240.41,65493.13,66879.1,9.1,Low,Unknown,Low,0,0,0,0,0,0,0,0,0,0,0,0,0,0,0,49.0,44.5,36.25,51.0
22.460723,72.718238,390.68,1947.57,109921.79,118204.1,111997.1,116100.44,128394.65,119804.8,108416.84,109464.3,-99999.0,Low,Unknown,Low,0,0,0,0,0,0,0,0,0,0,0,0,0,0,0,45.0,50.5,41.25,55.0
22.267733,72.502338,17806.22,25672.9,152861.18,153850.51,155494.32,157599.22,164982.02,162047.37,152104.57,146296.95,-99999.0,Low,Unknown,Low,0,0,0,0,0,0,0,0,0,0,0,0,0,0,0,45.0,38.5,31.25,47.0
22.547116,72.689472,874.29,2640.12,90057.77,98182.17,92190.36,96282.47,108350.97,99989.99,88610.66,89710.1,-99999.0,Low,Unknown,Low,0,0,0,0,0,0,0,0,0,0,0,0,0,0,0,45.0,44.5,36.25,51.0
23.077821,72.391342,429.76,5930.8,16923.19,13029.61,16781.54,18037.16,20734.06,15708.61,20414.22,14529.77,-99999.0,Low,Unknown,Low,0,0,0,0,0,0,0,0,0,0,0,0,0,0,0,45.0,50.5,41.25,55.0
22.917501,72.603519,648.25,1382.75,8086.55,15022.64,11473.63,13396.22,26378.82,17850.86,8992.28,8081.25,6.44,Low,Unknown,Low,0,0,0,0,0,0,0,0,0,0,0,0,0,0,0,45.0,44.5,36.25,51.0
22.584798,72.381059,4201.59,6481.91,90090.84,85857.88,93865.38,94993.68,96356.69,97589.46,83725.43,82347.0,-99999.0,Low,Unknown,Low,0,0,0,0,0,0,0,0,0,0,0,0,0,0,0,45.0,38.5,31.25,47.0
22.371913,72.596127,2331.66,2368.95,127926.56,133004.47,130395.22,133675.29,142690.14,137995.25,126893.1,123685.27,-99999.0,Low,Unknown,Low,0,0,0,0,0,0,0,0,0,0,0,0,0,0,0,45.0,38.5,31.25,47.0
22.465251,72.380301,4364.21,4364.21,115845.99,111697.63,119966.85,119694.11,122358.9,122714.2,109672.09,107190.05,-99999.0,Low,Unknown,Low,0,0,0,0,0,0,0,0,0,0,0,0,0,0,0,45.0,38.5,31.25,47.0
22.273149,72.769112,439.03,23647.19,152892.58,161241.46,154924.38,159015.21,171374.94,162733.84,151346.03,152351.49,-99999.0,Low,Unknown,Low,0,0,0,0,0,0,0,0,0,0,0,0,0,0,0,45.0,50.5,41.25,55.0
23.255657,72.746947,299.58,299.58,17024.69,23371.34,26544.24,26385.83,38676.11,43130.81,22727.0,10151.31,-99999.0,Low,Unknown,Low,0,0,0,0,0,0,0,0,0,0,0,0,0,0,0,57.0,56.5,46.25,59.0
22.951192,72.45632,279.51,1605.82,8524.26,5456.66,12380.57,14304.44,14601.67,16874.97,2456.41,4139.48,-99999.0,Low,Unknown,Low,0,0,0,0,0,0,0,0,0,0,0,0,0,0,0,45.0,56.5,53.03,59.0
22.794745,72.783374,1827.03,1827.03,47289.55,55889.84,47962.34,50019.76,63048.0,54877.1,44953.22,42410.53,-99999.0,Low,Unknown,Low,0,0,0,0,0,0,0,0,0,0,0,0,0,0,0,45.0,38.5,31.25,47.0
23.329904,72.602806,860.88,4223.6,29979.71,27957.89,29389.24,29435.83,33862.89,49978.47,32853.76,21325.98,-99999.0,Low,Unknown,Low,0,0,0,0,0,0,0,0,0,0,0,0,0,0,0,45.0,44.5,36.25,51.0
23.142966,72.391241,297.91,2888.2,23229.14,15982.74,27703.61,23266.46,31695.76,27199.58,27902.97,19600.63,-99999.0,Low,Unknown,Low,0,0,0,0,0,0,0,0,0,0,0,0,0,0,0,45.0,56.5,46.25,59.0
22.69959,72.289531,2554.1,5748.45,73042.88,69693.12,75213.3,77782.75,78416.59,79308.23,66954.19,68489.19,-99999.0,Low,Unknown,Low,0,0,0,0,0,0,0,0,0,0,0,0,0,0,0,45.0,38.5,31.25,47.0
22.651752,72.65265,2052.38,3451.74,66177.11,73925.29,68430.12,72291.96,84019.89,76190.54,64863.67,65577.4,-99999.0,Low,Unknown,Low,0,0,0,0,0,0,0,0,0,0,0,0,0,0,0,45.0,38.5,31.25,47.0
22.768223,72.709605,768.81,1910.98,43856.55,54186.28,45448.69,49392.18,63133.36,53155.1,41952.12,42658.11,-99999.0,Low,Unknown,Low,0,0,0,0,0,0,0,0,0,0,0,0,0,0,0,45.0,44.5,36.25,51.0
22.560884,72.624546,35.91,35.91,85974.34,92750.25,88372.78,91871.58,102095.3,96041.98,84843.46,83211.39,-99999.0,Low,Unknown,Low,0,0,0,0,0,0,0,0,0,0,0,0,0,0,0,61.0,62.5,51.25,63.0
23.166931,72.748845,173.9,7675.56,2390.22,16464.48,24497.21,16296.74,34481.05,27200.97,4788.9,11952.1,-99999.0,Low,Unknown,Low,0,0,0,0,0,0,0,0,0,0,0,0,0,0,0,45.0,56.5,46.81,57.26
22.874863,72.780672,339.63,3092.02,32569.86,41661.72,35724.09,35163.96,47866.16,41403.18,33501.32,25420.6,-99999.0,Low,Unknown,Low,0,0,0,0,0,0,0,0,0,0,0,0,0,0,0,45.0,50.5,41.25,55.0
22.868744,72.280456,310.15,3749.43,46745.93,45249.84,46445.45,49205.53,50144.37,49206.06,42239.54,43689.97,-99999.0,Low,Unknown,Low,0,0,0,0,0,0,0,0,0,0,0,0,0,0,0,45.0,50.5,41.25,55.0
22.49143,72.322002,2696.41,6430.81,112902.62,108810.12,116335.31,118431.22,119021.56,120955.22,106534.42,105992.29,-99999.0,Low,Unknown,Low,0,0,0,0,0,0,0,0,0,0,0,0,0,0,0,45.0,38.5,31.25,47.0
22.976047,72.753336,1205.74,3824.81,10266.34,24866.1,24693.96,18226.09,28334.17,26278.83,17645.58,4173.93,-99999.0,Low,Unknown,Low,0,0,0,0,0,0,0,0,0,0,0,0,0,0,0,45.0,38.5,31.25,47.0
23.21656,72.255478,374.53,3451.29,54014.76,47415.26,57179.96,54806.36,61222.5,56248.24,57128.96,32393.73,-99999.0,Low,Unknown,Low,0,0,0,0,0,0,0,0,0,0,0,0,0,0,0,45.0,50.5,41.25,55.0
23.069502,72.314289,131.93,9066.69,30370.31,28492.9,30108.07,31520.52,33460.6,28663.72,35336.36,28741.62,-99999.0,Low,Unknown,Low,0,0,0,0,0,0,0,0,0,0,0,0,0,0,0,45.0,56.5,46.25,59.0
22.522154,72.604203,403.24,527.45,94610.78,100891.59,97077.67,100380.79,109847.74,104680.11,93576.99,90870.94,-99999.0,Low,Unknown,Low,0,0,0,0,0,0,0,0,0,0,0,0,0,0,0,49.0,50.5,41.25,55.0
22.923506,72.724172,482.43,656.85,18841.8,25966.65,20456.46,19577.31,32473.8,25708.27,18762.16,12906.77,-99999.0,Low,Unknown,Low,0,0,0,0,0,0,0,0,0,0,0,0,0,0,0,49.0,50.5,41.25,55.0
22.425796,72.657018,480.32,6340.85,116104.68,123282.49,118404.02,122132.78,132736.99,126143.74,114844.23,113861.21,-99999.0,Low,Unknown,Low,0,0,0,0,0,0,0,0,0,0,0,0,0,0,0,45.0,50.5,41.25,55.0
23.069166,72.53531,58.34,2360.21,918.8,503.54,3835.82,2314.96,4016.81,3376.55,894.1,3527.1,157.23,High,Residential,Low,0,0,0,0,0,0,0,0,0,0,0,1,0,0,0,67.0,81.0,74.2,90.05
22.775273,72.721684,2257.5,2257.5,43502.69,54201.08,44933.92,48795.38,62264.43,52553.05,41496.02,42079.13,-99999.0,Low,Unknown,Low,0,0,0,0,0,0,0,0,0,0,0,0,0,0,0,45.0,38.5,31.25,47.0
22.599557,72.774212,1460.5,7153.93,83357.62,93279.15,84994.31,88937.3,102550.81,92700.22,81490.24,82203.79,-99999.0,Low,Unknown,Low,0,0,0,0,0,0,0,0,0,0,0,0,0,0,0,45.0,38.5,31.25,47.0
22.2184,72.762296,3241.83,12093.47,164626.66,172754.07,166704.89,170807.16,182722.53,174512.8,163124.7,164039.53,-99999.0,Low,Unknown,Low,0,0,0,0,0,0,0,0,0,0,0,0,0,0,0,45.0,38.5,31.25,47.0
23.354493,72.27039,444.43,6305.59,68790.99,66815.03,70668.88,70640.18,72280.91,78995.8,65797.13,36592.74,-99999.0,Low,Unknown,Low,0,0,0,0,0,0,0,0,0,0,0,0,0,0,0,45.0,50.5,41.25,55.0
23.399486,72.487353,291.99,9656.06,51563.96,46933.83,49194.01,49200.92,51571.65,66695.31,49288.96,35699.66,-99999.0,Low,Unknown,Low,0,0,0,0,0,0,0,0,0,0,0,0,0,0,0,45.0,56.5,46.25,59.0
22.491112,72.562641,1107.8,2417.83,102131.56,105802.12,104712.3,107518.09,115815.95,112100.15,101281.84,96822.32,-99999.0,Low,Unknown,Low,0,0,0,0,0,0,0,0,0,0,0,0,0,0,0,45.0,38.5,31.25,47.0
22.445416,72.749076,538.35,1977.51,114538.39,123224.23,116511.0,120586.44,133648.85,124317.75,112937.08,113901.83,-99999.0,Low,Unknown,Low,0,0,0,0,0,0,0,0,0,0,0,0,0,0,0,45.0,44.5,36.25,51.0
22.862495,72.665308,866.59,3204.36,21227.71,31878.23,22895.85,26910.62,41032.02,30664.5,19363.41,20192.66,-99999.0,Low,Unknown,Low,0,0,0,0,0,0,0,0,0,0,0,0,0,0,0,45.0,44.5,36.25,51.0
22.656794,72.52019,345.68,2959.27,67811.38,68359.19,70912.77,71725.95,79067.71,75982.69,67137.81,60223.97,3.44,Low,Unknown,Low,0,0,0,0,0,0,0,0,0,0,0,0,0,0,0,45.0,50.5,41.25,55.0
22.631111,72.356937,464.87,1066.19,81416.44,77371.5,84809.42,87092.79,87506.31,89435.12,75052.45,75311.15,-99999.0,Low,Unknown,Low,0,0,0,0,0,0,0,0,0,0,0,0,0,0,0,45.0,50.5,41.25,55.0
22.81538,72.498366,1265.85,1265.85,36256.17,33232.37,42214.85,39130.95,44432.48,42113.57,32072.23,26519.25,3.49,Low,Unknown,Low,0,0,0,0,0,0,0,0,0,0,0,0,0,0,0,45.0,38.5,31.25,47.0
22.31833,72.788791,408.54,16014.76,143953.2,152669.34,145898.28,149963.16,163051.94,153701.25,142327.9,143266.06,-99999.0,Low,Unknown,Low,0,0,0,0,0,0,0,0,0,0,0,0,0,0,0,45.0,50.5,41.25,55.0
22.763389,72.703839,323.43,1996.34,44393.22,54516.01,46064.49,50043.7,63906.79,53804.8,42544.13,43310.64,-99999.0,Low,Unknown,Low,0,0,0,0,0,0,0,0,0,0,0,0,0,0,0,45.0,50.5,41.25,55.0
23.297197,72.422423,22.72,3080.5,40395.34,38376.45,38554.26,38533.65,40394.05,51754.98,34768.29,10506.4,-99999.0,Low,Unknown,Low,0,0,0,0,0,0,0,0,0,0,0,0,0,0,0,45.0,62.5,51.25,63.0
22.696716,72.537515,948.36,948.36,58399.87,60273.08,61459.31,62550.19,70281.41,67032.67,58285.19,51333.4,-99999.0,Low,Unknown,Low,0,0,0,0,0,0,0,0,0,0,0,0,0,0,0,49.0,44.5,36.25,51.0
22.465529,72.287554,1609.44,3704.56,120382.86,116392.45,123595.01,125941.47,126393.59,128121.76,114029.45,114146.57,-99999.0,Low,Unknown,Low,0,0,0,0,0,0,0,0,0,0,0,0,0,0,0,45.0,38.5,31.25,47.0
22.512929,72.760855,620.64,3049.13,100648.41,109826.84,102500.24,106535.02,120508.12,110286.04,98943.45,99816.96,-99999.0,Low,Unknown,Low,0,0,0,0,0,0,0,0,0,0,0,0,0,0,0,45.0,44.5,36.25,51.0
22.894972,72.450547,19.83,19.83,20613.94,16498.52,24675.96,26648.12,26915.13,29123.14,14246.72,15450.99,-99999.0,Low,Unknown,Low,0,0,0,0,0,0,0,0,0,0,0,0,0,0,0,61.0,62.5,51.25,63.0
22.382894,72.397919,3734.28,15802.47,132966.62,129159.38,136216.61,136061.22,139972.55,139493.94,127249.95,123818.81,-99999.0,Low,Unknown,Low,0,0,0,0,0,0,0,0,0,0,0,0,0,0,0,45.0,38.5,31.25,47.0
22.655808,72.700018,9.0,3887.49,66862.2,75823.16,68828.64,72907.64,86578.94,76636.14,65254.09,66231.41,-99999.0,Low,Unknown,Low,0,0,0,0,0,0,0,0,0,0,0,0,0,0,0,45.0,62.5,51.25,63.0
22.799162,72.592765,1012.63,2959.62,34048.37,39837.35,36719.14,39460.96,49426.64,43917.9,33403.0,30884.07,-99999.0,Low,Unknown,Low,0,0,0,0,0,0,0,0,0,0,0,0,0,0,0,45.0,38.5,31.25,47.0
23.021816,72.354396,92.77,3286.49,21343.21,21252.49,20409.39,22279.31,23397.62,19414.22,26303.25,20895.66,11.35,Low,Unknown,Low,0,0,0,0,0,0,0,0,0,0,0,0,0,0,0,50.0,66.5,53.25,71.0
23.18591,72.779905,286.5,1582.24,6928.02,23690.63,29985.11,23302.16,41346.02,34584.5,12292.47,17712.43,-99999.0,Low,Unknown,Low,0,0,0,0,0,0,0,0,0,0,0,0,0,0,0,45.0,56.5,46.25,59.0
22.970033,72.494357,357.22,644.05,2763.77,3420.2,9908.57,9347.41,11320.56,12565.39,6236.0,2365.28,4.9,Low,Unknown,Low,0,0,0,0,0,0,0,0,0,0,0,0,0,0,0,49.0,50.5,41.25,54.33
22.40188,72.676985,895.32,8810.99,121717.3,129171.13,123960.32,127814.83,138790.37,131727.86,120390.15,119969.67,-99999.0,Low,Unknown,Low,0,0,0,0,0,0,0,0,0,0,0,0,0,0,0,45.0,44.5,36.25,51.0
22.403119,72.632188,1121.88,5856.19,120925.17,127650.28,123300.56,126840.64,136776.84,130989.31,119761.13,117816.94,-99999.0,Low,Unknown,Low,0,0,0,0,0,0,0,0,0,0,0,0,0,0,0,45.0,38.5,31.25,47.0
22.78598,72.75014,1420.31,4317.96,44490.75,54300.29,45556.38,48945.39,61924.23,52893.81,42296.67,42591.33,-99999.0,Low,Unknown,Low,0,0,0,0,0,0,0,0,0,0,0,0,0,0,0,45.0,38.5,31.25,47.0
22.850564,72.585086,499.52,549.4,23239.49,28450.0,26352.9,28416.84,38140.63,32890.06,23314.08,19953.78,6.58,Low,Unknown,Low,0,0,0,0,0,0,0,0,0,0,0,0,0,0,0,49.0,50.5,41.25,55.0
22.270478,72.220294,2342.35,2342.35,165529.68,161533.76,168711.32,171072.02,171531.59,173207.98,159176.25,158965.2,-99999.0,Low,Unknown,Low,0,0,0,0,0,0,0,0,0,0,0,0,0,0,0,45.0,38.5,31.25,47.0
23.216037,72.767113,676.24,2498.47,9328.55,22430.88,27623.94,23663.02,39646.73,37794.94,15666.12,15907.41,-99999.0,Low,Unknown,Low,0,0,0,0,0,0,0,0,0,0,0,0,0,0,0,45.0,44.5,36.25,51.0
23.001859,72.658603,15.84,1615.61,405.08,4824.59,9214.48,1572.88,10958.21,6686.94,1716.35,1754.2,103.6,High,Residential,Low,0,0,0,0,0,0,0,0,0,0,2,2,0,0,0,67.0,81.0,72.01,88.59
22.694871,72.705527,1767.07,4642.62,58815.77,68227.37,60673.52,64719.23,78794.05,68465.77,57113.14,58010.42,-99999.0,Low,Unknown,Low,0,0,0,0,0,0,0,0,0,0,0,0,0,0,0,45.0,38.5,31.25,47.0
22.47772,72.624302,145.11,4681.28,104372.92,111036.42,106770.9,110259.34,120195.67,114440.83,103240.06,101249.27,-99999.0,Low,Unknown,Low,0,0,0,0,0,0,0,0,0,0,0,0,0,0,0,45.0,56.5,46.25,59.0
22.21097,72.50344,18588.48,18588.48,165294.78,166455.71,167911.37,170146.35,177584.86,174629.31,164505.87,158883.56,-99999.0,Low,Unknown,Low,0,0,0,0,0,0,0,0,0,0,0,0,0,0,0,45.0,38.5,31.25,47.0
22.647841,72.570701,59.85,59.85,67630.74,72323.91,70262.08,72903.3,81463.88,77495.15,66881.88,62461.14,-99999.0,Low,Unknown,Low,0,0,0,0,0,0,0,0,0,0,0,0,0,0,0,61.0,62.5,51.25,63.0
23.000106,72.569912,114.75,967.26,1396.63,932.16,1479.79,1270.42,8828.58,4524.4,4784.72,144.66,15.26,Low,Residential,High,0,0,0,0,0,0,0,0,0,0,0,0,0,0,0,50.5,64.3,49.82,55.42
22.779845,72.492713,1247.05,3892.07,44078.74,40876.05,49096.97,46802.88,52055.96,49966.04,39548.69,34318.97,-99999.0,Low,Unknown,Low,0,0,0,0,0,0,0,0,0,0,0,0,0,0,0,45.0,38.5,31.25,47.0
22.207935,72.530986,13124.76,13124.76,165256.96,167444.11,167828.61,170481.36,178363.42,175148.76,164386.95,159446.75,-99999.0,Low,Unknown,Low,0,0,0,0,0,0,0,0,0,0,0,0,0,0,0,45.0,38.5,31.25,47.0
22.214221,72.517651,16218.03,16218.03,164188.47,165873.13,166783.34,169226.78,176962.42,173804.13,163359.6,158078.49,-99999.0,Low,Unknown,Low,0,0,0,0,0,0,0,0,0,0,0,0,0,0,0,45.0,38.5,31.25,47.0
22.529689,72.786488,22.18,22.18,98742.33,108384.01,100453.98,104429.36,118149.28,108191.33,96929.2,97695.23,-99999.0,Low,Unknown,Low,0,0,0,0,0,0,0,0,0,0,0,0,0,0,0,61.0,62.5,51.25,63.0
22.220571,72.687894,8894.7,8894.7,162097.77,169367.6,164355.16,168168.59,178755.18,172117.22,160786.59,159839.68,-99999.0,Low,Unknown,Low,0,0,0,0,0,0,0,0,0,0,0,0,0,0,0,45.0,38.5,31.25,47.0
23.00884,72.683701,1.52,2958.67,4049.08,9615.59,11936.22,4049.81,12718.09,11969.57,4024.93,3120.36,28.35,Low,Unknown,Low,0,0,0,0,0,0,0,0,0,0,0,0,0,0,0,50.0,66.5,55.85,71.0
23.291728,72.26421,398.8,3278.86,60593.43,56778.77,65963.9,63566.0,67218.66,67887.96,60062.79,31274.68,-99999.0,Low,Unknown,Low,0,0,0,0,0,0,0,0,0,0,0,0,0,0,0,45.0,50.5,41.25,55.0
22.315577,72.289338,4273.25,10081.35,152110.43,147957.78,155635.07,157110.8,158278.99,159790.79,145739.58,144453.32,-99999.0,Low,Unknown,Low,0,0,0,0,0,0,0,0,0,0,0,0,0,0,0,45.0,38.5,31.25,47.0
22.430318,72.515874,3358.65,6348.18,116844.88,118026.98,119544.53,121468.62,129053.06,125930.86,116188.58,110189.46,-99999.0,Low,Unknown,Low,0,0,0,0,0,0,0,0,0,0,0,0,0,0,0,45.0,38.5,31.25,47.0
23.178257,72.360395,691.48,2665.72,31416.83,25706.38,37449.69,32786.91,40612.78,36865.93,35484.4,18629.04,-99999.0,Low,Unknown,Low,0,0,0,0,0,0,0,0,0,0,0,0,0,0,0,45.0,44.5,36.25,51.0
22.676276,72.423831,673.69,673.69,68580.29,64422.63,72858.89,73160.76,75148.04,75723.24,62437.45,60433.11,-99999.0,Low,Unknown,Low,0,0,0,0,0,0,0,0,0,0,0,0,0,0,0,49.0,44.5,36.25,51.0
22.687233,72.539001,3045.26,3045.26,60342.76,62378.12,63354.85,64590.78,72375.19,69111.17,60155.25,53420.76,-99999.0,Low,Unknown,Low,0,0,0,0,0,0,0,0,0,0,0,0,0,0,0,45.0,38.5,31.25,47.0
23.38828,72.335514,667.22,5466.93,66496.09,64007.52,64558.78,64542.95,66495.81,77911.47,61030.58,33891.13,-99999.0,Low,Unknown,Low,0,0,0,0,0,0,0,0,0,0,0,0,0,0,0,45.0,44.5,36.25,51.0
23.02085,72.70872,720.64,741.55,3232.03,14896.98,14830.72,7418.65,15656.85,16326.42,9653.03,2806.75,23.94,Low,Unknown,Low,0,0,0,0,0,0,0,0,0,0,0,0,0,0,0,54.0,48.5,38.25,59.0
22.984483,72.714931,511.5,3992.49,6379.44,16872.25,17392.58,10205.96,21003.36,18273.95,9628.4,3513.54,-99999.0,Low,Unknown,Low,0,0,0,0,0,0,0,0,0,0,0,0,0,0,0,45.0,44.5,36.25,51.0
23.111503,72.2561,3127.06,12281.25,44421.46,39680.92,44190.49,45564.84,47780.5,42844.77,48564.66,42422.75,-99999.0,Low,Unknown,Low,0,0,0,0,0,0,0,0,0,0,0,0,0,0,0,45.0,38.5,31.25,47.0
22.655117,72.531621,517.73,783.91,67567.08,69061.26,70556.74,71784.21,79418.66,76224.24,67339.82,60501.98,-99999.0,Low,Unknown,Low,0,0,0,0,0,0,0,0,0,0,0,0,0,0,0,49.0,44.5,36.25,51.0
22.267338,72.20567,151.54,151.54,167116.23,163159.23,170217.45,172600.36,173075.95,174678.36,160771.26,160815.78,-99999.0,Low,Unknown,Low,0,0,0,0,0,0,0,0,0,0,0,0,0,0,0,57.0,56.5,46.25,59.0
22.40566,72.499915,10.22,10.22,122783.44,123290.48,125547.99,127228.66,134429.3,131562.83,121794.38,115799.66,-99999.0,Low,Unknown,Low,0,0,0,0,0,0,0,0,0,0,0,0,0,0,0,61.0,62.5,51.25,63.0
22.720692,72.670626,281.59,281.59,51599.84,60313.48,53675.98,57784.81,71049.03,61481.87,50095.53,51173.29,-99999.0,Low,Unknown,Low,0,0,0,0,0,0,0,0,0,0,0,0,0,0,0,57.0,56.5,46.25,59.0
22.879028,72.714776,1808.48,2222.76,24301.82,32769.15,24764.63,27232.83,40233.44,31637.7,21896.88,21741.33,-99999.0,Low,Unknown,Low,0,0,0,0,0,0,0,0,0,0,0,0,0,0,0,45.0,38.5,31.25,47.0
22.314434,72.516896,7256.84,15929.78,142165.05,143652.98,144786.88,147035.13,154715.3,151569.97,141387.34,135838.32,-99999.0,Low,Unknown,Low,0,0,0,0,0,0,0,0,0,0,0,0,0,0,0,45.0,38.5,31.25,47.0
22.251062,72.32685,12105.69,24335.19,164402.36,160206.11,168318.19,168098.58,170791.24,171248.38,158134.31,155680.26,-99999.0,Low,Unknown,Low,0,0,0,0,0,0,0,0,0,0,0,0,0,0,0,45.0,38.5,31.25,47.0
23.24174,72.732533,14.44,1080.87,14279.0,19177.78,22566.67,22401.1,34752.23,39162.94,19457.55,9134.95,-99999.0,Low,Unknown,Low,0,0,0,0,0,0,0,0,0,0,0,0,0,0,0,45.0,62.5,51.25,63.0
22.7706,72.227937,1547.23,13273.51,68534.76,66221.48,69147.47,71889.8,72739.61,72374.02,63230.99,64911.47,-99999.0,Low,Unknown,Low,0,0,0,0,0,0,0,0,0,0,0,0,0,0,0,45.0,38.5,31.25,47.0
22.289218,72.755351,944.92,19552.05,148827.22,157061.03,150888.07,154986.54,167126.96,158696.94,147308.32,148337.42,-99999.0,Low,Unknown,Low,0,0,0,0,0,0,0,0,0,0,0,0,0,0,0,45.0,44.5,36.25,51.0
23.279174,72.538106,150.28,1815.19,23576.17,19029.51,21197.4,21201.38,23584.29,39039.89,21627.05,20527.78,-99999.0,Low,Unknown,Low,0,0,0,0,0,0,0,0,0,0,0,0,0,0,0,45.0,56.5,46.25,59.0
22.239482,72.75726,35.84,16088.4,159809.59,167933.36,161890.64,165993.68,177907.39,169698.31,158310.39,159230.34,-99999.0,Low,Unknown,Low,0,0,0,0,0,0,0,0,0,0,0,0,0,0,0,45.0,62.5,51.25,63.0
22.577382,72.776882,127.39,9245.13,88136.21,97942.8,89805.96,93763.81,107427.78,97526.61,86292.31,87029.42,-99999.0,Low,Unknown,Low,0,0,0,0,0,0,0,0,0,0,0,0,0,0,0,45.0,56.5,46.25,59.0
22.904443,72.651353,545.51,3200.25,11680.92,22707.51,13255.56,17284.54,31548.23,21032.5,9728.09,10589.89,2.25,Low,Unknown,Low,0,0,0,0,0,0,0,0,0,0,0,0,0,0,0,45.0,44.5,36.25,51.0
23.055254,72.438978,108.91,8254.98,6163.07,4729.84,6409.8,7473.28,10491.39,5839.91,10044.0,3757.95,-99999.0,Low,Unknown,Low,0,0,0,0,0,0,0,0,0,0,0,0,0,0,0,45.0,56.5,46.25,59.0
22.292325,72.29747,8944.49,14114.07,156728.55,152537.29,160336.61,161338.95,162935.29,164154.56,150358.38,148742.81,-99999.0,Low,Unknown,Low,0,0,0,0,0,0,0,0,0,0,0,0,0,0,0,45.0,38.5,31.25,47.0
22.488567,72.70079,454.35,4704.32,103232.42,111331.69,105355.81,109460.78,121431.25,113157.48,101775.73,102863.62,-99999.0,Low,Unknown,Low,0,0,0,0,0,0,0,0,0,0,0,0,0,0,0,45.0,50.5,41.25,55.0
22.666988,72.737915,117.52,117.52,66758.29,76602.78,68453.81,72430.6,86212.43,76192.26,64930.82,65696.79,-99999.0,Low,Unknown,Low,0,0,0,0,0,0,0,0,0,0,0,0,0,0,0,57.0,56.5,46.25,59.0
22.598076,72.653366,282.54,671.28,78001.69,85550.29,80272.2,84086.04,95437.53,88025.39,76708.15,76811.87,-99999.0,Low,Unknown,Low,0,0,0,0,0,0,0,0,0,0,0,0,0,0,0,49.0,56.5,46.25,59.0
22.367941,72.793087,248.74,7081.68,133474.21,142421.52,135363.89,139409.88,152964.33,143157.03,131801.36,132697.73,-99999.0,Low,Unknown,Low,0,0,0,0,0,0,0,0,0,0,0,0,0,0,0,45.0,56.5,46.25,59.0
23.068996,72.500476,123.24,2551.7,2711.23,3385.64,4012.91,2722.02,8363.75,9010.25,2898.48,1868.84,5.02,Low,Unknown,Low,0,0,0,0,0,0,0,0,0,0,0,0,0,0,0,45.0,56.5,51.85,58.17
23.369188,72.232218,513.03,10137.7,76375.52,73775.15,78833.83,78804.23,80417.2,85451.34,73847.4,44578.74,1.27,Low,Unknown,Low,0,0,0,0,0,0,0,0,0,0,0,0,0,0,0,45.0,44.5,36.25,51.0
22.724506,72.703205,800.68,879.31,52426.96,62075.29,54231.04,58259.55,72279.05,62011.79,50680.01,51540.87,-99999.0,Low,Unknown,Low,0,0,0,0,0,0,0,0,0,0,0,0,0,0,0,49.0,44.5,36.25,51.0
22.608711,72.661403,902.23,3024.54,75810.66,83592.02,78038.12,81946.86,93634.05,85809.93,74467.07,75116.59,-99999.0,Low,Unknown,Low,0,0,0,0,0,0,0,0,0,0,0,0,0,0,0,45.0,44.5,36.25,51.0
23.34583,72.438022,364.24,3503.94,45975.24,42707.25,43832.57,43827.55,45977.9,59221.65,41663.96,21454.89,-99999.0,Low,Unknown,Low,0,0,0,0,0,0,0,0,0,0,0,0,0,0,0,45.0,50.5,41.25,55.0
23.128266,72.217775,956.19,4608.04,52915.42,47725.48,52686.26,54057.8,56282.09,51344.91,56956.99,47120.87,-99999.0,Low,Unknown,Low,0,0,0,0,0,0,0,0,0,0,0,0,0,0,0,45.0,44.5,36.25,51.0
22.527992,72.795552,61.76,952.32,99740.71,109495.1,101413.81,105370.65,119012.89,109133.49,97899.93,98636.32,-99999.0,Low,Unknown,Low,0,0,0,0,0,0,0,0,0,0,0,0,0,0,0,49.0,62.5,51.25,63.0
22.788724,72.413487,45.1,760.06,45011.29,40937.24,48625.47,50814.44,51178.88,53378.87,38641.98,39739.99,19.01,Low,Unknown,Low,0,0,0,0,0,0,0,0,0,0,0,0,0,0,0,54.0,66.5,53.25,71.0
23.329371,72.459109,388.66,6023.2,40611.34,37224.86,38437.18,38434.11,40614.55,54187.69,36575.66,19549.18,-99999.0,Low,Unknown,Low,0,0,0,0,0,0,0,0,0,0,0,0,0,0,0,45.0,50.5,41.25,55.0
23.015634,72.596403,5.62,379.02,752.73,1191.61,646.41,368.73,10847.65,847.2,1490.47,1683.83,141.45,High,Commercial,Low,0,2,2,2,4,4,0,0,0,0,0,2,0,2,2,84.71,98.96,92.21,89.58
22.302833,72.57117,8518.65,9871.82,143516.03,147317.36,146030.76,149163.77,157566.22,153573.55,142552.62,138576.26,-99999.0,Low,Unknown,Low,0,0,0,0,0,0,0,0,0,0,0,0,0,0,0,45.0,38.5,31.25,47.0
23.157666,72.627865,121.93,1504.64,3908.51,2803.8,8531.38,5426.54,11358.9,16046.48,3933.12,2369.29,-99999.0,Low,Residential,Low,0,0,0,0,0,0,0,0,0,0,0,0,0,0,0,49.5,61.0,54.1,64.0
22.298446,72.292533,7253.96,12514.19,155637.45,151463.51,159207.12,160417.71,161826.91,163176.09,149266.69,147795.1,-99999.0,Low,Unknown,Low,0,0,0,0,0,0,0,0,0,0,0,0,0,0,0,45.0,38.5,31.25,47.0
23.054013,72.580341,30.08,1000.1,1132.78,1400.97,3399.4,2143.04,5705.45,1873.83,2080.4,208.72,98.65,Medium,Residential,Low,0,0,0,0,0,0,0,0,0,0,0,0,0,0,0,67.3,81.0,72.22,90.67
23.087586,72.390007,647.45,5274.39,18149.58,12792.59,18332.8,19527.53,22349.94,17362.95,21351.16,15327.71,-99999.0,Low,Unknown,Low,0,0,0,0,0,0,0,0,0,0,0,0,0,0,0,45.0,44.5,36.25,51.0
22.327861,72.203117,996.41,5261.61,154693.73,150816.32,157645.94,160066.48,160570.65,162043.76,148369.84,148993.27,-99999.0,Low,Unknown,Low,0,0,0,0,0,0,0,0,0,0,0,0,0,0,0,45.0,44.5,36.25,51.0
22.569921,72.41595,44.13,44.13,91806.02,87781.15,96298.95,95516.53,98565.43,98543.34,85845.69,83005.26,3.74,Low,Unknown,Low,0,0,0,0,0,0,0,0,0,0,0,0,0,0,0,61.0,62.5,51.25,63.0
22.52372,72.279504,3456.44,3521.58,108846.04,104987.52,111815.65,114225.06,114723.86,116244.58,102525.92,103627.21,-99999.0,Low,Unknown,Low,0,0,0,0,0,0,0,0,0,0,0,0,0,0,0,45.0,38.5,31.25,47.0
22.42487,72.469306,805.34,805.34,119943.87,118939.63,122907.64,123891.11,130007.13,127915.55,117310.9,112138.66,-99999.0,Low,Unknown,Low,0,0,0,0,0,0,0,0,0,0,0,0,0,0,0,49.0,44.5,36.25,51.0
22.865688,72.444827,271.4,1243.94,27119.84,22947.1,31129.8,33144.84,33423.24,35633.72,20755.28,21929.33,-99999.0,Low,Unknown,Low,0,0,0,0,0,0,0,0,0,0,0,0,0,0,0,45.0,56.5,46.25,59.0
22.231514,72.412349,21514.82,37861.87,164313.01,162226.46,167291.99,168097.44,173145.63,171920.31,160414.46,156163.93,-99999.0,Low,Unknown,Low,0,0,0,0,0,0,0,0,0,0,0,0,0,0,0,45.0,38.5,31.25,47.0
22.311677,72.558826,7420.29,11082.09,141757.5,145045.66,144299.08,147277.41,155472.99,151803.92,140837.66,136498.37,-99999.0,Low,Unknown,Low,0,0,0,0,0,0,0,0,0,0,0,0,0,0,0,45.0,38.5,31.25,47.0
22.589316,72.431143,1704.79,3712.1,87067.94,83157.87,91629.71,90473.57,94025.17,93619.75,81294.98,78027.94,-99999.0,Low,Unknown,Low,0,0,0,0,0,0,0,0,0,0,0,0,0,0,0,45.0,38.5,31.25,47.0
22.550217,72.43268,2503.96,3063.68,95533.35,91689.1,99298.61,98592.12,102587.21,101913.04,89856.06,86261.29,-99999.0,Low,Unknown,Low,0,0,0,0,0,0,0,0,0,0,0,0,0,0,0,45.0,38.5,31.25,47.0
22.301639,72.740682,805.31,16253.7,145564.11,153653.93,147659.51,151766.12,163632.03,155465.72,144079.08,144966.82,-99999.0,Low,Unknown,Low,0,0,0,0,0,0,0,0,0,0,0,0,0,0,0,45.0,44.5,36.25,51.0
23.286249,72.786904,22.53,22.53,25050.06,33823.04,36872.77,36721.61,48915.6,52806.05,31292.79,17434.67,-99999.0,Low,Unknown,Low,0,0,0,0,0,0,0,0,0,0,0,0,0,0,0,61.0,62.5,51.25,63.0
22.886353,72.30175,1102.29,1102.29,41041.0,39664.65,40676.59,43436.58,44376.97,43454.85,36664.7,38061.31,-99999.0,Low,Unknown,Low,0,0,0,0,0,0,0,0,0,0,0,0,0,0,0,45.0,38.5,31.25,47.0
22.656878,72.283304,754.01,3372.96,81839.51,78338.65,84228.93,86761.03,87360.57,88416.07,75668.43,77164.3,-99999.0,Low,Unknown,Low,0,0,0,0,0,0,0,0,0,0,0,0,0,0,0,45.0,44.5,36.25,51.0
22.561358,72.495874,2021.22,2021.22,89402.27,88896.11,92451.38,93272.5,100043.49,97363.91,87427.41,81586.54,-99999.0,Low,Unknown,Low,0,0,0,0,0,0,0,0,0,0,0,0,0,0,0,45.0,38.5,31.25,47.0
22.275921,72.460806,13607.66,29261.19,152523.39,151933.98,155341.82,156751.14,162981.86,160883.26,150274.22,145105.37,-99999.0,Low,Unknown,Low,0,0,0,0,0,0,0,0,0,0,0,0,0,0,0,45.0,38.5,31.25,47.0
22.705323,72.490539,824.46,824.46,59846.26,57186.68,63385.81,62524.2,68341.95,66105.57,55753.61,50363.49,-99999.0,Low,Unknown,Low,0,0,0,0,0,0,0,0,0,0,0,0,0,0,0,49.0,44.5,36.25,51.0
22.292306,72.35102,17241.8,23758.26,154472.29,150355.66,158348.21,157936.41,161016.56,161179.44,148332.58,145572.77,-99999.0,Low,Unknown,Low,0,0,0,0,0,0,0,0,0,0,0,0,0,0,0,45.0,38.5,31.25,47.0
22.495908,72.57502,143.15,1016.04,100806.07,105214.1,103354.91,106398.24,114943.16,110850.91,99901.42,95938.98,-99999.0,Low,Unknown,Low,0,0,0,0,0,0,0,0,0,0,0,0,0,0,0,45.0,56.5,46.25,59.0
22.912568,72.317329,2139.21,5845.69,35449.49,34521.09,34629.77,37381.3,38358.4,37175.16,31579.78,32785.39,-99999.0,Low,Unknown,Low,0,0,0,0,0,0,0,0,0,0,0,0,0,0,0,45.0,38.5,31.25,47.0
22.328367,72.382795,8800.76,26945.8,145382.51,141505.66,148609.95,148508.36,152282.36,151931.7,139566.95,136261.93,-99999.0,Low,Unknown,Low,0,0,0,0,0,0,0,0,0,0,0,0,0,0,0,45.0,38.5,31.25,47.0
23.338588,72.39933,1185.05,4224.5,49874.64,47349.05,47913.01,47898.11,49874.73,61761.81,44615.14,19542.47,-99999.0,Low,Unknown,Low,0,0,0,0,0,0,0,0,0,0,0,0,0,0,0,45.0,38.5,31.25,47.0
22.944231,72.682446,549.2,1898.98,11178.77,17100.21,10862.64,11531.41,24482.81,16356.38,9611.4,6998.36,5.77,Low,Unknown,Low,0,0,0,0,0,0,0,0,0,0,0,0,0,0,0,45.0,44.5,36.25,51.0
22.59545,72.400842,1670.51,2258.31,86946.6,82736.97,91001.33,91358.92,93382.04,94056.17,80696.66,78684.35,-99999.0,Low,Unknown,Low,0,0,0,0,0,0,0,0,0,0,0,0,0,0,0,45.0,38.5,31.25,47.0
23.178571,72.715705,235.04,1266.56,3200.94,10896.5,17379.36,10567.2,28328.6,25268.6,6436.12,8506.37,-99999.0,Low,Unknown,Low,0,0,0,0,0,0,0,0,0,0,0,0,0,0,0,45.0,56.5,46.25,59.0
23.36907,72.281675,1004.36,4338.38,69658.65,68315.24,70450.26,70424.97,72157.27,80845.38,65918.63,36986.35,-99999.0,Low,Unknown,Low,0,0,0,0,0,0,0,0,0,0,0,0,0,0,0,45.0,38.5,31.25,47.0
22.584798,72.768367,643.15,10310.27,85984.57,95713.23,87683.82,91656.21,105382.39,95418.32,84161.61,84921.96,-99999.0,Low,Unknown,Low,0,0,0,0,0,0,0,0,0,0,0,0,0,0,0,45.0,44.5,36.25,51.0
22.441022,72.38851,3233.81,7017.36,120760.57,116701.39,124984.92,124256.32,127430.92,127441.13,114725.19,111848.59,-99999.0,Low,Unknown,Low,0,0,0,0,0,0,0,0,0,0,0,0,0,0,0,45.0,38.5,31.25,47.0
23.35749,72.781235,599.53,2097.42,39841.64,45021.92,46200.77,46098.92,57236.06,66225.52,45839.2,24108.43,-99999.0,Low,Unknown,Low,0,0,0,0,0,0,0,0,0,0,0,0,0,0,0,45.0,44.5,36.25,51.0
22.549738,72.616975,1945.06,1945.06,88445.11,95031.72,90871.35,94293.73,104235.19,98515.57,87352.76,85309.67,-99999.0,Low,Unknown,Low,0,0,0,0,0,0,0,0,0,0,0,0,0,0,0,45.0,38.5,31.25,47.0
22.789209,72.545528,738.06,6138.37,38520.71,41084.39,41910.24,42172.23,50036.04,46674.5,38969.26,31040.01,-99999.0,Low,Unknown,Low,0,0,0,0,0,0,0,0,0,0,0,0,0,0,0,45.0,44.5,36.25,51.0
22.490909,72.425633,1567.95,2553.95,108589.58,104839.56,111911.73,111558.93,115728.94,114987.87,102998.07,99307.3,-99999.0,Low,Unknown,Low,0,0,0,0,0,0,0,0,0,0,0,0,0,0,0,45.0,38.5,31.25,47.0
23.179793,72.435761,0.22,9448.7,18621.41,18435.36,24501.75,23277.29,28078.57,31907.69,20358.4,7679.28,-99999.0,Low,Unknown,Low,0,0,0,0,0,0,0,0,0,0,0,0,0,0,0,45.0,62.5,51.25,63.0
22.336665,72.53831,1019.79,9370.57,136685.8,139080.77,139273.99,141857.46,149800.44,146551.37,135846.41,130864.39,-99999.0,Low,Unknown,Low,0,0,0,0,0,0,0,0,0,0,0,0,0,0,0,45.0,38.5,31.25,47.0
22.910672,72.527377,538.9,538.9,16268.88,15702.27,21916.82,17812.07,23309.82,20446.93,15964.96,4897.43,2.08,Low,Unknown,Low,0,0,0,0,0,0,0,0,0,0,0,0,0,0,0,49.0,44.5,36.25,51.0
23.018055,72.530059,5.51,5.51,164.12,1585.08,919.23,172.79,195.71,1387.7,4155.67,2495.29,140.66,High,Commercial,Low,1,1,1,0,0,2,0,0,0,3,6,8,1,1,1,89.44,93.99,80.01,92.0
23.343606,72.476973,126.02,10496.09,41350.91,37401.84,39071.32,39076.43,41356.11,55713.59,38113.4,23863.88,-99999.0,Low,Unknown,Low,0,0,0,0,0,0,0,0,0,0,0,0,0,0,0,45.0,56.5,46.25,59.0
23.05004,72.463073,598.78,3359.62,1387.63,2090.16,4120.81,4190.83,7390.98,3501.91,5170.56,1339.97,5.45,Low,Residential,Low,0,0,0,0,0,0,0,0,0,0,0,0,0,0,0,49.5,49.0,41.25,51.39
22.549597,72.615701,2206.23,2206.23,88480.08,95037.27,90910.95,94320.59,104221.02,98550.74,87394.31,85290.73,-99999.0,Low,Unknown,Low,0,0,0,0,0,0,0,0,0,0,0,0,0,0,0,45.0,38.5,31.25,47.0
23.182759,72.677394,51.17,5880.74,4603.37,3121.86,9678.5,5896.8,20635.77,23492.58,8301.07,2673.17,-99999.0,Low,Unknown,Low,0,0,0,0,0,0,0,0,0,0,0,0,0,0,0,45.0,62.5,51.25,63.0
22.69097,72.499582,1116.19,1873.03,62034.07,60448.91,65438.56,65126.1,71626.36,68937.33,59088.3,53165.6,-99999.0,Low,Unknown,Low,0,0,0,0,0,0,0,0,0,0,0,0,0,0,0,45.0,38.5,31.25,47.0
22.960003,72.345213,61.26,2960.8,26522.11,26871.91,24398.36,27059.02,28122.2,26184.97,24286.26,24866.0,4.1,Low,Unknown,Low,0,0,0,0,0,0,0,0,0,0,0,0,0,0,0,45.0,62.5,51.25,63.0
22.990396,72.629142,0.92,230.37,657.55,4426.02,3415.07,677.78,12672.77,1675.54,2591.1,334.1,131.51,High,Residential,Low,0,0,1,0,0,0,0,0,0,0,0,6,0,0,1,79.76,81.0,72.73,89.31
23.146892,72.244379,793.9,6462.38,49932.53,43283.61,49735.41,50803.94,53527.83,48508.32,53297.66,40446.3,-99999.0,Low,Unknown,Low,0,0,0,0,0,0,0,0,0,0,0,0,0,0,0,45.0,44.5,36.25,51.0
23.388841,72.487541,444.83,11370.46,49390.5,44827.37,47027.32,47037.12,49397.93,64455.3,47025.35,33627.71,-99999.0,Low,Unknown,Low,0,0,0,0,0,0,0,0,0,0,0,0,0,0,0,45.0,50.5,41.25,55.0
22.680966,72.503968,683.53,1945.79,63772.65,62714.19,67100.94,67078.78,73898.73,71002.89,61383.04,55225.58,-99999.0,Low,Unknown,Low,0,0,0,0,0,0,0,0,0,0,0,0,0,0,0,45.0,44.5,36.25,51.0
23.304471,72.615025,607.94,607.94,24382.58,23042.06,23726.06,23794.82,29007.94,44886.87,28285.36,15962.8,-99999.0,Low,Unknown,Low,0,0,0,0,0,0,0,0,0,0,0,0,0,0,0,49.0,44.5,36.25,51.0
22.852374,72.674433,474.35,6083.72,24017.19,34771.45,25589.33,29558.47,43522.74,33319.68,22087.58,22825.55,-99999.0,Low,Unknown,Low,0,0,0,0,0,0,0,0,0,0,0,0,0,0,0,45.0,50.5,41.25,55.0
22.631435,72.737301,689.64,7543.64,74137.07,83679.26,75917.19,79928.31,93832.36,83685.24,72373.72,73201.08,-99999.0,Low,Unknown,Low,0,0,0,0,0,0,0,0,0,0,0,0,0,0,0,45.0,44.5,36.25,51.0
22.844287,72.582908,88.08,88.08,24683.56,29787.96,27797.45,29758.58,39337.76,34321.15,24748.18,20980.24,10.46,Low,Unknown,Low,0,0,0,0,0,0,0,0,0,0,0,0,0,0,0,66.0,66.5,53.25,71.0
22.301978,72.661372,345.08,7943.77,143613.68,150657.98,145920.84,149623.02,159932.01,153656.69,142362.1,140994.4,-99999.0,Low,Unknown,Low,0,0,0,0,0,0,0,0,0,0,0,0,0,0,0,45.0,50.5,41.25,55.0
22.989122,72.413005,253.0,860.47,12173.24,14021.02,9310.9,11993.62,13041.88,11748.35,12499.3,10013.7,5.89,Low,Unknown,Low,0,0,0,0,0,0,0,0,0,0,0,0,0,0,0,49.0,56.5,46.25,59.0
22.9764,72.226578,283.83,2303.38,48532.73,48687.26,46455.57,48788.31,49918.72,46594.14,48350.38,47670.97,-99999.0,Low,Unknown,Low,0,0,0,0,0,0,0,0,0,0,0,0,0,0,0,45.0,56.5,46.25,59.0
23.38033,72.606483,42.67,42.67,40881.38,38913.47,40279.28,40325.57,44797.72,60933.77,43713.84,29281.21,-99999.0,Low,Unknown,Low,0,0,0,0,0,0,0,0,0,0,0,0,0,0,0,61.0,62.5,51.25,63.0
22.679541,72.65161,568.33,568.33,60052.01,67909.52,62297.45,66181.69,78120.1,70060.56,58730.21,59805.36,-99999.0,Low,Unknown,Low,0,0,0,0,0,0,0,0,0,0,0,0,0,0,0,49.0,44.5,36.25,51.0
23.35886,72.458273,805.23,8312.15,46072.35,42270.8,43822.73,43825.33,46076.9,60130.57,42503.21,25339.74,-99999.0,Low,Unknown,Low,0,0,0,0,0,0,0,0,0,0,0,0,0,0,0,45.0,44.5,36.25,51.0
22.212657,72.355243,18222.18,32829.69,171506.1,167651.34,174680.92,174727.99,178380.46,178166.04,165677.23,162496.0,-99999.0,Low,Unknown,Low,0,0,0,0,0,0,0,0,0,0,0,0,0,0,0,45.0,38.5,31.25,47.0
22.812811,72.511279,2759.96,2759.96,36785.29,34214.23,41024.43,38720.02,44913.62,42129.34,33263.37,26392.58,2.93,Low,Unknown,Low,0,0,0,0,0,0,0,0,0,0,0,0,0,0,0,45.0,38.5,31.25,47.0
22.896622,72.545141,109.01,109.01,17365.15,19068.63,22190.23,19113.79,26551.92,23115.93,19415.63,7573.05,2.35,Low,Unknown,Low,0,0,0,0,0,0,0,0,0,0,0,0,0,0,0,57.0,56.5,46.25,59.0
22.734934,72.434681,24.13,2011.38,55541.64,51357.04,59854.4,60254.79,62100.38,62870.31,49383.21,47774.85,64.42,Medium,Unknown,Low,0,0,0,0,0,0,0,0,0,0,0,0,0,0,0,55.0,70.5,55.25,79.0
23.126811,72.553154,473.82,1758.41,3004.8,1414.0,1878.35,1220.04,9184.51,6352.86,504.55,403.99,5.25,Low,Residential,Low,0,0,0,0,0,0,0,0,0,0,0,0,0,0,0,49.5,60.38,58.24,60.0
22.800559,72.40698,549.42,1218.83,42910.3,38953.11,46324.39,48574.83,48979.46,51018.13,36555.92,37871.9,1.94,Low,Unknown,Low,0,0,0,0,0,0,0,0,0,0,0,0,0,0,0,45.0,44.5,36.25,51.0
22.229475,72.26273,762.25,14247.0,171890.95,167746.85,175384.22,176840.9,178047.16,179569.24,165520.29,164208.06,-99999.0,Low,Unknown,Low,0,0,0,0,0,0,0,0,0,0,0,0,0,0,0,45.0,44.5,36.25,51.0
22.699171,72.777037,14.63,2534.61,63663.5,74045.68,64974.98,68733.5,81783.11,72483.37,61594.85,62067.96,-99999.0,Low,Unknown,Low,0,0,0,0,0,0,0,0,0,0,0,0,0,0,0,45.0,62.5,51.25,63.0
22.339283,72.764406,624.76,9415.63,138266.13,146762.33,140269.9,144353.39,157016.96,148078.62,136693.41,137678.59,-99999.0,Low,Unknown,Low,0,0,0,0,0,0,0,0,0,0,0,0,0,0,0,45.0,44.5,36.25,51.0
22.37001,72.387134,7330.63,19408.54,136252.11,132263.1,139655.33,139386.48,143034.98,142752.05,130320.22,127098.57,-99999.0,Low,Unknown,Low,0,0,0,0,0,0,0,0,0,0,0,0,0,0,0,45.0,38.5,31.25,47.0
22.746399,72.32412,514.3,3314.99,60654.3,57272.31,62944.05,65485.62,66097.01,67127.69,54543.1,56071.84,1.64,Low,Unknown,Low,0,0,0,0,0,0,0,0,0,0,0,0,0,0,0,45.0,44.5,36.25,51.0
22.779511,72.485698,106.23,2685.24,44227.43,40867.49,49991.84,47387.12,52020.5,50370.69,39444.58,34798.14,17.18,Low,Unknown,Low,0,0,0,0,0,0,0,0,0,0,0,0,0,0,0,50.0,60.5,48.25,67.0
22.725799,72.618058,1173.5,1173.5,49601.99,56531.28,52049.97,55463.3,66355.42,59672.79,48548.09,47809.36,-99999.0,Low,Unknown,Low,0,0,0,0,0,0,0,0,0,0,0,0,0,0,0,45.0,38.5,31.25,47.0
22.582691,72.380158,4095.76,6034.46,90581.92,86350.74,94351.54,95491.68,96845.89,98087.78,84216.25,82845.49,-99999.0,Low,Unknown,Low,0,0,0,0,0,0,0,0,0,0,0,0,0,0,0,45.0,38.5,31.25,47.0
23.172223,72.269051,12.05,6330.88,48532.5,40411.93,48758.1,47953.71,52727.35,47700.14,51333.66,33355.51,-99999.0,Low,Unknown,Low,0,0,0,0,0,0,0,0,0,0,0,0,0,0,0,45.0,62.5,51.25,63.0
23.219016,72.588782,195.32,3871.05,7600.08,3713.27,7334.17,7374.06,9679.45,25701.19,9183.06,7529.13,-99999.0,Low,Unknown,Low,0,0,0,0,0,0,0,0,0,0,0,0,0,0,0,45.0,56.5,46.25,59.0
23.012567,72.298612,2041.75,3581.37,32744.11,32665.75,31441.77,33498.21,34626.94,30810.39,35653.55,32290.43,5.86,Low,Unknown,Low,0,0,0,0,0,0,0,0,0,0,0,0,0,0,0,45.0,38.5,31.25,47.0
23.380681,72.346348,461.62,7686.32,63800.86,61295.74,61857.35,61841.78,63800.67,75301.52,58373.07,31459.4,-99999.0,Low,Unknown,Low,0,0,0,0,0,0,0,0,0,0,0,0,0,0,0,45.0,50.5,41.25,55.0
22.409344,72.296081,334.3,5116.4,131741.83,127651.82,135147.66,137219.3,137851.52,139748.86,125374.11,124689.35,26.17,Low,Unknown,Low,0,0,0,0,0,0,0,0,0,0,0,0,0,0,0,50.0,54.5,43.25,63.0
22.871819,72.775078,1106.91,4382.86,32800.84,41353.5,35143.56,34931.11,47720.49,40991.79,32826.7,25640.84,-99999.0,Low,Unknown,Low,0,0,0,0,0,0,0,0,0,0,0,0,0,0,0,45.0,38.5,31.25,47.0
22.478227,72.443028,1841.98,1841.98,110070.71,107348.59,113273.33,113393.34,118320.1,117046.92,105593.47,101311.69,-99999.0,Low,Unknown,Low,0,0,0,0,0,0,0,0,0,0,0,0,0,0,0,45.0,38.5,31.25,47.0
22.421342,72.584287,1500.5,4498.09,117108.54,121784.65,119614.34,122786.64,131550.83,127169.61,116132.53,112546.01,-99999.0,Low,Unknown,Low,0,0,0,0,0,0,0,0,0,0,0,0,0,0,0,45.0,38.5,31.25,47.0
22.718561,72.217515,1553.73,6531.53,78233.42,75561.22,79319.13,82030.97,82824.13,82804.71,72625.86,74274.34,-99999.0,Low,Unknown,Low,0,0,0,0,0,0,0,0,0,0,0,0,0,0,0,45.0,38.5,31.25,47.0
22.936928,72.318395,1060.33,2840.71,33134.19,32881.36,31527.44,34229.85,35267.96,33535.09,30083.81,30986.76,-99999.0,Low,Unknown,Low,0,0,0,0,0,0,0,0,0,0,0,0,0,0,0,45.0,38.5,31.25,47.0
22.910644,72.433301,193.96,405.18,18524.06,15112.69,21658.09,23919.25,24360.52,26402.08,12342.71,13885.43,52.14,Medium,Unknown,Low,0,0,0,0,0,0,0,0,0,0,0,0,0,0,0,63.0,64.5,50.25,75.0
23.045683,72.323471,2920.33,4821.26,27590.33,27026.32,27294.28,28722.63,30254.37,25753.43,33316.84,26443.42,-99999.0,Low,Unknown,Low,0,0,0,0,0,0,0,0,0,0,0,0,0,0,0,45.0,38.5,31.25,47.0
23.102791,72.685238,37.64,71.94,3906.69,9586.24,8346.38,2673.37,15466.18,8186.92,2231.23,1175.49,-99999.0,Low,Unknown,Low,0,0,0,0,0,0,0,0,0,0,0,0,0,0,0,61.0,62.5,58.63,63.0
22.275077,72.261051,5516.6,9974.69,162214.68,158108.71,165630.35,167539.31,168333.25,170142.72,155845.9,154864.82,-99999.0,Low,Unknown,Low,0,0,0,0,0,0,0,0,0,0,0,0,0,0,0,45.0,38.5,31.25,47.0
23.246375,72.312176,458.64,2774.16,47068.42,43079.48,53163.58,49849.87,54966.61,54485.24,47549.67,20289.98,-99999.0,Low,Unknown,Low,0,0,0,0,0,0,0,0,0,0,0,0,0,0,0,45.0,50.5,41.25,55.0
22.591182,72.47453,1974.17,7535.13,84407.78,82235.5,87680.09,87675.75,93320.46,91415.37,80639.98,75658.7,-99999.0,Low,Unknown,Low,0,0,0,0,0,0,0,0,0,0,0,0,0,0,0,45.0,38.5,31.25,47.0
22.514824,72.717582,300.09,3310.65,98110.39,106605.49,100146.58,104241.13,116964.47,107955.99,96567.59,97586.9,-99999.0,Low,Unknown,Low,0,0,0,0,0,0,0,0,0,0,0,0,0,0,0,45.0,50.5,41.25,55.0
22.833258,72.583465,42.78,42.78,27012.81,32211.16,30029.61,32182.09,41702.18,36694.57,26912.48,23231.93,7.01,Low,Unknown,Low,0,0,0,0,0,0,0,0,0,0,0,0,0,0,0,61.0,62.5,51.25,63.0
22.916365,72.566785,873.06,1876.68,11437.97,13958.7,16257.83,13961.6,23262.94,19184.02,15344.16,6233.53,-99999.0,Low,Unknown,Low,0,0,0,0,0,0,0,0,0,0,0,0,0,0,0,45.0,44.5,36.25,51.0
22.904406,72.408755,516.19,2440.3,22256.09,19436.03,24405.8,26910.92,27514.29,28783.38,16490.4,18142.59,-99999.0,Low,Unknown,Low,0,0,0,0,0,0,0,0,0,0,0,0,0,0,0,45.0,44.5,36.25,51.0
23.214621,72.570418,37.9,4892.07,8377.4,3764.9,5979.17,5941.78,8388.63,24467.78,6977.48,6571.63,-99999.0,Low,Unknown,Low,0,0,0,0,0,0,0,0,0,0,0,0,0,0,0,45.0,62.5,51.25,63.0
23.176486,72.623593,156.08,2773.8,1467.79,1643.91,4481.77,2120.87,9737.44,18912.32,6662.17,1718.11,-99999.0,Low,Unknown,Low,0,0,0,0,0,0,0,0,0,0,0,0,0,0,0,45.0,56.5,46.25,54.62
22.556934,72.568691,71.63,4224.04,87543.88,91737.5,90133.39,92960.18,101396.27,97502.69,86711.83,82392.51,-99999.0,Low,Unknown,Low,0,0,0,0,0,0,0,0,0,0,0,0,0,0,0,45.0,62.5,51.25,63.0
22.301702,72.280369,5368.29,10044.73,155527.6,151389.38,159018.04,160633.31,161680.75,163284.65,149157.06,147964.61,-99999.0,Low,Unknown,Low,0,0,0,0,0,0,0,0,0,0,0,0,0,0,0,45.0,38.5,31.25,47.0
22.341434,72.383228,9212.71,24709.23,142614.17,138629.61,145860.0,145692.54,149400.84,149090.6,136686.48,133428.08,-99999.0,Low,Unknown,Low,0,0,0,0,0,0,0,0,0,0,0,0,0,0,0,45.0,38.5,31.25,47.0
22.419653,72.616062,849.51,963.96,117242.57,123507.0,119663.31,123084.2,132661.8,127312.91,116140.48,113677.76,-99999.0,Low,Unknown,Low,0,0,0,0,0,0,0,0,0,0,0,0,0,0,0,49.0,44.5,36.25,51.0
22.81299,72.450943,146.39,146.39,38144.95,33931.31,42617.34,43110.55,44740.42,45824.12,32010.51,31252.68,4.27,Low,Unknown,Low,0,0,0,0,0,0,0,0,0,0,0,0,0,0,0,57.0,56.5,46.25,59.0
22.365441,72.430226,2330.88,14591.37,134691.35,132382.39,137764.87,138290.82,143330.57,142051.15,130600.72,126301.16,-99999.0,Low,Unknown,Low,0,0,0,0,0,0,0,0,0,0,0,0,0,0,0,45.0,38.5,31.25,47.0
22.422904,72.581301,1249.09,5199.3,116804.42,121333.58,119318.11,122465.79,131152.76,126863.04,115840.9,112148.68,-99999.0,Low,Unknown,Low,0,0,0,0,0,0,0,0,0,0,0,0,0,0,0,45.0,38.5,31.25,47.0
23.03212,72.587156,35.35,1257.96,810.5,2137.05,1489.27,245.44,7650.53,2415.75,2943.2,2406.87,130.93,High,Residential,Low,1,1,2,0,0,4,0,0,0,0,0,4,1,1,2,69.0,88.25,68.73,89.74
23.399879,72.532948,750.83,3213.63,47869.79,44060.19,46887.86,46862.45,49303.37,65127.84,47568.46,40002.47,-99999.0,Low,Unknown,Low,0,0,0,0,0,0,0,0,0,0,0,0,0,0,0,45.0,44.5,36.25,51.0
22.78757,72.284178,193.17,8338.24,57983.12,55329.22,59167.23,61863.77,62637.08,62780.27,52385.22,54038.43,2.51,Low,Unknown,Low,0,0,0,0,0,0,0,0,0,0,0,0,0,0,0,45.0,56.5,46.25,59.0
22.577496,72.470601,2009.64,4416.34,87519.74,85257.72,90782.18,90794.23,96327.69,94519.77,83636.86,78766.08,-99999.0,Low,Unknown,Low,0,0,0,0,0,0,0,0,0,0,0,0,0,0,0,45.0,38.5,31.25,47.0
22.264334,72.415424,14220.85,35814.79,157102.95,154924.63,160107.34,160834.1,165846.03,164634.17,153114.89,148880.47,-99999.0,Low,Unknown,Low,0,0,0,0,0,0,0,0,0,0,0,0,0,0,0,45.0,38.5,31.25,47.0
22.2115,72.281921,4542.31,19801.86,174868.77,170666.92,178490.53,179264.22,181083.34,182177.5,168499.09,166718.86,-99999.0,Low,Unknown,Low,0,0,0,0,0,0,0,0,0,0,0,0,0,0,0,45.0,38.5,31.25,47.0
23.178259,72.778297,383.88,3116.04,6368.28,22860.23,29842.56,22588.35,40363.91,33214.97,11102.69,16015.59,-99999.0,Low,Unknown,Low,0,0,0,0,0,0,0,0,0,0,0,0,0,0,0,45.0,50.5,41.25,55.0
22.806526,72.496982,1526.99,2738.1,38202.56,35127.38,43894.37,41032.63,46324.24,44067.51,33918.72,28456.48,2.74,Low,Unknown,Low,0,0,0,0,0,0,0,0,0,0,0,0,0,0,0,45.0,38.5,31.25,47.0
23.021636,72.449378,59.71,5572.12,3125.84,4702.2,2810.43,3301.43,4340.82,1952.32,10300.24,3849.2,3.49,Low,Unknown,Low,0,0,0,0,0,0,0,0,0,0,0,0,0,0,0,45.11,63.41,51.7,63.0
23.20787,72.49322,76.43,4775.52,17884.65,15258.57,16695.65,16651.75,17877.86,27730.37,11049.51,4611.01,-99999.0,Low,Unknown,Low,0,0,0,0,0,0,0,0,0,0,0,0,0,0,0,45.0,62.5,51.25,63.0
22.299205,72.218516,38.85,38.85,159612.31,155651.86,162725.82,165104.7,165577.69,167194.45,153266.38,153323.75,-99999.0,Low,Unknown,Low,0,0,0,0,0,0,0,0,0,0,0,0,0,0,0,61.0,62.5,51.25,63.0
23.113268,72.375254,1068.79,1415.24,23775.12,16025.89,24359.82,23536.49,28421.86,23499.98,26472.13,20298.88,-99999.0,Low,Unknown,Low,0,0,0,0,0,0,0,0,0,0,0,0,0,0,0,45.0,38.5,31.25,47.0
22.529824,72.522565,264.12,3423.56,94954.54,96229.01,97749.31,99448.26,107047.12,103902.02,94434.38,88165.88,-99999.0,Low,Unknown,Low,0,0,0,0,0,0,0,0,0,0,0,0,0,0,0,45.0,56.5,46.25,59.0
22.401851,72.474393,3262.34,3262.34,124660.45,124024.3,127562.61,128752.27,135105.54,132856.48,122417.04,117078.56,-99999.0,Low,Unknown,Low,0,0,0,0,0,0,0,0,0,0,0,0,0,0,0,45.0,38.5,31.25,47.0
23.091022,72.659552,49.77,413.78,141.21,7208.46,2589.7,3160.62,10478.23,3137.15,6687.44,2754.96,87.47,Medium,Unknown,Low,0,0,0,0,0,0,0,0,0,1,1,1,0,0,0,70.5,78.47,58.25,83.0
22.859671,72.267927,1976.43,6420.06,49952.17,48420.62,49655.75,52415.66,53356.33,52390.74,45407.76,46875.03,-99999.0,Low,Unknown,Low,0,0,0,0,0,0,0,0,0,0,0,0,0,0,0,45.0,38.5,31.25,47.0
22.337048,72.665068,626.85,2124.13,135878.48,143027.97,138170.48,141910.31,152396.81,145914.75,134608.64,133485.34,-99999.0,Low,Unknown,Low,0,0,0,0,0,0,0,0,0,0,0,0,0,0,0,45.0,44.5,36.25,51.0
23.187939,72.420117,40.21,6282.82,22155.46,20939.86,28106.0,26349.62,31309.23,34656.87,23607.53,9926.14,-99999.0,Low,Unknown,Low,0,0,0,0,0,0,0,0,0,0,0,0,0,0,0,45.0,62.5,51.25,63.0
23.187133,72.224966,392.84,392.84,57681.65,49794.4,57744.08,57340.3,61658.9,56622.12,60601.1,40040.12,-99999.0,Low,Unknown,Low,0,0,0,0,0,0,0,0,0,0,0,0,0,0,0,53.0,50.5,41.25,55.0
23.062776,72.527812,35.54,1240.5,579.13,607.54,3263.03,2904.53,5694.42,3491.93,2932.57,3011.19,147.02,High,Residential,Low,0,0,0,0,0,0,0,0,0,0,0,4,0,0,0,67.0,81.0,68.76,89.08
23.387731,72.26145,688.43,9006.84,75333.2,73833.48,76047.17,76022.79,77776.89,86207.7,71585.88,42681.48,3.84,Low,Unknown,Low,0,0,0,0,0,0,0,0,0,0,0,0,0,0,0,45.0,44.5,36.25,51.0
23.196085,72.650807,581.27,594.21,2584.13,3650.25,3833.03,3628.47,15816.77,25500.61,8753.96,732.2,-99999.0,Low,Forest,Low,0,0,0,0,0,0,0,0,0,0,0,0,0,0,0,46.0,41.5,32.5,48.81
22.557251,72.799588,1293.85,4915.04,94009.19,103999.69,95606.42,99526.31,113028.94,103288.41,92115.87,92796.23,-99999.0,Low,Unknown,Low,0,0,0,0,0,0,0,0,0,0,0,0,0,0,0,45.0,38.5,31.25,47.0
22.739679,72.409146,1275.7,3282.99,55644.57,51477.51,59378.62,61246.52,61876.28,63986.21,49274.54,49373.36,-99999.0,Low,Unknown,Low,0,0,0,0,0,0,0,0,0,0,0,0,0,0,0,45.0,38.5,31.25,47.0
23.180074,72.463442,1509.16,11098.83,15007.36,17114.97,19755.75,19919.04,22519.73,27378.83,14800.71,3360.45,-99999.0,Low,Unknown,Low,0,0,0,0,0,0,0,0,0,0,0,0,0,0,0,45.0,38.5,31.25,47.0
23.392749,72.665379,280.2,6880.29,43893.85,44414.76,43215.03,43222.95,50439.06,65883.87,49883.24,26397.14,-99999.0,Low,Unknown,Low,0,0,0,0,0,0,0,0,0,0,0,0,0,0,0,45.0,56.5,46.25,59.0
22.484335,72.686422,786.7,2164.08,103745.65,111580.23,105926.05,109918.54,121511.81,113714.95,102349.02,102862.76,-99999.0,Low,Unknown,Low,0,0,0,0,0,0,0,0,0,0,0,0,0,0,0,45.0,44.5,36.25,51.0
22.905509,72.410379,543.26,2347.88,21868.59,19032.14,24059.61,26555.21,27151.73,28458.63,16088.87,17739.56,-99999.0,Low,Unknown,Low,0,0,0,0,0,0,0,0,0,0,0,0,0,0,0,45.0,44.5,36.25,51.0
23.052905,72.579662,0.38,1088.77,945.55,1442.64,3165.2,1960.44,5758.46,1788.46,2241.28,223.91,103.46,High,Residential,Low,0,0,0,0,0,0,0,0,0,0,0,1,0,0,0,67.5,81.0,72.6,90.13
22.399178,72.283541,3464.45,5162.34,134597.52,130539.22,137933.61,140221.38,140673.6,142505.53,128233.31,127759.9,-99999.0,Low,Unknown,Low,0,0,0,0,0,0,0,0,0,0,0,0,0,0,0,45.0,38.5,31.25,47.0
22.447944,72.324166,2025.51,2025.51,122054.09,117906.05,125595.0,127267.01,128225.61,129875.45,115683.25,114633.26,-99999.0,Low,Unknown,Low,0,0,0,0,0,0,0,0,0,0,0,0,0,0,0,45.0,38.5,31.25,47.0
22.271229,72.410489,12916.79,34950.1,155880.86,153481.28,158914.31,159535.47,164384.91,163287.4,151653.89,147541.22,-99999.0,Low,Unknown,Low,0,0,0,0,0,0,0,0,0,0,0,0,0,0,0,45.0,38.5,31.25,47.0
22.537302,72.523261,151.41,1795.89,93306.66,94600.72,96108.88,97791.54,105395.14,102246.63,92797.43,86511.47,-99999.0,Low,Unknown,Low,0,0,0,0,0,0,0,0,0,0,0,0,0,0,0,45.0,56.5,46.25,59.0
22.588384,72.622432,652.64,652.64,79897.18,86665.19,82305.0,85783.96,96050.52,89965.94,78779.84,77187.47,-99999.0,Low,Unknown,Low,0,0,0,0,0,0,0,0,0,0,0,0,0,0,0,49.0,44.5,36.25,51.0
22.5472,72.360406,1425.85,1425.85,99073.52,94889.28,102724.1,104193.21,105289.07,106807.78,92703.41,91604.87,-99999.0,Low,Unknown,Low,0,0,0,0,0,0,0,0,0,0,0,0,0,0,0,45.0,38.5,31.25,47.0
23.22962,72.791293,399.8,2889.17,14475.11,28034.88,32971.88,29374.82,45090.95,43146.2,20782.99,20682.19,-99999.0,Low,Unknown,Low,0,0,0,0,0,0,0,0,0,0,0,0,0,0,0,45.0,50.5,41.25,55.0
23.015159,72.257135,194.73,6119.85,40975.91,40796.42,39805.61,41837.0,42963.71,39050.48,43782.72,40365.97,9.11,Low,Unknown,Low,0,0,0,0,0,0,0,0,0,0,0,0,0,0,0,45.0,56.5,46.25,59.0
23.355326,72.671415,127.93,5511.61,36043.9,36684.01,35463.09,35456.59,43486.39,58496.29,43171.4,18231.53,-99999.0,Low,Unknown,Low,0,0,0,0,0,0,0,0,0,0,0,0,0,0,0,45.0,56.5,46.25,59.0
23.302522,72.795492,1300.37,3758.43,28974.44,37506.31,40271.09,40127.54,52203.25,56745.54,35231.21,19908.19,-99999.0,Low,Unknown,Low,0,0,0,0,0,0,0,0,0,0,0,0,0,0,0,45.0,38.5,31.25,47.0
23.240457,72.276133,653.34,2448.8,52517.37,47261.97,58242.23,54388.2,61634.74,57464.94,54106.26,27553.1,-99999.0,Low,Unknown,Low,0,0,0,0,0,0,0,0,0,0,0,0,0,0,0,45.0,44.5,36.25,51.0
23.239295,72.349806,431.47,640.8,40122.85,37280.41,45880.52,43638.55,47306.19,49663.94,39927.5,12916.42,-99999.0,Low,Unknown,Low,0,0,0,0,0,0,0,0,0,0,0,0,0,0,0,49.0,50.5,41.25,55.0
23.053674,72.697089,184.41,2025.88,5282.58,15664.95,11494.85,4591.25,12203.94,9805.01,12272.66,1366.64,6.95,Low,Unknown,Low,0,0,0,0,0,0,0,0,0,0,0,0,0,0,0,45.0,56.5,46.25,59.0
23.113768,72.605741,155.66,257.11,840.12,2854.91,7253.45,607.81,7057.57,6477.44,7379.4,2026.72,33.07,Low,Residential,Low,0,0,1,0,0,0,0,0,0,0,0,1,0,0,1,66.5,65.0,53.25,65.83
22.78735,72.546455,1085.53,5885.54,38837.57,41532.3,42202.87,42552.32,50455.73,47081.8,39244.44,31457.42,-99999.0,Low,Unknown,Low,0,0,0,0,0,0,0,0,0,0,0,0,0,0,0,45.0,38.5,31.25,47.0
22.522461,72.448535,543.52,5687.99,100459.6,97541.92,103725.32,103642.98,108526.93,107245.19,95803.08,91518.03,-99999.0,Low,Unknown,Low,0,0,0,0,0,0,0,0,0,0,0,0,0,0,0,45.0,44.5,36.25,51.0
22.74239,72.580177,283.17,283.17,46790.83,52126.13,49461.29,52104.82,61089.88,56588.47,46132.25,42173.97,-99999.0,Low,Unknown,Low,0,0,0,0,0,0,0,0,0,0,0,0,0,0,0,57.0,56.5,46.25,59.0
23.25615,72.255857,298.92,7660.25,57717.98,52547.76,63437.74,59673.81,66385.14,62636.4,58925.89,31582.23,-99999.0,Low,Unknown,Low,0,0,0,0,0,0,0,0,0,0,0,0,0,0,0,45.0,56.5,46.25,59.0
22.818736,72.366935,269.38,1436.5,42601.42,39282.33,44953.92,47467.75,48061.59,49234.63,36517.65,38065.38,4.19,Low,Unknown,Low,0,0,0,0,0,0,0,0,0,0,0,0,0,0,0,45.0,56.5,46.25,59.0
23.323603,72.421443,123.46,1406.59,44459.89,41869.71,42474.73,42460.87,44460.31,56638.19,39357.73,16157.04,-99999.0,Low,Unknown,Low,0,0,0,0,0,0,0,0,0,0,0,0,0,0,0,45.0,56.5,46.25,59.0
23.340305,72.396374,1868.63,4430.02,50555.72,48042.76,48598.14,48583.05,50555.76,62399.77,45273.27,20004.32,-99999.0,Low,Unknown,Low,0,0,0,0,0,0,0,0,0,0,0,0,0,0,0,45.0,38.5,31.25,47.0
22.202968,72.664481,2958.99,2958.99,165663.69,172624.14,167976.55,171660.4,181785.72,175709.35,164418.71,162820.77,-99999.0,Low,Unknown,Low,0,0,0,0,0,0,0,0,0,0,0,0,0,0,0,45.0,38.5,31.25,47.0
23.079269,72.638559,189.83,2217.75,1728.21,4982.44,2419.85,1727.15,6883.47,3517.19,2562.92,2425.06,24.12,Low,Grass,Low,0,0,0,0,0,0,0,0,0,0,0,0,0,0,0,47.0,60.28,51.0,62.37
22.750139,72.598486,3015.02,3821.87,44532.36,50679.79,47113.3,50137.27,60165.14,54569.15,43698.37,41456.51,-99999.0,Low,Unknown,Low,0,0,0,0,0,0,0,0,0,0,0,0,0,0,0,45.0,38.5,31.25,47.0
22.629867,72.237998,1979.89,1979.89,91523.76,88207.69,93571.37,96167.56,96824.3,97570.69,85458.9,87000.18,-99999.0,Low,Unknown,Low,0,0,0,0,0,0,0,0,0,0,0,0,0,0,0,45.0,38.5,31.25,47.0
22.841309,72.330698,357.86,837.74,42943.78,40395.28,44144.61,46830.3,47592.5,47855.2,37426.94,39094.1,-99999.0,Low,Unknown,Low,0,0,0,0,0,0,0,0,0,0,0,0,0,0,0,49.0,50.5,41.25,55.0
22.715572,72.327111,2224.69,7982.11,66335.08,62760.12,68915.49,71401.81,71965.97,73221.08,60123.21,61599.09,2.79,Low,Unknown,Low,0,0,0,0,0,0,0,0,0,0,0,0,0,0,0,45.0,38.5,31.25,47.0
22.522244,72.697006,585.77,585.77,95739.03,103902.15,97856.02,101968.73,114069.94,105658.54,94275.83,95360.73,-99999.0,Low,Unknown,Low,0,0,0,0,0,0,0,0,0,0,0,0,0,0,0,49.0,44.5,36.25,51.0
22.605306,72.54676,2045.86,8077.83,77682.19,80402.13,80414.44,82444.28,90466.41,87142.56,77083.28,71492.34,-99999.0,Low,Unknown,Low,0,0,0,0,0,0,0,0,0,0,0,0,0,0,0,45.0,38.5,31.25,47.0
22.879371,72.491203,2925.26,2925.26,22318.59,19140.69,29057.42,26576.96,30342.17,29212.01,18118.62,14676.31,4.96,Low,Unknown,Low,0,0,0,0,0,0,0,0,0,0,0,0,0,0,0,45.0,38.5,31.25,47.0
22.612488,72.609531,820.51,2634.99,74625.96,81087.97,77090.14,80418.76,90322.69,84695.88,73590.52,71420.59,-99999.0,Low,Unknown,Low,0,0,0,0,0,0,0,0,0,0,0,0,0,0,0,45.0,44.5,36.25,51.0
22.258091,72.259745,3960.01,10749.12,165911.7,161795.95,169346.25,171148.64,172039.69,173773.42,159542.27,158471.14,-99999.0,Low,Unknown,Low,0,0,0,0,0,0,0,0,0,0,0,0,0,0,0,45.0,38.5,31.25,47.0
23.140668,72.475749,374.45,7626.19,7016.12,10664.12,14007.46,12515.0,16891.42,20801.38,14527.16,4177.65,-99999.0,Low,Unknown,Low,0,0,0,0,0,0,0,0,0,0,0,0,0,0,0,45.0,50.5,41.25,55.0
22.349085,72.714591,1772.12,4847.76,134288.49,142165.04,136436.95,140485.37,152028.25,144234.5,132857.61,133308.85,-99999.0,Low,Unknown,Low,0,0,0,0,0,0,0,0,0,0,0,0,0,0,0,45.0,38.5,31.25,47.0
22.729543,72.200406,116.69,10721.18,78816.55,76353.89,79589.6,82324.6,83157.92,82882.69,73383.71,75052.4,-99999.0,Low,Unknown,Low,0,0,0,0,0,0,0,0,0,0,0,0,0,0,0,45.0,56.5,46.25,59.0
23.349638,72.321391,1411.52,2524.95,61453.49,60900.07,61544.29,61519.97,63279.63,73333.87,57151.95,28507.13,-99999.0,Low,Unknown,Low,0,0,0,0,0,0,0,0,0,0,0,0,0,0,0,45.0,38.5,31.25,47.0
23.02631,72.279148,5.34,2248.51,36392.57,36103.78,35565.03,37464.2,38581.31,34483.83,40364.51,35628.91,26.91,Low,Unknown,Low,0,0,0,0,0,0,0,0,0,0,0,0,0,0,0,50.0,66.5,53.25,71.0
22.979997,72.295386,1417.5,6648.64,35036.33,35374.37,32659.75,35056.33,36181.81,33110.75,34642.0,33802.43,-99999.0,Low,Unknown,Low,0,0,0,0,0,0,0,0,0,0,0,0,0,0,0,45.0,38.5,31.25,47.0
23.319271,72.364412,343.73,2664.97,51140.81,50586.91,50744.67,50719.75,52468.93,62699.99,46363.34,18082.59,-99999.0,Low,Unknown,Low,0,0,0,0,0,0,0,0,0,0,0,0,0,0,0,45.0,50.5,41.25,55.0
22.985506,72.350234,1601.5,1601.5,24321.95,24897.54,21589.43,24050.36,25167.26,22433.5,23987.36,22677.37,-99999.0,Low,Unknown,Low,0,0,0,0,0,0,0,0,0,0,0,0,0,0,0,45.0,38.5,31.25,47.0
22.646213,72.74228,234.94,4492.44,71379.19,81129.23,73096.78,77081.81,90885.68,80842.73,69568.37,70348.84,-99999.0,Low,Unknown,Low,0,0,0,0,0,0,0,0,0,0,0,0,0,0,0,45.0,56.5,46.25,59.0
22.39863,72.437805,3919.15,7818.7,127205.6,124960.58,130293.43,130789.21,135928.78,134558.37,123201.16,118805.99,-99999.0,Low,Unknown,Low,0,0,0,0,0,0,0,0,0,0,0,0,0,0,0,45.0,38.5,31.25,47.0
22.566611,72.619665,75.99,801.13,84710.27,91379.51,87127.75,90576.81,100664.09,94780.1,83605.93,81763.66,-99999.0,Low,Unknown,Low,0,0,0,0,0,0,0,0,0,0,0,0,0,0,0,49.0,62.5,51.25,63.0
22.480973,72.593291,6.34,4142.85,103817.47,109218.15,106310.48,109529.69,118600.53,113882.24,102822.54,99599.95,-99999.0,Low,Unknown,Low,0,0,0,0,0,0,0,0,0,0,0,0,0,0,0,45.0,62.5,51.25,63.0
23.044438,72.200652,110.76,5977.76,52203.63,51713.08,51728.82,53323.24,54630.28,50332.71,56536.17,51139.11,1.56,Low,Unknown,Low,0,0,0,0,0,0,0,0,0,0,0,0,0,0,0,45.0,56.5,46.25,59.0
22.772168,72.27962,1450.07,6705.89,61147.5,58390.74,62459.37,65144.24,65901.65,66131.53,55468.14,57108.96,-99999.0,Low,Unknown,Low,0,0,0,0,0,0,0,0,0,0,0,0,0,0,0,45.0,38.5,31.25,47.0
22.471429,72.60799,591.8,6268.86,105803.18,111967.89,108251.27,111601.44,121071.71,115873.79,104740.78,102087.34,-99999.0,Low,Unknown,Low,0,0,0,0,0,0,0,0,0,0,0,0,0,0,0,45.0,44.5,36.25,51.0
22.211144,72.617358,485.03,3614.93,163570.36,168945.68,165982.26,169412.72,178686.64,173640.28,162454.31,159682.38,-99999.0,Low,Unknown,Low,0,0,0,0,0,0,0,0,0,0,0,0,0,0,0,45.0,50.5,41.25,55.0
23.180531,72.792893,262.91,1033.01,9338.87,25834.84,32710.94,25579.27,42843.65,35787.24,13943.48,17329.69,-99999.0,Low,Unknown,Low,0,0,0,0,0,0,0,0,0,0,0,0,0,0,0,45.0,56.5,46.25,59.0
22.706777,72.279305,1168.15,4073.81,72780.61,69551.22,74756.05,77358.01,78022.52,78752.15,66765.85,68327.6,-99999.0,Low,Unknown,Low,0,0,0,0,0,0,0,0,0,0,0,0,0,0,0,45.0,38.5,31.25,47.0
22.284994,72.429842,9531.97,30375.21,151941.06,150159.94,154908.53,155783.43,161122.3,159665.83,148393.55,143901.06,-99999.0,Low,Unknown,Low,0,0,0,0,0,0,0,0,0,0,0,0,0,0,0,45.0,38.5,31.25,47.0
23.076916,72.261456,837.38,6468.34,41057.17,38727.06,40787.88,42206.29,44043.14,39319.16,46068.97,39479.53,-99999.0,Low,Unknown,Low,0,0,0,0,0,0,0,0,0,0,0,0,0,0,0,45.0,44.5,36.25,51.0
22.576022,72.728593,287.6,7513.83,85402.48,94410.38,87321.73,91382.87,105109.46,95122.71,83753.48,84684.5,-99999.0,Low,Unknown,Low,0,0,0,0,0,0,0,0,0,0,0,0,0,0,0,45.0,56.5,46.25,59.0
22.364555,72.664076,124.3,2925.8,129765.79,136946.29,132055.56,135802.25,146355.01,139800.91,128493.4,127457.44,-99999.0,Low,Unknown,Low,0,0,0,0,0,0,0,0,0,0,0,0,0,0,0,45.0,56.5,46.25,59.0
23.103789,72.279888,180.34,13367.34,39371.65,34811.65,39142.75,40514.07,42753.13,37805.67,43518.34,37363.1,-99999.0,Low,Unknown,Low,0,0,0,0,0,0,0,0,0,0,0,0,0,0,0,45.0,56.5,46.25,59.0
23.391528,72.285712,948.47,4253.69,72956.38,72173.27,72624.8,72603.42,74432.02,84804.94,68481.9,40006.79,-99999.0,Low,Unknown,Low,0,0,0,0,0,0,0,0,0,0,0,0,0,0,0,45.0,44.5,36.25,51.0
22.83661,72.205085,2292.85,9594.07,63357.72,61993.87,62710.32,65459.66,66440.82,65103.88,58987.86,60405.52,1.06,Low,Unknown,Low,0,0,0,0,0,0,0,0,0,0,0,0,0,0,0,45.0,38.5,31.25,47.0
22.980024,72.46406,467.32,1392.03,2398.71,4162.26,6382.47,7908.56,8127.02,10387.16,4562.28,2539.62,24.33,Low,Unknown,Low,0,0,0,0,0,0,0,0,0,0,0,0,0,0,0,50.0,54.5,44.42,61.28
23.066918,72.576848,99.8,142.6,1409.79,2505.65,845.77,307.16,2802.63,388.4,2461.14,1768.18,61.4,Medium,Residential,Low,0,1,2,0,7,7,0,0,0,0,0,0,0,1,2,77.29,88.01,82.19,79.46
22.381649,72.447026,1036.06,9788.3,130330.43,128613.36,133346.17,134102.32,139615.59,137985.69,126894.12,122219.03,-99999.0,Low,Unknown,Low,0,0,0,0,0,0,0,0,0,0,0,0,0,0,0,45.0,38.5,31.25,47.0
23.023879,72.715978,734.55,2030.58,2723.42,16464.19,15987.82,8449.54,16810.04,16863.14,11248.8,2344.42,-99999.0,Low,Unknown,Low,0,0,0,0,0,0,0,0,0,0,0,0,0,0,0,45.0,44.5,36.25,50.21
22.304026,72.260279,4777.6,6398.51,156088.98,152009.64,159451.64,161559.35,162181.17,164027.43,149722.58,148967.94,-99999.0,Low,Unknown,Low,0,0,0,0,0,0,0,0,0,0,0,0,0,0,0,45.0,38.5,31.25,47.0
23.102935,72.553744,81.61,4036.89,2327.36,3183.34,3723.57,3208.67,4362.6,3336.79,1021.19,1045.81,5.04,Low,Unknown,Low,0,0,0,0,0,0,0,0,0,0,0,0,0,0,0,45.0,62.5,61.86,61.08
22.660838,72.777949,490.76,2424.06,71256.21,81719.54,72703.89,76549.09,89830.35,80304.24,69266.03,69841.69,-99999.0,Low,Unknown,Low,0,0,0,0,0,0,0,0,0,0,0,0,0,0,0,45.0,50.5,41.25,55.0
22.577404,72.283898,618.56,618.56,97563.43,93802.92,100370.38,102817.12,103345.38,104735.37,91276.31,92681.91,-99999.0,Low,Unknown,Low,0,0,0,0,0,0,0,0,0,0,0,0,0,0,0,49.0,44.5,36.25,51.0
22.532361,72.250549,1724.5,9675.7,109343.01,105641.54,112018.36,114497.97,115051.04,116311.91,103080.52,104508.91,-99999.0,Low,Unknown,Low,0,0,0,0,0,0,0,0,0,0,0,0,0,0,0,45.0,38.5,31.25,47.0
22.864076,72.560005,223.81,3490.93,22318.93,25499.31,26113.17,25504.71,34053.61,30351.01,23607.28,15230.69,-99999.0,Low,Unknown,Low,0,0,0,0,0,0,0,0,0,0,0,0,0,0,0,45.0,56.5,46.25,59.0
22.929112,72.667382,282.3,2590.31,10009.49,18716.11,10141.48,13461.53,26720.46,17178.92,7538.04,7118.12,26.41,Low,Unknown,Low,0,0,0,0,0,0,0,0,0,0,0,0,0,0,0,50.0,60.5,48.25,67.0
23.028571,72.708735,264.32,2214.72,4388.26,15271.83,14283.18,6716.75,15101.89,15093.05,10691.16,1459.35,7.07,Low,Unknown,Low,0,0,0,0,0,0,0,0,0,0,0,0,0,0,0,45.0,56.5,46.25,59.0
22.990086,72.38099,28.06,151.48,18353.94,19140.36,15325.07,17830.22,18938.38,16520.55,18378.25,16402.77,103.2,High,Unknown,Low,0,0,0,0,0,0,0,0,0,0,0,0,0,0,0,74.5,76.5,58.25,91.0
22.821299,72.505714,652.38,652.38,34968.1,32173.72,40261.11,37364.71,43172.67,40516.87,31164.04,24849.46,-99999.0,Low,Unknown,Low,0,0,0,0,0,0,0,0,0,0,0,0,0,0,0,49.0,44.5,36.25,51.0
23.097412,72.377325,542.28,2457.96,21440.67,15194.73,21660.59,22447.32,25672.95,20677.96,24529.2,18445.22,-99999.0,Low,Unknown,Low,0,0,0,0,0,0,0,0,0,0,0,0,0,0,0,45.0,44.5,36.25,51.0
22.265483,72.738748,5548.56,21247.46,153448.51,161421.93,155565.97,159671.56,171307.52,163369.4,151985.64,152586.51,-99999.0,Low,Unknown,Low,0,0,0,0,0,0,0,0,0,0,0,0,0,0,0,45.0,38.5,31.25,47.0
23.345606,72.496933,523.72,11900.13,39999.11,35640.9,37656.73,37668.44,40005.89,54922.11,37472.13,26211.69,-99999.0,Low,Unknown,Low,0,0,0,0,0,0,0,0,0,0,0,0,0,0,0,45.0,44.5,36.25,51.0
22.335292,72.49975,3669.19,14053.92,138144.22,138858.5,140832.31,142728.0,149990.89,147115.55,137346.09,131357.49,-99999.0,Low,Unknown,Low,0,0,0,0,0,0,0,0,0,0,0,0,0,0,0,45.0,38.5,31.25,47.0
22.912716,72.516972,1601.68,1601.68,15269.19,14077.5,21717.05,18105.09,23013.01,20543.82,14500.65,5732.84,-99999.0,Low,Unknown,Low,0,0,0,0,0,0,0,0,0,0,0,0,0,0,0,45.0,38.5,31.25,47.0
23.373236,72.79213,419.78,2044.92,43632.49,49092.02,50231.8,50132.05,61191.21,70239.26,49692.31,28130.99,-99999.0,Low,Unknown,Low,0,0,0,0,0,0,0,0,0,0,0,0,0,0,0,45.0,50.5,41.25,55.0
23.320709,72.27919,1222.37,3513.75,62372.97,59801.08,65653.76,65620.14,67116.75,71724.05,60319.28,31036.27,-99999.0,Low,Unknown,Low,0,0,0,0,0,0,0,0,0,0,0,0,0,0,0,45.0,38.5,31.25,47.0
23.232977,72.541028,145.81,4019.06,14114.7,10860.46,11863.2,11864.43,14119.68,29058.38,11920.78,12016.58,-99999.0,Low,Unknown,Low,0,0,0,0,0,0,0,0,0,0,0,0,0,0,0,45.0,56.5,46.25,59.0
22.638495,72.609765,994.59,2527.24,68889.61,75382.31,71358.71,74680.03,84694.43,78959.22,67862.51,65825.18,-99999.0,Low,Unknown,Low,0,0,0,0,0,0,0,0,0,0,0,0,0,0,0,45.0,44.5,36.25,51.0
23.115271,72.772672,550.28,4320.32,14626.52,22055.54,25863.01,18954.62,31158.1,25089.4,11769.67,2472.93,-99999.0,Low,Unknown,Low,0,0,0,0,0,0,0,0,0,0,0,0,0,0,0,45.0,44.5,36.25,51.0
23.12444,72.210014,183.88,3432.68,54039.38,49158.94,53803.64,55184.8,57349.77,52439.78,58219.77,48874.67,-99999.0,Low,Unknown,Low,0,0,0,0,0,0,0,0,0,0,0,0,0,0,0,45.0,56.5,46.25,59.0
22.281039,72.357311,17457.62,26000.81,156683.85,152611.45,160235.4,159981.6,163307.93,163299.84,150613.17,147666.37,-99999.0,Low,Unknown,Low,0,0,0,0,0,0,0,0,0,0,0,0,0,0,0,45.0,38.5,31.25,47.0
22.247792,72.236281,640.83,7465.54,169379.69,165318.39,172695.24,174912.96,175450.15,177247.97,163015.56,162328.96,-99999.0,Low,Unknown,Low,0,0,0,0,0,0,0,0,0,0,0,0,0,0,0,45.0,44.5,36.25,51.0
23.147148,72.503966,41.36,4960.06,5358.89,8394.11,9054.03,9359.77,14579.66,16552.28,8758.04,1320.62,-99999.0,Low,Residential,Low,0,0,0,0,0,0,0,0,0,0,0,0,0,0,0,49.5,67.0,56.25,68.0
22.954285,72.500629,8.69,84.14,5836.74,5246.56,12851.83,11155.85,14977.85,14160.81,7122.18,1215.88,6.65,Low,Unknown,Low,0,0,0,0,0,0,0,0,0,0,0,0,0,0,0,61.0,62.5,51.25,63.0
22.698518,72.621086,123.66,4362.94,55600.53,62561.7,58024.79,61490.22,72315.8,65670.34,54510.34,53690.4,-99999.0,Low,Unknown,Low,0,0,0,0,0,0,0,0,0,0,0,0,0,0,0,45.0,56.5,46.25,59.0
22.298913,72.521939,9883.95,18217.05,145425.84,147155.71,148034.35,150400.39,158150.87,154979.82,144622.9,139258.04,-99999.0,Low,Unknown,Low,0,0,0,0,0,0,0,0,0,0,0,0,0,0,0,45.0,38.5,31.25,47.0
22.939256,72.366481,496.29,2050.97,23960.65,23297.68,23232.66,25992.22,26939.69,26122.74,20441.05,21469.06,4.3,Low,Unknown,Low,0,0,0,0,0,0,0,0,0,0,0,0,0,0,0,45.0,50.5,41.25,55.0
22.571888,72.506783,2255.18,4736.98,86590.99,86707.41,89583.66,90632.06,97856.34,94844.16,85311.89,79073.98,-99999.0,Low,Unknown,Low,0,0,0,0,0,0,0,0,0,0,0,0,0,0,0,45.0,38.5,31.25,47.0
22.443837,72.684836,992.19,5122.81,112622.64,120308.31,114826.12,118768.07,130111.24,122608.24,111251.12,111380.97,-99999.0,Low,Unknown,Low,0,0,0,0,0,0,0,0,0,0,0,0,0,0,0,45.0,44.5,36.25,51.0
22.843668,72.434439,178.77,178.77,32292.02,28178.01,36113.36,38210.97,38530.25,40777.43,25921.3,27141.65,47.02,Low,Unknown,Low,0,0,0,0,0,0,0,0,0,0,0,0,0,0,0,67.0,64.5,50.25,75.0
22.961153,72.700716,345.37,2481.4,9360.66,16830.02,13821.45,10182.54,22948.55,17130.82,10006.54,3960.31,5.45,Low,Unknown,Low,0,0,0,0,0,0,0,0,0,0,0,0,0,0,0,45.0,50.5,41.25,55.0
23.017267,72.239669,2159.97,6989.31,44437.51,44216.12,43335.24,45349.34,46474.72,42516.68,47288.03,43764.08,-99999.0,Low,Unknown,Low,0,0,0,0,0,0,0,0,0,0,0,0,0,0,0,45.0,38.5,31.25,47.0
23.038411,72.637975,100.0,442.52,190.58,5433.5,1823.1,3014.04,2064.54,5349.49,4547.42,2281.22,146.86,High,Unknown,Low,0,0,0,0,0,0,0,0,0,1,3,5,0,0,0,70.5,82.15,59.46,83.0
23.215762,72.234744,990.59,3625.98,57818.64,50846.59,60090.87,58298.43,64100.89,59093.24,61211.1,36486.19,-99999.0,Low,Unknown,Low,0,0,0,0,0,0,0,0,0,0,0,0,0,0,0,45.0,44.5,36.25,51.0
22.303455,72.46069,8054.14,23796.29,146547.68,145832.16,149396.31,150713.15,156878.97,154815.89,144171.15,139037.99,-99999.0,Low,Unknown,Low,0,0,0,0,0,0,0,0,0,0,0,0,0,0,0,45.0,38.5,31.25,47.0
22.744046,72.565299,27.69,2187.99,46955.77,51754.69,49844.57,51745.22,60292.83,56634.87,46605.25,41301.77,-99999.0,Low,Unknown,Low,0,0,0,0,0,0,0,0,0,0,0,0,0,0,0,45.0,62.5,51.25,63.0
22.571148,72.645016,848.57,4382.07,83827.31,91097.17,86142.13,89850.47,100773.1,93871.61,82587.37,82020.95,-99999.0,Low,Unknown,Low,0,0,0,0,0,0,0,0,0,0,0,0,0,0,0,45.0,44.5,36.25,51.0
23.08879,72.271666,847.03,9720.03,39778.76,36473.53,39526.8,40928.71,42954.42,38112.4,44419.45,38002.2,-99999.0,Low,Unknown,Low,0,0,0,0,0,0,0,0,0,0,0,0,0,0,0,45.0,44.5,36.25,51.0
23.049481,72.6209,101.31,293.62,1162.02,2013.8,4108.03,4641.6,3312.27,1231.3,348.46,2727.98,136.64,High,Industrial,Low,0,0,0,0,0,0,0,0,0,0,0,0,0,0,0,77.81,72.0,79.98,82.75
22.396599,72.77181,209.4,655.23,126189.42,134985.94,128124.39,132186.88,145451.11,135926.24,124555.05,125487.97,-99999.0,Low,Unknown,Low,0,0,0,0,0,0,0,0,0,0,0,0,0,0,0,49.0,56.5,46.25,59.0
22.827606,72.669792,44.33,10456.97,28723.98,38795.17,30530.51,34578.57,48754.69,38322.94,26972.92,27878.83,-99999.0,Low,Unknown,Low,0,0,0,0,0,0,0,0,0,0,0,0,0,0,0,45.0,62.5,51.25,63.0
23.064919,72.300178,82.88,7085.64,32888.6,31478.35,32614.75,34036.33,35838.73,31134.12,38073.7,31394.24,-99999.0,Low,Unknown,Low,0,0,0,0,0,0,0,0,0,0,0,0,0,0,0,45.0,62.5,51.25,63.0
22.352317,72.668674,171.22,171.22,132545.57,139773.74,134824.86,138594.98,149206.48,142575.78,131260.58,130314.64,-99999.0,Low,Unknown,Low,0,0,0,0,0,0,0,0,0,0,0,0,0,0,0,57.0,56.5,46.25,59.0
22.522517,72.731849,761.29,1404.08,97070.38,105842.23,99037.82,103113.09,116367.68,106844.45,95464.11,96429.18,-99999.0,Low,Unknown,Low,0,0,0,0,0,0,0,0,0,0,0,0,0,0,0,45.0,44.5,36.25,51.0
23.125716,72.217614,549.97,4894.81,52731.23,47682.35,52499.5,53874.88,56076.78,51149.41,56830.69,47457.74,-99999.0,Low,Unknown,Low,0,0,0,0,0,0,0,0,0,0,0,0,0,0,0,45.0,44.5,36.25,51.0
23.168529,72.363188,402.37,2524.39,30137.2,23869.59,35363.62,31061.1,39130.61,34754.86,34978.08,20113.32,-99999.0,Low,Unknown,Low,0,0,0,0,0,0,0,0,0,0,0,0,0,0,0,45.0,50.5,41.25,55.0
22.276646,72.627394,6580.64,10439.01,149001.56,155018.35,151391.96,154883.88,164449.67,159068.81,147856.61,145454.9,-99999.0,Low,Unknown,Low,0,0,0,0,0,0,0,0,0,0,0,0,0,0,0,45.0,38.5,31.25,47.0
22.891982,72.246242,3003.6,3003.6,50326.06,49552.48,49050.56,51765.27,52793.33,51064.46,46618.93,47795.13,2.6,Low,Unknown,Low,0,0,0,0,0,0,0,0,0,0,0,0,0,0,0,45.0,38.5,31.25,47.0
22.746237,72.416074,270.32,2380.61,53930.17,49723.38,57755.67,59356.87,60199.1,62081.42,47563.65,47413.72,4.04,Low,Unknown,Low,0,0,0,0,0,0,0,0,0,0,0,0,0,0,0,45.0,56.5,46.25,59.0
22.799532,72.540132,1029.92,5384.44,36832.11,38581.85,40361.68,40096.73,47713.72,44429.79,37528.89,28739.63,-99999.0,Low,Unknown,Low,0,0,0,0,0,0,0,0,0,0,0,0,0,0,0,45.0,38.5,31.25,47.0
22.641225,72.35307,239.9,370.22,79525.1,75523.15,82837.24,85144.21,85574.0,87433.65,73167.59,73772.38,3.1,Low,Unknown,Low,0,0,0,0,0,0,0,0,0,0,0,0,0,0,0,53.0,56.5,46.25,59.0
22.323486,72.544347,4185.01,11148.06,139444.96,142111.53,142017.98,144729.5,152749.79,149410.66,138578.61,133800.71,-99999.0,Low,Unknown,Low,0,0,0,0,0,0,0,0,0,0,0,0,0,0,0,45.0,38.5,31.25,47.0
23.067334,72.337043,1113.02,4924.23,25842.62,24155.48,25587.37,26992.92,29019.53,24167.56,30734.95,24155.6,1.95,Low,Unknown,Low,0,0,0,0,0,0,0,0,0,0,0,0,0,0,0,45.0,38.5,31.25,47.0
22.81059,72.226423,3784.67,16701.6,63042.94,61178.19,63065.21,65824.99,66739.55,65932.06,58159.65,59754.73,2.36,Low,Unknown,Low,0,0,0,0,0,0,0,0,0,0,0,0,0,0,0,45.0,38.5,31.25,47.0
23.235514,72.346731,503.34,1497.74,40096.04,36953.14,45985.89,43409.44,47670.96,49173.09,40243.76,13673.39,-99999.0,Low,Unknown,Low,0,0,0,0,0,0,0,0,0,0,0,0,0,0,0,45.0,44.5,36.25,51.0
22.766118,72.429788,325.83,2589.64,49110.88,44834.01,53111.95,54246.83,55445.09,56952.95,42758.64,42240.67,1.96,Low,Unknown,Low,0,0,0,0,0,0,0,0,0,0,0,0,0,0,0,45.0,50.5,41.25,55.0
22.380102,72.758696,1075.59,1075.59,129137.78,137702.24,131130.26,135210.85,148018.39,138938.4,127554.63,128532.32,-99999.0,Low,Unknown,Low,0,0,0,0,0,0,0,0,0,0,0,0,0,0,0,45.0,38.5,31.25,47.0
23.228982,72.531719,101.26,3686.68,14419.73,11956.66,12325.2,12315.18,14422.19,28655.72,11327.33,11349.55,-99999.0,Low,Unknown,Low,0,0,0,0,0,0,0,0,0,0,0,0,0,0,0,45.0,56.5,46.25,59.0
23.296737,72.644399,36.84,74.87,22714.18,23142.23,21955.37,21972.03,29671.94,44685.73,29460.05,10294.11,-99999.0,Low,Unknown,Low,0,0,0,0,0,0,0,0,0,0,0,0,0,0,0,61.0,62.5,51.25,63.0
22.703243,72.393081,1440.78,1573.97,64188.15,60061.4,67802.23,69875.23,70373.0,72525.36,57817.36,57909.7,-99999.0,Low,Unknown,Low,0,0,0,0,0,0,0,0,0,0,0,0,0,0,0,45.0,38.5,31.25,47.0
22.699508,72.632173,1231.7,4258.34,55406.31,62748.67,57764.76,61397.98,72721.78,65463.66,54225.59,54242.69,-99999.0,Low,Unknown,Low,0,0,0,0,0,0,0,0,0,0,0,0,0,0,0,45.0,38.5,31.25,47.0
22.52551,72.246732,219.52,9730.23,111034.35,107334.88,113703.05,116184.48,116738.86,117992.11,104772.84,106201.94,-99999.0,Low,Unknown,Low,0,0,0,0,0,0,0,0,0,0,0,0,0,0,0,45.0,56.5,46.25,59.0
22.64737,72.501225,1902.02,7172.88,70937.17,70039.98,74173.79,74433.1,81212.94,78409.32,68655.93,62631.51,-99999.0,Low,Unknown,Low,0,0,0,0,0,0,0,0,0,0,0,0,0,0,0,45.0,38.5,31.25,47.0
23.282329,72.307607,488.81,2639.5,52586.92,49751.35,57131.58,56201.48,58428.34,61731.67,51355.69,22402.35,-99999.0,Low,Unknown,Low,0,0,0,0,0,0,0,0,0,0,0,0,0,0,0,45.0,50.5,41.25,55.0
23.165206,72.788848,40.22,2729.78,8930.47,24336.18,32444.63,24307.93,40022.5,33105.43,12042.45,13882.85,-99999.0,Low,Unknown,Low,0,0,0,0,0,0,0,0,0,0,0,0,0,0,0,45.0,62.5,51.25,63.0
23.344895,72.241356,1434.9,6091.83,71453.78,68509.46,74736.17,74703.65,76230.94,80024.52,69477.36,40185.01,-99999.0,Low,Unknown,Low,0,0,0,0,0,0,0,0,0,0,0,0,0,0,0,45.0,38.5,31.25,47.0
22.758113,72.369384,1347.3,5573.07,54291.12,50535.8,57254.39,59642.9,60136.17,61752.25,47998.25,49408.1,-99999.0,Low,Unknown,Low,0,0,0,0,0,0,0,0,0,0,0,0,0,0,0,45.0,38.5,31.25,47.0
23.213816,72.396381,525.29,1074.38,29440.86,27905.4,35035.81,33642.52,36871.09,41311.2,29349.91,8312.26,-99999.0,Low,Unknown,Low,0,0,0,0,0,0,0,0,0,0,0,0,0,0,0,45.0,44.5,36.25,51.0
22.86371,72.204782,2012.21,5139.41,60538.65,59566.67,59410.17,62131.73,63153.14,61457.54,56598.93,57866.4,-99999.0,Low,Unknown,Low,0,0,0,0,0,0,0,0,0,0,0,0,0,0,0,45.0,38.5,31.25,47.0
22.440805,72.538284,548.36,10468.89,113828.24,116132.46,116449.24,118818.11,126736.39,123484.46,113051.26,107797.04,-99999.0,Low,Unknown,Low,0,0,0,0,0,0,0,0,0,0,0,0,0,0,0,45.0,44.5,36.25,51.0
22.564691,72.573631,333.43,6054.6,85721.17,90277.38,88298.84,91245.93,99777.6,95715.16,84868.24,80772.47,-99999.0,Low,Unknown,Low,0,0,0,0,0,0,0,0,0,0,0,0,0,0,0,45.0,50.5,41.25,55.0
22.756712,72.555015,351.78,4093.8,44731.46,48462.85,47815.74,49074.5,57303.5,53837.25,44675.1,38298.39,-99999.0,Low,Unknown,Low,0,0,0,0,0,0,0,0,0,0,0,0,0,0,0,45.0,50.5,41.25,55.0
22.792033,72.663568,147.19,5125.8,35917.6,45171.54,37928.76,42028.26,56301.77,45737.92,34349.3,35399.17,-99999.0,Low,Unknown,Low,0,0,0,0,0,0,0,0,0,0,0,0,0,0,0,45.0,56.5,46.25,59.0
22.434507,72.740266,939.51,939.51,116510.1,125024.95,118524.08,122611.53,135340.28,126333.31,114946.61,115943.68,-99999.0,Low,Unknown,Low,0,0,0,0,0,0,0,0,0,0,0,0,0,0,0,49.0,44.5,36.25,51.0
23.112579,72.347076,878.0,4110.08,28349.51,21557.43,28448.0,29004.06,32413.91,27388.36,31430.14,25324.62,-99999.0,Low,Unknown,Low,0,0,0,0,0,0,0,0,0,0,0,0,0,0,0,45.0,44.5,36.25,51.0
22.207653,72.446022,26976.02,29714.39,167973.65,167147.54,170789.56,172175.58,178162.61,176266.18,165443.26,160488.58,-99999.0,Low,Unknown,Low,0,0,0,0,0,0,0,0,0,0,0,0,0,0,0,45.0,38.5,31.25,47.0
22.479597,72.407854,2675.61,4648.06,111692.31,107725.43,115603.46,114960.92,118530.31,118228.51,105808.23,102601.73,-99999.0,Low,Unknown,Low,0,0,0,0,0,0,0,0,0,0,0,0,0,0,0,45.0,38.5,31.25,47.0
23.207489,72.726319,687.06,1028.49,7710.53,14060.56,19209.78,16008.2,31202.76,31857.23,12012.55,8329.13,-99999.0,Low,Unknown,Low,0,0,0,0,0,0,0,0,0,0,0,0,0,0,0,45.0,44.5,36.25,51.0
23.341188,72.200877,1023.21,1532.58,77112.38,73192.46,81673.86,80057.2,83063.71,83882.06,76100.17,46943.48,-99999.0,Low,Unknown,Low,0,0,0,0,0,0,0,0,0,0,0,0,0,0,0,45.0,38.5,31.25,47.0
22.988765,72.709404,908.31,4964.75,5866.59,15513.93,16619.58,8932.55,19540.29,17034.83,8316.71,3964.49,15.22,Low,Unknown,Low,0,0,0,0,0,0,0,0,0,0,0,0,0,0,0,50.0,48.5,38.25,59.0
23.072658,72.262369,183.69,5751.7,40671.78,38660.61,40397.92,41819.53,43603.12,38915.7,45788.55,39153.13,5.37,Low,Unknown,Low,0,0,0,0,0,0,0,0,0,0,0,0,0,0,0,45.0,56.5,46.25,59.0
22.835777,72.342901,66.87,66.87,42269.69,39477.38,43832.88,46475.25,47187.61,47739.25,36553.25,38194.35,12.91,Low,Unknown,Low,0,0,0,0,0,0,0,0,0,0,0,0,0,0,0,66.0,66.5,53.25,71.0
22.790435,72.235937,2511.21,15498.57,64396.31,62220.12,64841.96,67591.28,68459.29,67979.8,59216.31,60904.61,-99999.0,Low,Unknown,Low,0,0,0,0,0,0,0,0,0,0,0,0,0,0,0,45.0,38.5,31.25,47.0
23.396351,72.626991,29.17,584.57,44389.05,43012.71,43462.49,43507.09,48956.62,64969.1,48036.11,29926.24,-99999.0,Low,Unknown,Low,0,0,0,0,0,0,0,0,0,0,0,0,0,0,0,49.0,62.5,51.25,63.0
22.311632,72.752765,2457.69,14544.95,143819.78,152086.66,145875.49,149972.84,162183.65,153684.56,142295.92,143321.57,-99999.0,Low,Unknown,Low,0,0,0,0,0,0,0,0,0,0,0,0,0,0,0,45.0,38.5,31.25,47.0
23.276745,72.511856,226.84,1901.66,25280.8,21667.61,23032.82,23034.76,25285.46,39740.72,22238.53,16545.31,-99999.0,Low,Unknown,Low,0,0,0,0,0,0,0,0,0,0,0,0,0,0,0,45.0,56.5,46.25,59.0
23.041016,72.423495,295.34,9599.73,7520.82,6864.5,7257.04,8670.58,10809.75,5848.55,13349.93,6383.28,-99999.0,Low,Unknown,Low,0,0,0,0,0,0,0,0,0,0,0,0,0,0,0,45.0,56.5,46.25,59.0
23.369466,72.250941,1371.43,10458.94,73799.99,71654.62,75654.72,75626.67,77283.98,83661.38,70829.83,41636.44,-99999.0,Low,Unknown,Low,0,0,0,0,0,0,0,0,0,0,0,0,0,0,0,45.0,38.5,31.25,47.0
22.314692,72.280108,2862.07,8483.03,152760.82,148633.62,156229.09,157983.61,158903.27,160591.4,146390.71,145296.7,-99999.0,Low,Unknown,Low,0,0,0,0,0,0,0,0,0,0,0,0,0,0,0,45.0,38.5,31.25,47.0
23.183955,72.244898,155.24,3252.89,53828.73,45865.46,54132.06,53403.66,58082.03,53049.38,56791.83,36568.06,-99999.0,Low,Unknown,Low,0,0,0,0,0,0,0,0,0,0,0,0,0,0,0,45.0,56.5,46.25,59.0
22.881385,72.46099,298.86,1862.77,23202.08,18825.91,27670.48,28842.53,29653.52,31730.67,16924.3,17452.82,5.67,Low,Unknown,Low,0,0,0,0,0,0,0,0,0,0,0,0,0,0,0,45.0,56.5,46.25,59.0
23.357062,72.342063,100.53,5926.15,60426.13,58923.04,59189.0,59168.65,61024.64,71814.89,55219.99,27375.55,-99999.0,Low,Unknown,Low,0,0,0,0,0,0,0,0,0,0,0,0,0,0,0,45.0,56.5,46.25,59.0
22.513189,72.389005,1842.57,3188.24,105142.03,100984.1,109266.08,109132.75,111648.31,112067.85,98959.51,96579.49,-99999.0,Low,Unknown,Low,0,0,0,0,0,0,0,0,0,0,0,0,0,0,0,45.0,38.5,31.25,47.0
23.16098,72.620435,360.64,3067.52,2328.44,2644.52,7574.26,5464.52,9701.29,15711.41,5587.86,1477.63,-99999.0,Low,Unknown,Low,0,0,0,0,0,0,0,0,0,0,0,0,0,0,0,45.0,50.5,41.25,53.08
23.082423,72.390835,864.85,5624.15,17457.41,12850.21,17478.04,18704.13,21465.79,16456.4,20810.29,14869.03,-99999.0,Low,Unknown,Low,0,0,0,0,0,0,0,0,0,0,0,0,0,0,0,45.0,44.5,36.25,51.0
22.526347,72.244812,6.02,9330.11,111026.92,107338.72,113675.11,116161.06,116719.11,117954.39,104770.18,106203.53,-99999.0,Low,Unknown,Low,0,0,0,0,0,0,0,0,0,0,0,0,0,0,0,45.0,62.5,51.25,63.0
22.443255,72.667962,754.96,6470.81,112407.0,119807.37,114667.31,118486.59,129424.35,122426.93,111100.08,110610.27,-99999.0,Low,Unknown,Low,0,0,0,0,0,0,0,0,0,0,0,0,0,0,0,45.0,44.5,36.25,51.0
22.90165,72.293246,1057.18,3668.53,40864.86,39910.99,39960.33,42705.34,43695.79,42361.89,36958.82,38189.53,3.54,Low,Unknown,Low,0,0,0,0,0,0,0,0,0,0,0,0,0,0,0,45.0,38.5,31.25,47.0
22.39725,72.479633,3636.39,3636.39,125423.23,125046.44,128290.56,129602.05,136140.75,133759.98,123461.2,117983.01,-99999.0,Low,Unknown,Low,0,0,0,0,0,0,0,0,0,0,0,0,0,0,0,45.0,38.5,31.25,47.0
22.687815,72.521555,1791.57,1791.57,61190.93,61634.51,64382.0,64937.46,72236.46,69153.44,60471.51,53392.72,-99999.0,Low,Unknown,Low,0,0,0,0,0,0,0,0,0,0,0,0,0,0,0,45.0,38.5,31.25,47.0
23.357562,72.324582,1410.77,4093.2,62464.49,61885.59,62024.5,62001.99,63806.25,74170.66,57815.24,29440.84,-99999.0,Low,Unknown,Low,0,0,0,0,0,0,0,0,0,0,0,0,0,0,0,45.0,38.5,31.25,47.0
22.569969,72.359005,1664.86,3558.62,94270.5,90119.34,97857.11,99591.55,100456.2,102237.05,87899.61,87132.74,-99999.0,Low,Unknown,Low,0,0,0,0,0,0,0,0,0,0,0,0,0,0,0,45.0,38.5,31.25,47.0
22.343896,72.294569,3121.26,9383.8,145783.65,141638.21,149297.06,150896.74,151946.24,153527.68,139412.9,138217.55,-99999.0,Low,Unknown,Low,0,0,0,0,0,0,0,0,0,0,0,0,0,0,0,45.0,38.5,31.25,47.0
23.023266,72.695832,2.87,46.14,5375.78,12443.76,12219.34,4978.94,13045.83,14303.15,8006.17,1188.61,87.11,Medium,Unknown,Low,0,0,0,0,0,0,0,0,0,0,0,0,0,0,0,78.5,76.5,58.25,91.0
23.036254,72.224198,372.28,4877.83,47420.18,47002.06,46795.75,48530.73,49752.79,45533.37,51484.75,46461.65,-99999.0,Low,Unknown,Low,0,0,0,0,0,0,0,0,0,0,0,0,0,0,0,45.0,50.5,41.25,55.0
23.20311,72.396676,110.46,766.32,27882.54,25773.36,33808.78,31688.47,36374.94,39056.64,28751.19,10398.41,-99999.0,Low,Unknown,Low,0,0,0,0,0,0,0,0,0,0,0,0,0,0,0,49.0,56.5,46.25,59.0
22.309455,72.348931,16286.0,21991.67,150834.82,146689.14,154899.26,154421.0,157327.05,157606.3,144650.43,142021.23,-99999.0,Low,Unknown,Low,0,0,0,0,0,0,0,0,0,0,0,0,0,0,0,45.0,38.5,31.25,47.0
22.626891,72.508076,3707.94,8219.67,74824.01,74644.01,77943.04,78617.24,85736.51,82747.14,73296.02,66972.94,-99999.0,Low,Unknown,Low,0,0,0,0,0,0,0,0,0,0,0,0,0,0,0,45.0,38.5,31.25,47.0
23.01262,72.3561,587.87,1953.72,21318.25,21429.69,19867.82,21919.98,23049.91,19378.05,25010.32,21151.87,22.93,Low,Unknown,Low,0,0,0,0,0,0,0,0,0,0,0,0,0,0,0,50.0,48.5,38.25,59.0
23.388812,72.218649,138.38,12378.5,81271.72,78781.03,83313.87,83285.99,84945.98,90467.73,78482.83,49268.33,21.31,Low,Unknown,Low,0,0,0,0,0,0,0,0,0,0,0,0,0,0,0,50.0,60.5,48.25,67.0
22.685271,72.471321,1432.49,6201.03,65091.88,61541.67,69104.64,67865.93,72612.1,71187.34,59927.31,55515.67,-99999.0,Low,Unknown,Low,0,0,0,0,0,0,0,0,0,0,0,0,0,0,0,45.0,38.5,31.25,47.0
23.097694,72.349912,1229.75,2958.0,26274.6,20708.73,26092.52,27380.59,29972.42,24935.71,29677.98,23684.85,-99999.0,Low,Unknown,Low,0,0,0,0,0,0,0,0,0,0,0,0,0,0,0,45.0,38.5,31.25,47.0
22.754452,72.682338,130.89,913.43,44879.39,54291.35,46790.29,50859.09,65058.88,54594.01,43220.34,44174.18,-99999.0,Low,Unknown,Low,0,0,0,0,0,0,0,0,0,0,0,0,0,0,0,49.0,56.5,46.25,59.0
22.367752,72.207174,893.35,5073.16,146179.6,142344.58,149057.09,151495.22,152013.24,153423.84,139868.88,140806.8,-99999.0,Low,Unknown,Low,0,0,0,0,0,0,0,0,0,0,0,0,0,0,0,45.0,44.5,36.25,51.0
23.196447,72.78954,114.46,1433.84,9561.13,25939.32,31836.56,25854.87,43456.52,37583.56,15241.08,20472.93,-99999.0,Low,Unknown,Low,0,0,0,0,0,0,0,0,0,0,0,0,0,0,0,45.0,56.5,46.25,59.0
22.356858,72.694204,1119.09,1766.6,132034.53,139644.32,134239.92,138172.61,149336.47,142021.91,130664.85,130538.37,-99999.0,Low,Unknown,Low,0,0,0,0,0,0,0,0,0,0,0,0,0,0,0,45.0,38.5,31.25,47.0
22.646688,72.578179,938.83,1292.47,67657.32,72984.36,70260.38,73151.43,81888.96,77607.71,66854.34,62896.63,-99999.0,Low,Unknown,Low,0,0,0,0,0,0,0,0,0,0,0,0,0,0,0,45.0,44.5,36.25,51.0
22.973622,72.549394,584.49,584.49,5768.64,4920.42,7464.68,5111.09,10276.34,6263.16,4904.68,2017.26,43.07,Low,Unknown,Low,0,0,0,0,0,0,0,0,0,0,0,0,0,0,0,59.0,52.5,40.5,67.0
22.510585,72.687648,3.99,469.5,98011.31,105958.01,100173.63,104204.55,115983.2,107967.1,96595.36,97401.66,-99999.0,Low,Unknown,Low,0,0,0,0,0,0,0,0,0,0,0,0,0,0,0,53.0,62.5,51.25,63.0
22.22616,72.238683,2188.66,10947.72,173848.7,169763.41,177212.72,179256.16,179943.49,181784.55,167481.84,166602.65,-99999.0,Low,Unknown,Low,0,0,0,0,0,0,0,0,0,0,0,0,0,0,0,45.0,38.5,31.25,47.0
23.282995,72.466059,663.39,3540.44,31923.12,29417.46,29933.35,29919.31,31923.72,44543.91,27059.16,11623.43,-99999.0,Low,Unknown,Low,0,0,0,0,0,0,0,0,0,0,0,0,0,0,0,45.0,44.5,36.25,51.0
22.35455,72.743047,248.64,4780.86,134055.51,142329.44,136115.09,140213.73,152451.34,143923.96,132535.34,133565.53,-99999.0,Low,Unknown,Low,0,0,0,0,0,0,0,0,0,0,0,0,0,0,0,45.0,56.5,46.25,59.0
23.195227,72.39893,120.54,2529.51,26476.95,24039.12,32614.63,30037.72,35695.1,37286.97,28019.38,11458.31,-99999.0,Low,Unknown,Low,0,0,0,0,0,0,0,0,0,0,0,0,0,0,0,45.0,56.5,46.25,59.0
22.251236,72.476597,19796.38,27601.04,157315.56,157392.73,160037.88,161770.87,168475.95,166041.97,155786.51,150269.57,-99999.0,Low,Unknown,Low,0,0,0,0,0,0,0,0,0,0,0,0,0,0,0,45.0,38.5,31.25,47.0
22.401587,72.544331,534.93,3210.09,122255.56,124898.55,124850.09,127430.09,135443.9,132160.43,121428.62,116490.99,-99999.0,Low,Unknown,Low,0,0,0,0,0,0,0,0,0,0,0,0,0,0,0,45.0,44.5,36.25,51.0
23.186022,72.436999,137.11,8276.56,19377.16,19725.73,24934.72,24388.13,27896.62,32435.97,20192.42,6846.82,-99999.0,Low,Unknown,Low,0,0,0,0,0,0,0,0,0,0,0,0,0,0,0,45.0,56.5,46.25,59.0
22.235379,72.609928,4521.93,8963.02,158184.59,163365.22,160612.34,164000.27,173160.44,168255.33,157090.76,154155.44,-99999.0,Low,Unknown,Low,0,0,0,0,0,0,0,0,0,0,0,0,0,0,0,45.0,38.5,31.25,47.0
22.407369,72.32883,6938.06,9902.96,130540.13,126341.1,134185.89,135295.29,136760.01,138010.0,124170.55,122647.18,-99999.0,Low,Unknown,Low,0,0,0,0,0,0,0,0,0,0,0,0,0,0,0,45.0,38.5,31.25,47.0
22.424581,72.367913,2719.01,10958.59,125147.47,120973.46,129182.61,129004.92,131604.29,132036.32,118928.21,116510.15,-99999.0,Low,Unknown,Low,0,0,0,0,0,0,0,0,0,0,0,0,0,0,0,45.0,38.5,31.25,47.0
23.260109,72.22079,109.04,8988.99,64270.33,58519.34,68752.89,65786.55,72808.4,67854.22,65891.21,38623.31,-99999.0,Low,Unknown,Low,0,0,0,0,0,0,0,0,0,0,0,0,0,0,0,45.0,56.5,46.25,59.0
22.943012,72.347471,946.25,5939.48,27164.16,26864.26,25822.65,28556.23,29564.28,28189.1,24078.7,24967.21,-99999.0,Low,Unknown,Low,0,0,0,0,0,0,0,0,0,0,0,0,0,0,0,45.0,44.5,36.25,51.0
22.554126,72.447195,411.45,2099.92,93989.32,90592.18,97338.81,96953.59,101563.33,100445.05,88837.35,84741.96,-99999.0,Low,Unknown,Low,0,0,0,0,0,0,0,0,0,0,0,0,0,0,0,45.0,50.5,41.25,55.0
22.860826,72.236587,478.76,9284.7,55185.87,53943.85,54452.77,57200.28,58185.51,56836.16,50949.25,52314.48,2.35,Low,Unknown,Low,0,0,0,0,0,0,0,0,0,0,0,0,0,0,0,45.0,50.5,41.25,55.0
22.535731,72.282342,2541.4,4111.64,106173.64,102325.89,109127.25,111540.14,112041.8,113551.01,99856.73,101056.7,-99999.0,Low,Unknown,Low,0,0,0,0,0,0,0,0,0,0,0,0,0,0,0,45.0,38.5,31.25,47.0
22.439349,72.730792,239.27,737.22,115065.14,123459.38,117109.6,121205.25,133704.16,124918.9,113530.35,114551.98,-99999.0,Low,Unknown,Low,0,0,0,0,0,0,0,0,0,0,0,0,0,0,0,49.0,56.5,46.25,59.0
22.830977,72.578453,970.95,970.95,27738.84,32657.22,30850.09,32634.64,41936.11,37354.35,27780.44,23316.44,2.43,Low,Unknown,Low,0,0,0,0,0,0,0,0,0,0,0,0,0,0,0,49.0,44.5,36.25,51.0
23.162602,72.676908,151.18,4538.43,6239.11,2747.78,11741.55,2037.41,20715.39,19164.97,5984.95,0.0,-99999.0,Low,Grass,High,0,0,0,0,0,0,0,0,0,0,0,0,0,0,0,34.0,45.5,38.5,46.0
23.387284,72.669149,223.36,8226.37,42819.97,43380.03,42172.99,42176.33,49619.11,64959.12,49120.3,25065.68,-99999.0,Low,Unknown,Low,0,0,0,0,0,0,0,0,0,0,0,0,0,0,0,45.0,56.5,46.25,59.0
22.630935,72.526711,1682.85,4929.88,72978.81,74179.99,75948.78,77191.29,84743.74,81589.02,72718.68,65852.49,-99999.0,Low,Unknown,Low,0,0,0,0,0,0,0,0,0,0,0,0,0,0,0,45.0,38.5,31.25,47.0
22.781615,72.747606,1119.0,4578.37,44990.24,54955.88,46112.71,49670.89,62630.24,53498.98,42821.91,43160.51,-99999.0,Low,Unknown,Low,0,0,0,0,0,0,0,0,0,0,0,0,0,0,0,45.0,38.5,31.25,47.0
22.802872,72.433029,381.73,3171.76,41073.87,36842.95,45030.28,46651.29,47382.38,49432.78,34713.33,35109.62,-99999.0,Low,Unknown,Low,0,0,0,0,0,0,0,0,0,0,0,0,0,0,0,45.0,50.5,41.25,55.0
22.415779,72.391327,44.53,10574.98,126141.59,122131.21,129916.16,129425.07,132893.82,132711.41,120180.6,117082.4,-99999.0,Low,Unknown,Low,0,0,0,0,0,0,0,0,0,0,0,0,0,0,0,45.0,62.5,51.25,63.0
22.462824,72.737459,164.87,4512.06,110240.55,118828.25,112241.74,116325.97,129204.93,120050.54,108665.16,109653.46,-99999.0,Low,Unknown,Low,0,0,0,0,0,0,0,0,0,0,0,0,0,0,0,45.0,56.5,46.25,59.0
23.134246,72.235155,130.98,6507.37,50283.81,44496.69,50068.3,51417.94,53757.01,48774.96,54044.3,43514.66,-99999.0,Low,Unknown,Low,0,0,0,0,0,0,0,0,0,0,0,0,0,0,0,45.0,56.5,46.25,59.0
23.389838,72.517659,527.2,6965.66,46988.16,42790.88,45393.24,45380.92,47802.75,63396.87,45944.05,36548.79,-99999.0,Low,Unknown,Low,0,0,0,0,0,0,0,0,0,0,0,0,0,0,0,45.0,44.5,36.25,51.0
23.120211,72.799763,134.52,6593.04,16525.79,27021.09,31444.03,24512.52,36544.87,30636.7,15649.13,4954.55,-99999.0,Low,Unknown,Low,0,0,0,0,0,0,0,0,0,0,0,0,0,0,0,45.0,56.5,46.25,59.0
23.368776,72.260081,193.93,8640.64,72448.03,70518.98,74026.89,73999.53,75676.02,82676.72,69275.21,40132.82,-99999.0,Low,Unknown,Low,0,0,0,0,0,0,0,0,0,0,0,0,0,0,0,45.0,56.5,46.25,59.0
22.988237,72.359916,294.39,294.39,22301.77,22910.62,19552.45,22008.54,23125.71,20419.85,22261.97,20674.33,-99999.0,Low,Unknown,Low,0,0,0,0,0,0,0,0,0,0,0,0,0,0,0,57.0,56.5,46.25,59.0
23.179542,72.750356,119.42,5865.93,824.21,17617.75,24213.92,17178.27,35331.16,29447.79,7073.1,14681.28,-99999.0,Low,Unknown,Low,0,0,0,0,0,0,0,0,0,0,0,1,0,0,0,45.0,56.5,46.25,52.78
22.26709,72.797835,1020.66,20866.76,155503.17,164153.07,157459.52,161527.61,174475.56,165263.84,153887.9,154833.47,-99999.0,Low,Unknown,Low,0,0,0,0,0,0,0,0,0,0,0,0,0,0,0,45.0,38.5,31.25,47.0
22.463294,72.707903,1157.47,1157.47,108998.6,117124.76,111110.55,115221.72,127221.0,118914.15,107530.22,108607.37,-99999.0,Low,Unknown,Low,0,0,0,0,0,0,0,0,0,0,0,0,0,0,0,45.0,38.5,31.25,47.0
23.156869,72.412883,387.6,7178.75,19902.13,15388.85,27112.9,21845.83,29161.72,28507.68,25340.61,14313.81,-99999.0,Low,Unknown,Low,0,0,0,0,0,0,0,0,0,0,0,0,0,0,0,45.0,50.5,41.25,55.0
23.207067,72.707133,103.73,2122.61,5772.33,10538.55,15360.89,13394.3,27412.48,30230.09,12813.34,4841.93,-99999.0,Low,Unknown,Low,0,0,0,0,0,0,0,0,0,0,0,0,0,0,0,45.0,56.5,46.25,59.0
22.41132,72.555512,1119.45,6285.66,119840.63,123042.83,122413.33,125201.22,133371.71,129818.25,118975.07,114395.46,-99999.0,Low,Unknown,Low,0,0,0,0,0,0,0,0,0,0,0,0,0,0,0,45.0,38.5,31.25,47.0
23.167452,72.618576,384.82,3580.19,1189.42,2118.6,6123.41,4330.42,8940.85,16701.01,6460.08,782.86,-99999.0,Low,Unknown,Low,0,0,0,0,0,0,0,0,0,0,0,0,0,0,0,45.0,50.5,41.25,49.83
23.296776,72.216924,172.9,3031.85,68940.71,64194.86,75088.31,71253.59,76430.49,74348.32,69172.78,40648.47,-99999.0,Low,Unknown,Low,0,0,0,0,0,0,0,0,0,0,0,0,0,0,0,45.0,56.5,46.25,59.0
23.040673,72.768535,1053.66,1446.13,11236.91,27679.45,25875.06,18262.65,26675.13,24197.11,22377.78,9728.99,4.27,Low,Unknown,Low,0,0,0,0,0,0,0,0,0,0,0,0,0,0,0,45.0,38.5,31.25,47.0
22.876328,72.537865,165.34,1501.44,21939.11,23074.42,26768.2,23799.45,30865.04,27627.54,23251.77,11891.8,6.33,Low,Unknown,Low,0,0,0,0,0,0,0,0,0,0,0,0,0,0,0,45.0,56.5,46.25,59.0
22.42588,72.792804,46.49,1310.37,121060.76,130247.7,122891.6,126915.83,140825.4,130670.09,119339.52,120192.3,-99999.0,Low,Unknown,Low,0,0,0,0,0,0,0,0,0,0,0,0,0,0,0,45.0,62.5,51.25,63.0
23.257952,72.495336,246.31,1685.76,23943.88,21483.56,21934.02,21920.52,23944.87,37078.69,19464.45,11289.06,-99999.0,Low,Unknown,Low,0,0,0,0,0,0,0,0,0,0,0,0,0,0,0,45.0,56.5,46.25,59.0
22.570864,72.494262,2952.55,4002.04,87469.81,86787.99,90552.1,91262.28,97932.66,95314.97,85313.01,79537.07,-99999.0,Low,Unknown,Low,0,0,0,0,0,0,0,0,0,0,0,0,0,0,0,45.0,38.5,31.25,47.0
22.308309,72.339574,14573.89,20260.15,151473.73,147279.75,155412.45,155227.39,157874.09,158338.89,145212.93,142784.3,-99999.0,Low,Unknown,Low,0,0,0,0,0,0,0,0,0,0,0,0,0,0,0,45.0,38.5,31.25,47.0
22.462571,72.515869,720.31,7797.37,109814.67,110913.32,112555.15,114368.1,121921.98,118806.58,109215.4,103062.39,-99999.0,Low,Unknown,Low,0,0,0,0,0,0,0,0,0,0,0,0,0,0,0,45.0,44.5,36.25,51.0
22.20082,72.750738,6636.92,7509.4,168090.35,176049.79,170204.72,174314.28,185900.16,178008.74,166624.33,167153.6,-99999.0,Low,Unknown,Low,0,0,0,0,0,0,0,0,0,0,0,0,0,0,0,45.0,38.5,31.25,47.0
22.441757,72.278294,527.95,2605.17,125944.48,121956.9,129144.16,131495.05,131949.88,133662.95,119591.81,119680.77,-99999.0,Low,Unknown,Low,0,0,0,0,0,0,0,0,0,0,0,0,0,0,0,45.0,44.5,36.25,51.0
23.060325,72.751268,346.8,3092.09,11982.03,25410.19,21219.71,14886.16,23280.36,19682.15,17251.31,7999.42,-99999.0,Low,Unknown,Low,0,0,0,0,0,0,0,0,0,0,0,0,0,0,0,45.0,50.5,41.25,55.0
23.213141,72.394153,847.09,1270.9,29675.29,27956.91,35338.77,33767.33,37275.86,41289.13,29741.74,8636.84,-99999.0,Low,Unknown,Low,0,0,0,0,0,0,0,0,0,0,0,0,0,0,0,45.0,44.5,36.25,51.0
22.226295,72.551966,11926.72,11926.72,160777.7,163746.99,163316.5,166266.51,174372.87,170824.88,159852.41,155414.36,-99999.0,Low,Unknown,Low,0,0,0,0,0,0,0,0,0,0,0,0,0,0,0,45.0,38.5,31.25,47.0
23.300669,72.66462,621.87,4107.35,24121.22,24845.13,23611.14,23593.02,32497.23,46894.13,31699.31,8584.91,-99999.0,Low,Unknown,Low,0,0,0,0,0,0,0,0,0,0,0,0,0,0,0,45.0,44.5,36.25,51.0
23.215777,72.716402,21.59,1530.38,8184.79,13127.85,17563.79,16031.78,29719.58,32678.39,14091.75,5859.5,-99999.0,Low,Unknown,Low,0,0,0,0,0,0,0,0,0,0,0,0,0,0,0,45.0,62.5,51.25,63.0
23.352671,72.424154,150.58,1479.66,48841.26,45697.29,46729.02,46722.17,48843.44,61814.96,44320.52,22474.38,-99999.0,Low,Unknown,Low,0,0,0,0,0,0,0,0,0,0,0,0,0,0,0,45.0,56.5,46.25,59.0
23.330308,72.437357,420.01,2065.57,43416.68,40422.51,41332.36,41323.77,43418.48,56299.42,38809.1,18161.45,-99999.0,Low,Unknown,Low,0,0,0,0,0,0,0,0,0,0,0,0,0,0,0,45.0,50.5,41.25,55.0
22.321239,72.381059,9274.36,27732.69,146991.36,143115.09,150215.17,150123.8,153888.35,153547.96,141173.72,137878.24,-99999.0,Low,Unknown,Low,0,0,0,0,0,0,0,0,0,0,0,0,0,0,0,45.0,38.5,31.25,47.0
22.363742,72.294502,3146.13,8734.9,141541.56,137413.07,145021.28,146797.51,147687.9,149400.58,135171.33,134131.65,-99999.0,Low,Unknown,Low,0,0,0,0,0,0,0,0,0,0,0,0,0,0,0,45.0,38.5,31.25,47.0
23.338432,72.675106,469.13,6475.97,32601.27,33322.29,32090.25,32073.78,40597.22,55305.83,40112.97,14503.08,-99999.0,Low,Unknown,Low,0,0,0,0,0,0,0,0,0,0,0,0,0,0,0,45.0,50.5,41.25,55.0
23.352795,72.589508,229.81,799.09,35200.32,32684.56,34631.88,34678.82,38480.62,54649.26,37259.05,26696.03,-99999.0,Low,Unknown,Low,0,0,0,0,0,0,0,0,0,0,0,0,0,0,0,49.0,56.5,46.25,59.0
22.409043,72.781246,340.48,376.13,124003.92,132971.74,125894.36,129941.32,143544.54,133688.03,122331.52,123230.03,-99999.0,Low,Unknown,Low,0,0,0,0,0,0,0,0,0,0,0,0,0,0,0,53.0,50.5,41.25,55.0
23.032272,72.757307,93.48,567.02,8328.38,25048.65,23796.99,16117.46,24590.6,22791.86,19536.83,6798.99,6.51,Low,Unknown,Low,0,0,0,0,0,0,0,0,0,0,0,0,0,0,0,49.0,62.5,51.25,63.0
23.14439,72.333942,1580.33,8313.58,34480.07,26068.97,34999.9,33614.68,39042.43,34073.9,37086.39,27695.77,-99999.0,Low,Unknown,Low,0,0,0,0,0,0,0,0,0,0,0,0,0,0,0,45.0,38.5,31.25,47.0
22.90674,72.305211,1489.93,4819.9,38208.02,37257.68,37352.28,40100.91,41084.41,39827.17,34309.14,35531.79,-99999.0,Low,Unknown,Low,0,0,0,0,0,0,0,0,0,0,0,0,0,0,0,45.0,38.5,31.25,47.0
22.568188,72.613099,370.66,2151.25,84382.69,90896.43,86825.3,90205.63,100081.53,94453.5,83314.23,81155.21,-99999.0,Low,Unknown,Low,0,0,0,0,0,0,0,0,0,0,0,0,0,0,0,45.0,50.5,41.25,55.0
22.352818,72.637299,1026.72,4063.07,132111.07,138864.96,134474.89,138040.76,147970.74,142172.71,130931.4,129003.82,-99999.0,Low,Unknown,Low,0,0,0,0,0,0,0,0,0,0,0,0,0,0,0,45.0,38.5,31.25,47.0
23.338546,72.769219,485.2,2154.01,35391.69,40242.33,41506.3,41400.73,52662.29,61488.32,41300.28,19447.89,-99999.0,Low,Unknown,Low,0,0,0,0,0,0,0,0,0,0,0,0,0,0,0,45.0,50.5,41.25,55.0
22.669922,72.79657,939.06,1436.47,71265.51,81570.68,72559.57,76284.11,89256.47,80046.33,69188.96,69644.78,-99999.0,Low,Unknown,Low,0,0,0,0,0,0,0,0,0,0,0,0,0,0,0,45.0,44.5,36.25,51.0
23.358221,72.21943,1002.41,6677.58,76622.28,73488.6,79934.83,79902.73,81441.57,84788.32,74702.96,45408.97,1.58,Low,Unknown,Low,0,0,0,0,0,0,0,0,0,0,0,0,0,0,0,45.0,38.5,31.25,47.0
22.922866,72.752623,396.89,396.89,20699.9,30326.98,25878.74,23631.1,36058.65,30494.14,23382.2,13539.71,4.61,Low,Unknown,Low,0,0,0,0,0,0,0,0,0,0,0,0,0,0,0,53.0,50.5,41.25,55.0
23.361038,72.332537,1524.36,5785.12,62184.98,60976.78,61214.28,61193.39,63036.37,73695.12,57177.15,29127.05,-99999.0,Low,Unknown,Low,0,0,0,0,0,0,0,0,0,0,0,0,0,0,0,45.0,38.5,31.25,47.0
22.87866,72.762013,1017.97,4457.18,30567.73,38445.72,32095.77,32092.99,44954.76,38013.93,29766.03,23418.07,-99999.0,Low,Unknown,Low,0,0,0,0,0,0,0,0,0,0,0,0,0,0,0,45.0,38.5,31.25,47.0
22.368772,72.647206,1033.73,5732.84,128639.12,135566.1,130975.16,134611.66,144804.17,138692.62,127423.85,125863.7,-99999.0,Low,Unknown,Low,0,0,0,0,0,0,0,0,0,0,0,0,0,0,0,45.0,38.5,31.25,47.0
22.485595,72.789428,578.96,1707.86,108193.94,117628.69,109961.57,113960.68,127770.26,117720.05,106422.96,107229.62,-99999.0,Low,Unknown,Low,0,0,0,0,0,0,0,0,0,0,0,0,0,0,0,45.0,44.5,36.25,51.0
22.401465,72.731192,178.8,5905.61,123348.74,131613.66,125417.45,129518.69,141755.36,133225.75,121837.38,122876.73,-99999.0,Low,Unknown,Low,0,0,0,0,0,0,0,0,0,0,0,0,0,0,0,45.0,56.5,46.25,59.0
22.306471,72.625379,794.33,3794.76,142366.26,148441.92,144761.04,148243.14,157819.14,152434.12,141227.42,138826.32,-99999.0,Low,Unknown,Low,0,0,0,0,0,0,0,0,0,0,0,0,0,0,0,45.0,44.5,36.25,51.0
22.966923,72.731992,62.31,499.18,10266.89,21552.18,20198.89,14735.05,26158.63,22539.12,14276.62,3271.0,7.42,Low,Unknown,Low,0,0,0,0,0,0,0,0,0,0,0,0,0,0,0,53.0,62.5,51.25,63.0
22.735956,72.359127,934.08,6033.01,59573.24,55814.12,62510.69,64909.69,65408.88,66985.97,53280.52,54688.37,4.68,Low,Unknown,Low,0,0,0,0,0,0,0,0,0,0,0,0,0,0,0,45.0,44.5,36.25,51.0
22.499449,72.240677,709.11,8055.67,116772.75,113042.03,119489.41,121961.15,122507.32,123796.92,110498.85,111915.8,-99999.0,Low,Unknown,Low,0,0,0,0,0,0,0,0,0,0,0,0,0,0,0,45.0,44.5,36.25,51.0
22.50799,72.264821,1454.05,4658.98,113152.75,109330.42,116046.42,118475.68,118989.06,120438.35,106844.66,108125.0,-99999.0,Low,Unknown,Low,0,0,0,0,0,0,0,0,0,0,0,0,0,0,0,45.0,38.5,31.25,47.0
22.201537,72.431562,28024.4,32272.75,169904.61,168622.04,172774.24,173965.91,179600.97,177961.84,166874.09,162188.14,-99999.0,Low,Unknown,Low,0,0,0,0,0,0,0,0,0,0,0,0,0,0,0,45.0,38.5,31.25,47.0
23.079101,72.781461,160.84,1965.85,18877.58,27251.07,26731.66,19839.95,30028.03,25456.42,18666.26,4493.41,-99999.0,Low,Unknown,Low,0,0,0,0,0,0,0,0,0,0,0,0,0,0,0,45.0,56.5,46.25,59.0
23.261462,72.495849,427.36,1058.14,24446.33,21836.08,22403.12,22391.45,24447.75,37735.63,20113.08,11935.21,-99999.0,Low,Unknown,Low,0,0,0,0,0,0,0,0,0,0,0,0,0,0,0,45.0,50.5,41.25,55.0
22.654455,72.527614,867.67,1569.74,67909.81,69078.9,70935.53,72027.97,79563.04,76406.21,67735.53,60669.24,-99999.0,Low,Unknown,Low,0,0,0,0,0,0,0,0,0,0,0,0,0,0,0,45.0,44.5,36.25,51.0
22.321714,72.487694,6151.82,17737.4,141524.6,141793.71,144261.01,145982.61,152902.3,150283.24,140232.87,134514.39,-99999.0,Low,Unknown,Low,0,0,0,0,0,0,0,0,0,0,0,0,0,0,0,45.0,38.5,31.25,47.0
23.236861,72.590582,116.26,116.26,10692.31,7584.93,10266.22,10311.69,13529.79,29598.03,12806.26,11401.13,-99999.0,Low,Unknown,Low,0,0,0,0,0,0,0,0,0,0,0,0,0,0,0,57.0,56.5,46.25,59.0
23.024592,72.297594,85.63,1220.68,32701.21,32452.8,31833.81,33736.73,34854.77,30787.23,36783.82,32000.45,21.48,Low,Unknown,Low,0,0,0,0,0,0,0,0,0,0,0,0,0,0,0,50.0,66.5,53.25,71.0
22.288451,72.707457,1511.87,16027.85,147473.07,155111.2,149664.38,153623.32,164783.97,157451.15,146087.81,145968.71,-99999.0,Low,Unknown,Low,0,0,0,0,0,0,0,0,0,0,0,0,0,0,0,45.0,38.5,31.25,47.0
22.55389,72.39123,463.01,586.24,96297.48,92086.57,100313.82,100579.05,102716.12,103361.99,90037.2,87947.72,-99999.0,Low,Unknown,Low,0,0,0,0,0,0,0,0,0,0,0,0,0,0,0,49.0,50.5,41.25,55.0
23.341995,72.24452,1805.36,5411.34,70566.23,67627.79,73890.57,73857.82,75378.72,79161.61,68613.34,39323.33,-99999.0,Low,Unknown,Low,0,0,0,0,0,0,0,0,0,0,0,0,0,0,0,45.0,38.5,31.25,47.0
22.404126,72.425275,3276.53,8585.59,126771.55,123928.79,129930.05,130156.03,134848.4,133796.39,122117.29,118067.3,-99999.0,Low,Unknown,Low,0,0,0,0,0,0,0,0,0,0,0,0,0,0,0,45.0,38.5,31.25,47.0
23.078382,72.528228,22.59,450.3,1202.7,1135.8,5344.24,610.81,2635.01,5833.01,2291.68,1411.43,97.75,Medium,Unknown,Low,0,0,2,0,0,0,0,0,0,0,0,0,0,0,2,70.5,76.5,65.47,85.86
23.277749,72.255863,1218.75,6727.8,60191.87,55733.33,66299.04,62694.4,67737.93,66351.72,60436.9,32150.46,-99999.0,Low,Unknown,Low,0,0,0,0,0,0,0,0,0,0,0,0,0,0,0,45.0,38.5,31.25,47.0
22.912837,72.568187,226.47,2674.69,12025.81,14708.68,16828.82,14706.67,24086.3,19999.0,15438.74,6961.33,-99999.0,Low,Unknown,Low,0,0,0,0,0,0,0,0,0,0,0,0,0,0,0,45.0,56.5,46.25,59.0
22.779284,72.218596,392.19,15944.79,68635.61,66484.37,69017.29,71769.62,72646.59,72096.05,63479.27,65168.34,-99999.0,Low,Unknown,Low,0,0,0,0,0,0,0,0,0,0,0,0,0,0,0,45.0,50.5,41.25,55.0
23.330931,72.298998,141.28,2966.92,61181.7,59468.19,63181.1,63151.0,64754.43,71919.33,58200.71,28964.38,-99999.0,Low,Unknown,Low,0,0,0,0,0,0,0,0,0,0,0,0,0,0,0,45.0,56.5,46.25,59.0
23.267704,72.294262,954.11,2916.57,52672.97,48915.18,58571.58,55650.97,59776.69,60286.8,52501.64,24211.39,-99999.0,Low,Unknown,Low,0,0,0,0,0,0,0,0,0,0,0,0,0,0,0,45.0,44.5,36.25,51.0
22.321509,72.32333,10814.15,16181.76,149315.97,145074.57,153044.45,153493.37,155573.74,156435.34,142950.37,140957.62,-99999.0,Low,Unknown,Low,0,0,0,0,0,0,0,0,0,0,0,0,0,0,0,45.0,38.5,31.25,47.0
22.427981,72.618318,307.44,307.44,115393.16,121822.08,117807.9,121246.01,130898.47,125463.06,114282.78,111920.09,-99999.0,Low,Unknown,Low,0,0,0,0,0,0,0,0,0,0,0,0,0,0,0,53.0,50.5,41.25,55.0
23.066446,72.637984,10.95,973.82,934.44,4864.83,3445.84,1504.34,4077.47,4290.43,219.64,1477.09,96.86,Medium,Unknown,Low,0,0,0,0,0,0,0,0,0,0,0,2,0,0,0,66.5,76.5,70.25,85.1
22.518318,72.368914,1069.18,6802.52,104920.23,100674.3,108701.34,109540.27,111192.68,112220.65,98556.2,96868.2,-99999.0,Low,Unknown,Low,0,0,0,0,0,0,0,0,0,0,0,0,0,0,0,45.0,38.5,31.25,47.0
22.485058,72.229781,4065.62,8790.17,120561.05,116847.82,123239.76,125720.66,126273.92,127526.62,114294.53,115718.15,-99999.0,Low,Unknown,Low,0,0,0,0,0,0,0,0,0,0,0,0,0,0,0,45.0,38.5,31.25,47.0
22.886124,72.703913,639.7,3659.76,21609.76,30351.75,22128.52,25015.77,37957.02,29108.95,19213.64,19107.9,-99999.0,Low,Unknown,Low,0,0,0,0,0,0,0,0,0,0,0,0,0,0,0,45.0,44.5,36.25,51.0
22.384308,72.416497,1372.24,13069.31,131488.49,128446.76,134656.04,134831.08,139337.86,138431.19,126607.13,122711.77,-99999.0,Low,Unknown,Low,0,0,0,0,0,0,0,0,0,0,0,0,0,0,0,45.0,38.5,31.25,47.0
22.713127,72.37673,1076.69,1076.69,63031.91,59047.48,66367.93,68659.78,69083.2,70993.69,56676.07,57835.0,-99999.0,Low,Unknown,Low,0,0,0,0,0,0,0,0,0,0,0,0,0,0,0,45.0,38.5,31.25,47.0
22.994424,72.560129,365.82,812.57,1487.13,2387.76,2425.74,2674.54,7812.04,3042.58,4710.61,0.0,-99999.0,Low,Residential,High,0,0,0,0,0,0,0,0,0,0,0,0,0,0,0,45.5,49.76,43.02,43.68
22.43961,72.215441,3949.75,3965.83,130893.21,127148.37,133616.5,136088.96,136634.76,137918.25,124614.59,126025.73,-99999.0,Low,Unknown,Low,0,0,0,0,0,0,0,0,0,0,0,0,0,0,0,45.0,38.5,31.25,47.0
22.404999,72.375087,3438.03,14440.55,129085.59,124982.42,133292.81,132665.08,135670.43,135826.03,122976.59,120245.49,-99999.0,Low,Unknown,Low,0,0,0,0,0,0,0,0,0,0,0,0,0,0,0,45.0,38.5,31.25,47.0
22.298323,72.706261,2379.33,14102.66,145260.87,152904.68,147452.09,151411.61,162586.35,155238.86,143875.53,143775.87,-99999.0,Low,Unknown,Low,0,0,0,0,0,0,0,0,0,0,0,0,0,0,0,45.0,38.5,31.25,47.0
22.570024,72.43848,2718.61,4144.13,91048.85,87236.07,94831.32,94072.5,98156.73,97395.77,85425.92,81741.11,-99999.0,Low,Unknown,Low,0,0,0,0,0,0,0,0,0,0,0,0,0,0,0,45.0,38.5,31.25,47.0
22.786916,72.596624,381.91,4213.54,36567.48,42599.04,39197.01,42083.12,52230.04,46547.0,35832.64,33679.39,-99999.0,Low,Unknown,Low,0,0,0,0,0,0,0,0,0,0,0,0,0,0,0,45.0,50.5,41.25,55.0
22.309364,72.526476,7389.29,15761.6,143002.38,144909.17,145605.55,148029.49,155831.6,152639.59,142189.74,136926.26,-99999.0,Low,Unknown,Low,0,0,0,0,0,0,0,0,0,0,0,0,0,0,0,45.0,38.5,31.25,47.0
22.421857,72.731296,1266.63,4243.99,118899.2,127236.53,120954.19,125052.29,137435.45,128763.18,117374.53,118403.76,-99999.0,Low,Unknown,Low,0,0,0,0,0,0,0,0,0,0,0,0,0,0,0,45.0,38.5,31.25,47.0
22.643282,72.467465,2116.53,10203.14,74229.76,70790.61,77709.12,76932.38,81844.09,80384.8,69146.9,64682.01,-99999.0,Low,Unknown,Low,0,0,0,0,0,0,0,0,0,0,0,0,0,0,0,45.0,38.5,31.25,47.0
22.515955,72.479035,88.61,3147.1,99972.5,98820.7,103038.77,103732.48,109918.24,107706.28,97244.29,91930.31,-99999.0,Low,Unknown,Low,0,0,0,0,0,0,0,0,0,0,0,0,0,0,0,45.0,62.5,51.25,63.0
22.471491,72.361137,1168.47,1168.47,115347.67,111092.36,119137.92,119727.05,121625.99,122521.0,108984.85,107109.28,-99999.0,Low,Unknown,Low,0,0,0,0,0,0,0,0,0,0,0,0,0,0,0,45.0,38.5,31.25,47.0
22.273967,72.651341,5895.74,12054.27,149732.03,156603.29,152067.0,155700.38,165739.34,159785.54,148514.88,146773.21,-99999.0,Low,Unknown,Low,0,0,0,0,0,0,0,0,0,0,0,0,0,0,0,45.0,38.5,31.25,47.0
23.000962,72.251424,293.68,9388.48,42515.95,42482.58,40959.15,43122.97,44255.19,40578.33,44148.4,42117.07,6.3,Low,Unknown,Low,0,0,0,0,0,0,0,0,0,0,0,0,0,0,0,45.0,56.5,46.25,59.0
22.61255,72.524869,678.24,8335.55,77006.52,78147.0,79947.24,81258.15,88796.99,85653.44,76701.3,69913.83,-99999.0,Low,Unknown,Low,0,0,0,0,0,0,0,0,0,0,0,0,0,0,0,45.0,44.5,36.25,51.0
23.364847,72.553836,184.61,184.61,39336.06,35780.82,38793.65,38755.67,41202.75,57204.93,39604.43,33704.39,-99999.0,Low,Unknown,Low,0,0,0,0,0,0,0,0,0,0,0,0,0,0,0,57.0,56.5,46.25,59.0
22.864322,72.704478,140.07,5311.53,25125.4,34738.37,26007.02,29559.78,42504.28,33287.53,22842.2,23020.89,-99999.0,Low,Unknown,Low,0,0,0,0,0,0,0,0,0,0,0,0,0,0,0,45.0,56.5,46.25,59.0
23.182086,72.451179,103.52,10034.58,16829.65,18617.96,22053.85,22305.96,25000.49,29610.89,17284.91,4900.6,-99999.0,Low,Unknown,Low,0,0,0,0,0,0,0,0,0,0,0,0,0,0,0,45.0,56.5,46.25,59.0
22.842617,72.720136,16.22,6845.93,30838.06,40403.73,31750.58,35138.48,48076.38,39011.76,28572.74,28764.25,-99999.0,Low,Unknown,Low,0,0,0,0,0,0,0,0,0,0,0,0,0,0,0,45.0,62.5,51.25,63.0
22.769789,72.728992,2703.48,4136.96,45266.11,55941.62,46651.54,50483.39,63849.91,54238.49,43233.38,43779.72,-99999.0,Low,Unknown,Low,0,0,0,0,0,0,0,0,0,0,0,0,0,0,0,45.0,38.5,31.25,47.0
22.771515,72.247373,1289.89,10856.33,65608.89,63140.58,66464.31,69191.13,70010.06,69852.01,60168.68,61838.27,-99999.0,Low,Unknown,Low,0,0,0,0,0,0,0,0,0,0,0,0,0,0,0,45.0,38.5,31.25,47.0
23.283333,72.628583,256.59,1703.6,19865.55,19748.5,18900.04,18947.45,25642.87,40985.89,25308.19,11371.92,-99999.0,Low,Unknown,Low,0,0,0,0,0,0,0,0,0,0,0,0,0,0,0,45.0,56.5,46.25,59.0
22.802522,72.740273,378.78,378.78,40351.08,50142.99,41395.23,44827.32,57792.04,48727.49,38145.66,38427.71,-99999.0,Low,Unknown,Low,0,0,0,0,0,0,0,0,0,0,0,0,0,0,0,53.0,50.5,41.25,55.0
23.16054,72.606521,759.17,1666.01,2276.39,4945.47,7752.64,6982.43,7180.51,14227.88,8251.11,969.89,-99999.0,Low,Unknown,Low,0,0,0,0,0,0,0,0,0,0,0,0,0,0,0,45.0,44.5,36.25,48.93
22.944328,72.272169,184.37,5043.09,41651.25,41851.58,39306.88,41894.73,42987.14,40536.8,39154.27,39886.32,3.62,Low,Unknown,Low,0,0,0,0,0,0,0,0,0,0,0,0,0,0,0,45.0,56.5,46.25,59.0
23.108627,72.303727,190.1,12514.05,35497.54,30100.78,35290.53,36625.77,39041.5,34032.87,39228.74,33260.59,-99999.0,Low,Unknown,Low,0,0,0,0,0,0,0,0,0,0,0,0,0,0,0,45.0,56.5,46.25,59.0
23.381242,72.783299,636.96,4467.05,45009.55,49668.5,50478.49,50387.8,61185.56,71175.42,50979.11,28404.07,-99999.0,Low,Unknown,Low,0,0,0,0,0,0,0,0,0,0,0,0,0,0,0,45.0,44.5,36.25,51.0
23.170153,72.275712,302.89,7051.89,47132.04,39010.22,47438.7,46550.73,51417.32,46393.69,49957.18,32440.55,-99999.0,Low,Unknown,Low,0,0,0,0,0,0,0,0,0,0,0,0,0,0,0,45.0,50.5,41.25,55.0
22.70805,72.792968,540.32,550.53,63663.76,73602.66,64819.44,68167.37,81173.38,72197.06,61516.58,61516.11,-99999.0,Low,Unknown,Low,0,0,0,0,0,0,0,0,0,0,0,0,0,0,0,49.0,44.5,36.25,51.0
22.722472,72.798362,71.77,2618.76,61635.38,71252.53,62678.27,65680.59,78707.51,69953.01,59436.96,58640.29,-99999.0,Low,Unknown,Low,0,0,0,0,0,0,0,0,0,0,0,0,0,0,0,45.0,62.5,51.25,63.0
22.952671,72.700465,52.27,849.13,10837.78,18023.41,13932.34,11561.41,24483.99,18028.9,11472.06,5681.55,-99999.0,Low,Unknown,Low,0,0,0,0,0,0,0,0,0,0,0,0,0,0,0,49.0,62.5,51.25,63.0
22.509464,72.746483,585.96,4034.84,100603.7,109544.96,102522.06,106581.04,120157.71,110322.12,98954.43,99879.88,-99999.0,Low,Unknown,Low,0,0,0,0,0,0,0,0,0,0,0,0,0,0,0,45.0,44.5,36.25,51.0
23.297009,72.240207,485.88,4028.51,65129.99,60888.21,70859.07,67808.59,72095.48,71555.65,64905.39,36189.89,-99999.0,Low,Unknown,Low,0,0,0,0,0,0,0,0,0,0,0,0,0,0,0,45.0,50.5,41.25,55.0
22.665719,72.438413,2856.18,2856.18,70253.94,66295.07,74994.42,74164.97,77157.24,77023.41,64426.82,61550.55,3.58,Low,Unknown,Low,0,0,0,0,0,0,0,0,0,0,0,0,0,0,0,45.0,38.5,31.25,47.0
22.591352,72.36572,882.52,5982.53,89377.83,85223.26,92981.02,94710.72,95569.44,97363.0,83006.96,82288.49,-99999.0,Low,Unknown,Low,0,0,0,0,0,0,0,0,0,0,0,0,0,0,0,45.0,44.5,36.25,51.0
22.749789,72.72408,378.26,3684.05,48773.01,59195.37,50303.84,54212.03,67806.53,57973.92,46829.69,47483.04,-99999.0,Low,Unknown,Low,0,0,0,0,0,0,0,0,0,0,0,0,0,0,0,45.0,50.5,41.25,55.0
23.143861,72.573835,290.45,2519.26,4719.42,4229.84,6923.26,3119.89,7091.41,9080.77,4353.61,1598.67,-99999.0,Low,Unknown,Low,0,0,0,0,0,0,0,0,0,0,0,0,0,0,0,45.0,56.5,47.97,59.0
22.827074,72.451756,161.73,161.73,35132.09,30860.9,39529.9,40226.22,41652.15,42977.0,28922.85,28635.64,5.61,Low,Unknown,Low,0,0,0,0,0,0,0,0,0,0,0,0,0,0,0,57.0,56.5,46.25,59.0
22.697331,72.28892,2449.54,5258.54,73532.65,70175.95,75712.32,78280.34,78912.79,79810.85,67440.0,68973.3,-99999.0,Low,Unknown,Low,0,0,0,0,0,0,0,0,0,0,0,0,0,0,0,45.0,38.5,31.25,47.0
22.905521,72.655026,13.02,3916.45,11846.54,22819.35,13266.14,17242.54,31390.98,21001.11,9789.21,10516.79,9.95,Low,Unknown,Low,0,0,0,0,0,0,0,0,0,0,0,0,0,0,0,45.0,62.5,51.25,63.0
23.32758,72.754957,613.8,4848.94,32749.65,36699.74,37814.42,37711.43,48930.92,58222.41,38483.63,15734.22,-99999.0,Low,Unknown,Low,0,0,0,0,0,0,0,0,0,0,0,0,0,0,0,45.0,44.5,36.25,51.0
22.875221,72.260594,3250.58,3797.68,49415.96,48221.82,48686.87,51436.21,52417.73,51120.76,45234.03,46574.21,2.64,Low,Unknown,Low,0,0,0,0,0,0,0,0,0,0,0,0,0,0,0,45.0,38.5,31.25,47.0
22.543311,72.52138,622.39,622.39,92080.28,93242.62,94906.94,96511.94,104073.13,100939.47,91605.59,85199.03,-99999.0,Low,Unknown,Low,0,0,0,0,0,0,0,0,0,0,0,0,0,0,0,49.0,44.5,36.25,51.0
22.612643,72.446534,1027.07,7368.82,81531.23,77749.86,85636.21,84620.87,88698.02,87884.43,75969.57,72244.83,4.38,Low,Unknown,Low,0,0,0,0,0,0,0,0,0,0,0,0,0,0,0,45.0,38.5,31.25,47.0
22.659652,72.491351,1395.74,6915.72,69065.12,67226.9,72422.61,72216.11,78376.51,75994.77,65772.05,60228.37,-99999.0,Low,Unknown,Low,0,0,0,0,0,0,0,0,0,0,0,0,0,0,0,45.0,38.5,31.25,47.0
22.930755,72.222479,480.49,4599.43,52083.31,52177.16,49728.09,52298.01,53395.98,50817.98,49430.1,50236.86,2.32,Low,Unknown,Low,0,0,0,0,0,0,0,0,0,0,0,0,0,0,0,45.0,50.5,41.25,55.0
22.530497,72.286312,1602.98,2888.55,106962.89,103085.86,109971.2,112370.28,112861.59,114418.51,100637.03,101642.45,-99999.0,Low,Unknown,Low,0,0,0,0,0,0,0,0,0,0,0,0,0,0,0,45.0,38.5,31.25,47.0
22.930386,72.616197,195.17,583.21,4922.86,13973.34,7762.63,10552.56,25756.9,14828.02,5181.03,5003.85,-99999.0,Low,Unknown,Low,0,0,0,0,0,0,0,0,0,0,0,0,0,0,0,49.0,56.5,46.25,59.0
22.246539,72.733745,4148.13,17015.65,157464.07,165333.47,159602.33,163666.9,175141.8,167402.28,156022.5,156380.45,-99999.0,Low,Unknown,Low,0,0,0,0,0,0,0,0,0,0,0,0,0,0,0,45.0,38.5,31.25,47.0
22.597793,72.342548,1096.94,1096.94,89269.79,85241.26,92610.85,94912.59,95337.2,97209.78,82908.48,83140.2,0.98,Low,Unknown,Low,0,0,0,0,0,0,0,0,0,0,0,0,0,0,0,45.0,38.5,31.25,47.0
23.0949,72.752501,684.03,684.03,17583.53,20453.35,20983.61,13970.49,25529.16,19960.63,12070.73,2797.9,-99999.0,Low,Industrial,Low,0,0,0,0,0,0,0,0,0,0,0,0,0,0,0,50.5,46.0,43.75,52.0
23.276438,72.21214,2425.51,5327.87,67472.48,62054.09,72502.09,69261.25,75974.67,71625.03,68568.63,40706.77,-99999.0,Low,Unknown,Low,0,0,0,0,0,0,0,0,0,0,0,0,0,0,0,45.0,38.5,31.25,47.0
23.180863,72.381833,243.63,1611.95,27748.52,23235.33,34568.18,29936.57,37214.74,35481.85,31190.46,16030.41,-99999.0,Low,Unknown,Low,0,0,0,0,0,0,0,0,0,0,0,0,0,0,0,45.0,56.5,46.25,59.0
22.536416,72.494972,103.94,3409.22,94769.3,94384.3,97771.79,98731.64,105526.43,102855.5,92901.13,87078.79,-99999.0,Low,Unknown,Low,0,0,0,0,0,0,0,0,0,0,0,0,0,0,0,45.0,56.5,46.25,59.0
23.035419,72.25893,506.34,1914.71,40435.76,40029.6,39855.28,41545.91,42780.87,38548.46,44874.68,39499.32,-99999.0,Low,Unknown,Low,0,0,0,0,0,0,0,0,0,0,0,0,0,0,0,45.0,44.5,36.25,51.0
23.24268,72.280631,539.07,1916.76,51972.02,46914.04,58060.7,53991.91,60868.54,57307.97,53361.02,26626.73,-99999.0,Low,Unknown,Low,0,0,0,0,0,0,0,0,0,0,0,0,0,0,0,45.0,44.5,36.25,51.0
23.369063,72.465866,1001.44,10539.2,47262.49,43214.73,44970.94,44977.23,47267.94,61654.79,44049.1,27950.34,-99999.0,Low,Unknown,Low,0,0,0,0,0,0,0,0,0,0,0,0,0,0,0,45.0,38.5,31.25,47.0
23.190988,72.361652,1627.68,1709.37,32354.57,27518.86,39122.56,34388.17,41809.17,39182.59,35353.35,16273.39,-99999.0,Low,Unknown,Low,0,0,0,0,0,0,0,0,0,0,0,0,0,0,0,45.0,38.5,31.25,47.0
22.700127,72.587333,465.74,704.69,55738.94,61480.67,58338.89,61264.86,70505.12,65725.66,54934.2,51580.58,-99999.0,Low,Unknown,Low,0,0,0,0,0,0,0,0,0,0,0,0,0,0,0,49.0,50.5,41.25,55.0
22.425523,72.326834,6591.46,6591.46,126729.14,122551.46,130330.62,131722.14,132928.86,134349.53,120358.57,119036.38,-99999.0,Low,Unknown,Low,0,0,0,0,0,0,0,0,0,0,0,0,0,0,0,45.0,38.5,31.25,47.0
23.188763,72.644567,7.42,1127.42,1473.53,2679.0,3090.78,2404.04,14223.7,23469.11,7175.69,2113.05,-99999.0,Low,Residential,Low,0,0,0,0,0,0,0,0,0,0,0,0,0,0,0,49.5,67.0,56.25,63.64
23.111392,72.720313,134.04,1488.98,11194.8,13070.23,15550.24,9012.44,21832.51,15054.96,4948.17,852.4,-99999.0,Low,Unknown,Low,0,0,0,0,0,0,0,0,0,0,0,0,0,0,0,45.0,56.5,46.39,59.0
23.185221,72.509162,122.06,6789.18,12646.19,9511.1,12890.05,12832.63,13448.26,21854.18,5862.33,2616.57,-99999.0,Low,Unknown,Low,0,0,0,0,0,0,0,0,0,0,0,0,0,0,0,45.0,56.5,46.25,59.0
22.390767,72.386674,4020.86,15740.33,131746.4,127733.08,135404.62,134996.39,138489.73,138305.61,125778.11,122670.03,-99999.0,Low,Unknown,Low,0,0,0,0,0,0,0,0,0,0,0,0,0,0,0,45.0,38.5,31.25,47.0
22.808154,72.28139,615.12,10851.84,55067.19,52666.46,55909.81,58634.2,59450.15,59338.38,49682.94,51359.23,-99999.0,Low,Unknown,Low,0,0,0,0,0,0,0,0,0,0,0,0,0,0,0,45.0,44.5,36.25,51.0
23.221554,72.7276,23.62,44.58,10333.44,15710.0,20068.93,18424.88,32250.26,34735.47,15062.73,7846.54,-99999.0,Low,Unknown,Low,0,0,0,0,0,0,0,0,0,0,0,0,0,0,0,61.0,62.5,51.25,63.0
22.234738,72.315658,9327.2,23363.98,168419.81,164187.41,172235.49,172227.48,174736.36,175330.99,162093.73,159783.04,-99999.0,Low,Unknown,Low,0,0,0,0,0,0,0,0,0,0,0,0,0,0,0,45.0,38.5,31.25,47.0
23.199516,72.702186,178.74,2184.35,3970.76,8898.19,14208.14,11472.92,26079.99,28341.12,11759.55,5060.67,-99999.0,Low,Unknown,Low,0,0,0,0,0,0,0,0,0,0,0,0,0,0,0,45.0,56.5,46.25,59.0
22.499388,72.473869,149.19,149.19,103778.48,102474.96,106844.27,107519.98,113556.24,111466.78,100869.98,95692.5,-99999.0,Low,Unknown,Low,0,0,0,0,0,0,0,0,0,0,0,0,0,0,0,57.0,56.5,46.25,59.0
23.301637,72.62278,218.39,730.95,23842.08,22935.96,22941.94,22998.2,28896.11,44583.4,28314.36,14330.59,-99999.0,Low,Unknown,Low,0,0,0,0,0,0,0,0,0,0,0,0,0,0,0,49.0,56.5,46.25,59.0
22.528773,72.694104,195.09,2107.78,94217.25,102353.47,96342.08,100447.4,112511.19,104143.26,92762.09,93853.82,-99999.0,Low,Unknown,Low,0,0,0,0,0,0,0,0,0,0,0,0,0,0,0,45.0,56.5,46.25,59.0
22.806152,72.581246,377.08,377.08,32931.75,38128.25,35830.09,38103.65,47375.28,42650.37,32628.29,28655.12,-99999.0,Low,Unknown,Low,0,0,0,0,0,0,0,0,0,0,0,0,0,0,0,53.0,50.5,41.25,55.0
22.348647,72.218338,536.26,3399.56,149322.08,145422.09,152323.22,154730.72,155225.32,156745.29,142991.44,143500.81,-99999.0,Low,Unknown,Low,0,0,0,0,0,0,0,0,0,0,0,0,0,0,0,45.0,44.5,36.25,51.0
22.64696,72.556426,1223.33,1223.33,68299.66,71801.24,71022.57,73169.87,81405.82,77989.26,67693.45,62406.7,-99999.0,Low,Unknown,Low,0,0,0,0,0,0,0,0,0,0,0,0,0,0,0,45.0,38.5,31.25,47.0
22.4131,72.722288,1149.96,6768.43,120480.02,128655.4,122571.47,126677.97,138747.99,130377.83,118991.04,120049.17,-99999.0,Low,Unknown,Low,0,0,0,0,0,0,0,0,0,0,0,0,0,0,0,45.0,38.5,31.25,47.0
22.904256,72.409856,682.55,2249.84,22153.09,19299.09,24353.15,26848.32,27444.08,28751.15,16360.36,18008.32,4.2,Low,Unknown,Low,0,0,0,0,0,0,0,0,0,0,0,0,0,0,0,45.0,44.5,36.25,51.0
22.396216,72.736695,567.79,4400.5,124705.69,133030.18,126759.47,130857.03,143206.1,134568.54,123179.89,124207.04,-99999.0,Low,Unknown,Low,0,0,0,0,0,0,0,0,0,0,0,0,0,0,0,45.0,44.5,36.25,51.0
23.098753,72.61331,169.7,3192.7,2502.75,2313.51,5618.65,3160.04,6294.31,7455.38,6734.44,754.47,-99999.0,Low,Residential,Low,0,0,0,0,0,0,0,0,0,0,0,0,0,0,0,49.5,61.0,51.25,62.58
22.542083,72.431939,2765.04,2765.04,97328.88,93487.34,101000.75,100353.56,104385.37,103693.84,91654.23,88036.5,-99999.0,Low,Unknown,Low,0,0,0,0,0,0,0,0,0,0,0,0,0,0,0,45.0,38.5,31.25,47.0
22.395489,72.543355,756.57,1977.93,123620.76,126218.18,126215.5,128787.84,136788.76,133510.97,122794.1,117838.43,-99999.0,Low,Unknown,Low,0,0,0,0,0,0,0,0,0,0,0,0,0,0,0,45.0,44.5,36.25,51.0
23.357901,72.714267,446.4,13928.2,38572.17,39565.87,38851.36,38800.91,48416.75,62376.18,44886.95,18208.14,-99999.0,Low,Unknown,Low,0,0,0,0,0,0,0,0,0,0,0,0,0,0,0,45.0,50.5,41.25,55.0
22.976856,72.606617,13.59,152.3,571.56,4758.09,1417.93,883.88,16718.39,4861.8,2949.82,769.36,122.19,High,Residential,Low,0,0,1,0,0,0,0,0,0,0,0,9,0,0,1,79.0,88.59,68.72,89.06
22.5229,72.445704,42.31,5478.18,100559.47,97479.87,103842.55,103689.8,108452.27,107257.23,95726.16,91537.85,-99999.0,Low,Unknown,Low,0,0,0,0,0,0,0,0,0,0,0,0,0,0,0,45.0,62.5,51.25,63.0
22.224063,72.668182,6809.72,7564.3,161015.64,168047.06,163317.55,167028.43,177269.19,171056.72,159757.34,158316.19,-99999.0,Low,Unknown,Low,0,0,0,0,0,0,0,0,0,0,0,0,0,0,0,45.0,38.5,31.25,47.0
23.121087,72.205339,1367.48,2673.07,54652.84,50008.62,54412.35,55800.03,57920.67,53032.59,58935.18,50057.32,-99999.0,Low,Unknown,Low,0,0,0,0,0,0,0,0,0,0,0,0,0,0,0,45.0,38.5,31.25,47.0
23.293819,72.588423,78.75,3263.08,22618.29,19873.48,22084.06,22131.14,25698.93,41860.74,24575.54,19713.21,-99999.0,Low,Unknown,Low,0,0,0,0,0,0,0,0,0,0,0,0,0,0,0,45.0,62.5,51.25,63.0
22.92137,72.205078,1059.47,5059.48,55989.84,55973.39,53727.4,56309.59,57404.29,54864.59,53192.18,54054.86,-99999.0,Low,Unknown,Low,0,0,0,0,0,0,0,0,0,0,0,0,0,0,0,45.0,38.5,31.25,47.0
22.502869,72.683051,1401.94,1401.94,99583.67,107419.06,101768.06,105753.96,117368.08,109555.67,98191.44,98735.79,-99999.0,Low,Unknown,Low,0,0,0,0,0,0,0,0,0,0,0,0,0,0,0,45.0,38.5,31.25,47.0
22.566552,72.780215,110.22,8158.77,90623.84,100407.01,92298.21,96257.67,109924.05,100020.43,88783.39,89523.24,-99999.0,Low,Unknown,Low,0,0,0,0,0,0,0,0,0,0,0,0,0,0,0,45.0,56.5,46.25,59.0
22.971288,72.454284,277.88,3601.33,5140.69,4936.61,7984.94,10036.01,10447.45,12831.43,3526.42,2825.9,1.93,Low,Residential,Low,0,0,0,0,0,0,0,0,0,0,0,0,0,0,0,49.5,61.0,55.18,64.0
22.651771,72.409226,119.91,1170.79,74514.03,70256.62,78506.46,79205.44,80884.45,81791.07,68202.01,66548.4,4.59,Low,Unknown,Low,0,0,0,0,0,0,0,0,0,0,0,0,0,0,0,45.0,56.5,46.25,59.0
22.502398,72.480019,297.75,297.75,102806.84,101813.9,105840.35,106641.56,112913.7,110651.45,100241.12,94874.33,-99999.0,Low,Unknown,Low,0,0,0,0,0,0,0,0,0,0,0,0,0,0,0,57.0,56.5,46.25,59.0
23.012635,72.694586,165.41,2213.03,5577.27,11841.95,13140.99,6354.78,13955.07,14306.44,6269.85,2317.66,6.93,Low,Unknown,Low,0,0,0,0,0,0,0,0,0,0,0,0,0,0,0,45.0,56.5,46.25,59.0
22.676583,72.261387,1351.29,1351.29,80314.5,77057.87,82302.03,84904.73,85568.98,86288.65,74284.25,75839.48,-99999.0,Low,Unknown,Low,0,0,0,0,0,0,0,0,0,0,0,0,0,0,0,45.0,38.5,31.25,47.0
22.813816,72.597413,103.04,3312.28,30709.72,36754.85,33370.69,36174.36,46591.27,40636.76,30048.02,28291.65,-99999.0,Low,Unknown,Low,0,0,0,0,0,0,0,0,0,0,0,0,0,0,0,45.0,56.5,46.25,59.0
23.211941,72.424538,363.25,2124.0,25237.59,25731.79,30149.13,30186.24,31281.37,37805.92,23828.4,5369.88,-99999.0,Low,Unknown,Low,0,0,0,0,0,0,0,0,0,0,0,0,0,0,0,45.0,50.5,41.25,55.0
22.976811,72.56543,134.98,466.22,4528.6,1623.13,6108.41,1803.62,11328.37,6618.06,7759.06,2309.0,40.48,Low,Industrial,Low,0,0,0,0,0,0,0,0,0,0,0,0,0,0,0,64.5,66.0,57.75,76.0
22.558171,72.264863,883.64,5081.45,102978.5,99269.37,105679.91,108152.33,108700.21,109991.17,96712.26,98137.91,-99999.0,Low,Unknown,Low,0,0,0,0,0,0,0,0,0,0,0,0,0,0,0,45.0,44.5,36.25,51.0
22.276604,72.793017,413.39,23107.52,153205.71,161832.9,155168.91,159239.32,172144.5,162974.09,151596.47,152547.69,-99999.0,Low,Unknown,Low,0,0,0,0,0,0,0,0,0,0,0,0,0,0,0,45.0,50.5,41.25,55.0
22.968714,72.716895,4.34,2288.84,9729.7,18642.54,17161.75,11811.04,23704.19,19500.46,11407.83,4218.08,3.63,Low,Unknown,Low,0,0,0,0,0,0,0,0,0,0,0,0,0,0,0,45.0,62.5,51.25,63.0
22.513376,72.626656,698.47,1298.09,96483.68,103237.91,98873.99,102387.02,112501.54,106550.24,95340.9,93584.57,-99999.0,Low,Unknown,Low,0,0,0,0,0,0,0,0,0,0,0,0,0,0,0,45.0,44.5,36.25,51.0
23.270849,72.379275,115.01,2774.08,40881.61,40643.46,42955.02,42920.18,44392.49,53069.06,37632.7,8338.1,-99999.0,Low,Unknown,Low,0,0,0,0,0,0,0,0,0,0,0,0,0,0,0,45.0,56.5,46.25,59.0
22.379915,72.659285,692.55,6267.35,126297.15,133429.97,128597.8,132320.1,142817.43,136337.05,125038.02,123915.46,-99999.0,Low,Unknown,Low,0,0,0,0,0,0,0,0,0,0,0,0,0,0,0,45.0,44.5,36.25,51.0
23.279624,72.683258,213.62,7293.79,20994.82,21526.16,20848.69,20782.73,31284.92,44395.4,27862.97,2925.24,-99999.0,Low,Unknown,Low,0,0,0,0,0,0,0,0,0,0,0,0,0,0,0,45.0,56.5,46.25,59.0
23.162836,72.56002,13.23,13.23,4277.42,3448.99,5948.02,4555.48,4259.41,13347.73,1666.67,583.54,-99999.0,Low,Unknown,Low,0,0,0,0,0,0,0,0,0,0,0,0,0,0,0,61.0,62.5,60.14,63.0
22.992636,72.608453,55.45,2016.61,318.3,1519.23,1031.05,865.41,13402.74,1419.97,1081.98,2731.67,149.92,High,Residential,Low,0,0,1,0,0,3,0,0,0,0,1,16,0,0,1,68.36,90.45,79.16,88.34
23.06554,72.59324,386.37,841.5,1909.61,3222.91,3504.22,2112.83,4881.78,3594.34,874.05,0.0,6.98,Low,Residential,High,0,0,0,0,0,0,0,0,0,0,0,0,0,0,0,45.5,47.0,53.25,44.88
23.396963,72.355656,30.96,8385.71,65018.06,62189.53,62993.19,62981.67,65018.93,77100.39,59932.51,33992.47,-99999.0,Low,Unknown,Low,0,0,0,0,0,0,0,0,0,0,0,0,0,0,0,45.0,62.5,51.25,63.0
22.702279,72.432965,292.77,292.77,62599.45,58487.6,67029.64,67154.69,69263.17,69718.3,56541.66,54446.51,3.45,Low,Unknown,Low,0,0,0,0,0,0,0,0,0,0,0,0,0,0,0,57.0,56.5,46.25,59.0
22.242383,72.624841,5875.18,10310.03,156620.11,162390.23,159016.48,162490.59,171950.7,166688.3,155483.01,152950.91,-99999.0,Low,Unknown,Low,0,0,0,0,0,0,0,0,0,0,0,0,0,0,0,45.0,38.5,31.25,47.0
22.886451,72.313949,1542.35,2329.7,38972.84,37457.38,38830.12,41589.83,42505.73,41781.34,34448.65,35894.16,-99999.0,Low,Unknown,Low,0,0,0,0,0,0,0,0,0,0,0,0,0,0,0,45.0,38.5,31.25,47.0
23.07186,72.333418,2330.98,5626.09,26838.2,24624.65,26589.41,27987.72,30073.49,25190.41,31579.2,25073.22,-99999.0,Low,Unknown,Low,0,0,0,0,0,0,0,0,0,0,0,0,0,0,0,45.0,38.5,31.25,47.0
22.841562,72.670938,504.23,7803.01,25921.32,36314.21,27632.99,31652.5,45751.64,35405.79,24093.9,24934.65,-99999.0,Low,Unknown,Low,0,0,0,0,0,0,0,0,0,0,0,0,0,0,0,45.0,44.5,36.25,51.0
23.287832,72.603121,78.61,3685.23,20859.7,18953.63,20279.06,20325.85,24902.47,40942.25,24071.3,16492.06,-99999.0,Low,Unknown,Low,0,0,0,0,0,0,0,0,0,0,0,0,0,0,0,45.0,62.5,51.25,63.0
22.808778,72.707252,647.43,5333.33,35596.94,46373.04,36992.36,40847.71,54361.07,44605.29,33565.37,34132.54,-99999.0,Low,Unknown,Low,0,0,0,0,0,0,0,0,0,0,0,0,0,0,0,45.0,44.5,36.25,51.0
23.208766,72.725897,553.98,829.74,7914.17,14091.04,19161.47,16140.67,31180.96,32068.7,12297.2,8149.14,-99999.0,Low,Unknown,Low,0,0,0,0,0,0,0,0,0,0,0,0,0,0,0,49.0,44.5,36.25,51.0
22.417363,72.258562,187.85,187.85,132313.62,128366.09,135425.65,137801.71,138274.14,139903.92,125970.0,126279.86,-99999.0,Low,Unknown,Low,0,0,0,0,0,0,0,0,0,0,0,0,0,0,0,57.0,56.5,46.25,59.0
22.353533,72.355191,14271.52,21396.36,141033.33,136872.52,145073.68,144731.2,147503.2,147855.66,134828.41,132293.26,-99999.0,Low,Unknown,Low,0,0,0,0,0,0,0,0,0,0,0,0,0,0,0,45.0,38.5,31.25,47.0
23.170013,72.657751,354.17,4196.04,3734.55,2931.08,7813.71,1753.77,16685.99,20301.66,3616.06,459.97,-99999.0,Low,Unknown,Low,0,0,0,0,0,0,0,0,0,0,0,0,0,0,0,45.0,50.5,44.94,55.0
22.419682,72.607827,349.05,349.05,117263.7,123118.17,119707.16,123064.68,132433.91,127334.42,116193.89,113439.38,-99999.0,Low,Unknown,Low,0,0,0,0,0,0,0,0,0,0,0,0,0,0,0,53.0,50.5,41.25,55.0
22.602759,72.25358,1.59,1.59,95156.19,91641.73,97529.75,100068.82,100672.88,101690.77,88980.11,90471.52,-99999.0,Low,Unknown,Low,0,0,0,0,0,0,0,0,0,0,0,0,0,0,0,61.0,62.5,51.25,63.0
22.62634,72.646526,885.47,3895.77,71673.1,79153.45,73967.76,77732.19,89046.08,81708.05,70409.15,70441.8,-99999.0,Low,Unknown,Low,0,0,0,0,0,0,0,0,0,0,0,0,0,0,0,45.0,44.5,36.25,51.0
22.568502,72.672854,803.98,2223.92,84906.43,92781.11,87100.27,91073.44,102824.47,94884.38,83524.85,84282.64,-99999.0,Low,Unknown,Low,0,0,0,0,0,0,0,0,0,0,0,0,0,0,0,45.0,44.5,36.25,51.0
22.597581,72.356336,1386.91,3669.63,88533.66,84434.1,92022.07,94147.6,94672.15,96677.89,82164.48,81886.73,2.35,Low,Unknown,Low,0,0,0,0,0,0,0,0,0,0,0,0,0,0,0,45.0,38.5,31.25,47.0
22.552861,72.710728,613.17,1249.8,89571.21,98125.8,91603.13,95697.24,108551.78,99412.56,88024.25,89042.91,-99999.0,Low,Unknown,Low,0,0,0,0,0,0,0,0,0,0,0,0,0,0,0,45.0,44.5,36.25,51.0
22.764644,72.719836,2500.95,3840.63,45437.6,55955.39,46942.0,50840.05,64418.19,54601.34,43476.44,44113.14,-99999.0,Low,Unknown,Low,0,0,0,0,0,0,0,0,0,0,0,0,0,0,0,45.0,38.5,31.25,47.0
22.90029,72.766581,557.33,1373.2,26317.68,35716.06,30452.99,29114.32,41693.31,35659.28,28566.94,19161.67,-99999.0,Low,Unknown,Low,0,0,0,0,0,0,0,0,0,0,0,0,0,0,0,45.0,44.5,36.25,51.0
22.285459,72.733656,3353.83,19515.77,148885.21,156846.24,151007.54,155104.43,166732.56,158810.17,147427.3,148014.78,-99999.0,Low,Unknown,Low,0,0,0,0,0,0,0,0,0,0,0,0,0,0,0,45.0,38.5,31.25,47.0
22.800573,72.720499,1145.14,2220.19,38499.8,48975.14,39788.23,43570.02,56856.65,47323.2,36410.45,36888.28,-99999.0,Low,Unknown,Low,0,0,0,0,0,0,0,0,0,0,0,0,0,0,0,45.0,38.5,31.25,47.0
22.658003,72.379013,848.04,3243.17,74518.45,70395.34,78090.63,80120.25,80690.0,82788.45,68147.87,67973.28,-99999.0,Low,Unknown,Low,0,0,0,0,0,0,0,0,0,0,0,0,0,0,0,45.0,44.5,36.25,51.0
22.264874,72.712544,5646.78,19974.17,152815.3,160468.11,155001.09,158970.53,170139.23,162789.59,151424.02,151320.63,-99999.0,Low,Unknown,Low,0,0,0,0,0,0,0,0,0,0,0,0,0,0,0,45.0,38.5,31.25,47.0
22.364838,72.320178,8197.68,13895.96,140085.02,135880.43,143735.27,144698.54,146308.25,147481.2,133715.74,132083.3,-99999.0,Low,Unknown,Low,0,0,0,0,0,0,0,0,0,0,0,0,0,0,0,45.0,38.5,31.25,47.0
22.69103,72.541642,2226.24,2226.24,59401.22,61671.6,62397.3,63704.27,71556.83,68265.73,59191.01,52590.67,-99999.0,Low,Unknown,Low,0,0,0,0,0,0,0,0,0,0,0,0,0,0,0,45.0,38.5,31.25,47.0
23.287945,72.474543,257.13,5031.17,31594.13,28747.85,29521.59,29511.97,31595.85,44737.47,27152.67,13542.75,-99999.0,Low,Unknown,Low,0,0,0,0,0,0,0,0,0,0,0,0,0,0,0,45.0,56.5,46.25,59.0
22.57966,72.629401,114.43,1658.86,81835.04,88758.38,84214.12,87766.32,98228.33,91899.06,80678.29,79392.47,-99999.0,Low,Unknown,Low,0,0,0,0,0,0,0,0,0,0,0,0,0,0,0,45.0,56.5,46.25,59.0
23.134729,72.492549,112.77,4258.49,3589.85,10589.25,10456.93,10709.65,13612.14,17184.98,12005.69,1217.22,12.79,Low,Unknown,Low,0,0,0,0,0,0,0,0,0,0,0,0,0,0,0,50.0,60.5,48.25,67.0
22.957239,72.306095,796.81,1856.06,34370.08,34787.1,31911.72,34496.23,35589.09,33178.84,32181.32,32612.42,-99999.0,Low,Unknown,Low,0,0,0,0,0,0,0,0,0,0,0,0,0,0,0,45.0,44.5,36.25,51.0
22.961399,72.202828,2180.25,3479.08,54023.17,54248.58,51736.11,54133.88,55260.06,52088.79,52992.39,52818.39,-99999.0,Low,Unknown,Low,0,0,0,0,0,0,0,0,0,0,0,0,0,0,0,45.0,38.5,31.25,47.0
22.528233,72.656716,1737.88,5196.5,93455.06,100859.91,95732.54,99521.36,110565.05,103483.12,92169.05,91811.1,-99999.0,Low,Unknown,Low,0,0,0,0,0,0,0,0,0,0,0,0,0,0,0,45.0,38.5,31.25,47.0
22.402327,72.65869,15.63,9624.26,121323.57,128485.89,123622.07,127351.01,137910.61,131362.41,120061.95,119022.26,-99999.0,Low,Unknown,Low,0,0,0,0,0,0,0,0,0,0,0,0,0,0,0,45.0,62.5,51.25,63.0
22.787493,72.658142,534.09,3652.51,36668.02,45651.57,38749.19,42862.37,56663.74,46552.85,35168.94,36273.73,-99999.0,Low,Unknown,Low,0,0,0,0,0,0,0,0,0,0,0,0,0,0,0,45.0,44.5,36.25,51.0
22.30565,72.568688,7982.4,9950.86,142928.3,146629.07,145448.63,148563.95,156911.97,152983.82,141973.84,137924.56,-99999.0,Low,Unknown,Low,0,0,0,0,0,0,0,0,0,0,0,0,0,0,0,45.0,38.5,31.25,47.0
22.960185,72.442036,458.88,5090.8,8604.29,7389.38,10705.38,13064.43,13612.06,15445.22,4732.63,5529.86,-99999.0,Low,Unknown,Low,0,0,0,0,0,0,0,0,0,0,0,0,0,0,0,45.0,50.5,41.96,55.0
23.358393,72.42999,214.28,3021.97,49116.08,45793.62,46964.75,46960.33,49118.88,62373.22,44820.57,23839.38,-99999.0,Low,Unknown,Low,0,0,0,0,0,0,0,0,0,0,0,0,0,0,0,45.0,56.5,46.25,59.0
22.24527,72.319649,10358.29,23291.52,165967.19,161742.52,169806.3,169758.04,172300.13,172866.96,159653.92,157316.26,-99999.0,Low,Unknown,Low,0,0,0,0,0,0,0,0,0,0,0,0,0,0,0,45.0,38.5,31.25,47.0
22.647722,72.208446,4.68,4.68,91550.01,88505.2,93158.11,95817.74,96541.23,96918.39,85662.9,87257.89,4.62,Low,Unknown,Low,0,0,0,0,0,0,0,0,0,0,0,0,0,0,0,61.0,62.5,51.25,63.0
22.586656,72.699937,993.91,4604.88,81802.06,90324.07,83853.2,87952.74,100764.76,91662.02,80273.41,81310.45,-99999.0,Low,Unknown,Low,0,0,0,0,0,0,0,0,0,0,0,0,0,0,0,45.0,44.5,36.25,51.0
22.428692,72.606049,121.75,1869.48,115276.73,121089.6,117725.92,121068.07,130407.07,125347.25,114215.32,111411.98,-99999.0,Low,Unknown,Low,0,0,0,0,0,0,0,0,0,0,0,0,0,0,0,45.0,56.5,46.25,59.0
22.952024,72.349294,92.39,4885.56,26177.0,26197.8,24477.51,27185.62,28219.05,26611.47,23508.32,24240.33,-99999.0,Low,Unknown,Low,0,0,0,0,0,0,0,0,0,0,0,0,0,0,0,45.0,62.5,51.25,63.0
23.03223,72.40661,712.52,5727.66,10689.75,10484.25,10376.13,11796.45,13274.02,8799.82,17089.18,10146.44,-99999.0,Low,Unknown,Low,0,0,0,0,0,0,0,0,0,0,0,0,0,0,0,45.0,44.5,36.25,51.0
22.354717,72.43013,4218.62,16674.29,136982.84,134750.49,140041.08,140617.87,145700.66,144395.98,132970.95,128643.49,-99999.0,Low,Unknown,Low,0,0,0,0,0,0,0,0,0,0,0,0,0,0,0,45.0,38.5,31.25,47.0
22.906405,72.300212,544.65,4287.22,39139.77,38230.3,38212.54,40957.42,41948.16,40621.95,35286.73,36495.3,-99999.0,Low,Unknown,Low,0,0,0,0,0,0,0,0,0,0,0,0,0,0,0,45.0,44.5,36.25,51.0
23.188613,72.378921,862.55,1401.53,29062.03,24928.5,35702.11,31542.88,38636.92,37259.46,31858.76,14769.0,-99999.0,Low,Unknown,Low,0,0,0,0,0,0,0,0,0,0,0,0,0,0,0,45.0,44.5,36.25,51.0
22.548993,72.636699,1958.83,1958.83,88648.49,95678.67,91000.26,94616.18,105170.86,98705.83,87455.19,86333.74,-99999.0,Low,Unknown,Low,0,0,0,0,0,0,0,0,0,0,0,0,0,0,0,45.0,38.5,31.25,47.0
22.915644,72.402701,290.75,4969.63,21123.22,18798.24,22687.13,25284.28,25966.68,26853.7,15786.2,17479.17,4.7,Low,Unknown,Low,0,0,0,0,0,0,0,0,0,0,0,0,0,0,0,45.0,56.5,46.25,59.0
23.265569,72.797283,73.61,628.61,21734.57,32733.27,36602.93,35130.82,48801.44,50131.84,28078.35,19477.43,-99999.0,Low,Unknown,Low,0,0,0,0,0,0,0,0,0,0,0,0,0,0,0,49.0,62.5,51.25,63.0
22.611279,72.74083,396.61,10449.02,78602.33,88060.12,80400.77,84418.27,98341.75,88173.86,76853.58,77693.1,-99999.0,Low,Unknown,Low,0,0,0,0,0,0,0,0,0,0,0,0,0,0,0,45.0,50.5,41.25,55.0
22.631101,72.313056,471.86,7238.6,84400.13,80616.35,87282.71,89707.34,90220.39,91695.4,78102.94,79499.39,3.0,Low,Unknown,Low,0,0,0,0,0,0,0,0,0,0,0,0,0,0,0,45.0,50.5,41.25,55.0
23.337701,72.750923,30.63,5799.48,34921.77,38219.66,38995.0,38901.67,49854.69,60027.67,40580.76,16905.94,-99999.0,Low,Unknown,Low,0,0,0,0,0,0,0,0,0,0,0,0,0,0,0,45.0,62.5,51.25,63.0
22.68407,72.337051,1233.37,1233.37,71797.75,68018.49,74714.08,77125.3,77630.52,79158.38,65500.32,66899.12,33.52,Low,Unknown,Low,0,0,0,0,0,0,0,0,0,0,0,0,0,0,0,50.0,42.5,33.25,55.0
23.072603,72.278723,1340.95,7015.16,37465.17,35410.07,37195.36,38614.15,40452.16,35725.74,42517.73,35903.65,-99999.0,Low,Unknown,Low,0,0,0,0,0,0,0,0,0,0,0,0,0,0,0,45.0,38.5,31.25,47.0
23.080892,72.553816,32.08,3337.63,1017.54,2218.96,1814.74,932.32,2361.87,5202.8,437.27,592.71,135.8,High,Residential,Low,0,0,2,0,0,0,0,0,0,0,0,0,0,0,2,67.0,86.69,75.25,90.34
22.402782,72.419955,2426.46,9523.23,127380.49,124317.11,130562.38,130695.09,135215.75,134287.95,122484.75,118569.4,-99999.0,Low,Unknown,Low,0,0,0,0,0,0,0,0,0,0,0,0,0,0,0,45.0,38.5,31.25,47.0
22.980648,72.222418,1032.22,2120.15,49119.57,49225.85,47155.53,49455.64,50587.38,47179.64,49263.78,48426.18,-99999.0,Low,Unknown,Low,0,0,0,0,0,0,0,0,0,0,0,0,0,0,0,45.0,38.5,31.25,47.0
23.251853,72.353474,81.1,787.47,41352.44,39194.52,46288.56,45329.88,47467.05,51883.77,40249.95,12036.03,-99999.0,Low,Unknown,Low,0,0,0,0,0,0,0,0,0,0,0,0,0,0,0,49.0,62.5,51.25,63.0
22.84168,72.229152,2371.18,11998.98,58654.0,57180.03,58189.9,60946.08,61908.0,60744.23,54168.42,55622.77,-99999.0,Low,Unknown,Low,0,0,0,0,0,0,0,0,0,0,0,0,0,0,0,45.0,38.5,31.25,47.0
23.393616,72.597182,118.38,118.38,43857.92,41612.56,43268.19,43314.79,47439.92,63604.62,46246.14,32698.65,-99999.0,Low,Unknown,Low,0,0,0,0,0,0,0,0,0,0,0,0,0,0,0,57.0,56.5,46.25,59.0
22.984281,72.211845,779.55,779.55,51020.37,51072.41,49175.0,51441.5,52574.07,49080.16,51459.88,50497.24,2.0,Low,Unknown,Low,0,0,0,0,0,0,0,0,0,0,0,0,0,0,0,49.0,44.5,36.25,51.0
23.0277,72.450065,92.12,5359.02,2179.7,3452.77,1832.7,3105.76,4714.4,623.35,9393.55,2628.36,37.09,Low,Unknown,Low,0,0,0,0,0,0,0,0,0,0,0,0,0,0,0,53.24,72.1,66.21,68.66
22.656305,72.528369,453.71,1304.16,67476.79,68699.31,70500.74,71604.47,79155.33,75991.83,67300.25,60257.2,4.7,Low,Unknown,Low,0,0,0,0,0,0,0,0,0,0,0,0,0,0,0,45.0,50.5,41.25,55.0
22.769276,72.291876,1704.08,4614.31,60094.53,57193.62,61631.39,64289.79,65015.47,65432.12,54304.05,55925.65,-99999.0,Low,Unknown,Low,0,0,0,0,0,0,0,0,0,0,0,0,0,0,0,45.0,38.5,31.25,47.0
23.03423,72.578187,36.55,1153.51,256.5,424.43,1585.21,1573.83,5805.45,2110.75,2066.45,651.2,119.92,High,Commercial,Low,0,0,0,0,0,2,0,0,0,0,5,11,0,0,0,70.0,90.79,79.82,88.16
22.56134,72.596999,73.66,5543.06,86033.73,92154.54,88533.16,91746.11,101064.87,96097.61,85050.64,82085.83,-99999.0,Low,Unknown,Low,0,0,0,0,0,0,0,0,0,0,0,0,0,0,0,45.0,62.5,51.25,63.0
22.99498,72.361986,192.93,192.93,21319.37,21823.98,18869.19,21236.96,22363.34,19414.1,22338.65,20176.02,7.28,Low,Unknown,Low,0,0,0,0,0,0,0,0,0,0,0,0,0,0,0,57.0,56.5,46.25,59.0
22.926761,72.282298,849.8,1245.33,40744.3,40467.93,38994.33,41670.05,42726.05,40745.77,37645.47,38588.08,4.29,Low,Unknown,Low,0,0,0,0,0,0,0,0,0,0,0,0,0,0,0,45.0,44.5,36.25,51.0
23.196783,72.262949,79.94,912.68,51133.51,43904.16,53148.2,51374.65,57167.86,52168.65,55169.62,32183.05,-99999.0,Low,Unknown,Low,0,0,0,0,0,0,0,0,0,0,0,0,0,0,0,49.0,62.5,51.25,63.0
23.062519,72.270641,276.09,4399.32,38620.16,37393.44,38336.64,39763.15,41429.66,36827.19,43969.01,37237.6,4.52,Low,Unknown,Low,0,0,0,0,0,0,0,0,0,0,0,0,0,0,0,45.0,56.5,46.25,59.0
22.336815,72.263758,2489.77,3488.9,148933.59,144874.53,152258.69,154518.35,155006.35,156821.13,142569.5,142000.34,-99999.0,Low,Unknown,Low,0,0,0,0,0,0,0,0,0,0,0,0,0,0,0,45.0,38.5,31.25,47.0
22.438376,72.31985,3487.36,3487.36,124313.73,120171.43,127839.69,129548.91,130478.79,132158.86,117942.99,116919.02,-99999.0,Low,Unknown,Low,0,0,0,0,0,0,0,0,0,0,0,0,0,0,0,45.0,38.5,31.25,47.0
22.515593,72.513888,125.62,3035.19,98381.94,99202.42,101215.05,102761.81,110219.79,107131.5,97816.94,91378.32,-99999.0,Low,Unknown,Low,0,0,0,0,0,0,0,0,0,0,0,0,0,0,0,45.0,56.5,46.25,59.0
22.442008,72.622062,1619.45,1619.45,112282.6,118868.61,114686.88,118154.62,127935.99,122351.43,111157.93,108969.0,-99999.0,Low,Unknown,Low,0,0,0,0,0,0,0,0,0,0,0,0,0,0,0,45.0,38.5,31.25,47.0
22.554421,72.223643,1471.11,4866.62,107377.87,103872.52,109708.01,112258.07,112870.74,113834.03,101207.99,102701.39,16.4,Low,Unknown,Low,0,0,0,0,0,0,0,0,0,0,0,0,0,0,0,50.0,42.5,33.25,55.0
22.795626,72.324616,892.08,2206.38,51513.32,48504.57,53287.26,55908.48,56596.15,57248.82,45640.19,47246.8,-99999.0,Low,Unknown,Low,0,0,0,0,0,0,0,0,0,0,0,0,0,0,0,45.0,44.5,36.25,51.0
23.319749,72.398362,314.09,5964.74,47232.06,45083.17,45366.92,45347.53,47231.0,58530.14,41618.27,15557.98,-99999.0,Low,Unknown,Low,0,0,0,0,0,0,0,0,0,0,0,0,0,0,0,45.0,50.5,41.25,55.0
22.203286,72.60298,2150.42,2150.42,165350.01,170177.91,167790.37,171140.98,180135.25,175420.74,164273.86,161130.86,-99999.0,Low,Unknown,Low,0,0,0,0,0,0,0,0,0,0,0,0,0,0,0,45.0,38.5,31.25,47.0
23.288256,72.701139,713.9,9032.61,23302.13,24296.92,24370.9,24287.45,35164.34,46989.0,30192.47,2853.62,-99999.0,Low,Unknown,Low,0,0,0,0,0,0,0,0,0,0,0,0,0,0,0,45.0,44.5,36.25,51.0
23.002826,72.289487,1816.31,6224.74,34899.54,34929.71,33285.53,35451.83,36584.26,32960.0,36787.66,34600.34,-99999.0,Low,Unknown,Low,0,0,0,0,0,0,0,0,0,0,0,0,0,0,0,45.0,38.5,31.25,47.0
22.308099,72.507023,9617.69,18244.09,143865.14,144945.24,146502.25,148594.31,156087.51,153056.05,143116.84,137309.28,-99999.0,Low,Unknown,Low,0,0,0,0,0,0,0,0,0,0,0,0,0,0,0,45.0,38.5,31.25,47.0
23.068276,72.260774,304.31,4765.08,40794.31,39118.81,40515.28,41939.86,43659.41,39018.12,46026.38,39343.74,4.24,Low,Unknown,Low,0,0,0,0,0,0,0,0,0,0,0,0,0,0,0,45.0,50.5,41.25,55.0
22.507071,72.338696,1217.51,7907.02,108701.52,104561.22,112242.0,114006.74,114870.06,116637.09,102330.77,101468.24,-99999.0,Low,Unknown,Low,0,0,0,0,0,0,0,0,0,0,0,0,0,0,0,45.0,38.5,31.25,47.0
23.386399,72.377613,336.84,4462.4,60395.45,57436.15,58335.77,58326.06,60396.82,72800.31,55502.7,30535.47,-99999.0,Low,Unknown,Low,0,0,0,0,0,0,0,0,0,0,0,0,0,0,0,45.0,50.5,41.25,55.0
22.757133,72.259885,1484.54,6819.97,66237.33,63528.78,67442.32,70140.01,70913.75,71034.61,60597.79,62243.58,-99999.0,Low,Unknown,Low,0,0,0,0,0,0,0,0,0,0,0,0,0,0,0,45.0,38.5,31.25,47.0
22.409642,72.223667,914.46,914.46,136361.05,132531.56,139237.92,141674.99,142192.72,143608.83,130051.78,131088.51,-99999.0,Low,Unknown,Low,0,0,0,0,0,0,0,0,0,0,0,0,0,0,0,49.0,44.5,36.25,51.0
22.548681,72.680958,262.89,3803.7,89467.1,97429.92,91635.99,95657.34,107503.51,99427.46,88058.3,88972.06,-99999.0,Low,Unknown,Low,0,0,0,0,0,0,0,0,0,0,0,0,0,0,0,45.0,56.5,46.25,59.0
22.575249,72.643124,346.84,4063.5,82901.91,90139.27,85223.99,88915.81,99800.85,92948.99,81671.11,81043.63,-99999.0,Low,Unknown,Low,0,0,0,0,0,0,0,0,0,0,0,0,0,0,0,45.0,50.5,41.25,55.0
22.313998,72.654922,406.75,5017.75,140871.41,147840.94,143193.29,146860.84,157070.42,150920.15,139638.05,138124.02,-99999.0,Low,Unknown,Low,0,0,0,0,0,0,0,0,0,0,0,0,0,0,0,45.0,50.5,41.25,55.0
22.255067,72.711199,7571.99,17876.24,154950.43,162566.56,157142.76,161098.25,172208.25,164929.35,153566.22,153377.12,-99999.0,Low,Unknown,Low,0,0,0,0,0,0,0,0,0,0,0,0,0,0,0,45.0,38.5,31.25,47.0
22.996026,72.302307,337.7,6762.98,32696.74,32856.77,30796.53,33047.51,34180.1,30757.58,33917.66,32204.31,1.61,Low,Unknown,Low,0,0,0,0,0,0,0,0,0,0,0,0,0,0,0,45.0,50.5,41.25,55.0
22.629033,72.462629,3663.33,10278.37,77501.08,73956.33,80966.54,80218.19,84987.47,83653.97,72279.47,67957.68,-99999.0,Low,Unknown,Low,0,0,0,0,0,0,0,0,0,0,0,0,0,0,0,45.0,38.5,31.25,47.0
22.946168,72.727085,32.74,1547.5,14658.75,23079.83,19508.07,16348.86,28796.85,23409.9,16088.71,7894.05,10.52,Low,Unknown,Low,0,0,0,0,0,0,0,0,0,0,0,0,0,0,0,50.0,66.5,53.25,71.0
22.311542,72.688979,875.18,9620.27,141942.6,149383.31,144176.14,148046.28,158935.18,151948.04,140604.31,140077.3,-99999.0,Low,Unknown,Low,0,0,0,0,0,0,0,0,0,0,0,0,0,0,0,45.0,44.5,36.25,51.0
22.419443,72.440467,3307.44,3984.26,122634.07,120337.01,125742.54,126175.86,131310.82,129930.65,118584.13,114179.84,-99999.0,Low,Unknown,Low,0,0,0,0,0,0,0,0,0,0,0,0,0,0,0,45.0,38.5,31.25,47.0
23.354772,72.3631,1196.84,2423.27,57534.06,55220.49,55636.21,55618.45,57533.33,68816.72,51964.35,24975.2,-99999.0,Low,Unknown,Low,0,0,0,0,0,0,0,0,0,0,0,0,0,0,0,45.0,38.5,31.25,47.0
22.662859,72.710403,1127.63,1707.77,65886.7,75134.2,67774.6,71828.8,85927.72,75571.83,64209.9,65125.85,-99999.0,Low,Unknown,Low,0,0,0,0,0,0,0,0,0,0,0,0,0,0,0,45.0,38.5,31.25,47.0
23.159879,72.589308,173.56,280.82,593.07,4057.16,6800.06,5425.17,4572.8,12988.47,6998.52,874.69,-99999.0,Low,Residential,Low,0,0,0,0,0,0,0,0,0,0,0,1,0,0,0,61.5,61.0,51.25,57.12
23.156291,72.267834,1247.98,9623.88,46868.58,39370.68,46875.39,46922.84,50782.83,45745.93,49884.74,35408.77,-99999.0,Low,Unknown,Low,0,0,0,0,0,0,0,0,0,0,0,0,0,0,0,45.0,38.5,31.25,47.0
23.035404,72.235188,886.87,3950.51,45209.01,44800.19,44581.6,46318.6,47536.14,43320.76,49339.31,44265.2,-99999.0,Low,Unknown,Low,0,0,0,0,0,0,0,0,0,0,0,0,0,0,0,45.0,44.5,36.25,51.0
23.33096,72.295637,458.67,3633.08,61640.48,59823.9,63769.14,63738.73,65333.01,72209.96,58755.71,29502.98,-99999.0,Low,Unknown,Low,0,0,0,0,0,0,0,0,0,0,0,0,0,0,0,45.0,50.5,41.25,55.0
22.699233,72.55445,514.01,514.01,57058.74,60531.09,59936.54,61695.66,69895.03,66471.79,56679.05,50893.49,-99999.0,Low,Unknown,Low,0,0,0,0,0,0,0,0,0,0,0,0,0,0,0,49.0,44.5,36.25,51.0
23.162718,72.607036,284.79,2029.43,1836.33,4658.94,7266.43,6560.4,7058.63,14702.22,8272.01,951.56,-99999.0,Low,Unknown,Low,0,0,0,0,0,0,0,0,0,0,0,0,0,0,0,45.0,56.5,46.25,55.68
22.417513,72.42785,2664.39,5989.48,123789.88,120938.57,126958.6,127155.41,131864.43,130791.91,119133.49,115063.06,-99999.0,Low,Unknown,Low,0,0,0,0,0,0,0,0,0,0,0,0,0,0,0,45.0,38.5,31.25,47.0
22.630319,72.21729,806.28,806.28,93680.66,90495.95,95506.56,98137.3,98828.73,99384.06,87698.95,89267.95,-99999.0,Low,Unknown,Low,0,0,0,0,0,0,0,0,0,0,0,0,0,0,0,49.0,44.5,36.25,51.0
23.021357,72.703122,278.22,278.22,4277.05,13798.79,13740.58,6403.91,14567.08,15516.85,8802.19,2422.79,12.07,Low,Unknown,Low,0,0,0,0,0,0,0,0,0,0,0,0,0,0,0,62.0,60.5,48.25,67.0
23.368133,72.278393,657.39,5000.57,69925.97,68471.55,70882.29,70856.52,72576.44,80937.18,66301.53,37316.95,-99999.0,Low,Unknown,Low,0,0,0,0,0,0,0,0,0,0,0,0,0,0,0,45.0,44.5,36.25,51.0
23.304478,72.267762,324.95,642.05,61750.8,58408.46,66296.85,65061.02,67637.64,69831.7,60616.0,31542.4,-99999.0,Low,Unknown,Low,0,0,0,0,0,0,0,0,0,0,0,0,0,0,0,49.0,50.5,41.25,55.0
22.693541,72.227583,971.28,1687.07,81176.28,78260.5,82619.69,85296.62,86041.71,86306.96,75380.42,76997.0,-99999.0,Low,Unknown,Low,0,0,0,0,0,0,0,0,0,0,0,0,0,0,0,45.0,44.5,36.25,51.0
22.513935,72.388543,1905.73,3348.83,105001.43,100838.77,109113.88,109010.13,111499.12,111936.85,98811.48,96452.52,-99999.0,Low,Unknown,Low,0,0,0,0,0,0,0,0,0,0,0,0,0,0,0,45.0,38.5,31.25,47.0
23.045482,72.606757,111.91,1335.6,392.15,1050.72,4053.01,3611.22,6175.57,3002.87,1114.47,369.48,138.81,High,Unknown,Low,0,0,0,0,0,0,0,0,0,0,3,10,0,0,0,62.5,70.5,63.61,79.55
23.121034,72.545989,151.97,1495.3,3272.13,933.43,1616.01,1337.42,7541.71,6370.13,2420.7,1013.1,43.92,Low,Unknown,Low,0,0,0,0,0,0,0,0,0,0,0,0,0,0,0,55.0,71.14,57.13,75.0
22.878015,72.786737,265.9,1714.71,32408.23,42062.54,36413.79,35493.73,48089.77,41912.05,34289.53,25280.82,-99999.0,Low,Unknown,Low,0,0,0,0,0,0,0,0,0,0,0,0,0,0,0,45.0,56.5,46.25,59.0
23.003813,72.40298,43.06,3955.17,13017.24,13793.48,10423.89,12744.65,13871.8,11171.03,16000.3,11999.98,22.02,Low,Unknown,Low,0,0,0,0,0,0,0,0,0,0,0,0,0,0,0,50.0,66.5,53.25,71.0
22.827724,72.620348,183.52,1956.93,27176.59,34737.97,29648.09,33083.12,45354.02,37247.39,26173.66,27544.95,-99999.0,Low,Unknown,Low,0,0,0,0,0,0,0,0,0,0,0,0,0,0,0,45.0,56.5,46.25,59.0
22.314291,72.597028,3398.4,4183.19,140702.2,145622.32,143162.71,146462.05,155438.79,150771.74,139656.1,136433.71,-99999.0,Low,Unknown,Low,0,0,0,0,0,0,0,0,0,0,0,0,0,0,0,45.0,38.5,31.25,47.0
22.498292,72.40745,938.6,1647.43,107642.67,103649.3,111852.02,111043.75,114439.07,114245.39,101719.4,98641.69,-99999.0,Low,Unknown,Low,0,0,0,0,0,0,0,0,0,0,0,0,0,0,0,45.0,44.5,36.25,51.0
23.011555,72.430926,72.92,5764.05,7360.02,8528.68,4812.13,6887.74,8019.83,5682.49,13431.25,7046.31,-99999.0,Low,Unknown,Low,0,0,0,0,0,0,0,0,0,0,0,0,0,0,0,45.0,62.5,51.25,63.0
23.20684,72.535007,44.72,60.6,10477.04,9446.44,8781.31,8750.69,10475.34,23849.08,6473.12,6488.06,-99999.0,Low,Unknown,Low,0,0,0,0,0,0,0,0,0,0,0,0,0,0,0,61.0,62.5,51.25,63.0
23.38535,72.23274,143.05,12964.5,78779.49,76534.46,80537.24,80510.0,82187.99,88413.78,75776.5,46606.51,2.36,Low,Unknown,Low,0,0,0,0,0,0,0,0,0,0,0,0,0,0,0,45.0,56.5,46.25,59.0
22.972078,72.294156,1241.52,5760.8,35870.47,36296.68,33268.92,35727.75,36846.33,33957.31,34703.84,34280.12,-99999.0,Low,Unknown,Low,0,0,0,0,0,0,0,0,0,0,0,0,0,0,0,45.0,38.5,31.25,47.0
23.218615,72.711123,44.88,2759.48,8414.62,12622.03,16697.71,15937.24,28891.28,32873.61,14946.02,4668.17,-99999.0,Low,Unknown,Low,0,0,0,0,0,0,0,0,0,0,0,0,0,0,0,45.0,62.5,51.25,63.0
23.243299,72.244919,907.29,8110.09,58324.61,52482.87,62799.44,59752.82,66861.42,61922.45,60308.96,33753.62,-99999.0,Low,Unknown,Low,0,0,0,0,0,0,0,0,0,0,0,0,0,0,0,45.0,44.5,36.25,51.0
22.789978,72.344535,350.04,1626.61,50329.34,47041.29,52548.08,55095.34,55714.43,56732.89,44269.42,45822.13,-99999.0,Low,Unknown,Low,0,0,0,0,0,0,0,0,0,0,0,0,0,0,0,45.0,50.5,41.25,55.0
23.364174,72.23021,705.41,9079.27,75912.85,73155.23,78650.72,78620.25,80207.87,84730.94,73579.34,44291.09,-99999.0,Low,Unknown,Low,0,0,0,0,0,0,0,0,0,0,0,0,0,0,0,45.0,44.5,36.25,51.0
22.467248,72.58599,425.61,7177.85,106942.39,111873.75,109453.21,112615.48,121462.84,117002.29,105975.07,102457.98,-99999.0,Low,Unknown,Low,0,0,0,0,0,0,0,0,0,0,0,0,0,0,0,45.0,50.5,41.25,55.0
22.683932,72.341,733.34,733.34,71524.04,67715.64,74494.58,76892.0,77387.11,78962.32,65216.36,66602.83,3.57,Low,Unknown,Low,0,0,0,0,0,0,0,0,0,0,0,0,0,0,0,49.0,44.5,36.25,51.0
22.750914,72.680757,151.8,955.47,45548.99,54872.32,47483.35,51558.88,65785.42,55289.55,43910.68,44882.24,-99999.0,Low,Unknown,Low,0,0,0,0,0,0,0,0,0,0,0,0,0,0,0,49.0,56.5,46.25,59.0
22.737718,72.713954,383.85,383.85,50417.53,60471.08,52088.0,56062.14,69882.83,59823.81,48569.35,49328.36,-99999.0,Low,Unknown,Low,0,0,0,0,0,0,0,0,0,0,0,0,0,0,0,53.0,50.5,41.25,55.0
22.736482,72.271224,843.58,1896.66,68344.48,65374.16,69934.15,72589.48,73310.41,73736.15,62505.53,64115.22,-99999.0,Low,Unknown,Low,0,0,0,0,0,0,0,0,0,0,0,0,0,0,0,45.0,44.5,36.25,51.0
22.796848,72.592024,942.25,2918.87,34576.22,40327.98,37248.4,39981.18,49879.91,44437.21,33933.24,31306.18,-99999.0,Low,Unknown,Low,0,0,0,0,0,0,0,0,0,0,0,0,0,0,0,45.0,44.5,36.25,51.0
22.323172,72.447403,3518.72,21214.0,142874.62,141540.64,145809.2,146826.91,152550.28,150798.77,139830.2,135025.5,-99999.0,Low,Unknown,Low,0,0,0,0,0,0,0,0,0,0,0,0,0,0,0,45.0,38.5,31.25,47.0
22.868557,72.200102,1698.16,3722.51,60924.59,60055.48,59662.91,62373.19,63405.23,61603.43,57101.17,58328.99,-99999.0,Low,Unknown,Low,0,0,0,0,0,0,0,0,0,0,0,0,0,0,0,45.0,38.5,31.25,47.0
22.309075,72.562522,7614.81,10695.69,142268.46,145711.89,144802.03,147846.49,156085.46,152318.58,141335.44,137105.64,-99999.0,Low,Unknown,Low,0,0,0,0,0,0,0,0,0,0,0,0,0,0,0,45.0,38.5,31.25,47.0
22.942879,72.382759,904.39,1142.35,20668.85,19915.16,20267.17,23024.67,23930.73,23480.2,17059.13,18094.32,3.9,Low,Unknown,Low,0,0,0,0,0,0,0,0,0,0,0,0,0,0,0,45.0,44.5,36.25,51.0
22.810005,72.324111,928.21,3975.43,49052.04,46195.39,50622.52,53269.92,53985.67,54491.05,43290.06,44920.45,-99999.0,Low,Unknown,Low,0,0,0,0,0,0,0,0,0,0,0,0,0,0,0,45.0,44.5,36.25,51.0
23.005769,72.770213,86.92,323.55,9897.61,27190.27,27690.07,20152.69,28513.28,27969.51,20606.41,8180.3,4.4,Low,Unknown,Low,0,0,0,0,0,0,0,0,0,0,0,0,0,0,0,53.0,62.5,51.25,63.0
22.636011,72.232565,2199.75,2199.75,90954.94,87699.97,92903.48,95515.27,96187.45,96851.26,84927.7,86482.44,-99999.0,Low,Unknown,Low,0,0,0,0,0,0,0,0,0,0,0,0,0,0,0,45.0,38.5,31.25,47.0
22.467502,72.472676,1447.48,6234.91,110640.97,109515.59,113655.34,114490.48,120592.9,118481.37,107903.29,102705.31,-99999.0,Low,Unknown,Low,0,0,0,0,0,0,0,0,0,0,0,0,0,0,0,45.0,38.5,31.25,47.0
22.872181,72.571855,128.85,1891.72,19645.61,23594.0,23308.32,23580.33,32840.87,28833.08,20706.48,14502.56,5.59,Low,Unknown,Low,0,0,0,0,0,0,0,0,0,0,0,0,0,0,0,45.0,56.5,46.25,59.0
22.76776,72.5943,605.64,4146.45,40802.75,46737.53,43425.13,46317.47,56196.77,50780.22,40049.72,37502.92,-99999.0,Low,Unknown,Low,0,0,0,0,0,0,0,0,0,0,0,0,0,0,0,45.0,44.5,36.25,51.0
23.059096,72.268414,781.58,3547.84,38945.36,37986.49,38657.71,40085.45,41695.72,37136.98,44385.4,37621.25,-99999.0,Low,Unknown,Low,0,0,0,0,0,0,0,0,0,0,0,0,0,0,0,45.0,44.5,36.25,51.0
23.111184,72.333048,862.01,6826.06,30655.07,24302.97,30541.29,31708.86,34439.67,29402.75,33893.35,27830.57,-99999.0,Low,Unknown,Low,0,0,0,0,0,0,0,0,0,0,0,0,0,0,0,45.0,44.5,36.25,51.0
22.609629,72.69793,657.96,7815.63,76738.02,85347.99,78775.84,82872.66,95862.9,86585.09,75196.5,76225.19,-99999.0,Low,Unknown,Low,0,0,0,0,0,0,0,0,0,0,0,0,0,0,0,45.0,44.5,36.25,51.0
23.35732,72.37519,986.09,986.09,56153.96,53646.16,54203.5,54188.16,56153.88,67834.25,50799.22,24619.53,-99999.0,Low,Unknown,Low,0,0,0,0,0,0,0,0,0,0,0,0,0,0,0,49.0,44.5,36.25,51.0
22.826382,72.621258,531.69,1958.64,27466.6,35073.03,29927.32,33389.13,45698.64,37537.31,26446.43,27849.1,-99999.0,Low,Unknown,Low,0,0,0,0,0,0,0,0,0,0,0,0,0,0,0,45.0,44.5,36.25,51.0
22.254934,72.298493,7160.81,18494.72,164758.66,160541.8,168420.47,169069.48,170989.73,171995.19,158390.17,156528.61,-99999.0,Low,Unknown,Low,0,0,0,0,0,0,0,0,0,0,0,0,0,0,0,45.0,38.5,31.25,47.0
22.368539,72.630114,119.59,3914.93,128590.73,135209.39,130972.81,134492.76,144297.16,138656.32,127435.28,125322.46,-99999.0,Low,Unknown,Low,0,0,0,0,0,0,0,0,0,0,0,0,0,0,0,45.0,56.5,46.25,59.0
23.065871,72.264177,132.05,4635.68,40025.94,38532.38,39744.94,41170.44,42866.53,38242.32,45307.79,38604.25,14.68,Low,Unknown,Low,0,0,0,0,0,0,0,0,0,0,0,0,0,0,0,50.0,60.5,48.25,67.0
22.933022,72.312526,2003.33,2416.8,34537.26,34215.31,32978.55,35683.29,36719.63,34993.43,31396.54,32336.8,-99999.0,Low,Unknown,Low,0,0,0,0,0,0,0,0,0,0,0,0,0,0,0,45.0,38.5,31.25,47.0
23.31626,72.435738,6.71,596.97,41338.95,38648.26,39323.95,39311.53,41339.78,53801.03,36413.67,15146.07,-99999.0,Low,Unknown,Low,0,0,0,0,0,0,0,0,0,0,0,0,0,0,0,49.0,62.5,51.25,63.0
22.748455,72.668852,493.07,721.99,45525.32,54446.55,47572.87,51677.12,65335.9,55380.83,43992.66,45054.85,-99999.0,Low,Unknown,Low,0,0,0,0,0,0,0,0,0,0,0,0,0,0,0,49.0,50.5,41.25,55.0
23.060145,72.264659,133.31,3505.06,39725.54,38675.67,39438.45,40866.05,42482.05,37919.11,45147.66,38391.07,4.14,Low,Unknown,Low,0,0,0,0,0,0,0,0,0,0,0,0,0,0,0,45.0,56.5,46.25,59.0
22.697364,72.755976,94.2,1422.28,62023.97,72476.69,63497.71,67364.52,80753.32,71121.94,60047.98,60647.88,-99999.0,Low,Unknown,Low,0,0,0,0,0,0,0,0,0,0,0,0,0,0,0,45.0,62.5,51.25,63.0
23.204959,72.553287,114.47,2052.25,7637.18,6037.66,5552.55,5538.64,7640.26,22620.95,5353.87,6144.78,-99999.0,Low,Unknown,Low,0,0,0,0,0,0,0,0,0,0,0,0,0,0,0,45.0,56.5,46.25,59.0
23.126574,72.470303,154.0,7197.39,6951.29,7432.13,14845.55,9862.33,15871.12,20209.69,16397.89,5582.89,-99999.0,Low,Industrial,Low,0,0,0,0,0,0,0,0,0,0,0,0,0,0,0,46.5,58.0,53.75,60.0
22.990148,72.773714,264.0,2888.57,11608.91,28216.51,29290.75,21928.93,30448.12,30034.96,21259.52,7949.23,4.11,Low,Unknown,Low,0,0,0,0,0,0,0,0,0,0,0,0,0,0,0,45.0,56.5,46.25,59.0
22.361563,72.499297,242.97,8714.19,132417.99,133039.2,135135.44,136947.25,144172.94,141312.06,131530.38,125551.57,-99999.0,Low,Unknown,Low,0,0,0,0,0,0,0,0,0,0,0,0,0,0,0,45.0,56.5,46.25,59.0
22.836437,72.229143,1373.48,12852.65,59286.22,57737.76,58914.61,61672.74,62625.99,61530.68,54722.76,56204.54,2.84,Low,Unknown,Low,0,0,0,0,0,0,0,0,0,0,0,0,0,0,0,45.0,38.5,31.25,47.0
23.32237,72.70329,1310.78,12467.8,30737.75,31524.3,30948.0,30889.11,40926.27,54367.48,37438.36,10291.88,-99999.0,Low,Unknown,Low,0,0,0,0,0,0,0,0,0,0,0,0,0,0,0,45.0,38.5,31.25,47.0
22.779518,72.505,2177.7,6145.53,43958.42,41208.96,47760.03,46059.16,52304.37,49545.55,40049.5,33805.35,-99999.0,Low,Unknown,Low,0,0,0,0,0,0,0,0,0,0,0,0,0,0,0,45.0,38.5,31.25,47.0
23.305395,72.306321,7.39,1211.4,56182.17,54014.3,59337.68,59303.47,60784.39,66304.81,53972.13,24692.22,-99999.0,Low,Unknown,Low,0,0,0,0,0,0,0,0,0,0,0,0,0,0,0,45.0,62.5,51.25,63.0
22.894265,72.638297,820.64,2059.76,12866.34,23003.92,14976.06,19104.26,33647.31,22760.28,11406.15,12673.86,4.93,Low,Unknown,Low,0,0,0,0,0,0,0,0,0,0,0,0,0,0,0,45.0,44.5,36.25,51.0
22.354058,72.432443,3888.96,16588.09,136998.58,134865.56,140045.0,140666.18,145823.8,144465.52,133094.83,128709.9,-99999.0,Low,Unknown,Low,0,0,0,0,0,0,0,0,0,0,0,0,0,0,0,45.0,38.5,31.25,47.0
22.920655,72.729618,27.2,27.2,19994.45,27185.94,21725.41,20752.97,33607.43,26964.14,19999.7,13442.82,5.24,Low,Unknown,Low,0,0,0,0,0,0,0,0,0,0,0,0,0,0,0,61.0,62.5,51.25,63.0
22.804932,72.430798,847.1,2992.23,40723.82,36520.78,44626.24,46451.58,47010.37,49234.7,34358.77,34924.44,2.24,Low,Unknown,Low,0,0,0,0,0,0,0,0,0,0,0,0,0,0,0,45.0,44.5,36.25,51.0
23.375401,72.749546,690.94,9565.01,43123.21,45513.17,45587.1,45515.84,55747.74,67767.54,48730.87,23898.72,-99999.0,Low,Unknown,Low,0,0,0,0,0,0,0,0,0,0,0,0,0,0,0,45.0,44.5,36.25,51.0
23.11485,72.364158,825.31,825.31,25758.97,18277.58,26175.42,25779.76,30212.46,25241.08,28583.75,22424.81,-99999.0,Low,Unknown,Low,0,0,0,0,0,0,0,0,0,0,0,0,0,0,0,49.0,44.5,36.25,51.0
23.356312,72.782295,811.53,1779.37,39627.48,44920.91,46147.22,46044.08,57216.04,66071.81,45637.68,24062.81,-99999.0,Low,Unknown,Low,0,0,0,0,0,0,0,0,0,0,0,0,0,0,0,45.0,44.5,36.25,51.0
22.743415,72.280023,831.26,1881.71,66065.64,63069.17,67709.09,70356.54,71068.99,71547.23,60207.14,61812.94,-99999.0,Low,Unknown,Low,0,0,0,0,0,0,0,0,0,0,0,0,0,0,0,45.0,44.5,36.25,51.0
22.695295,72.620009,257.51,4877.93,56313.26,63228.58,58743.16,62192.28,72946.66,66383.51,55231.0,54296.78,-99999.0,Low,Unknown,Low,0,0,0,0,0,0,0,0,0,0,0,0,0,0,0,45.0,56.5,46.25,59.0
23.098112,72.379348,754.68,2830.6,21178.97,14790.36,21458.79,22063.61,25482.96,20499.84,24220.28,18123.7,-99999.0,Low,Unknown,Low,0,0,0,0,0,0,0,0,0,0,0,0,0,0,0,45.0,44.5,36.25,51.0
23.041793,72.716425,245.73,5504.18,6454.93,17719.31,15334.18,7689.58,16112.37,14507.63,13824.09,1253.98,4.93,Low,Unknown,Low,0,0,0,0,0,0,0,0,0,0,0,0,0,0,0,45.0,56.5,46.25,59.0
23.054249,72.761307,808.0,808.0,12079.87,27180.24,23530.79,17014.61,25196.74,21951.66,19625.54,9052.66,-99999.0,Low,Unknown,Low,0,0,0,0,0,0,0,0,0,0,0,0,0,0,0,49.0,44.5,36.25,51.0
22.9591,72.320533,156.56,156.56,31433.72,31856.54,29046.63,31652.11,32738.17,30451.54,29266.13,29698.88,3.08,Low,Unknown,Low,0,0,0,0,0,0,0,0,0,0,0,0,0,0,0,57.0,56.5,46.25,59.0
22.949001,72.374348,54.24,598.31,21636.44,21287.55,20654.79,23411.5,24374.78,23473.48,18525.28,19383.4,4.25,Low,Unknown,Low,0,0,0,0,0,0,0,0,0,0,0,0,0,0,0,49.0,62.5,51.25,63.0
22.614352,72.603424,831.49,3945.44,74272.01,80567.69,76761.67,80016.12,89698.58,84338.51,73275.41,70769.95,-99999.0,Low,Unknown,Low,0,0,0,0,0,0,0,0,0,0,0,0,0,0,0,45.0,44.5,36.25,51.0
23.377603,72.590052,535.86,2553.17,40530.33,38069.95,39954.45,40001.3,43859.13,60028.23,42614.64,30725.49,-99999.0,Low,Unknown,Low,0,0,0,0,0,0,0,0,0,0,0,0,0,0,0,45.0,44.5,36.25,51.0
23.349992,72.502336,11.31,10774.76,40471.58,35968.62,38111.57,38122.91,40478.93,55564.87,38190.77,27600.12,-99999.0,Low,Unknown,Low,0,0,0,0,0,0,0,0,0,0,0,0,0,0,0,45.0,62.5,51.25,63.0
23.033174,72.393429,568.52,3334.64,13348.47,13066.0,13037.14,14459.16,15904.76,11464.32,19629.29,12665.11,-99999.0,Low,Unknown,Low,0,0,0,0,0,0,0,0,0,0,0,0,0,0,0,45.0,44.5,36.25,51.0
22.338486,72.411343,3753.19,21704.82,141493.36,138632.95,144613.7,144941.46,149519.68,148586.63,136789.23,132858.98,-99999.0,Low,Unknown,Low,0,0,0,0,0,0,0,0,0,0,0,0,0,0,0,45.0,38.5,31.25,47.0
22.776444,72.542383,1494.9,6252.67,41372.09,43539.58,44727.72,45037.02,52799.58,49486.48,41755.59,33818.03,-99999.0,Low,Unknown,Low,0,0,0,0,0,0,0,0,0,0,0,0,0,0,0,45.0,38.5,31.25,47.0
23.000589,72.450487,145.26,2816.22,5215.94,6907.74,1775.82,4457.53,5333.04,6537.68,9555.31,2457.72,-99999.0,Low,Unknown,Low,0,0,0,0,0,0,0,0,0,0,0,0,0,0,0,45.0,62.38,46.25,59.0
23.097442,72.704834,24.54,564.57,7924.41,13255.97,11585.01,4742.18,17477.76,10873.69,4847.58,943.58,11.21,Low,Unknown,Low,0,0,0,0,0,0,0,0,0,0,0,0,0,0,0,54.0,66.5,53.66,71.0
22.543114,72.708381,342.08,634.95,91594.26,100057.97,93645.81,97744.66,110422.65,101454.74,90066.1,91099.75,-99999.0,Low,Unknown,Low,0,0,0,0,0,0,0,0,0,0,0,0,0,0,0,49.0,50.5,41.25,55.0
23.169966,72.513638,16.47,8178.51,9384.84,6895.3,10957.65,10423.7,12489.67,18638.04,4944.66,629.05,-99999.0,Low,Unknown,Low,0,0,0,0,0,0,0,0,0,0,0,0,0,0,0,45.0,62.5,51.4,63.0
22.230327,72.287196,3666.47,18473.72,170567.75,166364.14,174195.83,174971.19,176784.71,177875.78,164198.21,162420.74,-99999.0,Low,Unknown,Low,0,0,0,0,0,0,0,0,0,0,0,0,0,0,0,45.0,38.5,31.25,47.0
23.004305,72.319941,543.08,3607.21,28823.97,28928.76,27142.91,29311.91,30444.52,26883.72,31006.08,28642.21,1.86,Low,Unknown,Low,0,0,0,0,0,0,0,0,0,0,0,0,0,0,0,45.0,44.5,36.25,51.0
23.100222,72.296561,120.64,13683.4,35993.43,31439.13,35769.05,37133.49,39414.54,34449.01,40083.63,33951.04,-99999.0,Low,Unknown,Low,0,0,0,0,0,0,0,0,0,0,0,0,0,0,0,45.0,56.5,46.25,59.0
22.543939,72.350337,2074.46,2074.46,100253.64,96108.4,103817.33,105573.02,106430.66,108212.47,93882.79,93080.85,-99999.0,Low,Unknown,Low,0,0,0,0,0,0,0,0,0,0,0,0,0,0,0,45.0,38.5,31.25,47.0
23.207258,72.614357,61.56,2850.28,3226.52,4561.82,2606.93,2653.04,10357.17,24288.01,11236.57,4301.78,-99999.0,Low,Unknown,Low,0,0,0,0,0,0,0,0,0,0,0,0,0,0,0,45.0,64.39,51.25,63.0
22.554169,72.652156,3064.57,5300.09,87664.31,95045.82,89953.18,93719.3,104768.35,97697.57,86392.28,86031.94,-99999.0,Low,Unknown,Low,0,0,0,0,0,0,0,0,0,0,0,0,0,0,0,45.0,38.5,31.25,47.0
22.238768,72.688416,10070.99,12359.11,158066.63,165371.43,160319.0,164144.41,174791.96,168083.27,156749.69,155886.6,-99999.0,Low,Unknown,Low,0,0,0,0,0,0,0,0,0,0,0,0,0,0,0,45.0,38.5,31.25,47.0
22.322976,72.720821,674.87,10798.53,140223.64,148116.18,142365.3,146425.99,157975.76,150164.35,138785.65,139250.07,-99999.0,Low,Unknown,Low,0,0,0,0,0,0,0,0,0,0,0,0,0,0,0,45.0,44.5,36.25,51.0
23.087391,72.718905,156.19,3686.13,11171.16,16683.19,14058.44,7074.94,18678.59,12969.36,8420.08,708.55,-99999.0,Low,Unknown,Low,0,0,0,0,0,0,0,0,0,0,0,0,0,0,0,45.0,56.5,46.25,59.0
23.090895,72.536762,22.16,1403.45,1928.55,2101.28,5292.08,3051.68,734.96,7210.24,1784.29,815.57,114.14,High,Industrial,Low,0,0,0,0,0,0,0,0,0,0,0,0,0,0,0,64.0,78.0,74.33,91.92
22.485115,72.670584,184.3,184.3,103212.48,110765.34,105451.02,109321.66,120519.12,113219.82,101880.59,101775.39,-99999.0,Low,Unknown,Low,0,0,0,0,0,0,0,0,0,0,0,0,0,0,0,57.0,56.5,46.25,59.0
23.158586,72.372583,786.45,791.97,27678.99,21033.65,32530.84,28272.2,36491.73,31944.36,32952.6,20950.72,-99999.0,Low,Unknown,Low,0,0,0,0,0,0,0,0,0,0,0,0,0,0,0,49.0,44.5,36.25,51.0
22.997392,72.755891,686.0,1720.1,7655.49,24416.13,25666.23,18285.78,26492.67,26367.06,17594.62,4932.95,6.03,Low,Unknown,Low,0,0,0,0,0,0,0,0,0,0,0,0,0,0,0,45.0,44.5,36.25,51.0
22.665066,72.774021,156.23,1413.44,70062.24,80503.62,71521.73,75375.47,88686.93,79130.75,68078.96,68664.01,-99999.0,Low,Unknown,Low,0,0,0,0,0,0,0,0,0,0,0,0,0,0,0,45.0,56.5,46.25,59.0
23.370987,72.387592,984.98,984.98,56579.12,53700.13,54535.85,54525.21,56580.26,68919.48,51632.51,26851.83,-99999.0,Low,Unknown,Low,0,0,0,0,0,0,0,0,0,0,0,0,0,0,0,49.0,44.5,36.25,51.0
22.86255,72.207779,1850.38,5730.28,60113.28,59104.33,59035.37,61760.94,62778.07,61124.67,56132.23,57413.56,-99999.0,Low,Unknown,Low,0,0,0,0,0,0,0,0,0,0,0,0,0,0,0,45.0,38.5,31.25,47.0
22.501609,72.572337,166.34,166.34,99605.68,103871.72,102163.8,105176.81,113641.65,109637.59,98716.88,94638.46,-99999.0,Low,Unknown,Low,0,0,0,0,0,0,0,0,0,0,0,0,0,0,0,57.0,56.5,46.25,59.0
23.13711,72.722071,344.14,6119.87,10184.62,10865.86,18758.34,11189.78,26009.61,18758.7,1809.7,4603.06,-99999.0,Low,Unknown,Low,0,0,0,0,0,0,0,0,0,0,0,0,0,0,0,45.0,50.5,49.76,55.0
23.19598,72.746892,87.02,2397.45,3994.73,17388.11,23220.48,17910.86,34879.5,31848.33,10004.46,13122.2,-99999.0,Low,Unknown,Low,0,0,0,0,0,0,0,0,0,0,0,0,0,0,0,45.0,62.5,51.25,63.0
23.045555,72.588579,203.76,203.76,147.35,1273.85,1462.39,2164.42,7341.18,583.38,1941.02,2524.66,103.95,High,Residential,Low,0,0,0,2,2,2,0,0,0,2,2,3,0,0,0,82.33,85.05,79.74,84.0
23.106129,72.527969,67.52,1130.12,546.64,5064.54,5793.53,2037.86,4427.81,8573.83,5541.81,1526.11,82.48,Medium,Unknown,Low,0,0,0,0,0,0,0,0,0,0,0,1,0,0,0,62.5,76.5,58.25,83.99
22.924064,72.665688,277.01,3600.08,10315.86,19654.95,10746.62,14255.52,27725.5,17996.06,7871.52,7734.7,-99999.0,Low,Unknown,Low,0,0,0,0,0,0,0,0,0,0,0,0,0,0,0,45.0,56.5,46.25,59.0
23.357148,72.376507,768.02,768.02,55940.05,53417.81,53985.64,53970.48,55940.02,67652.31,50602.96,24502.95,-99999.0,Low,Unknown,Low,0,0,0,0,0,0,0,0,0,0,0,0,0,0,0,49.0,44.5,36.25,51.0
22.412911,72.609595,824.6,824.6,118756.4,124662.47,121194.5,124566.49,133968.62,128827.21,117678.8,114974.99,-99999.0,Low,Unknown,Low,0,0,0,0,0,0,0,0,0,0,0,0,0,0,0,49.0,44.5,36.25,51.0
22.424372,72.304277,3236.6,3769.61,128104.8,124002.33,131540.83,133531.23,134228.36,136155.42,121736.0,120985.74,-99999.0,Low,Unknown,Low,0,0,0,0,0,0,0,0,0,0,0,0,0,0,0,45.0,38.5,31.25,47.0
22.816616,72.426319,71.69,1324.38,38438.02,34320.81,42192.96,44325.06,44659.15,46916.81,32067.15,33157.27,3.34,Low,Unknown,Low,0,0,0,0,0,0,0,0,0,0,0,0,0,0,0,45.0,62.5,51.25,63.0
22.714209,72.533959,2370.91,2905.56,54897.31,56357.89,58059.5,58822.15,66420.41,63211.78,54944.02,47491.69,3.98,Low,Unknown,Low,0,0,0,0,0,0,0,0,0,0,0,0,0,0,0,45.0,38.5,31.25,47.0
22.35608,72.550392,1523.47,4408.68,132123.37,135059.21,134692.28,137465.25,145561.64,142104.22,131250.36,126598.61,-99999.0,Low,Unknown,Low,0,0,0,0,0,0,0,0,0,0,0,0,0,0,0,45.0,38.5,31.25,47.0
22.506019,72.398338,778.45,778.45,106305.62,102230.57,110633.17,109998.55,112960.8,113068.98,100253.82,97518.64,4.63,Low,Unknown,Low,0,0,0,0,0,0,0,0,0,0,0,0,0,0,0,49.0,44.5,36.25,51.0
23.051627,72.292883,567.9,3862.78,33851.56,33233.59,33558.98,34987.39,36543.31,32025.95,39441.37,32619.07,-99999.0,Low,Unknown,Low,0,0,0,0,0,0,0,0,0,0,0,0,0,0,0,45.0,44.5,36.25,51.0
22.384444,72.393578,3941.08,16084.04,132892.02,128929.27,136204.6,135961.3,139722.06,139350.38,127003.0,123688.6,-99999.0,Low,Unknown,Low,0,0,0,0,0,0,0,0,0,0,0,0,0,0,0,45.0,38.5,31.25,47.0
22.261027,72.759429,1237.89,20847.9,155161.85,163366.19,157226.52,161325.76,173401.39,165035.24,153646.67,154678.03,-99999.0,Low,Unknown,Low,0,0,0,0,0,0,0,0,0,0,0,0,0,0,0,45.0,38.5,31.25,47.0
22.93873,72.597134,67.85,686.7,4515.49,10280.04,8875.43,9089.24,21855.72,13428.25,7737.79,4578.26,61.17,Medium,Unknown,Low,0,0,0,0,0,0,0,0,0,0,0,0,0,0,0,59.0,70.5,55.25,79.0
22.788661,72.543606,438.04,6504.88,38772.63,41068.98,42184.92,42345.38,50132.87,46799.27,39258.95,31143.72,-99999.0,Low,Unknown,Low,0,0,0,0,0,0,0,0,0,0,0,0,0,0,0,45.0,50.5,41.25,55.0
22.629703,72.670419,805.36,7959.08,71423.46,79520.16,73591.78,77624.25,89775.52,81382.41,70014.47,71151.43,-99999.0,Low,Unknown,Low,0,0,0,0,0,0,0,0,0,0,0,0,0,0,0,45.0,44.5,36.25,51.0
22.581431,72.331977,688.31,688.31,93342.86,89339.17,96625.3,98945.58,99382.29,101197.79,86985.85,87327.79,-99999.0,Low,Unknown,Low,0,0,0,0,0,0,0,0,0,0,0,0,0,0,0,49.0,44.5,36.25,51.0
22.420643,72.240906,2160.67,3865.06,132843.24,128966.31,135815.58,138228.4,138727.92,140231.75,126518.74,127283.81,-99999.0,Low,Unknown,Low,0,0,0,0,0,0,0,0,0,0,0,0,0,0,0,45.0,38.5,31.25,47.0
22.806168,72.449559,49.97,49.97,39661.12,35451.93,44116.89,44595.85,46254.03,47298.28,33524.89,32658.48,41.35,Low,Unknown,Low,0,0,0,0,0,0,0,0,0,0,0,0,0,0,0,71.0,70.5,55.25,79.0
22.844443,72.255167,1474.75,10300.53,53965.96,52311.0,53786.81,56547.2,57478.41,56571.44,49293.24,50808.96,-99999.0,Low,Unknown,Low,0,0,0,0,0,0,0,0,0,0,0,0,0,0,0,45.0,38.5,31.25,47.0
22.465438,72.328012,262.58,954.09,118124.42,113980.09,121661.71,123370.88,124293.52,125986.45,111753.63,110766.76,-99999.0,Low,Unknown,Low,0,0,0,0,0,0,0,0,0,0,0,0,0,0,0,49.0,56.5,46.25,59.0
22.59826,72.416479,927.65,927.65,85662.65,81594.27,90073.55,89616.57,92355.17,92516.61,79639.36,77034.98,2.77,Low,Unknown,Low,0,0,0,0,0,0,0,0,0,0,0,0,0,0,0,49.0,44.5,36.25,51.0
22.462134,72.651593,1685.59,1685.59,107995.45,115148.28,110305.76,114011.85,124619.33,118038.9,106748.72,105754.95,-99999.0,Low,Unknown,Low,0,0,0,0,0,0,0,0,0,0,0,0,0,0,0,45.0,38.5,31.25,47.0
22.836599,72.797979,1947.53,3126.37,41708.03,50250.92,43553.34,43911.76,56751.12,49740.27,40984.24,34559.91,-99999.0,Low,Unknown,Low,0,0,0,0,0,0,0,0,0,0,0,0,0,0,0,45.0,38.5,31.25,47.0
23.188426,72.78868,98.92,98.92,8784.16,25545.96,31716.86,25158.8,43146.52,36261.92,14062.04,18742.19,-99999.0,Low,Unknown,Low,0,0,0,0,0,0,0,0,0,0,0,0,0,0,0,61.0,62.5,51.25,63.0
22.210564,72.601363,3231.91,3784.43,163736.46,168524.9,166180.36,169521.21,178491.26,173807.07,162665.44,159487.07,-99999.0,Low,Unknown,Low,0,0,0,0,0,0,0,0,0,0,0,0,0,0,0,45.0,38.5,31.25,47.0
22.734801,72.742698,503.97,3954.9,53407.14,64020.18,54836.45,58685.37,72051.81,62440.68,51402.52,51974.69,-99999.0,Low,Unknown,Low,0,0,0,0,0,0,0,0,0,0,0,0,0,0,0,45.0,44.5,36.25,51.0
22.936441,72.572679,170.84,2214.68,7005.93,9509.38,11832.24,9495.55,19635.14,15011.02,12533.88,4362.03,-99999.0,Low,Unknown,Low,0,0,0,0,0,0,0,0,0,0,0,0,0,0,0,45.0,56.5,46.25,59.0
23.350676,72.609531,260.02,2753.27,34428.65,32621.33,33823.31,33869.51,38540.99,54636.04,37557.29,23709.83,-99999.0,Low,Unknown,Low,0,0,0,0,0,0,0,0,0,0,0,0,0,0,0,45.0,56.5,46.25,59.0
22.585124,72.749559,105.14,11369.32,84663.39,94092.41,86460.9,90476.69,104384.43,94232.75,82914.31,83750.72,-99999.0,Low,Unknown,Low,0,0,0,0,0,0,0,0,0,0,0,0,0,0,0,45.0,56.5,46.25,59.0
23.333985,72.431526,232.31,1312.13,44775.97,41818.17,42701.89,42692.75,44777.61,57557.28,40096.74,18674.27,-99999.0,Low,Unknown,Low,0,0,0,0,0,0,0,0,0,0,0,0,0,0,0,45.0,56.5,46.25,59.0
22.848285,72.369697,676.4,676.4,36839.69,33810.82,38840.7,41410.53,42055.0,42998.69,30941.46,32549.94,4.54,Low,Unknown,Low,0,0,0,0,0,0,0,0,0,0,0,0,0,0,0,49.0,44.5,36.25,51.0
23.293603,72.693265,233.38,9470.01,24503.77,24951.01,24493.14,24425.22,34878.46,47851.4,31343.67,4120.22,-99999.0,Low,Unknown,Low,0,0,0,0,0,0,0,0,0,0,0,0,0,0,0,45.0,56.5,46.25,59.0
22.64995,72.68169,1797.39,5562.16,67362.14,75850.17,69448.64,73557.39,86350.88,77254.27,65868.19,66941.19,-99999.0,Low,Unknown,Low,0,0,0,0,0,0,0,0,0,0,0,0,0,0,0,45.0,38.5,31.25,47.0
22.734668,72.226311,1242.95,7612.86,74414.64,71798.44,75435.45,78151.86,78952.5,78892.89,68851.97,70506.86,2.36,Low,Unknown,Low,0,0,0,0,0,0,0,0,0,0,0,0,0,0,0,45.0,38.5,31.25,47.0
23.277938,72.315507,346.32,800.65,50774.13,48061.96,55317.7,54460.83,56603.95,60165.75,49519.41,20604.29,-99999.0,Low,Unknown,Low,0,0,0,0,0,0,0,0,0,0,0,0,0,0,0,49.0,50.5,41.25,55.0
22.816674,72.768927,1048.56,1048.56,41759.07,50225.38,42365.19,44361.98,57392.5,49229.55,39401.57,37042.02,-99999.0,Low,Unknown,Low,0,0,0,0,0,0,0,0,0,0,0,0,0,0,0,45.0,38.5,31.25,47.0
22.400874,72.773766,581.77,1211.12,125366.65,134205.32,127291.03,131349.97,144697.75,135091.2,123723.11,124647.88,-99999.0,Low,Unknown,Low,0,0,0,0,0,0,0,0,0,0,0,0,0,0,0,45.0,44.5,36.25,51.0
22.84557,72.204398,4246.35,8042.41,62480.15,61245.24,61672.29,64414.26,65409.47,63951.96,58249.15,59618.36,1.67,Low,Unknown,Low,0,0,0,0,0,0,0,0,0,0,0,0,0,0,0,45.0,38.5,31.25,47.0
22.278566,72.602201,6401.26,10787.67,148607.47,153626.83,151053.76,154391.8,163443.18,158678.01,147540.35,144438.04,-99999.0,Low,Unknown,Low,0,0,0,0,0,0,0,0,0,0,0,0,0,0,0,45.0,38.5,31.25,47.0
23.128299,72.718971,548.07,5197.11,12177.95,10894.76,17104.8,9739.45,24163.76,16990.07,2116.95,2658.89,-99999.0,Low,Unknown,Low,0,0,0,0,0,0,0,0,0,0,0,0,0,0,0,45.0,44.5,43.94,51.0
22.709051,72.262356,1435.47,1435.47,74270.83,71189.5,76003.15,78641.72,79343.42,79866.98,68354.85,69945.07,4.42,Low,Unknown,Low,0,0,0,0,0,0,0,0,0,0,0,0,0,0,0,45.0,38.5,31.25,47.0
22.845305,72.621646,917.5,4011.28,23308.49,31131.35,25777.09,29247.94,41964.17,33379.22,22306.96,23704.33,-99999.0,Low,Unknown,Low,0,0,0,0,0,0,0,0,0,0,0,0,0,0,0,45.0,44.5,36.25,51.0
23.371469,72.665124,87.04,5990.4,39303.53,39853.28,38647.57,38651.89,46138.97,61436.63,45675.18,21956.17,-99999.0,Low,Unknown,Low,0,0,0,0,0,0,0,0,0,0,0,0,0,0,0,45.0,62.5,51.25,63.0
22.975873,72.763851,209.07,5950.51,11736.03,26925.96,26813.52,20323.27,30154.66,28390.73,19730.32,6246.56,-99999.0,Low,Unknown,Low,0,0,0,0,0,0,0,0,0,0,0,0,0,0,0,45.0,56.5,46.25,59.0
23.096269,72.292253,669.55,12797.91,36450.34,32296.13,36217.75,37594.58,39805.94,34869.02,40708.93,34483.6,-99999.0,Low,Unknown,Low,0,0,0,0,0,0,0,0,0,0,0,0,0,0,0,45.0,44.5,36.25,51.0
22.75107,72.399029,548.42,548.42,53750.63,49694.53,57271.97,59499.82,59884.54,61978.49,47383.55,48377.23,1.76,Low,Unknown,Low,0,0,0,0,0,0,0,0,0,0,0,0,0,0,0,49.0,44.5,36.25,51.0
22.305025,72.232561,1673.98,1673.98,157501.47,153504.91,160690.13,163048.09,163506.07,165192.19,151147.77,150971.29,-99999.0,Low,Unknown,Low,0,0,0,0,0,0,0,0,0,0,0,0,0,0,0,45.0,38.5,31.25,47.0
23.153058,72.534851,235.37,2838.83,4063.02,2056.46,5718.7,4817.96,9597.53,13159.53,2624.3,2544.38,3.35,Low,Unknown,Low,0,0,0,0,0,0,0,0,0,0,0,0,0,0,0,45.0,56.5,52.59,59.0
22.889955,72.336587,933.9,4600.4,34819.84,33083.21,35063.49,37811.91,38681.54,38313.0,30066.03,31586.21,-99999.0,Low,Unknown,Low,0,0,0,0,0,0,0,0,0,0,0,0,0,0,0,45.0,44.5,36.25,51.0
22.510378,72.43282,1766.14,1770.88,104052.07,100429.84,107378.81,107029.74,111346.03,110482.7,98614.96,94793.73,-99999.0,Low,Unknown,Low,0,0,0,0,0,0,0,0,0,0,0,0,0,0,0,45.0,38.5,31.25,47.0
22.956261,72.459815,211.14,1740.51,7228.64,4256.0,11320.23,13134.26,13387.77,15627.75,1243.1,2932.39,-99999.0,Low,Unknown,Low,0,0,0,0,0,0,0,0,0,0,0,0,0,0,0,45.0,56.5,56.27,59.0
22.220269,72.603979,2681.4,5740.51,161565.66,166477.44,164004.88,167359.64,176388.7,171636.42,160487.99,157383.86,-99999.0,Low,Unknown,Low,0,0,0,0,0,0,0,0,0,0,0,0,0,0,0,45.0,38.5,31.25,47.0
22.841801,72.584854,144.79,144.79,25121.28,30362.36,28168.55,30330.6,39971.21,34797.87,25079.1,21643.78,-99999.0,Low,Unknown,Low,0,0,0,0,0,0,0,0,0,0,0,0,0,0,0,57.0,56.5,46.25,59.0
22.942019,72.653576,949.63,1404.26,6270.85,15197.23,6156.07,9628.96,23411.6,13378.65,3846.54,3132.42,-99999.0,Low,Unknown,Low,0,0,0,0,0,0,0,0,0,0,0,0,0,0,0,45.0,44.5,39.33,51.0
22.90273,72.620529,640.26,688.76,10724.76,19488.74,13302.61,16678.35,31017.5,20790.44,9982.91,11129.08,1.8,Low,Unknown,Low,0,0,0,0,0,0,0,0,0,0,0,0,0,0,0,49.0,44.5,36.25,51.0
22.287107,72.756829,840.95,20071.99,149346.65,157592.09,151404.53,155502.26,167664.64,159213.54,147824.9,148851.56,-99999.0,Low,Unknown,Low,0,0,0,0,0,0,0,0,0,0,0,0,0,0,0,45.0,44.5,36.25,51.0
22.327363,72.672135,1005.05,4725.47,138131.06,145366.25,140405.94,144184.71,154787.61,148159.21,136840.73,135889.87,-99999.0,Low,Unknown,Low,0,0,0,0,0,0,0,0,0,0,0,0,0,0,0,45.0,38.5,31.25,47.0
22.561621,72.251903,552.11,6407.77,103390.2,99757.9,105952.09,108455.05,109027.69,110196.59,97157.49,98611.5,-99999.0,Low,Unknown,Low,0,0,0,0,0,0,0,0,0,0,0,0,0,0,0,45.0,44.5,36.25,51.0
23.118329,72.462606,37.92,8124.16,8493.46,5141.88,16514.47,8989.46,16387.34,18377.16,15360.33,5187.72,-99999.0,Low,Unknown,Low,0,0,0,0,0,0,0,0,0,0,0,0,0,0,0,45.0,62.5,51.25,63.0
22.674136,72.596434,225.61,4337.44,61223.08,67312.06,63765.55,66875.16,76465.8,71274.91,60314.66,57563.54,-99999.0,Low,Unknown,Low,0,0,0,0,0,0,0,0,0,0,0,0,0,0,0,45.0,56.5,46.25,59.0
22.768785,72.520081,356.78,9947.28,44662.89,44040.75,48238.28,47524.15,54454.62,51452.69,43051.82,35675.8,2.06,Low,Unknown,Low,0,0,0,0,0,0,0,0,0,0,0,0,0,0,0,45.0,50.5,41.25,55.0
22.363658,72.434596,3048.37,14495.89,134833.02,132718.88,137883.12,138496.94,143682.6,142298.99,130954.26,126542.74,-99999.0,Low,Unknown,Low,0,0,0,0,0,0,0,0,0,0,0,0,0,0,0,45.0,38.5,31.25,47.0
23.156982,72.527435,266.29,4559.71,5482.62,3436.8,7099.83,6460.61,10521.27,14709.33,3569.91,2378.83,-99999.0,Low,Unknown,Low,0,0,0,0,0,0,0,0,0,0,0,0,0,0,0,45.0,56.5,50.06,59.0
23.352161,72.286445,1228.34,3165.06,66268.34,64688.22,67671.53,67643.94,69315.9,77133.89,62920.36,33808.98,-99999.0,Low,Unknown,Low,0,0,0,0,0,0,0,0,0,0,0,0,0,0,0,45.0,38.5,31.25,47.0
23.012747,72.748501,148.84,642.66,5365.58,22776.33,23021.72,15486.33,23844.85,23487.61,16488.58,3601.34,25.74,Low,Residential,Low,0,0,0,0,0,0,0,0,0,0,0,0,0,0,0,58.5,65.0,53.25,72.0
23.154021,72.637595,101.37,497.57,5148.69,4032.59,9363.81,4041.43,13477.0,16830.51,1823.59,3457.71,-99999.0,Low,Residential,Low,0,0,0,0,0,0,0,0,0,0,0,0,0,0,0,57.5,61.0,59.72,64.0
22.647757,72.769679,855.59,917.23,73158.92,83385.16,74699.78,78597.03,92059.19,82357.61,71226.69,71871.62,-99999.0,Low,Unknown,Low,0,0,0,0,0,0,0,0,0,0,0,0,0,0,0,49.0,44.5,36.25,51.0
22.864229,72.533042,2194.91,4202.52,24733.77,24914.45,29522.78,26623.96,33482.49,30352.16,24807.74,14582.1,-99999.0,Low,Unknown,Low,0,0,0,0,0,0,0,0,0,0,0,0,0,0,0,45.0,38.5,31.25,47.0
22.347882,72.203018,85.13,6242.51,150570.13,146720.45,153471.91,155904.58,156418.18,157848.1,144254.76,145075.53,-99999.0,Low,Unknown,Low,0,0,0,0,0,0,0,0,0,0,0,0,0,0,0,45.0,62.5,51.25,63.0
22.915986,72.522291,766.09,903.54,14844.41,14148.47,21071.37,17203.76,22197.92,19552.85,14824.16,4478.69,-99999.0,Low,Unknown,Low,0,0,0,0,0,0,0,0,0,0,0,0,0,0,0,49.0,44.5,36.25,51.0
23.336375,72.382815,1400.21,3140.82,51944.76,49693.07,50057.78,50039.44,51943.92,63270.67,46372.34,19839.59,-99999.0,Low,Unknown,Low,0,0,0,0,0,0,0,0,0,0,0,0,0,0,0,45.0,38.5,31.25,47.0
23.097956,72.742128,834.12,834.12,15439.67,18361.92,18996.31,11992.93,23918.52,18060.39,10243.73,2744.45,-99999.0,Low,Unknown,Low,0,0,0,0,0,0,0,0,0,0,0,0,0,0,0,49.0,44.5,36.25,51.0
22.612622,72.447593,1149.51,7584.76,81507.56,77737.82,85546.02,84560.49,88692.11,87839.67,75964.39,72194.6,3.56,Low,Unknown,Low,0,0,0,0,0,0,0,0,0,0,0,0,0,0,0,45.0,38.5,31.25,47.0
22.975118,72.507532,98.75,1971.65,1813.46,5948.74,8127.1,6993.33,10295.25,10055.06,4264.65,1291.49,67.79,Medium,Unknown,Low,0,0,0,0,0,0,0,0,0,0,0,0,0,0,0,55.0,70.5,57.21,75.61
22.393145,72.332473,8563.34,12758.49,133447.23,129226.35,137140.19,137964.74,139687.93,140763.57,127079.42,125355.14,-99999.0,Low,Unknown,Low,0,0,0,0,0,0,0,0,0,0,0,0,0,0,0,45.0,38.5,31.25,47.0
23.201698,72.316596,737.77,8713.28,41498.74,35648.85,46635.03,42850.76,50716.53,45893.7,44574.11,21927.1,-99999.0,Low,Unknown,Low,0,0,0,0,0,0,0,0,0,0,0,0,0,0,0,45.0,44.5,36.25,51.0
22.41763,72.679796,1638.14,10397.66,118293.42,125828.72,120522.84,124407.96,135513.49,128295.79,116950.81,116722.63,-99999.0,Low,Unknown,Low,0,0,0,0,0,0,0,0,0,0,0,0,0,0,0,45.0,38.5,31.25,47.0
23.222701,72.710833,66.49,2879.61,9263.93,13146.88,16919.27,16667.26,29131.02,33693.38,15822.09,4457.43,-99999.0,Low,Unknown,Low,0,0,0,0,0,0,0,0,0,0,0,0,0,0,0,45.0,62.5,51.25,63.0
23.318844,72.796588,746.15,3612.07,32412.25,40207.63,42576.5,42443.09,54332.47,59959.01,38633.75,21440.7,-99999.0,Low,Unknown,Low,0,0,0,0,0,0,0,0,0,0,0,0,0,0,0,45.0,44.5,36.25,51.0
22.753518,72.529799,1650.22,9278.22,46987.46,47733.7,50372.67,50413.87,57773.38,54626.62,46815.42,38878.84,-99999.0,Low,Unknown,Low,0,0,0,0,0,0,0,0,0,0,0,0,0,0,0,45.0,38.5,31.25,47.0
22.548783,72.240418,1168.38,8227.79,106942.76,103334.44,109454.76,111968.88,112550.52,113671.71,100721.55,102183.86,-99999.0,Low,Unknown,Low,0,0,0,0,0,0,0,0,0,0,0,0,0,0,0,45.0,38.5,31.25,47.0
22.317843,72.635354,79.77,1929.19,139869.96,146419.28,142240.42,145786.95,155596.17,149933.28,138698.75,136617.03,-99999.0,Low,Unknown,Low,0,0,0,0,0,0,0,0,0,0,0,0,0,0,0,45.0,62.5,51.25,63.0
22.784628,72.398511,1.36,35.69,46764.06,42831.05,50100.79,52379.15,52799.86,54758.13,40415.73,41744.44,5.05,Low,Unknown,Low,0,0,0,0,0,0,0,0,0,0,0,0,0,0,0,61.0,62.5,51.25,63.0
22.353858,72.593284,32.61,32.61,131952.88,136837.68,134426.2,137690.89,146620.61,142020.87,130926.18,127615.51,-99999.0,Low,Unknown,Low,0,0,0,0,0,0,0,0,0,0,0,0,0,0,0,61.0,62.5,51.25,63.0
22.320054,72.571709,4724.3,7841.7,139694.09,143545.04,142210.59,145339.35,153756.53,149751.09,138733.67,134764.89,-99999.0,Low,Unknown,Low,0,0,0,0,0,0,0,0,0,0,0,0,0,0,0,45.0,38.5,31.25,47.0
23.280142,72.390672,291.4,291.4,41176.72,40976.72,41827.15,41796.26,43389.7,52893.6,36916.47,8120.14,-99999.0,Low,Unknown,Low,0,0,0,0,0,0,0,0,0,0,0,0,0,0,0,57.0,56.5,46.25,59.0
22.740775,72.569805,1007.08,1598.38,47485.06,52457.63,50298.41,52444.53,61122.75,57206.28,47025.81,42146.0,-99999.0,Low,Unknown,Low,0,0,0,0,0,0,0,0,0,0,0,0,0,0,0,45.0,38.5,31.25,47.0
22.566811,72.550502,3027.92,5840.56,85938.94,88898.81,88585.74,90881.37,98983.55,95639.09,85216.47,80003.96,-99999.0,Low,Unknown,Low,0,0,0,0,0,0,0,0,0,0,0,0,0,0,0,45.0,38.5,31.25,47.0
22.878662,72.418696,227.26,2728.14,26109.41,22559.24,29133.96,31459.72,31928.84,33775.89,19880.42,21373.17,-99999.0,Low,Unknown,Low,0,0,0,0,0,0,0,0,0,0,0,0,0,0,0,45.0,56.5,46.25,59.0
22.5796,72.456984,2923.08,4376.99,88032.12,84877.86,91388.37,91015.32,95889.67,94551.63,83173.46,78834.97,3.15,Low,Unknown,Low,0,0,0,0,0,0,0,0,0,0,0,0,0,0,0,45.0,38.5,31.25,47.0
22.205798,72.347705,17262.28,32067.81,173421.84,169379.38,176615.03,176586.22,180083.44,179982.73,167387.17,164325.83,-99999.0,Low,Unknown,Low,0,0,0,0,0,0,0,0,0,0,0,0,0,0,0,45.0,38.5,31.25,47.0
22.465831,72.64389,97.23,97.23,107099.58,114118.15,109434.76,113081.47,123503.6,117152.29,105883.99,104612.64,-99999.0,Low,Unknown,Low,0,0,0,0,0,0,0,0,0,0,0,0,0,0,0,61.0,62.5,51.25,63.0
22.723349,72.704066,544.24,586.22,52724.04,62381.4,54524.06,58550.88,72562.97,62303.61,50973.9,51831.31,-99999.0,Low,Unknown,Low,0,0,0,0,0,0,0,0,0,0,0,0,0,0,0,49.0,44.5,36.25,51.0
22.361167,72.639784,508.35,5263.64,130271.9,137073.51,132628.65,136213.04,146218.9,140331.68,129083.1,127259.35,-99999.0,Low,Unknown,Low,0,0,0,0,0,0,0,0,0,0,0,0,0,0,0,45.0,44.5,36.25,51.0
23.253463,72.477709,150.0,750.89,25808.4,24031.12,23986.74,23964.57,25807.1,37800.34,20426.24,8250.18,-99999.0,Low,Unknown,Low,0,0,0,0,0,0,0,0,0,0,0,0,0,0,0,49.0,56.5,46.25,59.0
22.63049,72.383283,1701.82,5829.12,80181.07,75991.8,83879.27,85397.08,86411.17,88046.21,73811.57,72979.87,-99999.0,Low,Unknown,Low,0,0,0,0,0,0,0,0,0,0,0,0,0,0,0,45.0,38.5,31.25,47.0
22.862006,72.305462,2959.48,2959.48,43542.08,41650.41,43818.5,46569.47,47444.66,46985.79,38631.31,40221.18,1.5,Low,Unknown,Low,0,0,0,0,0,0,0,0,0,0,0,0,0,0,0,45.0,38.5,31.25,47.0
22.927953,72.705076,425.13,1807.58,16050.6,22689.03,16534.34,16636.23,29666.26,22143.28,14757.41,11166.48,4.43,Low,Unknown,Low,0,0,0,0,0,0,0,0,0,0,0,0,0,0,0,45.0,50.5,41.25,55.0
23.230456,72.284001,58.61,58.61,50102.77,44654.43,55569.39,51813.88,59536.13,54789.53,52066.74,26225.71,-99999.0,Low,Unknown,Low,0,0,0,0,0,0,0,0,0,0,0,0,0,0,0,61.0,62.5,51.25,63.0
22.846342,72.357941,139.15,1661.38,38578.01,35708.03,40314.57,42928.51,43613.3,44334.45,32798.59,34430.83,-99999.0,Low,Unknown,Low,0,0,0,0,0,0,0,0,0,0,0,0,0,0,0,45.0,56.5,46.25,59.0
23.263603,72.245877,1672.85,10189.32,60252.01,55109.54,65954.22,62237.39,68734.53,65141.75,61307.05,33686.29,-99999.0,Low,Unknown,Low,0,0,0,0,0,0,0,0,0,0,0,0,0,0,0,45.0,38.5,31.25,47.0
22.29048,72.211178,133.86,133.86,161915.65,157967.62,165002.42,167388.73,167867.04,169458.49,155572.71,155701.34,1.53,Low,Unknown,Low,0,0,0,0,0,0,0,0,0,0,0,0,0,0,0,57.0,56.5,46.25,59.0
22.808614,72.218717,3564.47,15992.27,64540.51,62713.85,64499.25,67259.52,68181.41,67315.72,59694.81,61277.55,-99999.0,Low,Unknown,Low,0,0,0,0,0,0,0,0,0,0,0,0,0,0,0,45.0,38.5,31.25,47.0
22.898269,72.443081,1572.09,1652.6,20312.99,16412.7,24050.37,26138.76,26471.89,28745.71,13954.8,15296.87,-99999.0,Low,Unknown,Low,0,0,0,0,0,0,0,0,0,0,0,0,0,0,0,45.0,38.5,31.25,47.0
22.908044,72.743782,2056.95,3287.86,23421.75,31183.88,25542.55,24724.24,37526.68,30949.99,23619.12,16346.23,3.91,Low,Unknown,Low,0,0,0,0,0,0,0,0,0,0,0,0,0,0,0,45.0,38.5,31.25,47.0
22.861913,72.526082,866.33,4719.07,25872.67,24779.71,30701.4,27568.34,33994.86,31023.07,24492.19,15252.83,-99999.0,Low,Unknown,Low,0,0,0,0,0,0,0,0,0,0,0,0,0,0,0,45.0,44.5,36.25,51.0
23.398474,72.483262,1113.1,10080.68,51644.07,47078.27,49281.3,49291.22,51651.49,66691.15,49245.68,35167.59,-99999.0,Low,Unknown,Low,0,0,0,0,0,0,0,0,0,0,0,0,0,0,0,45.0,38.5,31.25,47.0
23.130237,72.419491,153.79,8787.05,17203.3,9937.57,22817.5,17017.86,25393.6,22573.15,22041.42,14012.32,-99999.0,Low,Unknown,Low,0,0,0,0,0,0,0,0,0,0,0,0,0,0,0,45.0,56.5,46.25,59.0
22.467968,72.663287,1037.9,3354.04,106867.48,114244.09,109136.99,112937.73,123867.77,116892.06,105571.53,105061.59,-99999.0,Low,Unknown,Low,0,0,0,0,0,0,0,0,0,0,0,0,0,0,0,45.0,38.5,31.25,47.0
23.079872,72.374599,98.43,2536.95,20009.67,16158.03,19819.61,21124.61,23677.63,18641.73,23782.19,17747.13,-99999.0,Low,Unknown,Low,0,0,0,0,0,0,0,0,0,0,0,0,0,0,0,45.0,62.5,51.25,63.0
22.757641,72.506247,1186.21,8627.43,48089.61,46004.16,51741.46,50592.79,57065.6,54244.16,44810.48,38481.69,3.34,Low,Unknown,Low,0,0,0,0,0,0,0,0,0,0,0,0,0,0,0,45.0,38.5,31.25,47.0
22.676142,72.5013,894.65,3044.35,64956.38,63727.25,68290.09,68230.52,74905.62,72123.37,62367.96,56347.29,-99999.0,Low,Unknown,Low,0,0,0,0,0,0,0,0,0,0,0,0,0,0,0,45.0,44.5,36.25,51.0
22.995214,72.708789,1962.1,4181.72,4707.1,15036.88,17048.58,8718.64,18535.8,16808.68,8030.17,4773.89,8.71,Low,Unknown,Low,0,0,0,0,0,0,0,0,0,0,0,0,0,0,0,45.0,38.5,31.25,47.0
23.167848,72.568422,23.17,77.43,2331.75,3820.87,4340.65,2794.11,2313.91,14284.94,2960.72,1207.24,-99999.0,Low,Unknown,Low,0,0,0,0,0,0,0,0,0,0,0,0,0,0,0,61.0,62.5,56.69,61.09
22.399012,72.508482,493.09,493.09,123927.59,124845.26,126634.9,128507.97,135998.51,132924.73,123280.17,117173.45,-99999.0,Low,Unknown,Low,0,0,0,0,0,0,0,0,0,0,0,0,0,0,0,53.0,50.5,41.25,55.0
22.735465,72.307487,1619.11,3045.33,64427.94,61131.44,66555.56,69128.52,69767.03,70649.76,58368.81,59917.08,-99999.0,Low,Unknown,Low,0,0,0,0,0,0,0,0,0,0,0,0,0,0,0,45.0,38.5,31.25,47.0
23.338454,72.595648,100.64,3781.92,31958.6,29647.34,31381.55,31428.38,35499.31,51654.34,34375.48,23638.36,-99999.0,Low,Unknown,Low,0,0,0,0,0,0,0,0,0,0,0,0,0,0,0,45.0,56.5,46.25,59.0
23.361283,72.641552,15.32,2042.05,36722.33,36419.24,35894.9,35923.88,42384.05,58061.66,41725.43,21858.87,-99999.0,Low,Unknown,Low,0,0,0,0,0,0,0,0,0,0,0,0,0,0,0,45.0,62.5,51.25,63.0
22.780204,72.415277,596.34,1690.64,46721.21,42602.69,50409.2,52575.05,52924.2,55182.04,40350.35,41190.65,-99999.0,Low,Unknown,Low,0,0,0,0,0,0,0,0,0,0,0,0,0,0,0,45.0,44.5,36.25,51.0
22.462583,72.492585,488.46,8786.87,110743.03,110657.33,113629.91,114927.62,121786.31,119131.24,109140.93,103357.24,-99999.0,Low,Unknown,Low,0,0,0,0,0,0,0,0,0,0,0,0,0,0,0,45.0,50.5,41.25,55.0
22.275433,72.421661,11635.92,33039.68,154403.01,152380.09,157394.37,158175.52,163318.87,162007.62,150588.25,146249.17,-99999.0,Low,Unknown,Low,0,0,0,0,0,0,0,0,0,0,0,0,0,0,0,45.0,38.5,31.25,47.0
22.25137,72.324064,11575.28,23764.42,164455.41,160245.42,168335.1,168200.57,170817.7,171328.57,158165.67,155769.53,-99999.0,Low,Unknown,Low,0,0,0,0,0,0,0,0,0,0,0,0,0,0,0,45.0,38.5,31.25,47.0
23.289271,72.416751,707.34,1862.99,40196.6,38473.24,38438.68,38414.65,40194.4,51037.11,34289.21,8665.89,-99999.0,Low,Unknown,Low,0,0,0,0,0,0,0,0,0,0,0,0,0,0,0,45.0,44.5,36.25,51.0
22.763609,72.472786,1414.87,1980.88,47947.76,44334.61,53578.05,51618.1,55410.87,54425.89,42738.86,38948.6,2.12,Low,Unknown,Low,0,0,0,0,0,0,0,0,0,0,0,0,0,0,0,45.0,38.5,31.25,47.0
22.255725,72.788354,1727.76,20533.44,157529.39,166042.19,159519.26,163597.86,176273.98,167326.98,155944.12,156915.84,-99999.0,Low,Unknown,Low,0,0,0,0,0,0,0,0,0,0,0,0,0,0,0,45.0,38.5,31.25,47.0
22.588885,72.622242,591.45,591.45,79786.57,86550.64,82195.2,85672.12,95934.32,89855.43,78670.37,77070.88,-99999.0,Low,Unknown,Low,0,0,0,0,0,0,0,0,0,0,0,0,0,0,0,49.0,44.5,36.25,51.0
22.825647,72.697788,725.16,9428.49,31411.99,42247.86,32814.41,36683.06,50278.05,40442.53,29381.68,29962.67,-99999.0,Low,Unknown,Low,0,0,0,0,0,0,0,0,0,0,0,0,0,0,0,45.0,44.5,36.25,51.0
23.201847,72.35799,517.08,1595.93,34133.26,29782.87,40676.49,36540.03,43723.38,41617.0,36352.83,15068.91,-99999.0,Low,Unknown,Low,0,0,0,0,0,0,0,0,0,0,0,0,0,0,0,45.0,44.5,36.25,51.0
22.85322,72.30431,1445.48,4140.77,44950.01,42922.4,45390.58,48135.13,48992.84,48646.23,39906.73,41545.45,-99999.0,Low,Unknown,Low,0,0,0,0,0,0,0,0,0,0,0,0,0,0,0,45.0,38.5,31.25,47.0
22.98441,72.419178,111.72,111.72,10933.71,12554.66,8767.7,11517.22,12503.56,11854.41,10898.86,9036.17,13.17,Low,Unknown,Low,0,0,0,0,0,0,0,0,0,0,0,0,0,0,0,62.0,60.5,48.25,67.0
22.984004,72.701281,134.1,6689.98,6439.02,14320.44,14715.74,7554.63,19087.89,15561.78,7037.47,2012.98,5.7,Low,Unknown,Low,0,0,0,0,0,0,0,0,0,0,0,0,0,0,0,45.0,56.5,46.25,59.0
22.819995,72.425797,149.72,996.97,37747.77,33649.4,41474.09,43615.15,43955.18,46219.05,31376.99,32585.27,4.29,Low,Unknown,Low,0,0,0,0,0,0,0,0,0,0,0,0,0,0,0,49.0,56.5,46.25,59.0
23.288691,72.509823,1023.47,3873.91,27742.52,23913.3,25463.95,25468.66,27747.78,42341.28,24858.11,18250.3,-99999.0,Low,Unknown,Low,0,0,0,0,0,0,0,0,0,0,0,0,0,0,0,45.0,38.5,31.25,47.0
22.623478,72.720632,203.85,9953.61,74835.19,84000.29,76727.85,80781.7,94825.02,84525.03,73162.98,74077.68,-99999.0,Low,Unknown,Low,0,0,0,0,0,0,0,0,0,0,0,0,0,0,0,45.0,56.5,46.25,59.0
22.784234,72.489266,955.14,2818.49,43148.51,39868.3,48727.03,46155.36,51037.61,49189.35,38500.04,33591.92,-99999.0,Low,Unknown,Low,0,0,0,0,0,0,0,0,0,0,0,0,0,0,0,45.0,44.5,36.25,51.0
22.925053,72.501102,1233.79,1719.99,12229.18,10103.94,19151.77,16556.18,21000.16,19332.99,10314.26,5008.53,-99999.0,Low,Unknown,Low,0,0,0,0,0,0,0,0,0,0,0,0,0,0,0,45.0,38.5,31.25,47.0
22.366762,72.299363,3917.72,9609.66,140650.3,136509.51,144157.65,145844.49,146809.39,148439.62,134279.65,133151.04,-99999.0,Low,Unknown,Low,0,0,0,0,0,0,0,0,0,0,0,0,0,0,0,45.0,38.5,31.25,47.0
22.292506,72.586086,6707.13,9440.29,145628.18,150030.54,148110.23,151343.92,160066.49,155694.48,144614.02,141065.28,-99999.0,Low,Unknown,Low,0,0,0,0,0,0,0,0,0,0,0,0,0,0,0,45.0,38.5,31.25,47.0
22.453821,72.312143,256.34,256.34,121421.87,117323.09,124857.33,126888.37,127543.92,129474.42,115053.28,114384.97,3.57,Low,Unknown,Low,0,0,0,0,0,0,0,0,0,0,0,0,0,0,0,57.0,56.5,46.25,59.0
22.634668,72.630382,662.34,662.34,69693.0,76766.54,72065.77,75645.14,86430.37,79755.1,68529.12,67703.65,-99999.0,Low,Unknown,Low,0,0,0,0,0,0,0,0,0,0,0,0,0,0,0,49.0,44.5,36.25,51.0
22.341996,72.338208,11671.66,18316.05,144265.04,140023.91,148090.6,148228.42,150578.64,151237.79,137932.05,135726.9,-99999.0,Low,Unknown,Low,0,0,0,0,0,0,0,0,0,0,0,0,0,0,0,45.0,38.5,31.25,47.0
23.173407,72.632153,43.99,988.47,1325.3,964.16,5060.99,2519.83,11482.15,19288.1,4973.94,2164.29,-99999.0,Low,Residential,Low,0,0,0,0,0,0,0,0,0,0,0,0,0,0,0,53.5,67.0,56.32,63.22
22.77782,72.487289,57.3,3149.55,44576.66,41252.3,50100.18,47612.1,52411.89,50652.01,39848.86,35055.32,5.91,Low,Unknown,Low,0,0,0,0,0,0,0,0,0,0,0,0,0,0,0,45.0,62.5,51.25,63.0
22.452845,72.296748,1498.83,1977.78,122492.92,118450.17,125809.57,128126.11,128557.16,130378.59,116130.6,115862.5,-99999.0,Low,Unknown,Low,0,0,0,0,0,0,0,0,0,0,0,0,0,0,0,45.0,38.5,31.25,47.0
23.200038,72.213468,347.94,3888.56,60806.48,53033.19,61248.52,60565.69,65179.26,60143.51,63978.31,41407.25,-99999.0,Low,Unknown,Low,0,0,0,0,0,0,0,0,0,0,0,0,0,0,0,45.0,50.5,41.25,55.0
22.251773,72.544092,16901.02,17427.69,155286.15,157954.22,157843.83,160644.76,168665.37,165287.14,154392.63,149719.93,-99999.0,Low,Unknown,Low,0,0,0,0,0,0,0,0,0,0,0,0,0,0,0,45.0,38.5,31.25,47.0
22.393355,72.577724,1506.12,4125.89,123387.72,127659.21,125904.22,129039.75,137620.28,133445.18,122428.23,118619.18,-99999.0,Low,Unknown,Low,0,0,0,0,0,0,0,0,0,0,0,0,0,0,0,45.0,38.5,31.25,47.0
22.247029,72.543362,16566.98,16643.86,156350.01,158990.19,158908.07,161702.99,169715.63,166349.59,155457.07,150771.81,-99999.0,Low,Unknown,Low,0,0,0,0,0,0,0,0,0,0,0,0,0,0,0,45.0,38.5,31.25,47.0
22.267094,72.354956,18737.29,27071.33,159806.71,155735.14,163302.67,163085.47,166430.79,166415.08,153736.41,150778.23,-99999.0,Low,Unknown,Low,0,0,0,0,0,0,0,0,0,0,0,0,0,0,0,45.0,38.5,31.25,47.0
22.416045,72.774943,841.65,841.65,122162.19,131078.33,124068.08,128120.77,141623.98,131865.0,120502.78,121413.67,-99999.0,Low,Unknown,Low,0,0,0,0,0,0,0,0,0,0,0,0,0,0,0,49.0,44.5,36.25,51.0
22.919229,72.538163,788.24,824.12,14475.77,15010.94,19124.62,15092.49,21488.24,18259.01,14289.09,2493.54,5.09,Low,Unknown,Low,0,0,0,0,0,0,0,0,0,0,0,0,0,0,0,49.0,44.5,36.25,51.0
22.222344,72.631728,2637.66,5752.28,161098.9,167043.09,163480.87,166992.08,176552.89,171164.79,159942.36,157555.75,-99999.0,Low,Unknown,Low,0,0,0,0,0,0,0,0,0,0,0,0,0,0,0,45.0,38.5,31.25,47.0
22.994094,72.370073,209.6,424.64,19903.55,20496.84,17290.68,19695.41,20818.14,18015.9,20748.11,18549.99,23.4,Low,Unknown,Low,0,0,0,0,0,0,0,0,0,0,0,0,0,0,0,58.0,60.5,48.25,67.0
22.302898,72.469522,8247.96,23083.35,146308.32,145935.26,149114.35,150582.02,157003.61,154755.11,144306.04,138978.04,-99999.0,Low,Unknown,Low,0,0,0,0,0,0,0,0,0,0,0,0,0,0,0,45.0,38.5,31.25,47.0
23.391331,72.720381,1011.59,14072.36,45920.99,46906.07,45988.81,45947.16,55143.53,69460.35,52080.18,25581.54,-99999.0,Low,Unknown,Low,0,0,0,0,0,0,0,0,0,0,0,0,0,0,0,45.0,38.5,31.25,47.0
22.40468,72.698218,329.23,7918.12,121585.96,129375.66,123761.07,127758.95,139216.82,131551.94,120183.41,120496.97,-99999.0,Low,Unknown,Low,0,0,0,0,0,0,0,0,0,0,0,0,0,0,0,45.0,50.5,41.25,55.0
22.921006,72.67677,1180.29,2448.81,12560.67,21069.03,12747.88,15988.94,28927.23,19680.49,10095.96,9725.25,2.41,Low,Unknown,Low,0,0,0,0,0,0,0,0,0,0,0,0,0,0,0,45.0,38.5,31.25,47.0
23.184544,72.30913,924.39,9231.02,41519.91,34628.56,44736.03,42023.56,48804.1,43887.03,45789.43,25120.04,-99999.0,Low,Unknown,Low,0,0,0,0,0,0,0,0,0,0,0,0,0,0,0,45.0,44.5,36.25,51.0
22.991579,72.358712,207.95,207.95,22218.1,22758.15,19643.78,22051.85,23174.75,20320.49,22713.4,20863.73,5.21,Low,Unknown,Low,0,0,0,0,0,0,0,0,0,0,0,0,0,0,0,57.0,56.5,46.25,59.0
23.069024,72.405603,1008.04,8463.18,13497.79,11236.26,13335.67,14585.58,17306.05,12291.96,17156.23,11096.45,-99999.0,Low,Unknown,Low,0,0,0,0,0,0,0,0,0,0,0,0,0,0,0,45.0,38.5,31.25,47.0
22.744164,72.554358,1044.44,4381.72,47433.65,51039.55,50472.17,51835.34,60040.08,56590.86,47302.94,41035.29,-99999.0,Low,Unknown,Low,0,0,0,0,0,0,0,0,0,0,0,0,0,0,0,45.0,38.5,31.25,47.0
22.475777,72.431277,58.99,58.99,111346.81,108060.79,114607.55,114490.97,118982.5,118023.7,106251.52,102315.83,-99999.0,Low,Unknown,Low,0,0,0,0,0,0,0,0,0,0,0,0,0,0,0,61.0,62.5,51.25,63.0
22.330284,72.321409,9374.76,15319.53,147494.77,143263.79,151200.2,151790.22,153742.63,154690.79,141127.89,139233.11,-99999.0,Low,Unknown,Low,0,0,0,0,0,0,0,0,0,0,0,0,0,0,0,45.0,38.5,31.25,47.0
23.23151,72.502616,27.16,371.73,18913.06,17505.71,17145.0,17119.83,18911.4,31251.42,13696.9,8644.35,-99999.0,Low,Unknown,Low,0,0,0,0,0,1,0,0,0,0,0,0,0,0,0,53.0,62.5,51.25,63.0
22.703754,72.289737,2783.52,5959.63,72236.17,68906.81,74376.72,76951.06,77589.49,78458.39,66159.42,67699.26,-99999.0,Low,Unknown,Low,0,0,0,0,0,0,0,0,0,0,0,0,0,0,0,45.0,38.5,31.25,47.0
22.315558,72.485522,7007.63,19169.68,142945.93,143149.38,145686.96,147388.97,154253.24,151677.28,141579.69,135907.17,-99999.0,Low,Unknown,Low,0,0,0,0,0,0,0,0,0,0,0,0,0,0,0,45.0,38.5,31.25,47.0
22.937698,72.223422,1090.52,3681.85,51556.81,51781.77,49052.21,51594.2,52698.99,50011.07,49072.42,49814.61,-99999.0,Low,Unknown,Low,0,0,0,0,0,0,0,0,0,0,0,0,0,0,0,45.0,38.5,31.25,47.0
23.140642,72.501998,173.25,4089.35,3974.26,9006.46,8879.44,9163.57,13533.2,16096.56,9760.09,1611.14,4.98,Low,Unknown,Low,0,0,0,0,0,0,0,0,0,0,0,0,0,0,0,45.0,56.5,46.25,59.0
22.34102,72.489345,2502.73,13700.12,137253.15,137524.41,140001.3,141693.93,148637.46,145992.11,135972.39,130223.37,-99999.0,Low,Unknown,Low,0,0,0,0,0,0,0,0,0,0,0,0,0,0,0,45.0,38.5,31.25,47.0
22.356395,72.562085,660.69,3014.66,131815.57,135287.29,134359.78,137348.52,145594.65,141861.06,130900.67,126612.14,-99999.0,Low,Unknown,Low,0,0,0,0,0,0,0,0,0,0,0,0,0,0,0,45.0,44.5,36.25,51.0
23.193026,72.738181,72.83,3439.51,3774.29,15550.97,21476.09,16058.51,33058.15,30320.74,8942.79,11814.44,-99999.0,Low,Unknown,Low,0,0,0,0,0,0,0,0,0,0,0,0,0,0,0,45.0,62.5,51.25,63.0
23.129845,72.589539,2.08,2.08,2265.85,4382.72,9199.89,4373.89,9141.3,6715.53,6579.35,1712.58,2.73,Low,Unknown,Low,0,0,0,0,0,0,0,0,0,0,0,0,0,0,0,61.0,62.5,51.25,60.9
22.826453,72.422226,50.04,50.04,36578.2,32552.31,40183.56,42363.7,42728.55,44955.43,30211.83,31488.79,-99999.0,Low,Unknown,Low,0,0,0,0,0,0,0,0,0,0,0,0,0,0,0,61.0,62.5,51.25,63.0
22.252126,72.51789,20153.63,20951.62,155829.91,157468.32,158433.31,160818.04,168540.83,165384.58,155016.97,149657.73,-99999.0,Low,Unknown,Low,0,0,0,0,0,0,0,0,0,0,0,0,0,0,0,45.0,38.5,31.25,47.0
22.475384,72.68138,6.87,6.87,105590.75,113308.67,107793.71,111739.11,123158.71,115575.77,104218.77,104461.22,-99999.0,Low,Unknown,Low,0,0,0,0,0,0,0,0,0,0,0,0,0,0,0,61.0,62.5,51.25,63.0
23.147467,72.428742,288.03,10337.87,16195.18,12095.5,23575.47,18187.15,25376.27,25715.87,22707.33,12920.79,-99999.0,Low,Unknown,Low,0,0,0,0,0,0,0,0,0,0,0,0,0,0,0,45.0,56.5,46.25,59.0
22.906858,72.644836,418.47,1835.7,10632.29,21684.95,12418.14,16507.07,30923.96,20226.12,8845.92,9908.26,5.03,Low,Unknown,Low,0,0,0,0,0,0,0,0,0,0,0,0,0,0,0,45.0,50.5,41.25,55.0
23.113847,72.618025,53.51,1290.37,1839.05,2459.27,8595.81,2199.4,8812.64,8802.75,9214.3,2213.09,4.6,Low,Unknown,Low,0,0,0,0,0,0,0,0,0,0,0,0,0,0,0,45.0,62.5,51.25,59.68
22.31726,72.28033,2505.88,8261.6,152200.4,148074.65,155665.9,157440.01,158341.47,160041.22,145830.35,144750.37,-99999.0,Low,Unknown,Low,0,0,0,0,0,0,0,0,0,0,0,0,0,0,0,45.0,38.5,31.25,47.0
22.772569,72.339508,73.39,3157.59,54131.18,50767.49,56437.78,58971.72,59578.22,60649.64,48027.91,49562.19,28.87,Low,Unknown,Low,0,0,0,0,0,0,0,0,0,0,0,0,0,0,0,50.0,66.5,53.25,71.0
23.230864,72.36996,978.12,2225.08,35856.52,33602.29,41488.89,39708.94,42918.42,46449.86,35512.55,9540.23,-99999.0,Low,Unknown,Low,0,0,0,0,0,0,0,0,0,0,0,0,0,0,0,45.0,44.5,36.25,51.0
23.25212,72.445188,191.57,4228.27,30597.54,28866.43,29328.54,29297.53,30903.34,41175.68,24609.56,3808.32,-99999.0,Low,Unknown,Low,0,0,0,0,0,0,0,0,0,0,0,0,0,0,0,45.0,56.5,46.25,59.0
22.426825,72.625489,887.98,887.98,115650.67,122284.28,118044.78,121538.09,131369.4,125718.16,114511.95,112404.14,-99999.0,Low,Unknown,Low,0,0,0,0,0,0,0,0,0,0,0,0,0,0,0,49.0,44.5,36.25,51.0
23.147307,72.546792,112.08,133.17,2785.72,1993.4,4202.33,2532.66,8546.48,10884.57,1006.51,1765.11,-99999.0,Low,Unknown,Low,0,0,0,0,0,0,0,0,0,0,0,0,0,0,0,57.0,56.5,56.9,58.39
22.341394,72.204316,797.89,5749.63,151813.08,147949.98,154739.81,157166.43,157675.35,159127.02,145493.49,146223.18,-99999.0,Low,Unknown,Low,0,0,0,0,0,0,0,0,0,0,0,0,0,0,0,45.0,44.5,36.25,51.0
22.985455,72.61266,146.44,1102.1,467.81,3305.77,2025.88,1620.95,14523.0,2920.21,913.18,2456.24,33.32,Low,Residential,Low,0,0,0,0,0,0,0,0,0,0,1,4,0,0,0,54.5,69.68,64.15,64.77
22.579082,72.417362,161.14,618.09,89770.98,85744.23,94266.52,93518.85,96529.79,96523.21,83809.66,80994.17,-99999.0,Low,Unknown,Low,0,0,0,0,0,0,0,0,0,0,0,0,0,0,0,49.0,56.5,46.25,59.0
22.385734,72.590946,171.19,2985.29,124911.0,129794.88,127394.15,130632.25,139535.62,134977.38,123899.51,120530.49,-99999.0,Low,Unknown,Low,0,0,0,0,0,0,0,0,0,0,0,0,0,0,0,45.0,56.5,46.25,59.0
22.504359,72.712986,414.32,4553.16,100207.29,108578.03,102271.19,106372.4,118854.93,110079.56,98691.15,99731.99,-99999.0,Low,Unknown,Low,0,0,0,0,0,0,0,0,0,0,0,0,0,0,0,45.0,50.5,41.25,55.0
22.708274,72.419386,1511.51,1604.84,61974.36,57685.04,65947.3,66818.44,68307.04,69454.36,55622.82,54398.42,-99999.0,Low,Unknown,Low,0,0,0,0,0,0,0,0,0,0,0,0,0,0,0,45.0,38.5,31.25,47.0
22.530673,72.608363,1238.1,2497.43,92698.22,99074.84,95152.56,98493.26,108108.75,102768.61,91646.02,89145.03,-99999.0,Low,Unknown,Low,0,0,0,0,0,0,0,0,0,0,0,0,0,0,0,45.0,38.5,31.25,47.0
23.105966,72.447937,348.76,10043.29,11954.97,2275.52,15862.84,9326.86,18352.73,16015.9,14372.07,7044.87,-99999.0,Low,Unknown,Low,0,0,0,0,0,0,0,0,0,0,0,0,0,0,0,45.0,50.5,41.25,55.0
23.140546,72.489481,513.94,5629.02,4957.96,11430.92,11301.32,11573.55,14978.34,18289.95,12009.12,2065.56,4.36,Low,Unknown,Low,0,0,0,0,0,0,0,0,0,0,0,0,0,0,0,45.0,44.5,36.25,51.0
22.644256,72.532947,576.77,1874.74,69828.57,71465.73,72776.07,74130.79,81812.72,78604.54,69537.97,62888.9,-99999.0,Low,Unknown,Low,0,0,0,0,0,0,0,0,0,0,0,0,0,0,0,45.0,44.5,36.25,51.0
22.504533,72.383992,272.85,2595.77,107224.05,103042.31,111281.72,111274.55,113683.72,114187.17,101002.33,98710.76,-99999.0,Low,Unknown,Low,0,0,0,0,0,0,0,0,0,0,0,0,0,0,0,45.0,56.5,46.25,59.0
22.613228,72.623297,3.25,3.25,74410.61,81243.86,76816.0,80306.54,90716.45,84478.94,73290.54,71894.22,-99999.0,Low,Unknown,Low,0,0,0,0,0,0,0,0,0,0,0,0,0,0,0,61.0,62.5,51.25,63.0
23.082939,72.712999,882.9,4108.79,10378.13,16677.19,12839.79,5967.0,17170.32,11647.27,8318.61,2191.83,-99999.0,Low,Unknown,Low,0,0,0,0,0,0,0,0,0,0,0,0,0,0,0,45.0,44.5,36.25,51.0
22.991139,72.648689,60.86,2617.93,1973.52,4742.82,6129.21,3311.14,12625.38,4810.95,3768.1,730.04,80.58,Medium,Unknown,Low,0,0,0,0,0,0,0,0,0,0,0,0,0,0,0,62.5,76.5,61.54,88.07
22.735914,72.619587,993.45,2966.87,47368.6,54390.23,49809.33,53247.5,64301.63,57439.2,46304.79,45833.37,-99999.0,Low,Unknown,Low,0,0,0,0,0,0,0,0,0,0,0,0,0,0,0,45.0,44.5,36.25,51.0
22.394154,72.328675,7768.79,12080.73,133393.32,129184.7,137058.3,138029.45,139621.99,140789.73,127024.4,125402.26,-99999.0,Low,Unknown,Low,0,0,0,0,0,0,0,0,0,0,0,0,0,0,0,45.0,38.5,31.25,47.0
22.680673,72.403063,694.76,4995.82,68552.18,64323.52,72367.91,73663.09,74826.51,76318.06,62187.29,61302.92,-99999.0,Low,Unknown,Low,0,0,0,0,0,0,0,0,0,0,0,0,0,0,0,45.0,44.5,36.25,51.0
22.860691,72.618234,1281.36,1525.52,19961.68,27710.93,22491.47,25829.1,38635.63,30028.63,19070.13,20291.48,-99999.0,Low,Unknown,Low,0,0,0,0,0,0,0,0,0,0,0,0,0,0,0,45.0,38.5,31.25,47.0
23.048148,72.296443,269.64,3421.44,33055.47,32480.28,32759.18,34187.49,35691.99,31216.83,38735.45,31884.79,-99999.0,Low,Unknown,Low,0,0,0,0,0,0,0,0,0,0,0,0,0,0,0,45.0,56.5,46.25,59.0
23.357484,72.203174,670.3,5011.12,78964.97,75470.77,82750.16,82219.11,84218.97,86466.25,77399.71,48131.24,-99999.0,Low,Unknown,Low,0,0,0,0,0,0,0,0,0,0,0,0,0,0,0,45.0,44.5,36.25,51.0
22.309306,72.287197,4729.13,10331.24,153560.02,149408.61,157080.91,158561.12,159727.03,161243.47,147189.19,145904.96,-99999.0,Low,Unknown,Low,0,0,0,0,0,0,0,0,0,0,0,0,0,0,0,45.0,38.5,31.25,47.0
23.311034,72.461226,23.36,5064.33,37165.84,34081.86,35051.49,35044.52,37168.12,50406.49,32826.6,16138.24,-99999.0,Low,Unknown,Low,0,0,0,0,0,0,0,0,0,0,0,0,0,0,0,45.0,62.5,51.25,63.0
22.276897,72.333062,15774.66,22098.05,158546.1,154353.25,162478.15,162258.6,164944.59,165395.65,152284.99,149831.73,-99999.0,Low,Unknown,Low,0,0,0,0,0,0,0,0,0,0,0,0,0,0,0,45.0,38.5,31.25,47.0
22.296048,72.222653,935.26,935.26,160008.67,156032.31,163154.16,165524.35,165991.01,167636.71,153659.18,153607.66,-99999.0,Low,Unknown,Low,0,0,0,0,0,0,0,0,0,0,0,0,0,0,0,49.0,44.5,36.25,51.0
22.661191,72.790669,304.06,2981.09,72375.16,82873.5,73739.45,77527.55,90629.63,81279.78,70336.96,70847.23,-99999.0,Low,Unknown,Low,0,0,0,0,0,0,0,0,0,0,0,0,0,0,0,45.0,50.5,41.25,55.0
22.936759,72.512603,246.44,277.17,9941.63,9485.46,16440.18,13290.28,17953.54,15980.72,10630.79,1767.26,2.51,Low,Unknown,Low,0,0,0,0,0,0,0,0,0,0,0,0,0,0,0,57.0,56.5,46.25,59.0
23.053927,72.558484,38.25,1392.04,461.69,1268.35,427.6,2161.01,2198.09,2374.99,2263.05,3212.69,147.54,High,Residential,Low,0,0,0,0,0,0,0,0,0,0,1,5,0,0,0,67.0,93.0,70.55,88.75
23.334859,72.692137,423.26,9952.68,32811.46,33671.81,32468.33,32429.63,41759.59,55929.71,39967.63,13060.26,-99999.0,Low,Unknown,Low,0,0,0,0,0,0,0,0,0,0,0,0,0,0,0,45.0,50.5,41.25,55.0
22.96835,72.463383,216.56,2246.7,4522.49,3004.03,8815.4,10460.4,10670.64,12891.69,2059.37,921.12,5.77,Low,Unknown,Low,0,0,0,0,0,0,0,0,0,0,0,0,0,0,0,45.0,56.5,54.09,59.0
22.442049,72.594131,873.14,5713.16,112413.64,117676.77,114897.25,118139.96,127184.64,122480.17,111403.63,108181.62,-99999.0,Low,Unknown,Low,0,0,0,0,0,0,0,0,0,0,0,0,0,0,0,45.0,44.5,36.25,51.0
23.164692,72.371604,548.34,890.56,28268.15,22052.85,33764.46,29206.94,37246.97,33200.6,33350.6,20062.77,-99999.0,Low,Unknown,Low,0,0,0,0,0,0,0,0,0,0,0,0,0,0,0,49.0,44.5,36.25,51.0
22.240331,72.559709,12872.08,13592.58,157538.65,160810.97,160065.64,163123.11,171314.97,167591.17,156594.26,152343.56,-99999.0,Low,Unknown,Low,0,0,0,0,0,0,0,0,0,0,0,0,0,0,0,45.0,38.5,31.25,47.0
22.818976,72.339003,542.78,2247.24,45667.79,42724.41,47407.62,50028.95,50718.4,51381.96,39838.75,41457.47,3.52,Low,Unknown,Low,0,0,0,0,0,0,0,0,0,0,0,0,0,0,0,45.0,44.5,36.25,51.0
22.403379,72.221637,72.16,72.16,137796.21,133964.21,140676.35,143112.81,143629.99,145048.08,131486.16,132497.32,2.83,Low,Unknown,Low,0,0,0,0,0,0,0,0,0,0,0,0,0,0,0,61.0,62.5,51.25,63.0
22.487108,72.200172,3566.46,6973.65,122714.78,119138.21,125143.33,127677.07,128274.35,129306.06,116510.19,117982.79,-99999.0,Low,Unknown,Low,0,0,0,0,0,0,0,0,0,0,0,0,0,0,0,45.0,38.5,31.25,47.0
22.388934,72.79809,247.3,4478.38,129254.68,138346.2,131107.0,135139.06,148982.87,138891.11,127550.94,128418.95,-99999.0,Low,Unknown,Low,0,0,0,0,0,0,0,0,0,0,0,0,0,0,0,45.0,56.5,46.25,59.0
23.135607,72.411877,652.55,7068.66,18867.85,11837.64,24458.59,18943.14,27250.76,24142.81,23918.5,15895.11,-99999.0,Low,Unknown,Low,0,0,0,0,0,0,0,0,0,0,0,0,0,0,0,45.0,44.5,36.25,51.0
22.674172,72.551648,2077.75,3973.21,62578.54,65742.13,65416.84,67237.3,75361.49,71976.71,62137.3,56367.43,-99999.0,Low,Unknown,Low,0,0,0,0,0,0,0,0,0,0,0,0,0,0,0,45.0,38.5,31.25,47.0
22.821291,72.642155,756.35,4970.51,28809.5,37536.06,31022.4,35034.0,48564.51,38791.28,27455.51,28684.42,-99999.0,Low,Unknown,Low,0,0,0,0,0,0,0,0,0,0,0,0,0,0,0,45.0,44.5,36.25,51.0
22.282341,72.2541,3443.83,8057.54,161041.52,156960.79,164403.72,166495.0,167134.07,168977.97,154675.02,153885.72,-99999.0,Low,Unknown,Low,0,0,0,0,0,0,0,0,0,0,0,0,0,0,0,45.0,38.5,31.25,47.0
22.541393,72.697859,215.92,2416.63,91582.76,99843.03,93682.5,97792.04,110086.82,101487.36,90102.07,91174.41,-99999.0,Low,Unknown,Low,0,0,0,0,0,0,0,0,0,0,0,0,0,0,0,45.0,56.5,46.25,59.0
23.298011,72.408857,84.46,3712.53,42606.95,40786.56,40826.01,40802.98,42604.98,53501.25,36747.32,10586.19,-99999.0,Low,Unknown,Low,0,0,0,0,0,0,0,0,0,0,0,0,0,0,0,45.0,62.5,51.25,63.0
23.355945,72.365905,1622.46,2165.06,57292.63,54925.25,55380.16,55363.06,57292.07,68682.84,51779.91,24987.27,-99999.0,Low,Unknown,Low,0,0,0,0,0,0,0,0,0,0,0,0,0,0,0,45.0,38.5,31.25,47.0
22.927636,72.316715,2093.4,3791.3,34174.96,33665.11,32860.1,35585.67,36602.92,35069.14,30804.41,31826.19,3.17,Low,Unknown,Low,0,0,0,0,0,0,0,0,0,0,0,0,0,0,0,45.0,38.5,31.25,47.0
23.315657,72.544944,86.04,1357.39,30111.64,25801.24,28488.87,28468.35,30903.72,46706.66,29143.82,27279.45,-99999.0,Low,Unknown,Low,0,0,0,0,0,0,0,0,0,0,0,0,0,0,0,45.0,62.5,51.25,63.0
22.513329,72.444281,115.43,3508.68,102647.59,99604.41,105917.21,105807.43,110572.87,109384.86,97846.07,93663.83,-99999.0,Low,Unknown,Low,0,0,0,0,0,0,0,0,0,0,0,0,0,0,0,45.0,56.5,46.25,59.0
22.327758,72.243432,67.66,535.97,152048.5,148042.86,155259.99,157610.96,158064.21,159773.61,145692.95,145482.88,-99999.0,Low,Unknown,Low,0,0,0,0,0,0,0,0,0,0,0,0,0,0,0,49.0,62.5,51.25,63.0
22.553102,72.768209,296.5,5963.79,92600.92,102121.03,94359.0,98356.5,112176.65,102116.01,90821.95,91625.29,-99999.0,Low,Unknown,Low,0,0,0,0,0,0,0,0,0,0,0,0,0,0,0,45.0,56.5,46.25,59.0
23.163531,72.774026,319.98,4140.42,6316.76,21316.8,29610.04,21291.45,37518.54,30484.89,9045.13,12681.45,-99999.0,Low,Unknown,Low,0,0,0,0,0,0,0,0,0,0,0,0,0,0,0,45.0,50.5,41.25,55.0
23.251336,72.687888,476.69,1112.51,15452.07,15821.28,16432.67,16322.26,27955.43,38589.21,22279.74,917.66,-99999.0,Low,Unknown,Low,0,0,0,0,0,0,0,0,0,0,0,0,0,0,0,45.0,50.5,41.25,55.0
22.889873,72.616515,546.9,1651.52,13611.36,21631.9,16227.93,19414.4,32897.81,23659.22,12918.89,13877.13,4.33,Low,Unknown,Low,0,0,0,0,0,0,0,0,0,0,0,0,0,0,0,45.0,44.5,36.25,51.0
23.359267,72.537901,444.21,3499.11,39297.64,35281.44,38047.69,38024.78,40463.05,56268.22,38711.67,33551.42,-99999.0,Low,Unknown,Low,0,0,0,0,0,0,0,0,0,0,0,0,0,0,0,45.0,50.5,41.25,55.0
23.123961,72.654484,317.15,1817.02,5365.43,1996.28,8873.94,4470.87,16183.51,10245.02,6324.73,155.14,-99999.0,Low,Unknown,High,0,0,0,0,0,0,0,0,0,0,0,0,0,0,0,37.0,42.5,37.25,43.0
23.353486,72.475309,421.25,11022.41,43397.3,39358.21,41104.48,41110.84,43402.8,57843.6,40251.77,25657.05,-99999.0,Low,Unknown,Low,0,0,0,0,0,0,0,0,0,0,0,0,0,0,0,45.0,50.5,41.25,55.0
22.752865,72.552096,591.09,4783.46,45704.05,49077.4,48810.37,49965.13,58096.23,54668.07,45679.5,39092.55,-99999.0,Low,Unknown,Low,0,0,0,0,0,0,0,0,0,0,0,0,0,0,0,45.0,44.5,36.25,51.0
22.232821,72.269761,180.41,15052.09,170830.02,166670.59,174357.95,175646.83,177002.11,178417.33,164459.13,163032.6,-99999.0,Low,Unknown,Low,0,0,0,0,0,0,0,0,0,0,0,0,0,0,0,45.0,56.5,46.25,59.0
22.281065,72.580197,9040.8,12245.77,148228.25,152364.94,150721.18,153920.88,162512.06,158292.13,147230.58,143515.24,-99999.0,Low,Unknown,Low,0,0,0,0,0,0,0,0,0,0,0,0,0,0,0,45.0,38.5,31.25,47.0
23.393038,72.606148,361.15,1497.32,43640.11,41645.75,43034.26,43084.09,47520.23,63663.9,46411.15,31523.06,-99999.0,Low,Unknown,Low,0,0,0,0,0,0,0,0,0,0,0,0,0,0,0,45.0,50.5,41.25,55.0
22.475916,72.389438,3336.68,3336.68,113167.48,109068.77,117419.31,116869.52,119773.6,119949.72,107073.8,104397.85,-99999.0,Low,Unknown,Low,0,0,0,0,0,0,0,0,0,0,0,0,0,0,0,45.0,38.5,31.25,47.0
23.346535,72.509903,1323.65,9296.0,39241.74,34627.1,36868.94,36874.91,39249.55,54483.28,37203.95,27865.77,-99999.0,Low,Unknown,Low,0,0,0,0,0,0,0,0,0,0,0,0,0,0,0,45.0,38.5,31.25,47.0
22.211668,72.699306,8139.18,8139.18,164296.12,171689.04,166529.02,170396.37,181158.04,174301.56,162956.85,162264.67,-99999.0,Low,Unknown,Low,0,0,0,0,0,0,0,0,0,0,0,0,0,0,0,45.0,38.5,31.25,47.0
22.497909,72.255806,625.87,5189.32,115893.12,112091.16,118744.02,121184.21,121705.73,123114.61,109592.26,110968.49,-99999.0,Low,Unknown,Low,0,0,0,0,0,0,0,0,0,0,0,0,0,0,0,45.0,44.5,36.25,51.0
23.008438,72.692645,793.61,3208.62,5300.51,11431.31,13367.26,5854.38,14169.05,13734.09,5446.71,3076.24,5.3,Low,Unknown,Low,0,0,0,0,0,0,0,0,0,0,0,0,0,0,0,45.0,44.5,36.25,51.0
22.291235,72.758838,104.74,19246.72,148521.54,156802.53,150571.53,154667.28,166899.71,158380.8,146992.21,148012.68,-99999.0,Low,Unknown,Low,0,0,0,0,0,0,0,0,0,0,0,0,0,0,0,45.0,56.5,46.25,59.0
22.771867,72.412123,564.93,564.93,48650.44,44537.51,52314.36,54490.41,54844.84,57076.23,42279.68,43101.81,-99999.0,Low,Unknown,Low,0,0,0,0,0,0,0,0,0,0,0,0,0,0,0,49.0,44.5,36.25,51.0
23.27318,72.361445,996.04,2911.67,43548.93,42524.88,46416.42,46380.28,47807.33,55665.67,40936.93,11688.14,-99999.0,Low,Unknown,Low,0,0,0,0,0,0,0,0,0,0,0,0,0,0,0,45.0,44.5,36.25,51.0
23.336542,72.609864,259.97,4586.07,31357.42,29606.21,30752.17,30798.37,35538.48,51611.53,34601.44,21325.01,-99999.0,Low,Unknown,Low,0,0,0,0,0,0,0,0,0,0,0,0,0,0,0,45.0,56.5,46.25,59.0
23.291913,72.4994,498.83,5570.76,29388.8,25789.32,27153.84,27154.9,29393.17,43647.14,26067.24,17428.7,-99999.0,Low,Unknown,Low,0,0,0,0,0,0,0,0,0,0,0,0,0,0,0,45.0,50.5,41.25,55.0
22.4396,72.641257,255.15,1920.72,112888.09,119816.67,115234.43,118851.21,129115.86,122944.54,111686.49,110197.2,-99999.0,Low,Unknown,Low,0,0,0,0,0,0,0,0,0,0,0,0,0,0,0,45.0,56.5,46.25,59.0
23.247291,72.324067,76.74,4503.37,45252.77,41714.07,51190.48,48338.7,52739.44,53488.97,45362.71,17906.72,-99999.0,Low,Unknown,Low,0,0,0,0,0,0,0,0,0,0,0,0,0,0,0,45.0,62.5,51.25,63.0
22.44332,72.349817,5010.68,5494.4,121890.09,117651.39,125634.86,126355.01,128150.82,129140.97,115524.57,113735.9,-99999.0,Low,Unknown,Low,0,0,0,0,0,0,0,0,0,0,0,0,0,0,0,45.0,38.5,31.25,47.0
22.942316,72.293597,1136.03,1864.75,37566.26,37620.29,35474.62,38110.67,39185.87,36995.01,34891.38,35675.19,-99999.0,Low,Unknown,Low,0,0,0,0,0,0,0,0,0,0,0,0,0,0,0,45.0,38.5,31.25,47.0
22.328027,72.752113,2789.64,10934.76,140208.31,148516.14,142256.35,146351.87,158646.76,150065.65,138677.08,139697.14,-99999.0,Low,Unknown,Low,0,0,0,0,0,0,0,0,0,0,0,0,0,0,0,45.0,38.5,31.25,47.0
23.010975,72.598054,4.85,391.67,342.32,426.57,1152.21,720.78,11299.27,1293.1,1637.1,627.01,141.98,High,Residential,Low,0,0,1,0,0,4,0,0,0,0,2,2,0,0,1,76.66,89.87,78.87,88.41
22.936592,72.658547,786.07,2786.3,7659.27,16604.0,7715.06,11147.12,24748.02,14888.49,5191.81,4691.43,-99999.0,Low,Unknown,Low,0,0,0,0,0,0,0,0,0,0,0,0,0,0,0,45.0,44.5,36.25,51.0
22.849769,72.225358,2639.55,10171.06,58367.01,57041.1,57712.01,60462.05,61441.75,60130.36,54038.77,55438.44,-99999.0,Low,Unknown,Low,0,0,0,0,0,0,0,0,0,0,0,0,0,0,0,45.0,38.5,31.25,47.0
22.77875,72.5724,322.84,322.84,39191.65,44106.27,42114.92,44091.17,52943.04,48872.32,38906.69,34023.89,-99999.0,Low,Unknown,Low,0,0,0,0,0,0,0,0,0,0,0,0,0,0,0,53.0,50.5,41.25,55.0
22.790808,72.791217,1204.23,1204.23,49023.84,57489.52,49660.69,51559.92,64578.86,56524.31,46677.71,43663.08,-99999.0,Low,Unknown,Low,0,0,0,0,0,0,0,0,0,0,0,0,0,0,0,45.0,38.5,31.25,47.0
23.2764,72.721261,558.25,6245.56,21154.23,23645.52,25048.41,24930.03,36605.17,45477.79,27081.45,4049.39,-99999.0,Low,Unknown,Low,0,0,0,0,0,0,0,0,0,0,0,0,0,0,0,45.0,44.5,36.25,51.0
22.788966,72.790637,1531.42,1531.42,49236.11,57765.02,49893.57,51854.94,64877.1,56781.26,46895.97,44022.34,-99999.0,Low,Unknown,Low,0,0,0,0,0,0,0,0,0,0,0,0,0,0,0,45.0,38.5,31.25,47.0
23.299208,72.36816,114.54,2773.04,47134.89,47085.52,47784.18,47755.14,49396.43,58988.07,43004.9,14145.84,-99999.0,Low,Unknown,Low,0,0,0,0,0,0,0,0,0,0,0,0,0,0,0,45.0,56.5,46.25,59.0
22.466511,72.545999,2591.91,6235.86,107971.56,110676.93,110584.61,113059.78,121091.36,117792.3,107180.15,102130.65,-99999.0,Low,Unknown,Low,0,0,0,0,0,0,0,0,0,0,0,0,0,0,0,45.0,38.5,31.25,47.0
22.264978,72.679562,4345.49,16816.79,152092.22,159326.2,154360.55,158151.14,168710.92,162117.31,150793.94,149797.73,-99999.0,Low,Unknown,Low,0,0,0,0,0,0,0,0,0,0,0,0,0,0,0,45.0,38.5,31.25,47.0
22.773984,72.524461,873.26,9888.44,43253.7,43109.03,46811.54,46214.02,53288.42,50228.47,42195.9,34457.63,-99999.0,Low,Unknown,Low,0,0,0,0,0,0,0,0,0,0,0,0,0,0,0,45.0,44.5,36.25,51.0
22.80297,72.43623,267.66,2571.34,40930.0,36667.89,44952.46,46347.33,47263.75,49113.3,34576.48,34758.9,-99999.0,Low,Unknown,Low,0,0,0,0,0,0,0,0,0,0,0,0,0,0,0,45.0,56.5,46.25,59.0
23.023606,72.30488,884.92,884.92,31249.48,31024.17,30352.14,32260.99,33379.82,29332.58,35351.09,30584.28,5.94,Low,Unknown,Low,0,0,0,0,0,0,0,0,0,0,0,0,0,0,0,49.0,44.5,36.25,51.0
23.371809,72.618947,589.48,1178.7,39029.62,37471.21,38207.63,38261.37,43408.75,59456.7,42472.17,26289.34,-99999.0,Low,Unknown,Low,0,0,0,0,0,0,0,0,0,0,0,0,0,0,0,45.0,44.5,36.25,51.0
22.752085,72.613526,159.56,5897.94,43852.19,50671.26,46339.3,49657.82,60537.56,53920.92,42860.36,42067.4,-99999.0,Low,Unknown,Low,0,0,0,0,0,0,0,0,0,0,0,0,0,0,0,45.0,56.5,46.25,59.0
22.214184,72.326451,12501.21,27310.87,172414.02,168252.34,176317.01,175951.16,178865.14,179178.53,166198.45,163580.9,-99999.0,Low,Unknown,Low,0,0,0,0,0,0,0,0,0,0,0,0,0,0,0,45.0,38.5,31.25,47.0
22.89721,72.395262,653.33,3484.82,25162.77,22506.67,26960.73,29537.56,30196.95,31152.95,19537.36,21204.31,-99999.0,Low,Unknown,Low,0,0,0,0,0,0,0,0,0,0,0,0,0,0,0,45.0,44.5,36.25,51.0
22.935334,72.35582,561.04,4146.38,26272.69,25599.73,25440.54,28197.15,29159.89,28187.88,22729.81,23780.78,-99999.0,Low,Unknown,Low,0,0,0,0,0,0,0,0,0,0,0,0,0,0,0,45.0,44.5,36.25,51.0
22.858276,72.342283,758.63,3249.54,38627.13,36177.82,39760.99,42449.55,43216.74,43472.04,33193.27,34869.94,-99999.0,Low,Unknown,Low,0,0,0,0,0,0,0,0,0,0,0,0,0,0,0,45.0,44.5,36.25,51.0
22.765614,72.56785,1264.41,1264.41,42209.47,47002.02,45146.95,46990.9,55657.62,51871.57,41938.59,36690.47,-99999.0,Low,Unknown,Low,0,0,0,0,0,0,0,0,0,0,0,0,0,0,0,45.0,38.5,31.25,47.0
22.639109,72.499262,3687.56,8267.76,72789.49,71827.63,76016.35,76294.8,82994.76,80262.26,70422.4,64484.66,-99999.0,Low,Unknown,Low,0,0,0,0,0,0,0,0,0,0,0,0,0,0,0,45.0,38.5,31.25,47.0
22.452639,72.620428,2221.73,3251.22,109927.31,116492.47,112336.73,115791.78,125556.64,119996.68,108809.85,106590.0,-99999.0,Low,Unknown,Low,0,0,0,0,0,0,0,0,0,0,0,0,0,0,0,45.0,38.5,31.25,47.0
22.646772,72.712596,1595.63,5124.69,69433.49,78603.31,71335.78,75394.06,89454.25,79135.19,67769.17,68694.29,-99999.0,Low,Unknown,Low,0,0,0,0,0,0,0,0,0,0,0,0,0,0,0,45.0,38.5,31.25,47.0
22.535555,72.307934,547.93,547.93,104448.14,100479.81,107639.31,109988.53,110444.1,112166.53,98098.67,98532.93,-99999.0,Low,Unknown,Low,0,0,0,0,0,0,0,0,0,0,0,0,0,0,0,49.0,44.5,36.25,51.0
22.357367,72.545536,2226.01,4738.75,131951.44,134664.33,134530.72,137211.78,145245.26,141903.32,131096.53,126292.0,-99999.0,Low,Unknown,Low,0,0,0,0,0,0,0,0,0,0,0,0,0,0,0,45.0,38.5,31.25,47.0
22.47428,72.259922,1258.64,2192.54,120427.71,116563.65,123390.46,125803.79,126304.55,127808.91,114106.54,115055.45,-99999.0,Low,Unknown,Low,0,0,0,0,0,0,0,0,0,0,0,0,0,0,0,45.0,38.5,31.25,47.0
22.523939,72.341483,1499.64,6403.64,104963.8,100831.78,108491.79,110328.23,111125.68,112969.35,98593.24,97836.85,-99999.0,Low,Unknown,Low,0,0,0,0,0,0,0,0,0,0,0,0,0,0,0,45.0,38.5,31.25,47.0
22.718663,72.42853,49.48,49.48,59309.24,55090.92,63505.59,64038.46,65794.54,66652.24,53086.91,51535.24,29.28,Low,Unknown,Low,0,0,0,0,0,0,0,0,0,0,0,0,0,0,0,66.0,66.5,53.25,71.0
22.375012,72.775489,300.71,3836.04,131034.65,139794.6,132975.96,137040.29,150227.74,140778.65,129405.89,130342.97,-99999.0,Low,Unknown,Low,0,0,0,0,0,0,0,0,0,0,0,0,0,0,0,45.0,50.5,41.25,55.0
22.379458,72.683401,588.6,3714.5,126802.01,134304.4,129032.12,132913.34,143939.92,136805.03,125460.04,125122.07,-99999.0,Low,Unknown,Low,0,0,0,0,0,0,0,0,0,0,0,0,0,0,0,45.0,44.5,36.25,51.0
22.411929,72.499759,1193.07,1193.07,121425.46,121903.35,124198.69,125854.07,133042.47,130181.21,120408.12,114417.38,-99999.0,Low,Unknown,Low,0,0,0,0,0,0,0,0,0,0,0,0,0,0,0,45.0,38.5,31.25,47.0
23.394674,72.709634,318.31,13497.36,46261.12,47115.98,45872.75,45841.21,54655.15,69248.17,52932.21,26068.66,-99999.0,Low,Unknown,Low,0,0,0,0,0,0,0,0,0,0,0,0,0,0,0,45.0,50.5,41.25,55.0
22.820408,72.632336,1695.39,3180.47,28819.58,37012.51,31153.62,34914.52,47836.3,38863.59,27616.42,28940.9,-99999.0,Low,Unknown,Low,0,0,0,0,0,0,0,0,0,0,0,0,0,0,0,45.0,38.5,31.25,47.0
23.1424,72.380021,168.02,663.83,25425.13,17718.25,28762.65,25120.86,32835.51,28149.85,29449.81,21498.15,-99999.0,Low,Unknown,Low,0,0,0,0,0,0,0,0,0,0,0,0,0,0,0,49.0,56.5,46.25,59.0
22.874566,72.540701,514.56,1463.45,22002.37,23707.5,26808.74,24001.36,31284.69,27978.55,23915.88,12287.55,6.1,Low,Unknown,Low,0,0,0,0,0,0,0,0,0,0,0,0,0,0,0,45.0,44.5,36.25,51.0
22.678082,72.614326,831.53,5100.19,60132.23,66819.44,62589.21,65957.59,76353.37,70202.83,59088.76,57593.44,-99999.0,Low,Unknown,Low,0,0,0,0,0,0,0,0,0,0,0,0,0,0,0,45.0,44.5,36.25,51.0
22.272044,72.688291,2680.81,16625.64,150681.42,158040.31,152926.62,156769.36,167514.87,160693.88,149356.32,148627.91,-99999.0,Low,Unknown,Low,0,0,0,0,0,0,0,0,0,0,0,0,0,0,0,45.0,38.5,31.25,47.0
22.771847,72.577917,936.19,936.19,40467.66,45637.97,43269.85,45617.87,54630.03,50211.59,40005.12,35747.97,-99999.0,Low,Unknown,Low,0,0,0,0,0,0,0,0,0,0,0,0,0,0,0,49.0,44.5,36.25,51.0
22.739826,72.400794,66.86,1659.64,56029.29,51928.16,59627.34,61831.89,62200.88,64355.91,49659.12,50251.9,3.84,Low,Unknown,Low,0,0,0,0,0,0,0,0,0,0,0,0,0,0,0,45.0,62.5,51.25,63.0
22.633154,72.53621,657.48,3292.24,72066.93,73986.79,74955.91,76495.7,84267.45,81029.36,71690.5,65328.48,-99999.0,Low,Unknown,Low,0,0,0,0,0,0,0,0,0,0,0,0,0,0,0,45.0,44.5,36.25,51.0
23.318213,72.354629,30.47,1386.74,52054.54,51847.01,52246.86,52220.38,53928.7,63838.86,47694.46,19041.98,-99999.0,Low,Unknown,Low,0,0,0,0,0,0,0,0,0,0,0,0,0,0,0,45.0,62.5,51.25,63.0
22.223802,72.272742,1640.8,16653.08,172629.96,168457.39,176186.35,177315.07,178815.18,180131.17,166259.15,164722.17,-99999.0,Low,Unknown,Low,0,0,0,0,0,0,0,0,0,0,0,0,0,0,0,45.0,38.5,31.25,47.0
23.240842,72.77787,8.2,4910.95,15155.47,26597.84,30999.55,28630.33,43202.6,43462.2,21479.01,17173.16,-99999.0,Low,Unknown,Low,0,0,0,0,0,0,0,0,0,0,0,0,0,0,0,45.0,62.5,51.25,63.0
22.43875,72.545537,132.2,10473.08,114066.87,116757.71,116670.91,119199.65,127227.07,123933.59,113258.06,108269.23,-99999.0,Low,Unknown,Low,0,0,0,0,0,0,0,0,0,0,0,0,0,0,0,45.0,56.5,46.25,59.0
22.978957,72.304723,1869.82,5049.17,33343.29,33736.39,30859.2,33281.55,34404.36,31424.52,32746.39,31959.4,3.31,Low,Unknown,Low,0,0,0,0,0,0,0,0,0,0,0,0,0,0,0,45.0,38.5,31.25,47.0
23.136371,72.413065,773.72,7286.61,18657.7,11794.23,24523.18,18849.96,27094.87,24225.6,23892.51,15755.04,-99999.0,Low,Unknown,Low,0,0,0,0,0,0,0,0,0,0,0,0,0,0,0,45.0,44.5,36.25,51.0
23.007831,72.492496,6.33,1696.82,3758.35,694.02,3891.19,2418.77,4907.57,4437.2,8371.32,1738.71,34.9,Low,Unknown,Low,0,0,0,0,0,0,0,0,0,0,0,0,0,0,0,50.0,66.5,53.25,71.0
23.083831,72.733779,509.18,3810.41,14281.61,19202.78,17047.76,10121.47,21093.24,15854.72,11114.67,2993.54,2.67,Low,Unknown,Low,0,0,0,0,0,0,0,0,0,0,0,0,0,0,0,45.0,44.5,36.25,51.0
22.657285,72.371914,1308.11,1938.93,75048.26,70966.11,78534.44,80786.19,81180.03,83200.91,68680.02,68805.41,-99999.0,Low,Unknown,Low,0,0,0,0,0,0,0,0,0,0,0,0,0,0,0,45.0,38.5,31.25,47.0
22.958055,72.286909,1261.38,4998.19,38144.96,38642.28,35509.37,38050.2,39154.51,36535.11,36049.39,36315.17,-99999.0,Low,Unknown,Low,0,0,0,0,0,0,0,0,0,0,0,0,0,0,0,45.0,38.5,31.25,47.0
22.401091,72.68463,685.49,8008.64,122048.62,129620.12,124268.15,128173.41,139316.43,132044.94,120694.81,120527.48,-99999.0,Low,Unknown,Low,0,0,0,0,0,0,0,0,0,0,0,0,0,0,0,45.0,44.5,36.25,51.0
22.604866,72.578764,1918.27,8293.49,76791.58,81905.97,79370.27,82334.79,91063.14,86794.65,75942.08,72063.35,-99999.0,Low,Unknown,Low,0,0,0,0,0,0,0,0,0,0,0,0,0,0,0,45.0,38.5,31.25,47.0
22.885965,72.70934,1139.44,2651.22,22470.18,30898.71,22892.63,25412.78,38398.5,29753.46,20054.78,19868.97,-99999.0,Low,Unknown,Low,0,0,0,0,0,0,0,0,0,0,0,0,0,0,0,45.0,38.5,31.25,47.0
22.285613,72.2972,10126.92,14915.23,158187.91,153992.99,161803.36,162753.51,164398.08,165586.16,151817.91,150165.71,-99999.0,Low,Unknown,Low,0,0,0,0,0,0,0,0,0,0,0,0,0,0,0,45.0,38.5,31.25,47.0
22.473862,72.390127,3795.82,3795.82,113584.42,109493.55,117854.72,117255.43,120204.26,120350.17,107502.9,104792.19,-99999.0,Low,Unknown,Low,0,0,0,0,0,0,0,0,0,0,0,0,0,0,0,45.0,38.5,31.25,47.0
22.549628,72.360483,892.55,892.55,98549.68,94367.8,102195.89,103684.91,104763.17,106302.04,92179.46,91107.0,-99999.0,Low,Unknown,Low,0,0,0,0,0,0,0,0,0,0,0,0,0,0,0,49.0,44.5,36.25,51.0
22.973573,72.362749,1177.31,1177.31,22506.99,23353.18,19964.67,22584.13,23664.07,21584.16,20993.01,20649.2,-99999.0,Low,Unknown,Low,0,0,0,0,0,0,0,0,0,0,0,0,0,0,0,45.0,38.5,31.25,47.0
22.733878,72.717684,887.93,887.93,51485.2,61579.77,53136.14,57100.65,70882.31,60862.99,49623.38,50366.28,-99999.0,Low,Unknown,Low,0,0,0,0,0,0,0,0,0,0,0,0,0,0,0,49.0,44.5,36.25,51.0
22.635798,72.552152,1387.01,1387.01,70870.88,74015.26,73613.14,75669.72,83806.15,80430.37,70289.58,64815.59,-99999.0,Low,Unknown,Low,0,0,0,0,0,0,0,0,0,0,0,0,0,0,0,45.0,38.5,31.25,47.0
23.358631,72.448393,115.97,6458.38,47068.56,43438.95,44852.28,44852.31,47072.48,60850.3,43229.7,24664.86,-99999.0,Low,Unknown,Low,0,0,0,0,0,0,0,0,0,0,0,0,0,0,0,45.0,56.5,46.25,59.0
22.420663,72.213861,41.59,725.78,134860.16,131086.75,137632.22,140094.03,140631.13,141954.95,128570.76,129958.96,22.2,Low,Unknown,Low,0,0,0,0,0,0,0,0,0,0,0,0,0,0,0,54.0,66.5,53.25,71.0
23.073327,72.597214,823.79,828.14,2482.95,1916.41,2477.93,1758.45,4174.33,4477.7,1789.3,134.83,25.92,Low,Industrial,High,0,0,0,0,0,0,0,0,0,0,0,0,0,0,0,47.5,44.51,50.31,46.52
23.328525,72.620418,613.52,4202.41,29645.26,28370.8,28807.22,28863.42,34334.84,50225.35,33567.88,18611.04,-99999.0,Low,Unknown,Low,0,0,0,0,0,0,0,0,0,0,0,0,0,0,0,45.0,44.5,36.25,51.0
22.296078,72.300146,8678.16,14109.0,155799.15,151603.28,159418.29,160372.37,162010.68,163198.45,149429.21,147780.96,-99999.0,Low,Unknown,Low,0,0,0,0,0,0,0,0,0,0,0,0,0,0,0,45.0,38.5,31.25,47.0
22.323611,72.238275,194.98,194.98,153239.07,149244.93,156426.01,158784.01,159242.23,160928.7,146885.76,146748.34,-99999.0,Low,Unknown,Low,0,0,0,0,0,0,0,0,0,0,0,0,0,0,0,57.0,56.5,46.25,59.0
23.254429,72.52906,255.01,711.32,19359.73,15766.99,17092.25,17095.5,19364.87,34140.92,16885.47,15763.05,-99999.0,Low,Unknown,Low,0,0,0,0,0,0,0,0,0,0,0,0,0,0,0,49.0,56.5,46.25,59.0
22.231638,72.438208,21478.98,32823.19,163085.8,161887.55,165957.97,167153.81,172880.74,171164.51,160156.43,155389.71,-99999.0,Low,Unknown,Low,0,0,0,0,0,0,0,0,0,0,0,0,0,0,0,45.0,38.5,31.25,47.0
23.117996,72.249951,1525.17,10970.18,46110.03,41043.43,45883.72,47250.98,49504.96,44553.6,50137.92,43346.92,-99999.0,Low,Unknown,Low,0,0,0,0,0,0,0,0,0,0,0,0,0,0,0,45.0,38.5,31.25,47.0
22.514943,72.293165,174.51,174.51,109708.56,105771.71,112828.85,115198.79,115668.61,117322.76,103366.63,103951.53,-99999.0,Low,Unknown,Low,0,0,0,0,0,0,0,0,0,0,0,0,0,0,0,57.0,56.5,46.25,59.0
22.985799,72.731283,429.99,746.24,6212.98,19964.48,20673.92,13423.75,23429.34,21524.22,12803.6,586.63,6.75,Low,Unknown,Low,0,0,0,0,0,0,0,0,0,0,0,0,0,0,0,49.0,50.5,41.25,55.0
22.571245,72.348438,427.58,3912.47,94542.22,90441.65,98020.81,100116.2,100678.09,102668.76,88173.09,87793.28,-99999.0,Low,Unknown,Low,0,0,0,0,0,0,0,0,0,0,0,0,0,0,0,45.0,50.5,41.25,55.0
22.54101,72.575888,951.11,951.11,90868.61,95484.93,93430.04,96438.98,105028.37,100900.17,89986.56,86023.23,-99999.0,Low,Unknown,Low,0,0,0,0,0,0,0,0,0,0,0,0,0,0,0,49.0,44.5,36.25,51.0
22.357533,72.703111,9.53,2365.44,132106.82,139845.09,134285.79,138273.29,149622.55,142075.85,130708.33,130862.54,-99999.0,Low,Unknown,Low,0,0,0,0,0,0,0,0,0,0,0,0,0,0,0,45.0,62.5,51.25,63.0
22.234286,72.598129,5526.91,9054.19,158473.86,163205.06,160925.66,164245.11,173172.84,168544.05,157414.4,154168.9,-99999.0,Low,Unknown,Low,0,0,0,0,0,0,0,0,0,0,0,0,0,0,0,45.0,38.5,31.25,47.0
23.232443,72.395121,1257.53,4062.83,32472.84,31732.84,37095.73,37051.65,38201.16,45191.99,30923.07,5098.31,-99999.0,Low,Unknown,Low,0,0,0,0,0,0,0,0,0,0,0,0,0,0,0,45.0,38.5,31.25,47.0
22.771386,72.784989,278.42,4929.18,51378.2,60468.37,52222.41,54744.84,67779.95,59316.57,49099.09,47499.01,-99999.0,Low,Unknown,Low,0,0,0,0,0,0,0,0,0,0,0,0,0,0,0,45.0,56.5,46.25,59.0
22.848701,72.363449,427.19,578.7,37498.34,34575.13,39332.01,41929.84,42599.63,43406.91,31677.78,33302.82,10.54,Low,Unknown,Low,0,0,0,0,0,0,0,0,0,0,0,0,0,0,0,54.0,54.5,43.25,63.0
22.733814,72.781725,83.66,5098.54,57639.74,67475.86,58749.04,62026.56,75033.53,66094.45,55469.64,55488.77,-99999.0,Low,Unknown,Low,0,0,0,0,0,0,0,0,0,0,0,0,0,0,0,45.0,62.5,51.25,63.0
23.037147,72.306222,1128.31,1930.9,30931.58,30507.52,30554.85,32046.78,33365.67,29053.1,36387.5,29979.91,-99999.0,Low,Unknown,Low,0,0,0,0,0,0,0,0,0,0,0,0,0,0,0,45.0,38.5,31.25,47.0
22.917101,72.578629,734.3,2139.89,10462.46,13798.95,14785.06,13766.72,23986.33,18903.65,13130.83,7953.71,3.61,Low,Unknown,Low,0,0,0,0,0,0,0,0,0,0,0,0,0,0,0,45.0,44.5,36.25,51.0
22.963021,72.538391,249.44,3411.35,7076.94,7872.87,10381.76,6718.12,11957.11,8775.65,5048.98,1410.9,5.24,Low,Unknown,Low,0,0,0,0,0,0,0,0,0,0,0,0,0,0,0,45.0,56.5,46.25,59.0
22.828152,72.583717,184.5,184.5,28097.07,33333.16,31073.38,33304.23,42798.93,37795.95,27929.6,24285.28,1.05,Low,Unknown,Low,0,0,0,0,0,0,0,0,0,0,0,0,0,0,0,57.0,56.5,46.25,59.0
22.571594,72.408301,1423.36,1423.36,91745.06,87648.32,96064.0,95698.55,98378.91,98617.19,85670.46,83130.1,-99999.0,Low,Unknown,Low,0,0,0,0,0,0,0,0,0,0,0,0,0,0,0,45.0,38.5,31.25,47.0
22.847602,72.682825,1782.82,7929.58,25715.61,36639.12,27176.64,31090.8,44880.47,34853.55,23715.53,24358.79,-99999.0,Low,Unknown,Low,0,0,0,0,0,0,0,0,0,0,0,0,0,0,0,45.0,38.5,31.25,47.0
22.730232,72.41947,295.88,3009.4,57231.94,52972.66,61155.64,62320.36,63542.77,64997.5,50873.76,50110.88,-99999.0,Low,Unknown,Low,0,0,0,0,0,0,0,0,0,0,0,0,0,0,0,45.0,56.5,46.25,59.0
22.511768,72.382144,862.46,4151.17,105752.23,101544.77,109747.96,109908.4,112165.2,112770.19,99490.62,97318.81,-99999.0,Low,Unknown,Low,0,0,0,0,0,0,0,0,0,0,0,0,0,0,0,45.0,44.5,36.25,51.0
22.200111,72.689228,4955.24,4955.24,166667.52,173922.61,168925.96,172736.26,183290.57,176687.62,165357.5,164368.77,-99999.0,Low,Unknown,Low,0,0,0,0,0,0,0,0,0,0,0,0,0,0,0,45.0,38.5,31.25,47.0
23.217536,72.406331,220.23,220.23,28576.03,27916.3,33817.56,33294.44,35121.94,41430.17,27678.08,6741.67,-99999.0,Low,Unknown,Low,0,0,0,0,0,0,0,0,0,0,0,0,0,0,0,57.0,56.5,46.25,59.0
22.763038,72.20499,1177.45,15079.32,73056.23,70850.44,73488.72,76239.76,77112.32,76583.72,67850.27,69536.45,2.55,Low,Unknown,Low,0,0,0,0,0,0,0,0,0,0,0,0,0,0,0,45.0,38.5,31.25,47.0
23.306506,72.768175,47.55,675.95,28447.93,34436.05,36454.94,36328.09,48106.3,54990.91,34421.15,15119.0,-99999.0,Low,Unknown,Low,0,0,0,0,0,0,0,0,0,0,0,0,0,0,0,49.0,62.5,51.25,63.0
22.77248,72.20548,516.21,16565.61,71609.59,69491.5,71926.35,74681.08,75566.45,74951.27,66484.41,68167.36,5.81,Low,Unknown,Low,0,0,0,0,0,0,0,0,0,0,0,0,0,0,0,45.0,44.5,36.25,51.0
22.716522,72.375754,1501.07,1501.07,62385.74,58418.64,65691.43,67991.87,68421.26,70306.85,56033.16,57293.48,-99999.0,Low,Unknown,Low,0,0,0,0,0,0,0,0,0,0,0,0,0,0,0,45.0,38.5,31.25,47.0
22.477458,72.204331,5539.58,7966.02,124248.15,120629.93,126748.82,129268.31,129853.26,130946.48,118023.74,119482.02,-99999.0,Low,Unknown,Low,0,0,0,0,0,0,0,0,0,0,0,0,0,0,0,45.0,38.5,31.25,47.0
22.648373,72.447042,4964.21,5999.71,73733.24,69908.73,78594.7,77128.16,80844.01,80228.69,68114.66,64646.13,-99999.0,Low,Unknown,Low,0,0,0,0,0,0,0,0,0,0,0,0,0,0,0,45.0,38.5,31.25,47.0
22.872665,72.436851,339.61,744.03,26038.54,22048.54,29753.33,31872.22,32212.18,34485.14,19672.57,20966.33,2.31,Low,Unknown,Low,0,0,0,0,0,0,0,0,0,0,0,0,0,0,0,49.0,50.5,41.25,55.0
22.395923,72.642271,2188.2,7728.25,122577.13,129461.35,124924.37,128535.2,138691.49,132634.06,121376.33,119751.68,-99999.0,Low,Unknown,Low,0,0,0,0,0,0,0,0,0,0,0,0,0,0,0,45.0,38.5,31.25,47.0
22.667668,72.427015,516.73,516.73,70284.66,66185.38,74695.03,74653.47,76951.33,77307.22,64232.67,61947.84,3.53,Low,Unknown,Low,0,0,0,0,0,0,0,0,0,0,0,0,0,0,0,49.0,44.5,36.25,51.0
22.515576,72.453344,1369.95,4883.05,101582.07,99007.66,104804.38,104888.77,110014.25,108565.71,97295.36,92823.98,-99999.0,Low,Unknown,Low,0,0,0,0,0,0,0,0,0,0,0,0,0,0,0,45.0,38.5,31.25,47.0
22.487474,72.658723,80.72,732.19,102486.37,109825.91,104766.92,108544.47,119444.62,112516.31,101203.69,100640.91,-99999.0,Low,Unknown,Low,0,0,0,0,0,0,0,0,0,0,0,0,0,0,0,49.0,62.5,51.25,63.0
23.291945,72.684545,157.51,7697.89,23546.71,24208.72,23330.76,23274.17,33432.62,46877.2,30526.61,4493.49,-99999.0,Low,Unknown,Low,0,0,0,0,0,0,0,0,0,0,0,0,0,0,0,45.0,56.5,46.25,59.0
23.021568,72.370806,58.08,1819.51,18065.97,18043.34,17135.57,18973.72,20091.0,16132.63,23515.99,17729.93,-99999.0,Low,Unknown,Low,0,0,0,0,0,0,0,0,0,0,0,0,0,0,0,45.0,62.5,51.25,63.0
23.091512,72.685285,34.02,352.17,4513.97,11388.05,7430.69,897.15,13645.72,6746.7,4671.87,789.66,55.55,Medium,Unknown,Low,0,0,2,0,0,0,0,0,0,0,0,0,0,0,2,63.0,70.5,56.13,79.0
22.695485,72.712089,549.76,5173.17,59080.22,68649.14,60887.95,64915.01,78912.95,68667.82,57337.04,58194.99,-99999.0,Low,Unknown,Low,0,0,0,0,0,0,0,0,0,0,0,0,0,0,0,45.0,44.5,36.25,51.0
22.418889,72.373757,2432.91,12369.29,126132.2,122003.15,130279.94,129824.62,132671.9,132931.12,119983.64,117372.3,-99999.0,Low,Unknown,Low,0,0,0,0,0,0,0,0,0,0,0,0,0,0,0,45.0,38.5,31.25,47.0
22.964271,72.570638,327.98,2112.89,3806.22,3441.84,7710.79,3456.59,14157.27,9483.74,9669.12,2591.92,8.19,Low,Industrial,Low,0,0,0,0,0,0,0,0,0,0,0,0,0,0,0,46.5,52.0,48.75,56.0
22.526561,72.573652,1149.15,2213.9,94091.76,98514.2,96654.62,99655.86,108167.4,104116.34,93211.76,89162.76,-99999.0,Low,Unknown,Low,0,0,0,0,0,0,0,0,0,0,0,0,0,0,0,45.0,38.5,31.25,47.0
22.425347,72.211637,1157.54,1157.54,134084.82,130328.51,136825.72,139294.6,139837.37,141134.09,127801.9,129208.45,-99999.0,Low,Unknown,Low,0,0,0,0,0,0,0,0,0,0,0,0,0,0,0,45.0,38.5,31.25,47.0
22.259558,72.520982,18412.13,21709.36,154110.26,155859.77,156710.26,159131.51,166886.95,163717.43,153291.19,147995.57,-99999.0,Low,Unknown,Low,0,0,0,0,0,0,0,0,0,0,0,0,0,0,0,45.0,38.5,31.25,47.0
22.423125,72.261364,120.15,120.15,130927.86,126978.0,134046.05,136420.23,136891.41,138527.62,124583.64,124888.39,-99999.0,Low,Unknown,Low,0,0,0,0,0,0,0,0,0,0,0,0,0,0,0,57.0,56.5,46.25,59.0
22.523034,72.629118,105.11,105.11,94352.86,101172.68,96734.38,100271.52,110492.4,104417.74,93198.39,91592.48,-99999.0,Low,Unknown,Low,0,0,0,0,0,0,0,0,0,0,0,0,0,0,0,57.0,56.5,46.25,59.0
23.072528,72.339686,1713.06,4361.35,25695.06,23362.94,25451.5,26843.43,28981.16,24070.86,30351.46,23880.32,-99999.0,Low,Unknown,Low,0,0,0,0,0,0,0,0,0,0,0,0,0,0,0,45.0,38.5,31.25,47.0
22.38082,72.496148,750.53,5235.63,128330.72,128754.51,131086.84,132778.34,139883.92,137100.5,127236.67,121335.19,-99999.0,Low,Unknown,Low,0,0,0,0,0,0,0,0,0,0,0,0,0,0,0,45.0,44.5,36.25,51.0
22.610295,72.386946,945.32,4750.02,84357.85,80125.51,88142.07,89304.62,90625.85,91913.53,77992.59,76716.29,-99999.0,Low,Unknown,Low,0,0,0,0,0,0,0,0,0,0,0,0,0,0,0,45.0,44.5,36.25,51.0
23.159355,72.798778,62.8,536.81,11251.57,26182.71,34437.5,26257.22,40812.53,34071.36,13814.38,13223.11,-99999.0,Low,Unknown,Low,0,0,0,0,0,0,0,0,0,0,0,0,0,0,0,49.0,62.5,51.25,63.0
22.756421,72.674855,242.61,2314.35,44078.35,53280.49,46055.29,50143.19,64308.78,53864.35,42478.48,43486.07,-99999.0,Low,Unknown,Low,0,0,0,0,0,0,0,0,0,0,0,0,0,0,0,45.0,56.5,46.25,59.0
22.596298,72.706128,412.15,6854.1,79968.2,88669.2,81977.48,86066.59,99219.63,89786.81,78399.8,79404.23,-99999.0,Low,Unknown,Low,0,0,0,0,0,0,0,0,0,0,0,0,0,0,0,45.0,50.5,41.25,55.0
23.341973,72.233623,229.2,5660.3,72183.48,68986.07,75832.5,75628.76,77295.45,80310.12,70476.27,41205.86,1.95,Low,Unknown,Low,0,0,0,0,0,0,0,0,0,0,0,0,0,0,0,45.0,56.5,46.25,59.0
23.130783,72.242831,1.5,8191.41,48571.66,42849.54,48356.19,49705.81,52046.23,47063.36,52344.51,42710.37,-99999.0,Low,Unknown,Low,0,0,0,0,0,0,0,0,0,0,0,0,0,0,0,45.0,62.5,51.25,63.0
22.764176,72.315315,406.75,427.58,58260.69,55085.93,60234.48,62829.64,63490.14,64270.55,52276.61,53851.58,-99999.0,Low,Unknown,Low,0,0,0,0,0,0,0,0,0,0,0,0,0,0,0,53.0,50.5,41.25,55.0
23.209847,72.69035,4.22,4203.71,6511.64,8216.31,12151.94,11963.85,24315.99,29825.08,14507.59,1778.6,-99999.0,Low,Unknown,Low,0,0,0,0,0,0,0,0,0,0,0,0,0,0,0,45.0,62.5,51.25,63.0
23.193902,72.273177,399.81,2193.09,48993.35,41818.42,51223.49,49277.57,55254.94,50267.72,53083.36,30513.98,-99999.0,Low,Unknown,Low,0,0,0,0,0,0,0,0,0,0,0,0,0,0,0,45.0,50.5,41.25,55.0
23.121775,72.349377,361.87,4013.04,29051.53,21519.88,29378.54,29045.3,33394.34,28397.63,31912.5,25754.85,-99999.0,Low,Unknown,Low,0,0,0,0,0,0,0,0,0,0,0,0,0,0,0,45.0,50.5,41.25,55.0
23.12547,72.465777,297.22,8008.69,7832.57,6822.54,15764.1,10008.82,16526.35,19932.72,16502.65,5871.43,-99999.0,Low,Unknown,Low,0,0,0,0,0,0,0,0,0,0,0,0,0,0,0,45.0,56.5,46.25,59.0
23.085143,72.220106,741.62,3504.09,49547.09,46852.02,49276.81,50695.98,52508.03,47803.94,54527.67,47964.88,4.0,Low,Unknown,Low,0,0,0,0,0,0,0,0,0,0,0,0,0,0,0,45.0,44.5,36.25,51.0
22.753002,72.662598,233.55,233.55,44300.7,53058.36,46396.65,50510.56,63884.92,54199.35,42816.52,43919.6,-99999.0,Low,Unknown,Low,0,0,0,0,0,0,0,0,0,0,0,0,0,0,0,57.0,56.5,46.25,59.0
22.825367,72.78927,852.87,852.87,43421.87,51044.09,43857.14,44873.68,57820.45,50338.33,41115.72,36260.65,-99999.0,Low,Unknown,Low,0,0,0,0,0,0,0,0,0,0,0,0,0,0,0,49.0,44.5,36.25,51.0
22.767391,72.608865,450.3,7089.54,40550.02,47194.21,43078.06,46286.25,57038.31,50610.72,39626.42,38586.2,-99999.0,Low,Unknown,Low,0,0,0,0,0,0,0,0,0,0,0,0,0,0,0,45.0,50.5,41.25,55.0
22.574531,72.393838,4062.97,4259.66,91754.29,87525.41,95740.64,96160.45,98145.71,98874.56,85469.16,83496.03,-99999.0,Low,Unknown,Low,0,0,0,0,0,0,0,0,0,0,0,0,0,0,0,45.0,38.5,31.25,47.0
22.954997,72.225312,1190.69,1190.69,50163.22,50502.51,47629.99,50090.0,51209.21,48239.78,48472.44,48591.79,-99999.0,Low,Unknown,Low,0,0,0,0,0,0,0,0,0,0,0,0,0,0,0,45.0,38.5,31.25,47.0
23.324905,72.512556,599.88,7883.45,34659.08,30199.38,32300.38,32312.49,34666.4,49793.35,32485.5,24587.4,-99999.0,Low,Unknown,Low,0,0,0,0,0,0,0,0,0,0,0,0,0,0,0,45.0,44.5,36.25,51.0
22.503975,72.583112,766.79,766.79,98883.3,103799.71,101411.42,104524.09,113318.89,108937.5,97944.54,94314.28,-99999.0,Low,Unknown,Low,0,0,0,0,0,0,0,0,0,0,0,0,0,0,0,49.0,44.5,36.25,51.0
22.438468,72.732512,75.72,766.62,115326.02,123742.48,117364.92,121459.13,134000.31,125174.33,113785.94,114803.08,-99999.0,Low,Unknown,Low,0,0,0,0,0,0,0,0,0,0,0,0,0,0,0,49.0,62.5,51.25,63.0
23.236389,72.330673,556.96,4502.21,42795.32,39043.69,48877.69,45713.62,50824.74,50782.94,43364.77,16798.84,-99999.0,Low,Unknown,Low,0,0,0,0,0,0,0,0,0,0,0,0,0,0,0,45.0,44.5,36.25,51.0
22.335514,72.579745,1358.85,4635.0,136161.55,140392.23,138663.21,141840.07,150444.53,146223.35,135177.94,131445.09,-99999.0,Low,Unknown,Low,0,0,0,0,0,0,0,0,0,0,0,0,0,0,0,45.0,38.5,31.25,47.0
22.589416,72.300416,1412.74,4840.23,93848.5,90028.25,96774.81,99191.53,99697.38,101196.82,87539.61,88920.41,-99999.0,Low,Unknown,Low,0,0,0,0,0,0,0,0,0,0,0,0,0,0,0,45.0,38.5,31.25,47.0
22.53132,72.27179,4543.51,5648.25,107863.47,104056.93,110736.1,113169.45,113686.41,115122.27,101560.45,102946.84,-99999.0,Low,Unknown,Low,0,0,0,0,0,0,0,0,0,0,0,0,0,0,0,45.0,38.5,31.25,47.0
23.146973,72.205358,72.54,72.54,56858.52,50893.88,56642.27,57993.08,60322.42,55344.92,60592.46,47167.3,-99999.0,Low,Unknown,Low,0,0,0,0,0,0,0,0,0,0,0,0,0,0,0,61.0,62.5,51.25,63.0
22.250392,72.670085,7727.13,13259.97,155187.32,162277.29,157480.96,161212.48,171554.04,165224.69,153919.11,152613.74,-99999.0,Low,Unknown,Low,0,0,0,0,0,0,0,0,0,0,0,0,0,0,0,45.0,38.5,31.25,47.0
22.770325,72.557727,2491.41,3189.98,41699.53,45834.96,44810.19,46050.71,54379.15,50867.28,41690.19,35377.94,-99999.0,Low,Unknown,Low,0,0,0,0,0,0,0,0,0,0,0,0,0,0,0,45.0,38.5,31.25,47.0
22.645678,72.253688,5256.34,5256.34,86915.11,83566.08,89031.59,91615.08,92260.15,93073.75,80829.76,82363.75,-99999.0,Low,Unknown,Low,0,0,0,0,0,0,0,0,0,0,0,0,0,0,0,45.0,38.5,31.25,47.0
22.389238,72.254841,35.27,35.27,138429.81,134458.33,141583.65,143949.11,144413.5,146077.43,132080.88,132186.94,-99999.0,Low,Unknown,Low,0,0,0,0,0,0,0,0,0,0,0,0,0,0,0,61.0,62.5,51.25,63.0
22.942374,72.758509,1308.45,1308.45,17143.08,28861.16,25948.1,22034.72,33780.25,29508.01,21654.02,10056.75,5.3,Low,Unknown,Low,0,0,0,0,0,0,0,0,0,0,0,0,0,0,0,45.0,38.5,31.25,47.0
23.396368,72.575079,0.78,3994.01,44986.02,42151.7,44430.16,44477.2,47822.89,63965.41,46426.99,35780.98,-99999.0,Low,Unknown,Low,0,0,0,0,0,0,0,0,0,0,0,0,0,0,0,45.0,62.5,51.25,63.0
22.27173,72.586745,9446.58,13530.89,150234.26,154615.18,152712.58,155956.09,164680.22,160301.21,149214.28,145679.59,-99999.0,Low,Unknown,Low,0,0,0,0,0,0,0,0,0,0,0,0,0,0,0,45.0,38.5,31.25,47.0
23.041594,72.67488,105.03,942.49,503.27,10514.39,6958.59,731.68,7758.69,8675.19,9323.22,1020.4,90.88,Medium,Unknown,Low,0,0,2,0,0,0,0,0,0,0,0,1,0,0,2,66.5,70.5,53.25,79.87
22.350993,72.339605,11729.11,18323.24,142263.88,138019.07,146082.93,146252.53,148571.66,149248.14,135925.76,133743.16,-99999.0,Low,Unknown,Low,0,0,0,0,0,0,0,0,0,0,0,0,0,0,0,45.0,38.5,31.25,47.0
23.378011,72.673137,33.79,8132.75,40957.64,41567.25,40351.67,40349.12,48088.38,63278.22,47668.9,22924.35,-99999.0,Low,Unknown,Low,0,0,0,0,0,0,0,0,0,0,0,0,0,0,0,45.0,62.5,51.25,63.0
23.108037,72.683315,28.91,416.58,3765.62,8551.48,8667.33,1781.69,16144.6,8760.14,1339.82,848.99,-99999.0,Low,Residential,Low,0,0,0,0,0,0,0,0,0,0,0,0,0,0,0,57.5,67.0,66.01,68.0
22.726463,72.315779,680.23,5637.55,65289.47,61866.87,67618.7,70155.42,70761.62,71809.11,59156.79,60674.78,-99999.0,Low,Unknown,Low,0,0,0,0,0,0,0,0,0,0,0,0,0,0,0,45.0,44.5,36.25,51.0
23.0271,72.4149,66.78,6845.53,9092.33,9186.42,8762.49,10155.73,11392.75,7160.49,15822.71,8881.36,29.88,Low,Unknown,Low,0,0,0,0,0,0,0,0,0,0,0,0,0,0,0,50.0,66.5,53.25,71.0
22.361679,72.739198,737.81,3073.15,132349.74,140595.24,134417.0,138517.56,150702.77,142225.46,130837.0,131873.61,-99999.0,Low,Unknown,Low,0,0,0,0,0,0,0,0,0,0,0,0,0,0,0,45.0,44.5,36.25,51.0
22.782363,72.4625,66.87,1769.96,44182.97,40326.42,49357.19,48585.41,51313.1,51146.13,38598.93,35946.62,55.73,Medium,Unknown,Low,0,0,0,0,0,0,0,0,0,0,0,0,0,0,0,55.0,70.5,55.25,79.0
22.553658,72.618223,1527.53,1527.53,87575.64,94195.31,89997.61,93432.29,103426.72,97645.84,86477.33,84508.99,-99999.0,Low,Unknown,Low,0,0,0,0,0,0,0,0,0,0,0,0,0,0,0,45.0,38.5,31.25,47.0
22.427731,72.311976,4249.07,4249.07,126985.6,122860.0,130472.51,132298.4,133133.0,134917.07,120615.41,119698.86,-99999.0,Low,Unknown,Low,0,0,0,0,0,0,0,0,0,0,0,0,0,0,0,45.0,38.5,31.25,47.0
22.617198,72.639441,2211.24,2720.24,73608.56,80874.8,75939.82,79617.11,90622.48,83658.5,72390.12,71928.66,-99999.0,Low,Unknown,Low,0,0,0,0,0,0,0,0,0,0,0,0,0,0,0,45.0,38.5,31.25,47.0
22.530389,72.69881,117.29,1825.55,94018.47,102248.7,96122.16,100232.37,112464.24,103926.57,92541.77,93616.48,-99999.0,Low,Unknown,Low,0,0,0,0,0,0,0,0,0,0,0,0,0,0,0,45.0,56.5,46.25,59.0
23.297369,72.532712,178.3,1228.66,27668.5,23032.92,25286.37,25288.2,27676.76,43118.22,25724.38,22668.53,-99999.0,Low,Unknown,Low,0,0,0,0,0,0,0,0,0,0,0,0,0,0,0,45.0,56.5,46.25,59.0
22.282652,72.293015,10274.26,14614.25,159015.4,154829.47,162609.91,163660.41,165216.37,166468.64,152644.99,151061.29,-99999.0,Low,Unknown,Low,0,0,0,0,0,0,0,0,0,0,0,0,0,0,0,45.0,38.5,31.25,47.0
22.554807,72.35801,234.89,234.89,97557.73,93392.39,101169.36,102786.43,103755.63,105416.73,91186.98,90261.2,4.61,Low,Unknown,Low,0,0,0,0,0,0,0,0,0,0,0,0,0,0,0,57.0,56.5,46.25,59.0
22.640535,72.200432,174.41,174.41,93777.18,90746.5,95356.06,98019.78,98747.9,99096.12,87900.36,89497.6,83.64,Medium,Unknown,Low,0,0,0,0,0,0,0,0,0,0,0,0,0,0,0,74.5,70.5,53.25,87.0
22.965631,72.427426,60.8,4228.92,10367.87,10231.97,10711.01,13365.58,14128.08,14893.38,7823.51,8213.25,48.94,Low,Unknown,Low,0,0,0,0,0,0,0,0,0,0,0,0,0,0,0,55.0,70.5,55.25,79.0
22.422641,72.211232,669.08,669.08,134665.57,130905.92,137412.05,139879.73,140421.51,141722.75,128381.39,129786.6,-99999.0,Low,Unknown,Low,0,0,0,0,0,0,0,0,0,0,0,0,0,0,0,49.0,44.5,36.25,51.0
23.228195,72.66561,124.49,1830.28,9484.22,9911.78,9686.51,9572.84,21419.34,32959.55,16130.16,3877.32,-99999.0,Low,Unknown,Low,0,0,0,0,0,0,0,0,0,0,0,0,0,0,0,45.0,56.5,46.25,59.0
22.486544,72.632602,1359.23,2401.44,102440.77,109277.58,104811.53,108371.7,118563.86,112503.52,101271.48,99648.41,-99999.0,Low,Unknown,Low,0,0,0,0,0,0,0,0,0,0,0,0,0,0,0,45.0,38.5,31.25,47.0
22.989947,72.523374,15.83,612.09,840.13,6207.65,5247.12,2623.0,6124.58,5602.2,1136.21,3048.14,92.2,Medium,Unknown,Low,0,0,0,0,0,0,0,0,0,0,0,2,0,0,0,66.5,76.5,68.55,84.83
22.664989,72.514442,1642.79,2622.02,66418.09,66426.55,69597.56,70130.25,77300.28,74276.49,65167.75,58505.57,-99999.0,Low,Unknown,Low,0,0,0,0,0,0,0,0,0,0,0,0,0,0,0,45.0,38.5,31.25,47.0
22.797059,72.530881,2699.04,6134.72,38110.13,38527.59,41739.13,40985.83,48211.59,45071.59,37808.3,29316.52,-99999.0,Low,Unknown,Low,0,0,0,0,0,0,0,0,0,0,0,0,0,0,0,45.0,38.5,31.25,47.0
22.935647,72.39356,1482.76,3439.89,19626.67,18325.57,19993.09,22713.34,23535.6,23658.08,15371.75,16640.86,-99999.0,Low,Unknown,Low,0,0,0,0,0,0,0,0,0,0,0,0,0,0,0,45.0,38.5,31.25,47.0
22.969085,72.266278,454.96,6553.2,41358.87,41703.18,38888.53,41321.73,42443.87,39435.05,40266.33,39932.14,3.72,Low,Unknown,Low,0,0,0,0,0,0,0,0,0,0,0,0,0,0,0,45.0,50.5,41.25,55.0
22.827841,72.240008,795.55,14831.31,58576.54,56818.67,58489.96,61250.3,62174.31,61307.93,53799.31,55354.75,-99999.0,Low,Unknown,Low,0,0,0,0,0,0,0,0,0,0,0,0,0,0,0,45.0,44.5,36.25,51.0
23.202232,72.277865,755.59,1889.0,48711.2,41967.71,51819.59,49366.23,55871.53,50913.37,52297.85,28972.65,-99999.0,Low,Unknown,Low,0,0,0,0,0,0,0,0,0,0,0,0,0,0,0,45.0,44.5,36.25,51.0
23.248191,72.321247,98.33,3932.47,45822.02,42218.02,51776.25,48866.6,53336.02,53929.37,45959.71,18468.45,-99999.0,Low,Unknown,Low,0,0,0,0,0,0,0,0,0,0,0,0,0,0,0,45.0,62.5,51.25,63.0
22.782444,72.259252,178.87,11097.9,62219.74,59753.11,63096.75,65821.06,66635.96,66511.36,56780.16,58450.33,-99999.0,Low,Unknown,Low,0,0,0,0,0,0,0,0,0,0,0,0,0,0,0,45.0,56.5,46.25,59.0
22.885215,72.70178,490.47,4137.47,21422.3,30336.85,22000.1,25075.57,37991.19,29044.07,19040.03,18983.12,-99999.0,Low,Unknown,Low,0,0,0,0,0,0,0,0,0,0,0,0,0,0,0,45.0,50.5,41.25,55.0
22.989506,72.515493,17.83,87.48,1039.52,5503.83,4932.31,4188.88,6762.2,7080.65,2315.03,1941.94,114.21,High,Unknown,Low,0,0,0,0,0,0,0,0,0,0,0,0,0,0,0,78.5,76.5,65.41,85.4
23.041577,72.353563,310.0,3469.61,21472.84,20956.41,21174.75,22602.87,24144.32,19630.25,27324.62,20408.09,21.23,Low,Unknown,Low,0,0,0,0,0,0,0,0,0,0,0,0,0,0,0,50.0,54.5,43.25,63.0
22.639625,72.563572,47.35,708.9,69658.77,73711.9,72309.43,74735.25,83129.35,79454.71,68948.03,64124.63,-99999.0,Low,Unknown,Low,0,0,0,0,0,0,0,0,0,0,0,0,0,0,0,49.0,62.5,51.25,63.0
22.285049,72.758127,767.0,20572.98,149847.79,158102.8,151903.2,156000.29,168180.66,159712.3,148323.66,149348.28,-99999.0,Low,Unknown,Low,0,0,0,0,0,0,0,0,0,0,0,0,0,0,0,45.0,44.5,36.25,51.0
22.450486,72.494843,2221.39,8222.5,113258.76,113344.7,116113.57,117514.57,124477.53,121755.38,111836.34,105983.82,-99999.0,Low,Unknown,Low,0,0,0,0,0,0,0,0,0,0,0,0,0,0,0,45.0,38.5,31.25,47.0
23.267721,72.247974,2577.73,9397.46,60349.54,55386.78,66368.9,62473.23,68580.6,65575.17,61185.6,33365.47,-99999.0,Low,Unknown,Low,0,0,0,0,0,0,0,0,0,0,0,0,0,0,0,45.0,38.5,31.25,47.0
23.161224,72.23642,292.57,3509.51,52868.78,45679.93,52707.05,53227.1,56548.23,51517.49,56011.92,40226.02,-99999.0,Low,Unknown,Low,0,0,0,0,0,0,0,0,0,0,0,0,0,0,0,45.0,56.5,46.25,59.0
22.869624,72.762946,826.64,3392.17,32537.05,40075.56,33426.45,33802.32,46713.95,39539.31,30966.34,25392.57,-99999.0,Low,Unknown,Low,0,0,0,0,0,0,0,0,0,0,0,0,0,0,0,45.0,44.5,36.25,51.0
22.699144,72.421441,2545.63,2545.63,63817.69,59568.09,67899.73,68558.93,70231.29,71169.67,57535.43,56027.07,3.94,Low,Unknown,Low,0,0,0,0,0,0,0,0,0,0,0,0,0,0,0,45.0,38.5,31.25,47.0
23.050121,72.694186,572.87,1924.82,4359.38,14724.29,10825.5,3676.65,11559.79,9758.87,11929.63,2337.63,5.32,Low,Unknown,Low,0,0,0,0,0,0,0,0,0,0,0,0,0,0,0,45.0,44.5,36.25,51.0
22.518979,72.224392,3241.44,6210.44,114255.88,110647.43,116754.76,119272.97,119857.5,120959.0,108035.27,109497.27,-99999.0,Low,Unknown,Low,0,0,0,0,0,0,0,0,0,0,0,0,0,0,0,45.0,38.5,31.25,47.0
22.284466,72.382343,13092.47,30378.0,154662.14,151153.57,157827.93,157946.04,161950.76,161455.13,149231.59,145762.32,-99999.0,Low,Unknown,Low,0,0,0,0,0,0,0,0,0,0,0,0,0,0,0,45.0,38.5,31.25,47.0
23.333524,72.776352,47.39,637.1,34528.13,40136.07,41692.35,41579.17,53029.38,61038.86,40530.23,19765.11,-99999.0,Low,Unknown,Low,0,0,0,0,0,0,0,0,0,0,0,0,0,0,0,49.0,62.5,51.25,63.0
22.316543,72.635103,188.92,2107.72,140157.69,146689.28,142528.82,146073.54,155874.7,150221.16,138987.36,136894.92,-99999.0,Low,Unknown,Low,0,0,0,0,0,0,0,0,0,0,0,0,0,0,0,45.0,56.5,46.25,59.0
22.837993,72.313676,345.84,3923.37,45835.83,43459.42,46750.02,49464.41,50265.73,50278.89,40469.86,42149.61,3.57,Low,Unknown,Low,0,0,0,0,0,0,0,0,0,0,0,0,0,0,0,45.0,50.5,41.25,55.0
22.83143,72.349258,151.48,151.48,42243.17,39306.92,44018.58,46631.22,47313.22,48031.55,36416.98,38038.0,34.62,Low,Unknown,Low,0,0,0,0,0,0,0,0,0,0,0,0,0,0,0,62.0,60.5,48.25,67.0
22.95039,72.307339,16.27,728.85,34442.9,34655.03,32230.42,34855.28,35934.71,33711.67,31983.18,32680.64,-99999.0,Low,Unknown,Low,0,0,0,0,0,0,0,0,0,0,0,0,0,0,0,49.0,62.5,51.25,63.0
23.099033,72.449111,258.46,9332.81,12278.63,920.31,14576.47,8443.26,17849.68,14489.96,13014.74,6846.83,-99999.0,Low,Unknown,Low,0,0,0,0,0,0,0,0,0,0,0,0,0,0,0,45.0,56.5,46.25,59.0
22.326617,72.583175,3391.31,5061.28,138092.58,142452.81,140585.34,143788.98,152467.04,148156.66,137095.1,133465.9,-99999.0,Low,Unknown,Low,0,0,0,0,0,0,0,0,0,0,0,0,0,0,0,45.0,38.5,31.25,47.0
22.629556,72.475232,1145.63,12826.48,76427.15,73785.94,79806.92,79431.79,84874.47,83058.56,72198.59,67317.58,-99999.0,Low,Unknown,Low,0,0,0,0,0,0,0,0,0,0,0,0,0,0,0,45.0,38.5,31.25,47.0
22.998291,72.729694,113.16,775.32,3540.34,19109.2,20850.48,12988.04,21672.02,21046.1,12279.18,2837.52,7.55,Low,Unknown,Low,0,0,0,0,0,0,0,0,0,0,0,0,0,0,0,49.0,56.5,46.25,59.0
22.400171,72.308238,3530.62,8292.97,133060.81,128921.5,136571.58,138284.01,139220.34,140887.13,126690.17,125623.32,-99999.0,Low,Unknown,Low,0,0,0,0,0,0,0,0,0,0,0,0,0,0,0,45.0,38.5,31.25,47.0
22.681869,72.402508,516.87,5186.0,68318.4,64094.71,72123.92,73459.33,74588.41,76118.43,61952.83,61118.37,3.68,Low,Unknown,Low,0,0,0,0,0,0,0,0,0,0,0,0,0,0,0,45.0,44.5,36.25,51.0
22.389812,72.79906,51.37,4571.76,129123.15,138229.91,130971.23,135001.62,148875.85,138754.19,127415.97,128280.72,-99999.0,Low,Unknown,Low,0,0,0,0,0,0,0,0,0,0,0,0,0,0,0,45.0,62.5,51.25,63.0
22.731615,72.411394,625.72,3631.55,57266.4,53066.41,61061.88,62675.91,63525.43,65390.18,50898.81,50655.67,-99999.0,Low,Unknown,Low,0,0,0,0,0,0,0,0,0,0,0,0,0,0,0,45.0,44.5,36.25,51.0
22.578186,72.794878,346.52,5573.42,89353.48,99420.59,90928.62,94838.18,108308.92,98599.62,87445.17,88110.17,-99999.0,Low,Unknown,Low,0,0,0,0,0,0,0,0,0,0,0,0,0,0,0,45.0,50.5,41.25,55.0
22.589585,72.423032,1956.49,2067.94,87288.0,83297.98,91879.7,90953.5,94112.59,93986.61,81387.68,78443.02,-99999.0,Low,Unknown,Low,0,0,0,0,0,0,0,0,0,0,0,0,0,0,0,45.0,38.5,31.25,47.0
23.117021,72.458353,365.75,8842.58,9377.47,4600.24,16658.22,9280.34,17063.33,18126.34,15464.92,5734.92,-99999.0,Low,Unknown,Low,0,0,0,0,0,0,0,0,0,0,0,0,0,0,0,45.0,50.5,41.25,55.0
23.071041,72.565048,104.75,727.04,621.03,151.84,563.69,795.54,2653.58,2234.67,1415.62,3511.11,105.43,High,Residential,Low,0,0,2,0,0,0,0,0,0,0,0,4,0,0,2,71.0,86.69,67.81,85.2
22.875774,72.328357,587.42,2422.31,38055.08,36129.17,38478.72,41220.77,42074.02,41793.76,33110.1,34705.18,-99999.0,Low,Unknown,Low,0,0,0,0,0,0,0,0,0,0,0,0,0,0,0,45.0,44.5,36.25,51.0
23.11885,72.755688,238.21,1546.68,12997.23,18555.7,22817.51,16049.2,28589.05,22183.65,8939.16,2255.56,-99999.0,Low,Unknown,Low,0,0,0,0,0,0,0,0,0,0,0,0,0,0,0,45.0,56.5,46.25,59.0
22.504907,72.776991,1305.4,1305.4,103322.68,112691.26,105115.38,109125.96,122989.87,112883.28,101570.79,102397.87,-99999.0,Low,Unknown,Low,0,0,0,0,0,0,0,0,0,0,0,0,0,0,0,45.0,38.5,31.25,47.0
22.737,72.438254,123.6,1477.57,54930.41,50791.74,59359.6,59585.51,61571.55,62187.21,48848.04,47051.18,88.46,Medium,Unknown,Low,0,0,0,0,0,0,0,0,0,0,0,0,0,0,0,62.5,70.5,53.25,87.0
23.071576,72.789774,766.43,1703.32,18834.71,29574.53,28524.35,21725.83,31361.03,27168.51,21023.61,5734.32,-99999.0,Low,Unknown,Low,0,0,0,0,0,0,0,0,0,0,0,0,0,0,0,45.0,44.5,36.25,51.0
22.914915,72.510566,2005.02,2986.47,14572.94,12975.82,21225.48,17957.58,22726.56,20523.18,13242.47,6411.06,-99999.0,Low,Unknown,Low,0,0,0,0,0,0,0,0,0,0,0,0,0,0,0,45.0,38.5,31.25,47.0
23.392094,72.381105,1224.03,3883.73,60880.82,57804.53,58793.86,58785.69,60882.57,73484.19,56123.24,31581.77,-99999.0,Low,Unknown,Low,0,0,0,0,0,0,0,0,0,0,0,0,0,0,0,45.0,38.5,31.25,47.0
22.560401,72.333132,438.15,1654.39,97691.7,93646.84,101049.07,103348.29,103770.01,105648.19,91328.38,91314.87,-99999.0,Low,Unknown,Low,0,0,0,0,0,0,0,0,0,0,0,0,0,0,0,45.0,50.5,41.25,55.0
23.226865,72.213021,316.74,7854.76,62729.48,55807.26,64941.22,63260.7,68937.95,63921.52,65859.37,40393.61,-99999.0,Low,Unknown,Low,0,0,0,0,0,0,0,0,0,0,0,0,0,0,0,45.0,50.5,41.25,55.0
23.186328,72.613832,20.38,1066.63,1346.82,2698.06,1962.04,1333.34,8065.98,19970.69,9564.48,530.6,-99999.0,Low,Residential,Low,0,0,0,0,0,0,0,0,0,0,0,0,0,0,0,49.5,71.98,56.25,63.28
22.531149,72.532198,686.13,2605.15,94313.58,96152.1,97039.07,98978.97,106753.07,103540.87,93698.45,87831.69,-99999.0,Low,Unknown,Low,0,0,0,0,0,0,0,0,0,0,0,0,0,0,0,45.0,44.5,36.25,51.0
22.867588,72.755553,806.7,1915.83,32423.86,39476.6,32529.65,33317.79,46288.27,38820.56,29968.47,25514.03,-99999.0,Low,Unknown,Low,0,0,0,0,0,0,0,0,0,0,0,0,0,0,0,45.0,44.5,36.25,51.0
22.385658,72.222642,978.44,1668.14,141366.21,137503.24,144302.41,146725.47,147232.21,148698.25,135046.3,135840.29,-99999.0,Low,Unknown,Low,0,0,0,0,0,0,0,0,0,0,0,0,0,0,0,45.0,44.5,36.25,51.0
22.626787,72.283045,2876.71,7982.88,87755.18,84144.41,90316.82,92815.79,93386.76,94578.44,81530.52,82992.91,-99999.0,Low,Unknown,Low,0,0,0,0,0,0,0,0,0,0,0,0,0,0,0,45.0,38.5,31.25,47.0
22.640499,72.549293,638.58,638.58,69953.78,72881.99,72734.49,74669.84,82740.62,79387.9,69426.23,63756.0,-99999.0,Low,Unknown,Low,0,0,0,0,0,0,0,0,0,0,0,0,0,0,0,49.0,44.5,36.25,51.0
22.479593,72.686645,1326.2,1355.28,104794.3,112617.49,106976.09,110965.38,122537.76,114764.63,103399.17,103880.6,-99999.0,Low,Unknown,Low,0,0,0,0,0,0,0,0,0,0,0,0,0,0,0,45.0,38.5,31.25,47.0
22.310286,72.439879,4873.38,24461.55,146009.11,144456.87,148962.56,149903.37,155445.81,153831.1,142721.05,138061.42,-99999.0,Low,Unknown,Low,0,0,0,0,0,0,0,0,0,0,0,0,0,0,0,45.0,38.5,31.25,47.0
23.301458,72.64056,37.38,37.38,23713.49,24073.95,22902.72,22927.32,30237.6,45436.74,29927.9,11560.09,-99999.0,Low,Unknown,Low,0,0,0,0,0,0,0,0,0,0,0,0,0,0,0,61.0,62.5,51.25,63.0
23.068297,72.675743,1.26,2752.5,2659.33,12207.65,6268.09,2228.39,9003.88,4470.52,7567.84,2636.43,86.49,Medium,Residential,Low,0,0,0,0,0,0,0,0,0,0,0,0,0,0,0,67.0,81.0,63.25,95.03
22.407483,72.695423,109.42,8642.41,120895.3,128649.91,123078.24,127060.33,138470.27,130866.92,119501.2,119740.48,-99999.0,Low,Unknown,Low,0,0,0,0,0,0,0,0,0,0,0,0,0,0,0,45.0,56.5,46.25,59.0
23.027514,72.545739,73.6,73.6,92.68,411.76,1801.65,1105.49,3834.36,3003.85,3077.85,2495.2,124.92,High,Residential,Low,0,0,0,0,0,0,0,0,0,1,1,6,0,0,0,83.0,86.75,68.38,88.0
23.289187,72.557139,41.52,3853.86,23883.29,19590.04,22403.78,22373.6,24818.2,40768.09,23168.37,22982.21,-99999.0,Low,Unknown,Low,0,0,0,0,0,0,0,0,0,0,0,0,0,0,0,45.0,62.5,51.25,63.0
22.560472,72.638474,1512.37,2837.51,86124.35,93219.0,88467.88,92105.78,102768.78,96179.08,84920.58,83957.53,-99999.0,Low,Unknown,Low,0,0,0,0,0,0,0,0,0,0,0,0,0,0,0,45.0,38.5,31.25,47.0
22.89154,72.247086,3158.21,3158.21,50211.35,49423.57,48955.11,51671.5,52697.99,50985.1,46487.86,47669.74,1.46,Low,Unknown,Low,0,0,0,0,0,0,0,0,0,0,0,0,0,0,0,45.0,38.5,31.25,47.0
22.267107,72.662541,4942.54,14446.65,151374.72,158388.17,153683.85,157379.55,167620.34,161418.67,150125.4,148671.6,-99999.0,Low,Unknown,Low,0,0,0,0,0,0,0,0,0,0,0,0,0,0,0,45.0,38.5,31.25,47.0
22.617516,72.690285,1716.91,7856.67,74727.91,83218.48,76798.76,80903.48,93677.06,84606.18,73218.44,74274.63,-99999.0,Low,Unknown,Low,0,0,0,0,0,0,0,0,0,0,0,0,0,0,0,45.0,38.5,31.25,47.0
22.699826,72.720699,363.22,4691.37,58735.76,68536.81,60467.63,64463.94,78341.66,68223.24,56934.01,57733.27,-99999.0,Low,Unknown,Low,0,0,0,0,0,0,0,0,0,0,0,0,0,0,0,45.0,50.5,41.25,55.0
23.243744,72.336031,29.9,3051.57,42881.75,39651.98,48738.1,46161.66,50224.98,51708.14,42849.08,15547.94,-99999.0,Low,Unknown,Low,0,0,0,0,0,0,0,0,0,0,0,0,0,0,0,45.0,62.5,51.25,63.0
22.983335,72.561381,24.46,700.05,3920.0,2419.02,4722.81,2617.05,9705.23,4974.92,6780.19,1325.7,61.21,Medium,Industrial,Low,0,0,0,0,0,0,0,0,0,0,0,0,0,0,0,60.5,72.0,62.75,80.0
22.213721,72.666451,5279.59,5279.59,163294.43,170291.66,165601.6,169299.51,179484.53,173337.75,162042.51,160525.54,-99999.0,Low,Unknown,Low,0,0,0,0,0,0,0,0,0,0,0,0,0,0,0,45.0,38.5,31.25,47.0
22.658984,72.38287,611.59,3907.27,74114.97,69970.95,77732.13,79616.44,80306.72,82309.45,67744.08,67414.94,1.85,Low,Unknown,Low,0,0,0,0,0,0,0,0,0,0,0,0,0,0,0,45.0,44.5,36.25,51.0
22.249419,72.523958,19639.3,19639.3,156266.38,158146.55,158858.87,161344.24,169137.62,165954.22,155433.6,150238.08,-99999.0,Low,Unknown,Low,0,0,0,0,0,0,0,0,0,0,0,0,0,0,0,45.0,38.5,31.25,47.0
22.379496,72.501441,361.93,4984.83,128429.48,129089.42,131154.77,132951.89,140228.63,137321.3,127593.5,121561.98,-99999.0,Low,Unknown,Low,0,0,0,0,0,0,0,0,0,0,0,0,0,0,0,45.0,50.5,41.25,55.0
22.464957,72.230312,4505.39,7460.06,124575.72,120818.74,127329.81,129794.29,130334.14,131649.86,118292.01,119698.44,-99999.0,Low,Unknown,Low,0,0,0,0,0,0,0,0,0,0,0,0,0,0,0,45.0,38.5,31.25,47.0
23.077894,72.43573,655.14,10219.28,9587.3,5319.09,11021.67,10581.32,15026.43,10721.07,12087.55,5954.7,-99999.0,Low,Unknown,Low,0,0,0,0,0,0,0,0,0,0,0,0,0,0,0,45.0,44.5,36.25,51.0
22.734739,72.557079,1041.38,4494.74,49315.31,53182.66,52280.67,53866.21,62152.84,58679.47,49072.7,43147.72,-99999.0,Low,Unknown,Low,0,0,0,0,0,0,0,0,0,0,0,0,0,0,0,45.0,38.5,31.25,47.0
22.805675,72.333251,449.6,1910.72,48707.83,45695.56,50516.0,53129.98,53811.17,54508.38,42830.65,44437.42,-99999.0,Low,Unknown,Low,0,0,0,0,0,0,0,0,0,0,0,0,0,0,0,45.0,50.5,41.25,55.0
22.54774,72.436593,1758.3,3818.53,95964.86,92159.43,99478.7,98890.96,103079.54,102269.76,90348.65,86599.57,-99999.0,Low,Unknown,Low,0,0,0,0,0,0,0,0,0,0,0,0,0,0,0,45.0,38.5,31.25,47.0
22.358627,72.249527,156.58,156.58,145182.2,141191.55,148368.7,150725.92,151184.01,152873.96,138829.42,138762.07,-99999.0,Low,Unknown,Low,0,0,0,0,0,0,0,0,0,0,0,0,0,0,0,57.0,56.5,46.25,59.0
22.885729,72.229587,690.38,3717.12,53950.68,53176.35,52635.05,55344.05,56377.15,54584.91,50240.01,51421.94,-99999.0,Low,Unknown,Low,0,0,0,0,0,0,0,0,0,0,0,0,0,0,0,45.0,44.5,36.25,51.0
22.67903,72.251047,2049.49,2049.49,80999.26,77829.85,82843.02,85467.9,86154.39,86752.17,75025.34,76598.37,-99999.0,Low,Unknown,Low,0,0,0,0,0,0,0,0,0,0,0,0,0,0,0,45.0,38.5,31.25,47.0
22.802188,72.664295,1158.08,6469.74,33778.1,43206.19,35753.96,39846.3,54170.8,43563.36,32176.23,33202.79,-99999.0,Low,Unknown,Low,0,0,0,0,0,0,0,0,0,0,0,0,0,0,0,45.0,38.5,31.25,47.0
22.35645,72.280922,536.65,6230.29,143810.62,139717.47,147212.22,149240.25,149920.12,151807.54,137442.74,136654.77,-99999.0,Low,Unknown,Low,0,0,0,0,0,0,0,0,0,0,0,0,0,0,0,45.0,44.5,36.25,51.0
22.871155,72.492717,2344.33,2344.33,24087.59,20965.24,30875.54,28181.05,32166.74,30764.81,19931.03,15946.26,-99999.0,Low,Unknown,Low,0,0,0,0,0,0,0,0,0,0,0,0,0,0,0,45.0,38.5,31.25,47.0
22.982698,72.31766,2736.71,3844.79,30615.45,31024.74,28140.11,30553.23,31676.77,28698.32,30291.98,29274.74,-99999.0,Low,Unknown,Low,0,0,0,0,0,0,0,0,0,0,0,0,0,0,0,45.0,38.5,31.25,47.0
22.939196,72.641401,187.62,505.27,4375.09,14999.83,5376.96,9402.46,23805.78,13145.16,1986.0,2797.39,5.96,Low,Unknown,Low,0,0,0,0,0,0,0,0,0,0,0,0,0,0,0,49.0,56.5,54.29,59.0
22.495495,72.242986,1556.52,7228.3,117385.29,113635.66,120136.01,122600.07,123140.1,124459.13,111103.96,112513.46,-99999.0,Low,Unknown,Low,0,0,0,0,0,0,0,0,0,0,0,0,0,0,0,45.0,38.5,31.25,47.0
23.132126,72.394047,495.24,3771.9,22335.9,14133.77,25378.33,21567.67,29436.71,24838.92,25861.83,18922.24,-99999.0,Low,Unknown,Low,0,0,0,0,0,0,0,0,0,0,0,0,0,0,0,45.0,50.5,41.25,55.0
23.308966,72.253757,535.5,1457.07,64529.62,60952.9,69250.37,67685.44,70585.08,72146.7,63547.74,34496.03,-99999.0,Low,Unknown,Low,0,0,0,0,0,0,0,0,0,0,0,0,0,0,0,45.0,44.5,36.25,51.0
23.006097,72.454124,143.42,3971.84,3884.76,6795.62,390.83,3071.33,4006.65,5394.55,10509.82,2574.91,76.55,Medium,Residential,Low,1,1,1,0,1,1,0,0,0,0,0,0,1,1,1,69.0,88.33,58.25,92.0
22.617969,72.392443,626.24,3712.73,82481.75,78231.77,86309.72,87341.89,88766.97,89942.1,76119.34,74723.8,5.22,Low,Unknown,Low,0,0,0,0,0,0,0,0,0,0,0,0,0,0,0,45.0,44.5,36.25,51.0
22.912653,72.214524,714.84,2696.97,54693.03,54481.64,52676.73,55300.7,56381.45,54041.61,51654.29,52599.83,3.93,Low,Unknown,Low,0,0,0,0,0,0,0,0,0,0,0,0,0,0,0,45.0,44.5,36.25,51.0
22.565783,72.792591,882.18,6126.34,91711.93,101664.21,93325.82,97254.94,110798.13,101017.51,89829.65,90523.25,-99999.0,Low,Unknown,Low,0,0,0,0,0,0,0,0,0,0,0,0,0,0,0,45.0,44.5,36.25,51.0
22.939465,72.794096,502.89,8491.18,21767.48,35554.85,33201.76,28736.22,39751.31,36454.66,28277.43,15420.25,-99999.0,Low,Unknown,Low,0,0,0,0,0,0,0,0,0,0,0,0,0,0,0,45.0,44.5,36.25,51.0
22.730652,72.287491,1199.05,1199.05,67492.48,64341.55,69369.52,71984.55,72662.76,73327.69,61527.43,63105.58,-99999.0,Low,Unknown,Low,0,0,0,0,0,0,0,0,0,0,0,0,0,0,0,45.0,38.5,31.25,47.0
22.253853,72.690903,6701.49,15537.71,154766.61,162127.54,157009.6,160856.43,171594.24,164777.87,153438.93,152703.38,-99999.0,Low,Unknown,Low,0,0,0,0,0,0,0,0,0,0,0,0,0,0,0,45.0,38.5,31.25,47.0
22.439622,72.424292,2103.89,2482.61,119365.25,116133.76,122591.41,122579.12,127037.55,126129.93,114306.41,110419.63,-99999.0,Low,Unknown,Low,0,0,0,0,0,0,0,0,0,0,0,0,0,0,0,45.0,38.5,31.25,47.0
23.109281,72.711658,753.14,1300.45,9388.85,12077.5,13759.71,7342.94,20201.2,13314.13,4070.66,1244.29,-99999.0,Low,Unknown,Low,0,0,0,0,0,0,0,0,0,0,0,0,0,0,0,45.0,44.5,38.73,51.0
22.334846,72.232723,108.21,108.21,151234.43,147270.4,154361.73,156736.0,157206.03,158839.19,144887.49,144965.23,-99999.0,Low,Unknown,Low,0,0,0,0,0,0,0,0,0,0,0,0,0,0,0,57.0,56.5,46.25,59.0
23.338729,72.756038,140.96,4790.77,35186.76,38910.56,39812.11,39715.66,50747.64,60579.05,40920.53,17710.04,-99999.0,Low,Unknown,Low,0,0,0,0,0,0,0,0,0,0,0,0,0,0,0,45.0,56.5,46.25,59.0
23.242503,72.69208,292.98,960.16,13426.55,14356.76,15737.63,15606.41,27596.55,36853.35,20841.93,1209.55,-99999.0,Low,Unknown,Low,0,0,0,0,0,0,0,0,0,0,0,0,0,0,0,49.0,56.5,46.25,59.0
22.21648,72.616277,123.7,4777.75,162382.53,167736.51,164796.71,168221.18,177481.25,172452.62,161269.65,158476.9,-99999.0,Low,Unknown,Low,0,0,0,0,0,0,0,0,0,0,0,0,0,0,0,45.0,56.5,46.25,59.0
22.333534,72.470037,1909.98,17006.28,139632.06,139147.21,142469.75,143843.29,150216.85,147989.32,137520.37,132211.73,-99999.0,Low,Unknown,Low,0,0,0,0,0,0,0,0,0,0,0,0,0,0,0,45.0,38.5,31.25,47.0
22.227298,72.325406,11488.46,25878.72,169611.71,165432.51,173565.91,173223.47,176030.73,176415.42,163369.2,160831.15,-99999.0,Low,Unknown,Low,0,0,0,0,0,0,0,0,0,0,0,0,0,0,0,45.0,38.5,31.25,47.0
22.845607,72.322281,34.35,1547.31,43428.42,41055.41,44372.84,47083.14,47878.81,47937.56,38064.45,39745.0,14.93,Low,Unknown,Low,0,0,0,0,0,0,0,0,0,0,0,0,0,0,0,50.0,66.5,53.25,71.0
22.827919,72.355195,70.72,120.14,42173.9,39113.03,44136.47,46719.86,47374.13,48240.51,36257.94,37858.52,93.12,Medium,Unknown,Low,0,0,0,0,0,0,0,0,0,0,0,0,0,0,0,74.5,76.5,58.25,91.0
22.779632,72.637954,687.6,687.6,37843.48,45897.1,40137.43,43955.17,56486.57,47873.41,36584.21,37854.33,-99999.0,Low,Unknown,Low,0,0,0,0,0,0,0,0,0,0,0,0,0,0,0,49.0,44.5,36.25,51.0
22.369617,72.619253,592.52,1987.35,128337.35,134468.96,130747.78,134192.38,143748.48,138406.96,127220.4,124758.79,-99999.0,Low,Unknown,Low,0,0,0,0,0,0,0,0,0,0,0,0,0,0,0,45.0,44.5,36.25,51.0
22.222066,72.549803,11561.95,11561.95,161752.76,164639.27,164294.68,167215.65,175298.52,171792.77,160832.59,156343.9,-99999.0,Low,Unknown,Low,0,0,0,0,0,0,0,0,0,0,0,0,0,0,0,45.0,38.5,31.25,47.0
22.996234,72.226089,1608.42,4566.76,47714.47,47683.11,46102.03,48291.7,49424.31,45776.47,48969.15,47314.75,-99999.0,Low,Unknown,Low,0,0,0,0,0,0,0,0,0,0,0,0,0,0,0,45.0,38.5,31.25,47.0
22.404384,72.370408,4193.67,15040.99,129406.09,125274.23,133540.44,133082.96,135938.09,136201.24,123251.59,120638.4,-99999.0,Low,Unknown,Low,0,0,0,0,0,0,0,0,0,0,0,0,0,0,0,45.0,38.5,31.25,47.0
23.147026,72.570779,602.61,3111.8,4589.09,4577.66,6787.38,3616.76,6459.13,9742.49,3674.94,1530.12,-99999.0,Low,Unknown,Low,0,0,0,0,0,0,0,0,0,0,0,0,0,0,0,45.0,44.5,39.78,51.0
22.263702,72.592855,10225.17,14580.58,151967.56,156571.86,154432.45,157715.45,166560.57,162036.53,150927.49,147557.45,-99999.0,Low,Unknown,Low,0,0,0,0,0,0,0,0,0,0,0,0,0,0,0,45.0,38.5,31.25,47.0
22.210001,72.433187,26166.46,32407.56,167997.4,166729.77,170868.72,172057.97,177712.01,176056.24,164985.66,160282.33,-99999.0,Low,Unknown,Low,0,0,0,0,0,0,0,0,0,0,0,0,0,0,0,45.0,38.5,31.25,47.0
22.525572,72.71125,808.28,808.28,95521.67,103955.41,97575.7,101674.86,114287.18,105384.55,93995.93,95030.28,-99999.0,Low,Unknown,Low,0,0,0,0,0,0,0,0,0,0,0,0,0,0,0,49.0,44.5,36.25,51.0
22.99212,72.718569,81.05,3141.19,4592.77,17122.46,18620.45,10716.45,20524.85,18824.38,10054.17,3488.26,-99999.0,Low,Unknown,Low,0,0,0,0,0,0,0,0,0,0,0,0,0,0,0,45.0,62.5,51.25,63.0
22.222894,72.720446,7905.07,11619.45,162307.65,169970.48,164487.32,168467.87,179629.53,172277.69,160909.71,160801.93,-99999.0,Low,Unknown,Low,0,0,0,0,0,0,0,0,0,0,0,0,0,0,0,45.0,38.5,31.25,47.0
22.979293,72.338701,1395.81,1395.81,27003.7,27589.23,24175.97,26671.24,27783.24,25119.06,25984.06,25161.63,2.38,Low,Unknown,Low,0,0,0,0,0,0,0,0,0,0,0,0,0,0,0,45.0,38.5,31.25,47.0
22.656841,72.785967,304.34,2966.39,72783.22,83327.97,74192.54,78011.15,91205.49,81765.35,70770.7,71316.19,-99999.0,Low,Unknown,Low,0,0,0,0,0,0,0,0,0,0,0,0,0,0,0,45.0,50.5,41.25,55.0
22.319524,72.389274,7692.05,27702.97,146832.34,143280.88,150019.69,150072.77,154089.01,153569.01,141367.67,137878.43,-99999.0,Low,Unknown,Low,0,0,0,0,0,0,0,0,0,0,0,0,0,0,0,45.0,38.5,31.25,47.0
23.240127,72.518936,116.35,3374.94,17914.6,15398.92,15849.35,15838.23,17916.5,31735.05,14173.92,12417.89,-99999.0,Low,Unknown,Low,0,0,0,0,0,0,0,0,0,0,0,0,0,0,0,45.0,56.5,46.25,59.0
22.423701,72.50039,2894.87,3542.72,118842.32,119307.22,121626.9,123252.24,130448.68,127574.44,117817.88,111810.37,-99999.0,Low,Unknown,Low,0,0,0,0,0,0,0,0,0,0,0,0,0,0,0,45.0,38.5,31.25,47.0
22.749584,72.75581,1356.76,7963.05,51852.75,62098.67,53093.9,56816.96,69832.68,60563.64,49744.39,50170.08,-99999.0,Low,Unknown,Low,0,0,0,0,0,0,0,0,0,0,0,0,0,0,0,45.0,38.5,31.25,47.0
22.225786,72.348435,16232.86,30355.42,169045.92,164978.69,172375.65,172265.28,175673.7,175629.26,162979.9,159982.3,-99999.0,Low,Unknown,Low,0,0,0,0,0,0,0,0,0,0,0,0,0,0,0,45.0,38.5,31.25,47.0
22.835298,72.400142,3.35,315.13,36301.15,32647.2,39274.56,41638.68,42123.78,43837.69,30038.92,31492.49,23.04,Low,Unknown,Low,0,0,0,0,0,0,0,0,0,0,0,0,0,0,0,58.0,66.5,53.25,71.0
22.67208,72.294203,309.23,309.23,77860.0,74345.72,80286.63,82809.96,83402.58,84498.29,71681.17,73173.61,-99999.0,Low,Unknown,Low,0,0,0,0,0,0,0,0,0,0,0,0,0,0,0,53.0,50.5,41.25,55.0
22.616136,72.411148,103.95,103.95,82041.77,77886.43,86254.54,86351.85,88585.6,89079.55,75883.79,73687.07,2.61,Low,Unknown,Low,0,0,0,0,0,0,0,0,0,0,0,0,0,0,0,57.0,56.5,46.25,59.0
22.950277,72.341723,162.25,4588.3,27750.31,27761.63,25995.79,28694.73,29735.23,28033.8,25059.78,25809.08,3.76,Low,Unknown,Low,0,0,0,0,0,0,0,0,0,0,0,0,0,0,0,45.0,56.5,46.25,59.0
23.373893,72.500751,209.02,10538.22,45438.4,40779.75,43068.33,43072.94,45451.54,60673.31,43347.29,31879.67,-99999.0,Low,Unknown,Low,0,0,0,0,0,0,0,0,0,0,0,0,0,0,0,45.0,56.5,46.25,59.0
23.174271,72.575475,3.46,177.19,470.46,1886.68,2872.54,1322.65,458.59,15715.83,2811.32,968.21,-99999.0,Low,Residential,Low,0,0,0,0,0,0,0,0,0,0,1,1,0,0,0,61.5,67.61,62.09,64.4
23.254413,72.734241,552.91,1918.5,16941.88,21360.46,24191.53,24038.85,36271.93,41843.67,22230.37,8025.69,-99999.0,Low,Unknown,Low,0,0,0,0,0,0,0,0,0,0,0,0,0,0,0,45.0,44.5,36.25,51.0
23.17783,72.21768,495.28,1370.68,57895.41,50402.35,57807.2,57956.0,61670.54,56636.5,60954.8,42114.16,-99999.0,Low,Unknown,Low,0,0,0,0,0,0,0,0,0,0,0,0,0,0,0,45.0,50.5,41.25,55.0
22.865927,72.368116,642.68,1209.46,33933.82,31197.47,35571.82,38193.07,38887.35,39584.63,28254.56,29906.3,4.65,Low,Unknown,Low,0,0,0,0,0,0,0,0,0,0,0,0,0,0,0,45.0,44.5,36.25,51.0
22.38205,72.738305,1392.24,1392.24,127862.03,136161.12,129919.65,134018.03,146313.3,137728.57,126339.94,127369.59,-99999.0,Low,Unknown,Low,0,0,0,0,0,0,0,0,0,0,0,0,0,0,0,45.0,38.5,31.25,47.0
22.988318,72.252677,610.08,7854.13,42807.35,42910.23,40909.04,43180.73,44313.12,40867.28,43414.77,42243.63,7.07,Low,Unknown,Low,0,0,0,0,0,0,0,0,0,0,0,0,0,0,0,45.0,44.5,36.25,51.0
22.658649,72.776363,94.62,1842.51,71549.24,81970.11,73014.31,76870.43,90185.4,80626.0,69569.55,70158.13,-99999.0,Low,Unknown,Low,0,0,0,0,0,0,0,0,0,0,0,0,0,0,0,45.0,62.5,51.25,63.0
22.934938,72.575315,91.0,1722.54,7024.15,9852.81,11850.43,9827.91,20167.55,15194.81,12149.73,4512.51,51.85,Medium,Unknown,Low,0,0,0,0,0,0,0,0,0,0,0,0,0,0,0,55.0,70.5,55.25,79.0
22.472914,72.344216,414.55,737.12,115753.72,111558.22,119406.75,120706.99,121974.18,123316.25,109384.06,108010.31,-99999.0,Low,Unknown,Low,0,0,0,0,0,0,0,0,0,0,0,0,0,0,0,49.0,50.5,41.25,55.0
22.383299,72.782322,509.93,3002.74,129595.89,138472.68,131507.18,135561.26,148979.88,139304.88,127941.21,128855.04,-99999.0,Low,Unknown,Low,0,0,0,0,0,0,0,0,0,0,0,0,0,0,0,45.0,44.5,36.25,51.0
23.291682,72.397571,324.65,2385.97,42565.09,41670.95,41917.14,41890.44,43599.25,53845.86,37438.3,9727.76,-99999.0,Low,Unknown,Low,0,0,0,0,0,0,0,0,0,0,0,0,0,0,0,45.0,50.5,41.25,55.0
22.850681,72.324054,48.39,771.63,42389.76,40072.46,43272.28,45986.98,46789.56,46810.6,37075.31,38759.52,20.72,Low,Unknown,Low,0,0,0,0,0,0,0,0,0,0,0,0,0,0,0,54.0,66.5,53.25,71.0
22.366292,72.524812,1413.71,5519.11,130554.87,132298.69,133177.96,135454.5,143210.57,140030.45,129780.38,124311.27,-99999.0,Low,Unknown,Low,0,0,0,0,0,0,0,0,0,0,0,0,0,0,0,45.0,38.5,31.25,47.0
23.160126,72.717553,127.56,2572.73,5830.73,9968.41,19049.99,9850.41,28923.49,22030.64,3141.75,7920.53,-99999.0,Low,Unknown,Low,0,0,0,0,0,0,0,0,0,0,0,0,0,0,0,45.0,56.5,51.21,59.0
22.570798,72.623082,119.36,119.36,83782.54,90539.04,86186.98,89671.66,99887.25,93850.97,82660.12,81006.92,-99999.0,Low,Unknown,Low,0,0,0,0,0,0,0,0,0,0,0,0,0,0,0,57.0,56.5,46.25,59.0
22.828567,72.281151,78.25,10660.89,52023.75,49885.17,52527.18,55271.14,56126.41,55768.18,46876.52,48557.9,3.92,Low,Unknown,Low,0,0,0,0,0,0,0,0,0,0,0,0,0,0,0,45.0,62.5,51.25,63.0
23.394823,72.785466,595.28,5611.59,47997.68,52464.04,53111.93,53026.35,63654.7,74089.69,53961.74,31089.95,-99999.0,Low,Unknown,Low,0,0,0,0,0,0,0,0,0,0,0,0,0,0,0,45.0,44.5,36.25,51.0
22.374183,72.759818,1087.52,2311.68,130473.77,139031.62,132467.02,136547.78,149340.81,140275.2,128891.35,129869.42,-99999.0,Low,Unknown,Low,0,0,0,0,0,0,0,0,0,0,0,0,0,0,0,45.0,38.5,31.25,47.0
23.300535,72.390498,815.85,3958.97,44935.59,44028.56,44151.98,44126.48,45864.82,56224.39,39772.94,12028.3,-99999.0,Low,Unknown,Low,0,0,0,0,0,0,0,0,0,0,0,0,0,0,0,45.0,44.5,36.25,51.0
22.868808,72.769161,249.69,4294.75,33056.75,41036.47,34546.39,34701.14,47567.7,40566.74,32132.37,25898.32,-99999.0,Low,Unknown,Low,0,0,0,0,0,0,0,0,0,0,0,0,0,0,0,45.0,56.5,46.25,59.0
22.342065,72.390559,7857.33,23597.35,142006.1,138300.12,145222.07,145175.3,149102.47,148635.06,136381.99,132953.87,-99999.0,Low,Unknown,Low,0,0,0,0,0,0,0,0,0,0,0,0,0,0,0,45.0,38.5,31.25,47.0
23.255566,72.636248,126.64,344.63,13728.2,14048.2,12876.9,12903.63,21173.04,35674.95,21329.43,8696.8,-99999.0,Low,Unknown,Low,0,0,0,0,0,0,0,0,0,0,0,0,0,0,0,53.0,56.5,46.25,59.0
23.118522,72.728079,94.4,2490.93,13088.01,13504.71,17624.5,10907.66,24038.12,17203.52,4931.61,617.62,-99999.0,Low,Unknown,Low,0,0,0,0,0,0,0,0,0,0,0,0,0,0,0,45.0,62.5,51.43,63.0
22.696848,72.446751,165.55,2587.58,63223.07,59309.41,68107.51,67185.21,70213.17,69983.78,57482.31,54534.91,4.46,Low,Unknown,Low,0,0,0,0,0,0,0,0,0,0,0,0,0,0,0,45.0,56.5,46.25,59.0
22.731605,72.760261,747.0,4567.29,55735.67,66109.74,57031.15,60787.25,73872.37,64537.28,53656.65,54122.13,-99999.0,Low,Unknown,Low,0,0,0,0,0,0,0,0,0,0,0,0,0,0,0,45.0,44.5,36.25,51.0
23.272956,72.75995,306.28,583.55,20969.73,27874.79,30730.14,30580.93,42758.0,47671.2,26918.43,11845.37,-99999.0,Low,Unknown,Low,0,0,0,0,0,0,0,0,0,0,0,0,0,0,0,49.0,50.5,41.25,55.0
22.528555,72.667465,913.49,5116.73,93574.15,101196.22,95808.96,99691.84,111038.48,103578.87,92238.27,92354.4,-99999.0,Low,Unknown,Low,0,0,0,0,0,0,0,0,0,0,0,0,0,0,0,45.0,44.5,36.25,51.0
22.328126,72.310848,7926.36,13318.22,148412.15,144208.61,152053.76,152967.1,154632.67,155785.63,142042.73,140370.51,-99999.0,Low,Unknown,Low,0,0,0,0,0,0,0,0,0,0,0,0,0,0,0,45.0,38.5,31.25,47.0
23.114937,72.567189,13.36,3066.03,1773.39,2453.36,5462.44,2562.8,6441.44,2812.89,3782.34,2792.44,91.3,Medium,Unknown,Low,1,1,1,0,0,0,0,0,0,0,0,0,1,1,1,64.5,76.5,61.5,87.5
22.520235,72.540226,754.83,4650.02,96431.59,98749.64,99081.52,101265.5,109189.06,105922.08,95713.63,90240.67,-99999.0,Low,Unknown,Low,0,0,0,0,0,0,0,0,0,0,0,0,0,0,0,45.0,44.5,36.25,51.0
22.477094,72.33931,370.6,2012.44,115082.72,110908.8,118688.51,120184.11,121282.21,122782.5,108712.09,107519.48,-99999.0,Low,Unknown,Low,0,0,0,0,0,0,0,0,0,0,0,0,0,0,0,45.0,50.5,41.25,55.0
23.024853,72.415557,26.96,6788.37,9037.54,9249.23,8676.01,10076.44,11175.87,7098.19,15873.58,8895.57,36.14,Low,Unknown,Low,0,0,0,0,0,0,0,0,0,0,0,0,0,0,0,50.0,66.5,53.25,71.0
23.02577,72.485961,66.97,1726.08,1757.61,3992.37,665.21,1828.08,3730.8,460.73,5707.99,985.45,80.83,Medium,Unknown,Low,0,0,0,0,0,0,0,0,0,0,0,0,0,0,0,66.12,87.71,72.74,87.45
22.80279,72.562827,179.33,3169.69,34560.04,38872.81,37773.32,38867.96,47426.51,43805.4,34732.62,28467.2,-99999.0,Low,Unknown,Low,0,0,0,0,0,0,0,0,0,0,0,0,0,0,0,45.0,56.5,46.25,59.0
23.054423,72.424376,79.47,10822.77,8572.83,7213.73,8400.91,9675.82,12364.92,7360.53,12972.97,6384.03,3.41,Low,Unknown,Low,0,0,0,0,0,0,0,0,0,0,0,0,0,0,0,45.0,62.5,51.25,63.0
23.222555,72.494867,48.05,2579.57,19048.69,17552.67,17519.51,17485.66,19044.69,30261.46,13010.22,6369.86,-99999.0,Low,Unknown,Low,0,0,0,0,0,0,0,0,0,0,0,0,0,0,0,45.0,62.5,51.25,63.0
22.365015,72.315956,7342.67,13033.64,140235.34,136043.26,143857.1,144966.09,146446.1,147710.96,133865.29,132333.87,0.78,Low,Unknown,Low,0,0,0,0,0,0,0,0,0,0,0,0,0,0,0,45.0,38.5,31.25,47.0
22.238675,72.658723,7701.39,10178.39,157653.43,164582.37,159974.95,163639.46,173739.57,167702.31,156419.29,154775.38,-99999.0,Low,Unknown,Low,0,0,0,0,0,0,0,0,0,0,0,0,0,0,0,45.0,38.5,31.25,47.0
22.218017,72.361915,19268.72,33585.42,169966.07,166286.33,173123.31,173242.02,177037.86,176718.68,164328.93,161037.09,-99999.0,Low,Unknown,Low,0,0,0,0,0,0,0,0,0,0,0,0,0,0,0,45.0,38.5,31.25,47.0
22.695653,72.64542,1462.11,1462.11,56402.72,64158.07,58679.21,62500.59,74348.75,66427.53,55118.21,56039.27,-99999.0,Low,Unknown,Low,0,0,0,0,0,0,0,0,0,0,0,0,0,0,0,45.0,38.5,31.25,47.0
23.385892,72.654666,854.32,6293.79,42192.45,42334.03,41447.09,41464.45,48295.26,63882.41,47668.21,25592.0,-99999.0,Low,Unknown,Low,0,0,0,0,0,0,0,0,0,0,0,0,0,0,0,45.0,44.5,36.25,51.0
22.279364,72.756262,1580.54,21744.98,151021.19,159238.41,153084.82,157183.92,169289.45,160893.57,149504.99,150536.02,-99999.0,Low,Unknown,Low,0,0,0,0,0,0,0,0,0,0,0,0,0,0,0,45.0,38.5,31.25,47.0
23.382753,72.720277,576.8,15378.08,44061.6,45098.49,44268.72,44223.84,53562.31,67763.98,50216.98,23736.04,-99999.0,Low,Unknown,Low,0,0,0,0,0,0,0,0,0,0,0,0,0,0,0,45.0,44.5,36.25,51.0
22.787931,72.394937,139.39,139.39,46321.26,42441.67,49565.15,51870.13,52308.75,54190.68,39985.87,41340.87,-99999.0,Low,Unknown,Low,0,0,0,0,0,0,0,0,0,0,0,0,0,0,0,57.0,56.5,46.25,59.0
22.749054,72.34807,251.51,6974.7,57876.69,54282.0,60538.73,63001.96,63549.96,64900.62,51652.82,53123.55,4.5,Low,Unknown,Low,0,0,0,0,0,0,0,0,0,0,0,0,0,0,0,45.0,56.5,46.25,59.0
22.68584,72.225096,1954.19,1954.19,82823.03,79877.78,84305.52,86978.37,87718.28,88011.44,77005.78,78617.73,-99999.0,Low,Unknown,Low,0,0,0,0,0,0,0,0,0,0,0,0,0,0,0,45.0,38.5,31.25,47.0
23.082398,72.428225,284.03,12002.83,11337.61,5828.16,12572.45,12028.35,16619.75,12134.33,13884.14,7735.63,-99999.0,Low,Unknown,Low,0,0,0,0,0,0,0,0,0,0,0,0,0,0,0,45.0,56.5,46.25,59.0
22.575477,72.566903,341.49,8228.19,83532.96,87656.3,86136.37,88869.86,97286.23,93456.46,82727.02,78282.57,-99999.0,Low,Unknown,Low,0,0,0,0,0,0,0,0,0,0,0,0,0,0,0,45.0,50.5,41.25,55.0
23.090961,72.556283,55.42,5214.19,779.29,3881.38,1914.58,2182.02,2019.27,3762.67,1277.16,1475.75,84.15,Medium,Residential,Low,0,0,0,0,0,0,0,0,0,0,0,1,0,0,0,67.0,86.21,73.18,89.66
22.830277,72.72547,466.22,5961.16,33642.88,43325.66,34615.49,38059.62,51001.8,41914.04,31403.38,31637.88,-99999.0,Low,Unknown,Low,0,0,0,0,0,0,0,0,0,0,0,0,0,0,0,45.0,50.5,41.25,55.0
23.144304,72.512389,13.57,3427.5,4994.5,6963.73,7265.25,7574.31,13315.88,14825.41,7520.59,879.78,12.59,Low,Unknown,Low,0,0,0,0,0,0,0,0,0,0,0,0,0,0,0,50.0,66.5,53.25,71.0
22.741932,72.696206,654.29,689.49,48330.61,57990.91,50147.1,54182.32,68239.01,57932.37,46592.94,47467.89,-99999.0,Low,Unknown,Low,0,0,0,0,0,0,0,0,0,0,0,0,0,0,0,49.0,44.5,36.25,51.0
22.250899,72.797502,2004.53,18394.11,159004.17,167601.01,160972.4,165044.2,177884.47,168778.09,157399.46,158353.97,-99999.0,Low,Unknown,Low,0,0,0,0,0,0,0,0,0,0,0,0,0,0,0,45.0,38.5,31.25,47.0
22.822443,72.437367,684.25,2668.59,36697.33,32471.5,40682.12,42432.85,43010.74,45218.44,30337.25,30921.96,3.41,Low,Unknown,Low,0,0,0,0,0,0,0,0,0,0,0,0,0,0,0,45.0,44.5,36.25,51.0
23.082204,72.534621,57.2,1478.97,722.05,807.81,4430.73,2109.14,1238.56,6072.81,1101.72,881.1,112.93,High,Unknown,Low,0,0,0,0,0,0,0,0,0,0,0,1,0,0,0,62.5,76.5,68.65,86.28
22.819352,72.578389,686.48,686.48,30220.26,35207.7,33252.98,35185.7,44419.06,39872.4,30128.36,25718.71,-99999.0,Low,Unknown,Low,0,0,0,0,0,0,0,0,0,0,0,0,0,0,0,49.0,44.5,36.25,51.0
22.259155,72.374708,18466.54,31467.52,160480.6,156908.62,163642.31,163763.17,167688.34,167260.48,154972.79,151571.76,-99999.0,Low,Unknown,Low,0,0,0,0,0,0,0,0,0,0,0,0,0,0,0,45.0,38.5,31.25,47.0
22.677648,72.382732,1688.63,2468.93,70155.52,66045.96,73713.09,75862.97,76318.11,78410.11,63785.37,63829.04,-99999.0,Low,Unknown,Low,0,0,0,0,0,0,0,0,0,0,0,0,0,0,0,45.0,38.5,31.25,47.0
23.193145,72.476808,94.38,9362.64,16347.94,15813.34,19428.04,19300.27,20147.91,27302.2,12589.08,177.47,-99999.0,Low,Unknown,High,0,0,0,0,0,0,0,0,0,0,0,0,0,0,0,37.0,54.5,47.25,51.0
22.706955,72.567881,1063.78,1063.78,54882.67,59676.65,57619.15,59890.68,68458.7,64630.76,54306.45,49461.9,-99999.0,Low,Unknown,Low,0,0,0,0,0,0,0,0,0,0,0,0,0,0,0,45.0,38.5,31.25,47.0
22.265456,72.510182,17695.85,24180.46,153118.28,154427.04,155737.94,157974.47,165570.49,162480.72,152335.81,146741.1,-99999.0,Low,Unknown,Low,0,0,0,0,0,0,0,0,0,0,0,0,0,0,0,45.0,38.5,31.25,47.0
22.370688,72.697936,655.42,719.92,129072.0,136768.74,131261.44,135228.1,146526.97,139048.41,127684.87,127760.28,-99999.0,Low,Unknown,Low,0,0,0,0,0,0,0,0,0,0,0,0,0,0,0,49.0,44.5,36.25,51.0
22.742038,72.633588,717.48,2751.07,46053.67,53655.53,48396.44,52084.14,63894.72,56104.99,44854.44,45718.49,-99999.0,Low,Unknown,Low,0,0,0,0,0,0,0,0,0,0,0,0,0,0,0,45.0,44.5,36.25,51.0
22.335806,72.667239,369.6,2610.96,136184.68,143363.71,138471.07,142223.87,152751.98,146218.37,134908.09,133845.69,-99999.0,Low,Unknown,Low,0,0,0,0,0,0,0,0,0,0,0,0,0,0,0,45.0,50.5,41.25,55.0
23.325411,72.617668,518.99,4670.03,28946.42,27575.74,28182.19,28242.66,33537.27,49462.57,32747.16,18493.1,-99999.0,Low,Unknown,Low,0,0,0,0,0,0,0,0,0,0,0,0,0,0,0,45.0,44.5,36.25,51.0
22.362368,72.448136,2980.36,13500.76,134406.69,132865.4,137389.35,138255.14,143873.32,142178.25,131153.1,126408.18,-99999.0,Low,Unknown,Low,0,0,0,0,0,0,0,0,0,0,0,0,0,0,0,45.0,38.5,31.25,47.0
22.741063,72.307327,1157.04,2093.9,63399.72,60140.17,65473.92,68055.47,68702.09,69544.32,57363.11,58919.67,-99999.0,Low,Unknown,Low,0,0,0,0,0,0,0,0,0,0,0,0,0,0,0,45.0,38.5,31.25,47.0
22.908379,72.627581,211.79,1410.99,9478.17,19217.43,11878.76,15699.12,30607.95,19525.93,8432.73,9975.16,2.69,Low,Unknown,Low,0,0,0,0,0,0,0,0,0,0,0,0,0,0,0,45.0,56.5,46.25,59.0
22.442318,72.47281,3860.33,4075.97,116027.28,115078.84,118998.8,119969.06,126156.32,124001.61,113466.26,108224.35,-99999.0,Low,Unknown,Low,0,0,0,0,0,0,0,0,0,0,0,0,0,0,0,45.0,38.5,31.25,47.0
22.500099,72.61503,50.79,117.64,99428.5,105927.21,101857.33,105265.15,115001.65,109499.14,98338.92,96041.45,-99999.0,Low,Unknown,Low,0,0,0,0,0,0,0,0,0,0,0,0,0,0,0,57.0,62.5,51.25,63.0
23.288595,72.677892,385.9,6348.33,22368.0,23268.51,22087.29,22038.54,32005.64,45614.6,29516.1,4907.35,-99999.0,Low,Unknown,Low,0,0,0,0,0,0,0,0,0,0,0,0,0,0,0,45.0,50.5,41.25,55.0
23.06205,72.274127,227.39,4543.82,37912.31,36728.19,37628.89,39055.36,40724.92,36119.82,43264.14,36530.43,-99999.0,Low,Unknown,Low,0,0,0,0,0,0,0,0,0,0,0,0,0,0,0,45.0,56.5,46.25,59.0
22.336998,72.469639,1263.49,16361.15,138897.21,138380.49,141740.94,143095.15,149449.15,147234.16,136752.19,131456.46,-99999.0,Low,Unknown,Low,0,0,0,0,0,0,0,0,0,0,0,0,0,0,0,45.0,38.5,31.25,47.0
22.635532,72.51429,2908.85,6072.02,72644.21,72869.5,75735.33,76535.77,83781.99,80741.34,71576.37,64974.13,0.58,Low,Unknown,Low,0,0,0,0,0,0,0,0,0,0,0,0,0,0,0,45.0,38.5,31.25,47.0
22.660905,72.67464,614.43,3283.01,64734.87,73116.12,66852.92,70967.87,83576.33,74653.94,63273.01,64373.28,-99999.0,Low,Unknown,Low,0,0,0,0,0,0,0,0,0,0,0,0,0,0,0,45.0,44.5,36.25,51.0
22.814,72.769852,1650.62,1650.62,42311.56,50824.19,42935.13,44970.72,58001.97,49817.08,39959.11,37657.21,-99999.0,Low,Unknown,Low,0,0,0,0,0,0,0,0,0,0,0,0,0,0,0,45.0,38.5,31.25,47.0
22.654414,72.428364,2011.14,2011.14,73079.49,69025.3,77582.26,77233.67,79818.13,79996.72,67095.24,64577.34,1.74,Low,Unknown,Low,0,0,0,0,0,0,0,0,0,0,0,0,0,0,0,45.0,38.5,31.25,47.0
23.121912,72.747352,137.86,137.86,12201.65,16740.35,21487.06,14865.59,27573.43,20960.23,7504.36,2435.37,-99999.0,Low,Unknown,Low,0,0,0,0,0,0,0,0,0,0,0,0,0,0,0,57.0,56.5,46.25,59.0
22.87859,72.595718,471.3,491.07,16761.01,22677.99,19839.68,22060.72,33113.15,26501.0,16852.39,16233.79,20.85,Low,Unknown,Low,0,0,0,0,0,0,0,0,0,0,0,0,0,0,0,58.0,54.5,43.25,63.0
22.380108,72.721291,1628.8,1628.8,127677.82,135734.71,129790.98,133901.76,145732.29,137594.72,126210.62,127093.89,-99999.0,Low,Unknown,Low,0,0,0,0,0,0,0,0,0,0,0,0,0,0,0,45.0,38.5,31.25,47.0
22.41464,72.627228,676.89,3170.52,118355.39,125007.67,120744.57,124249.74,134094.18,128422.12,117209.88,115128.21,-99999.0,Low,Unknown,Low,0,0,0,0,0,0,0,0,0,0,0,0,0,0,0,45.0,44.5,36.25,51.0
22.703498,72.385711,971.7,971.7,64525.16,60450.2,68032.74,70272.41,70661.04,72718.65,58157.07,58631.01,-99999.0,Low,Unknown,Low,0,0,0,0,0,0,0,0,0,0,0,0,0,0,0,49.0,44.5,36.25,51.0
23.122357,72.467755,137.54,7423.34,7407.73,6380.51,15408.04,9224.85,15847.37,19266.56,15723.9,5090.91,-99999.0,Low,Unknown,Low,0,0,0,0,0,0,0,0,0,0,0,0,0,0,0,45.0,56.5,46.25,59.0
22.951743,72.270532,30.66,4953.53,41639.54,42024.29,39075.83,41622.91,42726.05,40107.0,39383.87,39851.85,1.84,Low,Unknown,Low,0,0,0,0,0,0,0,0,0,0,0,0,0,0,0,45.0,62.5,51.25,63.0
22.357885,72.321711,8135.41,14454.95,141517.9,137304.02,145188.24,146029.86,147750.02,148848.48,135149.34,133431.65,-99999.0,Low,Unknown,Low,0,0,0,0,0,0,0,0,0,0,0,0,0,0,0,45.0,38.5,31.25,47.0
22.947072,72.351867,1175.11,5124.11,26024.54,25834.71,24595.59,27325.45,28338.02,26936.14,23084.98,23913.79,-99999.0,Low,Unknown,Low,0,0,0,0,0,0,0,0,0,0,0,0,0,0,0,45.0,38.5,31.25,47.0
22.750371,72.713247,800.86,2218.44,47772.73,57960.57,49403.12,53360.95,67133.63,57123.56,45895.65,46626.48,-99999.0,Low,Unknown,Low,0,0,0,0,0,0,0,0,0,0,0,0,0,0,0,45.0,44.5,36.25,51.0
22.852201,72.20345,4232.35,6835.17,61940.77,60807.04,61007.02,63741.81,64747.69,63195.03,57820.53,59151.22,1.31,Low,Unknown,Low,0,0,0,0,0,0,0,0,0,0,0,0,0,0,0,45.0,38.5,31.25,47.0
23.259244,72.342727,45.06,868.18,44019.79,41680.25,48829.54,47903.7,50042.97,54191.09,42867.16,14349.1,-99999.0,Low,Unknown,Low,0,0,0,0,0,0,0,0,0,0,0,0,0,0,0,49.0,62.5,51.25,63.0
22.906635,72.485427,190.48,190.48,16567.74,13071.78,22992.55,21582.45,24271.1,24412.87,12082.16,10091.4,5.58,Low,Unknown,Low,0,0,0,0,0,0,0,0,0,0,0,0,0,0,0,57.0,56.5,46.25,59.0
22.692182,72.247643,1809.6,1845.94,79007.83,75937.04,80702.5,83347.71,84056.08,84535.0,73100.24,74691.82,-99999.0,Low,Unknown,Low,0,0,0,0,0,0,0,0,0,0,0,0,0,0,0,45.0,38.5,31.25,47.0
22.920123,72.346828,773.85,4561.5,29427.24,28358.97,28967.78,31728.15,32662.47,31876.39,25407.5,26647.42,1.77,Low,Unknown,Low,0,0,0,0,0,0,0,0,0,0,0,0,0,0,0,45.0,44.5,36.25,51.0
22.85681,72.57186,513.56,2678.58,22747.16,26965.74,26231.41,26951.79,36110.06,32089.55,23445.24,17551.12,-99999.0,Low,Unknown,Low,0,0,0,0,0,0,0,0,0,0,0,0,0,0,0,45.0,44.5,36.25,51.0
22.869058,72.695152,29.44,6659.92,23114.17,33051.23,24098.5,27741.38,40931.77,31484.03,20867.63,21135.61,-99999.0,Low,Unknown,Low,0,0,0,0,0,0,0,0,0,0,0,0,0,0,0,45.0,62.5,51.25,63.0
22.258703,72.288954,6332.83,16373.24,164362.63,160171.75,167965.12,168925.84,170567.7,171769.29,157992.41,156344.39,-99999.0,Low,Unknown,Low,0,0,0,0,0,0,0,0,0,0,0,0,0,0,0,45.0,38.5,31.25,47.0
22.983932,72.222033,1617.85,2578.04,49033.74,49109.31,47145.72,49422.88,50555.23,47093.49,49413.18,48454.91,-99999.0,Low,Unknown,Low,0,0,0,0,0,0,0,0,0,0,0,0,0,0,0,45.0,38.5,31.25,47.0
23.224595,72.600198,1196.79,1849.25,7475.78,5814.26,7013.18,7059.33,11642.21,27251.93,11491.36,8709.08,-99999.0,Low,Unknown,Low,0,0,0,0,0,0,0,0,0,0,0,0,0,0,0,45.0,38.5,31.25,47.0
23.205617,72.379065,679.6,679.6,31026.2,27963.55,37188.24,34273.85,39949.31,40680.95,32322.66,11620.26,-99999.0,Low,Unknown,Low,0,0,0,0,0,0,0,0,0,0,0,0,0,0,0,49.0,44.5,36.25,51.0
23.304462,72.229419,893.07,2087.49,67816.67,63545.85,73428.38,70481.74,74686.16,74128.32,67523.08,38724.37,-99999.0,Low,Unknown,Low,0,0,0,0,0,0,0,0,0,0,0,0,0,0,0,45.0,44.5,36.25,51.0
22.700348,72.306949,2907.26,5650.71,71172.22,67688.86,73573.85,76099.37,76694.92,77785.89,65008.08,66509.52,-99999.0,Low,Unknown,Low,0,0,0,0,0,0,0,0,0,0,0,0,0,0,0,45.0,38.5,31.25,47.0
23.006509,72.566654,1.47,1092.41,205.81,693.24,574.2,618.09,7701.37,3953.67,3389.25,692.31,148.5,High,Residential,Low,0,0,2,0,0,0,0,0,0,1,2,4,0,0,2,67.0,92.64,67.55,88.02
23.029816,72.556981,61.26,299.91,736.83,788.94,880.28,612.79,3591.09,1927.15,2356.91,1933.95,144.93,High,Commercial,Low,0,0,9,0,6,13,0,0,0,0,0,3,0,0,9,82.17,97.17,79.73,89.53
23.144769,72.306452,546.75,13472.17,38985.27,31235.54,39183.69,38788.43,43156.11,38131.0,41869.8,31131.53,-99999.0,Low,Unknown,Low,0,0,0,0,0,0,0,0,0,0,0,0,0,0,0,45.0,44.5,36.25,51.0
22.746405,72.54738,99.31,5716.07,47332.51,50150.82,50471.22,51468.79,59446.19,56078.29,47354.8,40452.12,-99999.0,Low,Unknown,Low,0,0,0,0,0,0,0,0,0,0,0,0,0,0,0,45.0,62.5,51.25,63.0
23.317776,72.255876,262.28,405.26,65413.66,62133.63,69605.69,68780.53,70994.79,73523.05,64049.77,34874.25,-99999.0,Low,Unknown,Low,0,0,0,0,0,0,0,0,0,0,0,0,0,0,0,53.0,56.5,46.25,59.0
22.559153,72.421142,876.62,876.62,93953.13,89991.87,98496.35,97419.99,100817.83,100559.91,88091.8,84974.47,-99999.0,Low,Unknown,Low,0,0,0,0,0,0,0,0,0,0,0,0,0,0,0,49.0,44.5,36.25,51.0
22.654727,72.2406,3081.88,3081.88,86617.81,83397.34,88523.84,91141.03,91819.06,92455.96,80611.74,82174.03,31.51,Low,Unknown,Low,0,0,0,0,0,0,0,0,0,0,0,0,0,0,0,50.0,42.5,33.25,55.0
22.712789,72.530283,1657.88,2622.44,55416.41,56516.67,58612.68,59236.42,66726.44,63558.79,55488.28,47821.98,-99999.0,Low,Unknown,Low,0,0,0,0,0,0,0,0,0,0,0,0,0,0,0,45.0,38.5,31.25,47.0
22.551399,72.280727,3785.89,3787.4,103090.68,99284.51,105971.31,108401.66,108916.78,110364.85,96787.42,98174.05,-99999.0,Low,Unknown,Low,0,0,0,0,0,0,0,0,0,0,0,0,0,0,0,45.0,38.5,31.25,47.0
23.033543,72.364651,918.22,2025.11,19149.66,18814.38,18838.18,20259.61,21611.36,17263.18,25318.16,18354.8,-99999.0,Low,Unknown,Low,0,0,0,0,0,0,0,0,0,0,0,0,0,0,0,45.0,44.5,36.25,51.0
22.832463,72.514788,581.27,581.27,32624.24,30170.74,37199.48,34419.9,40560.26,37760.86,29387.49,22028.96,-99999.0,Low,Unknown,Low,0,0,0,0,0,0,0,0,0,0,0,0,0,0,0,49.0,44.5,36.25,51.0
23.034995,72.567232,29.91,349.3,583.99,169.85,633.83,573.95,3818.76,629.66,894.53,1023.75,160.73,High,Commercial,Low,0,0,3,0,0,6,0,0,0,0,0,8,0,0,3,81.22,95.36,95.85,89.1
22.331163,72.637837,154.96,154.96,136923.08,143654.02,139286.7,142851.61,152743.07,146984.74,135743.01,133770.89,-99999.0,Low,Unknown,Low,0,0,0,0,0,0,0,0,0,0,0,0,0,0,0,57.0,56.5,46.25,59.0
22.954774,72.792314,355.56,8697.61,19136.52,33890.6,32491.92,27142.85,37527.18,35064.8,26617.92,13315.36,18.14,Low,Unknown,Low,0,0,0,0,0,0,0,0,0,0,0,0,0,0,0,50.0,54.5,43.25,63.0
22.780396,72.613193,2822.34,4841.52,37636.32,44527.54,40141.55,43429.03,54565.47,47702.94,36677.15,36309.0,-99999.0,Low,Unknown,Low,0,0,0,0,0,0,0,0,0,0,0,0,0,0,0,45.0,38.5,31.25,47.0
23.32067,72.791767,88.99,2612.83,32504.68,39854.94,42075.5,41945.6,53766.79,59854.08,38686.07,20761.26,-99999.0,Low,Unknown,Low,0,0,0,0,0,0,0,0,0,0,0,0,0,0,0,45.0,62.5,51.25,63.0
22.544625,72.565307,332.39,1435.71,90328.41,94264.74,92922.6,95685.43,104053.29,100270.46,89504.42,85052.63,-99999.0,Low,Unknown,Low,0,0,0,0,0,0,0,0,0,0,0,0,0,0,0,45.0,50.5,41.25,55.0
22.579786,72.515235,180.25,6805.13,84488.43,85113.19,87433.65,88669.09,96053.85,92978.36,83777.46,77220.2,-99999.0,Low,Unknown,Low,0,0,0,0,0,0,0,0,0,0,0,0,0,0,0,45.0,56.5,46.25,59.0
23.394029,72.412312,383.82,2150.4,57442.31,53930.22,55257.17,55255.1,57445.64,70847.59,53283.39,31325.28,-99999.0,Low,Unknown,Low,0,0,0,0,0,0,0,0,0,0,0,0,0,0,0,45.0,50.5,41.25,55.0
