{
"type": "FeatureCollection",
"name": "water_polygon",
"crs": { "type": "name", "properties": { "name": "urn:ogc:def:crs:OGC:1.3:CRS84" } },
"features": [
{ "type": "Feature", "properties": { "version": 19, "visible": null, "lon": null, "timestamp": 1618003081, "tags": { "visible": false }, "changeset": null, "lat": null, "id": 29328587, "natural": "water", "water": "river", "wetland": null, "osm_type": "way", "grassland": null, "reef": null }, "geometry": { "type": "Polygon", "coordinates": [ [ [ 72.6497296, 23.1250768 ], [ 72.6502189, 23.1249979 ], [ 72.6530819, 23.1253538 ], [ 72.6531604, 23.1253646 ], [ 72.6532681, 23.1253795 ], [ 72.6544943, 23.1255308 ], [ 72.656124, 23.125732 ], [ 72.6655225, 23.1267976 ], [ 72.6663551, 23.126837 ], [ 72.6671962, 23.1267976 ], [ 72.6679687, 23.1267186 ], [ 72.6686811, 23.1265844 ], [ 72.6696424, 23.1262845 ], [ 72.682517, 23.1208774 ], [ 72.6950483, 23.1156202 ], [ 72.69554, 23.1154163 ], [ 72.6967048, 23.1149334 ], [ 72.6977176, 23.1146413 ], [ 72.6985759, 23.1144518 ], [ 72.6994685, 23.1143413 ], [ 72.7002668, 23.1142861 ], [ 72.7010392, 23.1143413 ], [ 72.7052813, 23.114597 ], [ 72.7121715, 23.1150123 ], [ 72.7174243, 23.1153123 ], [ 72.718377, 23.1153518 ], [ 72.7261008, 23.115107 ], [ 72.727201, 23.1149491 ], [ 72.728262, 23.1146931 ], [ 72.7308655, 23.1139668 ], [ 72.7311792, 23.1139444 ], [ 72.7312913, 23.1143091 ], [ 72.7314029, 23.1146721 ], [ 72.7311578, 23.1147907 ], [ 72.7283935, 23.1155343 ], [ 72.7275673, 23.115739 ], [ 72.7264232, 23.1159176 ], [ 72.723712, 23.1160118 ], [ 72.7183727, 23.1161535 ], [ 72.7170639, 23.1160983 ], [ 72.7011422, 23.1151623 ], [ 72.7001123, 23.1151386 ], [ 72.6990823, 23.1152176 ], [ 72.6979236, 23.1154544 ], [ 72.6968936, 23.1157701 ], [ 72.6868085, 23.1199697 ], [ 72.6711187, 23.1265608 ], [ 72.6702003, 23.1269396 ], [ 72.6690416, 23.1272869 ], [ 72.6678657, 23.1275632 ], [ 72.6667499, 23.1276658 ], [ 72.6655482, 23.1276421 ], [ 72.6583985, 23.1267976 ], [ 72.6500558, 23.1257714 ], [ 72.6496438, 23.1256293 ], [ 72.6496861, 23.1253571 ], [ 72.6497296, 23.1250768 ] ] ] } },
{ "type": "Feature", "properties": { "version": 11, "visible": null, "lon": null, "timestamp": 1618003081, "tags": { "visible": false }, "changeset": null, "lat": null, "id": 29329061, "natural": "water", "water": "canal", "wetland": null, "osm_type": "way", "grassland": null, "reef": null }, "geometry": { "type": "Polygon", "coordinates": [ [ [ 72.7418603, 23.1117757 ], [ 72.7338346, 23.1140778 ], [ 72.7336978, 23.1140571 ], [ 72.7334403, 23.1141124 ], [ 72.733321, 23.1137596 ], [ 72.7332, 23.1134019 ], [ 72.7334403, 23.113323 ], [ 72.7336007, 23.1132174 ], [ 72.7416886, 23.1111442 ], [ 72.7513703, 23.1085075 ], [ 72.759344, 23.1063681 ], [ 72.7701844, 23.103455 ], [ 72.7785186, 23.1011734 ], [ 72.7856769, 23.0992786 ], [ 72.7869987, 23.0989549 ], [ 72.7917537, 23.097976 ], [ 72.7983283, 23.0966101 ], [ 72.801238, 23.0960022 ], [ 72.8021735, 23.0957811 ], [ 72.8032722, 23.0954653 ], [ 72.8043365, 23.0950074 ], [ 72.8100127, 23.0918006 ], [ 72.8130569, 23.0900807 ], [ 72.8151168, 23.0889122 ], [ 72.8160266, 23.0885332 ], [ 72.8168506, 23.0882805 ], [ 72.8177947, 23.0881068 ], [ 72.8186874, 23.0880437 ], [ 72.8195457, 23.0880832 ], [ 72.8205156, 23.0881858 ], [ 72.8213481, 23.0883753 ], [ 72.8222407, 23.0886832 ], [ 72.8233136, 23.0891491 ], [ 72.8234424, 23.0892675 ], [ 72.823242, 23.0896449 ], [ 72.8230819, 23.0899465 ], [ 72.8228244, 23.0899307 ], [ 72.8218288, 23.0894649 ], [ 72.8210735, 23.0891964 ], [ 72.8203696, 23.0890385 ], [ 72.81958, 23.088928 ], [ 72.818756, 23.0888964 ], [ 72.8177776, 23.0889754 ], [ 72.8169707, 23.0891096 ], [ 72.8162669, 23.0893149 ], [ 72.8154773, 23.0896623 ], [ 72.8124732, 23.0913203 ], [ 72.8050403, 23.0955285 ], [ 72.8042163, 23.0959706 ], [ 72.8030404, 23.0963575 ], [ 72.8017272, 23.0966575 ], [ 72.7948178, 23.0980628 ], [ 72.7870073, 23.0996655 ], [ 72.7856855, 23.0999813 ], [ 72.7833079, 23.1006208 ], [ 72.7719611, 23.1036918 ], [ 72.760786, 23.1067391 ], [ 72.7478341, 23.1102364 ], [ 72.7418603, 23.1117757 ] ] ] } },
{ "type": "Feature", "properties": { "version": 14, "visible": null, "lon": null, "timestamp": 1618003081, "tags": { "visible": false }, "changeset": null, "lat": null, "id": 29329273, "natural": "water", "water": "canal", "wetland": null, "osm_type": "way", "grassland": null, "reef": null }, "geometry": { "type": "Polygon", "coordinates": [ [ [ 72.6388806, 23.1236797 ], [ 72.6440906, 23.1243032 ], [ 72.6446571, 23.1244927 ], [ 72.6446433, 23.124718 ], [ 72.644597, 23.1250452 ], [ 72.6440047, 23.1250926 ], [ 72.6388549, 23.1244848 ], [ 72.6377563, 23.1243743 ], [ 72.6367349, 23.1243901 ], [ 72.6357221, 23.1244848 ], [ 72.6348123, 23.1246742 ], [ 72.6336793, 23.1250373 ], [ 72.6324691, 23.1255504 ], [ 72.6208476, 23.130752 ], [ 72.6107453, 23.1352589 ], [ 72.6057243, 23.1374531 ], [ 72.6008147, 23.1396473 ], [ 72.5943603, 23.1427332 ], [ 72.5899142, 23.1448326 ], [ 72.5840434, 23.1475948 ], [ 72.5807904, 23.1491653 ], [ 72.580078, 23.1496073 ], [ 72.5795373, 23.1500335 ], [ 72.5784387, 23.1510042 ], [ 72.5734605, 23.1555025 ], [ 72.5689372, 23.1596139 ], [ 72.5645599, 23.1635911 ], [ 72.5598306, 23.1678681 ], [ 72.5591611, 23.1684441 ], [ 72.5585174, 23.1689491 ], [ 72.5577277, 23.1696041 ], [ 72.5567063, 23.1704089 ], [ 72.5514844, 23.1745771 ], [ 72.5498056, 23.175885 ], [ 72.5492305, 23.1762795 ], [ 72.5486039, 23.1766188 ], [ 72.5479259, 23.1769423 ], [ 72.5469817, 23.1772895 ], [ 72.5461492, 23.1775183 ], [ 72.5452308, 23.177684 ], [ 72.5443124, 23.1777866 ], [ 72.5433511, 23.1778023 ], [ 72.5424585, 23.1777313 ], [ 72.5412654, 23.1775656 ], [ 72.5339183, 23.1765557 ], [ 72.5263137, 23.1754747 ], [ 72.5215415, 23.1748119 ], [ 72.5159883, 23.1740465 ], [ 72.5129241, 23.1736283 ], [ 72.5064696, 23.1725631 ], [ 72.5041694, 23.1721685 ], [ 72.5038175, 23.1719713 ], [ 72.5038837, 23.171679 ], [ 72.5039132, 23.1714754 ], [ 72.504341, 23.1713953 ], [ 72.5050234, 23.1715086 ], [ 72.5103749, 23.1723974 ], [ 72.513894, 23.1729339 ], [ 72.5219535, 23.1740702 ], [ 72.5223346, 23.1741241 ], [ 72.5307082, 23.175309 ], [ 72.5372914, 23.1762178 ], [ 72.5422525, 23.176895 ], [ 72.5431966, 23.1769896 ], [ 72.5440034, 23.1770054 ], [ 72.5448531, 23.1769739 ], [ 72.5454969, 23.1768634 ], [ 72.5463809, 23.1766582 ], [ 72.5471276, 23.1764136 ], [ 72.5478486, 23.1761059 ], [ 72.5485696, 23.1757666 ], [ 72.5493592, 23.1752695 ], [ 72.5507862, 23.1741155 ], [ 72.5523891, 23.1728235 ], [ 72.5583285, 23.168089 ], [ 72.5594529, 23.1670948 ], [ 72.5636501, 23.1632992 ], [ 72.5712718, 23.1564258 ], [ 72.5764302, 23.1517302 ], [ 72.5785073, 23.1498441 ], [ 72.5790567, 23.1493784 ], [ 72.5796489, 23.1489444 ], [ 72.5803012, 23.1485655 ], [ 72.581417, 23.1479815 ], [ 72.5862922, 23.1456691 ], [ 72.5922317, 23.1428832 ], [ 72.5981969, 23.1400656 ], [ 72.6022395, 23.1381871 ], [ 72.6073293, 23.1359061 ], [ 72.6159124, 23.132086 ], [ 72.6211738, 23.1297338 ], [ 72.6264438, 23.1273895 ], [ 72.6325034, 23.1246821 ], [ 72.6333532, 23.1243269 ], [ 72.6342372, 23.1240112 ], [ 72.6352929, 23.1237744 ], [ 72.6360568, 23.1236481 ], [ 72.6369924, 23.1235691 ], [ 72.6379537, 23.1236086 ], [ 72.6388806, 23.1236797 ] ] ] } },
{ "type": "Feature", "properties": { "version": 9, "visible": null, "lon": null, "timestamp": 1618003081, "tags": { "visible": false }, "changeset": null, "lat": null, "id": 29329527, "natural": "water", "water": "canal", "wetland": null, "osm_type": "way", "grassland": null, "reef": null }, "geometry": { "type": "Polygon", "coordinates": [ [ [ 72.4996719, 23.171411 ], [ 72.4982042, 23.1711822 ], [ 72.4971055, 23.1710402 ], [ 72.496067, 23.1709849 ], [ 72.49514, 23.1710402 ], [ 72.4943933, 23.1711585 ], [ 72.4936294, 23.17134 ], [ 72.4926852, 23.171632 ], [ 72.4917068, 23.172066 ], [ 72.4896125, 23.173147 ], [ 72.4882821, 23.1739124 ], [ 72.4873637, 23.1745831 ], [ 72.4866771, 23.1752143 ], [ 72.4861707, 23.175814 ], [ 72.485733, 23.1764452 ], [ 72.4840507, 23.1791989 ], [ 72.4805745, 23.1848798 ], [ 72.4775066, 23.190284 ], [ 72.473021, 23.1978023 ], [ 72.4684295, 23.2059915 ], [ 72.4644727, 23.2130832 ], [ 72.4640865, 23.2136984 ], [ 72.463623, 23.2143689 ], [ 72.4631251, 23.2149369 ], [ 72.4626102, 23.2154338 ], [ 72.4619922, 23.2159387 ], [ 72.4590224, 23.2182656 ], [ 72.4523448, 23.2235268 ], [ 72.4466113, 23.2280226 ], [ 72.4400796, 23.2331099 ], [ 72.4306382, 23.2405156 ], [ 72.4268531, 23.2434731 ], [ 72.4262609, 23.2438989 ], [ 72.4257201, 23.2442223 ], [ 72.4248532, 23.2446481 ], [ 72.413824, 23.2493956 ], [ 72.4134635, 23.2487253 ], [ 72.4185104, 23.2465724 ], [ 72.4245528, 23.2439541 ], [ 72.4253425, 23.2435756 ], [ 72.4259948, 23.2431734 ], [ 72.4275998, 23.2419115 ], [ 72.4349984, 23.2361621 ], [ 72.4412555, 23.2312643 ], [ 72.4495382, 23.2248046 ], [ 72.4572629, 23.2187231 ], [ 72.461769, 23.2151893 ], [ 72.4623698, 23.2146608 ], [ 72.4628934, 23.2140692 ], [ 72.4633483, 23.2134934 ], [ 72.4637431, 23.212815 ], [ 72.4656314, 23.2094309 ], [ 72.4690217, 23.2033014 ], [ 72.4703435, 23.2009347 ], [ 72.4729613, 23.1962644 ], [ 72.4754504, 23.1919253 ], [ 72.4789352, 23.1861106 ], [ 72.482849, 23.1797039 ], [ 72.4850806, 23.1760349 ], [ 72.4858789, 23.1749855 ], [ 72.486823, 23.1740781 ], [ 72.488119, 23.1731549 ], [ 72.4895524, 23.1723658 ], [ 72.4914922, 23.1713558 ], [ 72.4924964, 23.1709376 ], [ 72.4933976, 23.1706456 ], [ 72.4943847, 23.1704405 ], [ 72.4955262, 23.1703063 ], [ 72.4964961, 23.1702984 ], [ 72.4972943, 23.1703537 ], [ 72.4998178, 23.1707245 ], [ 72.5031909, 23.171198 ], [ 72.5036115, 23.1714268 ], [ 72.5035852, 23.1716344 ], [ 72.5035257, 23.1719082 ], [ 72.5031308, 23.1719555 ], [ 72.4996719, 23.171411 ] ] ] } },
{ "type": "Feature", "properties": { "version": 7, "visible": null, "lon": null, "timestamp": 1618003081, "tags": { "visible": false }, "changeset": null, "lat": null, "id": 29329538, "natural": "water", "water": "canal", "wetland": null, "osm_type": "way", "grassland": null, "reef": null }, "geometry": { "type": "Polygon", "coordinates": [ [ [ 72.5036115, 23.1714268 ], [ 72.5039132, 23.1714754 ], [ 72.5038837, 23.171679 ], [ 72.5038175, 23.1719713 ], [ 72.5035257, 23.1719082 ], [ 72.5035852, 23.1716344 ], [ 72.5036115, 23.1714268 ] ] ] } },
{ "type": "Feature", "properties": { "version": 14, "visible": null, "lon": null, "timestamp": 1696879081, "tags": { "visible": false, "intermittent": "no", "name": "Kankaria Lake", "wikidata": "Q16384", "wikimedia_commons": "Category:Kankaria Lake", "wikipedia": "en:Kankaria Lake" }, "changeset": null, "lat": null, "id": 29340465, "natural": "water", "water": "lake", "wetland": null, "osm_type": "way", "grassland": null, "reef": null }, "geometry": { "type": "Polygon", "coordinates": [ [ [ 72.600848, 23.0035934 ], [ 72.6010861, 23.0035827 ], [ 72.6011503, 23.0035839 ], [ 72.6011546, 23.0038901 ], [ 72.6011268, 23.0038968 ], [ 72.6011035, 23.00391 ], [ 72.6010848, 23.0039309 ], [ 72.6010675, 23.0039653 ], [ 72.601085, 23.0057262 ], [ 72.6010728, 23.0057799 ], [ 72.6010362, 23.0058091 ], [ 72.6009645, 23.0058199 ], [ 72.6008158, 23.005831 ], [ 72.6007738, 23.0058442 ], [ 72.6007275, 23.0058698 ], [ 72.6007155, 23.0066488 ], [ 72.600746, 23.0067093 ], [ 72.6007839, 23.0067374 ], [ 72.6008373, 23.0067452 ], [ 72.6016169, 23.0067432 ], [ 72.6016723, 23.0067244 ], [ 72.6017069, 23.0066639 ], [ 72.6017409, 23.0059737 ], [ 72.6017295, 23.0059051 ], [ 72.6017108, 23.0058588 ], [ 72.6016529, 23.005814 ], [ 72.6015887, 23.0058085 ], [ 72.6013896, 23.0058136 ], [ 72.6013706, 23.005801 ], [ 72.6013573, 23.0057822 ], [ 72.6013551, 23.0057603 ], [ 72.6013673, 23.0039798 ], [ 72.60136, 23.003956 ], [ 72.6013381, 23.0039305 ], [ 72.6013171, 23.0039166 ], [ 72.6012852, 23.0038962 ], [ 72.6012257, 23.0038823 ], [ 72.6012292, 23.0035899 ], [ 72.6012629, 23.0035739 ], [ 72.6014066, 23.0035785 ], [ 72.6015915, 23.003601 ], [ 72.6019073, 23.0036505 ], [ 72.6022029, 23.0037327 ], [ 72.6026373, 23.0039058 ], [ 72.6030235, 23.0041418 ], [ 72.6034153, 23.0045069 ], [ 72.6037344, 23.0049531 ], [ 72.6039517, 23.0054313 ], [ 72.6040805, 23.0059647 ], [ 72.6040914, 23.006313 ], [ 72.6040649, 23.0066835 ], [ 72.6040251, 23.006923 ], [ 72.6039492, 23.0071243 ], [ 72.6037425, 23.0075847 ], [ 72.6034679, 23.0079646 ], [ 72.6030564, 23.0083384 ], [ 72.60266, 23.0086073 ], [ 72.6024098, 23.0087107 ], [ 72.6021069, 23.008827 ], [ 72.6015319, 23.0089569 ], [ 72.6013289, 23.0089544 ], [ 72.6013228, 23.0089161 ], [ 72.6012913, 23.0089155 ], [ 72.6012866, 23.0087692 ], [ 72.6011646, 23.0087686 ], [ 72.6011699, 23.0089198 ], [ 72.6011404, 23.0089223 ], [ 72.6011364, 23.0089569 ], [ 72.6008118, 23.008922 ], [ 72.6003607, 23.008841 ], [ 72.5998016, 23.0086093 ], [ 72.5993359, 23.0083087 ], [ 72.5989328, 23.0079224 ], [ 72.5986378, 23.0074692 ], [ 72.5984073, 23.0069758 ], [ 72.5983185, 23.0064754 ], [ 72.5983194, 23.005955 ], [ 72.5984526, 23.0054401 ], [ 72.5986616, 23.0049669 ], [ 72.5990703, 23.0044359 ], [ 72.5992439, 23.0043 ], [ 72.5994105, 23.0041665 ], [ 72.5998566, 23.0038912 ], [ 72.6003691, 23.0036993 ], [ 72.600848, 23.0035934 ] ] ] } },
{ "type": "Feature", "properties": { "version": 19, "visible": null, "lon": null, "timestamp": 1643240799, "tags": { "visible": false }, "changeset": null, "lat": null, "id": 29349715, "natural": "water", "water": "river", "wetland": null, "osm_type": "way", "grassland": null, "reef": null }, "geometry": { "type": "Polygon", "coordinates": [ [ [ 72.6471781, 23.1100727 ], [ 72.6510978, 23.1100889 ], [ 72.6510537, 23.1110128 ], [ 72.6512081, 23.1124022 ], [ 72.6511738, 23.1135231 ], [ 72.651088, 23.1150388 ], [ 72.6510193, 23.1164676 ], [ 72.6506846, 23.1190726 ], [ 72.650531, 23.1193222 ], [ 72.6503181, 23.1196681 ], [ 72.6501455, 23.1199486 ], [ 72.6498005, 23.1205092 ], [ 72.6486075, 23.123343 ], [ 72.6480067, 23.1267372 ], [ 72.646908, 23.1284658 ], [ 72.6464274, 23.1303838 ], [ 72.6462729, 23.132144 ], [ 72.6465475, 23.1339752 ], [ 72.6470969, 23.1352617 ], [ 72.6478264, 23.1364298 ], [ 72.649277, 23.1378426 ], [ 72.6498536, 23.1383118 ], [ 72.6506846, 23.138845 ], [ 72.6523669, 23.1399342 ], [ 72.6543667, 23.1409207 ], [ 72.6566927, 23.1415048 ], [ 72.6593792, 23.1420415 ], [ 72.6611817, 23.1421993 ], [ 72.6629755, 23.1419783 ], [ 72.6653445, 23.1414258 ], [ 72.6669752, 23.140534 ], [ 72.6684687, 23.1398237 ], [ 72.6700652, 23.1395869 ], [ 72.6715586, 23.1396737 ], [ 72.6734297, 23.1402972 ], [ 72.6747687, 23.1411338 ], [ 72.6754897, 23.1420336 ], [ 72.6767514, 23.1441014 ], [ 72.6774981, 23.1457666 ], [ 72.6781075, 23.149105 ], [ 72.6784508, 23.150786 ], [ 72.6789229, 23.1529957 ], [ 72.6788027, 23.1546056 ], [ 72.6778414, 23.1565627 ], [ 72.6769496, 23.1584414 ], [ 72.6753762, 23.16032 ], [ 72.6739354, 23.1620349 ], [ 72.6715042, 23.1641438 ], [ 72.6692426, 23.1664317 ], [ 72.6671445, 23.1684336 ], [ 72.6652863, 23.1700009 ], [ 72.6634538, 23.1718251 ], [ 72.6615795, 23.173927 ], [ 72.6602963, 23.1764139 ], [ 72.6598935, 23.178744 ], [ 72.6599257, 23.1813577 ], [ 72.6596902, 23.1840408 ], [ 72.6602255, 23.1862687 ], [ 72.6606836, 23.1876714 ], [ 72.6570017, 23.188788 ], [ 72.6563837, 23.1869023 ], [ 72.6561699, 23.1857544 ], [ 72.6560232, 23.1846616 ], [ 72.6558859, 23.1831862 ], [ 72.6560919, 23.1806298 ], [ 72.6562807, 23.1787835 ], [ 72.6569331, 23.1766137 ], [ 72.6579974, 23.1743728 ], [ 72.6591698, 23.1718877 ], [ 72.6609156, 23.1693149 ], [ 72.6624262, 23.1675947 ], [ 72.6636021, 23.1667503 ], [ 72.6652149, 23.1650467 ], [ 72.6666062, 23.1639648 ], [ 72.6684937, 23.1624674 ], [ 72.6699879, 23.1611319 ], [ 72.6713526, 23.1596325 ], [ 72.6725886, 23.1576044 ], [ 72.6738331, 23.1552764 ], [ 72.6738109, 23.1530228 ], [ 72.6737219, 23.151363 ], [ 72.673437, 23.1501151 ], [ 72.6731854, 23.1487784 ], [ 72.6719977, 23.1471867 ], [ 72.6706727, 23.1464291 ], [ 72.6681144, 23.1454603 ], [ 72.665215, 23.1448368 ], [ 72.6610162, 23.1446622 ], [ 72.6582825, 23.1446928 ], [ 72.6546514, 23.1445635 ], [ 72.6526939, 23.1438069 ], [ 72.6499121, 23.1424755 ], [ 72.6476719, 23.1412128 ], [ 72.6462042, 23.1400841 ], [ 72.6451828, 23.1390502 ], [ 72.6445305, 23.1376848 ], [ 72.6440327, 23.1360983 ], [ 72.644007, 23.1340383 ], [ 72.6443245, 23.1314178 ], [ 72.6445353, 23.1305265 ], [ 72.6449425, 23.1288052 ], [ 72.6457064, 23.1263662 ], [ 72.6462557, 23.1231062 ], [ 72.6468394, 23.1183779 ], [ 72.6471226, 23.1134205 ], [ 72.6472084, 23.1110601 ], [ 72.6471781, 23.1100727 ] ] ] } },
{ "type": "Feature", "properties": { "version": 5, "visible": null, "lon": null, "timestamp": 1346428795, "tags": { "visible": false }, "changeset": null, "lat": null, "id": 29349768, "natural": "water", "water": null, "wetland": null, "osm_type": "way", "grassland": null, "reef": null }, "geometry": { "type": "Polygon", "coordinates": [ [ [ 72.650531, 23.1193222 ], [ 72.6515944, 23.1196962 ], [ 72.6523497, 23.1201935 ], [ 72.6529848, 23.1208013 ], [ 72.6534226, 23.1214643 ], [ 72.653723, 23.1222695 ], [ 72.6538174, 23.1230036 ], [ 72.6538174, 23.1235877 ], [ 72.6536972, 23.1238719 ], [ 72.6535685, 23.124235 ], [ 72.6532681, 23.1253795 ], [ 72.6530819, 23.1253538 ], [ 72.6531222, 23.1241876 ], [ 72.6531565, 23.1238324 ], [ 72.6530964, 23.123564 ], [ 72.6531222, 23.1230431 ], [ 72.6530535, 23.1224984 ], [ 72.6528389, 23.1219064 ], [ 72.6524184, 23.1213459 ], [ 72.652015, 23.120896 ], [ 72.651294, 23.1203908 ], [ 72.6501455, 23.1199486 ], [ 72.6503181, 23.1196681 ], [ 72.650531, 23.1193222 ] ] ] } },
{ "type": "Feature", "properties": { "version": 14, "visible": null, "lon": null, "timestamp": 1666010238, "tags": { "visible": false }, "changeset": null, "lat": null, "id": 29349855, "natural": "water", "water": "river", "wetland": null, "osm_type": "way", "grassland": null, "reef": null }, "geometry": { "type": "Polygon", "coordinates": [ [ [ 72.6613365, 23.1921336 ], [ 72.6615961, 23.1926788 ], [ 72.6622712, 23.1940961 ], [ 72.6631696, 23.195128 ], [ 72.663299, 23.1952764 ], [ 72.6638835, 23.1959467 ], [ 72.6649341, 23.197773 ], [ 72.66539, 23.1985398 ], [ 72.665744, 23.1992475 ], [ 72.6658665, 23.1992393 ], [ 72.6660078, 23.1994421 ], [ 72.6669581, 23.2012925 ], [ 72.6683743, 23.2027756 ], [ 72.6697733, 23.2041009 ], [ 72.671447, 23.2056787 ], [ 72.6735159, 23.2073074 ], [ 72.6737489, 23.2074665 ], [ 72.6748057, 23.2081744 ], [ 72.6774037, 23.2099148 ], [ 72.6797211, 23.2115556 ], [ 72.6816523, 23.2132595 ], [ 72.6831887, 23.2147661 ], [ 72.6850426, 23.2164621 ], [ 72.6861842, 23.2179056 ], [ 72.6870682, 23.2195462 ], [ 72.6880123, 23.221739 ], [ 72.6886303, 23.2236794 ], [ 72.6888878, 23.2251702 ], [ 72.6888363, 23.2264558 ], [ 72.6886561, 23.2287353 ], [ 72.6885273, 23.2305336 ], [ 72.6883814, 23.2322766 ], [ 72.6880897, 23.233549 ], [ 72.6878407, 23.2346348 ], [ 72.687566, 23.2364094 ], [ 72.6870081, 23.2384679 ], [ 72.6862528, 23.2411493 ], [ 72.6858374, 23.2430007 ], [ 72.6851667, 23.2449641 ], [ 72.6849775, 23.2453743 ], [ 72.6848681, 23.2456115 ], [ 72.6844196, 23.2468857 ], [ 72.683532, 23.2486571 ], [ 72.6833517, 23.2509441 ], [ 72.6824763, 23.2556598 ], [ 72.6823441, 23.2576299 ], [ 72.6823218, 23.2579624 ], [ 72.6826136, 23.259437 ], [ 72.6832831, 23.2605094 ], [ 72.684253, 23.2618421 ], [ 72.6851027, 23.262875 ], [ 72.686373, 23.2639396 ], [ 72.6878922, 23.2648779 ], [ 72.6905529, 23.266108 ], [ 72.6934626, 23.2671646 ], [ 72.6954024, 23.2680398 ], [ 72.696398, 23.2688993 ], [ 72.6977455, 23.2703501 ], [ 72.699136, 23.2719822 ], [ 72.7003891, 23.2738194 ], [ 72.7011959, 23.2751598 ], [ 72.6974022, 23.2750809 ], [ 72.696398, 23.2732438 ], [ 72.6954453, 23.2718403 ], [ 72.6939776, 23.2703028 ], [ 72.6923725, 23.2690649 ], [ 72.6902439, 23.267819 ], [ 72.6885702, 23.2670463 ], [ 72.6855318, 23.2660922 ], [ 72.6837723, 23.2653825 ], [ 72.6819956, 23.264665 ], [ 72.680897, 23.2635453 ], [ 72.6800473, 23.2615897 ], [ 72.679558, 23.260194 ], [ 72.6794293, 23.2582778 ], [ 72.679558, 23.2564405 ], [ 72.6794533, 23.2553665 ], [ 72.680485, 23.2526632 ], [ 72.6811974, 23.2508968 ], [ 72.6811614, 23.2488527 ], [ 72.6814224, 23.2481618 ], [ 72.6814549, 23.2473717 ], [ 72.6820587, 23.2453602 ], [ 72.6820177, 23.2440525 ], [ 72.6824931, 23.2425289 ], [ 72.6834396, 23.2387632 ], [ 72.6839036, 23.2367173 ], [ 72.6844628, 23.2337306 ], [ 72.6851626, 23.2314061 ], [ 72.6854662, 23.2266574 ], [ 72.6851926, 23.2249242 ], [ 72.6838724, 23.2218051 ], [ 72.6830348, 23.2203869 ], [ 72.6822227, 23.2192269 ], [ 72.6811353, 23.2172209 ], [ 72.6800573, 23.2158253 ], [ 72.6779091, 23.2139871 ], [ 72.6761825, 23.2125902 ], [ 72.674003, 23.2109235 ], [ 72.6718207, 23.2097526 ], [ 72.6698986, 23.2084737 ], [ 72.6675469, 23.2068674 ], [ 72.6657375, 23.2052778 ], [ 72.664512, 23.2043547 ], [ 72.6624811, 23.2024179 ], [ 72.6618892, 23.2012525 ], [ 72.661813, 23.2009792 ], [ 72.6619172, 23.200936 ], [ 72.659817, 23.1956913 ], [ 72.6590273, 23.1943027 ], [ 72.6579459, 23.1914862 ], [ 72.6570017, 23.188788 ], [ 72.6606836, 23.1876714 ], [ 72.6607515, 23.1888486 ], [ 72.6608173, 23.1900159 ], [ 72.6613365, 23.1921336 ] ] ] } },
{ "type": "Feature", "properties": { "version": 29, "visible": null, "lon": null, "timestamp": 1772032143, "tags": { "visible": false }, "changeset": null, "lat": null, "id": 29350057, "natural": "water", "water": "river", "wetland": null, "osm_type": "way", "grassland": null, "reef": null }, "geometry": { "type": "Polygon", "coordinates": [ [ [ 72.5989759, 23.0822486 ], [ 72.5990445, 23.0806126 ], [ 72.5989104, 23.0777267 ], [ 72.5986685, 23.0770843 ], [ 72.5985046, 23.0763204 ], [ 72.5987003, 23.0761211 ], [ 72.5987615, 23.0756158 ], [ 72.5983148, 23.0741773 ], [ 72.5974209, 23.0721729 ], [ 72.5964051, 23.0706088 ], [ 72.5957785, 23.0697449 ], [ 72.5952138, 23.0690151 ], [ 72.594641, 23.0684969 ], [ 72.5930964, 23.0669494 ], [ 72.5913751, 23.0657254 ], [ 72.5905206, 23.0652107 ], [ 72.5898507, 23.0648568 ], [ 72.5889262, 23.0643395 ], [ 72.5879911, 23.0638915 ], [ 72.5866373, 23.063176 ], [ 72.5855144, 23.0625732 ], [ 72.5847467, 23.0622154 ], [ 72.5839436, 23.061816 ], [ 72.5828541, 23.0610123 ], [ 72.5816339, 23.0600727 ], [ 72.5813747, 23.0598446 ], [ 72.5804771, 23.0590971 ], [ 72.5799795, 23.0586765 ], [ 72.5789295, 23.0577028 ], [ 72.578296, 23.0570054 ], [ 72.577685, 23.0563223 ], [ 72.5777164, 23.0562944 ], [ 72.5772256, 23.0557052 ], [ 72.5768741, 23.0551783 ], [ 72.5766195, 23.0547673 ], [ 72.5759389, 23.0536436 ], [ 72.5755197, 23.0528772 ], [ 72.5751533, 23.052061 ], [ 72.5749004, 23.0515149 ], [ 72.5745257, 23.0506601 ], [ 72.5742395, 23.0499066 ], [ 72.5740254, 23.0491491 ], [ 72.5737517, 23.0481428 ], [ 72.5734445, 23.0468092 ], [ 72.5731961, 23.045829 ], [ 72.5730702, 23.0450498 ], [ 72.5728934, 23.0444634 ], [ 72.5726016, 23.0427496 ], [ 72.5722983, 23.0409677 ], [ 72.5721503, 23.0395199 ], [ 72.5720964, 23.0381033 ], [ 72.5721272, 23.0374897 ], [ 72.5721988, 23.0361782 ], [ 72.5723151, 23.0349833 ], [ 72.5724956, 23.0331086 ], [ 72.5727297, 23.0310306 ], [ 72.57296, 23.0299524 ], [ 72.5730722, 23.0290367 ], [ 72.57342, 23.0271789 ], [ 72.5737053, 23.0256738 ], [ 72.5738389, 23.024776 ], [ 72.5741372, 23.0232379 ], [ 72.5742865, 23.0216201 ], [ 72.5743735, 23.0196302 ], [ 72.5741007, 23.0191448 ], [ 72.5741914, 23.0164084 ], [ 72.5741441, 23.0152486 ], [ 72.574074, 23.0144154 ], [ 72.5740054, 23.0137156 ], [ 72.5742348, 23.0132059 ], [ 72.573574, 23.0112426 ], [ 72.5728154, 23.0096903 ], [ 72.5715639, 23.0077226 ], [ 72.5714058, 23.0075326 ], [ 72.5710093, 23.0069622 ], [ 72.5705245, 23.006269 ], [ 72.5699348, 23.0053474 ], [ 72.5690239, 23.0041026 ], [ 72.5683141, 23.0031051 ], [ 72.5669338, 23.0013772 ], [ 72.5660213, 23.0001167 ], [ 72.5649605, 22.9988931 ], [ 72.5639906, 22.9978118 ], [ 72.5629613, 22.9968762 ], [ 72.5623531, 22.9963576 ], [ 72.56088, 22.995148 ], [ 72.5595923, 22.994358 ], [ 72.5584875, 22.9939512 ], [ 72.558065, 22.9938511 ], [ 72.5574325, 22.9937495 ], [ 72.5568607, 22.9937103 ], [ 72.5563143, 22.9937129 ], [ 72.5563233, 22.9936483 ], [ 72.5561319, 22.9936616 ], [ 72.555936, 22.9936751 ], [ 72.5557193, 22.9937063 ], [ 72.5554744, 22.99374 ], [ 72.5552711, 22.9937746 ], [ 72.5539884, 22.9926886 ], [ 72.5537781, 22.9925494 ], [ 72.5540321, 22.9922718 ], [ 72.5541915, 22.992111 ], [ 72.5543046, 22.9919721 ], [ 72.5545426, 22.9917077 ], [ 72.557602, 22.9883154 ], [ 72.5576763, 22.9883723 ], [ 72.5583204, 22.9887602 ], [ 72.5612366, 22.9916813 ], [ 72.5631126, 22.9934767 ], [ 72.5651587, 22.9954683 ], [ 72.5669858, 22.9974689 ], [ 72.5675812, 22.9981848 ], [ 72.5684932, 22.9993205 ], [ 72.5689226, 22.9999219 ], [ 72.5692674, 23.0004049 ], [ 72.5698286, 23.0011669 ], [ 72.5699076, 23.0012731 ], [ 72.5704118, 23.0019512 ], [ 72.5709086, 23.0025814 ], [ 72.5715552, 23.0033902 ], [ 72.571962, 23.0039749 ], [ 72.5728695, 23.0052592 ], [ 72.573294, 23.0058627 ], [ 72.57373, 23.006483 ], [ 72.5740145, 23.006915 ], [ 72.574577, 23.0077988 ], [ 72.575124, 23.0087357 ], [ 72.5756297, 23.0096388 ], [ 72.5760382, 23.0106422 ], [ 72.5763485, 23.0115323 ], [ 72.5765651, 23.0122274 ], [ 72.5766015, 23.012344 ], [ 72.5767802, 23.0130966 ], [ 72.5768764, 23.0137408 ], [ 72.576966, 23.0150463 ], [ 72.5770734, 23.0164128 ], [ 72.5770533, 23.0167072 ], [ 72.5769783, 23.0187151 ], [ 72.5769302, 23.0200969 ], [ 72.5768885, 23.0208237 ], [ 72.5767372, 23.0221234 ], [ 72.5765503, 23.0238008 ], [ 72.5763764, 23.0249013 ], [ 72.5758817, 23.0278404 ], [ 72.5756266, 23.029163 ], [ 72.57552, 23.0296548 ], [ 72.5754479, 23.0299448 ], [ 72.5754136, 23.0303215 ], [ 72.5753152, 23.0309067 ], [ 72.5752746, 23.03157 ], [ 72.5751185, 23.0325259 ], [ 72.5749714, 23.0340621 ], [ 72.5749245, 23.0345518 ], [ 72.5749099, 23.0347038 ], [ 72.574857, 23.0351922 ], [ 72.5747865, 23.0358428 ], [ 72.5747063, 23.0371485 ], [ 72.5746809, 23.0383496 ], [ 72.5746751, 23.0386261 ], [ 72.5747567, 23.0395602 ], [ 72.5748162, 23.0402659 ], [ 72.5749244, 23.041336 ], [ 72.5752001, 23.0427698 ], [ 72.5756358, 23.0448901 ], [ 72.5760054, 23.0466251 ], [ 72.576424, 23.0483178 ], [ 72.5770961, 23.0502382 ], [ 72.5774977, 23.0511658 ], [ 72.5782005, 23.0525421 ], [ 72.5786506, 23.0533321 ], [ 72.5789505, 23.0538212 ], [ 72.5797258, 23.0548739 ], [ 72.5804808, 23.0557625 ], [ 72.5811109, 23.0563755 ], [ 72.5817506, 23.0569729 ], [ 72.5834325, 23.0583984 ], [ 72.5848126, 23.0594442 ], [ 72.5856366, 23.0599592 ], [ 72.5872273, 23.060768 ], [ 72.5888548, 23.061517 ], [ 72.5893685, 23.0617158 ], [ 72.5898814, 23.061965 ], [ 72.5901339, 23.0620745 ], [ 72.5907275, 23.0623279 ], [ 72.5909948, 23.0624292 ], [ 72.591374, 23.0625814 ], [ 72.5930152, 23.0632957 ], [ 72.5946243, 23.0642992 ], [ 72.5947835, 23.0643985 ], [ 72.5959324, 23.0653 ], [ 72.5966969, 23.0660936 ], [ 72.59685, 23.0662526 ], [ 72.5974303, 23.0670742 ], [ 72.5975469, 23.067194 ], [ 72.5976567, 23.0672991 ], [ 72.5977432, 23.0673956 ], [ 72.5978625, 23.0675379 ], [ 72.5980715, 23.0678885 ], [ 72.5983032, 23.0682645 ], [ 72.598477, 23.0686159 ], [ 72.59896, 23.0694686 ], [ 72.5996615, 23.0707037 ], [ 72.6001979, 23.0717006 ], [ 72.6009725, 23.073272 ], [ 72.6017611, 23.0745877 ], [ 72.6021667, 23.0752431 ], [ 72.6024477, 23.0764473 ], [ 72.6025164, 23.0777107 ], [ 72.6023962, 23.0793136 ], [ 72.6020787, 23.0804981 ], [ 72.6016753, 23.0813745 ], [ 72.6015341, 23.0826049 ], [ 72.5989759, 23.0822486 ] ] ] } },
{ "type": "Feature", "properties": { "version": 1, "visible": null, "lon": null, "timestamp": 1230574470, "tags": { "visible": false, "created_by": "Potlatch 0.10f" }, "changeset": null, "lat": null, "id": 29351890, "natural": "water", "water": null, "wetland": null, "osm_type": "way", "grassland": null, "reef": null }, "geometry": { "type": "Polygon", "coordinates": [ [ [ 72.665171, 23.041168 ], [ 72.6657975, 23.0411601 ], [ 72.6661752, 23.0414523 ], [ 72.6662524, 23.0416103 ], [ 72.6662696, 23.0418551 ], [ 72.666268, 23.0422253 ], [ 72.6658319, 23.0426134 ], [ 72.6651581, 23.0427126 ], [ 72.664863, 23.0424924 ], [ 72.6645809, 23.0422041 ], [ 72.664656, 23.041634 ], [ 72.6648839, 23.0414261 ], [ 72.665171, 23.041168 ] ] ] } },
{ "type": "Feature", "properties": { "version": 2, "visible": null, "lon": null, "timestamp": 1418706570, "tags": { "visible": false, "name": "Chandola Lake" }, "changeset": null, "lat": null, "id": 84639247, "natural": "water", "water": null, "wetland": null, "osm_type": "way", "grassland": null, "reef": null }, "geometry": { "type": "Polygon", "coordinates": [ [ [ 72.5922961, 22.9881346 ], [ 72.592345, 22.9879197 ], [ 72.5923397, 22.9877097 ], [ 72.5922803, 22.9874012 ], [ 72.59235, 22.9871298 ], [ 72.593082, 22.9870298 ], [ 72.5936523, 22.9870298 ], [ 72.5944645, 22.9871888 ], [ 72.5952421, 22.9873002 ], [ 72.5958816, 22.9871888 ], [ 72.5960639, 22.9872028 ], [ 72.5959903, 22.9876303 ], [ 72.5957695, 22.9882975 ], [ 72.5956222, 22.9888084 ], [ 72.5954863, 22.9892098 ], [ 72.5953619, 22.9896013 ], [ 72.5951099, 22.9899224 ], [ 72.5950645, 22.9899856 ], [ 72.5948751, 22.9899274 ], [ 72.5947053, 22.9899494 ], [ 72.5944487, 22.9899722 ], [ 72.5939238, 22.9899969 ], [ 72.5934636, 22.9900847 ], [ 72.5931844, 22.9901841 ], [ 72.5920919, 22.9904958 ], [ 72.5917513, 22.99052 ], [ 72.591539, 22.9905153 ], [ 72.5913476, 22.9905839 ], [ 72.5912184, 22.9905928 ], [ 72.590996, 22.9906483 ], [ 72.5907541, 22.9906018 ], [ 72.5906496, 22.9904874 ], [ 72.5906975, 22.9903379 ], [ 72.590846, 22.9902111 ], [ 72.5915317, 22.9896206 ], [ 72.5921732, 22.9890809 ], [ 72.592197, 22.9889474 ], [ 72.5923326, 22.9889279 ], [ 72.5925213, 22.9889426 ], [ 72.5927738, 22.9889939 ], [ 72.5930131, 22.9890135 ], [ 72.5932869, 22.9890062 ], [ 72.5935394, 22.9889939 ], [ 72.5937521, 22.9889842 ], [ 72.5939355, 22.9889646 ], [ 72.5940764, 22.9889597 ], [ 72.594289, 22.9889474 ], [ 72.5943608, 22.988945 ], [ 72.5943528, 22.9888838 ], [ 72.5939833, 22.9888936 ], [ 72.593523, 22.9888908 ], [ 72.5933529, 22.9888467 ], [ 72.5932763, 22.9887297 ], [ 72.5932204, 22.9885951 ], [ 72.5931673, 22.9884458 ], [ 72.5922961, 22.9881346 ] ] ] } },
{ "type": "Feature", "properties": { "version": 3, "visible": null, "lon": null, "timestamp": 1634603955, "tags": { "visible": false, "name": "Chandola Lake", "wikidata": "Q16890151", "wikipedia": "en:Chandola Lake" }, "changeset": null, "lat": null, "id": 84639248, "natural": "water", "water": null, "wetland": null, "osm_type": "way", "grassland": null, "reef": null }, "geometry": { "type": "Polygon", "coordinates": [ [ [ 72.5830692, 22.9857653 ], [ 72.5839319, 22.9845944 ], [ 72.585414, 22.9833929 ], [ 72.5869181, 22.9829958 ], [ 72.5884809, 22.9833501 ], [ 72.5892226, 22.9837359 ], [ 72.5898066, 22.9838328 ], [ 72.5904117, 22.9843659 ], [ 72.590788, 22.9849636 ], [ 72.5911423, 22.9857713 ], [ 72.5913169, 22.9866168 ], [ 72.5910928, 22.9872891 ], [ 72.5909181, 22.9878501 ], [ 72.5906122, 22.9884329 ], [ 72.5900592, 22.9889013 ], [ 72.5899375, 22.9894613 ], [ 72.5897052, 22.9900314 ], [ 72.5893265, 22.9901872 ], [ 72.5887978, 22.990733 ], [ 72.5885439, 22.9912329 ], [ 72.5878893, 22.9914812 ], [ 72.5871115, 22.991436 ], [ 72.586627, 22.9913728 ], [ 72.5864684, 22.9906638 ], [ 72.5861791, 22.9905203 ], [ 72.5859593, 22.9906273 ], [ 72.584861, 22.9904896 ], [ 72.5839651, 22.98995 ], [ 72.5832794, 22.9893493 ], [ 72.5827217, 22.9889827 ], [ 72.5825364, 22.9885168 ], [ 72.582649, 22.9874453 ], [ 72.5827817, 22.9865595 ], [ 72.5830692, 22.9857653 ] ] ] } },
{ "type": "Feature", "properties": { "version": 3, "visible": null, "lon": null, "timestamp": 1678778082, "tags": { "visible": false, "name": "Sarkej Roza" }, "changeset": null, "lat": null, "id": 85209269, "natural": "water", "water": null, "wetland": null, "osm_type": "way", "grassland": null, "reef": null }, "geometry": { "type": "Polygon", "coordinates": [ [ [ 72.5038295, 22.9932092 ], [ 72.5037224, 22.9908944 ], [ 72.5037189, 22.9908191 ], [ 72.5059956, 22.9907949 ], [ 72.5059677, 22.9928197 ], [ 72.5053335, 22.9928366 ], [ 72.5053387, 22.9931616 ], [ 72.5044934, 22.9931883 ], [ 72.5038295, 22.9932092 ] ] ] } },
{ "type": "Feature", "properties": { "version": 3, "visible": null, "lon": null, "timestamp": 1648846687, "tags": { "visible": false }, "changeset": null, "lat": null, "id": 135070017, "natural": "water", "water": null, "wetland": null, "osm_type": "way", "grassland": null, "reef": null }, "geometry": { "type": "Polygon", "coordinates": [ [ [ 72.5004718, 22.9795302 ], [ 72.5007829, 22.9795673 ], [ 72.5011101, 22.9796167 ], [ 72.5015768, 22.979629 ], [ 72.5019336, 22.9796216 ], [ 72.5022876, 22.9795944 ], [ 72.5024378, 22.9794833 ], [ 72.5026846, 22.9793327 ], [ 72.5027838, 22.9792833 ], [ 72.5028992, 22.9792759 ], [ 72.5030762, 22.9793919 ], [ 72.503323, 22.9795599 ], [ 72.5034195, 22.9796586 ], [ 72.503441, 22.9797253 ], [ 72.5033659, 22.9797772 ], [ 72.503213, 22.9797599 ], [ 72.5029823, 22.9797056 ], [ 72.5028509, 22.9797426 ], [ 72.5027972, 22.9798858 ], [ 72.5026739, 22.9800735 ], [ 72.502529, 22.9802192 ], [ 72.502462, 22.9803278 ], [ 72.5024807, 22.9803846 ], [ 72.5025183, 22.9804365 ], [ 72.5024486, 22.9804488 ], [ 72.502242, 22.9804093 ], [ 72.502057, 22.9803229 ], [ 72.5018531, 22.9803328 ], [ 72.50166, 22.9803031 ], [ 72.5016385, 22.9804414 ], [ 72.5015983, 22.9805772 ], [ 72.5015017, 22.9806365 ], [ 72.501381, 22.980634 ], [ 72.5013381, 22.9805501 ], [ 72.501263, 22.9805032 ], [ 72.5012067, 22.9804859 ], [ 72.5010243, 22.9804513 ], [ 72.5008607, 22.980518 ], [ 72.5006515, 22.9806982 ], [ 72.5005388, 22.9808143 ], [ 72.5003913, 22.980797 ], [ 72.5003189, 22.9807328 ], [ 72.5003189, 22.9806242 ], [ 72.5003645, 22.9804859 ], [ 72.5003457, 22.9803476 ], [ 72.5002304, 22.980234 ], [ 72.5001633, 22.9800389 ], [ 72.5001633, 22.9799476 ], [ 72.5000238, 22.9796932 ], [ 72.5000185, 22.9795821 ], [ 72.5000694, 22.9794759 ], [ 72.5002223, 22.9794759 ], [ 72.5004718, 22.9795302 ] ] ] } },
{ "type": "Feature", "properties": { "version": 1, "visible": null, "lon": null, "timestamp": 1319822960, "tags": { "visible": false, "source:position": "Bing Imagery 2011", "source:tracer": "scanaerial", "source:zoomlevel": "16" }, "changeset": null, "lat": null, "id": 135070019, "natural": "water", "water": null, "wetland": null, "osm_type": "way", "grassland": null, "reef": null }, "geometry": { "type": "Polygon", "coordinates": [ [ [ 72.7024341, 23.0334528 ], [ 72.7023482, 23.0332948 ], [ 72.7023053, 23.0329788 ], [ 72.7024341, 23.0328604 ], [ 72.7024341, 23.0327419 ], [ 72.7026701, 23.0324062 ], [ 72.7028418, 23.0324457 ], [ 72.702949, 23.0325839 ], [ 72.702949, 23.0327419 ], [ 72.7030563, 23.0328406 ], [ 72.7031851, 23.0329196 ], [ 72.7032709, 23.0329196 ], [ 72.7033782, 23.0330183 ], [ 72.7033353, 23.0331368 ], [ 72.7034211, 23.0332553 ], [ 72.7034211, 23.0333738 ], [ 72.7033782, 23.0334133 ], [ 72.7034211, 23.0335318 ], [ 72.7032924, 23.0337292 ], [ 72.7034211, 23.0338477 ], [ 72.7033353, 23.0339267 ], [ 72.7033353, 23.0341242 ], [ 72.7032709, 23.0341834 ], [ 72.703228, 23.0341439 ], [ 72.7031422, 23.0341439 ], [ 72.7030563, 23.0340649 ], [ 72.7029276, 23.0340649 ], [ 72.702713, 23.0342624 ], [ 72.7026057, 23.0340057 ], [ 72.7026057, 23.0338477 ], [ 72.7025199, 23.0337687 ], [ 72.7025199, 23.0336502 ], [ 72.7024341, 23.0334528 ] ] ] } },
{ "type": "Feature", "properties": { "version": 9, "visible": null, "lon": null, "timestamp": 1690489328, "tags": { "visible": false, "name": "Vastrapur Lake" }, "changeset": null, "lat": null, "id": 135070029, "natural": "water", "water": "lake", "wetland": null, "osm_type": "way", "grassland": null, "reef": null }, "geometry": { "type": "Polygon", "coordinates": [ [ [ 72.5289415, 23.0387335 ], [ 72.528871, 23.0387306 ], [ 72.5288575, 23.0388071 ], [ 72.5288065, 23.0388355 ], [ 72.5287282, 23.0388708 ], [ 72.5286934, 23.0389793 ], [ 72.5283452, 23.0389811 ], [ 72.5280497, 23.0389732 ], [ 72.5279722, 23.0389024 ], [ 72.5279459, 23.0384477 ], [ 72.5280327, 23.0383604 ], [ 72.5280733, 23.0383514 ], [ 72.5281386, 23.0383307 ], [ 72.5282208, 23.0382829 ], [ 72.5282504, 23.0382434 ], [ 72.5282772, 23.0381707 ], [ 72.5282805, 23.0381243 ], [ 72.5282786, 23.0380591 ], [ 72.5284897, 23.0379423 ], [ 72.5286382, 23.0379 ], [ 72.5288124, 23.0378932 ], [ 72.5289323, 23.0379258 ], [ 72.5292045, 23.0379206 ], [ 72.529231, 23.0379907 ], [ 72.529283, 23.0380264 ], [ 72.5293577, 23.0380444 ], [ 72.5293986, 23.0380475 ], [ 72.5294346, 23.0380414 ], [ 72.5294865, 23.0380216 ], [ 72.5295308, 23.0379819 ], [ 72.5296005, 23.0379648 ], [ 72.5297805, 23.0379781 ], [ 72.5298303, 23.0380657 ], [ 72.5297812, 23.0386259 ], [ 72.5297936, 23.0387047 ], [ 72.5297531, 23.0387656 ], [ 72.5296904, 23.0388083 ], [ 72.5295831, 23.0388602 ], [ 72.5294544, 23.0388942 ], [ 72.5293242, 23.0388849 ], [ 72.5291405, 23.0387911 ], [ 72.5290401, 23.0387209 ], [ 72.5289415, 23.0387335 ] ] ] } },
{ "type": "Feature", "properties": { "version": 2, "visible": null, "lon": null, "timestamp": 1342858118, "tags": { "visible": false, "source:position": "Bing Imagery 2011", "source:tracer": "scanaerial", "source:zoomlevel": "16" }, "changeset": null, "lat": null, "id": 135070035, "natural": "water", "water": null, "wetland": null, "osm_type": "way", "grassland": null, "reef": null }, "geometry": { "type": "Polygon", "coordinates": [ [ [ 72.6330193, 23.0266568 ], [ 72.6327616, 23.0265383 ], [ 72.6324483, 23.0264924 ], [ 72.6321326, 23.0265968 ], [ 72.6319108, 23.0267847 ], [ 72.6318308, 23.0270493 ], [ 72.6318611, 23.0273653 ], [ 72.6319969, 23.0276249 ], [ 72.6322329, 23.0278649 ], [ 72.63226, 23.0289451 ], [ 72.6318625, 23.0289246 ], [ 72.6308017, 23.0277696 ], [ 72.6307963, 23.026975 ], [ 72.6307802, 23.0265008 ], [ 72.6310873, 23.0262449 ], [ 72.6316237, 23.0257117 ], [ 72.6316237, 23.0256722 ], [ 72.6318322, 23.0254504 ], [ 72.6326079, 23.0254638 ], [ 72.6333036, 23.0254462 ], [ 72.6334386, 23.0254973 ], [ 72.6338149, 23.0258859 ], [ 72.6339841, 23.0260277 ], [ 72.6342177, 23.0261811 ], [ 72.6343569, 23.0263208 ], [ 72.6345015, 23.0264638 ], [ 72.634542, 23.0274495 ], [ 72.6345849, 23.027489 ], [ 72.6345849, 23.027647 ], [ 72.634542, 23.0277655 ], [ 72.6344492, 23.0278743 ], [ 72.6343022, 23.0279979 ], [ 72.6340093, 23.0282779 ], [ 72.6337652, 23.028499 ], [ 72.6333077, 23.0289226 ], [ 72.6331119, 23.028933 ], [ 72.6329901, 23.0289162 ], [ 72.6328868, 23.0288315 ], [ 72.6328884, 23.027852 ], [ 72.6331773, 23.0276089 ], [ 72.6333101, 23.027406 ], [ 72.633342, 23.0272033 ], [ 72.6333369, 23.0270165 ], [ 72.6332621, 23.0268444 ], [ 72.6330193, 23.0266568 ] ] ] } },
{ "type": "Feature", "properties": { "version": 1, "visible": null, "lon": null, "timestamp": 1324112686, "tags": { "visible": false, "source:position": "Bing Imagery 2011", "source:tracer": "scanaerial", "source:zoomlevel": "16" }, "changeset": null, "lat": null, "id": 141607197, "natural": "water", "water": null, "wetland": null, "osm_type": "way", "grassland": null, "reef": null }, "geometry": { "type": "Polygon", "coordinates": [ [ [ 72.5858116, 23.1630293 ], [ 72.5858974, 23.162911 ], [ 72.5860262, 23.1627926 ], [ 72.586112, 23.162832 ], [ 72.5863266, 23.162832 ], [ 72.5863481, 23.1630491 ], [ 72.5864124, 23.1631082 ], [ 72.5866485, 23.1630491 ], [ 72.5866914, 23.1632069 ], [ 72.5865197, 23.1634831 ], [ 72.5864983, 23.1637001 ], [ 72.5864339, 23.1636803 ], [ 72.5864553, 23.1635817 ], [ 72.5862837, 23.1637001 ], [ 72.586112, 23.1637001 ], [ 72.5860691, 23.1636606 ], [ 72.5858974, 23.1636212 ], [ 72.5858116, 23.1636212 ], [ 72.5857687, 23.1636606 ], [ 72.585597, 23.1636212 ], [ 72.5854468, 23.1636409 ], [ 72.5854468, 23.163562 ], [ 72.5855327, 23.1634436 ], [ 72.5855112, 23.1634239 ], [ 72.5854683, 23.1635028 ], [ 72.585361, 23.1634042 ], [ 72.5854254, 23.163345 ], [ 72.5855112, 23.163345 ], [ 72.5858116, 23.1630293 ] ] ] } },
{ "type": "Feature", "properties": { "version": 9, "visible": null, "lon": null, "timestamp": 1679165999, "tags": { "visible": false }, "changeset": null, "lat": null, "id": 142616342, "natural": "water", "water": "river", "wetland": null, "osm_type": "way", "grassland": null, "reef": null }, "geometry": { "type": "Polygon", "coordinates": [ [ [ 72.5537781, 22.9925494 ], [ 72.5529989, 22.9916363 ], [ 72.5508617, 22.9902377 ], [ 72.54959, 22.9895097 ], [ 72.5487424, 22.9888875 ], [ 72.5481201, 22.988522 ], [ 72.5476266, 22.9881664 ], [ 72.5475944, 22.9879294 ], [ 72.5472618, 22.9877911 ], [ 72.5472618, 22.987564 ], [ 72.5464572, 22.9868923 ], [ 72.5461675, 22.9865763 ], [ 72.5459529, 22.9862602 ], [ 72.5453736, 22.9857466 ], [ 72.5451268, 22.9852824 ], [ 72.5449337, 22.9847984 ], [ 72.5448157, 22.984433 ], [ 72.5447298, 22.984107 ], [ 72.5447191, 22.9838008 ], [ 72.5447406, 22.9833366 ], [ 72.5448371, 22.9829909 ], [ 72.5447942, 22.9825365 ], [ 72.5444831, 22.982339 ], [ 72.544011, 22.9820427 ], [ 72.5434853, 22.9820032 ], [ 72.5428737, 22.9817167 ], [ 72.5425572, 22.9815068 ], [ 72.5419672, 22.9809735 ], [ 72.5412912, 22.9805389 ], [ 72.5405188, 22.9800648 ], [ 72.5397677, 22.97964 ], [ 72.538727, 22.9794128 ], [ 72.5381799, 22.979077 ], [ 72.5377829, 22.9788004 ], [ 72.5366778, 22.978672 ], [ 72.5360234, 22.9784745 ], [ 72.5353475, 22.9782769 ], [ 72.5349505, 22.9780695 ], [ 72.5343604, 22.9779312 ], [ 72.5338347, 22.9778522 ], [ 72.5333626, 22.9778818 ], [ 72.5325043, 22.9778423 ], [ 72.5313134, 22.977467 ], [ 72.5299294, 22.9770027 ], [ 72.5293822, 22.976815 ], [ 72.5285454, 22.9766175 ], [ 72.528127, 22.9765977 ], [ 72.5276763, 22.976578 ], [ 72.5268717, 22.9763804 ], [ 72.5258954, 22.9758668 ], [ 72.5254018, 22.9752939 ], [ 72.5247366, 22.9749778 ], [ 72.5244041, 22.974958 ], [ 72.5238891, 22.9750272 ], [ 72.521754, 22.9739999 ], [ 72.5208635, 22.9734862 ], [ 72.5203486, 22.9730417 ], [ 72.5199945, 22.9725725 ], [ 72.5189323, 22.9708093 ], [ 72.5178426, 22.9691791 ], [ 72.516332, 22.9675037 ], [ 72.5136112, 22.9651013 ], [ 72.5128558, 22.9645007 ], [ 72.5104955, 22.9629201 ], [ 72.5089646, 22.9609972 ], [ 72.5081422, 22.9609619 ], [ 72.5075773, 22.959996 ], [ 72.506985, 22.9580676 ], [ 72.5067018, 22.956487 ], [ 72.5065988, 22.9548826 ], [ 72.5069421, 22.9531201 ], [ 72.5077146, 22.9512391 ], [ 72.5086416, 22.9493896 ], [ 72.5096629, 22.9478563 ], [ 72.5107616, 22.9465917 ], [ 72.5121005, 22.9455879 ], [ 72.5134738, 22.9448765 ], [ 72.5149844, 22.9445366 ], [ 72.5168212, 22.9443627 ], [ 72.5186151, 22.9445999 ], [ 72.52016, 22.9450504 ], [ 72.5217222, 22.945659 ], [ 72.5229324, 22.9463071 ], [ 72.5243657, 22.9469236 ], [ 72.5267776, 22.9476113 ], [ 72.5284722, 22.947574 ], [ 72.5294903, 22.947765 ], [ 72.5300786, 22.9477205 ], [ 72.5311471, 22.9470906 ], [ 72.5316004, 22.9470082 ], [ 72.5320321, 22.9467415 ], [ 72.5325086, 22.9460176 ], [ 72.532634, 22.9451309 ], [ 72.5327496, 22.943839 ], [ 72.5327864, 22.9420092 ], [ 72.5334537, 22.9410333 ], [ 72.534232, 22.9402426 ], [ 72.5356402, 22.9399591 ], [ 72.5369076, 22.9394564 ], [ 72.5378782, 22.9386203 ], [ 72.5382542, 22.9376534 ], [ 72.5381909, 22.9358139 ], [ 72.5377223, 22.9336776 ], [ 72.5367162, 22.9324351 ], [ 72.5365404, 22.9316184 ], [ 72.53831, 22.9306175 ], [ 72.5405448, 22.9322058 ], [ 72.5420125, 22.9335892 ], [ 72.5432914, 22.9347116 ], [ 72.5447677, 22.9363953 ], [ 72.546244, 22.9378023 ], [ 72.5472224, 22.9388377 ], [ 72.5477632, 22.9400629 ], [ 72.5483125, 22.941288 ], [ 72.5484584, 22.9425685 ], [ 72.5483468, 22.9438253 ], [ 72.5480893, 22.9456195 ], [ 72.5479606, 22.9469948 ], [ 72.5476001, 22.9484965 ], [ 72.5470079, 22.9500614 ], [ 72.5462354, 22.951247 ], [ 72.5443128, 22.9527803 ], [ 72.5400213, 22.9555386 ], [ 72.5384076, 22.9564158 ], [ 72.5376008, 22.9566134 ], [ 72.5367597, 22.9566134 ], [ 72.5361932, 22.9563842 ], [ 72.5355066, 22.9560523 ], [ 72.5351718, 22.9555702 ], [ 72.5346654, 22.9550643 ], [ 72.5330776, 22.9542345 ], [ 72.5302108, 22.952883 ], [ 72.528271, 22.95165 ], [ 72.5276788, 22.9504724 ], [ 72.5268651, 22.9494965 ], [ 72.5249188, 22.9495509 ], [ 72.5254801, 22.9499921 ], [ 72.5245479, 22.9501467 ], [ 72.5220387, 22.9506002 ], [ 72.5206915, 22.9516098 ], [ 72.5193587, 22.9524126 ], [ 72.5186944, 22.9532246 ], [ 72.5181064, 22.9534141 ], [ 72.517348, 22.9541991 ], [ 72.517248, 22.9545456 ], [ 72.5170481, 22.9547134 ], [ 72.5167659, 22.9547947 ], [ 72.5159939, 22.9555513 ], [ 72.5155031, 22.9557363 ], [ 72.5152872, 22.9561836 ], [ 72.5155019, 22.9566191 ], [ 72.5156896, 22.9576285 ], [ 72.5156843, 22.9585496 ], [ 72.5160369, 22.9603924 ], [ 72.5157656, 22.9612887 ], [ 72.5177911, 22.9652988 ], [ 72.5186322, 22.9665317 ], [ 72.5197137, 22.9680806 ], [ 72.5199113, 22.9693264 ], [ 72.5206194, 22.9710551 ], [ 72.5211237, 22.971549 ], [ 72.5226364, 22.9722997 ], [ 72.5241277, 22.9727936 ], [ 72.5259731, 22.9733171 ], [ 72.5274859, 22.9738999 ], [ 72.5286768, 22.9744728 ], [ 72.5295458, 22.9745321 ], [ 72.530608, 22.9746901 ], [ 72.5314126, 22.9750457 ], [ 72.5342021, 22.9762113 ], [ 72.5355325, 22.9769126 ], [ 72.5362084, 22.9771991 ], [ 72.5387619, 22.9782066 ], [ 72.5394271, 22.9782757 ], [ 72.540221, 22.9786708 ], [ 72.5418732, 22.9797475 ], [ 72.5424526, 22.9803895 ], [ 72.5446132, 22.9817752 ], [ 72.5465873, 22.9826997 ], [ 72.5482095, 22.983316 ], [ 72.5490616, 22.9837873 ], [ 72.5496087, 22.9840243 ], [ 72.5500754, 22.9843848 ], [ 72.5501559, 22.9846416 ], [ 72.5502793, 22.9848343 ], [ 72.5506011, 22.985017 ], [ 72.5514112, 22.9854713 ], [ 72.5517008, 22.9856837 ], [ 72.5520925, 22.9858565 ], [ 72.5523231, 22.985896 ], [ 72.5531546, 22.986296 ], [ 72.5543938, 22.9868689 ], [ 72.554721, 22.9872689 ], [ 72.5562089, 22.9871957 ], [ 72.5573254, 22.9881036 ], [ 72.557602, 22.9883154 ], [ 72.5545426, 22.9917077 ], [ 72.5543046, 22.9919721 ], [ 72.5541915, 22.992111 ], [ 72.5540321, 22.9922718 ], [ 72.5537781, 22.9925494 ] ] ] } },
{ "type": "Feature", "properties": { "version": 2, "visible": null, "lon": null, "timestamp": 1416419772, "tags": { "visible": false, "name": "Asarva Lake" }, "changeset": null, "lat": null, "id": 172374564, "natural": "water", "water": null, "wetland": null, "osm_type": "way", "grassland": null, "reef": null }, "geometry": { "type": "Polygon", "coordinates": [ [ [ 72.6077006, 23.0440327 ], [ 72.6076287, 23.0439233 ], [ 72.6075491, 23.0436555 ], [ 72.6075437, 23.0433742 ], [ 72.6076242, 23.0431866 ], [ 72.6078173, 23.0430879 ], [ 72.6082035, 23.0430385 ], [ 72.6086059, 23.0431273 ], [ 72.6087499, 23.0432273 ], [ 72.6088786, 23.0433902 ], [ 72.6089216, 23.043637 ], [ 72.6088733, 23.0438295 ], [ 72.6087507, 23.0440751 ], [ 72.6084709, 23.0441998 ], [ 72.6078897, 23.0441507 ], [ 72.6077006, 23.0440327 ] ] ] } },
{ "type": "Feature", "properties": { "version": 2, "visible": null, "lon": null, "timestamp": 1641497291, "tags": { "visible": false, "addr:city": "Ahmedabad", "addr:postcode": "382415", "name": "Odhav Talav", "name:en": "Odhav Lake" }, "changeset": null, "lat": null, "id": 172636934, "natural": "water", "water": null, "wetland": null, "osm_type": "way", "grassland": null, "reef": null }, "geometry": { "type": "Polygon", "coordinates": [ [ [ 72.6648656, 23.0258848 ], [ 72.6647597, 23.0257388 ], [ 72.6647356, 23.0255067 ], [ 72.6648616, 23.0252673 ], [ 72.6650521, 23.0250871 ], [ 72.6653712, 23.0250278 ], [ 72.6656448, 23.025097 ], [ 72.6658353, 23.0251488 ], [ 72.665956, 23.0252648 ], [ 72.6659855, 23.0254672 ], [ 72.6659399, 23.0256524 ], [ 72.6658084, 23.0258548 ], [ 72.6655815, 23.0260077 ], [ 72.6652878, 23.0260513 ], [ 72.6650624, 23.0260017 ], [ 72.6648656, 23.0258848 ] ] ] } },
{ "type": "Feature", "properties": { "version": 1, "visible": null, "lon": null, "timestamp": 1343121051, "tags": { "visible": false }, "changeset": null, "lat": null, "id": 172772866, "natural": "water", "water": null, "wetland": null, "osm_type": "way", "grassland": null, "reef": null }, "geometry": { "type": "Polygon", "coordinates": [ [ [ 72.660095, 22.9809628 ], [ 72.6598295, 22.9809549 ], [ 72.6601728, 22.9806092 ], [ 72.6601084, 22.9804808 ], [ 72.6603578, 22.9802927 ], [ 72.6603552, 22.9801647 ], [ 72.6601969, 22.9801741 ], [ 72.6601942, 22.9800462 ], [ 72.6608836, 22.9796605 ], [ 72.6613744, 22.9794832 ], [ 72.661707, 22.9791572 ], [ 72.662053, 22.9787221 ], [ 72.6623722, 22.9787226 ], [ 72.6624607, 22.9788505 ], [ 72.6623534, 22.9791271 ], [ 72.662289, 22.9792456 ], [ 72.6621496, 22.9792654 ], [ 72.6620396, 22.9793943 ], [ 72.6620396, 22.9795425 ], [ 72.6620718, 22.9798388 ], [ 72.6620825, 22.9801647 ], [ 72.6620315, 22.9803223 ], [ 72.6619538, 22.9805203 ], [ 72.6619779, 22.980747 ], [ 72.6618894, 22.9809451 ], [ 72.6612913, 22.981152 ], [ 72.6610847, 22.9812216 ], [ 72.6608836, 22.9812014 ], [ 72.6607736, 22.981271 ], [ 72.6604544, 22.9812804 ], [ 72.660095, 22.9809628 ] ] ] } },
{ "type": "Feature", "properties": { "version": 3, "visible": null, "lon": null, "timestamp": 1731468680, "tags": { "visible": false }, "changeset": null, "lat": null, "id": 172773047, "natural": "water", "water": null, "wetland": null, "osm_type": "way", "grassland": null, "reef": null }, "geometry": { "type": "Polygon", "coordinates": [ [ [ 72.6404639, 22.9871578 ], [ 72.6404559, 22.9870091 ], [ 72.6405283, 22.986575 ], [ 72.6407858, 22.9862491 ], [ 72.6412176, 22.9861893 ], [ 72.6415153, 22.9862293 ], [ 72.6418399, 22.9865251 ], [ 72.6420089, 22.9868121 ], [ 72.6420974, 22.987019 ], [ 72.6421617, 22.9873449 ], [ 72.6420089, 22.9875528 ], [ 72.6419016, 22.987543 ], [ 72.6418157, 22.9877504 ], [ 72.6418801, 22.987859 ], [ 72.6416441, 22.9884022 ], [ 72.6415046, 22.9885306 ], [ 72.6413437, 22.9887578 ], [ 72.6411747, 22.9887672 ], [ 72.6409494, 22.9884511 ], [ 72.6409279, 22.9880758 ], [ 72.6409896, 22.9876714 ], [ 72.6404639, 22.9871578 ] ] ] } },
{ "type": "Feature", "properties": { "version": 1, "visible": null, "lon": null, "timestamp": 1343121258, "tags": { "visible": false }, "changeset": null, "lat": null, "id": 172773096, "natural": "water", "water": null, "wetland": null, "osm_type": "way", "grassland": null, "reef": null }, "geometry": { "type": "Polygon", "coordinates": [ [ [ 72.6289406, 22.9928857 ], [ 72.6289835, 22.9924907 ], [ 72.6289835, 22.9920166 ], [ 72.6290908, 22.9919376 ], [ 72.6294556, 22.9918981 ], [ 72.6298021, 22.9920462 ], [ 72.6298633, 22.9924117 ], [ 72.6296487, 22.9928462 ], [ 72.6289406, 22.9928857 ] ] ] } },
{ "type": "Feature", "properties": { "version": 1, "visible": null, "lon": null, "timestamp": 1344249905, "tags": { "visible": false }, "changeset": null, "lat": null, "id": 174744590, "natural": "water", "water": null, "wetland": null, "osm_type": "way", "grassland": null, "reef": null }, "geometry": { "type": "Polygon", "coordinates": [ [ [ 72.4819206, 23.0302577 ], [ 72.4819096, 23.0302011 ], [ 72.4819823, 23.0300874 ], [ 72.4820494, 23.0300306 ], [ 72.4821484, 23.0300283 ], [ 72.4822586, 23.0300973 ], [ 72.4822854, 23.0302034 ], [ 72.4822181, 23.0302924 ], [ 72.4821162, 23.0303344 ], [ 72.4819955, 23.0303171 ], [ 72.4819206, 23.0302577 ] ] ] } },
{ "type": "Feature", "properties": { "version": 2, "visible": null, "lon": null, "timestamp": 1692047393, "tags": { "visible": false, "name": "Thaltej Lake" }, "changeset": null, "lat": null, "id": 174746368, "natural": "water", "water": "lake", "wetland": null, "osm_type": "way", "grassland": null, "reef": null }, "geometry": { "type": "Polygon", "coordinates": [ [ [ 72.5083975, 23.0513077 ], [ 72.5083653, 23.0512191 ], [ 72.508486, 23.0511759 ], [ 72.5085463, 23.0511263 ], [ 72.5085209, 23.0510523 ], [ 72.5085155, 23.0509536 ], [ 72.5086362, 23.0509264 ], [ 72.5087449, 23.0508662 ], [ 72.5087757, 23.0507808 ], [ 72.5088548, 23.0507956 ], [ 72.5089218, 23.0508415 ], [ 72.5089862, 23.0508943 ], [ 72.5090989, 23.051072 ], [ 72.5091485, 23.0511152 ], [ 72.5092611, 23.0512487 ], [ 72.5093416, 23.0513524 ], [ 72.5094382, 23.0514114 ], [ 72.5094328, 23.0515104 ], [ 72.5094502, 23.0516088 ], [ 72.5093846, 23.0516939 ], [ 72.5092652, 23.0517335 ], [ 72.5090264, 23.0516459 ], [ 72.5089299, 23.0515965 ], [ 72.5088146, 23.0516115 ], [ 72.5086845, 23.0516757 ], [ 72.5086188, 23.0516607 ], [ 72.5086174, 23.0516029 ], [ 72.5085571, 23.0515398 ], [ 72.5085396, 23.0514361 ], [ 72.5084619, 23.0513882 ], [ 72.5083975, 23.0513077 ] ] ] } },
{ "type": "Feature", "properties": { "version": 4, "visible": null, "lon": null, "timestamp": 1632407478, "tags": { "visible": false, "name": "Thaltej Lake" }, "changeset": null, "lat": null, "id": 174746375, "natural": "water", "water": "lake", "wetland": null, "osm_type": "way", "grassland": null, "reef": null }, "geometry": { "type": "Polygon", "coordinates": [ [ [ 72.511273, 23.0513749 ], [ 72.5112699, 23.0512928 ], [ 72.5112493, 23.0511661 ], [ 72.5112701, 23.0509649 ], [ 72.511353, 23.0507149 ], [ 72.5114284, 23.0504883 ], [ 72.5115522, 23.0504427 ], [ 72.5117524, 23.0504112 ], [ 72.5119792, 23.0504058 ], [ 72.5121634, 23.0504502 ], [ 72.5122706, 23.050533 ], [ 72.5123962, 23.0507822 ], [ 72.5125432, 23.0510095 ], [ 72.5126461, 23.0511646 ], [ 72.512794, 23.0513753 ], [ 72.5128566, 23.0514857 ], [ 72.5128962, 23.0515905 ], [ 72.5128929, 23.0516878 ], [ 72.5127695, 23.0517618 ], [ 72.5127051, 23.0518359 ], [ 72.51263, 23.051925 ], [ 72.5125227, 23.0519544 ], [ 72.5125045, 23.0520016 ], [ 72.5123781, 23.0519947 ], [ 72.5124362, 23.0519121 ], [ 72.5123725, 23.0518016 ], [ 72.512292, 23.051752 ], [ 72.5122438, 23.0517917 ], [ 72.5121097, 23.0518115 ], [ 72.5120399, 23.0518361 ], [ 72.5119809, 23.0518065 ], [ 72.511761, 23.0518507 ], [ 72.5116644, 23.0518704 ], [ 72.5115515, 23.0518564 ], [ 72.5115008, 23.0517706 ], [ 72.5114713, 23.0517051 ], [ 72.5113888, 23.0516447 ], [ 72.5112803, 23.0515153 ], [ 72.5112699, 23.0514555 ], [ 72.511273, 23.0513749 ] ] ] } },
{ "type": "Feature", "properties": { "version": 2, "visible": null, "lon": null, "timestamp": 1429710087, "tags": { "visible": false }, "changeset": null, "lat": null, "id": 174746386, "natural": "water", "water": null, "wetland": null, "osm_type": "way", "grassland": null, "reef": null }, "geometry": { "type": "Polygon", "coordinates": [ [ [ 72.5104344, 23.0519832 ], [ 72.5103765, 23.0519141 ], [ 72.5103375, 23.0518545 ], [ 72.5103642, 23.0518035 ], [ 72.5104188, 23.0517526 ], [ 72.5104834, 23.0517345 ], [ 72.5105652, 23.0517139 ], [ 72.5106026, 23.0516938 ], [ 72.5106718, 23.0517003 ], [ 72.5107218, 23.05169 ], [ 72.5107753, 23.0516768 ], [ 72.5107989, 23.0516796 ], [ 72.5108153, 23.051691 ], [ 72.5108922, 23.0517217 ], [ 72.510939, 23.051777 ], [ 72.5109873, 23.0518281 ], [ 72.5110006, 23.0518517 ], [ 72.5110028, 23.0518854 ], [ 72.5109898, 23.0519631 ], [ 72.510977, 23.0520314 ], [ 72.5109443, 23.052047 ], [ 72.5109122, 23.0520796 ], [ 72.5109115, 23.052112 ], [ 72.510873, 23.0521314 ], [ 72.510817, 23.052116 ], [ 72.5107306, 23.052106 ], [ 72.5106899, 23.0520959 ], [ 72.5106666, 23.0520731 ], [ 72.5106047, 23.0520159 ], [ 72.5105543, 23.0520267 ], [ 72.5105173, 23.0520323 ], [ 72.5104988, 23.0520304 ], [ 72.5104344, 23.0519832 ] ] ] } },
{ "type": "Feature", "properties": { "version": 2, "visible": null, "lon": null, "timestamp": 1429766691, "tags": { "visible": false }, "changeset": null, "lat": null, "id": 174746387, "natural": "water", "water": null, "wetland": null, "osm_type": "way", "grassland": null, "reef": null }, "geometry": { "type": "Polygon", "coordinates": [ [ [ 72.5111977, 23.0528774 ], [ 72.5111816, 23.0526997 ], [ 72.5112406, 23.0525566 ], [ 72.511411, 23.0525747 ], [ 72.5114606, 23.0526602 ], [ 72.5115625, 23.0527787 ], [ 72.5115571, 23.0529268 ], [ 72.5115761, 23.053066 ], [ 72.5114668, 23.0530162 ], [ 72.5113372, 23.0529959 ], [ 72.5113157, 23.052927 ], [ 72.5111977, 23.0528774 ] ] ] } },
{ "type": "Feature", "properties": { "version": 2, "visible": null, "lon": null, "timestamp": 1535659702, "tags": { "visible": false, "name": "Sanathal Lake" }, "changeset": null, "lat": null, "id": 176322583, "natural": "water", "water": "lake", "wetland": null, "osm_type": "way", "grassland": null, "reef": null }, "geometry": { "type": "Polygon", "coordinates": [ [ [ 72.468673, 22.9676704 ], [ 72.4689351, 22.9676861 ], [ 72.4691786, 22.9677769 ], [ 72.4693787, 22.9679335 ], [ 72.4695151, 22.9681401 ], [ 72.469575, 22.968393 ], [ 72.4695392, 22.9686498 ], [ 72.4694118, 22.9688805 ], [ 72.4692076, 22.9690584 ], [ 72.4689503, 22.9691627 ], [ 72.46867, 22.9691815 ], [ 72.468399, 22.9691124 ], [ 72.4681691, 22.9689635 ], [ 72.4680068, 22.9687521 ], [ 72.4679333, 22.96852 ], [ 72.4679427, 22.9682783 ], [ 72.4680342, 22.9680516 ], [ 72.4681985, 22.967863 ], [ 72.4684189, 22.9677315 ], [ 72.468673, 22.9676704 ] ] ] } },
{ "type": "Feature", "properties": { "version": 2, "visible": null, "lon": null, "timestamp": 1418706050, "tags": { "visible": false, "name": "Isanpur Lake" }, "changeset": null, "lat": null, "id": 177102390, "natural": "water", "water": null, "wetland": null, "osm_type": "way", "grassland": null, "reef": null }, "geometry": { "type": "Polygon", "coordinates": [ [ [ 72.6008908, 22.9784216 ], [ 72.6009825, 22.9782191 ], [ 72.6012883, 22.977903 ], [ 72.6015721, 22.9776906 ], [ 72.6018939, 22.9776067 ], [ 72.602484, 22.9776067 ], [ 72.6027576, 22.9776808 ], [ 72.603117, 22.9782141 ], [ 72.6030425, 22.9783524 ], [ 72.6029507, 22.9785845 ], [ 72.6029239, 22.9787772 ], [ 72.602565, 22.9790587 ], [ 72.6023553, 22.9792858 ], [ 72.602366, 22.9794982 ], [ 72.6022432, 22.9794735 ], [ 72.6021353, 22.9794982 ], [ 72.602034, 22.9795674 ], [ 72.6020012, 22.9794044 ], [ 72.6019691, 22.979271 ], [ 72.6018462, 22.9791673 ], [ 72.601519, 22.9789747 ], [ 72.6013151, 22.9788117 ], [ 72.6012668, 22.9786734 ], [ 72.6013151, 22.9785599 ], [ 72.6011698, 22.9784018 ], [ 72.6009949, 22.9784981 ], [ 72.6008908, 22.9784216 ] ] ] } },
{ "type": "Feature", "properties": { "version": 2, "visible": null, "lon": null, "timestamp": 1570041396, "tags": { "visible": false }, "changeset": null, "lat": null, "id": 177104260, "natural": "water", "water": null, "wetland": null, "osm_type": "way", "grassland": null, "reef": null }, "geometry": { "type": "Polygon", "coordinates": [ [ [ 72.5770406, 22.9778783 ], [ 72.5770985, 22.9776856 ], [ 72.5769701, 22.9775697 ], [ 72.5768829, 22.9772807 ], [ 72.5768212, 22.9771215 ], [ 72.5769373, 22.976993 ], [ 72.5770648, 22.976814 ], [ 72.577168, 22.9767559 ], [ 72.5772338, 22.9767893 ], [ 72.5775193, 22.9767757 ], [ 72.5775877, 22.976872 ], [ 72.5775985, 22.9770436 ], [ 72.5776146, 22.977419 ], [ 72.5775824, 22.9775869 ], [ 72.5776414, 22.97774 ], [ 72.5772946, 22.9779043 ], [ 72.5770406, 22.9778783 ] ] ] } },
{ "type": "Feature", "properties": { "version": 3, "visible": null, "lon": null, "timestamp": 1564061754, "tags": { "visible": false }, "changeset": null, "lat": null, "id": 177263850, "natural": "water", "water": null, "wetland": null, "osm_type": "way", "grassland": null, "reef": null }, "geometry": { "type": "Polygon", "coordinates": [ [ [ 72.5008843, 22.996828 ], [ 72.5007112, 22.9968546 ], [ 72.5005513, 22.9968344 ], [ 72.500294, 22.9967025 ], [ 72.4999576, 22.9963526 ], [ 72.4997917, 22.9964381 ], [ 72.4997318, 22.9963346 ], [ 72.4999406, 22.9961768 ], [ 72.5001623, 22.9960732 ], [ 72.5003052, 22.9959712 ], [ 72.5004647, 22.9958958 ], [ 72.5006149, 22.9958374 ], [ 72.5009288, 22.9956762 ], [ 72.5012506, 22.9954753 ], [ 72.5015343, 22.9954048 ], [ 72.5017265, 22.9951419 ], [ 72.5018273, 22.9949627 ], [ 72.502041, 22.9948791 ], [ 72.5021738, 22.9947947 ], [ 72.5022828, 22.9946545 ], [ 72.5024139, 22.9945207 ], [ 72.5024526, 22.9943841 ], [ 72.5024691, 22.9942859 ], [ 72.5025274, 22.9939765 ], [ 72.5025572, 22.9938549 ], [ 72.5024083, 22.9938162 ], [ 72.5023851, 22.9937171 ], [ 72.5023875, 22.9935783 ], [ 72.502438, 22.9934952 ], [ 72.5026202, 22.9934778 ], [ 72.5029622, 22.9934597 ], [ 72.503677, 22.993425 ], [ 72.5039542, 22.9934208 ], [ 72.5041815, 22.9934796 ], [ 72.5043669, 22.9933539 ], [ 72.5044418, 22.9936916 ], [ 72.504437, 22.9938667 ], [ 72.5042229, 22.994031 ], [ 72.5042713, 22.9940777 ], [ 72.5042799, 22.9941717 ], [ 72.5043177, 22.994347 ], [ 72.5044434, 22.9944338 ], [ 72.5044688, 22.9945741 ], [ 72.5045309, 22.9946778 ], [ 72.5045422, 22.9948304 ], [ 72.5046068, 22.9950377 ], [ 72.504624, 22.9951404 ], [ 72.5046185, 22.9953643 ], [ 72.50462, 22.9956225 ], [ 72.5045638, 22.9958358 ], [ 72.504453, 22.9958974 ], [ 72.5041728, 22.9959449 ], [ 72.5037901, 22.995985 ], [ 72.5035895, 22.9960173 ], [ 72.5033269, 22.9960701 ], [ 72.5029598, 22.9961729 ], [ 72.5026229, 22.9962537 ], [ 72.5023289, 22.9963283 ], [ 72.5020176, 22.9964167 ], [ 72.5017814, 22.9964759 ], [ 72.5015395, 22.9965491 ], [ 72.5013129, 22.9966468 ], [ 72.5011464, 22.9967208 ], [ 72.5010033, 22.9967859 ], [ 72.5008843, 22.996828 ] ] ] } },
{ "type": "Feature", "properties": { "version": 2, "visible": null, "lon": null, "timestamp": 1696019073, "tags": { "visible": false, "name": "Memnagar Lake" }, "changeset": null, "lat": null, "id": 180663393, "natural": "water", "water": null, "wetland": null, "osm_type": "way", "grassland": null, "reef": null }, "geometry": { "type": "Polygon", "coordinates": [ [ [ 72.5409921, 23.049294 ], [ 72.5409921, 23.0491854 ], [ 72.5410296, 23.0489534 ], [ 72.5410934, 23.0488275 ], [ 72.5412066, 23.048756 ], [ 72.5414158, 23.0487411 ], [ 72.541507, 23.0487806 ], [ 72.5415875, 23.0488399 ], [ 72.541904, 23.0489682 ], [ 72.5421186, 23.0490521 ], [ 72.5423171, 23.0490571 ], [ 72.5425826, 23.049004 ], [ 72.5429565, 23.0490805 ], [ 72.5432771, 23.0491225 ], [ 72.5433626, 23.0492323 ], [ 72.543336, 23.0494322 ], [ 72.5433143, 23.0495285 ], [ 72.543207, 23.0495692 ], [ 72.5427006, 23.0495684 ], [ 72.5426445, 23.0497132 ], [ 72.5426129, 23.0493709 ], [ 72.5425215, 23.0493577 ], [ 72.5425915, 23.0499838 ], [ 72.5425585, 23.0500443 ], [ 72.542456, 23.0501109 ], [ 72.5423219, 23.050106 ], [ 72.5422044, 23.0500344 ], [ 72.5421079, 23.0499308 ], [ 72.5419517, 23.0498691 ], [ 72.5413139, 23.0496297 ], [ 72.5411744, 23.0495704 ], [ 72.5411101, 23.0495013 ], [ 72.5410242, 23.0493977 ], [ 72.5409921, 23.049294 ] ] ] } },
{ "type": "Feature", "properties": { "version": 1, "visible": null, "lon": null, "timestamp": 1373152350, "tags": { "visible": false, "name": "Shilaj Lake" }, "changeset": null, "lat": null, "id": 229021237, "natural": "water", "water": null, "wetland": null, "osm_type": "way", "grassland": null, "reef": null }, "geometry": { "type": "Polygon", "coordinates": [ [ [ 72.4734713, 23.0550493 ], [ 72.4732782, 23.0549013 ], [ 72.4732782, 23.054763 ], [ 72.4733962, 23.0545162 ], [ 72.4738146, 23.0543484 ], [ 72.4741794, 23.0542398 ], [ 72.4743403, 23.0538746 ], [ 72.4740185, 23.0534797 ], [ 72.4737073, 23.0533514 ], [ 72.4734498, 23.0534205 ], [ 72.4732782, 23.0533119 ], [ 72.4732996, 23.0530157 ], [ 72.4736966, 23.0530157 ], [ 72.4744584, 23.0532329 ], [ 72.4749519, 23.0534994 ], [ 72.4752308, 23.0540128 ], [ 72.4754883, 23.0543879 ], [ 72.4756063, 23.0544373 ], [ 72.475778, 23.0544471 ], [ 72.4760033, 23.0545064 ], [ 72.4761428, 23.0547038 ], [ 72.4761964, 23.0550395 ], [ 72.4763252, 23.0552468 ], [ 72.4761642, 23.0554343 ], [ 72.4759818, 23.0553652 ], [ 72.4760569, 23.0552172 ], [ 72.4759926, 23.0550493 ], [ 72.4759604, 23.0546643 ], [ 72.4758316, 23.0546643 ], [ 72.4757244, 23.0548716 ], [ 72.4758746, 23.0549309 ], [ 72.4758531, 23.0551283 ], [ 72.4757887, 23.0553948 ], [ 72.4759282, 23.0555528 ], [ 72.4759497, 23.0556416 ], [ 72.4758316, 23.0557799 ], [ 72.4759818, 23.0558391 ], [ 72.4762072, 23.0557799 ], [ 72.4763359, 23.0558786 ], [ 72.4763359, 23.0559773 ], [ 72.4763359, 23.0561155 ], [ 72.4762286, 23.0561945 ], [ 72.4760677, 23.0561352 ], [ 72.4759282, 23.0561352 ], [ 72.4757995, 23.056234 ], [ 72.475542, 23.056234 ], [ 72.4751128, 23.0560859 ], [ 72.4749519, 23.0557996 ], [ 72.4748231, 23.0556416 ], [ 72.4747266, 23.0555034 ], [ 72.4744798, 23.0554343 ], [ 72.4741579, 23.0554343 ], [ 72.473997, 23.0552468 ], [ 72.4734713, 23.0550493 ] ] ] } },
{ "type": "Feature", "properties": { "version": 2, "visible": null, "lon": null, "timestamp": 1666808237, "tags": { "visible": false, "landuse": "basin", "name": "Chandlodia Lake" }, "changeset": null, "lat": null, "id": 297225637, "natural": "water", "water": "lake", "wetland": null, "osm_type": "way", "grassland": null, "reef": null }, "geometry": { "type": "Polygon", "coordinates": [ [ [ 72.5513157, 23.0844669 ], [ 72.5512138, 23.0841831 ], [ 72.5512353, 23.0839043 ], [ 72.5514847, 23.0834601 ], [ 72.5517422, 23.0832331 ], [ 72.5520667, 23.0830728 ], [ 72.552107, 23.0832208 ], [ 72.5521982, 23.0832356 ], [ 72.5524905, 23.0833343 ], [ 72.5525817, 23.0833911 ], [ 72.5525576, 23.0834601 ], [ 72.552571, 23.0834725 ], [ 72.5530055, 23.0838253 ], [ 72.5530377, 23.0839684 ], [ 72.553027, 23.0841412 ], [ 72.5528795, 23.0843114 ], [ 72.551887, 23.0845162 ], [ 72.5517046, 23.0845582 ], [ 72.5514632, 23.0845631 ], [ 72.5513157, 23.0844669 ] ] ] } },
{ "type": "Feature", "properties": { "version": 1, "visible": null, "lon": null, "timestamp": 1407826362, "tags": { "visible": false, "name": "Auda Lake" }, "changeset": null, "lat": null, "id": 297316929, "natural": "water", "water": "lake", "wetland": null, "osm_type": "way", "grassland": null, "reef": null }, "geometry": { "type": "Polygon", "coordinates": [ [ [ 72.5631975, 23.0882751 ], [ 72.5630278, 23.0882058 ], [ 72.562877, 23.0880439 ], [ 72.5627701, 23.0876738 ], [ 72.5630467, 23.0871072 ], [ 72.5635809, 23.0870667 ], [ 72.5637066, 23.0872055 ], [ 72.5637569, 23.087749 ], [ 72.5637066, 23.0881422 ], [ 72.5634804, 23.0882983 ], [ 72.5631975, 23.0882751 ] ] ] } },
{ "type": "Feature", "properties": { "version": 1, "visible": null, "lon": null, "timestamp": 1414676117, "tags": { "visible": false }, "changeset": null, "lat": null, "id": 310366539, "natural": "water", "water": null, "wetland": null, "osm_type": "way", "grassland": null, "reef": null }, "geometry": { "type": "Polygon", "coordinates": [ [ [ 72.6359272, 23.1946648 ], [ 72.6359272, 23.1945496 ], [ 72.6361429, 23.1945282 ], [ 72.6361516, 23.1946353 ], [ 72.6359272, 23.1946648 ] ] ] } },
{ "type": "Feature", "properties": { "version": 3, "visible": null, "lon": null, "timestamp": 1686198616, "tags": { "visible": false, "name": "Naroda Lake", "source": "bing" }, "changeset": null, "lat": null, "id": 313584708, "natural": "water", "water": "reservoir", "wetland": null, "osm_type": "way", "grassland": null, "reef": null }, "geometry": { "type": "Polygon", "coordinates": [ [ [ 72.6578251, 23.076992 ], [ 72.6581169, 23.077591 ], [ 72.6575247, 23.0776222 ], [ 72.657052, 23.0773705 ], [ 72.6568207, 23.0769358 ], [ 72.6567492, 23.0764731 ], [ 72.6568996, 23.0760267 ], [ 72.6573145, 23.0756741 ], [ 72.6579817, 23.0754936 ], [ 72.6583969, 23.0755919 ], [ 72.6587448, 23.0758223 ], [ 72.6589768, 23.0761507 ], [ 72.6590826, 23.0766984 ], [ 72.6587799, 23.0772583 ], [ 72.6584487, 23.0774746 ], [ 72.6581722, 23.0768974 ], [ 72.6582618, 23.0766844 ], [ 72.6581542, 23.0764099 ], [ 72.657798, 23.0763823 ], [ 72.6575894, 23.0765709 ], [ 72.6576115, 23.0768393 ], [ 72.6578251, 23.076992 ] ] ] } },
{ "type": "Feature", "properties": { "version": 1, "visible": null, "lon": null, "timestamp": 1418170939, "tags": { "visible": false }, "changeset": null, "lat": null, "id": 316612687, "natural": "water", "water": null, "wetland": null, "osm_type": "way", "grassland": null, "reef": null }, "geometry": { "type": "Polygon", "coordinates": [ [ [ 72.6800953, 23.0918184 ], [ 72.6800151, 23.0912679 ], [ 72.6813056, 23.0911088 ], [ 72.6813858, 23.0916593 ], [ 72.6800953, 23.0918184 ] ] ] } },
{ "type": "Feature", "properties": { "version": 1, "visible": null, "lon": null, "timestamp": 1418170939, "tags": { "visible": false }, "changeset": null, "lat": null, "id": 316612689, "natural": "water", "water": null, "wetland": null, "osm_type": "way", "grassland": null, "reef": null }, "geometry": { "type": "Polygon", "coordinates": [ [ [ 72.6818201, 23.0794363 ], [ 72.6818455, 23.0791575 ], [ 72.6819936, 23.0788681 ], [ 72.6822202, 23.0787745 ], [ 72.6825626, 23.0789936 ], [ 72.6825695, 23.0791511 ], [ 72.6823451, 23.0797278 ], [ 72.6822318, 23.079732 ], [ 72.6818201, 23.0794363 ] ] ] } },
{ "type": "Feature", "properties": { "version": 2, "visible": null, "lon": null, "timestamp": 1686198616, "tags": { "visible": false, "name": "Saijpur Lake" }, "changeset": null, "lat": null, "id": 323234510, "natural": "water", "water": "reservoir", "wetland": null, "osm_type": "way", "grassland": null, "reef": null }, "geometry": { "type": "Polygon", "coordinates": [ [ [ 72.6418972, 23.0590863 ], [ 72.6418141, 23.0591694 ], [ 72.6417563, 23.0592293 ], [ 72.6417237, 23.0592825 ], [ 72.6417707, 23.0594256 ], [ 72.642031, 23.0602504 ], [ 72.6419732, 23.0602903 ], [ 72.6419117, 23.0603136 ], [ 72.6418322, 23.060287 ], [ 72.6417996, 23.0603302 ], [ 72.6417129, 23.0603502 ], [ 72.6416008, 23.0603136 ], [ 72.6415358, 23.0602438 ], [ 72.6414165, 23.0601939 ], [ 72.6413695, 23.0602338 ], [ 72.6413839, 23.0603236 ], [ 72.6413478, 23.0603901 ], [ 72.6412827, 23.0603702 ], [ 72.6411779, 23.0603302 ], [ 72.6411128, 23.0603436 ], [ 72.6409429, 23.0602637 ], [ 72.6408887, 23.0601573 ], [ 72.6408706, 23.0600642 ], [ 72.6408634, 23.0599877 ], [ 72.6408887, 23.0599245 ], [ 72.640914, 23.0598613 ], [ 72.6409899, 23.0597415 ], [ 72.6410658, 23.0595885 ], [ 72.6411237, 23.0594555 ], [ 72.6412683, 23.0593058 ], [ 72.6413839, 23.0591961 ], [ 72.6416695, 23.0589865 ], [ 72.6417707, 23.0589599 ], [ 72.6418177, 23.0589799 ], [ 72.6418575, 23.0589998 ], [ 72.6418792, 23.0590364 ], [ 72.6418972, 23.0590863 ] ] ] } },
{ "type": "Feature", "properties": { "version": 3, "visible": null, "lon": null, "timestamp": 1633166409, "tags": { "visible": false, "name": "Mumatpura Lake" }, "changeset": null, "lat": null, "id": 326493488, "natural": "water", "water": "lake", "wetland": null, "osm_type": "way", "grassland": null, "reef": null }, "geometry": { "type": "Polygon", "coordinates": [ [ [ 72.4887439, 23.0160368 ], [ 72.4887771, 23.0160162 ], [ 72.4888203, 23.0159979 ], [ 72.4888942, 23.0159714 ], [ 72.4889411, 23.0159349 ], [ 72.4889699, 23.0159067 ], [ 72.4890204, 23.0158802 ], [ 72.4890582, 23.0158453 ], [ 72.4890816, 23.0158204 ], [ 72.4891159, 23.0157757 ], [ 72.4891303, 23.0157408 ], [ 72.4891501, 23.015706 ], [ 72.4891663, 23.0156761 ], [ 72.4891862, 23.0156247 ], [ 72.4892096, 23.0155683 ], [ 72.4892258, 23.0154937 ], [ 72.4892456, 23.0154406 ], [ 72.4892655, 23.0153992 ], [ 72.4892582, 23.0153262 ], [ 72.4892492, 23.0152764 ], [ 72.4892276, 23.0152366 ], [ 72.4893083, 23.0152276 ], [ 72.4894282, 23.0153917 ], [ 72.4895149, 23.0155102 ], [ 72.489566, 23.0156323 ], [ 72.489612, 23.0156592 ], [ 72.4897103, 23.0156541 ], [ 72.4897959, 23.0156716 ], [ 72.4898308, 23.0157546 ], [ 72.4898259, 23.0158188 ], [ 72.4897935, 23.0158685 ], [ 72.4897466, 23.0159017 ], [ 72.4897178, 23.0159465 ], [ 72.4896727, 23.0159929 ], [ 72.4896439, 23.0160344 ], [ 72.4896277, 23.016056 ], [ 72.4896006, 23.0160825 ], [ 72.489561, 23.0160908 ], [ 72.4895502, 23.016119 ], [ 72.4895249, 23.016124 ], [ 72.4894997, 23.0161041 ], [ 72.4894673, 23.0160974 ], [ 72.4894421, 23.0161289 ], [ 72.4894096, 23.016182 ], [ 72.4893664, 23.0162235 ], [ 72.4893285, 23.0162384 ], [ 72.4892997, 23.0162202 ], [ 72.4892474, 23.0162019 ], [ 72.4892222, 23.0162069 ], [ 72.4891692, 23.0161928 ], [ 72.4891319, 23.0162143 ], [ 72.4890937, 23.0162113 ], [ 72.4890641, 23.0162006 ], [ 72.4890467, 23.0162391 ], [ 72.4890106, 23.0162092 ], [ 72.4889674, 23.0161296 ], [ 72.4889169, 23.0160799 ], [ 72.4888556, 23.0160799 ], [ 72.4888052, 23.0160799 ], [ 72.4887439, 23.0160368 ] ] ] } },
{ "type": "Feature", "properties": { "version": 1, "visible": null, "lon": null, "timestamp": 1423222479, "tags": { "visible": false }, "changeset": null, "lat": null, "id": 326732726, "natural": "water", "water": null, "wetland": null, "osm_type": "way", "grassland": null, "reef": null }, "geometry": { "type": "Polygon", "coordinates": [ [ [ 72.613015, 22.9536823 ], [ 72.6132073, 22.9533932 ], [ 72.6135051, 22.9531938 ], [ 72.6138632, 22.9531146 ], [ 72.613963, 22.9531835 ], [ 72.6139005, 22.9534489 ], [ 72.6142165, 22.9535736 ], [ 72.6143588, 22.9533082 ], [ 72.6145409, 22.9533446 ], [ 72.6147574, 22.9536189 ], [ 72.6148435, 22.9539486 ], [ 72.614786, 22.9542835 ], [ 72.6145936, 22.9545726 ], [ 72.6142958, 22.954772 ], [ 72.6139378, 22.9548512 ], [ 72.6135741, 22.9547983 ], [ 72.61326, 22.9546212 ], [ 72.6130435, 22.9543469 ], [ 72.6129575, 22.9540172 ], [ 72.613015, 22.9536823 ] ] ] } },
{ "type": "Feature", "properties": { "version": 2, "visible": null, "lon": null, "timestamp": 1634603955, "tags": { "visible": false }, "changeset": null, "lat": null, "id": 326971304, "natural": "water", "water": null, "wetland": null, "osm_type": "way", "grassland": null, "reef": null }, "geometry": { "type": "Polygon", "coordinates": [ [ [ 72.5886414, 22.9924636 ], [ 72.5892509, 22.9922008 ], [ 72.5903812, 22.9914679 ], [ 72.5914886, 22.9910719 ], [ 72.5927914, 22.9909248 ], [ 72.5928261, 22.991137 ], [ 72.5923131, 22.9911838 ], [ 72.5919537, 22.9915834 ], [ 72.5919659, 22.9927413 ], [ 72.5918481, 22.9929838 ], [ 72.5901299, 22.9931249 ], [ 72.5889456, 22.9931309 ], [ 72.5886414, 22.9924636 ] ] ] } },
{ "type": "Feature", "properties": { "version": 4, "visible": null, "lon": null, "timestamp": 1641790759, "tags": { "visible": false }, "changeset": null, "lat": null, "id": 336346912, "natural": "water", "water": "lake", "wetland": null, "osm_type": "way", "grassland": null, "reef": null }, "geometry": { "type": "Polygon", "coordinates": [ [ [ 72.511344, 23.0093044 ], [ 72.5114558, 23.0089555 ], [ 72.5115571, 23.0087593 ], [ 72.5116759, 23.0086273 ], [ 72.5118364, 23.0085782 ], [ 72.5119843, 23.0086666 ], [ 72.5122444, 23.0089688 ], [ 72.5123774, 23.0094813 ], [ 72.5123982, 23.0097037 ], [ 72.51236, 23.0097617 ], [ 72.5122724, 23.0098051 ], [ 72.5121649, 23.0098098 ], [ 72.5116526, 23.009496 ], [ 72.5116966, 23.0094453 ], [ 72.511344, 23.0093044 ] ] ] } },
{ "type": "Feature", "properties": { "version": 3, "visible": null, "lon": null, "timestamp": 1745126643, "tags": { "visible": false, "name": "Lotus Pond", "short_name": "LP" }, "changeset": null, "lat": null, "id": 340401815, "natural": "water", "water": "lake", "wetland": null, "osm_type": "way", "grassland": null, "reef": null }, "geometry": { "type": "Polygon", "coordinates": [ [ [ 72.6288326, 23.1886125 ], [ 72.6288238, 23.1885926 ], [ 72.6288226, 23.188571 ], [ 72.6288291, 23.1885503 ], [ 72.6288426, 23.1885328 ], [ 72.6288617, 23.1885202 ], [ 72.6288842, 23.1885141 ], [ 72.6289076, 23.1885151 ], [ 72.6289293, 23.188523 ], [ 72.6289468, 23.1885368 ], [ 72.6289585, 23.1885551 ], [ 72.6289632, 23.1885758 ], [ 72.6289604, 23.1885969 ], [ 72.6289503, 23.1886159 ], [ 72.6289341, 23.188631 ], [ 72.6289135, 23.1886405 ], [ 72.6288907, 23.1886433 ], [ 72.628868, 23.1886393 ], [ 72.628848, 23.1886287 ], [ 72.6288326, 23.1886125 ] ] ] } },
{ "type": "Feature", "properties": { "version": 1, "visible": null, "lon": null, "timestamp": 1437036603, "tags": { "visible": false }, "changeset": null, "lat": null, "id": 360829674, "natural": "water", "water": "lake", "wetland": null, "osm_type": "way", "grassland": null, "reef": null }, "geometry": { "type": "Polygon", "coordinates": [ [ [ 72.463021, 23.0668053 ], [ 72.4631879, 23.0668011 ], [ 72.4632781, 23.066797 ], [ 72.4632781, 23.0667472 ], [ 72.4631653, 23.0667347 ], [ 72.4630345, 23.066743 ], [ 72.4629804, 23.0667057 ], [ 72.462854, 23.0666725 ], [ 72.4627864, 23.0666559 ], [ 72.4626555, 23.0666434 ], [ 72.4626059, 23.0665562 ], [ 72.462651, 23.0665106 ], [ 72.4627007, 23.0665272 ], [ 72.4627999, 23.0665521 ], [ 72.4628721, 23.0665189 ], [ 72.4629217, 23.0664649 ], [ 72.4630571, 23.0664276 ], [ 72.4631022, 23.0664027 ], [ 72.4631969, 23.0664317 ], [ 72.4633142, 23.0664317 ], [ 72.4633999, 23.0664068 ], [ 72.4635398, 23.0663985 ], [ 72.4637022, 23.0663985 ], [ 72.4639052, 23.066411 ], [ 72.4640767, 23.0663736 ], [ 72.4642256, 23.0663777 ], [ 72.4643519, 23.0664193 ], [ 72.4644872, 23.0664691 ], [ 72.4645594, 23.0665023 ], [ 72.4646226, 23.0665479 ], [ 72.4647038, 23.066606 ], [ 72.4647805, 23.066606 ], [ 72.4647985, 23.0666642 ], [ 72.4648797, 23.0667555 ], [ 72.46497, 23.0667804 ], [ 72.4651188, 23.0668053 ], [ 72.465173, 23.0668551 ], [ 72.4651549, 23.0669049 ], [ 72.4651955, 23.0669464 ], [ 72.4652316, 23.0669921 ], [ 72.4652226, 23.0670751 ], [ 72.4651775, 23.0671207 ], [ 72.4652091, 23.0671955 ], [ 72.465164, 23.0672785 ], [ 72.4651775, 23.0673407 ], [ 72.465173, 23.0673947 ], [ 72.465164, 23.0674736 ], [ 72.4650873, 23.06754 ], [ 72.464997, 23.0675649 ], [ 72.4648797, 23.0675607 ], [ 72.4647354, 23.0675607 ], [ 72.4646135, 23.0675607 ], [ 72.4645008, 23.06754 ], [ 72.4644015, 23.0675275 ], [ 72.4642977, 23.0675068 ], [ 72.4641624, 23.0674985 ], [ 72.464018, 23.0674736 ], [ 72.4638285, 23.0674736 ], [ 72.4637203, 23.0674279 ], [ 72.463612, 23.0673947 ], [ 72.4635353, 23.067403 ], [ 72.4634541, 23.0673864 ], [ 72.4633503, 23.0673864 ], [ 72.463215, 23.0673864 ], [ 72.4630661, 23.0673781 ], [ 72.4629849, 23.067349 ], [ 72.4629759, 23.0672702 ], [ 72.4629804, 23.0671581 ], [ 72.4629623, 23.0670668 ], [ 72.4629488, 23.0669672 ], [ 72.4629759, 23.0668759 ], [ 72.463021, 23.0668053 ] ] ] } },
{ "type": "Feature", "properties": { "version": 2, "visible": null, "lon": null, "timestamp": 1744061225, "tags": { "visible": false }, "changeset": null, "lat": null, "id": 366459075, "natural": "water", "water": null, "wetland": null, "osm_type": "way", "grassland": null, "reef": null }, "geometry": { "type": "Polygon", "coordinates": [ [ [ 72.495285, 23.0354599 ], [ 72.4952637, 23.03529 ], [ 72.4953777, 23.035278 ], [ 72.4953791, 23.0352894 ], [ 72.4954374, 23.0352832 ], [ 72.4954421, 23.0353204 ], [ 72.4953904, 23.0353259 ], [ 72.4953933, 23.0353496 ], [ 72.4953395, 23.0353553 ], [ 72.4953448, 23.0353974 ], [ 72.4953986, 23.0353917 ], [ 72.4954002, 23.0354048 ], [ 72.4954534, 23.0353991 ], [ 72.4954587, 23.0354416 ], [ 72.495285, 23.0354599 ] ] ] } },
{ "type": "Feature", "properties": { "version": 2, "visible": null, "lon": null, "timestamp": 1744061225, "tags": { "visible": false }, "changeset": null, "lat": null, "id": 366459076, "natural": "water", "water": null, "wetland": null, "osm_type": "way", "grassland": null, "reef": null }, "geometry": { "type": "Polygon", "coordinates": [ [ [ 72.4954427, 23.0364741 ], [ 72.4954353, 23.0364248 ], [ 72.495427, 23.0364258 ], [ 72.4954188, 23.0363708 ], [ 72.4954264, 23.0363699 ], [ 72.4954182, 23.0363147 ], [ 72.4954617, 23.0363092 ], [ 72.4954581, 23.0362851 ], [ 72.4955533, 23.036273 ], [ 72.4955496, 23.0362482 ], [ 72.4956106, 23.0362405 ], [ 72.4956257, 23.0363413 ], [ 72.4956534, 23.0363378 ], [ 72.4956695, 23.0364453 ], [ 72.4954427, 23.0364741 ] ] ] } },
{ "type": "Feature", "properties": { "version": 2, "visible": null, "lon": null, "timestamp": 1744061225, "tags": { "visible": false }, "changeset": null, "lat": null, "id": 366459081, "natural": "water", "water": null, "wetland": null, "osm_type": "way", "grassland": null, "reef": null }, "geometry": { "type": "Polygon", "coordinates": [ [ [ 72.4925395, 23.0367602 ], [ 72.4925264, 23.0366602 ], [ 72.4925679, 23.0366556 ], [ 72.4925629, 23.0366174 ], [ 72.4925214, 23.036622 ], [ 72.4925097, 23.0365326 ], [ 72.4927366, 23.0365074 ], [ 72.4927445, 23.036568 ], [ 72.4928504, 23.0365563 ], [ 72.492858, 23.0366143 ], [ 72.49276, 23.0366251 ], [ 72.4927743, 23.0367342 ], [ 72.4927039, 23.036742 ], [ 72.4927126, 23.036809 ], [ 72.4926401, 23.0368171 ], [ 72.4926313, 23.0367501 ], [ 72.4925395, 23.0367602 ] ] ] } },
{ "type": "Feature", "properties": { "version": 2, "visible": null, "lon": null, "timestamp": 1744061225, "tags": { "visible": false }, "changeset": null, "lat": null, "id": 366459082, "natural": "water", "water": null, "wetland": null, "osm_type": "way", "grassland": null, "reef": null }, "geometry": { "type": "Polygon", "coordinates": [ [ [ 72.4955268, 23.0357435 ], [ 72.495519, 23.0356815 ], [ 72.4955637, 23.0356767 ], [ 72.4955601, 23.035648 ], [ 72.4955155, 23.0356527 ], [ 72.4955083, 23.0355956 ], [ 72.4955202, 23.0355944 ], [ 72.4955195, 23.0355886 ], [ 72.4957131, 23.0355681 ], [ 72.4957116, 23.0355562 ], [ 72.4957683, 23.0355502 ], [ 72.4957743, 23.0355983 ], [ 72.4957156, 23.0356045 ], [ 72.4957173, 23.0356181 ], [ 72.495683, 23.0356217 ], [ 72.4956959, 23.0357256 ], [ 72.4955268, 23.0357435 ] ] ] } },
{ "type": "Feature", "properties": { "version": 2, "visible": null, "lon": null, "timestamp": 1744061225, "tags": { "visible": false }, "changeset": null, "lat": null, "id": 366459087, "natural": "water", "water": null, "wetland": null, "osm_type": "way", "grassland": null, "reef": null }, "geometry": { "type": "Polygon", "coordinates": [ [ [ 72.4943044, 23.0356345 ], [ 72.4942974, 23.0355712 ], [ 72.494286, 23.0355723 ], [ 72.494285, 23.0355631 ], [ 72.4942357, 23.0355677 ], [ 72.4942309, 23.0355245 ], [ 72.4942204, 23.0355255 ], [ 72.4942123, 23.035452 ], [ 72.494271, 23.0354464 ], [ 72.4942749, 23.035481 ], [ 72.4943035, 23.0354783 ], [ 72.4942987, 23.0354345 ], [ 72.4943348, 23.0354311 ], [ 72.4943404, 23.0354813 ], [ 72.4943535, 23.0354801 ], [ 72.4943465, 23.0354172 ], [ 72.4944025, 23.0354119 ], [ 72.4944039, 23.0354246 ], [ 72.4944485, 23.0354205 ], [ 72.4944705, 23.0356189 ], [ 72.4943044, 23.0356345 ] ] ] } },
{ "type": "Feature", "properties": { "version": 2, "visible": null, "lon": null, "timestamp": 1744061225, "tags": { "visible": false }, "changeset": null, "lat": null, "id": 366459107, "natural": "water", "water": null, "wetland": null, "osm_type": "way", "grassland": null, "reef": null }, "geometry": { "type": "Polygon", "coordinates": [ [ [ 72.4955607, 23.0361859 ], [ 72.4955443, 23.036056 ], [ 72.4956693, 23.0360427 ], [ 72.4956623, 23.0359871 ], [ 72.4956216, 23.0359914 ], [ 72.49562, 23.0359793 ], [ 72.4955636, 23.0359853 ], [ 72.4955586, 23.0359463 ], [ 72.4955435, 23.0359479 ], [ 72.4955339, 23.0358718 ], [ 72.4955492, 23.0358701 ], [ 72.4955437, 23.0358266 ], [ 72.4955969, 23.0358209 ], [ 72.4955946, 23.0358026 ], [ 72.4956457, 23.0357971 ], [ 72.495648, 23.0358156 ], [ 72.4956998, 23.0358101 ], [ 72.4957062, 23.0358604 ], [ 72.4957349, 23.0358573 ], [ 72.4957412, 23.035907 ], [ 72.4957135, 23.0359099 ], [ 72.4957295, 23.0360364 ], [ 72.495751, 23.0360341 ], [ 72.4957694, 23.0361799 ], [ 72.4956249, 23.0361954 ], [ 72.4956229, 23.0361793 ], [ 72.4955607, 23.0361859 ] ] ] } },
{ "type": "Feature", "properties": { "version": 2, "visible": null, "lon": null, "timestamp": 1744061225, "tags": { "visible": false }, "changeset": null, "lat": null, "id": 366459111, "natural": "water", "water": null, "wetland": null, "osm_type": "way", "grassland": null, "reef": null }, "geometry": { "type": "Polygon", "coordinates": [ [ [ 72.4970737, 23.0356093 ], [ 72.4970689, 23.0355329 ], [ 72.4970849, 23.0355321 ], [ 72.4970827, 23.0354976 ], [ 72.4971046, 23.0354965 ], [ 72.4970968, 23.0353714 ], [ 72.4970699, 23.0353729 ], [ 72.4970624, 23.0352534 ], [ 72.4972857, 23.0352415 ], [ 72.4972887, 23.0352893 ], [ 72.4974857, 23.0352788 ], [ 72.4974909, 23.0353617 ], [ 72.4973846, 23.0353674 ], [ 72.4973854, 23.0353791 ], [ 72.4974052, 23.0353781 ], [ 72.4974099, 23.0354534 ], [ 72.497387, 23.0354546 ], [ 72.4973879, 23.0354697 ], [ 72.4974108, 23.0354685 ], [ 72.4974163, 23.0355555 ], [ 72.4973809, 23.0355574 ], [ 72.4973837, 23.035602 ], [ 72.4973043, 23.0356062 ], [ 72.4973071, 23.03565 ], [ 72.4972663, 23.0356521 ], [ 72.4972683, 23.0356844 ], [ 72.4971639, 23.03569 ], [ 72.497162, 23.0356606 ], [ 72.497129, 23.0356624 ], [ 72.4971274, 23.0356373 ], [ 72.4970959, 23.035639 ], [ 72.4970939, 23.0356082 ], [ 72.4970737, 23.0356093 ] ] ] } },
{ "type": "Feature", "properties": { "version": 2, "visible": null, "lon": null, "timestamp": 1744061225, "tags": { "visible": false }, "changeset": null, "lat": null, "id": 366459126, "natural": "water", "water": null, "wetland": null, "osm_type": "way", "grassland": null, "reef": null }, "geometry": { "type": "Polygon", "coordinates": [ [ [ 72.4947668, 23.0365256 ], [ 72.4946687, 23.0363741 ], [ 72.4947297, 23.0363407 ], [ 72.4948278, 23.0364921 ], [ 72.4947668, 23.0365256 ] ] ] } },
{ "type": "Feature", "properties": { "version": 2, "visible": null, "lon": null, "timestamp": 1744061225, "tags": { "visible": false }, "changeset": null, "lat": null, "id": 366459134, "natural": "water", "water": null, "wetland": null, "osm_type": "way", "grassland": null, "reef": null }, "geometry": { "type": "Polygon", "coordinates": [ [ [ 72.4957623, 23.0360895 ], [ 72.4957576, 23.0360302 ], [ 72.4958129, 23.0360265 ], [ 72.4958176, 23.0360858 ], [ 72.4957623, 23.0360895 ] ] ] } },
{ "type": "Feature", "properties": { "version": 2, "visible": null, "lon": null, "timestamp": 1744061225, "tags": { "visible": false }, "changeset": null, "lat": null, "id": 366459138, "natural": "water", "water": null, "wetland": null, "osm_type": "way", "grassland": null, "reef": null }, "geometry": { "type": "Polygon", "coordinates": [ [ [ 72.4956417, 23.0363294 ], [ 72.4956337, 23.0362427 ], [ 72.4956831, 23.0362389 ], [ 72.4956911, 23.0363255 ], [ 72.4956417, 23.0363294 ] ] ] } },
{ "type": "Feature", "properties": { "version": 2, "visible": null, "lon": null, "timestamp": 1744061225, "tags": { "visible": false }, "changeset": null, "lat": null, "id": 366459142, "natural": "water", "water": null, "wetland": null, "osm_type": "way", "grassland": null, "reef": null }, "geometry": { "type": "Polygon", "coordinates": [ [ [ 72.4951982, 23.0363467 ], [ 72.4951865, 23.0362533 ], [ 72.4953047, 23.0362408 ], [ 72.4953164, 23.0363342 ], [ 72.4951982, 23.0363467 ] ] ] } },
{ "type": "Feature", "properties": { "version": 2, "visible": null, "lon": null, "timestamp": 1628796378, "tags": { "visible": false, "name": "Bopal Lake" }, "changeset": null, "lat": null, "id": 366778319, "natural": "water", "water": "lake", "wetland": null, "osm_type": "way", "grassland": null, "reef": null }, "geometry": { "type": "Polygon", "coordinates": [ [ [ 72.4574001, 23.0376937 ], [ 72.4574535, 23.037624 ], [ 72.4575281, 23.0376023 ], [ 72.457605, 23.0376195 ], [ 72.4576152, 23.0375634 ], [ 72.4581551, 23.0376399 ], [ 72.4583147, 23.0377258 ], [ 72.4585622, 23.0379466 ], [ 72.4586938, 23.0379906 ], [ 72.4588202, 23.0380191 ], [ 72.4589085, 23.0380203 ], [ 72.4589897, 23.0380526 ], [ 72.4592714, 23.0382554 ], [ 72.4593914, 23.0384628 ], [ 72.459396, 23.0386752 ], [ 72.459352, 23.0389 ], [ 72.4590932, 23.0392318 ], [ 72.4587799, 23.0395534 ], [ 72.4586617, 23.0396006 ], [ 72.4585578, 23.0396232 ], [ 72.4584524, 23.0396075 ], [ 72.4583616, 23.0395559 ], [ 72.4582991, 23.0394763 ], [ 72.4582746, 23.0393807 ], [ 72.4582607, 23.039335 ], [ 72.458426, 23.0389704 ], [ 72.4583498, 23.038739 ], [ 72.4582338, 23.0386186 ], [ 72.4580707, 23.0385377 ], [ 72.4579678, 23.0385212 ], [ 72.4577497, 23.0385418 ], [ 72.4576174, 23.0385315 ], [ 72.4576247, 23.0385286 ], [ 72.457558, 23.0385217 ], [ 72.4574364, 23.0384599 ], [ 72.4573498, 23.0383599 ], [ 72.4573113, 23.0382371 ], [ 72.4573268, 23.03811 ], [ 72.4573567, 23.0378489 ], [ 72.4574001, 23.0376937 ] ] ] } },
{ "type": "Feature", "properties": { "version": 2, "visible": null, "lon": null, "timestamp": 1744061225, "tags": { "visible": false }, "changeset": null, "lat": null, "id": 366778748, "natural": "water", "water": null, "wetland": null, "osm_type": "way", "grassland": null, "reef": null }, "geometry": { "type": "Polygon", "coordinates": [ [ [ 72.494636, 23.0363284 ], [ 72.4945708, 23.036212 ], [ 72.4947226, 23.0361711 ], [ 72.4946902, 23.0360811 ], [ 72.4945218, 23.0361319 ], [ 72.4944508, 23.0360096 ], [ 72.4949847, 23.035935 ], [ 72.4949907, 23.0359786 ], [ 72.4950347, 23.0359741 ], [ 72.4950771, 23.0362782 ], [ 72.494636, 23.0363284 ] ] ] } },
{ "type": "Feature", "properties": { "version": 2, "visible": null, "lon": null, "timestamp": 1744061225, "tags": { "visible": false }, "changeset": null, "lat": null, "id": 366778776, "natural": "water", "water": null, "wetland": null, "osm_type": "way", "grassland": null, "reef": null }, "geometry": { "type": "Polygon", "coordinates": [ [ [ 72.4952184, 23.0364206 ], [ 72.4952105, 23.0363599 ], [ 72.4953503, 23.0363447 ], [ 72.4953581, 23.0364053 ], [ 72.4952184, 23.0364206 ] ] ] } },
{ "type": "Feature", "properties": { "version": 2, "visible": null, "lon": null, "timestamp": 1744061225, "tags": { "visible": false }, "changeset": null, "lat": null, "id": 366778823, "natural": "water", "water": null, "wetland": null, "osm_type": "way", "grassland": null, "reef": null }, "geometry": { "type": "Polygon", "coordinates": [ [ [ 72.4951074, 23.036406 ], [ 72.4951032, 23.0363594 ], [ 72.4951558, 23.0363554 ], [ 72.49516, 23.036402 ], [ 72.4951074, 23.036406 ] ] ] } },
{ "type": "Feature", "properties": { "version": 3, "visible": null, "lon": null, "timestamp": 1690257208, "tags": { "visible": false }, "changeset": null, "lat": null, "id": 369050341, "natural": "water", "water": "lake", "wetland": null, "osm_type": "way", "grassland": null, "reef": null }, "geometry": { "type": "Polygon", "coordinates": [ [ [ 72.537329, 23.0515758 ], [ 72.5373303, 23.0516256 ], [ 72.5373111, 23.0516779 ], [ 72.5372589, 23.0517374 ], [ 72.5372179, 23.0517641 ], [ 72.5371549, 23.0517819 ], [ 72.5370748, 23.0518018 ], [ 72.5369769, 23.0518117 ], [ 72.5369287, 23.0518142 ], [ 72.536879, 23.0518077 ], [ 72.5368417, 23.0517932 ], [ 72.5368094, 23.0517772 ], [ 72.5367903, 23.0517591 ], [ 72.5367648, 23.0517434 ], [ 72.5367453, 23.051719 ], [ 72.5367337, 23.0516959 ], [ 72.5367178, 23.0516674 ], [ 72.5367171, 23.0516366 ], [ 72.5367191, 23.0516022 ], [ 72.536729, 23.0515674 ], [ 72.5367539, 23.0515197 ], [ 72.536798, 23.0514864 ], [ 72.5368449, 23.0514624 ], [ 72.5368998, 23.0514463 ], [ 72.5369465, 23.0514336 ], [ 72.5369907, 23.0514239 ], [ 72.5370348, 23.0514163 ], [ 72.5370761, 23.0514114 ], [ 72.5371305, 23.051411 ], [ 72.5371809, 23.0514225 ], [ 72.5372403, 23.0514422 ], [ 72.5372953, 23.0514763 ], [ 72.5373182, 23.0515234 ], [ 72.537329, 23.0515758 ] ] ] } },
{ "type": "Feature", "properties": { "version": 2, "visible": null, "lon": null, "timestamp": 1730812765, "tags": { "visible": false }, "changeset": null, "lat": null, "id": 369677549, "natural": "water", "water": "pond", "wetland": null, "osm_type": "way", "grassland": null, "reef": null }, "geometry": { "type": "Polygon", "coordinates": [ [ [ 72.624571, 23.1259692 ], [ 72.6245246, 23.1258171 ], [ 72.6243043, 23.1258846 ], [ 72.6242242, 23.1258416 ], [ 72.6244133, 23.125596 ], [ 72.6243781, 23.1244835 ], [ 72.6252616, 23.1244719 ], [ 72.625382, 23.1255114 ], [ 72.6252346, 23.1256308 ], [ 72.6250009, 23.1259951 ], [ 72.624571, 23.1259692 ] ] ] } },
{ "type": "Feature", "properties": { "version": 5, "visible": null, "lon": null, "timestamp": 1660901170, "tags": { "visible": false, "fishing": "no", "salt": "no", "tidal": "no" }, "changeset": null, "lat": null, "id": 413809871, "natural": "water", "water": "pond", "wetland": null, "osm_type": "way", "grassland": null, "reef": null }, "geometry": { "type": "Polygon", "coordinates": [ [ [ 72.5563184, 23.0200949 ], [ 72.5562968, 23.0201272 ], [ 72.5562498, 23.0201821 ], [ 72.5561766, 23.0202282 ], [ 72.5561189, 23.0202667 ], [ 72.5560744, 23.0202971 ], [ 72.5560681, 23.0203282 ], [ 72.5560455, 23.02042 ], [ 72.5560602, 23.0204731 ], [ 72.5560603, 23.0205268 ], [ 72.5560466, 23.0205873 ], [ 72.5559869, 23.0206286 ], [ 72.5559825, 23.0206287 ], [ 72.5559815, 23.0206702 ], [ 72.5559935, 23.0207043 ], [ 72.5560291, 23.0207413 ], [ 72.5560625, 23.0207745 ], [ 72.5560652, 23.0208129 ], [ 72.5560605, 23.0208456 ], [ 72.5560528, 23.0208811 ], [ 72.5560466, 23.0209062 ], [ 72.5560288, 23.0209341 ], [ 72.5560234, 23.0209669 ], [ 72.5560162, 23.0209966 ], [ 72.5559916, 23.0210093 ], [ 72.5559614, 23.0210168 ], [ 72.55597, 23.0209871 ], [ 72.5559413, 23.0209582 ], [ 72.5559303, 23.020921 ], [ 72.5559095, 23.0209116 ], [ 72.5558816, 23.0209006 ], [ 72.5558472, 23.0208976 ], [ 72.5557991, 23.0208842 ], [ 72.5557703, 23.0208658 ], [ 72.5557463, 23.0208363 ], [ 72.5557391, 23.0208031 ], [ 72.5557551, 23.0207464 ], [ 72.5557719, 23.0207043 ], [ 72.5558512, 23.0206048 ], [ 72.5559036, 23.0205841 ], [ 72.5559077, 23.0204891 ], [ 72.5558888, 23.0204034 ], [ 72.5558222, 23.0204193 ], [ 72.5557433, 23.020375 ], [ 72.5557006, 23.0203304 ], [ 72.5557087, 23.0202738 ], [ 72.5557722, 23.0202044 ], [ 72.55582, 23.020195 ], [ 72.5558382, 23.020176 ], [ 72.5558594, 23.020176 ], [ 72.5558841, 23.0201517 ], [ 72.5558806, 23.0201322 ], [ 72.5558964, 23.0201013 ], [ 72.5559344, 23.0200886 ], [ 72.5559333, 23.0200674 ], [ 72.5559032, 23.0200408 ], [ 72.5559498, 23.0200163 ], [ 72.5559938, 23.0200123 ], [ 72.5560328, 23.0199995 ], [ 72.5560799, 23.020005 ], [ 72.5561896, 23.0199816 ], [ 72.5562597, 23.0199841 ], [ 72.556358, 23.01998 ], [ 72.5564368, 23.0199718 ], [ 72.5565114, 23.019952 ], [ 72.5565889, 23.0199446 ], [ 72.5566753, 23.0199566 ], [ 72.556767, 23.019987 ], [ 72.5568749, 23.0200515 ], [ 72.5569377, 23.0201307 ], [ 72.5569471, 23.0202127 ], [ 72.5569403, 23.0202685 ], [ 72.5568983, 23.0202857 ], [ 72.5567843, 23.020275 ], [ 72.5566644, 23.0202527 ], [ 72.5566008, 23.0202176 ], [ 72.5565563, 23.0201662 ], [ 72.5565092, 23.0201449 ], [ 72.5564481, 23.0201119 ], [ 72.556389, 23.020091 ], [ 72.5563184, 23.0200949 ] ] ] } },
{ "type": "Feature", "properties": { "version": 3, "visible": null, "lon": null, "timestamp": 1635162077, "tags": { "visible": false, "name": "Suryajyot Lake" }, "changeset": null, "lat": null, "id": 420550103, "natural": "water", "water": "lake", "wetland": null, "osm_type": "way", "grassland": null, "reef": null }, "geometry": { "type": "Polygon", "coordinates": [ [ [ 72.6483261, 23.1998989 ], [ 72.6482884, 23.1997919 ], [ 72.6482978, 23.1997051 ], [ 72.6483481, 23.1996068 ], [ 72.6484558, 23.1995379 ], [ 72.648567, 23.1994974 ], [ 72.6486733, 23.1994524 ], [ 72.6488198, 23.1994183 ], [ 72.6488755, 23.1993721 ], [ 72.6489553, 23.1993078 ], [ 72.6490419, 23.1992409 ], [ 72.6491372, 23.1992061 ], [ 72.6492397, 23.1991991 ], [ 72.6493495, 23.1992535 ], [ 72.6494451, 23.1993361 ], [ 72.6495345, 23.1994296 ], [ 72.649635, 23.1994786 ], [ 72.6497247, 23.1994717 ], [ 72.6498737, 23.1994216 ], [ 72.6500177, 23.1993799 ], [ 72.6501857, 23.1993928 ], [ 72.6503681, 23.1994766 ], [ 72.6504657, 23.199601 ], [ 72.6504988, 23.1996636 ], [ 72.650524, 23.1997896 ], [ 72.650497, 23.1999237 ], [ 72.6504511, 23.1999969 ], [ 72.6503696, 23.20006 ], [ 72.6501918, 23.200153 ], [ 72.6499402, 23.2002633 ], [ 72.6498069, 23.2003438 ], [ 72.6496477, 23.2004257 ], [ 72.6495179, 23.2004756 ], [ 72.6493891, 23.2005355 ], [ 72.6492294, 23.2005955 ], [ 72.649055, 23.2006036 ], [ 72.6489411, 23.2005555 ], [ 72.6488484, 23.2003876 ], [ 72.6487509, 23.2002604 ], [ 72.6486691, 23.2001707 ], [ 72.6485967, 23.2001071 ], [ 72.6484992, 23.2000406 ], [ 72.6484079, 23.1999827 ], [ 72.6483261, 23.1998989 ] ] ] } },
{ "type": "Feature", "properties": { "version": 2, "visible": null, "lon": null, "timestamp": 1634609385, "tags": { "visible": false, "name": "Chenpur Lake" }, "changeset": null, "lat": null, "id": 424053785, "natural": "water", "water": null, "wetland": null, "osm_type": "way", "grassland": null, "reef": null }, "geometry": { "type": "Polygon", "coordinates": [ [ [ 72.5589441, 23.1033784 ], [ 72.5589119, 23.1032896 ], [ 72.5589621, 23.1028556 ], [ 72.5590337, 23.1027649 ], [ 72.5591933, 23.1027286 ], [ 72.5594618, 23.1026456 ], [ 72.5596216, 23.1026622 ], [ 72.5598855, 23.102586 ], [ 72.5600357, 23.1027271 ], [ 72.5601752, 23.1028751 ], [ 72.5602315, 23.1029171 ], [ 72.5602449, 23.1030749 ], [ 72.5602101, 23.1033532 ], [ 72.5602315, 23.1035333 ], [ 72.5602891, 23.1036569 ], [ 72.5602917, 23.1037251 ], [ 72.5602362, 23.1037871 ], [ 72.560078, 23.10387 ], [ 72.559902, 23.1039948 ], [ 72.5598319, 23.1040963 ], [ 72.5596933, 23.1040631 ], [ 72.5595987, 23.1040045 ], [ 72.5595721, 23.103947 ], [ 72.5595273, 23.1039157 ], [ 72.559493, 23.1039072 ], [ 72.5594393, 23.1038831 ], [ 72.5593976, 23.1038769 ], [ 72.5593614, 23.1038511 ], [ 72.5592445, 23.1037707 ], [ 72.5591855, 23.1037312 ], [ 72.5591747, 23.1035856 ], [ 72.559126, 23.1034991 ], [ 72.5590759, 23.1034395 ], [ 72.5589441, 23.1033784 ] ] ] } },
{ "type": "Feature", "properties": { "version": 1, "visible": null, "lon": null, "timestamp": 1465808157, "tags": { "visible": false }, "changeset": null, "lat": null, "id": 424713830, "natural": "water", "water": null, "wetland": null, "osm_type": "way", "grassland": null, "reef": null }, "geometry": { "type": "Polygon", "coordinates": [ [ [ 72.6485322, 22.9878098 ], [ 72.6483927, 22.9877703 ], [ 72.6483447, 22.9876407 ], [ 72.6483337, 22.9874345 ], [ 72.6483873, 22.9872469 ], [ 72.6484463, 22.9871234 ], [ 72.648559, 22.9871234 ], [ 72.6486555, 22.9871975 ], [ 72.6487146, 22.9874395 ], [ 72.6486931, 22.9876469 ], [ 72.6486287, 22.9877703 ], [ 72.6485322, 22.9878098 ] ] ] } },
{ "type": "Feature", "properties": { "version": 1, "visible": null, "lon": null, "timestamp": 1465815747, "tags": { "visible": false }, "changeset": null, "lat": null, "id": 424727309, "natural": "water", "water": null, "wetland": null, "osm_type": "way", "grassland": null, "reef": null }, "geometry": { "type": "Polygon", "coordinates": [ [ [ 72.6208946, 22.9664063 ], [ 72.6207793, 22.9663075 ], [ 72.6206854, 22.9662383 ], [ 72.6205996, 22.9660111 ], [ 72.620562, 22.9658037 ], [ 72.6203992, 22.9656665 ], [ 72.6205111, 22.9653024 ], [ 72.6209912, 22.9652678 ], [ 72.6213023, 22.9651962 ], [ 72.6215732, 22.9652381 ], [ 72.6217315, 22.9652826 ], [ 72.6217288, 22.9654629 ], [ 72.6216537, 22.9656506 ], [ 72.6215142, 22.9658827 ], [ 72.621364, 22.9661865 ], [ 72.621254, 22.9662853 ], [ 72.6210207, 22.9663766 ], [ 72.6208946, 22.9664063 ] ] ] } },
{ "type": "Feature", "properties": { "version": 2, "visible": null, "lon": null, "timestamp": 1634607436, "tags": { "visible": false }, "changeset": null, "lat": null, "id": 451825414, "natural": "water", "water": null, "wetland": null, "osm_type": "way", "grassland": null, "reef": null }, "geometry": { "type": "Polygon", "coordinates": [ [ [ 72.5410752, 23.0845978 ], [ 72.5412639, 23.0846225 ], [ 72.5413366, 23.0847177 ], [ 72.5413315, 23.0848729 ], [ 72.5413638, 23.0850132 ], [ 72.5413337, 23.0851871 ], [ 72.5411215, 23.0852634 ], [ 72.5409463, 23.0852119 ], [ 72.5409134, 23.0850874 ], [ 72.5409272, 23.0849535 ], [ 72.541028, 23.0846743 ], [ 72.5410752, 23.0845978 ] ] ] } },
{ "type": "Feature", "properties": { "version": 1, "visible": null, "lon": null, "timestamp": 1478500142, "tags": { "visible": false }, "changeset": null, "lat": null, "id": 451826306, "natural": "water", "water": null, "wetland": null, "osm_type": "way", "grassland": null, "reef": null }, "geometry": { "type": "Polygon", "coordinates": [ [ [ 72.5372514, 23.0864626 ], [ 72.5372341, 23.0858719 ], [ 72.5373169, 23.0855162 ], [ 72.5373927, 23.0853239 ], [ 72.5374882, 23.0852921 ], [ 72.5376798, 23.0852875 ], [ 72.5378401, 23.0853668 ], [ 72.537951, 23.0855596 ], [ 72.5377536, 23.0864947 ], [ 72.5372514, 23.0864626 ] ] ] } },
{ "type": "Feature", "properties": { "version": 2, "visible": null, "lon": null, "timestamp": 1479736231, "tags": { "visible": false }, "changeset": null, "lat": null, "id": 454798783, "natural": "water", "water": "lake", "wetland": null, "osm_type": "way", "grassland": null, "reef": null }, "geometry": { "type": "Polygon", "coordinates": [ [ [ 72.5372201, 23.1674255 ], [ 72.5373432, 23.1672577 ], [ 72.5359275, 23.1663801 ], [ 72.5359723, 23.166319 ], [ 72.5356194, 23.1661001 ], [ 72.535878, 23.1657477 ], [ 72.5361931, 23.1659432 ], [ 72.5361027, 23.1660664 ], [ 72.5371618, 23.1667238 ], [ 72.537201, 23.1666704 ], [ 72.5373809, 23.1667823 ], [ 72.5381304, 23.165763 ], [ 72.5380544, 23.1657157 ], [ 72.538162, 23.1655695 ], [ 72.5370848, 23.1648994 ], [ 72.5370331, 23.1649696 ], [ 72.5368616, 23.1648628 ], [ 72.5367177, 23.1650581 ], [ 72.5364604, 23.1648979 ], [ 72.5366667, 23.1646178 ], [ 72.5369147, 23.1647722 ], [ 72.5370493, 23.1645896 ], [ 72.5375198, 23.1648826 ], [ 72.5376449, 23.1647128 ], [ 72.5385259, 23.1652617 ], [ 72.5387272, 23.1649886 ], [ 72.5390508, 23.1651902 ], [ 72.5388516, 23.1654605 ], [ 72.5388096, 23.1654343 ], [ 72.5386927, 23.165593 ], [ 72.53868, 23.165585 ], [ 72.5386257, 23.1656587 ], [ 72.5386382, 23.1656664 ], [ 72.5383225, 23.1660948 ], [ 72.5383095, 23.1660866 ], [ 72.5382517, 23.1661651 ], [ 72.5382654, 23.1661736 ], [ 72.5379567, 23.1665933 ], [ 72.5379442, 23.1665856 ], [ 72.5378848, 23.1666665 ], [ 72.5378978, 23.1666746 ], [ 72.5376944, 23.1669519 ], [ 72.5377382, 23.166979 ], [ 72.5373511, 23.1675068 ], [ 72.5372201, 23.1674255 ] ] ] } },
{ "type": "Feature", "properties": { "version": 1, "visible": null, "lon": null, "timestamp": 1479728278, "tags": { "visible": false, "golf": "water_hazard" }, "changeset": null, "lat": null, "id": 454862685, "natural": "water", "water": null, "wetland": null, "osm_type": "way", "grassland": null, "reef": null }, "geometry": { "type": "Polygon", "coordinates": [ [ [ 72.5363914, 23.1712501 ], [ 72.5364143, 23.1712702 ], [ 72.5364034, 23.1713103 ], [ 72.5363456, 23.1714307 ], [ 72.5362823, 23.1714929 ], [ 72.5361928, 23.1715441 ], [ 72.5360891, 23.1715621 ], [ 72.5359855, 23.1715581 ], [ 72.5359047, 23.171519 ], [ 72.5358491, 23.1714638 ], [ 72.5358163, 23.1714418 ], [ 72.5357923, 23.1714468 ], [ 72.5357557, 23.1714085 ], [ 72.5357749, 23.1713948 ], [ 72.5357774, 23.1713795 ], [ 72.5357657, 23.171352 ], [ 72.5357308, 23.1712725 ], [ 72.5357092, 23.1712533 ], [ 72.5356801, 23.1712381 ], [ 72.5356144, 23.1712197 ], [ 72.5355445, 23.1711723 ], [ 72.5355096, 23.171131 ], [ 72.5354979, 23.1710722 ], [ 72.5355104, 23.1709965 ], [ 72.5355428, 23.1709292 ], [ 72.5356135, 23.1708528 ], [ 72.5356834, 23.1708153 ], [ 72.5357923, 23.1707839 ], [ 72.5359428, 23.1707442 ], [ 72.5360168, 23.1708894 ], [ 72.5359861, 23.1709032 ], [ 72.5359487, 23.17093 ], [ 72.5359146, 23.1709605 ], [ 72.5358821, 23.1709972 ], [ 72.5358547, 23.1710446 ], [ 72.5358331, 23.171115 ], [ 72.5358356, 23.1711746 ], [ 72.5358583, 23.1712525 ], [ 72.5358911, 23.1712977 ], [ 72.5359459, 23.1713428 ], [ 72.5360171, 23.1713742 ], [ 72.536094, 23.1713886 ], [ 72.5361738, 23.1713841 ], [ 72.5362528, 23.17135 ], [ 72.5363154, 23.1713088 ], [ 72.5363496, 23.1712676 ], [ 72.5363674, 23.1712505 ], [ 72.5363914, 23.1712501 ] ] ] } },
{ "type": "Feature", "properties": { "version": 1, "visible": null, "lon": null, "timestamp": 1479728278, "tags": { "visible": false, "golf": "water_hazard" }, "changeset": null, "lat": null, "id": 454862686, "natural": "water", "water": null, "wetland": null, "osm_type": "way", "grassland": null, "reef": null }, "geometry": { "type": "Polygon", "coordinates": [ [ [ 72.5360373, 23.170887 ], [ 72.5359624, 23.1707397 ], [ 72.5360476, 23.1707189 ], [ 72.5361612, 23.1707228 ], [ 72.5362611, 23.1707541 ], [ 72.5363324, 23.1707939 ], [ 72.5364017, 23.1708753 ], [ 72.536457, 23.1710278 ], [ 72.536461, 23.1711001 ], [ 72.5364496, 23.1711234 ], [ 72.536423, 23.171135 ], [ 72.5363917, 23.1711289 ], [ 72.5363704, 23.1711068 ], [ 72.5363511, 23.1710431 ], [ 72.5363144, 23.1709831 ], [ 72.5362591, 23.170928 ], [ 72.5361732, 23.1708894 ], [ 72.5361119, 23.1708802 ], [ 72.5360373, 23.170887 ] ] ] } },
{ "type": "Feature", "properties": { "version": 1, "visible": null, "lon": null, "timestamp": 1479729755, "tags": { "visible": false, "golf": "water_hazard" }, "changeset": null, "lat": null, "id": 454865432, "natural": "water", "water": null, "wetland": null, "osm_type": "way", "grassland": null, "reef": null }, "geometry": { "type": "Polygon", "coordinates": [ [ [ 72.5360369, 23.1695677 ], [ 72.5360433, 23.1695988 ], [ 72.5360369, 23.1696221 ], [ 72.536013, 23.1696467 ], [ 72.5359764, 23.169659 ], [ 72.5359229, 23.1696557 ], [ 72.5358891, 23.1696382 ], [ 72.5358595, 23.1696253 ], [ 72.5358412, 23.1696259 ], [ 72.5358089, 23.1696408 ], [ 72.5357347, 23.1696704 ], [ 72.5356666, 23.1696821 ], [ 72.5354996, 23.169674 ], [ 72.5351563, 23.1696326 ], [ 72.5351025, 23.169636 ], [ 72.5345802, 23.1698133 ], [ 72.5344855, 23.169841 ], [ 72.5344198, 23.1698609 ], [ 72.5343775, 23.1698868 ], [ 72.5343503, 23.1698626 ], [ 72.5344031, 23.1698372 ], [ 72.5344765, 23.1698132 ], [ 72.534567, 23.1697882 ], [ 72.5346357, 23.1697637 ], [ 72.534936, 23.1696518 ], [ 72.535067, 23.1696116 ], [ 72.5351444, 23.1696002 ], [ 72.5353615, 23.1696357 ], [ 72.5356475, 23.1696532 ], [ 72.5358108, 23.1696217 ], [ 72.5358501, 23.1695976 ], [ 72.5358562, 23.1695763 ], [ 72.5358783, 23.1695513 ], [ 72.5359197, 23.1695253 ], [ 72.535959, 23.1695179 ], [ 72.5360023, 23.1695309 ], [ 72.5360205, 23.1695476 ], [ 72.5360369, 23.1695677 ] ] ] } },
{ "type": "Feature", "properties": { "version": 1, "visible": null, "lon": null, "timestamp": 1479729755, "tags": { "visible": false, "golf": "water_hazard" }, "changeset": null, "lat": null, "id": 454865433, "natural": "water", "water": null, "wetland": null, "osm_type": "way", "grassland": null, "reef": null }, "geometry": { "type": "Polygon", "coordinates": [ [ [ 72.534261, 23.1699431 ], [ 72.534282, 23.1699608 ], [ 72.5342628, 23.1699779 ], [ 72.534247, 23.1699962 ], [ 72.5342202, 23.169986 ], [ 72.5342365, 23.1699645 ], [ 72.534261, 23.1699431 ] ] ] } },
{ "type": "Feature", "properties": { "version": 1, "visible": null, "lon": null, "timestamp": 1479729755, "tags": { "visible": false, "golf": "water_hazard" }, "changeset": null, "lat": null, "id": 454865434, "natural": "water", "water": null, "wetland": null, "osm_type": "way", "grassland": null, "reef": null }, "geometry": { "type": "Polygon", "coordinates": [ [ [ 72.5342313, 23.170016 ], [ 72.5342126, 23.1700465 ], [ 72.5341619, 23.1701028 ], [ 72.5340978, 23.1701945 ], [ 72.5340742, 23.1702373 ], [ 72.5340576, 23.1703016 ], [ 72.5340514, 23.1703736 ], [ 72.5340597, 23.1703993 ], [ 72.534112, 23.1704588 ], [ 72.5340965, 23.1704779 ], [ 72.5340255, 23.1703936 ], [ 72.5340177, 23.1703817 ], [ 72.5340141, 23.1703212 ], [ 72.5340221, 23.1702634 ], [ 72.5340525, 23.1701785 ], [ 72.5340996, 23.170113 ], [ 72.5342036, 23.170002 ], [ 72.5342313, 23.170016 ] ] ] } },
{ "type": "Feature", "properties": { "version": 1, "visible": null, "lon": null, "timestamp": 1479729755, "tags": { "visible": false, "golf": "water_hazard" }, "changeset": null, "lat": null, "id": 454865435, "natural": "water", "water": null, "wetland": null, "osm_type": "way", "grassland": null, "reef": null }, "geometry": { "type": "Polygon", "coordinates": [ [ [ 72.5341502, 23.1704925 ], [ 72.5341977, 23.1705267 ], [ 72.5342651, 23.1705687 ], [ 72.5343869, 23.1706123 ], [ 72.5345087, 23.1706512 ], [ 72.5345533, 23.1706896 ], [ 72.5345847, 23.1707459 ], [ 72.5345882, 23.1708021 ], [ 72.534551, 23.1708833 ], [ 72.5344654, 23.1709632 ], [ 72.53443, 23.1710013 ], [ 72.5343798, 23.1710413 ], [ 72.5343544, 23.1710198 ], [ 72.5343912, 23.170989 ], [ 72.5344246, 23.170938 ], [ 72.5344293, 23.1709042 ], [ 72.5344266, 23.1708489 ], [ 72.5344146, 23.1707991 ], [ 72.5343939, 23.1707462 ], [ 72.5343337, 23.1706546 ], [ 72.5343156, 23.1706306 ], [ 72.5342635, 23.1705901 ], [ 72.5342113, 23.1705513 ], [ 72.5341418, 23.1705009 ], [ 72.5341502, 23.1704925 ] ] ] } },
{ "type": "Feature", "properties": { "version": 1, "visible": null, "lon": null, "timestamp": 1479729755, "tags": { "visible": false, "golf": "water_hazard" }, "changeset": null, "lat": null, "id": 454865436, "natural": "water", "water": null, "wetland": null, "osm_type": "way", "grassland": null, "reef": null }, "geometry": { "type": "Polygon", "coordinates": [ [ [ 72.5343677, 23.1710448 ], [ 72.5343148, 23.1710906 ], [ 72.5343121, 23.1711008 ], [ 72.5343174, 23.171112 ], [ 72.5342788, 23.1711329 ], [ 72.5342619, 23.1711202 ], [ 72.5342397, 23.1711222 ], [ 72.5342211, 23.1711017 ], [ 72.5342248, 23.1710935 ], [ 72.534255, 23.1710794 ], [ 72.5342973, 23.1710677 ], [ 72.5343296, 23.1710463 ], [ 72.5343502, 23.1710264 ], [ 72.5343677, 23.1710448 ] ] ] } },
{ "type": "Feature", "properties": { "version": 1, "visible": null, "lon": null, "timestamp": 1479729755, "tags": { "visible": false, "golf": "water_hazard" }, "changeset": null, "lat": null, "id": 454865437, "natural": "water", "water": null, "wetland": null, "osm_type": "way", "grassland": null, "reef": null }, "geometry": { "type": "Polygon", "coordinates": [ [ [ 72.5343164, 23.1711255 ], [ 72.5343387, 23.1711454 ], [ 72.5343688, 23.1711588 ], [ 72.5344267, 23.1712063 ], [ 72.5345061, 23.17129 ], [ 72.5345802, 23.1714035 ], [ 72.5346272, 23.1714474 ], [ 72.5346881, 23.1714737 ], [ 72.5346897, 23.1715205 ], [ 72.534628, 23.1715006 ], [ 72.534564, 23.1714616 ], [ 72.5345277, 23.171429 ], [ 72.5344834, 23.1713407 ], [ 72.534452, 23.1712983 ], [ 72.534378, 23.1712182 ], [ 72.5343354, 23.1711783 ], [ 72.5342883, 23.1711399 ], [ 72.5343164, 23.1711255 ] ] ] } },
{ "type": "Feature", "properties": { "version": 1, "visible": null, "lon": null, "timestamp": 1479729756, "tags": { "visible": false, "golf": "water_hazard" }, "changeset": null, "lat": null, "id": 454865438, "natural": "water", "water": null, "wetland": null, "osm_type": "way", "grassland": null, "reef": null }, "geometry": { "type": "Polygon", "coordinates": [ [ [ 72.5347125, 23.1714803 ], [ 72.5347827, 23.171498 ], [ 72.5348699, 23.1715079 ], [ 72.5349671, 23.1715135 ], [ 72.5350454, 23.1715071 ], [ 72.5351011, 23.1714987 ], [ 72.5351587, 23.1715011 ], [ 72.5352344, 23.1715047 ], [ 72.5353699, 23.171511 ], [ 72.5355394, 23.1715163 ], [ 72.5356073, 23.171515 ], [ 72.5356925, 23.1714834 ], [ 72.5357495, 23.171414 ], [ 72.5357837, 23.1714506 ], [ 72.5357296, 23.1714836 ], [ 72.5356705, 23.17151 ], [ 72.5356098, 23.1715288 ], [ 72.5355373, 23.1715322 ], [ 72.5353682, 23.1715252 ], [ 72.5352314, 23.1715195 ], [ 72.5351564, 23.1715179 ], [ 72.5351018, 23.1715178 ], [ 72.5350447, 23.1715264 ], [ 72.5349655, 23.1715309 ], [ 72.5348687, 23.1715304 ], [ 72.5347133, 23.1715243 ], [ 72.5347125, 23.1714803 ] ] ] } },
{ "type": "Feature", "properties": { "version": 1, "visible": null, "lon": null, "timestamp": 1482726716, "tags": { "visible": false }, "changeset": null, "lat": null, "id": 461795950, "natural": "water", "water": "pond", "wetland": null, "osm_type": "way", "grassland": null, "reef": null }, "geometry": { "type": "Polygon", "coordinates": [ [ [ 72.538828, 23.007043 ], [ 72.5393055, 23.006216 ], [ 72.5405526, 23.0069986 ], [ 72.5400994, 23.007527 ], [ 72.538828, 23.007043 ] ] ] } },
{ "type": "Feature", "properties": { "version": 3, "visible": null, "lon": null, "timestamp": 1496084172, "tags": { "visible": false, "addr:city": "Gandhinagar", "addr:postcode": "382424", "addr:street": "Serenade Farm, Survey no. 121, Sughad, Near Koba circle" }, "changeset": null, "lat": null, "id": 483688320, "natural": "water", "water": "pond", "wetland": null, "osm_type": "way", "grassland": null, "reef": null }, "geometry": { "type": "Polygon", "coordinates": [ [ [ 72.6356218, 23.1259785 ], [ 72.6353622, 23.1254384 ], [ 72.6367952, 23.125082 ], [ 72.6371106, 23.126317 ], [ 72.6363445, 23.1264206 ], [ 72.6361958, 23.1258404 ], [ 72.6356218, 23.1259785 ] ] ] } },
{ "type": "Feature", "properties": { "version": 2, "visible": null, "lon": null, "timestamp": 1691665979, "tags": { "visible": false, "name": "Kund" }, "changeset": null, "lat": null, "id": 530535814, "natural": "water", "water": null, "wetland": null, "osm_type": "way", "grassland": null, "reef": null }, "geometry": { "type": "Polygon", "coordinates": [ [ [ 72.4955092, 23.0802316 ], [ 72.495476, 23.0800904 ], [ 72.4956301, 23.0800597 ], [ 72.4956633, 23.080201 ], [ 72.4955092, 23.0802316 ] ] ] } },
{ "type": "Feature", "properties": { "version": 3, "visible": null, "lon": null, "timestamp": 1736428583, "tags": { "visible": false, "intermittent": "yes" }, "changeset": null, "lat": null, "id": 550891920, "natural": "water", "water": "lake", "wetland": null, "osm_type": "way", "grassland": null, "reef": null }, "geometry": { "type": "Polygon", "coordinates": [ [ [ 72.5055635, 23.0323626 ], [ 72.5055695, 23.0321478 ], [ 72.5056015, 23.0319841 ], [ 72.5056607, 23.0319152 ], [ 72.5058188, 23.0318915 ], [ 72.5059146, 23.0318977 ], [ 72.506175, 23.0319516 ], [ 72.5063164, 23.0320073 ], [ 72.5064516, 23.0321237 ], [ 72.5066229, 23.0321343 ], [ 72.506771, 23.0321364 ], [ 72.5068093, 23.0322314 ], [ 72.506822, 23.0323654 ], [ 72.5067623, 23.0324671 ], [ 72.5066598, 23.0325554 ], [ 72.5065323, 23.0326035 ], [ 72.5063949, 23.0326165 ], [ 72.506197, 23.03263 ], [ 72.5058973, 23.032638 ], [ 72.505725, 23.0326066 ], [ 72.5056505, 23.0325733 ], [ 72.5055949, 23.0324665 ], [ 72.5055635, 23.0323626 ] ] ] } },
{ "type": "Feature", "properties": { "version": 2, "visible": null, "lon": null, "timestamp": 1693805918, "tags": { "visible": false }, "changeset": null, "lat": null, "id": 621306280, "natural": "water", "water": "lake", "wetland": null, "osm_type": "way", "grassland": null, "reef": null }, "geometry": { "type": "Polygon", "coordinates": [ [ [ 72.4726263, 22.9638861 ], [ 72.4723331, 22.9638018 ], [ 72.4722415, 22.9636668 ], [ 72.4722599, 22.9634981 ], [ 72.4722599, 22.9632451 ], [ 72.4723331, 22.9630258 ], [ 72.472498, 22.9627896 ], [ 72.4727362, 22.9627221 ], [ 72.4729011, 22.9626378 ], [ 72.473066, 22.9625028 ], [ 72.4731942, 22.962486 ], [ 72.4733774, 22.9625197 ], [ 72.4735777, 22.962674 ], [ 72.4735638, 22.9629413 ], [ 72.4734874, 22.9631945 ], [ 72.4733958, 22.9633126 ], [ 72.4734136, 22.9634908 ], [ 72.473348, 22.9636607 ], [ 72.4732925, 22.9637355 ], [ 72.4731803, 22.963803 ], [ 72.4729847, 22.9638988 ], [ 72.4728828, 22.9639704 ], [ 72.4726263, 22.9638861 ] ] ] } },
{ "type": "Feature", "properties": { "version": 3, "visible": null, "lon": null, "timestamp": 1736428583, "tags": { "visible": false, "intermittent": "yes", "name": "Sargasan Lake" }, "changeset": null, "lat": null, "id": 655923300, "natural": "water", "water": "lake", "wetland": null, "osm_type": "way", "grassland": null, "reef": null }, "geometry": { "type": "Polygon", "coordinates": [ [ [ 72.6165336, 23.1875859 ], [ 72.6164719, 23.1875218 ], [ 72.6164451, 23.1872309 ], [ 72.6164356, 23.1867344 ], [ 72.6164361, 23.1866862 ], [ 72.6164437, 23.1866385 ], [ 72.6164585, 23.1865923 ], [ 72.6164788, 23.1865506 ], [ 72.6165049, 23.1865118 ], [ 72.6165363, 23.1864764 ], [ 72.6165771, 23.1864473 ], [ 72.6166221, 23.1864241 ], [ 72.6166704, 23.1864074 ], [ 72.6167234, 23.1863971 ], [ 72.6167775, 23.1863947 ], [ 72.6168314, 23.1864 ], [ 72.6169574, 23.1864222 ], [ 72.6170173, 23.1864318 ], [ 72.6170757, 23.1864474 ], [ 72.6171318, 23.186469 ], [ 72.6171933, 23.1865012 ], [ 72.6172498, 23.1865405 ], [ 72.6172795, 23.1865767 ], [ 72.6173031, 23.1866164 ], [ 72.6173202, 23.1866589 ], [ 72.6173303, 23.1867032 ], [ 72.6173331, 23.1867529 ], [ 72.6173272, 23.1868024 ], [ 72.6173127, 23.1868504 ], [ 72.61729, 23.1868956 ], [ 72.6170781, 23.1873172 ], [ 72.6168957, 23.1875514 ], [ 72.6166999, 23.1876402 ], [ 72.6165336, 23.1875859 ] ] ] } },
{ "type": "Feature", "properties": { "version": 2, "visible": null, "lon": null, "timestamp": 1738096283, "tags": { "visible": false }, "changeset": null, "lat": null, "id": 663649570, "natural": "water", "water": "basin", "wetland": null, "osm_type": "way", "grassland": null, "reef": null }, "geometry": { "type": "Polygon", "coordinates": [ [ [ 72.5455179, 22.9621028 ], [ 72.5449092, 22.9594407 ], [ 72.5476105, 22.958917 ], [ 72.5482192, 22.9615791 ], [ 72.5455179, 22.9621028 ] ] ] } },
{ "type": "Feature", "properties": { "version": 1, "visible": null, "lon": null, "timestamp": 1549360281, "tags": { "visible": false }, "changeset": null, "lat": null, "id": 668423637, "natural": "water", "water": "pond", "wetland": null, "osm_type": "way", "grassland": null, "reef": null }, "geometry": { "type": "Polygon", "coordinates": [ [ [ 72.7304825, 23.0136087 ], [ 72.7302424, 23.0132435 ], [ 72.729616, 23.012619 ], [ 72.7290523, 23.0122251 ], [ 72.7289166, 23.0120233 ], [ 72.7289584, 23.0117831 ], [ 72.7291358, 23.0116293 ], [ 72.729616, 23.0115429 ], [ 72.7300545, 23.0116534 ], [ 72.7301902, 23.0119224 ], [ 72.7300806, 23.0121002 ], [ 72.7301902, 23.0124797 ], [ 72.7307748, 23.0133492 ], [ 72.7304825, 23.0136087 ] ] ] } },
{ "type": "Feature", "properties": { "version": 1, "visible": null, "lon": null, "timestamp": 1549361034, "tags": { "visible": false }, "changeset": null, "lat": null, "id": 668425059, "natural": "water", "water": "pond", "wetland": null, "osm_type": "way", "grassland": null, "reef": null }, "geometry": { "type": "Polygon", "coordinates": [ [ [ 72.7320694, 22.9818302 ], [ 72.7331032, 22.9818023 ], [ 72.7338589, 22.9820751 ], [ 72.7340463, 22.9835778 ], [ 72.7344574, 22.9845407 ], [ 72.7348323, 22.9862049 ], [ 72.7345542, 22.9861659 ], [ 72.734264, 22.9850639 ], [ 72.7338589, 22.9842402 ], [ 72.7335566, 22.9841511 ], [ 72.7333873, 22.983383 ], [ 72.7325591, 22.9828098 ], [ 72.7320633, 22.9822866 ], [ 72.7320694, 22.9818302 ] ] ] } },
{ "type": "Feature", "properties": { "version": 1, "visible": null, "lon": null, "timestamp": 1549361611, "tags": { "visible": false }, "changeset": null, "lat": null, "id": 668426256, "natural": "water", "water": "pond", "wetland": null, "osm_type": "way", "grassland": null, "reef": null }, "geometry": { "type": "Polygon", "coordinates": [ [ [ 72.6914409, 22.9793943 ], [ 72.6912525, 22.9787351 ], [ 72.6918629, 22.9774167 ], [ 72.6923151, 22.9774445 ], [ 72.6927975, 22.977951 ], [ 72.6931065, 22.9788114 ], [ 72.6925111, 22.9795053 ], [ 72.6914409, 22.9793943 ] ] ] } },
{ "type": "Feature", "properties": { "version": 1, "visible": null, "lon": null, "timestamp": 1549361611, "tags": { "visible": false }, "changeset": null, "lat": null, "id": 668426258, "natural": "water", "water": "pond", "wetland": null, "osm_type": "way", "grassland": null, "reef": null }, "geometry": { "type": "Polygon", "coordinates": [ [ [ 72.6794262, 22.9771346 ], [ 72.6792817, 22.976845 ], [ 72.6793431, 22.9764956 ], [ 72.6795275, 22.976216 ], [ 72.67986, 22.9760463 ], [ 72.6803733, 22.9760862 ], [ 72.680536, 22.976216 ], [ 72.6806047, 22.9765921 ], [ 72.6805035, 22.9770847 ], [ 72.6798926, 22.9772877 ], [ 72.6794262, 22.9771346 ] ] ] } },
{ "type": "Feature", "properties": { "version": 1, "visible": null, "lon": null, "timestamp": 1551430440, "tags": { "visible": false }, "changeset": null, "lat": null, "id": 673827810, "natural": "water", "water": "pond", "wetland": null, "osm_type": "way", "grassland": null, "reef": null }, "geometry": { "type": "Polygon", "coordinates": [ [ [ 72.7041532, 23.1025863 ], [ 72.7039389, 23.1024827 ], [ 72.7037027, 23.1024225 ], [ 72.7035246, 23.1021986 ], [ 72.7035937, 23.1020114 ], [ 72.7040733, 23.1018677 ], [ 72.7041423, 23.1017073 ], [ 72.7045202, 23.1017607 ], [ 72.7048218, 23.1019212 ], [ 72.705029, 23.1023423 ], [ 72.7048327, 23.1025094 ], [ 72.7041532, 23.1025863 ] ] ] } },
{ "type": "Feature", "properties": { "version": 1, "visible": null, "lon": null, "timestamp": 1551446951, "tags": { "visible": false }, "changeset": null, "lat": null, "id": 673883035, "natural": "water", "water": "pond", "wetland": null, "osm_type": "way", "grassland": null, "reef": null }, "geometry": { "type": "Polygon", "coordinates": [ [ [ 72.4688117, 23.1992153 ], [ 72.4687075, 23.1984867 ], [ 72.4684991, 23.1982619 ], [ 72.4685263, 23.1979829 ], [ 72.4687664, 23.197704 ], [ 72.4692012, 23.1974125 ], [ 72.4696225, 23.1974459 ], [ 72.4700483, 23.1979538 ], [ 72.469618, 23.1994069 ], [ 72.4688117, 23.1992153 ] ] ] } },
{ "type": "Feature", "properties": { "version": 1, "visible": null, "lon": null, "timestamp": 1552869292, "tags": { "visible": false, "intermittent": "no", "salt": "no" }, "changeset": null, "lat": null, "id": 677535844, "natural": "water", "water": "pond", "wetland": null, "osm_type": "way", "grassland": null, "reef": null }, "geometry": { "type": "Polygon", "coordinates": [ [ [ 72.5790404, 23.1855172 ], [ 72.5790288, 23.1854797 ], [ 72.5790615, 23.1854582 ], [ 72.5790685, 23.1854078 ], [ 72.5790323, 23.1853659 ], [ 72.5790019, 23.1853477 ], [ 72.5790019, 23.1852951 ], [ 72.5790404, 23.1852468 ], [ 72.5791152, 23.1851727 ], [ 72.5792366, 23.1851556 ], [ 72.5793055, 23.1851609 ], [ 72.5794514, 23.1851223 ], [ 72.5795623, 23.1850719 ], [ 72.579637, 23.1850933 ], [ 72.5796954, 23.1852414 ], [ 72.5797445, 23.1853294 ], [ 72.579769, 23.1853895 ], [ 72.5797491, 23.1854518 ], [ 72.5797199, 23.1854786 ], [ 72.5793638, 23.1855301 ], [ 72.5792471, 23.1855419 ], [ 72.5792413, 23.185499 ], [ 72.5790404, 23.1855172 ] ] ] } },
{ "type": "Feature", "properties": { "version": 1, "visible": null, "lon": null, "timestamp": 1560636474, "tags": { "visible": false }, "changeset": null, "lat": null, "id": 697465539, "natural": "water", "water": "pond", "wetland": null, "osm_type": "way", "grassland": null, "reef": null }, "geometry": { "type": "Polygon", "coordinates": [ [ [ 72.5683525, 22.9938666 ], [ 72.5648514, 22.993953 ], [ 72.5648246, 22.9929744 ], [ 72.5683273, 22.9928787 ], [ 72.5683525, 22.9938666 ] ] ] } },
{ "type": "Feature", "properties": { "version": 1, "visible": null, "lon": null, "timestamp": 1560636474, "tags": { "visible": false }, "changeset": null, "lat": null, "id": 697465540, "natural": "water", "water": "pond", "wetland": null, "osm_type": "way", "grassland": null, "reef": null }, "geometry": { "type": "Polygon", "coordinates": [ [ [ 72.5648229, 22.992905 ], [ 72.5648028, 22.9919279 ], [ 72.5682887, 22.9918384 ], [ 72.5683256, 22.9928216 ], [ 72.5648229, 22.992905 ] ] ] } },
{ "type": "Feature", "properties": { "version": 1, "visible": null, "lon": null, "timestamp": 1567610211, "tags": { "visible": false }, "changeset": null, "lat": null, "id": 721958902, "natural": "water", "water": "pond", "wetland": null, "osm_type": "way", "grassland": null, "reef": null }, "geometry": { "type": "Polygon", "coordinates": [ [ [ 72.6885053, 23.0232514 ], [ 72.688419, 23.0229687 ], [ 72.6886261, 23.0226256 ], [ 72.6886537, 23.0223809 ], [ 72.6887918, 23.0222793 ], [ 72.6891404, 23.0221681 ], [ 72.6897514, 23.0222189 ], [ 72.6899965, 23.0224667 ], [ 72.6899724, 23.0231307 ], [ 72.6896341, 23.0235914 ], [ 72.689206, 23.0236994 ], [ 72.6887693, 23.0235485 ], [ 72.6885053, 23.0232514 ] ] ] } },
{ "type": "Feature", "properties": { "version": 3, "visible": null, "lon": null, "timestamp": 1632407478, "tags": { "visible": false }, "changeset": null, "lat": null, "id": 722140661, "natural": "water", "water": "pond", "wetland": null, "osm_type": "way", "grassland": null, "reef": null }, "geometry": { "type": "Polygon", "coordinates": [ [ [ 72.5177102, 23.1676184 ], [ 72.51779, 23.1672801 ], [ 72.5176773, 23.1672382 ], [ 72.5175935, 23.1671609 ], [ 72.5175986, 23.167026 ], [ 72.5176239, 23.1668158 ], [ 72.5176986, 23.1667079 ], [ 72.5178224, 23.1666032 ], [ 72.5179671, 23.166557 ], [ 72.5181189, 23.1665655 ], [ 72.518171, 23.1666822 ], [ 72.5188759, 23.1668824 ], [ 72.5196849, 23.1671784 ], [ 72.5200174, 23.1672328 ], [ 72.5201698, 23.1671923 ], [ 72.5203599, 23.1671088 ], [ 72.5206229, 23.1670939 ], [ 72.5211475, 23.1669156 ], [ 72.5215001, 23.1665902 ], [ 72.5216984, 23.1665318 ], [ 72.5217241, 23.1668385 ], [ 72.5216624, 23.1672046 ], [ 72.5219819, 23.1675295 ], [ 72.5220478, 23.1679159 ], [ 72.5217366, 23.1682576 ], [ 72.5211299, 23.1682275 ], [ 72.5207077, 23.168256 ], [ 72.5202223, 23.1682327 ], [ 72.5194452, 23.1680317 ], [ 72.5191381, 23.1680588 ], [ 72.51881, 23.1681634 ], [ 72.5185244, 23.1682025 ], [ 72.5182474, 23.1681084 ], [ 72.5178728, 23.167818 ], [ 72.517789, 23.1678486 ], [ 72.5176763, 23.1677821 ], [ 72.5176864, 23.1676731 ], [ 72.5177102, 23.1676184 ] ] ] } },
{ "type": "Feature", "properties": { "version": 1, "visible": null, "lon": null, "timestamp": 1577361609, "tags": { "visible": false }, "changeset": null, "lat": null, "id": 758691086, "natural": "water", "water": "reservoir", "wetland": null, "osm_type": "way", "grassland": null, "reef": null }, "geometry": { "type": "Polygon", "coordinates": [ [ [ 72.6881486, 23.1085565 ], [ 72.6880719, 23.1084528 ], [ 72.6877877, 23.1083117 ], [ 72.6876569, 23.108237 ], [ 72.6875125, 23.1080337 ], [ 72.6875125, 23.1078719 ], [ 72.6875847, 23.1077475 ], [ 72.6877471, 23.1076396 ], [ 72.6879817, 23.107594 ], [ 72.6882162, 23.1076271 ], [ 72.6883786, 23.1076852 ], [ 72.68855, 23.1078221 ], [ 72.6886403, 23.1080296 ], [ 72.6886312, 23.1082412 ], [ 72.6885906, 23.1084072 ], [ 72.6885049, 23.1085109 ], [ 72.6883741, 23.1085607 ], [ 72.6882882, 23.108576 ], [ 72.6882343, 23.1085856 ], [ 72.6881486, 23.1085565 ] ] ] } },
{ "type": "Feature", "properties": { "version": 1, "visible": null, "lon": null, "timestamp": 1577361609, "tags": { "visible": false }, "changeset": null, "lat": null, "id": 758691087, "natural": "water", "water": "reservoir", "wetland": null, "osm_type": "way", "grassland": null, "reef": null }, "geometry": { "type": "Polygon", "coordinates": [ [ [ 72.6962607, 23.0848529 ], [ 72.6961159, 23.0848183 ], [ 72.696073, 23.0847591 ], [ 72.6961212, 23.0845963 ], [ 72.6960354, 23.084537 ], [ 72.6960354, 23.0844877 ], [ 72.6962017, 23.0843397 ], [ 72.6963251, 23.0841669 ], [ 72.6964646, 23.0840534 ], [ 72.6968454, 23.0838264 ], [ 72.6970225, 23.0837524 ], [ 72.6971297, 23.0837524 ], [ 72.69728, 23.0837869 ], [ 72.6974784, 23.0838264 ], [ 72.6976286, 23.0838856 ], [ 72.6977467, 23.0839942 ], [ 72.6978379, 23.0840633 ], [ 72.6978969, 23.0840633 ], [ 72.697972, 23.0840041 ], [ 72.6980578, 23.0840041 ], [ 72.6980524, 23.0840633 ], [ 72.6979612, 23.0841965 ], [ 72.6978593, 23.0844877 ], [ 72.6977306, 23.0846851 ], [ 72.6976662, 23.0848331 ], [ 72.6975535, 23.0850009 ], [ 72.6974516, 23.0852181 ], [ 72.6973658, 23.0853562 ], [ 72.69728, 23.0854697 ], [ 72.6972209, 23.0855734 ], [ 72.6971727, 23.0856819 ], [ 72.6970976, 23.0856721 ], [ 72.6970976, 23.0855487 ], [ 72.6970439, 23.0854303 ], [ 72.6968991, 23.0853464 ], [ 72.6967918, 23.0852575 ], [ 72.6967542, 23.0850305 ], [ 72.6967542, 23.0849812 ], [ 72.6965933, 23.0848726 ], [ 72.6965772, 23.0848134 ], [ 72.6964431, 23.0848134 ], [ 72.696368, 23.0848479 ], [ 72.6962607, 23.0848529 ] ] ] } },
{ "type": "Feature", "properties": { "version": 1, "visible": null, "lon": null, "timestamp": 1577361609, "tags": { "visible": false }, "changeset": null, "lat": null, "id": 758691088, "natural": "water", "water": "reservoir", "wetland": null, "osm_type": "way", "grassland": null, "reef": null }, "geometry": { "type": "Polygon", "coordinates": [ [ [ 72.7033829, 23.0590817 ], [ 72.7029537, 23.0592297 ], [ 72.7027606, 23.0592297 ], [ 72.7027016, 23.0592692 ], [ 72.7026694, 23.0593926 ], [ 72.7024012, 23.0594765 ], [ 72.7021652, 23.0595703 ], [ 72.7019291, 23.0597233 ], [ 72.701618, 23.0598319 ], [ 72.7014678, 23.0597085 ], [ 72.7014249, 23.059595 ], [ 72.701441, 23.0595259 ], [ 72.701511, 23.0595306 ], [ 72.7016134, 23.059548 ], [ 72.7017082, 23.0594678 ], [ 72.7017196, 23.0593945 ], [ 72.7016324, 23.0593456 ], [ 72.7015186, 23.0593665 ], [ 72.7014503, 23.0593247 ], [ 72.7014541, 23.0592304 ], [ 72.7014806, 23.0590454 ], [ 72.7014806, 23.0587872 ], [ 72.701505, 23.0585866 ], [ 72.7015847, 23.0583842 ], [ 72.7017023, 23.0582271 ], [ 72.7018123, 23.0581643 ], [ 72.7018616, 23.058091 ], [ 72.701945, 23.058084 ], [ 72.7019981, 23.0581783 ], [ 72.702093, 23.0582271 ], [ 72.702294, 23.0582655 ], [ 72.7025975, 23.0583039 ], [ 72.7026961, 23.0583249 ], [ 72.7027416, 23.0583423 ], [ 72.7030678, 23.0583633 ], [ 72.7032537, 23.0583633 ], [ 72.7035078, 23.0583807 ], [ 72.7036748, 23.0583877 ], [ 72.7037544, 23.0583772 ], [ 72.7040048, 23.0583563 ], [ 72.7040579, 23.0583772 ], [ 72.7041072, 23.0584505 ], [ 72.7041072, 23.0585657 ], [ 72.7040275, 23.0586634 ], [ 72.7038568, 23.0587891 ], [ 72.7037734, 23.05881 ], [ 72.7037051, 23.0588798 ], [ 72.7035723, 23.0589496 ], [ 72.7034244, 23.0590124 ], [ 72.7034244, 23.0590543 ], [ 72.7033829, 23.0590817 ] ] ] } },
{ "type": "Feature", "properties": { "version": 1, "visible": null, "lon": null, "timestamp": 1577361609, "tags": { "visible": false }, "changeset": null, "lat": null, "id": 758691089, "natural": "water", "water": "reservoir", "wetland": null, "osm_type": "way", "grassland": null, "reef": null }, "geometry": { "type": "Polygon", "coordinates": [ [ [ 72.7064667, 23.0627009 ], [ 72.7063613, 23.0627155 ], [ 72.7063103, 23.0627332 ], [ 72.7061572, 23.0627273 ], [ 72.7060041, 23.0626745 ], [ 72.7059658, 23.0625864 ], [ 72.7059148, 23.0625189 ], [ 72.7059116, 23.0624221 ], [ 72.7059594, 23.0623546 ], [ 72.7060264, 23.06229 ], [ 72.7060679, 23.0621726 ], [ 72.7060009, 23.0620904 ], [ 72.7059849, 23.0619965 ], [ 72.7059754, 23.0619114 ], [ 72.7058669, 23.0618351 ], [ 72.7057904, 23.0618175 ], [ 72.7057393, 23.0618879 ], [ 72.7056947, 23.0619907 ], [ 72.7056213, 23.0620171 ], [ 72.7055735, 23.0619965 ], [ 72.7054044, 23.0620083 ], [ 72.7052545, 23.06202 ], [ 72.7051939, 23.0619584 ], [ 72.705213, 23.0618469 ], [ 72.7053024, 23.0618058 ], [ 72.7053502, 23.0617588 ], [ 72.7053406, 23.0616766 ], [ 72.7052832, 23.0615827 ], [ 72.7052864, 23.0614595 ], [ 72.7053661, 23.0613714 ], [ 72.7054555, 23.0612804 ], [ 72.7055607, 23.0612423 ], [ 72.7055543, 23.0611748 ], [ 72.7055256, 23.0608666 ], [ 72.7055703, 23.0606054 ], [ 72.7055958, 23.0605056 ], [ 72.7057106, 23.0604293 ], [ 72.7058127, 23.0603266 ], [ 72.7058223, 23.0602474 ], [ 72.705768, 23.0601505 ], [ 72.7057234, 23.0599774 ], [ 72.7056532, 23.059769 ], [ 72.7056022, 23.0596311 ], [ 72.7056149, 23.0595313 ], [ 72.70565, 23.0594902 ], [ 72.7057362, 23.0594814 ], [ 72.7058095, 23.0595606 ], [ 72.7058637, 23.059722 ], [ 72.7059403, 23.0597719 ], [ 72.7060168, 23.0597837 ], [ 72.706087, 23.0598306 ], [ 72.7060934, 23.0599187 ], [ 72.706087, 23.059951 ], [ 72.7061444, 23.060086 ], [ 72.7061317, 23.0601652 ], [ 72.7061412, 23.0602474 ], [ 72.7061476, 23.0603677 ], [ 72.7061125, 23.0604235 ], [ 72.7061923, 23.0605966 ], [ 72.7062975, 23.0607463 ], [ 72.7063167, 23.0608637 ], [ 72.7063007, 23.0609605 ], [ 72.7063326, 23.0610545 ], [ 72.7064634, 23.0611161 ], [ 72.7065974, 23.0610955 ], [ 72.7066644, 23.0611073 ], [ 72.706843, 23.0612305 ], [ 72.7069004, 23.0613421 ], [ 72.7070216, 23.0613949 ], [ 72.7071619, 23.0614301 ], [ 72.7072321, 23.061433 ], [ 72.7072576, 23.0614741 ], [ 72.7072863, 23.0615739 ], [ 72.7073693, 23.0615563 ], [ 72.7074171, 23.061706 ], [ 72.7074203, 23.0618586 ], [ 72.7074713, 23.0620435 ], [ 72.7074713, 23.0621227 ], [ 72.7074331, 23.0621638 ], [ 72.7074331, 23.0622665 ], [ 72.7074777, 23.0623252 ], [ 72.7074426, 23.0623751 ], [ 72.7073278, 23.0623428 ], [ 72.7072927, 23.062378 ], [ 72.7072672, 23.0624544 ], [ 72.707331, 23.0624866 ], [ 72.7073757, 23.0625453 ], [ 72.7073533, 23.06256 ], [ 72.7067951, 23.062604 ], [ 72.7067888, 23.0626422 ], [ 72.7066771, 23.0626921 ], [ 72.7065623, 23.0627273 ], [ 72.7064667, 23.0627009 ] ] ] } },
{ "type": "Feature", "properties": { "version": 1, "visible": null, "lon": null, "timestamp": 1577361609, "tags": { "visible": false }, "changeset": null, "lat": null, "id": 758691090, "natural": "water", "water": "reservoir", "wetland": null, "osm_type": "way", "grassland": null, "reef": null }, "geometry": { "type": "Polygon", "coordinates": [ [ [ 72.7202277, 23.035636 ], [ 72.7201633, 23.0357446 ], [ 72.7200131, 23.0358137 ], [ 72.7196859, 23.0358187 ], [ 72.7194713, 23.0357446 ], [ 72.719364, 23.0355867 ], [ 72.7192567, 23.0352065 ], [ 72.7192621, 23.0348363 ], [ 72.7193855, 23.0344512 ], [ 72.7195679, 23.0343624 ], [ 72.7197288, 23.033997 ], [ 72.7199327, 23.0340612 ], [ 72.7200185, 23.0343179 ], [ 72.7200346, 23.0345055 ], [ 72.7200882, 23.0349153 ], [ 72.720158, 23.0351522 ], [ 72.720217, 23.0353448 ], [ 72.7202277, 23.035636 ] ] ] } },
{ "type": "Feature", "properties": { "version": 1, "visible": null, "lon": null, "timestamp": 1577361609, "tags": { "visible": false }, "changeset": null, "lat": null, "id": 758691091, "natural": "water", "water": "reservoir", "wetland": null, "osm_type": "way", "grassland": null, "reef": null }, "geometry": { "type": "Polygon", "coordinates": [ [ [ 72.7204423, 23.0374424 ], [ 72.7203286, 23.0373342 ], [ 72.7202072, 23.0370549 ], [ 72.7200403, 23.0366395 ], [ 72.7199075, 23.036294 ], [ 72.719862, 23.0361159 ], [ 72.7198885, 23.0360322 ], [ 72.7201044, 23.0359642 ], [ 72.7201954, 23.0359851 ], [ 72.7202561, 23.0360004 ], [ 72.7203168, 23.0361191 ], [ 72.7203775, 23.0363146 ], [ 72.7204382, 23.0367893 ], [ 72.7205069, 23.0371724 ], [ 72.720561, 23.0373467 ], [ 72.7205429, 23.0374339 ], [ 72.7204423, 23.0374424 ] ] ] } },
{ "type": "Feature", "properties": { "version": 1, "visible": null, "lon": null, "timestamp": 1577361609, "tags": { "visible": false }, "changeset": null, "lat": null, "id": 758691092, "natural": "water", "water": "reservoir", "wetland": null, "osm_type": "way", "grassland": null, "reef": null }, "geometry": { "type": "Polygon", "coordinates": [ [ [ 72.6698181, 23.0424015 ], [ 72.6697671, 23.0424163 ], [ 72.6696759, 23.0423817 ], [ 72.6696303, 23.0423176 ], [ 72.669515, 23.0422336 ], [ 72.6694614, 23.0421571 ], [ 72.6693433, 23.0421201 ], [ 72.6692629, 23.0420288 ], [ 72.6692012, 23.04193 ], [ 72.6692387, 23.0418461 ], [ 72.6692173, 23.0418091 ], [ 72.669228, 23.0417696 ], [ 72.6692816, 23.0417449 ], [ 72.6694453, 23.0417425 ], [ 72.6696411, 23.0417647 ], [ 72.6697054, 23.0417499 ], [ 72.6697913, 23.0417671 ], [ 72.6698503, 23.0418338 ], [ 72.6698503, 23.0419621 ], [ 72.6698449, 23.0420905 ], [ 72.6698154, 23.0422731 ], [ 72.6698181, 23.0424015 ] ] ] } },
{ "type": "Feature", "properties": { "version": 1, "visible": null, "lon": null, "timestamp": 1598445939, "tags": { "visible": false }, "changeset": null, "lat": null, "id": 840909755, "natural": "wetland", "water": null, "wetland": null, "osm_type": "way", "grassland": null, "reef": null }, "geometry": { "type": "Polygon", "coordinates": [ [ [ 72.583234, 22.9608877 ], [ 72.5832018, 22.9608581 ], [ 72.5832045, 22.960821 ], [ 72.5831884, 22.9608013 ], [ 72.5831455, 22.9607791 ], [ 72.5831294, 22.9607445 ], [ 72.5830624, 22.960658 ], [ 72.5829872, 22.9606136 ], [ 72.5829256, 22.9605395 ], [ 72.5828049, 22.9604358 ], [ 72.5827619, 22.9604555 ], [ 72.5827298, 22.9604234 ], [ 72.5827432, 22.9603567 ], [ 72.5827003, 22.9603123 ], [ 72.5827029, 22.9601863 ], [ 72.5827298, 22.9601122 ], [ 72.58277, 22.9601122 ], [ 72.582821, 22.9600752 ], [ 72.582829, 22.9600307 ], [ 72.5828907, 22.9599566 ], [ 72.5829417, 22.9597936 ], [ 72.5829068, 22.9597418 ], [ 72.5829417, 22.9597467 ], [ 72.5829765, 22.9596652 ], [ 72.5830597, 22.9596257 ], [ 72.5831616, 22.9596479 ], [ 72.5832394, 22.9596504 ], [ 72.5833225, 22.959643 ], [ 72.5834057, 22.9596825 ], [ 72.58347, 22.9597912 ], [ 72.5836927, 22.9599147 ], [ 72.5837222, 22.9599492 ], [ 72.5837436, 22.9600456 ], [ 72.5837463, 22.9601419 ], [ 72.5837624, 22.960216 ], [ 72.5837812, 22.9602826 ], [ 72.5837624, 22.9603469 ], [ 72.5837705, 22.9603987 ], [ 72.5838402, 22.9604259 ], [ 72.5839046, 22.9604703 ], [ 72.5838643, 22.9605321 ], [ 72.5838429, 22.9605963 ], [ 72.5838831, 22.960621 ], [ 72.5838456, 22.9606655 ], [ 72.5838187, 22.9607247 ], [ 72.5837356, 22.9608038 ], [ 72.5837195, 22.9608803 ], [ 72.5836819, 22.9609421 ], [ 72.5836042, 22.9609939 ], [ 72.5835317, 22.960989 ], [ 72.5833628, 22.9609272 ], [ 72.583234, 22.9608877 ] ] ] } },
{ "type": "Feature", "properties": { "version": 1, "visible": null, "lon": null, "timestamp": 1598445939, "tags": { "visible": false }, "changeset": null, "lat": null, "id": 840909756, "natural": "wetland", "water": null, "wetland": null, "osm_type": "way", "grassland": null, "reef": null }, "geometry": { "type": "Polygon", "coordinates": [ [ [ 72.5809461, 22.9560446 ], [ 72.5808388, 22.9560371 ], [ 72.5807396, 22.9559902 ], [ 72.580643, 22.9559112 ], [ 72.580533, 22.9558766 ], [ 72.5804874, 22.9559211 ], [ 72.5804445, 22.9559062 ], [ 72.580407, 22.9558396 ], [ 72.5803185, 22.955805 ], [ 72.5802836, 22.9557358 ], [ 72.5802782, 22.9556741 ], [ 72.580305, 22.9556049 ], [ 72.5802997, 22.9555234 ], [ 72.5803265, 22.9554543 ], [ 72.5803024, 22.9553752 ], [ 72.5803265, 22.9552789 ], [ 72.5803775, 22.9551999 ], [ 72.5804257, 22.9551579 ], [ 72.5804606, 22.9550986 ], [ 72.5804821, 22.9550146 ], [ 72.5805706, 22.9549702 ], [ 72.5806832, 22.9549578 ], [ 72.5807932, 22.9549084 ], [ 72.5808978, 22.9549208 ], [ 72.5810024, 22.954901 ], [ 72.5811285, 22.9548566 ], [ 72.5811687, 22.9548837 ], [ 72.5812197, 22.9549282 ], [ 72.581276, 22.9549825 ], [ 72.5814047, 22.9549875 ], [ 72.5814691, 22.955069 ], [ 72.5815201, 22.9551554 ], [ 72.5816435, 22.9551925 ], [ 72.5815684, 22.9552468 ], [ 72.5814745, 22.9553036 ], [ 72.581445, 22.9553752 ], [ 72.5814316, 22.9554716 ], [ 72.5813887, 22.9555901 ], [ 72.581386, 22.9556642 ], [ 72.5813538, 22.9557531 ], [ 72.5813752, 22.9558198 ], [ 72.5813001, 22.9558939 ], [ 72.5811982, 22.9559532 ], [ 72.5810963, 22.9560075 ], [ 72.5809461, 22.9560446 ] ] ] } },
{ "type": "Feature", "properties": { "version": 1, "visible": null, "lon": null, "timestamp": 1616688964, "tags": { "visible": false }, "changeset": null, "lat": null, "id": 922160497, "natural": "water", "water": "pond", "wetland": null, "osm_type": "way", "grassland": null, "reef": null }, "geometry": { "type": "Polygon", "coordinates": [ [ [ 72.6772627, 23.1626252 ], [ 72.6772141, 23.1626302 ], [ 72.6771763, 23.1626021 ], [ 72.6771691, 23.1625706 ], [ 72.6771619, 23.1625144 ], [ 72.6771422, 23.1624879 ], [ 72.6771026, 23.1624317 ], [ 72.6771044, 23.1623986 ], [ 72.677117, 23.1623787 ], [ 72.6771494, 23.162392 ], [ 72.6771673, 23.1624184 ], [ 72.6772195, 23.1624333 ], [ 72.6772285, 23.1624747 ], [ 72.6772465, 23.1624846 ], [ 72.6772447, 23.1625111 ], [ 72.6772681, 23.162564 ], [ 72.6772843, 23.1626004 ], [ 72.6772627, 23.1626252 ] ] ] } },
{ "type": "Feature", "properties": { "version": 1, "visible": null, "lon": null, "timestamp": 1616688964, "tags": { "visible": false }, "changeset": null, "lat": null, "id": 922160498, "natural": "water", "water": "pond", "wetland": null, "osm_type": "way", "grassland": null, "reef": null }, "geometry": { "type": "Polygon", "coordinates": [ [ [ 72.6767931, 23.162789 ], [ 72.6767499, 23.1627923 ], [ 72.6766977, 23.1627774 ], [ 72.6766348, 23.1627228 ], [ 72.6766222, 23.1626815 ], [ 72.6766402, 23.1626633 ], [ 72.6766725, 23.1626649 ], [ 72.6767247, 23.1626964 ], [ 72.6767571, 23.1626964 ], [ 72.6767787, 23.1626748 ], [ 72.6767841, 23.1626236 ], [ 72.6767769, 23.1625541 ], [ 72.6767733, 23.1624978 ], [ 72.6767841, 23.1624565 ], [ 72.6768165, 23.1624482 ], [ 72.6769064, 23.1624714 ], [ 72.676964, 23.1624846 ], [ 72.677018, 23.1624813 ], [ 72.6770576, 23.162483 ], [ 72.677081, 23.1624978 ], [ 72.6770828, 23.1625243 ], [ 72.6770702, 23.1625442 ], [ 72.6770396, 23.1625607 ], [ 72.6769892, 23.1625723 ], [ 72.6769208, 23.1626037 ], [ 72.6768813, 23.1626467 ], [ 72.6768561, 23.1626964 ], [ 72.6768399, 23.1627493 ], [ 72.6768255, 23.1627758 ], [ 72.6767931, 23.162789 ] ] ] } },
{ "type": "Feature", "properties": { "version": 1, "visible": null, "lon": null, "timestamp": 1622786879, "tags": { "visible": false, "intermittent": "yes", "name": "Narol Lake" }, "changeset": null, "lat": null, "id": 950270679, "natural": "water", "water": "basin", "wetland": null, "osm_type": "way", "grassland": null, "reef": null }, "geometry": { "type": "Polygon", "coordinates": [ [ [ 72.5946944, 22.9610259 ], [ 72.5946515, 22.9605863 ], [ 72.5947588, 22.9604727 ], [ 72.5949036, 22.9604085 ], [ 72.5950002, 22.9601912 ], [ 72.5951665, 22.9600578 ], [ 72.5953113, 22.9598899 ], [ 72.5953596, 22.9598306 ], [ 72.5956868, 22.9598257 ], [ 72.5957244, 22.9598997 ], [ 72.5957995, 22.9599936 ], [ 72.5959389, 22.9600232 ], [ 72.5961374, 22.9601665 ], [ 72.5961535, 22.9602356 ], [ 72.5962071, 22.9603196 ], [ 72.5963144, 22.9603887 ], [ 72.5963895, 22.9605024 ], [ 72.5964485, 22.9606357 ], [ 72.5965666, 22.9607296 ], [ 72.5966148, 22.9607197 ], [ 72.5967221, 22.9609667 ], [ 72.5969528, 22.9611247 ], [ 72.5967704, 22.9612927 ], [ 72.5964754, 22.9616483 ], [ 72.5961428, 22.9618064 ], [ 72.5956975, 22.9615495 ], [ 72.5951235, 22.961263 ], [ 72.5946944, 22.9610259 ] ] ] } },
{ "type": "Feature", "properties": { "version": 2, "visible": null, "lon": null, "timestamp": 1693218594, "tags": { "visible": false, "name": "Chharodi Lake", "wikimedia_commons": "Category:Chharodi Lake", "wikipedia": "en:Chharodi Lake" }, "changeset": null, "lat": null, "id": 986289292, "natural": "water", "water": "lake", "wetland": null, "osm_type": "way", "grassland": null, "reef": null }, "geometry": { "type": "Polygon", "coordinates": [ [ [ 72.5397124, 23.1228632 ], [ 72.5398257, 23.1227084 ], [ 72.5399048, 23.1225915 ], [ 72.5404578, 23.1223388 ], [ 72.5407429, 23.1222598 ], [ 72.5410143, 23.1222598 ], [ 72.5411895, 23.1224273 ], [ 72.5412582, 23.1225979 ], [ 72.5412204, 23.122879 ], [ 72.5411311, 23.1232328 ], [ 72.5409353, 23.1235267 ], [ 72.5406914, 23.1236752 ], [ 72.5403719, 23.1237415 ], [ 72.5401933, 23.1237667 ], [ 72.5398842, 23.1237762 ], [ 72.5397468, 23.123672 ], [ 72.5397227, 23.1234824 ], [ 72.5397296, 23.1233023 ], [ 72.5397055, 23.1231476 ], [ 72.5396746, 23.1230401 ], [ 72.5397124, 23.1228632 ] ] ] } },
{ "type": "Feature", "properties": { "version": 1, "visible": null, "lon": null, "timestamp": 1633166409, "tags": { "visible": false, "name": "Ambli Lake" }, "changeset": null, "lat": null, "id": 988821262, "natural": "water", "water": "lake", "wetland": null, "osm_type": "way", "grassland": null, "reef": null }, "geometry": { "type": "Polygon", "coordinates": [ [ [ 72.4810217, 23.0285967 ], [ 72.4810176, 23.0285044 ], [ 72.4811095, 23.0284275 ], [ 72.4812307, 23.0283698 ], [ 72.4814021, 23.0283505 ], [ 72.4815902, 23.0284044 ], [ 72.4817783, 23.0284659 ], [ 72.4819789, 23.0285313 ], [ 72.4821294, 23.0286583 ], [ 72.4821879, 23.0286967 ], [ 72.4822924, 23.0287467 ], [ 72.4823384, 23.0288006 ], [ 72.4823467, 23.0288891 ], [ 72.4823551, 23.0290352 ], [ 72.4822757, 23.0291237 ], [ 72.4821001, 23.0290929 ], [ 72.4819914, 23.0290545 ], [ 72.4818953, 23.0289814 ], [ 72.4817239, 23.0289968 ], [ 72.4815108, 23.0290391 ], [ 72.4813687, 23.0290199 ], [ 72.4812098, 23.0289391 ], [ 72.4811262, 23.0288468 ], [ 72.4810594, 23.028739 ], [ 72.4810217, 23.0285967 ] ] ] } },
{ "type": "Feature", "properties": { "version": 1, "visible": null, "lon": null, "timestamp": 1633948554, "tags": { "visible": false }, "changeset": null, "lat": null, "id": 991912189, "natural": "water", "water": null, "wetland": null, "osm_type": "way", "grassland": null, "reef": null }, "geometry": { "type": "Polygon", "coordinates": [ [ [ 72.4619044, 22.9967057 ], [ 72.4618964, 22.9966786 ], [ 72.461901, 22.9966556 ], [ 72.4619191, 22.9966347 ], [ 72.4619487, 22.9966252 ], [ 72.4620009, 22.9966367 ], [ 72.4620679, 22.9966671 ], [ 72.4621758, 22.9967047 ], [ 72.4622905, 22.9967737 ], [ 72.4623654, 22.9968385 ], [ 72.4624551, 22.9968939 ], [ 72.4625426, 22.9969963 ], [ 72.4625539, 22.9970685 ], [ 72.4625323, 22.9970956 ], [ 72.4624892, 22.9971291 ], [ 72.4624267, 22.9971186 ], [ 72.4622939, 22.9970423 ], [ 72.462211, 22.9969524 ], [ 72.4621372, 22.9968552 ], [ 72.462077, 22.9968071 ], [ 72.4620236, 22.996757 ], [ 72.4619623, 22.9967183 ], [ 72.4619044, 22.9967057 ] ] ] } },
{ "type": "Feature", "properties": { "version": 1, "visible": null, "lon": null, "timestamp": 1634603955, "tags": { "visible": false, "name": "Zundal Lake" }, "changeset": null, "lat": null, "id": 993784183, "natural": "water", "water": "lake", "wetland": null, "osm_type": "way", "grassland": null, "reef": null }, "geometry": { "type": "Polygon", "coordinates": [ [ [ 72.583286, 23.1362234 ], [ 72.583279, 23.1361518 ], [ 72.5832719, 23.1359614 ], [ 72.583263, 23.1358328 ], [ 72.5833144, 23.1354667 ], [ 72.5833444, 23.135426 ], [ 72.5833975, 23.1354162 ], [ 72.5834772, 23.1354081 ], [ 72.5835391, 23.1354146 ], [ 72.5835904, 23.1354455 ], [ 72.583601, 23.1360851 ], [ 72.5835763, 23.1361973 ], [ 72.583578, 23.1362445 ], [ 72.5834789, 23.136251 ], [ 72.5833781, 23.1362559 ], [ 72.5833055, 23.1362478 ], [ 72.583286, 23.1362234 ] ] ] } },
{ "type": "Feature", "properties": { "version": 2, "visible": null, "lon": null, "timestamp": 1714975595, "tags": { "visible": false, "name": "Gota Lake" }, "changeset": null, "lat": null, "id": 993792327, "natural": "water", "water": "lake", "wetland": null, "osm_type": "way", "grassland": null, "reef": null }, "geometry": { "type": "Polygon", "coordinates": [ [ [ 72.5375165, 23.0947296 ], [ 72.5375566, 23.0948362 ], [ 72.5375821, 23.0949156 ], [ 72.5375198, 23.0950006 ], [ 72.5375353, 23.0951052 ], [ 72.5375357, 23.0952129 ], [ 72.5375438, 23.0953024 ], [ 72.5374722, 23.0953671 ], [ 72.5375383, 23.095453 ], [ 72.5376073, 23.0955535 ], [ 72.5376533, 23.0957478 ], [ 72.5376346, 23.09581 ], [ 72.5376288, 23.0958972 ], [ 72.5377769, 23.0959581 ], [ 72.5377869, 23.0960043 ], [ 72.5378387, 23.0960149 ], [ 72.5379235, 23.0959977 ], [ 72.5379968, 23.0960123 ], [ 72.5380988, 23.0959929 ], [ 72.538185, 23.0960642 ], [ 72.5382848, 23.0960997 ], [ 72.5383064, 23.0961794 ], [ 72.53839, 23.0963262 ], [ 72.5383907, 23.0964625 ], [ 72.5383589, 23.0966161 ], [ 72.5383485, 23.0967531 ], [ 72.5384161, 23.096794 ], [ 72.5384233, 23.096872 ], [ 72.5383773, 23.0969421 ], [ 72.5382982, 23.0969725 ], [ 72.5382393, 23.0969725 ], [ 72.5381622, 23.0969939 ], [ 72.5381295, 23.0971099 ], [ 72.5381438, 23.0971443 ], [ 72.5381999, 23.097176 ], [ 72.53822, 23.0971694 ], [ 72.5383573, 23.0972029 ], [ 72.5383717, 23.0972611 ], [ 72.5383975, 23.0973629 ], [ 72.5383875, 23.0974263 ], [ 72.5383501, 23.097466 ], [ 72.5383179, 23.0975215 ], [ 72.538254, 23.0975597 ], [ 72.5381771, 23.0975928 ], [ 72.5380709, 23.0975137 ], [ 72.5379501, 23.0975245 ], [ 72.5378687, 23.0975481 ], [ 72.5377752, 23.0975009 ], [ 72.5377494, 23.097497 ], [ 72.5376976, 23.0974771 ], [ 72.5376329, 23.097456 ], [ 72.5376157, 23.097415 ], [ 72.5375726, 23.0973767 ], [ 72.5374822, 23.0972353 ], [ 72.537452, 23.0971758 ], [ 72.5374578, 23.0971044 ], [ 72.5374477, 23.0970435 ], [ 72.537429, 23.0969708 ], [ 72.537406, 23.0968994 ], [ 72.5373422, 23.0968273 ], [ 72.5372917, 23.096765 ], [ 72.5372404, 23.0966567 ], [ 72.5371776, 23.0965876 ], [ 72.53692, 23.0963416 ], [ 72.5368999, 23.0962338 ], [ 72.536863, 23.0961516 ], [ 72.5368331, 23.0960325 ], [ 72.5368092, 23.0959642 ], [ 72.5367747, 23.095848 ], [ 72.5367945, 23.0957214 ], [ 72.5368383, 23.0955852 ], [ 72.5368316, 23.0954705 ], [ 72.5368235, 23.095379 ], [ 72.5368412, 23.0953089 ], [ 72.5368311, 23.0951674 ], [ 72.536834, 23.0950061 ], [ 72.5368555, 23.0949374 ], [ 72.5368843, 23.0948435 ], [ 72.5368996, 23.0947241 ], [ 72.5370243, 23.0946477 ], [ 72.5371042, 23.094661 ], [ 72.5371674, 23.094628 ], [ 72.537235, 23.0946081 ], [ 72.5373177, 23.0946031 ], [ 72.537397, 23.0946306 ], [ 72.5375165, 23.0947296 ] ] ] } },
{ "type": "Feature", "properties": { "version": 2, "visible": null, "lon": null, "timestamp": 1772032143, "tags": { "visible": false }, "changeset": null, "lat": null, "id": 996610809, "natural": "water", "water": null, "wetland": null, "osm_type": "way", "grassland": null, "reef": null }, "geometry": { "type": "Polygon", "coordinates": [ [ [ 72.6047051, 23.0976053 ], [ 72.6047051, 23.0974376 ], [ 72.6049626, 23.095898 ], [ 72.6055848, 23.0954046 ], [ 72.6073551, 23.0966678 ], [ 72.6072586, 23.0975461 ], [ 72.6064861, 23.0997468 ], [ 72.6059818, 23.0993916 ], [ 72.6050806, 23.0982567 ], [ 72.6047051, 23.0976053 ] ] ] } },
{ "type": "Feature", "properties": { "version": 1, "visible": null, "lon": null, "timestamp": 1637325909, "tags": { "visible": false }, "changeset": null, "lat": null, "id": 1004354574, "natural": "water", "water": null, "wetland": null, "osm_type": "way", "grassland": null, "reef": null }, "geometry": { "type": "Polygon", "coordinates": [ [ [ 72.5155134, 23.1355604 ], [ 72.5155818, 23.1354676 ], [ 72.5156763, 23.1354346 ], [ 72.5158586, 23.1354676 ], [ 72.5159759, 23.1355065 ], [ 72.5161094, 23.1356592 ], [ 72.5162592, 23.135824 ], [ 72.5163667, 23.1359977 ], [ 72.5164188, 23.1361474 ], [ 72.5165523, 23.1363001 ], [ 72.5166728, 23.136399 ], [ 72.5167803, 23.1365547 ], [ 72.516865, 23.1366984 ], [ 72.5169334, 23.1368272 ], [ 72.5169627, 23.136977 ], [ 72.5169236, 23.1370099 ], [ 72.5168357, 23.1370009 ], [ 72.5167445, 23.1369201 ], [ 72.5165523, 23.1365607 ], [ 72.5163439, 23.136366 ], [ 72.516142, 23.1362762 ], [ 72.5160508, 23.1362103 ], [ 72.5161029, 23.1361654 ], [ 72.5161224, 23.1361055 ], [ 72.5161192, 23.1360366 ], [ 72.5160801, 23.1359557 ], [ 72.5159629, 23.1359527 ], [ 72.5158977, 23.1359557 ], [ 72.5158424, 23.1360126 ], [ 72.515813, 23.1360965 ], [ 72.5157674, 23.1360995 ], [ 72.515673, 23.1359527 ], [ 72.5155558, 23.1357251 ], [ 72.5155134, 23.1355604 ] ] ] } },
{ "type": "Feature", "properties": { "version": 1, "visible": null, "lon": null, "timestamp": 1638035551, "tags": { "visible": false }, "changeset": null, "lat": null, "id": 1006791519, "natural": "water", "water": "pond", "wetland": null, "osm_type": "way", "grassland": null, "reef": null }, "geometry": { "type": "Polygon", "coordinates": [ [ [ 72.5118773, 23.0445639 ], [ 72.5119037, 23.0445395 ], [ 72.5119338, 23.0445342 ], [ 72.5119611, 23.0445322 ], [ 72.5119897, 23.0445111 ], [ 72.5120005, 23.0444867 ], [ 72.5120227, 23.0444551 ], [ 72.5120444, 23.0444533 ], [ 72.5120583, 23.0444613 ], [ 72.5120582, 23.0444763 ], [ 72.512031, 23.0445072 ], [ 72.5119941, 23.0445426 ], [ 72.5119979, 23.0445684 ], [ 72.5120164, 23.0445998 ], [ 72.5120504, 23.044616 ], [ 72.5120832, 23.0446303 ], [ 72.5121258, 23.0446433 ], [ 72.5121422, 23.0446707 ], [ 72.512142, 23.0447074 ], [ 72.5121268, 23.0447343 ], [ 72.5121097, 23.0447459 ], [ 72.5120868, 23.044762 ], [ 72.5120555, 23.0447794 ], [ 72.5120372, 23.0448058 ], [ 72.5120414, 23.0448667 ], [ 72.5120131, 23.0448893 ], [ 72.5120091, 23.0449236 ], [ 72.5120148, 23.0449776 ], [ 72.5119978, 23.0450039 ], [ 72.5119696, 23.0450077 ], [ 72.5119499, 23.0449948 ], [ 72.5119436, 23.0449677 ], [ 72.5119571, 23.0449393 ], [ 72.5119701, 23.0448622 ], [ 72.5119615, 23.0448362 ], [ 72.511953, 23.0448036 ], [ 72.5119444, 23.0447537 ], [ 72.5119452, 23.0447152 ], [ 72.5119374, 23.044688 ], [ 72.5119113, 23.0446676 ], [ 72.5118852, 23.0446437 ], [ 72.5118713, 23.0446087 ], [ 72.5118773, 23.0445639 ] ] ] } },
{ "type": "Feature", "properties": { "version": 1, "visible": null, "lon": null, "timestamp": 1638344346, "tags": { "visible": false }, "changeset": null, "lat": null, "id": 1008019382, "natural": "water", "water": null, "wetland": null, "osm_type": "way", "grassland": null, "reef": null }, "geometry": { "type": "Polygon", "coordinates": [ [ [ 72.4987982, 23.1327523 ], [ 72.4989398, 23.1326647 ], [ 72.4991509, 23.1326575 ], [ 72.4993945, 23.1327327 ], [ 72.4995177, 23.132878 ], [ 72.499553, 23.1331555 ], [ 72.4996159, 23.1333847 ], [ 72.4996076, 23.1335821 ], [ 72.4994075, 23.1335901 ], [ 72.4992892, 23.1335203 ], [ 72.4990316, 23.1334649 ], [ 72.4989376, 23.1333454 ], [ 72.4989044, 23.1331364 ], [ 72.4988571, 23.1329383 ], [ 72.4987982, 23.1327523 ] ] ] } },
{ "type": "Feature", "properties": { "version": 1, "visible": null, "lon": null, "timestamp": 1638344935, "tags": { "visible": false }, "changeset": null, "lat": null, "id": 1008020840, "natural": "water", "water": null, "wetland": null, "osm_type": "way", "grassland": null, "reef": null }, "geometry": { "type": "Polygon", "coordinates": [ [ [ 72.511277, 23.1482561 ], [ 72.5113082, 23.1505098 ], [ 72.5111645, 23.1505324 ], [ 72.5109427, 23.1505303 ], [ 72.5106619, 23.1504691 ], [ 72.5104116, 23.150266 ], [ 72.5102656, 23.1498867 ], [ 72.5102476, 23.1495573 ], [ 72.5101787, 23.1492583 ], [ 72.5102444, 23.1489008 ], [ 72.5103807, 23.1486887 ], [ 72.510574, 23.1484727 ], [ 72.5107632, 23.1482837 ], [ 72.5109163, 23.1482188 ], [ 72.5110816, 23.1481803 ], [ 72.5112252, 23.1481977 ], [ 72.511277, 23.1482561 ] ] ] } },
{ "type": "Feature", "properties": { "version": 1, "visible": null, "lon": null, "timestamp": 1638344935, "tags": { "visible": false }, "changeset": null, "lat": null, "id": 1008020841, "natural": "water", "water": null, "wetland": null, "osm_type": "way", "grassland": null, "reef": null }, "geometry": { "type": "Polygon", "coordinates": [ [ [ 72.4944064, 23.1493245 ], [ 72.4944187, 23.1490484 ], [ 72.4946362, 23.1487488 ], [ 72.4950059, 23.1485907 ], [ 72.4956783, 23.1485915 ], [ 72.4958635, 23.1490094 ], [ 72.4957691, 23.1495131 ], [ 72.49551, 23.1497349 ], [ 72.4952195, 23.1497782 ], [ 72.4948439, 23.1498111 ], [ 72.4945782, 23.1497201 ], [ 72.4944801, 23.1495107 ], [ 72.4944064, 23.1493245 ] ] ] } },
{ "type": "Feature", "properties": { "version": 1, "visible": null, "lon": null, "timestamp": 1638366068, "tags": { "visible": false }, "changeset": null, "lat": null, "id": 1008100438, "natural": "water", "water": null, "wetland": null, "osm_type": "way", "grassland": null, "reef": null }, "geometry": { "type": "Polygon", "coordinates": [ [ [ 72.7201421, 23.0905046 ], [ 72.7201904, 23.0904228 ], [ 72.7203491, 23.0903395 ], [ 72.7205931, 23.0903302 ], [ 72.7208252, 23.0904313 ], [ 72.7209407, 23.0906059 ], [ 72.7210187, 23.0908504 ], [ 72.7210926, 23.0910766 ], [ 72.7211016, 23.0912779 ], [ 72.7210409, 23.0914205 ], [ 72.7208457, 23.0914713 ], [ 72.7206506, 23.0913746 ], [ 72.7204273, 23.091151 ], [ 72.7202554, 23.090849 ], [ 72.7201421, 23.0905046 ] ] ] } },
{ "type": "Feature", "properties": { "version": 1, "visible": null, "lon": null, "timestamp": 1638457956, "tags": { "visible": false, "alt_name": "Ghatlodia Lake", "name": "Ghatlodiya Lake", "name:gu": "ઘાટલોડિયા તળાવ" }, "changeset": null, "lat": null, "id": 1008655803, "natural": "water", "water": "lake", "wetland": null, "osm_type": "way", "grassland": null, "reef": null }, "geometry": { "type": "Polygon", "coordinates": [ [ [ 72.5300265, 23.0847932 ], [ 72.5300123, 23.0847036 ], [ 72.5300194, 23.0846459 ], [ 72.5300635, 23.0846249 ], [ 72.530449, 23.0846926 ], [ 72.5305393, 23.0847308 ], [ 72.5305457, 23.0847726 ], [ 72.5304941, 23.0849488 ], [ 72.5304251, 23.0850189 ], [ 72.5303305, 23.0849897 ], [ 72.530251, 23.0849391 ], [ 72.53017, 23.0848813 ], [ 72.5300957, 23.0848219 ], [ 72.5300265, 23.0847932 ] ] ] } },
{ "type": "Feature", "properties": { "version": 2, "visible": null, "lon": null, "timestamp": 1736428583, "tags": { "visible": false, "intermittent": "yes" }, "changeset": null, "lat": null, "id": 1017007889, "natural": "water", "water": "lake", "wetland": null, "osm_type": "way", "grassland": null, "reef": null }, "geometry": { "type": "Polygon", "coordinates": [ [ [ 72.4937944, 23.0390287 ], [ 72.4939111, 23.038951 ], [ 72.4940707, 23.038872 ], [ 72.4942584, 23.0388621 ], [ 72.4943845, 23.0388991 ], [ 72.4944341, 23.0389164 ], [ 72.4945199, 23.0388559 ], [ 72.4946232, 23.03893 ], [ 72.4946634, 23.0390275 ], [ 72.4946862, 23.0391904 ], [ 72.4946447, 23.0393274 ], [ 72.4945682, 23.0393607 ], [ 72.4944046, 23.0393841 ], [ 72.4941082, 23.0393878 ], [ 72.4939312, 23.039336 ], [ 72.4938038, 23.0392188 ], [ 72.4937823, 23.0391089 ], [ 72.4937944, 23.0390287 ] ] ] } },
{ "type": "Feature", "properties": { "version": 1, "visible": null, "lon": null, "timestamp": 1641798794, "tags": { "visible": false }, "changeset": null, "lat": null, "id": 1019925049, "natural": "water", "water": null, "wetland": null, "osm_type": "way", "grassland": null, "reef": null }, "geometry": { "type": "Polygon", "coordinates": [ [ [ 72.5050744, 23.0046043 ], [ 72.5051147, 23.0044438 ], [ 72.5053614, 23.0041747 ], [ 72.5055438, 23.0041129 ], [ 72.5057772, 23.0040068 ], [ 72.5059301, 23.0038883 ], [ 72.5062197, 23.0038093 ], [ 72.5064558, 23.0037821 ], [ 72.5065497, 23.0039105 ], [ 72.5065443, 23.0040438 ], [ 72.5065738, 23.004192 ], [ 72.5068286, 23.0043105 ], [ 72.5068098, 23.0044388 ], [ 72.5068367, 23.0045327 ], [ 72.5068286, 23.0046438 ], [ 72.5067669, 23.004629 ], [ 72.5065953, 23.0045796 ], [ 72.5064987, 23.0045401 ], [ 72.5067267, 23.0047425 ], [ 72.5067937, 23.0049104 ], [ 72.5067025, 23.0049845 ], [ 72.5064129, 23.0049919 ], [ 72.5062492, 23.004982 ], [ 72.5059515, 23.0050635 ], [ 72.5059059, 23.0050215 ], [ 72.5058737, 23.0048882 ], [ 72.5056538, 23.004787 ], [ 72.5054473, 23.0047178 ], [ 72.505179, 23.0046783 ], [ 72.5050744, 23.0046043 ] ] ] } },
{ "type": "Feature", "properties": { "version": 1, "visible": null, "lon": null, "timestamp": 1643240799, "tags": { "visible": false }, "changeset": null, "lat": null, "id": 1025034026, "natural": "water", "water": null, "wetland": null, "osm_type": "way", "grassland": null, "reef": null }, "geometry": { "type": "Polygon", "coordinates": [ [ [ 72.6714103, 23.1940689 ], [ 72.6713888, 23.1939604 ], [ 72.671417, 23.1938803 ], [ 72.6715069, 23.1938371 ], [ 72.6716235, 23.1938298 ], [ 72.6717375, 23.1938359 ], [ 72.6718408, 23.1939727 ], [ 72.6719306, 23.1941256 ], [ 72.6719427, 23.1942119 ], [ 72.6717576, 23.1942945 ], [ 72.6715739, 23.1942772 ], [ 72.6714438, 23.1941934 ], [ 72.6714103, 23.1940689 ] ] ] } },
{ "type": "Feature", "properties": { "version": 1, "visible": null, "lon": null, "timestamp": 1643564500, "tags": { "visible": false, "name": "Ambapur Lake" }, "changeset": null, "lat": null, "id": 1026135343, "natural": "water", "water": "lake", "wetland": null, "osm_type": "way", "grassland": null, "reef": null }, "geometry": { "type": "Polygon", "coordinates": [ [ [ 72.606934, 23.1497641 ], [ 72.6071593, 23.149626 ], [ 72.6072934, 23.1495841 ], [ 72.6074812, 23.1495939 ], [ 72.6076689, 23.1496728 ], [ 72.6077843, 23.1498233 ], [ 72.6078245, 23.1499589 ], [ 72.6077548, 23.1500699 ], [ 72.6076421, 23.1501957 ], [ 72.6075482, 23.1504275 ], [ 72.6075321, 23.1505927 ], [ 72.6074919, 23.1507802 ], [ 72.6073953, 23.1508024 ], [ 72.6071835, 23.1508295 ], [ 72.6070923, 23.1508542 ], [ 72.6070359, 23.1508443 ], [ 72.606985, 23.1507259 ], [ 72.6068643, 23.1507013 ], [ 72.6067972, 23.1505557 ], [ 72.6068079, 23.1504053 ], [ 72.6068535, 23.1502006 ], [ 72.6068938, 23.1500058 ], [ 72.606934, 23.1497641 ] ] ] } },
{ "type": "Feature", "properties": { "version": 1, "visible": null, "lon": null, "timestamp": 1643564500, "tags": { "visible": false }, "changeset": null, "lat": null, "id": 1026135355, "natural": "water", "water": "pond", "wetland": null, "osm_type": "way", "grassland": null, "reef": null }, "geometry": { "type": "Polygon", "coordinates": [ [ [ 72.5742486, 23.1789107 ], [ 72.5742674, 23.1788897 ], [ 72.5742781, 23.1788669 ], [ 72.5742882, 23.1788176 ], [ 72.5742882, 23.178804 ], [ 72.5742721, 23.1787584 ], [ 72.5742573, 23.1787294 ], [ 72.5742473, 23.178685 ], [ 72.5742439, 23.1786524 ], [ 72.5742506, 23.178616 ], [ 72.5742613, 23.1785963 ], [ 72.5742821, 23.1785827 ], [ 72.574313, 23.1785827 ], [ 72.5743418, 23.1785938 ], [ 72.5743787, 23.1786111 ], [ 72.5743995, 23.1786339 ], [ 72.5744069, 23.1786715 ], [ 72.5743934, 23.1787017 ], [ 72.5743626, 23.1787331 ], [ 72.5743344, 23.1787701 ], [ 72.5743137, 23.1788188 ], [ 72.574313, 23.1788811 ], [ 72.5743197, 23.178915 ], [ 72.5743351, 23.1789507 ], [ 72.574366, 23.1789963 ], [ 72.5743894, 23.1790265 ], [ 72.5744075, 23.1790574 ], [ 72.5744095, 23.179103 ], [ 72.5743988, 23.1791511 ], [ 72.5743559, 23.1791868 ], [ 72.574317, 23.1792059 ], [ 72.5742681, 23.1792152 ], [ 72.5742298, 23.1792127 ], [ 72.574193, 23.1792004 ], [ 72.5741547, 23.1791683 ], [ 72.5741346, 23.1791276 ], [ 72.5741306, 23.179066 ], [ 72.5741588, 23.1790043 ], [ 72.5742111, 23.1789735 ], [ 72.5742486, 23.1789107 ] ] ] } },
{ "type": "Feature", "properties": { "version": 1, "visible": null, "lon": null, "timestamp": 1645387319, "tags": { "visible": false }, "changeset": null, "lat": null, "id": 1033606001, "natural": "water", "water": null, "wetland": null, "osm_type": "way", "grassland": null, "reef": null }, "geometry": { "type": "Polygon", "coordinates": [ [ [ 72.6227027, 23.1674212 ], [ 72.622759, 23.1674878 ], [ 72.6228315, 23.1676555 ], [ 72.6229387, 23.1677911 ], [ 72.6230165, 23.1679834 ], [ 72.6230326, 23.1681782 ], [ 72.6227751, 23.1684495 ], [ 72.6224184, 23.1686837 ], [ 72.6223057, 23.1686689 ], [ 72.6223084, 23.1685161 ], [ 72.6223674, 23.1682226 ], [ 72.6224318, 23.1680105 ], [ 72.6227027, 23.1674212 ] ] ] } },
{ "type": "Feature", "properties": { "version": 2, "visible": null, "lon": null, "timestamp": 1692652230, "tags": { "visible": false }, "changeset": null, "lat": null, "id": 1033606002, "natural": "water", "water": null, "wetland": null, "osm_type": "way", "grassland": null, "reef": null }, "geometry": { "type": "Polygon", "coordinates": [ [ [ 72.5968918, 23.1837026 ], [ 72.596987, 23.1836669 ], [ 72.597156, 23.1837026 ], [ 72.5973518, 23.1837581 ], [ 72.5974135, 23.1838222 ], [ 72.5974108, 23.1838752 ], [ 72.5972928, 23.183996 ], [ 72.5972445, 23.1840552 ], [ 72.5971332, 23.1840466 ], [ 72.5970863, 23.184049 ], [ 72.5970058, 23.1840466 ], [ 72.5969106, 23.1839023 ], [ 72.5968771, 23.1838617 ], [ 72.5968918, 23.1837026 ] ] ] } },
{ "type": "Feature", "properties": { "version": 1, "visible": null, "lon": null, "timestamp": 1668067817, "tags": { "visible": false }, "changeset": null, "lat": null, "id": 1111963573, "natural": "water", "water": null, "wetland": null, "osm_type": "way", "grassland": null, "reef": null }, "geometry": { "type": "Polygon", "coordinates": [ [ [ 72.6497757, 22.974562 ], [ 72.6496579, 22.9745861 ], [ 72.6495147, 22.9745309 ], [ 72.6495594, 22.9744327 ], [ 72.6496514, 22.9743825 ], [ 72.649759, 22.9743886 ], [ 72.6498128, 22.9743377 ], [ 72.6499599, 22.9743775 ], [ 72.6500885, 22.9742188 ], [ 72.6502233, 22.974257 ], [ 72.6503092, 22.9741429 ], [ 72.6504197, 22.9740627 ], [ 72.6504474, 22.9739294 ], [ 72.650526, 22.9739081 ], [ 72.6505838, 22.9739295 ], [ 72.6506214, 22.973843 ], [ 72.6507149, 22.9738775 ], [ 72.6507583, 22.9739673 ], [ 72.6507369, 22.9741143 ], [ 72.6506245, 22.9742048 ], [ 72.6505947, 22.9742698 ], [ 72.6506384, 22.9742868 ], [ 72.6507694, 22.9742088 ], [ 72.6508256, 22.9741982 ], [ 72.6508819, 22.9742513 ], [ 72.6509496, 22.9741904 ], [ 72.6510143, 22.9741875 ], [ 72.6510544, 22.9742273 ], [ 72.6511037, 22.9743663 ], [ 72.6511468, 22.9744202 ], [ 72.6511468, 22.9744457 ], [ 72.6510944, 22.9745251 ], [ 72.6508048, 22.974579 ], [ 72.650774, 22.9745223 ], [ 72.6507247, 22.9744939 ], [ 72.6507166, 22.9744128 ], [ 72.6506631, 22.9744173 ], [ 72.6506261, 22.9744315 ], [ 72.6506015, 22.9744485 ], [ 72.6504628, 22.9746755 ], [ 72.6504104, 22.9747208 ], [ 72.6503642, 22.9747407 ], [ 72.6502533, 22.9747407 ], [ 72.6502163, 22.974701 ], [ 72.6502163, 22.9746386 ], [ 72.6501979, 22.974596 ], [ 72.6501147, 22.9745762 ], [ 72.6498374, 22.9745847 ], [ 72.6497757, 22.974562 ] ] ] } },
{ "type": "Feature", "properties": { "version": 1, "visible": null, "lon": null, "timestamp": 1668074966, "tags": { "visible": false }, "changeset": null, "lat": null, "id": 1111986043, "natural": "water", "water": null, "wetland": null, "osm_type": "way", "grassland": null, "reef": null }, "geometry": { "type": "Polygon", "coordinates": [ [ [ 72.6518321, 22.9765137 ], [ 72.6517153, 22.9764746 ], [ 72.6516162, 22.9763932 ], [ 72.6515772, 22.9763378 ], [ 72.6515631, 22.9762661 ], [ 72.6515808, 22.9761846 ], [ 72.6515985, 22.9761162 ], [ 72.6516976, 22.9760478 ], [ 72.6517861, 22.9760087 ], [ 72.6518993, 22.9760054 ], [ 72.6520444, 22.9760087 ], [ 72.6521612, 22.976012 ], [ 72.6522285, 22.9760282 ], [ 72.6524231, 22.9760445 ], [ 72.6525328, 22.9760673 ], [ 72.6526001, 22.976126 ], [ 72.6526036, 22.9761781 ], [ 72.6526001, 22.9762563 ], [ 72.6525753, 22.9763345 ], [ 72.652455, 22.9764258 ], [ 72.6523382, 22.9764551 ], [ 72.6521754, 22.9764877 ], [ 72.6519842, 22.9765105 ], [ 72.6518321, 22.9765137 ] ] ] } },
{ "type": "Feature", "properties": { "version": 1, "visible": null, "lon": null, "timestamp": 1668074966, "tags": { "visible": false }, "changeset": null, "lat": null, "id": 1111986044, "natural": "water", "water": null, "wetland": null, "osm_type": "way", "grassland": null, "reef": null }, "geometry": { "type": "Polygon", "coordinates": [ [ [ 72.6534353, 22.9773512 ], [ 72.653407, 22.9772501 ], [ 72.6534141, 22.9771263 ], [ 72.6534636, 22.9769602 ], [ 72.6534813, 22.9768722 ], [ 72.6535238, 22.9768396 ], [ 72.6536264, 22.9768233 ], [ 72.6537255, 22.97682 ], [ 72.6538105, 22.9768298 ], [ 72.6538636, 22.9768494 ], [ 72.6538813, 22.9768819 ], [ 72.6538954, 22.9769341 ], [ 72.6538954, 22.9769993 ], [ 72.6538671, 22.9770775 ], [ 72.6538211, 22.9771426 ], [ 72.6537857, 22.9771882 ], [ 72.6537361, 22.9772534 ], [ 72.6536831, 22.9772925 ], [ 72.6536087, 22.9773218 ], [ 72.6535238, 22.9773642 ], [ 72.6534353, 22.9773512 ] ] ] } },
{ "type": "Feature", "properties": { "version": 1, "visible": null, "lon": null, "timestamp": 1691665979, "tags": { "visible": false }, "changeset": null, "lat": null, "id": 1196756498, "natural": "water", "water": "pond", "wetland": null, "osm_type": "way", "grassland": null, "reef": null }, "geometry": { "type": "Polygon", "coordinates": [ [ [ 72.4949746, 23.0774283 ], [ 72.4949518, 23.0773814 ], [ 72.4949223, 23.0772654 ], [ 72.4947962, 23.0770569 ], [ 72.4946836, 23.0769693 ], [ 72.4944019, 23.0768089 ], [ 72.4943107, 23.0767164 ], [ 72.4942544, 23.076556 ], [ 72.4942692, 23.07644 ], [ 72.4943215, 23.076371 ], [ 72.4944288, 23.0763438 ], [ 72.4945226, 23.0763524 ], [ 72.4944851, 23.0764437 ], [ 72.4943858, 23.07644 ], [ 72.4943483, 23.0765017 ], [ 72.4943939, 23.0766436 ], [ 72.4944837, 23.076751 ], [ 72.4946634, 23.0768472 ], [ 72.4947023, 23.0768546 ], [ 72.4947399, 23.0768423 ], [ 72.4947587, 23.0768114 ], [ 72.4946406, 23.0765906 ], [ 72.4945427, 23.0764734 ], [ 72.4945709, 23.0763747 ], [ 72.4946031, 23.0763907 ], [ 72.4947828, 23.0766029 ], [ 72.4948673, 23.0768077 ], [ 72.4949746, 23.0769151 ], [ 72.4950349, 23.076957 ], [ 72.4950698, 23.0769644 ], [ 72.4952401, 23.0768151 ], [ 72.4954802, 23.0765091 ], [ 72.4955526, 23.0765733 ], [ 72.4954547, 23.0766967 ], [ 72.4953595, 23.0768139 ], [ 72.4953555, 23.0768645 ], [ 72.4953863, 23.0768941 ], [ 72.4954493, 23.076883 ], [ 72.4956156, 23.0768077 ], [ 72.4957176, 23.0767473 ], [ 72.4957886, 23.0766202 ], [ 72.4957806, 23.0765326 ], [ 72.4957108, 23.0765017 ], [ 72.495629, 23.0765128 ], [ 72.4955714, 23.0765313 ], [ 72.4955124, 23.076461 ], [ 72.4956049, 23.0764215 ], [ 72.4958034, 23.0764067 ], [ 72.4958758, 23.0764339 ], [ 72.4959026, 23.0765622 ], [ 72.4958745, 23.0767004 ], [ 72.495794, 23.0768151 ], [ 72.4956304, 23.0769089 ], [ 72.4954681, 23.0769965 ], [ 72.495283, 23.0771112 ], [ 72.4952133, 23.0771779 ], [ 72.4951248, 23.0773839 ], [ 72.4950953, 23.0774172 ], [ 72.4949746, 23.0774283 ] ] ] } },
{ "type": "Feature", "properties": { "version": 1, "visible": null, "lon": null, "timestamp": 1691665979, "tags": { "visible": false }, "changeset": null, "lat": null, "id": 1196756505, "natural": "water", "water": null, "wetland": null, "osm_type": "way", "grassland": null, "reef": null }, "geometry": { "type": "Polygon", "coordinates": [ [ [ 72.4748875, 23.0379661 ], [ 72.4749586, 23.0379192 ], [ 72.4750672, 23.037913 ], [ 72.4751732, 23.037913 ], [ 72.4752872, 23.0379266 ], [ 72.4752671, 23.0383808 ], [ 72.4752195, 23.0383922 ], [ 72.4749631, 23.03839 ], [ 72.4749059, 23.0383754 ], [ 72.4748585, 23.0383452 ], [ 72.4748875, 23.0379661 ] ] ] } },
{ "type": "Feature", "properties": { "version": 1, "visible": null, "lon": null, "timestamp": 1692047393, "tags": { "visible": false, "name": "Vastral Lake" }, "changeset": null, "lat": null, "id": 1198134753, "natural": "water", "water": "lake", "wetland": null, "osm_type": "way", "grassland": null, "reef": null }, "geometry": { "type": "Polygon", "coordinates": [ [ [ 72.6675694, 22.9992861 ], [ 72.6675385, 22.9992306 ], [ 72.6674366, 22.9991652 ], [ 72.6674272, 22.9990639 ], [ 72.6675171, 22.9989244 ], [ 72.6676834, 22.9988652 ], [ 72.6678376, 22.9988713 ], [ 72.6679516, 22.9988775 ], [ 72.6681085, 22.99888 ], [ 72.668201, 22.9988862 ], [ 72.6682614, 22.9989269 ], [ 72.6683593, 22.9989528 ], [ 72.6684813, 22.9989578 ], [ 72.6685765, 22.9990071 ], [ 72.6687361, 22.9992084 ], [ 72.6686852, 22.999417 ], [ 72.6686355, 22.9996145 ], [ 72.6686154, 22.9997799 ], [ 72.668535, 22.9999157 ], [ 72.6683754, 22.9999651 ], [ 72.6680562, 22.9999997 ], [ 72.6678966, 23.0000454 ], [ 72.667556, 23.0000219 ], [ 72.6674245, 22.9999787 ], [ 72.6673199, 22.9998824 ], [ 72.6673052, 22.9997046 ], [ 72.6673427, 22.9995071 ], [ 72.6673923, 22.9994145 ], [ 72.6675694, 22.9992861 ] ] ] } },
{ "type": "Feature", "properties": { "version": 1, "visible": null, "lon": null, "timestamp": 1692611980, "tags": { "visible": false, "name": "Khoraj Lake" }, "changeset": null, "lat": null, "id": 1200779816, "natural": "water", "water": "lake", "wetland": null, "osm_type": "way", "grassland": null, "reef": null }, "geometry": { "type": "Polygon", "coordinates": [ [ [ 72.5547275, 23.1508221 ], [ 72.5547825, 23.1508172 ], [ 72.5548053, 23.1508394 ], [ 72.5548616, 23.1508221 ], [ 72.5548643, 23.1507974 ], [ 72.5549729, 23.1507678 ], [ 72.5551768, 23.150758 ], [ 72.5552224, 23.1507641 ], [ 72.5553095, 23.1508159 ], [ 72.5553524, 23.1509158 ], [ 72.5553377, 23.1510478 ], [ 72.5552492, 23.1512771 ], [ 72.5552344, 23.1514103 ], [ 72.5553069, 23.1514448 ], [ 72.5554275, 23.1521686 ], [ 72.5554839, 23.1529011 ], [ 72.5554302, 23.1530219 ], [ 72.5553256, 23.1530614 ], [ 72.5552371, 23.1530589 ], [ 72.5551191, 23.1530146 ], [ 72.555052, 23.1529603 ], [ 72.5550279, 23.1528888 ], [ 72.5550386, 23.152763 ], [ 72.5550789, 23.1525558 ], [ 72.555044, 23.1524745 ], [ 72.5548482, 23.1518998 ], [ 72.5546175, 23.1514732 ], [ 72.5545666, 23.1511378 ], [ 72.5546148, 23.1509503 ], [ 72.5547275, 23.1508221 ] ] ] } },
{ "type": "Feature", "properties": { "version": 1, "visible": null, "lon": null, "timestamp": 1692652229, "tags": { "visible": false, "name": "Adalaj Lake" }, "changeset": null, "lat": null, "id": 1200946272, "natural": "water", "water": "lake", "wetland": null, "osm_type": "way", "grassland": null, "reef": null }, "geometry": { "type": "Polygon", "coordinates": [ [ [ 72.5798464, 23.1689303 ], [ 72.5798491, 23.1688218 ], [ 72.5798719, 23.168701 ], [ 72.5800797, 23.168463 ], [ 72.580238, 23.1683028 ], [ 72.5803211, 23.1682448 ], [ 72.5804257, 23.1682275 ], [ 72.5805826, 23.1682497 ], [ 72.5806645, 23.1679871 ], [ 72.5807101, 23.1678996 ], [ 72.5807959, 23.1678416 ], [ 72.5809541, 23.1678786 ], [ 72.5810467, 23.1679144 ], [ 72.5811177, 23.1680673 ], [ 72.5811607, 23.1682584 ], [ 72.5812076, 23.1683792 ], [ 72.5813122, 23.1685222 ], [ 72.5814316, 23.1686578 ], [ 72.5815549, 23.1687824 ], [ 72.5816998, 23.1690327 ], [ 72.5817762, 23.1692583 ], [ 72.5817373, 23.1695406 ], [ 72.5816368, 23.1697342 ], [ 72.5813793, 23.1698279 ], [ 72.5811982, 23.1697958 ], [ 72.5811164, 23.1697379 ], [ 72.5810453, 23.1696787 ], [ 72.5807489, 23.1696664 ], [ 72.5806698, 23.1697675 ], [ 72.5806135, 23.1697884 ], [ 72.5804391, 23.1697157 ], [ 72.5802474, 23.1695727 ], [ 72.5801414, 23.1695086 ], [ 72.5798343, 23.1695061 ], [ 72.5797176, 23.169479 ], [ 72.5797887, 23.1694247 ], [ 72.5799684, 23.1694001 ], [ 72.5800529, 23.1692386 ], [ 72.5802675, 23.1690684 ], [ 72.580297, 23.1689624 ], [ 72.5801817, 23.1688958 ], [ 72.5798464, 23.1689303 ] ] ] } },
{ "type": "Feature", "properties": { "version": 1, "visible": null, "lon": null, "timestamp": 1693155731, "tags": { "visible": false }, "changeset": null, "lat": null, "id": 1202581108, "natural": "water", "water": "lake", "wetland": null, "osm_type": "way", "grassland": null, "reef": null }, "geometry": { "type": "Polygon", "coordinates": [ [ [ 72.6105982, 23.1226807 ], [ 72.6102385, 23.1220679 ], [ 72.6107345, 23.1219912 ], [ 72.6111957, 23.1220484 ], [ 72.611307, 23.1223611 ], [ 72.6111062, 23.122468 ], [ 72.6105982, 23.1226807 ] ] ] } },
{ "type": "Feature", "properties": { "version": 1, "visible": null, "lon": null, "timestamp": 1693156814, "tags": { "visible": false }, "changeset": null, "lat": null, "id": 1202585140, "natural": "water", "water": "lake", "wetland": null, "osm_type": "way", "grassland": null, "reef": null }, "geometry": { "type": "Polygon", "coordinates": [ [ [ 72.6167784, 23.1246318 ], [ 72.6170431, 23.1239703 ], [ 72.6172483, 23.1239577 ], [ 72.6173319, 23.1240058 ], [ 72.6174167, 23.1240575 ], [ 72.6174323, 23.1242083 ], [ 72.6173928, 23.1248183 ], [ 72.617285, 23.1248333 ], [ 72.6169176, 23.1247482 ], [ 72.6167784, 23.1246318 ] ] ] } },
{ "type": "Feature", "properties": { "version": 2, "visible": null, "lon": null, "timestamp": 1693284491, "tags": { "visible": false }, "changeset": null, "lat": null, "id": 1202722672, "natural": "water", "water": "pond", "wetland": null, "osm_type": "way", "grassland": null, "reef": null }, "geometry": { "type": "Polygon", "coordinates": [ [ [ 72.4547264, 23.0459077 ], [ 72.454728, 23.045878 ], [ 72.4547146, 23.0458519 ], [ 72.454716, 23.0458255 ], [ 72.4547247, 23.0457983 ], [ 72.4547832, 23.0457793 ], [ 72.4548607, 23.0457926 ], [ 72.4549225, 23.0458243 ], [ 72.4549474, 23.0458675 ], [ 72.4549353, 23.0459074 ], [ 72.4548957, 23.0459438 ], [ 72.4548481, 23.0459746 ], [ 72.4548414, 23.0460187 ], [ 72.4548142, 23.0460382 ], [ 72.4547454, 23.0460265 ], [ 72.4546971, 23.0460006 ], [ 72.4546851, 23.0459798 ], [ 72.4546843, 23.0459565 ], [ 72.4547264, 23.0459077 ] ] ] } },
{ "type": "Feature", "properties": { "version": 1, "visible": null, "lon": null, "timestamp": 1693805917, "tags": { "visible": false }, "changeset": null, "lat": null, "id": 1204808494, "natural": "water", "water": null, "wetland": null, "osm_type": "way", "grassland": null, "reef": null }, "geometry": { "type": "Polygon", "coordinates": [ [ [ 72.4888122, 22.9847331 ], [ 72.4887934, 22.9843133 ], [ 72.4888068, 22.9839725 ], [ 72.4890536, 22.9838022 ], [ 72.4898851, 22.9836491 ], [ 72.4903303, 22.9837503 ], [ 72.490494, 22.9843577 ], [ 72.490679, 22.9850294 ], [ 72.4904913, 22.9852269 ], [ 72.4899387, 22.9852121 ], [ 72.4893165, 22.9849701 ], [ 72.4891448, 22.9848318 ], [ 72.4889141, 22.9848565 ], [ 72.4888122, 22.9847331 ] ] ] } },
{ "type": "Feature", "properties": { "version": 1, "visible": null, "lon": null, "timestamp": 1705237523, "tags": { "visible": false }, "changeset": null, "lat": null, "id": 1239619340, "natural": "water", "water": "pond", "wetland": null, "osm_type": "way", "grassland": null, "reef": null }, "geometry": { "type": "Polygon", "coordinates": [ [ [ 72.521157, 23.0262153 ], [ 72.5211905, 23.0261647 ], [ 72.5212294, 23.0261363 ], [ 72.5212817, 23.0261215 ], [ 72.5213434, 23.0261437 ], [ 72.5213662, 23.0262067 ], [ 72.5213662, 23.0262758 ], [ 72.5213139, 23.0263091 ], [ 72.5212388, 23.0263165 ], [ 72.5211744, 23.0263017 ], [ 72.5211543, 23.0262696 ], [ 72.521157, 23.0262153 ] ] ] } },
{ "type": "Feature", "properties": { "version": 1, "visible": null, "lon": null, "timestamp": 1705237523, "tags": { "visible": false, "name": "Jungle Pond" }, "changeset": null, "lat": null, "id": 1239619341, "natural": "water", "water": "pond", "wetland": null, "osm_type": "way", "grassland": null, "reef": null }, "geometry": { "type": "Polygon", "coordinates": [ [ [ 72.5211283, 23.027029 ], [ 72.5211562, 23.0270125 ], [ 72.5211678, 23.0269994 ], [ 72.5211937, 23.0269975 ], [ 72.521211, 23.0270087 ], [ 72.5212205, 23.0270218 ], [ 72.5212126, 23.0270339 ], [ 72.5212089, 23.0270417 ], [ 72.5212147, 23.0270494 ], [ 72.5212166, 23.027053 ], [ 72.5212179, 23.0270581 ], [ 72.5212047, 23.02708 ], [ 72.521211, 23.0270892 ], [ 72.5212137, 23.0270974 ], [ 72.5212058, 23.0271086 ], [ 72.5212002, 23.0271108 ], [ 72.5211844, 23.0271108 ], [ 72.5211668, 23.0270999 ], [ 72.5211604, 23.0270802 ], [ 72.5211583, 23.02707 ], [ 72.5211507, 23.0270545 ], [ 72.5211305, 23.0270389 ], [ 72.5211288, 23.0270315 ], [ 72.5211283, 23.027029 ] ] ] } },
{ "type": "Feature", "properties": { "version": 1, "visible": null, "lon": null, "timestamp": 1713005126, "tags": { "visible": false, "name": "Lotus Pond" }, "changeset": null, "lat": null, "id": 1272180401, "natural": "water", "water": "pond", "wetland": null, "osm_type": "way", "grassland": null, "reef": null }, "geometry": { "type": "Polygon", "coordinates": [ [ [ 72.5835002, 23.0576166 ], [ 72.5834882, 23.0576388 ], [ 72.5834325, 23.057695 ], [ 72.5834868, 23.0577536 ], [ 72.5834613, 23.0577906 ], [ 72.5834231, 23.0578029 ], [ 72.5833822, 23.0577931 ], [ 72.583352, 23.0577443 ], [ 72.5833051, 23.057727 ], [ 72.5832441, 23.0576715 ], [ 72.5832482, 23.057573 ], [ 72.5832488, 23.0575598 ], [ 72.5832253, 23.0575062 ], [ 72.5831582, 23.0574704 ], [ 72.5831086, 23.0574741 ], [ 72.5830174, 23.0573902 ], [ 72.5830181, 23.0573377 ], [ 72.5830027, 23.057318 ], [ 72.583053, 23.0572729 ], [ 72.5830965, 23.057252 ], [ 72.5835002, 23.0576166 ] ] ] } },
{ "type": "Feature", "properties": { "version": 1, "visible": null, "lon": null, "timestamp": 1713076740, "tags": { "visible": false }, "changeset": null, "lat": null, "id": 1272460965, "natural": "water", "water": "pond", "wetland": null, "osm_type": "way", "grassland": null, "reef": null }, "geometry": { "type": "Polygon", "coordinates": [ [ [ 72.5272571, 23.0989705 ], [ 72.5272652, 23.0990083 ], [ 72.527267, 23.0990412 ], [ 72.5272603, 23.0991226 ], [ 72.527196, 23.0991498 ], [ 72.5271604, 23.099165 ], [ 72.5271225, 23.0991741 ], [ 72.5270834, 23.0991769 ], [ 72.5270444, 23.0991732 ], [ 72.5270199, 23.0991675 ], [ 72.5269962, 23.0991592 ], [ 72.5269515, 23.0991376 ], [ 72.5269116, 23.0991091 ], [ 72.5268811, 23.0990784 ], [ 72.5268571, 23.099043 ], [ 72.5268406, 23.0990042 ], [ 72.526833, 23.0989713 ], [ 72.5268308, 23.0989378 ], [ 72.5268339, 23.0989043 ], [ 72.5268437, 23.0988675 ], [ 72.5268599, 23.0988326 ], [ 72.5268821, 23.0988007 ], [ 72.5269368, 23.098794 ], [ 72.526992, 23.0987919 ], [ 72.5270471, 23.0987945 ], [ 72.5270876, 23.0987994 ], [ 72.5271262, 23.0988119 ], [ 72.5271611, 23.0988315 ], [ 72.5271789, 23.0988457 ], [ 72.5271948, 23.0988617 ], [ 72.5272228, 23.0988964 ], [ 72.5272444, 23.0989348 ], [ 72.5271953, 23.0989407 ], [ 72.5271796, 23.0989112 ], [ 72.5271571, 23.0988858 ], [ 72.5271349, 23.0988692 ], [ 72.5271098, 23.0988565 ], [ 72.5270826, 23.0988482 ], [ 72.5270691, 23.0988429 ], [ 72.5270544, 23.0988436 ], [ 72.5270415, 23.0988501 ], [ 72.527033, 23.0988611 ], [ 72.5270305, 23.0988728 ], [ 72.5270331, 23.0988846 ], [ 72.5270404, 23.0988944 ], [ 72.5270535, 23.0989052 ], [ 72.5270692, 23.0989123 ], [ 72.527094, 23.0989117 ], [ 72.5271119, 23.0989089 ], [ 72.5271296, 23.0989123 ], [ 72.5271434, 23.0989203 ], [ 72.5271537, 23.0989321 ], [ 72.5271591, 23.0989462 ], [ 72.5271665, 23.0989814 ], [ 72.5271638, 23.0990172 ], [ 72.5271698, 23.0990301 ], [ 72.5271781, 23.0990288 ], [ 72.5271852, 23.0990246 ], [ 72.527191, 23.0990147 ], [ 72.5271899, 23.0990036 ], [ 72.5271906, 23.0989845 ], [ 72.5272571, 23.0989705 ] ] ] } },
{ "type": "Feature", "properties": { "version": 1, "visible": null, "lon": null, "timestamp": 1713424817, "tags": { "visible": false }, "changeset": null, "lat": null, "id": 1273603782, "natural": "water", "water": "pond", "wetland": null, "osm_type": "way", "grassland": null, "reef": null }, "geometry": { "type": "Polygon", "coordinates": [ [ [ 72.4869212, 23.0418277 ], [ 72.4868891, 23.0418524 ], [ 72.4868478, 23.0418729 ], [ 72.4868135, 23.0418875 ], [ 72.4867767, 23.0418956 ], [ 72.4867389, 23.0418968 ], [ 72.4867047, 23.0418919 ], [ 72.486672, 23.0418813 ], [ 72.4866419, 23.0418655 ], [ 72.4866155, 23.041845 ], [ 72.4865825, 23.0418213 ], [ 72.4865541, 23.0417931 ], [ 72.486531, 23.0417611 ], [ 72.4865147, 23.0417285 ], [ 72.4865039, 23.0416941 ], [ 72.4864988, 23.0416586 ], [ 72.4864945, 23.0416177 ], [ 72.4864968, 23.0415767 ], [ 72.4865055, 23.0415364 ], [ 72.4865209, 23.041497 ], [ 72.4865425, 23.0414601 ], [ 72.4865699, 23.0414266 ], [ 72.4866011, 23.0413986 ], [ 72.4866367, 23.0413754 ], [ 72.4866758, 23.0413575 ], [ 72.4867228, 23.0413443 ], [ 72.4867716, 23.0413389 ], [ 72.4868207, 23.0413415 ], [ 72.486944, 23.0413538 ], [ 72.486969, 23.041373 ], [ 72.4869893, 23.0413964 ], [ 72.4870044, 23.0414229 ], [ 72.4870138, 23.0414526 ], [ 72.4870165, 23.0414834 ], [ 72.4869923, 23.0415303 ], [ 72.486972, 23.041563 ], [ 72.4869494, 23.0415945 ], [ 72.4869467, 23.0416185 ], [ 72.4869494, 23.0416426 ], [ 72.486959, 23.0416688 ], [ 72.4869749, 23.0416923 ], [ 72.4869964, 23.0417117 ], [ 72.4869976, 23.0417303 ], [ 72.486995, 23.0417487 ], [ 72.4869849, 23.0417735 ], [ 72.4869678, 23.0417949 ], [ 72.4869452, 23.0418113 ], [ 72.4869212, 23.0418277 ] ] ] } },
{ "type": "Feature", "properties": { "version": 1, "visible": null, "lon": null, "timestamp": 1713815957, "tags": { "visible": false }, "changeset": null, "lat": null, "id": 1275046998, "natural": "water", "water": "lake", "wetland": null, "osm_type": "way", "grassland": null, "reef": null }, "geometry": { "type": "Polygon", "coordinates": [ [ [ 72.5500806, 23.1382857 ], [ 72.5501865, 23.1380539 ], [ 72.5502312, 23.1379561 ], [ 72.5502825, 23.1378611 ], [ 72.5503401, 23.1377692 ], [ 72.5504039, 23.1376809 ], [ 72.5504735, 23.1375963 ], [ 72.5505309, 23.1375342 ], [ 72.5505914, 23.1374747 ], [ 72.5507162, 23.1373591 ], [ 72.5508477, 23.1372498 ], [ 72.5509651, 23.1371616 ], [ 72.5510867, 23.1370785 ], [ 72.5512125, 23.1370007 ], [ 72.5512516, 23.1369715 ], [ 72.5512947, 23.1369475 ], [ 72.5513409, 23.1369292 ], [ 72.5513895, 23.1369168 ], [ 72.5514331, 23.1369112 ], [ 72.5514771, 23.1369103 ], [ 72.5515209, 23.1369144 ], [ 72.5515685, 23.1369316 ], [ 72.5516121, 23.1369563 ], [ 72.5516497, 23.1369871 ], [ 72.5516809, 23.1370234 ], [ 72.5517048, 23.1370641 ], [ 72.5517207, 23.137108 ], [ 72.5517288, 23.137175 ], [ 72.5517274, 23.1372424 ], [ 72.5517199, 23.1372937 ], [ 72.5517069, 23.137344 ], [ 72.5516885, 23.1373929 ], [ 72.5516759, 23.1374235 ], [ 72.5516579, 23.1374517 ], [ 72.5516349, 23.1374767 ], [ 72.5516047, 23.1374998 ], [ 72.5515703, 23.1375172 ], [ 72.551533, 23.1375285 ], [ 72.5514864, 23.1375324 ], [ 72.5514411, 23.1375429 ], [ 72.5513982, 23.1375598 ], [ 72.5513586, 23.1375828 ], [ 72.5513226, 23.137612 ], [ 72.5512923, 23.1376462 ], [ 72.5512683, 23.1376845 ], [ 72.5512513, 23.1377258 ], [ 72.5511467, 23.1379947 ], [ 72.5510978, 23.13811 ], [ 72.5510395, 23.1382216 ], [ 72.5509902, 23.1383017 ], [ 72.550936, 23.138379 ], [ 72.5508772, 23.1384534 ], [ 72.5508397, 23.138487 ], [ 72.5507973, 23.1385152 ], [ 72.5507509, 23.1385375 ], [ 72.5507015, 23.1385533 ], [ 72.5506539, 23.138562 ], [ 72.5506055, 23.1385647 ], [ 72.5505572, 23.1385614 ], [ 72.5505097, 23.1385521 ], [ 72.5504517, 23.1385502 ], [ 72.5503945, 23.1385406 ], [ 72.5503394, 23.1385237 ], [ 72.5502961, 23.1385043 ], [ 72.5502556, 23.1384804 ], [ 72.5502184, 23.1384522 ], [ 72.5501852, 23.1384201 ], [ 72.5501074, 23.138372 ], [ 72.5500806, 23.1382857 ] ] ] } },
{ "type": "Feature", "properties": { "version": 3, "visible": null, "lon": null, "timestamp": 1715936575, "tags": { "visible": false, "intermittent": "yes" }, "changeset": null, "lat": null, "id": 1283855603, "natural": "water", "water": "basin", "wetland": null, "osm_type": "way", "grassland": null, "reef": null }, "geometry": { "type": "Polygon", "coordinates": [ [ [ 72.6517646, 23.0216426 ], [ 72.6517814, 23.0216145 ], [ 72.651807, 23.0215929 ], [ 72.6518389, 23.0215799 ], [ 72.6518737, 23.0215771 ], [ 72.6519084, 23.021585 ], [ 72.6519383, 23.021603 ], [ 72.6519602, 23.021629 ], [ 72.6519716, 23.0216602 ], [ 72.6519711, 23.0216931 ], [ 72.6519589, 23.0217241 ], [ 72.6519364, 23.0217496 ], [ 72.6519059, 23.0217669 ], [ 72.651871, 23.021774 ], [ 72.6518364, 23.0217704 ], [ 72.6518024, 23.0217538 ], [ 72.6517797, 23.0217344 ], [ 72.6517637, 23.0217059 ], [ 72.6517585, 23.0216742 ], [ 72.6517646, 23.0216426 ] ] ] } },
{ "type": "Feature", "properties": { "version": 1, "visible": null, "lon": null, "timestamp": 1715936888, "tags": { "visible": false }, "changeset": null, "lat": null, "id": 1283879716, "natural": "water", "water": "pond", "wetland": null, "osm_type": "way", "grassland": null, "reef": null }, "geometry": { "type": "Polygon", "coordinates": [ [ [ 72.5165269, 23.0294518 ], [ 72.5165044, 23.029459 ], [ 72.5164805, 23.0294587 ], [ 72.5164583, 23.0294509 ], [ 72.5164402, 23.0294366 ], [ 72.5164285, 23.0294175 ], [ 72.5164246, 23.0293977 ], [ 72.5164276, 23.0293778 ], [ 72.5164372, 23.0293598 ], [ 72.5164525, 23.0293455 ], [ 72.5164719, 23.0293362 ], [ 72.5164934, 23.0293331 ], [ 72.516515, 23.0293362 ], [ 72.5165343, 23.0293455 ], [ 72.5165496, 23.0293598 ], [ 72.5165593, 23.0293778 ], [ 72.5165623, 23.0293977 ], [ 72.5165577, 23.0294192 ], [ 72.5165454, 23.029438 ], [ 72.5165269, 23.0294518 ] ] ] } },
{ "type": "Feature", "properties": { "version": 1, "visible": null, "lon": null, "timestamp": 1715937499, "tags": { "visible": false }, "changeset": null, "lat": null, "id": 1283881916, "natural": "water", "water": "reservoir", "wetland": null, "osm_type": "way", "grassland": null, "reef": null }, "geometry": { "type": "Polygon", "coordinates": [ [ [ 72.651396, 22.9888022 ], [ 72.6514087, 22.9888035 ], [ 72.6514202, 22.9888085 ], [ 72.6514295, 22.9888166 ], [ 72.6514354, 22.9888269 ], [ 72.6514375, 22.9888385 ], [ 72.6514354, 22.9888501 ], [ 72.6514294, 22.9888605 ], [ 72.6514202, 22.9888685 ], [ 72.6514086, 22.9888735 ], [ 72.651396, 22.9888748 ], [ 72.6513835, 22.9888723 ], [ 72.6513726, 22.9888663 ], [ 72.6513638, 22.9888566 ], [ 72.6513591, 22.9888448 ], [ 72.6513591, 22.9888321 ], [ 72.6513638, 22.9888203 ], [ 72.6513726, 22.9888106 ], [ 72.6513836, 22.9888046 ], [ 72.651396, 22.9888022 ] ] ] } },
{ "type": "Feature", "properties": { "version": 1, "visible": null, "lon": null, "timestamp": 1717329400, "tags": { "visible": false }, "changeset": null, "lat": null, "id": 1288891874, "natural": "water", "water": "lake", "wetland": null, "osm_type": "way", "grassland": null, "reef": null }, "geometry": { "type": "Polygon", "coordinates": [ [ [ 72.555626, 23.1432013 ], [ 72.5555348, 23.1431075 ], [ 72.5555294, 23.1430548 ], [ 72.5555317, 23.1430018 ], [ 72.5555415, 23.1429496 ], [ 72.5555588, 23.1428991 ], [ 72.5555831, 23.142851 ], [ 72.5556184, 23.1428012 ], [ 72.5556614, 23.1427566 ], [ 72.5557111, 23.1427185 ], [ 72.5557664, 23.1426875 ], [ 72.5558261, 23.1426645 ], [ 72.5558888, 23.1426498 ], [ 72.5559533, 23.1426439 ], [ 72.5562483, 23.1425896 ], [ 72.5564843, 23.1425206 ], [ 72.5565694, 23.1425047 ], [ 72.5566559, 23.1424973 ], [ 72.5567427, 23.1424983 ], [ 72.5568289, 23.1425077 ], [ 72.5569135, 23.1425255 ], [ 72.5569912, 23.1425498 ], [ 72.5570659, 23.1425811 ], [ 72.5571368, 23.1426192 ], [ 72.5572032, 23.1426636 ], [ 72.5573319, 23.1429448 ], [ 72.5573212, 23.143369 ], [ 72.5573695, 23.1437389 ], [ 72.5574607, 23.1438918 ], [ 72.5574553, 23.1441878 ], [ 72.5574275, 23.1442407 ], [ 72.5573928, 23.1442901 ], [ 72.5573518, 23.1443352 ], [ 72.5573051, 23.1443753 ], [ 72.5572511, 23.1444111 ], [ 72.5571925, 23.1444403 ], [ 72.5571303, 23.1444624 ], [ 72.5570656, 23.144477 ], [ 72.5569993, 23.1444838 ], [ 72.5567633, 23.1444147 ], [ 72.5565594, 23.1444147 ], [ 72.556141, 23.1442223 ], [ 72.5558245, 23.1437192 ], [ 72.555626, 23.1432013 ] ] ] } },
{ "type": "Feature", "properties": { "version": 1, "visible": null, "lon": null, "timestamp": 1717738909, "tags": { "visible": false }, "changeset": null, "lat": null, "id": 1290153167, "natural": "water", "water": "lake", "wetland": null, "osm_type": "way", "grassland": null, "reef": null }, "geometry": { "type": "Polygon", "coordinates": [ [ [ 72.6423284, 22.952083 ], [ 72.6426798, 22.9521595 ], [ 72.642881, 22.9523127 ], [ 72.6430982, 22.952614 ], [ 72.6431653, 22.9529227 ], [ 72.6430956, 22.9531178 ], [ 72.64294, 22.9534043 ], [ 72.6429185, 22.9537057 ], [ 72.6430178, 22.9539255 ], [ 72.6432672, 22.9541897 ], [ 72.643514, 22.9543626 ], [ 72.6436025, 22.954617 ], [ 72.6435542, 22.9549183 ], [ 72.6433209, 22.9550986 ], [ 72.6430419, 22.9550863 ], [ 72.6428515, 22.9549924 ], [ 72.6425806, 22.9547751 ], [ 72.642256, 22.9543453 ], [ 72.6420683, 22.9537921 ], [ 72.641843, 22.953592 ], [ 72.6417437, 22.9532463 ], [ 72.6414353, 22.9530437 ], [ 72.6411402, 22.952735 ], [ 72.6410383, 22.9524485 ], [ 72.641049, 22.9522262 ], [ 72.6415291, 22.9519916 ], [ 72.6418698, 22.9519471 ], [ 72.6422185, 22.9519718 ], [ 72.6423284, 22.952083 ] ] ] } },
{ "type": "Feature", "properties": { "version": 1, "visible": null, "lon": null, "timestamp": 1722062899, "tags": { "visible": false, "name": "Ognaj Lake" }, "changeset": null, "lat": null, "id": 1304027700, "natural": "water", "water": "lake", "wetland": null, "osm_type": "way", "grassland": null, "reef": null }, "geometry": { "type": "Polygon", "coordinates": [ [ [ 72.5148618, 23.1202424 ], [ 72.5147921, 23.1203756 ], [ 72.5147465, 23.1204225 ], [ 72.5146741, 23.1204299 ], [ 72.5145721, 23.1203756 ], [ 72.51454, 23.1203289 ], [ 72.514513, 23.1202794 ], [ 72.5144917, 23.1202276 ], [ 72.5144761, 23.1201746 ], [ 72.5144664, 23.1201203 ], [ 72.5144627, 23.1200655 ], [ 72.5144649, 23.1200106 ], [ 72.5145453, 23.1198724 ], [ 72.5145507, 23.1197392 ], [ 72.5145829, 23.1196529 ], [ 72.5147223, 23.119606 ], [ 72.5147599, 23.1194876 ], [ 72.5148967, 23.1193815 ], [ 72.5150657, 23.1193519 ], [ 72.5153393, 23.119231 ], [ 72.5153584, 23.1192113 ], [ 72.5153818, 23.119196 ], [ 72.5154083, 23.1191856 ], [ 72.5154366, 23.1191808 ], [ 72.5154653, 23.1191817 ], [ 72.5154961, 23.1191894 ], [ 72.5155239, 23.1192037 ], [ 72.5155472, 23.1192237 ], [ 72.5155646, 23.1192483 ], [ 72.5155447, 23.1192839 ], [ 72.515534, 23.1193226 ], [ 72.5155329, 23.1193626 ], [ 72.5155414, 23.1194018 ], [ 72.5155592, 23.1194383 ], [ 72.5155829, 23.1194678 ], [ 72.5156127, 23.1194923 ], [ 72.5156473, 23.1195106 ], [ 72.5156668, 23.1195151 ], [ 72.5156853, 23.1195221 ], [ 72.5157122, 23.1195387 ], [ 72.5157341, 23.1195607 ], [ 72.5157495, 23.119587 ], [ 72.5157577, 23.1196159 ], [ 72.5157534, 23.1196418 ], [ 72.5157443, 23.1196667 ], [ 72.5157309, 23.1196899 ], [ 72.5157058, 23.1197176 ], [ 72.5156745, 23.1197392 ], [ 72.515633, 23.1197675 ], [ 72.515597, 23.1198015 ], [ 72.5155672, 23.1198403 ], [ 72.5155469, 23.1198778 ], [ 72.5155325, 23.1199176 ], [ 72.5155243, 23.1199587 ], [ 72.5155059, 23.1200136 ], [ 72.5154795, 23.1200657 ], [ 72.5154456, 23.120114 ], [ 72.5154049, 23.1201575 ], [ 72.515358, 23.1201956 ], [ 72.5152051, 23.1203707 ], [ 72.5151827, 23.1203945 ], [ 72.5151558, 23.120414 ], [ 72.5151253, 23.1204284 ], [ 72.5150925, 23.1204373 ], [ 72.5150552, 23.1204403 ], [ 72.515018, 23.1204361 ], [ 72.5149825, 23.120425 ], [ 72.5149594, 23.1203946 ], [ 72.5149439, 23.1203604 ], [ 72.5149369, 23.1203238 ], [ 72.5149384, 23.1202888 ], [ 72.5149477, 23.1202548 ], [ 72.5149396, 23.1202042 ], [ 72.5148994, 23.1202054 ], [ 72.5148618, 23.1202424 ] ] ] } },
{ "type": "Feature", "properties": { "version": 1, "visible": null, "lon": null, "timestamp": 1730812765, "tags": { "visible": false, "area": "yes" }, "changeset": null, "lat": null, "id": 1330894779, "natural": "water", "water": null, "wetland": null, "osm_type": "way", "grassland": null, "reef": null }, "geometry": { "type": "Polygon", "coordinates": [ [ [ 72.6245595, 23.125426 ], [ 72.6252461, 23.1254455 ], [ 72.6249983, 23.1258426 ], [ 72.6245665, 23.1257905 ], [ 72.6245595, 23.125426 ] ] ] } },
{ "type": "Feature", "properties": { "version": 1, "visible": null, "lon": null, "timestamp": 1736428583, "tags": { "visible": false, "intermittent": "yes", "name": "Ratanpura lake" }, "changeset": null, "lat": null, "id": 1349775590, "natural": "water", "water": "lake", "wetland": null, "osm_type": "way", "grassland": null, "reef": null }, "geometry": { "type": "Polygon", "coordinates": [ [ [ 72.6570685, 22.9939629 ], [ 72.6570404, 22.9939579 ], [ 72.6570564, 22.9935086 ], [ 72.6569009, 22.9932937 ], [ 72.6568741, 22.9931703 ], [ 72.6569197, 22.9930814 ], [ 72.6572764, 22.9929777 ], [ 72.6575285, 22.9929333 ], [ 72.6576814, 22.9930123 ], [ 72.6577297, 22.9930962 ], [ 72.6577485, 22.9933184 ], [ 72.6577377, 22.9934888 ], [ 72.6578397, 22.9937258 ], [ 72.6578692, 22.9938641 ], [ 72.6576599, 22.9938592 ], [ 72.6573864, 22.9938876 ], [ 72.6571584, 22.9939641 ], [ 72.6570685, 22.9939629 ] ] ] } },
{ "type": "Feature", "properties": { "version": 1, "visible": null, "lon": null, "timestamp": 1742197500, "tags": { "visible": false, "intermittent": "yes", "name": "Tragad Lake" }, "changeset": null, "lat": null, "id": 1368330303, "natural": "water", "water": "lake", "wetland": null, "osm_type": "way", "grassland": null, "reef": null }, "geometry": { "type": "Polygon", "coordinates": [ [ [ 72.5532765, 23.1295994 ], [ 72.5532437, 23.1295867 ], [ 72.5532125, 23.1295695 ], [ 72.5531847, 23.1295487 ], [ 72.5531574, 23.1295214 ], [ 72.5531428, 23.1295012 ], [ 72.5531324, 23.1294651 ], [ 72.5531475, 23.1293448 ], [ 72.5531319, 23.1292472 ], [ 72.553123, 23.1291489 ], [ 72.5530904, 23.1290458 ], [ 72.5530891, 23.1290475 ], [ 72.5531242, 23.1289949 ], [ 72.5531837, 23.128925 ], [ 72.5532383, 23.1288996 ], [ 72.5532931, 23.1288167 ], [ 72.553326, 23.1288047 ], [ 72.5533946, 23.1288195 ], [ 72.553519, 23.1288336 ], [ 72.5535983, 23.1288032 ], [ 72.5536481, 23.1287739 ], [ 72.5536918, 23.128737 ], [ 72.5537289, 23.1286922 ], [ 72.5537567, 23.1286418 ], [ 72.5537716, 23.1285736 ], [ 72.5538242, 23.1285777 ], [ 72.5539287, 23.1285729 ], [ 72.5539516, 23.1285765 ], [ 72.5539778, 23.1285847 ], [ 72.5539993, 23.1285952 ], [ 72.5540192, 23.1286088 ], [ 72.5540489, 23.1286362 ], [ 72.5540778, 23.1286592 ], [ 72.5540901, 23.1286734 ], [ 72.554096, 23.1286832 ], [ 72.5541009, 23.1286951 ], [ 72.5541064, 23.1287179 ], [ 72.5541163, 23.1287574 ], [ 72.5541184, 23.1287876 ], [ 72.5541169, 23.1288068 ], [ 72.5541126, 23.1288272 ], [ 72.5541063, 23.1288454 ], [ 72.5540794, 23.1288969 ], [ 72.554051, 23.1289484 ], [ 72.5539769, 23.1289782 ], [ 72.5537959, 23.1290377 ], [ 72.5536425, 23.1290842 ], [ 72.5535637, 23.1291625 ], [ 72.5535064, 23.1292919 ], [ 72.5535208, 23.1294053 ], [ 72.553538, 23.1294957 ], [ 72.5535465, 23.129521 ], [ 72.553538, 23.1295499 ], [ 72.5535216, 23.12958 ], [ 72.553501, 23.129598 ], [ 72.5534682, 23.1296121 ], [ 72.5534291, 23.1296148 ], [ 72.5533422, 23.1296148 ], [ 72.5532765, 23.1295994 ] ] ] } },
{ "type": "Feature", "properties": { "version": 1, "visible": null, "lon": null, "timestamp": 1744061225, "tags": { "visible": false }, "changeset": null, "lat": null, "id": 1375690864, "natural": "water", "water": null, "wetland": null, "osm_type": "way", "grassland": null, "reef": null }, "geometry": { "type": "Polygon", "coordinates": [ [ [ 72.4948308, 23.0364465 ], [ 72.4948093, 23.0363181 ], [ 72.4950078, 23.0362974 ], [ 72.4950217, 23.0364307 ], [ 72.4948308, 23.0364465 ] ] ] } },
{ "type": "Feature", "properties": { "version": 1, "visible": null, "lon": null, "timestamp": 1744061225, "tags": { "visible": false }, "changeset": null, "lat": null, "id": 1375690865, "natural": "water", "water": null, "wetland": null, "osm_type": "way", "grassland": null, "reef": null }, "geometry": { "type": "Polygon", "coordinates": [ [ [ 72.4939178, 23.0369477 ], [ 72.4938966, 23.0367588 ], [ 72.4943666, 23.0367054 ], [ 72.4943893, 23.0368943 ], [ 72.4939178, 23.0369477 ] ] ] } },
{ "type": "Feature", "properties": { "version": 1, "visible": null, "lon": null, "timestamp": 1744061225, "tags": { "visible": false }, "changeset": null, "lat": null, "id": 1375690866, "natural": "water", "water": null, "wetland": null, "osm_type": "way", "grassland": null, "reef": null }, "geometry": { "type": "Polygon", "coordinates": [ [ [ 72.4937345, 23.036729 ], [ 72.4936943, 23.0364933 ], [ 72.494343, 23.0363997 ], [ 72.4944617, 23.0366242 ], [ 72.4937345, 23.036729 ] ] ] } },
{ "type": "Feature", "properties": { "version": 1, "visible": null, "lon": null, "timestamp": 1744976439, "tags": { "visible": false }, "changeset": null, "lat": null, "id": 1378628240, "natural": "water", "water": "lake", "wetland": null, "osm_type": "way", "grassland": null, "reef": null }, "geometry": { "type": "Polygon", "coordinates": [ [ [ 72.5644034, 23.1622034 ], [ 72.5641238, 23.1620667 ], [ 72.5633665, 23.1611393 ], [ 72.5627329, 23.1594765 ], [ 72.5623967, 23.1585426 ], [ 72.5624463, 23.1580643 ], [ 72.5625108, 23.158049 ], [ 72.562556, 23.1580383 ], [ 72.5626055, 23.1581034 ], [ 72.5626834, 23.1585329 ], [ 72.5627754, 23.1585361 ], [ 72.562871, 23.1588257 ], [ 72.5637133, 23.1609799 ], [ 72.5642052, 23.1616307 ], [ 72.5644565, 23.1617934 ], [ 72.5645627, 23.1620309 ], [ 72.5645556, 23.162122 ], [ 72.5644034, 23.1622034 ] ] ] } },
{ "type": "Feature", "properties": { "version": 1, "visible": null, "lon": null, "timestamp": 1744976439, "tags": { "visible": false }, "changeset": null, "lat": null, "id": 1378628242, "natural": "water", "water": "pond", "wetland": null, "osm_type": "way", "grassland": null, "reef": null }, "geometry": { "type": "Polygon", "coordinates": [ [ [ 72.513796, 23.0810172 ], [ 72.5135359, 23.0809777 ], [ 72.5131818, 23.0804916 ], [ 72.5130477, 23.0796971 ], [ 72.5130236, 23.0793418 ], [ 72.5130933, 23.0792159 ], [ 72.5133508, 23.0792406 ], [ 72.513839, 23.0791419 ], [ 72.5140723, 23.0790999 ], [ 72.514311, 23.0791814 ], [ 72.5144049, 23.0795243 ], [ 72.5144478, 23.0798969 ], [ 72.5142332, 23.0799956 ], [ 72.5140482, 23.0799364 ], [ 72.5138846, 23.0799636 ], [ 72.5137934, 23.0801264 ], [ 72.5138872, 23.0806619 ], [ 72.5139677, 23.0808223 ], [ 72.5139248, 23.0809333 ], [ 72.513796, 23.0810172 ] ] ] } },
{ "type": "Feature", "properties": { "version": 1, "visible": null, "lon": null, "timestamp": 1744976439, "tags": { "visible": false }, "changeset": null, "lat": null, "id": 1378628243, "natural": "water", "water": "pond", "wetland": null, "osm_type": "way", "grassland": null, "reef": null }, "geometry": { "type": "Polygon", "coordinates": [ [ [ 72.5160931, 23.0797481 ], [ 72.515971, 23.0796704 ], [ 72.5156505, 23.0793977 ], [ 72.5156626, 23.0793126 ], [ 72.5158369, 23.0792324 ], [ 72.5160757, 23.0792435 ], [ 72.5163036, 23.0794718 ], [ 72.5163144, 23.0795668 ], [ 72.5162151, 23.0796531 ], [ 72.5161762, 23.0797173 ], [ 72.5160931, 23.0797481 ] ] ] } },
{ "type": "Feature", "properties": { "version": 1, "visible": null, "lon": null, "timestamp": 1744976439, "tags": { "visible": false }, "changeset": null, "lat": null, "id": 1378628244, "natural": "water", "water": "pond", "wetland": null, "osm_type": "way", "grassland": null, "reef": null }, "geometry": { "type": "Polygon", "coordinates": [ [ [ 72.4850038, 23.0809065 ], [ 72.4848676, 23.080798 ], [ 72.4849245, 23.0805381 ], [ 72.4851136, 23.0802594 ], [ 72.4853372, 23.0802445 ], [ 72.4854225, 23.0805605 ], [ 72.4852721, 23.0808055 ], [ 72.4852762, 23.0808672 ], [ 72.4851562, 23.080914 ], [ 72.4850851, 23.0809514 ], [ 72.4850038, 23.0809065 ] ] ] } },
{ "type": "Feature", "properties": { "version": 1, "visible": null, "lon": null, "timestamp": 1744976439, "tags": { "visible": false }, "changeset": null, "lat": null, "id": 1378628245, "natural": "water", "water": "pond", "wetland": null, "osm_type": "way", "grassland": null, "reef": null }, "geometry": { "type": "Polygon", "coordinates": [ [ [ 72.4769646, 23.0805128 ], [ 72.4765499, 23.0803688 ], [ 72.4762206, 23.0800771 ], [ 72.4761942, 23.0798882 ], [ 72.4764849, 23.0796564 ], [ 72.476863, 23.0795479 ], [ 72.4770622, 23.0797199 ], [ 72.4771313, 23.0801201 ], [ 72.4770642, 23.0803389 ], [ 72.4769646, 23.0805128 ] ] ] } },
{ "type": "Feature", "properties": { "version": 1, "visible": null, "lon": null, "timestamp": 1749865036, "tags": { "visible": false }, "changeset": null, "lat": null, "id": 1395103922, "natural": "water", "water": "wastewater", "wetland": null, "osm_type": "way", "grassland": null, "reef": null }, "geometry": { "type": "Polygon", "coordinates": [ [ [ 72.6449431, 23.0930292 ], [ 72.6455366, 23.0924931 ], [ 72.6461034, 23.0930295 ], [ 72.6455176, 23.0935685 ], [ 72.6449431, 23.0930292 ] ] ] } },
{ "type": "Feature", "properties": { "version": 1, "visible": null, "lon": null, "timestamp": 1749865036, "tags": { "visible": false }, "changeset": null, "lat": null, "id": 1395103925, "natural": "water", "water": "wastewater", "wetland": null, "osm_type": "way", "grassland": null, "reef": null }, "geometry": { "type": "Polygon", "coordinates": [ [ [ 72.6448013, 23.0927459 ], [ 72.6449942, 23.0925743 ], [ 72.6450983, 23.0926733 ], [ 72.6449055, 23.092845 ], [ 72.6448013, 23.0927459 ] ] ] } },
{ "type": "Feature", "properties": { "version": 1, "visible": null, "lon": null, "timestamp": 1752996222, "tags": { "visible": false }, "changeset": null, "lat": null, "id": 1416039829, "natural": "water", "water": "pond", "wetland": null, "osm_type": "way", "grassland": null, "reef": null }, "geometry": { "type": "Polygon", "coordinates": [ [ [ 72.6283025, 23.1899084 ], [ 72.6283025, 23.189861 ], [ 72.6283675, 23.189861 ], [ 72.6283675, 23.1899084 ], [ 72.6283025, 23.1899084 ] ] ] } },
{ "type": "Feature", "properties": { "version": 1, "visible": null, "lon": null, "timestamp": 1765459654, "tags": { "visible": false }, "changeset": null, "lat": null, "id": 1457782747, "natural": "water", "water": "lake", "wetland": null, "osm_type": "way", "grassland": null, "reef": null }, "geometry": { "type": "Polygon", "coordinates": [ [ [ 72.4832225, 23.1023965 ], [ 72.4836409, 23.1023127 ], [ 72.4841881, 23.102441 ], [ 72.4843222, 23.1027123 ], [ 72.4843705, 23.1030577 ], [ 72.4846548, 23.1032255 ], [ 72.4848479, 23.1033192 ], [ 72.484805, 23.1037041 ], [ 72.4846548, 23.1038324 ], [ 72.4843329, 23.1037979 ], [ 72.4841559, 23.1040051 ], [ 72.4838877, 23.1040446 ], [ 72.4833351, 23.1039508 ], [ 72.4828523, 23.1036104 ], [ 72.4827826, 23.103265 ], [ 72.4828631, 23.1028308 ], [ 72.4831098, 23.1025594 ], [ 72.4832225, 23.1023965 ] ] ] } },
{ "type": "Feature", "properties": { "version": 1, "visible": null, "lon": null, "timestamp": 1772032143, "tags": { "visible": false }, "changeset": null, "lat": null, "id": 1482917213, "natural": "water", "water": "river", "wetland": null, "osm_type": "way", "grassland": null, "reef": null }, "geometry": { "type": "Polygon", "coordinates": [ [ [ 72.6015341, 23.0826049 ], [ 72.6015056, 23.0828518 ], [ 72.6014866, 23.0830995 ], [ 72.6014826, 23.0832055 ], [ 72.6014772, 23.0833477 ], [ 72.6014775, 23.083596 ], [ 72.6014873, 23.0838441 ], [ 72.6015067, 23.0840918 ], [ 72.6015357, 23.0843386 ], [ 72.6015742, 23.0845844 ], [ 72.6016222, 23.0848288 ], [ 72.6016796, 23.0850714 ], [ 72.601746, 23.085311 ], [ 72.6018217, 23.0855484 ], [ 72.6019064, 23.0857831 ], [ 72.6020001, 23.0860149 ], [ 72.6021027, 23.0862435 ], [ 72.6022141, 23.0864687 ], [ 72.602334, 23.08669 ], [ 72.6024508, 23.0868961 ], [ 72.6025755, 23.0870984 ], [ 72.6027078, 23.0872964 ], [ 72.6028476, 23.0874901 ], [ 72.6029948, 23.087679 ], [ 72.6031491, 23.0878632 ], [ 72.6033103, 23.0880421 ], [ 72.603465, 23.0882025 ], [ 72.6036253, 23.0883581 ], [ 72.603791, 23.0885089 ], [ 72.603962, 23.0886546 ], [ 72.604138, 23.0887952 ], [ 72.6043188, 23.0889304 ], [ 72.6045369, 23.0890851 ], [ 72.6047612, 23.0892322 ], [ 72.6049913, 23.0893714 ], [ 72.605227, 23.0895025 ], [ 72.6054678, 23.0896253 ], [ 72.6057136, 23.0897397 ], [ 72.6059587, 23.0898433 ], [ 72.6062077, 23.0899386 ], [ 72.6064605, 23.0900253 ], [ 72.6067165, 23.0901034 ], [ 72.6069755, 23.0901727 ], [ 72.6072371, 23.0902332 ], [ 72.6076458, 23.0903074 ], [ 72.6080564, 23.0903722 ], [ 72.6084687, 23.0904275 ], [ 72.6088823, 23.0904733 ], [ 72.609297, 23.0905095 ], [ 72.6097005, 23.0905354 ], [ 72.6101046, 23.0905523 ], [ 72.610509, 23.0905602 ], [ 72.6109135, 23.0905589 ], [ 72.6113178, 23.0905486 ], [ 72.6117217, 23.0905292 ], [ 72.6152086, 23.0902726 ], [ 72.6229763, 23.0897002 ], [ 72.625637, 23.0895127 ], [ 72.6271176, 23.089414 ], [ 72.6270747, 23.0917826 ], [ 72.6130628, 23.0927893 ], [ 72.6126575, 23.0928372 ], [ 72.6122511, 23.0928765 ], [ 72.6118437, 23.0929071 ], [ 72.6114358, 23.092929 ], [ 72.6110273, 23.0929422 ], [ 72.6106187, 23.0929467 ], [ 72.61021, 23.0929424 ], [ 72.6098016, 23.0929294 ], [ 72.6093936, 23.0929077 ], [ 72.6090142, 23.0928797 ], [ 72.6086356, 23.0928441 ], [ 72.6082579, 23.092801 ], [ 72.6078813, 23.0927504 ], [ 72.607506, 23.0926923 ], [ 72.6071322, 23.0926268 ], [ 72.6067599, 23.0925538 ], [ 72.6063895, 23.0924735 ], [ 72.6060645, 23.0923731 ], [ 72.6057428, 23.0922641 ], [ 72.6054247, 23.0921465 ], [ 72.6051105, 23.0920204 ], [ 72.6048004, 23.0918859 ], [ 72.6044947, 23.0917431 ], [ 72.6041936, 23.0915921 ], [ 72.6038975, 23.0914332 ], [ 72.6036066, 23.0912664 ], [ 72.6033211, 23.0910918 ], [ 72.6030489, 23.0909147 ], [ 72.6027822, 23.0907307 ], [ 72.6025214, 23.0905397 ], [ 72.6022666, 23.090342 ], [ 72.6020179, 23.0901377 ], [ 72.6017757, 23.089927 ], [ 72.6015401, 23.0897101 ], [ 72.6013336, 23.0894942 ], [ 72.6011344, 23.0892726 ], [ 72.6009427, 23.0890455 ], [ 72.6007587, 23.0888131 ], [ 72.6005824, 23.0885756 ], [ 72.6004142, 23.0883332 ], [ 72.6002542, 23.0880863 ], [ 72.6001024, 23.0878349 ], [ 72.5999696, 23.0875987 ], [ 72.5998441, 23.0873591 ], [ 72.599726, 23.0871164 ], [ 72.5996155, 23.0868707 ], [ 72.5995126, 23.0866221 ], [ 72.5994174, 23.0863711 ], [ 72.5993299, 23.0861176 ], [ 72.5992562, 23.0858598 ], [ 72.5991892, 23.0856006 ], [ 72.5991291, 23.0853398 ], [ 72.5990759, 23.0850779 ], [ 72.5990295, 23.0848148 ], [ 72.5989887, 23.0845398 ], [ 72.5989553, 23.084264 ], [ 72.5989296, 23.0839874 ], [ 72.5989114, 23.0837104 ], [ 72.5989008, 23.083433 ], [ 72.5989759, 23.0822486 ], [ 72.6015341, 23.0826049 ] ] ] } },
{ "type": "Feature", "properties": { "version": 1, "visible": null, "lon": null, "timestamp": 1772032143, "tags": { "visible": false }, "changeset": null, "lat": null, "id": 1482917214, "natural": "water", "water": "river", "wetland": null, "osm_type": "way", "grassland": null, "reef": null }, "geometry": { "type": "Polygon", "coordinates": [ [ [ 72.6271176, 23.089414 ], [ 72.6292441, 23.0895131 ], [ 72.6297979, 23.0895757 ], [ 72.6309103, 23.0897016 ], [ 72.6326859, 23.0895545 ], [ 72.6340163, 23.0898624 ], [ 72.6354067, 23.0901072 ], [ 72.6370289, 23.090273 ], [ 72.6378241, 23.0903765 ], [ 72.6387884, 23.090502 ], [ 72.640136, 23.0909441 ], [ 72.6406252, 23.0912317 ], [ 72.6414921, 23.0917415 ], [ 72.6423247, 23.0926969 ], [ 72.6445391, 23.0952707 ], [ 72.6457751, 23.0968734 ], [ 72.6472685, 23.098863 ], [ 72.6480582, 23.1003078 ], [ 72.648762, 23.1018472 ], [ 72.6493071, 23.1033049 ], [ 72.6495001, 23.1038209 ], [ 72.6501009, 23.105763 ], [ 72.6510978, 23.1100889 ], [ 72.6471781, 23.1100727 ], [ 72.6466763, 23.1064419 ], [ 72.6465218, 23.104413 ], [ 72.6453974, 23.1009788 ], [ 72.6441958, 23.099084 ], [ 72.6423762, 23.0967234 ], [ 72.6405394, 23.0948207 ], [ 72.6385653, 23.093589 ], [ 72.6362049, 23.0927758 ], [ 72.6339133, 23.0921363 ], [ 72.6316817, 23.0919863 ], [ 72.6296499, 23.0918965 ], [ 72.6270747, 23.0917826 ], [ 72.6271176, 23.089414 ] ] ] } },
{ "type": "Feature", "properties": { "version": 1, "visible": null, "lon": null, "timestamp": 1772032143, "tags": { "visible": false }, "changeset": null, "lat": null, "id": 1482917215, "natural": "water", "water": null, "wetland": null, "osm_type": "way", "grassland": null, "reef": null }, "geometry": { "type": "Polygon", "coordinates": [ [ [ 72.6077843, 23.0999047 ], [ 72.6075804, 23.0995988 ], [ 72.6076126, 23.0992633 ], [ 72.6084387, 23.0968849 ], [ 72.6089859, 23.0967467 ], [ 72.6092434, 23.0968356 ], [ 72.6095653, 23.0971908 ], [ 72.6096511, 23.0980001 ], [ 72.6094472, 23.0994212 ], [ 72.6092219, 23.0995593 ], [ 72.6077843, 23.0999047 ] ] ] } },
{ "type": "Feature", "properties": { "version": 1, "visible": null, "lon": null, "timestamp": 1777930978, "tags": { "visible": false }, "changeset": null, "lat": null, "id": 1509301524, "natural": "water", "water": "canal", "wetland": null, "osm_type": "way", "grassland": null, "reef": null }, "geometry": { "type": "Polygon", "coordinates": [ [ [ 72.4678428, 23.045765 ], [ 72.4678579, 23.0456205 ], [ 72.4691072, 23.0457023 ], [ 72.4690679, 23.0458515 ], [ 72.4678428, 23.045765 ] ] ] } },
{ "type": "Feature", "properties": { "version": 1, "visible": null, "lon": null, "timestamp": 1777931071, "tags": { "visible": false }, "changeset": null, "lat": null, "id": 1509301622, "natural": "water", "water": "canal", "wetland": null, "osm_type": "way", "grassland": null, "reef": null }, "geometry": { "type": "Polygon", "coordinates": [ [ [ 72.4691519, 23.0458169 ], [ 72.4690679, 23.0458515 ], [ 72.4691072, 23.0457023 ], [ 72.471686, 23.0462908 ], [ 72.4716418, 23.0464192 ], [ 72.4691519, 23.0458169 ] ] ] } },
{ "type": "Feature", "properties": { "version": 1, "visible": null, "lon": null, "timestamp": 1784214784, "tags": { "visible": false, "name": "Jagatpur Lake" }, "changeset": null, "lat": null, "id": 1539775940, "natural": "water", "water": "lake", "wetland": null, "osm_type": "way", "grassland": null, "reef": null }, "geometry": { "type": "Polygon", "coordinates": [ [ [ 72.5473407, 23.1143368 ], [ 72.5473273, 23.1141888 ], [ 72.5473353, 23.1141049 ], [ 72.5473739, 23.1140558 ], [ 72.5474077, 23.1140038 ], [ 72.5474308, 23.1139613 ], [ 72.5474507, 23.1139175 ], [ 72.5475338, 23.113878 ], [ 72.5480461, 23.1139199 ], [ 72.5480831, 23.1139187 ], [ 72.5481195, 23.1139251 ], [ 72.5481533, 23.1139389 ], [ 72.5481829, 23.1139594 ], [ 72.5482033, 23.1139808 ], [ 72.5482189, 23.1140055 ], [ 72.5482293, 23.1140323 ], [ 72.5482339, 23.1140605 ], [ 72.5482419, 23.1141691 ], [ 72.5481507, 23.1147167 ], [ 72.5481158, 23.1147735 ], [ 72.5480568, 23.1148055 ], [ 72.547912, 23.1149289 ], [ 72.5478262, 23.1149757 ], [ 72.5477808, 23.114981 ], [ 72.547735, 23.1149807 ], [ 72.5476826, 23.1149732 ], [ 72.5476321, 23.1149583 ], [ 72.5475848, 23.1149363 ], [ 72.5474989, 23.1148993 ], [ 72.5473943, 23.114808 ], [ 72.5473487, 23.1146871 ], [ 72.5473353, 23.11447 ], [ 72.5473407, 23.1143368 ] ] ] } },
{ "type": "Feature", "properties": { "version": 1, "visible": null, "lon": null, "timestamp": 1319822974, "tags": { "source:position": "Bing Imagery 2011", "source:tracer": "scanaerial", "source:zoomlevel": "16", "type": "multipolygon", "members": [ { "member_id": 135070033, "member_type": "way", "member_role": "inner" }, { "member_id": 135070026, "member_type": "way", "member_role": "outer" } ] }, "changeset": 0.0, "lat": null, "id": 1817071, "natural": "water", "water": null, "wetland": null, "osm_type": "relation", "grassland": null, "reef": null }, "geometry": { "type": "Polygon", "coordinates": [ [ [ 72.6122689, 23.1618259 ], [ 72.6122689, 23.1619443 ], [ 72.6122475, 23.1621613 ], [ 72.6121187, 23.1621613 ], [ 72.6119471, 23.1622402 ], [ 72.6119256, 23.1621416 ], [ 72.6120543, 23.1621021 ], [ 72.6121402, 23.1618259 ], [ 72.6118612, 23.1616089 ], [ 72.6117754, 23.1616089 ], [ 72.6117325, 23.1615694 ], [ 72.6115823, 23.1615497 ], [ 72.6116252, 23.1614708 ], [ 72.6114964, 23.1611946 ], [ 72.6115608, 23.1611749 ], [ 72.6116252, 23.1610368 ], [ 72.6116037, 23.1610171 ], [ 72.6115608, 23.1610565 ], [ 72.6115179, 23.1610171 ], [ 72.611475, 23.1610565 ], [ 72.6114106, 23.1609973 ], [ 72.6114106, 23.1609184 ], [ 72.6115394, 23.160879 ], [ 72.6114106, 23.1607606 ], [ 72.6116252, 23.1606028 ], [ 72.6115179, 23.1605436 ], [ 72.6113677, 23.1605633 ], [ 72.6113248, 23.1603266 ], [ 72.6113677, 23.1601687 ], [ 72.6114321, 23.1601096 ], [ 72.6115179, 23.1601096 ], [ 72.6116037, 23.1599912 ], [ 72.6117754, 23.1599912 ], [ 72.61199, 23.1599123 ], [ 72.6120114, 23.1598925 ], [ 72.6118827, 23.1598136 ], [ 72.6119471, 23.159715 ], [ 72.61199, 23.159715 ], [ 72.6121402, 23.1598531 ], [ 72.6121831, 23.1599715 ], [ 72.6122904, 23.1600306 ], [ 72.6124406, 23.1601687 ], [ 72.6124406, 23.1602082 ], [ 72.6123762, 23.1602674 ], [ 72.6123333, 23.1602279 ], [ 72.6122689, 23.1603266 ], [ 72.6124406, 23.1605633 ], [ 72.6126552, 23.1607211 ], [ 72.6126552, 23.160879 ], [ 72.6126981, 23.1609184 ], [ 72.6126552, 23.1612341 ], [ 72.612741, 23.1613524 ], [ 72.612741, 23.1614708 ], [ 72.6126981, 23.1615103 ], [ 72.6128268, 23.1616286 ], [ 72.6127195, 23.1616484 ], [ 72.6126337, 23.1615694 ], [ 72.6124191, 23.1615694 ], [ 72.6122904, 23.1616484 ], [ 72.612226, 23.161747 ], [ 72.6123548, 23.161747 ], [ 72.6123548, 23.1617865 ], [ 72.6122689, 23.1618259 ] ], [ [ 72.6119685, 23.1600504 ], [ 72.6120114, 23.1601293 ], [ 72.6120973, 23.1601293 ], [ 72.6120543, 23.1600898 ], [ 72.6120973, 23.1600504 ], [ 72.61199, 23.1599912 ], [ 72.6119685, 23.1600504 ] ] ] } },
{ "type": "Feature", "properties": { "version": 2, "visible": null, "lon": null, "timestamp": 1744061225, "tags": { "type": "multipolygon", "members": [ { "member_id": 366459043, "member_type": "way", "member_role": "outer" }, { "member_id": 366459044, "member_type": "way", "member_role": "inner" } ] }, "changeset": 0.0, "lat": null, "id": 5449576, "natural": "water", "water": null, "wetland": null, "osm_type": "relation", "grassland": null, "reef": null }, "geometry": { "type": "Polygon", "coordinates": [ [ [ 72.492506, 23.0360182 ], [ 72.4924187, 23.0360278 ], [ 72.4924048, 23.0359205 ], [ 72.4924364, 23.035917 ], [ 72.4924326, 23.0358871 ], [ 72.4924009, 23.0358906 ], [ 72.4923864, 23.0357781 ], [ 72.4926396, 23.0357504 ], [ 72.4926488, 23.0358215 ], [ 72.4927177, 23.0358139 ], [ 72.4927255, 23.0358743 ], [ 72.4926325, 23.0358845 ], [ 72.4926386, 23.0359321 ], [ 72.4926628, 23.0359294 ], [ 72.4926719, 23.0360001 ], [ 72.492598, 23.0360081 ], [ 72.4926047, 23.0360602 ], [ 72.4925127, 23.0360703 ], [ 72.492506, 23.0360182 ] ], [ [ 72.4924941, 23.035861 ], [ 72.4925023, 23.0359245 ], [ 72.4925757, 23.0359165 ], [ 72.4925869, 23.035829 ], [ 72.4924941, 23.035861 ] ] ] } },
{ "type": "Feature", "properties": { "version": 1, "visible": null, "lon": null, "timestamp": 1638344346, "tags": { "addr:postcode": "380060", "name": "Lapkaman Lake", "type": "multipolygon", "members": [ { "member_id": 1008019381, "member_type": "way", "member_role": "outer" }, { "member_id": 1008019383, "member_type": "way", "member_role": "inner" } ] }, "changeset": 0.0, "lat": null, "id": 13498663, "natural": "water", "water": "lake", "wetland": null, "osm_type": "relation", "grassland": null, "reef": null }, "geometry": { "type": "Polygon", "coordinates": [ [ [ 72.4977765, 23.1308417 ], [ 72.4979669, 23.1306814 ], [ 72.4980414, 23.1306099 ], [ 72.4982189, 23.1305261 ], [ 72.498474, 23.1304609 ], [ 72.4986808, 23.1304532 ], [ 72.4989368, 23.1305175 ], [ 72.4991141, 23.130601 ], [ 72.4992677, 23.1306954 ], [ 72.4994027, 23.1308463 ], [ 72.4994277, 23.1309704 ], [ 72.499378, 23.1310912 ], [ 72.4993553, 23.1312433 ], [ 72.4993128, 23.1313511 ], [ 72.4992169, 23.1315531 ], [ 72.4991896, 23.1317313 ], [ 72.4991595, 23.131926 ], [ 72.4991649, 23.1320504 ], [ 72.4991587, 23.1321933 ], [ 72.4991245, 23.1323908 ], [ 72.499053, 23.1325086 ], [ 72.4988564, 23.1325514 ], [ 72.4986714, 23.1325675 ], [ 72.4984974, 23.1325221 ], [ 72.4984047, 23.1324574 ], [ 72.4982282, 23.1323539 ], [ 72.4980823, 23.1322583 ], [ 72.4979331, 23.1321426 ], [ 72.4978539, 23.1320514 ], [ 72.4978044, 23.1318566 ], [ 72.4977374, 23.1317298 ], [ 72.4976502, 23.1315478 ], [ 72.4975982, 23.1314065 ], [ 72.4975904, 23.1311626 ], [ 72.4976601, 23.1310122 ], [ 72.4977765, 23.1308417 ] ], [ [ 72.4981673, 23.1312861 ], [ 72.498169, 23.1313491 ], [ 72.4981818, 23.1314283 ], [ 72.4982355, 23.1314912 ], [ 72.498295, 23.1314976 ], [ 72.498339, 23.1315656 ], [ 72.4983762, 23.1316401 ], [ 72.4984075, 23.1316762 ], [ 72.4985298, 23.1317462 ], [ 72.4986006, 23.1317863 ], [ 72.4986812, 23.131778 ], [ 72.4987654, 23.1316691 ], [ 72.4987783, 23.131478 ], [ 72.4988239, 23.131298 ], [ 72.4987892, 23.1311848 ], [ 72.4987217, 23.1311626 ], [ 72.4986444, 23.1312641 ], [ 72.4985917, 23.1312339 ], [ 72.4986287, 23.1311319 ], [ 72.4985864, 23.1311203 ], [ 72.4984132, 23.1311305 ], [ 72.4983078, 23.131174 ], [ 72.4982474, 23.1312157 ], [ 72.4981673, 23.1312861 ] ] ] } },
{ "type": "Feature", "properties": { "version": 1, "visible": null, "lon": null, "timestamp": 1718025197, "tags": { "type": "multipolygon", "members": [ { "member_id": 1290938416, "member_type": "way", "member_role": "outer" }, { "member_id": 1290938415, "member_type": "way", "member_role": "inner" } ] }, "changeset": 0.0, "lat": null, "id": 17699329, "natural": "water", "water": "pond", "wetland": null, "osm_type": "relation", "grassland": null, "reef": null }, "geometry": { "type": "Polygon", "coordinates": [ [ [ 72.6623002, 23.0129859 ], [ 72.6622921, 23.0128946 ], [ 72.6622908, 23.0128514 ], [ 72.662327, 23.0127576 ], [ 72.6623659, 23.0126995 ], [ 72.6624249, 23.0126699 ], [ 72.6624772, 23.0126452 ], [ 72.6625791, 23.01266 ], [ 72.66261, 23.0126798 ], [ 72.6626019, 23.0127316 ], [ 72.6625375, 23.0128032 ], [ 72.6624987, 23.0128773 ], [ 72.6624772, 23.012976 ], [ 72.6624343, 23.0130476 ], [ 72.6623981, 23.0131081 ], [ 72.6623511, 23.0131131 ], [ 72.6623109, 23.0130662 ], [ 72.6623002, 23.0129859 ] ], [ [ 72.6624115, 23.0127699 ], [ 72.6624195, 23.0127946 ], [ 72.6624463, 23.0128205 ], [ 72.6624785, 23.0128168 ], [ 72.6624946, 23.0127835 ], [ 72.6625027, 23.0127539 ], [ 72.6624919, 23.0127255 ], [ 72.6624544, 23.0127205 ], [ 72.6624303, 23.0127415 ], [ 72.6624115, 23.0127699 ] ] ] } }
]
}
