{
"type": "FeatureCollection",
"name": "commercial_polygon",
"crs": { "type": "name", "properties": { "name": "urn:ogc:def:crs:OGC:1.3:CRS84" } },
"features": [
{ "type": "Feature", "properties": { "tags": { "visible": false, "name": "Anand Party Plot" }, "visible": null, "lon": null, "lat": null, "version": 1, "timestamp": 1407778276, "id": 297224085, "changeset": null, "depot": null, "industrial": null, "landuse": "commercial", "military": null, "residential": null, "osm_type": "way", "basin": null, "construction": null, "farmyard": null, "grass": null, "port": null, "railway": null }, "geometry": { "type": "Polygon", "coordinates": [ [ [ 72.559907, 23.0860244 ], [ 72.5599812, 23.0853702 ], [ 72.5603178, 23.0854243 ], [ 72.5601934, 23.0860667 ], [ 72.559907, 23.0860244 ] ] ] } },
{ "type": "Feature", "properties": { "tags": { "visible": false, "addr:city": "Ahmedabad", "addr:postcode": "380006", "addr:street": "Ashram Road", "emergency": "yes", "healthcare": "hospital", "name": "Vadilal Sarabhai Hospital", "operator": "Ahmedabad Municipal Corporation", "phone": "+91 79 2657 7621" }, "visible": null, "lon": null, "lat": null, "version": 5, "timestamp": 1745988122, "id": 317356791, "changeset": null, "depot": null, "industrial": null, "landuse": "commercial", "military": null, "residential": null, "osm_type": "way", "basin": null, "construction": null, "farmyard": null, "grass": null, "port": null, "railway": null }, "geometry": { "type": "Polygon", "coordinates": [ [ [ 72.5707869, 23.0209894 ], [ 72.5707013, 23.0209422 ], [ 72.5706101, 23.0208424 ], [ 72.5704618, 23.0207007 ], [ 72.5702509, 23.0204803 ], [ 72.57, 23.0201234 ], [ 72.5696806, 23.0196773 ], [ 72.5700684, 23.019079 ], [ 72.5708781, 23.0178877 ], [ 72.5710495, 23.0176766 ], [ 72.5712573, 23.0173827 ], [ 72.5714914, 23.0169647 ], [ 72.571576, 23.0167936 ], [ 72.57166, 23.0165946 ], [ 72.5717256, 23.0164582 ], [ 72.5717676, 23.0161251 ], [ 72.5729019, 23.0161089 ], [ 72.5728607, 23.0172054 ], [ 72.5728311, 23.0178115 ], [ 72.5728334, 23.0182411 ], [ 72.5728705, 23.0187151 ], [ 72.5729591, 23.0193259 ], [ 72.5729819, 23.0194596 ], [ 72.5728651, 23.0194987 ], [ 72.573103, 23.0201378 ], [ 72.5731486, 23.0204234 ], [ 72.5731091, 23.0208609 ], [ 72.5731589, 23.0211492 ], [ 72.5731589, 23.0212736 ], [ 72.5731375, 23.0213785 ], [ 72.5731268, 23.0215521 ], [ 72.571447, 23.0213523 ], [ 72.571358, 23.0213457 ], [ 72.5713046, 23.0213097 ], [ 72.5712192, 23.0212507 ], [ 72.5711551, 23.0211918 ], [ 72.5711266, 23.0211361 ], [ 72.5711124, 23.0210738 ], [ 72.5711088, 23.0210116 ], [ 72.5710341, 23.0209788 ], [ 72.570906, 23.0210476 ], [ 72.5707869, 23.0209894 ] ] ] } },
{ "type": "Feature", "properties": { "tags": { "visible": false }, "visible": null, "lon": null, "lat": null, "version": 1, "timestamp": 1419250813, "id": 318359723, "changeset": null, "depot": null, "industrial": null, "landuse": "commercial", "military": null, "residential": null, "osm_type": "way", "basin": null, "construction": null, "farmyard": null, "grass": null, "port": null, "railway": null }, "geometry": { "type": "Polygon", "coordinates": [ [ [ 72.5814885, 23.0263138 ], [ 72.5814963, 23.0261557 ], [ 72.5830421, 23.0261629 ], [ 72.5830734, 23.0263425 ], [ 72.5814885, 23.0263138 ] ] ] } },
{ "type": "Feature", "properties": { "tags": { "visible": false }, "visible": null, "lon": null, "lat": null, "version": 1, "timestamp": 1419250813, "id": 318359724, "changeset": null, "depot": null, "industrial": null, "landuse": "commercial", "military": null, "residential": null, "osm_type": "way", "basin": null, "construction": null, "farmyard": null, "grass": null, "port": null, "railway": null }, "geometry": { "type": "Polygon", "coordinates": [ [ [ 72.5831586, 23.0263487 ], [ 72.5831469, 23.0261762 ], [ 72.5839836, 23.0261716 ], [ 72.5839744, 23.0263307 ], [ 72.5831586, 23.0263487 ] ] ] } },
{ "type": "Feature", "properties": { "tags": { "visible": false, "amenity": "studio", "name": "Doordarshan Kendra", "operator": "Doordarshan India", "studio": "video" }, "visible": null, "lon": null, "lat": null, "version": 3, "timestamp": 1552672882, "id": 323433734, "changeset": null, "depot": null, "industrial": null, "landuse": "commercial", "military": null, "residential": null, "osm_type": "way", "basin": null, "construction": null, "farmyard": null, "grass": null, "port": null, "railway": null }, "geometry": { "type": "Polygon", "coordinates": [ [ [ 72.5229542, 23.047591 ], [ 72.5229064, 23.0475031 ], [ 72.5232938, 23.0473126 ], [ 72.5249672, 23.0466232 ], [ 72.5252923, 23.0471973 ], [ 72.5258071, 23.0478138 ], [ 72.5238589, 23.048226 ], [ 72.523425, 23.0482787 ], [ 72.5232036, 23.0481241 ], [ 72.5229542, 23.047591 ] ] ] } },
{ "type": "Feature", "properties": { "tags": { "visible": false }, "visible": null, "lon": null, "lat": null, "version": 1, "timestamp": 1422445372, "id": 324985343, "changeset": null, "depot": null, "industrial": null, "landuse": "commercial", "military": null, "residential": null, "osm_type": "way", "basin": null, "construction": null, "farmyard": null, "grass": null, "port": null, "railway": null }, "geometry": { "type": "Polygon", "coordinates": [ [ [ 72.5633387, 23.0154044 ], [ 72.5634474, 23.0153121 ], [ 72.5637551, 23.0150549 ], [ 72.5639837, 23.014899 ], [ 72.5647177, 23.0144742 ], [ 72.5647868, 23.0144391 ], [ 72.5648885, 23.0144209 ], [ 72.5649506, 23.0144248 ], [ 72.5650127, 23.0144417 ], [ 72.5650409, 23.0144573 ], [ 72.5652639, 23.0147587 ], [ 72.5650607, 23.0148873 ], [ 72.5645187, 23.0152277 ], [ 72.5644594, 23.0152069 ], [ 72.564417, 23.0152355 ], [ 72.5641884, 23.0153342 ], [ 72.5640727, 23.0153628 ], [ 72.5638497, 23.0154095 ], [ 72.5637255, 23.0154705 ], [ 72.563574, 23.0155657 ], [ 72.5633387, 23.0154044 ] ] ] } },
{ "type": "Feature", "properties": { "tags": { "visible": false, "addr:city": "Ahmeabad", "addr:district": "AHMEDABAD", "addr:housenumber": "202", "addr:postcode": "380006", "addr:street": "Medicine Market (Dava Bazar)", "email": "nemi.designing@gmail.com", "mobile": "+91-9408361612", "name": "Nemi designign center", "website": "https://www.nemidesigning.in" }, "visible": null, "lon": null, "lat": null, "version": 3, "timestamp": 1783676141, "id": 324985612, "changeset": null, "depot": null, "industrial": null, "landuse": "commercial", "military": null, "residential": null, "osm_type": "way", "basin": null, "construction": null, "farmyard": null, "grass": null, "port": null, "railway": null }, "geometry": { "type": "Polygon", "coordinates": [ [ [ 72.5656512, 23.0153049 ], [ 72.5657236, 23.0153815 ], [ 72.5659587, 23.01563 ], [ 72.5655954, 23.0159534 ], [ 72.565246, 23.0156209 ], [ 72.5656512, 23.0153049 ] ] ] } },
{ "type": "Feature", "properties": { "tags": { "visible": false }, "visible": null, "lon": null, "lat": null, "version": 1, "timestamp": 1422445516, "id": 324985613, "changeset": null, "depot": null, "industrial": null, "landuse": "commercial", "military": null, "residential": null, "osm_type": "way", "basin": null, "construction": null, "farmyard": null, "grass": null, "port": null, "railway": null }, "geometry": { "type": "Polygon", "coordinates": [ [ [ 72.5648868, 23.0151009 ], [ 72.5648708, 23.0150716 ], [ 72.5653079, 23.0148052 ], [ 72.5654956, 23.0150679 ], [ 72.5650424, 23.0153122 ], [ 72.5648868, 23.0151009 ] ] ] } },
{ "type": "Feature", "properties": { "tags": { "visible": false }, "visible": null, "lon": null, "lat": null, "version": 1, "timestamp": 1422451592, "id": 325004236, "changeset": null, "depot": null, "industrial": null, "landuse": "commercial", "military": null, "residential": null, "osm_type": "way", "basin": null, "construction": null, "farmyard": null, "grass": null, "port": null, "railway": null }, "geometry": { "type": "Polygon", "coordinates": [ [ [ 72.5682867, 23.0131788 ], [ 72.5681856, 23.012948 ], [ 72.5682249, 23.0128653 ], [ 72.5683091, 23.0127723 ], [ 72.5694375, 23.0124089 ], [ 72.5700288, 23.0122625 ], [ 72.5711759, 23.0119473 ], [ 72.5712395, 23.0120627 ], [ 72.5713405, 23.0124158 ], [ 72.5714285, 23.0129635 ], [ 72.5712189, 23.0130393 ], [ 72.5700999, 23.0134234 ], [ 72.5700438, 23.0135577 ], [ 72.5698585, 23.0138987 ], [ 72.5696471, 23.0142139 ], [ 72.5694599, 23.0141381 ], [ 72.5689641, 23.013916 ], [ 72.5684401, 23.0135405 ], [ 72.5682867, 23.0131788 ] ] ] } },
{ "type": "Feature", "properties": { "tags": { "visible": false, "name": "GSRTC Bus Workshop" }, "visible": null, "lon": null, "lat": null, "version": 2, "timestamp": 1478519403, "id": 326971217, "changeset": null, "depot": null, "industrial": null, "landuse": "commercial", "military": null, "residential": null, "osm_type": "way", "basin": null, "construction": null, "farmyard": null, "grass": null, "port": null, "railway": null }, "geometry": { "type": "Polygon", "coordinates": [ [ [ 72.5795763, 23.0020813 ], [ 72.5812923, 23.0018076 ], [ 72.5813015, 23.0031765 ], [ 72.5795122, 23.0031513 ], [ 72.5795763, 23.0020813 ] ] ] } },
{ "type": "Feature", "properties": { "tags": { "visible": false }, "visible": null, "lon": null, "lat": null, "version": 2, "timestamp": 1423464216, "id": 327198794, "changeset": null, "depot": null, "industrial": null, "landuse": "commercial", "military": null, "residential": null, "osm_type": "way", "basin": null, "construction": null, "farmyard": null, "grass": null, "port": null, "railway": null }, "geometry": { "type": "Polygon", "coordinates": [ [ [ 72.5686048, 23.020288 ], [ 72.5685806, 23.0202771 ], [ 72.568527, 23.0201703 ], [ 72.5684627, 23.0200256 ], [ 72.568427, 23.0198004 ], [ 72.5684129, 23.0196185 ], [ 72.5684434, 23.0194821 ], [ 72.5684895, 23.0193681 ], [ 72.5685182, 23.0192632 ], [ 72.5686149, 23.0191001 ], [ 72.5686983, 23.0189676 ], [ 72.5687968, 23.0189653 ], [ 72.5694838, 23.0197417 ], [ 72.5698298, 23.020181 ], [ 72.5700243, 23.0204879 ], [ 72.5686048, 23.020288 ] ] ] } },
{ "type": "Feature", "properties": { "tags": { "visible": false, "addr:district": "Ahmedabad", "addr:full": "D block, Office of the Medical Superintendent Civil Hospital,Asarwa", "addr:postcode": "380016", "addr:state": "Gujarat", "contact:mobile": "9978405057", "email": "info@civilhospitalamdavad.org", "healthcare": "hospital", "name": "Civil Hospital", "operator": "Civil Hospital Trust", "operator:type": "government", "source": "OpenGovernmentData", "website": "http://civilhospitalamdavad.org/page_id=217", "wikidata": "Q1894886", "wikipedia": "en:Ahmedabad Civil Hospital" }, "visible": null, "lon": null, "lat": null, "version": 5, "timestamp": 1696879081, "id": 327204068, "changeset": null, "depot": null, "industrial": null, "landuse": "commercial", "military": null, "residential": null, "osm_type": "way", "basin": null, "construction": null, "farmyard": null, "grass": null, "port": null, "railway": null }, "geometry": { "type": "Polygon", "coordinates": [ [ [ 72.6003788, 23.0530917 ], [ 72.6003614, 23.0530415 ], [ 72.6009681, 23.0505471 ], [ 72.6010692, 23.050373 ], [ 72.6012193, 23.0501209 ], [ 72.6015586, 23.0496676 ], [ 72.6017249, 23.0495986 ], [ 72.6018326, 23.0495566 ], [ 72.6031146, 23.049381 ], [ 72.6056842, 23.049059 ], [ 72.6078755, 23.0488765 ], [ 72.6081892, 23.0489147 ], [ 72.6083092, 23.0489953 ], [ 72.6086967, 23.0501585 ], [ 72.608812, 23.0504514 ], [ 72.6093518, 23.0512537 ], [ 72.6096101, 23.051623 ], [ 72.6101037, 23.0525781 ], [ 72.6072342, 23.0538686 ], [ 72.6065192, 23.0541063 ], [ 72.6060809, 23.0542209 ], [ 72.6059379, 23.0535205 ], [ 72.6058872, 23.0534313 ], [ 72.6049599, 23.0533846 ], [ 72.6049414, 23.053461 ], [ 72.6016244, 23.0534398 ], [ 72.6014076, 23.0534313 ], [ 72.6011908, 23.0533294 ], [ 72.6009509, 23.0532148 ], [ 72.6003788, 23.0530917 ] ] ] } },
{ "type": "Feature", "properties": { "tags": { "visible": false }, "visible": null, "lon": null, "lat": null, "version": 2, "timestamp": 1423663081, "id": 327565353, "changeset": null, "depot": null, "industrial": null, "landuse": "commercial", "military": null, "residential": null, "osm_type": "way", "basin": null, "construction": null, "farmyard": null, "grass": null, "port": null, "railway": null }, "geometry": { "type": "Polygon", "coordinates": [ [ [ 72.567042, 23.0180348 ], [ 72.5654476, 23.0162173 ], [ 72.5660668, 23.0157506 ], [ 72.5676319, 23.0176309 ], [ 72.567042, 23.0180348 ] ] ] } },
{ "type": "Feature", "properties": { "tags": { "visible": false }, "visible": null, "lon": null, "lat": null, "version": 1, "timestamp": 1423663328, "id": 327581609, "changeset": null, "depot": null, "industrial": null, "landuse": "commercial", "military": null, "residential": null, "osm_type": "way", "basin": null, "construction": null, "farmyard": null, "grass": null, "port": null, "railway": null }, "geometry": { "type": "Polygon", "coordinates": [ [ [ 72.5689731, 23.018792 ], [ 72.5689528, 23.0187568 ], [ 72.5694218, 23.0180694 ], [ 72.5695237, 23.0180976 ], [ 72.5699111, 23.0190007 ], [ 72.5695747, 23.0194652 ], [ 72.5689731, 23.018792 ] ] ] } },
{ "type": "Feature", "properties": { "tags": { "visible": false, "name": "Gujarat University Convention Centre", "operator": "Gujarat Government" }, "visible": null, "lon": null, "lat": null, "version": 2, "timestamp": 1427194677, "id": 328553270, "changeset": null, "depot": null, "industrial": null, "landuse": "commercial", "military": null, "residential": null, "osm_type": "way", "basin": null, "construction": null, "farmyard": null, "grass": null, "port": null, "railway": null }, "geometry": { "type": "Polygon", "coordinates": [ [ [ 72.5401313, 23.0425741 ], [ 72.5418399, 23.0450174 ], [ 72.5418525, 23.045079 ], [ 72.5417059, 23.0451445 ], [ 72.5412327, 23.0453295 ], [ 72.540973, 23.0453025 ], [ 72.5404705, 23.0451985 ], [ 72.5402862, 23.0451291 ], [ 72.5401145, 23.0450713 ], [ 72.5399386, 23.0449827 ], [ 72.5398046, 23.0449249 ], [ 72.5396622, 23.0448748 ], [ 72.5394821, 23.0448594 ], [ 72.53939, 23.0448208 ], [ 72.5388079, 23.044447 ], [ 72.5385566, 23.0433757 ], [ 72.5401313, 23.0425741 ] ] ] } },
{ "type": "Feature", "properties": { "tags": { "visible": false }, "visible": null, "lon": null, "lat": null, "version": 1, "timestamp": 1424168759, "id": 328730021, "changeset": null, "depot": null, "industrial": null, "landuse": "commercial", "military": null, "residential": null, "osm_type": "way", "basin": null, "construction": null, "farmyard": null, "grass": null, "port": null, "railway": null }, "geometry": { "type": "Polygon", "coordinates": [ [ [ 72.5366, 23.0110214 ], [ 72.5366909, 23.0103723 ], [ 72.5376801, 23.010444 ], [ 72.5375279, 23.0112298 ], [ 72.5374834, 23.0112281 ], [ 72.5371196, 23.0110863 ], [ 72.5366, 23.0110214 ] ] ] } },
{ "type": "Feature", "properties": { "tags": { "visible": false }, "visible": null, "lon": null, "lat": null, "version": 2, "timestamp": 1424177064, "id": 328739032, "changeset": null, "depot": null, "industrial": null, "landuse": "commercial", "military": null, "residential": null, "osm_type": "way", "basin": null, "construction": null, "farmyard": null, "grass": null, "port": null, "railway": null }, "geometry": { "type": "Polygon", "coordinates": [ [ [ 72.5879851, 23.0227203 ], [ 72.588019, 23.022684 ], [ 72.5883349, 23.0230682 ], [ 72.5882898, 23.0230916 ], [ 72.5879851, 23.0227203 ] ] ] } },
{ "type": "Feature", "properties": { "tags": { "visible": false }, "visible": null, "lon": null, "lat": null, "version": 3, "timestamp": 1425304766, "id": 328749927, "changeset": null, "depot": null, "industrial": null, "landuse": "commercial", "military": null, "residential": null, "osm_type": "way", "basin": null, "construction": null, "farmyard": null, "grass": null, "port": null, "railway": null }, "geometry": { "type": "Polygon", "coordinates": [ [ [ 72.584606, 23.0242798 ], [ 72.5845964, 23.02416 ], [ 72.5851011, 23.0241729 ], [ 72.5861688, 23.0241812 ], [ 72.5861875, 23.0241814 ], [ 72.586276, 23.0241821 ], [ 72.5876823, 23.0241454 ], [ 72.5884902, 23.0240903 ], [ 72.5885041, 23.0241692 ], [ 72.5879379, 23.0242548 ], [ 72.5872944, 23.0242668 ], [ 72.5865412, 23.0242824 ], [ 72.5860249, 23.0243161 ], [ 72.5852915, 23.0242902 ], [ 72.5848542, 23.0242954 ], [ 72.584606, 23.0242798 ] ] ] } },
{ "type": "Feature", "properties": { "tags": { "visible": false }, "visible": null, "lon": null, "lat": null, "version": 1, "timestamp": 1424177371, "id": 328750904, "changeset": null, "depot": null, "industrial": null, "landuse": "commercial", "military": null, "residential": null, "osm_type": "way", "basin": null, "construction": null, "farmyard": null, "grass": null, "port": null, "railway": null }, "geometry": { "type": "Polygon", "coordinates": [ [ [ 72.5852728, 23.0265291 ], [ 72.5852748, 23.0263602 ], [ 72.5857695, 23.0262464 ], [ 72.5862563, 23.0262281 ], [ 72.5862722, 23.0270101 ], [ 72.5853087, 23.0265475 ], [ 72.5852728, 23.0265291 ] ] ] } },
{ "type": "Feature", "properties": { "tags": { "visible": false }, "visible": null, "lon": null, "lat": null, "version": 1, "timestamp": 1424177453, "id": 328752064, "changeset": null, "depot": null, "industrial": null, "landuse": "commercial", "military": null, "residential": null, "osm_type": "way", "basin": null, "construction": null, "farmyard": null, "grass": null, "port": null, "railway": null }, "geometry": { "type": "Polygon", "coordinates": [ [ [ 72.5846185, 23.0243885 ], [ 72.5846147, 23.0243617 ], [ 72.5861316, 23.0243986 ], [ 72.5861286, 23.0244436 ], [ 72.5846963, 23.0244014 ], [ 72.5846185, 23.0243885 ] ] ] } },
{ "type": "Feature", "properties": { "tags": { "visible": false }, "visible": null, "lon": null, "lat": null, "version": 1, "timestamp": 1424177570, "id": 328752828, "changeset": null, "depot": null, "industrial": null, "landuse": "commercial", "military": null, "residential": null, "osm_type": "way", "basin": null, "construction": null, "farmyard": null, "grass": null, "port": null, "railway": null }, "geometry": { "type": "Polygon", "coordinates": [ [ [ 72.5791547, 23.0249563 ], [ 72.5791302, 23.0236521 ], [ 72.5791316, 23.0235793 ], [ 72.5792108, 23.0235359 ], [ 72.5792653, 23.0235285 ], [ 72.5802686, 23.023954 ], [ 72.5803419, 23.02405 ], [ 72.5803955, 23.0241799 ], [ 72.5804378, 23.0243486 ], [ 72.5804548, 23.02452 ], [ 72.5804139, 23.0246271 ], [ 72.5803397, 23.0246989 ], [ 72.5801988, 23.0247693 ], [ 72.5798032, 23.0249317 ], [ 72.5793884, 23.0249691 ], [ 72.5791547, 23.0249563 ] ] ] } },
{ "type": "Feature", "properties": { "tags": { "visible": false }, "visible": null, "lon": null, "lat": null, "version": 1, "timestamp": 1424177918, "id": 328753562, "changeset": null, "depot": null, "industrial": null, "landuse": "commercial", "military": null, "residential": null, "osm_type": "way", "basin": null, "construction": null, "farmyard": null, "grass": null, "port": null, "railway": null }, "geometry": { "type": "Polygon", "coordinates": [ [ [ 72.5813666, 23.0268383 ], [ 72.5813714, 23.026598 ], [ 72.5814095, 23.0265071 ], [ 72.5820175, 23.0264901 ], [ 72.5820373, 23.0267037 ], [ 72.5827552, 23.0267911 ], [ 72.5831054, 23.0267662 ], [ 72.5831243, 23.0272075 ], [ 72.5825495, 23.0272598 ], [ 72.5823676, 23.0273506 ], [ 72.5819473, 23.027043 ], [ 72.5819092, 23.026882 ], [ 72.5815937, 23.0268684 ], [ 72.5815159, 23.0268388 ], [ 72.5813666, 23.0268383 ] ] ] } },
{ "type": "Feature", "properties": { "tags": { "visible": false }, "visible": null, "lon": null, "lat": null, "version": 1, "timestamp": 1424177985, "id": 328753743, "changeset": null, "depot": null, "industrial": null, "landuse": "commercial", "military": null, "residential": null, "osm_type": "way", "basin": null, "construction": null, "farmyard": null, "grass": null, "port": null, "railway": null }, "geometry": { "type": "Polygon", "coordinates": [ [ [ 72.5835581, 23.0304889 ], [ 72.5834843, 23.0301878 ], [ 72.5845375, 23.0301089 ], [ 72.584741, 23.0299859 ], [ 72.5847729, 23.0298353 ], [ 72.5847091, 23.029626 ], [ 72.5847929, 23.0296279 ], [ 72.5848806, 23.0299326 ], [ 72.5848068, 23.0300409 ], [ 72.584719, 23.0301456 ], [ 72.5845994, 23.0302117 ], [ 72.5845216, 23.0302704 ], [ 72.584368, 23.030331 ], [ 72.5842064, 23.0303732 ], [ 72.5840687, 23.0304228 ], [ 72.583983, 23.0304558 ], [ 72.5837975, 23.030498 ], [ 72.5836459, 23.0305201 ], [ 72.583574, 23.0305182 ], [ 72.5835581, 23.0304889 ] ] ] } },
{ "type": "Feature", "properties": { "tags": { "visible": false }, "visible": null, "lon": null, "lat": null, "version": 1, "timestamp": 1424178088, "id": 328753886, "changeset": null, "depot": null, "industrial": null, "landuse": "commercial", "military": null, "residential": null, "osm_type": "way", "basin": null, "construction": null, "farmyard": null, "grass": null, "port": null, "railway": null }, "geometry": { "type": "Polygon", "coordinates": [ [ [ 72.5848142, 23.0280945 ], [ 72.5847947, 23.0280826 ], [ 72.5846015, 23.0275244 ], [ 72.5846212, 23.0274751 ], [ 72.5846833, 23.0273725 ], [ 72.585672, 23.0270869 ], [ 72.5858103, 23.0269195 ], [ 72.5862604, 23.0271619 ], [ 72.5860689, 23.0274336 ], [ 72.5861287, 23.027843 ], [ 72.5855243, 23.0278651 ], [ 72.5848142, 23.0280945 ] ] ] } },
{ "type": "Feature", "properties": { "tags": { "visible": false }, "visible": null, "lon": null, "lat": null, "version": 1, "timestamp": 1424178123, "id": 328754010, "changeset": null, "depot": null, "industrial": null, "landuse": "commercial", "military": null, "residential": null, "osm_type": "way", "basin": null, "construction": null, "farmyard": null, "grass": null, "port": null, "railway": null }, "geometry": { "type": "Polygon", "coordinates": [ [ [ 72.5847547, 23.0264015 ], [ 72.5847866, 23.0262693 ], [ 72.5852335, 23.0263409 ], [ 72.5852255, 23.0264914 ], [ 72.5847547, 23.0264015 ] ] ] } },
{ "type": "Feature", "properties": { "tags": { "visible": false }, "visible": null, "lon": null, "lat": null, "version": 1, "timestamp": 1425306125, "id": 330925992, "changeset": null, "depot": null, "industrial": null, "landuse": "commercial", "military": null, "residential": null, "osm_type": "way", "basin": null, "construction": null, "farmyard": null, "grass": null, "port": null, "railway": null }, "geometry": { "type": "Polygon", "coordinates": [ [ [ 72.5544421, 23.0195779 ], [ 72.5544227, 23.0193616 ], [ 72.5548309, 23.0192765 ], [ 72.5548625, 23.0192699 ], [ 72.5562203, 23.0187736 ], [ 72.5561899, 23.0186794 ], [ 72.55679, 23.018626 ], [ 72.5568204, 23.0188678 ], [ 72.5570998, 23.0188347 ], [ 72.5571744, 23.0181984 ], [ 72.5576197, 23.01829 ], [ 72.5574703, 23.0189976 ], [ 72.5574648, 23.0192165 ], [ 72.5574261, 23.0194252 ], [ 72.557321, 23.0194456 ], [ 72.5568038, 23.0191987 ], [ 72.5564471, 23.0190688 ], [ 72.5561235, 23.0191172 ], [ 72.5547435, 23.0196237 ], [ 72.5545666, 23.0195855 ], [ 72.5544421, 23.0195779 ] ] ] } },
{ "type": "Feature", "properties": { "tags": { "visible": false }, "visible": null, "lon": null, "lat": null, "version": 4, "timestamp": 1721397024, "id": 330929837, "changeset": null, "depot": null, "industrial": null, "landuse": "commercial", "military": null, "residential": null, "osm_type": "way", "basin": null, "construction": null, "farmyard": null, "grass": null, "port": null, "railway": null }, "geometry": { "type": "Polygon", "coordinates": [ [ [ 72.55888, 23.0143653 ], [ 72.5590886, 23.0141089 ], [ 72.5588537, 23.0139314 ], [ 72.5591676, 23.0135406 ], [ 72.5593999, 23.0137086 ], [ 72.5600083, 23.013062 ], [ 72.5599438, 23.0129103 ], [ 72.5600533, 23.0127526 ], [ 72.5601175, 23.0126253 ], [ 72.5605934, 23.0128787 ], [ 72.5599465, 23.013595 ], [ 72.5596062, 23.013991 ], [ 72.5591134, 23.0145417 ], [ 72.55888, 23.0143653 ] ] ] } },
{ "type": "Feature", "properties": { "tags": { "visible": false }, "visible": null, "lon": null, "lat": null, "version": 1, "timestamp": 1425308312, "id": 330930090, "changeset": null, "depot": null, "industrial": null, "landuse": "commercial", "military": null, "residential": null, "osm_type": "way", "basin": null, "construction": null, "farmyard": null, "grass": null, "port": null, "railway": null }, "geometry": { "type": "Polygon", "coordinates": [ [ [ 72.562602, 23.0099664 ], [ 72.5624691, 23.0097504 ], [ 72.5625512, 23.0097072 ], [ 72.5628641, 23.00988 ], [ 72.5641273, 23.0104308 ], [ 72.5631066, 23.0109312 ], [ 72.562602, 23.0099664 ] ] ] } },
{ "type": "Feature", "properties": { "tags": { "visible": false, "name": "Shapath IV" }, "visible": null, "lon": null, "lat": null, "version": 1, "timestamp": 1425728083, "id": 331652566, "changeset": null, "depot": null, "industrial": null, "landuse": "commercial", "military": null, "residential": null, "osm_type": "way", "basin": null, "construction": null, "farmyard": null, "grass": null, "port": null, "railway": null }, "geometry": { "type": "Polygon", "coordinates": [ [ [ 72.5040328, 23.0150982 ], [ 72.5048968, 23.0151602 ], [ 72.5048675, 23.0159609 ], [ 72.5043022, 23.0159339 ], [ 72.5040328, 23.0150982 ] ] ] } },
{ "type": "Feature", "properties": { "tags": { "visible": false, "name": "Shapath V" }, "visible": null, "lon": null, "lat": null, "version": 2, "timestamp": 1425728511, "id": 331652567, "changeset": null, "depot": null, "industrial": null, "landuse": "commercial", "military": null, "residential": null, "osm_type": "way", "basin": null, "construction": null, "farmyard": null, "grass": null, "port": null, "railway": null }, "geometry": { "type": "Polygon", "coordinates": [ [ [ 72.5040328, 23.0150982 ], [ 72.5038405, 23.0145348 ], [ 72.5036666, 23.0140253 ], [ 72.504672, 23.0140563 ], [ 72.504826, 23.014067 ], [ 72.5048951, 23.0148525 ], [ 72.5048968, 23.0151602 ], [ 72.5040328, 23.0150982 ] ] ] } },
{ "type": "Feature", "properties": { "tags": { "visible": false }, "visible": null, "lon": null, "lat": null, "version": 2, "timestamp": 1717577644, "id": 331652579, "changeset": null, "depot": null, "industrial": null, "landuse": "commercial", "military": null, "residential": null, "osm_type": "way", "basin": null, "construction": null, "farmyard": null, "grass": null, "port": null, "railway": null }, "geometry": { "type": "Polygon", "coordinates": [ [ [ 72.5032889, 23.0127126 ], [ 72.5044293, 23.0127459 ], [ 72.5044203, 23.013604 ], [ 72.5038169, 23.0135929 ], [ 72.5035514, 23.013654 ], [ 72.5033764, 23.0130736 ], [ 72.503298, 23.01275 ], [ 72.5032889, 23.0127126 ] ] ] } },
{ "type": "Feature", "properties": { "tags": { "visible": false }, "visible": null, "lon": null, "lat": null, "version": 1, "timestamp": 1426076418, "id": 332255635, "changeset": null, "depot": null, "industrial": null, "landuse": "commercial", "military": null, "residential": null, "osm_type": "way", "basin": null, "construction": null, "farmyard": null, "grass": null, "port": null, "railway": null }, "geometry": { "type": "Polygon", "coordinates": [ [ [ 72.5848039, 23.0111193 ], [ 72.5848995, 23.0108268 ], [ 72.5861834, 23.0112857 ], [ 72.586235, 23.0112596 ], [ 72.5862453, 23.0110931 ], [ 72.5866147, 23.0110907 ], [ 72.5869325, 23.0117208 ], [ 72.5869531, 23.0118207 ], [ 72.5869247, 23.0118611 ], [ 72.5868266, 23.0118682 ], [ 72.5860852, 23.0116091 ], [ 72.5848349, 23.011143 ], [ 72.5848039, 23.0111193 ] ] ] } },
{ "type": "Feature", "properties": { "tags": { "visible": false }, "visible": null, "lon": null, "lat": null, "version": 1, "timestamp": 1426077997, "id": 332258106, "changeset": null, "depot": null, "industrial": null, "landuse": "commercial", "military": null, "residential": null, "osm_type": "way", "basin": null, "construction": null, "farmyard": null, "grass": null, "port": null, "railway": null }, "geometry": { "type": "Polygon", "coordinates": [ [ [ 72.5794096, 23.0129469 ], [ 72.579128, 23.0124096 ], [ 72.5792753, 23.0124476 ], [ 72.5794561, 23.0124714 ], [ 72.5798565, 23.012431 ], [ 72.5802284, 23.0123715 ], [ 72.5805565, 23.0122859 ], [ 72.5810137, 23.0121623 ], [ 72.5811687, 23.012129 ], [ 72.5812772, 23.0123691 ], [ 72.5794096, 23.0129469 ] ] ] } },
{ "type": "Feature", "properties": { "tags": { "visible": false, "name": "Revdi Bazar" }, "visible": null, "lon": null, "lat": null, "version": 2, "timestamp": 1478508415, "id": 332260177, "changeset": null, "depot": null, "industrial": null, "landuse": "commercial", "military": null, "residential": null, "osm_type": "way", "basin": null, "construction": null, "farmyard": null, "grass": null, "port": null, "railway": null }, "geometry": { "type": "Polygon", "coordinates": [ [ [ 72.5974022, 23.0253914 ], [ 72.5975655, 23.0253017 ], [ 72.5982675, 23.0258133 ], [ 72.5984423, 23.02599 ], [ 72.5985569, 23.0261007 ], [ 72.5986113, 23.026193 ], [ 72.5986314, 23.0263064 ], [ 72.5986658, 23.0278095 ], [ 72.5983878, 23.0277937 ], [ 72.5983764, 23.0266717 ], [ 72.5983019, 23.0266347 ], [ 72.5981987, 23.0266308 ], [ 72.5981414, 23.0265121 ], [ 72.5981557, 23.0263302 ], [ 72.5981514, 23.026193 ], [ 72.5980454, 23.0262629 ], [ 72.5978133, 23.0261495 ], [ 72.597511, 23.0259241 ], [ 72.5974394, 23.025725 ], [ 72.5973907, 23.0255878 ], [ 72.5973606, 23.0254217 ], [ 72.5974022, 23.0253914 ] ] ] } },
{ "type": "Feature", "properties": { "tags": { "visible": false }, "visible": null, "lon": null, "lat": null, "version": 1, "timestamp": 1426079130, "id": 332260179, "changeset": null, "depot": null, "industrial": null, "landuse": "commercial", "military": null, "residential": null, "osm_type": "way", "basin": null, "construction": null, "farmyard": null, "grass": null, "port": null, "railway": null }, "geometry": { "type": "Polygon", "coordinates": [ [ [ 72.5880704, 23.024274 ], [ 72.5885962, 23.0242265 ], [ 72.5886083, 23.0243794 ], [ 72.5880704, 23.024274 ] ] ] } },
{ "type": "Feature", "properties": { "tags": { "visible": false }, "visible": null, "lon": null, "lat": null, "version": 1, "timestamp": 1426079130, "id": 332260181, "changeset": null, "depot": null, "industrial": null, "landuse": "commercial", "military": null, "residential": null, "osm_type": "way", "basin": null, "construction": null, "farmyard": null, "grass": null, "port": null, "railway": null }, "geometry": { "type": "Polygon", "coordinates": [ [ [ 72.598762, 23.0278212 ], [ 72.5987418, 23.0263705 ], [ 72.5987782, 23.0262586 ], [ 72.6000628, 23.027232 ], [ 72.6000304, 23.0277988 ], [ 72.5992969, 23.0278361 ], [ 72.598762, 23.0278212 ] ] ] } },
{ "type": "Feature", "properties": { "tags": { "visible": false }, "visible": null, "lon": null, "lat": null, "version": 1, "timestamp": 1426079131, "id": 332260182, "changeset": null, "depot": null, "industrial": null, "landuse": "commercial", "military": null, "residential": null, "osm_type": "way", "basin": null, "construction": null, "farmyard": null, "grass": null, "port": null, "railway": null }, "geometry": { "type": "Polygon", "coordinates": [ [ [ 72.590043, 23.0246545 ], [ 72.5899986, 23.0246277 ], [ 72.5902049, 23.0246804 ], [ 72.5903754, 23.0247174 ], [ 72.5908035, 23.0247899 ], [ 72.5908365, 23.0249707 ], [ 72.5906984, 23.0252481 ], [ 72.590533, 23.0251252 ], [ 72.590043, 23.0246545 ] ] ] } },
{ "type": "Feature", "properties": { "tags": { "visible": false }, "visible": null, "lon": null, "lat": null, "version": 1, "timestamp": 1426079131, "id": 332260184, "changeset": null, "depot": null, "industrial": null, "landuse": "commercial", "military": null, "residential": null, "osm_type": "way", "basin": null, "construction": null, "farmyard": null, "grass": null, "port": null, "railway": null }, "geometry": { "type": "Polygon", "coordinates": [ [ [ 72.5886955, 23.0244055 ], [ 72.58866, 23.0242293 ], [ 72.5887117, 23.0242274 ], [ 72.5889659, 23.0242106 ], [ 72.5892101, 23.0242134 ], [ 72.5895535, 23.0242423 ], [ 72.589826, 23.0245369 ], [ 72.5896224, 23.0245201 ], [ 72.5886955, 23.0244055 ] ] ] } },
{ "type": "Feature", "properties": { "tags": { "visible": false }, "visible": null, "lon": null, "lat": null, "version": 1, "timestamp": 1426080338, "id": 332262410, "changeset": null, "depot": null, "industrial": null, "landuse": "commercial", "military": null, "residential": null, "osm_type": "way", "basin": null, "construction": null, "farmyard": null, "grass": null, "port": null, "railway": null }, "geometry": { "type": "Polygon", "coordinates": [ [ [ 72.5987728, 23.0309378 ], [ 72.598758, 23.0279912 ], [ 72.5999532, 23.0279912 ], [ 72.6000343, 23.0283409 ], [ 72.5987728, 23.0309378 ] ] ] } },
{ "type": "Feature", "properties": { "tags": { "visible": false }, "visible": null, "lon": null, "lat": null, "version": 1, "timestamp": 1426080385, "id": 332262593, "changeset": null, "depot": null, "industrial": null, "landuse": "commercial", "military": null, "residential": null, "osm_type": "way", "basin": null, "construction": null, "farmyard": null, "grass": null, "port": null, "railway": null }, "geometry": { "type": "Polygon", "coordinates": [ [ [ 72.5981641, 23.0330426 ], [ 72.5981899, 23.0329373 ], [ 72.5984408, 23.0320275 ], [ 72.5985957, 23.0317322 ], [ 72.5988023, 23.0313656 ], [ 72.6000491, 23.0326827 ], [ 72.5998978, 23.0326963 ], [ 72.5994994, 23.032866 ], [ 72.599208, 23.0330867 ], [ 72.5988871, 23.033175 ], [ 72.5981641, 23.0330426 ] ] ] } },
{ "type": "Feature", "properties": { "tags": { "visible": false }, "visible": null, "lon": null, "lat": null, "version": 1, "timestamp": 1426080419, "id": 332262932, "changeset": null, "depot": null, "industrial": null, "landuse": "commercial", "military": null, "residential": null, "osm_type": "way", "basin": null, "construction": null, "farmyard": null, "grass": null, "port": null, "railway": null }, "geometry": { "type": "Polygon", "coordinates": [ [ [ 72.5982084, 23.0310838 ], [ 72.5985994, 23.0312196 ], [ 72.5981383, 23.0323263 ], [ 72.5980276, 23.0326963 ], [ 72.5975887, 23.0342443 ], [ 72.5974743, 23.0347331 ], [ 72.5973858, 23.0348655 ], [ 72.5972899, 23.0349232 ], [ 72.5971977, 23.0348825 ], [ 72.5971313, 23.034801 ], [ 72.5972124, 23.0344276 ], [ 72.5977879, 23.0325537 ], [ 72.5981014, 23.0312705 ], [ 72.5981383, 23.0311891 ], [ 72.5982084, 23.0310838 ] ] ] } },
{ "type": "Feature", "properties": { "tags": { "visible": false, "name": "New Cloth Market" }, "visible": null, "lon": null, "lat": null, "version": 3, "timestamp": 1723191786, "id": 332263299, "changeset": null, "depot": null, "industrial": null, "landuse": "commercial", "military": null, "residential": null, "osm_type": "way", "basin": null, "construction": null, "farmyard": null, "grass": null, "port": null, "railway": null }, "geometry": { "type": "Polygon", "coordinates": [ [ [ 72.5985455, 23.0183394 ], [ 72.5979684, 23.0179527 ], [ 72.5973111, 23.017607 ], [ 72.5964451, 23.0172613 ], [ 72.5964242, 23.0167428 ], [ 72.5963303, 23.0158401 ], [ 72.5970815, 23.0157249 ], [ 72.598904, 23.0158504 ], [ 72.5996239, 23.0158492 ], [ 72.600002, 23.0159186 ], [ 72.6004724, 23.0157441 ], [ 72.600295, 23.0164259 ], [ 72.6024216, 23.0169368 ], [ 72.6017295, 23.0196744 ], [ 72.6014377, 23.0208145 ], [ 72.6012926, 23.0208684 ], [ 72.5992242, 23.0220903 ], [ 72.5991564, 23.0220975 ], [ 72.5991431, 23.0220467 ], [ 72.5993497, 23.0212998 ], [ 72.5995858, 23.0200301 ], [ 72.5995415, 23.0196295 ], [ 72.5993939, 23.0193239 ], [ 72.5985455, 23.0183394 ] ] ] } },
{ "type": "Feature", "properties": { "tags": { "visible": false }, "visible": null, "lon": null, "lat": null, "version": 1, "timestamp": 1426851658, "id": 333812705, "changeset": null, "depot": null, "industrial": null, "landuse": "commercial", "military": null, "residential": null, "osm_type": "way", "basin": null, "construction": null, "farmyard": null, "grass": null, "port": null, "railway": null }, "geometry": { "type": "Polygon", "coordinates": [ [ [ 72.5861601, 23.027872 ], [ 72.5861454, 23.0277482 ], [ 72.5861787, 23.0274617 ], [ 72.5862873, 23.0272284 ], [ 72.5863186, 23.0272432 ], [ 72.5870606, 23.0276161 ], [ 72.5871506, 23.0278936 ], [ 72.5861601, 23.027872 ] ] ] } },
{ "type": "Feature", "properties": { "tags": { "visible": false }, "visible": null, "lon": null, "lat": null, "version": 2, "timestamp": 1426852706, "id": 333814276, "changeset": null, "depot": null, "industrial": null, "landuse": "commercial", "military": null, "residential": null, "osm_type": "way", "basin": null, "construction": null, "farmyard": null, "grass": null, "port": null, "railway": null }, "geometry": { "type": "Polygon", "coordinates": [ [ [ 72.5859139, 23.0335326 ], [ 72.5859576, 23.0333884 ], [ 72.5859443, 23.0332536 ], [ 72.5859304, 23.0329826 ], [ 72.5860731, 23.0326865 ], [ 72.5865868, 23.032781 ], [ 72.5871415, 23.0327999 ], [ 72.5871132, 23.0325886 ], [ 72.5870733, 23.0324015 ], [ 72.587244, 23.0324081 ], [ 72.5876217, 23.0323881 ], [ 72.5877924, 23.0323613 ], [ 72.5878196, 23.033018 ], [ 72.5874853, 23.0330058 ], [ 72.5871583, 23.0330488 ], [ 72.5871288, 23.0331622 ], [ 72.5869952, 23.0333016 ], [ 72.586759, 23.0334245 ], [ 72.5864688, 23.0334434 ], [ 72.5859139, 23.0335326 ] ] ] } },
{ "type": "Feature", "properties": { "tags": { "visible": false }, "visible": null, "lon": null, "lat": null, "version": 3, "timestamp": 1692872611, "id": 333814575, "changeset": null, "depot": null, "industrial": null, "landuse": "commercial", "military": null, "residential": null, "osm_type": "way", "basin": null, "construction": null, "farmyard": null, "grass": null, "port": null, "railway": null }, "geometry": { "type": "Polygon", "coordinates": [ [ [ 72.5838596, 23.0313757 ], [ 72.583911, 23.0313072 ], [ 72.5840907, 23.0317421 ], [ 72.5843886, 23.0324464 ], [ 72.5845324, 23.0326874 ], [ 72.5846082, 23.0326975 ], [ 72.5846685, 23.0330041 ], [ 72.5851642, 23.0337533 ], [ 72.5850666, 23.0337911 ], [ 72.5848843, 23.0338005 ], [ 72.5837748, 23.0336942 ], [ 72.58378, 23.0336587 ], [ 72.5836927, 23.0327181 ], [ 72.5837286, 23.0319051 ], [ 72.5838596, 23.0313757 ] ] ] } },
{ "type": "Feature", "properties": { "tags": { "visible": false }, "visible": null, "lon": null, "lat": null, "version": 2, "timestamp": 1505901213, "id": 333818644, "changeset": null, "depot": null, "industrial": null, "landuse": "commercial", "military": null, "residential": null, "osm_type": "way", "basin": null, "construction": null, "farmyard": null, "grass": null, "port": null, "railway": null }, "geometry": { "type": "Polygon", "coordinates": [ [ [ 72.5760451, 23.0325258 ], [ 72.5768005, 23.0325592 ], [ 72.5767387, 23.0335185 ], [ 72.5767133, 23.0342905 ], [ 72.5766843, 23.0343674 ], [ 72.5759761, 23.0344576 ], [ 72.5759991, 23.0339014 ], [ 72.5760414, 23.0328768 ], [ 72.5760451, 23.0325258 ] ] ] } },
{ "type": "Feature", "properties": { "tags": { "visible": false }, "visible": null, "lon": null, "lat": null, "version": 1, "timestamp": 1426853316, "id": 333818761, "changeset": null, "depot": null, "industrial": null, "landuse": "commercial", "military": null, "residential": null, "osm_type": "way", "basin": null, "construction": null, "farmyard": null, "grass": null, "port": null, "railway": null }, "geometry": { "type": "Polygon", "coordinates": [ [ [ 72.5770743, 23.0318454 ], [ 72.5773362, 23.0318123 ], [ 72.5775006, 23.0320392 ], [ 72.5776906, 23.0324552 ], [ 72.5778653, 23.032753 ], [ 72.5780399, 23.0330129 ], [ 72.5783172, 23.0333533 ], [ 72.5787076, 23.0338874 ], [ 72.5787534, 23.0340255 ], [ 72.5785559, 23.034039 ], [ 72.5785364, 23.034122 ], [ 72.5782341, 23.0341579 ], [ 72.5782122, 23.0343508 ], [ 72.5769445, 23.0345774 ], [ 72.5769407, 23.0344782 ], [ 72.5769356, 23.0339772 ], [ 72.5769407, 23.0334147 ], [ 72.5770743, 23.0318454 ] ] ] } },
{ "type": "Feature", "properties": { "tags": { "visible": false }, "visible": null, "lon": null, "lat": null, "version": 1, "timestamp": 1426853583, "id": 333819590, "changeset": null, "depot": null, "industrial": null, "landuse": "commercial", "military": null, "residential": null, "osm_type": "way", "basin": null, "construction": null, "farmyard": null, "grass": null, "port": null, "railway": null }, "geometry": { "type": "Polygon", "coordinates": [ [ [ 72.5768252, 23.0317503 ], [ 72.5760876, 23.0317092 ], [ 72.5763505, 23.0305292 ], [ 72.5769726, 23.0306267 ], [ 72.5768252, 23.0317503 ] ] ] } },
{ "type": "Feature", "properties": { "tags": { "visible": false }, "visible": null, "lon": null, "lat": null, "version": 2, "timestamp": 1723125099, "id": 333820728, "changeset": null, "depot": null, "industrial": null, "landuse": "commercial", "military": null, "residential": null, "osm_type": "way", "basin": null, "construction": null, "farmyard": null, "grass": null, "port": null, "railway": null }, "geometry": { "type": "Polygon", "coordinates": [ [ [ 72.581407, 23.0273899 ], [ 72.5816068, 23.0273665 ], [ 72.5816976, 23.0272729 ], [ 72.5820898, 23.0272628 ], [ 72.5824167, 23.0275369 ], [ 72.5825511, 23.0280717 ], [ 72.5825874, 23.028182 ], [ 72.5828017, 23.0282188 ], [ 72.5830159, 23.0283023 ], [ 72.583074, 23.0291914 ], [ 72.5830087, 23.0293251 ], [ 72.5828298, 23.029234 ], [ 72.5826413, 23.0292199 ], [ 72.5826431, 23.0292759 ], [ 72.5826254, 23.0295789 ], [ 72.5824385, 23.0295524 ], [ 72.5823259, 23.0292081 ], [ 72.5820789, 23.0290276 ], [ 72.581901, 23.0289608 ], [ 72.5816613, 23.0287703 ], [ 72.5815886, 23.0284728 ], [ 72.581447, 23.0280483 ], [ 72.5814252, 23.0277308 ], [ 72.581407, 23.0273899 ] ] ] } },
{ "type": "Feature", "properties": { "tags": { "visible": false }, "visible": null, "lon": null, "lat": null, "version": 2, "timestamp": 1723038104, "id": 333820923, "changeset": null, "depot": null, "industrial": null, "landuse": "commercial", "military": null, "residential": null, "osm_type": "way", "basin": null, "construction": null, "farmyard": null, "grass": null, "port": null, "railway": null }, "geometry": { "type": "Polygon", "coordinates": [ [ [ 72.5793514, 23.0277141 ], [ 72.579504, 23.0276639 ], [ 72.5800415, 23.0274601 ], [ 72.5804737, 23.0274534 ], [ 72.5805909, 23.0279108 ], [ 72.5810267, 23.0279659 ], [ 72.5810967, 23.0280407 ], [ 72.5806226, 23.0284126 ], [ 72.579987, 23.0291112 ], [ 72.5798998, 23.0289508 ], [ 72.579642, 23.0284628 ], [ 72.5793514, 23.0277141 ] ] ] } },
{ "type": "Feature", "properties": { "tags": { "visible": false }, "visible": null, "lon": null, "lat": null, "version": 1, "timestamp": 1426853864, "id": 333821051, "changeset": null, "depot": null, "industrial": null, "landuse": "commercial", "military": null, "residential": null, "osm_type": "way", "basin": null, "construction": null, "farmyard": null, "grass": null, "port": null, "railway": null }, "geometry": { "type": "Polygon", "coordinates": [ [ [ 72.578251, 23.0274768 ], [ 72.5782074, 23.0272695 ], [ 72.5784035, 23.0272996 ], [ 72.5785488, 23.0273498 ], [ 72.5792679, 23.0273731 ], [ 72.579297, 23.0274133 ], [ 72.579228, 23.027567 ], [ 72.5782764, 23.0275035 ], [ 72.578251, 23.0274768 ] ] ] } },
{ "type": "Feature", "properties": { "tags": { "visible": false }, "visible": null, "lon": null, "lat": null, "version": 3, "timestamp": 1723038104, "id": 333822651, "changeset": null, "depot": null, "industrial": null, "landuse": "commercial", "military": null, "residential": null, "osm_type": "way", "basin": null, "construction": null, "farmyard": null, "grass": null, "port": null, "railway": null }, "geometry": { "type": "Polygon", "coordinates": [ [ [ 72.5789665, 23.0314712 ], [ 72.5786765, 23.0308038 ], [ 72.5789222, 23.0308826 ], [ 72.5789579, 23.0310248 ], [ 72.5794147, 23.0311384 ], [ 72.5794733, 23.0310842 ], [ 72.5795805, 23.0312978 ], [ 72.5798681, 23.0317137 ], [ 72.5799851, 23.0318569 ], [ 72.5796835, 23.0320309 ], [ 72.5798051, 23.0324477 ], [ 72.5795045, 23.0325253 ], [ 72.5793812, 23.0325301 ], [ 72.5793247, 23.0324734 ], [ 72.5792426, 23.0323079 ], [ 72.579117, 23.0318669 ], [ 72.579283, 23.031697 ], [ 72.5792163, 23.031468 ], [ 72.5789665, 23.0314712 ] ] ] } },
{ "type": "Feature", "properties": { "tags": { "visible": false }, "visible": null, "lon": null, "lat": null, "version": 1, "timestamp": 1426855096, "id": 333826291, "changeset": null, "depot": null, "industrial": null, "landuse": "commercial", "military": null, "residential": null, "osm_type": "way", "basin": null, "construction": null, "farmyard": null, "grass": null, "port": null, "railway": null }, "geometry": { "type": "Polygon", "coordinates": [ [ [ 72.5783132, 23.0397489 ], [ 72.5784365, 23.0396969 ], [ 72.5793918, 23.0395787 ], [ 72.5795202, 23.0396213 ], [ 72.5795562, 23.0397725 ], [ 72.5795613, 23.0399474 ], [ 72.5795151, 23.0400514 ], [ 72.5784057, 23.0398576 ], [ 72.5783132, 23.0397489 ] ] ] } },
{ "type": "Feature", "properties": { "tags": { "visible": false }, "visible": null, "lon": null, "lat": null, "version": 1, "timestamp": 1427445910, "id": 334984505, "changeset": null, "depot": null, "industrial": null, "landuse": "commercial", "military": null, "residential": null, "osm_type": "way", "basin": null, "construction": null, "farmyard": null, "grass": null, "port": null, "railway": null }, "geometry": { "type": "Polygon", "coordinates": [ [ [ 72.5837606, 23.0199672 ], [ 72.5837533, 23.0199313 ], [ 72.5838339, 23.019947 ], [ 72.5844591, 23.02021 ], [ 72.5848597, 23.0204123 ], [ 72.5850355, 23.0206169 ], [ 72.5849403, 23.0207113 ], [ 72.5847546, 23.0208506 ], [ 72.5846203, 23.0209518 ], [ 72.5841319, 23.0211586 ], [ 72.5841026, 23.0211451 ], [ 72.5837606, 23.0199672 ] ] ] } },
{ "type": "Feature", "properties": { "tags": { "visible": false }, "visible": null, "lon": null, "lat": null, "version": 1, "timestamp": 1427448437, "id": 334990699, "changeset": null, "depot": null, "industrial": null, "landuse": "commercial", "military": null, "residential": null, "osm_type": "way", "basin": null, "construction": null, "farmyard": null, "grass": null, "port": null, "railway": null }, "geometry": { "type": "Polygon", "coordinates": [ [ [ 72.5734473, 22.9961542 ], [ 72.5739205, 22.9961701 ], [ 72.5757303, 22.9962623 ], [ 72.5762139, 22.9963481 ], [ 72.5770359, 22.9965103 ], [ 72.5777751, 22.9967964 ], [ 72.5782932, 22.997073 ], [ 72.5785004, 22.9972066 ], [ 72.5786489, 22.9973115 ], [ 72.578756, 22.9974387 ], [ 72.5788803, 22.9978361 ], [ 72.5792015, 22.9986278 ], [ 72.579281, 22.9990856 ], [ 72.5789805, 22.9991365 ], [ 72.5788285, 22.9990252 ], [ 72.578718, 22.9986596 ], [ 72.5782448, 22.9985737 ], [ 72.5782793, 22.9982558 ], [ 72.5781826, 22.9981858 ], [ 72.5779167, 22.9981 ], [ 72.5780687, 22.9976262 ], [ 72.5778821, 22.9976072 ], [ 72.5775367, 22.9975563 ], [ 72.577029, 22.997534 ], [ 72.5770428, 22.9979378 ], [ 72.5768149, 22.9981127 ], [ 72.5765351, 22.9983162 ], [ 72.5763279, 22.9984593 ], [ 72.5762519, 22.9983798 ], [ 72.5761034, 22.998189 ], [ 72.5758305, 22.9980332 ], [ 72.5741899, 22.9969808 ], [ 72.5736649, 22.9966056 ], [ 72.5733989, 22.996329 ], [ 72.5734473, 22.9961542 ] ] ] } },
{ "type": "Feature", "properties": { "tags": { "visible": false }, "visible": null, "lon": null, "lat": null, "version": 1, "timestamp": 1427456445, "id": 335010191, "changeset": null, "depot": null, "industrial": null, "landuse": "commercial", "military": null, "residential": null, "osm_type": "way", "basin": null, "construction": null, "farmyard": null, "grass": null, "port": null, "railway": null }, "geometry": { "type": "Polygon", "coordinates": [ [ [ 72.5435185, 23.0208211 ], [ 72.5437163, 23.0208939 ], [ 72.5437771, 23.0210255 ], [ 72.5436295, 23.0212906 ], [ 72.5434303, 23.0216332 ], [ 72.5434824, 23.0220391 ], [ 72.5432677, 23.0220799 ], [ 72.5432093, 23.0220499 ], [ 72.5431384, 23.0219987 ], [ 72.543165, 23.0218931 ], [ 72.5432327, 23.0216374 ], [ 72.5434918, 23.0208749 ], [ 72.5435185, 23.0208211 ] ] ] } },
{ "type": "Feature", "properties": { "tags": { "visible": false }, "visible": null, "lon": null, "lat": null, "version": 2, "timestamp": 1731700189, "id": 335568442, "changeset": null, "depot": null, "industrial": null, "landuse": "commercial", "military": null, "residential": null, "osm_type": "way", "basin": null, "construction": null, "farmyard": null, "grass": null, "port": null, "railway": null }, "geometry": { "type": "Polygon", "coordinates": [ [ [ 72.5304761, 23.0241127 ], [ 72.5304434, 23.0232383 ], [ 72.5307971, 23.0231897 ], [ 72.5310609, 23.0232211 ], [ 72.5312098, 23.0235238 ], [ 72.5314208, 23.0236495 ], [ 72.5314254, 23.0238294 ], [ 72.5312134, 23.0238224 ], [ 72.5312224, 23.024083 ], [ 72.5304761, 23.0241127 ] ] ] } },
{ "type": "Feature", "properties": { "tags": { "visible": false }, "visible": null, "lon": null, "lat": null, "version": 1, "timestamp": 1427721088, "id": 335569909, "changeset": null, "depot": null, "industrial": null, "landuse": "commercial", "military": null, "residential": null, "osm_type": "way", "basin": null, "construction": null, "farmyard": null, "grass": null, "port": null, "railway": null }, "geometry": { "type": "Polygon", "coordinates": [ [ [ 72.5304811, 23.0246066 ], [ 72.5304858, 23.0245423 ], [ 72.5305261, 23.0244952 ], [ 72.530644, 23.0244795 ], [ 72.5320728, 23.0244438 ], [ 72.5321038, 23.0245352 ], [ 72.5317936, 23.024835 ], [ 72.5317501, 23.024835 ], [ 72.5316633, 23.024618 ], [ 72.5313902, 23.0246237 ], [ 72.5313592, 23.024658 ], [ 72.5313344, 23.0246751 ], [ 72.5306952, 23.0252434 ], [ 72.5304811, 23.0246066 ] ] ] } },
{ "type": "Feature", "properties": { "tags": { "visible": false }, "visible": null, "lon": null, "lat": null, "version": 1, "timestamp": 1427721407, "id": 335570668, "changeset": null, "depot": null, "industrial": null, "landuse": "commercial", "military": null, "residential": null, "osm_type": "way", "basin": null, "construction": null, "farmyard": null, "grass": null, "port": null, "railway": null }, "geometry": { "type": "Polygon", "coordinates": [ [ [ 72.5678846, 23.0346037 ], [ 72.5678412, 23.0345978 ], [ 72.5687468, 23.0311352 ], [ 72.5696442, 23.0310137 ], [ 72.5697626, 23.0309128 ], [ 72.5702892, 23.0308118 ], [ 72.5704252, 23.0308239 ], [ 72.5704516, 23.0309693 ], [ 72.5704428, 23.0311228 ], [ 72.5704165, 23.0312641 ], [ 72.5703901, 23.0314095 ], [ 72.5695564, 23.0334811 ], [ 72.5691878, 23.0343735 ], [ 72.5690255, 23.0345552 ], [ 72.5689026, 23.0346319 ], [ 72.5686613, 23.0346764 ], [ 72.5678846, 23.0346037 ] ] ] } },
{ "type": "Feature", "properties": { "tags": { "visible": false }, "visible": null, "lon": null, "lat": null, "version": 1, "timestamp": 1428060633, "id": 336335957, "changeset": null, "depot": null, "industrial": null, "landuse": "commercial", "military": null, "residential": null, "osm_type": "way", "basin": null, "construction": null, "farmyard": null, "grass": null, "port": null, "railway": null }, "geometry": { "type": "Polygon", "coordinates": [ [ [ 72.5541434, 23.020189 ], [ 72.5537867, 23.020088 ], [ 72.5538934, 23.0195858 ], [ 72.5539696, 23.0196026 ], [ 72.5543324, 23.0196924 ], [ 72.5545, 23.0198102 ], [ 72.5541434, 23.020189 ] ] ] } },
{ "type": "Feature", "properties": { "tags": { "visible": false }, "visible": null, "lon": null, "lat": null, "version": 2, "timestamp": 1721380330, "id": 336336994, "changeset": null, "depot": null, "industrial": null, "landuse": "commercial", "military": null, "residential": null, "osm_type": "way", "basin": null, "construction": null, "farmyard": null, "grass": null, "port": null, "railway": null }, "geometry": { "type": "Polygon", "coordinates": [ [ [ 72.5524699, 23.0214593 ], [ 72.5525099, 23.0214186 ], [ 72.5532514, 23.0210198 ], [ 72.553564, 23.0209305 ], [ 72.5537774, 23.0209404 ], [ 72.553924, 23.0210376 ], [ 72.5544521, 23.0213531 ], [ 72.5549436, 23.0216527 ], [ 72.5559093, 23.0224165 ], [ 72.555918, 23.0224681 ], [ 72.5556208, 23.0229334 ], [ 72.5546636, 23.0223088 ], [ 72.5549258, 23.0217196 ], [ 72.554858, 23.0216444 ], [ 72.5548374, 23.0216186 ], [ 72.5545386, 23.0214615 ], [ 72.5544406, 23.0215455 ], [ 72.5544167, 23.0215569 ], [ 72.5541523, 23.0214241 ], [ 72.5538527, 23.0212735 ], [ 72.5537539, 23.0214826 ], [ 72.553564, 23.0219026 ], [ 72.5533312, 23.0219304 ], [ 72.5526974, 23.0218074 ], [ 72.5524699, 23.0214593 ] ] ] } },
{ "type": "Feature", "properties": { "tags": { "visible": false }, "visible": null, "lon": null, "lat": null, "version": 1, "timestamp": 1428061532, "id": 336340488, "changeset": null, "depot": null, "industrial": null, "landuse": "commercial", "military": null, "residential": null, "osm_type": "way", "basin": null, "construction": null, "farmyard": null, "grass": null, "port": null, "railway": null }, "geometry": { "type": "Polygon", "coordinates": [ [ [ 72.5298973, 23.0179655 ], [ 72.5299443, 23.0183707 ], [ 72.5293971, 23.0183662 ], [ 72.5293842, 23.0179456 ], [ 72.5298973, 23.0179655 ] ] ] } },
{ "type": "Feature", "properties": { "tags": { "visible": false }, "visible": null, "lon": null, "lat": null, "version": 1, "timestamp": 1428061532, "id": 336340489, "changeset": null, "depot": null, "industrial": null, "landuse": "commercial", "military": null, "residential": null, "osm_type": "way", "basin": null, "construction": null, "farmyard": null, "grass": null, "port": null, "railway": null }, "geometry": { "type": "Polygon", "coordinates": [ [ [ 72.5295899, 23.0160354 ], [ 72.5301478, 23.0159989 ], [ 72.5299893, 23.0169136 ], [ 72.5296143, 23.0169332 ], [ 72.5295899, 23.0160354 ] ] ] } },
{ "type": "Feature", "properties": { "tags": { "visible": false }, "visible": null, "lon": null, "lat": null, "version": 1, "timestamp": 1428061532, "id": 336340490, "changeset": null, "depot": null, "industrial": null, "landuse": "commercial", "military": null, "residential": null, "osm_type": "way", "basin": null, "construction": null, "farmyard": null, "grass": null, "port": null, "railway": null }, "geometry": { "type": "Polygon", "coordinates": [ [ [ 72.5299466, 23.0171353 ], [ 72.5299317, 23.0175925 ], [ 72.5294316, 23.0175726 ], [ 72.5294316, 23.0175052 ], [ 72.5295696, 23.0174972 ], [ 72.5295868, 23.017152 ], [ 72.5299466, 23.0171353 ] ] ] } },
{ "type": "Feature", "properties": { "tags": { "visible": false }, "visible": null, "lon": null, "lat": null, "version": 3, "timestamp": 1628800876, "id": 336341057, "changeset": null, "depot": null, "industrial": null, "landuse": "commercial", "military": null, "residential": null, "osm_type": "way", "basin": null, "construction": null, "farmyard": null, "grass": null, "port": null, "railway": null }, "geometry": { "type": "Polygon", "coordinates": [ [ [ 72.529674, 23.0159042 ], [ 72.529855, 23.0149691 ], [ 72.5299293, 23.0146293 ], [ 72.5303385, 23.0147452 ], [ 72.5303665, 23.014874 ], [ 72.530346, 23.0149797 ], [ 72.5302616, 23.0154148 ], [ 72.5302231, 23.0158784 ], [ 72.529674, 23.0159042 ] ] ] } },
{ "type": "Feature", "properties": { "tags": { "visible": false }, "visible": null, "lon": null, "lat": null, "version": 1, "timestamp": 1428063677, "id": 336351623, "changeset": null, "depot": null, "industrial": null, "landuse": "commercial", "military": null, "residential": null, "osm_type": "way", "basin": null, "construction": null, "farmyard": null, "grass": null, "port": null, "railway": null }, "geometry": { "type": "Polygon", "coordinates": [ [ [ 72.5434403, 23.0252337 ], [ 72.5441129, 23.0251751 ], [ 72.5447982, 23.0248553 ], [ 72.5460828, 23.0261461 ], [ 72.5448556, 23.0268501 ], [ 72.5434403, 23.0252337 ] ] ] } },
{ "type": "Feature", "properties": { "tags": { "visible": false }, "visible": null, "lon": null, "lat": null, "version": 3, "timestamp": 1497182615, "id": 336353829, "changeset": null, "depot": null, "industrial": null, "landuse": "commercial", "military": null, "residential": null, "osm_type": "way", "basin": null, "construction": null, "farmyard": null, "grass": null, "port": null, "railway": null }, "geometry": { "type": "Polygon", "coordinates": [ [ [ 72.4983003, 22.9917713 ], [ 72.5004389, 22.9918272 ], [ 72.5004032, 22.99294 ], [ 72.5001457, 22.9929334 ], [ 72.500092, 22.9929795 ], [ 72.5000706, 22.9938815 ], [ 72.5013688, 22.9943128 ], [ 72.5012794, 22.9945531 ], [ 72.5010684, 22.9949515 ], [ 72.5009432, 22.9951556 ], [ 72.5005069, 22.9956296 ], [ 72.4998882, 22.9960214 ], [ 72.4997988, 22.9960642 ], [ 72.499198, 22.9953169 ], [ 72.4987295, 22.9944478 ], [ 72.4985042, 22.9938848 ], [ 72.4983861, 22.9933713 ], [ 72.4983039, 22.9925811 ], [ 72.4983003, 22.9917713 ] ] ] } },
{ "type": "Feature", "properties": { "tags": { "visible": false, "name": "Infocity" }, "visible": null, "lon": null, "lat": null, "version": 5, "timestamp": 1752996222, "id": 338847130, "changeset": null, "depot": null, "industrial": null, "landuse": "commercial", "military": null, "residential": null, "osm_type": "way", "basin": null, "construction": null, "farmyard": null, "grass": null, "port": null, "railway": null }, "geometry": { "type": "Polygon", "coordinates": [ [ [ 72.6386365, 23.192473 ], [ 72.6388209, 23.1938657 ], [ 72.6372364, 23.1940181 ], [ 72.6373787, 23.1961156 ], [ 72.6316015, 23.1969197 ], [ 72.631105, 23.193685 ], [ 72.6304083, 23.1900488 ], [ 72.6340573, 23.189693 ], [ 72.6342136, 23.1905776 ], [ 72.6345555, 23.1927846 ], [ 72.6345794, 23.1929386 ], [ 72.6386365, 23.192473 ] ] ] } },
{ "type": "Feature", "properties": { "tags": { "visible": false }, "visible": null, "lon": null, "lat": null, "version": 1, "timestamp": 1429285136, "id": 338983790, "changeset": null, "depot": null, "industrial": null, "landuse": "commercial", "military": null, "residential": null, "osm_type": "way", "basin": null, "construction": null, "farmyard": null, "grass": null, "port": null, "railway": null }, "geometry": { "type": "Polygon", "coordinates": [ [ [ 72.5112786, 23.0272086 ], [ 72.5096989, 23.0271396 ], [ 72.5090369, 23.0270096 ], [ 72.5088163, 23.026969 ], [ 72.5084456, 23.0269934 ], [ 72.5078587, 23.0270259 ], [ 72.5067511, 23.0236713 ], [ 72.5078146, 23.0236632 ], [ 72.5077528, 23.0243373 ], [ 72.5077396, 23.0250156 ], [ 72.5083439, 23.0250312 ], [ 72.5083047, 23.025925 ], [ 72.5102063, 23.0260393 ], [ 72.5112786, 23.0272086 ] ] ] } },
{ "type": "Feature", "properties": { "tags": { "visible": false }, "visible": null, "lon": null, "lat": null, "version": 1, "timestamp": 1429618212, "id": 339731584, "changeset": null, "depot": null, "industrial": null, "landuse": "commercial", "military": null, "residential": null, "osm_type": "way", "basin": null, "construction": null, "farmyard": null, "grass": null, "port": null, "railway": null }, "geometry": { "type": "Polygon", "coordinates": [ [ [ 72.5283088, 23.0296896 ], [ 72.5279957, 23.0293443 ], [ 72.5283258, 23.0290679 ], [ 72.5289265, 23.0286122 ], [ 72.5294928, 23.0281796 ], [ 72.5298848, 23.0277049 ], [ 72.5300017, 23.027553 ], [ 72.5301507, 23.0271753 ], [ 72.5302058, 23.0270108 ], [ 72.5306106, 23.0263728 ], [ 72.5306702, 23.0263475 ], [ 72.5312892, 23.0279046 ], [ 72.5313488, 23.0280903 ], [ 72.5313259, 23.0281409 ], [ 72.5312938, 23.0282253 ], [ 72.5283088, 23.0296896 ] ] ] } },
{ "type": "Feature", "properties": { "tags": { "visible": false, "name": "Tata Consultancy Services" }, "visible": null, "lon": null, "lat": null, "version": 7, "timestamp": 1752996222, "id": 339747646, "changeset": null, "depot": null, "industrial": null, "landuse": "commercial", "military": null, "residential": null, "osm_type": "way", "basin": null, "construction": null, "farmyard": null, "grass": null, "port": null, "railway": null }, "geometry": { "type": "Polygon", "coordinates": [ [ [ 72.6259521, 23.1940022 ], [ 72.6260966, 23.191183 ], [ 72.6267884, 23.1910845 ], [ 72.6278949, 23.190927 ], [ 72.6280913, 23.1922223 ], [ 72.6304304, 23.1919685 ], [ 72.630607, 23.1933297 ], [ 72.6259521, 23.1940022 ] ] ] } },
{ "type": "Feature", "properties": { "tags": { "visible": false }, "visible": null, "lon": null, "lat": null, "version": 2, "timestamp": 1734449794, "id": 366778908, "changeset": null, "depot": null, "industrial": null, "landuse": "commercial", "military": null, "residential": null, "osm_type": "way", "basin": null, "construction": null, "farmyard": null, "grass": null, "port": null, "railway": null }, "geometry": { "type": "Polygon", "coordinates": [ [ [ 72.4990126, 23.0398165 ], [ 72.4989593, 23.0393937 ], [ 72.4995747, 23.0393281 ], [ 72.499628, 23.0397508 ], [ 72.499425, 23.0397725 ], [ 72.4994317, 23.0398251 ], [ 72.4991435, 23.0398559 ], [ 72.4991368, 23.0398032 ], [ 72.4990126, 23.0398165 ] ] ] } },
{ "type": "Feature", "properties": { "tags": { "visible": false, "building": "commercial", "building:colour": "lightgrey", "building:levels": "10", "building:material": "concrete;glass", "name": "Amrapali Lakeview", "roof:material": "concrete", "roof:shape": "flat" }, "visible": null, "lon": null, "lat": null, "version": 3, "timestamp": 1723543298, "id": 366820125, "changeset": null, "depot": null, "industrial": null, "landuse": "commercial", "military": null, "residential": null, "osm_type": "way", "basin": null, "construction": null, "farmyard": null, "grass": null, "port": null, "railway": null }, "geometry": { "type": "Polygon", "coordinates": [ [ [ 72.5289526, 23.0397683 ], [ 72.529057, 23.0397553 ], [ 72.5290481, 23.0396945 ], [ 72.529189, 23.0396769 ], [ 72.5291938, 23.0397095 ], [ 72.5292886, 23.0396977 ], [ 72.5292949, 23.0397401 ], [ 72.5293759, 23.03973 ], [ 72.5293697, 23.0396875 ], [ 72.5294588, 23.0396764 ], [ 72.529454, 23.0396439 ], [ 72.5296, 23.0396257 ], [ 72.5296087, 23.039685 ], [ 72.5297045, 23.0396731 ], [ 72.5297192, 23.0397732 ], [ 72.5295653, 23.0397924 ], [ 72.5295773, 23.0398738 ], [ 72.5294876, 23.039885 ], [ 72.5294756, 23.0398036 ], [ 72.5292528, 23.0398314 ], [ 72.5292651, 23.0399152 ], [ 72.5291629, 23.039928 ], [ 72.5291506, 23.0398441 ], [ 72.5289671, 23.039867 ], [ 72.5289526, 23.0397683 ] ] ] } },
{ "type": "Feature", "properties": { "tags": { "visible": false, "name": "Sangath" }, "visible": null, "lon": null, "lat": null, "version": 2, "timestamp": 1502981811, "id": 367203390, "changeset": null, "depot": null, "industrial": null, "landuse": "commercial", "military": null, "residential": null, "osm_type": "way", "basin": null, "construction": null, "farmyard": null, "grass": null, "port": null, "railway": null }, "geometry": { "type": "Polygon", "coordinates": [ [ [ 72.5265959, 23.0484766 ], [ 72.5265451, 23.048306 ], [ 72.5265254, 23.048311 ], [ 72.5264759, 23.0481446 ], [ 72.5266403, 23.0481031 ], [ 72.5267407, 23.0484401 ], [ 72.5265959, 23.0484766 ] ] ] } },
{ "type": "Feature", "properties": { "tags": { "visible": false, "building": "residential", "building:colour": "beige", "building:levels": "4", "building:material": "plaster", "name": "ecomnext solutions pvt ltd", "roof:material": "concrete", "roof:shape": "flat" }, "visible": null, "lon": null, "lat": null, "version": 3, "timestamp": 1722862843, "id": 367380080, "changeset": null, "depot": null, "industrial": null, "landuse": "commercial", "military": null, "residential": null, "osm_type": "way", "basin": null, "construction": null, "farmyard": null, "grass": null, "port": null, "railway": null }, "geometry": { "type": "Polygon", "coordinates": [ [ [ 72.5202802, 23.050793 ], [ 72.5202707, 23.0506184 ], [ 72.52044, 23.0506107 ], [ 72.5204495, 23.0507853 ], [ 72.5202802, 23.050793 ] ] ] } },
{ "type": "Feature", "properties": { "tags": { "visible": false, "name": "La Foret French class" }, "visible": null, "lon": null, "lat": null, "version": 2, "timestamp": 1708837136, "id": 367748136, "changeset": null, "depot": null, "industrial": null, "landuse": "commercial", "military": null, "residential": "single_family", "osm_type": "way", "basin": null, "construction": null, "farmyard": null, "grass": null, "port": null, "railway": null }, "geometry": { "type": "Polygon", "coordinates": [ [ [ 72.5188745, 23.0232141 ], [ 72.5190069, 23.0233178 ], [ 72.5189407, 23.0233895 ], [ 72.5188082, 23.0232859 ], [ 72.5188745, 23.0232141 ] ] ] } },
{ "type": "Feature", "properties": { "tags": { "visible": false, "name": "Mayuransh elanza" }, "visible": null, "lon": null, "lat": null, "version": 5, "timestamp": 1648846687, "id": 374077286, "changeset": null, "depot": null, "industrial": null, "landuse": "commercial", "military": null, "residential": null, "osm_type": "way", "basin": null, "construction": null, "farmyard": null, "grass": null, "port": null, "railway": null }, "geometry": { "type": "Polygon", "coordinates": [ [ [ 72.5295858, 23.0131851 ], [ 72.5296374, 23.0127442 ], [ 72.5303908, 23.0128323 ], [ 72.5303624, 23.0130724 ], [ 72.5304933, 23.0130855 ], [ 72.5304711, 23.0132736 ], [ 72.5295858, 23.0131851 ] ] ] } },
{ "type": "Feature", "properties": { "tags": { "visible": false }, "visible": null, "lon": null, "lat": null, "version": 2, "timestamp": 1722929804, "id": 374135946, "changeset": null, "depot": null, "industrial": null, "landuse": "commercial", "military": null, "residential": null, "osm_type": "way", "basin": null, "construction": null, "farmyard": null, "grass": null, "port": null, "railway": null }, "geometry": { "type": "Polygon", "coordinates": [ [ [ 72.5098602, 23.0517807 ], [ 72.50985, 23.0516937 ], [ 72.5098696, 23.051167 ], [ 72.5099515, 23.05086 ], [ 72.5101434, 23.050564 ], [ 72.5101854, 23.0504607 ], [ 72.510532, 23.050364 ], [ 72.510827, 23.0502538 ], [ 72.5112103, 23.0501496 ], [ 72.5112178, 23.0511415 ], [ 72.5109345, 23.0511486 ], [ 72.5109229, 23.051488 ], [ 72.5100959, 23.0515224 ], [ 72.5100723, 23.0517673 ], [ 72.5098602, 23.0517807 ] ] ] } },
{ "type": "Feature", "properties": { "tags": { "visible": false, "name": "cng pump" }, "visible": null, "lon": null, "lat": null, "version": 1, "timestamp": 1444210336, "id": 374254697, "changeset": null, "depot": null, "industrial": null, "landuse": "commercial", "military": null, "residential": null, "osm_type": "way", "basin": null, "construction": null, "farmyard": null, "grass": null, "port": null, "railway": null }, "geometry": { "type": "Polygon", "coordinates": [ [ [ 72.5425498, 23.0447028 ], [ 72.5425132, 23.0446273 ], [ 72.5426121, 23.0445727 ], [ 72.5426595, 23.0446427 ], [ 72.5426229, 23.0446755 ], [ 72.5427158, 23.0448502 ], [ 72.5426694, 23.0448756 ], [ 72.5425715, 23.0446891 ], [ 72.5425498, 23.0447028 ] ] ] } },
{ "type": "Feature", "properties": { "tags": { "visible": false, "addr:city": "Ahmedabad", "addr:postcode": "380013", "addr:street": "Sabarmati Riverfront Walkway, Usmanpura", "name": "Paritosh" }, "visible": null, "lon": null, "lat": null, "version": 1, "timestamp": 1448000812, "id": 381421316, "changeset": null, "depot": null, "industrial": null, "landuse": "commercial", "military": null, "residential": null, "osm_type": "way", "basin": null, "construction": null, "farmyard": null, "grass": null, "port": null, "railway": null }, "geometry": { "type": "Polygon", "coordinates": [ [ [ 72.5727096, 23.0485643 ], [ 72.5726919, 23.0485676 ], [ 72.5726831, 23.0484927 ], [ 72.5726548, 23.0483852 ], [ 72.5726229, 23.0482305 ], [ 72.573175, 23.0481491 ], [ 72.5732458, 23.0484308 ], [ 72.5727096, 23.0485643 ] ] ] } },
{ "type": "Feature", "properties": { "tags": { "visible": false }, "visible": null, "lon": null, "lat": null, "version": 3, "timestamp": 1746696130, "id": 386478182, "changeset": null, "depot": null, "industrial": null, "landuse": "commercial", "military": null, "residential": null, "osm_type": "way", "basin": null, "construction": null, "farmyard": null, "grass": null, "port": null, "railway": null }, "geometry": { "type": "Polygon", "coordinates": [ [ [ 72.6795749, 23.1644851 ], [ 72.6810502, 23.1641356 ], [ 72.6811218, 23.164148 ], [ 72.681179, 23.1641802 ], [ 72.6814365, 23.1651176 ], [ 72.6815548, 23.1655326 ], [ 72.6815248, 23.1656112 ], [ 72.6814771, 23.1656457 ], [ 72.6810564, 23.1657723 ], [ 72.6806062, 23.1659009 ], [ 72.6804719, 23.1659166 ], [ 72.6802485, 23.1659149 ], [ 72.6798623, 23.1658762 ], [ 72.679822, 23.1658496 ], [ 72.6798017, 23.1658178 ], [ 72.6794916, 23.1645876 ], [ 72.679515, 23.1645296 ], [ 72.6795749, 23.1644851 ] ] ] } },
{ "type": "Feature", "properties": { "tags": { "visible": false, "name": "Kuber nagar Main bazar" }, "visible": null, "lon": null, "lat": null, "version": 2, "timestamp": 1482433756, "id": 452009808, "changeset": null, "depot": null, "industrial": null, "landuse": "commercial", "military": null, "residential": null, "osm_type": "way", "basin": null, "construction": null, "farmyard": null, "grass": null, "port": null, "railway": null }, "geometry": { "type": "Polygon", "coordinates": [ [ [ 72.6410621, 23.0725242 ], [ 72.6412285, 23.0724102 ], [ 72.6421416, 23.0723711 ], [ 72.6422973, 23.0726479 ], [ 72.6423929, 23.0732991 ], [ 72.6424318, 23.073667 ], [ 72.6422796, 23.0742466 ], [ 72.6416744, 23.0743801 ], [ 72.6410126, 23.0744941 ], [ 72.6409736, 23.0742792 ], [ 72.6408179, 23.0738885 ], [ 72.6407401, 23.0733675 ], [ 72.6408179, 23.0727749 ], [ 72.6410621, 23.0725242 ] ] ] } },
{ "type": "Feature", "properties": { "tags": { "visible": false, "addr:city": "Ahmedabad, Prahladnagar", "addr:postcode": "380015", "addr:street": "Service road - Sarkhej Gandhinagar Highway", "building:levels": "10", "name": "Mondeal Square", "smoking": "outside" }, "visible": null, "lon": null, "lat": null, "version": 3, "timestamp": 1717577644, "id": 473553670, "changeset": null, "depot": null, "industrial": null, "landuse": "commercial", "military": null, "residential": null, "osm_type": "way", "basin": null, "construction": null, "farmyard": null, "grass": null, "port": null, "railway": null }, "geometry": { "type": "Polygon", "coordinates": [ [ [ 72.503861, 23.0127071 ], [ 72.5032118, 23.0126974 ], [ 72.5030083, 23.0119973 ], [ 72.5030773, 23.0119089 ], [ 72.5039028, 23.0119262 ], [ 72.503861, 23.0127071 ] ] ] } },
{ "type": "Feature", "properties": { "tags": { "visible": false, "name": "Sobo Centre" }, "visible": null, "lon": null, "lat": null, "version": 1, "timestamp": 1488728078, "id": 478644005, "changeset": null, "depot": null, "industrial": null, "landuse": "commercial", "military": null, "residential": null, "osm_type": "way", "basin": null, "construction": null, "farmyard": null, "grass": null, "port": null, "railway": null }, "geometry": { "type": "Polygon", "coordinates": [ [ [ 72.4744394, 23.0175073 ], [ 72.4746325, 23.0170333 ], [ 72.4752655, 23.0172012 ], [ 72.4756303, 23.0168062 ], [ 72.476156, 23.0169543 ], [ 72.4754264, 23.0177245 ], [ 72.4744394, 23.0175073 ] ] ] } },
{ "type": "Feature", "properties": { "tags": { "visible": false, "addr:city": "Ahmedabad", "addr:housenumber": "1", "addr:postcode": "380009", "addr:street": "C.G. Road", "building": "commercial", "building:colour": "beige;white", "building:levels": "3", "building:material": "plaster", "name": "QnQ", "roof:material": "concrete", "roof:shape": "flat" }, "visible": null, "lon": null, "lat": null, "version": 2, "timestamp": 1721641157, "id": 487512850, "changeset": null, "depot": null, "industrial": null, "landuse": "commercial", "military": null, "residential": null, "osm_type": "way", "basin": null, "construction": null, "farmyard": null, "grass": null, "port": null, "railway": null }, "geometry": { "type": "Polygon", "coordinates": [ [ [ 72.5626195, 23.0391132 ], [ 72.5627517, 23.0389784 ], [ 72.5629022, 23.0391033 ], [ 72.5627701, 23.0392381 ], [ 72.5626195, 23.0391132 ] ] ] } },
{ "type": "Feature", "properties": { "tags": { "visible": false, "name": "Tiitanium City Center Business Park" }, "visible": null, "lon": null, "lat": null, "version": 2, "timestamp": 1571023985, "id": 516097352, "changeset": null, "depot": null, "industrial": null, "landuse": "commercial", "military": null, "residential": null, "osm_type": "way", "basin": null, "construction": null, "farmyard": null, "grass": null, "port": null, "railway": null }, "geometry": { "type": "Polygon", "coordinates": [ [ [ 72.5223996, 23.0121228 ], [ 72.5224086, 23.012045 ], [ 72.5224687, 23.011511 ], [ 72.5224955, 23.0112405 ], [ 72.5228623, 23.0112592 ], [ 72.5239238, 23.0113134 ], [ 72.5237233, 23.0121627 ], [ 72.5231225, 23.0121627 ], [ 72.5223996, 23.0121228 ] ] ] } },
{ "type": "Feature", "properties": { "tags": { "visible": false, "name": "sunrise park bunglows" }, "visible": null, "lon": null, "lat": null, "version": 3, "timestamp": 1723469158, "id": 529140019, "changeset": null, "depot": null, "industrial": null, "landuse": "commercial", "military": null, "residential": "rural", "osm_type": "way", "basin": null, "construction": null, "farmyard": null, "grass": null, "port": null, "railway": null }, "geometry": { "type": "Polygon", "coordinates": [ [ [ 72.5285597, 23.0440195 ], [ 72.5273252, 23.0414611 ], [ 72.5278258, 23.041175 ], [ 72.5291548, 23.0437884 ], [ 72.5285597, 23.0440195 ] ] ] } },
{ "type": "Feature", "properties": { "tags": { "visible": false }, "visible": null, "lon": null, "lat": null, "version": 1, "timestamp": 1511193828, "id": 541908544, "changeset": null, "depot": null, "industrial": null, "landuse": "commercial", "military": null, "residential": null, "osm_type": "way", "basin": null, "construction": null, "farmyard": null, "grass": null, "port": null, "railway": null }, "geometry": { "type": "Polygon", "coordinates": [ [ [ 72.5642118, 23.0291997 ], [ 72.5641662, 23.0290985 ], [ 72.5641394, 23.0285406 ], [ 72.56437, 23.0285357 ], [ 72.5643714, 23.0292022 ], [ 72.5642118, 23.0291997 ] ] ] } },
{ "type": "Feature", "properties": { "tags": { "visible": false }, "visible": null, "lon": null, "lat": null, "version": 3, "timestamp": 1746696130, "id": 544507539, "changeset": null, "depot": null, "industrial": null, "landuse": "commercial", "military": null, "residential": null, "osm_type": "way", "basin": null, "construction": null, "farmyard": null, "grass": null, "port": null, "railway": null }, "geometry": { "type": "Polygon", "coordinates": [ [ [ 72.6859169, 23.1630491 ], [ 72.6861644, 23.1630598 ], [ 72.6862929, 23.1631135 ], [ 72.686426, 23.1631897 ], [ 72.6866945, 23.1635954 ], [ 72.6869397, 23.1639142 ], [ 72.6871218, 23.1640849 ], [ 72.6874755, 23.16438 ], [ 72.6876553, 23.1645207 ], [ 72.6876799, 23.164628 ], [ 72.6876483, 23.1647171 ], [ 72.6866676, 23.1649146 ], [ 72.6853355, 23.1651958 ], [ 72.683715, 23.1656037 ], [ 72.6830204, 23.1655275 ], [ 72.6824495, 23.1653933 ], [ 72.6821424, 23.1654148 ], [ 72.6818727, 23.1654641 ], [ 72.6817922, 23.1654287 ], [ 72.6814308, 23.164165 ], [ 72.6814431, 23.1641242 ], [ 72.6814874, 23.1640835 ], [ 72.6815638, 23.164033 ], [ 72.6837149, 23.1635398 ], [ 72.6859169, 23.1630491 ] ] ] } },
{ "type": "Feature", "properties": { "tags": { "visible": false }, "visible": null, "lon": null, "lat": null, "version": 3, "timestamp": 1635191775, "id": 544537053, "changeset": null, "depot": null, "industrial": null, "landuse": "commercial", "military": null, "residential": null, "osm_type": "way", "basin": null, "construction": null, "farmyard": null, "grass": null, "port": null, "railway": null }, "geometry": { "type": "Polygon", "coordinates": [ [ [ 72.6538619, 23.149108 ], [ 72.6534979, 23.1482184 ], [ 72.6575081, 23.1468988 ], [ 72.6580447, 23.1478277 ], [ 72.6540172, 23.1491112 ], [ 72.6538619, 23.149108 ] ] ] } },
{ "type": "Feature", "properties": { "tags": { "visible": false, "name": "Amba Business Park" }, "visible": null, "lon": null, "lat": null, "version": 1, "timestamp": 1524200841, "id": 581779447, "changeset": null, "depot": null, "industrial": null, "landuse": "commercial", "military": null, "residential": null, "osm_type": "way", "basin": null, "construction": null, "farmyard": null, "grass": null, "port": null, "railway": null }, "geometry": { "type": "Polygon", "coordinates": [ [ [ 72.5742181, 23.188146 ], [ 72.5726161, 23.1871364 ], [ 72.5727276, 23.1869965 ], [ 72.5732211, 23.1868039 ], [ 72.5734712, 23.186748 ], [ 72.5737483, 23.1866331 ], [ 72.5743871, 23.1867573 ], [ 72.574306, 23.1880156 ], [ 72.5742181, 23.188146 ] ] ] } },
{ "type": "Feature", "properties": { "tags": { "visible": false, "name": "NICM" }, "visible": null, "lon": null, "lat": null, "version": 3, "timestamp": 1752996222, "id": 693884096, "changeset": null, "depot": null, "industrial": null, "landuse": "commercial", "military": null, "residential": null, "osm_type": "way", "basin": null, "construction": null, "farmyard": null, "grass": null, "port": null, "railway": null }, "geometry": { "type": "Polygon", "coordinates": [ [ [ 72.6386365, 23.192473 ], [ 72.6345794, 23.1929386 ], [ 72.6345555, 23.1927846 ], [ 72.6342136, 23.1905776 ], [ 72.6354869, 23.1904589 ], [ 72.6383972, 23.1901539 ], [ 72.6386365, 23.192473 ] ] ] } },
{ "type": "Feature", "properties": { "tags": { "visible": false, "name": "Yash Icon" }, "visible": null, "lon": null, "lat": null, "version": 1, "timestamp": 1559378894, "id": 693886087, "changeset": null, "depot": null, "industrial": null, "landuse": "commercial", "military": null, "residential": null, "osm_type": "way", "basin": null, "construction": null, "farmyard": null, "grass": null, "port": null, "railway": null }, "geometry": { "type": "Polygon", "coordinates": [ [ [ 72.6511929, 23.1655504 ], [ 72.6511556, 23.1650287 ], [ 72.6518187, 23.1649901 ], [ 72.6518748, 23.165911 ], [ 72.6511929, 23.1655504 ] ] ] } },
{ "type": "Feature", "properties": { "tags": { "visible": false, "name": "Swaminarayan Dham International School" }, "visible": null, "lon": null, "lat": null, "version": 1, "timestamp": 1559380463, "id": 693889234, "changeset": null, "depot": null, "industrial": null, "landuse": "commercial", "military": null, "residential": null, "osm_type": "way", "basin": null, "construction": null, "farmyard": null, "grass": null, "port": null, "railway": null }, "geometry": { "type": "Polygon", "coordinates": [ [ [ 72.6415497, 23.1813156 ], [ 72.6415354, 23.1807942 ], [ 72.6416103, 23.1799744 ], [ 72.6430157, 23.1800105 ], [ 72.6429551, 23.1808368 ], [ 72.6428516, 23.1813287 ], [ 72.6415497, 23.1813156 ] ] ] } },
{ "type": "Feature", "properties": { "tags": { "visible": false, "name": "Kanam Party Plot" }, "visible": null, "lon": null, "lat": null, "version": 2, "timestamp": 1732270655, "id": 693901595, "changeset": null, "depot": null, "industrial": null, "landuse": "commercial", "military": null, "residential": null, "osm_type": "way", "basin": null, "construction": null, "farmyard": null, "grass": null, "port": null, "railway": null }, "geometry": { "type": "Polygon", "coordinates": [ [ [ 72.6302621, 23.181584 ], [ 72.6292169, 23.1815192 ], [ 72.6291411, 23.1810779 ], [ 72.6296227, 23.1811119 ], [ 72.6296536, 23.1809061 ], [ 72.6300669, 23.1809583 ], [ 72.6303365, 23.1809855 ], [ 72.6302621, 23.181584 ] ] ] } },
{ "type": "Feature", "properties": { "tags": { "visible": false, "addr:city": "Ahmedabad", "addr:postcode": "380051", "addr:street": "Corporate road Makarba", "name": "Palladium" }, "visible": null, "lon": null, "lat": null, "version": 2, "timestamp": 1749196249, "id": 707294831, "changeset": null, "depot": null, "industrial": null, "landuse": "commercial", "military": null, "residential": null, "osm_type": "way", "basin": null, "construction": null, "farmyard": null, "grass": null, "port": null, "railway": null }, "geometry": { "type": "Polygon", "coordinates": [ [ [ 72.5013997, 22.9996693 ], [ 72.501019, 22.9991582 ], [ 72.5015094, 22.9988186 ], [ 72.5020802, 22.999258 ], [ 72.5013997, 22.9996693 ] ] ] } },
{ "type": "Feature", "properties": { "tags": { "visible": false, "addr:city": "Gandhinagar", "addr:housenumber": "Besides Gokuldham Apartments, Opp. Jay Yogeshwar Mall", "addr:postcode": "382421", "addr:street": "Koba - Gandhinagar Highway", "description": "Hrudhyam is first 70m height Commerical project at Gandhinagar falling on Ahmedabad Gandhinagar ubran corridor connecting Ahmedabad International Airport. Project offers  wide choice of shops, retail space, corporate offices, start up spaces, co-working s", "email": "desai.ncon@gmail.com", "name": "Hrudhyam Commercial - NCON INFRA", "phone": "9854505050", "website": "https://www.hrudhyam.in/" }, "visible": null, "lon": null, "lat": null, "version": 2, "timestamp": 1653384661, "id": 723316972, "changeset": null, "depot": null, "industrial": null, "landuse": "commercial", "military": null, "residential": null, "osm_type": "way", "basin": null, "construction": null, "farmyard": null, "grass": null, "port": null, "railway": null }, "geometry": { "type": "Polygon", "coordinates": [ [ [ 72.6352782, 23.1715623 ], [ 72.6353109, 23.1711631 ], [ 72.6361002, 23.1711631 ], [ 72.6360254, 23.171704 ], [ 72.6352782, 23.1715623 ] ] ] } },
{ "type": "Feature", "properties": { "tags": { "visible": false, "building": "yes", "name": "Vivan Square" }, "visible": null, "lon": null, "lat": null, "version": 5, "timestamp": 1731468692, "id": 745532921, "changeset": null, "depot": null, "industrial": null, "landuse": "commercial", "military": null, "residential": null, "osm_type": "way", "basin": null, "construction": null, "farmyard": null, "grass": null, "port": null, "railway": null }, "geometry": { "type": "Polygon", "coordinates": [ [ [ 72.5262768, 23.0263062 ], [ 72.5262331, 23.0263135 ], [ 72.5262297, 23.0262961 ], [ 72.5260557, 23.026325 ], [ 72.5260778, 23.0264375 ], [ 72.5262086, 23.0264158 ], [ 72.5262291, 23.0265204 ], [ 72.5261611, 23.0265317 ], [ 72.5261568, 23.0265098 ], [ 72.5261312, 23.0265141 ], [ 72.5261337, 23.0265373 ], [ 72.525878, 23.0265711 ], [ 72.5258703, 23.026533 ], [ 72.5259072, 23.0265269 ], [ 72.5259012, 23.0264961 ], [ 72.5258739, 23.0265006 ], [ 72.525864, 23.0264502 ], [ 72.5259101, 23.0264425 ], [ 72.5259008, 23.0263952 ], [ 72.5258551, 23.0264028 ], [ 72.5258489, 23.0263713 ], [ 72.5258572, 23.0263699 ], [ 72.5257865, 23.0260787 ], [ 72.5262021, 23.025974 ], [ 72.5262768, 23.0263062 ] ] ] } },
{ "type": "Feature", "properties": { "tags": { "visible": false }, "visible": null, "lon": null, "lat": null, "version": 2, "timestamp": 1692281951, "id": 745992146, "changeset": null, "depot": null, "industrial": null, "landuse": "commercial", "military": null, "residential": null, "osm_type": "way", "basin": null, "construction": null, "farmyard": null, "grass": null, "port": null, "railway": null }, "geometry": { "type": "Polygon", "coordinates": [ [ [ 72.6130132, 23.1922358 ], [ 72.6136328, 23.1926118 ], [ 72.6136312, 23.1927433 ], [ 72.6134584, 23.1927371 ], [ 72.6134506, 23.1926932 ], [ 72.6130695, 23.1924639 ], [ 72.6130005, 23.1925629 ], [ 72.6128478, 23.1924729 ], [ 72.6130132, 23.1922358 ] ] ] } },
{ "type": "Feature", "properties": { "tags": { "visible": false, "name": "Commercial AndMuseum SIte" }, "visible": null, "lon": null, "lat": null, "version": 2, "timestamp": 1712426704, "id": 769226504, "changeset": null, "depot": null, "industrial": null, "landuse": "commercial", "military": null, "residential": null, "osm_type": "way", "basin": null, "construction": null, "farmyard": null, "grass": null, "port": null, "railway": null }, "geometry": { "type": "Polygon", "coordinates": [ [ [ 72.572743, 23.0146922 ], [ 72.5717107, 23.0148769 ], [ 72.5715655, 23.0129727 ], [ 72.5715177, 23.0124712 ], [ 72.571456, 23.0121588 ], [ 72.5722149, 23.0120485 ], [ 72.572743, 23.0146922 ] ] ] } },
{ "type": "Feature", "properties": { "tags": { "visible": false, "name": "Ratnamani Towers" }, "visible": null, "lon": null, "lat": null, "version": 1, "timestamp": 1587249294, "id": 793320581, "changeset": null, "depot": null, "industrial": null, "landuse": "commercial", "military": null, "residential": null, "osm_type": "way", "basin": null, "construction": null, "farmyard": null, "grass": null, "port": null, "railway": null }, "geometry": { "type": "Polygon", "coordinates": [ [ [ 72.5249754, 23.0262016 ], [ 72.525717, 23.0260842 ], [ 72.52575, 23.0262607 ], [ 72.5254475, 23.0263085 ], [ 72.5254232, 23.0261783 ], [ 72.5252898, 23.0261994 ], [ 72.5253094, 23.0263042 ], [ 72.5250036, 23.0263526 ], [ 72.5249754, 23.0262016 ] ] ] } },
{ "type": "Feature", "properties": { "tags": { "visible": false, "building": "yes", "building:colour": "white", "building:levels": "5", "building:material": "plaster", "roof:material": "concrete", "roof:shape": "flat" }, "visible": null, "lon": null, "lat": null, "version": 2, "timestamp": 1719914013, "id": 844263034, "changeset": null, "depot": null, "industrial": null, "landuse": "commercial", "military": null, "residential": null, "osm_type": "way", "basin": null, "construction": null, "farmyard": null, "grass": null, "port": null, "railway": null }, "geometry": { "type": "Polygon", "coordinates": [ [ [ 72.590441, 23.0749884 ], [ 72.5904559, 23.0749493 ], [ 72.5904864, 23.0749592 ], [ 72.5904934, 23.0749409 ], [ 72.5905364, 23.0749548 ], [ 72.5905481, 23.0749241 ], [ 72.5905004, 23.0749086 ], [ 72.5905104, 23.0748824 ], [ 72.5904879, 23.074875 ], [ 72.5905055, 23.0748291 ], [ 72.5906705, 23.0748825 ], [ 72.5906513, 23.0749327 ], [ 72.5906224, 23.0749233 ], [ 72.5906133, 23.0749471 ], [ 72.5905644, 23.0749313 ], [ 72.5905609, 23.0749406 ], [ 72.5906038, 23.0749545 ], [ 72.5905934, 23.0749819 ], [ 72.5906126, 23.0749882 ], [ 72.5905908, 23.0750454 ], [ 72.5905286, 23.0750253 ], [ 72.5905383, 23.075 ], [ 72.5905019, 23.0749882 ], [ 72.5904951, 23.0750059 ], [ 72.590441, 23.0749884 ] ] ] } },
{ "type": "Feature", "properties": { "tags": { "visible": false, "height": "7", "layer": "2", "name": "Site For CWHCA" }, "visible": null, "lon": null, "lat": null, "version": 7, "timestamp": 1723125099, "id": 859351172, "changeset": null, "depot": null, "industrial": null, "landuse": "commercial", "military": null, "residential": null, "osm_type": "way", "basin": null, "construction": null, "farmyard": null, "grass": null, "port": null, "railway": null }, "geometry": { "type": "Polygon", "coordinates": [ [ [ 72.5821745, 23.0228913 ], [ 72.5822318, 23.02288 ], [ 72.5824022, 23.0228258 ], [ 72.5825295, 23.0228536 ], [ 72.5826348, 23.0228879 ], [ 72.5827097, 23.0229108 ], [ 72.5828355, 23.0228925 ], [ 72.5829307, 23.0229429 ], [ 72.5830489, 23.0229349 ], [ 72.5830508, 23.023388 ], [ 72.5830517, 23.0236008 ], [ 72.5830571, 23.0236396 ], [ 72.5830494, 23.0239182 ], [ 72.5830494, 23.0240334 ], [ 72.5830514, 23.024125 ], [ 72.5830494, 23.024179 ], [ 72.5827349, 23.0241341 ], [ 72.5826397, 23.0240973 ], [ 72.5823896, 23.0239989 ], [ 72.5823131, 23.0235254 ], [ 72.582257, 23.0231936 ], [ 72.582194, 23.0229584 ], [ 72.5821745, 23.0228913 ] ] ] } },
{ "type": "Feature", "properties": { "tags": { "visible": false, "name": "Turquoise 2" }, "visible": null, "lon": null, "lat": null, "version": 1, "timestamp": 1614663450, "id": 912628788, "changeset": null, "depot": null, "industrial": null, "landuse": "commercial", "military": null, "residential": null, "osm_type": "way", "basin": null, "construction": null, "farmyard": null, "grass": null, "port": null, "railway": null }, "geometry": { "type": "Polygon", "coordinates": [ [ [ 72.4724968, 22.9918673 ], [ 72.4724378, 22.9913586 ], [ 72.4727436, 22.9913241 ], [ 72.4727865, 22.9918574 ], [ 72.4724968, 22.9918673 ] ] ] } },
{ "type": "Feature", "properties": { "tags": { "visible": false, "alt_name": "WTC-GIFT City", "name": "World Trade Centre-GIFT City" }, "visible": null, "lon": null, "lat": null, "version": 1, "timestamp": 1616675431, "id": 922077110, "changeset": null, "depot": null, "industrial": null, "landuse": "commercial", "military": null, "residential": null, "osm_type": "way", "basin": null, "construction": null, "farmyard": null, "grass": null, "port": null, "railway": null }, "geometry": { "type": "Polygon", "coordinates": [ [ [ 72.6882989, 23.1645567 ], [ 72.6870592, 23.1634631 ], [ 72.6869337, 23.1632785 ], [ 72.6868534, 23.163094 ], [ 72.6868634, 23.1628909 ], [ 72.6869739, 23.1626925 ], [ 72.6871847, 23.1626002 ], [ 72.6874155, 23.1625818 ], [ 72.6876263, 23.1626417 ], [ 72.687802, 23.1628586 ], [ 72.6879777, 23.1630478 ], [ 72.6881834, 23.1632416 ], [ 72.6884444, 23.1634677 ], [ 72.6886753, 23.1636339 ], [ 72.6888962, 23.1637354 ], [ 72.6890267, 23.1638092 ], [ 72.6890919, 23.1639246 ], [ 72.6891471, 23.1640815 ], [ 72.689127, 23.164303 ], [ 72.6890869, 23.164446 ], [ 72.6890016, 23.1645429 ], [ 72.6888409, 23.1646167 ], [ 72.6886101, 23.1646444 ], [ 72.6884645, 23.1646214 ], [ 72.6882989, 23.1645567 ] ] ] } },
{ "type": "Feature", "properties": { "tags": { "visible": false }, "visible": null, "lon": null, "lat": null, "version": 1, "timestamp": 1617291579, "id": 924843968, "changeset": null, "depot": null, "industrial": null, "landuse": "commercial", "military": null, "residential": null, "osm_type": "way", "basin": null, "construction": null, "farmyard": null, "grass": null, "port": null, "railway": null }, "geometry": { "type": "Polygon", "coordinates": [ [ [ 72.6310158, 22.9828555 ], [ 72.6313082, 22.983421 ], [ 72.6309342, 22.9835378 ], [ 72.6307077, 22.9829491 ], [ 72.6308593, 22.982903 ], [ 72.6310158, 22.9828555 ] ] ] } },
{ "type": "Feature", "properties": { "tags": { "visible": false, "name": "Zydus Corporate Park" }, "visible": null, "lon": null, "lat": null, "version": 1, "timestamp": 1692652229, "id": 1200946286, "changeset": null, "depot": null, "industrial": null, "landuse": "commercial", "military": null, "residential": null, "osm_type": "way", "basin": null, "construction": null, "farmyard": null, "grass": null, "port": null, "railway": null }, "geometry": { "type": "Polygon", "coordinates": [ [ [ 72.5417432, 23.1313685 ], [ 72.5432632, 23.1310358 ], [ 72.5436162, 23.1323993 ], [ 72.5420961, 23.132732 ], [ 72.5417432, 23.1313685 ] ] ] } },
{ "type": "Feature", "properties": { "tags": { "visible": false, "area": "yes" }, "visible": null, "lon": null, "lat": null, "version": 1, "timestamp": 1721981216, "id": 1303841700, "changeset": null, "depot": null, "industrial": null, "landuse": "commercial", "military": null, "residential": null, "osm_type": "way", "basin": null, "construction": null, "farmyard": null, "grass": null, "port": null, "railway": null }, "geometry": { "type": "Polygon", "coordinates": [ [ [ 72.5701716, 23.0220515 ], [ 72.5701929, 23.0214587 ], [ 72.5702778, 23.021146 ], [ 72.5704406, 23.0209864 ], [ 72.5708052, 23.02126 ], [ 72.5711697, 23.0216606 ], [ 72.5712688, 23.0220548 ], [ 72.5710564, 23.0221688 ], [ 72.5701716, 23.0220515 ] ] ] } },
{ "type": "Feature", "properties": { "tags": { "visible": false }, "visible": null, "lon": null, "lat": null, "version": 1, "timestamp": 1722260960, "id": 1304455461, "changeset": null, "depot": null, "industrial": null, "landuse": "commercial", "military": null, "residential": null, "osm_type": "way", "basin": null, "construction": null, "farmyard": null, "grass": null, "port": null, "railway": null }, "geometry": { "type": "Polygon", "coordinates": [ [ [ 72.5336232, 23.0460742 ], [ 72.5337022, 23.0460225 ], [ 72.5348748, 23.0460261 ], [ 72.5359479, 23.0460032 ], [ 72.5359988, 23.0462281 ], [ 72.5353718, 23.0462877 ], [ 72.5353964, 23.0466619 ], [ 72.535227, 23.0467314 ], [ 72.5351592, 23.0462763 ], [ 72.5348449, 23.046282 ], [ 72.534863, 23.0464417 ], [ 72.533974, 23.046458 ], [ 72.5336093, 23.0464636 ], [ 72.5336127, 23.0463665 ], [ 72.5336232, 23.0460742 ] ] ] } },
{ "type": "Feature", "properties": { "tags": { "visible": false }, "visible": null, "lon": null, "lat": null, "version": 1, "timestamp": 1722260960, "id": 1304455462, "changeset": null, "depot": null, "industrial": null, "landuse": "commercial", "military": null, "residential": null, "osm_type": "way", "basin": null, "construction": null, "farmyard": null, "grass": null, "port": null, "railway": null }, "geometry": { "type": "Polygon", "coordinates": [ [ [ 72.5336054, 23.0467793 ], [ 72.5342501, 23.0467598 ], [ 72.5342923, 23.0475415 ], [ 72.5336533, 23.0475902 ], [ 72.5336054, 23.0467793 ] ] ] } },
{ "type": "Feature", "properties": { "tags": { "visible": false }, "visible": null, "lon": null, "lat": null, "version": 1, "timestamp": 1722260960, "id": 1304455478, "changeset": null, "depot": null, "industrial": null, "landuse": "commercial", "military": null, "residential": null, "osm_type": "way", "basin": null, "construction": null, "farmyard": null, "grass": null, "port": null, "railway": null }, "geometry": { "type": "Polygon", "coordinates": [ [ [ 72.5630233, 23.0359149 ], [ 72.564418, 23.0353496 ], [ 72.5648326, 23.0363934 ], [ 72.5656615, 23.0377944 ], [ 72.5649876, 23.0382469 ], [ 72.564301, 23.0376346 ], [ 72.563533, 23.0367487 ], [ 72.5632074, 23.036322 ], [ 72.5630233, 23.0359149 ] ] ] } },
{ "type": "Feature", "properties": { "tags": { "visible": false }, "visible": null, "lon": null, "lat": null, "version": 1, "timestamp": 1722260960, "id": 1304455480, "changeset": null, "depot": null, "industrial": null, "landuse": "commercial", "military": null, "residential": null, "osm_type": "way", "basin": null, "construction": null, "farmyard": null, "grass": null, "port": null, "railway": null }, "geometry": { "type": "Polygon", "coordinates": [ [ [ 72.5603376, 23.0370001 ], [ 72.5611141, 23.0366915 ], [ 72.5613051, 23.0371161 ], [ 72.5618967, 23.0380009 ], [ 72.5623723, 23.0385172 ], [ 72.5632728, 23.0392317 ], [ 72.5636021, 23.0394356 ], [ 72.5630756, 23.0396339 ], [ 72.5626935, 23.0396957 ], [ 72.5626671, 23.0396208 ], [ 72.5618438, 23.03891 ], [ 72.5605164, 23.0373275 ], [ 72.5603376, 23.0370001 ] ] ] } },
{ "type": "Feature", "properties": { "tags": { "visible": false }, "visible": null, "lon": null, "lat": null, "version": 1, "timestamp": 1722260960, "id": 1304455481, "changeset": null, "depot": null, "industrial": null, "landuse": "commercial", "military": null, "residential": null, "osm_type": "way", "basin": null, "construction": null, "farmyard": null, "grass": null, "port": null, "railway": null }, "geometry": { "type": "Polygon", "coordinates": [ [ [ 72.5593621, 23.0374464 ], [ 72.5602879, 23.037034 ], [ 72.5604779, 23.0373653 ], [ 72.561239, 23.0383923 ], [ 72.5594848, 23.0385513 ], [ 72.5593621, 23.0374464 ] ] ] } },
{ "type": "Feature", "properties": { "tags": { "visible": false }, "visible": null, "lon": null, "lat": null, "version": 1, "timestamp": 1722324482, "id": 1304593475, "changeset": null, "depot": null, "industrial": null, "landuse": "commercial", "military": null, "residential": null, "osm_type": "way", "basin": null, "construction": null, "farmyard": null, "grass": null, "port": null, "railway": null }, "geometry": { "type": "Polygon", "coordinates": [ [ [ 72.5728831, 23.0561189 ], [ 72.5744464, 23.0562735 ], [ 72.5743525, 23.0569572 ], [ 72.5737527, 23.0570717 ], [ 72.5735465, 23.0568895 ], [ 72.5729396, 23.0569122 ], [ 72.5726345, 23.0563834 ], [ 72.572623, 23.0561914 ], [ 72.5726784, 23.0561977 ], [ 72.5726743, 23.0562296 ], [ 72.5727964, 23.0562492 ], [ 72.5728831, 23.0561189 ] ] ] } },
{ "type": "Feature", "properties": { "tags": { "visible": false }, "visible": null, "lon": null, "lat": null, "version": 1, "timestamp": 1722324482, "id": 1304593480, "changeset": null, "depot": null, "industrial": null, "landuse": "commercial", "military": null, "residential": null, "osm_type": "way", "basin": null, "construction": null, "farmyard": null, "grass": null, "port": null, "railway": null }, "geometry": { "type": "Polygon", "coordinates": [ [ [ 72.5797008, 23.0644056 ], [ 72.5799506, 23.0647094 ], [ 72.5802279, 23.0645443 ], [ 72.5803526, 23.0647255 ], [ 72.5802208, 23.0648078 ], [ 72.5802838, 23.0649333 ], [ 72.5803562, 23.0648975 ], [ 72.5809818, 23.0656757 ], [ 72.5816555, 23.0653056 ], [ 72.5818691, 23.0652188 ], [ 72.582737, 23.066557 ], [ 72.5829838, 23.067058 ], [ 72.5828255, 23.0672727 ], [ 72.5816695, 23.0682647 ], [ 72.5815354, 23.0683066 ], [ 72.5813074, 23.0683733 ], [ 72.5811089, 23.0684078 ], [ 72.5808917, 23.068393 ], [ 72.5802426, 23.0682203 ], [ 72.5801997, 23.0676058 ], [ 72.579592, 23.0669574 ], [ 72.5794823, 23.067016 ], [ 72.5791461, 23.0667538 ], [ 72.5795017, 23.0664184 ], [ 72.5789337, 23.0650655 ], [ 72.5791054, 23.0648701 ], [ 72.5790576, 23.0648212 ], [ 72.5797008, 23.0644056 ] ] ] } },
{ "type": "Feature", "properties": { "tags": { "visible": false, "area": "yes" }, "visible": null, "lon": null, "lat": null, "version": 1, "timestamp": 1722333486, "id": 1304616323, "changeset": null, "depot": null, "industrial": null, "landuse": "commercial", "military": null, "residential": null, "osm_type": "way", "basin": null, "construction": null, "farmyard": null, "grass": null, "port": null, "railway": null }, "geometry": { "type": "Polygon", "coordinates": [ [ [ 72.5964379, 23.1040298 ], [ 72.5965668, 23.103902 ], [ 72.5970602, 23.1042974 ], [ 72.5973873, 23.104027 ], [ 72.5978942, 23.1046986 ], [ 72.5976015, 23.1049608 ], [ 72.5964379, 23.1040298 ] ] ] } },
{ "type": "Feature", "properties": { "tags": { "visible": false }, "visible": null, "lon": null, "lat": null, "version": 1, "timestamp": 1722333486, "id": 1304616332, "changeset": null, "depot": null, "industrial": null, "landuse": "commercial", "military": null, "residential": null, "osm_type": "way", "basin": null, "construction": null, "farmyard": null, "grass": null, "port": null, "railway": null }, "geometry": { "type": "Polygon", "coordinates": [ [ [ 72.5904985, 23.0916517 ], [ 72.5914737, 23.0919504 ], [ 72.5924815, 23.0921727 ], [ 72.5925279, 23.0919418 ], [ 72.5929325, 23.0920431 ], [ 72.5932691, 23.091869 ], [ 72.5934347, 23.0921003 ], [ 72.592964, 23.0923754 ], [ 72.5932765, 23.0928023 ], [ 72.5932244, 23.0928334 ], [ 72.5931004, 23.0928802 ], [ 72.5930354, 23.0929007 ], [ 72.5929195, 23.0928914 ], [ 72.5903115, 23.0923042 ], [ 72.5904985, 23.0916517 ] ] ] } },
{ "type": "Feature", "properties": { "tags": { "visible": false }, "visible": null, "lon": null, "lat": null, "version": 1, "timestamp": 1722336544, "id": 1304624174, "changeset": null, "depot": null, "industrial": null, "landuse": "commercial", "military": null, "residential": null, "osm_type": "way", "basin": null, "construction": null, "farmyard": null, "grass": null, "port": null, "railway": null }, "geometry": { "type": "Polygon", "coordinates": [ [ [ 72.5895974, 23.0948466 ], [ 72.5899574, 23.0948617 ], [ 72.5899332, 23.0954909 ], [ 72.5905287, 23.0960065 ], [ 72.5903082, 23.096576 ], [ 72.5902708, 23.0968831 ], [ 72.590049, 23.0968638 ], [ 72.5900454, 23.0973052 ], [ 72.5904488, 23.0973606 ], [ 72.5904418, 23.0975917 ], [ 72.5888535, 23.0975017 ], [ 72.5895974, 23.0948466 ] ] ] } },
{ "type": "Feature", "properties": { "tags": { "visible": false }, "visible": null, "lon": null, "lat": null, "version": 1, "timestamp": 1722336544, "id": 1304624178, "changeset": null, "depot": null, "industrial": null, "landuse": "commercial", "military": null, "residential": null, "osm_type": "way", "basin": null, "construction": null, "farmyard": null, "grass": null, "port": null, "railway": null }, "geometry": { "type": "Polygon", "coordinates": [ [ [ 72.586396, 23.105348 ], [ 72.5872767, 23.1024567 ], [ 72.588087, 23.1026721 ], [ 72.5879576, 23.1030858 ], [ 72.5879576, 23.1032162 ], [ 72.5879792, 23.1033295 ], [ 72.5882781, 23.1036356 ], [ 72.5883982, 23.1036753 ], [ 72.5892394, 23.1038623 ], [ 72.5891273, 23.1043256 ], [ 72.589071, 23.1044391 ], [ 72.589012, 23.104518 ], [ 72.5889288, 23.1045846 ], [ 72.5887109, 23.104759 ], [ 72.5886458, 23.1049067 ], [ 72.5884321, 23.1055585 ], [ 72.587811, 23.105537 ], [ 72.5876429, 23.1055628 ], [ 72.586396, 23.105348 ] ] ] } },
{ "type": "Feature", "properties": { "tags": { "visible": false }, "visible": null, "lon": null, "lat": null, "version": 1, "timestamp": 1722348097, "id": 1304654824, "changeset": null, "depot": null, "industrial": null, "landuse": "commercial", "military": null, "residential": null, "osm_type": "way", "basin": null, "construction": null, "farmyard": null, "grass": null, "port": null, "railway": null }, "geometry": { "type": "Polygon", "coordinates": [ [ [ 72.5608591, 23.0696161 ], [ 72.5614009, 23.0700109 ], [ 72.5615216, 23.0700998 ], [ 72.561256, 23.070808 ], [ 72.5601536, 23.0703243 ], [ 72.5608591, 23.0696161 ] ] ] } },
{ "type": "Feature", "properties": { "tags": { "visible": false }, "visible": null, "lon": null, "lat": null, "version": 1, "timestamp": 1722415906, "id": 1304792135, "changeset": null, "depot": null, "industrial": null, "landuse": "commercial", "military": null, "residential": null, "osm_type": "way", "basin": null, "construction": null, "farmyard": null, "grass": null, "port": null, "railway": null }, "geometry": { "type": "Polygon", "coordinates": [ [ [ 72.559584, 23.0561457 ], [ 72.5597092, 23.055792 ], [ 72.5598983, 23.0558339 ], [ 72.5600941, 23.0552293 ], [ 72.5604113, 23.0552725 ], [ 72.5600914, 23.0562866 ], [ 72.559584, 23.0561457 ] ] ] } },
{ "type": "Feature", "properties": { "tags": { "visible": false }, "visible": null, "lon": null, "lat": null, "version": 1, "timestamp": 1722419238, "id": 1304800155, "changeset": null, "depot": null, "industrial": null, "landuse": "commercial", "military": null, "residential": null, "osm_type": "way", "basin": null, "construction": null, "farmyard": null, "grass": null, "port": null, "railway": null }, "geometry": { "type": "Polygon", "coordinates": [ [ [ 72.5565821, 23.0501173 ], [ 72.557393, 23.0501229 ], [ 72.5573611, 23.0507441 ], [ 72.5565543, 23.0507094 ], [ 72.5565821, 23.0501173 ] ] ] } },
{ "type": "Feature", "properties": { "tags": { "visible": false }, "visible": null, "lon": null, "lat": null, "version": 1, "timestamp": 1722424221, "id": 1304814689, "changeset": null, "depot": null, "industrial": null, "landuse": "commercial", "military": null, "residential": null, "osm_type": "way", "basin": null, "construction": null, "farmyard": null, "grass": null, "port": null, "railway": null }, "geometry": { "type": "Polygon", "coordinates": [ [ [ 72.5472998, 23.0253918 ], [ 72.5488042, 23.025813 ], [ 72.5486378, 23.0262752 ], [ 72.5488165, 23.026329 ], [ 72.5485947, 23.0269103 ], [ 72.5498148, 23.027072 ], [ 72.5496299, 23.0280474 ], [ 72.549063, 23.0279878 ], [ 72.5490384, 23.0279169 ], [ 72.5488935, 23.0278659 ], [ 72.5488011, 23.0277582 ], [ 72.5487272, 23.0276391 ], [ 72.5487025, 23.0274916 ], [ 72.5486347, 23.0274207 ], [ 72.5469625, 23.0269179 ], [ 72.5469252, 23.026832 ], [ 72.5469065, 23.0266085 ], [ 72.5469905, 23.0261314 ], [ 72.5466263, 23.0259896 ], [ 72.5472998, 23.0253918 ] ] ] } },
{ "type": "Feature", "properties": { "tags": { "visible": false }, "visible": null, "lon": null, "lat": null, "version": 1, "timestamp": 1722424221, "id": 1304814690, "changeset": null, "depot": null, "industrial": null, "landuse": "commercial", "military": null, "residential": null, "osm_type": "way", "basin": null, "construction": null, "farmyard": null, "grass": null, "port": null, "railway": null }, "geometry": { "type": "Polygon", "coordinates": [ [ [ 72.5466036, 23.0260067 ], [ 72.5469295, 23.0261289 ], [ 72.5468356, 23.026604 ], [ 72.546849, 23.0268151 ], [ 72.5468866, 23.0269299 ], [ 72.5469348, 23.0269731 ], [ 72.5486058, 23.0274544 ], [ 72.5486541, 23.02751 ], [ 72.5486729, 23.0276223 ], [ 72.5486206, 23.0277297 ], [ 72.5476926, 23.0274927 ], [ 72.5475584, 23.0279123 ], [ 72.5472419, 23.0278531 ], [ 72.5468852, 23.027742 ], [ 72.5466545, 23.0276606 ], [ 72.546786, 23.0272607 ], [ 72.5465097, 23.027199 ], [ 72.5464668, 23.0272928 ], [ 72.5463407, 23.027157 ], [ 72.5461181, 23.0273619 ], [ 72.5456326, 23.0267028 ], [ 72.5461235, 23.0263819 ], [ 72.5466036, 23.0260067 ] ] ] } },
{ "type": "Feature", "properties": { "tags": { "visible": false }, "visible": null, "lon": null, "lat": null, "version": 1, "timestamp": 1722424221, "id": 1304814696, "changeset": null, "depot": null, "industrial": null, "landuse": "commercial", "military": null, "residential": null, "osm_type": "way", "basin": null, "construction": null, "farmyard": null, "grass": null, "port": null, "railway": null }, "geometry": { "type": "Polygon", "coordinates": [ [ [ 72.5485572, 23.0420325 ], [ 72.54882, 23.0419814 ], [ 72.549004, 23.0426458 ], [ 72.5476116, 23.0435677 ], [ 72.5474862, 23.0433443 ], [ 72.5477162, 23.0432481 ], [ 72.547609, 23.0430228 ], [ 72.5478165, 23.0429438 ], [ 72.5478112, 23.0429288 ], [ 72.5482134, 23.0427607 ], [ 72.5484894, 23.042623 ], [ 72.5483989, 23.0422507 ], [ 72.5485953, 23.0422096 ], [ 72.5485572, 23.0420325 ] ] ] } },
{ "type": "Feature", "properties": { "tags": { "visible": false }, "visible": null, "lon": null, "lat": null, "version": 1, "timestamp": 1722424221, "id": 1304814699, "changeset": null, "depot": null, "industrial": null, "landuse": "commercial", "military": null, "residential": null, "osm_type": "way", "basin": null, "construction": null, "farmyard": null, "grass": null, "port": null, "railway": null }, "geometry": { "type": "Polygon", "coordinates": [ [ [ 72.5532857, 23.0389425 ], [ 72.5546872, 23.0389392 ], [ 72.5547545, 23.0390239 ], [ 72.5548571, 23.0392226 ], [ 72.5548606, 23.0394343 ], [ 72.5548005, 23.0395189 ], [ 72.5537883, 23.040154 ], [ 72.5536998, 23.040027 ], [ 72.5531194, 23.0400856 ], [ 72.5531236, 23.0398763 ], [ 72.5532078, 23.0397567 ], [ 72.5532857, 23.0389425 ] ] ] } },
{ "type": "Feature", "properties": { "tags": { "visible": false }, "visible": null, "lon": null, "lat": null, "version": 1, "timestamp": 1722426276, "id": 1304819997, "changeset": null, "depot": null, "industrial": null, "landuse": "commercial", "military": null, "residential": null, "osm_type": "way", "basin": null, "construction": null, "farmyard": null, "grass": null, "port": null, "railway": null }, "geometry": { "type": "Polygon", "coordinates": [ [ [ 72.5592043, 23.0356474 ], [ 72.5607226, 23.0354845 ], [ 72.561027, 23.0364844 ], [ 72.5600148, 23.0369273 ], [ 72.5599932, 23.0367227 ], [ 72.5599015, 23.0358525 ], [ 72.5592326, 23.0358981 ], [ 72.5592043, 23.0356474 ] ] ] } },
{ "type": "Feature", "properties": { "tags": { "visible": false }, "visible": null, "lon": null, "lat": null, "version": 1, "timestamp": 1722426276, "id": 1304820003, "changeset": null, "depot": null, "industrial": null, "landuse": "commercial", "military": null, "residential": null, "osm_type": "way", "basin": null, "construction": null, "farmyard": null, "grass": null, "port": null, "railway": null }, "geometry": { "type": "Polygon", "coordinates": [ [ [ 72.5597046, 23.0335453 ], [ 72.560216, 23.0334331 ], [ 72.560709, 23.0354448 ], [ 72.5587463, 23.0355923 ], [ 72.5587478, 23.0351087 ], [ 72.55917, 23.0350805 ], [ 72.5591808, 23.0351925 ], [ 72.5602357, 23.0351048 ], [ 72.560201, 23.0347738 ], [ 72.5599615, 23.0347659 ], [ 72.5599148, 23.0344393 ], [ 72.55977, 23.0344586 ], [ 72.5597046, 23.0335453 ] ] ] } },
{ "type": "Feature", "properties": { "tags": { "visible": false }, "visible": null, "lon": null, "lat": null, "version": 1, "timestamp": 1722426276, "id": 1304820004, "changeset": null, "depot": null, "industrial": null, "landuse": "commercial", "military": null, "residential": null, "osm_type": "way", "basin": null, "construction": null, "farmyard": null, "grass": null, "port": null, "railway": null }, "geometry": { "type": "Polygon", "coordinates": [ [ [ 72.5550374, 23.0331477 ], [ 72.5560631, 23.0331232 ], [ 72.5564966, 23.0330972 ], [ 72.5571461, 23.0330434 ], [ 72.5586573, 23.0328855 ], [ 72.5600199, 23.0327226 ], [ 72.5602199, 23.03333 ], [ 72.5595793, 23.0334424 ], [ 72.5593262, 23.0334913 ], [ 72.5585069, 23.0336411 ], [ 72.5561994, 23.0337518 ], [ 72.555695, 23.0337486 ], [ 72.5550049, 23.0336918 ], [ 72.5550374, 23.0331477 ] ] ] } },
{ "type": "Feature", "properties": { "tags": { "visible": false }, "visible": null, "lon": null, "lat": null, "version": 1, "timestamp": 1722426276, "id": 1304820005, "changeset": null, "depot": null, "industrial": null, "landuse": "commercial", "military": null, "residential": null, "osm_type": "way", "basin": null, "construction": null, "farmyard": null, "grass": null, "port": null, "railway": null }, "geometry": { "type": "Polygon", "coordinates": [ [ [ 72.5581385, 23.0302608 ], [ 72.5589186, 23.0303033 ], [ 72.55996, 23.0326057 ], [ 72.5588731, 23.0327285 ], [ 72.5587511, 23.0310187 ], [ 72.5582063, 23.0310262 ], [ 72.5581385, 23.0302608 ] ] ] } },
{ "type": "Feature", "properties": { "tags": { "visible": false }, "visible": null, "lon": null, "lat": null, "version": 1, "timestamp": 1722426276, "id": 1304820007, "changeset": null, "depot": null, "industrial": null, "landuse": "commercial", "military": null, "residential": null, "osm_type": "way", "basin": null, "construction": null, "farmyard": null, "grass": null, "port": null, "railway": null }, "geometry": { "type": "Polygon", "coordinates": [ [ [ 72.5563407, 23.0319162 ], [ 72.5568733, 23.0318732 ], [ 72.5569038, 23.0329544 ], [ 72.5564098, 23.0329956 ], [ 72.5563407, 23.0319162 ] ] ] } },
{ "type": "Feature", "properties": { "tags": { "visible": false }, "visible": null, "lon": null, "lat": null, "version": 1, "timestamp": 1722428276, "id": 1304826133, "changeset": null, "depot": null, "industrial": null, "landuse": "commercial", "military": null, "residential": null, "osm_type": "way", "basin": null, "construction": null, "farmyard": null, "grass": null, "port": null, "railway": null }, "geometry": { "type": "Polygon", "coordinates": [ [ [ 72.5551694, 23.0293454 ], [ 72.5581564, 23.0293221 ], [ 72.5583231, 23.029309 ], [ 72.5585304, 23.0297019 ], [ 72.5578616, 23.0299956 ], [ 72.5576161, 23.0296241 ], [ 72.5572303, 23.0298113 ], [ 72.5568348, 23.0299245 ], [ 72.5564871, 23.0299465 ], [ 72.5563234, 23.0299424 ], [ 72.5559828, 23.0299042 ], [ 72.5558969, 23.0298854 ], [ 72.5556333, 23.0297967 ], [ 72.555135, 23.0295804 ], [ 72.5551694, 23.0293454 ] ] ] } },
{ "type": "Feature", "properties": { "tags": { "visible": false }, "visible": null, "lon": null, "lat": null, "version": 1, "timestamp": 1722428276, "id": 1304826135, "changeset": null, "depot": null, "industrial": null, "landuse": "commercial", "military": null, "residential": null, "osm_type": "way", "basin": null, "construction": null, "farmyard": null, "grass": null, "port": null, "railway": null }, "geometry": { "type": "Polygon", "coordinates": [ [ [ 72.5657843, 23.0377319 ], [ 72.5645456, 23.0354519 ], [ 72.5645273, 23.035378 ], [ 72.5645253, 23.0352966 ], [ 72.5647784, 23.0352396 ], [ 72.5648484, 23.0356085 ], [ 72.5649312, 23.0356617 ], [ 72.5655016, 23.0367761 ], [ 72.5657298, 23.0366945 ], [ 72.5657893, 23.0368312 ], [ 72.565625, 23.0368991 ], [ 72.5657269, 23.0370978 ], [ 72.5658838, 23.0370614 ], [ 72.5659701, 23.0374033 ], [ 72.5660683, 23.0375939 ], [ 72.5657843, 23.0377319 ] ] ] } },
{ "type": "Feature", "properties": { "tags": { "visible": false }, "visible": null, "lon": null, "lat": null, "version": 1, "timestamp": 1722428276, "id": 1304826136, "changeset": null, "depot": null, "industrial": null, "landuse": "commercial", "military": null, "residential": null, "osm_type": "way", "basin": null, "construction": null, "farmyard": null, "grass": null, "port": null, "railway": null }, "geometry": { "type": "Polygon", "coordinates": [ [ [ 72.5558126, 23.0255092 ], [ 72.5558998, 23.0253389 ], [ 72.55579, 23.0249886 ], [ 72.5556149, 23.024013 ], [ 72.5551345, 23.0240421 ], [ 72.5550389, 23.0241444 ], [ 72.5551096, 23.0242792 ], [ 72.5550154, 23.0243617 ], [ 72.5549487, 23.0243212 ], [ 72.5546119, 23.0247589 ], [ 72.5547302, 23.0248321 ], [ 72.5546154, 23.0250889 ], [ 72.5543429, 23.0249759 ], [ 72.555559, 23.0232915 ], [ 72.5559235, 23.0229169 ], [ 72.5560049, 23.0229756 ], [ 72.5559811, 23.024573 ], [ 72.5562753, 23.0255412 ], [ 72.5562251, 23.0255659 ], [ 72.556127, 23.0256368 ], [ 72.5558126, 23.0255092 ] ] ] } },
{ "type": "Feature", "properties": { "tags": { "visible": false }, "visible": null, "lon": null, "lat": null, "version": 1, "timestamp": 1722428276, "id": 1304826141, "changeset": null, "depot": null, "industrial": null, "landuse": "commercial", "military": null, "residential": null, "osm_type": "way", "basin": null, "construction": null, "farmyard": null, "grass": null, "port": null, "railway": null }, "geometry": { "type": "Polygon", "coordinates": [ [ [ 72.5566656, 23.0292575 ], [ 72.5566083, 23.028938 ], [ 72.5571693, 23.0287784 ], [ 72.5565234, 23.0277068 ], [ 72.5563977, 23.0277524 ], [ 72.5563551, 23.0270292 ], [ 72.5553722, 23.0269725 ], [ 72.5554307, 23.0266294 ], [ 72.5554523, 23.0265132 ], [ 72.5555109, 23.0263799 ], [ 72.5556772, 23.026119 ], [ 72.5557635, 23.0259857 ], [ 72.5559114, 23.0258525 ], [ 72.5561024, 23.0257192 ], [ 72.556315, 23.0256086 ], [ 72.558253, 23.0291842 ], [ 72.5581482, 23.0292098 ], [ 72.5575443, 23.0292353 ], [ 72.5566656, 23.0292575 ] ] ] } },
{ "type": "Feature", "properties": { "tags": { "visible": false }, "visible": null, "lon": null, "lat": null, "version": 1, "timestamp": 1722433560, "id": 1304843557, "changeset": null, "depot": null, "industrial": null, "landuse": "commercial", "military": null, "residential": null, "osm_type": "way", "basin": null, "construction": null, "farmyard": null, "grass": null, "port": null, "railway": null }, "geometry": { "type": "Polygon", "coordinates": [ [ [ 72.5585192, 23.0292758 ], [ 72.5588289, 23.0291569 ], [ 72.5595474, 23.0289028 ], [ 72.5599634, 23.0296457 ], [ 72.5601729, 23.0303092 ], [ 72.5590545, 23.0302639 ], [ 72.5585192, 23.0292758 ] ] ] } },
{ "type": "Feature", "properties": { "tags": { "visible": false }, "visible": null, "lon": null, "lat": null, "version": 1, "timestamp": 1722433560, "id": 1304843558, "changeset": null, "depot": null, "industrial": null, "landuse": "commercial", "military": null, "residential": null, "osm_type": "way", "basin": null, "construction": null, "farmyard": null, "grass": null, "port": null, "railway": null }, "geometry": { "type": "Polygon", "coordinates": [ [ [ 72.559631, 23.028876 ], [ 72.5606999, 23.0282865 ], [ 72.5612945, 23.0289379 ], [ 72.5605548, 23.0295763 ], [ 72.5600451, 23.0296024 ], [ 72.559631, 23.028876 ] ] ] } },
{ "type": "Feature", "properties": { "tags": { "visible": false }, "visible": null, "lon": null, "lat": null, "version": 1, "timestamp": 1722433560, "id": 1304843559, "changeset": null, "depot": null, "industrial": null, "landuse": "commercial", "military": null, "residential": null, "osm_type": "way", "basin": null, "construction": null, "farmyard": null, "grass": null, "port": null, "railway": null }, "geometry": { "type": "Polygon", "coordinates": [ [ [ 72.5613688, 23.0289737 ], [ 72.5624624, 23.029889 ], [ 72.5622324, 23.0301593 ], [ 72.5619492, 23.0299639 ], [ 72.5616519, 23.0302668 ], [ 72.5613723, 23.0300714 ], [ 72.5615174, 23.029915 ], [ 72.5608591, 23.0294265 ], [ 72.5613688, 23.0289737 ] ] ] } },
{ "type": "Feature", "properties": { "tags": { "visible": false }, "visible": null, "lon": null, "lat": null, "version": 1, "timestamp": 1722433560, "id": 1304843562, "changeset": null, "depot": null, "industrial": null, "landuse": "commercial", "military": null, "residential": null, "osm_type": "way", "basin": null, "construction": null, "farmyard": null, "grass": null, "port": null, "railway": null }, "geometry": { "type": "Polygon", "coordinates": [ [ [ 72.5571569, 23.0267802 ], [ 72.5564925, 23.0254642 ], [ 72.5567827, 23.0252798 ], [ 72.557002, 23.0258099 ], [ 72.5573593, 23.0256493 ], [ 72.5575336, 23.0260183 ], [ 72.5577585, 23.0259506 ], [ 72.5581406, 23.0255637 ], [ 72.5583437, 23.0263082 ], [ 72.558395, 23.0262993 ], [ 72.5584622, 23.0265437 ], [ 72.5589946, 23.0275479 ], [ 72.5599812, 23.0271938 ], [ 72.5605687, 23.0281417 ], [ 72.5594539, 23.0287768 ], [ 72.5584346, 23.0291253 ], [ 72.5571569, 23.0267802 ] ] ] } },
{ "type": "Feature", "properties": { "tags": { "visible": false }, "visible": null, "lon": null, "lat": null, "version": 1, "timestamp": 1722433560, "id": 1304843565, "changeset": null, "depot": null, "industrial": null, "landuse": "commercial", "military": null, "residential": null, "osm_type": "way", "basin": null, "construction": null, "farmyard": null, "grass": null, "port": null, "railway": null }, "geometry": { "type": "Polygon", "coordinates": [ [ [ 72.5577446, 23.0236128 ], [ 72.5576131, 23.0238004 ], [ 72.5573664, 23.0236449 ], [ 72.557251, 23.0237979 ], [ 72.5574549, 23.0239436 ], [ 72.5571572, 23.0243089 ], [ 72.5574173, 23.0245064 ], [ 72.5570204, 23.0250026 ], [ 72.5568031, 23.0251828 ], [ 72.5564571, 23.0254173 ], [ 72.5562077, 23.0247755 ], [ 72.5560923, 23.0241608 ], [ 72.5561192, 23.0235807 ], [ 72.5562533, 23.0226723 ], [ 72.5577446, 23.0236128 ] ] ] } },
{ "type": "Feature", "properties": { "tags": { "visible": false }, "visible": null, "lon": null, "lat": null, "version": 1, "timestamp": 1722493565, "id": 1304974284, "changeset": null, "depot": null, "industrial": null, "landuse": "commercial", "military": null, "residential": null, "osm_type": "way", "basin": null, "construction": null, "farmyard": null, "grass": null, "port": null, "railway": null }, "geometry": { "type": "Polygon", "coordinates": [ [ [ 72.564167, 23.031502 ], [ 72.5642764, 23.0314755 ], [ 72.5657598, 23.0329818 ], [ 72.5652052, 23.0334121 ], [ 72.5648031, 23.033052 ], [ 72.5650565, 23.0328221 ], [ 72.5646861, 23.0325278 ], [ 72.5648116, 23.0324085 ], [ 72.5645334, 23.0321629 ], [ 72.5643797, 23.0323254 ], [ 72.5644533, 23.0324038 ], [ 72.5642099, 23.0326547 ], [ 72.5643482, 23.0327675 ], [ 72.5640901, 23.0329823 ], [ 72.5640469, 23.0329512 ], [ 72.5639862, 23.0329243 ], [ 72.5640329, 23.0323141 ], [ 72.564167, 23.031502 ] ] ] } },
{ "type": "Feature", "properties": { "tags": { "visible": false }, "visible": null, "lon": null, "lat": null, "version": 1, "timestamp": 1722493565, "id": 1304974285, "changeset": null, "depot": null, "industrial": null, "landuse": "commercial", "military": null, "residential": null, "osm_type": "way", "basin": null, "construction": null, "farmyard": null, "grass": null, "port": null, "railway": null }, "geometry": { "type": "Polygon", "coordinates": [ [ [ 72.5658065, 23.0330163 ], [ 72.5673821, 23.0346308 ], [ 72.5673503, 23.0347383 ], [ 72.5667203, 23.0348376 ], [ 72.5665778, 23.0346747 ], [ 72.5668203, 23.0344883 ], [ 72.5655851, 23.0331887 ], [ 72.5658065, 23.0330163 ] ] ] } },
{ "type": "Feature", "properties": { "tags": { "visible": false }, "visible": null, "lon": null, "lat": null, "version": 1, "timestamp": 1722493565, "id": 1304974286, "changeset": null, "depot": null, "industrial": null, "landuse": "commercial", "military": null, "residential": null, "osm_type": "way", "basin": null, "construction": null, "farmyard": null, "grass": null, "port": null, "railway": null }, "geometry": { "type": "Polygon", "coordinates": [ [ [ 72.5639885, 23.033039 ], [ 72.5640761, 23.0330348 ], [ 72.564566, 23.0334849 ], [ 72.5648641, 23.0338017 ], [ 72.5648217, 23.03384 ], [ 72.5657206, 23.0347856 ], [ 72.5658722, 23.0349645 ], [ 72.5645008, 23.0351125 ], [ 72.5641227, 23.0340758 ], [ 72.5640797, 23.0337697 ], [ 72.5639885, 23.033039 ] ] ] } },
{ "type": "Feature", "properties": { "tags": { "visible": false, "area": "yes" }, "visible": null, "lon": null, "lat": null, "version": 1, "timestamp": 1722516534, "id": 1305046423, "changeset": null, "depot": null, "industrial": null, "landuse": "commercial", "military": null, "residential": null, "osm_type": "way", "basin": null, "construction": null, "farmyard": null, "grass": null, "port": null, "railway": null }, "geometry": { "type": "Polygon", "coordinates": [ [ [ 72.5829316, 23.0472475 ], [ 72.5831746, 23.0467074 ], [ 72.583527, 23.045904 ], [ 72.5839801, 23.0448261 ], [ 72.5842773, 23.0449336 ], [ 72.5841499, 23.0452593 ], [ 72.5845322, 23.045396 ], [ 72.5845568, 23.0456962 ], [ 72.5846595, 23.0457478 ], [ 72.5845381, 23.0460142 ], [ 72.584823, 23.0461474 ], [ 72.5848323, 23.0464139 ], [ 72.5856963, 23.0469725 ], [ 72.5850705, 23.0477933 ], [ 72.5841879, 23.0472003 ], [ 72.5835527, 23.0477589 ], [ 72.5829316, 23.0472475 ] ] ] } },
{ "type": "Feature", "properties": { "tags": { "visible": false }, "visible": null, "lon": null, "lat": null, "version": 1, "timestamp": 1722842538, "id": 1305667836, "changeset": null, "depot": null, "industrial": null, "landuse": "commercial", "military": null, "residential": null, "osm_type": "way", "basin": null, "construction": null, "farmyard": null, "grass": null, "port": null, "railway": null }, "geometry": { "type": "Polygon", "coordinates": [ [ [ 72.5393445, 23.045389 ], [ 72.5396345, 23.0453447 ], [ 72.5395976, 23.0448839 ], [ 72.5396638, 23.0448924 ], [ 72.5401106, 23.0450937 ], [ 72.5404711, 23.0452114 ], [ 72.5407437, 23.0452667 ], [ 72.5407453, 23.0456409 ], [ 72.5405531, 23.0457017 ], [ 72.5402808, 23.0457242 ], [ 72.5397359, 23.0457892 ], [ 72.5395445, 23.0457785 ], [ 72.5393445, 23.045389 ] ] ] } },
{ "type": "Feature", "properties": { "tags": { "visible": false }, "visible": null, "lon": null, "lat": null, "version": 2, "timestamp": 1722845140, "id": 1305667841, "changeset": null, "depot": null, "industrial": null, "landuse": "commercial", "military": null, "residential": null, "osm_type": "way", "basin": null, "construction": null, "farmyard": null, "grass": null, "port": null, "railway": null }, "geometry": { "type": "Polygon", "coordinates": [ [ [ 72.5368058, 23.0458173 ], [ 72.5355887, 23.0458141 ], [ 72.5356233, 23.0455991 ], [ 72.5359341, 23.045665 ], [ 72.535946, 23.0456281 ], [ 72.5361959, 23.0456891 ], [ 72.5362139, 23.0456333 ], [ 72.5364452, 23.0456862 ], [ 72.5364768, 23.045564 ], [ 72.5368104, 23.0456174 ], [ 72.536815, 23.0450547 ], [ 72.5371971, 23.0449554 ], [ 72.5369691, 23.0441247 ], [ 72.5375452, 23.0436569 ], [ 72.5386113, 23.0448704 ], [ 72.538525, 23.0457918 ], [ 72.5368058, 23.0458173 ] ] ] } },
{ "type": "Feature", "properties": { "tags": { "visible": false }, "visible": null, "lon": null, "lat": null, "version": 1, "timestamp": 1722847412, "id": 1305679508, "changeset": null, "depot": null, "industrial": null, "landuse": "commercial", "military": null, "residential": null, "osm_type": "way", "basin": null, "construction": null, "farmyard": null, "grass": null, "port": null, "railway": null }, "geometry": { "type": "Polygon", "coordinates": [ [ [ 72.5320614, 23.0440818 ], [ 72.5321286, 23.0458885 ], [ 72.5310845, 23.0459993 ], [ 72.5310722, 23.0458169 ], [ 72.5310332, 23.0456768 ], [ 72.5313783, 23.045654 ], [ 72.5314526, 23.0440892 ], [ 72.5320614, 23.0440818 ] ] ] } },
{ "type": "Feature", "properties": { "tags": { "visible": false }, "visible": null, "lon": null, "lat": null, "version": 1, "timestamp": 1722852122, "id": 1305690392, "changeset": null, "depot": null, "industrial": null, "landuse": "commercial", "military": null, "residential": null, "osm_type": "way", "basin": null, "construction": null, "farmyard": null, "grass": null, "port": null, "railway": null }, "geometry": { "type": "Polygon", "coordinates": [ [ [ 72.5282597, 23.0462845 ], [ 72.5287171, 23.0461835 ], [ 72.5286861, 23.0460869 ], [ 72.5285792, 23.0458379 ], [ 72.5288222, 23.0457635 ], [ 72.528937, 23.0459496 ], [ 72.5289512, 23.0460104 ], [ 72.5293785, 23.0458738 ], [ 72.5300204, 23.0455933 ], [ 72.5302271, 23.0460808 ], [ 72.5301708, 23.0460759 ], [ 72.5299294, 23.0461055 ], [ 72.529645, 23.0461648 ], [ 72.5293822, 23.0462536 ], [ 72.5291488, 23.0463548 ], [ 72.528475, 23.0467661 ], [ 72.5282597, 23.0462845 ] ] ] } },
{ "type": "Feature", "properties": { "tags": { "visible": false }, "visible": null, "lon": null, "lat": null, "version": 1, "timestamp": 1722854631, "id": 1305696491, "changeset": null, "depot": null, "industrial": null, "landuse": "commercial", "military": null, "residential": null, "osm_type": "way", "basin": null, "construction": null, "farmyard": null, "grass": null, "port": null, "railway": null }, "geometry": { "type": "Polygon", "coordinates": [ [ [ 72.5263647, 23.0466553 ], [ 72.5267467, 23.0464314 ], [ 72.5270949, 23.0471373 ], [ 72.5277234, 23.0468255 ], [ 72.5275539, 23.0465193 ], [ 72.5279345, 23.0463676 ], [ 72.5278744, 23.0461705 ], [ 72.5280962, 23.0460855 ], [ 72.5284166, 23.0467659 ], [ 72.5269069, 23.0475598 ], [ 72.5267868, 23.0475031 ], [ 72.5263647, 23.0466553 ] ] ] } },
{ "type": "Feature", "properties": { "tags": { "visible": false }, "visible": null, "lon": null, "lat": null, "version": 1, "timestamp": 1722931835, "id": 1305893155, "changeset": null, "depot": null, "industrial": null, "landuse": "commercial", "military": null, "residential": null, "osm_type": "way", "basin": null, "construction": null, "farmyard": null, "grass": null, "port": null, "railway": null }, "geometry": { "type": "Polygon", "coordinates": [ [ [ 72.5033067, 23.0502019 ], [ 72.504216, 23.0501007 ], [ 72.5043126, 23.0508831 ], [ 72.503406, 23.0509942 ], [ 72.5033067, 23.0502019 ] ] ] } },
{ "type": "Feature", "properties": { "tags": { "visible": false }, "visible": null, "lon": null, "lat": null, "version": 1, "timestamp": 1722931835, "id": 1305893156, "changeset": null, "depot": null, "industrial": null, "landuse": "commercial", "military": null, "residential": null, "osm_type": "way", "basin": null, "construction": null, "farmyard": null, "grass": null, "port": null, "railway": null }, "geometry": { "type": "Polygon", "coordinates": [ [ [ 72.499296, 23.0505149 ], [ 72.50016, 23.0504118 ], [ 72.5002534, 23.0515419 ], [ 72.5005662, 23.051529 ], [ 72.5006596, 23.0519673 ], [ 72.5010052, 23.0519802 ], [ 72.5010286, 23.0525603 ], [ 72.500627, 23.0526978 ], [ 72.499763, 23.0513786 ], [ 72.499296, 23.0505149 ] ] ] } },
{ "type": "Feature", "properties": { "tags": { "visible": false }, "visible": null, "lon": null, "lat": null, "version": 1, "timestamp": 1722947777, "id": 1305940759, "changeset": null, "depot": null, "industrial": null, "landuse": "commercial", "military": null, "residential": null, "osm_type": "way", "basin": null, "construction": null, "farmyard": null, "grass": null, "port": null, "railway": null }, "geometry": { "type": "Polygon", "coordinates": [ [ [ 72.5361344, 23.0510429 ], [ 72.5367818, 23.0509531 ], [ 72.537105, 23.0508456 ], [ 72.537351, 23.0506754 ], [ 72.5375583, 23.0505828 ], [ 72.5376203, 23.0510981 ], [ 72.5375847, 23.0518247 ], [ 72.5362238, 23.0520193 ], [ 72.5361344, 23.0510429 ] ] ] } },
{ "type": "Feature", "properties": { "tags": { "visible": false }, "visible": null, "lon": null, "lat": null, "version": 1, "timestamp": 1723022635, "id": 1306118840, "changeset": null, "depot": null, "industrial": null, "landuse": "commercial", "military": null, "residential": null, "osm_type": "way", "basin": null, "construction": null, "farmyard": null, "grass": null, "port": null, "railway": null }, "geometry": { "type": "Polygon", "coordinates": [ [ [ 72.5355955, 23.0603488 ], [ 72.5355513, 23.0602084 ], [ 72.5355039, 23.0602076 ], [ 72.5353658, 23.0596503 ], [ 72.5356803, 23.0595828 ], [ 72.5357983, 23.0593496 ], [ 72.5356562, 23.0590028 ], [ 72.5361685, 23.058814 ], [ 72.5363683, 23.0592743 ], [ 72.5355955, 23.0603488 ] ] ] } },
{ "type": "Feature", "properties": { "tags": { "visible": false }, "visible": null, "lon": null, "lat": null, "version": 1, "timestamp": 1723033558, "id": 1306153948, "changeset": null, "depot": null, "industrial": null, "landuse": "commercial", "military": null, "residential": null, "osm_type": "way", "basin": null, "construction": null, "farmyard": null, "grass": null, "port": null, "railway": null }, "geometry": { "type": "Polygon", "coordinates": [ [ [ 72.5149047, 23.0593082 ], [ 72.5153719, 23.0583137 ], [ 72.5154073, 23.0583398 ], [ 72.5160443, 23.0582681 ], [ 72.5167593, 23.0581216 ], [ 72.5170035, 23.0591148 ], [ 72.5158815, 23.059333 ], [ 72.5155999, 23.0593792 ], [ 72.5149047, 23.0593082 ] ] ] } },
{ "type": "Feature", "properties": { "tags": { "visible": false }, "visible": null, "lon": null, "lat": null, "version": 1, "timestamp": 1723033558, "id": 1306153954, "changeset": null, "depot": null, "industrial": null, "landuse": "commercial", "military": null, "residential": null, "osm_type": "way", "basin": null, "construction": null, "farmyard": null, "grass": null, "port": null, "railway": null }, "geometry": { "type": "Polygon", "coordinates": [ [ [ 72.5173744, 23.0602829 ], [ 72.5200995, 23.0596935 ], [ 72.5206693, 23.0617222 ], [ 72.5178592, 23.062227 ], [ 72.5173744, 23.0602829 ] ] ] } },
{ "type": "Feature", "properties": { "tags": { "visible": false }, "visible": null, "lon": null, "lat": null, "version": 1, "timestamp": 1723036637, "id": 1306167295, "changeset": null, "depot": null, "industrial": null, "landuse": "commercial", "military": null, "residential": null, "osm_type": "way", "basin": null, "construction": null, "farmyard": null, "grass": null, "port": null, "railway": null }, "geometry": { "type": "Polygon", "coordinates": [ [ [ 72.5009532, 23.0548449 ], [ 72.5024824, 23.0548957 ], [ 72.5023132, 23.0557206 ], [ 72.5009527, 23.0557311 ], [ 72.5009532, 23.0548449 ] ] ] } },
{ "type": "Feature", "properties": { "tags": { "visible": false }, "visible": null, "lon": null, "lat": null, "version": 1, "timestamp": 1723107808, "id": 1306322232, "changeset": null, "depot": null, "industrial": null, "landuse": "commercial", "military": null, "residential": null, "osm_type": "way", "basin": null, "construction": null, "farmyard": null, "grass": null, "port": null, "railway": null }, "geometry": { "type": "Polygon", "coordinates": [ [ [ 72.482338, 23.0433942 ], [ 72.4829865, 23.0433344 ], [ 72.4831958, 23.0444941 ], [ 72.4825636, 23.0445914 ], [ 72.482338, 23.0433942 ] ] ] } },
{ "type": "Feature", "properties": { "tags": { "visible": false, "addr:city": "Ahmedabad", "addr:district": "Ahmedabad", "addr:housenumber": "411, 412", "addr:postcode": "380059", "addr:street": "ZION Z1, Near Avalon hotel, Sindhubhavan road, Bodakdev", "building:colour": "rosybrown", "building:levels": "15", "building:material": "concrete;glass", "name": "Viscap Consultancy Services Pvt. Ltd.", "roof:material": "concrete", "roof:shape": "flat", "short_name": "Viscap" }, "visible": null, "lon": null, "lat": null, "version": 2, "timestamp": 1777360356, "id": 1306345440, "changeset": null, "depot": null, "industrial": null, "landuse": "commercial", "military": null, "residential": null, "osm_type": "way", "basin": null, "construction": null, "farmyard": null, "grass": null, "port": null, "railway": null }, "geometry": { "type": "Polygon", "coordinates": [ [ [ 72.5075861, 23.0455881 ], [ 72.5075312, 23.0454696 ], [ 72.5076488, 23.0453994 ], [ 72.5077196, 23.0455299 ], [ 72.5076938, 23.0455492 ], [ 72.5075861, 23.0455881 ] ] ] } },
{ "type": "Feature", "properties": { "tags": { "visible": false }, "visible": null, "lon": null, "lat": null, "version": 1, "timestamp": 1723117800, "id": 1306345445, "changeset": null, "depot": null, "industrial": null, "landuse": "commercial", "military": null, "residential": null, "osm_type": "way", "basin": null, "construction": null, "farmyard": null, "grass": null, "port": null, "railway": null }, "geometry": { "type": "Polygon", "coordinates": [ [ [ 72.5051302, 23.0406333 ], [ 72.507185, 23.0404356 ], [ 72.5088708, 23.0398813 ], [ 72.5094546, 23.0411705 ], [ 72.5061529, 23.0426187 ], [ 72.5051302, 23.0406333 ] ] ] } },
{ "type": "Feature", "properties": { "tags": { "visible": false }, "visible": null, "lon": null, "lat": null, "version": 2, "timestamp": 1777360356, "id": 1306345446, "changeset": null, "depot": null, "industrial": null, "landuse": "commercial", "military": null, "residential": null, "osm_type": "way", "basin": null, "construction": null, "farmyard": null, "grass": null, "port": null, "railway": null }, "geometry": { "type": "Polygon", "coordinates": [ [ [ 72.5071775, 23.0448028 ], [ 72.507967, 23.0444553 ], [ 72.5087342, 23.0463537 ], [ 72.5080332, 23.0465393 ], [ 72.5075861, 23.0455881 ], [ 72.5075312, 23.0454696 ], [ 72.5071775, 23.0448028 ] ] ] } },
{ "type": "Feature", "properties": { "tags": { "visible": false, "area": "yes" }, "visible": null, "lon": null, "lat": null, "version": 1, "timestamp": 1723125099, "id": 1306367268, "changeset": null, "depot": null, "industrial": null, "landuse": "commercial", "military": null, "residential": null, "osm_type": "way", "basin": null, "construction": null, "farmyard": null, "grass": null, "port": null, "railway": null }, "geometry": { "type": "Polygon", "coordinates": [ [ [ 72.583047, 23.0282051 ], [ 72.5826361, 23.028102 ], [ 72.5825637, 23.0275282 ], [ 72.5824189, 23.0273563 ], [ 72.5826477, 23.0272854 ], [ 72.5827178, 23.027554 ], [ 72.5831007, 23.0275218 ], [ 72.583047, 23.0282051 ] ] ] } },
{ "type": "Feature", "properties": { "tags": { "visible": false, "area": "yes" }, "visible": null, "lon": null, "lat": null, "version": 1, "timestamp": 1723125099, "id": 1306367273, "changeset": null, "depot": null, "industrial": null, "landuse": "commercial", "military": null, "residential": null, "osm_type": "way", "basin": null, "construction": null, "farmyard": null, "grass": null, "port": null, "railway": null }, "geometry": { "type": "Polygon", "coordinates": [ [ [ 72.5832168, 23.0264994 ], [ 72.5842932, 23.0264801 ], [ 72.5847882, 23.0265789 ], [ 72.5847205, 23.0269615 ], [ 72.5840644, 23.0269636 ], [ 72.5840503, 23.0267208 ], [ 72.5832027, 23.0268454 ], [ 72.5832168, 23.0264994 ] ] ] } },
{ "type": "Feature", "properties": { "tags": { "visible": false, "area": "yes" }, "visible": null, "lon": null, "lat": null, "version": 1, "timestamp": 1723191786, "id": 1306515143, "changeset": null, "depot": null, "industrial": null, "landuse": "commercial", "military": null, "residential": null, "osm_type": "way", "basin": null, "construction": null, "farmyard": null, "grass": null, "port": null, "railway": null }, "geometry": { "type": "Polygon", "coordinates": [ [ [ 72.595358, 23.0154932 ], [ 72.5960339, 23.0142539 ], [ 72.5974501, 23.0142885 ], [ 72.5982655, 23.0141009 ], [ 72.5985552, 23.0153155 ], [ 72.5956209, 23.0157352 ], [ 72.595358, 23.0154932 ] ] ] } },
{ "type": "Feature", "properties": { "tags": { "visible": false, "area": "yes" }, "visible": null, "lon": null, "lat": null, "version": 1, "timestamp": 1723191786, "id": 1306515150, "changeset": null, "depot": null, "industrial": null, "landuse": "commercial", "military": null, "residential": null, "osm_type": "way", "basin": null, "construction": null, "farmyard": null, "grass": null, "port": null, "railway": null }, "geometry": { "type": "Polygon", "coordinates": [ [ [ 72.6003736, 23.0156338 ], [ 72.600503, 23.0150836 ], [ 72.6025057, 23.0153218 ], [ 72.6028076, 23.0167908 ], [ 72.6022161, 23.0168078 ], [ 72.6020743, 23.0164278 ], [ 72.6012424, 23.0163087 ], [ 72.6003736, 23.0156338 ] ] ] } },
{ "type": "Feature", "properties": { "tags": { "visible": false }, "visible": null, "lon": null, "lat": null, "version": 1, "timestamp": 1723543298, "id": 1307451873, "changeset": null, "depot": null, "industrial": null, "landuse": "commercial", "military": null, "residential": null, "osm_type": "way", "basin": null, "construction": null, "farmyard": null, "grass": null, "port": null, "railway": null }, "geometry": { "type": "Polygon", "coordinates": [ [ [ 72.5280087, 23.0398184 ], [ 72.5287645, 23.0396702 ], [ 72.5299449, 23.0395186 ], [ 72.5299963, 23.0395838 ], [ 72.5300086, 23.0397531 ], [ 72.5299768, 23.0398916 ], [ 72.5298689, 23.0402075 ], [ 72.529791, 23.0403882 ], [ 72.5294227, 23.0407829 ], [ 72.5292993, 23.0406054 ], [ 72.5282719, 23.0403924 ], [ 72.5282608, 23.0404323 ], [ 72.527921, 23.0403346 ], [ 72.5280087, 23.0398184 ] ] ] } },
{ "type": "Feature", "properties": { "tags": { "visible": false }, "visible": null, "lon": null, "lat": null, "version": 1, "timestamp": 1723543298, "id": 1307451874, "changeset": null, "depot": null, "industrial": null, "landuse": "commercial", "military": null, "residential": null, "osm_type": "way", "basin": null, "construction": null, "farmyard": null, "grass": null, "port": null, "railway": null }, "geometry": { "type": "Polygon", "coordinates": [ [ [ 72.5301814, 23.0387047 ], [ 72.5321397, 23.0389733 ], [ 72.5323569, 23.0389605 ], [ 72.5323939, 23.0391633 ], [ 72.5322842, 23.0403969 ], [ 72.5298208, 23.040389 ], [ 72.5299051, 23.0402116 ], [ 72.5300057, 23.0399142 ], [ 72.5300419, 23.0397685 ], [ 72.5300285, 23.0395896 ], [ 72.5300406, 23.0394501 ], [ 72.5301036, 23.0392564 ], [ 72.5301814, 23.0387047 ] ] ] } },
{ "type": "Feature", "properties": { "tags": { "visible": false, "area": "yes" }, "visible": null, "lon": null, "lat": null, "version": 3, "timestamp": 1773382886, "id": 1307480599, "changeset": null, "depot": null, "industrial": null, "landuse": "commercial", "military": null, "residential": null, "osm_type": "way", "basin": null, "construction": null, "farmyard": null, "grass": null, "port": null, "railway": null }, "geometry": { "type": "Polygon", "coordinates": [ [ [ 72.5933346, 23.0396993 ], [ 72.5931592, 23.0380484 ], [ 72.59336, 23.0379539 ], [ 72.5937133, 23.0381433 ], [ 72.5941546, 23.0386566 ], [ 72.5945414, 23.0390686 ], [ 72.5948591, 23.0394838 ], [ 72.5933346, 23.0396993 ] ] ] } },
{ "type": "Feature", "properties": { "tags": { "visible": false, "area": "yes" }, "visible": null, "lon": null, "lat": null, "version": 1, "timestamp": 1723552772, "id": 1307480602, "changeset": null, "depot": null, "industrial": null, "landuse": "commercial", "military": null, "residential": null, "osm_type": "way", "basin": null, "construction": null, "farmyard": null, "grass": null, "port": null, "railway": null }, "geometry": { "type": "Polygon", "coordinates": [ [ [ 72.5967748, 23.0397904 ], [ 72.5969948, 23.0381613 ], [ 72.5988455, 23.0381613 ], [ 72.5987436, 23.0388228 ], [ 72.5983305, 23.0387241 ], [ 72.5982393, 23.039272 ], [ 72.5967748, 23.0397904 ] ] ] } },
{ "type": "Feature", "properties": { "tags": { "visible": false }, "visible": null, "lon": null, "lat": null, "version": 1, "timestamp": 1724053612, "id": 1308750012, "changeset": null, "depot": null, "industrial": null, "landuse": "commercial", "military": null, "residential": null, "osm_type": "way", "basin": null, "construction": null, "farmyard": null, "grass": null, "port": null, "railway": null }, "geometry": { "type": "Polygon", "coordinates": [ [ [ 72.6173613, 23.0109777 ], [ 72.6173002, 23.0108392 ], [ 72.6194143, 23.0107869 ], [ 72.6197152, 23.0118571 ], [ 72.6191175, 23.0119918 ], [ 72.618089, 23.0121789 ], [ 72.617654, 23.0111985 ], [ 72.6173613, 23.0109777 ] ] ] } },
{ "type": "Feature", "properties": { "tags": { "visible": false }, "visible": null, "lon": null, "lat": null, "version": 1, "timestamp": 1724054982, "id": 1308753259, "changeset": null, "depot": null, "industrial": null, "landuse": "commercial", "military": null, "residential": null, "osm_type": "way", "basin": null, "construction": null, "farmyard": null, "grass": null, "port": null, "railway": null }, "geometry": { "type": "Polygon", "coordinates": [ [ [ 72.6218147, 23.0099846 ], [ 72.6225013, 23.0097044 ], [ 72.6226571, 23.0101474 ], [ 72.6226199, 23.010527 ], [ 72.6225828, 23.010527 ], [ 72.6225721, 23.010755 ], [ 72.6223846, 23.0107778 ], [ 72.6221209, 23.0107012 ], [ 72.6218887, 23.0106017 ], [ 72.6218147, 23.0099846 ] ] ] } },
{ "type": "Feature", "properties": { "tags": { "visible": false }, "visible": null, "lon": null, "lat": null, "version": 1, "timestamp": 1724070018, "id": 1308805070, "changeset": null, "depot": null, "industrial": null, "landuse": "commercial", "military": null, "residential": null, "osm_type": "way", "basin": null, "construction": null, "farmyard": null, "grass": null, "port": null, "railway": null }, "geometry": { "type": "Polygon", "coordinates": [ [ [ 72.6227671, 23.0271299 ], [ 72.6248078, 23.0271037 ], [ 72.6247976, 23.0284308 ], [ 72.6227484, 23.0284703 ], [ 72.6227671, 23.0271299 ] ] ] } },
{ "type": "Feature", "properties": { "tags": { "visible": false }, "visible": null, "lon": null, "lat": null, "version": 1, "timestamp": 1730475105, "id": 1329930752, "changeset": null, "depot": null, "industrial": null, "landuse": "commercial", "military": null, "residential": null, "osm_type": "way", "basin": null, "construction": null, "farmyard": null, "grass": null, "port": null, "railway": null }, "geometry": { "type": "Polygon", "coordinates": [ [ [ 72.6049574, 23.1093763 ], [ 72.6057892, 23.1108655 ], [ 72.6053963, 23.1112204 ], [ 72.6048283, 23.1107484 ], [ 72.6049344, 23.1106198 ], [ 72.6046832, 23.1104293 ], [ 72.6048601, 23.1102357 ], [ 72.6046407, 23.1100615 ], [ 72.6048106, 23.109902 ], [ 72.6046354, 23.109762 ], [ 72.6049574, 23.1093763 ] ] ] } },
{ "type": "Feature", "properties": { "tags": { "visible": false }, "visible": null, "lon": null, "lat": null, "version": 1, "timestamp": 1731062854, "id": 1331914853, "changeset": null, "depot": null, "industrial": null, "landuse": "commercial", "military": null, "residential": null, "osm_type": "way", "basin": null, "construction": null, "farmyard": null, "grass": null, "port": null, "railway": null }, "geometry": { "type": "Polygon", "coordinates": [ [ [ 72.6491167, 23.1584042 ], [ 72.6495722, 23.1583342 ], [ 72.6495762, 23.159841 ], [ 72.6490797, 23.1598489 ], [ 72.6491167, 23.1584042 ] ] ] } },
{ "type": "Feature", "properties": { "tags": { "visible": false }, "visible": null, "lon": null, "lat": null, "version": 1, "timestamp": 1732261239, "id": 1336760651, "changeset": null, "depot": null, "industrial": null, "landuse": "commercial", "military": null, "residential": null, "osm_type": "way", "basin": null, "construction": null, "farmyard": null, "grass": null, "port": null, "railway": null }, "geometry": { "type": "Polygon", "coordinates": [ [ [ 72.6241554, 23.1839197 ], [ 72.6246114, 23.1839296 ], [ 72.6243029, 23.1848862 ], [ 72.6240588, 23.1848788 ], [ 72.6240669, 23.1845805 ], [ 72.6242493, 23.1840923 ], [ 72.6241473, 23.1840849 ], [ 72.6241554, 23.1839197 ] ] ] } },
{ "type": "Feature", "properties": { "tags": { "visible": false }, "visible": null, "lon": null, "lat": null, "version": 2, "timestamp": 1778157131, "id": 1336760674, "changeset": null, "depot": null, "industrial": null, "landuse": "commercial", "military": null, "residential": null, "osm_type": "way", "basin": null, "construction": null, "farmyard": null, "grass": null, "port": null, "railway": null }, "geometry": { "type": "Polygon", "coordinates": [ [ [ 72.6271887, 23.1814684 ], [ 72.62896, 23.181631 ], [ 72.6290352, 23.1821264 ], [ 72.6290521, 23.1822378 ], [ 72.6285048, 23.1822017 ], [ 72.6277691, 23.1821532 ], [ 72.6278806, 23.1817937 ], [ 72.6271197, 23.1816815 ], [ 72.6271887, 23.1814684 ] ] ] } },
{ "type": "Feature", "properties": { "tags": { "visible": false }, "visible": null, "lon": null, "lat": null, "version": 1, "timestamp": 1732261664, "id": 1336761570, "changeset": null, "depot": null, "industrial": null, "landuse": "commercial", "military": null, "residential": null, "osm_type": "way", "basin": null, "construction": null, "farmyard": null, "grass": null, "port": null, "railway": null }, "geometry": { "type": "Polygon", "coordinates": [ [ [ 72.6284625, 23.1792389 ], [ 72.6286247, 23.1792196 ], [ 72.6288669, 23.1809406 ], [ 72.6286366, 23.180968 ], [ 72.6286082, 23.1807662 ], [ 72.6284278, 23.1807877 ], [ 72.628337, 23.1801444 ], [ 72.6286032, 23.1801126 ], [ 72.6285524, 23.1797525 ], [ 72.6286058, 23.1797461 ], [ 72.6285511, 23.1793583 ], [ 72.6284805, 23.1793667 ], [ 72.6284625, 23.1792389 ] ] ] } },
{ "type": "Feature", "properties": { "tags": { "visible": false }, "visible": null, "lon": null, "lat": null, "version": 1, "timestamp": 1732264058, "id": 1336770126, "changeset": null, "depot": null, "industrial": null, "landuse": "commercial", "military": null, "residential": null, "osm_type": "way", "basin": null, "construction": null, "farmyard": null, "grass": null, "port": null, "railway": null }, "geometry": { "type": "Polygon", "coordinates": [ [ [ 72.62956, 23.1837329 ], [ 72.6308022, 23.1841461 ], [ 72.6321931, 23.1846114 ], [ 72.6338353, 23.1851482 ], [ 72.6338282, 23.1852165 ], [ 72.6297546, 23.1850798 ], [ 72.62956, 23.1837329 ] ] ] } },
{ "type": "Feature", "properties": { "tags": { "visible": false }, "visible": null, "lon": null, "lat": null, "version": 1, "timestamp": 1732276200, "id": 1336811658, "changeset": null, "depot": null, "industrial": null, "landuse": "commercial", "military": null, "residential": null, "osm_type": "way", "basin": null, "construction": null, "farmyard": null, "grass": null, "port": null, "railway": null }, "geometry": { "type": "Polygon", "coordinates": [ [ [ 72.6280363, 23.1755313 ], [ 72.6284519, 23.1756558 ], [ 72.6286154, 23.1791289 ], [ 72.6268781, 23.1790388 ], [ 72.6270976, 23.1783605 ], [ 72.6280129, 23.1785322 ], [ 72.628139, 23.177738 ], [ 72.6283071, 23.1777466 ], [ 72.6283165, 23.1769481 ], [ 72.62763, 23.1768493 ], [ 72.6280363, 23.1755313 ] ] ] } },
{ "type": "Feature", "properties": { "tags": { "visible": false }, "visible": null, "lon": null, "lat": null, "version": 1, "timestamp": 1732350803, "id": 1337080361, "changeset": null, "depot": null, "industrial": null, "landuse": "commercial", "military": null, "residential": null, "osm_type": "way", "basin": null, "construction": null, "farmyard": null, "grass": null, "port": null, "railway": null }, "geometry": { "type": "Polygon", "coordinates": [ [ [ 72.6350581, 23.1655769 ], [ 72.6357328, 23.1655038 ], [ 72.6358118, 23.1661206 ], [ 72.6351371, 23.1661937 ], [ 72.6350581, 23.1655769 ] ] ] } },
{ "type": "Feature", "properties": { "tags": { "visible": false }, "visible": null, "lon": null, "lat": null, "version": 1, "timestamp": 1732610816, "id": 1337941460, "changeset": null, "depot": null, "industrial": null, "landuse": "commercial", "military": null, "residential": null, "osm_type": "way", "basin": null, "construction": null, "farmyard": null, "grass": null, "port": null, "railway": null }, "geometry": { "type": "Polygon", "coordinates": [ [ [ 72.6305626, 23.1499364 ], [ 72.6308429, 23.1498474 ], [ 72.6308137, 23.1497695 ], [ 72.6309144, 23.1497376 ], [ 72.6310433, 23.1500819 ], [ 72.6315357, 23.149926 ], [ 72.6314575, 23.149717 ], [ 72.631724, 23.1496327 ], [ 72.6320592, 23.1505289 ], [ 72.6316899, 23.1506457 ], [ 72.6317896, 23.1509124 ], [ 72.6315383, 23.1509918 ], [ 72.631481, 23.1508385 ], [ 72.6309734, 23.1509989 ], [ 72.6306283, 23.1508318 ], [ 72.630452, 23.1503625 ], [ 72.6306938, 23.1502857 ], [ 72.6305626, 23.1499364 ] ] ] } },
{ "type": "Feature", "properties": { "tags": { "visible": false }, "visible": null, "lon": null, "lat": null, "version": 1, "timestamp": 1732610816, "id": 1337941468, "changeset": null, "depot": null, "industrial": null, "landuse": "commercial", "military": null, "residential": null, "osm_type": "way", "basin": null, "construction": null, "farmyard": null, "grass": null, "port": null, "railway": null }, "geometry": { "type": "Polygon", "coordinates": [ [ [ 72.6331924, 23.143583 ], [ 72.6334202, 23.1435658 ], [ 72.6334901, 23.1443488 ], [ 72.6332621, 23.144366 ], [ 72.6331924, 23.143583 ] ] ] } },
{ "type": "Feature", "properties": { "tags": { "visible": false }, "visible": null, "lon": null, "lat": null, "version": 1, "timestamp": 1732619094, "id": 1337966480, "changeset": null, "depot": null, "industrial": null, "landuse": "commercial", "military": null, "residential": null, "osm_type": "way", "basin": null, "construction": null, "farmyard": null, "grass": null, "port": null, "railway": null }, "geometry": { "type": "Polygon", "coordinates": [ [ [ 72.6080208, 23.122198 ], [ 72.6092128, 23.1216987 ], [ 72.6095194, 23.1223178 ], [ 72.6083273, 23.1228169 ], [ 72.6080208, 23.122198 ] ] ] } },
{ "type": "Feature", "properties": { "tags": { "visible": false }, "visible": null, "lon": null, "lat": null, "version": 1, "timestamp": 1732619094, "id": 1337966481, "changeset": null, "depot": null, "industrial": null, "landuse": "commercial", "military": null, "residential": null, "osm_type": "way", "basin": null, "construction": null, "farmyard": null, "grass": null, "port": null, "railway": null }, "geometry": { "type": "Polygon", "coordinates": [ [ [ 72.6035835, 23.1240702 ], [ 72.6043586, 23.1237317 ], [ 72.6045321, 23.1240702 ], [ 72.6037853, 23.1243957 ], [ 72.6035835, 23.1240702 ] ] ] } },
{ "type": "Feature", "properties": { "tags": { "visible": false }, "visible": null, "lon": null, "lat": null, "version": 1, "timestamp": 1732619094, "id": 1337966545, "changeset": null, "depot": null, "industrial": null, "landuse": "commercial", "military": null, "residential": null, "osm_type": "way", "basin": null, "construction": null, "farmyard": null, "grass": null, "port": null, "railway": null }, "geometry": { "type": "Polygon", "coordinates": [ [ [ 72.6005831, 23.1162326 ], [ 72.6015379, 23.1164427 ], [ 72.6013903, 23.1170098 ], [ 72.6004356, 23.1167996 ], [ 72.6005831, 23.1162326 ] ] ] } },
{ "type": "Feature", "properties": { "tags": { "visible": false }, "visible": null, "lon": null, "lat": null, "version": 1, "timestamp": 1732619094, "id": 1337966546, "changeset": null, "depot": null, "industrial": null, "landuse": "commercial", "military": null, "residential": null, "osm_type": "way", "basin": null, "construction": null, "farmyard": null, "grass": null, "port": null, "railway": null }, "geometry": { "type": "Polygon", "coordinates": [ [ [ 72.6018336, 23.1165639 ], [ 72.6021805, 23.1166429 ], [ 72.6019311, 23.1175683 ], [ 72.601607, 23.1174944 ], [ 72.6016663, 23.1172742 ], [ 72.6015305, 23.1172432 ], [ 72.6015819, 23.1170521 ], [ 72.6016952, 23.1170779 ], [ 72.6018336, 23.1165639 ] ] ] } },
{ "type": "Feature", "properties": { "tags": { "visible": false, "description": "High end car workshop", "name": "Shital Mahindra", "phone": "+91 9099 183 000" }, "visible": null, "lon": null, "lat": null, "version": 1, "timestamp": 1747926481, "id": 1388802977, "changeset": null, "depot": null, "industrial": null, "landuse": "commercial", "military": null, "residential": null, "osm_type": "way", "basin": null, "construction": null, "farmyard": null, "grass": null, "port": null, "railway": null }, "geometry": { "type": "Polygon", "coordinates": [ [ [ 72.4774196, 23.0082093 ], [ 72.4771919, 23.0077117 ], [ 72.4773933, 23.0076404 ], [ 72.4774583, 23.0077644 ], [ 72.477731, 23.0076475 ], [ 72.4780671, 23.0075178 ], [ 72.4783738, 23.0074237 ], [ 72.4785613, 23.0077759 ], [ 72.4780888, 23.0080796 ], [ 72.4778069, 23.0080981 ], [ 72.4775466, 23.0081665 ], [ 72.4774196, 23.0082093 ] ] ] } },
{ "type": "Feature", "properties": { "tags": { "visible": false, "addr:city": "Ahmedabad", "addr:postcode": "380006", "addr:street": "Netaji Subhash Chandra Road", "club": "social", "layer": "1", "name": "Ellisbridge Gymkhana" }, "visible": null, "lon": null, "lat": null, "version": 2, "timestamp": 1755856621, "id": 1408264482, "changeset": null, "depot": null, "industrial": null, "landuse": "commercial", "military": null, "residential": null, "osm_type": "way", "basin": null, "construction": null, "farmyard": null, "grass": null, "port": null, "railway": null }, "geometry": { "type": "Polygon", "coordinates": [ [ [ 72.5600128, 23.0228358 ], [ 72.5606027, 23.0229144 ], [ 72.5605306, 23.0234764 ], [ 72.5599113, 23.023417 ], [ 72.5600128, 23.0228358 ] ] ] } },
{ "type": "Feature", "properties": { "tags": { "visible": false, "club": "social", "name": "Basant Bahar Gymkhana" }, "visible": null, "lon": null, "lat": null, "version": 1, "timestamp": 1756722816, "id": 1426371476, "changeset": null, "depot": null, "industrial": null, "landuse": "commercial", "military": null, "residential": null, "osm_type": "way", "basin": null, "construction": null, "farmyard": null, "grass": null, "port": null, "railway": null }, "geometry": { "type": "Polygon", "coordinates": [ [ [ 72.464463, 23.0308084 ], [ 72.4650665, 23.0300086 ], [ 72.465501, 23.03029 ], [ 72.4656137, 23.0305196 ], [ 72.4651229, 23.0309293 ], [ 72.46497, 23.0310947 ], [ 72.464463, 23.0308084 ] ] ] } },
{ "type": "Feature", "properties": { "tags": { "visible": false, "name": "Inspire Business Park" }, "visible": null, "lon": null, "lat": null, "version": 1, "timestamp": 1784279317, "id": 1539982401, "changeset": null, "depot": null, "industrial": null, "landuse": "commercial", "military": null, "residential": null, "osm_type": "way", "basin": null, "construction": null, "farmyard": null, "grass": null, "port": null, "railway": null }, "geometry": { "type": "Polygon", "coordinates": [ [ [ 72.5453639, 23.1507481 ], [ 72.5452083, 23.1507481 ], [ 72.5455195, 23.1500329 ], [ 72.5456375, 23.1494607 ], [ 72.5467586, 23.1494164 ], [ 72.5468874, 23.1508122 ], [ 72.5453639, 23.1507481 ] ] ] } },
{ "type": "Feature", "properties": { "tags": { "visible": false, "name": "supermart" }, "visible": null, "lon": null, "lat": null, "version": 2, "timestamp": 1785319554, "id": 1544387720, "changeset": null, "depot": null, "industrial": null, "landuse": "commercial", "military": null, "residential": null, "osm_type": "way", "basin": null, "construction": null, "farmyard": null, "grass": null, "port": null, "railway": null }, "geometry": { "type": "Polygon", "coordinates": [ [ [ 72.6714279, 23.0578569 ], [ 72.6712841, 23.0570317 ], [ 72.6722475, 23.0568559 ], [ 72.6725458, 23.0577997 ], [ 72.6722541, 23.0578382 ], [ 72.6714177, 23.0578924 ], [ 72.6714279, 23.0578569 ] ] ] } }
]
}
