{
"type": "FeatureCollection",
"name": "grass_polygon",
"crs": { "type": "name", "properties": { "name": "urn:ogc:def:crs:OGC:1.3:CRS84" } },
"features": [
{ "type": "Feature", "properties": { "tags": { "visible": false, "name": "Eames Plaza" }, "visible": null, "lon": null, "lat": null, "version": 3, "timestamp": 1324821505, "id": 49406375, "changeset": null, "depot": null, "industrial": null, "landuse": "grass", "military": null, "residential": null, "osm_type": "way", "basin": null, "construction": null, "farmyard": null, "grass": null, "port": null, "railway": null }, "geometry": { "type": "Polygon", "coordinates": [ [ [ 72.570171, 23.011211 ], [ 72.570175, 23.011139 ], [ 72.570099, 23.0110749 ], [ 72.5699549, 23.0110309 ], [ 72.5698109, 23.0106768 ], [ 72.5699969, 23.0106048 ], [ 72.570255, 23.0106028 ], [ 72.5704071, 23.0109189 ], [ 72.5705292, 23.0110349 ], [ 72.570171, 23.011211 ] ] ] } },
{ "type": "Feature", "properties": { "tags": { "visible": false, "name": "Empty Lot" }, "visible": null, "lon": null, "lat": null, "version": 2, "timestamp": 1616406185, "id": 317667687, "changeset": null, "depot": null, "industrial": null, "landuse": "grass", "military": null, "residential": null, "osm_type": "way", "basin": null, "construction": null, "farmyard": null, "grass": null, "port": null, "railway": null }, "geometry": { "type": "Polygon", "coordinates": [ [ [ 72.5570209, 23.021241 ], [ 72.5571664, 23.020875 ], [ 72.5582397, 23.0211214 ], [ 72.5581565, 23.021583 ], [ 72.5579715, 23.0215273 ], [ 72.5570209, 23.021241 ] ] ] } },
{ "type": "Feature", "properties": { "tags": { "visible": false }, "visible": null, "lon": null, "lat": null, "version": 1, "timestamp": 1423656626, "id": 327569077, "changeset": null, "depot": null, "industrial": null, "landuse": "grass", "military": null, "residential": null, "osm_type": "way", "basin": null, "construction": null, "farmyard": null, "grass": null, "port": null, "railway": null }, "geometry": { "type": "Polygon", "coordinates": [ [ [ 72.6203159, 23.0178569 ], [ 72.621222, 23.017885 ], [ 72.621321, 23.0173664 ], [ 72.6217626, 23.0173244 ], [ 72.6223869, 23.0173349 ], [ 72.6233425, 23.0174645 ], [ 72.6233577, 23.0176642 ], [ 72.6232549, 23.0179165 ], [ 72.6244389, 23.0181793 ], [ 72.6244808, 23.0182354 ], [ 72.6244503, 23.0184351 ], [ 72.6241914, 23.0190903 ], [ 72.6238945, 23.0195668 ], [ 72.6236013, 23.0199803 ], [ 72.6232587, 23.0205724 ], [ 72.6231369, 23.0208247 ], [ 72.6230493, 23.0208668 ], [ 72.6209631, 23.0202431 ], [ 72.6206776, 23.0201064 ], [ 72.6203882, 23.0199803 ], [ 72.6202778, 23.0198822 ], [ 72.6201065, 23.0188345 ], [ 72.6200989, 23.0186208 ], [ 72.6200875, 23.0184771 ], [ 72.6201027, 23.0182809 ], [ 72.6201294, 23.0180707 ], [ 72.6201674, 23.017927 ], [ 72.620175, 23.0178429 ], [ 72.6203159, 23.0178569 ] ] ] } },
{ "type": "Feature", "properties": { "tags": { "visible": false }, "visible": null, "lon": null, "lat": null, "version": 1, "timestamp": 1426853909, "id": 333821249, "changeset": null, "depot": null, "industrial": null, "landuse": "grass", "military": null, "residential": null, "osm_type": "way", "basin": null, "construction": null, "farmyard": null, "grass": null, "port": null, "railway": null }, "geometry": { "type": "Polygon", "coordinates": [ [ [ 72.5794931, 23.0275302 ], [ 72.5795693, 23.0273965 ], [ 72.5798563, 23.0273899 ], [ 72.5794931, 23.0275302 ] ] ] } },
{ "type": "Feature", "properties": { "tags": { "visible": false }, "visible": null, "lon": null, "lat": null, "version": 1, "timestamp": 1438086033, "id": 362762678, "changeset": null, "depot": null, "industrial": null, "landuse": "grass", "military": null, "residential": null, "osm_type": "way", "basin": null, "construction": null, "farmyard": null, "grass": null, "port": null, "railway": null }, "geometry": { "type": "Polygon", "coordinates": [ [ [ 72.5584895, 23.0299808 ], [ 72.5584735, 23.0299922 ], [ 72.5584477, 23.0299983 ], [ 72.5584277, 23.0299955 ], [ 72.5584141, 23.0299893 ], [ 72.5583994, 23.0299764 ], [ 72.5583933, 23.0299668 ], [ 72.5583882, 23.0299488 ], [ 72.5583907, 23.0299287 ], [ 72.5584003, 23.0299118 ], [ 72.5584153, 23.0298992 ], [ 72.5584366, 23.0298917 ], [ 72.5584569, 23.0298918 ], [ 72.5584738, 23.0298972 ], [ 72.5584898, 23.0299087 ], [ 72.5584987, 23.0299207 ], [ 72.5585047, 23.0299455 ], [ 72.5585009, 23.0299638 ], [ 72.5584895, 23.0299808 ] ] ] } },
{ "type": "Feature", "properties": { "tags": { "visible": false }, "visible": null, "lon": null, "lat": null, "version": 2, "timestamp": 1713425075, "id": 366292039, "changeset": null, "depot": null, "industrial": null, "landuse": "grass", "military": null, "residential": null, "osm_type": "way", "basin": null, "construction": null, "farmyard": null, "grass": null, "port": null, "railway": null }, "geometry": { "type": "Polygon", "coordinates": [ [ [ 72.4905618, 23.0475097 ], [ 72.4905, 23.0470547 ], [ 72.4906758, 23.0470415 ], [ 72.4906774, 23.0470666 ], [ 72.4907304, 23.0470637 ], [ 72.4907293, 23.047046 ], [ 72.490848, 23.0470395 ], [ 72.4909639, 23.047233 ], [ 72.4910066, 23.0472055 ], [ 72.4910835, 23.0473247 ], [ 72.4909469, 23.0473208 ], [ 72.4909462, 23.0474872 ], [ 72.4905618, 23.0475097 ] ] ] } },
{ "type": "Feature", "properties": { "tags": { "visible": false }, "visible": null, "lon": null, "lat": null, "version": 3, "timestamp": 1713425075, "id": 366306615, "changeset": null, "depot": null, "industrial": null, "landuse": "grass", "military": null, "residential": null, "osm_type": "way", "basin": null, "construction": null, "farmyard": null, "grass": null, "port": null, "railway": null }, "geometry": { "type": "Polygon", "coordinates": [ [ [ 72.482015, 23.0410191 ], [ 72.4819759, 23.0407952 ], [ 72.4820191, 23.0407888 ], [ 72.4820583, 23.0410127 ], [ 72.482015, 23.0410191 ] ] ] } },
{ "type": "Feature", "properties": { "tags": { "visible": false }, "visible": null, "lon": null, "lat": null, "version": 2, "timestamp": 1734449794, "id": 366641330, "changeset": null, "depot": null, "industrial": null, "landuse": "grass", "military": null, "residential": null, "osm_type": "way", "basin": null, "construction": null, "farmyard": null, "grass": null, "port": null, "railway": null }, "geometry": { "type": "Polygon", "coordinates": [ [ [ 72.4838936, 23.0332245 ], [ 72.4838773, 23.0331787 ], [ 72.4839086, 23.0331393 ], [ 72.4839053, 23.0330901 ], [ 72.48386, 23.0330484 ], [ 72.4837526, 23.0330196 ], [ 72.4837391, 23.0330839 ], [ 72.4836956, 23.0331196 ], [ 72.4836611, 23.0330765 ], [ 72.4836348, 23.0330288 ], [ 72.4836174, 23.0329778 ], [ 72.4836093, 23.0329249 ], [ 72.4836109, 23.0328714 ], [ 72.4836219, 23.0328189 ], [ 72.4836422, 23.0327688 ], [ 72.4836712, 23.0327224 ], [ 72.4837081, 23.0326811 ], [ 72.4837519, 23.0326459 ], [ 72.4838014, 23.0326179 ], [ 72.4838552, 23.0325977 ], [ 72.4839119, 23.0325859 ], [ 72.4839699, 23.0325829 ], [ 72.4840277, 23.0325887 ], [ 72.4840836, 23.0326032 ], [ 72.4841362, 23.032626 ], [ 72.484184, 23.0326564 ], [ 72.4842257, 23.0326936 ], [ 72.4842602, 23.0327367 ], [ 72.4842865, 23.0327844 ], [ 72.4843039, 23.0328354 ], [ 72.484312, 23.0328883 ], [ 72.4843104, 23.0329418 ], [ 72.4842994, 23.0329943 ], [ 72.4842791, 23.0330444 ], [ 72.4842501, 23.0330908 ], [ 72.4842132, 23.0331321 ], [ 72.4841694, 23.0331673 ], [ 72.4841199, 23.0331953 ], [ 72.4840661, 23.0332155 ], [ 72.4840094, 23.0332273 ], [ 72.4839514, 23.0332303 ], [ 72.4838936, 23.0332245 ] ] ] } },
{ "type": "Feature", "properties": { "tags": { "visible": false }, "visible": null, "lon": null, "lat": null, "version": 2, "timestamp": 1713425075, "id": 366774286, "changeset": null, "depot": null, "industrial": null, "landuse": "grass", "military": null, "residential": null, "osm_type": "way", "basin": null, "construction": null, "farmyard": null, "grass": null, "port": null, "railway": null }, "geometry": { "type": "Polygon", "coordinates": [ [ [ 72.4919773, 23.0431729 ], [ 72.4919635, 23.0430706 ], [ 72.4919867, 23.043068 ], [ 72.4919719, 23.0429586 ], [ 72.4919487, 23.0429613 ], [ 72.4919388, 23.0428878 ], [ 72.4920619, 23.0428737 ], [ 72.4921198, 23.0432121 ], [ 72.4920593, 23.043214 ], [ 72.4920135, 23.0431996 ], [ 72.4919773, 23.0431729 ] ] ] } },
{ "type": "Feature", "properties": { "tags": { "visible": false }, "visible": null, "lon": null, "lat": null, "version": 2, "timestamp": 1713425075, "id": 366774288, "changeset": null, "depot": null, "industrial": null, "landuse": "grass", "military": null, "residential": null, "osm_type": "way", "basin": null, "construction": null, "farmyard": null, "grass": null, "port": null, "railway": null }, "geometry": { "type": "Polygon", "coordinates": [ [ [ 72.4824132, 23.0431058 ], [ 72.4823946, 23.042995 ], [ 72.4825578, 23.0429718 ], [ 72.4825548, 23.0429537 ], [ 72.482604, 23.0429467 ], [ 72.4825984, 23.0429136 ], [ 72.4826677, 23.0429037 ], [ 72.4826775, 23.042962 ], [ 72.4827074, 23.0429577 ], [ 72.4827248, 23.0430614 ], [ 72.4824132, 23.0431058 ] ] ] } },
{ "type": "Feature", "properties": { "tags": { "visible": false }, "visible": null, "lon": null, "lat": null, "version": 2, "timestamp": 1713425075, "id": 366774291, "changeset": null, "depot": null, "industrial": null, "landuse": "grass", "military": null, "residential": null, "osm_type": "way", "basin": null, "construction": null, "farmyard": null, "grass": null, "port": null, "railway": null }, "geometry": { "type": "Polygon", "coordinates": [ [ [ 72.4915601, 23.0448231 ], [ 72.4915768, 23.0447711 ], [ 72.4915258, 23.0447572 ], [ 72.4915334, 23.0447334 ], [ 72.4917491, 23.0447922 ], [ 72.4917097, 23.0449145 ], [ 72.4916002, 23.0448847 ], [ 72.4916059, 23.044867 ], [ 72.491573, 23.0448581 ], [ 72.4915823, 23.0448292 ], [ 72.4915601, 23.0448231 ] ] ] } },
{ "type": "Feature", "properties": { "tags": { "visible": false }, "visible": null, "lon": null, "lat": null, "version": 2, "timestamp": 1713425075, "id": 366774292, "changeset": null, "depot": null, "industrial": null, "landuse": "grass", "military": null, "residential": null, "osm_type": "way", "basin": null, "construction": null, "farmyard": null, "grass": null, "port": null, "railway": null }, "geometry": { "type": "Polygon", "coordinates": [ [ [ 72.4823029, 23.0427528 ], [ 72.4822723, 23.0425504 ], [ 72.4826331, 23.0425041 ], [ 72.4826478, 23.0426005 ], [ 72.482591, 23.0426078 ], [ 72.4825953, 23.0426361 ], [ 72.4824605, 23.0426534 ], [ 72.4824667, 23.042694 ], [ 72.4824337, 23.0426982 ], [ 72.4824393, 23.0427353 ], [ 72.4823029, 23.0427528 ] ] ] } },
{ "type": "Feature", "properties": { "tags": { "visible": false }, "visible": null, "lon": null, "lat": null, "version": 2, "timestamp": 1713425075, "id": 366774294, "changeset": null, "depot": null, "industrial": null, "landuse": "grass", "military": null, "residential": null, "osm_type": "way", "basin": null, "construction": null, "farmyard": null, "grass": null, "port": null, "railway": null }, "geometry": { "type": "Polygon", "coordinates": [ [ [ 72.4856307, 23.0436223 ], [ 72.4856264, 23.0435773 ], [ 72.4856683, 23.0435739 ], [ 72.4856654, 23.0435432 ], [ 72.4857059, 23.0435399 ], [ 72.4857089, 23.0435705 ], [ 72.4858024, 23.0435629 ], [ 72.4858101, 23.0436425 ], [ 72.4857016, 23.0436514 ], [ 72.4856983, 23.0436168 ], [ 72.4856307, 23.0436223 ] ] ] } },
{ "type": "Feature", "properties": { "tags": { "visible": false }, "visible": null, "lon": null, "lat": null, "version": 2, "timestamp": 1713425075, "id": 366774296, "changeset": null, "depot": null, "industrial": null, "landuse": "grass", "military": null, "residential": null, "osm_type": "way", "basin": null, "construction": null, "farmyard": null, "grass": null, "port": null, "railway": null }, "geometry": { "type": "Polygon", "coordinates": [ [ [ 72.4828372, 23.0425129 ], [ 72.4828349, 23.0424879 ], [ 72.482786, 23.0424916 ], [ 72.4827808, 23.0424335 ], [ 72.4828297, 23.0424298 ], [ 72.4828263, 23.0423925 ], [ 72.482939, 23.0423839 ], [ 72.4829442, 23.0424407 ], [ 72.4829214, 23.0424425 ], [ 72.4829098, 23.0424697 ], [ 72.4829132, 23.0425071 ], [ 72.4828372, 23.0425129 ] ] ] } },
{ "type": "Feature", "properties": { "tags": { "visible": false }, "visible": null, "lon": null, "lat": null, "version": 2, "timestamp": 1713425075, "id": 366774299, "changeset": null, "depot": null, "industrial": null, "landuse": "grass", "military": null, "residential": null, "osm_type": "way", "basin": null, "construction": null, "farmyard": null, "grass": null, "port": null, "railway": null }, "geometry": { "type": "Polygon", "coordinates": [ [ [ 72.491658, 23.0445987 ], [ 72.4916707, 23.0445636 ], [ 72.491598, 23.0445412 ], [ 72.491613, 23.0444997 ], [ 72.4917126, 23.0445302 ], [ 72.491749, 23.0444296 ], [ 72.4918519, 23.0444612 ], [ 72.4917672, 23.0446951 ], [ 72.4917092, 23.0446773 ], [ 72.4917231, 23.044639 ], [ 72.4916793, 23.0446255 ], [ 72.4916859, 23.0446073 ], [ 72.491658, 23.0445987 ] ] ] } },
{ "type": "Feature", "properties": { "tags": { "visible": false }, "visible": null, "lon": null, "lat": null, "version": 2, "timestamp": 1713425075, "id": 366774301, "changeset": null, "depot": null, "industrial": null, "landuse": "grass", "military": null, "residential": null, "osm_type": "way", "basin": null, "construction": null, "farmyard": null, "grass": null, "port": null, "railway": null }, "geometry": { "type": "Polygon", "coordinates": [ [ [ 72.4863403, 23.047301 ], [ 72.4862631, 23.0473186 ], [ 72.485926, 23.0473189 ], [ 72.4859497, 23.0472296 ], [ 72.4859937, 23.0471256 ], [ 72.4860441, 23.0470453 ], [ 72.4860889, 23.046977 ], [ 72.4861586, 23.0469298 ], [ 72.4862426, 23.0469106 ], [ 72.4863282, 23.0469226 ], [ 72.4864024, 23.0469637 ], [ 72.4864537, 23.0470279 ], [ 72.4864745, 23.0471052 ], [ 72.4864828, 23.047135 ], [ 72.4865024, 23.0472828 ], [ 72.4863403, 23.047301 ] ] ] } },
{ "type": "Feature", "properties": { "tags": { "visible": false }, "visible": null, "lon": null, "lat": null, "version": 2, "timestamp": 1713425075, "id": 366774308, "changeset": null, "depot": null, "industrial": null, "landuse": "grass", "military": null, "residential": null, "osm_type": "way", "basin": null, "construction": null, "farmyard": null, "grass": null, "port": null, "railway": null }, "geometry": { "type": "Polygon", "coordinates": [ [ [ 72.4866123, 23.0385588 ], [ 72.486599, 23.0384408 ], [ 72.4866979, 23.0384314 ], [ 72.4867112, 23.0385494 ], [ 72.4866123, 23.0385588 ] ] ] } },
{ "type": "Feature", "properties": { "tags": { "visible": false }, "visible": null, "lon": null, "lat": null, "version": 2, "timestamp": 1713425075, "id": 366774310, "changeset": null, "depot": null, "industrial": null, "landuse": "grass", "military": null, "residential": null, "osm_type": "way", "basin": null, "construction": null, "farmyard": null, "grass": null, "port": null, "railway": null }, "geometry": { "type": "Polygon", "coordinates": [ [ [ 72.4868901, 23.0436884 ], [ 72.486877, 23.0434736 ], [ 72.4870146, 23.0434665 ], [ 72.4870277, 23.0436813 ], [ 72.4868901, 23.0436884 ] ] ] } },
{ "type": "Feature", "properties": { "tags": { "visible": false }, "visible": null, "lon": null, "lat": null, "version": 2, "timestamp": 1713425075, "id": 366774311, "changeset": null, "depot": null, "industrial": null, "landuse": "grass", "military": null, "residential": null, "osm_type": "way", "basin": null, "construction": null, "farmyard": null, "grass": null, "port": null, "railway": null }, "geometry": { "type": "Polygon", "coordinates": [ [ [ 72.4900109, 23.0393055 ], [ 72.4899913, 23.0391556 ], [ 72.4900672, 23.0391472 ], [ 72.4900868, 23.0392971 ], [ 72.4900109, 23.0393055 ] ] ] } },
{ "type": "Feature", "properties": { "tags": { "visible": false }, "visible": null, "lon": null, "lat": null, "version": 2, "timestamp": 1713425075, "id": 366774315, "changeset": null, "depot": null, "industrial": null, "landuse": "grass", "military": null, "residential": null, "osm_type": "way", "basin": null, "construction": null, "farmyard": null, "grass": null, "port": null, "railway": null }, "geometry": { "type": "Polygon", "coordinates": [ [ [ 72.4865357, 23.0379387 ], [ 72.4865272, 23.0378375 ], [ 72.4866196, 23.0378309 ], [ 72.4866282, 23.0379321 ], [ 72.4865357, 23.0379387 ] ] ] } },
{ "type": "Feature", "properties": { "tags": { "visible": false }, "visible": null, "lon": null, "lat": null, "version": 2, "timestamp": 1713425075, "id": 366774320, "changeset": null, "depot": null, "industrial": null, "landuse": "grass", "military": null, "residential": null, "osm_type": "way", "basin": null, "construction": null, "farmyard": null, "grass": null, "port": null, "railway": null }, "geometry": { "type": "Polygon", "coordinates": [ [ [ 72.4821482, 23.0465989 ], [ 72.4821326, 23.0464929 ], [ 72.4822169, 23.0464824 ], [ 72.4822325, 23.0465884 ], [ 72.4821482, 23.0465989 ] ] ] } },
{ "type": "Feature", "properties": { "tags": { "visible": false }, "visible": null, "lon": null, "lat": null, "version": 2, "timestamp": 1713425075, "id": 366774323, "changeset": null, "depot": null, "industrial": null, "landuse": "grass", "military": null, "residential": null, "osm_type": "way", "basin": null, "construction": null, "farmyard": null, "grass": null, "port": null, "railway": null }, "geometry": { "type": "Polygon", "coordinates": [ [ [ 72.4820722, 23.0461995 ], [ 72.482055, 23.0460824 ], [ 72.4821482, 23.0460708 ], [ 72.4821654, 23.0461879 ], [ 72.4820722, 23.0461995 ] ] ] } },
{ "type": "Feature", "properties": { "tags": { "visible": false }, "visible": null, "lon": null, "lat": null, "version": 2, "timestamp": 1713425075, "id": 366774325, "changeset": null, "depot": null, "industrial": null, "landuse": "grass", "military": null, "residential": null, "osm_type": "way", "basin": null, "construction": null, "farmyard": null, "grass": null, "port": null, "railway": null }, "geometry": { "type": "Polygon", "coordinates": [ [ [ 72.4820639, 23.0414555 ], [ 72.48204, 23.0413183 ], [ 72.4823788, 23.0412683 ], [ 72.4824027, 23.0414055 ], [ 72.4820639, 23.0414555 ] ] ] } },
{ "type": "Feature", "properties": { "tags": { "visible": false }, "visible": null, "lon": null, "lat": null, "version": 2, "timestamp": 1713425075, "id": 366774327, "changeset": null, "depot": null, "industrial": null, "landuse": "grass", "military": null, "residential": null, "osm_type": "way", "basin": null, "construction": null, "farmyard": null, "grass": null, "port": null, "railway": null }, "geometry": { "type": "Polygon", "coordinates": [ [ [ 72.4939561, 23.0446014 ], [ 72.4939519, 23.0444691 ], [ 72.4943611, 23.0444581 ], [ 72.4943653, 23.0445904 ], [ 72.4939561, 23.0446014 ] ] ] } },
{ "type": "Feature", "properties": { "tags": { "visible": false }, "visible": null, "lon": null, "lat": null, "version": 2, "timestamp": 1713425075, "id": 366774329, "changeset": null, "depot": null, "industrial": null, "landuse": "grass", "military": null, "residential": null, "osm_type": "way", "basin": null, "construction": null, "farmyard": null, "grass": null, "port": null, "railway": null }, "geometry": { "type": "Polygon", "coordinates": [ [ [ 72.4863656, 23.0386965 ], [ 72.4863318, 23.0382949 ], [ 72.4864571, 23.038286 ], [ 72.4864909, 23.0386876 ], [ 72.4863656, 23.0386965 ] ] ] } },
{ "type": "Feature", "properties": { "tags": { "visible": false }, "visible": null, "lon": null, "lat": null, "version": 2, "timestamp": 1713425075, "id": 366774332, "changeset": null, "depot": null, "industrial": null, "landuse": "grass", "military": null, "residential": null, "osm_type": "way", "basin": null, "construction": null, "farmyard": null, "grass": null, "port": null, "railway": null }, "geometry": { "type": "Polygon", "coordinates": [ [ [ 72.4830725, 23.0423026 ], [ 72.4830657, 23.0421457 ], [ 72.4831478, 23.0421426 ], [ 72.4831546, 23.0422995 ], [ 72.4830725, 23.0423026 ] ] ] } },
{ "type": "Feature", "properties": { "tags": { "visible": false }, "visible": null, "lon": null, "lat": null, "version": 2, "timestamp": 1713425075, "id": 366774336, "changeset": null, "depot": null, "industrial": null, "landuse": "grass", "military": null, "residential": null, "osm_type": "way", "basin": null, "construction": null, "farmyard": null, "grass": null, "port": null, "railway": null }, "geometry": { "type": "Polygon", "coordinates": [ [ [ 72.4903832, 23.0375875 ], [ 72.4903628, 23.0374215 ], [ 72.4904528, 23.0374122 ], [ 72.4904731, 23.0375781 ], [ 72.4903832, 23.0375875 ] ] ] } },
{ "type": "Feature", "properties": { "tags": { "visible": false }, "visible": null, "lon": null, "lat": null, "version": 2, "timestamp": 1713425075, "id": 366774338, "changeset": null, "depot": null, "industrial": null, "landuse": "grass", "military": null, "residential": null, "osm_type": "way", "basin": null, "construction": null, "farmyard": null, "grass": null, "port": null, "railway": null }, "geometry": { "type": "Polygon", "coordinates": [ [ [ 72.4866189, 23.0429403 ], [ 72.4866146, 23.0428698 ], [ 72.4867853, 23.0428609 ], [ 72.4867896, 23.0429314 ], [ 72.4866189, 23.0429403 ] ] ] } },
{ "type": "Feature", "properties": { "tags": { "visible": false }, "visible": null, "lon": null, "lat": null, "version": 3, "timestamp": 1713425075, "id": 366774340, "changeset": null, "depot": null, "industrial": null, "landuse": "grass", "military": null, "residential": null, "osm_type": "way", "basin": null, "construction": null, "farmyard": null, "grass": null, "port": null, "railway": null }, "geometry": { "type": "Polygon", "coordinates": [ [ [ 72.4901078, 23.0372596 ], [ 72.4900833, 23.037073 ], [ 72.4902022, 23.0370598 ], [ 72.4902267, 23.0372464 ], [ 72.4901078, 23.0372596 ] ] ] } },
{ "type": "Feature", "properties": { "tags": { "visible": false }, "visible": null, "lon": null, "lat": null, "version": 2, "timestamp": 1713425075, "id": 366774341, "changeset": null, "depot": null, "industrial": null, "landuse": "grass", "military": null, "residential": null, "osm_type": "way", "basin": null, "construction": null, "farmyard": null, "grass": null, "port": null, "railway": null }, "geometry": { "type": "Polygon", "coordinates": [ [ [ 72.4835226, 23.041474 ], [ 72.4835022, 23.0412826 ], [ 72.4835934, 23.0412743 ], [ 72.4836138, 23.0414657 ], [ 72.4835226, 23.041474 ] ] ] } },
{ "type": "Feature", "properties": { "tags": { "visible": false }, "visible": null, "lon": null, "lat": null, "version": 2, "timestamp": 1713425075, "id": 366774345, "changeset": null, "depot": null, "industrial": null, "landuse": "grass", "military": null, "residential": null, "osm_type": "way", "basin": null, "construction": null, "farmyard": null, "grass": null, "port": null, "railway": null }, "geometry": { "type": "Polygon", "coordinates": [ [ [ 72.494955, 23.0440366 ], [ 72.494946, 23.0439108 ], [ 72.4953512, 23.0438864 ], [ 72.4953601, 23.0440122 ], [ 72.494955, 23.0440366 ] ] ] } },
{ "type": "Feature", "properties": { "tags": { "visible": false }, "visible": null, "lon": null, "lat": null, "version": 2, "timestamp": 1713425075, "id": 366774346, "changeset": null, "depot": null, "industrial": null, "landuse": "grass", "military": null, "residential": null, "osm_type": "way", "basin": null, "construction": null, "farmyard": null, "grass": null, "port": null, "railway": null }, "geometry": { "type": "Polygon", "coordinates": [ [ [ 72.4841003, 23.0408117 ], [ 72.484069, 23.0405188 ], [ 72.484242, 23.0405031 ], [ 72.4842733, 23.0407961 ], [ 72.4841003, 23.0408117 ] ] ] } },
{ "type": "Feature", "properties": { "tags": { "visible": false }, "visible": null, "lon": null, "lat": null, "version": 2, "timestamp": 1713425075, "id": 366774347, "changeset": null, "depot": null, "industrial": null, "landuse": "grass", "military": null, "residential": null, "osm_type": "way", "basin": null, "construction": null, "farmyard": null, "grass": null, "port": null, "railway": null }, "geometry": { "type": "Polygon", "coordinates": [ [ [ 72.4869375, 23.0442623 ], [ 72.4869137, 23.0438728 ], [ 72.4870721, 23.0438646 ], [ 72.4870959, 23.0442541 ], [ 72.4869375, 23.0442623 ] ] ] } },
{ "type": "Feature", "properties": { "tags": { "visible": false }, "visible": null, "lon": null, "lat": null, "version": 2, "timestamp": 1713425075, "id": 366774348, "changeset": null, "depot": null, "industrial": null, "landuse": "grass", "military": null, "residential": null, "osm_type": "way", "basin": null, "construction": null, "farmyard": null, "grass": null, "port": null, "railway": null }, "geometry": { "type": "Polygon", "coordinates": [ [ [ 72.4829698, 23.0377185 ], [ 72.4829568, 23.0375627 ], [ 72.4833344, 23.037536 ], [ 72.4833474, 23.0376919 ], [ 72.4829698, 23.0377185 ] ] ] } },
{ "type": "Feature", "properties": { "tags": { "visible": false }, "visible": null, "lon": null, "lat": null, "version": 2, "timestamp": 1713425075, "id": 366774351, "changeset": null, "depot": null, "industrial": null, "landuse": "grass", "military": null, "residential": null, "osm_type": "way", "basin": null, "construction": null, "farmyard": null, "grass": null, "port": null, "railway": null }, "geometry": { "type": "Polygon", "coordinates": [ [ [ 72.4865863, 23.0383662 ], [ 72.4865668, 23.0382504 ], [ 72.4866657, 23.0382363 ], [ 72.4866852, 23.038352 ], [ 72.4865863, 23.0383662 ] ] ] } },
{ "type": "Feature", "properties": { "tags": { "visible": false }, "visible": null, "lon": null, "lat": null, "version": 2, "timestamp": 1713425075, "id": 366774353, "changeset": null, "depot": null, "industrial": null, "landuse": "grass", "military": null, "residential": null, "osm_type": "way", "basin": null, "construction": null, "farmyard": null, "grass": null, "port": null, "railway": null }, "geometry": { "type": "Polygon", "coordinates": [ [ [ 72.4866251, 23.0387667 ], [ 72.4866127, 23.0386528 ], [ 72.4867235, 23.0386426 ], [ 72.4867359, 23.0387565 ], [ 72.4866251, 23.0387667 ] ] ] } },
{ "type": "Feature", "properties": { "tags": { "visible": false }, "visible": null, "lon": null, "lat": null, "version": 2, "timestamp": 1713425075, "id": 366774354, "changeset": null, "depot": null, "industrial": null, "landuse": "grass", "military": null, "residential": null, "osm_type": "way", "basin": null, "construction": null, "farmyard": null, "grass": null, "port": null, "railway": null }, "geometry": { "type": "Polygon", "coordinates": [ [ [ 72.4845391, 23.0386053 ], [ 72.4845286, 23.038495 ], [ 72.4846462, 23.0384855 ], [ 72.4846567, 23.0385958 ], [ 72.4845391, 23.0386053 ] ] ] } },
{ "type": "Feature", "properties": { "tags": { "visible": false }, "visible": null, "lon": null, "lat": null, "version": 2, "timestamp": 1713425075, "id": 366774356, "changeset": null, "depot": null, "industrial": null, "landuse": "grass", "military": null, "residential": null, "osm_type": "way", "basin": null, "construction": null, "farmyard": null, "grass": null, "port": null, "railway": null }, "geometry": { "type": "Polygon", "coordinates": [ [ [ 72.483751, 23.0401719 ], [ 72.4837365, 23.0400259 ], [ 72.4838203, 23.0400189 ], [ 72.4838348, 23.0401648 ], [ 72.483751, 23.0401719 ] ] ] } },
{ "type": "Feature", "properties": { "tags": { "visible": false }, "visible": null, "lon": null, "lat": null, "version": 2, "timestamp": 1713425075, "id": 366774357, "changeset": null, "depot": null, "industrial": null, "landuse": "grass", "military": null, "residential": null, "osm_type": "way", "basin": null, "construction": null, "farmyard": null, "grass": null, "port": null, "railway": null }, "geometry": { "type": "Polygon", "coordinates": [ [ [ 72.4865553, 23.0381583 ], [ 72.4865453, 23.0380447 ], [ 72.4866502, 23.0380369 ], [ 72.4866602, 23.0381505 ], [ 72.4865553, 23.0381583 ] ] ] } },
{ "type": "Feature", "properties": { "tags": { "visible": false }, "visible": null, "lon": null, "lat": null, "version": 2, "timestamp": 1713425075, "id": 366774360, "changeset": null, "depot": null, "industrial": null, "landuse": "grass", "military": null, "residential": null, "osm_type": "way", "basin": null, "construction": null, "farmyard": null, "grass": null, "port": null, "railway": null }, "geometry": { "type": "Polygon", "coordinates": [ [ [ 72.4861423, 23.03863 ], [ 72.4861323, 23.038515 ], [ 72.4862593, 23.0385056 ], [ 72.4862694, 23.0386206 ], [ 72.4861423, 23.03863 ] ] ] } },
{ "type": "Feature", "properties": { "tags": { "visible": false }, "visible": null, "lon": null, "lat": null, "version": 2, "timestamp": 1713425075, "id": 366774361, "changeset": null, "depot": null, "industrial": null, "landuse": "grass", "military": null, "residential": null, "osm_type": "way", "basin": null, "construction": null, "farmyard": null, "grass": null, "port": null, "railway": null }, "geometry": { "type": "Polygon", "coordinates": [ [ [ 72.4820964, 23.0464402 ], [ 72.4820811, 23.0463364 ], [ 72.4821916, 23.0463226 ], [ 72.4822069, 23.0464265 ], [ 72.4820964, 23.0464402 ] ] ] } },
{ "type": "Feature", "properties": { "tags": { "visible": false }, "visible": null, "lon": null, "lat": null, "version": 2, "timestamp": 1713425075, "id": 366774362, "changeset": null, "depot": null, "industrial": null, "landuse": "grass", "military": null, "residential": null, "osm_type": "way", "basin": null, "construction": null, "farmyard": null, "grass": null, "port": null, "railway": null }, "geometry": { "type": "Polygon", "coordinates": [ [ [ 72.4831722, 23.037195 ], [ 72.4831543, 23.0370255 ], [ 72.4832666, 23.0370155 ], [ 72.4832845, 23.0371849 ], [ 72.4831722, 23.037195 ] ] ] } },
{ "type": "Feature", "properties": { "tags": { "visible": false }, "visible": null, "lon": null, "lat": null, "version": 2, "timestamp": 1713425075, "id": 366774363, "changeset": null, "depot": null, "industrial": null, "landuse": "grass", "military": null, "residential": null, "osm_type": "way", "basin": null, "construction": null, "farmyard": null, "grass": null, "port": null, "railway": null }, "geometry": { "type": "Polygon", "coordinates": [ [ [ 72.4861184, 23.039035 ], [ 72.4861084, 23.0389528 ], [ 72.4862294, 23.0389402 ], [ 72.4862395, 23.0390224 ], [ 72.4861184, 23.039035 ] ] ] } },
{ "type": "Feature", "properties": { "tags": { "visible": false }, "visible": null, "lon": null, "lat": null, "version": 2, "timestamp": 1713425075, "id": 366774364, "changeset": null, "depot": null, "industrial": null, "landuse": "grass", "military": null, "residential": null, "osm_type": "way", "basin": null, "construction": null, "farmyard": null, "grass": null, "port": null, "railway": null }, "geometry": { "type": "Polygon", "coordinates": [ [ [ 72.4948046, 23.0467904 ], [ 72.4948017, 23.0466095 ], [ 72.4950464, 23.0466061 ], [ 72.4950493, 23.046787 ], [ 72.4948046, 23.0467904 ] ] ] } },
{ "type": "Feature", "properties": { "tags": { "visible": false }, "visible": null, "lon": null, "lat": null, "version": 2, "timestamp": 1713425075, "id": 366774367, "changeset": null, "depot": null, "industrial": null, "landuse": "grass", "military": null, "residential": null, "osm_type": "way", "basin": null, "construction": null, "farmyard": null, "grass": null, "port": null, "railway": null }, "geometry": { "type": "Polygon", "coordinates": [ [ [ 72.4911254, 23.0441246 ], [ 72.491212, 23.0438111 ], [ 72.4918078, 23.0439504 ], [ 72.4917213, 23.0442639 ], [ 72.4911254, 23.0441246 ] ] ] } },
{ "type": "Feature", "properties": { "tags": { "visible": false }, "visible": null, "lon": null, "lat": null, "version": 2, "timestamp": 1713425075, "id": 366774370, "changeset": null, "depot": null, "industrial": null, "landuse": "grass", "military": null, "residential": null, "osm_type": "way", "basin": null, "construction": null, "farmyard": null, "grass": null, "port": null, "railway": null }, "geometry": { "type": "Polygon", "coordinates": [ [ [ 72.4820469, 23.0460086 ], [ 72.482023, 23.0458456 ], [ 72.4821482, 23.04583 ], [ 72.4821721, 23.0459931 ], [ 72.4820469, 23.0460086 ] ] ] } },
{ "type": "Feature", "properties": { "tags": { "visible": false }, "visible": null, "lon": null, "lat": null, "version": 2, "timestamp": 1713425075, "id": 366774372, "changeset": null, "depot": null, "industrial": null, "landuse": "grass", "military": null, "residential": null, "osm_type": "way", "basin": null, "construction": null, "farmyard": null, "grass": null, "port": null, "railway": null }, "geometry": { "type": "Polygon", "coordinates": [ [ [ 72.4829544, 23.0413135 ], [ 72.4829381, 23.0412181 ], [ 72.483084, 23.041197 ], [ 72.4831003, 23.0412924 ], [ 72.4829544, 23.0413135 ] ] ] } },
{ "type": "Feature", "properties": { "tags": { "visible": false }, "visible": null, "lon": null, "lat": null, "version": 2, "timestamp": 1713425075, "id": 366774378, "changeset": null, "depot": null, "industrial": null, "landuse": "grass", "military": null, "residential": null, "osm_type": "way", "basin": null, "construction": null, "farmyard": null, "grass": null, "port": null, "railway": null }, "geometry": { "type": "Polygon", "coordinates": [ [ [ 72.4852138, 23.0466502 ], [ 72.4852024, 23.0465395 ], [ 72.4854087, 23.0465214 ], [ 72.4854201, 23.0466321 ], [ 72.4852138, 23.0466502 ] ] ] } },
{ "type": "Feature", "properties": { "tags": { "visible": false }, "visible": null, "lon": null, "lat": null, "version": 2, "timestamp": 1713425075, "id": 366774379, "changeset": null, "depot": null, "industrial": null, "landuse": "grass", "military": null, "residential": null, "osm_type": "way", "basin": null, "construction": null, "farmyard": null, "grass": null, "port": null, "railway": null }, "geometry": { "type": "Polygon", "coordinates": [ [ [ 72.4824397, 23.0469788 ], [ 72.4824219, 23.0468715 ], [ 72.4826052, 23.0468456 ], [ 72.482623, 23.0469529 ], [ 72.4824397, 23.0469788 ] ] ] } },
{ "type": "Feature", "properties": { "tags": { "visible": false }, "visible": null, "lon": null, "lat": null, "version": 2, "timestamp": 1713425075, "id": 366774382, "changeset": null, "depot": null, "industrial": null, "landuse": "grass", "military": null, "residential": null, "osm_type": "way", "basin": null, "construction": null, "farmyard": null, "grass": null, "port": null, "railway": null }, "geometry": { "type": "Polygon", "coordinates": [ [ [ 72.4892813, 23.040711 ], [ 72.4892634, 23.0404835 ], [ 72.4894103, 23.0404737 ], [ 72.4894282, 23.0407012 ], [ 72.4892813, 23.040711 ] ] ] } },
{ "type": "Feature", "properties": { "tags": { "visible": false }, "visible": null, "lon": null, "lat": null, "version": 2, "timestamp": 1713425075, "id": 366774387, "changeset": null, "depot": null, "industrial": null, "landuse": "grass", "military": null, "residential": null, "osm_type": "way", "basin": null, "construction": null, "farmyard": null, "grass": null, "port": null, "railway": null }, "geometry": { "type": "Polygon", "coordinates": [ [ [ 72.4832066, 23.0374538 ], [ 72.4831887, 23.0372844 ], [ 72.483301, 23.0372743 ], [ 72.4833189, 23.0374438 ], [ 72.4832066, 23.0374538 ] ] ] } },
{ "type": "Feature", "properties": { "tags": { "visible": false }, "visible": null, "lon": null, "lat": null, "version": 2, "timestamp": 1713425075, "id": 366774389, "changeset": null, "depot": null, "industrial": null, "landuse": "grass", "military": null, "residential": null, "osm_type": "way", "basin": null, "construction": null, "farmyard": null, "grass": null, "port": null, "railway": null }, "geometry": { "type": "Polygon", "coordinates": [ [ [ 72.4829153, 23.0372461 ], [ 72.4828997, 23.0370852 ], [ 72.4830118, 23.037076 ], [ 72.4830275, 23.0372369 ], [ 72.4829153, 23.0372461 ] ] ] } },
{ "type": "Feature", "properties": { "tags": { "visible": false }, "visible": null, "lon": null, "lat": null, "version": 2, "timestamp": 1713425075, "id": 366774390, "changeset": null, "depot": null, "industrial": null, "landuse": "grass", "military": null, "residential": null, "osm_type": "way", "basin": null, "construction": null, "farmyard": null, "grass": null, "port": null, "railway": null }, "geometry": { "type": "Polygon", "coordinates": [ [ [ 72.4832157, 23.0414912 ], [ 72.483199, 23.0413818 ], [ 72.4834411, 23.0413504 ], [ 72.4834578, 23.0414599 ], [ 72.4832157, 23.0414912 ] ] ] } },
{ "type": "Feature", "properties": { "tags": { "visible": false }, "visible": null, "lon": null, "lat": null, "version": 2, "timestamp": 1713425075, "id": 366774392, "changeset": null, "depot": null, "industrial": null, "landuse": "grass", "military": null, "residential": null, "osm_type": "way", "basin": null, "construction": null, "farmyard": null, "grass": null, "port": null, "railway": null }, "geometry": { "type": "Polygon", "coordinates": [ [ [ 72.4909289, 23.0447239 ], [ 72.4909669, 23.0445863 ], [ 72.491152, 23.0446296 ], [ 72.491114, 23.0447672 ], [ 72.4909289, 23.0447239 ] ] ] } },
{ "type": "Feature", "properties": { "tags": { "visible": false }, "visible": null, "lon": null, "lat": null, "version": 2, "timestamp": 1713425075, "id": 366774393, "changeset": null, "depot": null, "industrial": null, "landuse": "grass", "military": null, "residential": null, "osm_type": "way", "basin": null, "construction": null, "farmyard": null, "grass": null, "port": null, "railway": null }, "geometry": { "type": "Polygon", "coordinates": [ [ [ 72.4853933, 23.0436904 ], [ 72.485379, 23.0435683 ], [ 72.4855695, 23.0435495 ], [ 72.4855838, 23.0436716 ], [ 72.4853933, 23.0436904 ] ] ] } },
{ "type": "Feature", "properties": { "tags": { "visible": false }, "visible": null, "lon": null, "lat": null, "version": 2, "timestamp": 1713425075, "id": 366774398, "changeset": null, "depot": null, "industrial": null, "landuse": "grass", "military": null, "residential": null, "osm_type": "way", "basin": null, "construction": null, "farmyard": null, "grass": null, "port": null, "railway": null }, "geometry": { "type": "Polygon", "coordinates": [ [ [ 72.4871901, 23.0440015 ], [ 72.4871731, 23.0437232 ], [ 72.4874779, 23.0437075 ], [ 72.4874949, 23.0439857 ], [ 72.4871901, 23.0440015 ] ] ] } },
{ "type": "Feature", "properties": { "tags": { "visible": false }, "visible": null, "lon": null, "lat": null, "version": 2, "timestamp": 1713425075, "id": 366774403, "changeset": null, "depot": null, "industrial": null, "landuse": "grass", "military": null, "residential": null, "osm_type": "way", "basin": null, "construction": null, "farmyard": null, "grass": null, "port": null, "railway": null }, "geometry": { "type": "Polygon", "coordinates": [ [ [ 72.4920252, 23.0435378 ], [ 72.4920159, 23.0433989 ], [ 72.4921264, 23.0433926 ], [ 72.4921358, 23.0435315 ], [ 72.4920252, 23.0435378 ] ] ] } },
{ "type": "Feature", "properties": { "tags": { "visible": false }, "visible": null, "lon": null, "lat": null, "version": 2, "timestamp": 1713425075, "id": 366774406, "changeset": null, "depot": null, "industrial": null, "landuse": "grass", "military": null, "residential": null, "osm_type": "way", "basin": null, "construction": null, "farmyard": null, "grass": null, "port": null, "railway": null }, "geometry": { "type": "Polygon", "coordinates": [ [ [ 72.4866742, 23.0391541 ], [ 72.4866628, 23.0390521 ], [ 72.4867543, 23.0390435 ], [ 72.4867656, 23.0391455 ], [ 72.4866742, 23.0391541 ] ] ] } },
{ "type": "Feature", "properties": { "tags": { "visible": false }, "visible": null, "lon": null, "lat": null, "version": 2, "timestamp": 1713425075, "id": 366774411, "changeset": null, "depot": null, "industrial": null, "landuse": "grass", "military": null, "residential": null, "osm_type": "way", "basin": null, "construction": null, "farmyard": null, "grass": null, "port": null, "railway": null }, "geometry": { "type": "Polygon", "coordinates": [ [ [ 72.4861074, 23.0384417 ], [ 72.4860922, 23.0383365 ], [ 72.486221, 23.0383208 ], [ 72.4862361, 23.038426 ], [ 72.4861074, 23.0384417 ] ] ] } },
{ "type": "Feature", "properties": { "tags": { "visible": false }, "visible": null, "lon": null, "lat": null, "version": 2, "timestamp": 1713425075, "id": 366774415, "changeset": null, "depot": null, "industrial": null, "landuse": "grass", "military": null, "residential": null, "osm_type": "way", "basin": null, "construction": null, "farmyard": null, "grass": null, "port": null, "railway": null }, "geometry": { "type": "Polygon", "coordinates": [ [ [ 72.4824919, 23.0413878 ], [ 72.4824793, 23.0412698 ], [ 72.4826023, 23.0412587 ], [ 72.4826149, 23.0413767 ], [ 72.4824919, 23.0413878 ] ] ] } },
{ "type": "Feature", "properties": { "tags": { "visible": false }, "visible": null, "lon": null, "lat": null, "version": 2, "timestamp": 1713425075, "id": 366774416, "changeset": null, "depot": null, "industrial": null, "landuse": "grass", "military": null, "residential": null, "osm_type": "way", "basin": null, "construction": null, "farmyard": null, "grass": null, "port": null, "railway": null }, "geometry": { "type": "Polygon", "coordinates": [ [ [ 72.4861543, 23.03883 ], [ 72.4861444, 23.0387171 ], [ 72.4862714, 23.0387077 ], [ 72.4862813, 23.0388206 ], [ 72.4861543, 23.03883 ] ] ] } },
{ "type": "Feature", "properties": { "tags": { "visible": false }, "visible": null, "lon": null, "lat": null, "version": 2, "timestamp": 1713425075, "id": 366774417, "changeset": null, "depot": null, "industrial": null, "landuse": "grass", "military": null, "residential": null, "osm_type": "way", "basin": null, "construction": null, "farmyard": null, "grass": null, "port": null, "railway": null }, "geometry": { "type": "Polygon", "coordinates": [ [ [ 72.4858828, 23.0390586 ], [ 72.4858702, 23.0389497 ], [ 72.4859828, 23.0389387 ], [ 72.4859953, 23.0390476 ], [ 72.4858828, 23.0390586 ] ] ] } },
{ "type": "Feature", "properties": { "tags": { "visible": false }, "visible": null, "lon": null, "lat": null, "version": 2, "timestamp": 1713425075, "id": 366774424, "changeset": null, "depot": null, "industrial": null, "landuse": "grass", "military": null, "residential": null, "osm_type": "way", "basin": null, "construction": null, "farmyard": null, "grass": null, "port": null, "railway": null }, "geometry": { "type": "Polygon", "coordinates": [ [ [ 72.485807, 23.0380019 ], [ 72.4857912, 23.0378741 ], [ 72.4859395, 23.0378585 ], [ 72.4859553, 23.0379864 ], [ 72.485807, 23.0380019 ] ] ] } },
{ "type": "Feature", "properties": { "tags": { "visible": false }, "visible": null, "lon": null, "lat": null, "version": 2, "timestamp": 1713425075, "id": 366774425, "changeset": null, "depot": null, "industrial": null, "landuse": "grass", "military": null, "residential": null, "osm_type": "way", "basin": null, "construction": null, "farmyard": null, "grass": null, "port": null, "railway": null }, "geometry": { "type": "Polygon", "coordinates": [ [ [ 72.4860835, 23.0382346 ], [ 72.4860713, 23.0381336 ], [ 72.4861864, 23.0381219 ], [ 72.4861986, 23.0382228 ], [ 72.4860835, 23.0382346 ] ] ] } },
{ "type": "Feature", "properties": { "tags": { "visible": false }, "visible": null, "lon": null, "lat": null, "version": 2, "timestamp": 1713425075, "id": 366774429, "changeset": null, "depot": null, "industrial": null, "landuse": "grass", "military": null, "residential": null, "osm_type": "way", "basin": null, "construction": null, "farmyard": null, "grass": null, "port": null, "railway": null }, "geometry": { "type": "Polygon", "coordinates": [ [ [ 72.482769, 23.0423402 ], [ 72.4827506, 23.0421999 ], [ 72.4830046, 23.0421716 ], [ 72.483023, 23.042312 ], [ 72.482769, 23.0423402 ] ] ] } },
{ "type": "Feature", "properties": { "tags": { "visible": false }, "visible": null, "lon": null, "lat": null, "version": 2, "timestamp": 1713425075, "id": 366774438, "changeset": null, "depot": null, "industrial": null, "landuse": "grass", "military": null, "residential": null, "osm_type": "way", "basin": null, "construction": null, "farmyard": null, "grass": null, "port": null, "railway": null }, "geometry": { "type": "Polygon", "coordinates": [ [ [ 72.4829431, 23.0374813 ], [ 72.4829238, 23.0373293 ], [ 72.4830138, 23.0373197 ], [ 72.4830331, 23.0374717 ], [ 72.4829431, 23.0374813 ] ] ] } },
{ "type": "Feature", "properties": { "tags": { "visible": false }, "visible": null, "lon": null, "lat": null, "version": 2, "timestamp": 1713425075, "id": 366774439, "changeset": null, "depot": null, "industrial": null, "landuse": "grass", "military": null, "residential": null, "osm_type": "way", "basin": null, "construction": null, "farmyard": null, "grass": null, "port": null, "railway": null }, "geometry": { "type": "Polygon", "coordinates": [ [ [ 72.4853644, 23.043879 ], [ 72.4853544, 23.0437572 ], [ 72.4858499, 23.0437228 ], [ 72.4858599, 23.0438446 ], [ 72.4853644, 23.043879 ] ] ] } },
{ "type": "Feature", "properties": { "tags": { "visible": false }, "visible": null, "lon": null, "lat": null, "version": 2, "timestamp": 1713425075, "id": 366774441, "changeset": null, "depot": null, "industrial": null, "landuse": "grass", "military": null, "residential": null, "osm_type": "way", "basin": null, "construction": null, "farmyard": null, "grass": null, "port": null, "railway": null }, "geometry": { "type": "Polygon", "coordinates": [ [ [ 72.4924624, 23.0457957 ], [ 72.4924713, 23.0458658 ], [ 72.492399, 23.0458614 ], [ 72.4923941, 23.0457952 ], [ 72.4924431, 23.0457921 ], [ 72.4924362, 23.0456993 ], [ 72.4923872, 23.0457024 ], [ 72.4923838, 23.0456567 ], [ 72.4924264, 23.0456147 ], [ 72.4924818, 23.0455754 ], [ 72.4925168, 23.0455605 ], [ 72.4925483, 23.045559 ], [ 72.492562, 23.0455747 ], [ 72.4925799, 23.0455935 ], [ 72.4926021, 23.0455982 ], [ 72.4926336, 23.0456005 ], [ 72.4926651, 23.0455911 ], [ 72.4926865, 23.0455778 ], [ 72.492718, 23.0455762 ], [ 72.4927512, 23.045588 ], [ 72.4927768, 23.0456178 ], [ 72.4928152, 23.0456264 ], [ 72.4928476, 23.045617 ], [ 72.4928753, 23.0455965 ], [ 72.4929184, 23.0455943 ], [ 72.4929461, 23.0455879 ], [ 72.4929742, 23.0455996 ], [ 72.4929999, 23.0456395 ], [ 72.4930145, 23.0457492 ], [ 72.4929917, 23.0457667 ], [ 72.492967, 23.0457711 ], [ 72.4929369, 23.0457645 ], [ 72.49292, 23.0457506 ], [ 72.4928814, 23.045734 ], [ 72.4928332, 23.045734 ], [ 72.4927946, 23.0457501 ], [ 72.4927729, 23.0457761 ], [ 72.4927476, 23.0457501 ], [ 72.4926909, 23.0457445 ], [ 72.4926529, 23.0457506 ], [ 72.4926354, 23.0457722 ], [ 72.4926246, 23.0457889 ], [ 72.4925945, 23.0458016 ], [ 72.4924624, 23.0457957 ] ] ] } },
{ "type": "Feature", "properties": { "tags": { "visible": false }, "visible": null, "lon": null, "lat": null, "version": 2, "timestamp": 1713425075, "id": 366774442, "changeset": null, "depot": null, "industrial": null, "landuse": "grass", "military": null, "residential": null, "osm_type": "way", "basin": null, "construction": null, "farmyard": null, "grass": null, "port": null, "railway": null }, "geometry": { "type": "Polygon", "coordinates": [ [ [ 72.48226, 23.0472644 ], [ 72.4822415, 23.0471378 ], [ 72.4822613, 23.0471353 ], [ 72.4823544, 23.0472014 ], [ 72.4823618, 23.0472518 ], [ 72.48226, 23.0472644 ] ] ] } },
{ "type": "Feature", "properties": { "tags": { "visible": false }, "visible": null, "lon": null, "lat": null, "version": 2, "timestamp": 1713425075, "id": 366774444, "changeset": null, "depot": null, "industrial": null, "landuse": "grass", "military": null, "residential": null, "osm_type": "way", "basin": null, "construction": null, "farmyard": null, "grass": null, "port": null, "railway": null }, "geometry": { "type": "Polygon", "coordinates": [ [ [ 72.4924876, 23.0434686 ], [ 72.4924884, 23.0433179 ], [ 72.4926985, 23.043319 ], [ 72.4926981, 23.0433746 ], [ 72.4925849, 23.0433741 ], [ 72.4925844, 23.0434691 ], [ 72.4924876, 23.0434686 ] ] ] } },
{ "type": "Feature", "properties": { "tags": { "visible": false }, "visible": null, "lon": null, "lat": null, "version": 2, "timestamp": 1713425075, "id": 366774445, "changeset": null, "depot": null, "industrial": null, "landuse": "grass", "military": null, "residential": null, "osm_type": "way", "basin": null, "construction": null, "farmyard": null, "grass": null, "port": null, "railway": null }, "geometry": { "type": "Polygon", "coordinates": [ [ [ 72.4827191, 23.0413464 ], [ 72.4826527, 23.0409892 ], [ 72.4827863, 23.0409682 ], [ 72.482812, 23.0411067 ], [ 72.482893, 23.041094 ], [ 72.4829337, 23.0413127 ], [ 72.4827191, 23.0413464 ] ] ] } },
{ "type": "Feature", "properties": { "tags": { "visible": false }, "visible": null, "lon": null, "lat": null, "version": 2, "timestamp": 1713425075, "id": 366774449, "changeset": null, "depot": null, "industrial": null, "landuse": "grass", "military": null, "residential": null, "osm_type": "way", "basin": null, "construction": null, "farmyard": null, "grass": null, "port": null, "railway": null }, "geometry": { "type": "Polygon", "coordinates": [ [ [ 72.4864071, 23.0432305 ], [ 72.4863937, 23.0430843 ], [ 72.4865522, 23.0430721 ], [ 72.4865628, 23.0431878 ], [ 72.4864793, 23.0431942 ], [ 72.486482, 23.0432247 ], [ 72.4864071, 23.0432305 ] ] ] } },
{ "type": "Feature", "properties": { "tags": { "visible": false }, "visible": null, "lon": null, "lat": null, "version": 2, "timestamp": 1713425075, "id": 366774451, "changeset": null, "depot": null, "industrial": null, "landuse": "grass", "military": null, "residential": null, "osm_type": "way", "basin": null, "construction": null, "farmyard": null, "grass": null, "port": null, "railway": null }, "geometry": { "type": "Polygon", "coordinates": [ [ [ 72.4863401, 23.0390169 ], [ 72.4863327, 23.0389502 ], [ 72.4864913, 23.0389353 ], [ 72.486503, 23.0390405 ], [ 72.4864514, 23.0390454 ], [ 72.4864471, 23.0390068 ], [ 72.4863401, 23.0390169 ] ] ] } },
{ "type": "Feature", "properties": { "tags": { "visible": false }, "visible": null, "lon": null, "lat": null, "version": 2, "timestamp": 1713425075, "id": 366774452, "changeset": null, "depot": null, "industrial": null, "landuse": "grass", "military": null, "residential": null, "osm_type": "way", "basin": null, "construction": null, "farmyard": null, "grass": null, "port": null, "railway": null }, "geometry": { "type": "Polygon", "coordinates": [ [ [ 72.4854813, 23.0470723 ], [ 72.4854634, 23.0468774 ], [ 72.4857474, 23.0468553 ], [ 72.4857729, 23.0471326 ], [ 72.4856923, 23.0471388 ], [ 72.4855694, 23.0470655 ], [ 72.4854813, 23.0470723 ] ] ] } },
{ "type": "Feature", "properties": { "tags": { "visible": false }, "visible": null, "lon": null, "lat": null, "version": 2, "timestamp": 1713425075, "id": 366774454, "changeset": null, "depot": null, "industrial": null, "landuse": "grass", "military": null, "residential": null, "osm_type": "way", "basin": null, "construction": null, "farmyard": null, "grass": null, "port": null, "railway": null }, "geometry": { "type": "Polygon", "coordinates": [ [ [ 72.4853269, 23.0382259 ], [ 72.4853065, 23.0380428 ], [ 72.4854704, 23.0380273 ], [ 72.4854802, 23.038116 ], [ 72.4854453, 23.0381193 ], [ 72.4854558, 23.0382138 ], [ 72.4853269, 23.0382259 ] ] ] } },
{ "type": "Feature", "properties": { "tags": { "visible": false }, "visible": null, "lon": null, "lat": null, "version": 2, "timestamp": 1713425075, "id": 366774458, "changeset": null, "depot": null, "industrial": null, "landuse": "grass", "military": null, "residential": null, "osm_type": "way", "basin": null, "construction": null, "farmyard": null, "grass": null, "port": null, "railway": null }, "geometry": { "type": "Polygon", "coordinates": [ [ [ 72.4914214, 23.0451483 ], [ 72.491438, 23.045078 ], [ 72.4915661, 23.0451035 ], [ 72.4915843, 23.0450265 ], [ 72.4916732, 23.0450442 ], [ 72.4916385, 23.0451916 ], [ 72.4914214, 23.0451483 ] ] ] } },
{ "type": "Feature", "properties": { "tags": { "visible": false }, "visible": null, "lon": null, "lat": null, "version": 2, "timestamp": 1713425075, "id": 366774463, "changeset": null, "depot": null, "industrial": null, "landuse": "grass", "military": null, "residential": null, "osm_type": "way", "basin": null, "construction": null, "farmyard": null, "grass": null, "port": null, "railway": null }, "geometry": { "type": "Polygon", "coordinates": [ [ [ 72.4852593, 23.0390735 ], [ 72.4852499, 23.0389719 ], [ 72.4853798, 23.0389617 ], [ 72.4853847, 23.0390142 ], [ 72.485365, 23.0390158 ], [ 72.4853695, 23.0390649 ], [ 72.4852593, 23.0390735 ] ] ] } },
{ "type": "Feature", "properties": { "tags": { "visible": false }, "visible": null, "lon": null, "lat": null, "version": 2, "timestamp": 1713425075, "id": 366774464, "changeset": null, "depot": null, "industrial": null, "landuse": "grass", "military": null, "residential": null, "osm_type": "way", "basin": null, "construction": null, "farmyard": null, "grass": null, "port": null, "railway": null }, "geometry": { "type": "Polygon", "coordinates": [ [ [ 72.486229, 23.0379797 ], [ 72.4862249, 23.0379405 ], [ 72.4863435, 23.03793 ], [ 72.4863387, 23.0378841 ], [ 72.4863949, 23.0378791 ], [ 72.4864038, 23.0379642 ], [ 72.486229, 23.0379797 ] ] ] } },
{ "type": "Feature", "properties": { "tags": { "visible": false }, "visible": null, "lon": null, "lat": null, "version": 2, "timestamp": 1713425075, "id": 366774466, "changeset": null, "depot": null, "industrial": null, "landuse": "grass", "military": null, "residential": null, "osm_type": "way", "basin": null, "construction": null, "farmyard": null, "grass": null, "port": null, "railway": null }, "geometry": { "type": "Polygon", "coordinates": [ [ [ 72.4847347, 23.0385856 ], [ 72.4847146, 23.038403 ], [ 72.485053, 23.0383714 ], [ 72.4850685, 23.0385116 ], [ 72.4850366, 23.0385146 ], [ 72.4850412, 23.0385569 ], [ 72.4847347, 23.0385856 ] ] ] } },
{ "type": "Feature", "properties": { "tags": { "visible": false }, "visible": null, "lon": null, "lat": null, "version": 2, "timestamp": 1713425075, "id": 366774467, "changeset": null, "depot": null, "industrial": null, "landuse": "grass", "military": null, "residential": null, "osm_type": "way", "basin": null, "construction": null, "farmyard": null, "grass": null, "port": null, "railway": null }, "geometry": { "type": "Polygon", "coordinates": [ [ [ 72.4929041, 23.0460489 ], [ 72.4928805, 23.0458903 ], [ 72.493019, 23.0458728 ], [ 72.49303, 23.0459466 ], [ 72.4929847, 23.0459523 ], [ 72.4929973, 23.0460371 ], [ 72.4929041, 23.0460489 ] ] ] } },
{ "type": "Feature", "properties": { "tags": { "visible": false }, "visible": null, "lon": null, "lat": null, "version": 2, "timestamp": 1713425075, "id": 366774471, "changeset": null, "depot": null, "industrial": null, "landuse": "grass", "military": null, "residential": null, "osm_type": "way", "basin": null, "construction": null, "farmyard": null, "grass": null, "port": null, "railway": null }, "geometry": { "type": "Polygon", "coordinates": [ [ [ 72.4864595, 23.0377329 ], [ 72.4864489, 23.0376532 ], [ 72.486598, 23.0376363 ], [ 72.4866109, 23.0377331 ], [ 72.4865451, 23.0377405 ], [ 72.4865428, 23.0377235 ], [ 72.4864595, 23.0377329 ] ] ] } },
{ "type": "Feature", "properties": { "tags": { "visible": false }, "visible": null, "lon": null, "lat": null, "version": 2, "timestamp": 1713425075, "id": 366774472, "changeset": null, "depot": null, "industrial": null, "landuse": "grass", "military": null, "residential": null, "osm_type": "way", "basin": null, "construction": null, "farmyard": null, "grass": null, "port": null, "railway": null }, "geometry": { "type": "Polygon", "coordinates": [ [ [ 72.4962812, 23.0473036 ], [ 72.4962677, 23.0471887 ], [ 72.4964653, 23.0471691 ], [ 72.4964721, 23.047227 ], [ 72.4965145, 23.0472227 ], [ 72.4965211, 23.0472797 ], [ 72.4962812, 23.0473036 ] ] ] } },
{ "type": "Feature", "properties": { "tags": { "visible": false }, "visible": null, "lon": null, "lat": null, "version": 2, "timestamp": 1713425075, "id": 366774473, "changeset": null, "depot": null, "industrial": null, "landuse": "grass", "military": null, "residential": null, "osm_type": "way", "basin": null, "construction": null, "farmyard": null, "grass": null, "port": null, "railway": null }, "geometry": { "type": "Polygon", "coordinates": [ [ [ 72.4822224, 23.0470119 ], [ 72.482205, 23.0468933 ], [ 72.482247, 23.0468881 ], [ 72.4822512, 23.0469161 ], [ 72.4823062, 23.0469093 ], [ 72.4823195, 23.0469998 ], [ 72.4822224, 23.0470119 ] ] ] } },
{ "type": "Feature", "properties": { "tags": { "visible": false }, "visible": null, "lon": null, "lat": null, "version": 2, "timestamp": 1713425075, "id": 366774474, "changeset": null, "depot": null, "industrial": null, "landuse": "grass", "military": null, "residential": null, "osm_type": "way", "basin": null, "construction": null, "farmyard": null, "grass": null, "port": null, "railway": null }, "geometry": { "type": "Polygon", "coordinates": [ [ [ 72.4835426, 23.0387051 ], [ 72.4835374, 23.0386523 ], [ 72.4838032, 23.0386298 ], [ 72.4837917, 23.0385146 ], [ 72.4838538, 23.0385094 ], [ 72.4838706, 23.0386774 ], [ 72.4835426, 23.0387051 ] ] ] } },
{ "type": "Feature", "properties": { "tags": { "visible": false }, "visible": null, "lon": null, "lat": null, "version": 2, "timestamp": 1713425075, "id": 366774476, "changeset": null, "depot": null, "industrial": null, "landuse": "grass", "military": null, "residential": null, "osm_type": "way", "basin": null, "construction": null, "farmyard": null, "grass": null, "port": null, "railway": null }, "geometry": { "type": "Polygon", "coordinates": [ [ [ 72.485262, 23.0393665 ], [ 72.4852449, 23.0391774 ], [ 72.485343, 23.0391699 ], [ 72.4853539, 23.039291 ], [ 72.4854095, 23.0392867 ], [ 72.4854157, 23.0393547 ], [ 72.485262, 23.0393665 ] ] ] } },
{ "type": "Feature", "properties": { "tags": { "visible": false }, "visible": null, "lon": null, "lat": null, "version": 2, "timestamp": 1713425075, "id": 366774478, "changeset": null, "depot": null, "industrial": null, "landuse": "grass", "military": null, "residential": null, "osm_type": "way", "basin": null, "construction": null, "farmyard": null, "grass": null, "port": null, "railway": null }, "geometry": { "type": "Polygon", "coordinates": [ [ [ 72.4852597, 23.0376936 ], [ 72.4850684, 23.0377067 ], [ 72.4850512, 23.0376055 ], [ 72.4851937, 23.0375921 ], [ 72.4851964, 23.0376158 ], [ 72.4852505, 23.0376107 ], [ 72.4852597, 23.0376936 ] ] ] } },
{ "type": "Feature", "properties": { "tags": { "visible": false }, "visible": null, "lon": null, "lat": null, "version": 2, "timestamp": 1713425075, "id": 366774485, "changeset": null, "depot": null, "industrial": null, "landuse": "grass", "military": null, "residential": null, "osm_type": "way", "basin": null, "construction": null, "farmyard": null, "grass": null, "port": null, "railway": null }, "geometry": { "type": "Polygon", "coordinates": [ [ [ 72.4840181, 23.0403637 ], [ 72.4840043, 23.0402445 ], [ 72.4841708, 23.0402282 ], [ 72.4841787, 23.0402958 ], [ 72.4842726, 23.0402866 ], [ 72.4842786, 23.0403382 ], [ 72.4840181, 23.0403637 ] ] ] } },
{ "type": "Feature", "properties": { "tags": { "visible": false }, "visible": null, "lon": null, "lat": null, "version": 3, "timestamp": 1715932164, "id": 366774492, "changeset": null, "depot": null, "industrial": null, "landuse": "grass", "military": null, "residential": null, "osm_type": "way", "basin": null, "construction": null, "farmyard": null, "grass": null, "port": null, "railway": null }, "geometry": { "type": "Polygon", "coordinates": [ [ [ 72.4909175, 23.0441627 ], [ 72.4908323, 23.0436606 ], [ 72.4909057, 23.0436522 ], [ 72.4909229, 23.0437704 ], [ 72.4909251, 23.043744 ], [ 72.4909961, 23.0437367 ], [ 72.4910312, 23.0437331 ], [ 72.4910202, 23.0436414 ], [ 72.4911364, 23.0436295 ], [ 72.4909175, 23.0441627 ] ] ] } },
{ "type": "Feature", "properties": { "tags": { "visible": false }, "visible": null, "lon": null, "lat": null, "version": 2, "timestamp": 1713425075, "id": 366774497, "changeset": null, "depot": null, "industrial": null, "landuse": "grass", "military": null, "residential": null, "osm_type": "way", "basin": null, "construction": null, "farmyard": null, "grass": null, "port": null, "railway": null }, "geometry": { "type": "Polygon", "coordinates": [ [ [ 72.4909823, 23.0431445 ], [ 72.4910087, 23.0433551 ], [ 72.4909741, 23.0433587 ], [ 72.4909939, 23.0435173 ], [ 72.4906951, 23.0435489 ], [ 72.4906798, 23.0434271 ], [ 72.4908828, 23.0434056 ], [ 72.4908519, 23.0431583 ], [ 72.4909823, 23.0431445 ] ] ] } },
{ "type": "Feature", "properties": { "tags": { "visible": false }, "visible": null, "lon": null, "lat": null, "version": 2, "timestamp": 1713425075, "id": 366774501, "changeset": null, "depot": null, "industrial": null, "landuse": "grass", "military": null, "residential": null, "osm_type": "way", "basin": null, "construction": null, "farmyard": null, "grass": null, "port": null, "railway": null }, "geometry": { "type": "Polygon", "coordinates": [ [ [ 72.4836896, 23.0398962 ], [ 72.4836853, 23.0398551 ], [ 72.4836578, 23.0398575 ], [ 72.4836528, 23.0398095 ], [ 72.4836342, 23.0398112 ], [ 72.4836278, 23.0397499 ], [ 72.4837697, 23.0397374 ], [ 72.4837853, 23.0398877 ], [ 72.4836896, 23.0398962 ] ] ] } },
{ "type": "Feature", "properties": { "tags": { "visible": false }, "visible": null, "lon": null, "lat": null, "version": 2, "timestamp": 1713425075, "id": 366774508, "changeset": null, "depot": null, "industrial": null, "landuse": "grass", "military": null, "residential": null, "osm_type": "way", "basin": null, "construction": null, "farmyard": null, "grass": null, "port": null, "railway": null }, "geometry": { "type": "Polygon", "coordinates": [ [ [ 72.4879891, 23.0388772 ], [ 72.4879503, 23.0387318 ], [ 72.4878025, 23.0387573 ], [ 72.4877286, 23.0384176 ], [ 72.4878729, 23.038391 ], [ 72.4878105, 23.0381493 ], [ 72.488293, 23.0381336 ], [ 72.4884976, 23.0387899 ], [ 72.4879891, 23.0388772 ] ] ] } },
{ "type": "Feature", "properties": { "tags": { "visible": false }, "visible": null, "lon": null, "lat": null, "version": 2, "timestamp": 1713425075, "id": 366774509, "changeset": null, "depot": null, "industrial": null, "landuse": "grass", "military": null, "residential": null, "osm_type": "way", "basin": null, "construction": null, "farmyard": null, "grass": null, "port": null, "railway": null }, "geometry": { "type": "Polygon", "coordinates": [ [ [ 72.4899804, 23.0378633 ], [ 72.4899355, 23.0375539 ], [ 72.4900075, 23.037545 ], [ 72.4900219, 23.0376442 ], [ 72.4901012, 23.0376345 ], [ 72.4901238, 23.0377902 ], [ 72.4900804, 23.0377956 ], [ 72.4900883, 23.03785 ], [ 72.4899804, 23.0378633 ] ] ] } },
{ "type": "Feature", "properties": { "tags": { "visible": false }, "visible": null, "lon": null, "lat": null, "version": 2, "timestamp": 1713425075, "id": 366774510, "changeset": null, "depot": null, "industrial": null, "landuse": "grass", "military": null, "residential": null, "osm_type": "way", "basin": null, "construction": null, "farmyard": null, "grass": null, "port": null, "railway": null }, "geometry": { "type": "Polygon", "coordinates": [ [ [ 72.4893167, 23.041057 ], [ 72.4893097, 23.0409987 ], [ 72.4893592, 23.0409936 ], [ 72.4893567, 23.0409728 ], [ 72.4894154, 23.0409668 ], [ 72.4894103, 23.0409246 ], [ 72.4894555, 23.04092 ], [ 72.4894702, 23.0410413 ], [ 72.4893167, 23.041057 ] ] ] } },
{ "type": "Feature", "properties": { "tags": { "visible": false }, "visible": null, "lon": null, "lat": null, "version": 2, "timestamp": 1713425075, "id": 366774512, "changeset": null, "depot": null, "industrial": null, "landuse": "grass", "military": null, "residential": null, "osm_type": "way", "basin": null, "construction": null, "farmyard": null, "grass": null, "port": null, "railway": null }, "geometry": { "type": "Polygon", "coordinates": [ [ [ 72.4866506, 23.043368 ], [ 72.4866407, 23.0432594 ], [ 72.4867087, 23.0432541 ], [ 72.4867132, 23.0433032 ], [ 72.4867849, 23.0432977 ], [ 72.4867805, 23.0432486 ], [ 72.4868385, 23.0432441 ], [ 72.4868484, 23.0433527 ], [ 72.4866506, 23.043368 ] ] ] } },
{ "type": "Feature", "properties": { "tags": { "visible": false }, "visible": null, "lon": null, "lat": null, "version": 2, "timestamp": 1713425075, "id": 366774517, "changeset": null, "depot": null, "industrial": null, "landuse": "grass", "military": null, "residential": null, "osm_type": "way", "basin": null, "construction": null, "farmyard": null, "grass": null, "port": null, "railway": null }, "geometry": { "type": "Polygon", "coordinates": [ [ [ 72.4840866, 23.0383302 ], [ 72.4840539, 23.0380336 ], [ 72.4841175, 23.0380276 ], [ 72.4841429, 23.0382578 ], [ 72.4842196, 23.0382507 ], [ 72.4842231, 23.0382822 ], [ 72.4842593, 23.0382788 ], [ 72.4842631, 23.0383137 ], [ 72.4840866, 23.0383302 ] ] ] } },
{ "type": "Feature", "properties": { "tags": { "visible": false }, "visible": null, "lon": null, "lat": null, "version": 2, "timestamp": 1713425075, "id": 366774518, "changeset": null, "depot": null, "industrial": null, "landuse": "grass", "military": null, "residential": null, "osm_type": "way", "basin": null, "construction": null, "farmyard": null, "grass": null, "port": null, "railway": null }, "geometry": { "type": "Polygon", "coordinates": [ [ [ 72.4912251, 23.0437693 ], [ 72.4913326, 23.0434743 ], [ 72.4915695, 23.0435474 ], [ 72.4915818, 23.0435138 ], [ 72.4916873, 23.0435463 ], [ 72.4916226, 23.0437239 ], [ 72.4916665, 23.0437374 ], [ 72.4916193, 23.0438674 ], [ 72.4912251, 23.0437693 ] ] ] } },
{ "type": "Feature", "properties": { "tags": { "visible": false }, "visible": null, "lon": null, "lat": null, "version": 2, "timestamp": 1713424817, "id": 366774519, "changeset": null, "depot": null, "industrial": null, "landuse": "grass", "military": null, "residential": null, "osm_type": "way", "basin": null, "construction": null, "farmyard": null, "grass": null, "port": null, "railway": null }, "geometry": { "type": "Polygon", "coordinates": [ [ [ 72.4879643, 23.0419945 ], [ 72.4879304, 23.0419331 ], [ 72.4880352, 23.0418432 ], [ 72.4880094, 23.0417758 ], [ 72.4878603, 23.0418062 ], [ 72.4877963, 23.0413643 ], [ 72.4883373, 23.0412956 ], [ 72.488391, 23.0419258 ], [ 72.4879643, 23.0419945 ] ] ] } },
{ "type": "Feature", "properties": { "tags": { "visible": false }, "visible": null, "lon": null, "lat": null, "version": 2, "timestamp": 1733132074, "id": 366778893, "changeset": null, "depot": null, "industrial": null, "landuse": "grass", "military": null, "residential": null, "osm_type": "way", "basin": null, "construction": null, "farmyard": null, "grass": null, "port": null, "railway": null }, "geometry": { "type": "Polygon", "coordinates": [ [ [ 72.4774976, 23.0277733 ], [ 72.47746, 23.0276258 ], [ 72.4773779, 23.0276435 ], [ 72.4773672, 23.0276013 ], [ 72.4775642, 23.0275588 ], [ 72.4776125, 23.0277485 ], [ 72.4774976, 23.0277733 ] ] ] } },
{ "type": "Feature", "properties": { "tags": { "visible": false }, "visible": null, "lon": null, "lat": null, "version": 2, "timestamp": 1733132074, "id": 366778894, "changeset": null, "depot": null, "industrial": null, "landuse": "grass", "military": null, "residential": null, "osm_type": "way", "basin": null, "construction": null, "farmyard": null, "grass": null, "port": null, "railway": null }, "geometry": { "type": "Polygon", "coordinates": [ [ [ 72.477936, 23.0275666 ], [ 72.4782228, 23.0275122 ], [ 72.4782853, 23.0277917 ], [ 72.4781247, 23.0278221 ], [ 72.478096, 23.0277111 ], [ 72.4779717, 23.0277258 ], [ 72.477936, 23.0275666 ] ] ] } },
{ "type": "Feature", "properties": { "tags": { "visible": false }, "visible": null, "lon": null, "lat": null, "version": 2, "timestamp": 1734449794, "id": 366810919, "changeset": null, "depot": null, "industrial": null, "landuse": "grass", "military": null, "residential": null, "osm_type": "way", "basin": null, "construction": null, "farmyard": null, "grass": null, "port": null, "railway": null }, "geometry": { "type": "Polygon", "coordinates": [ [ [ 72.4805517, 23.0503728 ], [ 72.480538, 23.0503831 ], [ 72.4805127, 23.0503902 ], [ 72.4804863, 23.0503878 ], [ 72.480463, 23.0503763 ], [ 72.4804462, 23.0503575 ], [ 72.4804385, 23.0503342 ], [ 72.4804411, 23.0503099 ], [ 72.4804461, 23.0502918 ], [ 72.4804464, 23.0502789 ], [ 72.4804549, 23.0502604 ], [ 72.4804594, 23.0502493 ], [ 72.4804658, 23.0502358 ], [ 72.4804722, 23.0502077 ], [ 72.480465, 23.0501709 ], [ 72.4804627, 23.0501628 ], [ 72.4804579, 23.0501447 ], [ 72.4804533, 23.050116 ], [ 72.4804535, 23.0500999 ], [ 72.4804604, 23.0500851 ], [ 72.4804729, 23.0500738 ], [ 72.4804892, 23.0500678 ], [ 72.4805067, 23.050068 ], [ 72.4805228, 23.0500744 ], [ 72.480535, 23.0500859 ], [ 72.4805415, 23.0501008 ], [ 72.4805429, 23.0501162 ], [ 72.4805466, 23.0501513 ], [ 72.480556, 23.0501846 ], [ 72.4805646, 23.0501932 ], [ 72.4805707, 23.0502085 ], [ 72.4805699, 23.0502248 ], [ 72.4805617, 23.0502443 ], [ 72.4805616, 23.050265 ], [ 72.4805631, 23.0502895 ], [ 72.4805766, 23.0503095 ], [ 72.4805843, 23.0503233 ], [ 72.4805858, 23.0503387 ], [ 72.4805806, 23.0503535 ], [ 72.4805698, 23.0503654 ], [ 72.4805548, 23.0503725 ], [ 72.4805517, 23.0503728 ] ] ] } },
{ "type": "Feature", "properties": { "tags": { "visible": false, "amenity": "events_venue", "name": "Ratnamani Party Plot" }, "visible": null, "lon": null, "lat": null, "version": 2, "timestamp": 1705237523, "id": 367767862, "changeset": null, "depot": null, "industrial": null, "landuse": "grass", "military": null, "residential": null, "osm_type": "way", "basin": null, "construction": null, "farmyard": null, "grass": null, "port": null, "railway": null }, "geometry": { "type": "Polygon", "coordinates": [ [ [ 72.5210213, 23.0253748 ], [ 72.5209503, 23.0251875 ], [ 72.5210079, 23.0251721 ], [ 72.5209843, 23.0250585 ], [ 72.5209105, 23.0250564 ], [ 72.5208853, 23.0250198 ], [ 72.5209728, 23.0249604 ], [ 72.521135, 23.0249443 ], [ 72.5211261, 23.0248684 ], [ 72.5213936, 23.0248419 ], [ 72.521451, 23.0253322 ], [ 72.5210213, 23.0253748 ] ] ] } },
{ "type": "Feature", "properties": { "tags": { "visible": false, "sport": "cricket" }, "visible": null, "lon": null, "lat": null, "version": 2, "timestamp": 1734449797, "id": 368592298, "changeset": null, "depot": null, "industrial": null, "landuse": "grass", "military": null, "residential": null, "osm_type": "way", "basin": null, "construction": null, "farmyard": null, "grass": null, "port": null, "railway": null }, "geometry": { "type": "Polygon", "coordinates": [ [ [ 72.5380119, 23.1316424 ], [ 72.5379558, 23.1315568 ], [ 72.5378202, 23.1310754 ], [ 72.5378322, 23.1309715 ], [ 72.537858, 23.130871 ], [ 72.5379086, 23.1307841 ], [ 72.5379713, 23.1307032 ], [ 72.5380548, 23.1306353 ], [ 72.5381395, 23.1305855 ], [ 72.538246, 23.1305481 ], [ 72.5383559, 23.1305369 ], [ 72.53847, 23.1305409 ], [ 72.5385667, 23.1305752 ], [ 72.5386596, 23.1306249 ], [ 72.5387367, 23.1307022 ], [ 72.5388119, 23.1307806 ], [ 72.5388705, 23.1308629 ], [ 72.5389232, 23.131032 ], [ 72.5389214, 23.1310417 ], [ 72.538997, 23.1313072 ], [ 72.5390042, 23.1313211 ], [ 72.5390059, 23.1313947 ], [ 72.5389989, 23.1314659 ], [ 72.5389281, 23.131655 ], [ 72.5387793, 23.1318008 ], [ 72.5386799, 23.1318504 ], [ 72.5385752, 23.1318775 ], [ 72.5383546, 23.1318765 ], [ 72.5381513, 23.131798 ], [ 72.5380729, 23.131729 ], [ 72.5380119, 23.1316424 ] ] ] } },
{ "type": "Feature", "properties": { "tags": { "visible": false }, "visible": null, "lon": null, "lat": null, "version": 2, "timestamp": 1487536589, "id": 369211521, "changeset": null, "depot": null, "industrial": null, "landuse": "grass", "military": null, "residential": null, "osm_type": "way", "basin": null, "construction": null, "farmyard": null, "grass": null, "port": null, "railway": null }, "geometry": { "type": "Polygon", "coordinates": [ [ [ 72.5241514, 23.0660953 ], [ 72.5241446, 23.065927 ], [ 72.5243749, 23.0659191 ], [ 72.5243817, 23.0660874 ], [ 72.5241514, 23.0660953 ] ] ] } },
{ "type": "Feature", "properties": { "tags": { "visible": false }, "visible": null, "lon": null, "lat": null, "version": 2, "timestamp": 1487536589, "id": 369211528, "changeset": null, "depot": null, "industrial": null, "landuse": "grass", "military": null, "residential": null, "osm_type": "way", "basin": null, "construction": null, "farmyard": null, "grass": null, "port": null, "railway": null }, "geometry": { "type": "Polygon", "coordinates": [ [ [ 72.5240361, 23.065309 ], [ 72.5240416, 23.0651636 ], [ 72.5242298, 23.0651696 ], [ 72.5242243, 23.065315 ], [ 72.5240361, 23.065309 ] ] ] } },
{ "type": "Feature", "properties": { "tags": { "visible": false, "name": "Party Lawn" }, "visible": null, "lon": null, "lat": null, "version": 2, "timestamp": 1512816489, "id": 454888537, "changeset": null, "depot": null, "industrial": null, "landuse": "grass", "military": null, "residential": null, "osm_type": "way", "basin": null, "construction": null, "farmyard": null, "grass": null, "port": null, "railway": null }, "geometry": { "type": "Polygon", "coordinates": [ [ [ 72.5366747, 23.1689347 ], [ 72.5369191, 23.1687149 ], [ 72.5370746, 23.1685471 ], [ 72.5371302, 23.1685047 ], [ 72.5372018, 23.1684883 ], [ 72.5373116, 23.1684815 ], [ 72.5373696, 23.1684962 ], [ 72.5378373, 23.1688014 ], [ 72.5378114, 23.1688377 ], [ 72.5378538, 23.1688644 ], [ 72.5377137, 23.1690478 ], [ 72.5378269, 23.1691208 ], [ 72.5377268, 23.1692344 ], [ 72.5376512, 23.1692427 ], [ 72.5375416, 23.169198 ], [ 72.537535, 23.169135 ], [ 72.5371651, 23.1691677 ], [ 72.5371743, 23.1692559 ], [ 72.5370512, 23.1693165 ], [ 72.5369907, 23.1693199 ], [ 72.5369029, 23.1692524 ], [ 72.5369833, 23.169154 ], [ 72.5367689, 23.169006 ], [ 72.5366747, 23.1689347 ] ] ] } },
{ "type": "Feature", "properties": { "tags": { "visible": false }, "visible": null, "lon": null, "lat": null, "version": 1, "timestamp": 1507640387, "id": 531451291, "changeset": null, "depot": null, "industrial": null, "landuse": "grass", "military": null, "residential": null, "osm_type": "way", "basin": null, "construction": null, "farmyard": null, "grass": null, "port": null, "railway": null }, "geometry": { "type": "Polygon", "coordinates": [ [ [ 72.4576424, 22.9809451 ], [ 72.4576559, 22.980978 ], [ 72.4576578, 22.9810132 ], [ 72.4576459, 22.9810507 ], [ 72.4576208, 22.9810823 ], [ 72.4575854, 22.981104 ], [ 72.4575442, 22.9811133 ], [ 72.457502, 22.981109 ], [ 72.4574639, 22.9810917 ], [ 72.4574345, 22.9810635 ], [ 72.4574174, 22.9810277 ], [ 72.4574146, 22.9809887 ], [ 72.4574247, 22.9809547 ], [ 72.4574457, 22.9809252 ], [ 72.4574755, 22.9809032 ], [ 72.4575113, 22.9808907 ], [ 72.4575495, 22.980889 ], [ 72.4575864, 22.9808983 ], [ 72.4576184, 22.9809176 ], [ 72.4576424, 22.9809451 ] ] ] } },
{ "type": "Feature", "properties": { "tags": { "visible": false }, "visible": null, "lon": null, "lat": null, "version": 1, "timestamp": 1507643571, "id": 531464463, "changeset": null, "depot": null, "industrial": null, "landuse": "grass", "military": null, "residential": null, "osm_type": "way", "basin": null, "construction": null, "farmyard": null, "grass": null, "port": null, "railway": null }, "geometry": { "type": "Polygon", "coordinates": [ [ [ 72.4574526, 22.9729484 ], [ 72.4574027, 22.9722214 ], [ 72.4578416, 22.9721727 ], [ 72.4578959, 22.9729226 ], [ 72.4574526, 22.9729484 ] ] ] } },
{ "type": "Feature", "properties": { "tags": { "visible": false }, "visible": null, "lon": null, "lat": null, "version": 1, "timestamp": 1507643571, "id": 531464464, "changeset": null, "depot": null, "industrial": null, "landuse": "grass", "military": null, "residential": null, "osm_type": "way", "basin": null, "construction": null, "farmyard": null, "grass": null, "port": null, "railway": null }, "geometry": { "type": "Polygon", "coordinates": [ [ [ 72.4579835, 22.9729141 ], [ 72.4579243, 22.972124 ], [ 72.4583678, 22.9719758 ], [ 72.4584544, 22.9728889 ], [ 72.4579835, 22.9729141 ] ] ] } },
{ "type": "Feature", "properties": { "tags": { "visible": false }, "visible": null, "lon": null, "lat": null, "version": 1, "timestamp": 1507643571, "id": 531464465, "changeset": null, "depot": null, "industrial": null, "landuse": "grass", "military": null, "residential": null, "osm_type": "way", "basin": null, "construction": null, "farmyard": null, "grass": null, "port": null, "railway": null }, "geometry": { "type": "Polygon", "coordinates": [ [ [ 72.458512, 22.9728781 ], [ 72.4584087, 22.9719412 ], [ 72.4588446, 22.9718069 ], [ 72.4589433, 22.9728431 ], [ 72.458512, 22.9728781 ] ] ] } },
{ "type": "Feature", "properties": { "tags": { "visible": false }, "visible": null, "lon": null, "lat": null, "version": 1, "timestamp": 1512380880, "id": 544501413, "changeset": null, "depot": null, "industrial": null, "landuse": "grass", "military": null, "residential": null, "osm_type": "way", "basin": null, "construction": null, "farmyard": null, "grass": null, "port": null, "railway": null }, "geometry": { "type": "Polygon", "coordinates": [ [ [ 72.6711646, 23.1515262 ], [ 72.6711876, 23.1515234 ], [ 72.6712102, 23.151528 ], [ 72.6712281, 23.151538 ], [ 72.6712417, 23.1515525 ], [ 72.6712497, 23.1515703 ], [ 72.6712514, 23.1515894 ], [ 72.6712466, 23.1516081 ], [ 72.6712357, 23.1516245 ], [ 72.6712199, 23.151637 ], [ 72.6712006, 23.1516444 ], [ 72.6711798, 23.151646 ], [ 72.6711595, 23.1516415 ], [ 72.6711399, 23.1516301 ], [ 72.6711257, 23.1516132 ], [ 72.6711187, 23.1515929 ], [ 72.6711196, 23.1515716 ], [ 72.6711284, 23.1515519 ], [ 72.6711441, 23.1515361 ], [ 72.6711646, 23.1515262 ] ] ] } },
{ "type": "Feature", "properties": { "tags": { "visible": false }, "visible": null, "lon": null, "lat": null, "version": 3, "timestamp": 1512385381, "id": 544506122, "changeset": null, "depot": null, "industrial": null, "landuse": "grass", "military": null, "residential": null, "osm_type": "way", "basin": null, "construction": null, "farmyard": null, "grass": null, "port": null, "railway": null }, "geometry": { "type": "Polygon", "coordinates": [ [ [ 72.689903, 23.1654949 ], [ 72.6898144, 23.1652373 ], [ 72.6897802, 23.1650869 ], [ 72.6901633, 23.1650752 ], [ 72.6900472, 23.1651956 ], [ 72.6899803, 23.1652783 ], [ 72.6899229, 23.1654273 ], [ 72.689903, 23.1654949 ] ] ] } },
{ "type": "Feature", "properties": { "tags": { "visible": false }, "visible": null, "lon": null, "lat": null, "version": 1, "timestamp": 1512383307, "id": 544508725, "changeset": null, "depot": null, "industrial": null, "landuse": "grass", "military": null, "residential": null, "osm_type": "way", "basin": null, "construction": null, "farmyard": null, "grass": null, "port": null, "railway": null }, "geometry": { "type": "Polygon", "coordinates": [ [ [ 72.6972341, 23.1616944 ], [ 72.6972495, 23.1615468 ], [ 72.69747, 23.1615663 ], [ 72.6974546, 23.1617139 ], [ 72.6972341, 23.1616944 ] ] ] } },
{ "type": "Feature", "properties": { "tags": { "visible": false }, "visible": null, "lon": null, "lat": null, "version": 2, "timestamp": 1616688964, "id": 544513488, "changeset": null, "depot": null, "industrial": null, "landuse": "grass", "military": null, "residential": null, "osm_type": "way", "basin": null, "construction": null, "farmyard": null, "grass": null, "port": null, "railway": null }, "geometry": { "type": "Polygon", "coordinates": [ [ [ 72.6888852, 23.1696175 ], [ 72.6889888, 23.1692742 ], [ 72.6891393, 23.1692778 ], [ 72.689157, 23.1692597 ], [ 72.6895562, 23.1692549 ], [ 72.6896624, 23.1692378 ], [ 72.689711, 23.1691909 ], [ 72.6897579, 23.1690343 ], [ 72.6897318, 23.1693838 ], [ 72.6894664, 23.1693946 ], [ 72.689557, 23.1695796 ], [ 72.6892062, 23.1696266 ], [ 72.6888852, 23.1696175 ] ] ] } },
{ "type": "Feature", "properties": { "tags": { "visible": false }, "visible": null, "lon": null, "lat": null, "version": 1, "timestamp": 1512385380, "id": 544514381, "changeset": null, "depot": null, "industrial": null, "landuse": "grass", "military": null, "residential": null, "osm_type": "way", "basin": null, "construction": null, "farmyard": null, "grass": null, "port": null, "railway": null }, "geometry": { "type": "Polygon", "coordinates": [ [ [ 72.690329, 23.1705106 ], [ 72.6903434, 23.1705361 ], [ 72.6903486, 23.1705645 ], [ 72.6903429, 23.1705961 ], [ 72.6903258, 23.1706239 ], [ 72.6902993, 23.1706447 ], [ 72.6902667, 23.1706559 ], [ 72.6902319, 23.1706562 ], [ 72.6901991, 23.1706455 ], [ 72.6901722, 23.1706252 ], [ 72.6901546, 23.1705976 ], [ 72.6901482, 23.1705662 ], [ 72.6901529, 23.1705377 ], [ 72.6901668, 23.1705119 ], [ 72.6901888, 23.1704913 ], [ 72.6902166, 23.170478 ], [ 72.6902475, 23.1704732 ], [ 72.6902785, 23.1704775 ], [ 72.6903066, 23.1704904 ], [ 72.690329, 23.1705106 ] ] ] } },
{ "type": "Feature", "properties": { "tags": { "visible": false }, "visible": null, "lon": null, "lat": null, "version": 1, "timestamp": 1512385380, "id": 544514382, "changeset": null, "depot": null, "industrial": null, "landuse": "grass", "military": null, "residential": null, "osm_type": "way", "basin": null, "construction": null, "farmyard": null, "grass": null, "port": null, "railway": null }, "geometry": { "type": "Polygon", "coordinates": [ [ [ 72.6901529, 23.1704376 ], [ 72.6901468, 23.1703117 ], [ 72.6901565, 23.1698187 ], [ 72.6901672, 23.1693217 ], [ 72.6902079, 23.1688402 ], [ 72.6902512, 23.1683684 ], [ 72.6902937, 23.1679291 ], [ 72.6903025, 23.167607 ], [ 72.6902769, 23.1672377 ], [ 72.6902194, 23.1669538 ], [ 72.6901079, 23.1666268 ], [ 72.6899805, 23.1663299 ], [ 72.6897982, 23.1659378 ], [ 72.6896664, 23.1656246 ], [ 72.6895319, 23.1652675 ], [ 72.6894921, 23.1650772 ], [ 72.6896894, 23.1650853 ], [ 72.6898451, 23.1655563 ], [ 72.6903362, 23.1666658 ], [ 72.6904521, 23.1670848 ], [ 72.6904972, 23.1674988 ], [ 72.6904963, 23.1679234 ], [ 72.690437, 23.1685351 ], [ 72.6903928, 23.1689768 ], [ 72.6903645, 23.1693323 ], [ 72.6903546, 23.1701245 ], [ 72.6903528, 23.1704295 ], [ 72.6902953, 23.1704043 ], [ 72.6902564, 23.1704035 ], [ 72.6902006, 23.1704084 ], [ 72.6901529, 23.1704376 ] ] ] } },
{ "type": "Feature", "properties": { "tags": { "visible": false }, "visible": null, "lon": null, "lat": null, "version": 1, "timestamp": 1512386289, "id": 544516741, "changeset": null, "depot": null, "industrial": null, "landuse": "grass", "military": null, "residential": null, "osm_type": "way", "basin": null, "construction": null, "farmyard": null, "grass": null, "port": null, "railway": null }, "geometry": { "type": "Polygon", "coordinates": [ [ [ 72.6934456, 23.1618082 ], [ 72.6934959, 23.1618764 ], [ 72.6935325, 23.1619175 ], [ 72.6935935, 23.1619801 ], [ 72.6936697, 23.1620301 ], [ 72.693752, 23.1620763 ], [ 72.693809, 23.1620992 ], [ 72.69341, 23.1621589 ], [ 72.6934456, 23.1618082 ] ] ] } },
{ "type": "Feature", "properties": { "tags": { "visible": false }, "visible": null, "lon": null, "lat": null, "version": 1, "timestamp": 1512386289, "id": 544516742, "changeset": null, "depot": null, "industrial": null, "landuse": "grass", "military": null, "residential": null, "osm_type": "way", "basin": null, "construction": null, "farmyard": null, "grass": null, "port": null, "railway": null }, "geometry": { "type": "Polygon", "coordinates": [ [ [ 72.6934729, 23.1625772 ], [ 72.6934284, 23.162557 ], [ 72.6933959, 23.162528 ], [ 72.6933613, 23.1624654 ], [ 72.6933695, 23.1623939 ], [ 72.6933923, 23.1622897 ], [ 72.6934508, 23.1622304 ], [ 72.6935265, 23.1622117 ], [ 72.6941943, 23.1621253 ], [ 72.6948112, 23.1620449 ], [ 72.6954007, 23.1619692 ], [ 72.6961299, 23.1618725 ], [ 72.6967575, 23.1618015 ], [ 72.6972916, 23.1617987 ], [ 72.6980849, 23.1618735 ], [ 72.6987979, 23.1619468 ], [ 72.6992375, 23.1619996 ], [ 72.6994113, 23.1620463 ], [ 72.6994656, 23.1620673 ], [ 72.69952, 23.162129 ], [ 72.6995353, 23.1621762 ], [ 72.6995271, 23.1622416 ], [ 72.6994926, 23.162294 ], [ 72.6994206, 23.1623347 ], [ 72.6990649, 23.1623274 ], [ 72.698019, 23.1622347 ], [ 72.6971466, 23.1621517 ], [ 72.6967069, 23.1621623 ], [ 72.6963362, 23.1622103 ], [ 72.6953585, 23.1623372 ], [ 72.694248, 23.1624828 ], [ 72.6934729, 23.1625772 ] ] ] } },
{ "type": "Feature", "properties": { "tags": { "visible": false }, "visible": null, "lon": null, "lat": null, "version": 1, "timestamp": 1512386289, "id": 544516743, "changeset": null, "depot": null, "industrial": null, "landuse": "grass", "military": null, "residential": null, "osm_type": "way", "basin": null, "construction": null, "farmyard": null, "grass": null, "port": null, "railway": null }, "geometry": { "type": "Polygon", "coordinates": [ [ [ 72.7025935, 23.1610513 ], [ 72.7020462, 23.1614023 ], [ 72.7020228, 23.1613715 ], [ 72.7025701, 23.1610205 ], [ 72.7025935, 23.1610513 ] ] ] } },
{ "type": "Feature", "properties": { "tags": { "visible": false }, "visible": null, "lon": null, "lat": null, "version": 1, "timestamp": 1512386289, "id": 544516744, "changeset": null, "depot": null, "industrial": null, "landuse": "grass", "military": null, "residential": null, "osm_type": "way", "basin": null, "construction": null, "farmyard": null, "grass": null, "port": null, "railway": null }, "geometry": { "type": "Polygon", "coordinates": [ [ [ 72.7019881, 23.1614379 ], [ 72.7018263, 23.1615432 ], [ 72.7018084, 23.1615199 ], [ 72.7019702, 23.1614146 ], [ 72.7019881, 23.1614379 ] ] ] } },
{ "type": "Feature", "properties": { "tags": { "visible": false }, "visible": null, "lon": null, "lat": null, "version": 1, "timestamp": 1512386289, "id": 544516747, "changeset": null, "depot": null, "industrial": null, "landuse": "grass", "military": null, "residential": null, "osm_type": "way", "basin": null, "construction": null, "farmyard": null, "grass": null, "port": null, "railway": null }, "geometry": { "type": "Polygon", "coordinates": [ [ [ 72.7017517, 23.1615415 ], [ 72.701771, 23.1615734 ], [ 72.7009907, 23.1620754 ], [ 72.7007512, 23.1622043 ], [ 72.7005663, 23.1622645 ], [ 72.7003915, 23.1622914 ], [ 72.700118, 23.1622858 ], [ 72.69991, 23.162261 ], [ 72.699927, 23.1622157 ], [ 72.7001388, 23.1622426 ], [ 72.7004069, 23.1622426 ], [ 72.7005594, 23.1622235 ], [ 72.7007404, 23.1621618 ], [ 72.7009768, 23.1620301 ], [ 72.7017517, 23.1615415 ] ] ] } },
{ "type": "Feature", "properties": { "tags": { "visible": false }, "visible": null, "lon": null, "lat": null, "version": 2, "timestamp": 1648832015, "id": 547567527, "changeset": null, "depot": null, "industrial": null, "landuse": "grass", "military": null, "residential": null, "osm_type": "way", "basin": null, "construction": null, "farmyard": null, "grass": null, "port": null, "railway": null }, "geometry": { "type": "Polygon", "coordinates": [ [ [ 72.523518, 23.0813498 ], [ 72.5234895, 23.0812575 ], [ 72.5236458, 23.0812167 ], [ 72.5236104, 23.0811019 ], [ 72.5240484, 23.0809876 ], [ 72.5241075, 23.0811793 ], [ 72.5240529, 23.0811935 ], [ 72.5240577, 23.081209 ], [ 72.523518, 23.0813498 ] ] ] } },
{ "type": "Feature", "properties": { "tags": { "visible": false }, "visible": null, "lon": null, "lat": null, "version": 1, "timestamp": 1513577121, "id": 547574338, "changeset": null, "depot": null, "industrial": null, "landuse": "grass", "military": null, "residential": null, "osm_type": "way", "basin": null, "construction": null, "farmyard": null, "grass": null, "port": null, "railway": null }, "geometry": { "type": "Polygon", "coordinates": [ [ [ 72.5240015, 23.0781774 ], [ 72.5239725, 23.0781778 ], [ 72.5239449, 23.0781699 ], [ 72.523919, 23.0781525 ], [ 72.5239012, 23.0781279 ], [ 72.5238936, 23.0780992 ], [ 72.523897, 23.0780699 ], [ 72.5239112, 23.0780434 ], [ 72.5239344, 23.078023 ], [ 72.5239638, 23.0780111 ], [ 72.5239958, 23.0780091 ], [ 72.5240266, 23.0780174 ], [ 72.5240502, 23.0780327 ], [ 72.5240675, 23.078054 ], [ 72.5240768, 23.0780792 ], [ 72.5240772, 23.0781058 ], [ 72.5240687, 23.0781312 ], [ 72.524052, 23.0781529 ], [ 72.5240288, 23.0781689 ], [ 72.5240015, 23.0781774 ] ] ] } },
{ "type": "Feature", "properties": { "tags": { "visible": false }, "visible": null, "lon": null, "lat": null, "version": 1, "timestamp": 1513577122, "id": 547574339, "changeset": null, "depot": null, "industrial": null, "landuse": "grass", "military": null, "residential": null, "osm_type": "way", "basin": null, "construction": null, "farmyard": null, "grass": null, "port": null, "railway": null }, "geometry": { "type": "Polygon", "coordinates": [ [ [ 72.5238061, 23.077959 ], [ 72.5238854, 23.077976 ], [ 72.5238235, 23.0780717 ], [ 72.5238061, 23.077959 ] ] ] } },
{ "type": "Feature", "properties": { "tags": { "visible": false }, "visible": null, "lon": null, "lat": null, "version": 1, "timestamp": 1513577122, "id": 547574340, "changeset": null, "depot": null, "industrial": null, "landuse": "grass", "military": null, "residential": null, "osm_type": "way", "basin": null, "construction": null, "farmyard": null, "grass": null, "port": null, "railway": null }, "geometry": { "type": "Polygon", "coordinates": [ [ [ 72.5239044, 23.0783037 ], [ 72.5238622, 23.078201 ], [ 72.5239212, 23.0782148 ], [ 72.5239651, 23.0782515 ], [ 72.5239044, 23.0783037 ] ] ] } },
{ "type": "Feature", "properties": { "tags": { "visible": false }, "visible": null, "lon": null, "lat": null, "version": 2, "timestamp": 1692611980, "id": 547585343, "changeset": null, "depot": null, "industrial": null, "landuse": "grass", "military": null, "residential": null, "osm_type": "way", "basin": null, "construction": null, "farmyard": null, "grass": null, "port": null, "railway": null }, "geometry": { "type": "Polygon", "coordinates": [ [ [ 72.542171, 23.1291163 ], [ 72.5421718, 23.1288936 ], [ 72.5424164, 23.1288943 ], [ 72.5424156, 23.129117 ], [ 72.542171, 23.1291163 ] ] ] } },
{ "type": "Feature", "properties": { "tags": { "visible": false }, "visible": null, "lon": null, "lat": null, "version": 2, "timestamp": 1692611980, "id": 547585349, "changeset": null, "depot": null, "industrial": null, "landuse": "grass", "military": null, "residential": null, "osm_type": "way", "basin": null, "construction": null, "farmyard": null, "grass": null, "port": null, "railway": null }, "geometry": { "type": "Polygon", "coordinates": [ [ [ 72.5421814, 23.1277941 ], [ 72.5421822, 23.1275714 ], [ 72.5424268, 23.1275721 ], [ 72.542426, 23.1277948 ], [ 72.5421814, 23.1277941 ] ] ] } },
{ "type": "Feature", "properties": { "tags": { "visible": false }, "visible": null, "lon": null, "lat": null, "version": 2, "timestamp": 1692611980, "id": 547585354, "changeset": null, "depot": null, "industrial": null, "landuse": "grass", "military": null, "residential": null, "osm_type": "way", "basin": null, "construction": null, "farmyard": null, "grass": null, "port": null, "railway": null }, "geometry": { "type": "Polygon", "coordinates": [ [ [ 72.5437962, 23.1277977 ], [ 72.5435516, 23.1277925 ], [ 72.5435573, 23.1275698 ], [ 72.5438018, 23.1275751 ], [ 72.5437962, 23.1277977 ] ] ] } },
{ "type": "Feature", "properties": { "tags": { "visible": false }, "visible": null, "lon": null, "lat": null, "version": 2, "timestamp": 1692611980, "id": 547585359, "changeset": null, "depot": null, "industrial": null, "landuse": "grass", "military": null, "residential": null, "osm_type": "way", "basin": null, "construction": null, "farmyard": null, "grass": null, "port": null, "railway": null }, "geometry": { "type": "Polygon", "coordinates": [ [ [ 72.5437757, 23.1291256 ], [ 72.5435311, 23.1291204 ], [ 72.5435368, 23.1288977 ], [ 72.5437813, 23.128903 ], [ 72.5437757, 23.1291256 ] ] ] } },
{ "type": "Feature", "properties": { "tags": { "visible": false }, "visible": null, "lon": null, "lat": null, "version": 2, "timestamp": 1692611980, "id": 547585361, "changeset": null, "depot": null, "industrial": null, "landuse": "grass", "military": null, "residential": null, "osm_type": "way", "basin": null, "construction": null, "farmyard": null, "grass": null, "port": null, "railway": null }, "geometry": { "type": "Polygon", "coordinates": [ [ [ 72.5468916, 23.1289971 ], [ 72.5468826, 23.1290053 ], [ 72.5468484, 23.1289733 ], [ 72.5465617, 23.1289707 ], [ 72.5465212, 23.1290079 ], [ 72.5465124, 23.1289998 ], [ 72.5466946, 23.1288319 ], [ 72.5467155, 23.1288319 ], [ 72.5468916, 23.1289971 ] ] ] } },
{ "type": "Feature", "properties": { "tags": { "visible": false }, "visible": null, "lon": null, "lat": null, "version": 4, "timestamp": 1692611980, "id": 547587823, "changeset": null, "depot": null, "industrial": null, "landuse": "grass", "military": null, "residential": null, "osm_type": "way", "basin": null, "construction": null, "farmyard": null, "grass": null, "port": null, "railway": null }, "geometry": { "type": "Polygon", "coordinates": [ [ [ 72.5446852, 23.127657 ], [ 72.5446839, 23.1275184 ], [ 72.5448398, 23.1275172 ], [ 72.5448411, 23.1276558 ], [ 72.5446852, 23.127657 ] ] ] } },
{ "type": "Feature", "properties": { "tags": { "visible": false, "name": "Sciencecity Circle" }, "visible": null, "lon": null, "lat": null, "version": 1, "timestamp": 1514210740, "id": 548986892, "changeset": null, "depot": null, "industrial": null, "landuse": "grass", "military": null, "residential": null, "osm_type": "way", "basin": null, "construction": null, "farmyard": null, "grass": null, "port": null, "railway": null }, "geometry": { "type": "Polygon", "coordinates": [ [ [ 72.4927492, 23.0841282 ], [ 72.4927831, 23.0841638 ], [ 72.4928017, 23.084208 ], [ 72.4928034, 23.0842505 ], [ 72.4927908, 23.0842916 ], [ 72.492765, 23.084327 ], [ 72.4927286, 23.0843533 ], [ 72.4926851, 23.084368 ], [ 72.4926388, 23.0843697 ], [ 72.4925943, 23.0843581 ], [ 72.4925558, 23.0843343 ], [ 72.4925271, 23.0843008 ], [ 72.4925111, 23.0842608 ], [ 72.49251, 23.0842135 ], [ 72.4925266, 23.0841687 ], [ 72.4925589, 23.0841319 ], [ 72.4926029, 23.0841074 ], [ 72.4926533, 23.0840982 ], [ 72.4927041, 23.0841054 ], [ 72.4927492, 23.0841282 ] ] ] } },
{ "type": "Feature", "properties": { "tags": { "visible": false }, "visible": null, "lon": null, "lat": null, "version": 1, "timestamp": 1515484051, "id": 551823677, "changeset": null, "depot": null, "industrial": null, "landuse": "grass", "military": null, "residential": null, "osm_type": "way", "basin": null, "construction": null, "farmyard": null, "grass": null, "port": null, "railway": null }, "geometry": { "type": "Polygon", "coordinates": [ [ [ 72.6253775, 23.0767481 ], [ 72.6253737, 23.0767197 ], [ 72.6253896, 23.0766998 ], [ 72.6254127, 23.0766909 ], [ 72.6254373, 23.0766939 ], [ 72.6255739, 23.0768216 ], [ 72.6255771, 23.0768439 ], [ 72.6255609, 23.0768662 ], [ 72.6255387, 23.0768777 ], [ 72.6255141, 23.0768758 ], [ 72.6253775, 23.0767481 ] ] ] } },
{ "type": "Feature", "properties": { "tags": { "visible": false }, "visible": null, "lon": null, "lat": null, "version": 1, "timestamp": 1515484051, "id": 551823680, "changeset": null, "depot": null, "industrial": null, "landuse": "grass", "military": null, "residential": null, "osm_type": "way", "basin": null, "construction": null, "farmyard": null, "grass": null, "port": null, "railway": null }, "geometry": { "type": "Polygon", "coordinates": [ [ [ 72.625584, 23.076944 ], [ 72.6255802, 23.0769156 ], [ 72.6255961, 23.0768957 ], [ 72.6256192, 23.0768868 ], [ 72.6256438, 23.0768898 ], [ 72.6258274, 23.0770614 ], [ 72.6257687, 23.0771188 ], [ 72.625584, 23.076944 ] ] ] } },
{ "type": "Feature", "properties": { "tags": { "visible": false }, "visible": null, "lon": null, "lat": null, "version": 1, "timestamp": 1515484051, "id": 551823682, "changeset": null, "depot": null, "industrial": null, "landuse": "grass", "military": null, "residential": null, "osm_type": "way", "basin": null, "construction": null, "farmyard": null, "grass": null, "port": null, "railway": null }, "geometry": { "type": "Polygon", "coordinates": [ [ [ 72.6251746, 23.0765547 ], [ 72.6251708, 23.0765263 ], [ 72.6251867, 23.0765064 ], [ 72.6252097, 23.0764975 ], [ 72.6252344, 23.0765005 ], [ 72.625371, 23.0766282 ], [ 72.6253742, 23.0766505 ], [ 72.625358, 23.0766728 ], [ 72.6253358, 23.0766843 ], [ 72.6253111, 23.0766824 ], [ 72.6251746, 23.0765547 ] ] ] } },
{ "type": "Feature", "properties": { "tags": { "visible": false }, "visible": null, "lon": null, "lat": null, "version": 1, "timestamp": 1515484051, "id": 551823685, "changeset": null, "depot": null, "industrial": null, "landuse": "grass", "military": null, "residential": null, "osm_type": "way", "basin": null, "construction": null, "farmyard": null, "grass": null, "port": null, "railway": null }, "geometry": { "type": "Polygon", "coordinates": [ [ [ 72.6249589, 23.0763638 ], [ 72.6249552, 23.0763354 ], [ 72.6249711, 23.0763155 ], [ 72.6249941, 23.0763066 ], [ 72.6250188, 23.0763096 ], [ 72.6251553, 23.0764373 ], [ 72.6251585, 23.0764596 ], [ 72.6251424, 23.0764818 ], [ 72.6251202, 23.0764933 ], [ 72.6250955, 23.0764915 ], [ 72.6249589, 23.0763638 ] ] ] } },
{ "type": "Feature", "properties": { "tags": { "visible": false }, "visible": null, "lon": null, "lat": null, "version": 3, "timestamp": 1648832015, "id": 694479462, "changeset": null, "depot": null, "industrial": null, "landuse": "grass", "military": null, "residential": null, "osm_type": "way", "basin": null, "construction": null, "farmyard": null, "grass": null, "port": null, "railway": null }, "geometry": { "type": "Polygon", "coordinates": [ [ [ 72.6397487, 23.1962846 ], [ 72.6396279, 23.196296 ], [ 72.6395092, 23.1962718 ], [ 72.639405, 23.1962143 ], [ 72.6393223, 23.1961241 ], [ 72.6392769, 23.1960137 ], [ 72.6392741, 23.1958957 ], [ 72.6393142, 23.1957836 ], [ 72.6393926, 23.1956902 ], [ 72.6395004, 23.195626 ], [ 72.6396252, 23.1955986 ], [ 72.6397529, 23.1956108 ], [ 72.6398689, 23.1956615 ], [ 72.6399599, 23.1957447 ], [ 72.6400136, 23.1958449 ], [ 72.6400301, 23.1959556 ], [ 72.6400078, 23.1960654 ], [ 72.6399489, 23.1961631 ], [ 72.6398595, 23.1962388 ], [ 72.6397487, 23.1962846 ] ] ] } },
{ "type": "Feature", "properties": { "tags": { "visible": false }, "visible": null, "lon": null, "lat": null, "version": 1, "timestamp": 1616675431, "id": 922077116, "changeset": null, "depot": null, "industrial": null, "landuse": "grass", "military": null, "residential": null, "osm_type": "way", "basin": null, "construction": null, "farmyard": null, "grass": null, "port": null, "railway": null }, "geometry": { "type": "Polygon", "coordinates": [ [ [ 72.6896377, 23.1608558 ], [ 72.6890775, 23.1608352 ], [ 72.6887459, 23.1604528 ], [ 72.6887091, 23.1604179 ], [ 72.6888152, 23.160361 ], [ 72.6887474, 23.1602499 ], [ 72.6889979, 23.160109 ], [ 72.6889802, 23.1606862 ], [ 72.6897053, 23.1607105 ], [ 72.6896567, 23.1607824 ], [ 72.6896377, 23.1608558 ] ] ] } },
{ "type": "Feature", "properties": { "tags": { "visible": false }, "visible": null, "lon": null, "lat": null, "version": 1, "timestamp": 1616675431, "id": 922077118, "changeset": null, "depot": null, "industrial": null, "landuse": "grass", "military": null, "residential": null, "osm_type": "way", "basin": null, "construction": null, "farmyard": null, "grass": null, "port": null, "railway": null }, "geometry": { "type": "Polygon", "coordinates": [ [ [ 72.6892344, 23.1606088 ], [ 72.6892372, 23.1604218 ], [ 72.6893869, 23.1604237 ], [ 72.689467, 23.1604247 ], [ 72.6894642, 23.1606117 ], [ 72.6892344, 23.1606088 ] ] ] } },
{ "type": "Feature", "properties": { "tags": { "visible": false }, "visible": null, "lon": null, "lat": null, "version": 1, "timestamp": 1616675431, "id": 922077119, "changeset": null, "depot": null, "industrial": null, "landuse": "grass", "military": null, "residential": null, "osm_type": "way", "basin": null, "construction": null, "farmyard": null, "grass": null, "port": null, "railway": null }, "geometry": { "type": "Polygon", "coordinates": [ [ [ 72.6915178, 23.1609251 ], [ 72.6915532, 23.160993 ], [ 72.6915478, 23.1611259 ], [ 72.6890409, 23.1610405 ], [ 72.6889094, 23.160993 ], [ 72.6885594, 23.1605895 ], [ 72.6887459, 23.1604528 ], [ 72.6890775, 23.1608352 ], [ 72.6896377, 23.1608558 ], [ 72.6907983, 23.1608986 ], [ 72.6915178, 23.1609251 ] ] ] } },
{ "type": "Feature", "properties": { "tags": { "visible": false }, "visible": null, "lon": null, "lat": null, "version": 1, "timestamp": 1616675431, "id": 922077123, "changeset": null, "depot": null, "industrial": null, "landuse": "grass", "military": null, "residential": null, "osm_type": "way", "basin": null, "construction": null, "farmyard": null, "grass": null, "port": null, "railway": null }, "geometry": { "type": "Polygon", "coordinates": [ [ [ 72.6925638, 23.1615333 ], [ 72.6919819, 23.1615434 ], [ 72.6919681, 23.1613963 ], [ 72.6919433, 23.1612493 ], [ 72.6919047, 23.1610972 ], [ 72.6918385, 23.16094 ], [ 72.692368, 23.1606915 ], [ 72.6924342, 23.1608766 ], [ 72.6924893, 23.161049 ], [ 72.6925279, 23.1612189 ], [ 72.6925555, 23.1613735 ], [ 72.6925638, 23.1615333 ] ] ] } },
{ "type": "Feature", "properties": { "tags": { "visible": false }, "visible": null, "lon": null, "lat": null, "version": 1, "timestamp": 1616675431, "id": 922077125, "changeset": null, "depot": null, "industrial": null, "landuse": "grass", "military": null, "residential": null, "osm_type": "way", "basin": null, "construction": null, "farmyard": null, "grass": null, "port": null, "railway": null }, "geometry": { "type": "Polygon", "coordinates": [ [ [ 72.6865927, 23.1652451 ], [ 72.6865906, 23.1658707 ], [ 72.6862905, 23.1658668 ], [ 72.6862313, 23.1658474 ], [ 72.686189, 23.1658066 ], [ 72.6861658, 23.1657541 ], [ 72.6861552, 23.1653267 ], [ 72.6865927, 23.1652451 ] ] ] } },
{ "type": "Feature", "properties": { "tags": { "visible": false }, "visible": null, "lon": null, "lat": null, "version": 1, "timestamp": 1616688964, "id": 922160504, "changeset": null, "depot": null, "industrial": null, "landuse": "grass", "military": null, "residential": null, "osm_type": "way", "basin": null, "construction": null, "farmyard": null, "grass": null, "port": null, "railway": null }, "geometry": { "type": "Polygon", "coordinates": [ [ [ 72.6749928, 23.1620502 ], [ 72.6742428, 23.1624256 ], [ 72.6741133, 23.1623154 ], [ 72.6741108, 23.1622924 ], [ 72.6741319, 23.1622656 ], [ 72.6741489, 23.1622484 ], [ 72.6749874, 23.1618699 ], [ 72.6749928, 23.1620502 ] ] ] } },
{ "type": "Feature", "properties": { "tags": { "visible": false }, "visible": null, "lon": null, "lat": null, "version": 2, "timestamp": 1746696130, "id": 922160509, "changeset": null, "depot": null, "industrial": null, "landuse": "grass", "military": null, "residential": null, "osm_type": "way", "basin": null, "construction": null, "farmyard": null, "grass": null, "port": null, "railway": null }, "geometry": { "type": "Polygon", "coordinates": [ [ [ 72.6789129, 23.1643034 ], [ 72.6787808, 23.164166 ], [ 72.6818977, 23.1634498 ], [ 72.6828526, 23.1631859 ], [ 72.6837317, 23.1629729 ], [ 72.6838044, 23.163181 ], [ 72.6789129, 23.1643034 ] ] ] } },
{ "type": "Feature", "properties": { "tags": { "visible": false }, "visible": null, "lon": null, "lat": null, "version": 2, "timestamp": 1746696130, "id": 922160510, "changeset": null, "depot": null, "industrial": null, "landuse": "grass", "military": null, "residential": null, "osm_type": "way", "basin": null, "construction": null, "farmyard": null, "grass": null, "port": null, "railway": null }, "geometry": { "type": "Polygon", "coordinates": [ [ [ 72.6786653, 23.164337 ], [ 72.6784963, 23.1643332 ], [ 72.6783004, 23.1643287 ], [ 72.6779267, 23.1642965 ], [ 72.6778938, 23.1642562 ], [ 72.6780173, 23.1642493 ], [ 72.6782148, 23.1642456 ], [ 72.6783262, 23.1642391 ], [ 72.6785555, 23.1642067 ], [ 72.6786653, 23.164337 ] ] ] } },
{ "type": "Feature", "properties": { "tags": { "visible": false }, "visible": null, "lon": null, "lat": null, "version": 1, "timestamp": 1616688964, "id": 922160511, "changeset": null, "depot": null, "industrial": null, "landuse": "grass", "military": null, "residential": null, "osm_type": "way", "basin": null, "construction": null, "farmyard": null, "grass": null, "port": null, "railway": null }, "geometry": { "type": "Polygon", "coordinates": [ [ [ 72.6784885, 23.1640857 ], [ 72.6783969, 23.1640879 ], [ 72.6783194, 23.1640642 ], [ 72.6781739, 23.1639778 ], [ 72.6779531, 23.1638181 ], [ 72.6778005, 23.1637015 ], [ 72.6776197, 23.1636411 ], [ 72.6776009, 23.1636065 ], [ 72.6779649, 23.1636518 ], [ 72.6780142, 23.1636691 ], [ 72.6784885, 23.1640857 ] ] ] } },
{ "type": "Feature", "properties": { "tags": { "visible": false }, "visible": null, "lon": null, "lat": null, "version": 2, "timestamp": 1746696130, "id": 922160512, "changeset": null, "depot": null, "industrial": null, "landuse": "grass", "military": null, "residential": null, "osm_type": "way", "basin": null, "construction": null, "farmyard": null, "grass": null, "port": null, "railway": null }, "geometry": { "type": "Polygon", "coordinates": [ [ [ 72.6781286, 23.1634841 ], [ 72.6785465, 23.1638425 ], [ 72.6786263, 23.163864 ], [ 72.6787132, 23.1638684 ], [ 72.6812655, 23.1632855 ], [ 72.6812866, 23.1633481 ], [ 72.6801825, 23.1637395 ], [ 72.6796253, 23.1638792 ], [ 72.6786397, 23.1640888 ], [ 72.6782436, 23.1637734 ], [ 72.6781286, 23.1634841 ] ] ] } },
{ "type": "Feature", "properties": { "tags": { "visible": false }, "visible": null, "lon": null, "lat": null, "version": 1, "timestamp": 1616688964, "id": 922160522, "changeset": null, "depot": null, "industrial": null, "landuse": "grass", "military": null, "residential": null, "osm_type": "way", "basin": null, "construction": null, "farmyard": null, "grass": null, "port": null, "railway": null }, "geometry": { "type": "Polygon", "coordinates": [ [ [ 72.6748522, 23.1643086 ], [ 72.6748528, 23.1643411 ], [ 72.6748418, 23.164372 ], [ 72.6748205, 23.1643978 ], [ 72.6747911, 23.1644159 ], [ 72.6747569, 23.1644241 ], [ 72.6747222, 23.1644217 ], [ 72.6746901, 23.1644091 ], [ 72.6746642, 23.1643877 ], [ 72.6746471, 23.1643597 ], [ 72.6746408, 23.1643282 ], [ 72.6746459, 23.1642965 ], [ 72.6746619, 23.164268 ], [ 72.674687, 23.1642458 ], [ 72.6747186, 23.1642322 ], [ 72.6747532, 23.1642287 ], [ 72.6747877, 23.1642358 ], [ 72.6748177, 23.1642529 ], [ 72.67484, 23.1642781 ], [ 72.6748522, 23.1643086 ] ] ] } },
{ "type": "Feature", "properties": { "tags": { "visible": false }, "visible": null, "lon": null, "lat": null, "version": 1, "timestamp": 1616688964, "id": 922160523, "changeset": null, "depot": null, "industrial": null, "landuse": "grass", "military": null, "residential": null, "osm_type": "way", "basin": null, "construction": null, "farmyard": null, "grass": null, "port": null, "railway": null }, "geometry": { "type": "Polygon", "coordinates": [ [ [ 72.6778322, 23.1634116 ], [ 72.6779395, 23.1634201 ], [ 72.6781203, 23.1636116 ], [ 72.6780866, 23.1636229 ], [ 72.6780406, 23.1635891 ], [ 72.6769008, 23.1635159 ], [ 72.6767721, 23.1635046 ], [ 72.6761562, 23.1633102 ], [ 72.6760766, 23.1632708 ], [ 72.675522, 23.1628426 ], [ 72.6755587, 23.1627947 ], [ 72.6756108, 23.1627722 ], [ 72.6756844, 23.1627834 ], [ 72.6760214, 23.163051 ], [ 72.6760704, 23.1630623 ], [ 72.6761991, 23.1631327 ], [ 72.676291, 23.1631694 ], [ 72.6762727, 23.1632201 ], [ 72.6768456, 23.1634144 ], [ 72.6778292, 23.1634764 ], [ 72.6778322, 23.1634116 ] ] ] } },
{ "type": "Feature", "properties": { "tags": { "visible": false }, "visible": null, "lon": null, "lat": null, "version": 1, "timestamp": 1616688964, "id": 922160535, "changeset": null, "depot": null, "industrial": null, "landuse": "grass", "military": null, "residential": null, "osm_type": "way", "basin": null, "construction": null, "farmyard": null, "grass": null, "port": null, "railway": null }, "geometry": { "type": "Polygon", "coordinates": [ [ [ 72.6877953, 23.1647165 ], [ 72.6878173, 23.164629 ], [ 72.6878121, 23.1645671 ], [ 72.6880105, 23.1646772 ], [ 72.6877953, 23.1647165 ] ] ] } },
{ "type": "Feature", "properties": { "tags": { "visible": false }, "visible": null, "lon": null, "lat": null, "version": 1, "timestamp": 1616688964, "id": 922160536, "changeset": null, "depot": null, "industrial": null, "landuse": "grass", "military": null, "residential": null, "osm_type": "way", "basin": null, "construction": null, "farmyard": null, "grass": null, "port": null, "railway": null }, "geometry": { "type": "Polygon", "coordinates": [ [ [ 72.6891059, 23.1650544 ], [ 72.6883658, 23.1649461 ], [ 72.6881824, 23.164928 ], [ 72.6879794, 23.164925 ], [ 72.6872393, 23.1650876 ], [ 72.6872385, 23.1650484 ], [ 72.6872589, 23.1650093 ], [ 72.6880285, 23.1648407 ], [ 72.688166, 23.1648196 ], [ 72.6883101, 23.1648316 ], [ 72.6883822, 23.1648527 ], [ 72.6887352, 23.164959 ], [ 72.6891059, 23.1650544 ] ] ] } },
{ "type": "Feature", "properties": { "tags": { "visible": false }, "visible": null, "lon": null, "lat": null, "version": 1, "timestamp": 1616688964, "id": 922160537, "changeset": null, "depot": null, "industrial": null, "landuse": "grass", "military": null, "residential": null, "osm_type": "way", "basin": null, "construction": null, "farmyard": null, "grass": null, "port": null, "railway": null }, "geometry": { "type": "Polygon", "coordinates": [ [ [ 72.6875452, 23.1641355 ], [ 72.6873348, 23.1639583 ], [ 72.687607, 23.1636851 ], [ 72.6878174, 23.1638623 ], [ 72.6875452, 23.1641355 ] ] ] } },
{ "type": "Feature", "properties": { "tags": { "visible": false }, "visible": null, "lon": null, "lat": null, "version": 1, "timestamp": 1616688964, "id": 922160540, "changeset": null, "depot": null, "industrial": null, "landuse": "grass", "military": null, "residential": null, "osm_type": "way", "basin": null, "construction": null, "farmyard": null, "grass": null, "port": null, "railway": null }, "geometry": { "type": "Polygon", "coordinates": [ [ [ 72.6773959, 23.1621541 ], [ 72.6763061, 23.1622952 ], [ 72.6763021, 23.1622724 ], [ 72.676759, 23.1619271 ], [ 72.6771215, 23.1617473 ], [ 72.6772182, 23.161721 ], [ 72.6772929, 23.1617433 ], [ 72.6773258, 23.1617917 ], [ 72.6773959, 23.1621541 ] ] ] } },
{ "type": "Feature", "properties": { "tags": { "visible": false }, "visible": null, "lon": null, "lat": null, "version": 3, "timestamp": 1746696130, "id": 922160543, "changeset": null, "depot": null, "industrial": null, "landuse": "grass", "military": null, "residential": null, "osm_type": "way", "basin": null, "construction": null, "farmyard": null, "grass": null, "port": null, "railway": null }, "geometry": { "type": "Polygon", "coordinates": [ [ [ 72.6874723, 23.1569439 ], [ 72.6875589, 23.1570872 ], [ 72.687702, 23.1573813 ], [ 72.6877862, 23.1577125 ], [ 72.6878098, 23.1579927 ], [ 72.6877946, 23.1582728 ], [ 72.6877222, 23.1585948 ], [ 72.6875673, 23.1589337 ], [ 72.6860482, 23.1618494 ], [ 72.6859201, 23.1621246 ], [ 72.68574, 23.1623554 ], [ 72.6855898, 23.1625041 ], [ 72.6854375, 23.162633 ], [ 72.6851397, 23.1627977 ], [ 72.6848149, 23.1629353 ], [ 72.6839196, 23.1631545 ], [ 72.6838758, 23.1629369 ], [ 72.6843157, 23.1628481 ], [ 72.6847418, 23.1627253 ], [ 72.6850858, 23.1625647 ], [ 72.6852921, 23.1624276 ], [ 72.6854613, 23.1622906 ], [ 72.6856526, 23.1620843 ], [ 72.6858325, 23.1618698 ], [ 72.6862183, 23.1610946 ], [ 72.6872501, 23.159082 ], [ 72.687355, 23.1588685 ], [ 72.6874598, 23.158602 ], [ 72.6875153, 23.1583167 ], [ 72.6875358, 23.1580048 ], [ 72.6875153, 23.1577327 ], [ 72.6874577, 23.157504 ], [ 72.6873632, 23.1572376 ], [ 72.6872945, 23.1570285 ], [ 72.6874723, 23.1569439 ] ] ] } },
{ "type": "Feature", "properties": { "tags": { "visible": false }, "visible": null, "lon": null, "lat": null, "version": 1, "timestamp": 1616688964, "id": 922160560, "changeset": null, "depot": null, "industrial": null, "landuse": "grass", "military": null, "residential": null, "osm_type": "way", "basin": null, "construction": null, "farmyard": null, "grass": null, "port": null, "railway": null }, "geometry": { "type": "Polygon", "coordinates": [ [ [ 72.7016337, 23.1627097 ], [ 72.7015557, 23.1627547 ], [ 72.7014747, 23.1626357 ], [ 72.7014125, 23.1625452 ], [ 72.7014901, 23.1625 ], [ 72.7016337, 23.1627097 ] ] ] } },
{ "type": "Feature", "properties": { "tags": { "visible": false }, "visible": null, "lon": null, "lat": null, "version": 1, "timestamp": 1616688964, "id": 922160561, "changeset": null, "depot": null, "industrial": null, "landuse": "grass", "military": null, "residential": null, "osm_type": "way", "basin": null, "construction": null, "farmyard": null, "grass": null, "port": null, "railway": null }, "geometry": { "type": "Polygon", "coordinates": [ [ [ 72.7016621, 23.1629848 ], [ 72.7015894, 23.1630281 ], [ 72.7014432, 23.1628197 ], [ 72.7015186, 23.162776 ], [ 72.7016621, 23.1629848 ] ] ] } },
{ "type": "Feature", "properties": { "tags": { "visible": false }, "visible": null, "lon": null, "lat": null, "version": 1, "timestamp": 1616688964, "id": 922160562, "changeset": null, "depot": null, "industrial": null, "landuse": "grass", "military": null, "residential": null, "osm_type": "way", "basin": null, "construction": null, "farmyard": null, "grass": null, "port": null, "railway": null }, "geometry": { "type": "Polygon", "coordinates": [ [ [ 72.7017008, 23.1629631 ], [ 72.701776, 23.1629186 ], [ 72.7019207, 23.1631254 ], [ 72.7018463, 23.1631701 ], [ 72.7017676, 23.1630582 ], [ 72.7017008, 23.1629631 ] ] ] } },
{ "type": "Feature", "properties": { "tags": { "visible": false }, "visible": null, "lon": null, "lat": null, "version": 1, "timestamp": 1616688964, "id": 922160563, "changeset": null, "depot": null, "industrial": null, "landuse": "grass", "military": null, "residential": null, "osm_type": "way", "basin": null, "construction": null, "farmyard": null, "grass": null, "port": null, "railway": null }, "geometry": { "type": "Polygon", "coordinates": [ [ [ 72.7018786, 23.1632944 ], [ 72.7018008, 23.163305 ], [ 72.7017485, 23.163237 ], [ 72.7018058, 23.1631997 ], [ 72.7018786, 23.1632944 ] ] ] } },
{ "type": "Feature", "properties": { "tags": { "visible": false }, "visible": null, "lon": null, "lat": null, "version": 1, "timestamp": 1616688964, "id": 922160564, "changeset": null, "depot": null, "industrial": null, "landuse": "grass", "military": null, "residential": null, "osm_type": "way", "basin": null, "construction": null, "farmyard": null, "grass": null, "port": null, "railway": null }, "geometry": { "type": "Polygon", "coordinates": [ [ [ 72.7012996, 23.1626114 ], [ 72.7012198, 23.1624978 ], [ 72.7013069, 23.1624482 ], [ 72.7013843, 23.1625617 ], [ 72.7012996, 23.1626114 ] ] ] } },
{ "type": "Feature", "properties": { "tags": { "visible": false }, "visible": null, "lon": null, "lat": null, "version": 1, "timestamp": 1616688964, "id": 922160565, "changeset": null, "depot": null, "industrial": null, "landuse": "grass", "military": null, "residential": null, "osm_type": "way", "basin": null, "construction": null, "farmyard": null, "grass": null, "port": null, "railway": null }, "geometry": { "type": "Polygon", "coordinates": [ [ [ 72.7021704, 23.16316 ], [ 72.7020914, 23.1630499 ], [ 72.7021814, 23.1629973 ], [ 72.7022631, 23.1631026 ], [ 72.7021704, 23.16316 ] ] ] } },
{ "type": "Feature", "properties": { "tags": { "visible": false }, "visible": null, "lon": null, "lat": null, "version": 1, "timestamp": 1616688964, "id": 922160566, "changeset": null, "depot": null, "industrial": null, "landuse": "grass", "military": null, "residential": null, "osm_type": "way", "basin": null, "construction": null, "farmyard": null, "grass": null, "port": null, "railway": null }, "geometry": { "type": "Polygon", "coordinates": [ [ [ 72.7020663, 23.1630651 ], [ 72.7019842, 23.1631149 ], [ 72.7018439, 23.1629067 ], [ 72.7019237, 23.1628622 ], [ 72.7020034, 23.1629774 ], [ 72.7020663, 23.1630651 ] ] ] } },
{ "type": "Feature", "properties": { "tags": { "visible": false }, "visible": null, "lon": null, "lat": null, "version": 1, "timestamp": 1616688964, "id": 922160567, "changeset": null, "depot": null, "industrial": null, "landuse": "grass", "military": null, "residential": null, "osm_type": "way", "basin": null, "construction": null, "farmyard": null, "grass": null, "port": null, "railway": null }, "geometry": { "type": "Polygon", "coordinates": [ [ [ 72.7016994, 23.1626944 ], [ 72.7015558, 23.1624906 ], [ 72.7016291, 23.1624437 ], [ 72.7017755, 23.1626505 ], [ 72.7016994, 23.1626944 ] ] ] } },
{ "type": "Feature", "properties": { "tags": { "visible": false }, "visible": null, "lon": null, "lat": null, "version": 1, "timestamp": 1616688964, "id": 922160568, "changeset": null, "depot": null, "industrial": null, "landuse": "grass", "military": null, "residential": null, "osm_type": "way", "basin": null, "construction": null, "farmyard": null, "grass": null, "port": null, "railway": null }, "geometry": { "type": "Polygon", "coordinates": [ [ [ 72.7019591, 23.1628411 ], [ 72.7018132, 23.1626288 ], [ 72.7018848, 23.1625868 ], [ 72.7020352, 23.1627956 ], [ 72.7019591, 23.1628411 ] ] ] } },
{ "type": "Feature", "properties": { "tags": { "visible": false }, "visible": null, "lon": null, "lat": null, "version": 1, "timestamp": 1616688964, "id": 922160569, "changeset": null, "depot": null, "industrial": null, "landuse": "grass", "military": null, "residential": null, "osm_type": "way", "basin": null, "construction": null, "farmyard": null, "grass": null, "port": null, "railway": null }, "geometry": { "type": "Polygon", "coordinates": [ [ [ 72.7016635, 23.1624222 ], [ 72.7015867, 23.1623203 ], [ 72.7016528, 23.1622756 ], [ 72.7017356, 23.1623771 ], [ 72.7016635, 23.1624222 ] ] ] } },
{ "type": "Feature", "properties": { "tags": { "visible": false }, "visible": null, "lon": null, "lat": null, "version": 1, "timestamp": 1616688964, "id": 922160570, "changeset": null, "depot": null, "industrial": null, "landuse": "grass", "military": null, "residential": null, "osm_type": "way", "basin": null, "construction": null, "farmyard": null, "grass": null, "port": null, "railway": null }, "geometry": { "type": "Polygon", "coordinates": [ [ [ 72.7009903, 23.1624718 ], [ 72.7009265, 23.1624456 ], [ 72.7008694, 23.1624335 ], [ 72.7008013, 23.1624617 ], [ 72.7007684, 23.1624799 ], [ 72.7007464, 23.1625526 ], [ 72.7006519, 23.1625708 ], [ 72.7006146, 23.1624294 ], [ 72.7005992, 23.1623466 ], [ 72.7006146, 23.1623002 ], [ 72.7008167, 23.1622274 ], [ 72.700909, 23.1621911 ], [ 72.7009463, 23.1622133 ], [ 72.7010628, 23.1624052 ], [ 72.7009903, 23.1624718 ] ] ] } },
{ "type": "Feature", "properties": { "tags": { "visible": false }, "visible": null, "lon": null, "lat": null, "version": 1, "timestamp": 1616688964, "id": 922160579, "changeset": null, "depot": null, "industrial": null, "landuse": "grass", "military": null, "residential": null, "osm_type": "way", "basin": null, "construction": null, "farmyard": null, "grass": null, "port": null, "railway": null }, "geometry": { "type": "Polygon", "coordinates": [ [ [ 72.7011496, 23.1635306 ], [ 72.701129, 23.1634563 ], [ 72.7008651, 23.1635233 ], [ 72.7008563, 23.1634635 ], [ 72.7016524, 23.1632778 ], [ 72.7016895, 23.1633067 ], [ 72.7017246, 23.1633504 ], [ 72.7017289, 23.1634111 ], [ 72.7016859, 23.1634572 ], [ 72.7016548, 23.1633382 ], [ 72.7013924, 23.1633965 ], [ 72.701412, 23.1634747 ], [ 72.7012869, 23.1635028 ], [ 72.7011496, 23.1635306 ] ] ] } },
{ "type": "Feature", "properties": { "tags": { "visible": false }, "visible": null, "lon": null, "lat": null, "version": 1, "timestamp": 1616688964, "id": 922160587, "changeset": null, "depot": null, "industrial": null, "landuse": "grass", "military": null, "residential": null, "osm_type": "way", "basin": null, "construction": null, "farmyard": null, "grass": null, "port": null, "railway": null }, "geometry": { "type": "Polygon", "coordinates": [ [ [ 72.6848682, 23.1515393 ], [ 72.6848161, 23.1516323 ], [ 72.6847426, 23.1516774 ], [ 72.6846169, 23.1516999 ], [ 72.684525, 23.1516745 ], [ 72.6844607, 23.1516238 ], [ 72.6844208, 23.1515506 ], [ 72.68443, 23.1514942 ], [ 72.6844791, 23.1514294 ], [ 72.6845649, 23.1513928 ], [ 72.6846384, 23.1513703 ], [ 72.6847487, 23.1513787 ], [ 72.6848222, 23.151421 ], [ 72.684859, 23.1514661 ], [ 72.6848682, 23.1515393 ] ] ] } },
{ "type": "Feature", "properties": { "tags": { "visible": false }, "visible": null, "lon": null, "lat": null, "version": 1, "timestamp": 1616722150, "id": 922315029, "changeset": null, "depot": null, "industrial": null, "landuse": "grass", "military": null, "residential": null, "osm_type": "way", "basin": null, "construction": null, "farmyard": null, "grass": null, "port": null, "railway": null }, "geometry": { "type": "Polygon", "coordinates": [ [ [ 72.6961738, 23.1615665 ], [ 72.6961196, 23.1612085 ], [ 72.6962914, 23.1611752 ], [ 72.6964977, 23.161124 ], [ 72.6966418, 23.1610878 ], [ 72.6971363, 23.1610427 ], [ 72.6971256, 23.1612056 ], [ 72.6970983, 23.161555 ], [ 72.6970545, 23.1616328 ], [ 72.6967073, 23.1616418 ], [ 72.6966975, 23.1615365 ], [ 72.6961738, 23.1615665 ] ] ] } },
{ "type": "Feature", "properties": { "tags": { "visible": false }, "visible": null, "lon": null, "lat": null, "version": 2, "timestamp": 1746696130, "id": 922315030, "changeset": null, "depot": null, "industrial": null, "landuse": "grass", "military": null, "residential": null, "osm_type": "way", "basin": null, "construction": null, "farmyard": null, "grass": null, "port": null, "railway": null }, "geometry": { "type": "Polygon", "coordinates": [ [ [ 72.6787696, 23.1644233 ], [ 72.6787958, 23.1644571 ], [ 72.6759381, 23.1650856 ], [ 72.6758515, 23.1650669 ], [ 72.6758084, 23.1650387 ], [ 72.675756, 23.1649477 ], [ 72.6757587, 23.1648746 ], [ 72.675781, 23.1648151 ], [ 72.6758212, 23.1647802 ], [ 72.6759043, 23.1647407 ], [ 72.6770498, 23.1644699 ], [ 72.6772333, 23.1644409 ], [ 72.6775315, 23.1644119 ], [ 72.6778497, 23.1644093 ], [ 72.6783223, 23.1644337 ], [ 72.6787696, 23.1644233 ] ] ] } },
{ "type": "Feature", "properties": { "tags": { "visible": false }, "visible": null, "lon": null, "lat": null, "version": 1, "timestamp": 1616722150, "id": 922315031, "changeset": null, "depot": null, "industrial": null, "landuse": "grass", "military": null, "residential": null, "osm_type": "way", "basin": null, "construction": null, "farmyard": null, "grass": null, "port": null, "railway": null }, "geometry": { "type": "Polygon", "coordinates": [ [ [ 72.6749615, 23.1650683 ], [ 72.6745177, 23.1654432 ], [ 72.6742778, 23.1657483 ], [ 72.6741059, 23.1660314 ], [ 72.67395, 23.1663071 ], [ 72.673918, 23.166285 ], [ 72.6740259, 23.1659432 ], [ 72.6741339, 23.1656932 ], [ 72.6746377, 23.1646051 ], [ 72.6746777, 23.1645757 ], [ 72.6747496, 23.1645573 ], [ 72.6748136, 23.1645794 ], [ 72.6750895, 23.1648845 ], [ 72.6750735, 23.164947 ], [ 72.6750375, 23.1650058 ], [ 72.6749615, 23.1650683 ] ] ] } },
{ "type": "Feature", "properties": { "tags": { "visible": false }, "visible": null, "lon": null, "lat": null, "version": 1, "timestamp": 1616722150, "id": 922315032, "changeset": null, "depot": null, "industrial": null, "landuse": "grass", "military": null, "residential": null, "osm_type": "way", "basin": null, "construction": null, "farmyard": null, "grass": null, "port": null, "railway": null }, "geometry": { "type": "Polygon", "coordinates": [ [ [ 72.6742458, 23.1666085 ], [ 72.6740094, 23.1664835 ], [ 72.6741185, 23.1662185 ], [ 72.674253, 23.1659732 ], [ 72.6743843, 23.1657883 ], [ 72.6745696, 23.1655706 ], [ 72.6747644, 23.1653946 ], [ 72.6750044, 23.1652026 ], [ 72.6752091, 23.1650403 ], [ 72.6754241, 23.1652933 ], [ 72.6752774, 23.1654606 ], [ 72.6750774, 23.1656143 ], [ 72.6749138, 23.1657203 ], [ 72.6747905, 23.1658705 ], [ 72.6746472, 23.1660313 ], [ 72.6745325, 23.1661605 ], [ 72.674435, 23.1662764 ], [ 72.6743548, 23.1664056 ], [ 72.6742458, 23.1666085 ] ] ] } },
{ "type": "Feature", "properties": { "tags": { "visible": false }, "visible": null, "lon": null, "lat": null, "version": 1, "timestamp": 1616722150, "id": 922315036, "changeset": null, "depot": null, "industrial": null, "landuse": "grass", "military": null, "residential": null, "osm_type": "way", "basin": null, "construction": null, "farmyard": null, "grass": null, "port": null, "railway": null }, "geometry": { "type": "Polygon", "coordinates": [ [ [ 72.6846431, 23.1669692 ], [ 72.6845571, 23.1669534 ], [ 72.6845284, 23.1669376 ], [ 72.6844998, 23.1669086 ], [ 72.6844912, 23.1668612 ], [ 72.684517, 23.1666846 ], [ 72.6845514, 23.166682 ], [ 72.6845571, 23.1665502 ], [ 72.6845342, 23.1664 ], [ 72.6844969, 23.1664 ], [ 72.6844768, 23.1663209 ], [ 72.6844396, 23.1662497 ], [ 72.684431, 23.1662023 ], [ 72.6844396, 23.1661733 ], [ 72.6844711, 23.1661601 ], [ 72.6845084, 23.1661654 ], [ 72.6845399, 23.1662049 ], [ 72.6845772, 23.1663472 ], [ 72.684603, 23.166537 ], [ 72.6846259, 23.1667347 ], [ 72.6846431, 23.1669692 ] ] ] } },
{ "type": "Feature", "properties": { "tags": { "visible": false }, "visible": null, "lon": null, "lat": null, "version": 1, "timestamp": 1616722150, "id": 922315037, "changeset": null, "depot": null, "industrial": null, "landuse": "grass", "military": null, "residential": null, "osm_type": "way", "basin": null, "construction": null, "farmyard": null, "grass": null, "port": null, "railway": null }, "geometry": { "type": "Polygon", "coordinates": [ [ [ 72.6843853, 23.165703 ], [ 72.6844154, 23.16574 ], [ 72.6844279, 23.1657976 ], [ 72.6844054, 23.1658322 ], [ 72.6843803, 23.1658576 ], [ 72.68431, 23.1658784 ], [ 72.6842698, 23.1658807 ], [ 72.6842121, 23.1657492 ], [ 72.6843853, 23.165703 ] ] ] } },
{ "type": "Feature", "properties": { "tags": { "visible": false }, "visible": null, "lon": null, "lat": null, "version": 1, "timestamp": 1616722150, "id": 922315038, "changeset": null, "depot": null, "industrial": null, "landuse": "grass", "military": null, "residential": null, "osm_type": "way", "basin": null, "construction": null, "farmyard": null, "grass": null, "port": null, "railway": null }, "geometry": { "type": "Polygon", "coordinates": [ [ [ 72.6838969, 23.1659459 ], [ 72.6838153, 23.1659389 ], [ 72.6836826, 23.1659338 ], [ 72.6835973, 23.1659499 ], [ 72.6835095, 23.1659753 ], [ 72.6834041, 23.1660191 ], [ 72.683379, 23.1660007 ], [ 72.6832635, 23.1660745 ], [ 72.6830301, 23.1657792 ], [ 72.6834593, 23.1658553 ], [ 72.6836048, 23.1658761 ], [ 72.6837654, 23.1658669 ], [ 72.6839787, 23.1658207 ], [ 72.6839988, 23.1658807 ], [ 72.6839411, 23.1658853 ], [ 72.6838984, 23.1658853 ], [ 72.6838969, 23.1659459 ] ] ] } },
{ "type": "Feature", "properties": { "tags": { "visible": false }, "visible": null, "lon": null, "lat": null, "version": 1, "timestamp": 1616722150, "id": 922315039, "changeset": null, "depot": null, "industrial": null, "landuse": "grass", "military": null, "residential": null, "osm_type": "way", "basin": null, "construction": null, "farmyard": null, "grass": null, "port": null, "railway": null }, "geometry": { "type": "Polygon", "coordinates": [ [ [ 72.687109, 23.1652162 ], [ 72.686737, 23.1652681 ], [ 72.6867256, 23.165199 ], [ 72.6870976, 23.165147 ], [ 72.687109, 23.1652162 ] ] ] } },
{ "type": "Feature", "properties": { "tags": { "visible": false }, "visible": null, "lon": null, "lat": null, "version": 1, "timestamp": 1616722150, "id": 922315040, "changeset": null, "depot": null, "industrial": null, "landuse": "grass", "military": null, "residential": null, "osm_type": "way", "basin": null, "construction": null, "farmyard": null, "grass": null, "port": null, "railway": null }, "geometry": { "type": "Polygon", "coordinates": [ [ [ 72.6875378, 23.1651731 ], [ 72.6872173, 23.1651747 ], [ 72.6872184, 23.1651294 ], [ 72.6875389, 23.1650469 ], [ 72.6875378, 23.1651731 ] ] ] } },
{ "type": "Feature", "properties": { "tags": { "visible": false }, "visible": null, "lon": null, "lat": null, "version": 1, "timestamp": 1616722150, "id": 922315043, "changeset": null, "depot": null, "industrial": null, "landuse": "grass", "military": null, "residential": null, "osm_type": "way", "basin": null, "construction": null, "farmyard": null, "grass": null, "port": null, "railway": null }, "geometry": { "type": "Polygon", "coordinates": [ [ [ 72.6777698, 23.1641749 ], [ 72.6770643, 23.1642721 ], [ 72.6770914, 23.16422 ], [ 72.6771282, 23.1641678 ], [ 72.6772055, 23.164129 ], [ 72.67764, 23.1640846 ], [ 72.6776907, 23.1640968 ], [ 72.6777698, 23.1641749 ] ] ] } },
{ "type": "Feature", "properties": { "tags": { "visible": false }, "visible": null, "lon": null, "lat": null, "version": 1, "timestamp": 1616722150, "id": 922315044, "changeset": null, "depot": null, "industrial": null, "landuse": "grass", "military": null, "residential": null, "osm_type": "way", "basin": null, "construction": null, "farmyard": null, "grass": null, "port": null, "railway": null }, "geometry": { "type": "Polygon", "coordinates": [ [ [ 72.6778392, 23.1641545 ], [ 72.6777317, 23.1640424 ], [ 72.67771, 23.1640069 ], [ 72.6776388, 23.1636862 ], [ 72.6777281, 23.1637006 ], [ 72.6778331, 23.1637484 ], [ 72.6780359, 23.1638915 ], [ 72.6781735, 23.1639958 ], [ 72.6782459, 23.1640435 ], [ 72.6783099, 23.1640691 ], [ 72.6783895, 23.1640957 ], [ 72.6784535, 23.164109 ], [ 72.6781276, 23.1641379 ], [ 72.6778392, 23.1641545 ] ] ] } },
{ "type": "Feature", "properties": { "tags": { "visible": false }, "visible": null, "lon": null, "lat": null, "version": 1, "timestamp": 1616722150, "id": 922315045, "changeset": null, "depot": null, "industrial": null, "landuse": "grass", "military": null, "residential": null, "osm_type": "way", "basin": null, "construction": null, "farmyard": null, "grass": null, "port": null, "railway": null }, "geometry": { "type": "Polygon", "coordinates": [ [ [ 72.6786212, 23.1633244 ], [ 72.6783235, 23.1633441 ], [ 72.6782698, 23.1633416 ], [ 72.6782296, 23.1633096 ], [ 72.6781625, 23.1632479 ], [ 72.6781089, 23.1631764 ], [ 72.6780687, 23.1631098 ], [ 72.67853, 23.1630062 ], [ 72.6786212, 23.1633244 ] ] ] } },
{ "type": "Feature", "properties": { "tags": { "visible": false }, "visible": null, "lon": null, "lat": null, "version": 1, "timestamp": 1637297511, "id": 1004214874, "changeset": null, "depot": null, "industrial": null, "landuse": "grass", "military": null, "residential": null, "osm_type": "way", "basin": null, "construction": null, "farmyard": null, "grass": null, "port": null, "railway": null }, "geometry": { "type": "Polygon", "coordinates": [ [ [ 72.5676548, 23.1871263 ], [ 72.5675166, 23.186904 ], [ 72.5674579, 23.1867416 ], [ 72.5674361, 23.1866024 ], [ 72.5674346, 23.1865082 ], [ 72.567478, 23.1863662 ], [ 72.5676726, 23.1861889 ], [ 72.5677319, 23.1861459 ], [ 72.5678427, 23.186116 ], [ 72.5679602, 23.1860856 ], [ 72.5681908, 23.1860747 ], [ 72.5683926, 23.1860826 ], [ 72.568538, 23.1861253 ], [ 72.5686528, 23.1861591 ], [ 72.5687914, 23.1862382 ], [ 72.5689129, 23.1863075 ], [ 72.5689424, 23.1863243 ], [ 72.5690953, 23.1864569 ], [ 72.5691812, 23.1865314 ], [ 72.5691934, 23.1865495 ], [ 72.5692321, 23.1866073 ], [ 72.5693421, 23.1867607 ], [ 72.5694279, 23.1869801 ], [ 72.5694295, 23.1870112 ], [ 72.5694386, 23.1871872 ], [ 72.5694049, 23.1872787 ], [ 72.5693823, 23.1873401 ], [ 72.5693501, 23.1874066 ], [ 72.5692379, 23.1874994 ], [ 72.5692066, 23.1875253 ], [ 72.5691441, 23.1875771 ], [ 72.5689324, 23.1876444 ], [ 72.5688158, 23.1876655 ], [ 72.56859, 23.1876531 ], [ 72.5684994, 23.1876356 ], [ 72.5684292, 23.1876214 ], [ 72.5683466, 23.1876048 ], [ 72.5683059, 23.1875853 ], [ 72.5680877, 23.1874809 ], [ 72.5680332, 23.1874548 ], [ 72.5679611, 23.187402 ], [ 72.567836, 23.1873103 ], [ 72.5677498, 23.1872228 ], [ 72.5676548, 23.1871263 ] ] ] } },
{ "type": "Feature", "properties": { "tags": { "visible": false, "name": "Sarthak Mall Garden" }, "visible": null, "lon": null, "lat": null, "version": 1, "timestamp": 1648832015, "id": 1047209401, "changeset": null, "depot": null, "industrial": null, "landuse": "grass", "military": null, "residential": null, "osm_type": "way", "basin": null, "construction": null, "farmyard": null, "grass": null, "port": null, "railway": null }, "geometry": { "type": "Polygon", "coordinates": [ [ [ 72.6147989, 23.1953088 ], [ 72.6148688, 23.1949383 ], [ 72.6150109, 23.194961 ], [ 72.6149409, 23.1953315 ], [ 72.6147989, 23.1953088 ] ] ] } },
{ "type": "Feature", "properties": { "tags": { "visible": false }, "visible": null, "lon": null, "lat": null, "version": 1, "timestamp": 1659027467, "id": 1082137059, "changeset": null, "depot": null, "industrial": null, "landuse": "grass", "military": null, "residential": null, "osm_type": "way", "basin": null, "construction": null, "farmyard": null, "grass": null, "port": null, "railway": null }, "geometry": { "type": "Polygon", "coordinates": [ [ [ 72.5786114, 23.1902208 ], [ 72.5779532, 23.1898044 ], [ 72.5782112, 23.1894548 ], [ 72.5782487, 23.1894807 ], [ 72.5782662, 23.1894585 ], [ 72.5788629, 23.1898172 ], [ 72.578816, 23.1898838 ], [ 72.5788415, 23.1898986 ], [ 72.5786114, 23.1902208 ] ] ] } },
{ "type": "Feature", "properties": { "tags": { "visible": false }, "visible": null, "lon": null, "lat": null, "version": 1, "timestamp": 1659027467, "id": 1082137075, "changeset": null, "depot": null, "industrial": null, "landuse": "grass", "military": null, "residential": null, "osm_type": "way", "basin": null, "construction": null, "farmyard": null, "grass": null, "port": null, "railway": null }, "geometry": { "type": "Polygon", "coordinates": [ [ [ 72.5786671, 23.1886375 ], [ 72.5788173, 23.1884526 ], [ 72.5791312, 23.1886548 ], [ 72.5789756, 23.1888347 ], [ 72.5786671, 23.1886375 ] ] ] } },
{ "type": "Feature", "properties": { "tags": { "visible": false, "name": "Pet Park", "wikimedia_commons": "File:Pet park Parimal Garden.jpg" }, "visible": null, "lon": null, "lat": null, "version": 2, "timestamp": 1690622879, "id": 1087439967, "changeset": null, "depot": null, "industrial": null, "landuse": "grass", "military": null, "residential": null, "osm_type": "way", "basin": null, "construction": null, "farmyard": null, "grass": null, "port": null, "railway": null }, "geometry": { "type": "Polygon", "coordinates": [ [ [ 72.5555047, 23.0196822 ], [ 72.5555301, 23.0196643 ], [ 72.5555556, 23.0196545 ], [ 72.5555845, 23.0196557 ], [ 72.5556126, 23.0196631 ], [ 72.5556368, 23.0196767 ], [ 72.5556488, 23.0196859 ], [ 72.5556555, 23.0197112 ], [ 72.5556576, 23.0197384 ], [ 72.5555322, 23.0199575 ], [ 72.5555027, 23.0199649 ], [ 72.5554731, 23.0199748 ], [ 72.555447, 23.0199939 ], [ 72.5554329, 23.0200248 ], [ 72.5554363, 23.0200525 ], [ 72.555451, 23.0200865 ], [ 72.5554376, 23.0201105 ], [ 72.5554034, 23.0201383 ], [ 72.5553679, 23.0201395 ], [ 72.5553384, 23.0201315 ], [ 72.5553082, 23.0201179 ], [ 72.5552968, 23.0200976 ], [ 72.5552921, 23.0200747 ], [ 72.5552955, 23.0200538 ], [ 72.5555047, 23.0196822 ] ] ] } },
{ "type": "Feature", "properties": { "tags": { "visible": false, "amenity": "events_venue", "name": "Aman Party Plot" }, "visible": null, "lon": null, "lat": null, "version": 1, "timestamp": 1692047393, "id": 1198134748, "changeset": null, "depot": null, "industrial": null, "landuse": "grass", "military": null, "residential": null, "osm_type": "way", "basin": null, "construction": null, "farmyard": null, "grass": null, "port": null, "railway": null }, "geometry": { "type": "Polygon", "coordinates": [ [ [ 72.5374239, 23.0096354 ], [ 72.5374652, 23.0092442 ], [ 72.5373964, 23.0092381 ], [ 72.5374496, 23.0087342 ], [ 72.5385266, 23.0088306 ], [ 72.538473, 23.0093381 ], [ 72.5376248, 23.0092622 ], [ 72.5375839, 23.0096497 ], [ 72.5374239, 23.0096354 ] ] ] } },
{ "type": "Feature", "properties": { "tags": { "visible": false, "amenity": "events_venue", "name": "Chanchal Party Plot" }, "visible": null, "lon": null, "lat": null, "version": 1, "timestamp": 1692047393, "id": 1198134749, "changeset": null, "depot": null, "industrial": null, "landuse": "grass", "military": null, "residential": null, "osm_type": "way", "basin": null, "construction": null, "farmyard": null, "grass": null, "port": null, "railway": null }, "geometry": { "type": "Polygon", "coordinates": [ [ [ 72.5384008, 23.0087631 ], [ 72.5385534, 23.0078833 ], [ 72.5395255, 23.0080261 ], [ 72.5393729, 23.0089059 ], [ 72.5384008, 23.0087631 ] ] ] } },
{ "type": "Feature", "properties": { "tags": { "visible": false, "amenity": "events_venue", "name": "Aakash Party Plot" }, "visible": null, "lon": null, "lat": null, "version": 1, "timestamp": 1692047393, "id": 1198134750, "changeset": null, "depot": null, "industrial": null, "landuse": "grass", "military": null, "residential": null, "osm_type": "way", "basin": null, "construction": null, "farmyard": null, "grass": null, "port": null, "railway": null }, "geometry": { "type": "Polygon", "coordinates": [ [ [ 72.5362739, 23.0093198 ], [ 72.5364201, 23.0083532 ], [ 72.5370276, 23.0084384 ], [ 72.5368962, 23.0094062 ], [ 72.5362739, 23.0093198 ] ] ] } },
{ "type": "Feature", "properties": { "tags": { "visible": false }, "visible": null, "lon": null, "lat": null, "version": 1, "timestamp": 1692611980, "id": 1200779820, "changeset": null, "depot": null, "industrial": null, "landuse": "grass", "military": null, "residential": null, "osm_type": "way", "basin": null, "construction": null, "farmyard": null, "grass": null, "port": null, "railway": null }, "geometry": { "type": "Polygon", "coordinates": [ [ [ 72.5476639, 23.1291497 ], [ 72.5476478, 23.1290498 ], [ 72.5477216, 23.1289881 ], [ 72.5478074, 23.1289906 ], [ 72.5478785, 23.129067 ], [ 72.5478812, 23.1291521 ], [ 72.5478195, 23.1292002 ], [ 72.5477202, 23.129199 ], [ 72.5476639, 23.1291497 ] ] ] } },
{ "type": "Feature", "properties": { "tags": { "visible": false }, "visible": null, "lon": null, "lat": null, "version": 1, "timestamp": 1692611980, "id": 1200779821, "changeset": null, "depot": null, "industrial": null, "landuse": "grass", "military": null, "residential": null, "osm_type": "way", "basin": null, "construction": null, "farmyard": null, "grass": null, "port": null, "railway": null }, "geometry": { "type": "Polygon", "coordinates": [ [ [ 72.547674, 23.1284806 ], [ 72.5477135, 23.1284732 ], [ 72.547731, 23.1284979 ], [ 72.5478188, 23.1284973 ], [ 72.5478335, 23.1284751 ], [ 72.5478751, 23.1284751 ], [ 72.5477725, 23.1285663 ], [ 72.547674, 23.1284806 ] ] ] } },
{ "type": "Feature", "properties": { "tags": { "visible": false }, "visible": null, "lon": null, "lat": null, "version": 1, "timestamp": 1693211598, "id": 1202722676, "changeset": null, "depot": null, "industrial": null, "landuse": "grass", "military": null, "residential": null, "osm_type": "way", "basin": null, "construction": null, "farmyard": null, "grass": null, "port": null, "railway": null }, "geometry": { "type": "Polygon", "coordinates": [ [ [ 72.4549006, 23.0461494 ], [ 72.4548771, 23.0460953 ], [ 72.4549199, 23.04604 ], [ 72.4550053, 23.0460327 ], [ 72.4550991, 23.0460672 ], [ 72.4551529, 23.0461126 ], [ 72.4551642, 23.0461756 ], [ 72.4551135, 23.046225 ], [ 72.4549788, 23.0462039 ], [ 72.4549006, 23.0461494 ] ] ] } },
{ "type": "Feature", "properties": { "tags": { "visible": false, "name": "Central Lawn" }, "visible": null, "lon": null, "lat": null, "version": 1, "timestamp": 1722794381, "id": 1305601800, "changeset": null, "depot": null, "industrial": null, "landuse": "grass", "military": null, "residential": null, "osm_type": "way", "basin": null, "construction": null, "farmyard": null, "grass": null, "port": null, "railway": null }, "geometry": { "type": "Polygon", "coordinates": [ [ [ 72.5789214, 23.0214956 ], [ 72.5789755, 23.0209241 ], [ 72.5795019, 23.0209663 ], [ 72.5794478, 23.0215378 ], [ 72.5789214, 23.0214956 ] ] ] } },
{ "type": "Feature", "properties": { "tags": { "visible": false }, "visible": null, "lon": null, "lat": null, "version": 1, "timestamp": 1734449789, "id": 1342955780, "changeset": null, "depot": null, "industrial": null, "landuse": "grass", "military": null, "residential": null, "osm_type": "way", "basin": null, "construction": null, "farmyard": null, "grass": null, "port": null, "railway": null }, "geometry": { "type": "Polygon", "coordinates": [ [ [ 72.5095898, 23.0084138 ], [ 72.5096925, 23.0084162 ], [ 72.509688, 23.0085804 ], [ 72.5095853, 23.008578 ], [ 72.5095898, 23.0084138 ] ] ] } },
{ "type": "Feature", "properties": { "tags": { "visible": false }, "visible": null, "lon": null, "lat": null, "version": 1, "timestamp": 1734449789, "id": 1342955798, "changeset": null, "depot": null, "industrial": null, "landuse": "grass", "military": null, "residential": null, "osm_type": "way", "basin": null, "construction": null, "farmyard": null, "grass": null, "port": null, "railway": null }, "geometry": { "type": "Polygon", "coordinates": [ [ [ 72.4987497, 23.0229475 ], [ 72.498927, 23.0229673 ], [ 72.4989078, 23.023113 ], [ 72.4987305, 23.0230932 ], [ 72.4987497, 23.0229475 ] ] ] } },
{ "type": "Feature", "properties": { "tags": { "visible": false }, "visible": null, "lon": null, "lat": null, "version": 1, "timestamp": 1734449789, "id": 1342955818, "changeset": null, "depot": null, "industrial": null, "landuse": "grass", "military": null, "residential": null, "osm_type": "way", "basin": null, "construction": null, "farmyard": null, "grass": null, "port": null, "railway": null }, "geometry": { "type": "Polygon", "coordinates": [ [ [ 72.4874744, 23.0306476 ], [ 72.487475, 23.0306893 ], [ 72.4874615, 23.0307057 ], [ 72.4874137, 23.0307102 ], [ 72.4873769, 23.0306927 ], [ 72.487356, 23.0306685 ], [ 72.4873217, 23.0306532 ], [ 72.4872598, 23.030647 ], [ 72.4872199, 23.0306476 ], [ 72.4871843, 23.0306352 ], [ 72.4871653, 23.0306081 ], [ 72.4871641, 23.0305691 ], [ 72.4871917, 23.0304839 ], [ 72.4875075, 23.0305579 ], [ 72.4874645, 23.0306222 ], [ 72.4874744, 23.0306476 ] ] ] } },
{ "type": "Feature", "properties": { "tags": { "visible": false }, "visible": null, "lon": null, "lat": null, "version": 1, "timestamp": 1734449789, "id": 1342955823, "changeset": null, "depot": null, "industrial": null, "landuse": "grass", "military": null, "residential": null, "osm_type": "way", "basin": null, "construction": null, "farmyard": null, "grass": null, "port": null, "railway": null }, "geometry": { "type": "Polygon", "coordinates": [ [ [ 72.4904276, 23.0226885 ], [ 72.4903696, 23.0224965 ], [ 72.4904944, 23.0224506 ], [ 72.4906466, 23.0224824 ], [ 72.4906925, 23.0224758 ], [ 72.4908278, 23.0223883 ], [ 72.4908769, 23.0223883 ], [ 72.4909623, 23.0224898 ], [ 72.4909526, 23.022538 ], [ 72.4904276, 23.0226885 ] ] ] } },
{ "type": "Feature", "properties": { "tags": { "visible": false }, "visible": null, "lon": null, "lat": null, "version": 1, "timestamp": 1734449789, "id": 1342955836, "changeset": null, "depot": null, "industrial": null, "landuse": "grass", "military": null, "residential": null, "osm_type": "way", "basin": null, "construction": null, "farmyard": null, "grass": null, "port": null, "railway": null }, "geometry": { "type": "Polygon", "coordinates": [ [ [ 72.5000466, 23.0414185 ], [ 72.5001184, 23.0413909 ], [ 72.5001697, 23.0414035 ], [ 72.500279, 23.0414397 ], [ 72.5002842, 23.0414735 ], [ 72.5002645, 23.0415364 ], [ 72.5002594, 23.0415687 ], [ 72.5002936, 23.0416268 ], [ 72.5003064, 23.0417385 ], [ 72.5002662, 23.0417684 ], [ 72.5002209, 23.0417943 ], [ 72.5001833, 23.0418046 ], [ 72.5001816, 23.0417133 ], [ 72.5000688, 23.0417086 ], [ 72.5000757, 23.0417849 ], [ 72.500003, 23.041755 ], [ 72.499997, 23.0416308 ], [ 72.5000235, 23.0416064 ], [ 72.5000321, 23.0415742 ], [ 72.500091, 23.0415592 ], [ 72.5000893, 23.0415175 ], [ 72.5000423, 23.0414979 ], [ 72.5000466, 23.0414185 ] ] ] } },
{ "type": "Feature", "properties": { "tags": { "visible": false }, "visible": null, "lon": null, "lat": null, "version": 1, "timestamp": 1734449789, "id": 1342955839, "changeset": null, "depot": null, "industrial": null, "landuse": "grass", "military": null, "residential": null, "osm_type": "way", "basin": null, "construction": null, "farmyard": null, "grass": null, "port": null, "railway": null }, "geometry": { "type": "Polygon", "coordinates": [ [ [ 72.5122452, 23.0634701 ], [ 72.5121971, 23.0632798 ], [ 72.5122669, 23.0632649 ], [ 72.5123149, 23.0634552 ], [ 72.5122452, 23.0634701 ] ] ] } },
{ "type": "Feature", "properties": { "tags": { "visible": false }, "visible": null, "lon": null, "lat": null, "version": 1, "timestamp": 1749769900, "id": 1394856693, "changeset": null, "depot": null, "industrial": null, "landuse": "grass", "military": null, "residential": null, "osm_type": "way", "basin": null, "construction": null, "farmyard": null, "grass": null, "port": null, "railway": null }, "geometry": { "type": "Polygon", "coordinates": [ [ [ 72.6221033, 23.0666944 ], [ 72.6221911, 23.0667975 ], [ 72.6223405, 23.0668731 ], [ 72.6225105, 23.0668937 ], [ 72.6226674, 23.0668662 ], [ 72.6228784, 23.0667928 ], [ 72.6231912, 23.0670867 ], [ 72.6231475, 23.06721 ], [ 72.6228467, 23.0675571 ], [ 72.6224675, 23.0678459 ], [ 72.6224152, 23.0678613 ], [ 72.6223629, 23.0678579 ], [ 72.6223218, 23.0678407 ], [ 72.6219538, 23.0675571 ], [ 72.6217185, 23.0672856 ], [ 72.6216848, 23.0672426 ], [ 72.6216643, 23.0671876 ], [ 72.6216755, 23.0671361 ], [ 72.6217016, 23.0670931 ], [ 72.6220024, 23.0667717 ], [ 72.6221033, 23.0666944 ] ] ] } },
{ "type": "Feature", "properties": { "tags": { "visible": false }, "visible": null, "lon": null, "lat": null, "version": 1, "timestamp": 1749769900, "id": 1394856694, "changeset": null, "depot": null, "industrial": null, "landuse": "grass", "military": null, "residential": null, "osm_type": "way", "basin": null, "construction": null, "farmyard": null, "grass": null, "port": null, "railway": null }, "geometry": { "type": "Polygon", "coordinates": [ [ [ 72.6206947, 23.0679429 ], [ 72.6211032, 23.067633 ], [ 72.6211602, 23.0676126 ], [ 72.6212045, 23.0676097 ], [ 72.6212519, 23.0676243 ], [ 72.621293, 23.0676476 ], [ 72.6216173, 23.0678949 ], [ 72.6218984, 23.0682425 ], [ 72.621911, 23.0682866 ], [ 72.6219088, 23.0683264 ], [ 72.6218906, 23.0683672 ], [ 72.6215571, 23.0687579 ], [ 72.6211819, 23.0690335 ], [ 72.6211272, 23.0690455 ], [ 72.6210725, 23.0690479 ], [ 72.6210178, 23.0690239 ], [ 72.6208927, 23.0689185 ], [ 72.6207, 23.0688322 ], [ 72.620356, 23.0685038 ], [ 72.6203274, 23.0684678 ], [ 72.6203144, 23.0684127 ], [ 72.62033, 23.0683695 ], [ 72.6206947, 23.0679429 ] ] ] } },
{ "type": "Feature", "properties": { "tags": { "visible": false }, "visible": null, "lon": null, "lat": null, "version": 1, "timestamp": 1749859979, "id": 1395100018, "changeset": null, "depot": null, "industrial": null, "landuse": "grass", "military": null, "residential": null, "osm_type": "way", "basin": null, "construction": null, "farmyard": null, "grass": null, "port": null, "railway": null }, "geometry": { "type": "Polygon", "coordinates": [ [ [ 72.6229965, 23.0633937 ], [ 72.622745, 23.0635073 ], [ 72.6226728, 23.0635401 ], [ 72.6226036, 23.063573 ], [ 72.622531, 23.063609 ], [ 72.6224406, 23.0636561 ], [ 72.6223531, 23.0637061 ], [ 72.6220346, 23.0638885 ], [ 72.6220054, 23.0639018 ], [ 72.6219723, 23.0639079 ], [ 72.6219352, 23.0639067 ], [ 72.6218915, 23.0638921 ], [ 72.6218531, 23.0638689 ], [ 72.621816, 23.0638385 ], [ 72.6217604, 23.0637861 ], [ 72.621522, 23.0635488 ], [ 72.6211599, 23.0631823 ], [ 72.6207544, 23.0627925 ], [ 72.6207364, 23.0627739 ], [ 72.6207311, 23.0627642 ], [ 72.6207285, 23.0627544 ], [ 72.6207338, 23.0627483 ], [ 72.620747, 23.0627435 ], [ 72.6207682, 23.0627386 ], [ 72.6228254, 23.0622787 ], [ 72.6228503, 23.0622746 ], [ 72.6228794, 23.0622734 ], [ 72.6229125, 23.0622758 ], [ 72.622951, 23.0622819 ], [ 72.6229854, 23.0622904 ], [ 72.6230066, 23.062299 ], [ 72.6230331, 23.0623124 ], [ 72.6230609, 23.0623343 ], [ 72.6230874, 23.0623575 ], [ 72.6234377, 23.0626982 ], [ 72.6229261, 23.0632462 ], [ 72.6229204, 23.0632537 ], [ 72.6229192, 23.0632622 ], [ 72.6229227, 23.0632738 ], [ 72.6229965, 23.0633937 ] ] ] } },
{ "type": "Feature", "properties": { "tags": { "visible": false }, "visible": null, "lon": null, "lat": null, "version": 1, "timestamp": 1749859979, "id": 1395100019, "changeset": null, "depot": null, "industrial": null, "landuse": "grass", "military": null, "residential": null, "osm_type": "way", "basin": null, "construction": null, "farmyard": null, "grass": null, "port": null, "railway": null }, "geometry": { "type": "Polygon", "coordinates": [ [ [ 72.6236156, 23.0628477 ], [ 72.6239012, 23.0631176 ], [ 72.6239555, 23.0631714 ], [ 72.6239797, 23.0631968 ], [ 72.6239877, 23.0632117 ], [ 72.6239912, 23.0632244 ], [ 72.6239877, 23.0632361 ], [ 72.6239762, 23.0632467 ], [ 72.623967, 23.0632499 ], [ 72.6239532, 23.0632499 ], [ 72.6239393, 23.0632499 ], [ 72.6239082, 23.0632467 ], [ 72.6238678, 23.0632446 ], [ 72.6237957, 23.0632474 ], [ 72.6236686, 23.0632596 ], [ 72.6235719, 23.0632705 ], [ 72.6234395, 23.0632937 ], [ 72.6233534, 23.0633083 ], [ 72.6232898, 23.0633229 ], [ 72.6232435, 23.0633388 ], [ 72.6232368, 23.0633083 ], [ 72.6232368, 23.0632864 ], [ 72.6232421, 23.0632596 ], [ 72.6232567, 23.0632376 ], [ 72.6236156, 23.0628477 ] ] ] } },
{ "type": "Feature", "properties": { "tags": { "visible": false }, "visible": null, "lon": null, "lat": null, "version": 1, "timestamp": 1749859979, "id": 1395100020, "changeset": null, "depot": null, "industrial": null, "landuse": "grass", "military": null, "residential": null, "osm_type": "way", "basin": null, "construction": null, "farmyard": null, "grass": null, "port": null, "railway": null }, "geometry": { "type": "Polygon", "coordinates": [ [ [ 72.6246326, 23.0636401 ], [ 72.6245629, 23.0637042 ], [ 72.6243365, 23.0635129 ], [ 72.6242265, 23.0634191 ], [ 72.624151, 23.0633472 ], [ 72.6240928, 23.0632777 ], [ 72.6240451, 23.0632119 ], [ 72.6239828, 23.0631364 ], [ 72.6238782, 23.0630364 ], [ 72.6237524, 23.0629194 ], [ 72.6236425, 23.0628195 ], [ 72.6236883, 23.0627785 ], [ 72.6246326, 23.0636401 ] ] ] } },
{ "type": "Feature", "properties": { "tags": { "visible": false }, "visible": null, "lon": null, "lat": null, "version": 1, "timestamp": 1749859979, "id": 1395100021, "changeset": null, "depot": null, "industrial": null, "landuse": "grass", "military": null, "residential": null, "osm_type": "way", "basin": null, "construction": null, "farmyard": null, "grass": null, "port": null, "railway": null }, "geometry": { "type": "Polygon", "coordinates": [ [ [ 72.6232568, 23.0633636 ], [ 72.6232938, 23.0633518 ], [ 72.6233427, 23.0633406 ], [ 72.6234266, 23.0633245 ], [ 72.6236276, 23.0632955 ], [ 72.6237359, 23.0632827 ], [ 72.6238163, 23.0632778 ], [ 72.6239072, 23.0632794 ], [ 72.6239631, 23.0632859 ], [ 72.6240103, 23.0632971 ], [ 72.6240348, 23.0633084 ], [ 72.6240575, 23.0633213 ], [ 72.6245244, 23.0637369 ], [ 72.6239951, 23.0642411 ], [ 72.6239549, 23.0642813 ], [ 72.6239305, 23.0642958 ], [ 72.623899, 23.0643022 ], [ 72.6238623, 23.0643006 ], [ 72.6238379, 23.064291 ], [ 72.6238186, 23.0642733 ], [ 72.6232568, 23.0633636 ] ] ] } },
{ "type": "Feature", "properties": { "tags": { "visible": false }, "visible": null, "lon": null, "lat": null, "version": 1, "timestamp": 1749859979, "id": 1395100022, "changeset": null, "depot": null, "industrial": null, "landuse": "grass", "military": null, "residential": null, "osm_type": "way", "basin": null, "construction": null, "farmyard": null, "grass": null, "port": null, "railway": null }, "geometry": { "type": "Polygon", "coordinates": [ [ [ 72.6249267, 23.0641032 ], [ 72.6249713, 23.064139 ], [ 72.6250031, 23.0641622 ], [ 72.6250335, 23.0641707 ], [ 72.6250627, 23.0641658 ], [ 72.6250905, 23.0641536 ], [ 72.6251156, 23.0641536 ], [ 72.6251448, 23.0641646 ], [ 72.6251805, 23.064189 ], [ 72.6253063, 23.064312 ], [ 72.6248682, 23.0647275 ], [ 72.6250804, 23.0649482 ], [ 72.625168, 23.0650415 ], [ 72.6252349, 23.0651222 ], [ 72.6252741, 23.0651985 ], [ 72.6252925, 23.065277 ], [ 72.6252948, 23.0653364 ], [ 72.6252833, 23.0654043 ], [ 72.6252543, 23.0654623 ], [ 72.6252173, 23.0655175 ], [ 72.6251934, 23.065555 ], [ 72.6251311, 23.0656292 ], [ 72.6245572, 23.0661813 ], [ 72.6244541, 23.0662761 ], [ 72.624372, 23.0663388 ], [ 72.62397, 23.0666154 ], [ 72.6239211, 23.0666411 ], [ 72.6238756, 23.0666604 ], [ 72.6238337, 23.0666701 ], [ 72.62379, 23.0666733 ], [ 72.6237376, 23.0666685 ], [ 72.6236677, 23.0666572 ], [ 72.6236135, 23.0666379 ], [ 72.6235578, 23.0666071 ], [ 72.6235129, 23.0665651 ], [ 72.6229239, 23.0660144 ], [ 72.6228952, 23.0659864 ], [ 72.6228815, 23.0659491 ], [ 72.622871, 23.0659186 ], [ 72.622864, 23.0658864 ], [ 72.6228745, 23.0658478 ], [ 72.6232725, 23.0652769 ], [ 72.6233555, 23.0651559 ], [ 72.6234017, 23.0651029 ], [ 72.623457, 23.0650499 ], [ 72.6246848, 23.0639115 ], [ 72.6249267, 23.0641032 ] ] ] } },
{ "type": "Feature", "properties": { "tags": { "visible": false }, "visible": null, "lon": null, "lat": null, "version": 1, "timestamp": 1749859979, "id": 1395100023, "changeset": null, "depot": null, "industrial": null, "landuse": "grass", "military": null, "residential": null, "osm_type": "way", "basin": null, "construction": null, "farmyard": null, "grass": null, "port": null, "railway": null }, "geometry": { "type": "Polygon", "coordinates": [ [ [ 72.6230126, 23.0634261 ], [ 72.6236497, 23.0644513 ], [ 72.6236588, 23.0644723 ], [ 72.6236649, 23.0645003 ], [ 72.6236603, 23.0645339 ], [ 72.6236436, 23.0645674 ], [ 72.6236162, 23.0645996 ], [ 72.6231976, 23.064986 ], [ 72.6231514, 23.0650396 ], [ 72.6230892, 23.0651282 ], [ 72.6227571, 23.0656101 ], [ 72.6227169, 23.0656655 ], [ 72.6226888, 23.0656896 ], [ 72.6226527, 23.0657025 ], [ 72.6226104, 23.0657081 ], [ 72.622239, 23.0653452 ], [ 72.6217946, 23.0657513 ], [ 72.6218308, 23.0657864 ], [ 72.6217714, 23.065841 ], [ 72.6217011, 23.0658835 ], [ 72.6216128, 23.0659204 ], [ 72.6215325, 23.0659334 ], [ 72.6214582, 23.065926 ], [ 72.6213599, 23.0658909 ], [ 72.6211912, 23.0657911 ], [ 72.6209945, 23.0656674 ], [ 72.6208962, 23.0655898 ], [ 72.6207958, 23.065503 ], [ 72.6202644, 23.064986 ], [ 72.6195751, 23.064326 ], [ 72.6195636, 23.0643048 ], [ 72.6195659, 23.0642687 ], [ 72.6195682, 23.0642221 ], [ 72.6195636, 23.0641669 ], [ 72.6195474, 23.0641308 ], [ 72.6195174, 23.0641096 ], [ 72.6194806, 23.0641033 ], [ 72.6194529, 23.064099 ], [ 72.6198818, 23.0636514 ], [ 72.619951, 23.0637044 ], [ 72.6197872, 23.0638656 ], [ 72.619838, 23.0639081 ], [ 72.62023, 23.063541 ], [ 72.6201839, 23.0634944 ], [ 72.6199809, 23.0636853 ], [ 72.619891, 23.063611 ], [ 72.6195151, 23.0639993 ], [ 72.6194298, 23.0639293 ], [ 72.6193007, 23.0640587 ], [ 72.6192579, 23.0640206 ], [ 72.6192305, 23.0639814 ], [ 72.6192092, 23.063938 ], [ 72.6191971, 23.0638932 ], [ 72.619194, 23.06384 ], [ 72.6192031, 23.0637938 ], [ 72.619229, 23.0637588 ], [ 72.6192716, 23.0637182 ], [ 72.6202453, 23.0628465 ], [ 72.6202762, 23.062827 ], [ 72.6203179, 23.0628051 ], [ 72.6203696, 23.0627869 ], [ 72.6204371, 23.0627747 ], [ 72.6205153, 23.0627674 ], [ 72.6205855, 23.0627698 ], [ 72.6206384, 23.0627844 ], [ 72.620687, 23.0628023 ], [ 72.6207343, 23.062831 ], [ 72.62077, 23.0628564 ], [ 72.6218256, 23.0638932 ], [ 72.6218379, 23.063907 ], [ 72.6218477, 23.0639209 ], [ 72.6218552, 23.0639329 ], [ 72.6218672, 23.0639486 ], [ 72.6218769, 23.0639582 ], [ 72.6218873, 23.0639659 ], [ 72.6219039, 23.0639763 ], [ 72.6219173, 23.0639814 ], [ 72.6219309, 23.0639837 ], [ 72.621944, 23.0639837 ], [ 72.6219624, 23.0639787 ], [ 72.6219762, 23.0639726 ], [ 72.6219912, 23.0639641 ], [ 72.6220003, 23.0639541 ], [ 72.6220123, 23.0639406 ], [ 72.6220324, 23.0639246 ], [ 72.6220601, 23.0639069 ], [ 72.6220866, 23.0638913 ], [ 72.6223837, 23.0637218 ], [ 72.6225443, 23.0636369 ], [ 72.6227029, 23.0635575 ], [ 72.6228836, 23.063478 ], [ 72.6230126, 23.0634261 ] ] ] } },
{ "type": "Feature", "properties": { "tags": { "visible": false }, "visible": null, "lon": null, "lat": null, "version": 1, "timestamp": 1749859979, "id": 1395100025, "changeset": null, "depot": null, "industrial": null, "landuse": "grass", "military": null, "residential": null, "osm_type": "way", "basin": null, "construction": null, "farmyard": null, "grass": null, "port": null, "railway": null }, "geometry": { "type": "Polygon", "coordinates": [ [ [ 72.6190436, 23.0637996 ], [ 72.6201964, 23.0627644 ], [ 72.6204318, 23.0627152 ], [ 72.620662, 23.0626672 ], [ 72.622996, 23.0621431 ], [ 72.6232957, 23.0624203 ], [ 72.6235125, 23.0626181 ], [ 72.6234699, 23.0626672 ], [ 72.6230788, 23.0622962 ], [ 72.6230367, 23.0622631 ], [ 72.6229859, 23.0622426 ], [ 72.6229276, 23.0622301 ], [ 72.6228756, 23.0622289 ], [ 72.6228413, 23.0622325 ], [ 72.6207556, 23.062702 ], [ 72.620707, 23.0627119 ], [ 72.6206801, 23.0627149 ], [ 72.6206628, 23.0627119 ], [ 72.6206326, 23.062702 ], [ 72.6206067, 23.062697 ], [ 72.6205819, 23.062699 ], [ 72.6204243, 23.0627314 ], [ 72.6203801, 23.0627415 ], [ 72.620336, 23.0627536 ], [ 72.6203038, 23.0627645 ], [ 72.6202748, 23.0627785 ], [ 72.6202179, 23.0628152 ], [ 72.6190805, 23.063835 ], [ 72.6190436, 23.0637996 ] ] ] } },
{ "type": "Feature", "properties": { "tags": { "visible": false }, "visible": null, "lon": null, "lat": null, "version": 1, "timestamp": 1749859979, "id": 1395100042, "changeset": null, "depot": null, "industrial": null, "landuse": "grass", "military": null, "residential": null, "osm_type": "way", "basin": null, "construction": null, "farmyard": null, "grass": null, "port": null, "railway": null }, "geometry": { "type": "Polygon", "coordinates": [ [ [ 72.6255437, 23.0637445 ], [ 72.6255724, 23.0637171 ], [ 72.6256108, 23.063683 ], [ 72.625645, 23.0636647 ], [ 72.6256862, 23.0636516 ], [ 72.6257446, 23.0636477 ], [ 72.6257958, 23.0636555 ], [ 72.6258599, 23.0636791 ], [ 72.6260477, 23.0637695 ], [ 72.6262327, 23.0638611 ], [ 72.6263457, 23.063924 ], [ 72.6264666, 23.0640013 ], [ 72.6265734, 23.0640733 ], [ 72.6266616, 23.0641387 ], [ 72.6267527, 23.0642186 ], [ 72.6268694, 23.0643273 ], [ 72.6269676, 23.0644255 ], [ 72.6270444, 23.0645185 ], [ 72.6271099, 23.0646009 ], [ 72.6271583, 23.064673 ], [ 72.6272038, 23.0647515 ], [ 72.6272707, 23.064889 ], [ 72.6273295, 23.0650218 ], [ 72.6274146, 23.0652195 ], [ 72.627489, 23.0654019 ], [ 72.6275559, 23.0655614 ], [ 72.6275906, 23.0656378 ], [ 72.627593, 23.0656515 ], [ 72.6275918, 23.0656595 ], [ 72.6275844, 23.065664 ], [ 72.6275732, 23.065664 ], [ 72.6275521, 23.0656549 ], [ 72.6274995, 23.065627 ], [ 72.6274263, 23.0655873 ], [ 72.6272967, 23.0655389 ], [ 72.6271296, 23.0654853 ], [ 72.6269587, 23.0654439 ], [ 72.6268197, 23.0654197 ], [ 72.6266371, 23.0653971 ], [ 72.6264949, 23.0653835 ], [ 72.6263903, 23.065376 ], [ 72.6263037, 23.065379 ], [ 72.6262419, 23.0653842 ], [ 72.6261909, 23.0653895 ], [ 72.6261417, 23.0653953 ], [ 72.6260996, 23.0654014 ], [ 72.626052, 23.0654085 ], [ 72.6260045, 23.0654166 ], [ 72.6259857, 23.0654196 ], [ 72.6259718, 23.0654211 ], [ 72.6259572, 23.0654211 ], [ 72.625944, 23.0654196 ], [ 72.6259306, 23.0654127 ], [ 72.6265331, 23.0648627 ], [ 72.625628, 23.0640246 ], [ 72.6253272, 23.0642938 ], [ 72.6252161, 23.0641841 ], [ 72.6252014, 23.0641645 ], [ 72.6251948, 23.0641434 ], [ 72.6251981, 23.0641209 ], [ 72.6252079, 23.0640818 ], [ 72.6252275, 23.0640502 ], [ 72.6252553, 23.0640246 ], [ 72.6255437, 23.0637445 ] ] ] } },
{ "type": "Feature", "properties": { "tags": { "visible": false }, "visible": null, "lon": null, "lat": null, "version": 1, "timestamp": 1749869756, "id": 1395120015, "changeset": null, "depot": null, "industrial": null, "landuse": "grass", "military": null, "residential": null, "osm_type": "way", "basin": null, "construction": null, "farmyard": null, "grass": null, "port": null, "railway": null }, "geometry": { "type": "Polygon", "coordinates": [ [ [ 72.6311811, 23.0688977 ], [ 72.6308776, 23.069065 ], [ 72.6308406, 23.0690111 ], [ 72.6305221, 23.0691772 ], [ 72.6305504, 23.0692195 ], [ 72.6304743, 23.0692553 ], [ 72.6285414, 23.0664844 ], [ 72.6284578, 23.0663674 ], [ 72.6283729, 23.0662632 ], [ 72.6282809, 23.0661704 ], [ 72.6281676, 23.0660597 ], [ 72.6280544, 23.0659636 ], [ 72.62795, 23.0658822 ], [ 72.6278473, 23.0658089 ], [ 72.6277712, 23.0657568 ], [ 72.6277199, 23.0657161 ], [ 72.6276792, 23.0656722 ], [ 72.6276509, 23.0656363 ], [ 72.6276419, 23.0656186 ], [ 72.6276388, 23.0655973 ], [ 72.6276442, 23.0655796 ], [ 72.6276512, 23.0655612 ], [ 72.6276635, 23.0655484 ], [ 72.6276858, 23.0655378 ], [ 72.6277274, 23.065525 ], [ 72.6279916, 23.0654534 ], [ 72.6280415, 23.0654435 ], [ 72.6280852, 23.0654398 ], [ 72.628135, 23.0654445 ], [ 72.6281767, 23.0654576 ], [ 72.6282174, 23.0654819 ], [ 72.62826, 23.0655193 ], [ 72.628322, 23.0655791 ], [ 72.6287442, 23.0660392 ], [ 72.6293145, 23.0667021 ], [ 72.6298065, 23.0672781 ], [ 72.630062, 23.0675709 ], [ 72.6299896, 23.0676351 ], [ 72.6300567, 23.0677042 ], [ 72.6301237, 23.0676499 ], [ 72.6311811, 23.0688977 ] ] ] } },
{ "type": "Feature", "properties": { "tags": { "visible": false }, "visible": null, "lon": null, "lat": null, "version": 1, "timestamp": 1749869756, "id": 1395120016, "changeset": null, "depot": null, "industrial": null, "landuse": "grass", "military": null, "residential": null, "osm_type": "way", "basin": null, "construction": null, "farmyard": null, "grass": null, "port": null, "railway": null }, "geometry": { "type": "Polygon", "coordinates": [ [ [ 72.631231, 23.068962 ], [ 72.6315358, 23.0693024 ], [ 72.631678, 23.0694678 ], [ 72.6317531, 23.0695566 ], [ 72.6318094, 23.0696356 ], [ 72.6318631, 23.0697318 ], [ 72.631914, 23.0698108 ], [ 72.6321581, 23.0700872 ], [ 72.6322627, 23.0702155 ], [ 72.6323217, 23.0702895 ], [ 72.6323539, 23.0703586 ], [ 72.6323646, 23.0704228 ], [ 72.6323758, 23.0705671 ], [ 72.6324205, 23.0719176 ], [ 72.6324158, 23.0719455 ], [ 72.6324088, 23.0719627 ], [ 72.6323972, 23.0719691 ], [ 72.6323808, 23.0719691 ], [ 72.6323668, 23.0719627 ], [ 72.6323458, 23.0719391 ], [ 72.631835, 23.0711966 ], [ 72.6305581, 23.0693604 ], [ 72.6306191, 23.0693286 ], [ 72.6306333, 23.0693529 ], [ 72.6309626, 23.0691921 ], [ 72.6309179, 23.0691229 ], [ 72.631231, 23.068962 ] ] ] } },
{ "type": "Feature", "properties": { "tags": { "visible": false }, "visible": null, "lon": null, "lat": null, "version": 1, "timestamp": 1749869756, "id": 1395120019, "changeset": null, "depot": null, "industrial": null, "landuse": "grass", "military": null, "residential": null, "osm_type": "way", "basin": null, "construction": null, "farmyard": null, "grass": null, "port": null, "railway": null }, "geometry": { "type": "Polygon", "coordinates": [ [ [ 72.6352741, 23.0762535 ], [ 72.6355647, 23.0766813 ], [ 72.6355729, 23.0766975 ], [ 72.6355764, 23.0767114 ], [ 72.6355752, 23.0767265 ], [ 72.6355624, 23.0767447 ], [ 72.6355192, 23.0767973 ], [ 72.6354603, 23.0768488 ], [ 72.6350322, 23.077219 ], [ 72.6349974, 23.0772474 ], [ 72.6349853, 23.0772573 ], [ 72.6349732, 23.0772635 ], [ 72.6349558, 23.0772672 ], [ 72.6349372, 23.077267 ], [ 72.6243502, 23.0673481 ], [ 72.6243253, 23.0673011 ], [ 72.6242926, 23.0672238 ], [ 72.6242669, 23.0671443 ], [ 72.6242623, 23.0671056 ], [ 72.6242669, 23.0670669 ], [ 72.6242739, 23.0670326 ], [ 72.6242903, 23.0669939 ], [ 72.6243277, 23.0669488 ], [ 72.6245295, 23.0667129 ], [ 72.6246931, 23.0665328 ], [ 72.6248299, 23.0664044 ], [ 72.6255068, 23.0657846 ], [ 72.6258336, 23.0654978 ], [ 72.6258717, 23.0654873 ], [ 72.625992, 23.0654613 ], [ 72.6261336, 23.0654434 ], [ 72.6262663, 23.0654303 ], [ 72.6264097, 23.0654271 ], [ 72.6265406, 23.0654336 ], [ 72.6267547, 23.0654596 ], [ 72.6269742, 23.0654971 ], [ 72.6271476, 23.065541 ], [ 72.6272998, 23.0655931 ], [ 72.6274466, 23.0656518 ], [ 72.6276261, 23.0657369 ], [ 72.6277517, 23.0658102 ], [ 72.6279004, 23.0659128 ], [ 72.6280101, 23.0659909 ], [ 72.6281269, 23.0660886 ], [ 72.6282331, 23.0661895 ], [ 72.6283541, 23.0663171 ], [ 72.6284415, 23.0664237 ], [ 72.628533, 23.0665546 ], [ 72.6293983, 23.067808 ], [ 72.6294146, 23.0678489 ], [ 72.6294076, 23.0678961 ], [ 72.6293843, 23.0679326 ], [ 72.6293423, 23.0679692 ], [ 72.6292839, 23.0680186 ], [ 72.6292395, 23.0679606 ], [ 72.6291111, 23.068083 ], [ 72.6290621, 23.0680916 ], [ 72.6290107, 23.0681131 ], [ 72.6289617, 23.0681518 ], [ 72.6289406, 23.0682012 ], [ 72.628943, 23.0682613 ], [ 72.628964, 23.0683107 ], [ 72.6290084, 23.0683516 ], [ 72.6290504, 23.0683644 ], [ 72.6290948, 23.0683666 ], [ 72.6291368, 23.0683601 ], [ 72.6291741, 23.0683408 ], [ 72.6292115, 23.0683021 ], [ 72.6292325, 23.0682742 ], [ 72.6292442, 23.068242 ], [ 72.6292442, 23.0682141 ], [ 72.6293586, 23.0681174 ], [ 72.6293119, 23.0680529 ], [ 72.629389, 23.0679842 ], [ 72.629417, 23.0679627 ], [ 72.629445, 23.067952 ], [ 72.6294683, 23.0679477 ], [ 72.629494, 23.067952 ], [ 72.6296108, 23.0681131 ], [ 72.6296155, 23.0681453 ], [ 72.6296038, 23.0681861 ], [ 72.6295734, 23.0682205 ], [ 72.6295361, 23.0682506 ], [ 72.6290451, 23.0685879 ], [ 72.6290049, 23.0686125 ], [ 72.6289271, 23.0686471 ], [ 72.6289075, 23.0686059 ], [ 72.6288831, 23.0685741 ], [ 72.6288526, 23.0685498 ], [ 72.628814, 23.0685293 ], [ 72.6287561, 23.068524 ], [ 72.6287032, 23.0685353 ], [ 72.6286687, 23.068554 ], [ 72.6286443, 23.0685708 ], [ 72.6281016, 23.0680584 ], [ 72.6280812, 23.0680789 ], [ 72.628626, 23.0685876 ], [ 72.6285996, 23.0686213 ], [ 72.6285853, 23.0686737 ], [ 72.6285833, 23.0687129 ], [ 72.6285935, 23.0687559 ], [ 72.6286158, 23.0687971 ], [ 72.6286626, 23.0688289 ], [ 72.6287073, 23.0688495 ], [ 72.6287602, 23.0688607 ], [ 72.6288069, 23.0688551 ], [ 72.6288557, 23.0688326 ], [ 72.6288943, 23.0688008 ], [ 72.6289207, 23.068769 ], [ 72.628935, 23.068741 ], [ 72.628937, 23.0687092 ], [ 72.6290224, 23.0686662 ], [ 72.6290712, 23.0686325 ], [ 72.629555, 23.0682903 ], [ 72.6296017, 23.0682622 ], [ 72.6296342, 23.068251 ], [ 72.6296668, 23.0682529 ], [ 72.6297013, 23.0682603 ], [ 72.6297277, 23.0682772 ], [ 72.6305239, 23.069429 ], [ 72.6312015, 23.0704027 ], [ 72.6312405, 23.0704744 ], [ 72.6312653, 23.0705102 ], [ 72.630975, 23.0707869 ], [ 72.6313006, 23.0711256 ], [ 72.6315413, 23.0709009 ], [ 72.6323818, 23.0720989 ], [ 72.6334992, 23.0737126 ], [ 72.6345167, 23.0751743 ], [ 72.6352741, 23.0762535 ] ] ] } },
{ "type": "Feature", "properties": { "tags": { "visible": false }, "visible": null, "lon": null, "lat": null, "version": 1, "timestamp": 1749874037, "id": 1395127391, "changeset": null, "depot": null, "industrial": null, "landuse": "grass", "military": null, "residential": null, "osm_type": "way", "basin": null, "construction": null, "farmyard": null, "grass": null, "port": null, "railway": null }, "geometry": { "type": "Polygon", "coordinates": [ [ [ 72.6478448, 23.0896136 ], [ 72.6478531, 23.0896079 ], [ 72.6478603, 23.0896042 ], [ 72.6478714, 23.0896013 ], [ 72.6478836, 23.0896013 ], [ 72.6478958, 23.0896023 ], [ 72.647907, 23.089607 ], [ 72.6479212, 23.0896144 ], [ 72.6479394, 23.089631 ], [ 72.6483039, 23.0899654 ], [ 72.6492701, 23.0908748 ], [ 72.649276, 23.0908856 ], [ 72.6492795, 23.0908985 ], [ 72.6492806, 23.0909124 ], [ 72.6492771, 23.0909232 ], [ 72.6492701, 23.090935 ], [ 72.6490078, 23.0911721 ], [ 72.6490001, 23.0911774 ], [ 72.6489917, 23.0911814 ], [ 72.6489812, 23.0911828 ], [ 72.6489704, 23.0911809 ], [ 72.6489602, 23.0911747 ], [ 72.6476614, 23.0899383 ], [ 72.6476476, 23.0899234 ], [ 72.6476345, 23.089905 ], [ 72.6476237, 23.0898845 ], [ 72.6476191, 23.0898646 ], [ 72.6476198, 23.0898505 ], [ 72.6476268, 23.0898391 ], [ 72.6478448, 23.0896136 ] ] ] } },
{ "type": "Feature", "properties": { "tags": { "visible": false }, "visible": null, "lon": null, "lat": null, "version": 1, "timestamp": 1749874037, "id": 1395127407, "changeset": null, "depot": null, "industrial": null, "landuse": "grass", "military": null, "residential": null, "osm_type": "way", "basin": null, "construction": null, "farmyard": null, "grass": null, "port": null, "railway": null }, "geometry": { "type": "Polygon", "coordinates": [ [ [ 72.6431595, 23.0872475 ], [ 72.6432826, 23.087361 ], [ 72.6431162, 23.0875197 ], [ 72.6431008, 23.0875296 ], [ 72.6430869, 23.087531 ], [ 72.64307, 23.0875254 ], [ 72.6428482, 23.0873241 ], [ 72.6428374, 23.0873128 ], [ 72.6428358, 23.0873015 ], [ 72.642842, 23.0872915 ], [ 72.6430669, 23.0870861 ], [ 72.6430823, 23.0870818 ], [ 72.6430993, 23.0870818 ], [ 72.6431131, 23.0870875 ], [ 72.6431516, 23.0871116 ], [ 72.6431455, 23.0871357 ], [ 72.6431532, 23.0871682 ], [ 72.643164, 23.0871895 ], [ 72.6431794, 23.0872051 ], [ 72.6431932, 23.0872136 ], [ 72.6431595, 23.0872475 ] ] ] } },
{ "type": "Feature", "properties": { "tags": { "visible": false }, "visible": null, "lon": null, "lat": null, "version": 1, "timestamp": 1749874037, "id": 1395127414, "changeset": null, "depot": null, "industrial": null, "landuse": "grass", "military": null, "residential": null, "osm_type": "way", "basin": null, "construction": null, "farmyard": null, "grass": null, "port": null, "railway": null }, "geometry": { "type": "Polygon", "coordinates": [ [ [ 72.6421489, 23.0857855 ], [ 72.6423238, 23.0859518 ], [ 72.642526, 23.0857689 ], [ 72.6426869, 23.0856554 ], [ 72.6428076, 23.0855789 ], [ 72.6428612, 23.0855567 ], [ 72.6429203, 23.0855419 ], [ 72.643456, 23.0860375 ], [ 72.6432737, 23.0862328 ], [ 72.6430596, 23.0864444 ], [ 72.6429251, 23.0865665 ], [ 72.6427375, 23.0867212 ], [ 72.6425375, 23.0868807 ], [ 72.6424933, 23.08691 ], [ 72.6424561, 23.086923 ], [ 72.6424296, 23.0869214 ], [ 72.642403, 23.08691 ], [ 72.6423694, 23.0868775 ], [ 72.6421535, 23.0866707 ], [ 72.641593, 23.0861379 ], [ 72.6409453, 23.0855404 ], [ 72.6403719, 23.0850171 ], [ 72.6393443, 23.0840531 ], [ 72.6393429, 23.0840272 ], [ 72.6393309, 23.0839964 ], [ 72.6393067, 23.0839643 ], [ 72.6392638, 23.0839322 ], [ 72.6392263, 23.0839113 ], [ 72.6391766, 23.0838977 ], [ 72.6377687, 23.0825526 ], [ 72.6377633, 23.082544 ], [ 72.637762, 23.0825354 ], [ 72.6377687, 23.082528 ], [ 72.6378814, 23.0824465 ], [ 72.6379766, 23.0823614 ], [ 72.638345, 23.0820212 ], [ 72.6387349, 23.0816701 ], [ 72.6387497, 23.0816627 ], [ 72.6387685, 23.081659 ], [ 72.6387805, 23.0816602 ], [ 72.6387926, 23.0816676 ], [ 72.6412699, 23.0839916 ], [ 72.6425924, 23.0852339 ], [ 72.6425854, 23.0852855 ], [ 72.6425643, 23.0853349 ], [ 72.64252, 23.0854015 ], [ 72.6424593, 23.0854659 ], [ 72.6423286, 23.0856101 ], [ 72.6421489, 23.0857855 ] ] ] } },
{ "type": "Feature", "properties": { "tags": { "visible": false }, "visible": null, "lon": null, "lat": null, "version": 1, "timestamp": 1749874037, "id": 1395127419, "changeset": null, "depot": null, "industrial": null, "landuse": "grass", "military": null, "residential": null, "osm_type": "way", "basin": null, "construction": null, "farmyard": null, "grass": null, "port": null, "railway": null }, "geometry": { "type": "Polygon", "coordinates": [ [ [ 72.6345949, 23.0796992 ], [ 72.634622, 23.0797075 ], [ 72.6346401, 23.0797183 ], [ 72.6346518, 23.0797302 ], [ 72.6346544, 23.0797456 ], [ 72.6346479, 23.0797611 ], [ 72.6345949, 23.0798218 ], [ 72.6345625, 23.0798552 ], [ 72.6345263, 23.0798802 ], [ 72.6344887, 23.0799004 ], [ 72.6344447, 23.0799064 ], [ 72.6344046, 23.0799076 ], [ 72.6343671, 23.079898 ], [ 72.6343321, 23.079879 ], [ 72.6339594, 23.079573 ], [ 72.6339542, 23.0795635 ], [ 72.6339594, 23.0795528 ], [ 72.6339685, 23.079548 ], [ 72.6339814, 23.0795504 ], [ 72.6345949, 23.0796992 ] ] ] } },
{ "type": "Feature", "properties": { "tags": { "visible": false }, "visible": null, "lon": null, "lat": null, "version": 1, "timestamp": 1749874037, "id": 1395127421, "changeset": null, "depot": null, "industrial": null, "landuse": "grass", "military": null, "residential": null, "osm_type": "way", "basin": null, "construction": null, "farmyard": null, "grass": null, "port": null, "railway": null }, "geometry": { "type": "Polygon", "coordinates": [ [ [ 72.6362573, 23.0792919 ], [ 72.6362863, 23.0793563 ], [ 72.636349, 23.0794297 ], [ 72.636419, 23.0795004 ], [ 72.6364685, 23.0795648 ], [ 72.6365608, 23.0796905 ], [ 72.6368061, 23.080083 ], [ 72.636912, 23.080282 ], [ 72.6370568, 23.0806077 ], [ 72.6372685, 23.0811746 ], [ 72.6376257, 23.0814698 ], [ 72.6374729, 23.0810317 ], [ 72.6372348, 23.080415 ], [ 72.6373816, 23.0803554 ], [ 72.6387248, 23.0816075 ], [ 72.6387317, 23.08162 ], [ 72.6387317, 23.081631 ], [ 72.6387282, 23.0816389 ], [ 72.6387146, 23.0816515 ], [ 72.6379881, 23.0823046 ], [ 72.6379273, 23.0823587 ], [ 72.6378665, 23.0824057 ], [ 72.63779, 23.0824598 ], [ 72.6377449, 23.0824851 ], [ 72.6377272, 23.0824923 ], [ 72.6377115, 23.0824887 ], [ 72.6376939, 23.0824724 ], [ 72.6365409, 23.081368 ], [ 72.6356146, 23.0804882 ], [ 72.6350057, 23.0799169 ], [ 72.6349469, 23.0798591 ], [ 72.6348998, 23.079796 ], [ 72.6348684, 23.0797526 ], [ 72.6348292, 23.0797184 ], [ 72.6347703, 23.0796931 ], [ 72.6346978, 23.079675 ], [ 72.6346232, 23.079666 ], [ 72.6344329, 23.0796227 ], [ 72.6340696, 23.0795362 ], [ 72.6339755, 23.0795055 ], [ 72.6338734, 23.0794712 ], [ 72.6338146, 23.0794441 ], [ 72.6337558, 23.0794261 ], [ 72.6336851, 23.079417 ], [ 72.6335733, 23.0793972 ], [ 72.6334733, 23.0793665 ], [ 72.6333889, 23.0793196 ], [ 72.633316, 23.0792665 ], [ 72.6311889, 23.0773011 ], [ 72.631183, 23.0772943 ], [ 72.631183, 23.0772833 ], [ 72.631186, 23.0772765 ], [ 72.6313911, 23.077096 ], [ 72.6314075, 23.0770891 ], [ 72.6314204, 23.0770934 ], [ 72.631461, 23.0771307 ], [ 72.6315038, 23.0771763 ], [ 72.6315241, 23.0772136 ], [ 72.6315241, 23.0772468 ], [ 72.6315151, 23.0772903 ], [ 72.6314777, 23.0773845 ], [ 72.6318269, 23.0777021 ], [ 72.6318681, 23.0776949 ], [ 72.6319348, 23.0776822 ], [ 72.6319956, 23.077675 ], [ 72.6320466, 23.0776913 ], [ 72.6321251, 23.0777436 ], [ 72.6323904, 23.0779349 ], [ 72.6325612, 23.078054 ], [ 72.6326829, 23.0781635 ], [ 72.6332256, 23.0786755 ], [ 72.633463, 23.0788956 ], [ 72.6335768, 23.0789805 ], [ 72.6336827, 23.0790328 ], [ 72.6339102, 23.0791284 ], [ 72.6341358, 23.0792421 ], [ 72.6343143, 23.0793468 ], [ 72.6344634, 23.0794478 ], [ 72.6346458, 23.0795994 ], [ 72.6348185, 23.0794442 ], [ 72.6347537, 23.0793811 ], [ 72.634691, 23.0792945 ], [ 72.6345262, 23.0790454 ], [ 72.6344968, 23.0789913 ], [ 72.634485, 23.0789426 ], [ 72.634487, 23.0789029 ], [ 72.6345046, 23.0788595 ], [ 72.6346262, 23.0787025 ], [ 72.6346831, 23.0786412 ], [ 72.6347734, 23.0785762 ], [ 72.6349597, 23.0784625 ], [ 72.6352049, 23.0783182 ], [ 72.6362573, 23.0792919 ] ] ] } },
{ "type": "Feature", "properties": { "tags": { "visible": false }, "visible": null, "lon": null, "lat": null, "version": 1, "timestamp": 1749874037, "id": 1395127422, "changeset": null, "depot": null, "industrial": null, "landuse": "grass", "military": null, "residential": null, "osm_type": "way", "basin": null, "construction": null, "farmyard": null, "grass": null, "port": null, "railway": null }, "geometry": { "type": "Polygon", "coordinates": [ [ [ 72.6347771, 23.0779083 ], [ 72.6344856, 23.0782954 ], [ 72.6344484, 23.0783461 ], [ 72.6344127, 23.0783789 ], [ 72.634377, 23.0784035 ], [ 72.6340351, 23.0786305 ], [ 72.6339816, 23.0786551 ], [ 72.63394, 23.0786606 ], [ 72.6338954, 23.0786551 ], [ 72.6338508, 23.078636 ], [ 72.6330344, 23.077968 ], [ 72.6329273, 23.0778668 ], [ 72.6328352, 23.0777683 ], [ 72.6326984, 23.0775659 ], [ 72.6326032, 23.0774291 ], [ 72.6325765, 23.0773689 ], [ 72.6325765, 23.0773361 ], [ 72.6325884, 23.0773142 ], [ 72.6326211, 23.0772951 ], [ 72.6327103, 23.0772732 ], [ 72.6329065, 23.0772677 ], [ 72.6331087, 23.0772814 ], [ 72.6332038, 23.0773006 ], [ 72.6343418, 23.0776238 ], [ 72.6343845, 23.0776395 ], [ 72.6344272, 23.0776677 ], [ 72.6345707, 23.0777871 ], [ 72.6346202, 23.0777542 ], [ 72.6347771, 23.0779083 ] ] ] } },
{ "type": "Feature", "properties": { "tags": { "visible": false }, "visible": null, "lon": null, "lat": null, "version": 1, "timestamp": 1749874037, "id": 1395127425, "changeset": null, "depot": null, "industrial": null, "landuse": "grass", "military": null, "residential": null, "osm_type": "way", "basin": null, "construction": null, "farmyard": null, "grass": null, "port": null, "railway": null }, "geometry": { "type": "Polygon", "coordinates": [ [ [ 72.6319615, 23.0765686 ], [ 72.6326049, 23.0759785 ], [ 72.6326363, 23.0759587 ], [ 72.6326716, 23.075937 ], [ 72.6329207, 23.0761698 ], [ 72.6329266, 23.0761933 ], [ 72.6329403, 23.0762384 ], [ 72.6329697, 23.0762889 ], [ 72.6330874, 23.0764279 ], [ 72.6332491, 23.0766404 ], [ 72.6332707, 23.0766819 ], [ 72.6332726, 23.0767108 ], [ 72.6332609, 23.0767469 ], [ 72.6332334, 23.0767758 ], [ 72.6332, 23.0767884 ], [ 72.633149, 23.0767902 ], [ 72.632843, 23.0767559 ], [ 72.6325174, 23.0767108 ], [ 72.6323919, 23.0766873 ], [ 72.6322271, 23.0766458 ], [ 72.6319615, 23.0765686 ] ] ] } },
{ "type": "Feature", "properties": { "tags": { "visible": false }, "visible": null, "lon": null, "lat": null, "version": 1, "timestamp": 1749874037, "id": 1395127426, "changeset": null, "depot": null, "industrial": null, "landuse": "grass", "military": null, "residential": null, "osm_type": "way", "basin": null, "construction": null, "farmyard": null, "grass": null, "port": null, "railway": null }, "geometry": { "type": "Polygon", "coordinates": [ [ [ 72.6318949, 23.0765458 ], [ 72.6316759, 23.076483 ], [ 72.6314973, 23.0764259 ], [ 72.6314119, 23.0763925 ], [ 72.6312699, 23.0762933 ], [ 72.6300513, 23.0751674 ], [ 72.6299612, 23.0750638 ], [ 72.6298882, 23.0749564 ], [ 72.6298575, 23.0749021 ], [ 72.6298192, 23.0748232 ], [ 72.6298102, 23.0747902 ], [ 72.6298102, 23.0747487 ], [ 72.6298305, 23.0747155 ], [ 72.6298575, 23.0746927 ], [ 72.6298914, 23.0746872 ], [ 72.6303344, 23.0746927 ], [ 72.6304445, 23.0747036 ], [ 72.6308221, 23.0748295 ], [ 72.6311461, 23.0749444 ], [ 72.6315949, 23.0751442 ], [ 72.6318382, 23.075268 ], [ 72.6320478, 23.075387 ], [ 72.632141, 23.0754513 ], [ 72.6326011, 23.0758758 ], [ 72.6326011, 23.0758936 ], [ 72.6325921, 23.0759091 ], [ 72.6325714, 23.0759305 ], [ 72.6318949, 23.0765458 ] ] ] } },
{ "type": "Feature", "properties": { "tags": { "visible": false }, "visible": null, "lon": null, "lat": null, "version": 1, "timestamp": 1749874037, "id": 1395127428, "changeset": null, "depot": null, "industrial": null, "landuse": "grass", "military": null, "residential": null, "osm_type": "way", "basin": null, "construction": null, "farmyard": null, "grass": null, "port": null, "railway": null }, "geometry": { "type": "Polygon", "coordinates": [ [ [ 72.6288725, 23.0723858 ], [ 72.6302288, 23.07366 ], [ 72.6302386, 23.0736799 ], [ 72.6302367, 23.0737088 ], [ 72.6303858, 23.0738604 ], [ 72.6304466, 23.0739506 ], [ 72.6304642, 23.0740065 ], [ 72.6304721, 23.0740679 ], [ 72.6304603, 23.0740968 ], [ 72.6303858, 23.0741293 ], [ 72.6302975, 23.0741419 ], [ 72.6301249, 23.0741401 ], [ 72.6298345, 23.0741094 ], [ 72.6296403, 23.0740517 ], [ 72.6291234, 23.0738728 ], [ 72.6285346, 23.0736595 ], [ 72.6283919, 23.0735856 ], [ 72.6282462, 23.0734844 ], [ 72.6272728, 23.0725716 ], [ 72.6272056, 23.0725001 ], [ 72.6270943, 23.0723739 ], [ 72.6268354, 23.0720429 ], [ 72.6268173, 23.0720024 ], [ 72.6268121, 23.0719667 ], [ 72.6268225, 23.0719334 ], [ 72.6268406, 23.0719096 ], [ 72.6268717, 23.0718905 ], [ 72.6269208, 23.0718834 ], [ 72.626983, 23.0718881 ], [ 72.627586, 23.0719715 ], [ 72.6277853, 23.0720167 ], [ 72.6281037, 23.0721096 ], [ 72.6287353, 23.0723073 ], [ 72.6288026, 23.0723382 ], [ 72.6288725, 23.0723858 ] ] ] } },
{ "type": "Feature", "properties": { "tags": { "visible": false }, "visible": null, "lon": null, "lat": null, "version": 1, "timestamp": 1749875711, "id": 1395129399, "changeset": null, "depot": null, "industrial": null, "landuse": "grass", "military": null, "residential": null, "osm_type": "way", "basin": null, "construction": null, "farmyard": null, "grass": null, "port": null, "railway": null }, "geometry": { "type": "Polygon", "coordinates": [ [ [ 72.6309752, 23.0774569 ], [ 72.6310879, 23.0773643 ], [ 72.6311053, 23.0773532 ], [ 72.6311268, 23.0773471 ], [ 72.6311576, 23.0773495 ], [ 72.6311912, 23.0773594 ], [ 72.6312113, 23.077373 ], [ 72.6312904, 23.0774445 ], [ 72.6312917, 23.0774532 ], [ 72.6312864, 23.0774569 ], [ 72.6309752, 23.0774766 ], [ 72.6309685, 23.0774741 ], [ 72.6309669, 23.0774697 ], [ 72.6309685, 23.0774643 ], [ 72.6309752, 23.0774569 ] ] ] } },
{ "type": "Feature", "properties": { "tags": { "visible": false }, "visible": null, "lon": null, "lat": null, "version": 1, "timestamp": 1749875711, "id": 1395129400, "changeset": null, "depot": null, "industrial": null, "landuse": "grass", "military": null, "residential": null, "osm_type": "way", "basin": null, "construction": null, "farmyard": null, "grass": null, "port": null, "railway": null }, "geometry": { "type": "Polygon", "coordinates": [ [ [ 72.6298706, 23.0768008 ], [ 72.6298528, 23.0767826 ], [ 72.6298393, 23.076756 ], [ 72.6298373, 23.0767382 ], [ 72.6298528, 23.0767151 ], [ 72.6300983, 23.076491 ], [ 72.6301292, 23.0764679 ], [ 72.6301814, 23.0764519 ], [ 72.6302123, 23.0764572 ], [ 72.6302355, 23.076475 ], [ 72.6309317, 23.0771102 ], [ 72.6310071, 23.077192 ], [ 72.6310554, 23.0772489 ], [ 72.6310631, 23.0772756 ], [ 72.6310631, 23.0772951 ], [ 72.6310438, 23.0773165 ], [ 72.6309124, 23.0774267 ], [ 72.6308795, 23.0774463 ], [ 72.6308544, 23.0774516 ], [ 72.6305239, 23.0771618 ], [ 72.6304229, 23.0772564 ], [ 72.6304076, 23.0772624 ], [ 72.6303814, 23.0772631 ], [ 72.6303635, 23.0772542 ], [ 72.6298706, 23.0768008 ] ] ] } },
{ "type": "Feature", "properties": { "tags": { "visible": false }, "visible": null, "lon": null, "lat": null, "version": 1, "timestamp": 1749875711, "id": 1395129401, "changeset": null, "depot": null, "industrial": null, "landuse": "grass", "military": null, "residential": null, "osm_type": "way", "basin": null, "construction": null, "farmyard": null, "grass": null, "port": null, "railway": null }, "geometry": { "type": "Polygon", "coordinates": [ [ [ 72.6311115, 23.0772198 ], [ 72.6287036, 23.0749883 ], [ 72.6288529, 23.0748671 ], [ 72.6288862, 23.0748977 ], [ 72.6289462, 23.0748487 ], [ 72.6289639, 23.0748426 ], [ 72.6289906, 23.0748487 ], [ 72.6290217, 23.0748691 ], [ 72.62959, 23.0753021 ], [ 72.629701, 23.0754022 ], [ 72.6300762, 23.0757535 ], [ 72.6309669, 23.0765872 ], [ 72.6310179, 23.0765403 ], [ 72.6313265, 23.07685 ], [ 72.6313699, 23.0769016 ], [ 72.6313826, 23.0769274 ], [ 72.6313877, 23.0769673 ], [ 72.6313648, 23.0770142 ], [ 72.6312602, 23.0771198 ], [ 72.631176, 23.0771996 ], [ 72.6311562, 23.0772168 ], [ 72.6311445, 23.0772276 ], [ 72.6311343, 23.0772303 ], [ 72.631124, 23.077229 ], [ 72.6311115, 23.0772198 ] ] ] } },
{ "type": "Feature", "properties": { "tags": { "visible": false }, "visible": null, "lon": null, "lat": null, "version": 1, "timestamp": 1772032891, "id": 1482920020, "changeset": null, "depot": null, "industrial": null, "landuse": "grass", "military": null, "residential": null, "osm_type": "way", "basin": null, "construction": null, "farmyard": null, "grass": null, "port": null, "railway": null }, "geometry": { "type": "Polygon", "coordinates": [ [ [ 72.6740268, 23.1828865 ], [ 72.6740752, 23.1828555 ], [ 72.6741291, 23.1828335 ], [ 72.6741866, 23.1828212 ], [ 72.6742456, 23.1828191 ], [ 72.6743039, 23.1828273 ], [ 72.6743595, 23.1828454 ], [ 72.6744104, 23.1828729 ], [ 72.6744547, 23.1829087 ], [ 72.6744909, 23.1829516 ], [ 72.6745176, 23.1829999 ], [ 72.6745337, 23.1830508 ], [ 72.6745393, 23.1831036 ], [ 72.6745341, 23.1831564 ], [ 72.6745185, 23.1832074 ], [ 72.6744929, 23.1832549 ], [ 72.6744582, 23.1832973 ], [ 72.6744156, 23.183333 ], [ 72.6743666, 23.1833609 ], [ 72.6743128, 23.18338 ], [ 72.6742561, 23.1833896 ], [ 72.6741984, 23.1833895 ], [ 72.6741434, 23.18338 ], [ 72.6740911, 23.1833616 ], [ 72.6740432, 23.1833349 ], [ 72.6740013, 23.1833007 ], [ 72.6739668, 23.1832601 ], [ 72.6739407, 23.1832146 ], [ 72.6739239, 23.1831654 ], [ 72.673917, 23.1831143 ], [ 72.6739202, 23.1830629 ], [ 72.6739333, 23.1830129 ], [ 72.673956, 23.1829658 ], [ 72.6739875, 23.1829232 ], [ 72.6740268, 23.1828865 ] ] ] } },
{ "type": "Feature", "properties": { "tags": { "type": "multipolygon", "members": [ { "member_id": 1395127402, "member_type": "way", "member_role": "outer" }, { "member_id": 1395127400, "member_type": "way", "member_role": "outer" }, { "member_id": 1395120022, "member_type": "way", "member_role": "outer" }, { "member_id": 1395127401, "member_type": "way", "member_role": "outer" }, { "member_id": 1395127403, "member_type": "way", "member_role": "outer" } ] }, "visible": null, "lon": null, "lat": null, "version": 1, "timestamp": 1749874037, "id": 19251991, "changeset": 0.0, "depot": null, "industrial": null, "landuse": "grass", "military": null, "residential": null, "osm_type": "relation", "basin": null, "construction": null, "farmyard": null, "grass": null, "port": null, "railway": null }, "geometry": { "type": "Polygon", "coordinates": [ [ [ 72.643895, 23.0856691 ], [ 72.6437971, 23.085579 ], [ 72.6415674, 23.0834968 ], [ 72.6415534, 23.0834817 ], [ 72.6415429, 23.0834635 ], [ 72.641537, 23.083442 ], [ 72.6415382, 23.0834044 ], [ 72.6415429, 23.0833561 ], [ 72.6415534, 23.0832938 ], [ 72.6415577, 23.0832307 ], [ 72.6415537, 23.0831752 ], [ 72.6415389, 23.0831221 ], [ 72.6415133, 23.0830681 ], [ 72.6414806, 23.0830262 ], [ 72.6414386, 23.0829843 ], [ 72.6413989, 23.0829553 ], [ 72.6413569, 23.0829295 ], [ 72.6413055, 23.0829124 ], [ 72.6412588, 23.0829027 ], [ 72.6411958, 23.0828995 ], [ 72.6411386, 23.0829027 ], [ 72.6410813, 23.0829113 ], [ 72.6410265, 23.0829145 ], [ 72.6409914, 23.0829134 ], [ 72.6409564, 23.0829038 ], [ 72.6409261, 23.0828877 ], [ 72.640898, 23.0828662 ], [ 72.6351827, 23.0775168 ], [ 72.6350536, 23.0773897 ], [ 72.6350321, 23.0773638 ], [ 72.6350241, 23.0773465 ], [ 72.6350221, 23.0773305 ], [ 72.6350268, 23.0773107 ], [ 72.6350355, 23.0772984 ], [ 72.6356273, 23.0767876 ], [ 72.635655, 23.0767743 ], [ 72.6356997, 23.0767573 ], [ 72.6357721, 23.076736 ], [ 72.635863, 23.0767091 ], [ 72.6359323, 23.076702 ], [ 72.6359909, 23.0767091 ], [ 72.6360232, 23.0767218 ], [ 72.6360448, 23.0767403 ], [ 72.6360787, 23.0767842 ], [ 72.6367502, 23.0777233 ], [ 72.6367821, 23.0777656 ], [ 72.6368192, 23.0777998 ], [ 72.6368564, 23.077816 ], [ 72.6369095, 23.0778226 ], [ 72.6369484, 23.077816 ], [ 72.6373307, 23.0775491 ], [ 72.6373961, 23.0775132 ], [ 72.6374333, 23.077497 ], [ 72.637474, 23.0774986 ], [ 72.63752, 23.0775067 ], [ 72.6375448, 23.0775181 ], [ 72.6375802, 23.0775409 ], [ 72.6376474, 23.0775963 ], [ 72.6384818, 23.0783815 ], [ 72.6395391, 23.0793649 ], [ 72.6401026, 23.0798842 ], [ 72.640292, 23.0800682 ], [ 72.6403221, 23.0801105 ], [ 72.640338, 23.0801479 ], [ 72.6403398, 23.0801903 ], [ 72.6403292, 23.0802326 ], [ 72.6403061, 23.0802782 ], [ 72.6402672, 23.0803286 ], [ 72.640246, 23.0803612 ], [ 72.6402389, 23.0803856 ], [ 72.640092, 23.0804393 ], [ 72.6401416, 23.0805435 ], [ 72.6402743, 23.0804963 ], [ 72.6414105, 23.0815538 ], [ 72.6421957, 23.0822869 ], [ 72.642767, 23.0828174 ], [ 72.643282, 23.0832788 ], [ 72.6437648, 23.0837204 ], [ 72.6441376, 23.0840462 ], [ 72.6444568, 23.0843028 ], [ 72.6447791, 23.0845549 ], [ 72.6449348, 23.0846754 ], [ 72.6450587, 23.0847779 ], [ 72.6451861, 23.0848886 ], [ 72.6453011, 23.0849977 ], [ 72.6453843, 23.0850872 ], [ 72.6454657, 23.0851914 ], [ 72.6456932, 23.0854806 ], [ 72.645805, 23.0856339 ], [ 72.6459615, 23.0858172 ], [ 72.6461566, 23.086036 ], [ 72.6463599, 23.0862473 ], [ 72.6466013, 23.0864986 ], [ 72.6466059, 23.0865085 ], [ 72.6466059, 23.0865163 ], [ 72.6466044, 23.0865255 ], [ 72.646599, 23.0865319 ], [ 72.6464642, 23.086636 ], [ 72.6464488, 23.0866467 ], [ 72.6464303, 23.0866537 ], [ 72.6464118, 23.0866545 ], [ 72.646391, 23.0866516 ], [ 72.646371, 23.0866424 ], [ 72.6463594, 23.0866339 ], [ 72.6453463, 23.0856433 ], [ 72.6451357, 23.0858256 ], [ 72.6452154, 23.0858956 ], [ 72.6453835, 23.0857426 ], [ 72.646314, 23.0866424 ], [ 72.6463496, 23.0866704 ], [ 72.6463791, 23.0866891 ], [ 72.6464086, 23.0866957 ], [ 72.646438, 23.0866928 ], [ 72.6464767, 23.0866732 ], [ 72.6465529, 23.0866115 ], [ 72.6465915, 23.0865891 ], [ 72.646621, 23.0865769 ], [ 72.6466444, 23.0865713 ], [ 72.6466606, 23.0865732 ], [ 72.6466728, 23.0865816 ], [ 72.6466881, 23.0865928 ], [ 72.6467511, 23.0866667 ], [ 72.64681, 23.0867265 ], [ 72.6468558, 23.0867583 ], [ 72.6469025, 23.086777 ], [ 72.6469462, 23.0867854 ], [ 72.6470458, 23.086792 ], [ 72.6470956, 23.0867976 ], [ 72.6471536, 23.0868107 ], [ 72.6472044, 23.0868303 ], [ 72.647242, 23.0868527 ], [ 72.647306, 23.0869079 ], [ 72.6473822, 23.086978 ], [ 72.6475176, 23.0871058 ], [ 72.6476834, 23.087264 ], [ 72.6486576, 23.088258 ], [ 72.6487734, 23.0883814 ], [ 72.648807, 23.0884226 ], [ 72.6488273, 23.0884609 ], [ 72.6488344, 23.0884852 ], [ 72.6488364, 23.0885039 ], [ 72.6488303, 23.0885254 ], [ 72.6488171, 23.0885507 ], [ 72.6487938, 23.0885825 ], [ 72.6487358, 23.0886432 ], [ 72.6476038, 23.0897905 ], [ 72.6475907, 23.0898025 ], [ 72.6475776, 23.0898103 ], [ 72.6475622, 23.0898138 ], [ 72.6475483, 23.0898131 ], [ 72.647536, 23.0898082 ], [ 72.6475182, 23.0897956 ], [ 72.6467442, 23.0889737 ], [ 72.6470349, 23.0887156 ], [ 72.6466918, 23.0883936 ], [ 72.6469042, 23.088195 ], [ 72.6463937, 23.087713 ], [ 72.6463707, 23.0876927 ], [ 72.6463453, 23.087676 ], [ 72.6463225, 23.0876698 ], [ 72.646293, 23.0876723 ], [ 72.6462085, 23.0876846 ], [ 72.646136, 23.087692 ], [ 72.6460891, 23.0876932 ], [ 72.6460609, 23.0876883 ], [ 72.6460355, 23.0876747 ], [ 72.6460019, 23.0876501 ], [ 72.643895, 23.0856691 ] ], [ [ 72.6440452, 23.0853582 ], [ 72.643839, 23.0855426 ], [ 72.6439392, 23.0856301 ], [ 72.6441378, 23.0854544 ], [ 72.6440452, 23.0853582 ] ] ] } },
{ "type": "Feature", "properties": { "tags": { "type": "multipolygon", "members": [ { "member_id": 1395127411, "member_type": "way", "member_role": "outer" }, { "member_id": 1395127413, "member_type": "way", "member_role": "outer" }, { "member_id": 1395127409, "member_type": "way", "member_role": "outer" }, { "member_id": 1395127412, "member_type": "way", "member_role": "outer" }, { "member_id": 1395127408, "member_type": "way", "member_role": "outer" }, { "member_id": 1395127410, "member_type": "way", "member_role": "outer" } ] }, "visible": null, "lon": null, "lat": null, "version": 1, "timestamp": 1749874037, "id": 19251992, "changeset": 0.0, "depot": null, "industrial": null, "landuse": "grass", "military": null, "residential": null, "osm_type": "relation", "basin": null, "construction": null, "farmyard": null, "grass": null, "port": null, "railway": null }, "geometry": { "type": "Polygon", "coordinates": [ [ [ 72.642535, 23.0869354 ], [ 72.6428053, 23.0867232 ], [ 72.6429221, 23.0866286 ], [ 72.6430705, 23.086507 ], [ 72.643227, 23.0863481 ], [ 72.6433794, 23.0861929 ], [ 72.6434912, 23.0860751 ], [ 72.6454531, 23.0879064 ], [ 72.6455039, 23.0879494 ], [ 72.6455507, 23.0880017 ], [ 72.6455771, 23.0880447 ], [ 72.6455933, 23.0880915 ], [ 72.6455933, 23.0881326 ], [ 72.6455751, 23.0882916 ], [ 72.645571, 23.0883383 ], [ 72.6455791, 23.0883757 ], [ 72.6456055, 23.088415 ], [ 72.6457194, 23.0885253 ], [ 72.6457783, 23.088587 ], [ 72.6457962, 23.0886179 ], [ 72.6458017, 23.0886474 ], [ 72.6458017, 23.0886862 ], [ 72.6457935, 23.0887389 ], [ 72.6457816, 23.0887794 ], [ 72.6457661, 23.0888151 ], [ 72.6457489, 23.0888404 ], [ 72.6457255, 23.0888656 ], [ 72.6455771, 23.0889853 ], [ 72.6457519, 23.0891536 ], [ 72.6459836, 23.0889498 ], [ 72.6460182, 23.0889217 ], [ 72.646069, 23.0888993 ], [ 72.6461097, 23.0888918 ], [ 72.6461666, 23.0888656 ], [ 72.6463841, 23.0886768 ], [ 72.6467195, 23.0889909 ], [ 72.6474847, 23.0898058 ], [ 72.6475042, 23.0898318 ], [ 72.6475077, 23.0898546 ], [ 72.6475095, 23.0898774 ], [ 72.6474953, 23.0899018 ], [ 72.6467432, 23.0906247 ], [ 72.646699, 23.0906557 ], [ 72.6466671, 23.0906719 ], [ 72.6466264, 23.0906801 ], [ 72.6465875, 23.0906833 ], [ 72.6465663, 23.0906785 ], [ 72.6465415, 23.0906622 ], [ 72.6462478, 23.0904077 ], [ 72.646201, 23.0903609 ], [ 72.6461705, 23.0903123 ], [ 72.646138, 23.0902319 ], [ 72.6460953, 23.0901571 ], [ 72.6460506, 23.090101 ], [ 72.6460099, 23.0900655 ], [ 72.6459632, 23.0900393 ], [ 72.645888, 23.0900038 ], [ 72.6458209, 23.0899608 ], [ 72.6457843, 23.089929 ], [ 72.645762, 23.0898841 ], [ 72.6457376, 23.0898467 ], [ 72.6456928, 23.0897962 ], [ 72.6442998, 23.0885244 ], [ 72.6442626, 23.0884967 ], [ 72.6442254, 23.0884804 ], [ 72.6441723, 23.088469 ], [ 72.6441228, 23.0884642 ], [ 72.6440892, 23.0884528 ], [ 72.6440626, 23.0884381 ], [ 72.6440236, 23.0884042 ], [ 72.6431513, 23.0875962 ], [ 72.6431452, 23.0875794 ], [ 72.6431452, 23.0875681 ], [ 72.6431513, 23.0875569 ], [ 72.6433343, 23.0873999 ], [ 72.6440213, 23.0880365 ], [ 72.6442969, 23.087783 ], [ 72.6434377, 23.0869832 ], [ 72.6433326, 23.087082 ], [ 72.6431656, 23.086936 ], [ 72.6428154, 23.0872579 ], [ 72.6428092, 23.0872612 ], [ 72.6428022, 23.087262 ], [ 72.6427942, 23.087262 ], [ 72.6427862, 23.0872579 ], [ 72.6427747, 23.0872481 ], [ 72.6426367, 23.0871203 ], [ 72.6425156, 23.0870056 ], [ 72.6425075, 23.0869943 ], [ 72.6425035, 23.0869822 ], [ 72.6425055, 23.0869719 ], [ 72.6425126, 23.0869579 ], [ 72.642535, 23.0869354 ] ], [ [ 72.6428509, 23.0867243 ], [ 72.642846, 23.0867428 ], [ 72.642846, 23.0867625 ], [ 72.6428531, 23.0867821 ], [ 72.6428704, 23.0868017 ], [ 72.6428917, 23.0868148 ], [ 72.6429161, 23.0868167 ], [ 72.6429405, 23.0868148 ], [ 72.6429669, 23.0868017 ], [ 72.6429852, 23.086784 ], [ 72.6429903, 23.0867643 ], [ 72.6429903, 23.08674 ], [ 72.6429852, 23.0867223 ], [ 72.642973, 23.0867064 ], [ 72.6429505, 23.0866903 ], [ 72.6429291, 23.0866834 ], [ 72.6429046, 23.0866867 ], [ 72.6428836, 23.0866942 ], [ 72.6428649, 23.0867071 ], [ 72.6428509, 23.0867243 ] ] ] } },
{ "type": "Feature", "properties": { "tags": { "type": "multipolygon", "members": [ { "member_id": 1395127433, "member_type": "way", "member_role": "outer" }, { "member_id": 1395127430, "member_type": "way", "member_role": "outer" }, { "member_id": 1395127431, "member_type": "way", "member_role": "outer" }, { "member_id": 1395127432, "member_type": "way", "member_role": "outer" } ] }, "visible": null, "lon": null, "lat": null, "version": 1, "timestamp": 1749874037, "id": 19251993, "changeset": 0.0, "depot": null, "industrial": null, "landuse": "grass", "military": null, "residential": null, "osm_type": "relation", "basin": null, "construction": null, "farmyard": null, "grass": null, "port": null, "railway": null }, "geometry": { "type": "Polygon", "coordinates": [ [ [ 72.6237664, 23.0676101 ], [ 72.6250757, 23.0688367 ], [ 72.625155, 23.068911 ], [ 72.6271002, 23.0707334 ], [ 72.6271767, 23.07082 ], [ 72.6272591, 23.0709301 ], [ 72.6275259, 23.071291 ], [ 72.6275403, 23.0713174 ], [ 72.6275471, 23.0713423 ], [ 72.6275392, 23.0713713 ], [ 72.6275133, 23.0714024 ], [ 72.6274828, 23.0714231 ], [ 72.6274535, 23.0714345 ], [ 72.627413, 23.0714335 ], [ 72.6270275, 23.0713958 ], [ 72.6268635, 23.0713785 ], [ 72.6267354, 23.0713565 ], [ 72.6266296, 23.0713314 ], [ 72.6264878, 23.0712984 ], [ 72.6261941, 23.0712183 ], [ 72.6258013, 23.0711067 ], [ 72.6257142, 23.0710769 ], [ 72.6256579, 23.071047 ], [ 72.6256135, 23.0710109 ], [ 72.625277, 23.0707108 ], [ 72.6231936, 23.0687464 ], [ 72.6231014, 23.0686425 ], [ 72.6230628, 23.068585 ], [ 72.6230271, 23.0685385 ], [ 72.6229409, 23.0684455 ], [ 72.6228874, 23.0683908 ], [ 72.6228636, 23.0683553 ], [ 72.6228636, 23.0683115 ], [ 72.6228874, 23.0682595 ], [ 72.6229439, 23.0681911 ], [ 72.623149, 23.0679477 ], [ 72.6232114, 23.067882 ], [ 72.6233066, 23.0678054 ], [ 72.6235504, 23.0676331 ], [ 72.6236069, 23.0675975 ], [ 72.6236515, 23.0675811 ], [ 72.6236991, 23.0675784 ], [ 72.6237347, 23.0675893 ], [ 72.6237664, 23.0676101 ] ], [ [ 72.6251098, 23.0689519 ], [ 72.6250309, 23.0688772 ], [ 72.624831, 23.0690576 ], [ 72.6249114, 23.0691318 ], [ 72.6251098, 23.0689519 ] ] ] } }
]
}
