{
"type": "FeatureCollection",
"name": "industrial_polygon",
"crs": { "type": "name", "properties": { "name": "urn:ogc:def:crs:OGC:1.3:CRS84" } },
"features": [
{ "type": "Feature", "properties": { "tags": { "visible": false, "alt_name": "Sabarmati Thermal Power Station", "name": "AMGEN", "operator": "Torrent Power", "plant:method": "combustion", "plant:output:electricity": "362 MW", "plant:source": "coal", "power": "plant", "wikidata": "Q17747162" }, "visible": null, "lon": null, "lat": null, "version": 11, "timestamp": 1718016549, "id": 29492754, "changeset": null, "depot": null, "industrial": null, "landuse": "industrial", "military": null, "residential": null, "osm_type": "way", "basin": null, "construction": null, "farmyard": null, "grass": null, "port": null, "railway": null }, "geometry": { "type": "Polygon", "coordinates": [ [ [ 72.5889742, 23.0685961 ], [ 72.5890901, 23.0677508 ], [ 72.5893902, 23.066516 ], [ 72.5918885, 23.0682004 ], [ 72.5922345, 23.0678609 ], [ 72.5928985, 23.0682133 ], [ 72.594572, 23.0690812 ], [ 72.5973905, 23.0743813 ], [ 72.5976351, 23.0757814 ], [ 72.5961371, 23.0758226 ], [ 72.5950866, 23.0760768 ], [ 72.5948438, 23.0761681 ], [ 72.5945124, 23.0757641 ], [ 72.5902271, 23.0709565 ], [ 72.5890061, 23.0690048 ], [ 72.5889742, 23.0685961 ] ] ] } },
{ "type": "Feature", "properties": { "tags": { "visible": false, "name": "ICD Khodiyar depot" }, "visible": null, "lon": null, "lat": null, "version": 2, "timestamp": 1553501160, "id": 116801086, "changeset": null, "depot": null, "industrial": null, "landuse": "industrial", "military": null, "residential": null, "osm_type": "way", "basin": null, "construction": null, "farmyard": null, "grass": null, "port": null, "railway": null }, "geometry": { "type": "Polygon", "coordinates": [ [ [ 72.5542824, 23.1699166 ], [ 72.5531178, 23.1701158 ], [ 72.5522104, 23.1700909 ], [ 72.5443826, 23.1657456 ], [ 72.5443962, 23.1647745 ], [ 72.5443555, 23.1639278 ], [ 72.5447483, 23.1631309 ], [ 72.5452223, 23.1617613 ], [ 72.5459265, 23.1604664 ], [ 72.5482559, 23.1615994 ], [ 72.5500164, 23.1627325 ], [ 72.5542824, 23.165011 ], [ 72.5541606, 23.1672522 ], [ 72.553998, 23.168186 ], [ 72.5542824, 23.1699166 ] ] ] } },
{ "type": "Feature", "properties": { "tags": { "visible": false }, "visible": null, "lon": null, "lat": null, "version": 3, "timestamp": 1547590415, "id": 137989387, "changeset": null, "depot": null, "industrial": null, "landuse": "industrial", "military": null, "residential": null, "osm_type": "way", "basin": null, "construction": null, "farmyard": null, "grass": null, "port": null, "railway": null }, "geometry": { "type": "Polygon", "coordinates": [ [ [ 72.5584882, 22.9730271 ], [ 72.5599105, 22.9724644 ], [ 72.5603329, 22.9734206 ], [ 72.5595241, 22.9736044 ], [ 72.559488, 22.973528 ], [ 72.5591993, 22.9736443 ], [ 72.5590188, 22.9732721 ], [ 72.5586687, 22.9734217 ], [ 72.5584882, 22.9730271 ] ] ] } },
{ "type": "Feature", "properties": { "tags": { "visible": false, "name": "Kathwada GIDC" }, "visible": null, "lon": null, "lat": null, "version": 2, "timestamp": 1474883205, "id": 244328439, "changeset": null, "depot": null, "industrial": null, "landuse": "industrial", "military": null, "residential": null, "osm_type": "way", "basin": null, "construction": null, "farmyard": null, "grass": null, "port": null, "railway": null }, "geometry": { "type": "Polygon", "coordinates": [ [ [ 72.6736586, 23.0253048 ], [ 72.6745722, 23.0253957 ], [ 72.6795846, 23.0267137 ], [ 72.6862267, 23.0262592 ], [ 72.6867205, 23.0291225 ], [ 72.6886711, 23.0291679 ], [ 72.6909428, 23.0366666 ], [ 72.6879798, 23.0377346 ], [ 72.6884983, 23.043347 ], [ 72.6825229, 23.0434606 ], [ 72.6805969, 23.0419609 ], [ 72.6743499, 23.0287589 ], [ 72.6736586, 23.0253048 ] ] ] } },
{ "type": "Feature", "properties": { "tags": { "visible": false }, "visible": null, "lon": null, "lat": null, "version": 3, "timestamp": 1709814967, "id": 244328441, "changeset": null, "depot": null, "industrial": null, "landuse": "industrial", "military": null, "residential": null, "osm_type": "way", "basin": null, "construction": null, "farmyard": null, "grass": null, "port": null, "railway": null }, "geometry": { "type": "Polygon", "coordinates": [ [ [ 72.672567, 23.0182822 ], [ 72.6778626, 23.018841 ], [ 72.6780287, 23.0183567 ], [ 72.6782673, 23.0176613 ], [ 72.6816259, 23.0172749 ], [ 72.6823149, 23.0171956 ], [ 72.6843724, 23.0204553 ], [ 72.6868347, 23.0214176 ], [ 72.6859577, 23.0258878 ], [ 72.6811361, 23.0263139 ], [ 72.6795491, 23.0261672 ], [ 72.6758388, 23.0249565 ], [ 72.6732079, 23.0245529 ], [ 72.6718924, 23.0189652 ], [ 72.672567, 23.0182822 ] ] ] } },
{ "type": "Feature", "properties": { "tags": { "visible": false, "addr:city": "Ahmedabad", "addr:country": "IN", "addr:postcode": "380026", "addr:street": "Shri Khandubhai Desai Marg", "name": "New Cotton Mills" }, "visible": null, "lon": null, "lat": null, "version": 3, "timestamp": 1724062708, "id": 318501827, "changeset": null, "depot": null, "industrial": null, "landuse": "industrial", "military": null, "residential": null, "osm_type": "way", "basin": null, "construction": null, "farmyard": null, "grass": null, "port": null, "railway": null }, "geometry": { "type": "Polygon", "coordinates": [ [ [ 72.6176993, 23.007635 ], [ 72.6161799, 23.007751 ], [ 72.6162001, 23.0062721 ], [ 72.61535, 23.0062572 ], [ 72.6151679, 23.0060546 ], [ 72.6157533, 23.0056148 ], [ 72.6180076, 23.0055548 ], [ 72.6182462, 23.005346 ], [ 72.6184428, 23.0062065 ], [ 72.6196992, 23.0062831 ], [ 72.6197069, 23.0078263 ], [ 72.6197357, 23.0080691 ], [ 72.6197164, 23.0085543 ], [ 72.6195855, 23.0095613 ], [ 72.6196799, 23.0104556 ], [ 72.6194079, 23.0105618 ], [ 72.6167439, 23.0105621 ], [ 72.6165292, 23.0099496 ], [ 72.6164703, 23.0097869 ], [ 72.617459, 23.0097864 ], [ 72.6174563, 23.0100481 ], [ 72.617754, 23.0100456 ], [ 72.6176993, 23.007635 ] ] ] } },
{ "type": "Feature", "properties": { "tags": { "visible": false }, "visible": null, "lon": null, "lat": null, "version": 4, "timestamp": 1731468767, "id": 321003774, "changeset": null, "depot": null, "industrial": null, "landuse": "industrial", "military": null, "residential": null, "osm_type": "way", "basin": null, "construction": null, "farmyard": null, "grass": null, "port": null, "railway": null }, "geometry": { "type": "Polygon", "coordinates": [ [ [ 72.6398871, 23.0209511 ], [ 72.6479498, 23.022195 ], [ 72.6481535, 23.0232519 ], [ 72.6479312, 23.0241895 ], [ 72.6487459, 23.0259556 ], [ 72.6487647, 23.0259964 ], [ 72.6461346, 23.0255362 ], [ 72.6462087, 23.026201 ], [ 72.6405593, 23.025127 ], [ 72.6404667, 23.0238826 ], [ 72.6398408, 23.0221359 ], [ 72.6398871, 23.0209511 ] ] ] } },
{ "type": "Feature", "properties": { "tags": { "visible": false, "name": "Odhav industrial estate" }, "visible": null, "lon": null, "lat": null, "version": 2, "timestamp": 1474883537, "id": 321003775, "changeset": null, "depot": null, "industrial": null, "landuse": "industrial", "military": null, "residential": null, "osm_type": "way", "basin": null, "construction": null, "farmyard": null, "grass": null, "port": null, "railway": null }, "geometry": { "type": "Polygon", "coordinates": [ [ [ 72.6486528, 23.0222873 ], [ 72.6598641, 23.0238181 ], [ 72.6594581, 23.0270968 ], [ 72.6594712, 23.0281695 ], [ 72.6590783, 23.0281213 ], [ 72.6590259, 23.0288566 ], [ 72.6578864, 23.0288325 ], [ 72.6577948, 23.027157 ], [ 72.6539572, 23.0266267 ], [ 72.649478, 23.0259878 ], [ 72.6486397, 23.0242641 ], [ 72.6486659, 23.023565 ], [ 72.6486528, 23.0222873 ] ] ] } },
{ "type": "Feature", "properties": { "tags": { "visible": false }, "visible": null, "lon": null, "lat": null, "version": 1, "timestamp": 1420737901, "id": 321003776, "changeset": null, "depot": null, "industrial": null, "landuse": "industrial", "military": null, "residential": null, "osm_type": "way", "basin": null, "construction": null, "farmyard": null, "grass": null, "port": null, "railway": null }, "geometry": { "type": "Polygon", "coordinates": [ [ [ 72.6415113, 22.9649745 ], [ 72.6442335, 22.9655054 ], [ 72.6466126, 22.9671314 ], [ 72.6355452, 22.9780743 ], [ 72.6352999, 22.9774647 ], [ 72.6350056, 22.9743711 ], [ 72.6355697, 22.9736033 ], [ 72.6380224, 22.9737614 ], [ 72.640426, 22.9699225 ], [ 72.640318, 22.9674672 ], [ 72.6407602, 22.9670361 ], [ 72.6411157, 22.9657347 ], [ 72.6415113, 22.9649745 ] ] ] } },
{ "type": "Feature", "properties": { "tags": { "visible": false, "name": "Vatva GIDC" }, "visible": null, "lon": null, "lat": null, "version": 2, "timestamp": 1474883137, "id": 321003777, "changeset": null, "depot": null, "industrial": null, "landuse": "industrial", "military": null, "residential": null, "osm_type": "way", "basin": null, "construction": null, "farmyard": null, "grass": null, "port": null, "railway": null }, "geometry": { "type": "Polygon", "coordinates": [ [ [ 72.6282433, 22.9623799 ], [ 72.6409556, 22.9648661 ], [ 72.64037, 22.9668445 ], [ 72.6398664, 22.967644 ], [ 72.6399891, 22.9698119 ], [ 72.6378185, 22.9734814 ], [ 72.635513, 22.9733346 ], [ 72.6347894, 22.973933 ], [ 72.6345074, 22.9737637 ], [ 72.6333178, 22.9759201 ], [ 72.6267249, 22.9720929 ], [ 72.6258751, 22.9731467 ], [ 72.6237766, 22.9722526 ], [ 72.6282433, 22.9623799 ] ] ] } },
{ "type": "Feature", "properties": { "tags": { "visible": false }, "visible": null, "lon": null, "lat": null, "version": 1, "timestamp": 1420737901, "id": 321003778, "changeset": null, "depot": null, "industrial": null, "landuse": "industrial", "military": null, "residential": null, "osm_type": "way", "basin": null, "construction": null, "farmyard": null, "grass": null, "port": null, "railway": null }, "geometry": { "type": "Polygon", "coordinates": [ [ [ 72.6521347, 22.9710882 ], [ 72.65084, 22.9714185 ], [ 72.6487588, 22.9708118 ], [ 72.6483773, 22.9715942 ], [ 72.6486201, 22.9729514 ], [ 72.6481865, 22.9750112 ], [ 72.6450301, 22.975618 ], [ 72.6439375, 22.9764802 ], [ 72.6445445, 22.9786197 ], [ 72.6394457, 22.9814937 ], [ 72.6390642, 22.9808231 ], [ 72.6364974, 22.9814778 ], [ 72.6364435, 22.9793886 ], [ 72.6358886, 22.9785104 ], [ 72.6469707, 22.9673492 ], [ 72.6521347, 22.9710882 ] ] ] } },
{ "type": "Feature", "properties": { "tags": { "visible": false, "name": "Vatva Gidc" }, "visible": null, "lon": null, "lat": null, "version": 3, "timestamp": 1474883110, "id": 321003779, "changeset": null, "depot": null, "industrial": null, "landuse": "industrial", "military": null, "residential": null, "osm_type": "way", "basin": null, "construction": null, "farmyard": null, "grass": null, "port": null, "railway": null }, "geometry": { "type": "Polygon", "coordinates": [ [ [ 72.6429346, 22.9568516 ], [ 72.644404, 22.9610533 ], [ 72.6442569, 22.9627922 ], [ 72.6432636, 22.9625212 ], [ 72.6420004, 22.9629616 ], [ 72.641375, 22.9639214 ], [ 72.6412463, 22.9645674 ], [ 72.6287433, 22.9619838 ], [ 72.6303662, 22.958518 ], [ 72.6344229, 22.9498548 ], [ 72.6354425, 22.9480203 ], [ 72.6377144, 22.9484195 ], [ 72.6396221, 22.9512782 ], [ 72.6400904, 22.9532585 ], [ 72.6416165, 22.9550311 ], [ 72.6419807, 22.9563087 ], [ 72.6429346, 22.9568516 ] ] ] } },
{ "type": "Feature", "properties": { "tags": { "visible": false, "name": "Odhav industrial estate" }, "visible": null, "lon": null, "lat": null, "version": 5, "timestamp": 1731468763, "id": 321003780, "changeset": null, "depot": null, "industrial": null, "landuse": "industrial", "military": null, "residential": null, "osm_type": "way", "basin": null, "construction": null, "farmyard": null, "grass": null, "port": null, "railway": null }, "geometry": { "type": "Polygon", "coordinates": [ [ [ 72.6641269, 23.0223342 ], [ 72.6620052, 23.0220449 ], [ 72.6618087, 23.0211408 ], [ 72.6575758, 23.0210258 ], [ 72.6534757, 23.0209314 ], [ 72.6536308, 23.0196418 ], [ 72.6539575, 23.0187517 ], [ 72.6539553, 23.0177 ], [ 72.6529441, 23.0175983 ], [ 72.6522607, 23.0172779 ], [ 72.6523095, 23.0169555 ], [ 72.6500908, 23.0165511 ], [ 72.650601, 23.0145717 ], [ 72.6536227, 23.015021 ], [ 72.6545744, 23.0146235 ], [ 72.6555094, 23.0148571 ], [ 72.6555303, 23.0158307 ], [ 72.6568972, 23.0161442 ], [ 72.6568516, 23.016719 ], [ 72.6593071, 23.0170182 ], [ 72.6592023, 23.0180549 ], [ 72.6615685, 23.0182485 ], [ 72.6615808, 23.019039 ], [ 72.662967, 23.0191782 ], [ 72.6645018, 23.0195456 ], [ 72.6641269, 23.0223342 ] ] ] } },
{ "type": "Feature", "properties": { "tags": { "visible": false }, "visible": null, "lon": null, "lat": null, "version": 3, "timestamp": 1709698772, "id": 321003781, "changeset": null, "depot": null, "industrial": null, "landuse": "industrial", "military": null, "residential": null, "osm_type": "way", "basin": null, "construction": null, "farmyard": null, "grass": null, "port": null, "railway": null }, "geometry": { "type": "Polygon", "coordinates": [ [ [ 72.636059, 22.9815085 ], [ 72.6346764, 22.9816055 ], [ 72.6334104, 22.9803122 ], [ 72.63231, 22.9812682 ], [ 72.6310353, 22.9807014 ], [ 72.6298647, 22.9815156 ], [ 72.629275, 22.9814598 ], [ 72.6291363, 22.9795837 ], [ 72.6288761, 22.9782246 ], [ 72.629187, 22.9772331 ], [ 72.629846, 22.9768099 ], [ 72.6302363, 22.9760355 ], [ 72.630375, 22.9745426 ], [ 72.6335819, 22.9763708 ], [ 72.6345531, 22.9744548 ], [ 72.6347613, 22.9784944 ], [ 72.6360967, 22.9795163 ], [ 72.6360599, 22.9814622 ], [ 72.636059, 22.9815085 ] ] ] } },
{ "type": "Feature", "properties": { "tags": { "visible": false, "name": "Naroda GIDC" }, "visible": null, "lon": null, "lat": null, "version": 3, "timestamp": 1612766360, "id": 321003782, "changeset": null, "depot": null, "industrial": null, "landuse": "industrial", "military": null, "residential": null, "osm_type": "way", "basin": null, "construction": null, "farmyard": null, "grass": null, "port": null, "railway": null }, "geometry": { "type": "Polygon", "coordinates": [ [ [ 72.6593797, 23.0814002 ], [ 72.6635718, 23.0778782 ], [ 72.6657348, 23.0791461 ], [ 72.6672853, 23.0805197 ], [ 72.6689507, 23.0812241 ], [ 72.6690856, 23.0814 ], [ 72.671152, 23.0840944 ], [ 72.6728747, 23.0865949 ], [ 72.6736978, 23.0871407 ], [ 72.6756312, 23.0896412 ], [ 72.6794213, 23.0902927 ], [ 72.6795553, 23.0914196 ], [ 72.6763394, 23.0943073 ], [ 72.6833645, 23.1001354 ], [ 72.6791533, 23.1048716 ], [ 72.6560682, 23.0833372 ], [ 72.656853, 23.0826328 ], [ 72.6571401, 23.0829146 ], [ 72.6593797, 23.0814002 ] ] ] } },
{ "type": "Feature", "properties": { "tags": { "visible": false }, "visible": null, "lon": null, "lat": null, "version": 1, "timestamp": 1420737902, "id": 321003784, "changeset": null, "depot": null, "industrial": null, "landuse": "industrial", "military": null, "residential": null, "osm_type": "way", "basin": null, "construction": null, "farmyard": null, "grass": null, "port": null, "railway": null }, "geometry": { "type": "Polygon", "coordinates": [ [ [ 72.6433926, 22.9567756 ], [ 72.6439925, 22.956676 ], [ 72.6469235, 22.9567398 ], [ 72.6487965, 22.9572828 ], [ 72.6491087, 22.9561969 ], [ 72.6564117, 22.9581803 ], [ 72.6566372, 22.9600087 ], [ 72.6551277, 22.9600538 ], [ 72.655005, 22.9608442 ], [ 72.6538645, 22.9610587 ], [ 72.6531042, 22.9628089 ], [ 72.6530306, 22.9652366 ], [ 72.6527067, 22.967716 ], [ 72.6521691, 22.9678278 ], [ 72.6515136, 22.9693665 ], [ 72.6524355, 22.9710034 ], [ 72.6473002, 22.9670937 ], [ 72.644508, 22.9652414 ], [ 72.6415551, 22.9646348 ], [ 72.6419514, 22.9635431 ], [ 72.6427608, 22.962939 ], [ 72.6433555, 22.9628543 ], [ 72.6443182, 22.9633512 ], [ 72.6446248, 22.9631084 ], [ 72.6448701, 22.9619793 ], [ 72.6449176, 22.9603712 ], [ 72.6433926, 22.9567756 ] ] ] } },
{ "type": "Feature", "properties": { "tags": { "visible": false }, "visible": null, "lon": null, "lat": null, "version": 1, "timestamp": 1420737902, "id": 321003785, "changeset": null, "depot": null, "industrial": null, "landuse": "industrial", "military": null, "residential": null, "osm_type": "way", "basin": null, "construction": null, "farmyard": null, "grass": null, "port": null, "railway": null }, "geometry": { "type": "Polygon", "coordinates": [ [ [ 72.6629975, 23.0905392 ], [ 72.6790576, 23.1053822 ], [ 72.6694675, 23.1023891 ], [ 72.663457, 23.0914724 ], [ 72.6629593, 23.0908914 ], [ 72.6629975, 23.0905392 ] ] ] } },
{ "type": "Feature", "properties": { "tags": { "visible": false }, "visible": null, "lon": null, "lat": null, "version": 1, "timestamp": 1420737902, "id": 321003786, "changeset": null, "depot": null, "industrial": null, "landuse": "industrial", "military": null, "residential": null, "osm_type": "way", "basin": null, "construction": null, "farmyard": null, "grass": null, "port": null, "railway": null }, "geometry": { "type": "Polygon", "coordinates": [ [ [ 72.660222, 23.093515 ], [ 72.6636101, 23.0932508 ], [ 72.6648543, 23.0949412 ], [ 72.6616385, 23.0954166 ], [ 72.6603177, 23.0946771 ], [ 72.660222, 23.093515 ] ] ] } },
{ "type": "Feature", "properties": { "tags": { "visible": false, "name": "Odhav industrial estate" }, "visible": null, "lon": null, "lat": null, "version": 3, "timestamp": 1474883511, "id": 321003787, "changeset": null, "depot": null, "industrial": null, "landuse": "industrial", "military": null, "residential": null, "osm_type": "way", "basin": null, "construction": null, "farmyard": null, "grass": null, "port": null, "railway": null }, "geometry": { "type": "Polygon", "coordinates": [ [ [ 72.6575763, 23.0210223 ], [ 72.6617815, 23.0211289 ], [ 72.6619998, 23.0220324 ], [ 72.6641338, 23.0223267 ], [ 72.6637849, 23.0240009 ], [ 72.6628419, 23.0238803 ], [ 72.6572625, 23.0231571 ], [ 72.6575758, 23.0210258 ], [ 72.6575763, 23.0210223 ] ] ] } },
{ "type": "Feature", "properties": { "tags": { "visible": false }, "visible": null, "lon": null, "lat": null, "version": 2, "timestamp": 1425309206, "id": 321136513, "changeset": null, "depot": null, "industrial": null, "landuse": "industrial", "military": null, "residential": null, "osm_type": "way", "basin": null, "construction": null, "farmyard": null, "grass": null, "port": null, "railway": null }, "geometry": { "type": "Polygon", "coordinates": [ [ [ 72.569231, 22.995458 ], [ 72.5728749, 22.9962823 ], [ 72.5742983, 22.9985979 ], [ 72.5737497, 22.9987981 ], [ 72.5729163, 22.997626 ], [ 72.5723884, 22.9979833 ], [ 72.5712755, 22.9981215 ], [ 72.5712859, 22.9986626 ], [ 72.5707149, 22.9985278 ], [ 72.5703123, 22.9991814 ], [ 72.5692655, 22.9989389 ], [ 72.5692277, 22.9980828 ], [ 72.5691338, 22.9961829 ], [ 72.569231, 22.995458 ] ] ] } },
{ "type": "Feature", "properties": { "tags": { "visible": false }, "visible": null, "lon": null, "lat": null, "version": 4, "timestamp": 1505899456, "id": 321136514, "changeset": null, "depot": null, "industrial": null, "landuse": "industrial", "military": null, "residential": null, "osm_type": "way", "basin": null, "construction": null, "farmyard": null, "grass": null, "port": null, "railway": null }, "geometry": { "type": "Polygon", "coordinates": [ [ [ 72.577017, 23.0046368 ], [ 72.5764387, 23.0046975 ], [ 72.574638, 23.0039091 ], [ 72.5737157, 23.0033701 ], [ 72.5732252, 23.0014498 ], [ 72.5731605, 23.0014633 ], [ 72.571728, 23.0017615 ], [ 72.5707657, 23.0019619 ], [ 72.570262, 23.0014072 ], [ 72.5699458, 23.001059 ], [ 72.5700264, 23.0001561 ], [ 72.5704467, 22.999983 ], [ 72.5705827, 22.999927 ], [ 72.5711683, 22.9999741 ], [ 72.5720613, 22.9998057 ], [ 72.5744843, 22.9988287 ], [ 72.5775074, 23.0038687 ], [ 72.5769072, 23.0040776 ], [ 72.577017, 23.0046368 ] ] ] } },
{ "type": "Feature", "properties": { "tags": { "visible": false }, "visible": null, "lon": null, "lat": null, "version": 6, "timestamp": 1508508121, "id": 321136515, "changeset": null, "depot": null, "industrial": null, "landuse": "industrial", "military": null, "residential": null, "osm_type": "way", "basin": null, "construction": null, "farmyard": null, "grass": null, "port": null, "railway": null }, "geometry": { "type": "Polygon", "coordinates": [ [ [ 72.5593982, 22.9820244 ], [ 72.5637567, 22.9805778 ], [ 72.5661999, 22.9855628 ], [ 72.5694061, 22.9906707 ], [ 72.5707368, 22.992777 ], [ 72.5718226, 22.9944958 ], [ 72.5726415, 22.9957919 ], [ 72.5713971, 22.9955897 ], [ 72.5686741, 22.9950237 ], [ 72.567646, 22.9948954 ], [ 72.5657853, 22.9952352 ], [ 72.5656549, 22.9951474 ], [ 72.5655772, 22.9950662 ], [ 72.565293, 22.9947692 ], [ 72.5629851, 22.9910687 ], [ 72.5649571, 22.9905795 ], [ 72.5632419, 22.9872546 ], [ 72.561784, 22.9865687 ], [ 72.559951, 22.9886732 ], [ 72.5584013, 22.9869524 ], [ 72.5590463, 22.9855897 ], [ 72.5590898, 22.9855023 ], [ 72.5582396, 22.9851412 ], [ 72.5583887, 22.9843627 ], [ 72.5585919, 22.9837017 ], [ 72.5592363, 22.9838985 ], [ 72.5621974, 22.9848862 ], [ 72.5620687, 22.9844713 ], [ 72.5612104, 22.9841948 ], [ 72.5612426, 22.9838985 ], [ 72.5598478, 22.9834441 ], [ 72.5593982, 22.9820244 ] ] ] } },
{ "type": "Feature", "properties": { "tags": { "visible": false, "name": "Calico Mills compound", "wikidata": "Q5019859", "wikimedia_commons": "Category:Calico Mills", "wikipedia": "en:Calico Mills" }, "visible": null, "lon": null, "lat": null, "version": 4, "timestamp": 1696879081, "id": 321136516, "changeset": null, "depot": null, "industrial": "textile", "landuse": "industrial", "military": null, "residential": null, "osm_type": "way", "basin": null, "construction": null, "farmyard": null, "grass": null, "port": null, "railway": null }, "geometry": { "type": "Polygon", "coordinates": [ [ [ 72.5727669, 23.0044446 ], [ 72.5730159, 23.0042753 ], [ 72.5739105, 23.0040694 ], [ 72.574473, 23.0041367 ], [ 72.5763237, 23.0049652 ], [ 72.5772912, 23.0048979 ], [ 72.5775444, 23.0053225 ], [ 72.5781463, 23.0054157 ], [ 72.5781519, 23.0056849 ], [ 72.5785401, 23.0056124 ], [ 72.5795751, 23.0072642 ], [ 72.5789226, 23.0072745 ], [ 72.5790801, 23.0077302 ], [ 72.579637, 23.0086777 ], [ 72.5802422, 23.0099738 ], [ 72.5796764, 23.0100498 ], [ 72.5771831, 23.0106964 ], [ 72.5765963, 23.01016 ], [ 72.5770478, 23.0090556 ], [ 72.5753618, 23.006969 ], [ 72.5751874, 23.0066428 ], [ 72.5745517, 23.0066325 ], [ 72.5744369, 23.0068877 ], [ 72.5727669, 23.0044446 ] ] ] } },
{ "type": "Feature", "properties": { "tags": { "visible": false }, "visible": null, "lon": null, "lat": null, "version": 3, "timestamp": 1598458876, "id": 321136518, "changeset": null, "depot": null, "industrial": null, "landuse": "industrial", "military": null, "residential": null, "osm_type": "way", "basin": null, "construction": null, "farmyard": null, "grass": null, "port": null, "railway": null }, "geometry": { "type": "Polygon", "coordinates": [ [ [ 72.56902, 22.9611726 ], [ 72.5715939, 22.9612584 ], [ 72.5718128, 22.9597611 ], [ 72.581632, 22.9592716 ], [ 72.5817578, 22.9613102 ], [ 72.5817884, 22.9618055 ], [ 72.5847606, 22.9624689 ], [ 72.5853797, 22.961227 ], [ 72.5844068, 22.9606162 ], [ 72.5848269, 22.9593131 ], [ 72.5838959, 22.9587584 ], [ 72.5836992, 22.9586412 ], [ 72.5844289, 22.9570938 ], [ 72.5850038, 22.9560147 ], [ 72.5912852, 22.956911 ], [ 72.5911601, 22.9622667 ], [ 72.5897842, 22.9638504 ], [ 72.5882519, 22.9664705 ], [ 72.5881268, 22.9683996 ], [ 72.5882519, 22.9719122 ], [ 72.587689, 22.9723153 ], [ 72.5833423, 22.9722577 ], [ 72.5779949, 22.9728335 ], [ 72.57812, 22.9709621 ], [ 72.5747427, 22.9707605 ], [ 72.5708338, 22.969868 ], [ 72.5719908, 22.9659234 ], [ 72.5694578, 22.9656355 ], [ 72.56902, 22.9611726 ] ] ] } },
{ "type": "Feature", "properties": { "tags": { "visible": false, "name": "Piplaj" }, "visible": null, "lon": null, "lat": null, "version": 2, "timestamp": 1478342568, "id": 321136520, "changeset": null, "depot": null, "industrial": null, "landuse": "industrial", "military": null, "residential": null, "osm_type": "way", "basin": null, "construction": null, "farmyard": null, "grass": null, "port": null, "railway": null }, "geometry": { "type": "Polygon", "coordinates": [ [ [ 72.5487082, 22.944856 ], [ 72.5505689, 22.9440641 ], [ 72.5524452, 22.9446256 ], [ 72.5540869, 22.9451008 ], [ 72.5546029, 22.9466846 ], [ 72.5570264, 22.9472317 ], [ 72.5599972, 22.9491179 ], [ 72.5614826, 22.9493771 ], [ 72.563609, 22.9492043 ], [ 72.564641, 22.9496362 ], [ 72.5626552, 22.9537252 ], [ 72.5627022, 22.9553521 ], [ 72.5644533, 22.9559568 ], [ 72.5640312, 22.9575549 ], [ 72.5617484, 22.9569359 ], [ 72.5612011, 22.95839 ], [ 72.5621549, 22.9593546 ], [ 72.56597, 22.9598009 ], [ 72.565371, 22.9626919 ], [ 72.5686657, 22.963547 ], [ 72.5681167, 22.9673228 ], [ 72.5665844, 22.9703315 ], [ 72.5628162, 22.969295 ], [ 72.5630508, 22.970677 ], [ 72.5618468, 22.9705763 ], [ 72.5618312, 22.9719007 ], [ 72.5601113, 22.9722462 ], [ 72.5554362, 22.9610171 ], [ 72.5550297, 22.9584256 ], [ 72.5542792, 22.9584256 ], [ 72.5522778, 22.9533578 ], [ 72.5490256, 22.9538761 ], [ 72.5471806, 22.9531274 ], [ 72.5473057, 22.9516012 ], [ 72.5511208, 22.950075 ], [ 72.5487082, 22.944856 ] ] ] } },
{ "type": "Feature", "properties": { "tags": { "visible": false }, "visible": null, "lon": null, "lat": null, "version": 9, "timestamp": 1698060721, "id": 321136521, "changeset": null, "depot": null, "industrial": null, "landuse": "industrial", "military": null, "residential": null, "osm_type": "way", "basin": null, "construction": null, "farmyard": null, "grass": null, "port": null, "railway": null }, "geometry": { "type": "Polygon", "coordinates": [ [ [ 72.5797713, 22.9839503 ], [ 72.5798571, 22.9836886 ], [ 72.5795335, 22.9836161 ], [ 72.579517, 22.9835783 ], [ 72.5794766, 22.9835727 ], [ 72.579259, 22.9829651 ], [ 72.5795031, 22.9829107 ], [ 72.5794601, 22.9825724 ], [ 72.5791973, 22.9824119 ], [ 72.5790712, 22.9821008 ], [ 72.5791544, 22.981923 ], [ 72.579959, 22.9821082 ], [ 72.5801873, 22.9822021 ], [ 72.5804016, 22.9822959 ], [ 72.5807771, 22.9815477 ], [ 72.5810856, 22.9816835 ], [ 72.5813538, 22.9810662 ], [ 72.5822657, 22.9815329 ], [ 72.583124, 22.9803204 ], [ 72.5820512, 22.9797549 ], [ 72.5824213, 22.9790413 ], [ 72.5809407, 22.9783153 ], [ 72.5811875, 22.9776387 ], [ 72.5804096, 22.9773547 ], [ 72.5802755, 22.9776659 ], [ 72.5796425, 22.9773399 ], [ 72.579546, 22.9765497 ], [ 72.5789988, 22.976278 ], [ 72.5786881, 22.9768298 ], [ 72.5786233, 22.9769473 ], [ 72.5783417, 22.9768435 ], [ 72.578406, 22.976567 ], [ 72.5779527, 22.9764312 ], [ 72.5780332, 22.9758138 ], [ 72.5764239, 22.9759175 ], [ 72.5761127, 22.9750927 ], [ 72.5765848, 22.9750088 ], [ 72.5766706, 22.9735172 ], [ 72.5831392, 22.9729407 ], [ 72.5877774, 22.9730306 ], [ 72.5879114, 22.973475 ], [ 72.5856613, 22.9789241 ], [ 72.5856613, 22.9815164 ], [ 72.5847917, 22.9831175 ], [ 72.5829283, 22.9846042 ], [ 72.5823072, 22.9863959 ], [ 72.5819759, 22.9884925 ], [ 72.5823072, 22.9898648 ], [ 72.582038, 22.9907987 ], [ 72.5805784, 22.9925045 ], [ 72.5803234, 22.9930598 ], [ 72.5792482, 22.9928617 ], [ 72.5791866, 22.9930049 ], [ 72.5789532, 22.9929308 ], [ 72.5788218, 22.9933407 ], [ 72.5785053, 22.9933654 ], [ 72.5783202, 22.994353 ], [ 72.5777845, 22.9942826 ], [ 72.5772812, 22.9942201 ], [ 72.5770117, 22.9941984 ], [ 72.5769743, 22.9941809 ], [ 72.5765024, 22.9960844 ], [ 72.5751292, 22.9957914 ], [ 72.5727689, 22.9957533 ], [ 72.5722513, 22.9945716 ], [ 72.573742, 22.9943238 ], [ 72.5730588, 22.993409 ], [ 72.5715888, 22.9931041 ], [ 72.5721685, 22.9904929 ], [ 72.5723261, 22.9898284 ], [ 72.5724718, 22.9892144 ], [ 72.5732038, 22.989174 ], [ 72.5738626, 22.9865324 ], [ 72.572911, 22.9862898 ], [ 72.5736331, 22.9835521 ], [ 72.5742111, 22.9837133 ], [ 72.5743666, 22.9832392 ], [ 72.5749111, 22.98337 ], [ 72.5748494, 22.9835379 ], [ 72.5767913, 22.983806 ], [ 72.5758177, 22.9841898 ], [ 72.5761664, 22.9842096 ], [ 72.5760484, 22.9848121 ], [ 72.5770408, 22.9848714 ], [ 72.5771901, 22.9842902 ], [ 72.5772044, 22.9842343 ], [ 72.577014, 22.9841948 ], [ 72.5769749, 22.9840286 ], [ 72.5768584, 22.983533 ], [ 72.5784677, 22.9834589 ], [ 72.5788593, 22.9835083 ], [ 72.5789519, 22.9837281 ], [ 72.5797713, 22.9839503 ] ] ] } },
{ "type": "Feature", "properties": { "tags": { "visible": false, "name": "GOVERMENT GODOWN" }, "visible": null, "lon": null, "lat": null, "version": 2, "timestamp": 1478597252, "id": 321136522, "changeset": null, "depot": null, "industrial": null, "landuse": "industrial", "military": null, "residential": null, "osm_type": "way", "basin": null, "construction": null, "farmyard": null, "grass": null, "port": null, "railway": null }, "geometry": { "type": "Polygon", "coordinates": [ [ [ 72.5856288, 22.9969199 ], [ 72.588037, 22.9967312 ], [ 72.5878614, 22.9980856 ], [ 72.5876784, 22.9981597 ], [ 72.5873416, 22.9981664 ], [ 72.5861265, 22.9987392 ], [ 72.5856288, 22.9969199 ] ] ] } },
{ "type": "Feature", "properties": { "tags": { "visible": false }, "visible": null, "lon": null, "lat": null, "version": 1, "timestamp": 1420818912, "id": 321136523, "changeset": null, "depot": null, "industrial": null, "landuse": "industrial", "military": null, "residential": null, "osm_type": "way", "basin": null, "construction": null, "farmyard": null, "grass": null, "port": null, "railway": null }, "geometry": { "type": "Polygon", "coordinates": [ [ [ 72.5699527, 22.9843376 ], [ 72.571242, 22.9890392 ], [ 72.5689728, 22.9894031 ], [ 72.5660878, 22.9846476 ], [ 72.5681813, 22.983758 ], [ 72.568723, 22.9847082 ], [ 72.5699527, 22.9843376 ] ] ] } },
{ "type": "Feature", "properties": { "tags": { "visible": false, "description": "coal storage" }, "visible": null, "lon": null, "lat": null, "version": 1, "timestamp": 1422052048, "id": 323895532, "changeset": null, "depot": null, "industrial": null, "landuse": "industrial", "military": null, "residential": null, "osm_type": "way", "basin": null, "construction": null, "farmyard": null, "grass": null, "port": null, "railway": null }, "geometry": { "type": "Polygon", "coordinates": [ [ [ 72.604378, 23.0406222 ], [ 72.6040884, 23.0399474 ], [ 72.6050423, 23.0402652 ], [ 72.605114, 23.0404511 ], [ 72.604378, 23.0406222 ] ] ] } },
{ "type": "Feature", "properties": { "tags": { "visible": false }, "visible": null, "lon": null, "lat": null, "version": 1, "timestamp": 1423202279, "id": 326674328, "changeset": null, "depot": null, "industrial": null, "landuse": "industrial", "military": null, "residential": null, "osm_type": "way", "basin": null, "construction": null, "farmyard": null, "grass": null, "port": null, "railway": null }, "geometry": { "type": "Polygon", "coordinates": [ [ [ 72.5523029, 22.9693441 ], [ 72.5545788, 22.9684989 ], [ 72.5564914, 22.9726194 ], [ 72.5541772, 22.9734822 ], [ 72.5523029, 22.9693441 ] ] ] } },
{ "type": "Feature", "properties": { "tags": { "visible": false, "name": "Transport Workshop" }, "visible": null, "lon": null, "lat": null, "version": 1, "timestamp": 1423203731, "id": 326676640, "changeset": null, "depot": null, "industrial": null, "landuse": "industrial", "military": null, "residential": null, "osm_type": "way", "basin": null, "construction": null, "farmyard": null, "grass": null, "port": null, "railway": null }, "geometry": { "type": "Polygon", "coordinates": [ [ [ 72.5842533, 23.0109738 ], [ 72.5832761, 23.0106754 ], [ 72.5821415, 23.0102747 ], [ 72.5822063, 23.0093795 ], [ 72.5826602, 23.0093369 ], [ 72.5838597, 23.0094008 ], [ 72.584383, 23.0093156 ], [ 72.5843645, 23.0095585 ], [ 72.5842533, 23.0109738 ] ] ] } },
{ "type": "Feature", "properties": { "tags": { "visible": false, "name": "Ankur Textile" }, "visible": null, "lon": null, "lat": null, "version": 2, "timestamp": 1478343024, "id": 326682666, "changeset": null, "depot": null, "industrial": null, "landuse": "industrial", "military": null, "residential": null, "osm_type": "way", "basin": null, "construction": null, "farmyard": null, "grass": null, "port": null, "railway": null }, "geometry": { "type": "Polygon", "coordinates": [ [ [ 72.5923432, 23.0119563 ], [ 72.5936307, 23.0119069 ], [ 72.5943042, 23.0120605 ], [ 72.5943459, 23.0134376 ], [ 72.5937825, 23.013453 ], [ 72.5935074, 23.0134606 ], [ 72.5932428, 23.0134464 ], [ 72.5931289, 23.0132284 ], [ 72.5919905, 23.0129055 ], [ 72.5922428, 23.0123051 ], [ 72.5923432, 23.0119563 ] ] ] } },
{ "type": "Feature", "properties": { "tags": { "visible": false }, "visible": null, "lon": null, "lat": null, "version": 1, "timestamp": 1423208046, "id": 326682670, "changeset": null, "depot": null, "industrial": null, "landuse": "industrial", "military": null, "residential": null, "osm_type": "way", "basin": null, "construction": null, "farmyard": null, "grass": null, "port": null, "railway": null }, "geometry": { "type": "Polygon", "coordinates": [ [ [ 72.5911417, 23.0136686 ], [ 72.5902556, 23.0130824 ], [ 72.5900285, 23.0129397 ], [ 72.5888046, 23.0124962 ], [ 72.5889541, 23.0116908 ], [ 72.5879572, 23.0114767 ], [ 72.5881234, 23.0100188 ], [ 72.5894248, 23.0103674 ], [ 72.5892939, 23.0115267 ], [ 72.5900767, 23.0116016 ], [ 72.5900989, 23.0114055 ], [ 72.5906448, 23.0114577 ], [ 72.590641, 23.0118156 ], [ 72.5906103, 23.0123647 ], [ 72.5912714, 23.012396 ], [ 72.5911417, 23.0136686 ] ] ] } },
{ "type": "Feature", "properties": { "tags": { "visible": false }, "visible": null, "lon": null, "lat": null, "version": 1, "timestamp": 1423208046, "id": 326682672, "changeset": null, "depot": null, "industrial": null, "landuse": "industrial", "military": null, "residential": null, "osm_type": "way", "basin": null, "construction": null, "farmyard": null, "grass": null, "port": null, "railway": null }, "geometry": { "type": "Polygon", "coordinates": [ [ [ 72.5890322, 23.0128668 ], [ 72.5900586, 23.013286 ], [ 72.590931, 23.0138765 ], [ 72.5910721, 23.0141304 ], [ 72.591008, 23.014585 ], [ 72.5908348, 23.0156123 ], [ 72.5908989, 23.0163976 ], [ 72.5908091, 23.0164271 ], [ 72.5905269, 23.0158603 ], [ 72.5896095, 23.0148802 ], [ 72.5886088, 23.0143252 ], [ 72.5890322, 23.0128668 ] ] ] } },
{ "type": "Feature", "properties": { "tags": { "visible": false }, "visible": null, "lon": null, "lat": null, "version": 1, "timestamp": 1423208047, "id": 326682673, "changeset": null, "depot": null, "industrial": null, "landuse": "industrial", "military": null, "residential": null, "osm_type": "way", "basin": null, "construction": null, "farmyard": null, "grass": null, "port": null, "railway": null }, "geometry": { "type": "Polygon", "coordinates": [ [ [ 72.5880956, 23.0098497 ], [ 72.5884292, 23.0089227 ], [ 72.5877043, 23.0083086 ], [ 72.5871719, 23.0082141 ], [ 72.5871719, 23.0075587 ], [ 72.5880764, 23.0071631 ], [ 72.5888718, 23.006673 ], [ 72.5893475, 23.0064884 ], [ 72.5896416, 23.0081787 ], [ 72.590251, 23.0095426 ], [ 72.5907963, 23.0095308 ], [ 72.5907514, 23.0103752 ], [ 72.5893209, 23.0102335 ], [ 72.5880956, 23.0098497 ] ] ] } },
{ "type": "Feature", "properties": { "tags": { "visible": false }, "visible": null, "lon": null, "lat": null, "version": 5, "timestamp": 1748113243, "id": 326728737, "changeset": null, "depot": null, "industrial": null, "landuse": "industrial", "military": null, "residential": null, "osm_type": "way", "basin": null, "construction": null, "farmyard": null, "grass": null, "port": null, "railway": null }, "geometry": { "type": "Polygon", "coordinates": [ [ [ 72.635953, 22.9943787 ], [ 72.6359034, 22.9942113 ], [ 72.6357643, 22.9937415 ], [ 72.6354641, 22.9921462 ], [ 72.6374488, 22.9917808 ], [ 72.6374682, 22.9903993 ], [ 72.6387074, 22.990337 ], [ 72.639966, 22.9899805 ], [ 72.6400144, 22.99064 ], [ 72.6390076, 22.9917362 ], [ 72.6383589, 22.9926898 ], [ 72.6382524, 22.9940534 ], [ 72.6387365, 22.9951764 ], [ 72.6391431, 22.9954705 ], [ 72.6413698, 22.9954705 ], [ 72.6420863, 22.995613 ], [ 72.6431512, 22.9963349 ], [ 72.643318, 22.9964966 ], [ 72.6403436, 22.996932 ], [ 72.6390753, 22.9972796 ], [ 72.6394529, 22.9979213 ], [ 72.6403339, 22.9976539 ], [ 72.6405856, 22.9979213 ], [ 72.6417184, 22.9977787 ], [ 72.6422218, 22.998554 ], [ 72.6407793, 22.9988303 ], [ 72.6407986, 22.9990887 ], [ 72.6381943, 22.9992937 ], [ 72.6381222, 22.9982523 ], [ 72.6381072, 22.998046 ], [ 72.6370422, 22.998046 ], [ 72.6365388, 22.9962191 ], [ 72.635953, 22.9943787 ] ] ] } },
{ "type": "Feature", "properties": { "tags": { "visible": false }, "visible": null, "lon": null, "lat": null, "version": 1, "timestamp": 1423219689, "id": 326728738, "changeset": null, "depot": null, "industrial": null, "landuse": "industrial", "military": null, "residential": null, "osm_type": "way", "basin": null, "construction": null, "farmyard": null, "grass": null, "port": null, "railway": null }, "geometry": { "type": "Polygon", "coordinates": [ [ [ 72.6332156, 22.9927588 ], [ 72.6343193, 22.9924826 ], [ 72.6356578, 22.9940623 ], [ 72.6345202, 22.9948332 ], [ 72.6343277, 22.9944869 ], [ 72.6340378, 22.9945468 ], [ 72.6332156, 22.9927588 ] ] ] } },
{ "type": "Feature", "properties": { "tags": { "visible": false }, "visible": null, "lon": null, "lat": null, "version": 1, "timestamp": 1423221533, "id": 326731584, "changeset": null, "depot": null, "industrial": null, "landuse": "industrial", "military": null, "residential": null, "osm_type": "way", "basin": null, "construction": null, "farmyard": null, "grass": null, "port": null, "railway": null }, "geometry": { "type": "Polygon", "coordinates": [ [ [ 72.6138583, 22.9795989 ], [ 72.6148765, 22.9798456 ], [ 72.6164664, 22.9811887 ], [ 72.6154005, 22.9819617 ], [ 72.6144597, 22.980794 ], [ 72.6134593, 22.980032 ], [ 72.6138583, 22.9795989 ] ] ] } },
{ "type": "Feature", "properties": { "tags": { "visible": false }, "visible": null, "lon": null, "lat": null, "version": 2, "timestamp": 1666808237, "id": 326848219, "changeset": null, "depot": null, "industrial": null, "landuse": "industrial", "military": null, "residential": null, "osm_type": "way", "basin": null, "construction": null, "farmyard": null, "grass": null, "port": null, "railway": null }, "geometry": { "type": "Polygon", "coordinates": [ [ [ 72.5673038, 23.0914362 ], [ 72.5748554, 23.0880568 ], [ 72.5748629, 23.0896492 ], [ 72.5743036, 23.0899377 ], [ 72.5743754, 23.0900803 ], [ 72.5748682, 23.0901986 ], [ 72.5754744, 23.0906723 ], [ 72.5754636, 23.0908648 ], [ 72.5741826, 23.0906087 ], [ 72.5736648, 23.0904662 ], [ 72.5735023, 23.0905462 ], [ 72.5737669, 23.0910086 ], [ 72.5719502, 23.0913072 ], [ 72.5713141, 23.0913367 ], [ 72.5711965, 23.0905599 ], [ 72.5689997, 23.0915924 ], [ 72.5689676, 23.0920497 ], [ 72.569144, 23.0922808 ], [ 72.5689623, 23.0924233 ], [ 72.56761, 23.0921332 ], [ 72.5673038, 23.0914362 ] ] ] } },
{ "type": "Feature", "properties": { "tags": { "visible": false }, "visible": null, "lon": null, "lat": null, "version": 2, "timestamp": 1723552772, "id": 326854359, "changeset": null, "depot": null, "industrial": null, "landuse": "industrial", "military": null, "residential": null, "osm_type": "way", "basin": null, "construction": null, "farmyard": null, "grass": null, "port": null, "railway": null }, "geometry": { "type": "Polygon", "coordinates": [ [ [ 72.5971345, 23.0377713 ], [ 72.5976938, 23.0349523 ], [ 72.5980294, 23.0335269 ], [ 72.5983564, 23.0332894 ], [ 72.5997073, 23.033131 ], [ 72.5997417, 23.0348414 ], [ 72.6002064, 23.0348493 ], [ 72.600215, 23.0354195 ], [ 72.6004559, 23.0357521 ], [ 72.6011099, 23.0357996 ], [ 72.6010754, 23.0362034 ], [ 72.6005625, 23.0373724 ], [ 72.5999224, 23.0384048 ], [ 72.5995868, 23.0375337 ], [ 72.5994336, 23.0375485 ], [ 72.5971345, 23.0377713 ] ] ] } },
{ "type": "Feature", "properties": { "tags": { "visible": false }, "visible": null, "lon": null, "lat": null, "version": 1, "timestamp": 1423288033, "id": 326854360, "changeset": null, "depot": null, "industrial": null, "landuse": "industrial", "military": null, "residential": null, "osm_type": "way", "basin": null, "construction": null, "farmyard": null, "grass": null, "port": null, "railway": null }, "geometry": { "type": "Polygon", "coordinates": [ [ [ 72.6177234, 23.0422658 ], [ 72.6133913, 23.0422714 ], [ 72.6130931, 23.0420138 ], [ 72.6130262, 23.0412748 ], [ 72.6127463, 23.0412748 ], [ 72.6127494, 23.0409304 ], [ 72.6115017, 23.0407879 ], [ 72.6120782, 23.0385866 ], [ 72.6134894, 23.0388717 ], [ 72.6139024, 23.0372563 ], [ 72.6156836, 23.0380798 ], [ 72.6172238, 23.0386024 ], [ 72.6169399, 23.0403366 ], [ 72.6170947, 23.0410017 ], [ 72.6174045, 23.041746 ], [ 72.6177234, 23.0422658 ] ] ] } },
{ "type": "Feature", "properties": { "tags": { "visible": false }, "visible": null, "lon": null, "lat": null, "version": 1, "timestamp": 1423288033, "id": 326854361, "changeset": null, "depot": null, "industrial": null, "landuse": "industrial", "military": null, "residential": null, "osm_type": "way", "basin": null, "construction": null, "farmyard": null, "grass": null, "port": null, "railway": null }, "geometry": { "type": "Polygon", "coordinates": [ [ [ 72.6194736, 23.0449158 ], [ 72.6218922, 23.0444063 ], [ 72.6240644, 23.0441599 ], [ 72.624253, 23.0448094 ], [ 72.6245633, 23.0447646 ], [ 72.6249405, 23.0449158 ], [ 72.6255611, 23.044731 ], [ 72.6257558, 23.0454589 ], [ 72.6235193, 23.0462451 ], [ 72.623003, 23.0465459 ], [ 72.6209508, 23.0469616 ], [ 72.6206582, 23.0473971 ], [ 72.6198537, 23.0468508 ], [ 72.6199956, 23.0463955 ], [ 72.6199526, 23.0460154 ], [ 72.6194736, 23.0449158 ] ] ] } },
{ "type": "Feature", "properties": { "tags": { "visible": false }, "visible": null, "lon": null, "lat": null, "version": 1, "timestamp": 1423288033, "id": 326854362, "changeset": null, "depot": null, "industrial": null, "landuse": "industrial", "military": null, "residential": null, "osm_type": "way", "basin": null, "construction": null, "farmyard": null, "grass": null, "port": null, "railway": null }, "geometry": { "type": "Polygon", "coordinates": [ [ [ 72.6273416, 23.0476693 ], [ 72.6287371, 23.0468736 ], [ 72.6296614, 23.0477998 ], [ 72.6281606, 23.0488061 ], [ 72.6277168, 23.0480609 ], [ 72.6273416, 23.0476693 ] ] ] } },
{ "type": "Feature", "properties": { "tags": { "visible": false }, "visible": null, "lon": null, "lat": null, "version": 1, "timestamp": 1423289168, "id": 326856794, "changeset": null, "depot": null, "industrial": null, "landuse": "industrial", "military": null, "residential": null, "osm_type": "way", "basin": null, "construction": null, "farmyard": null, "grass": null, "port": null, "railway": null }, "geometry": { "type": "Polygon", "coordinates": [ [ [ 72.6283286, 23.0174549 ], [ 72.6313316, 23.018506 ], [ 72.6311539, 23.0199227 ], [ 72.6295269, 23.0199667 ], [ 72.6280495, 23.0200163 ], [ 72.6268412, 23.020264 ], [ 72.6270625, 23.0197135 ], [ 72.6273855, 23.0189538 ], [ 72.6269609, 23.0188987 ], [ 72.6271104, 23.017627 ], [ 72.6277863, 23.0163112 ], [ 72.6284862, 23.016592 ], [ 72.6282947, 23.0173077 ], [ 72.6283286, 23.0174549 ] ] ] } },
{ "type": "Feature", "properties": { "tags": { "visible": false }, "visible": null, "lon": null, "lat": null, "version": 1, "timestamp": 1423291085, "id": 326861839, "changeset": null, "depot": null, "industrial": null, "landuse": "industrial", "military": null, "residential": null, "osm_type": "way", "basin": null, "construction": null, "farmyard": null, "grass": null, "port": null, "railway": null }, "geometry": { "type": "Polygon", "coordinates": [ [ [ 72.6432653, 23.0637482 ], [ 72.6461616, 23.0635377 ], [ 72.6489363, 23.063455 ], [ 72.6489034, 23.0639107 ], [ 72.6482876, 23.0663844 ], [ 72.6464663, 23.0662886 ], [ 72.6443674, 23.0662407 ], [ 72.6433527, 23.0649879 ], [ 72.6432659, 23.0646927 ], [ 72.6432653, 23.0637482 ] ] ] } },
{ "type": "Feature", "properties": { "tags": { "visible": false, "name": "Bhat GIDC" }, "visible": null, "lon": null, "lat": null, "version": 7, "timestamp": 1713883937, "id": 327226542, "changeset": null, "depot": null, "industrial": null, "landuse": "industrial", "military": null, "residential": null, "osm_type": "way", "basin": null, "construction": null, "farmyard": null, "grass": null, "port": null, "railway": null }, "geometry": { "type": "Polygon", "coordinates": [ [ [ 72.6173347, 23.0942562 ], [ 72.618247, 23.0942331 ], [ 72.6201445, 23.0940733 ], [ 72.6216154, 23.095196 ], [ 72.6220077, 23.0949331 ], [ 72.6223008, 23.0949605 ], [ 72.6234383, 23.0950586 ], [ 72.6245364, 23.0953678 ], [ 72.6251036, 23.0956651 ], [ 72.6252112, 23.0956719 ], [ 72.6253209, 23.0956905 ], [ 72.6254132, 23.0957178 ], [ 72.6254674, 23.0957938 ], [ 72.6255301, 23.0958727 ], [ 72.6256161, 23.0959263 ], [ 72.6259879, 23.0959903 ], [ 72.626145, 23.0960065 ], [ 72.6264477, 23.0961008 ], [ 72.6265629, 23.0961413 ], [ 72.6268885, 23.096403 ], [ 72.629247, 23.0967249 ], [ 72.6292389, 23.0969162 ], [ 72.6290903, 23.1004177 ], [ 72.6200663, 23.0975345 ], [ 72.6194901, 23.0970872 ], [ 72.6191071, 23.0968009 ], [ 72.6183147, 23.096422 ], [ 72.6173024, 23.0963881 ], [ 72.6170553, 23.096329 ], [ 72.6170049, 23.0962363 ], [ 72.6170031, 23.0961235 ], [ 72.6169639, 23.09593 ], [ 72.617021, 23.0956259 ], [ 72.6173347, 23.0942562 ] ] ] } },
{ "type": "Feature", "properties": { "tags": { "visible": false }, "visible": null, "lon": null, "lat": null, "version": 1, "timestamp": 1426076362, "id": 332255558, "changeset": null, "depot": null, "industrial": null, "landuse": "industrial", "military": null, "residential": null, "osm_type": "way", "basin": null, "construction": null, "farmyard": null, "grass": null, "port": null, "railway": null }, "geometry": { "type": "Polygon", "coordinates": [ [ [ 72.5872678, 23.0120063 ], [ 72.5871878, 23.0119469 ], [ 72.5869165, 23.0113524 ], [ 72.5867047, 23.0107771 ], [ 72.586653, 23.0102421 ], [ 72.5866324, 23.0097143 ], [ 72.5866453, 23.0095668 ], [ 72.5871697, 23.0096976 ], [ 72.5878026, 23.0098926 ], [ 72.588097, 23.0100043 ], [ 72.5879188, 23.0114975 ], [ 72.5889159, 23.0117115 ], [ 72.5887557, 23.0124771 ], [ 72.5872678, 23.0120063 ] ] ] } },
{ "type": "Feature", "properties": { "tags": { "visible": false, "building": "yes" }, "visible": null, "lon": null, "lat": null, "version": 2, "timestamp": 1723104054, "id": 367204725, "changeset": null, "depot": null, "industrial": null, "landuse": "industrial", "military": null, "residential": null, "osm_type": "way", "basin": null, "construction": null, "farmyard": null, "grass": null, "port": null, "railway": null }, "geometry": { "type": "Polygon", "coordinates": [ [ [ 72.4939033, 23.061592 ], [ 72.4938402, 23.0610391 ], [ 72.493939, 23.0610296 ], [ 72.4939437, 23.0610706 ], [ 72.4940243, 23.0610628 ], [ 72.4940192, 23.0610181 ], [ 72.4942178, 23.061014 ], [ 72.4942756, 23.061556 ], [ 72.4939033, 23.061592 ] ] ] } },
{ "type": "Feature", "properties": { "tags": { "visible": false, "name": "AMTS Depot" }, "visible": null, "lon": null, "lat": null, "version": 2, "timestamp": 1666812415, "id": 374268031, "changeset": null, "depot": null, "industrial": "depot", "landuse": "industrial", "military": null, "residential": null, "osm_type": "way", "basin": null, "construction": null, "farmyard": null, "grass": null, "port": null, "railway": null }, "geometry": { "type": "Polygon", "coordinates": [ [ [ 72.5892233, 23.0911619 ], [ 72.5892622, 23.0903345 ], [ 72.5903189, 23.0902744 ], [ 72.5900051, 23.0913502 ], [ 72.5892233, 23.0911619 ] ] ] } },
{ "type": "Feature", "properties": { "tags": { "visible": false }, "visible": null, "lon": null, "lat": null, "version": 1, "timestamp": 1492507173, "id": 487641391, "changeset": null, "depot": null, "industrial": null, "landuse": "industrial", "military": null, "residential": null, "osm_type": "way", "basin": null, "construction": null, "farmyard": null, "grass": null, "port": null, "railway": null }, "geometry": { "type": "Polygon", "coordinates": [ [ [ 72.5660008, 23.1038669 ], [ 72.5662047, 23.1039656 ], [ 72.5658989, 23.1041975 ], [ 72.5659955, 23.1044146 ], [ 72.5656038, 23.1048735 ], [ 72.5653678, 23.1053817 ], [ 72.5652498, 23.1054261 ], [ 72.5652605, 23.1055297 ], [ 72.5642198, 23.1074392 ], [ 72.5640374, 23.1073208 ], [ 72.5636888, 23.1072517 ], [ 72.5635278, 23.1076514 ], [ 72.563222, 23.1075823 ], [ 72.5629806, 23.1080116 ], [ 72.5624442, 23.1078093 ], [ 72.5624442, 23.107676 ], [ 72.5619507, 23.1077698 ], [ 72.5613445, 23.1059639 ], [ 72.5608402, 23.1060577 ], [ 72.5604325, 23.1048538 ], [ 72.5614625, 23.1050314 ], [ 72.5623798, 23.1049771 ], [ 72.563383, 23.1047452 ], [ 72.5660008, 23.1038669 ] ] ] } },
{ "type": "Feature", "properties": { "tags": { "visible": false }, "visible": null, "lon": null, "lat": null, "version": 2, "timestamp": 1644794089, "id": 499625699, "changeset": null, "depot": null, "industrial": null, "landuse": "industrial", "military": null, "residential": null, "osm_type": "way", "basin": null, "construction": null, "farmyard": null, "grass": null, "port": null, "railway": null }, "geometry": { "type": "Polygon", "coordinates": [ [ [ 72.4827809, 22.9726288 ], [ 72.4841076, 22.9721209 ], [ 72.4831092, 22.9705124 ], [ 72.4832669, 22.9703189 ], [ 72.4883908, 22.9756311 ], [ 72.490869, 22.9782092 ], [ 72.4920475, 22.979448 ], [ 72.4927099, 22.9813125 ], [ 72.493272, 22.9833323 ], [ 72.4943665, 22.9864757 ], [ 72.4943009, 22.9867296 ], [ 72.4940907, 22.986911 ], [ 72.4820058, 22.9872375 ], [ 72.4817694, 22.9863427 ], [ 72.4836741, 22.9856655 ], [ 72.4844491, 22.9856171 ], [ 72.4842389, 22.9848311 ], [ 72.4840287, 22.9846134 ], [ 72.4842521, 22.9834041 ], [ 72.4855262, 22.9835734 ], [ 72.4856576, 22.9862096 ], [ 72.4874178, 22.9854478 ], [ 72.4874966, 22.9849157 ], [ 72.4885343, 22.9847948 ], [ 72.4900843, 22.9853631 ], [ 72.4909775, 22.985339 ], [ 72.4903996, 22.9835976 ], [ 72.490833, 22.9835008 ], [ 72.4907017, 22.981965 ], [ 72.4893093, 22.9817594 ], [ 72.4884949, 22.9815055 ], [ 72.4884686, 22.9806469 ], [ 72.4877987, 22.9806469 ], [ 72.4877067, 22.9794134 ], [ 72.4901106, 22.9790143 ], [ 72.4899792, 22.9784822 ], [ 72.4888627, 22.9779017 ], [ 72.4883898, 22.9782403 ], [ 72.4860122, 22.9783491 ], [ 72.4857101, 22.9759183 ], [ 72.4852241, 22.9757974 ], [ 72.4852241, 22.9746364 ], [ 72.4828991, 22.9733787 ], [ 72.4827809, 22.9726288 ] ] ] } },
{ "type": "Feature", "properties": { "tags": { "visible": false }, "visible": null, "lon": null, "lat": null, "version": 1, "timestamp": 1497180097, "id": 499625700, "changeset": null, "depot": null, "industrial": null, "landuse": "industrial", "military": null, "residential": null, "osm_type": "way", "basin": null, "construction": null, "farmyard": null, "grass": null, "port": null, "railway": null }, "geometry": { "type": "Polygon", "coordinates": [ [ [ 72.4847249, 22.9700407 ], [ 72.4875885, 22.9719879 ], [ 72.4876673, 22.9731005 ], [ 72.4887707, 22.9733787 ], [ 72.488994, 22.9727498 ], [ 72.4919364, 22.9741648 ], [ 72.4919496, 22.9748662 ], [ 72.4911089, 22.9749629 ], [ 72.491122, 22.9755193 ], [ 72.4914241, 22.9755434 ], [ 72.4914373, 22.9766802 ], [ 72.4922517, 22.9767286 ], [ 72.4923305, 22.9759063 ], [ 72.4930924, 22.9759063 ], [ 72.4931581, 22.9773696 ], [ 72.4930267, 22.9784943 ], [ 72.4930661, 22.9792441 ], [ 72.4938411, 22.9792078 ], [ 72.4939331, 22.9795585 ], [ 72.4935784, 22.9799334 ], [ 72.4923305, 22.9789417 ], [ 72.4910563, 22.9777445 ], [ 72.488797, 22.9753983 ], [ 72.4854868, 22.9719637 ], [ 72.4842652, 22.9704277 ], [ 72.4847249, 22.9700407 ] ] ] } },
{ "type": "Feature", "properties": { "tags": { "visible": false }, "visible": null, "lon": null, "lat": null, "version": 3, "timestamp": 1739621059, "id": 499625701, "changeset": null, "depot": null, "industrial": null, "landuse": "industrial", "military": null, "residential": null, "osm_type": "way", "basin": null, "construction": null, "farmyard": null, "grass": null, "port": null, "railway": null }, "geometry": { "type": "Polygon", "coordinates": [ [ [ 72.492961, 22.9801994 ], [ 72.4936047, 22.9804897 ], [ 72.4968492, 22.9833557 ], [ 72.49702, 22.9844683 ], [ 72.4963763, 22.984686 ], [ 72.4965996, 22.9855566 ], [ 72.4972564, 22.9850487 ], [ 72.4973845, 22.9861247 ], [ 72.4974666, 22.9868143 ], [ 72.4956144, 22.9868506 ], [ 72.4951284, 22.9866329 ], [ 72.4948132, 22.9862217 ], [ 72.492961, 22.9801994 ] ] ] } },
{ "type": "Feature", "properties": { "tags": { "visible": false }, "visible": null, "lon": null, "lat": null, "version": 3, "timestamp": 1611978980, "id": 545642983, "changeset": null, "depot": null, "industrial": null, "landuse": "industrial", "military": null, "residential": null, "osm_type": "way", "basin": null, "construction": null, "farmyard": null, "grass": null, "port": null, "railway": null }, "geometry": { "type": "Polygon", "coordinates": [ [ [ 72.5060403, 23.1639916 ], [ 72.5066704, 23.1640171 ], [ 72.5066781, 23.1643613 ], [ 72.5083927, 23.1645426 ], [ 72.5081364, 23.1656111 ], [ 72.5076244, 23.1666926 ], [ 72.5074133, 23.1674847 ], [ 72.5071214, 23.1676801 ], [ 72.5066428, 23.168586 ], [ 72.5068249, 23.168747 ], [ 72.5068903, 23.1689273 ], [ 72.5068716, 23.1691248 ], [ 72.5067805, 23.1692858 ], [ 72.5065027, 23.169509 ], [ 72.5061221, 23.169509 ], [ 72.5053212, 23.1693974 ], [ 72.5052441, 23.1692622 ], [ 72.5050036, 23.1687985 ], [ 72.5049426, 23.1687041 ], [ 72.5042144, 23.1679506 ], [ 72.5042844, 23.1671348 ], [ 72.5041326, 23.1671005 ], [ 72.5060403, 23.1639916 ] ] ] } },
{ "type": "Feature", "properties": { "tags": { "visible": false }, "visible": null, "lon": null, "lat": null, "version": 1, "timestamp": 1513590348, "id": 547617462, "changeset": null, "depot": null, "industrial": null, "landuse": "industrial", "military": null, "residential": null, "osm_type": "way", "basin": null, "construction": null, "farmyard": null, "grass": null, "port": null, "railway": null }, "geometry": { "type": "Polygon", "coordinates": [ [ [ 72.5855506, 23.1907265 ], [ 72.5866046, 23.1905923 ], [ 72.5876502, 23.1905457 ], [ 72.587901, 23.191455 ], [ 72.5876599, 23.1915551 ], [ 72.5874822, 23.1915909 ], [ 72.5871931, 23.1916814 ], [ 72.5866278, 23.1917065 ], [ 72.586113, 23.1917959 ], [ 72.5859924, 23.1918102 ], [ 72.5859379, 23.1917649 ], [ 72.5858842, 23.1916794 ], [ 72.5855506, 23.1907265 ] ] ] } },
{ "type": "Feature", "properties": { "tags": { "visible": false }, "visible": null, "lon": null, "lat": null, "version": 1, "timestamp": 1543588632, "id": 651103905, "changeset": null, "depot": null, "industrial": null, "landuse": "industrial", "military": null, "residential": null, "osm_type": "way", "basin": null, "construction": null, "farmyard": null, "grass": null, "port": null, "railway": null }, "geometry": { "type": "Polygon", "coordinates": [ [ [ 72.4680035, 22.9566108 ], [ 72.4674736, 22.9550919 ], [ 72.4683469, 22.9548239 ], [ 72.4681155, 22.9543291 ], [ 72.4663092, 22.9550163 ], [ 72.4657793, 22.9543153 ], [ 72.4660928, 22.952006 ], [ 72.466869, 22.9519785 ], [ 72.4698844, 22.9555043 ], [ 72.4680035, 22.9566108 ] ] ] } },
{ "type": "Feature", "properties": { "tags": { "visible": false }, "visible": null, "lon": null, "lat": null, "version": 1, "timestamp": 1543588632, "id": 651103907, "changeset": null, "depot": null, "industrial": null, "landuse": "industrial", "military": null, "residential": null, "osm_type": "way", "basin": null, "construction": null, "farmyard": null, "grass": null, "port": null, "railway": null }, "geometry": { "type": "Polygon", "coordinates": [ [ [ 72.4681804, 22.9528048 ], [ 72.4671961, 22.9516313 ], [ 72.4678655, 22.9515103 ], [ 72.4680217, 22.9518756 ], [ 72.4694101, 22.9516975 ], [ 72.4696035, 22.9526701 ], [ 72.4681804, 22.9528048 ] ] ] } },
{ "type": "Feature", "properties": { "tags": { "visible": false }, "visible": null, "lon": null, "lat": null, "version": 1, "timestamp": 1543588633, "id": 651103948, "changeset": null, "depot": null, "industrial": null, "landuse": "industrial", "military": null, "residential": null, "osm_type": "way", "basin": null, "construction": null, "farmyard": null, "grass": null, "port": null, "railway": null }, "geometry": { "type": "Polygon", "coordinates": [ [ [ 72.4725041, 22.9610653 ], [ 72.4723544, 22.9604423 ], [ 72.4713066, 22.9601226 ], [ 72.4712408, 22.9591302 ], [ 72.4717677, 22.9591247 ], [ 72.4715581, 22.9582978 ], [ 72.4721868, 22.958193 ], [ 72.4742225, 22.9607511 ], [ 72.4725041, 22.9610653 ] ] ] } },
{ "type": "Feature", "properties": { "tags": { "visible": false }, "visible": null, "lon": null, "lat": null, "version": 1, "timestamp": 1543588633, "id": 651103950, "changeset": null, "depot": null, "industrial": null, "landuse": "industrial", "military": null, "residential": null, "osm_type": "way", "basin": null, "construction": null, "farmyard": null, "grass": null, "port": null, "railway": null }, "geometry": { "type": "Polygon", "coordinates": [ [ [ 72.4745484, 22.9602313 ], [ 72.4732319, 22.9586492 ], [ 72.4739638, 22.9586862 ], [ 72.4742807, 22.958263 ], [ 72.4767932, 22.9575356 ], [ 72.4767842, 22.9563398 ], [ 72.4778999, 22.9571083 ], [ 72.4762487, 22.9598327 ], [ 72.4745484, 22.9602313 ] ] ] } },
{ "type": "Feature", "properties": { "tags": { "visible": false }, "visible": null, "lon": null, "lat": null, "version": 1, "timestamp": 1543588633, "id": 651103952, "changeset": null, "depot": null, "industrial": null, "landuse": "industrial", "military": null, "residential": null, "osm_type": "way", "basin": null, "construction": null, "farmyard": null, "grass": null, "port": null, "railway": null }, "geometry": { "type": "Polygon", "coordinates": [ [ [ 72.4766398, 22.9600654 ], [ 72.478263, 22.9576703 ], [ 72.4785125, 22.9589352 ], [ 72.4782497, 22.9594283 ], [ 72.4770921, 22.9600225 ], [ 72.4766398, 22.9600654 ] ] ] } },
{ "type": "Feature", "properties": { "tags": { "visible": false }, "visible": null, "lon": null, "lat": null, "version": 1, "timestamp": 1543588634, "id": 651103953, "changeset": null, "depot": null, "industrial": null, "landuse": "industrial", "military": null, "residential": null, "osm_type": "way", "basin": null, "construction": null, "farmyard": null, "grass": null, "port": null, "railway": null }, "geometry": { "type": "Polygon", "coordinates": [ [ [ 72.4763822, 22.9625705 ], [ 72.476519, 22.9614786 ], [ 72.4786918, 22.9611808 ], [ 72.4785882, 22.9622002 ], [ 72.4771866, 22.9626393 ], [ 72.4763822, 22.9625705 ] ] ] } },
{ "type": "Feature", "properties": { "tags": { "visible": false }, "visible": null, "lon": null, "lat": null, "version": 1, "timestamp": 1543588634, "id": 651103956, "changeset": null, "depot": null, "industrial": null, "landuse": "industrial", "military": null, "residential": null, "osm_type": "way", "basin": null, "construction": null, "farmyard": null, "grass": null, "port": null, "railway": null }, "geometry": { "type": "Polygon", "coordinates": [ [ [ 72.4769005, 22.9644833 ], [ 72.4752129, 22.9641894 ], [ 72.4753455, 22.963357 ], [ 72.4764859, 22.9631585 ], [ 72.4769835, 22.9637617 ], [ 72.4769005, 22.9644833 ] ] ] } },
{ "type": "Feature", "properties": { "tags": { "visible": false }, "visible": null, "lon": null, "lat": null, "version": 1, "timestamp": 1543588634, "id": 651103958, "changeset": null, "depot": null, "industrial": null, "landuse": "industrial", "military": null, "residential": null, "osm_type": "way", "basin": null, "construction": null, "farmyard": null, "grass": null, "port": null, "railway": null }, "geometry": { "type": "Polygon", "coordinates": [ [ [ 72.4791694, 22.969855 ], [ 72.478684, 22.968495 ], [ 72.4793914, 22.9678309 ], [ 72.4810003, 22.9681757 ], [ 72.4791694, 22.969855 ] ] ] } },
{ "type": "Feature", "properties": { "tags": { "visible": false }, "visible": null, "lon": null, "lat": null, "version": 2, "timestamp": 1738101940, "id": 653193669, "changeset": null, "depot": null, "industrial": null, "landuse": "industrial", "military": null, "residential": null, "osm_type": "way", "basin": null, "construction": null, "farmyard": null, "grass": null, "port": null, "railway": null }, "geometry": { "type": "Polygon", "coordinates": [ [ [ 72.5863913, 22.9497999 ], [ 72.585395, 22.9496459 ], [ 72.5844472, 22.9498587 ], [ 72.5843085, 22.9504938 ], [ 72.5832143, 22.9503164 ], [ 72.5830332, 22.9508025 ], [ 72.581573, 22.9506996 ], [ 72.5810914, 22.949362 ], [ 72.5813187, 22.9476874 ], [ 72.5866934, 22.9482444 ], [ 72.5865466, 22.9496748 ], [ 72.5863913, 22.9497999 ] ] ] } },
{ "type": "Feature", "properties": { "tags": { "visible": false }, "visible": null, "lon": null, "lat": null, "version": 1, "timestamp": 1547719305, "id": 664093461, "changeset": null, "depot": null, "industrial": null, "landuse": "industrial", "military": null, "residential": null, "osm_type": "way", "basin": null, "construction": null, "farmyard": null, "grass": null, "port": null, "railway": null }, "geometry": { "type": "Polygon", "coordinates": [ [ [ 72.6537122, 22.9708229 ], [ 72.6534883, 22.9683872 ], [ 72.655939, 22.9680894 ], [ 72.6573571, 22.9684101 ], [ 72.6586882, 22.9705939 ], [ 72.6578298, 22.9710482 ], [ 72.6551967, 22.9716247 ], [ 72.6537122, 22.9708229 ] ] ] } },
{ "type": "Feature", "properties": { "tags": { "visible": false }, "visible": null, "lon": null, "lat": null, "version": 1, "timestamp": 1549361610, "id": 668426252, "changeset": null, "depot": null, "industrial": null, "landuse": "industrial", "military": null, "residential": null, "osm_type": "way", "basin": null, "construction": null, "farmyard": null, "grass": null, "port": null, "railway": null }, "geometry": { "type": "Polygon", "coordinates": [ [ [ 72.725483, 22.9832903 ], [ 72.7255101, 22.9821661 ], [ 72.7265195, 22.9821578 ], [ 72.7263663, 22.9814608 ], [ 72.7275559, 22.9814193 ], [ 72.7279434, 22.9810293 ], [ 72.7291241, 22.9816848 ], [ 72.7293404, 22.9829086 ], [ 72.7285968, 22.9836139 ], [ 72.7264519, 22.9838338 ], [ 72.7264879, 22.9833442 ], [ 72.725483, 22.9832903 ] ] ] } },
{ "type": "Feature", "properties": { "tags": { "visible": false }, "visible": null, "lon": null, "lat": null, "version": 1, "timestamp": 1549365258, "id": 668435067, "changeset": null, "depot": null, "industrial": null, "landuse": "industrial", "military": null, "residential": null, "osm_type": "way", "basin": null, "construction": null, "farmyard": null, "grass": null, "port": null, "railway": null }, "geometry": { "type": "Polygon", "coordinates": [ [ [ 72.7451844, 23.0993837 ], [ 72.7446403, 23.0974067 ], [ 72.7445478, 23.0962105 ], [ 72.7460713, 23.0961805 ], [ 72.7454782, 23.0926068 ], [ 72.7479975, 23.0928771 ], [ 72.7479649, 23.0933326 ], [ 72.7508106, 23.0941734 ], [ 72.7499346, 23.095755 ], [ 72.7496407, 23.096716 ], [ 72.7474207, 23.0964457 ], [ 72.7472684, 23.0992936 ], [ 72.7451844, 23.0993837 ] ] ] } },
{ "type": "Feature", "properties": { "tags": { "visible": false }, "visible": null, "lon": null, "lat": null, "version": 1, "timestamp": 1549365258, "id": 668435068, "changeset": null, "depot": null, "industrial": null, "landuse": "industrial", "military": null, "residential": null, "osm_type": "way", "basin": null, "construction": null, "farmyard": null, "grass": null, "port": null, "railway": null }, "geometry": { "type": "Polygon", "coordinates": [ [ [ 72.7485035, 23.0992035 ], [ 72.7484654, 23.0981224 ], [ 72.7487212, 23.0974267 ], [ 72.7492218, 23.0974067 ], [ 72.7496135, 23.0993136 ], [ 72.7485035, 23.0992035 ] ] ] } },
{ "type": "Feature", "properties": { "tags": { "visible": false }, "visible": null, "lon": null, "lat": null, "version": 1, "timestamp": 1549365258, "id": 668435069, "changeset": null, "depot": null, "industrial": null, "landuse": "industrial", "military": null, "residential": null, "osm_type": "way", "basin": null, "construction": null, "farmyard": null, "grass": null, "port": null, "railway": null }, "geometry": { "type": "Polygon", "coordinates": [ [ [ 72.7519859, 23.0934627 ], [ 72.7505821, 23.0923365 ], [ 72.7498638, 23.0930473 ], [ 72.7494938, 23.0925267 ], [ 72.7500271, 23.0902443 ], [ 72.7526497, 23.0904946 ], [ 72.7526116, 23.0910802 ], [ 72.7534169, 23.0922765 ], [ 72.7519859, 23.0934627 ] ] ] } },
{ "type": "Feature", "properties": { "tags": { "visible": false }, "visible": null, "lon": null, "lat": null, "version": 1, "timestamp": 1551801593, "id": 674693239, "changeset": null, "depot": null, "industrial": null, "landuse": "industrial", "military": null, "residential": null, "osm_type": "way", "basin": null, "construction": null, "farmyard": null, "grass": null, "port": null, "railway": null }, "geometry": { "type": "Polygon", "coordinates": [ [ [ 72.7419492, 23.1023667 ], [ 72.7435901, 23.1034763 ], [ 72.7426524, 23.1052328 ], [ 72.7435101, 23.1067211 ], [ 72.7434415, 23.1078834 ], [ 72.7418977, 23.1078676 ], [ 72.7419149, 23.1084724 ], [ 72.7405198, 23.1098554 ], [ 72.7379926, 23.1094821 ], [ 72.7393534, 23.1070051 ], [ 72.7394506, 23.1052065 ], [ 72.7413374, 23.105338 ], [ 72.7419606, 23.1048963 ], [ 72.7408971, 23.1039707 ], [ 72.7409657, 23.1033974 ], [ 72.7419492, 23.1023667 ] ] ] } },
{ "type": "Feature", "properties": { "tags": { "visible": false }, "visible": null, "lon": null, "lat": null, "version": 1, "timestamp": 1551801593, "id": 674693240, "changeset": null, "depot": null, "industrial": null, "landuse": "industrial", "military": null, "residential": null, "osm_type": "way", "basin": null, "construction": null, "farmyard": null, "grass": null, "port": null, "railway": null }, "geometry": { "type": "Polygon", "coordinates": [ [ [ 72.7442419, 23.1096398 ], [ 72.7439732, 23.1076467 ], [ 72.7455227, 23.1073154 ], [ 72.7456656, 23.1055273 ], [ 72.7475982, 23.1054169 ], [ 72.7479241, 23.1064109 ], [ 72.748656, 23.1085512 ], [ 72.7442419, 23.1096398 ] ] ] } },
{ "type": "Feature", "properties": { "tags": { "visible": false }, "visible": null, "lon": null, "lat": null, "version": 1, "timestamp": 1551801593, "id": 674693241, "changeset": null, "depot": null, "industrial": null, "landuse": "industrial", "military": null, "residential": null, "osm_type": "way", "basin": null, "construction": null, "farmyard": null, "grass": null, "port": null, "railway": null }, "geometry": { "type": "Polygon", "coordinates": [ [ [ 72.7423362, 23.1145901 ], [ 72.7422508, 23.1125055 ], [ 72.7435909, 23.112147 ], [ 72.7437823, 23.1141845 ], [ 72.7423362, 23.1145901 ] ] ] } },
{ "type": "Feature", "properties": { "tags": { "visible": false, "barrier": "fence", "frequency": "50", "name": "IT Park", "operator": "Torrent", "power": "substation", "voltage": "132000" }, "visible": null, "lon": null, "lat": null, "version": 2, "timestamp": 1760370485, "id": 694241025, "changeset": null, "depot": null, "industrial": null, "landuse": "industrial", "military": null, "residential": null, "osm_type": "way", "basin": null, "construction": null, "farmyard": null, "grass": null, "port": null, "railway": null }, "geometry": { "type": "Polygon", "coordinates": [ [ [ 72.621761, 23.1940364 ], [ 72.6222489, 23.1927435 ], [ 72.6228547, 23.1929565 ], [ 72.6223505, 23.1942307 ], [ 72.621761, 23.1940364 ] ] ] } },
{ "type": "Feature", "properties": { "tags": { "visible": false }, "visible": null, "lon": null, "lat": null, "version": 1, "timestamp": 1570041396, "id": 730859587, "changeset": null, "depot": null, "industrial": null, "landuse": "industrial", "military": null, "residential": null, "osm_type": "way", "basin": null, "construction": null, "farmyard": null, "grass": null, "port": null, "railway": null }, "geometry": { "type": "Polygon", "coordinates": [ [ [ 72.5714131, 22.9819702 ], [ 72.5685729, 22.9806898 ], [ 72.5691585, 22.9790859 ], [ 72.5689682, 22.9785468 ], [ 72.5679434, 22.9782772 ], [ 72.5669918, 22.9789916 ], [ 72.5643566, 22.9789781 ], [ 72.5643405, 22.9777844 ], [ 72.5654431, 22.9773633 ], [ 72.565282, 22.9770658 ], [ 72.5654158, 22.9766894 ], [ 72.5649038, 22.9763447 ], [ 72.565538, 22.9756816 ], [ 72.5652713, 22.9754236 ], [ 72.565188, 22.9752093 ], [ 72.5652929, 22.9747796 ], [ 72.5722155, 22.9740185 ], [ 72.5727975, 22.9744161 ], [ 72.5726205, 22.9752458 ], [ 72.5720707, 22.9751594 ], [ 72.5713894, 22.9746334 ], [ 72.5714698, 22.9751273 ], [ 72.5714886, 22.9758706 ], [ 72.5716791, 22.9770016 ], [ 72.5723362, 22.9769695 ], [ 72.5723174, 22.9771102 ], [ 72.5715637, 22.9783351 ], [ 72.5713357, 22.9782363 ], [ 72.5711614, 22.9788709 ], [ 72.5709468, 22.9792339 ], [ 72.5703433, 22.9792191 ], [ 72.5703272, 22.9796488 ], [ 72.5700161, 22.9801328 ], [ 72.5708824, 22.9803822 ], [ 72.5707805, 22.980834 ], [ 72.5718802, 22.9810637 ], [ 72.5714131, 22.9819702 ] ] ] } },
{ "type": "Feature", "properties": { "tags": { "visible": false }, "visible": null, "lon": null, "lat": null, "version": 3, "timestamp": 1616325922, "id": 919935096, "changeset": null, "depot": null, "industrial": null, "landuse": "industrial", "military": null, "residential": null, "osm_type": "way", "basin": null, "construction": null, "farmyard": null, "grass": null, "port": null, "railway": null }, "geometry": { "type": "Polygon", "coordinates": [ [ [ 72.4553449, 23.1470445 ], [ 72.4552953, 23.1472559 ], [ 72.4564891, 23.1472174 ], [ 72.4570788, 23.1471984 ], [ 72.4585354, 23.1471514 ], [ 72.4586027, 23.1471492 ], [ 72.4595761, 23.1471178 ], [ 72.4595493, 23.1473891 ], [ 72.4593615, 23.1474088 ], [ 72.459132, 23.1482717 ], [ 72.4588734, 23.1492437 ], [ 72.4585622, 23.1495002 ], [ 72.458573, 23.1495989 ], [ 72.4583477, 23.1499491 ], [ 72.4581063, 23.1498701 ], [ 72.4580151, 23.1500576 ], [ 72.4578246, 23.1499737 ], [ 72.4577174, 23.1501217 ], [ 72.4571058, 23.1499787 ], [ 72.4570897, 23.1498849 ], [ 72.4571836, 23.1495717 ], [ 72.4550727, 23.149293 ], [ 72.4539357, 23.1491606 ], [ 72.4520928, 23.1491451 ], [ 72.4488258, 23.1478231 ], [ 72.448225, 23.1497468 ], [ 72.4489117, 23.1524597 ], [ 72.4495447, 23.152509 ], [ 72.4495768, 23.1534659 ], [ 72.4498672, 23.1534734 ], [ 72.4499265, 23.1541932 ], [ 72.4511594, 23.154329 ], [ 72.4511218, 23.155133 ], [ 72.4504942, 23.1551182 ], [ 72.4504727, 23.1554881 ], [ 72.4501187, 23.1554634 ], [ 72.4498612, 23.1560948 ], [ 72.4496841, 23.1561589 ], [ 72.4496466, 23.1567705 ], [ 72.449078, 23.1567212 ], [ 72.4484718, 23.1569481 ], [ 72.4469644, 23.1571453 ], [ 72.4468634, 23.1578154 ], [ 72.4471393, 23.1578529 ], [ 72.447028, 23.158544 ], [ 72.4469376, 23.1590787 ], [ 72.4483162, 23.1587927 ], [ 72.4483269, 23.1588519 ], [ 72.4491398, 23.1587713 ], [ 72.4492228, 23.1587631 ], [ 72.4499685, 23.1586398 ], [ 72.4502045, 23.1592464 ], [ 72.4494799, 23.1595563 ], [ 72.4485093, 23.1599715 ], [ 72.4485067, 23.1598975 ], [ 72.4475384, 23.1604227 ], [ 72.4472487, 23.159747 ], [ 72.4457627, 23.1601786 ], [ 72.4458325, 23.1605682 ], [ 72.4456604, 23.1620964 ], [ 72.4464428, 23.1619234 ], [ 72.4465637, 23.1623856 ], [ 72.4467015, 23.1628025 ], [ 72.4457735, 23.1630343 ], [ 72.4463582, 23.1647851 ], [ 72.4468893, 23.1655742 ], [ 72.4478173, 23.1669847 ], [ 72.4488097, 23.1685382 ], [ 72.4476457, 23.1687996 ], [ 72.447812, 23.1690561 ], [ 72.4479943, 23.1694408 ], [ 72.4473506, 23.169998 ], [ 72.4472004, 23.1697712 ], [ 72.4465299, 23.1697761 ], [ 72.4464333, 23.1698353 ], [ 72.4464011, 23.1699685 ], [ 72.4462885, 23.1699685 ], [ 72.4461007, 23.1683706 ], [ 72.4458325, 23.1682917 ], [ 72.4456876, 23.1683607 ], [ 72.4454784, 23.1683903 ], [ 72.4454248, 23.168119 ], [ 72.4451566, 23.1681782 ], [ 72.4451512, 23.1680007 ], [ 72.444883, 23.1677196 ], [ 72.4450707, 23.16769 ], [ 72.4451512, 23.1673152 ], [ 72.4453551, 23.1672954 ], [ 72.445273, 23.1668407 ], [ 72.4452558, 23.1667455 ], [ 72.4446201, 23.1667554 ], [ 72.444647, 23.1661981 ], [ 72.4442849, 23.1661488 ], [ 72.4442766, 23.1660166 ], [ 72.4442044, 23.1659589 ], [ 72.4442678, 23.1656045 ], [ 72.4442741, 23.1655693 ], [ 72.44344, 23.1655175 ], [ 72.443397, 23.1660427 ], [ 72.4422705, 23.1660329 ], [ 72.4427158, 23.1638037 ], [ 72.4430323, 23.1639861 ], [ 72.443161, 23.163927 ], [ 72.4431271, 23.1637365 ], [ 72.4431074, 23.1636261 ], [ 72.4433058, 23.1634781 ], [ 72.4433166, 23.1632414 ], [ 72.4432361, 23.163197 ], [ 72.4431986, 23.1627729 ], [ 72.4426568, 23.1628321 ], [ 72.4424207, 23.1634091 ], [ 72.4418414, 23.1633795 ], [ 72.4418682, 23.1636754 ], [ 72.4416268, 23.1643955 ], [ 72.4404949, 23.1644103 ], [ 72.4406397, 23.1623586 ], [ 72.440629, 23.1615004 ], [ 72.4414551, 23.1615399 ], [ 72.4418843, 23.1606126 ], [ 72.4423885, 23.1607409 ], [ 72.4429572, 23.160731 ], [ 72.4444163, 23.1600997 ], [ 72.4446738, 23.1602575 ], [ 72.4449956, 23.1601589 ], [ 72.4455857, 23.160366 ], [ 72.445237, 23.157604 ], [ 72.4444163, 23.1576139 ], [ 72.4443036, 23.1577668 ], [ 72.4432254, 23.1576484 ], [ 72.4433649, 23.1570862 ], [ 72.4428928, 23.157096 ], [ 72.442823, 23.1566324 ], [ 72.4425173, 23.1568297 ], [ 72.4422705, 23.1567606 ], [ 72.4422544, 23.1567064 ], [ 72.4420935, 23.1567064 ], [ 72.4420345, 23.1567952 ], [ 72.4418682, 23.1567014 ], [ 72.4418253, 23.1563266 ], [ 72.4420613, 23.1561688 ], [ 72.4427533, 23.1551083 ], [ 72.4425977, 23.153964 ], [ 72.4423027, 23.1540183 ], [ 72.4409509, 23.1543586 ], [ 72.4409455, 23.1550491 ], [ 72.4403769, 23.1551133 ], [ 72.4402857, 23.1542945 ], [ 72.4397385, 23.1543389 ], [ 72.4395615, 23.1539029 ], [ 72.4390706, 23.1540109 ], [ 72.4392396, 23.154657 ], [ 72.438089, 23.1545485 ], [ 72.4380165, 23.154768 ], [ 72.4374881, 23.1546669 ], [ 72.4370295, 23.15426 ], [ 72.4363413, 23.1541754 ], [ 72.4363375, 23.1523955 ], [ 72.4362194, 23.1487357 ], [ 72.443766, 23.147751 ], [ 72.4439516, 23.145532 ], [ 72.4416105, 23.1435852 ], [ 72.44219, 23.1419066 ], [ 72.4444154, 23.1418283 ], [ 72.4441105, 23.1424762 ], [ 72.4439308, 23.1430705 ], [ 72.4439013, 23.1433369 ], [ 72.4437913, 23.1433443 ], [ 72.4442419, 23.1465875 ], [ 72.4448106, 23.1465357 ], [ 72.4451646, 23.1474162 ], [ 72.4497834, 23.1472584 ], [ 72.44977, 23.1465604 ], [ 72.4491692, 23.1464593 ], [ 72.4486354, 23.1462669 ], [ 72.4485634, 23.1462523 ], [ 72.4477476, 23.1460918 ], [ 72.4481392, 23.1445134 ], [ 72.448276, 23.1445269 ], [ 72.4491665, 23.1448408 ], [ 72.4496251, 23.1449425 ], [ 72.4507248, 23.1449622 ], [ 72.4512827, 23.1453174 ], [ 72.452141, 23.1454604 ], [ 72.4520391, 23.1459685 ], [ 72.451508, 23.1459142 ], [ 72.4515134, 23.147177 ], [ 72.4553449, 23.1470445 ] ] ] } },
{ "type": "Feature", "properties": { "tags": { "visible": false }, "visible": null, "lon": null, "lat": null, "version": 1, "timestamp": 1616317958, "id": 920032691, "changeset": null, "depot": null, "industrial": null, "landuse": "industrial", "military": null, "residential": null, "osm_type": "way", "basin": null, "construction": null, "farmyard": null, "grass": null, "port": null, "railway": null }, "geometry": { "type": "Polygon", "coordinates": [ [ [ 72.474288, 23.1290362 ], [ 72.4740466, 23.1302794 ], [ 72.4727511, 23.1300303 ], [ 72.4718821, 23.1296159 ], [ 72.4716353, 23.129532 ], [ 72.4717373, 23.128316 ], [ 72.4729148, 23.1287994 ], [ 72.474288, 23.1290362 ] ] ] } },
{ "type": "Feature", "properties": { "tags": { "visible": false }, "visible": null, "lon": null, "lat": null, "version": 1, "timestamp": 1616317958, "id": 920032692, "changeset": null, "depot": null, "industrial": null, "landuse": "industrial", "military": null, "residential": null, "osm_type": "way", "basin": null, "construction": null, "farmyard": null, "grass": null, "port": null, "railway": null }, "geometry": { "type": "Polygon", "coordinates": [ [ [ 72.4721235, 23.1146575 ], [ 72.4718781, 23.1143886 ], [ 72.4716474, 23.1140433 ], [ 72.4714449, 23.1136042 ], [ 72.4720886, 23.1135647 ], [ 72.472145, 23.1131996 ], [ 72.4739689, 23.1134463 ], [ 72.4738321, 23.1145416 ], [ 72.4739648, 23.1148573 ], [ 72.4740346, 23.1151706 ], [ 72.4739782, 23.1152298 ], [ 72.4737181, 23.1152903 ], [ 72.4730569, 23.1150547 ], [ 72.4721235, 23.1146575 ] ] ] } },
{ "type": "Feature", "properties": { "tags": { "visible": false }, "visible": null, "lon": null, "lat": null, "version": 1, "timestamp": 1616317958, "id": 920032693, "changeset": null, "depot": null, "industrial": null, "landuse": "industrial", "military": null, "residential": null, "osm_type": "way", "basin": null, "construction": null, "farmyard": null, "grass": null, "port": null, "railway": null }, "geometry": { "type": "Polygon", "coordinates": [ [ [ 72.4694575, 23.1155557 ], [ 72.4697551, 23.1155579 ], [ 72.4697578, 23.1156221 ], [ 72.4698248, 23.1157651 ], [ 72.4700448, 23.1157947 ], [ 72.4704364, 23.1158638 ], [ 72.4704471, 23.1157577 ], [ 72.470482, 23.1156492 ], [ 72.4706322, 23.1154198 ], [ 72.4707113, 23.1151164 ], [ 72.4708629, 23.1150929 ], [ 72.4713966, 23.1159181 ], [ 72.4703179, 23.116674 ], [ 72.4695808, 23.1160587 ], [ 72.469452, 23.1157035 ], [ 72.4694575, 23.1155557 ] ] ] } },
{ "type": "Feature", "properties": { "tags": { "visible": false }, "visible": null, "lon": null, "lat": null, "version": 1, "timestamp": 1616317958, "id": 920032694, "changeset": null, "depot": null, "industrial": null, "landuse": "industrial", "military": null, "residential": null, "osm_type": "way", "basin": null, "construction": null, "farmyard": null, "grass": null, "port": null, "railway": null }, "geometry": { "type": "Polygon", "coordinates": [ [ [ 72.4703179, 23.116674 ], [ 72.4697632, 23.1170627 ], [ 72.4688271, 23.116335 ], [ 72.4684006, 23.1162931 ], [ 72.4684194, 23.116182 ], [ 72.468186, 23.1161056 ], [ 72.4680546, 23.1160858 ], [ 72.4682692, 23.1154913 ], [ 72.4684274, 23.1155678 ], [ 72.46876, 23.1156615 ], [ 72.4692294, 23.1156443 ], [ 72.4692643, 23.1155407 ], [ 72.4692374, 23.115368 ], [ 72.4694493, 23.1154173 ], [ 72.4694252, 23.1155555 ], [ 72.4694575, 23.1155557 ], [ 72.469452, 23.1157035 ], [ 72.4695808, 23.1160587 ], [ 72.4703179, 23.116674 ] ] ] } },
{ "type": "Feature", "properties": { "tags": { "visible": false }, "visible": null, "lon": null, "lat": null, "version": 1, "timestamp": 1616317958, "id": 920032695, "changeset": null, "depot": null, "industrial": null, "landuse": "industrial", "military": null, "residential": null, "osm_type": "way", "basin": null, "construction": null, "farmyard": null, "grass": null, "port": null, "railway": null }, "geometry": { "type": "Polygon", "coordinates": [ [ [ 72.4572077, 23.1101875 ], [ 72.4577737, 23.1099654 ], [ 72.4589378, 23.1095658 ], [ 72.459501, 23.1093043 ], [ 72.459957, 23.10925 ], [ 72.4602467, 23.1092549 ], [ 72.4617004, 23.1097138 ], [ 72.462194, 23.1099506 ], [ 72.4626875, 23.1100986 ], [ 72.4631971, 23.1101924 ], [ 72.4637335, 23.1102269 ], [ 72.4647126, 23.1099827 ], [ 72.4659356, 23.1098051 ], [ 72.4662763, 23.1098125 ], [ 72.4676549, 23.1099753 ], [ 72.4683443, 23.1099802 ], [ 72.4683335, 23.1100986 ], [ 72.4677971, 23.1107795 ], [ 72.4672365, 23.1116553 ], [ 72.4665324, 23.1126741 ], [ 72.4658471, 23.1123806 ], [ 72.4648896, 23.112943 ], [ 72.4643853, 23.11317 ], [ 72.4639723, 23.1132687 ], [ 72.463291, 23.1133254 ], [ 72.4621698, 23.1139026 ], [ 72.4611667, 23.1138558 ], [ 72.4611801, 23.113614 ], [ 72.4597505, 23.113466 ], [ 72.4596727, 23.1129455 ], [ 72.4579722, 23.1131576 ], [ 72.4578595, 23.1117959 ], [ 72.4576342, 23.1106167 ], [ 72.4573123, 23.1105131 ], [ 72.4572077, 23.1101875 ] ] ] } },
{ "type": "Feature", "properties": { "tags": { "visible": false }, "visible": null, "lon": null, "lat": null, "version": 2, "timestamp": 1616336487, "id": 920032696, "changeset": null, "depot": null, "industrial": null, "landuse": "industrial", "military": null, "residential": null, "osm_type": "way", "basin": null, "construction": null, "farmyard": null, "grass": null, "port": null, "railway": null }, "geometry": { "type": "Polygon", "coordinates": [ [ [ 72.4572667, 23.1070075 ], [ 72.4574035, 23.106445 ], [ 72.4575055, 23.1065166 ], [ 72.458691, 23.106556 ], [ 72.458801, 23.1063932 ], [ 72.4586508, 23.1058233 ], [ 72.4588385, 23.1057912 ], [ 72.4588492, 23.1060009 ], [ 72.4609092, 23.1061638 ], [ 72.4608475, 23.1063661 ], [ 72.4623656, 23.1070001 ], [ 72.4624675, 23.1071382 ], [ 72.4623495, 23.1075478 ], [ 72.4622422, 23.1083027 ], [ 72.4615556, 23.1080116 ], [ 72.4614859, 23.1080757 ], [ 72.4602896, 23.1080757 ], [ 72.4602145, 23.1085543 ], [ 72.4589807, 23.1082731 ], [ 72.4587554, 23.1083175 ], [ 72.4587607, 23.1081793 ], [ 72.4586534, 23.1080954 ], [ 72.4586964, 23.107982 ], [ 72.4584335, 23.1077353 ], [ 72.4587017, 23.1072567 ], [ 72.4579883, 23.1068496 ], [ 72.4579614, 23.1070593 ], [ 72.4576557, 23.1069902 ], [ 72.4572667, 23.1070075 ] ] ] } },
{ "type": "Feature", "properties": { "tags": { "visible": false }, "visible": null, "lon": null, "lat": null, "version": 1, "timestamp": 1616318676, "id": 920034356, "changeset": null, "depot": null, "industrial": null, "landuse": "industrial", "military": null, "residential": null, "osm_type": "way", "basin": null, "construction": null, "farmyard": null, "grass": null, "port": null, "railway": null }, "geometry": { "type": "Polygon", "coordinates": [ [ [ 72.4444154, 23.1418283 ], [ 72.4445772, 23.1411936 ], [ 72.445119, 23.1413367 ], [ 72.4451512, 23.1408483 ], [ 72.445693, 23.1407497 ], [ 72.4461704, 23.1409125 ], [ 72.4465728, 23.1418349 ], [ 72.4478227, 23.1418004 ], [ 72.4478334, 23.1414748 ], [ 72.4481714, 23.1415735 ], [ 72.4483077, 23.1414996 ], [ 72.4483591, 23.1416475 ], [ 72.4487507, 23.1415241 ], [ 72.4490887, 23.1415192 ], [ 72.4490768, 23.1414301 ], [ 72.4503058, 23.1411517 ], [ 72.4503306, 23.1409604 ], [ 72.4502689, 23.1406066 ], [ 72.4498598, 23.1407189 ], [ 72.4498732, 23.1408372 ], [ 72.4491772, 23.1409865 ], [ 72.449196, 23.1406066 ], [ 72.4498048, 23.140466 ], [ 72.449711, 23.1399037 ], [ 72.4500945, 23.1398568 ], [ 72.4502125, 23.1397557 ], [ 72.4502742, 23.1396694 ], [ 72.4504137, 23.1394474 ], [ 72.4507356, 23.1396003 ], [ 72.4510306, 23.1390429 ], [ 72.4509501, 23.1383425 ], [ 72.4508429, 23.1383326 ], [ 72.4506658, 23.1380021 ], [ 72.4508107, 23.1379922 ], [ 72.4507678, 23.1375976 ], [ 72.4515134, 23.137568 ], [ 72.4515831, 23.1367738 ], [ 72.4505103, 23.1365913 ], [ 72.4504834, 23.1352618 ], [ 72.4492389, 23.1350842 ], [ 72.449432, 23.1346427 ], [ 72.4499926, 23.1347266 ], [ 72.4503735, 23.1347414 ], [ 72.451508, 23.1345761 ], [ 72.4519908, 23.1345564 ], [ 72.4520069, 23.1347883 ], [ 72.452428, 23.1348573 ], [ 72.4529538, 23.1347266 ], [ 72.452766, 23.1342999 ], [ 72.4534017, 23.1342481 ], [ 72.4535841, 23.1338732 ], [ 72.4538255, 23.1339768 ], [ 72.454209, 23.1340606 ], [ 72.4544424, 23.1338756 ], [ 72.4547267, 23.1338732 ], [ 72.4552658, 23.1339373 ], [ 72.4551505, 23.1343911 ], [ 72.4550083, 23.1344972 ], [ 72.4549386, 23.1348006 ], [ 72.4550405, 23.1347784 ], [ 72.4553597, 23.1347858 ], [ 72.4558935, 23.1345909 ], [ 72.4563226, 23.1346107 ], [ 72.4566096, 23.1345194 ], [ 72.4568483, 23.1341494 ], [ 72.4569932, 23.1343591 ], [ 72.4570999, 23.1344126 ], [ 72.4573313, 23.1343994 ], [ 72.4575672, 23.1343393 ], [ 72.4576503, 23.1346797 ], [ 72.4584791, 23.1345835 ], [ 72.4590343, 23.1345737 ], [ 72.4590719, 23.1344454 ], [ 72.4587393, 23.1336832 ], [ 72.4591148, 23.1336438 ], [ 72.4593696, 23.1337819 ], [ 72.4604934, 23.1337597 ], [ 72.4607831, 23.1356392 ], [ 72.460354, 23.1355835 ], [ 72.4602655, 23.1357033 ], [ 72.4602279, 23.1360684 ], [ 72.4603191, 23.1363791 ], [ 72.4600053, 23.1364531 ], [ 72.460236, 23.1369859 ], [ 72.4599302, 23.1370821 ], [ 72.4600321, 23.13742 ], [ 72.4601072, 23.1377826 ], [ 72.4607268, 23.1377332 ], [ 72.4617809, 23.1376568 ], [ 72.4633205, 23.1378097 ], [ 72.4633795, 23.1398322 ], [ 72.4625909, 23.1397878 ], [ 72.4619901, 23.1399012 ], [ 72.4599677, 23.1400344 ], [ 72.4584174, 23.1398914 ], [ 72.4580634, 23.1399506 ], [ 72.4570656, 23.1405129 ], [ 72.4561107, 23.1408631 ], [ 72.4564218, 23.1411443 ], [ 72.4562716, 23.1414353 ], [ 72.4564218, 23.141608 ], [ 72.4561268, 23.1416524 ], [ 72.4554831, 23.1412627 ], [ 72.4550164, 23.1417362 ], [ 72.4558318, 23.1421753 ], [ 72.4556172, 23.1429102 ], [ 72.4563575, 23.1430434 ], [ 72.4563146, 23.1433838 ], [ 72.4557459, 23.1431865 ], [ 72.4556547, 23.1435318 ], [ 72.4562448, 23.1439313 ], [ 72.4558371, 23.1458107 ], [ 72.4550432, 23.1457021 ], [ 72.4548179, 23.1466541 ], [ 72.4553972, 23.1468218 ], [ 72.4553449, 23.1470445 ], [ 72.4515134, 23.147177 ], [ 72.451508, 23.1459142 ], [ 72.4520391, 23.1459685 ], [ 72.452141, 23.1454604 ], [ 72.4512827, 23.1453174 ], [ 72.4507248, 23.1449622 ], [ 72.4496251, 23.1449425 ], [ 72.4491665, 23.1448408 ], [ 72.448276, 23.1445269 ], [ 72.4481392, 23.1445134 ], [ 72.4477476, 23.1460918 ], [ 72.4485634, 23.1462523 ], [ 72.4486354, 23.1462669 ], [ 72.4491692, 23.1464593 ], [ 72.44977, 23.1465604 ], [ 72.4497834, 23.1472584 ], [ 72.4451646, 23.1474162 ], [ 72.4448106, 23.1465357 ], [ 72.4442419, 23.1465875 ], [ 72.4437913, 23.1433443 ], [ 72.4439013, 23.1433369 ], [ 72.4439308, 23.1430705 ], [ 72.4441105, 23.1424762 ], [ 72.4444154, 23.1418283 ] ] ] } },
{ "type": "Feature", "properties": { "tags": { "visible": false }, "visible": null, "lon": null, "lat": null, "version": 1, "timestamp": 1616318676, "id": 920034357, "changeset": null, "depot": null, "industrial": null, "landuse": "industrial", "military": null, "residential": null, "osm_type": "way", "basin": null, "construction": null, "farmyard": null, "grass": null, "port": null, "railway": null }, "geometry": { "type": "Polygon", "coordinates": [ [ [ 72.4740681, 23.1359524 ], [ 72.4740601, 23.1368675 ], [ 72.4738616, 23.1378541 ], [ 72.472837, 23.1376765 ], [ 72.4731803, 23.1360092 ], [ 72.4740681, 23.1359524 ] ] ] } },
{ "type": "Feature", "properties": { "tags": { "visible": false }, "visible": null, "lon": null, "lat": null, "version": 1, "timestamp": 1616318676, "id": 920034358, "changeset": null, "depot": null, "industrial": null, "landuse": "industrial", "military": null, "residential": null, "osm_type": "way", "basin": null, "construction": null, "farmyard": null, "grass": null, "port": null, "railway": null }, "geometry": { "type": "Polygon", "coordinates": [ [ [ 72.4733734, 23.1349486 ], [ 72.4738857, 23.1349116 ], [ 72.4741244, 23.1349338 ], [ 72.4742478, 23.1349782 ], [ 72.4743122, 23.1349782 ], [ 72.4746126, 23.1349264 ], [ 72.4749425, 23.1358636 ], [ 72.4740681, 23.1359524 ], [ 72.4731803, 23.1360092 ], [ 72.4733734, 23.1349486 ] ] ] } },
{ "type": "Feature", "properties": { "tags": { "visible": false }, "visible": null, "lon": null, "lat": null, "version": 1, "timestamp": 1616318676, "id": 920034359, "changeset": null, "depot": null, "industrial": null, "landuse": "industrial", "military": null, "residential": null, "osm_type": "way", "basin": null, "construction": null, "farmyard": null, "grass": null, "port": null, "railway": null }, "geometry": { "type": "Polygon", "coordinates": [ [ [ 72.4607187, 23.1219445 ], [ 72.4608944, 23.121181 ], [ 72.4613678, 23.1211687 ], [ 72.4613839, 23.1211095 ], [ 72.4620786, 23.1211502 ], [ 72.4621055, 23.1213414 ], [ 72.4621175, 23.1215375 ], [ 72.461919, 23.1221554 ], [ 72.4611117, 23.1220358 ], [ 72.4607187, 23.1219445 ] ] ] } },
{ "type": "Feature", "properties": { "tags": { "visible": false }, "visible": null, "lon": null, "lat": null, "version": 1, "timestamp": 1616318676, "id": 920034360, "changeset": null, "depot": null, "industrial": null, "landuse": "industrial", "military": null, "residential": null, "osm_type": "way", "basin": null, "construction": null, "farmyard": null, "grass": null, "port": null, "railway": null }, "geometry": { "type": "Polygon", "coordinates": [ [ [ 72.4740118, 23.1243224 ], [ 72.4739554, 23.1237427 ], [ 72.4738938, 23.1237378 ], [ 72.4738307, 23.1227511 ], [ 72.4753308, 23.1228005 ], [ 72.4750927, 23.1243298 ], [ 72.4740118, 23.1243224 ] ] ] } },
{ "type": "Feature", "properties": { "tags": { "visible": false }, "visible": null, "lon": null, "lat": null, "version": 1, "timestamp": 1616318676, "id": 920034361, "changeset": null, "depot": null, "industrial": null, "landuse": "industrial", "military": null, "residential": null, "osm_type": "way", "basin": null, "construction": null, "farmyard": null, "grass": null, "port": null, "railway": null }, "geometry": { "type": "Polygon", "coordinates": [ [ [ 72.4755809, 23.132117 ], [ 72.474854, 23.1313228 ], [ 72.4747869, 23.131303 ], [ 72.4745241, 23.1313104 ], [ 72.4743926, 23.1310317 ], [ 72.4741593, 23.1309602 ], [ 72.4742398, 23.1304718 ], [ 72.4748674, 23.1305902 ], [ 72.4755916, 23.1306568 ], [ 72.4756265, 23.1308714 ], [ 72.4757847, 23.1309034 ], [ 72.4756238, 23.1314436 ], [ 72.4756291, 23.1316064 ], [ 72.4755809, 23.132117 ] ] ] } },
{ "type": "Feature", "properties": { "tags": { "visible": false }, "visible": null, "lon": null, "lat": null, "version": 1, "timestamp": 1649582992, "id": 1050724276, "changeset": null, "depot": null, "industrial": null, "landuse": "industrial", "military": null, "residential": null, "osm_type": "way", "basin": null, "construction": null, "farmyard": null, "grass": null, "port": null, "railway": null }, "geometry": { "type": "Polygon", "coordinates": [ [ [ 72.6083529, 23.0101691 ], [ 72.6095653, 23.0074385 ], [ 72.6096994, 23.0072065 ], [ 72.6112765, 23.0067522 ], [ 72.6114374, 23.0072855 ], [ 72.6120114, 23.0071176 ], [ 72.6120758, 23.0073398 ], [ 72.6136637, 23.0068361 ], [ 72.6142377, 23.0077249 ], [ 72.6154393, 23.0087322 ], [ 72.6159489, 23.009384 ], [ 72.616421, 23.010569 ], [ 72.6154232, 23.0105838 ], [ 72.6118988, 23.0102086 ], [ 72.6104557, 23.0102382 ], [ 72.6083529, 23.0101691 ] ] ] } },
{ "type": "Feature", "properties": { "tags": { "visible": false }, "visible": null, "lon": null, "lat": null, "version": 2, "timestamp": 1722349267, "id": 1107167550, "changeset": null, "depot": null, "industrial": null, "landuse": "industrial", "military": null, "residential": null, "osm_type": "way", "basin": null, "construction": null, "farmyard": null, "grass": null, "port": null, "railway": null }, "geometry": { "type": "Polygon", "coordinates": [ [ [ 72.5649988, 23.0879812 ], [ 72.5648306, 23.0869455 ], [ 72.5652089, 23.086915 ], [ 72.5652078, 23.086854 ], [ 72.5655533, 23.086854 ], [ 72.5655552, 23.0868018 ], [ 72.565899, 23.0868134 ], [ 72.5660647, 23.086772 ], [ 72.5661411, 23.0869899 ], [ 72.5663258, 23.0869644 ], [ 72.5665158, 23.0879188 ], [ 72.5661095, 23.0879826 ], [ 72.5657571, 23.0879954 ], [ 72.5649988, 23.0879812 ] ] ] } },
{ "type": "Feature", "properties": { "tags": { "visible": false }, "visible": null, "lon": null, "lat": null, "version": 1, "timestamp": 1666808235, "id": 1107167575, "changeset": null, "depot": null, "industrial": null, "landuse": "industrial", "military": null, "residential": null, "osm_type": "way", "basin": null, "construction": null, "farmyard": null, "grass": null, "port": null, "railway": null }, "geometry": { "type": "Polygon", "coordinates": [ [ [ 72.541405, 23.0894633 ], [ 72.5427514, 23.0932383 ], [ 72.5434488, 23.0952269 ], [ 72.5431055, 23.0953256 ], [ 72.5429821, 23.0950641 ], [ 72.541995, 23.0952171 ], [ 72.5420272, 23.0957303 ], [ 72.5399244, 23.0965543 ], [ 72.5388837, 23.0944029 ], [ 72.538771, 23.0942203 ], [ 72.5384223, 23.0939267 ], [ 72.5383151, 23.0937663 ], [ 72.5381327, 23.0931544 ], [ 72.541405, 23.0894633 ] ] ] } },
{ "type": "Feature", "properties": { "tags": { "visible": false }, "visible": null, "lon": null, "lat": null, "version": 1, "timestamp": 1666808235, "id": 1107167576, "changeset": null, "depot": null, "industrial": null, "landuse": "industrial", "military": null, "residential": null, "osm_type": "way", "basin": null, "construction": null, "farmyard": null, "grass": null, "port": null, "railway": null }, "geometry": { "type": "Polygon", "coordinates": [ [ [ 72.5402141, 23.0876326 ], [ 72.5403213, 23.0880816 ], [ 72.5409865, 23.0894732 ], [ 72.5398278, 23.0909141 ], [ 72.5377142, 23.0932235 ], [ 72.5369954, 23.0939144 ], [ 72.5365448, 23.0942993 ], [ 72.5355792, 23.0947631 ], [ 72.5344098, 23.0952171 ], [ 72.5340021, 23.0954737 ], [ 72.5337338, 23.0958289 ], [ 72.5335193, 23.0964606 ], [ 72.5332618, 23.0971612 ], [ 72.5320065, 23.0982172 ], [ 72.5310302, 23.0951677 ], [ 72.5313413, 23.0952467 ], [ 72.5321567, 23.095375 ], [ 72.5321889, 23.0941315 ], [ 72.5329292, 23.0942104 ], [ 72.5329292, 23.094546 ], [ 72.5342703, 23.0944966 ], [ 72.5342595, 23.0942598 ], [ 72.533884, 23.0937959 ], [ 72.5339752, 23.0927399 ], [ 72.5348926, 23.09236 ], [ 72.534399, 23.0913138 ], [ 72.5356328, 23.0907908 ], [ 72.5346565, 23.0890982 ], [ 72.5354397, 23.0887922 ], [ 72.5378483, 23.0879237 ], [ 72.5402141, 23.0876326 ] ] ] } },
{ "type": "Feature", "properties": { "tags": { "visible": false }, "visible": null, "lon": null, "lat": null, "version": 3, "timestamp": 1721724243, "id": 1107179896, "changeset": null, "depot": null, "industrial": null, "landuse": "industrial", "military": null, "residential": null, "osm_type": "way", "basin": null, "construction": null, "farmyard": null, "grass": null, "port": null, "railway": null }, "geometry": { "type": "Polygon", "coordinates": [ [ [ 72.5905054, 23.0916349 ], [ 72.59094, 23.0902233 ], [ 72.5920933, 23.0899025 ], [ 72.5933647, 23.0918122 ], [ 72.5930287, 23.0919767 ], [ 72.5929316, 23.0920219 ], [ 72.592515, 23.0919306 ], [ 72.592442, 23.0921478 ], [ 72.5914697, 23.0919284 ], [ 72.5905054, 23.0916349 ] ] ] } },
{ "type": "Feature", "properties": { "tags": { "visible": false }, "visible": null, "lon": null, "lat": null, "version": 1, "timestamp": 1666835695, "id": 1107267300, "changeset": null, "depot": null, "industrial": "depot", "landuse": "industrial", "military": null, "residential": null, "osm_type": "way", "basin": null, "construction": null, "farmyard": null, "grass": null, "port": null, "railway": null }, "geometry": { "type": "Polygon", "coordinates": [ [ [ 72.5632006, 23.0717664 ], [ 72.5642145, 23.0714357 ], [ 72.5649065, 23.072936 ], [ 72.5648421, 23.0731186 ], [ 72.5632006, 23.0717664 ] ] ] } },
{ "type": "Feature", "properties": { "tags": { "visible": false }, "visible": null, "lon": null, "lat": null, "version": 1, "timestamp": 1666835695, "id": 1107267301, "changeset": null, "depot": null, "industrial": null, "landuse": "industrial", "military": null, "residential": null, "osm_type": "way", "basin": null, "construction": null, "farmyard": null, "grass": null, "port": null, "railway": null }, "geometry": { "type": "Polygon", "coordinates": [ [ [ 72.5711775, 23.0703746 ], [ 72.5723469, 23.070498 ], [ 72.5723094, 23.0707842 ], [ 72.5719929, 23.0711988 ], [ 72.571333, 23.0707744 ], [ 72.5711399, 23.0707595 ], [ 72.5711775, 23.0703746 ] ] ] } },
{ "type": "Feature", "properties": { "tags": { "visible": false }, "visible": null, "lon": null, "lat": null, "version": 1, "timestamp": 1693155731, "id": 1202581107, "changeset": null, "depot": null, "industrial": null, "landuse": "industrial", "military": null, "residential": null, "osm_type": "way", "basin": null, "construction": null, "farmyard": null, "grass": null, "port": null, "railway": null }, "geometry": { "type": "Polygon", "coordinates": [ [ [ 72.6112332, 23.1241707 ], [ 72.6113382, 23.1232121 ], [ 72.6117816, 23.1230573 ], [ 72.6121754, 23.123143 ], [ 72.6120995, 23.124292 ], [ 72.6112332, 23.1241707 ] ] ] } },
{ "type": "Feature", "properties": { "tags": { "visible": false, "alt_name": "Vastral Depot", "bus": "yes", "name": "Vastral Bus Depot", "name:en": "Vastral Bus Depot", "note": "Prospective editors are encouraged to contact the surveyors prior to editing.", "public_transport": "yes", "source": "Irasus Technologies Private Limited;JBM Green Energy Systems Private Limited" }, "visible": null, "lon": null, "lat": null, "version": 6, "timestamp": 1739886796, "id": 1222271351, "changeset": null, "depot": "bus", "industrial": "bus_depot", "landuse": "industrial", "military": null, "residential": null, "osm_type": "way", "basin": null, "construction": null, "farmyard": null, "grass": null, "port": null, "railway": null }, "geometry": { "type": "Polygon", "coordinates": [ [ [ 72.6610553, 23.0108043 ], [ 72.6610315, 23.010721 ], [ 72.6610395, 23.010657 ], [ 72.6610259, 23.0105728 ], [ 72.6609594, 23.0105231 ], [ 72.6606892, 23.0096546 ], [ 72.6628549, 23.0098382 ], [ 72.6628715, 23.0104657 ], [ 72.6622937, 23.010481 ], [ 72.661611, 23.0106971 ], [ 72.6612515, 23.0108038 ], [ 72.6610553, 23.0108043 ] ] ] } },
{ "type": "Feature", "properties": { "tags": { "visible": false }, "visible": null, "lon": null, "lat": null, "version": 1, "timestamp": 1722324482, "id": 1304593474, "changeset": null, "depot": null, "industrial": null, "landuse": "industrial", "military": null, "residential": null, "osm_type": "way", "basin": null, "construction": null, "farmyard": null, "grass": null, "port": null, "railway": null }, "geometry": { "type": "Polygon", "coordinates": [ [ [ 72.5744788, 23.0655544 ], [ 72.5747496, 23.065673 ], [ 72.5757111, 23.0663725 ], [ 72.5759834, 23.0667222 ], [ 72.5756267, 23.0667451 ], [ 72.5752662, 23.0668783 ], [ 72.5748659, 23.0668212 ], [ 72.57467, 23.0667182 ], [ 72.5745252, 23.0665693 ], [ 72.5742079, 23.0665679 ], [ 72.5741539, 23.0665254 ], [ 72.5743219, 23.0662859 ], [ 72.5742525, 23.0660548 ], [ 72.5742602, 23.0659542 ], [ 72.5744788, 23.0655544 ] ] ] } },
{ "type": "Feature", "properties": { "tags": { "visible": false, "area": "yes" }, "visible": null, "lon": null, "lat": null, "version": 3, "timestamp": 1731468665, "id": 1304593477, "changeset": null, "depot": null, "industrial": null, "landuse": "industrial", "military": null, "residential": null, "osm_type": "way", "basin": null, "construction": null, "farmyard": null, "grass": null, "port": null, "railway": null }, "geometry": { "type": "Polygon", "coordinates": [ [ [ 72.5748291, 23.0599196 ], [ 72.5751056, 23.059948 ], [ 72.575213, 23.0595802 ], [ 72.5755842, 23.059571 ], [ 72.5755503, 23.0594902 ], [ 72.5760429, 23.0594274 ], [ 72.5762013, 23.0593818 ], [ 72.5763446, 23.0593167 ], [ 72.5764721, 23.0592149 ], [ 72.5765446, 23.0591197 ], [ 72.5768594, 23.059316 ], [ 72.5758248, 23.0611975 ], [ 72.5755707, 23.0611302 ], [ 72.5753186, 23.0609993 ], [ 72.5749335, 23.060185 ], [ 72.574753, 23.0601785 ], [ 72.5748291, 23.0599196 ] ] ] } },
{ "type": "Feature", "properties": { "tags": { "visible": false, "area": "yes" }, "visible": null, "lon": null, "lat": null, "version": 1, "timestamp": 1722331196, "id": 1304610116, "changeset": null, "depot": null, "industrial": null, "landuse": "industrial", "military": null, "residential": null, "osm_type": "way", "basin": null, "construction": null, "farmyard": null, "grass": null, "port": null, "railway": null }, "geometry": { "type": "Polygon", "coordinates": [ [ [ 72.5564752, 22.9967495 ], [ 72.5568786, 22.9959448 ], [ 72.557981, 22.9964792 ], [ 72.5577245, 22.9973522 ], [ 72.5566451, 22.9972154 ], [ 72.5567937, 22.9968538 ], [ 72.5564752, 22.9967495 ] ] ] } },
{ "type": "Feature", "properties": { "tags": { "visible": false }, "visible": null, "lon": null, "lat": null, "version": 1, "timestamp": 1722333486, "id": 1304616330, "changeset": null, "depot": null, "industrial": null, "landuse": "industrial", "military": null, "residential": null, "osm_type": "way", "basin": null, "construction": null, "farmyard": null, "grass": null, "port": null, "railway": null }, "geometry": { "type": "Polygon", "coordinates": [ [ [ 72.5902499, 23.0923398 ], [ 72.5929291, 23.0929312 ], [ 72.5930354, 23.0929383 ], [ 72.5931124, 23.0929241 ], [ 72.5932541, 23.0928603 ], [ 72.5932079, 23.0932713 ], [ 72.5921045, 23.093493 ], [ 72.5920897, 23.0936077 ], [ 72.59202, 23.0936052 ], [ 72.5914104, 23.093466 ], [ 72.5900444, 23.0932942 ], [ 72.5902499, 23.0923398 ] ] ] } },
{ "type": "Feature", "properties": { "tags": { "visible": false }, "visible": null, "lon": null, "lat": null, "version": 1, "timestamp": 1722339269, "id": 1304630200, "changeset": null, "depot": null, "industrial": null, "landuse": "industrial", "military": null, "residential": null, "osm_type": "way", "basin": null, "construction": null, "farmyard": null, "grass": null, "port": null, "railway": null }, "geometry": { "type": "Polygon", "coordinates": [ [ [ 72.5894776, 23.0857431 ], [ 72.5909823, 23.0851879 ], [ 72.5911526, 23.0856265 ], [ 72.5913363, 23.0855667 ], [ 72.5914678, 23.085901 ], [ 72.5909474, 23.0861823 ], [ 72.5902501, 23.0867745 ], [ 72.5900328, 23.0865697 ], [ 72.5899845, 23.0862958 ], [ 72.5896895, 23.0863772 ], [ 72.5894776, 23.0857431 ] ] ] } },
{ "type": "Feature", "properties": { "tags": { "visible": false }, "visible": null, "lon": null, "lat": null, "version": 1, "timestamp": 1722339269, "id": 1304630205, "changeset": null, "depot": null, "industrial": null, "landuse": "industrial", "military": null, "residential": null, "osm_type": "way", "basin": null, "construction": null, "farmyard": null, "grass": null, "port": null, "railway": null }, "geometry": { "type": "Polygon", "coordinates": [ [ [ 72.587254, 23.0924811 ], [ 72.5883795, 23.0925592 ], [ 72.5883122, 23.0929596 ], [ 72.5872151, 23.0928392 ], [ 72.587254, 23.0924811 ] ] ] } },
{ "type": "Feature", "properties": { "tags": { "visible": false }, "visible": null, "lon": null, "lat": null, "version": 1, "timestamp": 1722342915, "id": 1304637890, "changeset": null, "depot": null, "industrial": null, "landuse": "industrial", "military": null, "residential": null, "osm_type": "way", "basin": null, "construction": null, "farmyard": null, "grass": null, "port": null, "railway": null }, "geometry": { "type": "Polygon", "coordinates": [ [ [ 72.5797941, 23.0684716 ], [ 72.5803336, 23.0686065 ], [ 72.5806622, 23.0687126 ], [ 72.5809088, 23.0688261 ], [ 72.5807975, 23.0695785 ], [ 72.5801444, 23.0695022 ], [ 72.5796843, 23.0691278 ], [ 72.5797941, 23.0684716 ] ] ] } },
{ "type": "Feature", "properties": { "tags": { "visible": false }, "visible": null, "lon": null, "lat": null, "version": 1, "timestamp": 1722348097, "id": 1304654813, "changeset": null, "depot": null, "industrial": null, "landuse": "industrial", "military": null, "residential": null, "osm_type": "way", "basin": null, "construction": null, "farmyard": null, "grass": null, "port": null, "railway": null }, "geometry": { "type": "Polygon", "coordinates": [ [ [ 72.5646359, 23.0712092 ], [ 72.5651102, 23.0712548 ], [ 72.5653898, 23.0704212 ], [ 72.5658233, 23.0705091 ], [ 72.5653863, 23.0720688 ], [ 72.5650359, 23.0720493 ], [ 72.5646359, 23.0712092 ] ] ] } },
{ "type": "Feature", "properties": { "tags": { "visible": false }, "visible": null, "lon": null, "lat": null, "version": 1, "timestamp": 1722348097, "id": 1304654825, "changeset": null, "depot": null, "industrial": null, "landuse": "industrial", "military": null, "residential": null, "osm_type": "way", "basin": null, "construction": null, "farmyard": null, "grass": null, "port": null, "railway": null }, "geometry": { "type": "Polygon", "coordinates": [ [ [ 72.5618183, 23.0721442 ], [ 72.5624978, 23.0715255 ], [ 72.5637215, 23.0723767 ], [ 72.5637726, 23.0723346 ], [ 72.5645116, 23.0729178 ], [ 72.5637369, 23.0737323 ], [ 72.5618183, 23.0721442 ] ] ] } },
{ "type": "Feature", "properties": { "tags": { "visible": false }, "visible": null, "lon": null, "lat": null, "version": 1, "timestamp": 1722412124, "id": 1304783873, "changeset": null, "depot": null, "industrial": null, "landuse": "industrial", "military": null, "residential": null, "osm_type": "way", "basin": null, "construction": null, "farmyard": null, "grass": null, "port": null, "railway": null }, "geometry": { "type": "Polygon", "coordinates": [ [ [ 72.5456889, 23.0620722 ], [ 72.5453889, 23.0612395 ], [ 72.5449904, 23.0608758 ], [ 72.5449213, 23.0601545 ], [ 72.5459785, 23.0601365 ], [ 72.5467514, 23.0617714 ], [ 72.5456889, 23.0620722 ] ] ] } },
{ "type": "Feature", "properties": { "tags": { "visible": false }, "visible": null, "lon": null, "lat": null, "version": 1, "timestamp": 1722412124, "id": 1304783875, "changeset": null, "depot": null, "industrial": null, "landuse": "industrial", "military": null, "residential": null, "osm_type": "way", "basin": null, "construction": null, "farmyard": null, "grass": null, "port": null, "railway": null }, "geometry": { "type": "Polygon", "coordinates": [ [ [ 72.5420626, 23.0562259 ], [ 72.5432565, 23.0556007 ], [ 72.5436082, 23.0561338 ], [ 72.5433084, 23.0562812 ], [ 72.5425934, 23.056812 ], [ 72.5420626, 23.0562259 ] ] ] } },
{ "type": "Feature", "properties": { "tags": { "visible": false }, "visible": null, "lon": null, "lat": null, "version": 1, "timestamp": 1722415906, "id": 1304792133, "changeset": null, "depot": null, "industrial": null, "landuse": "industrial", "military": null, "residential": null, "osm_type": "way", "basin": null, "construction": null, "farmyard": null, "grass": null, "port": null, "railway": null }, "geometry": { "type": "Polygon", "coordinates": [ [ [ 72.5566299, 23.0577731 ], [ 72.5571741, 23.0572937 ], [ 72.5574193, 23.0576288 ], [ 72.5580707, 23.0577964 ], [ 72.5578886, 23.0582906 ], [ 72.5574368, 23.0580987 ], [ 72.5573625, 23.0582192 ], [ 72.5566299, 23.0577731 ] ] ] } },
{ "type": "Feature", "properties": { "tags": { "visible": false }, "visible": null, "lon": null, "lat": null, "version": 1, "timestamp": 1722507142, "id": 1305013760, "changeset": null, "depot": null, "industrial": null, "landuse": "industrial", "military": null, "residential": null, "osm_type": "way", "basin": null, "construction": null, "farmyard": null, "grass": null, "port": null, "railway": null }, "geometry": { "type": "Polygon", "coordinates": [ [ [ 72.5632123, 23.0566834 ], [ 72.5639775, 23.0564478 ], [ 72.5643411, 23.0577547 ], [ 72.5639837, 23.0577731 ], [ 72.563882, 23.05726 ], [ 72.56336, 23.0570846 ], [ 72.5632123, 23.0566834 ] ] ] } },
{ "type": "Feature", "properties": { "tags": { "visible": false, "area": "yes" }, "visible": null, "lon": null, "lat": null, "version": 1, "timestamp": 1722516534, "id": 1305046430, "changeset": null, "depot": null, "industrial": null, "landuse": "industrial", "military": null, "residential": null, "osm_type": "way", "basin": null, "construction": null, "farmyard": null, "grass": null, "port": null, "railway": null }, "geometry": { "type": "Polygon", "coordinates": [ [ [ 72.5962834, 23.043128 ], [ 72.5949401, 23.0428104 ], [ 72.5943547, 23.0422264 ], [ 72.5941821, 23.0418634 ], [ 72.5958644, 23.0408598 ], [ 72.596345, 23.0403891 ], [ 72.5964744, 23.0409845 ], [ 72.5964806, 23.0420903 ], [ 72.5962834, 23.043128 ] ] ] } },
{ "type": "Feature", "properties": { "tags": { "visible": false, "area": "yes" }, "visible": null, "lon": null, "lat": null, "version": 1, "timestamp": 1722842538, "id": 1305667838, "changeset": null, "depot": null, "industrial": null, "landuse": "industrial", "military": null, "residential": null, "osm_type": "way", "basin": null, "construction": null, "farmyard": null, "grass": null, "port": null, "railway": null }, "geometry": { "type": "Polygon", "coordinates": [ [ [ 72.5386894, 23.0453757 ], [ 72.5386975, 23.0451215 ], [ 72.5386747, 23.0447759 ], [ 72.5384695, 23.0444884 ], [ 72.5387967, 23.0444588 ], [ 72.5393787, 23.0448339 ], [ 72.539478, 23.0448697 ], [ 72.5395813, 23.0448833 ], [ 72.5396242, 23.0453362 ], [ 72.5393117, 23.0453831 ], [ 72.5386894, 23.0453757 ] ] ] } },
{ "type": "Feature", "properties": { "tags": { "visible": false }, "visible": null, "lon": null, "lat": null, "version": 1, "timestamp": 1722845140, "id": 1305673502, "changeset": null, "depot": null, "industrial": null, "landuse": "industrial", "military": null, "residential": null, "osm_type": "way", "basin": null, "construction": null, "farmyard": null, "grass": null, "port": null, "railway": null }, "geometry": { "type": "Polygon", "coordinates": [ [ [ 72.5324707, 23.0390263 ], [ 72.5329859, 23.0387672 ], [ 72.5341744, 23.0402025 ], [ 72.5339759, 23.0403658 ], [ 72.5337144, 23.0405033 ], [ 72.5334809, 23.0405742 ], [ 72.5334879, 23.0402498 ], [ 72.5331447, 23.0396933 ], [ 72.5332719, 23.0395891 ], [ 72.5330489, 23.0393248 ], [ 72.5324707, 23.0390263 ] ] ] } },
{ "type": "Feature", "properties": { "tags": { "visible": false }, "visible": null, "lon": null, "lat": null, "version": 1, "timestamp": 1722855869, "id": 1305699785, "changeset": null, "depot": null, "industrial": null, "landuse": "industrial", "military": null, "residential": null, "osm_type": "way", "basin": null, "construction": null, "farmyard": null, "grass": null, "port": null, "railway": null }, "geometry": { "type": "Polygon", "coordinates": [ [ [ 72.5173185, 23.0487242 ], [ 72.5188537, 23.0481741 ], [ 72.5196289, 23.0482042 ], [ 72.5196896, 23.0495363 ], [ 72.5192508, 23.0496484 ], [ 72.5184745, 23.0497065 ], [ 72.5179703, 23.0497114 ], [ 72.5177128, 23.0496472 ], [ 72.5173185, 23.0487242 ] ] ] } },
{ "type": "Feature", "properties": { "tags": { "visible": false }, "visible": null, "lon": null, "lat": null, "version": 1, "timestamp": 1722943654, "id": 1305930503, "changeset": null, "depot": null, "industrial": null, "landuse": "industrial", "military": null, "residential": null, "osm_type": "way", "basin": null, "construction": null, "farmyard": null, "grass": null, "port": null, "railway": null }, "geometry": { "type": "Polygon", "coordinates": [ [ [ 72.4999646, 23.0489798 ], [ 72.5008309, 23.0488963 ], [ 72.5008753, 23.0494008 ], [ 72.499985, 23.0494494 ], [ 72.4999646, 23.0489798 ] ] ] } },
{ "type": "Feature", "properties": { "tags": { "visible": false }, "visible": null, "lon": null, "lat": null, "version": 1, "timestamp": 1723033558, "id": 1306153952, "changeset": null, "depot": null, "industrial": null, "landuse": "industrial", "military": null, "residential": null, "osm_type": "way", "basin": null, "construction": null, "farmyard": null, "grass": null, "port": null, "railway": null }, "geometry": { "type": "Polygon", "coordinates": [ [ [ 72.5178781, 23.0623029 ], [ 72.5187764, 23.0621395 ], [ 72.5188465, 23.0625563 ], [ 72.5179533, 23.0626895 ], [ 72.5178781, 23.0623029 ] ] ] } },
{ "type": "Feature", "properties": { "tags": { "visible": false }, "visible": null, "lon": null, "lat": null, "version": 1, "timestamp": 1723033558, "id": 1306153958, "changeset": null, "depot": null, "industrial": null, "landuse": "industrial", "military": null, "residential": null, "osm_type": "way", "basin": null, "construction": null, "farmyard": null, "grass": null, "port": null, "railway": null }, "geometry": { "type": "Polygon", "coordinates": [ [ [ 72.5077992, 23.0538763 ], [ 72.5087035, 23.0540374 ], [ 72.5086097, 23.0543101 ], [ 72.5076883, 23.0540506 ], [ 72.5077992, 23.0538763 ] ] ] } },
{ "type": "Feature", "properties": { "tags": { "visible": false }, "visible": null, "lon": null, "lat": null, "version": 1, "timestamp": 1723033558, "id": 1306153984, "changeset": null, "depot": null, "industrial": null, "landuse": "industrial", "military": null, "residential": null, "osm_type": "way", "basin": null, "construction": null, "farmyard": null, "grass": null, "port": null, "railway": null }, "geometry": { "type": "Polygon", "coordinates": [ [ [ 72.5065592, 23.0571292 ], [ 72.5074498, 23.0575842 ], [ 72.5072542, 23.0580447 ], [ 72.5063026, 23.057598 ], [ 72.5065592, 23.0571292 ] ] ] } },
{ "type": "Feature", "properties": { "tags": { "visible": false }, "visible": null, "lon": null, "lat": null, "version": 1, "timestamp": 1723102804, "id": 1306307778, "changeset": null, "depot": null, "industrial": null, "landuse": "industrial", "military": null, "residential": null, "osm_type": "way", "basin": null, "construction": null, "farmyard": null, "grass": null, "port": null, "railway": null }, "geometry": { "type": "Polygon", "coordinates": [ [ [ 72.5132722, 23.0626576 ], [ 72.5146029, 23.0631721 ], [ 72.5153072, 23.065725 ], [ 72.5137393, 23.0660735 ], [ 72.5134456, 23.0649077 ], [ 72.5132722, 23.0649468 ], [ 72.5128899, 23.0633219 ], [ 72.5132722, 23.0626576 ] ] ] } },
{ "type": "Feature", "properties": { "tags": { "visible": false }, "visible": null, "lon": null, "lat": null, "version": 1, "timestamp": 1723104054, "id": 1306312165, "changeset": null, "depot": null, "industrial": null, "landuse": "industrial", "military": null, "residential": null, "osm_type": "way", "basin": null, "construction": null, "farmyard": null, "grass": null, "port": null, "railway": null }, "geometry": { "type": "Polygon", "coordinates": [ [ [ 72.486171, 23.0639183 ], [ 72.4861734, 23.0636412 ], [ 72.4864279, 23.063609 ], [ 72.4865446, 23.062958 ], [ 72.4872498, 23.0629537 ], [ 72.4873432, 23.0637615 ], [ 72.486171, 23.0639183 ] ] ] } },
{ "type": "Feature", "properties": { "tags": { "visible": false }, "visible": null, "lon": null, "lat": null, "version": 1, "timestamp": 1723104054, "id": 1306312166, "changeset": null, "depot": null, "industrial": null, "landuse": "industrial", "military": null, "residential": null, "osm_type": "way", "basin": null, "construction": null, "farmyard": null, "grass": null, "port": null, "railway": null }, "geometry": { "type": "Polygon", "coordinates": [ [ [ 72.4929276, 23.0610424 ], [ 72.4933666, 23.060993 ], [ 72.4932918, 23.0601315 ], [ 72.4946882, 23.0601014 ], [ 72.4947792, 23.0616375 ], [ 72.493481, 23.0621273 ], [ 72.4929626, 23.0622433 ], [ 72.4929276, 23.0610424 ] ] ] } },
{ "type": "Feature", "properties": { "tags": { "visible": false }, "visible": null, "lon": null, "lat": null, "version": 1, "timestamp": 1723107808, "id": 1306322221, "changeset": null, "depot": null, "industrial": null, "landuse": "industrial", "military": null, "residential": null, "osm_type": "way", "basin": null, "construction": null, "farmyard": null, "grass": null, "port": null, "railway": null }, "geometry": { "type": "Polygon", "coordinates": [ [ [ 72.4900476, 23.0485705 ], [ 72.4915783, 23.0484115 ], [ 72.4916616, 23.0484564 ], [ 72.4919564, 23.049386 ], [ 72.489946, 23.0496254 ], [ 72.4899033, 23.0494141 ], [ 72.4900476, 23.0485705 ] ] ] } },
{ "type": "Feature", "properties": { "tags": { "visible": false }, "visible": null, "lon": null, "lat": null, "version": 1, "timestamp": 1723107808, "id": 1306322228, "changeset": null, "depot": null, "industrial": null, "landuse": "industrial", "military": null, "residential": null, "osm_type": "way", "basin": null, "construction": null, "farmyard": null, "grass": null, "port": null, "railway": null }, "geometry": { "type": "Polygon", "coordinates": [ [ [ 72.4845785, 23.0443265 ], [ 72.486341, 23.0441962 ], [ 72.486479, 23.0451993 ], [ 72.4847165, 23.0453328 ], [ 72.4845785, 23.0443265 ] ] ] } },
{ "type": "Feature", "properties": { "tags": { "visible": false }, "visible": null, "lon": null, "lat": null, "version": 1, "timestamp": 1723107808, "id": 1306322257, "changeset": null, "depot": null, "industrial": null, "landuse": "industrial", "military": null, "residential": null, "osm_type": "way", "basin": null, "construction": null, "farmyard": null, "grass": null, "port": null, "railway": null }, "geometry": { "type": "Polygon", "coordinates": [ [ [ 72.4908646, 23.0463017 ], [ 72.4924449, 23.0461161 ], [ 72.4926582, 23.0474075 ], [ 72.4915204, 23.0475523 ], [ 72.4914196, 23.0473024 ], [ 72.4908646, 23.0463017 ] ] ] } },
{ "type": "Feature", "properties": { "tags": { "visible": false, "area": "yes" }, "visible": null, "lon": null, "lat": null, "version": 1, "timestamp": 1723552772, "id": 1307480600, "changeset": null, "depot": null, "industrial": null, "landuse": "industrial", "military": null, "residential": null, "osm_type": "way", "basin": null, "construction": null, "farmyard": null, "grass": null, "port": null, "railway": null }, "geometry": { "type": "Polygon", "coordinates": [ [ [ 72.5967804, 23.0435001 ], [ 72.5967851, 23.0402599 ], [ 72.5970793, 23.0400536 ], [ 72.5973875, 23.0400235 ], [ 72.5977004, 23.0400192 ], [ 72.5979993, 23.0403415 ], [ 72.5984849, 23.0403888 ], [ 72.598555, 23.0405865 ], [ 72.5967804, 23.0435001 ] ] ] } },
{ "type": "Feature", "properties": { "tags": { "visible": false, "area": "yes" }, "visible": null, "lon": null, "lat": null, "version": 1, "timestamp": 1723559181, "id": 1307501924, "changeset": null, "depot": null, "industrial": null, "landuse": "industrial", "military": null, "residential": null, "osm_type": "way", "basin": null, "construction": null, "farmyard": null, "grass": null, "port": null, "railway": null }, "geometry": { "type": "Polygon", "coordinates": [ [ [ 72.6099981, 23.0128532 ], [ 72.6100775, 23.0122514 ], [ 72.6109106, 23.0121929 ], [ 72.6109905, 23.0128016 ], [ 72.6099981, 23.0128532 ] ] ] } },
{ "type": "Feature", "properties": { "tags": { "visible": false, "area": "yes" }, "visible": null, "lon": null, "lat": null, "version": 1, "timestamp": 1723559181, "id": 1307501936, "changeset": null, "depot": null, "industrial": null, "landuse": "industrial", "military": null, "residential": null, "osm_type": "way", "basin": null, "construction": null, "farmyard": null, "grass": null, "port": null, "railway": null }, "geometry": { "type": "Polygon", "coordinates": [ [ [ 72.6166526, 23.017026 ], [ 72.6164615, 23.0154544 ], [ 72.6166444, 23.0152523 ], [ 72.6175592, 23.0148482 ], [ 72.6175632, 23.0152411 ], [ 72.6171323, 23.0153496 ], [ 72.6171729, 23.0156303 ], [ 72.6174169, 23.0156041 ], [ 72.6174006, 23.0161841 ], [ 72.6170225, 23.0162327 ], [ 72.6171079, 23.0170784 ], [ 72.6166526, 23.017026 ] ] ] } },
{ "type": "Feature", "properties": { "tags": { "visible": false, "area": "yes" }, "visible": null, "lon": null, "lat": null, "version": 1, "timestamp": 1723559181, "id": 1307501957, "changeset": null, "depot": null, "industrial": null, "landuse": "industrial", "military": null, "residential": null, "osm_type": "way", "basin": null, "construction": null, "farmyard": null, "grass": null, "port": null, "railway": null }, "geometry": { "type": "Polygon", "coordinates": [ [ [ 72.6071292, 23.0186373 ], [ 72.60714, 23.0172499 ], [ 72.6083148, 23.0172697 ], [ 72.6085401, 23.0171808 ], [ 72.6083255, 23.0161637 ], [ 72.6089424, 23.0161292 ], [ 72.609039, 23.015823 ], [ 72.6100743, 23.0159563 ], [ 72.6100153, 23.0165587 ], [ 72.6095808, 23.0167019 ], [ 72.6097417, 23.0171067 ], [ 72.6098007, 23.0175363 ], [ 72.6103962, 23.0175807 ], [ 72.6103157, 23.0186176 ], [ 72.608744, 23.0182739 ], [ 72.6085186, 23.0184843 ], [ 72.6071292, 23.0186373 ] ] ] } },
{ "type": "Feature", "properties": { "tags": { "visible": false, "area": "yes" }, "visible": null, "lon": null, "lat": null, "version": 1, "timestamp": 1723711268, "id": 1307916508, "changeset": null, "depot": null, "industrial": null, "landuse": "industrial", "military": null, "residential": null, "osm_type": "way", "basin": null, "construction": null, "farmyard": null, "grass": null, "port": null, "railway": null }, "geometry": { "type": "Polygon", "coordinates": [ [ [ 72.6026699, 23.020476 ], [ 72.6027718, 23.0201748 ], [ 72.6031742, 23.0195823 ], [ 72.6040432, 23.018822 ], [ 72.6042578, 23.0189059 ], [ 72.603378, 23.0204167 ], [ 72.6026699, 23.020476 ] ] ] } },
{ "type": "Feature", "properties": { "tags": { "visible": false, "area": "yes" }, "visible": null, "lon": null, "lat": null, "version": 1, "timestamp": 1723711268, "id": 1307916511, "changeset": null, "depot": null, "industrial": null, "landuse": "industrial", "military": null, "residential": null, "osm_type": "way", "basin": null, "construction": null, "farmyard": null, "grass": null, "port": null, "railway": null }, "geometry": { "type": "Polygon", "coordinates": [ [ [ 72.6047224, 23.0193448 ], [ 72.6046902, 23.0188561 ], [ 72.6060957, 23.0187326 ], [ 72.606085, 23.0192362 ], [ 72.6047224, 23.0193448 ] ] ] } },
{ "type": "Feature", "properties": { "tags": { "visible": false }, "visible": null, "lon": null, "lat": null, "version": 1, "timestamp": 1723711268, "id": 1307916515, "changeset": null, "depot": null, "industrial": null, "landuse": "industrial", "military": null, "residential": null, "osm_type": "way", "basin": null, "construction": null, "farmyard": null, "grass": null, "port": null, "railway": null }, "geometry": { "type": "Polygon", "coordinates": [ [ [ 72.6071675, 23.0205327 ], [ 72.6071621, 23.019565 ], [ 72.6079185, 23.0191602 ], [ 72.6083691, 23.0189133 ], [ 72.6088787, 23.0185924 ], [ 72.6091684, 23.0187257 ], [ 72.6089753, 23.019412 ], [ 72.609509, 23.0195163 ], [ 72.6093937, 23.0198742 ], [ 72.6092891, 23.0198965 ], [ 72.6091872, 23.020047 ], [ 72.6082189, 23.0198545 ], [ 72.6081116, 23.019968 ], [ 72.6075993, 23.0199606 ], [ 72.6075671, 23.0206 ], [ 72.6071675, 23.0205327 ] ] ] } },
{ "type": "Feature", "properties": { "tags": { "visible": false }, "visible": null, "lon": null, "lat": null, "version": 1, "timestamp": 1724056560, "id": 1308757945, "changeset": null, "depot": null, "industrial": null, "landuse": "industrial", "military": null, "residential": null, "osm_type": "way", "basin": null, "construction": null, "farmyard": null, "grass": null, "port": null, "railway": null }, "geometry": { "type": "Polygon", "coordinates": [ [ [ 72.6259511, 23.0088278 ], [ 72.6267837, 23.0085607 ], [ 72.6268902, 23.0092904 ], [ 72.6270146, 23.0096907 ], [ 72.6263535, 23.0098795 ], [ 72.6259511, 23.0088278 ] ] ] } },
{ "type": "Feature", "properties": { "tags": { "visible": false }, "visible": null, "lon": null, "lat": null, "version": 1, "timestamp": 1724062708, "id": 1308778625, "changeset": null, "depot": null, "industrial": null, "landuse": "industrial", "military": null, "residential": null, "osm_type": "way", "basin": null, "construction": null, "farmyard": null, "grass": null, "port": null, "railway": null }, "geometry": { "type": "Polygon", "coordinates": [ [ [ 72.6147818, 23.007075 ], [ 72.6149944, 23.0078066 ], [ 72.6146832, 23.0077698 ], [ 72.6142919, 23.0074068 ], [ 72.6147818, 23.007075 ] ] ] } },
{ "type": "Feature", "properties": { "tags": { "visible": false }, "visible": null, "lon": null, "lat": null, "version": 1, "timestamp": 1724069217, "id": 1308802187, "changeset": null, "depot": null, "industrial": null, "landuse": "industrial", "military": null, "residential": null, "osm_type": "way", "basin": null, "construction": null, "farmyard": null, "grass": null, "port": null, "railway": null }, "geometry": { "type": "Polygon", "coordinates": [ [ [ 72.6201398, 23.0063674 ], [ 72.6207343, 23.0063366 ], [ 72.6207628, 23.0067202 ], [ 72.6221511, 23.0066734 ], [ 72.622155, 23.0075253 ], [ 72.6201647, 23.0077331 ], [ 72.6201398, 23.0063674 ] ] ] } },
{ "type": "Feature", "properties": { "tags": { "visible": false }, "visible": null, "lon": null, "lat": null, "version": 1, "timestamp": 1730107824, "id": 1328752901, "changeset": null, "depot": null, "industrial": null, "landuse": "industrial", "military": null, "residential": null, "osm_type": "way", "basin": null, "construction": null, "farmyard": null, "grass": null, "port": null, "railway": null }, "geometry": { "type": "Polygon", "coordinates": [ [ [ 72.597823, 23.1249016 ], [ 72.5986, 23.125092 ], [ 72.5987809, 23.1255409 ], [ 72.5982485, 23.1257679 ], [ 72.597823, 23.1249016 ] ] ] } },
{ "type": "Feature", "properties": { "tags": { "visible": false }, "visible": null, "lon": null, "lat": null, "version": 1, "timestamp": 1730473859, "id": 1329924110, "changeset": null, "depot": null, "industrial": null, "landuse": "industrial", "military": null, "residential": null, "osm_type": "way", "basin": null, "construction": null, "farmyard": null, "grass": null, "port": null, "railway": null }, "geometry": { "type": "Polygon", "coordinates": [ [ [ 72.6063824, 23.1108302 ], [ 72.6069731, 23.1103363 ], [ 72.6073537, 23.110682 ], [ 72.6068657, 23.1111416 ], [ 72.6063824, 23.1108302 ] ] ] } },
{ "type": "Feature", "properties": { "tags": { "visible": false }, "visible": null, "lon": null, "lat": null, "version": 1, "timestamp": 1732098656, "id": 1335922923, "changeset": null, "depot": null, "industrial": null, "landuse": "industrial", "military": null, "residential": null, "osm_type": "way", "basin": null, "construction": null, "farmyard": null, "grass": null, "port": null, "railway": null }, "geometry": { "type": "Polygon", "coordinates": [ [ [ 72.660242, 23.1584558 ], [ 72.6600328, 23.1580317 ], [ 72.6609072, 23.1577012 ], [ 72.660993, 23.158441 ], [ 72.660242, 23.1584558 ] ] ] } },
{ "type": "Feature", "properties": { "tags": { "visible": false }, "visible": null, "lon": null, "lat": null, "version": 1, "timestamp": 1732255314, "id": 1336748410, "changeset": null, "depot": null, "industrial": null, "landuse": "industrial", "military": null, "residential": null, "osm_type": "way", "basin": null, "construction": null, "farmyard": null, "grass": null, "port": null, "railway": null }, "geometry": { "type": "Polygon", "coordinates": [ [ [ 72.6203843, 23.1897077 ], [ 72.6205896, 23.189786 ], [ 72.6203737, 23.1902645 ], [ 72.6201685, 23.1901863 ], [ 72.6203843, 23.1897077 ] ] ] } },
{ "type": "Feature", "properties": { "tags": { "visible": false }, "visible": null, "lon": null, "lat": null, "version": 1, "timestamp": 1732261239, "id": 1336760648, "changeset": null, "depot": null, "industrial": null, "landuse": "industrial", "military": null, "residential": null, "osm_type": "way", "basin": null, "construction": null, "farmyard": null, "grass": null, "port": null, "railway": null }, "geometry": { "type": "Polygon", "coordinates": [ [ [ 72.6243013, 23.1823691 ], [ 72.6252161, 23.1823915 ], [ 72.6250514, 23.1828624 ], [ 72.6242952, 23.1828587 ], [ 72.6243013, 23.1823691 ] ] ] } },
{ "type": "Feature", "properties": { "tags": { "visible": false }, "visible": null, "lon": null, "lat": null, "version": 1, "timestamp": 1732270655, "id": 1336793373, "changeset": null, "depot": null, "industrial": null, "landuse": "industrial", "military": null, "residential": null, "osm_type": "way", "basin": null, "construction": null, "farmyard": null, "grass": null, "port": null, "railway": null }, "geometry": { "type": "Polygon", "coordinates": [ [ [ 72.6313203, 23.1811774 ], [ 72.6330075, 23.1813251 ], [ 72.6329444, 23.1818258 ], [ 72.6312878, 23.1816932 ], [ 72.6313203, 23.1811774 ] ] ] } },
{ "type": "Feature", "properties": { "tags": { "visible": false }, "visible": null, "lon": null, "lat": null, "version": 1, "timestamp": 1732613634, "id": 1337950138, "changeset": null, "depot": null, "industrial": null, "landuse": "industrial", "military": null, "residential": null, "osm_type": "way", "basin": null, "construction": null, "farmyard": null, "grass": null, "port": null, "railway": null }, "geometry": { "type": "Polygon", "coordinates": [ [ [ 72.636064, 23.1559298 ], [ 72.636991, 23.1556362 ], [ 72.6368154, 23.1552396 ], [ 72.637227, 23.1550502 ], [ 72.637631, 23.1559076 ], [ 72.6379031, 23.1558003 ], [ 72.6380728, 23.1561791 ], [ 72.6373087, 23.1564652 ], [ 72.6375178, 23.1568593 ], [ 72.6365908, 23.1570715 ], [ 72.636064, 23.1559298 ] ] ] } },
{ "type": "Feature", "properties": { "tags": { "visible": false }, "visible": null, "lon": null, "lat": null, "version": 1, "timestamp": 1732622024, "id": 1337975506, "changeset": null, "depot": null, "industrial": null, "landuse": "industrial", "military": null, "residential": null, "osm_type": "way", "basin": null, "construction": null, "farmyard": null, "grass": null, "port": null, "railway": null }, "geometry": { "type": "Polygon", "coordinates": [ [ [ 72.6045991, 23.1205593 ], [ 72.6066402, 23.1207591 ], [ 72.6066, 23.1209787 ], [ 72.6058972, 23.1208751 ], [ 72.6057497, 23.1217952 ], [ 72.6055673, 23.1217631 ], [ 72.6055352, 23.121995 ], [ 72.6050255, 23.1219259 ], [ 72.6051757, 23.1210527 ], [ 72.6045347, 23.1209466 ], [ 72.6045991, 23.1205593 ] ] ] } },
{ "type": "Feature", "properties": { "tags": { "visible": false, "alt_name": "Ahmedabad Airport", "bus": "yes", "name": "Ahmedabad Airport Bus Depot", "name:en": "Ahmedabad Airport Bus Depot", "note": "Prospective editors are encouraged to contact the surveyors prior to editing.", "source": "Irasus Technologies Private Limited;JBM Green Energy Systems Private Limited" }, "visible": null, "lon": null, "lat": null, "version": 1, "timestamp": 1739886920, "id": 1360909943, "changeset": null, "depot": "bus", "industrial": "bus_depot", "landuse": "industrial", "military": null, "residential": null, "osm_type": "way", "basin": null, "construction": null, "farmyard": null, "grass": null, "port": null, "railway": null }, "geometry": { "type": "Polygon", "coordinates": [ [ [ 72.6152657, 23.0708473 ], [ 72.6163025, 23.0697079 ], [ 72.6171702, 23.0704664 ], [ 72.616009, 23.0715432 ], [ 72.6152657, 23.0708473 ] ] ] } },
{ "type": "Feature", "properties": { "tags": { "visible": false, "man_made": "wastewater_plant" }, "visible": null, "lon": null, "lat": null, "version": 1, "timestamp": 1752996222, "id": 1416039862, "changeset": null, "depot": null, "industrial": null, "landuse": "industrial", "military": null, "residential": null, "osm_type": "way", "basin": null, "construction": null, "farmyard": null, "grass": null, "port": null, "railway": null }, "geometry": { "type": "Polygon", "coordinates": [ [ [ 72.621761, 23.1940364 ], [ 72.6223505, 23.1942307 ], [ 72.6229155, 23.1943908 ], [ 72.622408, 23.1956692 ], [ 72.6212838, 23.1953176 ], [ 72.621761, 23.1940364 ] ] ] } }
]
}
