tags,visible,lon,lat,version,timestamp,id,changeset,depot,industrial,landuse,military,residential,osm_type,basin,construction,farmyard,grass,port,railway
"{""visible"":false}",,,,8,1712122822,22826379,,,,residential,,,way,,,,,,
"{""visible"":false,""name"":""Sector 1""}",,,,2,1745126643,62531507,,,,residential,,,way,,,,,,
"{""visible"":false,""name"":""Sector 2""}",,,,1,1277157748,62531513,,,,residential,,,way,,,,,,
"{""visible"":false,""name"":""Sector 3""}",,,,1,1277157748,62531515,,,,residential,,,way,,,,,,
"{""visible"":false,""name"":""Sector 8""}",,,,1,1277159868,62553550,,,,residential,,,way,,,,,,
"{""visible"":false,""addr:city"":""Ahmedabad"",""addr:postcode"":""382424"",""alt_name"":""VGEC"",""amenity"":""college"",""name"":""Vishwakarma Government Engineering College, Chandkheda"",""phone"":""07923293866"",""website"":""https://vgecg.ac.in/"",""wikidata"":""Q7936043""}",,,,12,1722336544,118695847,,,,residential,,,way,,,,,,
"{""visible"":false,""name"":""Railway Colony""}",,,,3,1722339269,118696147,,,,residential,,rural,way,,,,,,
"{""visible"":false,""name"":""Adarsh Nagar""}",,,,2,1552989963,118696271,,,,residential,,,way,,,,,,
"{""visible"":false,""name"":""Adhikar Society""}",,,,2,1712913368,120327574,,,,residential,,,way,,,,,,
"{""visible"":false,""name"":""Abu Nagar""}",,,,1,1309801869,120327575,,,,residential,,,way,,,,,,
"{""visible"":false,""name"":""Pushkar-I Apartments""}",,,,1,1324885438,142748769,,,,residential,,,way,,,,,,
"{""visible"":false,""name"":""Kendriya Vihar, Bopal""}",,,,1,1341760604,170607714,,,,residential,,,way,,,,,,
"{""visible"":false,""name"":""Urjanagar-1 Society""}",,,,4,1731404954,239876591,,,,residential,,gated,way,,,,,,
"{""visible"":false,""name"":""Shivam Appartments""}",,,,5,1721658935,239945749,,,,residential,,rural,way,,,,,,
"{""visible"":false,""addr:city"":""Ahmedabad"",""addr:housenumber"":""Vastrapur Lake"",""addr:postcode"":""380054"",""addr:street"":""Sargam Marg"",""building:levels"":""4"",""name"":""Raviniketan Appartments""}",,,,4,1646243831,255198262,,,,residential,,,way,,,,,,
"{""visible"":false,""name"":""Chinmay Crystal Towers""}",,,,3,1427194246,257623239,,,,residential,,,way,,,,,,
"{""visible"":false,""name"":""Rajdhani Bungalows""}",,,,1,1407826594,297317215,,,,residential,,,way,,,,,,
"{""visible"":false,""addr:city"":""Ahmedabad"",""addr:postcode"":""380059"",""addr:street"":""Hebatpur Road"",""name"":""La Habitat"",""website"":""https://pacificacompanies.co.in/residential_property_ahmedabad/la-habitat/""}",,,,3,1693807048,316004496,,,,residential,,,way,,,,,,
"{""visible"":false}",,,,1,1418170940,316612703,,,,residential,,,way,,,,,,
"{""visible"":false}",,,,3,1731468785,317476867,,,,residential,,,way,,,,,,
"{""visible"":false}",,,,1,1418714505,317477558,,,,residential,,,way,,,,,,
"{""visible"":false}",,,,2,1718975027,317511055,,,,residential,,,way,,,,,,
"{""visible"":false,""name"":""Jain Society""}",,,,1,1418732974,317511131,,,,residential,,,way,,,,,,
"{""visible"":false,""name"":""Jain Society""}",,,,2,1721222237,317511358,,,,residential,,,way,,,,,,
"{""visible"":false,""name"":""CG Road Society""}",,,,3,1731468700,317667686,,,,residential,,,way,,,,,,
"{""visible"":false,""addr:city"":""Ahmedabad"",""addr:street"":""Relief Road""}",,,,3,1722415973,318359722,,,,residential,,urban,way,,,,,,
"{""visible"":false,""addr:city"":""Ahmedabad"",""addr:street"":""Relief Road""}",,,,2,1722415973,318359725,,,,residential,,urban,way,,,,,,
"{""visible"":false,""addr:postcode"":""380026"",""addr:state"":""Gujarat"",""name"":""Amraiwadi""}",,,,6,1748677797,318501826,,,,residential,,urban,way,,,,,,
"{""visible"":false}",,,,2,1722257481,318677969,,,,residential,,rural,way,,,,,,
"{""visible"":false,""name"":""Sarabhai Estate""}",,,,4,1722324482,322218325,,,,residential,,rural,way,,,,,,
"{""visible"":false}",,,,2,1722324482,322218326,,,,residential,,rural,way,,,,,,
"{""visible"":false}",,,,2,1722324482,322227196,,,,residential,,rural,way,,,,,,
"{""visible"":false}",,,,4,1735817626,322227198,,,,residential,,urban,way,,,,,,
"{""visible"":false,""addr:city"":""Ahmedabad"",""addr:street"":""Manek Baug Road"",""name"":""Prathna Vihar Society""}",,,,2,1721912550,323031492,,,,residential,,rural,way,,,,,,
"{""visible"":false,""name"":""Mithila Society""}",,,,2,1721912550,323032124,,,,residential,,rural,way,,,,,,
"{""visible"":false,""addr:street"":""100 Ft. Road""}",,,,2,1721912550,323032128,,,,residential,,rural,way,,,,,,
"{""visible"":false}",,,,2,1721912550,323032129,,,,residential,,rural,way,,,,,,
"{""visible"":false,""name"":""Indraprasth Bungalows and Apartments""}",,,,4,1731468724,323037188,,,,residential,,rural,way,,,,,,
"{""visible"":false}",,,,5,1731468724,323206889,,,,residential,,rural,way,,,,,,
"{""visible"":false}",,,,1,1421756185,323234325,,,,residential,,,way,,,,,,
"{""visible"":false}",,,,1,1421760712,323245614,,,,residential,,,way,,,,,,
"{""visible"":false}",,,,2,1722324482,323245615,,,,residential,,rural,way,,,,,,
"{""visible"":false}",,,,4,1722324482,323245616,,,,residential,,rural,way,,,,,,
"{""visible"":false}",,,,3,1723026036,323431994,,,,residential,,rural,way,,,,,,
"{""visible"":false}",,,,1,1421839950,323432223,,,,residential,,,way,,,,,,
"{""visible"":false,""name"":""Goyal Intercity""}",,,,2,1722861735,323433737,,,,residential,,urban,way,,,,,,
"{""visible"":false}",,,,3,1722951287,323443296,,,,residential,,rural,way,,,,,,
"{""visible"":false}",,,,2,1441353088,323443469,,,,residential,,,way,,,,,,
"{""visible"":false}",,,,2,1719309628,324735706,,,,residential,,irregular_settlement,way,,,,,,
"{""visible"":false}",,,,2,1721981216,324735961,,,,residential,,rural,way,,,,,,
"{""visible"":false}",,,,2,1722324482,324736022,,,,residential,,rural,way,,,,,,
"{""visible"":false}",,,,4,1722324482,324736481,,,,residential,,rural,way,,,,,,
"{""visible"":false,""name"":""New Bhrahmakshatriya Society""}",,,,4,1491132572,324985547,,,,residential,,,way,,,,,,
"{""visible"":false}",,,,3,1721222237,325003222,,,,residential,,,way,,,,,,
"{""visible"":false,""name"":""Indroda"",""place"":""suburb""}",,,,4,1733059650,325162795,,,,residential,,rural,way,,,,,,
"{""visible"":false}",,,,3,1731468774,326202091,,,,residential,,,way,,,,,,
"{""visible"":false}",,,,3,1722588405,326486986,,,,residential,,irregular_settlement,way,,,,,,
"{""visible"":false}",,,,3,1722516534,326490267,,,,residential,,rural,way,,,,,,
"{""visible"":false,""name"":""RAMA PIR NO TEKRO""}",,,,5,1722324482,326490919,,,,residential,,rural,way,,,,,,
"{""visible"":false}",,,,1,1423121316,326490923,,,,residential,,,way,,,,,,
"{""visible"":false}",,,,3,1722324482,326491024,,,,residential,,rural,way,,,,,,
"{""visible"":false}",,,,2,1722324482,326491303,,,,residential,,rural,way,,,,,,
"{""visible"":false}",,,,2,1722415906,326491656,,,,residential,,rural,way,,,,,,
"{""visible"":false,""name"":""Bopal 444""}",,,,1,1423123704,326493623,,,,residential,,,way,,,,,,
"{""visible"":false}",,,,3,1439899425,326493807,,,,residential,,,way,,,,,,
"{""visible"":false}",,,,1,1423124257,326494081,,,,residential,,,way,,,,,,
"{""visible"":false,""name"":""Railway Colony""}",,,,1,1423221532,326731570,,,,residential,,,way,,,,,,
"{""visible"":false}",,,,2,1709557643,326732744,,,,residential,,,way,,,,,,
"{""visible"":false}",,,,1,1423222481,326732745,,,,residential,,,way,,,,,,
"{""visible"":false}",,,,1,1423463994,327198753,,,,residential,,,way,,,,,,
"{""visible"":false,""name"":""Gujarat Circuit House""}",,,,1,1423466409,327200897,,,,residential,,,way,,,,,,
"{""visible"":false}",,,,1,1423468514,327203956,,,,residential,,,way,,,,,,
"{""visible"":false}",,,,2,1722324482,327204134,,,,residential,,rural,way,,,,,,
"{""visible"":false}",,,,1,1423469120,327204349,,,,residential,,,way,,,,,,
"{""visible"":false}",,,,3,1722588405,327564358,,,,residential,,irregular_settlement,way,,,,,,
"{""visible"":false}",,,,4,1723125099,327564521,,,,residential,,urban,way,,,,,,
"{""visible"":false}",,,,2,1722940050,327564546,,,,residential,,irregular_settlement,way,,,,,,
"{""visible"":false}",,,,2,1721912550,327565354,,,,residential,,rural,way,,,,,,
"{""visible"":false}",,,,2,1721912550,327565721,,,,residential,,rural,way,,,,,,
"{""visible"":false}",,,,2,1718975027,327565935,,,,residential,,,way,,,,,,
"{""visible"":false}",,,,3,1720012173,327566190,,,,residential,,,way,,,,,,
"{""visible"":false}",,,,1,1423654189,327566304,,,,residential,,,way,,,,,,
"{""visible"":false}",,,,1,1423656724,327569223,,,,residential,,,way,,,,,,
"{""visible"":false}",,,,1,1423656909,327569359,,,,residential,,,way,,,,,,
"{""visible"":false}",,,,5,1749859979,328549191,,,,residential,,,way,,,,,,
"{""visible"":false}",,,,3,1722424221,328552087,,,,residential,,rural,way,,,,,,
"{""visible"":false}",,,,1,1424090046,328553454,,,,residential,,,way,,,,,,
"{""visible"":false,""name"":""Tulip Citadel Towers""}",,,,4,1731468742,328729111,,,,residential,,rural,way,,,,,,
"{""visible"":false}",,,,4,1731468755,328729458,,,,residential,,irregular_settlement,way,,,,,,
"{""visible"":false}",,,,5,1731468747,328729562,,,,residential,,,way,,,,,,
"{""visible"":false}",,,,2,1721912550,328729839,,,,residential,,irregular_settlement,way,,,,,,
"{""visible"":false}",,,,4,1731468695,328730053,,,,residential,,irregular_settlement,way,,,,,,
"{""visible"":false}",,,,2,1721823450,328730102,,,,residential,,rural,way,,,,,,
"{""visible"":false}",,,,3,1731468767,328730374,,,,residential,,,way,,,,,,
"{""visible"":false}",,,,2,1722331196,328733675,,,,residential,,urban,way,,,,,,
"{""visible"":false}",,,,1,1424171061,328735336,,,,residential,,,way,,,,,,
"{""visible"":false}",,,,1,1424171084,328735365,,,,residential,,,way,,,,,,
"{""visible"":false}",,,,3,1722331196,328736698,,,,residential,,urban,way,,,,,,
"{""visible"":false}",,,,1,1424172926,328739033,,,,residential,,,way,,,,,,
"{""visible"":false}",,,,2,1722415973,328749949,,,,residential,,urban,way,,,,,,
"{""visible"":false}",,,,1,1424177231,328749960,,,,residential,,,way,,,,,,
"{""visible"":false}",,,,4,1723126113,328750004,,,,residential,,urban,way,,,,,,
"{""visible"":false}",,,,2,1722415973,328751658,,,,residential,,urban,way,,,,,,
"{""visible"":false}",,,,1,1424177511,328752746,,,,residential,,,way,,,,,,
"{""visible"":false}",,,,3,1722588405,328753790,,,,residential,,irregular_settlement,way,,,,,,
"{""visible"":false}",,,,3,1723126113,328755363,,,,residential,,urban,way,,,,,,
"{""visible"":false}",,,,3,1722588405,328756157,,,,residential,,irregular_settlement,way,,,,,,
"{""visible"":false}",,,,5,1723126113,328909190,,,,residential,,urban,way,,,,,,
"{""visible"":false}",,,,2,1712818088,329849018,,,,residential,,,way,,,,,,
"{""visible"":false}",,,,3,1722324482,329849253,,,,residential,,rural,way,,,,,,
"{""visible"":false}",,,,3,1722324482,329849287,,,,residential,,rural,way,,,,,,
"{""visible"":false}",,,,4,1722324482,329849386,,,,residential,,rural,way,,,,,,
"{""visible"":false}",,,,2,1722328927,329852553,,,,residential,,rural,way,,,,,,
"{""visible"":false}",,,,3,1722328927,329852763,,,,residential,,rural,way,,,,,,
"{""visible"":false}",,,,1,1424694881,329853295,,,,residential,,,way,,,,,,
"{""visible"":false}",,,,2,1722324482,329853386,,,,residential,,rural,way,,,,,,
"{""visible"":false}",,,,2,1723209929,330922768,,,,residential,,urban,way,,,,,,
"{""visible"":false}",,,,3,1723125099,330922809,,,,residential,,urban,way,,,,,,
"{""visible"":false,""name"":""Raipur - Khadiya""}",,,,3,1722415973,330923421,,,,residential,,urban,way,,,,,,
"{""visible"":false}",,,,2,1722415973,330923852,,,,residential,,urban,way,,,,,,
"{""visible"":false}",,,,4,1723126113,330923853,,,,residential,,urban,way,,,,,,
"{""visible"":false}",,,,4,1731468742,330925430,,,,residential,,rural,way,,,,,,
"{""visible"":false}",,,,2,1698216124,330925431,,,,residential,,,way,,,,,,
"{""visible"":false}",,,,4,1731468731,330925993,,,,residential,,rural,way,,,,,,
"{""visible"":false}",,,,5,1731468758,330926314,,,,residential,,rural,way,,,,,,
"{""visible"":false}",,,,3,1721912550,330926401,,,,residential,,irregular_settlement,way,,,,,,
"{""visible"":false}",,,,8,1731468767,330926584,,,,residential,,rural,way,,,,,,
"{""visible"":false}",,,,8,1773484607,330927114,,,,residential,,rural,way,,,,,,
"{""visible"":false}",,,,1,1425308808,330930976,,,,residential,,,way,,,,,,
"{""visible"":false}",,,,1,1425308866,330931057,,,,residential,,,way,,,,,,
"{""visible"":false}",,,,3,1722415973,330931415,,,,residential,,urban,way,,,,,,
"{""visible"":false}",,,,2,1505900318,330931457,,,,residential,,,way,,,,,,
"{""visible"":false}",,,,1,1425728511,331654812,,,,residential,,,way,,,,,,
"{""visible"":false}",,,,3,1723459550,332128318,,,,residential,,urban,way,,,,,,
"{""visible"":false}",,,,2,1722415973,332254109,,,,residential,,urban,way,,,,,,
"{""visible"":false}",,,,4,1722415973,332254378,,,,residential,,urban,way,,,,,,
"{""visible"":false}",,,,2,1723125099,332254444,,,,residential,,urban,way,,,,,,
"{""visible"":false}",,,,4,1723125099,332254590,,,,residential,,urban,way,,,,,,
"{""visible"":false}",,,,2,1722415973,332254735,,,,residential,,urban,way,,,,,,
"{""visible"":false}",,,,1,1426077195,332256892,,,,residential,,,way,,,,,,
"{""visible"":false}",,,,3,1722415973,332257202,,,,residential,,urban,way,,,,,,
"{""visible"":false}",,,,2,1723125099,332257968,,,,residential,,rural,way,,,,,,
"{""visible"":false}",,,,3,1723191786,332258096,,,,residential,,rural,way,,,,,,
"{""visible"":false}",,,,2,1722415973,332258531,,,,residential,,urban,way,,,,,,
"{""visible"":false}",,,,2,1723209929,332260178,,,,residential,,urban,way,,,,,,
"{""visible"":false}",,,,4,1723125099,332260936,,,,residential,,urban,way,,,,,,
"{""visible"":false}",,,,4,1723125099,332261838,,,,residential,,urban,way,,,,,,
"{""visible"":false}",,,,2,1723125099,332261840,,,,residential,,urban,way,,,,,,
"{""visible"":false}",,,,3,1723209929,332262271,,,,residential,,urban,way,,,,,,
"{""visible"":false}",,,,5,1723285716,333812634,,,,residential,,irregular_settlement,way,,,,,,
"{""visible"":false}",,,,3,1722516505,333813481,,,,residential,,urban,way,,,,,,
"{""visible"":false}",,,,2,1723125099,333813695,,,,residential,,,way,,,,,,
"{""visible"":false}",,,,5,1723125099,333814180,,,,residential,,urban,way,,,,,,
"{""visible"":false}",,,,4,1723038104,333815232,,,,residential,,urban,way,,,,,,
"{""visible"":false}",,,,3,1722588405,333816594,,,,residential,,irregular_settlement,way,,,,,,
"{""visible"":false}",,,,6,1723125099,333817543,,,,residential,,urban,way,,,,,,
"{""visible"":false}",,,,3,1723038104,333819063,,,,residential,,rural,way,,,,,,
"{""visible"":false}",,,,4,1723038104,333820429,,,,residential,,irregular_settlement,way,,,,,,
"{""visible"":false}",,,,2,1723125099,333821707,,,,residential,,urban,way,,,,,,
"{""visible"":false}",,,,2,1722516534,333823237,,,,residential,,rural,way,,,,,,
"{""visible"":false}",,,,2,1722516534,333823238,,,,residential,,rural,way,,,,,,
"{""visible"":false}",,,,2,1722516534,333823666,,,,residential,,rural,way,,,,,,
"{""visible"":false}",,,,5,1737331654,333824117,,,,residential,,urban,way,,,,,,
"{""visible"":false}",,,,2,1722516534,333824128,,,,residential,,rural,way,,,,,,
"{""visible"":false}",,,,2,1722516534,333824136,,,,residential,,rural,way,,,,,,
"{""visible"":false}",,,,4,1723552772,333824148,,,,residential,,rural,way,,,,,,
"{""visible"":false}",,,,2,1723552772,333824667,,,,residential,,rural,way,,,,,,
"{""visible"":false}",,,,2,1723552772,333824841,,,,residential,,urban,way,,,,,,
"{""visible"":false}",,,,2,1722516534,333826287,,,,residential,,rural,way,,,,,,
"{""visible"":false}",,,,2,1441874525,333831077,,,,residential,,,way,,,,,,
"{""visible"":false}",,,,3,1722324482,333831078,,,,residential,,rural,way,,,,,,
"{""visible"":false,""name"":""Shyam Sunder Row Houses""}",,,,2,1722260960,334470479,,,,residential,,,way,,,,,,
"{""visible"":false}",,,,4,1722415973,334982723,,,,residential,,urban,way,,,,,,
"{""visible"":false}",,,,4,1723125099,334986334,,,,residential,,urban,way,,,,,,
"{""visible"":false}",,,,3,1723203837,334986998,,,,residential,,urban,way,,,,,,
"{""visible"":false}",,,,4,1723191786,334987274,,,,residential,,urban,way,,,,,,
"{""visible"":false}",,,,1,1427448498,334990802,,,,residential,,,way,,,,,,
"{""visible"":false}",,,,3,1722588405,334992248,,,,residential,,irregular_settlement,way,,,,,,
"{""visible"":false}",,,,3,1721912550,334994610,,,,residential,,rural,way,,,,,,
"{""visible"":false}",,,,6,1731468770,334995864,,,,residential,,rural,way,,,,,,
"{""visible"":false}",,,,3,1731468698,334995865,,,,residential,,,way,,,,,,
"{""visible"":false}",,,,2,1721912550,334995866,,,,residential,,rural,way,,,,,,
"{""visible"":false}",,,,3,1731468729,334995980,,,,residential,,,way,,,,,,
"{""visible"":false}",,,,3,1731468755,334996110,,,,residential,,,way,,,,,,
"{""visible"":false}",,,,3,1731468726,334996111,,,,residential,,,way,,,,,,
"{""visible"":false}",,,,3,1731468742,334996112,,,,residential,,,way,,,,,,
"{""visible"":false}",,,,3,1731468734,334996113,,,,residential,,,way,,,,,,
"{""visible"":false}",,,,4,1731468678,334996711,,,,residential,,,way,,,,,,
"{""visible"":false}",,,,10,1731468790,334996712,,,,residential,,,way,,,,,,
"{""visible"":false}",,,,3,1731468742,335009648,,,,residential,,,way,,,,,,
"{""visible"":false}",,,,4,1731468734,335568443,,,,residential,,,way,,,,,,
"{""visible"":false}",,,,3,1731468747,335569908,,,,residential,,,way,,,,,,
"{""visible"":false}",,,,1,1427721088,335569910,,,,residential,,,way,,,,,,
"{""visible"":false}",,,,4,1731468692,335570006,,,,residential,,,way,,,,,,
"{""visible"":false}",,,,4,1722588405,335570125,,,,residential,,irregular_settlement,way,,,,,,
"{""visible"":false}",,,,2,1722516534,335570126,,,,residential,,rural,way,,,,,,
"{""visible"":false}",,,,2,1722516534,335570127,,,,residential,,urban,way,,,,,,
"{""visible"":false}",,,,3,1731468742,335736163,,,,residential,,,way,,,,,,
"{""visible"":false}",,,,4,1731468713,335736512,,,,residential,,rural,way,,,,,,
"{""visible"":false}",,,,3,1731468678,335736606,,,,residential,,,way,,,,,,
"{""visible"":false}",,,,2,1711441795,335736673,,,,residential,,,way,,,,,,
"{""visible"":false}",,,,1,1427802926,335736780,,,,residential,,,way,,,,,,
"{""visible"":false}",,,,2,1723449226,335744195,,,,residential,,rural,way,,,,,,
"{""visible"":false}",,,,2,1723449226,335744203,,,,residential,,urban,way,,,,,,
"{""visible"":false}",,,,2,1722854631,335744335,,,,residential,,rural,way,,,,,,
"{""visible"":false}",,,,11,1723122597,335746101,,,,residential,,rural,way,,,,,,
"{""visible"":false}",,,,2,1721655662,335747416,,,,residential,,rural,way,,,,,,
"{""visible"":false}",,,,2,1721912550,336330064,,,,residential,,rural,way,,,,,,
"{""visible"":false,""name"":""Juhapura""}",,,,3,1721912550,336332300,,,,residential,,rural,way,,,,,,
"{""visible"":false}",,,,4,1731468734,336335581,,,,residential,,,way,,,,,,
"{""visible"":false}",,,,7,1731468713,336336560,,,,residential,,rural,way,,,,,,
"{""visible"":false}",,,,3,1721912550,336337408,,,,residential,,rural,way,,,,,,
"{""visible"":false}",,,,5,1740293501,336338060,,,,residential,,,way,,,,,,
"{""visible"":false}",,,,4,1741109432,336338556,,,,residential,,,way,,,,,,
"{""visible"":false,""name"":""Shyamal Row Houses II""}",,,,6,1731468785,336340799,,,,residential,,,way,,,,,,
"{""visible"":false}",,,,3,1731468668,336341323,,,,residential,,,way,,,,,,
"{""visible"":false}",,,,1,1428062669,336346940,,,,residential,,,way,,,,,,
"{""visible"":false}",,,,3,1731468665,336347222,,,,residential,,,way,,,,,,
"{""visible"":false}",,,,7,1731468752,336347627,,,,residential,,,way,,,,,,
"{""visible"":false}",,,,2,1722424221,336347796,,,,residential,,rural,way,,,,,,
"{""visible"":false}",,,,2,1721912550,336351871,,,,residential,,rural,way,,,,,,
"{""visible"":false}",,,,3,1731468783,336359949,,,,residential,,,way,,,,,,
"{""visible"":false}",,,,3,1666010238,338847131,,,,residential,,,way,,,,,,
"{""visible"":false,""name"":""Dholakuva""}",,,,4,1732086523,338847132,,,,residential,,rural,way,,,,,,
"{""visible"":false}",,,,6,1731468729,338983788,,,,residential,,,way,,,,,,
"{""visible"":false}",,,,5,1731468718,338983789,,,,residential,,,way,,,,,,
"{""visible"":false}",,,,4,1731468724,338983791,,,,residential,,rural,way,,,,,,
"{""visible"":false}",,,,1,1429285136,338983792,,,,residential,,,way,,,,,,
"{""visible"":false}",,,,4,1733744075,338983793,,,,residential,,rural,way,,,,,,
"{""visible"":false}",,,,2,1475984720,338983794,,,,residential,,,way,,,,,,
"{""visible"":false}",,,,1,1429285136,338983795,,,,residential,,,way,,,,,,
"{""visible"":false}",,,,2,1721912550,338983796,,,,residential,,rural,way,,,,,,
"{""visible"":false}",,,,4,1693062296,338983797,,,,residential,,,way,,,,,,
"{""visible"":false}",,,,8,1731468736,338983799,,,,residential,,,way,,,,,,
"{""visible"":false}",,,,1,1429285137,338983800,,,,residential,,,way,,,,,,
"{""visible"":false}",,,,3,1721912550,338983801,,,,residential,,rural,way,,,,,,
"{""visible"":false}",,,,3,1731468760,338983802,,,,residential,,,way,,,,,,
"{""visible"":false}",,,,9,1723467874,338983803,,,,residential,,urban,way,,,,,,
"{""visible"":false}",,,,1,1429538437,339556193,,,,residential,,,way,,,,,,
"{""visible"":false}",,,,4,1723758615,339556750,,,,residential,,irregular_settlement,way,,,,,,
"{""visible"":false}",,,,2,1724070018,339563605,,,,residential,,rural,way,,,,,,
"{""visible"":false}",,,,4,1723711268,339563606,,,,residential,,urban,way,,,,,,
"{""visible"":false}",,,,1,1429542616,339563607,,,,residential,,,way,,,,,,
"{""visible"":false}",,,,2,1732261239,339734571,,,,residential,,rural,way,,,,,,
"{""visible"":false,""name"":""Sargasan"",""name:gu"":""\u0AB8\u0AB0\u0A97\u0ABE\u0AB8\u0AA3"",""place"":""suburb"",""postal_code"":""382421""}",,,,3,1645387319,339747755,,,,residential,,,way,,,,,,
"{""visible"":false}",,,,3,1709788437,340047969,,,,residential,,,way,,,,,,
"{""visible"":false,""name"":""Dharamnagar Society Lane-1""}",,,,2,1721658935,343143989,,,,residential,,rural,way,,,,,,
"{""visible"":false,""name"":""Sabarmati Society""}",,,,4,1721658935,343143991,,,,residential,,rural,way,,,,,,
"{""visible"":false}",,,,2,1721658935,343143993,,,,residential,,rural,way,,,,,,
"{""visible"":false,""name"":""Sabarbag Society""}",,,,2,1721658935,343143995,,,,residential,,rural,way,,,,,,
"{""visible"":false,""name"":""Rajshree Park Society""}",,,,2,1721658935,343143996,,,,residential,,rural,way,,,,,,
"{""visible"":false,""name"":""Jalsabar Society""}",,,,3,1721658935,343143997,,,,residential,,,way,,,,,,
"{""visible"":false,""name"":""Varsoda ni Chali""}",,,,4,1722339269,343146002,,,,residential,,rural,way,,,,,,
"{""visible"":false,""name"":""Dhaneshwar Society""}",,,,2,1721658935,343148383,,,,residential,,rural,way,,,,,,
"{""visible"":false}",,,,3,1573641988,343431419,,,,residential,,,way,,,,,,
"{""visible"":false}",,,,6,1731468760,344954255,,,,residential,,irregular_settlement,way,,,,,,
"{""visible"":false}",,,,4,1784276050,344954256,,,,residential,,rural,way,,,,,,
"{""visible"":false}",,,,2,1722855869,345873303,,,,residential,,irregular_settlement,way,,,,,,
"{""visible"":false}",,,,1,1432385618,347622489,,,,residential,,,way,,,,,,
"{""visible"":false}",,,,4,1734449797,367429630,,,,residential,,,way,,,,,,
"{""visible"":false}",,,,4,1731468750,367765365,,,,residential,,,way,,,,,,
"{""visible"":false,""addr:city"":""Ahmedabad"",""addr:district"":""Ahmedabad"",""addr:postcode"":""380060"",""addr:street"":""science city road"",""name"":""Harmony Harikesh""}",,,,2,1758022828,367945412,,,,residential,,apartments,way,,,,,,
"{""visible"":false,""addr:city"":""Ahmedabad"",""addr:district"":""Ahmedab ad"",""addr:housenumber"":""38/B"",""addr:postcode"":""380028"",""addr:street"":""Gangeshwar Society Road"",""alt_name"":""Homestay"",""building:levels"":""2"",""description"":""Homestay"",""image"":""https://thehomelandstay.com/wp-content/uploads/2023/11/Main-Building.webp"",""loc_name"":""Ketan Jani Office"",""name"":""The Homeland Stay"",""surface"":""concrete""}",,,,3,1745664140,369466174,,,,residential,,single_family,way,,,,,,
"{""visible"":false,""name"":""Sagar Appartment""}",,,,3,1506149804,374077287,,,,residential,,,way,,,,,,
"{""visible"":false}",,,,4,1721981216,378366293,,,,residential,,rural,way,,,,,,
"{""visible"":false}",,,,2,1456400203,398297846,,,,residential,,,way,,,,,,
"{""visible"":false}",,,,1,1456400203,399910011,,,,residential,,,way,,,,,,
"{""visible"":false}",,,,2,1732264058,400959230,,,,residential,,rural,way,,,,,,
"{""visible"":false}",,,,2,1732264058,400959231,,,,residential,,urban,way,,,,,,
"{""visible"":false}",,,,2,1732264058,400959232,,,,residential,,rural,way,,,,,,
"{""visible"":false}",,,,2,1732264058,400959233,,,,residential,,rural,way,,,,,,
"{""visible"":false}",,,,2,1732264058,400959234,,,,residential,,rural,way,,,,,,
"{""visible"":false}",,,,6,1732270655,400960921,,,,residential,,urban,way,,,,,,
"{""visible"":false}",,,,3,1732276200,400960922,,,,residential,,urban,way,,,,,,
"{""visible"":false}",,,,2,1732276200,400960923,,,,residential,,urban,way,,,,,,
"{""visible"":false}",,,,2,1732276200,400960924,,,,residential,,urban,way,,,,,,
"{""visible"":false}",,,,5,1732349456,400960925,,,,residential,,rural,way,,,,,,
"{""visible"":false}",,,,2,1732349456,400960926,,,,residential,,urban,way,,,,,,
"{""visible"":false,""name"":""Shukan Sky""}",,,,3,1732100236,401444176,,,,residential,,urban,way,,,,,,
"{""visible"":false}",,,,2,1731403489,401444306,,,,residential,,urban,way,,,,,,
"{""visible"":false}",,,,4,1732613634,401446721,,,,residential,,rural,way,,,,,,
"{""visible"":false}",,,,2,1732613634,401447924,,,,residential,,urban,way,,,,,,
"{""visible"":false,""name"":""Shree Rang Upvan""}",,,,3,1732098656,401450635,,,,residential,,rural,way,,,,,,
"{""visible"":false}",,,,3,1732261239,403531413,,,,residential,,urban,way,,,,,,
"{""visible"":false,""addr:city"":""Ahmedabad"",""addr:housenumber"":""6 th floor"",""addr:postcode"":""380015"",""addr:street"":""Service road - Sarkhej Gandhinagar Highway"",""building:levels"":""12"",""name"":""Green Acres""}",,,,4,1734449797,413841390,,,,residential,,,way,,,,,,
"{""visible"":false,""addr:postcode"":""380008"",""description"":""Maninagar Legislative Assembly"",""name"":""Harihar Society""}",,,,4,1469465733,422803570,,,,residential,,,way,,,,,,
"{""visible"":false,""addr:city"":""Maninagar"",""addr:postcode"":""380008"",""name"":""Sitabaug Society""}",,,,3,1469465734,422803930,,,,residential,,,way,,,,,,
"{""visible"":false,""description"":""Maninagar Legislative Assembly"",""name"":""Nutanshakti Nagar Society Part-II""}",,,,2,1469465733,422900886,,,,residential,,,way,,,,,,
"{""visible"":false,""description"":""Maninagar Legislative Assembly"",""name"":""Sardar Patel Society""}",,,,1,1465109290,422901876,,,,residential,,,way,,,,,,
"{""visible"":false,""name"":""Hansol""}",,,,9,1749875711,424069259,,,,residential,,,way,,,,,,
"{""visible"":false}",,,,3,1579082548,424069303,,,,residential,,,way,,,,,,
"{""visible"":false}",,,,3,1733916808,424076399,,,,residential,,,way,,,,,,
"{""visible"":false}",,,,1,1465564451,424076405,,,,residential,,,way,,,,,,
"{""visible"":false}",,,,1,1465564451,424076406,,,,residential,,,way,,,,,,
"{""visible"":false}",,,,8,1712048324,424076412,,,,residential,,,way,,,,,,
"{""visible"":false}",,,,10,1731468711,424707372,,,,residential,,,way,,,,,,
"{""visible"":false}",,,,3,1731468734,424713805,,,,residential,,,way,,,,,,
"{""visible"":false}",,,,3,1731468734,424713812,,,,residential,,,way,,,,,,
"{""visible"":false}",,,,1,1465808157,424713817,,,,residential,,,way,,,,,,
"{""visible"":false}",,,,2,1710831474,424713837,,,,residential,,,way,,,,,,
"{""visible"":false}",,,,3,1731468770,424713847,,,,residential,,,way,,,,,,
"{""visible"":false}",,,,6,1731468684,424720631,,,,residential,,,way,,,,,,
"{""visible"":false}",,,,1,1465815750,424727368,,,,residential,,,way,,,,,,
"{""visible"":false,""name"":""NewGunjan Flats""}",,,,5,1722348097,425874352,,,,residential,,urban,way,,,,,,
"{""visible"":false,""addr:city"":""Ahmedabad"",""addr:postcode"":""382481"",""addr:street"":""NEW ROAD NIRNAYNAGAR"",""building"":""residential"",""building:levels"":""1"",""name"":""Sector1""}",,,,2,1710999674,425878950,,,,residential,,,way,,,,,,
"{""visible"":false,""name"":""Hollywood Basti""}",,,,2,1722424221,447096923,,,,residential,,irregular_settlement,way,,,,,,
"{""visible"":false,""name"":""Vraj Vihar-8""}",,,,2,1711448073,451518492,,,,residential,,apartments,way,,,,,,
"{""visible"":false,""name"":""Koteshwar Village"",""place"":""suburb""}",,,,2,1732688333,451822018,,,,residential,,rural,way,,,,,,
"{""visible"":false,""addr:city"":""Ranip"",""addr:street"":""Central Jail road"",""name"":""Police Head Quaters ,Ranip""}",,,,4,1722342915,451826621,,,,residential,,,way,,,,,,
"{""visible"":false,""addr:city"":""Ahmedabad"",""addr:housenumber"":""Shantigram"",""addr:postcode"":""382421"",""name"":""Water Lily"",""wheelchair"":""yes""}",,,,3,1673846627,454856460,,,,residential,,,way,,,,,,
"{""visible"":false,""addr:city"":""Ahmedabad"",""addr:postcode"":""382421"",""addr:street"":""Shantigram"",""name"":""The Meadows"",""website"":""https://www.shantigram.com/the-meadows""}",,,,2,1551681020,454888533,,,,residential,,,way,,,,,,
"{""visible"":false,""addr:city"":""Ahmedabad"",""addr:postcode"":""382480"",""addr:street"":""Ranip"",""name"":""Riddhi Siddhi (Parinay) Society,""}",,,,5,1722349267,460267704,,,,residential,,rural,way,,,,,,
"{""visible"":false,""name"":""IndraPrastha Appartment""}",,,,2,1692652230,461843425,,,,residential,,,way,,,,,,
"{""visible"":false,""addr:city"":""Ahmedabad"",""addr:postcode"":""382480"",""name"":""AryaVilla Appartment""}",,,,3,1773292670,461843692,,,,residential,,,way,,,,,,
"{""visible"":false,""addr:city"":""Ahmedabad"",""addr:postcode"":""382480"",""addr:street"":""CHANDLODIA STATION ROAD"",""name"":""Bhavana Society""}",,,,5,1723468199,462034570,,,,residential,,rural,way,,,,,,
"{""visible"":false,""addr:city"":""Ahmedabad"",""addr:postcode"":""382480"",""addr:street"":""Nav-sarjan School Road"",""building"":""residential"",""name"":""Ami-Park Society""}",,,,3,1723468199,462034718,,,,residential,,rural,way,,,,,,
"{""visible"":false,""addr:city"":""Ahmedabad"",""addr:postcode"":""382480"",""addr:street"":""Nav-Sarjan School Road"",""name"":""Surya-Ami Appartment""}",,,,3,1723468199,462035089,,,,residential,,,way,,,,,,
"{""visible"":false,""addr:city"":""Ahmedabad"",""addr:postcode"":""382480"",""addr:street"":""Balol Nagar Road"",""name"":""Swaminarayan Avenue""}",,,,3,1722348097,462145077,,,,residential,,urban,way,,,,,,
"{""visible"":false,""name"":""Green Avenue Appartment""}",,,,1,1482920620,462299625,,,,residential,,,way,,,,,,
"{""visible"":false,""name"":""Saket Appartment""}",,,,2,1722349267,462299752,,,,residential,,urban,way,,,,,,
"{""visible"":false,""name"":""Nilkanth Mahadev""}",,,,1,1482921206,462301379,,,,residential,,,way,,,,,,
"{""visible"":false,""name"":""AMC LIG-5, Chandkheda""}",,,,1,1483095614,462739600,,,,residential,,,way,,,,,,
"{""visible"":false}",,,,20,1766117377,481529562,,,,residential,,urban,way,,,,,,
"{""visible"":false,""building"":""commercial"",""building:colour"":""beige"",""building:levels"":""3"",""building:material"":""plaster"",""roof:material"":""concrete"",""roof:shape"":""flat""}",,,,2,1721641157,487512851,,,,residential,,,way,,,,,,
"{""visible"":false,""building"":""residential"",""building:colour"":""beige"",""building:levels"":""2"",""building:material"":""plaster"",""roof:material"":""concrete"",""roof:shape"":""flat""}",,,,3,1721642333,487512852,,,,residential,,,way,,,,,,
"{""visible"":false,""building"":""residential"",""building:colour"":""beige"",""building:levels"":""2"",""building:material"":""plaster"",""roof:material"":""concrete"",""roof:shape"":""flat""}",,,,3,1721642333,487512853,,,,residential,,,way,,,,,,
"{""visible"":false,""name"":""amay apartments""}",,,,1,1494481994,492704312,,,,residential,,,way,,,,,,
"{""visible"":false,""name"":""Sanidhya Green""}",,,,5,1783787923,526959044,,,,residential,,,way,,,,,,
"{""visible"":false}",,,,1,1507637812,531442550,,,,residential,,,way,,,,,,
"{""visible"":false,""name"":""Green Park""}",,,,4,1649423237,531442551,,,,residential,,,way,,,,,,
"{""visible"":false,""name"":""Safal Vihaan""}",,,,2,1535657817,531442552,,,,residential,,,way,,,,,,
"{""visible"":false}",,,,5,1535693266,531443765,,,,residential,,,way,,,,,,
"{""visible"":false,""name"":""Gala Villa Aqua""}",,,,1,1507644761,531468258,,,,residential,,,way,,,,,,
"{""visible"":false,""name"":""The Meadows Gokuldham By Pacifica""}",,,,3,1576830062,531468542,,,,residential,,,way,,,,,,
"{""visible"":false,""name"":""KP Courtyard""}",,,,2,1535796335,531471610,,,,residential,,,way,,,,,,
"{""visible"":false,""name"":""78@Gokuldham""}",,,,3,1536387734,531471832,,,,residential,,,way,,,,,,
"{""visible"":false,""name"":""Safal Amrakunj Bunglows""}",,,,4,1536387734,531471834,,,,residential,,,way,,,,,,
"{""visible"":false,""name"":""Green County , Gokuldham""}",,,,3,1536387733,531624591,,,,residential,,,way,,,,,,
"{""visible"":false}",,,,3,1682784665,531677757,,,,residential,,,way,,,,,,
"{""visible"":false}",,,,3,1509335667,536796581,,,,residential,,,way,,,,,,
"{""visible"":false,""addr:city"":""Ahmedabad"",""addr:street"":""Tragad gam road"",""building:levels"":""14"",""name"":""Malabar county 2""}",,,,5,1734449797,541501796,,,,residential,,,way,,,,,,
"{""visible"":false}",,,,2,1721981216,541908325,,,,residential,,rural,way,,,,,,
"{""visible"":false}",,,,4,1731468790,541908326,,,,residential,,rural,way,,,,,,
"{""visible"":false}",,,,4,1731468692,541908327,,,,residential,,rural,way,,,,,,
"{""visible"":false}",,,,4,1731468692,541908328,,,,residential,,rural,way,,,,,,
"{""visible"":false}",,,,4,1731468711,541908330,,,,residential,,rural,way,,,,,,
"{""visible"":false,""name"":""Aawaass River Front""}",,,,2,1731588355,544496006,,,,residential,,urban,way,,,,,,
"{""visible"":false,""name"":""Shree Rang Oasis \u0AB6\u0ACD\u0AB0\u0AC0 \u0AB0\u0A82\u0A97 \u0A93\u0A8F\u0AB8\u0ABF\u0AB8""}",,,,1,1512379300,544496007,,,,residential,,,way,,,,,,
"{""visible"":false,""name"":""Shree Rang Aroma""}",,,,2,1711970850,544496008,,,,residential,,,way,,,,,,
"{""visible"":false}",,,,1,1512395572,544543895,,,,residential,,,way,,,,,,
"{""visible"":false}",,,,3,1709119867,544550229,,,,residential,,,way,,,,,,
"{""visible"":false,""name"":""The North Park""}",,,,2,1611992045,545635435,,,,residential,,,way,,,,,,
"{""visible"":false}",,,,2,1512821564,545646504,,,,residential,,,way,,,,,,
"{""visible"":false,""name"":""Smarana Apartment""}",,,,6,1724062970,547231308,,,,residential,,,way,,,,,,
"{""visible"":false,""name"":""Venus Parkland""}",,,,1,1513430503,547235577,,,,residential,,,way,,,,,,
"{""visible"":false,""name"":""Ratnasagar Part-2""}",,,,1,1513578528,547576304,,,,residential,,,way,,,,,,
"{""visible"":false,""name"":""Gujarat State Judicial Academy""}",,,,1,1513578528,547576305,,,,residential,,,way,,,,,,
"{""visible"":false,""name"":""Sparsh Residency""}",,,,1,1513590652,547618486,,,,residential,,,way,,,,,,
"{""visible"":false,""name"":""Crystal Bungalows""}",,,,1,1513590652,547618487,,,,residential,,,way,,,,,,
"{""visible"":false,""name"":""Keshav Bungalows""}",,,,1,1513590652,547618488,,,,residential,,,way,,,,,,
"{""visible"":false,""name"":""Coral Bungalows""}",,,,1,1513590652,547618489,,,,residential,,,way,,,,,,
"{""visible"":false,""name"":""Prince Residency""}",,,,1,1513591304,547622939,,,,residential,,,way,,,,,,
"{""visible"":false}",,,,1,1513591304,547622941,,,,residential,,,way,,,,,,
"{""visible"":false,""name"":""Kailash Kunj""}",,,,1,1513591304,547622945,,,,residential,,,way,,,,,,
"{""visible"":false,""name"":""Sentossa Greenland""}",,,,1,1514210002,548985399,,,,residential,,,way,,,,,,
"{""visible"":false}",,,,1,1514210205,548985809,,,,residential,,,way,,,,,,
"{""visible"":false}",,,,1,1515079594,550891923,,,,residential,,,way,,,,,,
"{""visible"":false}",,,,2,1723123729,550895302,,,,residential,,,way,,,,,,
"{""visible"":false}",,,,1,1515080376,550895303,,,,residential,,,way,,,,,,
"{""visible"":false}",,,,1,1515080376,550895304,,,,residential,,,way,,,,,,
"{""visible"":false}",,,,3,1723108615,550895305,,,,residential,,rural,way,,,,,,
"{""visible"":false}",,,,2,1730541690,551631344,,,,residential,,rural,way,,,,,,
"{""visible"":false,""name"":""Shree Rang Earth & Heaven""}",,,,2,1730541690,551631345,,,,residential,,rural,way,,,,,,
"{""visible"":false,""name"":""Shree Rang Pineapple""}",,,,2,1730541690,551631346,,,,residential,,rural,way,,,,,,
"{""visible"":false,""name"":""Saamarth Heaven III""}",,,,2,1730541690,551631347,,,,residential,,rural,way,,,,,,
"{""visible"":false,""name"":""SWA Bungalows""}",,,,2,1730541690,551631348,,,,residential,,rural,way,,,,,,
"{""visible"":false}",,,,2,1730544114,551631353,,,,residential,,,way,,,,,,
"{""visible"":false,""name"":""Shikhar Bunglows""}",,,,3,1732371133,551640841,,,,residential,,rural,way,,,,,,
"{""visible"":false}",,,,1,1515415871,551654826,,,,residential,,,way,,,,,,
"{""visible"":false,""name"":""Narayan Avenue""}",,,,2,1612349057,551655654,,,,residential,,,way,,,,,,
"{""visible"":false}",,,,1,1515416144,551655655,,,,residential,,,way,,,,,,
"{""visible"":false}",,,,1,1515416144,551655656,,,,residential,,,way,,,,,,
"{""visible"":false}",,,,1,1515416144,551655657,,,,residential,,,way,,,,,,
"{""visible"":false,""name"":""Anurag Bungalows""}",,,,2,1612348662,551655658,,,,residential,,,way,,,,,,
"{""visible"":false}",,,,3,1612348662,551655659,,,,residential,,,way,,,,,,
"{""visible"":false}",,,,1,1515416929,551658514,,,,residential,,,way,,,,,,
"{""visible"":false}",,,,2,1732371133,551658515,,,,residential,,rural,way,,,,,,
"{""visible"":false}",,,,1,1515416929,551658516,,,,residential,,,way,,,,,,
"{""visible"":false}",,,,1,1515416929,551658517,,,,residential,,,way,,,,,,
"{""visible"":false}",,,,2,1554724625,551658518,,,,residential,,,way,,,,,,
"{""visible"":false,""name"":""Shree Balaji Agora Residency""}",,,,2,1730812765,551912361,,,,residential,,rural,way,,,,,,
"{""visible"":false,""name"":""Parshwanath Atlantis Park""}",,,,2,1730812765,551912362,,,,residential,,rural,way,,,,,,
"{""visible"":false,""name"":""Parshwanath Divine""}",,,,1,1515503335,551912363,,,,residential,,,way,,,,,,
"{""visible"":false}",,,,3,1743781815,553247960,,,,residential,,rural,way,,,,,,
"{""visible"":false,""addr:city"":""Gandhinagar"",""addr:postcode"":""382421"",""addr:street"":""Kudasan area, Urjanagar 1"",""ele"":""3"",""name"":""Krushnakunj complex""}",,,,2,1732264058,554794122,,,,residential,,urban,way,,,,,,
"{""visible"":false,""name"":""Sector 4""}",,,,3,1659027467,581765501,,,,residential,,gated,way,,,,,,
"{""visible"":false,""name"":""Sector 3C""}",,,,3,1637266436,583406409,,,,residential,,gated,way,,,,,,
"{""visible"":false,""name"":""Sector 3B""}",,,,3,1637266436,583406410,,,,residential,,gated,way,,,,,,
"{""visible"":false,""name"":""Sector 1A""}",,,,6,1637269846,583602815,,,,residential,,gated,way,,,,,,
"{""visible"":false,""name"":""Sector 1B""}",,,,2,1637266436,583602817,,,,residential,,gated,way,,,,,,
"{""visible"":false,""name"":""Sector 1C""}",,,,2,1637266436,583602818,,,,residential,,gated,way,,,,,,
"{""visible"":false,""name"":""Sector 1D""}",,,,3,1658952555,583602819,,,,residential,,gated,way,,,,,,
"{""visible"":false}",,,,2,1722342915,584919677,,,,residential,,rural,way,,,,,,
"{""visible"":false,""addr:street"":""Ananddham Society""}",,,,2,1722348097,586898704,,,,residential,,rural,way,,,,,,
"{""visible"":false,""addr:city"":""Ahmedabad"",""addr:postcode"":""380061"",""addr:street"":""Ghatlodia"",""name"":""Umed Park Society""}",,,,1,1526055217,587522696,,,,residential,,,way,,,,,,
"{""visible"":false}",,,,2,1722412124,588725398,,,,residential,,rural,way,,,,,,
"{""visible"":false,""name"":""Nijanand Society""}",,,,2,1743676625,616132409,,,,residential,,,way,,,,,,
"{""visible"":false,""name"":""KP Villas""}",,,,4,1709614570,621294303,,,,residential,,,way,,,,,,
"{""visible"":false,""name"":""Riviera Greens""}",,,,4,1709614402,621382648,,,,residential,,,way,,,,,,
"{""visible"":false}",,,,2,1535796336,621387696,,,,residential,,,way,,,,,,
"{""visible"":false}",,,,2,1536387733,621387697,,,,residential,,,way,,,,,,
"{""visible"":false}",,,,3,1649423237,621387698,,,,residential,,,way,,,,,,
"{""visible"":false,""name"":""Gokuldham""}",,,,11,1709614402,621389516,,,,residential,,,way,,,,,,
"{""visible"":false,""name"":""Surel Apartment""}",,,,2,1710224800,649553548,,,,residential,,,way,,,,,,
"{""visible"":false}",,,,1,1549360281,668423634,,,,residential,,,way,,,,,,
"{""visible"":false}",,,,1,1549361034,668425058,,,,residential,,,way,,,,,,
"{""visible"":false}",,,,1,1549361034,668425061,,,,residential,,,way,,,,,,
"{""visible"":false}",,,,1,1549361611,668426257,,,,residential,,,way,,,,,,
"{""visible"":false}",,,,1,1549361611,668426259,,,,residential,,,way,,,,,,
"{""visible"":false}",,,,1,1549361611,668426260,,,,residential,,,way,,,,,,
"{""visible"":false}",,,,2,1723552772,670402275,,,,residential,,rural,way,,,,,,
"{""visible"":false}",,,,3,1723758615,670402276,,,,residential,,irregular_settlement,way,,,,,,
"{""visible"":false}",,,,2,1722516534,670402277,,,,residential,,rural,way,,,,,,
"{""visible"":false}",,,,2,1723552772,670403599,,,,residential,,rural,way,,,,,,
"{""visible"":false}",,,,6,1773383058,670403600,,,,residential,,rural,way,,,,,,
"{""visible"":false}",,,,2,1722516534,670403890,,,,residential,,rural,way,,,,,,
"{""visible"":false}",,,,2,1722516534,670406786,,,,residential,,urban,way,,,,,,
"{""visible"":false}",,,,1,1551431414,673829870,,,,residential,,,way,,,,,,
"{""visible"":false,""name"":""Lad Society""}",,,,2,1723462759,674051094,,,,residential,,rural,way,,,,,,
"{""visible"":false,""name"":""Kanam Residency 1""}",,,,4,1732270655,692144297,,,,residential,,urban,way,,,,,,
"{""visible"":false,""name"":""Shree Range Entire Society""}",,,,7,1731062854,693880238,,,,residential,,urban,way,,,,,,
"{""visible"":false,""name"":""Jainam Bunglows""}",,,,2,1731062854,693886085,,,,residential,,urban,way,,,,,,
"{""visible"":false,""name"":""Swarnim Bunglows""}",,,,3,1731062854,693886086,,,,residential,,rural,way,,,,,,
"{""visible"":false,""name"":""GUDA Apartment""}",,,,2,1731314388,693886088,,,,residential,,urban,way,,,,,,
"{""visible"":false,""name"":""Swagat Afford""}",,,,5,1732255314,693901596,,,,residential,,urban,way,,,,,,
"{""visible"":false,""addr:city"":""Kudasan"",""addr:street"":""Reliance Cross Road"",""name"":""Kanam Residecy 2""}",,,,4,1732270655,693906120,,,,residential,,urban,way,,,,,,
"{""visible"":false,""addr:city"":""Raysan"",""addr:postcode"":""382421"",""building:levels"":""3"",""name"":""Vrundavan Bunglows""}",,,,2,1731062854,694241016,,,,residential,,rural,way,,,,,,
"{""visible"":false,""name"":""GUDA Apartment""}",,,,2,1731062854,694478093,,,,residential,,urban,way,,,,,,
"{""visible"":false,""name"":""Shakti Society""}",,,,3,1773655366,730859584,,,,residential,,urban,way,,,,,,
"{""visible"":false}",,,,6,1698060721,730859586,,,,residential,,,way,,,,,,
"{""visible"":false,""name"":""Gitanjali Society"",""name:gu"":""\u0A97\u0AC0\u0AA4\u0ABE\u0A82\u0A9C\u0AB2\u0ABF \u0AB8\u0ACB\u0AB8\u0ABE\u0A88\u0A9F\u0AC0"",""name:hi"":""\u0917\u0940\u0924\u093E\u0902\u091C\u0932\u093F \u0938\u094B\u0938\u093E\u0907\u091F\u0940""}",,,,1,1571514781,736870314,,,,residential,,,way,,,,,,
"{""visible"":false,""name"":""Raysan""}",,,,2,1612170768,761459674,,,,residential,,rural,way,,,,,,
"{""visible"":false,""name"":""Radesan""}",,,,1,1578398887,761459675,,,,residential,,rural,way,,,,,,
"{""visible"":false,""alt_name"":""Gandhi Ashram"",""name"":""Sabarmati Ashram"",""name:en"":""Sabarmati Ashram"",""tourism"":""attraction"",""wikidata"":""Q1410702"",""wikimedia_commons"":""Category:Sabarmati Ashram"",""wikipedia"":""en:Sabarmati Ashram""}",,,,4,1746945432,776683602,,,,residential,,cottage,way,,,,,,
"{""visible"":false,""addr:city"":""Ahmedabad"",""addr:housenumber"":""A"",""addr:postcode"":""380015"",""addr:street"":""Apang Manav Mandal Road"",""name"":""Shivani Apartment"",""operator"":""Shivani Apartment""}",,,,2,1587538010,794652902,,,,residential,,apartments,way,,,,,,
"{""visible"":false,""addr:city"":""AHMEDABAD"",""addr:housenumber"":""I"",""addr:postcode"":""380015"",""addr:street"":""Shivani Apartment"",""name"":""Shivani Apartment"",""operator"":""Shivani Apartment""}",,,,1,1587538010,794655461,,,,residential,,apartments,way,,,,,,
"{""visible"":false,""addr:city"":""Ahmedabad"",""addr:postcode"":""380015"",""addr:street"":""Apang Manav Mandal Road"",""layer"":""-1"",""name"":""Shivani Apartment"",""place"":""plot""}",,,,1,1587538517,794658976,,,,residential,,,way,,,,,,
"{""visible"":false,""addr:city"":""Gandhinagar"",""addr:housenumber"":""Suyash Status"",""addr:postcode"":""382007"",""addr:street"":""Randesan Road"",""building:levels"":""5"",""name"":""Suyash Status""}",,,,3,1731408457,798332274,,,,residential,,urban,way,,,,,,
"{""visible"":false,""addr:city"":""Gandhinagar"",""addr:housenumber"":""BAPS Swaminarayan Vidyamandir Raysan"",""addr:postcode"":""382007"",""addr:street"":""Randesan Road"",""name"":""BAPS Swaminarayan Vidyamandir Raysan"",""office"":""educational_institution"",""opening_hours:covid19"":""off""}",,,,3,1731404954,798335668,,,,residential,,urban,way,,,,,,
"{""visible"":false,""building"":""apartments"",""building:colour"":""white"",""building:levels"":""3"",""building:material"":""plaster"",""roof:colour"":""lightgrey"",""roof:material"":""tar_paper"",""roof:shape"":""flat""}",,,,2,1718020453,844263035,,,,residential,,apartments,way,,,,,,
"{""visible"":false,""name"":""Sector 3A""}",,,,2,1637266436,875814172,,,,residential,,gated,way,,,,,,
"{""visible"":false}",,,,1,1606840341,879848905,,,,residential,,,way,,,,,,
"{""visible"":false}",,,,1,1606840341,879848907,,,,residential,,,way,,,,,,
"{""visible"":false}",,,,1,1606840341,879848908,,,,residential,,,way,,,,,,
"{""visible"":false}",,,,1,1606840341,879848909,,,,residential,,,way,,,,,,
"{""visible"":false,""addr:street"":""Sardar Patel Ring Road"",""name"":""Applewoods Apartments""}",,,,1,1614665220,912638639,,,,residential,,apartments,way,,,,,,
"{""visible"":false,""addr:city"":""Ahmedabad"",""addr:postcode"":""380058"",""addr:street"":""Sky City Road"",""name"":""Samatva Bungalows"",""name:gu"":""\u0AB8\u0AAE\u0AA4\u0ACD\u0AB5 \u0AAC\u0A82\u0A97\u0AB2\u0ACB"",""name:hi"":""\u0938\u092E\u0924\u094D\u0935 \u092C\u0902\u0917\u0932\u0947""}",,,,1,1614869338,913552102,,,,residential,,bungalows,way,,,,,,
"{""visible"":false,""name"":""Sobha Dream Heritage""}",,,,1,1616722150,922315021,,,,residential,,apartments,way,,,,,,
"{""visible"":false,""addr:city"":""Ahmedabad"",""addr:postcode"":""380015"",""addr:street"":""Nr Jodhpur Village"",""name"":""Maulik Villa Row House""}",,,,3,1628772767,972232424,,,,residential,,urban,way,,,,,,
"{""visible"":false,""name"":""Aaryabhumi""}",,,,2,1628772767,972261925,,,,residential,,urban,way,,,,,,
"{""visible"":false,""name"":""Twinkle Residency""}",,,,2,1628772767,972299532,,,,residential,,urban,way,,,,,,
"{""visible"":false,""name"":""Nandanvan 3"",""name:gu"":""\u0AA8\u0A82\u0AA6\u0AA8\u0AB5\u0AA8 3""}",,,,2,1628772767,972299533,,,,residential,,urban,way,,,,,,
"{""visible"":false,""name"":""Riddhi Towers""}",,,,1,1628694939,972303787,,,,residential,,urban,way,,,,,,
"{""visible"":false,""name"":""Shwetang Flats"",""name:gu"":""\u0AB6\u0ACD\u0AB5\u0AC7\u0AA4\u0ABE\u0A82\u0A97 \u0AAB\u0ACD\u0AB2\u0AC7\u0A9F\u0ACD\u0AB8""}",,,,1,1628694939,972303789,,,,residential,,urban,way,,,,,,
"{""visible"":false,""name"":""shilaj""}",,,,1,1632461107,986534247,,,,residential,,,way,,,,,,
"{""visible"":false,""addr:postcode"":""382424"",""name"":""Avichal Park""}",,,,2,1693215114,986704166,,,,residential,,apartments,way,,,,,,
"{""visible"":false,""image"":""https://isconplatinum.com/newiscon/wp-content/uploads/2021/08/MAIN-OUTER-VIEW-1.jpg"",""name"":""Iscon Platinum"",""website"":""https://www.isconplatinum.com/""}",,,,2,1634481422,991963705,,,,residential,,urban,way,,,,,,
"{""visible"":false,""addr:city"":""Ahmedabad"",""addr:postcode"":""380015"",""addr:street"":""Corporate road"",""description"":""Total 324 units. 4 apartments per floor"",""name"":""Safal Parivesh"",""website"":""https://www.hnsafal.com/project/safal-parivesh/""}",,,,1,1634207289,992677969,,,,residential,,apartments,way,,,,,,
"{""visible"":false,""addr:city"":""Ahmedabad"",""addr:postcode"":""380015"",""addr:street"":""Corporate road"",""name"":""Indraprastha Kadamb""}",,,,1,1634207289,992677970,,,,residential,,apartments,way,,,,,,
"{""visible"":false,""name"":""J P farm""}",,,,1,1634815183,995214549,,,,residential,,,way,,,,,,
"{""visible"":false,""name"":""Vatsalya and Sinchan"",""operator"":""Dadabhagwan Foundation""}",,,,2,1719792535,1004137265,,,,residential,,,way,,,,,,
"{""visible"":false,""addr:postcode"":""380051"",""name"":""Shreeji Enclave""}",,,,1,1637736330,1005772529,,,,residential,,apartments,way,,,,,,
"{""visible"":false,""addr:city"":""Ahmedabad"",""addr:postcode"":""380051"",""addr:street"":""Makarba"",""name"":""Orchid Whitefield""}",,,,2,1774273748,1006189326,,,,residential,,apartments,way,,,,,,
"{""visible"":false,""addr:city"":""Ahmedabad"",""addr:postcode"":""380051"",""name"":""Palm Greens""}",,,,1,1637853729,1006191438,,,,residential,,apartments,way,,,,,,
"{""visible"":false,""addr:city"":""Ahmedabad"",""addr:postcode"":""380005"",""addr:street"":""Motera"",""name"":""Aditya Residency""}",,,,2,1712116714,1033827286,,,,residential,,apartments,way,,,,,,
"{""visible"":false}",,,,3,1724059526,1050724272,,,,residential,,,way,,,,,,
"{""visible"":false}",,,,2,1724062708,1050724274,,,,residential,,urban,way,,,,,,
"{""visible"":false}",,,,2,1724062708,1050724275,,,,residential,,urban,way,,,,,,
"{""visible"":false,""addr:city"":""Ahmedabad"",""addr:postcode"":""382481"",""addr:street"":""Vandematram"",""name"":""Shukan Residency"",""source"":""local knowledge;streetlevel imagery""}",,,,2,1713257554,1072528781,,,,residential,,apartments,way,,,,,,
"{""visible"":false,""addr:city"":""Ahmedabad"",""addr:postcode"":""382481"",""addr:street"":""Vandematram"",""name"":""Aaryan60 Appartment""}",,,,1,1655962085,1072528783,,,,residential,,apartments,way,,,,,,
"{""visible"":false,""name"":""Casa Elite""}",,,,2,1693062296,1074703589,,,,residential,,,way,,,,,,
"{""visible"":false,""name"":""Sector 6""}",,,,2,1770215770,1081886776,,,,residential,,,way,,,,,,
"{""visible"":false,""name"":""Victoria Heights""}",,,,1,1664440615,1098750714,,,,residential,,urban,way,,,,,,
"{""visible"":false,""addr:city"":""Ahmedabad"",""addr:postcode"":""382345"",""addr:street"":""Victoria Residency, krishnanagar, Nava Naroda"",""building:levels"":""5"",""name"":""Victoria Residency""}",,,,2,1664824837,1100694842,,,,residential,,,way,,,,,,
"{""visible"":false,""name"":""Swagat City""}",,,,1,1665915053,1104385405,,,,residential,,,way,,,,,,
"{""visible"":false}",,,,2,1722339269,1107179895,,,,residential,,rural,way,,,,,,
"{""visible"":false,""addr:city"":""Ahmedabad"",""addr:housenumber"":""Stanza"",""addr:postcode"":""380058"",""addr:street"":""VIP Road"",""name"":""Stanza""}",,,,1,1668066631,1111960578,,,,residential,,apartments,way,,,,,,
"{""visible"":false,""addr:city"":""AHMEDABAD"",""addr:housenumber"":""Samprat Residence"",""addr:postcode"":""380054"",""addr:street"":""DPS-Bopal Road"",""building"":""residential"",""building:colour"":""#f4c085"",""building:levels"":""5"",""name"":""Samprat Residence""}",,,,4,1783789816,1154738491,,,,residential,,,way,,,,,,
"{""visible"":false}",,,,3,1723469158,1155983465,,,,residential,,rural,way,,,,,,
"{""visible"":false,""name"":""Applewoods Villas""}",,,,2,1709525988,1167381337,,,,residential,,gated,way,,,,,,
"{""visible"":false,""addr:city"":""Ahmedabad"",""addr:postcode"":""380058"",""addr:street"":""Applewoods Township"",""name"":""Orchid Harmony""}",,,,2,1747926481,1184404128,,,,residential,,,way,,,,,,
"{""visible"":false,""addr:city"":""ahmedabad"",""addr:district"":""Ahmedabad"",""addr:postcode"":""382330"",""addr:street"":""nikol naroda road"",""house"":""bungalow"",""name"":""Shilp Bunglows""}",,,,3,1712577901,1190558951,,,,residential,,,way,,,,,,
"{""visible"":false,""name"":""Pramukh Residency""}",,,,1,1690213080,1191865460,,,,residential,,,way,,,,,,
"{""visible"":false,""name"":""Green Glades""}",,,,1,1705923253,1241921148,,,,residential,,apartments,way,,,,,,
"{""visible"":false}",,,,5,1721724243,1288259746,,,,residential,,,way,,,,,,
"{""visible"":false}",,,,9,1763721098,1288329293,,,,residential,,rural,way,,,,,,
"{""visible"":false}",,,,2,1721655662,1288383326,,,,residential,,rural,way,,,,,,
"{""visible"":false}",,,,1,1717422830,1289133342,,,,residential,,irregular_settlement,way,,,,,,
"{""visible"":false}",,,,1,1717422830,1289133347,,,,residential,,irregular_settlement,way,,,,,,
"{""visible"":false}",,,,1,1717422830,1289133348,,,,residential,,irregular_settlement,way,,,,,,
"{""visible"":false,""building"":""yes"",""building:colour"":""grey"",""building:levels"":""2"",""building:material"":""plaster"",""roof:material"":""concrete"",""roof:shape"":""flat""}",,,,4,1721921335,1289133355,,,,residential,,rural,way,,,,,,
"{""visible"":false,""building"":""yes"",""building:colour"":""yellow"",""building:levels"":""2"",""building:material"":""plaster"",""roof:material"":""concrete"",""roof:shape"":""flat""}",,,,4,1721921335,1289133356,,,,residential,,rural,way,,,,,,
"{""visible"":false,""building"":""yes"",""building:colour"":""white"",""building:levels"":""2"",""building:material"":""plaster"",""roof:material"":""concrete"",""roof:shape"":""flat""}",,,,4,1721921335,1289133357,,,,residential,,rural,way,,,,,,
"{""visible"":false,""building"":""yes"",""building:colour"":""lightgreen"",""building:levels"":""2"",""building:material"":""plaster"",""roof:material"":""concrete"",""roof:shape"":""flat""}",,,,4,1721921335,1289133358,,,,residential,,rural,way,,,,,,
"{""visible"":false,""building"":""yes"",""building:colour"":""lightgreen"",""building:levels"":""2"",""building:material"":""plaster"",""roof:material"":""concrete"",""roof:shape"":""flat""}",,,,4,1721921335,1289133359,,,,residential,,rural,way,,,,,,
"{""visible"":false,""building"":""yes"",""building:colour"":""lightgreen"",""building:levels"":""2"",""building:material"":""plaster"",""roof:material"":""concrete"",""roof:shape"":""flat""}",,,,4,1721921335,1289133360,,,,residential,,rural,way,,,,,,
"{""visible"":false}",,,,1,1717423886,1289139081,,,,residential,,irregular_settlement,way,,,,,,
"{""visible"":false}",,,,1,1717423886,1289139083,,,,residential,,irregular_settlement,way,,,,,,
"{""visible"":false}",,,,1,1717423886,1289139084,,,,residential,,irregular_settlement,way,,,,,,
"{""visible"":false}",,,,1,1717423886,1289139085,,,,residential,,irregular_settlement,way,,,,,,
"{""visible"":false}",,,,2,1717509448,1289139086,,,,residential,,irregular_settlement,way,,,,,,
"{""visible"":false}",,,,3,1722328927,1289139087,,,,residential,,irregular_settlement,way,,,,,,
"{""visible"":false}",,,,2,1717509448,1289139088,,,,residential,,irregular_settlement,way,,,,,,
"{""visible"":false}",,,,1,1717507806,1289364688,,,,residential,,irregular_settlement,way,,,,,,
"{""visible"":false}",,,,1,1717507806,1289364689,,,,residential,,irregular_settlement,way,,,,,,
"{""visible"":false}",,,,1,1717507806,1289364690,,,,residential,,irregular_settlement,way,,,,,,
"{""visible"":false}",,,,3,1722328927,1289370577,,,,residential,,irregular_settlement,way,,,,,,
"{""visible"":false}",,,,1,1717569052,1289569744,,,,residential,,irregular_settlement,way,,,,,,
"{""visible"":false}",,,,1,1717569052,1289569755,,,,residential,,irregular_settlement,way,,,,,,
"{""visible"":false}",,,,3,1748675713,1289624892,,,,residential,,irregular_settlement,way,,,,,,
"{""visible"":false}",,,,1,1717585689,1289624893,,,,residential,,irregular_settlement,way,,,,,,
"{""visible"":false}",,,,2,1721716632,1289897586,,,,residential,,irregular_settlement,way,,,,,,
"{""visible"":false}",,,,1,1717677437,1290004592,,,,residential,,irregular_settlement,way,,,,,,
"{""visible"":false}",,,,1,1717677437,1290004593,,,,residential,,irregular_settlement,way,,,,,,
"{""visible"":false}",,,,1,1717677437,1290004594,,,,residential,,irregular_settlement,way,,,,,,
"{""visible"":false}",,,,1,1717677437,1290004595,,,,residential,,irregular_settlement,way,,,,,,
"{""visible"":false}",,,,1,1717677437,1290004596,,,,residential,,irregular_settlement,way,,,,,,
"{""visible"":false}",,,,1,1717677437,1290004597,,,,residential,,irregular_settlement,way,,,,,,
"{""visible"":false}",,,,1,1717677437,1290004688,,,,residential,,irregular_settlement,way,,,,,,
"{""visible"":false}",,,,1,1717754537,1290206681,,,,residential,,irregular_settlement,way,,,,,,
"{""visible"":false}",,,,1,1717756305,1290214743,,,,residential,,irregular_settlement,way,,,,,,
"{""visible"":false}",,,,2,1721912550,1290642571,,,,residential,,irregular_settlement,way,,,,,,
"{""visible"":false}",,,,1,1718010739,1290862981,,,,residential,,irregular_settlement,way,,,,,,
"{""visible"":false}",,,,1,1718016549,1290892980,,,,residential,,irregular_settlement,way,,,,,,
"{""visible"":false}",,,,1,1718017749,1290900107,,,,residential,,irregular_settlement,way,,,,,,
"{""visible"":false}",,,,2,1721658935,1290910168,,,,residential,,irregular_settlement,way,,,,,,
"{""visible"":false}",,,,3,1721658935,1290910204,,,,residential,,irregular_settlement,way,,,,,,
"{""visible"":false}",,,,1,1718091079,1291224275,,,,residential,,irregular_settlement,way,,,,,,
"{""visible"":false}",,,,1,1718099234,1291249128,,,,residential,,irregular_settlement,way,,,,,,
"{""visible"":false}",,,,2,1718108262,1291286263,,,,residential,,irregular_settlement,way,,,,,,
"{""visible"":false}",,,,1,1718107455,1291295057,,,,residential,,irregular_settlement,way,,,,,,
"{""visible"":false}",,,,2,1722324482,1291317879,,,,residential,,irregular_settlement,way,,,,,,
"{""visible"":false}",,,,1,1718260175,1291995291,,,,residential,,irregular_settlement,way,,,,,,
"{""visible"":false}",,,,2,1721655662,1292050394,,,,residential,,irregular_settlement,way,,,,,,
"{""visible"":false}",,,,1,1718632302,1293089206,,,,residential,,irregular_settlement,way,,,,,,
"{""visible"":false}",,,,1,1718644594,1293124719,,,,residential,,irregular_settlement,way,,,,,,
"{""visible"":false}",,,,3,1731468770,1293131717,,,,residential,,irregular_settlement,way,,,,,,
"{""visible"":false}",,,,3,1731468713,1293131747,,,,residential,,irregular_settlement,way,,,,,,
"{""visible"":false}",,,,2,1721807440,1293270083,,,,residential,,irregular_settlement,way,,,,,,
"{""visible"":false,""building"":""yes"",""building:colour"":""lightgreen"",""building:levels"":""2"",""building:material"":""plaster"",""roof:material"":""concrete"",""roof:shape"":""flat""}",,,,3,1721921335,1293947447,,,,residential,,rural,way,,,,,,
"{""visible"":false,""building"":""yes"",""building:colour"":""lightgreen"",""building:levels"":""2"",""building:material"":""plaster"",""roof:material"":""concrete"",""roof:shape"":""flat""}",,,,3,1721921335,1293947448,,,,residential,,rural,way,,,,,,
"{""visible"":false,""building"":""yes"",""building:colour"":""lightgreen"",""building:levels"":""2"",""building:material"":""plaster"",""roof:material"":""concrete"",""roof:shape"":""flat""}",,,,4,1721921335,1293947449,,,,residential,,rural,way,,,,,,
"{""visible"":false,""building"":""yes"",""building:colour"":""lightgreen"",""building:levels"":""2"",""building:material"":""plaster"",""roof:material"":""concrete"",""roof:shape"":""flat""}",,,,3,1721921335,1293947450,,,,residential,,rural,way,,,,,,
"{""visible"":false,""building"":""yes"",""building:colour"":""lightgreen"",""building:levels"":""2"",""building:material"":""plaster"",""roof:material"":""concrete"",""roof:shape"":""flat""}",,,,3,1721921335,1293947451,,,,residential,,rural,way,,,,,,
"{""visible"":false}",,,,2,1721655662,1294667817,,,,residential,,irregular_settlement,way,,,,,,
"{""visible"":false}",,,,1,1718970935,1294725004,,,,residential,,irregular_settlement,way,,,,,,
"{""visible"":false}",,,,1,1719233978,1295713625,,,,residential,,irregular_settlement,way,,,,,,
"{""visible"":false}",,,,3,1721981216,1296015318,,,,residential,,rural,way,,,,,,
"{""visible"":false}",,,,3,1721981216,1296015319,,,,residential,,rural,way,,,,,,
"{""visible"":false}",,,,2,1721981767,1296336532,,,,residential,,irregular_settlement,way,,,,,,
"{""visible"":false}",,,,2,1721981767,1296336533,,,,residential,,irregular_settlement,way,,,,,,
"{""visible"":false}",,,,2,1721655662,1296646583,,,,residential,,rural,way,,,,,,
"{""visible"":false}",,,,2,1721655662,1296646585,,,,residential,,rural,way,,,,,,
"{""visible"":false}",,,,1,1719994838,1298730158,,,,residential,,,way,,,,,,
"{""visible"":false}",,,,3,1748673466,1298743362,,,,residential,,irregular_settlement,way,,,,,,
"{""visible"":false}",,,,1,1720000607,1298750635,,,,residential,,irregular_settlement,way,,,,,,
"{""visible"":false}",,,,3,1722328927,1299983014,,,,residential,,irregular_settlement,way,,,,,,
"{""visible"":false}",,,,1,1720681428,1300667834,,,,residential,,irregular_settlement,way,,,,,,
"{""visible"":false}",,,,1,1720681428,1300667852,,,,residential,,irregular_settlement,way,,,,,,
"{""visible"":false}",,,,1,1720769856,1300855385,,,,residential,,irregular_settlement,way,,,,,,
"{""visible"":false,""building:colour"":""white"",""building:levels"":""9"",""building:material"":""plaster"",""roof:material"":""concrete"",""roof:shape"":""flat""}",,,,3,1754750647,1302662789,,,,residential,,,way,,,,,,
"{""visible"":false}",,,,2,1722328927,1303085277,,,,residential,,rural,way,,,,,,
"{""visible"":false}",,,,2,1722328927,1303085278,,,,residential,,rural,way,,,,,,
"{""visible"":false}",,,,3,1724701151,1303085279,,,,residential,,rural,way,,,,,,
"{""visible"":false}",,,,1,1721655662,1303085280,,,,residential,,rural,way,,,,,,
"{""visible"":false}",,,,2,1722328927,1303085281,,,,residential,,rural,way,,,,,,
"{""visible"":false}",,,,2,1722328927,1303085282,,,,residential,,rural,way,,,,,,
"{""visible"":false}",,,,1,1721655662,1303085283,,,,residential,,rural,way,,,,,,
"{""visible"":false}",,,,1,1721655662,1303085284,,,,residential,,rural,way,,,,,,
"{""visible"":false}",,,,2,1722328927,1303085285,,,,residential,,rural,way,,,,,,
"{""visible"":false}",,,,1,1721655662,1303085286,,,,residential,,rural,way,,,,,,
"{""visible"":false}",,,,3,1783791657,1303085287,,,,residential,,rural,way,,,,,,
"{""visible"":false}",,,,2,1748673466,1303085288,,,,residential,,rural,way,,,,,,
"{""visible"":false}",,,,1,1721655662,1303085289,,,,residential,,rural,way,,,,,,
"{""visible"":false}",,,,2,1722328927,1303085290,,,,residential,,rural,way,,,,,,
"{""visible"":false}",,,,1,1721655662,1303085291,,,,residential,,rural,way,,,,,,
"{""visible"":false}",,,,1,1721655662,1303085292,,,,residential,,rural,way,,,,,,
"{""visible"":false}",,,,1,1721655662,1303085293,,,,residential,,rural,way,,,,,,
"{""visible"":false}",,,,1,1721655662,1303085294,,,,residential,,rural,way,,,,,,
"{""visible"":false}",,,,1,1721655662,1303085295,,,,residential,,rural,way,,,,,,
"{""visible"":false}",,,,1,1721655662,1303085296,,,,residential,,rural,way,,,,,,
"{""visible"":false}",,,,1,1721655662,1303085297,,,,residential,,rural,way,,,,,,
"{""visible"":false}",,,,1,1721655662,1303085298,,,,residential,,rural,way,,,,,,
"{""visible"":false}",,,,1,1721655662,1303085299,,,,residential,,rural,way,,,,,,
"{""visible"":false}",,,,1,1721655662,1303085301,,,,residential,,rural,way,,,,,,
"{""visible"":false}",,,,1,1721655662,1303085304,,,,residential,,rural,way,,,,,,
"{""visible"":false}",,,,1,1721655662,1303085305,,,,residential,,rural,way,,,,,,
"{""visible"":false}",,,,1,1721655662,1303085306,,,,residential,,rural,way,,,,,,
"{""visible"":false}",,,,1,1721655662,1303085307,,,,residential,,rural,way,,,,,,
"{""visible"":false}",,,,1,1721658935,1303093693,,,,residential,,rural,way,,,,,,
"{""visible"":false}",,,,1,1721658935,1303093695,,,,residential,,rural,way,,,,,,
"{""visible"":false}",,,,2,1722409317,1303093696,,,,residential,,rural,way,,,,,,
"{""visible"":false}",,,,1,1721658935,1303093697,,,,residential,,rural,way,,,,,,
"{""visible"":false}",,,,1,1721658935,1303093698,,,,residential,,rural,way,,,,,,
"{""visible"":false}",,,,1,1721658935,1303093699,,,,residential,,rural,way,,,,,,
"{""visible"":false}",,,,1,1721658935,1303093700,,,,residential,,rural,way,,,,,,
"{""visible"":false}",,,,1,1721658935,1303093701,,,,residential,,rural,way,,,,,,
"{""visible"":false}",,,,1,1721658935,1303093704,,,,residential,,rural,way,,,,,,
"{""visible"":false}",,,,2,1722342915,1303093705,,,,residential,,rural,way,,,,,,
"{""visible"":false}",,,,1,1721658935,1303093710,,,,residential,,rural,way,,,,,,
"{""visible"":false}",,,,1,1721658935,1303093713,,,,residential,,rural,way,,,,,,
"{""visible"":false}",,,,1,1721658935,1303093714,,,,residential,,rural,way,,,,,,
"{""visible"":false}",,,,1,1721660437,1303099084,,,,residential,,rural,way,,,,,,
"{""visible"":false,""area"":""yes""}",,,,2,1721912550,1303108207,,,,residential,,rural,way,,,,,,
"{""visible"":false,""area"":""yes""}",,,,1,1721662816,1303108208,,,,residential,,irregular_settlement,way,,,,,,
"{""visible"":false,""area"":""yes""}",,,,1,1721662816,1303108209,,,,residential,,irregular_settlement,way,,,,,,
"{""visible"":false}",,,,1,1721716632,1303208681,,,,residential,,rural,way,,,,,,
"{""visible"":false}",,,,1,1721724243,1303228064,,,,residential,,rural,way,,,,,,
"{""visible"":false}",,,,1,1721724243,1303228065,,,,residential,,rural,way,,,,,,
"{""visible"":false}",,,,1,1721724243,1303228066,,,,residential,,rural,way,,,,,,
"{""visible"":false}",,,,1,1721755248,1303317212,,,,residential,,rural,way,,,,,,
"{""visible"":false,""area"":""yes""}",,,,1,1721755248,1303317213,,,,residential,,rural,way,,,,,,
"{""visible"":false,""area"":""yes""}",,,,1,1721755248,1303317214,,,,residential,,rural,way,,,,,,
"{""visible"":false}",,,,1,1721804825,1303412193,,,,residential,,rural,way,,,,,,
"{""visible"":false}",,,,1,1721804825,1303412194,,,,residential,,rural,way,,,,,,
"{""visible"":false}",,,,1,1721804825,1303412195,,,,residential,,rural,way,,,,,,
"{""visible"":false}",,,,1,1721804825,1303412196,,,,residential,,rural,way,,,,,,
"{""visible"":false}",,,,2,1722257481,1303412197,,,,residential,,rural,way,,,,,,
"{""visible"":false}",,,,1,1721804825,1303412198,,,,residential,,rural,way,,,,,,
"{""visible"":false}",,,,1,1721807440,1303420061,,,,residential,,rural,way,,,,,,
"{""visible"":false,""area"":""yes""}",,,,1,1721825273,1303483783,,,,residential,,rural,way,,,,,,
"{""visible"":false,""area"":""yes""}",,,,1,1721826465,1303487508,,,,residential,,rural,way,,,,,,
"{""visible"":false,""area"":""yes""}",,,,1,1721826465,1303487509,,,,residential,,rural,way,,,,,,
"{""visible"":false,""area"":""yes""}",,,,3,1731468674,1303693722,,,,residential,,rural,way,,,,,,
"{""visible"":false,""area"":""yes""}",,,,1,1721912550,1303693723,,,,residential,,rural,way,,,,,,
"{""visible"":false,""area"":""yes""}",,,,1,1721912550,1303693724,,,,residential,,rural,way,,,,,,
"{""visible"":false,""area"":""yes""}",,,,1,1721912550,1303693725,,,,residential,,irregular_settlement,way,,,,,,
"{""visible"":false,""area"":""yes""}",,,,1,1721912550,1303693726,,,,residential,,rural,way,,,,,,
"{""visible"":false,""area"":""yes""}",,,,1,1721912550,1303693727,,,,residential,,rural,way,,,,,,
"{""visible"":false,""area"":""yes""}",,,,4,1731468713,1303693728,,,,residential,,irregular_settlement,way,,,,,,
"{""visible"":false,""area"":""yes""}",,,,1,1721912550,1303693729,,,,residential,,rural,way,,,,,,
"{""visible"":false,""area"":""yes""}",,,,3,1731468695,1303693730,,,,residential,,rural,way,,,,,,
"{""visible"":false,""area"":""yes""}",,,,1,1721912550,1303693731,,,,residential,,irregular_settlement,way,,,,,,
"{""visible"":false,""area"":""yes""}",,,,1,1721912550,1303693732,,,,residential,,irregular_settlement,way,,,,,,
"{""visible"":false,""area"":""yes""}",,,,1,1721912550,1303693733,,,,residential,,rural,way,,,,,,
"{""visible"":false,""area"":""yes""}",,,,3,1731468752,1303693734,,,,residential,,irregular_settlement,way,,,,,,
"{""visible"":false,""area"":""yes""}",,,,1,1721912550,1303693735,,,,residential,,rural,way,,,,,,
"{""visible"":false,""area"":""yes""}",,,,1,1721912550,1303693736,,,,residential,,rural,way,,,,,,
"{""visible"":false,""area"":""yes""}",,,,1,1721912550,1303693737,,,,residential,,rural,way,,,,,,
"{""visible"":false,""area"":""yes""}",,,,1,1721912550,1303693738,,,,residential,,rural,way,,,,,,
"{""visible"":false,""area"":""yes""}",,,,3,1731468678,1303693739,,,,residential,,irregular_settlement,way,,,,,,
"{""visible"":false,""area"":""yes""}",,,,1,1721912550,1303693740,,,,residential,,rural,way,,,,,,
"{""visible"":false,""area"":""yes""}",,,,1,1721912550,1303693741,,,,residential,,rural,way,,,,,,
"{""visible"":false,""area"":""yes""}",,,,1,1721912550,1303693742,,,,residential,,rural,way,,,,,,
"{""visible"":false,""area"":""yes""}",,,,3,1731468665,1303693743,,,,residential,,rural,way,,,,,,
"{""visible"":false,""area"":""yes""}",,,,3,1731468783,1303693744,,,,residential,,irregular_settlement,way,,,,,,
"{""visible"":false,""area"":""yes""}",,,,3,1731468678,1303693745,,,,residential,,rural,way,,,,,,
"{""visible"":false,""area"":""yes""}",,,,3,1731468721,1303693746,,,,residential,,irregular_settlement,way,,,,,,
"{""visible"":false,""area"":""yes""}",,,,1,1721981216,1303841706,,,,residential,,rural,way,,,,,,
"{""visible"":false,""area"":""yes""}",,,,1,1721981216,1303841707,,,,residential,,rural,way,,,,,,
"{""visible"":false,""area"":""yes""}",,,,3,1731468778,1303841708,,,,residential,,rural,way,,,,,,
"{""visible"":false,""area"":""yes""}",,,,3,1731468752,1303841709,,,,residential,,irregular_settlement,way,,,,,,
"{""visible"":false,""area"":""yes""}",,,,3,1731468711,1303841710,,,,residential,,rural,way,,,,,,
"{""visible"":false,""area"":""yes""}",,,,3,1731468678,1303841711,,,,residential,,rural,way,,,,,,
"{""visible"":false,""area"":""yes""}",,,,3,1731468718,1303841712,,,,residential,,rural,way,,,,,,
"{""visible"":false,""area"":""yes""}",,,,3,1731468687,1303841713,,,,residential,,rural,way,,,,,,
"{""visible"":false,""area"":""yes""}",,,,3,1731468774,1303841714,,,,residential,,rural,way,,,,,,
"{""visible"":false,""area"":""yes""}",,,,3,1731468692,1303841715,,,,residential,,rural,way,,,,,,
"{""visible"":false,""area"":""yes""}",,,,1,1721981216,1303841717,,,,residential,,rural,way,,,,,,
"{""visible"":false,""area"":""yes""}",,,,3,1731468680,1303841718,,,,residential,,rural,way,,,,,,
"{""visible"":false}",,,,3,1722861778,1303841719,,,,residential,,rural,way,,,,,,
"{""visible"":false,""area"":""yes""}",,,,1,1721981216,1303841720,,,,residential,,rural,way,,,,,,
"{""visible"":false,""area"":""yes""}",,,,1,1721981216,1303841721,,,,residential,,rural,way,,,,,,
"{""visible"":false,""area"":""yes""}",,,,1,1721981216,1303841722,,,,residential,,rural,way,,,,,,
"{""visible"":false,""area"":""yes""}",,,,1,1721981216,1303841723,,,,residential,,rural,way,,,,,,
"{""visible"":false,""area"":""yes""}",,,,3,1731468695,1303841724,,,,residential,,rural,way,,,,,,
"{""visible"":false,""area"":""yes""}",,,,3,1731468770,1303841725,,,,residential,,rural,way,,,,,,
"{""visible"":false}",,,,4,1731701877,1303841726,,,,residential,,rural,way,,,,,,
"{""visible"":false}",,,,4,1731701877,1303841727,,,,residential,,rural,way,,,,,,
"{""visible"":false,""area"":""yes""}",,,,3,1731468760,1303841728,,,,residential,,rural,way,,,,,,
"{""visible"":false,""area"":""yes""}",,,,1,1721981216,1303841729,,,,residential,,rural,way,,,,,,
"{""visible"":false,""area"":""yes""}",,,,3,1731468711,1303842549,,,,residential,,rural,way,,,,,,
"{""visible"":false,""area"":""yes""}",,,,3,1731468783,1303842550,,,,residential,,rural,way,,,,,,
"{""visible"":false,""area"":""yes""}",,,,3,1731468747,1303842551,,,,residential,,rural,way,,,,,,
"{""visible"":false,""area"":""yes""}",,,,1,1721981767,1303842552,,,,residential,,rural,way,,,,,,
"{""visible"":false,""area"":""yes""}",,,,1,1721981767,1303842553,,,,residential,,rural,way,,,,,,
"{""visible"":false,""area"":""yes""}",,,,1,1721981767,1303842554,,,,residential,,rural,way,,,,,,
"{""visible"":false,""area"":""yes""}",,,,3,1731468731,1303842555,,,,residential,,irregular_settlement,way,,,,,,
"{""visible"":false,""area"":""yes""}",,,,3,1731468778,1303842556,,,,residential,,rural,way,,,,,,
"{""visible"":false,""area"":""yes""}",,,,3,1731468684,1303842557,,,,residential,,rural,way,,,,,,
"{""visible"":false}",,,,2,1722257481,1304429382,,,,residential,,irregular_settlement,way,,,,,,
"{""visible"":false}",,,,1,1722257481,1304444594,,,,residential,,rural,way,,,,,,
"{""visible"":false}",,,,1,1722257481,1304444595,,,,residential,,rural,way,,,,,,
"{""visible"":false}",,,,1,1722257481,1304444596,,,,residential,,urban,way,,,,,,
"{""visible"":false}",,,,1,1722260960,1304455463,,,,residential,,rural,way,,,,,,
"{""visible"":false}",,,,1,1722260960,1304455465,,,,residential,,rural,way,,,,,,
"{""visible"":false}",,,,1,1722260960,1304455466,,,,residential,,rural,way,,,,,,
"{""visible"":false}",,,,1,1722260960,1304455467,,,,residential,,rural,way,,,,,,
"{""visible"":false}",,,,1,1722260960,1304455468,,,,residential,,urban,way,,,,,,
"{""visible"":false}",,,,1,1722260960,1304455469,,,,residential,,rural,way,,,,,,
"{""visible"":false}",,,,1,1722260960,1304455470,,,,residential,,urban,way,,,,,,
"{""visible"":false}",,,,1,1722260960,1304455471,,,,residential,,rural,way,,,,,,
"{""visible"":false}",,,,1,1722260960,1304455472,,,,residential,,rural,way,,,,,,
"{""visible"":false}",,,,1,1722260960,1304455473,,,,residential,,rural,way,,,,,,
"{""visible"":false}",,,,1,1722260960,1304455474,,,,residential,,rural,way,,,,,,
"{""visible"":false}",,,,1,1722260960,1304455475,,,,residential,,rural,way,,,,,,
"{""visible"":false}",,,,1,1722260960,1304455476,,,,residential,,rural,way,,,,,,
"{""visible"":false}",,,,1,1722260960,1304455477,,,,residential,,rural,way,,,,,,
"{""visible"":false}",,,,1,1722260960,1304455479,,,,residential,,apartments,way,,,,,,
"{""visible"":false}",,,,1,1722260960,1304455482,,,,residential,,rural,way,,,,,,
"{""visible"":false}",,,,1,1722260960,1304455483,,,,residential,,rural,way,,,,,,
"{""visible"":false}",,,,1,1722260960,1304455484,,,,residential,,rural,way,,,,,,
"{""visible"":false}",,,,1,1722260960,1304455485,,,,residential,,rural,way,,,,,,
"{""visible"":false}",,,,1,1722324482,1304593464,,,,residential,,rural,way,,,,,,
"{""visible"":false}",,,,1,1722324482,1304593465,,,,residential,,rural,way,,,,,,
"{""visible"":false}",,,,1,1722324482,1304593466,,,,residential,,rural,way,,,,,,
"{""visible"":false}",,,,1,1722324482,1304593467,,,,residential,,rural,way,,,,,,
"{""visible"":false}",,,,1,1722324482,1304593468,,,,residential,,rural,way,,,,,,
"{""visible"":false}",,,,1,1722324482,1304593469,,,,residential,,urban,way,,,,,,
"{""visible"":false}",,,,1,1722324482,1304593470,,,,residential,,rural,way,,,,,,
"{""visible"":false}",,,,1,1722324482,1304593471,,,,residential,,rural,way,,,,,,
"{""visible"":false}",,,,2,1748677151,1304593472,,,,residential,,urban,way,,,,,,
"{""visible"":false}",,,,1,1722324482,1304593473,,,,residential,,irregular_settlement,way,,,,,,
"{""visible"":false}",,,,1,1722324482,1304593476,,,,residential,,irregular_settlement,way,,,,,,
"{""visible"":false}",,,,1,1722324482,1304593478,,,,residential,,rural,way,,,,,,
"{""visible"":false}",,,,1,1722324482,1304593482,,,,residential,,urban,way,,,,,,
"{""visible"":false}",,,,1,1722324482,1304593483,,,,residential,,rural,way,,,,,,
"{""visible"":false}",,,,1,1722324482,1304593484,,,,residential,,rural,way,,,,,,
"{""visible"":false}",,,,1,1722324482,1304593486,,,,residential,,rural,way,,,,,,
"{""visible"":false}",,,,1,1722324482,1304593487,,,,residential,,rural,way,,,,,,
"{""visible"":false,""area"":""yes""}",,,,1,1722324482,1304593488,,,,residential,,urban,way,,,,,,
"{""visible"":false}",,,,1,1722328927,1304604334,,,,residential,,urban,way,,,,,,
"{""visible"":false}",,,,1,1722328927,1304604335,,,,residential,,rural,way,,,,,,
"{""visible"":false,""area"":""yes""}",,,,1,1722328927,1304604336,,,,residential,,urban,way,,,,,,
"{""visible"":false,""area"":""yes""}",,,,1,1722328927,1304604337,,,,residential,,rural,way,,,,,,
"{""visible"":false,""area"":""yes""}",,,,1,1722328927,1304604338,,,,residential,,urban,way,,,,,,
"{""visible"":false,""area"":""yes""}",,,,1,1722328927,1304604339,,,,residential,,rural,way,,,,,,
"{""visible"":false,""area"":""yes""}",,,,1,1722328927,1304604340,,,,residential,,rural,way,,,,,,
"{""visible"":false}",,,,1,1722328927,1304604341,,,,residential,,rural,way,,,,,,
"{""visible"":false,""area"":""yes""}",,,,1,1722328927,1304604343,,,,residential,,rural,way,,,,,,
"{""visible"":false}",,,,1,1722328927,1304604344,,,,residential,,rural,way,,,,,,
"{""visible"":false}",,,,1,1722328927,1304604346,,,,residential,,irregular_settlement,way,,,,,,
"{""visible"":false}",,,,1,1722328927,1304604347,,,,residential,,urban,way,,,,,,
"{""visible"":false,""area"":""yes""}",,,,1,1722331196,1304610102,,,,residential,,rural,way,,,,,,
"{""visible"":false,""area"":""yes""}",,,,3,1731468668,1304610103,,,,residential,,irregular_settlement,way,,,,,,
"{""visible"":false,""area"":""yes""}",,,,1,1722331196,1304610104,,,,residential,,rural,way,,,,,,
"{""visible"":false,""area"":""yes""}",,,,1,1722331196,1304610105,,,,residential,,rural,way,,,,,,
"{""visible"":false,""area"":""yes""}",,,,1,1722331196,1304610106,,,,residential,,rural,way,,,,,,
"{""visible"":false,""area"":""yes""}",,,,1,1722331196,1304610107,,,,residential,,urban,way,,,,,,
"{""visible"":false,""area"":""yes""}",,,,1,1722331196,1304610108,,,,residential,,urban,way,,,,,,
"{""visible"":false,""area"":""yes""}",,,,1,1722331196,1304610109,,,,residential,,urban,way,,,,,,
"{""visible"":false,""area"":""yes""}",,,,1,1722331196,1304610110,,,,residential,,urban,way,,,,,,
"{""visible"":false,""area"":""yes""}",,,,1,1722331196,1304610111,,,,residential,,urban,way,,,,,,
"{""visible"":false,""area"":""yes""}",,,,1,1722331196,1304610112,,,,residential,,urban,way,,,,,,
"{""visible"":false,""area"":""yes""}",,,,1,1722331196,1304610113,,,,residential,,urban,way,,,,,,
"{""visible"":false,""area"":""yes""}",,,,1,1722331196,1304610114,,,,residential,,urban,way,,,,,,
"{""visible"":false,""area"":""yes""}",,,,1,1722331196,1304610115,,,,residential,,urban,way,,,,,,
"{""visible"":false,""area"":""yes""}",,,,1,1722331196,1304610117,,,,residential,,rural,way,,,,,,
"{""visible"":false,""area"":""yes""}",,,,1,1722331196,1304610118,,,,residential,,rural,way,,,,,,
"{""visible"":false,""area"":""yes""}",,,,3,1731468736,1304610119,,,,residential,,rural,way,,,,,,
"{""visible"":false,""area"":""yes""}",,,,2,1722588405,1304610120,,,,residential,,irregular_settlement,way,,,,,,
"{""visible"":false,""area"":""yes""}",,,,2,1722588405,1304610121,,,,residential,,irregular_settlement,way,,,,,,
"{""visible"":false,""area"":""yes""}",,,,1,1722333486,1304616319,,,,residential,,,way,,,,,,
"{""visible"":false,""area"":""yes""}",,,,1,1722333486,1304616320,,,,residential,,rural,way,,,,,,
"{""visible"":false}",,,,1,1722333486,1304616321,,,,residential,,urban,way,,,,,,
"{""visible"":false}",,,,1,1722333486,1304616322,,,,residential,,urban,way,,,,,,
"{""visible"":false}",,,,1,1722333486,1304616324,,,,residential,,rural,way,,,,,,
"{""visible"":false}",,,,1,1722333486,1304616325,,,,residential,,rural,way,,,,,,
"{""visible"":false}",,,,1,1722333486,1304616326,,,,residential,,urban,way,,,,,,
"{""visible"":false}",,,,2,1744988550,1304616327,,,,residential,,rural,way,,,,,,
"{""visible"":false}",,,,1,1722333486,1304616328,,,,residential,,urban,way,,,,,,
"{""visible"":false}",,,,1,1722333486,1304616329,,,,residential,,urban,way,,,,,,
"{""visible"":false,""area"":""yes""}",,,,1,1722333486,1304616331,,,,residential,,rural,way,,,,,,
"{""visible"":false,""area"":""yes""}",,,,1,1722333486,1304616333,,,,residential,,rural,way,,,,,,
"{""visible"":false}",,,,1,1722333486,1304616334,,,,residential,,urban,way,,,,,,
"{""visible"":false}",,,,1,1722333486,1304616335,,,,residential,,rural,way,,,,,,
"{""visible"":false}",,,,1,1722333486,1304616336,,,,residential,,rural,way,,,,,,
"{""visible"":false}",,,,1,1722336544,1304624167,,,,residential,,rural,way,,,,,,
"{""visible"":false}",,,,1,1722336544,1304624168,,,,residential,,rural,way,,,,,,
"{""visible"":false}",,,,1,1722336544,1304624169,,,,residential,,urban,way,,,,,,
"{""visible"":false}",,,,1,1722336544,1304624170,,,,residential,,rural,way,,,,,,
"{""visible"":false}",,,,1,1722336544,1304624171,,,,residential,,rural,way,,,,,,
"{""visible"":false}",,,,1,1722336544,1304624172,,,,residential,,rural,way,,,,,,
"{""visible"":false}",,,,2,1748673606,1304624173,,,,residential,,rural,way,,,,,,
"{""visible"":false,""area"":""yes""}",,,,1,1722336544,1304624175,,,,residential,,rural,way,,,,,,
"{""visible"":false}",,,,1,1722336544,1304624176,,,,residential,,urban,way,,,,,,
"{""visible"":false}",,,,1,1722336544,1304624179,,,,residential,,rural,way,,,,,,
"{""visible"":false}",,,,1,1722336544,1304624180,,,,residential,,rural,way,,,,,,
"{""visible"":false}",,,,1,1722336544,1304624181,,,,residential,,rural,way,,,,,,
"{""visible"":false}",,,,1,1722336544,1304624182,,,,residential,,urban,way,,,,,,
"{""visible"":false,""area"":""yes""}",,,,1,1722336544,1304624183,,,,residential,,rural,way,,,,,,
"{""visible"":false,""area"":""yes""}",,,,1,1722336544,1304624184,,,,residential,,rural,way,,,,,,
"{""visible"":false}",,,,1,1722336544,1304624185,,,,residential,,rural,way,,,,,,
"{""visible"":false}",,,,1,1722336544,1304624186,,,,residential,,rural,way,,,,,,
"{""visible"":false}",,,,1,1722336544,1304624188,,,,residential,,rural,way,,,,,,
"{""visible"":false}",,,,1,1722336544,1304624189,,,,residential,,urban,way,,,,,,
"{""visible"":false,""area"":""yes""}",,,,1,1722336544,1304624190,,,,residential,,urban,way,,,,,,
"{""visible"":false}",,,,1,1722336544,1304624191,,,,residential,,urban,way,,,,,,
"{""visible"":false}",,,,1,1722336544,1304624192,,,,residential,,rural,way,,,,,,
"{""visible"":false}",,,,1,1722336544,1304624193,,,,residential,,rural,way,,,,,,
"{""visible"":false}",,,,1,1722336544,1304624194,,,,residential,,rural,way,,,,,,
"{""visible"":false}",,,,1,1722336544,1304624195,,,,residential,,urban,way,,,,,,
"{""visible"":false}",,,,1,1722336544,1304624196,,,,residential,,rural,way,,,,,,
"{""visible"":false}",,,,1,1722339269,1304630195,,,,residential,,rural,way,,,,,,
"{""visible"":false}",,,,1,1722339269,1304630196,,,,residential,,rural,way,,,,,,
"{""visible"":false}",,,,1,1722339269,1304630197,,,,residential,,urban,way,,,,,,
"{""visible"":false}",,,,1,1722339269,1304630198,,,,residential,,rural,way,,,,,,
"{""visible"":false}",,,,1,1722339269,1304630201,,,,residential,,rural,way,,,,,,
"{""visible"":false}",,,,1,1722339269,1304630202,,,,residential,,rural,way,,,,,,
"{""visible"":false}",,,,1,1722339269,1304630203,,,,residential,,irregular_settlement,way,,,,,,
"{""visible"":false}",,,,1,1722339269,1304630204,,,,residential,,urban,way,,,,,,
"{""visible"":false}",,,,1,1722339269,1304630207,,,,residential,,rural,way,,,,,,
"{""visible"":false}",,,,1,1722339269,1304630208,,,,residential,,rural,way,,,,,,
"{""visible"":false}",,,,1,1722339269,1304630209,,,,residential,,rural,way,,,,,,
"{""visible"":false}",,,,1,1722342915,1304637884,,,,residential,,rural,way,,,,,,
"{""visible"":false}",,,,2,1744985763,1304637885,,,,residential,,rural,way,,,,,,
"{""visible"":false}",,,,1,1722342915,1304637886,,,,residential,,rural,way,,,,,,
"{""visible"":false}",,,,1,1722342915,1304637887,,,,residential,,rural,way,,,,,,
"{""visible"":false}",,,,1,1722342915,1304637888,,,,residential,,rural,way,,,,,,
"{""visible"":false}",,,,1,1722342915,1304637889,,,,residential,,irregular_settlement,way,,,,,,
"{""visible"":false}",,,,1,1722342915,1304637894,,,,residential,,irregular_settlement,way,,,,,,
"{""visible"":false}",,,,1,1722342915,1304637895,,,,residential,,rural,way,,,,,,
"{""visible"":false}",,,,1,1722342915,1304637896,,,,residential,,rural,way,,,,,,
"{""visible"":false}",,,,1,1722342915,1304637897,,,,residential,,rural,way,,,,,,
"{""visible"":false}",,,,1,1722342915,1304637898,,,,residential,,irregular_settlement,way,,,,,,
"{""visible"":false}",,,,1,1722342915,1304637899,,,,residential,,irregular_settlement,way,,,,,,
"{""visible"":false}",,,,1,1722342915,1304637900,,,,residential,,urban,way,,,,,,
"{""visible"":false}",,,,1,1722342915,1304637901,,,,residential,,rural,way,,,,,,
"{""visible"":false}",,,,1,1722342915,1304637902,,,,residential,,irregular_settlement,way,,,,,,
"{""visible"":false}",,,,1,1722342915,1304637904,,,,residential,,urban,way,,,,,,
"{""visible"":false}",,,,1,1722342915,1304637905,,,,residential,,irregular_settlement,way,,,,,,
"{""visible"":false}",,,,1,1722342915,1304637906,,,,residential,,urban,way,,,,,,
"{""visible"":false}",,,,1,1722342915,1304637907,,,,residential,,urban,way,,,,,,
"{""visible"":false}",,,,1,1722342915,1304637908,,,,residential,,rural,way,,,,,,
"{""visible"":false}",,,,1,1722342915,1304637909,,,,residential,,urban,way,,,,,,
"{""visible"":false}",,,,1,1722342915,1304637910,,,,residential,,rural,way,,,,,,
"{""visible"":false}",,,,1,1722343941,1304640335,,,,residential,,rural,way,,,,,,
"{""visible"":false}",,,,1,1722343941,1304640336,,,,residential,,urban,way,,,,,,
"{""visible"":false}",,,,1,1722343941,1304640337,,,,residential,,rural,way,,,,,,
"{""visible"":false}",,,,1,1722343941,1304640338,,,,residential,,rural,way,,,,,,
"{""visible"":false}",,,,1,1722343941,1304640339,,,,residential,,rural,way,,,,,,
"{""visible"":false}",,,,1,1722343941,1304640341,,,,residential,,rural,way,,,,,,
"{""visible"":false}",,,,1,1722343941,1304640342,,,,residential,,rural,way,,,,,,
"{""visible"":false}",,,,1,1722343941,1304640343,,,,residential,,rural,way,,,,,,
"{""visible"":false}",,,,1,1722343941,1304640344,,,,residential,,rural,way,,,,,,
"{""visible"":false}",,,,1,1722343941,1304640345,,,,residential,,rural,way,,,,,,
"{""visible"":false}",,,,1,1722343941,1304640346,,,,residential,,rural,way,,,,,,
"{""visible"":false,""area"":""yes""}",,,,1,1722343941,1304640347,,,,residential,,rural,way,,,,,,
"{""visible"":false}",,,,1,1722343941,1304640348,,,,residential,,irregular_settlement,way,,,,,,
"{""visible"":false}",,,,1,1722348097,1304654815,,,,residential,,rural,way,,,,,,
"{""visible"":false}",,,,1,1722348097,1304654816,,,,residential,,rural,way,,,,,,
"{""visible"":false}",,,,1,1722348097,1304654817,,,,residential,,urban,way,,,,,,
"{""visible"":false}",,,,1,1722348097,1304654818,,,,residential,,urban,way,,,,,,
"{""visible"":false}",,,,1,1722348097,1304654819,,,,residential,,rural,way,,,,,,
"{""visible"":false}",,,,1,1722348097,1304654820,,,,residential,,rural,way,,,,,,
"{""visible"":false}",,,,2,1771583788,1304654821,,,,residential,,rural,way,,,,,,
"{""visible"":false}",,,,1,1722348097,1304654829,,,,residential,,rural,way,,,,,,
"{""visible"":false}",,,,1,1722348097,1304654830,,,,residential,,urban,way,,,,,,
"{""visible"":false}",,,,1,1722348097,1304654831,,,,residential,,urban,way,,,,,,
"{""visible"":false}",,,,1,1722348097,1304654832,,,,residential,,urban,way,,,,,,
"{""visible"":false}",,,,1,1722348097,1304654833,,,,residential,,irregular_settlement,way,,,,,,
"{""visible"":false}",,,,1,1722348097,1304654834,,,,residential,,irregular_settlement,way,,,,,,
"{""visible"":false}",,,,2,1723456999,1304654835,,,,residential,,rural,way,,,,,,
"{""visible"":false}",,,,1,1722348097,1304654836,,,,residential,,irregular_settlement,way,,,,,,
"{""visible"":false}",,,,1,1722348097,1304654837,,,,residential,,rural,way,,,,,,
"{""visible"":false}",,,,1,1722348097,1304654838,,,,residential,,rural,way,,,,,,
"{""visible"":false}",,,,1,1722348097,1304654839,,,,residential,,urban,way,,,,,,
"{""visible"":false}",,,,1,1722348097,1304654840,,,,residential,,rural,way,,,,,,
"{""visible"":false,""area"":""yes""}",,,,1,1722348097,1304654841,,,,residential,,rural,way,,,,,,
"{""visible"":false}",,,,1,1722348097,1304654842,,,,residential,,rural,way,,,,,,
"{""visible"":false}",,,,1,1722348097,1304654843,,,,residential,,irregular_settlement,way,,,,,,
"{""visible"":false}",,,,1,1722348097,1304654844,,,,residential,,rural,way,,,,,,
"{""visible"":false}",,,,1,1722348097,1304654845,,,,residential,,rural,way,,,,,,
"{""visible"":false,""area"":""yes""}",,,,1,1722348097,1304654846,,,,residential,,rural,way,,,,,,
"{""visible"":false}",,,,1,1722348097,1304654847,,,,residential,,urban,way,,,,,,
"{""visible"":false}",,,,1,1722348097,1304654849,,,,residential,,urban,way,,,,,,
"{""visible"":false}",,,,1,1722348097,1304654851,,,,residential,,urban,way,,,,,,
"{""visible"":false}",,,,1,1722348097,1304654852,,,,residential,,rural,way,,,,,,
"{""visible"":false}",,,,1,1722348097,1304654853,,,,residential,,rural,way,,,,,,
"{""visible"":false}",,,,2,1773461226,1304658150,,,,residential,,rural,way,,,,,,
"{""visible"":false}",,,,1,1722349267,1304658151,,,,residential,,rural,way,,,,,,
"{""visible"":false}",,,,1,1722349267,1304658152,,,,residential,,urban,way,,,,,,
"{""visible"":false}",,,,1,1722349267,1304658153,,,,residential,,rural,way,,,,,,
"{""visible"":false}",,,,1,1722349267,1304658154,,,,residential,,urban,way,,,,,,
"{""visible"":false,""area"":""yes""}",,,,1,1722349267,1304658155,,,,residential,,rural,way,,,,,,
"{""visible"":false}",,,,1,1722349267,1304658156,,,,residential,,urban,way,,,,,,
"{""visible"":false}",,,,1,1722349267,1304658157,,,,residential,,rural,way,,,,,,
"{""visible"":false}",,,,1,1722349267,1304658158,,,,residential,,urban,way,,,,,,
"{""visible"":false}",,,,1,1722349267,1304658159,,,,residential,,rural,way,,,,,,
"{""visible"":false}",,,,1,1722349267,1304658161,,,,residential,,urban,way,,,,,,
"{""visible"":false}",,,,1,1722349267,1304658162,,,,residential,,rural,way,,,,,,
"{""visible"":false,""area"":""yes""}",,,,1,1722349267,1304658163,,,,residential,,rural,way,,,,,,
"{""visible"":false}",,,,1,1722409317,1304779229,,,,residential,,rural,way,,,,,,
"{""visible"":false}",,,,1,1722409317,1304779230,,,,residential,,irregular_settlement,way,,,,,,
"{""visible"":false}",,,,1,1722409317,1304779231,,,,residential,,rural,way,,,,,,
"{""visible"":false}",,,,1,1722409317,1304779232,,,,residential,,rural,way,,,,,,
"{""visible"":false}",,,,1,1722409317,1304779233,,,,residential,,rural,way,,,,,,
"{""visible"":false}",,,,1,1722409317,1304779234,,,,residential,,rural,way,,,,,,
"{""visible"":false}",,,,1,1722409317,1304779235,,,,residential,,rural,way,,,,,,
"{""visible"":false}",,,,1,1722409317,1304779236,,,,residential,,rural,way,,,,,,
"{""visible"":false}",,,,1,1722409317,1304779237,,,,residential,,rural,way,,,,,,
"{""visible"":false}",,,,1,1722409317,1304779238,,,,residential,,rural,way,,,,,,
"{""visible"":false}",,,,1,1722409317,1304779240,,,,residential,,rural,way,,,,,,
"{""visible"":false}",,,,1,1722409317,1304779241,,,,residential,,rural,way,,,,,,
"{""visible"":false}",,,,1,1722409317,1304779242,,,,residential,,rural,way,,,,,,
"{""visible"":false}",,,,1,1722409317,1304779243,,,,residential,,rural,way,,,,,,
"{""visible"":false}",,,,1,1722409317,1304779244,,,,residential,,rural,way,,,,,,
"{""visible"":false}",,,,1,1722409317,1304779245,,,,residential,,rural,way,,,,,,
"{""visible"":false}",,,,1,1722409317,1304779246,,,,residential,,rural,way,,,,,,
"{""visible"":false}",,,,1,1722409317,1304779247,,,,residential,,rural,way,,,,,,
"{""visible"":false}",,,,1,1722409317,1304779248,,,,residential,,rural,way,,,,,,
"{""visible"":false}",,,,1,1722409317,1304779249,,,,residential,,rural,way,,,,,,
"{""visible"":false}",,,,1,1722409317,1304779250,,,,residential,,rural,way,,,,,,
"{""visible"":false}",,,,1,1722409317,1304779251,,,,residential,,rural,way,,,,,,
"{""visible"":false}",,,,1,1722409317,1304779252,,,,residential,,urban,way,,,,,,
"{""visible"":false}",,,,1,1722409317,1304779254,,,,residential,,urban,way,,,,,,
"{""visible"":false}",,,,1,1722409317,1304779256,,,,residential,,rural,way,,,,,,
"{""visible"":false}",,,,1,1722409317,1304779257,,,,residential,,rural,way,,,,,,
"{""visible"":false}",,,,1,1722409317,1304779258,,,,residential,,urban,way,,,,,,
"{""visible"":false}",,,,1,1722409317,1304779259,,,,residential,,irregular_settlement,way,,,,,,
"{""visible"":false}",,,,1,1722409317,1304779260,,,,residential,,urban,way,,,,,,
"{""visible"":false}",,,,1,1722409317,1304779265,,,,residential,,urban,way,,,,,,
"{""visible"":false}",,,,1,1722409317,1304779266,,,,residential,,rural,way,,,,,,
"{""visible"":false}",,,,1,1722412124,1304783866,,,,residential,,rural,way,,,,,,
"{""visible"":false}",,,,1,1722412124,1304783867,,,,residential,,rural,way,,,,,,
"{""visible"":false}",,,,1,1722412124,1304783868,,,,residential,,irregular_settlement,way,,,,,,
"{""visible"":false}",,,,1,1722412124,1304783869,,,,residential,,urban,way,,,,,,
"{""visible"":false}",,,,1,1722412124,1304783870,,,,residential,,rural,way,,,,,,
"{""visible"":false}",,,,1,1722412124,1304783871,,,,residential,,rural,way,,,,,,
"{""visible"":false}",,,,1,1722412124,1304783872,,,,residential,,rural,way,,,,,,
"{""visible"":false}",,,,1,1722412124,1304783874,,,,residential,,rural,way,,,,,,
"{""visible"":false}",,,,1,1722412124,1304783876,,,,residential,,rural,way,,,,,,
"{""visible"":false}",,,,1,1722412124,1304783877,,,,residential,,rural,way,,,,,,
"{""visible"":false}",,,,1,1722412124,1304783878,,,,residential,,rural,way,,,,,,
"{""visible"":false}",,,,1,1722412124,1304783879,,,,residential,,rural,way,,,,,,
"{""visible"":false}",,,,1,1722412124,1304783880,,,,residential,,urban,way,,,,,,
"{""visible"":false}",,,,1,1722412124,1304783881,,,,residential,,rural,way,,,,,,
"{""visible"":false}",,,,1,1722412124,1304783882,,,,residential,,rural,way,,,,,,
"{""visible"":false}",,,,1,1722412124,1304783883,,,,residential,,rural,way,,,,,,
"{""visible"":false}",,,,1,1722412124,1304783884,,,,residential,,rural,way,,,,,,
"{""visible"":false}",,,,1,1722412124,1304783885,,,,residential,,rural,way,,,,,,
"{""visible"":false}",,,,1,1722412124,1304783886,,,,residential,,rural,way,,,,,,
"{""visible"":false}",,,,1,1722412124,1304783887,,,,residential,,rural,way,,,,,,
"{""visible"":false}",,,,1,1722412124,1304783888,,,,residential,,urban,way,,,,,,
"{""visible"":false}",,,,1,1722415906,1304792119,,,,residential,,urban,way,,,,,,
"{""visible"":false}",,,,1,1722415906,1304792120,,,,residential,,irregular_settlement,way,,,,,,
"{""visible"":false}",,,,1,1722415906,1304792121,,,,residential,,urban,way,,,,,,
"{""visible"":false}",,,,1,1722415906,1304792122,,,,residential,,rural,way,,,,,,
"{""visible"":false}",,,,1,1722415906,1304792123,,,,residential,,urban,way,,,,,,
"{""visible"":false}",,,,1,1722415906,1304792124,,,,residential,,urban,way,,,,,,
"{""visible"":false}",,,,1,1722415906,1304792125,,,,residential,,rural,way,,,,,,
"{""visible"":false}",,,,1,1722415906,1304792126,,,,residential,,urban,way,,,,,,
"{""visible"":false}",,,,1,1722415906,1304792127,,,,residential,,rural,way,,,,,,
"{""visible"":false}",,,,1,1722415906,1304792128,,,,residential,,urban,way,,,,,,
"{""visible"":false}",,,,1,1722415906,1304792129,,,,residential,,rural,way,,,,,,
"{""visible"":false}",,,,1,1722415906,1304792130,,,,residential,,rural,way,,,,,,
"{""visible"":false}",,,,1,1722415906,1304792131,,,,residential,,rural,way,,,,,,
"{""visible"":false}",,,,1,1722415906,1304792132,,,,residential,,rural,way,,,,,,
"{""visible"":false}",,,,1,1722415906,1304792134,,,,residential,,rural,way,,,,,,
"{""visible"":false}",,,,1,1722415906,1304792136,,,,residential,,urban,way,,,,,,
"{""visible"":false}",,,,1,1722415906,1304792137,,,,residential,,rural,way,,,,,,
"{""visible"":false}",,,,1,1722415906,1304792138,,,,residential,,rural,way,,,,,,
"{""visible"":false}",,,,1,1722415906,1304792139,,,,residential,,irregular_settlement,way,,,,,,
"{""visible"":false}",,,,1,1722415906,1304792140,,,,residential,,rural,way,,,,,,
"{""visible"":false}",,,,1,1722415906,1304792141,,,,residential,,rural,way,,,,,,
"{""visible"":false}",,,,1,1722415906,1304792142,,,,residential,,rural,way,,,,,,
"{""visible"":false,""area"":""yes""}",,,,1,1722415973,1304792263,,,,residential,,urban,way,,,,,,
"{""visible"":false,""area"":""yes""}",,,,1,1722415973,1304792264,,,,residential,,urban,way,,,,,,
"{""visible"":false,""area"":""yes""}",,,,2,1722588405,1304792265,,,,residential,,irregular_settlement,way,,,,,,
"{""visible"":false,""area"":""yes""}",,,,1,1722415973,1304792266,,,,residential,,urban,way,,,,,,
"{""visible"":false,""area"":""yes""}",,,,3,1731468780,1304792267,,,,residential,,urban,way,,,,,,
"{""visible"":false,""area"":""yes""}",,,,3,1731468708,1304792268,,,,residential,,urban,way,,,,,,
"{""visible"":false,""area"":""yes""}",,,,2,1722588405,1304792269,,,,residential,,irregular_settlement,way,,,,,,
"{""visible"":false,""area"":""yes""}",,,,2,1722588405,1304792270,,,,residential,,irregular_settlement,way,,,,,,
"{""visible"":false,""area"":""yes""}",,,,2,1722588405,1304792271,,,,residential,,irregular_settlement,way,,,,,,
"{""visible"":false}",,,,1,1722419238,1304800153,,,,residential,,rural,way,,,,,,
"{""visible"":false}",,,,1,1722419238,1304800156,,,,residential,,rural,way,,,,,,
"{""visible"":false}",,,,1,1722419238,1304800157,,,,residential,,rural,way,,,,,,
"{""visible"":false}",,,,1,1722419238,1304800158,,,,residential,,rural,way,,,,,,
"{""visible"":false}",,,,1,1722419238,1304800159,,,,residential,,rural,way,,,,,,
"{""visible"":false}",,,,1,1722419238,1304800160,,,,residential,,rural,way,,,,,,
"{""visible"":false}",,,,1,1722419238,1304800162,,,,residential,,rural,way,,,,,,
"{""visible"":false}",,,,1,1722419238,1304800163,,,,residential,,urban,way,,,,,,
"{""visible"":false}",,,,1,1722419238,1304800164,,,,residential,,irregular_settlement,way,,,,,,
"{""visible"":false}",,,,1,1722419238,1304800165,,,,residential,,urban,way,,,,,,
"{""visible"":false}",,,,1,1722419238,1304800166,,,,residential,,urban,way,,,,,,
"{""visible"":false}",,,,1,1722419238,1304800167,,,,residential,,rural,way,,,,,,
"{""visible"":false}",,,,1,1722419238,1304800168,,,,residential,,urban,way,,,,,,
"{""visible"":false}",,,,1,1722419238,1304800169,,,,residential,,urban,way,,,,,,
"{""visible"":false}",,,,1,1722419238,1304800170,,,,residential,,rural,way,,,,,,
"{""visible"":false}",,,,1,1722419238,1304800171,,,,residential,,urban,way,,,,,,
"{""visible"":false}",,,,1,1722419238,1304800172,,,,residential,,rural,way,,,,,,
"{""visible"":false}",,,,1,1722419238,1304800173,,,,residential,,rural,way,,,,,,
"{""visible"":false}",,,,1,1722419238,1304800174,,,,residential,,rural,way,,,,,,
"{""visible"":false}",,,,1,1722419238,1304800175,,,,residential,,rural,way,,,,,,
"{""visible"":false}",,,,1,1722419238,1304800177,,,,residential,,rural,way,,,,,,
"{""visible"":false}",,,,1,1722419238,1304800179,,,,residential,,rural,way,,,,,,
"{""visible"":false}",,,,1,1722419238,1304800180,,,,residential,,rural,way,,,,,,
"{""visible"":false}",,,,1,1722419238,1304800181,,,,residential,,urban,way,,,,,,
"{""visible"":false}",,,,1,1722419238,1304800182,,,,residential,,urban,way,,,,,,
"{""visible"":false}",,,,1,1722419238,1304800183,,,,residential,,rural,way,,,,,,
"{""visible"":false}",,,,1,1722419238,1304800184,,,,residential,,rural,way,,,,,,
"{""visible"":false}",,,,1,1722419238,1304800185,,,,residential,,rural,way,,,,,,
"{""visible"":false}",,,,1,1722419238,1304800186,,,,residential,,urban,way,,,,,,
"{""visible"":false}",,,,1,1722419238,1304800187,,,,residential,,rural,way,,,,,,
"{""visible"":false}",,,,1,1722424221,1304814680,,,,residential,,rural,way,,,,,,
"{""visible"":false}",,,,1,1722424221,1304814683,,,,residential,,urban,way,,,,,,
"{""visible"":false}",,,,1,1722424221,1304814685,,,,residential,,rural,way,,,,,,
"{""visible"":false}",,,,1,1722424221,1304814686,,,,residential,,urban,way,,,,,,
"{""visible"":false}",,,,1,1722424221,1304814687,,,,residential,,rural,way,,,,,,
"{""visible"":false}",,,,1,1722424221,1304814688,,,,residential,,rural,way,,,,,,
"{""visible"":false}",,,,1,1722424221,1304814691,,,,residential,,rural,way,,,,,,
"{""visible"":false}",,,,1,1722424221,1304814692,,,,residential,,rural,way,,,,,,
"{""visible"":false}",,,,1,1722424221,1304814693,,,,residential,,urban,way,,,,,,
"{""visible"":false}",,,,1,1722424221,1304814695,,,,residential,,rural,way,,,,,,
"{""visible"":false}",,,,1,1722424221,1304814697,,,,residential,,rural,way,,,,,,
"{""visible"":false}",,,,1,1722424221,1304814698,,,,residential,,rural,way,,,,,,
"{""visible"":false}",,,,1,1722424221,1304814702,,,,residential,,irregular_settlement,way,,,,,,
"{""visible"":false}",,,,1,1722424221,1304814703,,,,residential,,rural,way,,,,,,
"{""visible"":false}",,,,1,1722424221,1304814704,,,,residential,,urban,way,,,,,,
"{""visible"":false}",,,,1,1722424221,1304814705,,,,residential,,rural,way,,,,,,
"{""visible"":false}",,,,1,1722424221,1304814706,,,,residential,,rural,way,,,,,,
"{""visible"":false}",,,,1,1722424221,1304814707,,,,residential,,irregular_settlement,way,,,,,,
"{""visible"":false}",,,,1,1722426276,1304819996,,,,residential,,rural,way,,,,,,
"{""visible"":false}",,,,1,1722426276,1304819998,,,,residential,,rural,way,,,,,,
"{""visible"":false}",,,,1,1722426276,1304819999,,,,residential,,rural,way,,,,,,
"{""visible"":false}",,,,1,1722426276,1304820000,,,,residential,,rural,way,,,,,,
"{""visible"":false}",,,,1,1722426276,1304820001,,,,residential,,irregular_settlement,way,,,,,,
"{""visible"":false}",,,,1,1722426276,1304820002,,,,residential,,rural,way,,,,,,
"{""visible"":false}",,,,1,1722426276,1304820006,,,,residential,,irregular_settlement,way,,,,,,
"{""visible"":false}",,,,1,1722426276,1304820008,,,,residential,,urban,way,,,,,,
"{""visible"":false}",,,,1,1722426276,1304820011,,,,residential,,rural,way,,,,,,
"{""visible"":false}",,,,1,1722426276,1304820012,,,,residential,,rural,way,,,,,,
"{""visible"":false}",,,,1,1722426276,1304820013,,,,residential,,urban,way,,,,,,
"{""visible"":false}",,,,1,1722426276,1304820014,,,,residential,,urban,way,,,,,,
"{""visible"":false}",,,,1,1722428276,1304826134,,,,residential,,rural,way,,,,,,
"{""visible"":false}",,,,1,1722428276,1304826137,,,,residential,,rural,way,,,,,,
"{""visible"":false}",,,,1,1722428276,1304826138,,,,residential,,urban,way,,,,,,
"{""visible"":false}",,,,1,1722428276,1304826139,,,,residential,,urban,way,,,,,,
"{""visible"":false}",,,,1,1722428276,1304826140,,,,residential,,rural,way,,,,,,
"{""visible"":false}",,,,1,1722428276,1304826142,,,,residential,,urban,way,,,,,,
"{""visible"":false}",,,,1,1722429385,1304830188,,,,residential,,irregular_settlement,way,,,,,,
"{""visible"":false}",,,,1,1722429385,1304830189,,,,residential,,apartments,way,,,,,,
"{""visible"":false}",,,,1,1722433560,1304843555,,,,residential,,urban,way,,,,,,
"{""visible"":false}",,,,1,1722433560,1304843560,,,,residential,,rural,way,,,,,,
"{""visible"":false}",,,,1,1722433560,1304843561,,,,residential,,rural,way,,,,,,
"{""visible"":false}",,,,1,1722433560,1304843564,,,,residential,,urban,way,,,,,,
"{""visible"":false}",,,,1,1722433560,1304843566,,,,residential,,urban,way,,,,,,
"{""visible"":false}",,,,2,1722933686,1304865279,,,,residential,,urban,way,,,,,,
"{""visible"":false}",,,,2,1722933686,1304865280,,,,residential,,urban,way,,,,,,
"{""visible"":false}",,,,1,1722493565,1304974283,,,,residential,,rural,way,,,,,,
"{""visible"":false,""area"":""yes""}",,,,2,1722588405,1305046416,,,,residential,,irregular_settlement,way,,,,,,
"{""visible"":false,""area"":""yes""}",,,,1,1722516534,1305046424,,,,residential,,rural,way,,,,,,
"{""visible"":false,""area"":""yes""}",,,,3,1723552772,1305046425,,,,residential,,rural,way,,,,,,
"{""visible"":false,""area"":""yes""}",,,,1,1722516534,1305046426,,,,residential,,rural,way,,,,,,
"{""visible"":false,""area"":""yes""}",,,,2,1722588405,1305046427,,,,residential,,irregular_settlement,way,,,,,,
"{""visible"":false,""area"":""yes""}",,,,1,1722516534,1305046428,,,,residential,,urban,way,,,,,,
"{""visible"":false,""area"":""yes""}",,,,3,1723552772,1305046429,,,,residential,,rural,way,,,,,,
"{""visible"":false,""area"":""yes""}",,,,3,1723552772,1305046431,,,,residential,,rural,way,,,,,,
"{""visible"":false,""area"":""yes""}",,,,1,1722516534,1305046432,,,,residential,,urban,way,,,,,,
"{""visible"":false,""area"":""yes""}",,,,1,1722516534,1305046433,,,,residential,,urban,way,,,,,,
"{""visible"":false,""area"":""yes""}",,,,1,1722520360,1305057683,,,,residential,,urban,way,,,,,,
"{""visible"":false,""area"":""yes""}",,,,1,1722520360,1305057684,,,,residential,,urban,way,,,,,,
"{""visible"":false,""area"":""yes""}",,,,1,1722520360,1305057685,,,,residential,,urban,way,,,,,,
"{""visible"":false}",,,,1,1722842538,1305667821,,,,residential,,rural,way,,,,,,
"{""visible"":false}",,,,1,1722842538,1305667823,,,,residential,,irregular_settlement,way,,,,,,
"{""visible"":false}",,,,1,1722845140,1305673464,,,,residential,,rural,way,,,,,,
"{""visible"":false}",,,,1,1722845140,1305673503,,,,residential,,urban,way,,,,,,
"{""visible"":false}",,,,1,1722845140,1305673504,,,,residential,,rural,way,,,,,,
"{""visible"":false}",,,,1,1722845140,1305673505,,,,residential,,rural,way,,,,,,
"{""visible"":false}",,,,1,1722845140,1305673506,,,,residential,,urban,way,,,,,,
"{""visible"":false}",,,,1,1722847412,1305679505,,,,residential,,urban,way,,,,,,
"{""visible"":false}",,,,1,1722847412,1305679506,,,,residential,,rural,way,,,,,,
"{""visible"":false}",,,,2,1741952453,1305679507,,,,residential,,rural,way,,,,,,
"{""visible"":false}",,,,1,1722847412,1305679509,,,,residential,,urban,way,,,,,,
"{""visible"":false}",,,,1,1722852122,1305690391,,,,residential,,rural,way,,,,,,
"{""visible"":false}",,,,1,1722854631,1305696492,,,,residential,,rural,way,,,,,,
"{""visible"":false}",,,,1,1722855869,1305699782,,,,residential,,urban,way,,,,,,
"{""visible"":false}",,,,1,1722861735,1305738738,,,,residential,,urban,way,,,,,,
"{""visible"":false}",,,,1,1722861735,1305738739,,,,residential,,urban,way,,,,,,
"{""visible"":false}",,,,1,1722861735,1305738740,,,,residential,,rural,way,,,,,,
"{""visible"":false}",,,,2,1722951287,1305741683,,,,residential,,urban,way,,,,,,
"{""visible"":false}",,,,1,1722864691,1305746860,,,,residential,,irregular_settlement,way,,,,,,
"{""visible"":false}",,,,1,1722927204,1305883214,,,,residential,,rural,way,,,,,,
"{""visible"":false}",,,,2,1723033558,1305883218,,,,residential,,urban,way,,,,,,
"{""visible"":false}",,,,1,1722929804,1305888640,,,,residential,,irregular_settlement,way,,,,,,
"{""visible"":false}",,,,1,1722929804,1305888641,,,,residential,,irregular_settlement,way,,,,,,
"{""visible"":false}",,,,2,1723036637,1305888646,,,,residential,,rural,way,,,,,,
"{""visible"":false}",,,,1,1722931835,1305893150,,,,residential,,rural,way,,,,,,
"{""visible"":false}",,,,1,1722931835,1305893154,,,,residential,,rural,way,,,,,,
"{""visible"":false}",,,,1,1722931835,1305893157,,,,residential,,urban,way,,,,,,
"{""visible"":false}",,,,1,1722931835,1305893158,,,,residential,,urban,way,,,,,,
"{""visible"":false}",,,,1,1722931835,1305893159,,,,residential,,urban,way,,,,,,
"{""visible"":false}",,,,1,1722931835,1305893166,,,,residential,,rural,way,,,,,,
"{""visible"":false,""area"":""yes""}",,,,1,1722940050,1305919420,,,,residential,,irregular_settlement,way,,,,,,
"{""visible"":false}",,,,1,1722943654,1305930493,,,,residential,,rural,way,,,,,,
"{""visible"":false}",,,,1,1722943654,1305930494,,,,residential,,rural,way,,,,,,
"{""visible"":false}",,,,1,1722943654,1305930504,,,,residential,,rural,way,,,,,,
"{""visible"":false}",,,,1,1722943654,1305930505,,,,residential,,rural,way,,,,,,
"{""visible"":false}",,,,1,1722944002,1305931190,,,,residential,,rural,way,,,,,,
"{""visible"":false}",,,,1,1722947777,1305940750,,,,residential,,rural,way,,,,,,
"{""visible"":false}",,,,1,1722947777,1305940751,,,,residential,,rural,way,,,,,,
"{""visible"":false}",,,,1,1722947777,1305940752,,,,residential,,rural,way,,,,,,
"{""visible"":false}",,,,1,1722947777,1305940753,,,,residential,,rural,way,,,,,,
"{""visible"":false}",,,,2,1747024840,1305940754,,,,residential,,urban,way,,,,,,
"{""visible"":false}",,,,1,1722947777,1305940756,,,,residential,,rural,way,,,,,,
"{""visible"":false}",,,,1,1722947777,1305940757,,,,residential,,rural,way,,,,,,
"{""visible"":false}",,,,1,1722947777,1305940758,,,,residential,,urban,way,,,,,,
"{""visible"":false}",,,,1,1722947777,1305940762,,,,residential,,rural,way,,,,,,
"{""visible"":false}",,,,1,1722949664,1305945833,,,,residential,,rural,way,,,,,,
"{""visible"":false}",,,,1,1722949664,1305945834,,,,residential,,urban,way,,,,,,
"{""visible"":false}",,,,1,1722949664,1305945835,,,,residential,,rural,way,,,,,,
"{""visible"":false,""res"":""irregular_settlement""}",,,,1,1723017182,1306102714,,,,residential,,,way,,,,,,
"{""visible"":false}",,,,1,1723017182,1306102716,,,,residential,,urban,way,,,,,,
"{""visible"":false}",,,,1,1723017182,1306102717,,,,residential,,urban,way,,,,,,
"{""visible"":false}",,,,1,1723017182,1306102718,,,,residential,,rural,way,,,,,,
"{""visible"":false}",,,,1,1723018498,1306105436,,,,residential,,rural,way,,,,,,
"{""visible"":false}",,,,1,1723018498,1306105444,,,,residential,,urban,way,,,,,,
"{""visible"":false}",,,,2,1785078508,1306112319,,,,residential,,urban,way,,,,,,
"{""visible"":false}",,,,1,1723020593,1306112330,,,,residential,,rural,way,,,,,,
"{""visible"":false}",,,,1,1723020593,1306112331,,,,residential,,urban,way,,,,,,
"{""visible"":false}",,,,1,1723022635,1306118825,,,,residential,,rural,way,,,,,,
"{""visible"":false}",,,,1,1723022635,1306118826,,,,residential,,urban,way,,,,,,
"{""visible"":false}",,,,1,1723022635,1306118838,,,,residential,,rural,way,,,,,,
"{""visible"":false}",,,,1,1723022635,1306118839,,,,residential,,urban,way,,,,,,
"{""visible"":false}",,,,1,1723026036,1306131518,,,,residential,,urban,way,,,,,,
"{""visible"":false}",,,,1,1723026036,1306131519,,,,residential,,urban,way,,,,,,
"{""visible"":false}",,,,1,1723026036,1306131520,,,,residential,,rural,way,,,,,,
"{""visible"":false}",,,,1,1723026036,1306131521,,,,residential,,rural,way,,,,,,
"{""visible"":false}",,,,1,1723026036,1306131537,,,,residential,,rural,way,,,,,,
"{""visible"":false}",,,,1,1723026036,1306131563,,,,residential,,rural,way,,,,,,
"{""visible"":false}",,,,1,1723027696,1306137242,,,,residential,,irregular_settlement,way,,,,,,
"{""visible"":false}",,,,1,1723027696,1306137243,,,,residential,,rural,way,,,,,,
"{""visible"":false}",,,,1,1723027696,1306137244,,,,residential,,irregular_settlement,way,,,,,,
"{""visible"":false}",,,,1,1723027696,1306137245,,,,residential,,irregular_settlement,way,,,,,,
"{""visible"":false}",,,,1,1723033558,1306153947,,,,residential,,rural,way,,,,,,
"{""visible"":false}",,,,1,1723033558,1306153949,,,,residential,,irregular_settlement,way,,,,,,
"{""visible"":false}",,,,1,1723033558,1306153950,,,,residential,,rural,way,,,,,,
"{""visible"":false}",,,,1,1723033558,1306153955,,,,residential,,rural,way,,,,,,
"{""visible"":false}",,,,1,1723033558,1306153959,,,,residential,,rural,way,,,,,,
"{""visible"":false}",,,,1,1723033558,1306153968,,,,residential,,rural,way,,,,,,
"{""visible"":false}",,,,1,1723033558,1306153981,,,,residential,,urban,way,,,,,,
"{""visible"":false}",,,,1,1723033558,1306153982,,,,residential,,rural,way,,,,,,
"{""visible"":false}",,,,1,1723033558,1306153983,,,,residential,,urban,way,,,,,,
"{""visible"":false}",,,,1,1723033558,1306153986,,,,residential,,rural,way,,,,,,
"{""visible"":false}",,,,1,1723033558,1306153988,,,,residential,,rural,way,,,,,,
"{""visible"":false}",,,,1,1723033558,1306153989,,,,residential,,rural,way,,,,,,
"{""visible"":false}",,,,1,1723033558,1306153990,,,,residential,,rural,way,,,,,,
"{""visible"":false}",,,,1,1723036637,1306167270,,,,residential,,urban,way,,,,,,
"{""visible"":false}",,,,1,1723036637,1306167271,,,,residential,,rural,way,,,,,,
"{""visible"":false}",,,,1,1723036637,1306167273,,,,residential,,rural,way,,,,,,
"{""visible"":false}",,,,1,1723036637,1306167275,,,,residential,,irregular_settlement,way,,,,,,
"{""visible"":false}",,,,1,1723036637,1306167277,,,,residential,,rural,way,,,,,,
"{""visible"":false}",,,,1,1723036637,1306167291,,,,residential,,urban,way,,,,,,
"{""visible"":false}",,,,1,1723036637,1306167293,,,,residential,,rural,way,,,,,,
"{""visible"":false}",,,,1,1723036637,1306167297,,,,residential,,rural,way,,,,,,
"{""visible"":false}",,,,1,1723036637,1306167298,,,,residential,,rural,way,,,,,,
"{""visible"":false,""area"":""yes""}",,,,2,1723285716,1306170879,,,,residential,,irregular_settlement,way,,,,,,
"{""visible"":false,""area"":""yes""}",,,,1,1723038104,1306170880,,,,residential,,rural,way,,,,,,
"{""visible"":false}",,,,2,1723285716,1306170893,,,,residential,,irregular_settlement,way,,,,,,
"{""visible"":false,""area"":""yes""}",,,,1,1723038104,1306170908,,,,residential,,urban,way,,,,,,
"{""visible"":false,""area"":""yes""}",,,,1,1723038104,1306170934,,,,residential,,urban,way,,,,,,
"{""visible"":false}",,,,1,1723102804,1306307777,,,,residential,,rural,way,,,,,,
"{""visible"":false}",,,,1,1723102804,1306307780,,,,residential,,rural,way,,,,,,
"{""visible"":false}",,,,1,1723102804,1306307781,,,,residential,,rural,way,,,,,,
"{""visible"":false}",,,,1,1723102804,1306307782,,,,residential,,rural,way,,,,,,
"{""visible"":false}",,,,1,1723102804,1306307783,,,,residential,,rural,way,,,,,,
"{""visible"":false}",,,,1,1723102804,1306307784,,,,residential,,rural,way,,,,,,
"{""visible"":false}",,,,1,1723102804,1306307786,,,,residential,,rural,way,,,,,,
"{""visible"":false}",,,,1,1723102804,1306307787,,,,residential,,rural,way,,,,,,
"{""visible"":false}",,,,1,1723102804,1306307791,,,,residential,,rural,way,,,,,,
"{""visible"":false}",,,,1,1723102804,1306307792,,,,residential,,rural,way,,,,,,
"{""visible"":false}",,,,1,1723102804,1306307793,,,,residential,,rural,way,,,,,,
"{""visible"":false}",,,,1,1723102804,1306307795,,,,residential,,rural,way,,,,,,
"{""visible"":false}",,,,1,1723102804,1306307796,,,,residential,,rural,way,,,,,,
"{""visible"":false}",,,,1,1723102804,1306307798,,,,residential,,irregular_settlement,way,,,,,,
"{""visible"":false}",,,,1,1723102804,1306307799,,,,residential,,rural,way,,,,,,
"{""visible"":false}",,,,1,1723102804,1306307800,,,,residential,,irregular_settlement,way,,,,,,
"{""visible"":false}",,,,3,1765361228,1306307801,,,,residential,,rural,way,,,,,,
"{""visible"":false,""name"":""Stavya Roots""}",,,,3,1759830107,1306307803,,,,residential,,residential_plots,way,,,,,,
"{""visible"":false}",,,,1,1723102804,1306307804,,,,residential,,rural,way,,,,,,
"{""visible"":false}",,,,1,1723102804,1306307809,,,,residential,,rural,way,,,,,,
"{""visible"":false}",,,,1,1723102804,1306307810,,,,residential,,rural,way,,,,,,
"{""visible"":false}",,,,1,1723102804,1306307824,,,,residential,,urban,way,,,,,,
"{""visible"":false}",,,,2,1765459654,1306312159,,,,residential,,urban,way,,,,,,
"{""visible"":false}",,,,1,1723104054,1306312160,,,,residential,,rural,way,,,,,,
"{""visible"":false}",,,,1,1723104054,1306312161,,,,residential,,rural,way,,,,,,
"{""visible"":false}",,,,1,1723104054,1306312163,,,,residential,,rural,way,,,,,,
"{""visible"":false}",,,,1,1723104054,1306312164,,,,residential,,rural,way,,,,,,
"{""visible"":false}",,,,1,1723104054,1306312170,,,,residential,,rural,way,,,,,,
"{""visible"":false}",,,,2,1760623620,1306322206,,,,residential,,rural,way,,,,,,
"{""visible"":false}",,,,1,1723107808,1306322218,,,,residential,,urban,way,,,,,,
"{""visible"":false}",,,,1,1723107808,1306322219,,,,residential,,rural,way,,,,,,
"{""visible"":false}",,,,1,1723107808,1306322222,,,,residential,,urban,way,,,,,,
"{""visible"":false}",,,,1,1723107808,1306322224,,,,residential,,rural,way,,,,,,
"{""visible"":false}",,,,1,1723107808,1306322226,,,,residential,,rural,way,,,,,,
"{""visible"":false}",,,,1,1723107808,1306322230,,,,residential,,rural,way,,,,,,
"{""visible"":false}",,,,1,1723107808,1306322234,,,,residential,,rural,way,,,,,,
"{""visible"":false}",,,,1,1723107808,1306322235,,,,residential,,rural,way,,,,,,
"{""visible"":false}",,,,1,1723107808,1306322237,,,,residential,,rural,way,,,,,,
"{""visible"":false}",,,,1,1723107808,1306322238,,,,residential,,urban,way,,,,,,
"{""visible"":false}",,,,1,1723107808,1306322240,,,,residential,,rural,way,,,,,,
"{""visible"":false}",,,,1,1723107808,1306322243,,,,residential,,rural,way,,,,,,
"{""visible"":false}",,,,1,1723107808,1306322244,,,,residential,,urban,way,,,,,,
"{""visible"":false}",,,,1,1723107808,1306322250,,,,residential,,rural,way,,,,,,
"{""visible"":false}",,,,1,1723107808,1306322251,,,,residential,,rural,way,,,,,,
"{""visible"":false}",,,,1,1723107808,1306322252,,,,residential,,irregular_settlement,way,,,,,,
"{""visible"":false}",,,,1,1723107808,1306322254,,,,residential,,rural,way,,,,,,
"{""visible"":false}",,,,1,1723107808,1306322258,,,,residential,,rural,way,,,,,,
"{""visible"":false}",,,,1,1723107808,1306322260,,,,residential,,rural,way,,,,,,
"{""visible"":false}",,,,1,1723108615,1306324231,,,,residential,,rural,way,,,,,,
"{""visible"":false}",,,,1,1723108615,1306324232,,,,residential,,apartments,way,,,,,,
"{""visible"":false}",,,,1,1723115131,1306338377,,,,residential,,rural,way,,,,,,
"{""visible"":false}",,,,1,1723115131,1306338397,,,,residential,,rural,way,,,,,,
"{""visible"":false}",,,,1,1723115131,1306338398,,,,residential,,urban,way,,,,,,
"{""visible"":false}",,,,1,1723115131,1306338399,,,,residential,,urban,way,,,,,,
"{""visible"":false}",,,,1,1723117800,1306345444,,,,residential,,rural,way,,,,,,
"{""visible"":false}",,,,1,1723122597,1306359546,,,,residential,,urban,way,,,,,,
"{""visible"":false}",,,,1,1723122597,1306359547,,,,residential,,urban,way,,,,,,
"{""visible"":false,""area"":""yes""}",,,,1,1723125099,1306367288,,,,residential,,urban,way,,,,,,
"{""visible"":false,""area"":""yes""}",,,,1,1723125099,1306367294,,,,residential,,urban,way,,,,,,
"{""visible"":false}",,,,1,1723126113,1306369956,,,,residential,,urban,way,,,,,,
"{""visible"":false,""area"":""yes""}",,,,2,1723285716,1306515128,,,,residential,,irregular_settlement,way,,,,,,
"{""visible"":false,""area"":""yes""}",,,,1,1723191786,1306515132,,,,residential,,rural,way,,,,,,
"{""visible"":false,""area"":""yes""}",,,,1,1723191786,1306515133,,,,residential,,rural,way,,,,,,
"{""visible"":false,""area"":""yes""}",,,,1,1723191786,1306515142,,,,residential,,rural,way,,,,,,
"{""visible"":false,""area"":""yes""}",,,,1,1723191786,1306515160,,,,residential,,rural,way,,,,,,
"{""visible"":false,""area"":""yes""}",,,,1,1723191786,1306515161,,,,residential,,rural,way,,,,,,
"{""visible"":false,""area"":""yes""}",,,,2,1723285716,1306515162,,,,residential,,irregular_settlement,way,,,,,,
"{""visible"":false,""area"":""yes""}",,,,1,1723191786,1306515163,,,,residential,,urban,way,,,,,,
"{""visible"":false,""area"":""yes""}",,,,2,1723875900,1306515164,,,,residential,,urban,way,,,,,,
"{""visible"":false,""area"":""yes""}",,,,1,1723191786,1306515165,,,,residential,,rural,way,,,,,,
"{""visible"":false,""area"":""yes""}",,,,1,1723191786,1306515168,,,,residential,,rural,way,,,,,,
"{""visible"":false,""area"":""yes""}",,,,1,1723191786,1306515173,,,,residential,,urban,way,,,,,,
"{""visible"":false,""area"":""yes""}",,,,1,1723191786,1306515184,,,,residential,,urban,way,,,,,,
"{""visible"":false,""area"":""yes""}",,,,2,1723285716,1306595345,,,,residential,,irregular_settlement,way,,,,,,
"{""visible"":false,""area"":""yes""}",,,,1,1723209929,1306595346,,,,residential,,urban,way,,,,,,
"{""visible"":false,""area"":""yes""}",,,,1,1723209929,1306595347,,,,residential,,urban,way,,,,,,
"{""visible"":false,""res"":""urban""}",,,,2,1723449226,1307181115,,,,residential,,,way,,,,,,
"{""visible"":false}",,,,1,1723446341,1307181116,,,,residential,,rural,way,,,,,,
"{""visible"":false}",,,,1,1723469158,1307254414,,,,residential,,rural,way,,,,,,
"{""visible"":false}",,,,1,1723543298,1307451872,,,,residential,,rural,way,,,,,,
"{""visible"":false}",,,,1,1723543298,1307451875,,,,residential,,rural,way,,,,,,
"{""visible"":false}",,,,1,1723543298,1307451877,,,,residential,,urban,way,,,,,,
"{""visible"":false,""area"":""yes""}",,,,1,1723552772,1307480581,,,,residential,,rural,way,,,,,,
"{""visible"":false,""area"":""yes""}",,,,1,1723552772,1307480582,,,,residential,,urban,way,,,,,,
"{""visible"":false,""area"":""yes""}",,,,2,1723758615,1307480597,,,,residential,,irregular_settlement,way,,,,,,
"{""visible"":false,""area"":""yes""}",,,,2,1723758615,1307480598,,,,residential,,irregular_settlement,way,,,,,,
"{""visible"":false,""area"":""yes""}",,,,1,1723552772,1307480601,,,,residential,,rural,way,,,,,,
"{""visible"":false,""area"":""yes""}",,,,2,1723758615,1307480607,,,,residential,,irregular_settlement,way,,,,,,
"{""visible"":false,""area"":""yes""}",,,,2,1723758615,1307480608,,,,residential,,irregular_settlement,way,,,,,,
"{""visible"":false,""area"":""yes""}",,,,2,1723758615,1307480609,,,,residential,,irregular_settlement,way,,,,,,
"{""visible"":false,""area"":""yes""}",,,,2,1723758615,1307480610,,,,residential,,irregular_settlement,way,,,,,,
"{""visible"":false,""area"":""yes""}",,,,1,1723552772,1307480618,,,,residential,,urban,way,,,,,,
"{""visible"":false,""area"":""yes""}",,,,1,1723552772,1307480619,,,,residential,,urban,way,,,,,,
"{""visible"":false,""area"":""yes""}",,,,1,1723559181,1307501868,,,,residential,,urban,way,,,,,,
"{""visible"":false,""area"":""yes""}",,,,1,1723559181,1307501869,,,,residential,,urban,way,,,,,,
"{""visible"":false,""area"":""yes""}",,,,1,1723559181,1307501873,,,,residential,,urban,way,,,,,,
"{""visible"":false,""area"":""yes""}",,,,1,1723559181,1307501890,,,,residential,,urban,way,,,,,,
"{""visible"":false,""area"":""yes""}",,,,1,1723559181,1307501894,,,,residential,,urban,way,,,,,,
"{""visible"":false,""area"":""yes""}",,,,1,1723559181,1307501904,,,,residential,,urban,way,,,,,,
"{""visible"":false,""area"":""yes""}",,,,1,1723559181,1307501919,,,,residential,,urban,way,,,,,,
"{""visible"":false,""area"":""yes""}",,,,1,1723559181,1307501921,,,,residential,,urban,way,,,,,,
"{""visible"":false,""area"":""yes""}",,,,2,1723758615,1307501922,,,,residential,,irregular_settlement,way,,,,,,
"{""visible"":false,""area"":""yes""}",,,,2,1734449797,1307501923,,,,residential,,urban,way,,,,,,
"{""visible"":false,""area"":""yes""}",,,,2,1723758615,1307501925,,,,residential,,irregular_settlement,way,,,,,,
"{""visible"":false,""area"":""yes""}",,,,2,1734449797,1307501926,,,,residential,,urban,way,,,,,,
"{""visible"":false,""area"":""yes""}",,,,2,1723758615,1307501929,,,,residential,,irregular_settlement,way,,,,,,
"{""visible"":false,""area"":""yes""}",,,,2,1734449797,1307501930,,,,residential,,urban,way,,,,,,
"{""visible"":false,""area"":""yes""}",,,,2,1723758615,1307501931,,,,residential,,irregular_settlement,way,,,,,,
"{""visible"":false,""area"":""yes""}",,,,2,1734449797,1307501932,,,,residential,,urban,way,,,,,,
"{""visible"":false,""area"":""yes""}",,,,2,1723758615,1307501933,,,,residential,,irregular_settlement,way,,,,,,
"{""visible"":false,""area"":""yes""}",,,,2,1734449797,1307501934,,,,residential,,urban,way,,,,,,
"{""visible"":false,""area"":""yes""}",,,,2,1723758615,1307501935,,,,residential,,irregular_settlement,way,,,,,,
"{""visible"":false,""area"":""yes""}",,,,1,1723559181,1307501937,,,,residential,,urban,way,,,,,,
"{""visible"":false,""area"":""yes""}",,,,2,1723758615,1307501938,,,,residential,,irregular_settlement,way,,,,,,
"{""visible"":false,""area"":""yes""}",,,,2,1734449797,1307501950,,,,residential,,urban,way,,,,,,
"{""visible"":false,""area"":""yes""}",,,,2,1734449797,1307501951,,,,residential,,urban,way,,,,,,
"{""visible"":false,""area"":""yes""}",,,,2,1734449797,1307501952,,,,residential,,urban,way,,,,,,
"{""visible"":false,""area"":""yes""}",,,,2,1734449797,1307501953,,,,residential,,urban,way,,,,,,
"{""visible"":false,""area"":""yes""}",,,,2,1723758615,1307501956,,,,residential,,irregular_settlement,way,,,,,,
"{""visible"":false,""area"":""yes""}",,,,2,1734449797,1307501959,,,,residential,,urban,way,,,,,,
"{""visible"":false,""area"":""yes""}",,,,1,1723711268,1307916509,,,,residential,,rural,way,,,,,,
"{""visible"":false,""area"":""yes""}",,,,2,1723758615,1307916510,,,,residential,,irregular_settlement,way,,,,,,
"{""visible"":false,""area"":""yes""}",,,,2,1723758615,1307916512,,,,residential,,irregular_settlement,way,,,,,,
"{""visible"":false,""area"":""yes""}",,,,2,1734449797,1307916513,,,,residential,,urban,way,,,,,,
"{""visible"":false,""area"":""yes""}",,,,2,1723758615,1307916514,,,,residential,,irregular_settlement,way,,,,,,
"{""visible"":false,""area"":""yes""}",,,,2,1734449797,1307916516,,,,residential,,urban,way,,,,,,
"{""visible"":false,""area"":""yes""}",,,,2,1723758615,1307916517,,,,residential,,irregular_settlement,way,,,,,,
"{""visible"":false,""area"":""yes""}",,,,2,1723758615,1307916525,,,,residential,,irregular_settlement,way,,,,,,
"{""visible"":false,""area"":""yes""}",,,,1,1723711268,1307916526,,,,residential,,urban,way,,,,,,
"{""visible"":false,""area"":""yes""}",,,,1,1723711268,1307916527,,,,residential,,urban,way,,,,,,
"{""visible"":false,""area"":""yes""}",,,,1,1723711268,1307916528,,,,residential,,urban,way,,,,,,
"{""visible"":false,""area"":""yes""}",,,,2,1723758615,1307916529,,,,residential,,irregular_settlement,way,,,,,,
"{""visible"":false,""area"":""yes""}",,,,1,1723711268,1307916530,,,,residential,,urban,way,,,,,,
"{""visible"":false,""area"":""yes""}",,,,2,1773394402,1307916531,,,,residential,,urban,way,,,,,,
"{""visible"":false,""area"":""yes""}",,,,1,1723711268,1307916532,,,,residential,,urban,way,,,,,,
"{""visible"":false,""area"":""yes""}",,,,2,1723758615,1307916533,,,,residential,,irregular_settlement,way,,,,,,
"{""visible"":false,""area"":""yes""}",,,,1,1723711268,1307916534,,,,residential,,urban,way,,,,,,
"{""visible"":false,""area"":""yes""}",,,,1,1723711268,1307916535,,,,residential,,urban,way,,,,,,
"{""visible"":false,""area"":""yes""}",,,,2,1723758615,1307916538,,,,residential,,irregular_settlement,way,,,,,,
"{""visible"":false,""area"":""yes""}",,,,1,1723711268,1307916540,,,,residential,,urban,way,,,,,,
"{""visible"":false,""area"":""yes""}",,,,2,1734449797,1308096238,,,,residential,,urban,way,,,,,,
"{""visible"":false}",,,,2,1734449797,1308750013,,,,residential,,urban,way,,,,,,
"{""visible"":false}",,,,2,1724056560,1308753260,,,,residential,,rural,way,,,,,,
"{""visible"":false}",,,,1,1724056560,1308757941,,,,residential,,irregular_settlement,way,,,,,,
"{""visible"":false}",,,,1,1724056560,1308757963,,,,residential,,rural,way,,,,,,
"{""visible"":false}",,,,1,1724059526,1308767477,,,,residential,,irregular_settlement,way,,,,,,
"{""visible"":false,""area"":""yes""}",,,,1,1724062708,1308778632,,,,residential,,urban,way,,,,,,
"{""visible"":false}",,,,1,1724069217,1308802186,,,,residential,,rural,way,,,,,,
"{""visible"":false}",,,,1,1724069217,1308802189,,,,residential,,rural,way,,,,,,
"{""visible"":false}",,,,2,1734449797,1308802220,,,,residential,,urban,way,,,,,,
"{""visible"":false}",,,,2,1734449797,1308802221,,,,residential,,urban,way,,,,,,
"{""visible"":false}",,,,1,1724070018,1308805066,,,,residential,,urban,way,,,,,,
"{""visible"":false}",,,,1,1724070018,1308805067,,,,residential,,rural,way,,,,,,
"{""visible"":false}",,,,1,1724070018,1308805068,,,,residential,,rural,way,,,,,,
"{""visible"":false}",,,,2,1734449797,1308805071,,,,residential,,urban,way,,,,,,
"{""visible"":false}",,,,1,1724070018,1308805072,,,,residential,,irregular_settlement,way,,,,,,
"{""visible"":false}",,,,1,1730473859,1329924111,,,,residential,,rural,way,,,,,,
"{""visible"":false}",,,,1,1730547273,1330146638,,,,residential,,rural,way,,,,,,
"{""visible"":false}",,,,1,1730547273,1330146639,,,,residential,,rural,way,,,,,,
"{""visible"":false}",,,,1,1730800842,1330865686,,,,residential,,rural,way,,,,,,
"{""visible"":false}",,,,1,1730871005,1331228276,,,,residential,,rural,way,,,,,,
"{""visible"":false}",,,,1,1730882400,1331288475,,,,residential,,rural,way,,,,,,
"{""visible"":false}",,,,1,1730882400,1331288476,,,,residential,,rural,way,,,,,,
"{""visible"":false}",,,,1,1730893095,1331346832,,,,residential,,irregular_settlement,way,,,,,,
"{""visible"":false}",,,,1,1730893708,1331350324,,,,residential,,rural,way,,,,,,
"{""visible"":false}",,,,1,1730893708,1331350325,,,,residential,,rural,way,,,,,,
"{""visible"":false}",,,,1,1730893708,1331350326,,,,residential,,rural,way,,,,,,
"{""visible"":false}",,,,1,1730968630,1331550076,,,,residential,,rural,way,,,,,,
"{""visible"":false}",,,,1,1730978657,1331579772,,,,residential,,rural,way,,,,,,
"{""visible"":false}",,,,1,1731046900,1331874669,,,,residential,,irregular_settlement,way,,,,,,
"{""visible"":false}",,,,1,1731051602,1331888309,,,,residential,,urban,way,,,,,,
"{""visible"":false}",,,,1,1731051602,1331888310,,,,residential,,rural,way,,,,,,
"{""visible"":false}",,,,1,1731056327,1331898885,,,,residential,,rural,way,,,,,,
"{""visible"":false}",,,,1,1731056327,1331898886,,,,residential,,rural,way,,,,,,
"{""visible"":false}",,,,1,1731056327,1331898887,,,,residential,,rural,way,,,,,,
"{""visible"":false}",,,,1,1731056327,1331898924,,,,residential,,urban,way,,,,,,
"{""visible"":false}",,,,1,1731062854,1331914829,,,,residential,,rural,way,,,,,,
"{""visible"":false}",,,,1,1731062854,1331914850,,,,residential,,rural,way,,,,,,
"{""visible"":false}",,,,1,1731062854,1331914851,,,,residential,,rural,way,,,,,,
"{""visible"":false}",,,,1,1731062854,1331914852,,,,residential,,rural,way,,,,,,
"{""visible"":false}",,,,1,1731314388,1332809530,,,,residential,,rural,way,,,,,,
"{""visible"":false}",,,,1,1731314388,1332809531,,,,residential,,rural,way,,,,,,
"{""visible"":false}",,,,1,1731401282,1333165114,,,,residential,,rural,way,,,,,,
"{""visible"":false}",,,,1,1731401282,1333165115,,,,residential,,rural,way,,,,,,
"{""visible"":false}",,,,1,1731401282,1333165117,,,,residential,,rural,way,,,,,,
"{""visible"":false}",,,,1,1731401282,1333165118,,,,residential,,rural,way,,,,,,
"{""visible"":false}",,,,1,1731401282,1333165119,,,,residential,,rural,way,,,,,,
"{""visible"":false}",,,,1,1731401282,1333165120,,,,residential,,rural,way,,,,,,
"{""visible"":false}",,,,1,1731401282,1333165121,,,,residential,,rural,way,,,,,,
"{""visible"":false}",,,,1,1731401282,1333165122,,,,residential,,rural,way,,,,,,
"{""visible"":false}",,,,1,1731407858,1333184731,,,,residential,,urban,way,,,,,,
"{""visible"":false}",,,,1,1731407858,1333184732,,,,residential,,urban,way,,,,,,
"{""visible"":false}",,,,1,1731409124,1333188786,,,,residential,,rural,way,,,,,,
"{""visible"":false}",,,,1,1731412431,1333198897,,,,residential,,rural,way,,,,,,
"{""visible"":false}",,,,1,1731412431,1333198943,,,,residential,,rural,way,,,,,,
"{""visible"":false}",,,,1,1731412431,1333198944,,,,residential,,rural,way,,,,,,
"{""visible"":false}",,,,1,1731413122,1333201404,,,,residential,,rural,way,,,,,,
"{""visible"":false}",,,,1,1731579613,1333693586,,,,residential,,rural,way,,,,,,
"{""visible"":false}",,,,1,1732093528,1335908573,,,,residential,,rural,way,,,,,,
"{""visible"":false}",,,,1,1732093528,1335908574,,,,residential,,rural,way,,,,,,
"{""visible"":false}",,,,1,1732093528,1335908575,,,,residential,,rural,way,,,,,,
"{""visible"":false}",,,,1,1732093528,1335908576,,,,residential,,rural,way,,,,,,
"{""visible"":false}",,,,1,1732093528,1335908577,,,,residential,,rural,way,,,,,,
"{""visible"":false}",,,,1,1732093528,1335908578,,,,residential,,rural,way,,,,,,
"{""visible"":false}",,,,1,1732093528,1335908579,,,,residential,,rural,way,,,,,,
"{""visible"":false}",,,,1,1732093528,1335908580,,,,residential,,urban,way,,,,,,
"{""visible"":false}",,,,1,1732093528,1335908581,,,,residential,,urban,way,,,,,,
"{""visible"":false}",,,,1,1732093528,1335908582,,,,residential,,rural,way,,,,,,
"{""visible"":false}",,,,1,1732093528,1335908590,,,,residential,,urban,way,,,,,,
"{""visible"":false}",,,,1,1732093528,1335908591,,,,residential,,urban,way,,,,,,
"{""visible"":false}",,,,1,1732093528,1335908592,,,,residential,,rural,way,,,,,,
"{""visible"":false}",,,,1,1732093528,1335908593,,,,residential,,urban,way,,,,,,
"{""visible"":false}",,,,1,1732093528,1335908596,,,,residential,,rural,way,,,,,,
"{""visible"":false}",,,,1,1732093528,1335908597,,,,residential,,urban,way,,,,,,
"{""visible"":false}",,,,1,1732093528,1335908601,,,,residential,,rural,way,,,,,,
"{""visible"":false}",,,,1,1732093528,1335908603,,,,residential,,rural,way,,,,,,
"{""visible"":false}",,,,1,1732098656,1335922907,,,,residential,,rural,way,,,,,,
"{""visible"":false}",,,,1,1732098656,1335922909,,,,residential,,urban,way,,,,,,
"{""visible"":false}",,,,1,1732098656,1335922910,,,,residential,,rural,way,,,,,,
"{""visible"":false}",,,,1,1732098656,1335922911,,,,residential,,rural,way,,,,,,
"{""visible"":false}",,,,1,1732098656,1335922921,,,,residential,,urban,way,,,,,,
"{""visible"":false}",,,,1,1732098656,1335922922,,,,residential,,rural,way,,,,,,
"{""visible"":false}",,,,1,1732098656,1335922930,,,,residential,,urban,way,,,,,,
"{""visible"":false}",,,,1,1732098656,1335922933,,,,residential,,urban,way,,,,,,
"{""visible"":false}",,,,1,1732098656,1335922935,,,,residential,,rural,way,,,,,,
"{""visible"":false}",,,,1,1732098656,1335922936,,,,residential,,rural,way,,,,,,
"{""visible"":false}",,,,1,1732098656,1335922937,,,,residential,,rural,way,,,,,,
"{""visible"":false}",,,,1,1732098656,1335922952,,,,residential,,urban,way,,,,,,
"{""visible"":false}",,,,1,1732098656,1335922953,,,,residential,,rural,way,,,,,,
"{""visible"":false}",,,,1,1732098656,1335922954,,,,residential,,rural,way,,,,,,
"{""visible"":false}",,,,1,1732098656,1335922955,,,,residential,,rural,way,,,,,,
"{""visible"":false}",,,,1,1732100236,1335927385,,,,residential,,urban,way,,,,,,
"{""visible"":false}",,,,1,1732100236,1335927419,,,,residential,,rural,way,,,,,,
"{""visible"":false}",,,,1,1732100795,1335928725,,,,residential,,urban,way,,,,,,
"{""visible"":false}",,,,1,1732100795,1335928735,,,,residential,,urban,way,,,,,,
"{""visible"":false}",,,,1,1732100795,1335928736,,,,residential,,urban,way,,,,,,
"{""visible"":false}",,,,1,1732100795,1335928738,,,,residential,,rural,way,,,,,,
"{""visible"":false}",,,,1,1732107969,1335953910,,,,residential,,rural,way,,,,,,
"{""visible"":false}",,,,1,1732255314,1336748409,,,,residential,,urban,way,,,,,,
"{""visible"":false}",,,,2,1752996222,1336750500,,,,residential,,urban,way,,,,,,
"{""visible"":false}",,,,1,1732261239,1336760624,,,,residential,,urban,way,,,,,,
"{""visible"":false}",,,,1,1732261239,1336760625,,,,residential,,rural,way,,,,,,
"{""visible"":false}",,,,1,1732261239,1336760626,,,,residential,,rural,way,,,,,,
"{""visible"":false}",,,,1,1732261239,1336760662,,,,residential,,urban,way,,,,,,
"{""visible"":false}",,,,1,1732261239,1336760675,,,,residential,,urban,way,,,,,,
"{""visible"":false}",,,,1,1732261664,1336761569,,,,residential,,rural,way,,,,,,
"{""visible"":false}",,,,1,1732261664,1336761571,,,,residential,,irregular_settlement,way,,,,,,
"{""visible"":false}",,,,1,1732276200,1336811615,,,,residential,,rural,way,,,,,,
"{""visible"":false}",,,,1,1732349456,1337076033,,,,residential,,rural,way,,,,,,
"{""visible"":false}",,,,1,1732349456,1337076034,,,,residential,,urban,way,,,,,,
"{""visible"":false}",,,,1,1732349456,1337076035,,,,residential,,rural,way,,,,,,
"{""visible"":false}",,,,1,1732349456,1337076074,,,,residential,,urban,way,,,,,,
"{""visible"":false}",,,,1,1732349456,1337076075,,,,residential,,rural,way,,,,,,
"{""visible"":false}",,,,1,1732349456,1337076076,,,,residential,,urban,way,,,,,,
"{""visible"":false}",,,,1,1732350803,1337080363,,,,residential,,urban,way,,,,,,
"{""visible"":false}",,,,1,1732371133,1337159398,,,,residential,,urban,way,,,,,,
"{""visible"":false}",,,,1,1732371133,1337159399,,,,residential,,rural,way,,,,,,
"{""visible"":false}",,,,1,1732371133,1337159416,,,,residential,,irregular_settlement,way,,,,,,
"{""visible"":false}",,,,2,1733059650,1337452930,,,,residential,,rural,way,,,,,,
"{""visible"":false}",,,,1,1732610816,1337941447,,,,residential,,rural,way,,,,,,
"{""visible"":false}",,,,1,1732610816,1337941448,,,,residential,,irregular_settlement,way,,,,,,
"{""visible"":false}",,,,1,1732610816,1337941456,,,,residential,,rural,way,,,,,,
"{""visible"":false}",,,,1,1732610816,1337941457,,,,residential,,irregular_settlement,way,,,,,,
"{""visible"":false}",,,,1,1732610816,1337941461,,,,residential,,rural,way,,,,,,
"{""visible"":false}",,,,1,1732610816,1337941474,,,,residential,,urban,way,,,,,,
"{""visible"":false}",,,,1,1732610816,1337941475,,,,residential,,rural,way,,,,,,
"{""visible"":false}",,,,1,1732613634,1337950123,,,,residential,,rural,way,,,,,,
"{""visible"":false}",,,,1,1732613634,1337950124,,,,residential,,rural,way,,,,,,
"{""visible"":false}",,,,1,1732613634,1337950125,,,,residential,,rural,way,,,,,,
"{""visible"":false}",,,,1,1732613634,1337950126,,,,residential,,rural,way,,,,,,
"{""visible"":false}",,,,1,1732613634,1337950136,,,,residential,,rural,way,,,,,,
"{""visible"":false}",,,,1,1732613634,1337950137,,,,residential,,rural,way,,,,,,
"{""visible"":false}",,,,1,1732613634,1337950140,,,,residential,,urban,way,,,,,,
"{""visible"":false}",,,,1,1732613634,1337950145,,,,residential,,urban,way,,,,,,
"{""visible"":false}",,,,1,1732613634,1337950146,,,,residential,,irregular_settlement,way,,,,,,
"{""visible"":false}",,,,1,1732619094,1337966482,,,,residential,,rural,way,,,,,,
"{""visible"":false,""area"":""yes""}",,,,1,1732619094,1337966483,,,,residential,,rural,way,,,,,,
"{""visible"":false}",,,,1,1732619094,1337966484,,,,residential,,rural,way,,,,,,
"{""visible"":false,""area"":""yes""}",,,,1,1732619094,1337966485,,,,residential,,rural,way,,,,,,
"{""visible"":false}",,,,1,1732619094,1337966488,,,,residential,,urban,way,,,,,,
"{""visible"":false}",,,,1,1732619094,1337966517,,,,residential,,urban,way,,,,,,
"{""visible"":false}",,,,1,1732619094,1337966530,,,,residential,,urban,way,,,,,,
"{""visible"":false}",,,,1,1732619094,1337966531,,,,residential,,rural,way,,,,,,
"{""visible"":false}",,,,1,1732619094,1337966533,,,,residential,,rural,way,,,,,,
"{""visible"":false}",,,,1,1732619094,1337966534,,,,residential,,rural,way,,,,,,
"{""visible"":false}",,,,1,1732619094,1337966535,,,,residential,,urban,way,,,,,,
"{""visible"":false}",,,,1,1732619094,1337966536,,,,residential,,urban,way,,,,,,
"{""visible"":false}",,,,1,1732619094,1337966543,,,,residential,,urban,way,,,,,,
"{""visible"":false}",,,,1,1732619094,1337966544,,,,residential,,rural,way,,,,,,
"{""visible"":false}",,,,1,1732619094,1337966547,,,,residential,,rural,way,,,,,,
"{""visible"":false}",,,,1,1732622024,1337975487,,,,residential,,rural,way,,,,,,
"{""visible"":false}",,,,1,1732622024,1337975491,,,,residential,,rural,way,,,,,,
"{""visible"":false}",,,,1,1732622024,1337975492,,,,residential,,rural,way,,,,,,
"{""visible"":false}",,,,1,1732622024,1337975494,,,,residential,,rural,way,,,,,,
"{""visible"":false}",,,,1,1732622024,1337975495,,,,residential,,urban,way,,,,,,
"{""visible"":false}",,,,1,1732622024,1337975496,,,,residential,,rural,way,,,,,,
"{""visible"":false}",,,,1,1732622024,1337975502,,,,residential,,urban,way,,,,,,
"{""visible"":false}",,,,1,1732622024,1337975503,,,,residential,,rural,way,,,,,,
"{""visible"":false}",,,,1,1732622024,1337975504,,,,residential,,urban,way,,,,,,
"{""visible"":false}",,,,1,1732622024,1337975505,,,,residential,,rural,way,,,,,,
"{""visible"":false}",,,,1,1732622024,1337975507,,,,residential,,rural,way,,,,,,
"{""visible"":false}",,,,2,1747597935,1338209794,,,,residential,,urban,way,,,,,,
"{""visible"":false}",,,,1,1732688333,1338209795,,,,residential,,urban,way,,,,,,
"{""visible"":false}",,,,1,1732688333,1338209796,,,,residential,,rural,way,,,,,,
"{""visible"":false}",,,,1,1732688333,1338209809,,,,residential,,rural,way,,,,,,
"{""visible"":false}",,,,1,1732688333,1338209810,,,,residential,,urban,way,,,,,,
"{""visible"":false}",,,,1,1732688333,1338209812,,,,residential,,urban,way,,,,,,
"{""visible"":false}",,,,3,1744380692,1339224133,,,,residential,,rural,way,,,,,,
"{""visible"":false}",,,,2,1733738772,1339224143,,,,residential,,rural,way,,,,,,
"{""visible"":false}",,,,3,1743944083,1339224144,,,,residential,,rural,way,,,,,,
"{""visible"":false}",,,,2,1733738772,1339224145,,,,residential,,rural,way,,,,,,
"{""visible"":false}",,,,2,1743931094,1339224146,,,,residential,,rural,way,,,,,,
"{""visible"":false}",,,,1,1733059650,1339224147,,,,residential,,rural,way,,,,,,
"{""visible"":false,""name"":""Vallabhpark row house""}",,,,1,1733396718,1340257802,,,,residential,,urban,way,,,,,,
"{""visible"":false,""addr:city"":""Ahmedabad"",""addr:postcode"":""382421"",""addr:street"":""Magnate Street"",""name"":""Magnate Lavish""}",,,,1,1738356422,1355784337,,,,residential,,apartments,way,,,,,,
"{""visible"":false,""name"":""Tremont Group"",""website"":""https://tremontinfra.com/tremontgroup/""}",,,,2,1763105478,1368330295,,,,residential,,,way,,,,,,
"{""visible"":false,""name"":""Ratna Paradise""}",,,,1,1742197500,1368330299,,,,residential,,,way,,,,,,
"{""visible"":false,""name"":""Malabar Exotica""}",,,,1,1742197500,1368330315,,,,residential,,,way,,,,,,
"{""visible"":false,""addr:city"":""Ahmedabad"",""addr:postcode"":""380015"",""addr:street"":""Corporate road"",""name"":""Royal Orchid""}",,,,1,1749108580,1392285477,,,,residential,,apartments,way,,,,,,
"{""visible"":false}",,,,1,1749827516,1395010760,,,,residential,,,way,,,,,,
"{""visible"":false,""alt_name"":""Devbhoomi Society"",""alt_name:1"":""Devbhumi Bunglows"",""alt_name:2"":""Devbhoomi Bunglows"",""name"":""Devbhumi Society"",""name:gu"":""\u0AA6\u0AC7\u0AB5\u0AAD\u0AC2\u0AAE\u0AC0 \u0AB8\u0ACB\u0AB8\u0ABE\u0AAF\u0A9F\u0AC0""}",,,,1,1756700891,1426329709,,,,residential,,gated,way,,,,,,
"{""visible"":false,""addr:city"":""Ahmedabad"",""addr:district"":""Ahmedabad"",""addr:postcode"":""380060"",""addr:street"":""Heritage Bunglows"",""name"":""Harmony Status""}",,,,1,1759834091,1436156191,,,,residential,,apartments,way,,,,,,
"{""visible"":false,""name"":""Gulfam Raw House""}",,,,1,1761322116,1444544978,,,,residential,,duplex,way,,,,,,
"{""visible"":false,""name"":""Gulshan Row House""}",,,,1,1761322373,1444545743,,,,residential,,duplex,way,,,,,,
"{""visible"":false,""name"":""Kalasagar Heights""}",,,,1,1768228232,1466485196,,,,residential,,apartments,way,,,,,,
"{""visible"":false,""name"":""Dipawali Society""}",,,,1,1768228232,1466485197,,,,residential,,,way,,,,,,
"{""visible"":false}",,,,1,1768923151,1468773726,,,,residential,,,way,,,,,,
"{""visible"":false,""name"":""Dwarkapuri society""}",,,,1,1769773975,1472671803,,,,residential,,block,way,,,,,,
"{""visible"":false}",,,,1,1772032143,1482917208,,,,residential,,apartments,way,,,,,,
"{""visible"":false}",,,,1,1772032891,1482920019,,,,residential,,apartments,way,,,,,,
"{""visible"":false,""name"":""Green Part Society Part II""}",,,,1,1773375271,1488485678,,,,residential,,,way,,,,,,
"{""visible"":false,""name"":""Samir Duplex""}",,,,1,1773654810,1489394828,,,,residential,,duplex,way,,,,,,
"{""visible"":false,""name"":""Saral Sapphire""}",,,,1,1783375262,1536018162,,,,residential,,gated,way,,,,,,
"{""visible"":false,""name"":""Madhav Raj Bunglows""}",,,,1,1783375262,1536018163,,,,residential,,gated,way,,,,,,
"{""visible"":false,""name"":""Radhe Krishna Heritage""}",,,,1,1783375262,1536018164,,,,residential,,apartments,way,,,,,,
"{""visible"":false,""name"":""Vedant Skyline""}",,,,1,1783375262,1536018165,,,,residential,,apartments,way,,,,,,
"{""visible"":false,""addr:city"":""AHMEDABAD"",""addr:housenumber"":""Samprat Residence"",""addr:postcode"":""380054"",""addr:street"":""DPS-Bopal Road"",""building"":""residential"",""building:colour"":""#f4c085"",""building:levels"":""5"",""name"":""Samprat Residence""}",,,,1,1783789816,1537519295,,,,residential,,,way,,,,,,
"{""visible"":false,""addr:city"":""AHMEDABAD"",""addr:housenumber"":""Samprat Residence"",""addr:postcode"":""380054"",""addr:street"":""DPS-Bopal Road"",""building"":""residential"",""building:colour"":""#f4c085"",""building:levels"":""5"",""name"":""Samprat Residence""}",,,,1,1783789816,1537519296,,,,residential,,,way,,,,,,
"{""visible"":false,""addr:city"":""AHMEDABAD"",""addr:housenumber"":""Samprat Residence"",""addr:postcode"":""380054"",""addr:street"":""DPS-Bopal Road"",""building"":""residential"",""building:colour"":""#f4c085"",""building:levels"":""5"",""name"":""Samprat Residence""}",,,,1,1783789816,1537519297,,,,residential,,,way,,,,,,
"{""visible"":false,""name"":""Shivalik Greenview""}",,,,1,1784279317,1539982391,,,,residential,,,way,,,,,,
"{""name"":""Simandhar City"",""type"":""multipolygon"",""members"":[{""member_id"":547612938,""member_type"":""way"",""member_role"":""outer""},{""member_id"":583410366,""member_type"":""way"",""member_role"":""outer""}]}",,,,2,1637266436,8245006,0.0,,,residential,,gated,relation,,,,,,
"{""type"":""multipolygon"",""members"":[{""member_id"":336335763,""member_type"":""way"",""member_role"":""outer""}]}",,,,2,1721912550,8973933,0.0,,,residential,,rural,relation,,,,,,
"{""type"":""multipolygon"",""members"":[{""member_id"":1241921152,""member_type"":""way"",""member_role"":""outer""}]}",,,,1,1705923253,17065092,0.0,,,residential,,apartments,relation,,,,,,
"{""name"":""Sector 5"",""type"":""multipolygon"",""members"":[{""member_id"":583602821,""member_type"":""way"",""member_role"":""outer""},{""member_id"":1474182439,""member_type"":""way"",""member_role"":""outer""}]}",,,,1,1770215770,20172199,0.0,,,residential,,gated,relation,,,,,,
